Open Time,Type,Lots,Symbol,Open Price,Close Time,Close Price,Commission,Swap,Net Pips,Net Profit,Max Profit,Max Pips,Max Loss,Max Loss Pips,Magic Number,Comment,Holding Time (Hours),Holding Time
01/01/1970 00:00:00,balance,0.00,,0.00000,,0.00000,0.00,0.00,0.00,0.00,0.00,0.00,0.00,0.00,0,,0.00,0.00hrs
23/06/2026 07:58:07,buy,0.34,AUDUSD,0.69670,26/06/2026 05:21:02,0.68793,-2.04,1.01,-87.70,-299.21,1.36,1.00,-310.09,-90.90,4627,SMA Buy 4627,69.38,2.89days
17/06/2026 22:10:01,buy,0.07,AUDUSD,0.70281,26/06/2026 05:21:01,0.68790,-0.42,0.46,-149.10,-104.33,8.59,12.80,-106.36,-152.00,4627,SMA Buy 4627,199.18,8.30days
24/06/2026 05:46:13,buy,0.77,AUDUSD,0.69099,26/06/2026 05:21:00,0.68789,-4.62,1.85,-31.00,-241.47,125.67,16.80,-263.03,-33.80,4627,SMA Buy 4627,47.58,1.98days
17/06/2026 22:38:48,buy,0.15,AUDUSD,0.69974,26/06/2026 05:21:00,0.68788,-0.90,1.03,-118.60,-177.77,64.46,43.50,-181.82,-121.30,4627,SMA Buy 4627,198.70,8.28days
24/06/2026 11:13:12,buy,1.15,AUDUSD,0.68939,26/06/2026 05:20:59,0.68785,-6.90,2.76,-15.40,-181.24,371.68,32.80,-181.24,-15.40,4627,SMA Buy 4627,42.13,1.76days
16/06/2026 05:05:07,buy,0.03,AUDUSD,0.70588,26/06/2026 05:20:59,0.68788,-0.18,0.23,-180.00,-53.95,5.91,20.30,-54.04,-180.30,4627,SMA Buy 4627,240.26,10.01days
23/06/2026 09:39:22,buy,0.51,AUDUSD,0.69514,26/06/2026 05:20:58,0.68785,-3.06,1.54,-72.90,-373.31,50.49,10.50,-373.31,-72.90,4627,SMA Buy 4627,67.69,2.82days
23/06/2026 04:45:24,buy,0.23,AUDUSD,0.69825,26/06/2026 05:20:58,0.68783,-1.38,0.69,-104.20,-240.35,6.90,3.60,-240.35,-104.20,4627,SMA Buy 4627,72.59,3.02days
17/06/2026 22:23:20,buy,0.10,AUDUSD,0.70130,26/06/2026 05:20:57,0.68783,-0.60,0.67,-134.70,-134.63,27.37,27.90,-134.63,-134.70,4627,SMA Buy 4627,198.96,8.29days
16/06/2026 08:49:27,buy,0.05,AUDUSD,0.70439,26/06/2026 05:20:57,0.68782,-0.30,0.37,-165.70,-82.78,17.30,35.20,-82.78,-165.70,4627,SMA Buy 4627,236.53,9.86days
15/06/2026 17:30:01,buy,0.02,AUDUSD,0.70743,26/06/2026 05:20:56,0.68774,-0.12,0.15,-196.90,-39.35,2.58,13.50,-39.35,-196.90,4627,SMA Buy 4627,251.85,10.49days
20/06/2026 00:00:00,balance,0.00,,0.00000,20/06/2026 00:00:00,0.00000,0.00,0.00,0.00,-0.30,0.00,0.00,0.00,0.00,0,Signals Page Fixed,0.00,0.00hrs
19/05/2026 09:04:09,sell,0.34,CADJPY,115.72000,10/06/2026 16:04:58,115.14700,-2.04,-30.27,57.30,89.12,215.86,114.30,-32.31,-5.70,4627,SMA Sell 4627[batchClose],535.01,22.29days
15/05/2026 19:43:32,sell,0.23,CADJPY,115.53200,10/06/2026 16:04:58,115.14600,-1.38,-22.30,38.60,31.65,117.17,95.50,-39.57,-24.50,4627,SMA Sell 4627[batchClose],620.36,25.85days
14/05/2026 22:55:03,sell,0.15,CADJPY,115.38100,10/06/2026 16:04:58,115.14700,-0.90,-15.15,23.40,5.83,61.64,80.40,-40.61,-39.60,4627,SMA Sell 4627[batchClose],641.17,26.72days
13/05/2026 05:14:26,sell,0.10,CADJPY,115.23100,10/06/2026 16:04:58,115.14700,-0.60,-11.27,8.40,-6.63,33.90,65.40,-37.08,-54.60,4627,SMA Sell 4627[batchClose],682.84,28.45days
12/05/2026 04:30:15,sell,0.07,CADJPY,115.07700,10/06/2026 16:04:58,115.14700,-0.42,-8.21,-7.00,-11.68,23.74,54.10,-33.41,-70.00,4627,SMA Sell 4627[batchClose],707.58,29.48days
11/05/2026 10:40:02,sell,0.05,CADJPY,114.92800,10/06/2026 16:04:58,115.14600,-0.30,-6.08,-21.80,-13.17,12.02,39.20,-28.74,-84.90,4627,SMA Sell 4627[batchClose],725.42,30.23days
11/05/2026 03:34:47,sell,0.03,CADJPY,114.71200,10/06/2026 16:04:58,115.14700,-0.18,-3.62,-43.50,-11.94,3.08,17.60,-21.31,-106.50,4627,SMA Sell 4627[batchClose],732.50,30.52days
08/05/2026 18:10:33,sell,0.02,CADJPY,114.38400,10/06/2026 16:04:58,115.14700,-0.12,-2.49,-76.30,-12.12,0.11,1.80,-18.40,-139.30,4627,SMA Sell 4627[batchClose],789.91,32.91days
08/06/2026 14:21:28,sell,0.03,AUDUSD,0.70772,09/06/2026 18:50:03,0.70324,-0.18,-0.06,44.80,13.20,16.38,55.40,-0.51,-1.10,4627,SMA Sell 4627,28.48,1.19days
05/06/2026 18:48:07,sell,0.02,AUDUSD,0.70622,09/06/2026 18:50:03,0.70323,-0.12,-0.08,29.90,5.78,7.88,40.40,-3.36,-16.00,4627,SMA Sell 4627,96.03,4.00days
04/06/2026 12:57:03,sell,0.02,AUDUSD,0.71355,05/06/2026 17:48:06,0.70767,-0.12,-0.04,60.30,11.60,13.66,69.10,-2.84,-13.60,4627,SMA Sell 4627,28.85,1.20days
28/05/2026 06:32:32,buy,0.07,AUDJPY,113.43600,29/05/2026 09:35:59,114.02400,-0.42,0.12,58.80,25.54,32.26,74.10,-7.97,-17.20,4627,SMA Buy 4627,27.06,1.13days
27/05/2026 10:40:04,buy,0.03,AUDJPY,113.77800,29/05/2026 09:35:59,114.02400,-0.18,0.20,24.60,4.65,7.53,39.90,-9.75,-51.40,4627,SMA Buy 4627,46.93,1.96days
28/05/2026 07:21:52,buy,0.10,AUDJPY,113.28800,29/05/2026 09:35:58,114.02400,-0.60,0.17,73.60,45.77,55.37,88.90,-2.10,-2.40,4627,SMA Buy 4627,26.23,1.09days
27/05/2026 15:15:40,buy,0.05,AUDJPY,113.59500,29/05/2026 09:35:58,114.02400,-0.30,0.33,42.90,13.50,18.30,58.20,-10.51,-33.10,4627,SMA Buy 4627,42.34,1.76days
25/05/2026 16:00:01,buy,0.02,AUDJPY,113.93400,29/05/2026 09:35:57,114.02200,-0.12,0.19,8.80,1.18,5.14,40.90,-8.36,-67.00,4627,SMA Buy 4627,89.60,3.73days
28/05/2026 07:03:28,buy,0.15,AUDUSD,0.70984,29/05/2026 04:03:38,0.71567,-0.90,0.10,58.30,86.65,105.15,70.70,-2.85,-1.30,4627,SMA Buy 4627,21.00,21.00hrs
28/05/2026 03:31:16,buy,0.07,AUDUSD,0.71290,29/05/2026 04:03:38,0.71567,-0.42,0.05,27.70,19.02,27.65,40.10,-22.75,-31.90,4627,SMA Buy 4627,24.54,1.02days
28/05/2026 06:18:58,buy,0.10,AUDUSD,0.71135,29/05/2026 04:03:37,0.71566,-0.60,0.07,43.10,42.57,55.00,55.60,-17.00,-16.40,4627,SMA Buy 4627,21.74,21.74hrs
26/05/2026 07:59:26,buy,0.03,AUDUSD,0.71614,29/05/2026 04:03:37,0.71566,-0.18,0.10,-4.80,-1.52,5.16,17.60,-19.39,-64.30,4627,SMA Buy 4627,68.07,2.84days
27/05/2026 09:59:00,buy,0.05,AUDUSD,0.71462,29/05/2026 04:03:36,0.71566,-0.30,0.13,10.40,5.03,11.22,22.90,-24.79,-49.10,4627,SMA Buy 4627,42.08,1.75days
25/05/2026 20:30:01,buy,0.02,AUDUSD,0.71764,29/05/2026 04:03:36,0.71567,-0.12,0.07,-19.70,-3.99,0.45,2.60,-15.92,-79.30,4627,SMA Buy 4627,79.56,3.31days
20/05/2026 17:55:32,sell,0.07,AUDUSD,0.71546,21/05/2026 10:50:58,0.71187,-0.42,-0.44,35.90,24.27,37.29,54.50,-14.07,-19.50,4627,SMA Sell 4627,16.92,16.92hrs
20/05/2026 13:35:47,sell,0.03,AUDUSD,0.71231,21/05/2026 10:50:58,0.71188,-0.18,-0.19,4.30,0.92,6.53,23.00,-15.48,-51.00,4627,SMA Sell 4627,21.25,21.25hrs
20/05/2026 18:16:13,sell,0.10,AUDUSD,0.71697,21/05/2026 10:50:57,0.71187,-0.60,-0.62,51.00,49.78,68.38,69.60,-5.70,-5.10,4627,SMA Sell 4627,16.58,16.58hrs
20/05/2026 17:16:57,sell,0.05,AUDUSD,0.71394,21/05/2026 10:50:57,0.71188,-0.30,-0.31,20.60,9.69,19.04,39.30,-17.65,-34.70,4627,SMA Sell 4627,17.57,17.57hrs
19/05/2026 19:30:59,sell,0.02,AUDUSD,0.71077,21/05/2026 10:50:56,0.71188,-0.12,-0.16,-11.10,-2.50,3.90,20.70,-13.52,-66.40,4627,SMA Sell 4627,39.33,1.64days
19/05/2026 15:41:26,buy,0.34,AUDJPY,113.06000,20/05/2026 18:25:11,113.66400,-2.04,0.59,60.40,127.92,158.59,74.70,-94.44,-43.20,4627,SMA Buy 4627,26.73,1.11days
14/05/2026 16:44:55,buy,0.07,AUDJPY,113.87400,20/05/2026 18:25:11,113.66300,-0.42,0.48,-21.10,-9.25,22.68,52.10,-55.05,-124.60,4627,SMA Buy 4627,145.67,6.07days
19/05/2026 17:41:31,buy,0.77,AUDJPY,112.75200,20/05/2026 18:25:10,113.66300,-4.62,1.33,91.10,438.62,508.60,105.50,-64.69,-12.40,4627,SMA Buy 4627,24.73,1.03days
19/05/2026 05:07:25,buy,0.15,AUDJPY,113.50200,20/05/2026 18:25:10,113.65800,-0.90,0.26,15.60,14.10,28.19,30.50,-83.38,-87.40,4627,SMA Buy 4627,37.30,1.55days
19/05/2026 17:16:40,buy,0.51,AUDJPY,112.90800,20/05/2026 18:25:09,113.65100,-3.06,0.88,74.30,236.53,286.73,89.90,-92.90,-28.00,4627,SMA Buy 4627,25.14,1.05days
14/05/2026 16:21:18,buy,0.03,AUDJPY,114.20300,20/05/2026 18:25:09,113.65800,-0.18,0.20,-54.50,-10.28,3.49,19.20,-29.81,-157.50,4627,SMA Buy 4627,146.06,6.09days
19/05/2026 07:48:08,buy,0.23,AUDJPY,113.32900,20/05/2026 18:25:08,113.65100,-1.38,0.40,32.20,45.68,68.30,47.80,-102.81,-70.10,4627,SMA Buy 4627,34.62,1.44days
19/05/2026 04:21:58,buy,0.10,AUDJPY,113.64700,20/05/2026 18:25:07,113.65200,-0.60,0.17,0.50,-0.11,9.65,16.00,-64.71,-101.90,4627,SMA Buy 4627,38.05,1.59days
14/05/2026 16:44:26,buy,0.05,AUDJPY,114.04900,20/05/2026 18:25:07,113.65000,-0.30,0.34,-39.90,-12.53,10.68,34.60,-44.83,-142.10,4627,SMA Buy 4627,145.68,6.07days
13/05/2026 16:30:07,buy,0.02,AUDJPY,114.34900,20/05/2026 18:25:06,113.65100,-0.12,0.22,-69.80,-8.70,4.71,38.10,-21.65,-172.10,4627,SMA Buy 4627,169.92,7.08days
19/05/2026 04:57:06,sell,0.02,AUDUSD,0.71460,19/05/2026 18:30:58,0.70899,-0.12,0.00,56.10,11.10,13.16,66.40,-0.60,-2.40,4627,SMA Sell 4627,13.56,13.56hrs
15/05/2026 12:19:21,buy,0.23,AUDJPY,113.20600,18/05/2026 19:13:39,113.72800,-1.38,0.38,52.20,74.61,109.75,76.40,-13.89,-8.90,4627,SMA Buy 4627,78.91,3.29days
15/05/2026 08:47:52,buy,0.15,AUDJPY,113.56800,18/05/2026 19:13:29,113.73200,-0.90,0.25,16.40,14.84,37.36,40.20,-43.23,-45.10,4627,SMA Buy 4627,82.43,3.43days
15/05/2026 08:07:55,buy,0.10,AUDJPY,113.72200,18/05/2026 19:13:25,113.73200,-0.60,0.17,1.00,0.20,15.20,24.80,-38.51,-60.50,4627,SMA Buy 4627,83.09,3.46days
15/05/2026 10:30:00,sell,0.02,AUDUSD,0.71729,18/05/2026 04:51:13,0.71295,-0.12,-0.04,43.40,8.52,10.68,54.20,-1.58,-7.30,4627,SMA Sell 4627,66.35,2.76days
12/05/2026 08:55:59,buy,0.03,AUDJPY,113.53200,13/05/2026 15:30:07,114.27300,-0.18,0.05,74.10,13.95,16.78,88.90,-2.52,-12.20,4627,SMA Buy 4627,30.57,1.27days
11/05/2026 14:30:01,buy,0.02,AUDJPY,113.84500,13/05/2026 15:30:06,114.26900,-0.12,0.06,42.40,5.31,7.24,57.60,-5.66,-43.50,4627,SMA Buy 4627,49.00,2.04days
07/05/2026 21:44:44,buy,0.03,AUDUSD,0.72232,11/05/2026 19:42:42,0.72493,-0.18,0.02,26.10,7.67,10.58,35.80,-7.28,-23.70,4627,SMA Buy 4627,93.97,3.92days
07/05/2026 23:37:52,buy,0.05,AUDUSD,0.72076,11/05/2026 19:42:41,0.72491,-0.30,0.04,41.50,20.49,25.44,51.40,-4.33,-8.10,4627,SMA Buy 4627,92.08,3.84days
06/05/2026 10:30:01,buy,0.02,AUDUSD,0.72386,11/05/2026 19:42:41,0.72489,-0.12,0.05,10.30,1.99,7.58,38.50,-7.91,-39.10,4627,SMA Buy 4627,129.21,5.38days
07/05/2026 20:35:25,sell,0.05,CADJPY,115.02200,08/05/2026 17:10:33,114.33100,-0.30,-0.21,69.10,21.54,26.62,84.90,-0.62,-1.00,4627,SMA Sell 4627,20.59,20.59hrs
07/05/2026 19:18:05,sell,0.03,CADJPY,114.87100,08/05/2026 17:10:33,114.33800,-0.18,-0.13,53.30,9.89,13.07,69.80,-3.26,-16.10,4627,SMA Sell 4627,21.87,21.87hrs
07/05/2026 01:01:00,sell,0.02,CADJPY,114.67100,08/05/2026 17:10:32,114.33000,-0.12,-0.08,34.10,4.16,6.16,49.80,-4.72,-36.10,4627,SMA Sell 4627,40.16,1.67days
06/05/2026 07:46:16,buy,0.34,CADJPY,114.66700,06/05/2026 10:46:11,115.04000,-2.04,0.00,37.30,79.04,107.71,50.50,-123.54,-55.40,4627,SMA Buy 4627,3.00,3.00hrs
04/05/2026 21:59:35,buy,0.07,CADJPY,115.31200,06/05/2026 10:46:11,115.03900,-0.42,0.14,-27.30,-12.50,34.22,77.80,-54.42,-119.90,4627,SMA Buy 4627,36.78,1.53days
06/05/2026 07:50:31,buy,0.77,CADJPY,114.36600,06/05/2026 10:46:10,115.04200,-4.62,0.00,67.60,328.15,392.07,80.60,-130.28,-25.30,4627,SMA Buy 4627,2.93,2.93hrs
06/05/2026 07:32:53,buy,0.15,CADJPY,114.98500,06/05/2026 10:46:10,115.04300,-0.90,0.00,5.80,4.66,17.03,18.70,-85.27,-87.20,4627,SMA Buy 4627,3.22,3.22hrs
06/05/2026 07:52:03,buy,1.15,CADJPY,114.21000,06/05/2026 10:46:09,115.04300,-6.90,0.00,83.30,605.53,700.24,96.20,-78.86,-9.70,4627,SMA Buy 4627,2.90,2.90hrs
28/04/2026 06:04:04,buy,0.03,CADJPY,116.81600,06/05/2026 10:46:09,115.04100,-0.18,0.29,-177.50,-33.94,12.90,69.40,-56.09,-290.50,4627,SMA Buy 4627,196.70,8.20days
06/05/2026 07:48:34,buy,0.51,CADJPY,114.52500,06/05/2026 10:46:08,115.04500,-3.06,0.00,52.00,166.48,207.85,64.70,-138.60,-41.20,4627,SMA Buy 4627,2.96,2.96hrs
06/05/2026 07:36:27,buy,0.23,CADJPY,114.82600,06/05/2026 10:46:07,115.04500,-1.38,0.00,21.90,30.82,49.49,34.60,-107.16,-71.30,4627,SMA Buy 4627,3.16,3.16hrs
04/05/2026 21:59:53,buy,0.10,CADJPY,115.17000,06/05/2026 10:46:07,115.03800,-0.60,0.22,-13.20,-8.82,57.90,92.00,-68.56,-105.70,4627,SMA Buy 4627,36.77,1.53days
28/04/2026 06:34:04,buy,0.05,CADJPY,116.66300,06/05/2026 10:46:06,115.03800,-0.30,0.46,-162.50,-51.79,26.26,84.70,-88.58,-275.20,4627,SMA Buy 4627,196.20,8.18days
28/04/2026 05:25:57,buy,0.02,CADJPY,116.98000,06/05/2026 10:46:06,115.02200,-0.12,0.17,-195.80,-24.98,6.55,53.00,-39.51,-306.90,4627,SMA Buy 4627,197.34,8.22days
29/04/2026 21:44:23,buy,0.07,AUDJPY,113.93900,05/05/2026 17:51:12,113.33800,-0.42,0.67,-60.10,-26.42,21.41,49.70,-118.70,-263.20,4627,SMA Buy 4627,140.11,5.84days
04/05/2026 19:08:45,buy,0.15,AUDJPY,112.56100,05/05/2026 17:51:11,113.33900,-0.90,0.26,77.80,73.35,76.76,81.40,-36.42,-37.50,4627,SMA Buy 4627,22.71,22.71hrs
04/05/2026 21:59:50,buy,0.23,AUDJPY,112.40000,05/05/2026 17:51:10,113.33900,-1.38,0.39,93.90,135.93,141.17,97.50,-32.30,-21.40,4627,SMA Buy 4627,19.86,19.86hrs
04/05/2026 18:21:41,buy,0.10,AUDJPY,112.71200,05/05/2026 17:51:10,113.33900,-0.60,0.17,62.70,39.32,41.60,66.30,-33.89,-52.60,4627,SMA Buy 4627,23.49,23.49hrs
29/04/2026 16:46:51,buy,0.03,AUDJPY,114.24900,05/05/2026 17:51:10,113.33800,-0.18,0.29,-91.10,-17.22,3.39,18.70,-56.85,-294.20,4627,SMA Buy 4627,145.07,6.04days
29/04/2026 21:09:30,buy,0.05,AUDJPY,114.09900,05/05/2026 17:51:09,113.33900,-0.30,0.48,-76.00,-23.91,10.31,33.70,-89.93,-279.20,4627,SMA Buy 4627,140.69,5.86days
28/04/2026 13:00:00,buy,0.02,AUDJPY,114.49700,05/05/2026 17:51:09,113.33900,-0.12,0.21,-115.80,-14.59,2.54,20.50,-41.02,-319.00,4627,SMA Buy 4627,172.85,7.20days
28/04/2026 14:35:24,buy,0.05,AUDUSD,0.71550,04/05/2026 12:15:31,0.71965,-0.30,0.06,41.50,20.51,35.85,72.20,-27.27,-54.00,4627,SMA Buy 4627[closePosition],141.67,5.90days
29/04/2026 21:11:55,buy,0.15,AUDUSD,0.71092,04/05/2026 12:15:30,0.71964,-0.90,0.15,87.20,130.05,176.20,118.00,-13.20,-8.20,4627,SMA Buy 4627[closePosition],111.06,4.63days
29/04/2026 16:34:31,buy,0.07,AUDUSD,0.71396,04/05/2026 12:15:30,0.71964,-0.42,0.06,56.80,39.40,60.94,87.60,-27.44,-38.60,4627,SMA Buy 4627[closePosition],115.68,4.82days
29/04/2026 17:07:55,buy,0.10,AUDUSD,0.71242,04/05/2026 12:15:27,0.71965,-0.60,0.10,72.30,71.80,102.47,103.00,-23.80,-23.20,4627,SMA Buy 4627[closePosition],115.13,4.80days
28/04/2026 09:47:18,buy,0.03,AUDUSD,0.71701,04/05/2026 12:15:27,0.71965,-0.18,0.05,26.40,7.79,16.99,57.10,-20.89,-69.10,4627,SMA Buy 4627[closePosition],146.47,6.10days
28/04/2026 07:00:00,buy,0.02,AUDUSD,0.71849,04/05/2026 12:15:26,0.71965,-0.12,0.01,11.60,2.21,8.35,42.30,-16.90,-83.90,4627,SMA Buy 4627[closePosition],149.26,6.22days
06/04/2026 16:00:01,buy,0.02,AUDJPY,110.44700,28/04/2026 05:26:17,114.52200,-0.12,0.69,407.50,51.66,53.98,425.80,-1.93,-14.70,4627,SMA Buy 4627,517.44,21.56days
31/03/2026 06:00:01,sell,0.02,CADJPY,114.61600,01/04/2026 08:43:25,114.17800,-0.12,-0.08,43.80,5.32,9.65,77.60,-0.95,-6.60,4627,SMA Sell 4627,26.72,1.11days
25/03/2026 21:57:14,sell,0.02,CADJPY,115.42700,30/03/2026 17:05:52,114.56700,-0.12,-0.41,86.00,10.24,12.33,102.50,-1.81,-10.75,4627,SMA Sell 4627,115.14,4.80days
27/03/2026 06:57:44,sell,0.03,AUDJPY,110.20200,30/03/2026 03:27:07,109.69300,-0.18,-0.23,50.90,9.14,12.32,67.85,-3.99,-20.35,4627,SMA Sell 4627,68.49,2.85days
27/03/2026 19:01:27,sell,0.05,AUDJPY,110.36200,30/03/2026 03:27:04,109.70000,-0.30,-0.39,66.20,20.00,25.53,83.85,-2.03,-5.55,4627,SMA Sell 4627,56.43,2.35days
27/03/2026 01:01:04,sell,0.02,AUDJPY,110.04100,30/03/2026 03:27:00,109.69500,-0.12,-0.16,34.60,4.05,6.19,51.75,-4.67,-36.45,4627,SMA Sell 4627,74.43,3.10days
27/03/2026 09:00:01,sell,0.02,AUDUSD,0.68978,30/03/2026 03:19:49,0.68543,-0.12,-0.05,43.50,8.53,10.79,54.80,-1.56,-7.20,4627,SMA Sell 4627,66.33,2.76days
25/03/2026 07:00:01,sell,0.02,AUDUSD,0.69765,27/03/2026 00:58:48,0.68976,-0.12,-0.19,78.90,15.47,19.98,101.00,-2.76,-13.20,4627,SMA Sell 4627,41.98,1.75days
23/03/2026 17:33:45,sell,0.03,AUDJPY,111.72900,25/03/2026 17:10:00,110.69600,-0.18,-0.48,103.30,18.81,25.81,138.10,-1.15,-5.10,4627,SMA Sell 4627,47.60,1.98days
23/03/2026 13:57:09,sell,0.02,AUDJPY,110.44200,25/03/2026 17:09:55,110.70200,-0.12,-0.32,-26.00,-3.71,0.98,9.40,-17.01,-133.80,4627,SMA Sell 4627,51.21,2.13days
21/03/2026 05:09:19,balance,0.01,,0.00000,21/03/2026 05:09:19,0.00000,0.00,0.00,0.00,-925.00,0.00,0.00,0.00,0.00,0,Transfer Out to 7224640,0.00,0.00hrs
17/03/2026 16:17:59,sell,0.34,AUDJPY,113.00000,19/03/2026 06:15:12,112.56800,-2.04,-9.92,43.20,80.04,159.58,80.60,-55.66,-21.60,4627,SMA Sell 4627,37.95,1.58days
16/03/2026 13:50:37,sell,0.07,AUDJPY,112.21900,19/03/2026 06:15:09,112.56700,-0.42,-2.55,-34.80,-18.23,2.81,7.35,-46.34,-99.70,4627,SMA Sell 4627,64.41,2.68days
17/03/2026 04:26:54,sell,0.15,AUDJPY,112.69800,19/03/2026 06:15:06,112.56700,-0.90,-4.38,13.10,7.03,42.04,50.40,-53.04,-51.80,4627,SMA Sell 4627,49.80,2.08days
16/03/2026 12:19:25,sell,0.03,AUDJPY,111.92100,19/03/2026 06:15:02,112.56900,-0.18,-1.10,-64.80,-13.45,1.34,8.10,-25.49,-129.50,4627,SMA Sell 4627,65.93,2.75days
18/03/2026 04:04:20,sell,0.51,AUDJPY,113.15200,19/03/2026 06:14:59,112.57200,-3.06,-11.15,58.00,171.06,298.55,95.80,-23.58,-6.40,4627,SMA Sell 4627,26.18,1.09days
17/03/2026 04:58:32,sell,0.23,AUDJPY,112.84900,19/03/2026 06:14:55,112.57000,-1.38,-6.71,27.90,32.10,86.21,65.50,-59.49,-36.70,4627,SMA Sell 4627,49.27,2.05days
16/03/2026 22:54:26,sell,0.10,AUDJPY,112.54800,19/03/2026 06:14:52,112.57100,-0.60,-3.65,-2.30,-5.69,17.91,35.40,-45.52,-66.80,4627,SMA Sell 4627,55.34,2.31days
16/03/2026 13:23:54,sell,0.05,AUDJPY,112.06800,19/03/2026 06:14:48,112.57300,-0.30,-1.83,-50.50,-17.94,0.00,0.10,-37.85,-114.80,4627,SMA Sell 4627,64.85,2.70days
16/03/2026 11:30:01,sell,0.02,AUDJPY,111.73600,19/03/2026 06:14:42,112.57700,-0.12,-0.74,-84.10,-11.40,0.07,1.55,-19.32,-148.00,4627,SMA Sell 4627,66.74,2.78days
17/03/2026 18:20:25,buy,0.07,CADJPY,115.85700,19/03/2026 06:14:36,116.37300,-0.42,0.27,51.60,22.47,27.93,64.10,-6.71,-14.70,4627,SMA Buy 4627,35.90,1.50days
13/03/2026 15:45:31,buy,0.03,CADJPY,116.30000,19/03/2026 06:14:33,116.37500,-0.18,0.18,7.50,1.41,3.78,20.70,-11.19,-59.00,4627,SMA Buy 4627,134.48,5.60days
16/03/2026 10:13:24,buy,0.05,CADJPY,116.05700,19/03/2026 06:14:29,116.37500,-0.30,0.25,31.80,9.91,13.86,45.00,-11.04,-34.70,4627,SMA Buy 4627,68.02,2.83days
11/03/2026 01:57:04,buy,0.02,CADJPY,116.45600,19/03/2026 06:14:25,116.37600,-0.12,0.20,-8.00,-0.93,8.09,65.10,-9.35,-74.60,4627,SMA Buy 4627,196.29,8.18days
13/03/2026 10:55:10,buy,0.34,AUDUSD,0.70223,16/03/2026 17:31:59,0.70640,-2.04,-0.18,41.70,139.56,178.32,53.10,-150.28,-43.60,4627,SMA Buy 4627,78.61,3.28days
12/03/2026 17:49:10,buy,0.07,AUDUSD,0.70838,16/03/2026 17:31:53,0.70645,-0.42,-0.08,-19.30,-14.01,10.64,15.80,-74.03,-105.10,4627,SMA Buy 4627,95.71,3.99days
13/03/2026 09:26:27,buy,0.15,AUDUSD,0.70526,16/03/2026 17:31:48,0.70649,-0.90,-0.08,12.30,17.47,33.22,22.80,-111.75,-73.90,4627,SMA Buy 4627,80.09,3.34days
12/03/2026 09:10:13,buy,0.03,AUDUSD,0.71148,16/03/2026 17:31:39,0.70649,-0.18,-0.04,-49.90,-15.19,9.63,32.70,-41.03,-136.10,4627,SMA Buy 4627,104.36,4.35days
13/03/2026 18:46:39,buy,0.51,AUDUSD,0.70074,16/03/2026 17:31:31,0.70650,-3.06,-0.28,57.60,290.42,343.46,68.00,-149.43,-28.70,4627,SMA Buy 4627,70.75,2.95days
13/03/2026 09:59:25,buy,0.23,AUDUSD,0.70374,16/03/2026 17:31:22,0.70653,-1.38,-0.12,27.90,62.67,85.90,38.00,-136.39,-58.70,4627,SMA Buy 4627,79.53,3.31days
13/03/2026 06:30:32,buy,0.10,AUDUSD,0.70678,16/03/2026 17:31:17,0.70655,-0.60,-0.05,-2.30,-2.95,6.95,7.60,-89.70,-89.10,4627,SMA Buy 4627,83.01,3.46days
12/03/2026 16:55:44,buy,0.05,AUDUSD,0.70996,16/03/2026 17:30:43,0.70651,-0.30,-0.06,-34.50,-17.61,2.90,6.40,-60.78,-120.90,4627,SMA Buy 4627,96.58,4.02days
12/03/2026 05:07:03,buy,0.02,AUDUSD,0.71558,16/03/2026 17:30:37,0.70651,-0.12,-0.02,-90.70,-18.28,0.00,0.00,-35.55,-177.10,4627,SMA Buy 4627,108.39,4.52days
12/03/2026 16:47:07,buy,0.07,AUDJPY,112.98700,13/03/2026 19:00:39,111.76800,-0.42,0.10,-121.90,-53.79,3.50,8.90,-56.44,-127.90,4627,SMA Buy 4627,26.23,1.09days
13/03/2026 09:48:52,buy,0.51,AUDJPY,112.20900,13/03/2026 19:00:29,111.76200,-3.06,0.00,-44.70,-145.93,70.60,23.00,-163.23,-50.10,4627,SMA Buy 4627,9.19,9.19hrs
12/03/2026 18:13:28,buy,0.15,AUDJPY,112.67600,13/03/2026 19:00:23,111.76300,-0.90,0.21,-91.30,-86.52,28.98,31.70,-91.71,-96.80,4627,SMA Buy 4627,24.78,1.03days
12/03/2026 08:13:30,buy,0.03,AUDJPY,113.29500,13/03/2026 19:00:12,111.75000,-0.18,0.04,-154.50,-29.19,1.88,10.90,-29.98,-158.70,4627,SMA Buy 4627,34.78,1.45days
13/03/2026 11:06:54,buy,1.15,AUDJPY,111.90700,13/03/2026 19:00:02,111.71900,-6.90,0.00,-18.80,-142.41,377.27,53.20,-150.36,-19.90,4627,SMA Buy 4627,7.89,7.89hrs
13/03/2026 10:39:06,buy,0.77,AUDJPY,112.05800,13/03/2026 18:59:55,111.71500,-4.62,0.00,-34.30,-170.16,179.60,38.10,-170.17,-34.30,4627,SMA Buy 4627,8.35,8.35hrs
13/03/2026 09:30:30,buy,0.34,AUDJPY,112.36000,13/03/2026 18:59:50,111.72100,-2.04,0.00,-63.90,-138.21,14.83,7.90,-138.22,-63.90,4627,SMA Buy 4627,9.49,9.49hrs
13/03/2026 03:02:53,buy,0.23,AUDJPY,112.51100,13/03/2026 18:59:36,111.72500,-1.38,0.00,-78.60,-114.69,52.76,37.50,-114.85,-78.70,4627,SMA Buy 4627,15.95,15.95hrs
12/03/2026 17:34:19,buy,0.10,AUDJPY,112.82800,13/03/2026 18:59:00,111.74500,-0.60,0.14,-108.30,-68.33,9.89,16.70,-68.84,-109.10,4627,SMA Buy 4627,25.41,1.06days
12/03/2026 09:10:24,buy,0.05,AUDJPY,113.13800,13/03/2026 18:58:51,111.74700,-0.30,0.07,-139.10,-43.81,8.08,26.60,-43.82,-139.10,4627,SMA Buy 4627,33.81,1.41days
11/03/2026 07:00:57,buy,0.02,AUDJPY,113.50200,13/03/2026 18:58:45,111.75200,-0.12,0.12,-175.00,-21.94,5.56,45.10,-21.95,-175.10,4627,SMA Buy 4627,59.96,2.50days
11/03/2026 02:00:01,buy,0.02,AUDJPY,112.55600,11/03/2026 06:00:56,113.37300,-0.12,0.00,81.70,10.20,12.13,96.90,-0.83,-5.60,4627,SMA Buy 4627,4.02,4.02hrs
05/03/2026 21:00:00,buy,0.02,CADJPY,115.24600,09/03/2026 08:21:43,117.03800,-0.12,0.04,179.20,22.51,24.46,194.90,-2.67,-20.20,4627,SMA Buy 4627,83.36,3.47days
02/03/2026 08:57:10,buy,0.02,CADJPY,114.84700,05/03/2026 16:00:46,115.55400,-0.12,0.10,70.70,8.95,10.95,86.40,-1.74,-12.90,4627,SMA Buy 4627,79.06,3.29days
03/03/2026 16:58:34,buy,0.15,AUDUSD,0.69737,03/03/2026 21:07:44,0.70382,-0.90,0.00,64.50,95.85,112.35,75.50,-46.05,-30.10,4627,SMA Buy 4627,4.15,4.15hrs
03/03/2026 12:33:10,buy,0.07,AUDUSD,0.70274,03/03/2026 21:07:41,0.70386,-0.42,0.00,11.20,7.42,14.84,21.80,-59.08,-83.80,4627,SMA Buy 4627,8.58,8.58hrs
02/03/2026 00:44:11,buy,0.03,AUDUSD,0.70585,03/03/2026 21:07:37,0.70387,-0.18,-0.02,-19.80,-6.14,18.91,63.70,-34.67,-114.90,4627,SMA Buy 4627,44.39,1.85days
03/03/2026 17:08:43,buy,0.23,AUDUSD,0.69577,03/03/2026 21:07:34,0.70391,-1.38,0.00,81.40,185.84,209.07,91.50,-33.81,-14.10,4627,SMA Buy 4627,3.98,3.98hrs
03/03/2026 13:16:45,buy,0.10,AUDUSD,0.70122,03/03/2026 21:07:30,0.70392,-0.60,0.00,27.00,26.40,36.40,37.00,-69.20,-68.60,4627,SMA Buy 4627,7.85,7.85hrs
03/03/2026 11:32:57,buy,0.05,AUDUSD,0.70435,03/03/2026 21:07:27,0.70396,-0.30,0.00,-3.90,-2.25,2.55,5.70,-50.25,-99.90,4627,SMA Buy 4627,9.57,9.57hrs
27/02/2026 18:00:03,buy,0.02,AUDUSD,0.71264,03/03/2026 21:07:23,0.70395,-0.12,-0.02,-86.90,-17.52,0.60,3.60,-36.70,-182.80,4627,SMA Buy 4627,99.12,4.13days
03/03/2026 10:53:18,buy,0.07,AUDJPY,111.13100,03/03/2026 18:32:10,110.57200,-0.42,0.00,-55.90,-25.22,7.84,18.60,-71.81,-160.80,4627,SMA Buy 4627,7.65,7.65hrs
03/03/2026 17:08:15,buy,0.77,AUDJPY,109.78200,03/03/2026 18:32:06,110.55500,-4.62,0.00,77.30,372.57,468.24,96.90,-131.11,-25.90,4627,SMA Buy 4627,1.40,1.40hrs
03/03/2026 16:58:27,buy,0.34,AUDJPY,110.10500,03/03/2026 18:32:02,110.58300,-2.04,0.00,47.80,100.95,137.16,64.60,-127.55,-58.20,4627,SMA Buy 4627,1.56,1.56hrs
03/03/2026 08:19:39,buy,0.03,AUDJPY,111.43700,03/03/2026 18:31:57,110.57400,-0.18,0.00,-86.30,-16.59,3.77,20.70,-36.60,-191.40,4627,SMA Buy 4627,10.21,10.21hrs
03/03/2026 17:11:55,buy,1.15,AUDJPY,109.61100,03/03/2026 18:31:52,110.57400,-6.90,0.00,96.30,694.87,823.95,114.00,-71.09,-8.80,4627,SMA Buy 4627,1.33,1.33hrs
03/03/2026 17:01:48,buy,0.51,AUDJPY,109.94500,03/03/2026 18:31:48,110.56700,-3.06,0.00,62.20,197.96,257.45,80.60,-139.57,-42.20,4627,SMA Buy 4627,1.50,1.50hrs
03/03/2026 16:45:11,buy,0.23,AUDJPY,110.25400,03/03/2026 18:31:43,110.57300,-1.38,0.00,31.90,45.11,71.06,49.70,-108.02,-73.10,4627,SMA Buy 4627,1.78,1.78hrs
03/03/2026 12:38:22,buy,0.15,AUDJPY,110.79100,03/03/2026 18:31:39,110.56900,-0.90,0.00,-22.20,-22.01,17.94,19.80,-121.54,-126.80,4627,SMA Buy 4627,5.89,5.89hrs
03/03/2026 12:29:56,buy,0.10,AUDJPY,110.94400,03/03/2026 18:31:35,110.57900,-0.60,0.00,-36.50,-23.74,2.26,4.50,-90.73,-142.10,4627,SMA Buy 4627,6.03,6.03hrs
03/03/2026 10:32:24,buy,0.05,AUDJPY,111.28100,03/03/2026 18:31:31,110.58200,-0.30,0.00,-69.90,-22.45,0.84,3.60,-56.05,-175.80,4627,SMA Buy 4627,7.99,7.99hrs
03/03/2026 04:31:05,buy,0.02,AUDJPY,111.63800,03/03/2026 18:31:26,110.58300,-0.12,0.00,-105.50,-13.49,2.98,24.40,-26.95,-211.50,4627,SMA Buy 4627,14.01,14.01hrs
27/02/2026 11:47:09,buy,0.02,AUDJPY,111.07500,03/03/2026 03:31:00,111.93000,-0.12,0.06,85.50,10.81,12.75,100.80,-18.51,-143.60,4627,SMA Buy 4627,87.73,3.66days
26/02/2026 17:21:50,buy,0.07,CADJPY,113.77700,02/03/2026 02:19:27,114.53400,-0.42,0.14,75.70,33.59,40.30,90.90,-1.86,-3.20,4627,SMA Buy 4627,80.96,3.37days
26/02/2026 02:19:53,buy,0.03,CADJPY,114.15900,02/03/2026 02:19:13,114.54100,-0.18,0.06,38.20,7.21,9.96,52.70,-8.15,-41.40,4627,SMA Buy 4627,95.99,4.00days
26/02/2026 16:45:46,buy,0.05,CADJPY,113.93000,02/03/2026 02:19:09,114.52500,-0.30,0.10,59.50,18.82,23.91,75.60,-6.23,-18.50,4627,SMA Buy 4627,81.56,3.40days
25/02/2026 12:33:45,buy,0.02,CADJPY,114.42500,02/03/2026 02:19:06,114.52800,-0.12,0.10,10.30,1.29,3.31,26.10,-8.81,-68.00,4627,SMA Buy 4627,109.76,4.57days
26/02/2026 17:28:23,buy,0.07,AUDJPY,110.30400,27/02/2026 10:47:08,111.07700,-0.42,0.09,77.30,34.33,40.74,91.60,-2.30,-4.20,4627,SMA Buy 4627,17.31,17.31hrs
26/02/2026 17:13:55,buy,0.03,AUDJPY,110.61200,27/02/2026 10:47:05,111.07600,-0.18,0.04,46.40,8.78,11.54,60.80,-7.01,-35.50,4627,SMA Buy 4627,17.55,17.55hrs
26/02/2026 17:18:12,buy,0.05,AUDJPY,110.46100,27/02/2026 10:47:02,111.07300,-0.30,0.07,61.20,19.37,24.08,75.90,-6.84,-20.40,4627,SMA Buy 4627,17.48,17.48hrs
25/02/2026 08:57:07,buy,0.02,AUDJPY,110.77600,27/02/2026 10:46:57,111.06300,-0.12,0.11,28.70,3.66,8.70,69.00,-6.72,-51.90,4627,SMA Buy 4627,49.83,2.08days
26/02/2026 17:25:50,buy,0.07,AUDUSD,0.70734,27/02/2026 08:21:23,0.71215,-0.42,-0.02,48.10,33.23,40.23,58.10,-5.39,-7.10,4627,SMA Buy 4627,14.93,14.93hrs
26/02/2026 16:08:18,buy,0.03,AUDUSD,0.71042,27/02/2026 08:21:15,0.71213,-0.18,-0.01,17.10,4.94,8.00,27.30,-11.55,-37.90,4627,SMA Buy 4627,16.22,16.22hrs
26/02/2026 17:15:35,buy,0.05,AUDUSD,0.70889,27/02/2026 08:21:12,0.71213,-0.30,-0.02,32.40,15.88,20.98,42.60,-11.60,-22.60,4627,SMA Buy 4627,15.09,15.09hrs
25/02/2026 21:30:02,buy,0.02,AUDUSD,0.71196,27/02/2026 08:21:07,0.71214,-0.12,-0.03,1.80,0.21,3.10,16.20,-10.80,-53.30,4627,SMA Buy 4627,34.85,1.45days
25/02/2026 04:35:05,buy,0.03,CADJPY,113.53600,25/02/2026 11:33:45,114.20600,-0.18,0.00,67.00,12.68,16.37,86.40,-0.60,-2.20,4627,SMA Buy 4627,6.98,6.98hrs
24/02/2026 21:00:01,buy,0.02,CADJPY,113.68300,25/02/2026 11:33:42,114.23600,-0.12,0.02,55.30,6.97,9.05,71.70,-2.28,-16.90,4627,SMA Buy 4627,14.56,14.56hrs
13/02/2026 07:29:18,buy,0.07,AUDUSD,0.70732,25/02/2026 05:24:20,0.70881,-0.42,-0.35,14.90,9.66,25.95,38.00,-41.50,-58.40,4627,SMA Buy 4627,285.92,11.91days
17/02/2026 15:42:45,buy,0.15,AUDUSD,0.70429,25/02/2026 05:24:17,0.70881,-0.90,-0.58,45.20,66.32,101.20,68.30,-43.34,-28.10,4627,SMA Buy 4627,181.69,7.57days
12/02/2026 18:14:21,buy,0.03,AUDUSD,0.71047,25/02/2026 05:24:14,0.70883,-0.18,-0.19,-16.40,-5.29,1.64,6.50,-27.27,-89.90,4627,SMA Buy 4627,299.16,12.47days
24/02/2026 16:13:59,buy,0.23,AUDUSD,0.70277,25/02/2026 05:24:11,0.70886,-1.38,-0.07,60.90,138.62,158.63,69.60,-5.29,-1.70,4627,SMA Buy 4627,13.17,13.17hrs
13/02/2026 08:35:09,buy,0.10,AUDUSD,0.70580,25/02/2026 05:24:08,0.70882,-0.60,-0.49,30.20,29.11,52.27,53.20,-44.09,-43.20,4627,SMA Buy 4627,284.82,11.87days
12/02/2026 18:22:27,buy,0.05,AUDUSD,0.70894,25/02/2026 05:24:05,0.70881,-0.30,-0.30,-1.30,-1.25,10.39,21.80,-37.78,-74.60,4627,SMA Buy 4627,299.03,12.46days
12/02/2026 12:57:11,buy,0.02,AUDUSD,0.71241,25/02/2026 05:24:02,0.70880,-0.12,-0.11,-36.10,-7.45,3.86,19.90,-22.05,-109.30,4627,SMA Buy 4627,304.45,12.69days
19/02/2026 03:16:17,sell,0.34,AUDJPY,109.26100,24/02/2026 09:08:07,109.80100,-2.04,-7.23,-54.00,-127.43,93.47,45.55,-181.98,-81.20,4627,SMA Sell 4627,125.86,5.24days
17/02/2026 20:37:37,sell,0.07,AUDJPY,108.64500,24/02/2026 09:08:03,109.79800,-0.42,-3.46,-115.30,-55.83,10.51,27.15,-67.17,-142.80,4627,SMA Sell 4627,156.51,6.52days
19/02/2026 05:00:07,sell,0.77,AUDJPY,109.57100,24/02/2026 09:08:00,109.82600,-4.62,-16.36,-25.50,-147.30,366.34,76.55,-258.63,-50.20,4627,SMA Sell 4627,124.13,5.17days
18/02/2026 16:37:03,sell,0.15,AUDJPY,108.94900,24/02/2026 09:07:57,109.83500,-0.90,-6.37,-88.60,-92.77,9.72,14.35,-112.50,-112.40,4627,SMA Sell 4627,136.51,5.69days
17/02/2026 16:41:22,sell,0.03,AUDJPY,108.29900,24/02/2026 09:07:53,109.84800,-0.18,-1.48,-154.90,-31.56,5.93,31.25,-35.46,-177.40,4627,SMA Sell 4627,160.44,6.69days
23/02/2026 11:45:09,sell,1.15,AUDJPY,109.72100,24/02/2026 09:07:48,109.85000,-6.90,-8.22,-12.90,-110.56,675.18,91.55,-149.36,-18.15,4627,SMA Sell 4627,21.38,21.38hrs
19/02/2026 03:45:41,sell,0.51,AUDJPY,109.41300,24/02/2026 09:07:44,109.85700,-3.06,-10.84,-44.40,-159.58,190.44,60.75,-223.11,-66.00,4627,SMA Sell 4627,125.37,5.22days
18/02/2026 17:03:14,sell,0.23,AUDJPY,109.10700,24/02/2026 09:07:40,109.87900,-1.38,-9.75,-77.20,-125.33,38.39,30.15,-149.12,-96.60,4627,SMA Sell 4627,136.07,5.67days
18/02/2026 11:13:08,sell,0.10,AUDJPY,108.79500,24/02/2026 09:07:37,109.89700,-0.60,-4.24,-110.20,-75.71,13.01,20.90,-84.90,-127.80,4627,SMA Sell 4627,141.91,5.91days
17/02/2026 18:10:13,sell,0.05,AUDJPY,108.44200,24/02/2026 09:07:34,109.87300,-0.30,-2.48,-143.10,-48.80,4.31,14.15,-54.51,-163.10,4627,SMA Sell 4627,158.96,6.62days
17/02/2026 06:25:53,sell,0.02,AUDJPY,108.05300,24/02/2026 09:07:28,109.88200,-0.12,-0.98,-182.90,-24.62,2.54,20.35,-26.80,-202.00,4627,SMA Sell 4627,170.69,7.11days
17/02/2026 01:51:38,sell,0.05,AUDJPY,108.73400,17/02/2026 05:25:53,108.03700,-0.30,0.00,69.70,22.46,27.93,86.40,-0.58,-0.85,4627,SMA Sell 4627,3.57,3.57hrs
16/02/2026 03:05:43,sell,0.03,AUDJPY,108.37800,17/02/2026 05:25:53,108.03600,-0.18,-0.21,34.20,6.31,9.57,50.80,-10.24,-51.50,4627,SMA Sell 4627,26.34,1.10days
13/02/2026 01:01:04,sell,0.02,AUDJPY,108.22600,17/02/2026 05:25:51,108.03700,-0.12,-0.28,18.90,2.07,6.81,52.95,-8.94,-66.70,4627,SMA Sell 4627,100.41,4.18days
13/02/2026 10:47:09,sell,0.07,CADJPY,112.91600,16/02/2026 02:01:11,112.23200,-0.42,-0.31,68.40,30.60,39.68,88.10,-2.97,-5.60,4627,SMA Sell 4627,63.23,2.63days
13/02/2026 03:28:57,sell,0.03,CADJPY,112.60900,16/02/2026 02:01:11,112.23200,-0.18,-0.13,37.70,7.09,10.97,57.40,-7.27,-36.30,4627,SMA Sell 4627,70.54,2.94days
13/02/2026 10:04:59,sell,0.05,CADJPY,112.76400,16/02/2026 02:01:10,112.23100,-0.30,-0.22,53.30,16.92,23.37,72.90,-7.07,-20.80,4627,SMA Sell 4627,63.94,2.66days
12/02/2026 19:14:36,sell,0.02,CADJPY,112.08000,16/02/2026 02:01:08,112.23200,-0.12,-0.18,-15.20,-2.29,1.11,9.40,-11.82,-89.20,4627,SMA Sell 4627,78.78,3.28days
12/02/2026 14:49:29,sell,0.05,CADJPY,113.22000,12/02/2026 18:14:35,112.15800,-0.30,0.00,106.20,34.47,40.20,123.50,-1.93,-5.00,4627,SMA Sell 4627,3.42,3.42hrs
12/02/2026 13:55:54,sell,0.03,CADJPY,113.06100,12/02/2026 18:14:34,112.15700,-0.18,0.00,90.40,17.58,20.99,107.60,-4.26,-20.90,4627,SMA Sell 4627,4.31,4.31hrs
12/02/2026 12:00:00,sell,0.02,CADJPY,112.75200,12/02/2026 18:14:32,112.15100,-0.12,0.00,60.10,7.75,9.94,76.70,-6.86,-51.80,4627,SMA Sell 4627,6.24,6.24hrs
10/02/2026 18:17:07,buy,0.34,AUDJPY,109.07700,12/02/2026 18:12:37,108.41900,-2.04,1.85,-65.80,-146.88,123.65,56.20,-149.16,-66.80,4627,SMA Buy 4627,47.92,2.00days
11/02/2026 08:10:47,buy,0.77,AUDJPY,108.76500,12/02/2026 18:12:36,108.42900,-4.62,3.14,-33.60,-171.12,433.17,87.40,-181.28,-35.60,4627,SMA Buy 4627,34.03,1.42days
10/02/2026 07:19:51,buy,0.07,AUDJPY,109.72100,12/02/2026 18:12:36,108.42700,-0.42,0.38,-129.40,-59.44,14.70,33.60,-60.28,-131.20,4627,SMA Buy 4627,58.88,2.45days
10/02/2026 16:33:36,buy,0.15,AUDJPY,109.41000,12/02/2026 18:12:35,108.43400,-0.90,0.81,-97.60,-96.08,22.05,22.90,-98.58,-100.10,4627,SMA Buy 4627,49.65,2.07days
10/02/2026 05:01:58,buy,0.03,AUDJPY,110.03200,12/02/2026 18:12:34,108.43900,-0.18,0.16,-159.30,-31.35,0.44,3.20,-31.96,-162.30,4627,SMA Buy 4627,61.18,2.55days
12/02/2026 18:10:49,buy,1.15,AUDJPY,108.58700,12/02/2026 18:12:33,108.44900,-6.90,0.00,-13.80,-110.96,0.00,0.00,-141.17,-17.80,4627,SMA Buy 4627,0.03,0.03hrs
11/02/2026 07:23:45,buy,0.51,AUDJPY,108.92600,12/02/2026 18:12:32,108.44400,-3.06,2.08,-48.20,-162.16,233.49,71.30,-173.93,-51.70,4627,SMA Buy 4627,34.81,1.45days
10/02/2026 16:42:16,buy,0.23,AUDJPY,109.21900,12/02/2026 18:12:31,108.44000,-1.38,1.25,-77.90,-117.62,62.40,42.00,-122.33,-81.00,4627,SMA Buy 4627,49.50,2.06days
10/02/2026 15:35:57,buy,0.10,AUDJPY,109.56600,12/02/2026 18:12:30,108.43700,-0.60,0.54,-112.90,-74.09,4.55,7.30,-75.95,-115.70,4627,SMA Buy 4627,50.61,2.11days
10/02/2026 05:35:02,buy,0.05,AUDJPY,109.87400,12/02/2026 18:12:29,108.43200,-0.30,0.27,-144.20,-47.32,5.58,18.30,-48.08,-146.50,4627,SMA Buy 4627,60.62,2.53days
09/02/2026 09:00:04,buy,0.02,AUDJPY,110.18500,12/02/2026 18:12:27,108.41200,-0.12,0.14,-177.30,-23.24,5.91,46.90,-23.28,-177.60,4627,SMA Buy 4627,81.21,3.38days
11/02/2026 15:30:51,buy,0.05,AUDUSD,0.70725,11/02/2026 16:22:20,0.71255,-0.30,0.00,53.00,26.20,31.05,62.70,-0.65,-0.70,4627,SMA Buy 4627,0.86,0.86hrs
11/02/2026 15:30:08,buy,0.03,AUDUSD,0.70899,11/02/2026 16:22:19,0.71256,-0.18,0.00,35.70,10.53,13.41,45.30,-5.61,-18.10,4627,SMA Buy 4627,0.87,0.87hrs
11/02/2026 06:13:39,buy,0.02,AUDUSD,0.71215,11/02/2026 16:22:17,0.71254,-0.12,0.00,3.90,0.66,2.62,13.70,-10.16,-50.20,4627,SMA Buy 4627,10.14,10.14hrs
10/02/2026 02:37:43,buy,0.03,AUDUSD,0.70772,11/02/2026 05:13:35,0.71143,-0.18,-0.02,37.10,10.93,13.90,47.00,-4.73,-15.10,4627,SMA Buy 4627,26.60,1.11days
09/02/2026 23:11:53,buy,0.02,AUDUSD,0.70924,11/02/2026 05:13:34,0.71143,-0.12,-0.02,21.90,4.24,6.22,31.80,-6.20,-30.30,4627,SMA Buy 4627,30.03,1.25days
06/02/2026 02:01:43,buy,0.07,CADJPY,114.24800,06/02/2026 15:52:44,114.90700,-0.42,0.00,65.90,28.97,36.44,82.70,-6.10,-12.70,4627,SMA Buy 4627,13.85,13.85hrs
04/02/2026 16:07:31,buy,0.03,CADJPY,114.55400,06/02/2026 15:52:43,114.90800,-0.18,0.13,35.40,6.72,9.90,52.10,-8.34,-43.30,4627,SMA Buy 4627,47.75,1.99days
06/02/2026 01:42:42,buy,0.05,CADJPY,114.40300,06/02/2026 15:52:42,114.90300,-0.30,0.00,50.00,15.64,21.09,67.20,-9.30,-28.20,4627,SMA Buy 4627,14.17,14.17hrs
04/02/2026 08:57:06,buy,0.02,CADJPY,114.68500,06/02/2026 15:52:40,114.89500,-0.12,0.09,21.00,2.65,4.94,39.00,-7.23,-56.40,4627,SMA Buy 4627,54.93,2.29days
04/02/2026 19:40:30,buy,0.07,AUDUSD,0.69739,06/02/2026 12:27:20,0.69683,-0.42,-0.17,-5.60,-4.51,22.38,32.70,-54.84,-77.50,4627,SMA Buy 4627,40.78,1.70days
05/02/2026 17:36:19,buy,0.15,AUDUSD,0.69427,06/02/2026 12:27:19,0.69684,-0.90,-0.10,25.70,37.55,53.55,36.30,-70.45,-46.30,4627,SMA Buy 4627,18.85,18.85hrs
04/02/2026 17:32:08,buy,0.03,AUDUSD,0.70070,06/02/2026 12:27:17,0.69680,-0.18,-0.08,-39.00,-11.96,1.14,4.40,-33.44,-110.60,4627,SMA Buy 4627,42.92,1.79days
06/02/2026 02:13:41,buy,0.34,AUDUSD,0.69038,06/02/2026 12:27:16,0.69680,-2.04,0.00,64.20,216.24,248.88,73.80,-27.20,-7.40,4627,SMA Buy 4627,10.23,10.23hrs
06/02/2026 01:24:42,buy,0.23,AUDUSD,0.69192,06/02/2026 12:27:15,0.69681,-1.38,0.00,48.90,111.09,132.94,58.40,-53.82,-22.80,4627,SMA Buy 4627,11.04,11.04hrs
05/02/2026 17:14:59,buy,0.10,AUDUSD,0.69575,06/02/2026 12:27:14,0.69681,-0.60,-0.06,10.60,9.94,20.90,21.50,-61.76,-61.10,4627,SMA Buy 4627,19.20,19.20hrs
04/02/2026 18:08:39,buy,0.05,AUDUSD,0.69914,06/02/2026 12:27:13,0.69681,-0.30,-0.13,-23.30,-12.08,7.23,15.20,-47.93,-95.00,4627,SMA Buy 4627,42.31,1.76days
04/02/2026 15:00:35,buy,0.02,AUDUSD,0.70287,06/02/2026 12:27:12,0.69681,-0.12,-0.05,-60.60,-12.29,1.18,6.50,-26.63,-132.30,4627,SMA Buy 4627,45.44,1.89days
05/02/2026 17:31:10,buy,0.07,AUDJPY,108.89100,06/02/2026 08:35:46,109.08200,-0.42,0.09,19.10,8.20,26.21,59.70,-38.32,-85.00,4627,SMA Buy 4627,15.08,15.08hrs
05/02/2026 04:16:49,buy,0.03,AUDJPY,109.21600,06/02/2026 08:35:45,109.08400,-0.18,0.04,-13.20,-2.66,11.20,59.60,-22.65,-117.50,4627,SMA Buy 4627,28.32,1.18days
06/02/2026 02:15:42,buy,0.51,AUDJPY,108.12400,06/02/2026 08:35:44,109.08100,-3.06,0.00,95.70,308.21,357.48,110.90,-30.09,-8.30,4627,SMA Buy 4627,6.33,6.33hrs
06/02/2026 02:02:41,buy,0.34,AUDJPY,108.27600,06/02/2026 08:35:43,109.08400,-2.04,0.00,80.80,173.17,205.37,95.70,-53.06,-23.50,4627,SMA Buy 4627,6.55,6.55hrs
06/02/2026 01:52:21,buy,0.23,AUDJPY,108.44400,06/02/2026 08:35:42,109.08000,-1.38,0.00,63.60,91.90,114.30,78.90,-60.57,-40.30,4627,SMA Buy 4627,6.72,6.72hrs
06/02/2026 01:22:58,buy,0.15,AUDJPY,108.59600,06/02/2026 08:35:41,109.08000,-0.90,0.00,48.40,45.40,60.01,63.70,-54.06,-55.50,4627,SMA Buy 4627,7.21,7.21hrs
05/02/2026 17:34:08,buy,0.10,AUDJPY,108.74800,06/02/2026 08:35:40,109.07900,-0.60,0.13,33.10,20.64,46.56,74.00,-45.62,-70.70,4627,SMA Buy 4627,15.03,15.03hrs
05/02/2026 17:15:12,buy,0.05,AUDJPY,109.06100,06/02/2026 08:35:38,109.07900,-0.30,0.07,1.80,0.35,13.31,42.70,-32.80,-102.00,4627,SMA Buy 4627,15.34,15.34hrs
05/02/2026 01:00:05,buy,0.02,AUDJPY,109.77800,06/02/2026 08:35:37,109.07600,-0.12,0.03,-70.20,-9.04,2.12,17.60,-22.27,-173.70,4627,SMA Buy 4627,31.59,1.32days
05/02/2026 09:26:13,balance,0.01,,0.00000,05/02/2026 09:26:13,0.00000,0.00,0.00,0.00,-6341.00,0.00,0.00,0.00,0.00,0,Transfer Out to 7224640,0.00,0.00hrs
03/02/2026 08:00:10,buy,0.02,AUDJPY,108.90900,04/02/2026 04:17:36,109.69100,-0.12,0.03,78.20,9.92,11.85,93.20,-1.30,-9.20,4627,SMA Buy 4627,20.29,20.29hrs
02/02/2026 08:23:26,buy,0.23,AUDUSD,0.69125,03/02/2026 04:04:48,0.69716,-1.38,-0.15,59.10,134.40,148.43,65.20,-11.96,-4.60,4627,SMA Buy 4627[batchClose],19.69,19.69hrs
02/02/2026 01:11:59,buy,0.15,AUDUSD,0.69280,03/02/2026 04:04:48,0.69716,-0.90,-0.10,43.60,64.40,73.55,49.70,-31.05,-20.10,4627,SMA Buy 4627[batchClose],26.88,1.12days
30/01/2026 20:19:47,buy,0.10,AUDUSD,0.69523,03/02/2026 04:04:48,0.69716,-0.60,-0.16,19.30,18.54,32.80,33.40,-45.08,-44.40,4627,SMA Buy 4627[batchClose],79.75,3.32days
30/01/2026 20:07:18,buy,0.07,AUDUSD,0.69673,03/02/2026 04:04:48,0.69716,-0.42,-0.11,4.30,2.48,12.46,18.40,-42.06,-59.40,4627,SMA Buy 4627[batchClose],79.96,3.33days
30/01/2026 04:20:59,buy,0.05,AUDUSD,0.69827,03/02/2026 04:04:48,0.69716,-0.30,-0.08,-11.10,-5.93,23.95,48.50,-37.74,-74.80,4627,SMA Buy 4627[batchClose],95.73,3.99days
30/01/2026 04:00:38,buy,0.03,AUDUSD,0.70008,03/02/2026 04:04:48,0.69716,-0.18,-0.05,-29.20,-8.99,8.94,30.40,-28.08,-92.90,4627,SMA Buy 4627[batchClose],96.07,4.00days
30/01/2026 03:35:33,buy,0.02,AUDUSD,0.70205,03/02/2026 04:04:48,0.69716,-0.12,-0.03,-48.90,-9.93,2.02,10.70,-22.66,-112.60,4627,SMA Buy 4627[batchClose],96.49,4.02days
02/02/2026 08:15:07,buy,0.07,CADJPY,113.28400,02/02/2026 17:49:04,113.79700,-0.42,0.00,51.30,22.65,30.57,68.90,-8.52,-17.90,4627,SMA Buy 4627,9.57,9.57hrs
30/01/2026 20:22:17,buy,0.03,CADJPY,113.60600,02/02/2026 17:49:03,113.79800,-0.18,0.03,19.20,3.55,9.62,50.60,-9.87,-50.10,4627,SMA Buy 4627,69.45,2.89days
02/02/2026 08:37:45,buy,0.10,CADJPY,113.13300,02/02/2026 17:49:02,113.80100,-0.60,0.00,66.80,42.31,53.38,84.00,-2.41,-2.80,4627,SMA Buy 4627,9.19,9.19hrs
02/02/2026 06:06:13,buy,0.05,CADJPY,113.45400,02/02/2026 17:49:01,113.81600,-0.30,0.00,36.20,11.33,16.38,51.90,-11.58,-34.90,4627,SMA Buy 4627,11.71,11.71hrs
30/01/2026 12:30:04,buy,0.02,CADJPY,113.83400,02/02/2026 17:49:00,113.81500,-0.12,0.02,-1.90,-0.34,7.79,61.20,-9.53,-72.90,4627,SMA Buy 4627,77.32,3.22days
30/01/2026 20:21:34,buy,0.05,AUDJPY,107.35400,02/02/2026 03:07:25,108.00900,-0.30,0.06,65.50,20.85,26.10,81.80,-2.43,-6.60,4627,SMA Buy 4627,54.76,2.28days
30/01/2026 20:16:23,buy,0.03,AUDJPY,107.52700,02/02/2026 03:07:25,108.00400,-0.18,0.04,47.70,9.08,12.32,64.50,-4.82,-23.90,4627,SMA Buy 4627,54.85,2.29days
30/01/2026 03:35:38,buy,0.02,AUDJPY,107.81700,02/02/2026 03:07:23,108.01000,-0.12,0.02,19.30,2.39,9.71,76.00,-6.99,-52.90,4627,SMA Buy 4627,71.53,2.98days
29/01/2026 17:17:47,buy,0.07,AUDUSD,0.69945,30/01/2026 00:01:33,0.70425,-0.42,-0.07,48.00,33.11,40.88,59.00,-18.76,-26.20,4627,SMA Buy 4627,6.73,6.73hrs
29/01/2026 17:13:51,buy,0.03,AUDUSD,0.70263,30/01/2026 00:01:32,0.70425,-0.18,-0.03,16.20,4.65,7.98,27.20,-17.58,-58.00,4627,SMA Buy 4627,6.79,6.79hrs
29/01/2026 17:28:15,buy,0.10,AUDUSD,0.69800,30/01/2026 00:01:31,0.70425,-0.60,-0.10,62.50,61.80,72.90,73.50,-12.30,-11.70,4627,SMA Buy 4627,6.55,6.55hrs
29/01/2026 17:16:48,buy,0.05,AUDUSD,0.70139,30/01/2026 00:01:31,0.70425,-0.30,-0.05,28.60,13.95,19.50,39.60,-23.10,-45.60,4627,SMA Buy 4627,6.75,6.75hrs
29/01/2026 05:00:00,buy,0.02,AUDUSD,0.70473,30/01/2026 00:01:30,0.70425,-0.12,-0.02,-4.80,-1.10,9.12,46.20,-15.92,-79.00,4627,SMA Buy 4627,19.02,19.02hrs
29/01/2026 09:31:20,sell,0.34,CADJPY,113.37700,29/01/2026 17:47:44,112.79100,-2.04,0.00,58.60,128.25,167.69,76.30,-39.09,-16.70,4627,SMA Sell 4627,8.27,8.27hrs
28/01/2026 16:02:12,sell,0.07,CADJPY,112.80200,29/01/2026 17:47:43,112.78500,-0.42,-0.87,1.70,-0.52,7.32,18.80,-35.18,-74.20,4627,SMA Sell 4627,25.76,1.07days
28/01/2026 17:11:10,sell,0.15,CADJPY,113.05400,29/01/2026 17:47:42,112.78300,-0.90,-1.87,27.10,23.81,40.41,44.00,-50.73,-49.00,4627,SMA Sell 4627,24.61,1.03days
28/01/2026 10:45:38,sell,0.03,CADJPY,112.46300,29/01/2026 17:47:42,112.78900,-0.18,-0.37,-32.60,-6.94,1.26,7.30,-21.71,-108.10,4627,SMA Sell 4627,31.03,1.29days
29/01/2026 16:08:32,sell,0.51,CADJPY,113.52600,29/01/2026 17:47:41,112.78200,-3.06,0.00,74.40,245.05,301.26,91.20,-9.05,-1.80,4627,SMA Sell 4627,1.65,1.65hrs
28/01/2026 17:22:08,sell,0.23,CADJPY,113.22700,29/01/2026 17:47:39,112.79100,-1.38,-2.87,43.60,61.32,88.00,61.30,-51.82,-31.70,4627,SMA Sell 4627,24.43,1.02days
28/01/2026 17:08:14,sell,0.10,CADJPY,112.91800,29/01/2026 17:47:37,112.79100,-0.60,-1.25,12.70,6.46,18.04,30.40,-42.70,-62.60,4627,SMA Sell 4627,24.66,1.03days
28/01/2026 15:50:09,sell,0.05,CADJPY,112.65400,29/01/2026 17:47:33,112.79600,-0.30,-0.62,-14.20,-5.57,0.39,4.00,-29.96,-89.00,4627,SMA Sell 4627,25.96,1.08days
27/01/2026 12:52:37,sell,0.02,CADJPY,112.16800,29/01/2026 17:47:31,112.78800,-0.12,-0.33,-62.00,-8.55,2.82,22.40,-18.41,-137.60,4627,SMA Sell 4627,52.91,2.20days
28/01/2026 17:07:37,buy,0.03,AUDUSD,0.69883,29/01/2026 00:01:15,0.70307,-0.18,-0.09,42.40,12.45,15.99,53.90,-3.78,-12.00,4627,SMA Buy 4627,6.89,6.89hrs
28/01/2026 12:57:04,buy,0.02,AUDUSD,0.70109,29/01/2026 00:01:14,0.70307,-0.12,-0.06,19.80,3.78,6.14,31.30,-7.04,-34.60,4627,SMA Buy 4627,11.07,11.07hrs
26/01/2026 04:14:59,buy,0.34,AUDJPY,106.62200,28/01/2026 17:37:29,107.25100,-2.04,0.86,62.90,138.25,169.79,77.30,-125.02,-55.50,4627,SMA Buy 4627,61.38,2.56days
23/01/2026 19:31:12,buy,0.07,AUDJPY,107.69600,28/01/2026 17:37:28,107.24800,-0.42,0.26,-44.80,-20.60,12.12,28.10,-74.76,-162.90,4627,SMA Buy 4627,118.10,4.92days
26/01/2026 13:02:48,buy,0.77,AUDJPY,106.22500,28/01/2026 17:37:27,107.25400,-4.62,1.94,102.90,513.86,583.36,117.00,-83.56,-15.80,4627,SMA Buy 4627,52.58,2.19days
23/01/2026 20:41:23,buy,0.15,AUDJPY,107.39800,28/01/2026 17:37:26,107.25300,-0.90,0.56,-14.50,-14.52,14.56,16.10,-131.02,-133.10,4627,SMA Buy 4627,116.93,4.87days
23/01/2026 19:18:23,buy,0.03,AUDJPY,108.00100,28/01/2026 17:37:25,107.25400,-0.18,0.12,-74.70,-14.67,0.00,0.00,-38.01,-193.40,4627,SMA Buy 4627,118.32,4.93days
26/01/2026 06:15:20,buy,0.51,AUDJPY,106.42100,28/01/2026 17:37:24,107.24700,-3.06,1.29,82.60,272.90,321.36,97.40,-120.60,-35.40,4627,SMA Buy 4627,59.37,2.47days
23/01/2026 21:53:54,buy,0.23,AUDJPY,107.21900,28/01/2026 17:37:23,107.24700,-1.38,0.86,2.80,3.68,34.48,24.30,-174.01,-115.20,4627,SMA Buy 4627,115.72,4.82days
23/01/2026 20:09:12,buy,0.10,AUDJPY,107.54500,28/01/2026 17:37:22,107.24600,-0.60,0.38,-29.90,-19.71,7.45,12.60,-96.94,-147.80,4627,SMA Buy 4627,117.47,4.89days
23/01/2026 19:26:52,buy,0.05,AUDJPY,107.85100,28/01/2026 17:37:21,107.24500,-0.30,0.18,-60.60,-19.87,3.72,12.60,-58.46,-178.40,4627,SMA Buy 4627,118.17,4.92days
23/01/2026 17:00:07,buy,0.02,AUDJPY,108.61300,28/01/2026 17:37:19,107.24200,-0.12,0.08,-137.10,-17.92,1.32,11.40,-33.33,-254.60,4627,SMA Buy 4627,120.62,5.03days
26/01/2026 08:57:10,buy,0.02,AUDUSD,0.69159,27/01/2026 19:17:06,0.69717,-0.12,-0.02,55.80,11.02,12.96,65.50,-3.16,-15.10,4627,SMA Buy 4627,34.33,1.43days
27/01/2026 10:33:28,sell,0.03,CADJPY,112.72100,27/01/2026 11:52:37,112.11400,-0.18,0.00,60.70,11.67,17.47,90.20,-0.80,-3.20,4627,SMA Sell 4627,1.32,1.32hrs
26/01/2026 07:30:00,sell,0.02,CADJPY,112.57100,27/01/2026 11:52:35,112.03000,-0.12,-0.08,54.10,6.85,9.61,75.20,-3.60,-26.90,4627,SMA Sell 4627,28.38,1.18days
23/01/2026 17:00:02,buy,0.02,AUDUSD,0.68642,26/01/2026 04:03:52,0.69156,-0.12,-0.02,51.40,10.14,13.04,65.90,-0.34,-1.10,4627,SMA Buy 4627,59.06,2.46days
23/01/2026 09:43:33,buy,0.03,AUDJPY,107.94600,23/01/2026 15:33:07,108.45300,-0.18,0.00,50.70,9.44,12.39,66.30,-4.22,-21.20,4627,SMA Buy 4627,5.83,5.83hrs
23/01/2026 09:44:25,buy,0.05,AUDJPY,107.81800,23/01/2026 15:33:06,108.45100,-0.30,0.00,63.30,19.71,24.70,79.10,-3.64,-10.50,4627,SMA Buy 4627,5.81,5.81hrs
22/01/2026 20:57:16,buy,0.02,AUDJPY,108.34000,23/01/2026 15:33:06,108.45100,-0.12,0.02,11.10,1.30,8.12,65.40,-7.80,-60.60,4627,SMA Buy 4627,18.60,18.60hrs
22/01/2026 07:12:10,sell,0.34,CADJPY,114.84400,23/01/2026 09:43:47,114.51700,-2.04,-1.36,32.70,67.00,120.10,57.25,-128.97,-58.80,4627,SMA Sell 4627,26.53,1.11days
20/01/2026 08:15:34,sell,0.07,CADJPY,114.20500,23/01/2026 09:43:46,114.45600,-0.42,-1.40,-25.10,-12.93,10.98,25.65,-55.77,-122.70,4627,SMA Sell 4627,73.47,3.06days
23/01/2026 08:40:43,sell,0.77,CADJPY,115.15500,23/01/2026 09:43:45,114.62300,-4.62,0.00,53.20,254.48,427.00,88.35,-138.59,-27.70,4627,SMA Sell 4627,1.05,1.05hrs
21/01/2026 16:04:44,sell,0.15,CADJPY,114.53800,23/01/2026 09:43:44,114.64800,-0.90,-2.39,-11.00,-13.73,22.07,26.65,-87.52,-89.40,4627,SMA Sell 4627,41.65,1.74days
19/01/2026 17:05:09,sell,0.03,CADJPY,113.90400,23/01/2026 09:43:44,114.61800,-0.18,-0.72,-71.40,-14.45,2.09,12.60,-29.69,-152.80,4627,SMA Sell 4627,88.64,3.69days
23/01/2026 09:19:02,sell,1.15,CADJPY,115.30600,23/01/2026 09:43:43,114.59200,-6.90,0.00,71.40,512.45,747.89,103.45,-97.91,-12.60,4627,SMA Sell 4627,0.41,0.41hrs
22/01/2026 15:01:31,sell,0.51,CADJPY,114.99500,23/01/2026 09:43:42,114.62100,-3.06,-2.03,37.40,115.56,229.01,72.35,-145.08,-43.70,4627,SMA Sell 4627,18.70,18.70hrs
21/01/2026 16:50:08,sell,0.23,CADJPY,114.69000,23/01/2026 09:43:42,114.60700,-1.38,-3.67,8.30,7.03,56.02,41.85,-112.25,-74.20,4627,SMA Sell 4627,40.89,1.70days
20/01/2026 09:01:03,sell,0.10,CADJPY,114.35600,23/01/2026 09:43:41,114.57500,-0.60,-2.00,-21.90,-16.46,25.28,40.75,-70.19,-107.60,4627,SMA Sell 4627,72.71,3.03days
19/01/2026 18:17:58,sell,0.05,CADJPY,114.05400,23/01/2026 09:43:40,114.52100,-0.30,-1.20,-46.70,-16.28,8.24,27.60,-44.78,-137.80,4627,SMA Sell 4627,87.43,3.64days
19/01/2026 13:30:02,sell,0.02,CADJPY,113.75300,23/01/2026 09:43:39,114.54300,-0.12,-0.48,-79.00,-10.60,0.32,3.50,-21.69,-167.90,4627,SMA Sell 4627,92.23,3.84days
22/01/2026 12:57:12,buy,0.02,AUDUSD,0.68020,23/01/2026 04:06:55,0.68426,-0.12,-0.02,40.60,7.98,9.94,50.40,-1.02,-4.50,4627,SMA Buy 4627,15.16,15.16hrs
21/01/2026 08:57:06,buy,0.02,AUDJPY,106.77100,22/01/2026 09:55:11,108.02800,-0.12,0.07,125.70,15.79,17.73,141.20,-2.91,-22.00,4627,SMA Buy 4627,24.97,1.04days
20/01/2026 09:00:01,buy,0.02,AUDUSD,0.67318,22/01/2026 08:08:06,0.68002,-0.12,-0.08,68.40,13.48,15.38,77.90,-1.86,-8.70,4627,SMA Buy 4627,47.13,1.96days
12/01/2026 21:30:04,buy,0.02,CADJPY,113.98400,15/01/2026 17:52:48,114.13700,-0.12,0.10,15.30,1.91,9.53,76.30,-2.60,-19.70,4627,SMA Buy 4627,68.38,2.85days
14/01/2026 13:58:13,buy,0.07,AUDJPY,105.97200,15/01/2026 17:52:27,106.15000,-0.42,0.24,17.80,7.68,10.94,25.20,-17.77,-39.20,4627,SMA Buy 4627,27.90,1.16days
13/01/2026 17:03:44,buy,0.03,AUDJPY,106.27600,15/01/2026 17:52:27,106.15000,-0.18,0.13,-12.60,-2.43,8.05,43.20,-13.29,-69.60,4627,SMA Buy 4627,48.81,2.03days
14/01/2026 14:00:48,buy,0.10,AUDJPY,105.80100,15/01/2026 17:52:26,106.14900,-0.60,0.34,34.80,21.69,26.40,42.30,-14.57,-22.10,4627,SMA Buy 4627,27.86,1.16days
14/01/2026 12:40:26,buy,0.05,AUDJPY,106.12500,15/01/2026 17:52:25,106.15000,-0.30,0.17,2.50,0.66,2.99,9.90,-17.53,-54.50,4627,SMA Buy 4627,29.20,1.22days
13/01/2026 14:00:01,buy,0.02,AUDJPY,106.50400,15/01/2026 17:52:24,106.14900,-0.12,0.09,-35.50,-4.51,2.51,20.40,-11.74,-92.40,4627,SMA Buy 4627,51.87,2.16days
08/01/2026 16:21:16,buy,0.07,AUDUSD,0.66844,15/01/2026 17:52:13,0.66942,-0.42,-0.37,9.80,6.07,28.96,42.20,-15.52,-21.50,4627,SMA Buy 4627,169.52,7.06days
08/01/2026 04:18:46,buy,0.03,AUDUSD,0.67148,15/01/2026 17:52:13,0.66944,-0.18,-0.18,-20.40,-6.48,3.28,11.80,-15.78,-51.90,4627,SMA Buy 4627,181.56,7.56days
09/01/2026 17:08:31,buy,0.10,AUDUSD,0.66676,15/01/2026 17:52:12,0.66942,-0.60,-0.43,26.60,25.57,58.26,59.00,-5.30,-4.70,4627,SMA Buy 4627,144.73,6.03days
08/01/2026 08:05:02,buy,0.05,AUDUSD,0.66993,15/01/2026 17:52:11,0.66942,-0.30,-0.27,-5.10,-3.12,13.23,27.30,-18.54,-36.40,4627,SMA Buy 4627,177.79,7.41days
06/01/2026 16:57:04,buy,0.02,AUDUSD,0.67321,15/01/2026 17:52:10,0.66946,-0.12,-0.19,-37.50,-7.81,6.59,33.80,-14.05,-69.20,4627,SMA Buy 4627,216.92,9.04days
12/01/2026 04:57:09,buy,0.02,AUDJPY,105.78700,13/01/2026 12:30:01,106.45700,-0.12,0.02,67.00,8.34,10.40,83.40,-1.06,-7.40,4627,SMA Buy 4627,31.55,1.31days
08/01/2026 08:10:44,buy,0.07,AUDJPY,104.91200,09/01/2026 10:03:33,105.24200,-0.42,0.10,33.00,14.35,20.80,47.50,-9.32,-19.90,4627,SMA Buy 4627,25.88,1.08days
08/01/2026 05:05:58,buy,0.03,AUDJPY,105.22000,09/01/2026 10:03:32,105.24100,-0.18,0.04,2.10,0.26,3.04,16.70,-9.90,-50.70,4627,SMA Buy 4627,28.96,1.21days
08/01/2026 08:21:48,buy,0.10,AUDJPY,104.76200,09/01/2026 10:03:31,105.24500,-0.60,0.15,48.30,30.22,39.26,62.50,-3.73,-4.90,4627,SMA Buy 4627,25.70,1.07days
08/01/2026 07:01:25,buy,0.05,AUDJPY,105.07000,09/01/2026 10:03:31,105.24600,-0.30,0.07,17.60,5.36,9.84,31.70,-11.71,-35.70,4627,SMA Buy 4627,27.04,1.13days
07/01/2026 17:30:01,buy,0.02,AUDJPY,105.38900,09/01/2026 10:03:29,105.24600,-0.12,0.12,-14.30,-1.82,1.69,13.70,-8.70,-67.60,4627,SMA Buy 4627,40.56,1.69days
08/01/2026 07:14:22,buy,0.34,CADJPY,112.97900,09/01/2026 09:57:48,113.55700,-2.04,0.28,57.80,123.01,126.20,59.30,-53.11,-23.50,4627,SMA Buy 4627,26.72,1.11days
05/01/2026 10:19:56,buy,0.07,CADJPY,113.87400,09/01/2026 09:57:47,113.55700,-0.42,0.48,-31.70,-14.03,4.14,10.20,-50.58,-113.00,4627,SMA Buy 4627,95.63,3.98days
07/01/2026 07:02:50,buy,0.15,CADJPY,113.30000,09/01/2026 09:57:46,113.55700,-0.90,0.51,25.70,24.08,25.50,27.20,-53.95,-55.60,4627,SMA Buy 4627,50.92,2.12days
29/12/2025 09:07:22,buy,0.03,CADJPY,114.17400,09/01/2026 09:57:46,113.55800,-0.18,0.50,-61.60,-11.41,8.19,43.00,-27.14,-143.00,4627,SMA Buy 4627,264.84,11.04days
08/01/2026 08:15:12,buy,0.51,CADJPY,112.82400,09/01/2026 09:57:45,113.55900,-3.06,0.43,73.50,235.35,239.48,74.80,-29.14,-8.00,4627,SMA Buy 4627,25.71,1.07days
07/01/2026 09:05:34,buy,0.23,CADJPY,113.14900,09/01/2026 09:57:44,113.55800,-1.38,0.77,40.90,59.11,61.14,42.30,-60.53,-40.50,4627,SMA Buy 4627,48.87,2.04days
05/01/2026 20:56:54,buy,0.10,CADJPY,113.51600,09/01/2026 09:57:44,113.55900,-0.60,0.67,4.30,2.80,19.67,31.60,-49.39,-77.20,4627,SMA Buy 4627,85.01,3.54days
29/12/2025 22:05:40,buy,0.05,CADJPY,114.02400,09/01/2026 09:57:43,113.55900,-0.30,0.82,-46.50,-14.24,18.43,58.00,-40.45,-128.00,4627,SMA Buy 4627,251.87,10.49days
26/12/2025 08:57:04,buy,0.02,CADJPY,114.32200,09/01/2026 09:57:42,113.55700,-0.12,0.36,-76.50,-9.47,3.82,30.80,-19.96,-157.80,4627,SMA Buy 4627,337.01,14.04days
31/12/2025 17:00:50,buy,0.07,AUDUSD,0.66719,06/01/2026 09:52:40,0.67290,-0.42,-0.93,57.10,38.62,45.34,66.70,-9.45,-12.90,4627,SMA Buy 4627,136.86,5.70days
29/12/2025 10:07:15,buy,0.03,AUDUSD,0.67020,06/01/2026 09:52:39,0.67289,-0.18,-0.52,26.90,7.37,10.28,36.60,-13.34,-43.00,4627,SMA Buy 4627,191.76,7.99days
29/12/2025 14:25:13,buy,0.05,AUDUSD,0.66869,06/01/2026 09:52:38,0.67289,-0.30,-0.87,42.00,19.83,24.68,51.70,-14.68,-27.90,4627,SMA Buy 4627,187.46,7.81days
26/12/2025 16:57:09,buy,0.02,AUDUSD,0.67177,06/01/2026 09:52:35,0.67289,-0.12,-0.39,11.20,1.73,3.67,20.90,-12.08,-58.70,4627,SMA Buy 4627,256.92,10.71days
24/12/2025 20:52:05,buy,0.02,AUDJPY,104.53300,06/01/2026 09:36:11,105.20700,-0.12,0.33,67.40,8.84,10.77,82.60,-2.69,-21.00,4627,SMA Buy 4627,300.74,12.53days
23/12/2025 06:03:58,buy,0.07,CADJPY,113.65100,26/12/2025 03:21:34,114.28600,-0.42,0.30,63.50,28.32,35.31,79.20,-8.10,-17.10,4627,SMA Buy 4627,69.29,2.89days
23/12/2025 07:24:43,buy,0.10,CADJPY,113.49300,26/12/2025 03:21:33,114.28500,-0.60,0.44,79.20,50.53,60.55,95.00,-1.24,-1.00,4627,SMA Buy 4627,67.95,2.83days
23/12/2025 02:55:51,buy,0.03,CADJPY,113.95700,26/12/2025 03:21:33,114.28600,-0.18,0.14,32.90,6.28,9.28,48.60,-9.36,-47.70,4627,SMA Buy 4627,72.43,3.02days
23/12/2025 04:05:41,buy,0.05,CADJPY,113.80300,26/12/2025 03:21:32,114.28400,-0.30,0.21,48.10,15.30,20.36,64.00,-10.66,-32.30,4627,SMA Buy 4627,71.26,2.97days
22/12/2025 08:57:03,buy,0.02,CADJPY,114.10700,26/12/2025 03:21:31,114.28500,-0.12,0.11,17.80,2.26,4.28,33.60,-8.15,-62.70,4627,SMA Buy 4627,90.41,3.77days
23/12/2025 04:03:07,buy,0.02,AUDUSD,0.66647,24/12/2025 10:13:05,0.67071,-0.12,-0.04,42.40,8.32,10.28,52.20,-0.48,-1.80,4627,SMA Buy 4627,30.17,1.26days
23/12/2025 06:58:11,buy,0.03,AUDJPY,103.99500,24/12/2025 00:59:51,104.56400,-0.18,0.03,56.90,10.78,13.50,71.30,-2.28,-10.90,4627,SMA Buy 4627,18.03,18.03hrs
19/12/2025 19:00:01,buy,0.02,AUDJPY,104.14900,24/12/2025 00:59:50,104.54400,-0.12,0.07,39.50,5.00,7.06,55.90,-3.47,-26.30,4627,SMA Buy 4627,102.00,4.25days
17/12/2025 18:51:30,buy,0.07,AUDUSD,0.66043,23/12/2025 03:03:07,0.66561,-0.42,-0.41,51.80,35.43,42.01,61.20,-9.13,-12.30,4627,SMA Buy 4627,128.19,5.34days
11/12/2025 06:01:45,buy,0.03,AUDUSD,0.66344,23/12/2025 03:03:06,0.66561,-0.18,-0.27,21.70,6.06,12.42,42.10,-13.09,-42.40,4627,SMA Buy 4627,285.02,11.88days
17/12/2025 02:57:11,buy,0.05,AUDUSD,0.66194,23/12/2025 03:03:05,0.66560,-0.30,-0.29,36.60,17.71,22.46,46.10,-14.07,-27.40,4627,SMA Buy 4627,144.10,6.00days
10/12/2025 22:28:58,buy,0.02,AUDUSD,0.66818,23/12/2025 03:03:03,0.66560,-0.12,-0.20,-25.80,-5.48,0.28,2.00,-18.23,-89.80,4627,SMA Buy 4627,292.57,12.19days
10/12/2025 03:41:45,buy,0.03,AUDJPY,103.98000,19/12/2025 04:14:56,102.96200,-0.18,0.56,-101.80,-19.24,6.07,32.70,-32.12,-166.80,4627,SMA Buy 4627,216.55,9.02days
11/12/2025 03:31:41,buy,0.07,CADJPY,112.79800,19/12/2025 04:12:39,113.03200,-0.42,0.69,23.40,10.79,28.50,64.30,-23.46,-51.90,4627,SMA Buy 4627,192.68,8.03days
16/12/2025 14:52:52,buy,0.15,CADJPY,112.35800,19/12/2025 04:12:38,113.03500,-0.90,0.94,67.70,65.26,86.72,90.30,-8.09,-7.90,4627,SMA Buy 4627,61.33,2.56days
11/12/2025 15:57:51,buy,0.10,CADJPY,112.64900,19/12/2025 04:12:37,113.03600,-0.60,0.99,38.70,25.25,50.26,79.20,-23.86,-37.00,4627,SMA Buy 4627,180.25,7.51days
10/12/2025 03:54:52,buy,0.03,CADJPY,113.10200,19/12/2025 04:12:37,113.03600,-0.18,0.42,-6.60,-1.03,6.43,33.90,-15.88,-82.30,4627,SMA Buy 4627,216.30,9.01days
10/12/2025 16:46:32,buy,0.05,CADJPY,112.95100,19/12/2025 04:12:36,113.03600,-0.30,0.67,8.50,3.10,15.54,49.00,-21.59,-67.20,4627,SMA Buy 4627,203.43,8.48days
09/12/2025 20:39:38,buy,0.02,CADJPY,113.25400,19/12/2025 04:12:35,113.03600,-0.12,0.28,-21.80,-2.64,2.39,18.70,-12.52,-97.50,4627,SMA Buy 4627,223.55,9.31days
16/12/2025 14:31:47,buy,0.51,AUDJPY,102.64200,19/12/2025 04:09:59,103.00300,-3.06,3.51,36.10,118.70,160.25,48.80,-109.84,-33.00,4627,SMA Buy 4627,61.64,2.57days
15/12/2025 17:03:36,buy,0.34,AUDJPY,102.94100,19/12/2025 04:09:33,103.00000,-2.04,2.96,5.90,13.81,63.24,29.80,-138.43,-62.90,4627,SMA Buy 4627,83.10,3.46days
11/12/2025 06:03:04,buy,0.23,AUDJPY,103.19100,19/12/2025 04:09:31,102.99900,-1.38,2.93,-19.20,-26.81,124.31,85.00,-129.99,-87.90,4627,SMA Buy 4627,190.11,7.92days
11/12/2025 05:59:36,buy,0.15,AUDJPY,103.34200,19/12/2025 04:09:29,103.00500,-0.90,1.92,-33.70,-31.45,66.55,69.90,-99.42,-103.00,4627,SMA Buy 4627,190.16,7.92days
11/12/2025 05:09:32,buy,0.10,AUDJPY,103.49400,19/12/2025 04:09:27,103.01300,-0.60,1.27,-48.10,-30.22,34.62,54.70,-76.12,-118.20,4627,SMA Buy 4627,191.00,7.96days
11/12/2025 04:28:10,buy,0.07,AUDJPY,103.64200,19/12/2025 04:09:24,103.01300,-0.42,0.90,-62.90,-27.79,17.60,39.90,-59.98,-133.00,4627,SMA Buy 4627,191.69,7.99days
10/12/2025 17:05:52,buy,0.05,AUDJPY,103.83000,19/12/2025 04:09:23,103.01300,-0.30,0.94,-81.70,-25.60,12.36,39.50,-48.68,-151.80,4627,SMA Buy 4627,203.06,8.46days
16/12/2025 17:27:02,buy,0.77,AUDJPY,102.47600,19/12/2025 04:09:16,103.01100,-4.62,5.31,53.50,265.24,324.02,65.40,-83.14,-16.40,4627,SMA Buy 4627,58.70,2.45days
10/12/2025 01:00:09,buy,0.02,AUDJPY,104.23500,19/12/2025 04:09:05,103.00700,-0.12,0.38,-122.80,-15.51,0.80,7.20,-24.71,-192.30,4627,SMA Buy 4627,219.15,9.13days
04/12/2025 12:57:06,buy,0.02,AUDUSD,0.66110,10/12/2025 21:28:56,0.66524,-0.12,-0.06,41.40,8.10,10.06,51.20,-1.78,-8.30,4627,SMA Buy 4627,152.53,6.36days
08/12/2025 22:00:00,buy,0.02,CADJPY,112.57100,09/12/2025 19:39:37,113.29200,-0.12,0.02,72.10,9.09,11.16,88.30,-1.58,-11.50,4627,SMA Buy 4627,21.66,21.66hrs
08/12/2025 05:00:00,buy,0.02,AUDJPY,103.05100,09/12/2025 19:19:07,104.24000,-0.12,0.04,118.90,15.07,17.00,134.00,-0.97,-6.60,4627,SMA Buy 4627,38.32,1.60days
01/12/2025 04:39:03,buy,0.07,CADJPY,111.25300,05/12/2025 18:40:39,112.00900,-0.42,0.48,75.60,34.12,40.87,90.60,-29.69,-65.50,4627,SMA Buy 4627,110.03,4.58days
04/12/2025 13:05:20,buy,0.15,CADJPY,110.74400,05/12/2025 18:40:38,112.00900,-0.90,0.17,126.50,121.42,135.84,141.50,-15.07,-14.60,4627,SMA Buy 4627,29.59,1.23days
01/12/2025 14:55:45,buy,0.10,CADJPY,110.90300,05/12/2025 18:40:37,112.00900,-0.60,0.70,110.60,71.29,80.92,125.60,-19.76,-30.50,4627,SMA Buy 4627,99.75,4.16days
01/12/2025 02:01:30,buy,0.03,CADJPY,111.55800,05/12/2025 18:40:37,112.00800,-0.18,0.19,45.00,8.70,11.61,60.10,-18.66,-96.00,4627,SMA Buy 4627,112.65,4.69days
01/12/2025 02:47:11,buy,0.05,CADJPY,111.40500,05/12/2025 18:40:36,112.00800,-0.30,0.35,60.30,19.46,24.31,75.40,-26.12,-80.70,4627,SMA Buy 4627,111.89,4.66days
28/11/2025 21:00:00,buy,0.02,CADJPY,111.74000,05/12/2025 18:40:35,112.00600,-0.12,0.16,26.60,3.47,5.43,41.90,-14.76,-114.20,4627,SMA Buy 4627,165.68,6.90days
03/12/2025 16:08:28,buy,0.05,AUDJPY,102.13300,05/12/2025 18:11:12,103.03400,-0.30,0.37,90.10,29.07,33.93,105.10,-1.51,-4.30,4627,SMA Buy 4627,50.05,2.09days
03/12/2025 16:04:45,buy,0.03,AUDJPY,102.28400,05/12/2025 18:11:12,103.03700,-0.18,0.23,75.30,14.59,17.45,90.00,-3.83,-19.40,4627,SMA Buy 4627,50.11,2.09days
03/12/2025 08:57:06,buy,0.02,AUDJPY,102.43600,05/12/2025 18:11:11,103.03100,-0.12,0.15,59.50,7.69,9.67,74.80,-4.52,-34.60,4627,SMA Buy 4627,57.23,2.38days
02/12/2025 06:00:01,buy,0.02,AUDUSD,0.65511,04/12/2025 11:01:23,0.66087,-0.12,-0.08,57.60,11.32,13.32,67.60,-1.76,-8.20,4627,SMA Buy 4627,53.02,2.21days
01/12/2025 04:47:31,buy,0.03,AUDJPY,101.77600,02/12/2025 16:42:21,102.33900,-0.18,0.06,56.30,10.70,13.66,71.70,-5.45,-27.20,4627,SMA Buy 4627,35.91,1.50days
01/12/2025 12:52:09,buy,0.05,AUDJPY,101.60000,02/12/2025 16:42:20,102.33200,-0.30,0.09,73.20,23.24,28.40,89.30,-3.40,-9.60,4627,SMA Buy 4627,27.84,1.16days
27/11/2025 04:00:01,buy,0.02,AUDJPY,101.92600,02/12/2025 16:42:19,102.33200,-0.12,0.10,40.60,5.19,7.25,56.70,-5.51,-42.20,4627,SMA Buy 4627,132.71,5.53days
26/11/2025 20:00:01,buy,0.02,AUDUSD,0.65148,01/12/2025 16:05:41,0.65559,-0.12,-0.11,41.10,7.99,9.97,51.00,-0.74,-3.10,4627,SMA Buy 4627,116.09,4.84days
21/11/2025 17:01:59,buy,0.34,CADJPY,110.77700,27/11/2025 01:58:34,111.29200,-2.04,2.83,51.50,112.87,155.45,71.40,-76.99,-34.80,4627,SMA Buy 4627,128.94,5.37days
21/11/2025 09:34:51,buy,0.07,CADJPY,111.39000,27/11/2025 01:58:34,111.29200,-0.42,0.59,-9.80,-4.22,4.59,10.10,-43.37,-96.10,4627,SMA Buy 4627,136.40,5.68days
25/11/2025 16:48:01,buy,0.77,CADJPY,110.47100,27/11/2025 01:58:33,111.29100,-4.62,4.34,82.00,403.88,500.53,102.00,-25.36,-4.20,4627,SMA Buy 4627,33.18,1.38days
21/11/2025 09:55:37,buy,0.15,CADJPY,111.08400,27/11/2025 01:58:32,111.29100,-0.90,1.25,20.70,20.23,39.15,40.70,-63.51,-65.50,4627,SMA Buy 4627,136.05,5.67days
20/11/2025 19:11:53,buy,0.03,CADJPY,111.68700,27/11/2025 01:58:32,111.29100,-0.18,0.29,-39.60,-7.49,3.80,20.90,-24.26,-125.80,4627,SMA Buy 4627,150.78,6.28days
21/11/2025 17:39:29,buy,0.51,CADJPY,110.62200,27/11/2025 01:58:31,111.29000,-3.06,4.26,66.80,219.27,283.70,86.90,-64.78,-19.30,4627,SMA Buy 4627,128.32,5.35days
21/11/2025 17:01:36,buy,0.23,CADJPY,110.94700,27/11/2025 01:58:30,111.28500,-1.38,1.91,33.80,50.29,80.17,54.40,-77.17,-51.80,4627,SMA Buy 4627,128.95,5.37days
21/11/2025 09:44:15,buy,0.10,CADJPY,111.23900,27/11/2025 01:58:30,111.28500,-0.60,0.83,4.60,3.17,16.20,25.20,-52.28,-81.00,4627,SMA Buy 4627,136.24,5.68days
21/11/2025 06:06:20,buy,0.05,CADJPY,111.53900,27/11/2025 01:58:29,111.28500,-0.30,0.42,-25.40,-8.01,3.83,13.00,-35.76,-111.00,4627,SMA Buy 4627,139.87,5.83days
20/11/2025 03:31:20,buy,0.02,CADJPY,111.82800,27/11/2025 01:58:28,111.28700,-0.12,0.20,-54.10,-6.84,5.66,45.60,-17.98,-139.90,4627,SMA Buy 4627,166.45,6.94days
21/11/2025 12:07:11,buy,0.34,AUDUSD,0.64293,26/11/2025 09:31:30,0.65023,-2.04,-1.25,73.00,244.91,276.19,82.20,-31.28,-8.60,4627,SMA Buy 4627,117.41,4.89days
17/11/2025 21:37:18,buy,0.07,AUDUSD,0.64894,26/11/2025 09:31:29,0.65023,-0.42,-0.85,12.90,7.76,19.38,28.40,-48.97,-68.70,4627,SMA Buy 4627,203.90,8.50days
19/11/2025 18:38:02,buy,0.15,AUDUSD,0.64593,26/11/2025 09:31:28,0.65023,-0.90,-1.39,43.00,62.21,76.01,52.20,-59.20,-38.60,4627,SMA Buy 4627,158.89,6.62days
14/11/2025 10:22:02,buy,0.03,AUDUSD,0.65197,26/11/2025 09:31:28,0.65022,-0.18,-0.39,-17.50,-5.82,9.15,31.10,-30.11,-99.00,4627,SMA Buy 4627,287.16,11.96days
20/11/2025 19:16:58,buy,0.23,AUDUSD,0.64443,26/11/2025 09:31:27,0.65022,-1.38,-1.18,57.90,130.61,152.00,67.20,-55.86,-23.60,4627,SMA Buy 4627,134.24,5.59days
18/11/2025 06:09:52,buy,0.10,AUDUSD,0.64744,26/11/2025 09:31:26,0.65022,-0.60,-1.08,27.80,26.12,42.80,43.40,-54.84,-53.70,4627,SMA Buy 4627,195.36,8.14days
14/11/2025 13:47:20,buy,0.05,AUDUSD,0.65045,26/11/2025 09:31:26,0.65022,-0.30,-0.67,-2.30,-2.12,22.85,46.30,-42.59,-83.80,4627,SMA Buy 4627,283.74,11.82days
12/11/2025 14:30:00,buy,0.02,AUDUSD,0.65409,26/11/2025 09:31:24,0.65021,-0.12,-0.39,-38.80,-8.27,7.57,38.60,-24.41,-120.20,4627,SMA Buy 4627,331.02,13.79days
21/11/2025 12:06:51,buy,0.34,AUDJPY,100.72100,24/11/2025 11:10:00,101.21300,-2.04,0.59,49.20,105.20,138.12,64.40,-82.35,-36.90,4627,SMA Buy 4627,71.05,2.96days
20/11/2025 19:36:10,buy,0.07,AUDJPY,101.32800,24/11/2025 11:10:00,101.21300,-0.42,0.24,-11.50,-5.31,23.82,54.60,-44.03,-97.60,4627,SMA Buy 4627,87.56,3.65days
21/11/2025 17:40:04,buy,0.77,AUDJPY,100.38100,24/11/2025 11:09:59,101.21200,-4.62,1.33,83.10,404.66,479.68,98.40,-16.45,-2.40,4627,SMA Buy 4627,65.50,2.73days
21/11/2025 09:45:07,buy,0.15,AUDJPY,101.02900,24/11/2025 11:09:59,101.21200,-0.90,0.26,18.30,16.87,31.49,33.60,-65.90,-67.70,4627,SMA Buy 4627,73.41,3.06days
20/11/2025 18:55:19,buy,0.03,AUDJPY,101.64500,24/11/2025 11:09:58,101.21300,-0.18,0.10,-43.20,-8.34,4.18,22.90,-24.96,-129.30,4627,SMA Buy 4627,88.24,3.68days
21/11/2025 17:21:51,buy,0.51,AUDJPY,100.53200,24/11/2025 11:09:57,101.21200,-3.06,0.88,68.00,218.93,268.62,83.30,-61.82,-18.00,4627,SMA Buy 4627,65.80,2.74days
21/11/2025 09:55:32,buy,0.23,AUDJPY,100.87800,24/11/2025 11:09:57,101.21200,-1.38,0.40,33.40,47.99,70.42,48.70,-78.82,-52.60,4627,SMA Buy 4627,73.24,3.05days
21/11/2025 09:37:13,buy,0.10,AUDJPY,101.18100,24/11/2025 11:09:56,101.21200,-0.60,0.17,3.10,1.55,11.30,18.40,-53.67,-82.90,4627,SMA Buy 4627,73.55,3.06days
20/11/2025 18:58:39,buy,0.05,AUDJPY,101.48400,24/11/2025 11:09:55,101.21200,-0.30,0.18,-27.20,-8.79,12.07,39.00,-36.44,-113.20,4627,SMA Buy 4627,88.19,3.67days
20/11/2025 04:57:07,buy,0.02,AUDJPY,101.90800,24/11/2025 11:09:54,101.21000,-0.12,0.06,-69.80,-8.96,7.16,57.40,-20.01,-155.60,4627,SMA Buy 4627,102.21,4.26days
18/11/2025 15:30:01,buy,0.02,CADJPY,110.69000,19/11/2025 13:56:30,111.44400,-0.12,0.03,75.40,9.57,11.59,91.30,-1.22,-8.50,4627,SMA Buy 4627,22.44,22.44hrs
14/11/2025 14:58:34,buy,0.07,CADJPY,109.77300,17/11/2025 18:08:07,110.56300,-0.42,0.09,79.00,35.32,42.63,95.30,-10.26,-21.60,4627,SMA Buy 4627,75.16,3.13days
14/11/2025 15:20:02,buy,0.10,CADJPY,109.62900,17/11/2025 18:08:06,110.56300,-0.60,0.13,93.40,59.73,70.17,109.70,-5.29,-7.20,4627,SMA Buy 4627,74.80,3.12days
14/11/2025 14:06:10,buy,0.03,CADJPY,110.08100,17/11/2025 18:08:06,110.56200,-0.18,0.04,48.10,9.16,12.32,64.50,-10.41,-52.40,4627,SMA Buy 4627,76.03,3.17days
14/11/2025 14:22:15,buy,0.05,CADJPY,109.92500,17/11/2025 18:08:05,110.56400,-0.30,0.07,63.90,20.36,25.56,80.10,-12.28,-36.80,4627,SMA Buy 4627,75.76,3.16days
12/11/2025 21:00:00,buy,0.02,CADJPY,110.54900,17/11/2025 18:08:03,110.56600,-0.12,0.14,1.70,0.24,2.30,17.70,-12.94,-99.20,4627,SMA Buy 4627,117.13,4.88days
14/11/2025 15:37:08,buy,0.10,AUDJPY,100.26800,14/11/2025 19:51:45,101.13500,-0.60,0.00,86.70,55.46,65.77,102.70,-3.66,-4.70,4627,SMA Buy 4627,4.24,4.24hrs
14/11/2025 14:34:05,buy,0.07,AUDJPY,100.42000,14/11/2025 19:51:44,101.13400,-0.42,0.00,71.40,31.90,39.16,87.50,-9.48,-19.90,4627,SMA Buy 4627,5.29,5.29hrs
14/11/2025 14:13:12,buy,0.05,AUDJPY,100.57000,14/11/2025 19:51:44,101.13400,-0.30,0.00,56.40,17.93,23.13,72.50,-11.65,-34.90,4627,SMA Buy 4627,5.64,5.64hrs
14/11/2025 13:10:55,buy,0.03,AUDJPY,100.72300,14/11/2025 19:51:43,101.13400,-0.18,0.00,41.10,7.79,10.91,57.20,-9.98,-50.20,4627,SMA Buy 4627,6.68,6.68hrs
12/11/2025 13:05:48,buy,0.02,AUDJPY,101.17800,14/11/2025 19:51:42,101.13300,-0.12,0.13,-4.50,-0.57,8.25,64.30,-12.44,-95.70,4627,SMA Buy 4627,54.77,2.28days
10/11/2025 18:16:00,buy,0.03,CADJPY,109.76200,12/11/2025 18:48:14,110.44100,-0.18,0.08,67.90,13.07,15.91,82.70,-1.82,-8.40,4627,SMA Buy 4627,48.54,2.02days
10/11/2025 15:26:43,buy,0.02,CADJPY,110.01600,12/11/2025 18:48:12,110.43700,-0.12,0.06,42.10,5.39,7.33,57.30,-4.51,-33.80,4627,SMA Buy 4627,51.36,2.14days
11/11/2025 15:25:52,buy,0.03,AUDJPY,100.44600,12/11/2025 12:05:48,101.12500,-0.18,0.05,67.90,13.03,15.88,82.60,-2.27,-11.00,4627,SMA Buy 4627,20.67,20.67hrs
11/11/2025 11:00:01,buy,0.02,AUDJPY,100.62400,12/11/2025 12:05:46,101.12100,-0.12,0.03,49.70,6.34,8.28,64.80,-3.83,-28.80,4627,SMA Buy 4627,25.10,1.05days
06/11/2025 16:50:31,buy,0.34,AUDUSD,0.64873,12/11/2025 11:53:36,0.65343,-2.04,-1.96,47.00,155.80,188.44,56.60,-86.02,-24.70,4627,SMA Buy 4627,139.05,5.79days
03/11/2025 17:26:39,buy,0.15,AUDUSD,0.65229,12/11/2025 11:53:35,0.65343,-0.90,-1.93,11.40,14.27,28.67,21.00,-98.80,-64.80,4627,SMA Buy 4627,210.45,8.77days
30/10/2025 15:00:15,buy,0.07,AUDUSD,0.65533,12/11/2025 11:53:35,0.65343,-0.42,-1.15,-19.00,-14.87,5.42,8.60,-67.59,-95.20,4627,SMA Buy 4627,308.89,12.87days
29/10/2025 21:35:40,buy,0.03,AUDUSD,0.65842,12/11/2025 11:53:34,0.65341,-0.18,-0.64,-50.10,-15.85,3.61,12.80,-38.33,-126.10,4627,SMA Buy 4627,326.30,13.60days
06/11/2025 17:04:21,buy,0.51,AUDUSD,0.64721,12/11/2025 11:53:33,0.65340,-3.06,-2.96,61.90,309.67,360.16,71.80,-51.51,-9.50,4627,SMA Buy 4627,138.82,5.78days
06/11/2025 16:08:40,buy,0.23,AUDUSD,0.65034,12/11/2025 11:53:33,0.65341,-1.38,-1.34,30.70,67.89,90.43,40.50,-95.22,-40.80,4627,SMA Buy 4627,139.75,5.82days
30/10/2025 15:59:11,buy,0.10,AUDUSD,0.65383,12/11/2025 11:53:32,0.65342,-0.60,-1.62,-4.10,-6.32,22.75,23.60,-81.55,-80.20,4627,SMA Buy 4627,307.91,12.83days
29/10/2025 21:39:21,buy,0.05,AUDUSD,0.65686,12/11/2025 11:53:31,0.65341,-0.30,-1.09,-34.50,-18.64,13.82,28.40,-56.10,-110.50,4627,SMA Buy 4627,326.24,13.59days
29/10/2025 18:40:23,buy,0.02,AUDUSD,0.66136,12/11/2025 11:53:30,0.65342,-0.12,-0.42,-79.40,-16.42,0.22,1.70,-31.43,-155.50,4627,SMA Buy 4627,329.22,13.72days
06/11/2025 15:35:33,buy,0.07,CADJPY,108.91500,10/11/2025 14:26:37,109.91800,-0.42,0.22,100.30,45.38,52.40,115.90,-33.67,-72.60,4627,SMA Buy 4627,94.85,3.95days
06/11/2025 16:58:56,buy,0.15,CADJPY,108.61600,10/11/2025 14:26:36,109.91800,-0.90,0.46,130.20,126.34,141.36,145.80,-42.81,-42.70,4627,SMA Buy 4627,93.46,3.89days
06/11/2025 16:41:55,buy,0.10,CADJPY,108.76900,10/11/2025 14:26:35,109.91600,-0.60,0.30,114.70,74.16,84.32,130.50,-38.55,-58.00,4627,SMA Buy 4627,93.74,3.91days
03/11/2025 10:45:25,buy,0.03,CADJPY,109.86100,10/11/2025 14:26:35,109.91600,-0.18,0.34,5.50,1.23,4.30,21.30,-32.76,-167.20,4627,SMA Buy 4627,171.69,7.15days
03/11/2025 16:56:27,buy,0.05,CADJPY,109.57700,10/11/2025 14:26:34,109.91500,-0.30,0.55,33.80,11.23,16.36,49.70,-45.32,-138.80,4627,SMA Buy 4627,165.50,6.90days
30/10/2025 11:00:03,buy,0.02,CADJPY,110.08500,10/11/2025 14:26:33,109.91500,-0.12,0.27,-17.00,-2.06,3.75,29.90,-24.72,-189.60,4627,SMA Buy 4627,267.44,11.14days
05/11/2025 17:05:29,sell,0.07,AUDJPY,100.11800,06/11/2025 17:11:19,99.33200,-0.42,-1.50,78.60,33.96,41.13,94.25,-12.93,-27.55,4627,SMA Sell 4627,24.10,1.00days
05/11/2025 17:58:20,sell,0.10,AUDJPY,100.26500,06/11/2025 17:11:18,99.33400,-0.60,-2.14,93.10,57.97,68.35,108.95,-8.93,-12.85,4627,SMA Sell 4627,23.22,23.22hrs
05/11/2025 15:38:34,sell,0.03,AUDJPY,99.81500,06/11/2025 17:11:18,99.33200,-0.18,-0.64,48.30,8.63,11.70,63.95,-11.43,-57.85,4627,SMA Sell 4627,25.55,1.06days
05/11/2025 16:40:56,sell,0.05,AUDJPY,99.96800,06/11/2025 17:11:17,99.33100,-0.30,-1.07,63.70,19.40,24.48,79.25,-14.10,-42.55,4627,SMA Sell 4627,24.51,1.02days
05/11/2025 04:42:31,sell,0.02,AUDJPY,99.15300,06/11/2025 17:11:14,99.33500,-0.12,-0.43,-18.20,-2.92,0.00,0.35,-16.21,-124.05,4627,SMA Sell 4627,36.48,1.52days
30/10/2025 05:50:59,buy,0.03,CADJPY,109.32700,30/10/2025 10:00:03,109.99800,-0.18,0.00,67.10,12.95,15.81,81.80,-2.59,-12.20,4627,SMA Buy 4627,4.15,4.15hrs
30/10/2025 02:00:00,buy,0.02,CADJPY,109.52500,30/10/2025 10:00:02,109.99000,-0.12,0.00,46.50,5.94,7.96,62.00,-4.33,-32.00,4627,SMA Buy 4627,8.00,8.00hrs
24/10/2025 15:30:34,buy,0.03,CADJPY,108.87600,29/10/2025 21:02:43,109.50000,-0.18,0.15,62.40,12.26,15.18,77.30,-8.44,-42.10,4627,SMA Buy 4627,125.54,5.23days
23/10/2025 11:49:09,buy,0.02,CADJPY,109.07500,29/10/2025 21:02:42,109.50000,-0.12,0.14,42.50,5.61,7.55,57.40,-8.22,-62.00,4627,SMA Buy 4627,153.23,6.38days
27/10/2025 06:00:01,buy,0.02,AUDUSD,0.65371,29/10/2025 00:01:15,0.65749,-0.12,-0.06,37.80,7.38,10.46,53.00,-1.88,-8.80,4627,SMA Buy 4627,42.02,1.75days
21/10/2025 14:29:52,sell,0.34,AUDJPY,98.67700,23/10/2025 11:49:08,99.34900,-2.04,-9.57,-67.20,-161.33,132.43,59.90,-162.22,-67.60,4627,SMA Sell 4627,45.32,1.89days
23/10/2025 09:26:31,sell,0.77,AUDJPY,99.04800,23/10/2025 11:49:07,99.34800,-4.62,0.00,-30.00,-155.99,0.00,0.00,-158.51,-30.50,4627,SMA Sell 4627,2.38,2.38hrs
17/10/2025 14:15:16,sell,0.07,AUDJPY,97.70800,23/10/2025 11:49:07,99.35000,-0.42,-2.97,-164.20,-78.71,22.91,50.05,-78.84,-164.50,4627,SMA Sell 4627,141.56,5.90days
21/10/2025 05:03:49,sell,0.15,AUDJPY,98.36800,23/10/2025 11:49:06,99.34700,-0.90,-4.23,-97.90,-101.35,43.76,45.00,-101.95,-98.50,4627,SMA Sell 4627,54.75,2.28days
23/10/2025 09:58:02,sell,1.15,AUDJPY,99.19600,23/10/2025 11:49:05,99.34900,-6.90,0.00,-15.30,-122.20,66.30,9.70,-125.21,-15.70,4627,SMA Sell 4627,1.85,1.85hrs
17/10/2025 14:10:29,sell,0.03,AUDJPY,97.42100,23/10/2025 11:49:05,99.34800,-0.18,-1.26,-192.70,-39.33,4.08,21.35,-39.42,-193.20,4627,SMA Sell 4627,141.64,5.90days
23/10/2025 04:00:55,sell,0.51,AUDJPY,98.82800,23/10/2025 11:49:04,99.34800,-3.06,0.00,-52.00,-176.84,17.69,6.20,-176.85,-52.00,4627,SMA Sell 4627,7.80,7.80hrs
21/10/2025 13:11:58,sell,0.23,AUDJPY,98.52600,23/10/2025 11:49:03,99.34700,-1.38,-6.48,-82.10,-131.60,66.65,44.80,-131.60,-82.10,4627,SMA Sell 4627,46.62,1.94days
20/10/2025 18:37:30,sell,0.10,AUDJPY,98.11300,23/10/2025 11:49:03,99.34600,-0.60,-3.52,-123.30,-84.91,11.60,19.50,-84.98,-123.40,4627,SMA Sell 4627,65.19,2.72days
17/10/2025 14:13:38,sell,0.05,AUDJPY,97.56000,23/10/2025 11:49:02,99.34600,-0.30,-2.11,-178.60,-60.93,11.44,35.25,-60.96,-178.70,4627,SMA Sell 4627,141.59,5.90days
17/10/2025 12:25:05,sell,0.02,AUDJPY,96.87200,23/10/2025 11:49:01,99.34900,-0.12,-0.84,-247.70,-33.42,2.05,16.20,-33.42,-247.70,4627,SMA Sell 4627,143.40,5.97days
22/10/2025 14:39:21,buy,0.03,CADJPY,108.19900,23/10/2025 10:27:33,108.94600,-0.18,0.16,74.70,14.69,17.79,90.60,-1.50,-6.70,4627,SMA Buy 4627,19.80,19.80hrs
22/10/2025 10:49:30,buy,0.02,CADJPY,108.34900,23/10/2025 10:27:32,108.94900,-0.12,0.11,60.00,7.87,9.90,75.60,-2.98,-21.70,4627,SMA Buy 4627,23.63,23.63hrs
16/10/2025 20:34:01,sell,0.02,AUDJPY,97.61900,17/10/2025 11:25:05,96.73800,-0.12,-0.14,88.10,11.50,18.04,136.65,-0.61,-3.70,4627,SMA Sell 4627,14.85,14.85hrs
14/10/2025 17:26:55,sell,0.03,AUDJPY,98.46800,16/10/2025 19:34:01,97.46800,-0.18,-0.85,100.00,18.91,21.78,114.30,-7.71,-34.85,4627,SMA Sell 4627,50.12,2.09days
14/10/2025 09:52:16,sell,0.02,AUDJPY,98.24500,16/10/2025 19:33:59,97.48800,-0.12,-0.56,75.70,9.38,11.47,91.30,-8.08,-57.15,4627,SMA Sell 4627,57.70,2.40days
10/10/2025 18:29:14,buy,0.34,CADJPY,108.34400,16/10/2025 18:31:28,107.34500,-2.04,3.44,-99.90,-223.90,106.77,48.50,-257.43,-114.60,4627,SMA Buy 4627,144.04,6.00days
10/10/2025 06:38:52,buy,0.07,CADJPY,108.98600,16/10/2025 18:31:27,107.34200,-0.42,0.71,-164.40,-76.05,7.61,17.50,-82.85,-178.80,4627,SMA Buy 4627,155.88,6.49days
14/10/2025 08:37:44,buy,0.77,CADJPY,108.04800,16/10/2025 18:31:26,107.34000,-4.62,5.27,-70.80,-360.99,154.38,31.40,-434.12,-85.00,4627,SMA Buy 4627,57.90,2.41days
10/10/2025 18:08:51,buy,0.15,CADJPY,108.64300,16/10/2025 18:31:25,107.33800,-0.90,1.52,-130.50,-129.23,17.67,18.60,-143.36,-144.50,4627,SMA Buy 4627,144.38,6.02days
09/10/2025 02:13:33,buy,0.03,CADJPY,109.29400,16/10/2025 18:31:24,107.33800,-0.18,0.35,-195.60,-38.75,8.69,45.30,-41.60,-209.60,4627,SMA Buy 4627,184.30,7.68days
16/10/2025 15:33:01,buy,1.15,CADJPY,107.48500,16/10/2025 18:31:23,107.33900,-6.90,0.00,-14.60,-118.28,136.84,18.90,-130.50,-16.20,4627,SMA Buy 4627,2.97,2.97hrs
10/10/2025 18:33:00,buy,0.51,CADJPY,108.19700,16/10/2025 18:31:22,107.33900,-3.06,5.15,-85.80,-288.18,209.36,63.20,-336.35,-99.90,4627,SMA Buy 4627,143.97,6.00days
10/10/2025 18:21:04,buy,0.23,CADJPY,108.49600,16/10/2025 18:31:21,107.33800,-1.38,2.32,-115.80,-175.74,49.28,33.30,-197.37,-129.80,4627,SMA Buy 4627,144.17,6.01days
10/10/2025 09:35:34,buy,0.10,CADJPY,108.79400,16/10/2025 18:31:21,107.33900,-0.60,1.00,-145.50,-96.12,23.45,36.70,-105.62,-159.60,4627,SMA Buy 4627,152.93,6.37days
09/10/2025 19:55:56,buy,0.05,CADJPY,109.14200,16/10/2025 18:31:20,107.33300,-0.30,0.60,-180.90,-59.70,4.35,14.00,-64.27,-194.40,4627,SMA Buy 4627,166.59,6.94days
08/10/2025 19:00:00,buy,0.02,CADJPY,109.44700,16/10/2025 18:31:18,107.32600,-0.12,0.31,-212.10,-27.95,3.83,30.00,-29.69,-224.90,4627,SMA Buy 4627,191.52,7.98days
13/10/2025 10:00:00,sell,0.02,AUDUSD,0.65182,14/10/2025 08:55:09,0.64732,-0.12,0.01,45.00,8.89,10.94,55.25,-1.54,-7.10,4627,SMA Sell 4627,22.92,22.92hrs
14/10/2025 03:16:38,sell,0.03,AUDJPY,99.37100,14/10/2025 08:52:16,98.21500,-0.18,0.00,115.60,22.67,26.10,132.85,-2.45,-11.55,4627,SMA Sell 4627,5.59,5.59hrs
14/10/2025 01:01:37,sell,0.02,AUDJPY,99.21600,14/10/2025 08:52:15,98.21000,-0.12,0.00,100.60,13.13,15.35,117.35,-3.67,-27.05,4627,SMA Sell 4627,7.84,7.84hrs
26/09/2025 17:52:00,sell,0.03,AUDUSD,0.65468,10/10/2025 18:10:33,0.65311,-0.18,0.16,15.70,4.69,7.93,26.50,-24.72,-82.00,4627,SMA Sell 4627,336.31,14.01days
30/09/2025 16:49:56,sell,0.05,AUDUSD,0.66200,10/10/2025 18:10:32,0.65310,-0.30,0.25,89.00,44.45,49.80,99.70,-4.64,-8.80,4627,SMA Sell 4627,241.34,10.06days
26/09/2025 12:57:06,sell,0.02,AUDUSD,0.65273,10/10/2025 18:10:30,0.65307,-0.12,0.13,-3.40,-0.67,1.41,7.00,-20.37,-101.50,4627,SMA Sell 4627,341.22,14.22days
07/10/2025 12:57:03,buy,0.02,AUDJPY,99.41400,09/10/2025 00:01:06,100.44900,-0.12,0.13,103.50,13.57,15.60,119.30,-1.77,-12.40,4627,SMA Buy 4627,35.07,1.46days
06/10/2025 19:00:01,buy,0.02,CADJPY,107.57500,07/10/2025 18:09:34,108.26100,-0.12,0.03,68.60,8.99,11.01,83.90,-0.99,-6.50,4627,SMA Buy 4627,23.16,23.16hrs
01/10/2025 04:35:40,buy,0.07,AUDJPY,97.63800,06/10/2025 01:09:00,98.26800,-0.42,0.61,63.00,29.77,36.29,77.00,-37.87,-78.90,4627,SMA Buy 4627,116.56,4.86days
01/10/2025 16:24:34,buy,0.15,AUDJPY,97.09100,06/10/2025 01:08:59,98.26700,-0.90,1.31,117.60,118.72,132.72,131.70,-25.21,-24.20,4627,SMA Buy 4627,104.74,4.36days
25/09/2025 15:01:13,buy,0.03,AUDJPY,97.95500,06/10/2025 01:08:59,98.26400,-0.18,0.46,30.90,6.50,9.38,45.30,-22.44,-110.60,4627,SMA Buy 4627,250.13,10.42days
02/10/2025 14:07:34,buy,0.23,AUDJPY,96.91700,06/10/2025 01:08:58,98.26300,-1.38,0.80,134.60,207.06,229.10,149.10,-12.04,-6.80,4627,SMA Buy 4627,83.02,3.46days
01/10/2025 07:40:05,buy,0.10,AUDJPY,97.47700,06/10/2025 01:08:57,98.26200,-0.60,0.86,78.50,52.91,62.61,93.10,-43.13,-62.80,4627,SMA Buy 4627,113.48,4.73days
25/09/2025 16:38:08,buy,0.05,AUDJPY,97.80300,06/10/2025 01:08:56,98.26200,-0.30,0.80,45.90,15.89,20.76,60.50,-32.20,-95.40,4627,SMA Buy 4627,248.51,10.35days
25/09/2025 12:00:00,buy,0.02,AUDJPY,98.15100,06/10/2025 01:08:56,98.26100,-0.12,0.30,11.00,1.66,3.62,25.70,-17.64,-130.20,4627,SMA Buy 4627,253.15,10.55days
02/10/2025 12:02:08,buy,0.34,CADJPY,105.32300,06/10/2025 00:17:04,106.91600,-2.04,1.08,159.30,361.85,394.04,173.60,-32.89,-13.30,4627,SMA Buy 4627,84.25,3.51days
01/10/2025 08:00:38,buy,0.07,CADJPY,106.01400,06/10/2025 00:17:03,106.91600,-0.42,0.55,90.20,42.42,49.08,104.50,-39.58,-82.40,4627,SMA Buy 4627,112.27,4.68days
01/10/2025 10:13:01,buy,0.15,CADJPY,105.71300,06/10/2025 00:17:02,106.92200,-0.90,1.19,120.90,121.76,135.41,134.60,-54.02,-52.30,4627,SMA Buy 4627,110.07,4.59days
26/09/2025 15:40:53,buy,0.03,CADJPY,107.31100,06/10/2025 00:17:02,106.92100,-0.18,0.43,-39.00,-7.59,2.74,14.60,-43.26,-212.10,4627,SMA Buy 4627,224.60,9.36days
02/10/2025 11:16:53,buy,0.23,CADJPY,105.46600,06/10/2025 00:17:01,106.92000,-1.38,0.72,145.40,223.34,244.54,159.30,-44.68,-27.60,4627,SMA Buy 4627,85.00,3.54days
01/10/2025 09:36:58,buy,0.10,CADJPY,105.86300,06/10/2025 00:17:00,106.91300,-0.60,0.80,105.00,70.54,80.24,119.60,-46.24,-67.30,4627,SMA Buy 4627,110.67,4.61days
30/09/2025 17:57:42,buy,0.05,CADJPY,106.16400,06/10/2025 00:16:59,106.91200,-0.30,0.51,74.80,25.26,30.16,89.50,-33.18,-97.40,4627,SMA Buy 4627,126.32,5.26days
26/09/2025 03:00:00,buy,0.02,CADJPY,107.49700,06/10/2025 00:16:58,106.91400,-0.12,0.27,-58.30,-7.66,0.15,1.50,-31.39,-230.70,4627,SMA Buy 4627,237.28,9.89days
19/09/2025 04:34:11,sell,0.02,AUDUSD,0.66109,25/09/2025 21:50:32,0.65364,-0.12,0.06,74.50,14.84,16.94,85.00,-3.49,-17.10,4627,SMA Sell 4627,161.27,6.72days
16/09/2025 17:13:08,buy,0.07,AUDJPY,97.80200,25/09/2025 10:10:26,98.05900,-0.42,1.42,25.70,13.09,20.05,40.50,-26.59,-56.90,4627,SMA Buy 4627,208.96,8.71days
19/09/2025 06:48:17,buy,0.15,AUDJPY,97.49900,25/09/2025 10:10:25,98.05900,-0.90,1.62,56.00,57.19,72.09,70.80,-27.55,-26.60,4627,SMA Buy 4627,147.37,6.14days
16/09/2025 05:15:58,buy,0.03,AUDJPY,98.16300,25/09/2025 10:10:24,98.06000,-0.18,0.59,-10.30,-1.66,1.30,4.40,-18.75,-93.00,4627,SMA Buy 4627,220.91,9.20days
19/09/2025 07:15:06,buy,0.23,AUDJPY,97.34800,25/09/2025 10:10:23,98.05900,-1.38,2.50,71.10,111.05,133.89,85.90,-18.69,-11.50,4627,SMA Buy 4627,146.92,6.12days
17/09/2025 12:07:03,buy,0.10,AUDJPY,97.65100,25/09/2025 10:10:23,98.06200,-0.60,1.81,41.10,28.84,38.57,55.60,-28.22,-41.80,4627,SMA Buy 4627,190.06,7.92days
16/09/2025 07:24:29,buy,0.05,AUDJPY,98.01500,25/09/2025 10:10:22,98.06100,-0.30,1.00,4.60,2.25,7.15,19.20,-26.22,-78.20,4627,SMA Buy 4627,218.76,9.12days
16/09/2025 02:00:00,buy,0.02,AUDJPY,98.32400,25/09/2025 10:10:20,98.05800,-0.12,0.42,-26.60,-3.28,0.63,5.50,-14.67,-109.10,4627,SMA Buy 4627,224.17,9.34days
19/09/2025 07:11:10,buy,0.07,CADJPY,106.78400,22/09/2025 09:08:15,107.41600,-0.42,0.13,63.20,29.57,36.51,78.00,-3.04,-5.50,4627,SMA Buy 4627,73.95,3.08days
19/09/2025 06:43:22,buy,0.03,CADJPY,107.09300,22/09/2025 09:08:14,107.41600,-0.18,0.06,32.30,6.42,9.40,47.10,-7.60,-36.40,4627,SMA Buy 4627,74.41,3.10days
19/09/2025 06:48:06,buy,0.05,CADJPY,106.93100,22/09/2025 09:08:13,107.41700,-0.30,0.10,48.60,16.20,21.13,63.30,-7.16,-20.20,4627,SMA Buy 4627,74.34,3.10days
19/09/2025 04:34:14,buy,0.02,CADJPY,107.24300,22/09/2025 09:08:11,107.41500,-0.12,0.04,17.20,2.24,4.25,32.10,-7.10,-51.40,4627,SMA Buy 4627,76.57,3.19days
19/09/2025 13:14:06,balance,0.01,,0.00000,19/09/2025 13:14:06,0.00000,0.00,0.00,0.00,-5000.00,0.00,0.00,0.00,0.00,0,Transfer Out to 7229514,0.00,0.00hrs
12/09/2025 11:35:36,sell,0.07,CADJPY,106.79500,17/09/2025 21:12:54,106.12600,-0.42,-1.22,66.90,30.48,37.60,81.55,-15.85,-31.50,4627,SMA Sell 4627,129.62,5.40days
15/09/2025 21:34:48,sell,0.10,CADJPY,106.94900,17/09/2025 21:12:53,106.13600,-0.60,-1.18,81.30,53.98,64.86,96.95,-11.81,-16.10,4627,SMA Sell 4627,47.63,1.98days
11/09/2025 09:25:15,sell,0.03,CADJPY,106.48000,17/09/2025 21:12:53,106.13800,-0.18,-0.70,34.20,6.16,9.44,50.05,-13.34,-63.00,4627,SMA Sell 4627,155.79,6.49days
12/09/2025 11:07:58,sell,0.05,CADJPY,106.64400,17/09/2025 21:12:52,106.13400,-0.30,-0.87,51.00,16.32,21.67,66.45,-16.44,-46.60,4627,SMA Sell 4627,130.08,5.42days
11/09/2025 01:00:23,sell,0.02,CADJPY,106.32800,17/09/2025 21:12:51,106.13200,-0.12,-0.48,19.60,2.09,4.19,34.85,-10.96,-78.20,4627,SMA Sell 4627,164.21,6.84days
15/09/2025 02:00:00,buy,0.02,AUDUSD,0.66486,17/09/2025 21:12:35,0.66956,-0.12,-0.08,47.00,9.20,11.36,57.80,-1.00,-4.40,4627,SMA Buy 4627,67.21,2.80days
10/09/2025 21:00:00,buy,0.02,AUDJPY,97.57700,16/09/2025 00:01:14,98.15100,-0.12,0.20,57.40,7.87,11.32,83.90,-2.84,-20.40,4627,SMA Buy 4627,123.02,5.13days
10/09/2025 08:57:10,buy,0.02,AUDUSD,0.66073,12/09/2025 04:49:28,0.66584,-0.12,-0.17,51.10,9.93,11.89,60.90,-4.23,-20.10,4627,SMA Buy 4627,43.87,1.83days
09/09/2025 11:27:00,buy,0.03,AUDJPY,97.02000,10/09/2025 18:19:46,97.59500,-0.18,0.05,57.50,11.57,14.51,71.90,-4.53,-21.20,4627,SMA Buy 4627,30.88,1.29days
09/09/2025 12:11:53,buy,0.05,AUDJPY,96.87000,10/09/2025 18:19:45,97.59500,-0.30,0.08,72.50,24.37,29.27,86.90,-2.42,-6.20,4627,SMA Buy 4627,30.13,1.26days
08/09/2025 10:00:07,buy,0.02,AUDJPY,97.21100,10/09/2025 18:19:43,97.59200,-0.12,0.07,38.10,5.12,7.12,52.80,-5.61,-40.30,4627,SMA Buy 4627,56.33,2.35days
08/09/2025 09:00:00,buy,0.02,AUDUSD,0.65644,09/09/2025 14:57:37,0.66091,-0.12,-0.04,44.70,8.78,10.78,54.70,-0.36,-1.20,4627,SMA Buy 4627,29.96,1.25days
08/09/2025 20:57:07,sell,0.02,CADJPY,106.83600,09/09/2025 14:17:06,106.16400,-0.12,-0.11,67.20,8.94,11.12,83.00,-1.26,-7.60,4627,SMA Sell 4627,17.33,17.33hrs
05/09/2025 17:37:03,buy,0.07,AUDJPY,96.44000,08/09/2025 03:45:51,97.18000,-0.42,0.12,74.00,34.61,41.50,88.70,-6.90,-13.60,4627,SMA Buy 4627,58.15,2.42days
04/09/2025 04:50:53,buy,0.03,AUDJPY,96.76300,08/09/2025 03:45:50,97.18200,-0.18,0.10,41.90,8.39,11.31,56.40,-9.50,-45.90,4627,SMA Buy 4627,94.92,3.95days
04/09/2025 17:15:42,buy,0.05,AUDJPY,96.59400,08/09/2025 03:45:49,97.18400,-0.30,0.18,59.00,19.76,24.56,73.30,-10.08,-29.00,4627,SMA Buy 4627,82.50,3.44days
04/09/2025 04:00:01,buy,0.02,AUDJPY,96.90900,08/09/2025 03:45:49,97.18300,-0.12,0.08,27.40,3.65,5.59,41.80,-8.32,-60.50,4627,SMA Buy 4627,95.76,3.99days
02/09/2025 10:50:12,buy,0.07,AUDUSD,0.65070,05/09/2025 15:41:50,0.65564,-0.42,-0.64,49.40,33.52,43.39,63.50,-17.71,-24.70,4627,SMA Buy 4627,76.86,3.20days
02/09/2025 10:24:29,buy,0.05,AUDUSD,0.65219,05/09/2025 15:41:49,0.65560,-0.30,-0.45,34.10,16.30,23.55,48.60,-20.10,-39.60,4627,SMA Buy 4627,77.29,3.22days
02/09/2025 07:34:16,buy,0.03,AUDUSD,0.65368,05/09/2025 15:41:49,0.65562,-0.18,-0.26,19.40,5.38,9.67,33.70,-16.53,-54.50,4627,SMA Buy 4627,80.13,3.34days
01/09/2025 16:57:08,buy,0.02,AUDUSD,0.65518,05/09/2025 15:41:48,0.65561,-0.12,-0.23,4.30,0.51,3.39,18.70,-14.06,-69.50,4627,SMA Buy 4627,94.74,3.95days
02/09/2025 16:03:40,buy,0.03,AUDJPY,96.49800,03/09/2025 16:56:44,97.14100,-0.18,0.05,64.30,12.85,15.82,79.10,-0.75,-2.80,4627,SMA Buy 4627,24.88,1.04days
02/09/2025 09:00:00,buy,0.02,AUDJPY,96.69200,03/09/2025 16:56:43,97.14100,-0.12,0.04,44.90,5.96,7.95,59.70,-3.12,-22.20,4627,SMA Buy 4627,31.95,1.33days
01/09/2025 05:00:00,buy,0.02,CADJPY,107.20700,03/09/2025 07:29:01,107.84100,-0.12,0.08,63.40,8.49,10.41,77.80,-5.58,-40.10,4627,SMA Buy 4627,50.48,2.10days
28/08/2025 16:10:28,sell,0.34,AUDJPY,96.08100,02/09/2025 08:51:58,96.70000,-2.04,-7.29,-61.90,-151.64,53.32,24.95,-152.80,-62.40,4627,SMA Sell 4627,112.69,4.70days
01/09/2025 03:09:10,sell,0.77,AUDJPY,96.39000,02/09/2025 08:51:57,96.70000,-4.62,-5.49,-31.00,-171.52,172.09,33.70,-174.13,-31.50,4627,SMA Sell 4627,29.71,1.24days
22/08/2025 03:01:45,sell,0.07,AUDJPY,95.43000,02/09/2025 08:51:57,96.70000,-0.42,-4.48,-127.00,-65.01,13.30,28.75,-65.26,-127.50,4627,SMA Sell 4627,269.84,11.24days
25/08/2025 16:14:14,sell,0.15,AUDJPY,95.78000,02/09/2025 08:51:56,96.70000,-0.90,-8.56,-92.00,-102.77,40.20,41.40,-103.29,-92.50,4627,SMA Sell 4627,184.63,7.69days
21/08/2025 17:13:30,sell,0.03,AUDJPY,95.12700,02/09/2025 08:51:56,96.69800,-0.18,-2.10,-157.10,-34.15,0.08,1.30,-34.29,-157.80,4627,SMA Sell 4627,279.64,11.65days
02/09/2025 03:35:48,sell,1.15,AUDJPY,96.54300,02/09/2025 08:51:55,96.69800,-6.90,0.00,-15.50,-127.43,61.85,8.80,-132.89,-16.20,4627,SMA Sell 4627,5.27,5.27hrs
29/08/2025 22:10:56,sell,0.51,AUDJPY,96.24100,02/09/2025 08:51:55,96.69900,-3.06,-7.28,-45.80,-168.28,58.59,18.80,-170.37,-46.40,4627,SMA Sell 4627,82.68,3.45days
25/08/2025 18:41:17,sell,0.23,AUDJPY,95.92900,02/09/2025 08:51:54,96.69800,-1.38,-13.10,-76.90,-134.08,84.91,56.30,-134.87,-77.40,4627,SMA Sell 4627,182.18,7.59days
22/08/2025 11:56:56,sell,0.10,AUDJPY,95.58300,02/09/2025 08:51:53,96.69800,-0.60,-6.38,-111.50,-82.37,29.44,44.05,-82.72,-112.00,4627,SMA Sell 4627,260.92,10.87days
21/08/2025 18:38:31,sell,0.05,AUDJPY,95.27900,02/09/2025 08:51:53,96.69800,-0.30,-3.55,-141.90,-51.83,4.00,13.65,-52.00,-142.40,4627,SMA Sell 4627,278.22,11.59days
20/08/2025 10:00:00,sell,0.02,AUDJPY,94.96200,02/09/2025 08:51:52,96.69800,-0.12,-1.82,-173.60,-25.42,7.53,56.15,-25.49,-174.10,4627,SMA Sell 4627,310.86,12.95days
25/08/2025 22:05:13,buy,0.03,AUDUSD,0.64797,28/08/2025 16:07:59,0.65239,-0.18,-0.26,44.20,12.82,15.76,54.00,-5.76,-17.90,4627,SMA Buy 4627,66.05,2.75days
25/08/2025 15:30:00,buy,0.02,AUDUSD,0.64948,28/08/2025 16:07:58,0.65240,-0.12,-0.19,29.20,5.53,7.47,38.90,-6.87,-33.00,4627,SMA Buy 4627,72.63,3.03days
14/08/2025 04:13:44,buy,0.34,CADJPY,106.51900,27/08/2025 15:47:30,106.83700,-2.04,6.74,31.80,77.76,156.23,68.20,-134.36,-58.50,4627,SMA Buy 4627,323.56,13.48days
13/08/2025 11:16:04,buy,0.07,CADJPY,107.12800,27/08/2025 15:47:29,106.84000,-0.42,1.79,-28.80,-12.25,4.47,10.30,-56.44,-119.40,4627,SMA Buy 4627,340.52,14.19days
20/08/2025 09:09:09,buy,0.77,CADJPY,106.21400,27/08/2025 15:47:28,106.84000,-4.62,9.67,62.60,330.77,407.31,77.40,-151.43,-28.00,4627,SMA Buy 4627,174.64,7.28days
14/08/2025 03:08:18,buy,0.15,CADJPY,106.82300,27/08/2025 15:47:28,106.83700,-0.90,2.99,1.40,3.51,38.11,37.80,-90.32,-88.90,4627,SMA Buy 4627,324.65,13.53days
12/08/2025 15:30:26,buy,0.03,CADJPY,107.44100,27/08/2025 15:47:27,106.83700,-0.18,0.81,-60.40,-11.61,5.42,27.70,-30.49,-150.70,4627,SMA Buy 4627,360.28,15.01days
20/08/2025 16:56:26,buy,1.15,CADJPY,106.06100,27/08/2025 15:47:26,106.83700,-6.90,14.42,77.60,610.58,727.06,92.70,-106.35,-12.70,4627,SMA Buy 4627,166.85,6.95days
15/08/2025 17:50:22,buy,0.51,CADJPY,106.36400,27/08/2025 15:47:26,106.83700,-3.06,9.17,47.30,169.12,286.96,83.70,-148.56,-43.00,4627,SMA Buy 4627,285.95,11.91days
14/08/2025 03:52:35,buy,0.23,CADJPY,106.66800,27/08/2025 15:47:25,106.83700,-1.38,4.56,16.90,29.45,82.52,53.30,-114.23,-73.40,4627,SMA Buy 4627,323.91,13.50days
13/08/2025 11:51:48,buy,0.10,CADJPY,106.97900,27/08/2025 15:47:25,106.83600,-0.60,2.55,-14.30,-7.71,16.48,25.20,-70.48,-104.50,4627,SMA Buy 4627,339.93,14.16days
12/08/2025 20:08:16,buy,0.05,CADJPY,107.29200,27/08/2025 15:47:24,106.83600,-0.30,1.36,-45.60,-14.35,7.80,23.30,-45.73,-135.80,4627,SMA Buy 4627,355.65,14.82days
12/08/2025 13:30:00,buy,0.02,CADJPY,107.66300,27/08/2025 15:47:23,106.83500,-0.12,0.58,-82.80,-10.73,0.62,5.50,-23.32,-172.90,4627,SMA Buy 4627,362.29,15.10days
20/08/2025 05:45:19,buy,0.34,AUDUSD,0.64308,22/08/2025 17:21:32,0.64773,-2.04,-2.79,46.50,153.27,186.59,56.30,-61.61,-17.00,4627,SMA Buy 4627,59.60,2.48days
19/08/2025 18:06:25,buy,0.15,AUDUSD,0.64612,22/08/2025 17:21:31,0.64778,-0.90,-1.54,16.60,22.46,36.41,25.90,-73.23,-47.40,4627,SMA Buy 4627,71.25,2.97days
14/08/2025 16:59:50,buy,0.07,AUDUSD,0.64915,22/08/2025 17:21:31,0.64774,-0.42,-1.05,-14.10,-11.34,21.79,32.10,-55.73,-77.70,4627,SMA Buy 4627,192.36,8.02days
21/08/2025 08:13:07,buy,0.51,AUDUSD,0.64156,22/08/2025 17:21:30,0.64774,-3.06,-1.05,61.80,311.07,360.54,71.50,-12.24,-1.80,4627,SMA Buy 4627,33.14,1.38days
14/08/2025 09:57:43,buy,0.03,AUDUSD,0.65371,22/08/2025 17:21:30,0.64774,-0.18,-0.44,-59.70,-18.53,1.44,5.40,-37.56,-123.30,4627,SMA Buy 4627,199.40,8.31days
20/08/2025 03:27:15,buy,0.23,AUDUSD,0.64462,22/08/2025 17:21:29,0.64773,-1.38,-1.88,31.10,68.27,90.81,40.90,-77.09,-32.40,4627,SMA Buy 4627,61.90,2.58days
19/08/2025 16:12:26,buy,0.10,AUDUSD,0.64764,22/08/2025 17:21:28,0.64775,-0.60,-1.04,1.10,-0.54,9.06,10.70,-64.03,-62.60,4627,SMA Buy 4627,73.15,3.05days
14/08/2025 15:30:14,buy,0.05,AUDUSD,0.65068,22/08/2025 17:21:28,0.64775,-0.30,-0.75,-29.30,-15.70,7.91,16.80,-47.46,-93.00,4627,SMA Buy 4627,193.85,8.08days
14/08/2025 04:57:02,buy,0.02,AUDUSD,0.65668,22/08/2025 17:21:27,0.64777,-0.12,-0.30,-89.10,-18.24,0.00,0.00,-30.98,-153.00,4627,SMA Buy 4627,204.41,8.52days
12/08/2025 03:17:56,sell,0.34,AUDJPY,96.64900,14/08/2025 15:30:33,95.68300,-2.04,-10.06,96.60,211.21,249.78,112.80,-44.19,-18.40,4627,SMA Sell 4627,60.21,2.51days
07/08/2025 04:31:05,sell,0.07,AUDJPY,96.00000,14/08/2025 15:30:33,95.68600,-0.42,-3.62,31.40,10.91,18.86,47.90,-41.26,-83.30,4627,SMA Sell 4627,178.99,7.46days
08/08/2025 12:56:57,sell,0.15,AUDJPY,96.34200,14/08/2025 15:30:32,95.67300,-0.90,-6.63,66.90,60.70,76.56,82.10,-52.73,-49.10,4627,SMA Sell 4627,146.56,6.11days
12/08/2025 06:33:36,sell,0.51,AUDJPY,96.80200,14/08/2025 15:30:31,95.68400,-3.06,-15.10,111.80,369.53,427.94,128.10,-18.16,-3.10,4627,SMA Sell 4627,56.95,2.37days
04/08/2025 04:30:21,sell,0.03,AUDJPY,95.69400,14/08/2025 15:30:31,95.67200,-0.18,-2.65,2.20,-2.38,15.91,78.80,-24.97,-113.90,4627,SMA Sell 4627,251.00,10.46days
11/08/2025 21:52:28,sell,0.23,AUDJPY,96.49300,14/08/2025 15:30:30,95.68700,-1.38,-8.50,80.60,116.20,142.77,97.20,-55.77,-34.00,4627,SMA Sell 4627,65.63,2.73days
07/08/2025 13:15:57,sell,0.10,AUDJPY,96.19100,14/08/2025 15:30:29,95.67700,-0.60,-5.16,51.40,29.20,39.99,67.00,-46.07,-64.20,4627,SMA Sell 4627,170.24,7.09days
06/08/2025 10:23:25,sell,0.05,AUDJPY,95.84800,14/08/2025 15:30:29,95.67200,-0.30,-3.68,17.60,2.01,7.83,32.70,-35.32,-98.50,4627,SMA Sell 4627,197.12,8.21days
04/08/2025 01:00:26,sell,0.02,AUDJPY,95.16900,14/08/2025 15:30:28,95.66700,-0.12,-1.78,-49.80,-8.67,3.46,26.30,-23.73,-166.40,4627,SMA Sell 4627,254.50,10.60days
11/08/2025 14:43:52,buy,0.03,AUDUSD,0.65111,13/08/2025 14:08:52,0.65520,-0.18,-0.08,40.90,12.01,15.04,51.00,-9.20,-30.00,4627,SMA Buy 4627,47.42,1.98days
12/08/2025 08:57:12,buy,0.05,AUDUSD,0.64961,13/08/2025 14:08:51,0.65520,-0.30,-0.07,55.90,27.58,32.63,66.00,-7.80,-15.00,4627,SMA Buy 4627,29.19,1.22days
08/08/2025 01:00:46,buy,0.02,AUDUSD,0.65262,13/08/2025 14:08:50,0.65521,-0.12,-0.08,25.90,4.98,6.98,35.90,-9.17,-45.10,4627,SMA Buy 4627,133.13,5.55days
01/08/2025 17:00:43,buy,0.34,CADJPY,107.14800,08/08/2025 15:28:44,107.53000,-2.04,4.22,38.20,90.06,125.90,53.80,-147.86,-63.40,4627,SMA Buy 4627,166.47,6.94days
01/08/2025 15:44:49,buy,0.07,CADJPY,107.85900,08/08/2025 15:28:44,107.53100,-0.42,0.86,-32.80,-15.09,1.08,3.20,-64.39,-134.50,4627,SMA Buy 4627,167.73,6.99days
04/08/2025 15:31:27,buy,0.77,CADJPY,106.84800,08/08/2025 15:28:43,107.53100,-4.62,8.13,68.30,359.34,439.95,83.80,-178.68,-33.40,4627,SMA Buy 4627,95.95,4.00days
01/08/2025 16:11:54,buy,0.15,CADJPY,107.55400,08/08/2025 15:28:42,107.53100,-0.90,1.85,-2.30,-1.38,23.84,24.50,-106.78,-104.00,4627,SMA Buy 4627,167.28,6.97days
01/08/2025 15:30:19,buy,0.03,CADJPY,108.23400,08/08/2025 15:28:42,107.53000,-0.18,0.37,-70.40,-14.10,0.19,0.00,-35.27,-172.00,4627,SMA Buy 4627,167.97,7.00days
05/08/2025 02:18:04,buy,1.15,CADJPY,106.54800,08/08/2025 15:28:41,107.53100,-6.90,10.11,98.30,768.05,888.39,113.80,-33.57,-3.40,4627,SMA Buy 4627,85.18,3.55days
04/08/2025 14:54:14,buy,0.51,CADJPY,106.99600,08/08/2025 15:28:41,107.53100,-3.06,5.39,53.50,186.93,240.35,69.00,-169.83,-48.20,4627,SMA Buy 4627,96.57,4.02days
01/08/2025 17:00:18,buy,0.23,CADJPY,107.30900,08/08/2025 15:28:40,107.53200,-1.38,2.84,22.30,36.16,60.11,37.70,-125.29,-79.50,4627,SMA Buy 4627,166.47,6.94days
01/08/2025 15:49:10,buy,0.10,CADJPY,107.70500,08/08/2025 15:28:40,107.53400,-0.60,1.25,-17.10,-10.92,11.89,18.60,-81.48,-119.10,4627,SMA Buy 4627,167.66,6.99days
01/08/2025 15:32:46,buy,0.05,CADJPY,108.01700,08/08/2025 15:28:39,107.53400,-0.30,0.62,-48.30,-16.02,1.77,6.20,-51.38,-150.30,4627,SMA Buy 4627,167.93,7.00days
01/08/2025 15:00:00,buy,0.02,CADJPY,108.51300,08/08/2025 15:28:38,107.53400,-0.12,0.27,-97.90,-13.10,0.38,3.80,-27.31,-199.90,4627,SMA Buy 4627,168.48,7.02days
31/07/2025 08:00:45,sell,0.03,AUDUSD,0.64701,01/08/2025 02:04:04,0.64318,-0.18,0.01,38.30,11.32,14.41,48.60,-2.07,-6.30,4627,SMA Sell 4627,18.06,18.06hrs
30/07/2025 18:13:12,sell,0.02,AUDUSD,0.64547,01/08/2025 02:04:04,0.64318,-0.12,0.03,22.90,4.49,6.55,33.20,-4.45,-21.70,4627,SMA Sell 4627,31.85,1.33days
28/07/2025 22:00:02,sell,0.02,AUDUSD,0.65161,30/07/2025 17:13:07,0.64596,-0.12,0.02,56.50,11.20,13.25,66.75,-2.91,-14.00,4627,SMA Sell 4627,43.22,1.80days
24/07/2025 11:54:38,sell,0.15,AUDJPY,96.95500,30/07/2025 13:38:06,96.29100,-0.90,-4.37,66.40,61.89,77.66,81.75,-36.43,-33.60,4627,SMA Sell 4627,145.72,6.07days
23/07/2025 22:01:28,sell,0.07,AUDJPY,96.65200,30/07/2025 13:38:06,96.29100,-0.42,-3.60,36.10,13.02,20.34,51.45,-32.20,-63.90,4627,SMA Sell 4627,159.61,6.65days
25/07/2025 03:54:07,sell,0.23,AUDJPY,97.10600,30/07/2025 13:38:05,96.28700,-1.38,-5.01,81.90,120.63,144.25,96.85,-31.15,-18.50,4627,SMA Sell 4627,129.73,5.41days
23/07/2025 05:20:07,sell,0.03,AUDJPY,96.34300,30/07/2025 13:38:05,96.29100,-0.18,-1.55,5.20,-0.68,2.44,20.55,-20.07,-94.80,4627,SMA Sell 4627,176.30,7.35days
24/07/2025 10:55:50,sell,0.10,AUDJPY,96.80200,30/07/2025 13:38:04,96.28800,-0.60,-2.91,51.40,31.15,41.43,66.45,-34.63,-48.90,4627,SMA Sell 4627,146.70,6.11days
23/07/2025 05:21:17,sell,0.05,AUDJPY,96.48500,30/07/2025 13:38:03,96.28900,-0.30,-2.57,19.60,3.74,8.88,34.75,-28.64,-80.60,4627,SMA Sell 4627,176.28,7.34days
23/07/2025 04:57:02,sell,0.02,AUDJPY,96.15600,30/07/2025 13:38:03,96.29100,-0.12,-1.02,-13.50,-2.96,0.63,5.50,-15.90,-113.50,4627,SMA Sell 4627,176.68,7.36days
22/07/2025 19:05:54,sell,0.07,AUDUSD,0.65553,28/07/2025 11:33:16,0.65263,-0.42,0.13,29.00,20.01,27.29,39.40,-49.05,-69.60,4627,SMA Sell 4627,136.46,5.69days
23/07/2025 13:22:15,sell,0.15,AUDUSD,0.65905,28/07/2025 11:33:15,0.65263,-0.90,0.24,64.20,95.64,111.24,74.60,-52.42,-34.40,4627,SMA Sell 4627,118.18,4.92days
24/07/2025 06:07:09,sell,0.23,AUDUSD,0.66137,28/07/2025 11:33:14,0.65264,-1.38,0.14,87.30,199.55,223.70,97.80,-27.14,-11.20,4627,SMA Sell 4627,101.43,4.23days
18/07/2025 11:00:10,sell,0.03,AUDUSD,0.65135,28/07/2025 11:33:14,0.65263,-0.18,0.08,-12.80,-3.94,4.48,15.50,-33.54,-111.40,4627,SMA Sell 4627,240.55,10.02days
23/07/2025 10:11:47,sell,0.10,AUDUSD,0.65747,28/07/2025 11:33:13,0.65264,-0.60,0.15,48.30,47.85,58.35,58.80,-50.75,-50.20,4627,SMA Sell 4627,121.36,5.06days
18/07/2025 15:13:39,sell,0.05,AUDUSD,0.65304,28/07/2025 11:33:13,0.65264,-0.30,0.14,4.00,1.84,15.92,32.40,-47.45,-94.50,4627,SMA Sell 4627,236.33,9.85days
17/07/2025 04:57:07,sell,0.02,AUDUSD,0.64981,28/07/2025 11:33:12,0.65265,-0.12,0.08,-28.40,-5.72,8.58,43.50,-25.42,-126.80,4627,SMA Sell 4627,270.60,11.28days
16/07/2025 18:16:34,buy,0.15,CADJPY,107.59900,17/07/2025 04:35:47,108.22600,-0.90,0.80,62.70,63.30,78.20,77.50,-39.27,-37.60,4627,SMA Buy 4627,10.32,10.32hrs
16/07/2025 17:56:27,buy,0.07,CADJPY,107.94500,17/07/2025 04:35:47,108.22700,-0.42,0.37,28.20,13.25,20.18,42.90,-34.80,-72.20,4627,SMA Buy 4627,10.66,10.66hrs
16/07/2025 18:17:52,buy,0.23,CADJPY,107.39800,17/07/2025 04:35:46,108.22600,-1.38,1.22,82.80,128.20,151.03,97.60,-24.85,-15.00,4627,SMA Buy 4627,10.30,10.30hrs
16/07/2025 15:33:42,buy,0.03,CADJPY,108.25300,17/07/2025 04:35:46,108.22600,-0.18,0.16,-2.70,-0.56,2.72,14.40,-21.20,-103.00,4627,SMA Buy 4627,13.03,13.03hrs
16/07/2025 18:16:16,buy,0.10,CADJPY,107.77600,17/07/2025 04:35:45,108.22400,-0.60,0.53,44.80,30.13,40.21,59.80,-38.22,-55.30,4627,SMA Buy 4627,10.32,10.32hrs
16/07/2025 17:35:54,buy,0.05,CADJPY,108.09700,17/07/2025 04:35:44,108.22400,-0.30,0.27,12.70,4.25,9.30,27.70,-30.03,-87.40,4627,SMA Buy 4627,11.00,11.00hrs
15/07/2025 16:30:03,buy,0.02,CADJPY,108.41600,17/07/2025 04:35:43,108.22300,-0.12,0.15,-19.30,-2.58,4.24,31.70,-16.24,-119.30,4627,SMA Buy 4627,36.09,1.50days
10/07/2025 10:22:52,sell,0.07,AUDUSD,0.65625,16/07/2025 17:54:05,0.65045,-0.42,0.06,58.00,40.24,46.61,67.10,-23.16,-32.50,4627,SMA Sell 4627,151.52,6.31days
08/07/2025 07:30:08,sell,0.05,AUDUSD,0.65473,16/07/2025 17:54:04,0.65043,-0.30,0.07,43.00,21.27,25.72,51.90,-24.11,-47.70,4627,SMA Sell 4627,202.40,8.43days
08/07/2025 04:04:42,sell,0.03,AUDUSD,0.65165,16/07/2025 17:54:04,0.65058,-0.18,0.03,10.70,3.06,6.18,21.10,-23.72,-78.50,4627,SMA Sell 4627,205.82,8.58days
07/07/2025 20:57:07,sell,0.02,AUDUSD,0.64945,16/07/2025 17:54:03,0.65059,-0.12,0.03,-11.40,-2.37,1.70,9.10,-20.20,-100.50,4627,SMA Sell 4627,212.95,8.87days
14/07/2025 04:13:32,buy,0.03,AUDJPY,96.54600,15/07/2025 16:36:11,97.27600,-0.18,0.06,73.00,14.64,17.68,88.00,-2.36,-10.70,4627,SMA Buy 4627,36.38,1.52days
11/07/2025 20:57:07,buy,0.02,AUDJPY,96.99400,15/07/2025 16:36:10,97.27400,-0.12,0.08,28.00,3.73,5.79,43.20,-7.63,-55.50,4627,SMA Buy 4627,91.65,3.82days
11/07/2025 13:30:00,buy,0.02,CADJPY,107.25400,15/07/2025 15:30:03,107.91400,-0.12,0.08,66.00,8.90,11.28,83.70,-0.76,-4.70,4627,SMA Buy 4627,98.00,4.08days
11/07/2025 03:16:46,buy,0.03,CADJPY,106.85000,11/07/2025 08:23:14,107.28400,-0.18,0.00,43.40,8.68,11.74,58.50,-5.84,-27.60,4627,SMA Buy 4627,5.11,5.11hrs
11/07/2025 03:22:58,buy,0.05,CADJPY,106.69600,11/07/2025 08:23:13,107.28400,-0.30,0.00,58.80,19.71,24.81,73.90,-4.47,-12.20,4627,SMA Buy 4627,5.00,5.00hrs
11/07/2025 01:30:04,buy,0.02,CADJPY,107.07200,11/07/2025 08:23:12,107.28500,-0.12,0.00,21.30,2.78,4.81,36.30,-6.93,-49.80,4627,SMA Buy 4627,6.89,6.89hrs
10/07/2025 02:21:12,buy,0.03,AUDJPY,95.54700,11/07/2025 00:02:05,96.09300,-0.18,0.06,54.60,11.08,16.95,83.50,-3.54,-16.30,4627,SMA Buy 4627,21.68,21.68hrs
09/07/2025 02:00:00,buy,0.02,AUDJPY,95.72400,11/07/2025 00:02:05,96.09300,-0.12,0.15,36.90,5.08,8.95,65.80,-4.71,-34.00,4627,SMA Buy 4627,46.03,1.92days
03/07/2025 15:43:43,sell,0.34,CADJPY,106.57800,08/07/2025 13:42:30,107.21200,-2.04,-6.41,-63.40,-155.73,141.85,62.85,-156.57,-63.75,4627,SMA Sell 4627,117.98,4.92days
07/07/2025 16:22:50,sell,0.77,CADJPY,106.88000,08/07/2025 13:42:29,107.21200,-4.62,-4.35,-33.20,-183.63,113.52,23.20,-184.98,-33.45,4627,SMA Sell 4627,21.33,21.33hrs
02/07/2025 12:31:28,sell,0.07,CADJPY,105.63500,08/07/2025 13:42:29,107.21200,-0.42,-2.72,-157.70,-78.56,18.68,39.15,-78.70,-157.95,4627,SMA Sell 4627,145.18,6.05days
03/07/2025 15:30:15,sell,0.15,CADJPY,106.29500,08/07/2025 13:42:28,107.21200,-0.90,-2.83,-91.70,-97.71,33.15,34.55,-97.98,-91.95,4627,SMA Sell 4627,118.20,4.93days
02/07/2025 08:50:52,sell,0.03,CADJPY,105.33600,08/07/2025 13:42:28,107.21200,-0.18,-1.17,-187.60,-39.81,1.75,9.25,-39.86,-187.85,4627,SMA Sell 4627,148.86,6.20days
08/07/2025 03:57:14,sell,1.15,CADJPY,107.05400,08/07/2025 13:42:27,107.21100,-6.90,0.00,-15.70,-130.26,126.30,16.90,-133.03,-16.05,4627,SMA Sell 4627,9.75,9.75hrs
03/07/2025 17:19:30,sell,0.51,CADJPY,106.72900,08/07/2025 13:42:27,107.21100,-3.06,-9.61,-48.20,-180.63,266.18,77.95,-181.87,-48.55,4627,SMA Sell 4627,116.38,4.85days
03/07/2025 15:32:20,sell,0.23,CADJPY,106.42700,08/07/2025 13:42:26,107.21100,-1.38,-4.34,-78.40,-128.92,71.88,47.75,-129.49,-78.75,4627,SMA Sell 4627,118.17,4.92days
03/07/2025 06:40:57,sell,0.10,CADJPY,105.78900,08/07/2025 13:42:26,107.21100,-0.60,-1.88,-142.20,-99.64,5.35,8.55,-99.89,-142.55,4627,SMA Sell 4627,127.02,5.29days
02/07/2025 10:22:08,sell,0.05,CADJPY,105.48500,08/07/2025 13:42:25,107.21100,-0.30,-1.94,-172.60,-61.21,8.11,24.15,-61.33,-172.95,4627,SMA Sell 4627,147.34,6.14days
02/07/2025 02:00:00,sell,0.02,CADJPY,105.11500,08/07/2025 13:42:24,107.21100,-0.12,-0.77,-209.60,-29.53,0.37,3.50,-29.56,-209.75,4627,SMA Sell 4627,155.71,6.49days
07/07/2025 03:35:17,buy,0.15,AUDJPY,94.46700,08/07/2025 04:28:47,95.16600,-0.90,0.28,69.90,71.12,86.86,85.40,-26.26,-24.40,4627,SMA Buy 4627,24.89,1.04days
04/07/2025 07:36:14,buy,0.07,AUDJPY,94.78900,08/07/2025 04:28:47,95.16800,-0.42,0.30,37.90,18.03,25.31,53.20,-27.72,-56.60,4627,SMA Buy 4627,92.88,3.87days
07/07/2025 04:12:06,buy,0.23,AUDJPY,94.31600,08/07/2025 04:28:46,95.16600,-1.38,0.44,85.00,132.82,156.91,100.50,-16.20,-9.30,4627,SMA Buy 4627,24.28,1.01days
04/07/2025 03:16:04,buy,0.03,AUDJPY,95.12000,08/07/2025 04:28:46,95.16600,-0.18,0.13,4.60,0.89,4.07,20.10,-18.76,-89.70,4627,SMA Buy 4627,97.21,4.05days
04/07/2025 10:39:36,buy,0.10,AUDJPY,94.62000,08/07/2025 04:28:45,95.16500,-0.60,0.44,54.50,37.13,47.71,70.10,-27.89,-39.70,4627,SMA Buy 4627,89.82,3.74days
04/07/2025 06:05:26,buy,0.05,AUDJPY,94.94100,08/07/2025 04:28:44,95.17200,-0.30,0.21,23.10,7.81,12.89,38.00,-25.07,-71.80,4627,SMA Buy 4627,94.39,3.93days
03/07/2025 21:30:00,buy,0.02,AUDJPY,95.30400,08/07/2025 04:28:43,95.16900,-0.12,0.14,-13.50,-1.82,0.25,1.70,-15.01,-108.10,4627,SMA Buy 4627,102.98,4.29days
30/06/2025 18:55:11,sell,0.15,AUDUSD,0.65714,07/07/2025 08:54:49,0.65109,-0.90,0.22,60.50,90.07,105.97,71.10,-29.37,-19.00,4627,SMA Sell 4627,157.99,6.58days
26/06/2025 11:06:00,sell,0.07,AUDUSD,0.65399,07/07/2025 08:54:49,0.65109,-0.42,0.19,29.00,20.07,27.49,39.60,-35.71,-50.50,4627,SMA Sell 4627,261.81,10.91days
24/06/2025 09:22:47,sell,0.03,AUDUSD,0.65092,07/07/2025 08:54:48,0.65109,-0.18,0.13,-1.70,-0.56,7.25,24.65,-24.47,-81.20,4627,SMA Sell 4627,311.53,12.98days
26/06/2025 17:17:20,sell,0.10,AUDUSD,0.65556,07/07/2025 08:54:47,0.65109,-0.60,0.23,44.70,44.33,54.93,55.30,-35.32,-34.80,4627,SMA Sell 4627,255.62,10.65days
26/06/2025 03:22:37,sell,0.05,AUDUSD,0.65244,07/07/2025 08:54:47,0.65109,-0.30,0.11,13.50,6.56,11.86,24.10,-33.26,-66.00,4627,SMA Sell 4627,269.54,11.23days
23/06/2025 08:57:03,sell,0.02,AUDUSD,0.64080,07/07/2025 08:54:46,0.65110,-0.12,0.07,-103.00,-20.65,6.95,35.35,-36.56,-182.40,4627,SMA Sell 4627,335.96,14.00days
27/06/2025 03:05:05,sell,0.07,CADJPY,106.09700,27/06/2025 20:49:58,105.44900,-0.42,0.00,64.80,30.91,39.09,81.70,-3.51,-6.40,4627,SMA Sell 4627,17.75,17.75hrs
26/06/2025 17:54:49,sell,0.05,CADJPY,105.92600,27/06/2025 20:49:57,105.44900,-0.30,-0.28,47.70,15.89,21.74,64.60,-8.69,-23.50,4627,SMA Sell 4627,26.92,1.12days
26/06/2025 16:41:10,sell,0.03,CADJPY,105.77400,27/06/2025 20:49:57,105.45100,-0.18,-0.17,32.30,6.35,9.89,49.40,-8.36,-38.70,4627,SMA Sell 4627,28.15,1.17days
26/06/2025 12:57:05,sell,0.02,CADJPY,105.27600,27/06/2025 20:49:56,105.44800,-0.12,-0.11,-17.20,-2.61,0.32,3.15,-12.44,-88.50,4627,SMA Sell 4627,31.88,1.33days
25/06/2025 11:28:22,sell,0.07,CADJPY,105.96800,26/06/2025 11:41:49,105.19100,-0.42,-1.16,77.70,36.22,43.87,93.35,-13.25,-26.75,4627,SMA Sell 4627,24.22,1.01days
25/06/2025 09:51:03,sell,0.05,CADJPY,105.81800,26/06/2025 11:41:48,105.19000,-0.30,-0.83,62.80,20.69,26.12,78.35,-14.60,-41.75,4627,SMA Sell 4627,25.85,1.08days
25/06/2025 08:25:07,sell,0.03,CADJPY,105.66800,26/06/2025 11:41:48,105.18900,-0.18,-0.50,47.90,9.31,12.54,63.35,-11.85,-56.75,4627,SMA Sell 4627,27.28,1.14days
25/06/2025 05:00:05,sell,0.02,CADJPY,105.41300,26/06/2025 11:41:47,105.19000,-0.12,-0.33,22.30,2.65,4.81,37.85,-11.39,-82.25,4627,SMA Sell 4627,30.70,1.28days
17/06/2025 20:50:44,buy,0.07,AUDJPY,94.04600,25/06/2025 17:00:09,94.59300,-0.42,1.04,54.70,26.87,34.10,69.80,-12.14,-25.10,4627,SMA Buy 4627,188.16,7.84days
19/06/2025 04:04:58,buy,0.10,AUDJPY,93.89400,25/06/2025 17:00:08,94.59200,-0.60,0.73,69.80,47.99,58.37,85.00,-7.44,-9.90,4627,SMA Buy 4627,156.92,6.54days
17/06/2025 18:30:00,buy,0.03,AUDJPY,94.35100,25/06/2025 17:00:08,94.59200,-0.18,0.46,24.10,5.24,8.36,39.30,-11.52,-55.60,4627,SMA Buy 4627,190.50,7.94days
17/06/2025 20:26:25,buy,0.05,AUDJPY,94.19700,25/06/2025 17:00:07,94.59200,-0.30,0.73,39.50,13.98,19.17,54.70,-13.90,-40.20,4627,SMA Buy 4627,188.56,7.86days
17/06/2025 10:30:00,buy,0.02,AUDJPY,94.58700,25/06/2025 17:00:07,94.58700,-0.12,0.31,0.00,0.19,2.65,20.10,-10.94,-79.20,4627,SMA Buy 4627,198.50,8.27days
17/06/2025 23:37:53,buy,0.07,CADJPY,106.24700,23/06/2025 00:12:17,106.46900,-0.42,0.73,22.20,10.92,18.64,38.40,-31.13,-64.50,4627,SMA Buy 4627,120.57,5.02days
18/06/2025 17:35:23,buy,0.15,CADJPY,105.85500,23/06/2025 00:12:16,106.46900,-0.90,1.31,61.40,63.26,79.78,77.60,-26.68,-25.30,4627,SMA Buy 4627,102.61,4.28days
17/06/2025 20:50:47,buy,0.03,CADJPY,106.55000,23/06/2025 00:12:16,106.46900,-0.18,0.31,-8.10,-1.53,1.79,8.10,-19.62,-94.80,4627,SMA Buy 4627,123.36,5.14days
18/06/2025 18:09:07,buy,0.23,CADJPY,105.70300,23/06/2025 00:12:15,106.46900,-1.38,2.01,76.60,120.86,146.17,92.80,-16.76,-10.10,4627,SMA Buy 4627,102.05,4.25days
18/06/2025 13:37:06,buy,0.10,CADJPY,106.00700,23/06/2025 00:12:15,106.46900,-0.60,0.87,46.20,31.80,42.82,62.40,-28.29,-40.50,4627,SMA Buy 4627,106.59,4.44days
17/06/2025 23:10:30,buy,0.05,CADJPY,106.39900,23/06/2025 00:12:14,106.46900,-0.30,0.53,7.00,2.62,8.14,23.20,-27.48,-79.70,4627,SMA Buy 4627,121.03,5.04days
17/06/2025 10:00:00,buy,0.02,CADJPY,106.69900,23/06/2025 00:12:11,106.47900,-0.12,0.20,-22.00,-2.93,2.18,16.70,-15.15,-109.70,4627,SMA Buy 4627,134.20,5.59days
13/06/2025 03:39:47,buy,0.07,AUDUSD,0.64716,13/06/2025 20:11:13,0.65091,-0.42,0.00,37.50,25.83,32.62,47.20,-11.62,-16.00,4627,SMA Buy 4627,16.52,16.52hrs
13/06/2025 04:04:40,buy,0.10,AUDUSD,0.64573,13/06/2025 20:11:12,0.65091,-0.60,0.00,51.80,51.20,60.90,61.50,-1.90,-1.30,4627,SMA Buy 4627,16.11,16.11hrs
10/06/2025 05:01:27,buy,0.03,AUDUSD,0.65028,13/06/2025 20:11:12,0.65091,-0.18,-0.21,6.30,1.50,12.41,42.40,-14.55,-47.20,4627,SMA Buy 4627,87.16,3.63days
12/06/2025 04:43:17,buy,0.05,AUDUSD,0.64869,13/06/2025 20:11:11,0.65093,-0.30,-0.07,22.40,10.83,22.70,46.00,-16.02,-31.30,4627,SMA Buy 4627,39.47,1.64days
09/06/2025 14:45:17,buy,0.02,AUDUSD,0.65191,13/06/2025 20:11:11,0.65093,-0.12,-0.18,-9.80,-2.26,4.98,26.10,-13.00,-63.50,4627,SMA Buy 4627,101.43,4.23days
13/06/2025 03:21:38,buy,0.51,AUDJPY,92.79000,13/06/2025 11:46:54,93.23300,-3.06,0.00,44.30,154.08,200.83,57.50,-175.07,-48.20,4627,SMA Buy 4627,8.42,8.42hrs
13/06/2025 03:39:39,buy,1.15,AUDJPY,92.45300,13/06/2025 11:46:53,93.23000,-6.90,0.00,77.70,614.59,722.30,91.20,-123.58,-14.50,4627,SMA Buy 4627,8.12,8.12hrs
12/06/2025 04:17:23,buy,0.07,AUDJPY,93.57600,13/06/2025 11:46:53,93.23300,-0.42,0.13,-34.30,-16.99,15.64,33.00,-62.40,-126.80,4627,SMA Buy 4627,31.49,1.31days
13/06/2025 03:04:52,buy,0.23,AUDJPY,93.08200,13/06/2025 11:46:52,93.23000,-1.38,0.00,14.80,22.30,43.88,28.30,-125.95,-77.40,4627,SMA Buy 4627,8.70,8.70hrs
11/06/2025 19:07:11,buy,0.03,AUDJPY,94.17000,13/06/2025 11:46:52,93.23000,-0.18,0.21,-94.00,-19.58,4.05,20.40,-39.06,-186.20,4627,SMA Buy 4627,40.66,1.69days
13/06/2025 03:36:18,buy,0.77,AUDJPY,92.62000,13/06/2025 11:46:51,93.23000,-4.62,0.00,61.00,322.08,394.22,74.50,-172.72,-31.20,4627,SMA Buy 4627,8.18,8.18hrs
13/06/2025 03:12:28,buy,0.34,AUDJPY,92.93700,13/06/2025 11:46:50,93.23000,-2.04,0.00,29.30,67.25,99.14,42.80,-151.68,-62.90,4627,SMA Buy 4627,8.57,8.57hrs
13/06/2025 03:02:28,buy,0.15,AUDJPY,93.24500,13/06/2025 11:46:50,93.23100,-0.90,0.00,-1.40,-2.36,11.61,12.00,-99.25,-93.70,4627,SMA Buy 4627,8.74,8.74hrs
12/06/2025 04:37:50,buy,0.10,AUDJPY,93.41500,13/06/2025 11:46:49,93.23200,-0.60,0.18,-18.30,-13.15,33.53,49.10,-77.88,-110.70,4627,SMA Buy 4627,31.15,1.30days
11/06/2025 21:13:10,buy,0.05,AUDJPY,94.02000,13/06/2025 11:46:49,93.22800,-0.30,0.36,-79.20,-27.49,1.15,4.20,-59.84,-171.20,4627,SMA Buy 4627,38.56,1.61days
10/06/2025 12:57:05,buy,0.02,AUDJPY,94.32100,13/06/2025 11:46:48,93.22700,-0.12,0.19,-109.40,-15.15,5.84,42.40,-28.10,-201.30,4627,SMA Buy 4627,70.83,2.95days
09/06/2025 09:17:50,buy,0.03,CADJPY,105.43200,11/06/2025 02:09:51,105.97000,-0.18,0.10,53.80,11.06,14.23,69.20,-3.43,-15.60,4627,SMA Buy 4627,40.87,1.70days
09/06/2025 04:57:10,buy,0.02,CADJPY,105.63200,11/06/2025 02:09:50,105.98100,-0.12,0.06,34.90,4.76,6.72,49.20,-5.07,-35.60,4627,SMA Buy 4627,45.21,1.88days
04/06/2025 18:18:32,buy,0.03,AUDJPY,92.87100,10/06/2025 08:15:26,94.43700,-0.18,0.34,156.60,32.60,35.79,172.10,-7.81,-36.70,4627,SMA Buy 4627,133.95,5.58days
13/05/2025 20:57:02,buy,0.02,AUDJPY,95.58100,10/06/2025 08:15:25,94.44000,-0.12,1.10,-114.10,-14.78,0.98,1.60,-54.89,-393.70,4627,SMA Buy 4627,659.31,27.47days
06/06/2025 15:13:25,buy,0.03,AUDUSD,0.64835,09/06/2025 13:45:17,0.65237,-0.18,-0.04,40.20,11.84,14.75,49.90,-1.83,-5.50,4627,SMA Buy 4627,70.53,2.94days
05/06/2025 04:57:08,buy,0.02,AUDUSD,0.64987,09/06/2025 13:45:17,0.65237,-0.12,-0.06,25.00,4.82,7.58,38.50,-4.29,-20.70,4627,SMA Buy 4627,104.80,4.37days
04/06/2025 18:23:48,buy,0.07,CADJPY,104.47800,05/06/2025 19:28:28,105.20200,-0.42,0.39,72.40,35.21,41.88,86.20,-11.18,-22.70,4627,SMA Buy 4627,25.08,1.04days
04/06/2025 15:43:06,buy,0.03,CADJPY,104.78500,05/06/2025 19:28:28,105.20200,-0.18,0.17,41.70,8.69,11.56,55.50,-11.25,-53.40,4627,SMA Buy 4627,27.76,1.16days
04/06/2025 17:04:54,buy,0.05,CADJPY,104.62900,05/06/2025 19:28:27,105.20300,-0.30,0.28,57.40,19.94,24.67,71.10,-13.28,-37.80,4627,SMA Buy 4627,26.39,1.10days
13/05/2025 21:00:00,buy,0.02,CADJPY,105.84000,05/06/2025 19:28:26,105.19900,-0.12,0.94,-64.10,-8.10,1.36,10.10,-39.54,-284.00,4627,SMA Buy 4627,550.47,22.94days
10/05/2025 20:14:23,balance,0.01,,0.00000,10/05/2025 20:14:23,0.00000,0.00,0.00,0.00,5000.00,0.00,0.00,0.00,0.00,0,Transfer In from 3013251,0.00,0.00hrs
