Open Time,Type,Lots,Symbol,Open Price,Close Time,Close Price,Commission,Swap,Net Pips,Net Profit,Max Profit,Max Pips,Max Loss,Max Loss Pips,Magic Number,Comment,Holding Time (Hours),Holding Time
03/07/2026 02:56:26,buy,0.20,USDJPY,161.44100,03/07/2026 09:34:20,160.48800,0.00,0.00,-95.30,-118.76,0.00,0.00,-118.76,-95.30,123,S10 BUY_AI_S90 10_B230 50,6.63,6.63hrs
02/07/2026 09:49:46,buy,0.20,USDJPY,161.66700,02/07/2026 15:34:42,160.71400,0.00,0.00,-95.30,-118.59,25.08,20.30,-118.59,-95.30,123,S10 BUY_AI_S90 10_B230 50,5.75,5.75hrs
30/06/2026 16:32:00,buy,0.20,USDJPY,162.38500,02/07/2026 09:50:01,161.45000,0.00,3.53,-93.50,-112.30,55.05,44.10,-112.30,-93.50,123,S10 BUY_AI_S90 10_B230 50,41.30,1.72days
26/06/2026 19:36:01,buy,0.20,USDJPY,161.77600,30/06/2026 15:31:57,162.36200,0.00,1.82,58.60,74.00,86.39,68.70,-9.46,-8.40,123,S10 BUY_AI_S90 10_B230 50,91.93,3.83days
26/06/2026 09:24:24,buy,0.20,USDJPY,161.67700,30/06/2026 15:31:57,162.32100,0.00,1.82,64.40,81.17,98.58,78.60,-17.33,-14.00,123,S10 BUY_AI_S90 10_B230 50,102.13,4.26days
29/06/2026 01:00:04,buy,0.20,USDJPY,161.87900,30/06/2026 15:31:56,162.43700,0.00,0.89,55.80,69.59,72.78,58.40,-19.29,-15.60,123,S10 BUY_AI_S90 10_B230 50,38.53,1.61days
29/06/2026 21:53:35,buy,0.20,USDJPY,161.97600,30/06/2026 15:31:55,162.38200,0.00,0.89,40.60,50.90,60.84,48.70,-11.71,-10.20,123,S10 BUY_AI_S90 10_B230 50,17.64,17.64hrs
26/06/2026 07:28:23,buy,0.20,USDJPY,161.57700,30/06/2026 15:31:54,162.35300,0.00,1.82,77.60,97.41,110.89,88.60,-5.32,-4.30,123,S10 BUY_AI_S90 10_B230 50,104.06,4.34days
26/06/2026 04:30:03,buy,0.02,USDJPY,161.85100,30/06/2026 03:52:24,162.15200,0.00,0.18,30.10,3.89,3.89,30.10,-3.92,-31.70,123,S10 BUY_5x13_MACD M5 M15,95.37,3.97days
30/06/2026 03:52:08,buy,0.02,USDJPY,162.20600,30/06/2026 03:52:23,162.15900,0.00,0.00,-4.70,-0.58,0.00,0.00,-0.58,-4.70,123,S10 BUY_5x13_MACD M5 M15,0.00,0.00hrs
29/06/2026 16:36:28,buy,0.02,USDJPY,161.94900,30/06/2026 03:52:23,162.15700,0.00,0.09,20.80,2.66,2.66,20.80,-1.00,-8.10,123,S10 BUY_5x13_MACD M5 M15,11.27,11.27hrs
12/06/2026 15:26:09,buy,0.20,USDJPY,160.24600,22/06/2026 04:00:27,161.46400,0.00,7.57,121.80,158.44,194.72,152.90,-48.72,-39.70,123,S10 BUY_AI_S90 10_B230 50,228.57,9.52days
12/06/2026 16:40:54,buy,0.20,USDJPY,160.34400,22/06/2026 04:00:26,161.46400,0.00,7.57,112.00,146.30,182.60,143.10,-60.98,-49.50,123,S10 BUY_AI_S90 10_B230 50,227.33,9.47days
12/06/2026 13:22:30,buy,0.20,USDJPY,160.14600,22/06/2026 04:00:26,161.45900,0.00,7.57,131.30,170.21,206.35,162.90,-36.21,-29.70,123,S10 BUY_AI_S90 10_B230 50,230.63,9.61days
12/06/2026 12:57:06,buy,0.20,USDJPY,160.04200,22/06/2026 04:00:26,161.45900,0.00,7.57,141.70,183.09,219.94,173.30,-23.20,-19.30,123,S10 BUY_AI_S90 10_B230 50,231.06,9.63days
12/06/2026 16:55:48,buy,0.02,USDJPY,160.30700,22/06/2026 00:05:08,161.20700,0.00,0.73,90.00,11.90,18.70,146.80,-5.64,-45.80,123,S10 BUY_5x13_MACD M5 M15,223.16,9.30days
28/05/2026 06:51:44,sell,0.20,USDJPY,159.63400,11/06/2026 16:06:08,160.55700,0.00,-30.65,-92.30,-145.62,61.76,50.80,-150.33,-96.10,234,S10 SELL_AI__S90 10_B230 50,345.24,14.38days
28/05/2026 08:39:56,sell,0.20,USDJPY,159.53400,11/06/2026 16:06:07,160.55700,0.00,-30.65,-102.30,-158.08,49.19,40.80,-162.78,-106.10,234,S10 SELL_AI__S90 10_B230 50,343.44,14.31days
20/05/2026 17:09:56,sell,0.20,USDJPY,159.15800,11/06/2026 16:06:07,160.55600,0.00,-51.85,-139.80,-225.99,57.09,45.30,-230.81,-143.70,234,S10 SELL_AI__S90 10_B230 50,526.94,21.96days
15/05/2026 23:22:08,sell,0.20,USDJPY,158.82500,11/06/2026 16:06:06,160.55700,0.00,-58.24,-173.20,-273.99,16.69,14.90,-278.67,-177.00,234,S10 SELL_AI__S90 10_B230 50,640.73,26.70days
27/05/2026 06:00:03,sell,0.02,USDJPY,159.21700,29/05/2026 00:04:02,159.26400,0.00,-0.84,-4.70,-1.43,0.19,5.80,-6.12,-43.80,234,S10 SELL_5x13_MACD M5 M15,42.07,1.75days
18/05/2026 14:41:53,sell,0.20,USDJPY,158.68200,27/05/2026 20:21:45,159.58500,0.00,-19.23,-90.30,-132.40,0.76,0.60,-132.40,-90.30,234,S10 SELL_AI__S90 10_B230 50,221.66,9.24days
22/05/2026 09:00:03,buy,0.02,USDJPY,159.14000,26/05/2026 19:08:03,159.32000,0.00,0.19,18.00,2.45,2.45,18.00,0.00,0.00,123,S10 BUY_5x13_MACD M5 M15,106.13,4.42days
26/05/2026 18:00:08,buy,0.02,USDJPY,159.33200,26/05/2026 19:08:02,159.31900,0.00,0.00,-1.30,-0.16,0.00,0.00,-0.16,-1.30,123,S10 BUY_5x13_MACD M5 M15,1.13,1.13hrs
22/05/2026 18:56:19,buy,0.02,USDJPY,159.23500,26/05/2026 19:08:02,159.32100,0.00,0.19,8.60,1.27,1.27,8.60,0.00,0.00,123,S10 BUY_5x13_MACD M5 M15,96.20,4.01days
15/05/2026 03:54:15,sell,0.20,USDJPY,158.47400,26/05/2026 18:37:44,159.38700,0.00,-19.23,-91.30,-133.79,0.00,0.00,-133.79,-91.30,234,S10 SELL_AI__S90 10_B230 50,278.72,11.61days
15/05/2026 10:11:05,sell,0.20,USDJPY,158.37400,21/05/2026 16:20:14,159.27600,0.00,-12.84,-90.20,-126.10,0.00,0.00,-126.10,-90.20,234,S10 SELL_AI__S90 10_B230 50,150.15,6.26days
18/05/2026 14:41:56,sell,0.02,USDJPY,158.69000,21/05/2026 00:03:52,158.94100,0.00,-1.07,-25.10,-4.23,0.00,0.00,-4.23,-25.10,234,S10 SELL_5x13_MACD M5 M15,57.37,2.39days
18/05/2026 14:39:45,sell,0.02,USDJPY,158.78400,21/05/2026 00:03:52,158.94100,0.00,-1.07,-15.70,-3.05,0.00,0.00,-3.05,-15.70,234,S10 SELL_5x13_MACD M5 M15,57.40,2.39days
20/05/2026 18:17:00,sell,0.02,USDJPY,158.59900,21/05/2026 00:03:51,158.94100,0.00,-0.64,-34.20,-4.94,0.00,0.00,-4.94,-34.20,234,S10 SELL_5x13_MACD M5 M15,5.78,5.78hrs
14/05/2026 16:43:18,sell,0.20,USDJPY,158.14800,18/05/2026 06:56:54,159.06600,0.00,-4.18,-91.80,-119.60,0.00,0.00,-119.60,-91.80,234,S10 SELL_AI__S90 10_B230 50,86.23,3.59days
14/05/2026 16:44:14,sell,0.20,USDJPY,158.06000,18/05/2026 03:55:14,158.96000,0.00,-4.18,-90.00,-117.42,0.00,0.00,-117.42,-90.00,234,S10 SELL_AI__S90 10_B230 50,83.18,3.47days
13/05/2026 11:00:25,sell,0.20,USDJPY,157.82600,15/05/2026 16:50:06,158.72600,0.00,-8.39,-90.00,-121.79,0.00,0.00,-121.79,-90.00,234,S10 SELL_AI__S90 10_B230 50,53.83,2.24days
14/05/2026 00:27:25,sell,0.20,USDJPY,157.67200,15/05/2026 04:28:32,158.57400,0.00,-2.09,-90.20,-115.85,0.00,0.00,-115.85,-90.20,234,S10 SELL_AI__S90 10_B230 50,28.02,1.17days
12/05/2026 22:36:51,sell,0.20,USDJPY,157.51400,14/05/2026 23:44:51,158.42300,0.00,-8.40,-90.90,-123.16,0.00,0.00,-123.16,-90.90,234,S10 SELL_AI__S90 10_B230 50,49.13,2.05days
01/05/2026 18:28:55,buy,0.20,USDJPY,156.76600,12/05/2026 06:21:20,157.54300,0.00,8.39,77.70,107.03,107.03,77.70,0.00,0.00,123,S10 BUY_AI_S90 10_B230 50,251.87,10.49days
01/05/2026 20:33:20,buy,0.20,USDJPY,156.97300,12/05/2026 06:21:19,157.54300,0.00,8.39,57.00,80.75,80.75,57.00,0.00,0.00,123,S10 BUY_AI_S90 10_B230 50,249.80,10.41days
01/05/2026 18:50:40,buy,0.20,USDJPY,156.87300,12/05/2026 06:21:19,157.54300,0.00,8.39,67.00,93.45,93.45,67.00,0.00,0.00,123,S10 BUY_AI_S90 10_B230 50,251.51,10.48days
01/05/2026 16:46:11,buy,0.20,USDJPY,156.66900,12/05/2026 06:21:19,157.54300,0.00,8.39,87.40,119.34,119.34,87.40,0.00,0.00,123,S10 BUY_AI_S90 10_B230 50,253.59,10.57days
01/05/2026 12:57:06,buy,0.20,USDJPY,156.57400,12/05/2026 06:21:18,157.54100,0.00,8.39,96.70,131.15,131.15,96.70,0.00,0.00,123,S10 BUY_AI_S90 10_B230 50,257.40,10.73days
30/04/2026 15:15:27,buy,0.20,USDJPY,156.51300,01/05/2026 03:35:54,157.14400,0.00,0.96,63.10,81.27,81.27,63.10,0.00,0.00,123,S10 BUY_AI_S90 10_B230 50,12.34,12.34hrs
30/04/2026 15:15:05,buy,0.20,USDJPY,156.41000,01/05/2026 03:35:54,157.14400,0.00,0.96,73.40,94.38,94.38,73.40,0.00,0.00,123,S10 BUY_AI_S90 10_B230 50,12.35,12.35hrs
30/04/2026 15:24:12,buy,0.20,USDJPY,156.72300,01/05/2026 03:35:53,157.14500,0.00,0.96,42.20,54.67,54.67,42.20,0.00,0.00,123,S10 BUY_AI_S90 10_B230 50,12.19,12.19hrs
30/04/2026 15:17:10,buy,0.20,USDJPY,156.61800,01/05/2026 03:35:53,157.14700,0.00,0.96,52.90,68.29,68.29,52.90,0.00,0.00,123,S10 BUY_AI_S90 10_B230 50,12.31,12.31hrs
30/04/2026 15:35:11,buy,0.20,USDJPY,156.82600,01/05/2026 03:35:52,157.13700,0.00,0.96,31.10,40.54,40.54,31.10,0.00,0.00,123,S10 BUY_AI_S90 10_B230 50,12.01,12.01hrs
30/04/2026 13:43:59,buy,0.20,USDJPY,157.71600,30/04/2026 14:15:05,156.79300,0.00,0.00,-92.30,-117.73,0.00,0.00,-117.73,-92.30,123,S10 BUY_AI_S90 10_B230 50,0.52,0.52hrs
30/04/2026 13:45:52,buy,0.20,USDJPY,157.82400,30/04/2026 14:02:53,156.91800,0.00,0.00,-90.60,-115.47,0.00,0.00,-115.47,-90.60,123,S10 BUY_AI_S90 10_B230 50,0.28,0.28hrs
30/04/2026 13:32:39,buy,0.20,USDJPY,158.05100,30/04/2026 13:52:38,157.17200,0.00,0.00,-87.90,-111.85,0.00,0.00,-111.85,-87.90,123,S10 BUY_AI_S90 10_B230 50,0.33,0.33hrs
30/04/2026 13:34:30,buy,0.20,USDJPY,158.16600,30/04/2026 13:51:55,157.28600,0.00,0.00,-88.00,-111.90,0.00,0.00,-111.90,-88.00,123,S10 BUY_AI_S90 10_B230 50,0.29,0.29hrs
30/04/2026 13:29:55,buy,0.20,USDJPY,158.34500,30/04/2026 13:50:50,157.44900,0.00,0.00,-89.60,-113.81,0.00,0.00,-113.81,-89.60,123,S10 BUY_AI_S90 10_B230 50,0.35,0.35hrs
30/04/2026 03:00:03,sell,0.20,USDJPY,160.17600,30/04/2026 11:59:40,159.58200,0.00,0.00,59.40,74.44,74.44,59.40,0.00,0.00,234,S10 SELL_AI__S90 10_B230 50,8.99,8.99hrs
30/04/2026 03:09:34,sell,0.20,USDJPY,160.07500,30/04/2026 11:59:39,159.58100,0.00,0.00,49.40,61.91,61.91,49.40,0.00,0.00,234,S10 SELL_AI__S90 10_B230 50,8.83,8.83hrs
30/04/2026 10:57:07,sell,0.20,USDJPY,159.91700,30/04/2026 11:59:38,159.58300,0.00,0.00,33.40,41.86,41.86,33.40,0.00,0.00,234,S10 SELL_AI__S90 10_B230 50,1.04,1.04hrs
30/04/2026 10:56:55,sell,0.20,USDJPY,160.37800,30/04/2026 11:59:38,159.57400,0.00,0.00,80.40,100.77,100.77,80.40,0.00,0.00,234,S10 SELL_AI__S90 10_B230 50,1.05,1.05hrs
30/04/2026 07:28:19,sell,0.20,USDJPY,160.51100,30/04/2026 11:59:38,159.58300,0.00,0.00,92.80,116.30,116.30,92.80,0.00,0.00,234,S10 SELL_AI__S90 10_B230 50,4.52,4.52hrs
20/04/2026 03:00:48,buy,0.20,USDJPY,159.19000,28/04/2026 15:20:33,159.63700,0.00,7.51,44.70,63.51,63.51,44.70,0.00,0.00,123,S10 BUY_AI_S90 10_B230 50,204.33,8.51days
20/04/2026 08:05:47,buy,0.20,USDJPY,158.96100,28/04/2026 15:20:32,159.63500,0.00,7.51,67.40,91.95,91.95,67.40,0.00,0.00,123,S10 BUY_AI_S90 10_B230 50,199.25,8.30days
27/04/2026 03:00:03,buy,0.02,USDJPY,159.59100,28/04/2026 15:20:31,159.63500,0.00,0.09,4.40,0.64,0.64,4.40,0.00,0.00,123,S10 BUY_5x13_MACD M5 M15,36.34,1.51days
20/04/2026 10:58:20,buy,0.20,USDJPY,159.06100,28/04/2026 15:20:31,159.63700,0.00,7.51,57.60,79.67,79.67,57.60,0.00,0.00,123,S10 BUY_AI_S90 10_B230 50,196.37,8.18days
27/04/2026 19:44:36,buy,0.20,USDJPY,159.38700,28/04/2026 15:20:30,159.62400,0.00,0.94,23.70,30.63,30.63,23.70,0.00,0.00,123,S10 BUY_AI_S90 10_B230 50,19.60,19.60hrs
27/04/2026 16:57:35,buy,0.20,USDJPY,159.28700,28/04/2026 15:20:30,159.62400,0.00,0.94,33.70,43.16,43.16,33.70,0.00,0.00,123,S10 BUY_AI_S90 10_B230 50,22.38,22.38hrs
28/04/2026 14:49:35,buy,0.02,USDJPY,159.78800,28/04/2026 15:20:29,159.61600,0.00,0.00,-17.20,-2.16,0.00,0.00,-2.16,-17.20,123,S10 BUY_5x13_MACD M5 M15,0.52,0.52hrs
28/04/2026 11:03:17,buy,0.02,USDJPY,159.69500,28/04/2026 15:20:29,159.61600,0.00,0.00,-7.90,-0.99,0.00,0.00,-0.99,-7.90,123,S10 BUY_5x13_MACD M5 M15,4.29,4.29hrs
24/04/2026 10:00:04,sell,0.02,USDJPY,159.67200,24/04/2026 14:31:14,159.39300,0.00,0.00,27.90,3.50,3.50,27.90,0.00,0.00,234,S10 SELL_5x13_MACD M5 M15,4.52,4.52hrs
24/04/2026 14:21:45,sell,0.02,USDJPY,159.46300,24/04/2026 14:31:13,159.39900,0.00,0.00,6.40,0.80,0.80,6.40,0.00,0.00,234,S10 SELL_5x13_MACD M5 M15,0.16,0.16hrs
24/04/2026 14:05:03,sell,0.02,USDJPY,159.56900,24/04/2026 14:31:13,159.39300,0.00,0.00,17.60,2.21,2.21,17.60,0.00,0.00,234,S10 SELL_5x13_MACD M5 M15,0.44,0.44hrs
24/04/2026 14:27:06,sell,0.02,USDJPY,159.36400,24/04/2026 14:31:12,159.39800,0.00,0.00,-3.40,-0.43,0.00,0.00,-0.43,-3.40,234,S10 SELL_5x13_MACD M5 M15,0.07,0.07hrs
20/04/2026 04:40:02,buy,0.20,USDJPY,158.85800,23/04/2026 13:37:42,159.67100,0.00,4.69,81.30,106.52,106.52,81.30,0.00,0.00,123,S10 BUY_AI_S90 10_B230 50,80.96,3.37days
20/04/2026 07:30:00,buy,0.02,USDJPY,158.91900,21/04/2026 00:01:14,158.73800,0.00,0.09,-18.10,-2.19,0.00,0.00,-2.19,-18.10,123,S10 BUY_5x13_MACD M5 M15,16.52,16.52hrs
20/04/2026 08:43:08,buy,0.02,USDJPY,159.02000,21/04/2026 00:01:13,158.73800,0.00,0.09,-28.20,-3.46,0.00,0.00,-3.46,-28.20,123,S10 BUY_5x13_MACD M5 M15,15.30,15.30hrs
20/04/2026 01:30:03,buy,0.02,USDJPY,159.00500,20/04/2026 03:02:29,159.13300,0.00,0.00,12.80,1.61,1.61,12.80,0.00,0.00,123,S10 BUY_5x13_MACD M5 M15,1.54,1.54hrs
20/04/2026 02:50:12,buy,0.02,USDJPY,159.19000,20/04/2026 03:02:28,159.13600,0.00,0.00,-5.40,-0.68,0.00,0.00,-0.68,-5.40,123,S10 BUY_5x13_MACD M5 M15,0.20,0.20hrs
17/04/2026 20:08:53,buy,0.20,USDJPY,158.24800,20/04/2026 01:07:49,158.92600,0.00,0.95,67.80,86.27,86.27,67.80,0.00,0.00,123,S10 BUY_AI_S90 10_B230 50,52.98,2.21days
17/04/2026 18:43:34,buy,0.20,USDJPY,158.14200,20/04/2026 01:07:49,158.91500,0.00,0.95,77.30,98.23,98.23,77.30,0.00,0.00,123,S10 BUY_AI_S90 10_B230 50,54.40,2.27days
17/04/2026 21:46:53,buy,0.20,USDJPY,158.35000,20/04/2026 01:07:48,158.92600,0.00,0.95,57.60,73.44,73.44,57.60,0.00,0.00,123,S10 BUY_AI_S90 10_B230 50,51.35,2.14days
17/04/2026 18:21:34,buy,0.20,USDJPY,158.04600,20/04/2026 01:07:48,158.92600,0.00,0.95,88.00,111.69,111.69,88.00,0.00,0.00,123,S10 BUY_AI_S90 10_B230 50,54.77,2.28days
17/04/2026 18:15:57,buy,0.20,USDJPY,157.94000,20/04/2026 01:07:48,158.92600,0.00,0.95,98.60,125.03,125.03,98.60,0.00,0.00,123,S10 BUY_AI_S90 10_B230 50,54.86,2.29days
15/04/2026 00:05:01,buy,0.20,USDJPY,158.84000,17/04/2026 17:15:54,157.93100,0.00,3.80,-90.90,-111.31,0.00,0.00,-111.31,-90.90,123,S10 BUY_AI_S90 10_B230 50,65.18,2.72days
15/04/2026 04:01:59,buy,0.20,USDJPY,158.94100,17/04/2026 17:08:05,158.04500,0.00,3.80,-89.60,-109.59,0.00,0.00,-109.59,-89.60,123,S10 BUY_AI_S90 10_B230 50,61.10,2.55days
15/04/2026 13:36:27,buy,0.20,USDJPY,159.04900,17/04/2026 16:11:18,158.14600,0.00,3.80,-90.30,-110.40,0.00,0.00,-110.40,-90.30,123,S10 BUY_AI_S90 10_B230 50,50.58,2.11days
16/04/2026 16:51:53,buy,0.20,USDJPY,159.15400,17/04/2026 16:06:41,158.25200,0.00,0.95,-90.20,-113.06,0.00,0.00,-113.06,-90.20,123,S10 BUY_AI_S90 10_B230 50,23.25,23.25hrs
16/04/2026 16:56:32,buy,0.20,USDJPY,159.25900,17/04/2026 16:03:07,158.35700,0.00,0.95,-90.20,-112.97,0.00,0.00,-112.97,-90.20,123,S10 BUY_AI_S90 10_B230 50,23.11,23.11hrs
15/04/2026 05:32:27,buy,0.02,USDJPY,159.01800,16/04/2026 16:59:11,159.24600,0.00,0.28,22.80,3.14,3.14,22.80,0.00,0.00,123,S10 BUY_5x13_MACD M5 M15,35.45,1.48days
15/04/2026 04:57:09,buy,0.02,USDJPY,158.91500,16/04/2026 16:59:11,159.24700,0.00,0.28,33.20,4.45,4.45,33.20,0.00,0.00,123,S10 BUY_5x13_MACD M5 M15,36.03,1.50days
16/04/2026 16:55:47,buy,0.02,USDJPY,159.21500,16/04/2026 16:59:10,159.24700,0.00,0.00,3.20,0.40,0.40,3.20,0.00,0.00,123,S10 BUY_5x13_MACD M5 M15,0.06,0.06hrs
15/04/2026 15:05:35,buy,0.02,USDJPY,159.11800,16/04/2026 16:59:10,159.24700,0.00,0.28,12.90,1.90,1.90,12.90,0.00,0.00,123,S10 BUY_5x13_MACD M5 M15,25.89,1.08days
16/04/2026 16:58:05,buy,0.02,USDJPY,159.31700,16/04/2026 16:59:09,159.24700,0.00,0.00,-7.00,-0.88,0.00,0.00,-0.88,-7.00,123,S10 BUY_5x13_MACD M5 M15,0.02,0.02hrs
10/04/2026 03:14:16,buy,0.20,USDJPY,159.20500,16/04/2026 06:05:25,158.29900,0.00,5.75,-90.60,-108.72,0.00,0.00,-108.72,-90.60,123,S10 BUY_AI_S90 10_B230 50,146.85,6.12days
10/04/2026 09:05:43,buy,0.20,USDJPY,159.30600,16/04/2026 06:01:32,158.39900,0.00,5.75,-90.70,-108.77,0.00,0.00,-108.77,-90.70,123,S10 BUY_AI_S90 10_B230 50,140.93,5.87days
13/04/2026 00:02:00,buy,0.20,USDJPY,159.71400,14/04/2026 13:24:45,158.81400,0.00,0.95,-90.00,-112.39,0.00,0.00,-112.39,-90.00,123,S10 BUY_AI_S90 10_B230 50,37.38,1.56days
08/04/2026 05:00:03,buy,0.20,USDJPY,158.41500,09/04/2026 05:30:59,158.78000,0.00,3.00,36.50,48.98,48.98,36.50,0.00,0.00,123,S10 BUY_AI_S90 10_B230 50,24.52,1.02days
08/04/2026 09:29:50,buy,0.20,USDJPY,158.10400,09/04/2026 05:30:58,158.77900,0.00,3.00,67.50,88.02,88.02,67.50,0.00,0.00,123,S10 BUY_AI_S90 10_B230 50,20.02,20.02hrs
08/04/2026 05:24:15,buy,0.20,USDJPY,158.51500,09/04/2026 05:30:58,158.78000,0.00,3.00,26.50,36.38,36.38,26.50,0.00,0.00,123,S10 BUY_AI_S90 10_B230 50,24.11,1.00days
08/04/2026 09:53:03,buy,0.20,USDJPY,158.20300,09/04/2026 05:30:57,158.77900,0.00,3.00,57.60,75.55,75.55,57.60,0.00,0.00,123,S10 BUY_AI_S90 10_B230 50,19.63,19.63hrs
08/04/2026 10:08:17,buy,0.20,USDJPY,158.30200,09/04/2026 05:30:56,158.78000,0.00,3.00,47.80,63.21,63.21,47.80,0.00,0.00,123,S10 BUY_AI_S90 10_B230 50,19.38,19.38hrs
02/04/2026 20:00:04,buy,0.20,USDJPY,159.51700,08/04/2026 02:24:05,158.61700,0.00,3.88,-90.00,-109.60,0.00,0.00,-109.60,-90.00,123,S10 BUY_AI_S90 10_B230 50,126.40,5.27days
02/04/2026 20:55:34,buy,0.20,USDJPY,159.61700,08/04/2026 02:17:30,158.72000,0.00,3.88,-89.70,-109.15,0.00,0.00,-109.15,-89.70,123,S10 BUY_AI_S90 10_B230 50,125.37,5.22days
02/04/2026 21:39:34,buy,0.20,USDJPY,159.72000,08/04/2026 02:04:03,158.81400,0.00,3.88,-90.60,-110.22,0.00,0.00,-110.22,-90.60,123,S10 BUY_AI_S90 10_B230 50,124.41,5.18days
03/04/2026 15:30:10,buy,0.20,USDJPY,159.83300,08/04/2026 01:57:09,158.92700,0.00,2.93,-90.60,-111.08,0.00,0.00,-111.08,-90.60,123,S10 BUY_AI_S90 10_B230 50,106.45,4.44days
01/04/2026 10:55:14,buy,0.20,USDJPY,158.65600,02/04/2026 06:19:16,159.36200,0.00,2.85,70.60,91.45,91.45,70.60,0.00,0.00,123,S10 BUY_AI_S90 10_B230 50,19.40,19.40hrs
01/04/2026 11:01:48,buy,0.20,USDJPY,158.86700,02/04/2026 06:19:15,159.36200,0.00,2.85,49.50,64.97,64.97,49.50,0.00,0.00,123,S10 BUY_AI_S90 10_B230 50,19.29,19.29hrs
01/04/2026 10:58:11,buy,0.20,USDJPY,158.76600,02/04/2026 06:19:15,159.36200,0.00,2.85,59.60,77.65,77.65,59.60,0.00,0.00,123,S10 BUY_AI_S90 10_B230 50,19.35,19.35hrs
01/04/2026 10:48:45,buy,0.20,USDJPY,158.54700,02/04/2026 06:19:14,159.36300,0.00,2.85,81.60,105.26,105.26,81.60,0.00,0.00,123,S10 BUY_AI_S90 10_B230 50,19.51,19.51hrs
01/04/2026 09:35:51,buy,0.20,USDJPY,158.44500,02/04/2026 06:19:14,159.36300,0.00,2.85,91.80,118.06,118.06,91.80,0.00,0.00,123,S10 BUY_AI_S90 10_B230 50,20.72,20.72hrs
01/04/2026 09:24:54,sell,0.20,USDJPY,158.52000,01/04/2026 09:35:44,158.43800,0.00,0.00,8.20,10.35,10.35,8.20,0.00,0.00,234,S10 SELL_AI__S90 10_B230 50,0.18,0.18hrs
01/04/2026 07:02:30,sell,0.20,USDJPY,158.85200,01/04/2026 09:35:44,158.43800,0.00,0.00,41.40,52.26,52.26,41.40,0.00,0.00,234,S10 SELL_AI__S90 10_B230 50,2.55,2.55hrs
30/03/2026 22:09:44,sell,0.20,USDJPY,159.65100,01/04/2026 09:35:44,158.43800,0.00,-4.25,121.30,148.87,148.87,121.30,0.00,0.00,234,S10 SELL_AI__S90 10_B230 50,35.43,1.48days
31/03/2026 08:10:25,sell,0.20,USDJPY,159.54700,01/04/2026 09:35:43,158.43800,0.00,-2.13,110.90,137.86,137.86,110.90,0.00,0.00,234,S10 SELL_AI__S90 10_B230 50,25.42,1.06days
30/03/2026 18:45:04,sell,0.02,USDJPY,159.40100,31/03/2026 00:03:41,159.73100,0.00,-0.21,-33.00,-4.34,0.00,0.00,-4.34,-33.00,234,S10 SELL_5x13_MACD M5 M15,5.31,5.31hrs
27/03/2026 23:01:20,sell,0.20,USDJPY,160.09600,30/03/2026 16:41:05,159.49500,0.00,-2.12,60.10,73.24,73.24,60.10,0.00,0.00,234,S10 SELL_AI__S90 10_B230 50,65.66,2.74days
27/03/2026 22:53:39,sell,0.20,USDJPY,160.20700,30/03/2026 16:41:05,159.49600,0.00,-2.12,71.10,87.04,87.04,71.10,0.00,0.00,234,S10 SELL_AI__S90 10_B230 50,65.79,2.74days
30/03/2026 03:42:05,sell,0.20,USDJPY,159.89400,30/03/2026 16:41:04,159.49800,0.00,0.00,39.60,49.66,49.66,39.60,0.00,0.00,234,S10 SELL_AI__S90 10_B230 50,12.98,12.98hrs
30/03/2026 03:19:26,sell,0.20,USDJPY,159.99600,30/03/2026 16:41:04,159.49700,0.00,0.00,49.90,62.57,62.57,49.90,0.00,0.00,234,S10 SELL_AI__S90 10_B230 50,13.36,13.36hrs
30/03/2026 05:33:02,sell,0.20,USDJPY,159.78800,30/03/2026 16:41:03,159.49900,0.00,0.00,28.90,36.24,36.24,28.90,0.00,0.00,234,S10 SELL_AI__S90 10_B230 50,11.13,11.13hrs
30/03/2026 09:02:32,sell,0.02,USDJPY,159.65300,30/03/2026 15:58:12,159.40400,0.00,0.00,24.90,3.12,3.12,24.90,0.00,0.00,234,S10 SELL_5x13_MACD M5 M15,6.93,6.93hrs
30/03/2026 13:05:28,sell,0.02,USDJPY,159.55500,30/03/2026 15:58:11,159.40300,0.00,0.00,15.20,1.91,1.91,15.20,0.00,0.00,234,S10 SELL_5x13_MACD M5 M15,2.88,2.88hrs
30/03/2026 14:26:50,sell,0.02,USDJPY,159.41000,30/03/2026 15:58:10,159.40200,0.00,0.00,0.80,0.10,0.10,0.80,0.00,0.00,234,S10 SELL_5x13_MACD M5 M15,1.52,1.52hrs
30/03/2026 05:35:01,sell,0.02,USDJPY,159.78400,30/03/2026 07:29:46,159.71800,0.00,0.00,6.60,0.83,0.83,6.60,0.00,0.00,234,S10 SELL_5x13_MACD M5 M15,1.91,1.91hrs
30/03/2026 04:00:03,sell,0.02,USDJPY,159.88400,30/03/2026 07:29:46,159.71800,0.00,0.00,16.60,2.08,2.08,16.60,0.00,0.00,234,S10 SELL_5x13_MACD M5 M15,3.50,3.50hrs
25/03/2026 22:00:46,buy,0.20,USDJPY,159.46800,27/03/2026 21:01:39,160.29400,0.00,3.84,82.60,106.90,106.90,82.60,0.00,0.00,123,S10 BUY_AI_S90 10_B230 50,47.01,1.96days
24/03/2026 03:03:19,buy,0.20,USDJPY,158.53100,24/03/2026 20:23:33,159.08600,0.00,0.00,55.50,69.77,69.77,55.50,0.00,0.00,123,S10 BUY_AI_S90 10_B230 50,17.34,17.34hrs
23/03/2026 23:21:28,buy,0.20,USDJPY,158.43300,24/03/2026 20:23:33,159.08600,0.00,0.96,65.30,83.05,83.05,65.30,0.00,0.00,123,S10 BUY_AI_S90 10_B230 50,21.03,21.03hrs
24/03/2026 03:13:03,buy,0.20,USDJPY,158.63400,24/03/2026 20:23:32,159.08100,0.00,0.00,44.70,56.20,56.20,44.70,0.00,0.00,123,S10 BUY_AI_S90 10_B230 50,17.17,17.17hrs
24/03/2026 06:58:06,buy,0.20,USDJPY,158.74400,24/03/2026 20:23:31,159.08300,0.00,0.00,33.90,42.62,42.62,33.90,0.00,0.00,123,S10 BUY_AI_S90 10_B230 50,13.42,13.42hrs
23/03/2026 21:30:01,buy,0.20,USDJPY,158.26400,24/03/2026 20:23:31,159.07900,0.00,0.96,81.50,103.42,103.42,81.50,0.00,0.00,123,S10 BUY_AI_S90 10_B230 50,22.89,22.89hrs
23/03/2026 03:00:03,buy,0.20,USDJPY,159.18400,23/03/2026 14:10:52,158.25100,0.00,0.00,-93.30,-117.91,0.00,0.00,-117.91,-93.30,123,S10 BUY_AI_S90 10_B230 50,11.18,11.18hrs
23/03/2026 03:31:43,buy,0.20,USDJPY,159.28300,23/03/2026 14:10:36,158.37100,0.00,0.00,-91.20,-115.17,0.00,0.00,-115.17,-91.20,123,S10 BUY_AI_S90 10_B230 50,10.65,10.65hrs
23/03/2026 03:39:57,buy,0.20,USDJPY,159.38400,23/03/2026 14:10:10,158.47700,0.00,0.00,-90.70,-114.46,0.00,0.00,-114.46,-90.70,123,S10 BUY_AI_S90 10_B230 50,10.50,10.50hrs
23/03/2026 03:54:54,buy,0.20,USDJPY,159.49000,23/03/2026 14:06:48,158.59100,0.00,0.00,-89.90,-113.37,0.00,0.00,-113.37,-89.90,123,S10 BUY_AI_S90 10_B230 50,10.20,10.20hrs
23/03/2026 05:33:15,buy,0.20,USDJPY,159.59500,23/03/2026 14:06:45,158.66600,0.00,0.00,-92.90,-117.10,0.00,0.00,-117.10,-92.90,123,S10 BUY_AI_S90 10_B230 50,8.56,8.56hrs
20/03/2026 17:57:08,buy,0.02,USDJPY,159.15800,23/03/2026 00:02:32,159.20300,0.00,0.10,4.50,0.67,0.67,4.50,0.00,0.00,123,S10 BUY_5x13_MACD M5 M15,54.09,2.25days
20/03/2026 19:30:58,buy,0.02,USDJPY,159.26900,23/03/2026 00:02:31,159.20300,0.00,0.10,-6.60,-0.73,0.00,0.00,-0.73,-6.60,123,S10 BUY_5x13_MACD M5 M15,52.53,2.19days
20/03/2026 21:56:52,buy,0.02,USDJPY,159.36800,23/03/2026 00:02:30,159.20300,0.00,0.10,-16.50,-1.97,0.00,0.00,-1.97,-16.50,123,S10 BUY_5x13_MACD M5 M15,50.09,2.09days
19/03/2026 16:55:40,buy,0.20,USDJPY,158.22800,20/03/2026 13:34:09,158.78000,0.00,0.96,55.20,70.49,70.49,55.20,0.00,0.00,123,S10 BUY_AI_S90 10_B230 50,20.64,20.64hrs
20/03/2026 04:44:27,buy,0.20,USDJPY,158.04200,20/03/2026 13:34:08,158.78000,0.00,0.00,73.80,92.96,92.96,73.80,0.00,0.00,123,S10 BUY_AI_S90 10_B230 50,8.83,8.83hrs
19/03/2026 17:19:10,buy,0.20,USDJPY,158.33400,20/03/2026 13:34:08,158.78000,0.00,0.96,44.60,57.14,57.14,44.60,0.00,0.00,123,S10 BUY_AI_S90 10_B230 50,20.25,20.25hrs
20/03/2026 08:35:29,buy,0.20,USDJPY,158.43500,20/03/2026 13:34:07,158.78500,0.00,0.00,35.00,44.08,44.08,35.00,0.00,0.00,123,S10 BUY_AI_S90 10_B230 50,4.98,4.98hrs
19/03/2026 20:23:03,buy,0.20,USDJPY,157.92100,20/03/2026 13:34:06,158.78500,0.00,0.96,86.40,109.79,109.79,86.40,0.00,0.00,123,S10 BUY_AI_S90 10_B230 50,17.18,17.18hrs
19/03/2026 17:30:26,buy,0.20,USDJPY,158.43700,19/03/2026 22:08:15,157.52500,0.00,0.00,-91.20,-115.79,0.00,0.00,-115.79,-91.20,123,S10 BUY_AI_S90 10_B230 50,4.63,4.63hrs
19/03/2026 18:31:30,buy,0.20,USDJPY,158.53600,19/03/2026 22:01:09,157.63800,0.00,0.00,-89.80,-113.93,0.00,0.00,-113.93,-89.80,123,S10 BUY_AI_S90 10_B230 50,3.49,3.49hrs
12/03/2026 03:41:42,sell,0.20,USDJPY,159.09200,19/03/2026 16:55:36,158.23400,0.00,-14.80,85.80,93.65,93.65,85.80,0.00,0.00,234,S10 SELL_AI__S90 10_B230 50,181.23,7.55days
12/03/2026 03:15:14,sell,0.20,USDJPY,159.19300,19/03/2026 16:55:36,158.22800,0.00,-14.80,96.50,107.18,107.18,96.50,0.00,0.00,234,S10 SELL_AI__S90 10_B230 50,181.67,7.57days
12/03/2026 03:54:06,sell,0.20,USDJPY,158.99000,18/03/2026 23:24:56,159.89300,0.00,-8.45,-90.30,-121.40,0.00,0.00,-121.40,-90.30,234,S10 SELL_AI__S90 10_B230 50,163.51,6.81days
12/03/2026 00:02:02,sell,0.20,USDJPY,158.88800,18/03/2026 22:24:21,159.78900,0.00,-8.45,-90.10,-121.22,0.00,0.00,-121.22,-90.10,234,S10 SELL_AI__S90 10_B230 50,166.37,6.93days
17/03/2026 04:30:03,buy,0.02,USDJPY,159.44100,18/03/2026 22:04:30,159.70100,0.00,0.10,26.00,3.36,3.36,26.00,0.00,0.00,123,S10 BUY_5x13_MACD M5 M15,41.57,1.73days
18/03/2026 16:05:08,buy,0.02,USDJPY,159.52300,18/03/2026 22:04:29,159.70100,0.00,0.00,17.80,2.23,2.23,17.80,0.00,0.00,123,S10 BUY_5x13_MACD M5 M15,5.99,5.99hrs
18/03/2026 21:59:13,buy,0.02,USDJPY,159.72900,18/03/2026 22:04:28,159.70300,0.00,0.00,-2.60,-0.33,0.00,0.00,-0.33,-2.60,123,S10 BUY_5x13_MACD M5 M15,0.09,0.09hrs
18/03/2026 21:45:10,buy,0.02,USDJPY,159.62900,18/03/2026 22:04:28,159.69900,0.00,0.00,7.00,0.88,0.88,7.00,0.00,0.00,123,S10 BUY_5x13_MACD M5 M15,0.32,0.32hrs
13/03/2026 10:19:25,sell,0.20,USDJPY,159.52400,18/03/2026 09:35:44,158.68800,0.00,-6.35,83.60,99.01,99.01,83.60,0.00,0.00,234,S10 SELL_AI__S90 10_B230 50,119.27,4.97days
16/03/2026 21:57:06,sell,0.02,USDJPY,158.95800,17/03/2026 00:01:00,159.13900,0.00,-0.21,-18.10,-2.48,0.00,0.00,-2.48,-18.10,234,S10 SELL_5x13_MACD M5 M15,2.06,2.06hrs
16/03/2026 02:00:03,sell,0.02,USDJPY,159.52100,16/03/2026 03:44:41,159.32600,0.00,0.00,19.50,2.45,2.45,19.50,0.00,0.00,234,S10 SELL_5x13_MACD M5 M15,1.74,1.74hrs
16/03/2026 03:27:36,sell,0.02,USDJPY,159.32200,16/03/2026 03:44:40,159.32600,0.00,0.00,-0.40,-0.05,0.00,0.00,-0.05,-0.40,234,S10 SELL_5x13_MACD M5 M15,0.28,0.28hrs
16/03/2026 03:02:24,sell,0.02,USDJPY,159.42200,16/03/2026 03:44:40,159.32600,0.00,0.00,9.60,1.21,1.21,9.60,0.00,0.00,234,S10 SELL_5x13_MACD M5 M15,0.70,0.70hrs
12/03/2026 04:44:46,sell,0.20,USDJPY,158.79300,13/03/2026 07:36:43,159.69600,0.00,-2.10,-90.30,-115.19,0.00,0.00,-115.19,-90.30,234,S10 SELL_AI__S90 10_B230 50,26.87,1.12days
09/03/2026 18:22:07,sell,0.20,USDJPY,158.15700,12/03/2026 02:11:35,159.05400,0.00,-10.56,-89.70,-123.35,0.00,0.00,-123.35,-89.70,234,S10 SELL_AI__S90 10_B230 50,55.82,2.33days
09/03/2026 12:32:37,sell,0.20,USDJPY,158.36100,10/03/2026 10:33:41,157.46300,0.00,-2.12,89.80,111.94,111.94,89.80,0.00,0.00,234,S10 SELL_AI__S90 10_B230 50,22.02,22.02hrs
09/03/2026 12:34:21,sell,0.20,USDJPY,158.26300,10/03/2026 10:33:40,157.46300,0.00,-2.12,80.00,99.49,99.49,80.00,0.00,0.00,234,S10 SELL_AI__S90 10_B230 50,21.99,21.99hrs
09/03/2026 08:40:42,sell,0.20,USDJPY,158.47500,10/03/2026 04:18:41,157.64600,0.00,-2.12,82.90,103.05,103.05,82.90,0.00,0.00,234,S10 SELL_AI__S90 10_B230 50,19.63,19.63hrs
02/03/2026 20:09:38,sell,0.20,USDJPY,157.32800,09/03/2026 01:07:24,158.23000,0.00,-14.79,-90.20,-128.80,0.00,0.00,-128.80,-90.20,234,S10 SELL_AI__S90 10_B230 50,148.96,6.21days
02/03/2026 21:24:49,sell,0.20,USDJPY,157.23000,09/03/2026 00:03:51,158.13600,0.00,-14.79,-90.60,-129.37,0.00,0.00,-129.37,-90.60,234,S10 SELL_AI__S90 10_B230 50,146.65,6.11days
02/03/2026 14:09:21,sell,0.20,USDJPY,157.09400,06/03/2026 13:43:00,157.99300,0.00,-12.68,-89.90,-126.48,0.00,0.00,-126.48,-89.90,234,S10 SELL_AI__S90 10_B230 50,95.56,3.98days
02/03/2026 15:05:11,sell,0.20,USDJPY,157.42400,05/03/2026 03:33:01,156.56000,0.00,-10.57,86.40,99.80,99.80,86.40,0.00,0.00,234,S10 SELL_AI__S90 10_B230 50,60.46,2.52days
03/03/2026 11:32:07,sell,0.20,USDJPY,157.73200,05/03/2026 02:30:01,156.82800,0.00,-8.46,90.40,106.83,106.83,90.40,0.00,0.00,234,S10 SELL_AI__S90 10_B230 50,38.97,1.62days
03/03/2026 01:30:03,sell,0.02,USDJPY,157.25400,04/03/2026 12:09:29,156.98800,0.00,-0.21,26.60,3.18,3.18,26.60,0.00,0.00,234,S10 SELL_5x13_MACD M5 M15,34.66,1.44days
04/03/2026 12:08:46,sell,0.02,USDJPY,157.03400,04/03/2026 12:09:28,156.97400,0.00,0.00,6.00,0.76,0.76,6.00,0.00,0.00,234,S10 SELL_5x13_MACD M5 M15,0.01,0.01hrs
03/03/2026 09:08:45,sell,0.02,USDJPY,157.15300,04/03/2026 12:09:28,156.98100,0.00,-0.21,17.20,1.98,1.98,17.20,0.00,0.00,234,S10 SELL_5x13_MACD M5 M15,27.01,1.13days
04/03/2026 12:09:19,sell,0.02,USDJPY,156.91400,04/03/2026 12:09:27,156.97200,0.00,0.00,-5.80,-0.74,0.00,0.00,-0.74,-5.80,234,S10 SELL_5x13_MACD M5 M15,0.00,0.00hrs
02/03/2026 07:37:24,sell,0.20,USDJPY,156.77600,02/03/2026 17:14:34,157.67200,0.00,0.00,-89.60,-113.65,0.00,0.00,-113.65,-89.60,234,S10 SELL_AI__S90 10_B230 50,9.62,9.62hrs
26/02/2026 02:00:04,sell,0.20,USDJPY,156.16800,02/03/2026 10:05:02,157.08500,0.00,-4.23,-91.70,-120.98,0.00,0.00,-120.98,-91.70,234,S10 SELL_AI__S90 10_B230 50,104.08,4.34days
26/02/2026 02:18:50,sell,0.20,USDJPY,156.06900,02/03/2026 08:23:51,156.96900,0.00,-4.23,-90.00,-118.90,0.00,0.00,-118.90,-90.00,234,S10 SELL_AI__S90 10_B230 50,102.08,4.25days
26/02/2026 02:47:17,sell,0.20,USDJPY,155.96700,02/03/2026 07:48:03,156.86000,0.00,-4.23,-89.30,-118.09,0.00,0.00,-118.09,-89.30,234,S10 SELL_AI__S90 10_B230 50,101.01,4.21days
02/03/2026 01:49:08,buy,0.02,USDJPY,156.64600,02/03/2026 02:08:19,156.74100,0.00,0.00,9.50,1.21,1.21,9.50,0.00,0.00,123,S10 BUY_5x13_MACD M5 M15,0.32,0.32hrs
02/03/2026 01:30:03,buy,0.02,USDJPY,156.54600,02/03/2026 02:08:19,156.74400,0.00,0.00,19.80,2.53,2.53,19.80,0.00,0.00,123,S10 BUY_5x13_MACD M5 M15,0.64,0.64hrs
02/03/2026 02:03:27,buy,0.02,USDJPY,156.74700,02/03/2026 02:08:18,156.74300,0.00,0.00,-0.40,-0.05,0.00,0.00,-0.05,-0.40,123,S10 BUY_5x13_MACD M5 M15,0.08,0.08hrs
26/02/2026 03:24:45,sell,0.20,USDJPY,155.86600,02/03/2026 02:04:34,156.76700,0.00,-4.23,-90.10,-119.18,0.00,0.00,-119.18,-90.10,234,S10 SELL_AI__S90 10_B230 50,94.66,3.94days
26/02/2026 04:06:40,sell,0.20,USDJPY,155.76000,02/03/2026 01:49:16,156.66500,0.00,-4.23,-90.50,-119.76,0.00,0.00,-119.76,-90.50,234,S10 SELL_AI__S90 10_B230 50,93.71,3.90days
27/02/2026 14:00:00,sell,0.02,USDJPY,155.89900,02/03/2026 00:01:28,156.02800,0.00,-0.21,-12.90,-1.86,0.00,0.00,-1.86,-12.90,234,S10 SELL_5x13_MACD M5 M15,58.02,2.42days
26/02/2026 04:00:32,sell,0.02,USDJPY,155.79300,27/02/2026 06:45:16,155.61200,0.00,-0.21,18.10,2.12,2.12,18.10,0.00,0.00,234,S10 SELL_5x13_MACD M5 M15,26.75,1.11days
26/02/2026 03:48:25,sell,0.02,USDJPY,155.89300,27/02/2026 06:45:16,155.61200,0.00,-0.21,28.10,3.40,3.40,28.10,0.00,0.00,234,S10 SELL_5x13_MACD M5 M15,26.95,1.12days
27/02/2026 06:38:57,sell,0.02,USDJPY,155.55800,27/02/2026 06:45:15,155.61200,0.00,0.00,-5.40,-0.69,0.00,0.00,-0.69,-5.40,234,S10 SELL_5x13_MACD M5 M15,0.10,0.10hrs
27/02/2026 02:41:58,sell,0.02,USDJPY,155.66500,27/02/2026 06:45:15,155.61200,0.00,0.00,5.30,0.68,0.68,5.30,0.00,0.00,234,S10 SELL_5x13_MACD M5 M15,4.05,4.05hrs
26/02/2026 02:33:48,sell,0.02,USDJPY,156.02000,26/02/2026 02:48:25,156.02300,0.00,0.00,-0.30,-0.04,0.00,0.00,-0.04,-0.30,234,S10 SELL_5x13_MACD M5 M15,0.24,0.24hrs
26/02/2026 01:50:59,sell,0.02,USDJPY,156.12600,26/02/2026 02:48:25,156.02500,0.00,0.00,10.10,1.29,1.29,10.10,0.00,0.00,234,S10 SELL_5x13_MACD M5 M15,0.96,0.96hrs
26/02/2026 01:30:12,sell,0.02,USDJPY,156.22600,26/02/2026 02:48:25,156.02500,0.00,0.00,20.10,2.58,2.58,20.10,0.00,0.00,234,S10 SELL_5x13_MACD M5 M15,1.30,1.30hrs
25/02/2026 19:00:00,buy,0.22,XAUUSD,5212.77000,25/02/2026 22:45:35,5169.75000,0.00,0.00,-430.20,-946.44,0.00,0.00,-946.44,-430.20,111,S10 BUY_ha,3.76,3.76hrs
25/02/2026 08:00:03,buy,0.33,XAUUSD,5201.33000,25/02/2026 13:10:55,5165.56000,0.00,0.00,-357.70,-1180.41,0.00,0.00,-1180.41,-357.70,111,S10 BUY_ha,5.18,5.18hrs
25/02/2026 09:00:00,buy,0.32,XAUUSD,5194.78000,25/02/2026 13:10:54,5165.22000,0.00,0.00,-295.60,-945.92,0.00,0.00,-945.92,-295.60,111,S10 BUY_ha,4.18,4.18hrs
25/02/2026 08:30:00,buy,0.32,XAUUSD,5189.79000,25/02/2026 13:10:54,5165.45000,0.00,0.00,-243.40,-778.88,0.00,0.00,-778.88,-243.40,111,S10 BUY_ha,4.68,4.68hrs
25/02/2026 12:28:26,sell,0.20,USDJPY,156.62400,25/02/2026 13:10:53,156.75100,0.00,0.00,-12.70,-16.20,0.00,0.00,-16.20,-12.70,234,S10 SELL_AI__S90 10_B230 50,0.71,0.71hrs
24/02/2026 23:00:01,sell,0.20,USDJPY,155.87400,25/02/2026 12:50:39,156.77400,0.00,-2.12,-90.00,-116.93,0.00,0.00,-116.93,-90.00,234,S10 SELL_AI__S90 10_B230 50,13.84,13.84hrs
25/02/2026 00:06:22,sell,0.20,USDJPY,155.77200,25/02/2026 11:28:09,156.66900,0.00,0.00,-89.70,-114.51,0.00,0.00,-114.51,-89.70,234,S10 SELL_AI__S90 10_B230 50,11.36,11.36hrs
25/02/2026 02:57:46,sell,0.20,USDJPY,155.67200,25/02/2026 11:20:21,156.57500,0.00,0.00,-90.30,-115.34,0.00,0.00,-115.34,-90.30,234,S10 SELL_AI__S90 10_B230 50,8.38,8.38hrs
25/02/2026 04:34:32,sell,0.20,USDJPY,155.51500,25/02/2026 11:05:16,156.41600,0.00,0.00,-90.10,-115.21,0.00,0.00,-115.21,-90.10,234,S10 SELL_AI__S90 10_B230 50,6.51,6.51hrs
25/02/2026 04:35:01,sell,0.20,USDJPY,155.40500,25/02/2026 10:59:21,156.30800,0.00,0.00,-90.30,-115.54,0.00,0.00,-115.54,-90.30,234,S10 SELL_AI__S90 10_B230 50,6.41,6.41hrs
24/02/2026 10:23:22,buy,0.02,USDJPY,156.26200,25/02/2026 00:01:54,155.82000,0.00,0.09,-44.20,-5.58,0.00,0.00,-5.58,-44.20,123,S10 BUY_5x13_MACD M5 M15,13.64,13.64hrs
24/02/2026 10:05:33,buy,0.02,USDJPY,156.16000,25/02/2026 00:01:54,155.82000,0.00,0.09,-34.00,-4.27,0.00,0.00,-4.27,-34.00,123,S10 BUY_5x13_MACD M5 M15,13.94,13.94hrs
24/02/2026 16:00:03,sell,0.10,XAUUSD,5114.98000,24/02/2026 16:13:44,5099.52000,0.00,0.00,154.60,154.60,154.60,154.60,0.00,0.00,88,S10 SELL_TL_ha_TryPower,0.23,0.23hrs
24/02/2026 07:35:42,sell,0.20,USDJPY,155.24100,24/02/2026 09:50:58,156.14300,0.00,0.00,-90.20,-115.54,0.00,0.00,-115.54,-90.20,234,S10 SELL_AI__S90 10_B230 50,2.25,2.25hrs
24/02/2026 08:04:13,sell,0.20,USDJPY,155.13800,24/02/2026 09:50:31,156.05400,0.00,0.00,-91.60,-117.40,0.00,0.00,-117.40,-91.60,234,S10 SELL_AI__S90 10_B230 50,1.77,1.77hrs
23/02/2026 10:49:24,sell,0.20,USDJPY,154.72600,24/02/2026 09:12:17,155.62800,0.00,-2.13,-90.20,-118.05,0.00,0.00,-118.05,-90.20,234,S10 SELL_AI__S90 10_B230 50,22.38,22.38hrs
23/02/2026 11:12:06,sell,0.20,USDJPY,154.61900,24/02/2026 09:06:21,155.58100,0.00,-2.13,-96.20,-125.80,0.00,0.00,-125.80,-96.20,234,S10 SELL_AI__S90 10_B230 50,21.90,21.90hrs
23/02/2026 17:00:52,sell,0.20,USDJPY,154.51700,24/02/2026 09:05:48,155.43400,0.00,-2.13,-91.70,-120.12,0.00,0.00,-120.12,-91.70,234,S10 SELL_AI__S90 10_B230 50,16.08,16.08hrs
24/02/2026 06:05:09,buy,0.02,USDJPY,155.17100,24/02/2026 09:05:33,155.24800,0.00,0.00,7.70,0.99,0.99,7.70,0.00,0.00,123,S10 BUY_5x13_MACD M5 M15,3.01,3.01hrs
24/02/2026 05:40:05,buy,0.02,USDJPY,155.05400,24/02/2026 09:05:33,155.31900,0.00,0.00,26.50,3.41,3.41,26.50,0.00,0.00,123,S10 BUY_5x13_MACD M5 M15,3.42,3.42hrs
24/02/2026 06:27:40,buy,0.02,USDJPY,155.27100,24/02/2026 09:05:32,155.25600,0.00,0.00,-1.50,-0.19,0.00,0.00,-0.19,-1.50,123,S10 BUY_5x13_MACD M5 M15,2.63,2.63hrs
23/02/2026 05:21:47,sell,0.20,USDJPY,154.40800,24/02/2026 06:35:33,155.30700,0.00,-2.13,-89.90,-117.90,0.00,0.00,-117.90,-89.90,234,S10 SELL_AI__S90 10_B230 50,25.23,1.05days
23/02/2026 05:51:01,sell,0.20,USDJPY,154.30800,24/02/2026 06:23:38,155.21100,0.00,-2.13,-90.30,-118.49,0.00,0.00,-118.49,-90.30,234,S10 SELL_AI__S90 10_B230 50,24.54,1.02days
24/02/2026 02:53:45,buy,0.02,USDJPY,154.81200,24/02/2026 03:22:35,155.02800,0.00,0.00,21.60,2.79,2.79,21.60,0.00,0.00,123,S10 BUY_5x13_MACD M5 M15,0.48,0.48hrs
24/02/2026 01:35:03,buy,0.02,USDJPY,154.70700,24/02/2026 03:22:35,155.02800,0.00,0.00,32.10,4.14,4.14,32.10,0.00,0.00,123,S10 BUY_5x13_MACD M5 M15,1.79,1.79hrs
24/02/2026 03:22:23,buy,0.02,USDJPY,155.02600,24/02/2026 03:22:34,155.02900,0.00,0.00,0.30,0.04,0.04,0.30,0.00,0.00,123,S10 BUY_5x13_MACD M5 M15,0.00,0.00hrs
24/02/2026 03:01:10,buy,0.02,USDJPY,154.91000,24/02/2026 03:22:34,155.02800,0.00,0.00,11.80,1.52,1.52,11.80,0.00,0.00,123,S10 BUY_5x13_MACD M5 M15,0.36,0.36hrs
23/02/2026 08:10:36,sell,0.02,USDJPY,154.29500,24/02/2026 00:01:32,154.67800,0.00,-0.21,-38.30,-5.16,0.00,0.00,-5.16,-38.30,234,S10 SELL_5x13_MACD M5 M15,15.85,15.85hrs
23/02/2026 05:30:00,buy,0.45,XAUUSD,5164.91000,23/02/2026 09:26:14,5126.91000,0.00,0.00,-380.00,-1710.00,0.00,0.00,-1710.00,-380.00,111,S10 BUY_ha,3.94,3.94hrs
23/02/2026 05:00:00,buy,0.46,XAUUSD,5173.85000,23/02/2026 09:26:14,5127.10000,0.00,0.00,-467.50,-2150.50,0.00,0.00,-2150.50,-467.50,111,S10 BUY_ha,4.44,4.44hrs
23/02/2026 03:30:03,buy,0.46,XAUUSD,5159.63000,23/02/2026 03:45:27,5164.30000,0.00,0.00,46.70,214.82,214.82,46.70,0.00,0.00,111,S10 BUY_ha,0.26,0.26hrs
23/02/2026 02:52:42,sell,0.02,USDJPY,154.08700,23/02/2026 03:45:27,154.20900,0.00,0.00,-12.20,-1.58,0.00,0.00,-1.58,-12.20,234,S10 SELL_5x13_MACD M5 M15,0.88,0.88hrs
19/02/2026 03:36:39,sell,0.20,USDJPY,154.89200,23/02/2026 03:45:27,154.20900,0.00,-4.16,68.30,84.42,84.42,68.30,0.00,0.00,234,S10 SELL_AI__S90 10_B230 50,96.15,4.01days
20/02/2026 09:33:57,sell,0.20,USDJPY,154.98800,23/02/2026 02:51:36,154.17700,0.00,-2.08,81.10,103.12,103.12,81.10,0.00,0.00,234,S10 SELL_AI__S90 10_B230 50,65.29,2.72days
19/02/2026 06:58:51,sell,0.20,USDJPY,155.10200,23/02/2026 02:51:36,154.17700,0.00,-4.16,92.50,115.83,115.83,92.50,0.00,0.00,234,S10 SELL_AI__S90 10_B230 50,91.88,3.83days
19/02/2026 06:39:28,sell,0.20,USDJPY,155.20100,23/02/2026 02:12:11,154.38600,0.00,-4.16,81.50,101.42,101.42,81.50,0.00,0.00,234,S10 SELL_AI__S90 10_B230 50,91.55,3.81days
23/02/2026 01:30:03,sell,0.02,USDJPY,154.63700,23/02/2026 01:52:41,154.43000,0.00,0.00,20.70,2.68,2.68,20.70,0.00,0.00,234,S10 SELL_5x13_MACD M5 M15,0.38,0.38hrs
23/02/2026 01:48:05,sell,0.02,USDJPY,154.43400,23/02/2026 01:52:40,154.43200,0.00,0.00,0.20,0.03,0.03,0.20,0.00,0.00,234,S10 SELL_5x13_MACD M5 M15,0.08,0.08hrs
23/02/2026 01:36:02,sell,0.02,USDJPY,154.53800,23/02/2026 01:52:40,154.43200,0.00,0.00,10.60,1.37,1.37,10.60,0.00,0.00,234,S10 SELL_5x13_MACD M5 M15,0.28,0.28hrs
20/02/2026 10:58:12,sell,0.20,USDJPY,155.57200,23/02/2026 01:29:53,154.64400,0.00,-2.08,92.80,117.94,117.94,92.80,0.00,0.00,234,S10 SELL_AI__S90 10_B230 50,62.53,2.61days
18/02/2026 19:51:39,sell,0.20,USDJPY,154.58600,20/02/2026 09:56:32,155.48600,0.00,-8.33,-90.00,-124.10,0.00,0.00,-124.10,-90.00,234,S10 SELL_AI__S90 10_B230 50,38.08,1.59days
18/02/2026 21:03:45,sell,0.20,USDJPY,154.45500,20/02/2026 07:47:48,155.35300,0.00,-8.33,-89.80,-123.94,0.00,0.00,-123.94,-89.80,234,S10 SELL_AI__S90 10_B230 50,34.73,1.45days
18/02/2026 21:03:24,sell,0.20,USDJPY,154.36800,19/02/2026 05:33:10,155.25600,0.00,-6.25,-88.80,-120.64,0.00,0.00,-120.64,-88.80,234,S10 SELL_AI__S90 10_B230 50,8.50,8.50hrs
18/02/2026 16:25:22,sell,0.20,USDJPY,154.26700,19/02/2026 05:33:09,155.18200,0.00,-6.25,-91.50,-124.18,0.00,0.00,-124.18,-91.50,234,S10 SELL_AI__S90 10_B230 50,13.13,13.13hrs
18/02/2026 17:30:00,buy,0.53,XAUUSD,5005.13000,19/02/2026 01:01:38,4962.72000,0.00,-149.86,-424.10,-2397.59,0.00,0.00,-2397.59,-424.10,111,S10 BUY_ha,7.53,7.53hrs
18/02/2026 16:03:50,sell,0.20,USDJPY,153.92200,18/02/2026 21:16:42,154.82400,0.00,0.00,-90.20,-116.52,0.00,0.00,-116.52,-90.20,234,S10 SELL_AI__S90 10_B230 50,5.21,5.21hrs
17/02/2026 03:02:17,buy,0.20,USDJPY,153.30300,18/02/2026 16:03:42,153.92400,0.00,0.91,62.10,81.60,81.60,62.10,0.00,0.00,123,S10 BUY_AI_S90 10_B230 50,37.02,1.54days
17/02/2026 02:58:50,buy,0.20,USDJPY,153.19900,18/02/2026 16:03:42,153.92400,0.00,0.91,72.50,95.11,95.11,72.50,0.00,0.00,123,S10 BUY_AI_S90 10_B230 50,37.08,1.55days
18/02/2026 16:00:02,buy,0.52,XAUUSD,4954.39000,18/02/2026 16:03:41,4958.92000,0.00,0.00,45.30,235.56,235.56,45.30,0.00,0.00,111,S10 BUY_ha,0.06,0.06hrs
17/02/2026 10:54:28,sell,0.02,USDJPY,152.74300,18/02/2026 16:03:41,153.94300,0.00,-0.21,-120.00,-15.80,0.00,0.00,-15.80,-120.00,234,S10 SELL_5x13_MACD M5 M15,29.15,1.21days
17/02/2026 10:33:43,sell,0.02,USDJPY,152.84800,18/02/2026 16:03:41,153.94200,0.00,-0.21,-109.40,-14.42,0.00,0.00,-14.42,-109.40,234,S10 SELL_5x13_MACD M5 M15,29.50,1.23days
17/02/2026 16:00:02,sell,0.10,XAUUSD,4869.34000,17/02/2026 16:01:46,4850.95000,0.00,0.00,183.90,183.90,183.90,183.90,0.00,0.00,88,S10 SELL_TL_ha_TryPower,0.03,0.03hrs
17/02/2026 05:01:40,sell,0.02,USDJPY,153.09100,17/02/2026 09:16:45,152.89700,0.00,0.00,19.40,2.54,2.54,19.40,0.00,0.00,234,S10 SELL_5x13_MACD M5 M15,4.25,4.25hrs
17/02/2026 07:32:53,sell,0.02,USDJPY,152.89500,17/02/2026 09:16:44,152.89600,0.00,0.00,-0.10,-0.01,0.00,0.00,-0.01,-0.10,234,S10 SELL_5x13_MACD M5 M15,1.73,1.73hrs
17/02/2026 06:40:10,sell,0.02,USDJPY,152.99800,17/02/2026 09:16:44,152.89700,0.00,0.00,10.10,1.32,1.32,10.10,0.00,0.00,234,S10 SELL_5x13_MACD M5 M15,2.61,2.61hrs
13/02/2026 15:05:53,buy,0.20,USDJPY,153.21700,17/02/2026 01:58:47,153.55200,0.00,2.00,33.50,45.63,45.63,33.50,0.00,0.00,123,S10 BUY_AI_S90 10_B230 50,82.88,3.45days
13/02/2026 16:45:50,buy,0.20,USDJPY,153.00600,17/02/2026 01:58:46,153.56900,0.00,2.00,56.30,75.32,75.32,56.30,0.00,0.00,123,S10 BUY_AI_S90 10_B230 50,81.22,3.38days
13/02/2026 16:27:22,buy,0.20,USDJPY,152.90500,17/02/2026 01:58:46,153.55300,0.00,2.00,64.80,86.40,86.40,64.80,0.00,0.00,123,S10 BUY_AI_S90 10_B230 50,81.52,3.40days
13/02/2026 15:21:24,buy,0.20,USDJPY,153.32400,17/02/2026 01:58:46,153.55300,0.00,2.00,22.90,31.83,31.83,22.90,0.00,0.00,123,S10 BUY_AI_S90 10_B230 50,82.62,3.44days
13/02/2026 17:10:53,buy,0.20,USDJPY,153.10400,17/02/2026 01:58:45,153.56900,0.00,2.00,46.50,62.56,62.56,46.50,0.00,0.00,123,S10 BUY_AI_S90 10_B230 50,80.80,3.37days
16/02/2026 18:07:18,buy,0.02,USDJPY,153.52300,17/02/2026 00:01:39,153.36200,0.00,0.10,-16.10,-2.00,0.00,0.00,-2.00,-16.10,123,S10 BUY_5x13_MACD M5 M15,5.91,5.91hrs
16/02/2026 17:04:06,buy,0.02,USDJPY,153.41900,17/02/2026 00:01:39,153.36200,0.00,0.10,-5.70,-0.64,0.00,0.00,-0.64,-5.70,123,S10 BUY_5x13_MACD M5 M15,6.96,6.96hrs
12/02/2026 09:53:20,buy,0.20,USDJPY,153.15300,13/02/2026 11:02:13,153.54900,0.00,1.00,39.60,52.58,52.58,39.60,0.00,0.00,123,S10 BUY_AI_S90 10_B230 50,25.15,1.05days
12/02/2026 09:17:22,buy,0.20,USDJPY,153.05400,13/02/2026 11:02:13,153.54900,0.00,1.00,49.50,65.47,65.47,49.50,0.00,0.00,123,S10 BUY_AI_S90 10_B230 50,25.75,1.07days
12/02/2026 19:43:10,buy,0.20,USDJPY,152.82800,13/02/2026 11:02:12,153.55100,0.00,1.00,72.30,95.17,95.17,72.30,0.00,0.00,123,S10 BUY_AI_S90 10_B230 50,15.32,15.32hrs
12/02/2026 13:43:56,buy,0.20,USDJPY,153.24900,13/02/2026 11:02:12,153.55100,0.00,1.00,30.20,40.34,40.34,30.20,0.00,0.00,123,S10 BUY_AI_S90 10_B230 50,21.30,21.30hrs
12/02/2026 19:25:19,buy,0.20,USDJPY,152.72500,13/02/2026 11:02:11,153.55000,0.00,1.00,82.50,108.46,108.46,82.50,0.00,0.00,123,S10 BUY_AI_S90 10_B230 50,15.61,15.61hrs
12/02/2026 14:10:04,buy,0.20,USDJPY,153.34900,12/02/2026 18:25:07,152.44500,0.00,0.00,-90.40,-118.60,0.00,0.00,-118.60,-90.40,123,S10 BUY_AI_S90 10_B230 50,4.25,4.25hrs
12/02/2026 14:16:41,buy,0.20,USDJPY,153.45000,12/02/2026 18:06:31,152.54700,0.00,0.00,-90.30,-118.39,0.00,0.00,-118.39,-90.30,123,S10 BUY_AI_S90 10_B230 50,3.83,3.83hrs
11/02/2026 22:04:23,buy,0.20,USDJPY,153.02300,12/02/2026 08:17:22,153.32700,0.00,2.99,30.40,42.64,42.64,30.40,0.00,0.00,123,S10 BUY_AI_S90 10_B230 50,10.22,10.22hrs
11/02/2026 21:54:57,buy,0.20,USDJPY,152.91700,12/02/2026 08:17:22,153.33200,0.00,2.99,41.50,57.12,57.12,41.50,0.00,0.00,123,S10 BUY_AI_S90 10_B230 50,10.37,10.37hrs
11/02/2026 20:32:14,buy,0.20,USDJPY,152.81700,12/02/2026 08:17:22,153.33800,0.00,2.99,52.10,70.94,70.94,52.10,0.00,0.00,123,S10 BUY_AI_S90 10_B230 50,11.75,11.75hrs
12/02/2026 06:06:13,buy,0.20,USDJPY,152.56800,12/02/2026 08:17:21,153.34500,0.00,0.00,77.70,101.34,101.34,77.70,0.00,0.00,123,S10 BUY_AI_S90 10_B230 50,2.19,2.19hrs
12/02/2026 06:04:32,buy,0.20,USDJPY,152.46500,12/02/2026 08:17:20,153.33000,0.00,0.00,86.50,112.83,112.83,86.50,0.00,0.00,123,S10 BUY_AI_S90 10_B230 50,2.21,2.21hrs
11/02/2026 17:02:05,buy,0.20,USDJPY,153.32000,12/02/2026 05:03:06,152.41400,0.00,2.99,-90.60,-115.90,0.00,0.00,-115.90,-90.60,123,S10 BUY_AI_S90 10_B230 50,12.02,12.02hrs
11/02/2026 17:14:28,buy,0.20,USDJPY,153.42100,12/02/2026 04:59:16,152.52300,0.00,2.99,-89.80,-114.76,0.00,0.00,-114.76,-89.80,123,S10 BUY_AI_S90 10_B230 50,11.75,11.75hrs
11/02/2026 17:39:31,buy,0.20,USDJPY,153.53300,11/02/2026 19:32:00,152.62800,0.00,0.00,-90.50,-118.59,0.00,0.00,-118.59,-90.50,123,S10 BUY_AI_S90 10_B230 50,1.87,1.87hrs
11/02/2026 16:39:52,buy,0.20,USDJPY,153.64800,11/02/2026 19:15:34,152.74700,0.00,0.00,-90.10,-117.97,0.00,0.00,-117.97,-90.10,123,S10 BUY_AI_S90 10_B230 50,2.60,2.60hrs
11/02/2026 16:41:24,buy,0.20,USDJPY,153.76000,11/02/2026 19:00:46,152.85400,0.00,0.00,-90.60,-118.54,0.00,0.00,-118.54,-90.60,123,S10 BUY_AI_S90 10_B230 50,2.32,2.32hrs
11/02/2026 15:30:04,buy,0.20,USDJPY,154.12400,11/02/2026 15:39:52,153.13200,0.00,0.00,-99.20,-129.56,0.00,0.00,-129.56,-99.20,123,S10 BUY_AI_S90 10_B230 50,0.16,0.16hrs
11/02/2026 15:30:08,buy,0.20,USDJPY,154.20300,11/02/2026 15:39:51,153.23300,0.00,0.00,-97.00,-126.60,0.00,0.00,-126.60,-97.00,123,S10 BUY_AI_S90 10_B230 50,0.16,0.16hrs
11/02/2026 15:30:12,buy,0.20,USDJPY,154.35200,11/02/2026 15:39:49,153.44700,0.00,0.00,-90.50,-117.96,0.00,0.00,-117.96,-90.50,123,S10 BUY_AI_S90 10_B230 50,0.16,0.16hrs
11/02/2026 15:30:29,buy,0.20,USDJPY,154.45700,11/02/2026 15:39:46,153.55200,0.00,0.00,-90.50,-117.88,0.00,0.00,-117.88,-90.50,123,S10 BUY_AI_S90 10_B230 50,0.15,0.15hrs
11/02/2026 15:33:11,buy,0.20,USDJPY,154.56400,11/02/2026 15:39:44,153.62400,0.00,0.00,-94.00,-122.38,0.00,0.00,-122.38,-94.00,123,S10 BUY_AI_S90 10_B230 50,0.11,0.11hrs
11/02/2026 13:30:00,buy,0.52,XAUUSD,5107.93000,11/02/2026 13:50:11,5113.71000,0.00,0.00,57.80,300.56,300.56,57.80,0.00,0.00,111,S10 BUY_ha,0.34,0.34hrs
11/02/2026 09:00:03,buy,0.51,XAUUSD,5065.26000,11/02/2026 12:18:49,5071.56000,0.00,0.00,63.00,321.30,321.30,63.00,0.00,0.00,111,S10 BUY_ha,3.31,3.31hrs
11/02/2026 07:16:54,buy,0.20,USDJPY,153.25300,11/02/2026 12:18:49,153.25200,0.00,0.00,-0.10,-0.13,0.00,0.00,-0.13,-0.10,123,S10 BUY_AI_S90 10_B230 50,5.03,5.03hrs
11/02/2026 11:12:45,buy,0.20,USDJPY,153.35700,11/02/2026 12:18:48,153.25200,0.00,0.00,-10.50,-13.70,0.00,0.00,-13.70,-10.50,123,S10 BUY_AI_S90 10_B230 50,1.10,1.10hrs
11/02/2026 04:35:12,buy,0.20,USDJPY,153.72800,11/02/2026 08:08:40,152.82300,0.00,0.00,-90.50,-118.44,0.00,0.00,-118.44,-90.50,123,S10 BUY_AI_S90 10_B230 50,3.56,3.56hrs
11/02/2026 02:50:35,buy,0.20,USDJPY,154.05600,11/02/2026 07:27:37,153.15300,0.00,0.00,-90.30,-117.92,0.00,0.00,-117.92,-90.30,123,S10 BUY_AI_S90 10_B230 50,4.62,4.62hrs
10/02/2026 17:24:52,buy,0.20,USDJPY,154.36000,11/02/2026 06:16:27,153.45400,0.00,0.99,-90.60,-117.09,0.00,0.00,-117.09,-90.60,123,S10 BUY_AI_S90 10_B230 50,12.86,12.86hrs
10/02/2026 17:34:00,buy,0.20,USDJPY,154.46200,11/02/2026 05:49:28,153.55300,0.00,0.99,-90.90,-117.40,0.00,0.00,-117.40,-90.90,123,S10 BUY_AI_S90 10_B230 50,12.26,12.26hrs
10/02/2026 21:10:03,buy,0.20,USDJPY,154.56100,11/02/2026 04:38:13,153.65200,0.00,0.99,-90.90,-117.33,0.00,0.00,-117.33,-90.90,123,S10 BUY_AI_S90 10_B230 50,7.47,7.47hrs
10/02/2026 08:08:25,buy,0.20,USDJPY,155.30200,10/02/2026 16:24:52,154.40100,0.00,0.00,-90.10,-116.71,0.00,0.00,-116.71,-90.10,123,S10 BUY_AI_S90 10_B230 50,8.27,8.27hrs
09/02/2026 16:26:16,buy,0.20,USDJPY,155.61200,10/02/2026 16:07:30,154.69800,0.00,0.98,-91.40,-117.19,0.00,0.00,-117.19,-91.40,123,S10 BUY_AI_S90 10_B230 50,23.69,23.69hrs
09/02/2026 16:35:04,buy,0.20,USDJPY,155.70500,10/02/2026 15:35:37,154.79900,0.00,0.98,-90.60,-116.08,0.00,0.00,-116.08,-90.60,123,S10 BUY_AI_S90 10_B230 50,23.01,23.01hrs
09/02/2026 17:13:01,buy,0.20,USDJPY,155.80400,10/02/2026 15:30:30,154.89400,0.00,0.98,-91.00,-116.52,0.00,0.00,-116.52,-91.00,123,S10 BUY_AI_S90 10_B230 50,22.29,22.29hrs
09/02/2026 16:00:00,buy,0.20,USDJPY,155.93400,10/02/2026 15:30:01,155.03400,0.00,0.98,-90.00,-115.12,0.00,0.00,-115.12,-90.00,123,S10 BUY_AI_S90 10_B230 50,23.50,23.50hrs
09/02/2026 18:27:26,buy,0.20,USDJPY,156.03900,10/02/2026 06:55:07,155.13900,0.00,0.98,-90.00,-115.04,0.00,0.00,-115.04,-90.00,123,S10 BUY_AI_S90 10_B230 50,12.46,12.46hrs
09/02/2026 21:33:37,sell,0.02,USDJPY,155.80300,09/02/2026 21:43:52,155.71000,0.00,0.00,9.30,1.19,1.19,9.30,0.00,0.00,234,S10 SELL_5x13_MACD M5 M15,0.17,0.17hrs
09/02/2026 20:57:06,sell,0.02,USDJPY,155.90300,09/02/2026 21:43:52,155.71000,0.00,0.00,19.30,2.48,2.48,19.30,0.00,0.00,234,S10 SELL_5x13_MACD M5 M15,0.78,0.78hrs
09/02/2026 21:38:02,sell,0.02,USDJPY,155.70300,09/02/2026 21:43:51,155.70900,0.00,0.00,-0.60,-0.08,0.00,0.00,-0.08,-0.60,234,S10 SELL_5x13_MACD M5 M15,0.10,0.10hrs
09/02/2026 17:00:00,buy,0.54,XAUUSD,5038.43000,09/02/2026 17:00:03,5039.81000,0.00,0.00,13.80,74.52,74.52,13.80,0.00,0.00,111,S10 BUY_ha,0.00,0.00hrs
09/02/2026 08:00:00,buy,0.53,XAUUSD,5036.96000,09/02/2026 08:04:50,5043.18000,0.00,0.00,62.20,329.66,329.66,62.20,0.00,0.00,111,S10 BUY_ha,0.08,0.08hrs
05/02/2026 15:19:17,sell,0.20,USDJPY,156.79800,09/02/2026 03:31:12,156.37300,0.00,-4.26,42.50,50.10,50.10,42.50,0.00,0.00,234,S10 SELL_AI__S90 10_B230 50,84.20,3.51days
05/02/2026 15:06:59,sell,0.20,USDJPY,156.89700,09/02/2026 03:31:12,156.38900,0.00,-4.26,50.80,60.71,60.71,50.80,0.00,0.00,234,S10 SELL_AI__S90 10_B230 50,84.40,3.52days
09/02/2026 01:01:53,sell,0.20,USDJPY,157.38500,09/02/2026 03:31:11,156.35900,0.00,0.00,102.60,131.24,131.24,102.60,0.00,0.00,234,S10 SELL_AI__S90 10_B230 50,2.49,2.49hrs
09/02/2026 01:01:05,sell,0.20,USDJPY,157.48500,09/02/2026 03:31:11,156.37300,0.00,0.00,111.20,142.22,142.22,111.20,0.00,0.00,234,S10 SELL_AI__S90 10_B230 50,2.50,2.50hrs
06/02/2026 16:57:11,sell,0.02,USDJPY,156.83800,09/02/2026 03:31:11,156.35700,0.00,-0.21,48.10,5.94,5.94,48.10,0.00,0.00,234,S10 SELL_5x13_MACD M5 M15,58.57,2.44days
09/02/2026 02:12:18,sell,0.02,USDJPY,156.75500,09/02/2026 03:31:10,156.34900,0.00,0.00,40.60,5.19,5.19,40.60,0.00,0.00,234,S10 SELL_5x13_MACD M5 M15,1.31,1.31hrs
09/02/2026 01:49:45,sell,0.20,USDJPY,157.27800,09/02/2026 03:31:10,156.34700,0.00,0.00,93.10,119.09,119.09,93.10,0.00,0.00,234,S10 SELL_AI__S90 10_B230 50,1.69,1.69hrs
09/02/2026 03:30:03,buy,0.53,XAUUSD,5019.65000,09/02/2026 03:31:09,5019.52000,0.00,0.00,-1.30,-6.89,0.00,0.00,-6.89,-1.30,111,S10 BUY_ha,0.02,0.02hrs
09/02/2026 03:28:40,sell,0.02,USDJPY,156.55500,09/02/2026 03:31:09,156.34600,0.00,0.00,20.90,2.67,2.67,20.90,0.00,0.00,234,S10 SELL_5x13_MACD M5 M15,0.04,0.04hrs
09/02/2026 03:18:50,sell,0.02,USDJPY,156.65600,09/02/2026 03:31:09,156.34600,0.00,0.00,31.00,3.97,3.97,31.00,0.00,0.00,234,S10 SELL_5x13_MACD M5 M15,0.21,0.21hrs
09/02/2026 03:31:04,sell,0.02,USDJPY,156.32800,09/02/2026 03:31:08,156.33800,0.00,0.00,-1.00,-0.13,0.00,0.00,-0.13,-1.00,234,S10 SELL_5x13_MACD M5 M15,0.00,0.00hrs
09/02/2026 03:30:36,sell,0.02,USDJPY,156.45000,09/02/2026 03:31:08,156.34800,0.00,0.00,10.20,1.30,1.30,10.20,0.00,0.00,234,S10 SELL_5x13_MACD M5 M15,0.01,0.01hrs
05/02/2026 15:30:01,sell,0.20,USDJPY,156.68100,09/02/2026 00:01:02,157.63000,0.00,-4.26,-94.90,-124.67,0.00,0.00,-124.67,-94.90,234,S10 SELL_AI__S90 10_B230 50,80.52,3.35days
05/02/2026 15:36:28,sell,0.20,USDJPY,156.58100,09/02/2026 00:01:01,157.63000,0.00,-4.26,-104.90,-137.36,0.00,0.00,-137.36,-104.90,234,S10 SELL_AI__S90 10_B230 50,80.41,3.35days
06/02/2026 14:00:05,buy,0.53,XAUUSD,4887.86000,06/02/2026 14:00:08,4884.61000,0.00,0.00,-32.50,-172.25,0.00,0.00,-172.25,-32.50,111,S10 BUY_ha,0.00,0.00hrs
06/02/2026 14:00:03,buy,0.53,XAUUSD,4886.38000,06/02/2026 14:00:08,4883.64000,0.00,0.00,-27.40,-145.22,0.00,0.00,-145.22,-27.40,111,S10 BUY_ha,0.00,0.00hrs
05/02/2026 18:30:00,sell,0.10,XAUUSD,4852.41000,05/02/2026 18:43:27,4875.27000,0.00,0.00,-228.60,-228.60,0.00,0.00,-228.60,-228.60,88,S10 SELL_TL_ha_TryPower,0.22,0.22hrs
05/02/2026 18:00:00,sell,0.10,XAUUSD,4817.36000,05/02/2026 18:43:27,4874.94000,0.00,0.00,-575.80,-575.80,0.00,0.00,-575.80,-575.80,88,S10 SELL_TL_ha_TryPower,0.72,0.72hrs
04/02/2026 21:46:06,sell,0.20,USDJPY,156.86900,05/02/2026 14:06:59,157.22300,0.00,-6.40,-35.40,-51.43,0.00,0.00,-51.43,-35.40,234,S10 SELL_AI__S90 10_B230 50,16.35,16.35hrs
04/02/2026 15:56:03,sell,0.20,USDJPY,156.45600,05/02/2026 14:06:59,157.22200,0.00,-6.40,-76.60,-103.84,0.00,0.00,-103.84,-76.60,234,S10 SELL_AI__S90 10_B230 50,22.18,22.18hrs
04/02/2026 11:37:15,sell,0.20,USDJPY,156.55800,05/02/2026 14:06:59,157.22200,0.00,-6.40,-66.40,-90.87,0.00,0.00,-90.87,-66.40,234,S10 SELL_AI__S90 10_B230 50,26.50,1.10days
05/02/2026 12:00:00,sell,0.10,XAUUSD,4854.94000,05/02/2026 14:06:58,4855.18000,0.00,0.00,-2.40,-2.40,0.00,0.00,-2.40,-2.40,88,S10 SELL_TL_ha_TryPower,2.12,2.12hrs
05/02/2026 11:20:20,sell,0.20,USDJPY,157.19200,05/02/2026 14:06:58,157.22300,0.00,0.00,-3.10,-3.94,0.00,0.00,-3.94,-3.10,234,S10 SELL_AI__S90 10_B230 50,2.78,2.78hrs
05/02/2026 13:30:00,sell,0.10,XAUUSD,4892.08000,05/02/2026 14:06:57,4855.17000,0.00,0.00,369.10,369.10,369.10,369.10,0.00,0.00,88,S10 SELL_TL_ha_TryPower,0.62,0.62hrs
05/02/2026 13:00:00,sell,0.10,XAUUSD,4877.07000,05/02/2026 14:06:57,4855.19000,0.00,0.00,218.80,218.80,218.80,218.80,0.00,0.00,88,S10 SELL_TL_ha_TryPower,1.12,1.12hrs
05/02/2026 12:30:00,sell,0.10,XAUUSD,4859.51000,05/02/2026 14:06:57,4855.19000,0.00,0.00,43.20,43.20,43.20,43.20,0.00,0.00,88,S10 SELL_TL_ha_TryPower,1.62,1.62hrs
04/02/2026 17:01:00,sell,0.20,USDJPY,156.33900,05/02/2026 11:21:35,157.24100,0.00,-6.40,-90.20,-121.13,0.00,0.00,-121.13,-90.20,234,S10 SELL_AI__S90 10_B230 50,18.34,18.34hrs
04/02/2026 07:36:04,sell,0.20,USDJPY,156.24400,05/02/2026 09:20:41,157.14900,0.00,-6.40,-90.50,-121.58,0.00,0.00,-121.58,-90.50,234,S10 SELL_AI__S90 10_B230 50,25.74,1.07days
05/02/2026 05:00:03,sell,0.10,XAUUSD,4805.43000,05/02/2026 05:00:14,4796.42000,0.00,0.00,90.10,90.10,90.10,90.10,0.00,0.00,88,S10 SELL_TL_ha_TryPower,0.00,0.00hrs
04/02/2026 06:30:00,buy,0.54,XAUUSD,5062.30000,04/02/2026 06:36:04,5067.78000,0.00,0.00,54.80,295.92,295.92,54.80,0.00,0.00,111,S10 BUY_ha,0.10,0.10hrs
04/02/2026 06:01:48,sell,0.20,USDJPY,156.32400,04/02/2026 06:36:04,156.27200,0.00,0.00,5.20,6.66,6.66,5.20,0.00,0.00,234,S10 SELL_AI__S90 10_B230 50,0.57,0.57hrs
04/02/2026 04:46:50,sell,0.20,USDJPY,156.20000,04/02/2026 05:01:45,156.25800,0.00,0.00,-5.80,-7.42,0.00,0.00,-7.42,-5.80,234,S10 SELL_AI__S90 10_B230 50,0.25,0.25hrs
04/02/2026 05:00:03,buy,0.53,XAUUSD,5037.50000,04/02/2026 05:01:44,5042.02000,0.00,0.00,45.20,239.56,239.56,45.20,0.00,0.00,111,S10 BUY_ha,0.03,0.03hrs
04/02/2026 05:00:00,buy,0.54,XAUUSD,5040.79000,04/02/2026 05:01:44,5042.00000,0.00,0.00,12.10,65.34,65.34,12.10,0.00,0.00,111,S10 BUY_ha,0.03,0.03hrs
03/02/2026 20:53:42,sell,0.20,USDJPY,155.63700,04/02/2026 03:46:50,156.15300,0.00,-2.15,-51.60,-68.24,0.00,0.00,-68.24,-51.60,234,S10 SELL_AI__S90 10_B230 50,6.89,6.89hrs
03/02/2026 20:18:45,sell,0.20,USDJPY,155.74300,04/02/2026 03:46:50,156.15300,0.00,-2.15,-41.00,-54.66,0.00,0.00,-54.66,-41.00,234,S10 SELL_AI__S90 10_B230 50,7.47,7.47hrs
04/02/2026 03:30:05,buy,0.53,XAUUSD,5036.96000,04/02/2026 03:46:49,5039.15000,0.00,0.00,21.90,116.07,116.07,21.90,0.00,0.00,111,S10 BUY_ha,0.28,0.28hrs
04/02/2026 03:30:03,buy,0.53,XAUUSD,5036.66000,04/02/2026 03:46:49,5038.99000,0.00,0.00,23.30,123.49,123.49,23.30,0.00,0.00,111,S10 BUY_ha,0.28,0.28hrs
04/02/2026 03:01:47,sell,0.20,USDJPY,156.05600,04/02/2026 03:46:49,156.15300,0.00,0.00,-9.70,-12.42,0.00,0.00,-12.42,-9.70,234,S10 SELL_AI__S90 10_B230 50,0.75,0.75hrs
03/02/2026 12:57:05,sell,0.20,USDJPY,155.91800,03/02/2026 19:18:45,155.59700,0.00,0.00,32.10,41.26,41.26,32.10,0.00,0.00,234,S10 SELL_AI__S90 10_B230 50,6.36,6.36hrs
03/02/2026 17:53:08,sell,0.20,USDJPY,155.71200,03/02/2026 19:18:44,155.59800,0.00,0.00,11.40,14.65,14.65,11.40,0.00,0.00,234,S10 SELL_AI__S90 10_B230 50,1.43,1.43hrs
03/02/2026 15:05:03,sell,0.20,USDJPY,155.81400,03/02/2026 19:18:44,155.59700,0.00,0.00,21.70,27.89,27.89,21.70,0.00,0.00,234,S10 SELL_AI__S90 10_B230 50,4.23,4.23hrs
03/02/2026 19:15:54,sell,0.20,USDJPY,155.60500,03/02/2026 19:18:43,155.60100,0.00,0.00,0.40,0.51,0.51,0.40,0.00,0.00,234,S10 SELL_AI__S90 10_B230 50,0.05,0.05hrs
03/02/2026 19:00:00,buy,0.52,XAUUSD,4955.65000,03/02/2026 19:18:43,4963.04000,0.00,0.00,73.90,384.28,384.28,73.90,0.00,0.00,111,S10 BUY_ha,0.31,0.31hrs
03/02/2026 11:00:00,buy,0.51,XAUUSD,4913.91000,03/02/2026 11:01:35,4919.91000,0.00,0.00,60.00,306.00,306.00,60.00,0.00,0.00,111,S10 BUY_ha,0.03,0.03hrs
03/02/2026 09:30:00,buy,0.49,XAUUSD,4900.53000,03/02/2026 09:32:33,4911.35000,0.00,0.00,108.20,530.18,530.18,108.20,0.00,0.00,111,S10 BUY_ha,0.04,0.04hrs
03/02/2026 08:00:00,buy,0.48,XAUUSD,4825.50000,03/02/2026 08:12:02,4837.46000,0.00,0.00,119.60,574.08,574.08,119.60,0.00,0.00,111,S10 BUY_ha,0.20,0.20hrs
02/02/2026 17:00:03,sell,0.20,USDJPY,155.44100,03/02/2026 05:01:04,155.54900,0.00,-2.15,-10.80,-16.04,0.00,0.00,-16.04,-10.80,234,S10 SELL_AI__S90 10_B230 50,12.02,12.02hrs
02/02/2026 15:14:45,sell,0.20,USDJPY,155.08900,03/02/2026 05:01:04,155.55000,0.00,-2.15,-46.10,-61.42,0.00,0.00,-61.42,-46.10,234,S10 SELL_AI__S90 10_B230 50,13.77,13.77hrs
02/02/2026 22:56:10,sell,0.20,USDJPY,155.54900,03/02/2026 05:01:03,155.54900,0.00,-2.15,0.00,-2.15,0.00,0.00,-2.15,0.00,234,S10 SELL_AI__S90 10_B230 50,6.08,6.08hrs
02/02/2026 21:43:14,sell,0.20,USDJPY,155.65000,03/02/2026 05:01:03,155.54900,0.00,-2.15,10.10,10.84,10.84,10.10,0.00,0.00,234,S10 SELL_AI__S90 10_B230 50,7.30,7.30hrs
02/02/2026 21:13:44,sell,0.20,USDJPY,155.75200,03/02/2026 05:01:03,155.55000,0.00,-2.15,20.20,23.82,23.82,20.20,0.00,0.00,234,S10 SELL_AI__S90 10_B230 50,7.79,7.79hrs
03/02/2026 05:00:05,buy,0.46,XAUUSD,4782.21000,03/02/2026 05:01:02,4788.82000,0.00,0.00,66.10,304.06,304.06,66.10,0.00,0.00,111,S10 BUY_ha,0.02,0.02hrs
03/02/2026 05:00:03,buy,0.46,XAUUSD,4781.57000,03/02/2026 05:01:02,4788.21000,0.00,0.00,66.40,305.44,305.44,66.40,0.00,0.00,111,S10 BUY_ha,0.02,0.02hrs
02/02/2026 12:57:06,sell,0.20,USDJPY,154.78000,02/02/2026 17:43:42,155.68000,0.00,0.00,-90.00,-115.62,0.00,0.00,-115.62,-90.00,234,S10 SELL_AI__S90 10_B230 50,4.78,4.78hrs
02/02/2026 03:30:03,sell,0.10,XAUUSD,4692.35000,02/02/2026 03:30:54,4674.42000,0.00,0.00,179.30,179.30,179.30,179.30,0.00,0.00,88,S10 SELL_TL_ha_TryPower,0.01,0.01hrs
30/01/2026 09:00:00,sell,0.10,XAUUSD,5156.40000,30/01/2026 09:00:34,5132.26000,0.00,0.00,241.40,241.40,241.40,241.40,0.00,0.00,88,S10 SELL_TL_ha_TryPower,0.01,0.01hrs
30/01/2026 05:17:08,buy,0.20,USDJPY,153.79100,30/01/2026 07:57:40,153.92600,0.00,0.00,13.50,17.54,17.54,13.50,0.00,0.00,123,S10 BUY_AI_S90 10_B230 50,2.68,2.68hrs
30/01/2026 06:30:00,sell,0.10,XAUUSD,5210.27000,30/01/2026 07:57:39,5200.82000,0.00,0.00,94.50,94.50,94.50,94.50,0.00,0.00,88,S10 SELL_TL_ha_TryPower,1.46,1.46hrs
30/01/2026 06:00:03,sell,0.10,XAUUSD,5194.28000,30/01/2026 07:57:39,5200.79000,0.00,0.00,-65.10,-65.10,0.00,0.00,-65.10,-65.10,88,S10 SELL_TL_ha_TryPower,1.96,1.96hrs
30/01/2026 05:35:14,buy,0.20,USDJPY,153.89300,30/01/2026 07:57:39,153.92600,0.00,0.00,3.30,4.29,4.29,3.30,0.00,0.00,123,S10 BUY_AI_S90 10_B230 50,2.37,2.37hrs
30/01/2026 07:30:00,sell,0.10,XAUUSD,5229.30000,30/01/2026 07:57:38,5200.52000,0.00,0.00,287.80,287.80,287.80,287.80,0.00,0.00,88,S10 SELL_TL_ha_TryPower,0.46,0.46hrs
30/01/2026 07:04:46,buy,0.20,USDJPY,153.99500,30/01/2026 07:57:38,153.92600,0.00,0.00,-6.90,-8.97,0.00,0.00,-8.97,-6.90,123,S10 BUY_AI_S90 10_B230 50,0.88,0.88hrs
30/01/2026 07:00:00,sell,0.10,XAUUSD,5213.85000,30/01/2026 07:57:38,5200.75000,0.00,0.00,131.00,131.00,131.00,131.00,0.00,0.00,88,S10 SELL_TL_ha_TryPower,0.96,0.96hrs
30/01/2026 07:41:14,buy,0.20,USDJPY,154.09800,30/01/2026 07:57:37,153.92300,0.00,0.00,-17.50,-22.74,0.00,0.00,-22.74,-17.50,123,S10 BUY_AI_S90 10_B230 50,0.27,0.27hrs
29/01/2026 04:57:05,buy,0.20,USDJPY,153.09200,30/01/2026 04:17:05,153.79200,0.00,0.94,70.00,91.97,91.97,70.00,0.00,0.00,123,S10 BUY_AI_S90 10_B230 50,23.33,23.33hrs
29/01/2026 09:26:36,buy,0.20,USDJPY,153.29200,30/01/2026 04:17:04,153.78400,0.00,0.94,49.20,64.93,64.93,49.20,0.00,0.00,123,S10 BUY_AI_S90 10_B230 50,18.84,18.84hrs
29/01/2026 05:02:22,buy,0.20,USDJPY,153.18600,30/01/2026 04:17:04,153.78400,0.00,0.94,59.80,78.71,78.71,59.80,0.00,0.00,123,S10 BUY_AI_S90 10_B230 50,23.25,23.25hrs
29/01/2026 13:03:38,buy,0.20,USDJPY,153.49400,30/01/2026 04:17:03,153.78400,0.00,0.94,29.00,38.66,38.66,29.00,0.00,0.00,123,S10 BUY_AI_S90 10_B230 50,15.22,15.22hrs
29/01/2026 09:32:15,buy,0.20,USDJPY,153.39400,30/01/2026 04:17:03,153.78400,0.00,0.94,39.00,51.66,51.66,39.00,0.00,0.00,123,S10 BUY_AI_S90 10_B230 50,18.75,18.75hrs
29/01/2026 09:26:39,buy,0.02,USDJPY,153.29900,30/01/2026 00:01:04,152.88400,0.00,0.09,-41.50,-5.34,0.00,0.00,-5.34,-41.50,123,S10 BUY_5x13_MACD M5 M15,14.57,14.57hrs
29/01/2026 09:20:36,buy,0.02,USDJPY,153.18200,30/01/2026 00:01:04,152.88400,0.00,0.09,-29.80,-3.81,0.00,0.00,-3.81,-29.80,123,S10 BUY_5x13_MACD M5 M15,14.67,14.67hrs
29/01/2026 09:41:03,buy,0.02,USDJPY,153.40300,30/01/2026 00:01:03,152.88400,0.00,0.09,-51.90,-6.70,0.00,0.00,-6.70,-51.90,123,S10 BUY_5x13_MACD M5 M15,14.33,14.33hrs
29/01/2026 13:14:24,buy,0.02,USDJPY,153.50700,30/01/2026 00:01:02,152.88400,0.00,0.09,-62.30,-8.06,0.00,0.00,-8.06,-62.30,123,S10 BUY_5x13_MACD M5 M15,10.78,10.78hrs
29/01/2026 07:35:03,buy,0.02,USDJPY,153.08100,29/01/2026 13:20:55,153.42300,0.00,0.00,34.20,4.46,4.46,34.20,0.00,0.00,123,S10 BUY_5x13_MACD M5 M15,5.76,5.76hrs
28/01/2026 17:08:16,buy,0.02,USDJPY,153.31700,28/01/2026 17:11:09,153.61700,0.00,0.00,30.00,3.91,3.91,30.00,0.00,0.00,123,S10 BUY_5x13_MACD M5 M15,0.05,0.05hrs
27/01/2026 09:53:00,buy,0.02,USDJPY,154.70700,28/01/2026 17:08:18,153.28500,0.00,0.09,-142.20,-18.46,0.00,0.00,-18.46,-142.20,123,S10 BUY_5x13_MACD M5 M15,31.25,1.30days
27/01/2026 09:27:56,buy,0.02,USDJPY,154.60500,28/01/2026 17:08:18,153.28600,0.00,0.09,-131.90,-17.12,0.00,0.00,-17.12,-131.90,123,S10 BUY_5x13_MACD M5 M15,31.67,1.32days
27/01/2026 15:47:05,buy,0.02,USDJPY,153.18800,28/01/2026 17:08:17,153.29800,0.00,0.09,11.00,1.53,1.53,11.00,0.00,0.00,123,S10 BUY_5x13_MACD M5 M15,25.35,1.06days
27/01/2026 15:46:50,buy,0.02,USDJPY,153.08400,28/01/2026 17:08:17,153.30600,0.00,0.09,22.20,2.99,2.99,22.20,0.00,0.00,123,S10 BUY_5x13_MACD M5 M15,25.36,1.06days
27/01/2026 10:32:05,buy,0.02,USDJPY,154.81900,28/01/2026 17:08:17,153.29200,0.00,0.09,-152.70,-19.83,0.00,0.00,-19.83,-152.70,123,S10 BUY_5x13_MACD M5 M15,30.60,1.28days
27/01/2026 19:42:16,buy,0.20,USDJPY,152.77000,28/01/2026 17:08:16,153.29600,0.00,0.94,52.60,69.57,69.57,52.60,0.00,0.00,123,S10 BUY_AI_S90 10_B230 50,21.43,21.43hrs
27/01/2026 15:52:20,buy,0.02,USDJPY,153.30000,28/01/2026 17:08:16,153.29700,0.00,0.09,-0.30,0.05,0.05,0.00,0.00,-0.30,123,S10 BUY_5x13_MACD M5 M15,25.27,1.05days
28/01/2026 00:07:58,buy,0.20,USDJPY,152.49400,28/01/2026 17:08:15,153.26700,0.00,0.00,77.30,100.87,100.87,77.30,0.00,0.00,123,S10 BUY_AI_S90 10_B230 50,17.00,17.00hrs
27/01/2026 23:48:29,buy,0.20,USDJPY,152.35100,28/01/2026 17:08:15,153.26100,0.00,0.94,91.00,119.69,119.69,91.00,0.00,0.00,123,S10 BUY_AI_S90 10_B230 50,17.33,17.33hrs
27/01/2026 23:46:38,buy,0.20,USDJPY,152.25100,28/01/2026 17:08:15,153.28000,0.00,0.94,102.90,135.20,135.20,102.90,0.00,0.00,123,S10 BUY_AI_S90 10_B230 50,17.36,17.36hrs
28/01/2026 01:27:29,buy,0.20,USDJPY,152.60200,28/01/2026 17:08:14,153.22700,0.00,0.00,62.50,81.58,81.58,62.50,0.00,0.00,123,S10 BUY_AI_S90 10_B230 50,15.68,15.68hrs
27/01/2026 15:46:26,buy,0.20,USDJPY,153.14100,27/01/2026 22:46:34,152.24400,0.00,0.00,-89.70,-117.84,0.00,0.00,-117.84,-89.70,123,S10 BUY_AI_S90 10_B230 50,7.00,7.00hrs
27/01/2026 15:46:37,buy,0.20,USDJPY,153.24300,27/01/2026 22:46:28,152.32400,0.00,0.00,-91.90,-120.66,0.00,0.00,-120.66,-91.90,123,S10 BUY_AI_S90 10_B230 50,7.00,7.00hrs
27/01/2026 16:02:23,buy,0.20,USDJPY,153.34400,27/01/2026 22:45:17,152.43000,0.00,0.00,-91.40,-119.92,0.00,0.00,-119.92,-91.40,123,S10 BUY_AI_S90 10_B230 50,6.71,6.71hrs
27/01/2026 14:24:50,buy,0.20,USDJPY,153.44900,27/01/2026 22:21:31,152.54500,0.00,0.00,-90.40,-118.52,0.00,0.00,-118.52,-90.40,123,S10 BUY_AI_S90 10_B230 50,7.94,7.94hrs
27/01/2026 12:52:35,buy,0.20,USDJPY,153.77400,27/01/2026 17:21:01,152.87300,0.00,0.00,-90.10,-117.88,0.00,0.00,-117.88,-90.10,123,S10 BUY_AI_S90 10_B230 50,4.47,4.47hrs
27/01/2026 12:00:03,buy,0.49,XAUUSD,5097.56000,27/01/2026 16:13:21,5057.54000,0.00,0.00,-400.20,-1960.98,0.00,0.00,-1960.98,-400.20,111,S10 BUY_ha,4.22,4.22hrs
27/01/2026 09:26:02,buy,0.20,USDJPY,154.60200,27/01/2026 11:52:35,153.57400,0.00,0.00,-102.80,-133.87,0.00,0.00,-133.87,-102.80,123,S10 BUY_AI_S90 10_B230 50,2.44,2.44hrs
27/01/2026 09:02:07,buy,0.20,USDJPY,154.49200,27/01/2026 11:52:32,153.55800,0.00,0.00,-93.40,-121.72,0.00,0.00,-121.72,-93.40,123,S10 BUY_AI_S90 10_B230 50,2.84,2.84hrs
27/01/2026 09:52:37,buy,0.20,USDJPY,154.70300,27/01/2026 11:52:27,153.45200,0.00,0.00,-125.10,-162.77,0.00,0.00,-162.77,-125.10,123,S10 BUY_AI_S90 10_B230 50,2.00,2.00hrs
27/01/2026 10:32:02,buy,0.20,USDJPY,154.80700,27/01/2026 11:52:24,153.84200,0.00,0.00,-96.50,-125.49,0.00,0.00,-125.49,-96.50,123,S10 BUY_AI_S90 10_B230 50,1.34,1.34hrs
26/01/2026 06:15:45,buy,0.20,USDJPY,153.84500,27/01/2026 08:02:07,154.50300,0.00,0.93,65.80,86.11,86.11,65.80,0.00,0.00,123,S10 BUY_AI_S90 10_B230 50,25.77,1.07days
26/01/2026 05:33:43,buy,0.20,USDJPY,154.14900,27/01/2026 08:02:07,154.50300,0.00,0.93,35.40,46.75,46.75,35.40,0.00,0.00,123,S10 BUY_AI_S90 10_B230 50,26.47,1.10days
26/01/2026 14:38:57,buy,0.20,USDJPY,154.04700,27/01/2026 08:02:06,154.50100,0.00,0.93,45.40,59.70,59.70,45.40,0.00,0.00,123,S10 BUY_AI_S90 10_B230 50,17.39,17.39hrs
26/01/2026 06:16:34,buy,0.20,USDJPY,153.94500,27/01/2026 08:02:06,154.50100,0.00,0.93,55.60,72.90,72.90,55.60,0.00,0.00,123,S10 BUY_AI_S90 10_B230 50,25.76,1.07days
27/01/2026 08:00:04,buy,0.51,XAUUSD,5083.18000,27/01/2026 08:02:05,5083.76000,0.00,0.00,5.80,29.58,29.58,5.80,0.00,0.00,111,S10 BUY_ha,0.03,0.03hrs
27/01/2026 03:01:11,buy,0.20,USDJPY,154.28800,27/01/2026 08:02:05,154.50200,0.00,0.00,21.40,27.70,27.70,21.40,0.00,0.00,123,S10 BUY_AI_S90 10_B230 50,5.01,5.01hrs
26/01/2026 21:03:01,buy,0.02,USDJPY,154.24400,27/01/2026 07:06:19,154.57700,0.00,0.09,33.30,4.40,4.40,33.30,0.00,0.00,123,S10 BUY_5x13_MACD M5 M15,10.05,10.05hrs
26/01/2026 20:47:07,buy,0.02,USDJPY,154.13800,27/01/2026 07:06:19,154.57700,0.00,0.09,43.90,5.77,5.77,43.90,0.00,0.00,123,S10 BUY_5x13_MACD M5 M15,10.32,10.32hrs
27/01/2026 02:00:57,buy,0.02,USDJPY,154.45800,27/01/2026 07:06:18,154.57700,0.00,0.00,11.90,1.54,1.54,11.90,0.00,0.00,123,S10 BUY_5x13_MACD M5 M15,5.09,5.09hrs
27/01/2026 01:49:27,buy,0.02,USDJPY,154.35600,27/01/2026 07:06:18,154.57700,0.00,0.00,22.10,2.86,2.86,22.10,0.00,0.00,123,S10 BUY_5x13_MACD M5 M15,5.28,5.28hrs
27/01/2026 06:15:59,buy,0.02,USDJPY,154.55800,27/01/2026 07:06:16,154.57600,0.00,0.00,1.80,0.23,0.23,1.80,0.00,0.00,123,S10 BUY_5x13_MACD M5 M15,0.84,0.84hrs
26/01/2026 18:21:16,buy,0.02,USDJPY,154.03500,27/01/2026 02:01:09,154.32800,0.00,0.09,29.30,3.89,3.89,29.30,0.00,0.00,123,S10 BUY_5x13_MACD M5 M15,7.66,7.66hrs
26/01/2026 13:03:09,buy,0.20,USDJPY,153.51500,27/01/2026 02:01:08,154.32700,0.00,0.93,81.20,106.16,106.16,81.20,0.00,0.00,123,S10 BUY_AI_S90 10_B230 50,12.97,12.97hrs
26/01/2026 05:37:48,buy,0.20,USDJPY,154.24900,26/01/2026 13:05:55,153.33000,0.00,0.00,-91.90,-119.87,0.00,0.00,-119.87,-91.90,123,S10 BUY_AI_S90 10_B230 50,7.47,7.47hrs
26/01/2026 00:44:04,buy,0.20,USDJPY,154.46400,26/01/2026 10:34:39,153.55900,0.00,0.00,-90.50,-117.87,0.00,0.00,-117.87,-90.50,123,S10 BUY_AI_S90 10_B230 50,9.84,9.84hrs
26/01/2026 00:03:52,buy,0.20,USDJPY,154.85300,26/01/2026 04:28:12,153.94100,0.00,0.00,-91.20,-118.49,0.00,0.00,-118.49,-91.20,123,S10 BUY_AI_S90 10_B230 50,4.41,4.41hrs
26/01/2026 00:05:07,buy,0.20,USDJPY,154.95700,26/01/2026 04:13:33,154.05900,0.00,0.00,-89.80,-116.58,0.00,0.00,-116.58,-89.80,123,S10 BUY_AI_S90 10_B230 50,4.14,4.14hrs
26/01/2026 00:09:23,buy,0.20,USDJPY,155.05900,26/01/2026 04:10:58,154.15700,0.00,0.00,-90.20,-117.02,0.00,0.00,-117.02,-90.20,123,S10 BUY_AI_S90 10_B230 50,4.03,4.03hrs
26/01/2026 01:50:22,buy,0.20,USDJPY,155.16700,26/01/2026 04:10:09,154.26400,0.00,0.00,-90.30,-117.07,0.00,0.00,-117.07,-90.30,123,S10 BUY_AI_S90 10_B230 50,2.33,2.33hrs
26/01/2026 03:30:03,buy,0.50,XAUUSD,5074.57000,26/01/2026 03:36:29,5080.72000,0.00,0.00,61.50,307.50,307.50,61.50,0.00,0.00,111,S10 BUY_ha,0.11,0.11hrs
26/01/2026 00:14:01,buy,0.20,USDJPY,155.16200,26/01/2026 00:50:22,154.25500,0.00,0.00,-90.70,-117.60,0.00,0.00,-117.60,-90.70,123,S10 BUY_AI_S90 10_B230 50,0.61,0.61hrs
23/01/2026 10:30:20,sell,0.20,USDJPY,158.31400,26/01/2026 00:03:51,154.85400,0.00,-2.14,346.00,444.73,444.73,346.00,0.00,0.00,234,S10 SELL_AI__S90 10_B230 50,61.56,2.56days
15/01/2026 07:50:41,sell,0.20,USDJPY,158.39900,26/01/2026 00:03:51,154.85700,0.00,-18.96,354.20,438.49,438.49,354.20,0.00,0.00,234,S10 SELL_AI__S90 10_B230 50,256.22,10.68days
15/01/2026 07:34:00,sell,0.20,USDJPY,158.49900,23/01/2026 19:35:03,156.70000,0.00,-16.82,179.90,212.79,212.79,179.90,0.00,0.00,234,S10 SELL_AI__S90 10_B230 50,204.02,8.50days
15/01/2026 15:57:39,sell,0.20,USDJPY,158.80800,23/01/2026 19:34:56,156.65100,0.00,-16.82,215.70,258.57,258.57,215.70,0.00,0.00,234,S10 SELL_AI__S90 10_B230 50,195.62,8.15days
15/01/2026 16:18:52,sell,0.20,USDJPY,158.69500,23/01/2026 19:34:55,156.66300,0.00,-16.82,203.20,242.59,242.59,203.20,0.00,0.00,234,S10 SELL_AI__S90 10_B230 50,195.27,8.14days
15/01/2026 11:51:53,sell,0.20,USDJPY,158.29800,23/01/2026 09:28:17,159.20300,0.00,-16.82,-90.50,-130.51,0.00,0.00,-130.51,-90.50,234,S10 SELL_AI__S90 10_B230 50,189.61,7.90days
22/01/2026 18:00:03,buy,0.45,XAUUSD,4873.46000,22/01/2026 18:44:15,4879.92000,0.00,0.00,64.60,290.70,290.70,64.60,0.00,0.00,111,S10 BUY_ha,0.74,0.74hrs
22/01/2026 18:30:00,buy,0.46,XAUUSD,4876.34000,22/01/2026 18:44:14,4879.74000,0.00,0.00,34.00,156.40,156.40,34.00,0.00,0.00,111,S10 BUY_ha,0.24,0.24hrs
20/01/2026 18:40:00,buy,0.02,USDJPY,158.05500,21/01/2026 21:44:55,158.47000,0.00,0.09,41.50,5.33,5.33,41.50,0.00,0.00,123,S10 BUY_5x13_MACD M5 M15,27.08,1.13days
20/01/2026 21:53:37,buy,0.02,USDJPY,158.26000,21/01/2026 21:44:54,158.46700,0.00,0.09,20.70,2.70,2.70,20.70,0.00,0.00,123,S10 BUY_5x13_MACD M5 M15,23.85,23.85hrs
20/01/2026 21:09:38,buy,0.02,USDJPY,158.15400,21/01/2026 21:44:54,158.46700,0.00,0.09,31.30,4.04,4.04,31.30,0.00,0.00,123,S10 BUY_5x13_MACD M5 M15,24.59,1.02days
21/01/2026 21:29:06,buy,0.02,USDJPY,158.37200,21/01/2026 21:44:53,158.46700,0.00,0.00,9.50,1.20,1.20,9.50,0.00,0.00,123,S10 BUY_5x13_MACD M5 M15,0.26,0.26hrs
21/01/2026 21:30:19,buy,0.02,USDJPY,158.47400,21/01/2026 21:44:52,158.46700,0.00,0.00,-0.70,-0.09,0.00,0.00,-0.09,-0.70,123,S10 BUY_5x13_MACD M5 M15,0.24,0.24hrs
19/01/2026 21:07:05,buy,0.02,USDJPY,158.09800,20/01/2026 09:12:03,158.53700,0.00,0.09,43.90,5.63,5.63,43.90,0.00,0.00,123,S10 BUY_5x13_MACD M5 M15,12.08,12.08hrs
20/01/2026 01:16:05,buy,0.02,USDJPY,158.19800,20/01/2026 09:12:02,158.53700,0.00,0.00,33.90,4.28,4.28,33.90,0.00,0.00,123,S10 BUY_5x13_MACD M5 M15,7.93,7.93hrs
20/01/2026 08:21:19,buy,0.02,USDJPY,158.30500,20/01/2026 09:12:01,158.53700,0.00,0.00,23.20,2.93,2.93,23.20,0.00,0.00,123,S10 BUY_5x13_MACD M5 M15,0.84,0.84hrs
20/01/2026 08:24:39,buy,0.02,USDJPY,158.40600,20/01/2026 09:12:00,158.53700,0.00,0.00,13.10,1.65,1.65,13.10,0.00,0.00,123,S10 BUY_5x13_MACD M5 M15,0.79,0.79hrs
20/01/2026 09:04:18,buy,0.02,USDJPY,158.51500,20/01/2026 09:11:59,158.53900,0.00,0.00,2.40,0.30,0.30,2.40,0.00,0.00,123,S10 BUY_5x13_MACD M5 M15,0.13,0.13hrs
19/01/2026 03:30:03,buy,0.46,XAUUSD,4664.41000,19/01/2026 07:37:35,4669.18000,0.00,0.00,47.70,219.42,219.42,47.70,0.00,0.00,111,S10 BUY_ha,4.13,4.13hrs
14/01/2026 00:57:09,sell,0.20,USDJPY,159.08400,15/01/2026 06:33:57,158.62600,0.00,-6.25,45.80,51.50,51.50,45.80,0.00,0.00,234,S10 SELL_AI__S90 10_B230 50,29.61,1.23days
14/01/2026 03:15:29,sell,0.20,USDJPY,159.40300,15/01/2026 06:33:48,158.62500,0.00,-6.25,77.80,91.84,91.84,77.80,0.00,0.00,234,S10 SELL_AI__S90 10_B230 50,27.31,1.14days
14/01/2026 03:46:27,sell,0.20,USDJPY,159.30200,15/01/2026 06:33:40,158.62500,0.00,-6.25,67.70,79.11,79.11,67.70,0.00,0.00,234,S10 SELL_AI__S90 10_B230 50,26.79,1.12days
14/01/2026 04:50:35,sell,0.20,USDJPY,159.19600,15/01/2026 06:33:28,158.62500,0.00,-6.25,57.10,65.74,65.74,57.10,0.00,0.00,234,S10 SELL_AI__S90 10_B230 50,25.71,1.07days
14/01/2026 10:34:27,sell,0.20,USDJPY,158.95700,15/01/2026 06:33:22,158.62500,0.00,-6.25,33.20,35.61,35.61,33.20,0.00,0.00,234,S10 SELL_AI__S90 10_B230 50,19.98,19.98hrs
14/01/2026 06:00:03,buy,0.43,XAUUSD,4628.45000,14/01/2026 07:07:02,4634.59000,0.00,0.00,61.40,264.02,264.02,61.40,0.00,0.00,111,S10 BUY_ha,1.12,1.12hrs
12/01/2026 03:00:03,sell,0.15,USDJPY,157.55900,13/01/2026 18:27:52,159.17200,0.00,-1.56,-161.30,-153.57,0.00,0.00,-153.57,-161.30,234,S10 SELL_AI_SL200,39.46,1.64days
12/01/2026 03:00:12,sell,0.02,USDJPY,157.58400,13/01/2026 18:27:51,159.17200,0.00,-0.21,-158.80,-20.16,0.00,0.00,-20.16,-158.80,234,S10 SELL_5x13_MACD M5 M15,39.46,1.64days
12/01/2026 03:00:06,sell,0.15,USDJPY,157.58200,13/01/2026 18:27:51,159.17200,0.00,-1.56,-159.00,-151.40,0.00,0.00,-151.40,-159.00,234,S10 SELL_AI_SL200,39.46,1.64days
12/01/2026 10:38:11,sell,0.15,USDJPY,157.69500,13/01/2026 18:27:50,159.17200,0.00,-1.56,-147.70,-140.75,0.00,0.00,-140.75,-147.70,234,S10 SELL_AI_SL200,31.83,1.33days
12/01/2026 09:39:02,sell,0.15,USDJPY,157.80300,13/01/2026 18:27:50,159.17300,0.00,-1.56,-137.00,-130.66,0.00,0.00,-130.66,-137.00,234,S10 SELL_AI_SL200,32.81,1.37days
12/01/2026 04:31:09,sell,0.15,USDJPY,157.90500,13/01/2026 18:27:50,159.17200,0.00,-1.56,-126.70,-120.96,0.00,0.00,-120.96,-126.70,234,S10 SELL_AI_SL200,37.94,1.58days
13/01/2026 08:56:13,sell,0.20,USDJPY,158.80200,13/01/2026 18:27:49,159.17200,0.00,0.00,-37.00,-46.49,0.00,0.00,-46.49,-37.00,234,S10 SELL_AI__S90 10_B230 50,9.53,9.53hrs
13/01/2026 08:18:34,sell,0.20,USDJPY,158.90200,13/01/2026 18:27:49,159.17300,0.00,0.00,-27.10,-34.05,0.00,0.00,-34.05,-27.10,234,S10 SELL_AI__S90 10_B230 50,10.15,10.15hrs
13/01/2026 04:36:09,sell,0.20,USDJPY,158.58500,13/01/2026 18:27:49,159.17200,0.00,0.00,-58.70,-73.76,0.00,0.00,-73.76,-58.70,234,S10 SELL_AI__S90 10_B230 50,13.86,13.86hrs
13/01/2026 17:00:03,buy,0.55,XAUUSD,4630.06000,13/01/2026 18:27:48,4595.35000,0.00,0.00,-347.10,-1909.05,0.00,0.00,-1909.05,-347.10,111,S10 BUY_ha,1.46,1.46hrs
13/01/2026 15:30:03,sell,0.20,USDJPY,158.63700,13/01/2026 18:27:48,159.17400,0.00,0.00,-53.70,-67.47,0.00,0.00,-67.47,-53.70,234,S10 SELL_AI__S90 10_B230 50,2.96,2.96hrs
13/01/2026 18:00:00,buy,0.55,XAUUSD,4619.29000,13/01/2026 18:27:47,4595.44000,0.00,0.00,-238.50,-1311.75,0.00,0.00,-1311.75,-238.50,111,S10 BUY_ha,0.46,0.46hrs
13/01/2026 17:30:00,buy,0.51,XAUUSD,4609.03000,13/01/2026 18:27:47,4595.36000,0.00,0.00,-136.70,-697.17,0.00,0.00,-697.17,-136.70,111,S10 BUY_ha,0.96,0.96hrs
13/01/2026 03:13:34,sell,0.20,USDJPY,158.27400,13/01/2026 18:17:02,159.18100,0.00,0.00,-90.70,-113.96,0.00,0.00,-113.96,-90.70,234,S10 SELL_AI__S90 10_B230 50,15.06,15.06hrs
12/01/2026 17:09:26,sell,0.20,USDJPY,157.96200,13/01/2026 06:07:00,158.86800,0.00,-2.09,-90.60,-116.15,0.00,0.00,-116.15,-90.60,234,S10 SELL_AI__S90 10_B230 50,12.96,12.96hrs
12/01/2026 17:21:44,sell,0.20,USDJPY,157.86200,13/01/2026 05:05:43,158.75900,0.00,-2.09,-89.70,-115.09,0.00,0.00,-115.09,-89.70,234,S10 SELL_AI__S90 10_B230 50,11.73,11.73hrs
12/01/2026 03:30:02,buy,0.57,XAUUSD,4583.14000,12/01/2026 07:55:04,4580.03000,0.00,0.00,-31.10,-177.27,0.00,0.00,-177.27,-31.10,111,S10 BUY_ha,4.42,4.42hrs
12/01/2026 04:30:00,buy,0.54,XAUUSD,4566.42000,12/01/2026 07:55:03,4579.87000,0.00,0.00,134.50,726.30,726.30,134.50,0.00,0.00,111,S10 BUY_ha,3.42,3.42hrs
31/12/2025 13:07:02,sell,0.15,USDJPY,156.66700,12/01/2026 00:03:29,158.16500,0.00,-23.39,-149.80,-165.46,0.00,0.00,-165.46,-149.80,234,S10 SELL_AI_SL200,274.94,11.46days
22/12/2025 03:00:04,sell,0.15,USDJPY,157.54400,31/12/2025 00:01:06,156.44800,0.00,-15.14,109.60,89.94,89.94,109.60,0.00,0.00,234,S10 SELL_AI_SL200,213.02,8.88days
22/12/2025 03:14:28,sell,0.15,USDJPY,157.40500,31/12/2025 00:01:05,156.44800,0.00,-15.14,95.70,76.62,76.62,95.70,0.00,0.00,234,S10 SELL_AI_SL200,212.78,8.87days
22/12/2025 03:51:34,sell,0.15,USDJPY,157.30200,31/12/2025 00:01:04,156.44800,0.00,-15.14,85.40,66.74,66.74,85.40,0.00,0.00,234,S10 SELL_AI_SL200,212.16,8.84days
22/12/2025 15:12:28,sell,0.15,USDJPY,157.11800,31/12/2025 00:01:03,156.44800,0.00,-15.14,67.00,49.10,49.10,67.00,0.00,0.00,234,S10 SELL_AI_SL200,200.81,8.37days
22/12/2025 15:44:05,sell,0.15,USDJPY,157.01600,31/12/2025 00:01:02,156.44800,0.00,-15.14,56.80,39.32,39.32,56.80,0.00,0.00,234,S10 SELL_AI_SL200,200.28,8.35days
26/12/2025 05:00:05,buy,0.57,XAUUSD,4508.81000,26/12/2025 08:50:40,4514.09000,0.00,0.00,52.80,300.96,300.96,52.80,0.00,0.00,111,S10 BUY_ha,3.84,3.84hrs
26/12/2025 08:00:03,buy,0.57,XAUUSD,4510.35000,26/12/2025 08:50:39,4513.95000,0.00,0.00,36.00,205.20,205.20,36.00,0.00,0.00,111,S10 BUY_ha,0.84,0.84hrs
26/12/2025 08:30:04,buy,0.60,XAUUSD,4518.53000,26/12/2025 08:50:38,4513.79000,0.00,0.00,-47.40,-284.40,0.00,0.00,-284.40,-47.40,111,S10 BUY_ha,0.34,0.34hrs
22/12/2025 15:55:58,balance,0.01,,0.00000,22/12/2025 15:55:58,0.00000,0.00,0.00,0.00,-15000.00,0.00,0.00,0.00,0.00,0,Transfer Out to 7324178,0.00,0.00hrs
22/12/2025 03:30:12,buy,0.98,XAUUSD,4368.27000,22/12/2025 04:08:42,4379.33000,0.00,0.00,110.60,1083.88,1083.88,110.60,0.00,0.00,111,S10 BUY_ha,0.64,0.64hrs
22/12/2025 04:00:11,buy,1.03,XAUUSD,4382.95000,22/12/2025 04:08:40,4379.04000,0.00,0.00,-39.10,-402.73,0.00,0.00,-402.73,-39.10,111,S10 BUY_ha,0.14,0.14hrs
18/12/2025 04:01:59,sell,0.15,USDJPY,155.74000,19/12/2025 23:26:27,157.74100,0.00,-1.77,-200.10,-192.05,0.00,0.00,-192.05,-200.10,234,S10 SELL_AI_SL200,43.41,1.81days
18/12/2025 15:43:10,sell,0.15,USDJPY,155.60500,19/12/2025 22:39:35,157.60700,0.00,-1.77,-200.20,-192.31,0.00,0.00,-192.31,-200.20,234,S10 SELL_AI_SL200,30.94,1.29days
18/12/2025 17:06:24,sell,0.15,USDJPY,155.47100,19/12/2025 19:34:04,157.52500,0.00,-1.77,-205.40,-197.36,0.00,0.00,-197.36,-205.40,234,S10 SELL_AI_SL200,26.46,1.10days
11/12/2025 03:12:06,sell,0.15,USDJPY,155.67300,17/12/2025 09:08:23,155.45400,0.00,-7.20,21.90,13.93,13.93,21.90,0.00,0.00,234,S10 SELL_AI_SL200,149.94,6.25days
11/12/2025 04:28:54,sell,0.15,USDJPY,155.55400,17/12/2025 09:08:22,155.45400,0.00,-7.20,10.00,2.45,2.45,10.00,0.00,0.00,234,S10 SELL_AI_SL200,148.66,6.19days
11/12/2025 21:08:00,sell,0.15,USDJPY,155.42800,17/12/2025 09:08:21,155.45300,0.00,-7.20,-2.50,-9.61,0.00,0.00,-9.61,-2.50,234,S10 SELL_AI_SL200,132.01,5.50days
17/12/2025 07:00:04,buy,0.98,XAUUSD,4329.79000,17/12/2025 07:55:30,4335.60000,0.00,0.00,58.10,569.38,569.38,58.10,0.00,0.00,111,S10 BUY_ha,0.92,0.92hrs
17/12/2025 07:30:43,buy,0.99,XAUUSD,4332.93000,17/12/2025 07:55:28,4335.69000,0.00,0.00,27.60,273.24,273.24,27.60,0.00,0.00,111,S10 BUY_ha,0.41,0.41hrs
11/12/2025 03:35:47,buy,0.76,XAUUSD,4235.26000,11/12/2025 21:07:57,4268.79000,0.00,0.00,335.30,2548.28,2548.28,335.30,0.00,0.00,111,S10 BUY_ha,17.54,17.54hrs
11/12/2025 04:00:52,buy,0.77,XAUUSD,4239.87000,11/12/2025 21:07:56,4268.86000,0.00,0.00,289.90,2232.23,2232.23,289.90,0.00,0.00,111,S10 BUY_ha,17.12,17.12hrs
11/12/2025 12:01:41,buy,0.68,XAUUSD,4220.02000,11/12/2025 21:07:55,4268.88000,0.00,0.00,488.60,3322.48,3322.48,488.60,0.00,0.00,111,S10 BUY_ha,9.10,9.10hrs
11/12/2025 20:00:07,buy,1.06,XAUUSD,4277.49000,11/12/2025 21:07:54,4268.64000,0.00,0.00,-88.50,-938.10,0.00,0.00,-938.10,-88.50,111,S10 BUY_ha,1.13,1.13hrs
02/12/2025 04:40:13,buy,0.15,USDJPY,155.68500,11/12/2025 00:01:46,155.89900,0.00,9.79,21.40,30.38,30.38,21.40,0.00,0.00,123,S10 BUY_AI_sl200,211.36,8.81days
02/12/2025 08:21:37,buy,0.15,USDJPY,155.78900,11/12/2025 00:01:45,155.89900,0.00,9.79,11.00,20.37,20.37,11.00,0.00,0.00,123,S10 BUY_AI_sl200,207.67,8.65days
02/12/2025 10:33:10,buy,0.15,USDJPY,155.95000,11/12/2025 00:01:44,155.89900,0.00,9.79,-5.10,4.88,4.88,0.00,0.00,-5.10,123,S10 BUY_AI_sl200,205.48,8.56days
02/12/2025 11:33:04,buy,0.15,USDJPY,156.04500,11/12/2025 00:01:43,155.89900,0.00,9.79,-14.60,-4.26,0.00,0.00,-4.26,-14.60,123,S10 BUY_AI_sl200,204.48,8.52days
02/12/2025 17:12:49,buy,0.15,USDJPY,156.15800,11/12/2025 00:01:42,155.89900,0.00,9.79,-25.90,-15.13,0.00,0.00,-15.13,-25.90,123,S10 BUY_AI_sl200,198.81,8.28days
05/12/2025 16:00:31,buy,0.73,XAUUSD,4234.11000,05/12/2025 17:02:42,4239.04000,0.00,0.00,49.30,359.89,359.89,49.30,0.00,0.00,111,S10 BUY_ha,1.04,1.04hrs
05/12/2025 16:00:34,buy,0.73,XAUUSD,4233.26000,05/12/2025 17:02:41,4239.03000,0.00,0.00,57.70,421.21,421.21,57.70,0.00,0.00,111,S10 BUY_ha,1.04,1.04hrs
05/12/2025 17:00:49,buy,0.77,XAUUSD,4242.20000,05/12/2025 17:02:39,4239.09000,0.00,0.00,-31.10,-239.47,0.00,0.00,-239.47,-31.10,111,S10 BUY_ha,0.03,0.03hrs
19/11/2025 17:25:54,sell,0.15,USDJPY,156.56500,02/12/2025 04:40:09,155.68600,0.00,-23.92,87.90,60.77,60.77,87.90,0.00,0.00,234,S10 SELL_AI_SL200,299.24,12.47days
21/11/2025 23:05:43,sell,0.15,USDJPY,156.43500,02/12/2025 04:40:08,155.68800,0.00,-16.66,74.70,55.31,55.31,74.70,0.00,0.00,234,S10 SELL_AI_SL200,245.57,10.23days
21/11/2025 23:54:05,sell,0.15,USDJPY,156.33100,02/12/2025 04:40:07,155.68900,0.00,-16.66,64.20,45.19,45.19,64.20,0.00,0.00,234,S10 SELL_AI_SL200,244.77,10.20days
28/11/2025 05:00:41,buy,0.64,XAUUSD,4190.05000,28/11/2025 16:44:03,4198.01000,0.00,0.00,79.60,509.44,509.44,79.60,0.00,0.00,111,S10 BUY_ha,11.72,11.72hrs
28/11/2025 15:31:14,buy,0.61,XAUUSD,4171.81000,28/11/2025 16:44:02,4198.23000,0.00,0.00,264.20,1611.62,1611.62,264.20,0.00,0.00,111,S10 BUY_ha,1.21,1.21hrs
28/11/2025 16:00:13,buy,0.66,XAUUSD,4184.39000,28/11/2025 16:44:01,4198.01000,0.00,0.00,136.20,898.92,898.92,136.20,0.00,0.00,111,S10 BUY_ha,0.73,0.73hrs
28/11/2025 16:30:12,buy,0.72,XAUUSD,4195.83000,28/11/2025 16:44:00,4197.82000,0.00,0.00,19.90,143.28,143.28,19.90,0.00,0.00,111,S10 BUY_ha,0.23,0.23hrs
24/11/2025 18:31:45,buy,0.54,XAUUSD,4093.13000,24/11/2025 21:13:19,4117.78000,0.00,0.00,246.50,1331.10,1331.10,246.50,0.00,0.00,111,S10 BUY_ha,2.69,2.69hrs
24/11/2025 19:38:14,buy,0.54,XAUUSD,4094.22000,24/11/2025 21:13:18,4117.93000,0.00,0.00,237.10,1280.34,1280.34,237.10,0.00,0.00,111,S10 BUY_ha,1.58,1.58hrs
24/11/2025 20:32:45,buy,0.56,XAUUSD,4100.09000,24/11/2025 21:13:17,4117.92000,0.00,0.00,178.30,998.48,998.48,178.30,0.00,0.00,111,S10 BUY_ha,0.68,0.68hrs
24/11/2025 21:02:53,buy,0.67,XAUUSD,4122.88000,24/11/2025 21:13:15,4118.15000,0.00,0.00,-47.30,-316.91,0.00,0.00,-316.91,-47.30,111,S10 BUY_ha,0.17,0.17hrs
30/10/2025 16:04:19,sell,0.15,USDJPY,154.36400,19/11/2025 16:21:58,156.40600,0.00,-33.95,-204.20,-229.79,0.00,0.00,-229.79,-204.20,234,S10 SELL_AI_SL200,480.29,20.01days
30/10/2025 20:41:04,sell,0.15,USDJPY,154.14100,19/11/2025 12:40:41,156.16500,0.00,-33.95,-202.40,-228.36,0.00,0.00,-228.36,-202.40,234,S10 SELL_AI_SL200,471.99,19.67days
30/10/2025 22:51:52,sell,0.15,USDJPY,154.03400,19/11/2025 12:40:40,156.16100,0.00,-33.95,-212.70,-238.26,0.00,0.00,-238.26,-212.70,234,S10 SELL_AI_SL200,469.81,19.58days
31/10/2025 02:44:32,sell,0.15,USDJPY,153.93500,19/11/2025 12:15:05,155.99500,0.00,-31.99,-206.00,-230.07,0.00,0.00,-230.07,-206.00,234,S10 SELL_AI_SL200,465.51,19.40days
31/10/2025 03:02:29,sell,0.15,USDJPY,153.83000,19/11/2025 12:15:03,155.98700,0.00,-31.99,-215.70,-239.41,0.00,0.00,-239.41,-215.70,234,S10 SELL_AI_SL200,465.21,19.38days
18/11/2025 20:51:23,buy,0.46,XAUUSD,4070.54000,19/11/2025 07:42:41,4091.05000,0.00,-27.06,205.10,916.40,916.40,205.10,0.00,0.00,111,S10 BUY_ha,10.86,10.86hrs
18/11/2025 22:22:31,buy,0.47,XAUUSD,4075.01000,19/11/2025 07:42:40,4091.01000,0.00,-27.65,160.00,724.35,724.35,160.00,0.00,0.00,111,S10 BUY_ha,9.34,9.34hrs
19/11/2025 05:00:58,buy,0.47,XAUUSD,4075.35000,19/11/2025 07:42:38,4091.10000,0.00,0.00,157.50,740.25,740.25,157.50,0.00,0.00,111,S10 BUY_ha,2.69,2.69hrs
19/11/2025 05:30:26,buy,0.46,XAUUSD,4072.67000,19/11/2025 07:42:37,4091.11000,0.00,0.00,184.40,848.24,848.24,184.40,0.00,0.00,111,S10 BUY_ha,2.20,2.20hrs
19/11/2025 07:31:33,buy,0.57,XAUUSD,4092.46000,19/11/2025 07:42:36,4091.13000,0.00,0.00,-13.30,-75.81,0.00,0.00,-75.81,-13.30,111,S10 BUY_ha,0.18,0.18hrs
12/11/2025 19:16:40,buy,0.50,XAUUSD,4197.55000,12/11/2025 21:13:47,4198.04000,0.00,0.00,4.90,24.50,24.50,4.90,0.00,0.00,111,S10 BUY_ha,1.95,1.95hrs
12/11/2025 19:16:44,buy,0.50,XAUUSD,4197.43000,12/11/2025 21:13:46,4197.92000,0.00,0.00,4.90,24.50,24.50,4.90,0.00,0.00,111,S10 BUY_ha,1.95,1.95hrs
12/11/2025 20:54:25,buy,0.54,XAUUSD,4208.79000,12/11/2025 21:13:45,4197.96000,0.00,0.00,-108.30,-584.82,0.00,0.00,-584.82,-108.30,111,S10 BUY_ha,0.32,0.32hrs
12/11/2025 21:09:45,buy,0.52,XAUUSD,4206.15000,12/11/2025 21:13:44,4197.83000,0.00,0.00,-83.20,-432.64,0.00,0.00,-432.64,-83.20,111,S10 BUY_ha,0.07,0.07hrs
10/11/2025 04:00:11,buy,0.50,XAUUSD,4043.89000,10/11/2025 06:45:30,4051.35000,0.00,0.00,74.60,373.00,373.00,74.60,0.00,0.00,111,S10 BUY_ha,2.76,2.76hrs
10/11/2025 05:30:05,buy,0.51,XAUUSD,4050.54000,10/11/2025 06:45:29,4051.38000,0.00,0.00,8.40,42.84,42.84,8.40,0.00,0.00,111,S10 BUY_ha,1.26,1.26hrs
10/11/2025 05:00:08,buy,0.51,XAUUSD,4047.82000,10/11/2025 06:45:29,4051.44000,0.00,0.00,36.20,184.62,184.62,36.20,0.00,0.00,111,S10 BUY_ha,1.76,1.76hrs
10/11/2025 06:30:04,buy,0.53,XAUUSD,4054.29000,10/11/2025 06:45:27,4051.34000,0.00,0.00,-29.50,-156.35,0.00,0.00,-156.35,-29.50,111,S10 BUY_ha,0.26,0.26hrs
06/11/2025 10:00:22,buy,0.49,XAUUSD,4005.15000,06/11/2025 14:09:36,4014.00000,0.00,0.00,88.50,433.65,433.65,88.50,0.00,0.00,111,S10 BUY_ha,4.15,4.15hrs
06/11/2025 11:28:33,buy,0.51,XAUUSD,4012.54000,06/11/2025 14:09:35,4013.83000,0.00,0.00,12.90,65.79,65.79,12.90,0.00,0.00,111,S10 BUY_ha,2.68,2.68hrs
06/11/2025 12:00:50,buy,0.50,XAUUSD,4010.76000,06/11/2025 14:09:34,4013.83000,0.00,0.00,30.70,153.50,153.50,30.70,0.00,0.00,111,S10 BUY_ha,2.15,2.15hrs
06/11/2025 14:01:29,buy,0.54,XAUUSD,4019.68000,06/11/2025 14:09:33,4013.72000,0.00,0.00,-59.60,-321.84,0.00,0.00,-321.84,-59.60,111,S10 BUY_ha,0.13,0.13hrs
30/10/2025 20:20:58,buy,0.48,XAUUSD,4000.13000,30/10/2025 21:11:02,4005.58000,0.00,0.00,54.50,261.60,261.60,54.50,0.00,0.00,111,S10 BUY_ha,0.83,0.83hrs
30/10/2025 20:39:03,buy,0.49,XAUUSD,4003.71000,30/10/2025 21:11:01,4005.66000,0.00,0.00,19.50,95.55,95.55,19.50,0.00,0.00,111,S10 BUY_ha,0.53,0.53hrs
30/10/2025 21:10:56,buy,0.49,XAUUSD,4006.14000,30/10/2025 21:11:00,4005.66000,0.00,0.00,-4.80,-23.52,0.00,0.00,-23.52,-4.80,111,S10 BUY_ha,0.00,0.00hrs
21/10/2025 16:16:32,sell,0.15,USDJPY,151.81800,30/10/2025 11:32:22,153.87700,0.00,-21.88,-205.90,-222.59,0.00,0.00,-222.59,-205.90,234,S10 SELL_AI_SL200,211.26,8.80days
22/10/2025 03:15:02,sell,0.15,USDJPY,151.71100,30/10/2025 11:26:38,153.77700,0.00,-19.88,-206.60,-221.41,0.00,0.00,-221.41,-206.60,234,S10 SELL_AI_SL200,200.19,8.34days
22/10/2025 03:35:23,sell,0.15,USDJPY,151.60900,30/10/2025 11:07:22,153.61500,0.00,-19.88,-200.60,-215.76,0.00,0.00,-215.76,-200.60,234,S10 SELL_AI_SL200,199.53,8.31days
22/10/2025 04:07:05,sell,0.15,USDJPY,151.51400,30/10/2025 11:07:21,153.61600,0.00,-19.88,-210.20,-225.13,0.00,0.00,-225.13,-210.20,234,S10 SELL_AI_SL200,199.00,8.29days
29/10/2025 12:01:15,buy,0.49,XAUUSD,4017.37000,29/10/2025 13:07:16,4021.19000,0.00,0.00,38.20,187.18,187.18,38.20,0.00,0.00,111,S10 BUY_ha,1.10,1.10hrs
29/10/2025 13:07:12,buy,0.50,XAUUSD,4020.73000,29/10/2025 13:07:15,4020.60000,0.00,0.00,-1.30,-6.50,0.00,0.00,-6.50,-1.30,111,S10 BUY_ha,0.00,0.00hrs
23/10/2025 13:00:27,buy,0.44,XAUUSD,4123.09000,23/10/2025 16:33:46,4137.30000,0.00,0.00,142.10,625.24,625.24,142.10,0.00,0.00,111,S10 BUY_ha,3.56,3.56hrs
23/10/2025 13:00:31,buy,0.44,XAUUSD,4123.13000,23/10/2025 16:33:45,4137.00000,0.00,0.00,138.70,610.28,610.28,138.70,0.00,0.00,111,S10 BUY_ha,3.55,3.55hrs
23/10/2025 16:04:21,buy,0.45,XAUUSD,4126.95000,23/10/2025 16:33:44,4137.42000,0.00,0.00,104.70,471.15,471.15,104.70,0.00,0.00,111,S10 BUY_ha,0.49,0.49hrs
23/10/2025 16:33:40,buy,0.49,XAUUSD,4137.23000,23/10/2025 16:33:43,4137.43000,0.00,0.00,2.00,9.80,9.80,2.00,0.00,0.00,111,S10 BUY_ha,0.00,0.00hrs
20/10/2025 17:34:36,buy,0.39,XAUUSD,4322.13000,20/10/2025 19:47:53,4345.19000,0.00,0.00,230.60,899.34,899.34,230.60,0.00,0.00,111,S10 BUY_ha,2.22,2.22hrs
20/10/2025 17:09:32,buy,0.38,XAUUSD,4308.70000,20/10/2025 19:47:53,4344.79000,0.00,0.00,360.90,1371.42,1371.42,360.90,0.00,0.00,111,S10 BUY_ha,2.64,2.64hrs
20/10/2025 18:08:21,buy,0.43,XAUUSD,4337.96000,20/10/2025 19:47:52,4345.16000,0.00,0.00,72.00,309.60,309.60,72.00,0.00,0.00,111,S10 BUY_ha,1.66,1.66hrs
20/10/2025 18:34:11,buy,0.46,XAUUSD,4348.00000,20/10/2025 19:47:51,4345.19000,0.00,0.00,-28.10,-129.26,0.00,0.00,-129.26,-28.10,111,S10 BUY_ha,1.23,1.23hrs
20/10/2025 19:44:40,buy,0.46,XAUUSD,4346.23000,20/10/2025 19:47:50,4345.19000,0.00,0.00,-10.40,-47.84,0.00,0.00,-47.84,-10.40,111,S10 BUY_ha,0.05,0.05hrs
08/10/2025 00:49:50,sell,0.15,USDJPY,151.83800,16/10/2025 16:03:20,151.19200,0.00,-19.25,64.60,44.84,44.84,64.60,0.00,0.00,234,S10 SELL_AI_SL200,207.22,8.63days
07/10/2025 22:48:51,sell,0.15,USDJPY,151.93700,16/10/2025 16:03:20,151.20900,0.00,-21.14,72.80,51.08,51.08,72.80,0.00,0.00,234,S10 SELL_AI_SL200,209.24,8.72days
08/10/2025 01:10:53,sell,0.15,USDJPY,151.73700,16/10/2025 16:03:19,151.19200,0.00,-19.25,54.50,34.82,34.82,54.50,0.00,0.00,234,S10 SELL_AI_SL200,206.87,8.62days
10/10/2025 23:03:45,sell,0.15,USDJPY,151.60100,16/10/2025 16:03:18,151.19500,0.00,-11.74,40.60,28.54,28.54,40.60,0.00,0.00,234,S10 SELL_AI_SL200,136.99,5.71days
13/10/2025 03:30:07,buy,0.36,XAUUSD,4039.93000,13/10/2025 03:46:52,4052.34000,0.00,0.00,124.10,446.76,446.76,124.10,0.00,0.00,111,S10 BUY_ha,0.28,0.28hrs
06/10/2025 04:01:01,sell,0.15,USDJPY,149.70800,07/10/2025 21:48:05,151.90300,0.00,-1.91,-219.50,-218.66,0.00,0.00,-218.66,-219.50,234,S10 SELL_AI_SL200,41.78,1.74days
03/10/2025 19:02:13,buy,0.33,XAUUSD,3887.79000,06/10/2025 02:08:12,3910.19000,0.00,-16.90,224.00,722.30,722.30,224.00,0.00,0.00,111,S10 BUY_ha,55.10,2.30days
06/10/2025 02:00:38,buy,0.34,XAUUSD,3898.78000,06/10/2025 02:08:11,3910.66000,0.00,0.00,118.80,403.92,403.92,118.80,0.00,0.00,111,S10 BUY_ha,0.13,0.13hrs
19/09/2025 16:13:22,sell,0.15,USDJPY,148.03500,03/10/2025 00:01:00,147.29200,0.00,-27.59,74.30,48.08,48.08,74.30,0.00,0.00,234,S10 SELL_AI_SL200,319.79,13.32days
01/10/2025 03:30:16,buy,0.32,XAUUSD,3861.58000,01/10/2025 05:14:28,3869.47000,0.00,0.00,78.90,252.48,252.48,78.90,0.00,0.00,111,S10 BUY_ha,1.74,1.74hrs
01/10/2025 05:00:24,buy,0.33,XAUUSD,3869.22000,01/10/2025 05:14:27,3869.44000,0.00,0.00,2.20,7.26,7.26,2.20,0.00,0.00,111,S10 BUY_ha,0.23,0.23hrs
26/09/2025 19:43:06,buy,0.32,XAUUSD,3777.29000,29/09/2025 04:06:59,3779.99000,0.00,-15.74,27.00,70.66,70.66,27.00,0.00,0.00,111,S10 BUY_ha,56.40,2.35days
26/09/2025 21:42:02,buy,0.32,XAUUSD,3778.65000,29/09/2025 04:06:58,3780.49000,0.00,-15.74,18.40,43.14,43.14,18.40,0.00,0.00,111,S10 BUY_ha,54.42,2.27days
29/09/2025 04:01:02,buy,0.34,XAUUSD,3786.14000,29/09/2025 04:06:57,3780.60000,0.00,0.00,-55.40,-188.36,0.00,0.00,-188.36,-55.40,111,S10 BUY_ha,0.10,0.10hrs
19/09/2025 20:12:51,sell,0.15,USDJPY,147.92900,26/09/2025 03:07:06,149.92300,0.00,-13.81,-199.40,-213.31,0.00,0.00,-213.31,-199.40,234,S10 SELL_AI_SL200,150.90,6.29days
19/09/2025 18:57:32,sell,0.15,USDJPY,147.83000,25/09/2025 22:07:06,149.84800,0.00,-11.87,-201.80,-213.87,0.00,0.00,-213.87,-201.80,234,S10 SELL_AI_SL200,147.16,6.13days
22/09/2025 20:05:46,sell,0.15,USDJPY,147.72900,25/09/2025 22:07:05,149.84800,0.00,-9.80,-211.90,-221.91,0.00,0.00,-221.91,-211.90,234,S10 SELL_AI_SL200,74.02,3.08days
23/09/2025 04:47:01,sell,0.15,USDJPY,147.60400,25/09/2025 22:07:04,149.84800,0.00,-7.83,-224.40,-232.46,0.00,0.00,-232.46,-224.40,234,S10 SELL_AI_SL200,65.33,2.72days
22/09/2025 07:00:12,buy,0.31,XAUUSD,3695.64000,22/09/2025 09:59:19,3713.29000,0.00,0.00,176.50,547.15,547.15,176.50,0.00,0.00,111,S10 BUY_ha,2.99,2.99hrs
22/09/2025 09:00:30,buy,0.31,XAUUSD,3697.88000,22/09/2025 09:59:18,3713.33000,0.00,0.00,154.50,478.95,478.95,154.50,0.00,0.00,111,S10 BUY_ha,0.98,0.98hrs
22/09/2025 09:31:01,buy,0.33,XAUUSD,3705.76000,22/09/2025 09:59:17,3713.39000,0.00,0.00,76.30,251.79,251.79,76.30,0.00,0.00,111,S10 BUY_ha,0.47,0.47hrs
17/09/2025 03:45:10,buy,0.15,USDJPY,146.51400,19/09/2025 16:11:01,148.04300,0.00,4.19,152.90,159.11,159.11,152.90,0.00,0.00,123,S10 BUY_AI_sl200,60.43,2.52days
17/09/2025 03:00:33,buy,0.15,USDJPY,146.40800,19/09/2025 16:11:01,148.04500,0.00,4.19,163.70,170.05,170.05,163.70,0.00,0.00,123,S10 BUY_AI_sl200,61.17,2.55days
17/09/2025 23:22:28,buy,0.15,USDJPY,146.99500,19/09/2025 16:11:00,148.06200,0.00,4.19,106.70,112.29,112.29,106.70,0.00,0.00,123,S10 BUY_AI_sl200,40.81,1.70days
17/09/2025 23:10:17,buy,0.15,USDJPY,146.85500,19/09/2025 16:11:00,148.05300,0.00,4.19,119.80,125.56,125.56,119.80,0.00,0.00,123,S10 BUY_AI_sl200,41.01,1.71days
17/09/2025 10:16:15,buy,0.15,USDJPY,146.62600,19/09/2025 16:11:00,148.04500,0.00,4.19,141.90,147.96,147.96,141.90,0.00,0.00,123,S10 BUY_AI_sl200,53.91,2.25days
02/09/2025 17:58:47,sell,0.15,USDJPY,148.05600,16/09/2025 22:04:49,146.40300,0.00,-28.09,165.30,141.27,141.27,165.30,0.00,0.00,234,S10 SELL_AI_SL200,340.10,14.17days
05/09/2025 16:07:05,sell,0.15,USDJPY,147.33000,16/09/2025 22:04:48,146.40300,0.00,-18.18,92.70,76.80,76.80,92.70,0.00,0.00,234,S10 SELL_AI_SL200,269.96,11.25days
03/09/2025 19:11:16,sell,0.15,USDJPY,147.94100,16/09/2025 22:04:48,146.40300,0.00,-26.11,153.80,131.47,131.47,153.80,0.00,0.00,234,S10 SELL_AI_SL200,314.89,13.12days
12/09/2025 13:23:50,sell,0.15,USDJPY,147.83800,16/09/2025 22:04:47,146.40300,0.00,-4.10,143.50,142.93,142.93,143.50,0.00,0.00,234,S10 SELL_AI_SL200,104.68,4.36days
05/09/2025 19:56:58,sell,0.15,USDJPY,147.10100,16/09/2025 22:04:47,146.40300,0.00,-18.18,69.80,53.33,53.33,69.80,0.00,0.00,234,S10 SELL_AI_SL200,266.13,11.09days
15/09/2025 19:07:03,buy,0.27,XAUUSD,3681.13000,16/09/2025 10:38:21,3688.33000,0.00,-13.28,72.00,181.12,181.12,72.00,0.00,0.00,111,S10 BUY_ha,15.52,15.52hrs
15/09/2025 19:37:32,buy,0.27,XAUUSD,3681.94000,16/09/2025 10:38:20,3688.32000,0.00,-13.28,63.80,158.98,158.98,63.80,0.00,0.00,111,S10 BUY_ha,15.01,15.01hrs
16/09/2025 08:01:45,buy,0.27,XAUUSD,3683.85000,16/09/2025 10:38:19,3688.35000,0.00,0.00,45.00,121.50,121.50,45.00,0.00,0.00,111,S10 BUY_ha,2.61,2.61hrs
16/09/2025 04:01:53,buy,0.27,XAUUSD,3685.39000,16/09/2025 10:38:19,3688.38000,0.00,0.00,29.90,80.73,80.73,29.90,0.00,0.00,111,S10 BUY_ha,6.61,6.61hrs
16/09/2025 10:07:55,buy,0.31,XAUUSD,3693.35000,16/09/2025 10:38:18,3688.35000,0.00,0.00,-50.00,-155.00,0.00,0.00,-155.00,-50.00,111,S10 BUY_ha,0.51,0.51hrs
05/09/2025 19:18:28,buy,0.27,XAUUSD,3597.86000,08/09/2025 10:53:03,3607.86000,0.00,-13.28,100.00,256.72,256.72,100.00,0.00,0.00,111,S10 BUY_ha,63.58,2.65days
08/09/2025 10:36:52,buy,0.27,XAUUSD,3611.59000,08/09/2025 10:53:01,3607.79000,0.00,0.00,-38.00,-102.60,0.00,0.00,-102.60,-38.00,111,S10 BUY_ha,0.27,0.27hrs
29/08/2025 09:35:45,buy,0.15,USDJPY,147.09000,02/09/2025 07:38:15,147.78800,0.00,1.98,69.80,72.82,72.82,69.80,0.00,0.00,123,S10 BUY_AI_sl200,94.04,3.92days
29/08/2025 06:34:48,buy,0.15,USDJPY,146.98500,02/09/2025 07:38:15,147.79000,0.00,1.98,80.50,83.68,83.68,80.50,0.00,0.00,123,S10 BUY_AI_sl200,97.06,4.04days
02/09/2025 04:34:12,buy,0.15,USDJPY,147.41000,02/09/2025 07:38:14,147.78800,0.00,0.00,37.80,38.36,38.36,37.80,0.00,0.00,123,S10 BUY_AI_sl200,3.07,3.07hrs
29/08/2025 15:05:35,buy,0.15,USDJPY,147.30500,02/09/2025 07:38:14,147.78800,0.00,1.98,48.30,51.00,51.00,48.30,0.00,0.00,123,S10 BUY_AI_sl200,88.54,3.69days
29/08/2025 10:22:23,buy,0.15,USDJPY,147.20100,02/09/2025 07:38:14,147.78800,0.00,1.98,58.70,61.56,61.56,58.70,0.00,0.00,123,S10 BUY_AI_sl200,93.26,3.89days
29/08/2025 20:00:24,buy,0.21,XAUUSD,3449.21000,01/09/2025 05:10:59,3463.12000,0.00,-10.33,139.10,281.78,281.78,139.10,0.00,0.00,111,S10 BUY_ha,57.18,2.38days
29/08/2025 19:03:41,buy,0.21,XAUUSD,3444.97000,01/09/2025 05:10:59,3462.90000,0.00,-10.33,179.30,366.20,366.20,179.30,0.00,0.00,111,S10 BUY_ha,58.12,2.42days
29/08/2025 20:30:54,buy,0.21,XAUUSD,3447.99000,01/09/2025 05:10:58,3462.95000,0.00,-10.33,149.60,303.83,303.83,149.60,0.00,0.00,111,S10 BUY_ha,56.67,2.36days
29/08/2025 23:01:38,buy,0.21,XAUUSD,3450.35000,01/09/2025 05:10:57,3462.47000,0.00,-10.33,121.20,244.19,244.19,121.20,0.00,0.00,111,S10 BUY_ha,54.16,2.26days
01/09/2025 05:00:10,buy,0.23,XAUUSD,3456.12000,01/09/2025 05:10:56,3462.33000,0.00,0.00,62.10,142.83,142.83,62.10,0.00,0.00,111,S10 BUY_ha,0.18,0.18hrs
25/08/2025 06:31:20,sell,0.15,USDJPY,147.31900,29/08/2025 06:34:10,146.98400,0.00,-12.01,33.50,22.18,22.18,33.50,0.00,0.00,234,S10 SELL_AI_SL200,96.05,4.00days
25/08/2025 04:48:32,sell,0.15,USDJPY,147.42500,29/08/2025 06:34:10,146.98400,0.00,-12.01,44.10,32.99,32.99,44.10,0.00,0.00,234,S10 SELL_AI_SL200,97.76,4.07days
28/08/2025 20:01:30,buy,0.24,XAUUSD,3415.66000,29/08/2025 06:34:09,3410.97000,0.00,-11.81,-46.90,-124.37,0.00,0.00,-124.37,-46.90,111,S10 BUY_ha,10.54,10.54hrs
25/08/2025 07:43:19,sell,0.15,USDJPY,147.21600,29/08/2025 06:34:09,146.98400,0.00,-12.01,23.20,11.67,11.67,23.20,0.00,0.00,234,S10 SELL_AI_SL200,94.85,3.95days
28/08/2025 23:00:24,buy,0.25,XAUUSD,3422.11000,29/08/2025 06:34:08,3410.98000,0.00,-12.30,-111.30,-290.55,0.00,0.00,-290.55,-111.30,111,S10 BUY_ha,7.56,7.56hrs
28/08/2025 22:00:07,buy,0.25,XAUUSD,3420.18000,29/08/2025 06:34:08,3410.98000,0.00,-12.30,-92.00,-242.30,0.00,0.00,-242.30,-92.00,111,S10 BUY_ha,8.57,8.57hrs
28/08/2025 21:00:15,buy,0.24,XAUUSD,3418.17000,29/08/2025 06:34:08,3410.98000,0.00,-11.81,-71.90,-184.37,0.00,0.00,-184.37,-71.90,111,S10 BUY_ha,9.56,9.56hrs
29/08/2025 01:01:20,buy,0.23,XAUUSD,3417.24000,29/08/2025 06:34:07,3411.04000,0.00,0.00,-62.00,-142.60,0.00,0.00,-142.60,-62.00,111,S10 BUY_ha,5.55,5.55hrs
22/08/2025 20:14:33,sell,0.15,USDJPY,146.65400,25/08/2025 03:48:27,147.42700,0.00,-2.00,-77.30,-80.65,0.00,0.00,-80.65,-77.30,234,S10 SELL_AI_SL200,55.56,2.32days
22/08/2025 20:30:14,buy,0.27,XAUUSD,3374.62000,25/08/2025 03:48:26,3363.49000,0.00,-13.28,-111.30,-313.79,0.00,0.00,-313.79,-111.30,111,S10 BUY_ha,55.30,2.30days
22/08/2025 20:01:27,buy,0.27,XAUUSD,3371.82000,25/08/2025 03:48:26,3363.49000,0.00,-13.28,-83.30,-238.19,0.00,0.00,-238.19,-83.30,111,S10 BUY_ha,55.78,2.32days
22/08/2025 21:30:14,buy,0.26,XAUUSD,3372.87000,25/08/2025 03:48:25,3363.49000,0.00,-12.79,-93.80,-256.67,0.00,0.00,-256.67,-93.80,111,S10 BUY_ha,54.30,2.26days
22/08/2025 09:40:23,sell,0.15,USDJPY,148.47800,22/08/2025 19:14:15,146.77300,0.00,0.00,170.50,174.25,174.25,170.50,0.00,0.00,234,S10 SELL_AI_SL200,9.56,9.56hrs
22/08/2025 09:12:59,sell,0.15,USDJPY,148.57500,22/08/2025 19:14:15,146.77400,0.00,0.00,180.10,184.06,184.06,180.10,0.00,0.00,234,S10 SELL_AI_SL200,10.02,10.02hrs
22/08/2025 08:24:43,sell,0.15,USDJPY,148.67800,22/08/2025 19:14:15,146.77400,0.00,0.00,190.40,194.58,194.58,190.40,0.00,0.00,234,S10 SELL_AI_SL200,10.83,10.83hrs
22/08/2025 18:44:34,sell,0.15,USDJPY,146.74400,22/08/2025 19:14:14,146.77800,0.00,0.00,-3.40,-3.47,0.00,0.00,-3.47,-3.40,234,S10 SELL_AI_SL200,0.49,0.49hrs
14/08/2025 20:39:53,buy,0.15,USDJPY,147.87000,22/08/2025 08:24:05,148.67500,0.00,7.88,80.50,89.10,89.10,80.50,0.00,0.00,123,S10 BUY_AI_sl200,179.74,7.49days
21/08/2025 17:34:57,buy,0.28,XAUUSD,3346.02000,22/08/2025 08:24:04,3327.52000,0.00,-13.78,-185.00,-531.78,0.00,0.00,-531.78,-185.00,111,S10 BUY_ha,14.82,14.82hrs
20/08/2025 18:08:33,buy,0.27,XAUUSD,3343.65000,22/08/2025 08:24:04,3327.52000,0.00,-53.13,-161.30,-488.64,0.00,0.00,-488.64,-161.30,111,S10 BUY_ha,38.26,1.59days
14/08/2025 05:04:00,buy,0.15,USDJPY,146.56800,14/08/2025 19:39:35,147.78700,0.00,0.00,121.90,123.73,123.73,121.90,0.00,0.00,123,S10 BUY_AI_sl200,14.59,14.59hrs
14/08/2025 04:57:09,buy,0.15,USDJPY,146.45800,14/08/2025 19:39:35,147.78400,0.00,0.00,132.60,134.59,134.59,132.60,0.00,0.00,123,S10 BUY_AI_sl200,14.71,14.71hrs
14/08/2025 16:28:55,buy,0.15,USDJPY,147.26400,14/08/2025 19:39:34,147.78400,0.00,0.00,52.00,52.78,52.78,52.00,0.00,0.00,123,S10 BUY_AI_sl200,3.18,3.18hrs
14/08/2025 16:08:58,buy,0.15,USDJPY,147.08900,14/08/2025 19:39:34,147.78400,0.00,0.00,69.50,70.54,70.54,69.50,0.00,0.00,123,S10 BUY_AI_sl200,3.51,3.51hrs
14/08/2025 05:26:17,buy,0.15,USDJPY,146.66900,14/08/2025 19:39:34,147.78400,0.00,0.00,111.50,113.17,113.17,111.50,0.00,0.00,123,S10 BUY_AI_sl200,14.22,14.22hrs
13/08/2025 15:04:51,sell,0.15,USDJPY,147.20800,14/08/2025 04:27:56,146.49500,0.00,-6.04,71.30,66.97,66.97,71.30,0.00,0.00,234,S10 SELL_AI_SL200,13.38,13.38hrs
13/08/2025 13:41:34,sell,0.15,USDJPY,147.32000,14/08/2025 04:27:56,146.49400,0.00,-6.04,82.60,78.54,78.54,82.60,0.00,0.00,234,S10 SELL_AI_SL200,14.77,14.77hrs
14/08/2025 03:02:27,sell,0.15,USDJPY,146.96700,14/08/2025 04:27:55,146.49500,0.00,0.00,47.20,48.33,48.33,47.20,0.00,0.00,234,S10 SELL_AI_SL200,1.42,1.42hrs
14/08/2025 02:59:39,sell,0.15,USDJPY,147.10700,14/08/2025 04:27:55,146.49500,0.00,0.00,61.20,62.66,62.66,61.20,0.00,0.00,234,S10 SELL_AI_SL200,1.47,1.47hrs
14/08/2025 03:08:53,sell,0.15,USDJPY,146.86700,14/08/2025 04:27:54,146.49500,0.00,0.00,37.20,38.09,38.09,37.20,0.00,0.00,234,S10 SELL_AI_SL200,1.32,1.32hrs
12/08/2025 15:30:29,sell,0.15,USDJPY,148.17800,13/08/2025 11:39:02,147.36800,0.00,-2.01,81.00,80.44,80.44,81.00,0.00,0.00,234,S10 SELL_AI_SL200,20.14,20.14hrs
12/08/2025 03:03:37,sell,0.15,USDJPY,148.20600,13/08/2025 11:39:02,147.36800,0.00,-2.01,83.80,83.29,83.29,83.80,0.00,0.00,234,S10 SELL_AI_SL200,32.59,1.36days
12/08/2025 19:09:01,sell,0.15,USDJPY,147.80400,13/08/2025 11:39:01,147.36900,0.00,-2.01,43.50,42.27,42.27,43.50,0.00,0.00,234,S10 SELL_AI_SL200,16.50,16.50hrs
12/08/2025 15:31:36,sell,0.15,USDJPY,147.97100,13/08/2025 11:39:01,147.36800,0.00,-2.01,60.30,59.36,59.36,60.30,0.00,0.00,234,S10 SELL_AI_SL200,20.12,20.12hrs
12/08/2025 19:40:40,sell,0.15,USDJPY,147.66100,13/08/2025 11:39:00,147.37200,0.00,-2.01,28.90,27.41,27.41,28.90,0.00,0.00,234,S10 SELL_AI_SL200,15.97,15.97hrs
04/08/2025 03:26:29,buy,0.15,USDJPY,147.60100,11/08/2025 23:13:34,148.18200,0.00,7.01,58.10,65.82,65.82,58.10,0.00,0.00,123,S10 BUY_AI_sl200,187.78,7.82days
04/08/2025 03:11:26,buy,0.15,USDJPY,147.45800,11/08/2025 23:13:34,148.18200,0.00,7.01,72.40,80.30,80.30,72.40,0.00,0.00,123,S10 BUY_AI_sl200,188.04,7.83days
04/08/2025 03:03:06,buy,0.15,USDJPY,147.34700,11/08/2025 23:13:34,148.18200,0.00,7.01,83.50,91.53,91.53,83.50,0.00,0.00,123,S10 BUY_AI_sl200,188.17,7.84days
04/08/2025 04:25:34,buy,0.15,USDJPY,147.81800,11/08/2025 23:13:33,148.18200,0.00,7.01,36.40,43.86,43.86,36.40,0.00,0.00,123,S10 BUY_AI_sl200,186.80,7.78days
04/08/2025 04:00:29,buy,0.15,USDJPY,147.70400,11/08/2025 23:13:33,148.18200,0.00,7.01,47.80,55.40,55.40,47.80,0.00,0.00,123,S10 BUY_AI_sl200,187.22,7.80days
01/08/2025 19:25:15,buy,0.22,XAUUSD,3342.29000,04/08/2025 01:16:18,3359.79000,0.00,-10.16,175.00,374.84,374.84,175.00,0.00,0.00,111,S10 BUY_ha,53.85,2.24days
31/07/2025 18:35:37,sell,0.15,USDJPY,150.45700,01/08/2025 19:36:56,147.97500,0.00,-1.94,248.20,249.65,249.65,248.20,0.00,0.00,234,S10 SELL_AI_SL200,25.02,1.04days
31/07/2025 18:15:56,sell,0.15,USDJPY,150.35700,01/08/2025 19:36:56,147.97500,0.00,-1.94,238.20,239.52,239.52,238.20,0.00,0.00,234,S10 SELL_AI_SL200,25.35,1.06days
31/07/2025 17:08:37,sell,0.15,USDJPY,150.57000,01/08/2025 19:36:56,147.97500,0.00,-1.94,259.50,261.11,261.11,259.50,0.00,0.00,234,S10 SELL_AI_SL200,26.47,1.10days
01/08/2025 19:23:29,sell,0.15,USDJPY,147.90000,01/08/2025 19:36:55,147.97600,0.00,0.00,-7.60,-7.70,0.00,0.00,-7.70,-7.60,234,S10 SELL_AI_SL200,0.22,0.22hrs
01/08/2025 15:31:23,sell,0.15,USDJPY,149.66900,01/08/2025 19:36:55,147.97500,0.00,0.00,169.40,171.72,171.72,169.40,0.00,0.00,234,S10 SELL_AI_SL200,4.09,4.09hrs
28/07/2025 17:07:01,sell,0.15,USDJPY,148.17600,31/07/2025 15:45:57,150.19300,0.00,-9.79,-201.70,-211.23,0.00,0.00,-211.23,-201.70,234,S10 SELL_AI_SL200,70.65,2.94days
30/07/2025 03:58:39,sell,0.15,USDJPY,148.07900,31/07/2025 14:24:43,150.08100,0.00,-5.86,-200.20,-205.95,0.00,0.00,-205.95,-200.20,234,S10 SELL_AI_SL200,34.43,1.43days
30/07/2025 04:13:15,sell,0.15,USDJPY,147.97900,31/07/2025 13:31:55,149.98100,0.00,-5.86,-200.20,-206.09,0.00,0.00,-206.09,-200.20,234,S10 SELL_AI_SL200,33.31,1.39days
30/07/2025 06:11:40,sell,0.15,USDJPY,147.87000,31/07/2025 12:57:13,149.93900,0.00,-5.86,-206.90,-212.84,0.00,0.00,-212.84,-206.90,234,S10 SELL_AI_SL200,30.76,1.28days
25/07/2025 11:06:59,buy,0.15,USDJPY,147.59900,28/07/2025 09:39:58,148.14300,0.00,0.68,54.40,55.76,55.76,54.40,0.00,0.00,123,S10 BUY_AI_sl200,70.55,2.94days
25/07/2025 05:40:21,buy,0.15,USDJPY,147.49500,28/07/2025 09:39:58,148.14300,0.00,0.68,64.80,66.29,66.29,64.80,0.00,0.00,123,S10 BUY_AI_sl200,75.99,3.17days
25/07/2025 04:17:37,buy,0.15,USDJPY,147.38700,28/07/2025 09:39:58,148.14200,0.00,0.68,75.50,77.13,77.13,75.50,0.00,0.00,123,S10 BUY_AI_sl200,77.37,3.22days
25/07/2025 12:04:12,buy,0.15,USDJPY,147.83600,28/07/2025 09:39:57,148.14100,0.00,0.68,30.50,31.56,31.56,30.50,0.00,0.00,123,S10 BUY_AI_sl200,69.60,2.90days
25/07/2025 11:13:37,buy,0.15,USDJPY,147.73600,28/07/2025 09:39:57,148.14200,0.00,0.68,40.60,41.79,41.79,40.60,0.00,0.00,123,S10 BUY_AI_sl200,70.44,2.93days
22/07/2025 20:45:04,buy,0.15,USDJPY,146.57200,25/07/2025 03:17:02,147.17100,0.00,3.41,59.90,64.46,64.46,59.90,0.00,0.00,123,S10 BUY_AI_sl200,54.53,2.27days
22/07/2025 17:48:38,buy,0.15,USDJPY,146.46300,25/07/2025 03:17:02,147.17000,0.00,3.41,70.70,75.47,75.47,70.70,0.00,0.00,123,S10 BUY_AI_sl200,57.47,2.39days
23/07/2025 02:36:26,buy,0.15,USDJPY,146.91200,25/07/2025 03:17:01,147.17000,0.00,2.73,25.80,29.03,29.03,25.80,0.00,0.00,123,S10 BUY_AI_sl200,48.68,2.03days
23/07/2025 01:32:30,buy,0.15,USDJPY,146.78300,25/07/2025 03:17:01,147.17000,0.00,2.73,38.70,42.17,42.17,38.70,0.00,0.00,123,S10 BUY_AI_sl200,49.74,2.07days
22/07/2025 23:35:20,buy,0.15,USDJPY,146.67400,25/07/2025 03:17:01,147.17000,0.00,3.41,49.60,53.96,53.96,49.60,0.00,0.00,123,S10 BUY_AI_sl200,51.69,2.15days
17/07/2025 20:00:06,buy,0.15,USDJPY,148.63500,22/07/2025 16:48:34,146.62600,0.00,2.02,-200.90,-203.50,0.00,0.00,-203.50,-200.90,123,S10 BUY_AI_sl200,116.81,4.87days
18/07/2025 08:01:55,buy,0.15,USDJPY,148.72200,22/07/2025 16:02:05,146.71000,0.00,1.35,-201.20,-204.36,0.00,0.00,-204.36,-201.20,123,S10 BUY_AI_sl200,104.00,4.33days
18/07/2025 09:40:42,buy,0.15,USDJPY,148.82400,22/07/2025 15:51:33,146.80600,0.00,1.35,-201.80,-204.84,0.00,0.00,-204.84,-201.80,123,S10 BUY_AI_sl200,102.18,4.26days
21/07/2025 15:30:08,buy,0.21,XAUUSD,3382.77000,21/07/2025 16:33:02,3384.03000,0.00,0.00,12.60,26.46,26.46,12.60,0.00,0.00,111,S10 BUY_ha,1.05,1.05hrs
21/07/2025 15:00:07,buy,0.21,XAUUSD,3375.32000,21/07/2025 16:33:02,3384.07000,0.00,0.00,87.50,183.75,183.75,87.50,0.00,0.00,111,S10 BUY_ha,1.55,1.55hrs
21/07/2025 16:00:11,buy,0.22,XAUUSD,3386.73000,21/07/2025 16:33:01,3384.03000,0.00,0.00,-27.00,-59.40,0.00,0.00,-59.40,-27.00,111,S10 BUY_ha,0.55,0.55hrs
15/07/2025 03:30:41,sell,0.15,USDJPY,147.61100,17/07/2025 15:30:28,149.07300,0.00,-7.93,-146.20,-155.06,0.00,0.00,-155.06,-146.20,234,S10 SELL_AI_SL200,60.00,2.50days
14/07/2025 20:57:11,sell,0.15,USDJPY,147.71000,17/07/2025 15:30:28,149.06700,0.00,-9.92,-135.70,-146.47,0.00,0.00,-146.47,-135.70,234,S10 SELL_AI_SL200,66.55,2.77days
16/07/2025 18:17:30,sell,0.15,USDJPY,147.33100,17/07/2025 15:30:27,149.04600,0.00,-5.96,-171.50,-178.56,0.00,0.00,-178.56,-171.50,234,S10 SELL_AI_SL200,21.22,21.22hrs
16/07/2025 18:23:43,sell,0.15,USDJPY,147.44000,17/07/2025 15:30:26,149.05000,0.00,-5.96,-161.00,-167.99,0.00,0.00,-167.99,-161.00,234,S10 SELL_AI_SL200,21.11,21.11hrs
16/07/2025 18:17:58,sell,0.15,USDJPY,147.13200,17/07/2025 15:30:26,149.04300,0.00,-5.96,-191.10,-198.28,0.00,0.00,-198.28,-191.10,234,S10 SELL_AI_SL200,21.21,21.21hrs
07/07/2025 16:57:13,sell,0.15,USDJPY,145.74000,14/07/2025 19:01:39,147.74100,0.00,-14.08,-200.10,-217.24,0.00,0.00,-217.24,-200.10,234,S10 SELL_AI_SL200,170.07,7.09days
11/07/2025 15:00:04,buy,0.24,XAUUSD,3347.64000,11/07/2025 16:21:53,3353.09000,0.00,0.00,54.50,130.80,130.80,54.50,0.00,0.00,111,S10 BUY_ha,1.36,1.36hrs
11/07/2025 15:30:12,buy,0.24,XAUUSD,3349.31000,11/07/2025 16:21:52,3352.85000,0.00,0.00,35.40,84.96,84.96,35.40,0.00,0.00,111,S10 BUY_ha,0.86,0.86hrs
11/07/2025 16:00:03,buy,0.25,XAUUSD,3354.22000,11/07/2025 16:21:51,3352.86000,0.00,0.00,-13.60,-34.00,0.00,0.00,-34.00,-13.60,111,S10 BUY_ha,0.36,0.36hrs
01/07/2025 06:22:30,buy,0.15,USDJPY,143.67700,03/07/2025 15:51:03,145.15400,0.00,2.84,147.70,155.47,155.47,147.70,0.00,0.00,123,S10 BUY_AI_sl200,57.48,2.39days
02/07/2025 10:31:33,buy,0.15,USDJPY,143.99600,03/07/2025 15:51:02,145.15500,0.00,2.13,115.90,121.90,121.90,115.90,0.00,0.00,123,S10 BUY_AI_sl200,29.32,1.22days
01/07/2025 06:56:24,buy,0.15,USDJPY,143.88400,03/07/2025 15:51:02,145.15500,0.00,2.84,127.10,134.18,134.18,127.10,0.00,0.00,123,S10 BUY_AI_sl200,56.91,2.37days
01/07/2025 06:30:41,buy,0.15,USDJPY,143.78300,03/07/2025 15:51:02,145.15300,0.00,2.84,137.00,144.42,144.42,137.00,0.00,0.00,123,S10 BUY_AI_sl200,57.34,2.39days
02/07/2025 12:10:58,buy,0.15,USDJPY,144.09600,03/07/2025 15:51:01,145.15800,0.00,2.13,106.20,111.87,111.87,106.20,0.00,0.00,123,S10 BUY_AI_sl200,27.67,1.15days
01/07/2025 07:30:01,buy,0.21,XAUUSD,3322.97000,01/07/2025 10:37:54,3334.78000,0.00,0.00,118.10,248.01,248.01,118.10,0.00,0.00,111,S10 BUY_ha,3.13,3.13hrs
01/07/2025 09:00:06,buy,0.21,XAUUSD,3328.72000,01/07/2025 10:37:52,3334.72000,0.00,0.00,60.00,126.00,126.00,60.00,0.00,0.00,111,S10 BUY_ha,1.63,1.63hrs
01/07/2025 08:30:01,buy,0.21,XAUUSD,3329.92000,01/07/2025 10:37:52,3334.75000,0.00,0.00,48.30,101.43,101.43,48.30,0.00,0.00,111,S10 BUY_ha,2.13,2.13hrs
01/07/2025 10:00:04,buy,0.22,XAUUSD,3331.78000,01/07/2025 10:37:51,3334.72000,0.00,0.00,29.40,64.68,64.68,29.40,0.00,0.00,111,S10 BUY_ha,0.63,0.63hrs
01/07/2025 10:30:00,buy,0.23,XAUUSD,3338.94000,01/07/2025 10:37:50,3334.73000,0.00,0.00,-42.10,-96.83,0.00,0.00,-96.83,-42.10,111,S10 BUY_ha,0.13,0.13hrs
24/06/2025 10:27:32,sell,0.15,USDJPY,145.02900,01/07/2025 06:22:19,143.67300,0.00,-14.42,135.60,127.15,127.15,135.60,0.00,0.00,234,S10 SELL_AI_SL200,163.91,6.83days
01/07/2025 04:30:06,buy,0.21,XAUUSD,3320.57000,01/07/2025 06:22:18,3320.25000,0.00,0.00,-3.20,-6.72,0.00,0.00,-6.72,-3.20,111,S10 BUY_ha,1.87,1.87hrs
01/07/2025 04:00:01,buy,0.20,XAUUSD,3315.07000,01/07/2025 06:22:18,3320.25000,0.00,0.00,51.80,103.60,103.60,51.80,0.00,0.00,111,S10 BUY_ha,2.37,2.37hrs
01/07/2025 03:30:03,buy,0.20,XAUUSD,3311.15000,01/07/2025 06:22:18,3320.25000,0.00,0.00,91.00,182.00,182.00,91.00,0.00,0.00,111,S10 BUY_ha,2.87,2.87hrs
01/07/2025 05:30:00,buy,0.20,XAUUSD,3316.35000,01/07/2025 06:22:17,3320.25000,0.00,0.00,39.00,78.00,78.00,39.00,0.00,0.00,111,S10 BUY_ha,0.87,0.87hrs
01/07/2025 05:00:04,buy,0.20,XAUUSD,3317.72000,01/07/2025 06:22:17,3320.25000,0.00,0.00,25.30,50.60,50.60,25.30,0.00,0.00,111,S10 BUY_ha,1.37,1.37hrs
24/06/2025 03:32:49,sell,0.15,USDJPY,145.69100,24/06/2025 09:27:31,145.11300,0.00,0.00,57.80,59.74,59.74,57.80,0.00,0.00,234,S10 SELL_AI_SL200,5.91,5.91hrs
24/06/2025 03:13:22,sell,0.15,USDJPY,145.79000,24/06/2025 09:27:31,145.11300,0.00,0.00,67.70,69.98,69.98,67.70,0.00,0.00,234,S10 SELL_AI_SL200,6.24,6.24hrs
24/06/2025 03:00:11,sell,0.15,USDJPY,145.87500,24/06/2025 09:27:31,145.11400,0.00,0.00,76.10,78.66,78.66,76.10,0.00,0.00,234,S10 SELL_AI_SL200,6.46,6.46hrs
24/06/2025 04:12:49,sell,0.15,USDJPY,145.48900,24/06/2025 09:27:30,145.11400,0.00,0.00,37.50,38.76,38.76,37.50,0.00,0.00,234,S10 SELL_AI_SL200,5.24,5.24hrs
24/06/2025 03:45:45,sell,0.15,USDJPY,145.59000,24/06/2025 09:27:30,145.11400,0.00,0.00,47.60,49.20,49.20,47.60,0.00,0.00,234,S10 SELL_AI_SL200,5.70,5.70hrs
23/06/2025 20:30:36,buy,0.20,XAUUSD,3379.13000,24/06/2025 01:01:33,3366.28000,0.00,-9.24,-128.50,-266.24,0.00,0.00,-266.24,-128.50,111,S10 BUY_ha,4.52,4.52hrs
23/06/2025 20:00:24,buy,0.21,XAUUSD,3391.24000,24/06/2025 01:01:33,3366.28000,0.00,-9.70,-249.60,-533.86,0.00,0.00,-533.86,-249.60,111,S10 BUY_ha,5.02,5.02hrs
23/06/2025 19:24:01,sell,0.15,USDJPY,146.44900,24/06/2025 00:04:07,146.24500,0.00,-1.98,20.40,18.94,18.94,20.40,0.00,0.00,234,S10 SELL_AI_SL200,4.67,4.67hrs
23/06/2025 19:25:52,sell,0.15,USDJPY,146.34300,24/06/2025 00:04:06,146.24500,0.00,-1.98,9.80,8.07,8.07,9.80,0.00,0.00,234,S10 SELL_AI_SL200,4.64,4.64hrs
23/06/2025 21:04:00,sell,0.15,USDJPY,146.12800,24/06/2025 00:04:05,146.24300,0.00,-1.98,-11.50,-13.78,0.00,0.00,-13.78,-11.50,234,S10 SELL_AI_SL200,3.00,3.00hrs
23/06/2025 20:37:29,sell,0.15,USDJPY,146.23900,24/06/2025 00:04:05,146.24300,0.00,-1.98,-0.40,-2.39,0.00,0.00,-2.39,-0.40,234,S10 SELL_AI_SL200,3.44,3.44hrs
23/06/2025 21:22:02,sell,0.15,USDJPY,146.02700,24/06/2025 00:04:04,146.24300,0.00,-1.98,-21.60,-24.13,0.00,0.00,-24.13,-21.60,234,S10 SELL_AI_SL200,2.70,2.70hrs
23/06/2025 09:54:38,sell,0.15,USDJPY,147.19300,23/06/2025 18:23:58,146.43200,0.00,0.00,76.10,77.95,77.95,76.10,0.00,0.00,234,S10 SELL_AI_SL200,8.49,8.49hrs
23/06/2025 09:26:48,sell,0.15,USDJPY,147.30300,23/06/2025 18:23:58,146.42700,0.00,0.00,87.60,89.73,89.73,87.60,0.00,0.00,234,S10 SELL_AI_SL200,8.95,8.95hrs
23/06/2025 10:02:09,sell,0.15,USDJPY,147.08700,23/06/2025 18:23:57,146.43100,0.00,0.00,65.60,67.20,67.20,65.60,0.00,0.00,234,S10 SELL_AI_SL200,8.36,8.36hrs
23/06/2025 17:11:09,sell,0.15,USDJPY,146.91600,23/06/2025 18:23:56,146.43100,0.00,0.00,48.50,49.68,49.68,48.50,0.00,0.00,234,S10 SELL_AI_SL200,1.21,1.21hrs
23/06/2025 17:07:50,sell,0.15,USDJPY,147.00300,23/06/2025 18:23:56,146.43100,0.00,0.00,57.20,58.59,58.59,57.20,0.00,0.00,234,S10 SELL_AI_SL200,1.27,1.27hrs
19/06/2025 06:11:37,sell,0.15,USDJPY,145.21000,23/06/2025 08:26:44,147.21800,0.00,-3.97,-200.80,-208.56,0.00,0.00,-208.56,-200.80,234,S10 SELL_AI_SL200,98.25,4.09days
19/06/2025 06:28:00,sell,0.15,USDJPY,145.10500,23/06/2025 08:06:02,147.10500,0.00,-3.97,-200.00,-207.91,0.00,0.00,-207.91,-200.00,234,S10 SELL_AI_SL200,97.63,4.07days
17/06/2025 05:25:54,buy,0.15,USDJPY,144.95600,19/06/2025 06:11:32,145.20700,0.00,2.15,25.10,28.08,28.08,25.10,0.00,0.00,123,S10 BUY_AI_sl200,48.76,2.03days
17/06/2025 04:51:15,buy,0.15,USDJPY,144.84500,19/06/2025 06:11:32,145.20800,0.00,2.15,36.30,39.65,39.65,36.30,0.00,0.00,123,S10 BUY_AI_sl200,49.34,2.06days
13/06/2025 16:58:39,buy,0.15,USDJPY,144.07800,17/06/2025 03:51:11,144.94200,0.00,1.07,86.40,90.48,90.48,86.40,0.00,0.00,123,S10 BUY_AI_sl200,82.88,3.45days
16/06/2025 00:26:39,buy,0.15,USDJPY,144.40200,17/06/2025 03:51:10,144.94100,0.00,0.54,53.90,56.32,56.32,53.90,0.00,0.00,123,S10 BUY_AI_sl200,27.41,1.14days
16/06/2025 00:25:47,buy,0.15,USDJPY,144.29700,17/06/2025 03:51:10,144.94100,0.00,0.54,64.40,67.19,67.19,64.40,0.00,0.00,123,S10 BUY_AI_sl200,27.42,1.14days
13/06/2025 17:20:22,buy,0.15,USDJPY,144.19100,17/06/2025 03:51:10,144.94100,0.00,1.07,75.00,78.69,78.69,75.00,0.00,0.00,123,S10 BUY_AI_sl200,82.51,3.44days
16/06/2025 00:27:14,buy,0.15,USDJPY,144.50300,17/06/2025 03:51:09,144.94500,0.00,0.54,44.20,46.29,46.29,44.20,0.00,0.00,123,S10 BUY_AI_sl200,27.40,1.14days
09/06/2025 13:18:42,sell,0.40,USDJPY,144.06800,10/06/2025 04:50:10,145.00000,0.00,-5.31,-93.20,-262.41,0.00,0.00,-262.41,-93.20,234,S10 SELL_AI_SL100_90,15.52,15.52hrs
09/06/2025 02:11:29,sell,0.40,USDJPY,144.61700,09/06/2025 12:18:34,144.03000,0.00,0.00,58.70,163.02,163.02,58.70,0.00,0.00,234,S10 SELL_AI_SL100_90,10.12,10.12hrs
09/06/2025 09:16:18,sell,0.40,USDJPY,144.30700,09/06/2025 12:18:33,144.02900,0.00,0.00,27.80,77.21,77.21,27.80,0.00,0.00,234,S10 SELL_AI_SL100_90,3.04,3.04hrs
09/06/2025 05:09:47,sell,0.40,USDJPY,144.40800,09/06/2025 12:18:33,144.02900,0.00,0.00,37.90,105.26,105.26,37.90,0.00,0.00,234,S10 SELL_AI_SL100_90,7.15,7.15hrs
09/06/2025 04:49:37,sell,0.40,USDJPY,144.51000,09/06/2025 12:18:33,144.02900,0.00,0.00,48.10,133.58,133.58,48.10,0.00,0.00,234,S10 SELL_AI_SL100_90,7.48,7.48hrs
09/06/2025 09:47:35,sell,0.40,USDJPY,144.20400,09/06/2025 12:18:32,144.02900,0.00,0.00,17.50,48.60,48.60,17.50,0.00,0.00,234,S10 SELL_AI_SL100_90,2.52,2.52hrs
06/06/2025 09:06:31,sell,0.40,USDJPY,143.85200,06/06/2025 16:19:48,144.73800,0.00,0.00,-88.60,-244.84,0.00,0.00,-244.84,-88.60,234,S10 SELL_AI_SL100_90,7.22,7.22hrs
05/06/2025 16:57:13,buy,0.40,USDJPY,143.02200,05/06/2025 17:11:21,143.24400,0.00,0.00,22.20,61.99,61.99,22.20,0.00,0.00,123,S10 BUY_AI_SL100_90,0.24,0.24hrs
05/06/2025 17:00:14,buy,0.40,USDJPY,143.12100,05/06/2025 17:11:20,143.24700,0.00,0.00,12.60,35.18,35.18,12.60,0.00,0.00,123,S10 BUY_AI_SL100_90,0.18,0.18hrs
05/06/2025 17:05:09,buy,0.40,USDJPY,143.23300,05/06/2025 17:11:19,143.24800,0.00,0.00,1.50,4.19,4.19,1.50,0.00,0.00,123,S10 BUY_AI_SL100_90,0.10,0.10hrs
05/06/2025 15:30:03,buy,0.22,XAUUSD,3396.69000,05/06/2025 16:01:27,3376.27000,0.00,0.00,-204.20,-449.24,0.00,0.00,-449.24,-204.20,111,S10 BUY_ha,0.52,0.52hrs
05/06/2025 15:00:14,buy,0.22,XAUUSD,3392.62000,05/06/2025 16:01:27,3375.86000,0.00,0.00,-167.60,-368.72,0.00,0.00,-368.72,-167.60,111,S10 BUY_ha,1.02,1.02hrs
03/06/2025 00:58:11,buy,0.20,USDJPY,142.70700,03/06/2025 17:00:46,143.69500,0.00,0.00,98.80,137.51,137.51,98.80,0.00,0.00,123,S10 BUY_AI_SL100_90,16.04,16.04hrs
03/06/2025 04:27:42,buy,0.20,USDJPY,143.02700,03/06/2025 17:00:45,143.70000,0.00,0.00,67.30,93.67,93.67,67.30,0.00,0.00,123,S10 BUY_AI_SL100_90,12.55,12.55hrs
03/06/2025 04:15:12,buy,0.20,USDJPY,142.91300,03/06/2025 17:00:45,143.69600,0.00,0.00,78.30,108.97,108.97,78.30,0.00,0.00,123,S10 BUY_AI_SL100_90,12.76,12.76hrs
03/06/2025 04:03:16,buy,0.20,USDJPY,142.81300,03/06/2025 17:00:45,143.69100,0.00,0.00,87.80,122.21,122.21,87.80,0.00,0.00,123,S10 BUY_AI_SL100_90,12.96,12.96hrs
03/06/2025 04:34:31,buy,0.20,USDJPY,143.13400,03/06/2025 17:00:44,143.70300,0.00,0.00,56.90,79.19,79.19,56.90,0.00,0.00,123,S10 BUY_AI_SL100_90,12.44,12.44hrs
02/06/2025 17:00:57,buy,0.20,XAUUSD,3375.34000,03/06/2025 02:27:14,3385.57000,0.00,-9.24,102.30,195.36,195.36,102.30,0.00,0.00,111,S10 BUY_ha,9.44,9.44hrs
03/06/2025 02:00:15,buy,0.21,XAUUSD,3390.14000,03/06/2025 02:27:13,3385.59000,0.00,0.00,-45.50,-95.55,0.00,0.00,-95.55,-45.50,111,S10 BUY_ha,0.45,0.45hrs
02/06/2025 06:32:30,credit,0.01,,0.00000,02/06/2025 06:32:30,0.00000,0.00,0.00,0.00,1767.00,0.00,0.00,0.00,0.00,0,Credit in from 7324178,0.00,0.00hrs
02/06/2025 06:32:30,balance,0.01,,0.00000,02/06/2025 06:32:30,0.00000,0.00,0.00,0.00,5000.00,0.00,0.00,0.00,0.00,0,Transfer In from 7324178,0.00,0.00hrs
