Open Time,Type,Lots,Symbol,Open Price,Close Time,Close Price,Commission,Swap,Net Pips,Net Profit,Max Profit,Max Pips,Max Loss,Max Loss Pips,Magic Number,Comment,Holding Time (Hours),Holding Time
09/07/2026 21:01:00,sell,0.02,USDCAD,1.41660,14/07/2026 13:26:15,1.40968,-0.12,-0.32,69.20,9.38,10.70,78.50,-1.85,-11.50,1313,Wayne Class,112.42,4.68days
02/07/2026 15:37:32,buy,0.07,USDCAD,1.41661,06/07/2026 13:16:18,1.42179,-0.42,0.26,51.80,25.34,31.13,63.60,-3.06,-5.60,1313,Wayne Class,93.65,3.90days
25/06/2026 17:04:59,buy,0.03,USDCAD,1.41966,06/07/2026 13:16:18,1.42179,-0.18,0.48,21.30,4.79,9.74,46.30,-7.40,-36.10,1313,Wayne Class,260.19,10.84days
02/07/2026 15:45:08,buy,0.10,USDCAD,1.41508,06/07/2026 13:16:17,1.42179,-0.60,0.36,67.10,46.95,55.21,78.90,0.00,0.00,1313,Wayne Class,93.52,3.90days
25/06/2026 19:17:58,buy,0.05,USDCAD,1.41811,06/07/2026 13:16:17,1.42179,-0.30,0.83,36.80,13.47,21.69,61.80,-6.83,-20.60,1313,Wayne Class,257.97,10.75days
24/06/2026 01:49:11,buy,0.02,USDCAD,1.42119,06/07/2026 13:16:16,1.42179,-0.12,0.47,6.00,1.19,4.86,34.60,-6.95,-51.40,1313,Wayne Class,299.45,12.48days
22/06/2026 15:09:04,buy,0.03,USDCAD,1.41614,24/06/2026 00:49:02,1.42027,-0.18,0.12,41.30,8.66,11.30,54.10,-2.87,-12.70,1313,Wayne Class,33.67,1.40days
22/06/2026 15:30:18,buy,0.05,USDCAD,1.41465,24/06/2026 00:49:01,1.42027,-0.30,0.20,56.20,19.68,24.07,69.00,0.00,0.00,1313,Wayne Class,33.31,1.39days
22/06/2026 14:30:18,buy,0.02,USDCAD,1.41765,24/06/2026 00:49:01,1.42027,-0.12,0.08,26.20,3.65,5.41,39.00,-4.05,-27.80,1313,Wayne Class,34.31,1.43days
18/06/2026 16:30:01,buy,0.02,USDCAD,1.41179,22/06/2026 10:05:35,1.41784,-0.12,0.08,60.50,8.49,10.18,72.50,-0.76,-4.50,1313,Wayne Class,89.59,3.73days
15/06/2026 01:10:01,buy,0.03,USDCAD,1.39586,17/06/2026 21:32:43,1.40479,-0.18,0.12,89.30,19.01,21.87,102.80,-1.77,-7.40,1313,Wayne Class,68.38,2.85days
12/06/2026 21:00:58,buy,0.02,USDCAD,1.39778,17/06/2026 21:32:42,1.40496,-0.12,0.12,71.80,10.22,11.89,83.60,-3.89,-26.60,1313,Wayne Class,120.53,5.02days
08/06/2026 14:32:25,buy,0.03,USDCAD,1.39302,11/06/2026 18:05:41,1.40074,-0.18,0.26,77.20,16.61,18.83,87.60,-6.71,-30.70,1313,Wayne Class,75.55,3.15days
10/06/2026 16:33:15,buy,0.05,USDCAD,1.39147,11/06/2026 18:05:40,1.40073,-0.30,0.26,92.60,33.01,36.73,103.10,-5.77,-15.20,1313,Wayne Class,25.54,1.06days
08/06/2026 01:05:24,buy,0.02,USDCAD,1.39452,11/06/2026 18:05:40,1.40070,-0.12,0.19,61.80,8.89,10.43,72.60,-6.62,-45.70,1313,Wayne Class,89.00,3.71days
05/06/2026 12:35:11,buy,0.03,USDCAD,1.38768,08/06/2026 00:05:22,1.39315,-0.18,0.05,54.70,11.65,15.56,73.20,-1.82,-7.60,1313,Wayne Class,59.50,2.48days
03/06/2026 19:00:01,buy,0.02,USDCAD,1.38918,08/06/2026 00:05:21,1.39315,-0.12,0.19,39.70,5.77,8.37,58.20,-3.23,-22.60,1313,Wayne Class,101.09,4.21days
22/05/2026 03:30:01,buy,0.02,USDCAD,1.37845,28/05/2026 08:51:25,1.38558,-0.12,0.20,71.30,10.37,12.37,85.20,-0.22,-0.70,1313,Wayne Class,149.36,6.22days
20/05/2026 10:09:51,sell,0.03,AUDCAD,0.97900,21/05/2026 05:20:14,0.97869,-0.18,-0.58,3.10,-0.08,0.00,3.10,-0.08,0.00,1313,Wayne Class,19.17,19.17hrs
19/05/2026 19:31:40,sell,0.02,AUDCAD,0.97746,21/05/2026 05:20:14,0.97868,-0.12,-0.52,-12.20,-2.42,0.00,0.00,-2.42,-12.20,1313,Wayne Class,33.81,1.41days
20/05/2026 17:16:58,sell,0.07,AUDCAD,0.98274,21/05/2026 05:20:13,0.97868,-0.42,-1.36,40.60,18.88,18.88,40.60,0.00,0.00,1313,Wayne Class,12.05,12.05hrs
20/05/2026 13:16:10,sell,0.05,AUDCAD,0.98058,21/05/2026 05:20:13,0.97875,-0.30,-0.97,18.30,5.38,5.38,18.30,0.00,0.00,1313,Wayne Class,16.07,16.07hrs
20/05/2026 18:15:45,sell,0.10,AUDCAD,0.98433,21/05/2026 05:20:12,0.97870,-0.60,-1.95,56.30,38.37,38.37,56.30,0.00,0.00,1313,Wayne Class,11.07,11.07hrs
19/05/2026 03:50:01,buy,0.02,CADJPY,115.64500,21/05/2026 05:20:12,115.49500,-0.12,0.08,-15.00,-1.93,0.00,0.00,-1.93,-15.00,1313,Wayne Class,49.50,2.06days
19/05/2026 15:41:27,buy,0.05,CADJPY,115.28200,21/05/2026 05:20:11,115.49600,-0.30,0.20,21.40,6.63,6.63,21.40,0.00,0.00,1313,Wayne Class,37.65,1.57days
19/05/2026 15:41:15,buy,0.03,CADJPY,115.48200,21/05/2026 05:20:11,115.49600,-0.18,0.12,1.40,0.20,0.20,1.40,0.00,0.00,1313,Wayne Class,37.65,1.57days
20/05/2026 11:17:03,buy,0.03,EURNZD,1.98540,21/05/2026 05:20:10,1.98515,-0.18,-0.38,-2.50,-1.00,0.00,0.00,-1.00,-2.50,1313,Wayne Class,18.05,18.05hrs
19/05/2026 05:30:01,buy,0.02,EURNZD,1.98842,21/05/2026 05:20:10,1.98517,-0.12,-0.33,-32.50,-4.25,0.00,0.00,-4.25,-32.50,1313,Wayne Class,47.84,1.99days
20/05/2026 17:32:07,buy,0.05,EURNZD,1.98189,21/05/2026 05:20:09,1.98517,-0.30,-0.63,32.80,8.67,8.67,32.80,0.00,0.00,1313,Wayne Class,11.80,11.80hrs
20/05/2026 18:17:40,buy,0.15,EURNZD,1.97736,21/05/2026 05:20:08,1.98516,-0.90,-1.88,78.00,65.72,65.72,78.00,0.00,0.00,1313,Wayne Class,11.04,11.04hrs
20/05/2026 18:02:02,buy,0.10,EURNZD,1.97888,21/05/2026 05:20:08,1.98516,-0.60,-1.25,62.80,34.91,34.91,62.80,0.00,0.00,1313,Wayne Class,11.30,11.30hrs
20/05/2026 17:52:25,buy,0.07,EURNZD,1.98037,21/05/2026 05:20:08,1.98516,-0.42,-0.88,47.90,18.33,18.33,47.90,0.00,0.00,1313,Wayne Class,11.46,11.46hrs
19/05/2026 07:00:00,buy,0.02,USDCAD,1.37468,21/05/2026 05:20:07,1.37614,-0.12,0.15,14.60,2.15,2.15,14.60,0.00,0.00,1313,Wayne Class,46.34,1.93days
20/05/2026 18:16:58,buy,0.03,USDCAD,1.37316,21/05/2026 05:20:06,1.37614,-0.18,0.16,29.80,6.48,6.48,29.80,0.00,0.00,1313,Wayne Class,11.05,11.05hrs
19/05/2026 08:30:02,sell,0.02,EURUSD,1.16351,20/05/2026 11:44:16,1.15943,-0.12,0.06,40.80,8.10,8.10,40.80,0.00,0.00,1313,Wayne Class,27.24,1.13days
18/05/2026 22:27:32,sell,0.02,AUDCAD,0.98425,19/05/2026 18:31:39,0.97603,-0.12,-0.13,82.20,11.69,11.69,82.20,0.00,0.00,1313,Wayne Class,20.07,20.07hrs
15/05/2026 22:30:01,buy,0.02,CADJPY,115.41800,18/05/2026 21:27:33,115.68100,-0.12,0.02,26.30,3.21,3.21,26.30,0.00,0.00,1313,Wayne Class,70.96,2.96days
15/05/2026 21:00:01,sell,0.02,EURUSD,1.16269,18/05/2026 21:27:32,1.16378,-0.12,0.06,-10.90,-2.24,0.00,0.00,-2.24,-10.90,1313,Wayne Class,72.46,3.02days
15/05/2026 15:00:00,buy,0.02,EURNZD,1.99018,18/05/2026 21:27:32,1.98552,-0.12,-0.08,-46.60,-5.66,0.00,0.00,-5.66,-46.60,1313,Wayne Class,78.46,3.27days
15/05/2026 20:10:00,buy,0.03,USDCAD,1.37327,18/05/2026 21:27:31,1.37475,-0.18,0.05,14.80,3.10,3.10,14.80,0.00,0.00,1313,Wayne Class,73.29,3.05days
15/05/2026 14:30:01,buy,0.02,USDCAD,1.37477,18/05/2026 21:27:31,1.37475,-0.12,0.03,-0.20,-0.12,0.00,0.00,-0.12,-0.20,1313,Wayne Class,78.96,3.29days
18/05/2026 09:02:31,sell,0.03,GBPUSD,1.33277,18/05/2026 21:27:30,1.34076,-0.18,0.00,-79.90,-24.15,0.00,0.00,-24.15,-79.90,1313,Wayne Class,12.42,12.42hrs
18/05/2026 04:57:13,sell,0.02,GBPUSD,1.33125,18/05/2026 21:27:30,1.34082,-0.12,0.00,-95.70,-19.26,0.00,0.00,-19.26,-95.70,1313,Wayne Class,16.50,16.50hrs
18/05/2026 09:56:47,sell,0.07,GBPUSD,1.33580,18/05/2026 21:27:29,1.34076,-0.42,0.00,-49.60,-35.14,0.00,0.00,-35.14,-49.60,1313,Wayne Class,11.51,11.51hrs
18/05/2026 09:20:40,sell,0.05,GBPUSD,1.33431,18/05/2026 21:27:29,1.34076,-0.30,0.00,-64.50,-32.55,0.00,0.00,-32.55,-64.50,1313,Wayne Class,12.11,12.11hrs
18/05/2026 11:21:59,buy,0.05,EURNZD,1.98679,18/05/2026 21:27:28,1.98554,-0.30,0.00,-12.50,-3.96,0.00,0.00,-3.96,-12.50,1313,Wayne Class,10.09,10.09hrs
18/05/2026 10:32:17,buy,0.03,EURNZD,1.98827,18/05/2026 21:27:28,1.98549,-0.18,0.00,-27.80,-5.06,0.00,0.00,-5.06,-27.80,1313,Wayne Class,10.92,10.92hrs
18/05/2026 11:33:26,sell,0.03,EURUSD,1.16419,18/05/2026 21:27:27,1.16376,-0.18,0.00,4.30,1.11,1.11,4.30,0.00,0.00,1313,Wayne Class,9.90,9.90hrs
18/05/2026 11:32:36,sell,0.10,GBPUSD,1.33727,18/05/2026 21:27:27,1.34075,-0.60,0.00,-34.80,-35.40,0.00,0.00,-35.40,-34.80,1313,Wayne Class,9.91,9.91hrs
18/05/2026 15:47:04,sell,0.15,GBPUSD,1.34023,18/05/2026 21:27:26,1.34075,-0.90,0.00,-5.20,-8.70,0.00,0.00,-8.70,-5.20,1313,Wayne Class,5.67,5.67hrs
18/05/2026 15:42:59,buy,0.07,EURNZD,1.98378,18/05/2026 21:27:26,1.98556,-0.42,0.00,17.80,6.89,6.89,17.80,0.00,0.00,1313,Wayne Class,5.74,5.74hrs
18/05/2026 15:47:11,sell,0.05,EURUSD,1.16572,18/05/2026 21:27:25,1.16378,-0.30,0.00,19.40,9.40,9.40,19.40,0.00,0.00,1313,Wayne Class,5.67,5.67hrs
18/05/2026 15:47:07,buy,0.10,EURNZD,1.98218,18/05/2026 21:27:25,1.98555,-0.60,0.00,33.70,19.15,19.15,33.70,0.00,0.00,1313,Wayne Class,5.67,5.67hrs
18/05/2026 18:55:17,sell,0.23,GBPUSD,1.34182,18/05/2026 21:27:24,1.34082,-1.38,0.00,10.00,21.62,21.62,10.00,0.00,0.00,1313,Wayne Class,2.54,2.54hrs
18/05/2026 18:00:00,sell,0.02,AUDCAD,0.98372,18/05/2026 21:27:24,0.98293,-0.12,0.00,7.90,1.03,1.03,7.90,0.00,0.00,1313,Wayne Class,3.46,3.46hrs
18/05/2026 19:11:05,sell,0.34,GBPUSD,1.34336,18/05/2026 21:27:23,1.34081,-2.04,0.00,25.50,84.66,84.66,25.50,0.00,0.00,1313,Wayne Class,2.27,2.27hrs
18/05/2026 19:16:07,sell,0.51,GBPUSD,1.34485,18/05/2026 21:27:22,1.34080,-3.06,0.00,40.50,203.49,203.49,40.50,0.00,0.00,1313,Wayne Class,2.19,2.19hrs
15/05/2026 12:14:47,buy,0.05,EURJPY,184.25800,15/05/2026 13:54:01,184.54700,-0.30,0.00,28.90,8.83,8.83,28.90,0.00,0.00,1313,Wayne Class,1.65,1.65hrs
15/05/2026 12:14:43,buy,0.51,EURUSD,1.16207,15/05/2026 13:54:01,1.16536,-3.06,0.00,32.90,164.73,164.73,32.90,0.00,0.00,1313,Wayne Class,1.66,1.66hrs
13/05/2026 23:33:27,buy,0.02,AUDCAD,0.99470,15/05/2026 12:14:55,0.98283,-0.12,0.21,-118.70,-17.17,0.00,0.00,-17.17,-118.70,1313,Wayne Class,36.69,1.53days
11/05/2026 03:34:46,sell,0.03,CADJPY,114.71200,15/05/2026 12:14:54,115.28100,-0.18,-0.72,-56.90,-11.67,0.00,0.00,-11.67,-56.90,1313,Wayne Class,104.67,4.36days
08/05/2026 17:30:01,sell,0.02,CADJPY,114.35300,15/05/2026 12:14:54,115.28000,-0.12,-0.56,-92.70,-12.37,0.00,0.00,-12.37,-92.70,1313,Wayne Class,162.75,6.78days
12/05/2026 04:30:29,sell,0.07,CADJPY,115.07900,15/05/2026 12:14:53,115.28200,-0.42,-1.41,-20.30,-10.79,0.00,0.00,-10.79,-20.30,1313,Wayne Class,79.74,3.32days
11/05/2026 10:40:02,sell,0.05,CADJPY,114.92800,15/05/2026 12:14:53,115.28100,-0.30,-1.21,-35.30,-12.64,0.00,0.00,-12.64,-35.30,1313,Wayne Class,97.58,4.07days
13/05/2026 05:14:26,sell,0.10,CADJPY,115.23100,15/05/2026 12:14:52,115.28200,-0.60,-1.61,-5.10,-5.43,0.00,0.00,-5.43,-5.10,1313,Wayne Class,55.01,2.29days
11/05/2026 16:57:20,buy,0.02,EURJPY,185.06900,15/05/2026 12:14:52,184.24700,-0.12,0.11,-82.20,-10.38,0.00,0.00,-10.38,-82.20,1313,Wayne Class,91.29,3.80days
12/05/2026 08:55:59,buy,0.03,EURJPY,184.61400,15/05/2026 12:14:51,184.24800,-0.18,0.14,-36.60,-6.97,0.00,0.00,-6.97,-36.60,1313,Wayne Class,75.31,3.14days
08/05/2026 19:00:05,buy,0.02,EURUSD,1.17727,15/05/2026 12:14:51,1.16203,-0.12,-0.97,-152.40,-31.57,0.00,0.00,-31.57,-152.40,1313,Wayne Class,161.25,6.72days
12/05/2026 14:03:25,buy,0.05,EURUSD,1.17376,15/05/2026 12:14:50,1.16209,-0.30,-1.71,-116.70,-60.36,0.00,0.00,-60.36,-116.70,1313,Wayne Class,70.19,2.92days
11/05/2026 00:02:05,buy,0.03,EURUSD,1.17542,15/05/2026 12:14:50,1.16209,-0.18,-1.25,-133.30,-41.42,0.00,0.00,-41.42,-133.30,1313,Wayne Class,108.21,4.51days
12/05/2026 18:25:30,buy,0.07,EURUSD,1.17227,15/05/2026 12:14:49,1.16208,-0.42,-2.40,-101.90,-74.15,0.00,0.00,-74.15,-101.90,1313,Wayne Class,65.82,2.74days
14/05/2026 04:13:19,buy,0.03,AUDCAD,0.99316,15/05/2026 12:14:48,0.98285,-0.18,0.08,-103.10,-22.59,0.00,0.00,-22.59,-103.10,1313,Wayne Class,32.02,1.33days
13/05/2026 10:57:35,buy,0.10,EURUSD,1.17076,15/05/2026 12:14:48,1.16209,-0.60,-2.75,-86.70,-90.05,0.00,0.00,-90.05,-86.70,1313,Wayne Class,49.29,2.05days
14/05/2026 16:28:00,buy,0.05,AUDCAD,0.99166,15/05/2026 12:14:47,0.98283,-0.30,0.13,-88.30,-32.27,0.00,0.00,-32.27,-88.30,1313,Wayne Class,19.78,19.78hrs
14/05/2026 16:22:35,buy,0.15,EURUSD,1.16925,15/05/2026 12:14:47,1.16208,-0.90,-1.03,-71.70,-109.48,0.00,0.00,-109.48,-71.70,1313,Wayne Class,19.87,19.87hrs
14/05/2026 16:45:11,buy,0.07,EURJPY,184.09800,15/05/2026 12:14:46,184.25500,-0.42,0.06,15.70,6.57,6.57,15.70,0.00,0.00,1313,Wayne Class,19.49,19.49hrs
14/05/2026 16:44:29,buy,0.05,EURJPY,184.35600,15/05/2026 12:14:46,184.25600,-0.30,0.04,-10.00,-3.42,0.00,0.00,-3.42,-10.00,1313,Wayne Class,19.50,19.50hrs
14/05/2026 19:40:03,buy,0.02,USDCAD,1.37265,15/05/2026 12:14:45,1.37542,-0.12,0.03,27.70,3.94,3.94,27.70,0.00,0.00,1313,Wayne Class,16.58,16.58hrs
14/05/2026 18:00:15,buy,0.23,EURUSD,1.16770,15/05/2026 12:14:45,1.16209,-1.38,-1.58,-56.10,-131.99,0.00,0.00,-131.99,-56.10,1313,Wayne Class,18.24,18.24hrs
15/05/2026 03:01:48,buy,0.34,EURUSD,1.16611,15/05/2026 12:14:44,1.16206,-2.04,0.00,-40.50,-139.74,0.00,0.00,-139.74,-40.50,1313,Wayne Class,9.22,9.22hrs
14/05/2026 22:55:03,sell,0.15,CADJPY,115.38100,15/05/2026 12:14:44,115.28100,-0.90,-0.61,10.00,7.95,7.95,10.00,0.00,0.00,1313,Wayne Class,13.33,13.33hrs
15/05/2026 04:52:49,buy,0.10,AUDCAD,0.98821,15/05/2026 12:14:43,0.98280,-0.60,0.00,-54.10,-39.93,0.00,0.00,-39.93,-54.10,1313,Wayne Class,7.37,7.37hrs
15/05/2026 03:40:49,buy,0.07,AUDCAD,0.98970,15/05/2026 12:14:43,0.98283,-0.42,0.00,-68.70,-35.38,0.00,0.00,-35.38,-68.70,1313,Wayne Class,8.56,8.56hrs
15/05/2026 08:08:06,buy,0.15,AUDCAD,0.98647,15/05/2026 12:14:42,0.98280,-0.90,0.00,-36.70,-40.93,0.00,0.00,-40.93,-36.70,1313,Wayne Class,4.11,4.11hrs
15/05/2026 05:00:37,buy,0.51,EURUSD,1.16461,15/05/2026 12:14:42,1.16204,-3.06,0.00,-25.70,-134.13,0.00,0.00,-134.13,-25.70,1313,Wayne Class,7.23,7.23hrs
15/05/2026 12:08:10,buy,0.77,EURUSD,1.16254,15/05/2026 12:14:41,1.16205,-4.62,0.00,-4.90,-42.35,0.00,0.00,-42.35,-4.90,1313,Wayne Class,0.11,0.11hrs
15/05/2026 08:47:04,buy,0.23,AUDCAD,0.98492,15/05/2026 12:14:41,0.98281,-1.38,0.00,-21.10,-36.67,0.00,0.00,-36.67,-21.10,1313,Wayne Class,3.46,3.46hrs
14/05/2026 20:59:51,sell,0.02,GBPUSD,1.34109,15/05/2026 09:06:42,1.33498,-0.12,-0.03,61.10,12.07,12.07,61.10,0.00,0.00,1313,Wayne Class,12.11,12.11hrs
14/05/2026 16:30:08,sell,0.02,GBPUSD,1.35025,14/05/2026 19:59:50,1.34431,-0.12,0.00,59.40,11.76,11.76,59.40,0.00,0.00,1313,Wayne Class,3.50,3.50hrs
11/05/2026 10:07:58,buy,0.03,USDCAD,1.36741,14/05/2026 18:40:03,1.37235,-0.18,0.26,49.40,10.88,10.88,49.40,0.00,0.00,1313,Wayne Class,80.53,3.36days
08/05/2026 18:30:01,buy,0.02,USDCAD,1.36894,14/05/2026 18:40:03,1.37235,-0.12,0.22,34.10,5.07,5.07,34.10,0.00,0.00,1313,Wayne Class,144.17,6.01days
12/05/2026 09:08:40,buy,0.05,AUDCAD,0.98885,13/05/2026 22:33:27,0.99439,-0.30,0.13,55.40,20.04,20.04,55.40,0.00,0.00,1313,Wayne Class,37.41,1.56days
12/05/2026 03:23:37,buy,0.03,AUDCAD,0.99034,13/05/2026 22:33:27,0.99437,-0.18,0.08,40.30,8.72,8.72,40.30,0.00,0.00,1313,Wayne Class,43.16,1.80days
08/05/2026 16:35:19,buy,0.02,AUDCAD,0.99254,13/05/2026 22:33:26,0.99437,-0.12,0.15,18.30,2.70,2.70,18.30,0.00,0.00,1313,Wayne Class,125.97,5.25days
06/05/2026 12:30:01,buy,0.02,AUDCAD,0.98643,08/05/2026 15:35:18,0.99107,-0.12,0.19,46.40,6.86,6.86,46.40,0.00,0.00,1313,Wayne Class,51.09,2.13days
07/05/2026 22:18:13,buy,0.03,AUDCAD,0.98496,08/05/2026 15:35:17,0.99106,-0.18,0.07,61.00,13.27,13.27,61.00,0.00,0.00,1313,Wayne Class,17.28,17.28hrs
07/05/2026 01:01:12,sell,0.02,CADJPY,114.65800,08/05/2026 15:35:17,114.48300,-0.12,-0.08,17.50,2.04,2.04,17.50,0.00,0.00,1313,Wayne Class,38.57,1.61days
07/05/2026 20:06:06,sell,0.05,CADJPY,114.96200,08/05/2026 15:35:16,114.48000,-0.30,-0.21,48.20,14.88,14.88,48.20,0.00,0.00,1313,Wayne Class,19.49,19.49hrs
07/05/2026 12:52:11,sell,0.03,CADJPY,114.81200,08/05/2026 15:35:16,114.48200,-0.18,-0.13,33.00,6.01,6.01,33.00,0.00,0.00,1313,Wayne Class,26.72,1.11days
07/05/2026 16:30:04,buy,0.02,EURUSD,1.17751,08/05/2026 15:35:15,1.17771,-0.12,-0.14,2.00,0.14,0.14,2.00,0.00,0.00,1313,Wayne Class,23.09,23.09hrs
06/05/2026 07:30:00,sell,0.02,EURNZD,1.97476,08/05/2026 15:35:15,1.97406,-0.12,-0.05,7.00,0.66,0.66,7.00,0.00,0.00,1313,Wayne Class,56.09,2.34days
07/05/2026 20:33:31,buy,0.05,EURUSD,1.17425,08/05/2026 15:35:14,1.17769,-0.30,-0.36,34.40,16.54,16.54,34.40,0.00,0.00,1313,Wayne Class,19.03,19.03hrs
07/05/2026 19:51:24,buy,0.03,EURUSD,1.17579,08/05/2026 15:35:14,1.17769,-0.18,-0.21,19.00,5.31,5.31,19.00,0.00,0.00,1313,Wayne Class,19.73,19.73hrs
07/05/2026 23:56:25,buy,0.07,EURUSD,1.17272,08/05/2026 15:35:13,1.17771,-0.42,-0.50,49.90,34.01,34.01,49.90,0.00,0.00,1313,Wayne Class,15.65,15.65hrs
07/05/2026 16:30:00,buy,0.02,GBPUSD,1.36262,08/05/2026 15:35:13,1.36226,-0.12,-0.02,-3.60,-0.86,0.00,0.00,-0.86,-3.60,1313,Wayne Class,23.09,23.09hrs
07/05/2026 20:19:01,buy,0.05,GBPUSD,1.35863,08/05/2026 15:35:12,1.36229,-0.30,-0.05,36.60,17.95,17.95,36.60,0.00,0.00,1313,Wayne Class,19.27,19.27hrs
07/05/2026 19:06:10,buy,0.03,GBPUSD,1.36015,08/05/2026 15:35:12,1.36225,-0.18,-0.03,21.00,6.09,6.09,21.00,0.00,0.00,1313,Wayne Class,20.48,20.48hrs
08/05/2026 03:17:32,sell,0.03,EURNZD,1.97668,08/05/2026 15:35:11,1.97403,-0.18,0.00,26.50,4.56,4.56,26.50,0.00,0.00,1313,Wayne Class,12.29,12.29hrs
07/05/2026 20:36:28,buy,0.07,GBPUSD,1.35711,08/05/2026 15:35:11,1.36225,-0.42,-0.07,51.40,35.49,35.49,51.40,0.00,0.00,1313,Wayne Class,18.98,18.98hrs
04/05/2026 13:05:19,sell,0.03,EURNZD,1.98880,05/05/2026 18:06:57,1.98513,-0.18,-0.02,36.70,6.30,6.30,36.70,0.00,0.00,1313,Wayne Class,29.03,1.21days
04/05/2026 08:30:00,sell,0.02,EURNZD,1.98233,05/05/2026 18:06:57,1.98513,-0.12,-0.01,-28.00,-3.44,0.00,0.00,-3.44,-28.00,1313,Wayne Class,33.62,1.40days
04/05/2026 18:21:52,sell,0.07,EURNZD,1.99171,05/05/2026 18:06:56,1.98512,-0.42,-0.04,65.90,26.75,26.75,65.90,0.00,0.00,1313,Wayne Class,23.75,23.75hrs
04/05/2026 13:14:21,sell,0.05,EURNZD,1.99024,05/05/2026 18:06:56,1.98512,-0.30,-0.03,51.20,14.77,14.77,51.20,0.00,0.00,1313,Wayne Class,28.88,1.20days
04/05/2026 19:06:50,sell,0.10,EURNZD,1.99317,05/05/2026 18:06:55,1.98510,-0.60,-0.06,80.70,46.95,46.95,80.70,0.00,0.00,1313,Wayne Class,23.00,23.00hrs
04/05/2026 06:00:01,buy,0.02,GBPUSD,1.35849,05/05/2026 18:06:55,1.35680,-0.12,-0.02,-16.90,-3.52,0.00,0.00,-3.52,-16.90,1313,Wayne Class,36.12,1.50days
04/05/2026 13:03:40,buy,0.05,GBPUSD,1.35516,05/05/2026 18:06:54,1.35680,-0.30,-0.05,16.40,7.85,7.85,16.40,0.00,0.00,1313,Wayne Class,29.05,1.21days
04/05/2026 10:28:33,buy,0.03,GBPUSD,1.35693,05/05/2026 18:06:54,1.35680,-0.18,-0.03,-1.30,-0.60,0.00,0.00,-0.60,-1.30,1313,Wayne Class,31.64,1.32days
04/05/2026 19:08:01,buy,0.10,GBPUSD,1.35199,05/05/2026 18:06:53,1.35678,-0.60,-0.09,47.90,47.21,47.21,47.90,0.00,0.00,1313,Wayne Class,22.98,22.98hrs
04/05/2026 13:08:02,buy,0.07,GBPUSD,1.35364,05/05/2026 18:06:53,1.35678,-0.42,-0.07,31.40,21.49,21.49,31.40,0.00,0.00,1313,Wayne Class,28.98,1.21days
04/05/2026 10:25:10,sell,0.03,USDCAD,1.36009,05/05/2026 18:06:52,1.36135,-0.18,-0.16,-12.60,-3.12,0.00,0.00,-3.12,-12.60,1313,Wayne Class,31.70,1.32days
04/05/2026 07:00:01,sell,0.02,USDCAD,1.35854,05/05/2026 18:06:52,1.36133,-0.12,-0.10,-27.90,-4.32,0.00,0.00,-4.32,-27.90,1313,Wayne Class,35.11,1.46days
04/05/2026 13:12:19,sell,0.05,USDCAD,1.36158,05/05/2026 18:06:51,1.36135,-0.30,-0.26,2.30,0.28,0.28,2.30,0.00,0.00,1313,Wayne Class,28.91,1.20days
20/04/2026 00:01:14,sell,0.05,AUDCAD,0.97402,23/04/2026 17:04:53,0.97813,-0.30,-1.50,-41.10,-16.82,0.00,0.00,-16.82,-41.10,123,Copy-VME2-MT3_1306103754,89.06,3.71days
17/04/2026 18:18:57,sell,0.05,AUDCAD,0.98272,23/04/2026 17:04:53,0.97813,-0.30,-1.81,45.90,14.66,14.66,45.90,0.00,0.00,123,Copy-VME2-MT3_1305989029,142.77,5.95days
17/04/2026 21:49:40,sell,0.04,EURUSD,1.17833,23/04/2026 17:04:52,1.16927,-0.24,0.77,90.60,36.77,36.77,90.60,0.00,0.00,123,Copy-VME2-MT3_1306091760,139.25,5.80days
17/04/2026 17:36:43,sell,0.04,EURUSD,1.18187,23/04/2026 17:04:52,1.16934,-0.24,0.77,125.30,50.65,50.65,125.30,0.00,0.00,123,Copy-VME2-MT3_1305990612,143.47,5.98days
23/04/2026 17:04:17,sell,0.04,GBPUSD,1.34935,23/04/2026 17:04:51,1.34952,-0.24,0.00,-1.70,-0.92,0.00,0.00,-0.92,-1.70,123,Copy-VME2-MT3_1306379608,0.01,0.01hrs
20/04/2026 00:01:26,sell,0.04,EURUSD,1.17368,23/04/2026 17:04:51,1.16926,-0.24,0.64,44.20,18.08,18.08,44.20,0.00,0.00,123,Copy-VME2-MT3_1306106450,89.06,3.71days
23/04/2026 17:04:18,sell,0.04,EURUSD,1.16908,23/04/2026 17:04:50,1.16927,-0.24,0.00,-1.90,-1.00,0.00,0.00,-1.00,-1.90,123,Copy-VME2-MT3_1306465444,0.01,0.01hrs
23/04/2026 17:04:18,sell,0.04,GBPUSD,1.34936,23/04/2026 17:04:50,1.34953,-0.24,0.00,-1.70,-0.92,0.00,0.00,-0.92,-1.70,123,Copy-VME2-MT3_1306438351,0.01,0.01hrs
14/04/2026 20:24:02,buy,0.04,GBPUSD,1.35718,23/04/2026 17:04:20,1.34935,-0.24,-0.44,-78.30,-32.00,0.00,0.00,-32.00,-78.30,123,Copy-VME2-MT3_1305744291,212.67,8.86days
16/04/2026 18:09:16,buy,0.04,GBPUSD,1.35313,23/04/2026 17:04:19,1.34936,-0.24,-0.28,-37.70,-15.60,0.00,0.00,-15.60,-37.70,123,Copy-VME2-MT3_1305959852,166.92,6.95days
15/04/2026 15:56:33,buy,0.04,GBPUSD,1.35578,23/04/2026 17:04:19,1.34935,-0.24,-0.40,-64.30,-26.36,0.00,0.00,-26.36,-64.30,123,Copy-VME2-MT3_1305825347,193.13,8.05days
15/04/2026 10:35:47,buy,0.05,AUDCAD,0.98380,17/04/2026 01:00:05,0.98070,-0.30,0.51,-31.00,-11.11,10.83,29.50,-13.03,-36.30,123,Copy-VME2-MT3_1305744290,38.41,1.60days
16/04/2026 06:03:19,buy,0.04,EURUSD,1.18194,17/04/2026 01:00:04,1.17796,-0.24,-0.28,-39.80,-16.44,1.12,3.40,-20.64,-51.00,123,Copy-VME2-MT3_1305876581,18.95,18.95hrs
15/04/2026 16:25:48,buy,0.04,EURUSD,1.17943,17/04/2026 01:00:04,1.17796,-0.24,-1.13,-14.70,-7.25,10.31,28.50,-11.45,-25.90,123,Copy-VME2-MT3_1305767440,32.57,1.36days
14/04/2026 18:45:01,sell,0.04,EURUSD,1.17924,15/04/2026 01:00:02,1.17958,-0.24,0.13,-3.40,-1.47,1.16,3.50,-3.27,-7.90,123,Copy-VME2-MT3_1305539003,6.25,6.25hrs
14/04/2026 12:43:57,buy,0.05,AUDCAD,0.97892,14/04/2026 17:36:20,0.98191,-0.30,0.00,29.90,10.58,10.58,29.90,-1.57,-3.50,123,Copy-VME2-MT3_1305645940,4.87,4.87hrs
14/04/2026 02:09:53,buy,0.04,GBPUSD,1.35152,14/04/2026 17:36:20,1.35845,-0.24,0.00,69.30,27.48,28.60,72.10,-4.84,-11.50,123,Copy-VME2-MT3_1305645937,15.44,15.44hrs
14/04/2026 15:26:38,buy,0.04,GBPUSD,1.35831,14/04/2026 17:36:19,1.35845,-0.24,0.00,1.40,0.32,1.44,4.20,-4.88,-11.60,123,Copy-VME2-MT3_1305721511,2.16,2.16hrs
14/04/2026 12:03:39,buy,0.04,GBPUSD,1.35411,14/04/2026 17:36:19,1.35844,-0.24,0.00,43.30,17.08,18.24,46.20,-2.00,-4.40,123,Copy-VME2-MT3_1305701834,5.54,5.54hrs
09/04/2026 18:15:20,buy,0.05,AUDCAD,0.97639,13/04/2026 21:51:34,0.97878,-0.30,0.24,23.90,8.60,12.04,34.10,-30.04,-83.10,123,Copy-VME2-MT3_1305371873,99.60,4.15days
13/04/2026 02:49:52,buy,0.05,AUDCAD,0.97397,13/04/2026 21:51:33,0.97882,-0.30,0.00,48.50,17.28,17.28,48.50,-1.38,-3.00,123,Copy-VME2-MT3_1305530942,19.03,19.03hrs
09/04/2026 18:21:20,buy,0.04,GBPUSD,1.34303,13/04/2026 21:51:33,1.35010,-0.24,-0.08,70.70,27.96,27.96,70.70,-19.44,-47.80,123,Copy-VME2-MT3_1305391559,99.50,4.15days
13/04/2026 00:01:01,buy,0.04,GBPUSD,1.33963,13/04/2026 21:51:23,1.35005,-0.24,0.00,104.20,41.44,41.56,104.50,-5.76,-13.80,123,Copy-VME2-MT3_1305406715,21.84,21.84hrs
13/04/2026 00:02:00,buy,0.05,USDJPY,159.70700,13/04/2026 21:51:22,159.34000,-0.30,0.00,-36.70,-11.82,4.05,13.90,-12.26,-38.10,123,Copy-VME2-MT3_1305391558,21.82,21.82hrs
13/04/2026 00:01:03,sell,0.07,NZDUSD,0.57938,13/04/2026 21:51:22,0.58695,-0.42,0.00,-75.70,-53.41,0.00,0.00,-53.41,-75.70,123,Copy-VME2-MT3_1305369972,21.84,21.84hrs
13/04/2026 04:00:03,buy,0.04,GBPUSD,1.34042,13/04/2026 21:51:21,1.35003,-0.24,0.00,96.10,38.20,38.40,96.60,-2.40,-5.40,123,Copy-VME2-MT3_1305539002,17.86,17.86hrs
13/04/2026 00:01:01,buy,0.04,EURUSD,1.16742,13/04/2026 01:00:08,1.16688,-0.24,0.00,-5.40,-2.40,1.68,4.80,-4.56,-10.80,123,Copy-VME2-MT3_1305474074,0.99,0.99hrs
13/04/2026 00:01:00,buy,0.04,EURUSD,1.16742,13/04/2026 01:00:08,1.16688,-0.24,0.00,-5.40,-2.40,1.68,4.80,-4.56,-10.80,123,Copy-VME2-MT3_1305412109,0.99,0.99hrs
09/04/2026 18:22:47,buy,0.04,EURUSD,1.16982,13/04/2026 01:00:03,1.16688,-0.24,-0.54,-29.40,-12.54,15.13,39.10,-14.70,-34.80,123,Copy-VME2-MT3_1305391555,78.62,3.28days
08/04/2026 02:21:19,buy,0.04,EURUSD,1.16846,09/04/2026 16:30:13,1.16891,-0.24,-0.82,4.50,0.74,13.76,35.00,-14.76,-36.30,123,Copy-VME2-MT3_1305172980,38.15,1.59days
08/04/2026 22:56:01,buy,0.04,EURUSD,1.16670,09/04/2026 16:30:12,1.16892,-0.24,-0.82,22.20,7.82,7.94,22.50,-7.34,-15.70,123,Copy-VME2-MT3_1305302966,17.57,17.57hrs
08/04/2026 14:13:52,buy,0.04,EURUSD,1.16966,09/04/2026 16:30:12,1.16893,-0.24,-0.82,-7.30,-3.98,8.96,23.00,-19.56,-48.30,123,Copy-VME2-MT3_1305231563,26.27,1.09days
07/04/2026 13:57:47,buy,0.05,USDJPY,159.78500,09/04/2026 16:30:11,158.99400,-0.30,1.00,-79.10,-24.18,6.73,22.50,-59.64,-188.20,123,Copy-VME2-MT3_1305043393,50.54,2.11days
06/04/2026 17:57:37,buy,0.05,USDJPY,159.70500,09/04/2026 16:30:11,158.99300,-0.30,1.25,-71.20,-21.44,9.48,30.50,-56.86,-180.20,123,Copy-VME2-MT3_1304939043,70.54,2.94days
08/04/2026 17:30:34,buy,0.05,USDJPY,158.33400,09/04/2026 16:30:10,158.99400,-0.30,0.75,66.00,21.21,24.37,76.10,-2.38,-6.70,123,Copy-VME2-MT3_1305266738,22.99,22.99hrs
08/04/2026 13:05:31,buy,0.05,USDJPY,158.54000,09/04/2026 16:30:10,158.99400,-0.30,0.75,45.40,14.73,17.89,55.50,-20.47,-63.70,123,Copy-VME2-MT3_1305172518,27.41,1.14days
09/04/2026 14:18:09,buy,0.04,GBPUSD,1.34066,09/04/2026 16:30:09,1.34212,-0.24,0.00,14.60,5.60,8.68,22.30,0.00,0.00,123,Copy-VME2-MT3_1305371920,2.20,2.20hrs
06/04/2026 05:20:46,buy,0.01,XAUUSD,4668.68000,09/04/2026 16:30:09,4752.09000,-0.06,-3.66,834.10,79.69,178.40,1798.70,-56.22,-554.10,123,Copy-VME2-MT3_1304939048,83.16,3.46days
09/04/2026 16:19:16,buy,0.04,GBPUSD,1.34264,09/04/2026 16:30:08,1.34214,-0.24,0.00,-5.00,-2.24,0.00,0.00,-2.24,-5.00,123,Copy-VME2-MT3_1305379695,0.18,0.18hrs
08/04/2026 17:47:03,sell,0.04,GBPUSD,1.34393,09/04/2026 13:00:07,1.34033,-0.24,-0.18,36.00,13.98,22.78,58.00,-3.52,-7.90,123,Copy-VME2-MT3_1305152512,19.22,19.22hrs
08/04/2026 01:03:06,buy,0.04,EURUSD,1.16113,08/04/2026 16:33:13,1.16974,-0.24,0.00,86.10,34.20,43.08,108.30,0.00,0.00,123,Copy-VME2-MT3_1305152509[sl],15.50,15.50hrs
07/04/2026 13:09:25,sell,0.04,GBPUSD,1.32516,08/04/2026 14:28:42,1.34692,-0.24,-0.06,-217.60,-87.34,5.28,13.80,-87.34,-217.60,123,Copy-VME2-MT3_1305052505[sl],25.32,1.06days
06/04/2026 18:01:15,sell,0.04,GBPUSD,1.32354,08/04/2026 14:10:20,1.34483,-0.24,-0.12,-212.90,-85.52,8.70,22.50,-85.52,-212.90,123,Copy-VME2-MT3_1304939045[sl],44.15,1.84days
08/04/2026 00:43:41,buy,0.04,EURUSD,1.16035,08/04/2026 03:34:05,1.16697,-0.24,0.00,66.20,26.24,36.68,92.30,-3.60,-8.40,123,Copy-VME2-MT3_1305036059[sl],2.84,2.84hrs
08/04/2026 00:43:42,buy,0.04,EURUSD,1.16035,08/04/2026 03:19:20,1.16700,-0.24,0.00,66.50,26.36,36.68,92.30,-3.60,-8.40,123,Copy-VME2-MT3_1305085137[sl],2.59,2.59hrs
06/04/2026 18:15:52,sell,0.04,EURUSD,1.15362,07/04/2026 01:00:02,1.15455,-0.24,0.13,-9.30,-3.83,0.12,0.90,-6.32,-15.20,123,Copy-VME2-MT3_1304993710,6.74,6.74hrs
06/04/2026 13:46:19,sell,0.04,EURUSD,1.15417,07/04/2026 01:00:01,1.15454,-0.24,0.13,-3.70,-1.59,2.32,6.40,-10.84,-26.50,123,Copy-VME2-MT3_1304939039,11.23,11.23hrs
03/04/2026 23:44:56,sell,0.04,EURUSD,1.15087,06/04/2026 01:47:21,1.15144,-0.24,0.13,-5.70,-2.39,0.00,0.00,-7.48,-18.10,123,Copy-VME2-MT3_1304912316,50.04,2.09days
03/04/2026 15:30:03,sell,0.04,EURUSD,1.15237,06/04/2026 01:47:21,1.15144,-0.24,0.13,9.30,3.61,5.25,13.30,-5.84,-14.00,123,Copy-VME2-MT3_1304900083,58.29,2.43days
02/04/2026 10:49:43,buy,0.01,XAUUSD,4651.11000,06/04/2026 01:47:20,4633.17000,-0.06,-1.48,-179.40,-19.48,32.45,324.00,-64.72,-646.60,123,Copy-VME2-MT3_1304747983,86.96,3.62days
01/04/2026 04:06:55,sell,0.04,GBPUSD,1.32200,03/04/2026 05:56:07,1.32279,-0.24,-0.24,-7.90,-3.64,14.06,36.20,-49.00,-121.90,123,Copy-VME2-MT3_1304567851,49.82,2.08days
01/04/2026 16:05:28,sell,0.04,GBPUSD,1.32936,03/04/2026 05:56:06,1.32279,-0.24,-0.24,65.70,25.80,43.50,109.80,-19.56,-48.30,123,Copy-VME2-MT3_1304673207,37.84,1.58days
01/04/2026 11:00:31,sell,0.04,GBPUSD,1.32624,03/04/2026 05:56:06,1.32279,-0.24,-0.24,34.50,13.32,31.02,78.60,-32.04,-79.50,123,Copy-VME2-MT3_1304634729,42.93,1.79days
03/04/2026 00:18:49,sell,0.04,GBPUSD,1.32128,03/04/2026 05:56:05,1.32279,-0.24,0.00,-15.10,-6.28,0.00,0.00,-10.20,-24.90,123,Copy-VME2-MT3_1304838657,5.62,5.62hrs
01/04/2026 21:02:45,sell,0.04,GBPUSD,1.33111,03/04/2026 05:56:05,1.32278,-0.24,-0.24,83.30,32.84,50.50,127.30,-3.18,-6.90,123,Copy-VME2-MT3_1304703062,32.89,1.37days
02/04/2026 10:13:11,buy,0.05,USDJPY,159.60300,03/04/2026 05:56:04,159.65900,-0.30,0.24,5.60,1.69,4.15,14.20,-11.19,-34.70,123,Copy-VME2-MT3_1304773916,19.71,19.71hrs
02/04/2026 17:35:57,buy,0.04,EURUSD,1.15400,03/04/2026 01:00:03,1.15389,-0.24,-0.27,-1.10,-0.95,5.40,14.10,-2.60,-5.90,123,Copy-VME2-MT3_1304774004,7.40,7.40hrs
02/04/2026 04:11:10,buy,0.04,EURUSD,1.16050,03/04/2026 01:00:03,1.15410,-0.24,-0.27,-64.00,-26.11,0.00,0.00,-38.20,-94.90,123,Copy-VME2-MT3_1304711486,20.81,20.81hrs
02/04/2026 07:36:37,sell,0.04,EURUSD,1.15331,02/04/2026 08:00:07,1.15378,-0.24,0.00,-4.70,-2.12,0.00,0.20,-2.12,-4.70,123,Copy-VME2-MT3_1304428876,0.39,0.39hrs
01/04/2026 09:25:49,buy,0.04,EURUSD,1.15804,01/04/2026 17:22:13,1.16156,-0.24,0.00,35.20,13.84,16.68,42.30,0.00,0.00,123,Copy-VME2-MT3_1303924856,7.94,7.94hrs
01/04/2026 04:01:29,buy,0.05,USDJPY,158.90400,01/04/2026 17:22:13,158.59600,-0.30,0.00,-30.80,-10.01,2.62,9.30,-19.63,-61.20,123,Copy-VME2-MT3_1304467464,13.35,13.35hrs
01/04/2026 11:32:55,buy,0.04,EURUSD,1.16070,01/04/2026 17:22:12,1.16152,-0.24,0.00,8.20,3.04,6.04,15.70,-10.44,-25.50,123,Copy-VME2-MT3_1304657867,5.82,5.82hrs
01/04/2026 10:54:57,buy,0.05,USDJPY,158.62800,01/04/2026 17:22:12,158.59800,-0.30,0.00,-3.00,-1.25,3.73,12.80,-9.17,-28.10,123,Copy-VME2-MT3_1304649604,6.45,6.45hrs
31/03/2026 20:23:23,buy,0.01,XAUUSD,4656.31000,01/04/2026 17:22:12,4750.74000,-0.06,-0.74,944.30,93.63,105.47,1062.70,-9.33,-92.70,123,Copy-VME2-MT3_1304567839,20.98,20.98hrs
01/04/2026 10:03:22,buy,0.12,GBPNZD,2.30521,01/04/2026 11:00:53,2.30612,-0.72,0.00,9.10,5.56,6.25,10.10,-16.50,-22.80,123,Copy-VME2-MT4_389385715,0.96,0.96hrs
31/03/2026 22:43:04,buy,0.12,GBPNZD,2.30416,01/04/2026 05:30:39,2.30530,-0.72,0.01,11.40,7.14,7.14,11.40,-34.56,-49.10,123,Copy-VME2-MT4_389184522,6.79,6.79hrs
30/03/2026 20:07:09,sell,0.04,EURUSD,1.14631,31/03/2026 17:59:15,1.15221,-0.24,0.13,-59.00,-23.71,4.69,12.00,-30.35,-75.60,123,Copy-VME2-MT3_1304242597,21.87,21.87hrs
30/03/2026 20:07:10,sell,0.04,GBPUSD,1.31948,31/03/2026 17:59:14,1.31888,-0.24,-0.06,6.00,2.10,12.34,31.60,-27.26,-67.40,123,Copy-VME2-MT3_1304286615,21.87,21.87hrs
30/03/2026 20:07:10,sell,0.04,EURUSD,1.14631,31/03/2026 17:59:14,1.15220,-0.24,0.13,-58.90,-23.67,4.69,12.00,-30.35,-75.60,123,Copy-VME2-MT3_1304321463,21.87,21.87hrs
30/03/2026 20:07:12,sell,0.04,GBPUSD,1.31945,31/03/2026 17:59:13,1.31898,-0.24,-0.06,4.70,1.58,12.22,31.30,-27.38,-67.70,123,Copy-VME2-MT3_1304390255,21.87,21.87hrs
30/03/2026 20:07:11,sell,0.04,GBPUSD,1.31948,31/03/2026 17:59:13,1.31891,-0.24,-0.06,5.70,1.98,12.34,31.60,-27.26,-67.40,123,Copy-VME2-MT3_1304321473,21.87,21.87hrs
31/03/2026 02:06:32,sell,0.04,GBPUSD,1.31714,31/03/2026 17:59:12,1.31900,-0.24,0.00,-18.60,-7.68,3.04,8.20,-36.56,-90.80,123,Copy-VME2-MT3_1304428877,15.88,15.88hrs
31/03/2026 01:01:00,buy,0.01,XAUUSD,4514.89000,31/03/2026 17:59:12,4601.36000,-0.06,0.00,864.70,86.41,110.24,1103.00,-26.32,-262.60,123,Copy-VME2-MT3_1304321492,16.97,16.97hrs
30/03/2026 20:07:11,sell,0.05,USDJPY,159.46700,31/03/2026 01:00:11,159.79600,-0.30,-0.53,-32.90,-11.12,0.00,0.30,-11.22,-33.20,123,Copy-VME2-MT3_1304188213,4.88,4.88hrs
30/03/2026 20:07:12,sell,0.05,USDJPY,159.46700,31/03/2026 01:00:10,159.79700,-0.30,-0.53,-33.00,-11.16,0.00,0.30,-11.22,-33.20,123,Copy-VME2-MT3_1304352919,4.88,4.88hrs
30/03/2026 10:42:03,buy,0.12,AUDUSD,0.68512,30/03/2026 16:01:23,0.68629,-0.72,0.00,11.70,13.32,15.60,13.60,-3.72,-2.50,123,Copy-VME2-MT4_388402982,5.32,5.32hrs
30/03/2026 12:57:33,sell,0.15,GBPNZD,2.31378,30/03/2026 15:34:15,2.31165,-0.90,0.00,21.30,17.40,18.50,22.60,-13.26,-14.40,123,Copy-VME2-MT4_388437998,2.61,2.61hrs
30/03/2026 03:20:00,buy,0.12,EURUSD,1.15062,30/03/2026 06:20:22,1.15183,-0.72,0.00,12.10,13.80,13.80,12.10,-6.24,-4.60,123,Copy-VME2-MT4_388123326,3.01,3.01hrs
24/03/2026 19:07:27,sell,0.15,GBPNZD,2.30130,24/03/2026 22:20:53,2.29905,-0.90,0.00,22.50,18.75,19.89,23.80,-42.72,-48.10,123,Copy-VME2-MT4_386368129,3.22,3.22hrs
24/03/2026 10:18:06,buy,0.12,GBPNZD,2.29495,24/03/2026 10:37:05,2.29624,-0.72,0.00,12.90,8.33,8.33,12.90,0.00,0.00,123,Copy-VME2-MT4_386123425,0.32,0.32hrs
24/03/2026 07:16:58,sell,0.12,GBPNZD,2.29777,24/03/2026 09:55:28,2.29647,-0.72,0.00,13.00,8.39,8.39,13.00,-11.92,-16.00,123,Copy-VME2-MT4_386027421,2.64,2.64hrs
24/03/2026 03:24:11,sell,0.12,GBPNZD,2.29480,24/03/2026 03:44:36,2.29360,-0.72,0.00,12.00,7.70,7.70,12.00,-4.78,-5.80,123,Copy-VME2-MT4_385870544,0.34,0.34hrs
23/03/2026 17:22:55,buy,0.12,GBPNZD,2.28844,23/03/2026 17:28:31,2.28971,-0.72,0.00,12.70,8.24,8.24,12.70,0.00,0.00,123,Copy-VME2-MT4_385633223,0.09,0.09hrs
20/03/2026 17:00:55,buy,0.12,AUDUSD,0.70433,23/03/2026 17:23:24,0.70579,-0.72,-0.04,14.60,16.76,16.76,14.60,-157.84,-130.90,123,Copy-VME2-MT4_384475123,72.37,3.02days
20/03/2026 21:57:42,sell,0.12,GBPNZD,2.28901,23/03/2026 01:05:03,2.28793,-0.72,-1.18,10.80,5.64,21.06,32.80,-19.89,-25.70,123,Copy-VME2-MT4_384674977,51.12,2.13days
20/03/2026 21:28:25,sell,0.12,GBPUSD,1.33489,20/03/2026 21:44:56,1.33358,-0.72,0.00,13.10,15.00,15.00,13.10,0.00,0.00,123,Copy-VME2-MT4_384657678,0.28,0.28hrs
20/03/2026 17:21:04,buy,0.15,GBPNZD,2.28293,20/03/2026 20:38:22,2.28514,-0.90,0.00,22.10,18.45,20.89,24.90,-43.38,-48.50,123,Copy-VME2-MT4_384496557,3.29,3.29hrs
20/03/2026 09:48:15,buy,0.23,GBPNZD,2.28119,20/03/2026 16:59:22,2.28571,-1.38,0.00,45.20,59.33,70.09,53.20,-28.74,-20.20,123,Copy-VME2-MT4_384186499,7.19,7.19hrs
20/03/2026 15:12:03,sell,0.12,EURUSD,1.15760,20/03/2026 15:56:50,1.15623,-0.72,0.00,13.70,15.72,15.72,13.70,-5.28,-3.80,123,Copy-VME2-MT4_384391294,0.75,0.75hrs
20/03/2026 13:42:08,buy,0.12,AUDUSD,0.70665,20/03/2026 14:40:55,0.70799,-0.72,0.00,13.40,15.36,15.36,13.40,-4.32,-3.00,123,Copy-VME2-MT4_384285697,0.98,0.98hrs
20/03/2026 11:26:21,sell,0.12,EURUSD,1.15788,20/03/2026 12:04:36,1.15653,-0.72,0.00,13.50,15.48,15.48,13.50,-1.92,-1.00,123,Copy-VME2-MT4_384231839,0.64,0.64hrs
19/03/2026 21:00:56,sell,0.15,GBPNZD,2.29171,19/03/2026 21:58:12,2.28964,-0.90,0.00,20.70,17.29,17.29,20.70,-1.51,-0.70,123,Copy-VME2-MT4_383931133,0.95,0.95hrs
16/03/2026 04:21:28,sell,0.12,AUDUSD,0.70070,19/03/2026 21:00:41,0.70536,-0.72,-0.55,-46.60,-57.19,9.96,8.90,-140.14,-116.00,123,Copy-VME2-MT4_381880973,88.65,3.69days
13/03/2026 13:22:43,sell,0.15,GBPNZD,2.27786,19/03/2026 21:00:40,2.29206,-0.90,-8.75,-142.00,-134.21,48.44,57.90,-136.59,-147.10,123,Copy-VME2-MT4_381554422,151.63,6.32days
13/03/2026 13:16:50,sell,0.15,GBPNZD,2.27859,19/03/2026 21:00:39,2.29209,-0.90,-8.75,-135.00,-128.06,54.84,65.20,-130.24,-139.80,123,Copy-VME2-MT4_381556448,151.73,6.32days
13/03/2026 12:05:04,sell,0.15,GBPNZD,2.27843,19/03/2026 21:00:39,2.29220,-0.90,-8.75,-137.70,-130.43,53.44,63.60,-131.63,-141.40,123,Copy-VME2-MT4_381555233,152.93,6.37days
18/03/2026 11:29:24,buy,0.15,GBPNZD,2.27929,18/03/2026 14:13:02,2.28064,-0.90,0.00,13.50,10.97,12.46,15.20,-17.25,-18.60,123,Copy-VME2-MT4_382851709,2.73,2.73hrs
17/03/2026 03:35:48,buy,0.12,EURUSD,1.14927,17/03/2026 11:41:05,1.15051,-0.72,0.00,12.40,14.16,14.16,12.40,-28.68,-23.30,123,Copy-VME2-MT4_382337188,8.09,8.09hrs
16/03/2026 04:56:55,buy,0.12,GBPNZD,2.28398,17/03/2026 11:16:03,2.28582,-0.72,0.14,18.40,12.27,12.27,18.40,-89.17,-126.00,123,Copy-VME2-MT4_381928991,30.32,1.26days
16/03/2026 09:31:13,buy,0.12,EURUSD,1.14308,16/03/2026 11:24:27,1.14440,-0.72,0.00,13.20,15.12,15.12,13.20,-19.44,-15.60,123,Copy-VME2-MT4_382003144,1.89,1.89hrs
12/03/2026 16:19:37,sell,0.23,GBPNZD,2.27176,13/03/2026 04:46:09,2.28231,-1.38,-2.16,-105.50,-145.58,0.00,0.00,-152.04,-110.30,123,Copy-VME2-MT4_381213733,12.44,12.44hrs
12/03/2026 11:06:02,sell,0.15,GBPNZD,2.26658,13/03/2026 04:46:09,2.28231,-0.90,-1.41,-157.30,-140.42,11.25,13.70,-144.64,-162.10,123,Copy-VME2-MT4_381129291,17.67,17.67hrs
12/03/2026 18:39:38,sell,0.45,GBPNZD,2.27593,13/03/2026 04:46:08,2.28231,-2.70,-4.22,-63.80,-174.98,29.78,12.30,-187.62,-68.60,123,Copy-VME2-MT4_381284080,10.11,10.11hrs
12/03/2026 09:11:03,sell,0.12,GBPNZD,2.26702,12/03/2026 09:15:54,2.26553,-0.72,0.00,14.90,9.83,9.83,14.90,-1.71,-1.40,123,Copy-VME2-MT4_381113303,0.08,0.08hrs
12/03/2026 07:37:08,sell,0.15,GBPNZD,2.26562,12/03/2026 08:11:33,2.26493,-0.90,0.00,6.90,5.21,8.13,10.20,0.00,0.00,123,Copy-VME2-MT4_381090901,0.57,0.57hrs
12/03/2026 05:59:07,sell,0.15,GBPNZD,2.26437,12/03/2026 06:00:34,2.26540,-0.90,0.00,-10.30,-10.01,0.00,0.00,-10.01,-10.30,123,Copy-VME2-MT4_380911427,0.02,0.02hrs
11/03/2026 21:02:06,sell,0.23,GBPNZD,2.26790,12/03/2026 06:00:31,2.26543,-1.38,-6.53,24.70,25.62,33.10,30.20,-46.02,-28.10,123,Copy-VME2-MT4_380957050,8.97,8.97hrs
11/03/2026 08:21:44,sell,0.15,GBPNZD,2.26280,11/03/2026 17:03:19,2.26389,-0.90,0.00,-10.90,-10.60,4.09,5.60,-43.06,-47.50,123,Copy-VME2-MT4_380708432,8.69,8.69hrs
11/03/2026 15:48:47,sell,0.23,GBPNZD,2.26582,11/03/2026 17:03:16,2.26386,-1.38,0.00,19.60,25.35,25.35,19.60,-14.57,-9.70,123,Copy-VME2-MT4_380810140,1.24,1.24hrs
11/03/2026 03:08:49,sell,0.12,GBPNZD,2.26432,11/03/2026 07:14:10,2.26278,-0.72,0.00,15.40,10.27,10.27,15.40,-26.96,-36.90,123,Copy-VME2-MT4_380621774,4.09,4.09hrs
10/03/2026 17:20:31,buy,0.15,GBPNZD,2.26527,11/03/2026 03:10:27,2.26370,-0.90,0.05,-15.70,-14.82,0.66,1.70,-55.60,-61.20,123,Copy-VME2-MT4_380481190,9.83,9.83hrs
10/03/2026 19:05:05,buy,0.23,GBPNZD,2.26137,11/03/2026 03:10:24,2.26380,-1.38,0.08,24.30,31.84,54.15,40.70,-28.37,-19.70,123,Copy-VME2-MT4_380524002,8.09,8.09hrs
10/03/2026 14:12:51,buy,0.12,GBPNZD,2.26479,10/03/2026 16:33:45,2.26615,-0.72,0.00,13.60,8.97,8.97,13.60,-15.62,-20.90,123,Copy-VME2-MT4_380400984,2.35,2.35hrs
09/03/2026 13:55:27,sell,0.15,GBPNZD,2.25895,10/03/2026 14:13:49,2.26518,-0.90,-1.42,-62.30,-57.82,3.45,4.90,-125.20,-138.20,123,Copy-VME2-MT4_379955876,24.31,1.01days
10/03/2026 09:09:44,sell,0.23,GBPNZD,2.27064,10/03/2026 14:13:45,2.26521,-1.38,0.00,54.30,72.80,83.64,62.20,-30.42,-21.30,123,Copy-VME2-MT4_380311949,5.07,5.07hrs
10/03/2026 13:00:40,buy,0.12,GBPNZD,2.26668,10/03/2026 13:37:55,2.26799,-0.72,0.00,13.10,8.60,8.60,13.10,-9.91,-12.90,123,Copy-VME2-MT4_380376429,0.62,0.62hrs
10/03/2026 10:35:44,buy,0.12,GBPNZD,2.26826,10/03/2026 11:00:46,2.26965,-0.72,0.00,13.90,9.18,9.18,13.90,-4.92,-5.90,123,Copy-VME2-MT4_380336873,0.42,0.42hrs
09/03/2026 09:15:25,sell,0.15,GBPNZD,2.26368,09/03/2026 11:55:46,2.26255,-0.90,0.00,11.30,9.07,15.43,18.50,-20.33,-22.00,123,Copy-VME2-MT4_379845500,2.67,2.67hrs
09/03/2026 06:57:30,sell,0.10,GBPNZD,2.26546,09/03/2026 08:12:30,2.26263,-0.60,0.00,28.30,16.04,16.04,28.30,-3.83,-5.50,123,Copy-VME2-MT4_379790451,1.25,1.25hrs
09/03/2026 03:10:31,buy,0.08,AUDUSD,0.69748,09/03/2026 05:53:34,0.69885,-0.48,0.00,13.70,10.48,10.48,13.70,-15.12,-18.30,123,Copy-VME2-MT4_379655923,2.72,2.72hrs
09/03/2026 02:55:56,sell,0.10,GBPNZD,2.27477,09/03/2026 03:11:48,2.27285,-0.60,0.00,19.20,10.65,10.65,19.20,0.00,0.00,123,Copy-VME2-MT4_379672478,0.26,0.26hrs
09/03/2026 00:18:42,sell,0.08,GBPNZD,2.26924,09/03/2026 01:32:51,2.27205,-0.48,0.00,-28.10,-13.67,0.00,0.00,-36.13,-75.90,123,Copy-VME2-MT4_379585858,1.24,1.24hrs
05/03/2026 14:20:20,buy,0.10,EURUSD,1.16186,06/03/2026 18:55:58,1.16043,-0.60,-0.70,-14.30,-15.60,4.70,5.30,-73.60,-72.30,123,Copy-VME2-MT4_378735274,28.59,1.19days
06/03/2026 13:14:40,buy,0.15,EURUSD,1.15811,06/03/2026 18:55:53,1.16038,-0.90,0.00,22.70,33.15,46.50,31.60,-53.10,-34.80,123,Copy-VME2-MT4_379255452,5.69,5.69hrs
06/03/2026 18:28:25,sell,0.10,GBPNZD,2.27179,06/03/2026 18:47:53,2.27035,-0.60,0.00,14.40,7.90,10.68,19.10,-2.78,-3.70,123,Copy-VME2-MT4_379446273,0.32,0.32hrs
06/03/2026 14:50:30,sell,0.10,GBPNZD,2.27166,06/03/2026 18:05:07,2.27159,-0.60,0.00,0.70,-0.19,15.35,27.10,-32.37,-54.20,123,Copy-VME2-MT4_379289792,3.24,3.24hrs
06/03/2026 15:32:44,sell,0.15,GBPNZD,2.27263,06/03/2026 18:05:02,2.27149,-0.90,0.00,11.40,9.18,31.59,36.80,-40.03,-44.50,123,Copy-VME2-MT4_379314667,2.54,2.54hrs
06/03/2026 13:45:19,sell,0.08,GBPNZD,2.27034,06/03/2026 14:18:49,2.26896,-0.48,0.00,13.80,6.00,6.00,13.80,-5.08,-9.80,123,Copy-VME2-MT4_379265233,0.56,0.56hrs
05/03/2026 20:51:43,buy,0.10,GBPNZD,2.26655,06/03/2026 11:53:24,2.26819,-0.60,-0.08,16.40,8.95,8.95,16.40,-36.99,-61.40,123,Copy-VME2-MT4_378984592,15.03,15.03hrs
05/03/2026 17:03:19,buy,0.10,GBPNZD,2.25739,05/03/2026 17:14:00,2.25871,-0.60,0.00,13.20,7.20,9.26,16.70,-0.95,-0.60,123,Copy-VME2-MT4_378857554,0.18,0.18hrs
04/03/2026 17:00:13,buy,0.10,GBPNZD,2.26021,05/03/2026 15:47:06,2.25822,-0.60,-0.24,-19.90,-12.60,0.00,0.00,-73.24,-121.90,123,Copy-VME2-MT4_378402545,22.78,22.78hrs
04/03/2026 21:58:54,buy,0.15,GBPNZD,2.25142,05/03/2026 15:47:01,2.25822,-0.90,-0.36,68.00,59.03,61.42,70.70,-31.55,-34.00,123,Copy-VME2-MT4_378518204,17.80,17.80hrs
04/03/2026 18:25:01,buy,0.10,EURUSD,1.16290,05/03/2026 11:10:33,1.16305,-0.60,-2.10,1.50,-1.20,14.20,16.90,-49.50,-46.80,123,Copy-VME2-MT4_378454303,16.76,16.76hrs
05/03/2026 08:40:32,buy,0.15,EURUSD,1.16003,05/03/2026 11:10:29,1.16309,-0.90,0.00,30.60,45.00,63.60,43.00,-28.05,-18.10,123,Copy-VME2-MT4_378654852,2.50,2.50hrs
04/03/2026 17:00:37,buy,0.10,EURUSD,1.16232,04/03/2026 18:05:43,1.16412,-0.60,0.00,18.00,17.40,20.80,21.40,-0.40,0.00,123,Copy-VME2-MT4_378403298,1.08,1.08hrs
04/03/2026 13:40:01,buy,0.10,GBPNZD,2.26194,04/03/2026 16:36:03,2.26268,-0.60,0.00,7.40,3.77,6.38,11.80,-20.77,-34.10,123,Copy-VME2-MT4_378289880,2.93,2.93hrs
04/03/2026 15:10:04,sell,0.10,EURUSD,1.16486,04/03/2026 16:05:20,1.16312,-0.60,0.00,17.40,16.80,20.20,20.80,-0.30,0.00,123,Copy-VME2-MT4_378327178,0.92,0.92hrs
04/03/2026 11:39:10,buy,0.10,GBPNZD,2.26088,04/03/2026 12:36:33,2.26212,-0.60,0.00,12.40,6.74,11.99,21.30,-15.96,-25.90,123,Copy-VME2-MT4_378245191,0.96,0.96hrs
04/03/2026 10:53:38,buy,0.11,EURCHF,0.90754,04/03/2026 11:21:20,0.90840,-0.66,0.00,8.60,11.44,11.44,8.60,-9.80,-6.50,123,Copy-VME2-MT4_377758192,0.46,0.46hrs
04/03/2026 10:53:39,buy,0.16,EURCHF,0.90754,04/03/2026 11:21:17,0.90840,-0.96,0.00,8.60,16.63,16.63,8.60,-14.26,-6.50,123,Copy-VME2-MT4_377790538,0.46,0.46hrs
04/03/2026 10:53:39,buy,0.23,EURCHF,0.90754,04/03/2026 11:21:13,0.90843,-1.38,0.00,8.90,24.79,24.79,8.90,-20.50,-6.50,123,Copy-VME2-MT4_378120001,0.46,0.46hrs
04/03/2026 10:53:40,buy,0.10,GBPNZD,2.26194,04/03/2026 10:57:49,2.26200,-0.60,0.00,0.60,-0.25,0.00,0.60,-0.25,0.00,123,Copy-VME2-MT4_378217706,0.07,0.07hrs
04/02/2026 23:45:58,balance,0.01,,0.00000,04/02/2026 23:45:58,0.00000,0.00,0.00,0.00,-6000.00,0.00,0.00,0.00,0.00,0,Transfer Out to 1873181,0.00,0.00hrs
02/02/2026 11:26:10,sell,0.03,GBPCAD,1.86959,02/02/2026 16:36:45,1.86297,-0.18,0.00,66.20,14.38,16.47,75.70,0.00,0.00,1212,VM-E3-Wayne Class-Sell,5.18,5.18hrs
02/02/2026 01:03:17,sell,0.02,GBPCAD,1.86358,02/02/2026 16:36:37,1.86299,-0.12,0.00,5.90,0.74,2.17,15.60,-8.57,-57.60,1212,VM-E3-Wayne Class-Sell,15.56,15.56hrs
30/01/2026 04:21:21,buy,0.03,EURUSD,1.18993,30/01/2026 20:44:32,1.18641,-0.18,0.00,-35.20,-10.74,16.11,54.30,-12.93,-42.50,1212,VM-E3-Wayne Class-Buy,16.39,16.39hrs
29/01/2026 01:31:05,buy,0.02,EURUSD,1.19732,30/01/2026 20:44:32,1.18641,-0.12,-0.14,-109.10,-22.08,3.80,19.60,-23.54,-116.40,1212,VM-E3-Wayne Class-Buy,43.22,1.80days
28/01/2026 10:33:46,buy,0.03,GBPCAD,1.87258,30/01/2026 20:44:31,1.86305,-0.18,0.21,-95.30,-20.98,0.70,4.00,-37.15,-167.60,1212,VM-E3-Wayne Class-Buy,58.18,2.42days
28/01/2026 01:02:05,buy,0.02,GBPCAD,1.87977,30/01/2026 20:44:31,1.86307,-0.12,0.15,-167.00,-24.52,0.00,0.00,-35.39,-239.50,1212,VM-E3-Wayne Class-Buy,67.71,2.82days
28/01/2026 10:51:08,buy,0.05,GBPCAD,1.87107,30/01/2026 20:44:30,1.86304,-0.30,0.36,-80.30,-29.45,4.54,12.40,-56.33,-152.50,1212,VM-E3-Wayne Class-Buy,57.89,2.41days
28/01/2026 12:06:07,buy,0.07,GBPCAD,1.86931,30/01/2026 20:44:29,1.86306,-0.42,0.49,-62.50,-32.09,15.43,30.00,-69.76,-134.90,1212,VM-E3-Wayne Class-Buy,56.64,2.36days
29/01/2026 17:09:07,buy,0.15,GBPCAD,1.86484,30/01/2026 20:44:28,1.86306,-0.90,0.27,-17.80,-20.25,9.74,9.60,-100.68,-90.20,1212,VM-E3-Wayne Class-Buy,27.59,1.15days
29/01/2026 15:22:57,buy,0.10,GBPCAD,1.86624,30/01/2026 20:44:28,1.86307,-0.60,0.18,-31.70,-23.71,7.83,11.40,-77.48,-104.20,1212,VM-E3-Wayne Class-Buy,29.36,1.22days
30/01/2026 05:43:46,buy,0.34,GBPCAD,1.85961,30/01/2026 20:44:27,1.86308,-2.04,0.00,34.70,84.67,84.67,34.70,-97.33,-37.90,1212,VM-E3-Wayne Class-Buy,15.01,15.01hrs
29/01/2026 20:47:24,buy,0.23,GBPCAD,1.86224,30/01/2026 20:44:27,1.86309,-1.38,0.41,8.50,13.40,15.67,10.00,-110.16,-64.20,1212,VM-E3-Wayne Class-Buy,23.95,23.95hrs
30/01/2026 17:14:43,buy,0.51,GBPCAD,1.85696,30/01/2026 20:44:26,1.86304,-3.06,0.00,60.80,224.85,224.85,60.80,-46.05,-11.40,1212,VM-E3-Wayne Class-Buy,3.50,3.50hrs
30/01/2026 20:24:32,buy,0.05,EURUSD,1.18625,30/01/2026 20:44:25,1.18646,-0.30,0.00,2.10,0.75,0.75,2.10,-3.15,-5.70,1212,VM-E3-Wayne Class-Buy,0.33,0.33hrs
23/01/2026 13:37:42,sell,0.02,EURNZD,1.98735,27/01/2026 17:47:05,1.98940,-0.12,-0.05,-20.50,-2.63,6.00,51.20,-11.32,-93.70,1212,Wayne Class,100.16,4.17days
22/01/2026 03:30:02,sell,0.02,GBPCAD,1.85682,27/01/2026 17:47:05,1.87360,-0.12,-0.64,-167.80,-25.40,6.21,43.70,-35.29,-236.40,1212,VM-E3-Wayne Class-Sell,134.28,5.60days
23/01/2026 22:20:38,sell,0.07,GBPCAD,1.86792,27/01/2026 17:47:04,1.87361,-0.42,-1.51,-56.90,-31.18,2.39,5.50,-66.03,-125.40,1212,VM-E3-Wayne Class-Sell,91.44,3.81days
23/01/2026 11:56:05,sell,0.05,GBPCAD,1.86609,27/01/2026 17:47:04,1.87360,-0.30,-1.08,-75.10,-28.95,16.93,47.40,-53.85,-143.70,1212,VM-E3-Wayne Class-Sell,101.85,4.24days
23/01/2026 11:43:16,sell,0.03,GBPCAD,1.86448,27/01/2026 17:47:04,1.87360,-0.18,-0.65,-91.20,-20.92,6.65,31.30,-35.84,-159.80,1212,VM-E3-Wayne Class-Sell,102.06,4.25days
26/01/2026 17:09:03,sell,0.15,GBPCAD,1.87500,27/01/2026 17:47:03,1.87365,-0.90,-1.63,13.50,12.34,12.34,13.50,-62.34,-54.60,1212,VM-E3-Wayne Class-Sell,24.63,1.03days
26/01/2026 01:01:12,sell,0.10,GBPCAD,1.87339,27/01/2026 17:47:03,1.87361,-0.60,-1.08,-2.20,-3.30,38.55,53.60,-53.31,-70.70,1212,VM-E3-Wayne Class-Sell,40.76,1.70days
27/01/2026 14:26:30,sell,0.34,GBPCAD,1.88100,27/01/2026 17:47:02,1.87369,-2.04,0.00,73.10,180.47,180.47,73.10,0.00,0.00,1212,VM-E3-Wayne Class-Sell,3.34,3.34hrs
27/01/2026 02:59:04,sell,0.02,EURNZD,1.99289,27/01/2026 17:47:02,1.98937,-0.12,0.00,35.20,4.11,5.75,49.00,0.00,0.00,1212,Wayne Class,14.80,14.80hrs
26/01/2026 19:21:09,sell,0.23,GBPCAD,1.87753,27/01/2026 17:47:02,1.87365,-1.38,-2.50,38.80,61.65,61.65,38.80,-53.09,-29.30,1212,VM-E3-Wayne Class-Sell,22.43,22.43hrs
26/01/2026 09:30:00,buy,0.02,EURUSD,1.18610,27/01/2026 14:27:46,1.19198,-0.12,-0.14,58.80,11.50,11.50,58.80,-5.22,-25.50,1212,VM-E3-Wayne Class-Buy,28.96,1.21days
23/01/2026 14:30:06,buy,0.02,EURUSD,1.17392,23/01/2026 19:34:56,1.17865,-0.12,0.00,47.30,9.34,11.18,56.50,-1.34,-6.10,1212,VM-E3-Wayne Class-Buy,5.08,5.08hrs
22/01/2026 09:34:15,sell,0.02,EURNZD,1.99413,23/01/2026 00:30:14,1.98466,-0.12,-0.02,94.70,11.08,12.76,108.60,-2.10,-16.90,1212,Wayne Class,14.93,14.93hrs
21/01/2026 22:23:12,buy,0.03,EURUSD,1.16769,22/01/2026 18:30:35,1.17405,-0.18,-0.61,63.60,18.29,20.69,71.60,-2.38,-5.30,1212,VM-E3-Wayne Class-Buy,20.12,20.12hrs
20/01/2026 13:30:00,buy,0.02,EURUSD,1.17265,22/01/2026 18:30:34,1.17405,-0.12,-0.55,14.00,2.13,3.73,22.00,-11.65,-54.90,1212,VM-E3-Wayne Class-Buy,53.01,2.21days
20/01/2026 09:34:22,sell,0.03,GBPCAD,1.86420,20/01/2026 15:27:19,1.85965,-0.18,0.00,45.50,9.69,12.54,58.60,-4.60,-20.40,1212,VM-E3-Wayne Class-Sell,5.88,5.88hrs
20/01/2026 09:39:05,sell,0.05,GBPCAD,1.86577,20/01/2026 15:27:18,1.85964,-0.30,0.00,61.30,21.86,26.58,74.30,-2.00,-4.70,1212,VM-E3-Wayne Class-Sell,5.80,5.80hrs
16/01/2026 08:00:00,sell,0.02,GBPCAD,1.85908,20/01/2026 15:27:18,1.85965,-0.12,-0.42,-5.70,-1.36,0.53,7.40,-10.89,-71.60,1212,VM-E3-Wayne Class-Sell,103.45,4.31days
19/01/2026 04:57:03,sell,0.02,EURNZD,2.01496,20/01/2026 00:01:21,2.01015,-0.12,-0.02,48.10,5.44,8.36,73.10,-0.87,-6.50,1212,Wayne Class,19.07,19.07hrs
15/01/2026 10:00:02,sell,0.02,EURUSD,1.16283,19/01/2026 04:29:02,1.16211,-0.12,0.12,7.20,1.44,8.66,43.60,-2.54,-12.10,1212,VM-E3-Wayne Class-Sell,90.48,3.77days
08/01/2026 08:11:11,sell,0.02,EURNZD,2.02869,13/01/2026 00:01:15,2.02235,-0.12,-0.12,63.40,7.08,9.18,81.20,-6.95,-59.40,1212,Wayne Class,111.83,4.66days
08/01/2026 11:38:10,sell,0.03,EURNZD,2.03308,13/01/2026 00:01:14,2.02235,-0.18,-0.20,107.30,18.20,21.35,125.10,-2.91,-15.50,1212,Wayne Class,108.38,4.52days
06/01/2026 16:00:00,sell,0.02,EURNZD,2.02254,13/01/2026 00:01:13,2.02235,-0.12,-0.29,1.90,-0.20,5.48,48.70,-14.15,-120.90,1212,Wayne Class,152.02,6.33days
08/01/2026 07:00:01,buy,0.02,USDCAD,1.38655,12/01/2026 09:08:26,1.38869,-0.12,0.08,21.40,3.04,7.56,53.20,-1.68,-10.80,1212,VM-E3-Wayne Class-Buy,98.14,4.09days
06/01/2026 16:40:27,sell,0.02,EURUSD,1.16997,08/01/2026 22:03:06,1.16528,-0.12,0.27,46.90,9.53,11.41,56.30,-2.38,-11.30,1212,VM-E3-Wayne Class-Sell,53.38,2.22days
02/01/2026 14:00:01,sell,0.02,EURUSD,1.17217,05/01/2026 15:55:04,1.16693,-0.12,0.07,52.40,10.43,12.15,61.00,-6.16,-30.20,1212,VM-E3-Wayne Class-Sell,73.92,3.08days
26/12/2025 12:02:52,sell,0.02,EURNZD,2.02285,02/01/2026 10:16:23,2.03351,-0.12,-0.15,-106.60,-12.57,5.25,46.00,-23.93,-206.60,1212,Wayne Class,166.23,6.93days
24/12/2025 17:26:45,sell,0.02,EURNZD,2.01627,02/01/2026 10:16:23,2.03355,-0.12,-0.27,-172.80,-20.33,0.00,0.00,-31.61,-272.40,1212,Wayne Class,208.83,8.70days
29/12/2025 10:12:13,sell,0.05,EURNZD,2.02704,02/01/2026 10:16:22,2.03351,-0.30,-0.29,-64.70,-19.25,8.34,29.90,-47.71,-164.70,1212,Wayne Class,96.07,4.00days
29/12/2025 10:04:31,sell,0.03,EURNZD,2.02503,02/01/2026 10:16:22,2.03351,-0.18,-0.17,-84.80,-15.03,1.50,9.80,-32.09,-184.80,1212,Wayne Class,96.20,4.01days
31/12/2025 08:42:42,sell,0.17,EURNZD,2.03521,02/01/2026 10:16:21,2.03351,-1.02,-0.64,17.00,15.02,15.02,17.00,-82.09,-83.00,1212,Wayne Class,49.56,2.07days
31/12/2025 04:23:44,sell,0.11,EURNZD,2.03270,02/01/2026 10:16:21,2.03351,-0.66,-0.41,-8.10,-6.21,14.23,23.40,-68.98,-108.10,1212,Wayne Class,53.88,2.24days
29/12/2025 11:39:19,sell,0.08,EURNZD,2.02905,02/01/2026 10:16:21,2.03351,-0.48,-0.47,-44.60,-21.53,22.70,50.00,-67.10,-144.60,1212,Wayne Class,94.62,3.94days
31/12/2025 17:35:03,sell,0.38,EURNZD,2.04151,02/01/2026 10:16:20,2.03351,-2.28,-1.43,80.00,171.69,171.69,80.00,-45.95,-20.00,1212,Wayne Class,40.69,1.70days
31/12/2025 15:08:36,sell,0.26,EURNZD,2.03851,02/01/2026 10:16:20,2.03351,-1.56,-0.97,50.00,72.48,72.48,50.00,-76.25,-50.00,1212,Wayne Class,43.13,1.80days
24/12/2025 08:00:00,buy,0.02,EURUSD,1.17990,02/01/2026 10:16:20,1.17318,-0.12,-2.07,-67.20,-15.63,0.68,4.00,-16.76,-77.70,1212,VM-E3-Wayne Class-Buy,218.27,9.09days
31/12/2025 10:27:21,buy,0.05,EURUSD,1.17296,02/01/2026 10:16:19,1.17315,-0.30,-2.43,1.90,-1.78,14.82,35.10,-4.45,-8.30,1212,VM-E3-Wayne Class-Buy,47.82,1.99days
30/12/2025 17:42:52,buy,0.03,EURUSD,1.17467,02/01/2026 10:16:19,1.17315,-0.18,-1.81,-15.20,-6.55,5.40,18.60,-8.16,-25.40,1212,VM-E3-Wayne Class-Buy,64.56,2.69days
30/12/2025 18:07:47,buy,0.07,GBPCAD,1.84272,31/12/2025 23:31:39,1.84907,-0.42,0.17,63.50,32.14,36.42,71.90,-19.02,-36.80,1212,VM-E3-Wayne Class-Buy,29.40,1.22days
24/12/2025 16:31:43,buy,0.03,GBPCAD,1.84593,31/12/2025 23:31:39,1.84907,-0.18,0.49,31.40,7.17,11.42,51.00,-14.75,-68.90,1212,VM-E3-Wayne Class-Buy,175.00,7.29days
31/12/2025 10:50:31,buy,0.10,GBPCAD,1.84114,31/12/2025 23:31:38,1.84907,-0.60,0.00,79.30,57.19,63.29,87.70,-15.90,-21.00,1212,VM-E3-Wayne Class-Buy,12.69,12.69hrs
26/12/2025 09:02:00,buy,0.05,GBPCAD,1.84421,31/12/2025 23:31:37,1.84907,-0.30,0.36,48.60,17.77,24.86,68.20,-18.78,-51.70,1212,VM-E3-Wayne Class-Buy,134.49,5.60days
22/12/2025 19:00:01,buy,0.03,GBPCAD,1.84965,31/12/2025 23:31:36,1.84907,-0.18,0.63,-5.80,-0.82,9.87,45.70,-22.75,-106.10,1212,VM-E3-Wayne Class-Buy,220.53,9.19days
23/12/2025 06:00:00,sell,0.02,USDCAD,1.37341,26/12/2025 16:43:20,1.36521,-0.12,-0.56,82.00,11.33,12.31,88.60,-1.26,-7.80,1212,VM-E3-Wayne Class-Sell,82.72,3.45days
18/12/2025 15:30:03,buy,0.02,EURNZD,2.02983,19/12/2025 15:32:30,2.03967,-0.12,-0.07,98.40,11.11,12.64,111.80,-2.12,-16.70,1212,Wayne Class,24.04,1.00days
16/12/2025 17:30:00,buy,0.02,EURNZD,2.03508,19/12/2025 15:32:28,2.03965,-0.12,-0.34,45.70,4.79,6.35,59.30,-8.93,-75.70,1212,Wayne Class,70.04,2.92days
17/12/2025 13:19:14,sell,0.03,USDCAD,1.37904,17/12/2025 16:25:09,1.37779,-0.18,0.00,12.50,2.54,3.61,17.40,-1.25,-4.90,1212,VM-E3-Wayne Class-Sell,3.10,3.10hrs
15/12/2025 18:25:23,sell,0.02,USDCAD,1.37645,17/12/2025 16:25:06,1.37779,-0.12,-0.26,-13.40,-2.33,4.40,31.90,-4.85,-30.80,1212,VM-E3-Wayne Class-Sell,46.00,1.92days
15/12/2025 19:00:17,buy,0.02,EURNZD,2.02905,16/12/2025 03:34:50,2.03647,-0.12,-0.07,74.20,8.38,9.57,84.60,-0.50,-3.30,1212,Wayne Class,8.58,8.58hrs
12/12/2025 17:28:25,sell,0.02,USDCAD,1.37790,15/12/2025 12:25:22,1.37710,-0.12,-0.13,8.00,0.91,2.76,20.70,-2.06,-13.40,1212,VM-E3-Wayne Class-Sell,66.95,2.79days
11/12/2025 17:51:13,sell,0.07,EURAUD,1.76386,12/12/2025 03:01:16,1.76046,-0.42,0.29,34.00,15.74,17.01,36.70,-1.63,-2.60,1212,VM-E3-Wayne Class-Sell,9.17,9.17hrs
11/12/2025 05:14:20,sell,0.03,EURAUD,1.76066,12/12/2025 03:01:14,1.76046,-0.18,0.12,2.00,0.34,3.36,17.70,-7.09,-34.60,1212,VM-E3-Wayne Class-Sell,21.78,21.78hrs
11/12/2025 06:01:50,sell,0.05,EURAUD,1.76222,12/12/2025 03:01:12,1.76044,-0.30,0.21,17.80,5.84,10.79,33.30,-6.63,-19.00,1212,VM-E3-Wayne Class-Sell,20.99,20.99hrs
09/12/2025 17:00:00,sell,0.02,EURAUD,1.75080,12/12/2025 03:01:07,1.76057,-0.12,0.41,-97.70,-12.74,2.93,22.90,-17.53,-133.20,1212,VM-E3-Wayne Class-Sell,58.02,2.42days
10/12/2025 00:32:55,sell,0.02,USDCAD,1.38445,11/12/2025 18:18:42,1.37716,-0.12,-0.39,72.90,10.08,11.92,85.50,-3.02,-20.10,1212,VM-E3-Wayne Class-Sell,41.76,1.74days
05/12/2025 18:12:20,buy,0.03,EURUSD,1.16337,10/12/2025 21:36:27,1.16640,-0.18,-0.72,30.30,8.19,11.46,41.20,-5.67,-16.70,1212,VM-E3-Wayne Class-Buy,123.40,5.14days
08/12/2025 17:41:20,buy,0.05,EURUSD,1.16191,10/12/2025 21:36:18,1.16623,-0.30,-0.80,43.20,20.50,26.80,55.80,-1.75,-2.10,1212,VM-E3-Wayne Class-Buy,51.92,2.16days
04/12/2025 16:30:10,buy,0.02,EURUSD,1.16743,10/12/2025 21:36:12,1.16601,-0.12,-0.64,-14.20,-3.60,0.00,0.60,-12.06,-57.30,1212,VM-E3-Wayne Class-Buy,149.10,6.21days
04/12/2025 01:00:15,sell,0.02,USDCAD,1.39504,05/12/2025 16:24:03,1.38917,-0.12,-0.17,58.70,8.16,9.41,67.30,-3.80,-25.70,1212,VM-E3-Wayne Class-Sell,39.40,1.64days
04/12/2025 15:30:02,sell,0.02,EURAUD,1.76488,05/12/2025 13:40:47,1.75692,-0.12,0.06,79.60,10.49,12.34,93.40,-1.15,-7.80,1212,VM-E3-Wayne Class-Sell,22.18,22.18hrs
02/12/2025 18:59:18,buy,0.03,EURUSD,1.15929,03/12/2025 09:37:45,1.16418,-0.18,-0.24,48.90,14.25,17.40,59.40,0.00,0.00,1212,VM-E3-Wayne Class-Buy,14.64,14.64hrs
02/12/2025 06:00:07,buy,0.02,EURUSD,1.16123,03/12/2025 09:37:43,1.16420,-0.12,-0.16,29.70,5.66,7.72,40.00,-3.28,-15.80,1212,VM-E3-Wayne Class-Buy,27.63,1.15days
02/12/2025 12:48:04,sell,0.03,EURNZD,2.03077,02/12/2025 16:28:22,2.02676,-0.18,0.00,40.10,6.72,8.45,50.20,-1.50,-7.70,1212,Wayne Class,3.67,3.67hrs
01/12/2025 04:00:00,sell,0.02,EURNZD,2.02234,02/12/2025 16:28:21,2.02677,-0.12,-0.03,-44.30,-5.23,0.56,5.90,-10.66,-92.00,1212,Wayne Class,36.47,1.52days
27/11/2025 08:00:01,sell,0.02,EURAUD,1.77591,01/12/2025 12:14:13,1.77474,-0.12,0.12,11.70,1.54,8.83,67.80,-1.56,-11.00,1212,VM-E3-Wayne Class-Sell,100.24,4.18days
28/11/2025 12:57:05,buy,0.05,EURUSD,1.15571,01/12/2025 03:47:28,1.16060,-0.30,-0.40,48.90,23.75,28.30,58.00,-0.30,0.00,1212,VM-E3-Wayne Class-Buy,62.84,2.62days
28/11/2025 10:31:48,buy,0.03,EURUSD,1.15713,01/12/2025 03:47:28,1.16058,-0.18,-0.24,34.50,9.93,12.72,43.80,-4.80,-15.40,1212,VM-E3-Wayne Class-Buy,65.26,2.72days
27/11/2025 00:57:30,buy,0.02,EURUSD,1.15974,01/12/2025 03:47:27,1.16059,-0.12,-0.32,8.50,1.26,3.10,17.70,-8.58,-41.50,1212,VM-E3-Wayne Class-Buy,98.83,4.12days
24/11/2025 15:00:02,sell,0.02,AUDUSD,0.64553,26/11/2025 10:38:06,0.64932,-0.12,0.00,-37.90,-7.70,3.40,17.60,-11.36,-56.20,1212,VM-E3-Wayne Class-Sell,43.63,1.82days
21/11/2025 10:00:13,buy,0.02,EURNZD,2.06171,26/11/2025 10:38:05,2.04117,-0.12,-0.32,-205.40,-23.74,6.36,59.70,-31.50,-272.70,1212,Wayne Class,120.63,5.03days
20/11/2025 20:00:04,sell,0.02,EURUSD,1.15288,26/11/2025 10:38:05,1.15750,-0.12,0.32,-46.20,-9.04,7.42,37.30,-13.16,-66.80,1212,VM-E3-Wayne Class-Sell,134.63,5.61days
25/11/2025 15:16:28,sell,0.05,EURUSD,1.15614,26/11/2025 10:38:04,1.15750,-0.30,0.19,-13.60,-6.91,7.00,14.60,-17.21,-34.20,1212,VM-E3-Wayne Class-Sell,19.36,19.36hrs
24/11/2025 13:48:15,sell,0.03,EURUSD,1.15445,26/11/2025 10:38:04,1.15750,-0.18,0.24,-30.50,-9.09,9.72,32.60,-15.27,-51.10,1212,VM-E3-Wayne Class-Sell,44.83,1.87days
26/11/2025 02:31:09,sell,0.03,AUDUSD,0.64893,26/11/2025 10:38:03,0.64930,-0.18,0.00,-3.70,-1.29,3.18,11.20,-6.84,-22.20,1212,VM-E3-Wayne Class-Sell,8.12,8.12hrs
25/11/2025 17:21:39,sell,0.07,EURUSD,1.15767,26/11/2025 10:38:03,1.15750,-0.42,0.27,1.70,1.04,16.45,24.10,-13.38,-18.90,1212,VM-E3-Wayne Class-Sell,17.27,17.27hrs
26/11/2025 03:00:34,buy,0.05,EURNZD,2.04916,26/11/2025 10:38:02,2.04121,-0.30,0.00,-79.50,-22.84,0.00,0.00,-42.21,-147.20,1212,Wayne Class,7.62,7.62hrs
26/11/2025 03:00:16,buy,0.03,EURNZD,2.05444,26/11/2025 10:38:02,2.04123,-0.18,0.00,-132.10,-22.65,0.00,0.00,-34.34,-200.00,1212,Wayne Class,7.63,7.63hrs
26/11/2025 03:03:30,buy,0.10,EURNZD,2.04430,26/11/2025 10:38:01,2.04120,-0.60,0.00,-31.00,-18.18,16.35,30.00,-56.74,-98.60,1212,Wayne Class,7.58,7.58hrs
26/11/2025 03:00:50,buy,0.07,EURNZD,2.04629,26/11/2025 10:38:01,2.04120,-0.42,0.00,-50.90,-20.62,3.58,10.10,-47.65,-118.50,1212,Wayne Class,7.62,7.62hrs
26/11/2025 04:08:12,buy,0.34,EURNZD,2.03675,26/11/2025 10:38:00,2.04133,-2.04,0.00,45.80,86.25,86.25,45.80,-46.76,-23.10,1212,Wayne Class,6.50,6.50hrs
26/11/2025 03:12:08,buy,0.23,EURNZD,2.04009,26/11/2025 10:38:00,2.04121,-1.38,0.00,11.20,13.23,35.12,28.00,-75.37,-56.50,1212,Wayne Class,7.43,7.43hrs
26/11/2025 03:09:23,buy,0.15,EURNZD,2.04264,26/11/2025 10:38:00,2.04119,-0.90,0.00,-14.50,-13.24,1.23,2.50,-70.94,-82.00,1212,Wayne Class,7.48,7.48hrs
26/11/2025 05:31:11,sell,0.05,AUDUSD,0.65041,26/11/2025 10:37:59,0.64925,-0.30,0.00,11.60,5.50,5.50,11.60,-4.00,-7.40,1212,VM-E3-Wayne Class-Sell,5.11,5.11hrs
26/11/2025 05:07:11,buy,0.51,EURNZD,2.03412,26/11/2025 10:37:59,2.04133,-3.06,0.00,72.10,205.43,205.43,72.10,0.00,0.00,1212,Wayne Class,5.51,5.51hrs
21/11/2025 06:21:33,buy,0.02,USDCAD,1.40892,25/11/2025 21:56:44,1.40939,-0.12,0.09,4.70,0.64,5.65,40.80,-1.01,-6.30,1212,VM-E3-Wayne Class-Buy,111.59,4.65days
18/11/2025 07:00:00,sell,0.02,AUDUSD,0.64802,21/11/2025 12:40:32,0.64337,-0.12,0.01,46.50,9.19,10.93,55.20,-7.72,-38.00,1212,VM-E3-Wayne Class-Sell,77.68,3.24days
27/10/2025 00:52:36,sell,0.07,AUDCAD,0.91518,19/11/2025 07:56:56,0.90812,-0.42,-6.78,70.60,28.11,34.20,82.80,-32.86,-63.50,1212,Wayne Class,559.07,23.29days
23/10/2025 11:05:21,sell,0.03,AUDCAD,0.91083,19/11/2025 07:56:55,0.90812,-0.18,-3.14,27.10,2.49,5.10,39.30,-23.68,-107.00,1212,Wayne Class,644.86,26.87days
31/10/2025 16:59:39,sell,0.10,AUDCAD,0.91813,19/11/2025 07:56:54,0.90812,-0.60,-7.36,100.10,63.57,72.25,112.30,-23.26,-26.10,1212,Wayne Class,446.95,18.62days
24/10/2025 15:30:17,sell,0.05,AUDCAD,0.91369,19/11/2025 07:56:53,0.90812,-0.30,-5.00,55.70,14.60,18.95,67.90,-29.00,-78.40,1212,Wayne Class,616.44,25.69days
23/10/2025 01:30:00,sell,0.02,AUDCAD,0.90789,19/11/2025 07:56:51,0.90812,-0.12,-2.13,-2.30,-2.58,0.92,9.90,-20.02,-136.40,1212,Wayne Class,654.45,27.27days
11/11/2025 02:36:03,buy,0.02,CADJPY,110.00000,13/11/2025 16:35:16,110.38500,-0.12,0.11,38.50,4.97,8.07,62.60,-3.81,-28.40,1212,VM-E3-Wayne Class-Buy,61.99,2.58days
10/11/2025 03:30:00,buy,0.02,EURUSD,1.15585,13/11/2025 11:33:28,1.16247,-0.12,-0.79,66.20,12.33,14.23,75.70,-3.22,-15.50,1212,VM-E3-Wayne Class-Buy,80.06,3.34days
06/11/2025 15:37:11,sell,0.07,GBPUSD,1.31122,12/11/2025 16:33:00,1.30939,-0.42,-0.20,18.30,12.19,19.53,28.50,-54.26,-76.80,1212,VM-E3-Wayne Class-Sell,144.93,6.04days
07/11/2025 17:07:13,sell,0.15,GBPUSD,1.31666,12/11/2025 16:32:59,1.30938,-0.90,-0.32,72.80,107.98,118.48,79.80,-34.58,-22.40,1212,VM-E3-Wayne Class-Sell,119.43,4.98days
06/11/2025 10:56:26,sell,0.03,GBPUSD,1.30818,12/11/2025 16:32:58,1.30942,-0.18,-0.08,-12.40,-3.98,5.76,19.80,-32.38,-107.20,1212,VM-E3-Wayne Class-Sell,149.61,6.23days
06/11/2025 20:07:25,sell,0.10,GBPUSD,1.31286,12/11/2025 16:32:57,1.30941,-0.60,-0.26,34.50,33.64,40.94,41.80,-61.10,-60.40,1212,VM-E3-Wayne Class-Sell,140.43,5.85days
06/11/2025 14:52:29,sell,0.05,GBPUSD,1.30969,12/11/2025 16:32:56,1.30942,-0.30,-0.14,2.70,0.91,6.30,13.20,-46.41,-92.10,1212,VM-E3-Wayne Class-Sell,145.67,6.07days
05/11/2025 16:57:18,sell,0.02,GBPUSD,1.30353,12/11/2025 16:32:54,1.30949,-0.12,-0.09,-59.60,-12.13,3.76,19.40,-30.91,-153.70,1212,VM-E3-Wayne Class-Sell,167.59,6.98days
06/11/2025 14:00:00,sell,0.02,CADJPY,109.00600,06/11/2025 19:46:20,108.35900,-0.12,0.00,64.70,8.34,10.36,80.20,-0.98,-6.60,1212,VM-E3-Wayne Class-Sell,5.77,5.77hrs
03/11/2025 21:30:02,sell,0.02,EURUSD,1.15191,05/11/2025 16:15:57,1.14793,-0.12,0.16,39.80,8.00,9.22,45.90,-2.76,-13.60,1212,VM-E3-Wayne Class-Sell,42.77,1.78days
03/11/2025 16:52:02,buy,0.03,CADJPY,109.57900,03/11/2025 23:50:02,109.68100,-0.18,0.00,10.20,1.80,3.36,18.20,-3.06,-14.80,1212,VM-E3-Wayne Class-Buy,6.97,6.97hrs
03/11/2025 17:30:33,buy,0.05,CADJPY,109.42800,03/11/2025 23:50:01,109.68200,-0.30,0.00,25.40,7.94,10.49,33.30,-0.20,0.00,1212,VM-E3-Wayne Class-Buy,6.32,6.32hrs
31/10/2025 07:00:01,buy,0.02,CADJPY,110.13200,03/11/2025 23:50:00,109.68100,-0.12,0.03,-45.10,-5.94,1.86,15.30,-9.19,-70.10,1212,VM-E3-Wayne Class-Buy,88.83,3.70days
31/10/2025 00:01:06,sell,0.02,EURUSD,1.15651,03/11/2025 11:34:38,1.15200,-0.12,0.09,45.10,8.99,10.81,54.20,-2.62,-12.50,1212,VM-E3-Wayne Class-Sell,83.56,3.48days
30/10/2025 02:00:00,buy,0.02,CADJPY,109.52500,30/10/2025 12:33:59,110.19500,-0.12,0.00,67.00,8.60,10.30,80.20,-4.00,-29.50,1212,VM-E3-Wayne Class-Buy,10.57,10.57hrs
24/10/2025 15:30:26,sell,0.03,EURUSD,1.16390,29/10/2025 21:43:32,1.15951,-0.18,0.39,43.90,13.38,15.78,51.90,-8.62,-29.00,1212,VM-E3-Wayne Class-Sell,126.22,5.26days
28/10/2025 04:10:41,sell,0.05,EURUSD,1.16605,29/10/2025 21:43:31,1.15953,-0.30,0.22,65.20,32.52,36.62,73.40,-4.05,-7.50,1212,VM-E3-Wayne Class-Sell,41.55,1.73days
22/10/2025 22:30:01,sell,0.02,EURUSD,1.16076,29/10/2025 21:43:30,1.15946,-0.12,0.63,13.00,3.11,4.61,20.60,-11.66,-60.40,1212,VM-E3-Wayne Class-Sell,167.22,6.97days
24/10/2025 20:03:10,buy,0.02,CADJPY,109.12800,27/10/2025 21:43:29,109.28700,-0.12,0.04,15.90,2.00,5.41,42.10,-0.92,-6.10,1212,VM-E3-Wayne Class-Buy,73.67,3.07days
22/10/2025 01:30:03,buy,0.02,CADJPY,108.34100,23/10/2025 10:27:32,108.94900,-0.12,0.11,60.80,7.97,9.95,76.00,-2.52,-18.20,1212,VM-E3-Wayne Class-Buy,32.96,1.37days
22/10/2025 07:20:43,sell,0.02,GBPCAD,1.87280,22/10/2025 09:46:53,1.86685,-0.12,0.00,59.50,8.39,10.24,72.50,-1.99,-13.10,1212,VM-E3-Wayne Class-Sell,2.44,2.44hrs
17/10/2025 16:00:03,sell,0.02,AUDCAD,0.90896,21/10/2025 05:53:54,0.91427,-0.12,-0.15,-53.10,-7.83,0.21,2.30,-9.69,-66.10,1212,Wayne Class,85.90,3.58days
15/10/2025 04:21:44,sell,0.05,EURUSD,1.16218,21/10/2025 05:53:53,1.16348,-0.30,1.28,-13.00,-5.52,3.80,8.20,-51.70,-104.50,1212,VM-E3-Wayne Class-Sell,145.54,6.06days
14/10/2025 18:59:21,sell,0.03,EURUSD,1.16069,21/10/2025 05:53:53,1.16348,-0.18,0.91,-27.90,-7.64,1.74,6.40,-35.35,-119.40,1212,VM-E3-Wayne Class-Sell,154.91,6.45days
13/10/2025 21:00:00,sell,0.02,EURUSD,1.15732,21/10/2025 05:53:53,1.16348,-0.12,0.71,-61.60,-11.73,5.27,26.50,-30.21,-153.10,1212,VM-E3-Wayne Class-Sell,176.90,7.37days
17/10/2025 03:52:19,sell,0.15,EURUSD,1.17088,21/10/2025 05:53:52,1.16348,-0.90,1.30,74.00,111.40,113.35,75.10,-27.15,-17.50,1212,VM-E3-Wayne Class-Sell,98.03,4.08days
16/10/2025 03:34:14,sell,0.10,EURUSD,1.16612,21/10/2025 05:53:52,1.16348,-0.60,1.30,26.40,27.10,28.40,27.50,-65.27,-65.10,1212,VM-E3-Wayne Class-Sell,122.33,5.10days
15/10/2025 09:53:39,sell,0.07,EURUSD,1.16366,21/10/2025 05:53:52,1.16348,-0.42,1.81,1.80,2.65,15.68,23.00,-62.01,-89.70,1212,VM-E3-Wayne Class-Sell,140.00,5.83days
17/10/2025 17:58:47,buy,0.03,GBPUSD,1.33913,21/10/2025 05:53:51,1.33923,-0.18,-0.12,0.00,0.00,15.21,51.50,-0.24,0.00,1212,VM-E3-Wayne Class-Buy,83.92,3.50days
16/10/2025 12:00:00,buy,0.02,GBPUSD,1.34383,21/10/2025 05:53:51,1.33923,-0.12,-0.12,-46.00,-9.44,6.20,31.80,-9.60,-46.80,1212,VM-E3-Wayne Class-Buy,113.90,4.75days
21/10/2025 03:42:15,sell,0.05,AUDCAD,0.91510,21/10/2025 05:53:50,0.91432,-0.30,0.00,7.80,2.47,2.51,7.90,-1.97,-4.70,1212,Wayne Class,2.19,2.19hrs
20/10/2025 17:28:01,sell,0.03,AUDCAD,0.91358,21/10/2025 05:53:50,0.91431,-0.18,-0.11,-7.30,-1.84,0.01,0.90,-4.55,-19.90,1212,Wayne Class,12.43,12.43hrs
15/10/2025 05:16:09,sell,0.03,AUDCAD,0.91377,17/10/2025 10:26:10,0.90749,-0.18,-0.45,62.80,12.77,13.88,68.00,-4.18,-18.70,1212,Wayne Class,53.17,2.22days
13/10/2025 14:30:00,sell,0.02,AUDCAD,0.91206,17/10/2025 10:26:09,0.90752,-0.12,-0.43,45.40,5.91,7.67,55.30,-5.36,-35.80,1212,Wayne Class,91.94,3.83days
15/10/2025 04:57:12,sell,0.02,CADJPY,107.83200,16/10/2025 20:18:21,107.14400,-0.12,-0.32,68.80,8.71,11.14,87.00,-2.39,-17.20,1212,VM-E3-Wayne Class-Sell,39.35,1.64days
10/10/2025 21:00:03,buy,0.02,USDCAD,1.40054,14/10/2025 14:25:11,1.40657,-0.12,0.09,60.30,8.54,10.19,71.90,-3.20,-21.80,1212,VM-E3-Wayne Class-Buy,89.42,3.73days
14/10/2025 07:19:53,sell,0.03,GBPUSD,1.33503,14/10/2025 10:09:35,1.32799,-0.18,0.00,70.40,20.94,22.65,76.10,-0.75,-1.90,1212,VM-E3-Wayne Class-Sell,2.83,2.83hrs
13/10/2025 18:36:10,sell,0.02,GBPUSD,1.33343,14/10/2025 10:09:34,1.32794,-0.12,0.00,54.90,10.86,11.90,60.10,-3.70,-17.90,1212,VM-E3-Wayne Class-Sell,15.56,15.56hrs
09/10/2025 11:01:54,sell,0.02,EURAUD,1.76421,10/10/2025 18:09:28,1.77950,-0.12,0.06,-152.90,-20.02,8.79,67.40,-20.02,-152.90,1212,VM-E3-Wayne Class-Sell,31.13,1.30days
03/10/2025 12:57:19,buy,0.02,GBPCAD,1.87838,10/10/2025 18:09:28,1.86941,-0.12,0.21,-89.70,-12.73,4.64,33.20,-31.66,-222.10,1212,VM-E3-Wayne Class-Buy,173.20,7.22days
09/10/2025 09:27:37,buy,0.05,GBPCAD,1.86626,10/10/2025 18:09:27,1.86915,-0.30,0.07,28.90,10.10,10.10,28.90,-36.29,-100.90,1212,VM-E3-Wayne Class-Buy,32.70,1.36days
08/10/2025 06:09:34,buy,0.03,GBPCAD,1.87009,10/10/2025 18:09:27,1.86941,-0.18,0.17,-6.80,-1.47,8.70,41.30,-29.86,-139.20,1212,VM-E3-Wayne Class-Buy,60.00,2.50days
10/10/2025 13:50:56,buy,0.15,GBPCAD,1.86117,10/10/2025 18:09:26,1.86911,-0.90,0.00,79.40,84.21,84.21,79.40,-54.51,-50.00,1212,VM-E3-Wayne Class-Buy,4.31,4.31hrs
09/10/2025 10:54:55,buy,0.10,GBPCAD,1.86324,10/10/2025 18:09:26,1.86915,-0.60,0.14,59.10,41.77,41.77,59.10,-51.00,-70.70,1212,VM-E3-Wayne Class-Buy,31.24,1.30days
09/10/2025 10:06:34,buy,0.07,GBPCAD,1.86475,10/10/2025 18:09:26,1.86914,-0.42,0.10,43.90,21.64,21.64,43.90,-43.25,-85.80,1212,VM-E3-Wayne Class-Buy,32.05,1.34days
10/10/2025 17:58:04,sell,0.03,EURAUD,1.76952,10/10/2025 18:09:25,1.77944,-0.18,0.00,-99.20,-19.60,0.00,0.00,-19.60,-99.20,1212,VM-E3-Wayne Class-Sell,0.19,0.19hrs
10/10/2025 15:30:26,buy,0.23,GBPCAD,1.85855,10/10/2025 18:09:25,1.86901,-1.38,0.00,104.60,170.52,170.52,104.60,-40.51,-23.80,1212,VM-E3-Wayne Class-Buy,2.65,2.65hrs
10/10/2025 18:02:38,sell,0.10,EURAUD,1.77455,10/10/2025 18:09:24,1.77939,-0.60,0.00,-48.40,-32.20,0.00,0.00,-32.20,-48.40,1212,VM-E3-Wayne Class-Sell,0.11,0.11hrs
10/10/2025 18:00:47,sell,0.07,EURAUD,1.77294,10/10/2025 18:09:24,1.77942,-0.42,0.00,-64.80,-30.03,0.00,0.00,-30.03,-64.80,1212,VM-E3-Wayne Class-Sell,0.14,0.14hrs
10/10/2025 18:00:03,sell,0.05,EURAUD,1.77135,10/10/2025 18:09:24,1.77937,-0.30,0.00,-80.20,-26.48,0.00,0.00,-26.48,-80.20,1212,VM-E3-Wayne Class-Sell,0.16,0.16hrs
10/10/2025 18:08:10,sell,0.23,EURAUD,1.77863,10/10/2025 18:09:23,1.77936,-1.38,0.00,-7.30,-12.34,0.00,0.00,-12.34,-7.30,1212,VM-E3-Wayne Class-Sell,0.02,0.02hrs
10/10/2025 18:03:11,sell,0.15,EURAUD,1.77602,10/10/2025 18:09:23,1.77936,-0.90,0.00,-33.40,-33.61,0.00,0.00,-33.61,-33.40,1212,VM-E3-Wayne Class-Sell,0.10,0.10hrs
08/10/2025 09:00:00,buy,0.02,CADJPY,109.11500,09/10/2025 16:06:57,109.54000,-0.12,0.09,42.50,5.54,8.08,62.10,-1.32,-9.10,1212,VM-E3-Wayne Class-Buy,31.12,1.30days
08/10/2025 12:57:10,sell,0.02,GBPUSD,1.34040,09/10/2025 11:19:34,1.33577,-0.12,0.00,46.30,9.14,11.24,56.80,-6.80,-33.40,1212,VM-E3-Wayne Class-Sell,22.37,22.37hrs
08/10/2025 08:30:01,sell,0.02,EURAUD,1.77035,09/10/2025 09:19:15,1.76345,-0.12,0.17,69.00,9.15,11.01,82.90,-1.64,-11.60,1212,VM-E3-Wayne Class-Sell,24.82,1.03days
25/09/2025 23:30:02,buy,0.02,CADJPY,107.48800,03/10/2025 08:59:39,105.83200,-0.12,0.27,-165.60,-22.26,0.19,2.10,-30.98,-228.00,1212,VM-E3-Wayne Class-Buy,177.49,7.40days
30/09/2025 09:33:46,buy,0.07,CADJPY,106.48600,03/10/2025 08:59:38,105.83100,-0.42,0.59,-65.50,-30.85,1.05,3.10,-60.96,-127.80,1212,VM-E3-Wayne Class-Buy,71.43,2.98days
29/09/2025 09:10:52,buy,0.05,CADJPY,106.81700,03/10/2025 08:59:38,105.83100,-0.30,0.54,-98.60,-33.12,2.77,8.80,-54.71,-160.90,1212,VM-E3-Wayne Class-Buy,95.81,3.99days
29/09/2025 04:20:14,buy,0.03,CADJPY,107.08700,03/10/2025 08:59:38,105.83200,-0.18,0.33,-125.50,-25.32,0.00,0.00,-38.35,-187.90,1212,VM-E3-Wayne Class-Buy,100.66,4.19days
30/09/2025 17:59:11,buy,0.15,CADJPY,106.15900,03/10/2025 08:59:37,105.83100,-0.90,1.28,-32.80,-32.91,26.05,26.30,-97.16,-95.10,1212,VM-E3-Wayne Class-Buy,63.01,2.63days
30/09/2025 10:44:50,buy,0.10,CADJPY,106.33100,03/10/2025 08:59:37,105.83100,-0.60,0.86,-50.00,-33.57,5.76,9.10,-76.49,-112.30,1212,VM-E3-Wayne Class-Buy,70.25,2.93days
02/10/2025 12:37:47,buy,0.51,CADJPY,105.22400,03/10/2025 08:59:36,105.83000,-3.06,0.81,60.60,206.85,207.53,60.80,-8.63,-1.60,1212,VM-E3-Wayne Class-Buy,20.36,20.36hrs
01/10/2025 10:49:52,buy,0.34,CADJPY,105.65700,03/10/2025 08:59:36,105.83000,-2.04,2.16,17.30,39.91,40.37,17.50,-104.54,-44.90,1212,VM-E3-Wayne Class-Buy,46.16,1.92days
01/10/2025 09:14:26,buy,0.23,CADJPY,105.90800,03/10/2025 08:59:36,105.83100,-1.38,1.45,-7.70,-11.92,0.00,0.00,-110.10,-70.00,1212,VM-E3-Wayne Class-Buy,47.75,1.99days
02/10/2025 14:07:33,sell,0.03,EURAUD,1.77820,03/10/2025 08:59:35,1.77801,-0.18,0.09,1.90,0.29,5.18,26.60,-2.78,-13.10,1212,VM-E3-Wayne Class-Sell,18.87,18.87hrs
01/10/2025 22:00:00,sell,0.02,EURAUD,1.77337,03/10/2025 08:59:35,1.77801,-0.12,0.24,-46.40,-5.99,1.12,8.00,-8.05,-61.40,1212,VM-E3-Wayne Class-Sell,34.99,1.46days
26/09/2025 17:50:07,sell,0.05,GBPCAD,1.86850,03/10/2025 08:59:34,1.87594,-0.30,-3.76,-74.40,-30.70,4.26,12.70,-56.42,-151.90,1212,VM-E3-Wayne Class-Sell,159.16,6.63days
26/09/2025 17:13:28,sell,0.03,GBPCAD,1.86692,03/10/2025 08:59:34,1.87594,-0.18,-2.28,-90.20,-21.84,0.29,2.20,-37.27,-167.70,1212,VM-E3-Wayne Class-Sell,159.77,6.66days
26/09/2025 15:00:08,sell,0.02,GBPCAD,1.86202,03/10/2025 08:59:34,1.87593,-0.12,-1.51,-139.10,-21.55,0.00,0.00,-31.88,-216.70,1212,VM-E3-Wayne Class-Sell,161.99,6.75days
29/09/2025 15:48:57,sell,0.10,GBPCAD,1.87461,03/10/2025 08:59:33,1.87594,-0.60,-6.53,-13.30,-16.65,47.93,67.50,-67.98,-90.80,1212,VM-E3-Wayne Class-Sell,89.18,3.72days
29/09/2025 14:59:36,sell,0.07,GBPCAD,1.87307,03/10/2025 08:59:33,1.87594,-0.42,-4.57,-28.70,-19.37,25.80,52.10,-55.32,-106.20,1212,VM-E3-Wayne Class-Sell,90.00,3.75days
01/10/2025 15:15:48,sell,0.23,GBPCAD,1.87898,03/10/2025 08:59:32,1.87594,-1.38,-10.01,30.40,38.67,87.14,58.30,-79.16,-47.10,1212,VM-E3-Wayne Class-Sell,41.73,1.74days
01/10/2025 12:35:06,sell,0.15,GBPCAD,1.87616,03/10/2025 08:59:32,1.87594,-0.90,-6.53,2.20,-5.07,26.54,30.10,-82.00,-75.30,1212,VM-E3-Wayne Class-Sell,44.41,1.85days
02/10/2025 16:41:24,buy,0.03,GBPUSD,1.34412,03/10/2025 08:59:31,1.34318,-0.18,-0.05,-9.40,-3.05,2.70,9.60,-11.91,-39.10,1212,VM-E3-Wayne Class-Buy,16.30,16.30hrs
02/10/2025 01:15:00,buy,0.02,GBPUSD,1.34834,03/10/2025 08:59:31,1.34319,-0.12,-0.04,-51.50,-10.46,4.76,24.40,-16.38,-81.30,1212,VM-E3-Wayne Class-Buy,31.74,1.32days
01/10/2025 15:22:19,sell,0.34,GBPCAD,1.88156,03/10/2025 08:59:31,1.87594,-2.04,-14.79,56.20,119.98,191.65,84.10,-54.04,-21.30,1212,VM-E3-Wayne Class-Sell,41.62,1.73days
02/10/2025 18:37:15,buy,0.07,GBPUSD,1.34063,03/10/2025 08:59:30,1.34317,-0.42,-0.13,25.40,17.23,30.73,44.50,-3.36,-4.20,1212,VM-E3-Wayne Class-Buy,14.37,14.37hrs
02/10/2025 17:02:53,buy,0.05,GBPUSD,1.34255,03/10/2025 08:59:30,1.34318,-0.30,-0.09,6.30,2.76,12.35,25.30,-12.00,-23.40,1212,VM-E3-Wayne Class-Buy,15.94,15.94hrs
29/09/2025 01:30:00,buy,0.02,USDCAD,1.39429,03/10/2025 08:59:30,1.39669,-0.12,0.25,24.00,3.57,6.18,42.60,-6.40,-43.90,1212,VM-E3-Wayne Class-Buy,103.49,4.31days
30/09/2025 13:30:04,buy,0.02,AUDCAD,0.91969,03/10/2025 02:22:47,0.92037,-0.12,0.06,6.80,0.92,4.71,33.30,-2.77,-18.50,1212,Wayne Class,60.88,2.54days
24/09/2025 22:00:03,sell,0.02,GBPUSD,1.34486,25/09/2025 16:06:09,1.33852,-0.12,0.00,63.40,12.56,14.60,73.60,-3.38,-16.30,1212,VM-E3-Wayne Class-Sell,18.10,18.10hrs
22/09/2025 02:30:04,sell,0.02,EURUSD,1.17389,24/09/2025 13:28:33,1.17593,-0.12,0.18,-20.40,-4.02,2.32,12.20,-15.93,-79.50,1212,VM-E3-Wayne Class-Sell,58.97,2.46days
22/09/2025 11:17:40,sell,0.03,EURUSD,1.17661,24/09/2025 13:28:32,1.17593,-0.18,0.26,6.80,2.12,2.90,9.40,-15.74,-52.30,1212,VM-E3-Wayne Class-Sell,50.18,2.09days
22/09/2025 20:59:00,sell,0.07,EURUSD,1.17966,24/09/2025 13:28:31,1.17593,-0.42,0.60,37.30,26.29,28.11,39.90,-15.38,-21.80,1212,VM-E3-Wayne Class-Sell,40.49,1.69days
22/09/2025 13:21:18,sell,0.05,EURUSD,1.17812,24/09/2025 13:28:31,1.17593,-0.30,0.42,21.90,11.07,12.37,24.50,-18.69,-37.20,1212,VM-E3-Wayne Class-Sell,48.12,2.01days
23/09/2025 04:37:37,sell,0.10,EURUSD,1.18118,24/09/2025 13:28:30,1.17593,-0.60,0.43,52.50,52.33,54.93,55.10,-7.20,-6.60,1212,VM-E3-Wayne Class-Sell,32.85,1.37days
23/09/2025 03:30:06,buy,0.02,USDCAD,1.38305,24/09/2025 13:28:29,1.38741,-0.12,0.04,43.60,6.20,6.39,44.90,-2.60,-17.10,1212,VM-E3-Wayne Class-Buy,33.97,1.42days
10/09/2025 04:29:20,buy,0.03,EURUSD,1.16915,11/09/2025 17:11:08,1.17341,-0.18,-0.84,42.60,11.76,14.31,51.10,-7.02,-20.00,1212,VM-E3-Wayne Class-Buy,36.70,1.53days
11/09/2025 15:16:02,buy,0.05,EURUSD,1.16760,11/09/2025 17:11:07,1.17339,-0.30,0.00,57.90,28.65,33.00,66.60,-2.55,-4.50,1212,VM-E3-Wayne Class-Buy,1.92,1.92hrs
09/09/2025 00:06:16,buy,0.02,EURUSD,1.17629,11/09/2025 17:11:06,1.17340,-0.12,-0.75,-28.90,-6.65,3.20,16.60,-19.15,-91.40,1212,VM-E3-Wayne Class-Buy,65.08,2.71days
08/09/2025 12:57:14,buy,0.02,AUDCAD,0.90963,10/09/2025 23:50:32,0.91673,-0.12,0.01,71.00,10.13,12.08,84.50,-1.72,-11.10,1212,Wayne Class,58.89,2.45days
09/09/2025 19:30:00,sell,0.02,EURAUD,1.77851,10/09/2025 10:44:05,1.77210,-0.12,0.05,64.10,8.40,9.97,76.10,-1.55,-11.20,1212,VM-E3-Wayne Class-Sell,15.23,15.23hrs
04/09/2025 17:33:21,buy,0.03,AUDCAD,0.89949,05/09/2025 17:23:10,0.90816,-0.18,0.02,86.70,18.65,21.13,98.00,-0.42,-1.20,1212,Wayne Class,23.83,23.83hrs
04/09/2025 03:00:00,buy,0.02,AUDCAD,0.90263,05/09/2025 17:23:10,0.90817,-0.12,0.01,55.40,7.90,9.54,66.60,-4.83,-32.60,1212,Wayne Class,38.39,1.60days
21/08/2025 15:30:11,sell,0.02,AUDCAD,0.89183,02/09/2025 11:41:35,0.89751,-0.12,-0.77,-56.80,-9.15,0.00,0.00,-15.65,-101.50,1212,Wayne Class,284.19,11.84days
22/08/2025 17:00:22,sell,0.05,AUDCAD,0.89623,02/09/2025 11:41:34,0.89750,-0.30,-1.73,-12.70,-6.64,2.62,9.60,-22.93,-57.50,1212,Wayne Class,258.69,10.78days
22/08/2025 05:49:47,sell,0.03,AUDCAD,0.89422,02/09/2025 11:41:34,0.89751,-0.18,-1.05,-32.90,-8.40,2.84,14.00,-18.15,-77.60,1212,Wayne Class,269.86,11.24days
29/08/2025 04:58:02,sell,0.10,AUDCAD,0.89925,02/09/2025 11:41:33,0.89748,-0.60,-0.78,17.70,11.48,23.73,34.60,-21.23,-27.30,1212,Wayne Class,102.73,4.28days
22/08/2025 17:03:15,sell,0.07,AUDCAD,0.89775,02/09/2025 11:41:33,0.89750,-0.42,-2.41,2.50,-1.55,11.33,24.80,-24.36,-42.30,1212,Wayne Class,258.64,10.78days
01/09/2025 13:05:56,sell,0.15,AUDCAD,0.90102,02/09/2025 11:41:32,0.89746,-0.90,-0.59,35.60,37.29,55.44,52.30,-11.96,-9.60,1212,Wayne Class,22.59,22.59hrs
01/09/2025 05:00:00,buy,0.02,CADJPY,107.20600,02/09/2025 11:41:32,107.67600,-0.12,0.04,47.00,6.26,9.72,72.90,-5.41,-38.80,1212,VM-E3-Wayne Class-Buy,30.69,1.28days
01/09/2025 19:00:05,buy,0.02,GBPUSD,1.35414,02/09/2025 11:41:31,1.34255,-0.12,-0.05,-115.90,-23.35,1.56,8.40,-33.19,-165.10,1212,VM-E3-Wayne Class-Buy,16.69,16.69hrs
01/09/2025 04:00:00,buy,0.02,EURUSD,1.16977,02/09/2025 11:41:31,1.16538,-0.12,-0.18,-43.90,-9.08,7.34,37.30,-12.30,-60.00,1212,VM-E3-Wayne Class-Buy,31.69,1.32days
02/09/2025 10:10:19,buy,0.03,GBPUSD,1.34985,02/09/2025 11:41:30,1.34248,-0.18,0.00,-73.70,-22.29,0.00,0.00,-36.84,-122.20,1212,VM-E3-Wayne Class-Buy,1.52,1.52hrs
29/08/2025 12:00:01,sell,0.02,USDCAD,1.37406,02/09/2025 11:41:30,1.37687,-0.12,-0.24,-28.10,-4.45,1.70,12.50,-6.61,-43.10,1212,VM-E3-Wayne Class-Sell,95.69,3.99days
02/09/2025 10:14:40,buy,0.07,GBPUSD,1.34639,02/09/2025 11:41:29,1.34246,-0.42,0.00,-39.30,-27.93,8.82,13.20,-61.74,-87.60,1212,VM-E3-Wayne Class-Buy,1.45,1.45hrs
02/09/2025 10:12:07,buy,0.05,GBPUSD,1.34820,02/09/2025 11:41:29,1.34246,-0.30,0.00,-57.40,-29.00,0.70,2.00,-53.15,-105.70,1212,VM-E3-Wayne Class-Buy,1.49,1.49hrs
02/09/2025 10:30:03,buy,0.03,EURUSD,1.16716,02/09/2025 11:41:28,1.16528,-0.18,0.00,-18.80,-5.82,0.00,0.20,-10.35,-33.90,1212,VM-E3-Wayne Class-Buy,1.19,1.19hrs
02/09/2025 10:24:53,buy,0.10,GBPUSD,1.34464,02/09/2025 11:41:28,1.34245,-0.60,0.00,-21.90,-22.50,0.40,1.00,-70.70,-70.10,1212,VM-E3-Wayne Class-Buy,1.28,1.28hrs
02/09/2025 10:53:36,buy,0.23,GBPUSD,1.34062,02/09/2025 11:41:27,1.34246,-1.38,0.00,18.40,40.94,40.94,18.40,-70.15,-29.90,1212,VM-E3-Wayne Class-Buy,0.80,0.80hrs
02/09/2025 10:34:53,buy,0.15,GBPUSD,1.34317,02/09/2025 11:41:27,1.34246,-0.90,0.00,-7.10,-11.55,10.80,7.80,-84.00,-55.40,1212,VM-E3-Wayne Class-Buy,1.11,1.11hrs
02/09/2025 11:07:43,sell,0.03,USDCAD,1.37809,02/09/2025 11:41:26,1.37692,-0.18,0.00,11.70,2.37,2.37,11.70,-0.79,-2.80,1212,VM-E3-Wayne Class-Sell,0.56,0.56hrs
02/09/2025 10:53:59,buy,0.05,EURUSD,1.16542,02/09/2025 11:41:26,1.16528,-0.30,0.00,-1.40,-1.00,0.00,0.00,-8.55,-16.50,1212,VM-E3-Wayne Class-Buy,0.79,0.79hrs
02/09/2025 11:07:47,buy,0.34,GBPUSD,1.33783,02/09/2025 11:41:25,1.34256,-2.04,0.00,47.30,158.78,158.78,47.30,-8.84,-2.00,1212,VM-E3-Wayne Class-Buy,0.56,0.56hrs
02/09/2025 11:07:50,buy,0.07,EURUSD,1.16386,02/09/2025 11:41:24,1.16530,-0.42,0.00,14.40,9.66,9.66,14.40,-1.05,-0.90,1212,VM-E3-Wayne Class-Buy,0.56,0.56hrs
27/08/2025 19:00:01,sell,0.02,GBPCAD,1.86173,29/08/2025 11:30:44,1.85282,-0.12,-0.77,89.10,12.08,13.76,100.70,-1.42,-9.00,1212,VM-E3-Wayne Class-Sell,40.51,1.69days
18/08/2025 15:21:10,buy,0.03,USDCAD,1.37842,22/08/2025 20:08:13,1.38247,-0.18,0.37,40.50,8.98,30.27,139.60,-0.16,0.00,1212,VM-E3-Wayne Class-Buy,100.78,4.20days
15/08/2025 19:31:01,buy,0.02,USDCAD,1.38106,22/08/2025 20:08:12,1.38251,-0.12,0.29,14.50,2.27,16.43,113.20,-3.90,-26.30,1212,VM-E3-Wayne Class-Buy,168.62,7.03days
21/08/2025 13:09:32,sell,0.03,CADJPY,106.45400,22/08/2025 17:43:21,106.13700,-0.18,-0.17,31.70,6.12,7.84,40.10,-9.73,-46.50,1212,VM-E3-Wayne Class-Sell,28.56,1.19days
22/08/2025 07:09:37,sell,0.07,CADJPY,106.88900,22/08/2025 17:43:20,106.13700,-0.42,0.00,75.20,35.39,39.41,83.60,-1.83,-3.00,1212,VM-E3-Wayne Class-Sell,10.56,10.56hrs
21/08/2025 18:05:40,sell,0.05,CADJPY,106.72000,22/08/2025 17:43:18,106.13500,-0.30,-0.28,58.50,19.32,22.12,66.70,-7.27,-19.90,1212,VM-E3-Wayne Class-Sell,23.63,23.63hrs
20/08/2025 13:00:10,sell,0.02,CADJPY,106.28100,22/08/2025 17:43:16,106.13700,-0.12,-0.45,14.40,1.39,4.18,31.60,-9.15,-63.80,1212,VM-E3-Wayne Class-Sell,52.72,2.20days
20/08/2025 17:30:02,sell,0.02,GBPUSD,1.34612,21/08/2025 18:23:18,1.34216,-0.12,0.05,39.60,7.85,9.71,48.90,-4.15,-20.40,1212,VM-E3-Wayne Class-Sell,24.89,1.04days
18/08/2025 16:14:33,sell,0.07,CADJPY,107.18300,19/08/2025 23:25:20,106.50400,-0.42,-0.39,67.90,31.39,38.35,82.50,-1.94,-2.40,1212,VM-E3-Wayne Class-Sell,31.18,1.30days
18/08/2025 15:10:23,sell,0.05,CADJPY,107.03300,19/08/2025 23:25:19,106.50400,-0.30,-0.28,52.90,17.33,22.31,67.50,-6.45,-17.40,1212,VM-E3-Wayne Class-Sell,32.25,1.34days
18/08/2025 04:22:09,sell,0.03,CADJPY,106.88700,19/08/2025 23:25:19,106.50300,-0.18,-0.17,38.40,7.45,10.41,52.90,-6.83,-32.00,1212,VM-E3-Wayne Class-Sell,43.05,1.79days
15/08/2025 12:57:08,sell,0.02,CADJPY,106.49300,19/08/2025 23:25:18,106.50300,-0.12,-0.22,-1.00,-0.48,1.49,13.50,-9.98,-71.40,1212,VM-E3-Wayne Class-Sell,106.47,4.44days
12/08/2025 08:56:51,buy,0.03,AUDCAD,0.89517,13/08/2025 15:39:04,0.90104,-0.18,0.02,58.70,12.64,15.61,72.30,-1.11,-4.30,1212,Wayne Class,30.70,1.28days
12/08/2025 02:30:10,buy,0.02,AUDCAD,0.89741,13/08/2025 15:39:04,0.90101,-0.12,0.01,36.00,5.12,7.15,49.90,-3.99,-26.70,1212,Wayne Class,37.15,1.55days
25/07/2025 10:00:15,buy,0.02,AUDCAD,0.89881,07/08/2025 09:52:49,0.89548,-0.12,0.19,-33.30,-4.79,3.55,25.00,-15.54,-106.80,1212,Wayne Class,311.88,12.99days
28/07/2025 11:04:07,buy,0.05,AUDCAD,0.89566,07/08/2025 09:52:48,0.89549,-0.30,0.41,-1.70,-0.51,9.17,25.90,-27.48,-75.30,1212,Wayne Class,238.81,9.95days
28/07/2025 10:30:11,buy,0.03,AUDCAD,0.89720,07/08/2025 09:52:48,0.89549,-0.18,0.25,-17.10,-3.67,2.15,10.50,-19.83,-90.70,1212,Wayne Class,239.38,9.97days
30/07/2025 16:09:34,buy,0.10,AUDCAD,0.89208,07/08/2025 09:52:47,0.89549,-0.60,0.70,34.10,24.95,26.76,36.60,-29.18,-39.50,1212,Wayne Class,185.72,7.74days
30/07/2025 15:32:51,buy,0.07,AUDCAD,0.89364,07/08/2025 09:52:47,0.89549,-0.42,0.47,18.50,9.49,10.76,21.00,-28.33,-55.10,1212,Wayne Class,186.33,7.76days
07/08/2025 05:00:02,buy,0.02,GBPUSD,1.33546,07/08/2025 09:52:46,1.33763,-0.12,0.00,21.70,4.22,4.22,21.70,-1.20,-5.40,1212,VM-E3-Wayne Class-Buy,4.88,4.88hrs
30/07/2025 21:57:41,buy,0.15,AUDCAD,0.88895,07/08/2025 09:52:46,0.89549,-0.90,1.05,65.40,71.63,74.34,67.90,-9.80,-8.20,1212,Wayne Class,179.92,7.50days
01/08/2025 23:34:21,buy,0.02,EURNZD,1.95827,06/08/2025 01:34:36,1.96329,-0.12,-0.40,50.20,5.40,6.41,57.70,-5.52,-44.40,1212,Wayne Class,98.00,4.08days
01/08/2025 01:00:35,sell,0.02,GBPUSD,1.32028,01/08/2025 13:02:51,1.31532,-0.12,0.00,49.60,9.80,11.80,59.60,-2.04,-9.60,1212,Wayne Class,12.04,12.04hrs
29/07/2025 09:59:17,sell,0.02,EURNZD,1.93780,31/07/2025 08:19:54,1.93102,-0.12,0.15,67.80,8.06,9.25,77.80,-7.40,-61.10,1212,Wayne Class,46.34,1.93days
29/07/2025 00:40:59,sell,0.02,AUDUSD,0.65158,30/07/2025 17:13:41,0.64604,-0.12,0.01,55.40,10.97,12.85,64.80,-2.94,-14.10,1212,Wayne Class,40.55,1.69days
29/07/2025 20:00:01,sell,0.02,EURUSD,1.15415,30/07/2025 15:38:16,1.14926,-0.12,0.10,48.90,9.76,9.76,48.90,-5.76,-28.70,1212,Wayne Class,19.64,19.64hrs
28/07/2025 05:00:16,buy,0.02,USDCAD,1.37031,29/07/2025 16:21:58,1.37659,-0.12,0.04,62.80,9.04,10.82,75.10,-1.71,-10.90,1212,Wayne Class,35.36,1.47days
28/07/2025 09:00:01,sell,0.02,GBPUSD,1.34264,29/07/2025 00:01:16,1.33641,-0.12,-0.01,62.30,12.33,14.60,73.60,-2.58,-12.30,1212,Wayne Class,15.02,15.02hrs
17/07/2025 13:15:01,sell,0.02,AUDCAD,0.88901,24/07/2025 23:18:12,0.89932,-0.12,-0.57,-103.10,-15.80,0.40,3.60,-18.15,-118.90,1212,Wayne Class,178.05,7.42days
23/07/2025 13:25:20,sell,0.05,AUDCAD,0.89529,24/07/2025 23:18:11,0.89932,-0.30,-0.62,-40.30,-15.68,0.00,0.00,-21.52,-56.10,1212,Wayne Class,33.88,1.41days
18/07/2025 04:01:42,sell,0.03,AUDCAD,0.89378,24/07/2025 23:18:11,0.89932,-0.18,-0.73,-55.40,-13.09,6.66,32.30,-16.60,-71.20,1212,Wayne Class,163.27,6.80days
23/07/2025 17:41:26,sell,0.07,AUDCAD,0.89767,24/07/2025 23:18:10,0.89932,-0.42,-0.87,-16.50,-9.76,6.57,13.60,-17.90,-32.30,1212,Wayne Class,29.61,1.23days
24/07/2025 13:00:07,sell,0.02,EURNZD,1.94190,24/07/2025 23:18:09,1.94962,-0.12,0.00,-77.20,-9.43,0.68,6.60,-9.65,-79.00,1212,Wayne Class,10.30,10.30hrs
24/07/2025 05:17:36,sell,0.10,AUDCAD,0.89917,24/07/2025 23:18:09,0.89932,-0.60,0.00,-1.50,-1.70,2.12,3.70,-13.31,-17.30,1212,Wayne Class,18.01,18.01hrs
23/07/2025 18:56:18,buy,0.02,EURUSD,1.17485,24/07/2025 23:18:08,1.17581,-0.12,-0.56,9.60,1.24,6.92,38.00,-3.68,-15.00,1212,Wayne Class,28.36,1.18days
17/07/2025 20:00:07,buy,0.02,USDCAD,1.37528,24/07/2025 23:18:08,1.36465,-0.12,0.29,-106.30,-15.41,0.26,2.60,-25.98,-176.60,1212,Wayne Class,171.30,7.14days
18/07/2025 13:40:29,buy,0.03,USDCAD,1.37230,24/07/2025 23:18:07,1.36465,-0.18,0.41,-76.50,-16.59,2.31,11.40,-32.41,-146.80,1212,Wayne Class,153.63,6.40days
22/07/2025 15:04:24,buy,0.07,USDCAD,1.36648,24/07/2025 23:18:06,1.36465,-0.42,0.63,-18.30,-9.18,8.02,16.50,-45.94,-88.60,1212,Wayne Class,56.23,2.34days
18/07/2025 15:22:33,buy,0.05,USDCAD,1.37074,24/07/2025 23:18:06,1.36465,-0.30,0.67,-60.90,-21.94,9.53,27.00,-48.29,-131.20,1212,Wayne Class,151.93,6.33days
22/07/2025 17:54:30,buy,0.15,USDCAD,1.36343,24/07/2025 23:18:05,1.36465,-0.90,1.35,12.20,13.86,13.86,12.20,-64.75,-58.10,1212,Wayne Class,53.39,2.22days
22/07/2025 17:48:04,buy,0.10,USDCAD,1.36495,24/07/2025 23:18:05,1.36465,-0.60,0.89,-3.00,-1.91,0.00,0.00,-54.37,-73.30,1212,Wayne Class,53.50,2.23days
23/07/2025 11:16:58,buy,0.34,USDCAD,1.35841,24/07/2025 23:18:04,1.36465,-2.04,2.29,62.40,155.72,155.72,62.40,-21.82,-7.90,1212,Wayne Class,36.02,1.50days
22/07/2025 19:19:02,buy,0.23,USDCAD,1.36093,24/07/2025 23:18:04,1.36465,-1.38,2.07,37.20,63.39,63.39,37.20,-56.94,-33.10,1212,Wayne Class,51.98,2.17days
22/07/2025 03:02:05,buy,0.02,GBPUSD,1.34860,23/07/2025 10:45:43,1.35378,-0.12,-0.03,51.80,10.21,11.87,60.10,-4.74,-23.10,1212,Wayne Class,31.73,1.32days
18/07/2025 04:49:09,sell,0.03,EURUSD,1.16328,18/07/2025 08:48:30,1.16187,-0.18,0.00,14.10,4.05,5.61,19.30,-0.51,-1.10,1212,Wayne Class,3.99,3.99hrs
17/07/2025 11:29:46,sell,0.02,EURUSD,1.16033,18/07/2025 08:48:29,1.16185,-0.12,0.10,-15.20,-3.06,6.38,32.50,-6.14,-30.60,1212,Wayne Class,21.31,21.31hrs
16/07/2025 13:00:01,sell,0.02,AUDUSD,0.65223,17/07/2025 11:29:41,0.64724,-0.12,0.02,49.90,9.88,11.82,59.60,-6.10,-29.90,1212,Wayne Class,22.49,22.49hrs
16/07/2025 18:17:56,sell,0.03,GBPUSD,1.34614,16/07/2025 18:55:38,1.34276,-0.18,0.00,33.80,9.96,9.96,33.80,-5.40,-17.40,1212,Wayne Class,0.63,0.63hrs
16/07/2025 18:30:27,sell,0.05,GBPUSD,1.34788,16/07/2025 18:55:37,1.34282,-0.30,0.00,50.60,25.00,25.00,50.60,-0.30,0.00,1212,Wayne Class,0.42,0.42hrs
16/07/2025 12:00:00,sell,0.02,GBPUSD,1.33912,16/07/2025 18:55:35,1.34267,-0.12,0.00,-35.50,-7.22,4.32,22.20,-17.64,-87.60,1212,Wayne Class,6.93,6.93hrs
14/07/2025 20:05:00,sell,0.02,EURUSD,1.16625,15/07/2025 18:48:10,1.16120,-0.12,0.10,50.50,10.08,11.96,59.90,-5.90,-29.40,1212,Wayne Class,22.72,22.72hrs
15/07/2025 14:40:30,sell,0.02,GBPUSD,1.34474,15/07/2025 17:06:21,1.34069,-0.12,0.00,40.50,7.98,9.88,50.00,-3.70,-17.90,1212,Wayne Class,2.43,2.43hrs
14/07/2025 05:00:01,sell,0.02,GBPUSD,1.34891,14/07/2025 18:18:22,1.34463,-0.12,0.00,42.80,8.44,10.06,50.90,-0.92,-4.00,1212,Wayne Class,13.31,13.31hrs
10/07/2025 10:40:03,buy,0.02,AUDCAD,0.89628,14/07/2025 04:35:03,0.89867,-0.12,0.04,23.90,3.41,8.39,58.10,-1.03,-6.20,1212,Wayne Class,89.92,3.75days
10/07/2025 18:45:07,buy,0.05,EURNZD,1.94216,14/07/2025 04:35:02,1.95246,-0.30,-0.73,103.00,29.81,32.31,111.40,-20.12,-64.50,1212,Wayne Class,81.83,3.41days
10/07/2025 18:09:31,buy,0.03,EURNZD,1.94356,14/07/2025 04:35:02,1.95246,-0.18,-0.44,89.00,15.37,16.87,97.40,-14.60,-78.50,1212,Wayne Class,82.43,3.43days
08/07/2025 10:00:00,buy,0.02,EURNZD,1.95286,14/07/2025 04:35:02,1.95246,-0.12,-0.89,-4.00,-1.49,5.65,49.50,-21.55,-171.50,1212,Wayne Class,138.58,5.77days
10/07/2025 19:15:47,buy,0.07,EURNZD,1.94065,14/07/2025 04:35:01,1.95251,-0.42,-1.02,118.60,48.28,51.56,126.50,-21.79,-49.40,1212,Wayne Class,81.32,3.39days
11/07/2025 04:35:11,sell,0.02,EURUSD,1.16800,14/07/2025 04:35:00,1.16936,-0.12,0.09,-13.60,-2.75,3.23,16.30,-5.56,-27.20,1212,Wayne Class,72.00,3.00days
11/07/2025 11:00:01,sell,0.02,GBPUSD,1.35423,11/07/2025 17:22:56,1.34911,-0.12,0.00,51.20,10.12,11.56,58.40,-2.22,-10.50,1212,Wayne Class,6.38,6.38hrs
08/07/2025 13:00:00,buy,0.02,USDCAD,1.36504,11/07/2025 03:29:45,1.37167,-0.12,0.21,66.30,9.76,10.47,71.20,-0.71,-4.00,1212,Wayne Class,62.50,2.60days
07/07/2025 08:57:11,buy,0.02,CADJPY,106.33900,08/07/2025 04:24:43,107.02600,-0.12,0.04,68.70,9.31,10.50,77.40,-2.93,-20.40,1212,Wayne Class,19.46,19.46hrs
04/07/2025 16:00:07,sell,0.02,AUDCAD,0.89115,07/07/2025 03:52:16,0.88990,-0.12,-0.09,12.50,1.63,2.17,16.20,-5.19,-33.90,1212,Wayne Class,59.87,2.49days
02/07/2025 12:11:00,sell,0.03,CADJPY,105.56200,07/07/2025 03:52:15,106.10000,-0.18,-1.00,-53.80,-12.36,5.27,26.10,-31.01,-146.30,1212,Wayne Class,111.69,4.65days
02/07/2025 01:15:00,sell,0.02,CADJPY,105.10100,07/07/2025 03:52:15,106.10000,-0.12,-0.66,-99.90,-14.62,0.00,0.10,-27.02,-192.40,1212,Wayne Class,122.62,5.11days
03/07/2025 15:32:43,sell,0.07,CADJPY,106.47800,07/07/2025 03:52:14,106.09900,-0.42,-0.92,37.90,17.04,17.62,39.10,-26.79,-54.70,1212,Wayne Class,84.33,3.51days
03/07/2025 15:30:17,sell,0.05,CADJPY,106.31400,07/07/2025 03:52:14,106.10000,-0.30,-0.66,21.40,6.45,6.90,22.70,-24.78,-71.10,1212,Wayne Class,84.37,3.52days
03/07/2025 17:31:48,sell,0.15,CADJPY,106.78100,07/07/2025 03:52:13,106.10100,-0.90,-1.98,68.00,67.78,69.24,69.40,-26.10,-24.40,1212,Wayne Class,82.34,3.43days
03/07/2025 15:45:17,sell,0.10,CADJPY,106.63100,07/07/2025 03:52:13,106.10000,-0.60,-1.32,53.10,34.86,35.77,54.40,-27.73,-39.40,1212,Wayne Class,84.12,3.50days
03/07/2025 15:00:01,buy,0.02,EURNZD,1.94238,07/07/2025 03:52:12,1.94973,-0.12,-0.26,73.50,8.50,8.68,75.00,-9.30,-74.40,1212,Wayne Class,84.87,3.54days
03/07/2025 01:39:05,sell,0.02,USDCAD,1.35865,07/07/2025 03:52:11,1.36070,-0.12,-0.24,-20.50,-3.37,4.05,28.30,-5.84,-39.00,1212,Wayne Class,98.22,4.09days
02/07/2025 14:41:21,buy,0.03,EURUSD,1.17548,03/07/2025 00:37:13,1.17916,-0.18,-0.86,36.80,10.00,14.13,47.70,-0.81,-2.10,1212,Wayne Class,9.93,9.93hrs
02/07/2025 00:05:09,buy,0.02,EURUSD,1.18034,03/07/2025 00:37:12,1.17916,-0.12,-0.57,-11.80,-3.05,1.06,5.90,-10.26,-50.70,1212,Wayne Class,24.53,1.02days
30/06/2025 09:00:00,buy,0.02,GBPUSD,1.37286,01/07/2025 12:00:16,1.37729,-0.12,-0.03,44.30,8.71,10.45,53.00,-10.44,-51.60,1212,Wayne Class,27.00,1.13days
30/06/2025 12:00:01,buy,0.02,EURUSD,1.17284,01/07/2025 00:13:49,1.17769,-0.12,-0.19,48.50,9.39,11.58,58.50,-4.02,-19.50,1212,Wayne Class,12.23,12.23hrs
27/06/2025 15:46:40,sell,0.02,USDCAD,1.36516,30/06/2025 02:02:31,1.36825,-0.12,-0.12,-30.90,-4.76,1.16,8.70,-14.20,-96.80,1212,Wayne Class,58.26,2.43days
26/06/2025 15:45:04,buy,0.02,EURUSD,1.17104,30/06/2025 02:02:31,1.17343,-0.12,-0.36,23.90,4.30,6.58,34.40,-6.16,-29.30,1212,Wayne Class,82.29,3.43days
27/06/2025 20:45:29,sell,0.05,USDCAD,1.37058,30/06/2025 02:02:30,1.36825,-0.30,-0.30,23.30,7.91,7.91,23.30,-15.79,-42.60,1212,Wayne Class,53.28,2.22days
27/06/2025 20:44:43,sell,0.03,USDCAD,1.36886,30/06/2025 02:02:30,1.36825,-0.18,-0.18,6.10,0.98,0.98,6.10,-13.23,-59.80,1212,Wayne Class,53.30,2.22days
27/06/2025 20:48:46,sell,0.10,USDCAD,1.37423,30/06/2025 02:02:29,1.36824,-0.60,-0.60,59.90,42.58,42.58,59.90,-5.04,-6.10,1212,Wayne Class,53.23,2.22days
27/06/2025 20:45:52,sell,0.07,USDCAD,1.37279,30/06/2025 02:02:29,1.36825,-0.42,-0.42,45.40,22.39,22.39,45.40,-10.86,-20.50,1212,Wayne Class,53.28,2.22days
27/06/2025 20:56:04,sell,0.15,USDCAD,1.37572,30/06/2025 02:02:28,1.36824,-0.90,-0.90,74.80,80.20,80.20,74.80,0.00,0.00,1212,Wayne Class,53.11,2.21days
27/06/2025 16:04:47,buy,0.02,GBPCAD,1.87472,27/06/2025 20:49:20,1.88036,-0.12,0.00,56.40,8.10,8.10,56.40,-5.25,-35.00,1212,Wayne Class,4.74,4.74hrs
27/06/2025 07:00:01,buy,0.02,GBPCAD,1.87350,27/06/2025 12:04:45,1.87428,-0.12,0.00,7.80,1.03,2.06,14.90,-1.79,-11.40,1212,Wayne Class,5.08,5.08hrs
25/06/2025 05:10:03,buy,0.02,AUDCAD,0.89222,27/06/2025 04:05:57,0.89343,-0.12,0.07,12.10,1.73,5.28,36.60,-2.03,-13.10,1212,Wayne Class,46.93,1.96days
25/06/2025 11:56:02,sell,0.03,CADJPY,106.01400,26/06/2025 11:41:48,105.19000,-0.18,-0.50,82.40,16.50,19.26,95.60,-4.09,-19.00,1212,Wayne Class,23.76,23.76hrs
25/06/2025 04:57:11,sell,0.02,CADJPY,105.42300,26/06/2025 11:41:47,105.18800,-0.12,-0.33,23.50,2.82,4.63,36.50,-10.83,-78.10,1212,Wayne Class,30.74,1.28days
24/06/2025 13:15:04,buy,0.02,GBPUSD,1.36090,25/06/2025 23:17:04,1.36608,-0.12,-0.03,51.80,10.21,12.05,61.00,-3.30,-15.90,1212,Wayne Class,34.03,1.42days
23/06/2025 09:29:12,sell,0.02,AUDUSD,0.64101,24/06/2025 09:17:45,0.65043,-0.12,0.01,-94.20,-18.95,7.10,36.10,-18.95,-94.20,1212,Wayne Class,23.81,23.81hrs
17/06/2025 17:40:15,sell,0.03,USDCAD,1.36000,24/06/2025 09:17:44,1.37154,-0.18,-1.31,-115.40,-26.73,3.20,15.30,-44.15,-197.00,1212,Wayne Class,159.62,6.65days
17/06/2025 15:59:44,sell,0.02,USDCAD,1.35836,24/06/2025 09:17:44,1.37155,-0.12,-0.85,-131.90,-20.21,1.03,7.80,-31.78,-213.40,1212,Wayne Class,161.30,6.72days
17/06/2025 19:51:43,sell,0.05,USDCAD,1.36167,24/06/2025 09:17:43,1.37153,-0.30,-2.16,-98.60,-38.40,2.49,7.60,-67.50,-180.30,1212,Wayne Class,157.43,6.56days
17/06/2025 20:46:39,sell,0.07,USDCAD,1.36313,24/06/2025 09:17:42,1.37161,-0.42,-3.04,-84.80,-46.74,0.00,0.90,-87.11,-165.70,1212,Wayne Class,156.52,6.52days
17/06/2025 23:16:47,sell,0.15,USDCAD,1.36677,24/06/2025 09:17:41,1.37161,-0.90,-6.49,-48.40,-60.32,29.61,28.60,-147.07,-129.30,1212,Wayne Class,154.01,6.42days
17/06/2025 21:48:36,sell,0.10,USDCAD,1.36469,24/06/2025 09:17:41,1.37161,-0.60,-4.33,-69.20,-55.38,5.85,8.80,-113.12,-150.10,1212,Wayne Class,155.48,6.48days
17/06/2025 23:44:45,sell,0.23,USDCAD,1.36927,24/06/2025 09:17:40,1.37163,-1.38,-9.96,-23.60,-50.91,87.58,53.60,-183.84,-104.30,1212,Wayne Class,153.55,6.40days
19/06/2025 17:29:10,sell,0.51,USDCAD,1.37436,24/06/2025 09:17:39,1.37163,-3.06,-9.38,27.30,89.07,195.31,54.10,-206.80,-53.40,1212,Wayne Class,111.81,4.66days
19/06/2025 05:26:33,sell,0.34,USDCAD,1.37180,24/06/2025 09:17:39,1.37163,-2.04,-6.25,1.70,-4.08,66.62,28.50,-200.95,-79.00,1212,Wayne Class,123.85,5.16days
23/06/2025 12:09:07,sell,0.77,USDCAD,1.37872,24/06/2025 09:17:38,1.37163,-4.62,-4.58,70.90,388.82,388.82,70.90,-59.31,-9.80,1212,Wayne Class,21.14,21.14hrs
20/06/2025 18:35:01,buy,0.02,GBPCAD,1.84984,23/06/2025 19:02:44,1.85692,-0.12,0.04,70.80,10.21,12.23,84.80,-11.01,-75.10,1212,Wayne Class,72.46,3.02days
17/06/2025 20:46:29,buy,0.07,EURUSD,1.14804,23/06/2025 18:45:31,1.15422,-0.42,-3.85,61.80,38.99,43.47,68.20,-26.58,-33.70,1212,Wayne Class,141.98,5.92days
17/06/2025 17:38:53,buy,0.03,EURUSD,1.15126,23/06/2025 18:45:30,1.15422,-0.18,-1.67,29.60,7.03,8.95,36.00,-21.06,-65.90,1212,Wayne Class,145.11,6.05days
17/06/2025 20:13:11,buy,0.05,EURUSD,1.14975,23/06/2025 18:45:29,1.15420,-0.30,-2.76,44.50,19.19,22.49,51.10,-27.54,-50.80,1212,Wayne Class,142.54,5.94days
17/06/2025 10:00:08,buy,0.02,EURUSD,1.15629,23/06/2025 18:45:28,1.15419,-0.12,-1.09,-21.00,-5.41,1.88,10.00,-24.09,-116.20,1212,Wayne Class,152.76,6.36days
18/06/2025 17:55:18,sell,0.07,AUDCAD,0.89226,23/06/2025 09:08:57,0.88223,-0.42,-1.45,100.30,49.19,56.10,114.00,-2.16,-3.40,1212,Wayne Class,111.23,4.63days
16/06/2025 16:55:32,sell,0.03,AUDCAD,0.88627,23/06/2025 09:08:56,0.88223,-0.18,-0.85,40.40,7.78,10.76,54.10,-14.30,-63.30,1212,Wayne Class,160.22,6.68days
17/06/2025 09:47:01,sell,0.05,AUDCAD,0.88820,23/06/2025 09:08:55,0.88222,-0.30,-1.25,59.80,20.19,25.11,73.40,-16.59,-44.00,1212,Wayne Class,143.37,5.97days
13/06/2025 08:00:03,sell,0.02,AUDCAD,0.88304,23/06/2025 09:08:54,0.88222,-0.12,-0.65,8.20,0.42,4.24,30.20,-14.33,-95.60,1212,Wayne Class,241.15,10.05days
18/06/2025 17:53:56,buy,0.07,CADJPY,105.73500,23/06/2025 00:43:45,106.47800,-0.42,0.61,74.30,35.68,41.25,86.00,-4.83,-9.10,1212,Wayne Class,102.83,4.28days
18/06/2025 13:37:07,buy,0.05,CADJPY,106.00500,23/06/2025 00:43:44,106.48100,-0.30,0.44,47.60,16.38,20.26,59.00,-12.78,-36.10,1212,Wayne Class,107.11,4.46days
17/06/2025 23:40:20,buy,0.03,CADJPY,106.23200,23/06/2025 00:43:44,106.47800,-0.18,0.31,24.60,5.17,7.56,36.30,-12.33,-58.80,1212,Wayne Class,121.06,5.04days
17/06/2025 09:45:02,buy,0.02,CADJPY,106.62600,23/06/2025 00:43:42,106.48300,-0.12,0.20,-14.30,-1.87,3.23,24.30,-13.68,-98.20,1212,Wayne Class,134.98,5.62days
20/06/2025 06:55:34,sell,0.03,GBPUSD,1.34992,23/06/2025 00:18:03,1.34152,-0.18,0.00,84.00,25.02,27.21,91.30,-1.80,-5.40,1212,Wayne Class,65.37,2.72days
19/06/2025 11:07:54,sell,0.02,GBPUSD,1.34134,23/06/2025 00:18:02,1.34152,-0.12,0.00,-1.80,-0.48,1.16,6.40,-18.36,-91.20,1212,Wayne Class,85.17,3.55days
19/06/2025 17:10:50,sell,0.07,GBPCAD,1.84555,20/06/2025 18:02:41,1.84890,-0.42,-0.76,-33.50,-18.26,12.73,25.80,-37.81,-71.80,1212,Wayne Class,24.86,1.04days
20/06/2025 15:03:03,sell,0.15,GBPCAD,1.85023,20/06/2025 18:02:40,1.84887,-0.90,0.00,13.60,13.96,20.07,19.20,-28.23,-25.00,1212,Wayne Class,2.99,2.99hrs
20/06/2025 16:56:03,sell,0.23,GBPCAD,1.85273,20/06/2025 18:02:38,1.84880,-1.38,0.00,39.30,64.47,72.64,44.20,0.00,0.00,1212,Wayne Class,1.11,1.11hrs
19/06/2025 14:35:50,sell,0.03,GBPCAD,1.84253,20/06/2025 18:02:38,1.84882,-0.18,-0.33,-62.90,-14.26,3.17,15.30,-22.81,-102.00,1212,Wayne Class,27.45,1.14days
20/06/2025 05:40:30,sell,0.10,GBPCAD,1.84730,20/06/2025 18:02:37,1.84883,-0.60,0.00,-15.30,-11.74,11.44,16.10,-40.18,-54.30,1212,Wayne Class,12.37,12.37hrs
19/06/2025 15:56:32,sell,0.05,GBPCAD,1.84404,20/06/2025 18:02:36,1.84877,-0.30,-0.54,-47.30,-18.07,8.05,22.90,-32.51,-86.90,1212,Wayne Class,26.10,1.09days
18/06/2025 15:17:12,sell,0.02,GBPCAD,1.83701,20/06/2025 18:02:35,1.84877,-0.12,-0.87,-117.60,-18.12,3.93,27.60,-23.91,-157.20,1212,Wayne Class,50.76,2.11days
17/06/2025 10:51:52,buy,0.07,EURNZD,1.90368,19/06/2025 10:16:09,1.91923,-0.42,-2.05,155.50,62.56,68.81,170.60,-6.77,-10.40,1212,Wayne Class,47.40,1.98days
16/06/2025 17:09:10,buy,0.05,EURNZD,1.90836,19/06/2025 10:16:08,1.91915,-0.30,-1.84,107.90,30.09,34.81,123.80,-19.31,-57.20,1212,Wayne Class,65.12,2.71days
16/06/2025 16:48:33,buy,0.03,EURNZD,1.90993,19/06/2025 10:16:08,1.91924,-0.18,-1.10,93.10,15.41,18.08,108.10,-14.42,-72.90,1212,Wayne Class,65.46,2.73days
13/06/2025 13:00:01,buy,0.02,EURNZD,1.91737,19/06/2025 10:16:06,1.91912,-0.12,-0.85,17.50,1.12,3.57,33.70,-18.69,-147.30,1212,Wayne Class,141.27,5.89days
16/06/2025 13:57:38,sell,0.02,GBPCAD,1.84268,17/06/2025 17:59:23,1.83652,-0.12,-0.22,61.60,8.73,10.44,73.50,-3.32,-21.70,1212,Wayne Class,28.03,1.17days
16/06/2025 02:05:01,buy,0.02,EURUSD,1.15415,16/06/2025 16:49:18,1.15920,-0.12,0.00,50.50,9.98,11.80,59.60,-3.18,-15.30,1212,Wayne Class,14.74,14.74hrs
13/06/2025 13:46:13,buy,0.03,EURUSD,1.15032,13/06/2025 18:50:57,1.15588,-0.18,0.00,55.60,16.50,18.90,63.60,-3.03,-9.50,1212,Wayne Class,5.08,5.08hrs
13/06/2025 10:00:01,buy,0.02,EURUSD,1.15429,13/06/2025 18:50:55,1.15588,-0.12,0.00,15.90,3.06,4.66,23.90,-9.96,-49.20,1212,Wayne Class,8.85,8.85hrs
09/06/2025 17:15:29,buy,0.02,AUDUSD,0.65171,13/06/2025 05:05:24,0.64856,-0.12,-0.18,-31.50,-6.60,5.32,27.50,-10.98,-53.40,1212,Wayne Class,83.83,3.49days
11/06/2025 05:59:40,sell,0.03,EURNZD,1.89316,13/06/2025 05:05:23,1.91425,-0.18,0.09,-210.90,-38.26,4.38,25.20,-54.28,-301.10,1212,Wayne Class,47.10,1.96days
05/06/2025 16:45:27,sell,0.02,EURNZD,1.88941,13/06/2025 05:05:23,1.91428,-0.12,0.19,-248.70,-29.94,7.65,63.30,-40.56,-338.60,1212,Wayne Class,180.33,7.51days
12/06/2025 04:52:26,sell,0.07,EURNZD,1.91402,13/06/2025 05:05:22,1.91425,-0.42,0.06,-2.30,-1.33,28.89,69.30,-39.12,-92.50,1212,Wayne Class,24.22,1.01days
11/06/2025 11:47:39,sell,0.05,EURNZD,1.89584,13/06/2025 05:05:22,1.91425,-0.30,0.16,-184.10,-55.68,9.91,33.70,-82.41,-274.30,1212,Wayne Class,41.30,1.72days
12/06/2025 10:44:43,sell,0.10,EURNZD,1.91560,13/06/2025 05:05:21,1.91428,-0.60,0.08,13.20,7.45,42.12,70.40,-46.40,-76.70,1212,Wayne Class,18.34,18.34hrs
11/06/2025 06:30:01,sell,0.02,GBPUSD,1.34764,13/06/2025 05:05:20,1.35650,-0.12,-0.01,-88.60,-17.85,2.06,10.90,-30.83,-153.50,1212,Wayne Class,46.59,1.94days
10/06/2025 11:05:30,buy,0.02,USDJPY,144.64200,13/06/2025 05:05:20,143.09600,-0.12,0.35,-154.60,-21.38,10.27,75.00,-24.79,-178.70,1212,Wayne Class,66.00,2.75days
13/06/2025 02:56:22,buy,0.05,USDJPY,143.20600,13/06/2025 05:05:19,143.09700,-0.30,0.00,-10.90,-4.11,0.00,0.00,-12.58,-35.10,1212,Wayne Class,2.15,2.15hrs
12/06/2025 04:51:23,buy,0.03,USDJPY,143.87300,13/06/2025 05:05:19,143.09700,-0.18,0.11,-77.60,-16.34,4.90,24.40,-21.45,-101.80,1212,Wayne Class,24.23,1.01days
13/06/2025 03:00:53,buy,0.02,EURUSD,1.16039,13/06/2025 05:05:18,1.15482,-0.12,0.00,-55.70,-11.26,0.22,1.70,-13.04,-64.60,1212,Wayne Class,2.07,2.07hrs
13/06/2025 02:56:28,sell,0.03,GBPUSD,1.36279,13/06/2025 05:05:18,1.35648,-0.18,0.00,63.10,18.75,22.17,74.50,-0.78,-2.00,1212,Wayne Class,2.15,2.15hrs
13/06/2025 03:01:04,sell,0.02,USDCAD,1.35945,13/06/2025 05:05:17,1.36267,-0.12,0.00,-32.20,-4.85,0.00,0.00,-7.35,-49.30,1212,Wayne Class,2.07,2.07hrs
13/06/2025 03:04:35,sell,0.15,EURNZD,1.91727,13/06/2025 05:05:16,1.91387,-0.90,0.00,34.00,29.88,29.88,34.00,-54.67,-60.00,1212,Wayne Class,2.01,2.01hrs
13/06/2025 03:02:43,buy,0.07,USDJPY,143.02600,13/06/2025 05:05:16,143.11100,-0.42,0.00,8.50,3.74,6.42,14.00,-8.80,-17.10,1212,Wayne Class,2.04,2.04hrs
13/06/2025 03:23:28,sell,0.23,EURNZD,1.92025,13/06/2025 05:05:15,1.91390,-1.38,0.00,63.50,86.75,86.75,63.50,-42.68,-30.20,1212,Wayne Class,1.70,1.70hrs
13/06/2025 03:04:56,buy,0.10,USDJPY,142.89300,13/06/2025 05:05:15,143.11000,-0.60,0.00,21.70,14.56,18.47,27.30,-3.26,-3.80,1212,Wayne Class,2.01,2.01hrs
13/06/2025 04:06:30,sell,0.34,EURNZD,1.92345,13/06/2025 05:05:14,1.91382,-2.04,0.00,96.30,195.54,195.54,96.30,0.00,0.00,1212,Wayne Class,0.98,0.98hrs
12/06/2025 04:51:46,buy,0.02,EURUSD,1.15228,13/06/2025 00:01:05,1.15760,-0.12,-0.16,53.20,10.36,16.30,82.10,-3.12,-15.00,1212,Wayne Class,19.16,19.16hrs
10/06/2025 20:57:38,buy,0.02,EURGBP,0.84623,12/06/2025 11:43:46,0.85086,-0.12,-0.89,46.30,11.54,13.59,54.00,-4.98,-17.20,1212,Wayne Class,38.77,1.62days
10/06/2025 10:11:25,buy,0.03,EURCHF,0.93661,12/06/2025 10:52:53,0.94031,-0.18,0.31,37.00,13.72,22.68,62.30,-0.87,-1.90,1212,Wayne Class,48.69,2.03days
06/06/2025 07:56:26,buy,0.02,EURCHF,0.93849,12/06/2025 10:52:52,0.94032,-0.12,0.30,18.30,4.66,10.64,43.50,-6.74,-27.40,1212,Wayne Class,146.94,6.12days
10/06/2025 10:08:33,buy,0.07,GBPJPY,194.84800,10/06/2025 12:24:07,195.05300,-0.42,0.00,20.50,9.50,17.00,36.00,-2.84,-5.00,1212,Wayne Class,2.26,2.26hrs
10/06/2025 09:46:17,buy,0.03,GBPJPY,195.14600,10/06/2025 12:24:06,195.05300,-0.18,0.00,-9.30,-2.11,1.11,6.20,-7.39,-34.80,1212,Wayne Class,2.63,2.63hrs
10/06/2025 09:57:46,buy,0.05,GBPJPY,194.99700,10/06/2025 12:24:05,195.05700,-0.30,0.00,6.00,1.77,6.99,21.10,-7.18,-19.90,1212,Wayne Class,2.44,2.44hrs
09/06/2025 16:24:31,buy,0.02,GBPJPY,195.77600,10/06/2025 12:24:04,195.05700,-0.12,0.09,-71.90,-9.97,8.73,63.60,-13.55,-97.80,1212,Wayne Class,19.99,19.99hrs
05/06/2025 21:00:19,buy,0.02,NZDJPY,86.87700,10/06/2025 05:48:47,87.50900,-0.12,0.06,63.20,8.66,10.73,78.30,-6.04,-42.60,1212,Wayne Class,104.81,4.37days
06/06/2025 16:23:02,buy,0.07,GBPUSD,1.35156,09/06/2025 13:02:58,1.35708,-0.42,-0.10,55.20,38.12,45.19,65.30,-5.04,-6.60,1212,Wayne Class,68.67,2.86days
06/06/2025 09:31:35,buy,0.03,GBPUSD,1.35450,09/06/2025 13:02:57,1.35707,-0.18,-0.04,25.70,7.49,10.55,35.90,-10.98,-36.00,1212,Wayne Class,75.52,3.15days
06/06/2025 12:12:26,buy,0.05,GBPUSD,1.35304,09/06/2025 13:02:56,1.35706,-0.30,-0.07,40.20,19.73,24.88,50.50,-11.00,-21.40,1212,Wayne Class,72.84,3.04days
06/06/2025 08:03:53,buy,0.02,GBPUSD,1.35729,09/06/2025 13:02:55,1.35708,-0.12,-0.03,-2.10,-0.57,1.45,8.00,-12.90,-63.90,1212,Wayne Class,76.98,3.21days
05/06/2025 06:31:53,buy,0.02,GBPUSD,1.35588,05/06/2025 16:32:07,1.36036,-0.12,0.00,44.80,8.84,10.66,53.90,-3.20,-15.40,1212,Wayne Class,10.00,10.00hrs
02/06/2025 07:05:00,sell,0.02,AUDCAD,0.88509,04/06/2025 18:33:48,0.88786,-0.12,-0.16,-27.70,-4.33,0.00,0.00,-9.39,-63.00,1212,Wayne Class,59.48,2.48days
02/06/2025 17:50:32,sell,0.05,AUDCAD,0.89000,04/06/2025 18:33:47,0.88786,-0.30,-0.40,21.40,7.12,16.21,46.40,-5.57,-13.90,1212,Wayne Class,48.72,2.03days
02/06/2025 12:55:38,sell,0.03,AUDCAD,0.88785,04/06/2025 18:33:47,0.88786,-0.18,-0.24,-0.10,-0.44,5.03,24.90,-8.04,-35.40,1212,Wayne Class,53.64,2.23days
03/06/2025 17:36:36,sell,0.02,USDCAD,1.37092,04/06/2025 18:33:46,1.36815,-0.12,-0.13,27.70,3.79,6.57,46.60,-3.45,-22.00,1212,Wayne Class,24.95,1.04days
02/06/2025 15:15:46,buy,0.02,NZDUSD,0.60164,04/06/2025 18:33:46,0.60247,-0.12,-0.10,8.30,1.44,7.25,37.10,-5.51,-26.70,1212,Wayne Class,51.30,2.14days
03/06/2025 10:28:25,sell,0.02,USDJPY,142.65900,04/06/2025 18:33:45,143.02800,-0.12,-0.27,-36.90,-5.55,0.00,0.00,-24.04,-170.70,1212,Wayne Class,32.09,1.34days
03/06/2025 17:03:46,sell,0.05,USDJPY,143.65700,04/06/2025 18:33:44,143.02700,-0.30,-0.68,63.00,21.04,22.34,66.70,-25.54,-70.90,1212,Wayne Class,25.50,1.06days
03/06/2025 16:33:58,sell,0.03,USDJPY,143.47400,04/06/2025 18:33:44,143.02900,-0.18,-0.41,44.50,8.74,9.56,48.40,-19.13,-89.20,1212,Wayne Class,26.00,1.08days
04/06/2025 13:53:25,buy,0.02,NZDJPY,86.73600,04/06/2025 18:33:43,86.16600,-0.12,0.00,-57.00,-8.09,1.00,8.10,-8.36,-58.90,1212,Wayne Class,4.67,4.67hrs
03/06/2025 17:05:58,sell,0.07,USDJPY,143.82000,04/06/2025 18:33:43,143.02600,-0.42,-0.96,79.40,37.48,39.25,83.00,-27.85,-54.60,1212,Wayne Class,25.46,1.06days
22/05/2025 03:00:01,sell,0.02,AUDCAD,0.89153,29/05/2025 09:26:44,0.88982,-0.12,-0.58,17.10,1.78,7.73,55.80,-5.40,-34.90,1212,Wayne Class,174.45,7.27days
26/05/2025 21:15:33,buy,0.02,EURUSD,1.13824,29/05/2025 09:26:43,1.12700,-0.12,-0.81,-112.40,-23.41,4.38,23.30,-34.61,-168.40,1212,Wayne Class,60.19,2.51days
27/05/2025 10:49:40,buy,0.05,EURUSD,1.13432,29/05/2025 09:26:42,1.12699,-0.30,-1.63,-73.30,-38.58,14.90,30.40,-66.53,-129.20,1212,Wayne Class,46.62,1.94days
27/05/2025 10:20:21,buy,0.03,EURUSD,1.13584,29/05/2025 09:26:42,1.12699,-0.18,-0.97,-88.50,-27.70,4.38,15.20,-44.47,-144.40,1212,Wayne Class,47.11,1.96days
28/05/2025 18:17:23,buy,0.10,EURUSD,1.12878,29/05/2025 09:26:41,1.12701,-0.60,-2.44,-17.70,-20.74,12.30,12.90,-76.84,-73.80,1212,Wayne Class,15.15,15.15hrs
28/05/2025 05:43:32,buy,0.07,EURUSD,1.13080,29/05/2025 09:26:41,1.12698,-0.42,-1.71,-38.20,-28.87,21.07,30.50,-67.93,-94.00,1212,Wayne Class,27.72,1.15days
29/05/2025 02:36:40,buy,0.23,EURUSD,1.12505,29/05/2025 09:26:40,1.12699,-1.38,0.00,19.40,43.24,43.24,19.40,-85.33,-36.50,1212,Wayne Class,6.83,6.83hrs
29/05/2025 02:16:20,buy,0.15,EURUSD,1.12714,29/05/2025 09:26:40,1.12701,-0.90,0.00,-1.30,-2.85,0.30,0.80,-87.00,-57.40,1212,Wayne Class,7.17,7.17hrs
29/05/2025 02:39:09,buy,0.34,EURUSD,1.12202,29/05/2025 09:26:39,1.12699,-2.04,0.00,49.70,166.94,166.94,49.70,-23.12,-6.20,1212,Wayne Class,6.79,6.79hrs
23/05/2025 06:00:01,sell,0.02,EURJPY,162.42700,23/05/2025 14:54:22,161.27200,-0.12,0.00,115.50,16.08,16.17,116.20,-4.40,-30.70,1212,Wayne Class,8.91,8.91hrs
22/05/2025 12:02:21,buy,0.03,EURUSD,1.12951,23/05/2025 11:31:00,1.13342,-0.18,-0.24,39.10,11.31,13.56,46.60,-11.01,-36.10,1212,Wayne Class,23.48,23.48hrs
22/05/2025 18:08:19,buy,0.05,EURUSD,1.12671,23/05/2025 11:30:59,1.13340,-0.30,-0.41,66.90,32.74,36.59,74.60,-4.35,-8.10,1212,Wayne Class,17.38,17.38hrs
21/05/2025 17:00:21,buy,0.02,EURUSD,1.13373,23/05/2025 11:30:57,1.13339,-0.12,-0.65,-3.40,-1.45,4.24,21.80,-16.27,-78.30,1212,Wayne Class,42.51,1.77days
20/05/2025 05:45:00,buy,0.02,EURUSD,1.12414,21/05/2025 03:52:43,1.12897,-0.12,-0.16,48.30,9.38,11.00,56.40,-3.34,-16.10,1212,Wayne Class,22.13,22.13hrs
16/05/2025 03:49:38,buy,0.07,AUDCAD,0.89247,20/05/2025 00:01:09,0.89942,-0.42,0.16,69.50,34.65,43.20,86.80,0.00,0.00,1212,Wayne Class,92.19,3.84days
14/05/2025 21:15:01,buy,0.03,AUDCAD,0.89809,20/05/2025 00:01:08,0.89943,-0.18,0.19,13.40,2.90,6.56,30.60,-11.72,-54.30,1212,Wayne Class,122.77,5.12days
15/05/2025 21:25:37,buy,0.05,AUDCAD,0.89397,20/05/2025 00:01:07,0.89943,-0.30,0.16,54.60,19.45,25.53,71.80,-4.94,-13.10,1212,Wayne Class,98.59,4.11days
14/05/2025 15:00:00,buy,0.02,AUDCAD,0.90221,20/05/2025 00:01:06,0.89943,-0.12,0.13,-27.80,-3.98,0.12,1.70,-13.72,-95.50,1212,Wayne Class,129.02,5.38days
15/05/2025 13:00:00,buy,0.02,GBPCAD,1.85740,19/05/2025 11:28:05,1.86395,-0.12,0.06,65.50,9.33,10.76,75.60,-6.07,-41.90,1212,Wayne Class,94.47,3.94days
13/05/2025 03:43:19,buy,0.03,EURJPY,164.25100,13/05/2025 19:03:12,165.05600,-0.18,0.00,80.50,16.18,18.99,94.50,-2.27,-10.30,1212,Wayne Class,15.33,15.33hrs
12/05/2025 16:05:55,buy,0.02,EURJPY,164.52700,13/05/2025 19:03:10,165.05800,-0.12,0.02,53.10,7.09,8.95,66.90,-5.26,-38.10,1212,Wayne Class,26.95,1.12days
12/05/2025 03:30:01,buy,0.02,GBPCAD,1.85094,12/05/2025 15:34:32,1.84480,-0.12,0.00,-61.40,-8.89,1.37,10.40,-16.33,-113.30,1212,Wayne Class,12.08,12.08hrs
12/05/2025 10:25:25,buy,0.05,GBPCAD,1.84450,12/05/2025 15:34:31,1.84478,-0.30,0.00,2.80,0.70,0.70,2.80,-18.04,-49.60,1212,Wayne Class,5.15,5.15hrs
12/05/2025 10:02:37,buy,0.03,GBPCAD,1.84620,12/05/2025 15:34:31,1.84480,-0.18,0.00,-14.00,-3.19,4.41,21.40,-14.47,-66.60,1212,Wayne Class,5.53,5.53hrs
12/05/2025 10:28:21,buy,0.07,GBPCAD,1.84288,12/05/2025 15:34:30,1.84480,-0.42,0.00,19.20,9.19,9.19,19.20,-16.89,-32.90,1212,Wayne Class,5.10,5.10hrs
12/05/2025 10:51:53,buy,0.15,GBPCAD,1.83973,12/05/2025 15:34:29,1.84480,-0.90,0.00,50.70,53.45,53.45,50.70,-2.51,-1.50,1212,Wayne Class,4.71,4.71hrs
12/05/2025 10:36:35,buy,0.10,GBPCAD,1.84125,12/05/2025 15:34:29,1.84480,-0.60,0.00,35.50,24.77,24.77,35.50,-12.54,-16.70,1212,Wayne Class,4.96,4.96hrs
09/05/2025 14:05:00,buy,0.02,EURJPY,163.40700,12/05/2025 04:20:06,164.04800,-0.12,0.01,64.10,8.66,10.15,75.00,-2.01,-13.70,1212,Wayne Class,62.25,2.59days
07/05/2025 22:14:54,buy,0.07,AUDCAD,0.88818,12/05/2025 01:46:37,0.89398,-0.42,0.34,58.00,29.07,34.59,69.00,-0.07,0.00,1212,Wayne Class,99.53,4.15days
07/05/2025 17:04:47,buy,0.03,AUDCAD,0.89122,12/05/2025 01:46:36,0.89398,-0.18,0.15,27.60,5.92,8.28,38.60,-6.62,-29.80,1212,Wayne Class,104.70,4.36days
07/05/2025 19:05:00,buy,0.05,AUDCAD,0.88975,12/05/2025 01:46:35,0.89398,-0.30,0.25,42.30,15.13,19.08,53.30,-5.72,-15.10,1212,Wayne Class,102.69,4.28days
07/05/2025 09:05:03,buy,0.02,AUDCAD,0.89448,12/05/2025 01:46:34,0.89398,-0.12,0.10,-5.00,-0.74,0.90,6.40,-9.13,-62.40,1212,Wayne Class,112.69,4.70days
07/05/2025 11:12:44,sell,0.07,EURJPY,162.87600,07/05/2025 20:59:48,162.69300,-0.42,0.00,18.30,8.51,13.98,29.50,-7.45,-14.40,1212,Wayne Class,9.78,9.78hrs
07/05/2025 01:40:13,sell,0.03,EURJPY,162.40700,07/05/2025 20:59:47,162.69300,-0.18,0.00,-28.60,-6.16,7.76,37.80,-13.00,-61.30,1212,Wayne Class,19.33,19.33hrs
07/05/2025 10:41:16,sell,0.05,EURJPY,162.72800,07/05/2025 20:59:46,162.69300,-0.30,0.00,3.50,0.92,4.83,14.70,-10.48,-29.20,1212,Wayne Class,10.31,10.31hrs
06/05/2025 22:00:01,sell,0.02,EURJPY,161.98100,07/05/2025 20:59:45,162.70100,-0.12,-0.15,-72.00,-10.31,0.34,3.30,-14.76,-103.90,1212,Wayne Class,23.00,23.00hrs
05/05/2025 16:57:03,buy,0.02,AUDCAD,0.89498,06/05/2025 17:49:06,0.89364,-0.12,0.02,-13.40,-2.05,0.76,6.10,-6.69,-45.60,1212,Wayne Class,24.87,1.04days
05/05/2025 02:35:01,buy,0.02,EURJPY,163.78100,06/05/2025 17:49:06,162.11300,-0.12,0.01,-166.80,-23.47,0.00,0.00,-30.25,-215.00,1212,Wayne Class,39.23,1.63days
05/05/2025 11:15:44,buy,0.03,EURJPY,163.21300,06/05/2025 17:49:05,162.11300,-0.18,0.02,-110.00,-23.27,2.66,13.60,-33.42,-158.20,1212,Wayne Class,30.56,1.27days
06/05/2025 02:21:48,buy,0.07,EURJPY,162.46400,06/05/2025 17:49:04,162.11100,-0.42,0.00,-35.30,-17.73,22.59,47.30,-41.29,-83.30,1212,Wayne Class,15.45,15.45hrs
05/05/2025 18:10:41,buy,0.05,EURJPY,162.93300,06/05/2025 17:49:04,162.11300,-0.30,0.04,-82.00,-28.98,3.55,11.10,-45.89,-130.20,1212,Wayne Class,23.64,23.64hrs
06/05/2025 10:26:15,sell,0.03,GBPCAD,1.83973,06/05/2025 17:49:03,1.84464,-0.18,0.00,-49.10,-10.86,0.45,2.90,-21.03,-95.90,1212,Wayne Class,7.38,7.38hrs
05/05/2025 21:00:00,sell,0.02,GBPCAD,1.83406,06/05/2025 17:49:03,1.84464,-0.12,-0.23,-105.80,-15.70,0.00,0.00,-22.47,-152.60,1212,Wayne Class,20.82,20.82hrs
06/05/2025 11:07:23,buy,0.10,EURJPY,162.28700,06/05/2025 17:49:02,162.10900,-0.60,0.00,-17.80,-13.06,5.96,9.40,-46.58,-65.60,1212,Wayne Class,6.69,6.69hrs
06/05/2025 11:26:29,buy,0.15,EURJPY,162.13700,06/05/2025 17:49:01,162.10300,-0.90,0.00,-3.40,-4.47,0.46,1.40,-54.10,-50.60,1212,Wayne Class,6.38,6.38hrs
06/05/2025 11:08:54,sell,0.05,GBPCAD,1.84123,06/05/2025 17:49:01,1.84462,-0.30,0.00,-33.90,-12.60,4.48,13.10,-29.61,-80.90,1212,Wayne Class,6.67,6.67hrs
06/05/2025 13:54:18,sell,0.10,GBPCAD,1.84425,06/05/2025 17:49:00,1.84453,-0.60,0.00,-2.80,-2.63,0.00,0.00,-37.34,-50.70,1212,Wayne Class,3.91,3.91hrs
06/05/2025 13:32:35,sell,0.07,GBPCAD,1.84275,06/05/2025 17:49:00,1.84453,-0.42,0.00,-17.80,-9.45,0.04,0.90,-33.75,-65.70,1212,Wayne Class,4.27,4.27hrs
06/05/2025 14:11:44,sell,0.15,GBPCAD,1.84575,06/05/2025 17:48:59,1.84455,-0.90,0.00,12.00,12.16,12.16,12.00,-39.92,-35.90,1212,Wayne Class,3.62,3.62hrs
06/05/2025 15:39:30,sell,0.23,GBPCAD,1.84761,06/05/2025 17:48:58,1.84456,-1.38,0.00,30.50,49.50,49.50,30.50,-30.21,-17.30,1212,Wayne Class,2.16,2.16hrs
06/05/2025 14:59:46,buy,0.23,EURJPY,161.72400,06/05/2025 17:48:58,162.10300,-1.38,0.00,37.90,59.67,59.81,37.90,-16.37,-9.30,1212,Wayne Class,2.82,2.82hrs
06/05/2025 15:56:17,sell,0.34,GBPCAD,1.84911,06/05/2025 17:48:57,1.84455,-2.04,0.00,45.60,110.40,110.40,45.60,-7.71,-2.30,1212,Wayne Class,1.88,1.88hrs
01/05/2025 11:22:22,sell,0.03,GBPCAD,1.83994,01/05/2025 18:42:31,1.83914,-0.18,0.00,8.00,1.55,8.64,8.00,-5.89,0.00,1212,Wayne Class,7.34,7.34hrs
01/05/2025 12:23:38,sell,0.05,GBPCAD,1.84145,01/05/2025 18:42:30,1.83913,-0.30,0.00,23.20,8.07,19.86,23.20,-4.35,0.00,1212,Wayne Class,6.31,6.31hrs
01/05/2025 05:30:01,sell,0.02,GBPCAD,1.83554,01/05/2025 18:42:28,1.83913,-0.12,0.00,-35.90,-5.31,3.76,0.00,-10.30,-35.90,1212,Wayne Class,13.21,13.21hrs
28/04/2025 19:57:45,sell,0.05,EURUSD,1.14190,30/04/2025 05:09:14,1.13653,-0.30,0.38,53.70,26.93,31.78,53.70,-3.41,0.00,1212,Wayne Class,33.19,1.38days
28/04/2025 17:40:55,sell,0.03,EURUSD,1.14042,30/04/2025 05:09:14,1.13653,-0.18,0.24,38.90,11.73,14.64,38.90,-6.48,0.00,1212,Wayne Class,35.47,1.48days
25/04/2025 08:00:01,sell,0.02,EURUSD,1.13341,30/04/2025 05:09:12,1.13652,-0.12,0.23,-31.10,-6.11,0.00,0.00,-18.27,-31.10,1212,Wayne Class,117.15,4.88days
22/04/2025 16:19:04,buy,0.03,AUDCAD,0.88368,23/04/2025 16:39:16,0.88853,-0.18,0.03,48.50,10.36,10.36,48.50,0.00,0.00,1212,Wayne Class,24.34,1.01days
22/04/2025 18:38:52,buy,0.05,AUDCAD,0.88223,23/04/2025 16:39:15,0.88824,-0.30,0.06,60.10,21.47,21.47,60.10,0.00,0.00,1212,Wayne Class,22.01,22.01hrs
21/04/2025 12:00:01,buy,0.02,AUDCAD,0.88683,23/04/2025 16:39:14,0.88843,-0.12,0.04,16.00,2.23,2.23,16.00,0.00,0.00,1212,Wayne Class,52.65,2.19days
23/04/2025 01:26:54,buy,0.34,EURUSD,1.13317,23/04/2025 04:03:20,1.13909,-2.04,0.00,59.20,199.24,199.24,59.20,0.00,0.00,1212,Wayne Class,2.61,2.61hrs
23/04/2025 00:33:12,buy,0.07,EURUSD,1.13942,23/04/2025 04:03:19,1.13910,-0.42,0.00,-3.20,-2.66,0.00,0.00,-2.66,-3.20,1212,Wayne Class,3.50,3.50hrs
23/04/2025 01:00:22,buy,0.15,EURUSD,1.13630,23/04/2025 04:03:18,1.13908,-0.90,0.00,27.80,40.80,40.80,27.80,0.00,0.00,1212,Wayne Class,3.05,3.05hrs
22/04/2025 15:23:58,buy,0.03,EURUSD,1.14654,23/04/2025 04:03:16,1.13916,-0.18,-0.23,-73.80,-22.55,0.00,0.00,-22.55,-73.80,1212,Wayne Class,12.65,12.65hrs
23/04/2025 01:29:04,buy,0.51,EURUSD,1.13166,23/04/2025 04:03:15,1.13916,-3.06,0.00,75.00,379.44,379.44,75.00,0.00,0.00,1212,Wayne Class,2.57,2.57hrs
23/04/2025 01:04:16,buy,0.23,EURUSD,1.13479,23/04/2025 04:03:14,1.13921,-1.38,0.00,44.20,100.28,100.28,44.20,0.00,0.00,1212,Wayne Class,2.98,2.98hrs
23/04/2025 00:36:15,buy,0.10,EURUSD,1.13792,23/04/2025 04:03:14,1.13924,-0.60,0.00,13.20,12.60,12.60,13.20,0.00,0.00,1212,Wayne Class,3.45,3.45hrs
22/04/2025 19:21:41,buy,0.05,EURUSD,1.14421,23/04/2025 04:03:13,1.13923,-0.30,-0.38,-49.80,-25.58,0.00,0.00,-25.58,-49.80,1212,Wayne Class,8.69,8.69hrs
22/04/2025 01:30:02,buy,0.02,EURUSD,1.15237,23/04/2025 04:03:12,1.13929,-0.12,-0.15,-130.80,-26.43,0.00,0.00,-26.43,-130.80,1212,Wayne Class,26.55,1.11days
21/04/2025 16:26:22,buy,0.02,EURUSD,1.15100,21/04/2025 17:02:45,1.15198,-0.12,0.00,9.80,1.84,1.84,9.80,0.00,0.00,1212,Wayne Class,0.61,0.61hrs
21/04/2025 05:00:01,buy,0.02,EURUSD,1.14766,21/04/2025 05:28:30,1.15174,-0.12,0.00,40.80,8.04,8.04,40.80,0.00,0.00,1212,Wayne Class,0.47,0.47hrs
17/04/2025 00:03:06,buy,0.02,EURUSD,1.14024,21/04/2025 02:55:18,1.14472,-0.12,-0.30,44.80,8.54,8.54,44.80,0.00,0.00,1212,Wayne Class,98.87,4.12days
17/04/2025 07:54:35,buy,0.03,AUDCAD,0.88071,18/04/2025 01:01:08,0.88262,-0.18,0.04,19.10,4.00,4.00,19.10,0.00,0.00,1212,Wayne Class,17.11,17.11hrs
16/04/2025 07:00:01,buy,0.02,AUDCAD,0.88458,18/04/2025 01:01:07,0.88262,-0.12,0.11,-19.60,-2.84,0.00,0.00,-2.84,-19.60,1212,Wayne Class,42.02,1.75days
16/04/2025 08:00:01,buy,0.02,EURUSD,1.13456,16/04/2025 22:30:11,1.14027,-0.12,0.00,57.10,11.30,11.30,57.10,0.00,0.00,1212,Wayne Class,14.50,14.50hrs
08/04/2025 00:00:00,balance,0.00,,0.00000,08/04/2025 00:00:00,0.00000,0.00,0.00,0.00,-82.19,0.00,0.00,0.00,0.00,0,Summary order 2025-04-07,0.00,0.00hrs
29/03/2025 00:00:00,balance,0.00,,0.00000,29/03/2025 00:00:00,0.00000,0.00,0.00,0.00,72.76,0.00,0.00,0.00,0.00,0,Summary order 2025-03-28,0.00,0.00hrs
24/03/2025 13:46:11,balance,0.01,,0.00000,24/03/2025 13:46:11,0.00000,0.00,0.00,0.00,5000.00,0.00,0.00,0.00,0.00,0,Transfer In from 1873181,0.00,0.00hrs
