Open Time,Type,Lots,Symbol,Open Price,Close Time,Close Price,Commission,Swap,Net Pips,Net Profit,Max Profit,Max Pips,Max Loss,Max Loss Pips,Magic Number,Comment,Holding Time (Hours),Holding Time
29/05/2026 07:00:22,buy,0.10,AUDNZD,1.20239,02/06/2026 18:00:25,1.21165,0.00,0.44,92.60,55.33,56.42,94.50,-32.39,-54.60,1,Dragon Wave_NZ2,107.00,4.46days
29/05/2026 17:00:02,buy,0.10,GBPNZD,2.24636,02/06/2026 17:00:26,2.27308,0.00,0.18,267.20,158.44,166.04,280.00,-7.37,-12.50,1,Dragon Wave_KZ2,96.01,4.00days
29/05/2026 02:00:22,buy,0.10,EURNZD,1.96357,02/06/2026 16:00:19,1.96497,0.00,-0.77,14.00,7.53,9.72,17.70,-111.93,-186.90,1,Dragon Wave_FZ2,110.00,4.58days
29/05/2026 08:00:20,buy,0.25,EURNZD,1.95350,02/06/2026 16:00:16,1.96497,0.00,-1.94,114.70,168.05,173.41,118.40,-129.06,-86.20,1,Dragon Wave_FZ3,104.00,4.33days
29/05/2026 07:00:03,buy,0.10,AUDNZD,1.20226,02/06/2026 13:00:04,1.21146,0.00,0.44,92.00,54.98,57.19,95.80,-31.62,-53.30,1,Dragon Wave_BZ2,102.00,4.25days
29/05/2026 03:00:13,buy,0.10,AUDNZD,1.20506,02/06/2026 12:00:22,1.21071,0.00,0.44,56.50,33.94,33.94,56.50,-48.35,-81.30,1,Dragon Wave_IZ2,105.00,4.38days
29/05/2026 03:00:22,buy,0.10,AUDNZD,1.20512,02/06/2026 11:00:22,1.20992,0.00,0.44,48.00,28.93,29.99,49.90,-48.71,-81.90,1,Dragon Wave_KZ2,104.00,4.33days
29/05/2026 03:00:08,buy,0.10,AUDNZD,1.20510,02/06/2026 04:00:34,1.20934,0.00,0.44,42.40,25.54,25.54,42.40,-48.59,-81.70,1,Dragon Wave_FZ2,97.01,4.04days
29/05/2026 04:00:11,buy,0.10,GBPNZD,2.25952,02/06/2026 03:57:15,2.27257,0.00,0.18,130.50,77.44,77.44,130.50,-89.11,-148.80,1,Dragon Wave_FZ2[tp],95.95,4.00days
29/05/2026 03:00:04,buy,0.10,AUDNZD,1.20513,02/06/2026 03:56:03,1.20922,0.00,0.44,40.90,24.65,24.65,40.90,-48.77,-82.00,1,Dragon Wave_DZ2[tp],96.93,4.04days
29/05/2026 12:00:02,buy,0.10,GBPNZD,2.25024,02/06/2026 03:55:46,2.27202,0.00,0.18,217.80,129.14,129.14,217.80,-33.54,-56.00,1,Dragon Wave_DZ2[tp],87.93,3.66days
29/05/2026 04:00:00,buy,0.10,AUDNZD,1.20426,01/06/2026 16:53:30,1.20676,0.00,0.24,25.00,15.04,15.04,25.00,-43.57,-73.30,1,Dragon Wave_AZ2[tp],84.89,3.54days
29/05/2026 07:00:09,buy,0.10,EURNZD,1.95573,01/06/2026 16:53:10,1.96252,0.00,-0.36,67.90,39.82,39.82,67.90,-64.98,-108.50,1,Dragon Wave_DZ2[tp],81.88,3.41days
29/05/2026 17:00:33,sell,0.10,NZDUSD,0.59814,01/06/2026 16:51:48,0.59197,0.00,0.13,61.70,61.83,61.83,61.70,-11.60,-11.60,1,Dragon Wave_KZ2[tp],71.85,2.99days
29/05/2026 19:00:01,sell,0.25,NZDJPY,95.38200,01/06/2026 16:50:50,94.54700,0.00,-0.92,83.50,129.80,129.80,83.50,-16.76,-10.10,1,Dragon Wave_DZ3[tp],69.85,2.91days
29/05/2026 03:00:13,sell,0.10,NZDJPY,94.65600,01/06/2026 16:50:50,94.54700,0.00,-0.37,10.90,6.46,6.46,10.90,-52.25,-82.70,1,Dragon Wave_DZ2[tp],85.84,3.58days
29/05/2026 15:00:03,sell,0.10,NZDCAD,0.82430,01/06/2026 16:49:31,0.81966,0.00,-0.17,46.40,33.35,33.35,46.40,-20.85,-28.80,1,Dragon Wave_DZ2[tp],73.82,3.08days
29/05/2026 07:00:02,sell,0.25,NZDJPY,94.82100,01/06/2026 16:45:26,94.62900,0.00,-0.92,19.20,29.13,29.13,19.20,-104.74,-66.20,1,Dragon Wave_AZ3[tp],81.76,3.41days
28/05/2026 18:00:03,sell,0.10,NZDJPY,94.24700,01/06/2026 16:45:26,94.62900,0.00,-0.74,-38.20,-24.66,0.00,0.00,-78.27,-123.60,1,Dragon Wave_AZ2[tp],94.76,3.95days
29/05/2026 11:00:05,buy,0.25,GBPNZD,2.25241,01/06/2026 16:43:56,2.26593,0.00,0.28,135.20,200.54,200.54,135.20,-116.33,-77.70,1,Dragon Wave_AZ3[tp],77.73,3.24days
28/05/2026 20:00:06,buy,0.10,GBPNZD,2.26639,01/06/2026 16:43:56,2.26593,0.00,0.22,-4.60,-2.51,4.45,7.50,-130.15,-217.50,1,Dragon Wave_AZ2[tp],92.73,3.86days
29/05/2026 17:00:23,sell,0.25,NZDUSD,0.59809,01/06/2026 16:34:51,0.59280,0.00,0.31,52.90,132.56,132.56,52.90,-30.25,-12.10,1,Dragon Wave_FZ3[tp],71.57,2.98days
29/05/2026 17:00:01,buy,0.25,EURNZD,1.94695,01/06/2026 16:34:51,1.96090,0.00,-0.90,139.50,205.79,205.79,139.50,-24.37,-15.70,1,Dragon Wave_AZ3[tp],71.58,2.98days
29/05/2026 04:00:12,buy,0.10,EURNZD,1.95825,01/06/2026 16:34:51,1.96090,0.00,-0.36,26.50,15.35,15.35,26.50,-80.07,-133.70,1,Dragon Wave_AZ2[tp],84.58,3.52days
29/05/2026 03:00:09,sell,0.10,NZDUSD,0.59433,01/06/2026 16:34:51,0.59280,0.00,0.13,15.30,15.43,15.43,15.30,-49.70,-49.70,1,Dragon Wave_FZ2[tp],85.58,3.57days
29/05/2026 17:00:11,sell,0.10,NZDUSD,0.59812,01/06/2026 16:29:03,0.59318,0.00,0.13,49.10,49.23,49.53,49.40,-11.80,-11.80,1,Dragon Wave_DZ2[tp],71.48,2.98days
29/05/2026 12:00:00,sell,0.10,NZDCAD,0.82273,01/06/2026 16:28:38,0.82062,0.00,-0.17,21.10,15.08,15.08,21.10,-32.22,-44.50,1,Dragon Wave_AZ2[tp],76.48,3.19days
29/05/2026 16:00:11,sell,0.10,NZDUSD,0.59788,01/06/2026 16:12:58,0.59379,0.00,0.13,40.90,41.03,41.03,40.90,-14.20,-14.20,1,Dragon Wave_AZ2[tp],72.21,3.01days
29/05/2026 14:00:09,buy,0.10,GBPCHF,1.05028,29/05/2026 17:58:12,1.05256,0.00,0.00,11.70,14.99,29.20,22.80,-8.83,-6.90,1,Dragon Wave_AZ2[tp],3.97,3.97hrs
28/05/2026 05:00:20,sell,0.10,USDCAD,1.38531,29/05/2026 17:55:15,1.37745,0.00,-0.53,78.60,56.53,56.53,78.60,-12.47,-17.30,1,Dragon Wave_LZ2[tp],36.92,1.54days
27/05/2026 11:00:08,sell,0.10,USDCAD,1.38269,29/05/2026 17:52:58,1.37893,0.00,-2.12,37.60,25.15,34.12,49.20,-32.95,-43.50,1,Dragon Wave_EZ2[tp],54.88,2.29days
27/05/2026 18:00:08,sell,0.10,USDCAD,1.38492,28/05/2026 22:00:27,1.37840,0.00,-1.59,65.20,45.71,46.59,66.60,-16.87,-21.20,1,Dragon Wave_GZ2,28.01,1.17days
22/05/2026 18:00:08,sell,0.10,USDCAD,1.38192,28/05/2026 21:00:23,1.37865,0.00,-3.20,32.70,20.52,22.05,34.80,-40.11,-51.20,1,Dragon Wave_NZ2,147.00,6.13days
27/05/2026 11:00:20,sell,0.10,USDCAD,1.38278,28/05/2026 19:00:23,1.38000,0.00,-1.59,27.80,18.55,18.63,27.90,-32.30,-42.60,1,Dragon Wave_IZ2,32.00,1.33days
27/05/2026 11:00:26,sell,0.10,USDCAD,1.38279,28/05/2026 18:50:33,1.37999,0.00,-1.59,28.00,18.70,18.70,28.00,-32.23,-42.50,1,Dragon Wave_KZ2[tp],31.84,1.33days
28/05/2026 03:00:03,sell,0.10,USDJPY,159.56300,28/05/2026 17:13:09,159.31100,0.00,0.00,25.20,15.82,15.82,25.20,-5.51,-8.80,1,Dragon Wave_AZ2[tp],14.22,14.22hrs
25/05/2026 16:00:23,sell,0.10,CHFJPY,203.42500,28/05/2026 03:00:27,202.54100,0.00,0.16,88.40,55.56,55.56,88.40,-2.52,-4.00,1,Dragon Wave_KZ2,59.00,2.46days
25/05/2026 14:00:17,sell,0.10,CHFJPY,203.39700,27/05/2026 19:00:29,202.61400,0.00,0.06,78.30,49.15,49.15,78.30,-5.04,-8.00,1,Dragon Wave_FZ2,53.00,2.21days
25/05/2026 10:00:12,buy,0.10,CADCHF,0.56607,27/05/2026 19:00:23,0.56910,0.00,0.39,30.30,38.89,42.06,32.90,-7.30,-5.70,1,Dragon Wave_FZ2,57.00,2.38days
20/05/2026 13:00:15,buy,0.10,EURUSD,1.15884,27/05/2026 15:21:59,1.16524,0.00,-4.85,64.00,59.15,59.15,64.00,0.00,0.00,1,Dragon Wave_EZ2[tp],170.36,7.10days
20/05/2026 13:00:24,buy,0.10,EURUSD,1.15886,27/05/2026 10:00:10,1.16446,0.00,-4.85,56.00,51.15,51.15,56.00,0.00,0.00,1,Dragon Wave_GZ2,165.00,6.87days
25/05/2026 10:00:02,buy,0.10,CADCHF,0.56611,26/05/2026 16:53:56,0.56897,0.00,0.20,28.60,36.60,36.60,28.60,0.00,0.00,1,Dragon Wave_AZ2[tp],30.90,1.29days
22/05/2026 20:00:40,buy,0.10,EURCHF,0.91064,26/05/2026 15:00:22,0.91362,0.00,0.50,29.80,38.44,38.44,29.80,0.00,0.00,1,Dragon Wave_NZ2,91.00,3.79days
22/05/2026 20:00:27,buy,0.10,EURCHF,0.91070,26/05/2026 09:59:11,0.91337,0.00,0.50,26.70,34.51,34.51,26.70,0.00,0.00,1,Dragon Wave_IZ2[tp],85.98,3.58days
22/05/2026 20:00:33,buy,0.10,EURCHF,0.91069,26/05/2026 09:56:34,0.91318,0.00,0.50,24.90,32.23,32.23,24.90,0.00,0.00,1,Dragon Wave_KZ2[tp],85.93,3.58days
22/05/2026 20:00:21,buy,0.10,EURCHF,0.91071,26/05/2026 09:55:15,0.91295,0.00,0.50,22.40,29.05,29.05,22.40,0.00,0.00,1,Dragon Wave_BZ2[tp],85.92,3.58days
22/05/2026 20:00:14,buy,0.10,EURCHF,0.91072,25/05/2026 16:38:18,0.91160,0.00,0.27,8.80,11.51,11.51,8.80,0.00,0.00,1,Dragon Wave_AZ2[tp],68.63,2.86days
20/05/2026 13:00:34,buy,0.10,EURUSD,1.15885,25/05/2026 16:00:19,1.16477,0.00,-3.49,59.20,55.71,55.71,59.20,0.00,0.00,1,Dragon Wave_NZ2,123.00,5.12days
15/05/2026 09:00:32,buy,0.10,GBPUSD,1.33432,25/05/2026 02:00:27,1.34841,0.00,-0.72,140.90,140.18,140.18,140.90,0.00,0.00,1,Dragon Wave_LZ2,233.00,9.71days
15/05/2026 09:00:26,buy,0.10,GBPUSD,1.33433,25/05/2026 02:00:24,1.34842,0.00,-0.72,140.90,140.18,140.18,140.90,0.00,0.00,1,Dragon Wave_JZ2,233.00,9.71days
19/05/2026 18:00:17,buy,0.10,EURUSD,1.15969,25/05/2026 00:00:00,1.16305,0.00,-4.19,33.60,29.41,29.41,33.60,0.00,0.00,1,Dragon Wave_KZ2[tp],126.00,5.25days
15/05/2026 09:00:20,buy,0.10,GBPUSD,1.33421,22/05/2026 21:00:23,1.34485,0.00,-0.63,106.40,105.77,105.77,106.40,0.00,0.00,1,Dragon Wave_GZ2,180.00,7.50days
15/05/2026 09:00:35,buy,0.10,GBPUSD,1.33430,22/05/2026 16:09:50,1.34572,0.00,-0.63,114.20,113.57,113.57,114.20,0.00,0.00,1,Dragon Wave_NZ2[tp],175.15,7.30days
15/05/2026 09:00:17,buy,0.10,GBPUSD,1.33428,21/05/2026 20:51:29,1.34464,0.00,-0.54,103.60,103.06,103.06,103.60,0.00,0.00,1,Dragon Wave_EZ2[tp],155.85,6.49days
19/05/2026 18:00:13,sell,0.10,USDCHF,0.79041,21/05/2026 20:42:01,0.78643,0.00,-6.40,39.80,44.21,44.21,39.80,0.00,0.00,1,Dragon Wave_KZ2[tp],50.70,2.11days
18/05/2026 03:00:03,buy,0.10,EURUSD,1.16150,21/05/2026 11:16:03,1.16342,0.00,-3.49,19.20,15.71,15.71,19.20,0.00,0.00,1,Dragon Wave_FZ2[tp],80.27,3.34days
19/05/2026 18:00:04,buy,0.10,EURUSD,1.15970,20/05/2026 18:16:14,1.16412,0.00,-0.70,44.20,43.50,43.50,44.20,0.00,0.00,1,Dragon Wave_DZ2[tp],24.27,1.01days
15/05/2026 09:00:24,buy,0.10,GBPUSD,1.33429,20/05/2026 17:56:22,1.34391,0.00,-0.27,96.20,95.93,95.93,96.20,0.00,0.00,1,Dragon Wave_IZ2[tp],128.93,5.37days
19/05/2026 18:00:06,sell,0.10,USDCHF,0.79041,20/05/2026 17:55:52,0.78716,0.00,-1.60,32.50,39.69,39.69,32.50,0.00,0.00,1,Dragon Wave_FZ2[tp],23.93,23.93hrs
19/05/2026 17:00:06,buy,0.10,AUDUSD,0.71081,20/05/2026 17:51:59,0.71523,0.00,0.06,44.20,44.26,44.26,44.20,0.00,0.00,1,Dragon Wave_FZ2[tp],24.86,1.04days
15/05/2026 09:00:29,buy,0.10,GBPUSD,1.33431,20/05/2026 17:31:49,1.34319,0.00,-0.27,88.80,88.53,88.53,88.80,0.00,0.00,1,Dragon Wave_KZ2[tp],128.52,5.36days
15/05/2026 09:00:00,buy,0.10,GBPUSD,1.33433,20/05/2026 17:31:13,1.34302,0.00,-0.27,86.90,86.63,86.63,86.90,0.00,0.00,1,Dragon Wave_BZ2[tp],128.52,5.36days
15/05/2026 04:00:28,buy,0.10,GBPUSD,1.33812,20/05/2026 17:16:57,1.34187,0.00,-0.27,37.50,37.23,37.23,37.50,0.00,0.00,1,Dragon Wave_FZ2[tp],133.27,5.55days
15/05/2026 20:00:02,buy,0.25,NZDCAD,0.80281,18/05/2026 22:03:14,0.80747,0.00,-0.24,46.60,84.56,84.56,46.60,0.00,0.00,1,Dragon Wave_AZ3[tp],74.05,3.09days
15/05/2026 10:00:02,buy,0.10,NZDCAD,0.80585,18/05/2026 22:03:14,0.80747,0.00,-0.10,16.20,11.69,11.69,16.20,0.00,0.00,1,Dragon Wave_AZ2[tp],84.05,3.50days
15/05/2026 23:00:17,buy,0.10,GBPCHF,1.04776,18/05/2026 19:15:56,1.05553,0.00,0.63,77.70,99.63,99.63,77.70,0.00,0.00,1,Dragon Wave_IZ2[tp],68.26,2.84days
15/05/2026 04:00:24,buy,0.10,GBPUSD,1.33803,18/05/2026 19:15:56,1.34472,0.00,-0.09,66.90,66.81,66.81,66.90,0.00,0.00,1,Dragon Wave_DZ2[tp],87.26,3.64days
14/05/2026 22:00:21,sell,0.10,EURGBP,0.87102,18/05/2026 19:00:20,0.86818,0.00,0.30,28.40,38.41,38.41,28.40,0.00,0.00,1,Dragon Wave_KZ2,93.00,3.87days
15/05/2026 05:00:02,buy,0.10,GBPUSD,1.33673,18/05/2026 18:57:06,1.34195,0.00,-0.09,52.20,52.11,52.11,52.20,0.00,0.00,1,Dragon Wave_AZ2[tp],85.95,3.58days
14/05/2026 21:00:12,buy,0.10,GBPAUD,1.85668,18/05/2026 18:57:04,1.87449,0.00,-1.37,178.10,126.11,126.11,178.10,0.00,0.00,1,Dragon Wave_GZ2[tp],93.95,3.91days
18/05/2026 06:00:09,buy,0.10,GBPCHF,1.04756,18/05/2026 18:57:00,1.05398,0.00,0.00,64.20,81.74,81.74,64.20,0.00,0.00,1,Dragon Wave_FZ2[tp],12.95,12.95hrs
13/05/2026 14:00:23,buy,0.10,GBPAUD,1.86344,18/05/2026 18:37:20,1.87361,0.00,-3.45,101.70,69.32,69.32,101.70,0.00,0.00,1,Dragon Wave_NZ2[tp],124.62,5.19days
15/05/2026 23:00:02,buy,0.10,GBPCHF,1.04774,18/05/2026 17:51:56,1.05240,0.00,0.63,46.60,59.96,59.96,46.60,0.00,0.00,1,Dragon Wave_AZ2[tp],66.86,2.79days
14/05/2026 21:00:18,buy,0.25,GBPAUD,1.85670,18/05/2026 17:36:06,1.87052,0.00,-3.44,138.20,243.80,243.80,138.20,0.00,0.00,1,Dragon Wave_IZ3[tp],92.60,3.86days
13/05/2026 05:00:21,buy,0.10,GBPAUD,1.86949,18/05/2026 17:36:06,1.87052,0.00,-3.45,10.30,3.92,3.92,10.30,0.00,0.00,1,Dragon Wave_IZ2[tp],132.60,5.52days
18/05/2026 07:00:05,sell,0.10,EURGBP,0.87291,18/05/2026 17:25:35,0.86928,0.00,0.00,36.30,48.64,48.64,36.30,0.00,0.00,1,Dragon Wave_AZ2[tp],10.43,10.43hrs
14/05/2026 21:00:02,buy,0.25,GBPAUD,1.85668,18/05/2026 17:22:51,1.87023,0.00,-3.44,135.50,239.07,239.07,135.50,0.00,0.00,1,Dragon Wave_BZ3[tp],92.38,3.85days
13/05/2026 05:00:09,buy,0.10,GBPAUD,1.86939,18/05/2026 17:22:51,1.87023,0.00,-3.45,8.40,2.56,2.56,8.40,0.00,0.00,1,Dragon Wave_BZ2[tp],132.38,5.52days
14/05/2026 21:00:21,buy,0.25,GBPAUD,1.85676,18/05/2026 17:21:56,1.86959,0.00,-3.44,128.30,226.26,226.26,128.30,0.00,0.00,1,Dragon Wave_KZ3[tp],92.36,3.85days
13/05/2026 05:00:25,buy,0.10,GBPAUD,1.86945,18/05/2026 17:21:56,1.86959,0.00,-3.45,1.40,-2.45,0.00,1.40,-2.45,0.00,1,Dragon Wave_KZ2[tp],132.36,5.51days
18/05/2026 04:00:05,buy,0.25,NZDUSD,0.58283,18/05/2026 15:47:06,0.58800,0.00,0.00,51.70,129.25,129.25,51.70,0.00,0.00,1,Dragon Wave_AZ3[tp],11.78,11.78hrs
15/05/2026 09:00:06,buy,0.10,NZDUSD,0.58612,18/05/2026 15:47:06,0.58800,0.00,-0.28,18.80,18.52,18.52,18.80,0.00,0.00,1,Dragon Wave_AZ2[tp],78.78,3.28days
15/05/2026 17:00:04,buy,0.25,NZDCHF,0.45938,18/05/2026 15:46:54,0.46129,0.00,0.48,19.10,61.34,61.34,19.10,0.00,0.00,1,Dragon Wave_AZ3[tp],70.78,2.95days
15/05/2026 10:00:12,buy,0.10,NZDCHF,0.46050,18/05/2026 15:46:54,0.46129,0.00,0.19,7.90,10.26,10.26,7.90,0.00,0.00,1,Dragon Wave_AZ2[tp],77.78,3.24days
18/05/2026 03:00:06,buy,0.25,AUDUSD,0.71315,18/05/2026 15:45:44,0.71798,0.00,0.00,48.30,120.75,120.75,48.30,0.00,0.00,1,Dragon Wave_AZ3[tp],12.76,12.76hrs
15/05/2026 12:00:09,sell,0.10,EURNZD,1.98857,18/05/2026 15:45:44,1.98293,0.00,-0.07,56.40,33.09,33.09,56.40,0.00,0.00,1,Dragon Wave_AZ2[tp],75.76,3.16days
15/05/2026 09:00:08,buy,0.10,AUDUSD,0.71591,18/05/2026 15:45:44,0.71798,0.00,0.05,20.70,20.75,20.75,20.70,0.00,0.00,1,Dragon Wave_AZ2[tp],78.76,3.28days
13/05/2026 14:00:06,buy,0.10,GBPAUD,1.86349,18/05/2026 03:54:36,1.86892,0.00,-3.45,54.30,35.20,35.20,54.30,0.00,0.00,1,Dragon Wave_FZ2[tp],109.91,4.58days
14/05/2026 21:00:30,buy,0.10,GBPNZD,2.26636,15/05/2026 15:00:25,2.28588,0.00,0.10,195.20,114.16,114.16,195.20,0.00,0.00,1,Dragon Wave_LZ2,18.00,18.00hrs
14/05/2026 21:00:19,buy,0.10,GBPNZD,2.26626,15/05/2026 14:25:51,2.28632,0.00,0.10,200.60,117.46,117.46,200.60,0.00,0.00,1,Dragon Wave_EZ2[tp],17.43,17.43hrs
14/05/2026 21:00:33,buy,0.10,GBPNZD,2.26636,15/05/2026 13:00:29,2.28378,0.00,0.10,174.20,101.91,101.91,174.20,0.00,0.00,1,Dragon Wave_NZ2,16.00,16.00hrs
14/05/2026 21:00:22,buy,0.10,GBPNZD,2.26631,15/05/2026 13:00:25,2.28388,0.00,0.10,175.70,102.77,102.77,175.70,0.00,0.00,1,Dragon Wave_GZ2,16.00,16.00hrs
14/05/2026 21:00:05,buy,0.10,GBPNZD,2.26624,15/05/2026 12:31:35,2.28357,0.00,0.10,173.30,101.33,101.33,173.30,0.00,0.00,1,Dragon Wave_BZ2[tp],15.53,15.53hrs
14/05/2026 21:00:27,buy,0.10,GBPNZD,2.26629,15/05/2026 11:00:24,2.28069,0.00,0.10,144.00,84.48,84.48,144.00,0.00,0.00,1,Dragon Wave_KZ2,14.00,14.00hrs
14/05/2026 22:00:19,buy,0.10,GBPNZD,2.26545,15/05/2026 11:00:21,2.28077,0.00,0.10,153.20,89.87,89.87,153.20,0.00,0.00,1,Dragon Wave_IZ2,13.00,13.00hrs
13/05/2026 18:00:32,sell,0.10,AUDCAD,0.99441,15/05/2026 08:47:04,0.98496,0.00,-2.51,94.50,66.19,66.19,94.50,0.00,0.00,1,Dragon Wave_LZ2[tp],38.78,1.62days
08/05/2026 16:00:33,sell,0.10,AUDCAD,0.99092,15/05/2026 08:45:06,0.98571,0.00,-4.37,52.10,33.52,33.52,52.10,0.00,0.00,1,Dragon Wave_GZ2[tp],160.74,6.70days
08/05/2026 16:00:27,sell,0.10,AUDCAD,0.99086,15/05/2026 08:45:02,0.98578,0.00,-4.37,50.80,32.58,32.58,50.80,0.00,0.00,1,Dragon Wave_EZ2[tp],160.74,6.70days
08/05/2026 16:00:40,sell,0.10,AUDCAD,0.99089,15/05/2026 08:00:25,0.98722,0.00,-4.37,36.70,22.33,22.33,36.70,0.00,0.00,1,Dragon Wave_NZ2,160.00,6.67days
08/05/2026 16:00:15,sell,0.10,AUDCAD,0.99084,15/05/2026 04:52:51,0.98825,0.00,-4.37,25.90,14.47,14.47,25.90,0.00,0.00,1,Dragon Wave_BZ2[tp],156.88,6.54days
13/05/2026 19:00:05,sell,0.25,AUDCAD,0.99497,15/05/2026 04:52:19,0.98828,0.00,-6.28,66.90,115.42,115.42,66.90,0.00,0.00,1,Dragon Wave_IZ3[tp],33.87,1.41days
07/05/2026 18:00:19,sell,0.10,AUDCAD,0.98940,15/05/2026 04:52:19,0.98828,0.00,-4.97,11.20,3.18,3.18,11.20,0.00,0.00,1,Dragon Wave_IZ2[tp],178.87,7.45days
08/05/2026 16:00:37,sell,0.10,AUDCAD,0.99088,15/05/2026 04:29:40,0.98874,0.00,-4.37,21.40,11.20,11.20,21.40,0.00,0.00,1,Dragon Wave_KZ2[tp],156.48,6.52days
08/05/2026 16:00:30,sell,0.10,AUDCAD,0.99085,15/05/2026 03:00:30,0.99016,0.00,-4.37,6.90,0.66,0.66,6.90,0.00,0.00,1,Dragon Wave_FZ2,155.00,6.46days
08/05/2026 16:00:25,sell,0.10,AUDCAD,0.99084,15/05/2026 03:00:27,0.99016,0.00,-4.37,6.80,0.58,0.58,6.80,0.00,0.00,1,Dragon Wave_DZ2,155.00,6.46days
07/05/2026 15:00:03,sell,0.10,NZDCAD,0.81496,15/05/2026 02:00:22,0.81077,0.00,-1.53,41.90,29.01,29.01,41.90,0.00,0.00,1,Dragon Wave_BZ2,179.01,7.46days
08/05/2026 16:00:26,sell,0.10,NZDCAD,0.81569,14/05/2026 23:00:22,0.81153,0.00,-1.15,41.60,29.16,29.16,41.60,0.00,0.00,1,Dragon Wave_IZ2,151.00,6.29days
13/05/2026 19:00:10,sell,0.10,AUDCHF,0.56815,14/05/2026 16:35:50,0.56500,0.00,-3.69,31.50,36.58,36.58,31.50,0.00,0.00,1,Dragon Wave_DZ2[tp],21.59,21.59hrs
12/05/2026 11:00:20,buy,0.10,GBPNZD,2.27396,14/05/2026 05:00:17,2.28081,0.00,0.39,68.50,41.00,41.00,68.50,0.00,0.00,1,Dragon Wave_FZ2,42.00,1.75days
08/05/2026 16:00:30,sell,0.10,NZDCAD,0.81566,13/05/2026 16:00:27,0.81148,0.00,-0.57,41.80,29.95,29.95,41.80,0.00,0.00,1,Dragon Wave_KZ2,120.00,5.00days
08/05/2026 16:00:20,buy,0.10,CADCHF,0.56810,13/05/2026 11:47:40,0.57093,0.00,0.68,28.30,36.86,36.86,28.30,0.00,0.00,1,Dragon Wave_DZ2[tp],115.79,4.82days
08/05/2026 16:00:26,buy,0.10,CADCHF,0.56810,13/05/2026 11:00:18,0.57032,0.00,0.68,22.20,29.08,29.08,22.20,0.00,0.00,1,Dragon Wave_FZ2,115.00,4.79days
12/05/2026 11:00:14,sell,0.10,EURGBP,0.86897,13/05/2026 08:56:11,0.86610,0.00,0.15,28.70,39.04,39.04,28.70,0.00,0.00,1,Dragon Wave_AZ2[tp],21.93,21.93hrs
07/05/2026 15:00:15,sell,0.25,NZDCAD,0.81494,13/05/2026 06:20:41,0.81331,0.00,-1.92,16.30,27.84,27.84,16.30,0.00,0.00,1,Dragon Wave_FZ3[tp],135.34,5.64days
06/05/2026 13:00:18,sell,0.10,NZDCAD,0.81120,13/05/2026 06:20:41,0.81331,0.00,-1.32,-21.10,-16.73,0.00,0.00,-16.73,-21.10,1,Dragon Wave_FZ2[tp],161.34,6.72days
07/05/2026 14:00:08,sell,0.10,NZDCAD,0.81467,13/05/2026 06:19:20,0.81349,0.00,-0.76,11.80,7.86,7.86,11.80,0.00,0.00,1,Dragon Wave_DZ2[tp],136.32,5.68days
08/05/2026 17:00:02,sell,0.25,NZDCAD,0.81710,13/05/2026 06:07:12,0.81441,0.00,-1.45,26.90,47.67,47.67,26.90,0.00,0.00,1,Dragon Wave_AZ3[tp],109.12,4.55days
06/05/2026 14:00:00,sell,0.10,NZDCAD,0.81281,13/05/2026 06:07:12,0.81441,0.00,-1.32,-16.00,-13.00,0.00,0.00,-13.00,-16.00,1,Dragon Wave_AZ2[tp],160.12,6.67days
08/05/2026 16:00:02,sell,0.10,EURCAD,1.61192,13/05/2026 05:00:23,1.60687,0.00,-0.54,50.50,36.35,36.35,50.50,0.00,0.00,1,Dragon Wave_AZ2,109.01,4.54days
08/05/2026 16:00:07,buy,0.10,CADCHF,0.56807,12/05/2026 16:55:11,0.57021,0.00,0.47,21.40,27.84,27.84,21.40,0.00,0.00,1,Dragon Wave_AZ2[tp],96.92,4.04days
08/05/2026 16:00:30,sell,0.10,GBPCAD,1.86403,12/05/2026 10:43:38,1.85260,0.00,-2.16,114.30,81.28,81.28,114.30,0.00,0.00,1,Dragon Wave_KZ2[tp],90.72,3.78days
08/05/2026 16:00:09,sell,0.10,AUDCAD,0.99081,12/05/2026 09:41:52,0.98824,0.00,-1.23,25.70,17.54,17.54,25.70,0.00,0.00,1,Dragon Wave_AZ2[tp],89.70,3.74days
30/04/2026 15:00:34,buy,0.10,EURJPY,183.07600,11/05/2026 04:00:28,184.72700,0.00,0.80,165.10,105.99,105.99,165.10,0.00,0.00,1,Dragon Wave_NZ2,253.00,10.54days
08/05/2026 16:00:27,sell,0.63,GBPCAD,1.86405,11/05/2026 00:01:11,1.85646,0.00,-6.69,75.90,342.64,342.64,75.90,0.00,0.00,1,Dragon Wave_IZ4[tp],56.01,2.33days
08/05/2026 16:00:24,sell,0.10,GBPCAD,1.86403,11/05/2026 00:01:11,1.85567,0.00,-1.06,83.60,60.02,60.02,83.60,0.00,0.00,1,Dragon Wave_FZ2[tp],56.01,2.33days
08/05/2026 16:00:17,sell,0.10,GBPCAD,1.86390,11/05/2026 00:01:11,1.85803,0.00,-1.06,58.70,41.83,41.83,58.70,0.00,0.00,1,Dragon Wave_DZ2[tp],56.02,2.33days
08/05/2026 16:00:14,sell,0.10,GBPCAD,1.86384,11/05/2026 00:01:11,1.85740,0.00,-1.06,64.40,45.99,45.99,64.40,0.00,0.00,1,Dragon Wave_BZ2[tp],56.02,2.33days
08/05/2026 16:00:05,sell,0.10,GBPCAD,1.86368,11/05/2026 00:01:11,1.85872,0.00,-1.06,49.60,35.17,35.17,49.60,0.00,0.00,1,Dragon Wave_AZ2[tp],56.02,2.33days
07/05/2026 18:00:19,sell,0.25,GBPCAD,1.85825,11/05/2026 00:01:11,1.85646,0.00,-5.31,17.90,27.38,27.38,17.90,0.00,0.00,1,Dragon Wave_IZ3[tp],78.01,3.25days
07/05/2026 05:00:15,sell,0.10,GBPCAD,1.85442,11/05/2026 00:01:11,1.85646,0.00,-2.12,-20.40,-17.02,0.00,0.00,-17.02,-20.40,1,Dragon Wave_IZ2[tp],91.02,3.79days
30/04/2026 15:00:13,buy,0.10,EURJPY,183.04600,08/05/2026 22:00:24,184.57900,0.00,0.71,153.30,98.53,98.53,153.30,0.00,0.00,1,Dragon Wave_BZ2,199.00,8.29days
30/04/2026 15:00:28,buy,0.10,EURJPY,183.08700,08/05/2026 14:00:21,184.42400,0.00,0.71,133.70,86.00,86.00,133.70,0.00,0.00,1,Dragon Wave_IZ2,191.00,7.96days
30/04/2026 15:00:31,buy,0.10,EURJPY,183.09000,08/05/2026 12:00:13,184.34000,0.00,0.71,125.00,80.48,80.48,125.00,0.00,0.00,1,Dragon Wave_KZ2,189.00,7.87days
30/04/2026 17:00:15,buy,0.10,EURGBP,0.86498,08/05/2026 03:17:31,0.86547,0.00,-8.37,4.90,-1.73,0.00,4.90,-1.73,0.00,1,Dragon Wave_IZ2[tp],178.29,7.43days
30/04/2026 17:00:07,buy,0.10,EURGBP,0.86495,07/05/2026 21:57:25,0.86535,0.00,-7.33,4.00,-1.90,0.00,4.00,-1.90,0.00,1,Dragon Wave_BZ2[tp],172.96,7.21days
30/04/2026 18:00:23,buy,0.10,EURGBP,0.86329,07/05/2026 20:00:35,0.86510,0.00,-7.33,18.10,17.27,17.27,18.10,0.00,0.00,1,Dragon Wave_NZ2,170.00,7.08days
30/04/2026 18:00:11,buy,0.10,EURGBP,0.86340,07/05/2026 20:00:26,0.86511,0.00,-7.33,17.10,15.91,15.91,17.10,0.00,0.00,1,Dragon Wave_GZ2,170.00,7.08days
30/04/2026 18:00:17,buy,0.25,EURGBP,0.86335,06/05/2026 13:53:21,0.86486,0.00,-10.48,15.10,40.99,40.99,15.10,0.00,0.00,1,Dragon Wave_KZ3[tp],139.88,5.83days
23/04/2026 13:00:17,buy,0.10,EURGBP,0.86628,06/05/2026 13:53:21,0.86486,0.00,-11.53,-14.20,-30.90,0.00,0.00,-30.90,-14.20,1,Dragon Wave_KZ2[tp],312.88,13.04days
30/04/2026 15:00:17,buy,0.10,EURJPY,183.03800,06/05/2026 05:00:13,184.84300,0.00,0.36,180.50,114.83,114.83,180.50,0.00,0.00,1,Dragon Wave_DZ2,134.00,5.58days
30/04/2026 15:00:20,buy,0.10,EURJPY,183.05000,06/05/2026 03:00:19,184.72800,0.00,0.36,167.80,106.77,106.77,167.80,0.00,0.00,1,Dragon Wave_FZ2,132.00,5.50days
30/04/2026 15:00:02,buy,0.10,CHFJPY,199.23800,05/05/2026 18:00:26,201.72700,0.00,-1.35,248.90,156.53,156.53,248.90,0.00,0.00,1,Dragon Wave_BZ2,123.01,5.13days
30/04/2026 15:00:16,buy,0.10,AUDJPY,111.86400,05/05/2026 16:00:22,113.19500,0.00,0.49,133.10,84.86,84.86,133.10,0.00,0.00,1,Dragon Wave_FZ2,121.00,5.04days
30/04/2026 15:00:07,buy,0.10,AUDJPY,111.86900,05/05/2026 12:00:12,112.81500,0.00,0.49,94.60,60.48,60.48,94.60,0.00,0.00,1,Dragon Wave_AZ2[tp],117.00,4.88days
30/04/2026 15:00:04,buy,0.10,EURJPY,183.06200,05/05/2026 12:00:12,184.27700,0.00,0.27,121.50,77.32,77.32,121.50,0.00,0.00,1,Dragon Wave_AZ2[tp],117.00,4.88days
28/04/2026 11:00:09,sell,0.10,CADCHF,0.57881,30/04/2026 12:53:46,0.57629,0.00,-3.12,25.20,28.89,28.89,25.20,0.00,0.00,1,Dragon Wave_FZ2[tp],49.89,2.08days
30/04/2026 07:00:03,sell,0.10,CADJPY,117.30100,30/04/2026 11:56:27,116.67700,0.00,0.00,62.40,39.12,39.12,62.40,0.00,0.00,1,Dragon Wave_GZ2[tp],4.94,4.94hrs
14/04/2026 15:00:23,sell,0.10,GBPJPY,215.47800,30/04/2026 11:56:21,215.08700,0.00,-25.50,39.10,-0.99,0.00,39.10,-0.99,0.00,1,Dragon Wave_JZ2[tp],380.93,15.87days
21/04/2026 19:00:19,sell,0.10,CADJPY,116.82400,30/04/2026 11:53:55,116.74100,0.00,-4.60,8.30,0.60,0.60,8.30,0.00,0.00,1,Dragon Wave_NZ2[tp],208.89,8.70days
30/04/2026 09:00:09,sell,0.10,GBPJPY,216.23300,30/04/2026 11:53:49,215.24600,0.00,0.00,98.70,61.85,61.85,98.70,0.00,0.00,1,Dragon Wave_CZ2[tp],2.89,2.89hrs
14/04/2026 15:00:30,sell,0.10,GBPJPY,215.47800,30/04/2026 11:53:48,215.26600,0.00,-25.50,21.20,-12.21,0.00,21.20,-12.21,0.00,1,Dragon Wave_LZ2[tp],380.89,15.87days
30/04/2026 08:00:08,sell,0.10,USDJPY,160.51900,30/04/2026 10:57:02,160.18000,0.00,0.00,33.90,21.16,21.16,33.90,0.00,0.00,1,Dragon Wave_AZ2[tp],2.95,2.95hrs
28/04/2026 21:00:07,sell,0.10,AUDCHF,0.56687,29/04/2026 18:53:57,0.56299,0.00,-1.15,38.80,47.91,47.91,38.80,0.00,0.00,1,Dragon Wave_FZ2[tp],21.90,21.90hrs
23/04/2026 15:00:18,buy,0.10,EURGBP,0.86573,29/04/2026 17:00:29,0.86720,0.00,-4.19,14.70,15.62,15.62,14.70,0.00,0.00,1,Dragon Wave_FZ2,146.00,6.08days
23/04/2026 13:00:03,buy,0.10,EURGBP,0.86624,29/04/2026 16:49:25,0.86730,0.00,-4.19,10.60,10.09,10.09,10.60,0.00,0.00,1,Dragon Wave_DZ2[tp],147.82,6.16days
28/04/2026 22:00:01,sell,0.10,AUDCHF,0.56715,29/04/2026 16:48:13,0.56435,0.00,-1.15,28.00,34.22,34.22,28.00,0.00,0.00,1,Dragon Wave_AZ2[tp],18.80,18.80hrs
27/04/2026 12:00:08,buy,0.10,USDCAD,1.36167,28/04/2026 17:57:36,1.36882,0.00,0.16,71.50,52.39,52.39,71.50,0.00,0.00,1,Dragon Wave_NZ2[tp],29.96,1.25days
22/04/2026 19:00:06,buy,0.10,EURCAD,1.60027,28/04/2026 17:57:05,1.60102,0.00,-1.88,7.50,3.60,3.60,7.50,0.00,0.00,1,Dragon Wave_FZ2[tp],142.95,5.96days
14/04/2026 16:00:10,sell,0.10,GBPJPY,215.63200,28/04/2026 16:00:28,215.16300,0.00,-19.84,46.90,9.56,9.56,46.90,0.00,0.00,1,Dragon Wave_GZ2,336.00,14.00days
10/04/2026 17:00:14,sell,0.25,EURJPY,186.67400,28/04/2026 06:34:27,186.29000,0.00,-23.62,38.40,36.75,36.75,38.40,0.00,0.00,1,Dragon Wave_IZ3[tp],421.57,17.57days
09/04/2026 15:00:13,sell,0.10,EURJPY,185.70300,28/04/2026 06:34:27,186.29000,0.00,-10.09,-58.70,-47.01,0.00,0.00,-47.01,-58.70,1,Dragon Wave_IZ2[tp],447.57,18.65days
17/04/2026 08:00:04,sell,0.25,EURJPY,187.89500,28/04/2026 06:34:07,186.29800,0.00,-13.24,159.70,237.80,237.80,159.70,0.00,0.00,1,Dragon Wave_HZ3[tp],262.57,10.94days
10/04/2026 17:00:08,sell,0.10,EURJPY,186.67600,28/04/2026 06:34:07,186.29800,0.00,-9.46,37.80,14.31,14.31,37.80,0.00,0.00,1,Dragon Wave_HZ2[tp],421.57,17.57days
10/04/2026 17:00:22,sell,0.25,EURJPY,186.67800,28/04/2026 06:34:03,186.31400,0.00,-23.62,36.40,33.60,33.60,36.40,0.00,0.00,1,Dragon Wave_KZ3[tp],421.56,17.57days
09/04/2026 15:00:17,sell,0.10,EURJPY,185.70400,28/04/2026 06:34:03,186.31400,0.00,-10.09,-61.00,-48.44,0.00,0.00,-48.44,-61.00,1,Dragon Wave_KZ2[tp],447.56,18.65days
10/04/2026 17:00:28,sell,0.10,EURJPY,186.69500,28/04/2026 06:31:37,186.35400,0.00,-9.46,34.10,11.98,11.98,34.10,0.00,0.00,1,Dragon Wave_OZ2[tp],421.52,17.56days
10/04/2026 22:00:15,sell,0.10,EURJPY,186.86700,28/04/2026 06:30:43,186.38400,0.00,-9.46,48.30,20.89,20.89,48.30,0.00,0.00,1,Dragon Wave_JZ2[tp],416.51,17.35days
23/04/2026 15:00:02,buy,0.10,EURGBP,0.86572,24/04/2026 14:47:31,0.86820,0.00,-1.04,24.80,32.42,32.42,24.80,0.00,0.00,1,Dragon Wave_AZ2[tp],23.79,23.79hrs
22/04/2026 18:00:11,buy,0.10,EURCAD,1.60143,24/04/2026 14:21:47,1.60280,0.00,-1.23,13.70,8.78,8.78,13.70,0.00,0.00,1,Dragon Wave_AZ2[tp],44.36,1.85days
10/04/2026 17:00:25,sell,0.10,EURJPY,186.68400,24/04/2026 10:00:27,186.48800,0.00,-8.28,19.60,3.99,3.99,19.60,0.00,0.00,1,Dragon Wave_LZ2,329.00,13.71days
21/04/2026 04:00:09,sell,0.10,CHFJPY,204.15300,24/04/2026 09:57:38,202.79100,0.00,0.20,136.20,85.49,85.49,136.20,0.00,0.00,1,Dragon Wave_GZ2[tp],77.96,3.25days
17/04/2026 16:00:04,buy,0.10,USDCAD,1.36609,23/04/2026 20:10:36,1.37090,0.00,0.99,48.10,36.08,36.08,48.10,0.00,0.00,1,Dragon Wave_BZ2[tp],148.18,6.17days
17/04/2026 11:00:14,buy,0.10,USDCAD,1.36818,23/04/2026 20:10:24,1.37087,0.00,0.99,26.90,20.61,20.61,26.90,0.00,0.00,1,Dragon Wave_IZ2[tp],153.17,6.38days
16/04/2026 22:00:16,buy,0.10,USDCAD,1.37024,23/04/2026 20:10:24,1.37087,0.00,1.17,6.30,5.77,5.77,6.30,0.00,0.00,1,Dragon Wave_KZ2[tp],166.17,6.92days
21/04/2026 04:00:18,sell,0.10,CHFJPY,204.14200,23/04/2026 16:00:22,203.09300,0.00,0.16,104.90,65.92,65.92,104.90,0.00,0.00,1,Dragon Wave_NZ2,60.00,2.50days
20/04/2026 21:00:13,buy,0.10,USDCAD,1.36425,23/04/2026 14:00:19,1.36775,0.00,0.81,35.00,26.40,26.40,35.00,0.00,0.00,1,Dragon Wave_FZ2,65.00,2.71days
13/04/2026 22:00:12,sell,0.10,CHFJPY,203.43400,22/04/2026 21:00:16,203.32200,0.00,0.37,11.20,7.39,7.39,11.20,0.00,0.00,1,Dragon Wave_IZ2,215.00,8.96days
13/04/2026 22:00:10,buy,0.10,USDCHF,0.78312,22/04/2026 16:00:22,0.78292,0.00,5.75,-2.00,3.20,3.20,0.00,0.00,-2.00,1,Dragon Wave_DZ2,210.00,8.75days
20/04/2026 18:00:03,buy,0.10,GBPCHF,1.05306,22/04/2026 15:55:36,1.05689,0.00,1.23,38.30,50.14,50.14,38.30,0.00,0.00,1,Dragon Wave_FZ2[tp],45.93,1.91days
17/04/2026 16:00:25,sell,0.10,EURUSD,1.18307,21/04/2026 22:42:52,1.17202,0.00,0.65,110.50,111.15,111.15,110.50,0.00,0.00,1,Dragon Wave_GZ2[tp],102.71,4.28days
10/04/2026 17:00:26,sell,0.10,EURUSD,1.17281,21/04/2026 20:22:46,1.17214,0.00,2.94,6.70,9.64,9.64,6.70,0.00,0.00,1,Dragon Wave_IZ2[tp],267.37,11.14days
10/04/2026 17:00:29,sell,0.10,EURUSD,1.17279,21/04/2026 20:19:21,1.17225,0.00,2.94,5.40,8.34,8.34,5.40,0.00,0.00,1,Dragon Wave_KZ2[tp],267.31,11.14days
17/04/2026 16:00:29,sell,0.10,EURUSD,1.18310,21/04/2026 20:00:20,1.17423,0.00,0.65,88.70,89.35,89.35,88.70,0.00,0.00,1,Dragon Wave_NZ2,100.00,4.17days
13/04/2026 20:00:08,buy,0.10,USDCHF,0.78593,20/04/2026 01:00:24,0.78321,0.00,4.51,-27.20,-30.22,0.00,0.00,-30.22,-27.20,1,Dragon Wave_FZ2,149.00,6.21days
17/04/2026 16:00:09,buy,0.25,USDCHF,0.77938,20/04/2026 01:00:21,0.78320,0.00,1.61,38.20,123.55,123.55,38.20,0.00,0.00,1,Dragon Wave_FZ3,57.00,2.38days
14/04/2026 10:00:16,sell,0.25,GBPUSD,1.35211,20/04/2026 00:05:04,1.34918,0.00,-1.73,29.30,71.52,71.52,29.30,0.00,0.00,1,Dragon Wave_FZ3[tp],134.08,5.59days
08/04/2026 14:00:06,sell,0.10,GBPUSD,1.34407,20/04/2026 00:05:04,1.34918,0.00,-1.52,-51.10,-52.62,0.00,0.00,-52.62,-51.10,1,Dragon Wave_FZ2[tp],274.08,11.42days
13/04/2026 22:00:10,sell,0.10,NZDUSD,0.58725,20/04/2026 00:01:43,0.58698,0.00,0.56,2.70,3.26,3.26,2.70,0.00,0.00,1,Dragon Wave_FZ2[tp],146.03,6.08days
01/04/2026 10:00:12,sell,0.10,EURCAD,1.61010,20/04/2026 00:01:26,1.60918,0.00,-3.75,9.20,2.97,2.97,9.20,0.00,0.00,1,Dragon Wave_IZ2[tp],446.02,18.58days
17/04/2026 17:00:03,buy,0.10,GBPAUD,1.88258,20/04/2026 00:01:14,1.88963,0.00,-0.70,70.50,49.50,49.50,70.50,0.00,0.00,1,Dragon Wave_AZ2[tp],55.02,2.29days
17/04/2026 08:00:10,sell,0.25,AUDJPY,114.31100,20/04/2026 00:01:14,113.22600,0.00,-2.01,108.50,168.75,168.75,108.50,0.00,0.00,1,Dragon Wave_IZ3[tp],64.02,2.67days
10/04/2026 22:00:11,sell,0.10,AUDJPY,112.76300,20/04/2026 00:01:14,113.22600,0.00,-6.47,-46.30,-35.62,0.00,0.00,-35.62,-46.30,1,Dragon Wave_IZ2[tp],218.02,9.08days
15/04/2026 22:00:12,sell,0.10,AUDCAD,0.98501,20/04/2026 00:01:13,0.97780,0.00,-3.10,72.10,49.57,49.57,72.10,0.00,0.00,1,Dragon Wave_NZ2[tp],98.02,4.08days
17/04/2026 16:00:17,sell,0.25,EURUSD,1.18307,20/04/2026 00:00:00,1.17433,0.00,0.81,87.40,219.31,219.31,87.40,0.00,0.00,1,Dragon Wave_BZ3[tp],56.00,2.33days
10/04/2026 17:00:05,sell,0.10,EURUSD,1.17264,20/04/2026 00:00:00,1.17433,0.00,2.62,-16.90,-14.28,0.00,0.00,-14.28,-16.90,1,Dragon Wave_BZ2[tp],223.00,9.29days
10/04/2026 17:00:23,sell,0.10,EURUSD,1.17270,17/04/2026 23:00:25,1.17694,0.00,2.29,-42.40,-40.11,0.00,0.00,-40.11,-42.40,1,Dragon Wave_FZ2,174.00,7.25days
17/04/2026 16:00:22,sell,0.25,EURUSD,1.18319,17/04/2026 23:00:22,1.17694,0.00,0.00,62.50,156.25,156.25,62.50,0.00,0.00,1,Dragon Wave_FZ3,7.00,7.00hrs
13/04/2026 18:00:11,sell,0.10,CHFJPY,202.62500,17/04/2026 17:56:14,202.56600,0.00,0.25,5.90,3.99,3.99,5.90,0.00,0.00,1,Dragon Wave_AZ2[tp],95.93,4.00days
10/04/2026 21:00:05,sell,0.10,EURJPY,186.73800,17/04/2026 17:53:34,186.32600,0.00,-4.16,41.20,21.97,21.97,41.20,0.00,0.00,1,Dragon Wave_CZ2[tp],164.89,6.87days
14/04/2026 17:00:15,sell,0.10,GBPJPY,215.76200,17/04/2026 17:43:36,214.08900,0.00,-7.10,167.30,99.04,99.04,167.30,0.00,0.00,1,Dragon Wave_NZ2[tp],72.72,3.03days
14/04/2026 16:00:04,sell,0.10,GBPJPY,215.64800,17/04/2026 17:43:26,214.10200,0.00,-7.10,154.60,90.97,90.97,154.60,0.00,0.00,1,Dragon Wave_EZ2[tp],73.72,3.07days
10/04/2026 17:00:02,sell,0.10,EURJPY,186.66800,17/04/2026 17:40:16,186.40000,0.00,-4.16,26.80,12.84,12.84,26.80,0.00,0.00,1,Dragon Wave_GZ2[tp],168.67,7.03days
13/04/2026 22:00:17,sell,0.10,CHFJPY,203.42300,17/04/2026 17:39:29,202.62700,0.00,0.25,79.60,50.70,50.70,79.60,0.00,0.00,1,Dragon Wave_KZ2[tp],91.65,3.82days
14/04/2026 17:00:11,sell,0.10,NZDJPY,93.87600,17/04/2026 17:39:18,93.37900,0.00,-2.15,49.70,29.35,29.35,49.70,0.00,0.00,1,Dragon Wave_KZ2[tp],72.65,3.03days
13/04/2026 20:00:14,sell,0.10,NZDJPY,93.43700,17/04/2026 17:39:10,93.39300,0.00,-2.58,4.40,0.21,0.21,4.40,0.00,0.00,1,Dragon Wave_FZ2[tp],93.65,3.90days
17/04/2026 08:00:22,sell,0.10,CADJPY,116.50600,17/04/2026 17:38:20,115.51400,0.00,0.00,99.20,62.86,62.86,99.20,0.00,0.00,1,Dragon Wave_KZ2[tp],9.63,9.63hrs
13/04/2026 19:00:02,sell,0.10,CHFJPY,202.82100,17/04/2026 17:36:55,202.72600,0.00,0.25,9.50,6.27,6.27,9.50,0.00,0.00,1,Dragon Wave_FZ2[tp],94.61,3.94days
10/04/2026 22:00:07,sell,0.10,EURJPY,186.87600,17/04/2026 17:36:55,186.55700,0.00,-4.16,31.90,16.05,16.05,31.90,0.00,0.00,1,Dragon Wave_EZ2[tp],163.61,6.82days
17/04/2026 04:00:20,sell,0.25,EURJPY,187.69400,17/04/2026 17:35:34,186.64200,0.00,0.00,105.20,166.57,166.57,105.20,0.00,0.00,1,Dragon Wave_NZ3[tp],13.59,13.59hrs
10/04/2026 16:00:27,sell,0.10,EURJPY,186.56400,17/04/2026 17:35:34,186.64200,0.00,-4.16,-7.80,-9.10,0.00,0.00,-9.10,-7.80,1,Dragon Wave_NZ2[tp],169.59,7.07days
13/04/2026 22:00:05,sell,0.10,CHFJPY,203.41100,17/04/2026 17:31:14,202.84700,0.00,0.25,56.40,35.97,35.97,56.40,0.00,0.00,1,Dragon Wave_DZ2[tp],91.52,3.81days
14/04/2026 17:00:01,sell,0.63,NZDJPY,93.88000,17/04/2026 17:16:31,93.46500,0.00,-13.50,41.50,152.07,152.07,41.50,0.00,0.00,1,Dragon Wave_AZ4[tp],72.28,3.01days
09/04/2026 17:00:04,sell,0.25,NZDJPY,92.95500,17/04/2026 17:16:31,93.46500,0.00,-8.54,-51.00,-89.28,0.00,0.00,-89.28,-51.00,1,Dragon Wave_AZ3[tp],192.27,8.01days
08/04/2026 10:00:10,sell,0.10,NZDJPY,92.39500,17/04/2026 17:16:31,93.46500,0.00,-4.70,-107.00,-72.47,0.00,0.00,-72.47,-107.00,1,Dragon Wave_AZ2[tp],223.27,9.30days
17/04/2026 08:00:07,sell,0.25,CADJPY,116.50600,17/04/2026 17:16:16,115.60000,0.00,0.00,90.60,143.44,143.44,90.60,0.00,0.00,1,Dragon Wave_FZ3[tp],9.27,9.27hrs
15/04/2026 21:00:12,sell,0.10,CADJPY,115.85200,17/04/2026 17:16:16,115.60000,0.00,-1.59,25.20,14.37,14.37,25.20,0.00,0.00,1,Dragon Wave_FZ2[tp],44.27,1.84days
15/04/2026 19:00:04,sell,0.25,EURJPY,187.61500,17/04/2026 17:14:28,186.80900,0.00,-5.87,80.60,121.61,121.61,80.60,0.00,0.00,1,Dragon Wave_BZ3[tp],46.24,1.93days
10/04/2026 13:00:16,sell,0.10,EURJPY,186.47400,17/04/2026 17:14:28,186.80900,0.00,-4.16,-33.50,-25.36,0.00,0.00,-25.36,-33.50,1,Dragon Wave_BZ2[tp],172.24,7.18days
14/04/2026 12:00:03,sell,0.10,NZDJPY,93.73100,17/04/2026 17:13:20,93.50500,0.00,-2.15,22.60,12.15,12.15,22.60,0.00,0.00,1,Dragon Wave_DZ2[tp],77.22,3.22days
13/04/2026 19:00:08,sell,0.25,GBPJPY,214.99200,17/04/2026 17:12:50,214.51600,0.00,-21.31,47.60,53.96,53.96,47.60,0.00,0.00,1,Dragon Wave_AZ3[tp],94.21,3.93days
09/04/2026 18:00:03,sell,0.10,GBPJPY,213.54600,17/04/2026 17:12:50,214.51600,0.00,-11.45,-97.00,-72.80,0.00,0.00,-72.80,-97.00,1,Dragon Wave_AZ2[tp],191.21,7.97days
13/04/2026 22:00:11,sell,0.25,EURJPY,187.40500,17/04/2026 17:08:20,186.95500,0.00,-8.80,45.00,62.38,62.38,45.00,0.00,0.00,1,Dragon Wave_FZ3[tp],91.14,3.80days
09/04/2026 23:00:09,sell,0.10,EURJPY,186.13400,17/04/2026 17:08:20,186.95500,0.00,-4.79,-82.10,-56.73,0.00,0.00,-56.73,-82.10,1,Dragon Wave_FZ2[tp],186.14,7.76days
13/04/2026 22:00:06,sell,0.25,EURJPY,187.39500,17/04/2026 17:08:11,186.96800,0.00,-8.80,42.70,58.74,58.74,42.70,0.00,0.00,1,Dragon Wave_DZ3[tp],91.13,3.80days
09/04/2026 23:00:06,sell,0.10,EURJPY,186.13600,17/04/2026 17:08:11,186.96800,0.00,-4.79,-83.20,-57.43,0.00,0.00,-57.43,-83.20,1,Dragon Wave_DZ2[tp],186.13,7.76days
15/04/2026 21:00:18,sell,0.10,GBPJPY,215.88700,17/04/2026 16:39:22,214.69900,0.00,-5.68,118.80,69.44,69.44,118.80,0.00,0.00,1,Dragon Wave_KZ2[tp],43.65,1.82days
17/04/2026 04:00:02,sell,0.25,EURJPY,187.67300,17/04/2026 16:38:44,187.27600,0.00,0.00,39.70,62.75,62.75,39.70,0.00,0.00,1,Dragon Wave_AZ3[tp],12.64,12.64hrs
10/04/2026 13:00:02,sell,0.10,EURJPY,186.47700,17/04/2026 16:38:44,187.27600,0.00,-4.16,-79.90,-54.68,0.00,0.00,-54.68,-79.90,1,Dragon Wave_AZ2[tp],171.65,7.15days
15/04/2026 21:00:09,sell,0.10,GBPJPY,215.88700,17/04/2026 16:34:38,214.92100,0.00,-5.68,96.60,55.34,55.34,96.60,0.00,0.00,1,Dragon Wave_DZ2[tp],43.57,1.82days
13/04/2026 22:00:01,sell,0.10,GBPJPY,215.19800,17/04/2026 16:34:34,214.92400,0.00,-8.52,27.40,8.79,8.79,27.40,0.00,0.00,1,Dragon Wave_FZ2[tp],90.58,3.77days
16/04/2026 18:00:08,sell,0.10,CADJPY,116.13100,17/04/2026 15:49:52,116.00800,0.00,-0.40,12.30,7.35,7.35,12.30,0.00,0.00,1,Dragon Wave_DZ2[tp],21.83,21.83hrs
31/03/2026 16:00:19,sell,0.10,EURCAD,1.60338,16/04/2026 20:00:22,1.61334,0.00,-3.57,-99.60,-76.25,0.00,0.00,-76.25,-99.60,1,Dragon Wave_KZ2,388.00,16.17days
08/04/2026 03:00:20,sell,0.25,EURCAD,1.61790,16/04/2026 20:00:20,1.61335,0.00,-4.91,45.50,78.10,78.10,45.50,0.00,0.00,1,Dragon Wave_KZ3,209.00,8.71days
08/04/2026 15:00:18,sell,0.10,EURCAD,1.62190,16/04/2026 16:42:27,1.61502,0.00,-1.96,68.80,48.20,48.20,68.80,0.00,0.00,1,Dragon Wave_NZ2[tp],193.70,8.07days
08/04/2026 02:00:07,sell,0.10,EURCAD,1.61705,16/04/2026 16:00:14,1.61677,0.00,-1.96,2.80,0.08,0.08,2.80,0.00,0.00,1,Dragon Wave_BZ2,206.00,8.58days
14/04/2026 22:00:13,sell,0.10,GBPCAD,1.86838,16/04/2026 13:00:19,1.85849,0.00,-4.38,98.90,67.65,67.65,98.90,0.00,0.00,1,Dragon Wave_IZ2,39.00,1.63days
08/04/2026 15:00:25,sell,0.25,GBPCAD,1.86668,16/04/2026 12:45:58,1.85846,0.00,-27.14,82.20,122.54,122.54,82.20,0.00,0.00,1,Dragon Wave_KZ3[tp],189.76,7.91days
08/04/2026 10:00:25,sell,0.10,GBPCAD,1.85956,16/04/2026 12:45:58,1.85846,0.00,-10.85,11.00,-2.84,0.00,11.00,-2.84,0.00,1,Dragon Wave_KZ2[tp],194.76,8.11days
14/04/2026 11:00:13,buy,0.10,CADCHF,0.56750,16/04/2026 12:25:26,0.57063,0.00,0.81,31.30,40.75,40.75,31.30,0.00,0.00,1,Dragon Wave_IZ2[tp],49.42,2.06days
09/04/2026 20:00:04,sell,0.10,NZDCAD,0.81047,16/04/2026 12:00:25,0.80916,0.00,-1.68,13.10,7.86,7.86,13.10,0.00,0.00,1,Dragon Wave_FZ2,160.01,6.67days
08/04/2026 10:00:17,sell,0.10,GBPCAD,1.85926,16/04/2026 11:00:26,1.86089,0.00,-10.85,-16.30,-22.72,0.00,0.00,-22.72,-16.30,1,Dragon Wave_FZ2,193.00,8.04days
08/04/2026 15:00:22,sell,0.25,GBPCAD,1.86665,16/04/2026 11:00:24,1.86090,0.00,-27.14,57.50,77.59,77.59,57.50,0.00,0.00,1,Dragon Wave_FZ3,188.00,7.83days
08/04/2026 15:00:14,sell,0.10,GBPCAD,1.86674,16/04/2026 11:00:09,1.86092,0.00,-10.85,58.20,31.55,31.55,58.20,0.00,0.00,1,Dragon Wave_DZ2,188.00,7.83days
14/04/2026 22:00:10,sell,0.10,EURCAD,1.62455,16/04/2026 08:00:27,1.62000,0.00,-0.76,45.50,32.40,32.40,45.50,0.00,0.00,1,Dragon Wave_FZ2,34.00,1.42days
31/03/2026 17:00:11,sell,0.25,EURCHF,0.92237,14/04/2026 10:32:14,0.91991,0.00,-43.85,24.60,34.93,34.93,24.60,0.00,0.00,1,Dragon Wave_KZ3[tp],329.53,13.73days
24/03/2026 17:00:23,sell,0.10,EURCHF,0.91523,14/04/2026 10:32:14,0.91991,0.00,-26.25,-46.80,-86.20,0.00,0.00,-86.20,-46.80,1,Dragon Wave_KZ2[tp],497.53,20.73days
31/03/2026 18:00:24,sell,0.10,EURCHF,0.92565,13/04/2026 20:00:18,0.92152,0.00,-16.29,41.30,36.27,36.27,41.30,0.00,0.00,1,Dragon Wave_GZ2,314.00,13.08days
31/03/2026 14:00:13,sell,0.10,USDCAD,1.39435,13/04/2026 20:00:17,1.37971,0.00,-7.59,146.40,98.52,98.52,146.40,0.00,0.00,1,Dragon Wave_MZ2,318.00,13.25days
31/03/2026 17:00:17,sell,0.10,EURCHF,0.92237,13/04/2026 19:38:57,0.92158,0.00,-16.29,7.90,-6.24,0.00,7.90,-6.24,0.00,1,Dragon Wave_NZ2[tp],314.64,13.11days
08/04/2026 09:00:05,sell,0.10,GBPUSD,1.34326,13/04/2026 00:02:38,1.34234,0.00,-0.74,9.20,8.46,8.46,9.20,0.00,0.00,1,Dragon Wave_AZ2[tp],111.04,4.63days
09/04/2026 23:00:21,sell,0.10,AUDJPY,112.71100,13/04/2026 00:01:17,111.76400,0.00,-1.70,94.70,57.59,57.59,94.70,0.00,0.00,1,Dragon Wave_KZ2[tp],73.02,3.04days
09/04/2026 23:00:08,sell,0.10,AUDJPY,112.70200,13/04/2026 00:01:17,111.92800,0.00,-1.70,77.40,46.76,46.76,77.40,0.00,0.00,1,Dragon Wave_FZ2[tp],73.02,3.04days
09/04/2026 23:00:05,sell,0.10,AUDJPY,112.70600,13/04/2026 00:01:17,112.10400,0.00,-1.70,60.20,35.99,35.99,60.20,0.00,0.00,1,Dragon Wave_DZ2[tp],73.02,3.04days
08/04/2026 15:00:09,sell,0.25,GBPCAD,1.86673,13/04/2026 00:01:17,1.85865,0.00,-13.44,80.80,132.22,132.22,80.80,0.00,0.00,1,Dragon Wave_AZ3[tp],105.02,4.38days
08/04/2026 10:00:08,sell,0.10,GBPCAD,1.85925,13/04/2026 00:01:17,1.85865,0.00,-5.38,6.00,-1.05,0.00,6.00,-1.05,0.00,1,Dragon Wave_AZ2[tp],110.02,4.58days
08/04/2026 09:00:02,buy,0.10,USDCAD,1.38339,13/04/2026 00:01:17,1.38516,0.00,0.99,17.70,13.77,13.77,17.70,0.00,0.00,1,Dragon Wave_AZ2[tp],111.02,4.63days
08/04/2026 03:00:08,buy,0.10,GBPAUD,1.89382,13/04/2026 00:01:17,1.90610,0.00,-3.73,122.80,82.07,82.07,122.80,0.00,0.00,1,Dragon Wave_FZ2[tp],117.02,4.88days
08/04/2026 02:00:13,sell,0.10,AUDJPY,111.98900,13/04/2026 00:01:17,111.95600,0.00,-4.25,3.30,-2.18,0.00,3.30,-2.18,0.00,1,Dragon Wave_AZ2[tp],118.02,4.92days
08/04/2026 02:00:27,sell,0.10,AUDCHF,0.55878,13/04/2026 00:01:01,0.55597,0.00,-6.25,28.10,29.22,29.22,28.10,0.00,0.00,1,Dragon Wave_KZ2[tp],118.01,4.92days
08/04/2026 02:00:22,sell,0.10,AUDCHF,0.55864,13/04/2026 00:01:01,0.55568,0.00,-6.25,29.60,31.12,31.12,29.60,0.00,0.00,1,Dragon Wave_IZ2[tp],118.01,4.92days
08/04/2026 02:00:14,sell,0.10,AUDCHF,0.55878,13/04/2026 00:01:01,0.55649,0.00,-6.25,22.90,22.65,22.65,22.90,0.00,0.00,1,Dragon Wave_FZ2[tp],118.01,4.92days
08/04/2026 02:00:09,sell,0.10,AUDCHF,0.55890,13/04/2026 00:01:01,0.55688,0.00,-6.25,20.20,19.25,19.25,20.20,0.00,0.00,1,Dragon Wave_DZ2[tp],118.01,4.92days
10/04/2026 17:00:17,sell,0.10,EURUSD,1.17266,13/04/2026 00:00:00,1.16805,0.00,0.32,46.10,46.42,46.42,46.10,0.00,0.00,1,Dragon Wave_DZ2[tp],55.00,2.29days
09/04/2026 19:00:10,buy,0.10,GBPNZD,2.29089,10/04/2026 23:00:14,2.30521,0.00,0.03,143.20,83.68,83.68,143.20,0.00,0.00,1,Dragon Wave_FZ2,28.00,1.17days
08/04/2026 14:00:18,buy,0.10,CADCHF,0.56867,09/04/2026 23:00:27,0.57229,0.00,0.65,36.20,46.44,46.44,36.20,0.00,0.00,1,Dragon Wave_KZ2,33.00,1.38days
08/04/2026 14:00:05,buy,0.10,CADCHF,0.56866,09/04/2026 23:00:24,0.57228,0.00,0.65,36.20,46.45,46.45,36.20,0.00,0.00,1,Dragon Wave_FZ2,33.01,1.38days
30/03/2026 12:00:02,sell,0.10,USDCAD,1.39179,09/04/2026 19:00:29,1.38107,0.00,-6.99,107.20,70.63,70.63,107.20,0.00,0.00,1,Dragon Wave_HZ2,247.01,10.29days
31/03/2026 18:00:01,sell,0.25,EURCHF,0.92587,09/04/2026 16:54:09,0.92221,0.00,-34.33,36.60,81.61,81.61,36.60,0.00,0.00,1,Dragon Wave_BZ3[tp],214.90,8.95days
26/03/2026 22:00:04,sell,0.10,EURCHF,0.91672,09/04/2026 16:54:09,0.92221,0.00,-17.44,-54.90,-87.01,0.00,0.00,-87.01,-54.90,1,Dragon Wave_BZ2[tp],330.90,13.79days
27/03/2026 15:00:48,sell,0.10,USDCAD,1.38640,09/04/2026 16:47:07,1.38190,0.00,-7.53,45.00,25.03,25.03,45.00,0.00,0.00,1,Dragon Wave_OZ2[tp],313.77,13.07days
27/03/2026 21:00:18,sell,0.10,USDCAD,1.38867,09/04/2026 15:00:23,1.38384,0.00,-7.53,48.30,27.37,27.37,48.30,0.00,0.00,1,Dragon Wave_CZ2,306.00,12.75days
24/03/2026 18:00:34,sell,0.10,EURCHF,0.91620,08/04/2026 11:00:21,0.92122,0.00,-18.61,-50.20,-82.34,0.00,0.00,-82.34,-50.20,1,Dragon Wave_IZ2,353.00,14.71days
31/03/2026 18:00:27,sell,0.25,EURCHF,0.92578,08/04/2026 11:00:19,0.92126,0.00,-24.73,45.20,118.71,118.71,45.20,0.00,0.00,1,Dragon Wave_IZ3,185.00,7.71days
31/03/2026 18:00:37,sell,0.10,EURGBP,0.87385,08/04/2026 08:00:15,0.87040,0.00,1.24,34.50,47.53,47.53,34.50,0.00,0.00,1,Dragon Wave_NZ2,181.99,7.58days
31/03/2026 18:00:09,sell,0.10,EURGBP,0.87373,08/04/2026 07:51:02,0.87037,0.00,1.24,33.60,46.32,46.32,33.60,0.00,0.00,1,Dragon Wave_BZ2[tp],181.85,7.58days
07/04/2026 18:00:22,sell,0.25,EURNZD,2.03035,08/04/2026 06:43:32,2.00325,0.00,-0.26,271.00,394.57,394.57,271.00,0.00,0.00,1,Dragon Wave_MZ3[tp],12.72,12.72hrs
31/03/2026 17:00:19,sell,0.10,EURNZD,2.01050,08/04/2026 06:43:32,2.00325,0.00,-0.07,72.50,42.18,42.18,72.50,0.00,0.00,1,Dragon Wave_MZ2[tp],181.72,7.57days
30/03/2026 06:00:42,sell,0.25,EURNZD,2.00930,08/04/2026 06:43:25,2.00381,0.00,-0.10,54.90,79.86,79.86,54.90,0.00,0.00,1,Dragon Wave_NZ3[tp],216.71,9.03days
24/03/2026 21:00:43,sell,0.10,EURNZD,1.99405,08/04/2026 06:43:25,2.00381,0.00,-0.17,-97.60,-57.03,0.00,0.00,-57.03,-97.60,1,Dragon Wave_NZ2[tp],345.71,14.40days
30/03/2026 06:00:28,sell,0.25,EURNZD,2.00941,08/04/2026 06:42:45,2.00425,0.00,-0.10,51.60,75.03,75.03,51.60,0.00,0.00,1,Dragon Wave_EZ3[tp],216.70,9.03days
25/03/2026 10:00:33,sell,0.10,EURNZD,1.99513,08/04/2026 06:42:45,2.00425,0.00,-0.15,-91.20,-53.26,0.00,0.00,-53.26,-91.20,1,Dragon Wave_EZ2[tp],332.70,13.86days
26/03/2026 11:00:16,sell,0.25,GBPNZD,2.30769,08/04/2026 06:42:44,2.30089,0.00,-23.40,68.00,75.60,75.60,68.00,0.00,0.00,1,Dragon Wave_JZ3[tp],307.71,12.82days
19/03/2026 02:00:21,sell,0.10,GBPNZD,2.29081,08/04/2026 06:42:44,2.30089,0.00,-15.65,-100.80,-74.35,0.00,0.00,-74.35,-100.80,1,Dragon Wave_JZ2[tp],484.71,20.20days
26/03/2026 11:00:12,sell,0.25,GBPNZD,2.30774,08/04/2026 06:42:40,2.30132,0.00,-23.40,64.20,70.05,70.05,64.20,0.00,0.00,1,Dragon Wave_CZ3[tp],307.71,12.82days
19/03/2026 02:00:06,sell,0.10,GBPNZD,2.29056,08/04/2026 06:42:40,2.30132,0.00,-15.65,-107.60,-78.30,0.00,0.00,-78.30,-107.60,1,Dragon Wave_CZ2[tp],484.71,20.20days
03/04/2026 12:00:11,sell,0.63,EURNZD,2.02263,08/04/2026 06:42:39,2.00485,0.00,-1.16,177.80,651.01,651.01,177.80,0.00,0.00,1,Dragon Wave_HZ4[tp],114.71,4.78days
30/03/2026 03:00:18,sell,0.25,EURNZD,2.00651,08/04/2026 06:42:39,2.00485,0.00,-0.10,16.60,24.07,24.07,16.60,0.00,0.00,1,Dragon Wave_HZ3[tp],219.71,9.15days
25/03/2026 10:00:38,sell,0.10,EURNZD,1.99513,08/04/2026 06:42:39,2.00485,0.00,-0.15,-97.20,-56.74,0.00,0.00,-56.74,-97.20,1,Dragon Wave_HZ2[tp],332.70,13.86days
07/04/2026 05:00:12,sell,0.63,EURNZD,2.02523,08/04/2026 06:40:34,2.00512,0.00,-0.66,201.10,736.92,736.92,201.10,0.00,0.00,1,Dragon Wave_JZ4[tp],25.67,1.07days
30/03/2026 05:00:04,sell,0.25,EURNZD,2.00691,08/04/2026 06:40:34,2.00512,0.00,-0.10,17.90,25.95,25.95,17.90,0.00,0.00,1,Dragon Wave_JZ3[tp],217.68,9.07days
25/03/2026 10:00:40,sell,0.10,EURNZD,1.99521,08/04/2026 06:40:34,2.00512,0.00,-0.15,-99.10,-57.85,0.00,0.00,-57.85,-99.10,1,Dragon Wave_JZ2[tp],332.67,13.86days
06/04/2026 03:00:15,sell,0.63,EURNZD,2.02436,08/04/2026 06:40:33,2.00513,0.00,-1.31,192.30,703.92,703.92,192.30,0.00,0.00,1,Dragon Wave_CZ4[tp],51.67,2.15days
30/03/2026 04:00:02,sell,0.25,EURNZD,2.00722,08/04/2026 06:40:33,2.00513,0.00,-0.10,20.90,30.31,30.31,20.90,0.00,0.00,1,Dragon Wave_CZ3[tp],218.68,9.11days
25/03/2026 10:00:22,sell,0.10,EURNZD,1.99504,08/04/2026 06:40:33,2.00513,0.00,-0.15,-100.90,-58.88,0.00,0.00,-58.88,-100.90,1,Dragon Wave_CZ2[tp],332.67,13.86days
07/04/2026 12:00:02,sell,0.10,AUDNZD,1.21409,08/04/2026 06:39:54,1.21137,0.00,-0.58,27.20,15.24,15.24,27.20,0.00,0.00,1,Dragon Wave_FZ2[tp],18.66,18.66hrs
07/04/2026 15:00:11,sell,0.10,AUDNZD,1.21554,08/04/2026 06:15:00,1.21238,0.00,-0.58,31.60,17.80,17.80,31.60,0.00,0.00,1,Dragon Wave_DZ2[tp],15.25,15.25hrs
31/03/2026 18:00:29,sell,0.10,EURGBP,0.87388,08/04/2026 05:00:08,0.87112,0.00,1.24,27.60,38.24,38.24,27.60,0.00,0.00,1,Dragon Wave_IZ2,178.99,7.46days
31/03/2026 18:00:33,sell,0.10,EURGBP,0.87389,08/04/2026 04:57:59,0.87103,0.00,1.24,28.60,39.58,39.58,28.60,0.00,0.00,1,Dragon Wave_KZ2[tp],178.96,7.46days
27/03/2026 04:00:11,sell,0.10,USDCAD,1.38582,08/04/2026 03:00:28,1.38442,0.00,-5.77,14.00,4.34,4.34,14.00,0.00,0.00,1,Dragon Wave_JZ2,287.00,11.96days
31/03/2026 19:00:07,sell,0.25,USDCAD,1.39550,08/04/2026 03:00:25,1.38443,0.00,-11.68,110.70,188.22,188.22,110.70,0.00,0.00,1,Dragon Wave_JZ3,176.00,7.33days
31/03/2026 13:00:22,sell,0.25,USDCAD,1.39421,08/04/2026 02:49:34,1.38432,0.00,-11.68,98.90,166.93,166.93,98.90,0.00,0.00,1,Dragon Wave_LZ3[tp],181.82,7.58days
26/03/2026 15:00:32,sell,0.10,USDCAD,1.38466,08/04/2026 02:49:34,1.38432,0.00,-6.31,3.40,-3.85,0.00,3.40,-3.85,0.00,1,Dragon Wave_LZ2[tp],299.82,12.49days
26/03/2026 15:00:31,sell,0.25,GBPNZD,2.30860,08/04/2026 02:39:11,2.30228,0.00,-23.40,63.20,68.46,68.46,63.20,0.00,0.00,1,Dragon Wave_NZ3[tp],299.64,12.49days
19/03/2026 02:00:27,sell,0.10,GBPNZD,2.29099,08/04/2026 02:39:11,2.30228,0.00,-15.65,-112.90,-81.29,0.00,0.00,-81.29,-112.90,1,Dragon Wave_NZ2[tp],480.65,20.03days
31/03/2026 18:00:14,buy,0.10,CHFJPY,197.92000,08/04/2026 02:00:26,200.40000,0.00,-3.73,248.00,152.33,152.33,248.00,0.00,0.00,1,Dragon Wave_EZ2,176.00,7.33days
31/03/2026 18:00:25,sell,0.25,EURNZD,2.01967,08/04/2026 01:57:19,2.01203,0.00,-0.16,76.40,110.62,110.62,76.40,0.00,0.00,1,Dragon Wave_IZ3[tp],175.95,7.33days
26/03/2026 19:00:06,sell,0.10,GBPNZD,2.31090,08/04/2026 01:57:19,2.30642,0.00,-9.35,44.80,16.63,16.63,44.80,0.00,0.00,1,Dragon Wave_HZ2[tp],294.95,12.29days
26/03/2026 11:00:22,sell,0.10,EURNZD,1.99700,08/04/2026 01:57:19,2.01203,0.00,-0.09,-150.30,-87.26,0.00,0.00,-87.26,-150.30,1,Dragon Wave_IZ2[tp],302.95,12.62days
07/04/2026 18:00:18,sell,0.63,EURNZD,2.03031,08/04/2026 01:57:17,2.01294,0.00,-0.66,173.70,633.83,633.83,173.70,0.00,0.00,1,Dragon Wave_LZ4[tp],7.95,7.95hrs
03/04/2026 10:00:14,sell,0.63,EURNZD,2.02097,08/04/2026 01:57:17,2.01268,0.00,-1.16,82.90,301.65,301.65,82.90,0.00,0.00,1,Dragon Wave_OZ4[tp],111.95,4.66days
02/04/2026 08:00:11,sell,0.63,GBPNZD,2.31809,08/04/2026 01:57:17,2.30836,0.00,-22.49,97.30,332.93,332.93,97.30,0.00,0.00,1,Dragon Wave_LZ4[tp],137.95,5.75days
30/03/2026 06:00:36,sell,0.25,EURNZD,2.00936,08/04/2026 01:57:17,2.01294,0.00,-0.10,-35.80,-51.99,0.00,0.00,-51.99,-35.80,1,Dragon Wave_LZ3[tp],211.94,8.83days
27/03/2026 21:00:17,sell,0.25,EURNZD,2.00538,08/04/2026 01:57:17,2.01268,0.00,-0.15,-73.00,-105.97,0.00,0.00,-105.97,-73.00,1,Dragon Wave_OZ3[tp],268.95,11.21days
25/03/2026 10:00:43,sell,0.10,EURNZD,1.99522,08/04/2026 01:57:17,2.01294,0.00,-0.15,-177.20,-102.89,0.00,0.00,-102.89,-177.20,1,Dragon Wave_LZ2[tp],327.94,13.66days
24/03/2026 21:00:46,sell,0.10,EURNZD,1.99416,08/04/2026 01:57:17,2.01268,0.00,-0.17,-185.20,-107.55,0.00,0.00,-107.55,-185.20,1,Dragon Wave_OZ2[tp],340.94,14.21days
23/03/2026 14:00:26,sell,0.25,GBPNZD,2.29887,08/04/2026 01:57:17,2.30836,0.00,-34.22,-94.90,-171.78,0.00,0.00,-171.78,-94.90,1,Dragon Wave_LZ3[tp],371.95,15.50days
13/03/2026 08:00:21,sell,0.10,GBPNZD,2.28638,08/04/2026 01:57:17,2.30836,0.00,-21.49,-219.80,-148.93,0.00,0.00,-148.93,-219.80,1,Dragon Wave_LZ2[tp],617.95,25.75days
30/03/2026 01:00:18,sell,0.10,USDCHF,0.79895,08/04/2026 01:53:46,0.79412,0.00,-14.36,48.30,46.46,46.46,48.30,0.00,0.00,1,Dragon Wave_OZ2[tp],216.89,9.04days
07/04/2026 18:00:09,sell,0.63,EURNZD,2.03013,08/04/2026 01:53:19,2.01391,0.00,-0.66,162.20,590.55,590.55,162.20,0.00,0.00,1,Dragon Wave_GZ4[tp],7.89,7.89hrs
30/03/2026 04:00:14,sell,0.25,EURNZD,2.00698,08/04/2026 01:53:19,2.01391,0.00,-0.10,-69.30,-100.33,0.00,0.00,-100.33,-69.30,1,Dragon Wave_GZ3[tp],213.88,8.91days
24/03/2026 21:00:17,sell,0.10,EURNZD,1.99425,08/04/2026 01:53:19,2.01391,0.00,-0.17,-196.60,-113.92,0.00,0.00,-113.92,-196.60,1,Dragon Wave_GZ2[tp],340.88,14.20days
31/03/2026 18:00:30,sell,0.25,EURNZD,2.02001,08/04/2026 01:51:15,2.01392,0.00,-0.16,60.90,87.89,87.89,60.90,0.00,0.00,1,Dragon Wave_KZ3[tp],175.85,7.33days
26/03/2026 21:00:12,sell,0.10,EURNZD,2.00194,08/04/2026 01:51:15,2.01392,0.00,-0.09,-119.80,-69.38,0.00,0.00,-69.38,-119.80,1,Dragon Wave_KZ2[tp],292.85,12.20days
31/03/2026 18:00:20,sell,0.25,EURNZD,2.01982,08/04/2026 01:51:10,2.01413,0.00,-0.16,56.90,82.10,82.10,56.90,0.00,0.00,1,Dragon Wave_FZ3[tp],175.85,7.33days
26/03/2026 23:00:26,sell,0.10,EURNZD,2.00318,08/04/2026 01:51:10,2.01413,0.00,-0.09,-109.50,-63.41,0.00,0.00,-63.41,-109.50,1,Dragon Wave_FZ2[tp],290.85,12.12days
02/04/2026 08:00:17,sell,0.25,GBPNZD,2.31819,08/04/2026 01:51:09,2.31007,0.00,-8.94,81.20,108.45,108.45,81.20,0.00,0.00,1,Dragon Wave_OZ3[tp],137.85,5.74days
23/03/2026 14:00:30,sell,0.10,GBPNZD,2.29904,08/04/2026 01:51:09,2.31007,0.00,-13.68,-110.30,-77.46,0.00,0.00,-77.46,-110.30,1,Dragon Wave_OZ2[tp],371.84,15.49days
31/03/2026 18:00:43,buy,0.10,NZDJPY,90.78700,08/04/2026 01:50:51,91.92300,0.00,0.39,113.60,71.77,71.77,113.60,0.00,0.00,1,Dragon Wave_OZ2[tp],175.84,7.33days
07/04/2026 05:00:15,sell,0.25,GBPNZD,2.32198,08/04/2026 01:50:30,2.31241,0.00,-2.45,95.70,135.75,135.75,95.70,0.00,0.00,1,Dragon Wave_GZ3[tp],20.84,20.84hrs
23/03/2026 14:00:20,sell,0.10,GBPNZD,2.29915,08/04/2026 01:50:30,2.31241,0.00,-13.68,-132.60,-90.28,0.00,0.00,-90.28,-132.60,1,Dragon Wave_GZ2[tp],371.84,15.49days
03/04/2026 11:00:01,sell,0.10,EURNZD,2.02160,08/04/2026 01:45:43,2.01678,0.00,-0.18,48.20,27.66,27.66,48.20,0.00,0.00,1,Dragon Wave_BZ2[tp],110.76,4.62days
31/03/2026 18:00:34,buy,0.10,NZDJPY,90.77600,08/04/2026 01:45:32,91.87900,0.00,0.39,110.30,69.70,69.70,110.30,0.00,0.00,1,Dragon Wave_JZ2[tp],175.75,7.32days
31/03/2026 18:00:10,buy,0.10,NZDJPY,90.75300,08/04/2026 01:45:32,91.88600,0.00,0.39,113.30,71.59,71.59,113.30,0.00,0.00,1,Dragon Wave_CZ2[tp],175.76,7.32days
30/03/2026 16:00:04,sell,0.10,USDCAD,1.39238,08/04/2026 01:41:39,1.38666,0.00,-5.23,57.20,36.02,36.02,57.20,0.00,0.00,1,Dragon Wave_EZ2[tp],201.69,8.40days
03/04/2026 16:00:20,buy,0.10,NZDUSD,0.57033,08/04/2026 01:39:19,0.57713,0.00,-0.75,68.00,67.25,67.25,68.00,0.00,0.00,1,Dragon Wave_HZ2[tp],105.65,4.40days
31/03/2026 18:00:40,buy,0.10,NZDJPY,90.78300,08/04/2026 01:39:18,91.80600,0.00,0.39,102.30,64.70,64.70,102.30,0.00,0.00,1,Dragon Wave_LZ2[tp],175.64,7.32days
31/03/2026 18:00:29,buy,0.10,NZDJPY,90.76500,08/04/2026 01:39:18,91.80200,0.00,0.39,103.70,65.58,65.58,103.70,0.00,0.00,1,Dragon Wave_GZ2[tp],175.65,7.32days
27/03/2026 21:00:33,buy,0.10,NZDUSD,0.57418,08/04/2026 01:38:31,0.57679,0.00,-2.54,26.10,23.56,23.56,26.10,0.00,0.00,1,Dragon Wave_OZ2[tp],268.63,11.19days
31/03/2026 18:00:17,sell,0.10,EURNZD,2.01986,08/04/2026 01:38:15,2.01914,0.00,-0.07,7.20,4.08,4.08,7.20,0.00,0.00,1,Dragon Wave_DZ2[tp],175.63,7.32days
31/03/2026 18:00:22,buy,0.10,NZDJPY,90.76300,08/04/2026 01:38:12,91.73400,0.00,0.39,97.10,61.43,61.43,97.10,0.00,0.00,1,Dragon Wave_EZ2[tp],175.63,7.32days
31/03/2026 18:00:14,sell,0.10,EURGBP,0.87388,07/04/2026 11:43:55,0.87139,0.00,1.10,24.90,34.15,34.15,24.90,0.00,0.00,1,Dragon Wave_DZ2[tp],161.73,6.74days
31/03/2026 18:00:19,sell,0.10,EURGBP,0.87393,07/04/2026 10:00:30,0.87168,0.00,1.10,22.50,30.91,30.91,22.50,0.00,0.00,1,Dragon Wave_FZ2,160.00,6.67days
31/03/2026 18:00:37,buy,0.10,NZDJPY,90.78300,06/04/2026 18:00:27,91.33200,0.00,0.31,54.90,34.69,34.69,54.90,0.00,0.00,1,Dragon Wave_KZ2,144.00,6.00days
31/03/2026 18:00:32,buy,0.10,GBPJPY,209.78900,06/04/2026 17:00:26,211.43300,0.00,2.13,164.40,105.25,105.25,164.40,0.00,0.00,1,Dragon Wave_NZ2,143.00,5.96days
31/03/2026 18:00:02,sell,0.10,EURGBP,0.87353,06/04/2026 17:00:16,0.87191,0.00,0.96,16.20,22.44,22.44,16.20,0.00,0.00,1,Dragon Wave_AZ2,143.00,5.96days
31/03/2026 18:00:26,buy,0.10,NZDJPY,90.77100,06/04/2026 10:53:10,91.27700,0.00,0.31,50.60,32.05,32.05,50.60,0.00,0.00,1,Dragon Wave_FZ2[tp],136.88,5.70days
31/03/2026 18:00:19,buy,0.10,GBPJPY,209.73400,06/04/2026 10:52:20,211.30700,0.00,2.13,157.30,100.80,100.80,157.30,0.00,0.00,1,Dragon Wave_BZ2[tp],136.87,5.70days
31/03/2026 18:00:15,buy,0.10,NZDJPY,90.75300,03/04/2026 23:11:16,91.21500,0.00,0.26,46.20,29.22,29.22,46.20,0.00,0.00,1,Dragon Wave_DZ2[tp],77.18,3.22days
02/04/2026 23:00:04,sell,0.10,AUDNZD,1.20803,03/04/2026 23:00:03,1.20753,0.00,-0.43,5.00,2.42,2.42,5.00,0.00,0.00,1,Dragon Wave_AZ2[tp],24.00,24.00hrs
31/03/2026 18:00:26,buy,0.10,GBPJPY,209.81000,03/04/2026 09:00:20,211.24600,0.00,1.78,143.60,91.73,91.73,143.60,0.00,0.00,1,Dragon Wave_DZ2,63.00,2.62days
30/03/2026 17:00:18,buy,0.10,GBPJPY,210.35700,03/04/2026 04:00:20,211.20700,0.00,2.13,85.00,55.39,55.39,85.00,0.00,0.00,1,Dragon Wave_FZ2,83.00,3.46days
31/03/2026 18:00:16,sell,0.10,EURAUD,1.68223,02/04/2026 23:00:23,1.67011,0.00,1.59,121.20,85.30,85.30,121.20,0.00,0.00,1,Dragon Wave_IZ2,53.00,2.21days
31/03/2026 18:00:06,sell,0.10,USDCAD,1.39537,02/04/2026 00:01:18,1.38736,0.00,-2.33,80.10,55.41,55.41,80.10,0.00,0.00,1,Dragon Wave_DZ2,30.02,1.25days
30/03/2026 02:00:22,sell,0.10,USDCAD,1.38978,01/04/2026 19:00:30,1.38777,0.00,-1.16,20.10,13.32,13.32,20.10,0.00,0.00,1,Dragon Wave_FZ2,65.00,2.71days
30/03/2026 17:00:09,buy,0.10,GBPJPY,210.35700,01/04/2026 17:00:00,211.18400,0.00,0.71,82.70,52.82,52.82,82.70,0.00,0.00,1,Dragon Wave_AZ2[tp],48.00,2.00days
30/03/2026 11:00:05,sell,0.25,USDCAD,1.39092,01/04/2026 15:45:06,1.38847,0.00,-2.92,24.50,41.19,41.19,24.50,0.00,0.00,1,Dragon Wave_AZ3[tp],52.75,2.20days
26/03/2026 15:00:04,sell,0.10,USDCAD,1.38467,01/04/2026 15:45:06,1.38847,0.00,-2.24,-38.00,-29.61,0.00,0.00,-29.61,-38.00,1,Dragon Wave_AZ2[tp],144.75,6.03days
27/03/2026 02:00:15,sell,0.10,GBPCHF,1.05963,01/04/2026 14:00:23,1.05391,0.00,-7.28,57.20,64.91,64.91,57.20,0.00,0.00,1,Dragon Wave_JZ2,132.00,5.50days
31/03/2026 18:00:18,buy,0.10,CHFJPY,197.92300,01/04/2026 13:00:27,200.03900,0.00,-0.47,211.60,132.86,132.86,211.60,0.00,0.00,1,Dragon Wave_FZ2,19.00,19.00hrs
30/03/2026 17:00:06,buy,0.10,NZDJPY,91.14300,01/04/2026 11:31:55,91.48000,0.00,0.10,33.70,21.35,21.35,33.70,0.00,0.00,1,Dragon Wave_AZ2[tp],42.53,1.77days
31/03/2026 18:00:11,sell,0.63,EURCHF,0.92607,01/04/2026 10:41:04,0.91913,0.00,-7.69,69.40,543.31,543.31,69.40,0.00,0.00,1,Dragon Wave_DZ4[tp],16.68,16.68hrs
24/03/2026 20:00:05,sell,0.25,EURCHF,0.91630,01/04/2026 10:41:04,0.91913,0.00,-24.83,-28.30,-113.99,0.00,0.00,-113.99,-28.30,1,Dragon Wave_DZ3[tp],182.68,7.61days
19/03/2026 14:00:04,sell,0.10,EURCHF,0.91267,01/04/2026 10:41:04,0.91913,0.00,-13.62,-64.60,-95.03,0.00,0.00,-95.03,-64.60,1,Dragon Wave_DZ2[tp],308.68,12.86days
31/03/2026 18:00:05,buy,0.10,CHFJPY,197.95300,01/04/2026 10:40:59,199.60700,0.00,-0.47,165.40,103.93,103.93,165.40,0.00,0.00,1,Dragon Wave_AZ2[tp],16.68,16.68hrs
30/03/2026 04:00:32,sell,0.10,EURAUD,1.67865,01/04/2026 09:56:49,1.66944,0.00,0.79,92.10,64.74,64.74,92.10,0.00,0.00,1,Dragon Wave_KZ2[tp],53.94,2.25days
31/03/2026 18:00:04,sell,0.10,EURNZD,2.01987,01/04/2026 09:47:44,2.00945,0.00,0.02,104.20,60.12,60.12,104.20,0.00,0.00,1,Dragon Wave_AZ2[tp],15.79,15.79hrs
31/03/2026 18:00:26,sell,0.10,USDCHF,0.80340,01/04/2026 09:27:31,0.79514,0.00,-1.58,82.60,102.30,102.30,82.60,0.00,0.00,1,Dragon Wave_KZ2[tp],15.45,15.45hrs
31/03/2026 18:00:13,sell,0.10,USDCHF,0.80367,01/04/2026 09:24:10,0.79574,0.00,-1.58,79.30,98.08,98.08,79.30,0.00,0.00,1,Dragon Wave_DZ2[tp],15.40,15.40hrs
31/03/2026 18:00:17,sell,0.10,USDCHF,0.80367,01/04/2026 09:00:32,0.79671,0.00,-1.58,69.60,85.78,85.78,69.60,0.00,0.00,1,Dragon Wave_FZ2,15.00,15.00hrs
30/03/2026 11:00:03,buy,0.10,AUDJPY,109.47700,01/04/2026 03:54:39,109.96400,0.00,0.30,48.70,30.96,30.96,48.70,0.00,0.00,1,Dragon Wave_FZ2[tp],40.91,1.70days
26/03/2026 16:00:05,sell,0.10,GBPAUD,1.93068,01/04/2026 03:00:27,1.91450,0.00,-1.12,161.80,110.79,110.79,161.80,0.00,0.00,1,Dragon Wave_GZ2,131.01,5.46days
26/03/2026 16:00:19,sell,0.10,GBPAUD,1.93068,01/04/2026 02:58:19,1.91419,0.00,-1.12,164.90,112.99,112.99,164.90,0.00,0.00,1,Dragon Wave_NZ2[tp],130.97,5.46days
31/03/2026 18:00:08,sell,0.10,USDCHF,0.80369,01/04/2026 02:56:41,0.79785,0.00,-1.58,58.40,71.62,71.62,58.40,0.00,0.00,1,Dragon Wave_AZ2[tp],8.94,8.94hrs
26/03/2026 18:00:09,sell,0.10,GBPAUD,1.93152,31/03/2026 19:40:58,1.91951,0.00,-0.81,120.10,81.93,81.93,120.10,0.00,0.00,1,Dragon Wave_IZ2[tp],121.68,5.07days
26/03/2026 16:00:15,sell,0.10,GBPAUD,1.93070,31/03/2026 14:24:26,1.92194,0.00,-0.81,87.60,59.40,59.40,87.60,0.00,0.00,1,Dragon Wave_KZ2[tp],118.40,4.93days
30/03/2026 04:00:19,sell,0.25,EURAUD,1.67870,31/03/2026 14:22:52,1.66915,0.00,0.98,95.50,165.02,165.02,95.50,0.00,0.00,1,Dragon Wave_FZ3[tp],34.38,1.43days
24/03/2026 05:00:33,sell,0.10,EURAUD,1.66229,31/03/2026 14:22:52,1.66915,0.00,2.91,-68.60,-44.22,0.00,0.00,-44.22,-68.60,1,Dragon Wave_FZ2[tp],177.37,7.39days
19/03/2026 21:00:23,sell,0.10,GBPCHF,1.05933,31/03/2026 03:00:18,1.05379,0.00,-24.49,55.40,44.75,44.75,55.40,0.00,0.00,1,Dragon Wave_LZ2,270.00,11.25days
27/03/2026 06:00:06,sell,0.25,EURCHF,0.91729,31/03/2026 00:04:55,0.91571,0.00,-6.15,15.80,43.27,43.27,15.80,0.00,0.00,1,Dragon Wave_FZ3[tp],90.08,3.75days
19/03/2026 20:00:06,sell,0.10,EURCHF,0.91345,31/03/2026 00:04:55,0.91571,0.00,-12.40,-22.60,-40.67,0.00,0.00,-40.67,-22.60,1,Dragon Wave_FZ2[tp],268.08,11.17days
24/03/2026 04:00:06,sell,0.10,GBPAUD,1.91779,30/03/2026 19:00:46,1.92375,0.00,-1.52,-59.60,-42.39,0.00,0.00,-42.39,-59.60,1,Dragon Wave_FZ2,159.01,6.63days
26/03/2026 21:00:10,sell,0.25,GBPAUD,1.93427,30/03/2026 19:00:43,1.92364,0.00,-1.26,106.30,181.00,181.00,106.30,0.00,0.00,1,Dragon Wave_FZ3,94.01,3.92days
25/03/2026 00:01:30,sell,0.10,EURCAD,1.59689,30/03/2026 18:06:42,1.59459,0.00,-0.90,23.00,15.63,15.63,23.00,0.00,0.00,1,Dragon Wave_FZ2[tp],138.09,5.75days
26/03/2026 20:00:15,sell,0.10,GBPCHF,1.05946,30/03/2026 16:41:01,1.05562,0.00,-4.89,38.40,43.10,43.10,38.40,0.00,0.00,1,Dragon Wave_EZ2[tp],92.68,3.86days
24/03/2026 06:00:09,buy,0.10,AUDNZD,1.19403,30/03/2026 12:00:25,1.19753,0.00,0.85,35.00,20.88,20.88,35.00,0.00,0.00,1,Dragon Wave_FZ2,150.00,6.25days
23/03/2026 14:00:07,sell,0.10,GBPAUD,1.91552,23/03/2026 14:11:14,1.90518,0.00,0.00,103.40,72.81,72.81,103.40,0.00,0.00,1,Dragon Wave_AZ2[tp],0.19,0.19hrs
23/03/2026 09:00:04,sell,0.10,EURAUD,1.65659,23/03/2026 14:08:45,1.64882,0.00,0.00,77.70,54.56,54.56,77.70,0.00,0.00,1,Dragon Wave_AZ2[tp],5.14,5.14hrs
19/03/2026 19:00:16,sell,0.10,GBPCHF,1.05859,23/03/2026 02:00:27,1.04905,0.00,-4.86,95.40,116.30,116.30,95.40,0.00,0.00,1,Dragon Wave_GZ2,79.00,3.29days
19/03/2026 23:00:18,buy,0.10,CADJPY,114.78100,20/03/2026 19:00:18,115.95700,0.00,0.10,117.60,73.94,73.94,117.60,0.00,0.00,1,Dragon Wave_FZ2,20.00,20.00hrs
19/03/2026 21:00:19,sell,0.10,GBPCHF,1.05934,20/03/2026 17:57:39,1.05081,0.00,-2.43,85.30,105.60,105.60,85.30,0.00,0.00,1,Dragon Wave_KZ2[tp],20.96,20.96hrs
19/03/2026 18:00:21,buy,0.10,EURGBP,0.86173,20/03/2026 17:22:08,0.86604,0.00,-1.06,43.10,56.32,56.32,43.10,0.00,0.00,1,Dragon Wave_LZ2[tp],23.36,23.36hrs
11/03/2026 18:00:18,buy,0.10,EURGBP,0.86281,20/03/2026 17:13:24,0.86542,0.00,-11.55,26.10,23.24,23.24,26.10,0.00,0.00,1,Dragon Wave_GZ2[tp],215.22,8.97days
11/03/2026 18:00:15,buy,0.10,EURGBP,0.86282,20/03/2026 17:13:24,0.86541,0.00,-11.55,25.90,22.98,22.98,25.90,0.00,0.00,1,Dragon Wave_EZ2[tp],215.22,8.97days
19/03/2026 13:00:32,sell,0.10,AUDCHF,0.56003,20/03/2026 17:00:15,0.55563,0.00,-1.12,44.00,54.65,54.65,44.00,0.00,0.00,1,Dragon Wave_NZ2,28.00,1.17days
11/03/2026 18:00:26,buy,0.10,EURGBP,0.86284,20/03/2026 16:00:20,0.86417,0.00,-11.55,13.30,6.24,6.24,13.30,0.00,0.00,1,Dragon Wave_NZ2,214.00,8.92days
19/03/2026 14:00:14,sell,0.10,CADCHF,0.57918,20/03/2026 16:00:07,0.57342,0.00,-0.76,57.60,72.48,72.48,57.60,0.00,0.00,1,Dragon Wave_JZ2,26.00,1.08days
19/03/2026 21:00:04,sell,0.10,GBPCHF,1.05952,20/03/2026 15:56:11,1.05212,0.00,-2.43,74.00,91.67,91.67,74.00,0.00,0.00,1,Dragon Wave_DZ2[tp],18.94,18.94hrs
19/03/2026 13:00:05,sell,0.10,EURCHF,0.91103,20/03/2026 12:58:12,0.91033,0.00,-1.21,7.00,7.67,7.67,7.00,0.00,0.00,1,Dragon Wave_AZ2[tp],23.97,23.97hrs
09/03/2026 04:00:09,buy,0.10,EURCAD,1.56651,19/03/2026 23:00:17,1.59142,0.00,-3.24,249.10,178.09,178.09,249.10,0.00,0.00,1,Dragon Wave_MZ2,259.00,10.79days
19/03/2026 14:00:19,sell,0.10,CADCHF,0.57917,19/03/2026 22:15:26,0.57326,0.00,0.00,59.10,75.19,75.19,59.10,0.00,0.00,1,Dragon Wave_LZ2[tp],8.25,8.25hrs
19/03/2026 14:00:06,sell,0.10,CADCHF,0.57919,19/03/2026 22:15:26,0.57326,0.00,0.00,59.30,75.45,75.45,59.30,0.00,0.00,1,Dragon Wave_CZ2[tp],8.26,8.26hrs
13/03/2026 10:00:09,buy,0.10,NZDCAD,0.79412,19/03/2026 22:04:40,0.80625,0.00,-0.64,121.30,87.78,87.78,121.30,0.00,0.00,1,Dragon Wave_OZ2[tp],156.08,6.50days
13/03/2026 10:00:03,buy,0.10,NZDCAD,0.79416,19/03/2026 22:03:46,0.80588,0.00,-0.64,117.20,84.78,84.78,117.20,0.00,0.00,1,Dragon Wave_CZ2[tp],156.06,6.50days
13/03/2026 11:00:18,buy,0.10,NZDCAD,0.79352,19/03/2026 22:00:33,0.80465,0.00,-0.64,111.30,80.46,80.46,111.30,0.00,0.00,1,Dragon Wave_JZ2,155.00,6.46days
09/03/2026 07:00:16,buy,0.10,EURCAD,1.56162,19/03/2026 21:57:31,1.58922,0.00,-3.24,276.00,197.75,197.75,276.00,0.00,0.00,1,Dragon Wave_HZ2[tp],254.95,10.62days
13/03/2026 11:00:21,buy,0.10,NZDCAD,0.79351,19/03/2026 21:56:28,0.80407,0.00,-0.64,105.60,76.26,76.26,105.60,0.00,0.00,1,Dragon Wave_LZ2[tp],154.94,6.46days
09/03/2026 07:00:22,buy,0.10,EURCAD,1.56163,19/03/2026 20:35:05,1.58642,0.00,-3.24,247.90,177.32,177.32,247.90,0.00,0.00,1,Dragon Wave_OZ2[tp],253.58,10.57days
09/03/2026 05:00:09,buy,0.10,EURCAD,1.56434,19/03/2026 20:00:11,1.58339,0.00,-3.24,190.50,135.53,135.53,190.50,0.00,0.00,1,Dragon Wave_JZ2,255.00,10.63days
09/03/2026 06:00:15,buy,0.10,EURCAD,1.56391,19/03/2026 19:59:28,1.58350,0.00,-3.24,195.90,139.46,139.46,195.90,0.00,0.00,1,Dragon Wave_CZ2[tp],253.99,10.58days
11/03/2026 15:00:08,sell,0.25,AUDNZD,1.20832,19/03/2026 17:01:07,1.20618,0.00,-11.87,21.40,19.40,19.40,21.40,0.00,0.00,1,Dragon Wave_FZ3[tp],194.02,8.08days
11/03/2026 04:00:10,sell,0.10,AUDNZD,1.20279,19/03/2026 17:01:07,1.20618,0.00,-4.74,-33.90,-24.55,0.00,0.00,-24.55,-33.90,1,Dragon Wave_FZ2[tp],205.02,8.54days
11/03/2026 12:00:09,sell,0.10,AUDNZD,1.20815,19/03/2026 16:09:31,1.20691,0.00,-4.74,12.40,2.46,2.46,12.40,0.00,0.00,1,Dragon Wave_IZ2[tp],196.16,8.17days
11/03/2026 18:00:03,sell,0.10,AUDNZD,1.20982,19/03/2026 16:09:19,1.20697,0.00,-4.74,28.50,11.80,11.80,28.50,0.00,0.00,1,Dragon Wave_BZ2[tp],190.15,7.92days
17/03/2026 10:00:20,sell,0.25,AUDNZD,1.21386,19/03/2026 03:31:50,1.20969,0.00,-4.88,41.70,55.70,55.70,41.70,0.00,0.00,1,Dragon Wave_KZ3[tp],41.52,1.73days
11/03/2026 06:00:03,sell,0.10,AUDNZD,1.20691,19/03/2026 03:31:50,1.20969,0.00,-4.74,-27.80,-20.89,0.00,0.00,-20.89,-27.80,1,Dragon Wave_KZ2[tp],189.53,7.90days
11/03/2026 18:00:05,buy,0.10,EURGBP,0.86285,18/03/2026 17:14:05,0.86491,0.00,-7.34,20.60,20.07,20.07,20.60,0.00,0.00,1,Dragon Wave_BZ2[tp],167.23,6.97days
11/03/2026 18:00:22,buy,0.10,EURGBP,0.86283,18/03/2026 15:00:18,0.86426,0.00,-7.34,14.30,11.76,11.76,14.30,0.00,0.00,1,Dragon Wave_IZ2,165.00,6.87days
09/03/2026 07:00:19,buy,0.10,EURCAD,1.56164,18/03/2026 10:00:23,1.58173,0.00,-2.39,200.90,144.19,144.19,200.90,0.00,0.00,1,Dragon Wave_LZ2,219.00,9.13days
13/03/2026 11:00:08,buy,0.10,NZDCAD,0.79354,18/03/2026 09:00:19,0.80369,0.00,-0.30,101.50,73.80,73.80,101.50,0.00,0.00,1,Dragon Wave_EZ2,118.00,4.92days
09/03/2026 07:00:02,buy,0.10,EURCAD,1.56159,17/03/2026 22:00:17,1.58039,0.00,-2.11,188.00,135.14,135.14,188.00,0.00,0.00,1,Dragon Wave_EZ2,207.00,8.63days
13/03/2026 23:00:03,sell,0.10,USDCHF,0.79111,17/03/2026 20:00:21,0.78512,0.00,-3.18,59.90,73.11,73.11,59.90,0.00,0.00,1,Dragon Wave_FZ2,93.00,3.88days
13/03/2026 11:00:04,sell,0.10,USDCHF,0.78851,17/03/2026 16:24:00,0.78577,0.00,-3.18,27.40,31.69,31.69,27.40,0.00,0.00,1,Dragon Wave_AZ2[tp],101.40,4.22days
11/03/2026 22:00:13,buy,0.10,EURGBP,0.86268,17/03/2026 16:00:22,0.86434,0.00,-6.28,16.60,15.86,15.86,16.60,0.00,0.00,1,Dragon Wave_KZ2,138.00,5.75days
11/03/2026 18:00:10,sell,0.10,AUDCHF,0.55934,17/03/2026 06:44:20,0.55576,0.00,-6.81,35.80,38.60,38.60,35.80,0.00,0.00,1,Dragon Wave_BZ2[tp],132.74,5.53days
11/03/2026 12:00:03,sell,0.25,AUDNZD,1.20814,17/03/2026 06:44:19,1.20626,0.00,-6.99,18.80,20.49,20.49,18.80,0.00,0.00,1,Dragon Wave_AZ3[tp],138.74,5.78days
11/03/2026 04:00:04,sell,0.10,AUDNZD,1.20278,17/03/2026 06:44:19,1.20626,0.00,-2.79,-34.80,-23.14,0.00,0.00,-23.14,-34.80,1,Dragon Wave_AZ2[tp],146.74,6.11days
12/03/2026 05:00:02,sell,0.25,AUDNZD,1.21035,17/03/2026 06:32:32,1.20713,0.00,-3.51,32.20,43.56,43.56,32.20,0.00,0.00,1,Dragon Wave_DZ3[tp],121.54,5.06days
11/03/2026 05:00:04,sell,0.10,AUDNZD,1.20450,17/03/2026 06:32:32,1.20713,0.00,-2.79,-26.30,-18.16,0.00,0.00,-18.16,-26.30,1,Dragon Wave_DZ2[tp],145.54,6.06days
13/03/2026 22:00:08,buy,0.10,NZDUSD,0.57932,16/03/2026 21:46:14,0.58668,0.00,-0.32,73.60,73.28,73.28,73.60,0.00,0.00,1,Dragon Wave_FZ2[tp],71.77,2.99days
13/03/2026 19:00:04,buy,0.10,EURUSD,1.14429,16/03/2026 16:58:35,1.15002,0.00,-0.70,57.30,56.60,56.60,57.30,0.00,0.00,1,Dragon Wave_AZ2[tp],69.98,2.92days
13/03/2026 23:00:00,buy,0.10,NZDUSD,0.57840,16/03/2026 16:55:09,0.58552,0.00,-0.32,71.20,70.88,70.88,71.20,0.00,0.00,1,Dragon Wave_AZ2[tp],65.92,2.75days
11/03/2026 18:00:22,sell,0.10,AUDCHF,0.55931,16/03/2026 02:00:23,0.55293,0.00,-5.69,63.80,75.04,75.04,63.80,0.00,0.00,1,Dragon Wave_IZ2,104.00,4.33days
11/03/2026 18:00:14,sell,0.10,AUDCHF,0.55934,13/03/2026 16:33:24,0.55409,0.00,-4.56,52.50,62.17,62.17,52.50,0.00,0.00,1,Dragon Wave_DZ2[tp],46.55,1.94days
11/03/2026 23:00:00,buy,0.10,EURGBP,0.86258,13/03/2026 14:57:18,0.86512,0.00,-4.19,25.40,29.48,29.48,25.40,0.00,0.00,1,Dragon Wave_FZ2[tp],39.95,1.66days
11/03/2026 22:00:02,buy,0.10,EURGBP,0.86264,13/03/2026 14:17:39,0.86503,0.00,-4.19,23.90,27.47,27.47,23.90,0.00,0.00,1,Dragon Wave_DZ2[tp],40.29,1.68days
11/03/2026 07:00:13,sell,0.10,AUDJPY,113.49400,13/03/2026 10:44:00,112.00600,0.00,-2.94,148.80,90.40,90.40,148.80,0.00,0.00,1,Dragon Wave_KZ2[tp],51.73,2.16days
11/03/2026 23:00:04,sell,0.10,GBPJPY,213.27400,13/03/2026 10:24:35,211.95200,0.00,-5.64,132.20,77.24,77.24,132.20,0.00,0.00,1,Dragon Wave_FZ2[tp],35.41,1.48days
11/03/2026 05:00:05,sell,0.10,GBPJPY,212.80900,13/03/2026 09:35:55,212.33800,0.00,-5.64,47.10,23.90,23.90,47.10,0.00,0.00,1,Dragon Wave_AZ2[tp],52.60,2.19days
11/03/2026 08:00:06,buy,0.10,EURAUD,1.61994,13/03/2026 09:35:26,1.63259,0.00,-3.80,126.50,85.24,85.24,126.50,0.00,0.00,1,Dragon Wave_FZ2[tp],49.59,2.07days
11/03/2026 17:00:09,buy,0.10,EURAUD,1.61717,13/03/2026 09:33:46,1.63199,0.00,-3.80,148.20,100.57,100.57,148.20,0.00,0.00,1,Dragon Wave_DZ2[tp],40.56,1.69days
11/03/2026 07:00:06,sell,0.25,AUDJPY,113.47600,13/03/2026 09:32:02,112.32200,0.00,-7.35,115.40,173.65,173.65,115.40,0.00,0.00,1,Dragon Wave_FZ3[tp],50.53,2.11days
10/03/2026 21:00:13,sell,0.10,AUDJPY,112.77100,13/03/2026 09:32:02,112.32200,0.00,-3.68,44.90,24.49,24.49,44.90,0.00,0.00,1,Dragon Wave_FZ2[tp],60.53,2.52days
11/03/2026 06:00:04,sell,0.25,AUDJPY,113.39200,13/03/2026 09:31:33,112.33800,0.00,-7.35,105.40,157.97,157.97,105.40,0.00,0.00,1,Dragon Wave_DZ3[tp],51.52,2.15days
10/03/2026 18:00:02,sell,0.10,AUDJPY,112.68300,13/03/2026 09:31:33,112.33800,0.00,-3.68,34.50,17.96,17.96,34.50,0.00,0.00,1,Dragon Wave_DZ2[tp],63.53,2.65days
11/03/2026 17:00:05,sell,0.25,AUDJPY,113.59000,13/03/2026 08:11:44,112.52000,0.00,-7.35,107.00,160.49,160.49,107.00,0.00,0.00,1,Dragon Wave_AZ3[tp],39.19,1.63days
10/03/2026 21:00:03,sell,0.10,AUDJPY,112.77200,13/03/2026 08:11:44,112.52000,0.00,-3.68,25.20,12.13,12.13,25.20,0.00,0.00,1,Dragon Wave_AZ2[tp],59.19,2.47days
11/03/2026 07:00:03,buy,0.10,EURAUD,1.62130,13/03/2026 06:37:03,1.62936,0.00,-3.80,80.60,53.10,53.10,80.60,0.00,0.00,1,Dragon Wave_AZ2[tp],47.62,1.98days
09/03/2026 02:00:17,buy,0.10,EURCHF,0.89978,13/03/2026 06:00:09,0.90529,0.00,1.68,55.10,71.76,71.76,55.10,0.00,0.00,1,Dragon Wave_GZ2,100.00,4.17days
09/03/2026 02:00:22,buy,0.10,EURCHF,0.89985,12/03/2026 23:00:24,0.90490,0.00,1.40,50.50,65.65,65.65,50.50,0.00,0.00,1,Dragon Wave_NZ2,93.00,3.88days
09/03/2026 02:00:04,buy,0.10,EURCHF,0.89990,12/03/2026 22:00:16,0.90441,0.00,1.40,45.10,58.80,58.80,45.10,0.00,0.00,1,Dragon Wave_BZ2,92.00,3.83days
09/03/2026 11:00:14,buy,0.10,USDCAD,1.35521,12/03/2026 18:13:00,1.36299,0.00,0.96,77.80,58.04,58.04,77.80,0.00,0.00,1,Dragon Wave_NZ2[tp],79.21,3.30days
09/03/2026 08:00:03,buy,0.10,USDCAD,1.35537,12/03/2026 18:10:47,1.36225,0.00,0.96,68.80,51.46,51.46,68.80,0.00,0.00,1,Dragon Wave_BZ2[tp],82.18,3.42days
09/03/2026 08:00:22,buy,0.10,USDCAD,1.35545,12/03/2026 18:00:20,1.36123,0.00,0.96,57.80,43.42,43.42,57.80,0.00,0.00,1,Dragon Wave_IZ2,82.00,3.42days
09/03/2026 08:00:25,buy,0.10,USDCAD,1.35547,12/03/2026 17:00:13,1.36064,0.00,0.96,51.70,38.96,38.96,51.70,0.00,0.00,1,Dragon Wave_KZ2,81.00,3.37days
09/03/2026 08:00:19,buy,0.10,USDCAD,1.35544,11/03/2026 19:00:21,1.36027,0.00,0.38,48.30,35.89,35.89,48.30,0.00,0.00,1,Dragon Wave_FZ2,59.00,2.46days
09/03/2026 08:00:11,buy,0.10,USDCAD,1.35545,11/03/2026 18:41:12,1.36001,0.00,0.38,45.60,33.91,33.91,45.60,0.00,0.00,1,Dragon Wave_DZ2[tp],58.68,2.45days
09/03/2026 06:00:02,buy,0.10,USDCAD,1.35690,11/03/2026 15:50:13,1.35861,0.00,0.38,17.10,12.97,12.97,17.10,0.00,0.00,1,Dragon Wave_AZ2[tp],57.84,2.41days
09/03/2026 04:00:05,buy,0.10,AUDCAD,0.94727,10/03/2026 09:35:23,0.96334,0.00,0.20,160.70,118.56,118.56,160.70,0.00,0.00,1,Dragon Wave_GZ2[tp],29.59,1.23days
09/03/2026 01:00:21,buy,0.10,AUDCAD,0.95054,10/03/2026 09:24:41,0.96301,0.00,0.20,124.70,92.05,92.05,124.70,0.00,0.00,1,Dragon Wave_NZ2[tp],32.41,1.35days
09/03/2026 01:00:17,buy,0.10,AUDCAD,0.95058,09/03/2026 22:38:15,0.96042,0.00,0.00,98.40,72.50,72.50,98.40,0.00,0.00,1,Dragon Wave_IZ2[tp],21.63,21.63hrs
09/03/2026 04:00:00,buy,0.10,AUDCAD,0.94706,09/03/2026 22:33:02,0.95994,0.00,0.00,128.80,94.94,94.94,128.80,0.00,0.00,1,Dragon Wave_EZ2[tp],18.55,18.55hrs
09/03/2026 02:00:07,buy,0.10,AUDCAD,0.94900,09/03/2026 22:22:16,0.95944,0.00,0.00,104.40,76.98,76.98,104.40,0.00,0.00,1,Dragon Wave_BZ2[tp],20.37,20.37hrs
12/01/2026 05:00:08,sell,0.63,GBPJPY,212.12700,19/01/2026 01:00:16,210.78100,0.00,-61.15,134.60,476.10,476.10,134.60,-865.74,-216.30,1,Dragon Wave_CZ4[tp],164.00,6.83days
19/12/2025 10:00:05,sell,0.25,GBPJPY,209.49100,19/01/2026 01:00:16,210.78100,0.00,-111.27,-129.00,-315.60,0.00,0.00,-845.00,-479.90,1,Dragon Wave_CZ3[tp],735.00,30.63days
26/11/2025 18:00:26,sell,0.10,GBPJPY,206.88700,19/01/2026 01:00:16,210.78100,0.00,-85.17,-389.40,-331.88,97.66,163.90,-542.42,-740.30,1,Dragon Wave_CZ2[tp],1279.00,53.29days
06/01/2026 01:00:07,sell,0.25,GBPJPY,211.88800,19/01/2026 01:00:15,210.84400,0.00,-46.87,104.40,118.46,227.29,152.00,-403.73,-240.20,1,Dragon Wave_HZ3[tp],312.00,13.00days
09/12/2025 11:00:18,sell,0.10,GBPJPY,208.56700,19/01/2026 01:00:15,210.84400,0.00,-64.08,-227.70,-208.31,101.47,174.40,-415.68,-572.30,1,Dragon Wave_HZ2[tp],974.00,40.58days
12/01/2026 13:00:13,sell,0.63,GBPJPY,212.62100,19/01/2026 00:00:10,211.19900,0.00,-61.15,142.20,505.81,505.81,142.20,-670.02,-166.90,1,Dragon Wave_OZ4[tp],155.00,6.46days
19/12/2025 10:00:11,sell,0.25,GBPJPY,209.48900,19/01/2026 00:00:10,211.19900,0.00,-111.27,-171.00,-381.82,0.00,0.00,-845.32,-480.10,1,Dragon Wave_OZ3[tp],734.00,30.58days
26/11/2025 23:00:17,sell,0.10,GBPJPY,207.09300,19/01/2026 00:00:10,211.19900,0.00,-85.17,-410.60,-345.03,110.96,184.50,-529.47,-719.70,1,Dragon Wave_OZ2[tp],1273.00,53.04days
10/12/2025 22:00:16,sell,0.10,AUDUSD,0.66658,09/01/2026 15:00:10,0.66766,0.00,-0.23,-10.80,-11.03,71.54,72.10,-101.80,-101.60,1,Dragon Wave_HZ2,713.00,29.71days
07/01/2026 04:00:25,sell,0.25,AUDUSD,0.67471,09/01/2026 15:00:09,0.66765,0.00,-0.08,70.60,176.42,180.42,72.20,-50.75,-20.30,1,Dragon Wave_HZ3,59.00,2.46days
26/11/2025 21:00:18,sell,0.10,GBPJPY,207.05000,08/01/2026 10:00:30,210.38600,0.00,-72.61,-333.60,-285.81,108.18,180.20,-392.18,-510.80,1,Dragon Wave_JZ2,1021.00,42.54days
19/12/2025 11:00:02,sell,0.25,GBPJPY,209.87700,08/01/2026 10:00:29,210.38200,0.00,-79.88,-50.50,-160.57,0.00,0.00,-428.08,-228.10,1,Dragon Wave_JZ3,479.01,19.96days
06/01/2026 06:00:05,sell,0.63,GBPJPY,211.99600,08/01/2026 10:00:27,210.40300,0.00,-39.01,159.30,602.35,602.35,159.30,-23.36,-5.80,1,Dragon Wave_JZ4,52.01,2.17days
11/12/2025 02:00:34,buy,0.25,USDCAD,1.37900,06/01/2026 23:00:30,1.38101,0.00,12.50,20.10,48.89,56.62,31.30,-261.32,-147.00,1,Dragon Wave_NZ3,645.00,26.87days
05/12/2025 17:00:44,buy,0.10,USDCAD,1.38740,06/01/2026 23:00:30,1.38100,0.00,6.37,-64.00,-39.97,4.90,6.80,-164.71,-231.00,1,Dragon Wave_NZ2,774.00,32.25days
11/12/2025 16:00:02,buy,0.25,USDCAD,1.37875,06/01/2026 23:00:17,1.38093,0.00,12.50,21.80,51.97,57.56,25.20,-256.74,-144.50,1,Dragon Wave_BZ3,631.00,26.29days
05/12/2025 17:00:08,buy,0.10,USDCAD,1.38752,06/01/2026 23:00:17,1.38093,0.00,6.37,-65.90,-41.35,4.03,5.60,-165.59,-232.20,1,Dragon Wave_BZ2,774.00,32.25days
11/12/2025 17:00:22,buy,0.25,USDCAD,1.37770,05/01/2026 15:33:15,1.38129,0.00,11.95,35.90,76.93,76.93,35.90,-237.50,-134.00,1,Dragon Wave_IZ3[tp],598.55,24.94days
05/12/2025 17:00:38,buy,0.10,USDCAD,1.38750,05/01/2026 15:33:15,1.38129,0.00,6.15,-62.10,-38.81,4.18,5.80,-165.44,-232.00,1,Dragon Wave_IZ2[tp],742.54,30.94days
26/12/2025 16:00:28,buy,0.25,USDCAD,1.36544,05/01/2026 15:27:28,1.38064,0.00,3.90,152.00,279.13,279.13,152.00,-20.89,-11.40,1,Dragon Wave_MZ3[tp],239.45,9.98days
11/12/2025 17:00:25,buy,0.10,USDCAD,1.37770,05/01/2026 15:27:28,1.38064,0.00,4.79,29.40,26.08,26.08,29.40,-94.97,-134.00,1,Dragon Wave_MZ2[tp],598.45,24.94days
26/12/2025 16:00:21,buy,0.25,USDCAD,1.36544,05/01/2026 11:00:32,1.37823,0.00,3.90,127.90,235.90,238.24,129.20,-20.89,-11.40,1,Dragon Wave_HZ3,235.00,9.79days
11/12/2025 17:00:10,buy,0.10,USDCAD,1.37765,05/01/2026 11:00:32,1.37823,0.00,4.79,5.80,9.00,21.89,27.70,-94.60,-133.50,1,Dragon Wave_HZ2,594.01,24.75days
11/12/2025 17:00:26,buy,0.10,USDCAD,1.37755,05/01/2026 07:00:29,1.37710,0.00,4.79,-4.50,1.52,22.61,28.70,-93.87,-132.50,1,Dragon Wave_OZ2,590.00,24.58days
11/12/2025 17:00:04,buy,0.10,USDCAD,1.37764,05/01/2026 07:00:15,1.37709,0.00,4.79,-5.50,0.80,21.96,27.80,-94.53,-133.40,1,Dragon Wave_CZ2,590.00,24.58days
11/12/2025 18:00:01,buy,0.10,USDCAD,1.37606,05/01/2026 06:00:11,1.37682,0.00,4.79,7.60,10.31,33.40,43.60,-82.95,-117.60,1,Dragon Wave_JZ2,588.00,24.50days
16/12/2025 17:00:39,sell,0.10,EURUSD,1.17992,02/01/2026 21:00:35,1.17201,0.00,7.28,79.10,86.38,95.90,94.20,-6.32,-9.00,1,Dragon Wave_HZ2,412.00,17.17days
08/12/2025 15:01:16,buy,0.10,USDCAD,1.38064,02/01/2026 15:00:25,1.37335,0.00,5.69,-72.90,-47.39,40.98,56.20,-115.43,-163.40,1,Dragon Wave_LZ2,599.99,25.00days
23/12/2025 12:00:11,buy,0.25,USDCAD,1.37062,02/01/2026 15:00:24,1.37336,0.00,5.91,27.40,55.79,57.97,28.60,-113.32,-63.20,1,Dragon Wave_LZ3,243.00,10.13days
26/12/2025 16:00:18,buy,0.63,USDCAD,1.36544,31/12/2025 17:40:37,1.37231,0.00,3.69,68.70,319.08,319.08,68.70,-52.64,-11.40,1,Dragon Wave_GZ4[tp],121.67,5.07days
10/12/2025 23:00:24,buy,0.25,USDCAD,1.37975,31/12/2025 17:40:37,1.37231,0.00,11.16,-74.40,-124.38,44.68,23.80,-273.43,-154.50,1,Dragon Wave_GZ3[tp],498.67,20.78days
05/12/2025 17:00:29,buy,0.10,USDCAD,1.38762,31/12/2025 17:40:37,1.37231,0.00,5.19,-153.10,-106.37,3.31,4.60,-166.32,-233.20,1,Dragon Wave_GZ2[tp],624.67,26.03days
26/12/2025 16:00:13,buy,0.63,USDCAD,1.36545,31/12/2025 17:17:18,1.37222,0.00,3.69,67.70,314.51,314.51,67.70,-53.10,-11.50,1,Dragon Wave_EZ4[tp],121.28,5.05days
10/12/2025 23:00:04,buy,0.25,USDCAD,1.37959,31/12/2025 17:17:18,1.37222,0.00,11.16,-73.70,-123.11,47.57,25.40,-270.50,-152.90,1,Dragon Wave_EZ3[tp],498.29,20.76days
05/12/2025 17:00:22,buy,0.10,USDCAD,1.38746,31/12/2025 17:17:18,1.37222,0.00,5.19,-152.40,-105.87,4.47,6.20,-165.15,-231.60,1,Dragon Wave_EZ2[tp],624.28,26.01days
05/12/2025 17:00:11,buy,0.10,USDCAD,1.38756,31/12/2025 11:00:27,1.37075,0.00,5.19,-168.10,-117.44,3.75,5.20,-165.88,-232.60,1,Dragon Wave_DZ2,618.00,25.75days
26/12/2025 16:00:10,buy,0.63,USDCAD,1.36546,31/12/2025 11:00:26,1.37072,0.00,3.69,52.60,245.45,245.45,52.60,-53.57,-11.60,1,Dragon Wave_DZ4,115.00,4.79days
11/12/2025 17:00:09,buy,0.25,USDCAD,1.37768,31/12/2025 11:00:26,1.37074,0.00,9.53,-69.40,-117.04,54.12,27.40,-237.13,-133.80,1,Dragon Wave_DZ3,474.00,19.75days
16/12/2025 17:00:40,sell,0.10,EURUSD,1.17993,31/12/2025 10:55:48,1.17225,0.00,5.16,76.80,81.96,96.00,94.30,-6.22,-8.90,1,Dragon Wave_OZ2[tp],353.92,14.75days
16/12/2025 17:00:35,sell,0.10,EURUSD,1.17993,31/12/2025 10:47:14,1.17243,0.00,5.16,75.00,80.16,96.00,94.30,-6.22,-8.90,1,Dragon Wave_CZ2[tp],353.78,14.74days
15/12/2025 17:00:40,sell,0.10,EURUSD,1.17635,31/12/2025 07:00:27,1.17354,0.00,5.50,28.10,33.60,60.54,58.50,-41.68,-44.70,1,Dragon Wave_JZ2,374.00,15.58days
15/12/2025 17:00:41,sell,0.10,EURUSD,1.17634,30/12/2025 23:00:18,1.17451,0.00,4.97,18.30,23.27,60.44,58.40,-41.78,-44.80,1,Dragon Wave_LZ2,365.99,15.25days
05/12/2025 17:00:22,buy,0.10,USDCAD,1.38747,30/12/2025 14:00:21,1.36987,0.00,5.00,-176.00,-123.48,4.39,6.10,-165.22,-231.70,1,Dragon Wave_FZ2,597.00,24.87days
26/12/2025 16:00:16,buy,1.56,USDCAD,1.36544,30/12/2025 14:00:20,1.36987,0.00,6.13,44.30,510.62,522.34,45.60,-130.35,-11.40,1,Dragon Wave_FZ5,94.00,3.92days
23/12/2025 23:00:24,buy,0.63,USDCAD,1.36941,30/12/2025 14:00:20,1.36987,0.00,8.73,4.60,29.89,34.64,5.90,-229.71,-51.10,1,Dragon Wave_FZ4,159.00,6.62days
11/12/2025 00:01:09,buy,0.25,USDCAD,1.37940,30/12/2025 14:00:20,1.36987,0.00,9.04,-95.30,-164.88,49.38,27.30,-268.65,-151.00,1,Dragon Wave_FZ3,469.99,19.58days
23/12/2025 05:00:19,buy,0.25,USDCHF,0.78983,29/12/2025 13:12:51,0.79126,0.00,9.52,14.30,54.70,54.70,14.30,-116.08,-37.00,1,Dragon Wave_KZ3[tp],152.21,6.34days
11/12/2025 18:00:32,buy,0.10,USDCHF,0.79356,29/12/2025 13:12:51,0.79126,0.00,10.41,-23.00,-18.66,66.83,51.20,-87.26,-74.30,1,Dragon Wave_KZ2[tp],427.21,17.80days
11/12/2025 16:00:10,sell,0.10,EURUSD,1.17309,19/12/2025 10:00:39,1.17074,0.00,2.82,23.50,26.32,27.16,25.70,-70.18,-71.30,1,Dragon Wave_GZ2,186.01,7.75days
11/12/2025 16:00:30,sell,0.10,EURUSD,1.17316,19/12/2025 09:57:37,1.17051,0.00,2.82,26.50,29.32,29.32,26.50,-69.48,-70.60,1,Dragon Wave_NZ2[tp],185.95,7.75days
16/12/2025 04:00:18,sell,0.10,EURNZD,2.03837,18/12/2025 15:30:03,2.03056,0.00,-0.44,78.10,44.61,61.51,106.70,-8.50,-14.00,1,Dragon Wave_AZ2[tp],59.50,2.48days
10/12/2025 23:00:40,sell,0.10,AUDUSD,0.66775,18/12/2025 06:00:19,0.65945,0.00,-0.56,83.00,82.44,83.24,83.80,-2.30,-2.30,1,Dragon Wave_OZ2,174.99,7.29days
11/12/2025 18:00:11,buy,0.25,USDCAD,1.37605,17/12/2025 19:01:13,1.37918,0.00,2.22,31.30,58.96,64.02,34.10,-53.16,-30.10,1,Dragon Wave_KZ3,145.02,6.04days
05/12/2025 17:00:41,buy,0.10,USDCAD,1.38743,17/12/2025 19:01:13,1.37918,0.00,2.26,-82.50,-57.56,4.68,6.50,-102.77,-143.90,1,Dragon Wave_KZ2,290.01,12.08days
10/12/2025 22:00:31,sell,0.10,AUDUSD,0.66654,17/12/2025 12:00:22,0.66140,0.00,-0.47,51.40,50.93,51.73,52.20,-19.10,-19.10,1,Dragon Wave_LZ2,158.00,6.58days
11/12/2025 16:00:27,sell,0.10,GBPUSD,1.34082,17/12/2025 09:55:45,1.33177,0.00,-0.68,90.50,89.82,89.82,90.50,-42.48,-42.00,1,Dragon Wave_LZ2[tp],137.92,5.75days
11/12/2025 18:00:13,sell,0.25,GBPUSD,1.34350,17/12/2025 09:00:05,1.33503,0.00,-1.68,84.70,210.07,218.16,87.40,-39.18,-15.20,1,Dragon Wave_GZ3[tp],135.00,5.62days
03/12/2025 20:00:20,sell,0.10,GBPUSD,1.33424,17/12/2025 09:00:05,1.33503,0.00,-1.82,-7.90,-9.72,50.81,51.40,-109.42,-107.80,1,Dragon Wave_GZ2[tp],325.00,13.54days
11/12/2025 17:00:24,sell,0.25,GBPUSD,1.34132,17/12/2025 09:00:04,1.33531,0.00,-1.68,60.10,148.57,163.66,65.60,-93.68,-37.00,1,Dragon Wave_EZ3[tp],135.99,5.67days
03/12/2025 18:00:10,sell,0.10,GBPUSD,1.33307,17/12/2025 09:00:04,1.33531,0.00,-1.82,-22.40,-24.22,39.11,39.70,-121.12,-119.50,1,Dragon Wave_EZ2[tp],327.00,13.62days
16/12/2025 17:00:08,sell,0.25,GBPUSD,1.34435,17/12/2025 09:00:02,1.33594,0.00,-0.50,84.10,209.75,209.75,84.10,-3.00,-1.20,1,Dragon Wave_NZ3[tp],16.00,16.00hrs
03/12/2025 21:00:36,sell,0.10,GBPUSD,1.33486,17/12/2025 09:00:02,1.33594,0.00,-1.82,-10.80,-12.62,57.01,57.60,-103.22,-101.60,1,Dragon Wave_NZ2[tp],323.99,13.50days
11/12/2025 17:00:41,buy,0.10,USDCHF,0.79453,17/12/2025 08:58:25,0.79766,0.00,2.72,31.30,41.96,41.96,31.30,-23.84,-18.90,1,Dragon Wave_FZ2[tp],135.96,5.67days
11/12/2025 18:00:06,buy,0.10,USDCHF,0.79347,17/12/2025 08:55:46,0.79751,0.00,2.72,40.40,53.38,53.38,40.40,-10.47,-8.30,1,Dragon Wave_DZ2[tp],134.93,5.62days
16/12/2025 17:00:37,sell,0.25,EURUSD,1.17992,17/12/2025 08:54:42,1.17182,0.00,0.85,81.00,203.35,203.35,81.00,-7.50,-3.00,1,Dragon Wave_FZ3[tp],15.90,15.90hrs
11/12/2025 18:00:22,sell,0.10,EURUSD,1.17566,17/12/2025 08:54:42,1.17182,0.00,1.46,38.40,39.86,39.86,38.40,-44.48,-45.60,1,Dragon Wave_FZ2[tp],134.91,5.62days
16/12/2025 17:00:35,sell,0.10,EURUSD,1.17992,17/12/2025 08:54:34,1.17183,0.00,0.34,80.90,81.24,81.24,80.90,-3.00,-3.00,1,Dragon Wave_DZ2[tp],15.90,15.90hrs
15/12/2025 17:00:39,sell,0.25,EURUSD,1.17635,16/12/2025 21:25:43,1.17375,0.00,0.85,26.00,65.85,65.85,26.00,-95.90,-38.70,1,Dragon Wave_AZ3[tp],28.42,1.18days
11/12/2025 16:00:08,sell,0.10,EURUSD,1.17310,16/12/2025 21:25:43,1.17375,0.00,1.12,-6.50,-5.38,10.89,10.50,-70.08,-71.20,1,Dragon Wave_AZ2[tp],125.43,5.23days
12/12/2025 17:00:02,sell,0.10,EURJPY,183.05900,16/12/2025 21:00:16,181.87400,0.00,-1.37,118.50,75.19,78.42,123.50,-6.28,-9.80,1,Dragon Wave_NZ2,100.00,4.17days
10/12/2025 22:00:08,sell,0.10,AUDUSD,0.66659,16/12/2025 17:25:36,0.66335,0.00,-0.44,32.40,31.96,44.76,45.20,-18.60,-18.60,1,Dragon Wave_EZ2[tp],139.42,5.81days
10/12/2025 22:00:08,sell,0.10,AUDUSD,0.66662,16/12/2025 04:00:27,0.66215,0.00,-0.44,44.70,44.26,45.06,45.50,-18.30,-18.30,1,Dragon Wave_GZ2,126.01,5.25days
09/12/2025 17:00:25,sell,0.10,CADJPY,113.20000,16/12/2025 04:00:16,112.40900,0.00,-3.07,79.10,48.01,48.13,79.30,-18.32,-26.10,1,Dragon Wave_NZ2,155.00,6.46days
12/12/2025 08:00:06,sell,0.10,CHFJPY,195.98400,16/12/2025 04:00:02,194.62200,0.00,-0.01,136.20,87.93,93.08,144.30,-15.32,-23.90,1,Dragon Wave_IZ2,92.00,3.83days
10/12/2025 23:00:40,sell,0.10,AUDUSD,0.66774,16/12/2025 03:39:30,0.66235,0.00,-0.44,53.90,53.46,53.46,53.90,-2.40,-2.40,1,Dragon Wave_NZ2[tp],124.65,5.19days
09/12/2025 19:00:40,sell,0.10,NZDJPY,90.83600,16/12/2025 03:39:30,89.31400,0.00,-3.06,152.20,95.22,95.22,152.20,-1.85,-2.90,1,Dragon Wave_OZ2[tp],152.65,6.36days
09/12/2025 17:00:29,sell,0.10,NZDJPY,90.52700,16/12/2025 02:48:07,89.50200,0.00,-3.06,102.50,63.05,63.05,102.50,-23.32,-36.60,1,Dragon Wave_JZ2[tp],153.79,6.41days
08/12/2025 16:00:25,sell,0.10,GBPJPY,207.30600,16/12/2025 02:12:10,207.10100,0.00,-12.85,20.50,0.40,2.83,20.50,-106.31,-164.30,1,Dragon Wave_LZ2[tp],178.20,7.42days
11/12/2025 21:00:19,sell,0.10,EURJPY,182.61000,16/12/2025 02:10:01,181.97100,0.00,-2.04,63.90,39.24,45.81,73.10,-35.72,-54.70,1,Dragon Wave_BZ2[tp],101.16,4.22days
09/12/2025 19:00:06,sell,0.10,AUDJPY,104.33300,16/12/2025 02:08:57,102.78900,0.00,-5.27,154.40,94.46,94.46,154.40,-2.04,-3.20,1,Dragon Wave_LZ2[tp],151.15,6.30days
09/12/2025 19:00:01,sell,0.25,CADJPY,113.38800,15/12/2025 16:50:50,112.51500,0.00,-6.53,87.30,134.39,135.85,87.30,-15.69,-6.40,1,Dragon Wave_BZ3[tp],141.85,5.91days
08/12/2025 17:00:19,sell,0.10,CADJPY,112.73300,15/12/2025 16:50:50,112.51500,0.00,-3.06,21.80,11.01,20.99,32.70,-48.68,-72.80,1,Dragon Wave_BZ2[tp],167.84,6.99days
08/12/2025 17:00:37,sell,0.10,CADJPY,112.72900,15/12/2025 14:00:19,112.55800,0.00,-3.06,17.10,7.97,20.74,32.30,-48.93,-73.20,1,Dragon Wave_IZ2,165.00,6.87days
09/12/2025 19:00:04,sell,0.25,CADJPY,113.38900,15/12/2025 14:00:18,112.55900,0.00,-6.53,83.00,127.40,136.01,87.00,-15.53,-6.30,1,Dragon Wave_IZ3,139.00,5.79days
12/12/2025 08:00:10,sell,0.10,CHFJPY,195.97500,15/12/2025 11:00:09,194.64900,0.00,0.00,132.60,85.44,85.44,132.60,-15.90,-24.80,1,Dragon Wave_KZ2,75.00,3.12days
12/12/2025 12:00:27,sell,0.10,CHFJPY,196.10600,15/12/2025 10:37:11,194.68900,0.00,0.00,141.70,91.33,91.33,141.70,-7.50,-11.70,1,Dragon Wave_DZ2[tp],70.61,2.94days
10/12/2025 11:00:22,sell,0.10,EURJPY,182.57900,15/12/2025 08:00:30,181.94400,0.00,-3.34,63.50,37.61,40.08,65.20,-39.71,-57.80,1,Dragon Wave_IZ2,117.00,4.88days
09/12/2025 19:00:04,sell,0.10,AUDJPY,104.33100,15/12/2025 08:00:21,103.03000,0.00,-4.55,130.10,79.37,79.37,130.10,-2.17,-3.40,1,Dragon Wave_GZ2,133.00,5.54days
12/12/2025 12:00:32,sell,0.10,CHFJPY,196.11300,15/12/2025 08:00:18,194.79800,0.00,0.00,131.50,84.82,85.07,131.90,-7.05,-11.00,1,Dragon Wave_FZ2,68.00,2.83days
08/12/2025 16:00:21,sell,0.10,CADJPY,112.69200,15/12/2025 08:00:15,112.64600,0.00,-3.06,4.60,-0.10,18.36,28.60,-51.30,-76.90,1,Dragon Wave_KZ2,160.00,6.67days
09/12/2025 18:00:51,sell,0.25,CADJPY,113.32600,15/12/2025 08:00:14,112.64300,0.00,-6.53,68.30,103.60,125.84,80.70,-25.62,-13.50,1,Dragon Wave_KZ3,133.99,5.58days
12/12/2025 16:00:27,sell,0.25,EURJPY,183.02300,15/12/2025 07:59:35,181.93700,0.00,-1.67,108.60,173.44,173.44,108.60,-21.47,-13.40,1,Dragon Wave_KZ3[tp],63.99,2.67days
09/12/2025 18:01:22,sell,0.10,EURJPY,182.40700,15/12/2025 07:59:35,181.93700,0.00,-4.00,47.00,26.31,28.32,48.00,-51.39,-75.00,1,Dragon Wave_KZ2[tp],133.97,5.58days
08/12/2025 17:00:30,sell,0.10,GBPJPY,207.65000,15/12/2025 07:00:34,207.37700,0.00,-11.19,27.30,6.39,14.18,30.10,-84.38,-129.90,1,Dragon Wave_GZ2,158.00,6.58days
09/12/2025 18:01:16,sell,0.10,AUDJPY,104.20800,15/12/2025 07:00:10,103.16400,0.00,-4.55,104.40,62.69,66.70,110.60,-11.79,-18.50,1,Dragon Wave_NZ2,132.98,5.54days
09/12/2025 18:00:51,sell,0.25,CADJPY,113.32900,15/12/2025 06:46:28,112.74000,0.00,-6.53,58.90,88.35,126.33,81.00,-25.14,-13.20,1,Dragon Wave_DZ3[tp],132.76,5.53days
08/12/2025 15:00:19,sell,0.10,CADJPY,112.66200,15/12/2025 06:46:28,112.74000,0.00,-3.06,-7.80,-8.08,16.44,25.60,-53.23,-79.90,1,Dragon Wave_DZ2[tp],159.77,6.66days
12/12/2025 16:00:16,sell,0.25,EURJPY,183.00700,15/12/2025 06:43:24,182.12700,0.00,-1.67,88.00,140.08,140.08,88.00,-24.03,-15.00,1,Dragon Wave_FZ3[tp],62.72,2.61days
09/12/2025 18:01:13,sell,0.10,EURJPY,182.40800,15/12/2025 06:43:24,182.12700,0.00,-4.00,28.10,14.10,28.38,48.10,-51.33,-74.90,1,Dragon Wave_FZ2[tp],132.70,5.53days
09/12/2025 19:00:20,sell,0.10,EURJPY,182.54800,15/12/2025 06:40:57,182.14200,0.00,-4.00,40.60,22.16,37.42,62.10,-42.36,-60.90,1,Dragon Wave_DZ2[tp],131.68,5.49days
09/12/2025 17:00:19,sell,0.25,CADJPY,113.20500,15/12/2025 06:33:15,112.74900,0.00,-6.53,45.60,66.91,106.32,68.60,-45.00,-25.60,1,Dragon Wave_FZ3[tp],133.55,5.56days
08/12/2025 15:00:20,sell,0.10,CADJPY,112.66200,15/12/2025 06:33:15,112.74900,0.00,-3.06,-8.70,-8.67,16.44,25.60,-53.23,-79.90,1,Dragon Wave_FZ2[tp],159.55,6.65days
11/12/2025 13:00:06,sell,0.10,CHFJPY,195.51600,15/12/2025 06:32:56,195.01400,0.00,0.00,50.20,32.34,32.34,50.20,-45.32,-70.70,1,Dragon Wave_AZ2[tp],89.55,3.73days
05/12/2025 15:00:28,sell,0.10,NZDUSD,0.57791,15/12/2025 04:39:09,0.57758,0.00,0.87,3.30,4.17,18.38,18.20,-51.33,-52.00,1,Dragon Wave_NZ2[tp],229.64,9.57days
09/12/2025 18:01:22,sell,0.10,NZDJPY,90.72800,15/12/2025 04:37:36,89.84200,0.00,-2.65,88.60,54.32,54.32,88.60,-10.52,-16.50,1,Dragon Wave_LZ2[tp],130.60,5.44days
05/12/2025 15:00:14,sell,0.10,NZDUSD,0.57794,15/12/2025 04:37:29,0.57769,0.00,0.87,2.50,3.37,18.68,18.50,-51.03,-51.70,1,Dragon Wave_BZ2[tp],229.62,9.57days
09/12/2025 15:00:08,sell,0.10,NZDJPY,90.45000,15/12/2025 04:22:01,89.87600,0.00,-2.65,57.40,34.25,34.25,57.40,-28.23,-44.30,1,Dragon Wave_CZ2[tp],133.36,5.56days
09/12/2025 12:00:14,sell,0.10,NZDUSD,0.57918,15/12/2025 04:20:15,0.57780,0.00,0.59,13.80,14.39,29.30,29.20,-38.91,-39.30,1,Dragon Wave_GZ2[tp],136.33,5.68days
10/12/2025 23:00:26,sell,0.10,NZDUSD,0.58146,15/12/2025 04:16:08,0.57823,0.00,0.49,32.30,32.79,32.79,32.30,-16.21,-16.50,1,Dragon Wave_EZ2[tp],101.26,4.22days
09/12/2025 19:00:39,sell,0.10,NZDJPY,90.83500,15/12/2025 04:15:38,89.98400,0.00,-2.65,85.10,52.05,52.05,85.10,-1.91,-3.00,1,Dragon Wave_GZ2[tp],129.25,5.39days
09/12/2025 18:01:24,sell,0.10,NZDJPY,90.72800,15/12/2025 04:06:43,90.05600,0.00,-2.65,67.20,40.53,40.53,67.20,-10.52,-16.50,1,Dragon Wave_NZ2[tp],130.09,5.42days
09/12/2025 18:01:11,sell,0.10,NZDJPY,90.73100,15/12/2025 04:06:43,90.04600,0.00,-2.65,68.50,41.37,41.37,68.50,-10.32,-16.20,1,Dragon Wave_EZ2[tp],130.09,5.42days
10/12/2025 22:00:15,sell,0.10,NZDUSD,0.58037,15/12/2025 04:06:38,0.57892,0.00,0.49,14.50,14.99,14.99,14.50,-27.11,-27.40,1,Dragon Wave_IZ2[tp],102.11,4.25days
10/12/2025 22:00:29,sell,0.10,NZDUSD,0.58026,15/12/2025 04:05:51,0.57918,0.00,0.49,10.80,11.29,12.79,11.90,-28.21,-28.50,1,Dragon Wave_KZ2[tp],102.09,4.25days
09/12/2025 18:01:14,sell,0.25,NZDJPY,90.73200,15/12/2025 04:05:33,90.15800,0.00,-6.64,57.40,85.56,85.56,57.40,-25.65,-16.10,1,Dragon Wave_IZ3[tp],130.07,5.42days
28/11/2025 20:00:32,sell,0.10,NZDJPY,89.64100,15/12/2025 04:05:33,90.15800,0.00,-6.29,-51.70,-39.51,47.55,74.30,-83.43,-125.20,1,Dragon Wave_IZ2[tp],392.08,16.34days
09/12/2025 18:01:10,sell,0.10,NZDJPY,90.72900,12/12/2025 18:38:26,90.16000,0.00,-2.21,56.90,34.32,34.32,56.90,-10.45,-16.40,1,Dragon Wave_BZ2[tp],72.62,3.03days
10/12/2025 22:00:31,sell,0.10,AUDUSD,0.66654,12/12/2025 17:52:44,0.66434,0.00,-0.33,22.00,21.67,36.15,36.40,-19.10,-19.10,1,Dragon Wave_KZ2[tp],43.87,1.83days
10/12/2025 23:00:22,sell,0.10,AUDUSD,0.66780,12/12/2025 17:36:02,0.66441,0.00,-0.33,33.90,33.57,48.75,49.00,-1.80,-1.80,1,Dragon Wave_BZ2[tp],42.59,1.77days
10/12/2025 23:00:34,sell,0.25,AUDUSD,0.66773,12/12/2025 17:24:41,0.66504,0.00,-0.84,26.90,66.41,120.12,48.30,-6.25,-2.50,1,Dragon Wave_FZ3[tp],42.40,1.77days
03/12/2025 23:00:02,sell,0.10,AUDUSD,0.66009,12/12/2025 17:24:41,0.66504,0.00,-0.58,-49.50,-50.08,0.15,0.20,-83.85,-83.60,1,Dragon Wave_FZ2[tp],210.41,8.77days
09/12/2025 19:00:04,buy,0.10,EURAUD,1.74968,12/12/2025 17:09:09,1.76403,0.00,-4.81,143.50,90.70,90.70,143.50,-3.88,-4.70,1,Dragon Wave_GZ2[tp],70.15,2.92days
08/12/2025 04:00:17,buy,0.10,EURNZD,2.01278,11/12/2025 19:00:21,2.02032,0.00,-2.25,75.40,41.62,47.55,85.50,-30.23,-51.40,1,Dragon Wave_NZ2,87.00,3.63days
04/12/2025 20:00:10,sell,0.25,NZDCHF,0.46319,11/12/2025 17:50:02,0.46202,0.00,-11.90,11.70,24.97,24.97,11.70,-136.84,-42.60,1,Dragon Wave_BZ3[tp],165.83,6.91days
27/11/2025 05:00:32,sell,0.10,NZDCHF,0.45980,11/12/2025 17:50:02,0.46202,0.00,-9.33,-22.20,-37.31,7.16,7.90,-101.32,-76.50,1,Dragon Wave_BZ2[tp],348.82,14.53days
09/12/2025 19:00:08,buy,0.10,EURAUD,1.74965,11/12/2025 17:00:25,1.76221,0.00,-3.85,125.60,79.78,82.52,129.80,-3.68,-4.40,1,Dragon Wave_NZ2,46.00,1.92days
09/12/2025 18:01:13,sell,0.10,NZDJPY,90.73200,11/12/2025 17:00:05,90.16700,0.00,-1.77,56.50,34.68,34.68,56.50,-10.26,-16.10,1,Dragon Wave_FZ2[tp],46.98,1.96days
09/12/2025 18:00:58,sell,0.10,EURJPY,182.40600,11/12/2025 16:56:54,181.93400,0.00,-2.66,47.20,27.79,27.79,47.20,-15.04,-23.60,1,Dragon Wave_AZ2[tp],46.93,1.96days
04/12/2025 23:00:16,sell,0.25,NZDCHF,0.46338,11/12/2025 16:53:27,0.46209,0.00,-11.90,12.90,28.71,28.71,12.90,-130.95,-40.70,1,Dragon Wave_IZ3[tp],161.89,6.75days
27/11/2025 05:00:37,sell,0.10,NZDCHF,0.45976,11/12/2025 16:53:27,0.46209,0.00,-9.33,-23.30,-38.67,6.66,7.50,-101.82,-76.90,1,Dragon Wave_IZ2[tp],347.88,14.50days
09/12/2025 19:00:15,buy,0.25,EURNZD,2.00944,11/12/2025 16:50:59,2.01777,0.00,-4.50,83.30,116.65,116.65,83.30,-4.76,-2.50,1,Dragon Wave_IZ3[tp],45.85,1.91days
28/11/2025 04:00:14,buy,0.10,EURNZD,2.02390,11/12/2025 16:50:59,2.01777,0.00,-4.95,-61.30,-40.61,50.89,90.80,-97.36,-162.60,1,Dragon Wave_IZ2[tp],324.85,13.54days
08/12/2025 14:00:17,buy,0.10,EURCAD,1.60951,11/12/2025 15:00:13,1.61617,0.00,-1.33,66.60,46.95,51.06,72.30,-19.38,-26.80,1,Dragon Wave_KZ2,73.00,3.04days
09/12/2025 18:00:49,sell,0.25,CADJPY,113.33200,11/12/2025 14:44:00,112.74400,0.00,-4.35,58.80,90.14,95.06,61.90,-20.55,-12.90,1,Dragon Wave_AZ3[tp],44.72,1.86days
08/12/2025 15:00:03,sell,0.10,CADJPY,112.65700,11/12/2025 14:44:00,112.74400,0.00,-2.18,-8.70,-7.78,16.11,25.10,-51.68,-80.40,1,Dragon Wave_AZ2[tp],71.73,2.99days
05/12/2025 17:00:28,sell,0.10,NZDCHF,0.46473,11/12/2025 13:00:09,0.46300,0.00,-4.17,17.30,17.53,17.53,17.30,-35.04,-27.20,1,Dragon Wave_NZ2,139.99,5.83days
05/12/2025 20:00:05,sell,0.10,CADCHF,0.58166,11/12/2025 12:00:42,0.57814,0.00,-4.35,35.20,39.75,39.75,35.20,-38.41,-30.50,1,Dragon Wave_BZ2,136.01,5.67days
08/12/2025 15:00:03,buy,0.10,EURCAD,1.60904,11/12/2025 09:35:20,1.61639,0.00,-1.33,73.50,51.86,51.86,73.50,-15.98,-22.10,1,Dragon Wave_FZ2[tp],66.59,2.77days
08/12/2025 15:00:01,buy,0.10,EURCAD,1.60906,11/12/2025 09:35:17,1.61630,0.00,-1.33,72.40,51.06,51.06,72.40,-16.12,-22.30,1,Dragon Wave_DZ2[tp],66.59,2.77days
09/12/2025 07:00:07,sell,0.10,AUDCHF,0.53593,11/12/2025 06:00:38,0.53029,0.00,-4.32,56.40,66.27,66.27,56.40,-11.27,-9.10,1,Dragon Wave_GZ2,47.01,1.96days
08/12/2025 14:00:23,sell,0.25,CADCHF,0.58305,11/12/2025 06:00:33,0.57853,0.00,-9.11,45.20,132.32,134.22,45.80,-51.32,-16.60,1,Dragon Wave_IZ3,64.00,2.67days
05/12/2025 18:00:26,sell,0.10,CADCHF,0.58041,11/12/2025 06:00:33,0.57853,0.00,-4.35,18.80,19.18,19.94,19.40,-53.87,-43.00,1,Dragon Wave_IZ2,132.00,5.50days
09/12/2025 07:00:22,sell,0.10,AUDCHF,0.53595,11/12/2025 05:52:34,0.53046,0.00,-4.32,54.90,64.41,64.41,54.90,-11.03,-8.90,1,Dragon Wave_NZ2[tp],46.87,1.95days
08/12/2025 05:00:16,buy,0.10,EURAUD,1.75309,11/12/2025 05:14:19,1.76063,0.00,-4.81,75.40,45.26,45.26,75.40,-32.16,-46.90,1,Dragon Wave_IZ2[tp],72.23,3.01days
09/12/2025 11:00:03,sell,0.10,NZDJPY,90.37100,11/12/2025 05:14:04,90.27000,0.00,-1.77,10.10,4.72,7.16,11.90,-33.27,-52.20,1,Dragon Wave_AZ2[tp],42.23,1.76days
05/12/2025 15:00:11,sell,0.10,AUDCHF,0.53355,11/12/2025 05:00:26,0.53184,0.00,-6.39,17.10,15.00,15.38,17.40,-42.83,-32.90,1,Dragon Wave_IZ2,134.00,5.58days
05/12/2025 18:00:28,sell,0.10,CADCHF,0.58041,11/12/2025 05:00:18,0.57909,0.00,-4.35,13.20,12.16,13.17,13.20,-53.87,-43.00,1,Dragon Wave_KZ2,131.00,5.46days
08/12/2025 14:00:28,sell,0.25,CADCHF,0.58304,11/12/2025 05:00:17,0.57909,0.00,-9.11,39.50,114.43,116.57,39.50,-51.63,-16.70,1,Dragon Wave_KZ3,63.00,2.62days
05/12/2025 13:00:23,buy,0.10,EURAUD,1.75585,11/12/2025 04:53:56,1.75833,0.00,-5.68,24.80,10.82,23.12,37.70,-51.39,-74.50,1,Dragon Wave_KZ2[tp],135.89,5.66days
05/12/2025 13:00:21,sell,0.10,AUDCHF,0.53271,11/12/2025 04:36:13,0.53197,0.00,-6.39,7.40,2.87,4.23,7.40,-53.24,-41.30,1,Dragon Wave_KZ2[tp],135.60,5.65days
05/12/2025 20:00:15,sell,0.25,CADCHF,0.58169,10/12/2025 16:46:57,0.57925,0.00,-5.34,24.40,70.60,70.60,24.40,-95.09,-30.20,1,Dragon Wave_FZ3[tp],116.78,4.87days
05/12/2025 17:00:14,sell,0.10,CADCHF,0.57911,10/12/2025 16:46:57,0.57925,0.00,-2.15,-1.40,-3.89,0.00,0.00,-69.94,-56.00,1,Dragon Wave_FZ2[tp],119.78,4.99days
05/12/2025 20:00:09,sell,0.25,CADCHF,0.58166,10/12/2025 16:46:56,0.57929,0.00,-5.34,23.70,68.42,68.42,23.70,-96.01,-30.50,1,Dragon Wave_DZ3[tp],116.78,4.87days
05/12/2025 17:00:04,sell,0.10,CADCHF,0.57929,10/12/2025 16:46:56,0.57929,0.00,-2.15,0.00,-2.15,1.99,1.60,-67.72,-54.20,1,Dragon Wave_DZ2[tp],119.78,4.99days
08/12/2025 08:00:14,buy,0.63,USDCAD,1.38196,10/12/2025 16:46:13,1.38618,0.00,2.72,42.20,194.51,194.51,42.20,-91.31,-20.00,1,Dragon Wave_AZ4[tp],56.77,2.37days
05/12/2025 17:00:04,buy,0.25,USDCAD,1.38752,10/12/2025 16:46:13,1.38618,0.00,1.75,-13.40,-22.42,10.09,5.60,-136.29,-75.60,1,Dragon Wave_AZ3[tp],119.77,4.99days
05/12/2025 15:00:11,buy,0.10,USDCAD,1.39309,10/12/2025 16:46:13,1.38618,0.00,0.71,-69.10,-49.14,5.24,7.30,-94.88,-131.30,1,Dragon Wave_AZ2[tp],121.77,5.07days
05/12/2025 18:00:05,sell,0.25,CADCHF,0.58041,10/12/2025 16:00:41,0.58032,0.00,-5.34,0.90,-2.54,0.00,0.90,-134.66,-43.00,1,Dragon Wave_AZ3,118.01,4.92days
05/12/2025 16:00:04,sell,0.10,CADCHF,0.57852,10/12/2025 16:00:41,0.58031,0.00,-2.15,-17.90,-24.44,0.00,0.00,-77.24,-61.90,1,Dragon Wave_AZ2,120.01,5.00days
08/12/2025 14:00:19,sell,0.63,CADCHF,0.58310,10/12/2025 16:00:40,0.58032,0.00,-9.14,27.80,208.89,208.89,27.80,-125.43,-16.10,1,Dragon Wave_AZ4,50.01,2.08days
08/12/2025 18:00:08,sell,0.10,GBPCHF,1.07528,10/12/2025 14:54:28,1.07053,0.00,-4.97,47.50,54.09,54.09,47.50,-10.67,-8.40,1,Dragon Wave_FZ2[tp],44.91,1.87days
08/12/2025 18:00:10,sell,0.10,EURCHF,0.93903,10/12/2025 14:52:32,0.93609,0.00,-2.40,29.40,34.15,34.15,29.40,-10.74,-7.70,1,Dragon Wave_FZ2[tp],44.87,1.87days
08/12/2025 18:00:10,sell,0.10,EURCHF,0.93905,10/12/2025 12:00:35,0.93709,0.00,-2.40,19.60,21.94,24.68,21.80,-10.49,-7.50,1,Dragon Wave_AZ2,42.01,1.75days
08/12/2025 17:00:21,sell,0.25,GBPCHF,1.07473,10/12/2025 10:33:50,1.07183,0.00,-12.43,29.00,77.69,83.43,29.00,-43.75,-13.90,1,Dragon Wave_AZ3[tp],41.56,1.73days
04/12/2025 18:00:16,sell,0.10,GBPCHF,1.07101,10/12/2025 10:33:50,1.07183,0.00,-9.84,-8.20,-20.04,4.74,5.20,-68.53,-51.10,1,Dragon Wave_AZ2[tp],136.56,5.69days
08/12/2025 14:00:14,buy,0.10,EURCAD,1.60950,10/12/2025 09:56:29,1.61376,0.00,-0.53,42.60,30.22,30.41,42.60,-19.31,-26.70,1,Dragon Wave_AZ2[tp],43.94,1.83days
03/12/2025 17:00:26,sell,0.10,GBPUSD,1.33096,09/12/2025 20:00:34,1.32972,0.00,-0.59,12.40,11.81,18.01,18.60,-75.57,-75.30,1,Dragon Wave_IZ2,147.00,6.13days
05/12/2025 13:00:06,sell,0.10,AUDUSD,0.66347,09/12/2025 05:30:40,0.66120,0.00,-0.10,22.70,22.60,22.60,22.70,-14.60,-14.60,1,Dragon Wave_DZ2[tp],88.51,3.69days
03/12/2025 19:00:12,sell,0.10,NZDUSD,0.57670,08/12/2025 17:50:28,0.57608,0.00,0.90,6.20,7.10,8.42,7.70,-24.50,-25.40,1,Dragon Wave_FZ2[tp],118.84,4.95days
20/11/2025 04:00:26,sell,0.10,EURJPY,181.42100,04/12/2025 13:00:24,180.54600,0.00,-9.62,87.50,46.92,99.78,157.00,-36.57,-57.70,1,Dragon Wave_JZ2,345.00,14.37days
27/11/2025 10:00:03,buy,0.10,EURNZD,2.02505,03/12/2025 16:09:07,2.03361,0.00,-1.80,85.60,47.29,47.29,85.60,-28.59,-47.80,1,Dragon Wave_BZ2[tp],150.15,6.26days
27/11/2025 05:00:15,sell,0.10,NZDJPY,89.36800,03/12/2025 16:09:06,89.07800,0.00,-1.72,29.00,16.95,29.44,47.00,-19.31,-28.70,1,Dragon Wave_KZ2[tp],155.15,6.46days
27/11/2025 05:00:38,sell,0.10,NZDCHF,0.45976,03/12/2025 16:09:03,0.45885,0.00,-2.72,9.10,8.66,8.66,9.10,-29.21,-21.80,1,Dragon Wave_KZ2[tp],155.14,6.46days
28/11/2025 04:00:19,buy,0.10,EURNZD,2.02388,03/12/2025 16:08:21,2.03320,0.00,-1.20,93.20,52.26,52.26,93.20,-21.28,-36.10,1,Dragon Wave_KZ2[tp],132.13,5.51days
27/11/2025 00:01:16,sell,0.10,NZDJPY,89.14800,03/12/2025 16:08:18,89.10600,0.00,-1.72,4.20,0.99,15.22,25.00,-33.40,-50.70,1,Dragon Wave_FZ2[tp],160.12,6.67days
27/11/2025 05:00:32,sell,0.10,NZDCHF,0.45980,03/12/2025 16:05:33,0.45932,0.00,-2.72,4.80,3.28,3.28,4.80,-28.71,-21.40,1,Dragon Wave_DZ2[tp],155.08,6.46days
27/11/2025 04:00:04,sell,0.10,NZDJPY,89.26500,03/12/2025 16:05:33,89.18900,0.00,-1.72,7.60,3.17,22.78,36.70,-25.91,-39.00,1,Dragon Wave_DZ2[tp],156.09,6.50days
28/11/2025 18:00:13,buy,0.10,EURNZD,2.02237,03/12/2025 16:05:31,2.03154,0.00,-1.20,91.70,51.44,51.44,91.70,-12.63,-21.00,1,Dragon Wave_DZ2[tp],118.09,4.92days
27/11/2025 06:00:12,sell,0.10,NZDCHF,0.46022,03/12/2025 16:05:29,0.45940,0.00,-2.72,8.20,7.52,7.52,8.20,-23.49,-17.20,1,Dragon Wave_FZ2[tp],154.09,6.42days
27/11/2025 05:00:22,sell,0.10,NZDCHF,0.45975,03/12/2025 16:04:20,0.45962,0.00,-2.72,1.30,-1.10,0.00,1.30,-29.33,-21.90,1,Dragon Wave_AZ2[tp],155.07,6.46days
28/11/2025 18:00:18,buy,0.10,EURNZD,2.02221,03/12/2025 15:00:08,2.03009,0.00,-1.20,78.80,44.06,50.46,89.90,-11.72,-19.40,1,Dragon Wave_FZ2,117.00,4.87days
03/12/2025 07:00:15,buy,0.10,GBPNZD,2.30028,03/12/2025 10:48:45,2.30763,0.00,0.00,73.50,42.18,42.18,73.50,-0.98,-1.70,1,Dragon Wave_AZ2[tp],3.81,3.81hrs
03/12/2025 02:00:14,sell,0.10,AUDUSD,0.65733,03/12/2025 02:30:31,0.65569,0.00,0.00,16.40,16.40,16.40,16.40,-2.10,-2.10,1,Dragon Wave_AZ2[tp],0.50,0.50hrs
28/11/2025 18:00:06,buy,0.10,EURNZD,2.02228,02/12/2025 10:50:57,2.02876,0.00,-0.90,64.80,36.19,39.01,69.80,-12.12,-20.10,1,Dragon Wave_AZ2[tp],88.85,3.70days
20/11/2025 17:00:25,sell,0.10,EURJPY,181.84100,01/12/2025 05:00:26,180.32500,0.00,-6.16,151.60,91.31,126.65,199.00,-9.95,-15.70,1,Dragon Wave_LZ2,252.00,10.50days
27/11/2025 00:01:12,sell,0.10,NZDJPY,89.15700,01/12/2025 04:50:01,89.09400,0.00,-0.94,6.30,3.11,3.11,6.30,-32.82,-49.80,1,Dragon Wave_AZ2[tp],100.81,4.20days
20/11/2025 09:00:10,sell,0.10,USDJPY,157.72500,01/12/2025 02:00:20,155.90800,0.00,-11.07,181.70,105.47,124.96,202.20,-10.39,-16.40,1,Dragon Wave_LZ2,257.00,10.71days
21/11/2025 18:00:16,sell,0.10,USDCAD,1.41256,26/11/2025 05:03:09,1.40814,0.00,-1.90,44.20,29.49,32.70,48.70,-2.97,-4.20,1,Dragon Wave_FZ2,107.05,4.46days
20/11/2025 23:00:28,sell,0.10,EURNZD,2.06214,26/11/2025 03:03:29,2.04518,0.00,0.12,169.60,96.06,96.06,169.60,-29.78,-56.50,1,Dragon Wave_HZ2[tp],124.05,5.17days
25/11/2025 17:00:27,sell,0.10,EURNZD,2.06369,26/11/2025 03:00:29,2.04911,0.00,0.12,145.80,82.47,82.47,145.80,-14.24,-25.40,1,Dragon Wave_JZ2[tp],10.00,10.00hrs
20/11/2025 23:00:41,sell,0.10,EURNZD,2.06212,26/11/2025 03:00:29,2.04940,0.00,0.12,127.20,71.97,71.97,127.20,-29.89,-56.70,1,Dragon Wave_OZ2[tp],124.00,5.17days
21/11/2025 02:00:37,sell,0.10,EURNZD,2.06284,26/11/2025 03:00:26,2.05017,0.00,0.18,126.70,71.70,71.70,126.70,-25.80,-46.20,1,Dragon Wave_CZ2[tp],121.00,5.04days
20/11/2025 23:00:30,sell,0.10,EURNZD,2.06220,26/11/2025 03:00:26,2.05054,0.00,0.12,116.60,65.93,66.96,119.50,-29.44,-55.90,1,Dragon Wave_LZ2[tp],124.00,5.17days
19/11/2025 18:00:28,buy,0.10,NZDCAD,0.78712,26/11/2025 03:00:26,0.79544,0.00,-0.49,83.20,58.53,58.53,83.20,-9.39,-13.20,1,Dragon Wave_HZ2[tp],153.00,6.37days
19/11/2025 18:00:29,buy,0.10,NZDCAD,0.78712,26/11/2025 03:00:21,0.79439,0.00,-0.49,72.70,51.08,51.08,72.70,-9.39,-13.20,1,Dragon Wave_OZ2[tp],153.00,6.37days
19/11/2025 20:00:33,buy,0.10,NZDCAD,0.78659,26/11/2025 02:00:30,0.79319,0.00,-0.49,66.00,46.31,46.82,66.70,-5.62,-7.90,1,Dragon Wave_JZ2,150.00,6.25days
20/11/2025 04:00:30,sell,0.10,USDJPY,157.42200,25/11/2025 15:16:14,156.06000,0.00,-3.66,136.20,83.61,83.61,136.20,-29.58,-46.70,1,Dragon Wave_BZ2[tp],131.26,5.47days
19/11/2025 22:00:46,sell,0.10,USDJPY,157.02100,25/11/2025 15:16:14,156.05900,0.00,-7.29,96.20,54.35,54.35,96.20,-58.60,-86.80,1,Dragon Wave_IZ2[tp],137.26,5.72days
20/11/2025 04:00:36,sell,0.10,USDJPY,157.44000,25/11/2025 11:39:47,156.20400,0.00,-3.66,123.60,75.47,75.47,123.60,-28.44,-44.90,1,Dragon Wave_KZ2[tp],127.65,5.32days
19/11/2025 22:00:21,sell,0.10,EURGBP,0.88303,25/11/2025 10:00:38,0.87832,0.00,1.45,47.10,63.25,64.58,48.10,-12.98,-10.50,1,Dragon Wave_MZ2,132.00,5.50days
20/11/2025 23:00:23,sell,0.10,EURNZD,2.06230,24/11/2025 02:00:17,2.05045,0.00,-0.12,118.50,66.39,67.52,120.50,-26.01,-54.90,1,Dragon Wave_GZ2,75.00,3.12days
05/11/2025 04:00:17,sell,0.10,EURGBP,0.88261,21/11/2025 18:00:08,0.87913,0.00,4.18,34.80,49.71,74.22,55.50,-48.45,-38.80,1,Dragon Wave_HZ2,398.00,16.58days
29/10/2025 10:00:08,buy,0.10,GBPCAD,1.84281,21/11/2025 17:57:50,1.84837,0.00,5.88,55.60,45.24,84.52,116.20,-68.58,-98.40,1,Dragon Wave_HZ2[tp],559.96,23.33days
20/11/2025 00:01:37,sell,0.10,EURJPY,181.24300,21/11/2025 17:38:18,179.87400,0.00,-0.66,136.90,86.93,86.93,136.90,-47.85,-75.50,1,Dragon Wave_NZ2[tp],41.61,1.73days
20/11/2025 04:00:32,sell,0.10,USDJPY,157.44100,21/11/2025 17:02:10,156.21300,0.00,-1.21,122.80,77.40,77.40,122.80,-28.37,-44.80,1,Dragon Wave_FZ2[tp],37.03,1.54days
20/11/2025 04:00:31,sell,0.10,USDJPY,157.44000,21/11/2025 17:01:55,156.29700,0.00,-1.21,114.30,71.92,71.92,114.30,-28.44,-44.90,1,Dragon Wave_DZ2[tp],37.02,1.54days
20/11/2025 00:01:36,sell,0.10,EURJPY,181.24300,21/11/2025 17:01:55,180.09000,0.00,-0.66,115.30,73.11,73.11,115.30,-47.85,-75.50,1,Dragon Wave_IZ2[tp],41.01,1.71days
20/11/2025 00:01:26,sell,0.10,EURJPY,181.24300,21/11/2025 17:01:55,180.09700,0.00,-0.66,114.60,72.67,72.67,114.60,-47.85,-75.50,1,Dragon Wave_BZ2[tp],41.01,1.71days
19/11/2025 17:00:23,sell,0.10,CADJPY,111.79300,21/11/2025 17:01:52,110.87100,0.00,-1.81,92.20,57.16,57.16,92.20,-31.99,-48.30,1,Dragon Wave_IZ2[tp],48.02,2.00days
20/11/2025 04:00:27,sell,0.10,EURJPY,181.42100,21/11/2025 17:01:47,180.21100,0.00,-0.66,121.00,76.71,76.71,121.00,-36.57,-57.70,1,Dragon Wave_KZ2[tp],37.02,1.54days
04/11/2025 22:00:15,sell,0.10,EURGBP,0.88190,21/11/2025 17:00:36,0.87972,0.00,4.39,21.80,32.93,65.07,48.40,-57.56,-45.90,1,Dragon Wave_OZ2,403.01,16.79days
20/11/2025 04:00:06,sell,0.10,EURJPY,181.41600,21/11/2025 12:00:20,180.61200,0.00,-0.66,80.40,50.64,50.64,80.40,-36.88,-58.20,1,Dragon Wave_FZ2[tp],32.00,1.33days
20/11/2025 09:00:06,sell,0.10,GBPJPY,205.98200,21/11/2025 11:45:00,204.87000,0.00,-1.58,111.20,69.37,69.37,111.20,-53.11,-83.80,1,Dragon Wave_FZ2[tp],26.75,1.11days
20/11/2025 04:00:24,sell,0.10,CADJPY,112.02500,21/11/2025 09:55:20,111.10700,0.00,-0.45,91.80,58.15,58.15,91.80,-15.92,-25.10,1,Dragon Wave_KZ2[tp],29.92,1.25days
20/11/2025 08:00:06,sell,0.10,EURJPY,181.44500,21/11/2025 09:55:18,180.86200,0.00,-0.66,58.30,36.56,36.56,58.30,-35.05,-55.30,1,Dragon Wave_DZ2[tp],25.92,1.08days
19/11/2025 17:00:23,sell,0.10,CADJPY,111.79300,21/11/2025 09:54:58,111.13900,0.00,-1.81,65.40,39.94,39.94,65.40,-31.99,-48.30,1,Dragon Wave_BZ2[tp],40.91,1.70days
20/11/2025 17:00:03,sell,0.10,GBPJPY,206.68900,21/11/2025 09:48:55,205.06500,0.00,-1.58,162.40,102.06,102.06,162.40,-8.30,-13.10,1,Dragon Wave_DZ2[tp],16.81,16.81hrs
19/11/2025 22:00:24,sell,0.10,USDJPY,157.03300,21/11/2025 09:48:55,156.70200,0.00,-4.84,33.10,16.28,16.28,33.10,-57.85,-85.60,1,Dragon Wave_AZ2[tp],35.81,1.49days
20/11/2025 16:00:10,sell,0.10,GBPJPY,206.33200,21/11/2025 09:42:25,205.21600,0.00,-1.58,111.60,69.58,69.58,111.60,-30.93,-48.80,1,Dragon Wave_AZ2[tp],17.70,17.70hrs
20/11/2025 03:00:08,sell,0.10,CADJPY,111.83000,21/11/2025 09:35:12,111.37800,0.00,-0.45,45.20,28.35,28.35,45.20,-28.29,-44.60,1,Dragon Wave_AZ2[tp],30.58,1.27days
19/11/2025 06:00:24,buy,0.10,AUDCAD,0.90751,20/11/2025 17:00:20,0.91280,0.00,0.35,52.90,38.00,38.36,53.40,-4.07,-5.70,1,Dragon Wave_IZ2,35.00,1.46days
04/11/2025 22:00:04,sell,0.10,EURGBP,0.88192,20/11/2025 17:00:16,0.87977,0.00,4.15,21.50,32.35,65.33,48.60,-57.30,-45.70,1,Dragon Wave_CZ2,379.00,15.79days
19/11/2025 22:00:32,buy,0.10,GBPUSD,1.30466,20/11/2025 16:34:31,1.31229,0.00,-0.30,76.30,76.00,76.00,76.30,-6.40,-6.10,1,Dragon Wave_FZ2[tp],18.57,18.57hrs
04/11/2025 22:00:08,sell,0.10,EURGBP,0.88192,20/11/2025 16:00:28,0.88037,0.00,4.15,15.50,24.45,65.33,48.60,-57.30,-45.70,1,Dragon Wave_JZ2,378.01,15.75days
19/11/2025 22:00:19,buy,0.10,GBPUSD,1.30464,20/11/2025 15:38:12,1.30904,0.00,-0.30,44.00,43.70,43.70,44.00,-6.20,-5.90,1,Dragon Wave_AZ2[tp],17.63,17.63hrs
19/11/2025 06:00:18,buy,0.10,AUDCAD,0.90743,20/11/2025 15:37:24,0.91248,0.00,0.35,50.50,36.31,36.31,50.50,-3.50,-4.90,1,Dragon Wave_FZ2[tp],33.62,1.40days
19/11/2025 06:00:16,buy,0.10,AUDCAD,0.90746,20/11/2025 15:31:28,0.91219,0.00,0.35,47.30,34.02,34.02,47.30,-3.71,-5.20,1,Dragon Wave_DZ2[tp],33.52,1.40days
19/11/2025 06:00:13,buy,0.10,AUDCAD,0.90749,20/11/2025 15:30:52,0.91176,0.00,0.35,42.70,30.74,30.74,42.70,-3.93,-5.50,1,Dragon Wave_AZ2[tp],33.51,1.40days
17/11/2025 01:00:08,buy,0.10,GBPCHF,1.04663,20/11/2025 14:00:32,1.05466,0.00,3.36,80.30,102.83,104.07,81.20,-28.91,-23.50,1,Dragon Wave_HZ2,85.01,3.54days
07/11/2025 19:00:02,sell,0.10,EURNZD,2.06147,18/11/2025 18:31:43,2.04436,0.00,0.14,171.10,97.03,112.60,197.60,-6.06,-10.80,1,Dragon Wave_EZ2[tp],263.53,10.98days
18/11/2025 03:00:18,buy,0.10,NZDCHF,0.45001,18/11/2025 18:20:51,0.45222,0.00,0.00,22.10,27.63,27.63,22.10,-22.03,-17.50,1,Dragon Wave_BZ2[tp],15.34,15.34hrs
18/11/2025 06:00:20,buy,0.10,NZDCHF,0.44943,18/11/2025 18:20:33,0.45219,0.00,0.00,27.60,34.51,34.51,27.60,-14.73,-11.70,1,Dragon Wave_IZ2[tp],12.34,12.34hrs
07/11/2025 18:00:08,buy,0.10,NZDCHF,0.45174,18/11/2025 18:17:10,0.45195,0.00,1.78,2.10,4.41,44.13,35.40,-52.85,-42.80,1,Dragon Wave_KZ2[tp],264.28,11.01days
17/11/2025 03:00:31,buy,0.10,NZDCHF,0.45021,18/11/2025 12:00:33,0.45108,0.00,0.17,8.70,11.10,14.71,11.70,-24.38,-19.50,1,Dragon Wave_FZ2,33.00,1.38days
17/11/2025 03:00:30,buy,0.10,NZDCHF,0.45020,18/11/2025 10:39:28,0.45080,0.00,0.17,6.00,7.72,14.83,11.80,-24.26,-19.40,1,Dragon Wave_DZ2[tp],31.65,1.32days
07/11/2025 19:00:34,sell,0.10,EURNZD,2.06178,17/11/2025 09:54:24,2.04216,0.00,0.20,196.20,111.80,113.29,198.80,-4.32,-7.70,1,Dragon Wave_NZ2[tp],230.90,9.62days
07/11/2025 09:00:09,sell,0.10,EURNZD,2.05525,17/11/2025 08:00:19,2.04563,0.00,0.20,96.20,54.76,76.15,133.50,-48.94,-87.20,1,Dragon Wave_BZ2,239.00,9.96days
06/11/2025 17:09:02,sell,0.10,EURNZD,2.04524,17/11/2025 02:00:37,2.04639,0.00,0.46,-11.50,-6.07,19.47,33.40,-104.87,-187.30,1,Dragon Wave_KZ2,248.86,10.37days
07/11/2025 10:00:25,sell,0.25,EURNZD,2.05673,17/11/2025 02:00:36,2.04638,0.00,0.51,103.50,147.39,211.42,148.30,-101.59,-72.40,1,Dragon Wave_KZ3,232.00,9.67days
06/11/2025 18:00:14,sell,0.10,EURNZD,2.04922,17/11/2025 02:00:36,2.04638,0.00,0.46,28.40,16.58,42.11,73.20,-82.53,-147.50,1,Dragon Wave_IZ2,248.01,10.33days
07/11/2025 18:00:25,sell,0.25,EURNZD,2.06132,17/11/2025 02:00:35,2.04638,0.00,0.51,149.40,212.53,276.69,194.20,-18.81,-13.40,1,Dragon Wave_IZ3,224.00,9.33days
07/11/2025 16:00:11,sell,0.63,EURNZD,2.05742,14/11/2025 17:45:57,2.04200,0.00,1.34,154.20,553.87,553.87,154.20,-231.61,-65.50,1,Dragon Wave_FZ4[tp],169.76,7.07days
07/11/2025 10:00:21,sell,0.63,EURNZD,2.05674,14/11/2025 17:45:57,2.04187,0.00,1.34,148.70,534.16,534.16,148.70,-255.65,-72.30,1,Dragon Wave_DZ4[tp],175.76,7.32days
06/11/2025 17:09:01,sell,0.25,EURNZD,2.04524,14/11/2025 17:45:57,2.04200,0.00,1.18,32.40,47.25,47.25,32.40,-262.16,-187.30,1,Dragon Wave_FZ3[tp],192.62,8.03days
06/11/2025 17:09:00,sell,0.25,EURNZD,2.04522,14/11/2025 17:45:57,2.04187,0.00,1.18,33.50,48.81,48.81,33.50,-262.45,-187.50,1,Dragon Wave_DZ3[tp],192.62,8.03days
05/11/2025 01:00:13,sell,0.10,EURNZD,2.03533,14/11/2025 17:45:57,2.04200,0.00,1.25,-66.70,-36.69,45.15,79.70,-159.71,-286.40,1,Dragon Wave_FZ2[tp],232.76,9.70days
05/11/2025 01:00:12,sell,0.10,EURNZD,2.03528,14/11/2025 17:45:57,2.04187,0.00,1.25,-65.90,-36.23,44.87,79.20,-159.99,-286.90,1,Dragon Wave_DZ2[tp],232.76,9.70days
07/11/2025 09:00:21,sell,1.56,AUDNZD,1.15574,14/11/2025 12:39:20,1.14844,0.00,-33.93,73.00,612.68,612.68,73.00,-672.63,-73.20,1,Dragon Wave_HZ5[tp],171.65,7.15days
03/11/2025 04:00:12,sell,0.63,AUDNZD,1.14495,14/11/2025 12:39:20,1.14844,0.00,-19.67,-34.90,-144.52,16.94,4.70,-660.93,-181.10,1,Dragon Wave_HZ4[tp],272.65,11.36days
24/09/2025 06:00:18,sell,0.25,AUDNZD,1.12966,14/11/2025 12:39:20,1.14844,0.00,-39.30,-187.80,-305.89,7.62,14.90,-509.32,-334.00,1,Dragon Wave_HZ3[tp],1230.65,51.28days
12/09/2025 13:00:19,sell,0.10,AUDNZD,1.11668,14/11/2025 12:39:20,1.14844,0.00,-18.30,-317.60,-198.63,6.79,11.40,-279.50,-463.80,1,Dragon Wave_HZ2[tp],1511.65,62.99days
10/11/2025 04:00:07,sell,0.25,AUDNZD,1.15766,14/11/2025 12:24:24,1.14881,0.00,-5.05,88.50,120.56,120.56,88.50,-80.34,-54.00,1,Dragon Wave_JZ3[tp],104.40,4.35days
05/11/2025 01:00:33,sell,0.10,AUDNZD,1.15049,14/11/2025 12:24:24,1.14881,0.00,-2.82,16.80,6.72,18.98,33.70,-73.36,-125.70,1,Dragon Wave_JZ2[tp],227.40,9.47days
10/11/2025 03:00:13,sell,0.10,AUDNZD,1.15714,14/11/2025 10:42:26,1.14930,0.00,-2.03,78.40,42.48,42.48,78.40,-35.07,-59.20,1,Dragon Wave_OZ2[tp],103.70,4.32days
07/11/2025 07:00:21,sell,0.25,AUDNZD,1.15250,14/11/2025 06:05:09,1.14983,0.00,-5.44,26.70,32.53,32.53,26.70,-153.47,-105.60,1,Dragon Wave_FZ3[tp],167.08,6.96days
05/11/2025 01:00:27,sell,0.10,AUDNZD,1.15048,14/11/2025 06:05:09,1.14982,0.00,-2.82,6.60,0.94,18.93,33.60,-73.42,-125.80,1,Dragon Wave_IZ2[tp],221.08,9.21days
03/11/2025 08:00:12,sell,0.10,AUDNZD,1.14503,14/11/2025 06:05:09,1.14983,0.00,-3.14,-48.00,-30.45,2.00,3.50,-104.47,-180.30,1,Dragon Wave_FZ2[tp],262.08,10.92days
10/11/2025 04:00:08,sell,0.25,AUDNZD,1.15766,14/11/2025 06:04:32,1.15009,0.00,-5.05,75.70,102.61,102.61,75.70,-80.34,-54.00,1,Dragon Wave_LZ3[tp],98.07,4.09days
05/11/2025 01:00:36,sell,0.10,AUDNZD,1.15059,14/11/2025 06:04:32,1.15009,0.00,-2.82,5.00,0.03,19.55,34.70,-72.80,-124.70,1,Dragon Wave_LZ2[tp],221.07,9.21days
05/11/2025 01:00:06,sell,0.10,AUDNZD,1.15047,14/11/2025 06:04:32,1.14996,0.00,-2.82,5.10,0.08,18.87,33.50,-73.48,-125.90,1,Dragon Wave_BZ2[tp],221.07,9.21days
07/11/2025 04:00:27,sell,0.10,AUDNZD,1.15088,14/11/2025 05:48:46,1.15023,0.00,-2.19,6.50,1.51,2.25,6.50,-70.53,-121.80,1,Dragon Wave_NZ2[tp],169.81,7.08days
07/11/2025 09:00:07,sell,0.10,AUDNZD,1.15558,14/11/2025 05:35:23,1.15037,0.00,-2.19,52.10,27.46,27.46,52.10,-44.03,-74.80,1,Dragon Wave_CZ2[tp],164.59,6.86days
10/11/2025 09:00:24,sell,0.25,AUDNZD,1.15860,14/11/2025 05:35:18,1.15040,0.00,-5.05,82.00,111.63,111.63,82.00,-67.09,-44.60,1,Dragon Wave_GZ3[tp],92.58,3.86days
05/11/2025 01:00:26,sell,0.10,AUDNZD,1.15043,14/11/2025 05:35:18,1.15040,0.00,-2.82,0.30,-2.65,18.64,33.10,-73.70,-126.30,1,Dragon Wave_GZ2[tp],220.58,9.19days
07/11/2025 18:00:21,buy,0.10,NZDCAD,0.79015,14/11/2025 05:21:21,0.79728,0.00,-0.29,71.30,50.57,50.57,71.30,-11.60,-16.40,1,Dragon Wave_LZ2[tp],155.35,6.47days
10/11/2025 04:00:02,sell,0.25,AUDNZD,1.15769,14/11/2025 05:20:38,1.15144,0.00,-5.05,62.50,83.81,83.81,62.50,-79.91,-53.70,1,Dragon Wave_EZ3[tp],97.34,4.06days
05/11/2025 01:00:26,sell,0.10,AUDNZD,1.15045,14/11/2025 05:20:38,1.15144,0.00,-2.82,-9.90,-8.45,18.76,33.30,-73.59,-126.10,1,Dragon Wave_EZ2[tp],220.34,9.18days
07/11/2025 06:00:20,buy,0.25,NZDCAD,0.79384,14/11/2025 04:15:09,0.79629,0.00,-0.76,24.50,42.92,42.92,24.50,-94.72,-53.30,1,Dragon Wave_GZ3[tp],166.25,6.93days
04/11/2025 12:00:31,buy,0.10,NZDCAD,0.79661,14/11/2025 04:15:09,0.79629,0.00,0.10,-3.20,-2.18,18.99,26.70,-57.23,-81.00,1,Dragon Wave_GZ2[tp],232.24,9.68days
07/11/2025 09:00:08,sell,0.25,AUDNZD,1.15558,14/11/2025 03:58:36,1.15242,0.00,-5.44,31.60,39.40,41.74,31.60,-110.05,-74.80,1,Dragon Wave_DZ3[tp],162.97,6.79days
03/11/2025 11:00:09,sell,0.10,AUDNZD,1.14594,14/11/2025 03:58:36,1.15242,0.00,-3.14,-64.80,-39.93,5.99,10.50,-99.34,-171.20,1,Dragon Wave_DZ2[tp],256.97,10.71days
07/11/2025 09:00:26,buy,0.25,NZDCAD,0.79205,14/11/2025 03:44:52,0.79557,0.00,-0.76,35.20,61.98,61.98,35.20,-62.84,-35.40,1,Dragon Wave_EZ3[tp],162.74,6.78days
05/11/2025 03:00:09,buy,0.10,NZDCAD,0.79550,14/11/2025 03:44:52,0.79557,0.00,0.02,0.70,0.52,26.77,37.80,-49.40,-69.90,1,Dragon Wave_EZ2[tp],216.75,9.03days
07/11/2025 06:00:23,buy,0.25,NZDCAD,0.79382,13/11/2025 19:50:46,0.79552,0.00,-0.60,17.00,29.72,29.72,17.00,-94.37,-53.10,1,Dragon Wave_NZ3[tp],157.84,6.58days
04/11/2025 12:00:35,buy,0.10,NZDCAD,0.79663,13/11/2025 19:50:46,0.79552,0.00,0.16,-11.10,-7.76,18.85,26.50,-57.37,-81.20,1,Dragon Wave_NZ2[tp],223.84,9.33days
29/10/2025 10:00:32,buy,0.10,GBPCAD,1.84265,13/11/2025 19:44:39,1.85222,0.00,3.79,95.70,72.04,85.65,117.80,-67.43,-94.00,1,Dragon Wave_OZ2[tp],369.74,15.41days
29/10/2025 16:00:11,buy,0.10,GBPCAD,1.83921,13/11/2025 19:30:33,1.85147,0.00,3.79,122.60,91.28,110.01,152.20,-42.75,-59.60,1,Dragon Wave_CZ2[tp],363.51,15.15days
04/11/2025 12:00:27,buy,0.10,GBPUSD,1.30620,13/11/2025 18:57:54,1.32050,0.00,-1.40,143.00,141.60,141.60,143.00,-51.80,-51.80,1,Dragon Wave_JZ2[tp],222.96,9.29days
04/11/2025 20:00:17,buy,0.10,GBPUSD,1.30288,13/11/2025 18:32:50,1.32001,0.00,-1.40,171.30,169.90,169.90,171.30,-18.60,-18.60,1,Dragon Wave_CZ2[tp],214.54,8.94days
07/11/2025 07:00:16,buy,0.25,NZDCAD,0.79360,13/11/2025 18:14:53,0.79523,0.00,-0.60,16.30,28.48,28.48,16.30,-90.45,-50.90,1,Dragon Wave_IZ3[tp],155.24,6.47days
04/11/2025 12:00:32,buy,0.10,NZDCAD,0.79661,13/11/2025 18:14:53,0.79523,0.00,0.16,-13.80,-9.69,18.99,26.70,-57.23,-81.00,1,Dragon Wave_IZ2[tp],222.24,9.26days
07/11/2025 06:00:18,buy,0.25,NZDCAD,0.79383,13/11/2025 17:42:04,0.79498,0.00,-0.60,11.50,19.93,19.93,11.50,-94.54,-53.20,1,Dragon Wave_BZ3[tp],155.70,6.49days
04/11/2025 12:00:22,buy,0.10,NZDCAD,0.79662,13/11/2025 17:42:04,0.79498,0.00,0.16,-16.40,-11.55,18.92,26.60,-57.30,-81.10,1,Dragon Wave_BZ2[tp],221.69,9.24days
31/10/2025 16:00:37,buy,0.10,GBPUSD,1.31045,13/11/2025 17:40:24,1.31953,0.00,-1.74,90.80,89.06,89.06,90.80,-94.64,-94.30,1,Dragon Wave_LZ2[tp],313.66,13.07days
07/11/2025 09:00:31,buy,0.25,NZDCAD,0.79211,13/11/2025 10:53:21,0.79455,0.00,-0.60,24.40,43.00,43.00,24.40,-63.91,-36.00,1,Dragon Wave_KZ3[tp],145.88,6.08days
04/11/2025 12:00:34,buy,0.10,NZDCAD,0.79662,13/11/2025 10:53:21,0.79455,0.00,0.16,-20.70,-14.63,18.92,26.60,-57.30,-81.10,1,Dragon Wave_KZ2[tp],214.88,8.95days
05/11/2025 01:00:10,buy,0.10,NZDUSD,0.56431,13/11/2025 10:32:24,0.56780,0.00,-2.94,34.90,31.96,31.96,34.90,-38.61,-37.50,1,Dragon Wave_GZ2[tp],201.54,8.40days
07/11/2025 09:00:26,buy,0.25,NZDCAD,0.79206,13/11/2025 10:32:13,0.79417,0.00,-0.60,21.10,37.11,37.11,21.10,-63.02,-35.50,1,Dragon Wave_FZ3[tp],145.53,6.06days
04/11/2025 12:00:30,buy,0.10,NZDCAD,0.79662,13/11/2025 10:32:13,0.79417,0.00,0.16,-24.50,-17.36,18.92,26.60,-57.30,-81.10,1,Dragon Wave_FZ2[tp],214.53,8.94days
07/11/2025 09:00:22,buy,0.25,NZDCAD,0.79217,13/11/2025 10:21:25,0.79397,0.00,-0.60,18.00,31.56,31.56,18.00,-64.98,-36.60,1,Dragon Wave_DZ3[tp],145.35,6.06days
04/11/2025 12:00:23,buy,0.10,NZDCAD,0.79661,13/11/2025 10:21:25,0.79397,0.00,0.16,-26.40,-18.71,18.99,26.70,-57.23,-81.00,1,Dragon Wave_DZ2[tp],214.35,8.93days
05/11/2025 01:00:15,buy,0.10,NZDUSD,0.56434,13/11/2025 10:10:00,0.56745,0.00,-2.94,31.10,28.16,28.16,31.10,-38.91,-37.80,1,Dragon Wave_NZ2[tp],201.16,8.38days
05/11/2025 03:00:30,buy,0.10,NZDUSD,0.56397,13/11/2025 10:00:39,0.56710,0.00,-2.94,31.30,28.36,28.36,31.30,-35.21,-34.10,1,Dragon Wave_EZ2[tp],199.00,8.29days
07/11/2025 17:00:23,sell,0.10,EURNZD,2.05922,12/11/2025 14:49:44,2.04422,0.00,0.24,150.00,85.21,85.21,150.00,-26.66,-47.50,1,Dragon Wave_AZ2[tp],117.82,4.91days
07/11/2025 10:00:28,sell,0.10,GBPNZD,2.34074,12/11/2025 03:06:17,2.32352,0.00,-2.49,172.20,94.94,94.94,172.20,-22.79,-40.60,1,Dragon Wave_FZ2[tp],113.10,4.71days
07/11/2025 09:00:00,buy,0.25,NZDCAD,0.79223,11/11/2025 16:36:03,0.79371,0.00,0.04,14.80,26.46,26.46,14.80,-66.05,-37.20,1,Dragon Wave_AZ3[tp],103.60,4.32days
04/11/2025 12:00:22,buy,0.10,NZDCAD,0.79662,11/11/2025 16:36:03,0.79371,0.00,0.41,-29.10,-20.37,18.92,26.60,-57.30,-81.10,1,Dragon Wave_AZ2[tp],172.59,7.19days
07/11/2025 05:00:36,buy,0.25,NZDUSD,0.56247,11/11/2025 16:27:28,0.56653,0.00,-1.46,40.60,100.04,100.04,40.60,-47.75,-19.10,1,Dragon Wave_IZ3[tp],107.45,4.48days
04/11/2025 12:00:46,buy,0.10,NZDUSD,0.56611,11/11/2025 16:27:28,0.56653,0.00,-1.98,4.20,2.22,8.60,8.60,-56.89,-55.50,1,Dragon Wave_IZ2[tp],172.44,7.19days
07/11/2025 09:00:22,sell,0.25,AUDNZD,1.15574,11/11/2025 16:27:08,1.15284,0.00,-1.23,29.00,39.85,43.99,31.20,-46.45,-32.70,1,Dragon Wave_KZ3[tp],103.45,4.31days
04/11/2025 03:00:28,sell,0.10,AUDNZD,1.14744,11/11/2025 16:27:08,1.15284,0.00,-1.29,-54.00,-31.89,11.90,20.90,-66.14,-115.70,1,Dragon Wave_KZ2[tp],181.44,7.56days
07/11/2025 10:00:19,buy,0.25,NZDUSD,0.56081,11/11/2025 15:44:43,0.56639,0.00,-1.46,55.80,138.04,138.04,55.80,-1.75,-0.70,1,Dragon Wave_BZ3[tp],101.74,4.24days
04/11/2025 23:00:03,buy,0.10,NZDUSD,0.56496,11/11/2025 15:44:43,0.56639,0.00,-1.98,14.30,12.32,17.19,18.40,-45.39,-44.00,1,Dragon Wave_BZ2[tp],160.74,6.70days
07/11/2025 05:00:43,buy,0.25,NZDUSD,0.56244,11/11/2025 15:34:21,0.56597,0.00,-1.46,35.30,86.79,86.79,35.30,-47.00,-18.80,1,Dragon Wave_KZ3[tp],106.56,4.44days
04/11/2025 12:00:51,buy,0.10,NZDUSD,0.56611,11/11/2025 15:34:21,0.56597,0.00,-1.98,-1.40,-3.38,8.60,8.60,-56.89,-55.50,1,Dragon Wave_KZ2[tp],171.56,7.15days
07/11/2025 09:00:06,buy,0.25,NZDUSD,0.56113,11/11/2025 15:23:23,0.56550,0.00,-1.46,43.70,107.79,107.79,43.70,-14.25,-5.70,1,Dragon Wave_DZ3[tp],102.39,4.27days
04/11/2025 20:00:13,buy,0.10,NZDUSD,0.56571,11/11/2025 15:23:23,0.56550,0.00,-1.98,-2.10,-4.08,9.69,10.90,-52.89,-51.50,1,Dragon Wave_DZ2[tp],163.39,6.81days
07/11/2025 06:00:19,buy,0.25,NZDUSD,0.56204,11/11/2025 14:17:36,0.56539,0.00,-1.46,33.50,82.29,82.29,33.50,-37.00,-14.80,1,Dragon Wave_FZ3[tp],104.29,4.35days
04/11/2025 12:00:42,buy,0.10,NZDUSD,0.56611,11/11/2025 14:17:36,0.56539,0.00,-1.98,-7.20,-9.18,8.60,8.60,-56.89,-55.50,1,Dragon Wave_FZ2[tp],170.28,7.10days
29/10/2025 10:00:38,sell,0.10,EURGBP,0.87944,10/11/2025 20:00:22,0.87729,0.00,2.67,21.50,31.00,41.00,30.30,-44.47,-35.40,1,Dragon Wave_LZ2,298.00,12.42days
31/10/2025 16:00:13,sell,0.25,EURGBP,0.88161,10/11/2025 14:00:27,0.87761,0.00,4.31,40.00,136.09,171.38,52.00,-42.93,-13.70,1,Dragon Wave_GZ3,238.00,9.92days
28/10/2025 17:28:25,sell,0.10,EURGBP,0.87869,10/11/2025 14:00:27,0.87760,0.00,2.91,10.90,17.27,31.39,22.80,-54.00,-42.90,1,Dragon Wave_GZ2,308.53,12.86days
31/10/2025 16:00:12,sell,0.10,EURGBP,0.88160,10/11/2025 14:00:22,0.87762,0.00,1.71,39.80,54.16,68.42,51.90,-17.31,-13.80,1,Dragon Wave_EZ2,238.00,9.92days
04/11/2025 12:00:24,buy,0.10,GBPUSD,1.30626,10/11/2025 10:36:16,1.31791,0.00,-0.84,116.50,115.66,115.66,116.50,-52.40,-52.40,1,Dragon Wave_EZ2[tp],142.60,5.94days
06/11/2025 18:04:02,buy,0.25,NZDJPY,86.17700,10/11/2025 10:34:27,86.95900,0.00,0.34,78.20,127.25,127.25,78.20,-45.24,-27.80,1,Dragon Wave_FZ3[tp],88.51,3.69days
04/11/2025 22:00:01,buy,0.10,NZDJPY,86.79800,10/11/2025 10:34:27,86.95900,0.00,0.41,16.10,10.86,33.05,50.50,-58.40,-89.90,1,Dragon Wave_FZ2[tp],132.57,5.52days
07/11/2025 09:00:02,buy,0.25,NZDUSD,0.56114,10/11/2025 10:34:24,0.56443,0.00,-0.69,32.90,81.56,81.56,32.90,-14.50,-5.80,1,Dragon Wave_AZ3[tp],73.57,3.07days
04/11/2025 12:00:33,buy,0.10,NZDUSD,0.56610,10/11/2025 10:34:24,0.56443,0.00,-1.67,-16.70,-18.37,8.70,8.70,-56.79,-55.40,1,Dragon Wave_AZ2[tp],142.56,5.94days
05/11/2025 03:00:13,buy,0.25,NZDJPY,86.44500,10/11/2025 07:17:00,86.80100,0.00,0.85,35.60,58.63,139.73,85.80,-88.50,-54.60,1,Dragon Wave_AZ3[tp],124.28,5.18days
04/11/2025 12:00:07,buy,0.10,NZDJPY,86.90300,10/11/2025 07:17:00,86.80100,0.00,0.41,-10.20,-6.21,26.23,40.00,-65.26,-100.40,1,Dragon Wave_AZ2[tp],139.28,5.80days
06/11/2025 21:00:02,sell,0.10,GBPAUD,2.02733,10/11/2025 03:37:49,2.01697,0.00,-1.08,103.60,66.48,66.48,103.60,-43.26,-66.00,1,Dragon Wave_AZ2[tp],78.63,3.28days
07/11/2025 17:00:05,sell,0.10,EURAUD,1.78518,10/11/2025 01:07:27,1.77627,0.00,0.28,89.10,58.23,58.23,89.10,-29.26,-45.20,1,Dragon Wave_AZ2[tp],56.12,2.34days
28/10/2025 17:28:26,sell,0.10,EURGBP,0.87870,07/11/2025 21:00:36,0.87855,0.00,2.70,1.50,4.68,31.52,22.90,-53.87,-42.80,1,Dragon Wave_NZ2,243.54,10.15days
04/11/2025 21:00:18,sell,0.25,EURGBP,0.88175,07/11/2025 21:00:35,0.87855,0.00,2.65,32.00,107.99,107.99,32.00,-39.51,-12.30,1,Dragon Wave_NZ3,72.00,3.00days
29/10/2025 10:00:33,sell,0.25,EURGBP,0.87948,07/11/2025 21:00:30,0.87852,0.00,6.18,9.60,37.78,103.82,30.70,-109.87,-35.00,1,Dragon Wave_IZ3,227.00,9.46days
28/10/2025 16:00:41,sell,0.10,EURGBP,0.87615,07/11/2025 21:00:30,0.87852,0.00,2.70,-23.70,-28.51,3.59,2.70,-87.07,-68.30,1,Dragon Wave_IZ2,245.00,10.21days
28/10/2025 16:00:36,sell,0.10,EURGBP,0.87618,07/11/2025 21:00:24,0.87856,0.00,2.70,-23.80,-28.64,3.98,3.00,-86.68,-68.00,1,Dragon Wave_BZ2,245.00,10.21days
29/10/2025 10:00:07,sell,0.25,EURGBP,0.87932,07/11/2025 21:00:23,0.87857,0.00,6.18,7.50,30.87,98.57,29.10,-115.07,-36.60,1,Dragon Wave_BZ3,227.00,9.46days
05/11/2025 04:00:08,buy,0.10,GBPJPY,199.40700,07/11/2025 20:00:33,201.63900,0.00,1.76,223.20,147.55,150.02,227.10,-6.53,-10.00,1,Dragon Wave_NZ2,64.01,2.67days
05/11/2025 04:00:04,buy,0.10,GBPJPY,199.38500,07/11/2025 20:00:25,201.63000,0.00,1.76,224.50,148.40,151.45,229.30,-5.09,-7.80,1,Dragon Wave_GZ2,64.01,2.67days
31/10/2025 16:00:07,buy,0.10,GBPUSD,1.31060,07/11/2025 20:00:12,1.31704,0.00,-1.04,64.40,63.36,63.36,64.40,-96.14,-95.80,1,Dragon Wave_GZ2,172.00,7.17days
29/10/2025 21:00:39,buy,0.10,GBPAUD,1.99936,07/11/2025 17:47:07,2.03211,0.00,-2.94,327.50,208.99,208.99,327.50,0.00,0.00,1,Dragon Wave_MZ2[tp],212.77,8.87days
31/10/2025 14:00:33,buy,0.10,GBPUSD,1.31324,07/11/2025 17:00:35,1.31531,0.00,-1.04,20.70,19.66,24.60,24.80,-122.54,-122.20,1,Dragon Wave_NZ2,171.00,7.13days
31/10/2025 14:00:15,buy,0.10,GBPUSD,1.31316,07/11/2025 16:47:27,1.31442,0.00,-1.04,12.60,11.56,25.40,25.60,-121.74,-121.40,1,Dragon Wave_BZ2[tp],170.79,7.12days
29/10/2025 10:00:24,buy,0.10,GBPAUD,2.00111,07/11/2025 16:36:35,2.02788,0.00,-2.94,267.70,170.49,174.79,274.70,-13.81,-20.90,1,Dragon Wave_OZ2[tp],222.60,9.28days
05/11/2025 14:00:02,sell,0.10,USDCAD,1.41340,07/11/2025 15:30:01,1.40869,0.00,-2.68,47.10,30.76,30.76,47.10,-6.54,-6.40,1,Dragon Wave_DZ2[tp],49.50,2.06days
05/11/2025 03:00:07,buy,0.10,CHFJPY,189.26900,07/11/2025 15:30:00,190.32400,0.00,-1.20,105.50,67.69,70.82,109.20,-9.41,-14.40,1,Dragon Wave_FZ2[tp],60.50,2.52days
05/11/2025 16:00:13,sell,0.10,USDCHF,0.81091,07/11/2025 15:29:07,0.80458,0.00,-6.61,63.30,72.06,72.06,63.30,-15.64,-12.70,1,Dragon Wave_IZ2[tp],47.48,1.98days
05/11/2025 04:00:11,sell,0.10,USDCAD,1.41132,07/11/2025 15:21:00,1.40979,0.00,-2.68,15.30,8.17,13.25,21.50,-21.25,-27.20,1,Dragon Wave_AZ2[tp],59.35,2.47days
03/11/2025 11:00:13,sell,0.25,USDCHF,0.80647,07/11/2025 15:16:23,0.80519,0.00,-24.75,12.80,14.99,14.99,12.80,-184.01,-57.10,1,Dragon Wave_AZ3[tp],100.27,4.18days
30/10/2025 16:00:20,sell,0.10,USDCHF,0.80281,07/11/2025 15:16:23,0.80519,0.00,-13.33,-23.80,-42.89,21.60,17.30,-122.09,-93.70,1,Dragon Wave_AZ2[tp],191.27,7.97days
04/11/2025 03:00:17,sell,0.10,USDCHF,0.80928,07/11/2025 13:33:34,0.80573,0.00,-8.26,35.50,35.80,35.80,35.50,-37.36,-29.00,1,Dragon Wave_KZ2[tp],82.55,3.44days
29/10/2025 10:00:22,buy,0.10,GBPCAD,1.84266,07/11/2025 01:00:18,1.85419,0.00,2.22,115.30,83.90,85.38,117.70,-67.50,-94.10,1,Dragon Wave_JZ2,207.00,8.62days
03/11/2025 12:00:18,sell,0.10,USDCHF,0.80710,06/11/2025 23:00:29,0.80621,0.00,-8.25,8.90,2.79,4.09,9.00,-65.85,-50.80,1,Dragon Wave_FZ2,83.00,3.46days
03/11/2025 16:00:14,sell,0.10,USDCHF,0.80812,06/11/2025 23:00:28,0.80622,0.00,-8.25,19.00,15.32,15.57,19.20,-53.29,-40.60,1,Dragon Wave_DZ2,79.00,3.29days
29/10/2025 10:00:23,buy,0.10,GBPCAD,1.84271,06/11/2025 21:00:31,1.85382,0.00,2.00,111.10,80.73,82.14,113.10,-67.86,-94.60,1,Dragon Wave_LZ2,203.00,8.46days
30/10/2025 16:00:12,buy,0.10,GBPUSD,1.31381,06/11/2025 21:00:30,1.31377,0.00,-1.10,-0.40,-1.50,35.90,35.90,-128.44,-127.90,1,Dragon Wave_IZ2,173.00,7.21days
04/11/2025 20:00:23,buy,0.25,GBPUSD,1.30284,06/11/2025 21:00:29,1.31377,0.00,-1.40,109.30,271.85,280.10,112.60,-45.50,-18.20,1,Dragon Wave_IZ3,49.00,2.04days
31/10/2025 16:00:30,buy,0.10,GBPUSD,1.31036,06/11/2025 20:31:31,1.31363,0.00,-0.90,32.70,31.80,53.40,53.60,-93.74,-93.40,1,Dragon Wave_KZ2[tp],148.52,6.19days
29/10/2025 12:00:21,buy,0.10,GBPCAD,1.84197,06/11/2025 18:14:23,1.85212,0.00,2.00,101.50,73.79,73.79,101.50,-62.55,-87.20,1,Dragon Wave_EZ2,198.23,8.26days
29/10/2025 10:00:02,buy,0.10,GBPCAD,1.84277,06/11/2025 17:20:51,1.84972,0.00,2.00,69.50,51.23,51.23,69.50,-68.29,-95.20,1,Dragon Wave_GZ2,199.35,8.31days
28/10/2025 18:03:45,buy,0.10,GBPAUD,2.01808,06/11/2025 17:00:31,2.01902,0.00,-2.90,9.40,3.19,4.93,9.40,-126.23,-190.60,1,Dragon Wave_FZ2[tp],214.95,8.96days
29/10/2025 11:01:02,buy,0.10,GBPAUD,2.00080,06/11/2025 15:48:33,2.01355,0.00,-2.65,127.50,80.43,102.02,159.10,-11.77,-17.80,1,Dragon Wave_IZ2[tp],196.79,8.20days
29/10/2025 10:00:30,buy,0.10,GBPCAD,1.84262,06/11/2025 15:47:51,1.84914,0.00,2.00,65.20,48.25,48.88,67.50,-67.21,-93.70,1,Dragon Wave_NZ2[tp],197.79,8.24days
04/11/2025 12:00:25,buy,0.10,GBPUSD,1.30626,06/11/2025 15:37:21,1.31129,0.00,-0.56,50.30,49.74,49.74,50.30,-52.40,-52.40,1,Dragon Wave_FZ2[tp],51.62,2.15days
29/10/2025 17:02:57,buy,0.10,GBPCAD,1.83823,06/11/2025 15:00:17,1.84627,0.00,2.00,80.40,59.04,80.09,111.40,-35.72,-49.80,1,Dragon Wave_BZ2,189.96,7.91days
04/11/2025 17:00:42,buy,0.25,EURUSD,1.14804,06/11/2025 14:57:55,1.15315,0.00,-8.07,51.10,119.68,119.68,51.10,-25.77,-9.50,1,Dragon Wave_FZ3[tp],45.95,1.91days
04/11/2025 12:00:15,buy,0.10,GBPUSD,1.30629,06/11/2025 14:57:55,1.31018,0.00,-0.56,38.90,38.34,38.34,38.90,-52.70,-52.70,1,Dragon Wave_DZ2[tp],50.96,2.12days
31/10/2025 21:00:38,buy,0.10,EURUSD,1.15244,06/11/2025 14:57:55,1.15315,0.00,-4.94,7.10,2.16,14.90,15.80,-56.02,-53.50,1,Dragon Wave_FZ2[tp],137.95,5.75days
29/10/2025 12:00:27,buy,0.10,GBPCAD,1.84188,06/11/2025 14:54:46,1.84584,0.00,2.00,39.60,30.10,54.14,74.90,-61.91,-86.30,1,Dragon Wave_IZ2[tp],194.91,8.12days
29/10/2025 16:00:31,buy,0.10,GBPCAD,1.83934,06/11/2025 10:57:45,1.84418,0.00,2.00,48.40,36.34,72.20,100.30,-43.69,-60.90,1,Dragon Wave_KZ2[tp],186.95,7.79days
03/11/2025 11:00:16,buy,0.10,EURUSD,1.15128,06/11/2025 10:56:25,1.15171,0.00,-4.04,4.30,0.26,23.50,23.50,-43.52,-41.90,1,Dragon Wave_AZ2[tp],71.94,3.00days
04/11/2025 12:00:15,buy,0.10,GBPUSD,1.30628,06/11/2025 10:56:24,1.30796,0.00,-0.56,16.80,16.24,16.24,16.80,-52.60,-52.60,1,Dragon Wave_AZ2[tp],46.94,1.96days
29/10/2025 07:00:03,buy,0.10,GBPAUD,2.00794,05/11/2025 03:23:13,2.01460,0.00,-1.79,66.60,41.23,55.56,87.70,-58.96,-89.20,1,Dragon Wave_KZ2[tp],164.39,6.85days
30/10/2025 12:00:20,sell,0.10,EURJPY,178.64000,04/11/2025 16:00:30,176.28800,0.00,-2.10,235.20,151.21,151.34,235.30,-10.44,-16.10,1,Dragon Wave_MZ2,124.00,5.17days
04/11/2025 03:00:13,sell,0.10,AUDCHF,0.52906,04/11/2025 12:00:24,0.52521,0.00,0.00,38.50,47.61,47.61,38.50,-0.99,-0.80,1,Dragon Wave_FZ2,9.00,9.00hrs
28/10/2025 21:00:01,buy,0.10,GBPAUD,2.01523,04/11/2025 08:23:29,2.01582,0.00,-1.75,5.90,2.09,10.15,15.80,-107.39,-162.10,1,Dragon Wave_AZ2[tp],155.39,6.47days
23/10/2025 19:00:27,sell,0.10,CHFJPY,191.94300,04/11/2025 06:36:28,190.20300,0.00,-0.35,174.00,112.73,112.73,174.00,-48.23,-73.80,1,Dragon Wave_HZ2[tp],275.60,11.48days
23/10/2025 17:00:27,sell,0.10,CHFJPY,191.65500,04/11/2025 05:00:28,190.49200,0.00,-0.35,116.30,75.12,75.12,116.30,-66.96,-102.60,1,Dragon Wave_OZ2,276.00,11.50days
29/10/2025 09:00:06,buy,0.10,GBPCHF,1.05141,03/11/2025 17:56:35,1.06150,0.00,3.52,100.90,128.45,128.45,100.90,-10.57,-8.40,1,Dragon Wave_CZ2[tp],128.94,5.37days
29/10/2025 09:00:11,buy,0.10,GBPAUD,2.00499,03/11/2025 17:54:28,2.01307,0.00,-1.21,80.80,51.52,51.52,80.80,-39.46,-59.70,1,Dragon Wave_DZ2[tp],128.90,5.37days
29/10/2025 16:00:30,buy,0.10,GBPCAD,1.83931,03/11/2025 17:47:14,1.84750,0.00,0.90,81.90,59.10,59.10,81.90,-43.47,-60.60,1,Dragon Wave_FZ2[tp],121.78,5.07days
29/10/2025 22:00:14,buy,0.10,GBPCAD,1.83413,03/11/2025 17:47:12,1.84742,0.00,0.90,132.90,95.35,95.35,132.90,-6.31,-8.80,1,Dragon Wave_DZ2[tp],115.78,4.82days
08/10/2025 05:00:04,sell,0.10,CHFJPY,190.73500,03/11/2025 17:00:36,190.68600,0.00,-0.87,4.90,2.31,131.39,198.60,-127.35,-194.60,1,Dragon Wave_JZ2,636.01,26.50days
30/10/2025 12:00:17,sell,0.10,AUDJPY,101.13600,03/11/2025 17:00:00,100.58100,0.00,-1.38,55.50,34.63,34.63,55.50,-7.44,-10.40,1,Dragon Wave_FZ2[tp],101.00,4.21days
21/10/2025 13:00:08,sell,0.10,CHFJPY,191.03300,03/11/2025 16:50:29,190.59900,0.00,-0.51,43.40,27.63,40.18,61.00,-107.62,-164.80,1,Dragon Wave_CZ2[tp],315.84,13.16days
29/10/2025 10:00:34,sell,0.25,EURGBP,0.87947,03/11/2025 15:00:23,0.87664,0.00,3.00,28.30,95.96,101.60,30.00,-72.30,-22.70,1,Dragon Wave_KZ3,125.00,5.21days
28/10/2025 16:00:42,sell,0.10,EURGBP,0.87610,03/11/2025 15:00:23,0.87663,0.00,1.44,-5.30,-5.52,2.92,2.20,-72.85,-56.40,1,Dragon Wave_KZ2,142.99,5.96days
28/10/2025 17:09:41,buy,0.10,GBPCHF,1.05460,03/11/2025 15:00:21,1.06065,0.00,4.23,60.50,79.17,81.43,62.30,-50.02,-40.30,1,Dragon Wave_JZ2,141.84,5.91days
28/10/2025 18:15:16,buy,0.25,GBPCHF,1.05338,03/11/2025 13:00:21,1.06037,0.00,10.60,69.90,226.97,229.78,70.80,-86.64,-28.10,1,Dragon Wave_LZ3,138.75,5.78days
23/10/2025 20:00:19,buy,0.10,GBPCHF,1.05938,03/11/2025 13:00:21,1.06038,0.00,6.30,10.00,18.68,40.43,31.10,-108.11,-88.10,1,Dragon Wave_LZ2,257.00,10.71days
28/10/2025 19:00:23,buy,0.25,GBPCHF,1.05260,03/11/2025 12:00:15,1.05931,0.00,10.60,67.10,218.45,223.50,68.70,-62.10,-20.30,1,Dragon Wave_GZ3,137.00,5.71days
23/10/2025 20:00:17,buy,0.10,GBPCHF,1.05937,03/11/2025 12:00:15,1.05931,0.00,6.30,-0.60,5.56,40.55,31.20,-107.99,-88.00,1,Dragon Wave_GZ2,256.00,10.67days
17/10/2025 12:00:20,buy,0.10,GBPCHF,1.05966,03/11/2025 12:00:02,1.05944,0.00,10.42,-2.20,7.69,81.93,64.50,-107.52,-90.90,1,Dragon Wave_EZ2,408.00,17.00days
28/10/2025 17:09:40,buy,0.25,GBPCHF,1.05458,03/11/2025 12:00:01,1.05946,0.00,10.60,48.80,161.74,162.14,48.90,-124.40,-40.10,1,Dragon Wave_EZ3,138.84,5.78days
29/10/2025 10:00:22,sell,0.25,EURGBP,0.87942,03/11/2025 11:00:11,0.87729,0.00,3.00,21.30,72.89,76.65,22.60,-73.94,-23.20,1,Dragon Wave_DZ3[tp],121.00,5.04days
28/10/2025 16:00:37,sell,0.10,EURGBP,0.87617,03/11/2025 11:00:11,0.87729,0.00,1.44,-11.20,-13.26,3.85,2.90,-71.93,-55.70,1,Dragon Wave_DZ2[tp],138.99,5.79days
28/10/2025 19:00:26,buy,0.25,GBPCHF,1.05258,03/11/2025 09:30:01,1.05849,0.00,10.60,59.10,193.99,193.99,59.10,-61.47,-20.10,1,Dragon Wave_NZ3[tp],134.49,5.60days
23/10/2025 20:00:29,buy,0.10,GBPCHF,1.05936,03/11/2025 09:30:01,1.05849,0.00,6.30,-8.70,-4.50,40.68,31.30,-107.86,-87.90,1,Dragon Wave_NZ2[tp],253.49,10.56days
29/10/2025 10:00:36,buy,0.10,GBPNZD,2.28404,03/11/2025 04:00:25,2.29831,0.00,0.49,142.70,82.03,86.99,151.50,-14.06,-24.30,1,Dragon Wave_FZ2,114.00,4.75days
28/10/2025 12:00:26,sell,0.10,EURGBP,0.87569,31/10/2025 22:00:40,0.87717,0.00,1.20,-14.80,-18.25,8.13,6.10,-78.22,-60.50,1,Dragon Wave_FZ2,82.00,3.42days
28/10/2025 17:28:24,sell,0.25,EURGBP,0.87868,31/10/2025 22:00:39,0.87718,0.00,3.00,15.00,52.27,52.27,15.00,-97.59,-30.60,1,Dragon Wave_FZ3,76.54,3.19days
28/10/2025 12:00:19,buy,0.10,GBPCHF,1.05669,31/10/2025 22:00:25,1.05720,0.00,3.53,5.10,9.87,16.09,12.80,-76.32,-61.20,1,Dragon Wave_IZ2,82.00,3.42days
29/10/2025 10:00:34,buy,0.25,GBPCHF,1.05092,31/10/2025 22:00:13,1.05720,0.00,7.06,62.80,202.19,202.19,62.80,-11.01,-3.50,1,Dragon Wave_KZ3[tp],59.99,2.50days
28/10/2025 12:00:21,buy,0.10,GBPCHF,1.05660,31/10/2025 22:00:13,1.05720,0.00,3.53,6.00,10.99,17.22,13.70,-75.19,-60.30,1,Dragon Wave_KZ2[tp],82.00,3.42days
29/10/2025 12:00:03,sell,0.25,EURGBP,0.87990,31/10/2025 20:29:27,0.87778,0.00,2.40,21.20,72.00,72.00,21.20,-58.21,-18.40,1,Dragon Wave_AZ3[tp],56.49,2.35days
28/10/2025 16:00:35,sell,0.10,EURGBP,0.87619,31/10/2025 20:29:27,0.87778,0.00,1.20,-15.90,-19.68,4.12,3.10,-71.67,-55.50,1,Dragon Wave_AZ2[tp],76.48,3.19days
29/10/2025 10:00:05,buy,0.25,GBPNZD,2.28444,31/10/2025 08:45:12,2.29711,0.00,0.97,126.70,182.30,182.30,126.70,-40.95,-28.30,1,Dragon Wave_AZ3[tp],46.75,1.95days
28/10/2025 16:00:34,buy,0.10,GBPNZD,2.30353,31/10/2025 08:45:12,2.29711,0.00,0.49,-64.20,-36.26,3.63,6.30,-126.85,-219.20,1,Dragon Wave_AZ2[tp],64.74,2.70days
29/10/2025 19:00:45,buy,0.10,USDCAD,1.38957,30/10/2025 14:57:45,1.39824,0.00,0.69,86.70,62.70,62.70,86.70,-4.75,-6.60,1,Dragon Wave_IZ2[tp],19.95,19.95hrs
29/10/2025 19:00:48,buy,0.10,USDCAD,1.38956,30/10/2025 14:54:59,1.39787,0.00,0.69,83.10,60.14,60.14,83.10,-4.68,-6.50,1,Dragon Wave_KZ2[tp],19.90,19.90hrs
29/10/2025 19:00:37,buy,0.10,USDCAD,1.38958,30/10/2025 14:40:46,1.39737,0.00,0.69,77.90,56.44,56.44,77.90,-4.82,-6.70,1,Dragon Wave_FZ2[tp],19.67,19.67hrs
29/10/2025 04:00:18,sell,0.10,AUDNZD,1.14122,30/10/2025 07:28:58,1.13878,0.00,-0.93,24.40,13.17,13.17,24.40,-14.84,-24.10,1,Dragon Wave_AZ2[tp],27.48,1.14days
29/10/2025 19:00:37,buy,0.10,USDCAD,1.38956,29/10/2025 21:39:32,1.39420,0.00,0.00,46.40,33.28,33.28,46.40,-4.68,-6.50,1,Dragon Wave_DZ2[tp],2.65,2.65hrs
29/10/2025 04:00:39,sell,0.10,AUDUSD,0.65969,29/10/2025 21:39:24,0.65666,0.00,0.00,30.30,30.30,30.30,30.30,-21.20,-21.20,1,Dragon Wave_FZ2[tp],17.65,17.65hrs
29/10/2025 04:00:22,sell,0.10,AUDUSD,0.65979,29/10/2025 21:36:52,0.65764,0.00,0.00,21.50,21.50,21.50,21.50,-20.20,-20.20,1,Dragon Wave_DZ2[tp],17.61,17.61hrs
29/10/2025 04:00:07,sell,0.10,AUDUSD,0.65970,29/10/2025 21:36:02,0.65840,0.00,0.00,13.00,13.00,13.00,13.00,-21.10,-21.10,1,Dragon Wave_AZ2[tp],17.60,17.60hrs
23/10/2025 18:00:29,sell,0.25,CHFJPY,191.86300,29/10/2025 16:46:51,190.57600,0.00,-0.38,128.70,211.32,211.32,128.70,-86.27,-52.70,1,Dragon Wave_LZ3[tp],142.77,5.95days
07/10/2025 21:00:23,sell,0.10,CHFJPY,189.92700,29/10/2025 16:46:51,190.57600,0.00,-0.72,-64.90,-43.42,77.92,117.80,-161.54,-246.30,1,Dragon Wave_LZ2[tp],523.77,21.82days
17/10/2025 10:00:18,buy,0.10,EURCHF,0.92374,29/10/2025 15:00:19,0.92799,0.00,2.49,42.50,55.80,56.30,42.90,-42.07,-33.70,1,Dragon Wave_HZ2,293.00,12.21days
23/10/2025 17:00:23,sell,0.25,CHFJPY,191.63500,29/10/2025 14:50:20,190.89900,0.00,-0.38,73.60,120.55,120.55,73.60,-123.49,-75.50,1,Dragon Wave_GZ3[tp],141.83,5.91days
07/10/2025 20:00:31,sell,0.10,CHFJPY,189.80200,29/10/2025 14:50:20,190.89900,0.00,-0.72,-109.70,-72.81,69.64,105.30,-169.71,-258.80,1,Dragon Wave_GZ2[tp],522.83,21.78days
23/10/2025 17:00:09,sell,0.25,CHFJPY,191.65300,29/10/2025 14:49:38,190.92100,0.00,-0.38,73.20,119.85,119.85,73.20,-120.55,-73.70,1,Dragon Wave_EZ3[tp],141.82,5.91days
07/10/2025 21:00:12,sell,0.10,CHFJPY,189.92900,29/10/2025 14:49:38,190.92100,0.00,-0.72,-99.20,-65.89,78.05,118.00,-161.41,-246.10,1,Dragon Wave_EZ2[tp],521.82,21.74days
17/10/2025 12:00:08,buy,0.25,EURCHF,0.92341,29/10/2025 13:00:41,0.92686,0.00,6.28,34.50,114.61,119.59,36.50,-94.73,-30.40,1,Dragon Wave_JZ3,289.01,12.04days
16/10/2025 05:00:22,buy,0.10,EURCHF,0.92661,29/10/2025 13:00:41,0.92686,0.00,2.74,2.50,5.88,45.10,36.00,-78.06,-62.40,1,Dragon Wave_JZ2,320.01,13.33days
17/10/2025 10:00:17,buy,0.25,EURCHF,0.92371,29/10/2025 13:00:35,0.92688,0.00,6.28,31.70,105.82,110.18,33.50,-104.21,-33.40,1,Dragon Wave_CZ3,291.00,12.13days
16/10/2025 05:00:21,buy,0.10,EURCHF,0.92661,29/10/2025 13:00:35,0.92689,0.00,2.74,2.80,6.26,45.10,36.00,-78.06,-62.40,1,Dragon Wave_CZ2,320.00,13.33days
09/10/2025 18:05:24,sell,0.10,USDCAD,1.40045,28/10/2025 17:39:25,1.39629,0.00,-10.42,41.60,19.37,19.37,41.60,-55.64,-75.80,1,Dragon Wave_MZ2[tp],455.57,18.98days
24/10/2025 05:00:32,sell,0.10,CHFJPY,192.14700,28/10/2025 16:00:40,191.19700,0.00,-0.08,95.00,62.36,62.36,95.00,-15.91,-24.30,1,Dragon Wave_KZ2,107.00,4.46days
24/10/2025 05:00:06,sell,0.10,EURJPY,177.50900,28/10/2025 12:00:26,177.07500,0.00,-1.43,43.40,27.13,28.02,44.70,-47.23,-71.20,1,Dragon Wave_FZ2,103.01,4.29days
27/10/2025 00:01:04,sell,0.10,EURJPY,177.80200,28/10/2025 07:54:15,177.20800,0.00,-0.70,59.40,38.41,38.41,59.40,-27.37,-41.90,1,Dragon Wave_DZ2[tp],31.89,1.33days
23/10/2025 18:00:27,sell,0.10,CHFJPY,191.86200,28/10/2025 07:49:42,191.48100,0.00,-0.13,38.10,24.96,24.96,38.10,-34.57,-52.80,1,Dragon Wave_FZ2[tp],109.82,4.58days
23/10/2025 19:00:11,sell,0.10,CHFJPY,191.94300,28/10/2025 07:48:39,191.52600,0.00,-0.13,41.70,27.31,27.31,41.70,-29.28,-44.70,1,Dragon Wave_DZ2[tp],108.81,4.53days
23/10/2025 17:00:07,sell,0.10,CHFJPY,191.65100,28/10/2025 07:46:08,191.59500,0.00,-0.13,5.60,3.56,3.56,5.60,-48.35,-73.90,1,Dragon Wave_AZ2[tp],110.77,4.62days
27/10/2025 01:00:05,sell,0.25,EURJPY,178.00900,28/10/2025 07:42:45,177.35700,0.00,-1.74,65.20,105.47,105.47,65.20,-34.62,-21.20,1,Dragon Wave_AZ3[tp],30.71,1.28days
23/10/2025 19:00:02,sell,0.10,EURJPY,177.33400,28/10/2025 07:42:45,177.35700,0.00,-2.16,-2.30,-3.67,9.24,14.10,-59.39,-88.70,1,Dragon Wave_AZ2[tp],108.71,4.53days
09/10/2025 18:05:21,sell,0.10,USDCAD,1.40047,27/10/2025 09:00:30,1.39843,0.00,-9.79,20.40,4.80,17.44,26.70,-55.50,-75.60,1,Dragon Wave_HZ2,422.92,17.62days
17/10/2025 05:00:28,buy,0.10,NZDCHF,0.45267,27/10/2025 00:01:15,0.45954,0.00,1.66,68.70,87.94,87.94,68.70,-29.69,-23.40,1,Dragon Wave_MZ2[tp],235.01,9.79days
17/10/2025 05:00:26,buy,0.10,NZDCHF,0.45266,27/10/2025 00:01:15,0.45884,0.00,1.66,61.80,79.27,79.27,61.80,-29.56,-23.30,1,Dragon Wave_HZ2[tp],235.01,9.79days
16/10/2025 22:00:26,buy,0.10,NZDCHF,0.45418,27/10/2025 00:01:15,0.45847,0.00,1.86,42.90,55.74,57.83,45.00,-48.65,-38.50,1,Dragon Wave_OZ2[tp],242.01,10.08days
20/10/2025 18:00:34,buy,0.25,EURCHF,0.92185,27/10/2025 00:01:01,0.92690,0.00,4.44,50.50,162.91,162.91,50.50,-46.09,-14.80,1,Dragon Wave_OZ3[tp],150.01,6.25days
20/10/2025 18:00:34,buy,0.63,EURCHF,0.92184,27/10/2025 00:01:01,0.92609,0.00,11.21,42.50,347.28,347.28,42.50,-115.36,-14.70,1,Dragon Wave_NZ4[tp],150.01,6.25days
20/10/2025 18:00:30,buy,0.63,EURCHF,0.92177,27/10/2025 00:01:01,0.92675,0.00,11.21,49.80,405.01,405.01,49.80,-109.79,-14.00,1,Dragon Wave_LZ4[tp],150.01,6.25days
20/10/2025 18:00:12,buy,0.25,EURCHF,0.92169,27/10/2025 00:01:01,0.92648,0.00,4.44,47.90,154.75,154.75,47.90,-41.04,-13.20,1,Dragon Wave_EZ3[tp],150.01,6.25days
20/10/2025 17:00:25,buy,0.63,EURCHF,0.92324,27/10/2025 00:01:01,0.92651,0.00,11.21,32.70,269.79,269.79,32.70,-226.76,-28.70,1,Dragon Wave_GZ4[tp],151.01,6.29days
17/10/2025 06:00:29,buy,0.10,AUDCHF,0.51160,27/10/2025 00:01:01,0.52019,0.00,3.23,85.90,111.05,111.05,85.90,-45.30,-35.70,1,Dragon Wave_MZ2[tp],234.01,9.75days
17/10/2025 06:00:10,buy,0.10,EURCHF,0.92559,27/10/2025 00:01:01,0.92648,0.00,2.01,8.90,13.18,13.18,8.90,-65.43,-52.20,1,Dragon Wave_EZ2[tp],234.01,9.75days
17/10/2025 06:00:05,buy,0.10,AUDCHF,0.51162,27/10/2025 00:01:01,0.51944,0.00,3.23,78.20,101.38,102.93,80.20,-45.55,-35.90,1,Dragon Wave_CZ2[tp],234.02,9.75days
17/10/2025 05:00:28,buy,0.10,AUDCHF,0.51221,27/10/2025 00:01:01,0.51962,0.00,3.23,74.10,96.24,96.24,74.30,-53.04,-41.80,1,Dragon Wave_OZ2[tp],235.01,9.79days
17/10/2025 05:00:07,buy,0.10,EURCHF,0.92610,27/10/2025 00:01:01,0.92690,0.00,2.01,8.00,12.06,12.06,8.00,-71.87,-57.30,1,Dragon Wave_OZ2[tp],235.01,9.79days
17/10/2025 05:00:07,buy,0.25,EURCHF,0.92610,27/10/2025 00:01:01,0.92675,0.00,5.06,6.50,25.46,25.46,6.50,-179.67,-57.30,1,Dragon Wave_LZ3[tp],235.01,9.79days
17/10/2025 05:00:06,buy,0.10,AUDCHF,0.51224,27/10/2025 00:01:01,0.51988,0.00,3.23,76.40,99.13,99.13,76.40,-53.42,-42.10,1,Dragon Wave_HZ2[tp],235.02,9.79days
16/10/2025 05:00:23,buy,0.25,EURCHF,0.92661,27/10/2025 00:01:01,0.92609,0.00,5.68,-5.20,-10.64,112.75,36.00,-195.16,-62.40,1,Dragon Wave_NZ3[tp],259.01,10.79days
16/10/2025 05:00:22,buy,0.25,EURCHF,0.92661,27/10/2025 00:01:01,0.92651,0.00,5.68,-1.00,2.54,112.75,36.00,-195.16,-62.40,1,Dragon Wave_GZ3[tp],259.01,10.79days
14/10/2025 12:00:32,buy,0.10,EURCHF,0.92861,27/10/2025 00:01:01,0.92675,0.00,3.25,-18.60,-20.10,30.00,23.80,-102.34,-82.40,1,Dragon Wave_LZ2[tp],300.01,12.50days
14/10/2025 09:00:30,buy,0.10,EURCHF,0.92946,27/10/2025 00:01:01,0.92609,0.00,3.25,-33.70,-39.05,19.38,15.30,-113.07,-90.90,1,Dragon Wave_NZ2[tp],303.01,12.63days
14/10/2025 09:00:23,buy,0.10,EURCHF,0.92948,27/10/2025 00:01:01,0.92651,0.00,3.25,-29.70,-34.03,19.13,15.10,-113.32,-91.10,1,Dragon Wave_GZ2[tp],303.01,12.63days
14/10/2025 10:00:33,buy,0.10,NZDUSD,0.56951,27/10/2025 00:01:00,0.57730,0.00,-4.50,77.90,73.40,73.40,77.90,-12.80,-12.80,1,Dragon Wave_MZ2[tp],302.01,12.58days
14/10/2025 13:00:14,buy,0.10,NZDUSD,0.56862,24/10/2025 15:30:04,0.57564,0.00,-4.15,70.20,66.05,70.56,73.30,-3.90,-3.90,1,Dragon Wave_OZ2[tp],242.50,10.10days
17/10/2025 10:00:23,buy,0.10,EURCHF,0.92372,24/10/2025 14:00:29,0.92486,0.00,1.76,11.40,16.08,25.32,19.90,-41.81,-33.50,1,Dragon Wave_IZ2,172.00,7.17days
17/10/2025 05:00:21,buy,0.10,AUDCHF,0.51220,23/10/2025 13:00:31,0.51964,0.00,2.43,74.40,95.66,95.66,74.40,-52.91,-41.70,1,Dragon Wave_LZ2,152.00,6.33days
17/10/2025 05:00:21,buy,0.10,AUDCHF,0.51220,23/10/2025 13:00:30,0.51965,0.00,2.43,74.50,95.79,95.79,74.50,-52.91,-41.70,1,Dragon Wave_JZ2,152.00,6.33days
17/10/2025 05:00:03,buy,0.10,AUDCHF,0.51225,23/10/2025 12:00:22,0.51909,0.00,2.43,68.40,88.20,88.20,68.40,-53.54,-42.20,1,Dragon Wave_EZ2,151.01,6.29days
17/10/2025 05:00:23,buy,0.10,AUDCHF,0.51220,23/10/2025 10:00:29,0.51841,0.00,2.43,62.10,80.30,80.30,62.10,-52.91,-41.70,1,Dragon Wave_NZ2,149.00,6.21days
17/10/2025 05:00:04,buy,0.10,AUDCHF,0.51225,23/10/2025 10:00:19,0.51842,0.00,2.43,61.70,79.80,79.80,61.70,-53.54,-42.20,1,Dragon Wave_GZ2,149.00,6.21days
17/10/2025 06:00:04,buy,0.10,AUDCHF,0.51162,23/10/2025 09:00:41,0.51740,0.00,2.43,57.80,74.94,78.80,61.70,-45.55,-35.90,1,Dragon Wave_BZ2,147.01,6.13days
20/10/2025 18:00:21,buy,0.10,EURCHF,0.92169,23/10/2025 06:00:26,0.92466,0.00,1.26,29.70,38.50,38.50,29.70,-16.42,-13.20,1,Dragon Wave_FZ2,60.00,2.50days
17/10/2025 05:00:03,buy,0.10,CADCHF,0.56342,22/10/2025 19:00:23,0.56929,0.00,0.75,58.70,74.50,76.21,60.10,-37.30,-29.40,1,Dragon Wave_CZ2,134.01,5.58days
09/10/2025 18:05:24,sell,0.10,USDCAD,1.40045,22/10/2025 17:23:53,1.39851,0.00,-6.74,19.40,7.13,17.29,25.00,-55.64,-75.80,1,Dragon Wave_OZ2[tp],311.31,12.97days
09/10/2025 18:05:23,sell,0.10,USDCAD,1.40045,22/10/2025 17:22:25,1.39865,0.00,-6.74,18.00,6.13,17.29,25.00,-55.64,-75.80,1,Dragon Wave_JZ2[tp],311.28,12.97days
09/10/2025 18:05:20,sell,0.10,USDCAD,1.40045,22/10/2025 17:22:16,1.39870,0.00,-6.74,17.50,5.77,17.29,25.00,-55.64,-75.80,1,Dragon Wave_CZ2[tp],311.28,12.97days
09/10/2025 18:05:23,sell,0.10,USDCAD,1.40045,22/10/2025 17:10:27,1.39934,0.00,-6.74,11.10,1.19,17.29,25.00,-55.64,-75.80,1,Dragon Wave_LZ2[tp],311.08,12.96days
16/10/2025 22:00:25,buy,0.10,CADCHF,0.56465,22/10/2025 17:00:43,0.56882,0.00,0.99,41.70,53.34,55.70,43.60,-52.67,-41.70,1,Dragon Wave_LZ2,139.00,5.79days
17/10/2025 04:00:16,buy,0.10,CADCHF,0.56372,22/10/2025 17:00:39,0.56882,0.00,0.75,51.00,64.77,67.13,52.90,-41.11,-32.40,1,Dragon Wave_JZ2,133.01,5.54days
17/10/2025 06:00:26,buy,0.10,AUDCHF,0.51160,22/10/2025 10:00:49,0.51747,0.00,1.22,58.70,75.04,79.05,61.90,-45.30,-35.70,1,Dragon Wave_IZ2,124.01,5.17days
17/10/2025 07:00:18,sell,0.10,GBPAUD,2.07915,22/10/2025 09:20:01,2.04959,0.00,-1.66,295.60,190.68,190.68,295.60,-30.75,-47.70,1,Dragon Wave_JZ2[tp],122.33,5.10days
09/10/2025 18:05:21,sell,0.10,USDCAD,1.40047,22/10/2025 09:10:59,1.39966,0.00,-6.74,8.10,-0.95,17.44,25.20,-55.50,-75.60,1,Dragon Wave_EZ2[tp],303.09,12.63days
17/10/2025 07:00:19,sell,0.10,GBPAUD,2.07917,22/10/2025 09:07:04,2.05046,0.00,-1.66,287.10,185.13,185.13,287.10,-30.62,-47.50,1,Dragon Wave_LZ2[tp],122.11,5.09days
14/10/2025 10:00:31,buy,0.10,NZDUSD,0.56951,22/10/2025 09:00:19,0.57533,0.00,-2.74,58.20,55.46,58.06,60.80,-12.80,-12.80,1,Dragon Wave_JZ2,191.00,7.96days
17/10/2025 07:00:08,sell,0.10,GBPAUD,2.07936,22/10/2025 09:00:09,2.05365,0.00,-1.66,257.10,165.53,165.53,257.10,-29.40,-45.60,1,Dragon Wave_GZ2[tp],122.00,5.08days
17/10/2025 09:00:29,sell,0.10,GBPAUD,2.07987,22/10/2025 09:00:08,2.05471,0.00,-1.66,251.60,161.96,161.96,251.60,-26.11,-40.50,1,Dragon Wave_NZ2[tp],119.99,5.00days
17/10/2025 07:00:05,sell,0.10,GBPAUD,2.07938,22/10/2025 09:00:08,2.05445,0.00,-1.66,249.30,160.47,160.47,249.30,-29.27,-45.40,1,Dragon Wave_EZ2[tp],122.00,5.08days
14/10/2025 08:00:29,buy,0.10,NZDUSD,0.57065,22/10/2025 08:00:25,0.57521,0.00,-2.74,45.60,42.86,43.54,45.60,-24.20,-24.20,1,Dragon Wave_LZ2,192.00,8.00days
17/10/2025 05:00:26,buy,0.10,NZDCHF,0.45266,22/10/2025 03:04:17,0.45762,0.00,0.62,49.60,62.87,62.87,49.60,-29.56,-23.30,1,Dragon Wave_GZ2,118.06,4.92days
16/10/2025 20:12:51,buy,0.10,CADCHF,0.56545,22/10/2025 03:00:24,0.56826,0.00,0.99,28.10,36.26,36.26,28.10,-62.82,-49.70,1,Dragon Wave_GZ2,126.79,5.28days
17/10/2025 09:00:27,buy,0.25,CADCHF,0.56233,22/10/2025 03:00:23,0.56826,0.00,1.89,59.30,187.97,187.97,59.30,-58.68,-18.50,1,Dragon Wave_GZ3,114.00,4.75days
17/10/2025 07:00:18,buy,0.10,AUDCHF,0.51127,22/10/2025 02:00:36,0.51699,0.00,1.22,57.20,73.03,75.30,59.30,-41.11,-32.40,1,Dragon Wave_KZ2,115.00,4.79days
17/10/2025 05:00:30,buy,0.10,NZDCHF,0.45267,21/10/2025 23:00:30,0.45732,0.00,0.41,46.50,58.81,59.32,46.90,-29.69,-23.40,1,Dragon Wave_NZ2,114.00,4.75days
17/10/2025 05:00:27,buy,0.10,NZDCHF,0.45266,21/10/2025 17:52:59,0.45634,0.00,0.41,36.80,46.66,46.66,36.80,-29.56,-23.30,1,Dragon Wave_IZ2[tp],108.88,4.54days
17/10/2025 10:00:09,buy,0.10,NZDCHF,0.45219,21/10/2025 17:49:30,0.45604,0.00,0.41,38.50,48.83,48.83,38.50,-23.60,-18.60,1,Dragon Wave_KZ2[tp],103.82,4.33days
17/10/2025 05:00:25,buy,0.10,NZDCHF,0.45266,21/10/2025 17:47:53,0.45602,0.00,0.41,33.60,42.66,42.66,33.60,-29.56,-23.30,1,Dragon Wave_BZ2[tp],108.79,4.53days
16/10/2025 21:11:13,buy,0.10,AUDCHF,0.51378,21/10/2025 17:37:56,0.51595,0.00,1.23,21.70,28.53,37.00,28.70,-72.55,-57.50,1,Dragon Wave_DZ2[tp],116.45,4.85days
16/10/2025 21:11:14,buy,0.10,AUDCHF,0.51377,21/10/2025 16:00:40,0.51660,0.00,1.23,28.30,36.81,37.13,28.80,-72.42,-57.40,1,Dragon Wave_FZ2,114.82,4.78days
17/10/2025 10:00:05,buy,0.10,NZDCHF,0.45216,21/10/2025 15:54:56,0.45563,0.00,0.41,34.70,44.01,44.01,34.70,-23.22,-18.30,1,Dragon Wave_DZ2[tp],101.91,4.25days
16/10/2025 21:07:45,buy,0.25,NZDCHF,0.45446,21/10/2025 15:54:53,0.45562,0.00,1.50,11.60,37.94,37.94,11.60,-130.51,-41.30,1,Dragon Wave_FZ3[tp],114.79,4.78days
14/10/2025 09:00:26,buy,0.10,NZDCHF,0.45727,21/10/2025 15:54:53,0.45562,0.00,1.39,-16.50,-19.34,16.93,13.40,-87.08,-69.40,1,Dragon Wave_FZ2[tp],174.91,7.29days
17/10/2025 03:00:12,buy,0.10,CADCHF,0.56390,21/10/2025 15:33:41,0.56772,0.00,0.50,38.20,48.51,48.51,38.20,-43.39,-34.20,1,Dragon Wave_EZ2[tp],108.56,4.52days
17/10/2025 09:00:29,buy,0.25,CADCHF,0.56233,21/10/2025 15:33:35,0.56769,0.00,1.25,53.60,169.67,169.67,53.60,-58.68,-18.50,1,Dragon Wave_NZ3[tp],102.55,4.27days
16/10/2025 20:12:52,buy,0.10,CADCHF,0.56545,21/10/2025 15:33:35,0.56769,0.00,0.74,22.40,28.89,28.89,22.40,-62.82,-49.70,1,Dragon Wave_NZ2[tp],115.35,4.81days
14/10/2025 13:00:18,sell,0.25,USDCAD,1.40688,21/10/2025 15:33:18,1.40176,0.00,-10.78,51.20,80.53,100.68,61.60,-20.42,-11.50,1,Dragon Wave_GZ3[tp],170.55,7.11days
02/10/2025 18:00:10,sell,0.10,USDCAD,1.39733,21/10/2025 15:33:18,1.40176,0.00,-10.33,-44.30,-41.93,25.94,39.50,-82.00,-107.00,1,Dragon Wave_GZ2[tp],453.55,18.90days
17/10/2025 10:00:01,buy,0.25,CADCHF,0.56149,21/10/2025 15:33:01,0.56754,0.00,1.25,60.50,191.35,191.35,60.50,-32.04,-10.10,1,Dragon Wave_IZ3[tp],101.55,4.23days
16/10/2025 21:01:08,buy,0.10,CADCHF,0.56525,21/10/2025 15:33:01,0.56754,0.00,0.74,22.90,29.52,29.52,22.90,-60.28,-47.70,1,Dragon Wave_IZ2[tp],114.53,4.77days
16/10/2025 22:00:17,buy,0.10,CADCHF,0.56458,21/10/2025 15:32:23,0.56740,0.00,0.74,28.20,36.18,36.18,28.20,-51.78,-41.00,1,Dragon Wave_KZ2[tp],113.53,4.73days
17/10/2025 09:00:25,buy,0.25,CADCHF,0.56232,21/10/2025 15:30:14,0.56729,0.00,1.25,49.70,157.41,157.41,49.70,-58.37,-18.40,1,Dragon Wave_BZ3[tp],102.50,4.27days
16/10/2025 20:12:50,buy,0.10,CADCHF,0.56545,21/10/2025 15:30:14,0.56729,0.00,0.74,18.40,23.86,23.86,18.40,-62.82,-49.70,1,Dragon Wave_BZ2[tp],115.29,4.80days
16/10/2025 22:00:15,buy,0.10,CADCHF,0.56460,21/10/2025 15:30:01,0.56680,0.00,0.74,22.00,28.39,28.39,22.00,-52.03,-41.20,1,Dragon Wave_FZ2[tp],113.50,4.73days
16/10/2025 22:00:12,buy,0.10,CADCHF,0.56460,21/10/2025 15:30:00,0.56672,0.00,0.74,21.20,27.39,27.39,21.20,-52.03,-41.20,1,Dragon Wave_DZ2[tp],113.50,4.73days
16/10/2025 22:00:01,buy,0.10,CADCHF,0.56457,21/10/2025 14:00:31,0.56538,0.00,0.74,8.10,10.93,26.18,20.40,-51.65,-40.90,1,Dragon Wave_AZ2,112.01,4.67days
14/10/2025 12:23:04,buy,0.10,AUDUSD,0.64570,21/10/2025 04:00:25,0.65225,0.00,-1.12,65.50,64.38,65.88,67.00,-17.20,-17.20,1,Dragon Wave_NZ2,159.62,6.65days
14/10/2025 13:00:22,buy,0.10,AUDUSD,0.64488,21/10/2025 04:00:21,0.65225,0.00,-1.12,73.70,72.58,74.08,75.20,-9.00,-9.00,1,Dragon Wave_GZ2,159.00,6.62days
16/10/2025 22:00:04,buy,0.25,NZDCHF,0.45413,20/10/2025 18:37:33,0.45516,0.00,0.98,10.30,33.52,40.06,12.40,-120.05,-38.00,1,Dragon Wave_AZ3[tp],92.62,3.86days
14/10/2025 09:00:26,buy,0.10,NZDCHF,0.45727,20/10/2025 18:37:33,0.45516,0.00,1.18,-21.10,-25.48,16.93,13.40,-87.08,-69.40,1,Dragon Wave_AZ2[tp],153.62,6.40days
14/10/2025 13:00:29,buy,0.10,AUDUSD,0.64493,20/10/2025 18:00:20,0.65097,0.00,-0.95,60.40,59.45,72.64,72.80,-9.50,-9.50,1,Dragon Wave_IZ2,149.00,6.21days
17/10/2025 05:00:17,sell,0.10,GBPNZD,2.34968,20/10/2025 17:00:23,2.33609,0.00,-0.99,135.90,76.99,76.99,135.90,-8.40,-14.70,1,Dragon Wave_BZ2[tp],84.00,3.50days
17/10/2025 11:00:06,sell,0.10,EURAUD,1.81196,20/10/2025 16:53:38,1.79149,0.00,0.25,204.70,133.36,135.56,207.70,-12.58,-19.50,1,Dragon Wave_FZ2[tp],77.89,3.25days
16/10/2025 20:10:59,sell,0.10,EURAUD,1.80129,20/10/2025 16:49:29,1.79185,0.00,0.50,94.40,61.88,66.30,101.00,-88.59,-137.80,1,Dragon Wave_DZ2[tp],92.64,3.86days
16/10/2025 16:00:13,sell,0.10,GBPCAD,1.88904,20/10/2025 13:59:17,1.88188,0.00,-2.10,71.60,48.92,55.99,81.50,-18.85,-25.00,1,Dragon Wave_AZ2[tp],93.98,3.92days
16/10/2025 21:11:12,buy,0.10,AUDCHF,0.51386,20/10/2025 04:19:38,0.51678,0.00,0.82,29.20,37.63,37.63,29.20,-73.56,-58.30,1,Dragon Wave_AZ2[tp],79.14,3.30days
14/10/2025 13:00:30,buy,0.10,AUDUSD,0.64493,20/10/2025 04:19:38,0.65144,0.00,-0.95,65.10,64.15,72.64,72.80,-9.50,-9.50,1,Dragon Wave_KZ2[tp],135.32,5.64days
17/10/2025 07:00:03,sell,0.10,EURCAD,1.64443,17/10/2025 23:29:23,1.63421,0.00,0.00,102.20,72.93,72.93,102.20,-15.80,-22.20,1,Dragon Wave_AZ2[tp],16.49,16.49hrs
14/10/2025 10:00:05,sell,0.25,USDCAD,1.40539,17/10/2025 22:00:28,1.40158,0.00,-7.71,38.10,60.25,60.25,38.10,-46.87,-26.40,1,Dragon Wave_IZ3,84.01,3.50days
09/10/2025 18:05:21,sell,0.10,USDCAD,1.40044,17/10/2025 22:00:28,1.40158,0.00,-4.90,-11.40,-13.03,17.22,24.90,-55.72,-75.90,1,Dragon Wave_IZ2,195.92,8.16days
13/10/2025 22:00:10,sell,0.10,USDCAD,1.40357,17/10/2025 21:16:47,1.40169,0.00,-3.71,18.80,9.70,9.70,18.80,-32.30,-44.60,1,Dragon Wave_KZ2[tp],95.28,3.97days
14/10/2025 13:00:21,buy,0.10,AUDUSD,0.64489,17/10/2025 14:15:15,0.65015,0.00,-0.79,52.60,51.81,73.04,73.20,-9.10,-9.10,1,Dragon Wave_BZ2[tp],73.25,3.05days
14/10/2025 12:23:04,buy,0.25,AUDUSD,0.64570,17/10/2025 14:14:55,0.64958,0.00,-1.99,38.80,95.01,162.35,65.10,-43.00,-17.20,1,Dragon Wave_FZ3[tp],73.86,3.08days
10/10/2025 19:04:15,buy,0.10,AUDUSD,0.64913,17/10/2025 14:14:55,0.64958,0.00,-1.12,4.50,3.38,38.13,38.30,-51.83,-51.50,1,Dragon Wave_FZ2[tp],163.18,6.80days
09/10/2025 18:14:08,sell,0.25,USDJPY,153.10500,17/10/2025 10:00:30,149.69700,0.00,-25.98,340.80,543.17,553.25,346.70,-29.54,-16.20,1,Dragon Wave_MZ3,183.77,7.66days
07/10/2025 22:00:15,sell,0.10,USDJPY,151.81900,17/10/2025 10:00:30,149.69100,0.00,-15.42,212.80,126.74,130.33,218.10,-100.75,-144.80,1,Dragon Wave_MZ2,228.00,9.50days
07/10/2025 22:00:11,sell,0.10,USDJPY,151.81700,17/10/2025 07:00:29,149.99700,0.00,-15.42,182.00,105.92,110.71,189.10,-100.88,-145.00,1,Dragon Wave_HZ2,225.00,9.38days
09/10/2025 04:00:25,sell,0.10,EURJPY,177.72200,17/10/2025 07:00:13,175.65200,0.00,-5.59,207.00,132.40,148.96,229.40,-11.76,-18.00,1,Dragon Wave_JZ2,195.00,8.12days
24/09/2025 06:00:26,sell,0.10,AUDNZD,1.12964,17/10/2025 06:52:38,1.12925,0.00,-7.72,3.90,-5.49,2.93,5.90,-89.72,-148.90,1,Dragon Wave_MZ2[tp],552.87,23.04days
07/10/2025 22:00:17,sell,0.10,USDJPY,151.81600,17/10/2025 03:00:20,150.14700,0.00,-15.42,166.90,95.74,101.26,175.10,-100.94,-145.10,1,Dragon Wave_OZ2,221.00,9.21days
08/10/2025 04:00:07,sell,0.25,GBPJPY,204.35300,16/10/2025 19:46:41,201.75300,0.00,-40.19,260.00,392.24,460.77,294.40,-158.40,-96.90,1,Dragon Wave_MZ3[tp],207.78,8.66days
07/10/2025 18:00:31,sell,0.10,GBPJPY,203.05700,16/10/2025 19:46:41,201.75300,0.00,-17.65,130.40,69.10,97.44,164.80,-149.67,-226.50,1,Dragon Wave_MZ2[tp],217.77,9.07days
07/10/2025 23:00:12,sell,0.10,USDJPY,151.92900,16/10/2025 19:33:15,150.33700,0.00,-14.10,159.20,91.80,91.80,159.20,-93.57,-133.80,1,Dragon Wave_JZ2[tp],212.55,8.86days
08/10/2025 03:00:22,sell,0.25,GBPJPY,204.11800,16/10/2025 19:33:12,201.78700,0.00,-40.19,233.10,347.41,422.10,270.90,-196.82,-120.40,1,Dragon Wave_HZ3[tp],208.55,8.69days
07/10/2025 04:00:11,sell,0.10,GBPJPY,202.89900,16/10/2025 19:33:12,201.78700,0.00,-17.65,111.20,56.31,87.04,149.00,-160.01,-242.30,1,Dragon Wave_HZ2[tp],231.55,9.65days
07/10/2025 22:00:08,sell,0.10,USDJPY,151.81800,16/10/2025 19:32:58,150.36600,0.00,-14.10,145.20,82.46,82.46,145.20,-100.81,-144.90,1,Dragon Wave_CZ2[tp],213.55,8.90days
14/10/2025 12:23:02,buy,0.10,AUDUSD,0.64571,16/10/2025 17:55:21,0.65054,0.00,-0.63,48.30,47.67,64.84,65.00,-17.30,-17.30,1,Dragon Wave_DZ2[tp],53.54,2.23days
15/10/2025 20:00:12,sell,0.10,EURNZD,2.03467,16/10/2025 04:45:34,2.03080,0.00,-0.16,38.70,22.09,22.09,38.70,-22.56,-39.20,1,Dragon Wave_AZ2[tp],8.76,8.76hrs
29/09/2025 18:00:27,sell,0.63,AUDNZD,1.13657,16/10/2025 04:44:33,1.13064,0.00,-37.92,59.30,176.68,176.68,59.30,-306.01,-79.60,1,Dragon Wave_JZ4[tp],394.74,16.45days
18/09/2025 12:00:16,sell,0.25,AUDNZD,1.12635,16/10/2025 04:44:33,1.13064,0.00,-20.73,-42.90,-82.34,46.41,32.00,-273.90,-181.80,1,Dragon Wave_JZ3[tp],664.74,27.70days
03/09/2025 05:00:26,sell,0.10,AUDNZD,1.11354,16/10/2025 04:44:33,1.13064,0.00,-13.03,-171.00,-111.26,24.91,44.30,-187.87,-309.90,1,Dragon Wave_JZ2[tp],1031.74,42.99days
29/09/2025 21:00:23,sell,0.63,AUDNZD,1.13763,16/10/2025 03:38:48,1.13155,0.00,-37.92,60.80,181.51,202.11,60.80,-267.64,-69.00,1,Dragon Wave_CZ4[tp],390.64,16.28days
18/09/2025 12:00:03,sell,0.25,AUDNZD,1.12638,16/10/2025 03:38:48,1.13155,0.00,-20.73,-51.70,-94.78,46.85,32.30,-273.47,-181.50,1,Dragon Wave_CZ3[tp],663.65,27.65days
03/09/2025 05:00:07,sell,0.10,AUDNZD,1.11356,16/10/2025 03:38:48,1.13155,0.00,-13.03,-179.90,-116.09,25.03,44.50,-187.75,-309.70,1,Dragon Wave_CZ2[tp],1030.64,42.94days
08/10/2025 03:00:31,sell,0.10,USDJPY,152.08300,16/10/2025 03:34:12,150.54500,0.00,-12.84,153.80,89.32,89.32,153.80,-82.26,-118.40,1,Dragon Wave_LZ2[tp],192.56,8.02days
08/10/2025 04:00:27,sell,0.10,USDJPY,152.38600,16/10/2025 03:17:58,150.75500,0.00,-12.84,163.10,95.35,95.35,163.10,-62.49,-88.10,1,Dragon Wave_EZ2[tp],191.29,7.97days
08/10/2025 03:00:26,sell,0.10,CADJPY,108.99200,16/10/2025 01:47:09,107.38000,0.00,-5.23,161.20,101.69,101.69,161.20,-50.73,-75.40,1,Dragon Wave_MZ2[tp],190.78,7.95days
08/10/2025 04:00:32,sell,0.10,USDJPY,152.39700,16/10/2025 01:47:03,150.77800,0.00,-12.84,161.90,94.54,94.54,161.90,-61.77,-87.00,1,Dragon Wave_GZ2[tp],189.78,7.91days
08/10/2025 04:00:26,sell,0.10,CADJPY,109.19300,15/10/2025 20:15:38,107.50700,0.00,-3.60,168.60,107.95,107.95,168.60,-37.61,-55.30,1,Dragon Wave_HZ2[tp],184.25,7.68days
10/10/2025 14:00:36,buy,0.10,GBPUSD,1.32658,15/10/2025 09:14:45,1.33667,0.00,-0.53,100.90,100.37,100.37,100.90,-15.86,-15.50,1,Dragon Wave_KZ2[tp],115.24,4.80days
14/10/2025 13:00:19,buy,0.25,AUDUSD,0.64490,15/10/2025 09:14:24,0.65188,0.00,-0.40,69.80,174.10,174.10,69.80,-23.00,-9.20,1,Dragon Wave_AZ3[tp],20.23,20.23hrs
10/10/2025 19:04:14,buy,0.10,AUDUSD,0.64913,15/10/2025 09:14:24,0.65188,0.00,-0.49,27.50,27.01,38.13,38.30,-51.83,-51.50,1,Dragon Wave_AZ2[tp],110.17,4.59days
08/10/2025 05:00:05,sell,0.10,USDJPY,152.59500,15/10/2025 06:00:30,151.04000,0.00,-8.89,155.50,94.06,94.06,155.50,-48.86,-67.20,1,Dragon Wave_NZ2,169.01,7.04days
07/10/2025 20:00:34,sell,0.10,CHFJPY,189.80900,15/10/2025 06:00:30,188.74900,0.00,-0.06,106.00,70.12,70.12,106.00,-89.38,-136.70,1,Dragon Wave_NZ2,178.00,7.42days
08/10/2025 05:00:24,sell,0.10,CADJPY,109.27800,15/10/2025 06:00:27,107.62000,0.00,-3.60,165.80,106.17,106.17,165.80,-32.06,-46.80,1,Dragon Wave_OZ2,169.00,7.04days
08/10/2025 05:00:24,sell,0.10,CADJPY,109.27800,15/10/2025 06:00:24,107.62200,0.00,-3.60,165.60,106.04,106.04,165.60,-32.06,-46.80,1,Dragon Wave_JZ2,169.00,7.04days
08/10/2025 05:00:23,sell,0.10,CADJPY,109.27800,15/10/2025 06:00:16,107.62800,0.00,-3.60,165.00,105.63,105.63,165.00,-32.06,-46.80,1,Dragon Wave_CZ2,169.00,7.04days
09/10/2025 04:00:27,sell,0.10,EURJPY,177.74000,15/10/2025 06:00:12,175.55400,0.00,-2.73,218.60,141.99,150.15,231.20,-10.58,-16.20,1,Dragon Wave_LZ2,146.00,6.08days
07/10/2025 21:00:09,sell,0.10,CHFJPY,189.93000,15/10/2025 05:40:06,188.77100,0.00,-0.06,115.90,76.66,76.66,115.90,-81.46,-124.60,1,Dragon Wave_BZ2[tp],176.67,7.36days
08/10/2025 04:00:00,sell,0.10,USDJPY,152.30600,15/10/2025 05:15:18,151.13200,0.00,-8.89,117.40,68.79,68.79,117.40,-67.71,-96.10,1,Dragon Wave_BZ2[tp],169.25,7.05days
08/10/2025 04:00:31,sell,0.10,CADJPY,109.19700,15/10/2025 05:00:31,107.80200,0.00,-3.60,139.50,88.59,88.59,139.50,-37.35,-54.90,1,Dragon Wave_LZ2,169.00,7.04days
08/10/2025 03:00:29,sell,0.10,USDJPY,152.08300,15/10/2025 05:00:28,151.31700,0.00,-8.89,76.60,41.73,51.99,86.20,-82.26,-118.40,1,Dragon Wave_IZ2,170.00,7.08days
09/10/2025 22:00:14,buy,0.10,EURUSD,1.15489,15/10/2025 05:00:21,1.16185,0.00,-3.46,69.60,66.14,77.02,78.80,-5.92,-3.30,1,Dragon Wave_KZ2,127.00,5.29days
07/10/2025 22:00:08,sell,0.10,CHFJPY,190.22600,15/10/2025 05:00:19,189.02400,0.00,-0.06,120.20,79.38,87.92,133.60,-62.11,-95.00,1,Dragon Wave_IZ2,175.00,7.29days
08/10/2025 04:00:34,sell,0.10,USDJPY,152.38900,15/10/2025 03:46:04,151.52500,0.00,-8.89,86.40,48.13,72.23,116.80,-62.30,-87.80,1,Dragon Wave_KZ2[tp],167.76,6.99days
08/10/2025 03:00:19,sell,0.25,GBPJPY,204.11300,14/10/2025 15:43:56,201.37600,0.00,-23.64,273.70,426.62,426.62,273.70,-197.64,-120.90,1,Dragon Wave_CZ3[tp],156.73,6.53days
07/10/2025 04:00:10,sell,0.10,GBPJPY,202.89700,14/10/2025 15:43:56,201.37600,0.00,-11.03,152.10,89.06,89.06,152.10,-160.14,-242.50,1,Dragon Wave_CZ2[tp],179.73,7.49days
08/10/2025 04:00:23,sell,0.10,CADJPY,109.19500,14/10/2025 14:00:30,107.96600,0.00,-3.06,122.90,77.82,78.34,123.70,-37.48,-55.10,1,Dragon Wave_GZ2,154.00,6.42days
﻿07/10/2025 04:00:16,sell,0.10,GBPJPY,202.89900,14/10/2025 11:01:23,201.50900,0.00,-11.03,139.00,80.40,87.04,149.00,-160.01,-242.30,1,Dragon Wave_JZ2,175.02,7.29days
08/10/2025 03:00:23,sell,0.25,GBPJPY,204.11700,14/10/2025 11:01:22,201.50300,0.00,-23.64,261.40,406.24,421.94,270.80,-196.98,-120.50,1,Dragon Wave_JZ3,152.02,6.33days
08/10/2025 13:00:10,sell,0.10,EURJPY,177.60200,14/10/2025 10:42:49,175.44300,0.00,-3.98,215.90,138.16,138.16,215.90,-21.55,-30.00,1,Dragon Wave_GZ2[tp],141.71,5.90days
08/10/2025 03:00:23,sell,0.25,GBPJPY,204.11400,14/10/2025 09:36:00,201.66400,0.00,-23.64,245.00,379.63,379.63,245.00,-197.47,-120.80,1,Dragon Wave_LZ3[tp],150.59,6.27days
07/10/2025 04:00:25,sell,0.10,GBPJPY,202.88700,14/10/2025 09:36:00,201.66400,0.00,-11.03,122.30,69.49,69.49,122.30,-160.79,-243.50,1,Dragon Wave_LZ2[tp],173.59,7.23days
08/10/2025 03:00:28,sell,0.25,GBPJPY,204.10300,14/10/2025 09:34:45,201.70100,0.00,-23.64,240.20,371.87,371.87,240.20,-199.27,-121.90,1,Dragon Wave_OZ3[tp],150.57,6.27days
07/10/2025 04:00:25,sell,0.10,GBPJPY,202.88700,14/10/2025 09:34:45,201.70100,0.00,-11.03,118.60,67.08,67.08,118.60,-160.79,-243.50,1,Dragon Wave_OZ2[tp],173.57,7.23days
08/10/2025 13:00:03,sell,0.25,GBPJPY,205.02500,14/10/2025 09:25:56,201.78800,0.00,-23.64,323.70,509.48,509.48,323.70,-48.55,-29.70,1,Dragon Wave_GZ3[tp],140.43,5.85days
07/10/2025 20:00:11,sell,0.10,GBPJPY,203.43400,14/10/2025 09:25:56,201.78800,0.00,-11.03,164.60,97.40,97.40,164.60,-125.02,-188.80,1,Dragon Wave_GZ2[tp],157.43,6.56days
08/10/2025 11:00:24,sell,0.25,GBPJPY,204.66000,14/10/2025 09:23:01,201.81400,0.00,-23.64,284.60,445.20,445.20,284.60,-108.22,-66.20,1,Dragon Wave_EZ3[tp],142.38,5.93days
07/10/2025 18:00:26,sell,0.10,GBPJPY,203.05600,14/10/2025 09:23:01,201.81400,0.00,-11.03,124.20,70.81,70.81,124.20,-149.74,-226.60,1,Dragon Wave_EZ2[tp],159.38,6.64days
07/10/2025 20:00:19,sell,0.10,GBPJPY,203.43400,14/10/2025 09:21:54,201.88300,0.00,-11.03,155.10,91.15,91.15,155.10,-125.02,-188.80,1,Dragon Wave_NZ2[tp],157.36,6.56days
08/10/2025 14:00:12,sell,0.10,EURJPY,177.66300,14/10/2025 09:00:36,175.73200,0.00,-3.98,193.10,123.33,123.33,193.10,-17.57,-23.90,1,Dragon Wave_NZ2,139.01,5.79days
08/10/2025 12:00:17,sell,0.10,CADJPY,109.46700,14/10/2025 09:00:33,107.99000,0.00,-3.06,147.70,94.31,94.40,147.70,-19.72,-27.90,1,Dragon Wave_NZ2,141.00,5.88days
08/10/2025 03:00:23,sell,0.10,CHFJPY,190.40600,14/10/2025 09:00:25,189.08900,0.00,-0.02,131.70,86.81,86.81,131.70,-50.35,-77.00,1,Dragon Wave_KZ2,150.00,6.25days
08/10/2025 14:00:00,sell,0.10,EURJPY,177.67300,14/10/2025 07:11:57,175.89500,0.00,-3.98,177.80,113.08,119.53,184.70,-16.92,-22.90,1,Dragon Wave_BZ2[tp],137.20,5.72days
08/10/2025 03:00:16,sell,0.10,CHFJPY,190.41900,13/10/2025 15:00:15,189.14800,0.00,0.03,127.10,83.59,85.36,129.80,-49.50,-75.70,1,Dragon Wave_DZ2,132.00,5.50days
08/10/2025 04:00:22,sell,0.10,CHFJPY,190.62800,13/10/2025 14:00:23,189.27200,0.00,0.03,135.60,89.15,91.61,139.10,-35.83,-54.80,1,Dragon Wave_FZ2,130.00,5.42days
07/10/2025 20:00:12,sell,0.10,GBPJPY,203.43800,10/10/2025 23:53:49,201.92000,0.00,-7.81,151.80,92.51,92.51,151.80,-124.76,-188.40,1,Dragon Wave_IZ2[tp],75.89,3.16days
07/10/2025 20:00:06,sell,0.10,GBPJPY,203.41400,10/10/2025 23:53:07,201.95500,0.00,-7.81,145.90,88.60,88.60,145.90,-126.33,-190.80,1,Dragon Wave_BZ2[tp],75.88,3.16days
07/10/2025 20:00:17,sell,0.10,GBPJPY,203.43400,10/10/2025 23:00:33,202.38100,0.00,-7.81,105.30,61.65,63.05,107.40,-125.02,-188.80,1,Dragon Wave_KZ2,75.00,3.13days
08/10/2025 04:00:11,sell,0.10,CADJPY,109.19400,10/10/2025 18:31:21,108.23100,0.00,-2.01,96.30,61.55,61.55,96.30,-37.54,-55.20,1,Dragon Wave_EZ2[tp],62.52,2.60days
08/10/2025 13:00:16,sell,0.10,CADJPY,109.60700,10/10/2025 18:30:51,108.25000,0.00,-2.01,135.70,87.54,87.54,135.70,-10.58,-13.90,1,Dragon Wave_KZ2[tp],53.51,2.23days
08/10/2025 04:00:28,sell,0.10,USDJPY,152.38600,10/10/2025 18:30:00,151.61200,0.00,-5.01,77.40,46.04,46.04,77.40,-62.49,-88.10,1,Dragon Wave_FZ2[tp],62.49,2.60days
08/10/2025 12:00:11,sell,0.10,CADJPY,109.46200,10/10/2025 18:29:47,108.33500,0.00,-2.01,112.70,72.31,72.31,112.70,-20.05,-28.40,1,Dragon Wave_BZ2[tp],54.49,2.27days
09/10/2025 18:00:16,buy,0.10,EURUSD,1.15821,10/10/2025 18:29:08,1.16262,0.00,-0.89,44.10,43.21,43.21,44.10,-35.00,-35.00,1,Dragon Wave_FZ2[tp],24.48,1.02days
30/09/2025 08:00:30,sell,0.63,AUDNZD,1.14055,10/10/2025 18:27:26,1.13384,0.00,-22.68,67.10,219.46,311.38,88.20,-159.88,-39.80,1,Dragon Wave_OZ4[tp],250.45,10.44days
18/09/2025 12:00:35,sell,0.25,AUDNZD,1.12630,10/10/2025 18:27:26,1.13384,0.00,-15.51,-75.40,-123.48,45.68,31.50,-274.61,-182.30,1,Dragon Wave_OZ3[tp],534.45,22.27days
03/09/2025 05:00:30,sell,0.10,AUDNZD,1.11353,10/10/2025 18:27:26,1.13384,0.00,-10.93,-203.10,-127.27,24.85,44.20,-187.93,-310.00,1,Dragon Wave_OZ2[tp],901.45,37.56days
08/10/2025 13:00:08,sell,0.10,CADJPY,109.60400,10/10/2025 18:25:12,108.44200,0.00,-2.01,116.20,74.58,74.58,116.20,-10.78,-14.20,1,Dragon Wave_FZ2[tp],53.42,2.23days
08/10/2025 04:00:06,sell,0.10,USDJPY,152.37600,10/10/2025 18:21:48,151.72600,0.00,-5.01,65.00,37.83,37.83,65.00,-63.14,-89.10,1,Dragon Wave_DZ2[tp],62.36,2.60days
09/10/2025 19:32:30,sell,0.10,USDCHF,0.80640,10/10/2025 18:21:32,0.80130,0.00,-1.71,51.00,61.94,61.94,51.00,-19.54,-14.40,1,Dragon Wave_KZ2[tp],22.82,22.82hrs
09/10/2025 11:04:56,sell,0.10,CADJPY,109.71100,10/10/2025 18:21:14,108.48700,0.00,-0.50,122.40,80.16,80.16,122.40,-1.37,-2.10,1,Dragon Wave_DZ2[tp],31.27,1.30days
08/10/2025 08:00:21,sell,1.56,AUDNZD,1.14255,10/10/2025 18:18:33,1.13566,0.00,-16.94,68.90,599.18,599.18,68.90,-70.74,-7.90,1,Dragon Wave_LZ5[tp],58.30,2.43days
24/09/2025 18:00:03,sell,0.63,AUDNZD,1.13299,10/10/2025 18:18:33,1.13566,0.00,-33.20,-26.70,-129.62,38.44,12.60,-444.01,-115.40,1,Dragon Wave_LZ4[tp],384.31,16.01days
18/09/2025 12:00:20,sell,0.25,AUDNZD,1.12633,10/10/2025 18:18:33,1.13566,0.00,-15.51,-93.30,-149.22,46.12,31.80,-274.18,-182.00,1,Dragon Wave_LZ3[tp],534.30,22.26days
03/09/2025 05:00:27,sell,0.10,AUDNZD,1.11354,10/10/2025 18:18:33,1.13566,0.00,-10.93,-221.20,-137.73,24.91,44.30,-187.87,-309.90,1,Dragon Wave_LZ2[tp],901.30,37.55days
08/10/2025 08:00:16,sell,0.25,AUDNZD,1.14253,10/10/2025 18:18:20,1.13590,0.00,-2.71,66.30,92.29,92.29,66.30,-11.62,-8.10,1,Dragon Wave_EZ3[tp],58.30,2.43days
24/09/2025 17:00:10,sell,0.10,AUDNZD,1.13288,10/10/2025 18:18:20,1.13590,0.00,-5.27,-30.20,-22.57,5.46,11.50,-71.11,-116.50,1,Dragon Wave_EZ2[tp],385.30,16.05days
09/10/2025 08:00:32,sell,0.25,AUDJPY,100.72200,10/10/2025 18:18:12,98.95600,0.00,-1.65,176.60,288.91,288.91,176.60,-36.48,-22.30,1,Dragon Wave_JZ3[tp],34.29,1.43days
07/10/2025 21:00:19,sell,0.10,AUDJPY,99.78800,10/10/2025 18:18:12,98.95600,0.00,-3.32,83.20,51.44,51.44,83.20,-78.36,-115.70,1,Dragon Wave_JZ2[tp],69.30,2.89days
08/10/2025 19:00:18,sell,0.10,AUDJPY,100.49900,10/10/2025 18:16:35,99.06400,0.00,-2.65,143.50,91.77,91.77,143.50,-31.17,-44.60,1,Dragon Wave_CZ2[tp],47.27,1.97days
08/10/2025 13:00:24,sell,0.25,AUDJPY,100.36000,10/10/2025 18:16:35,99.06300,0.00,-6.62,129.70,206.73,206.73,129.70,-100.66,-58.50,1,Dragon Wave_LZ3[tp],53.27,2.22days
07/10/2025 05:00:15,sell,0.10,AUDJPY,99.52800,10/10/2025 18:16:35,99.06300,0.00,-3.32,46.50,27.28,27.28,46.50,-95.37,-141.70,1,Dragon Wave_LZ2[tp],85.27,3.55days
08/10/2025 04:00:05,sell,0.25,AUDJPY,100.11000,10/10/2025 18:16:08,99.09800,0.00,-6.62,101.20,159.85,159.85,101.20,-141.54,-83.50,1,Dragon Wave_GZ3[tp],62.27,2.59days
06/10/2025 22:00:10,sell,0.10,AUDJPY,99.45000,10/10/2025 18:16:08,99.09800,0.00,-3.99,35.20,19.17,19.17,35.20,-101.14,-149.50,1,Dragon Wave_GZ2[tp],92.27,3.84days
10/10/2025 14:00:35,buy,0.10,GBPUSD,1.32657,10/10/2025 18:09:40,1.33652,0.00,0.00,99.50,99.50,99.50,99.50,0.00,0.00,1,Dragon Wave_FZ2[tp],4.15,4.15hrs
09/10/2025 19:41:45,buy,0.10,EURUSD,1.15550,10/10/2025 18:09:37,1.16172,0.00,-0.89,62.20,61.31,61.31,62.20,-7.90,-7.90,1,Dragon Wave_DZ2[tp],22.46,22.46hrs
08/10/2025 03:00:13,sell,0.25,AUDJPY,100.06300,10/10/2025 18:09:33,99.17000,0.00,-6.62,89.30,140.32,140.32,89.30,-149.23,-88.20,1,Dragon Wave_EZ3[tp],63.16,2.63days
06/10/2025 22:00:03,sell,0.10,AUDJPY,99.45000,10/10/2025 18:09:33,99.17000,0.00,-3.99,28.00,14.44,14.80,28.00,-101.14,-149.50,1,Dragon Wave_EZ2[tp],92.16,3.84days
10/10/2025 14:00:34,buy,0.10,GBPUSD,1.32657,10/10/2025 18:09:11,1.33497,0.00,0.00,84.00,84.00,84.00,84.00,0.00,0.00,1,Dragon Wave_DZ2[tp],4.14,4.14hrs
08/10/2025 23:02:25,sell,0.10,NZDJPY,88.30500,10/10/2025 18:08:58,87.20400,0.00,-1.84,110.10,70.58,70.58,110.10,-19.27,-27.30,1,Dragon Wave_IZ2[tp],43.11,1.80days
08/10/2025 04:00:09,sell,0.25,AUDJPY,100.10500,10/10/2025 18:08:58,99.20500,0.00,-6.62,90.00,141.39,141.39,90.00,-142.36,-84.00,1,Dragon Wave_NZ3[tp],62.15,2.59days
06/10/2025 22:00:18,sell,0.10,AUDJPY,99.45500,10/10/2025 18:08:58,99.20500,0.00,-3.99,25.00,12.46,15.14,25.00,-100.81,-149.00,1,Dragon Wave_NZ2[tp],92.14,3.84days
09/10/2025 19:32:29,sell,0.25,USDCHF,0.80640,10/10/2025 18:08:36,0.80195,0.00,-4.28,44.50,134.44,134.44,44.50,-48.84,-14.40,1,Dragon Wave_FZ3[tp],22.60,22.60hrs
09/10/2025 11:05:52,sell,0.10,USDCHF,0.80342,10/10/2025 18:08:36,0.80195,0.00,-1.71,14.70,16.62,34.97,28.00,-56.42,-44.20,1,Dragon Wave_FZ2[tp],31.05,1.29days
10/10/2025 14:00:32,buy,0.10,GBPUSD,1.32660,10/10/2025 18:08:15,1.33407,0.00,0.00,74.70,74.70,74.70,74.70,0.00,0.00,1,Dragon Wave_AZ2[tp],4.13,4.13hrs
09/10/2025 17:38:53,sell,0.10,USDCHF,0.80455,10/10/2025 18:08:02,0.80237,0.00,-1.71,21.80,25.46,25.46,21.80,-42.44,-32.90,1,Dragon Wave_DZ2[tp],24.49,1.02days
09/10/2025 18:00:15,buy,0.25,EURUSD,1.15821,10/10/2025 18:07:46,1.16068,0.00,-2.22,24.70,59.53,59.53,24.70,-87.50,-35.00,1,Dragon Wave_AZ3[tp],24.13,1.01days
08/10/2025 05:00:34,buy,0.10,EURUSD,1.16252,10/10/2025 18:07:46,1.16068,0.00,-3.55,-18.40,-21.95,19.64,22.30,-80.76,-78.10,1,Dragon Wave_AZ2[tp],61.12,2.55days
09/10/2025 18:14:07,sell,0.10,USDJPY,153.10600,10/10/2025 18:07:19,152.09500,0.00,-1.25,101.10,65.22,65.22,101.10,-11.76,-16.10,1,Dragon Wave_AZ2[tp],23.89,23.89hrs
09/10/2025 19:32:28,sell,0.25,USDCHF,0.80640,10/10/2025 18:06:49,0.80286,0.00,-4.28,35.40,105.95,105.95,35.40,-48.84,-14.40,1,Dragon Wave_AZ3[tp],22.57,22.57hrs
08/10/2025 20:00:13,sell,0.10,USDCHF,0.80216,10/10/2025 18:06:49,0.80286,0.00,-6.87,-7.00,-15.59,16.58,17.40,-77.18,-56.80,1,Dragon Wave_AZ2[tp],46.11,1.92days
08/10/2025 10:00:24,buy,0.10,EURCAD,1.62228,10/10/2025 18:05:32,1.62367,0.00,-1.61,13.90,8.32,13.01,20.50,-35.92,-48.00,1,Dragon Wave_AZ2[tp],56.09,2.34days
10/10/2025 16:00:16,buy,0.10,GBPCAD,1.85701,10/10/2025 18:05:29,1.86562,0.00,0.00,86.10,61.50,61.50,86.10,-4.65,-6.50,1,Dragon Wave_AZ2[tp],2.09,2.09hrs
10/10/2025 16:00:03,sell,0.10,CADCHF,0.57601,10/10/2025 18:04:26,0.57383,0.00,0.00,21.80,27.14,27.14,21.80,-3.72,-3.00,1,Dragon Wave_AZ2[tp],2.07,2.07hrs
09/10/2025 15:00:07,sell,0.63,AUDJPY,100.79100,10/10/2025 18:04:08,99.31900,0.00,-4.16,147.20,605.03,605.03,147.20,-63.48,-15.40,1,Dragon Wave_IZ4[tp],27.07,1.13days
09/10/2025 09:00:06,sell,0.63,AUDJPY,100.78600,10/10/2025 18:04:08,99.31700,0.00,-4.16,146.90,603.79,603.79,146.90,-65.54,-15.90,1,Dragon Wave_BZ4[tp],33.07,1.38days
07/10/2025 21:00:15,sell,0.25,AUDJPY,99.78700,10/10/2025 18:04:08,99.31900,0.00,-8.28,46.80,68.58,68.58,46.80,-196.04,-115.80,1,Dragon Wave_IZ3[tp],69.06,2.88days
07/10/2025 21:00:03,sell,0.25,AUDJPY,99.79200,10/10/2025 18:04:08,99.31700,0.00,-8.28,47.50,69.73,69.73,47.50,-195.22,-115.30,1,Dragon Wave_BZ3[tp],69.07,2.88days
06/10/2025 08:00:17,sell,0.10,AUDJPY,99.25800,10/10/2025 18:04:08,99.31900,0.00,-3.99,-6.10,-8.00,22.22,33.30,-113.70,-168.70,1,Dragon Wave_IZ2[tp],106.06,4.42days
06/10/2025 08:00:13,sell,0.10,AUDJPY,99.25400,10/10/2025 18:04:08,99.31700,0.00,-3.99,-6.30,-8.13,21.95,32.90,-113.96,-169.10,1,Dragon Wave_BZ2[tp],106.07,4.42days
07/10/2025 22:00:19,sell,0.25,AUDJPY,99.96100,10/10/2025 18:02:57,99.39400,0.00,-8.28,56.70,84.81,84.81,56.70,-167.58,-98.40,1,Dragon Wave_KZ3[tp],68.04,2.84days
06/10/2025 08:00:24,sell,0.10,AUDJPY,99.25900,10/10/2025 18:02:57,99.39400,0.00,-3.99,-13.50,-12.86,22.28,33.40,-113.64,-168.60,1,Dragon Wave_KZ2[tp],106.04,4.42days
08/10/2025 03:00:10,sell,0.10,NZDJPY,88.16100,10/10/2025 18:01:22,87.42800,0.00,-1.84,73.30,46.28,46.28,73.30,-28.71,-41.70,1,Dragon Wave_KZ2[tp],63.02,2.63days
09/09/2025 08:00:28,sell,0.10,AUDCAD,0.91199,10/10/2025 18:00:15,0.91505,0.00,-12.20,-30.60,-34.06,25.10,40.70,-97.76,-122.60,1,Dragon Wave_MZ2,754.00,31.42days
11/09/2025 17:00:26,sell,0.25,AUDCAD,0.91850,10/10/2025 18:00:14,0.91495,0.00,-27.27,35.50,36.14,184.00,105.80,-124.63,-57.50,1,Dragon Wave_MZ3,697.00,29.04days
08/10/2025 13:00:22,sell,0.25,AUDJPY,100.36100,10/10/2025 17:59:24,99.67300,0.00,-6.62,68.80,106.21,106.21,68.80,-100.49,-58.40,1,Dragon Wave_FZ3[tp],52.98,2.21days
08/10/2025 13:00:21,sell,0.25,AUDJPY,100.36100,10/10/2025 17:59:24,99.67400,0.00,-6.62,68.70,106.05,106.05,68.70,-100.49,-58.40,1,Dragon Wave_DZ3[tp],52.98,2.21days
07/10/2025 03:00:21,sell,0.10,AUDJPY,99.48900,10/10/2025 17:59:24,99.67300,0.00,-3.32,-18.40,-15.39,18.06,27.20,-97.92,-145.60,1,Dragon Wave_FZ2[tp],86.98,3.62days
07/10/2025 02:00:17,sell,0.10,AUDJPY,99.45500,10/10/2025 17:59:24,99.67400,0.00,-3.32,-21.90,-17.68,15.80,23.80,-100.14,-149.00,1,Dragon Wave_DZ2[tp],87.99,3.67days
09/10/2025 16:00:19,buy,0.10,EURAUD,1.75823,10/10/2025 17:59:19,1.77060,0.00,-0.80,123.70,80.09,80.09,123.70,-1.91,-2.90,1,Dragon Wave_IZ2[tp],25.98,1.08days
09/10/2025 16:00:10,buy,0.25,EURAUD,1.75829,10/10/2025 17:36:46,1.76895,0.00,-2.00,106.60,172.26,172.26,106.60,-5.78,-3.50,1,Dragon Wave_FZ3[tp],25.61,1.07days
06/10/2025 11:00:21,buy,0.10,EURAUD,1.76584,10/10/2025 17:36:46,1.76895,0.00,-4.84,31.10,15.50,47.25,73.00,-60.28,-85.10,1,Dragon Wave_FZ2[tp],102.61,4.28days
09/10/2025 22:05:51,sell,0.10,USDCAD,1.40307,10/10/2025 15:31:18,1.39812,0.00,-0.59,49.50,34.81,34.81,49.50,-2.16,-2.20,1,Dragon Wave_FZ2[tp],17.42,17.42hrs
09/10/2025 20:08:09,sell,0.10,USDCAD,1.40250,10/10/2025 15:30:03,1.39939,0.00,-0.59,31.10,21.63,21.63,31.10,-6.22,-7.90,1,Dragon Wave_AZ2[tp],19.36,19.36hrs
07/10/2025 21:00:09,sell,0.10,GBPJPY,203.61800,10/10/2025 09:51:19,202.68600,0.00,-7.81,93.20,53.30,53.30,93.20,-112.99,-170.40,1,Dragon Wave_FZ2[tp],60.85,2.54days
07/10/2025 22:00:21,sell,0.10,NZDJPY,88.03400,10/10/2025 09:51:12,87.60800,0.00,-2.30,42.60,25.62,36.88,56.90,-37.49,-54.40,1,Dragon Wave_FZ2[tp],59.85,2.49days
07/10/2025 20:00:10,sell,0.10,GBPJPY,203.43700,10/10/2025 09:50:42,202.76100,0.00,-7.81,67.60,36.50,36.50,67.60,-124.83,-188.50,1,Dragon Wave_DZ2[tp],61.84,2.58days
07/10/2025 22:00:04,sell,0.10,NZDJPY,88.03500,10/10/2025 09:50:22,87.64900,0.00,-2.30,38.60,23.00,36.95,57.00,-37.43,-54.30,1,Dragon Wave_DZ2[tp],59.84,2.49days
08/10/2025 19:00:14,sell,0.25,AUDJPY,100.49800,10/10/2025 09:37:05,100.06600,0.00,-6.62,43.20,64.21,64.21,43.20,-78.08,-44.70,1,Dragon Wave_AZ3[tp],38.61,1.61days
07/10/2025 03:00:20,sell,0.10,AUDJPY,99.48800,10/10/2025 09:37:05,100.06600,0.00,-3.32,-57.80,-41.22,18.00,27.10,-97.98,-145.70,1,Dragon Wave_AZ2[tp],78.61,3.28days
06/10/2025 22:00:03,sell,0.10,NZDJPY,87.76900,10/10/2025 09:35:55,87.74300,0.00,-2.77,2.60,-1.06,21.45,33.00,-55.33,-80.90,1,Dragon Wave_AZ2[tp],83.60,3.48days
08/10/2025 13:00:08,sell,0.10,CHFJPY,190.99400,10/10/2025 06:53:39,189.41900,0.00,0.03,157.50,103.20,103.20,157.50,-11.90,-18.20,1,Dragon Wave_AZ2[tp],41.89,1.75days
07/10/2025 21:00:01,sell,0.10,GBPJPY,203.64200,10/10/2025 06:51:41,203.21200,0.00,-7.81,43.00,20.36,20.36,43.00,-111.42,-168.00,1,Dragon Wave_AZ2[tp],57.86,2.41days
08/10/2025 13:00:21,buy,0.10,EURCHF,0.92993,10/10/2025 06:00:21,0.93279,0.00,1.04,28.60,36.52,37.99,29.80,-1.50,-1.20,1,Dragon Wave_EZ2,41.00,1.71days
08/10/2025 13:00:24,buy,0.10,EURCHF,0.92992,09/10/2025 11:04:26,0.93256,0.00,0.78,26.40,33.65,35.27,27.70,-1.37,-1.10,1,Dragon Wave_IZ2,22.07,22.07hrs
08/10/2025 13:00:26,buy,0.10,EURCHF,0.92992,09/10/2025 10:02:28,0.93244,0.00,0.78,25.20,32.18,34.04,26.70,-1.37,-1.10,1,Dragon Wave_KZ2,21.03,21.03hrs
26/09/2025 14:00:19,sell,0.10,USDCAD,1.39570,09/10/2025 08:00:22,1.39363,0.00,-7.83,20.70,7.02,40.24,57.60,-24.58,-29.30,1,Dragon Wave_NZ2,306.00,12.75days
16/09/2025 20:00:35,buy,0.10,CADCHF,0.57222,08/10/2025 18:52:29,0.57476,0.00,6.11,25.40,37.78,74.18,57.70,-27.78,-26.30,1,Dragon Wave_MZ2[tp],526.87,21.95days
02/10/2025 19:00:00,sell,0.10,USDCAD,1.39759,08/10/2025 16:00:06,1.39389,0.00,-2.41,37.00,24.13,24.13,37.00,-0.79,-1.10,1,Dragon Wave_BZ2,141.00,5.88days
26/09/2025 11:00:09,sell,0.10,USDCAD,1.39453,08/10/2025 15:20:52,1.39388,0.00,-6.04,6.50,-1.38,31.82,45.90,-32.94,-41.00,1,Dragon Wave_FZ2[tp],292.35,12.18days
03/10/2025 18:00:30,buy,0.10,CADCHF,0.57012,08/10/2025 06:00:19,0.57317,0.00,0.81,30.50,38.91,40.29,31.60,-6.66,-5.30,1,Dragon Wave_OZ2,108.00,4.50days
29/09/2025 05:01:47,buy,0.10,NZDCHF,0.46008,06/10/2025 10:00:23,0.46534,0.00,1.62,52.60,67.56,67.56,52.60,-4.67,-3.90,1,Dragon Wave_JZ2,172.98,7.21days
29/09/2025 05:01:36,sell,0.10,EURNZD,2.02985,06/10/2025 09:48:42,2.00608,0.00,0.18,237.70,138.83,138.83,237.70,-9.34,-16.20,1,Dragon Wave_CZ2[tp],172.78,7.20days
29/09/2025 05:01:37,sell,0.10,EURNZD,2.02987,06/10/2025 06:00:33,2.00915,0.00,0.18,207.20,121.14,121.57,207.90,-9.23,-16.00,1,Dragon Wave_JZ2,168.98,7.04days
29/09/2025 05:01:38,sell,0.10,EURNZD,2.02985,06/10/2025 03:00:42,2.01123,0.00,0.18,186.20,108.63,111.16,190.50,-9.34,-16.20,1,Dragon Wave_LZ2,165.98,6.92days
01/10/2025 15:00:28,buy,0.10,CHFJPY,184.17800,06/10/2025 00:05:18,185.71400,0.00,-1.69,153.60,101.13,101.13,153.60,-10.84,-15.90,1,Dragon Wave_KZ2[tp],105.08,4.38days
02/10/2025 13:00:36,buy,0.10,CADJPY,105.24200,06/10/2025 00:01:06,106.20400,0.00,0.32,96.20,64.70,64.70,96.20,-3.00,-4.40,1,Dragon Wave_NZ2[tp],83.01,3.46days
02/10/2025 13:00:32,buy,0.10,CADJPY,105.23600,06/10/2025 00:01:06,106.23300,0.00,0.32,99.70,67.04,67.04,99.70,-2.59,-3.80,1,Dragon Wave_GZ2[tp],83.01,3.46days
02/10/2025 13:00:30,buy,0.25,CADJPY,105.23700,06/10/2025 00:01:06,105.97200,0.00,0.80,73.50,123.78,123.78,73.50,-6.65,-3.90,1,Dragon Wave_FZ3[tp],83.01,3.46days
02/10/2025 13:00:29,buy,0.25,CADJPY,105.23700,06/10/2025 00:01:06,105.83600,0.00,0.80,59.90,101.02,101.02,59.90,-6.65,-3.90,1,Dragon Wave_AZ3[tp],83.01,3.46days
02/10/2025 12:00:35,buy,0.10,CADJPY,105.35200,06/10/2025 00:01:06,106.03300,0.00,0.32,68.10,45.90,45.90,68.10,-10.57,-15.50,1,Dragon Wave_BZ2[tp],84.01,3.50days
01/10/2025 16:00:23,buy,0.10,CADJPY,105.41800,06/10/2025 00:01:06,106.08800,0.00,0.80,67.00,45.64,45.64,67.00,-14.60,-22.10,1,Dragon Wave_KZ2[tp],104.01,4.33days
01/10/2025 16:00:03,buy,0.10,CADJPY,105.40100,06/10/2025 00:01:06,105.94200,0.00,0.80,54.10,37.01,37.01,54.10,-13.43,-20.40,1,Dragon Wave_DZ2[tp],104.02,4.33days
01/10/2025 15:00:02,buy,0.10,CADJPY,105.53900,06/10/2025 00:01:06,106.13500,0.00,0.80,59.60,40.68,40.68,59.60,-22.85,-34.20,1,Dragon Wave_IZ2[tp],105.02,4.38days
01/10/2025 14:00:08,buy,0.10,EURJPY,172.46400,06/10/2025 00:01:06,173.41300,0.00,0.55,94.90,64.06,64.06,94.90,-12.76,-19.30,1,Dragon Wave_FZ2[tp],106.02,4.42days
01/10/2025 10:00:05,buy,0.10,CADJPY,105.84000,06/10/2025 00:01:06,105.97200,0.00,0.80,13.20,9.64,9.64,13.20,-43.38,-64.30,1,Dragon Wave_FZ2[tp],110.02,4.58days
01/10/2025 10:00:02,buy,0.10,CADJPY,105.83800,06/10/2025 00:01:06,105.83600,0.00,0.80,-0.20,0.66,0.66,0.00,-43.24,-64.10,1,Dragon Wave_AZ2[tp],110.02,4.58days
02/10/2025 14:00:18,buy,0.10,GBPJPY,197.68900,06/10/2025 00:00:03,199.25700,0.00,0.84,156.80,107.18,107.18,156.80,-11.28,-16.60,1,Dragon Wave_GZ2[tp],82.00,3.42days
02/10/2025 14:00:13,buy,0.10,GBPJPY,197.67700,06/10/2025 00:00:03,199.16300,0.00,0.84,148.60,101.61,101.61,148.60,-10.46,-15.40,1,Dragon Wave_EZ2[tp],82.00,3.42days
02/10/2025 13:00:40,buy,0.10,GBPJPY,197.93100,06/10/2025 00:00:03,199.18800,0.00,0.84,125.70,86.09,86.09,125.70,-27.72,-40.80,1,Dragon Wave_NZ2[tp],82.99,3.46days
02/10/2025 13:00:38,buy,0.10,GBPJPY,197.92700,06/10/2025 00:00:03,199.03800,0.00,0.84,111.10,76.19,76.19,111.10,-27.44,-40.40,1,Dragon Wave_KZ2[tp],82.99,3.46days
02/10/2025 13:00:37,buy,0.10,GBPJPY,197.93700,06/10/2025 00:00:03,199.10200,0.00,0.84,116.50,79.85,79.85,116.50,-28.12,-41.40,1,Dragon Wave_IZ2[tp],82.99,3.46days
02/10/2025 13:00:25,buy,0.10,GBPJPY,197.92200,06/10/2025 00:00:03,199.06000,0.00,0.84,113.80,78.02,78.02,113.80,-27.10,-39.90,1,Dragon Wave_BZ2[tp],82.99,3.46days
02/10/2025 13:00:28,buy,0.10,GBPJPY,197.93800,03/10/2025 20:00:18,198.78200,0.00,0.42,84.40,57.64,59.20,86.70,-28.19,-41.50,1,Dragon Wave_FZ2,31.00,1.29days
01/10/2025 14:00:09,buy,0.10,NZDJPY,85.42600,03/10/2025 20:00:03,86.04000,0.00,0.24,61.40,41.87,42.41,62.20,-8.59,-12.90,1,Dragon Wave_BZ2,54.00,2.25days
30/09/2025 21:00:22,buy,0.10,NZDJPY,85.69100,03/10/2025 19:00:17,85.98700,0.00,0.30,29.60,20.39,20.67,30.10,-26.56,-39.40,1,Dragon Wave_IZ2,70.00,2.92days
01/10/2025 14:00:07,buy,0.10,CHFJPY,184.33600,03/10/2025 17:57:58,185.44300,0.00,-1.35,110.70,73.72,73.72,110.70,-21.60,-31.70,1,Dragon Wave_FZ2[tp],51.96,2.17days
02/10/2025 13:00:28,buy,0.10,GBPJPY,197.93800,03/10/2025 17:57:52,198.65200,0.00,0.42,71.40,48.85,48.85,71.40,-28.19,-41.50,1,Dragon Wave_DZ2[tp],28.96,1.21days
01/10/2025 14:00:02,buy,0.10,CHFJPY,184.34000,03/10/2025 17:55:05,185.35200,0.00,-1.35,101.20,67.29,67.29,101.20,-21.88,-32.10,1,Dragon Wave_DZ2[tp],51.92,2.16days
02/10/2025 14:00:12,buy,0.25,GBPJPY,197.67700,03/10/2025 17:12:27,198.54000,0.00,1.06,86.30,147.49,147.49,86.30,-26.15,-15.40,1,Dragon Wave_AZ3[tp],27.20,1.13days
01/10/2025 09:00:08,buy,0.10,GBPJPY,198.51000,03/10/2025 17:12:27,198.54000,0.00,1.69,3.00,3.73,5.96,6.90,-65.78,-98.70,1,Dragon Wave_AZ2[tp],56.21,2.34days
01/10/2025 15:00:11,buy,0.10,CHFJPY,184.15000,03/10/2025 17:09:04,185.17800,0.00,-1.35,102.80,68.40,69.66,104.90,-8.93,-13.10,1,Dragon Wave_AZ2[tp],50.15,2.09days
01/10/2025 11:00:12,buy,0.10,EURJPY,172.88100,03/10/2025 17:08:43,173.12500,0.00,0.44,24.40,17.00,21.29,30.80,-41.04,-61.00,1,Dragon Wave_AZ2[tp],54.14,2.26days
29/09/2025 20:00:10,sell,9.77,AUDNZD,1.13708,03/10/2025 14:50:51,1.13195,0.00,-194.61,51.30,2730.75,2730.75,51.30,-3149.59,-54.40,1,Dragon Wave_BZ7[tp],90.84,3.79days
24/09/2025 05:00:13,sell,3.91,AUDNZD,1.12816,03/10/2025 14:50:51,1.13195,0.00,-130.24,-37.90,-995.18,0.00,0.00,-3337.24,-143.60,1,Dragon Wave_BZ6[tp],225.84,9.41days
18/09/2025 11:00:09,sell,1.56,AUDNZD,1.12363,03/10/2025 14:50:51,1.13195,0.00,-66.49,-83.20,-824.05,40.00,4.80,-1756.19,-188.90,1,Dragon Wave_BZ5[tp],363.85,15.16days
18/09/2025 02:00:16,sell,0.63,AUDNZD,1.11915,03/10/2025 14:50:51,1.13195,0.00,-26.86,-128.00,-497.53,0.00,0.00,-873.06,-233.70,1,Dragon Wave_BZ4[tp],372.84,15.54days
12/09/2025 07:00:02,sell,0.25,AUDNZD,1.11578,03/10/2025 14:50:51,1.13195,0.00,-14.68,-161.70,-250.63,3.57,2.40,-399.38,-267.40,1,Dragon Wave_BZ3[tp],511.85,21.33days
26/08/2025 05:00:07,sell,0.10,AUDNZD,1.10892,03/10/2025 14:50:51,1.13195,0.00,-11.52,-230.30,-145.94,7.03,13.50,-205.22,-336.00,1,Dragon Wave_BZ2[tp],921.85,38.41days
23/09/2025 17:00:09,sell,0.10,AUDNZD,1.12772,03/10/2025 13:00:32,1.13234,0.00,-3.55,-46.20,-30.51,8.73,14.90,-88.13,-148.00,1,Dragon Wave_GZ2,236.01,9.83days
29/09/2025 18:00:19,sell,0.25,AUDNZD,1.13657,03/10/2025 13:00:31,1.13234,0.00,-4.98,42.30,56.73,56.73,42.30,-88.00,-59.50,1,Dragon Wave_GZ3,91.00,3.79days
18/09/2025 12:00:34,sell,0.10,AUDNZD,1.12637,03/10/2025 09:00:36,1.13261,0.00,-4.28,-62.40,-40.60,18.68,32.20,-96.69,-161.50,1,Dragon Wave_NZ2,357.00,14.88days
30/09/2025 08:00:30,sell,0.63,AUDNZD,1.14055,03/10/2025 09:00:35,1.13263,0.00,-10.48,79.20,279.89,280.98,79.50,-74.13,-19.70,1,Dragon Wave_NZ4,73.00,3.04days
24/09/2025 13:00:28,sell,0.25,AUDNZD,1.13137,03/10/2025 09:00:35,1.13261,0.00,-8.33,-12.40,-26.37,0.58,0.40,-166.81,-111.50,1,Dragon Wave_NZ3,212.00,8.83days
23/09/2025 16:00:28,sell,0.10,AUDNZD,1.12694,03/10/2025 09:00:34,1.13263,0.00,-3.55,-56.90,-36.66,4.16,7.10,-92.65,-155.80,1,Dragon Wave_KZ2,233.00,9.71days
29/09/2025 17:00:14,sell,0.25,AUDNZD,1.13556,03/10/2025 09:00:33,1.13263,0.00,-4.98,29.30,37.65,38.08,29.60,-102.66,-69.60,1,Dragon Wave_KZ3,88.01,3.67days
30/09/2025 20:00:16,buy,0.10,NZDJPY,85.71900,03/10/2025 09:00:27,85.97700,0.00,0.30,25.80,17.76,18.78,27.30,-28.46,-42.20,1,Dragon Wave_KZ2,61.00,2.54days
30/09/2025 21:00:21,buy,0.10,NZDJPY,85.68900,03/10/2025 04:34:14,85.88500,0.00,0.30,19.60,13.58,18.72,27.20,-26.42,-39.20,1,Dragon Wave_DZ2[tp],55.56,2.32days
01/10/2025 11:00:22,buy,0.63,NZDJPY,85.49300,03/10/2025 04:34:09,85.88100,0.00,1.55,38.80,167.11,201.46,46.80,-82.82,-19.60,1,Dragon Wave_FZ4[tp],41.56,1.73days
29/09/2025 05:01:38,buy,0.25,NZDJPY,86.10900,03/10/2025 04:34:09,85.88100,0.00,0.91,-22.80,-37.70,23.50,14.00,-137.31,-81.20,1,Dragon Wave_FZ3[tp],95.54,3.98days
19/09/2025 09:00:03,buy,0.10,NZDJPY,86.58000,03/10/2025 04:34:09,85.88100,0.00,1.01,-69.90,-46.33,24.82,36.70,-86.31,-128.30,1,Dragon Wave_FZ2[tp],331.57,13.82days
01/10/2025 16:00:15,sell,0.10,GBPCHF,1.07743,02/10/2025 17:00:43,1.07168,0.00,-7.50,57.50,64.55,64.55,57.50,-6.64,-5.30,1,Dragon Wave_FZ2,25.01,1.04days
01/10/2025 16:00:14,sell,0.10,GBPCHF,1.07743,02/10/2025 13:56:29,1.07259,0.00,-7.50,48.40,53.34,53.34,48.40,-6.64,-5.30,1,Dragon Wave_AZ2[tp],21.94,21.94hrs
18/09/2025 12:00:12,sell,0.25,AUDNZD,1.12637,02/10/2025 10:00:37,1.13414,0.00,-9.84,-77.70,-123.25,46.70,32.20,-241.70,-161.50,1,Dragon Wave_IZ3,334.01,13.92days
18/09/2025 03:00:18,sell,0.10,AUDNZD,1.12078,02/10/2025 10:00:37,1.13416,0.00,-3.95,-133.80,-82.06,0.95,1.60,-129.14,-217.40,1,Dragon Wave_IZ2,343.01,14.29days
30/09/2025 08:00:23,sell,1.56,AUDNZD,1.14052,02/10/2025 10:00:36,1.13411,0.00,-20.74,64.10,563.03,625.70,71.00,-186.27,-20.00,1,Dragon Wave_IZ5,50.00,2.08days
24/09/2025 12:00:07,sell,0.63,AUDNZD,1.13083,02/10/2025 10:00:36,1.13413,0.00,-18.90,-33.00,-140.28,0.00,0.00,-440.09,-116.90,1,Dragon Wave_IZ4,190.01,7.92days
23/09/2025 08:00:13,buy,0.10,NZDCHF,0.46355,02/10/2025 10:00:24,0.46512,0.00,2.91,15.70,22.61,25.11,17.70,-46.48,-38.60,1,Dragon Wave_LZ2,218.00,9.08days
26/09/2025 17:00:04,buy,0.25,NZDCHF,0.46049,02/10/2025 04:59:55,0.46449,0.00,3.62,40.00,129.22,129.22,40.00,-23.82,-8.00,1,Dragon Wave_EZ3[tp],132.00,5.50days
23/09/2025 04:00:18,buy,0.10,NZDCHF,0.46455,02/10/2025 04:59:55,0.46449,0.00,2.91,-0.60,2.16,3.41,2.70,-59.03,-48.60,1,Dragon Wave_EZ2[tp],216.99,9.04days
23/09/2025 04:00:14,sell,0.10,EURNZD,2.01311,02/10/2025 04:59:18,2.01219,0.00,0.86,9.20,6.23,15.84,27.00,-105.33,-183.60,1,Dragon Wave_KZ2[tp],216.98,9.04days
23/09/2025 04:00:10,sell,0.10,EURNZD,2.01304,02/10/2025 04:57:29,2.01232,0.00,0.86,7.20,5.06,15.43,26.30,-105.73,-184.30,1,Dragon Wave_DZ2[tp],216.96,9.04days
29/09/2025 21:00:24,sell,0.25,AUDNZD,1.13763,02/10/2025 04:57:09,1.13494,0.00,-4.15,26.90,35.08,35.08,26.90,-72.62,-48.90,1,Dragon Wave_DZ3[tp],55.95,2.33days
24/09/2025 19:00:21,sell,0.10,EURNZD,2.01968,02/10/2025 04:57:09,2.01240,0.00,0.65,72.80,43.12,43.12,72.80,-67.58,-117.90,1,Dragon Wave_GZ2[tp],177.95,7.41days
24/09/2025 06:00:18,sell,0.10,AUDNZD,1.12965,02/10/2025 04:57:09,1.13494,0.00,-3.01,-52.90,-33.87,2.99,5.10,-76.71,-128.70,1,Dragon Wave_DZ2[tp],190.95,7.96days
24/09/2025 22:00:24,sell,0.10,EURNZD,2.02001,02/10/2025 04:54:15,2.01254,0.00,0.65,74.70,44.23,44.23,74.70,-65.67,-114.60,1,Dragon Wave_EZ2[tp],174.90,7.29days
18/09/2025 12:00:10,sell,0.10,GBPNZD,2.31488,02/10/2025 04:34:13,2.31352,0.00,-10.87,13.60,-2.95,104.39,179.80,-76.43,-119.70,1,Dragon Wave_IZ2[tp],328.57,13.69days
26/09/2025 10:00:37,sell,0.10,GBPNZD,2.31690,02/10/2025 04:34:12,2.31353,0.00,-5.39,33.70,14.25,14.25,33.70,-59.27,-99.50,1,Dragon Wave_BZ2[tp],138.56,5.77days
24/09/2025 18:00:29,sell,0.25,EURNZD,2.01897,02/10/2025 04:28:47,2.01469,0.00,1.62,42.80,63.96,63.96,42.80,-179.20,-125.00,1,Dragon Wave_FZ3[tp],178.47,7.44days
18/09/2025 12:00:26,sell,0.10,EURNZD,2.00729,02/10/2025 04:28:47,2.01469,0.00,1.39,-74.00,-41.73,43.33,73.60,-138.43,-241.80,1,Dragon Wave_FZ2[tp],328.47,13.69days
29/09/2025 22:00:17,sell,0.25,AUDNZD,1.13793,02/10/2025 04:26:15,1.13556,0.00,-4.15,23.70,30.37,30.37,23.70,-68.27,-45.90,1,Dragon Wave_AZ3[tp],54.43,2.27days
24/09/2025 10:00:07,sell,0.10,AUDNZD,1.13080,02/10/2025 04:26:15,1.13556,0.00,-3.01,-47.60,-30.74,1.52,2.80,-70.04,-117.20,1,Dragon Wave_AZ2[tp],186.44,7.77days
24/09/2025 13:00:14,sell,0.10,AUDNZD,1.13137,02/10/2025 04:00:28,1.13615,0.00,-3.01,-47.80,-30.80,0.23,0.40,-66.73,-111.50,1,Dragon Wave_FZ2,183.00,7.63days
30/09/2025 08:00:20,sell,0.25,AUDNZD,1.14056,02/10/2025 04:00:27,1.13615,0.00,-3.32,44.10,60.80,68.51,47.60,-29.27,-19.60,1,Dragon Wave_FZ3,44.00,1.83days
24/09/2025 19:00:24,sell,0.10,EURNZD,2.01967,02/10/2025 03:00:29,2.01611,0.00,0.65,35.60,21.38,27.81,47.10,-67.63,-118.00,1,Dragon Wave_NZ2,176.00,7.33days
26/09/2025 10:00:40,sell,0.10,GBPNZD,2.31698,02/10/2025 03:00:27,2.31582,0.00,-5.39,11.60,1.37,5.62,14.20,-58.81,-98.70,1,Dragon Wave_KZ2,137.00,5.71days
24/09/2025 19:00:02,buy,0.25,NZDUSD,0.58140,01/10/2025 16:41:30,0.58296,0.00,-5.20,15.60,33.80,37.59,15.90,-152.63,-59.90,1,Dragon Wave_AZ3[tp],165.69,6.90days
19/09/2025 10:00:13,buy,0.10,NZDUSD,0.58627,01/10/2025 16:41:30,0.58296,0.00,-3.00,-33.10,-36.10,16.30,16.30,-110.67,-108.60,1,Dragon Wave_AZ2[tp],294.69,12.28days
24/09/2025 22:00:07,sell,0.10,EURNZD,2.02018,01/10/2025 16:00:38,2.01694,0.00,0.57,32.40,19.44,30.78,52.20,-64.69,-112.90,1,Dragon Wave_BZ2,162.01,6.75days
29/09/2025 05:01:45,buy,0.25,NZDCHF,0.46008,01/10/2025 16:00:26,0.46440,0.00,1.16,43.20,136.59,136.59,43.20,-11.66,-3.90,1,Dragon Wave_GZ3,58.98,2.46days
23/09/2025 04:00:32,buy,0.10,NZDCHF,0.46455,01/10/2025 16:00:26,0.46440,0.00,2.21,-1.50,0.33,3.41,2.70,-59.03,-48.60,1,Dragon Wave_GZ2,204.00,8.50days
29/09/2025 05:01:49,buy,0.25,NZDCHF,0.46008,01/10/2025 14:31:33,0.46402,0.00,1.16,39.40,124.62,124.62,39.40,-11.66,-3.90,1,Dragon Wave_NZ3[tp],57.50,2.40days
23/09/2025 04:00:33,buy,0.10,NZDCHF,0.46455,01/10/2025 14:31:33,0.46402,0.00,2.21,-5.30,-4.43,3.41,2.70,-59.03,-48.60,1,Dragon Wave_NZ2[tp],202.52,8.44days
24/09/2025 17:00:24,buy,0.25,NZDCHF,0.46238,01/10/2025 14:22:29,0.46365,0.00,4.71,12.70,44.52,48.00,14.60,-80.29,-26.90,1,Dragon Wave_AZ3[tp],165.37,6.89days
18/09/2025 11:00:03,buy,0.10,NZDCHF,0.46633,01/10/2025 14:22:29,0.46365,0.00,3.15,-26.80,-30.45,11.87,9.20,-80.44,-66.40,1,Dragon Wave_AZ2[tp],315.37,13.14days
24/09/2025 17:00:26,buy,0.25,NZDCHF,0.46241,01/10/2025 13:55:40,0.46342,0.00,4.71,10.10,36.34,47.06,14.30,-81.23,-27.20,1,Dragon Wave_BZ3[tp],164.92,6.87days
18/09/2025 12:00:20,buy,0.10,NZDCHF,0.46508,01/10/2025 13:55:40,0.46342,0.00,3.15,-16.60,-17.64,27.59,21.70,-64.74,-53.90,1,Dragon Wave_BZ2[tp],313.92,13.08days
24/09/2025 18:00:32,buy,0.25,NZDCHF,0.46225,01/10/2025 13:50:31,0.46333,0.00,4.71,10.80,38.56,52.09,15.90,-76.21,-25.60,1,Dragon Wave_IZ3[tp],163.83,6.83days
18/09/2025 12:00:29,buy,0.10,NZDCHF,0.46511,01/10/2025 13:50:31,0.46333,0.00,3.15,-17.80,-19.17,27.21,21.40,-65.12,-54.20,1,Dragon Wave_IZ2[tp],313.83,13.08days
24/09/2025 22:00:30,buy,0.25,NZDCHF,0.46214,01/10/2025 13:00:37,0.46288,0.00,4.71,7.40,27.93,55.54,17.00,-72.76,-24.50,1,Dragon Wave_KZ3,159.00,6.63days
18/09/2025 12:00:35,buy,0.10,NZDCHF,0.46519,01/10/2025 13:00:37,0.46288,0.00,3.15,-23.10,-25.84,26.21,20.60,-66.13,-55.00,1,Dragon Wave_KZ2,313.00,13.04days
24/09/2025 22:00:25,sell,0.10,EURNZD,2.02011,01/10/2025 13:00:20,2.01908,0.00,0.57,10.30,6.56,30.37,51.50,-65.09,-113.60,1,Dragon Wave_IZ2,159.00,6.62days
25/09/2025 17:00:52,sell,0.25,EURNZD,2.02390,01/10/2025 13:00:07,2.01908,0.00,0.56,48.20,70.60,70.60,48.20,-108.85,-75.70,1,Dragon Wave_AZ3,139.99,5.83days
18/09/2025 12:00:26,sell,0.10,EURNZD,2.00725,01/10/2025 13:00:07,2.01908,0.00,1.31,-118.30,-67.45,43.10,73.20,-138.66,-242.20,1,Dragon Wave_AZ2,312.99,13.04days
25/09/2025 15:00:08,sell,0.10,EURGBP,0.87461,01/10/2025 12:45:45,0.87139,0.00,0.88,32.20,44.26,44.26,32.20,-6.04,-4.50,1,Dragon Wave_EZ2[tp],141.76,5.91days
25/09/2025 20:00:10,sell,0.10,EURGBP,0.87489,01/10/2025 12:34:42,0.87161,0.00,0.88,32.80,45.08,45.08,32.80,-1.87,-1.40,1,Dragon Wave_NZ2[tp],136.58,5.69days
29/09/2025 05:01:40,sell,0.63,GBPNZD,2.32480,01/10/2025 11:15:34,2.31571,0.00,-11.48,90.90,321.63,322.64,90.90,-80.42,-20.50,1,Dragon Wave_FZ4[tp],54.23,2.26days
18/09/2025 12:00:08,sell,0.25,GBPNZD,2.31490,01/10/2025 11:15:34,2.31571,0.00,-20.33,-8.10,-32.11,261.27,180.00,-190.81,-119.50,1,Dragon Wave_FZ3[tp],311.26,12.97days
18/09/2025 10:00:14,sell,0.10,GBPNZD,2.30589,01/10/2025 11:15:34,2.31571,0.00,-8.12,-98.20,-65.24,51.55,89.90,-128.42,-209.60,1,Dragon Wave_FZ2[tp],313.26,13.05days
24/09/2025 19:00:04,buy,0.10,NZDUSD,0.58141,01/10/2025 11:11:19,0.58162,0.00,-2.08,2.10,0.02,14.94,15.80,-61.15,-60.00,1,Dragon Wave_DZ2[tp],160.19,6.67days
23/09/2025 06:00:08,sell,0.10,EURGBP,0.87375,01/10/2025 10:41:41,0.87283,0.00,1.75,9.20,14.13,29.37,20.90,-16.71,-13.10,1,Dragon Wave_BZ2[tp],196.69,8.20days
25/09/2025 16:01:50,buy,0.25,NZDUSD,0.57934,01/10/2025 10:03:18,0.58124,0.00,-3.04,19.00,44.46,44.46,19.00,-98.97,-39.30,1,Dragon Wave_FZ3[tp],138.02,5.75days
22/09/2025 03:00:18,buy,0.10,NZDUSD,0.58503,01/10/2025 10:03:18,0.58124,0.00,-2.66,-37.90,-40.56,20.30,20.30,-97.93,-96.20,1,Dragon Wave_FZ2[tp],223.05,9.29days
18/09/2025 19:00:08,buy,0.10,NZDCAD,0.81083,30/09/2025 18:05:45,0.80773,0.00,-0.48,-31.00,-22.75,11.53,16.00,-60.44,-83.70,1,Dragon Wave_FZ2,287.09,11.96days
22/09/2025 03:00:16,buy,0.25,NZDCAD,0.80638,30/09/2025 18:05:44,0.80773,0.00,-0.88,13.50,23.37,96.18,53.20,-70.91,-39.20,1,Dragon Wave_FZ3,207.09,8.63days
18/09/2025 12:00:25,buy,0.10,NZDCHF,0.46511,30/09/2025 17:00:32,0.46261,0.00,2.92,-25.00,-28.42,27.21,21.40,-65.12,-54.20,1,Dragon Wave_FZ2,293.00,12.21days
25/09/2025 17:01:49,buy,0.25,NZDCHF,0.46163,30/09/2025 17:00:31,0.46263,0.00,2.00,10.00,33.35,33.35,10.00,-58.89,-19.40,1,Dragon Wave_FZ3,119.98,5.00days
25/09/2025 17:01:48,buy,0.25,NZDCHF,0.46165,30/09/2025 17:00:28,0.46260,0.00,2.00,9.50,31.78,31.78,9.50,-59.51,-19.60,1,Dragon Wave_DZ3,119.98,5.00days
18/09/2025 12:00:23,buy,0.10,NZDCHF,0.46511,30/09/2025 17:00:28,0.46260,0.00,2.92,-25.10,-28.55,27.21,21.40,-65.12,-54.20,1,Dragon Wave_DZ2,293.00,12.21days
26/09/2025 09:00:21,sell,0.10,CHFJPY,187.34500,30/09/2025 08:43:11,185.92100,0.00,0.00,142.40,96.04,96.04,142.40,-22.48,-33.60,1,Dragon Wave_OZ2[tp],95.71,3.99days
18/09/2025 11:00:06,sell,0.10,CHFJPY,186.48200,30/09/2025 08:42:32,185.94700,0.00,-0.12,53.50,35.97,43.26,63.80,-80.32,-119.90,1,Dragon Wave_JZ2[tp],285.71,11.90days
18/09/2025 13:00:02,sell,0.10,CHFJPY,186.93400,30/09/2025 08:42:21,185.95500,0.00,-0.12,97.90,65.92,73.93,109.00,-50.09,-74.70,1,Dragon Wave_CZ2[tp],283.71,11.82days
08/09/2025 17:00:33,sell,0.10,CHFJPY,186.08100,30/09/2025 07:00:26,186.27600,0.00,-0.26,-19.50,-13.39,114.91,169.30,-107.27,-160.00,1,Dragon Wave_LZ2,518.00,21.58days
26/09/2025 09:00:20,sell,0.25,CHFJPY,187.34700,30/09/2025 07:00:25,186.27600,0.00,-0.01,107.10,180.26,191.78,114.10,-55.87,-33.40,1,Dragon Wave_LZ3,94.00,3.92days
26/09/2025 11:00:06,sell,0.10,USDCAD,1.39452,29/09/2025 18:49:02,1.39084,0.00,-0.59,36.80,25.87,25.87,36.80,-9.96,-13.90,1,Dragon Wave_AZ2[tp],79.82,3.33days
25/09/2025 18:01:39,buy,0.10,GBPUSD,1.33480,29/09/2025 14:59:51,1.34464,0.00,-0.40,98.40,98.00,100.60,101.00,-23.70,-23.70,1,Dragon Wave_DZ2[tp],92.97,3.87days
25/09/2025 23:00:03,buy,0.10,GBPCHF,1.06707,29/09/2025 14:18:32,1.07182,0.00,1.40,47.50,60.92,60.92,47.50,-17.07,-14.20,1,Dragon Wave_BZ2[tp],87.31,3.64days
26/09/2025 23:01:33,sell,0.10,EURJPY,174.98900,29/09/2025 10:46:43,174.26300,0.00,-0.70,72.60,48.15,48.15,72.60,-8.45,-11.60,1,Dragon Wave_IZ2[tp],59.75,2.49days
26/09/2025 23:00:28,sell,0.10,EURJPY,174.99700,29/09/2025 10:46:43,174.26300,0.00,-0.70,73.40,48.69,48.69,73.40,-7.92,-10.80,1,Dragon Wave_IZ2[tp],59.77,2.49days
25/09/2025 20:00:06,sell,0.10,EURGBP,0.87490,29/09/2025 10:00:32,0.87216,0.00,0.42,27.40,37.25,37.51,27.60,-1.73,-1.30,1,Dragon Wave_KZ2,86.01,3.58days
23/09/2025 05:00:07,sell,0.10,EURGBP,0.87365,29/09/2025 10:00:31,0.87215,0.00,1.29,15.00,21.45,24.60,18.20,-18.05,-14.10,1,Dragon Wave_IZ2,149.01,6.21days
19/09/2025 11:01:01,sell,0.10,EURGBP,0.87218,29/09/2025 10:00:22,0.87217,0.00,1.75,0.10,1.88,20.53,15.20,-37.32,-28.80,1,Dragon Wave_FZ2,238.99,9.96days
25/09/2025 20:00:07,buy,0.10,GBPUSD,1.33405,29/09/2025 09:00:31,1.34415,0.00,-0.40,101.00,100.60,100.60,101.00,-16.20,-16.20,1,Dragon Wave_FZ2,85.01,3.54days
25/09/2025 23:00:18,buy,0.10,GBPCHF,1.06707,29/09/2025 09:00:05,1.07035,0.00,1.40,32.80,42.59,42.59,33.30,-17.07,-14.20,1,Dragon Wave_KZ2,82.00,3.42days
25/09/2025 23:00:11,buy,0.10,GBPCHF,1.06708,26/09/2025 18:00:20,1.06997,0.00,0.70,28.90,36.90,36.90,29.80,-17.19,-14.30,1,Dragon Wave_FZ2,19.00,19.00hrs
22/09/2025 15:00:31,sell,0.10,EURGBP,0.87263,26/09/2025 18:00:06,0.87244,0.00,1.30,1.90,3.84,14.72,10.90,-31.52,-24.30,1,Dragon Wave_DZ2,98.99,4.12days
19/09/2025 08:00:12,buy,0.10,NZDJPY,86.62100,24/09/2025 10:43:33,86.71000,0.00,0.24,8.90,6.25,22.06,32.60,-23.96,-35.70,1,Dragon Wave_AZ2[tp],122.72,5.11days
19/09/2025 18:00:02,buy,0.25,NZDCAD,0.80746,24/09/2025 05:21:21,0.81173,0.00,-0.11,42.70,77.02,77.02,42.70,-25.58,-14.00,1,Dragon Wave_AZ3[tp],107.36,4.47days
18/09/2025 12:00:07,buy,0.10,NZDCAD,0.81203,24/09/2025 05:21:21,0.81173,0.00,-0.11,-3.00,-2.28,11.91,16.40,-43.45,-59.70,1,Dragon Wave_AZ2[tp],137.35,5.72days
18/09/2025 12:00:03,sell,0.10,GBPNZD,2.31468,23/09/2025 11:36:30,2.30327,0.00,-2.15,114.10,64.68,103.22,177.80,0.00,0.00,1,Dragon Wave_DZ2[tp],119.61,4.98days
19/09/2025 18:00:21,buy,0.10,GBPCAD,1.85704,23/09/2025 04:00:23,1.86944,0.00,0.21,124.00,89.90,89.90,124.00,-15.10,-20.80,1,Dragon Wave_FZ2,82.00,3.42days
19/09/2025 21:00:33,buy,0.10,GBPCAD,1.85598,23/09/2025 04:00:17,1.86937,0.00,0.21,133.90,97.05,97.05,133.90,-7.41,-10.20,1,Dragon Wave_DZ2,79.00,3.29days
19/09/2025 16:00:05,buy,0.10,GBPCAD,1.86119,22/09/2025 19:20:53,1.86746,0.00,0.07,62.70,45.45,45.45,62.70,-45.23,-62.30,1,Dragon Wave_AZ2[tp],75.35,3.14days
16/09/2025 18:02:52,buy,0.10,USDCHF,0.78793,22/09/2025 06:00:31,0.79697,0.00,4.89,90.40,118.32,118.32,90.40,-60.59,-48.10,1,Dragon Wave_OZ2,131.96,5.50days
16/09/2025 22:00:14,buy,0.10,CADCHF,0.57194,22/09/2025 06:00:24,0.57772,0.00,1.76,57.80,74.28,77.70,60.50,-24.21,-19.20,1,Dragon Wave_HZ2,128.00,5.33days
16/09/2025 18:02:49,buy,0.10,USDCHF,0.78792,22/09/2025 03:00:21,0.79625,0.00,4.89,83.30,109.51,111.13,85.20,-60.46,-48.00,1,Dragon Wave_CZ2,128.96,5.37days
11/09/2025 17:00:08,sell,0.25,AUDCAD,0.91865,19/09/2025 19:00:29,0.90834,0.00,-6.86,103.10,180.30,186.63,106.60,-75.23,-41.20,1,Dragon Wave_HZ3,194.01,8.08days
09/09/2025 08:00:27,sell,0.10,AUDCAD,0.91195,19/09/2025 19:00:29,0.90834,0.00,-4.02,36.10,22.19,24.73,39.60,-79.79,-108.20,1,Dragon Wave_HZ2,251.00,10.46days
11/09/2025 18:00:19,sell,0.25,AUDCAD,0.92004,19/09/2025 17:49:50,0.90919,0.00,-6.86,108.50,189.78,189.78,108.50,-50.12,-27.30,1,Dragon Wave_OZ3[tp],191.83,7.99days
09/09/2025 09:00:24,sell,0.10,AUDCAD,0.91238,19/09/2025 17:49:50,0.90919,0.00,-4.02,31.90,19.11,19.11,31.90,-76.68,-103.90,1,Dragon Wave_OZ2[tp],248.82,10.37days
09/09/2025 09:00:21,sell,0.10,AUDCAD,0.91239,19/09/2025 16:00:11,0.91044,0.00,-4.02,19.50,10.09,11.14,20.70,-76.61,-103.80,1,Dragon Wave_CZ2,247.00,10.29days
11/09/2025 18:00:16,sell,0.25,AUDCAD,0.92002,19/09/2025 16:00:10,0.91044,0.00,-6.86,95.80,166.44,168.77,97.00,-50.48,-27.50,1,Dragon Wave_CZ3,190.00,7.92days
16/09/2025 20:00:24,sell,0.10,EURUSD,1.18642,19/09/2025 15:00:16,1.17366,0.00,2.55,127.60,130.15,130.15,127.60,-38.89,-39.40,1,Dragon Wave_JZ2,67.00,2.79days
16/09/2025 15:00:16,buy,0.10,USDCHF,0.79036,19/09/2025 15:00:13,0.79600,0.00,4.15,56.40,75.00,75.00,56.40,-91.62,-72.40,1,Dragon Wave_JZ2,72.00,3.00days
17/09/2025 03:00:20,sell,0.10,EURUSD,1.18711,19/09/2025 14:57:11,1.17383,0.00,2.04,132.80,134.84,134.84,132.80,-32.50,-32.50,1,Dragon Wave_LZ2[tp],59.95,2.50days
16/09/2025 17:00:46,buy,0.10,USDCHF,0.78919,19/09/2025 12:01:00,0.79516,0.00,4.15,59.70,79.23,81.60,61.60,-76.68,-60.70,1,Dragon Wave_LZ2,67.00,2.79days
08/09/2025 17:00:22,buy,0.10,CADCHF,0.57455,19/09/2025 12:00:12,0.57580,0.00,3.97,12.50,19.69,32.17,23.60,-55.07,-45.30,1,Dragon Wave_GZ2,259.00,10.79days
16/09/2025 20:00:11,buy,0.10,CADCHF,0.57229,19/09/2025 12:00:06,0.57584,0.00,1.50,35.50,46.14,46.77,36.00,-28.68,-22.70,1,Dragon Wave_EZ2,64.00,2.67days
17/09/2025 17:00:20,buy,0.25,CADCHF,0.57192,19/09/2025 11:38:52,0.57565,0.00,2.98,37.30,120.25,120.25,37.30,-60.65,-19.00,1,Dragon Wave_NZ3[tp],42.64,1.78days
08/09/2025 17:00:32,buy,0.10,CADCHF,0.57462,19/09/2025 11:38:52,0.57565,0.00,3.97,10.30,16.92,31.29,22.90,-55.96,-46.00,1,Dragon Wave_NZ2[tp],258.64,10.78days
16/09/2025 15:00:07,buy,0.10,USDCHF,0.79033,19/09/2025 11:12:05,0.79470,0.00,4.15,43.70,59.14,59.14,43.70,-91.24,-72.10,1,Dragon Wave_EZ2,68.20,2.84days
18/09/2025 10:00:03,sell,0.10,GBPNZD,2.30575,19/09/2025 10:45:01,2.29729,0.00,-0.76,84.60,48.96,48.96,84.60,-51.11,-86.70,1,Dragon Wave_AZ2[tp],24.75,1.03days
16/09/2025 15:00:24,buy,0.10,USDCHF,0.79033,19/09/2025 10:00:36,0.79409,0.00,4.15,37.60,51.50,51.50,37.60,-91.24,-72.10,1,Dragon Wave_NZ2,67.00,2.79days
16/09/2025 15:00:14,buy,0.10,USDCHF,0.79037,19/09/2025 10:00:28,0.79407,0.00,4.15,37.00,50.75,50.75,37.00,-91.75,-72.50,1,Dragon Wave_GZ2,67.00,2.79days
12/09/2025 06:00:10,sell,0.10,AUDJPY,98.19900,19/09/2025 09:00:01,97.34600,0.00,-5.00,85.30,52.82,54.46,87.70,-15.34,-22.70,1,Dragon Wave_JZ2,171.00,7.12days
11/09/2025 18:00:21,sell,0.10,AUDJPY,97.86300,19/09/2025 07:14:30,97.36600,0.00,-5.68,49.70,28.07,28.07,49.70,-38.73,-56.30,1,Dragon Wave_LZ2[tp],181.24,7.55days
09/09/2025 08:00:28,sell,0.10,AUDCAD,0.91197,19/09/2025 05:00:33,0.91140,0.00,-4.02,5.70,0.11,8.10,11.20,-79.64,-108.00,1,Dragon Wave_JZ2,237.00,9.88days
10/09/2025 21:00:30,sell,0.25,AUDCAD,0.91787,19/09/2025 05:00:32,0.91138,0.00,-9.26,64.90,108.28,109.00,65.30,-91.72,-49.00,1,Dragon Wave_JZ3,200.00,8.33days
10/09/2025 17:00:59,sell,0.25,AUDCAD,0.91706,18/09/2025 23:00:28,0.91209,0.00,-8.25,49.70,81.80,85.47,51.70,-106.36,-57.10,1,Dragon Wave_LZ3,197.99,8.25days
09/09/2025 06:00:21,sell,0.10,AUDCAD,0.91102,18/09/2025 23:00:28,0.91209,0.00,-3.62,-10.70,-11.38,1.23,1.70,-86.51,-117.50,1,Dragon Wave_LZ2,233.00,9.71days
10/09/2025 20:14:56,sell,0.25,AUDCAD,0.91764,18/09/2025 16:42:27,0.91271,0.00,-8.25,49.30,81.03,81.03,49.30,-95.88,-51.30,1,Dragon Wave_EZ3[tp],188.46,7.85days
09/09/2025 06:00:16,sell,0.10,AUDCAD,0.91121,18/09/2025 16:42:27,0.91271,0.00,-3.62,-15.00,-14.48,2.60,3.60,-85.14,-115.60,1,Dragon Wave_EZ2[tp],226.70,9.45days
16/09/2025 20:00:21,sell,0.10,EURUSD,1.18642,18/09/2025 16:42:08,1.17555,0.00,2.04,108.70,110.74,110.74,108.70,-38.89,-39.40,1,Dragon Wave_CZ2[tp],44.70,1.86days
17/09/2025 18:00:19,buy,0.25,CADCHF,0.57176,18/09/2025 16:38:06,0.57486,0.00,2.33,31.00,100.07,100.07,31.00,-55.55,-17.40,1,Dragon Wave_BZ3[tp],22.63,22.63hrs
08/09/2025 17:00:13,buy,0.10,CADCHF,0.57456,18/09/2025 16:38:06,0.57486,0.00,3.71,3.00,7.49,32.04,23.50,-55.19,-45.40,1,Dragon Wave_BZ2[tp],239.63,9.98days
09/09/2025 08:00:16,sell,0.10,AUDCAD,0.91183,18/09/2025 09:00:20,0.91353,0.00,-3.62,-17.00,-15.94,7.09,9.80,-80.66,-109.40,1,Dragon Wave_GZ2,217.00,9.04days
11/09/2025 17:00:07,sell,0.25,AUDCAD,0.91864,18/09/2025 09:00:19,0.91353,0.00,-5.85,51.10,86.78,90.75,53.30,-75.41,-41.30,1,Dragon Wave_GZ3,160.00,6.67days
10/09/2025 16:00:19,sell,0.25,AUDCAD,0.91568,18/09/2025 08:22:26,0.91362,0.00,-8.25,20.60,29.09,29.09,20.60,-131.29,-70.90,1,Dragon Wave_FZ3[tp],184.37,7.68days
08/09/2025 17:00:27,sell,0.10,AUDCAD,0.90996,18/09/2025 08:22:26,0.91362,0.00,-3.99,-36.60,-30.53,0.00,0.40,-94.54,-128.10,1,Dragon Wave_FZ2[tp],231.37,9.64days
10/09/2025 16:00:07,sell,0.10,AUDCAD,0.91569,18/09/2025 03:28:39,0.91536,0.00,-3.30,3.30,-0.91,0.00,3.30,-52.44,-70.80,1,Dragon Wave_DZ2[tp],179.48,7.48days
11/09/2025 18:00:38,sell,0.10,AUDUSD,0.66477,17/09/2025 21:53:16,0.66446,0.00,0.36,3.10,3.46,14.39,14.30,-50.84,-51.20,1,Dragon Wave_FZ2[tp],147.88,6.16days
11/09/2025 18:00:19,sell,0.25,AUDCAD,0.92004,17/09/2025 21:52:33,0.91587,0.00,-3.30,41.70,72.35,72.35,41.70,-50.12,-27.30,1,Dragon Wave_NZ3[tp],147.87,6.16days
09/09/2025 08:00:29,sell,0.10,AUDCAD,0.91199,17/09/2025 21:52:33,0.91587,0.00,-2.60,-38.80,-30.75,8.24,11.40,-79.50,-107.80,1,Dragon Wave_NZ2[tp],205.87,8.58days
16/09/2025 20:00:09,sell,0.10,EURUSD,1.18639,17/09/2025 21:51:56,1.18326,0.00,0.51,31.30,31.81,31.81,31.30,-39.19,-39.70,1,Dragon Wave_AZ2[tp],25.86,1.08days
17/09/2025 03:00:12,buy,0.10,USDCHF,0.78594,17/09/2025 21:51:06,0.78860,0.00,0.00,26.60,33.73,33.73,26.60,-36.01,-28.20,1,Dragon Wave_AZ2[tp],18.85,18.85hrs
11/09/2025 17:00:16,sell,0.25,AUDCAD,0.91860,17/09/2025 21:46:34,0.91617,0.00,-3.30,24.30,40.79,40.79,24.30,-76.13,-41.70,1,Dragon Wave_IZ3[tp],148.77,6.20days
09/09/2025 08:00:27,sell,0.10,AUDCAD,0.91195,17/09/2025 21:46:34,0.91617,0.00,-2.60,-42.20,-33.23,7.96,11.00,-79.79,-108.20,1,Dragon Wave_IZ2[tp],205.77,8.57days
11/09/2025 18:00:14,sell,0.25,AUDCAD,0.92001,17/09/2025 21:45:50,0.91651,0.00,-3.30,35.00,60.23,60.84,35.00,-50.66,-27.60,1,Dragon Wave_BZ3[tp],147.76,6.16days
09/09/2025 09:00:19,sell,0.10,AUDCAD,0.91241,17/09/2025 21:45:50,0.91651,0.00,-2.60,-41.00,-32.37,11.28,15.60,-76.47,-103.60,1,Dragon Wave_BZ2[tp],204.76,8.53days
09/09/2025 13:00:30,sell,0.10,NZDCAD,0.82205,17/09/2025 21:42:12,0.82145,0.00,-1.43,6.00,2.93,16.85,23.30,-38.40,-52.00,1,Dragon Wave_BZ2[tp],200.69,8.36days
11/09/2025 19:00:19,sell,0.25,AUDCAD,0.92042,17/09/2025 20:00:35,0.91698,0.00,-3.30,34.40,59.20,68.29,38.90,-43.25,-23.50,1,Dragon Wave_KZ3,145.00,6.04days
09/09/2025 13:00:30,sell,0.10,AUDCAD,0.91326,17/09/2025 20:00:35,0.91698,0.00,-2.60,-37.20,-29.64,17.43,24.10,-70.32,-95.10,1,Dragon Wave_KZ2,199.00,8.29days
11/09/2025 21:00:10,sell,0.10,AUDJPY,98.07700,17/09/2025 20:00:15,97.49900,0.00,-2.80,57.80,36.71,37.67,59.20,-24.27,-34.90,1,Dragon Wave_GZ2,143.00,5.96days
11/09/2025 21:00:18,sell,0.10,AUDJPY,98.07100,17/09/2025 14:00:24,97.57600,0.00,-2.80,49.50,31.04,31.52,50.20,-24.68,-35.50,1,Dragon Wave_NZ2,137.00,5.71days
08/09/2025 15:00:16,sell,0.10,NZDCAD,0.81930,17/09/2025 10:00:27,0.82108,0.00,-1.64,-17.80,-14.58,1.81,2.50,-58.48,-79.50,1,Dragon Wave_IZ2,211.00,8.79days
10/09/2025 07:00:15,sell,0.25,NZDCAD,0.82287,17/09/2025 10:00:26,0.82108,0.00,-3.13,17.90,29.42,42.77,25.00,-80.77,-43.80,1,Dragon Wave_IZ3,171.00,7.13days
10/09/2025 21:00:17,buy,0.10,GBPAUD,2.04378,16/09/2025 16:57:13,2.04784,0.00,-1.56,40.60,25.50,25.50,40.60,-64.77,-95.70,1,Dragon Wave_IZ2[tp],139.95,5.83days
10/09/2025 17:00:56,sell,0.10,AUDCAD,0.91701,16/09/2025 16:56:34,0.91674,0.00,-1.94,2.70,0.02,2.93,5.40,-42.90,-57.60,1,Dragon Wave_AZ2[tp],143.93,6.00days
11/09/2025 18:00:21,buy,0.10,EURAUD,1.76392,16/09/2025 12:00:20,1.77034,0.00,-2.43,64.20,40.34,41.49,65.90,-31.38,-45.90,1,Dragon Wave_KZ2,114.00,4.75days
12/09/2025 04:00:10,sell,0.10,AUDCHF,0.53073,16/09/2025 11:00:25,0.52786,0.00,-2.00,28.70,34.22,34.62,29.00,-3.01,-2.40,1,Dragon Wave_KZ2,103.00,4.29days
11/09/2025 19:02:41,sell,0.10,AUDCHF,0.52980,16/09/2025 10:41:44,0.52788,0.00,-2.99,19.20,21.25,21.25,19.20,-15.67,-11.70,1,Dragon Wave_FZ2[tp],111.65,4.65days
11/09/2025 18:00:19,buy,0.25,EURAUD,1.76392,16/09/2025 10:41:12,1.76952,0.00,-6.08,56.00,87.20,87.20,56.00,-78.47,-45.90,1,Dragon Wave_DZ3[tp],112.68,4.70days
10/09/2025 08:00:15,buy,0.10,EURAUD,1.77162,16/09/2025 10:41:12,1.76952,0.00,-4.79,-21.00,-18.79,12.48,18.90,-85.07,-122.90,1,Dragon Wave_DZ2[tp],146.68,6.11days
12/09/2025 02:00:24,buy,0.63,EURAUD,1.76153,16/09/2025 10:41:01,1.76933,0.00,-10.32,78.00,317.12,317.12,78.00,-92.38,-22.00,1,Dragon Wave_FZ4[tp],104.68,4.36days
10/09/2025 17:00:03,buy,0.25,EURAUD,1.76859,16/09/2025 10:41:01,1.76933,0.00,-11.98,7.40,0.35,37.00,25.90,-162.19,-92.60,1,Dragon Wave_FZ3[tp],137.68,5.74days
10/09/2025 06:00:15,buy,0.10,EURAUD,1.77434,16/09/2025 10:41:01,1.76933,0.00,-4.79,-50.10,-38.17,0.00,0.00,-103.20,-150.10,1,Dragon Wave_FZ2[tp],148.68,6.19days
11/09/2025 18:00:16,buy,0.25,EURAUD,1.76397,16/09/2025 05:23:04,1.76667,0.00,-6.08,27.00,38.90,39.81,27.00,-79.30,-46.40,1,Dragon Wave_AZ3[tp],107.38,4.47days
10/09/2025 08:00:03,buy,0.10,EURAUD,1.77162,16/09/2025 05:23:04,1.76667,0.00,-4.79,-49.50,-37.78,12.48,18.90,-85.07,-122.90,1,Dragon Wave_AZ2[tp],141.38,5.89days
12/09/2025 13:00:16,sell,0.10,AUDJPY,98.38000,16/09/2025 05:22:35,98.08400,0.00,-1.40,29.60,18.72,21.76,32.10,-2.48,-1.60,1,Dragon Wave_AZ2[tp],88.37,3.68days
11/09/2025 19:01:43,buy,0.10,EURNZD,1.96489,16/09/2025 05:20:44,1.97564,0.00,-1.73,107.50,62.34,62.34,107.50,-17.26,-28.00,1,Dragon Wave_IZ2[tp],106.32,4.43days
10/09/2025 17:01:55,buy,0.10,EURNZD,1.96776,16/09/2025 05:00:27,1.97314,0.00,-3.34,53.80,28.74,32.02,56.80,-36.01,-56.70,1,Dragon Wave_KZ2,131.98,5.50days
10/09/2025 08:00:08,sell,0.25,NZDCAD,0.82330,16/09/2025 04:00:24,0.82137,0.00,-2.61,19.30,32.42,34.59,20.50,-73.00,-39.50,1,Dragon Wave_KZ3,140.00,5.83days
08/09/2025 15:00:34,sell,0.10,NZDCAD,0.81934,16/09/2025 04:00:24,0.82137,0.00,-1.43,-20.30,-16.17,2.10,2.90,-58.19,-79.10,1,Dragon Wave_KZ2,181.00,7.54days
10/09/2025 08:00:08,sell,0.25,NZDCAD,0.82330,16/09/2025 03:35:52,0.82142,0.00,-2.61,18.80,31.50,31.50,18.80,-73.00,-39.50,1,Dragon Wave_DZ3[tp],139.60,5.82days
08/09/2025 15:00:13,sell,0.10,NZDCAD,0.81929,16/09/2025 03:35:52,0.82142,0.00,-1.43,-21.30,-16.89,1.74,2.40,-58.55,-79.60,1,Dragon Wave_DZ2[tp],180.59,7.52days
08/09/2025 15:00:15,sell,0.10,NZDCAD,0.81930,15/09/2025 23:00:29,0.82215,0.00,-1.22,-28.50,-21.91,1.81,2.50,-58.48,-79.50,1,Dragon Wave_FZ2,176.00,7.33days
10/09/2025 13:00:03,sell,0.25,NZDCAD,0.82356,15/09/2025 23:00:27,0.82212,0.00,-2.09,14.40,24.05,24.05,14.40,-68.31,-36.90,1,Dragon Wave_FZ3,130.01,5.42days
08/09/2025 17:00:25,buy,0.10,CADCHF,0.57455,15/09/2025 23:00:23,0.57683,0.00,2.16,22.80,30.87,30.87,22.80,-11.70,-9.50,1,Dragon Wave_IZ2,174.00,7.25days
10/09/2025 13:00:01,sell,0.25,NZDCAD,0.82356,15/09/2025 22:57:30,0.82210,0.00,-2.09,14.60,24.42,24.42,14.60,-68.31,-36.90,1,Dragon Wave_AZ3[tp],129.96,5.41days
08/09/2025 15:00:12,sell,0.10,NZDCAD,0.81929,15/09/2025 22:57:30,0.82210,0.00,-1.22,-28.10,-21.62,1.74,2.40,-58.55,-79.60,1,Dragon Wave_AZ2[tp],175.96,7.33days
08/09/2025 17:00:25,buy,0.10,CADCHF,0.57459,15/09/2025 22:00:23,0.57638,0.00,2.16,17.90,24.70,26.85,19.60,-12.20,-9.90,1,Dragon Wave_KZ2,173.00,7.21days
08/09/2025 17:00:18,buy,0.10,CADCHF,0.57454,15/09/2025 21:34:22,0.57649,0.00,2.16,19.50,26.73,26.73,20.00,-11.57,-9.40,1,Dragon Wave_DZ2[tp],172.57,7.19days
05/09/2025 19:00:35,sell,0.10,EURCAD,1.62549,15/09/2025 21:00:21,1.62219,0.00,0.03,33.00,23.97,52.33,72.20,-14.86,-20.60,1,Dragon Wave_FZ2,242.00,10.08days
08/09/2025 17:00:22,buy,0.10,CADCHF,0.57456,15/09/2025 20:00:30,0.57578,0.00,2.16,12.20,17.51,25.69,19.80,-11.82,-9.60,1,Dragon Wave_FZ2,171.00,7.13days
10/09/2025 19:00:10,sell,0.10,NZDCHF,0.47502,15/09/2025 14:00:21,0.47371,0.00,-3.83,13.10,12.65,15.09,14.80,-19.01,-12.70,1,Dragon Wave_FZ2,115.00,4.79days
10/09/2025 06:00:10,buy,0.10,EURNZD,1.97251,15/09/2025 13:00:26,1.97220,0.00,-2.69,-3.10,-4.53,3.80,9.10,-64.38,-104.20,1,Dragon Wave_FZ2,127.00,5.29days
11/09/2025 19:01:42,buy,0.25,EURNZD,1.96486,15/09/2025 13:00:23,1.97220,0.00,-2.70,73.40,106.58,107.17,73.40,-42.71,-27.70,1,Dragon Wave_FZ3,89.98,3.75days
10/09/2025 17:01:55,buy,0.10,EURNZD,1.96778,15/09/2025 12:57:12,1.97219,0.00,-2.69,44.10,23.57,31.90,56.40,-36.13,-56.90,1,Dragon Wave_DZ2[tp],115.92,4.83days
10/09/2025 21:00:03,sell,0.10,NZDCHF,0.47530,15/09/2025 12:47:09,0.47401,0.00,-3.83,12.90,12.39,18.60,16.70,-15.49,-9.90,1,Dragon Wave_AZ2[tp],111.78,4.66days
08/09/2025 17:00:13,buy,0.25,CADCHF,0.57456,12/09/2025 12:38:09,0.57620,0.00,4.64,16.40,56.05,64.25,19.80,-29.56,-9.60,1,Dragon Wave_AZ3[tp],91.63,3.82days
05/09/2025 18:00:13,buy,0.10,CADCHF,0.57691,12/09/2025 12:38:09,0.57620,0.00,2.15,-7.10,-6.75,8.93,6.90,-41.21,-33.10,1,Dragon Wave_AZ2[tp],162.63,6.78days
10/09/2025 17:01:54,buy,0.10,EURNZD,1.96776,11/09/2025 16:36:48,1.97399,0.00,-1.61,62.30,35.40,35.40,62.30,-15.38,-23.20,1,Dragon Wave_AZ2[tp],23.58,23.58hrs
09/09/2025 09:00:13,sell,0.10,AUDUSD,0.66141,11/09/2025 15:30:05,0.65944,0.00,0.35,19.70,20.05,31.29,31.20,-17.01,-17.10,1,Dragon Wave_AZ2[tp],54.50,2.27days
05/09/2025 19:00:34,sell,0.10,EURCAD,1.62547,11/09/2025 15:16:49,1.61997,0.00,0.01,55.00,39.61,52.18,72.00,-2.21,-3.00,1,Dragon Wave_DZ2[tp],140.27,5.84days
05/09/2025 19:00:30,sell,0.10,EURCAD,1.62540,11/09/2025 15:16:27,1.62106,0.00,0.01,43.40,31.27,51.68,71.30,-2.72,-3.70,1,Dragon Wave_AZ2[tp],140.27,5.84days
09/09/2025 09:00:29,buy,0.10,USDCHF,0.79170,10/09/2025 21:00:16,0.79904,0.00,0.81,73.40,92.67,92.67,73.40,-0.38,-0.30,1,Dragon Wave_IZ2,36.00,1.50days
09/09/2025 05:00:16,buy,0.10,USDCHF,0.79241,10/09/2025 20:06:12,0.79872,0.00,0.81,63.10,79.81,81.55,64.50,-9.35,-7.40,1,Dragon Wave_KZ2,39.10,1.63days
08/09/2025 04:00:25,sell,0.10,CHFJPY,185.84700,10/09/2025 20:00:09,184.51400,0.00,0.00,133.30,90.44,94.22,138.80,-25.30,-37.40,1,Dragon Wave_GZ2,64.00,2.67days
08/09/2025 04:00:26,sell,0.10,CHFJPY,185.84700,10/09/2025 19:40:05,184.44400,0.00,0.00,140.30,95.23,95.23,140.30,-25.30,-37.40,1,Dragon Wave_NZ2[tp],63.66,2.65days
09/09/2025 04:00:15,buy,0.10,USDCHF,0.79274,10/09/2025 15:20:58,0.79884,0.00,0.81,61.00,77.17,77.17,61.00,-13.52,-10.70,1,Dragon Wave_FZ2[tp],35.35,1.47days
09/09/2025 04:00:10,buy,0.10,USDCHF,0.79272,10/09/2025 15:19:07,0.79858,0.00,0.81,58.60,74.19,74.19,58.60,-13.26,-10.50,1,Dragon Wave_DZ2[tp],35.32,1.47days
09/09/2025 05:00:09,buy,0.10,USDCHF,0.79239,10/09/2025 09:59:33,0.79795,0.00,0.81,55.60,70.49,74.72,59.00,-9.09,-7.20,1,Dragon Wave_AZ2[tp],28.99,1.21days
20/08/2025 17:00:44,buy,0.10,NZDCHF,0.46895,10/09/2025 04:00:11,0.47282,0.00,5.91,38.70,54.42,56.53,42.90,-23.45,-19.60,1,Dragon Wave_HZ2,490.99,20.46days
20/08/2025 17:00:48,buy,0.10,NZDCHF,0.46894,09/09/2025 20:00:31,0.47249,0.00,5.64,35.50,50.19,56.66,43.00,-23.33,-19.50,1,Dragon Wave_OZ2,483.00,20.12days
08/09/2025 02:00:25,sell,0.10,CHFJPY,185.70500,09/09/2025 11:30:46,184.79400,0.00,0.00,91.10,62.14,62.14,91.10,-34.90,-51.60,1,Dragon Wave_IZ2[tp],33.51,1.40days
08/09/2025 04:00:22,sell,0.10,CHFJPY,185.84000,09/09/2025 11:30:32,184.81700,0.00,0.00,102.30,69.78,69.78,102.30,-25.77,-38.10,1,Dragon Wave_EZ2[tp],31.50,1.31days
08/09/2025 02:00:25,sell,0.10,CHFJPY,185.70500,09/09/2025 11:30:28,184.85800,0.00,0.00,84.70,57.76,57.76,84.70,-34.90,-51.60,1,Dragon Wave_KZ2[tp],33.50,1.40days
08/09/2025 02:00:16,sell,0.10,EURJPY,173.76900,09/09/2025 11:25:54,172.61500,0.00,-0.68,115.40,77.87,77.87,115.40,-10.03,-14.90,1,Dragon Wave_GZ2[tp],33.43,1.39days
08/09/2025 04:00:26,sell,0.10,EURJPY,173.78100,09/09/2025 11:15:31,172.65700,0.00,-0.68,112.40,75.81,75.81,112.40,0.00,0.00,1,Dragon Wave_NZ2[tp],31.25,1.30days
08/09/2025 02:00:31,sell,0.10,EURJPY,173.73100,09/09/2025 11:15:18,172.73900,0.00,-0.68,99.20,66.80,66.80,99.20,-12.59,-18.70,1,Dragon Wave_IZ2[tp],33.25,1.39days
08/09/2025 02:00:32,sell,0.10,EURJPY,173.73500,09/09/2025 11:15:16,172.79400,0.00,-0.68,94.10,63.31,63.31,94.10,-12.32,-18.30,1,Dragon Wave_KZ2[tp],33.25,1.39days
03/09/2025 05:00:14,sell,0.10,AUDNZD,1.11352,08/09/2025 17:00:36,1.10943,0.00,-1.40,40.90,22.89,22.89,40.90,-18.44,-29.60,1,Dragon Wave_EZ2,132.01,5.50days
03/09/2025 05:00:19,sell,0.10,AUDNZD,1.11355,08/09/2025 15:00:14,1.11021,0.00,-1.40,33.40,18.43,18.43,33.40,-18.26,-29.30,1,Dragon Wave_GZ2,130.00,5.42days
20/08/2025 17:00:37,buy,0.10,NZDCHF,0.46889,08/09/2025 15:00:14,0.47229,0.00,5.34,34.00,48.08,57.28,43.50,-22.70,-19.00,1,Dragon Wave_CZ2,453.99,18.92days
28/08/2025 05:00:12,sell,0.10,AUDNZD,1.11195,08/09/2025 14:00:38,1.11072,0.00,-2.64,12.30,4.65,25.24,43.80,-28.86,-45.30,1,Dragon Wave_NZ2,273.01,11.38days
25/08/2025 21:00:05,sell,0.10,AUDNZD,1.10809,08/09/2025 09:00:29,1.11199,0.00,-4.24,-39.00,-27.27,1.85,5.20,-53.04,-83.90,1,Dragon Wave_IZ2,324.01,13.50days
04/09/2025 18:00:10,sell,0.25,AUDNZD,1.11505,08/09/2025 09:00:28,1.11199,0.00,-1.39,30.60,43.78,47.02,32.80,-21.60,-14.30,1,Dragon Wave_IZ3,87.00,3.63days
03/09/2025 05:00:06,sell,0.10,CADJPY,107.97400,05/09/2025 15:30:01,107.19200,0.00,-2.21,78.20,50.76,50.76,78.20,-1.48,-2.20,1,Dragon Wave_IZ2[tp],58.50,2.44days
03/09/2025 05:00:03,sell,0.10,CADJPY,107.97400,05/09/2025 15:30:01,107.21700,0.00,-2.21,75.70,49.06,49.06,75.70,-1.48,-2.20,1,Dragon Wave_BZ2[tp],58.50,2.44days
03/09/2025 05:00:10,buy,0.10,GBPAUD,2.04912,04/09/2025 11:40:56,2.06145,0.00,-1.01,123.30,79.45,79.45,123.30,-1.89,-2.90,1,Dragon Wave_FZ2[tp],30.68,1.28days
03/09/2025 05:00:09,buy,0.10,GBPAUD,2.04909,04/09/2025 11:40:30,2.06096,0.00,-1.01,118.70,76.45,76.45,118.70,-1.69,-2.60,1,Dragon Wave_DZ2[tp],30.67,1.28days
20/08/2025 06:00:15,sell,0.10,EURNZD,1.99339,04/09/2025 04:00:27,1.98185,0.00,1.96,115.40,69.87,88.59,148.10,-61.66,-106.60,1,Dragon Wave_CZ2,358.00,14.92days
20/08/2025 17:00:45,buy,0.10,NZDCHF,0.46895,04/09/2025 03:00:36,0.47266,0.00,4.76,37.10,50.92,56.53,42.90,-23.45,-19.60,1,Dragon Wave_JZ2,346.00,14.42days
02/09/2025 11:00:18,sell,0.10,CADJPY,107.89100,03/09/2025 22:00:17,107.28000,0.00,-0.55,61.10,40.73,42.84,64.20,-7.59,-10.50,1,Dragon Wave_FZ2,35.00,1.46days
20/08/2025 06:00:29,sell,0.10,GBPNZD,2.30861,03/09/2025 07:00:06,2.28092,0.00,-10.90,276.90,151.34,152.26,278.40,-75.67,-130.10,1,Dragon Wave_MZ2,336.99,14.04days
20/08/2025 06:00:25,sell,0.10,GBPNZD,2.30860,02/09/2025 10:55:52,2.28928,0.00,-10.15,193.20,102.92,133.02,239.90,-75.73,-130.20,1,Dragon Wave_HZ2[tp],316.92,13.21days
02/09/2025 10:00:17,sell,0.10,GBPJPY,200.23600,02/09/2025 10:51:35,199.38000,0.00,0.00,85.60,57.63,57.63,85.60,-2.16,-3.20,1,Dragon Wave_FZ2[tp],0.85,0.85hrs
02/09/2025 10:00:04,sell,0.10,GBPJPY,200.21900,02/09/2025 10:14:23,199.65100,0.00,0.00,56.80,38.32,38.32,56.80,-3.31,-4.90,1,Dragon Wave_AZ2[tp],0.24,0.24hrs
20/08/2025 06:00:31,sell,0.10,GBPNZD,2.30850,02/09/2025 10:14:22,2.29092,0.00,-10.15,175.80,93.24,132.43,238.90,-76.31,-131.20,1,Dragon Wave_OZ2[tp],316.23,13.18days
20/08/2025 17:00:47,buy,0.10,NZDCHF,0.46894,01/09/2025 19:00:29,0.47289,0.00,3.35,39.50,52.63,56.66,43.00,-23.33,-19.50,1,Dragon Wave_LZ2,290.00,12.08days
29/08/2025 12:00:24,buy,0.10,GBPCAD,1.85206,01/09/2025 16:00:17,1.86115,0.00,0.08,90.90,66.18,66.18,90.90,-19.20,-26.40,1,Dragon Wave_KZ2,76.00,3.17days
29/08/2025 12:00:03,buy,0.10,GBPCAD,1.85205,01/09/2025 09:41:34,1.86065,0.00,0.08,86.00,62.65,62.65,86.00,-19.13,-26.30,1,Dragon Wave_FZ2[tp],69.69,2.90days
29/08/2025 11:00:10,buy,0.10,GBPCAD,1.85390,01/09/2025 09:37:03,1.86014,0.00,0.08,62.40,45.49,45.49,62.40,-32.58,-44.80,1,Dragon Wave_DZ2[tp],70.61,2.94days
29/08/2025 11:00:06,buy,0.10,GBPCAD,1.85396,01/09/2025 09:23:10,1.85934,0.00,0.08,53.80,39.22,39.22,53.80,-33.02,-45.40,1,Dragon Wave_AZ2[tp],70.38,2.93days
25/08/2025 21:00:16,sell,0.10,AUDNZD,1.10805,01/09/2025 05:00:18,1.10764,0.00,-2.24,4.10,0.18,1.61,4.60,-27.56,-44.30,1,Dragon Wave_KZ2,152.00,6.33days
25/08/2025 21:00:05,sell,0.10,AUDNZD,1.10809,01/09/2025 04:58:58,1.10757,0.00,-2.24,5.20,0.83,1.85,5.20,-27.33,-43.90,1,Dragon Wave_FZ2[tp],151.98,6.33days
25/08/2025 21:00:03,sell,0.10,AUDNZD,1.10809,01/09/2025 04:55:43,1.10777,0.00,-2.24,3.20,-0.35,1.85,3.70,-27.33,-43.90,1,Dragon Wave_AZ2[tp],151.93,6.33days
20/08/2025 17:00:43,buy,0.10,NZDCHF,0.46895,01/09/2025 04:00:06,0.47288,0.00,3.35,39.30,52.44,56.53,42.90,-23.45,-19.60,1,Dragon Wave_EZ2,274.99,11.46days
26/08/2025 06:00:02,sell,0.10,AUDNZD,1.10908,01/09/2025 03:57:39,1.10859,0.00,-1.92,4.90,0.97,7.97,13.60,-21.20,-34.00,1,Dragon Wave_DZ2[tp],141.96,5.92days
27/08/2025 16:00:38,buy,0.10,EURCHF,0.93296,01/09/2025 02:00:07,0.93610,0.00,1.14,31.40,40.34,48.03,37.80,-12.94,-10.40,1,Dragon Wave_KZ2,105.99,4.42days
20/08/2025 06:00:17,sell,0.10,GBPNZD,2.30842,29/08/2025 12:00:09,2.28682,0.00,-8.55,216.00,118.79,120.85,219.40,-76.77,-132.00,1,Dragon Wave_CZ2,222.00,9.25days
20/08/2025 06:00:26,sell,0.25,GBPNZD,2.30854,29/08/2025 11:00:18,2.28804,0.00,-21.36,205.00,280.87,280.87,205.00,-190.19,-130.80,1,Dragon Wave_JZ3,221.00,9.21days
18/08/2025 01:44:03,sell,0.10,GBPNZD,2.28768,29/08/2025 11:00:18,2.28806,0.00,-10.09,-3.80,-12.33,62.02,105.90,-198.94,-339.40,1,Dragon Wave_JZ2,273.27,11.39days
20/08/2025 17:00:44,buy,0.10,NZDCHF,0.46895,29/08/2025 05:00:31,0.47294,0.00,3.10,39.90,52.80,53.29,40.30,-23.45,-19.60,1,Dragon Wave_GZ2,204.00,8.50days
18/08/2025 01:44:06,sell,0.10,GBPNZD,2.28768,29/08/2025 05:00:28,2.29185,0.00,-10.09,-41.70,-34.66,62.02,105.90,-198.94,-339.40,1,Dragon Wave_LZ2,267.27,11.14days
20/08/2025 06:00:27,sell,0.25,GBPNZD,2.30853,29/08/2025 05:00:27,2.29211,0.00,-21.36,164.20,220.48,229.33,170.20,-190.34,-130.90,1,Dragon Wave_LZ3,215.00,8.96days
20/08/2025 06:00:24,sell,0.10,EURNZD,1.99333,29/08/2025 05:00:22,1.97932,0.00,1.28,140.10,83.82,84.71,141.60,-62.01,-107.20,1,Dragon Wave_JZ2,215.00,8.96days
20/08/2025 06:00:25,sell,0.10,EURNZD,1.99333,29/08/2025 04:57:34,1.97946,0.00,1.28,138.70,82.97,82.97,138.70,-62.01,-107.20,1,Dragon Wave_LZ2[tp],214.95,8.96days
20/08/2025 17:00:48,buy,0.10,NZDCHF,0.46894,29/08/2025 04:00:30,0.47217,0.00,3.10,32.30,43.37,43.37,32.30,-23.33,-19.50,1,Dragon Wave_NZ2,203.00,8.46days
20/08/2025 06:00:19,sell,0.10,EURNZD,1.99321,29/08/2025 04:00:30,1.98294,0.00,1.28,102.70,61.76,61.76,102.70,-62.71,-108.40,1,Dragon Wave_EZ2,214.00,8.92days
18/08/2025 01:43:49,sell,0.10,GBPNZD,2.28769,29/08/2025 04:00:25,2.29435,0.00,-10.09,-66.60,-49.31,62.08,106.00,-198.88,-339.30,1,Dragon Wave_EZ2,266.28,11.09days
20/08/2025 07:00:11,sell,0.25,GBPNZD,2.31168,29/08/2025 04:00:24,2.29435,0.00,-21.36,173.30,233.77,233.77,173.30,-144.53,-99.40,1,Dragon Wave_EZ3,213.00,8.88days
20/08/2025 06:00:21,sell,0.10,EURNZD,1.99324,28/08/2025 19:00:26,1.98404,0.00,1.19,92.00,55.33,55.54,92.40,-62.53,-108.10,1,Dragon Wave_GZ2,205.00,8.54days
20/08/2025 07:00:12,sell,0.25,GBPNZD,2.31148,28/08/2025 19:00:16,2.29730,0.00,-19.37,141.80,189.24,196.14,142.10,-147.44,-101.40,1,Dragon Wave_GZ3,204.00,8.50days
18/08/2025 01:44:01,sell,0.10,GBPNZD,2.28768,28/08/2025 19:00:16,2.29730,0.00,-9.29,-96.20,-65.90,62.02,105.90,-198.94,-339.40,1,Dragon Wave_GZ2,257.27,10.72days
20/08/2025 17:00:45,buy,0.10,NZDCHF,0.46895,28/08/2025 17:41:02,0.47161,0.00,2.85,26.60,36.05,36.54,28.20,-23.45,-19.60,1,Dragon Wave_IZ2[tp],192.67,8.03days
20/08/2025 17:00:24,buy,0.10,NZDCHF,0.46890,28/08/2025 17:39:09,0.47151,0.00,2.85,26.10,35.42,37.16,28.70,-22.83,-19.10,1,Dragon Wave_BZ2[tp],192.65,8.03days
27/08/2025 14:00:39,buy,0.10,NZDCAD,0.80640,28/08/2025 17:33:05,0.80926,0.00,-0.28,28.60,20.50,20.50,28.60,-10.65,-14.30,1,Dragon Wave_FZ2[tp],27.54,1.15days
20/08/2025 07:00:19,sell,0.25,GBPNZD,2.31153,28/08/2025 16:00:33,2.29904,0.00,-19.37,124.90,164.03,196.88,140.50,-146.71,-100.90,1,Dragon Wave_NZ3,201.00,8.38days
18/08/2025 01:44:06,sell,0.10,GBPNZD,2.28768,28/08/2025 16:00:33,2.29904,0.00,-9.29,-113.60,-76.01,62.02,105.90,-198.94,-339.40,1,Dragon Wave_NZ2,254.27,10.59days
20/08/2025 17:00:47,buy,0.10,NZDCHF,0.46893,28/08/2025 16:00:31,0.47096,0.00,2.85,20.30,28.16,36.79,28.40,-23.20,-19.40,1,Dragon Wave_KZ2,191.00,7.96days
20/08/2025 07:00:04,sell,0.25,GBPNZD,2.31167,28/08/2025 15:55:44,2.29903,0.00,-19.37,126.40,166.33,198.93,141.90,-144.68,-99.50,1,Dragon Wave_BZ3[tp],200.93,8.37days
18/08/2025 01:43:48,sell,0.10,GBPNZD,2.28769,28/08/2025 15:55:44,2.29903,0.00,-9.29,-113.40,-75.93,62.08,106.00,-198.88,-339.30,1,Dragon Wave_BZ2[tp],254.20,10.59days
27/08/2025 18:00:03,buy,0.25,EURCHF,0.93205,28/08/2025 15:52:38,0.93621,0.00,1.71,41.60,131.41,131.41,41.60,-4.04,-1.30,1,Dragon Wave_FZ3[tp],21.88,21.88hrs
26/08/2025 04:00:07,buy,0.10,EURCHF,0.93591,28/08/2025 15:52:38,0.93621,0.00,0.91,3.00,4.65,32.62,26.30,-49.41,-39.90,1,Dragon Wave_FZ2[tp],59.88,2.49days
20/08/2025 17:00:43,buy,0.10,NZDCHF,0.46893,28/08/2025 14:45:52,0.47046,0.00,2.85,15.30,21.94,36.79,28.40,-23.20,-19.40,1,Dragon Wave_DZ2[tp],189.75,7.91days
20/08/2025 06:00:31,sell,0.10,EURNZD,1.99331,27/08/2025 21:00:19,1.98484,0.00,0.93,84.70,50.60,50.60,84.70,-62.13,-107.40,1,Dragon Wave_NZ2,183.00,7.62days
13/08/2025 09:00:12,sell,0.10,GBPCAD,1.86118,27/08/2025 13:53:32,1.86012,0.00,-13.42,10.60,-5.76,0.00,10.60,-109.21,-144.20,1,Dragon Wave_IZ2[tp],340.89,14.20days
13/08/2025 17:00:40,sell,0.10,GBPCAD,1.86804,27/08/2025 08:00:13,1.86178,0.00,-13.42,62.60,31.80,32.74,63.90,-59.57,-75.60,1,Dragon Wave_LZ2,326.99,13.62days
13/08/2025 11:00:24,sell,0.10,GBPCAD,1.86407,27/08/2025 08:00:11,1.86182,0.00,-13.42,22.50,2.84,4.06,24.20,-88.30,-115.30,1,Dragon Wave_EZ2,333.00,13.87days
20/08/2025 06:00:22,sell,0.10,EURNZD,1.99328,26/08/2025 20:00:31,1.98700,0.00,0.84,62.80,37.66,49.47,83.30,-62.30,-107.70,1,Dragon Wave_IZ2,158.00,6.58days
20/08/2025 07:00:14,sell,0.25,GBPNZD,2.31151,26/08/2025 19:00:18,2.29926,0.00,-11.44,122.50,168.18,196.58,140.30,-147.00,-101.10,1,Dragon Wave_IZ3,156.00,6.50days
18/08/2025 01:44:01,sell,0.10,GBPNZD,2.28768,26/08/2025 19:00:18,2.29926,0.00,-6.12,-115.80,-74.04,62.02,105.90,-198.94,-339.40,1,Dragon Wave_IZ2,209.27,8.72days
18/08/2025 01:44:05,sell,0.10,GBPNZD,2.28768,26/08/2025 18:00:40,2.30055,0.00,-6.12,-128.70,-81.53,62.02,105.90,-198.94,-339.40,1,Dragon Wave_KZ2,208.28,8.68days
20/08/2025 07:00:19,sell,0.25,GBPNZD,2.31153,26/08/2025 18:00:39,2.30057,0.00,-11.44,109.60,149.12,196.88,140.50,-146.71,-100.90,1,Dragon Wave_KZ3,155.01,6.46days
13/08/2025 12:00:13,sell,0.10,GBPCAD,1.86577,26/08/2025 17:59:45,1.86377,0.00,-12.46,20.00,2.00,11.07,27.50,-76.00,-98.30,1,Dragon Wave_GZ2[tp],317.99,13.25days
20/08/2025 17:00:44,buy,0.10,NZDCHF,0.46895,26/08/2025 14:00:13,0.47133,0.00,1.84,23.80,31.38,36.54,28.20,-23.45,-19.60,1,Dragon Wave_FZ2,140.99,5.87days
13/08/2025 17:00:37,sell,0.25,GBPCAD,1.86808,26/08/2025 10:11:52,1.86325,0.00,-31.16,48.30,55.95,69.52,48.30,-148.21,-75.20,1,Dragon Wave_FZ3[tp],305.19,12.72days
12/08/2025 11:00:13,sell,0.10,GBPCAD,1.85423,26/08/2025 10:11:52,1.86325,0.00,-13.44,-90.20,-78.51,0.00,0.00,-160.47,-213.70,1,Dragon Wave_FZ2[tp],335.19,13.97days
13/08/2025 11:00:17,sell,0.10,GBPCAD,1.86412,26/08/2025 10:11:43,1.86330,0.00,-12.46,8.20,-6.54,0.00,8.20,-87.93,-114.80,1,Dragon Wave_BZ2[tp],311.19,12.97days
22/08/2025 18:00:11,buy,0.10,CADCHF,0.57947,26/08/2025 10:00:36,0.58216,0.00,0.60,26.90,33.95,33.95,26.90,-13.18,-10.80,1,Dragon Wave_IZ2,88.01,3.67days
22/08/2025 19:00:17,buy,0.10,CADCHF,0.57906,25/08/2025 22:00:17,0.58174,0.00,0.32,26.80,33.58,34.20,27.30,-8.05,-6.70,1,Dragon Wave_KZ2,75.00,3.13days
13/08/2025 15:00:09,sell,0.10,GBPCAD,1.86762,25/08/2025 22:00:16,1.86474,0.00,-11.50,28.80,9.29,24.48,41.60,-62.61,-79.80,1,Dragon Wave_NZ2,295.00,12.29days
20/08/2025 11:00:08,sell,0.10,GBPAUD,2.09718,25/08/2025 19:00:24,2.07608,0.00,-2.55,211.00,134.56,138.58,217.00,-18.90,-29.40,1,Dragon Wave_JZ2,128.00,5.33days
20/08/2025 11:00:09,sell,0.10,GBPAUD,2.09718,25/08/2025 18:00:01,2.07739,0.00,-2.55,197.90,126.10,131.94,206.80,-18.90,-29.40,1,Dragon Wave_LZ2,127.00,5.29days
20/08/2025 06:00:23,sell,0.63,GBPNZD,2.30852,25/08/2025 17:35:26,2.29863,0.00,-23.85,98.90,342.31,342.31,98.90,-480.01,-131.00,1,Dragon Wave_FZ4[tp],131.58,5.48days
18/08/2025 01:43:59,sell,0.25,GBPNZD,2.28768,25/08/2025 17:35:26,2.29863,0.00,-13.29,-109.50,-174.16,155.06,105.90,-497.33,-339.40,1,Dragon Wave_FZ3[tp],183.86,7.66days
12/08/2025 12:00:39,sell,0.10,GBPNZD,2.27419,25/08/2025 17:35:26,2.29863,0.00,-9.69,-244.40,-153.32,33.05,56.80,-281.76,-474.30,1,Dragon Wave_FZ2[tp],317.58,13.23days
19/08/2025 11:00:22,sell,0.10,GBPAUD,2.08442,25/08/2025 12:00:17,2.07902,0.00,-3.06,54.00,32.02,34.88,58.40,-101.45,-157.00,1,Dragon Wave_EZ2,145.00,6.04days
18/08/2025 18:00:12,sell,0.10,GBPAUD,2.08347,25/08/2025 10:02:35,2.07992,0.00,-3.57,35.50,19.50,28.52,44.70,-108.07,-166.50,1,Dragon Wave_GZ2,160.04,6.67days
18/08/2025 01:43:44,sell,0.25,GBPAUD,2.08240,25/08/2025 09:49:21,2.07913,0.00,-8.95,32.70,44.23,61.11,37.50,-287.39,-177.20,1,Dragon Wave_FZ3[tp],176.09,7.34days
12/08/2025 12:00:10,sell,0.10,GBPAUD,2.07435,25/08/2025 09:49:21,2.07913,0.00,-6.28,-47.80,-37.37,36.14,57.80,-169.41,-257.70,1,Dragon Wave_FZ2[tp],309.82,12.91days
18/08/2025 01:43:43,sell,0.25,GBPAUD,2.08234,25/08/2025 09:14:59,2.07931,0.00,-8.95,30.30,40.31,60.13,36.90,-288.35,-177.80,1,Dragon Wave_DZ3[tp],175.52,7.31days
12/08/2025 12:00:06,sell,0.10,GBPAUD,2.07432,25/08/2025 09:14:59,2.07931,0.00,-6.28,-49.90,-38.73,35.94,57.50,-169.61,-258.00,1,Dragon Wave_DZ2[tp],309.25,12.89days
18/08/2025 18:00:13,sell,0.25,GBPAUD,2.08347,25/08/2025 09:14:57,2.07963,0.00,-8.95,38.40,53.46,71.28,44.70,-270.19,-166.50,1,Dragon Wave_IZ3[tp],159.25,6.64days
12/08/2025 12:00:17,sell,0.10,GBPAUD,2.07420,25/08/2025 09:14:57,2.07963,0.00,-6.28,-54.30,-41.59,35.15,56.30,-170.38,-259.20,1,Dragon Wave_IZ2[tp],309.24,12.89days
18/08/2025 18:00:18,sell,0.25,GBPAUD,2.08347,25/08/2025 09:14:49,2.07987,0.00,-8.95,36.00,49.56,71.28,44.70,-270.19,-166.50,1,Dragon Wave_KZ3[tp],159.24,6.64days
12/08/2025 12:00:20,sell,0.10,GBPAUD,2.07418,25/08/2025 09:14:49,2.07987,0.00,-6.28,-56.90,-43.27,35.02,56.10,-170.51,-259.40,1,Dragon Wave_KZ2[tp],309.24,12.89days
20/08/2025 17:00:35,buy,0.10,AUDCHF,0.51792,25/08/2025 09:00:24,0.52152,0.00,2.16,36.00,46.98,48.47,37.20,-22.85,-19.40,1,Dragon Wave_KZ2,112.00,4.67days
20/08/2025 17:00:16,sell,0.10,EURAUD,1.81332,25/08/2025 08:54:16,1.80167,0.00,1.50,116.50,77.18,77.18,116.50,-14.00,-23.20,1,Dragon Wave_KZ2[tp],111.90,4.66days
20/08/2025 17:00:09,buy,0.10,AUDCHF,0.51783,25/08/2025 08:00:03,0.52101,0.00,2.16,31.80,41.76,43.02,32.80,-21.73,-18.50,1,Dragon Wave_DZ2,111.00,4.62days
20/08/2025 14:00:07,buy,0.10,AUDCHF,0.51956,25/08/2025 04:00:26,0.52055,0.00,2.16,9.90,14.49,16.19,11.60,-43.27,-35.80,1,Dragon Wave_FZ2,110.01,4.58days
18/08/2025 18:00:25,sell,0.10,GBPAUD,2.08347,25/08/2025 04:00:26,2.08186,0.00,-3.57,16.10,6.87,28.52,44.70,-108.07,-166.50,1,Dragon Wave_NZ2,154.00,6.42days
20/08/2025 17:00:10,sell,0.10,EURAUD,1.81334,25/08/2025 04:00:14,1.80437,0.00,1.50,89.70,59.66,63.57,97.00,-13.87,-23.00,1,Dragon Wave_FZ2,107.00,4.46days
22/08/2025 00:03:22,sell,0.10,USDCAD,1.39082,22/08/2025 17:46:55,1.38493,0.00,0.00,58.90,42.53,42.53,58.90,-11.63,-16.20,1,Dragon Wave_IZ2[tp],17.73,17.73hrs
18/08/2025 18:00:05,sell,0.10,GBPAUD,2.08342,22/08/2025 17:18:43,2.08251,0.00,-3.06,9.10,2.84,28.19,44.20,-108.39,-167.00,1,Dragon Wave_BZ2[tp],95.31,3.97days
21/08/2025 17:00:31,sell,0.10,USDCAD,1.38990,22/08/2025 17:16:45,1.38541,0.00,-0.61,44.90,31.80,31.80,44.90,-18.85,-25.40,1,Dragon Wave_KZ2[tp],24.27,1.01days
21/08/2025 17:00:15,sell,0.10,USDCAD,1.39011,22/08/2025 17:14:10,1.38613,0.00,-0.61,39.80,28.10,28.10,39.80,-17.34,-23.30,1,Dragon Wave_FZ2[tp],24.23,1.01days
21/08/2025 17:00:14,sell,0.10,USDCAD,1.39010,22/08/2025 17:13:09,1.38679,0.00,-0.61,33.10,23.26,23.26,33.10,-17.42,-23.40,1,Dragon Wave_DZ2[tp],24.22,1.01days
21/08/2025 23:00:10,sell,0.10,USDCAD,1.39036,22/08/2025 17:01:20,1.38779,0.00,-0.61,25.70,17.91,17.91,25.70,-15.55,-20.80,1,Dragon Wave_AZ2[tp],18.02,18.02hrs
20/08/2025 06:00:12,buy,0.10,AUDUSD,0.64357,22/08/2025 17:00:32,0.64599,0.00,-0.83,24.20,23.37,23.37,24.20,-22.32,-21.70,1,Dragon Wave_FZ2[tp],59.01,2.46days
20/08/2025 17:00:10,buy,0.10,AUDUSD,0.64304,22/08/2025 17:00:28,0.64563,0.00,-0.83,25.90,25.07,25.07,25.90,-17.02,-16.40,1,Dragon Wave_DZ2[tp],48.01,2.00days
20/08/2025 19:00:16,buy,0.10,AUDUSD,0.64281,22/08/2025 17:00:03,0.64360,0.00,-0.83,7.90,7.07,9.70,9.70,-14.72,-14.10,1,Dragon Wave_AZ2[tp],46.00,1.92days
20/08/2025 17:00:04,sell,0.10,EURAUD,1.81346,22/08/2025 16:52:25,1.80457,0.00,1.20,88.90,58.36,64.35,98.20,-13.10,-21.80,1,Dragon Wave_DZ2[tp],47.87,1.99days
20/08/2025 17:00:02,buy,0.10,AUDCHF,0.51780,22/08/2025 11:51:11,0.52059,0.00,1.73,27.90,36.20,36.20,27.90,-21.36,-18.20,1,Dragon Wave_AZ2[tp],42.85,1.79days
20/08/2025 18:00:05,buy,0.10,AUDJPY,94.52600,22/08/2025 07:00:09,95.48000,0.00,0.68,95.40,64.85,66.45,97.80,-2.31,-3.40,1,Dragon Wave_DZ2,37.00,1.54days
20/08/2025 18:00:14,buy,0.10,AUDJPY,94.52700,22/08/2025 04:00:31,95.38300,0.00,0.68,85.60,58.34,58.96,86.50,-2.38,-3.50,1,Dragon Wave_FZ2,34.00,1.42days
20/08/2025 17:00:04,sell,0.10,EURAUD,1.81343,21/08/2025 17:45:37,1.80659,0.00,0.90,68.40,44.86,44.86,68.40,-13.29,-22.10,1,Dragon Wave_AZ2[tp],24.76,1.03days
12/08/2025 16:00:33,sell,0.10,GBPCAD,1.85830,20/08/2025 22:00:18,1.86598,0.00,-7.75,-76.80,-63.11,0.00,0.00,-131.02,-173.00,1,Dragon Wave_KZ2,198.00,8.25days
18/08/2025 01:43:59,sell,0.25,GBPCAD,1.87300,20/08/2025 22:00:17,1.86599,0.00,-4.75,70.10,121.57,170.82,94.70,-21.86,-9.50,1,Dragon Wave_KZ3,68.27,2.84days
18/08/2025 01:43:58,sell,0.25,GBPCAD,1.87300,20/08/2025 17:21:54,1.86718,0.00,-4.75,58.20,100.20,170.82,94.70,-21.86,-9.50,1,Dragon Wave_DZ3[tp],63.63,2.65days
12/08/2025 16:00:29,sell,0.10,GBPCAD,1.85824,20/08/2025 17:21:54,1.86718,0.00,-7.75,-89.40,-72.24,0.00,0.00,-131.46,-173.60,1,Dragon Wave_DZ2[tp],193.36,8.06days
11/08/2025 13:00:05,sell,0.10,EURCHF,0.94224,20/08/2025 17:05:21,0.93790,0.00,-10.79,43.40,43.19,43.19,43.40,-65.62,-46.30,1,Dragon Wave_OZ2[tp],220.09,9.17days
11/08/2025 15:00:19,sell,0.25,EURCHF,0.94288,20/08/2025 17:00:27,0.93900,0.00,-26.99,38.80,93.43,96.55,39.80,-144.27,-39.90,1,Dragon Wave_JZ3,218.00,9.08days
06/08/2025 21:00:20,sell,0.10,EURCHF,0.93996,20/08/2025 17:00:27,0.93904,0.00,-16.79,9.20,-5.37,0.00,10.60,-99.83,-69.10,1,Dragon Wave_JZ2,332.00,13.83days
07/08/2025 12:00:32,sell,0.10,EURCHF,0.94134,20/08/2025 16:53:43,0.93870,0.00,-13.19,26.40,19.60,19.60,26.40,-79.15,-55.30,1,Dragon Wave_CZ2[tp],316.89,13.20days
11/08/2025 15:00:32,sell,0.25,EURCHF,0.94292,20/08/2025 16:53:41,0.93900,0.00,-26.99,39.20,94.71,94.71,39.20,-143.03,-39.50,1,Dragon Wave_LZ3[tp],217.89,9.08days
06/08/2025 21:00:20,sell,0.10,EURCHF,0.93996,20/08/2025 16:53:41,0.93900,0.00,-16.79,9.60,-4.87,0.00,9.60,-99.83,-69.10,1,Dragon Wave_LZ2[tp],331.89,13.83days
11/08/2025 13:00:37,sell,0.10,GBPCHF,1.08880,20/08/2025 14:58:12,1.08793,0.00,-22.46,8.70,-11.69,0.00,10.60,-116.09,-79.70,1,Dragon Wave_NZ2[tp],217.96,9.08days
11/08/2025 15:00:12,sell,0.25,EURCHF,0.94284,20/08/2025 09:20:29,0.93970,0.00,-26.99,31.40,70.15,70.15,31.40,-145.51,-40.30,1,Dragon Wave_EZ3[tp],210.34,8.76days
06/08/2025 21:00:19,sell,0.10,EURCHF,0.93996,20/08/2025 09:20:29,0.93970,0.00,-16.79,2.60,-13.58,0.00,2.60,-99.83,-69.10,1,Dragon Wave_EZ2[tp],324.34,13.51days
07/08/2025 11:00:30,sell,0.10,EURCHF,0.94044,20/08/2025 09:17:25,0.94001,0.00,-13.19,4.30,-7.87,0.00,4.30,-90.29,-64.30,1,Dragon Wave_KZ2[tp],310.28,12.93days
11/08/2025 17:00:03,sell,0.25,EURCHF,0.94306,20/08/2025 07:00:12,0.94047,0.00,-26.99,25.90,53.09,65.31,27.30,-138.70,-38.10,1,Dragon Wave_GZ3,206.00,8.58days
06/08/2025 21:00:20,sell,0.10,EURCHF,0.93996,20/08/2025 07:00:12,0.94048,0.00,-16.79,-5.20,-23.23,0.00,0.00,-99.83,-69.10,1,Dragon Wave_GZ2,322.00,13.42days
11/08/2025 17:00:04,sell,0.25,EURCHF,0.94307,19/08/2025 16:00:33,0.94074,0.00,-23.92,23.30,48.38,65.62,26.00,-138.39,-38.00,1,Dragon Wave_NZ3,191.01,7.96days
06/08/2025 21:00:30,sell,0.10,EURCHF,0.93998,19/08/2025 16:00:33,0.94074,0.00,-15.56,-7.60,-24.99,0.00,0.00,-99.58,-68.90,1,Dragon Wave_NZ2,307.00,12.79days
11/08/2025 13:00:28,sell,0.10,GBPCHF,1.08878,19/08/2025 15:34:54,1.08814,0.00,-19.95,6.40,-12.01,0.00,6.40,-116.34,-79.90,1,Dragon Wave_BZ2[tp],194.57,8.11days
11/08/2025 13:00:34,sell,0.10,GBPCHF,1.08877,19/08/2025 15:34:53,1.08815,0.00,-19.95,6.20,-12.26,0.00,6.20,-116.46,-80.00,1,Dragon Wave_IZ2[tp],194.57,8.11days
11/08/2025 13:00:35,sell,0.10,GBPCHF,1.08878,19/08/2025 15:33:47,1.08828,0.00,-19.95,5.00,-13.75,0.00,5.00,-116.34,-79.90,1,Dragon Wave_KZ2[tp],194.55,8.11days
11/08/2025 13:00:28,sell,0.10,GBPCHF,1.08879,19/08/2025 14:05:51,1.08847,0.00,-19.95,3.20,-15.98,0.00,3.20,-116.22,-79.80,1,Dragon Wave_AZ2[tp],193.09,8.05days
06/08/2025 22:00:31,sell,0.10,EURCHF,0.94035,19/08/2025 05:00:28,0.94123,0.00,-15.56,-8.80,-26.45,0.00,0.00,-95.00,-65.20,1,Dragon Wave_BZ2,295.00,12.29days
18/08/2025 01:43:45,sell,0.25,EURCHF,0.94422,19/08/2025 05:00:27,0.94123,0.00,-3.07,29.90,89.44,94.75,30.60,-12.39,-4.00,1,Dragon Wave_BZ3,27.28,1.14days
06/08/2025 22:00:37,sell,0.10,EURCHF,0.94037,18/08/2025 19:00:29,0.94130,0.00,-14.33,-9.30,-25.85,0.00,0.00,-94.75,-65.00,1,Dragon Wave_IZ2,285.00,11.87days
18/08/2025 01:43:46,sell,0.25,EURCHF,0.94422,18/08/2025 19:00:28,0.94132,0.00,0.00,29.00,89.85,89.85,29.00,-12.39,-4.00,1,Dragon Wave_IZ3,17.28,17.28hrs
18/08/2025 01:43:50,sell,0.25,GBPCAD,1.87300,18/08/2025 15:21:49,1.86605,0.00,0.00,69.50,126.04,126.04,69.50,-3.62,-2.00,1,Dragon Wave_AZ3[tp],13.63,13.63hrs
12/08/2025 16:00:17,sell,0.10,GBPCAD,1.85799,18/08/2025 15:21:49,1.86605,0.00,-5.85,-80.60,-64.33,0.00,0.00,-133.27,-176.10,1,Dragon Wave_AZ2[tp],143.36,5.97days
07/08/2025 12:00:37,sell,0.10,EURCHF,0.94135,14/08/2025 16:06:40,0.94064,0.00,-8.35,7.10,0.45,0.45,7.10,-37.88,-23.80,1,Dragon Wave_FZ2[tp],172.10,7.17days
07/08/2025 12:00:33,sell,0.10,EURCHF,0.94134,14/08/2025 15:57:19,0.94082,0.00,-8.35,5.20,-1.90,0.00,5.20,-38.01,-23.90,1,Dragon Wave_DZ2[tp],171.95,7.16days
12/08/2025 12:00:30,sell,0.10,GBPNZD,2.27398,13/08/2025 09:36:32,2.26412,0.00,-0.73,98.60,58.13,58.13,98.60,0.00,0.00,1,Dragon Wave_AZ2[tp],21.60,21.60hrs
05/08/2025 09:00:04,buy,0.10,CHFJPY,181.69400,12/08/2025 11:31:59,183.32700,0.00,-2.64,163.30,107.41,107.41,163.30,0.00,0.00,1,Dragon Wave_EZ2[tp],170.53,7.11days
11/08/2025 19:00:37,sell,0.10,AUDCHF,0.52924,12/08/2025 11:26:19,0.52549,0.00,-1.03,37.50,45.30,45.30,37.50,0.00,0.00,1,Dragon Wave_KZ2[tp],16.43,16.43hrs
11/08/2025 19:00:35,sell,0.10,AUDCHF,0.52925,12/08/2025 11:21:27,0.52573,0.00,-1.03,35.20,42.46,42.46,35.20,0.00,0.00,1,Dragon Wave_FZ2[tp],16.35,16.35hrs
08/08/2025 21:00:07,sell,0.10,EURCHF,0.94182,12/08/2025 10:39:07,0.94096,0.00,-2.38,8.60,8.24,8.24,8.60,0.00,0.00,1,Dragon Wave_AZ2[tp],85.65,3.57days
11/08/2025 19:00:34,sell,0.10,AUDCHF,0.52927,12/08/2025 08:57:19,0.52687,0.00,-1.03,24.00,28.55,28.55,24.00,0.00,0.00,1,Dragon Wave_DZ2[tp],13.95,13.95hrs
05/08/2025 21:00:17,sell,0.10,AUDNZD,1.09761,07/08/2025 18:00:35,1.09432,0.00,-1.13,32.90,18.40,18.40,32.90,0.00,0.00,1,Dragon Wave_KZ2,45.01,1.88days
05/08/2025 16:00:02,sell,0.10,AUDNZD,1.09722,07/08/2025 17:36:19,1.09431,0.00,-1.13,29.10,16.17,16.17,29.10,0.00,0.00,1,Dragon Wave_DZ2[tp],49.60,2.07days
05/08/2025 16:00:06,sell,0.10,AUDNZD,1.09722,07/08/2025 17:00:32,1.09512,0.00,-1.13,21.00,11.36,11.36,21.00,0.00,0.00,1,Dragon Wave_FZ2,49.01,2.04days
01/08/2025 22:00:20,buy,0.10,GBPJPY,195.54600,07/08/2025 14:00:27,197.56300,0.00,2.75,201.70,139.72,139.72,201.70,0.00,0.00,1,Dragon Wave_LZ2[tp],136.00,5.67days
01/08/2025 21:00:20,buy,0.10,GBPJPY,195.64500,07/08/2025 14:00:22,197.42700,0.00,2.75,178.20,123.75,123.75,178.20,0.00,0.00,1,Dragon Wave_GZ2[tp],137.00,5.71days
01/08/2025 21:00:19,buy,0.10,GBPJPY,195.65000,07/08/2025 14:00:20,197.36500,0.00,2.75,171.50,119.21,119.21,171.50,0.00,0.00,1,Dragon Wave_EZ2[tp],137.00,5.71days
01/08/2025 21:00:21,buy,0.10,GBPJPY,195.64400,07/08/2025 14:00:08,197.32900,0.00,2.75,168.50,117.11,117.11,168.50,0.00,0.00,1,Dragon Wave_NZ2[tp],137.00,5.71days
04/08/2025 19:00:20,buy,0.10,NZDJPY,86.88400,07/08/2025 06:00:13,87.63800,0.00,0.40,75.40,51.49,51.49,75.40,0.00,0.00,1,Dragon Wave_KZ2,59.00,2.46days
04/08/2025 19:00:18,buy,0.10,NZDJPY,86.88300,07/08/2025 04:00:07,87.50000,0.00,0.40,61.70,42.20,42.20,61.70,0.00,0.00,1,Dragon Wave_FZ2[tp],57.00,2.37days
01/08/2025 22:00:12,buy,0.10,GBPJPY,195.54400,06/08/2025 23:38:03,197.06600,0.00,1.38,152.20,104.52,104.52,152.20,0.00,0.00,1,Dragon Wave_IZ2[tp],121.63,5.07days
01/08/2025 21:00:09,buy,0.10,GBPJPY,195.66100,06/08/2025 23:38:00,196.99700,0.00,1.38,133.60,91.92,91.92,133.60,0.00,0.00,1,Dragon Wave_BZ2[tp],122.63,5.11days
01/08/2025 22:00:15,buy,0.10,GBPJPY,195.54600,06/08/2025 23:37:54,196.98000,0.00,1.38,143.40,98.58,98.58,143.40,0.00,0.00,1,Dragon Wave_KZ2[tp],121.63,5.07days
01/08/2025 20:00:22,buy,0.10,GBPJPY,195.85700,06/08/2025 18:40:20,196.80900,0.00,1.38,95.20,65.90,65.90,95.20,0.00,0.00,1,Dragon Wave_FZ2[tp],118.67,4.94days
01/08/2025 21:00:10,buy,0.10,GBPJPY,195.65600,06/08/2025 18:37:12,196.77200,0.00,1.38,111.60,77.02,77.02,111.60,0.00,0.00,1,Dragon Wave_DZ2[tp],117.62,4.90days
01/08/2025 21:00:08,buy,0.10,GBPJPY,195.66200,06/08/2025 12:55:59,196.55500,0.00,1.38,89.30,61.80,61.80,89.30,0.00,0.00,1,Dragon Wave_AZ2[tp],111.93,4.66days
01/08/2025 22:00:02,buy,0.10,NZDJPY,87.14100,06/08/2025 10:28:21,87.44400,0.00,0.25,30.30,20.77,20.77,30.30,0.00,0.00,1,Dragon Wave_AZ2[tp],108.47,4.52days
29/07/2025 17:56:23,balance,0.01,,0.00000,29/07/2025 17:56:23,0.00000,0.00,0.00,0.00,95000.00,0.00,0.00,0.00,0.00,0,reset balance to 100000,0.00,0.00hrs
08/07/2025 01:37:15,balance,0.01,,0.00000,08/07/2025 01:37:15,0.00000,0.00,0.00,0.00,5000.00,0.00,0.00,0.00,0.00,0,demo,0.00,0.00hrs
