Open Time,Type,Lots,Symbol,Open Price,Close Time,Close Price,Commission,Swap,Net Pips,Net Profit,Max Profit,Max Pips,Max Loss,Max Loss Pips,Magic Number,Comment,Holding Time (Hours),Holding Time
23/04/2026 20:10:38,sell,0.07,USDCAD,1.37097,01/05/2026 07:28:29,1.35860,-0.35,-4.68,123.70,58.70,65.37,136.50,-3.98,-4.30,2031501,SMA Sell,179.30,7.47days
21/04/2026 20:10:07,sell,0.03,USDCAD,1.36692,01/05/2026 07:28:26,1.35864,-0.15,-2.45,82.80,15.68,18.62,96.00,-10.99,-44.80,2031501,SMA Sell,227.31,9.47days
23/04/2026 19:13:39,sell,0.05,USDCAD,1.36895,01/05/2026 07:28:23,1.35864,-0.25,-3.34,103.10,34.35,39.25,116.30,-10.21,-24.50,2031501,SMA Sell,180.25,7.51days
21/04/2026 00:20:38,sell,0.02,USDCAD,1.36449,01/05/2026 07:28:20,1.35866,-0.10,-1.63,58.30,6.85,8.83,71.70,-10.87,-69.10,2031501,SMA Sell,247.13,10.30days
20/04/2026 10:32:30,sell,0.03,GBPAUD,1.88931,28/04/2026 13:11:57,1.88124,-0.15,-0.72,80.70,16.49,19.02,92.40,-12.77,-56.00,2031501,SMA Sell,194.66,8.11days
23/04/2026 13:43:32,sell,0.05,GBPAUD,1.89144,28/04/2026 13:11:54,1.88119,-0.25,-0.30,102.50,36.20,40.25,113.70,-12.78,-34.70,2031501,SMA Sell,119.47,4.98days
20/04/2026 08:57:18,sell,0.02,GBPAUD,1.88703,28/04/2026 13:11:51,1.88119,-0.10,-0.48,58.40,7.80,9.41,69.60,-11.77,-78.80,2031501,SMA Sell,196.24,8.18days
21/04/2026 21:00:00,sell,0.02,EURCAD,1.60397,28/04/2026 10:26:18,1.59540,-0.10,-0.50,85.70,11.97,13.68,97.40,-1.93,-12.00,2031501,SMA Sell,157.44,6.56days
23/04/2026 20:19:33,sell,0.03,EURAUD,1.63838,28/04/2026 04:02:17,1.63009,-0.15,0.17,82.90,17.89,20.11,93.10,-7.48,-34.70,2031501,SMA Sell,103.71,4.32days
23/04/2026 20:45:51,sell,0.05,EURAUD,1.64031,28/04/2026 04:02:14,1.63038,-0.25,0.28,99.30,35.71,40.46,112.40,-5.60,-15.40,2031501,SMA Sell,103.27,4.30days
23/04/2026 12:57:02,sell,0.02,EURAUD,1.63622,28/04/2026 04:02:10,1.63046,-0.10,0.12,57.60,8.30,10.31,71.50,-8.06,-56.30,2031501,SMA Sell,111.09,4.63days
20/04/2026 00:16:02,buy,0.03,AUDUSD,0.71326,27/04/2026 17:56:45,0.71893,-0.15,-0.13,56.70,16.73,19.37,65.50,-5.44,-17.20,1031501,SMA Buy,185.68,7.74days
23/04/2026 20:46:46,buy,0.05,AUDUSD,0.71123,27/04/2026 17:56:42,0.71892,-0.25,-0.03,76.90,38.17,42.62,85.80,0.00,0.00,1031501,SMA Buy,93.17,3.88days
17/04/2026 08:57:11,buy,0.02,AUDUSD,0.71698,27/04/2026 17:56:39,0.71892,-0.10,-0.09,19.40,3.69,9.96,50.30,-11.07,-54.40,1031501,SMA Buy,248.99,10.37days
20/04/2026 00:15:26,buy,0.07,GBPUSD,1.34917,27/04/2026 12:50:11,1.35490,-0.35,-1.26,57.30,38.50,43.33,64.20,-30.23,-41.40,1031501,SMA Buy,180.58,7.52days
23/04/2026 20:45:26,buy,0.15,GBPUSD,1.34505,27/04/2026 12:50:08,1.35488,-0.75,-0.78,98.30,145.92,156.57,105.40,-1.05,-0.20,1031501,SMA Buy,88.08,3.67days
15/04/2026 12:11:52,buy,0.03,GBPUSD,1.35493,27/04/2026 12:50:03,1.35487,-0.15,-0.94,-0.60,-1.27,14.00,48.20,-30.63,-99.00,1031501,SMA Buy,288.64,12.03days
23/04/2026 20:09:34,buy,0.10,GBPUSD,1.34707,27/04/2026 12:50:00,1.35477,-0.50,-0.52,77.00,75.98,84.18,85.20,-20.90,-20.40,1031501,SMA Buy,88.67,3.69days
16/04/2026 17:22:49,buy,0.05,GBPUSD,1.35216,27/04/2026 12:49:57,1.35474,-0.25,-1.17,25.80,11.48,37.57,75.90,-36.81,-71.30,1031501,SMA Buy,259.45,10.81days
14/04/2026 21:00:00,buy,0.02,GBPUSD,1.35708,27/04/2026 12:49:54,1.35474,-0.10,-0.65,-23.40,-5.43,4.99,26.70,-24.75,-120.50,1031501,SMA Buy,303.83,12.66days
16/04/2026 01:23:40,sell,0.02,EURAUD,1.64519,22/04/2026 19:45:04,1.63679,-0.10,0.24,84.00,12.16,14.03,97.00,-4.76,-33.50,2031501,SMA Sell,162.36,6.76days
17/04/2026 15:26:16,sell,0.03,EURCAD,1.61478,21/04/2026 14:27:24,1.60696,-0.15,-0.22,78.20,16.80,19.66,91.20,-7.44,-33.20,2031501,SMA Sell,95.02,3.96days
17/04/2026 15:49:02,sell,0.05,EURCAD,1.61699,21/04/2026 14:27:21,1.60695,-0.25,-0.38,100.40,36.13,40.85,113.30,-4.31,-11.10,2031501,SMA Sell,94.64,3.94days
17/04/2026 08:57:03,sell,0.02,EURCAD,1.61201,21/04/2026 14:27:16,1.60694,-0.10,-0.14,50.70,7.19,9.06,63.50,-9.02,-60.90,2031501,SMA Sell,101.50,4.23days
16/04/2026 04:57:11,sell,0.02,GBPAUD,1.89098,17/04/2026 16:56:46,1.88222,-0.10,-0.06,87.60,12.47,13.31,93.30,0.00,0.00,2031501,SMA Sell,35.99,1.50days
09/04/2026 15:41:41,buy,0.07,USDCAD,1.38323,17/04/2026 16:10:47,1.36493,-0.35,1.42,-183.00,-92.78,22.67,44.50,-92.78,-183.00,1031501,SMA Buy,192.49,8.02days
13/04/2026 20:19:02,buy,0.15,USDCAD,1.37922,17/04/2026 16:10:40,1.36486,-0.75,1.86,-143.60,-156.71,5.66,5.90,-156.71,-143.60,1031501,SMA Buy,91.86,3.83days
01/04/2026 20:06:02,buy,0.03,USDCAD,1.38730,17/04/2026 16:10:34,1.36509,-0.15,1.15,-222.10,-47.81,16.41,75.60,-47.81,-222.10,1031501,SMA Buy,380.08,15.84days
17/04/2026 11:48:16,buy,1.15,USDCAD,1.36717,17/04/2026 16:10:30,1.36515,-5.75,0.00,-20.20,-175.91,85.02,10.80,-175.91,-20.20,1031501,SMA Buy,4.37,4.37hrs
17/04/2026 06:49:54,buy,0.77,USDCAD,1.36940,17/04/2026 16:10:27,1.36522,-3.85,0.00,-41.80,-239.61,0.00,0.40,-239.61,-41.80,1031501,SMA Buy,9.34,9.34hrs
16/04/2026 05:35:28,buy,0.51,USDCAD,1.37221,17/04/2026 16:10:24,1.36520,-2.55,3.16,-70.10,-261.26,50.17,14.20,-261.26,-70.10,1031501,SMA Buy,34.58,1.44days
14/04/2026 14:09:55,buy,0.34,USDCAD,1.37508,17/04/2026 16:10:21,1.36523,-1.70,3.51,-98.50,-243.50,85.07,34.90,-243.50,-98.50,1031501,SMA Buy,74.01,3.08days
14/04/2026 10:01:42,buy,0.23,USDCAD,1.37719,17/04/2026 16:10:18,1.36521,-1.15,2.37,-119.80,-200.61,22.34,13.80,-200.61,-119.80,1031501,SMA Buy,78.14,3.26days
09/04/2026 17:29:42,buy,0.10,USDCAD,1.38123,17/04/2026 16:10:15,1.36512,-0.50,2.06,-161.10,-116.45,46.79,64.50,-116.45,-161.10,1031501,SMA Buy,190.68,7.94days
08/04/2026 02:20:26,buy,0.05,USDCAD,1.38520,17/04/2026 16:10:12,1.36503,-0.25,1.12,-201.70,-73.01,9.20,24.80,-73.01,-201.70,1031501,SMA Buy,229.83,9.58days
30/03/2026 06:00:07,buy,0.02,USDCAD,1.38936,17/04/2026 16:10:08,1.36505,-0.10,0.86,-243.10,-34.86,9.95,69.80,-34.86,-243.10,1031501,SMA Buy,442.17,18.42days
13/04/2026 23:08:34,buy,0.02,EURUSD,1.17628,17/04/2026 15:51:22,1.18275,-0.10,-0.96,64.70,11.88,11.88,64.70,-1.72,-7.30,1031501,SMA Buy,88.71,3.70days
14/04/2026 08:00:01,buy,0.02,AUDUSD,0.70897,16/04/2026 00:54:12,0.71670,-0.10,-0.05,77.30,15.31,17.23,86.70,-2.50,-12.00,1031501,SMA Buy,40.90,1.70days
10/04/2026 19:39:54,sell,0.07,GBPAUD,1.90353,15/04/2026 17:38:05,1.89680,-0.35,-0.61,67.30,32.75,37.03,75.80,-54.06,-109.10,2031501,SMA Sell,117.97,4.92days
13/04/2026 14:37:56,sell,0.15,GBPAUD,1.90835,15/04/2026 17:38:01,1.89682,-0.75,-0.88,115.30,122.13,131.53,124.00,-14.15,-12.70,2031501,SMA Sell,51.00,2.13days
10/04/2026 05:57:55,sell,0.03,GBPAUD,1.89906,15/04/2026 17:37:58,1.89683,-0.15,-0.27,22.30,4.37,6.26,31.10,-32.57,-153.80,2031501,SMA Sell,131.67,5.49days
13/04/2026 14:24:55,sell,0.10,GBPAUD,1.90628,15/04/2026 17:37:55,1.89649,-0.50,-0.58,97.90,68.98,72.87,103.30,-23.99,-33.40,2031501,SMA Sell,51.22,2.13days
10/04/2026 10:08:08,sell,0.05,GBPAUD,1.90106,15/04/2026 17:37:52,1.89654,-0.25,-0.45,45.20,15.48,17.59,51.10,-47.27,-133.80,2031501,SMA Sell,127.50,5.31days
10/04/2026 02:00:01,sell,0.02,GBPAUD,1.89658,15/04/2026 17:37:49,1.89681,-0.10,-0.18,-2.30,-0.61,0.62,6.30,-25.19,-178.60,2031501,SMA Sell,135.63,5.65days
09/04/2026 12:00:31,sell,0.07,EURAUD,1.66122,15/04/2026 10:55:15,1.65029,-0.35,0.84,109.30,55.13,60.23,119.40,-31.63,-64.60,2031501,SMA Sell,142.91,5.95days
08/04/2026 11:11:42,sell,0.03,EURAUD,1.65719,15/04/2026 10:55:12,1.65029,-0.15,0.62,69.00,15.26,17.43,79.10,-21.77,-104.90,2031501,SMA Sell,167.72,6.99days
08/04/2026 11:43:26,sell,0.05,EURAUD,1.65922,15/04/2026 10:55:09,1.65029,-0.25,1.04,89.30,32.68,36.32,99.40,-29.16,-84.60,2031501,SMA Sell,167.20,6.97days
08/04/2026 04:00:02,sell,0.02,EURAUD,1.65465,15/04/2026 10:55:05,1.65055,-0.10,0.42,41.00,6.17,8.00,53.70,-18.07,-130.30,2031501,SMA Sell,174.92,7.29days
09/04/2026 08:57:13,buy,0.02,EURCAD,1.61526,14/04/2026 22:46:07,1.62347,-0.10,-0.30,82.10,11.53,13.46,95.50,-2.68,-17.80,1031501,SMA Buy,133.81,5.58days
09/04/2026 08:57:19,buy,0.02,GBPCAD,1.85491,14/04/2026 09:14:59,1.86281,-0.10,0.06,79.00,11.42,13.15,90.90,-2.44,-16.20,1031501,SMA Buy,120.29,5.01days
13/04/2026 16:57:09,buy,0.02,GBPUSD,1.34517,14/04/2026 08:25:37,1.35119,-0.10,-0.05,60.20,11.89,13.63,68.90,-0.72,-3.10,1031501,SMA Buy,15.47,15.47hrs
08/04/2026 11:42:33,buy,0.03,AUDUSD,0.70427,14/04/2026 03:05:25,0.70923,-0.15,-0.12,49.60,14.61,17.55,58.90,-12.46,-40.70,1031501,SMA Buy,135.38,5.64days
13/04/2026 00:16:09,buy,0.05,AUDUSD,0.70075,14/04/2026 03:05:22,0.70923,-0.25,-0.03,84.80,42.12,47.02,94.10,-3.00,-5.50,1031501,SMA Buy,26.82,1.12days
08/04/2026 08:57:08,buy,0.02,AUDUSD,0.70734,14/04/2026 03:05:18,0.70927,-0.10,-0.07,19.30,3.69,5.57,28.20,-14.44,-71.40,1031501,SMA Buy,138.14,5.76days
13/04/2026 00:16:37,buy,0.03,EURUSD,1.16758,13/04/2026 22:07:52,1.17553,-0.15,0.00,79.50,23.70,25.86,86.70,-3.33,-10.40,1031501,SMA Buy,21.85,21.85hrs
10/04/2026 17:35:28,buy,0.02,EURUSD,1.17321,13/04/2026 22:07:48,1.17549,-0.10,-0.16,22.80,4.30,5.82,30.40,-13.64,-66.70,1031501,SMA Buy,76.54,3.19days
08/04/2026 21:41:11,buy,0.03,GBPUSD,1.33950,10/04/2026 17:35:37,1.34701,-0.15,-0.31,75.10,22.07,23.84,81.00,-4.37,-13.30,1031501,SMA Buy,43.91,1.83days
08/04/2026 08:57:03,buy,0.02,GBPUSD,1.34337,10/04/2026 17:35:34,1.34692,-0.10,-0.20,35.50,6.80,9.74,49.20,-10.65,-52.00,1031501,SMA Buy,56.64,2.36days
08/04/2026 21:55:46,buy,0.03,EURUSD,1.16506,10/04/2026 16:35:24,1.17250,-0.15,-0.96,74.40,21.21,23.79,83.00,-0.87,-1.70,1031501,SMA Buy,42.66,1.78days
08/04/2026 04:00:08,buy,0.02,EURUSD,1.16711,10/04/2026 16:35:20,1.17250,-0.10,-0.64,53.90,10.04,11.76,62.50,-4.68,-22.20,1031501,SMA Buy,60.59,2.52days
08/04/2026 13:16:43,sell,0.10,GBPAUD,1.90902,09/04/2026 19:24:05,1.89722,-0.50,-0.87,118.00,82.29,88.39,126.60,-10.70,-14.50,2031501,SMA Sell,30.12,1.26days
08/04/2026 11:37:11,sell,0.05,GBPAUD,1.90497,09/04/2026 19:24:02,1.89723,-0.25,-0.44,77.40,26.75,29.83,86.10,-19.60,-55.00,2031501,SMA Sell,31.78,1.32days
08/04/2026 12:15:41,sell,0.07,GBPAUD,1.90702,09/04/2026 19:23:59,1.89750,-0.35,-0.61,95.20,46.29,51.94,106.60,-17.34,-34.50,2031501,SMA Sell,31.14,1.30days
08/04/2026 11:11:47,sell,0.03,GBPAUD,1.90293,09/04/2026 19:23:56,1.89750,-0.15,-0.26,54.30,11.14,13.56,65.70,-16.06,-75.40,2031501,SMA Sell,32.20,1.34days
08/04/2026 02:47:14,sell,0.02,GBPAUD,1.89397,09/04/2026 19:23:54,1.89750,-0.10,-0.17,-35.30,-5.28,2.68,19.60,-23.32,-165.00,2031501,SMA Sell,40.61,1.69days
08/04/2026 08:00:15,buy,0.02,GBPCAD,1.85624,08/04/2026 14:31:04,1.86529,-0.10,0.00,90.50,12.96,14.93,104.20,-0.58,-3.30,1031501,SMA Buy,6.51,6.51hrs
08/04/2026 01:54:00,sell,0.51,GBPUSD,1.33637,08/04/2026 08:25:04,1.34266,-2.55,0.00,-62.90,-323.34,0.00,0.00,-323.34,-62.90,2031501,SMA Sell,6.52,6.52hrs
07/04/2026 11:43:47,sell,0.10,GBPUSD,1.32727,08/04/2026 08:25:01,1.34266,-0.50,-0.24,-153.90,-154.64,34.80,35.30,-154.64,-153.90,2031501,SMA Sell,20.69,20.69hrs
08/04/2026 01:06:51,sell,0.23,GBPUSD,1.33196,08/04/2026 08:24:58,1.34259,-1.15,0.00,-106.30,-245.64,0.00,0.00,-245.64,-106.30,2031501,SMA Sell,7.30,7.30hrs
06/04/2026 10:42:21,sell,0.05,GBPUSD,1.32337,08/04/2026 08:24:56,1.34248,-0.25,-0.24,-191.10,-96.04,9.78,20.30,-96.04,-191.10,2031501,SMA Sell,45.71,1.90days
08/04/2026 02:24:02,sell,1.15,GBPUSD,1.34049,08/04/2026 08:24:53,1.34253,-5.75,0.00,-20.40,-240.35,258.75,23.00,-240.35,-20.40,2031501,SMA Sell,6.01,6.01hrs
08/04/2026 02:16:55,sell,0.77,GBPUSD,1.33843,08/04/2026 08:24:50,1.34255,-3.85,0.00,-41.20,-321.09,14.63,2.40,-321.09,-41.20,2031501,SMA Sell,6.13,6.13hrs
08/04/2026 01:36:49,sell,0.34,GBPUSD,1.33432,08/04/2026 08:24:45,1.34252,-1.70,0.00,-82.00,-280.50,0.00,0.00,-280.50,-82.00,2031501,SMA Sell,6.80,6.80hrs
07/04/2026 22:48:10,sell,0.15,GBPUSD,1.32936,08/04/2026 08:24:41,1.34260,-0.75,-0.36,-132.40,-199.71,8.40,6.10,-199.71,-132.40,2031501,SMA Sell,9.61,9.61hrs
06/04/2026 10:52:17,sell,0.07,GBPUSD,1.32537,08/04/2026 08:24:38,1.34259,-0.35,-0.34,-172.20,-121.23,27.69,40.30,-121.23,-172.20,2031501,SMA Sell,45.54,1.90days
06/04/2026 05:19:44,sell,0.03,GBPUSD,1.32134,08/04/2026 08:24:35,1.34259,-0.15,-0.14,-212.50,-64.04,1.80,6.50,-64.04,-212.50,2031501,SMA Sell,51.08,2.13days
03/04/2026 22:30:44,sell,0.02,GBPUSD,1.31933,08/04/2026 08:24:31,1.34258,-0.10,-0.10,-232.50,-46.70,1.52,8.10,-46.70,-232.50,2031501,SMA Sell,105.90,4.41days
03/04/2026 16:57:15,buy,0.02,EURCAD,1.60771,08/04/2026 02:10:25,1.61596,-0.10,-0.18,82.50,11.63,13.58,96.00,-5.57,-38.10,1031501,SMA Buy,105.22,4.38days
07/04/2026 20:00:01,sell,0.02,GBPAUD,1.90772,08/04/2026 01:47:14,1.89976,-0.10,-0.06,79.60,11.04,11.04,79.60,-1.84,-12.50,2031501,SMA Sell,5.79,5.79hrs
02/04/2026 16:53:28,buy,0.34,GBPAUD,1.91739,07/04/2026 17:37:15,1.90810,-1.70,-2.34,-92.90,-223.49,1.35,1.30,-223.49,-92.90,1031501,SMA Buy,120.73,5.03days
30/03/2026 17:58:52,buy,0.07,GBPAUD,1.92548,07/04/2026 17:37:12,1.90810,-0.35,-3.69,-173.80,-88.57,12.64,28.00,-88.57,-173.80,1031501,SMA Buy,191.64,7.98days
31/03/2026 14:42:34,buy,0.15,GBPAUD,1.92141,07/04/2026 17:37:09,1.90812,-0.75,-6.98,-132.90,-146.24,59.26,58.20,-146.24,-132.90,1031501,SMA Buy,170.91,7.12days
27/03/2026 06:59:11,buy,0.03,GBPAUD,1.93066,07/04/2026 17:37:06,1.90818,-0.15,-1.78,-224.80,-48.78,8.68,43.90,-48.78,-224.80,1031501,SMA Buy,274.63,11.44days
07/04/2026 14:37:40,buy,1.15,GBPAUD,1.91000,07/04/2026 17:37:04,1.90814,-5.75,0.00,-18.60,-154.37,118.58,15.60,-154.37,-18.60,1031501,SMA Buy,2.99,2.99hrs
06/04/2026 05:17:49,buy,0.77,GBPAUD,1.91201,07/04/2026 17:37:01,1.90783,-3.85,-5.31,-41.80,-232.77,167.49,33.20,-232.77,-41.80,1031501,SMA Buy,36.32,1.51days
02/04/2026 17:36:09,buy,0.51,GBPAUD,1.91524,07/04/2026 17:36:58,1.90785,-2.55,-3.51,-73.90,-267.92,44.64,13.40,-267.92,-73.90,1031501,SMA Buy,120.01,5.00days
31/03/2026 19:41:15,buy,0.23,GBPAUD,1.91938,07/04/2026 17:36:52,1.90813,-1.15,-10.71,-112.50,-191.61,79.35,56.60,-191.61,-112.50,1031501,SMA Buy,165.93,6.91days
30/03/2026 18:54:39,buy,0.10,GBPAUD,1.92348,07/04/2026 17:36:46,1.90791,-0.50,-5.27,-155.70,-113.94,31.75,48.00,-113.94,-155.70,1031501,SMA Buy,190.70,7.95days
27/03/2026 13:46:12,buy,0.05,GBPAUD,1.92753,07/04/2026 17:36:43,1.90819,-0.25,-2.95,-193.40,-70.38,25.18,75.20,-70.38,-193.40,1031501,SMA Buy,267.84,11.16days
27/03/2026 01:00:26,buy,0.02,GBPAUD,1.93528,07/04/2026 17:36:38,1.90779,-0.10,-1.17,-274.90,-39.47,5.98,44.20,-39.47,-274.90,1031501,SMA Buy,280.60,11.69days
31/03/2026 15:36:44,sell,0.07,GBPUSD,1.32480,02/04/2026 09:19:15,1.32113,-0.35,-1.08,36.70,24.26,48.16,69.30,-67.33,-94.40,2031501,SMA Sell,41.71,1.74days
01/04/2026 09:27:34,sell,0.15,GBPUSD,1.32883,02/04/2026 09:19:12,1.32097,-0.75,-0.39,78.60,116.76,127.86,86.00,-81.90,-54.10,2031501,SMA Sell,23.86,23.86hrs
31/03/2026 04:18:12,sell,0.03,GBPUSD,1.32071,02/04/2026 09:19:09,1.32104,-0.15,-0.47,-3.30,-1.61,8.37,28.40,-41.13,-135.30,2031501,SMA Sell,53.02,2.21days
01/04/2026 13:21:57,sell,0.23,GBPUSD,1.33108,02/04/2026 09:19:06,1.32094,-1.15,-0.59,101.40,231.48,247.81,108.50,-73.83,-31.60,2031501,SMA Sell,19.95,19.95hrs
01/04/2026 09:14:04,sell,0.10,GBPUSD,1.32667,02/04/2026 09:19:03,1.32092,-0.50,-0.26,57.50,56.74,63.64,64.40,-76.20,-75.70,2031501,SMA Sell,24.08,1.00days
31/03/2026 14:43:03,sell,0.05,GBPUSD,1.32275,02/04/2026 09:19:01,1.32099,-0.25,-0.78,17.60,7.77,24.15,48.80,-58.35,-114.90,2031501,SMA Sell,42.60,1.77days
30/03/2026 20:57:16,sell,0.02,GBPUSD,1.31869,02/04/2026 09:18:58,1.32119,-0.10,-0.36,-25.00,-5.46,4.97,25.60,-31.51,-155.50,2031501,SMA Sell,60.36,2.52days
30/03/2026 18:14:20,buy,0.34,EURUSD,1.14485,31/03/2026 19:42:36,1.15542,-1.70,-2.66,105.70,355.02,355.02,105.70,-13.26,-3.40,1031501,SMA Buy,25.47,1.06days
26/03/2026 13:47:34,buy,0.07,EURUSD,1.15288,31/03/2026 19:42:32,1.15540,-0.35,-1.65,25.20,15.64,16.52,25.20,-60.04,-83.70,1031501,SMA Buy,125.92,5.25days
30/03/2026 01:59:25,buy,0.15,EURUSD,1.14894,31/03/2026 19:42:29,1.15530,-0.75,-1.17,63.60,93.48,93.48,63.60,-67.20,-44.30,1031501,SMA Buy,41.72,1.74days
24/03/2026 15:09:18,buy,0.03,EURUSD,1.15686,31/03/2026 19:42:26,1.15525,-0.15,-1.62,-16.10,-6.60,17.56,59.80,-38.59,-123.50,1031501,SMA Buy,172.55,7.19days
30/03/2026 16:41:32,buy,0.23,EURUSD,1.14689,31/03/2026 19:42:23,1.15525,-1.15,-1.80,83.60,189.33,189.33,83.60,-55.89,-23.80,1031501,SMA Buy,27.01,1.13days
27/03/2026 13:22:25,buy,0.10,EURUSD,1.15100,31/03/2026 19:42:20,1.15508,-0.50,-1.56,40.80,38.74,38.74,40.80,-66.18,-64.90,1031501,SMA Buy,102.33,4.26days
26/03/2026 10:02:41,buy,0.05,EURUSD,1.15488,31/03/2026 19:42:17,1.15504,-0.25,-1.17,1.60,-0.62,6.65,13.80,-52.88,-103.70,1031501,SMA Buy,129.66,5.40days
24/03/2026 09:00:02,buy,0.02,EURUSD,1.15893,31/03/2026 19:42:14,1.15494,-0.10,-1.11,-39.90,-9.19,7.56,39.10,-29.89,-144.20,1031501,SMA Buy,178.70,7.45days
31/03/2026 14:20:57,buy,0.05,EURAUD,1.66970,31/03/2026 17:58:17,1.68266,-0.25,0.00,129.60,44.10,47.53,139.70,-4.85,-13.40,1031501,SMA Buy,3.62,3.62hrs
30/03/2026 18:01:08,buy,0.03,EURAUD,1.67168,31/03/2026 17:58:14,1.68249,-0.15,-0.30,108.10,21.75,24.15,119.90,-7.29,-33.20,1031501,SMA Buy,23.95,23.95hrs
27/03/2026 15:57:05,buy,0.02,EURAUD,1.67411,31/03/2026 17:58:10,1.68262,-0.10,-0.40,85.10,11.15,12.58,95.60,-8.40,-57.50,1031501,SMA Buy,98.02,4.08days
25/03/2026 16:00:50,buy,0.03,EURCAD,1.59513,31/03/2026 17:05:39,1.60518,-0.15,-0.79,100.50,20.70,23.61,114.00,-4.02,-14.90,1031501,SMA Buy,145.08,6.05days
25/03/2026 11:58:04,buy,0.02,EURCAD,1.59959,31/03/2026 17:05:35,1.60520,-0.10,-0.54,56.10,7.42,9.32,69.40,-9.09,-59.50,1031501,SMA Buy,149.13,6.21days
26/03/2026 14:41:13,buy,0.03,GBPCAD,1.84389,31/03/2026 17:04:39,1.84635,-0.15,0.12,24.60,5.27,12.80,59.70,-21.71,-100.70,1031501,SMA Buy,122.39,5.10days
30/03/2026 18:14:36,buy,0.10,GBPCAD,1.83526,31/03/2026 17:04:37,1.84615,-0.50,0.14,108.90,77.83,85.21,119.20,-10.69,-14.40,1031501,SMA Buy,22.83,22.83hrs
30/03/2026 16:41:45,buy,0.07,GBPCAD,1.83730,31/03/2026 17:04:34,1.84620,-0.35,0.10,89.00,44.48,49.40,98.80,-17.73,-34.80,1031501,SMA Buy,24.38,1.02days
30/03/2026 16:34:37,buy,0.05,GBPCAD,1.83930,31/03/2026 17:04:31,1.84617,-0.25,0.07,68.70,24.49,28.10,78.80,-19.84,-54.80,1031501,SMA Buy,24.50,1.02days
26/03/2026 02:00:00,buy,0.02,GBPCAD,1.84584,31/03/2026 17:04:27,1.84600,-0.10,0.09,1.60,0.22,5.71,40.20,-17.26,-120.20,1031501,SMA Buy,135.07,5.63days
27/03/2026 15:30:01,sell,0.02,GBPUSD,1.32894,30/03/2026 15:18:33,1.32310,-0.10,-0.05,58.40,11.53,13.09,66.20,-8.00,-39.50,2031501,SMA Sell,71.81,2.99days
25/03/2026 10:35:40,sell,0.03,AUDCAD,0.96315,30/03/2026 03:19:59,0.95238,-0.15,-0.88,107.70,22.23,24.52,118.40,-0.30,-0.70,2031501,SMA Sell,112.74,4.70days
23/03/2026 18:00:00,sell,0.02,AUDCAD,0.95932,30/03/2026 03:19:56,0.95252,-0.10,-0.81,68.00,8.88,10.61,80.10,-7.37,-49.90,2031501,SMA Sell,153.33,6.39days
26/03/2026 15:08:23,sell,0.02,AUDUSD,0.69111,30/03/2026 03:19:43,0.68538,-0.10,-0.10,57.30,11.26,13.18,66.90,-3.22,-15.60,2031501,SMA Sell,84.19,3.51days
25/03/2026 12:57:13,buy,0.02,EURAUD,1.66572,27/03/2026 03:19:31,1.67632,-0.10,-0.81,106.00,13.67,15.04,116.00,-6.75,-47.70,1031501,SMA Buy,38.37,1.60days
24/03/2026 05:21:35,buy,0.02,GBPAUD,1.92246,26/03/2026 16:58:03,1.93184,-0.10,-0.51,93.80,12.36,14.28,107.70,-10.55,-74.60,1031501,SMA Buy,59.61,2.48days
24/03/2026 22:22:34,sell,0.03,AUDUSD,0.69925,26/03/2026 14:08:23,0.69188,-0.15,-0.28,73.70,21.68,24.17,82.00,-5.13,-16.60,2031501,SMA Sell,39.76,1.66days
24/03/2026 06:00:06,sell,0.02,AUDUSD,0.69684,26/03/2026 14:08:17,0.69189,-0.10,-0.19,49.50,9.61,11.29,57.90,-8.24,-40.70,2031501,SMA Sell,56.14,2.34days
13/03/2026 18:24:51,sell,0.34,USDCAD,1.37385,26/03/2026 02:46:36,1.38250,-1.70,-24.10,-86.50,-238.53,204.27,83.60,-238.53,-86.50,2031501,SMA Sell,296.36,12.35days
13/03/2026 08:33:25,sell,0.07,USDCAD,1.36535,26/03/2026 02:46:33,1.38250,-0.35,-4.95,-171.50,-92.14,0.73,2.10,-92.14,-171.50,2031501,SMA Sell,306.22,12.76days
24/03/2026 19:09:46,sell,0.77,USDCAD,1.37837,26/03/2026 02:46:30,1.38251,-3.85,-9.89,-41.40,-244.32,193.29,35.20,-244.32,-41.40,2031501,SMA Sell,31.61,1.32days
13/03/2026 14:46:02,sell,0.15,USDCAD,1.36978,26/03/2026 02:46:28,1.38252,-0.75,-10.64,-127.40,-149.62,45.41,42.90,-149.62,-127.40,2031501,SMA Sell,300.01,12.50days
12/03/2026 15:37:02,sell,0.03,USDCAD,1.36101,26/03/2026 02:46:25,1.38251,-0.15,-2.68,-215.00,-49.48,2.36,11.40,-49.48,-215.00,2031501,SMA Sell,323.16,13.46days
25/03/2026 17:17:59,sell,1.15,USDCAD,1.38045,26/03/2026 02:46:22,1.38257,-5.75,-7.37,-21.20,-189.46,45.92,6.20,-189.46,-21.20,2031501,SMA Sell,9.47,9.47hrs
24/03/2026 17:57:24,sell,0.51,USDCAD,1.37634,26/03/2026 02:46:19,1.38251,-2.55,-6.55,-61.70,-236.71,52.72,14.90,-236.71,-61.70,2031501,SMA Sell,32.82,1.37days
13/03/2026 17:02:15,sell,0.23,USDCAD,1.37185,26/03/2026 02:46:16,1.38251,-1.15,-16.30,-106.60,-194.79,104.50,63.60,-194.79,-106.60,2031501,SMA Sell,297.73,12.41days
13/03/2026 12:27:32,sell,0.10,USDCAD,1.36780,26/03/2026 02:46:13,1.38251,-0.50,-7.08,-147.10,-113.98,15.78,23.10,-113.98,-147.10,2031501,SMA Sell,302.31,12.60days
12/03/2026 17:13:11,sell,0.05,USDCAD,1.36317,26/03/2026 02:46:10,1.38242,-0.25,-4.50,-192.50,-74.37,5.88,16.70,-74.37,-192.50,2031501,SMA Sell,321.55,13.40days
09/03/2026 04:00:01,sell,0.02,USDCAD,1.35901,26/03/2026 02:46:08,1.38258,-0.10,-2.21,-235.70,-36.41,9.16,62.60,-36.41,-235.70,2031501,SMA Sell,406.77,16.95days
24/03/2026 11:30:34,buy,0.03,GBPCAD,1.83939,25/03/2026 13:47:49,1.85004,-0.15,0.04,106.50,23.04,24.70,114.10,-4.54,-20.10,1031501,SMA Buy,26.29,1.10days
24/03/2026 01:00:25,buy,0.02,GBPCAD,1.84349,25/03/2026 13:47:46,1.84996,-0.10,0.03,64.70,9.31,10.53,73.10,-8.99,-61.10,1031501,SMA Buy,36.79,1.53days
23/03/2026 16:57:14,buy,0.02,EURCAD,1.59118,25/03/2026 10:58:03,1.59944,-0.10,-0.18,82.60,11.70,13.56,95.40,-3.07,-20.40,1031501,SMA Buy,42.01,1.75days
23/03/2026 14:00:19,buy,0.02,GBPAUD,1.91243,24/03/2026 04:21:27,1.92136,-0.10,-0.13,89.30,12.22,14.21,103.70,-8.39,-58.80,1031501,SMA Buy,14.35,14.35hrs
23/03/2026 13:12:16,buy,0.07,EURAUD,1.64664,24/03/2026 02:23:46,1.65781,-0.35,-0.71,111.70,53.62,58.36,121.50,-4.98,-9.40,1031501,SMA Buy,13.19,13.19hrs
23/03/2026 13:08:35,buy,0.03,EURAUD,1.65068,24/03/2026 02:23:43,1.65778,-0.15,-0.31,71.00,14.44,16.54,81.10,-10.65,-49.80,1031501,SMA Buy,13.25,13.25hrs
23/03/2026 13:08:59,buy,0.05,EURAUD,1.64873,24/03/2026 02:23:40,1.65747,-0.25,-0.51,87.40,29.81,34.38,100.60,-10.90,-30.30,1031501,SMA Buy,13.24,13.24hrs
23/03/2026 10:26:55,buy,0.02,EURAUD,1.65700,24/03/2026 02:23:37,1.65748,-0.10,-0.20,4.80,0.37,6.26,46.00,-15.99,-113.00,1031501,SMA Buy,15.95,15.95hrs
20/03/2026 16:31:21,buy,0.34,GBPCAD,1.82641,23/03/2026 13:07:37,1.83616,-1.70,0.49,97.50,240.87,240.87,97.50,-79.09,-31.50,1031501,SMA Buy,68.60,2.86days
20/03/2026 12:09:20,buy,0.07,GBPCAD,1.83462,23/03/2026 13:07:34,1.83664,-0.35,0.10,20.20,10.08,14.29,28.70,-58.07,-113.60,1031501,SMA Buy,72.97,3.04days
20/03/2026 16:07:04,buy,0.15,GBPCAD,1.83047,23/03/2026 13:07:31,1.83665,-0.75,0.22,61.80,67.18,67.18,61.80,-79.17,-72.10,1031501,SMA Buy,69.01,2.88days
20/03/2026 11:21:42,buy,0.03,GBPCAD,1.83875,23/03/2026 13:07:29,1.83665,-0.15,0.04,-21.00,-4.71,0.20,1.60,-33.90,-154.90,1031501,SMA Buy,73.76,3.07days
23/03/2026 08:44:57,buy,0.51,GBPCAD,1.82440,23/03/2026 13:07:26,1.83665,-2.55,0.00,122.50,453.92,453.92,122.50,-44.83,-11.40,1031501,SMA Buy,4.37,4.37hrs
20/03/2026 16:14:44,buy,0.23,GBPCAD,1.82848,23/03/2026 13:07:23,1.83665,-1.15,0.33,81.70,136.48,136.48,81.70,-88.12,-52.20,1031501,SMA Buy,68.88,2.87days
20/03/2026 15:13:58,buy,0.10,GBPCAD,1.83247,23/03/2026 13:07:20,1.83666,-0.50,0.15,41.90,30.26,30.26,41.90,-67.32,-92.10,1031501,SMA Buy,69.89,2.91days
20/03/2026 11:47:37,buy,0.05,GBPCAD,1.83676,23/03/2026 13:07:17,1.83683,-0.25,0.07,0.70,0.08,2.41,7.30,-49.26,-135.00,1031501,SMA Buy,73.33,3.06days
20/03/2026 10:00:00,buy,0.02,GBPCAD,1.84226,23/03/2026 13:07:13,1.83709,-0.10,0.03,-51.70,-7.63,1.18,8.80,-27.70,-190.00,1031501,SMA Buy,75.12,3.13days
23/03/2026 03:51:21,buy,0.02,GBPAUD,1.90629,23/03/2026 12:45:38,1.91768,-0.10,0.00,113.90,15.65,16.41,119.40,-1.18,-7.70,1031501,SMA Buy,8.90,8.90hrs
19/03/2026 19:34:50,sell,0.34,EURCAD,1.58634,23/03/2026 12:33:43,1.58035,-1.70,-2.24,59.90,144.16,157.76,65.40,-165.95,-66.40,2031501,SMA Sell,88.98,3.71days
16/03/2026 21:15:29,sell,0.07,EURCAD,1.57595,23/03/2026 12:33:40,1.58031,-0.35,-1.61,-43.60,-24.15,24.62,49.30,-88.23,-170.30,2031501,SMA Sell,159.30,6.64days
19/03/2026 21:02:58,sell,0.77,EURCAD,1.59034,23/03/2026 12:33:37,1.58037,-3.85,-5.06,99.70,549.34,581.25,105.40,-151.75,-26.40,2031501,SMA Sell,87.51,3.65days
18/03/2026 08:12:06,sell,0.15,EURCAD,1.58211,23/03/2026 12:33:34,1.58018,-0.75,-2.46,19.30,17.84,105.95,99.00,-120.86,-108.70,2031501,SMA Sell,124.36,5.18days
13/03/2026 14:45:14,sell,0.03,EURCAD,1.57186,23/03/2026 12:33:29,1.58043,-0.15,-0.80,-85.70,-19.65,13.54,63.00,-46.85,-211.20,2031501,SMA Sell,237.80,9.91days
19/03/2026 21:17:07,sell,1.15,EURCAD,1.59232,23/03/2026 12:33:23,1.58065,-5.75,-7.56,116.70,962.62,1033.68,125.20,-60.97,-6.60,2031501,SMA Sell,87.27,3.64days
19/03/2026 20:56:20,sell,0.51,EURCAD,1.58835,23/03/2026 12:33:20,1.58067,-2.55,-3.35,76.80,278.93,311.19,85.50,-174.35,-46.30,2031501,SMA Sell,87.62,3.65days
19/03/2026 19:02:18,sell,0.23,EURCAD,1.58424,23/03/2026 12:33:17,1.58068,-1.15,-1.52,35.60,56.87,71.59,44.40,-147.40,-87.40,2031501,SMA Sell,89.52,3.73days
17/03/2026 15:02:49,sell,0.10,EURCAD,1.58011,23/03/2026 12:33:14,1.58063,-0.50,-1.98,-5.20,-6.26,55.73,79.00,-95.46,-128.70,2031501,SMA Sell,141.51,5.90days
13/03/2026 15:01:29,sell,0.05,EURCAD,1.57395,23/03/2026 12:33:11,1.58062,-0.25,-1.29,-66.70,-25.79,30.20,83.90,-70.45,-190.30,2031501,SMA Sell,237.53,9.90days
13/03/2026 08:57:21,sell,0.02,EURCAD,1.56809,23/03/2026 12:33:08,1.58066,-0.10,-0.55,-125.70,-18.93,7.80,54.00,-36.73,-248.90,2031501,SMA Sell,243.60,10.15days
23/03/2026 01:00:17,buy,0.02,EURAUD,1.64952,23/03/2026 09:26:55,1.65782,-0.10,0.00,83.00,11.45,12.48,90.50,-1.91,-12.90,1031501,SMA Buy,8.44,8.44hrs
20/03/2026 06:53:46,buy,0.03,GBPAUD,1.89111,23/03/2026 02:51:21,1.90309,-0.15,-0.19,119.80,24.80,27.33,132.00,-3.45,-15.50,1031501,SMA Buy,67.96,2.83days
20/03/2026 02:30:01,buy,0.02,GBPAUD,1.89661,23/03/2026 02:51:17,1.90308,-0.10,-0.13,64.70,8.82,10.53,77.00,-10.10,-70.50,1031501,SMA Buy,72.35,3.01days
19/03/2026 14:26:48,buy,0.10,AUDCAD,0.96424,19/03/2026 21:25:54,0.97316,-0.50,0.00,89.20,64.48,72.79,100.50,-24.75,-33.30,1031501,SMA Buy,6.99,6.99hrs
18/03/2026 14:30:24,buy,0.05,AUDCAD,0.96892,19/03/2026 21:25:51,0.97315,-0.25,0.12,42.30,15.27,19.45,53.70,-29.30,-80.10,1031501,SMA Buy,30.92,1.29days
19/03/2026 15:03:32,buy,0.15,AUDCAD,0.96224,19/03/2026 21:25:48,0.97322,-0.75,0.00,109.80,119.25,131.07,120.50,-15.28,-13.30,1031501,SMA Buy,6.37,6.37hrs
18/03/2026 15:15:31,buy,0.07,AUDCAD,0.96683,19/03/2026 21:25:45,0.97335,-0.35,0.17,65.20,33.07,37.90,74.60,-30.36,-59.20,1031501,SMA Buy,30.17,1.26days
18/03/2026 14:07:43,buy,0.03,AUDCAD,0.97099,19/03/2026 21:25:42,0.97329,-0.15,0.07,23.00,4.95,7.14,33.00,-22.11,-100.80,1031501,SMA Buy,31.30,1.30days
17/03/2026 20:57:23,buy,0.02,AUDCAD,0.97302,19/03/2026 21:25:39,0.97324,-0.10,0.07,2.20,0.29,4.15,29.00,-17.67,-121.10,1031501,SMA Buy,48.47,2.02days
18/03/2026 21:47:38,buy,0.07,GBPCAD,1.82215,19/03/2026 15:57:03,1.83103,-0.35,0.30,88.80,45.27,48.82,95.80,-16.98,-32.60,1031501,SMA Buy,18.16,18.16hrs
19/03/2026 09:02:48,buy,0.10,GBPCAD,1.81916,19/03/2026 15:56:59,1.83117,-0.50,0.00,120.10,87.07,91.10,125.70,-0.06,0.00,1031501,SMA Buy,6.90,6.90hrs
18/03/2026 16:14:03,buy,0.05,GBPCAD,1.82443,19/03/2026 15:56:55,1.83071,-0.25,0.22,62.80,22.86,26.57,73.00,-20.43,-55.40,1031501,SMA Buy,23.71,23.71hrs
18/03/2026 14:25:26,buy,0.03,GBPCAD,1.82654,19/03/2026 15:56:53,1.83068,-0.15,0.13,41.40,9.03,11.33,51.90,-16.87,-76.50,1031501,SMA Buy,25.52,1.06days
18/03/2026 01:00:19,buy,0.02,GBPCAD,1.82932,19/03/2026 15:56:50,1.83074,-0.10,0.09,14.20,2.06,4.86,34.00,-15.30,-104.30,1031501,SMA Buy,38.94,1.62days
16/03/2026 20:26:48,sell,0.07,EURUSD,1.15197,19/03/2026 10:17:14,1.14543,-0.35,0.85,65.40,46.28,53.14,75.20,-23.74,-33.90,2031501,SMA Sell,61.84,2.58days
16/03/2026 13:21:28,sell,0.03,EURUSD,1.14788,19/03/2026 10:17:11,1.14538,-0.15,0.36,25.00,7.71,10.50,34.30,-22.45,-74.80,2031501,SMA Sell,68.93,2.87days
17/03/2026 15:23:22,sell,0.10,EURUSD,1.15398,19/03/2026 10:17:08,1.14536,-0.50,0.99,86.20,86.69,95.79,95.30,-14.05,-13.80,2031501,SMA Sell,42.90,1.79days
16/03/2026 15:55:13,sell,0.05,EURUSD,1.14995,19/03/2026 10:17:05,1.14529,-0.25,0.61,46.60,23.66,27.86,55.00,-27.06,-54.10,2031501,SMA Sell,66.36,2.77days
13/03/2026 17:00:03,sell,0.02,EURUSD,1.14587,19/03/2026 10:17:01,1.14541,-0.10,0.30,4.60,1.12,9.34,47.20,-18.93,-94.90,2031501,SMA Sell,137.28,5.72days
13/03/2026 17:36:24,buy,0.34,AUDUSD,0.70118,17/03/2026 15:52:50,0.71072,-1.70,-0.80,95.40,321.86,354.16,104.90,-111.52,-32.30,1031501,SMA Buy,94.27,3.93days
12/03/2026 16:20:59,buy,0.07,AUDUSD,0.70936,17/03/2026 15:52:47,0.71072,-0.35,-0.24,13.60,8.93,15.58,23.10,-80.30,-114.10,1031501,SMA Buy,119.53,4.98days
13/03/2026 08:26:28,buy,0.15,AUDUSD,0.70523,17/03/2026 15:52:44,0.71077,-0.75,-0.36,55.40,81.99,95.49,64.40,-109.95,-72.80,1031501,SMA Buy,103.44,4.31days
11/03/2026 19:38:24,buy,0.03,AUDUSD,0.71390,17/03/2026 15:52:41,0.71079,-0.15,-0.23,-31.10,-9.71,5.65,19.70,-48.15,-159.50,1031501,SMA Buy,140.24,5.84days
13/03/2026 09:18:01,buy,0.23,AUDUSD,0.70322,17/03/2026 15:52:38,0.71084,-1.15,-0.54,76.20,173.57,192.66,84.50,-122.36,-52.70,1031501,SMA Buy,102.58,4.27days
12/03/2026 17:16:27,buy,0.10,AUDUSD,0.70732,17/03/2026 15:52:35,0.71090,-0.50,-0.36,35.80,34.94,42.64,43.50,-94.32,-93.70,1031501,SMA Buy,118.60,4.94days
12/03/2026 08:10:22,buy,0.05,AUDUSD,0.71143,17/03/2026 15:52:33,0.71088,-0.25,-0.18,-5.50,-3.18,15.55,31.60,-67.71,-134.80,1031501,SMA Buy,127.70,5.32days
11/03/2026 08:57:16,buy,0.02,AUDUSD,0.71733,17/03/2026 15:52:28,0.71080,-0.10,-0.13,-65.30,-13.29,1.42,7.60,-38.95,-193.80,1031501,SMA Buy,150.92,6.29days
13/03/2026 08:49:00,buy,0.07,AUDCAD,0.96100,17/03/2026 15:51:06,0.97345,-0.35,0.12,124.50,63.42,69.44,136.30,-16.42,-31.50,1031501,SMA Buy,103.03,4.29days
12/03/2026 16:27:31,buy,0.03,AUDCAD,0.96525,17/03/2026 15:51:03,0.97347,-0.15,0.06,82.20,17.92,20.46,93.80,-16.31,-74.00,1031501,SMA Buy,119.39,4.97days
13/03/2026 10:11:34,buy,0.10,AUDCAD,0.95899,17/03/2026 15:51:00,0.97361,-0.50,0.16,146.20,106.43,113.87,156.40,-8.81,-11.40,1031501,SMA Buy,101.66,4.24days
13/03/2026 08:16:56,buy,0.05,AUDCAD,0.96309,17/03/2026 15:50:54,0.97367,-0.25,0.08,105.80,38.46,41.96,115.40,-19.34,-52.40,1031501,SMA Buy,103.57,4.32days
11/03/2026 02:00:00,buy,0.02,AUDCAD,0.96726,17/03/2026 15:50:51,0.97354,-0.10,0.11,62.80,9.18,11.45,78.50,-13.74,-94.10,1031501,SMA Buy,157.85,6.58days
13/03/2026 09:01:20,buy,0.34,GBPUSD,1.33017,17/03/2026 15:41:16,1.33507,-1.70,-1.52,49.00,163.38,183.78,55.00,-282.20,-82.50,1031501,SMA Buy,102.67,4.28days
12/03/2026 00:57:46,buy,0.07,GBPUSD,1.33901,17/03/2026 15:41:13,1.33515,-0.35,-0.48,-38.60,-27.85,11.13,16.40,-120.14,-170.90,1031501,SMA Buy,134.72,5.61days
13/03/2026 10:19:16,buy,0.77,GBPUSD,1.32614,17/03/2026 15:41:10,1.33500,-3.85,-3.44,88.60,674.93,726.52,95.30,-328.79,-42.20,1031501,SMA Buy,101.36,4.22days
12/03/2026 17:05:18,buy,0.15,GBPUSD,1.33473,17/03/2026 15:41:07,1.33498,-0.75,-0.99,2.50,2.01,30.72,21.20,-193.23,-128.10,1031501,SMA Buy,118.60,4.94days
10/03/2026 20:17:31,buy,0.03,GBPUSD,1.34302,17/03/2026 15:41:04,1.33492,-0.15,-0.48,-81.00,-24.93,7.61,26.10,-63.79,-211.00,1031501,SMA Buy,163.39,6.81days
16/03/2026 09:36:01,buy,1.15,GBPUSD,1.32307,17/03/2026 15:41:01,1.33486,-5.75,-2.56,117.90,1347.54,1440.69,126.00,-2.30,0.00,1031501,SMA Buy,30.08,1.25days
13/03/2026 09:48:34,buy,0.51,GBPUSD,1.32814,17/03/2026 15:40:58,1.33486,-2.55,-2.28,67.20,337.89,379.20,75.30,-319.77,-62.20,1031501,SMA Buy,101.87,4.24days
13/03/2026 08:18:08,buy,0.23,GBPUSD,1.33235,17/03/2026 15:40:53,1.33491,-1.15,-1.02,25.60,56.71,74.19,33.20,-241.04,-104.30,1031501,SMA Buy,103.38,4.31days
12/03/2026 04:36:54,buy,0.10,GBPUSD,1.33673,17/03/2026 15:40:48,1.33489,-0.50,-0.66,-18.40,-19.56,38.70,39.20,-148.82,-148.10,1031501,SMA Buy,131.06,5.46days
11/03/2026 10:48:43,buy,0.05,GBPUSD,1.34102,17/03/2026 15:40:45,1.33494,-0.25,-0.66,-60.80,-31.31,16.00,32.50,-96.19,-191.00,1031501,SMA Buy,148.87,6.20days
10/03/2026 17:00:02,buy,0.02,GBPUSD,1.34678,17/03/2026 15:40:42,1.33499,-0.10,-0.29,-117.90,-23.97,1.80,9.50,-50.03,-248.60,1031501,SMA Buy,166.68,6.94days
13/03/2026 08:31:21,sell,0.34,GBPAUD,1.89042,17/03/2026 07:40:51,1.87902,-1.70,-2.99,114.00,269.83,302.13,127.30,-109.01,-45.20,2031501,SMA Sell,95.16,3.96days
12/03/2026 15:47:25,sell,0.07,GBPAUD,1.88227,17/03/2026 07:40:47,1.87888,-0.35,-0.93,33.90,15.53,21.45,45.80,-62.59,-126.70,2031501,SMA Sell,111.89,4.66days
12/03/2026 17:16:19,sell,0.15,GBPAUD,1.88633,17/03/2026 07:40:44,1.87896,-0.75,-1.98,73.70,75.57,89.14,86.40,-91.59,-86.10,2031501,SMA Sell,110.41,4.60days
12/03/2026 08:09:33,sell,0.03,GBPAUD,1.87833,17/03/2026 07:40:41,1.87895,-0.15,-0.39,-6.20,-1.85,7.65,36.40,-35.08,-166.10,2031501,SMA Sell,119.52,4.98days
13/03/2026 02:03:36,sell,0.23,GBPAUD,1.88835,17/03/2026 07:40:38,1.87885,-1.15,-2.03,95.00,151.59,170.62,106.60,-106.99,-65.90,2031501,SMA Sell,101.62,4.23days
12/03/2026 16:42:00,sell,0.10,GBPAUD,1.88430,17/03/2026 07:40:35,1.87879,-0.50,-1.32,55.10,37.21,45.04,66.10,-75.24,-106.40,2031501,SMA Sell,110.98,4.62days
12/03/2026 15:22:56,sell,0.05,GBPAUD,1.88032,17/03/2026 07:40:32,1.87886,-0.25,-0.66,14.60,4.26,8.41,26.30,-51.52,-146.20,2031501,SMA Sell,112.29,4.68days
11/03/2026 04:47:31,sell,0.02,GBPAUD,1.87549,17/03/2026 07:40:29,1.87889,-0.10,-0.54,-34.00,-5.46,7.91,55.80,-27.62,-194.50,2031501,SMA Sell,146.88,6.12days
13/03/2026 04:00:01,sell,0.02,EURUSD,1.15172,13/03/2026 10:32:09,1.14434,-0.10,0.00,73.80,14.66,16.20,81.50,-0.94,-4.20,2031501,SMA Sell,6.54,6.54hrs
09/03/2026 17:10:08,sell,0.07,EURCAD,1.57378,12/03/2026 07:04:00,1.56799,-0.35,-1.16,57.90,28.31,33.27,67.50,-49.59,-95.10,2031501,SMA Sell,61.90,2.58days
10/03/2026 09:30:06,sell,0.15,EURCAD,1.58060,12/03/2026 07:03:58,1.56811,-0.75,-1.99,124.90,135.12,147.08,135.70,-30.46,-26.90,2031501,SMA Sell,45.56,1.90days
09/03/2026 15:30:17,sell,0.03,EURCAD,1.56974,12/03/2026 07:03:55,1.56812,-0.15,-0.50,16.20,2.93,5.33,27.10,-30.18,-135.50,2031501,SMA Sell,63.56,2.65days
10/03/2026 10:01:05,sell,0.23,EURCAD,1.58260,12/03/2026 07:03:52,1.56818,-1.15,-3.05,144.20,239.86,259.38,155.70,-12.83,-6.90,2031501,SMA Sell,45.05,1.88days
09/03/2026 21:44:35,sell,0.10,EURCAD,1.57802,12/03/2026 07:03:49,1.56821,-0.50,-1.66,98.10,70.03,78.73,109.90,-39.63,-52.70,2031501,SMA Sell,57.32,2.39days
09/03/2026 15:37:31,sell,0.05,EURCAD,1.57178,12/03/2026 07:03:46,1.56827,-0.25,-0.84,35.10,11.82,16.39,47.50,-42.79,-115.10,2031501,SMA Sell,63.44,2.64days
09/03/2026 09:00:07,sell,0.02,EURCAD,1.56552,12/03/2026 07:03:43,1.56834,-0.10,-0.34,-28.20,-4.59,4.26,29.60,-26.34,-177.70,2031501,SMA Sell,70.06,2.92days
10/03/2026 09:29:05,sell,0.10,EURUSD,1.16452,11/03/2026 18:15:21,1.15721,-0.50,0.25,73.10,72.85,78.85,79.10,-20.10,-19.60,2031501,SMA Sell,32.77,1.37days
10/03/2026 19:18:07,sell,0.15,EURUSD,1.16647,11/03/2026 18:15:19,1.15728,-0.75,0.37,91.90,137.47,147.52,98.60,-0.90,-0.10,2031501,SMA Sell,22.95,22.95hrs
09/03/2026 21:45:43,sell,0.07,EURUSD,1.16257,11/03/2026 18:15:16,1.15728,-0.35,0.34,52.90,37.02,41.71,59.60,-27.55,-39.10,2031501,SMA Sell,44.49,1.85days
09/03/2026 21:19:54,sell,0.05,EURUSD,1.16048,11/03/2026 18:15:13,1.15729,-0.25,0.24,31.90,15.94,19.34,38.70,-30.13,-60.00,2031501,SMA Sell,44.92,1.87days
09/03/2026 15:32:19,sell,0.03,EURUSD,1.15855,11/03/2026 18:15:10,1.15731,-0.15,0.14,12.40,3.71,9.93,33.60,-23.87,-79.30,2031501,SMA Sell,50.71,2.11days
09/03/2026 01:00:08,sell,0.02,EURUSD,1.15382,11/03/2026 18:15:07,1.15728,-0.10,0.10,-34.60,-6.92,5.82,29.60,-25.37,-126.60,2031501,SMA Sell,65.25,2.72days
10/03/2026 16:57:11,sell,0.02,EURAUD,1.63047,11/03/2026 04:56:52,1.62240,-0.10,0.03,80.70,11.50,13.25,92.80,-2.88,-19.50,2031501,SMA Sell,11.99,11.99hrs
11/03/2026 04:46:18,buy,1.15,GBPAUD,1.87840,11/03/2026 04:47:28,1.87558,-5.75,0.00,-28.20,-238.20,0.00,0.00,-238.20,-28.20,1031501,SMA Buy,0.02,0.02hrs
10/03/2026 16:46:10,buy,0.51,GBPAUD,1.88398,11/03/2026 04:47:25,1.87558,-2.55,-2.39,-84.00,-312.01,45.89,13.30,-312.01,-84.00,1031501,SMA Buy,12.02,12.02hrs
10/03/2026 09:21:57,buy,0.15,GBPAUD,1.89488,11/03/2026 04:47:23,1.87555,-0.75,-0.70,-193.30,-209.27,26.62,25.70,-209.27,-193.30,1031501,SMA Buy,19.42,19.42hrs
09/03/2026 05:00:19,buy,0.05,GBPAUD,1.90182,11/03/2026 04:47:20,1.87546,-0.25,-0.46,-263.60,-95.19,14.59,42.50,-95.19,-263.60,1031501,SMA Buy,47.78,1.99days
11/03/2026 03:38:32,buy,0.77,GBPAUD,1.88024,11/03/2026 04:47:16,1.87562,-3.85,0.00,-46.20,-258.84,44.02,8.70,-258.84,-46.20,1031501,SMA Buy,1.15,1.15hrs
10/03/2026 12:12:44,buy,0.34,GBPAUD,1.89052,11/03/2026 04:47:13,1.87550,-1.70,-1.59,-150.20,-369.37,25.13,11.10,-369.37,-150.20,1031501,SMA Buy,16.57,16.57hrs
10/03/2026 09:38:41,buy,0.23,GBPAUD,1.89322,11/03/2026 04:47:10,1.87538,-1.15,-1.08,-178.40,-296.38,67.92,42.30,-296.38,-178.40,1031501,SMA Buy,19.14,19.14hrs
10/03/2026 08:19:45,buy,0.10,GBPAUD,1.89672,11/03/2026 04:47:07,1.87528,-0.50,-0.47,-214.40,-154.68,4.68,7.30,-154.68,-214.40,1031501,SMA Buy,20.46,20.46hrs
09/03/2026 07:23:24,buy,0.07,GBPAUD,1.89906,11/03/2026 04:47:04,1.87548,-0.35,-0.66,-235.80,-119.32,33.92,70.10,-119.32,-235.80,1031501,SMA Buy,45.39,1.89days
09/03/2026 04:51:52,buy,0.03,GBPAUD,1.90392,11/03/2026 04:47:02,1.87567,-0.15,-0.28,-282.50,-61.18,4.36,21.50,-61.18,-282.50,1031501,SMA Buy,47.92,2.00days
09/03/2026 03:00:01,buy,0.02,GBPAUD,1.90992,11/03/2026 04:46:58,1.87596,-0.10,-0.18,-339.60,-48.95,0.00,0.00,-48.95,-339.60,1031501,SMA Buy,49.78,2.07days
09/03/2026 01:00:29,buy,0.34,AUDCAD,0.94903,10/03/2026 10:05:59,0.96433,-1.70,0.28,153.00,381.60,421.55,168.80,-72.94,-28.50,1031501,SMA Buy,33.09,1.38days
03/03/2026 11:27:19,buy,0.07,AUDCAD,0.96543,10/03/2026 10:05:54,0.96438,-0.35,0.41,-10.50,-5.35,6.06,12.40,-99.06,-192.50,1031501,SMA Buy,166.64,6.94days
03/03/2026 17:08:42,buy,0.15,AUDCAD,0.95612,10/03/2026 10:05:51,0.96440,-0.75,0.85,82.80,91.55,115.20,105.50,-109.63,-99.40,1031501,SMA Buy,160.95,6.71days
26/02/2026 17:25:54,buy,0.03,AUDCAD,0.96939,10/03/2026 10:05:48,0.96441,-0.15,0.21,-49.80,-10.94,10.89,50.20,-51.15,-232.10,1031501,SMA Buy,280.67,11.69days
06/03/2026 15:50:58,buy,0.23,AUDCAD,0.95417,10/03/2026 10:05:45,0.96442,-1.15,0.38,102.50,172.81,198.23,117.40,-136.06,-79.90,1031501,SMA Buy,90.25,3.76days
03/03/2026 12:32:27,buy,0.10,AUDCAD,0.96325,10/03/2026 10:05:42,0.96450,-0.50,0.56,12.50,9.26,24.61,34.20,-125.51,-170.70,1031501,SMA Buy,165.55,6.90days
03/03/2026 10:30:01,buy,0.05,AUDCAD,0.96737,10/03/2026 10:05:40,0.96457,-0.25,0.28,-28.00,-10.28,0.00,0.00,-77.90,-211.90,1031501,SMA Buy,167.59,6.98days
25/02/2026 11:30:00,buy,0.02,AUDCAD,0.97143,10/03/2026 10:05:36,0.96456,-0.10,0.24,-68.70,-9.97,4.93,34.00,-37.01,-252.50,1031501,SMA Buy,310.59,12.94days
06/03/2026 10:40:04,sell,0.03,GBPUSD,1.33784,09/03/2026 02:11:20,1.33099,-0.15,-0.08,68.50,20.32,22.18,74.70,-8.91,-29.20,2031501,SMA Sell,63.52,2.65days
06/03/2026 18:36:35,sell,0.05,GBPUSD,1.33985,09/03/2026 02:11:17,1.33109,-0.25,-0.13,87.60,43.42,47.02,94.80,-4.80,-9.10,2031501,SMA Sell,55.58,2.32days
05/03/2026 20:57:09,sell,0.02,GBPUSD,1.33298,09/03/2026 02:11:14,1.33110,-0.10,-0.10,18.80,3.56,5.02,26.10,-15.71,-77.80,2031501,SMA Sell,77.23,3.22days
06/03/2026 13:30:00,sell,0.02,GBPCAD,1.82229,09/03/2026 00:19:49,1.80958,-0.10,-0.22,127.10,18.40,18.40,127.10,-4.12,-27.40,2031501,SMA Sell,58.83,2.45days
06/03/2026 14:22:18,sell,0.02,EURCAD,1.57893,09/03/2026 00:16:49,1.56487,-0.10,-0.07,140.60,20.56,20.56,140.60,-4.17,-27.80,2031501,SMA Sell,57.91,2.41days
24/02/2026 16:12:31,sell,0.34,USDCAD,1.37225,06/03/2026 18:29:03,1.36184,-1.70,-26.41,104.10,231.79,240.40,107.50,-89.54,-29.30,2031501,SMA Sell,242.28,10.09days
17/02/2026 02:41:35,sell,0.07,USDCAD,1.36410,06/03/2026 18:29:00,1.36183,-0.35,-6.32,22.70,5.00,6.72,26.00,-60.81,-110.80,2031501,SMA Sell,423.79,17.66days
17/02/2026 17:02:56,sell,0.15,USDCAD,1.36823,06/03/2026 18:28:57,1.36184,-0.75,-13.58,63.90,56.05,59.85,67.30,-85.29,-69.50,2031501,SMA Sell,409.43,17.06days
11/02/2026 15:30:42,sell,0.03,USDCAD,1.35983,06/03/2026 18:28:54,1.36192,-0.15,-3.65,-20.90,-8.40,9.99,45.80,-36.33,-153.50,2031501,SMA Sell,554.97,23.12days
03/03/2026 17:08:07,sell,0.51,USDCAD,1.37420,06/03/2026 18:28:51,1.36194,-2.55,-16.51,122.60,440.04,456.74,127.00,-38.89,-9.80,2031501,SMA Sell,73.35,3.06days
19/02/2026 06:29:16,sell,0.23,USDCAD,1.37025,06/03/2026 18:28:45,1.36195,-1.15,-20.85,83.00,118.17,125.87,87.50,-97.00,-49.30,2031501,SMA Sell,371.99,15.50days
17/02/2026 15:30:27,sell,0.10,USDCAD,1.36613,06/03/2026 18:28:41,1.36203,-0.50,-9.08,41.00,20.52,24.45,46.30,-72.15,-90.50,2031501,SMA Sell,410.97,17.12days
11/02/2026 17:32:19,sell,0.05,USDCAD,1.36185,06/03/2026 18:28:38,1.36208,-0.25,-6.13,-2.30,-7.22,24.10,66.00,-53.24,-133.30,2031501,SMA Sell,552.94,23.04days
09/02/2026 22:00:06,sell,0.02,USDCAD,1.35595,06/03/2026 18:28:34,1.36209,-0.10,-2.75,-61.40,-11.87,7.57,53.70,-30.17,-192.30,2031501,SMA Sell,596.47,24.85days
04/03/2026 09:31:56,sell,0.03,EURUSD,1.16264,06/03/2026 14:20:36,1.15627,-0.15,0.29,63.70,19.25,21.98,72.80,-8.40,-27.50,2031501,SMA Sell,52.81,2.20days
04/03/2026 12:09:24,sell,0.05,EURUSD,1.16462,06/03/2026 14:20:33,1.15622,-0.25,0.49,84.00,42.24,46.54,92.60,-4.10,-7.70,2031501,SMA Sell,50.19,2.09days
03/03/2026 17:30:19,sell,0.02,EURUSD,1.15548,06/03/2026 14:20:29,1.15621,-0.10,0.25,-7.30,-1.31,0.39,1.20,-19.87,-99.10,2031501,SMA Sell,68.84,2.87days
04/03/2026 13:20:37,sell,0.05,EURCAD,1.59182,06/03/2026 13:22:17,1.58177,-0.25,-0.66,100.50,35.87,38.89,108.70,-2.99,-7.50,2031501,SMA Sell,48.03,2.00days
04/03/2026 12:21:53,sell,0.03,EURCAD,1.58982,06/03/2026 13:22:14,1.58178,-0.15,-0.40,80.40,17.11,18.94,88.70,-6.18,-27.50,2031501,SMA Sell,49.01,2.04days
04/03/2026 10:00:00,sell,0.02,EURCAD,1.58670,06/03/2026 13:22:10,1.58178,-0.10,-0.27,49.20,6.83,8.05,57.50,-8.68,-58.70,2031501,SMA Sell,51.37,2.14days
04/03/2026 16:18:49,sell,0.10,GBPCAD,1.83101,05/03/2026 08:29:40,1.81978,-0.50,-3.22,112.30,78.47,87.08,124.10,-0.94,-0.60,2031501,SMA Sell,16.18,16.18hrs
04/03/2026 12:28:50,sell,0.07,GBPCAD,1.82901,05/03/2026 08:29:37,1.81978,-0.35,-2.25,92.30,44.69,50.72,104.10,-10.89,-20.60,2031501,SMA Sell,20.01,20.01hrs
04/03/2026 11:15:46,sell,0.05,GBPCAD,1.82702,05/03/2026 08:29:34,1.81975,-0.25,-1.61,72.70,24.74,28.94,84.20,-15.05,-40.50,2031501,SMA Sell,21.23,21.23hrs
03/03/2026 20:57:33,sell,0.03,GBPCAD,1.82487,05/03/2026 08:29:31,1.81976,-0.15,-1.29,51.10,9.78,12.32,62.70,-14.06,-62.00,2031501,SMA Sell,35.53,1.48days
03/03/2026 11:20:54,sell,0.02,GBPCAD,1.82220,05/03/2026 08:29:29,1.81978,-0.10,-0.85,24.20,2.59,4.32,36.00,-13.28,-88.70,2031501,SMA Sell,45.14,1.88days
03/03/2026 20:41:11,sell,0.05,GBPUSD,1.33607,05/03/2026 08:19:40,1.33181,-0.25,-0.51,42.60,20.54,27.27,55.30,-20.98,-41.20,2031501,SMA Sell,35.64,1.49days
04/03/2026 13:24:44,sell,0.10,GBPUSD,1.34010,05/03/2026 08:19:38,1.33180,-0.50,-0.76,83.00,81.74,92.74,94.00,-1.40,-0.90,2031501,SMA Sell,18.91,18.91hrs
04/03/2026 12:08:21,sell,0.07,GBPUSD,1.33809,05/03/2026 08:19:35,1.33172,-0.35,-0.53,63.70,43.71,50.85,73.90,-15.05,-21.00,2031501,SMA Sell,20.19,20.19hrs
03/03/2026 20:23:37,sell,0.03,GBPUSD,1.33401,05/03/2026 08:19:31,1.33168,-0.15,-0.31,23.30,6.53,10.18,34.70,-18.77,-61.80,2031501,SMA Sell,35.93,1.50days
03/03/2026 16:57:14,sell,0.02,GBPUSD,1.32868,05/03/2026 08:19:29,1.33168,-0.10,-0.20,-30.00,-6.30,6.50,33.00,-23.17,-115.10,2031501,SMA Sell,39.37,1.64days
02/03/2026 00:21:21,buy,0.07,AUDUSD,0.70594,04/03/2026 12:12:54,0.70633,-0.35,-0.16,3.90,2.22,43.25,62.40,-80.09,-113.80,1031501,SMA Buy,59.86,2.49days
26/02/2026 17:01:24,buy,0.03,AUDUSD,0.71006,04/03/2026 12:12:51,0.70596,-0.15,-0.16,-41.00,-12.61,9.02,30.70,-46.77,-155.00,1031501,SMA Buy,139.19,5.80days
03/03/2026 17:09:09,buy,0.34,AUDUSD,0.69534,04/03/2026 12:12:46,0.70613,-1.70,-0.40,107.90,364.76,393.66,116.40,-28.22,-7.80,1031501,SMA Buy,19.06,19.06hrs
03/03/2026 16:58:33,buy,0.23,AUDUSD,0.69734,04/03/2026 12:12:40,0.70596,-1.15,-0.27,86.20,196.84,220.30,96.40,-65.09,-27.80,1031501,SMA Buy,19.24,19.24hrs
03/03/2026 12:38:26,buy,0.15,AUDUSD,0.70182,04/03/2026 12:12:34,0.70610,-0.75,-0.18,42.80,63.27,76.47,51.60,-109.65,-72.60,1031501,SMA Buy,23.57,23.57hrs
03/03/2026 12:09:07,buy,0.10,AUDUSD,0.70392,04/03/2026 12:12:31,0.70604,-0.50,-0.12,21.20,20.58,29.98,30.60,-94.10,-93.60,1031501,SMA Buy,24.06,1.00days
26/02/2026 17:20:57,buy,0.05,AUDUSD,0.70805,04/03/2026 12:12:28,0.70610,-0.25,-0.24,-19.50,-10.24,25.09,50.80,-67.88,-134.90,1031501,SMA Buy,138.86,5.79days
25/02/2026 21:00:02,buy,0.02,AUDUSD,0.71199,04/03/2026 12:12:24,0.70603,-0.10,-0.15,-59.60,-12.17,2.81,14.90,-35.09,-174.30,1031501,SMA Buy,159.21,6.63days
03/03/2026 16:35:08,sell,0.23,GBPAUD,1.90183,03/03/2026 18:48:47,1.89754,-1.15,0.00,42.90,68.14,80.61,50.60,-128.08,-79.40,2031501,SMA Sell,2.23,2.23hrs
03/03/2026 15:09:08,sell,0.10,GBPAUD,1.89700,03/03/2026 18:48:44,1.89760,-0.50,0.00,-6.00,-4.72,4.76,7.50,-89.26,-127.70,2031501,SMA Sell,3.66,3.66hrs
03/03/2026 17:12:49,sell,1.15,GBPAUD,1.91000,03/03/2026 18:48:41,1.89759,-5.75,0.00,124.10,996.54,1063.05,132.30,0.00,0.00,2031501,SMA Sell,1.60,1.60hrs
03/03/2026 17:08:53,sell,0.77,GBPAUD,1.90792,03/03/2026 18:48:39,1.89751,-3.85,0.00,104.10,559.14,599.27,111.50,-102.86,-18.50,2031501,SMA Sell,1.66,1.66hrs
03/03/2026 17:04:20,sell,0.51,GBPAUD,1.90583,03/03/2026 18:48:36,1.89753,-2.55,0.00,83.00,294.72,322.04,90.60,-142.22,-39.40,2031501,SMA Sell,1.74,1.74hrs
03/03/2026 16:53:45,sell,0.34,GBPAUD,1.90413,03/03/2026 18:48:33,1.89752,-1.70,0.00,66.10,156.13,174.09,73.60,-134.99,-56.40,2031501,SMA Sell,1.91,1.91hrs
03/03/2026 15:36:38,sell,0.15,GBPAUD,1.89901,03/03/2026 18:48:30,1.89748,-0.75,0.00,15.30,15.37,22.85,22.40,-112.93,-107.60,2031501,SMA Sell,3.20,3.20hrs
03/03/2026 14:42:29,sell,0.07,GBPAUD,1.89495,03/03/2026 18:48:27,1.89749,-0.35,0.00,-25.40,-12.84,0.88,2.50,-72.46,-148.20,2031501,SMA Sell,4.10,4.10hrs
03/03/2026 12:33:59,sell,0.05,GBPAUD,1.89259,03/03/2026 18:48:24,1.89751,-0.25,0.00,-49.20,-17.53,5.62,16.70,-59.96,-171.80,2031501,SMA Sell,6.24,6.24hrs
03/03/2026 12:11:45,sell,0.03,GBPAUD,1.89054,03/03/2026 18:48:21,1.89755,-0.15,0.00,-70.10,-14.92,2.05,10.40,-40.25,-192.30,2031501,SMA Sell,6.61,6.61hrs
03/03/2026 08:01:40,sell,0.02,GBPAUD,1.88419,03/03/2026 18:48:17,1.89760,-0.10,0.00,-134.10,-18.93,3.67,26.60,-35.66,-255.80,2031501,SMA Sell,10.78,10.78hrs
03/03/2026 09:58:38,sell,0.02,EURUSD,1.16448,03/03/2026 16:30:19,1.15775,-0.10,0.00,67.30,13.36,14.28,71.90,-0.06,0.00,2031501,SMA Sell,6.53,6.53hrs
02/03/2026 10:22:29,sell,0.02,GBPUSD,1.33374,03/03/2026 13:23:22,1.32730,-0.10,-0.05,64.40,12.73,14.15,71.50,-18.68,-92.90,2031501,SMA Sell,27.01,1.13days
03/03/2026 01:00:11,sell,0.02,EURCAD,1.59841,03/03/2026 13:05:28,1.59017,-0.10,0.00,82.40,11.92,13.47,93.00,-1.83,-11.80,2031501,SMA Sell,12.09,12.09hrs
03/03/2026 04:57:03,sell,0.02,GBPCAD,1.83162,03/03/2026 10:20:54,1.82322,-0.10,0.00,84.00,12.18,13.46,92.80,-1.02,-6.30,2031501,SMA Sell,5.40,5.40hrs
02/03/2026 09:03:02,buy,0.34,EURUSD,1.17291,03/03/2026 09:58:32,1.16437,-1.70,-2.66,-85.40,-294.72,52.36,15.90,-294.72,-85.40,1031501,SMA Buy,24.93,1.04days
17/02/2026 17:29:52,buy,0.07,EURUSD,1.18087,03/03/2026 09:58:29,1.16437,-0.35,-7.68,-165.00,-123.53,33.12,48.60,-123.53,-165.00,1031501,SMA Buy,328.48,13.69days
19/02/2026 14:50:06,buy,0.15,EURUSD,1.17687,03/03/2026 09:58:26,1.16430,-0.75,-11.71,-125.70,-201.01,93.51,64.40,-201.01,-125.70,1031501,SMA Buy,283.14,11.80days
11/02/2026 15:30:28,buy,0.03,EURUSD,1.18490,03/03/2026 09:58:24,1.16436,-0.15,-4.64,-205.40,-66.41,13.11,44.20,-66.41,-205.40,1031501,SMA Buy,474.47,19.77days
03/03/2026 08:03:14,buy,1.15,EURUSD,1.16650,03/03/2026 09:58:21,1.16438,-5.75,0.00,-21.20,-249.55,59.80,5.70,-249.55,-21.20,1031501,SMA Buy,1.92,1.92hrs
02/03/2026 17:55:32,buy,0.77,EURUSD,1.16850,03/03/2026 09:58:18,1.16436,-3.85,-6.03,-41.40,-328.66,210.98,27.90,-328.66,-41.40,1031501,SMA Buy,16.05,16.05hrs
02/03/2026 09:46:51,buy,0.51,EURUSD,1.17090,03/03/2026 09:58:15,1.16438,-2.55,-3.99,-65.20,-339.06,181.05,36.00,-339.06,-65.20,1031501,SMA Buy,24.19,1.01days
19/02/2026 16:14:32,buy,0.23,EURUSD,1.17492,03/03/2026 09:58:12,1.16437,-1.15,-18.00,-105.50,-261.80,188.22,83.90,-261.80,-105.50,1031501,SMA Buy,281.73,11.74days
18/02/2026 20:45:46,buy,0.10,EURUSD,1.17887,03/03/2026 09:58:09,1.16443,-0.50,-10.16,-144.40,-155.06,39.99,44.40,-155.06,-144.40,1031501,SMA Buy,301.21,12.55days
17/02/2026 09:55:30,buy,0.05,EURUSD,1.18286,03/03/2026 09:58:07,1.16447,-0.25,-5.46,-183.90,-97.66,13.71,28.70,-97.66,-183.90,1031501,SMA Buy,336.04,14.00days
09/02/2026 19:30:05,buy,0.02,EURUSD,1.19016,03/03/2026 09:58:03,1.16449,-0.10,-3.49,-256.70,-54.93,4.46,23.60,-54.93,-256.70,1031501,SMA Buy,518.47,21.60days
02/03/2026 14:37:31,sell,0.03,GBPAUD,1.89738,03/03/2026 07:01:37,1.88475,-0.15,-0.13,126.30,26.63,29.46,139.40,-2.46,-10.90,2031501,SMA Sell,16.40,16.40hrs
27/02/2026 19:06:11,sell,0.02,GBPAUD,1.88786,03/03/2026 07:01:34,1.88469,-0.10,-0.18,31.70,4.23,6.01,44.20,-16.57,-115.90,2031501,SMA Sell,83.92,3.50days
26/02/2026 17:20:47,sell,0.07,EURAUD,1.66654,02/03/2026 12:25:00,1.65604,-0.35,0.24,105.00,52.02,59.46,119.90,-1.64,-2.60,2031501,SMA Sell,91.07,3.79days
26/02/2026 16:31:06,sell,0.03,EURAUD,1.66250,02/03/2026 12:24:58,1.65630,-0.15,0.10,62.00,13.14,16.88,79.50,-9.28,-43.00,2031501,SMA Sell,91.90,3.83days
26/02/2026 17:14:15,sell,0.05,EURAUD,1.66448,02/03/2026 12:24:55,1.65621,-0.25,0.18,82.70,29.26,35.17,99.30,-8.46,-23.20,2031501,SMA Sell,91.18,3.80days
25/02/2026 16:31:40,sell,0.02,EURAUD,1.66036,02/03/2026 12:24:49,1.65610,-0.10,0.16,42.60,6.11,8.31,58.10,-9.12,-64.40,2031501,SMA Sell,115.89,4.83days
02/03/2026 07:00:00,sell,0.02,GBPUSD,1.34376,02/03/2026 09:22:29,1.33628,-0.10,0.00,74.80,14.86,16.92,85.10,0.00,0.00,2031501,SMA Sell,2.37,2.37hrs
09/02/2026 16:05:31,sell,0.07,EURCAD,1.62018,02/03/2026 00:41:18,1.60757,-0.35,-4.88,126.10,59.44,59.44,126.10,0.00,0.00,2031501,SMA Sell,488.60,20.36days
02/02/2026 01:07:33,sell,0.03,EURCAD,1.61570,02/03/2026 00:41:15,1.60756,-0.15,-2.82,81.40,14.92,14.92,81.40,-10.24,-42.60,2031501,SMA Sell,671.56,27.98days
02/02/2026 03:16:56,sell,0.05,EURCAD,1.61770,02/03/2026 00:41:12,1.60758,-0.25,-4.65,101.20,32.17,32.17,101.20,-9.72,-22.60,2031501,SMA Sell,669.40,27.89days
29/01/2026 22:00:06,sell,0.02,EURCAD,1.61307,02/03/2026 00:41:09,1.60770,-0.10,-2.07,53.70,5.70,7.45,53.70,-10.85,-68.90,2031501,SMA Sell,746.68,31.11days
27/02/2026 01:00:24,sell,0.02,GBPAUD,1.89823,27/02/2026 18:06:11,1.88780,-0.10,0.00,104.30,14.77,14.77,104.30,-2.81,-19.10,2031501,SMA Sell,17.10,17.10hrs
26/02/2026 16:08:11,sell,0.03,GBPAUD,1.90503,26/02/2026 23:26:18,1.89823,-0.15,0.00,68.00,14.35,17.20,81.50,-11.15,-51.80,2031501,SMA Sell,7.30,7.30hrs
26/02/2026 17:22:21,sell,0.10,GBPAUD,1.91069,26/02/2026 23:26:16,1.89818,-0.50,0.00,125.10,88.44,97.49,138.10,0.00,0.00,2031501,SMA Sell,6.07,6.07hrs
26/02/2026 17:13:59,sell,0.07,GBPAUD,1.90872,26/02/2026 23:26:13,1.89824,-0.35,0.00,104.80,51.80,58.46,118.40,-7.73,-14.90,2031501,SMA Sell,6.20,6.20hrs
26/02/2026 16:58:10,sell,0.05,GBPAUD,1.90673,26/02/2026 23:26:10,1.89824,-0.25,0.00,84.90,29.93,34.70,98.50,-12.57,-34.80,2031501,SMA Sell,6.47,6.47hrs
26/02/2026 06:00:00,sell,0.02,GBPAUD,1.90299,26/02/2026 23:26:04,1.89824,-0.10,0.00,47.50,6.65,8.57,61.10,-10.32,-72.20,2031501,SMA Sell,17.43,17.43hrs
20/02/2026 17:38:41,sell,0.07,GBPCAD,1.84850,26/02/2026 20:35:51,1.84261,-0.35,-4.50,58.90,25.26,30.06,68.30,-40.76,-74.60,2031501,SMA Sell,146.95,6.12days
24/02/2026 17:26:13,sell,0.15,GBPCAD,1.85249,26/02/2026 20:35:48,1.84284,-0.75,-6.41,96.50,98.55,111.36,108.20,-40.38,-34.70,2031501,SMA Sell,51.16,2.13days
20/02/2026 12:46:15,sell,0.03,GBPCAD,1.84470,26/02/2026 20:35:45,1.84284,-0.15,-1.92,18.60,2.00,4.57,30.30,-25.79,-112.60,2031501,SMA Sell,151.82,6.33days
24/02/2026 17:46:21,sell,0.23,GBPCAD,1.85447,26/02/2026 20:35:42,1.84279,-1.15,-9.84,116.80,185.20,203.99,128.00,-28.65,-14.90,2031501,SMA Sell,50.82,2.12days
24/02/2026 16:19:39,sell,0.10,GBPCAD,1.85050,26/02/2026 20:35:40,1.84280,-0.50,-4.28,77.00,51.45,59.70,88.30,-41.47,-54.60,2031501,SMA Sell,52.27,2.18days
20/02/2026 15:27:15,sell,0.05,GBPCAD,1.84671,26/02/2026 20:35:37,1.84285,-0.25,-3.19,38.60,10.66,14.96,50.40,-35.63,-92.50,2031501,SMA Sell,149.14,6.21days
19/02/2026 16:57:21,sell,0.02,GBPCAD,1.84265,26/02/2026 20:35:33,1.84287,-0.10,-1.48,-2.20,-1.90,3.91,27.40,-20.39,-133.10,2031501,SMA Sell,171.64,7.15days
20/02/2026 17:18:02,sell,0.03,GBPUSD,1.35089,26/02/2026 20:14:10,1.34553,-0.15,-0.47,53.60,15.46,17.59,60.70,-19.76,-63.80,2031501,SMA Sell,146.94,6.12days
26/02/2026 03:20:03,sell,0.10,GBPUSD,1.35701,26/02/2026 20:14:07,1.34553,-0.50,0.00,114.80,114.30,121.40,121.90,-3.10,-2.60,2031501,SMA Sell,16.90,16.90hrs
25/02/2026 18:47:31,sell,0.07,GBPUSD,1.35503,26/02/2026 20:14:04,1.34553,-0.35,-0.53,95.00,65.62,70.59,102.10,-16.56,-22.40,2031501,SMA Sell,25.44,1.06days
23/02/2026 01:57:52,sell,0.05,GBPUSD,1.35293,26/02/2026 20:14:01,1.34546,-0.25,-0.64,74.70,36.46,39.66,81.10,-22.59,-43.40,2031501,SMA Sell,90.27,3.76days
19/02/2026 13:00:00,sell,0.02,GBPUSD,1.34888,26/02/2026 20:13:58,1.34553,-0.10,-0.35,33.50,6.25,10.40,52.50,-17.23,-83.90,2031501,SMA Sell,175.23,7.30days
13/02/2026 07:29:24,buy,0.03,AUDCAD,0.96327,25/02/2026 09:33:38,0.97188,-0.15,0.21,86.10,18.95,21.38,97.20,-7.55,-33.60,1031501,SMA Buy,290.07,12.09days
13/02/2026 08:38:58,buy,0.05,AUDCAD,0.96124,25/02/2026 09:33:35,0.97189,-0.25,0.40,106.50,39.08,43.11,117.50,-5.13,-13.30,1031501,SMA Buy,288.91,12.04days
11/02/2026 20:57:08,buy,0.02,AUDCAD,0.96748,25/02/2026 09:33:31,0.97174,-0.10,0.25,42.60,6.38,8.21,55.10,-11.15,-75.70,1031501,SMA Buy,324.61,13.53days
24/02/2026 13:50:42,sell,0.10,GBPAUD,1.91454,25/02/2026 05:58:46,1.90330,-0.50,-0.44,112.40,78.86,81.96,116.70,-28.56,-39.90,2031501,SMA Sell,16.13,16.13hrs
23/02/2026 04:06:05,sell,0.05,GBPAUD,1.91074,25/02/2026 05:58:43,1.90361,-0.25,-0.44,71.30,24.62,27.26,78.70,-27.86,-77.90,2031501,SMA Sell,49.88,2.08days
24/02/2026 15:59:31,sell,0.15,GBPAUD,1.91701,25/02/2026 05:58:40,1.90376,-0.75,-0.66,132.50,139.69,149.26,141.40,-16.78,-15.20,2031501,SMA Sell,13.99,13.99hrs
23/02/2026 18:04:11,sell,0.07,GBPAUD,1.91246,25/02/2026 05:58:37,1.90348,-0.35,-0.62,89.80,43.65,46.72,95.90,-30.54,-60.70,2031501,SMA Sell,35.91,1.50days
23/02/2026 03:17:26,sell,0.03,GBPAUD,1.90873,25/02/2026 05:58:34,1.90374,-0.15,-0.26,49.90,10.22,12.08,58.60,-20.95,-98.00,2031501,SMA Sell,50.69,2.11days
20/02/2026 21:34:50,sell,0.02,GBPAUD,1.90466,25/02/2026 05:58:32,1.90374,-0.10,-0.27,9.20,0.94,2.17,17.90,-19.79,-138.70,2031501,SMA Sell,104.39,4.35days
20/02/2026 04:46:31,buy,0.07,AUDUSD,0.70193,23/02/2026 02:15:09,0.71011,-0.35,-0.08,81.80,56.83,63.13,90.80,-2.73,-3.40,1031501,SMA Buy,69.48,2.89days
13/02/2026 08:34:58,buy,0.03,AUDUSD,0.70596,23/02/2026 02:15:08,0.71010,-0.15,-0.31,41.40,11.96,14.69,50.50,-13.53,-43.70,1031501,SMA Buy,233.67,9.74days
17/02/2026 16:51:37,buy,0.05,AUDUSD,0.70394,23/02/2026 02:15:07,0.71010,-0.25,-0.36,61.60,30.19,34.74,70.70,-12.30,-23.50,1031501,SMA Buy,129.39,5.39days
09/02/2026 17:00:05,buy,0.02,AUDUSD,0.70810,23/02/2026 02:15:07,0.71010,-0.10,-0.32,20.00,3.58,12.55,64.00,-13.42,-65.10,1031501,SMA Buy,321.25,13.39days
18/02/2026 20:00:05,sell,0.02,GBPAUD,1.91414,20/02/2026 20:34:49,1.90625,-0.10,-0.35,78.90,10.72,11.91,87.20,-6.49,-45.40,2031501,SMA Sell,48.58,2.02days
11/02/2026 13:44:11,sell,0.07,GBPCAD,1.85416,19/02/2026 14:39:18,1.84379,-0.35,-7.55,103.70,45.12,51.52,116.20,-37.42,-66.20,2031501,SMA Sell,192.92,8.04days
11/02/2026 17:25:27,sell,0.15,GBPCAD,1.85827,19/02/2026 14:39:17,1.84378,-0.75,-16.19,144.90,141.81,155.43,157.30,-34.94,-25.10,2031501,SMA Sell,189.23,7.88days
11/02/2026 15:18:35,sell,0.10,GBPCAD,1.85624,19/02/2026 14:39:16,1.84379,-0.50,-10.78,124.50,79.66,88.80,137.00,-38.19,-45.40,2031501,SMA Sell,191.34,7.97days
11/02/2026 10:09:52,sell,0.03,GBPCAD,1.84992,19/02/2026 14:39:16,1.84379,-0.15,-3.23,61.30,10.05,12.79,73.80,-25.37,-108.60,2031501,SMA Sell,196.49,8.19days
11/02/2026 13:42:07,sell,0.05,GBPCAD,1.85195,19/02/2026 14:39:15,1.84374,-0.25,-5.40,82.10,24.34,28.72,94.10,-34.84,-88.30,2031501,SMA Sell,192.95,8.04days
11/02/2026 01:00:20,sell,0.02,GBPCAD,1.84783,19/02/2026 14:39:14,1.84381,-0.10,-2.14,40.20,3.64,5.49,52.90,-19.98,-129.50,2031501,SMA Sell,205.65,8.57days
13/02/2026 08:38:11,sell,0.34,EURAUD,1.68095,19/02/2026 05:44:16,1.66916,-1.70,3.53,117.90,285.02,314.90,130.20,-45.08,-18.10,2031501,SMA Sell,141.10,5.88days
13/02/2026 07:29:19,sell,0.15,EURAUD,1.67686,19/02/2026 05:44:15,1.66913,-0.75,1.56,77.30,82.73,95.54,89.30,-63.14,-59.00,2031501,SMA Sell,142.25,5.93days
12/02/2026 18:16:09,sell,0.07,EURAUD,1.67151,19/02/2026 05:44:15,1.66913,-0.35,0.72,23.80,12.13,18.09,35.80,-55.87,-112.50,2031501,SMA Sell,155.47,6.48days
12/02/2026 06:49:34,sell,0.03,EURAUD,1.66744,19/02/2026 05:44:14,1.66913,-0.15,0.31,-16.90,-3.42,7.07,33.70,-32.55,-153.20,2031501,SMA Sell,166.91,6.95days
13/02/2026 08:26:37,sell,0.23,EURAUD,1.67893,19/02/2026 05:44:13,1.66913,-1.15,2.39,98.00,160.48,180.16,110.00,-63.25,-38.30,2031501,SMA Sell,141.29,5.89days
12/02/2026 18:21:10,sell,0.10,EURAUD,1.67389,19/02/2026 05:44:13,1.66913,-0.50,1.03,47.60,34.15,42.68,59.60,-63.03,-88.70,2031501,SMA Sell,155.38,6.47days
12/02/2026 10:38:57,sell,0.05,EURAUD,1.66953,19/02/2026 05:44:12,1.66913,-0.25,0.53,4.00,1.69,19.25,54.60,-46.88,-132.30,2031501,SMA Sell,163.09,6.80days
11/02/2026 20:57:23,sell,0.02,EURAUD,1.66541,19/02/2026 05:44:11,1.66913,-0.10,0.33,-37.20,-5.03,4.16,28.80,-24.42,-173.50,2031501,SMA Sell,176.78,7.37days
18/02/2026 09:00:23,sell,0.03,GBPUSD,1.35771,19/02/2026 00:16:21,1.35060,-0.15,-0.23,71.10,20.95,24.03,80.60,-1.59,-4.80,2031501,SMA Sell,15.27,15.27hrs
18/02/2026 04:57:04,sell,0.02,GBPUSD,1.35554,19/02/2026 00:16:20,1.35060,-0.10,-0.15,49.40,9.63,11.68,58.90,-5.40,-26.50,2031501,SMA Sell,19.32,19.32hrs
13/02/2026 08:38:28,sell,0.34,GBPAUD,1.92749,17/02/2026 15:52:51,1.91853,-1.70,-3.00,89.60,210.26,210.26,89.60,-117.75,-48.40,2031501,SMA Sell,103.24,4.30days
12/02/2026 16:57:23,sell,0.07,GBPAUD,1.91839,17/02/2026 15:52:50,1.91848,-0.35,-0.62,-0.90,-1.41,16.62,34.00,-69.17,-139.40,2031501,SMA Sell,118.92,4.96days
13/02/2026 16:41:51,sell,0.77,GBPAUD,1.93218,17/02/2026 15:52:49,1.91847,-3.85,-6.82,137.10,734.21,734.21,137.10,-12.00,-1.50,2031501,SMA Sell,95.18,3.97days
13/02/2026 07:29:21,sell,0.15,GBPAUD,1.92407,17/02/2026 15:52:49,1.91849,-0.75,-1.32,55.80,56.99,56.99,55.80,-88.13,-82.60,2031501,SMA Sell,104.39,4.35days
12/02/2026 06:42:28,sell,0.03,GBPAUD,1.91363,17/02/2026 15:52:48,1.91847,-0.15,-0.26,-48.40,-10.65,4.65,22.40,-39.71,-187.00,2031501,SMA Sell,129.17,5.38days
13/02/2026 09:12:31,sell,0.51,GBPAUD,1.92947,17/02/2026 15:52:47,1.91848,-2.55,-4.52,109.90,388.42,388.42,109.90,-105.41,-28.60,2031501,SMA Sell,102.67,4.28days
13/02/2026 08:34:54,sell,0.23,GBPAUD,1.92576,17/02/2026 15:52:47,1.91856,-1.15,-2.04,72.00,113.66,114.14,72.30,-107.72,-65.70,2031501,SMA Sell,103.30,4.30days
12/02/2026 18:21:39,sell,0.10,GBPAUD,1.92175,17/02/2026 15:52:46,1.91855,-0.50,-0.88,32.00,21.19,23.53,33.80,-75.11,-105.80,2031501,SMA Sell,117.52,4.90days
12/02/2026 10:18:56,sell,0.05,GBPAUD,1.91620,17/02/2026 15:52:46,1.91854,-0.25,-0.44,-23.40,-8.95,16.92,48.10,-57.13,-161.30,2031501,SMA Sell,125.56,5.23days
12/02/2026 01:00:55,sell,0.02,GBPAUD,1.91154,17/02/2026 15:52:44,1.91838,-0.10,-0.18,-68.40,-9.93,4.23,30.30,-29.42,-207.90,2031501,SMA Sell,134.86,5.62days
11/02/2026 12:41:54,sell,0.34,GBPUSD,1.37070,13/02/2026 09:15:38,1.36017,-1.70,-3.38,105.30,352.94,384.22,114.50,-7.82,-1.80,2031501,SMA Sell,44.56,1.86days
06/02/2026 17:01:43,sell,0.07,GBPUSD,1.36113,13/02/2026 09:15:38,1.36014,-0.35,-1.24,9.90,5.34,15.57,23.00,-69.14,-97.50,2031501,SMA Sell,160.23,6.68days
09/02/2026 14:45:21,sell,0.15,GBPUSD,1.36523,13/02/2026 09:15:37,1.36012,-0.75,-2.25,51.10,73.65,86.70,59.80,-86.26,-56.50,2031501,SMA Sell,90.50,3.77days
06/02/2026 07:16:56,sell,0.03,GBPUSD,1.35651,13/02/2026 09:15:37,1.36010,-0.15,-0.54,-35.90,-11.46,0.99,3.80,-43.50,-143.70,2031501,SMA Sell,169.98,7.08days
09/02/2026 17:39:04,sell,0.23,GBPUSD,1.36822,13/02/2026 09:15:36,1.36017,-1.15,-3.44,80.50,180.56,201.72,89.70,-63.49,-26.60,2031501,SMA Sell,87.61,3.65days
09/02/2026 13:42:55,sell,0.10,GBPUSD,1.36314,13/02/2026 09:15:35,1.36016,-0.50,-1.49,29.80,27.81,36.91,38.90,-78.40,-77.40,2031501,SMA Sell,91.54,3.81days
06/02/2026 13:28:33,sell,0.05,GBPUSD,1.35913,13/02/2026 09:15:35,1.36015,-0.25,-0.89,-10.20,-6.24,3.00,6.50,-59.39,-117.50,2031501,SMA Sell,163.78,6.82days
05/02/2026 20:57:18,sell,0.02,GBPUSD,1.35413,13/02/2026 09:15:34,1.36007,-0.10,-0.40,-59.40,-12.38,5.83,29.90,-33.80,-167.50,2031501,SMA Sell,180.30,7.51days
11/02/2026 15:00:00,sell,0.02,GBPAUD,1.92387,11/02/2026 20:07:17,1.91364,-0.10,0.00,102.30,14.50,16.38,115.40,-2.83,-19.20,2031501,SMA Sell,5.12,5.12hrs
09/02/2026 12:35:09,buy,0.03,AUDCAD,0.95792,11/02/2026 16:23:59,0.96660,-0.15,0.02,86.80,19.04,21.52,97.90,-2.82,-12.10,1031501,SMA Buy,51.81,2.16days
09/02/2026 11:00:04,buy,0.02,AUDCAD,0.95992,11/02/2026 16:23:58,0.96660,-0.10,0.02,66.80,9.75,11.40,77.90,-4.83,-32.10,1031501,SMA Buy,53.40,2.22days
10/02/2026 05:57:10,sell,0.05,EURAUD,1.68355,11/02/2026 04:41:22,1.67303,-0.25,0.05,105.20,37.25,39.22,110.70,-7.63,-20.90,2031501,SMA Sell,22.74,22.74hrs
10/02/2026 02:37:43,sell,0.03,EURAUD,1.68155,11/02/2026 04:41:22,1.67303,-0.15,0.03,85.20,18.08,19.26,90.70,-8.82,-40.90,2031501,SMA Sell,26.06,1.09days
09/02/2026 21:30:02,sell,0.02,EURAUD,1.67931,11/02/2026 04:41:21,1.67304,-0.10,0.04,62.70,8.87,9.67,68.30,-9.03,-63.30,2031501,SMA Sell,31.19,1.30days
10/02/2026 14:57:56,sell,0.03,GBPAUD,1.93602,11/02/2026 04:07:36,1.92357,-0.15,-0.21,124.50,26.14,29.15,138.60,-1.08,-4.40,2031501,SMA Sell,13.16,13.16hrs
09/02/2026 09:00:01,sell,0.02,GBPAUD,1.93405,11/02/2026 04:07:34,1.92353,-0.10,-0.28,105.20,14.55,16.50,118.90,-8.05,-56.50,2031501,SMA Sell,43.13,1.80days
06/02/2026 13:25:55,sell,0.07,GBPCAD,1.85942,10/02/2026 17:28:51,1.84937,-0.35,-1.56,100.50,50.06,51.91,104.10,-6.61,-12.90,2031501,SMA Sell,100.05,4.17days
06/02/2026 03:45:57,sell,0.03,GBPCAD,1.85539,10/02/2026 17:28:51,1.84938,-0.15,-0.67,60.10,12.50,13.32,63.80,-11.67,-53.20,2031501,SMA Sell,109.72,4.57days
06/02/2026 07:10:11,sell,0.05,GBPCAD,1.85742,10/02/2026 17:28:50,1.84939,-0.25,-1.11,80.30,28.31,29.70,84.10,-12.03,-32.90,2031501,SMA Sell,106.31,4.43days
05/02/2026 19:30:00,sell,0.02,GBPCAD,1.85276,10/02/2026 17:28:46,1.84948,-0.10,-0.66,32.80,4.09,4.78,37.50,-11.85,-79.50,2031501,SMA Sell,117.98,4.92days
02/02/2026 17:58:42,sell,0.34,USDCAD,1.36924,09/02/2026 17:22:32,1.35873,-1.70,-16.09,105.10,245.21,267.92,114.10,-92.54,-31.10,2031501,SMA Sell,167.40,6.97days
30/01/2026 19:50:05,sell,0.07,USDCAD,1.35809,09/02/2026 17:22:31,1.35878,-0.35,-3.78,-6.90,-7.68,1.35,3.30,-76.40,-142.60,2031501,SMA Sell,237.54,9.90days
02/02/2026 01:10:30,sell,0.15,USDCAD,1.36522,09/02/2026 17:22:30,1.35878,-0.75,-7.11,64.40,63.23,73.78,73.90,-84.77,-71.30,2031501,SMA Sell,184.20,7.67days
30/01/2026 04:09:05,sell,0.03,USDCAD,1.35394,09/02/2026 17:22:30,1.35879,-0.15,-1.61,-48.50,-12.47,9.36,42.80,-41.80,-184.10,2031501,SMA Sell,253.22,10.55days
06/02/2026 02:16:45,sell,0.51,USDCAD,1.37233,09/02/2026 17:22:29,1.35879,-2.55,-3.45,135.40,502.20,538.62,145.00,-3.29,-0.20,2031501,SMA Sell,87.10,3.63days
02/02/2026 08:23:31,sell,0.23,USDCAD,1.36722,09/02/2026 17:22:28,1.35878,-1.15,-10.90,84.40,130.81,147.01,93.90,-96.47,-51.30,2031501,SMA Sell,176.98,7.37days
30/01/2026 20:20:34,sell,0.10,USDCAD,1.36011,09/02/2026 17:22:28,1.35878,-0.50,-5.42,13.30,3.87,16.81,23.50,-94.43,-122.40,2031501,SMA Sell,237.03,9.88days
30/01/2026 18:28:53,sell,0.05,USDCAD,1.35595,09/02/2026 17:22:27,1.35877,-0.25,-2.71,-28.20,-13.34,2.07,6.30,-62.37,-164.00,2031501,SMA Sell,238.89,9.95days
29/01/2026 19:00:00,sell,0.02,USDCAD,1.35193,09/02/2026 17:22:25,1.35883,-0.10,-1.51,-69.00,-11.77,4.86,36.20,-31.23,-204.20,2031501,SMA Sell,262.37,10.93days
02/02/2026 15:02:32,buy,0.34,EURUSD,1.18422,09/02/2026 15:44:41,1.18931,-1.70,-18.91,50.90,152.45,183.39,60.00,-273.25,-75.10,1031501,SMA Buy,168.70,7.03days
02/02/2026 17:18:07,buy,0.77,EURUSD,1.18017,09/02/2026 15:44:40,1.18932,-3.85,-42.84,91.50,657.86,727.16,100.50,-306.99,-34.60,1031501,SMA Buy,166.44,6.94days
28/01/2026 17:08:26,buy,0.07,EURUSD,1.19243,09/02/2026 15:44:40,1.18932,-0.35,-6.70,-31.10,-28.82,45.86,68.40,-116.53,-157.20,1031501,SMA Buy,286.60,11.94days
30/01/2026 17:33:43,buy,0.15,EURUSD,1.18838,09/02/2026 15:44:39,1.18932,-0.75,-9.53,9.40,3.82,24.45,18.40,-184.14,-116.70,1031501,SMA Buy,238.18,9.92days
05/02/2026 22:53:00,buy,1.15,EURUSD,1.17814,09/02/2026 15:44:38,1.18927,-5.75,-18.28,111.30,1255.92,1365.17,120.80,-179.34,-14.30,1031501,SMA Buy,88.86,3.70days
28/01/2026 10:47:29,buy,0.03,EURUSD,1.19716,09/02/2026 15:44:38,1.18927,-0.15,-2.88,-78.90,-26.70,6.69,22.80,-64.14,-204.50,1031501,SMA Buy,292.95,12.21days
02/02/2026 15:35:32,buy,0.51,EURUSD,1.18217,09/02/2026 15:44:37,1.18927,-2.55,-28.36,71.00,331.19,379.64,80.50,-305.32,-54.60,1031501,SMA Buy,168.15,7.01days
30/01/2026 20:24:26,buy,0.23,EURUSD,1.18627,09/02/2026 15:44:36,1.18927,-1.15,-14.64,30.00,53.21,75.06,39.50,-233.84,-95.60,1031501,SMA Buy,235.34,9.81days
28/01/2026 21:01:43,buy,0.10,EURUSD,1.19038,09/02/2026 15:44:36,1.18927,-0.50,-9.58,-11.10,-21.18,86.01,88.90,-145.98,-136.70,1031501,SMA Buy,282.71,11.78days
28/01/2026 17:07:33,buy,0.05,EURUSD,1.19451,09/02/2026 15:44:35,1.18927,-0.25,-4.78,-52.40,-31.23,22.36,47.60,-93.63,-178.00,1031501,SMA Buy,286.62,11.94days
27/01/2026 23:50:41,buy,0.02,EURUSD,1.20429,09/02/2026 15:44:33,1.18932,-0.10,-2.08,-149.70,-32.12,0.46,2.80,-57.18,-275.80,1031501,SMA Buy,303.90,12.66days
05/02/2026 17:07:42,buy,0.07,AUDCAD,0.95114,09/02/2026 02:38:51,0.95953,-0.35,0.06,83.90,42.70,49.94,98.00,-23.38,-45.20,1031501,SMA Buy,81.52,3.40days
04/02/2026 18:48:28,buy,0.03,AUDCAD,0.95522,09/02/2026 02:38:50,0.95952,-0.15,0.05,43.00,9.34,12.46,57.20,-18.91,-86.00,1031501,SMA Buy,103.84,4.33days
06/02/2026 02:07:19,buy,0.10,AUDCAD,0.94730,09/02/2026 02:38:49,0.95955,-0.50,0.04,122.50,89.22,99.40,136.40,-5.46,-6.80,1031501,SMA Buy,72.53,3.02days
05/02/2026 04:16:12,buy,0.05,AUDCAD,0.95317,09/02/2026 02:38:49,0.95951,-0.25,0.04,63.40,23.00,28.23,77.70,-24.10,-65.50,1031501,SMA Buy,94.38,3.93days
04/02/2026 01:00:29,buy,0.02,AUDCAD,0.95724,09/02/2026 02:38:47,0.95966,-0.10,0.04,24.20,3.49,5.36,37.00,-15.55,-106.20,1031501,SMA Buy,121.64,5.07days
06/02/2026 01:00:58,sell,0.34,EURAUD,1.70053,06/02/2026 12:19:31,1.69176,-1.70,0.00,87.70,206.27,230.96,98.10,-136.34,-57.40,2031501,SMA Sell,11.31,11.31hrs
04/02/2026 19:49:10,sell,0.07,EURAUD,1.69179,06/02/2026 12:19:31,1.69176,-0.35,0.28,0.30,0.08,36.01,73.70,-70.00,-144.80,2031501,SMA Sell,40.51,1.69days
06/02/2026 02:05:01,sell,0.77,EURAUD,1.70458,06/02/2026 12:19:30,1.69176,-3.85,0.00,128.20,684.67,740.58,138.60,-93.63,-16.90,2031501,SMA Sell,10.24,10.24hrs
05/02/2026 16:32:06,sell,0.15,EURAUD,1.69597,06/02/2026 12:19:30,1.69149,-0.75,0.15,44.80,46.27,54.33,52.50,-107.19,-103.00,2031501,SMA Sell,19.79,19.79hrs
03/02/2026 17:00:50,sell,0.03,EURAUD,1.68764,06/02/2026 12:19:29,1.69149,-0.15,0.15,-38.50,-8.05,15.53,74.20,-38.56,-186.30,2031501,SMA Sell,67.31,2.80days
06/02/2026 01:38:35,sell,0.51,EURAUD,1.70257,06/02/2026 12:19:28,1.69175,-2.55,0.00,108.20,382.33,419.01,118.50,-132.73,-37.00,2031501,SMA Sell,10.68,10.68hrs
05/02/2026 17:32:32,sell,0.23,EURAUD,1.69800,06/02/2026 12:19:28,1.69175,-1.15,0.23,62.50,99.34,115.88,72.80,-132.15,-82.70,2031501,SMA Sell,18.78,18.78hrs
05/02/2026 04:16:53,sell,0.10,EURAUD,1.69394,06/02/2026 12:19:27,1.69180,-0.50,0.10,21.40,14.53,37.70,54.70,-85.46,-123.30,2031501,SMA Sell,32.04,1.34days
04/02/2026 18:50:42,sell,0.05,EURAUD,1.68973,06/02/2026 12:19:27,1.69189,-0.25,0.20,-21.60,-7.58,18.50,53.10,-57.10,-165.40,2031501,SMA Sell,41.48,1.73days
03/02/2026 08:00:01,sell,0.02,EURAUD,1.68550,06/02/2026 12:19:26,1.69189,-0.10,0.10,-63.90,-8.91,11.87,85.00,-28.66,-207.70,2031501,SMA Sell,76.32,3.18days
05/02/2026 08:57:21,sell,0.02,GBPUSD,1.36145,05/02/2026 14:25:02,1.35517,-0.10,0.00,62.80,12.46,12.96,65.30,-3.58,-17.40,2031501,SMA Sell,5.46,5.46hrs
05/02/2026 04:17:07,sell,0.07,GBPAUD,1.95829,05/02/2026 11:57:48,1.94592,-0.35,0.00,123.70,60.00,60.00,123.70,0.00,0.00,2031501,SMA Sell,7.68,7.68hrs
04/02/2026 19:29:20,sell,0.05,GBPAUD,1.95633,05/02/2026 11:57:47,1.94591,-0.25,-1.02,104.20,35.05,35.05,104.20,-5.58,-15.30,2031501,SMA Sell,16.47,16.47hrs
04/02/2026 13:10:03,sell,0.03,GBPAUD,1.95431,05/02/2026 11:57:46,1.94595,-0.15,-0.61,83.60,16.72,16.72,83.60,-7.58,-35.50,2031501,SMA Sell,22.80,22.80hrs
04/02/2026 04:57:29,sell,0.02,GBPAUD,1.95230,05/02/2026 11:57:45,1.94597,-0.10,-0.41,63.30,8.31,8.31,63.30,-7.85,-55.60,2031501,SMA Sell,31.00,1.29days
30/01/2026 20:38:35,buy,0.15,AUDUSD,0.69430,03/02/2026 06:16:49,0.70211,-0.75,-0.48,78.10,115.92,130.92,88.10,-44.79,-29.20,1031501,SMA Buy,81.64,3.40days
29/01/2026 17:28:04,buy,0.07,AUDUSD,0.69831,03/02/2026 06:16:49,0.70210,-0.35,-0.33,37.90,25.85,48.47,69.90,-49.08,-69.30,1031501,SMA Buy,108.81,4.53days
29/01/2026 17:13:55,buy,0.03,AUDUSD,0.70256,03/02/2026 06:16:48,0.70213,-0.15,-0.15,-4.30,-1.59,8.02,27.40,-33.79,-111.80,1031501,SMA Buy,109.05,4.54days
02/02/2026 01:24:33,buy,0.23,AUDUSD,0.69230,03/02/2026 06:16:47,0.70214,-1.15,-0.37,98.40,224.80,247.11,108.10,-22.31,-9.20,1031501,SMA Buy,28.87,1.20days
30/01/2026 20:09:47,buy,0.10,AUDUSD,0.69631,03/02/2026 06:16:47,0.70216,-0.50,-0.32,58.50,57.68,67.18,68.00,-49.96,-49.30,1031501,SMA Buy,82.12,3.42days
29/01/2026 17:17:16,buy,0.05,AUDUSD,0.70033,03/02/2026 06:16:46,0.70217,-0.25,-0.24,18.40,8.71,24.52,49.70,-45.16,-89.50,1031501,SMA Buy,108.99,4.54days
29/01/2026 08:23:57,buy,0.02,AUDUSD,0.70889,03/02/2026 06:16:43,0.70217,-0.10,-0.09,-67.20,-13.63,0.00,0.00,-35.18,-175.10,1031501,SMA Buy,117.88,4.91days
02/02/2026 08:23:18,sell,0.10,EURAUD,1.71343,02/02/2026 16:21:23,1.70120,-0.50,0.00,122.30,84.40,91.75,132.80,-2.16,-2.40,2031501,SMA Sell,7.97,7.97hrs
30/01/2026 20:20:38,sell,0.03,EURAUD,1.70733,02/02/2026 16:21:23,1.70120,-0.15,0.03,61.30,12.65,14.84,71.80,-13.27,-63.40,2031501,SMA Sell,68.01,2.83days
02/02/2026 06:03:29,sell,0.07,EURAUD,1.71134,02/02/2026 16:21:22,1.70118,-0.35,0.00,101.60,49.02,54.06,111.90,-11.63,-23.30,2031501,SMA Sell,10.30,10.30hrs
02/02/2026 01:16:22,sell,0.05,EURAUD,1.70936,02/02/2026 16:21:21,1.70108,-0.25,0.00,82.80,28.49,31.74,92.10,-15.15,-43.10,2031501,SMA Sell,15.08,15.08hrs
30/01/2026 17:54:44,sell,0.02,EURAUD,1.69828,02/02/2026 16:21:21,1.70105,-0.10,0.02,-27.70,-3.92,0.57,4.80,-21.36,-153.90,2031501,SMA Sell,70.44,2.94days
29/01/2026 20:47:12,buy,0.34,GBPCAD,1.86234,02/02/2026 11:39:20,1.86846,-1.70,1.02,61.20,151.85,151.85,61.20,-155.68,-61.50,1031501,SMA Buy,86.87,3.62days
28/01/2026 10:50:50,buy,0.07,GBPCAD,1.87113,02/02/2026 11:39:20,1.86846,-0.35,0.53,-26.70,-13.52,10.06,20.20,-77.19,-149.40,1031501,SMA Buy,120.81,5.03days
30/01/2026 17:00:12,buy,0.77,GBPCAD,1.85827,02/02/2026 11:39:19,1.86846,-3.85,1.15,101.90,572.46,572.46,101.90,-122.18,-20.80,1031501,SMA Buy,66.65,2.78days
29/01/2026 14:47:05,buy,0.15,GBPCAD,1.86701,02/02/2026 11:39:18,1.86848,-0.75,0.45,14.70,15.87,15.87,14.70,-120.43,-108.20,1031501,SMA Buy,92.87,3.87days
28/01/2026 07:15:44,buy,0.03,GBPCAD,1.87530,02/02/2026 11:39:18,1.86851,-0.15,0.23,-67.90,-14.85,2.37,11.40,-42.32,-191.10,1031501,SMA Buy,124.39,5.18days
30/01/2026 17:18:05,buy,1.15,GBPCAD,1.85611,02/02/2026 11:39:17,1.86850,-5.75,1.72,123.90,1040.40,1040.40,123.90,0.00,0.00,1031501,SMA Buy,66.35,2.76days
30/01/2026 04:23:13,buy,0.51,GBPCAD,1.86004,02/02/2026 11:39:16,1.86851,-2.55,0.76,84.70,314.86,314.86,84.70,-147.62,-38.50,1031501,SMA Buy,79.27,3.30days
29/01/2026 17:08:51,buy,0.23,GBPCAD,1.86496,02/02/2026 11:39:16,1.86852,-1.15,0.69,35.60,59.56,59.56,35.60,-149.83,-87.70,1031501,SMA Buy,90.51,3.77days
28/01/2026 12:17:14,buy,0.10,GBPCAD,1.86910,02/02/2026 11:39:15,1.86851,-0.50,0.75,-5.90,-4.08,29.31,40.50,-95.29,-129.10,1031501,SMA Buy,119.37,4.97days
28/01/2026 09:36:23,buy,0.05,GBPCAD,1.87318,02/02/2026 11:39:15,1.86849,-0.25,0.38,-46.90,-17.06,5.05,14.40,-62.71,-169.90,1031501,SMA Buy,122.05,5.09days
28/01/2026 01:00:34,buy,0.02,GBPCAD,1.87997,02/02/2026 11:39:13,1.86849,-0.10,0.15,-114.80,-16.78,0.00,0.00,-35.12,-237.80,1031501,SMA Buy,130.64,5.44days
30/01/2026 04:31:34,sell,0.05,GBPAUD,1.96947,30/01/2026 17:47:51,1.95650,-0.25,0.00,129.70,45.25,45.25,129.70,-4.75,-12.90,2031501,SMA Sell,13.27,13.27hrs
30/01/2026 04:19:35,sell,0.03,GBPAUD,1.96768,30/01/2026 17:47:50,1.95649,-0.15,0.00,111.90,23.40,23.40,111.90,-6.60,-30.80,2031501,SMA Sell,13.47,13.47hrs
30/01/2026 01:00:11,sell,0.02,GBPAUD,1.95867,30/01/2026 17:47:50,1.95656,-0.10,0.00,21.10,2.86,2.86,21.10,-16.97,-120.90,2031501,SMA Sell,16.79,16.79hrs
29/01/2026 17:44:40,sell,0.23,EURAUD,1.70919,30/01/2026 16:54:44,1.69723,-1.15,0.24,119.60,192.14,211.91,131.70,-14.78,-8.50,2031501,SMA Sell,23.17,23.17hrs
29/01/2026 17:29:08,sell,0.15,EURAUD,1.70705,30/01/2026 16:54:43,1.69733,-0.75,0.15,97.20,101.72,115.64,110.30,-32.03,-29.90,2031501,SMA Sell,23.43,23.43hrs
29/01/2026 17:17:07,sell,0.07,EURAUD,1.70318,30/01/2026 16:54:43,1.69732,-0.35,0.07,58.60,28.51,34.93,71.60,-33.84,-68.60,2031501,SMA Sell,23.63,23.63hrs
29/01/2026 17:17:57,sell,0.10,EURAUD,1.70506,30/01/2026 16:54:42,1.69743,-0.50,0.10,76.30,53.15,63.11,90.40,-35.23,-49.80,2031501,SMA Sell,23.61,23.61hrs
29/01/2026 17:14:50,sell,0.05,EURAUD,1.70109,30/01/2026 16:54:42,1.69738,-0.25,0.05,37.10,12.81,17.61,50.70,-31.46,-89.50,2031501,SMA Sell,23.66,23.66hrs
29/01/2026 17:08:01,sell,0.03,EURAUD,1.69910,30/01/2026 16:54:41,1.69745,-0.15,0.03,16.50,3.35,6.37,30.80,-23.04,-109.40,2031501,SMA Sell,23.78,23.78hrs
29/01/2026 07:17:09,sell,0.02,EURAUD,1.68998,30/01/2026 16:54:40,1.69749,-0.10,0.02,-75.10,-10.62,0.14,1.70,-28.08,-200.60,2031501,SMA Sell,33.63,1.40days
29/01/2026 17:17:02,sell,0.07,GBPAUD,1.96578,29/01/2026 23:23:34,1.96079,-0.35,0.00,49.90,24.26,28.61,58.70,-31.84,-64.50,2031501,SMA Sell,6.11,6.11hrs
29/01/2026 17:59:25,sell,0.23,GBPAUD,1.97272,29/01/2026 23:23:33,1.96079,-1.15,0.00,119.30,192.19,206.48,128.10,0.00,0.00,2031501,SMA Sell,5.40,5.40hrs
29/01/2026 17:20:18,sell,0.15,GBPAUD,1.97068,29/01/2026 23:23:33,1.96079,-0.75,0.00,98.90,103.78,113.10,107.70,-16.97,-15.50,2031501,SMA Sell,6.05,6.05hrs
29/01/2026 17:17:48,sell,0.10,GBPAUD,1.96855,29/01/2026 23:23:32,1.96084,-0.50,0.00,77.10,53.82,60.39,86.40,-26.17,-36.80,2031501,SMA Sell,6.10,6.10hrs
29/01/2026 17:15:41,sell,0.05,GBPAUD,1.96400,29/01/2026 23:23:31,1.96084,-0.25,0.00,31.60,10.88,14.16,40.90,-28.95,-82.30,2031501,SMA Sell,6.13,6.13hrs
29/01/2026 17:09:05,sell,0.03,GBPAUD,1.96174,29/01/2026 23:23:31,1.96079,-0.15,0.00,9.50,1.86,3.72,18.30,-22.10,-104.90,2031501,SMA Sell,6.24,6.24hrs
29/01/2026 08:57:07,sell,0.02,GBPAUD,1.95375,29/01/2026 23:23:30,1.96092,-0.10,0.00,-71.70,-10.20,1.37,10.40,-25.88,-184.80,2031501,SMA Sell,14.44,14.44hrs
28/01/2026 21:02:08,sell,0.05,USDCAD,1.36068,29/01/2026 16:54:52,1.35065,-0.25,-0.34,100.30,36.54,38.37,105.20,0.00,0.00,2031501,SMA Sell,19.88,19.88hrs
28/01/2026 18:33:00,sell,0.03,USDCAD,1.35854,29/01/2026 16:54:51,1.35073,-0.15,-0.20,78.10,17.00,18.27,83.80,-4.60,-20.20,2031501,SMA Sell,22.36,22.36hrs
28/01/2026 16:57:20,sell,0.02,USDCAD,1.35512,29/01/2026 16:54:50,1.35073,-0.10,-0.14,43.90,6.26,7.11,49.60,-8.10,-54.40,2031501,SMA Sell,23.96,23.96hrs
28/01/2026 17:17:47,buy,0.05,GBPUSD,1.37503,29/01/2026 09:10:18,1.38374,-0.25,-0.35,87.10,42.95,46.15,93.50,0.00,0.00,1031501,SMA Buy,15.88,15.88hrs
28/01/2026 10:48:44,buy,0.03,GBPUSD,1.37852,29/01/2026 09:10:18,1.38374,-0.15,-0.21,52.20,15.30,17.22,58.60,-10.38,-34.10,1031501,SMA Buy,22.36,22.36hrs
27/01/2026 23:49:05,buy,0.02,GBPUSD,1.38430,29/01/2026 09:10:16,1.38381,-0.10,-0.19,-4.90,-1.27,1.74,9.20,-18.53,-91.90,1031501,SMA Buy,33.35,1.39days
26/01/2026 02:00:49,buy,0.02,AUDCAD,0.94686,29/01/2026 08:12:25,0.95751,-0.10,0.04,106.50,15.69,17.48,118.60,-2.34,-15.30,1031501,SMA Buy,78.19,3.26days
28/01/2026 17:07:51,buy,0.03,AUDUSD,0.69883,29/01/2026 07:23:57,0.70828,-0.15,-0.14,94.50,28.06,30.70,103.30,-2.70,-8.50,1031501,SMA Buy,14.27,14.27hrs
28/01/2026 12:57:22,buy,0.02,AUDUSD,0.70108,29/01/2026 07:23:56,0.70828,-0.10,-0.10,72.00,14.20,15.96,80.80,-6.30,-31.00,1031501,SMA Buy,18.44,18.44hrs
28/01/2026 20:57:15,sell,0.02,EURAUD,1.70578,29/01/2026 06:17:07,1.69361,-0.10,0.06,121.70,17.18,19.11,135.20,0.00,0.00,2031501,SMA Sell,9.33,9.33hrs
28/01/2026 20:30:00,sell,0.02,GBPAUD,1.96929,29/01/2026 06:16:16,1.95439,-0.10,-0.41,149.00,20.58,22.42,161.90,-2.57,-17.70,2031501,SMA Sell,9.77,9.77hrs
23/01/2026 12:05:17,sell,0.07,GBPAUD,1.97903,28/01/2026 12:37:17,1.96819,-0.35,-1.42,108.40,51.38,56.98,119.80,-8.89,-15.70,2031501,SMA Sell,120.53,5.02days
23/01/2026 11:39:14,sell,0.03,GBPAUD,1.97475,28/01/2026 12:37:17,1.96815,-0.15,-0.61,66.00,13.11,15.42,77.00,-12.69,-58.50,2031501,SMA Sell,120.97,5.04days
23/01/2026 11:48:12,sell,0.05,GBPAUD,1.97684,28/01/2026 12:37:16,1.96812,-0.25,-1.02,87.20,29.27,33.02,97.90,-13.93,-37.60,2031501,SMA Sell,120.82,5.03days
22/01/2026 14:00:01,sell,0.02,GBPAUD,1.97274,28/01/2026 12:37:15,1.96812,-0.10,-0.53,46.20,5.84,7.34,56.90,-11.36,-78.60,2031501,SMA Sell,142.62,5.94days
27/01/2026 22:48:57,sell,0.05,EURAUD,1.72245,28/01/2026 02:33:12,1.71296,-0.25,0.05,94.90,33.09,35.10,100.60,0.00,0.00,2031501,SMA Sell,3.74,3.74hrs
27/01/2026 22:47:19,sell,0.03,EURAUD,1.72011,28/01/2026 02:33:11,1.71279,-0.15,0.03,73.20,15.29,16.13,77.20,-2.23,-9.90,2031501,SMA Sell,3.76,3.76hrs
22/01/2026 08:57:11,sell,0.02,EURAUD,1.71778,28/01/2026 02:33:10,1.71281,-0.10,0.07,49.70,6.95,10.45,76.60,-4.70,-33.20,2031501,SMA Sell,137.60,5.73days
26/01/2026 21:00:00,buy,0.02,EURCAD,1.62791,27/01/2026 22:49:07,1.63729,-0.10,-0.09,93.80,13.63,13.63,93.80,-2.28,-14.20,1031501,SMA Buy,25.82,1.08days
27/01/2026 20:57:20,buy,0.02,EURUSD,1.19822,27/01/2026 22:49:06,1.20678,-0.10,0.00,85.60,17.02,17.02,85.60,-2.02,-9.60,1031501,SMA Buy,1.86,1.86hrs
27/01/2026 16:09:40,buy,0.02,GBPUSD,1.37425,27/01/2026 22:48:40,1.38552,-0.10,0.00,112.70,22.44,22.44,112.70,-2.04,-9.70,1031501,SMA Buy,6.65,6.65hrs
27/01/2026 10:37:55,buy,0.03,AUDUSD,0.69022,27/01/2026 19:16:51,0.69720,-0.15,0.00,69.80,20.79,23.40,78.50,0.00,0.00,1031501,SMA Buy,8.65,8.65hrs
26/01/2026 11:00:00,buy,0.02,AUDUSD,0.69222,27/01/2026 19:16:50,0.69719,-0.10,-0.03,49.70,9.81,11.57,58.50,-4.05,-19.60,1031501,SMA Buy,32.28,1.35days
23/01/2026 16:49:19,buy,0.34,USDCAD,1.37576,27/01/2026 15:39:50,1.36580,-1.70,1.70,-99.60,-247.94,0.00,0.00,-247.94,-99.60,1031501,SMA Buy,94.84,3.95days
20/01/2026 09:55:27,buy,0.07,USDCAD,1.38410,27/01/2026 15:39:50,1.36580,-0.35,1.22,-183.00,-92.92,1.05,2.10,-92.92,-183.00,1031501,SMA Buy,173.74,7.24days
23/01/2026 19:13:13,buy,0.77,USDCAD,1.37171,27/01/2026 15:39:49,1.36580,-3.85,3.86,-59.10,-333.18,117.71,21.00,-333.18,-59.10,1031501,SMA Buy,92.44,3.85days
21/01/2026 14:49:59,buy,0.15,USDCAD,1.38009,27/01/2026 15:39:48,1.36580,-0.75,2.25,-142.90,-155.44,45.35,42.20,-155.44,-142.90,1031501,SMA Buy,144.83,6.03days
12/01/2026 03:11:58,buy,0.03,USDCAD,1.38858,27/01/2026 15:39:48,1.36580,-0.15,1.12,-227.80,-49.07,8.72,39.30,-49.07,-227.80,1031501,SMA Buy,372.46,15.52days
26/01/2026 03:48:32,buy,1.15,USDCAD,1.36783,27/01/2026 15:39:47,1.36578,-5.75,2.89,-20.50,-175.47,497.72,59.80,-175.47,-20.50,1031501,SMA Buy,35.85,1.49days
23/01/2026 17:54:48,buy,0.51,USDCAD,1.37375,27/01/2026 15:39:46,1.36578,-2.55,2.56,-79.70,-297.60,2.24,0.60,-297.60,-79.70,1031501,SMA Buy,93.75,3.91days
23/01/2026 14:04:17,buy,0.23,USDCAD,1.37781,27/01/2026 15:39:46,1.36574,-1.15,1.16,-120.70,-203.26,0.00,0.00,-203.26,-120.70,1031501,SMA Buy,97.59,4.07days
21/01/2026 14:13:09,buy,0.10,USDCAD,1.38210,27/01/2026 15:39:45,1.36574,-0.50,1.50,-163.60,-118.79,15.71,22.10,-118.79,-163.60,1031501,SMA Buy,145.44,6.06days
13/01/2026 15:30:09,buy,0.05,USDCAD,1.38638,27/01/2026 15:39:45,1.36574,-0.25,1.73,-206.40,-74.08,22.29,61.30,-74.08,-206.40,1031501,SMA Buy,336.16,14.01days
09/01/2026 21:16:38,buy,0.02,USDCAD,1.39119,27/01/2026 15:39:43,1.36577,-0.10,0.79,-254.20,-36.53,2.10,13.20,-36.53,-254.20,1031501,SMA Buy,426.38,17.77days
27/01/2026 10:41:14,buy,0.03,GBPUSD,1.36640,27/01/2026 15:09:37,1.37384,-0.15,0.00,74.40,22.17,23.91,80.20,0.00,0.00,1031501,SMA Buy,4.47,4.47hrs
26/01/2026 17:00:00,buy,0.02,GBPUSD,1.36911,27/01/2026 15:09:36,1.37377,-0.10,-0.05,46.60,9.17,10.47,53.10,-4.97,-24.10,1031501,SMA Buy,22.16,22.16hrs
26/01/2026 15:02:39,buy,0.03,EURUSD,1.18369,27/01/2026 14:27:36,1.19216,-0.15,-0.24,84.70,25.02,25.02,84.70,-0.30,-0.50,1031501,SMA Buy,23.42,23.42hrs
26/01/2026 08:57:19,buy,0.02,EURUSD,1.18573,27/01/2026 14:27:35,1.19218,-0.10,-0.16,64.50,12.64,12.64,64.50,-4.28,-20.90,1031501,SMA Buy,29.50,1.23days
26/01/2026 05:00:00,buy,0.02,GBPCAD,1.87030,27/01/2026 09:00:24,1.87892,-0.10,0.03,86.20,12.48,14.51,100.10,-3.90,-26.00,1031501,SMA Buy,28.01,1.17days
23/01/2026 20:34:53,buy,0.02,EURUSD,1.17890,26/01/2026 01:04:31,1.18801,-0.10,-0.16,91.10,17.96,17.96,91.10,-0.68,-2.90,1031501,SMA Buy,52.49,2.19days
21/01/2026 16:05:24,buy,0.03,EURCAD,1.61737,26/01/2026 01:04:31,1.62699,-0.15,-0.66,96.20,20.26,20.26,96.20,-6.71,-29.90,1031501,SMA Buy,104.99,4.37days
21/01/2026 17:54:40,buy,0.05,EURCAD,1.61533,26/01/2026 01:04:30,1.62699,-0.25,-1.10,116.60,41.22,41.22,116.60,-3.75,-9.50,1031501,SMA Buy,103.16,4.30days
21/01/2026 14:30:01,buy,0.02,EURCAD,1.61933,26/01/2026 01:04:29,1.62703,-0.10,-0.44,77.00,10.71,10.71,77.00,-7.32,-49.50,1031501,SMA Buy,106.57,4.44days
23/01/2026 17:00:05,buy,0.02,AUDUSD,0.68636,26/01/2026 01:00:54,0.69184,-0.10,0.00,54.80,10.86,10.86,54.80,0.00,0.00,1031501,SMA Buy,56.01,2.33days
22/01/2026 12:33:15,buy,0.02,AUDCAD,0.94030,26/01/2026 01:00:48,0.94799,-0.10,0.01,76.90,11.14,11.14,76.90,-0.66,-3.90,1031501,SMA Buy,84.46,3.52days
21/01/2026 21:29:07,buy,0.05,EURUSD,1.16840,23/01/2026 19:34:50,1.17869,-0.25,-1.59,102.90,49.61,54.46,112.60,-7.74,-12.60,1031501,SMA Buy,46.10,1.92days
20/01/2026 21:56:50,buy,0.03,EURUSD,1.17142,23/01/2026 19:34:50,1.17874,-0.15,-1.20,73.20,20.61,23.37,82.40,-13.95,-42.80,1031501,SMA Buy,69.63,2.90days
20/01/2026 14:00:01,buy,0.02,EURUSD,1.17347,23/01/2026 19:34:48,1.17874,-0.10,-0.80,52.70,9.64,11.48,61.90,-13.40,-63.30,1031501,SMA Buy,77.58,3.23days
23/01/2026 04:00:00,buy,0.02,GBPUSD,1.34982,23/01/2026 18:54:42,1.35872,-0.10,0.00,89.00,17.70,17.70,89.00,-2.74,-13.20,1031501,SMA Buy,14.91,14.91hrs
21/01/2026 13:05:20,buy,0.34,GBPCAD,1.85461,23/01/2026 12:14:29,1.86580,-1.70,1.87,111.90,276.04,292.00,118.40,-83.49,-33.20,1031501,SMA Buy,47.15,1.96days
15/01/2026 15:02:41,buy,0.07,GBPCAD,1.86269,23/01/2026 12:14:29,1.86580,-0.35,0.69,31.10,16.12,19.42,37.60,-57.87,-114.00,1031501,SMA Buy,189.20,7.88days
21/01/2026 14:24:05,buy,0.51,GBPCAD,1.85259,23/01/2026 12:14:28,1.86580,-2.55,2.80,132.10,488.76,512.69,138.60,-50.59,-13.00,1031501,SMA Buy,45.84,1.91days
13/01/2026 16:52:18,buy,0.03,GBPCAD,1.86678,23/01/2026 12:14:28,1.86580,-0.15,0.49,-9.80,-1.79,5.55,26.20,-33.49,-154.90,1031501,SMA Buy,235.37,9.81days
21/01/2026 11:41:53,buy,0.23,GBPCAD,1.85661,23/01/2026 12:14:27,1.86581,-1.15,1.27,92.00,153.56,164.19,98.40,-89.81,-53.20,1031501,SMA Buy,48.54,2.02days
20/01/2026 14:41:41,buy,0.15,GBPCAD,1.85862,23/01/2026 12:14:27,1.86580,-0.75,1.04,71.80,78.38,85.44,78.30,-80.21,-73.30,1031501,SMA Buy,69.55,2.90days
15/01/2026 15:29:56,buy,0.10,GBPCAD,1.86068,23/01/2026 12:14:26,1.86558,-0.50,0.97,49.00,36.00,42.30,57.70,-68.12,-93.90,1031501,SMA Buy,188.74,7.86days
13/01/2026 17:57:59,buy,0.05,GBPCAD,1.86470,23/01/2026 12:14:25,1.86558,-0.25,0.85,8.80,3.79,16.74,47.00,-48.26,-134.10,1031501,SMA Buy,234.27,9.76days
13/01/2026 02:00:01,buy,0.02,GBPCAD,1.86877,23/01/2026 12:14:23,1.86559,-0.10,0.34,-31.80,-4.37,2.60,18.70,-25.20,-174.80,1031501,SMA Buy,250.24,10.43days
21/01/2026 13:00:05,buy,0.02,AUDUSD,0.67469,22/01/2026 17:04:33,0.68103,-0.10,-0.13,63.40,12.45,14.29,72.60,-0.46,-1.80,1031501,SMA Buy,28.07,1.17days
14/01/2026 15:09:13,buy,0.05,AUDCAD,0.92648,22/01/2026 11:33:07,0.93972,-0.25,0.22,132.40,47.86,52.68,145.70,-1.69,-4.00,1031501,SMA Buy,188.40,7.85days
13/01/2026 17:04:01,buy,0.03,AUDCAD,0.92849,22/01/2026 11:33:07,0.93973,-0.15,0.14,112.40,24.38,27.26,125.60,-5.35,-24.10,1031501,SMA Buy,210.49,8.77days
12/01/2026 06:30:01,buy,0.02,AUDCAD,0.93051,22/01/2026 11:33:06,0.93972,-0.10,0.11,92.10,13.33,15.26,105.40,-6.46,-44.30,1031501,SMA Buy,245.05,10.21days
21/01/2026 17:00:14,sell,0.02,GBPAUD,1.98612,22/01/2026 04:30:27,1.97706,-0.10,-0.40,90.60,11.80,13.34,101.80,-3.07,-19.00,2031501,SMA Sell,11.50,11.50hrs
20/01/2026 11:11:41,sell,0.15,EURAUD,1.74298,21/01/2026 18:19:52,1.72947,-0.75,0.17,135.10,136.60,150.29,148.50,-30.86,-29.80,2031501,SMA Sell,31.14,1.30days
16/01/2026 14:56:12,sell,0.03,EURAUD,1.73423,21/01/2026 18:19:52,1.72948,-0.15,0.09,47.50,9.59,12.33,61.00,-23.79,-117.30,2031501,SMA Sell,123.39,5.14days
20/01/2026 11:07:29,sell,0.10,EURAUD,1.74097,21/01/2026 18:19:51,1.72942,-0.50,0.11,115.50,77.80,86.57,128.40,-34.11,-49.90,2031501,SMA Sell,31.21,1.30days
19/01/2026 01:53:22,sell,0.07,EURAUD,1.73840,21/01/2026 18:19:50,1.72951,-0.35,0.16,88.90,41.93,48.50,102.70,-35.92,-75.60,2031501,SMA Sell,64.44,2.69days
16/01/2026 15:47:20,sell,0.05,EURAUD,1.73628,21/01/2026 18:19:50,1.72938,-0.25,0.18,69.00,23.29,27.53,81.50,-32.73,-96.80,2031501,SMA Sell,122.54,5.11days
16/01/2026 06:00:01,sell,0.02,EURAUD,1.73207,21/01/2026 18:19:49,1.72938,-0.10,0.06,26.90,3.61,5.30,39.40,-18.77,-138.90,2031501,SMA Sell,132.33,5.51days
08/01/2026 16:21:06,buy,0.07,AUDUSD,0.66852,21/01/2026 11:48:15,0.67481,-0.35,-1.26,62.90,42.42,49.28,72.70,-15.52,-21.50,1031501,SMA Buy,307.45,12.81days
07/01/2026 17:26:16,buy,0.03,AUDUSD,0.67258,21/01/2026 11:48:15,0.67481,-0.15,-0.69,22.30,5.85,8.79,32.10,-18.98,-62.10,1031501,SMA Buy,330.37,13.77days
09/01/2026 17:10:24,buy,0.10,AUDUSD,0.66652,21/01/2026 11:48:14,0.67481,-0.50,-1.60,82.90,80.80,90.60,92.70,-2.00,-1.50,1031501,SMA Buy,282.63,11.78days
08/01/2026 07:02:25,buy,0.05,AUDUSD,0.67052,21/01/2026 11:48:14,0.67481,-0.25,-0.88,42.90,20.32,25.22,52.70,-21.08,-41.50,1031501,SMA Buy,316.76,13.20days
07/01/2026 08:57:23,buy,0.02,AUDUSD,0.67517,21/01/2026 11:48:12,0.67482,-0.10,-0.44,-3.50,-1.24,0.70,6.20,-17.83,-88.00,1031501,SMA Buy,338.85,14.12days
16/01/2026 15:43:20,sell,0.07,GBPAUD,2.00282,21/01/2026 09:02:29,1.99169,-0.35,-1.02,111.30,51.20,57.05,123.60,-11.58,-23.30,2031501,SMA Sell,113.32,4.72days
19/01/2026 02:17:54,sell,0.10,GBPAUD,2.00482,21/01/2026 09:02:28,1.99169,-0.50,-0.98,131.30,87.11,95.49,143.60,-0.63,-0.20,2031501,SMA Sell,54.74,2.28days
16/01/2026 10:11:37,sell,0.03,GBPAUD,1.99876,21/01/2026 09:02:28,1.99169,-0.15,-0.45,70.70,13.71,16.21,83.00,-13.10,-63.90,2031501,SMA Sell,118.85,4.95days
16/01/2026 15:24:36,sell,0.05,GBPAUD,2.00081,21/01/2026 09:02:27,1.99168,-0.25,-0.73,91.30,29.82,33.97,103.50,-14.98,-43.40,2031501,SMA Sell,113.63,4.73days
16/01/2026 09:00:14,sell,0.02,GBPAUD,1.99676,21/01/2026 09:02:26,1.99167,-0.10,-0.30,50.90,6.47,8.11,63.00,-11.41,-83.90,2031501,SMA Sell,120.04,5.00days
15/01/2026 17:54:53,buy,0.07,EURCAD,1.61206,20/01/2026 15:34:51,1.62474,-0.35,-0.62,126.80,63.25,65.88,132.00,-5.59,-10.40,1031501,SMA Buy,117.67,4.90days
08/01/2026 15:48:44,buy,0.03,EURCAD,1.61604,20/01/2026 15:34:51,1.62470,-0.15,-1.31,86.60,17.34,18.55,92.20,-12.05,-50.20,1031501,SMA Buy,287.77,11.99days
15/01/2026 15:31:00,buy,0.05,EURCAD,1.61408,20/01/2026 15:34:50,1.62478,-0.25,-0.44,107.00,38.02,39.76,111.80,-11.27,-30.60,1031501,SMA Buy,120.06,5.00days
08/01/2026 01:00:00,buy,0.02,EURCAD,1.61806,20/01/2026 15:34:49,1.62484,-0.10,-0.89,67.80,8.82,9.43,72.00,-10.95,-70.40,1031501,SMA Buy,302.58,12.61days
09/01/2026 15:30:14,buy,0.34,EURUSD,1.16257,20/01/2026 11:14:49,1.17179,-1.70,-24.49,92.20,287.29,310.41,99.00,-153.05,-38.90,1031501,SMA Buy,259.74,10.82days
02/01/2026 12:12:15,buy,0.07,EURUSD,1.17170,20/01/2026 11:14:49,1.17179,-0.35,-8.97,0.90,-8.69,24.43,35.40,-99.34,-130.20,1031501,SMA Buy,431.04,17.96days
05/01/2026 05:26:06,buy,0.15,EURUSD,1.16732,20/01/2026 11:14:48,1.17182,-0.75,-18.00,45.00,48.75,99.75,67.80,-145.97,-86.40,1031501,SMA Buy,365.81,15.24days
19/01/2026 00:22:39,buy,0.77,EURUSD,1.15807,20/01/2026 11:14:47,1.17181,-3.85,-6.12,137.40,1048.01,1098.83,144.00,0.00,0.00,1031501,SMA Buy,34.87,1.45days
29/12/2025 07:12:16,buy,0.03,EURUSD,1.17590,20/01/2026 11:14:47,1.17184,-0.15,-5.38,-40.60,-17.71,8.31,28.20,-56.71,-172.20,1031501,SMA Buy,532.04,22.17days
15/01/2026 15:40:03,buy,0.51,EURUSD,1.16050,20/01/2026 11:14:46,1.17179,-2.55,-8.10,112.90,565.14,599.82,119.70,-95.37,-18.20,1031501,SMA Buy,115.58,4.82days
08/01/2026 18:24:09,buy,0.23,EURUSD,1.16536,20/01/2026 11:14:45,1.17177,-1.15,-18.42,64.10,127.86,143.96,71.10,-169.55,-66.80,1031501,SMA Buy,280.84,11.70days
05/01/2026 04:24:06,buy,0.10,EURUSD,1.16932,20/01/2026 11:14:45,1.17187,-0.50,-12.02,25.50,12.98,46.50,47.80,-117.32,-106.40,1031501,SMA Buy,366.84,15.29days
31/12/2025 06:38:41,buy,0.05,EURUSD,1.17375,20/01/2026 11:14:44,1.17186,-0.25,-6.41,-18.90,-16.11,13.45,27.40,-81.21,-150.70,1031501,SMA Buy,484.60,20.19days
23/12/2025 07:30:06,buy,0.02,EURUSD,1.17788,20/01/2026 11:14:43,1.17182,-0.10,-3.93,-60.60,-16.15,5.52,28.90,-42.11,-192.00,1031501,SMA Buy,675.74,28.16days
15/01/2026 15:30:03,buy,0.34,GBPUSD,1.33874,20/01/2026 09:45:26,1.34713,-1.70,-1.58,83.90,281.98,302.38,89.90,-103.47,-29.70,1031501,SMA Buy,114.26,4.76days
07/01/2026 10:02:38,buy,0.07,GBPUSD,1.34882,20/01/2026 09:45:26,1.34713,-0.35,-2.11,-16.90,-14.29,10.15,15.00,-93.65,-130.50,1031501,SMA Buy,311.71,12.99days
08/01/2026 15:46:41,buy,0.15,GBPUSD,1.34272,20/01/2026 09:45:25,1.34714,-0.75,-3.49,44.20,62.06,81.07,55.10,-108.14,-69.50,1031501,SMA Buy,281.98,11.75days
15/01/2026 16:42:19,buy,0.51,GBPUSD,1.33670,20/01/2026 09:45:24,1.34716,-2.55,-2.36,104.60,528.55,557.62,110.30,-51.16,-9.30,1031501,SMA Buy,113.05,4.71days
06/01/2026 13:00:24,buy,0.03,GBPUSD,1.35293,20/01/2026 09:45:24,1.34716,-0.15,-0.99,-57.70,-18.45,1.08,4.10,-52.55,-171.60,1031501,SMA Buy,332.75,13.86days
09/01/2026 11:51:01,buy,0.23,GBPUSD,1.34071,20/01/2026 09:45:23,1.34716,-1.15,-4.81,64.50,142.39,171.06,75.20,-119.05,-49.40,1031501,SMA Buy,261.91,10.91days
08/01/2026 09:57:34,buy,0.10,GBPUSD,1.34472,20/01/2026 09:45:23,1.34723,-0.50,-2.33,25.10,22.27,34.04,35.10,-92.10,-89.50,1031501,SMA Buy,287.80,11.99days
06/01/2026 14:55:46,buy,0.05,GBPUSD,1.35092,20/01/2026 09:45:22,1.34729,-0.25,-1.61,-36.30,-20.01,11.85,24.20,-77.49,-151.50,1031501,SMA Buy,330.83,13.78days
06/01/2026 08:00:02,buy,0.02,GBPUSD,1.35493,20/01/2026 09:45:21,1.34726,-0.10,-0.68,-76.70,-16.12,3.06,15.80,-39.05,-191.60,1031501,SMA Buy,337.76,14.07days
08/01/2026 07:11:45,sell,0.07,EURAUD,1.74255,15/01/2026 18:33:04,1.73154,-0.35,0.60,110.10,51.92,56.75,120.30,-15.29,-33.30,2031501,SMA Sell,179.36,7.47days
08/01/2026 08:11:04,sell,0.10,EURAUD,1.74456,15/01/2026 18:33:03,1.73121,-0.50,0.84,133.50,89.84,94.54,140.40,-8.46,-13.20,2031501,SMA Sell,178.37,7.43days
07/01/2026 02:30:53,sell,0.03,EURAUD,1.73874,15/01/2026 18:33:03,1.73150,-0.15,0.30,72.40,14.71,18.96,94.20,-14.13,-71.40,2031501,SMA Sell,208.04,8.67days
08/01/2026 05:05:56,sell,0.05,EURAUD,1.74053,15/01/2026 18:33:02,1.73145,-0.25,0.42,90.80,30.61,33.75,100.10,-17.67,-53.50,2031501,SMA Sell,181.45,7.56days
07/01/2026 01:00:10,sell,0.02,EURAUD,1.73371,15/01/2026 18:33:01,1.73147,-0.10,0.19,22.40,3.09,5.84,43.90,-16.14,-121.70,2031501,SMA Sell,209.55,8.73days
08/01/2026 07:54:02,sell,0.07,GBPAUD,2.00813,15/01/2026 17:09:01,1.99951,-0.35,-3.07,86.20,36.96,39.39,91.40,-32.22,-64.60,2031501,SMA Sell,177.25,7.39days
08/01/2026 04:56:42,sell,0.03,GBPAUD,2.00404,15/01/2026 17:09:01,1.99952,-0.15,-1.32,45.20,7.60,8.67,50.50,-22.00,-105.50,2031501,SMA Sell,180.21,7.51days
13/01/2026 17:14:02,sell,0.15,GBPAUD,2.01210,15/01/2026 17:09:00,1.99947,-0.75,-3.87,126.30,122.15,126.96,131.10,-26.58,-24.90,2031501,SMA Sell,47.92,2.00days
08/01/2026 08:15:33,sell,0.10,GBPAUD,2.00982,15/01/2026 17:08:59,1.99958,-0.50,-4.36,102.40,63.66,67.61,108.30,-34.72,-47.70,2031501,SMA Sell,176.89,7.37days
08/01/2026 05:20:43,sell,0.05,GBPAUD,2.00608,15/01/2026 17:08:59,1.99957,-0.25,-2.19,65.10,19.34,21.28,70.90,-29.86,-85.10,2031501,SMA Sell,179.80,7.49days
07/01/2026 07:30:06,sell,0.02,GBPAUD,1.99925,15/01/2026 17:08:56,1.99958,-0.10,-1.24,-3.30,-1.78,0.00,2.60,-21.42,-153.40,2031501,SMA Sell,201.65,8.40days
07/01/2026 16:04:16,buy,0.03,GBPCAD,1.86098,12/01/2026 17:09:01,1.86996,-0.15,0.21,89.80,19.47,21.98,101.50,-3.85,-17.90,1031501,SMA Buy,121.08,5.04days
05/01/2026 20:57:21,buy,0.02,GBPCAD,1.86313,12/01/2026 17:09:01,1.86997,-0.10,0.21,68.40,9.96,11.63,80.00,-5.60,-39.40,1031501,SMA Buy,164.19,6.84days
05/01/2026 15:41:16,sell,0.34,USDCAD,1.38138,09/01/2026 21:16:24,1.39118,-1.70,-15.50,-98.00,-256.71,163.27,66.70,-256.71,-98.00,2031501,SMA Sell,101.59,4.23days
02/01/2026 14:34:26,sell,0.07,USDCAD,1.37332,09/01/2026 21:16:23,1.39118,-0.35,-3.72,-178.60,-93.94,4.34,9.20,-93.94,-178.60,2031501,SMA Sell,174.70,7.28days
08/01/2026 08:01:57,sell,0.77,USDCAD,1.38707,09/01/2026 21:16:22,1.39118,-3.85,-17.52,-41.10,-248.85,84.52,15.90,-248.85,-41.10,2031501,SMA Sell,37.24,1.55days
05/01/2026 06:22:42,sell,0.15,USDCAD,1.37738,09/01/2026 21:16:22,1.39118,-0.75,-6.83,-138.00,-156.37,28.38,26.70,-156.37,-138.00,2031501,SMA Sell,110.89,4.62days
09/01/2026 17:04:47,sell,1.15,USDCAD,1.38910,09/01/2026 21:16:21,1.39118,-5.75,0.00,-20.80,-177.69,62.18,8.20,-177.69,-20.80,2031501,SMA Sell,4.19,4.19hrs
29/12/2025 10:02:04,sell,0.03,USDCAD,1.36921,09/01/2026 21:16:21,1.39118,-0.15,-2.36,-219.70,-49.89,5.98,27.90,-49.89,-219.70,2031501,SMA Sell,275.24,11.47days
07/01/2026 20:21:54,sell,0.51,USDCAD,1.38350,09/01/2026 21:16:20,1.39118,-2.55,-15.47,-76.80,-299.57,0.77,0.90,-299.57,-76.80,2031501,SMA Sell,48.91,2.04days
05/01/2026 15:14:49,sell,0.23,USDCAD,1.37938,09/01/2026 21:16:19,1.39118,-1.15,-10.48,-118.00,-206.72,76.98,46.70,-206.72,-118.00,2031501,SMA Sell,102.03,4.25days
05/01/2026 04:08:08,sell,0.10,USDCAD,1.37535,09/01/2026 21:16:19,1.39118,-0.50,-4.55,-158.30,-118.84,4.16,6.40,-118.84,-158.30,2031501,SMA Sell,113.14,4.71days
31/12/2025 17:04:35,sell,0.05,USDCAD,1.37129,09/01/2026 21:16:18,1.39118,-0.25,-2.66,-198.90,-74.40,3.73,10.90,-74.40,-198.90,2031501,SMA Sell,220.20,9.17days
26/12/2025 08:57:10,sell,0.02,USDCAD,1.36718,09/01/2026 21:16:17,1.39118,-0.10,-1.71,-240.00,-36.31,3.96,27.70,-36.31,-240.00,2031501,SMA Sell,348.32,14.51days
31/12/2025 12:54:48,buy,0.03,AUDUSD,0.66773,07/01/2026 07:24:01,0.67556,-0.15,-0.17,78.30,23.17,25.72,86.80,-5.46,-17.70,1031501,SMA Buy,162.49,6.77days
24/12/2025 00:15:09,buy,0.02,AUDUSD,0.67007,07/01/2026 07:24:01,0.67556,-0.10,-0.38,54.90,10.50,12.20,63.40,-8.59,-41.10,1031501,SMA Buy,343.15,14.30days
26/12/2025 16:45:39,buy,0.34,GBPAUD,2.01028,07/01/2026 06:02:58,1.99895,-1.70,-10.46,-113.30,-272.54,204.55,94.10,-272.54,-113.30,1031501,SMA Buy,277.29,11.55days
19/12/2025 16:52:33,buy,0.07,GBPAUD,2.01890,07/01/2026 06:02:58,1.99892,-0.35,-3.82,-199.80,-98.71,24.98,55.30,-98.71,-199.80,1031501,SMA Buy,445.17,18.55days
23/12/2025 17:54:47,buy,0.15,GBPAUD,2.01480,07/01/2026 06:02:57,1.99893,-0.75,-5.08,-158.70,-166.74,44.53,48.90,-166.74,-158.70,1031501,SMA Buy,348.14,14.51days
19/12/2025 15:45:13,buy,0.03,GBPAUD,2.02292,07/01/2026 06:02:57,1.99899,-0.15,-1.62,-239.30,-50.30,2.73,15.10,-50.30,-239.30,1031501,SMA Buy,446.30,18.60days
07/01/2026 03:47:44,buy,1.15,GBPAUD,2.00150,07/01/2026 06:02:56,1.99903,-5.75,0.00,-24.70,-197.75,100.51,13.70,-197.75,-24.70,1031501,SMA Buy,2.25,2.25hrs
06/01/2026 18:12:21,buy,0.77,GBPAUD,2.00592,07/01/2026 06:02:55,1.99902,-3.85,-2.43,-69.00,-365.39,123.10,25.00,-365.39,-69.00,1031501,SMA Buy,11.84,11.84hrs
29/12/2025 05:35:13,buy,0.51,GBPAUD,2.00807,07/01/2026 06:02:54,1.99901,-2.55,-13.74,-90.60,-328.61,383.99,116.20,-328.61,-90.60,1031501,SMA Buy,216.46,9.02days
24/12/2025 09:25:59,buy,0.23,GBPAUD,2.01256,07/01/2026 06:02:54,1.99901,-1.15,-7.07,-135.50,-218.87,103.38,71.30,-218.87,-135.50,1031501,SMA Buy,332.62,13.86days
23/12/2025 12:04:34,buy,0.10,GBPAUD,2.01684,07/01/2026 06:02:53,1.99906,-0.50,-3.38,-177.80,-124.05,17.67,28.50,-124.05,-177.80,1031501,SMA Buy,353.97,14.75days
19/12/2025 16:40:19,buy,0.05,GBPAUD,2.02089,07/01/2026 06:02:52,1.99906,-0.25,-2.75,-218.30,-76.78,11.26,35.40,-76.78,-218.30,1031501,SMA Buy,445.38,18.56days
19/12/2025 08:57:06,buy,0.02,GBPAUD,2.02641,07/01/2026 06:02:51,1.99908,-0.10,-1.09,-273.30,-38.13,0.00,0.00,-38.13,-273.30,1031501,SMA Buy,453.10,18.88days
06/01/2026 06:00:00,sell,0.02,EURAUD,1.74536,06/01/2026 21:56:11,1.73660,-0.10,0.00,87.60,11.69,13.55,101.30,-0.58,-3.60,2031501,SMA Sell,15.94,15.94hrs
31/12/2025 15:05:27,buy,0.03,AUDCAD,0.91508,06/01/2026 10:22:34,0.92553,-0.15,-0.02,104.50,22.61,25.56,118.00,-3.10,-13.50,1031501,SMA Buy,139.29,5.80days
23/12/2025 18:00:01,buy,0.02,AUDCAD,0.91734,06/01/2026 10:22:33,0.92558,-0.10,0.03,82.40,11.91,13.80,95.40,-5.34,-36.10,1031501,SMA Buy,328.38,13.68days
26/12/2025 09:04:49,buy,0.07,GBPCAD,1.84374,02/01/2026 18:36:05,1.85144,-0.35,0.61,77.00,39.52,45.98,89.70,-23.98,-47.50,1031501,SMA Buy,177.52,7.40days
31/12/2025 11:10:22,buy,0.15,GBPCAD,1.83969,02/01/2026 18:36:04,1.85144,-0.75,0.00,117.50,127.63,141.47,130.20,-8.40,-7.00,1031501,SMA Buy,55.43,2.31days
23/12/2025 16:00:21,buy,0.03,GBPCAD,1.84782,02/01/2026 18:36:03,1.85145,-0.15,0.28,36.30,8.07,10.81,48.90,-19.18,-88.30,1031501,SMA Buy,242.59,10.11days
31/12/2025 10:42:18,buy,0.10,GBPCAD,1.84170,02/01/2026 18:36:02,1.85145,-0.50,0.00,97.50,70.52,79.67,110.10,-20.26,-27.10,1031501,SMA Buy,55.90,2.33days
24/12/2025 16:32:08,buy,0.05,GBPCAD,1.84573,02/01/2026 18:36:02,1.85144,-0.25,0.44,57.10,20.99,25.60,69.80,-24.38,-67.40,1031501,SMA Buy,218.06,9.09days
22/12/2025 21:30:13,buy,0.02,GBPCAD,1.85014,02/01/2026 18:36:01,1.85144,-0.10,0.41,13.00,2.20,6.31,42.50,-15.95,-111.50,1031501,SMA Buy,261.10,10.88days
31/12/2025 17:13:44,buy,0.07,GBPUSD,1.34093,02/01/2026 18:10:22,1.34912,-0.35,0.00,81.90,56.98,63.49,91.20,-3.92,-5.10,1031501,SMA Buy,48.94,2.04days
31/12/2025 10:52:42,buy,0.05,GBPUSD,1.34298,02/01/2026 18:10:20,1.34912,-0.25,0.00,61.40,30.45,35.10,70.70,-13.05,-25.60,1031501,SMA Buy,55.29,2.30days
31/12/2025 10:25:43,buy,0.03,GBPUSD,1.34486,02/01/2026 18:10:20,1.34912,-0.15,0.00,42.60,12.63,15.42,51.90,-13.47,-44.40,1031501,SMA Buy,55.74,2.32days
22/12/2025 19:30:05,buy,0.02,GBPUSD,1.34688,02/01/2026 18:10:19,1.34912,-0.10,-0.60,22.40,3.78,12.43,64.00,-13.62,-64.60,1031501,SMA Buy,262.67,10.94days
23/12/2025 11:30:00,sell,0.02,EURAUD,1.76111,29/12/2025 07:23:07,1.75062,-0.10,0.02,104.90,14.01,15.43,115.40,-2.62,-18.80,2031501,SMA Sell,139.89,5.83days
11/12/2025 18:13:48,sell,0.07,EURCAD,1.61816,26/12/2025 18:02:02,1.60881,-0.35,-3.81,93.50,43.76,48.12,102.00,-15.81,-29.00,2031501,SMA Sell,359.80,14.99days
09/12/2025 07:54:45,sell,0.03,EURCAD,1.61335,26/12/2025 18:02:01,1.60882,-0.15,-2.03,45.30,7.77,10.26,53.90,-17.67,-77.10,2031501,SMA Sell,418.12,17.42days
16/12/2025 13:56:01,sell,0.10,EURCAD,1.62018,26/12/2025 18:02:00,1.60867,-0.50,-4.45,115.10,79.32,84.52,122.20,-6.90,-8.80,2031501,SMA Sell,244.10,10.17days
11/12/2025 09:34:35,sell,0.05,EURCAD,1.61612,26/12/2025 18:02:00,1.60866,-0.25,-2.69,74.60,24.37,26.93,81.60,-18.70,-49.40,2031501,SMA Sell,368.46,15.35days
05/12/2025 22:00:00,sell,0.02,EURCAD,1.61089,26/12/2025 18:01:59,1.60867,-0.10,-1.53,22.20,1.62,5.77,41.10,-15.52,-101.70,2031501,SMA Sell,500.03,20.83days
12/12/2025 18:07:52,sell,0.03,USDCAD,1.37853,23/12/2025 16:07:47,1.37024,-0.15,-2.07,82.90,15.93,18.22,93.30,-6.43,-21.50,2031501,SMA Sell,262.00,10.92days
19/12/2025 22:55:19,sell,0.05,USDCAD,1.38051,23/12/2025 16:07:46,1.37027,-0.25,-0.76,102.40,36.35,40.29,113.10,-0.87,-1.70,2031501,SMA Sell,89.21,3.72days
11/12/2025 19:18:50,sell,0.02,USDCAD,1.37651,23/12/2025 16:07:45,1.37027,-0.10,-1.82,62.40,7.19,8.76,73.10,-7.66,-41.70,2031501,SMA Sell,284.82,11.87days
18/12/2025 03:19:17,buy,0.07,AUDUSD,0.65968,23/12/2025 15:53:49,0.66902,-0.35,-0.92,93.40,64.11,70.41,102.40,-3.50,-4.50,1031501,SMA Buy,132.58,5.52days
12/12/2025 18:06:05,buy,0.03,AUDUSD,0.66386,23/12/2025 15:53:49,0.66902,-0.15,-0.69,51.60,14.64,17.34,60.60,-14.35,-46.30,1031501,SMA Buy,261.80,10.91days
16/12/2025 03:49:36,buy,0.05,AUDUSD,0.66185,23/12/2025 15:53:48,0.66902,-0.25,-1.01,71.70,34.59,39.09,80.70,-13.71,-26.20,1031501,SMA Buy,180.07,7.50days
11/12/2025 15:00:01,buy,0.02,AUDUSD,0.66583,23/12/2025 15:53:47,0.66902,-0.10,-0.54,31.90,5.74,7.54,40.90,-13.57,-66.00,1031501,SMA Buy,288.90,12.04days
08/12/2025 08:25:38,buy,0.34,GBPCAD,1.84180,18/12/2025 15:32:38,1.84834,-1.70,11.76,65.40,171.52,207.80,81.70,-165.82,-70.10,1031501,SMA Buy,247.12,10.30days
17/12/2025 10:05:06,buy,1.15,GBPCAD,1.83520,18/12/2025 15:32:37,1.84827,-5.75,9.96,130.70,1095.59,1095.59,130.70,-39.96,-4.10,1031501,SMA Buy,29.46,1.23days
05/12/2025 16:04:03,buy,0.07,GBPCAD,1.85331,18/12/2025 15:32:37,1.84826,-0.35,2.62,-50.50,-23.39,6.45,12.60,-92.41,-185.20,1031501,SMA Buy,311.48,12.98days
05/12/2025 17:53:48,buy,0.15,GBPCAD,1.84924,18/12/2025 15:32:36,1.84819,-0.75,5.61,-10.50,-6.58,11.08,7.30,-153.71,-144.50,1031501,SMA Buy,309.65,12.90days
17/12/2025 09:31:52,buy,0.77,GBPCAD,1.83710,18/12/2025 15:32:35,1.84819,-3.85,6.67,110.90,622.86,622.86,110.90,-132.91,-23.10,1031501,SMA Buy,30.01,1.25days
05/12/2025 15:30:05,buy,0.03,GBPCAD,1.85718,18/12/2025 15:32:35,1.84814,-0.15,1.15,-90.40,-18.69,0.00,0.00,-48.00,-223.90,1031501,SMA Buy,312.04,13.00days
08/12/2025 14:04:09,buy,0.51,GBPCAD,1.83916,18/12/2025 15:32:34,1.84816,-2.55,17.66,90.00,348.39,409.45,108.10,-151.02,-43.70,1031501,SMA Buy,241.47,10.06days
05/12/2025 18:08:48,buy,0.23,GBPCAD,1.84713,18/12/2025 15:32:34,1.84821,-1.15,8.61,10.80,25.50,52.22,28.40,-200.47,-123.40,1031501,SMA Buy,309.40,12.89days
05/12/2025 17:02:10,buy,0.10,GBPCAD,1.85131,18/12/2025 15:32:32,1.84810,-0.50,3.77,-32.10,-20.04,4.47,6.90,-117.47,-165.20,1031501,SMA Buy,310.51,12.94days
05/12/2025 15:39:43,buy,0.05,GBPCAD,1.85535,18/12/2025 15:32:32,1.84832,-0.25,1.84,-70.30,-23.93,0.00,0.00,-73.43,-205.60,1031501,SMA Buy,311.88,13.00days
04/12/2025 04:57:07,buy,0.02,GBPCAD,1.86217,18/12/2025 15:32:30,1.84824,-0.10,0.82,-139.30,-19.51,6.24,44.30,-39.18,-273.80,1031501,SMA Buy,346.59,14.44days
04/12/2025 02:01:37,sell,0.34,AUDCAD,0.92190,18/12/2025 09:04:40,0.91024,-1.70,-25.88,116.60,260.31,294.31,130.50,-94.03,-37.10,2031501,SMA Sell,343.05,14.29days
24/10/2025 15:31:00,sell,0.07,AUDCAD,0.91361,18/12/2025 09:04:40,0.91024,-0.35,-20.03,33.70,-3.25,28.87,78.60,-75.70,-120.00,2031501,SMA Sell,1313.56,54.73days
28/10/2025 12:12:41,sell,0.15,AUDCAD,0.91788,18/12/2025 09:04:39,0.91024,-0.75,-41.63,76.40,40.84,108.59,121.30,-114.95,-77.30,2031501,SMA Sell,1220.87,50.87days
23/10/2025 09:32:13,sell,0.03,AUDCAD,0.90943,18/12/2025 09:04:38,0.91024,-0.15,-8.71,-8.10,-10.62,3.33,36.80,-41.58,-161.80,2031501,SMA Sell,1343.54,55.98days
05/12/2025 08:04:52,sell,0.51,AUDCAD,0.92393,18/12/2025 09:04:37,0.91027,-2.55,-36.09,136.60,467.27,519.30,150.80,-64.02,-16.80,2031501,SMA Sell,313.00,13.04days
29/10/2025 02:31:01,sell,0.23,AUDCAD,0.91990,18/12/2025 09:04:37,0.91027,-1.15,-62.67,96.30,97.02,200.61,141.50,-141.76,-57.10,2031501,SMA Sell,1206.56,50.27days
27/10/2025 10:46:08,sell,0.10,AUDCAD,0.91576,18/12/2025 09:04:36,0.91027,-0.50,-28.23,54.90,11.14,56.88,100.10,-92.32,-98.50,2031501,SMA Sell,1246.31,51.93days
24/10/2025 10:00:04,sell,0.05,AUDCAD,0.91172,18/12/2025 09:04:35,0.91027,-0.25,-14.30,14.50,-9.28,13.92,59.70,-60.85,-138.90,2031501,SMA Sell,1319.08,54.96days
23/10/2025 02:30:20,sell,0.02,AUDCAD,0.90742,18/12/2025 09:04:35,0.91028,-0.10,-5.81,-28.60,-10.06,0.30,16.70,-30.58,-181.90,2031501,SMA Sell,1350.57,56.27days
16/12/2025 03:39:50,sell,0.34,GBPAUD,2.01831,17/12/2025 02:45:24,2.02706,-1.70,-1.75,-87.50,-200.49,112.95,50.80,-200.49,-87.50,2031501,SMA Sell,23.09,23.09hrs
10/12/2025 17:13:05,sell,0.07,GBPAUD,2.00901,17/12/2025 02:45:24,2.02705,-0.35,-2.53,-180.40,-86.52,30.56,66.10,-86.52,-180.40,2031501,SMA Sell,153.54,6.40days
16/12/2025 12:49:16,sell,0.77,GBPAUD,2.02259,17/12/2025 02:45:23,2.02735,-3.85,-3.97,-47.60,-250.57,187.35,37.30,-250.57,-47.60,2031501,SMA Sell,13.94,13.94hrs
11/12/2025 05:31:37,sell,0.15,GBPAUD,2.01309,17/12/2025 02:45:22,2.02734,-0.75,-3.10,-142.50,-145.42,84.57,86.00,-145.42,-142.50,2031501,SMA Sell,141.23,5.88days
10/12/2025 03:42:26,sell,0.03,GBPAUD,2.00473,17/12/2025 02:45:22,2.02734,-0.15,-1.09,-226.10,-46.16,6.60,33.80,-46.16,-226.10,2031501,SMA Sell,167.05,6.96days
16/12/2025 14:22:16,sell,1.15,GBPAUD,2.02477,17/12/2025 02:45:21,2.02734,-5.75,-5.93,-25.70,-207.43,446.71,59.10,-207.43,-25.70,2031501,SMA Sell,12.38,12.38hrs
16/12/2025 11:31:00,sell,0.51,GBPAUD,2.02039,17/12/2025 02:45:20,2.02733,-2.55,-2.63,-69.40,-239.61,49.40,15.30,-239.61,-69.40,2031501,SMA Sell,15.24,15.24hrs
11/12/2025 06:03:04,sell,0.23,GBPAUD,2.01577,17/12/2025 02:45:20,2.02733,-1.15,-4.76,-115.60,-182.01,170.83,112.80,-182.01,-115.60,2031501,SMA Sell,140.70,5.86days
11/12/2025 05:09:00,sell,0.10,GBPAUD,2.01101,17/12/2025 02:45:19,2.02732,-0.50,-2.08,-163.10,-110.61,42.50,65.20,-110.61,-163.10,2031501,SMA Sell,141.61,5.90days
10/12/2025 15:58:50,sell,0.05,GBPAUD,2.00691,17/12/2025 02:45:18,2.02732,-0.25,-1.82,-204.10,-69.67,14.81,45.10,-69.67,-204.10,2031501,SMA Sell,154.77,6.45days
09/12/2025 18:45:38,sell,0.02,GBPAUD,2.00138,17/12/2025 02:45:17,2.02725,-0.10,-0.81,-258.70,-35.18,0.00,0.30,-35.18,-258.70,2031501,SMA Sell,175.99,7.33days
12/12/2025 09:00:12,buy,0.03,GBPUSD,1.33824,16/12/2025 15:33:17,1.34455,-0.15,-0.14,63.10,18.64,18.64,63.10,-11.13,-36.60,1031501,SMA Buy,102.55,4.27days
12/12/2025 17:51:03,buy,0.05,GBPUSD,1.33576,16/12/2025 15:33:16,1.34460,-0.25,-0.24,88.40,43.71,43.71,88.40,-6.15,-11.80,1031501,SMA Buy,93.70,3.90days
11/12/2025 19:06:03,buy,0.02,GBPUSD,1.34273,16/12/2025 15:33:14,1.34460,-0.10,-0.15,18.70,3.49,3.49,18.70,-16.45,-81.50,1031501,SMA Buy,116.45,4.85days
10/12/2025 22:04:13,sell,0.34,EURUSD,1.16854,16/12/2025 14:57:32,1.17744,-1.70,7.50,-89.00,-296.80,8.85,2.00,-296.80,-89.00,2031501,SMA Sell,136.89,5.70days
26/11/2025 05:38:33,sell,0.07,EURUSD,1.15901,16/12/2025 14:57:31,1.17745,-0.35,5.17,-184.40,-124.26,26.74,38.70,-124.26,-184.40,2031501,SMA Sell,489.32,20.39days
11/12/2025 15:45:52,sell,0.77,EURUSD,1.17306,16/12/2025 14:57:30,1.17745,-3.85,8.49,-43.90,-333.39,79.83,10.50,-333.39,-43.90,2031501,SMA Sell,119.19,4.97days
01/12/2025 14:55:50,sell,0.15,EURUSD,1.16446,16/12/2025 14:57:30,1.17741,-0.75,8.27,-129.50,-186.73,71.05,47.50,-186.73,-129.50,2031501,SMA Sell,360.03,15.00days
21/11/2025 10:15:52,sell,0.03,EURUSD,1.15497,16/12/2025 14:57:29,1.17741,-0.15,2.50,-224.40,-64.97,16.62,55.90,-64.97,-224.40,2031501,SMA Sell,604.69,25.20days
11/12/2025 17:50:18,sell,1.15,EURUSD,1.17546,16/12/2025 14:57:28,1.17750,-5.75,12.69,-20.40,-227.66,395.23,34.50,-227.66,-20.40,2031501,SMA Sell,117.12,4.88days
11/12/2025 13:04:35,sell,0.51,EURUSD,1.17102,16/12/2025 14:57:27,1.17749,-2.55,5.64,-64.70,-326.88,0.00,0.00,-326.88,-64.70,2031501,SMA Sell,121.88,5.08days
03/12/2025 13:50:48,sell,0.23,EURUSD,1.16645,16/12/2025 14:57:27,1.17750,-1.15,11.03,-110.50,-244.27,116.18,48.80,-244.27,-110.50,2031501,SMA Sell,313.11,13.05days
27/11/2025 03:49:50,sell,0.10,EURUSD,1.16121,16/12/2025 14:57:26,1.17750,-0.50,6.27,-162.90,-157.13,56.47,56.60,-157.13,-162.90,2031501,SMA Sell,467.13,19.46days
25/11/2025 16:48:04,sell,0.05,EURUSD,1.15697,16/12/2025 14:57:25,1.17752,-0.25,3.63,-205.50,-99.37,8.90,18.30,-99.37,-205.50,2031501,SMA Sell,502.16,20.92days
20/11/2025 20:00:05,sell,0.02,EURUSD,1.15291,16/12/2025 14:57:25,1.17751,-0.10,1.70,-246.00,-47.60,7.03,35.30,-47.60,-246.00,2031501,SMA Sell,618.96,25.79days
12/12/2025 17:27:22,sell,0.34,EURAUD,1.76527,16/12/2025 03:37:47,1.77376,-1.70,1.02,-84.90,-191.99,22.78,10.60,-191.99,-84.90,2031501,SMA Sell,82.17,3.42days
11/12/2025 04:33:36,sell,0.07,EURAUD,1.75754,16/12/2025 03:37:47,1.77352,-0.35,0.30,-159.80,-74.19,1.43,3.60,-74.19,-159.80,2031501,SMA Sell,119.07,4.96days
16/12/2025 02:09:20,sell,1.15,EURAUD,1.77136,16/12/2025 03:37:46,1.77350,-5.75,0.00,-21.40,-168.85,0.00,0.00,-168.85,-21.40,2031501,SMA Sell,1.47,1.47hrs
11/12/2025 05:59:30,sell,0.15,EURAUD,1.76134,16/12/2025 03:37:45,1.77350,-0.75,0.66,-121.60,-120.97,41.12,41.60,-120.97,-121.60,2031501,SMA Sell,117.64,4.90days
10/12/2025 04:04:41,sell,0.03,EURAUD,1.75282,16/12/2025 03:37:45,1.77352,-0.15,0.26,-207.00,-41.05,6.20,31.80,-41.05,-207.00,2031501,SMA Sell,143.55,5.98days
15/12/2025 16:57:43,sell,0.77,EURAUD,1.76899,16/12/2025 03:37:44,1.77354,-3.85,1.15,-45.50,-234.89,22.38,5.00,-234.89,-45.50,2031501,SMA Sell,10.67,10.67hrs
12/12/2025 17:58:42,sell,0.51,EURAUD,1.76711,16/12/2025 03:37:43,1.77355,-2.55,1.52,-64.40,-218.69,96.57,29.00,-218.69,-64.40,2031501,SMA Sell,81.65,3.40days
11/12/2025 17:50:42,sell,0.23,EURAUD,1.76326,16/12/2025 03:37:43,1.77381,-1.15,1.02,-105.50,-160.94,92.53,60.80,-160.94,-105.50,2031501,SMA Sell,105.78,4.41days
11/12/2025 05:09:09,sell,0.10,EURAUD,1.75930,16/12/2025 03:37:42,1.77377,-0.50,0.45,-144.70,-95.95,13.80,21.20,-95.95,-144.70,2031501,SMA Sell,118.48,4.94days
10/12/2025 17:08:55,sell,0.05,EURAUD,1.75482,16/12/2025 03:37:41,1.77372,-0.25,0.44,-189.00,-62.44,15.88,48.30,-62.44,-189.00,2031501,SMA Sell,130.48,5.44days
09/12/2025 16:57:19,sell,0.02,EURAUD,1.75071,16/12/2025 03:37:40,1.77368,-0.10,0.21,-229.70,-30.34,2.89,22.50,-30.34,-229.70,2031501,SMA Sell,154.67,6.44days
10/12/2025 16:46:47,sell,0.03,USDCAD,1.38655,11/12/2025 18:18:41,1.37719,-0.15,-0.23,93.60,20.01,23.15,107.90,0.00,0.00,2031501,SMA Sell,25.53,1.06days
10/12/2025 01:00:11,sell,0.02,USDCAD,1.38447,11/12/2025 18:18:37,1.37716,-0.10,-0.15,73.10,10.37,12.41,87.10,-2.97,-19.90,2031501,SMA Sell,41.31,1.72days
11/12/2025 10:00:00,buy,0.02,GBPUSD,1.33706,11/12/2025 18:06:03,1.34283,-0.10,0.00,57.70,11.44,12.64,63.70,-2.80,-13.50,1031501,SMA Buy,8.10,8.10hrs
04/12/2025 12:57:21,buy,0.02,AUDUSD,0.66111,10/12/2025 23:34:56,0.66749,-0.10,-0.16,63.80,12.50,14.18,72.20,-1.32,-5.90,1031501,SMA Buy,154.63,6.44days
05/12/2025 18:12:02,buy,0.03,GBPUSD,1.33267,10/12/2025 22:22:53,1.33790,-0.15,-0.21,52.30,15.33,17.34,59.00,-11.51,-37.40,1031501,SMA Buy,124.18,5.17days
09/12/2025 16:24:35,buy,0.05,GBPUSD,1.33068,10/12/2025 22:22:52,1.33790,-0.25,-0.12,72.20,35.73,39.08,78.90,-9.00,-17.50,1031501,SMA Buy,29.97,1.25days
03/12/2025 20:57:10,buy,0.02,GBPUSD,1.33467,10/12/2025 22:22:51,1.33787,-0.10,-0.34,32.00,5.96,7.36,39.00,-11.87,-57.40,1031501,SMA Buy,169.43,7.06days
09/12/2025 05:30:40,sell,0.10,GBPAUD,2.01607,09/12/2025 17:45:38,2.00126,-0.50,0.00,148.10,97.92,106.30,160.50,0.00,0.00,2031501,SMA Sell,12.25,12.25hrs
08/12/2025 16:09:49,sell,0.03,GBPAUD,2.00853,09/12/2025 17:45:38,2.00125,-0.15,-0.15,72.80,14.22,16.69,85.10,-12.67,-62.30,2031501,SMA Sell,25.60,1.07days
09/12/2025 05:30:36,sell,0.07,GBPAUD,2.01362,09/12/2025 17:45:37,2.00129,-0.35,0.00,123.30,57.01,63.00,136.00,-5.63,-11.40,2031501,SMA Sell,12.25,12.25hrs
08/12/2025 17:00:40,sell,0.05,GBPAUD,2.01053,09/12/2025 17:45:37,2.00126,-0.25,-0.26,92.70,30.29,34.46,105.10,-14.50,-42.30,2031501,SMA Sell,24.75,1.03days
08/12/2025 04:57:19,sell,0.02,GBPAUD,2.00647,09/12/2025 17:45:35,2.00127,-0.10,-0.10,52.00,6.71,8.38,64.50,-11.17,-82.90,2031501,SMA Sell,36.80,1.53days
02/12/2025 11:33:22,sell,0.03,USDCAD,1.40079,05/12/2025 16:24:06,1.38912,-0.15,-1.14,116.70,23.91,24.15,117.80,-1.09,-4.40,2031501,SMA Sell,76.85,3.20days
28/11/2025 20:57:20,sell,0.02,USDCAD,1.39762,05/12/2025 16:24:01,1.38921,-0.10,-1.08,84.10,10.93,11.22,86.10,-5.58,-36.10,2031501,SMA Sell,163.44,6.81days
04/12/2025 16:00:00,sell,0.02,EURAUD,1.76527,05/12/2025 13:39:28,1.75694,-0.10,0.03,83.30,10.97,12.93,98.00,-0.60,-3.80,2031501,SMA Sell,21.66,21.66hrs
03/12/2025 16:08:19,sell,0.03,GBPAUD,2.02174,05/12/2025 13:37:04,2.01108,-0.15,-0.61,106.60,20.44,23.13,120.00,-4.85,-21.40,2031501,SMA Sell,45.48,1.89days
01/12/2025 20:57:18,sell,0.02,GBPAUD,2.01794,05/12/2025 13:37:02,2.01108,-0.10,-0.61,68.60,8.39,10.38,82.00,-8.45,-59.40,2031501,SMA Sell,88.66,3.69days
01/12/2025 10:00:06,buy,0.02,AUDUSD,0.65505,04/12/2025 11:01:05,0.66092,-0.10,-0.19,58.70,11.45,13.33,68.10,-2.50,-11.80,1031501,SMA Buy,73.02,3.04days
01/12/2025 12:51:25,sell,0.03,EURAUD,1.77579,04/12/2025 03:20:48,1.76591,-0.15,0.21,98.80,19.64,22.03,110.80,-0.48,-1.90,2031501,SMA Sell,62.49,2.60days
27/11/2025 12:30:00,sell,0.02,EURAUD,1.77368,04/12/2025 03:20:47,1.76592,-0.10,0.25,77.60,10.40,12.01,89.70,-4.55,-34.10,2031501,SMA Sell,158.85,6.62days
26/11/2025 14:09:52,buy,0.07,GBPCAD,1.85096,03/12/2025 17:21:33,1.85811,-0.35,1.40,71.50,36.92,52.69,106.60,-35.50,-71.70,1031501,SMA Buy,171.19,7.13days
28/11/2025 17:11:52,buy,0.15,GBPCAD,1.84676,03/12/2025 17:21:31,1.85812,-0.75,1.29,113.60,122.67,134.14,124.40,-32.66,-29.70,1031501,SMA Buy,120.16,5.01days
26/11/2025 09:14:17,buy,0.03,GBPCAD,1.85534,03/12/2025 17:21:31,1.85816,-0.15,0.62,28.20,6.54,13.24,62.80,-24.62,-115.50,1031501,SMA Buy,176.12,7.34days
28/11/2025 17:30:32,buy,0.23,GBPCAD,1.84476,03/12/2025 17:21:30,1.85818,-1.15,1.97,134.20,222.02,238.61,144.40,-17.13,-9.70,1031501,SMA Buy,119.85,4.99days
28/11/2025 16:24:18,buy,0.10,GBPCAD,1.84895,03/12/2025 17:21:29,1.85818,-0.50,0.84,92.30,66.49,73.73,102.50,-37.46,-51.60,1031501,SMA Buy,120.95,5.04days
26/11/2025 09:54:01,buy,0.05,GBPCAD,1.85310,03/12/2025 17:21:28,1.85817,-0.25,0.99,50.70,18.91,30.03,85.20,-33.02,-93.10,1031501,SMA Buy,175.46,7.31days
25/11/2025 16:48:41,buy,0.02,GBPCAD,1.85989,03/12/2025 17:21:26,1.85815,-0.10,0.41,-17.40,-2.18,2.65,19.40,-22.93,-161.00,1031501,SMA Buy,192.55,8.02days
25/11/2025 17:35:22,sell,0.34,GBPUSD,1.31893,03/12/2025 11:33:45,1.32728,-1.70,-6.29,-83.50,-291.89,201.96,59.90,-296.89,-85.50,2031501,SMA Sell,185.97,7.75days
26/11/2025 17:18:54,sell,0.77,GBPUSD,1.32303,03/12/2025 11:33:44,1.32723,-3.85,-14.22,-42.00,-341.47,305.05,41.70,-356.66,-44.50,2031501,SMA Sell,162.25,6.76days
20/11/2025 16:30:47,sell,0.07,GBPUSD,1.31089,03/12/2025 11:33:44,1.32723,-0.35,-2.03,-163.40,-116.76,46.98,67.90,-118.43,-165.90,2031501,SMA Sell,307.05,12.79days
25/11/2025 15:15:27,sell,0.15,GBPUSD,1.31483,03/12/2025 11:33:43,1.32721,-0.75,-2.79,-123.80,-189.24,27.60,18.90,-193.09,-126.50,2031501,SMA Sell,188.30,7.85days
27/11/2025 03:03:43,sell,1.15,GBPUSD,1.32519,03/12/2025 11:33:42,1.32720,-5.75,-12.16,-20.10,-249.06,713.08,63.30,-275.18,-22.90,2031501,SMA Sell,152.50,6.35days
20/11/2025 09:52:55,sell,0.03,GBPUSD,1.30684,03/12/2025 11:33:42,1.32720,-0.15,-0.89,-203.60,-62.12,7.98,27.40,-62.92,-206.40,2031501,SMA Sell,313.68,13.07days
26/11/2025 15:18:33,sell,0.51,GBPUSD,1.32101,03/12/2025 11:33:41,1.32720,-2.55,-9.44,-61.90,-327.68,103.53,21.50,-339.26,-64.70,2031501,SMA Sell,164.25,6.84days
25/11/2025 16:32:32,sell,0.23,GBPUSD,1.31690,03/12/2025 11:33:41,1.32720,-1.15,-4.26,-103.00,-242.31,89.93,39.60,-247.53,-105.80,2031501,SMA Sell,187.02,7.79days
25/11/2025 11:35:30,sell,0.10,GBPUSD,1.31290,03/12/2025 11:33:40,1.32720,-0.50,-1.83,-143.00,-145.33,18.60,19.10,-148.01,-145.80,2031501,SMA Sell,191.97,8.00days
20/11/2025 15:38:05,sell,0.05,GBPUSD,1.30889,03/12/2025 11:33:39,1.32723,-0.25,-1.46,-183.40,-93.41,23.56,47.90,-94.60,-185.90,2031501,SMA Sell,307.93,12.83days
19/11/2025 23:00:09,sell,0.02,GBPUSD,1.30485,03/12/2025 11:33:38,1.32723,-0.10,-0.75,-223.80,-45.61,1.51,8.90,-46.09,-226.30,2031501,SMA Sell,324.56,13.52days
20/11/2025 18:08:13,sell,0.07,USDCAD,1.40718,28/11/2025 18:07:20,1.39543,-0.35,-5.45,117.50,53.14,60.74,132.50,-30.76,-58.30,2031501,SMA Sell,191.99,8.00days
21/11/2025 14:20:09,sell,0.15,USDCAD,1.41125,28/11/2025 18:07:19,1.39543,-0.75,-8.40,158.20,160.91,177.23,173.20,-19.43,-17.60,2031501,SMA Sell,171.79,7.16days
10/11/2025 18:30:03,sell,0.03,USDCAD,1.40318,28/11/2025 18:07:19,1.39543,-0.15,-4.31,77.50,12.20,15.45,92.50,-23.65,-98.30,2031501,SMA Sell,431.62,17.98days
20/11/2025 18:56:54,sell,0.10,USDCAD,1.40921,28/11/2025 18:07:18,1.39543,-0.50,-7.79,137.80,90.46,101.33,152.80,-29.57,-38.00,2031501,SMA Sell,191.17,7.97days
17/11/2025 21:52:02,sell,0.05,USDCAD,1.40518,28/11/2025 18:07:18,1.39543,-0.25,-4.97,97.50,29.72,35.13,112.50,-30.14,-78.30,2031501,SMA Sell,260.25,10.84days
10/11/2025 11:00:06,sell,0.02,USDCAD,1.40116,28/11/2025 18:07:16,1.39543,-0.10,-2.91,57.30,5.20,7.36,72.30,-18.65,-118.50,2031501,SMA Sell,439.12,18.30days
25/11/2025 16:04:21,sell,0.15,EURCAD,1.63114,28/11/2025 15:36:44,1.62062,-0.75,-1.93,105.20,109.98,127.98,121.90,-25.19,-23.00,2031501,SMA Sell,71.54,2.98days
20/11/2025 19:18:04,sell,0.07,EURCAD,1.62673,28/11/2025 15:36:44,1.62065,-0.35,-1.81,60.80,28.22,36.76,77.80,-34.53,-67.10,2031501,SMA Sell,188.31,7.85days
25/11/2025 16:48:56,sell,0.23,EURCAD,1.63302,28/11/2025 15:36:43,1.62061,-1.15,-2.96,124.10,199.68,227.14,140.70,-7.99,-4.20,2031501,SMA Sell,70.80,2.95days
19/11/2025 13:56:44,sell,0.03,EURCAD,1.62274,28/11/2025 15:36:43,1.62058,-0.15,-1.07,21.60,3.41,8.99,44.20,-23.57,-107.00,2031501,SMA Sell,217.67,9.07days
24/11/2025 13:58:52,sell,0.10,EURCAD,1.62906,28/11/2025 15:36:41,1.62029,-0.50,-1.92,87.70,60.20,69.82,101.10,-32.17,-43.80,2031501,SMA Sell,97.63,4.07days
20/11/2025 18:42:00,sell,0.05,EURCAD,1.62472,28/11/2025 15:36:40,1.62041,-0.25,-1.28,43.10,13.86,19.09,57.70,-31.77,-87.20,2031501,SMA Sell,188.91,7.87days
19/11/2025 10:00:00,sell,0.02,EURCAD,1.62076,28/11/2025 15:36:38,1.62035,-0.10,-0.70,4.10,-0.21,3.17,24.40,-18.51,-126.80,2031501,SMA Sell,221.61,9.23days
21/11/2025 12:28:21,buy,0.34,AUDUSD,0.64233,27/11/2025 08:20:40,0.65295,-1.70,-3.46,106.20,355.92,387.20,115.40,-7.48,-1.70,1031501,SMA Buy,139.87,5.83days
19/11/2025 17:58:36,buy,0.15,AUDUSD,0.64636,27/11/2025 08:20:39,0.65294,-0.75,-2.65,65.80,95.30,109.25,75.10,-64.87,-42.00,1031501,SMA Buy,182.37,7.60days
14/11/2025 13:49:02,buy,0.07,AUDUSD,0.65040,27/11/2025 08:20:39,0.65294,-0.35,-1.62,25.40,15.81,31.57,45.60,-58.94,-82.40,1031501,SMA Buy,306.53,12.77days
13/11/2025 16:43:33,buy,0.03,AUDUSD,0.65443,27/11/2025 08:20:38,0.65294,-0.15,-0.78,-14.90,-5.40,3.72,12.90,-37.43,-122.70,1031501,SMA Buy,327.62,13.65days
20/11/2025 19:17:15,buy,0.23,AUDUSD,0.64433,27/11/2025 08:20:37,0.65294,-1.15,-2.77,86.10,194.11,215.50,95.40,-51.49,-21.70,1031501,SMA Buy,157.06,6.54days
17/11/2025 21:56:10,buy,0.10,AUDUSD,0.64837,27/11/2025 08:20:37,0.65294,-0.50,-2.15,45.70,43.05,52.35,55.00,-63.73,-62.10,1031501,SMA Buy,226.41,9.43days
13/11/2025 20:40:17,buy,0.05,AUDUSD,0.65243,27/11/2025 08:20:36,0.65294,-0.25,-1.24,5.10,1.06,12.31,25.30,-52.33,-102.70,1031501,SMA Buy,323.67,13.49days
13/11/2025 12:39:14,buy,0.02,AUDUSD,0.65715,27/11/2025 08:20:35,0.65295,-0.10,-0.51,-42.00,-9.01,0.00,0.00,-30.39,-149.90,1031501,SMA Buy,331.69,13.82days
21/11/2025 18:00:01,buy,0.02,GBPAUD,2.03390,25/11/2025 16:50:50,2.04571,-0.10,-0.16,118.10,14.95,16.36,129.10,-10.77,-82.20,1031501,SMA Buy,94.85,3.95days
20/11/2025 18:15:45,sell,0.07,GBPCAD,1.84321,25/11/2025 16:48:39,1.85990,-0.35,-3.24,-166.90,-86.35,15.41,33.40,-86.35,-166.90,2031501,SMA Sell,118.55,4.94days
25/11/2025 09:41:49,sell,0.34,GBPCAD,1.85195,25/11/2025 16:48:38,1.86018,-1.70,0.00,-82.30,-199.91,18.77,8.50,-199.91,-82.30,2031501,SMA Sell,7.11,7.11hrs
21/11/2025 17:57:29,sell,0.15,GBPCAD,1.84791,25/11/2025 16:48:38,1.86019,-0.75,-5.18,-122.80,-136.41,25.57,26.40,-136.41,-122.80,2031501,SMA Sell,94.85,3.95days
20/11/2025 15:50:39,sell,0.03,GBPCAD,1.83913,25/11/2025 16:48:37,1.86018,-0.15,-1.38,-210.50,-46.27,0.34,2.30,-46.27,-210.50,2031501,SMA Sell,120.97,5.04days
25/11/2025 16:33:25,sell,1.15,GBPCAD,1.85807,25/11/2025 16:48:36,1.86019,-5.75,0.00,-21.20,-178.46,0.00,0.00,-178.46,-21.20,2031501,SMA Sell,0.25,0.25hrs
25/11/2025 15:30:17,sell,0.77,GBPCAD,1.85610,25/11/2025 16:48:35,1.86017,-3.85,0.00,-40.70,-225.85,43.60,8.70,-225.85,-40.70,2031501,SMA Sell,1.30,1.30hrs
25/11/2025 11:40:44,sell,0.51,GBPCAD,1.85394,25/11/2025 16:48:35,1.86018,-2.55,0.00,-62.40,-227.99,93.87,26.70,-227.99,-62.40,2031501,SMA Sell,5.13,5.13hrs
24/11/2025 15:26:01,sell,0.23,GBPCAD,1.84992,25/11/2025 16:48:33,1.86023,-1.15,-5.24,-103.10,-174.37,66.20,41.30,-174.37,-103.10,2031501,SMA Sell,25.38,1.06days
21/11/2025 10:17:06,sell,0.10,GBPCAD,1.84539,25/11/2025 16:48:32,1.86019,-0.50,-3.45,-148.00,-108.79,38.64,55.20,-108.79,-148.00,2031501,SMA Sell,102.52,4.27days
20/11/2025 16:28:58,sell,0.05,GBPCAD,1.84116,25/11/2025 16:48:32,1.86023,-0.25,-2.32,-190.70,-70.11,3.73,12.90,-70.11,-190.70,2031501,SMA Sell,120.33,5.01days
19/11/2025 12:30:01,sell,0.02,GBPCAD,1.83686,25/11/2025 16:48:31,1.86029,-0.10,-1.63,-234.30,-34.92,4.67,37.50,-34.92,-234.30,2031501,SMA Sell,148.31,6.18days
19/11/2025 22:37:48,buy,0.07,GBPAUD,2.01704,20/11/2025 19:38:39,2.02863,-0.35,-0.56,115.90,51.36,55.08,124.20,-25.93,-55.10,1031501,SMA Buy,21.01,21.01hrs
18/11/2025 13:23:47,buy,0.03,GBPAUD,2.02138,20/11/2025 19:38:39,2.02865,-0.15,-0.32,72.70,13.58,15.14,80.80,-19.64,-98.50,1031501,SMA Buy,54.25,2.26days
19/11/2025 12:57:35,buy,0.05,GBPAUD,2.01904,20/11/2025 19:38:38,2.02865,-0.25,-0.40,96.10,30.30,32.90,104.20,-25.01,-75.10,1031501,SMA Buy,30.68,1.28days
17/11/2025 21:00:05,buy,0.02,GBPAUD,2.02544,20/11/2025 19:38:37,2.02869,-0.10,-0.26,32.50,3.82,10.77,84.40,-18.41,-139.10,1031501,SMA Buy,70.64,2.94days
18/11/2025 19:56:02,buy,0.03,EURAUD,1.77852,20/11/2025 19:00:32,1.78738,-0.15,-1.14,88.60,15.86,17.44,92.00,-8.79,-38.50,1031501,SMA Buy,47.08,1.96days
20/11/2025 15:38:11,buy,0.05,EURAUD,1.77499,20/11/2025 19:00:31,1.78750,-0.25,0.00,125.10,40.10,40.10,125.10,-1.29,-3.20,1031501,SMA Buy,3.37,3.37hrs
18/11/2025 02:00:01,buy,0.02,EURAUD,1.78530,20/11/2025 19:00:30,1.78760,-0.10,-0.76,23.00,2.11,10.30,80.40,-14.67,-106.30,1031501,SMA Buy,65.01,2.71days
13/11/2025 18:59:40,sell,0.34,EURUSD,1.16484,19/11/2025 20:44:35,1.15357,-1.70,4.68,112.70,386.16,413.70,120.80,-26.86,-7.40,2031501,SMA Sell,145.75,6.07days
13/11/2025 09:50:36,sell,0.15,EURUSD,1.16081,19/11/2025 20:44:34,1.15357,-0.75,2.04,72.40,109.89,122.04,80.50,-72.30,-47.70,2031501,SMA Sell,154.90,6.45days
07/11/2025 15:21:10,sell,0.07,EURUSD,1.15682,19/11/2025 20:44:34,1.15357,-0.35,2.16,32.50,24.56,30.23,40.60,-60.47,-87.60,2031501,SMA Sell,293.39,12.22days
13/11/2025 10:59:35,sell,0.23,EURUSD,1.16288,19/11/2025 20:44:33,1.15357,-1.15,3.16,93.10,216.14,234.77,101.20,-63.25,-27.00,2031501,SMA Sell,153.75,6.41days
04/11/2025 09:07:59,sell,0.03,EURUSD,1.15284,19/11/2025 20:44:33,1.15357,-0.15,1.60,-7.30,-0.74,17.67,59.00,-37.17,-127.40,2031501,SMA Sell,371.61,15.48days
07/11/2025 17:05:56,sell,0.10,EURUSD,1.15879,19/11/2025 20:44:32,1.15357,-0.50,3.07,52.20,54.77,62.87,60.30,-66.69,-67.90,2031501,SMA Sell,291.64,12.15days
07/11/2025 12:26:31,sell,0.05,EURUSD,1.15484,19/11/2025 20:44:31,1.15357,-0.25,1.53,12.70,7.63,11.68,20.80,-53.10,-107.40,2031501,SMA Sell,296.30,12.35days
04/11/2025 04:48:43,sell,0.02,EURUSD,1.15065,19/11/2025 20:44:31,1.15357,-0.10,1.09,-29.20,-4.85,7.40,37.10,-29.15,-149.30,2031501,SMA Sell,375.93,15.66days
06/11/2025 15:37:09,sell,0.07,EURCAD,1.62599,18/11/2025 20:30:56,1.61906,-0.35,-2.33,69.30,32.02,38.54,82.30,-42.59,-81.40,2031501,SMA Sell,292.90,12.20days
06/11/2025 18:00:34,sell,0.15,EURCAD,1.63032,18/11/2025 20:30:55,1.61906,-0.75,-4.97,112.60,115.09,129.09,125.60,-44.97,-38.10,2031501,SMA Sell,290.51,12.10days
05/11/2025 03:36:42,sell,0.03,EURCAD,1.62200,18/11/2025 20:30:55,1.61906,-0.15,-1.20,29.40,4.96,7.75,42.40,-26.98,-121.30,2031501,SMA Sell,328.90,13.70days
13/11/2025 19:05:33,sell,0.23,EURCAD,1.63232,18/11/2025 20:30:54,1.61906,-1.15,-2.25,132.60,214.75,236.22,145.60,-30.81,-18.10,2031501,SMA Sell,121.42,5.06days
06/11/2025 17:07:10,sell,0.10,EURCAD,1.62831,18/11/2025 20:30:53,1.61906,-0.50,-3.33,92.50,62.34,71.66,105.50,-44.31,-58.20,2031501,SMA Sell,291.40,12.14days
05/11/2025 14:03:03,sell,0.05,EURCAD,1.62399,18/11/2025 20:30:53,1.61906,-0.25,-1.97,49.30,15.41,20.07,62.30,-37.87,-101.40,2031501,SMA Sell,318.46,13.27days
29/10/2025 18:52:54,sell,0.02,EURCAD,1.62000,18/11/2025 20:30:52,1.61906,-0.10,-1.13,9.40,0.12,7.79,56.60,-21.16,-141.30,2031501,SMA Sell,481.63,20.07days
13/11/2025 14:39:01,sell,0.07,GBPCAD,1.84364,18/11/2025 20:27:00,1.83794,-0.35,-2.46,57.00,25.73,32.85,71.20,-45.96,-91.40,2031501,SMA Sell,125.80,5.24days
13/11/2025 17:40:25,sell,0.15,GBPCAD,1.84812,18/11/2025 20:26:59,1.83794,-0.75,-5.29,101.80,103.21,118.46,116.00,-50.58,-46.60,2031501,SMA Sell,122.78,5.12days
13/11/2025 18:58:13,sell,0.23,GBPCAD,1.85037,18/11/2025 20:26:58,1.83794,-1.15,-8.12,124.30,195.26,218.66,138.50,-40.67,-24.10,2031501,SMA Sell,121.48,5.06days
13/11/2025 09:45:30,sell,0.03,GBPCAD,1.83921,18/11/2025 20:26:58,1.83794,-0.15,-1.05,12.70,1.53,4.57,26.90,-29.17,-135.70,2031501,SMA Sell,130.69,5.45days
13/11/2025 16:58:25,sell,0.10,GBPCAD,1.84602,18/11/2025 20:26:57,1.83794,-0.50,-3.53,80.80,53.78,63.95,95.00,-48.69,-67.60,2031501,SMA Sell,123.48,5.14days
13/11/2025 10:56:22,sell,0.05,GBPCAD,1.84123,18/11/2025 20:26:56,1.83795,-0.25,-1.77,32.80,9.71,14.83,47.10,-41.42,-115.50,2031501,SMA Sell,129.51,5.40days
12/11/2025 17:00:05,sell,0.02,GBPCAD,1.83579,18/11/2025 20:26:55,1.83794,-0.10,-1.42,-21.50,-4.60,0.00,0.00,-25.04,-169.90,2031501,SMA Sell,147.45,6.14days
12/11/2025 08:07:44,buy,0.07,GBPAUD,2.01097,13/11/2025 17:51:39,2.01410,-0.35,-0.57,31.30,13.43,17.41,40.00,-68.47,-146.70,1031501,SMA Buy,33.73,1.41days
12/11/2025 10:52:29,buy,0.15,GBPAUD,2.00692,13/11/2025 17:51:37,2.01408,-0.75,-1.21,71.60,68.37,77.10,80.50,-106.74,-106.20,1031501,SMA Buy,30.99,1.29days
10/11/2025 02:21:59,buy,0.03,GBPAUD,2.01972,13/11/2025 17:51:37,2.01404,-0.15,-0.40,-56.80,-11.71,1.37,7.80,-46.76,-234.20,1031501,SMA Buy,87.49,3.65days
13/11/2025 02:32:43,buy,0.34,GBPAUD,2.00047,13/11/2025 17:51:36,2.01405,-1.70,0.00,135.80,300.68,321.07,145.00,-94.96,-41.70,1031501,SMA Buy,15.31,15.31hrs
12/11/2025 16:25:10,buy,0.23,GBPAUD,2.00232,13/11/2025 17:51:35,2.01405,-1.15,-1.86,117.30,173.67,187.48,126.50,-94.08,-60.20,1031501,SMA Buy,25.44,1.06days
12/11/2025 10:48:14,buy,0.10,GBPAUD,2.00903,13/11/2025 17:51:35,2.01405,-0.50,-0.81,50.20,31.56,37.58,59.40,-85.04,-127.30,1031501,SMA Buy,31.06,1.29days
11/11/2025 09:58:16,buy,0.05,GBPAUD,2.01296,13/11/2025 17:51:34,2.01404,-0.25,-0.53,10.80,2.75,22.31,69.20,-55.57,-166.60,1031501,SMA Buy,55.89,2.33days
07/11/2025 20:57:13,buy,0.02,GBPAUD,2.03067,13/11/2025 17:51:33,2.01401,-0.10,-0.26,-166.60,-22.18,0.00,0.00,-45.57,-343.70,1031501,SMA Buy,140.91,5.87days
03/11/2025 16:30:05,buy,0.07,AUDUSD,0.65330,13/11/2025 11:39:12,0.65695,-0.35,-1.62,36.50,23.58,30.65,46.60,-52.57,-74.20,1031501,SMA Buy,235.15,9.80days
04/11/2025 12:05:48,buy,0.15,AUDUSD,0.64924,13/11/2025 11:39:11,0.65693,-0.75,-3.16,76.90,111.44,126.89,87.20,-51.44,-33.60,1031501,SMA Buy,215.56,8.98days
05/11/2025 02:42:05,buy,0.23,AUDUSD,0.64721,13/11/2025 11:39:10,0.65692,-1.15,-4.40,97.10,217.78,241.70,107.50,-31.74,-13.30,1031501,SMA Buy,200.95,8.37days
29/10/2025 20:38:21,buy,0.03,AUDUSD,0.65732,13/11/2025 11:39:10,0.65692,-0.15,-0.99,-4.00,-2.34,6.07,21.30,-34.88,-114.40,1031501,SMA Buy,351.01,14.63days
04/11/2025 07:58:18,buy,0.10,AUDUSD,0.65125,13/11/2025 11:39:09,0.65687,-0.50,-2.11,56.20,53.59,64.49,67.10,-54.39,-53.70,1031501,SMA Buy,219.68,9.15days
30/10/2025 14:00:17,buy,0.05,AUDUSD,0.65532,13/11/2025 11:39:08,0.65687,-0.25,-1.35,15.50,6.15,11.60,26.40,-47.85,-94.40,1031501,SMA Buy,333.65,13.90days
29/10/2025 03:37:31,buy,0.02,AUDUSD,0.65935,13/11/2025 11:39:07,0.65692,-0.10,-0.67,-24.30,-5.63,4.32,22.10,-27.32,-134.70,1031501,SMA Buy,368.03,15.33days
10/11/2025 15:20:54,sell,0.34,GBPUSD,1.31904,12/11/2025 16:33:04,1.30936,-1.70,-1.94,96.80,325.48,349.96,104.00,0.00,0.00,2031501,SMA Sell,49.20,2.05days
06/11/2025 15:36:41,sell,0.07,GBPUSD,1.31081,12/11/2025 16:33:04,1.30939,-0.35,-0.72,14.20,8.87,15.82,23.10,-55.76,-78.70,2031501,SMA Sell,144.94,6.04days
07/11/2025 16:56:35,sell,0.15,GBPUSD,1.31488,12/11/2025 16:33:03,1.30940,-0.75,-0.86,54.80,80.59,91.99,62.40,-57.75,-38.00,2031501,SMA Sell,119.61,4.98days
07/11/2025 17:07:26,sell,0.23,GBPUSD,1.31700,12/11/2025 16:33:02,1.30935,-1.15,-1.32,76.50,173.48,189.81,83.60,-39.79,-16.80,2031501,SMA Sell,119.43,4.98days
06/11/2025 02:46:40,sell,0.03,GBPUSD,1.30567,12/11/2025 16:33:02,1.30941,-0.15,-0.32,-37.40,-11.69,0.66,2.70,-39.32,-130.10,2031501,SMA Sell,157.77,6.57days
06/11/2025 20:07:25,sell,0.10,GBPUSD,1.31287,12/11/2025 16:33:00,1.30941,-0.50,-1.04,34.60,33.06,40.76,42.30,-59.06,-58.10,2031501,SMA Sell,140.43,5.85days
06/11/2025 10:53:57,sell,0.05,GBPUSD,1.30768,12/11/2025 16:32:59,1.30941,-0.25,-0.51,-17.30,-9.41,6.60,13.70,-55.48,-110.00,2031501,SMA Sell,149.65,6.24days
05/11/2025 16:57:09,sell,0.02,GBPUSD,1.30341,12/11/2025 16:32:54,1.30953,-0.10,-0.32,-61.20,-12.66,3.12,16.10,-30.84,-152.70,2031501,SMA Sell,167.60,6.98days
06/11/2025 17:18:17,sell,0.34,GBPCAD,1.84967,12/11/2025 11:02:03,1.83889,-1.70,-15.83,107.80,244.08,267.33,117.40,-142.18,-55.10,2031501,SMA Sell,137.73,5.74days
05/11/2025 10:48:17,sell,0.07,GBPCAD,1.84136,12/11/2025 11:02:03,1.83890,-0.35,-5.42,24.60,6.52,11.36,34.30,-72.63,-138.20,2031501,SMA Sell,168.23,7.01days
06/11/2025 13:34:42,sell,0.15,GBPCAD,1.84551,12/11/2025 11:02:02,1.83892,-0.75,-6.99,65.90,62.82,73.40,75.80,-106.91,-96.70,2031501,SMA Sell,141.46,5.89days
05/11/2025 03:31:22,sell,0.03,GBPCAD,1.83725,12/11/2025 11:02:02,1.83882,-0.15,-2.32,-15.70,-5.83,0.72,4.10,-39.86,-179.30,2031501,SMA Sell,175.51,7.31days
06/11/2025 18:19:11,sell,0.51,GBPCAD,1.85227,12/11/2025 11:02:01,1.83891,-2.55,-23.74,133.60,460.05,495.63,143.40,-119.36,-29.10,2031501,SMA Sell,136.71,5.70days
06/11/2025 15:37:12,sell,0.23,GBPCAD,1.84761,12/11/2025 11:02:00,1.83892,-1.15,-10.71,86.90,130.81,147.03,96.80,-129.73,-75.70,2031501,SMA Sell,139.41,5.81days
06/11/2025 10:54:00,sell,0.10,GBPCAD,1.84351,12/11/2025 11:02:00,1.83897,-0.50,-4.66,45.40,27.24,34.66,55.80,-85.44,-116.70,2031501,SMA Sell,144.13,6.01days
05/11/2025 10:08:23,sell,0.05,GBPCAD,1.83936,12/11/2025 11:01:59,1.83897,-0.25,-3.88,3.90,-2.74,0.97,14.30,-58.96,-158.20,2031501,SMA Sell,168.89,7.04days
04/11/2025 22:00:00,sell,0.02,GBPCAD,1.83504,12/11/2025 11:01:58,1.83890,-0.10,-1.77,-38.60,-7.38,0.00,0.30,-29.91,-201.40,2031501,SMA Sell,181.03,7.54days
07/11/2025 11:21:13,buy,0.07,GBPAUD,2.02032,07/11/2025 18:20:14,2.03241,-0.35,0.00,120.90,54.44,59.45,137.20,-1.39,-2.30,1031501,SMA Buy,6.98,6.98hrs
07/11/2025 07:07:30,buy,0.03,GBPAUD,2.02455,07/11/2025 18:20:14,2.03240,-0.15,0.00,78.50,15.10,17.27,94.90,-8.83,-44.60,1031501,SMA Buy,11.21,11.21hrs
07/11/2025 09:07:31,buy,0.05,GBPAUD,2.02251,07/11/2025 18:20:12,2.03242,-0.25,0.00,99.10,31.83,35.38,115.30,-8.10,-24.20,1031501,SMA Buy,9.21,9.21hrs
07/11/2025 02:00:01,buy,0.02,GBPAUD,2.02693,07/11/2025 18:20:11,2.03239,-0.10,0.00,54.60,6.97,8.43,71.10,-8.97,-68.40,1031501,SMA Buy,16.34,16.34hrs
07/11/2025 09:07:12,buy,0.03,EURAUD,1.77843,07/11/2025 17:56:33,1.78811,-0.15,0.00,96.80,18.65,20.73,107.60,-2.43,-11.70,1031501,SMA Buy,8.82,8.82hrs
06/11/2025 22:00:03,buy,0.02,EURAUD,1.78057,07/11/2025 17:56:33,1.78815,-0.10,-0.37,75.80,9.34,10.68,86.20,-4.77,-33.10,1031501,SMA Buy,19.94,19.94hrs
31/10/2025 19:00:00,buy,0.02,USDCAD,1.40190,05/11/2025 16:37:08,1.41254,-0.10,0.41,106.40,15.38,17.40,120.80,-1.76,-11.60,1031501,SMA Buy,117.62,4.90days
03/11/2025 15:58:55,sell,0.07,GBPCAD,1.84557,04/11/2025 20:49:23,1.83626,-0.35,-0.73,93.10,45.15,49.88,102.60,-19.65,-38.80,2031501,SMA Sell,28.84,1.20days
03/11/2025 17:47:18,sell,0.10,GBPCAD,1.84763,04/11/2025 20:49:22,1.83626,-0.50,-1.04,113.70,79.11,85.88,123.20,-13.44,-18.20,2031501,SMA Sell,27.03,1.13days
30/10/2025 10:52:39,sell,0.03,GBPCAD,1.84157,04/11/2025 20:49:22,1.83626,-0.15,-0.93,53.10,10.22,12.25,62.60,-17.57,-78.80,2031501,SMA Sell,129.95,5.41days
03/11/2025 12:24:29,sell,0.05,GBPCAD,1.84357,04/11/2025 20:49:21,1.83626,-0.25,-0.52,73.10,25.16,28.53,82.60,-21.15,-58.80,2031501,SMA Sell,32.41,1.35days
29/10/2025 21:43:27,sell,0.02,GBPCAD,1.83803,04/11/2025 20:49:20,1.83626,-0.10,-1.26,17.70,1.15,2.50,27.20,-17.38,-114.20,2031501,SMA Sell,143.10,5.96days
30/10/2025 21:30:04,sell,0.02,EURUSD,1.15628,04/11/2025 03:48:43,1.15082,-0.10,0.24,54.60,11.06,12.60,62.30,-2.92,-14.50,2031501,SMA Sell,102.31,4.26days
22/10/2025 19:30:53,sell,0.03,EURUSD,1.16219,30/10/2025 15:14:55,1.15571,-0.15,1.20,64.80,20.49,22.86,72.70,-13.20,-45.90,2031501,SMA Sell,187.73,7.82days
28/10/2025 03:08:10,sell,0.07,EURUSD,1.16599,30/10/2025 15:14:54,1.15571,-0.35,1.11,102.80,72.72,78.25,110.70,-5.88,-7.90,2031501,SMA Sell,60.11,2.50days
24/10/2025 15:30:40,sell,0.05,EURUSD,1.16392,30/10/2025 15:14:53,1.15569,-0.25,1.19,82.30,42.09,45.94,90.00,-14.15,-28.60,2031501,SMA Sell,143.74,5.99days
22/10/2025 00:30:48,sell,0.02,EURUSD,1.16018,30/10/2025 15:14:52,1.15576,-0.10,0.80,44.20,9.54,11.22,52.60,-12.82,-66.00,2031501,SMA Sell,206.73,8.61days
29/10/2025 11:00:33,sell,0.02,GBPCAD,1.84181,29/10/2025 20:43:27,1.83399,-0.10,0.00,78.20,11.12,11.12,78.20,-2.98,-20.10,2031501,SMA Sell,9.71,9.71hrs
24/10/2025 05:42:23,sell,0.03,EURCAD,1.62796,29/10/2025 17:52:52,1.61996,-0.15,-0.21,80.00,16.91,20.56,96.90,-10.37,-47.80,2031501,SMA Sell,132.17,5.51days
24/10/2025 15:30:52,sell,0.05,EURCAD,1.63096,29/10/2025 17:52:51,1.61997,-0.25,-0.33,109.90,38.98,45.09,126.90,-6.59,-17.80,2031501,SMA Sell,122.37,5.10days
22/10/2025 01:23:59,sell,0.02,EURCAD,1.62589,29/10/2025 17:52:50,1.61994,-0.10,-0.33,59.50,8.14,10.54,76.20,-10.05,-68.50,2031501,SMA Sell,184.48,7.69days
28/10/2025 19:29:56,sell,0.02,GBPCAD,1.85126,29/10/2025 10:00:33,1.84275,-0.10,-0.21,85.10,11.91,13.33,95.00,-1.91,-12.60,2031501,SMA Sell,14.51,14.51hrs
27/10/2025 08:00:06,buy,0.02,AUDUSD,0.65385,29/10/2025 02:37:31,0.65963,-0.10,-0.09,57.80,11.37,12.53,63.60,-1.04,-4.70,1031501,SMA Buy,42.62,1.78days
24/10/2025 15:30:44,sell,0.07,GBPCAD,1.87007,28/10/2025 18:29:51,1.85153,-0.35,-1.46,185.40,91.29,96.22,195.20,-9.99,-19.30,2031501,SMA Sell,98.99,4.12days
24/10/2025 05:41:09,sell,0.03,GBPCAD,1.86587,28/10/2025 18:29:50,1.85162,-0.15,-0.62,142.50,29.90,32.20,153.20,-13.27,-61.30,2031501,SMA Sell,108.81,4.53days
24/10/2025 05:42:25,sell,0.05,GBPCAD,1.86790,28/10/2025 18:29:49,1.85162,-0.25,-1.04,162.80,57.11,60.95,173.50,-14.88,-41.00,2031501,SMA Sell,108.79,4.53days
24/10/2025 02:30:13,sell,0.02,GBPCAD,1.86387,28/10/2025 18:29:49,1.85162,-0.10,-0.42,122.50,17.06,18.59,133.20,-11.70,-81.30,2031501,SMA Sell,111.99,4.67days
22/10/2025 06:30:07,sell,0.02,GBPCAD,1.87258,23/10/2025 23:45:57,1.86447,-0.10,-0.62,81.10,10.87,12.72,94.10,-2.33,-15.60,2031501,SMA Sell,41.26,1.72days
13/10/2025 15:00:02,sell,0.02,AUDCAD,0.91154,21/10/2025 11:04:14,0.91152,-0.10,-0.72,0.20,-0.79,6.91,50.70,-6.49,-41.30,2031501,SMA Sell,188.07,7.84days
17/10/2025 08:00:14,buy,0.02,EURAUD,1.80886,21/10/2025 11:04:13,1.79296,-0.10,-0.38,-159.00,-21.09,7.99,62.70,-30.19,-227.70,1031501,SMA Buy,99.07,4.13days
13/10/2025 18:15:08,sell,0.03,AUDCAD,0.91421,21/10/2025 11:04:13,0.91151,-0.15,-1.11,27.00,4.50,16.07,77.40,-4.06,-14.60,2031501,SMA Sell,184.82,7.70days
17/10/2025 14:13:59,buy,0.07,EURAUD,1.79960,21/10/2025 11:04:12,1.79287,-0.35,-1.30,-67.30,-32.18,18.63,41.90,-63.35,-135.10,1031501,SMA Buy,92.84,3.87days
17/10/2025 14:10:46,buy,0.05,EURAUD,1.80298,21/10/2025 11:04:12,1.79293,-0.25,-0.93,-100.50,-33.75,2.37,8.10,-56.27,-168.90,1031501,SMA Buy,92.89,3.87days
17/10/2025 13:55:24,buy,0.03,EURAUD,1.80527,21/10/2025 11:04:12,1.79293,-0.15,-0.56,-123.40,-24.70,0.06,1.10,-38.25,-191.80,1031501,SMA Buy,93.15,3.88days
13/10/2025 17:01:02,sell,0.02,EURUSD,1.15728,21/10/2025 11:04:11,1.16222,-0.10,0.64,-49.40,-9.34,5.54,27.80,-30.48,-154.30,2031501,SMA Sell,186.05,7.75days
14/10/2025 19:48:54,sell,0.05,EURUSD,1.16133,21/10/2025 11:04:10,1.16222,-0.25,1.39,-8.90,-3.31,5.70,11.90,-56.16,-113.80,2031501,SMA Sell,159.25,6.64days
14/10/2025 08:41:06,sell,0.03,EURUSD,1.15927,21/10/2025 11:04:10,1.16222,-0.15,0.84,-29.50,-8.16,14.16,47.70,-39.87,-134.40,2031501,SMA Sell,170.38,7.10days
16/10/2025 04:51:57,sell,0.15,EURUSD,1.16755,21/10/2025 11:04:09,1.16224,-0.75,1.77,53.10,80.67,82.17,54.10,-77.56,-51.60,2031501,SMA Sell,126.20,5.26days
16/10/2025 03:23:30,sell,0.10,EURUSD,1.16543,21/10/2025 11:04:09,1.16224,-0.50,1.20,31.90,32.60,33.60,32.90,-72.90,-72.80,2031501,SMA Sell,127.68,5.32days
15/10/2025 09:48:48,sell,0.07,EURUSD,1.16346,21/10/2025 11:04:09,1.16227,-0.35,1.67,11.90,9.65,14.35,21.00,-63.99,-92.50,2031501,SMA Sell,145.26,6.05days
17/10/2025 13:58:40,buy,0.03,GBPAUD,2.07372,21/10/2025 11:04:08,2.06464,-0.15,-0.17,-90.80,-17.98,1.81,10.10,-35.32,-178.80,1031501,SMA Buy,93.09,3.88days
17/10/2025 08:00:17,buy,0.02,GBPAUD,2.07810,21/10/2025 11:04:08,2.06469,-0.10,-0.12,-134.10,-17.61,8.33,65.30,-29.27,-222.60,1031501,SMA Buy,99.06,4.13days
17/10/2025 03:52:19,sell,0.23,EURUSD,1.17090,21/10/2025 11:04:08,1.16224,-1.15,1.82,86.60,199.85,202.15,87.60,-42.78,-18.10,2031501,SMA Sell,103.20,4.30days
17/10/2025 17:55:28,buy,0.10,GBPAUD,2.06582,21/10/2025 11:04:07,2.06461,-0.50,-0.56,-12.10,-8.91,27.28,42.90,-66.17,-99.80,1031501,SMA Buy,89.14,3.71days
17/10/2025 14:15:07,buy,0.07,GBPAUD,2.06830,21/10/2025 11:04:07,2.06463,-0.35,-0.40,-36.70,-17.40,23.16,51.90,-57.65,-124.60,1031501,SMA Buy,92.82,3.87days
17/10/2025 14:10:42,buy,0.05,GBPAUD,2.07232,21/10/2025 11:04:07,2.06463,-0.25,-0.28,-76.90,-25.46,3.54,11.70,-54.29,-164.80,1031501,SMA Buy,92.89,3.87days
15/10/2025 04:18:48,sell,0.05,GBPUSD,1.33342,21/10/2025 11:04:06,1.33858,-0.25,-0.54,-51.60,-26.59,0.00,0.00,-69.31,-137.40,2031501,SMA Sell,150.75,6.28days
14/10/2025 18:57:56,sell,0.03,GBPUSD,1.33148,21/10/2025 11:04:06,1.33859,-0.15,-0.36,-71.10,-21.84,1.17,4.40,-47.45,-156.80,2031501,SMA Sell,160.10,6.67days
14/10/2025 11:11:22,sell,0.02,GBPUSD,1.32645,21/10/2025 11:04:06,1.33860,-0.10,-0.27,-121.50,-24.67,2.32,12.10,-41.71,-207.10,2031501,SMA Sell,167.88,6.99days
16/10/2025 03:26:33,sell,0.15,GBPUSD,1.34153,21/10/2025 11:04:05,1.33857,-0.75,-0.81,29.60,42.84,61.74,42.20,-85.47,-56.30,2031501,SMA Sell,127.63,5.32days
15/10/2025 18:23:04,sell,0.10,GBPUSD,1.33951,21/10/2025 11:04:05,1.33858,-0.50,-1.08,9.30,7.72,21.80,22.30,-77.72,-76.50,2031501,SMA Sell,136.68,5.70days
15/10/2025 09:15:09,sell,0.07,GBPUSD,1.33687,21/10/2025 11:04:05,1.33858,-0.35,-0.77,-17.10,-13.09,20.44,29.70,-72.89,-102.90,2031501,SMA Sell,145.82,6.08days
17/10/2025 08:04:05,sell,0.34,GBPUSD,1.34563,21/10/2025 11:04:04,1.33861,-1.70,-1.22,70.20,235.76,279.96,83.20,-53.72,-15.30,2031501,SMA Sell,99.00,4.12days
16/10/2025 04:40:27,sell,0.23,GBPUSD,1.34353,21/10/2025 11:04:04,1.33857,-1.15,-1.23,49.60,111.70,140.68,62.20,-85.05,-36.30,2031501,SMA Sell,126.39,5.27days
20/10/2025 16:31:43,buy,0.10,EURAUD,1.79295,21/10/2025 11:04:03,1.79265,-0.50,-0.93,-3.00,-3.37,0.00,0.90,-46.18,-68.60,1031501,SMA Buy,18.54,18.54hrs
13/10/2025 04:43:41,buy,0.03,USDCAD,1.39863,21/10/2025 11:04:03,1.40619,-0.15,0.65,75.60,16.63,19.24,90.60,-0.84,-3.20,1031501,SMA Buy,198.34,8.26days
10/10/2025 20:59:00,buy,0.02,USDCAD,1.40065,21/10/2025 11:04:03,1.40619,-0.10,0.47,55.40,8.25,9.96,70.40,-3.45,-23.40,1031501,SMA Buy,254.08,10.59days
20/10/2025 17:18:20,buy,0.15,EURAUD,1.79091,21/10/2025 11:04:02,1.79258,-0.75,-1.40,16.70,14.09,18.57,21.30,-49.32,-48.20,1031501,SMA Buy,17.76,17.76hrs
20/10/2025 17:18:16,buy,0.23,GBPAUD,2.06167,21/10/2025 11:04:02,2.06463,-1.15,-0.65,29.60,42.33,42.33,29.60,-89.28,-58.30,1031501,SMA Buy,17.76,17.76hrs
20/10/2025 16:36:03,buy,0.15,GBPAUD,2.06367,21/10/2025 11:04:02,2.06463,-0.75,-0.43,9.60,8.15,8.15,9.60,-77.81,-78.30,1031501,SMA Buy,18.47,18.47hrs
20/10/2025 18:39:36,buy,0.23,EURAUD,1.78881,21/10/2025 11:04:01,1.79266,-1.15,-2.14,38.50,54.11,59.81,42.30,-44.10,-27.20,1031501,SMA Buy,16.41,16.41hrs
20/10/2025 18:37:32,buy,0.34,GBPAUD,2.05965,21/10/2025 11:04:01,2.06462,-1.70,-0.97,49.70,106.88,106.88,49.70,-87.19,-38.10,1031501,SMA Buy,16.44,16.44hrs
16/10/2025 04:40:55,buy,0.02,GBPAUD,2.06822,17/10/2025 07:00:12,2.07912,-0.10,-0.06,109.00,13.94,15.71,122.80,-9.54,-72.50,1031501,SMA Buy,26.32,1.10days
16/10/2025 04:42:37,buy,0.02,EURAUD,1.79635,17/10/2025 07:00:10,1.81015,-0.10,-0.19,138.00,17.56,19.53,153.30,-8.59,-65.20,1031501,SMA Buy,26.29,1.10days
15/10/2025 06:30:07,buy,0.02,EURCAD,1.63098,16/10/2025 20:00:23,1.63966,-0.10,-0.32,86.80,11.94,13.72,99.40,-0.58,-3.40,1031501,SMA Buy,37.50,1.56days
15/10/2025 06:27:36,buy,0.05,EURAUD,1.78392,16/10/2025 03:42:37,1.79757,-0.25,-1.40,136.50,42.63,43.53,139.30,-4.91,-14.30,1031501,SMA Buy,21.25,21.25hrs
15/10/2025 05:15:42,buy,0.03,EURAUD,1.78594,16/10/2025 03:42:37,1.79765,-0.15,-0.84,117.10,21.80,22.18,119.10,-6.90,-34.50,1031501,SMA Buy,22.45,22.45hrs
14/10/2025 08:57:23,buy,0.02,EURAUD,1.79077,16/10/2025 03:42:36,1.79751,-0.10,-0.75,67.40,7.89,8.33,70.80,-11.09,-82.80,1031501,SMA Buy,42.75,1.78days
16/10/2025 02:00:04,buy,0.02,GBPAUD,2.05827,16/10/2025 03:40:55,2.06966,-0.10,0.00,113.90,14.68,14.68,113.90,-1.01,-7.00,1031501,SMA Buy,1.68,1.68hrs
15/10/2025 07:34:38,buy,0.05,GBPAUD,2.04776,15/10/2025 20:17:25,2.05994,-0.25,0.00,121.80,39.30,39.71,123.00,-4.55,-13.20,1031501,SMA Buy,12.71,12.71hrs
15/10/2025 05:16:11,buy,0.03,GBPAUD,2.04995,15/10/2025 20:17:24,2.05997,-0.15,0.00,100.20,19.37,19.56,101.10,-7.01,-35.10,1031501,SMA Buy,15.02,15.02hrs
14/10/2025 08:56:56,buy,0.02,GBPAUD,2.06234,15/10/2025 20:17:23,2.05993,-0.10,-0.06,-24.10,-3.29,0.00,0.00,-20.89,-159.00,1031501,SMA Buy,35.34,1.47days
13/10/2025 10:00:04,sell,0.02,AUDUSD,0.65179,14/10/2025 11:13:50,0.64618,-0.10,0.00,56.10,11.12,12.64,63.70,-1.52,-7.10,2031501,SMA Sell,25.23,1.05days
14/10/2025 07:19:58,sell,0.03,GBPUSD,1.33510,14/10/2025 10:09:29,1.32801,-0.15,0.00,70.90,21.12,23.25,78.00,-0.51,-1.20,2031501,SMA Sell,2.83,2.83hrs
13/10/2025 18:32:11,sell,0.02,GBPUSD,1.33308,14/10/2025 10:09:28,1.32801,-0.10,-0.04,50.70,10.00,11.42,57.80,-4.42,-21.40,2031501,SMA Sell,15.62,15.62hrs
14/10/2025 03:34:25,buy,0.05,EURAUD,1.77293,14/10/2025 07:57:19,1.78805,-0.25,0.00,151.20,48.76,51.48,159.70,-1.81,-4.80,1031501,SMA Buy,4.38,4.38hrs
13/10/2025 11:40:45,buy,0.03,EURAUD,1.77675,14/10/2025 07:57:16,1.78808,-0.15,-0.28,113.30,21.60,23.18,121.50,-8.84,-43.00,1031501,SMA Buy,20.28,20.28hrs
13/10/2025 07:00:14,buy,0.02,EURAUD,1.78313,14/10/2025 07:57:13,1.78806,-0.10,-0.19,49.30,6.10,7.19,57.70,-14.22,-106.80,1031501,SMA Buy,24.95,1.04days
13/10/2025 10:00:01,buy,0.02,GBPAUD,2.04821,14/10/2025 07:56:53,2.05956,-0.10,-0.06,113.50,14.55,15.80,123.20,-7.21,-54.50,1031501,SMA Buy,21.95,21.95hrs
07/10/2025 10:20:36,buy,0.03,AUDCAD,0.91975,10/10/2025 18:30:52,0.90806,-0.15,-0.01,-116.90,-25.21,3.20,15.60,-25.21,-116.90,1031501,SMA Buy,80.17,3.34days
03/10/2025 13:00:02,buy,0.02,GBPCAD,1.87880,10/10/2025 18:30:52,1.86993,-0.10,0.17,-88.70,-12.60,3.61,25.90,-32.09,-224.90,1031501,SMA Buy,173.51,7.23days
03/10/2025 04:00:08,buy,0.02,AUDCAD,0.92177,10/10/2025 18:30:52,0.90804,-0.10,0.00,-137.30,-19.72,3.22,23.20,-19.72,-137.30,1031501,SMA Buy,182.51,7.60days
06/10/2025 14:02:24,buy,0.05,GBPCAD,1.87285,10/10/2025 18:30:51,1.87016,-0.25,0.40,-26.90,-9.46,29.97,84.30,-58.98,-165.40,1031501,SMA Buy,100.47,4.19days
06/10/2025 09:43:19,buy,0.03,GBPCAD,1.87481,10/10/2025 18:30:51,1.87016,-0.15,0.23,-46.50,-9.88,13.77,64.70,-39.60,-185.00,1031501,SMA Buy,104.79,4.37days
07/10/2025 18:16:05,buy,0.03,USDCAD,1.39433,10/10/2025 18:30:50,1.39980,-0.15,0.54,54.70,12.11,19.71,90.40,-2.32,-10.50,1031501,SMA Buy,72.25,3.01days
07/10/2025 14:26:04,buy,0.07,GBPCAD,1.87084,10/10/2025 18:30:50,1.87000,-0.35,0.47,-8.40,-4.08,26.74,54.00,-72.59,-145.30,1031501,SMA Buy,76.08,3.17days
06/10/2025 02:30:16,buy,0.02,USDCAD,1.39633,10/10/2025 18:30:50,1.39980,-0.10,0.42,34.70,5.28,10.35,70.40,-4.36,-30.50,1031501,SMA Buy,112.01,4.67days
08/10/2025 18:57:41,buy,0.10,GBPCAD,1.86824,10/10/2025 18:30:49,1.86991,-0.50,0.56,16.70,11.99,17.84,24.80,-85.23,-119.30,1031501,SMA Buy,47.55,1.98days
08/10/2025 04:00:41,buy,0.05,AUDCAD,0.91715,10/10/2025 18:30:49,0.90818,-0.25,-0.01,-89.70,-32.30,14.66,41.60,-32.30,-89.70,1031501,SMA Buy,62.50,2.60days
09/10/2025 20:57:16,sell,0.02,GBPUSD,1.32976,10/10/2025 18:30:48,1.33586,-0.10,0.00,-61.00,-12.30,5.96,30.30,-12.30,-61.00,2031501,SMA Sell,21.56,21.56hrs
09/10/2025 10:40:28,buy,0.23,GBPCAD,1.86391,10/10/2025 18:30:48,1.86992,-1.15,0.00,60.10,97.60,97.60,60.10,-126.11,-76.00,1031501,SMA Buy,31.84,1.33days
09/10/2025 09:28:23,buy,0.15,GBPCAD,1.86613,10/10/2025 18:30:48,1.86991,-0.75,0.00,37.80,39.76,39.76,37.80,-106.05,-98.20,1031501,SMA Buy,33.04,1.38days
10/10/2025 08:21:05,sell,0.03,EURCAD,1.62257,10/10/2025 18:30:47,1.62796,-0.15,0.00,-53.90,-11.70,10.42,49.30,-11.70,-53.90,2031501,SMA Sell,10.16,10.16hrs
10/10/2025 05:00:01,sell,0.02,EURCAD,1.62057,10/10/2025 18:30:47,1.62795,-0.10,0.00,-73.80,-10.64,4.09,29.30,-10.64,-73.80,2031501,SMA Sell,13.51,13.51hrs
10/10/2025 13:59:11,buy,0.51,GBPCAD,1.85983,10/10/2025 18:30:46,1.86991,-2.55,0.00,100.80,364.70,364.70,100.80,-130.89,-35.20,1031501,SMA Buy,4.53,4.53hrs
10/10/2025 13:48:57,buy,0.34,GBPCAD,1.86185,10/10/2025 18:30:46,1.86991,-1.70,0.00,80.60,194.07,194.07,80.60,-136.36,-55.40,1031501,SMA Buy,4.70,4.70hrs
10/10/2025 11:28:53,sell,0.05,EURCAD,1.62460,10/10/2025 18:30:46,1.62795,-0.25,0.00,-33.50,-12.21,24.63,69.60,-12.21,-33.50,2031501,SMA Sell,7.03,7.03hrs
10/10/2025 18:04:02,sell,0.03,GBPUSD,1.33219,10/10/2025 18:30:45,1.33587,-0.15,0.00,-36.80,-11.19,0.00,0.00,-11.19,-36.80,2031501,SMA Sell,0.45,0.45hrs
10/10/2025 17:59:15,buy,0.07,AUDCAD,0.91515,10/10/2025 18:30:45,0.90821,-0.35,0.00,-69.40,-35.05,0.00,0.00,-35.05,-69.40,1031501,SMA Buy,0.53,0.53hrs
10/10/2025 15:30:35,buy,0.77,GBPCAD,1.85767,10/10/2025 18:30:45,1.86992,-3.85,0.00,122.50,669.98,669.98,122.50,-78.71,-13.60,1031501,SMA Buy,3.00,3.00hrs
10/10/2025 18:11:58,sell,0.05,GBPUSD,1.33428,10/10/2025 18:30:44,1.33583,-0.25,0.00,-15.50,-8.00,0.00,0.00,-8.00,-15.50,2031501,SMA Sell,0.31,0.31hrs
10/10/2025 18:04:15,buy,0.10,AUDCAD,0.91313,10/10/2025 18:30:44,0.90820,-0.50,0.00,-49.30,-35.72,0.00,0.00,-35.72,-49.30,1031501,SMA Buy,0.44,0.44hrs
10/10/2025 18:27:03,buy,0.23,AUDCAD,0.90893,10/10/2025 18:30:43,0.90823,-1.15,0.00,-7.00,-12.65,0.00,0.00,-12.65,-7.00,1031501,SMA Buy,0.06,0.06hrs
10/10/2025 18:18:03,buy,0.15,AUDCAD,0.91102,10/10/2025 18:30:43,0.90821,-0.75,0.00,-28.10,-30.86,0.00,0.00,-30.86,-28.10,1031501,SMA Buy,0.21,0.21hrs
10/10/2025 18:29:23,sell,0.07,EURCAD,1.62726,10/10/2025 18:30:42,1.62769,-0.35,0.00,-4.30,-2.50,0.00,0.00,-2.50,-4.30,2031501,SMA Sell,0.02,0.02hrs
10/10/2025 18:23:25,sell,1.15,EURAUD,1.78659,10/10/2025 18:28:48,1.79074,-5.75,0.00,-41.50,-315.61,0.00,0.00,-315.61,-41.50,2031501,SMA Sell,0.09,0.09hrs
10/10/2025 18:01:14,sell,0.15,EURAUD,1.77337,10/10/2025 18:28:47,1.79076,-0.75,0.00,-173.90,-170.10,0.00,0.00,-170.10,-173.90,2031501,SMA Sell,0.46,0.46hrs
10/10/2025 18:18:49,sell,0.77,EURAUD,1.78407,10/10/2025 18:28:46,1.79061,-3.85,0.00,-65.40,-330.83,0.00,0.00,-330.83,-65.40,2031501,SMA Sell,0.17,0.17hrs
10/10/2025 18:16:36,sell,0.51,EURAUD,1.78160,10/10/2025 18:28:45,1.79065,-2.55,0.00,-90.50,-302.23,0.00,0.00,-302.23,-90.50,2031501,SMA Sell,0.20,0.20hrs
10/10/2025 18:10:41,sell,0.34,EURAUD,1.77850,10/10/2025 18:28:45,1.79062,-1.70,0.00,-121.20,-269.26,0.00,0.00,-269.26,-121.20,2031501,SMA Sell,0.30,0.30hrs
10/10/2025 18:03:42,sell,0.23,EURAUD,1.77658,10/10/2025 18:28:44,1.79063,-1.15,0.00,-140.50,-210.97,0.00,0.00,-210.97,-140.50,2031501,SMA Sell,0.42,0.42hrs
10/10/2025 18:00:11,sell,0.10,EURAUD,1.77140,10/10/2025 18:28:44,1.79060,-0.50,0.00,-192.00,-125.16,0.00,0.00,-125.16,-192.00,2031501,SMA Sell,0.48,0.48hrs
10/10/2025 17:36:35,sell,0.07,EURAUD,1.76889,10/10/2025 18:28:43,1.79069,-0.35,0.00,-218.00,-99.43,0.89,2.70,-99.43,-218.00,2031501,SMA Sell,0.87,0.87hrs
10/10/2025 11:29:56,sell,0.05,EURAUD,1.76684,10/10/2025 18:28:42,1.79061,-0.25,0.00,-237.70,-77.42,7.02,22.20,-77.42,-237.70,2031501,SMA Sell,6.98,6.98hrs
10/10/2025 09:49:16,sell,0.03,EURAUD,1.76484,10/10/2025 18:28:41,1.79061,-0.15,0.00,-257.70,-50.35,0.28,2.20,-50.35,-257.70,2031501,SMA Sell,8.66,8.66hrs
10/10/2025 00:17:56,sell,0.02,EURAUD,1.76290,10/10/2025 18:28:39,1.79050,-0.10,0.00,-276.00,-35.94,2.74,21.60,-35.94,-276.00,2031501,SMA Sell,18.18,18.18hrs
10/10/2025 18:23:22,sell,1.15,GBPAUD,2.05356,10/10/2025 18:27:01,2.05614,-5.75,0.00,-25.80,-198.50,0.00,0.00,-198.50,-25.80,2031501,SMA Sell,0.06,0.06hrs
10/10/2025 17:59:09,sell,0.07,GBPAUD,2.03431,10/10/2025 18:27:00,2.05594,-0.35,0.00,-216.30,-98.72,0.00,0.00,-98.72,-216.30,2031501,SMA Sell,0.46,0.46hrs
10/10/2025 18:18:52,sell,0.77,GBPAUD,2.05108,10/10/2025 18:26:59,2.05590,-3.85,0.00,-48.20,-245.00,0.00,0.00,-245.00,-48.20,2031501,SMA Sell,0.14,0.14hrs
10/10/2025 18:17:12,sell,0.51,GBPAUD,2.04872,10/10/2025 18:26:59,2.05591,-2.55,0.00,-71.90,-240.80,0.00,0.00,-240.80,-71.90,2031501,SMA Sell,0.16,0.16hrs
10/10/2025 18:14:47,sell,0.34,GBPAUD,2.04649,10/10/2025 18:26:58,2.05595,-1.70,0.00,-94.60,-210.67,0.00,0.00,-210.67,-94.60,2031501,SMA Sell,0.20,0.20hrs
10/10/2025 18:04:18,sell,0.23,GBPAUD,2.04238,10/10/2025 18:26:57,2.05586,-1.15,0.00,-134.80,-202.60,0.00,0.00,-202.60,-134.80,2031501,SMA Sell,0.38,0.38hrs
10/10/2025 18:03:37,sell,0.15,GBPAUD,2.04034,10/10/2025 18:26:56,2.05589,-0.75,0.00,-155.50,-152.31,0.00,0.00,-152.31,-155.50,2031501,SMA Sell,0.39,0.39hrs
10/10/2025 18:00:46,sell,0.10,GBPAUD,2.03643,10/10/2025 18:26:55,2.05584,-0.50,0.00,-194.10,-126.62,0.00,0.00,-126.62,-194.10,2031501,SMA Sell,0.44,0.44hrs
10/10/2025 17:46:14,sell,0.05,GBPAUD,2.03222,10/10/2025 18:26:54,2.05585,-0.25,0.00,-236.30,-77.02,0.31,1.70,-77.02,-236.30,2031501,SMA Sell,0.68,0.68hrs
10/10/2025 11:55:53,sell,0.03,GBPAUD,2.03021,10/10/2025 18:26:52,2.05576,-0.15,0.00,-255.50,-49.96,9.72,50.20,-49.96,-255.50,2031501,SMA Sell,6.52,6.52hrs
10/10/2025 02:00:21,sell,0.02,GBPAUD,2.02820,10/10/2025 18:26:51,2.05580,-0.10,0.00,-276.00,-35.97,3.84,30.10,-35.97,-276.00,2031501,SMA Sell,16.44,16.44hrs
07/10/2025 16:30:05,sell,0.02,EURCAD,1.62792,09/10/2025 16:30:07,1.62010,-0.10,-0.23,78.20,10.89,13.08,93.50,-1.86,-12.30,2031501,SMA Sell,48.00,2.00days
07/10/2025 09:08:58,sell,0.03,EURAUD,1.77140,09/10/2025 16:16:07,1.75879,-0.15,0.19,126.10,25.02,27.38,137.90,-4.77,-23.40,2031501,SMA Sell,55.12,2.30days
07/10/2025 10:20:32,sell,0.05,EURAUD,1.77334,09/10/2025 16:16:05,1.75885,-0.25,0.32,144.90,47.90,52.04,157.30,-1.57,-4.00,2031501,SMA Sell,53.93,2.25days
07/10/2025 05:00:02,sell,0.02,EURAUD,1.76832,09/10/2025 16:16:04,1.75882,-0.10,0.13,95.00,12.57,14.18,107.10,-7.24,-54.20,2031501,SMA Sell,59.27,2.47days
08/10/2025 16:16:34,sell,0.03,GBPUSD,1.34292,09/10/2025 11:19:35,1.33576,-0.15,-0.21,71.60,21.12,24.03,81.30,-2.43,-7.60,2031501,SMA Sell,19.05,19.05hrs
08/10/2025 13:00:00,sell,0.02,GBPUSD,1.34028,09/10/2025 11:19:34,1.33577,-0.10,-0.14,45.10,8.78,10.74,54.90,-6.90,-34.00,2031501,SMA Sell,22.33,22.33hrs
24/09/2025 05:21:24,sell,0.05,AUDCAD,0.91623,02/10/2025 16:00:17,0.92063,-0.25,-2.54,-44.00,-18.56,20.40,60.80,-27.47,-68.80,2031501,SMA Sell,202.65,8.44days
24/09/2025 04:30:42,sell,0.03,AUDCAD,0.91408,02/10/2025 16:00:17,0.92063,-0.15,-1.51,-65.50,-15.75,7.63,39.30,-21.10,-90.30,2031501,SMA Sell,203.49,8.48days
19/09/2025 01:32:42,sell,0.02,AUDCAD,0.91200,02/10/2025 16:00:17,0.92061,-0.10,-1.28,-86.10,-13.73,5.87,41.10,-17.32,-111.10,2031501,SMA Sell,326.46,13.60days
30/09/2025 17:47:55,sell,0.10,AUDCAD,0.92147,02/10/2025 16:00:16,0.92063,-0.50,-2.33,8.40,3.19,23.23,33.70,-14.60,-16.40,2031501,SMA Sell,46.21,1.93days
30/09/2025 07:33:25,sell,0.07,AUDCAD,0.91821,02/10/2025 16:00:16,0.92063,-0.35,-1.63,-24.20,-14.13,5.43,11.50,-26.59,-49.00,2031501,SMA Sell,56.45,2.35days
26/09/2025 12:57:20,sell,0.02,AUDUSD,0.65271,02/10/2025 16:00:16,0.66030,-0.10,-0.02,-75.90,-15.30,1.02,5.60,-20.32,-101.10,2031501,SMA Sell,147.05,6.13days
30/09/2025 07:31:41,sell,0.07,AUDUSD,0.65977,02/10/2025 16:00:15,0.66033,-0.35,-0.05,-5.60,-4.32,5.60,8.50,-21.70,-30.50,2031501,SMA Sell,56.48,2.35days
29/09/2025 17:52:33,sell,0.05,AUDUSD,0.65765,02/10/2025 16:00:15,0.66033,-0.25,-0.02,-26.80,-13.67,1.21,2.90,-26.09,-51.70,2031501,SMA Sell,70.13,2.92days
29/09/2025 03:01:42,sell,0.03,AUDUSD,0.65536,02/10/2025 16:00:15,0.66033,-0.15,-0.02,-49.70,-15.08,0.60,2.50,-22.53,-74.60,2031501,SMA Sell,84.98,3.54days
30/09/2025 22:00:03,sell,0.02,EURAUD,1.77465,02/10/2025 16:00:14,1.77794,-0.10,0.15,-32.90,-4.29,2.63,19.50,-9.65,-72.60,2031501,SMA Sell,42.00,1.75days
30/09/2025 16:52:44,sell,0.10,AUDUSD,0.66204,02/10/2025 16:00:14,0.66033,-0.50,-0.07,17.10,16.53,29.61,30.10,-8.30,-7.80,2031501,SMA Sell,47.13,1.96days
01/10/2025 06:34:00,sell,0.07,EURAUD,1.78070,02/10/2025 16:00:13,1.77794,-0.35,0.43,27.60,12.84,37.16,80.00,-5.94,-12.10,2031501,SMA Sell,33.44,1.39days
01/10/2025 04:33:34,sell,0.05,EURAUD,1.77868,02/10/2025 16:00:13,1.77794,-0.25,0.31,7.40,2.50,19.86,59.80,-10.91,-32.30,2031501,SMA Sell,35.44,1.48days
01/10/2025 03:19:22,sell,0.03,EURAUD,1.77668,02/10/2025 16:00:13,1.77794,-0.15,0.19,-12.60,-2.45,7.95,39.80,-10.51,-52.30,2031501,SMA Sell,36.68,1.53days
01/10/2025 16:57:22,buy,0.02,EURCAD,1.63687,02/10/2025 16:00:12,1.63661,-0.10,-0.34,-2.60,-0.81,2.31,19.20,-4.75,-30.00,1031501,SMA Buy,23.05,23.05hrs
26/09/2025 16:08:57,sell,0.03,EURUSD,1.16935,02/10/2025 16:00:11,1.17385,-0.15,0.84,-45.00,-12.81,3.99,13.80,-24.66,-83.10,2031501,SMA Sell,143.85,5.99days
25/09/2025 19:17:42,sell,0.02,EURUSD,1.16739,02/10/2025 16:00:11,1.17389,-0.10,0.64,-65.00,-12.46,4.98,25.40,-20.28,-102.70,2031501,SMA Sell,164.71,6.86days
01/10/2025 08:00:48,sell,0.10,EURUSD,1.17670,02/10/2025 16:00:10,1.17386,-0.50,1.40,28.40,29.30,49.40,49.90,-10.10,-9.60,2031501,SMA Sell,31.99,1.33days
29/09/2025 15:53:51,sell,0.07,EURUSD,1.17464,02/10/2025 16:00:10,1.17386,-0.35,1.64,7.80,6.75,23.64,33.80,-20.83,-30.20,2031501,SMA Sell,72.11,3.00days
29/09/2025 03:04:50,sell,0.05,EURUSD,1.17135,02/10/2025 16:00:10,1.17386,-0.25,1.16,-25.10,-11.64,1.75,4.00,-31.34,-63.10,2031501,SMA Sell,84.92,3.54days
19/09/2025 10:15:28,buy,0.03,GBPAUD,2.04494,02/10/2025 16:00:09,2.03932,-0.15,-1.44,-56.20,-12.72,13.80,71.70,-31.93,-155.40,1031501,SMA Buy,317.74,13.24days
18/09/2025 16:57:18,buy,0.02,GBPAUD,2.04705,02/10/2025 16:00:09,2.03941,-0.10,-1.02,-76.40,-11.21,7.22,56.00,-24.14,-176.50,1031501,SMA Buy,335.05,13.96days
25/09/2025 11:22:34,buy,0.10,GBPAUD,2.03776,02/10/2025 16:00:08,2.03941,-0.50,-2.63,16.50,7.77,71.12,110.10,-56.82,-83.60,1031501,SMA Buy,172.63,7.19days
24/09/2025 05:46:38,buy,0.07,GBPAUD,2.04115,02/10/2025 16:00:08,2.03941,-0.35,-2.58,-17.40,-10.97,33.54,76.20,-56.20,-117.50,1031501,SMA Buy,202.22,8.43days
19/09/2025 10:48:48,buy,0.05,GBPAUD,2.04313,02/10/2025 16:00:08,2.03941,-0.25,-2.39,-37.20,-14.92,28.97,89.80,-47.23,-137.30,1031501,SMA Buy,317.19,13.22days
30/09/2025 07:44:56,buy,0.23,GBPAUD,2.03360,02/10/2025 16:00:07,2.03919,-1.15,-3.65,55.90,80.10,157.13,104.60,-65.01,-42.00,1031501,SMA Buy,56.25,2.34days
30/09/2025 07:32:59,buy,0.15,GBPAUD,2.03576,02/10/2025 16:00:07,2.03917,-0.75,-2.38,34.10,30.64,81.05,83.00,-63.82,-63.60,1031501,SMA Buy,56.45,2.35days
30/09/2025 16:10:19,buy,0.34,GBPAUD,2.03021,02/10/2025 16:00:06,2.03922,-1.70,-5.39,90.10,195.18,308.50,138.50,-19.91,-8.10,1031501,SMA Buy,47.83,1.99days
26/09/2025 15:00:00,sell,0.02,GBPCAD,1.86215,02/10/2025 16:00:06,1.87767,-0.10,-1.05,-155.20,-23.41,0.00,0.00,-31.55,-216.10,2031501,SMA Sell,145.00,6.04days
26/09/2025 17:12:59,sell,0.05,GBPCAD,1.86682,02/10/2025 16:00:05,1.87774,-0.25,-2.65,-109.20,-42.06,0.00,0.00,-62.12,-169.40,2031501,SMA Sell,142.78,5.95days
26/09/2025 16:03:57,sell,0.03,GBPCAD,1.86473,02/10/2025 16:00:05,1.87764,-0.15,-1.59,-129.10,-29.52,0.00,0.30,-41.78,-190.30,2031501,SMA Sell,143.94,6.00days
29/09/2025 10:25:25,sell,0.10,GBPCAD,1.87216,02/10/2025 16:00:04,1.87764,-0.50,-5.29,-54.80,-45.09,30.57,43.20,-85.90,-116.00,2031501,SMA Sell,77.58,3.23days
26/09/2025 18:04:23,sell,0.07,GBPCAD,1.86882,02/10/2025 16:00:04,1.87771,-0.35,-3.70,-88.90,-48.67,7.54,15.70,-76.91,-149.40,2031501,SMA Sell,141.93,5.91days
01/10/2025 15:15:59,sell,0.34,GBPCAD,1.87950,02/10/2025 16:00:03,1.87773,-1.70,-10.78,17.70,30.67,30.67,17.70,-105.69,-42.60,2031501,SMA Sell,24.73,1.03days
01/10/2025 13:38:57,sell,0.23,GBPCAD,1.87645,02/10/2025 16:00:03,1.87764,-1.15,-7.29,-11.90,-28.07,0.00,0.00,-121.86,-73.10,2031501,SMA Sell,26.35,1.10days
29/09/2025 15:48:42,sell,0.15,GBPCAD,1.87438,02/10/2025 16:00:03,1.87764,-0.75,-7.94,-32.60,-43.75,69.80,65.40,-104.95,-93.80,2031501,SMA Sell,72.19,3.01days
01/10/2025 16:26:48,sell,0.77,GBPCAD,1.88357,02/10/2025 16:00:02,1.87786,-3.85,-24.41,57.10,287.02,287.02,57.10,-14.35,-1.90,2031501,SMA Sell,23.55,23.55hrs
01/10/2025 15:34:30,sell,0.51,GBPCAD,1.88156,02/10/2025 16:00:02,1.87779,-2.55,-16.17,37.70,119.15,119.15,37.70,-83.10,-22.00,2031501,SMA Sell,24.43,1.02days
25/09/2025 20:57:29,sell,0.02,GBPUSD,1.33343,02/10/2025 16:00:02,1.34672,-0.10,-0.14,-132.90,-26.82,1.62,8.60,-38.58,-192.00,2031501,SMA Sell,163.04,6.79days
26/09/2025 05:44:24,sell,0.03,GBPUSD,1.33546,02/10/2025 16:00:01,1.34666,-0.15,-0.18,-112.00,-33.93,2.97,10.40,-51.75,-171.70,2031501,SMA Sell,154.26,6.43days
26/09/2025 17:07:53,sell,0.07,GBPUSD,1.33948,02/10/2025 16:00:00,1.34660,-0.35,-0.42,-71.20,-50.61,1.19,2.20,-92.61,-131.50,2031501,SMA Sell,142.87,5.95days
26/09/2025 15:31:24,sell,0.05,GBPUSD,1.33747,02/10/2025 16:00:00,1.34664,-0.25,-0.30,-91.70,-46.40,4.90,10.30,-76.20,-151.60,2031501,SMA Sell,144.48,6.02days
29/09/2025 15:56:24,sell,0.15,GBPUSD,1.34566,02/10/2025 15:59:59,1.34658,-0.75,-0.76,-9.20,-15.31,57.75,39.10,-105.60,-69.70,2031501,SMA Sell,72.06,3.00days
29/09/2025 03:04:57,sell,0.10,GBPUSD,1.34165,02/10/2025 15:59:59,1.34658,-0.50,-0.51,-49.30,-50.31,1.20,1.70,-110.50,-109.80,2031501,SMA Sell,84.92,3.54days
01/10/2025 15:18:20,sell,0.51,GBPUSD,1.35187,02/10/2025 15:59:58,1.34657,-2.55,-1.56,53.00,266.19,271.80,54.10,-41.31,-7.60,2031501,SMA Sell,24.69,1.03days
01/10/2025 15:16:06,sell,0.34,GBPUSD,1.34971,02/10/2025 15:59:58,1.34657,-1.70,-1.04,31.40,104.02,107.76,32.50,-100.98,-29.20,2031501,SMA Sell,24.73,1.03days
01/10/2025 09:43:18,sell,0.23,GBPUSD,1.34768,02/10/2025 15:59:58,1.34657,-1.15,-0.70,11.10,23.68,46.00,20.50,-115.00,-49.50,2031501,SMA Sell,30.28,1.26days
29/09/2025 18:41:10,buy,0.03,USDCAD,1.39104,02/10/2025 15:59:57,1.39463,-0.15,0.18,35.90,7.75,9.40,44.00,-2.72,-11.90,1031501,SMA Buy,69.31,2.89days
26/09/2025 01:18:39,buy,0.02,USDCAD,1.39389,02/10/2025 15:59:57,1.39463,-0.10,0.26,7.40,1.22,2.64,19.10,-5.77,-40.40,1031501,SMA Buy,158.69,6.61days
25/09/2025 15:32:02,buy,0.07,EURCAD,1.62822,01/10/2025 10:26:16,1.63717,-0.35,-1.58,89.50,43.08,49.29,101.80,-24.69,-46.90,1031501,SMA Buy,138.90,5.79days
24/09/2025 11:03:17,buy,0.03,EURCAD,1.63219,01/10/2025 10:26:16,1.63717,-0.15,-1.23,49.80,9.35,12.01,62.10,-19.68,-86.60,1031501,SMA Buy,167.38,6.97days
25/09/2025 15:51:40,buy,0.10,EURCAD,1.62603,01/10/2025 10:26:15,1.63717,-0.50,-2.26,111.40,77.26,86.15,123.70,-19.56,-25.00,1031501,SMA Buy,138.58,5.77days
24/09/2025 14:00:41,buy,0.05,EURCAD,1.63019,01/10/2025 10:26:14,1.63718,-0.25,-2.03,69.90,22.83,27.22,82.10,-25.62,-66.60,1031501,SMA Buy,164.43,6.85days
24/09/2025 02:00:11,buy,0.02,EURCAD,1.63496,01/10/2025 10:26:13,1.63716,-0.10,-0.80,22.00,2.26,4.04,34.40,-17.08,-114.30,1031501,SMA Buy,176.43,7.35days
23/09/2025 02:30:01,buy,0.02,USDCAD,1.38244,26/09/2025 00:18:19,1.39318,-0.10,0.30,107.40,15.62,17.81,124.10,-1.84,-12.00,1031501,SMA Buy,69.81,2.91days
19/09/2025 02:30:10,sell,0.02,AUDUSD,0.66130,25/09/2025 22:31:36,0.65368,-0.10,-0.01,76.20,15.13,17.09,86.00,-3.04,-14.70,2031501,SMA Sell,164.02,6.83days
23/09/2025 11:00:06,sell,0.23,GBPCAD,1.87161,25/09/2025 18:18:42,1.85909,-1.15,-8.97,125.20,196.63,213.19,135.20,-27.16,-14.30,2031501,SMA Sell,55.31,2.30days
﻿22/09/2025 11:11:51,sell,0.07,GBPCAD,1.86341,25/09/2025 18:18:42,1.85908,-0.35,-3.43,43.30,17.99,22.96,53.20,-50.43,-96.30,2031501,SMA Sell,79.11,3.30days
22/09/2025 09:06:04,sell,0.03,GBPCAD,1.85937,25/09/2025 18:18:41,1.85919,-0.15,-1.46,1.80,-1.22,1.15,12.80,-30.36,-136.70,2031501,SMA Sell,81.21,3.38days
23/09/2025 04:36:10,sell,0.15,GBPCAD,1.86958,25/09/2025 18:18:39,1.85921,-0.75,-5.85,103.70,105.08,117.17,114.90,-39.72,-34.60,2031501,SMA Sell,61.71,2.57days
22/09/2025 19:18:05,sell,0.10,GBPCAD,1.86667,25/09/2025 18:18:39,1.85922,-0.50,-4.88,74.50,48.11,56.24,85.80,-48.48,-63.70,2031501,SMA Sell,71.01,2.96days
22/09/2025 10:57:48,sell,0.05,GBPCAD,1.86138,25/09/2025 18:18:38,1.85921,-0.25,-2.44,21.70,5.10,9.12,32.90,-43.35,-116.60,2031501,SMA Sell,79.35,3.31days
19/09/2025 19:59:34,sell,0.02,GBPCAD,1.85737,25/09/2025 18:18:37,1.85921,-0.10,-1.18,-18.40,-3.93,3.18,22.60,-23.34,-156.70,2031501,SMA Sell,142.32,5.93days
25/09/2025 09:00:02,sell,0.02,EURUSD,1.17420,25/09/2025 18:17:41,1.16771,-0.10,0.00,64.90,12.88,14.28,71.90,-2.28,-10.90,2031501,SMA Sell,9.29,9.29hrs
24/09/2025 22:00:04,sell,0.02,GBPUSD,1.34485,25/09/2025 16:05:28,1.33840,-0.10,-0.06,64.50,12.74,14.30,72.30,-3.66,-17.50,2031501,SMA Sell,18.09,18.09hrs
23/09/2025 04:50:18,sell,0.10,EURUSD,1.18193,24/09/2025 17:29:01,1.17395,-0.50,0.47,79.80,79.77,88.47,88.50,-1.00,-0.50,2031501,SMA Sell,36.65,1.53days
22/09/2025 21:02:00,sell,0.07,EURUSD,1.17992,24/09/2025 17:29:00,1.17394,-0.35,0.66,59.80,42.17,48.19,68.40,-14.44,-20.60,2031501,SMA Sell,44.45,1.85days
22/09/2025 13:05:11,sell,0.05,EURUSD,1.17788,24/09/2025 17:28:59,1.17400,-0.25,0.46,38.80,19.61,24.21,48.00,-20.52,-41.00,2031501,SMA Sell,52.40,2.18days
22/09/2025 11:10:01,sell,0.03,EURUSD,1.17588,24/09/2025 17:28:59,1.17396,-0.15,0.28,19.20,5.89,8.53,28.00,-18.31,-61.00,2031501,SMA Sell,54.32,2.26days
22/09/2025 02:30:01,sell,0.02,EURUSD,1.17387,24/09/2025 17:28:58,1.17395,-0.10,0.18,-0.80,-0.08,2.26,11.80,-16.23,-81.10,2031501,SMA Sell,62.98,2.62days
23/09/2025 04:00:39,sell,0.03,GBPUSD,1.35224,24/09/2025 16:00:25,1.34465,-0.15,-0.03,75.90,22.59,23.70,79.60,-4.29,-13.80,2031501,SMA Sell,36.00,1.50days
19/09/2025 12:02:56,sell,0.02,GBPUSD,1.35007,24/09/2025 16:00:23,1.34465,-0.10,-0.06,54.20,10.68,11.42,57.90,-7.24,-35.50,2031501,SMA Sell,123.96,5.16days
18/09/2025 20:57:06,buy,0.02,EURAUD,1.78164,23/09/2025 06:21:07,1.79144,-0.10,-0.60,98.00,12.21,14.20,113.20,-5.07,-34.70,1031501,SMA Buy,105.40,4.39days
19/09/2025 08:57:19,sell,0.02,GBPCAD,1.86966,19/09/2025 18:59:27,1.85706,-0.10,0.00,126.00,18.19,19.87,137.50,-0.45,-2.40,2031501,SMA Sell,10.04,10.04hrs
15/09/2025 04:57:06,buy,0.02,AUDCAD,0.92161,18/09/2025 14:40:33,0.91648,-0.10,-0.04,-51.30,-7.59,0.77,6.00,-12.92,-88.20,1031501,SMA Buy,81.72,3.41days
12/09/2025 11:16:35,sell,0.05,EURAUD,1.76424,18/09/2025 14:40:32,1.77736,-0.25,0.47,-131.20,-43.44,12.46,37.90,-60.92,-184.50,2031501,SMA Sell,147.40,6.14days
12/09/2025 09:09:41,sell,0.03,EURAUD,1.76223,18/09/2025 14:40:32,1.77736,-0.15,0.29,-151.30,-30.07,3.46,17.80,-40.54,-204.60,2031501,SMA Sell,149.51,6.23days
12/09/2025 06:00:00,sell,0.02,EURAUD,1.76011,18/09/2025 14:40:32,1.77736,-0.10,0.18,-172.50,-22.88,0.59,5.20,-29.85,-225.80,2031501,SMA Sell,152.68,6.36days
12/09/2025 18:10:25,sell,0.07,EURAUD,1.76612,18/09/2025 14:40:31,1.77736,-0.35,0.65,-112.40,-52.06,26.21,56.70,-76.57,-165.70,2031501,SMA Sell,140.50,5.85days
11/09/2025 15:35:06,buy,0.03,USDCAD,1.38647,18/09/2025 14:40:31,1.37737,-0.15,0.63,-91.00,-19.34,1.67,8.40,-29.48,-136.70,1031501,SMA Buy,167.09,6.96days
11/09/2025 15:20:21,buy,0.02,USDCAD,1.38848,18/09/2025 14:40:31,1.37737,-0.10,0.42,-111.10,-15.81,0.00,0.00,-22.58,-156.80,1031501,SMA Buy,167.34,6.97days
15/09/2025 13:26:19,buy,0.07,USDCAD,1.38245,18/09/2025 14:40:30,1.37737,-0.35,0.63,-50.80,-25.54,8.25,17.00,-49.14,-96.50,1031501,SMA Buy,73.24,3.05days
15/09/2025 13:22:02,buy,0.02,GBPCAD,1.88085,18/09/2025 14:40:30,1.87569,-0.10,0.04,-51.60,-7.55,4.80,33.50,-12.40,-84.80,1031501,SMA Buy,73.31,3.05days
11/09/2025 17:17:09,buy,0.05,USDCAD,1.38446,18/09/2025 14:40:30,1.37737,-0.25,1.05,-70.90,-24.94,6.84,18.40,-41.82,-116.60,1031501,SMA Buy,165.39,6.89days
15/09/2025 20:50:43,buy,0.15,USDCAD,1.37842,18/09/2025 14:40:29,1.37737,-0.75,1.35,-10.50,-10.83,16.25,14.40,-61.26,-56.20,1031501,SMA Buy,65.83,2.74days
15/09/2025 18:28:24,buy,0.10,USDCAD,1.38047,18/09/2025 14:40:29,1.37738,-0.50,0.90,-30.90,-22.03,0.00,0.00,-55.77,-76.70,1031501,SMA Buy,68.20,2.84days
15/09/2025 17:55:08,buy,0.03,AUDCAD,0.91953,18/09/2025 14:40:29,0.91651,-0.15,-0.05,-30.20,-6.78,2.15,10.60,-14.85,-67.40,1031501,SMA Buy,68.76,2.86days
16/09/2025 05:30:14,buy,0.02,AUDUSD,0.66663,18/09/2025 14:40:28,0.66550,-0.10,-0.20,-11.30,-2.56,7.85,40.00,-10.34,-50.20,1031501,SMA Buy,57.17,2.38days
16/09/2025 05:19:04,sell,0.03,GBPAUD,2.04105,18/09/2025 14:40:28,2.04670,-0.15,-0.68,-56.50,-12.11,0.00,0.00,-28.73,-140.10,2031501,SMA Sell,57.36,2.39days
16/09/2025 01:21:49,sell,0.02,GBPAUD,2.03900,18/09/2025 14:40:28,2.04670,-0.10,-0.45,-77.00,-10.80,0.63,5.50,-21.88,-160.60,2031501,SMA Sell,61.31,2.55days
16/09/2025 07:44:05,sell,0.05,GBPAUD,2.04315,18/09/2025 14:40:27,2.04670,-0.25,-1.14,-35.50,-13.21,5.50,17.20,-40.93,-119.10,2031501,SMA Sell,54.94,2.29days
16/09/2025 06:44:40,buy,0.23,USDCAD,1.37641,18/09/2025 14:40:27,1.37737,-1.15,1.38,9.60,16.26,57.74,34.50,-60.94,-36.10,1031501,SMA Buy,55.93,2.33days
16/09/2025 12:49:07,sell,0.15,EURAUD,1.77184,18/09/2025 14:40:26,1.77730,-0.75,0.91,-54.60,-54.35,23.86,24.60,-107.70,-108.50,2031501,SMA Sell,49.86,2.08days
16/09/2025 10:43:42,sell,0.10,EURAUD,1.76987,18/09/2025 14:40:26,1.77730,-0.50,0.60,-74.30,-49.35,2.77,4.90,-84.86,-128.20,2031501,SMA Sell,51.95,2.16days
16/09/2025 07:50:30,buy,0.05,AUDCAD,0.91739,18/09/2025 14:40:26,0.91650,-0.25,-0.07,-8.90,-3.55,11.39,32.00,-16.99,-46.00,1031501,SMA Buy,54.83,2.28days
16/09/2025 17:02:56,sell,0.23,EURAUD,1.77406,18/09/2025 14:40:25,1.77730,-1.15,1.40,-32.40,-49.35,30.55,20.40,-131.30,-86.30,2031501,SMA Sell,45.62,1.90days
16/09/2025 16:44:09,sell,0.07,GBPAUD,2.04662,18/09/2025 14:40:25,2.04673,-0.35,-1.60,-1.10,-2.46,23.94,51.90,-41.17,-84.40,2031501,SMA Sell,45.94,1.91days
16/09/2025 16:24:08,buy,0.34,USDCAD,1.37439,18/09/2025 14:40:25,1.37736,-1.70,2.04,29.70,73.65,135.12,54.70,-40.06,-15.90,1031501,SMA Buy,46.27,1.93days
17/09/2025 02:00:20,buy,0.02,EURCAD,1.63059,18/09/2025 14:40:24,1.62883,-0.10,-0.37,-17.60,-3.02,7.20,50.10,-8.21,-53.40,1031501,SMA Buy,36.67,1.53days
16/09/2025 17:35:25,sell,0.34,EURAUD,1.77613,18/09/2025 14:40:24,1.77729,-1.70,2.07,-11.60,-25.88,92.18,41.10,-147.45,-65.60,2031501,SMA Sell,45.08,1.88days
16/09/2025 17:08:53,sell,0.10,GBPAUD,2.04861,18/09/2025 14:40:24,2.04669,-0.50,-2.28,19.20,9.99,47.51,71.80,-45.60,-64.50,2031501,SMA Sell,45.53,1.90days
17/09/2025 19:48:35,sell,0.15,GBPAUD,2.05062,18/09/2025 14:40:23,2.04671,-0.75,-2.56,39.10,35.72,38.72,42.10,-47.53,-44.40,2031501,SMA Sell,18.86,18.86hrs
17/09/2025 19:36:16,sell,0.51,EURAUD,1.77846,18/09/2025 14:40:23,1.77726,-2.55,2.32,12.00,40.50,96.62,29.20,-143.21,-42.30,2031501,SMA Sell,19.07,19.07hrs
17/09/2025 13:10:12,buy,0.03,EURCAD,1.62859,18/09/2025 14:40:23,1.62883,-0.15,-0.55,2.40,-0.18,15.17,70.10,-7.96,-33.40,1031501,SMA Buy,25.50,1.06days
18/09/2025 04:32:07,buy,0.03,AUDUSD,0.66347,18/09/2025 14:40:22,0.66550,-0.15,0.00,20.30,5.94,7.20,24.50,-5.73,-18.60,1031501,SMA Buy,10.14,10.14hrs
18/09/2025 04:31:08,buy,0.07,AUDCAD,0.91428,18/09/2025 14:40:22,0.91649,-0.35,0.00,22.10,10.88,11.85,24.00,-7.91,-14.90,1031501,SMA Buy,10.15,10.15hrs
18/09/2025 08:54:34,buy,0.03,GBPCAD,1.87492,18/09/2025 14:40:21,1.87566,-0.15,0.00,7.40,1.46,10.98,51.10,-1.87,-7.90,1031501,SMA Buy,5.76,5.76hrs
18/09/2025 08:11:15,buy,0.05,EURCAD,1.62557,18/09/2025 14:40:21,1.62881,-0.25,0.00,32.40,11.51,20.30,56.60,-1.41,-3.20,1031501,SMA Buy,6.49,6.49hrs
18/09/2025 08:01:48,sell,0.23,GBPAUD,2.05265,18/09/2025 14:40:21,2.04670,-1.15,0.00,59.50,89.93,94.37,62.40,-37.95,-24.10,2031501,SMA Sell,6.64,6.64hrs
18/09/2025 04:32:28,sell,0.77,EURAUD,1.78050,18/09/2025 14:40:21,1.77726,-3.85,0.00,32.40,162.19,168.37,33.60,-115.61,-21.90,2031501,SMA Sell,10.13,10.13hrs
18/09/2025 11:55:13,sell,0.34,GBPAUD,2.05512,18/09/2025 14:40:20,2.04660,-1.70,0.00,85.20,191.10,195.39,87.10,-0.35,0.00,2031501,SMA Sell,2.75,2.75hrs
18/09/2025 10:10:46,sell,1.15,EURAUD,1.78250,18/09/2025 14:40:20,1.77726,-5.75,0.00,52.40,395.30,404.56,53.60,-20.23,-1.90,2031501,SMA Sell,4.49,4.49hrs
15/09/2025 14:00:00,buy,0.02,GBPUSD,1.36072,17/09/2025 21:10:20,1.37154,-0.10,-0.18,108.20,21.36,23.50,118.90,-4.32,-21.10,1031501,SMA Buy,55.17,2.30days
16/09/2025 19:11:10,buy,0.02,EURUSD,1.18491,17/09/2025 21:10:12,1.19080,-0.10,-0.20,58.90,11.48,12.92,66.10,-3.14,-14.20,1031501,SMA Buy,25.98,1.08days
11/09/2025 15:16:48,buy,0.03,EURCAD,1.62019,16/09/2025 21:06:36,1.63039,-0.15,-0.54,102.00,21.58,24.49,115.30,-2.34,-8.40,1031501,SMA Buy,125.83,5.24days
11/09/2025 12:57:23,buy,0.02,EURCAD,1.62222,16/09/2025 21:06:22,1.63042,-0.10,-0.36,82.00,11.47,13.37,95.00,-4.51,-28.70,1031501,SMA Buy,128.15,5.34days
15/09/2025 22:00:00,buy,0.02,EURUSD,1.17695,16/09/2025 18:11:03,1.18398,-0.10,-0.20,70.30,13.76,16.08,81.90,-2.52,-11.10,1031501,SMA Buy,20.18,20.18hrs
11/09/2025 15:30:13,buy,0.03,AUDUSD,0.65934,16/09/2025 04:30:10,0.66652,-0.15,-0.24,71.80,21.15,23.90,80.70,0.00,0.00,1031501,SMA Buy,109.00,4.54days
11/09/2025 02:00:13,buy,0.02,AUDUSD,0.66184,16/09/2025 04:30:09,0.66651,-0.10,-0.15,46.70,9.09,10.94,55.70,-4.06,-19.80,1031501,SMA Buy,122.50,5.10days
10/09/2025 04:04:15,buy,0.03,EURUSD,1.16922,15/09/2025 13:54:15,1.17529,-0.15,-1.54,60.70,16.52,19.19,69.60,-6.71,-18.80,1031501,SMA Buy,129.83,5.41days
11/09/2025 15:16:32,buy,0.05,EURUSD,1.16713,15/09/2025 13:54:14,1.17529,-0.25,-1.02,81.60,39.53,43.98,90.50,0.00,0.00,1031501,SMA Buy,94.63,3.94days
08/09/2025 12:57:27,buy,0.02,EURUSD,1.17263,15/09/2025 13:54:13,1.17525,-0.10,-1.41,26.20,3.73,10.32,53.10,-11.69,-52.90,1031501,SMA Buy,168.95,7.04days
05/09/2025 17:04:20,sell,0.34,GBPCAD,1.87155,15/09/2025 13:22:01,1.88086,-1.70,-26.62,-93.10,-257.25,131.34,55.40,-261.54,-94.90,2031501,SMA Sell,236.29,9.85days
10/09/2025 15:30:37,sell,0.77,GBPCAD,1.87698,15/09/2025 13:22:00,1.88095,-3.85,-37.63,-39.70,-262.57,183.55,39.10,-267.45,-40.60,2031501,SMA Sell,117.86,4.91days
04/09/2025 13:33:50,sell,0.07,GBPCAD,1.85872,15/09/2025 13:22:00,1.88088,-0.35,-6.17,-221.60,-118.70,16.87,34.00,-119.45,-223.20,2031501,SMA Sell,263.80,10.99days
05/09/2025 15:33:20,sell,0.15,GBPCAD,1.86571,15/09/2025 13:21:59,1.88095,-0.75,-11.75,-152.40,-177.83,0.88,1.50,-178.71,-153.30,2031501,SMA Sell,237.81,9.91days
04/09/2025 09:08:07,sell,0.03,GBPCAD,1.85464,15/09/2025 13:21:59,1.88095,-0.15,-2.62,-263.10,-59.86,2.11,10.40,-60.02,-264.00,2031501,SMA Sell,268.23,11.18days
11/09/2025 16:05:26,sell,1.15,GBPCAD,1.87906,15/09/2025 13:21:58,1.88099,-5.75,-22.51,-19.30,-188.79,480.63,59.90,-192.84,-19.80,2031501,SMA Sell,93.28,3.89days
09/09/2025 12:31:47,sell,0.51,GBPCAD,1.87473,15/09/2025 13:21:57,1.88098,-2.55,-29.91,-62.50,-262.99,127.67,35.30,-265.07,-63.10,2031501,SMA Sell,144.84,6.03days
05/09/2025 16:12:31,sell,0.23,GBPCAD,1.86774,15/09/2025 13:21:57,1.88101,-1.15,-18.00,-132.70,-239.89,25.41,17.30,-240.26,-133.00,2031501,SMA Sell,237.16,9.88days
05/09/2025 15:30:58,sell,0.10,GBPCAD,1.86358,15/09/2025 13:21:56,1.88102,-0.50,-7.83,-174.40,-134.46,0.00,0.00,-134.53,-174.60,2031501,SMA Sell,237.85,9.91days
04/09/2025 11:16:23,sell,0.05,GBPCAD,1.85670,15/09/2025 13:21:55,1.88101,-0.25,-4.41,-243.10,-92.57,4.74,13.80,-92.63,-243.40,2031501,SMA Sell,266.09,11.09days
03/09/2025 11:56:32,sell,0.03,GBPCAD,1.84974,15/09/2025 13:21:54,1.88105,-0.15,-3.50,-313.10,-71.58,1.13,5.90,-71.58,-313.10,2031501,SMA Sell,289.42,12.06days
11/09/2025 10:23:48,buy,0.07,GBPUSD,1.35077,15/09/2025 11:36:36,1.35891,-0.35,-0.62,81.40,56.01,61.40,89.10,-5.32,-7.10,1031501,SMA Buy,97.21,4.05days
09/09/2025 15:31:36,buy,0.03,GBPUSD,1.35485,15/09/2025 11:36:36,1.35891,-0.15,-0.79,40.60,11.24,13.55,48.30,-15.05,-47.90,1031501,SMA Buy,140.08,5.84days
09/09/2025 18:25:56,buy,0.05,GBPUSD,1.35275,15/09/2025 11:36:35,1.35885,-0.25,-1.32,61.00,28.93,33.08,69.30,-14.58,-26.90,1031501,SMA Buy,137.18,5.72days
09/09/2025 10:13:33,buy,0.02,GBPUSD,1.35705,15/09/2025 11:36:34,1.35891,-0.10,-0.53,18.60,3.09,4.63,26.30,-14.43,-69.90,1031501,SMA Buy,145.38,6.06days
09/09/2025 23:06:19,buy,0.02,AUDCAD,0.91264,12/09/2025 09:01:00,0.92123,-0.10,-0.04,85.90,12.27,14.28,99.80,-2.60,-17.20,1031501,SMA Buy,57.91,2.41days
11/09/2025 15:30:21,sell,0.05,GBPAUD,2.04804,12/09/2025 04:50:24,2.03658,-0.25,-0.29,114.60,37.61,41.81,127.10,0.00,0.00,2031501,SMA Sell,13.33,13.33hrs
11/09/2025 03:46:53,sell,0.03,GBPAUD,2.04584,12/09/2025 04:50:23,2.03659,-0.15,-0.17,92.50,18.16,20.69,105.10,-3.83,-18.60,2031501,SMA Sell,25.06,1.04days
10/09/2025 20:57:18,sell,0.02,GBPAUD,2.04370,12/09/2025 04:50:22,2.03660,-0.10,-0.45,71.00,8.91,10.61,83.70,-6.66,-47.00,2031501,SMA Sell,31.88,1.33days
11/09/2025 08:38:48,sell,0.03,EURAUD,1.77039,12/09/2025 04:48:27,1.76093,-0.15,0.05,94.60,18.81,21.31,107.00,-1.94,-9.00,2031501,SMA Sell,20.16,20.16hrs
10/09/2025 18:54:11,sell,0.02,EURAUD,1.76808,12/09/2025 04:48:26,1.76091,-0.10,0.12,71.70,9.57,11.21,83.90,-4.26,-32.10,2031501,SMA Sell,33.90,1.41days
05/09/2025 15:30:51,buy,0.03,USDCAD,1.37835,11/09/2025 14:20:21,1.38747,-0.15,0.36,91.20,19.93,22.83,104.70,0.00,0.00,1031501,SMA Buy,142.82,5.95days
04/09/2025 06:30:14,buy,0.02,USDCAD,1.38058,11/09/2025 14:20:19,1.38745,-0.10,0.42,68.70,10.22,12.19,82.40,-2.40,-17.10,1031501,SMA Buy,175.83,7.33days
10/09/2025 01:39:30,sell,0.02,GBPAUD,2.05359,10/09/2025 18:19:59,2.04540,-0.10,0.00,81.90,10.75,13.22,100.40,-1.89,-13.60,2031501,SMA Sell,16.67,16.67hrs
08/09/2025 09:00:01,buy,0.02,AUDUSD,0.65646,10/09/2025 18:18:54,0.66241,-0.10,-0.10,59.50,11.70,13.68,69.40,-0.16,-0.30,1031501,SMA Buy,57.31,2.39days
09/09/2025 20:00:00,sell,0.02,EURAUD,1.77800,10/09/2025 17:51:38,1.76917,-0.10,0.03,88.30,11.63,13.88,105.20,-2.94,-21.80,2031501,SMA Sell,21.86,21.86hrs
08/09/2025 10:00:40,buy,0.02,GBPUSD,1.35146,09/09/2025 09:13:30,1.35718,-0.10,-0.09,57.20,11.25,12.89,65.40,-1.52,-7.10,1031501,SMA Buy,23.21,23.21hrs
04/09/2025 15:40:32,buy,0.03,AUDCAD,0.90007,09/09/2025 00:15:16,0.90907,-0.15,-0.03,90.00,19.38,23.05,107.00,-1.39,-5.70,1031501,SMA Buy,104.58,4.36days
04/09/2025 03:00:02,buy,0.02,AUDCAD,0.90272,09/09/2025 00:15:15,0.90908,-0.10,-0.03,63.60,9.08,11.53,80.50,-4.76,-32.20,1031501,SMA Buy,117.25,4.89days
25/08/2025 12:30:20,buy,0.02,AUDCAD,0.89779,03/09/2025 11:56:40,0.90058,-0.10,-0.07,27.90,3.88,5.77,40.70,-3.86,-25.90,1031501,SMA Buy,215.44,8.98days
02/09/2025 10:22:19,buy,0.03,AUDUSD,0.65278,03/09/2025 11:56:39,0.65255,-0.15,-0.08,-2.30,-0.92,0.00,0.00,-13.29,-43.80,1031501,SMA Buy,25.57,1.07days
01/09/2025 17:00:01,buy,0.02,AUDUSD,0.65533,03/09/2025 11:56:39,0.65255,-0.10,-0.10,-27.80,-5.76,0.74,4.20,-14.01,-69.30,1031501,SMA Buy,42.94,1.79days
27/08/2025 12:07:58,buy,0.03,AUDCAD,0.89575,03/09/2025 11:56:39,0.90058,-0.15,-0.05,48.30,10.29,13.14,61.10,-1.34,-5.50,1031501,SMA Buy,167.81,6.99days
02/09/2025 10:50:11,buy,0.05,AUDUSD,0.65076,03/09/2025 11:56:38,0.65255,-0.25,-0.13,17.90,8.57,8.57,17.90,-12.05,-23.60,1031501,SMA Buy,25.11,1.05days
29/08/2025 18:03:11,sell,0.03,EURAUD,1.78923,03/09/2025 11:56:38,1.78644,-0.15,0.12,27.90,5.43,12.67,64.90,-8.25,-41.50,2031501,SMA Sell,113.89,4.75days
28/08/2025 19:00:01,sell,0.02,EURAUD,1.78722,03/09/2025 11:56:38,1.78644,-0.10,0.09,7.80,1.00,5.84,44.80,-8.12,-61.60,2031501,SMA Sell,136.94,5.71days
01/09/2025 10:17:54,sell,0.07,EURAUD,1.79323,03/09/2025 11:56:37,1.78644,-0.35,0.20,67.90,30.87,47.76,104.90,-0.02,0.00,2031501,SMA Sell,49.65,2.07days
01/09/2025 09:05:42,sell,0.05,EURAUD,1.79123,03/09/2025 11:56:37,1.78644,-0.25,0.14,47.90,15.52,27.59,84.90,-7.28,-21.50,2031501,SMA Sell,50.85,2.12days
25/08/2025 18:40:25,buy,0.05,EURCAD,1.61489,03/09/2025 11:56:36,1.60876,-0.25,-2.81,-61.30,-25.27,1.16,3.90,-50.80,-132.40,1031501,SMA Buy,209.27,8.72days
25/08/2025 12:32:17,buy,0.03,EURCAD,1.61757,03/09/2025 11:56:36,1.60877,-0.15,-1.67,-88.00,-20.95,0.89,4.80,-36.31,-159.20,1031501,SMA Buy,215.41,8.98days
25/08/2025 07:00:07,buy,0.02,EURCAD,1.61962,03/09/2025 11:56:36,1.60877,-0.10,-1.11,-108.50,-16.93,0.00,0.50,-27.18,-179.70,1031501,SMA Buy,220.94,9.21days
27/08/2025 07:21:01,buy,0.15,EURCAD,1.60821,03/09/2025 11:56:35,1.60875,-0.75,-6.59,5.40,-1.47,38.92,40.70,-77.85,-65.60,1031501,SMA Buy,172.59,7.19days
25/08/2025 21:39:53,buy,0.10,EURCAD,1.61028,03/09/2025 11:56:35,1.60876,-0.50,-5.58,-15.20,-17.09,27.28,39.30,-68.11,-86.30,1031501,SMA Buy,206.28,8.59days
25/08/2025 19:44:22,buy,0.07,EURCAD,1.61293,03/09/2025 11:56:35,1.60876,-0.35,-3.92,-41.70,-25.42,5.70,12.80,-61.15,-112.80,1031501,SMA Buy,208.20,8.68days
02/09/2025 12:15:48,buy,0.51,EURCAD,1.60259,03/09/2025 11:56:34,1.60876,-2.55,-3.12,61.70,222.32,275.98,75.30,-37.35,-9.40,1031501,SMA Buy,23.68,23.68hrs
27/08/2025 11:31:54,buy,0.34,EURCAD,1.60459,03/09/2025 11:56:34,1.60874,-1.70,-14.93,41.50,85.61,177.78,76.90,-87.11,-29.40,1031501,SMA Buy,168.41,7.02days
27/08/2025 11:06:23,buy,0.23,EURCAD,1.60621,03/09/2025 11:56:34,1.60875,-1.15,-10.10,25.40,31.08,93.16,60.70,-85.97,-45.60,1031501,SMA Buy,168.84,7.03days
03/09/2025 09:37:18,sell,0.03,GBPAUD,2.05563,03/09/2025 11:56:33,2.05413,-0.15,0.00,15.00,2.79,5.62,29.50,0.00,0.00,2031501,SMA Sell,2.32,2.32hrs
03/09/2025 06:08:19,sell,0.02,GBPAUD,2.04938,03/09/2025 11:56:33,2.05412,-0.10,0.00,-47.40,-6.28,0.00,0.00,-6.28,-47.40,2031501,SMA Sell,5.80,5.80hrs
02/09/2025 17:00:01,sell,0.02,GBPCAD,1.84682,03/09/2025 11:56:32,1.85000,-0.10,-0.20,-31.80,-4.91,4.85,35.50,-4.91,-31.80,2031501,SMA Sell,18.94,18.94hrs
01/09/2025 17:30:06,buy,0.02,GBPUSD,1.35427,03/09/2025 11:56:32,1.34024,-0.10,-0.18,-140.30,-28.34,1.28,6.90,-40.35,-200.80,1031501,SMA Buy,42.44,1.77days
02/09/2025 10:14:23,buy,0.07,GBPUSD,1.34692,03/09/2025 11:56:31,1.34024,-0.35,-0.31,-66.80,-47.42,2.31,3.80,-89.46,-127.30,1031501,SMA Buy,25.70,1.07days
02/09/2025 10:11:14,buy,0.05,GBPUSD,1.34910,03/09/2025 11:56:31,1.34024,-0.25,-0.22,-88.60,-44.77,0.00,0.00,-74.80,-149.10,1031501,SMA Buy,25.75,1.07days
02/09/2025 10:07:49,buy,0.03,GBPUSD,1.35136,03/09/2025 11:56:31,1.34024,-0.15,-0.13,-111.20,-33.64,0.00,0.00,-51.66,-171.70,1031501,SMA Buy,25.81,1.08days
02/09/2025 10:38:41,buy,0.15,GBPUSD,1.34264,03/09/2025 11:56:30,1.34024,-0.75,-0.66,-24.00,-37.41,21.15,14.60,-127.50,-84.50,1031501,SMA Buy,25.30,1.05days
02/09/2025 10:24:51,buy,0.10,GBPUSD,1.34472,03/09/2025 11:56:30,1.34024,-0.50,-0.44,-44.80,-45.74,0.00,0.00,-105.80,-105.30,1031501,SMA Buy,25.53,1.06days
03/09/2025 05:40:19,buy,0.51,GBPUSD,1.33642,03/09/2025 11:56:29,1.34024,-2.55,0.00,38.20,192.27,192.27,38.20,-17.85,-3.00,1031501,SMA Buy,6.27,6.27hrs
02/09/2025 11:06:01,buy,0.34,GBPUSD,1.33859,03/09/2025 11:56:29,1.34024,-1.70,-1.50,16.50,52.90,133.62,39.80,-151.30,-44.00,1031501,SMA Buy,24.84,1.04days
02/09/2025 10:53:39,buy,0.23,GBPUSD,1.34064,03/09/2025 11:56:29,1.34024,-1.15,-1.01,-4.00,-11.36,43.24,19.30,-149.50,-64.50,1031501,SMA Buy,25.05,1.04days
03/09/2025 10:18:36,buy,0.77,GBPUSD,1.33433,03/09/2025 11:56:28,1.34024,-3.85,0.00,59.10,451.22,451.22,59.10,0.00,0.00,1031501,SMA Buy,1.63,1.63hrs
29/08/2025 15:31:42,sell,0.03,USDCAD,1.37704,03/09/2025 11:56:28,1.38028,-0.15,-0.42,-32.40,-7.61,9.14,42.50,-9.92,-44.00,2031501,SMA Sell,116.41,4.85days
29/08/2025 04:57:15,sell,0.02,USDCAD,1.37505,03/09/2025 11:56:28,1.38028,-0.10,-0.28,-52.30,-7.96,3.19,22.60,-9.49,-63.90,2031501,SMA Sell,126.99,5.29days
02/09/2025 15:48:45,sell,0.07,USDCAD,1.38103,03/09/2025 11:56:27,1.38028,-0.35,-0.50,7.50,2.95,18.56,37.20,-2.43,-4.10,2031501,SMA Sell,20.13,20.13hrs
02/09/2025 14:29:04,sell,0.05,USDCAD,1.37903,03/09/2025 11:56:27,1.38028,-0.25,-0.36,-12.50,-5.14,5.99,17.20,-8.97,-24.10,2031501,SMA Sell,21.46,21.46hrs
03/09/2025 11:52:05,sell,0.03,GBPCAD,1.84883,03/09/2025 11:56:26,1.84973,-0.15,0.00,-9.00,-2.11,0.00,0.00,-2.11,-9.00,2031501,SMA Sell,0.07,0.07hrs
02/09/2025 12:10:25,sell,0.02,GBPAUD,2.05935,03/09/2025 05:08:18,2.05074,-0.10,-0.11,86.10,11.02,12.81,99.80,0.00,0.00,2031501,SMA Sell,16.96,16.96hrs
29/08/2025 17:33:22,sell,0.15,EURUSD,1.16979,02/09/2025 16:04:02,1.16222,-0.75,1.40,75.70,114.20,125.90,83.50,-56.60,-37.70,2031501,SMA Sell,94.51,3.94days
28/08/2025 13:18:16,sell,0.07,EURUSD,1.16579,02/09/2025 16:04:02,1.16226,-0.35,0.66,35.30,25.02,30.76,43.50,-54.41,-77.70,2031501,SMA Sell,122.76,5.12days
27/08/2025 19:29:10,sell,0.03,EURUSD,1.16184,02/09/2025 16:04:01,1.16222,-0.15,0.86,-3.80,-0.43,1.91,4.00,-34.59,-117.20,2031501,SMA Sell,140.58,5.86days
01/09/2025 09:05:29,sell,0.23,EURUSD,1.17206,02/09/2025 16:04:00,1.16236,-1.15,1.07,97.00,223.02,244.18,106.20,-35.65,-15.00,2031501,SMA Sell,30.98,1.29days
28/08/2025 15:40:33,sell,0.10,EURUSD,1.16779,02/09/2025 16:04:00,1.16245,-0.50,0.94,53.40,53.84,63.94,63.50,-57.73,-57.70,2031501,SMA Sell,120.39,5.02days
27/08/2025 19:48:30,sell,0.05,EURUSD,1.16380,02/09/2025 16:03:59,1.16242,-0.25,1.43,13.80,8.08,12.98,23.60,-47.85,-97.60,2031501,SMA Sell,140.26,5.84days
27/08/2025 15:45:07,sell,0.02,EURUSD,1.15862,02/09/2025 16:03:58,1.16239,-0.10,0.57,-37.70,-7.07,0.46,2.80,-29.50,-149.40,2031501,SMA Sell,144.31,6.01days
28/08/2025 19:00:05,sell,0.02,GBPAUD,2.06936,02/09/2025 11:10:23,2.05918,-0.10,-0.22,101.80,12.92,12.92,113.20,-2.42,-17.80,2031501,SMA Sell,112.17,4.67days
01/09/2025 16:00:16,sell,0.07,GBPCAD,1.86117,02/09/2025 10:27:49,1.85224,-0.35,-0.69,89.30,44.37,50.98,102.30,-14.34,-27.50,2031501,SMA Sell,18.46,18.46hrs
01/09/2025 18:27:14,sell,0.10,GBPCAD,1.86322,02/09/2025 10:27:48,1.85219,-0.50,-0.98,110.30,78.65,87.73,122.80,-5.59,-7.00,2031501,SMA Sell,16.01,16.01hrs
01/09/2025 03:37:16,sell,0.03,GBPCAD,1.85645,02/09/2025 10:27:48,1.85219,-0.15,-0.30,42.60,8.83,11.56,55.10,-16.44,-74.70,2031501,SMA Sell,30.84,1.29days
01/09/2025 09:05:49,sell,0.05,GBPCAD,1.85907,02/09/2025 10:27:47,1.85212,-0.25,-0.49,69.50,24.51,28.79,81.30,-17.87,-48.50,2031501,SMA Sell,25.37,1.06days
29/08/2025 12:30:34,sell,0.02,GBPCAD,1.85308,02/09/2025 10:27:46,1.85210,-0.10,-0.40,9.80,0.92,5.02,35.20,-16.06,-108.40,2031501,SMA Sell,93.95,3.91days
27/08/2025 11:08:33,buy,0.03,AUDUSD,0.64745,01/09/2025 15:23:10,0.65494,-0.15,-0.39,74.90,21.93,24.87,84.70,-3.78,-12.10,1031501,SMA Buy,124.24,5.18days
25/08/2025 15:30:00,buy,0.02,AUDUSD,0.64949,01/09/2025 15:23:08,0.65492,-0.10,-0.36,54.30,10.40,12.40,64.30,-6.70,-32.50,1031501,SMA Buy,167.89,7.00days
29/08/2025 11:19:30,buy,0.03,GBPUSD,1.34781,01/09/2025 09:52:22,1.35305,-0.15,-0.13,52.40,15.44,18.14,61.40,-9.27,-30.40,1031501,SMA Buy,70.55,2.94days
29/08/2025 13:00:27,buy,0.05,GBPUSD,1.34565,01/09/2025 09:52:21,1.35305,-0.25,-0.22,74.00,36.53,41.03,83.00,-4.65,-8.80,1031501,SMA Buy,68.86,2.87days
29/08/2025 04:30:00,buy,0.02,GBPUSD,1.34983,01/09/2025 09:52:20,1.35305,-0.10,-0.09,32.20,6.25,8.05,41.20,-10.22,-50.60,1031501,SMA Buy,77.37,3.22days
27/08/2025 18:30:00,sell,0.02,GBPCAD,1.86213,29/08/2025 11:30:33,1.85279,-0.10,-0.84,93.40,12.65,14.16,103.80,-0.84,-5.10,2031501,SMA Sell,41.01,1.71days
25/08/2025 14:30:10,sell,0.02,GBPAUD,2.07958,28/08/2025 16:38:54,2.06880,-0.10,-0.67,107.80,13.29,15.09,121.50,-1.61,-11.60,2031501,SMA Sell,74.15,3.09days
26/08/2025 04:31:42,sell,0.03,EURAUD,1.79595,28/08/2025 12:42:03,1.78696,-0.15,0.29,89.90,17.73,20.45,103.80,-2.78,-13.50,2031501,SMA Sell,56.17,2.34days
26/08/2025 04:58:08,sell,0.05,EURAUD,1.79800,28/08/2025 12:42:02,1.78701,-0.25,0.48,109.90,36.07,40.77,124.30,0.00,0.00,2031501,SMA Sell,55.73,2.32days
25/08/2025 23:41:37,sell,0.02,EURAUD,1.79204,28/08/2025 12:42:01,1.78698,-0.10,0.23,50.60,6.73,8.57,64.70,-6.88,-52.60,2031501,SMA Sell,61.01,2.54days
22/08/2025 18:12:20,sell,0.07,EURUSD,1.17299,25/08/2025 23:06:52,1.16173,-0.35,0.33,112.60,78.80,87.06,124.40,-8.68,-11.90,2031501,SMA Sell,76.91,3.20days
22/08/2025 17:48:13,sell,0.05,EURUSD,1.17099,25/08/2025 23:06:51,1.16173,-0.25,0.24,92.60,46.29,52.19,104.40,-16.20,-31.90,2031501,SMA Sell,77.31,3.22days
22/08/2025 17:16:03,sell,0.03,EURUSD,1.16899,25/08/2025 23:06:51,1.16167,-0.15,0.14,73.20,21.95,25.31,84.40,-15.72,-51.90,2031501,SMA Sell,77.85,3.24days
22/08/2025 17:02:14,sell,0.03,EURUSD,1.16696,25/08/2025 23:06:49,1.16173,-0.15,0.14,52.30,15.68,19.22,64.10,-21.81,-72.20,2031501,SMA Sell,78.08,3.25days
11/08/2025 20:57:06,buy,0.02,AUDCAD,0.89757,22/08/2025 17:02:30,0.89716,-0.10,-0.13,-4.10,-0.82,7.02,49.30,-10.52,-71.50,1031501,SMA Buy,260.09,10.84days
20/08/2025 05:07:33,buy,0.05,AUDCAD,0.89356,22/08/2025 17:02:29,0.89715,-0.25,-0.11,35.90,12.58,12.93,36.80,-11.64,-31.40,1031501,SMA Buy,59.92,2.50days
12/08/2025 08:19:23,buy,0.03,AUDCAD,0.89554,22/08/2025 17:02:29,0.89714,-0.15,-0.22,16.00,3.09,14.97,69.60,-11.41,-51.20,1031501,SMA Buy,248.72,10.36days
20/08/2025 16:58:57,buy,0.07,AUDCAD,0.89156,22/08/2025 17:02:28,0.89719,-0.35,-0.15,56.30,27.90,28.20,56.80,-6.21,-11.40,1031501,SMA Buy,48.06,2.00days
14/08/2025 04:57:08,buy,0.02,AUDUSD,0.65671,22/08/2025 17:02:28,0.64652,-0.10,-0.41,-101.90,-20.89,0.00,0.00,-30.93,-152.10,1031501,SMA Buy,204.09,8.50days
14/08/2025 09:57:47,buy,0.03,AUDUSD,0.65372,22/08/2025 17:02:27,0.64656,-0.15,-0.64,-71.60,-22.27,0.81,3.20,-37.45,-122.20,1031501,SMA Buy,199.08,8.29days
18/08/2025 17:47:56,buy,0.07,AUDUSD,0.64862,22/08/2025 17:02:26,0.64663,-0.35,-1.09,-19.90,-15.37,5.98,9.30,-51.28,-71.20,1031501,SMA Buy,95.24,3.97days
14/08/2025 15:30:32,buy,0.05,AUDUSD,0.65065,22/08/2025 17:02:26,0.64656,-0.25,-1.04,-40.90,-21.74,7.34,15.70,-47.04,-91.50,1031501,SMA Buy,193.53,8.06days
20/08/2025 04:28:56,buy,0.15,AUDUSD,0.64460,22/08/2025 17:02:25,0.64663,-0.75,-1.57,20.30,28.13,28.13,20.30,-48.82,-31.00,1031501,SMA Buy,60.56,2.52days
19/08/2025 17:40:37,buy,0.10,AUDUSD,0.64660,22/08/2025 17:02:25,0.64663,-0.50,-1.31,0.30,-1.51,0.00,0.30,-52.81,-51.00,1031501,SMA Buy,71.36,2.97days
21/08/2025 16:51:15,buy,0.03,EURAUD,1.81016,22/08/2025 17:02:24,1.80432,-0.15,-0.31,-58.40,-11.79,0.31,2.40,-13.65,-68.40,1031501,SMA Buy,24.19,1.01days
20/08/2025 20:57:21,buy,0.02,EURAUD,1.81298,22/08/2025 17:02:24,1.80436,-0.10,-0.83,-86.20,-12.08,2.57,25.60,-13.35,-96.60,1031501,SMA Buy,44.08,1.84days
20/08/2025 11:30:45,buy,0.23,AUDUSD,0.64257,22/08/2025 17:02:24,0.64661,-1.15,-2.41,40.40,89.36,89.36,40.40,-28.17,-10.70,1031501,SMA Buy,53.53,2.23days
21/08/2025 17:13:50,buy,0.05,EURAUD,1.80812,22/08/2025 17:02:23,1.80432,-0.25,-0.51,-38.00,-13.04,1.93,6.80,-16.19,-48.00,1031501,SMA Buy,23.81,23.81hrs
22/08/2025 05:34:06,buy,0.07,EURAUD,1.80601,22/08/2025 17:02:22,1.80419,-0.35,0.00,-18.20,-8.59,8.29,19.20,-12.46,-26.90,1031501,SMA Buy,11.47,11.47hrs
13/08/2025 04:57:07,buy,0.02,EURCAD,1.60919,22/08/2025 17:02:22,1.61903,-0.10,-1.32,98.40,12.77,12.77,98.40,-4.17,-25.60,1031501,SMA Buy,228.09,9.50days
21/08/2025 23:30:03,sell,0.02,EURUSD,1.16057,22/08/2025 17:02:21,1.16695,-0.10,0.10,-63.80,-12.76,4.36,21.80,-12.76,-63.80,2031501,SMA Sell,17.54,17.54hrs
21/08/2025 16:49:54,buy,0.03,GBPAUD,2.09182,22/08/2025 17:02:20,2.08427,-0.15,-0.09,-75.50,-14.88,0.00,0.00,-14.88,-75.50,1031501,SMA Buy,24.21,1.01days
20/08/2025 17:00:01,buy,0.02,GBPAUD,2.09667,22/08/2025 17:02:20,2.08416,-0.10,-0.30,-125.10,-16.58,0.74,8.40,-16.58,-125.10,1031501,SMA Buy,48.04,2.00days
22/08/2025 05:19:20,buy,0.07,GBPAUD,2.08673,22/08/2025 17:02:19,2.08444,-0.35,0.00,-22.90,-10.71,14.79,33.70,-10.71,-22.90,1031501,SMA Buy,11.72,11.72hrs
21/08/2025 17:42:29,buy,0.05,GBPAUD,2.08977,22/08/2025 17:02:19,2.08424,-0.25,-0.16,-55.30,-18.29,1.42,5.20,-18.29,-55.30,1031501,SMA Buy,23.33,23.33hrs
13/08/2025 18:56:56,buy,0.02,GBPCAD,1.86793,22/08/2025 17:02:19,1.87040,-0.10,0.11,24.70,3.57,8.49,59.10,-7.43,-51.00,1031501,SMA Buy,214.09,8.92days
22/08/2025 07:50:27,buy,0.05,GBPCAD,1.86369,22/08/2025 17:02:18,1.87038,-0.25,0.00,66.90,23.86,24.43,68.50,-1.83,-4.40,1031501,SMA Buy,9.20,9.20hrs
18/08/2025 19:52:55,buy,0.03,GBPCAD,1.86591,22/08/2025 17:02:18,1.87040,-0.15,0.09,44.90,9.65,17.02,79.30,-6.85,-30.80,1031501,SMA Buy,93.16,3.88days
14/08/2025 18:40:32,buy,0.05,GBPUSD,1.35306,22/08/2025 17:02:17,1.34829,-0.25,-1.84,-47.70,-25.94,20.50,41.90,-72.19,-140.20,1031501,SMA Buy,190.36,7.93days
14/08/2025 15:30:29,buy,0.03,GBPUSD,1.35506,22/08/2025 17:02:17,1.34817,-0.15,-1.10,-68.90,-21.92,6.30,21.90,-49.31,-160.20,1031501,SMA Buy,193.53,8.06days
13/08/2025 14:26:54,buy,0.02,GBPUSD,1.35708,22/08/2025 17:02:17,1.34817,-0.10,-0.97,-89.10,-18.89,4.22,22.80,-37.15,-180.40,1031501,SMA Buy,218.59,9.11days
20/08/2025 05:04:22,buy,0.15,GBPUSD,1.34691,22/08/2025 17:02:16,1.34819,-0.75,-3.12,12.80,15.33,55.80,37.70,-121.92,-78.70,1031501,SMA Buy,59.97,2.50days
19/08/2025 04:29:41,buy,0.10,GBPUSD,1.34890,22/08/2025 17:02:16,1.34819,-0.50,-2.48,-7.10,-10.08,39.50,40.00,-101.58,-98.60,1031501,SMA Buy,84.54,3.52days
18/08/2025 19:50:35,buy,0.07,GBPUSD,1.35097,22/08/2025 17:02:16,1.34824,-0.35,-2.02,-27.30,-21.48,12.88,19.30,-85.88,-119.30,1031501,SMA Buy,93.19,3.88days
20/08/2025 18:52:21,buy,0.23,GBPUSD,1.34489,22/08/2025 17:02:15,1.34815,-1.15,-4.79,32.60,69.04,69.07,33.90,-140.49,-58.50,1031501,SMA Buy,46.16,1.92days
21/08/2025 18:17:19,buy,0.51,GBPUSD,1.34097,22/08/2025 17:02:14,1.34845,-2.55,-2.11,74.80,376.82,376.82,74.80,-103.09,-19.30,1031501,SMA Buy,22.75,22.75hrs
21/08/2025 16:45:40,buy,0.34,GBPUSD,1.34298,22/08/2025 17:02:14,1.34859,-1.70,-1.40,56.10,187.64,187.64,56.10,-137.06,-39.40,1031501,SMA Buy,24.28,1.01days
22/08/2025 17:01:34,buy,0.03,USDCAD,1.38780,22/08/2025 17:02:13,1.38767,-0.15,0.00,-1.30,-0.43,0.00,0.00,-0.43,-1.30,1031501,SMA Buy,0.01,0.01hrs
22/08/2025 17:00:53,sell,0.03,EURUSD,1.16514,22/08/2025 17:02:13,1.16680,-0.15,0.00,-16.60,-5.13,0.00,0.00,-5.13,-16.60,2031501,SMA Sell,0.02,0.02hrs
21/08/2025 22:00:00,buy,0.02,USDCAD,1.38995,22/08/2025 17:02:13,1.38760,-0.10,0.18,-23.50,-3.31,3.56,24.20,-3.31,-23.50,1031501,SMA Buy,19.04,19.04hrs
15/08/2025 17:00:09,buy,0.02,USDCAD,1.38033,21/08/2025 20:46:38,1.38930,-0.10,0.24,89.70,13.05,15.07,103.80,-2.71,-18.40,1031501,SMA Buy,147.77,6.16days
19/08/2025 20:57:14,buy,0.02,EURAUD,1.80466,20/08/2025 18:00:27,1.81353,-0.10,-0.21,88.70,11.10,12.83,102.20,-3.78,-26.90,1031501,SMA Buy,21.05,21.05hrs
15/08/2025 17:58:47,buy,0.03,GBPAUD,2.07957,19/08/2025 23:22:34,2.08921,-0.15,-0.24,96.40,18.27,21.04,110.70,-3.68,-16.90,1031501,SMA Buy,101.40,4.22days
14/08/2025 14:50:01,buy,0.02,GBPAUD,2.08189,19/08/2025 23:22:32,2.08921,-0.10,-0.24,73.20,9.11,10.95,87.50,-5.55,-40.10,1031501,SMA Buy,128.54,5.36days
18/08/2025 12:39:03,buy,0.03,EURAUD,1.79227,19/08/2025 19:18:43,1.80440,-0.15,-0.31,121.30,23.06,26.03,136.60,-0.95,-4.10,1031501,SMA Buy,30.66,1.28days
15/08/2025 08:57:18,buy,0.02,EURAUD,1.79447,19/08/2025 19:18:43,1.80440,-0.10,-0.42,99.30,12.32,14.29,114.60,-3.71,-26.10,1031501,SMA Buy,106.36,4.43days
13/08/2025 09:44:01,buy,0.03,GBPAUD,2.06552,14/08/2025 13:50:01,2.08002,-0.15,-0.37,145.00,27.88,30.10,156.30,-1.74,-8.10,1031501,SMA Buy,28.10,1.17days
12/08/2025 12:57:22,buy,0.02,GBPAUD,2.07349,14/08/2025 13:50:00,2.08002,-0.10,-0.33,65.30,8.10,9.57,76.60,-11.67,-87.80,1031501,SMA Buy,48.88,2.04days
12/08/2025 20:57:13,buy,0.02,GBPCAD,1.85998,13/08/2025 17:56:56,1.86774,-0.10,0.01,77.60,11.19,13.03,90.30,-2.86,-19.10,1031501,SMA Buy,21.00,21.00hrs
13/08/2025 08:57:10,buy,0.02,GBPUSD,1.35065,13/08/2025 13:26:51,1.35686,-0.10,0.00,62.10,12.32,14.06,70.80,-0.04,0.00,1031501,SMA Buy,4.49,4.49hrs
11/08/2025 20:57:09,buy,0.02,GBPCAD,1.85052,12/08/2025 15:30:49,1.85783,-0.10,0.01,73.10,10.51,10.51,73.10,-1.77,-11.60,1031501,SMA Buy,18.56,18.56hrs
08/08/2025 00:30:41,buy,0.02,AUDUSD,0.65208,11/08/2025 17:10:40,0.65086,-0.10,-0.04,-12.20,-2.58,2.60,13.50,-3.88,-18.70,1031501,SMA Buy,88.67,3.69days
07/08/2025 10:46:53,sell,0.03,AUDCAD,0.89623,11/08/2025 17:10:40,0.89732,-0.15,-0.28,-10.90,-2.81,5.93,27.90,-4.31,-17.80,2031501,SMA Sell,102.40,4.27days
01/08/2025 15:33:11,sell,0.02,AUDCAD,0.89422,11/08/2025 17:10:40,0.89732,-0.10,-0.69,-31.00,-5.29,7.39,51.70,-6.29,-37.90,2031501,SMA Sell,241.62,10.07days
01/08/2025 15:53:32,sell,0.05,EURAUD,1.78281,11/08/2025 17:10:39,1.78352,-0.25,0.78,-7.10,-1.79,5.97,19.20,-39.65,-121.80,2031501,SMA Sell,241.29,10.05days
01/08/2025 15:46:11,sell,0.03,EURAUD,1.78081,11/08/2025 17:10:39,1.78354,-0.15,0.48,-27.30,-5.00,0.00,0.00,-27.67,-141.80,2031501,SMA Sell,241.41,10.06days
01/08/2025 15:33:05,sell,0.05,EURAUD,1.77882,11/08/2025 17:10:39,1.78354,-0.25,0.78,-47.20,-14.83,0.00,0.00,-52.56,-161.70,2031501,SMA Sell,241.63,10.07days
01/08/2025 17:00:11,sell,0.15,EURAUD,1.78864,11/08/2025 17:10:38,1.78345,-0.75,2.35,51.90,52.27,59.91,61.60,-62.38,-63.50,2031501,SMA Sell,240.17,10.01days
01/08/2025 16:42:30,sell,0.10,EURAUD,1.78684,11/08/2025 17:10:38,1.78355,-0.50,1.56,32.90,22.47,28.25,43.60,-53.23,-81.50,2031501,SMA Sell,240.47,10.02days
01/08/2025 16:32:44,sell,0.07,EURAUD,1.78482,11/08/2025 17:10:38,1.78355,-0.35,1.11,12.70,6.55,10.61,23.40,-46.41,-101.70,2031501,SMA Sell,240.63,10.03days
07/08/2025 02:40:29,sell,0.34,EURAUD,1.79361,11/08/2025 17:10:37,1.78350,-1.70,1.53,101.10,223.57,234.69,106.20,-19.82,-8.20,2031501,SMA Sell,110.50,4.60days
04/08/2025 20:47:59,sell,0.23,EURAUD,1.79071,11/08/2025 17:10:37,1.78353,-1.15,3.61,71.80,109.95,122.79,82.30,-54.20,-37.20,2031501,SMA Sell,164.38,6.85days
07/08/2025 14:13:59,buy,0.03,EURCAD,1.60024,11/08/2025 17:10:36,1.60006,-0.15,-0.36,-1.80,-0.90,9.99,48.10,-7.23,-31.60,1031501,SMA Buy,98.94,4.12days
07/08/2025 01:11:57,buy,0.02,EURCAD,1.60276,11/08/2025 17:10:36,1.60007,-0.10,-0.24,-26.90,-4.25,2.99,22.90,-8.49,-56.80,1031501,SMA Buy,111.98,4.67days
07/08/2025 18:04:44,buy,0.05,EURCAD,1.59812,11/08/2025 17:10:35,1.60003,-0.25,-0.60,19.10,6.07,24.35,69.30,-4.34,-10.40,1031501,SMA Buy,95.10,3.96days
01/08/2025 15:37:08,sell,0.03,EURUSD,1.15164,11/08/2025 17:10:35,1.16063,-0.15,1.13,-89.90,-25.99,0.00,0.00,-52.10,-176.00,2031501,SMA Sell,241.56,10.06days
01/08/2025 15:33:00,sell,0.05,EURUSD,1.14963,11/08/2025 17:10:35,1.16063,-0.25,1.91,-110.00,-53.34,0.00,0.00,-96.87,-196.10,2031501,SMA Sell,241.63,10.07days
01/08/2025 16:35:01,sell,0.10,EURUSD,1.15770,11/08/2025 17:10:34,1.16063,-0.50,3.83,-29.30,-25.97,56.60,57.10,-113.03,-115.40,2031501,SMA Sell,240.59,10.02days
01/08/2025 15:53:43,sell,0.07,EURUSD,1.15570,11/08/2025 17:10:34,1.16063,-0.35,2.65,-49.30,-32.21,25.62,37.10,-93.14,-135.40,2031501,SMA Sell,241.28,10.05days
01/08/2025 15:46:08,sell,0.05,EURUSD,1.15367,11/08/2025 17:10:34,1.16063,-0.25,1.91,-69.60,-33.14,8.15,16.80,-76.67,-155.70,2031501,SMA Sell,241.41,10.06days
07/08/2025 07:02:44,sell,0.34,EURUSD,1.16670,11/08/2025 17:10:33,1.16060,-1.70,3.24,61.00,208.94,208.94,61.00,-88.06,-25.40,2031501,SMA Sell,106.13,4.42days
06/08/2025 15:47:44,sell,0.23,EURUSD,1.16177,11/08/2025 17:10:33,1.16060,-1.15,5.46,11.70,31.22,31.22,11.70,-169.68,-74.70,2031501,SMA Sell,121.38,5.06days
06/08/2025 13:08:30,sell,0.15,EURUSD,1.15974,11/08/2025 17:10:33,1.16062,-0.75,3.56,-8.80,-10.39,4.80,3.70,-141.11,-95.00,2031501,SMA Sell,124.03,5.17days
08/08/2025 12:00:00,buy,0.02,GBPAUD,2.06075,11/08/2025 17:10:32,2.06064,-0.10,-0.08,-1.10,-0.32,5.87,46.40,-4.03,-30.10,1031501,SMA Buy,77.18,3.22days
07/08/2025 10:47:30,sell,0.51,EURUSD,1.16871,11/08/2025 17:10:32,1.16060,-2.55,4.86,81.10,415.92,415.92,81.10,-29.58,-5.30,2031501,SMA Sell,102.38,4.27days
01/08/2025 19:00:00,sell,0.02,GBPCAD,1.82691,11/08/2025 17:10:32,1.84910,-0.10,-1.62,-221.90,-33.90,3.00,21.40,-40.79,-268.90,2031501,SMA Sell,238.18,9.92days
04/08/2025 14:14:41,sell,0.05,GBPCAD,1.83356,11/08/2025 17:10:31,1.84907,-0.25,-3.52,-155.10,-60.02,16.48,47.40,-77.29,-202.40,2031501,SMA Sell,170.93,7.12days
04/08/2025 12:12:58,sell,0.03,GBPCAD,1.83146,11/08/2025 17:10:31,1.84912,-0.15,-2.13,-176.60,-40.71,5.31,26.40,-50.97,-223.40,2031501,SMA Sell,172.96,7.21days
07/08/2025 14:09:59,sell,0.15,GBPCAD,1.84314,11/08/2025 17:10:30,1.84910,-0.75,-2.96,-59.60,-68.55,19.99,19.00,-119.88,-106.60,2031501,SMA Sell,99.01,4.13days
07/08/2025 14:00:31,sell,0.10,GBPCAD,1.84114,11/08/2025 17:10:30,1.84911,-0.50,-1.98,-79.70,-60.29,0.00,0.00,-94.46,-126.60,2031501,SMA Sell,99.17,4.13days
06/08/2025 18:56:22,sell,0.07,GBPCAD,1.83554,11/08/2025 17:10:30,1.84910,-0.35,-3.45,-135.60,-72.65,5.17,14.90,-96.66,-182.60,2031501,SMA Sell,118.24,4.93days
08/08/2025 18:19:38,sell,0.51,GBPCAD,1.84957,11/08/2025 17:10:29,1.84910,-2.55,-5.03,4.70,9.81,29.34,8.60,-164.31,-42.30,2031501,SMA Sell,70.85,2.95days
08/08/2025 15:30:07,sell,0.34,GBPCAD,1.84757,11/08/2025 17:10:29,1.84911,-1.70,-3.35,-15.40,-43.03,24.74,10.70,-158.94,-62.30,2031501,SMA Sell,73.67,3.07days
07/08/2025 15:14:01,sell,0.23,GBPCAD,1.84505,11/08/2025 17:10:29,1.84911,-1.15,-4.54,-40.60,-73.42,35.18,21.70,-151.90,-87.50,2031501,SMA Sell,97.94,4.08days
11/08/2025 07:59:38,sell,0.77,GBPCAD,1.85157,11/08/2025 17:10:28,1.84911,-3.85,0.00,24.60,133.53,135.32,24.90,-128.60,-22.30,2031501,SMA Sell,9.18,9.18hrs
07/08/2025 15:00:41,buy,0.02,GBPUSD,1.34125,11/08/2025 17:10:28,1.34115,-0.10,-0.12,-1.00,-0.42,12.36,62.90,-4.46,-21.80,1031501,SMA Buy,98.16,4.09days
07/08/2025 05:00:00,buy,0.02,GBPUSD,1.33549,07/08/2025 14:00:40,1.34102,-0.10,0.00,55.30,10.96,10.96,55.30,-1.30,-6.00,1031501,SMA Buy,9.01,9.01hrs
05/08/2025 15:38:17,buy,0.03,EURCAD,1.59113,06/08/2025 22:49:46,1.60167,-0.15,-0.18,105.40,22.68,25.66,119.10,-1.93,-8.20,1031501,SMA Buy,31.19,1.30days
05/08/2025 12:30:18,buy,0.02,EURCAD,1.59303,06/08/2025 22:49:44,1.60167,-0.10,-0.12,86.40,12.35,14.34,100.10,-4.05,-27.20,1031501,SMA Buy,34.32,1.43days
25/07/2025 10:00:01,buy,0.02,AUDCAD,0.89878,01/08/2025 15:33:09,0.89417,-0.10,0.03,-46.10,-6.73,3.52,24.70,-15.51,-106.70,1031501,SMA Buy,173.55,7.23days
30/07/2025 15:57:13,buy,0.07,AUDCAD,0.89272,01/08/2025 15:33:08,0.89416,-0.35,0.00,14.40,6.94,7.37,15.20,-23.70,-46.10,1031501,SMA Buy,47.60,1.98days
29/07/2025 09:50:02,buy,0.05,AUDCAD,0.89469,01/08/2025 15:33:08,0.89419,-0.25,0.02,-5.00,-2.03,12.45,34.90,-24.04,-65.80,1031501,SMA Buy,77.72,3.24days
28/07/2025 10:31:27,buy,0.03,AUDCAD,0.89669,01/08/2025 15:33:08,0.89420,-0.15,0.02,-24.90,-5.53,3.12,14.90,-18.76,-85.80,1031501,SMA Buy,101.03,4.21days
30/07/2025 21:58:10,buy,0.15,AUDCAD,0.88869,01/08/2025 15:33:07,0.89420,-0.75,0.01,55.10,59.02,59.50,55.50,-7.05,-5.80,1031501,SMA Buy,41.58,1.73days
30/07/2025 16:58:06,buy,0.10,AUDCAD,0.89073,01/08/2025 15:33:07,0.89417,-0.50,0.01,34.40,24.38,24.92,35.10,-19.46,-26.20,1031501,SMA Buy,46.58,1.94days
31/07/2025 09:24:12,sell,0.03,AUDUSD,0.64752,01/08/2025 15:33:06,0.64662,-0.15,-0.01,9.00,2.54,16.55,55.70,0.00,0.00,2031501,SMA Sell,30.15,1.26days
30/07/2025 18:13:13,sell,0.02,AUDUSD,0.64547,01/08/2025 15:33:06,0.64662,-0.10,-0.04,-11.50,-2.44,6.90,35.20,-3.63,-17.50,2031501,SMA Sell,45.33,1.89days
29/07/2025 09:00:06,sell,0.02,EURAUD,1.77451,01/08/2025 15:33:06,1.77876,-0.10,0.28,-42.50,-5.32,9.04,68.90,-6.59,-52.20,2031501,SMA Sell,78.55,3.27days
31/07/2025 17:53:24,sell,0.05,EURAUD,1.77859,01/08/2025 15:33:05,1.77905,-0.25,0.12,-4.60,-1.62,16.00,50.10,-3.92,-11.40,2031501,SMA Sell,21.66,21.66hrs
30/07/2025 04:30:31,sell,0.03,EURAUD,1.77662,01/08/2025 15:33:05,1.77899,-0.15,0.33,-23.70,-4.42,17.57,90.00,-5.89,-31.10,2031501,SMA Sell,59.04,2.46days
25/07/2025 08:00:02,buy,0.02,EURCAD,1.60360,01/08/2025 15:33:05,1.59085,-0.10,-0.82,-127.50,-19.36,11.32,79.00,-40.26,-272.00,1031501,SMA Buy,175.55,7.31days
29/07/2025 09:34:33,buy,0.07,EURCAD,1.58863,01/08/2025 15:33:04,1.59092,-0.35,-2.10,22.90,9.14,21.95,43.80,-64.35,-122.30,1031501,SMA Buy,77.98,3.25days
29/07/2025 07:09:04,buy,0.05,EURCAD,1.59086,01/08/2025 15:33:04,1.59106,-0.25,-1.50,2.00,-1.03,7.57,21.50,-54.03,-144.60,1031501,SMA Buy,80.40,3.35days
28/07/2025 12:35:51,buy,0.03,EURCAD,1.60157,01/08/2025 15:33:04,1.59103,-0.15,-1.07,-105.40,-24.08,0.75,4.10,-55.82,-251.70,1031501,SMA Buy,98.95,4.12days
30/07/2025 15:47:45,buy,0.15,EURCAD,1.58452,01/08/2025 15:33:03,1.59045,-0.75,-3.63,59.30,59.94,59.94,59.30,-92.45,-81.20,1031501,SMA Buy,47.76,1.99days
29/07/2025 09:55:23,buy,0.10,EURCAD,1.58659,01/08/2025 15:33:03,1.59046,-0.50,-2.99,38.70,24.49,40.21,56.80,-77.17,-101.90,1031501,SMA Buy,77.63,3.23days
30/07/2025 21:57:51,buy,0.34,EURCAD,1.57933,01/08/2025 15:33:02,1.59032,-1.70,-8.24,109.90,260.22,260.22,109.90,-81.97,-29.30,1031501,SMA Buy,41.59,1.73days
30/07/2025 16:58:36,buy,0.23,EURCAD,1.58247,01/08/2025 15:33:02,1.59048,-1.15,-5.57,80.10,126.48,126.48,80.10,-107.67,-60.70,1031501,SMA Buy,46.57,1.94days
31/07/2025 09:24:09,sell,0.03,EURUSD,1.14507,01/08/2025 15:33:01,1.14974,-0.15,0.14,-46.70,-14.02,17.12,57.10,-14.02,-46.70,2031501,SMA Sell,30.15,1.26days
31/07/2025 05:00:00,sell,0.02,EURUSD,1.14304,01/08/2025 15:33:01,1.14974,-0.10,0.10,-67.00,-13.40,7.36,36.80,-13.40,-67.00,2031501,SMA Sell,34.55,1.44days
30/07/2025 10:20:31,sell,0.05,GBPAUD,2.05418,01/08/2025 15:33:00,2.04731,-0.25,-1.41,68.70,20.55,21.45,72.00,-26.10,-79.70,2031501,SMA Sell,53.21,2.22days
29/07/2025 14:57:43,sell,0.03,GBPAUD,2.05218,01/08/2025 15:33:00,2.04739,-0.15,-1.01,47.90,8.13,11.68,60.60,-19.71,-99.70,2031501,SMA Sell,72.59,3.02days
29/07/2025 12:57:12,sell,0.02,GBPAUD,2.04985,01/08/2025 15:33:00,2.04738,-0.10,-0.67,24.70,2.43,4.76,37.30,-16.17,-123.00,2031501,SMA Sell,74.60,3.11days
01/08/2025 04:57:11,sell,0.02,GBPCAD,1.82876,01/08/2025 15:32:59,1.83046,-0.10,0.00,-17.00,-2.55,6.90,48.60,-3.75,-25.30,2031501,SMA Sell,10.60,10.60hrs
30/07/2025 12:26:55,sell,0.10,GBPAUD,2.05819,01/08/2025 15:32:59,2.04726,-0.50,-2.81,109.30,67.34,68.66,112.10,-26.19,-39.60,2031501,SMA Sell,51.10,2.13days
30/07/2025 11:20:20,sell,0.07,GBPAUD,2.05619,01/08/2025 15:32:59,2.04726,-0.35,-1.97,89.30,38.08,39.07,92.10,-27.42,-59.60,2031501,SMA Sell,52.21,2.18days
01/08/2025 09:40:09,sell,0.03,GBPCAD,1.83097,01/08/2025 15:32:58,1.83037,-0.15,0.00,6.00,1.16,15.13,70.70,-0.84,-3.20,2031501,SMA Sell,5.88,5.88hrs
01/08/2025 00:22:34,sell,0.02,GBPUSD,1.32062,01/08/2025 15:32:58,1.32333,-0.10,0.00,-27.10,-5.52,12.86,64.80,-5.52,-27.10,2031501,SMA Sell,15.17,15.17hrs
01/08/2025 15:32:32,sell,0.03,GBPUSD,1.32314,01/08/2025 15:32:57,1.32334,-0.15,0.00,-2.00,-0.75,0.00,0.00,-0.75,-2.00,2031501,SMA Sell,0.01,0.01hrs
01/08/2025 15:31:17,sell,0.05,EURUSD,1.14725,01/08/2025 15:32:57,1.14943,-0.25,0.00,-21.80,-11.15,0.00,0.00,-11.15,-21.80,2031501,SMA Sell,0.03,0.03hrs
30/07/2025 16:57:18,buy,0.02,USDCAD,1.38110,01/08/2025 15:32:57,1.38313,-0.10,0.29,20.30,3.13,9.92,67.50,-1.62,-10.50,1031501,SMA Buy,46.59,1.94days
01/08/2025 15:32:36,sell,0.07,EURUSD,1.14965,01/08/2025 15:32:56,1.14933,-0.35,0.00,3.20,1.89,1.89,3.20,0.00,0.00,2031501,SMA Sell,0.01,0.01hrs
31/07/2025 09:27:50,sell,0.03,GBPUSD,1.32787,31/07/2025 17:14:26,1.31958,-0.15,0.00,82.90,24.72,27.03,90.60,-0.48,-1.10,2031501,SMA Sell,7.78,7.78hrs
30/07/2025 21:49:32,sell,0.02,GBPUSD,1.32587,31/07/2025 17:14:24,1.31959,-0.10,-0.13,62.80,12.33,13.89,70.60,-4.45,-21.10,2031501,SMA Sell,19.41,19.41hrs
30/07/2025 16:38:10,sell,0.02,EURUSD,1.14690,31/07/2025 01:03:24,1.14166,-0.10,0.29,52.40,10.67,13.03,64.20,-5.02,-24.60,2031501,SMA Sell,8.42,8.42hrs
28/07/2025 19:16:28,buy,0.15,GBPUSD,1.33808,30/07/2025 21:49:31,1.32573,-0.75,-0.94,-123.50,-186.94,2.81,3.00,-186.94,-123.50,1031501,SMA Buy,50.55,2.11days
25/07/2025 15:48:46,buy,0.07,GBPUSD,1.34249,30/07/2025 21:49:31,1.32581,-0.35,-0.66,-166.80,-117.77,17.91,26.40,-117.77,-166.80,1031501,SMA Buy,126.01,5.25days
25/07/2025 10:51:52,buy,0.03,GBPUSD,1.34675,30/07/2025 21:49:30,1.32574,-0.15,-0.27,-210.10,-63.45,1.65,6.00,-63.45,-210.10,1031501,SMA Buy,130.96,5.46days
30/07/2025 16:56:52,buy,1.15,GBPUSD,1.32782,30/07/2025 21:49:29,1.32582,-5.75,0.00,-20.00,-235.75,272.55,24.20,-235.75,-20.00,1031501,SMA Buy,4.88,4.88hrs
30/07/2025 16:12:25,buy,0.77,GBPUSD,1.32995,30/07/2025 21:49:29,1.32579,-3.85,0.00,-41.60,-324.17,18.48,2.90,-324.17,-41.60,1031501,SMA Buy,5.62,5.62hrs
29/07/2025 10:30:17,buy,0.51,GBPUSD,1.33196,30/07/2025 21:49:28,1.32578,-2.55,-1.60,-61.80,-319.33,323.27,64.20,-319.33,-61.80,1031501,SMA Buy,35.32,1.47days
29/07/2025 07:16:59,buy,0.34,GBPUSD,1.33400,30/07/2025 21:49:27,1.32578,-1.70,-1.07,-82.20,-282.25,146.15,43.80,-282.25,-82.20,1031501,SMA Buy,38.54,1.61days
28/07/2025 20:49:08,buy,0.23,GBPUSD,1.33607,30/07/2025 21:49:26,1.32577,-1.15,-1.44,-103.00,-239.49,50.54,23.10,-239.49,-103.00,1031501,SMA Buy,49.01,2.04days
28/07/2025 18:38:37,buy,0.10,GBPUSD,1.34010,30/07/2025 21:49:26,1.32576,-0.50,-0.62,-143.40,-144.52,0.00,0.00,-144.52,-143.40,1031501,SMA Buy,51.18,2.13days
25/07/2025 14:22:34,buy,0.05,GBPUSD,1.34450,30/07/2025 21:49:25,1.32574,-0.25,-0.48,-187.60,-94.53,4.30,9.10,-94.53,-187.60,1031501,SMA Buy,127.45,5.31days
25/07/2025 07:42:35,buy,0.03,GBPUSD,1.34879,30/07/2025 21:49:24,1.32570,-0.15,-0.27,-230.90,-69.69,3.87,13.40,-69.69,-230.90,1031501,SMA Buy,134.11,5.59days
28/07/2025 22:30:03,sell,0.02,AUDUSD,0.65156,30/07/2025 17:13:08,0.64597,-0.10,-0.02,55.90,11.06,12.60,63.60,-2.93,-14.10,2031501,SMA Sell,42.72,1.78days
28/07/2025 03:00:01,buy,0.02,USDCAD,1.37033,30/07/2025 15:47:44,1.37906,-0.10,0.12,87.30,12.68,14.65,101.00,-2.06,-13.40,1031501,SMA Buy,60.80,2.53days
30/07/2025 03:31:29,sell,0.03,EURUSD,1.15621,30/07/2025 15:38:07,1.14930,-0.15,0.00,69.10,20.58,21.93,73.60,-2.85,-9.00,2031501,SMA Sell,12.11,12.11hrs
29/07/2025 17:22:52,sell,0.02,EURUSD,1.15365,30/07/2025 15:38:06,1.14917,-0.10,0.10,44.80,8.96,9.60,48.00,-6.92,-34.60,2031501,SMA Sell,22.25,22.25hrs
29/07/2025 00:15:12,sell,0.02,EURUSD,1.15908,29/07/2025 16:22:48,1.15295,-0.10,0.00,61.30,12.16,13.70,69.00,-1.70,-8.00,2031501,SMA Sell,16.13,16.13hrs
25/07/2025 07:42:46,sell,0.02,GBPAUD,2.05284,28/07/2025 04:13:43,2.04413,-0.10,-0.11,87.10,11.25,13.05,100.70,-0.81,-5.40,2031501,SMA Sell,68.52,2.85days
18/07/2025 11:19:35,sell,0.05,AUDCAD,0.89476,25/07/2025 07:42:50,0.89779,-0.25,-1.76,-30.30,-13.10,14.70,42.30,-24.57,-62.10,2031501,SMA Sell,164.39,6.85days
18/07/2025 03:05:28,sell,0.03,AUDCAD,0.89275,25/07/2025 07:42:50,0.89779,-0.15,-1.06,-50.40,-12.27,4.42,22.20,-19.18,-82.20,2031501,SMA Sell,172.62,7.19days
17/07/2025 04:57:10,sell,0.02,AUDCAD,0.89029,25/07/2025 07:42:50,0.89779,-0.10,-0.81,-75.00,-11.89,3.57,25.20,-16.50,-106.80,2031501,SMA Sell,194.76,8.12days
18/07/2025 16:24:18,sell,0.05,AUDUSD,0.65382,25/07/2025 07:42:49,0.65705,-0.25,-0.20,-32.30,-16.60,16.80,34.10,-43.42,-86.00,2031501,SMA Sell,159.31,6.64days
18/07/2025 11:05:34,sell,0.03,AUDUSD,0.65178,25/07/2025 07:42:49,0.65705,-0.15,-0.13,-52.70,-16.09,3.96,13.70,-32.18,-106.40,2031501,SMA Sell,164.62,6.86days
17/07/2025 04:57:13,sell,0.02,AUDUSD,0.64976,25/07/2025 07:42:49,0.65705,-0.10,-0.08,-72.90,-14.76,8.28,41.90,-25.49,-126.60,2031501,SMA Sell,194.76,8.12days
22/07/2025 20:00:01,buy,0.02,EURAUD,1.79399,25/07/2025 07:42:48,1.78631,-0.10,-1.09,-76.80,-11.29,0.00,0.00,-25.97,-189.10,1031501,SMA Buy,59.71,2.49days
18/07/2025 03:20:11,sell,0.03,EURCAD,1.59627,25/07/2025 07:42:48,1.60376,-0.15,-0.36,-74.90,-16.95,8.41,39.40,-21.48,-95.60,2031501,SMA Sell,172.38,7.18days
16/07/2025 20:57:23,sell,0.02,EURCAD,1.59425,25/07/2025 07:42:48,1.60381,-0.10,-0.42,-95.60,-14.51,6.97,49.30,-17.45,-115.80,2031501,SMA Sell,202.76,8.45days
21/07/2025 18:15:35,sell,0.10,EURCAD,1.60273,25/07/2025 07:42:47,1.60376,-0.50,-1.07,-10.30,-9.10,75.74,104.00,-24.11,-31.00,2031501,SMA Sell,85.45,3.56days
21/07/2025 17:15:08,sell,0.07,EURCAD,1.60054,25/07/2025 07:42:47,1.60376,-0.35,-0.73,-32.20,-17.57,41.74,82.10,-28.10,-52.90,2031501,SMA Sell,86.46,3.60days
18/07/2025 15:13:58,sell,0.05,EURCAD,1.59852,25/07/2025 07:42:47,1.60376,-0.25,-0.63,-52.40,-20.05,22.28,61.90,-27.58,-73.10,2031501,SMA Sell,160.48,6.69days
17/07/2025 09:00:02,sell,0.02,EURUSD,1.16165,25/07/2025 07:42:47,1.17364,-0.10,0.79,-119.90,-23.29,9.12,46.10,-33.31,-169.50,2031501,SMA Sell,190.71,7.95days
21/07/2025 17:04:44,sell,0.07,EURUSD,1.16789,25/07/2025 07:42:46,1.17362,-0.35,1.99,-57.30,-38.47,2.03,3.40,-73.66,-107.10,2031501,SMA Sell,86.63,3.61days
18/07/2025 15:13:35,sell,0.05,EURUSD,1.16577,25/07/2025 07:42:46,1.17370,-0.25,1.67,-79.30,-38.23,19.45,39.40,-62.97,-128.30,2031501,SMA Sell,160.49,6.69days
18/07/2025 11:04:21,sell,0.03,EURUSD,1.16367,25/07/2025 07:42:46,1.17370,-0.15,0.99,-100.30,-29.25,5.37,18.40,-44.09,-149.30,2031501,SMA Sell,164.64,6.86days
22/07/2025 18:36:13,sell,0.23,EURUSD,1.17400,25/07/2025 07:42:45,1.17358,-1.15,5.46,4.20,13.97,60.20,26.20,-102.58,-46.00,2031501,SMA Sell,61.11,2.55days
22/07/2025 17:54:13,sell,0.15,EURUSD,1.17194,25/07/2025 07:42:45,1.17358,-0.75,3.56,-16.40,-21.79,8.36,5.60,-97.80,-66.60,2031501,SMA Sell,61.81,2.58days
21/07/2025 18:03:16,sell,0.10,EURUSD,1.16994,25/07/2025 07:42:45,1.17359,-0.50,2.87,-36.50,-34.13,17.78,17.80,-84.71,-86.60,2031501,SMA Sell,85.66,3.57days
22/07/2025 19:30:26,sell,0.34,EURUSD,1.17607,25/07/2025 07:42:44,1.17358,-1.70,8.10,24.90,91.06,159.38,46.90,-81.24,-25.30,2031501,SMA Sell,60.20,2.51days
18/07/2025 11:20:19,buy,0.03,GBPAUD,2.06181,25/07/2025 07:42:44,2.05297,-0.15,-0.70,-88.40,-18.27,19.22,100.20,-33.18,-163.30,1031501,SMA Buy,164.37,6.85days
18/07/2025 08:00:01,buy,0.02,GBPAUD,2.06576,25/07/2025 07:42:44,2.05298,-0.10,-0.48,-127.80,-17.37,7.66,60.70,-27.36,-202.80,1031501,SMA Buy,167.71,6.99days
17/07/2025 11:46:00,sell,0.07,GBPCAD,1.84157,25/07/2025 07:42:43,1.84312,-0.35,-5.98,-15.50,-14.26,14.05,33.70,-40.77,-70.10,2031501,SMA Sell,187.95,7.83days
17/07/2025 10:13:58,sell,0.05,GBPCAD,1.83955,25/07/2025 07:42:43,1.84312,-0.25,-4.27,-35.70,-17.59,2.59,13.50,-36.55,-90.30,2031501,SMA Sell,189.48,7.89days
17/07/2025 09:02:01,sell,0.03,GBPCAD,1.83747,25/07/2025 07:42:43,1.84312,-0.15,-2.56,-56.50,-15.12,2.54,12.30,-26.51,-111.10,2031501,SMA Sell,190.68,7.94days
17/07/2025 01:42:30,sell,0.02,GBPCAD,1.83547,25/07/2025 07:42:43,1.84312,-0.10,-1.69,-76.50,-12.99,0.00,0.00,-20.60,-131.10,2031501,SMA Sell,198.00,8.25days
18/07/2025 04:52:49,sell,0.15,GBPCAD,1.84591,25/07/2025 07:42:42,1.84327,-0.75,-11.22,26.40,17.00,79.63,77.10,-37.93,-26.70,2031501,SMA Sell,170.83,7.12days
17/07/2025 16:00:01,buy,0.02,USDCAD,1.37597,25/07/2025 07:42:42,1.36656,-0.10,0.60,-94.10,-13.27,0.42,3.60,-26.83,-183.90,1031501,SMA Buy,183.71,7.65days
17/07/2025 13:58:46,sell,0.10,GBPCAD,1.84386,25/07/2025 07:42:42,1.84325,-0.50,-8.53,6.10,-4.57,36.94,56.60,-41.40,-47.20,2031501,SMA Sell,185.73,7.74days
18/07/2025 16:23:35,buy,0.07,USDCAD,1.36981,25/07/2025 07:42:41,1.36656,-0.35,1.47,-32.50,-15.53,18.00,36.00,-62.78,-122.30,1031501,SMA Buy,159.32,6.64days
18/07/2025 13:57:19,buy,0.05,USDCAD,1.37193,25/07/2025 07:42:41,1.36656,-0.25,1.05,-53.70,-18.85,5.14,14.80,-52.65,-143.50,1031501,SMA Buy,161.76,6.74days
18/07/2025 02:03:10,buy,0.03,USDCAD,1.37397,25/07/2025 07:42:41,1.36656,-0.15,0.63,-74.10,-15.79,0.42,2.60,-36.10,-163.90,1031501,SMA Buy,173.66,7.24days
22/07/2025 18:55:38,buy,0.34,USDCAD,1.36170,25/07/2025 07:42:40,1.36656,-1.70,5.08,48.60,124.30,124.30,48.60,-103.86,-41.20,1031501,SMA Buy,60.78,2.53days
22/07/2025 17:51:26,buy,0.23,USDCAD,1.36370,25/07/2025 07:42:40,1.36656,-1.15,3.44,28.60,50.43,50.43,28.60,-104.14,-61.20,1031501,SMA Buy,61.85,2.58days
22/07/2025 17:32:56,buy,0.15,USDCAD,1.36577,25/07/2025 07:42:40,1.36656,-0.75,2.24,7.90,10.16,10.16,7.90,-90.79,-81.90,1031501,SMA Buy,62.16,2.59days
22/07/2025 13:01:01,buy,0.10,USDCAD,1.36778,25/07/2025 07:42:40,1.36656,-0.50,1.49,-12.20,-7.94,2.35,3.90,-75.33,-102.00,1031501,SMA Buy,66.69,2.78days
23/07/2025 04:46:55,buy,0.05,EURAUD,1.78876,25/07/2025 07:42:39,1.78641,-0.25,-2.17,-23.50,-10.13,2.96,10.20,-47.10,-136.80,1031501,SMA Buy,50.93,2.12days
23/07/2025 04:02:11,sell,0.07,AUDUSD,0.65581,25/07/2025 07:42:39,0.65694,-0.35,-0.15,-11.30,-8.41,0.84,1.70,-46.73,-66.10,2031501,SMA Sell,51.67,2.15days
23/07/2025 03:30:52,buy,0.03,EURAUD,1.79078,25/07/2025 07:42:39,1.78633,-0.15,-1.30,-44.50,-10.22,0.58,3.70,-32.27,-157.00,1031501,SMA Buy,52.20,2.17days
23/07/2025 11:35:22,buy,0.07,EURAUD,1.78273,25/07/2025 07:42:38,1.78640,-0.35,-3.04,36.70,13.48,15.82,41.80,-38.03,-76.50,1031501,SMA Buy,44.12,1.84days
23/07/2025 10:37:31,buy,0.51,USDCAD,1.35902,25/07/2025 07:42:38,1.36657,-2.55,6.09,75.50,285.30,285.30,75.50,-56.65,-14.40,1031501,SMA Buy,45.09,1.88days
23/07/2025 10:20:22,sell,0.10,AUDUSD,0.65778,25/07/2025 07:42:38,0.65694,-0.50,-0.20,8.40,7.70,9.60,10.30,-47.05,-46.40,2031501,SMA Sell,45.37,1.89days
23/07/2025 13:11:51,buy,0.07,GBPAUD,2.05507,25/07/2025 07:42:37,2.05304,-0.35,-0.93,-20.30,-10.61,24.87,54.70,-45.49,-95.90,1031501,SMA Buy,42.51,1.77days
23/07/2025 11:45:34,buy,0.02,GBPUSD,1.35413,25/07/2025 07:42:37,1.34874,-0.10,-0.25,-53.90,-11.13,8.89,45.90,-11.23,-54.40,1031501,SMA Buy,43.95,1.83days
23/07/2025 11:35:31,buy,0.05,GBPAUD,2.05712,25/07/2025 07:42:37,2.05304,-0.25,-0.67,-40.80,-14.32,11.01,34.20,-39.28,-116.40,1031501,SMA Buy,44.12,1.84days
23/07/2025 14:44:31,sell,0.15,AUDUSD,0.66002,25/07/2025 07:42:36,0.65694,-0.75,-0.31,30.80,45.14,47.99,32.70,-36.98,-24.00,2031501,SMA Sell,40.97,1.71days
23/07/2025 14:29:35,buy,0.10,GBPAUD,2.05306,25/07/2025 07:42:36,2.05304,-0.50,-1.32,-0.20,-1.95,48.76,74.80,-51.67,-75.80,1031501,SMA Buy,41.22,1.72days
23/07/2025 13:12:06,buy,0.10,EURAUD,1.78039,25/07/2025 07:42:36,1.78641,-0.50,-4.33,60.20,34.71,37.98,65.20,-38.85,-53.10,1031501,SMA Buy,42.51,1.77days
24/07/2025 06:09:02,sell,0.10,AUDCAD,0.89969,25/07/2025 07:42:35,0.89778,-0.50,-0.51,19.10,12.97,15.53,22.60,-9.90,-12.80,2031501,SMA Sell,25.56,1.06days
23/07/2025 17:41:25,sell,0.07,AUDCAD,0.89768,25/07/2025 07:42:35,0.89778,-0.35,-1.43,-1.00,-2.29,7.00,14.30,-18.34,-32.90,2031501,SMA Sell,38.02,1.58days
23/07/2025 14:45:49,buy,0.15,EURAUD,1.77706,25/07/2025 07:42:35,1.78639,-0.75,-6.50,93.30,84.68,89.77,98.50,-25.26,-19.80,1031501,SMA Buy,40.95,1.71days
24/07/2025 11:44:50,buy,0.23,GBPAUD,2.04734,25/07/2025 07:42:34,2.05303,-1.15,-0.76,56.90,84.06,91.88,62.10,-29.47,-18.60,1031501,SMA Buy,19.96,19.96hrs
24/07/2025 08:19:55,sell,0.23,AUDUSD,0.66213,25/07/2025 07:42:34,0.65694,-1.15,-0.12,51.90,118.10,122.47,53.80,-7.82,-2.90,2031501,SMA Sell,23.38,23.38hrs
24/07/2025 08:19:52,buy,0.15,GBPAUD,2.05084,25/07/2025 07:42:34,2.05305,-0.75,-0.50,22.10,20.53,25.44,27.10,-53.98,-53.60,1031501,SMA Buy,23.38,23.38hrs
25/07/2025 05:35:22,buy,0.05,GBPUSD,1.34930,25/07/2025 07:42:33,1.34880,-0.25,0.00,-5.00,-2.75,2.40,5.30,-3.30,-6.10,1031501,SMA Buy,2.12,2.12hrs
24/07/2025 19:01:00,buy,0.03,GBPUSD,1.35209,25/07/2025 07:42:33,1.34880,-0.15,-0.09,-32.90,-10.11,1.29,4.80,-10.44,-34.00,1031501,SMA Buy,12.69,12.69hrs
24/07/2025 17:04:19,sell,0.15,EURCAD,1.60471,25/07/2025 07:42:33,1.60389,-0.75,-0.26,8.20,7.99,26.79,25.00,-13.06,-11.20,2031501,SMA Sell,14.64,14.64hrs
24/07/2025 17:03:41,sell,0.51,EURUSD,1.17841,25/07/2025 07:42:33,1.17362,-2.55,2.43,47.90,244.17,249.78,49.00,-12.24,-1.90,2031501,SMA Sell,14.65,14.65hrs
22/07/2025 09:02:22,buy,0.03,GBPUSD,1.34688,23/07/2025 10:45:30,1.35391,-0.15,-0.09,70.30,20.85,23.52,79.20,-0.87,-2.40,1031501,SMA Buy,25.72,1.07days
22/07/2025 02:00:20,buy,0.02,GBPUSD,1.34890,23/07/2025 10:45:29,1.35384,-0.10,-0.06,49.40,9.72,11.64,59.00,-4.62,-22.60,1031501,SMA Buy,32.75,1.36days
18/07/2025 09:56:20,buy,0.03,EURAUD,1.78558,22/07/2025 14:25:27,1.79580,-0.15,-0.64,102.20,19.18,21.93,116.30,-7.47,-35.80,1031501,SMA Buy,100.49,4.19days
18/07/2025 05:00:01,buy,0.02,EURAUD,1.78828,22/07/2025 14:25:25,1.79581,-0.10,-0.42,75.30,9.29,11.11,89.30,-8.49,-62.80,1031501,SMA Buy,105.42,4.39days
08/07/2025 07:30:23,sell,0.03,AUDCAD,0.89350,16/07/2025 19:31:22,0.89356,-0.15,-1.21,-0.60,-1.49,5.35,25.10,-19.99,-87.10,2031501,SMA Sell,204.02,8.50days
10/07/2025 13:25:15,sell,0.05,AUDCAD,0.89752,16/07/2025 19:31:21,0.89357,-0.25,-1.00,39.50,13.17,14.01,41.90,-17.62,-46.90,2031501,SMA Sell,150.10,6.25days
09/07/2025 17:13:20,sell,0.03,AUDCAD,0.89552,16/07/2025 19:31:21,0.89355,-0.15,-1.06,19.70,3.11,3.57,21.90,-15.42,-66.90,2031501,SMA Sell,170.30,7.10days
11/07/2025 03:16:48,sell,0.07,AUDCAD,0.90118,16/07/2025 19:31:20,0.89358,-0.35,-1.05,76.00,37.42,38.68,78.50,-5.62,-10.30,2031501,SMA Sell,136.24,5.68days
10/07/2025 18:46:03,sell,0.03,AUDUSD,0.65697,16/07/2025 19:31:20,0.65206,-0.15,-0.08,49.10,14.50,21.88,73.70,-7.85,-25.60,2031501,SMA Sell,144.75,6.03days
08/07/2025 07:30:19,sell,0.05,AUDUSD,0.65476,16/07/2025 19:31:20,0.65204,-0.25,-0.23,27.20,13.12,25.32,51.60,-24.24,-47.70,2031501,SMA Sell,204.02,8.50days
09/07/2025 07:38:34,buy,0.05,EURAUD,1.79084,16/07/2025 19:31:19,1.78434,-0.25,-3.76,-65.00,-25.20,15.26,52.40,-64.62,-188.90,1031501,SMA Buy,179.88,7.49days
08/07/2025 07:30:30,buy,0.03,EURAUD,1.79281,16/07/2025 19:31:19,1.78434,-0.15,-2.57,-84.70,-19.28,10.99,56.80,-42.99,-208.60,1031501,SMA Buy,204.01,8.50days
08/07/2025 07:30:12,buy,0.03,EURAUD,1.79490,16/07/2025 19:31:19,1.78435,-0.15,-2.57,-105.50,-23.36,6.89,35.90,-47.12,-229.50,1031501,SMA Buy,204.02,8.50days
10/07/2025 17:18:24,buy,0.10,EURAUD,1.78352,16/07/2025 19:31:18,1.78431,-0.50,-4.30,7.90,0.35,20.53,38.70,-77.80,-115.70,1031501,SMA Buy,146.22,6.09days
10/07/2025 10:18:21,buy,0.07,EURAUD,1.78879,16/07/2025 19:31:18,1.78432,-0.35,-3.02,-44.70,-23.77,4.79,11.20,-78.77,-168.40,1031501,SMA Buy,153.22,6.38days
10/07/2025 18:30:47,buy,0.23,EURAUD,1.77947,16/07/2025 19:31:17,1.78435,-1.15,-9.90,48.80,62.13,108.20,79.20,-117.58,-75.20,1031501,SMA Buy,145.01,6.04days
10/07/2025 17:42:32,buy,0.15,EURAUD,1.78151,16/07/2025 19:31:17,1.78436,-0.75,-6.45,28.50,20.67,50.54,58.80,-96.84,-95.60,1031501,SMA Buy,145.81,6.08days
16/07/2025 07:58:48,sell,0.03,EURCAD,1.59362,16/07/2025 19:31:16,1.59442,-0.15,0.00,-8.00,-1.90,7.89,36.80,-17.51,-79.20,2031501,SMA Sell,11.54,11.54hrs
16/07/2025 01:06:31,sell,0.02,EURCAD,1.59140,16/07/2025 19:31:16,1.59443,-0.10,0.00,-30.30,-4.53,2.03,14.60,-14.91,-101.40,2031501,SMA Sell,18.41,18.41hrs
11/07/2025 04:41:38,buy,0.34,EURAUD,1.77248,16/07/2025 19:31:16,1.78431,-1.70,-10.96,118.30,249.60,319.19,149.10,-13.57,-5.30,1031501,SMA Buy,134.83,5.62days
16/07/2025 18:16:39,sell,0.07,EURCAD,1.60025,16/07/2025 19:31:15,1.59451,-0.35,0.00,57.40,28.97,33.00,65.30,-6.95,-12.90,2031501,SMA Sell,1.24,1.24hrs
16/07/2025 18:16:17,sell,0.05,EURCAD,1.59722,16/07/2025 19:31:15,1.59443,-0.25,0.00,27.90,9.93,12.52,35.00,-16.03,-43.20,2031501,SMA Sell,1.25,1.25hrs
16/07/2025 18:18:03,sell,0.10,EURCAD,1.60259,16/07/2025 19:31:14,1.59459,-0.50,0.00,80.00,57.87,64.21,88.70,0.00,0.00,2031501,SMA Sell,1.22,1.22hrs
15/07/2025 16:57:20,sell,0.02,GBPCAD,1.83597,16/07/2025 19:31:14,1.83934,-0.10,-0.21,-33.70,-5.22,0.40,3.40,-11.76,-78.50,2031501,SMA Sell,26.57,1.11days
16/07/2025 18:16:22,sell,0.07,GBPCAD,1.84302,16/07/2025 19:31:13,1.83932,-0.35,0.00,37.00,18.55,21.07,41.90,-4.44,-8.00,2031501,SMA Sell,1.25,1.25hrs
16/07/2025 17:54:34,sell,0.05,GBPCAD,1.84042,16/07/2025 19:31:13,1.83934,-0.25,0.00,10.80,3.69,5.56,15.90,-12.65,-34.00,2031501,SMA Sell,1.61,1.61hrs
16/07/2025 09:00:11,sell,0.03,GBPCAD,1.83839,16/07/2025 19:31:13,1.83934,-0.15,0.00,-9.50,-2.23,3.72,17.70,-12.03,-54.30,2031501,SMA Sell,10.52,10.52hrs
16/07/2025 18:16:50,sell,0.10,GBPCAD,1.84428,16/07/2025 19:31:12,1.83929,-0.50,0.00,49.90,35.91,39.30,54.50,0.00,0.00,2031501,SMA Sell,1.24,1.24hrs
16/07/2025 18:11:19,sell,0.03,GBPUSD,1.34170,16/07/2025 19:31:12,1.34221,-0.15,0.00,-5.10,-1.68,0.57,2.40,-15.69,-51.80,2031501,SMA Sell,1.33,1.33hrs
16/07/2025 17:57:56,sell,0.02,GBPUSD,1.33967,16/07/2025 19:31:12,1.34221,-0.10,0.00,-25.40,-5.18,1.04,5.70,-14.52,-72.10,2031501,SMA Sell,1.55,1.55hrs
16/07/2025 18:17:56,sell,0.07,GBPUSD,1.34612,16/07/2025 19:31:11,1.34221,-0.35,0.00,39.10,27.02,28.56,41.30,-5.67,-7.60,2031501,SMA Sell,1.22,1.22hrs
16/07/2025 18:16:33,sell,0.05,GBPUSD,1.34400,16/07/2025 19:31:11,1.34221,-0.25,0.00,17.90,8.70,9.80,20.10,-14.65,-28.80,2031501,SMA Sell,1.24,1.24hrs
16/07/2025 18:30:37,sell,0.10,GBPUSD,1.34820,16/07/2025 19:31:10,1.34221,-0.50,0.00,59.90,59.40,61.60,62.10,0.00,0.00,2031501,SMA Sell,1.01,1.01hrs
08/07/2025 13:00:04,buy,0.02,USDCAD,1.36506,16/07/2025 17:54:15,1.37410,-0.10,0.48,90.40,13.54,15.43,103.50,-0.69,-4.00,1031501,SMA Buy,196.90,8.20days
15/07/2025 10:58:00,sell,0.03,GBPUSD,1.34507,16/07/2025 16:57:56,1.33760,-0.15,-0.06,74.70,22.20,24.96,83.90,-3.48,-11.10,2031501,SMA Sell,30.00,1.25days
14/07/2025 19:18:40,sell,0.02,GBPUSD,1.34309,16/07/2025 16:57:56,1.33753,-0.10,-0.08,55.60,10.94,12.64,64.10,-6.32,-30.90,2031501,SMA Sell,45.65,1.90days
15/07/2025 08:32:12,sell,0.03,EURUSD,1.16834,15/07/2025 18:48:06,1.16111,-0.15,0.00,72.30,21.54,24.21,81.20,-2.58,-8.10,2031501,SMA Sell,10.27,10.27hrs
14/07/2025 19:30:01,sell,0.02,EURUSD,1.16631,15/07/2025 18:48:04,1.16108,-0.10,0.10,52.30,10.46,12.18,60.90,-5.68,-28.40,2031501,SMA Sell,23.30,23.30hrs
14/07/2025 04:32:14,sell,0.03,GBPAUD,2.05619,15/07/2025 16:33:07,2.04591,-0.15,-0.16,102.80,19.94,22.34,114.90,-0.05,0.00,2031501,SMA Sell,36.01,1.50days
11/07/2025 19:00:00,sell,0.02,GBPAUD,2.05275,15/07/2025 16:33:02,2.04598,-0.10,-0.22,67.70,8.57,10.26,80.50,-5.82,-42.70,2031501,SMA Sell,93.55,3.90days
14/07/2025 02:00:29,sell,0.02,GBPCAD,1.84691,15/07/2025 15:56:14,1.83910,-0.10,-0.21,78.10,11.11,12.49,87.60,-1.46,-9.30,2031501,SMA Sell,37.93,1.58days
11/07/2025 18:32:33,sell,0.02,GBPUSD,1.35049,14/07/2025 18:18:33,1.34475,-0.10,-0.04,57.40,11.34,12.48,63.10,-2.40,-11.50,2031501,SMA Sell,71.77,2.99days
10/07/2025 02:58:29,sell,0.03,EURUSD,1.17316,14/07/2025 09:44:13,1.16654,-0.15,0.28,66.20,19.99,22.81,75.60,-5.13,-16.60,2031501,SMA Sell,102.76,4.28days
09/07/2025 11:00:01,sell,0.02,EURUSD,1.17072,14/07/2025 09:44:12,1.16654,-0.10,0.49,41.80,8.75,10.63,51.20,-8.01,-41.00,2031501,SMA Sell,118.74,4.95days
11/07/2025 01:24:41,sell,0.02,GBPAUD,2.05972,11/07/2025 17:40:42,2.05116,-0.10,0.00,85.60,11.16,13.09,100.20,-8.05,-60.60,2031501,SMA Sell,16.27,16.27hrs
11/07/2025 04:00:02,sell,0.02,GBPUSD,1.35551,11/07/2025 17:32:32,1.34938,-0.10,0.00,61.30,12.16,13.86,69.80,-2.92,-14.10,2031501,SMA Sell,13.54,13.54hrs
10/07/2025 16:57:10,sell,0.02,GBPAUD,2.07089,10/07/2025 23:48:54,2.06186,-0.10,0.00,90.30,11.80,13.59,103.90,0.00,0.00,2031501,SMA Sell,6.86,6.86hrs
08/07/2025 13:00:00,sell,0.02,GBPUSD,1.35959,08/07/2025 17:27:00,1.35374,-0.10,0.00,58.50,11.60,12.98,65.40,0.00,0.00,2031501,SMA Sell,4.45,4.45hrs
04/07/2025 17:00:03,sell,0.02,AUDCAD,0.89119,08/07/2025 07:30:19,0.89354,-0.10,-0.20,-23.50,-3.75,6.31,44.40,-3.75,-23.50,2031501,SMA Sell,86.50,3.60days
03/07/2025 04:07:48,sell,0.03,GBPAUD,2.07563,08/07/2025 07:30:19,2.08309,-0.15,-0.48,-74.60,-15.28,2.43,13.10,-43.87,-222.00,2031501,SMA Sell,123.38,5.14days
02/07/2025 21:03:41,sell,0.02,GBPAUD,2.07262,08/07/2025 07:30:19,2.08309,-0.10,-0.33,-104.70,-14.14,3.92,30.50,-33.17,-252.10,2031501,SMA Sell,130.44,5.44days
03/07/2025 15:31:12,sell,0.07,GBPAUD,2.08056,08/07/2025 07:30:18,2.08321,-0.35,-1.13,-26.50,-13.62,18.64,41.30,-79.97,-172.70,2031501,SMA Sell,111.98,4.67days
03/07/2025 10:16:08,sell,0.05,GBPAUD,2.07764,08/07/2025 07:30:18,2.08316,-0.25,-0.81,-55.20,-19.13,6.13,19.40,-66.60,-201.90,2031501,SMA Sell,117.24,4.88days
04/07/2025 10:38:18,sell,0.15,GBPAUD,2.08461,08/07/2025 07:30:17,2.08327,-0.75,-1.61,13.40,10.80,38.41,39.80,-131.11,-132.20,2031501,SMA Sell,92.87,3.87days
04/07/2025 10:14:46,sell,0.10,GBPAUD,2.08257,08/07/2025 07:30:17,2.08321,-0.50,-1.07,-6.40,-5.77,12.22,19.40,-100.65,-152.60,2031501,SMA Sell,93.26,3.89days
02/07/2025 23:00:01,sell,0.02,USDCAD,1.35877,08/07/2025 07:30:17,1.36455,-0.10,-0.87,-57.80,-9.44,3.57,28.90,-14.96,-95.80,2031501,SMA Sell,128.50,5.35days
07/07/2025 04:38:15,sell,0.34,GBPAUD,2.08873,08/07/2025 07:30:16,2.08395,-1.70,-1.82,47.80,102.86,102.86,47.80,-204.40,-91.00,2031501,SMA Sell,26.87,1.12days
07/07/2025 03:36:50,sell,0.23,GBPAUD,2.08667,08/07/2025 07:30:16,2.08355,-1.15,-1.23,31.20,44.61,44.61,31.20,-169.03,-111.60,2031501,SMA Sell,27.89,1.16days
03/07/2025 15:30:50,sell,0.03,USDCAD,1.36201,08/07/2025 07:30:16,1.36456,-0.15,-0.44,-25.50,-6.20,13.41,61.30,-14.47,-63.40,2031501,SMA Sell,111.99,4.67days
07/07/2025 07:55:06,sell,0.77,GBPAUD,2.09367,08/07/2025 07:30:15,2.08399,-3.85,-4.12,96.80,479.93,479.93,96.80,-215.94,-41.60,2031501,SMA Sell,23.59,23.59hrs
07/07/2025 06:03:44,sell,0.51,GBPAUD,2.09077,08/07/2025 07:30:15,2.08401,-2.55,-2.73,67.60,220.38,220.38,67.60,-239.06,-70.60,2031501,SMA Sell,25.44,1.06days
07/07/2025 14:00:02,sell,0.02,GBPUSD,1.36024,08/07/2025 07:30:14,1.36378,-0.10,-0.04,-35.40,-7.22,1.96,10.30,-9.06,-44.80,2031501,SMA Sell,17.50,17.50hrs
07/07/2025 11:17:36,sell,0.07,USDCAD,1.36735,08/07/2025 07:30:14,1.36457,-0.35,-0.50,27.80,13.41,20.55,40.70,-5.91,-10.00,2031501,SMA Sell,20.21,20.21hrs
07/07/2025 10:29:45,sell,0.05,USDCAD,1.36534,08/07/2025 07:30:14,1.36455,-0.25,-0.36,7.90,2.28,7.31,20.60,-11.57,-30.10,2031501,SMA Sell,21.01,21.01hrs
07/07/2025 20:57:10,sell,0.02,AUDUSD,0.64946,08/07/2025 07:30:13,0.65459,-0.10,-0.01,-51.30,-10.37,1.58,8.40,-10.37,-51.30,2031501,SMA Sell,10.55,10.55hrs
07/07/2025 17:12:23,sell,0.03,GBPUSD,1.36380,08/07/2025 07:30:13,1.36378,-0.15,-0.06,0.20,-0.15,13.62,45.90,-2.91,-9.20,2031501,SMA Sell,14.30,14.30hrs
07/07/2025 15:03:18,sell,1.15,GBPAUD,2.09582,08/07/2025 07:30:13,2.08448,-5.75,-6.15,113.40,841.48,841.48,113.40,-161.98,-20.10,2031501,SMA Sell,16.45,16.45hrs
08/07/2025 04:04:30,sell,0.03,AUDUSD,0.65161,08/07/2025 07:30:12,0.65469,-0.15,0.00,-30.80,-9.39,2.49,8.80,-9.39,-30.80,2031501,SMA Sell,3.43,3.43hrs
07/07/2025 21:00:00,buy,0.02,EURAUD,1.80260,08/07/2025 07:30:12,1.79469,-0.10,-0.21,-79.10,-10.66,3.58,29.90,-10.66,-79.10,1031501,SMA Buy,10.50,10.50hrs
08/07/2025 07:30:09,sell,0.03,AUDCAD,0.89347,08/07/2025 07:30:11,0.89341,-0.15,0.00,0.60,-0.01,0.00,0.60,-0.01,0.00,2031501,SMA Sell,0.00,0.00hrs
04/07/2025 20:57:04,sell,0.02,GBPUSD,1.36484,07/07/2025 12:32:37,1.35857,-0.10,-0.04,62.70,12.40,13.92,70.30,-4.66,-22.60,2031501,SMA Sell,63.59,2.65days
24/06/2025 21:30:12,buy,0.02,AUDCAD,0.89252,02/07/2025 20:03:44,0.89457,-0.10,0.07,20.50,2.99,8.15,55.80,-3.88,-25.90,1031501,SMA Buy,190.56,7.94days
23/06/2025 15:57:16,sell,0.02,AUDUSD,0.63900,02/07/2025 20:03:44,0.65775,-0.10,-0.13,-187.50,-37.73,0.72,4.10,-40.22,-200.20,2031501,SMA Sell,220.11,9.17days
26/06/2025 11:34:03,sell,0.07,AUDUSD,0.65482,02/07/2025 20:03:43,0.65775,-0.35,-0.28,-29.30,-21.14,26.77,38.80,-29.87,-42.00,2031501,SMA Sell,152.49,6.35days
26/06/2025 05:43:45,sell,0.05,AUDUSD,0.65284,02/07/2025 20:03:43,0.65775,-0.25,-0.20,-49.10,-25.00,9.22,19.00,-31.24,-61.80,2031501,SMA Sell,158.33,6.60days
24/06/2025 09:21:54,sell,0.03,AUDUSD,0.65083,02/07/2025 20:03:43,0.65775,-0.15,-0.20,-69.20,-21.11,6.73,23.00,-24.85,-81.90,2031501,SMA Sell,202.70,8.45days
30/06/2025 18:57:06,sell,0.10,AUDUSD,0.65714,02/07/2025 20:03:42,0.65775,-0.50,-0.28,-6.10,-6.88,20.52,21.30,-19.35,-18.80,2031501,SMA Sell,49.11,2.05days
30/06/2025 05:08:43,buy,0.03,EURCAD,1.60160,02/07/2025 20:03:42,1.60406,-0.15,-0.85,24.60,4.43,18.90,89.10,-3.42,-14.90,1031501,SMA Buy,62.92,2.62days
27/06/2025 21:49:37,buy,0.02,EURCAD,1.60545,02/07/2025 20:03:42,1.60406,-0.10,-0.56,-13.90,-2.70,6.96,50.60,-7.92,-53.40,1031501,SMA Buy,118.23,4.93days
01/07/2025 23:30:19,buy,0.02,GBPUSD,1.37497,02/07/2025 20:03:41,1.36376,-0.10,-0.26,-112.10,-22.78,0.24,3.00,-28.90,-142.70,1031501,SMA Buy,20.56,20.56hrs
01/07/2025 10:02:58,buy,0.03,EURUSD,1.17692,02/07/2025 20:03:41,1.17933,-0.15,-1.25,24.10,5.83,17.46,58.70,-6.14,-15.80,1031501,SMA Buy,34.01,1.42days
01/07/2025 01:27:05,buy,0.02,EURUSD,1.17899,02/07/2025 20:03:41,1.17933,-0.10,-0.83,3.40,-0.25,7.50,38.00,-8.23,-36.50,1031501,SMA Buy,42.61,1.78days
02/07/2025 14:56:34,buy,0.10,GBPUSD,1.36683,02/07/2025 20:03:40,1.36375,-0.50,0.00,-30.80,-31.30,0.00,0.00,-61.80,-61.30,1031501,SMA Buy,5.12,5.12hrs
02/07/2025 12:19:40,buy,0.07,GBPUSD,1.36893,02/07/2025 20:03:40,1.36376,-0.35,0.00,-51.70,-36.54,14.56,21.30,-57.96,-82.30,1031501,SMA Buy,7.73,7.73hrs
02/07/2025 10:58:30,buy,0.05,GBPUSD,1.37093,02/07/2025 20:03:40,1.36376,-0.25,0.00,-71.70,-36.10,0.40,1.30,-51.40,-102.30,1031501,SMA Buy,9.09,9.09hrs
02/07/2025 09:40:09,buy,0.03,GBPUSD,1.37294,02/07/2025 20:03:40,1.36376,-0.15,0.00,-91.80,-27.69,0.00,0.00,-36.87,-122.40,1031501,SMA Buy,10.39,10.39hrs
02/07/2025 15:37:02,buy,0.23,GBPUSD,1.36277,02/07/2025 20:03:39,1.36368,-1.15,0.00,9.10,19.78,19.78,9.10,-48.76,-20.70,1031501,SMA Buy,4.44,4.44hrs
02/07/2025 15:02:04,buy,0.15,GBPUSD,1.36477,02/07/2025 20:03:39,1.36368,-0.75,0.00,-10.90,-17.10,20.25,14.00,-61.80,-40.70,1031501,SMA Buy,5.03,5.03hrs
02/07/2025 14:57:59,buy,0.05,EURUSD,1.17476,02/07/2025 20:03:39,1.17937,-0.25,0.00,46.10,22.80,22.80,46.10,0.00,0.00,1031501,SMA Buy,5.09,5.09hrs
02/07/2025 16:24:16,buy,0.51,GBPUSD,1.35865,02/07/2025 20:03:38,1.36368,-2.55,0.00,50.30,253.98,253.98,50.30,0.00,0.00,1031501,SMA Buy,3.66,3.66hrs
02/07/2025 16:01:31,sell,0.02,GBPAUD,2.07560,02/07/2025 20:03:38,2.07357,-0.10,0.00,20.30,2.57,4.95,38.40,0.00,0.00,2031501,SMA Sell,4.04,4.04hrs
02/07/2025 15:41:16,buy,0.34,GBPUSD,1.36068,02/07/2025 20:03:38,1.36368,-1.70,0.00,30.00,100.30,100.30,30.00,-1.02,0.00,1031501,SMA Buy,4.37,4.37hrs
02/07/2025 17:16:22,buy,0.77,GBPUSD,1.35672,02/07/2025 20:03:37,1.36368,-3.85,0.00,69.60,532.07,532.07,69.60,0.00,0.00,1031501,SMA Buy,2.79,2.79hrs
30/06/2025 18:40:29,buy,0.15,GBPAUD,2.08897,02/07/2025 16:01:30,2.07562,-0.75,-2.54,-133.50,-134.51,42.53,44.50,-134.51,-133.50,1031501,SMA Buy,45.35,1.89days
02/07/2025 15:20:11,buy,0.77,GBPAUD,2.07994,02/07/2025 16:01:29,2.07573,-3.85,0.00,-42.10,-216.28,0.00,0.00,-216.28,-42.10,1031501,SMA Buy,0.69,0.69hrs
30/06/2025 16:41:50,buy,0.07,GBPAUD,2.09263,02/07/2025 16:01:29,2.07568,-0.35,-1.19,-169.50,-79.30,3.05,7.90,-79.30,-169.50,1031501,SMA Buy,47.33,1.97days
26/06/2025 15:37:56,buy,0.03,GBPAUD,2.09685,02/07/2025 16:01:28,2.07558,-0.15,-0.71,-212.70,-42.68,10.55,55.30,-42.68,-212.70,1031501,SMA Buy,144.39,6.02days
02/07/2025 15:40:07,buy,1.15,GBPAUD,2.07790,02/07/2025 16:01:27,2.07567,-5.75,0.00,-22.30,-173.79,0.00,0.00,-173.79,-22.30,1031501,SMA Buy,0.36,0.36hrs
02/07/2025 15:05:13,buy,0.51,GBPAUD,2.08193,02/07/2025 16:01:27,2.07568,-2.55,0.00,-62.50,-211.42,18.52,6.30,-211.42,-62.50,1031501,SMA Buy,0.94,0.94hrs
02/07/2025 15:00:36,buy,0.34,GBPAUD,2.08384,02/07/2025 16:01:26,2.07561,-1.70,0.00,-82.30,-185.05,0.00,0.00,-185.05,-82.30,1031501,SMA Buy,1.01,1.01hrs
30/06/2025 19:47:02,buy,0.23,GBPAUD,2.08602,02/07/2025 16:01:25,2.07559,-1.15,-3.89,-104.30,-162.23,109.72,74.00,-162.23,-104.30,1031501,SMA Buy,44.24,1.84days
30/06/2025 16:58:04,buy,0.10,GBPAUD,2.09063,02/07/2025 16:01:24,2.07562,-0.50,-1.69,-150.10,-100.54,17.48,27.90,-100.54,-150.10,1031501,SMA Buy,47.06,1.96days
30/06/2025 16:15:52,buy,0.05,GBPAUD,2.09468,02/07/2025 16:01:23,2.07564,-0.25,-0.84,-190.40,-63.47,0.00,0.00,-63.47,-190.40,1031501,SMA Buy,47.76,1.99days
26/06/2025 05:34:28,buy,0.02,GBPAUD,2.09932,02/07/2025 16:01:21,2.07561,-0.10,-0.45,-237.10,-31.62,4.89,38.20,-31.62,-237.10,1031501,SMA Buy,154.45,6.44days
27/06/2025 17:20:33,buy,0.03,GBPUSD,1.37133,01/07/2025 12:00:04,1.37735,-0.15,-0.18,60.20,17.73,19.47,66.00,-9.60,-31.20,1031501,SMA Buy,90.66,3.78days
27/06/2025 20:44:39,buy,0.05,GBPUSD,1.36931,01/07/2025 12:00:03,1.37734,-0.25,-0.30,80.30,39.60,42.55,86.20,-5.90,-11.00,1031501,SMA Buy,87.26,3.64days
26/06/2025 11:14:32,buy,0.02,GBPUSD,1.37525,01/07/2025 12:00:01,1.37741,-0.10,-0.18,21.60,4.04,5.08,26.80,-14.30,-70.40,1031501,SMA Buy,120.76,5.03days
26/06/2025 06:05:43,sell,0.34,EURUSD,1.17067,01/07/2025 01:27:04,1.17899,-1.70,5.07,-83.20,-279.51,110.16,32.90,-279.51,-83.20,2031501,SMA Sell,115.36,4.81days
24/06/2025 09:17:36,sell,0.07,EURUSD,1.16199,01/07/2025 01:27:04,1.17899,-0.35,2.44,-170.00,-116.91,25.20,36.50,-116.91,-170.00,2031501,SMA Sell,160.16,6.67days
27/06/2025 15:59:06,sell,0.77,EURUSD,1.17484,01/07/2025 01:27:03,1.17899,-3.85,7.66,-41.50,-315.74,445.06,58.30,-315.74,-41.50,2031501,SMA Sell,81.47,3.39days
25/06/2025 21:59:27,sell,0.15,EURUSD,1.16606,01/07/2025 01:27:03,1.17900,-0.75,4.49,-129.40,-190.36,11.10,7.90,-190.36,-129.40,2031501,SMA Sell,123.46,5.14days
19/06/2025 22:19:39,sell,0.03,EURUSD,1.14931,01/07/2025 01:27:02,1.17899,-0.15,1.50,-296.80,-87.69,11.28,37.10,-87.69,-296.80,2031501,SMA Sell,267.12,11.13days
30/06/2025 19:03:36,sell,1.15,EURUSD,1.17675,01/07/2025 01:27:01,1.17899,-5.75,5.72,-22.40,-257.63,187.45,16.80,-257.63,-22.40,2031501,SMA Sell,6.39,6.39hrs
26/06/2025 11:13:12,sell,0.51,EURUSD,1.17284,01/07/2025 01:27:01,1.17899,-2.55,7.59,-61.50,-308.61,234.07,45.90,-308.61,-61.50,2031501,SMA Sell,110.23,4.59days
26/06/2025 02:52:31,sell,0.23,EURUSD,1.16833,01/07/2025 01:27:00,1.17900,-1.15,3.42,-106.70,-243.14,31.05,14.00,-243.14,-106.70,2031501,SMA Sell,118.57,4.94days
24/06/2025 17:26:53,sell,0.10,EURUSD,1.16405,01/07/2025 01:26:59,1.17900,-0.50,3.49,-149.50,-146.51,49.40,49.40,-146.51,-149.50,2031501,SMA Sell,152.00,6.33days
20/06/2025 13:11:30,sell,0.05,EURUSD,1.15328,01/07/2025 01:26:59,1.17900,-0.25,2.25,-257.20,-126.60,38.40,76.80,-126.60,-257.20,2031501,SMA Sell,252.26,10.51days
19/06/2025 17:00:00,sell,0.02,EURUSD,1.14731,01/07/2025 01:26:58,1.17899,-0.10,1.00,-316.80,-62.46,3.52,17.80,-62.46,-316.80,2031501,SMA Sell,272.45,11.35days
26/06/2025 16:48:36,buy,0.07,USDCAD,1.36406,27/06/2025 20:57:52,1.37422,-0.35,0.66,101.60,52.06,52.06,101.60,-12.07,-22.80,1031501,SMA Buy,28.15,1.17days
26/06/2025 16:13:57,buy,0.05,USDCAD,1.36614,27/06/2025 20:57:51,1.37431,-0.25,0.47,81.70,29.94,29.94,81.70,-16.26,-43.60,1031501,SMA Buy,28.73,1.20days
24/06/2025 17:22:40,buy,0.03,USDCAD,1.36897,27/06/2025 20:57:51,1.37423,-0.15,0.46,52.60,11.79,13.40,61.70,-15.81,-71.90,1031501,SMA Buy,75.59,3.15days
19/06/2025 13:30:01,buy,0.02,USDCAD,1.37103,27/06/2025 20:57:49,1.37429,-0.10,0.62,32.60,5.26,12.36,84.20,-13.26,-92.50,1031501,SMA Buy,199.46,8.31days
26/06/2025 17:51:57,buy,0.07,EURCAD,1.59623,27/06/2025 20:49:37,1.60699,-0.35,-0.85,107.60,53.64,53.64,107.60,-16.24,-29.30,1031501,SMA Buy,26.96,1.12days
26/06/2025 18:12:46,buy,0.10,EURCAD,1.59409,27/06/2025 20:49:36,1.60691,-0.50,-1.22,128.20,91.63,91.63,128.20,-7.51,-7.90,1031501,SMA Buy,26.61,1.11days
26/06/2025 14:58:21,buy,0.03,EURCAD,1.60028,27/06/2025 20:49:36,1.60698,-0.15,-0.36,67.00,14.13,14.13,67.00,-15.86,-69.80,1031501,SMA Buy,29.85,1.24days
26/06/2025 16:41:02,buy,0.05,EURCAD,1.59827,27/06/2025 20:49:35,1.60691,-0.25,-0.61,86.40,30.60,30.60,86.40,-19.08,-49.70,1031501,SMA Buy,28.14,1.17days
26/06/2025 12:57:15,buy,0.02,EURCAD,1.60468,27/06/2025 20:49:34,1.60700,-0.10,-0.24,23.20,3.04,3.04,23.20,-17.02,-113.80,1031501,SMA Buy,31.87,1.33days
26/06/2025 16:05:50,buy,0.03,GBPCAD,1.87343,27/06/2025 20:49:19,1.88057,-0.15,0.15,71.40,15.59,15.59,71.40,-5.10,-23.20,1031501,SMA Buy,28.72,1.20days
27/06/2025 17:47:08,buy,0.05,GBPCAD,1.87128,27/06/2025 20:49:18,1.88080,-0.25,0.00,95.20,34.40,34.40,95.20,0.00,0.00,1031501,SMA Buy,3.04,3.04hrs
25/06/2025 21:47:21,buy,0.02,GBPCAD,1.87550,27/06/2025 20:49:16,1.88059,-0.10,0.20,50.90,7.51,10.70,73.20,-6.34,-43.90,1031501,SMA Buy,47.03,1.96days
24/06/2025 09:53:47,buy,0.07,EURAUD,1.78303,27/06/2025 17:02:45,1.79584,-0.35,-3.63,128.10,54.56,58.58,136.90,-6.77,-14.10,1031501,SMA Buy,79.15,3.30days
24/06/2025 09:20:22,buy,0.05,EURAUD,1.78504,27/06/2025 17:02:44,1.79584,-0.25,-2.60,108.00,32.41,35.28,116.80,-11.38,-34.20,1031501,SMA Buy,79.71,3.32days
24/06/2025 05:44:45,buy,0.03,EURAUD,1.78725,27/06/2025 17:02:44,1.79585,-0.15,-1.55,86.00,15.14,16.85,94.70,-11.14,-56.30,1031501,SMA Buy,83.30,3.47days
23/06/2025 09:59:22,buy,0.02,EURAUD,1.79206,27/06/2025 17:02:40,1.79576,-0.10,-1.25,37.00,3.48,8.31,65.90,-13.90,-104.40,1031501,SMA Buy,103.06,4.29days
23/06/2025 18:26:11,sell,0.07,GBPUSD,1.35032,26/06/2025 11:14:32,1.37521,-0.35,-0.66,-248.90,-175.24,17.57,25.20,-175.24,-248.90,2031501,SMA Sell,64.81,2.70days
24/06/2025 11:50:25,sell,0.15,GBPUSD,1.36021,26/06/2025 11:14:31,1.37529,-0.75,-1.15,-150.80,-228.10,13.05,9.20,-228.10,-150.80,2031501,SMA Sell,47.40,1.98days
26/06/2025 10:14:29,sell,1.15,GBPUSD,1.37318,26/06/2025 11:14:30,1.37523,-5.75,0.00,-20.50,-241.50,40.25,4.00,-241.50,-20.50,2031501,SMA Sell,1.00,1.00hrs
23/06/2025 17:08:31,sell,0.03,GBPUSD,1.34615,26/06/2025 11:14:30,1.37523,-0.15,-0.29,-290.80,-87.68,0.00,0.00,-87.68,-290.80,2031501,SMA Sell,66.10,2.75days
26/06/2025 06:04:56,sell,0.77,GBPUSD,1.37106,26/06/2025 11:14:29,1.37523,-3.85,0.00,-41.70,-324.94,95.48,12.90,-324.94,-41.70,2031501,SMA Sell,5.16,5.16hrs
26/06/2025 02:51:41,sell,0.51,GBPUSD,1.36910,26/06/2025 11:14:29,1.37523,-2.55,0.00,-61.30,-315.18,57.63,11.80,-315.18,-61.30,2031501,SMA Sell,8.38,8.38hrs
25/06/2025 21:43:36,sell,0.34,GBPUSD,1.36591,26/06/2025 11:14:28,1.37523,-1.70,-1.94,-93.20,-320.52,6.46,2.40,-320.52,-93.20,2031501,SMA Sell,13.51,13.51hrs
24/06/2025 17:24:00,sell,0.23,GBPUSD,1.36350,26/06/2025 11:14:27,1.37519,-1.15,-1.75,-116.90,-271.77,92.48,40.90,-271.77,-116.90,2031501,SMA Sell,41.84,1.74days
24/06/2025 09:17:33,sell,0.10,GBPUSD,1.35821,26/06/2025 11:14:27,1.37519,-0.50,-0.76,-169.80,-171.06,16.60,17.10,-171.06,-169.80,2031501,SMA Sell,49.95,2.08days
23/06/2025 17:43:00,sell,0.05,GBPUSD,1.34818,26/06/2025 11:14:26,1.37520,-0.25,-0.49,-270.20,-135.84,1.85,3.80,-135.84,-270.20,2031501,SMA Sell,65.52,2.73days
23/06/2025 14:30:00,sell,0.02,GBPUSD,1.33783,26/06/2025 11:14:25,1.37520,-0.10,-0.19,-373.70,-75.03,1.14,6.20,-75.03,-373.70,2031501,SMA Sell,68.74,2.86days
24/06/2025 09:54:00,buy,0.03,GBPAUD,2.08663,26/06/2025 04:34:28,2.09943,-0.15,-0.39,128.00,24.48,27.26,142.30,-0.95,-4.60,1031501,SMA Buy,42.67,1.78days
23/06/2025 07:57:29,buy,0.02,GBPAUD,2.09400,26/06/2025 04:34:28,2.09943,-0.10,-0.31,54.30,6.67,9.59,74.90,-10.29,-78.30,1031501,SMA Buy,68.62,2.86days
24/06/2025 17:00:16,buy,0.02,GBPCAD,1.86533,25/06/2025 20:47:19,1.87321,-0.10,0.03,78.80,11.41,13.04,90.10,-0.92,-5.60,1031501,SMA Buy,27.78,1.16days
24/06/2025 16:30:29,buy,0.03,EURCAD,1.58763,25/06/2025 18:44:02,1.59755,-0.15,-0.17,99.20,21.33,23.70,110.10,0.00,0.00,1031501,SMA Buy,26.23,1.09days
23/06/2025 20:02:50,buy,0.02,EURCAD,1.58962,25/06/2025 18:44:00,1.59754,-0.10,-0.24,79.20,11.19,12.78,90.20,-2.96,-18.80,1031501,SMA Buy,46.69,1.95days
23/06/2025 21:00:01,buy,0.02,GBPCAD,1.85856,24/06/2025 14:48:02,1.86686,-0.10,0.03,83.00,12.04,14.04,96.70,-4.91,-33.20,1031501,SMA Buy,17.80,17.80hrs
20/06/2025 08:57:23,buy,0.02,EURCAD,1.57871,23/06/2025 19:02:47,1.58815,-0.10,-0.12,94.40,13.50,14.92,104.30,-4.32,-28.20,1031501,SMA Buy,82.09,3.42days
23/06/2025 14:27:48,buy,0.03,GBPCAD,1.84389,23/06/2025 19:02:46,1.85689,-0.15,0.00,130.00,28.19,30.51,140.80,0.00,0.00,1031501,SMA Buy,4.58,4.58hrs
20/06/2025 17:30:04,buy,0.02,GBPCAD,1.84955,23/06/2025 19:02:44,1.85683,-0.10,0.03,72.80,10.51,12.15,84.20,-10.65,-72.70,1031501,SMA Buy,73.54,3.06days
20/06/2025 23:00:32,sell,0.02,AUDUSD,0.64481,23/06/2025 14:57:13,0.63841,-0.10,-0.01,64.00,12.69,14.81,74.60,-1.14,-5.20,2031501,SMA Sell,63.94,2.66days
20/06/2025 06:14:25,sell,0.07,GBPUSD,1.34950,23/06/2025 12:15:35,1.33984,-0.35,-0.13,96.60,67.14,71.20,102.40,-4.20,-5.50,2031501,SMA Sell,78.02,3.25days
19/06/2025 20:45:49,sell,0.03,GBPUSD,1.34464,23/06/2025 12:15:35,1.33977,-0.15,-0.12,48.70,14.34,15.87,53.80,-16.44,-54.10,2031501,SMA Sell,87.50,3.65days
19/06/2025 22:28:37,sell,0.05,GBPUSD,1.34659,23/06/2025 12:15:34,1.33977,-0.25,-0.20,68.20,33.65,36.20,73.30,-17.65,-34.60,2031501,SMA Sell,85.78,3.57days
19/06/2025 18:00:07,sell,0.02,GBPUSD,1.34260,23/06/2025 12:15:33,1.33971,-0.10,-0.08,28.90,5.60,6.50,33.40,-15.04,-74.50,2031501,SMA Sell,90.26,3.76days
20/06/2025 21:30:08,buy,0.02,EURAUD,1.78607,23/06/2025 08:59:22,1.79529,-0.10,-0.21,92.20,11.51,13.17,105.20,-5.24,-38.30,1031501,SMA Buy,59.49,2.48days
23/06/2025 04:00:01,buy,0.02,GBPAUD,2.08513,23/06/2025 06:57:28,2.09529,-0.10,0.00,101.60,12.91,14.43,113.50,-1.68,-12.30,1031501,SMA Buy,2.96,2.96hrs
13/06/2025 08:30:00,sell,0.02,AUDCAD,0.88307,19/06/2025 12:02:34,0.88764,-0.10,-0.56,-45.70,-7.33,4.15,29.50,-14.01,-93.30,2031501,SMA Sell,147.54,6.15days
16/06/2025 16:55:33,sell,0.03,AUDCAD,0.88625,19/06/2025 12:02:33,0.88764,-0.15,-0.71,-13.90,-3.90,8.27,39.60,-13.92,-61.50,2031501,SMA Sell,67.12,2.80days
16/06/2025 14:58:27,buy,0.05,EURAUD,1.77337,19/06/2025 12:02:33,1.77213,-0.25,-2.60,-12.40,-6.87,7.75,24.50,-36.91,-104.70,1031501,SMA Buy,69.07,2.88days
13/06/2025 14:35:43,buy,0.03,EURAUD,1.77544,19/06/2025 12:02:33,1.77214,-0.15,-1.85,-33.00,-8.41,12.07,64.50,-26.48,-125.40,1031501,SMA Buy,141.45,5.89days
12/06/2025 14:02:07,buy,0.02,EURAUD,1.77948,19/06/2025 12:02:33,1.77214,-0.10,-1.43,-73.40,-11.04,8.83,70.60,-23.11,-165.80,1031501,SMA Buy,166.01,6.92days
16/06/2025 19:22:38,buy,0.07,EURAUD,1.76994,19/06/2025 12:02:32,1.77213,-0.35,-3.63,21.90,5.95,21.20,50.80,-36.04,-70.40,1031501,SMA Buy,64.67,2.69days
13/06/2025 05:55:22,buy,0.03,EURCAD,1.57235,19/06/2025 12:02:32,1.57294,-0.15,-1.04,5.90,0.10,8.63,42.40,-17.86,-78.00,1031501,SMA Buy,150.12,6.25days
13/06/2025 02:00:02,buy,0.02,EURCAD,1.57679,19/06/2025 12:02:32,1.57294,-0.10,-0.69,-38.50,-6.41,1.49,10.80,-18.42,-122.40,1031501,SMA Buy,154.04,6.42days
16/06/2025 22:50:51,buy,0.03,EURUSD,1.15593,19/06/2025 12:02:31,1.14782,-0.15,-1.54,-81.10,-26.02,3.13,13.00,-35.32,-112.10,1031501,SMA Buy,61.19,2.55days
16/06/2025 17:49:29,buy,0.02,EURUSD,1.15918,19/06/2025 12:02:31,1.14782,-0.10,-1.02,-113.60,-23.84,0.00,0.00,-30.04,-144.60,1031501,SMA Buy,66.22,2.76days
13/06/2025 13:17:07,buy,0.05,EURCAD,1.56903,19/06/2025 12:02:31,1.57295,-0.25,-1.73,39.20,12.32,26.51,75.60,-17.56,-44.80,1031501,SMA Buy,142.76,5.95days
16/06/2025 11:52:43,buy,0.05,GBPAUD,2.08511,19/06/2025 12:02:30,2.07357,-0.25,-0.79,-115.40,-38.41,2.55,8.60,-82.80,-251.30,1031501,SMA Buy,72.16,3.01days
13/06/2025 17:09:15,buy,0.03,GBPAUD,2.08720,19/06/2025 12:02:30,2.07357,-0.15,-0.57,-136.30,-27.21,10.18,53.70,-53.85,-272.20,1031501,SMA Buy,138.89,5.79days
13/06/2025 14:30:00,buy,0.02,GBPAUD,2.09083,19/06/2025 12:02:30,2.07352,-0.10,-0.38,-173.10,-22.90,2.09,17.40,-40.63,-308.50,1031501,SMA Buy,141.54,5.90days
16/06/2025 14:56:41,buy,0.07,GBPAUD,2.08172,19/06/2025 12:02:29,2.07354,-0.35,-1.11,-81.80,-38.54,10.73,25.30,-100.48,-217.40,1031501,SMA Buy,69.10,2.88days
13/06/2025 03:36:40,buy,0.03,GBPUSD,1.35711,19/06/2025 12:02:29,1.34302,-0.15,-0.54,-140.90,-42.96,13.38,45.40,-57.03,-187.80,1031501,SMA Buy,152.43,6.35days
13/06/2025 01:30:09,buy,0.02,GBPUSD,1.36183,19/06/2025 12:02:29,1.34302,-0.10,-0.36,-188.10,-38.08,1.86,9.80,-47.46,-235.00,1031501,SMA Buy,154.54,6.44days
17/06/2025 09:47:02,buy,0.10,GBPAUD,2.07462,19/06/2025 12:02:28,2.07355,-0.50,-0.96,-10.70,-8.39,24.67,38.60,-96.72,-146.40,1031501,SMA Buy,50.26,2.09days
17/06/2025 08:57:12,sell,0.02,USDCAD,1.35753,19/06/2025 12:02:28,1.37066,-0.10,-0.29,-131.30,-19.55,2.48,17.50,-22.91,-154.60,2031501,SMA Sell,51.09,2.13days
13/06/2025 07:27:18,buy,0.05,GBPUSD,1.35310,19/06/2025 12:02:28,1.34302,-0.25,-0.92,-100.80,-51.57,42.35,85.50,-75.02,-147.70,1031501,SMA Buy,148.59,6.19days
17/06/2025 17:25:43,buy,0.05,EURUSD,1.15379,19/06/2025 12:02:27,1.14780,-0.25,-1.53,-59.90,-31.73,0.00,0.00,-47.13,-90.70,1031501,SMA Buy,42.61,1.78days
17/06/2025 17:15:13,buy,0.15,GBPAUD,2.07161,19/06/2025 12:02:27,2.07358,-0.75,-1.44,19.70,16.95,52.32,54.70,-115.70,-116.30,1031501,SMA Buy,42.79,1.78days
17/06/2025 10:01:24,buy,0.10,EURAUD,1.76717,19/06/2025 12:02:27,1.77215,-0.50,-3.11,49.80,28.65,50.28,78.50,-31.39,-42.70,1031501,SMA Buy,50.02,2.08days
17/06/2025 17:35:22,buy,0.07,GBPUSD,1.35110,19/06/2025 12:02:26,1.34305,-0.35,-0.64,-80.50,-57.34,4.06,6.30,-90.38,-127.70,1031501,SMA Buy,42.45,1.77days
17/06/2025 17:35:14,buy,0.07,EURCAD,1.56640,19/06/2025 12:02:26,1.57292,-0.35,-1.22,65.20,31.73,51.77,101.90,-9.86,-18.50,1031501,SMA Buy,42.45,1.77days
17/06/2025 17:32:32,sell,0.03,USDCAD,1.35954,19/06/2025 12:02:26,1.37066,-0.15,-0.43,-111.20,-24.92,2.21,10.70,-29.97,-134.50,2031501,SMA Sell,42.50,1.77days
17/06/2025 19:49:57,buy,0.15,GBPUSD,1.34702,19/06/2025 12:02:25,1.34309,-0.75,-1.37,-39.30,-61.07,6.15,4.60,-132.47,-86.90,1031501,SMA Buy,40.21,1.68days
17/06/2025 19:42:03,buy,0.10,GBPUSD,1.34908,19/06/2025 12:02:25,1.34309,-0.50,-0.92,-59.90,-61.32,0.00,0.00,-108.92,-107.50,1031501,SMA Buy,40.34,1.68days
17/06/2025 17:36:56,buy,0.07,EURUSD,1.15172,19/06/2025 12:02:25,1.14781,-0.35,-2.15,-39.10,-29.87,12.60,18.50,-51.50,-70.00,1031501,SMA Buy,42.42,1.77days
17/06/2025 20:46:07,buy,0.23,GBPUSD,1.34487,19/06/2025 12:02:24,1.34309,-1.15,-2.10,-17.80,-44.19,57.73,25.20,-153.67,-65.40,1031501,SMA Buy,39.27,1.64days
17/06/2025 20:13:36,buy,0.10,EURUSD,1.14972,19/06/2025 12:02:24,1.14787,-0.50,-3.07,-18.50,-22.07,26.40,26.50,-53.57,-50.00,1031501,SMA Buy,39.81,1.66days
17/06/2025 19:51:43,sell,0.05,USDCAD,1.36163,19/06/2025 12:02:24,1.37066,-0.25,-0.72,-90.30,-33.91,1.92,5.90,-42.34,-113.60,2031501,SMA Sell,40.18,1.67days
18/06/2025 07:54:00,buy,0.23,GBPAUD,2.06815,19/06/2025 12:02:23,2.07366,-1.15,-2.21,55.10,78.72,78.72,55.10,-125.63,-81.70,1031501,SMA Buy,28.14,1.17days
17/06/2025 23:17:55,sell,0.10,USDCAD,1.36718,19/06/2025 12:02:23,1.37066,-0.50,-1.44,-34.80,-27.33,21.23,31.60,-44.26,-58.10,2031501,SMA Sell,36.74,1.53days
17/06/2025 21:22:51,sell,0.07,USDCAD,1.36363,19/06/2025 12:02:23,1.37066,-0.35,-1.00,-70.30,-37.25,0.00,0.00,-49.07,-93.60,2031501,SMA Sell,38.66,1.61days
18/06/2025 09:18:45,sell,0.05,AUDCAD,0.88891,19/06/2025 12:02:22,0.88762,-0.25,-0.70,12.90,3.75,7.89,22.20,-13.00,-34.90,2031501,SMA Sell,26.73,1.11days
18/06/2025 09:02:33,sell,0.03,GBPCAD,1.83824,19/06/2025 12:02:22,1.84070,-0.15,-0.96,-24.60,-6.50,8.47,39.20,-11.61,-52.30,2031501,SMA Sell,27.00,1.12days
18/06/2025 08:57:12,sell,0.02,GBPCAD,1.83641,19/06/2025 12:02:22,1.84070,-0.10,-0.64,-42.90,-7.00,2.96,20.90,-10.42,-70.60,2031501,SMA Sell,27.09,1.13days
18/06/2025 17:37:11,sell,0.07,AUDCAD,0.89090,19/06/2025 12:02:21,0.88763,-0.35,-0.98,32.70,15.37,18.82,39.50,-8.02,-15.00,2031501,SMA Sell,18.42,18.42hrs
18/06/2025 17:03:58,buy,0.34,GBPAUD,2.06568,19/06/2025 12:02:21,2.07371,-1.70,-3.27,80.30,171.85,171.85,80.30,-131.07,-57.00,1031501,SMA Buy,18.97,18.97hrs
18/06/2025 12:22:06,sell,0.05,GBPCAD,1.84024,19/06/2025 12:02:21,1.84071,-0.25,-1.60,-4.70,-3.56,21.45,59.20,-12.05,-32.30,2031501,SMA Sell,23.67,23.67hrs
18/06/2025 21:08:08,buy,0.51,GBPAUD,2.06203,19/06/2025 12:02:20,2.07362,-2.55,-4.90,115.90,375.37,375.37,115.90,-75.48,-20.50,1031501,SMA Buy,14.90,14.90hrs
18/06/2025 18:17:48,sell,0.15,USDCAD,1.36929,19/06/2025 12:02:20,1.37067,-0.75,0.00,-13.80,-15.85,35.38,32.90,-41.17,-37.00,2031501,SMA Sell,17.74,17.74hrs
18/06/2025 17:55:26,sell,0.07,GBPCAD,1.84233,19/06/2025 12:02:20,1.84072,-0.35,-2.24,16.10,5.63,34.52,68.20,-6.18,-11.40,2031501,SMA Sell,18.11,18.11hrs
18/06/2025 17:51:13,buy,0.15,EURAUD,1.76509,19/06/2025 12:02:20,1.77217,-0.75,-4.67,70.80,63.36,74.87,82.80,-26.79,-21.90,1031501,SMA Buy,18.19,18.19hrs
18/06/2025 22:01:28,buy,0.51,GBPUSD,1.34071,19/06/2025 12:02:19,1.34315,-2.55,-4.67,24.40,117.22,117.22,24.40,-128.60,-23.80,1031501,SMA Buy,14.01,14.01hrs
18/06/2025 22:00:02,buy,0.15,EURUSD,1.14747,19/06/2025 12:02:19,1.14782,-0.75,-4.60,3.50,-0.10,13.85,12.80,-46.60,-27.50,1031501,SMA Buy,14.04,14.04hrs
18/06/2025 21:48:20,buy,0.34,GBPUSD,1.34270,19/06/2025 12:02:19,1.34309,-1.70,-3.11,3.90,8.45,8.45,3.90,-153.39,-43.70,1031501,SMA Buy,14.23,14.23hrs
19/06/2025 09:07:53,buy,0.77,GBPUSD,1.33870,19/06/2025 12:02:18,1.34323,-3.85,0.00,45.30,344.96,344.96,45.30,-32.34,-3.70,1031501,SMA Buy,2.91,2.91hrs
19/06/2025 04:59:23,buy,0.23,EURUSD,1.14526,19/06/2025 12:02:18,1.14784,-1.15,0.00,25.80,58.19,58.19,25.80,-13.57,-5.40,1031501,SMA Buy,7.05,7.05hrs
19/06/2025 04:58:23,sell,0.23,USDCAD,1.37137,19/06/2025 12:02:18,1.37066,-1.15,0.00,7.10,10.76,10.76,7.10,-28.29,-16.20,2031501,SMA Sell,7.07,7.07hrs
16/06/2025 12:57:08,sell,0.02,GBPCAD,1.84358,17/06/2025 19:51:36,1.83387,-0.10,-0.44,97.10,13.73,14.16,100.10,-2.11,-13.60,2031501,SMA Sell,30.91,1.29days
13/06/2025 04:37:19,sell,0.03,USDCAD,1.36444,16/06/2025 16:54:11,1.35561,-0.15,-0.21,88.30,19.18,22.44,102.90,-1.51,-6.20,2031501,SMA Sell,84.28,3.51days
12/06/2025 16:57:02,sell,0.02,USDCAD,1.36242,16/06/2025 16:54:11,1.35562,-0.10,-0.56,68.00,9.37,11.55,82.70,-4.39,-26.40,2031501,SMA Sell,95.95,4.00days
13/06/2025 07:27:09,buy,0.07,EURUSD,1.15187,16/06/2025 16:49:27,1.15916,-0.35,-0.65,72.90,50.03,56.68,82.40,-20.23,-28.40,1031501,SMA Buy,81.37,3.39days
13/06/2025 03:36:04,buy,0.03,EURUSD,1.15594,16/06/2025 16:49:26,1.15916,-0.15,-0.28,32.20,9.23,12.08,41.70,-20.88,-69.10,1031501,SMA Buy,85.22,3.55days
13/06/2025 13:48:15,buy,0.10,EURUSD,1.14975,16/06/2025 16:49:25,1.15913,-0.50,-0.93,93.80,92.37,102.17,103.60,-7.70,-7.20,1031501,SMA Buy,75.02,3.13days
13/06/2025 04:21:27,buy,0.05,EURUSD,1.15390,16/06/2025 16:49:25,1.15914,-0.25,-0.46,52.40,25.49,30.34,62.10,-24.60,-48.70,1031501,SMA Buy,84.47,3.52days
12/06/2025 13:54:37,buy,0.02,EURUSD,1.15966,16/06/2025 16:49:23,1.15920,-0.10,-0.38,-4.60,-1.40,1.79,10.40,-21.55,-106.30,1031501,SMA Buy,98.91,4.12days
12/06/2025 11:00:02,buy,0.02,EURCAD,1.57509,12/06/2025 15:31:26,1.58280,-0.10,0.00,77.10,11.21,11.21,77.10,-0.10,0.00,1031501,SMA Buy,4.52,4.52hrs
12/06/2025 09:33:12,buy,0.02,EURAUD,1.77155,12/06/2025 13:02:06,1.78010,-0.10,0.00,85.50,11.01,11.74,91.10,-0.78,-5.20,1031501,SMA Buy,3.48,3.48hrs
12/06/2025 10:33:07,buy,0.02,EURUSD,1.15118,12/06/2025 12:54:36,1.15750,-0.10,0.00,63.20,12.54,12.54,63.20,-0.96,-4.60,1031501,SMA Buy,2.36,2.36hrs
02/06/2025 17:49:25,sell,0.05,AUDCAD,0.88975,12/06/2025 09:33:13,0.88751,-0.25,-2.81,22.40,5.15,15.64,44.90,-20.50,-50.40,2031501,SMA Sell,231.73,9.66days
02/06/2025 12:35:42,sell,0.03,AUDCAD,0.88774,12/06/2025 09:33:13,0.88751,-0.15,-1.67,2.30,-1.31,4.98,24.80,-16.69,-70.50,2031501,SMA Sell,236.96,9.87days
02/06/2025 07:30:04,sell,0.02,AUDCAD,0.88543,12/06/2025 09:33:13,0.88751,-0.10,-1.11,-20.80,-4.26,0.00,1.70,-14.50,-93.60,2031501,SMA Sell,242.05,10.09days
09/06/2025 08:00:20,buy,0.02,AUDUSD,0.65157,12/06/2025 09:33:12,0.65026,-0.10,-0.21,-13.10,-2.93,5.78,29.70,-6.51,-31.00,1031501,SMA Buy,73.55,3.06days
05/06/2025 16:29:26,sell,0.07,AUDCAD,0.89180,12/06/2025 09:33:12,0.88751,-0.35,-1.98,42.90,19.67,24.35,52.10,-16.28,-29.90,2031501,SMA Sell,161.06,6.71days
06/06/2025 15:09:16,sell,0.05,USDCAD,1.36955,12/06/2025 09:33:11,1.36498,-0.25,-1.36,45.70,15.13,15.57,46.90,-11.35,-28.60,2031501,SMA Sell,138.40,5.77days
06/06/2025 11:21:57,sell,0.03,USDCAD,1.36744,12/06/2025 09:33:11,1.36498,-0.15,-0.84,24.60,4.42,4.68,25.80,-11.43,-49.70,2031501,SMA Sell,142.19,5.92days
05/06/2025 17:58:12,sell,0.02,USDCAD,1.36542,12/06/2025 09:33:11,1.36498,-0.10,-0.97,4.40,-0.43,0.85,6.50,-10.98,-69.90,2031501,SMA Sell,159.58,6.65days
10/06/2025 06:25:34,sell,0.10,AUDCAD,0.89382,12/06/2025 09:33:10,0.88751,-0.50,-1.89,63.10,43.84,50.50,72.30,-7.58,-9.70,2031501,SMA Sell,51.13,2.13days
10/06/2025 02:51:23,sell,0.03,EURAUD,1.75338,12/06/2025 09:33:10,1.77149,-0.15,0.21,-181.10,-35.27,13.54,69.90,-44.56,-229.30,2031501,SMA Sell,54.70,2.28days
09/06/2025 16:57:15,sell,0.02,EURAUD,1.75135,12/06/2025 09:33:10,1.77149,-0.10,0.19,-201.40,-26.10,6.42,49.60,-32.29,-249.60,2031501,SMA Sell,64.60,2.69days
11/06/2025 04:49:37,sell,0.03,GBPAUD,2.07237,12/06/2025 09:33:09,2.08536,-0.15,-0.53,-129.90,-26.02,9.17,47.70,-43.36,-219.30,2031501,SMA Sell,28.73,1.20days
10/06/2025 12:57:10,sell,0.02,GBPAUD,2.07020,12/06/2025 09:33:09,2.08536,-0.10,-0.47,-151.60,-20.29,3.17,26.00,-31.84,-241.00,2031501,SMA Sell,44.60,1.86days
10/06/2025 10:00:25,buy,0.03,AUDUSD,0.64954,12/06/2025 09:33:09,0.65026,-0.15,-0.27,7.20,1.74,14.81,50.00,-3.63,-10.70,1031501,SMA Buy,47.55,1.98days
10/06/2025 09:57:21,sell,0.07,USDCAD,1.37171,12/06/2025 09:33:09,1.36498,-0.35,-0.96,67.30,33.20,33.82,68.50,-3.92,-7.00,2031501,SMA Sell,47.60,1.98days
11/06/2025 15:14:52,sell,0.07,EURAUD,1.75863,12/06/2025 09:33:08,1.77152,-0.35,0.38,-128.90,-58.64,18.70,41.60,-80.25,-176.80,2031501,SMA Sell,18.30,18.30hrs
11/06/2025 15:14:47,sell,0.05,GBPAUD,2.07510,12/06/2025 09:33:08,2.08534,-0.25,-0.88,-102.40,-34.43,16.17,50.20,-63.41,-192.00,2031501,SMA Sell,18.31,18.31hrs
11/06/2025 06:01:18,sell,0.05,EURAUD,1.75555,12/06/2025 09:33:08,1.77146,-0.25,0.27,-159.10,-51.71,13.00,40.70,-67.32,-207.60,2031501,SMA Sell,27.53,1.15days
11/06/2025 20:58:11,sell,0.10,GBPAUD,2.08011,12/06/2025 09:33:07,2.08533,-0.50,-1.76,-52.20,-36.21,0.00,0.00,-94.31,-141.90,2031501,SMA Sell,12.58,12.58hrs
11/06/2025 18:19:56,sell,0.07,GBPAUD,2.07777,12/06/2025 09:33:07,2.08533,-0.35,-1.23,-75.60,-35.99,5.22,12.20,-76.64,-165.30,2031501,SMA Sell,15.22,15.22hrs
11/06/2025 17:53:41,sell,0.10,EURAUD,1.76107,12/06/2025 09:33:07,1.77151,-0.50,0.54,-104.40,-67.85,3.48,6.10,-98.82,-152.40,2031501,SMA Sell,15.66,15.66hrs
11/06/2025 22:25:49,sell,0.23,EURAUD,1.76702,12/06/2025 09:33:06,1.77151,-1.15,1.24,-44.90,-67.07,7.97,6.10,-138.52,-92.90,2031501,SMA Sell,11.12,11.12hrs
11/06/2025 21:15:01,sell,0.15,GBPAUD,2.08232,12/06/2025 09:33:06,2.08535,-0.75,-2.64,-30.30,-32.95,1.69,2.60,-119.96,-119.80,2031501,SMA Sell,12.30,12.30hrs
11/06/2025 21:13:53,sell,0.15,EURAUD,1.76501,12/06/2025 09:33:06,1.77150,-0.75,0.81,-64.90,-63.25,1.30,2.10,-109.89,-113.00,2031501,SMA Sell,12.32,12.32hrs
12/06/2025 03:50:02,sell,0.34,EURAUD,1.77090,12/06/2025 09:33:05,1.77151,-1.70,0.00,-6.10,-15.19,3.39,2.20,-121.02,-54.10,2031501,SMA Sell,5.72,5.72hrs
12/06/2025 03:00:01,buy,0.02,EURCAD,1.57289,12/06/2025 09:33:05,1.57204,-0.10,0.00,-8.50,-1.34,2.65,18.80,-2.49,-16.30,1031501,SMA Buy,6.55,6.55hrs
12/06/2025 00:15:39,buy,0.02,EURUSD,1.14867,12/06/2025 09:33:05,1.15194,-0.10,0.00,32.70,6.44,8.32,42.10,-0.74,-3.20,1031501,SMA Buy,9.29,9.29hrs
12/06/2025 04:29:31,sell,0.51,EURAUD,1.77298,12/06/2025 09:33:04,1.77153,-2.55,0.00,14.50,45.54,73.76,23.00,-112.72,-33.30,2031501,SMA Sell,5.06,5.06hrs
12/06/2025 04:23:44,sell,0.34,GBPAUD,2.08989,12/06/2025 09:33:04,2.08534,-1.70,0.00,45.50,98.91,98.91,45.50,-98.97,-44.10,2031501,SMA Sell,5.16,5.16hrs
12/06/2025 03:50:21,sell,0.23,GBPAUD,2.08789,12/06/2025 09:33:04,2.08534,-1.15,0.00,25.50,36.99,36.99,25.50,-96.79,-64.10,2031501,SMA Sell,5.71,5.71hrs
12/06/2025 04:43:54,sell,0.77,GBPAUD,2.09368,12/06/2025 09:33:03,2.08536,-3.85,0.00,83.20,412.76,412.76,83.20,-34.82,-6.20,2031501,SMA Sell,4.82,4.82hrs
12/06/2025 04:40:15,sell,0.77,EURAUD,1.77500,12/06/2025 09:33:03,1.77153,-3.85,0.00,34.70,169.91,212.56,43.20,-69.28,-13.10,2031501,SMA Sell,4.88,4.88hrs
12/06/2025 04:37:28,sell,0.51,GBPAUD,2.09194,12/06/2025 09:33:03,2.08535,-2.55,0.00,65.90,216.01,216.01,65.90,-80.63,-23.60,2031501,SMA Sell,4.93,4.93hrs
06/06/2025 16:26:52,buy,0.07,GBPUSD,1.35086,11/06/2025 20:39:44,1.35531,-0.35,-0.63,44.50,30.17,49.56,71.60,-31.85,-44.40,1031501,SMA Buy,124.21,5.18days
06/06/2025 09:23:24,buy,0.03,GBPUSD,1.35476,11/06/2025 20:39:44,1.35531,-0.15,-0.27,5.50,1.23,9.54,32.60,-25.35,-83.40,1031501,SMA Buy,131.27,5.47days
10/06/2025 10:07:26,buy,0.15,GBPUSD,1.34654,11/06/2025 20:39:43,1.35533,-0.75,-0.45,87.90,130.65,141.45,95.10,-2.55,-1.20,1031501,SMA Buy,34.54,1.44days
10/06/2025 09:55:11,buy,0.10,GBPUSD,1.34883,11/06/2025 20:39:42,1.35532,-0.50,-0.30,64.90,64.10,71.40,72.20,-24.60,-24.10,1031501,SMA Buy,34.74,1.45days
06/06/2025 15:30:16,buy,0.05,GBPUSD,1.35287,11/06/2025 20:39:41,1.35528,-0.25,-0.45,24.10,11.35,25.35,51.50,-32.80,-64.50,1031501,SMA Buy,125.16,5.21days
05/06/2025 11:30:07,buy,0.02,GBPUSD,1.35676,11/06/2025 20:39:41,1.35528,-0.10,-0.24,-14.80,-3.30,9.32,47.10,-20.96,-103.40,1031501,SMA Buy,153.16,6.38days
03/06/2025 14:23:19,sell,0.03,USDCAD,1.37396,05/06/2025 16:58:12,1.36494,-0.15,-0.42,90.20,19.26,21.85,101.90,-0.91,-3.50,2031501,SMA Sell,50.58,2.11days
02/06/2025 04:00:29,sell,0.02,USDCAD,1.37172,05/06/2025 16:58:10,1.36488,-0.10,-0.42,68.40,9.50,11.14,79.50,-4.01,-25.90,2031501,SMA Sell,84.96,3.54days
03/06/2025 05:16:47,buy,0.03,AUDUSD,0.64769,05/06/2025 16:57:50,0.65267,-0.15,-0.34,49.80,14.45,17.33,59.40,-8.70,-28.50,1031501,SMA Buy,59.68,2.49days
03/06/2025 08:29:01,buy,0.05,AUDUSD,0.64534,05/06/2025 16:57:49,0.65268,-0.25,-0.57,73.40,35.88,40.63,82.90,-2.75,-5.00,1031501,SMA Buy,56.48,2.35days
02/06/2025 23:00:03,buy,0.02,AUDUSD,0.64972,05/06/2025 16:57:47,0.65269,-0.10,-0.26,29.70,5.58,7.46,39.10,-9.90,-48.80,1031501,SMA Buy,65.96,2.75days
04/06/2025 08:34:49,buy,0.07,EURUSD,1.13578,05/06/2025 15:39:02,1.14384,-0.35,-1.95,80.60,54.12,56.50,84.00,0.00,0.00,1031501,SMA Buy,31.07,1.29days
03/06/2025 15:34:10,buy,0.05,EURUSD,1.13782,05/06/2025 15:39:01,1.14384,-0.25,-1.85,60.20,28.00,29.70,63.60,-9.76,-18.10,1031501,SMA Buy,48.08,2.00days
03/06/2025 13:31:54,buy,0.03,EURUSD,1.14002,05/06/2025 15:39:01,1.14385,-0.15,-1.12,38.30,10.22,11.21,41.60,-12.46,-40.10,1031501,SMA Buy,50.12,2.09days
02/06/2025 16:57:09,buy,0.02,EURUSD,1.14195,05/06/2025 15:39:00,1.14379,-0.10,-0.94,18.40,2.64,6.59,34.40,-12.36,-59.40,1031501,SMA Buy,70.70,2.95days
22/05/2025 02:00:22,sell,0.02,AUDCAD,0.89165,29/05/2025 13:20:03,0.89021,-0.10,-0.54,14.40,1.45,7.96,56.70,-5.32,-35.10,2031501,SMA Sell,179.33,7.47days
27/05/2025 07:48:12,buy,0.05,AUDUSD,0.64715,29/05/2025 13:20:02,0.64406,-0.25,-0.43,-30.90,-16.13,7.20,14.90,-32.68,-64.00,1031501,SMA Buy,53.53,2.23days
26/05/2025 19:36:04,buy,0.03,AUDUSD,0.64917,29/05/2025 13:20:02,0.64406,-0.15,-0.31,-51.10,-15.79,0.51,2.90,-25.72,-84.20,1031501,SMA Buy,65.73,2.74days
26/05/2025 04:57:18,buy,0.02,AUDUSD,0.65303,29/05/2025 13:20:02,0.64406,-0.10,-0.21,-89.70,-18.25,1.12,6.10,-24.87,-122.80,1031501,SMA Buy,80.38,3.35days
22/05/2025 11:05:08,sell,0.03,AUDCAD,0.89377,29/05/2025 13:20:02,0.89021,-0.15,-0.83,35.60,6.75,16.56,77.90,-3.34,-13.90,2031501,SMA Sell,170.25,7.09days
28/05/2025 16:15:08,buy,0.15,AUDUSD,0.64119,29/05/2025 13:20:01,0.64406,-0.75,-0.95,28.70,41.35,53.65,37.20,-8.30,-4.40,1031501,SMA Buy,21.08,21.08hrs
28/05/2025 04:51:22,buy,0.10,AUDUSD,0.64320,29/05/2025 13:20:01,0.64406,-0.50,-0.63,8.60,7.47,15.67,17.10,-25.63,-24.50,1031501,SMA Buy,32.48,1.35days
27/05/2025 10:50:12,buy,0.07,AUDUSD,0.64514,29/05/2025 13:20:01,0.64406,-0.35,-0.59,-10.80,-8.50,5.18,7.90,-31.67,-43.90,1031501,SMA Buy,50.50,2.10days
21/05/2025 16:16:29,buy,0.03,EURCAD,1.57046,29/05/2025 13:20:00,1.55987,-0.15,-1.55,-105.90,-24.69,6.60,31.20,-37.63,-166.00,1031501,SMA Buy,189.06,7.88days
21/05/2025 12:00:09,buy,0.02,EURCAD,1.57318,29/05/2025 13:20:00,1.55987,-0.10,-1.02,-133.10,-20.38,3.36,24.00,-29.00,-193.20,1031501,SMA Buy,193.33,8.06days
22/05/2025 17:52:40,buy,0.07,EURCAD,1.56465,29/05/2025 13:19:59,1.55987,-0.35,-2.16,-47.80,-26.71,24.30,48.60,-57.01,-107.90,1031501,SMA Buy,163.46,6.81days
21/05/2025 18:20:10,buy,0.05,EURCAD,1.56844,29/05/2025 13:19:59,1.55987,-0.25,-2.59,-85.70,-33.84,8.32,25.20,-55.44,-145.80,1031501,SMA Buy,187.00,7.79days
29/05/2025 02:37:55,buy,0.34,EURCAD,1.55556,29/05/2025 13:19:58,1.55987,-1.70,0.00,43.10,104.31,104.31,43.10,-43.41,-17.00,1031501,SMA Buy,10.70,10.70hrs
29/05/2025 02:36:21,buy,0.23,EURCAD,1.55809,29/05/2025 13:19:58,1.55987,-1.15,0.00,17.80,28.47,28.47,17.80,-71.35,-42.30,1031501,SMA Buy,10.73,10.73hrs
23/05/2025 16:51:04,buy,0.15,EURCAD,1.56011,29/05/2025 13:19:58,1.55987,-0.75,-4.64,-2.40,-7.99,68.94,65.40,-73.04,-62.50,1031501,SMA Buy,140.48,5.85days
22/05/2025 19:58:00,buy,0.10,EURCAD,1.56263,29/05/2025 13:19:58,1.55987,-0.50,-3.09,-27.60,-23.56,49.34,68.80,-66.87,-87.70,1031501,SMA Buy,161.37,6.72days
27/05/2025 10:57:58,buy,0.05,EURUSD,1.13383,29/05/2025 13:19:57,1.12869,-0.25,-1.85,-51.40,-27.80,17.45,35.40,-64.95,-125.70,1031501,SMA Buy,50.37,2.10days
27/05/2025 10:20:15,buy,0.03,EURUSD,1.13587,29/05/2025 13:19:57,1.12869,-0.15,-1.12,-71.80,-22.81,4.35,15.00,-45.10,-146.10,1031501,SMA Buy,50.99,2.12days
26/05/2025 20:57:49,buy,0.02,EURUSD,1.13805,29/05/2025 13:19:57,1.12870,-0.10,-0.94,-93.50,-19.74,4.89,25.40,-34.62,-167.90,1031501,SMA Buy,64.37,2.68days
29/05/2025 02:32:39,buy,0.15,EURUSD,1.12636,29/05/2025 13:19:56,1.12871,-0.75,0.00,23.50,34.50,34.50,23.50,-77.25,-51.00,1031501,SMA Buy,10.79,10.79hrs
28/05/2025 18:37:29,buy,0.10,EURUSD,1.12880,29/05/2025 13:19:56,1.12870,-0.50,-2.78,-1.00,-4.28,9.80,10.30,-78.68,-75.40,1031501,SMA Buy,18.71,18.71hrs
28/05/2025 04:09:57,buy,0.07,EURUSD,1.13182,29/05/2025 13:19:56,1.12870,-0.35,-1.95,-31.20,-24.14,12.67,18.60,-76.22,-105.60,1031501,SMA Buy,33.17,1.38days
29/05/2025 02:40:38,buy,0.34,EURUSD,1.12192,29/05/2025 13:19:55,1.12871,-1.70,0.00,67.90,229.16,229.16,67.90,-24.14,-6.60,1031501,SMA Buy,10.65,10.65hrs
29/05/2025 02:37:38,buy,0.23,EURUSD,1.12392,29/05/2025 13:19:55,1.12871,-1.15,0.00,47.90,109.02,109.02,47.90,-62.33,-26.60,1031501,SMA Buy,10.70,10.70hrs
23/05/2025 17:03:31,buy,0.05,GBPCAD,1.85742,29/05/2025 13:19:54,1.86260,-0.25,0.29,51.80,18.77,36.14,100.50,-7.47,-19.80,1031501,SMA Buy,140.27,5.84days
21/05/2025 12:23:14,buy,0.03,GBPCAD,1.86076,29/05/2025 13:19:54,1.86262,-0.15,0.37,18.60,4.25,14.64,67.10,-11.59,-53.20,1031501,SMA Buy,192.94,8.04days
21/05/2025 10:44:05,buy,0.02,GBPCAD,1.86453,29/05/2025 13:19:54,1.86264,-0.10,0.24,-18.90,-2.60,4.30,29.40,-13.23,-90.90,1031501,SMA Buy,194.60,8.11days
27/05/2025 18:58:04,buy,0.07,GBPUSD,1.35003,29/05/2025 13:19:53,1.34780,-0.35,-0.85,-22.30,-16.81,14.14,21.00,-57.90,-81.00,1031501,SMA Buy,42.36,1.77days
27/05/2025 17:43:49,buy,0.05,GBPUSD,1.35203,29/05/2025 13:19:53,1.34779,-0.25,-0.60,-42.40,-22.05,3.90,8.30,-51.35,-101.00,1031501,SMA Buy,43.60,1.82days
27/05/2025 08:11:20,buy,0.03,GBPUSD,1.35400,29/05/2025 13:19:53,1.34779,-0.15,-0.36,-62.10,-19.14,8.31,28.20,-36.72,-120.70,1031501,SMA Buy,53.14,2.21days
26/05/2025 20:57:44,buy,0.02,GBPUSD,1.35612,29/05/2025 13:19:53,1.34773,-0.10,-0.30,-83.90,-17.18,4.88,25.20,-28.78,-141.90,1031501,SMA Buy,64.37,2.68days
29/05/2025 02:11:26,buy,0.15,GBPUSD,1.34558,29/05/2025 13:19:52,1.34780,-0.75,0.00,22.20,32.55,34.05,23.20,-55.50,-36.50,1031501,SMA Buy,11.14,11.14hrs
28/05/2025 06:20:29,buy,0.10,GBPUSD,1.34803,29/05/2025 13:19:52,1.34780,-0.50,-0.91,-2.30,-3.71,33.60,34.10,-62.41,-61.00,1031501,SMA Buy,30.99,1.29days
29/05/2025 02:44:59,buy,0.34,GBPUSD,1.34155,29/05/2025 13:19:51,1.34779,-1.70,0.00,62.40,210.46,214.20,63.50,0.00,0.00,1031501,SMA Buy,10.58,10.58hrs
29/05/2025 02:36:24,buy,0.23,GBPUSD,1.34354,29/05/2025 13:19:51,1.34780,-1.15,0.00,42.60,96.83,99.13,43.60,-38.18,-16.10,1031501,SMA Buy,10.72,10.72hrs
27/05/2025 18:58:44,sell,0.05,USDCAD,1.37789,29/05/2025 13:19:50,1.38222,-0.25,-0.68,-43.30,-16.59,2.44,7.40,-30.47,-81.90,2031501,SMA Sell,42.35,1.76days
27/05/2025 10:30:30,sell,0.03,USDCAD,1.37550,29/05/2025 13:19:50,1.38222,-0.15,-0.40,-67.20,-15.14,0.79,4.30,-23.45,-105.80,2031501,SMA Sell,50.82,2.12days
27/05/2025 01:00:09,sell,0.02,USDCAD,1.37346,29/05/2025 13:19:50,1.38222,-0.10,-0.28,-87.60,-13.06,1.52,11.10,-18.59,-126.20,2031501,SMA Sell,60.33,2.51days
27/05/2025 22:58:00,sell,0.10,USDCAD,1.38236,29/05/2025 13:19:49,1.38222,-0.50,-1.36,1.40,-0.85,14.18,21.20,-28.70,-37.20,2031501,SMA Sell,38.36,1.60days
27/05/2025 22:17:12,sell,0.07,USDCAD,1.37989,29/05/2025 13:19:49,1.38222,-0.35,-0.96,-23.30,-13.11,0.00,0.60,-32.57,-61.90,2031501,SMA Sell,39.04,1.63days
28/05/2025 16:15:16,sell,0.15,USDCAD,1.38441,29/05/2025 13:19:48,1.38222,-0.75,-1.02,21.90,22.00,33.24,31.30,-19.84,-16.70,2031501,SMA Sell,21.08,21.08hrs
23/05/2025 17:25:57,buy,0.07,EURAUD,1.74978,27/05/2025 15:46:36,1.76077,-0.35,-1.32,109.90,47.98,56.31,128.50,-16.93,-34.80,1031501,SMA Buy,94.34,3.93days
21/05/2025 18:25:33,buy,0.03,EURAUD,1.75465,27/05/2025 15:46:36,1.76079,-0.15,-1.51,61.40,10.23,15.70,87.10,-17.75,-83.50,1031501,SMA Buy,141.35,5.89days
26/05/2025 04:43:35,buy,0.10,EURAUD,1.74705,27/05/2025 15:46:35,1.76079,-0.50,-0.94,137.40,87.23,98.99,155.80,-5.40,-7.50,1031501,SMA Buy,35.05,1.46days
23/05/2025 17:23:41,buy,0.05,EURAUD,1.75178,27/05/2025 15:46:34,1.76079,-0.25,-0.94,90.10,27.89,33.78,108.50,-18.63,-54.80,1031501,SMA Buy,94.38,3.93days
21/05/2025 12:00:01,buy,0.02,EURAUD,1.75833,27/05/2025 15:46:33,1.76079,-0.10,-1.02,24.60,2.06,5.73,50.30,-16.66,-120.30,1031501,SMA Buy,147.78,6.16days
23/05/2025 17:24:01,buy,0.07,GBPAUD,2.08510,27/05/2025 05:56:08,2.09371,-0.35,-0.22,86.10,38.49,43.65,97.50,-31.23,-67.50,1031501,SMA Buy,84.54,3.52days
23/05/2025 04:42:05,buy,0.03,GBPAUD,2.09083,27/05/2025 05:56:08,2.09371,-0.15,-0.09,28.80,5.36,8.88,46.80,-24.62,-124.80,1031501,SMA Buy,97.23,4.05days
26/05/2025 04:47:20,buy,0.10,GBPAUD,2.07942,27/05/2025 05:56:07,2.09371,-0.50,-0.31,142.90,91.79,99.17,154.30,-7.49,-10.70,1031501,SMA Buy,25.15,1.05days
23/05/2025 06:26:21,buy,0.05,GBPAUD,2.08858,27/05/2025 05:56:06,2.09371,-0.25,-0.16,51.30,16.21,22.04,69.30,-33.68,-102.30,1031501,SMA Buy,95.50,3.98days
22/05/2025 18:44:29,buy,0.02,GBPAUD,2.09303,27/05/2025 05:56:05,2.09371,-0.10,-0.13,6.80,0.65,3.02,24.80,-19.36,-146.80,1031501,SMA Buy,107.19,4.47days
23/05/2025 15:27:36,buy,0.02,GBPUSD,1.34922,26/05/2025 05:15:16,1.35816,-0.10,0.00,89.40,17.78,19.26,96.80,-2.04,-9.80,1031501,SMA Buy,61.79,2.57days
21/05/2025 13:00:36,sell,0.02,USDCAD,1.38875,23/05/2025 16:11:36,1.38090,-0.10,-0.70,78.50,10.57,12.93,94.60,-0.88,-5.20,2031501,SMA Sell,51.18,2.13days
22/05/2025 18:08:25,buy,0.07,EURUSD,1.12666,23/05/2025 14:44:45,1.13459,-0.35,0.00,79.30,55.16,72.17,103.60,-7.77,-10.60,1031501,SMA Buy,20.61,20.61hrs
22/05/2025 12:34:32,buy,0.05,EURUSD,1.12922,23/05/2025 14:44:44,1.13440,-0.25,0.00,51.80,25.65,38.75,78.00,-18.35,-36.20,1031501,SMA Buy,26.17,1.09days
22/05/2025 10:13:21,buy,0.03,EURUSD,1.13119,23/05/2025 14:44:43,1.13475,-0.15,0.00,35.60,10.53,17.34,58.30,-16.92,-55.90,1031501,SMA Buy,28.52,1.19days
21/05/2025 16:57:10,buy,0.02,EURUSD,1.13336,23/05/2025 14:44:41,1.13440,-0.10,-0.74,10.40,1.24,6.48,36.60,-16.36,-77.60,1031501,SMA Buy,45.79,1.91days
22/05/2025 11:50:57,buy,0.03,GBPUSD,1.34081,23/05/2025 14:24:51,1.35029,-0.15,-0.09,94.80,28.20,28.68,96.40,-4.80,-15.50,1031501,SMA Buy,26.57,1.11days
21/05/2025 16:00:44,buy,0.02,GBPUSD,1.34280,23/05/2025 14:24:49,1.35031,-0.10,-0.30,75.10,14.62,14.90,76.50,-7.42,-35.40,1031501,SMA Buy,46.40,1.93days
22/05/2025 11:16:00,buy,0.03,GBPAUD,2.08049,22/05/2025 17:43:30,2.09101,-0.15,0.00,105.20,20.11,23.59,123.30,-1.22,-5.50,1031501,SMA Buy,6.46,6.46hrs
21/05/2025 13:03:41,buy,0.02,GBPAUD,2.08281,22/05/2025 17:43:28,2.09104,-0.10,-0.27,82.30,10.19,12.48,100.10,-5.34,-40.50,1031501,SMA Buy,28.66,1.19days
14/05/2025 12:57:16,buy,0.02,AUDCAD,0.90163,21/05/2025 10:35:05,0.89504,-0.10,0.08,-65.90,-9.51,0.70,5.50,-15.62,-108.50,1031501,SMA Buy,165.63,6.90days
16/05/2025 03:49:01,buy,0.07,AUDCAD,0.89261,21/05/2025 10:35:04,0.89504,-0.35,0.12,24.30,12.02,42.05,84.40,-9.47,-18.30,1031501,SMA Buy,126.77,5.28days
15/05/2025 13:25:22,buy,0.05,AUDCAD,0.89631,21/05/2025 10:35:04,0.89504,-0.25,0.09,-12.70,-4.73,16.79,47.40,-20.05,-55.30,1031501,SMA Buy,141.16,5.88days
14/05/2025 19:40:46,buy,0.03,AUDCAD,0.89910,21/05/2025 10:35:04,0.89504,-0.15,0.13,-40.60,-8.79,4.15,19.50,-17.97,-83.20,1031501,SMA Buy,158.91,6.62days
14/05/2025 19:41:56,buy,0.05,AUDUSD,0.64274,21/05/2025 10:35:03,0.64464,-0.25,-0.69,19.00,8.56,17.86,37.20,-19.69,-38.20,1031501,SMA Buy,158.89,6.62days
14/05/2025 17:33:02,buy,0.03,AUDUSD,0.64478,21/05/2025 10:35:03,0.64464,-0.15,-0.41,-1.40,-0.98,4.60,16.80,-17.96,-58.60,1031501,SMA Buy,161.03,6.71days
14/05/2025 12:57:31,buy,0.02,AUDUSD,0.64814,21/05/2025 10:35:03,0.64464,-0.10,-0.28,-35.00,-7.38,0.00,0.20,-18.70,-92.20,1031501,SMA Buy,165.63,6.90days
15/05/2025 13:28:56,buy,0.07,AUDUSD,0.64074,21/05/2025 10:35:02,0.64464,-0.35,-0.52,39.00,26.43,39.43,57.20,-13.15,-18.00,1031501,SMA Buy,141.10,5.88days
01/05/2025 01:00:54,sell,0.02,USDCAD,1.37951,21/05/2025 10:35:02,1.38854,-0.10,-2.86,-90.30,-15.97,4.71,38.30,-33.26,-220.00,2031501,SMA Sell,489.57,20.40days
29/04/2025 09:00:03,buy,0.02,GBPUSD,1.34068,21/05/2025 10:35:02,1.34234,-0.10,-1.23,16.60,1.99,7.89,46.10,-52.82,-260.20,88,SMA BUY,529.58,22.07days
08/05/2025 10:01:01,sell,0.10,USDCAD,1.38783,21/05/2025 10:35:01,1.38854,-0.50,-9.01,-7.10,-14.62,12.13,17.50,-101.65,-136.80,2031501,SMA Sell,312.57,13.02days
01/05/2025 18:44:18,sell,0.07,USDCAD,1.38568,21/05/2025 10:35:01,1.38854,-0.35,-10.06,-28.60,-24.83,47.84,100.00,-85.66,-158.30,2031501,SMA Sell,471.85,19.66days
01/05/2025 17:53:28,sell,0.05,USDCAD,1.38360,21/05/2025 10:35:01,1.38854,-0.25,-7.21,-49.40,-25.25,26.61,79.20,-68.61,-179.10,2031501,SMA Sell,472.69,19.70days
01/05/2025 10:19:32,sell,0.03,USDCAD,1.38155,21/05/2025 10:35:01,1.38854,-0.15,-4.33,-69.90,-19.58,11.50,58.70,-45.55,-199.60,2031501,SMA Sell,480.26,20.01days
09/05/2025 19:26:02,sell,0.34,USDCAD,1.39434,21/05/2025 10:35:00,1.38854,-1.70,-22.86,58.00,117.46,125.08,61.10,-179.87,-71.60,2031501,SMA Sell,279.15,11.63days
08/05/2025 19:22:53,sell,0.23,USDCAD,1.39224,21/05/2025 10:35:00,1.38854,-1.15,-20.74,37.00,39.40,44.55,40.10,-161.42,-92.70,2031501,SMA Sell,303.20,12.63days
08/05/2025 17:57:28,sell,0.15,USDCAD,1.39024,21/05/2025 10:35:00,1.38854,-0.75,-13.53,17.00,4.08,10.37,20.10,-126.68,-112.70,2031501,SMA Sell,304.63,12.69days
13/05/2025 16:52:46,sell,1.15,USDCAD,1.40105,21/05/2025 10:34:59,1.38854,-5.75,-59.77,125.10,970.57,996.48,128.20,-40.21,-4.20,2031501,SMA Sell,185.70,7.74days
13/05/2025 11:26:18,sell,0.77,USDCAD,1.39907,21/05/2025 10:34:59,1.38854,-3.85,-40.00,105.30,540.08,557.40,108.40,-135.71,-24.00,2031501,SMA Sell,191.14,7.96days
12/05/2025 10:23:11,sell,0.51,USDCAD,1.39642,21/05/2025 10:34:59,1.38854,-2.55,-30.39,78.80,256.49,267.94,81.90,-190.21,-50.80,2031501,SMA Sell,216.20,9.01days
21/05/2025 09:00:00,buy,0.02,EURAUD,1.75685,21/05/2025 10:34:58,1.75652,-0.10,0.00,-3.30,-0.53,0.39,3.80,-1.07,-7.50,1031501,SMA Buy,1.58,1.58hrs
21/05/2025 05:13:06,buy,0.02,GBPUSD,1.34259,21/05/2025 10:34:58,1.34246,-0.10,0.00,-1.30,-0.36,5.30,27.00,-2.02,-9.60,1031501,SMA Buy,5.36,5.36hrs
21/05/2025 04:51:55,buy,0.02,EURUSD,1.12932,21/05/2025 10:34:58,1.13240,-0.10,0.00,30.80,6.06,9.16,45.60,0.00,0.00,1031501,SMA Buy,5.72,5.72hrs
21/05/2025 10:00:30,buy,0.02,GBPAUD,2.08347,21/05/2025 10:34:57,2.08232,-0.10,0.00,-11.50,-1.59,0.96,8.20,-1.59,-11.50,1031501,SMA Buy,0.57,0.57hrs
21/05/2025 09:15:16,buy,0.02,EURCAD,1.57486,21/05/2025 10:34:57,1.57224,-0.10,0.00,-26.20,-3.88,0.00,0.00,-4.02,-27.20,1031501,SMA Buy,1.33,1.33hrs
20/05/2025 15:35:35,buy,0.07,GBPCAD,1.85928,21/05/2025 09:44:04,1.86797,-0.35,0.10,86.90,43.55,43.55,86.90,-11.01,-21.20,1031501,SMA Buy,18.14,18.14hrs
20/05/2025 12:43:35,buy,0.03,GBPCAD,1.86331,21/05/2025 09:44:03,1.86797,-0.15,0.04,46.60,9.96,9.96,46.60,-13.40,-61.50,1031501,SMA Buy,21.01,21.01hrs
20/05/2025 15:54:56,buy,0.10,GBPCAD,1.85724,21/05/2025 09:44:02,1.86791,-0.50,0.14,106.70,76.48,76.48,106.70,-1.07,-0.80,1031501,SMA Buy,17.82,17.82hrs
20/05/2025 15:23:06,buy,0.05,GBPCAD,1.86130,21/05/2025 09:44:02,1.86791,-0.25,0.07,66.10,23.63,23.63,66.10,-15.12,-41.40,1031501,SMA Buy,18.35,18.35hrs
19/05/2025 12:38:52,buy,0.02,GBPCAD,1.86700,21/05/2025 09:44:01,1.86790,-0.10,0.06,9.00,1.25,3.04,21.90,-14.21,-98.40,1031501,SMA Buy,45.09,1.88days
15/05/2025 09:33:01,sell,0.34,EURCAD,1.56629,21/05/2025 09:15:16,1.57486,-1.70,-2.30,-85.70,-213.82,212.26,88.00,-213.82,-85.70,2031501,SMA Sell,143.70,5.99days
13/05/2025 16:09:05,sell,0.07,EURCAD,1.55803,21/05/2025 09:15:15,1.57487,-0.35,-1.31,-168.40,-86.54,2.04,5.40,-86.54,-168.40,2031501,SMA Sell,185.10,7.71days
14/05/2025 11:03:27,sell,0.15,EURCAD,1.56214,21/05/2025 09:15:14,1.57475,-0.75,-2.44,-126.10,-139.40,47.66,46.50,-139.40,-126.10,2031501,SMA Sell,166.20,6.92days
19/05/2025 12:39:30,sell,1.15,EURCAD,1.57257,21/05/2025 09:15:13,1.57475,-5.75,-5.18,-21.80,-191.46,687.16,84.20,-191.46,-21.80,2031501,SMA Sell,44.60,1.86days
13/05/2025 10:24:04,sell,0.03,EURCAD,1.55404,21/05/2025 09:15:13,1.57481,-0.15,-0.56,-207.70,-45.58,3.75,18.20,-45.58,-207.70,2031501,SMA Sell,190.85,7.95days
19/05/2025 11:53:17,sell,0.77,EURCAD,1.57050,21/05/2025 09:15:12,1.57477,-3.85,-3.47,-42.70,-244.08,345.62,63.50,-244.08,-42.70,2031501,SMA Sell,45.37,1.89days
15/05/2025 10:09:09,sell,0.51,EURCAD,1.56845,21/05/2025 09:15:12,1.57475,-2.55,-3.45,-63.00,-237.37,397.26,109.60,-237.37,-63.00,2031501,SMA Sell,143.10,5.96days
14/05/2025 11:07:59,sell,0.23,EURCAD,1.56430,21/05/2025 09:15:11,1.57474,-1.15,-3.73,-104.40,-177.78,108.65,68.10,-177.78,-104.40,2031501,SMA Sell,166.12,6.92days
13/05/2025 16:34:35,sell,0.10,EURCAD,1.56006,21/05/2025 09:15:11,1.57477,-0.50,-1.87,-147.10,-108.29,17.49,25.70,-108.29,-147.10,2031501,SMA Sell,184.68,7.69days
13/05/2025 15:44:13,sell,0.05,EURCAD,1.55609,21/05/2025 09:15:10,1.57477,-0.25,-0.92,-186.80,-68.43,4.04,12.00,-68.43,-186.80,2031501,SMA Sell,185.52,7.73days
12/05/2025 22:00:02,sell,0.02,EURCAD,1.55179,21/05/2025 09:15:09,1.57479,-0.10,-0.43,-230.00,-33.65,2.64,19.00,-33.65,-230.00,2031501,SMA Sell,203.25,8.47days
14/05/2025 11:04:35,sell,0.34,GBPUSD,1.33421,21/05/2025 05:13:05,1.34259,-1.70,-4.61,-83.80,-291.23,302.35,90.50,-291.23,-83.80,2031501,SMA Sell,162.14,6.76days
13/05/2025 19:54:32,sell,0.15,GBPUSD,1.32907,21/05/2025 05:13:04,1.34259,-0.75,-2.32,-135.20,-205.87,56.00,39.10,-205.87,-135.20,2031501,SMA Sell,177.31,7.39days
13/05/2025 17:52:36,sell,0.07,GBPUSD,1.32499,21/05/2025 05:13:04,1.34259,-0.35,-1.11,-176.00,-124.66,0.00,0.00,-124.66,-176.00,2031501,SMA Sell,179.34,7.47days
13/05/2025 06:53:12,sell,0.03,GBPUSD,1.31984,21/05/2025 05:13:03,1.34258,-0.15,-0.47,-227.40,-68.84,2.16,7.50,-68.84,-227.40,2031501,SMA Sell,190.33,7.93days
21/05/2025 03:26:27,sell,1.15,GBPUSD,1.34049,21/05/2025 05:13:02,1.34259,-5.75,0.00,-21.00,-247.25,13.80,1.70,-247.25,-21.00,2031501,SMA Sell,1.78,1.78hrs
19/05/2025 12:19:38,sell,0.77,GBPUSD,1.33835,21/05/2025 05:13:02,1.34259,-3.85,-2.98,-42.40,-333.31,352.71,46.50,-333.31,-42.40,2031501,SMA Sell,40.89,1.70days
19/05/2025 10:34:09,sell,0.51,GBPUSD,1.33630,21/05/2025 05:13:01,1.34258,-2.55,-1.96,-62.80,-324.79,129.07,26.00,-324.79,-62.80,2031501,SMA Sell,42.65,1.78days
14/05/2025 10:39:09,sell,0.23,GBPUSD,1.33216,21/05/2025 05:13:00,1.34258,-1.15,-3.09,-104.20,-243.90,157.39,70.00,-243.90,-104.20,2031501,SMA Sell,162.56,6.77days
13/05/2025 18:21:56,sell,0.10,GBPUSD,1.32702,21/05/2025 05:13:00,1.34256,-0.50,-1.53,-155.40,-157.43,16.84,18.60,-157.43,-155.40,2031501,SMA Sell,178.85,7.45days
13/05/2025 15:30:12,sell,0.05,GBPUSD,1.32298,21/05/2025 05:12:59,1.34254,-0.25,-0.79,-195.60,-98.84,2.40,5.30,-98.84,-195.60,2031501,SMA Sell,181.71,7.57days
12/05/2025 15:30:01,sell,0.02,GBPUSD,1.31783,21/05/2025 05:12:57,1.34254,-0.10,-0.36,-247.10,-49.88,2.96,15.30,-49.88,-247.10,2031501,SMA Sell,205.72,8.57days
20/05/2025 15:23:09,buy,0.03,EURUSD,1.12244,21/05/2025 03:51:55,1.12913,-0.15,-0.28,66.90,19.64,21.29,72.40,0.00,0.00,1031501,SMA Buy,12.48,12.48hrs
20/05/2025 05:30:05,buy,0.02,EURUSD,1.12448,21/05/2025 03:51:55,1.12913,-0.10,-0.19,46.50,9.01,10.11,52.00,-3.84,-19.10,1031501,SMA Buy,22.36,22.36hrs
19/05/2025 18:54:15,buy,0.10,GBPAUD,2.06796,20/05/2025 08:47:51,2.08386,-0.50,-0.39,159.00,101.12,103.73,163.10,-3.21,-4.20,1031501,SMA Buy,13.89,13.89hrs
19/05/2025 17:53:07,buy,0.07,GBPAUD,2.07001,20/05/2025 08:47:50,2.08383,-0.35,-0.27,138.20,61.44,63.41,142.60,-11.51,-24.70,1031501,SMA Buy,14.91,14.91hrs
16/05/2025 05:56:27,buy,0.03,GBPAUD,2.07407,20/05/2025 08:47:50,2.08384,-0.15,-0.23,97.70,18.42,19.25,102.00,-12.91,-65.30,1031501,SMA Buy,98.86,4.12days
16/05/2025 07:23:51,buy,0.05,GBPAUD,2.07204,20/05/2025 08:47:49,2.08380,-0.25,-0.38,117.60,37.10,38.59,122.30,-14.97,-45.00,1031501,SMA Buy,97.40,4.06days
16/05/2025 02:00:18,buy,0.02,GBPAUD,2.07802,20/05/2025 08:47:49,2.08380,-0.10,-0.16,57.80,7.16,7.76,62.50,-13.71,-104.80,1031501,SMA Buy,102.79,4.28days
14/05/2025 22:03:51,buy,0.05,GBPCAD,1.85289,19/05/2025 11:38:51,1.86377,-0.25,0.40,108.80,39.13,43.84,122.00,-8.44,-23.80,1031501,SMA Buy,109.58,4.57days
14/05/2025 21:02:23,buy,0.03,GBPCAD,1.85489,19/05/2025 11:38:51,1.86379,-0.15,0.24,89.00,19.22,22.00,102.00,-9.36,-43.80,1031501,SMA Buy,110.61,4.61days
14/05/2025 16:57:14,buy,0.02,GBPCAD,1.85882,19/05/2025 11:38:49,1.86381,-0.10,0.16,49.90,7.21,9.03,62.70,-11.87,-83.10,1031501,SMA Buy,114.69,4.78days
13/05/2025 18:23:15,sell,0.07,EURUSD,1.11721,16/05/2025 19:44:27,1.11415,-0.35,1.44,30.60,22.51,28.46,39.10,-63.27,-90.30,2031501,SMA Sell,73.35,3.06days
14/05/2025 11:04:18,sell,0.15,EURUSD,1.12282,16/05/2025 19:44:26,1.11416,-0.75,2.45,86.60,131.60,144.50,95.20,-52.20,-34.10,2031501,SMA Sell,56.67,2.36days
13/05/2025 16:00:14,sell,0.03,EURUSD,1.11314,16/05/2025 19:44:26,1.11416,-0.15,0.61,-10.20,-2.60,0.00,0.00,-39.33,-131.00,2031501,SMA Sell,75.74,3.16days
14/05/2025 11:08:15,sell,0.23,EURUSD,1.12480,16/05/2025 19:44:25,1.11416,-1.15,3.76,106.40,247.33,267.11,115.00,-34.50,-14.20,2031501,SMA Sell,56.60,2.36days
14/05/2025 10:39:11,sell,0.10,EURUSD,1.12053,16/05/2025 19:44:24,1.11413,-0.50,1.63,64.00,65.13,73.43,72.30,-57.70,-57.00,2031501,SMA Sell,57.09,2.38days
13/05/2025 17:41:22,sell,0.05,EURUSD,1.11518,16/05/2025 19:44:24,1.11413,-0.25,1.01,10.50,6.01,10.16,18.80,-55.35,-110.60,2031501,SMA Sell,74.05,3.09days
12/05/2025 11:02:03,sell,0.02,EURUSD,1.11110,16/05/2025 19:44:23,1.11413,-0.10,0.48,-30.30,-5.68,8.68,43.90,-30.22,-151.40,2031501,SMA Sell,104.71,4.36days
08/05/2025 09:39:34,buy,0.07,AUDUSD,0.64079,14/05/2025 00:26:32,0.64676,-0.35,-0.52,59.70,40.92,48.40,70.20,-36.52,-51.20,1031501,SMA Buy,134.78,5.62days
07/05/2025 18:23:20,buy,0.03,AUDUSD,0.64579,14/05/2025 00:26:32,0.64676,-0.15,-0.41,9.70,2.35,5.56,20.20,-30.83,-101.30,1031501,SMA Buy,150.05,6.25days
12/05/2025 19:17:36,buy,0.15,AUDUSD,0.63591,14/05/2025 00:26:31,0.64676,-0.75,-0.58,108.50,161.42,177.46,119.00,-4.35,-2.40,1031501,SMA Buy,29.15,1.21days
09/05/2025 04:38:09,buy,0.10,AUDUSD,0.63850,14/05/2025 00:26:30,0.64676,-0.50,-0.57,82.60,81.53,92.22,93.10,-29.09,-28.30,1031501,SMA Buy,115.81,4.83days
07/05/2025 22:06:14,buy,0.05,AUDUSD,0.64378,14/05/2025 00:26:30,0.64676,-0.25,-0.69,29.80,13.96,19.31,40.30,-41.34,-81.10,1031501,SMA Buy,146.34,6.10days
07/05/2025 10:30:25,buy,0.02,AUDUSD,0.64818,14/05/2025 00:26:29,0.64676,-0.10,-0.28,-14.20,-3.22,0.24,1.80,-25.34,-125.20,1031501,SMA Buy,157.93,6.58days
07/05/2025 22:14:32,buy,0.07,AUDCAD,0.88881,13/05/2025 22:44:15,0.90241,-0.35,0.24,136.00,68.21,74.24,148.30,-3.08,-5.80,1031501,SMA Buy,144.50,6.02days
06/05/2025 12:14:32,buy,0.05,AUDCAD,0.89093,13/05/2025 22:44:14,0.90241,-0.25,0.20,114.80,41.15,45.46,127.10,-9.83,-27.00,1031501,SMA Buy,178.50,7.44days
05/05/2025 19:57:38,buy,0.03,AUDCAD,0.89296,13/05/2025 22:44:14,0.90241,-0.15,0.15,94.50,20.35,22.95,106.80,-10.28,-47.30,1031501,SMA Buy,194.78,8.12days
05/05/2025 16:57:34,buy,0.02,AUDCAD,0.89524,13/05/2025 22:44:12,0.90241,-0.10,0.08,71.70,10.27,12.01,84.00,-10.16,-70.00,1031501,SMA Buy,197.78,8.24days
13/05/2025 03:57:55,sell,0.03,EURAUD,1.74449,13/05/2025 08:15:48,1.73370,-0.15,0.00,107.90,20.60,23.33,123.70,-0.88,-4.00,2031501,SMA Sell,4.30,4.30hrs
12/05/2025 23:22:51,sell,0.02,EURAUD,1.74076,13/05/2025 08:15:47,1.73372,-0.10,0.05,70.40,8.98,10.82,85.60,-5.18,-40.20,2031501,SMA Sell,8.88,8.88hrs
08/05/2025 14:50:50,sell,0.34,GBPCAD,1.85083,12/05/2025 10:40:03,1.84181,-1.70,-7.75,90.20,210.20,228.38,96.40,-123.13,-48.20,2031501,SMA Sell,91.82,3.83days
06/05/2025 13:31:50,sell,0.07,GBPCAD,1.84250,12/05/2025 10:40:02,1.84183,-0.35,-4.82,6.70,-1.81,24.09,49.70,-70.70,-132.00,2031501,SMA Sell,141.14,5.88days
09/05/2025 19:20:56,sell,0.77,GBPCAD,1.85555,12/05/2025 10:40:01,1.84185,-3.85,-8.77,137.00,742.92,742.92,137.00,-18.21,-2.10,2031501,SMA Sell,63.32,2.64days
06/05/2025 14:22:17,sell,0.15,GBPCAD,1.84668,12/05/2025 10:40:00,1.84190,-0.75,-10.32,47.80,40.28,97.12,91.50,-106.52,-89.80,2031501,SMA Sell,140.30,5.85days
01/05/2025 11:05:59,sell,0.03,GBPCAD,1.83833,12/05/2025 10:40:00,1.84182,-0.15,-2.75,-34.90,-10.40,14.42,66.30,-40.11,-173.70,2031501,SMA Sell,263.57,10.98days
09/05/2025 17:22:27,sell,0.51,GBPCAD,1.85283,12/05/2025 10:39:58,1.84185,-2.55,-5.81,109.80,392.71,392.71,109.80,-111.56,-29.80,2031501,SMA Sell,65.29,2.72days
06/05/2025 15:55:42,sell,0.23,GBPCAD,1.84869,12/05/2025 10:39:58,1.84193,-1.15,-15.81,67.60,94.39,182.46,111.60,-129.17,-69.60,2031501,SMA Sell,138.74,5.78days
06/05/2025 13:55:49,sell,0.10,GBPCAD,1.84453,12/05/2025 10:39:57,1.84198,-0.50,-6.87,25.50,10.89,49.15,70.00,-86.42,-111.80,2031501,SMA Sell,140.74,5.86days
01/05/2025 11:26:13,sell,0.05,GBPCAD,1.84035,12/05/2025 10:39:56,1.84197,-0.25,-4.60,-16.20,-10.65,31.36,86.50,-59.37,-153.60,2031501,SMA Sell,263.23,10.97days
01/05/2025 05:00:06,sell,0.02,GBPCAD,1.83503,12/05/2025 10:39:55,1.84197,-0.10,-1.85,-69.40,-11.89,4.82,33.30,-31.48,-206.40,2031501,SMA Sell,269.66,11.24days
05/05/2025 15:53:49,sell,0.07,EURCAD,1.56875,12/05/2025 10:02:00,1.55931,-0.35,-1.23,94.40,45.87,45.87,94.40,-17.35,-32.10,2031501,SMA Sell,162.14,6.76days
02/05/2025 10:07:08,sell,0.03,EURCAD,1.56473,12/05/2025 10:02:00,1.55919,-0.15,-0.61,55.40,11.18,11.18,55.40,-16.53,-73.00,2031501,SMA Sell,239.91,10.00days
08/05/2025 15:40:14,sell,0.10,EURCAD,1.57089,12/05/2025 10:01:59,1.55903,-0.50,-0.50,118.60,84.17,84.17,118.60,-7.21,-9.00,2031501,SMA Sell,90.36,3.77days
02/05/2025 11:44:30,sell,0.05,EURCAD,1.56672,12/05/2025 10:01:58,1.55887,-0.25,-1.01,78.50,26.92,26.92,78.50,-19.92,-52.00,2031501,SMA Sell,238.29,9.93days
02/05/2025 04:00:04,sell,0.02,EURCAD,1.56144,12/05/2025 10:01:57,1.55894,-0.10,-0.40,25.00,3.09,3.09,25.00,-15.13,-105.00,2031501,SMA Sell,246.03,10.25days
09/05/2025 17:23:47,sell,0.07,EURUSD,1.12813,12/05/2025 10:01:56,1.11940,-0.35,0.29,87.30,61.05,61.05,87.30,-5.46,-8.10,2031501,SMA Sell,64.64,2.69days
09/05/2025 09:12:07,sell,0.03,EURUSD,1.12393,12/05/2025 10:01:56,1.11972,-0.15,0.12,42.10,12.60,12.60,42.10,-15.36,-51.20,2031501,SMA Sell,72.83,3.03days
09/05/2025 12:06:15,sell,0.05,EURUSD,1.12599,12/05/2025 10:01:55,1.11954,-0.25,0.20,64.50,32.20,32.20,64.50,-15.30,-30.60,2031501,SMA Sell,69.93,2.91days
09/05/2025 05:00:03,sell,0.02,EURUSD,1.12120,12/05/2025 10:01:54,1.11964,-0.10,0.08,15.60,3.10,3.10,15.60,-15.78,-79.20,2031501,SMA Sell,77.03,3.21days
08/05/2025 14:08:12,sell,0.34,GBPAUD,2.07558,12/05/2025 09:12:20,2.06498,-1.70,-3.30,106.00,227.03,264.25,123.00,-65.61,-29.30,2031501,SMA Sell,91.07,3.79days
07/05/2025 16:18:56,sell,0.07,GBPAUD,2.06744,12/05/2025 09:12:20,2.06496,-0.35,-1.70,24.80,9.13,18.73,44.30,-51.08,-110.70,2031501,SMA Sell,112.89,4.70days
08/05/2025 09:39:37,sell,0.15,GBPAUD,2.07180,12/05/2025 09:12:19,2.06496,-0.75,-1.46,68.40,63.84,80.07,85.20,-64.55,-67.00,2031501,SMA Sell,95.55,3.98days
07/05/2025 15:28:33,sell,0.03,GBPAUD,2.06346,12/05/2025 09:12:19,2.06495,-0.15,-0.74,-14.90,-3.76,0.32,4.50,-29.55,-150.50,2031501,SMA Sell,113.73,4.74days
08/05/2025 14:52:49,sell,0.51,GBPAUD,2.07759,12/05/2025 09:12:18,2.06490,-2.55,-4.94,126.90,409.17,462.39,143.10,-30.03,-9.10,2031501,SMA Sell,90.32,3.76days
08/05/2025 14:02:42,sell,0.23,GBPAUD,2.07351,12/05/2025 09:12:17,2.06490,-1.15,-2.23,86.10,124.12,148.11,102.30,-74.92,-50.00,2031501,SMA Sell,91.16,3.80days
07/05/2025 22:18:14,sell,0.10,GBPAUD,2.06956,12/05/2025 09:12:17,2.06480,-0.50,-2.43,47.60,27.72,40.43,65.50,-59.37,-89.50,2031501,SMA Sell,106.90,4.45days
07/05/2025 15:58:18,sell,0.05,GBPAUD,2.06547,12/05/2025 09:12:16,2.06477,-0.25,-1.21,7.00,0.79,7.02,24.60,-42.81,-130.40,2031501,SMA Sell,113.23,4.72days
07/05/2025 04:57:25,sell,0.02,GBPAUD,2.05493,12/05/2025 09:12:15,2.06476,-0.10,-0.49,-98.30,-13.25,0.00,0.00,-30.64,-235.80,2031501,SMA Sell,124.25,5.18days
07/05/2025 21:08:26,sell,0.05,EURAUD,1.76048,12/05/2025 01:22:21,1.74733,-0.25,0.60,131.50,42.61,46.17,143.70,-7.85,-25.30,2031501,SMA Sell,100.23,4.18days
07/05/2025 17:54:20,sell,0.03,EURAUD,1.75843,12/05/2025 01:22:21,1.74731,-0.15,0.36,111.20,21.65,23.75,122.70,-8.66,-46.10,2031501,SMA Sell,103.47,4.31days
07/05/2025 04:57:22,sell,0.02,EURAUD,1.74604,12/05/2025 01:22:20,1.74733,-0.10,0.24,-12.90,-1.52,0.00,0.00,-21.69,-170.00,2031501,SMA Sell,116.42,4.85days
01/05/2025 14:18:09,sell,0.03,EURUSD,1.13366,08/05/2025 09:54:05,1.12871,-0.15,0.85,49.50,15.55,20.31,58.80,-12.81,-43.40,2031501,SMA Sell,163.60,6.82days
02/05/2025 16:39:50,sell,0.05,EURUSD,1.13686,08/05/2025 09:54:04,1.12873,-0.25,1.21,81.30,41.61,46.31,90.80,-5.55,-11.40,2031501,SMA Sell,137.24,5.72days
01/05/2025 10:30:10,sell,0.02,EURUSD,1.12928,08/05/2025 09:54:03,1.12877,-0.10,0.56,5.10,1.48,4.78,15.00,-17.30,-87.20,2031501,SMA Sell,167.40,6.97days
05/05/2025 03:27:23,buy,0.03,AUDUSD,0.64348,07/05/2025 01:37:15,0.65030,-0.15,-0.12,68.20,20.19,21.03,71.00,0.00,0.00,1031501,SMA Buy,46.16,1.92days
05/05/2025 02:00:03,buy,0.02,AUDUSD,0.64549,07/05/2025 01:37:14,0.65031,-0.10,-0.08,48.20,9.46,10.00,50.90,-3.06,-14.60,1031501,SMA Buy,47.62,1.98days
06/05/2025 10:36:59,sell,0.10,GBPAUD,2.06312,07/05/2025 01:14:43,2.05428,-0.50,-0.49,88.40,56.50,56.50,88.40,-51.03,-78.80,2031501,SMA Sell,14.63,14.63hrs
06/05/2025 14:22:24,sell,0.34,GBPAUD,2.06929,07/05/2025 01:14:42,2.05416,-1.70,-1.67,151.30,331.18,331.18,151.30,-37.77,-17.30,2031501,SMA Sell,10.87,10.87hrs
06/05/2025 03:22:20,sell,0.05,GBPAUD,2.05846,07/05/2025 01:14:42,2.05422,-0.25,-0.25,42.40,13.29,13.29,42.40,-40.59,-125.40,2031501,SMA Sell,21.87,21.87hrs
06/05/2025 12:53:12,sell,0.23,GBPAUD,2.06718,07/05/2025 01:14:40,2.05436,-1.15,-1.13,128.20,189.47,189.47,128.20,-56.95,-38.20,2031501,SMA Sell,12.36,12.36hrs
06/05/2025 12:13:19,sell,0.15,GBPAUD,2.06515,07/05/2025 01:14:40,2.05436,-0.75,-0.74,107.90,103.77,103.77,107.90,-56.84,-58.50,2031501,SMA Sell,13.02,13.02hrs
06/05/2025 09:16:12,sell,0.07,GBPAUD,2.06104,07/05/2025 01:14:39,2.05436,-0.35,-0.34,66.80,29.71,29.71,66.80,-45.14,-99.60,2031501,SMA Sell,15.97,15.97hrs
06/05/2025 02:24:08,sell,0.03,GBPAUD,2.05634,07/05/2025 01:14:39,2.05429,-0.15,-0.15,20.50,3.70,3.70,20.50,-28.47,-146.60,2031501,SMA Sell,22.84,22.84hrs
05/05/2025 18:00:00,sell,0.02,GBPAUD,2.05310,07/05/2025 01:14:38,2.05421,-0.10,-0.22,-11.10,-1.77,1.19,10.00,-23.29,-179.00,2031501,SMA Sell,31.24,1.30days
06/05/2025 09:19:09,sell,0.05,EURAUD,1.75565,07/05/2025 01:14:07,1.74344,-0.25,0.12,122.10,39.59,39.59,122.10,-6.18,-18.40,2031501,SMA Sell,15.92,15.92hrs
06/05/2025 08:50:50,sell,0.03,EURAUD,1.75356,07/05/2025 01:14:06,1.74345,-0.15,0.07,101.10,19.66,19.66,101.10,-7.74,-39.30,2031501,SMA Sell,16.39,16.39hrs
05/05/2025 02:00:19,sell,0.02,EURAUD,1.75144,07/05/2025 01:14:05,1.74348,-0.10,0.10,79.60,10.35,10.35,79.60,-7.84,-60.50,2031501,SMA Sell,47.23,1.97days
30/04/2025 16:26:53,buy,0.07,GBPUSD,1.33358,06/05/2025 15:05:23,1.33661,-0.35,-0.93,30.30,19.93,25.46,38.60,-53.41,-74.70,1031501,SMA Buy,142.64,5.94days
01/05/2025 06:41:33,buy,0.15,GBPUSD,1.32953,06/05/2025 15:05:22,1.33660,-0.75,-0.67,70.70,104.63,116.63,79.10,-52.38,-34.20,1031501,SMA Buy,128.40,5.35days
30/04/2025 11:16:56,buy,0.03,GBPUSD,1.33779,06/05/2025 15:05:22,1.33660,-0.15,-0.40,-11.90,-4.12,0.27,0.00,-35.52,-116.80,1031501,SMA Buy,147.81,6.16days
01/05/2025 10:18:59,buy,0.23,GBPUSD,1.32753,06/05/2025 15:05:21,1.33661,-1.15,-1.03,90.80,206.66,224.83,99.10,-34.32,-14.20,1031501,SMA Buy,124.77,5.20days
30/04/2025 16:55:24,buy,0.10,GBPUSD,1.33160,06/05/2025 15:05:21,1.33660,-0.50,-1.32,50.00,48.18,56.18,58.40,-56.50,-54.90,1031501,SMA Buy,142.17,5.92days
30/04/2025 13:02:05,buy,0.05,GBPUSD,1.33578,06/05/2025 15:05:20,1.33653,-0.25,-0.66,7.50,2.84,7.19,16.60,-49.15,-96.70,1031501,SMA Buy,146.05,6.09days
30/04/2025 09:00:00,buy,0.02,GBPUSD,1.33996,06/05/2025 15:05:19,1.33644,-0.10,-0.26,-35.20,-7.40,0.76,0.00,-28.02,-138.50,1031501,SMA Buy,150.09,6.25days
02/05/2025 20:57:18,sell,0.02,GBPAUD,2.05996,05/05/2025 11:54:08,2.04994,-0.10,0.00,100.20,12.90,14.64,113.50,-1.53,-10.60,2031501,SMA Sell,62.95,2.62days
01/05/2025 10:54:50,sell,0.03,EURAUD,1.76987,02/05/2025 03:54:54,1.76131,-0.15,0.07,85.60,16.36,18.76,85.60,-9.89,-0.01,2031501,SMA Sell,17.00,17.00hrs
01/05/2025 11:53:56,sell,0.07,EURAUD,1.77399,02/05/2025 03:54:53,1.76132,-0.35,0.17,126.70,56.62,62.25,126.70,-4.77,0.00,2031501,SMA Sell,16.02,16.02hrs
01/05/2025 11:00:16,sell,0.05,EURAUD,1.77198,02/05/2025 03:54:52,1.76133,-0.25,0.12,106.50,33.97,38.03,106.50,-9.82,0.00,2031501,SMA Sell,16.91,16.91hrs
01/05/2025 10:30:14,sell,0.02,EURAUD,1.76787,02/05/2025 03:54:52,1.76136,-0.10,0.05,65.10,8.28,9.92,65.10,-9.15,-0.01,2031501,SMA Sell,17.41,17.41hrs
25/04/2025 08:14:56,sell,0.04,EURAUD,1.76910,29/04/2025 08:55:04,1.77540,-0.20,0.33,-63.00,-16.03,0.00,0.00,-31.66,-63.00,2031501,SMA Sell,96.67,4.03days
24/04/2025 08:24:23,buy,0.09,AUDCAD,0.88111,29/04/2025 08:55:04,0.88932,-0.45,0.10,82.10,52.92,63.81,82.10,-5.19,0.00,1031501,SMA Buy,120.51,5.02days
22/04/2025 16:19:18,buy,0.06,AUDCAD,0.88349,29/04/2025 08:55:04,0.88932,-0.30,0.26,58.30,25.18,32.40,58.30,-21.07,0.00,1031501,SMA Buy,160.60,6.69days
21/04/2025 08:00:11,buy,0.04,AUDCAD,0.88551,29/04/2025 08:55:04,0.88934,-0.20,0.18,38.30,11.03,15.76,38.30,-19.88,-0.01,1031501,SMA Buy,192.91,8.04days
25/04/2025 12:43:22,sell,0.06,EURAUD,1.77970,29/04/2025 08:55:03,1.77540,-0.30,0.50,43.00,16.75,34.06,43.00,-6.97,0.00,2031501,SMA Sell,92.19,3.84days
21/04/2025 17:36:02,buy,0.06,EURCAD,1.58609,29/04/2025 08:55:03,1.57888,-0.30,-3.01,-72.10,-34.50,36.73,0.01,-86.53,-72.10,1031501,SMA Buy,183.32,7.64days
21/04/2025 10:00:01,buy,0.04,EURCAD,1.58877,29/04/2025 08:55:03,1.57880,-0.20,-2.01,-99.70,-30.97,17.23,0.01,-64.30,-99.70,1031501,SMA Buy,190.92,7.95days
22/04/2025 19:00:18,buy,0.14,EURCAD,1.58197,29/04/2025 08:55:02,1.57880,-0.70,-6.27,-31.70,-38.96,10.05,0.00,-159.52,-31.70,1031501,SMA Buy,157.91,6.58days
22/04/2025 18:58:03,buy,0.09,EURCAD,1.58412,29/04/2025 08:55:02,1.57883,-0.45,-4.03,-52.90,-38.81,0.00,0.00,-116.51,-52.90,1031501,SMA Buy,157.95,6.58days
23/04/2025 16:57:22,buy,0.46,EURCAD,1.57161,29/04/2025 08:55:01,1.57881,-2.30,-18.06,72.00,218.44,316.28,72.00,-83.21,0.00,1031501,SMA Buy,135.96,5.67days
22/04/2025 20:08:22,buy,0.30,EURCAD,1.57793,29/04/2025 08:55:01,1.57880,-1.50,-13.45,8.70,3.87,102.91,8.70,-255.21,-0.01,1031501,SMA Buy,156.78,6.53days
22/04/2025 19:26:52,buy,0.20,EURCAD,1.57994,29/04/2025 08:55:01,1.57880,-1.00,-8.96,-11.40,-26.40,39.52,0.00,-199.16,-11.40,1031501,SMA Buy,157.47,6.56days
24/04/2025 10:13:13,sell,0.06,EURUSD,1.13620,29/04/2025 08:55:00,1.13851,-0.30,1.05,-23.10,-13.11,26.16,0.00,-37.68,-23.10,2031501,SMA Sell,118.70,4.95days
24/04/2025 08:00:00,sell,0.04,EURUSD,1.13389,29/04/2025 08:55:00,1.13851,-0.20,0.70,-46.20,-17.98,8.20,0.00,-34.36,-46.20,2031501,SMA Sell,120.92,5.04days
23/04/2025 17:00:09,buy,0.68,EURCAD,1.56939,29/04/2025 08:55:00,1.57882,-3.40,-26.69,94.30,432.26,576.52,94.30,-14.24,0.00,1031501,SMA Buy,135.91,5.66days
28/04/2025 23:30:26,buy,0.04,GBPUSD,1.34420,29/04/2025 08:54:59,1.34070,-0.20,-0.10,-35.00,-14.30,0.00,0.00,-18.94,-35.00,1031501,SMA Buy,9.41,9.41hrs
28/04/2025 17:40:31,sell,0.14,EURUSD,1.14030,29/04/2025 08:54:59,1.13847,-0.70,1.33,18.30,26.25,43.26,18.30,-31.64,0.00,2031501,SMA Sell,15.24,15.24hrs
24/04/2025 11:00:09,sell,0.09,EURUSD,1.13829,29/04/2025 08:54:59,1.13847,-0.45,1.56,-1.80,-0.51,58.04,0.01,-37.73,-1.80,2031501,SMA Sell,117.91,4.91days
29/04/2025 06:46:27,buy,0.06,GBPUSD,1.34112,29/04/2025 08:54:58,1.34070,-0.30,0.00,-4.20,-2.82,1.02,0.00,-9.90,-4.20,1031501,SMA Buy,2.14,2.14hrs
23/04/2025 18:31:53,sell,0.09,USDCAD,1.38752,29/04/2025 08:54:58,1.38700,-0.45,-4.15,5.20,-1.23,38.48,5.20,-17.54,0.00,2031501,SMA Sell,134.38,5.60days
18/04/2025 05:57:04,sell,0.06,USDCAD,1.38548,29/04/2025 08:54:58,1.38700,-0.30,-4.14,-15.20,-11.02,30.10,0.01,-21.71,-15.20,2031501,SMA Sell,266.96,11.12days
17/04/2025 20:57:13,sell,0.04,USDCAD,1.38342,29/04/2025 08:54:58,1.38700,-0.20,-2.78,-35.80,-13.30,14.55,0.01,-20.38,-35.80,2031501,SMA Sell,275.96,11.50days
23/04/2025 18:58:34,sell,0.14,USDCAD,1.38953,29/04/2025 08:54:57,1.38700,-0.70,-6.46,25.30,18.38,80.23,25.30,-7.04,0.00,2031501,SMA Sell,133.94,5.58days
24/04/2025 08:57:41,buy,0.09,AUDUSD,0.63443,28/04/2025 18:09:42,0.64165,-0.45,-0.17,72.20,64.36,74.44,72.20,0.00,0.00,1031501,SMA Buy,105.20,4.38days
22/04/2025 22:34:07,buy,0.06,AUDUSD,0.63659,28/04/2025 18:09:42,0.64166,-0.30,-0.68,50.70,29.44,36.10,50.70,-11.66,0.00,1031501,SMA Buy,139.59,5.82days
17/04/2025 17:00:43,buy,0.04,AUDUSD,0.63863,28/04/2025 18:09:40,0.64164,-0.20,-0.54,30.10,11.30,20.20,30.10,-16.02,0.00,1031501,SMA Buy,265.15,11.05days
23/04/2025 01:06:57,buy,0.14,GBPUSD,1.32643,28/04/2025 17:50:59,1.33987,-0.70,-1.81,134.40,185.65,208.75,134.40,-39.90,0.00,1031501,SMA Buy,136.73,5.70days
21/04/2025 20:03:59,buy,0.06,GBPUSD,1.33702,28/04/2025 17:50:58,1.34009,-0.30,-1.11,30.70,17.01,28.46,30.70,-80.96,-0.01,1031501,SMA Buy,165.78,6.91days
23/04/2025 01:35:56,buy,0.20,GBPUSD,1.32436,28/04/2025 17:50:57,1.34029,-1.00,-2.60,159.30,315.00,339.00,159.30,-19.00,0.00,1031501,SMA Buy,136.25,5.68days
22/04/2025 19:56:46,buy,0.09,GBPUSD,1.33499,28/04/2025 17:50:57,1.34026,-0.45,-1.39,52.70,45.59,58.19,52.70,-102.92,-0.01,1031501,SMA Buy,141.90,5.91days
21/04/2025 08:57:10,buy,0.04,GBPUSD,1.33920,28/04/2025 17:50:55,1.34026,-0.20,-0.71,10.60,3.33,10.36,10.60,-62.68,-0.02,1031501,SMA Buy,176.90,7.37days
22/04/2025 19:25:18,buy,0.14,GBPCAD,1.84424,28/04/2025 14:22:05,1.84933,-0.70,1.50,50.90,52.17,76.61,50.90,-110.18,-0.01,1031501,SMA Buy,138.95,5.79days
23/04/2025 11:30:05,buy,0.30,GBPCAD,1.83643,28/04/2025 14:22:04,1.84941,-1.50,2.67,129.80,281.88,332.57,129.80,0.00,0.00,1031501,SMA Buy,122.87,5.12days
22/04/2025 10:36:59,buy,0.06,GBPCAD,1.84816,28/04/2025 14:22:04,1.84941,-0.30,0.65,12.50,5.76,20.97,12.50,-64.19,-0.01,1031501,SMA Buy,147.75,6.16days
22/04/2025 19:59:25,buy,0.20,GBPCAD,1.84233,28/04/2025 14:22:03,1.84934,-1.00,2.15,70.10,102.22,137.00,70.10,-129.83,-0.01,1031501,SMA Buy,138.38,5.77days
22/04/2025 18:59:38,buy,0.09,GBPCAD,1.84624,28/04/2025 14:22:03,1.84928,-0.45,0.96,30.40,20.23,36.27,30.40,-83.83,-0.01,1031501,SMA Buy,139.37,5.81days
21/04/2025 12:04:58,buy,0.04,GBPCAD,1.85017,28/04/2025 14:22:01,1.84927,-0.20,0.49,-9.00,-2.31,8.25,0.00,-48.53,-9.00,1031501,SMA Buy,170.28,7.10days
25/04/2025 02:30:05,sell,0.04,EURAUD,1.77624,25/04/2025 07:14:55,1.76689,-0.20,0.00,93.50,23.78,27.38,93.50,-2.15,0.00,2031501,SMA Sell,4.75,4.75hrs
23/04/2025 00:56:38,buy,0.46,EURUSD,1.13709,23/04/2025 12:55:28,1.14219,-2.30,0.00,51.00,232.30,308.66,51.00,-288.42,-0.01,1031501,SMA Buy,11.98,11.98hrs
21/04/2025 18:07:18,buy,0.06,EURUSD,1.14884,23/04/2025 12:55:28,1.14219,-0.30,-1.14,-66.50,-41.34,33.09,0.01,-109.20,-66.50,1031501,SMA Buy,42.80,1.78days
23/04/2025 01:27:49,buy,1.03,EURUSD,1.13219,23/04/2025 12:55:27,1.14219,-5.15,0.00,100.00,1024.85,1195.83,100.00,-150.38,0.00,1031501,SMA Buy,11.46,11.46hrs
23/04/2025 01:04:06,buy,0.68,EURUSD,1.13508,23/04/2025 12:55:26,1.14219,-3.40,0.00,71.10,480.08,592.96,71.10,-289.68,0.00,1031501,SMA Buy,11.86,11.86hrs
23/04/2025 00:34:24,buy,0.30,EURUSD,1.13909,23/04/2025 12:55:26,1.14220,-1.50,0.00,31.10,91.80,141.30,31.10,-248.10,-0.01,1031501,SMA Buy,12.35,12.35hrs
22/04/2025 21:43:17,buy,0.20,EURUSD,1.14243,23/04/2025 12:55:25,1.14218,-1.00,-1.90,-2.50,-7.90,25.50,0.00,-234.10,-2.50,1031501,SMA Buy,15.20,15.20hrs
22/04/2025 19:21:19,buy,0.14,EURUSD,1.14451,23/04/2025 12:55:24,1.14218,-0.70,-1.33,-23.30,-34.65,10.36,0.00,-192.71,-23.30,1031501,SMA Buy,17.57,17.57hrs
22/04/2025 15:23:59,buy,0.09,EURUSD,1.14658,23/04/2025 12:55:24,1.14214,-0.45,-0.86,-44.40,-41.27,17.37,0.00,-143.15,-44.40,1031501,SMA Buy,21.52,21.52hrs
21/04/2025 10:11:47,buy,0.04,EURUSD,1.15145,23/04/2025 12:55:23,1.14214,-0.20,-0.76,-93.10,-38.20,20.92,0.01,-83.24,-93.10,1031501,SMA Buy,50.73,2.11days
21/04/2025 03:54:08,sell,0.30,GBPAUD,2.08821,23/04/2025 06:13:35,2.08345,-1.50,-8.59,47.60,81.09,181.38,47.60,-150.07,-0.01,2031501,SMA Sell,50.32,2.10days
18/04/2025 05:57:59,sell,0.14,GBPAUD,2.08410,23/04/2025 06:13:35,2.08345,-0.70,-4.01,6.50,1.10,47.81,6.50,-106.64,-0.01,2031501,SMA Sell,120.26,5.01days
18/04/2025 03:38:57,sell,0.06,GBPAUD,2.07879,23/04/2025 06:13:34,2.08344,-0.30,-1.72,-46.50,-19.84,0.20,0.00,-65.97,-46.50,2031501,SMA Sell,122.58,5.11days
22/04/2025 16:19:21,sell,1.54,GBPAUD,2.09653,23/04/2025 06:13:33,2.08338,-7.70,-34.86,131.50,1250.65,1760.50,131.50,0.00,0.00,2031501,SMA Sell,13.90,13.90hrs
22/04/2025 16:04:02,sell,1.03,GBPAUD,2.09450,23/04/2025 06:13:32,2.08345,-5.15,-23.32,110.50,698.33,1043.62,110.50,-96.89,0.00,2031501,SMA Sell,14.16,14.16hrs
22/04/2025 14:44:54,sell,0.68,GBPAUD,2.09230,23/04/2025 06:13:32,2.08354,-3.40,-15.39,87.60,361.59,593.24,87.60,-159.14,0.00,2031501,SMA Sell,15.48,15.48hrs
21/04/2025 04:06:22,sell,0.46,GBPAUD,2.09019,23/04/2025 06:13:31,2.08362,-2.30,-13.18,65.70,177.51,336.40,65.70,-172.17,-0.01,2031501,SMA Sell,50.12,2.09days
21/04/2025 03:16:24,sell,0.20,GBPAUD,2.08620,23/04/2025 06:13:31,2.08362,-1.00,-5.73,25.80,26.22,95.18,25.80,-125.62,-0.01,2031501,SMA Sell,50.95,2.12days
18/04/2025 05:48:45,sell,0.09,GBPAUD,2.08087,23/04/2025 06:13:30,2.08366,-0.45,-2.58,-27.90,-19.06,12.12,0.00,-87.05,-27.90,2031501,SMA Sell,120.41,5.02days
18/04/2025 02:32:10,sell,0.04,GBPAUD,2.07593,23/04/2025 06:13:29,2.08368,-0.20,-1.15,-77.50,-21.14,0.00,0.00,-51.26,-77.50,2031501,SMA Sell,123.69,5.15days
21/04/2025 03:54:58,sell,0.68,EURAUD,1.79557,22/04/2025 20:11:29,1.78802,-3.40,1.42,75.50,326.37,392.82,75.50,-197.47,0.00,2031501,SMA Sell,40.28,1.68days
21/04/2025 05:28:25,sell,1.54,EURAUD,1.80147,22/04/2025 20:11:28,1.78796,-7.70,3.21,135.10,1326.20,1471.23,135.10,0.00,0.00,2031501,SMA Sell,38.72,1.61days
18/04/2025 05:59:45,sell,0.14,EURAUD,1.78548,22/04/2025 20:11:28,1.78802,-0.70,0.29,-25.40,-23.16,41.82,0.00,-131.14,-25.40,2031501,SMA Sell,110.20,4.59days
21/04/2025 02:00:17,sell,0.30,EURAUD,1.79143,22/04/2025 20:11:27,1.78795,-1.50,0.63,34.80,65.90,93.80,34.80,-166.60,-0.01,2031501,SMA Sell,42.19,1.76days
18/04/2025 04:10:14,sell,0.06,EURAUD,1.78153,22/04/2025 20:11:26,1.78799,-0.30,0.13,-64.60,-24.96,3.92,0.00,-71.37,-64.60,2031501,SMA Sell,112.02,4.67days
21/04/2025 05:28:04,sell,1.03,EURAUD,1.79891,22/04/2025 20:11:25,1.78789,-5.15,2.15,110.20,722.98,815.22,110.20,-85.56,0.00,2031501,SMA Sell,38.72,1.61days
21/04/2025 03:10:31,sell,0.46,EURAUD,1.79351,22/04/2025 20:11:24,1.78802,-2.30,0.96,54.90,160.18,205.07,54.90,-194.51,-0.01,2031501,SMA Sell,41.01,1.71days
18/04/2025 17:55:13,sell,0.20,EURAUD,1.78799,22/04/2025 20:11:24,1.78802,-1.00,0.42,-0.30,-0.96,19.41,0.00,-155.21,-0.30,2031501,SMA Sell,98.27,4.09days
18/04/2025 05:49:43,sell,0.09,EURAUD,1.78358,22/04/2025 20:11:23,1.78802,-0.45,0.19,-44.40,-25.82,15.97,0.00,-95.24,-44.40,2031501,SMA Sell,110.36,4.60days
17/04/2025 20:30:00,sell,0.04,EURAUD,1.77815,22/04/2025 20:11:22,1.78797,-0.20,0.08,-98.20,-25.24,4.27,0.00,-56.23,-98.20,2031501,SMA Sell,119.69,4.99days
18/04/2025 09:00:01,buy,0.04,GBPCAD,1.83932,21/04/2025 11:04:54,1.84950,-0.20,0.00,101.80,29.32,31.69,101.80,-7.28,0.00,1031501,SMA Buy,74.08,3.09days
21/04/2025 03:58:51,buy,0.04,EURUSD,1.14661,21/04/2025 09:11:47,1.15236,-0.20,0.00,57.50,22.80,26.92,57.50,0.00,0.00,1031501,SMA Buy,5.22,5.22hrs
17/04/2025 17:00:36,buy,0.04,GBPUSD,1.32557,21/04/2025 03:46:46,1.33440,-0.20,0.00,88.30,35.12,37.88,88.30,-8.60,0.00,1031501,SMA Buy,82.77,3.45days
18/04/2025 02:32:23,buy,0.04,EURUSD,1.13714,21/04/2025 02:58:51,1.14466,-0.20,0.00,75.20,29.88,33.76,75.20,-4.60,0.00,1031501,SMA Buy,72.44,3.02days
16/04/2025 10:00:18,buy,0.04,AUDCAD,0.88504,17/04/2025 16:00:43,0.88515,-0.20,0.03,1.10,0.14,6.44,1.10,-15.07,-0.01,1031501,SMA Buy,30.01,1.25days
17/04/2025 07:51:13,buy,0.09,AUDCAD,0.88098,17/04/2025 16:00:42,0.88516,-0.45,0.00,41.80,26.67,26.67,41.80,-7.39,0.00,1031501,SMA Buy,8.16,8.16hrs
16/04/2025 22:12:34,buy,0.06,AUDCAD,0.88302,17/04/2025 16:00:42,0.88514,-0.30,0.04,21.20,8.91,8.91,21.20,-13.87,0.00,1031501,SMA Buy,17.80,17.80hrs
16/04/2025 10:00:21,buy,0.04,AUDUSD,0.63539,17/04/2025 16:00:42,0.63817,-0.20,-0.08,27.80,10.84,13.80,27.80,-7.64,0.00,1031501,SMA Buy,30.01,1.25days
16/04/2025 17:34:58,buy,0.06,EURCAD,1.57666,17/04/2025 16:00:41,1.57633,-0.30,-0.23,-3.30,-1.96,24.14,0.01,-16.79,-3.30,1031501,SMA Buy,22.43,22.43hrs
16/04/2025 10:00:15,buy,0.04,EURUSD,1.13654,17/04/2025 16:00:41,1.13647,-0.20,-0.34,-0.70,-0.82,17.04,0.00,-10.58,-0.70,1031501,SMA Buy,30.01,1.25days
16/04/2025 10:00:12,buy,0.04,EURCAD,1.58303,17/04/2025 16:00:41,1.57627,-0.20,-0.15,-67.60,-19.84,2.36,0.00,-29.56,-67.60,1031501,SMA Buy,30.01,1.25days
17/04/2025 08:44:36,buy,0.06,EURUSD,1.13454,17/04/2025 16:00:40,1.13650,-0.30,0.00,19.60,11.46,23.94,19.60,-2.64,0.00,1031501,SMA Buy,7.27,7.27hrs
17/04/2025 02:30:00,sell,0.04,GBPAUD,2.07579,17/04/2025 16:00:40,2.07650,-0.20,0.00,-7.10,-2.01,0.00,0.00,-30.07,-7.10,2031501,SMA Sell,13.51,13.51hrs
17/04/2025 07:45:37,sell,0.09,GBPAUD,2.08227,17/04/2025 16:00:39,2.07661,-0.45,0.00,56.60,32.06,32.97,56.60,-30.75,-0.01,2031501,SMA Sell,8.25,8.25hrs
17/04/2025 06:29:40,sell,0.06,GBPAUD,2.08018,17/04/2025 16:00:39,2.07653,-0.30,0.00,36.50,13.68,14.09,36.50,-28.41,-0.01,2031501,SMA Sell,9.52,9.52hrs
17/04/2025 10:13:10,sell,0.30,GBPAUD,2.08830,17/04/2025 16:00:38,2.07669,-1.50,0.00,116.10,220.78,225.33,116.10,0.00,0.00,2031501,SMA Sell,5.79,5.79hrs
17/04/2025 09:50:59,sell,0.20,GBPAUD,2.08628,17/04/2025 16:00:38,2.07671,-1.00,0.00,95.70,121.15,124.44,95.70,-17.48,0.00,2031501,SMA Sell,6.16,6.16hrs
17/04/2025 08:02:19,sell,0.14,GBPAUD,2.08427,17/04/2025 16:00:38,2.07661,-0.70,0.00,76.60,67.74,69.15,76.60,-30.08,0.00,2031501,SMA Sell,7.97,7.97hrs
16/04/2025 12:35:40,buy,0.06,GBPCAD,1.84535,17/04/2025 16:00:37,1.83815,-0.30,0.18,-72.00,-31.26,7.37,0.00,-58.69,-72.00,1031501,SMA Buy,27.42,1.14days
16/04/2025 12:00:00,buy,0.04,GBPCAD,1.84862,17/04/2025 16:00:37,1.83814,-0.20,0.12,-104.80,-30.30,0.00,0.00,-48.56,-104.80,1031501,SMA Buy,28.01,1.17days
16/04/2025 17:26:34,buy,0.20,GBPCAD,1.83894,17/04/2025 16:00:36,1.83818,-1.00,0.60,-7.60,-11.35,25.50,0.00,-103.13,-7.60,1031501,SMA Buy,22.57,22.57hrs
16/04/2025 16:48:19,buy,0.14,GBPCAD,1.84094,17/04/2025 16:00:36,1.83816,-0.70,0.42,-27.80,-28.33,14.71,0.00,-92.39,-27.80,1031501,SMA Buy,23.20,23.20hrs
16/04/2025 16:45:30,buy,0.09,GBPCAD,1.84300,17/04/2025 16:00:36,1.83815,-0.45,0.27,-48.50,-31.65,0.00,0.00,-72.77,-48.50,1031501,SMA Buy,23.25,23.25hrs
16/04/2025 18:24:15,buy,0.30,GBPCAD,1.83686,17/04/2025 16:00:35,1.83818,-1.50,0.90,13.20,27.95,57.65,13.20,-109.68,-0.01,1031501,SMA Buy,21.61,21.61hrs
16/04/2025 17:18:59,buy,0.06,GBPUSD,1.32452,17/04/2025 16:00:35,1.32512,-0.30,-0.14,6.00,3.16,7.08,6.00,-24.74,0.00,1031501,SMA Buy,22.69,22.69hrs
16/04/2025 10:00:08,buy,0.04,GBPUSD,1.32662,17/04/2025 16:00:35,1.32512,-0.20,-0.09,-15.00,-6.29,8.92,0.00,-24.97,-15.00,1031501,SMA Buy,30.01,1.25days
17/04/2025 13:21:27,sell,0.06,USDCAD,1.38979,17/04/2025 16:00:34,1.38733,-0.30,0.00,24.60,10.34,11.03,24.60,-3.92,0.00,2031501,SMA Sell,2.65,2.65hrs
17/04/2025 11:00:01,sell,0.04,USDCAD,1.38714,17/04/2025 16:00:34,1.38734,-0.20,0.00,-2.00,-0.78,0.49,0.00,-10.24,-2.00,2031501,SMA Sell,5.01,5.01hrs
16/04/2025 22:27:18,sell,0.14,EURAUD,1.79248,17/04/2025 16:00:34,1.78121,-0.70,0.20,112.70,100.19,114.91,112.70,-6.53,0.00,2031501,SMA Sell,17.55,17.55hrs
16/04/2025 20:31:28,buy,0.09,GBPUSD,1.32199,17/04/2025 16:00:34,1.32511,-0.45,-0.20,31.20,27.43,27.43,31.20,-14.33,0.00,1031501,SMA Buy,19.48,19.48hrs
17/04/2025 15:20:30,buy,0.09,EURCAD,1.57466,17/04/2025 16:00:33,1.57676,-0.45,0.00,21.00,13.18,13.18,21.00,-11.87,0.00,1031501,SMA Buy,0.67,0.67hrs
16/04/2025 22:16:20,sell,0.09,EURAUD,1.79048,17/04/2025 16:00:33,1.78131,-0.45,0.13,91.70,52.35,62.39,91.70,-15.61,0.00,2031501,SMA Sell,17.74,17.74hrs
16/04/2025 20:49:31,sell,0.06,EURAUD,1.78802,17/04/2025 16:00:33,1.78116,-0.30,0.09,68.60,26.06,32.18,68.60,-19.76,-0.01,2031501,SMA Sell,19.18,19.18hrs
16/04/2025 13:30:00,sell,0.04,EURAUD,1.78218,17/04/2025 16:00:32,1.78122,-0.20,0.06,9.60,2.32,9.13,9.60,-27.98,-0.01,2031501,SMA Sell,26.51,1.10days
15/04/2025 08:55:52,buy,0.04,AUDUSD,0.63604,16/04/2025 09:00:12,0.63518,-0.20,-0.38,-8.60,-4.02,7.60,0.00,-13.70,-8.60,1031501,SMA Buy,24.07,1.00days
15/04/2025 08:55:48,buy,0.04,AUDCAD,0.88192,16/04/2025 09:00:12,0.88427,-0.20,0.17,23.50,6.72,16.50,23.50,-6.72,0.00,1031501,SMA Buy,24.07,1.00days
16/04/2025 06:30:00,buy,0.04,EURCAD,1.58034,16/04/2025 09:00:11,1.58412,-0.20,0.00,37.80,10.66,10.66,37.80,-1.69,0.00,1031501,SMA Buy,2.50,2.50hrs
16/04/2025 02:08:41,buy,0.06,AUDUSD,0.63251,16/04/2025 09:00:11,0.63517,-0.30,0.00,26.60,15.66,18.12,26.60,0.00,0.00,1031501,SMA Buy,6.86,6.86hrs
15/04/2025 08:57:13,buy,0.04,EURUSD,1.13526,16/04/2025 09:00:11,1.13784,-0.20,-1.70,25.80,8.42,8.54,25.80,-35.12,-0.01,1031501,SMA Buy,24.05,1.00days
15/04/2025 18:55:08,buy,0.14,EURUSD,1.12854,16/04/2025 09:00:10,1.13780,-0.70,-5.95,92.60,122.99,123.97,92.60,-25.06,0.00,1031501,SMA Buy,14.08,14.08hrs
15/04/2025 16:26:09,buy,0.09,EURUSD,1.13053,16/04/2025 09:00:10,1.13780,-0.45,-3.83,72.70,61.15,61.78,72.70,-36.36,0.00,1031501,SMA Buy,16.57,16.57hrs
15/04/2025 14:23:29,buy,0.06,EURUSD,1.13256,16/04/2025 09:00:10,1.13781,-0.30,-2.55,52.50,28.65,29.01,52.50,-36.48,-0.01,1031501,SMA Buy,18.61,18.61hrs
15/04/2025 19:55:34,buy,0.04,GBPCAD,1.84527,16/04/2025 09:00:09,1.84870,-0.20,0.61,34.30,10.26,12.47,34.30,-2.34,0.00,1031501,SMA Buy,13.08,13.08hrs
15/04/2025 19:43:07,buy,0.20,EURUSD,1.12654,16/04/2025 09:00:09,1.13786,-1.00,-8.50,113.20,216.90,217.10,113.20,0.00,0.00,1031501,SMA Buy,13.28,13.28hrs
16/04/2025 04:57:13,buy,0.04,GBPUSD,1.32495,16/04/2025 09:00:08,1.32779,-0.20,0.00,28.40,11.16,14.28,28.40,-0.24,0.00,1031501,SMA Buy,4.05,4.05hrs
15/04/2025 15:27:36,sell,0.06,USDCAD,1.38889,16/04/2025 09:00:08,1.39272,-0.30,-0.44,-38.30,-17.24,7.79,0.00,-37.74,-38.30,2031501,SMA Sell,17.54,17.54hrs
15/04/2025 08:57:10,sell,0.04,USDCAD,1.38685,16/04/2025 09:00:08,1.39272,-0.20,-0.29,-58.70,-17.35,4.85,0.00,-31.31,-58.70,2031501,SMA Sell,24.05,1.00days
15/04/2025 18:44:58,sell,0.20,USDCAD,1.39518,16/04/2025 09:00:07,1.39272,-1.00,-1.46,24.60,32.87,34.74,24.60,-36.49,0.00,2031501,SMA Sell,14.25,14.25hrs
15/04/2025 18:16:45,sell,0.14,USDCAD,1.39298,16/04/2025 09:00:07,1.39271,-0.70,-1.02,2.70,0.99,2.20,2.70,-47.48,0.00,2031501,SMA Sell,14.72,14.72hrs
15/04/2025 15:30:25,sell,0.09,USDCAD,1.39095,16/04/2025 09:00:07,1.39272,-0.45,-0.66,-17.70,-12.55,25.05,0.00,-43.59,-17.70,2031501,SMA Sell,17.50,17.50hrs
15/04/2025 20:01:19,sell,0.30,USDCAD,1.39762,16/04/2025 09:00:06,1.39273,-1.50,-2.19,48.90,101.64,104.67,48.90,0.00,0.00,2031501,SMA Sell,12.98,12.98hrs
15/04/2025 16:34:33,buy,0.04,GBPCAD,1.83535,15/04/2025 18:55:34,1.84449,-0.20,0.00,91.40,26.01,29.77,91.40,-2.94,0.00,1031501,SMA Buy,2.35,2.35hrs
15/04/2025 09:00:01,buy,0.04,GBPCAD,1.83149,15/04/2025 15:34:33,1.84042,-0.20,0.00,89.30,25.49,26.87,89.30,-6.78,0.00,1031501,SMA Buy,6.58,6.58hrs
14/04/2025 00:15:43,buy,0.04,AUDUSD,0.63051,15/04/2025 07:55:49,0.63722,-0.20,-0.07,67.10,26.57,27.57,67.10,-10.88,0.00,1031501,SMA Buy,31.67,1.32days
11/04/2025 16:00:00,buy,0.04,EURCAD,1.57905,15/04/2025 07:55:49,1.57362,-0.20,-0.36,-54.30,-16.24,10.26,0.00,-33.64,-54.30,1031501,SMA Buy,87.93,3.66days
11/04/2025 12:57:19,buy,0.04,GBPUSD,1.31365,15/04/2025 07:55:49,1.32127,-0.20,-0.18,76.20,30.10,31.58,76.20,-42.32,-0.01,1031501,SMA Buy,90.97,3.79days
14/04/2025 13:39:39,sell,0.06,GBPAUD,2.08642,15/04/2025 07:55:48,2.07357,-0.30,-0.34,128.50,48.49,50.55,128.50,-17.41,0.00,2031501,SMA Sell,18.27,18.27hrs
14/04/2025 09:00:01,buy,0.04,AUDCAD,0.87364,15/04/2025 07:55:48,0.88289,-0.20,0.02,92.50,26.53,26.90,92.50,-4.75,0.00,1031501,SMA Buy,22.93,22.93hrs
14/04/2025 00:57:12,sell,0.04,GBPAUD,2.07626,15/04/2025 07:55:48,2.07355,-0.20,-0.23,27.10,6.48,7.78,27.10,-38.11,-0.02,2031501,SMA Sell,30.98,1.29days
11/04/2025 16:57:13,sell,0.04,USDCAD,1.38739,15/04/2025 07:55:48,1.38569,-0.20,-0.58,17.00,4.13,11.68,17.00,-17.05,-0.01,2031501,SMA Sell,86.98,3.62days
14/04/2025 15:23:14,buy,0.06,EURUSD,1.13576,15/04/2025 07:55:47,1.13579,-0.30,-0.49,0.30,-0.61,11.16,0.30,-34.80,-0.01,1031501,SMA Buy,16.54,16.54hrs
14/04/2025 14:00:00,buy,0.04,EURUSD,1.13874,15/04/2025 07:55:47,1.13579,-0.20,-0.33,-29.50,-12.33,1.92,0.00,-33.92,-29.50,1031501,SMA Buy,17.93,17.93hrs
14/04/2025 13:51:12,sell,0.09,GBPAUD,2.08852,15/04/2025 07:55:47,2.07357,-0.45,-0.52,149.50,84.77,87.87,149.50,-13.30,0.00,2031501,SMA Sell,18.08,18.08hrs
14/04/2025 16:04:39,buy,0.09,EURCAD,1.57177,15/04/2025 07:55:46,1.57368,-0.45,-0.41,19.10,11.55,48.68,19.10,-7.71,0.00,1031501,SMA Buy,15.85,15.85hrs
14/04/2025 15:57:30,buy,0.09,EURUSD,1.13370,15/04/2025 07:55:46,1.13583,-0.45,-0.74,21.30,17.98,35.28,21.30,-34.29,0.00,1031501,SMA Buy,15.97,15.97hrs
14/04/2025 15:56:51,buy,0.06,EURCAD,1.57397,15/04/2025 07:55:46,1.57368,-0.30,-0.28,-2.90,-1.84,22.85,0.01,-13.90,-2.90,1031501,SMA Buy,15.98,15.98hrs
14/04/2025 16:10:25,buy,0.06,AUDUSD,0.62791,15/04/2025 07:55:45,0.63721,-0.30,-0.11,93.00,55.39,56.95,93.00,0.00,0.00,1031501,SMA Buy,15.76,15.76hrs
14/04/2025 16:10:05,buy,0.14,EURCAD,1.56986,15/04/2025 07:55:45,1.57369,-0.70,-0.64,38.30,37.36,96.33,38.30,0.00,0.00,1031501,SMA Buy,15.76,15.76hrs
14/04/2025 16:04:49,buy,0.14,EURUSD,1.13175,15/04/2025 07:55:45,1.13583,-0.70,-1.15,40.80,55.27,83.44,40.80,-23.66,0.00,1031501,SMA Buy,15.85,15.85hrs
14/04/2025 16:10:35,buy,0.20,EURUSD,1.12983,15/04/2025 07:55:44,1.13583,-1.00,-1.64,60.00,117.36,158.00,60.00,0.00,0.00,1031501,SMA Buy,15.75,15.75hrs
14/04/2025 16:10:32,sell,0.06,USDCAD,1.38946,15/04/2025 07:55:44,1.38567,-0.30,-0.44,37.90,15.67,17.63,37.90,-6.77,0.00,2031501,SMA Sell,15.75,15.75hrs
14/04/2025 16:10:29,sell,0.14,GBPAUD,2.09060,15/04/2025 07:55:44,2.07359,-0.70,-0.80,170.10,150.27,154.99,170.10,-8.18,0.00,2031501,SMA Sell,15.75,15.75hrs
15/04/2025 06:00:01,buy,0.04,GBPCAD,1.83146,15/04/2025 07:55:43,1.83063,-0.20,0.00,-8.30,-2.59,0.00,0.00,-3.83,-8.30,1031501,SMA Buy,1.93,1.93hrs
11/04/2025 19:21:36,buy,0.06,EURUSD,1.12857,14/04/2025 04:43:50,1.13955,-0.30,-0.49,109.80,65.09,65.09,109.80,-1.08,0.00,1031501,SMA Buy,57.37,2.39days
11/04/2025 12:51:48,buy,0.04,EURUSD,1.14066,14/04/2025 04:43:49,1.13966,-0.20,-0.33,-10.00,-4.53,1.52,0.00,-51.16,-10.00,1031501,SMA Buy,63.87,2.66days
11/04/2025 12:57:23,buy,0.04,AUDUSD,0.62302,11/04/2025 23:28:43,0.62852,-0.20,0.00,55.00,21.80,27.24,55.00,-7.76,0.00,1031501,SMA Buy,10.52,10.52hrs
11/04/2025 11:33:34,buy,0.04,EURUSD,1.14063,11/04/2025 11:51:48,1.14624,-0.20,0.00,56.10,22.24,22.24,56.10,0.00,0.00,1031501,SMA Buy,0.30,0.30hrs
10/04/2025 19:58:06,sell,0.04,USDCAD,1.40002,11/04/2025 10:41:06,1.39106,-0.20,-0.88,89.60,24.68,26.02,89.60,-2.00,0.00,2031501,SMA Sell,14.72,14.72hrs
11/04/2025 04:07:56,buy,0.04,EURUSD,1.12941,11/04/2025 10:33:29,1.13516,-0.20,0.00,57.50,22.80,22.80,57.50,-14.92,0.00,1031501,SMA Buy,6.43,6.43hrs
10/04/2025 20:00:00,buy,0.04,EURUSD,1.11969,11/04/2025 03:07:56,1.12571,-0.20,-0.33,60.20,23.55,27.47,60.20,-15.00,0.00,1031501,SMA Buy,7.13,7.13hrs
09/04/2025 10:56:04,sell,0.09,AUDCAD,0.85510,10/04/2025 18:58:11,0.86754,-0.45,-1.30,-124.40,-81.66,23.27,0.00,-124.97,-124.40,2031501,SMA Sell,32.04,1.33days
09/04/2025 09:53:42,sell,0.06,AUDCAD,0.85305,10/04/2025 18:58:11,0.86751,-0.30,-0.86,-144.60,-63.08,6.85,0.00,-92.09,-144.60,2031501,SMA Sell,33.07,1.38days
09/04/2025 07:00:00,sell,0.04,AUDCAD,0.84941,10/04/2025 18:58:11,0.86753,-0.20,-0.58,-181.20,-52.51,2.58,0.00,-71.91,-181.20,2031501,SMA Sell,35.97,1.50days
09/04/2025 20:19:59,sell,0.20,AUDCAD,0.85927,10/04/2025 18:58:10,0.86754,-1.00,-2.88,-82.70,-121.92,0.00,0.00,-218.57,-82.70,2031501,SMA Sell,22.64,22.64hrs
09/04/2025 13:50:23,sell,0.14,AUDCAD,0.85729,10/04/2025 18:58:10,0.86755,-0.70,-2.02,-102.60,-105.24,57.80,0.01,-172.50,-102.60,2031501,SMA Sell,29.13,1.21days
09/04/2025 21:04:37,sell,0.68,AUDCAD,0.86580,10/04/2025 18:58:08,0.86762,-3.40,-9.80,-18.20,-101.53,86.09,0.00,-426.01,-18.20,2031501,SMA Sell,21.89,21.89hrs
09/04/2025 20:35:42,sell,0.46,AUDCAD,0.86379,10/04/2025 18:58:08,0.86758,-2.30,-6.63,-37.90,-133.37,135.79,0.00,-354.22,-37.90,2031501,SMA Sell,22.37,22.37hrs
09/04/2025 20:28:13,sell,0.30,AUDCAD,0.86176,10/04/2025 18:58:08,0.86759,-1.50,-4.32,-58.30,-130.65,45.44,0.00,-274.50,-58.30,2031501,SMA Sell,22.50,22.50hrs
10/04/2025 17:58:16,sell,2.31,AUDCAD,0.87367,10/04/2025 18:58:07,0.86762,-11.55,0.00,60.50,986.04,1005.77,60.50,-113.84,0.00,2031501,SMA Sell,1.00,1.00hrs
10/04/2025 08:46:08,sell,1.54,AUDCAD,0.87161,10/04/2025 18:58:07,0.86762,-7.70,0.00,39.90,430.92,708.05,39.90,-303.57,0.00,2031501,SMA Sell,10.20,10.20hrs
09/04/2025 21:26:08,sell,1.03,AUDCAD,0.86787,10/04/2025 18:58:07,0.86762,-5.15,-14.85,2.50,-1.62,272.04,2.50,-493.01,-0.01,2031501,SMA Sell,21.53,21.53hrs
10/04/2025 18:53:46,sell,0.04,USDCAD,1.40088,10/04/2025 18:58:06,1.40093,-0.20,0.00,-0.50,-0.34,0.00,0.00,-0.57,-0.50,2031501,SMA Sell,0.07,0.07hrs
08/04/2025 20:00:01,buy,0.04,EURAUD,1.82709,08/04/2025 22:12:43,1.83948,-0.20,0.00,123.90,29.34,29.34,123.90,0.00,0.00,1031501,SMA Buy,2.21,2.21hrs
07/04/2025 20:57:08,buy,0.04,GBPAUD,2.12892,08/04/2025 17:43:19,2.11039,-0.20,-0.10,-185.30,-45.10,0.00,0.00,-66.02,-185.30,1031501,SMA Buy,20.77,20.77hrs
07/04/2025 18:15:10,sell,0.04,AUDCAD,0.85298,08/04/2025 17:43:19,0.85681,-0.20,-0.19,-38.30,-11.20,0.00,0.00,-23.98,-38.30,2031501,SMA Sell,23.47,23.47hrs
07/04/2025 18:14:45,sell,0.04,GBPCAD,1.81430,08/04/2025 17:43:19,1.80825,-0.20,-0.46,60.50,16.41,16.47,60.50,0.00,0.00,2031501,SMA Sell,23.48,23.48hrs
07/04/2025 22:00:01,buy,0.04,EURAUD,1.83091,08/04/2025 17:43:18,1.80200,-0.20,-0.34,-289.10,-70.44,0.00,0.00,-81.46,-289.10,1031501,SMA Buy,19.72,19.72hrs
07/04/2025 21:00:00,sell,0.04,AUDUSD,0.60009,08/04/2025 17:43:18,0.60452,-0.20,-0.03,-44.30,-17.95,0.00,0.00,-33.35,-44.30,2031501,SMA Sell,20.72,20.72hrs
08/04/2025 07:09:48,sell,0.09,AUDUSD,0.60444,08/04/2025 17:43:17,0.60450,-0.45,0.00,-0.60,-0.99,0.18,0.00,-35.82,-0.60,2031501,SMA Sell,10.56,10.56hrs
08/04/2025 07:07:24,buy,0.06,GBPAUD,2.11530,08/04/2025 17:43:17,2.11037,-0.30,0.00,-49.30,-18.18,0.00,0.00,-49.17,-49.30,1031501,SMA Buy,10.60,10.60hrs
08/04/2025 05:17:40,sell,0.06,AUDUSD,0.60237,08/04/2025 17:43:17,0.60450,-0.30,0.00,-21.30,-13.08,0.00,0.00,-36.30,-21.30,2031501,SMA Sell,12.43,12.43hrs
08/04/2025 07:15:49,buy,0.09,GBPAUD,2.11313,08/04/2025 17:43:16,2.11032,-0.45,0.00,-28.10,-15.73,0.00,0.00,-61.87,-28.10,1031501,SMA Buy,10.46,10.46hrs
08/04/2025 07:13:57,sell,0.06,AUDCAD,0.85651,08/04/2025 17:43:16,0.85677,-0.30,0.00,-2.60,-1.40,0.00,0.00,-20.73,-2.60,2031501,SMA Sell,10.49,10.49hrs
08/04/2025 07:13:54,buy,0.06,EURAUD,1.81345,08/04/2025 17:43:16,1.80194,-0.30,0.00,-115.10,-42.04,0.00,0.00,-57.73,-115.10,1031501,SMA Buy,10.49,10.49hrs
08/04/2025 07:18:48,buy,0.14,GBPAUD,2.11092,08/04/2025 17:43:15,2.11028,-0.70,0.00,-6.40,-6.12,5.48,0.00,-75.80,-6.40,1031501,SMA Buy,10.41,10.41hrs
08/04/2025 07:16:52,buy,0.09,EURAUD,1.81145,08/04/2025 17:43:15,1.80180,-0.45,0.00,-96.50,-52.94,5.04,0.00,-75.65,-96.50,1031501,SMA Buy,10.44,10.44hrs
08/04/2025 08:55:01,sell,0.09,AUDCAD,0.85852,08/04/2025 17:43:14,0.85677,-0.45,0.00,17.50,10.67,10.67,17.50,-18.31,0.00,2031501,SMA Sell,8.80,8.80hrs
08/04/2025 08:54:47,buy,0.20,GBPAUD,2.10865,08/04/2025 17:43:14,2.11028,-1.00,0.00,16.30,18.71,30.12,16.30,-79.46,-0.01,1031501,SMA Buy,8.81,8.81hrs
08/04/2025 08:58:39,buy,0.30,GBPAUD,2.10655,08/04/2025 17:43:13,2.11045,-1.50,0.00,39.00,69.22,87.47,39.00,-80.87,0.00,1031501,SMA Buy,8.74,8.74hrs
08/04/2025 08:58:35,sell,0.14,AUDUSD,0.60659,08/04/2025 17:43:13,0.60445,-0.70,0.00,21.40,29.26,30.38,21.40,-25.62,0.00,2031501,SMA Sell,8.74,8.74hrs
08/04/2025 08:55:28,buy,0.14,EURAUD,1.80942,08/04/2025 17:43:13,1.80189,-0.70,0.00,-75.30,-64.42,0.00,0.00,-103.72,-75.30,1031501,SMA Buy,8.80,8.80hrs
08/04/2025 11:00:00,sell,0.04,GBPUSD,1.27499,08/04/2025 17:43:12,1.27572,-0.20,0.00,-7.30,-3.12,4.68,0.00,-14.64,-7.30,2031501,SMA Sell,6.72,6.72hrs
08/04/2025 10:56:57,buy,0.30,EURAUD,1.80448,08/04/2025 17:43:12,1.80191,-1.50,0.00,-25.70,-48.11,44.36,0.00,-119.93,-25.70,1031501,SMA Buy,6.77,6.77hrs
08/04/2025 08:59:14,buy,0.20,EURAUD,1.80734,08/04/2025 17:43:12,1.80193,-1.00,0.00,-54.10,-66.40,0.00,0.00,-112.16,-54.10,1031501,SMA Buy,8.73,8.73hrs
08/04/2025 16:11:23,buy,0.46,EURAUD,1.80045,08/04/2025 17:43:11,1.80196,-2.30,0.00,15.10,39.68,39.68,15.10,-90.91,0.00,1031501,SMA Buy,1.53,1.53hrs
08/04/2025 16:10:32,sell,0.14,AUDCAD,0.86089,08/04/2025 17:43:11,0.85676,-0.70,0.00,41.30,40.09,40.09,41.30,-5.15,0.00,2031501,SMA Sell,1.54,1.54hrs
08/04/2025 16:22:18,buy,0.46,GBPAUD,2.10099,08/04/2025 17:43:10,2.11049,-2.30,0.00,95.00,261.83,268.50,95.00,0.00,0.00,1031501,SMA Buy,1.35,1.35hrs
08/04/2025 17:19:37,buy,1.03,EURAUD,1.79615,08/04/2025 17:43:09,1.80196,-5.15,0.00,58.10,356.54,356.62,58.10,0.00,0.00,1031501,SMA Buy,0.39,0.39hrs
08/04/2025 17:05:32,buy,0.68,EURAUD,1.79826,08/04/2025 17:43:09,1.80198,-3.40,0.00,37.20,149.49,149.49,37.20,0.00,0.00,1031501,SMA Buy,0.63,0.63hrs
07/04/2025 18:14:42,buy,0.04,EURAUD,1.82346,07/04/2025 20:00:10,1.83307,-0.20,0.00,96.10,22.73,22.73,96.10,0.00,0.00,1031501,SMA Buy,1.76,1.76hrs
07/04/2025 13:33:56,sell,0.09,AUDCAD,0.86185,07/04/2025 17:14:41,0.86454,-0.45,0.00,-26.90,-17.51,0.00,0.00,-18.19,-26.90,2031501,SMA Sell,3.68,3.68hrs
07/04/2025 13:20:16,sell,0.06,AUDCAD,0.85986,07/04/2025 17:14:41,0.86460,-0.30,0.00,-47.40,-20.34,0.00,0.00,-21.26,-47.40,2031501,SMA Sell,3.91,3.91hrs
04/04/2025 19:45:16,sell,0.04,AUDCAD,0.85471,07/04/2025 17:14:41,0.86459,-0.20,-0.19,-98.80,-28.24,0.00,0.00,-28.81,-98.80,2031501,SMA Sell,69.49,2.90days
07/04/2025 13:45:39,buy,0.06,EURAUD,1.81189,07/04/2025 17:14:40,1.80027,-0.30,0.00,-116.20,-42.75,0.00,0.00,-42.75,-116.20,1031501,SMA Buy,3.48,3.48hrs
07/04/2025 02:04:14,buy,0.04,EURAUD,1.83095,07/04/2025 17:14:40,1.80048,-0.20,0.00,-304.70,-74.40,0.00,0.00,-74.40,-304.70,1031501,SMA Buy,15.17,15.17hrs
07/04/2025 15:28:29,sell,0.14,AUDCAD,0.86395,07/04/2025 17:14:39,0.86471,-0.70,0.00,-7.60,-8.19,0.00,0.00,-8.19,-7.60,2031501,SMA Sell,1.77,1.77hrs
07/04/2025 14:28:30,buy,0.14,EURAUD,1.80792,07/04/2025 17:14:39,1.80031,-0.70,0.00,-76.10,-65.56,24.43,0.00,-65.56,-76.10,1031501,SMA Buy,2.77,2.77hrs
07/04/2025 14:19:05,buy,0.09,EURAUD,1.80987,07/04/2025 17:14:39,1.80024,-0.45,0.00,-96.30,-53.21,6.57,0.00,-53.21,-96.30,1031501,SMA Buy,2.93,2.93hrs
07/04/2025 15:29:10,buy,0.20,EURAUD,1.80563,07/04/2025 17:14:38,1.80084,-1.00,0.00,-47.90,-59.31,44.57,0.00,-59.31,-47.90,1031501,SMA Buy,1.76,1.76hrs
07/04/2025 15:52:31,sell,0.30,AUDCAD,0.86806,07/04/2025 17:14:37,0.86443,-1.50,0.00,36.30,75.19,75.19,36.30,0.00,0.00,2031501,SMA Sell,1.37,1.37hrs
07/04/2025 15:37:54,sell,0.04,GBPCAD,1.82795,07/04/2025 17:14:37,1.82186,-0.20,0.00,60.90,16.96,16.96,60.90,-0.65,0.00,2031501,SMA Sell,1.61,1.61hrs
﻿07/04/2025 15:30:56,sell,0.20,AUDCAD,0.86600,07/04/2025 17:14:37,0.86451,-1.00,0.00,14.90,19.98,25.36,14.90,0.00,0.00,2031501,SMA Sell,1.73,1.73hrs
07/04/2025 17:11:15,buy,0.46,EURAUD,1.79203,07/04/2025 17:14:36,1.80044,-2.30,0.00,84.10,233.15,233.15,84.10,0.00,0.00,1031501,SMA Buy,0.06,0.06hrs
07/04/2025 17:10:45,buy,0.30,EURAUD,1.79817,07/04/2025 17:14:36,1.80086,-1.50,0.00,26.90,47.62,47.62,26.90,0.00,0.00,1031501,SMA Buy,0.06,0.06hrs
07/04/2025 17:11:24,buy,0.68,EURAUD,1.78842,07/04/2025 17:14:35,1.80033,-3.40,0.00,119.10,489.52,489.52,119.10,0.00,0.00,1031501,SMA Buy,0.05,0.05hrs
07/04/2025 03:02:14,sell,0.06,GBPCAD,1.84049,07/04/2025 14:37:54,1.82609,-0.30,0.00,144.00,60.32,60.32,144.00,0.00,0.00,2031501,SMA Sell,11.59,11.59hrs
04/04/2025 22:00:00,sell,0.04,GBPCAD,1.83385,07/04/2025 14:37:53,1.82604,-0.20,-0.46,78.10,21.25,21.25,78.10,0.00,0.00,2031501,SMA Sell,64.63,2.69days
04/04/2025 20:10:16,buy,0.06,EURUSD,1.09441,07/04/2025 09:06:30,1.10080,-0.30,-0.43,63.90,37.61,37.61,63.90,0.00,0.00,1031501,SMA Buy,60.94,2.54days
07/04/2025 00:15:39,buy,0.09,EURUSD,1.08861,07/04/2025 09:06:29,1.10081,-0.45,0.00,122.00,109.35,109.35,122.00,0.00,0.00,1031501,SMA Buy,8.85,8.85hrs
04/04/2025 15:00:01,buy,0.04,EURUSD,1.10617,07/04/2025 09:06:27,1.10073,-0.20,-0.29,-54.40,-22.25,0.00,0.00,-40.57,-100.20,1031501,SMA Buy,66.11,2.75days
04/04/2025 19:30:01,sell,0.04,AUDUSD,0.60282,07/04/2025 01:10:09,0.59679,-0.20,-0.03,60.30,23.89,23.89,60.30,-6.99,-16.90,2031501,SMA Sell,53.67,2.24days
04/04/2025 19:42:22,buy,0.04,EURAUD,1.81895,07/04/2025 01:04:12,1.83306,-0.20,-0.35,141.10,33.07,33.07,141.10,-14.47,-57.60,1031501,SMA Buy,53.36,2.22days
04/04/2025 14:30:19,sell,0.04,AUDCAD,0.86409,04/04/2025 18:45:14,0.85603,-0.20,0.00,80.60,22.49,22.49,80.60,0.00,0.00,2031501,SMA Sell,4.25,4.25hrs
04/04/2025 14:30:15,buy,0.04,EURAUD,1.81543,04/04/2025 18:42:22,1.82726,-0.20,0.00,118.30,28.29,28.29,118.30,0.00,0.00,1031501,SMA Buy,4.20,4.20hrs
03/04/2025 14:56:44,buy,0.04,GBPUSD,1.31771,04/04/2025 13:30:16,1.30278,-0.20,-0.08,-149.30,-60.00,0.00,0.00,-60.00,-149.30,1031501,SMA Buy,22.56,22.56hrs
03/04/2025 14:56:41,buy,0.04,EURUSD,1.10927,04/04/2025 13:30:16,1.10407,-0.20,-0.29,-52.00,-21.29,0.00,0.00,-21.29,-52.00,1031501,SMA Buy,22.56,22.56hrs
04/04/2025 09:32:12,sell,0.04,AUDCAD,0.88053,04/04/2025 13:30:15,0.87525,-0.20,0.00,52.80,14.72,14.72,52.80,0.00,0.00,2031501,SMA Sell,3.97,3.97hrs
04/04/2025 07:45:32,buy,0.04,EURAUD,1.77633,04/04/2025 13:30:15,1.78509,-0.20,0.00,87.60,21.47,21.47,87.60,-9.57,-36.10,1031501,SMA Buy,5.75,5.75hrs
03/04/2025 20:12:46,buy,0.06,GBPUSD,1.30968,04/04/2025 13:30:15,1.30278,-0.30,-0.12,-69.00,-41.82,1.26,2.70,-41.82,-69.00,1031501,SMA Buy,17.29,17.29hrs
04/04/2025 10:37:44,buy,0.20,GBPUSD,1.30332,04/04/2025 13:30:14,1.30281,-1.00,0.00,-5.10,-11.20,0.00,0.00,-11.20,-5.10,1031501,SMA Buy,2.88,2.88hrs
04/04/2025 09:52:20,buy,0.14,GBPUSD,1.30540,04/04/2025 13:30:14,1.30281,-0.70,0.00,-25.90,-36.96,0.00,0.00,-36.96,-25.90,1031501,SMA Buy,3.63,3.63hrs
04/04/2025 09:33:37,buy,0.09,GBPUSD,1.30740,04/04/2025 13:30:14,1.30285,-0.45,0.00,-45.50,-41.40,0.00,0.00,-41.40,-45.50,1031501,SMA Buy,3.94,3.94hrs
04/04/2025 10:58:24,buy,0.30,GBPUSD,1.30131,04/04/2025 13:30:13,1.30292,-1.50,0.00,16.10,46.80,46.80,16.10,0.00,0.00,1031501,SMA Buy,2.53,2.53hrs
04/04/2025 10:57:40,buy,0.09,EURUSD,1.10049,04/04/2025 13:30:13,1.10419,-0.45,0.00,37.00,32.85,32.85,37.00,0.00,0.00,1031501,SMA Buy,2.54,2.54hrs
04/04/2025 10:40:06,buy,0.06,EURUSD,1.10252,04/04/2025 13:30:13,1.10414,-0.30,0.00,16.20,9.42,9.42,16.20,0.00,0.00,1031501,SMA Buy,2.84,2.84hrs
04/04/2025 11:00:52,buy,0.14,EURUSD,1.09848,04/04/2025 13:30:12,1.10426,-0.70,0.00,57.80,80.22,80.22,57.80,0.00,0.00,1031501,SMA Buy,2.49,2.49hrs
04/04/2025 12:05:07,buy,0.68,GBPUSD,1.29715,04/04/2025 13:30:11,1.30287,-3.40,0.00,57.20,385.56,385.56,57.20,0.00,0.00,1031501,SMA Buy,1.42,1.42hrs
04/04/2025 11:00:59,buy,0.46,GBPUSD,1.29915,04/04/2025 13:30:11,1.30288,-2.30,0.00,37.30,169.28,169.28,37.30,0.00,0.00,1031501,SMA Buy,2.49,2.49hrs
04/04/2025 01:04:02,sell,0.04,AUDCAD,0.89142,04/04/2025 08:32:11,0.88018,-0.20,0.00,112.40,31.71,31.71,112.40,-1.88,-5.50,2031501,SMA Sell,7.47,7.47hrs
03/04/2025 14:55:43,buy,0.04,EURAUD,1.74401,04/04/2025 06:45:31,1.77196,-0.20,-0.36,279.50,69.43,69.43,279.50,-9.45,-36.70,1031501,SMA Buy,15.83,15.83hrs
03/04/2025 09:49:52,buy,0.68,USDCAD,1.41788,03/04/2025 14:55:42,1.40862,-3.40,0.00,-92.60,-450.42,0.00,0.00,-450.42,-92.60,1031501,SMA Buy,5.10,5.10hrs
01/04/2025 17:50:23,buy,0.14,USDCAD,1.43231,03/04/2025 14:55:42,1.40862,-0.70,0.98,-236.90,-235.17,16.38,17.50,-235.17,-236.90,1031501,SMA Buy,45.09,1.88days
03/04/2025 11:25:09,buy,1.54,USDCAD,1.41370,03/04/2025 14:55:41,1.40861,-7.70,0.00,-50.90,-564.18,89.19,8.90,-564.18,-50.90,1031501,SMA Buy,3.51,3.51hrs
03/04/2025 00:17:29,buy,0.30,USDCAD,1.42237,03/04/2025 14:55:40,1.40845,-1.50,0.00,-139.20,-298.00,0.00,0.00,-298.00,-139.20,1031501,SMA Buy,14.64,14.64hrs
03/04/2025 13:13:13,buy,2.31,USDCAD,1.41060,03/04/2025 14:55:39,1.40843,-11.55,0.00,-21.70,-367.46,0.00,0.00,-367.46,-21.70,1031501,SMA Buy,1.71,1.71hrs
01/04/2025 17:39:05,buy,0.06,USDCAD,1.43669,03/04/2025 14:55:39,1.40846,-0.30,0.42,-282.30,-120.14,0.00,0.00,-120.14,-282.30,1031501,SMA Buy,45.28,1.89days
03/04/2025 11:03:21,buy,1.03,USDCAD,1.41586,03/04/2025 14:55:38,1.40843,-5.15,0.00,-74.30,-548.51,0.00,0.00,-548.51,-74.30,1031501,SMA Buy,3.87,3.87hrs
03/04/2025 09:35:18,buy,0.46,USDCAD,1.41996,03/04/2025 14:55:37,1.40843,-2.30,0.00,-115.30,-378.88,0.00,0.00,-378.88,-115.30,1031501,SMA Buy,5.34,5.34hrs
02/04/2025 23:15:16,buy,0.20,USDCAD,1.42834,03/04/2025 14:55:36,1.40843,-1.00,0.69,-199.10,-283.04,0.00,0.00,-283.04,-199.10,1031501,SMA Buy,15.67,15.67hrs
01/04/2025 17:49:36,buy,0.09,USDCAD,1.43463,03/04/2025 14:55:36,1.40849,-0.45,0.62,-261.40,-166.86,0.00,0.00,-166.86,-261.40,1031501,SMA Buy,45.10,1.88days
01/04/2025 15:00:01,buy,0.04,USDCAD,1.43946,03/04/2025 14:55:35,1.40851,-0.20,0.28,-309.50,-87.81,0.00,0.00,-87.81,-309.50,1031501,SMA Buy,47.93,2.00days
03/04/2025 10:00:00,buy,0.04,EURUSD,1.09898,03/04/2025 13:06:27,1.10581,-0.20,0.00,68.30,27.12,27.12,68.30,-3.80,-8.90,1031501,SMA Buy,3.11,3.11hrs
03/04/2025 07:00:00,buy,0.04,GBPUSD,1.30713,03/04/2025 12:02:27,1.31574,-0.20,0.00,86.10,34.24,34.24,86.10,0.00,0.00,1031501,SMA Buy,5.04,5.04hrs
27/03/2025 15:39:12,sell,0.09,AUDCAD,0.90243,01/04/2025 14:57:16,0.89966,-0.45,-1.28,27.70,15.59,24.97,42.00,0.00,0.00,2031501,SMA Sell,119.30,4.97days
27/03/2025 04:50:04,sell,0.06,AUDCAD,0.90041,01/04/2025 14:57:16,0.89966,-0.30,-0.84,7.50,1.98,8.23,21.80,-6.99,-15.30,2031501,SMA Sell,130.12,5.42days
27/03/2025 01:00:00,sell,0.04,AUDCAD,0.89841,01/04/2025 14:57:16,0.89966,-0.20,-0.57,-12.50,-4.24,0.00,1.80,-10.25,-35.30,2031501,SMA Sell,133.95,5.58days
26/03/2025 03:07:12,sell,0.06,EURAUD,1.71602,01/04/2025 14:57:15,1.72536,-0.30,0.53,-93.40,-34.79,34.77,91.80,-62.31,-166.80,2031501,SMA Sell,155.83,6.49days
25/03/2025 22:06:35,sell,0.04,EURAUD,1.71257,01/04/2025 14:57:15,1.72543,-0.20,0.41,-128.60,-31.93,14.52,57.30,-50.11,-201.30,2031501,SMA Sell,160.84,6.70days
28/03/2025 16:34:24,sell,0.14,EURAUD,1.72003,01/04/2025 14:57:14,1.72535,-0.70,0.40,-53.20,-46.84,0.00,0.00,-111.14,-126.70,2031501,SMA Sell,94.38,3.93days
28/03/2025 05:38:42,sell,0.09,EURAUD,1.71802,01/04/2025 14:57:14,1.72536,-0.45,0.26,-73.40,-41.47,38.53,68.10,-82.75,-146.80,2031501,SMA Sell,105.31,4.39days
27/03/2025 01:00:22,sell,0.04,EURCAD,1.53582,01/04/2025 14:57:14,1.55208,-0.20,-0.37,-162.60,-45.75,0.00,0.00,-60.27,-214.70,2031501,SMA Sell,133.95,5.58days
27/03/2025 14:47:04,sell,0.14,EURCAD,1.54287,01/04/2025 14:57:13,1.55208,-0.70,-1.32,-92.10,-91.59,5.84,7.10,-142.36,-144.20,2031501,SMA Sell,120.17,5.01days
27/03/2025 12:59:56,sell,0.09,EURCAD,1.54087,01/04/2025 14:57:13,1.55208,-0.45,-0.85,-112.10,-71.38,0.00,0.00,-104.03,-164.20,2031501,SMA Sell,121.95,5.08days
27/03/2025 09:54:53,sell,0.06,EURCAD,1.53886,01/04/2025 14:57:13,1.55208,-0.30,-0.56,-132.20,-55.95,0.00,0.00,-77.73,-184.30,2031501,SMA Sell,125.04,5.21days
28/03/2025 16:19:02,sell,0.46,EURCAD,1.54890,01/04/2025 14:57:12,1.55210,-2.30,-3.01,-32.00,-107.55,0.00,0.00,-273.61,-83.90,2031501,SMA Sell,94.64,3.94days
27/03/2025 17:41:40,sell,0.30,EURCAD,1.54686,01/04/2025 14:57:12,1.55209,-1.50,-2.81,-52.30,-113.29,96.10,47.00,-221.83,-104.30,2031501,SMA Sell,117.26,4.89days
27/03/2025 15:37:26,sell,0.20,EURCAD,1.54491,01/04/2025 14:57:12,1.55208,-1.00,-1.88,-71.70,-102.49,36.83,27.50,-175.01,-123.80,2031501,SMA Sell,119.33,4.97days
28/03/2025 17:02:49,sell,0.68,EURCAD,1.55092,01/04/2025 14:57:11,1.55207,-3.40,-4.45,-11.50,-62.16,0.00,0.00,-308.98,-63.70,2031501,SMA Sell,93.91,3.91days
27/03/2025 04:30:01,sell,0.06,EURUSD,1.07766,01/04/2025 14:57:11,1.07809,-0.30,0.42,-4.30,-2.46,6.60,11.50,-32.78,-54.60,2031501,SMA Sell,130.45,5.44days
27/03/2025 00:58:55,sell,0.04,EURUSD,1.07374,01/04/2025 14:57:11,1.07809,-0.20,0.30,-43.50,-17.30,0.00,0.00,-37.52,-93.80,2031501,SMA Sell,133.97,5.58days
27/03/2025 17:41:13,sell,0.14,EURUSD,1.08169,01/04/2025 14:57:10,1.07809,-0.70,1.02,36.00,50.72,66.70,48.60,-20.04,-14.30,2031501,SMA Sell,117.27,4.89days
27/03/2025 13:08:43,sell,0.09,EURUSD,1.07967,01/04/2025 14:57:10,1.07809,-0.45,0.66,15.80,14.43,24.70,28.40,-31.06,-34.50,2031501,SMA Sell,121.81,5.08days
28/03/2025 17:20:16,sell,0.20,EURUSD,1.08369,01/04/2025 14:57:09,1.07809,-1.00,0.96,56.00,111.96,111.96,56.00,0.00,0.00,2031501,SMA Sell,93.61,3.90days
27/03/2025 15:19:23,sell,0.06,USDCAD,1.43084,01/04/2025 14:57:09,1.43965,-0.30,-2.07,-88.10,-39.09,1.92,5.30,-39.09,-88.10,2031501,SMA Sell,119.63,4.98days
27/03/2025 05:30:04,sell,0.04,USDCAD,1.42652,01/04/2025 14:57:09,1.43965,-0.20,-1.38,-131.30,-38.06,0.25,1.60,-38.06,-131.30,2031501,SMA Sell,129.45,5.39days
31/03/2025 07:13:10,sell,0.30,EURAUD,1.72624,01/04/2025 14:57:08,1.72529,-1.50,0.43,9.50,16.74,16.74,9.50,-122.17,-64.60,2031501,SMA Sell,31.73,1.32days
31/03/2025 02:30:01,sell,0.20,EURAUD,1.72423,01/04/2025 14:57:08,1.72529,-1.00,0.29,-10.60,-13.96,0.00,0.00,-106.57,-84.70,2031501,SMA Sell,36.45,1.52days
27/03/2025 15:38:38,sell,0.09,USDCAD,1.43286,01/04/2025 14:57:08,1.43965,-0.45,-3.10,-67.90,-46.00,15.60,25.50,-46.00,-67.90,2031501,SMA Sell,119.31,4.97days
31/03/2025 12:00:18,sell,0.68,EURAUD,1.73037,01/04/2025 14:57:07,1.72526,-3.40,0.97,51.10,214.72,214.72,51.10,-101.44,-23.30,2031501,SMA Sell,26.95,1.12days
31/03/2025 11:04:10,sell,0.46,EURAUD,1.72834,01/04/2025 14:57:07,1.72530,-2.30,0.66,30.40,85.75,85.75,30.40,-126.97,-43.60,2031501,SMA Sell,27.88,1.16days
31/03/2025 10:07:28,sell,1.03,EURCAD,1.55346,01/04/2025 14:57:07,1.55207,-5.15,-3.82,13.90,90.48,90.48,13.90,-283.21,-38.30,2031501,SMA Sell,28.83,1.20days
31/03/2025 16:22:47,sell,1.03,EURAUD,1.73480,01/04/2025 14:57:06,1.72531,-5.15,1.47,94.90,607.17,607.17,94.90,0.00,0.00,2031501,SMA Sell,22.57,22.57hrs
31/03/2025 15:54:04,sell,0.20,USDCAD,1.43797,01/04/2025 14:57:06,1.43965,-1.00,-1.58,-16.80,-25.92,0.00,1.30,-25.92,-16.80,2031501,SMA Sell,23.05,23.05hrs
31/03/2025 13:13:40,sell,0.14,USDCAD,1.43596,01/04/2025 14:57:06,1.43965,-0.70,-1.11,-36.90,-37.69,0.00,0.00,-37.69,-36.90,2031501,SMA Sell,25.72,1.07days
31/03/2025 16:45:42,sell,1.54,EURCAD,1.55547,01/04/2025 14:57:05,1.55210,-7.70,-5.72,33.70,347.07,347.07,33.70,-208.27,-18.20,2031501,SMA Sell,22.19,22.19hrs
25/03/2025 06:43:19,sell,0.06,GBPCAD,1.85086,26/03/2025 10:56:31,1.83871,-0.39,-0.62,121.50,50.13,50.64,122.50,-6.60,-14.80,2031501,SMA Sell,28.22,1.18days
25/03/2025 17:29:46,sell,0.09,GBPCAD,1.85287,26/03/2025 10:56:30,1.83864,-0.45,-0.93,142.30,88.46,88.79,142.60,0.00,0.00,2031501,SMA Sell,17.45,17.45hrs
24/03/2025 19:00:04,sell,0.04,GBPCAD,1.84719,26/03/2025 10:56:29,1.83874,-0.26,-0.82,84.50,22.63,23.05,85.80,-15.08,-51.50,2031501,SMA Sell,39.94,1.66days
24/03/2025 20:57:21,sell,0.04,EURCAD,1.54685,26/03/2025 10:22:27,1.53822,-0.22,-0.22,86.30,23.77,26.00,93.50,0.00,0.00,2031501,SMA Sell,37.42,1.56days
18/03/2025 14:30:00,buy,0.06,AUDCAD,0.90935,24/03/2025 12:24:25,0.90256,-0.19,0.13,-67.90,-28.51,4.55,11.50,-37.87,-90.40,1031501,SMA Buy,141.91,5.91days
17/03/2025 18:00:01,buy,0.04,AUDCAD,0.91138,24/03/2025 12:24:25,0.90255,-0.13,0.13,-88.30,-24.66,1.96,7.40,-30.87,-110.70,1031501,SMA Buy,162.41,6.77days
21/03/2025 04:25:10,buy,0.20,AUDCAD,0.90142,24/03/2025 12:24:24,0.90257,-0.63,0.08,11.50,15.51,15.51,11.50,-16.03,-11.10,1031501,SMA Buy,79.99,3.33days
20/03/2025 11:30:46,buy,0.14,AUDCAD,0.90474,24/03/2025 12:24:24,0.90257,-0.44,0.10,-21.70,-21.55,0.00,0.00,-43.58,-44.30,1031501,SMA Buy,96.89,4.04days
19/03/2025 09:40:11,buy,0.09,AUDCAD,0.90734,24/03/2025 12:24:24,0.90257,-0.28,0.16,-47.70,-30.09,19.43,31.60,-44.23,-70.30,1031501,SMA Buy,122.74,5.11days
21/03/2025 17:47:31,buy,0.30,AUDCAD,0.89941,24/03/2025 12:24:23,0.90257,-0.94,0.11,31.60,65.35,65.35,31.60,0.00,0.00,1031501,SMA Buy,66.61,2.78days
17/03/2025 09:00:01,buy,0.04,AUDUSD,0.63314,24/03/2025 12:24:23,0.63015,-0.13,-0.50,-29.90,-12.59,20.88,52.70,-22.51,-54.70,1031501,SMA Buy,171.41,7.14days
21/03/2025 17:41:10,buy,0.14,AUDUSD,0.62691,24/03/2025 12:24:22,0.63015,-0.44,-0.25,32.40,44.67,44.67,32.40,0.00,0.00,1031501,SMA Buy,66.72,2.78days
20/03/2025 12:10:54,buy,0.09,AUDUSD,0.62895,24/03/2025 12:24:22,0.63015,-0.28,-0.32,12.00,10.20,10.20,12.00,-12.12,-12.80,1031501,SMA Buy,96.22,4.01days
20/03/2025 10:44:36,buy,0.06,AUDUSD,0.63098,24/03/2025 12:24:22,0.63015,-0.19,-0.22,-8.30,-5.39,0.00,0.00,-20.27,-33.10,1031501,SMA Buy,97.66,4.07days
18/03/2025 16:44:27,sell,0.09,EURAUD,1.71883,24/03/2025 12:24:21,1.72105,-0.49,0.78,-22.20,-12.30,18.07,31.40,-31.06,-54.60,2031501,SMA Sell,139.66,5.82days
18/03/2025 12:22:50,sell,0.06,EURAUD,1.71682,24/03/2025 12:24:21,1.72105,-0.33,0.53,-42.30,-15.79,4.37,11.30,-28.29,-74.70,2031501,SMA Sell,144.03,6.00days
17/03/2025 17:30:00,sell,0.04,EURAUD,1.71479,24/03/2025 12:24:21,1.72106,-0.22,0.41,-62.70,-15.62,10.03,40.30,-23.92,-95.00,2031501,SMA Sell,162.91,6.79days
20/03/2025 12:43:49,sell,0.30,EURAUD,1.72562,24/03/2025 12:24:20,1.72104,-1.63,0.86,45.80,85.82,89.58,47.80,0.00,0.00,2031501,SMA Sell,95.68,3.99days
19/03/2025 10:52:49,sell,0.20,EURAUD,1.72362,24/03/2025 12:24:20,1.72106,-1.09,1.45,25.60,32.63,100.84,79.30,-8.99,-6.70,2031501,SMA Sell,121.53,5.06days
18/03/2025 19:19:03,sell,0.14,EURAUD,1.72162,24/03/2025 12:24:20,1.72107,-0.77,1.21,5.50,5.29,52.96,59.30,-23.73,-26.70,2031501,SMA Sell,137.09,5.71days
21/03/2025 14:01:08,sell,0.06,EURCAD,1.55606,24/03/2025 12:24:19,1.55340,-0.33,-0.17,26.60,10.64,14.85,36.70,0.00,0.00,2031501,SMA Sell,70.39,2.93days
21/03/2025 00:14:37,sell,0.04,EURCAD,1.55407,24/03/2025 12:24:19,1.55340,-0.22,-0.11,6.70,1.55,8.30,31.20,-5.52,-18.80,2031501,SMA Sell,84.16,3.51days
17/03/2025 23:17:37,buy,0.04,EURUSD,1.09204,24/03/2025 12:24:19,1.08448,-0.22,-2.03,-75.60,-32.49,9.69,25.70,-41.85,-99.00,1031501,SMA Buy,157.11,6.55days
19/03/2025 19:36:43,buy,0.14,EURUSD,1.08621,24/03/2025 12:24:18,1.08448,-0.76,-5.05,-17.30,-30.03,66.35,50.50,-62.79,-40.70,1031501,SMA Buy,112.79,4.70days
19/03/2025 09:37:53,buy,0.09,EURUSD,1.08823,24/03/2025 12:24:18,1.08448,-0.49,-3.25,-37.50,-37.49,28.22,31.80,-58.55,-60.90,1031501,SMA Buy,122.77,5.12days
19/03/2025 09:35:01,buy,0.06,EURUSD,1.09010,24/03/2025 12:24:18,1.08448,-0.33,-2.16,-56.20,-36.21,7.59,13.10,-50.25,-79.60,1031501,SMA Buy,122.82,5.12days
21/03/2025 17:53:42,buy,0.46,EURUSD,1.07991,24/03/2025 12:24:17,1.08446,-2.48,-3.32,45.50,203.50,222.82,50.20,0.00,0.00,1031501,SMA Buy,66.51,2.77days
21/03/2025 07:40:44,buy,0.30,EURUSD,1.08214,24/03/2025 12:24:17,1.08446,-1.62,-2.17,23.20,65.81,94.38,32.00,-3.79,0.00,1031501,SMA Buy,76.73,3.20days
20/03/2025 11:25:47,buy,0.20,EURUSD,1.08416,24/03/2025 12:24:17,1.08451,-1.08,-2.88,3.50,3.04,21.08,11.80,-44.36,-20.20,1031501,SMA Buy,96.97,4.04days
20/03/2025 21:51:53,buy,0.06,GBPAUD,2.05587,24/03/2025 12:24:16,2.05775,-0.39,-0.32,18.80,6.40,8.65,24.30,-1.46,-2.40,1031501,SMA Buy,86.54,3.61days
20/03/2025 19:00:10,buy,0.04,GBPAUD,2.06035,24/03/2025 12:24:16,2.05775,-0.26,-0.21,-26.00,-7.03,0.00,0.00,-12.25,-47.20,1031501,SMA Buy,89.40,3.73days
18/03/2025 09:00:00,buy,0.04,GBPUSD,1.29805,24/03/2025 12:24:16,1.29678,-0.26,-0.48,-12.70,-5.82,11.42,30.00,-25.98,-63.10,1031501,SMA Buy,147.40,6.14days
21/03/2025 07:10:05,buy,0.09,GBPUSD,1.29354,24/03/2025 12:24:15,1.29677,-0.58,-0.18,32.30,28.31,28.31,32.30,-16.96,-18.00,1031501,SMA Buy,77.24,3.22days
18/03/2025 14:36:28,buy,0.06,GBPUSD,1.29555,24/03/2025 12:24:15,1.29678,-0.39,-0.73,12.30,6.26,32.12,55.00,-23.98,-38.10,1031501,SMA Buy,141.80,5.91days
21/03/2025 17:59:50,buy,0.20,GBPUSD,1.28938,24/03/2025 12:24:14,1.29676,-1.29,-0.41,73.80,145.90,145.90,73.80,0.00,0.00,1031501,SMA Buy,66.41,2.77days
21/03/2025 17:50:35,buy,0.14,GBPUSD,1.29143,24/03/2025 12:24:14,1.29677,-0.90,-0.29,53.40,73.57,73.57,53.40,0.00,0.00,1031501,SMA Buy,66.56,2.77days
17/03/2025 19:00:09,sell,0.04,USDCAD,1.42930,24/03/2025 12:24:14,1.43239,-0.20,-1.74,-30.90,-10.57,0.00,0.00,-16.50,-52.20,2031501,SMA Sell,161.40,6.73days
20/03/2025 10:44:29,sell,0.14,USDCAD,1.43541,24/03/2025 12:24:13,1.43238,-0.70,-3.47,30.30,25.45,27.59,31.50,0.00,0.00,2031501,SMA Sell,97.66,4.07days
19/03/2025 12:36:42,sell,0.09,USDCAD,1.43336,24/03/2025 12:24:13,1.43238,-0.45,-2.79,9.80,2.92,8.54,15.30,-10.52,-11.60,2031501,SMA Sell,119.79,4.99days
18/03/2025 17:01:53,sell,0.06,USDCAD,1.43135,24/03/2025 12:24:13,1.43239,-0.30,-2.23,-10.40,-6.89,4.53,12.40,-15.79,-31.70,2031501,SMA Sell,139.37,5.81days
20/03/2025 11:57:21,sell,0.20,USDCAD,1.43743,24/03/2025 12:24:12,1.43238,-1.00,-4.96,50.50,64.55,67.61,51.70,0.00,0.00,2031501,SMA Sell,96.45,4.02days
20/03/2025 14:01:08,sell,0.14,GBPCAD,1.86517,21/03/2025 10:40:05,1.85318,-0.91,-1.44,119.90,114.75,122.28,127.60,0.00,0.00,2031501,SMA Sell,20.65,20.65hrs
18/03/2025 17:54:06,sell,0.06,GBPCAD,1.85876,21/03/2025 10:40:04,1.85321,-0.39,-3.09,55.50,19.75,23.08,63.50,-21.42,-44.40,2031501,SMA Sell,64.77,2.70days
18/03/2025 18:52:55,sell,0.09,GBPCAD,1.86081,21/03/2025 10:40:03,1.85313,-0.58,-4.64,76.80,43.00,47.50,84.00,-19.25,-23.90,2031501,SMA Sell,63.79,2.66days
18/03/2025 05:30:01,sell,0.04,GBPCAD,1.85564,21/03/2025 10:40:03,1.85321,-0.26,-2.05,24.30,4.47,6.68,32.30,-22.99,-75.60,2031501,SMA Sell,77.17,3.22days
20/03/2025 11:42:00,sell,0.68,GBPAUD,2.05665,20/03/2025 14:02:24,2.06502,-4.40,0.00,-83.70,-362.14,0.00,0.00,-362.14,-83.70,2031501,SMA Sell,2.34,2.34hrs
19/03/2025 09:41:05,sell,0.14,GBPAUD,2.04671,20/03/2025 14:02:24,2.06499,-0.91,-2.42,-182.80,-164.18,7.00,12.20,-164.18,-182.80,2031501,SMA Sell,28.36,1.18days
20/03/2025 14:00:50,sell,2.31,GBPAUD,2.06284,20/03/2025 14:02:23,2.06498,-14.98,0.00,-21.40,-325.69,0.00,0.00,-325.69,-21.40,2031501,SMA Sell,0.03,0.03hrs
19/03/2025 11:14:05,sell,0.30,GBPAUD,2.05075,20/03/2025 14:02:22,2.06498,-1.95,-5.18,-142.30,-275.46,92.14,52.60,-275.46,-142.30,2031501,SMA Sell,26.80,1.12days
18/03/2025 16:35:11,sell,0.06,GBPAUD,2.04257,20/03/2025 14:02:22,2.06492,-0.39,-1.39,-223.50,-86.07,0.00,1.00,-86.07,-223.50,2031501,SMA Sell,45.45,1.89days
20/03/2025 13:27:28,sell,1.54,GBPAUD,2.06062,20/03/2025 14:02:21,2.06494,-9.98,0.00,-43.20,-428.16,0.00,0.00,-428.16,-43.20,2031501,SMA Sell,0.58,0.58hrs
20/03/2025 11:57:53,sell,1.03,GBPAUD,2.05866,20/03/2025 14:02:20,2.06492,-6.67,0.00,-62.60,-411.96,0.00,0.00,-411.96,-62.60,2031501,SMA Sell,2.07,2.07hrs
20/03/2025 02:31:12,sell,0.46,GBPAUD,2.05302,20/03/2025 14:02:19,2.06495,-2.99,0.00,-119.30,-347.94,92.96,32.70,-347.94,-119.30,2031501,SMA Sell,11.52,11.52hrs
19/03/2025 09:58:53,sell,0.20,GBPAUD,2.04870,20/03/2025 14:02:18,2.06497,-1.30,-3.46,-162.70,-209.30,35.33,32.10,-209.30,-162.70,2031501,SMA Sell,28.06,1.17days
18/03/2025 17:55:00,sell,0.09,GBPAUD,2.04457,20/03/2025 14:02:18,2.06511,-0.58,-2.08,-205.40,-118.86,11.09,21.00,-118.86,-205.40,2031501,SMA Sell,44.12,1.84days
17/03/2025 16:57:09,sell,0.04,GBPAUD,2.04048,20/03/2025 14:02:17,2.06515,-0.26,-1.15,-246.70,-63.44,14.35,58.10,-63.44,-246.70,2031501,SMA Sell,69.09,2.88days
12/03/2025 19:44:00,buy,0.09,EURAUD,1.72683,13/03/2025 16:14:29,1.72843,-0.49,-2.35,16.00,6.21,6.21,16.00,-40.08,-65.70,1031501,SMA Buy,20.51,20.51hrs
12/03/2025 18:38:40,buy,0.06,EURAUD,1.72877,13/03/2025 16:14:29,1.72843,-0.33,-1.56,-3.40,-3.17,0.00,0.00,-34.08,-85.10,1031501,SMA Buy,21.60,21.60hrs
12/03/2025 17:00:02,buy,0.04,EURAUD,1.73373,13/03/2025 16:14:29,1.72840,-0.22,-1.04,-53.30,-14.66,0.00,0.00,-35.27,-134.70,1031501,SMA Buy,23.24,23.24hrs
12/03/2025 20:35:08,buy,0.14,EURAUD,1.72482,13/03/2025 16:14:28,1.72844,-0.76,-3.65,36.20,27.44,27.44,36.20,-44.54,-45.60,1031501,SMA Buy,19.66,19.66hrs
12/03/2025 13:56:25,buy,0.09,EURCAD,1.57085,13/03/2025 16:14:27,1.56434,-0.49,-1.08,-65.10,-42.26,0.00,0.00,-52.72,-81.70,1031501,SMA Buy,26.30,1.10days
12/03/2025 12:55:54,buy,0.06,EURCAD,1.57289,13/03/2025 16:14:27,1.56431,-0.33,-0.72,-85.80,-36.80,0.00,0.00,-43.66,-102.10,1031501,SMA Buy,27.31,1.14days
12/03/2025 07:00:06,buy,0.04,EURCAD,1.57490,13/03/2025 16:14:27,1.56428,-0.22,-0.48,-106.20,-30.20,0.00,0.00,-34.70,-122.20,1031501,SMA Buy,33.24,1.38days
12/03/2025 14:38:59,buy,0.20,EURCAD,1.56656,13/03/2025 16:14:26,1.56420,-1.09,-2.40,-23.60,-36.27,54.68,40.10,-57.47,-38.80,1031501,SMA Buy,25.59,1.07days
12/03/2025 14:34:50,buy,0.14,EURCAD,1.56871,13/03/2025 16:14:26,1.56429,-0.76,-1.68,-44.20,-45.41,17.35,18.60,-61.17,-60.30,1031501,SMA Buy,25.66,1.07days
13/03/2025 12:20:15,buy,0.46,EURCAD,1.56179,13/03/2025 16:14:25,1.56415,-2.50,0.00,23.60,72.89,72.89,23.60,0.00,0.00,1031501,SMA Buy,3.90,3.90hrs
12/03/2025 20:38:40,buy,0.30,EURCAD,1.56375,13/03/2025 16:14:25,1.56415,-1.63,-3.60,4.00,3.11,30.83,16.70,-27.56,-10.70,1031501,SMA Buy,19.60,19.60hrs
13/03/2025 08:43:33,buy,0.09,EURUSD,1.08714,13/03/2025 16:14:24,1.08627,-0.49,0.00,-8.70,-8.32,4.10,4.90,-8.32,-8.70,1031501,SMA Buy,7.51,7.51hrs
12/03/2025 08:59:07,buy,0.06,EURUSD,1.08922,13/03/2025 16:14:24,1.08627,-0.33,-1.30,-29.50,-19.33,16.77,29.00,-19.33,-29.50,1031501,SMA Buy,31.25,1.30days
11/03/2025 21:41:56,buy,0.04,EURUSD,1.09288,13/03/2025 16:14:24,1.08628,-0.22,-1.16,-66.00,-27.78,0.00,0.00,-27.78,-66.00,1031501,SMA Buy,42.54,1.77days
12/03/2025 19:44:35,buy,0.06,GBPAUD,2.05338,13/03/2025 16:14:22,2.06006,-0.39,-0.48,66.80,24.32,24.32,66.80,-19.13,-48.10,1031501,SMA Buy,20.50,20.50hrs
12/03/2025 12:57:14,buy,0.04,GBPAUD,2.05670,13/03/2025 16:14:22,2.05995,-0.26,-0.32,32.50,7.59,7.59,32.50,-21.16,-81.30,1031501,SMA Buy,27.29,1.14days
12/03/2025 08:00:07,buy,0.04,GBPCAD,1.86784,13/03/2025 16:14:22,1.86437,-0.26,0.18,-34.70,-9.71,0.00,0.00,-17.74,-63.50,1031501,SMA Buy,32.24,1.34days
12/03/2025 20:41:03,buy,0.14,GBPCAD,1.86145,13/03/2025 16:14:20,1.86440,-0.91,0.61,29.50,28.38,28.39,29.50,0.00,0.00,1031501,SMA Buy,19.55,19.55hrs
12/03/2025 14:36:25,buy,0.09,GBPCAD,1.86347,13/03/2025 16:14:20,1.86440,-0.58,0.39,9.30,5.62,21.64,35.50,-12.54,-19.80,1031501,SMA Buy,25.63,1.07days
12/03/2025 12:47:45,buy,0.06,GBPCAD,1.86551,13/03/2025 16:14:20,1.86439,-0.39,0.26,-11.20,-4.79,5.91,15.10,-16.88,-40.20,1031501,SMA Buy,27.44,1.14days
12/03/2025 02:40:05,buy,0.06,GBPUSD,1.29341,13/03/2025 16:14:19,1.29472,-0.39,-0.37,13.10,7.10,28.35,48.10,0.00,0.00,1031501,SMA Buy,37.57,1.57days
11/03/2025 21:41:53,buy,0.04,GBPUSD,1.29612,13/03/2025 16:14:19,1.29471,-0.26,-0.32,-14.10,-6.22,7.98,21.00,-6.22,-14.10,1031501,SMA Buy,42.54,1.77days
13/03/2025 13:59:04,buy,0.68,EURCAD,1.55981,13/03/2025 16:14:18,1.56412,-3.69,0.00,43.10,199.82,199.82,43.10,0.00,0.00,1031501,SMA Buy,2.25,2.25hrs
13/03/2025 13:58:56,buy,0.14,EURUSD,1.08500,13/03/2025 16:14:18,1.08619,-0.76,0.00,11.90,15.90,15.90,11.90,0.00,0.00,1031501,SMA Buy,2.26,2.26hrs
13/03/2025 13:57:41,buy,0.20,GBPCAD,1.85944,13/03/2025 16:14:18,1.86442,-1.29,0.00,49.80,67.87,67.87,49.80,0.00,0.00,1031501,SMA Buy,2.28,2.28hrs
13/03/2025 15:15:05,buy,1.03,EURCAD,1.55782,13/03/2025 16:14:17,1.56423,-5.57,0.00,64.10,452.87,452.87,64.10,0.00,0.00,1031501,SMA Buy,0.99,0.99hrs
13/03/2025 14:47:25,buy,0.20,EURUSD,1.08284,13/03/2025 16:14:17,1.08623,-1.08,0.00,33.90,66.72,66.72,33.90,0.00,0.00,1031501,SMA Buy,1.45,1.45hrs
10/03/2025 20:58:23,buy,0.06,AUDCAD,0.90677,11/03/2025 20:41:57,0.91058,-0.19,-0.01,38.10,15.63,15.63,38.10,-5.44,-12.60,1031501,SMA Buy,23.73,23.73hrs
10/03/2025 14:30:00,buy,0.04,AUDCAD,0.91194,11/03/2025 20:41:57,0.91058,-0.13,0.00,-13.60,-3.90,0.00,0.00,-17.97,-64.30,1031501,SMA Buy,30.20,1.26days
10/03/2025 18:28:30,buy,0.06,AUDUSD,0.63027,11/03/2025 20:41:56,0.63050,-0.19,-0.11,2.30,1.08,1.08,2.30,-18.12,-29.60,1031501,SMA Buy,26.22,1.09days
10/03/2025 10:00:00,buy,0.04,AUDUSD,0.63227,11/03/2025 20:41:56,0.63049,-0.13,-0.07,-17.80,-7.32,0.00,0.00,-20.08,-49.60,1031501,SMA Buy,34.70,1.45days
11/03/2025 17:19:44,buy,0.04,EURCAD,1.57921,11/03/2025 20:41:55,1.58025,-0.22,0.00,10.40,2.66,2.66,10.40,0.00,0.00,1031501,SMA Buy,3.37,3.37hrs
11/03/2025 09:00:10,buy,0.04,EURAUD,1.73214,11/03/2025 20:41:55,1.73499,-0.22,0.00,28.50,6.96,6.96,28.50,0.00,0.00,1031501,SMA Buy,11.70,11.70hrs
10/03/2025 20:02:43,buy,0.09,AUDUSD,0.62827,11/03/2025 20:41:55,0.63050,-0.28,-0.16,22.30,19.63,19.63,22.30,-9.17,-9.60,1031501,SMA Buy,24.65,1.03days
11/03/2025 11:08:46,buy,0.04,EURUSD,1.09120,11/03/2025 20:41:54,1.09395,-0.22,0.00,27.50,10.78,10.78,27.50,0.00,0.00,1031501,SMA Buy,9.55,9.55hrs
11/03/2025 18:12:14,buy,0.04,GBPCAD,1.87381,11/03/2025 20:41:53,1.87222,-0.26,0.00,-15.90,-4.66,0.00,0.00,-4.66,-15.90,1031501,SMA Buy,2.49,2.49hrs
11/03/2025 01:00:12,buy,0.04,GBPAUD,2.05303,11/03/2025 20:41:53,2.05572,-0.26,0.00,26.90,6.52,6.52,26.90,-1.64,-4.90,1031501,SMA Buy,19.69,19.69hrs
11/03/2025 19:00:14,buy,0.04,GBPUSD,1.29378,11/03/2025 20:41:52,1.29605,-0.26,0.00,22.70,8.82,8.82,22.70,0.00,0.00,1031501,SMA Buy,1.69,1.69hrs
07/03/2025 09:00:01,sell,0.04,USDCAD,1.43061,11/03/2025 20:41:52,1.44424,-0.20,-0.50,-136.30,-38.45,0.00,0.00,-38.45,-136.30,2031501,SMA Sell,107.70,4.49days
07/03/2025 15:31:44,sell,0.09,USDCAD,1.43452,11/03/2025 20:41:51,1.44426,-0.45,-1.11,-97.40,-62.26,0.00,0.00,-62.26,-97.40,2031501,SMA Sell,101.17,4.22days
07/03/2025 14:24:42,sell,0.06,USDCAD,1.43261,11/03/2025 20:41:51,1.44424,-0.30,-0.74,-116.30,-49.36,0.00,0.00,-49.36,-116.30,2031501,SMA Sell,102.29,4.26days
07/03/2025 18:26:04,sell,0.20,USDCAD,1.43845,11/03/2025 20:41:49,1.44485,-1.00,-2.47,-64.00,-92.06,6.11,6.00,-92.06,-64.00,2031501,SMA Sell,98.26,4.09days
07/03/2025 15:59:13,sell,0.14,USDCAD,1.43645,11/03/2025 20:41:49,1.44487,-0.70,-1.72,-84.20,-84.01,0.00,0.00,-84.01,-84.20,2031501,SMA Sell,100.71,4.20days
07/03/2025 19:10:55,sell,0.46,USDCAD,1.44256,11/03/2025 20:41:48,1.44507,-2.30,-5.67,-25.10,-87.87,145.54,47.10,-87.87,-25.10,2031501,SMA Sell,97.51,4.06days
07/03/2025 19:05:54,sell,0.30,USDCAD,1.44059,11/03/2025 20:41:48,1.44482,-1.50,-3.70,-42.30,-93.03,53.82,27.40,-93.03,-42.30,2031501,SMA Sell,97.60,4.07days
11/03/2025 16:43:07,sell,1.54,USDCAD,1.45148,11/03/2025 20:41:47,1.44503,-7.70,0.00,64.50,679.69,679.69,64.50,0.00,0.00,2031501,SMA Sell,3.98,3.98hrs
11/03/2025 16:02:26,sell,1.03,USDCAD,1.44940,11/03/2025 20:41:47,1.44506,-5.15,0.00,43.40,304.19,304.19,43.40,0.00,0.00,2031501,SMA Sell,4.66,4.66hrs
11/03/2025 16:01:59,sell,0.68,USDCAD,1.44709,11/03/2025 20:41:47,1.44505,-3.40,0.00,20.40,92.60,92.60,20.40,0.00,0.00,2031501,SMA Sell,4.66,4.66hrs
10/03/2025 10:17:42,buy,0.06,GBPUSD,1.28786,11/03/2025 18:00:14,1.29423,-0.39,-0.12,63.70,37.71,37.71,63.70,0.00,0.00,1031501,SMA Buy,31.71,1.32days
07/03/2025 09:13:41,buy,0.04,GBPUSD,1.29001,11/03/2025 18:00:13,1.29424,-0.26,-0.16,42.30,16.50,16.50,42.30,-3.46,-7.40,1031501,SMA Buy,104.78,4.37days
10/03/2025 15:37:32,buy,0.04,GBPCAD,1.86658,11/03/2025 17:12:14,1.87608,-0.26,0.06,95.00,25.99,25.99,95.00,-21.62,-77.30,1031501,SMA Buy,25.58,1.07days
10/03/2025 21:17:10,buy,0.04,EURCAD,1.56591,11/03/2025 16:03:20,1.58022,-0.22,-0.16,143.10,39.13,39.13,143.10,-1.85,-5.30,1031501,SMA Buy,18.77,18.77hrs
10/03/2025 10:53:40,buy,0.06,EURUSD,1.08074,11/03/2025 10:08:46,1.08884,-0.32,-0.43,81.00,47.85,47.85,81.00,0.00,0.00,1031501,SMA Buy,23.25,23.25hrs
07/03/2025 09:13:46,buy,0.04,EURUSD,1.08274,11/03/2025 10:08:46,1.08884,-0.22,-0.58,61.00,23.60,23.60,61.00,0.00,0.00,1031501,SMA Buy,96.92,4.04days
10/03/2025 09:57:11,buy,0.06,EURCAD,1.55289,10/03/2025 20:17:09,1.56385,-0.32,0.00,109.60,45.19,45.19,109.60,0.00,0.00,1031501,SMA Buy,10.33,10.33hrs
07/03/2025 16:30:49,buy,0.04,EURCAD,1.56017,10/03/2025 20:17:08,1.56385,-0.22,-0.16,36.80,9.81,9.81,36.80,-8.03,-27.50,1031501,SMA Buy,75.77,3.16days
10/03/2025 09:55:35,buy,0.06,GBPCAD,1.85207,10/03/2025 14:37:29,1.86283,-0.39,0.00,107.60,44.44,44.44,107.60,0.00,0.00,1031501,SMA Buy,4.70,4.70hrs
07/03/2025 20:14:26,buy,0.04,GBPCAD,1.85723,10/03/2025 14:37:28,1.86283,-0.26,0.06,56.00,15.36,15.36,56.00,0.00,0.00,1031501,SMA Buy,66.38,2.77days
07/03/2025 12:00:01,buy,0.04,GBPCAD,1.85025,07/03/2025 19:14:26,1.86046,-0.26,0.00,102.10,28.08,28.08,102.10,0.00,0.00,1031501,SMA Buy,7.24,7.24hrs
07/03/2025 09:13:52,buy,0.04,EURAUD,1.71614,07/03/2025 16:32:28,1.72528,-0.22,0.00,91.40,22.80,22.80,91.40,0.00,0.00,1031501,SMA Buy,7.31,7.31hrs
07/03/2025 09:13:49,buy,0.04,EURCAD,1.54878,07/03/2025 15:30:47,1.55790,-0.22,0.00,91.20,25.23,25.23,91.20,0.00,0.00,1031501,SMA Buy,6.28,6.28hrs
05/03/2025 22:30:00,buy,0.04,AUDCAD,0.90880,07/03/2025 08:13:50,0.90181,-0.13,0.01,-69.90,-19.65,2.89,10.90,-20.39,-72.50,1031501,SMA Buy,33.73,1.41days
06/03/2025 17:13:59,buy,0.06,AUDCAD,0.90679,07/03/2025 08:13:49,0.90183,-0.19,-0.01,-49.60,-20.99,0.00,0.00,-22.18,-52.40,1031501,SMA Buy,15.00,15.00hrs
07/03/2025 05:49:21,buy,0.14,AUDCAD,0.90189,07/03/2025 08:13:48,0.90183,-0.44,0.00,-0.60,-1.03,0.00,0.00,-3.77,-3.40,1031501,SMA Buy,2.41,2.41hrs
07/03/2025 03:17:01,buy,0.09,AUDCAD,0.90389,07/03/2025 08:13:48,0.90183,-0.28,0.00,-20.60,-13.23,0.00,0.00,-15.00,-23.40,1031501,SMA Buy,4.95,4.95hrs
07/03/2025 03:29:42,buy,0.06,AUDUSD,0.63169,07/03/2025 08:13:47,0.63000,-0.19,0.00,-16.90,-10.33,0.00,0.20,-10.33,-16.90,1031501,SMA Buy,4.73,4.73hrs
05/03/2025 23:31:26,buy,0.04,AUDUSD,0.63386,07/03/2025 08:13:47,0.63000,-0.13,-0.29,-38.60,-15.86,3.37,9.00,-15.86,-38.60,1031501,SMA Buy,32.71,1.36days
04/03/2025 20:57:08,buy,0.04,EURAUD,1.69995,07/03/2025 08:13:47,1.71606,-0.21,-1.61,161.10,38.78,38.78,161.10,-16.35,-63.10,1031501,SMA Buy,59.28,2.47days
06/03/2025 17:43:38,buy,0.09,EURCAD,1.54356,07/03/2025 08:13:46,1.54775,-0.49,-0.36,41.90,25.49,25.49,41.90,-13.58,-20.80,1031501,SMA Buy,14.50,14.50hrs
06/03/2025 17:16:31,buy,0.06,EURCAD,1.54584,07/03/2025 08:13:46,1.54774,-0.32,-0.24,19.00,7.40,7.40,19.00,-18.62,-43.60,1031501,SMA Buy,14.95,14.95hrs
06/03/2025 12:57:24,buy,0.04,EURCAD,1.54905,07/03/2025 08:13:46,1.54774,-0.22,-0.16,-13.10,-4.04,0.00,0.00,-21.40,-75.70,1031501,SMA Buy,19.27,19.27hrs
06/03/2025 20:43:57,buy,0.06,EURUSD,1.07710,07/03/2025 08:13:45,1.08125,-0.32,-0.43,41.50,24.15,24.15,41.50,0.00,0.00,1031501,SMA Buy,11.50,11.50hrs
06/03/2025 00:59:19,buy,0.04,EURUSD,1.07919,07/03/2025 08:13:45,1.08124,-0.22,-0.29,20.50,7.69,10.06,25.50,-3.67,-8.40,1031501,SMA Buy,31.24,1.30days
05/03/2025 15:15:41,buy,0.06,GBPAUD,2.03899,07/03/2025 08:13:44,2.04504,-0.38,-0.91,60.50,21.58,21.58,60.50,-32.63,-82.60,1031501,SMA Buy,40.97,1.71days
04/03/2025 20:29:10,buy,0.04,GBPAUD,2.05085,07/03/2025 08:13:44,2.04505,-0.26,-0.76,-58.00,-15.64,0.00,0.00,-52.03,-201.20,1031501,SMA Buy,59.74,2.49days
05/03/2025 21:57:38,buy,0.14,GBPAUD,2.03422,07/03/2025 08:13:43,2.04511,-0.90,-2.12,108.90,93.03,93.03,108.90,-33.77,-34.90,1031501,SMA Buy,34.27,1.43days
05/03/2025 16:07:17,buy,0.09,GBPAUD,2.03687,07/03/2025 08:13:43,2.04511,-0.58,-1.36,82.40,44.78,44.78,82.40,-36.85,-61.40,1031501,SMA Buy,40.11,1.67days
06/03/2025 04:00:44,buy,0.20,GBPAUD,2.03146,07/03/2025 08:13:42,2.04514,-1.29,-0.76,136.80,170.31,170.31,136.80,-10.94,-7.30,1031501,SMA Buy,28.22,1.18days
04/03/2025 20:29:13,buy,0.04,GBPCAD,1.85488,07/03/2025 08:13:42,1.84456,-0.26,0.30,-103.20,-28.80,0.00,0.00,-39.91,-142.80,1031501,SMA Buy,59.74,2.49days
06/03/2025 17:16:48,buy,0.14,GBPCAD,1.83997,07/03/2025 08:13:41,1.84456,-0.90,0.21,45.90,44.20,44.20,45.90,0.00,0.00,1031501,SMA Buy,14.95,14.95hrs
06/03/2025 17:13:30,buy,0.09,GBPCAD,1.84210,07/03/2025 08:13:41,1.84454,-0.58,0.13,24.40,14.89,14.89,24.40,-8.27,-12.10,1031501,SMA Buy,15.00,15.00hrs
06/03/2025 17:09:52,buy,0.06,GBPCAD,1.84411,07/03/2025 08:13:41,1.84454,-0.39,0.09,4.30,1.50,1.50,4.30,-13.96,-32.20,1031501,SMA Buy,15.06,15.06hrs
05/03/2025 17:00:14,buy,0.04,GBPUSD,1.28693,07/03/2025 08:13:40,1.28859,-0.26,-0.32,16.60,6.06,12.46,32.40,0.00,0.00,1031501,SMA Buy,39.22,1.63days
04/03/2025 23:25:21,buy,0.06,USDCAD,1.43748,07/03/2025 08:13:40,1.43146,-0.30,0.64,-60.20,-24.89,23.07,55.90,-39.41,-93.70,1031501,SMA Buy,56.81,2.37days
04/03/2025 20:29:07,buy,0.04,USDCAD,1.45395,07/03/2025 08:13:40,1.43146,-0.20,0.41,-224.90,-62.63,0.00,0.00,-72.42,-258.40,1031501,SMA Buy,59.74,2.49days
06/03/2025 17:03:47,buy,0.20,USDCAD,1.43186,07/03/2025 08:13:39,1.43146,-1.00,1.26,-4.00,-5.33,0.00,0.00,-53.52,-37.50,1031501,SMA Buy,15.16,15.16hrs
05/03/2025 21:54:56,buy,0.14,USDCAD,1.43349,07/03/2025 08:13:39,1.43146,-0.70,1.17,-20.30,-19.38,15.20,16.00,-53.15,-53.80,1031501,SMA Buy,34.31,1.43days
05/03/2025 16:42:23,buy,0.09,USDCAD,1.43549,07/03/2025 08:13:39,1.43146,-0.45,0.76,-40.30,-25.03,0.00,0.00,-46.77,-73.80,1031501,SMA Buy,39.52,1.65days
06/03/2025 17:13:10,buy,0.46,USDCAD,1.42769,07/03/2025 08:13:38,1.43149,-2.30,2.91,38.00,122.72,122.72,38.00,0.00,0.00,1031501,SMA Buy,15.01,15.01hrs
06/03/2025 17:05:46,buy,0.30,USDCAD,1.42973,07/03/2025 08:13:38,1.43146,-1.50,1.89,17.30,36.65,36.65,17.30,-35.53,-16.20,1031501,SMA Buy,15.13,15.13hrs
06/03/2025 18:08:16,buy,0.68,USDCAD,1.42570,07/03/2025 08:13:37,1.43149,-3.40,4.29,57.90,275.93,275.93,57.90,0.00,0.00,1031501,SMA Buy,14.09,14.09hrs
04/03/2025 20:57:13,buy,0.04,EURCAD,1.53723,05/03/2025 16:43:06,1.54568,-0.21,-0.16,84.50,23.17,23.17,84.50,-25.82,-91.60,1031501,SMA Buy,19.76,19.76hrs
04/03/2025 20:29:16,buy,0.04,GBPUSD,1.27580,05/03/2025 10:22:51,1.28435,-0.26,-0.08,85.50,33.86,33.86,85.50,0.00,0.00,1031501,SMA Buy,13.89,13.89hrs
04/03/2025 20:29:19,buy,0.04,EURUSD,1.05703,05/03/2025 01:23:45,1.06262,-0.21,-0.28,55.90,21.87,21.87,55.90,0.00,0.00,1031501,SMA Buy,4.91,4.91hrs
04/03/2025 14:19:12,sell,0.06,AUDUSD,0.62395,04/03/2025 19:29:12,0.62165,-0.19,0.00,23.00,13.61,24.59,41.70,0.00,0.00,2031501,SMA Sell,5.17,5.17hrs
04/03/2025 00:59:08,sell,0.04,AUDUSD,0.62195,04/03/2025 19:29:12,0.62165,-0.12,0.00,3.00,1.08,8.40,21.70,-2.92,-7.00,2031501,SMA Sell,18.50,18.50hrs
04/03/2025 11:46:12,buy,0.06,EURCAD,1.51671,04/03/2025 19:29:11,1.52871,-0.32,0.00,120.00,49.31,52.46,127.70,-0.69,-0.90,1031501,SMA Buy,7.72,7.72hrs
04/03/2025 05:34:05,buy,0.04,EURAUD,1.68886,04/03/2025 19:29:11,1.69489,-0.21,0.00,60.30,14.78,21.92,89.30,-1.28,-4.30,1031501,SMA Buy,13.92,13.92hrs
04/03/2025 01:00:31,buy,0.04,EURCAD,1.51962,04/03/2025 19:29:11,1.52871,-0.21,0.00,90.90,24.85,26.96,98.60,-8.53,-30.00,1031501,SMA Buy,18.48,18.48hrs
04/03/2025 16:00:01,buy,0.04,EURUSD,1.05391,04/03/2025 19:29:10,1.05369,-0.21,0.00,-2.20,-1.09,0.00,0.00,-14.53,-37.90,1031501,SMA Buy,3.49,3.49hrs
04/03/2025 01:00:18,buy,0.04,GBPAUD,2.04277,04/03/2025 19:29:10,2.04914,-0.25,0.00,63.70,15.59,18.16,74.50,0.00,0.00,1031501,SMA Buy,18.48,18.48hrs
04/03/2025 10:43:34,buy,0.06,GBPCAD,1.83774,04/03/2025 19:29:09,1.84819,-0.38,0.00,104.50,42.83,46.32,112.80,-12.57,-28.70,1031501,SMA Buy,8.76,8.76hrs
04/03/2025 01:00:34,buy,0.04,GBPCAD,1.84088,04/03/2025 19:29:09,1.84819,-0.25,0.00,73.10,19.91,22.23,81.40,-17.09,-60.10,1031501,SMA Buy,18.48,18.48hrs
04/03/2025 13:14:20,buy,0.14,GBPCAD,1.83344,04/03/2025 19:29:08,1.84815,-0.89,0.00,147.10,141.05,149.55,155.80,0.00,0.00,1031501,SMA Buy,6.25,6.25hrs
04/03/2025 11:08:43,buy,0.09,GBPCAD,1.83547,04/03/2025 19:29:08,1.84817,-0.57,0.00,127.00,78.21,83.56,135.50,-4.69,-6.00,1031501,SMA Buy,8.34,8.34hrs
04/03/2025 08:30:00,buy,0.04,GBPUSD,1.27017,04/03/2025 19:29:08,1.27386,-0.25,0.00,36.90,14.51,14.51,36.90,-3.05,-7.10,1031501,SMA Buy,10.99,10.99hrs
04/03/2025 10:42:51,buy,0.09,USDCAD,1.44498,04/03/2025 19:29:07,1.45090,-0.45,0.00,59.20,36.27,41.33,67.40,-18.36,-28.80,1031501,SMA Buy,8.77,8.77hrs
04/03/2025 10:27:17,buy,0.06,USDCAD,1.44697,04/03/2025 19:29:07,1.45089,-0.30,0.00,39.20,15.91,19.33,47.50,-20.52,-48.70,1031501,SMA Buy,9.03,9.03hrs
03/03/2025 22:00:01,buy,0.04,USDCAD,1.45003,04/03/2025 19:29:07,1.45089,-0.20,0.08,8.60,2.25,4.54,16.90,-22.09,-79.30,1031501,SMA Buy,21.48,21.48hrs
04/03/2025 11:08:47,buy,0.14,USDCAD,1.44287,04/03/2025 19:29:06,1.45087,-0.70,0.00,80.00,76.50,84.65,88.50,-8.08,-7.70,1031501,SMA Buy,8.34,8.34hrs
03/03/2025 13:01:49,buy,0.04,EURAUD,1.67808,04/03/2025 04:34:05,1.68925,-0.21,-0.32,111.70,27.20,27.20,111.70,0.00,0.00,1031501,SMA Buy,15.54,15.54hrs
03/03/2025 13:01:45,buy,0.04,GBPAUD,2.03268,03/03/2025 22:48:24,2.04275,-0.25,0.00,100.70,24.76,24.76,100.70,0.00,0.00,1031501,SMA Buy,9.78,9.78hrs
03/03/2025 21:48:04,buy,0.04,GBPCAD,1.83347,03/03/2025 22:05:08,1.84190,-0.25,0.00,84.30,22.98,22.98,84.30,0.00,0.00,1031501,SMA Buy,0.28,0.28hrs
03/03/2025 13:01:52,buy,0.04,GBPCAD,1.82467,03/03/2025 20:48:04,1.83299,-0.25,0.00,83.20,22.84,22.84,83.20,0.00,0.00,1031501,SMA Buy,7.77,7.77hrs
28/02/2025 12:57:05,sell,0.04,AUDUSD,0.62139,03/03/2025 12:01:52,0.62262,-0.12,-0.03,-12.30,-5.07,2.00,5.00,-5.07,-12.30,2031501,SMA Sell,71.08,2.96days
28/02/2025 04:00:00,sell,0.04,AUDCAD,0.89851,03/03/2025 12:01:52,0.89816,-0.12,-0.17,3.50,0.68,6.67,24.50,-1.03,-3.30,2031501,SMA Sell,80.03,3.33days
26/02/2025 19:45:37,buy,0.06,EURCAD,1.50176,03/03/2025 12:01:51,1.50542,-0.31,-1.20,36.60,13.71,13.71,36.60,-8.71,-17.90,1031501,SMA Buy,112.27,4.68days
26/02/2025 04:57:15,buy,0.04,EURCAD,1.50407,03/03/2025 12:01:51,1.50535,-0.21,-0.80,12.80,2.54,2.54,12.80,-12.21,-41.00,1031501,SMA Buy,127.08,5.29days
28/02/2025 17:57:25,buy,0.09,EURCAD,1.49803,03/03/2025 12:01:50,1.50542,-0.47,-0.36,73.90,45.28,45.28,73.90,0.00,0.00,1031501,SMA Buy,66.07,2.75days
24/02/2025 10:19:33,buy,0.06,EURUSD,1.04704,03/03/2025 12:01:50,1.04357,-0.31,-2.95,-34.70,-24.08,7.37,13.20,-60.62,-95.60,1031501,SMA Buy,169.70,7.07days
24/02/2025 07:00:01,buy,0.04,EURUSD,1.05151,03/03/2025 12:01:50,1.04361,-0.21,-1.97,-79.00,-33.78,0.00,0.00,-58.30,-140.30,1031501,SMA Buy,173.03,7.21days
27/02/2025 17:53:44,buy,0.20,EURUSD,1.04100,03/03/2025 12:01:49,1.04358,-1.04,-2.82,25.80,47.74,47.74,25.80,-74.26,-35.20,1031501,SMA Buy,90.13,3.76days
27/02/2025 15:57:32,buy,0.14,EURUSD,1.04303,03/03/2025 12:01:49,1.04354,-0.73,-1.98,5.10,4.43,4.43,5.10,-80.41,-55.50,1031501,SMA Buy,92.07,3.84days
27/02/2025 15:46:25,buy,0.09,EURUSD,1.04502,03/03/2025 12:01:49,1.04355,-0.47,-1.26,-14.70,-14.96,0.00,0.00,-69.59,-75.40,1031501,SMA Buy,92.26,3.84days
28/02/2025 20:22:00,buy,0.46,EURUSD,1.03676,03/03/2025 12:01:48,1.04354,-2.38,-3.24,67.80,306.26,306.26,67.80,0.00,0.00,1031501,SMA Buy,63.66,2.65days
28/02/2025 03:54:49,buy,0.30,EURUSD,1.03873,03/03/2025 12:01:48,1.04358,-1.56,-2.12,48.50,141.82,141.82,48.50,-41.18,-12.50,1031501,SMA Buy,80.12,3.34days
26/02/2025 21:00:00,buy,0.04,GBPCAD,1.81791,03/03/2025 12:01:48,1.82264,-0.25,0.30,47.30,13.16,13.16,47.30,-5.54,-19.60,1031501,SMA Buy,111.03,4.63days
28/02/2025 17:55:06,buy,0.09,GBPCAD,1.81386,03/03/2025 12:01:47,1.82264,-0.57,0.13,87.80,54.34,54.34,87.80,0.00,0.00,1031501,SMA Buy,66.11,2.75days
27/02/2025 09:35:12,buy,0.06,GBPCAD,1.81585,03/03/2025 12:01:47,1.82264,-0.38,0.18,67.90,28.04,28.04,67.90,0.00,0.00,1031501,SMA Buy,98.44,4.10days
03/03/2025 01:00:09,buy,0.04,EURAUD,1.67522,03/03/2025 12:01:46,1.67604,-0.21,0.00,8.20,1.83,1.83,8.20,0.00,0.00,1031501,SMA Buy,11.03,11.03hrs
28/02/2025 15:36:10,buy,0.06,USDCAD,1.44070,03/03/2025 12:01:46,1.44256,-0.30,0.12,18.60,7.56,22.39,54.40,0.00,0.00,1031501,SMA Buy,68.43,2.85days
27/02/2025 16:50:51,buy,0.04,USDCAD,1.44288,03/03/2025 12:01:46,1.44254,-0.20,0.33,-3.40,-0.81,9.15,32.60,-3.00,-10.90,1031501,SMA Buy,91.18,3.80days
03/03/2025 10:40:10,buy,0.06,EURAUD,1.67209,03/03/2025 12:01:45,1.67601,-0.31,0.00,39.20,14.33,14.33,39.20,0.00,0.00,1031501,SMA Buy,1.36,1.36hrs
03/03/2025 01:00:12,buy,0.04,GBPAUD,2.02774,03/03/2025 12:01:45,2.02933,-0.25,0.00,15.90,3.71,3.71,15.90,0.00,0.00,1031501,SMA Buy,11.03,11.03hrs
27/02/2025 17:00:02,buy,0.04,EURAUD,1.66634,28/02/2025 17:34:47,1.67542,-0.21,-0.32,0.01,22.05,24.87,101.10,-3.51,-13.00,1031501,SMA Buy,24.58,1.02days
27/02/2025 19:57:11,buy,0.04,GBPAUD,2.01955,28/02/2025 16:39:09,2.02864,-0.25,-0.15,0.01,22.19,25.50,104.40,-2.40,-8.60,1031501,SMA Buy,20.70,20.70hrs
26/02/2025 06:00:04,sell,0.04,AUDUSD,0.63260,28/02/2025 11:11:09,0.62201,-0.13,-0.12,0.01,42.11,45.99,115.70,0.00,0.00,2031501,SMA Sell,53.18,2.22days
26/02/2025 19:04:37,buy,0.04,GBPAUD,2.00785,27/02/2025 17:11:29,2.01899,-0.25,-0.45,0.01,27.17,27.17,111.40,0.00,0.00,1031501,SMA Buy,22.11,22.11hrs
25/02/2025 12:57:03,buy,0.04,EURAUD,1.65503,27/02/2025 15:50:53,1.66459,-0.21,-1.28,0.01,22.50,22.50,95.60,0.00,0.00,1031501,SMA Buy,50.90,2.12days
26/02/2025 19:29:43,buy,0.06,USDCAD,1.43127,27/02/2025 15:50:50,1.44084,-0.30,0.13,0.01,39.68,39.68,95.70,0.00,0.00,1031501,SMA Buy,20.35,20.35hrs
26/02/2025 16:57:23,buy,0.04,USDCAD,1.43375,27/02/2025 15:50:48,1.44087,-0.20,0.08,0.01,19.65,19.65,71.20,-2.05,-6.90,1031501,SMA Buy,22.89,22.89hrs
24/02/2025 10:05:03,buy,0.06,GBPUSD,1.26382,26/02/2025 18:16:40,1.26954,-0.38,-0.25,0.01,33.69,33.69,57.20,-13.35,-21.40,1031501,SMA Buy,56.19,2.34days
24/02/2025 16:44:04,buy,0.09,GBPUSD,1.26183,26/02/2025 18:16:39,1.26950,-0.57,-0.38,0.01,68.08,68.08,76.70,-2.12,-1.50,1031501,SMA Buy,49.54,2.06days
24/02/2025 04:02:20,buy,0.04,GBPUSD,1.26796,26/02/2025 18:16:38,1.26954,-0.25,-0.17,0.00,5.90,5.90,15.80,-25.46,-62.80,1031501,SMA Buy,62.24,2.59days
25/02/2025 17:42:19,buy,0.04,GBPCAD,1.81002,26/02/2025 18:15:38,1.82104,-0.25,0.06,0.01,30.54,30.54,110.20,0.00,0.00,1031501,SMA Buy,24.56,1.02days
25/02/2025 18:36:48,buy,0.04,GBPAUD,1.99927,26/02/2025 18:04:36,2.00838,-0.25,-0.15,0.01,22.63,22.63,91.10,0.00,0.00,1031501,SMA Buy,23.46,23.46hrs
24/02/2025 17:00:01,buy,0.04,EURCAD,1.49012,25/02/2025 17:50:28,1.50059,-0.21,-0.16,0.01,28.94,28.94,104.70,-1.70,-5.30,1031501,SMA Buy,24.84,1.04days
25/02/2025 07:30:01,buy,0.04,GBPAUD,1.98903,25/02/2025 17:36:46,2.00096,-0.25,0.00,0.01,29.97,29.97,119.30,-2.61,-9.30,1031501,SMA Buy,10.11,10.11hrs
24/02/2025 09:51:41,buy,0.09,GBPCAD,1.79417,25/02/2025 16:42:19,1.80532,-0.57,0.11,0.01,69.93,69.93,111.50,0.00,0.00,1031501,SMA Buy,30.84,1.29days
24/02/2025 09:22:19,buy,0.06,GBPCAD,1.79618,25/02/2025 16:42:18,1.80532,-0.38,0.08,0.01,38.17,38.17,91.40,-6.38,-14.40,1031501,SMA Buy,31.33,1.31days
24/02/2025 04:02:24,buy,0.04,GBPCAD,1.80008,25/02/2025 16:42:17,1.80538,-0.25,0.05,0.01,14.67,14.67,53.00,-15.23,-53.40,1031501,SMA Buy,36.66,1.53days
18/02/2025 07:00:01,buy,0.04,AUDCAD,0.90262,24/02/2025 03:02:26,0.90428,-0.13,0.00,0.00,4.55,11.26,40.30,-6.47,-22.50,1031501,SMA Buy,140.04,5.84days
18/02/2025 03:45:48,buy,0.06,AUDUSD,0.63359,24/02/2025 03:02:26,0.63690,-0.19,-0.66,0.00,19.01,33.57,56.80,0.00,0.00,1031501,SMA Buy,143.28,5.97days
14/02/2025 20:57:06,buy,0.04,AUDUSD,0.63561,24/02/2025 03:02:26,0.63690,-0.13,-0.56,0.00,4.47,14.17,36.60,-7.91,-18.40,1031501,SMA Buy,222.09,9.25days
14/02/2025 03:40:35,buy,0.09,EURAUD,1.65437,24/02/2025 03:02:25,1.64934,-0.47,-5.88,-0.01,-35.19,0.78,2.20,-107.84,-179.20,1031501,SMA Buy,239.36,9.97days
13/02/2025 17:25:48,buy,0.06,EURAUD,1.65647,24/02/2025 03:02:25,1.64934,-0.31,-3.94,-0.01,-31.50,0.00,0.00,-79.94,-200.20,1031501,SMA Buy,249.61,10.40days
13/02/2025 09:30:11,buy,0.04,EURAUD,1.65932,24/02/2025 03:02:25,1.64932,-0.21,-2.61,-0.01,-28.29,0.94,4.60,-60.55,-228.70,1031501,SMA Buy,257.54,10.73days
17/02/2025 07:10:06,buy,0.30,EURAUD,1.64770,24/02/2025 03:02:24,1.64933,-1.57,-17.02,0.00,12.55,53.91,30.40,-229.30,-112.50,1031501,SMA Buy,163.87,6.83days
17/02/2025 02:01:55,buy,0.20,EURAUD,1.64971,24/02/2025 03:02:24,1.64934,-1.05,-11.34,0.00,-17.11,16.25,13.70,-178.50,-132.60,1031501,SMA Buy,169.01,7.04days
14/02/2025 12:42:10,buy,0.14,EURAUD,1.65232,24/02/2025 03:02:24,1.64934,-0.73,-9.15,0.00,-36.45,0.00,0.50,-149.46,-158.70,1031501,SMA Buy,230.34,9.60days
19/02/2025 17:34:00,buy,1.03,EURAUD,1.64018,24/02/2025 03:02:23,1.64937,-5.38,-41.72,0.01,555.76,555.76,91.90,-276.65,-37.30,1031501,SMA Buy,105.47,4.39days
19/02/2025 04:55:54,buy,0.68,EURAUD,1.64284,24/02/2025 03:02:23,1.64931,-3.55,-27.55,0.01,249.11,249.11,64.70,-297.98,-63.90,1031501,SMA Buy,118.11,4.92days
17/02/2025 11:56:28,buy,0.46,EURAUD,1.64492,24/02/2025 03:02:23,1.64934,-2.41,-26.08,0.00,101.00,163.85,58.20,-270.05,-84.70,1031501,SMA Buy,159.10,6.63days
21/02/2025 21:23:34,buy,0.04,GBPCAD,1.79758,24/02/2025 03:02:22,1.79857,-0.25,0.05,0.00,2.59,2.59,9.90,0.00,0.00,1031501,SMA Buy,53.65,2.24days
13/02/2025 06:32:28,sell,0.06,EURCAD,1.48768,24/02/2025 03:02:22,1.49191,-0.31,-1.37,0.00,-19.56,28.40,69.30,-19.56,-42.30,2031501,SMA Sell,260.50,10.85days
12/02/2025 19:09:03,sell,0.09,EURCAD,1.48568,24/02/2025 03:02:22,1.49188,-0.47,-3.18,-0.01,-42.94,28.83,49.30,-42.94,-62.00,2031501,SMA Sell,271.89,11.33days
18/02/2025 02:49:06,sell,0.06,USDCAD,1.41944,24/02/2025 03:02:21,1.42001,-0.30,-2.25,0.00,-4.96,6.26,16.40,-20.99,-48.20,2031501,SMA Sell,144.22,6.01days
14/02/2025 15:00:02,sell,0.04,USDCAD,1.41744,24/02/2025 03:02:21,1.42001,-0.20,-1.75,0.00,-9.19,4.21,15.60,-19.85,-68.20,2031501,SMA Sell,228.04,9.50days
24/02/2025 02:30:00,buy,0.04,GBPUSD,1.26669,24/02/2025 03:02:20,1.26667,-0.25,0.00,0.00,-0.33,0.00,0.00,-0.33,-0.20,1031501,SMA Buy,0.54,0.54hrs
19/02/2025 18:56:14,sell,0.14,USDCAD,1.42349,24/02/2025 03:02:20,1.42005,-0.70,-4.37,0.00,28.84,48.37,50.50,-8.27,-7.70,2031501,SMA Sell,104.10,4.34days
19/02/2025 14:26:24,sell,0.09,USDCAD,1.42146,24/02/2025 03:02:20,1.42003,-0.45,-2.81,0.00,5.80,18.22,30.20,-18.14,-28.00,2031501,SMA Sell,108.60,4.52days
24/02/2025 02:54:13,sell,0.09,EURCAD,1.49153,24/02/2025 03:02:19,1.49181,-0.47,0.00,0.00,-2.25,0.00,0.00,-2.25,-2.80,2031501,SMA Sell,0.14,0.14hrs
17/02/2025 09:00:00,buy,0.04,GBPCAD,1.78578,21/02/2025 07:05:19,1.79456,-0.25,0.30,0.01,24.83,24.83,87.80,-1.44,-4.20,1031501,SMA Buy,94.09,3.92days
18/02/2025 19:55:08,buy,0.06,EURUSD,1.04396,21/02/2025 02:27:40,1.04934,-0.31,-2.11,0.01,29.86,29.86,53.80,-20.41,-32.80,1031501,SMA Buy,54.54,2.27days
19/02/2025 12:48:28,buy,0.09,EURUSD,1.04190,21/02/2025 02:27:39,1.04934,-0.47,-2.53,0.01,63.96,63.96,74.40,-11.45,-12.20,1031501,SMA Buy,37.65,1.57days
14/02/2025 09:00:04,buy,0.04,EURUSD,1.04596,21/02/2025 02:27:38,1.04932,-0.21,-1.97,0.00,11.26,19.43,49.10,-22.17,-52.80,1031501,SMA Buy,161.46,6.73days
18/02/2025 15:10:03,buy,0.06,GBPUSD,1.25829,21/02/2025 02:23:33,1.26624,-0.38,-0.66,0.01,46.66,46.66,79.50,-8.01,-12.50,1031501,SMA Buy,59.23,2.47days
18/02/2025 02:30:01,buy,0.04,GBPUSD,1.26161,21/02/2025 02:23:32,1.26632,-0.25,-0.45,0.00,18.14,18.14,47.10,-18.62,-45.70,1031501,SMA Buy,71.89,3.00days
14/02/2025 00:57:13,buy,0.04,GBPUSD,1.25646,18/02/2025 00:15:10,1.26201,-0.25,-0.18,0.01,21.77,26.38,66.80,-5.57,-13.30,1031501,SMA Buy,95.30,3.97days
13/02/2025 08:57:20,sell,0.04,USDCAD,1.42627,14/02/2025 12:25:28,1.41742,-0.20,-1.04,0.01,23.73,26.12,96.90,-6.14,-21.10,2031501,SMA Sell,27.47,1.14days
13/02/2025 15:30:56,buy,0.09,EURUSD,1.03776,14/02/2025 07:12:14,1.04509,-0.47,0.00,0.01,65.50,77.02,86.00,0.00,0.00,1031501,SMA Buy,15.69,15.69hrs
13/02/2025 13:48:29,buy,0.06,EURUSD,1.03988,14/02/2025 07:12:14,1.04509,-0.31,0.00,0.01,30.95,38.63,64.80,-7.57,-12.00,1031501,SMA Buy,17.40,17.40hrs
13/02/2025 08:57:10,buy,0.04,EURUSD,1.04298,14/02/2025 07:12:12,1.04508,-0.21,0.00,0.00,8.19,13.35,33.80,-17.45,-43.00,1031501,SMA Buy,22.25,22.25hrs
07/02/2025 15:31:56,buy,0.06,AUDUSD,0.62706,12/02/2025 19:09:10,0.62866,-0.19,-0.27,0.00,9.14,19.88,33.90,-13.90,-22.40,1031501,SMA Buy,123.62,5.15days
07/02/2025 04:57:17,buy,0.04,AUDUSD,0.62907,12/02/2025 19:09:10,0.62866,-0.13,-0.18,0.00,-1.95,5.21,13.80,-17.31,-42.50,1031501,SMA Buy,134.20,5.59days
10/02/2025 13:05:34,sell,0.06,EURCAD,1.48091,12/02/2025 19:09:09,1.48593,-0.31,-0.34,-0.01,-21.73,20.06,49.10,-21.73,-50.20,2031501,SMA Sell,54.06,2.25days
10/02/2025 00:15:35,buy,0.09,AUDUSD,0.62451,12/02/2025 19:09:09,0.62865,-0.28,-0.26,0.00,36.72,52.92,59.40,0.00,0.00,1031501,SMA Buy,66.89,2.79days
07/02/2025 18:56:34,sell,0.04,EURCAD,1.47859,12/02/2025 19:09:09,1.48598,-0.21,-0.36,-0.01,-21.26,9.60,35.00,-21.26,-73.90,2031501,SMA Sell,120.21,5.01days
07/02/2025 15:32:44,buy,0.09,EURUSD,1.03544,12/02/2025 19:09:08,1.03983,-0.47,-1.71,0.00,37.33,37.33,43.90,-57.05,-61.60,1031501,SMA Buy,123.61,5.15days
06/02/2025 10:10:00,buy,0.06,EURUSD,1.03743,12/02/2025 19:09:08,1.03983,-0.31,-1.52,0.00,12.57,12.57,24.00,-50.35,-81.50,1031501,SMA Buy,152.99,6.37days
06/02/2025 04:30:02,buy,0.04,EURUSD,1.03943,12/02/2025 19:09:08,1.03983,-0.21,-1.00,0.00,0.39,0.39,4.00,-41.56,-101.50,1031501,SMA Buy,158.65,6.61days
10/02/2025 00:21:07,buy,0.30,EURUSD,1.02925,12/02/2025 19:09:07,1.03983,-1.54,-3.76,0.01,312.10,312.10,105.80,-2.52,0.00,1031501,SMA Buy,66.80,2.78days
07/02/2025 19:18:15,buy,0.20,EURUSD,1.03125,12/02/2025 19:09:07,1.03983,-1.03,-3.78,0.01,166.79,166.79,85.80,-42.95,-19.70,1031501,SMA Buy,119.85,4.99days
07/02/2025 17:54:27,buy,0.14,EURUSD,1.03334,12/02/2025 19:09:07,1.03983,-0.72,-2.64,0.01,87.50,87.50,64.90,-59.32,-40.60,1031501,SMA Buy,121.24,5.05days
10/02/2025 11:00:01,sell,0.04,GBPCAD,1.77718,12/02/2025 19:09:06,1.77898,-0.25,-0.78,0.00,-6.06,22.95,84.50,-11.52,-37.50,2031501,SMA Sell,56.15,2.34days
07/02/2025 13:35:54,sell,0.06,USDCAD,1.43324,12/02/2025 19:09:06,1.42894,-0.30,-1.17,0.00,16.59,23.36,56.50,-5.96,-12.60,2031501,SMA Sell,125.55,5.23days
07/02/2025 04:57:12,sell,0.04,USDCAD,1.43083,12/02/2025 19:09:06,1.42895,-0.20,-0.78,0.00,4.28,8.82,32.40,-10.69,-36.70,2031501,SMA Sell,134.20,5.59days
10/02/2025 20:57:05,sell,0.04,GBPAUD,1.97001,12/02/2025 19:09:05,1.98066,-0.25,-0.44,-0.01,-27.47,12.68,52.30,-37.56,-148.10,2031501,SMA Sell,46.20,1.93days
10/02/2025 20:00:07,sell,0.04,GBPUSD,1.23803,12/02/2025 19:09:05,1.24496,-0.25,-0.20,-0.01,-28.17,13.65,34.50,-31.53,-77.70,2031501,SMA Sell,47.15,1.96days
10/02/2025 00:15:23,sell,0.09,USDCAD,1.43638,12/02/2025 19:09:05,1.42894,-0.45,-1.18,0.01,45.23,48.73,79.00,0.00,0.00,2031501,SMA Sell,66.89,2.79days
11/02/2025 16:00:37,sell,0.06,GBPUSD,1.24003,12/02/2025 19:09:04,1.24498,-0.37,-0.15,0.00,-30.22,0.00,0.00,-35.14,-57.70,2031501,SMA Sell,27.14,1.13days
11/02/2025 15:45:57,sell,0.06,GBPAUD,1.97416,12/02/2025 19:09:04,1.98066,-0.37,-0.33,-0.01,-25.22,4.27,12.30,-40.44,-106.60,2031501,SMA Sell,27.39,1.14days
12/02/2025 09:52:16,sell,0.09,GBPUSD,1.24557,12/02/2025 19:09:03,1.24500,-0.56,0.00,0.00,4.57,48.40,54.40,-2.63,-2.30,2031501,SMA Sell,9.28,9.28hrs
12/02/2025 07:13:12,sell,0.09,GBPAUD,1.97862,12/02/2025 19:09:03,1.98074,-0.56,0.00,0.00,-12.56,2.38,5.20,-35.09,-62.00,2031501,SMA Sell,11.93,11.93hrs
12/02/2025 03:52:11,sell,0.06,GBPCAD,1.77929,12/02/2025 19:09:03,1.77900,-0.37,0.00,0.00,0.85,15.35,37.50,-7.25,-16.40,2031501,SMA Sell,15.28,15.28hrs
12/02/2025 10:15:33,sell,0.09,GBPCAD,1.78129,12/02/2025 19:09:02,1.77912,-0.56,0.00,0.00,13.10,35.61,57.50,0.00,0.00,2031501,SMA Sell,8.89,8.89hrs
12/02/2025 10:01:53,sell,0.09,EURCAD,1.48300,12/02/2025 19:09:02,1.48592,-0.47,0.00,0.00,-18.86,10.21,17.00,-18.86,-29.20,2031501,SMA Sell,9.12,9.12hrs
12/02/2025 09:56:07,sell,0.14,GBPAUD,1.98069,12/02/2025 19:09:02,1.98074,-0.87,0.00,0.00,-1.31,0.00,0.00,-36.48,-41.30,2031501,SMA Sell,9.22,9.22hrs
12/02/2025 19:01:54,sell,0.14,EURCAD,1.48528,12/02/2025 19:09:01,1.48589,-0.73,0.00,0.00,-6.70,0.00,0.00,-6.70,-6.10,2031501,SMA Sell,0.12,0.12hrs
07/02/2025 04:57:02,sell,0.04,EURAUD,1.65044,11/02/2025 10:43:20,1.64127,-0.21,0.04,0.01,22.88,26.08,104.40,-4.23,-16.00,2031501,SMA Sell,101.77,4.24days
10/02/2025 00:20:24,sell,0.06,GBPAUD,1.98240,10/02/2025 17:47:18,1.97217,-0.37,0.00,0.01,38.20,38.20,102.30,0.00,0.00,2031501,SMA Sell,17.45,17.45hrs
07/02/2025 16:57:22,sell,0.04,GBPAUD,1.97908,10/02/2025 17:47:18,1.97217,-0.25,-0.22,0.01,16.90,16.90,69.10,0.00,0.00,2031501,SMA Sell,72.83,3.03days
06/02/2025 09:36:32,sell,0.06,EURCAD,1.49085,07/02/2025 17:56:34,1.48203,-0.31,-0.17,0.01,36.46,36.46,88.20,0.00,0.00,2031501,SMA Sell,32.33,1.35days
04/02/2025 16:57:21,sell,0.04,EURCAD,1.48884,07/02/2025 17:56:32,1.48189,-0.21,-0.59,0.01,18.61,18.61,69.50,-4.91,-16.40,2031501,SMA Sell,72.99,3.04days
04/02/2025 14:04:27,buy,0.68,GBPCAD,1.78957,06/02/2025 14:00:46,1.77595,-4.22,6.08,-0.01,-643.08,116.23,25.00,-643.08,-136.20,1031501,SMA Buy,47.94,2.00days
03/02/2025 23:36:56,buy,0.14,GBPCAD,1.79775,06/02/2025 14:00:46,1.77596,-0.87,1.56,-0.02,-211.73,0.00,0.00,-211.73,-217.90,1031501,SMA Buy,62.40,2.60days
06/02/2025 14:00:19,buy,2.31,GBPCAD,1.77972,06/02/2025 14:00:45,1.77611,-14.31,0.00,0.00,-594.99,0.00,0.00,-594.99,-36.10,1031501,SMA Buy,0.01,0.01hrs
03/02/2025 23:42:30,buy,0.30,GBPCAD,1.79374,06/02/2025 14:00:44,1.77640,-1.87,3.35,-0.02,-360.75,35.71,17.80,-360.75,-173.40,1031501,SMA Buy,62.30,2.60days
03/02/2025 19:56:15,buy,0.06,GBPCAD,1.80370,06/02/2025 14:00:44,1.77650,-0.37,0.66,-0.03,-113.35,10.62,26.70,-113.35,-272.00,1031501,SMA Buy,66.07,2.75days
06/02/2025 11:55:17,buy,1.54,GBPCAD,1.78358,06/02/2025 14:00:43,1.77679,-9.57,0.00,-0.01,-737.71,0.00,0.00,-737.71,-67.90,1031501,SMA Buy,2.09,2.09hrs
04/02/2025 21:59:36,buy,1.03,GBPCAD,1.78558,06/02/2025 14:00:43,1.77679,-6.43,9.21,-0.01,-627.69,463.52,64.90,-627.69,-87.90,1031501,SMA Buy,40.02,1.67days
03/02/2025 23:43:45,buy,0.46,GBPCAD,1.79162,06/02/2025 14:00:42,1.77682,-2.86,5.13,-0.01,-471.81,122.15,39.00,-471.81,-148.00,1031501,SMA Buy,62.28,2.60days
03/02/2025 23:38:32,buy,0.20,GBPCAD,1.79575,06/02/2025 14:00:41,1.77696,-1.24,2.23,-0.02,-260.70,0.00,0.00,-260.70,-187.90,1031501,SMA Buy,62.37,2.60days
03/02/2025 23:20:38,buy,0.09,GBPCAD,1.80048,06/02/2025 14:00:40,1.77710,-0.56,1.00,-0.02,-146.08,10.72,18.20,-146.08,-233.80,1031501,SMA Buy,62.67,2.61days
03/02/2025 02:00:01,buy,0.04,GBPCAD,1.80829,06/02/2025 14:00:39,1.77738,-0.25,0.45,-0.03,-85.89,13.94,52.30,-85.89,-309.10,1031501,SMA Buy,84.01,3.50days
04/02/2025 17:02:22,sell,0.68,GBPUSD,1.24618,05/02/2025 12:49:24,1.25448,-4.24,-2.30,-0.01,-570.94,0.00,0.00,-570.94,-83.00,2031501,SMA Sell,19.78,19.78hrs
03/02/2025 17:24:12,sell,0.14,GBPUSD,1.23802,05/02/2025 12:49:23,1.25448,-0.87,-0.94,-0.02,-232.25,0.00,0.00,-232.25,-164.60,2031501,SMA Sell,43.42,1.81days
05/02/2025 09:26:25,sell,1.54,GBPUSD,1.25025,05/02/2025 12:49:22,1.25448,-9.63,0.00,0.00,-661.05,0.00,0.00,-661.05,-42.30,2031501,SMA Sell,3.38,3.38hrs
03/02/2025 17:42:21,sell,0.30,GBPUSD,1.24197,05/02/2025 12:49:22,1.25449,-1.86,-2.02,-0.01,-379.48,88.14,30.10,-379.48,-125.20,2031501,SMA Sell,43.12,1.80days
05/02/2025 11:16:30,sell,2.31,GBPUSD,1.25240,05/02/2025 12:49:21,1.25448,-14.47,0.00,0.00,-494.95,181.88,8.50,-494.95,-20.80,2031501,SMA Sell,1.55,1.55hrs
03/02/2025 14:26:31,sell,0.06,GBPUSD,1.23368,05/02/2025 12:49:21,1.25448,-0.37,-0.40,-0.02,-125.57,0.00,0.00,-125.57,-208.00,2031501,SMA Sell,46.38,1.93days
04/02/2025 17:35:50,sell,1.03,GBPUSD,1.24823,05/02/2025 12:49:20,1.25450,-6.43,-3.48,-0.01,-655.72,169.31,17.40,-655.72,-62.70,2031501,SMA Sell,19.23,19.23hrs
03/02/2025 23:41:12,sell,0.46,GBPUSD,1.24408,05/02/2025 12:49:19,1.25450,-2.86,-3.10,-0.01,-485.28,188.79,42.00,-485.28,-104.20,2031501,SMA Sell,37.14,1.55days
03/02/2025 17:24:40,sell,0.20,GBPUSD,1.24001,05/02/2025 12:49:19,1.25450,-1.24,-1.36,-0.01,-292.40,19.56,10.50,-292.40,-144.90,2031501,SMA Sell,43.41,1.81days
03/02/2025 15:02:45,sell,0.09,GBPUSD,1.23569,05/02/2025 12:49:18,1.25450,-0.56,-0.60,-0.02,-170.45,2.14,3.00,-170.45,-188.10,2031501,SMA Sell,45.78,1.91days
03/02/2025 12:57:03,sell,0.04,GBPUSD,1.23130,05/02/2025 12:49:15,1.25449,-0.25,-0.28,-0.02,-93.29,2.79,7.90,-93.29,-231.90,2031501,SMA Sell,47.87,1.99days
31/01/2025 21:34:25,buy,0.04,USDCAD,1.45129,03/02/2025 01:02:07,1.47298,-0.20,0.09,0.02,58.79,62.29,228.70,0.00,0.00,1031501,SMA Buy,51.46,2.14days
31/01/2025 21:34:29,sell,0.04,EURUSD,1.03695,03/02/2025 00:45:31,1.02571,-0.21,0.09,0.01,44.84,47.76,119.70,0.00,0.00,2031501,SMA Sell,51.18,2.13days
31/01/2025 21:34:32,buy,0.04,GBPCAD,1.79943,03/02/2025 00:43:18,1.81401,-0.25,0.09,0.01,39.41,42.27,156.40,0.00,0.00,1031501,SMA Buy,51.15,2.13days
30/01/2025 16:58:23,buy,0.04,EURAUD,1.67444,31/01/2025 20:34:28,1.66801,-0.21,-0.32,-64.30,-16.51,0.00,0.00,-22.83,-89.50,1031501,SMA Buy,27.60,1.15days
30/01/2025 16:00:03,buy,0.04,GBPAUD,1.99986,31/01/2025 20:34:28,1.99436,-0.25,-0.11,-55.00,-14.03,0.97,5.30,-18.67,-73.50,1031501,SMA Buy,28.57,1.19days
30/01/2025 17:00:06,sell,0.04,AUDUSD,0.62287,31/01/2025 20:34:28,0.62160,-0.12,-0.05,12.70,4.91,7.92,20.10,-4.24,-10.30,2031501,SMA Sell,27.57,1.15days
31/01/2025 04:50:10,buy,0.06,EURAUD,1.67080,31/01/2025 20:34:27,1.66796,-0.31,0.00,-28.40,-10.91,0.00,0.00,-20.16,-53.10,1031501,SMA Buy,15.74,15.74hrs
30/01/2025 23:38:33,buy,0.04,GBPCAD,1.80210,31/01/2025 20:34:27,1.79833,-0.25,0.04,-37.70,-10.60,0.00,0.00,-20.87,-74.60,1031501,SMA Buy,20.93,20.93hrs
31/01/2025 07:06:54,buy,0.09,EURAUD,1.66814,31/01/2025 20:34:27,1.66793,-0.47,0.00,-2.10,-1.64,11.05,20.60,-15.33,-26.50,1031501,SMA Buy,13.46,13.46hrs
31/01/2025 07:08:19,buy,0.06,GBPAUD,1.99461,31/01/2025 20:34:26,1.99429,-0.37,0.00,-3.20,-1.57,13.24,36.50,-8.22,-21.00,1031501,SMA Buy,13.44,13.44hrs
31/01/2025 08:00:03,sell,0.04,EURUSD,1.03888,31/01/2025 20:34:26,1.03694,-0.21,0.00,19.40,7.55,7.55,19.40,-5.65,-13.60,2031501,SMA Sell,12.57,12.57hrs
31/01/2025 09:18:30,buy,0.06,GBPCAD,1.79647,31/01/2025 20:34:25,1.79847,-0.37,0.00,20.00,7.90,18.38,45.60,-7.97,-18.30,1031501,SMA Buy,11.27,11.27hrs
31/01/2025 08:46:27,buy,0.06,USDCAD,1.44667,31/01/2025 20:34:25,1.45066,-0.30,0.00,39.90,16.20,26.33,64.50,-10.27,-24.00,1031501,SMA Buy,11.80,11.80hrs
31/01/2025 09:23:01,buy,0.09,USDCAD,1.44437,31/01/2025 20:34:25,1.45067,-0.45,0.00,63.00,38.64,53.74,87.50,-1.07,-1.00,1031501,SMA Buy,11.19,11.19hrs
31/01/2025 03:00:04,buy,0.04,USDCAD,1.44979,31/01/2025 20:34:24,1.45064,-0.20,0.00,8.50,2.14,8.97,33.30,-15.49,-55.20,1031501,SMA Buy,17.57,17.57hrs
31/01/2025 09:35:16,sell,0.06,EURUSD,1.04088,31/01/2025 20:34:24,1.03690,-0.31,0.00,39.80,23.57,23.57,39.80,0.00,0.00,2031501,SMA Sell,10.99,10.99hrs
31/01/2025 09:24:32,buy,0.09,GBPCAD,1.79422,31/01/2025 20:34:24,1.79834,-0.56,0.00,41.20,25.01,41.49,68.10,0.00,0.00,1031501,SMA Buy,11.16,11.16hrs
31/01/2025 17:10:12,buy,0.09,GBPAUD,1.99236,31/01/2025 20:34:23,1.99420,-0.56,0.00,18.40,9.73,9.73,18.40,0.00,0.00,1031501,SMA Buy,3.40,3.40hrs
31/01/2025 17:07:47,buy,0.14,EURAUD,1.66614,31/01/2025 20:34:23,1.66783,-0.73,0.00,16.90,13.98,13.98,16.90,-6.40,-6.50,1031501,SMA Buy,3.44,3.44hrs
31/01/2025 17:44:32,buy,0.14,GBPAUD,1.99032,31/01/2025 20:34:23,1.99420,-0.87,0.00,38.80,32.90,32.90,38.80,0.00,0.00,1031501,SMA Buy,2.83,2.83hrs
31/01/2025 19:09:09,sell,0.06,AUDUSD,0.62488,31/01/2025 20:34:22,0.62165,-0.19,0.00,32.30,19.19,19.19,32.30,0.00,0.00,2031501,SMA Sell,1.42,1.42hrs
31/01/2025 19:09:05,buy,0.14,USDCAD,1.44168,31/01/2025 20:34:22,1.45055,-0.70,0.00,88.70,84.91,84.91,88.70,0.00,0.00,1031501,SMA Buy,1.42,1.42hrs
31/01/2025 19:09:57,buy,0.20,USDCAD,1.43936,31/01/2025 20:34:22,1.45065,-1.00,0.00,112.90,154.65,154.65,112.90,0.00,0.00,1031501,SMA Buy,1.41,1.41hrs
31/01/2025 19:12:18,sell,0.09,EURUSD,1.04283,31/01/2025 20:34:21,1.03679,-0.47,0.00,60.40,53.89,53.89,60.40,0.00,0.00,2031501,SMA Sell,1.37,1.37hrs
31/01/2025 19:10:07,buy,0.14,GBPCAD,1.79206,31/01/2025 20:34:21,1.79821,-0.87,0.00,61.50,58.48,58.48,61.50,0.00,0.00,1031501,SMA Buy,1.40,1.40hrs
30/01/2025 17:00:03,buy,0.04,GBPCAD,1.79669,30/01/2025 22:38:32,1.80649,-0.25,0.00,98.00,26.72,26.72,98.00,-10.13,-35.60,1031501,SMA Buy,5.64,5.64hrs
21/01/2025 20:30:16,buy,0.04,AUDUSD,0.62728,30/01/2025 15:58:30,0.62347,-0.13,-0.63,-38.10,-16.00,20.42,52.20,-23.58,-57.50,1031501,SMA Buy,211.47,8.81days
21/01/2025 02:50:31,buy,0.02,AUDCAD,0.89872,30/01/2025 15:58:30,0.89828,-0.06,0.00,-4.40,-0.67,10.45,75.00,-2.53,-17.80,1031501,SMA Buy,229.13,9.55days
28/01/2025 14:07:01,buy,0.06,AUDUSD,0.62430,30/01/2025 15:58:29,0.62346,-0.19,-0.36,-8.40,-5.59,6.83,11.70,-16.90,-27.70,1031501,SMA Buy,49.86,2.08days
24/01/2025 21:17:07,buy,0.04,EURCAD,1.50536,30/01/2025 15:58:29,1.50584,-0.21,-1.01,4.80,0.11,17.67,64.90,-23.32,-79.60,1031501,SMA Buy,138.69,5.78days
28/01/2025 02:00:34,buy,0.06,EURCAD,1.50336,30/01/2025 15:58:29,1.50574,-0.31,-0.99,23.80,8.61,8.61,23.80,-26.12,-59.60,1031501,SMA Buy,61.97,2.58days
27/01/2025 16:12:29,buy,0.04,EURUSD,1.05223,30/01/2025 15:58:28,1.04509,-0.21,-1.25,-71.40,-30.02,0.00,0.00,-56.27,-138.90,1031501,SMA Buy,71.77,2.99days
28/01/2025 15:37:40,buy,0.09,EURCAD,1.50119,30/01/2025 15:58:28,1.50574,-0.47,-1.48,45.50,26.47,26.47,45.50,-25.62,-37.90,1031501,SMA Buy,48.35,2.01days
28/01/2025 01:16:30,buy,0.06,EURUSD,1.04710,30/01/2025 15:58:27,1.04511,-0.31,-1.51,-19.90,-13.76,0.00,0.00,-53.25,-87.60,1031501,SMA Buy,62.70,2.61days
28/01/2025 01:23:00,buy,0.09,EURUSD,1.04508,30/01/2025 15:58:27,1.04511,-0.47,-2.27,0.30,-2.47,3.40,4.30,-61.70,-67.40,1031501,SMA Buy,62.59,2.61days
28/01/2025 01:34:41,buy,0.14,EURUSD,1.04316,30/01/2025 15:58:27,1.04514,-0.73,-3.52,19.80,23.47,32.17,23.50,-69.09,-48.20,1031501,SMA Buy,62.40,2.60days
27/01/2025 14:25:46,buy,0.04,GBPUSD,1.25015,30/01/2025 15:58:26,1.24674,-0.25,-0.26,-34.10,-14.15,1.23,3.70,-42.39,-105.10,1031501,SMA Buy,73.54,3.06days
24/01/2025 21:00:25,buy,0.04,GBPCAD,1.79007,30/01/2025 15:58:26,1.79639,-0.25,0.25,63.20,17.55,21.38,77.60,-7.32,-25.90,1031501,SMA Buy,138.97,5.79days
28/01/2025 15:50:24,buy,0.06,GBPCAD,1.78799,30/01/2025 15:58:26,1.79635,-0.37,0.27,83.60,34.71,34.71,83.60,-2.42,-5.10,1031501,SMA Buy,48.13,2.01days
28/01/2025 01:18:32,buy,0.06,GBPUSD,1.24628,30/01/2025 15:58:25,1.24673,-0.37,-0.32,4.50,2.01,2.01,4.50,-40.29,-66.40,1031501,SMA Buy,62.66,2.61days
28/01/2025 01:33:58,buy,0.09,GBPUSD,1.24429,30/01/2025 15:58:25,1.24673,-0.56,-0.48,24.40,20.92,20.92,24.40,-42.53,-46.50,1031501,SMA Buy,62.41,2.60days
28/01/2025 14:03:19,buy,0.14,GBPUSD,1.24229,30/01/2025 15:58:25,1.24674,-0.87,-0.73,44.50,60.70,60.70,44.50,-38.15,-26.50,1031501,SMA Buy,49.92,2.08days
29/01/2025 11:05:46,buy,0.20,EURUSD,1.04113,30/01/2025 15:58:24,1.04502,-1.04,-3.77,38.90,72.99,72.99,38.90,-56.84,-27.90,1031501,SMA Buy,28.88,1.20days
29/01/2025 15:25:46,buy,0.09,AUDUSD,0.62148,30/01/2025 15:58:23,0.62329,-0.28,-0.40,18.10,15.61,23.44,26.80,0.00,0.00,1031501,SMA Buy,24.54,1.02days
29/01/2025 15:18:59,buy,0.20,GBPUSD,1.24010,30/01/2025 15:58:23,1.24669,-1.24,-0.79,65.90,129.77,129.77,65.90,-10.44,-4.60,1031501,SMA Buy,24.66,1.03days
29/01/2025 15:25:01,buy,0.30,EURUSD,1.03835,30/01/2025 15:58:23,1.04480,-1.56,-5.65,64.50,186.29,186.29,64.50,-1.86,-0.10,1031501,SMA Buy,24.56,1.02days
29/01/2025 16:30:01,buy,0.04,USDCAD,1.44534,30/01/2025 15:58:22,1.44115,-0.20,0.06,-41.90,-11.77,0.00,0.00,-13.77,-49.20,1031501,SMA Buy,23.47,23.47hrs
29/01/2025 19:01:16,buy,0.06,USDCAD,1.44061,30/01/2025 15:58:22,1.44118,-0.30,0.09,5.70,2.16,12.09,29.60,-0.96,-1.90,1031501,SMA Buy,20.95,20.95hrs
29/01/2025 17:00:03,buy,0.04,EURAUD,1.67225,30/01/2025 15:58:22,1.67599,-0.21,-0.96,37.40,8.15,8.15,37.40,-8.77,-30.50,1031501,SMA Buy,22.97,22.97hrs
30/01/2025 02:49:11,buy,0.06,EURAUD,1.67023,30/01/2025 15:58:21,1.67595,-0.31,0.00,57.20,21.08,21.08,57.20,-4.16,-10.30,1031501,SMA Buy,13.15,13.15hrs
30/01/2025 11:21:28,buy,0.14,EURCAD,1.49919,30/01/2025 15:58:21,1.50537,-0.73,0.00,61.80,59.31,59.31,61.80,-18.12,-17.90,1031501,SMA Buy,4.61,4.61hrs
29/01/2025 00:15:57,buy,0.04,GBPAUD,1.99038,30/01/2025 08:24:34,1.99981,-0.25,-0.35,94.30,22.86,23.14,95.40,-2.93,-10.70,1031501,SMA Buy,32.14,1.34days
27/01/2025 04:00:03,buy,0.04,GBPAUD,1.98004,28/01/2025 06:07:16,1.98950,-0.25,-0.12,94.60,23.28,24.10,98.80,-3.95,-14.70,1031501,SMA Buy,26.12,1.09days
24/01/2025 10:02:25,buy,0.04,EURUSD,1.04598,27/01/2025 15:12:29,1.05211,-0.21,-0.25,61.30,24.06,24.06,61.30,-1.30,-2.10,1031501,SMA Buy,77.17,3.22days
27/01/2025 03:54:45,buy,0.06,GBPUSD,1.24483,27/01/2025 13:25:46,1.25017,-0.37,0.00,53.40,31.67,31.67,53.40,-2.83,-4.10,1031501,SMA Buy,9.52,9.52hrs
27/01/2025 10:00:21,buy,0.09,GBPUSD,1.24286,27/01/2025 13:25:45,1.25021,-0.56,0.00,73.50,65.59,65.59,73.50,0.00,0.00,1031501,SMA Buy,3.42,3.42hrs
24/01/2025 21:00:11,buy,0.04,GBPUSD,1.24815,27/01/2025 13:25:44,1.25019,-0.25,-0.05,20.40,7.86,7.86,20.40,-15.22,-37.30,1031501,SMA Buy,64.43,2.68days
21/01/2025 12:00:36,buy,0.06,EURCAD,1.49310,24/01/2025 20:17:05,1.50619,-0.31,-1.24,130.90,53.23,53.23,130.90,-4.71,-9.90,1031501,SMA Buy,80.27,3.34days
21/01/2025 07:03:40,buy,0.04,EURCAD,1.49785,24/01/2025 20:17:04,1.50624,-0.21,-0.84,83.90,22.35,22.35,83.90,-16.41,-57.40,1031501,SMA Buy,85.22,3.55days
24/01/2025 10:00:05,buy,0.04,GBPCAD,1.77682,24/01/2025 20:00:20,1.79009,-0.25,0.00,132.70,36.77,36.77,132.70,0.00,0.00,1031501,SMA Buy,10.00,10.00hrs
24/01/2025 05:24:06,buy,0.04,GBPUSD,1.23863,24/01/2025 19:48:36,1.24912,-0.25,0.00,104.90,41.71,41.71,104.90,-0.49,-0.50,1031501,SMA Buy,14.41,14.41hrs
23/01/2025 09:10:36,buy,0.06,EURUSD,1.03975,24/01/2025 09:02:25,1.04544,-0.31,-0.38,56.90,33.45,33.69,57.40,-0.55,-0.40,1031501,SMA Buy,23.86,23.86hrs
23/01/2025 18:12:12,buy,0.09,EURUSD,1.03745,24/01/2025 09:02:24,1.04544,-0.47,-0.57,79.90,70.87,71.23,80.40,0.00,0.00,1031501,SMA Buy,14.84,14.84hrs
22/01/2025 15:00:18,buy,0.04,EURUSD,1.04379,24/01/2025 09:02:23,1.04544,-0.21,-1.00,16.50,5.39,5.55,17.00,-17.28,-40.80,1031501,SMA Buy,42.03,1.75days
21/01/2025 12:00:10,buy,0.06,GBPCAD,1.76671,24/01/2025 08:53:23,1.77690,-0.37,0.34,101.90,42.65,46.36,110.80,-2.77,-5.50,1031501,SMA Buy,68.89,2.87days
21/01/2025 08:57:20,buy,0.04,GBPCAD,1.77085,24/01/2025 08:53:21,1.77696,-0.25,0.21,61.10,17.02,19.33,69.40,-13.42,-46.90,1031501,SMA Buy,71.93,3.00days
23/01/2025 09:10:32,buy,0.06,GBPUSD,1.23011,24/01/2025 04:24:06,1.23779,-0.37,-0.08,76.80,45.63,45.63,76.80,-0.73,0.00,1031501,SMA Buy,19.23,19.23hrs
21/01/2025 22:00:14,buy,0.04,GBPUSD,1.23262,24/01/2025 04:24:04,1.23783,-0.25,-0.26,52.10,20.33,20.33,52.10,-10.74,-24.90,1031501,SMA Buy,54.40,2.27days
21/01/2025 16:00:25,buy,0.04,EURUSD,1.03791,22/01/2025 13:36:47,1.04422,-0.21,-0.25,63.10,24.78,27.94,71.00,-0.77,-1.00,1031501,SMA Buy,21.61,21.61hrs
16/01/2025 21:30:02,buy,0.02,AUDCAD,0.89443,21/01/2025 02:50:30,0.89853,-0.06,0.00,41.00,5.65,5.65,41.20,-4.62,-32.90,1031501,SMA Buy,101.34,4.22days
17/01/2025 06:46:38,buy,0.03,AUDCAD,0.89243,21/01/2025 02:50:30,0.89853,-0.09,0.00,61.00,12.65,12.65,61.20,-2.77,-12.90,1031501,SMA Buy,92.06,3.84days
17/01/2025 23:30:00,buy,0.02,USDCAD,1.44718,21/01/2025 02:50:29,1.43664,-0.10,0.03,-105.40,-14.74,0.00,0.00,-24.49,-174.60,1031501,SMA Buy,75.34,3.14days
20/01/2025 15:30:47,buy,0.03,USDCAD,1.44323,21/01/2025 02:50:29,1.43634,-0.15,0.04,-68.90,-14.50,0.00,0.00,-28.46,-135.10,1031501,SMA Buy,11.33,11.33hrs
20/01/2025 15:31:31,buy,0.05,USDCAD,1.44086,21/01/2025 02:50:28,1.43673,-0.25,0.07,-41.30,-14.55,0.00,0.00,-39.14,-111.40,1031501,SMA Buy,11.32,11.32hrs
20/01/2025 15:31:45,buy,0.07,USDCAD,1.43866,21/01/2025 02:50:28,1.43673,-0.35,0.10,-19.30,-9.65,0.00,0.00,-44.02,-89.40,1031501,SMA Buy,11.31,11.31hrs
20/01/2025 15:32:11,buy,0.10,USDCAD,1.43367,21/01/2025 02:50:28,1.43678,-0.50,0.15,31.10,21.30,21.30,31.10,-27.98,-39.50,1031501,SMA Buy,11.30,11.30hrs
20/01/2025 15:51:14,buy,0.15,USDCAD,1.43158,21/01/2025 02:50:27,1.43688,-0.75,0.22,53.00,54.80,54.80,53.00,-20.04,-18.60,1031501,SMA Buy,10.99,10.99hrs
20/01/2025 16:42:44,buy,0.23,USDCAD,1.42957,21/01/2025 02:50:27,1.43688,-1.15,0.34,73.10,116.20,116.20,73.10,0.00,0.00,1031501,SMA Buy,10.13,10.13hrs
20/01/2025 16:46:25,buy,0.34,USDCAD,1.42753,21/01/2025 02:50:27,1.43660,-1.70,0.50,90.70,213.46,213.46,90.70,0.00,0.00,1031501,SMA Buy,10.07,10.07hrs
17/01/2025 22:29:09,sell,0.34,EURCAD,1.48716,21/01/2025 02:50:23,1.49686,-1.75,-1.96,-97.00,-232.86,0.00,0.00,-232.86,-97.00,2031501,SMA Sell,76.35,3.18days
20/01/2025 11:01:34,sell,0.77,EURCAD,1.49131,21/01/2025 02:50:22,1.49702,-3.97,-2.23,-57.10,-311.70,123.41,22.80,-311.70,-57.10,2031501,SMA Sell,15.81,15.81hrs
16/01/2025 18:04:47,sell,0.15,EURCAD,1.48254,21/01/2025 02:50:22,1.49687,-0.77,-0.86,-143.30,-151.01,2.46,3.30,-151.01,-143.30,2031501,SMA Sell,104.76,4.36days
14/01/2025 16:29:15,sell,0.07,EURCAD,1.47768,21/01/2025 02:50:22,1.49686,-0.36,-1.47,-191.80,-95.12,3.78,8.50,-95.12,-191.80,2031501,SMA Sell,154.35,6.43days
20/01/2025 08:29:35,sell,0.51,EURCAD,1.48922,21/01/2025 02:50:21,1.49610,-2.63,-1.48,-68.80,-248.12,7.34,1.90,-248.12,-68.80,2031501,SMA Sell,18.35,18.35hrs
21/01/2025 02:50:03,sell,1.15,EURCAD,1.49356,21/01/2025 02:50:21,1.49605,-5.99,0.00,-24.90,-205.12,0.00,0.00,-205.12,-24.90,2031501,SMA Sell,0.01,0.01hrs
14/01/2025 00:28:04,sell,0.03,EURCAD,1.47388,21/01/2025 02:50:21,1.49605,-0.15,-0.63,-221.70,-47.01,0.50,3.10,-47.01,-221.70,2031501,SMA Sell,170.37,7.10days
17/01/2025 13:12:36,sell,0.23,EURCAD,1.48521,21/01/2025 02:50:20,1.49604,-1.19,-1.33,-108.30,-175.74,7.41,5.40,-175.74,-108.30,2031501,SMA Sell,85.63,3.57days
15/01/2025 15:30:45,sell,0.10,EURCAD,1.48054,21/01/2025 02:50:20,1.49604,-0.52,-1.73,-155.00,-110.06,0.00,0.00,-110.06,-155.00,2031501,SMA Sell,131.33,5.47days
14/01/2025 15:30:35,sell,0.05,EURCAD,1.47567,21/01/2025 02:50:19,1.49600,-0.26,-1.04,-203.30,-72.01,0.00,0.00,-72.01,-203.30,2031501,SMA Sell,155.33,6.47days
13/01/2025 23:49:54,sell,0.02,EURCAD,1.47184,21/01/2025 02:50:19,1.49593,-0.10,-0.51,-240.90,-34.13,0.00,0.00,-34.13,-240.90,2031501,SMA Sell,171.01,7.13days
15/01/2025 09:54:54,sell,0.05,GBPUSD,1.22380,16/01/2025 15:30:18,1.21921,-0.31,-0.68,45.90,21.96,21.96,45.90,0.00,0.00,2031501,SMA Sell,29.59,1.23days
15/01/2025 15:40:07,sell,0.07,GBPUSD,1.22937,16/01/2025 15:30:15,1.21975,-0.43,-0.95,96.20,65.96,65.96,96.20,0.00,0.00,2031501,SMA Sell,23.84,23.84hrs
15/01/2025 09:00:34,sell,0.03,GBPUSD,1.22169,16/01/2025 15:30:05,1.21972,-0.18,-0.41,19.70,5.32,5.32,19.70,0.00,0.00,2031501,SMA Sell,30.49,1.27days
14/01/2025 12:30:02,sell,0.02,GBPUSD,1.21854,16/01/2025 15:30:02,1.21933,-0.12,-0.34,-7.90,-2.04,8.46,43.00,-5.61,-27.10,2031501,SMA Sell,51.00,2.13days
09/01/2025 08:00:06,sell,0.02,AUDCAD,0.89105,13/01/2025 23:49:55,0.88765,-0.06,-0.20,34.00,4.47,6.44,48.30,-0.74,-4.40,2031501,SMA Sell,111.83,4.66days
06/01/2025 16:18:54,sell,0.02,EURAUD,1.65650,13/01/2025 23:49:54,1.65841,-0.10,0.01,-19.10,-2.45,0.00,0.00,-13.95,-112.80,2031501,SMA Sell,175.52,7.31days
09/01/2025 12:30:05,sell,0.02,AUDUSD,0.61931,13/01/2025 23:49:54,0.61719,-0.06,-0.06,21.20,4.12,9.72,49.20,0.00,0.00,2031501,SMA Sell,107.33,4.47days
10/01/2025 03:24:53,sell,0.03,AUDCAD,0.89305,13/01/2025 23:49:54,0.88765,-0.09,-0.15,54.00,11.02,13.97,68.30,0.00,0.00,2031501,SMA Sell,92.42,3.85days
06/01/2025 17:17:55,sell,0.03,EURAUD,1.65936,13/01/2025 23:49:53,1.65841,-0.16,0.01,9.50,1.61,1.61,9.50,-15.67,-84.20,2031501,SMA Sell,174.53,7.27days
06/01/2025 17:45:28,sell,0.05,EURAUD,1.66139,13/01/2025 23:49:53,1.65842,-0.26,0.06,29.70,8.96,8.98,29.70,-19.83,-63.90,2031501,SMA Sell,174.07,7.25days
06/01/2025 17:57:36,sell,0.07,EURAUD,1.66340,13/01/2025 23:49:53,1.65844,-0.36,0.07,49.60,21.14,21.22,49.70,-19.13,-43.80,2031501,SMA Sell,173.87,7.24days
10/01/2025 20:30:01,sell,0.02,EURCAD,1.47688,13/01/2025 23:49:52,1.47198,-0.10,-0.08,49.00,6.64,7.40,54.60,-1.59,-10.20,2031501,SMA Sell,75.33,3.14days
08/01/2025 03:17:10,sell,0.10,EURAUD,1.66548,13/01/2025 23:49:52,1.65844,-0.52,0.06,70.40,42.99,43.08,70.50,-14.59,-23.00,2031501,SMA Sell,140.54,5.86days
10/01/2025 23:22:02,sell,0.15,EURAUD,1.66769,13/01/2025 23:49:52,1.65843,-0.77,0.02,92.60,84.97,84.98,92.60,-1.58,-0.90,2031501,SMA Sell,72.46,3.02days
07/01/2025 17:47:33,buy,0.05,EURUSD,1.03567,13/01/2025 23:49:51,1.02341,-0.26,-2.34,-122.60,-63.90,0.00,0.00,-74.25,-143.30,1031501,SMA Buy,150.04,6.25days
07/01/2025 17:00:08,buy,0.03,EURUSD,1.03766,13/01/2025 23:49:51,1.02341,-0.16,-1.39,-142.50,-44.30,0.00,0.00,-50.51,-163.20,1031501,SMA Buy,150.83,6.28days
07/01/2025 14:30:02,buy,0.02,EURUSD,1.04057,13/01/2025 23:49:51,1.02341,-0.10,-0.95,-171.60,-35.37,0.00,0.00,-39.51,-192.30,1031501,SMA Buy,153.33,6.39days
08/01/2025 13:30:41,buy,0.15,EURUSD,1.02958,13/01/2025 23:49:50,1.02340,-0.77,-5.86,-61.80,-99.33,2.94,5.60,-130.23,-82.40,1031501,SMA Buy,130.32,5.43days
08/01/2025 11:25:14,buy,0.10,EURUSD,1.03158,13/01/2025 23:49:50,1.02340,-0.52,-3.91,-81.80,-86.23,0.00,0.00,-106.83,-102.40,1031501,SMA Buy,132.41,5.52days
08/01/2025 09:43:23,buy,0.07,EURUSD,1.03366,13/01/2025 23:49:50,1.02341,-0.36,-2.74,-102.50,-74.85,0.00,0.00,-89.34,-123.20,1031501,SMA Buy,134.11,5.59days
08/01/2025 13:39:48,buy,0.23,EURUSD,1.02755,13/01/2025 23:49:49,1.02340,-1.18,-9.00,-41.50,-105.63,51.19,25.90,-153.01,-62.10,1031501,SMA Buy,130.17,5.42days
10/01/2025 15:33:56,buy,0.34,EURUSD,1.02455,13/01/2025 23:49:49,1.02340,-1.74,-2.66,-11.50,-43.50,0.00,0.00,-113.54,-32.10,1031501,SMA Buy,80.26,3.34days
10/01/2025 15:38:09,buy,0.51,EURUSD,1.02371,13/01/2025 23:49:49,1.02340,-2.61,-3.99,-3.10,-22.41,32.67,7.70,-127.47,-23.70,1031501,SMA Buy,80.19,3.34days
07/01/2025 16:17:39,sell,0.03,USDCAD,1.43344,13/01/2025 23:49:48,1.43834,-0.15,-1.08,-49.00,-11.45,0.00,0.00,-22.05,-100.20,2031501,SMA Sell,151.54,6.31days
07/01/2025 17:02:17,sell,0.05,USDCAD,1.43554,13/01/2025 23:49:48,1.43835,-0.25,-1.80,-28.10,-11.82,0.00,0.00,-29.48,-79.20,2031501,SMA Sell,150.79,6.28days
07/01/2025 08:30:02,sell,0.02,USDCAD,1.43144,13/01/2025 23:49:48,1.43834,-0.10,-0.72,-69.00,-10.41,0.00,0.00,-17.47,-120.20,2031501,SMA Sell,159.33,6.64days
08/01/2025 12:46:09,sell,0.07,USDCAD,1.43756,13/01/2025 23:49:47,1.43834,-0.35,-2.10,-7.80,-6.25,0.00,0.00,-31.06,-59.00,2031501,SMA Sell,131.06,5.46days
08/01/2025 13:33:49,sell,0.10,USDCAD,1.43971,13/01/2025 23:49:47,1.43834,-0.50,-3.01,13.70,6.01,6.01,13.70,-29.49,-37.50,2031501,SMA Sell,130.27,5.43days
10/01/2025 07:57:37,sell,0.15,USDCAD,1.44175,13/01/2025 23:49:47,1.43835,-0.75,-0.90,34.00,33.81,33.81,34.00,-19.42,-17.10,2031501,SMA Sell,87.87,3.66days
13/01/2025 06:01:21,sell,0.02,GBPUSD,1.21483,13/01/2025 23:49:46,1.21944,-0.12,0.00,-46.10,-9.34,0.00,0.00,-9.34,-46.10,2031501,SMA Sell,17.81,17.81hrs
10/01/2025 18:07:27,sell,0.23,USDCAD,1.44379,13/01/2025 23:49:46,1.43835,-1.15,-1.38,54.40,84.46,84.46,54.40,0.00,0.00,2031501,SMA Sell,77.71,3.24days
13/01/2025 05:45:06,buy,0.77,EURUSD,1.02166,13/01/2025 23:49:46,1.02333,-3.93,0.00,16.70,124.66,124.66,16.70,-28.57,-3.20,1031501,SMA Buy,18.08,18.08hrs
13/01/2025 11:24:59,buy,1.15,EURUSD,1.01945,13/01/2025 23:49:45,1.02331,-5.86,0.00,38.60,438.04,438.04,38.60,0.00,0.00,1031501,SMA Buy,12.41,12.41hrs
10/01/2025 16:00:07,sell,0.02,GBPUSD,1.22304,13/01/2025 06:01:20,1.21491,-0.12,-0.07,81.30,16.07,16.07,81.30,0.00,0.00,2031501,SMA Sell,62.02,2.58days
08/01/2025 22:00:06,sell,0.02,GBPAUD,1.98971,09/01/2025 12:42:32,1.98076,-0.12,-0.33,89.50,10.64,10.64,89.50,0.00,0.00,2031501,SMA Sell,14.71,14.71hrs
09/01/2025 02:38:12,sell,0.03,GBPAUD,1.99178,09/01/2025 12:42:32,1.98061,-0.19,0.00,111.70,20.56,20.56,111.70,0.00,0.00,2031501,SMA Sell,10.07,10.07hrs
08/01/2025 18:00:04,sell,0.02,GBPCAD,1.77565,09/01/2025 09:48:24,1.76598,-0.12,-0.59,96.70,12.73,12.73,96.70,0.00,0.00,2031501,SMA Sell,15.81,15.81hrs
06/01/2025 18:22:09,sell,0.07,GBPAUD,2.00510,08/01/2025 13:27:49,1.99526,-0.44,-0.92,98.40,41.39,41.39,98.40,0.00,0.00,2031501,SMA Sell,43.09,1.80days
06/01/2025 17:41:16,sell,0.03,GBPAUD,2.00107,08/01/2025 13:27:48,1.99526,-0.19,-0.40,58.10,10.23,10.23,58.10,0.00,0.00,2031501,SMA Sell,43.78,1.82days
06/01/2025 18:03:18,sell,0.05,GBPAUD,2.00307,08/01/2025 13:27:48,1.99528,-0.31,-0.66,77.90,23.21,23.21,77.90,0.00,0.00,2031501,SMA Sell,43.41,1.81days
08/01/2025 03:12:17,sell,0.10,GBPAUD,2.00718,08/01/2025 13:27:48,1.99528,-0.62,0.00,119.00,73.24,73.24,119.00,0.00,0.00,2031501,SMA Sell,10.26,10.26hrs
06/01/2025 16:18:49,sell,0.02,GBPAUD,1.99502,08/01/2025 13:27:47,1.99527,-0.12,-0.26,-2.50,-0.69,0.00,0.00,-0.69,-2.50,2031501,SMA Sell,45.15,1.88days
02/01/2025 20:00:02,sell,0.02,EURAUD,1.65506,06/01/2025 16:18:51,1.65685,-0.10,0.00,-17.90,-2.33,0.00,0.00,-2.33,-17.90,2031501,SMA Sell,92.31,3.85days
03/01/2025 08:51:33,sell,0.03,EURUSD,1.02759,06/01/2025 16:18:50,1.03557,-0.15,0.07,-79.80,-24.02,0.00,0.00,-24.02,-79.80,2031501,SMA Sell,79.45,3.31days
02/01/2025 18:04:15,sell,0.02,EURUSD,1.02377,06/01/2025 16:18:50,1.03559,-0.10,0.10,-118.20,-23.64,0.00,0.00,-23.64,-118.20,2031501,SMA Sell,94.24,3.93days
03/01/2025 17:01:51,sell,0.03,EURAUD,1.65790,06/01/2025 16:18:50,1.65685,-0.15,0.00,10.50,1.82,1.82,10.50,0.00,0.00,2031501,SMA Sell,71.28,2.97days
02/01/2025 03:04:12,buy,0.03,GBPAUD,2.01840,06/01/2025 16:18:49,1.99497,-0.19,-0.20,-234.30,-44.32,0.00,0.00,-44.32,-234.30,1031501,SMA Buy,109.24,4.55days
31/12/2024 06:00:01,buy,0.02,GBPAUD,2.02035,06/01/2025 16:18:49,1.99497,-0.13,-0.34,-253.80,-32.20,0.00,0.00,-32.20,-253.80,1031501,SMA Buy,154.31,6.43days
03/01/2025 11:20:16,sell,0.05,EURUSD,1.02959,06/01/2025 16:18:49,1.03557,-0.26,0.12,-59.80,-30.04,0.00,0.00,-30.04,-59.80,2031501,SMA Sell,76.98,3.21days
02/01/2025 10:52:47,buy,0.07,GBPAUD,2.01200,06/01/2025 16:18:48,1.99511,-0.44,-0.48,-168.90,-74.81,0.00,0.00,-74.81,-168.90,1031501,SMA Buy,101.43,4.23days
02/01/2025 03:21:27,buy,0.05,GBPAUD,2.01630,06/01/2025 16:18:48,1.99504,-0.31,-0.34,-212.60,-67.09,0.00,0.00,-67.09,-212.60,1031501,SMA Buy,108.96,4.54days
02/01/2025 12:32:19,buy,0.23,GBPAUD,2.00563,06/01/2025 16:18:47,1.99506,-1.43,-1.56,-105.70,-154.93,0.00,0.00,-154.93,-105.70,1031501,SMA Buy,99.77,4.16days
02/01/2025 11:55:51,buy,0.15,GBPAUD,2.00786,06/01/2025 16:18:47,1.99504,-0.94,-1.02,-128.20,-122.15,0.00,0.00,-122.15,-128.20,1031501,SMA Buy,100.38,4.18days
02/01/2025 11:14:05,buy,0.10,GBPAUD,2.00998,06/01/2025 16:18:47,1.99504,-0.62,-0.68,-149.40,-94.67,0.00,0.00,-94.67,-149.40,1031501,SMA Buy,101.08,4.21days
02/01/2025 13:15:55,buy,0.34,GBPAUD,2.00363,06/01/2025 16:18:45,1.99519,-2.12,-2.31,-84.40,-183.79,0.00,0.00,-183.79,-84.40,1031501,SMA Buy,99.05,4.13days
02/01/2025 21:00:06,sell,0.02,GBPUSD,1.23708,06/01/2025 16:18:44,1.24734,-0.12,-0.16,-102.60,-20.80,0.00,0.00,-20.80,-102.60,2031501,SMA Sell,91.31,3.80days
03/01/2025 11:23:44,sell,0.05,GBPUSD,1.24119,06/01/2025 16:18:43,1.24747,-0.31,-0.21,-62.80,-31.92,0.00,0.00,-31.92,-62.80,2031501,SMA Sell,76.92,3.20days
03/01/2025 04:15:51,sell,0.03,GBPUSD,1.23913,06/01/2025 16:18:43,1.24738,-0.19,-0.12,-82.50,-25.06,0.00,0.00,-25.06,-82.50,2031501,SMA Sell,84.05,3.50days
06/01/2025 02:33:22,buy,0.51,GBPAUD,1.99624,06/01/2025 16:18:42,1.99527,-3.17,0.00,-9.70,-34.09,0.00,0.00,-34.09,-9.70,1031501,SMA Buy,13.76,13.76hrs
06/01/2025 01:00:06,buy,0.02,USDCAD,1.44476,06/01/2025 16:18:42,1.43555,-0.10,0.00,-92.10,-12.93,0.00,0.00,-12.93,-92.10,1031501,SMA Buy,15.31,15.31hrs
06/01/2025 03:15:18,sell,0.07,GBPUSD,1.24364,06/01/2025 16:18:41,1.24728,-0.44,0.00,-36.40,-25.92,0.00,0.00,-25.92,-36.40,2031501,SMA Sell,13.06,13.06hrs
06/01/2025 03:15:16,buy,0.03,USDCAD,1.44273,06/01/2025 16:18:41,1.43575,-0.15,0.00,-69.80,-14.73,0.00,0.00,-14.73,-69.80,1031501,SMA Buy,13.06,13.06hrs
06/01/2025 04:09:38,sell,0.07,EURUSD,1.03159,06/01/2025 16:18:40,1.03591,-0.36,0.00,-43.20,-30.60,0.00,0.00,-30.60,-43.20,2031501,SMA Sell,12.15,12.15hrs
06/01/2025 03:55:19,buy,0.05,USDCAD,1.44072,06/01/2025 16:18:40,1.43570,-0.25,0.00,-50.20,-17.73,0.00,0.00,-17.73,-50.20,1031501,SMA Buy,12.39,12.39hrs
06/01/2025 03:15:21,buy,0.77,GBPAUD,1.99414,06/01/2025 16:18:40,1.99535,-4.79,0.00,12.10,53.45,53.45,12.10,0.00,0.00,1031501,SMA Buy,13.06,13.06hrs
06/01/2025 10:13:44,sell,0.10,EURUSD,1.03360,06/01/2025 16:18:39,1.03586,-0.52,0.00,-22.60,-23.12,0.00,0.00,-23.12,-22.60,2031501,SMA Sell,6.08,6.08hrs
06/01/2025 09:49:06,sell,0.10,GBPUSD,1.24564,06/01/2025 16:18:39,1.24735,-0.62,0.00,-17.10,-17.72,0.00,0.00,-17.72,-17.10,2031501,SMA Sell,6.49,6.49hrs
06/01/2025 10:58:04,buy,0.07,USDCAD,1.43621,06/01/2025 16:18:38,1.43548,-0.35,0.00,-7.30,-3.91,0.00,0.00,-3.91,-7.30,1031501,SMA Buy,5.34,5.34hrs
06/01/2025 10:30:04,sell,0.15,GBPUSD,1.24764,06/01/2025 16:18:38,1.24738,-0.94,0.00,2.60,2.96,2.96,2.60,0.00,0.00,2031501,SMA Sell,5.81,5.81hrs
06/01/2025 11:04:00,sell,0.15,EURUSD,1.03567,06/01/2025 16:18:37,1.03589,-0.78,0.00,-2.20,-4.08,0.00,0.00,-4.08,-2.20,2031501,SMA Sell,5.24,5.24hrs
06/01/2025 13:14:42,buy,0.10,USDCAD,1.43420,06/01/2025 16:18:36,1.43534,-0.50,0.00,11.40,7.44,7.44,11.40,0.00,0.00,1031501,SMA Buy,3.06,3.06hrs
06/01/2025 13:14:23,sell,0.23,EURUSD,1.03775,06/01/2025 16:18:36,1.03599,-1.19,0.00,17.60,39.29,39.29,17.60,0.00,0.00,2031501,SMA Sell,3.07,3.07hrs
06/01/2025 13:12:09,sell,0.23,GBPUSD,1.24971,06/01/2025 16:18:36,1.24738,-1.44,0.00,23.30,52.15,52.15,23.30,0.00,0.00,2031501,SMA Sell,3.11,3.11hrs
06/01/2025 13:15:51,sell,0.34,EURUSD,1.03988,06/01/2025 16:18:35,1.03590,-1.77,0.00,39.80,133.55,133.55,39.80,0.00,0.00,2031501,SMA Sell,3.05,3.05hrs
06/01/2025 13:15:45,sell,0.34,GBPUSD,1.25173,06/01/2025 16:18:35,1.24738,-2.13,0.00,43.50,145.77,145.77,43.50,0.00,0.00,2031501,SMA Sell,3.05,3.05hrs
06/01/2025 13:28:16,sell,0.51,GBPUSD,1.25379,06/01/2025 16:18:35,1.24755,-3.20,0.00,62.40,315.04,315.04,62.40,0.00,0.00,2031501,SMA Sell,2.84,2.84hrs
06/01/2025 13:30:09,buy,0.15,USDCAD,1.43217,06/01/2025 16:18:34,1.43583,-0.75,0.00,36.60,37.49,37.49,36.60,0.00,0.00,1031501,SMA Buy,2.81,2.81hrs
06/01/2025 13:30:51,sell,0.51,EURUSD,1.04188,06/01/2025 16:18:34,1.03592,-2.66,0.00,59.60,301.30,301.30,59.60,0.00,0.00,2031501,SMA Sell,2.80,2.80hrs
06/01/2025 13:59:46,buy,0.23,USDCAD,1.43016,06/01/2025 16:18:33,1.43581,-1.15,0.00,56.50,89.36,89.36,56.50,0.00,0.00,1031501,SMA Buy,2.31,2.31hrs
06/01/2025 15:15:10,buy,1.15,GBPAUD,1.99214,06/01/2025 16:18:33,1.99529,-7.21,0.00,31.50,219.21,219.21,31.50,0.00,0.00,1031501,SMA Buy,1.06,1.06hrs
02/01/2025 17:27:20,buy,0.07,EURCAD,1.48516,06/01/2025 13:17:48,1.48918,-0.36,-0.72,40.20,18.55,18.55,40.20,0.00,0.00,1031501,SMA Buy,91.84,3.83days
02/01/2025 18:03:58,buy,0.34,EURCAD,1.47690,06/01/2025 13:17:48,1.48922,-1.74,-3.52,123.20,286.93,286.93,123.20,0.00,0.00,1031501,SMA Buy,91.23,3.80days
31/12/2024 17:01:05,buy,0.03,EURCAD,1.49145,06/01/2025 13:17:47,1.48911,-0.16,-0.79,-23.40,-5.85,0.00,0.00,-5.85,-23.40,1031501,SMA Buy,140.28,5.84days
02/01/2025 18:03:01,buy,0.15,EURCAD,1.48138,06/01/2025 13:17:47,1.48918,-0.77,-1.56,78.00,79.28,79.28,78.00,0.00,0.00,1031501,SMA Buy,91.25,3.80days
02/01/2025 17:55:28,buy,0.10,EURCAD,1.48315,06/01/2025 13:17:46,1.48910,-0.51,-1.04,59.50,39.95,39.95,59.50,0.00,0.00,1031501,SMA Buy,91.37,3.81days
02/01/2025 18:03:27,buy,0.23,EURCAD,1.47891,06/01/2025 13:17:46,1.48908,-1.18,-2.38,101.70,159.59,159.59,101.70,0.00,0.00,1031501,SMA Buy,91.24,3.80days
30/12/2024 18:02:48,buy,0.03,EURCAD,1.49439,06/01/2025 13:17:45,1.48916,-0.16,-0.95,-52.30,-12.05,0.00,0.00,-12.05,-52.30,1031501,SMA Buy,163.25,6.80days
31/12/2024 17:44:45,buy,0.05,EURCAD,1.48943,06/01/2025 13:17:45,1.48910,-0.26,-1.30,-3.30,-2.71,0.00,0.00,-2.71,-3.30,1031501,SMA Buy,139.55,5.81days
02/01/2025 17:38:27,sell,0.02,EURUSD,1.02913,02/01/2025 18:04:14,1.02360,-0.10,0.00,55.30,10.96,10.96,55.30,0.00,0.00,2031501,SMA Sell,0.43,0.43hrs
02/01/2025 03:30:08,sell,0.02,EURUSD,1.03511,02/01/2025 17:38:26,1.02916,-0.10,0.00,59.50,11.80,11.80,59.50,0.00,0.00,2031501,SMA Sell,14.14,14.14hrs
02/01/2025 04:57:48,sell,0.03,EURUSD,1.03712,02/01/2025 17:38:26,1.02919,-0.16,0.00,79.30,23.63,23.63,79.30,0.00,0.00,2031501,SMA Sell,12.68,12.68hrs
20/12/2024 12:31:52,sell,0.02,AUDCAD,0.89605,30/12/2024 18:02:53,0.89459,-0.06,-1.00,14.60,0.97,0.97,14.60,0.00,0.00,2031501,SMA Sell,245.52,10.23days
20/12/2024 18:23:31,sell,0.03,AUDCAD,0.89877,30/12/2024 18:02:53,0.89459,-0.09,-1.52,41.80,7.10,7.10,41.80,0.00,0.00,2031501,SMA Sell,239.66,9.99days
27/12/2024 10:00:08,buy,0.02,EURCAD,1.50095,30/12/2024 18:02:52,1.49429,-0.10,-0.36,-66.60,-9.71,0.00,0.00,-9.71,-66.60,1031501,SMA Buy,80.05,3.34days
27/12/2024 13:00:03,buy,0.02,EURAUD,1.67749,30/12/2024 18:02:52,1.67050,-0.10,-0.62,-69.90,-9.41,0.00,0.00,-9.41,-69.90,1031501,SMA Buy,77.05,3.21days
23/12/2024 15:00:03,sell,0.02,AUDUSD,0.62403,30/12/2024 18:02:52,0.62162,-0.06,-0.20,24.10,4.56,4.56,24.10,0.00,0.00,2031501,SMA Sell,171.05,7.13days
24/12/2024 09:00:17,sell,0.02,EURUSD,1.03956,30/12/2024 18:02:51,1.03839,-0.10,0.40,11.70,2.64,2.64,11.70,0.00,0.00,2031501,SMA Sell,153.04,6.38days
26/12/2024 18:25:56,sell,0.03,EURUSD,1.04146,30/12/2024 18:02:51,1.03839,-0.16,0.61,30.70,9.66,9.66,30.70,0.00,0.00,2031501,SMA Sell,95.62,3.98days
27/12/2024 13:49:11,sell,0.05,EURUSD,1.04347,30/12/2024 18:02:51,1.03839,-0.26,0.88,50.80,26.02,26.02,50.80,0.00,0.00,2031501,SMA Sell,76.23,3.18days
20/12/2024 12:45:01,sell,0.02,GBPCAD,1.79927,30/12/2024 18:02:50,1.80137,-0.13,-1.94,-21.00,-4.99,0.00,0.00,-4.99,-21.00,2031501,SMA Sell,245.30,10.22days
20/12/2024 15:20:59,sell,0.03,GBPCAD,1.80265,30/12/2024 18:02:50,1.80138,-0.19,-2.92,12.70,-0.46,0.00,12.70,-0.46,0.00,2031501,SMA Sell,242.70,10.11days
20/12/2024 15:31:57,sell,0.05,GBPCAD,1.80467,30/12/2024 18:02:50,1.80138,-0.31,-4.87,32.90,6.25,6.25,32.90,0.00,0.00,2031501,SMA Sell,242.51,10.10days
20/12/2024 15:51:56,sell,0.07,GBPCAD,1.80672,30/12/2024 18:02:49,1.80134,-0.44,-6.81,53.80,18.91,18.91,53.80,0.00,0.00,2031501,SMA Sell,242.18,10.09days
23/12/2024 11:13:25,sell,0.10,GBPCAD,1.80874,30/12/2024 18:02:49,1.80134,-0.63,-7.64,74.00,43.15,43.15,74.00,0.00,0.00,2031501,SMA Sell,174.82,7.28days
24/12/2024 14:33:31,sell,0.03,GBPUSD,1.25536,30/12/2024 18:02:48,1.25156,-0.19,-0.38,38.00,10.83,10.83,38.00,0.00,0.00,2031501,SMA Sell,147.49,6.15days
27/12/2024 17:00:05,sell,0.15,GBPCAD,1.81103,30/12/2024 18:02:48,1.80126,-0.94,-4.23,97.70,96.65,96.65,97.70,0.00,0.00,2031501,SMA Sell,73.05,3.04days
27/12/2024 17:45:17,sell,0.23,GBPCAD,1.81308,30/12/2024 18:02:48,1.80126,-1.45,-6.48,118.20,180.96,180.96,118.20,0.00,0.00,2031501,SMA Sell,72.29,3.01days
24/12/2024 13:00:06,buy,0.02,USDCAD,1.43972,30/12/2024 18:02:47,1.43915,-0.10,0.11,-5.70,-0.78,0.00,0.00,-0.78,-5.70,1031501,SMA Buy,149.04,6.21days
30/12/2024 18:02:44,buy,0.03,EURCAD,1.49429,30/12/2024 18:02:47,1.49413,-0.16,0.00,-1.60,-0.49,0.00,0.00,-0.49,-1.60,1031501,SMA Buy,0.00,0.00hrs
24/12/2024 14:00:03,sell,0.02,GBPUSD,1.25335,30/12/2024 18:02:47,1.25155,-0.13,-0.26,18.00,3.21,3.21,18.00,0.00,0.00,2031501,SMA Sell,148.05,6.17days
24/12/2024 16:30:31,sell,0.05,GBPUSD,1.25739,30/12/2024 18:02:47,1.25155,-0.31,-0.64,58.40,28.25,28.25,58.40,0.00,0.00,2031501,SMA Sell,145.54,6.06days
30/12/2024 00:58:49,buy,0.03,EURAUD,1.67509,30/12/2024 18:02:46,1.67040,-0.16,0.00,-46.90,-8.91,0.00,0.00,-8.91,-46.90,1031501,SMA Buy,17.07,17.07hrs
24/12/2024 16:24:09,buy,0.03,USDCAD,1.43675,30/12/2024 18:02:46,1.43915,-0.15,0.16,24.00,5.01,5.01,24.00,0.00,0.00,1031501,SMA Buy,145.64,6.07days
30/12/2024 03:57:47,buy,0.05,EURAUD,1.67309,30/12/2024 18:02:45,1.67040,-0.26,0.00,-26.90,-8.62,0.00,0.00,-8.62,-26.90,1031501,SMA Buy,14.08,14.08hrs
30/12/2024 13:00:06,buy,0.02,GBPAUD,2.01998,30/12/2024 18:02:44,2.01324,-0.13,0.00,-67.40,-8.51,0.00,0.00,-8.51,-67.40,1031501,SMA Buy,5.04,5.04hrs
30/12/2024 05:09:55,buy,0.07,EURAUD,1.67108,30/12/2024 18:02:44,1.67039,-0.36,0.00,-6.90,-3.36,0.00,0.00,-3.36,-6.90,1031501,SMA Buy,12.88,12.88hrs
30/12/2024 12:46:10,sell,0.07,GBPUSD,1.25942,30/12/2024 18:02:44,1.25154,-0.44,0.00,78.80,54.72,54.72,78.80,0.00,0.00,2031501,SMA Sell,5.28,5.28hrs
30/12/2024 15:53:33,buy,0.03,EURCAD,1.49900,30/12/2024 18:02:43,1.49411,-0.16,0.00,-48.90,-10.35,0.00,0.00,-10.35,-48.90,1031501,SMA Buy,2.15,2.15hrs
30/12/2024 15:57:57,buy,0.05,EURCAD,1.49695,30/12/2024 18:02:43,1.49411,-0.26,0.00,-28.40,-10.13,0.00,0.00,-10.13,-28.40,1031501,SMA Buy,2.08,2.08hrs
30/12/2024 14:06:41,sell,0.07,EURUSD,1.04548,30/12/2024 18:02:43,1.03832,-0.37,0.00,71.60,49.75,49.75,71.60,0.00,0.00,2031501,SMA Sell,3.93,3.93hrs
30/12/2024 17:52:00,buy,0.07,EURCAD,1.49490,30/12/2024 18:02:42,1.49409,-0.36,0.00,-8.10,-4.30,0.00,0.00,-4.30,-8.10,1031501,SMA Buy,0.18,0.18hrs
30/12/2024 17:52:36,buy,0.03,GBPAUD,2.01491,30/12/2024 18:02:42,2.01321,-0.19,0.00,-17.00,-3.36,0.00,0.00,-3.36,-17.00,1031501,SMA Buy,0.17,0.17hrs
30/12/2024 17:57:38,buy,0.05,GBPAUD,2.01281,30/12/2024 18:02:42,2.01321,-0.31,0.00,4.00,0.93,0.93,4.00,0.00,0.00,1031501,SMA Buy,0.08,0.08hrs
23/12/2024 11:27:00,buy,0.05,EURAUD,1.66321,27/12/2024 01:15:02,1.67545,-0.26,-1.92,122.40,35.88,35.88,122.40,0.00,0.00,1031501,SMA Buy,85.80,3.58days
20/12/2024 12:31:50,buy,0.02,EURAUD,1.66721,27/12/2024 01:15:01,1.67541,-0.10,-1.32,82.00,8.78,8.78,82.00,0.00,0.00,1031501,SMA Buy,156.72,6.53days
23/12/2024 10:13:34,buy,0.03,EURAUD,1.66521,27/12/2024 01:15:01,1.67541,-0.16,-1.16,102.00,17.72,17.72,102.00,0.00,0.00,1031501,SMA Buy,87.02,3.63days
19/12/2024 02:22:36,buy,0.02,EURAUD,1.67012,20/12/2024 12:31:43,1.66710,-0.10,-0.16,-30.20,-4.02,0.00,0.00,-4.02,-30.20,1031501,SMA Buy,34.15,1.42days
19/12/2024 03:30:00,sell,0.02,AUDCAD,0.89869,20/12/2024 12:31:43,0.89612,-0.06,-0.09,25.70,3.43,3.43,25.70,0.00,0.00,2031501,SMA Sell,33.03,1.38days
19/12/2024 14:55:21,buy,0.03,EURAUD,1.66352,20/12/2024 12:31:43,1.66710,-0.16,-0.24,35.80,6.29,6.29,35.80,0.00,0.00,1031501,SMA Buy,21.61,21.61hrs
19/12/2024 16:38:37,buy,0.05,EURAUD,1.66105,20/12/2024 12:31:42,1.66710,-0.26,-0.40,60.50,18.18,18.18,60.50,0.00,0.00,1031501,SMA Buy,19.88,19.88hrs
19/12/2024 17:55:43,buy,0.07,EURAUD,1.65904,20/12/2024 12:31:42,1.66712,-0.36,-0.56,80.80,34.30,34.30,80.80,0.00,0.00,1031501,SMA Buy,18.60,18.60hrs
19/12/2024 18:55:19,buy,0.10,EURAUD,1.65699,20/12/2024 12:31:42,1.66712,-0.52,-0.80,101.30,61.77,61.77,101.30,0.00,0.00,1031501,SMA Buy,17.61,17.61hrs
18/12/2024 15:22:43,buy,0.03,EURCAD,1.50048,20/12/2024 12:31:41,1.49373,-0.16,-0.51,-67.50,-14.75,0.00,0.00,-14.75,-67.50,1031501,SMA Buy,45.15,1.88days
17/12/2024 17:57:40,buy,0.02,EURCAD,1.50249,20/12/2024 12:31:41,1.49373,-0.10,-0.40,-87.60,-12.68,0.31,3.30,-12.68,-87.60,1031501,SMA Buy,66.57,2.77days
18/12/2024 21:02:56,buy,0.05,EURCAD,1.49836,20/12/2024 12:31:40,1.49373,-0.26,-0.85,-46.30,-17.20,0.00,0.00,-17.20,-46.30,1031501,SMA Buy,39.48,1.64days
18/12/2024 21:46:10,buy,0.07,EURCAD,1.49635,20/12/2024 12:31:40,1.49373,-0.36,-1.19,-26.20,-14.30,0.00,0.00,-14.30,-26.20,1031501,SMA Buy,38.76,1.61days
18/12/2024 22:05:27,buy,0.10,EURCAD,1.49432,20/12/2024 12:31:40,1.49372,-0.52,-1.70,-6.00,-6.39,0.00,0.00,-6.39,-6.00,1031501,SMA Buy,38.44,1.60days
19/12/2024 16:40:35,buy,0.15,EURCAD,1.49227,20/12/2024 12:31:39,1.49372,-0.78,-0.64,14.50,13.70,13.70,14.50,0.00,0.00,1031501,SMA Buy,19.85,19.85hrs
19/12/2024 18:11:10,buy,0.23,EURCAD,1.49027,20/12/2024 12:31:39,1.49372,-1.19,-0.98,34.50,52.99,52.99,34.50,0.00,0.00,1031501,SMA Buy,18.34,18.34hrs
19/12/2024 01:45:00,sell,0.02,EURUSD,1.03541,20/12/2024 12:31:38,1.03836,-0.10,0.06,-29.50,-5.94,0.00,0.00,-5.94,-29.50,2031501,SMA Sell,34.78,1.45days
19/12/2024 09:13:25,sell,0.03,EURUSD,1.04037,20/12/2024 12:31:38,1.03836,-0.16,0.09,20.10,5.96,5.96,20.10,0.00,0.00,2031501,SMA Sell,27.30,1.14days
19/12/2024 18:50:55,buy,0.34,EURCAD,1.48826,20/12/2024 12:31:38,1.49372,-1.76,-1.45,54.60,125.83,125.83,54.60,0.00,0.00,1031501,SMA Buy,17.68,17.68hrs
19/12/2024 02:22:27,buy,0.02,GBPAUD,2.02692,20/12/2024 12:31:37,2.00903,-0.13,-0.06,-178.90,-22.47,0.00,0.00,-22.47,-178.90,1031501,SMA Buy,34.15,1.42days
19/12/2024 14:00:05,buy,0.03,GBPAUD,2.01709,20/12/2024 12:31:37,2.00904,-0.19,-0.09,-80.50,-15.32,0.00,0.00,-15.32,-80.50,1031501,SMA Buy,22.53,22.53hrs
19/12/2024 14:00:15,buy,0.05,GBPAUD,2.01440,20/12/2024 12:31:36,2.00904,-0.31,-0.15,-53.60,-17.15,0.00,0.00,-17.15,-53.60,1031501,SMA Buy,22.52,22.52hrs
19/12/2024 16:09:51,buy,0.07,GBPAUD,2.01240,20/12/2024 12:31:36,2.00904,-0.44,-0.21,-33.60,-15.30,0.00,0.00,-15.30,-33.60,1031501,SMA Buy,20.36,20.36hrs
19/12/2024 16:48:45,buy,0.10,GBPAUD,2.01034,20/12/2024 12:31:36,2.00904,-0.63,-0.30,-13.00,-9.03,0.00,0.00,-9.03,-13.00,1031501,SMA Buy,19.71,19.71hrs
19/12/2024 17:13:11,buy,0.15,GBPAUD,2.00833,20/12/2024 12:31:35,2.00904,-0.94,-0.45,7.10,5.25,5.25,7.10,0.00,0.00,1031501,SMA Buy,19.31,19.31hrs
19/12/2024 17:53:39,buy,0.23,GBPAUD,2.00627,20/12/2024 12:31:35,2.00902,-1.44,-0.68,27.50,37.27,37.27,27.50,0.00,0.00,1031501,SMA Buy,18.63,18.63hrs
20/12/2024 09:00:08,sell,0.02,GBPCAD,1.79979,20/12/2024 12:31:34,1.80047,-0.13,0.00,-6.80,-1.08,0.00,0.00,-1.08,-6.80,2031501,SMA Sell,3.52,3.52hrs
20/12/2024 08:56:37,buy,0.34,GBPAUD,2.00269,20/12/2024 12:31:34,2.00902,-2.13,0.00,63.30,131.92,131.92,63.30,0.00,0.00,1031501,SMA Buy,3.58,3.58hrs
18/12/2024 08:25:58,buy,0.02,EURAUD,1.66296,19/12/2024 02:22:35,1.66983,-0.11,-0.48,68.70,7.94,7.94,68.70,-1.93,-14.80,1031501,SMA Buy,17.94,17.94hrs
18/12/2024 14:42:34,buy,0.03,EURAUD,1.66056,19/12/2024 02:22:35,1.66983,-0.16,-0.72,92.70,16.38,16.38,92.70,0.00,0.00,1031501,SMA Buy,11.67,11.67hrs
18/12/2024 15:22:06,buy,0.05,EURAUD,1.65844,19/12/2024 02:22:35,1.66983,-0.26,-1.20,113.90,33.88,33.88,113.90,0.00,0.00,1031501,SMA Buy,11.01,11.01hrs
18/12/2024 21:02:12,buy,0.02,GBPAUD,2.01649,19/12/2024 02:22:26,2.02652,-0.13,-0.18,100.30,12.14,12.14,100.30,0.00,0.00,1031501,SMA Buy,5.34,5.34hrs
17/12/2024 02:53:46,sell,0.07,EURUSD,1.05291,18/12/2024 21:12:46,1.04219,-0.37,0.22,107.20,74.89,74.89,107.20,0.00,0.00,2031501,SMA Sell,42.32,1.76days
13/12/2024 11:57:37,sell,0.03,EURUSD,1.04885,18/12/2024 21:12:45,1.04224,-0.16,0.27,66.10,19.94,19.94,66.10,-9.10,-30.10,2031501,SMA Sell,129.25,5.39days
13/12/2024 14:40:32,sell,0.05,EURUSD,1.05088,18/12/2024 21:12:45,1.04233,-0.26,0.48,85.50,42.97,42.97,85.50,-5.00,-9.80,2031501,SMA Sell,126.54,5.27days
12/12/2024 23:30:00,sell,0.02,EURUSD,1.04674,18/12/2024 21:12:44,1.04235,-0.10,0.24,43.90,8.92,8.92,43.90,-10.22,-51.20,2031501,SMA Sell,141.71,5.90days
17/12/2024 19:00:00,buy,0.02,GBPAUD,2.00667,18/12/2024 21:02:10,2.01580,-0.13,-0.06,91.30,11.29,11.29,91.30,0.00,0.00,1031501,SMA Buy,26.04,1.08days
17/12/2024 10:03:48,sell,0.34,GBPCAD,1.81326,18/12/2024 09:00:07,1.81902,-2.16,-3.45,-57.60,-142.33,0.00,0.00,-142.33,-57.60,2031501,SMA Sell,22.94,22.94hrs
16/12/2024 14:48:19,sell,0.07,GBPCAD,1.80288,18/12/2024 09:00:07,1.81907,-0.44,-1.42,-161.90,-80.97,0.00,0.00,-80.97,-161.90,2031501,SMA Sell,42.20,1.76days
17/12/2024 09:01:00,sell,0.15,GBPCAD,1.80909,18/12/2024 09:00:06,1.81916,-0.95,-1.52,-100.70,-107.91,0.00,0.00,-107.91,-100.70,2031501,SMA Sell,23.98,23.98hrs
17/12/2024 17:19:03,sell,0.77,GBPCAD,1.81777,18/12/2024 09:00:06,1.81907,-4.90,-7.82,-13.00,-82.60,0.00,0.00,-82.60,-13.00,2031501,SMA Sell,15.68,15.68hrs
16/12/2024 10:51:07,sell,0.03,GBPCAD,1.79875,18/12/2024 09:00:06,1.81948,-0.19,-0.61,-207.30,-44.21,0.00,0.00,-44.21,-207.30,2031501,SMA Sell,46.15,1.92days
17/12/2024 09:30:05,sell,0.23,GBPCAD,1.81110,18/12/2024 09:00:05,1.82001,-1.46,-2.34,-89.10,-146.86,0.00,0.00,-146.86,-89.10,2031501,SMA Sell,23.50,23.50hrs
17/12/2024 14:48:24,sell,0.51,GBPCAD,1.81575,18/12/2024 09:00:05,1.81965,-3.24,-5.18,-39.00,-147.27,0.00,0.00,-147.27,-39.00,2031501,SMA Sell,18.19,18.19hrs
17/12/2024 18:27:32,sell,1.15,GBPCAD,1.81979,18/12/2024 09:00:05,1.81965,-7.31,-11.69,1.40,-7.76,0.00,1.40,-7.76,0.00,2031501,SMA Sell,14.54,14.54hrs
16/12/2024 18:20:17,sell,0.10,GBPCAD,1.80705,18/12/2024 09:00:04,1.82080,-0.63,-2.04,-137.50,-98.65,1.86,5.00,-98.65,-137.50,2031501,SMA Sell,38.66,1.61days
16/12/2024 11:33:44,sell,0.05,GBPCAD,1.80089,18/12/2024 09:00:04,1.82080,-0.32,-1.02,-199.10,-70.84,0.00,0.00,-70.84,-199.10,2031501,SMA Sell,45.44,1.89days
16/12/2024 10:00:00,sell,0.02,GBPCAD,1.79663,18/12/2024 09:00:03,1.82058,-0.13,-0.40,-239.50,-33.97,0.00,0.00,-33.97,-239.50,2031501,SMA Sell,47.00,1.96days
16/12/2024 16:30:01,buy,0.02,EURAUD,1.65134,18/12/2024 08:25:57,1.66279,-0.10,-0.31,114.50,14.06,14.06,114.50,-3.43,-26.10,1031501,SMA Buy,39.93,1.66days
16/12/2024 06:00:03,buy,0.02,EURCAD,1.49554,17/12/2024 17:57:38,1.50235,-0.11,-0.06,68.10,9.34,9.34,68.10,-1.45,-8.60,1031501,SMA Buy,35.96,1.50days
16/12/2024 13:44:45,buy,0.03,EURCAD,1.49342,17/12/2024 17:57:38,1.50235,-0.16,-0.09,89.30,18.47,18.47,89.30,0.00,0.00,1031501,SMA Buy,28.21,1.18days
11/12/2024 13:00:02,sell,0.02,AUDCAD,0.90044,12/12/2024 17:06:14,0.90565,-0.06,-0.29,-52.10,-7.71,0.00,0.30,-9.14,-61.70,2031501,SMA Sell,28.10,1.17days
10/12/2024 06:30:00,buy,0.02,EURAUD,1.64990,12/12/2024 17:06:14,1.64522,-0.11,-0.56,-46.80,-6.65,1.36,12.40,-14.52,-106.60,1031501,SMA Buy,58.60,2.44days
10/12/2024 10:54:15,buy,0.03,EURCAD,1.49492,12/12/2024 17:06:13,1.49001,-0.16,-0.38,-49.10,-10.93,0.00,0.00,-24.81,-115.80,1031501,SMA Buy,54.20,2.26days
10/12/2024 05:30:59,buy,0.02,EURCAD,1.49698,12/12/2024 17:06:13,1.48998,-0.11,-0.25,-70.00,-10.24,0.00,0.00,-19.46,-136.40,1031501,SMA Buy,59.59,2.48days
11/12/2024 02:20:23,buy,0.02,GBPAUD,2.00401,12/12/2024 17:06:12,1.99044,-0.13,-0.18,-135.70,-17.66,0.00,0.00,-17.66,-135.70,1031501,SMA Buy,38.76,1.62days
10/12/2024 11:26:27,buy,0.05,EURCAD,1.49274,12/12/2024 17:06:12,1.49001,-0.26,-0.64,-27.30,-10.53,0.52,2.20,-33.65,-94.00,1031501,SMA Buy,53.66,2.24days
11/12/2024 09:28:58,buy,0.07,EURCAD,1.48984,12/12/2024 17:06:12,1.49001,-0.37,-0.67,1.70,-0.20,0.00,1.70,-32.54,-65.00,1031501,SMA Buy,31.62,1.32days
11/12/2024 03:00:00,buy,0.02,GBPUSD,1.27755,12/12/2024 17:06:11,1.27223,-0.13,-0.14,-53.20,-10.91,0.15,1.50,-10.91,-53.20,1031501,SMA Buy,38.10,1.59days
11/12/2024 09:09:53,buy,0.03,GBPUSD,1.27551,12/12/2024 17:06:11,1.27223,-0.19,-0.20,-32.80,-10.23,2.28,8.90,-10.23,-32.80,1031501,SMA Buy,31.94,1.33days
11/12/2024 09:53:29,buy,0.05,GBPUSD,1.27351,12/12/2024 17:06:10,1.27225,-0.32,-0.34,-12.60,-6.96,13.79,28.90,-6.96,-12.60,1031501,SMA Buy,31.21,1.30days
11/12/2024 12:08:45,buy,0.07,GBPUSD,1.27151,12/12/2024 17:06:10,1.27221,-0.45,-0.47,7.00,3.98,33.31,48.90,0.00,0.00,1031501,SMA Buy,28.96,1.21days
11/12/2024 15:30:05,sell,0.03,AUDCAD,0.90378,12/12/2024 17:06:09,0.90568,-0.10,-0.44,-19.00,-4.56,7.05,33.70,-6.65,-28.30,2031501,SMA Sell,25.60,1.07days
11/12/2024 16:45:13,buy,0.10,EURCAD,1.48710,12/12/2024 17:06:08,1.49006,-0.53,-0.95,29.60,19.41,19.41,29.60,-27.12,-37.60,1031501,SMA Buy,24.35,1.01days
11/12/2024 16:46:50,buy,0.15,EURCAD,1.48505,12/12/2024 17:06:08,1.49001,-0.79,-1.43,49.60,50.28,50.28,49.60,-18.93,-17.10,1031501,SMA Buy,24.32,1.01days
11/12/2024 17:50:26,buy,0.03,EURAUD,1.64788,12/12/2024 17:06:07,1.64540,-0.16,-0.63,-24.80,-5.55,0.00,0.00,-17.69,-86.40,1031501,SMA Buy,23.26,23.26hrs
11/12/2024 17:01:01,buy,0.23,EURCAD,1.48300,12/12/2024 17:06:07,1.49016,-1.21,-2.19,71.60,112.81,112.81,71.60,0.00,0.00,1031501,SMA Buy,24.09,1.00days
11/12/2024 23:00:01,sell,0.02,EURUSD,1.04925,12/12/2024 17:06:06,1.05180,-0.10,0.19,-25.50,-5.01,0.00,0.00,-5.01,-25.50,2031501,SMA Sell,18.10,18.10hrs
12/12/2024 02:30:01,buy,0.05,EURAUD,1.64442,12/12/2024 17:06:06,1.64540,-0.26,0.00,9.80,2.87,2.87,9.80,-17.34,-51.80,1031501,SMA Buy,14.60,14.60hrs
12/12/2024 02:30:11,buy,0.05,GBPAUD,1.99589,12/12/2024 17:06:05,1.99059,-0.32,0.00,-53.00,-17.26,0.00,0.00,-17.26,-53.00,1031501,SMA Buy,14.60,14.60hrs
12/12/2024 02:30:05,buy,0.03,GBPAUD,1.99807,12/12/2024 17:06:05,1.99059,-0.19,0.00,-74.80,-14.53,0.00,0.00,-14.53,-74.80,1031501,SMA Buy,14.60,14.60hrs
12/12/2024 02:30:15,buy,0.07,EURAUD,1.64240,12/12/2024 17:06:05,1.64534,-0.37,0.00,29.40,12.78,12.78,29.40,-15.22,-31.60,1031501,SMA Buy,14.60,14.60hrs
12/12/2024 02:30:29,buy,0.07,GBPAUD,1.99369,12/12/2024 17:06:04,1.99061,-0.45,0.00,-30.80,-14.23,0.00,0.00,-14.23,-30.80,1031501,SMA Buy,14.59,14.59hrs
12/12/2024 02:30:38,sell,0.05,AUDCAD,0.90579,12/12/2024 17:06:04,0.90569,-0.16,0.00,1.00,0.20,0.20,1.00,-3.23,-8.20,2031501,SMA Sell,14.59,14.59hrs
12/12/2024 02:30:32,buy,0.10,EURAUD,1.64031,12/12/2024 17:06:04,1.64537,-0.53,0.00,50.60,31.81,31.81,50.60,-8.35,-10.70,1031501,SMA Buy,14.59,14.59hrs
12/12/2024 02:30:51,buy,0.10,GBPAUD,1.99125,12/12/2024 17:06:03,1.99067,-0.64,0.00,-5.80,-4.35,3.14,6.40,-4.35,-5.80,1031501,SMA Buy,14.59,14.59hrs
12/12/2024 02:30:49,buy,0.15,EURAUD,1.63819,12/12/2024 17:06:03,1.64536,-0.79,0.00,71.70,67.95,67.95,71.70,0.00,0.00,1031501,SMA Buy,14.59,14.59hrs
12/12/2024 08:59:13,sell,0.03,EURUSD,1.05138,12/12/2024 17:06:02,1.05165,-0.16,0.00,-2.70,-0.97,0.00,0.00,-0.97,-2.70,2031501,SMA Sell,8.11,8.11hrs
12/12/2024 13:07:00,buy,0.15,GBPAUD,1.98674,12/12/2024 17:06:02,1.99076,-0.96,0.00,40.20,37.57,37.57,40.20,0.00,0.00,1031501,SMA Buy,3.98,3.98hrs
10/12/2024 06:00:03,buy,0.02,GBPAUD,1.99422,11/12/2024 02:20:22,2.00362,-0.13,-0.06,94.00,11.80,11.80,94.00,-1.72,-12.40,1031501,SMA Buy,20.34,20.34hrs
04/12/2024 14:00:01,sell,0.02,AUDCAD,0.90123,10/12/2024 05:30:58,0.90661,-0.06,-0.43,-53.80,-8.07,0.00,0.00,-15.63,-107.30,2031501,SMA Sell,135.52,5.65days
05/12/2024 09:00:30,sell,0.03,AUDCAD,0.90592,10/12/2024 05:30:58,0.90661,-0.10,-0.33,-6.90,-1.88,8.72,41.80,-13.21,-60.40,2031501,SMA Sell,116.51,4.85days
06/12/2024 19:27:41,buy,0.02,EURAUD,1.65451,10/12/2024 05:30:57,1.65119,-0.11,-0.28,-33.20,-4.64,0.00,0.00,-22.20,-170.20,1031501,SMA Buy,82.05,3.42days
06/12/2024 16:02:36,buy,0.02,EURCAD,1.49331,10/12/2024 05:30:57,1.49679,-0.11,-0.20,34.80,4.60,4.60,34.80,-2.37,-15.20,1031501,SMA Buy,85.47,3.56days
05/12/2024 16:30:00,buy,0.02,GBPUSD,1.27563,10/12/2024 05:30:56,1.27375,-0.13,-0.15,-18.80,-4.04,2.39,13.30,-4.04,-18.80,1031501,SMA Buy,109.02,4.54days
06/12/2024 17:57:41,buy,0.02,GBPAUD,1.99428,10/12/2024 05:30:56,1.99364,-0.13,-0.12,-6.40,-1.07,0.00,0.00,-22.58,-173.10,1031501,SMA Buy,83.55,3.48days
06/12/2024 17:15:08,buy,0.03,GBPUSD,1.27348,10/12/2024 05:30:56,1.27375,-0.19,-0.14,2.70,0.48,10.12,34.80,0.00,0.00,1031501,SMA Buy,84.26,3.51days
09/12/2024 03:38:48,buy,0.03,EURAUD,1.64935,10/12/2024 05:30:55,1.65093,-0.16,-0.21,15.80,2.66,2.66,15.80,-23.08,-118.60,1031501,SMA Buy,25.87,1.08days
09/12/2024 09:31:22,buy,0.03,GBPAUD,1.98980,10/12/2024 05:30:55,1.99326,-0.19,-0.09,34.60,6.35,6.35,34.60,-25.09,-128.30,1031501,SMA Buy,19.99,19.99hrs
09/12/2024 09:37:01,sell,0.05,AUDCAD,0.90793,10/12/2024 05:30:54,0.90670,-0.16,-0.18,12.30,4.00,4.00,12.30,-14.56,-40.30,2031501,SMA Sell,19.90,19.90hrs
09/12/2024 09:31:28,buy,0.05,EURAUD,1.64735,10/12/2024 05:30:54,1.65081,-0.26,-0.35,34.60,10.44,10.44,34.60,-32.00,-98.60,1031501,SMA Buy,19.99,19.99hrs
09/12/2024 09:38:23,buy,0.05,GBPAUD,1.98779,10/12/2024 05:30:54,1.99311,-0.32,-0.15,53.20,16.52,16.52,53.20,-35.33,-108.20,1031501,SMA Buy,19.88,19.88hrs
09/12/2024 09:44:57,buy,0.07,EURAUD,1.64530,10/12/2024 05:30:53,1.65086,-0.37,-0.49,55.60,24.00,24.00,55.60,-35.54,-78.10,1031501,SMA Buy,19.77,19.77hrs
09/12/2024 10:17:16,buy,0.07,GBPAUD,1.98582,10/12/2024 05:30:53,1.99289,-0.45,-0.22,70.70,30.95,30.95,70.70,-40.55,-88.50,1031501,SMA Buy,19.23,19.23hrs
09/12/2024 10:16:28,buy,0.10,EURAUD,1.64324,10/12/2024 05:30:53,1.65086,-0.53,-0.71,76.20,47.44,47.44,76.20,-37.47,-57.50,1031501,SMA Buy,19.24,19.24hrs
09/12/2024 10:20:33,sell,0.07,AUDCAD,0.90993,10/12/2024 05:30:52,0.90709,-0.22,-0.25,28.40,13.54,13.54,28.40,-10.49,-20.30,2031501,SMA Sell,19.17,19.17hrs
09/12/2024 11:01:12,buy,0.10,GBPAUD,1.98382,10/12/2024 05:30:52,1.99265,-0.64,-0.31,88.30,55.49,55.49,88.30,-45.01,-68.50,1031501,SMA Buy,18.49,18.49hrs
09/12/2024 15:16:18,buy,0.03,EURCAD,1.49087,10/12/2024 05:30:51,1.49679,-0.16,-0.15,59.20,12.21,12.21,59.20,0.00,0.00,1031501,SMA Buy,14.24,14.24hrs
09/12/2024 11:02:02,buy,0.15,EURAUD,1.64125,10/12/2024 05:30:51,1.65047,-0.79,-1.06,92.20,86.54,86.54,92.20,-36.93,-37.60,1031501,SMA Buy,18.48,18.48hrs
06/12/2024 04:29:43,buy,0.02,EURAUD,1.64465,06/12/2024 19:27:40,1.65442,-0.11,0.00,97.70,12.35,12.35,97.70,0.00,0.00,1031501,SMA Buy,14.97,14.97hrs
06/12/2024 04:28:03,buy,0.02,GBPAUD,1.98304,06/12/2024 17:57:40,1.99407,-0.13,0.00,110.30,13.97,13.97,110.30,0.00,0.00,1031501,SMA Buy,13.49,13.49hrs
05/12/2024 22:00:00,buy,0.02,EURCAD,1.48523,06/12/2024 16:02:34,1.49312,-0.11,-0.10,78.90,10.99,10.99,78.90,-0.84,-4.40,1031501,SMA Buy,18.04,18.04hrs
04/12/2024 21:02:04,buy,0.03,EURAUD,1.63433,06/12/2024 04:29:42,1.64446,-0.16,-0.85,101.30,18.53,18.53,101.30,0.00,0.00,1031501,SMA Buy,31.46,1.31days
04/12/2024 12:00:00,buy,0.02,EURAUD,1.63630,06/12/2024 04:29:41,1.64446,-0.11,-0.56,81.60,9.82,9.82,81.60,-1.75,-9.40,1031501,SMA Buy,40.49,1.69days
04/12/2024 06:00:03,buy,0.02,GBPAUD,1.97298,06/12/2024 04:28:02,1.98269,-0.13,-0.24,97.10,12.11,12.11,97.10,0.00,0.00,1031501,SMA Buy,46.47,1.94days
03/12/2024 20:30:00,buy,0.02,GBPAUD,1.95586,04/12/2024 05:40:10,1.97255,-0.13,-0.06,166.90,21.22,21.22,166.90,0.00,0.00,1031501,SMA Buy,9.17,9.17hrs
27/11/2024 13:30:00,buy,0.02,EURAUD,1.62371,03/12/2024 17:54:50,1.62395,-0.11,-0.90,2.40,-0.70,0.00,2.40,-5.46,-35.30,1031501,SMA Buy,148.41,6.18days
28/11/2024 11:50:58,buy,0.03,EURAUD,1.62156,03/12/2024 17:54:50,1.62398,-0.16,-0.65,24.20,3.89,3.89,24.20,-3.29,-13.80,1031501,SMA Buy,126.06,5.25days
29/11/2024 17:01:07,buy,0.05,EURAUD,1.61962,03/12/2024 17:54:50,1.62399,-0.26,-0.73,43.70,13.16,13.16,43.70,0.00,0.00,1031501,SMA Buy,96.90,4.04days
27/11/2024 16:15:39,buy,0.02,EURCAD,1.48462,03/12/2024 17:54:49,1.47925,-0.11,-0.59,-53.70,-8.34,0.00,0.00,-15.89,-106.80,1031501,SMA Buy,145.65,6.07days
02/12/2024 09:07:36,buy,0.07,EURAUD,1.61745,03/12/2024 17:54:49,1.62404,-0.37,-0.50,65.90,28.99,28.99,65.90,0.00,0.00,1031501,SMA Buy,32.79,1.37days
28/11/2024 02:15:40,buy,0.03,EURCAD,1.48027,03/12/2024 17:54:48,1.47924,-0.16,-0.45,-10.30,-2.80,2.22,12.50,-14.10,-63.30,1031501,SMA Buy,135.65,5.65days
28/11/2024 10:04:21,buy,0.05,EURCAD,1.47708,03/12/2024 17:54:48,1.47924,-0.26,-0.75,21.60,6.67,15.09,44.40,-12.15,-31.40,1031501,SMA Buy,127.84,5.33days
02/12/2024 09:16:14,buy,0.07,EURCAD,1.47471,03/12/2024 17:54:48,1.47926,-0.37,-0.34,45.50,21.93,21.93,45.50,-4.50,-7.70,1031501,SMA Buy,32.64,1.36days
02/12/2024 14:08:02,buy,0.02,GBPAUD,1.95772,03/12/2024 17:54:47,1.95584,-0.13,-0.06,-18.80,-2.62,1.98,15.60,-3.94,-29.00,1031501,SMA Buy,27.78,1.16days
02/12/2024 17:02:00,buy,0.10,EURCAD,1.47270,03/12/2024 17:54:47,1.47927,-0.52,-0.49,65.70,45.70,45.70,65.70,0.00,0.00,1031501,SMA Buy,24.88,1.04days
29/11/2024 09:30:13,buy,0.02,GBPUSD,1.27414,03/12/2024 17:54:46,1.26655,-0.13,-0.10,-75.90,-15.41,0.00,0.00,-18.67,-92.10,1031501,SMA Buy,104.41,4.35days
29/11/2024 12:19:14,buy,0.03,GBPUSD,1.26869,03/12/2024 17:54:46,1.26655,-0.19,-0.14,-21.40,-6.75,14.53,49.30,-11.64,-37.60,1031501,SMA Buy,101.59,4.23days
02/12/2024 14:54:47,buy,0.05,GBPUSD,1.26667,03/12/2024 17:54:46,1.26654,-0.32,-0.11,-1.30,-1.08,6.38,13.10,-9.18,-17.40,1031501,SMA Buy,27.00,1.12days
02/12/2024 16:52:14,buy,0.07,GBPUSD,1.26467,03/12/2024 17:54:45,1.26654,-0.44,-0.16,18.70,12.49,12.49,18.70,0.00,0.00,1031501,SMA Buy,25.04,1.04days
02/12/2024 17:03:02,buy,0.10,GBPUSD,1.26267,03/12/2024 17:54:45,1.26657,-0.63,-0.23,39.00,38.14,38.14,39.00,0.00,0.00,1031501,SMA Buy,24.86,1.04days
27/11/2024 04:00:04,buy,0.02,USDCAD,1.40614,03/12/2024 17:54:44,1.40670,-0.10,0.09,5.60,0.79,0.79,5.60,-7.91,-55.20,1031501,SMA Buy,157.91,6.58days
27/11/2024 10:20:22,buy,0.03,USDCAD,1.40412,03/12/2024 17:54:44,1.40671,-0.15,0.14,25.90,5.51,5.51,25.90,-7.54,-35.00,1031501,SMA Buy,151.57,6.32days
27/11/2024 18:34:32,buy,0.05,USDCAD,1.40212,03/12/2024 17:54:44,1.40665,-0.25,0.23,45.30,16.08,16.08,45.30,-5.42,-15.00,1031501,SMA Buy,143.34,5.97days
03/12/2024 09:56:56,buy,0.03,GBPAUD,1.95272,03/12/2024 17:54:43,1.95596,-0.19,0.00,32.40,6.10,6.10,32.40,0.00,0.00,1031501,SMA Buy,7.96,7.96hrs
28/11/2024 13:12:17,buy,0.07,USDCAD,1.40002,03/12/2024 17:54:43,1.40665,-0.35,0.32,66.30,32.96,32.96,66.30,0.00,0.00,1031501,SMA Buy,124.71,5.20days
28/11/2024 03:16:43,buy,0.03,GBPAUD,1.94925,02/12/2024 14:08:02,1.95753,-0.19,-0.18,82.80,15.75,15.75,82.80,0.00,0.00,1031501,SMA Buy,106.86,4.45days
27/11/2024 18:30:01,buy,0.02,GBPAUD,1.95245,02/12/2024 14:08:01,1.95754,-0.13,-0.31,50.90,6.17,6.17,50.90,-0.80,-3.60,1031501,SMA Buy,115.63,4.82days
28/11/2024 10:59:21,buy,0.05,GBPAUD,1.94720,02/12/2024 14:08:01,1.95753,-0.32,-0.32,103.30,32.87,32.87,103.30,0.00,0.00,1031501,SMA Buy,99.14,4.13days
28/11/2024 01:30:00,buy,0.02,GBPUSD,1.26804,29/11/2024 09:30:12,1.27396,-0.13,-0.05,59.20,11.66,11.66,59.20,0.00,0.00,1031501,SMA Buy,32.00,1.33days
28/11/2024 06:07:01,buy,0.03,GBPUSD,1.26603,29/11/2024 09:30:12,1.27396,-0.19,-0.07,79.30,23.53,23.53,79.30,0.00,0.00,1031501,SMA Buy,27.39,1.14days
27/11/2024 09:30:01,buy,0.02,GBPCAD,1.76988,27/11/2024 16:32:21,1.77907,-0.13,0.00,91.90,12.94,12.94,91.90,-0.00,0.00,1031501,SMA Buy,7.04,7.04hrs
27/11/2024 02:00:03,buy,0.02,EURCAD,1.47451,27/11/2024 16:15:38,1.48443,-0.10,0.00,99.20,14.01,14.01,99.20,0.00,0.00,1031501,SMA Buy,14.26,14.26hrs
26/11/2024 02:23:11,sell,0.34,EURCAD,1.47405,26/11/2024 17:45:57,1.47683,-1.78,0.00,-27.80,-68.94,0.00,0.00,-132.37,-54.80,2031501,SMA Sell,15.38,15.38hrs
26/11/2024 02:24:35,sell,0.03,EURCAD,1.47605,26/11/2024 17:45:56,1.47682,-0.16,0.00,-7.70,-1.80,0.00,0.00,-7.42,-34.80,2031501,SMA Sell,15.36,15.36hrs
26/11/2024 03:04:24,sell,0.05,EURCAD,1.47808,26/11/2024 17:45:56,1.47682,-0.26,0.00,12.60,4.22,4.22,12.60,-5.16,-14.50,2031501,SMA Sell,14.69,14.69hrs
26/11/2024 02:23:09,sell,0.03,GBPAUD,1.93769,26/11/2024 17:45:55,1.94225,-0.19,0.00,-45.60,-9.04,0.00,0.00,-11.95,-60.90,2031501,SMA Sell,15.38,15.38hrs
26/11/2024 02:38:33,sell,0.03,GBPAUD,1.93995,26/11/2024 17:45:55,1.94229,-0.19,0.00,-23.40,-4.73,0.00,0.00,-7.57,-38.30,2031501,SMA Sell,15.12,15.12hrs
26/11/2024 11:02:04,sell,0.07,EURCAD,1.48227,26/11/2024 17:45:55,1.47683,-0.37,0.00,54.40,26.69,26.69,54.40,0.00,0.00,2031501,SMA Sell,6.73,6.73hrs
26/11/2024 02:23:06,sell,0.23,GBPCAD,1.76746,26/11/2024 17:45:54,1.76819,-1.44,0.00,-7.30,-13.37,0.00,0.00,-56.81,-34.30,2031501,SMA Sell,15.38,15.38hrs
26/11/2024 02:59:14,sell,0.05,GBPAUD,1.94202,26/11/2024 17:45:54,1.94229,-0.31,0.00,-2.70,-1.18,0.00,0.00,-5.91,-17.60,2031501,SMA Sell,14.78,14.78hrs
26/11/2024 02:24:29,sell,0.03,GBPCAD,1.76957,26/11/2024 17:45:53,1.76819,-0.19,0.00,13.80,2.75,2.75,13.80,-2.92,-13.20,2031501,SMA Sell,15.36,15.36hrs
26/11/2024 02:59:24,sell,0.05,GBPCAD,1.77160,26/11/2024 17:45:53,1.76819,-0.31,0.00,34.10,11.80,11.80,34.10,0.00,0.00,2031501,SMA Sell,14.77,14.77hrs
26/11/2024 11:03:37,sell,0.07,GBPCAD,1.77408,26/11/2024 17:45:53,1.76820,-0.44,0.00,58.80,28.80,28.80,58.80,0.00,0.00,2031501,SMA Sell,6.70,6.70hrs
26/11/2024 02:24:26,sell,0.03,USDCAD,1.41238,26/11/2024 17:45:52,1.40752,-0.15,0.00,48.60,10.21,10.21,48.60,0.00,0.00,2031501,SMA Sell,15.36,15.36hrs
26/11/2024 02:23:03,sell,0.23,USDCAD,1.41037,26/11/2024 17:45:52,1.40751,-1.15,0.00,28.60,45.59,45.59,28.60,0.00,0.00,2031501,SMA Sell,15.38,15.38hrs
26/11/2024 02:55:01,sell,0.05,USDCAD,1.41440,26/11/2024 17:45:51,1.40752,-0.25,0.00,68.80,24.19,24.19,68.80,0.00,0.00,2031501,SMA Sell,14.85,14.85hrs
26/11/2024 03:04:12,sell,0.07,USDCAD,1.41643,26/11/2024 17:45:51,1.40756,-0.35,0.00,88.70,43.76,43.76,88.70,0.00,0.00,2031501,SMA Sell,14.69,14.69hrs
26/11/2024 14:32:30,sell,0.10,EURCAD,1.48429,26/11/2024 17:45:51,1.47673,-0.53,0.00,75.60,53.18,53.18,75.60,0.00,0.00,2031501,SMA Sell,3.22,3.22hrs
26/11/2024 16:42:38,sell,0.07,GBPAUD,1.94402,26/11/2024 17:45:50,1.94218,-0.44,0.00,18.40,7.89,7.89,18.40,0.00,0.00,2031501,SMA Sell,1.05,1.05hrs
26/11/2024 14:37:59,sell,0.10,GBPCAD,1.77608,26/11/2024 17:45:50,1.76826,-0.63,0.00,78.20,54.93,54.93,78.20,0.00,0.00,2031501,SMA Sell,3.13,3.13hrs
22/11/2024 11:00:03,sell,0.02,EURAUD,1.60541,26/11/2024 02:23:14,1.61634,-0.10,-0.04,-109.30,-14.28,4.56,35.80,-14.28,-109.30,2031501,SMA Sell,87.39,3.64days
22/11/2024 13:00:03,sell,0.02,EURCAD,1.45878,26/11/2024 02:23:13,1.47434,-0.10,-0.15,-155.60,-22.31,4.18,29.80,-22.31,-155.60,2031501,SMA Sell,85.39,3.56days
22/11/2024 11:16:13,sell,0.02,GBPCAD,1.75306,26/11/2024 02:23:13,1.76824,-0.13,-0.49,-151.80,-22.14,1.97,14.70,-22.14,-151.80,2031501,SMA Sell,87.12,3.63days
22/11/2024 13:00:06,sell,0.02,GBPUSD,1.25340,26/11/2024 02:23:13,1.25328,-0.13,-0.15,1.20,-0.04,0.99,5.50,-10.16,-49.70,2031501,SMA Sell,85.39,3.56days
22/11/2024 11:11:55,sell,0.05,USDCAD,1.40109,26/11/2024 02:23:12,1.41069,-0.25,-0.50,-96.00,-34.78,18.59,53.30,-34.78,-96.00,2031501,SMA Sell,87.19,3.63days
22/11/2024 11:09:57,sell,0.03,USDCAD,1.39921,26/11/2024 02:23:12,1.41083,-0.15,-0.30,-116.20,-25.16,7.12,34.50,-25.16,-116.20,2031501,SMA Sell,87.22,3.63days
21/11/2024 05:00:03,sell,0.02,USDCAD,1.39712,26/11/2024 02:23:12,1.41086,-0.10,-0.50,-137.40,-20.08,1.96,14.30,-20.08,-137.40,2031501,SMA Sell,117.39,4.89days
25/11/2024 00:15:12,sell,0.03,EURCAD,1.46156,26/11/2024 02:23:11,1.47433,-0.16,-0.15,-127.70,-27.47,1.86,9.20,-27.47,-127.70,2031501,SMA Sell,26.13,1.09days
25/11/2024 00:15:14,sell,0.03,GBPCAD,1.75654,26/11/2024 02:23:11,1.76819,-0.19,-0.50,-116.50,-25.46,3.72,18.30,-25.46,-116.50,2031501,SMA Sell,26.13,1.09days
25/11/2024 11:03:32,sell,0.05,EURCAD,1.46357,26/11/2024 02:23:10,1.47432,-0.26,-0.24,-107.50,-38.60,3.32,10.00,-38.60,-107.50,2031501,SMA Sell,15.33,15.33hrs
25/11/2024 07:16:06,sell,0.03,EURAUD,1.60741,26/11/2024 02:23:10,1.61605,-0.16,-0.04,-86.40,-16.96,0.48,3.60,-16.96,-86.40,2031501,SMA Sell,19.12,19.12hrs
25/11/2024 00:16:10,sell,0.03,GBPUSD,1.25846,26/11/2024 02:23:10,1.25333,-0.19,-0.15,51.30,15.05,15.05,51.30,0.00,0.00,2031501,SMA Sell,26.12,1.09days
25/11/2024 14:26:04,sell,0.05,EURAUD,1.61234,26/11/2024 02:23:09,1.61608,-0.26,-0.07,-37.40,-12.42,0.00,0.00,-12.42,-37.40,2031501,SMA Sell,11.95,11.95hrs
25/11/2024 12:00:03,sell,0.02,GBPAUD,1.92983,26/11/2024 02:23:09,1.93833,-0.13,-0.23,-85.00,-11.35,0.00,0.00,-11.35,-85.00,2031501,SMA Sell,14.38,14.38hrs
25/11/2024 15:25:04,sell,0.10,EURCAD,1.46789,26/11/2024 02:23:08,1.47409,-0.53,-0.49,-62.00,-44.97,1.69,3.20,-44.97,-62.00,2031501,SMA Sell,10.97,10.97hrs
25/11/2024 15:17:52,sell,0.07,EURCAD,1.46587,26/11/2024 02:23:08,1.47409,-0.37,-0.34,-82.20,-41.50,0.00,0.00,-41.50,-82.20,2031501,SMA Sell,11.09,11.09hrs
25/11/2024 15:26:34,sell,0.05,GBPCAD,1.75858,26/11/2024 02:23:08,1.76808,-0.32,-0.84,-95.00,-34.83,6.58,19.00,-34.83,-95.00,2031501,SMA Sell,10.94,10.94hrs
25/11/2024 16:13:32,sell,0.15,EURCAD,1.46988,26/11/2024 02:23:07,1.47390,-0.79,-0.73,-40.20,-44.26,23.88,23.10,-44.26,-40.20,2031501,SMA Sell,10.16,10.16hrs
26/11/2024 01:41:35,sell,0.03,GBPAUD,1.93530,26/11/2024 02:23:07,1.93802,-0.19,0.00,-27.20,-5.47,0.00,0.00,-5.47,-27.20,2031501,SMA Sell,0.69,0.69hrs
26/11/2024 01:41:42,sell,0.07,USDCAD,1.40310,26/11/2024 02:23:06,1.41053,-0.35,0.00,-74.30,-37.22,0.00,0.00,-37.22,-74.30,2031501,SMA Sell,0.69,0.69hrs
26/11/2024 01:41:39,sell,0.07,GBPCAD,1.76072,26/11/2024 02:23:06,1.76781,-0.44,0.00,-70.90,-35.62,0.00,0.00,-35.62,-70.90,2031501,SMA Sell,0.69,0.69hrs
26/11/2024 01:41:45,sell,0.07,EURAUD,1.61688,26/11/2024 02:23:06,1.61606,-0.37,0.00,8.20,3.34,3.34,8.20,0.00,0.00,2031501,SMA Sell,0.69,0.69hrs
26/11/2024 01:43:12,sell,0.10,USDCAD,1.40512,26/11/2024 02:23:05,1.41057,-0.50,0.00,-54.50,-39.14,0.00,0.00,-39.14,-54.50,2031501,SMA Sell,0.66,0.66hrs
26/11/2024 01:42:51,sell,0.23,EURCAD,1.47192,26/11/2024 02:23:05,1.47389,-1.21,0.00,-19.70,-33.33,0.00,0.00,-33.33,-19.70,2031501,SMA Sell,0.67,0.67hrs
26/11/2024 01:43:04,sell,0.05,GBPAUD,1.93760,26/11/2024 02:23:05,1.93843,-0.31,0.00,-8.30,-2.99,0.00,0.00,-2.99,-8.30,2031501,SMA Sell,0.67,0.67hrs
26/11/2024 01:43:26,sell,0.10,GBPCAD,1.76277,26/11/2024 02:23:04,1.76784,-0.63,0.00,-50.70,-36.57,0.00,0.00,-36.57,-50.70,2031501,SMA Sell,0.66,0.66hrs
26/11/2024 01:43:43,sell,0.10,EURAUD,1.61916,26/11/2024 02:23:04,1.61602,-0.52,0.00,31.40,19.79,19.79,31.40,0.00,0.00,2031501,SMA Sell,0.66,0.66hrs
26/11/2024 01:43:52,sell,0.15,USDCAD,1.40714,26/11/2024 02:23:03,1.41049,-0.75,0.00,-33.50,-36.38,0.00,0.00,-36.38,-33.50,2031501,SMA Sell,0.65,0.65hrs
26/11/2024 01:47:08,sell,0.15,GBPCAD,1.76479,26/11/2024 02:23:03,1.76780,-0.94,0.00,-30.10,-32.95,0.00,0.00,-32.95,-30.10,2031501,SMA Sell,0.60,0.60hrs
26/11/2024 01:50:14,sell,0.07,GBPAUD,1.93924,26/11/2024 02:23:03,1.93853,-0.44,0.00,7.10,2.78,2.78,7.10,0.00,0.00,2031501,SMA Sell,0.55,0.55hrs
26/11/2024 01:50:49,sell,0.23,USDCAD,1.40925,26/11/2024 02:23:02,1.41048,-1.15,0.00,-12.30,-21.21,0.00,0.00,-21.21,-12.30,2031501,SMA Sell,0.54,0.54hrs
26/11/2024 01:50:52,sell,0.23,GBPCAD,1.76674,26/11/2024 02:23:02,1.76777,-1.44,0.00,-10.30,-18.24,0.00,0.00,-18.24,-10.30,2031501,SMA Sell,0.54,0.54hrs
26/11/2024 01:50:55,sell,0.34,EURCAD,1.47395,26/11/2024 02:23:01,1.47376,-1.78,0.00,1.90,2.80,2.80,1.90,0.00,0.00,2031501,SMA Sell,0.54,0.54hrs
26/11/2024 01:51:41,sell,0.34,USDCAD,1.41141,26/11/2024 02:23:01,1.41050,-1.70,0.00,9.10,20.24,20.24,9.10,0.00,0.00,2031501,SMA Sell,0.52,0.52hrs
26/11/2024 01:52:26,sell,0.34,GBPCAD,1.76893,26/11/2024 02:23:01,1.76777,-2.13,0.00,11.60,25.83,25.83,11.60,0.00,0.00,2031501,SMA Sell,0.51,0.51hrs
26/11/2024 01:53:19,sell,0.10,GBPAUD,1.94096,26/11/2024 02:23:00,1.93852,-0.63,0.00,24.40,15.14,15.14,24.40,0.00,0.00,2031501,SMA Sell,0.49,0.49hrs
26/11/2024 02:10:19,sell,0.51,EURCAD,1.47598,26/11/2024 02:23:00,1.47381,-2.66,0.00,21.70,75.80,75.80,21.70,0.00,0.00,2031501,SMA Sell,0.21,0.21hrs
26/11/2024 02:08:11,sell,0.51,USDCAD,1.41365,26/11/2024 02:23:00,1.41052,-2.55,0.00,31.30,110.62,110.62,31.30,0.00,0.00,2031501,SMA Sell,0.25,0.25hrs
26/11/2024 02:12:24,sell,0.51,GBPCAD,1.77083,26/11/2024 02:22:59,1.76786,-3.19,0.00,29.70,104.20,104.20,29.70,0.00,0.00,2031501,SMA Sell,0.18,0.18hrs
26/11/2024 02:14:57,sell,0.77,USDCAD,1.41571,26/11/2024 02:22:59,1.41060,-3.85,0.00,51.10,275.09,275.09,51.10,0.00,0.00,2031501,SMA Sell,0.13,0.13hrs
26/11/2024 02:17:08,sell,0.77,GBPCAD,1.77286,26/11/2024 02:22:58,1.76775,-4.82,0.00,51.10,274.12,274.12,51.10,0.00,0.00,2031501,SMA Sell,0.10,0.10hrs
22/11/2024 07:00:17,sell,0.03,GBPAUD,1.93494,22/11/2024 14:47:54,1.92557,-0.19,0.00,93.70,18.08,18.08,93.70,0.00,0.00,2031501,SMA Sell,7.79,7.79hrs
22/11/2024 05:00:04,sell,0.02,GBPAUD,1.93141,22/11/2024 14:47:53,1.92557,-0.13,0.00,58.40,7.46,7.46,58.40,0.00,0.00,2031501,SMA Sell,9.80,9.80hrs
22/11/2024 07:16:08,sell,0.05,GBPAUD,1.93700,22/11/2024 14:47:53,1.92557,-0.31,0.00,114.30,36.83,36.83,114.30,0.00,0.00,2031501,SMA Sell,7.53,7.53hrs
21/11/2024 11:37:26,sell,0.02,GBPCAD,1.76443,22/11/2024 11:16:12,1.75356,-0.13,-0.16,108.70,15.22,15.22,108.70,-0.89,-4.20,2031501,SMA Sell,23.65,23.65hrs
21/11/2024 18:22:42,sell,0.02,EURCAD,1.46376,22/11/2024 11:12:31,1.45525,-0.10,-0.05,85.10,12.00,12.00,85.10,0.00,0.00,2031501,SMA Sell,16.83,16.83hrs
21/11/2024 21:00:03,sell,0.02,EURUSD,1.04855,22/11/2024 11:12:11,1.03842,-0.10,0.06,101.30,20.22,20.22,101.30,0.00,0.00,2031501,SMA Sell,14.20,14.20hrs
20/11/2024 18:00:03,sell,0.02,EURAUD,1.62108,21/11/2024 18:41:07,1.61225,-0.11,-0.03,88.30,11.36,11.36,88.30,-1.49,-10.70,2031501,SMA Sell,24.68,1.03days
21/11/2024 01:00:03,sell,0.02,EURCAD,1.47327,21/11/2024 18:22:41,1.46399,-0.11,0.00,92.80,13.18,13.18,92.80,-0.57,-3.20,2031501,SMA Sell,17.38,17.38hrs
19/11/2024 13:00:03,sell,0.02,GBPUSD,1.26360,21/11/2024 18:22:38,1.26044,-0.13,-0.20,31.60,5.99,5.99,31.60,-8.31,-40.90,2031501,SMA Sell,53.38,2.22days
20/11/2024 09:00:06,sell,0.03,GBPUSD,1.27068,21/11/2024 18:22:38,1.26044,-0.19,-0.23,102.40,30.30,30.30,102.40,0.00,0.00,2031501,SMA Sell,33.38,1.39days
18/11/2024 20:30:00,sell,0.02,GBPCAD,1.77561,21/11/2024 11:37:24,1.76476,-0.13,-0.81,108.50,14.59,14.59,108.50,-3.23,-20.60,2031501,SMA Sell,63.12,2.63days
20/11/2024 09:00:14,sell,0.03,GBPAUD,1.94683,21/11/2024 11:22:35,1.93913,-0.19,-0.49,77.00,14.36,14.36,77.00,0.00,0.00,2031501,SMA Sell,26.37,1.10days
19/11/2024 13:00:06,sell,0.02,GBPAUD,1.94482,21/11/2024 11:22:34,1.93913,-0.13,-0.43,56.90,6.85,6.85,56.90,-2.35,-16.20,2031501,SMA Sell,46.37,1.93days
20/11/2024 17:09:17,sell,0.05,GBPAUD,1.94983,21/11/2024 11:22:34,1.93913,-0.32,-0.81,107.00,33.71,33.71,107.00,0.00,0.00,2031501,SMA Sell,18.22,18.22hrs
12/11/2024 06:30:00,sell,0.02,AUDCAD,0.91381,18/11/2024 18:18:40,0.91179,-0.07,-0.43,20.20,2.38,10.91,79.00,-1.03,-6.90,2031501,SMA Sell,155.81,6.49days
11/11/2024 10:30:01,sell,0.02,EURAUD,1.62318,18/11/2024 18:18:39,1.62812,-0.11,-0.07,-49.40,-6.59,3.19,25.20,-14.80,-113.40,2031501,SMA Sell,175.81,7.33days
12/11/2024 19:00:53,sell,0.03,EURAUD,1.62539,18/11/2024 18:18:39,1.62813,-0.16,-0.07,-27.40,-5.57,1.84,10.20,-17.88,-91.30,2031501,SMA Sell,143.30,5.97days
13/11/2024 17:16:37,sell,0.02,AUDUSD,0.64912,18/11/2024 18:18:39,0.64903,-0.06,-0.06,0.90,0.06,7.92,40.10,-0.48,-1.90,2031501,SMA Sell,121.03,5.04days
12/11/2024 19:56:53,sell,0.05,EURAUD,1.62742,18/11/2024 18:18:38,1.62814,-0.27,-0.13,-7.20,-2.74,9.69,30.50,-23.25,-71.00,2031501,SMA Sell,142.36,5.93days
13/11/2024 13:59:12,sell,0.07,EURAUD,1.62942,18/11/2024 18:18:38,1.62815,-0.37,-0.15,12.70,5.25,7.35,17.00,-23.47,-51.00,2031501,SMA Sell,124.32,5.18days
14/11/2024 06:04:21,sell,0.10,EURAUD,1.63144,18/11/2024 18:18:38,1.62815,-0.53,-0.08,32.90,20.74,21.55,34.20,-20.34,-30.80,2031501,SMA Sell,108.24,4.51days
14/11/2024 13:22:35,sell,0.02,EURCAD,1.47256,18/11/2024 18:18:37,1.48445,-0.11,-0.10,-118.90,-17.14,0.00,0.00,-20.92,-146.00,2031501,SMA Sell,100.93,4.21days
15/11/2024 10:09:12,sell,0.15,EURAUD,1.63344,18/11/2024 18:18:37,1.62815,-0.79,-0.07,52.90,50.64,51.81,54.20,-11.06,-10.80,2031501,SMA Sell,80.16,3.34days
14/11/2024 16:38:13,sell,0.03,EURCAD,1.47979,18/11/2024 18:18:36,1.48446,-0.16,-0.14,-46.70,-10.28,0.69,4.10,-15.98,-73.70,2031501,SMA Sell,97.67,4.07days
14/11/2024 17:12:49,sell,0.05,EURCAD,1.48183,18/11/2024 18:18:36,1.48445,-0.26,-0.23,-26.20,-9.82,8.42,24.50,-19.39,-53.30,2031501,SMA Sell,97.10,4.05days
15/11/2024 08:47:16,sell,0.07,EURCAD,1.48386,18/11/2024 18:18:36,1.48445,-0.37,-0.17,-5.90,-3.48,0.00,0.00,-16.92,-33.00,2031501,SMA Sell,81.52,3.40days
14/11/2024 12:43:21,sell,0.02,EURUSD,1.05121,18/11/2024 18:18:35,1.05659,-0.11,0.12,-53.80,-10.75,0.00,0.00,-13.45,-67.00,2031501,SMA Sell,101.59,4.23days
15/11/2024 15:12:46,sell,0.10,EURCAD,1.48628,18/11/2024 18:18:35,1.48445,-0.53,-0.24,18.30,12.26,15.84,23.90,-7.01,-8.80,2031501,SMA Sell,75.10,3.13days
12/11/2024 19:53:12,sell,0.02,GBPCAD,1.77620,18/11/2024 18:18:34,1.77704,-0.13,-0.97,-8.40,-2.29,0.00,0.80,-9.73,-61.10,2031501,SMA Sell,142.42,5.93days
14/11/2024 16:38:29,sell,0.03,EURUSD,1.05672,18/11/2024 18:18:34,1.05659,-0.16,0.18,1.30,0.41,13.13,44.40,-3.64,-11.90,2031501,SMA Sell,97.67,4.07days
15/11/2024 15:13:59,sell,0.05,EURUSD,1.05919,18/11/2024 18:18:34,1.05659,-0.26,0.14,26.00,12.88,29.08,58.40,0.00,0.00,2031501,SMA Sell,75.08,3.13days
13/11/2024 14:03:01,sell,0.03,GBPCAD,1.77961,18/11/2024 18:18:33,1.77704,-0.19,-1.22,25.70,4.07,4.89,25.70,-7.08,-27.00,2031501,SMA Sell,124.26,5.18days
14/11/2024 17:18:54,sell,0.05,GBPCAD,1.78165,18/11/2024 18:18:33,1.77704,-0.32,-0.82,46.10,15.27,15.27,46.10,-3.33,-6.60,2031501,SMA Sell,96.99,4.04days
15/11/2024 16:41:57,sell,0.02,GBPUSD,1.26401,18/11/2024 18:18:32,1.26487,-0.13,-0.05,-8.60,-1.90,4.76,24.70,-1.90,-8.60,2031501,SMA Sell,73.61,3.07days
14/11/2024 17:52:51,buy,0.02,USDCAD,1.40210,18/11/2024 18:18:32,1.40488,-0.10,0.08,27.80,3.94,11.07,78.20,0.00,0.00,1031501,SMA Buy,96.43,4.02days
18/11/2024 11:22:35,sell,0.15,EURCAD,1.48828,18/11/2024 18:18:32,1.48445,-0.79,0.00,38.30,40.11,40.11,38.30,0.00,0.00,2031501,SMA Sell,6.93,6.93hrs
18/11/2024 11:26:55,sell,0.23,EURAUD,1.63546,18/11/2024 18:18:31,1.62825,-1.22,0.00,72.10,106.40,106.40,72.10,0.00,0.00,2031501,SMA Sell,6.86,6.86hrs
14/11/2024 07:30:21,sell,0.02,GBPUSD,1.26830,15/11/2024 16:41:55,1.26405,-0.13,-0.05,42.50,8.32,8.32,42.50,-4.41,-21.40,2031501,SMA Sell,33.19,1.38days
14/11/2024 17:22:04,sell,0.03,GBPUSD,1.27102,15/11/2024 16:41:55,1.26405,-0.19,-0.08,69.70,20.64,20.64,69.70,0.00,0.00,2031501,SMA Sell,23.33,23.33hrs
12/11/2024 04:30:01,buy,0.02,USDCAD,1.39361,14/11/2024 17:52:50,1.40210,-0.10,0.04,84.90,12.05,12.05,84.90,-0.30,-1.30,1031501,SMA Buy,61.38,2.56days
13/11/2024 13:59:04,sell,0.05,EURCAD,1.48371,14/11/2024 13:22:35,1.47279,-0.27,-0.35,109.20,38.34,38.34,109.20,0.00,0.00,2031501,SMA Sell,23.39,23.39hrs
12/11/2024 17:57:17,sell,0.02,EURCAD,1.47938,14/11/2024 13:22:34,1.47276,-0.11,-0.18,66.20,9.15,9.15,66.20,-4.69,-31.60,2031501,SMA Sell,43.42,1.81days
12/11/2024 23:33:27,sell,0.03,EURCAD,1.48171,14/11/2024 13:22:34,1.47281,-0.16,-0.28,89.00,18.61,18.61,89.00,-2.04,-8.30,2031501,SMA Sell,37.82,1.58days
13/11/2024 17:00:01,sell,0.02,EURUSD,1.05858,14/11/2024 12:43:19,1.05120,-0.11,0.18,73.80,14.83,14.83,73.80,-0.99,-4.50,2031501,SMA Sell,19.72,19.72hrs
12/11/2024 19:18:08,sell,0.02,GBPUSD,1.27294,14/11/2024 07:30:20,1.26834,-0.13,-0.20,46.00,8.87,9.29,48.10,-4.16,-20.80,2031501,SMA Sell,36.20,1.51days
13/11/2024 15:30:22,sell,0.03,GBPUSD,1.27618,14/11/2024 07:30:20,1.26834,-0.19,-0.23,78.40,23.10,23.73,80.50,0.00,0.00,2031501,SMA Sell,16.00,16.00hrs
12/11/2024 04:00:00,sell,0.02,AUDUSD,0.65668,13/11/2024 17:16:35,0.64920,-0.07,-0.01,74.80,14.88,14.88,74.80,0.00,0.00,2031501,SMA Sell,37.28,1.55days
11/11/2024 15:40:01,sell,0.02,EURUSD,1.06468,13/11/2024 16:54:16,1.05870,-0.11,0.12,59.80,11.97,11.97,59.80,-2.09,-10.20,2031501,SMA Sell,49.24,2.05days
12/11/2024 03:00:00,sell,0.02,GBPCAD,1.79119,12/11/2024 19:53:09,1.77637,-0.13,0.00,148.20,21.12,21.12,148.20,0.00,0.00,2031501,SMA Sell,16.89,16.89hrs
12/11/2024 10:39:38,sell,0.02,GBPUSD,1.28027,12/11/2024 19:18:07,1.27299,-0.13,0.00,72.80,14.43,14.43,72.80,-4.97,-24.20,2031501,SMA Sell,8.64,8.64hrs
11/11/2024 10:00:01,sell,0.02,EURCAD,1.48824,12/11/2024 17:57:16,1.47956,-0.11,-0.04,86.80,12.30,12.76,89.50,0.00,0.00,2031501,SMA Sell,31.95,1.33days
11/11/2024 20:00:00,sell,0.02,GBPUSD,1.28639,12/11/2024 10:39:35,1.28034,-0.13,-0.05,60.50,11.92,11.92,60.50,-1.28,-5.50,2031501,SMA Sell,14.66,14.66hrs
11/11/2024 06:52:27,sell,0.02,EURUSD,1.07127,11/11/2024 15:39:59,1.06472,-0.11,0.00,65.50,12.99,12.99,65.50,0.00,0.00,2031501,SMA Sell,8.79,8.79hrs
08/11/2024 05:36:57,buy,0.03,AUDCAD,0.92280,11/11/2024 06:52:27,0.91768,-0.10,-0.03,-51.20,-11.16,1.37,6.70,-19.96,-91.80,1031501,SMA Buy,73.26,3.05days
08/11/2024 10:10:37,buy,0.05,AUDCAD,0.92064,11/11/2024 06:52:27,0.91768,-0.17,-0.04,-29.60,-10.84,7.68,21.60,-25.52,-70.20,1031501,SMA Buy,68.70,2.86days
07/11/2024 20:00:00,buy,0.02,AUDCAD,0.92480,11/11/2024 06:52:27,0.91768,-0.07,-0.02,-71.20,-10.32,1.59,11.50,-16.18,-111.80,1031501,SMA Buy,82.87,3.45days
08/11/2024 16:45:12,buy,0.07,AUDCAD,0.91864,11/11/2024 06:52:26,0.91768,-0.23,-0.06,-9.60,-5.12,0.00,0.00,-25.67,-50.20,1031501,SMA Buy,62.12,2.59days
08/11/2024 18:05:26,buy,0.10,AUDCAD,0.91664,11/11/2024 06:52:26,0.91768,-0.33,-0.09,10.40,7.05,7.05,10.40,-22.30,-30.20,1031501,SMA Buy,60.78,2.53days
08/11/2024 19:02:30,buy,0.15,AUDCAD,0.91454,11/11/2024 06:52:26,0.91768,-0.49,-0.13,31.40,33.21,33.21,31.40,-10.83,-9.20,1031501,SMA Buy,59.83,2.49days
08/11/2024 10:09:44,buy,0.05,AUDUSD,0.66307,11/11/2024 06:52:25,0.65923,-0.17,-0.10,-38.40,-19.47,8.18,16.20,-35.17,-69.80,1031501,SMA Buy,68.71,2.86days
08/11/2024 05:29:29,buy,0.03,AUDUSD,0.66507,11/11/2024 06:52:25,0.65923,-0.10,-0.06,-58.40,-17.68,0.35,1.40,-27.10,-89.80,1031501,SMA Buy,73.38,3.06days
07/11/2024 20:30:00,buy,0.02,AUDUSD,0.66707,11/11/2024 06:52:25,0.65923,-0.07,-0.04,-78.40,-15.79,1.71,8.90,-22.07,-109.80,1031501,SMA Buy,82.37,3.43days
08/11/2024 15:36:25,buy,0.07,AUDUSD,0.66103,11/11/2024 06:52:24,0.65923,-0.23,-0.14,-18.00,-12.97,0.00,0.00,-34.95,-49.40,1031501,SMA Buy,63.27,2.64days
08/11/2024 18:13:56,buy,0.10,AUDUSD,0.65897,11/11/2024 06:52:24,0.65923,-0.33,-0.21,2.60,2.06,2.96,3.50,-29.33,-28.80,1031501,SMA Buy,60.64,2.53days
08/11/2024 19:01:45,buy,0.15,AUDUSD,0.65695,11/11/2024 06:52:24,0.65923,-0.49,-0.31,22.80,33.40,34.75,23.70,-13.69,-8.60,1031501,SMA Buy,59.84,2.49days
06/11/2024 14:35:25,sell,0.02,EURCAD,1.48840,11/11/2024 06:52:23,1.49145,-0.11,-0.21,-30.50,-4.71,0.32,3.20,-16.22,-110.50,2031501,SMA Sell,112.28,4.68days
07/11/2024 07:39:02,sell,0.02,EURAUD,1.62299,11/11/2024 06:52:23,1.62501,-0.11,-0.01,-20.20,-2.78,7.69,58.40,-8.53,-64.40,2031501,SMA Sell,95.22,3.97days
08/11/2024 10:10:46,sell,0.03,EURAUD,1.62494,11/11/2024 06:52:23,1.62501,-0.16,-0.01,-0.70,-0.31,5.60,28.80,-8.96,-44.90,2031501,SMA Sell,68.69,2.86days
07/11/2024 14:30:31,sell,0.03,EURCAD,1.49566,11/11/2024 06:52:22,1.49145,-0.16,-0.07,42.10,8.85,14.64,68.70,-8.36,-37.90,2031501,SMA Sell,88.36,3.68days
07/11/2024 15:18:33,sell,0.05,EURCAD,1.49767,11/11/2024 06:52:22,1.49145,-0.27,-0.11,62.20,21.96,31.61,88.80,-6.69,-17.80,2031501,SMA Sell,87.56,3.65days
07/11/2024 09:00:00,sell,0.02,GBPAUD,1.95149,11/11/2024 06:52:21,1.95791,-0.13,-0.11,-64.20,-8.71,9.64,73.10,-17.22,-130.10,2031501,SMA Sell,93.87,3.91days
08/11/2024 19:15:10,sell,0.02,EURUSD,1.06972,11/11/2024 06:52:21,1.07130,-0.11,0.06,-15.80,-3.21,0.00,0.00,-4.23,-20.90,2031501,SMA Sell,59.62,2.48days
07/11/2024 17:16:35,sell,0.07,EURCAD,1.49969,11/11/2024 06:52:21,1.49145,-0.38,-0.16,82.40,40.90,54.41,109.00,0.00,0.00,2031501,SMA Sell,85.60,3.57days
08/11/2024 10:10:40,sell,0.03,GBPAUD,1.95348,11/11/2024 06:52:20,1.95791,-0.19,-0.16,-44.30,-9.11,6.19,32.00,-21.90,-110.20,2031501,SMA Sell,68.69,2.86days
08/11/2024 14:08:45,sell,0.05,GBPAUD,1.95551,11/11/2024 06:52:20,1.95791,-0.32,-0.27,-24.00,-8.50,0.00,0.00,-29.85,-89.90,2031501,SMA Sell,64.73,2.70days
08/11/2024 15:47:07,sell,0.07,GBPAUD,1.95754,11/11/2024 06:52:20,1.95791,-0.45,-0.38,-3.70,-2.54,0.00,0.60,-32.46,-69.60,2031501,SMA Sell,63.09,2.63days
08/11/2024 17:46:14,sell,0.10,GBPAUD,1.96081,11/11/2024 06:52:19,1.95791,-0.65,-0.55,29.00,17.92,17.92,29.00,-24.93,-36.90,2031501,SMA Sell,61.10,2.55days
08/11/2024 18:20:22,sell,0.15,GBPAUD,1.96281,11/11/2024 06:52:19,1.95791,-0.97,-0.82,49.00,46.67,46.67,49.00,-17.70,-16.90,2031501,SMA Sell,60.53,2.52days
08/11/2024 19:10:24,sell,0.23,GBPAUD,1.96509,11/11/2024 06:52:19,1.95791,-1.48,-1.26,71.80,106.14,106.14,71.80,0.00,0.00,2031501,SMA Sell,59.70,2.49days
07/11/2024 05:30:00,sell,0.02,GBPCAD,1.79498,11/11/2024 06:52:18,1.79688,-0.13,-0.16,-19.00,-3.02,2.61,19.60,-9.90,-67.90,2031501,SMA Sell,97.37,4.06days
07/11/2024 14:04:48,sell,0.03,GBPCAD,1.79746,11/11/2024 06:52:18,1.79688,-0.19,-0.25,5.80,0.81,5.69,27.20,-9.49,-43.10,2031501,SMA Sell,88.79,3.70days
07/11/2024 14:55:28,sell,0.05,GBPCAD,1.79946,11/11/2024 06:52:18,1.79684,-0.32,-0.41,26.20,8.68,16.67,47.20,-8.61,-23.10,2031501,SMA Sell,87.95,3.66days
08/11/2024 09:35:23,sell,0.07,GBPCAD,1.80156,11/11/2024 06:52:17,1.79684,-0.45,-0.58,47.20,22.70,33.89,68.20,-0.15,0.00,2031501,SMA Sell,69.28,2.89days
07/11/2024 09:07:44,sell,0.03,EURUSD,1.07556,08/11/2024 19:15:09,1.06973,-0.16,0.00,58.30,17.33,19.31,64.90,-17.80,-58.50,2031501,SMA Sell,34.12,1.42days
07/11/2024 16:39:58,sell,0.07,EURUSD,1.08027,08/11/2024 19:15:09,1.06973,-0.38,0.00,105.40,73.40,78.02,112.00,-8.57,-11.40,2031501,SMA Sell,26.59,1.11days
06/11/2024 15:30:00,sell,0.02,EURUSD,1.07042,08/11/2024 19:15:08,1.06972,-0.11,0.25,7.00,1.54,2.84,13.50,-21.90,-109.90,2031501,SMA Sell,51.75,2.16days
07/11/2024 15:07:58,sell,0.05,EURUSD,1.07822,08/11/2024 19:15:08,1.06973,-0.27,0.00,84.90,42.18,45.48,91.50,-16.37,-31.90,2031501,SMA Sell,28.12,1.17days
07/11/2024 17:31:09,sell,0.10,EURUSD,1.08229,08/11/2024 19:15:08,1.06973,-0.54,0.00,125.60,125.06,131.66,132.20,0.00,0.00,2031501,SMA Sell,25.73,1.07days
06/11/2024 13:30:00,sell,0.02,EURAUD,1.63207,07/11/2024 07:39:01,1.62309,-0.11,-0.01,89.80,11.77,11.77,89.80,-2.20,-15.90,2031501,SMA Sell,18.15,18.15hrs
06/11/2024 11:00:00,sell,0.02,EURCAD,1.49641,06/11/2024 14:35:23,1.48865,-0.11,0.00,77.60,11.04,11.04,77.60,0.00,0.00,2031501,SMA Sell,3.59,3.59hrs
01/11/2024 16:16:22,buy,0.03,EURCAD,1.51100,06/11/2024 06:42:28,1.49901,-0.16,-0.45,-119.90,-26.48,12.02,57.40,-31.43,-143.00,1031501,SMA Buy,110.44,4.60days
01/11/2024 15:00:01,buy,0.02,EURCAD,1.51453,06/11/2024 06:42:28,1.49901,-0.11,-0.30,-155.20,-22.73,2.94,22.10,-26.03,-178.30,1031501,SMA Buy,111.71,4.65days
01/11/2024 19:00:00,buy,0.02,USDCAD,1.39439,06/11/2024 06:42:27,1.39056,-0.10,0.12,-38.30,-5.49,1.75,12.90,-16.92,-117.10,1031501,SMA Buy,107.71,4.49days
04/11/2024 16:15:43,buy,0.03,USDCAD,1.38920,06/11/2024 06:42:27,1.39056,-0.15,0.12,13.60,2.90,5.81,26.60,-14.18,-65.20,1031501,SMA Buy,38.45,1.60days
05/11/2024 22:44:47,buy,0.02,EURUSD,1.09266,06/11/2024 06:42:26,1.07815,-0.11,-0.16,-145.10,-29.29,0.21,2.40,-34.87,-172.50,1031501,SMA Buy,7.96,7.96hrs
05/11/2024 16:14:38,buy,0.05,USDCAD,1.38720,06/11/2024 06:42:26,1.39056,-0.25,0.09,33.60,11.92,16.76,46.60,-16.51,-45.20,1031501,SMA Buy,14.46,14.46hrs
05/11/2024 16:41:59,buy,0.07,USDCAD,1.38518,06/11/2024 06:42:26,1.39056,-0.35,0.13,53.80,26.86,33.63,66.80,-12.88,-25.00,1031501,SMA Buy,14.01,14.01hrs
06/11/2024 02:30:00,buy,0.05,EURUSD,1.08788,06/11/2024 06:42:25,1.07819,-0.27,0.00,-96.90,-48.72,0.00,0.00,-62.87,-124.70,1031501,SMA Buy,4.21,4.21hrs
06/11/2024 02:13:25,buy,0.03,EURUSD,1.08989,06/11/2024 06:42:25,1.07815,-0.16,0.00,-117.40,-35.38,0.00,0.00,-43.75,-144.80,1031501,SMA Buy,4.48,4.48hrs
06/11/2024 02:13:44,buy,0.05,EURCAD,1.50888,06/11/2024 06:42:25,1.49915,-0.27,0.00,-97.30,-35.26,3.08,8.90,-44.02,-121.80,1031501,SMA Buy,4.48,4.48hrs
06/11/2024 02:45:46,buy,0.10,EURUSD,1.08369,06/11/2024 06:42:24,1.07819,-0.54,0.00,-55.00,-55.54,0.00,0.00,-83.84,-82.80,1031501,SMA Buy,3.94,3.94hrs
06/11/2024 02:40:43,buy,0.07,EURUSD,1.08585,06/11/2024 06:42:24,1.07819,-0.38,0.00,-76.60,-54.00,0.00,0.00,-73.81,-104.40,1031501,SMA Buy,4.03,4.03hrs
06/11/2024 02:33:46,buy,0.07,EURCAD,1.50686,06/11/2024 06:42:24,1.49915,-0.38,0.00,-77.10,-39.19,0.00,0.00,-51.48,-101.60,1031501,SMA Buy,4.14,4.14hrs
06/11/2024 04:10:13,buy,0.15,EURUSD,1.08164,06/11/2024 06:42:23,1.07819,-0.81,0.00,-34.50,-52.56,0.00,0.00,-95.01,-62.30,1031501,SMA Buy,2.54,2.54hrs
06/11/2024 02:45:49,buy,0.10,EURCAD,1.50485,06/11/2024 06:42:23,1.49909,-0.54,0.00,-57.60,-41.96,0.00,0.00,-59.09,-81.50,1031501,SMA Buy,3.94,3.94hrs
06/11/2024 04:13:48,buy,0.15,EURCAD,1.50275,06/11/2024 06:42:23,1.49909,-0.81,0.00,-36.60,-40.29,0.00,0.00,-66.01,-60.50,1031501,SMA Buy,2.48,2.48hrs
06/11/2024 04:29:00,buy,0.23,EURUSD,1.07963,06/11/2024 06:42:22,1.07817,-1.24,0.00,-14.60,-34.82,0.00,0.00,-99.45,-42.20,1031501,SMA Buy,2.22,2.22hrs
06/11/2024 04:29:19,buy,0.23,EURCAD,1.50068,06/11/2024 06:42:22,1.49900,-1.24,0.00,-16.80,-29.03,0.00,0.00,-67.01,-39.80,1031501,SMA Buy,2.22,2.22hrs
06/11/2024 04:34:56,buy,0.34,EURUSD,1.07755,06/11/2024 06:42:22,1.07817,-1.83,0.00,6.20,19.25,19.25,6.20,-76.29,-21.40,1031501,SMA Buy,2.12,2.12hrs
06/11/2024 04:35:09,buy,0.34,EURCAD,1.49864,06/11/2024 06:42:21,1.49901,-1.83,0.00,3.70,7.22,7.22,3.70,-49.22,-19.40,1031501,SMA Buy,2.12,2.12hrs
06/11/2024 05:37:12,buy,0.51,EURCAD,1.49634,06/11/2024 06:42:21,1.49905,-2.74,0.00,27.10,96.65,96.65,27.10,0.00,0.00,1031501,SMA Buy,1.09,1.09hrs
06/11/2024 05:00:17,buy,0.51,EURUSD,1.07550,06/11/2024 06:42:21,1.07817,-2.74,0.00,26.70,133.43,133.43,26.70,-9.88,-0.90,1031501,SMA Buy,1.70,1.70hrs
06/11/2024 05:42:16,buy,0.77,EURCAD,1.49434,06/11/2024 06:42:20,1.49893,-4.13,0.00,45.90,250.05,250.05,45.90,0.00,0.00,1031501,SMA Buy,1.00,1.00hrs
06/11/2024 05:41:11,buy,0.77,EURUSD,1.07349,06/11/2024 06:42:20,1.07812,-4.13,0.00,46.30,352.38,352.38,46.30,0.00,0.00,1031501,SMA Buy,1.02,1.02hrs
01/11/2024 14:30:25,sell,0.03,AUDUSD,0.65834,06/11/2024 05:09:40,0.65471,-0.10,-0.03,36.30,10.76,10.76,36.30,-16.71,-55.30,2031501,SMA Sell,110.65,4.61days
04/11/2024 00:15:10,sell,0.03,AUDUSD,0.66049,06/11/2024 05:09:40,0.65470,-0.10,-0.02,57.90,17.25,17.25,57.90,-10.25,-33.80,2031501,SMA Sell,52.91,2.20days
05/11/2024 18:14:53,sell,0.05,AUDUSD,0.66404,06/11/2024 05:09:40,0.65469,-0.17,-0.01,93.50,46.57,46.57,93.50,0.00,0.00,2031501,SMA Sell,10.91,10.91hrs
01/11/2024 15:43:08,sell,0.03,GBPUSD,1.29760,06/11/2024 04:37:19,1.29330,-0.19,-0.21,43.00,12.50,16.97,57.20,-19.99,-65.30,2031501,SMA Sell,108.90,4.54days
05/11/2024 19:08:06,sell,0.07,GBPUSD,1.30220,06/11/2024 04:37:19,1.29330,-0.46,-0.11,89.00,61.73,64.18,93.50,-14.08,-19.30,2031501,SMA Sell,9.49,9.49hrs
01/11/2024 14:30:22,sell,0.05,GBPUSD,1.29563,06/11/2024 04:37:18,1.29325,-0.32,-0.36,23.80,11.22,18.43,37.50,-43.18,-85.00,2031501,SMA Sell,110.12,4.59days
05/11/2024 16:21:31,sell,0.05,GBPUSD,1.30018,06/11/2024 04:37:18,1.29330,-0.33,-0.08,68.80,33.99,35.74,73.30,-20.16,-39.50,2031501,SMA Sell,12.26,12.26hrs
01/11/2024 14:30:29,buy,0.02,EURUSD,1.08954,05/11/2024 22:44:43,1.09262,-0.11,-0.32,30.80,5.73,7.09,37.60,-12.53,-61.30,1031501,SMA Buy,104.24,4.34days
01/11/2024 19:40:02,buy,0.03,EURUSD,1.08387,05/11/2024 22:44:43,1.09262,-0.16,-0.48,87.50,25.61,27.65,94.30,-1.78,-4.60,1031501,SMA Buy,99.08,4.13days
30/10/2024 14:25:15,buy,0.02,USDCAD,1.39341,01/11/2024 14:30:27,1.39150,-0.10,0.15,-19.10,-2.70,0.60,3.90,-5.86,-40.20,1031501,SMA Buy,48.09,2.00days
30/10/2024 20:42:47,buy,0.03,USDCAD,1.38975,01/11/2024 14:30:27,1.39150,-0.15,0.22,17.50,3.84,8.77,40.50,-0.89,-3.60,1031501,SMA Buy,41.79,1.74days
31/10/2024 13:30:00,buy,0.02,GBPAUD,1.97809,01/11/2024 14:30:26,1.96826,-0.13,-0.03,-98.30,-13.10,0.00,0.00,-25.74,-194.80,1031501,SMA Buy,25.01,1.04days
31/10/2024 01:00:00,buy,0.02,EURUSD,1.08589,01/11/2024 14:30:26,1.08975,-0.11,-0.16,38.60,7.45,7.45,38.60,-2.47,-11.70,1031501,SMA Buy,37.51,1.56days
31/10/2024 15:55:21,buy,0.02,EURAUD,1.65829,01/11/2024 14:30:25,1.65506,-0.11,-0.15,-32.30,-4.52,0.71,6.30,-6.83,-49.90,1031501,SMA Buy,22.58,22.58hrs
31/10/2024 13:30:03,sell,0.02,AUDUSD,0.65632,01/11/2024 14:30:25,0.65842,-0.07,0.00,-21.00,-4.27,3.65,18.60,-4.27,-21.00,2031501,SMA Sell,25.01,1.04days
31/10/2024 16:14:22,buy,0.03,GBPAUD,1.96903,01/11/2024 14:30:25,1.96851,-0.19,-0.05,-5.20,-1.27,5.20,27.20,-20.75,-104.20,1031501,SMA Buy,22.27,22.27hrs
31/10/2024 17:05:58,buy,0.05,GBPAUD,1.96692,01/11/2024 14:30:24,1.96834,-0.32,-0.08,14.20,4.27,4.27,14.20,-27.66,-83.10,1031501,SMA Buy,21.41,21.41hrs
31/10/2024 17:11:21,buy,0.07,GBPAUD,1.96486,01/11/2024 14:30:24,1.96834,-0.45,-0.11,34.80,15.47,15.47,34.80,-29.27,-62.50,1031501,SMA Buy,21.32,21.32hrs
01/11/2024 03:00:00,sell,0.02,GBPUSD,1.28949,01/11/2024 14:30:23,1.29563,-0.13,0.00,-61.40,-12.41,0.99,5.60,-12.41,-61.40,2031501,SMA Sell,11.51,11.51hrs
31/10/2024 17:50:34,buy,0.10,GBPAUD,1.96286,01/11/2024 14:30:23,1.96840,-0.64,-0.16,55.40,35.66,35.66,55.40,-28.67,-42.50,1031501,SMA Buy,20.66,20.66hrs
31/10/2024 18:58:08,buy,0.15,GBPAUD,1.96086,01/11/2024 14:30:23,1.96836,-0.96,-0.25,75.00,72.83,72.83,75.00,-23.32,-22.50,1031501,SMA Buy,19.54,19.54hrs
01/11/2024 03:41:36,buy,0.02,EURCAD,1.51566,01/11/2024 14:30:22,1.51613,-0.11,0.00,4.70,0.57,0.57,4.70,-4.60,-31.20,1031501,SMA Buy,10.81,10.81hrs
01/11/2024 10:12:13,buy,0.03,EURCAD,1.51363,01/11/2024 14:30:22,1.51613,-0.16,0.00,25.00,5.23,5.23,25.00,-2.53,-10.90,1031501,SMA Buy,4.30,4.30hrs
01/11/2024 10:21:26,sell,0.03,GBPUSD,1.29152,01/11/2024 14:30:21,1.29579,-0.19,0.00,-42.70,-13.00,1.01,4.00,-13.00,-42.70,2031501,SMA Sell,4.15,4.15hrs
01/11/2024 14:30:03,sell,0.05,GBPUSD,1.29501,01/11/2024 14:30:21,1.29578,-0.32,0.00,-7.70,-4.17,0.00,0.00,-4.17,-7.70,2031501,SMA Sell,0.01,0.01hrs
01/11/2024 14:30:13,sell,0.03,AUDUSD,0.65793,01/11/2024 14:30:21,0.65804,-0.10,0.00,-1.10,-0.43,0.00,0.00,-0.43,-1.10,2031501,SMA Sell,0.00,0.00hrs
31/10/2024 16:04:18,buy,0.07,GBPCAD,1.79652,01/11/2024 14:30:21,1.80284,-0.45,0.05,63.20,31.39,31.39,63.20,-34.26,-67.50,1031501,SMA Buy,22.43,22.43hrs
31/10/2024 17:06:01,buy,0.23,GBPCAD,1.79010,01/11/2024 14:30:21,1.80263,-1.48,0.18,125.30,205.77,205.77,125.30,-6.44,-3.30,1031501,SMA Buy,21.41,21.41hrs
31/10/2024 16:05:24,buy,0.10,GBPCAD,1.79417,01/11/2024 14:30:20,1.80271,-0.64,0.08,85.40,60.79,60.79,85.40,-32.05,-44.00,1031501,SMA Buy,22.42,22.42hrs
31/10/2024 17:00:23,buy,0.15,GBPCAD,1.79217,01/11/2024 14:30:20,1.80234,-0.97,0.12,101.70,108.75,108.75,101.70,-26.52,-24.00,1031501,SMA Buy,21.50,21.50hrs
31/10/2024 15:53:20,buy,0.03,GBPCAD,1.80054,01/11/2024 14:30:19,1.80276,-0.19,0.02,22.20,4.61,4.61,22.20,-23.35,-107.70,1031501,SMA Buy,22.62,22.62hrs
31/10/2024 15:56:32,buy,0.05,GBPCAD,1.79853,01/11/2024 14:30:19,1.80279,-0.32,0.04,42.60,15.02,15.02,42.60,-31.69,-87.60,1031501,SMA Buy,22.56,22.56hrs
30/10/2024 16:00:00,buy,0.02,GBPCAD,1.80852,01/11/2024 14:30:18,1.80276,-0.13,0.07,-57.60,-8.33,0.00,0.00,-26.99,-187.50,1031501,SMA Buy,46.51,1.94days
30/10/2024 14:25:25,buy,0.02,EURCAD,1.50639,01/11/2024 03:41:33,1.51538,-0.11,-0.40,89.90,12.40,14.12,101.90,0.00,0.00,1031501,SMA Buy,37.27,1.55days
30/10/2024 17:00:00,buy,0.02,EURAUD,1.64911,31/10/2024 15:55:20,1.65814,-0.11,-0.44,90.30,11.28,11.28,90.30,0.00,0.00,1031501,SMA Buy,22.92,22.92hrs
23/10/2024 00:15:42,sell,0.02,EURCAD,1.49166,30/10/2024 14:25:24,1.50638,-0.11,-0.34,-147.20,-21.58,2.42,17.50,-23.32,-159.50,2031501,SMA Sell,182.16,7.59days
23/10/2024 19:30:00,sell,0.02,AUDCAD,0.91724,30/10/2024 14:25:24,0.91485,-0.07,-0.50,23.90,2.86,6.50,48.60,-4.78,-30.70,2031501,SMA Sell,162.92,6.79days
24/10/2024 06:27:51,sell,0.03,AUDCAD,0.91925,30/10/2024 14:25:24,0.91488,-0.10,-0.44,43.70,8.87,14.40,68.70,-2.48,-10.60,2031501,SMA Sell,151.96,6.33days
24/10/2024 19:08:01,sell,0.07,EURCAD,1.49768,30/10/2024 14:25:23,1.50639,-0.38,-0.65,-87.10,-44.78,0.00,0.00,-50.78,-99.30,2031501,SMA Sell,139.29,5.80days
24/10/2024 17:31:02,sell,0.05,EURCAD,1.49567,30/10/2024 14:25:23,1.50639,-0.27,-0.48,-107.20,-39.22,1.54,4.90,-43.51,-119.40,2031501,SMA Sell,140.91,5.87days
24/10/2024 16:30:40,sell,0.03,EURCAD,1.49367,30/10/2024 14:25:23,1.50638,-0.16,-0.28,-127.10,-27.80,0.00,0.00,-30.41,-139.40,2031501,SMA Sell,141.91,5.91days
25/10/2024 17:25:04,sell,0.15,EURCAD,1.50202,30/10/2024 14:25:21,1.50636,-0.81,-1.05,-43.40,-48.58,23.72,22.70,-61.69,-55.90,2031501,SMA Sell,117.00,4.88days
25/10/2024 11:17:12,sell,0.10,EURCAD,1.50000,30/10/2024 14:25:21,1.50639,-0.54,-0.72,-63.90,-47.11,6.90,9.90,-55.66,-76.10,2031501,SMA Sell,123.14,5.13days
23/10/2024 15:34:32,sell,0.02,EURUSD,1.07712,30/10/2024 14:25:21,1.08108,-0.11,0.46,-39.60,-7.57,0.31,2.20,-13.05,-65.30,2031501,SMA Sell,166.85,6.95days
24/10/2024 07:20:32,sell,0.03,EURUSD,1.07913,30/10/2024 14:25:20,1.08108,-0.16,0.44,-19.50,-5.57,0.53,2.30,-13.76,-45.20,2031501,SMA Sell,151.08,6.29days
23/10/2024 23:00:00,sell,0.02,GBPCAD,1.78924,30/10/2024 14:25:19,1.80484,-0.13,-1.33,-156.00,-23.85,3.19,26.80,-33.74,-224.00,2031501,SMA Sell,159.42,6.64days
24/10/2024 20:00:57,sell,0.05,EURUSD,1.08114,30/10/2024 14:25:19,1.08109,-0.27,0.76,0.50,0.74,8.11,16.00,-12.88,-25.10,2031501,SMA Sell,138.41,5.77days
25/10/2024 11:17:00,sell,0.07,EURUSD,1.08317,30/10/2024 14:25:19,1.08114,-0.38,0.78,20.30,14.61,25.29,36.30,-4.09,-4.80,2031501,SMA Sell,123.14,5.13days
25/10/2024 13:47:01,sell,0.07,GBPCAD,1.79829,30/10/2024 14:25:18,1.80485,-0.45,-2.01,-65.60,-35.41,1.32,3.00,-69.92,-133.50,2031501,SMA Sell,120.64,5.03days
24/10/2024 17:11:44,sell,0.05,GBPCAD,1.79629,30/10/2024 14:25:18,1.80485,-0.32,-1.92,-85.60,-32.95,1.12,4.90,-57.62,-153.50,2031501,SMA Sell,141.23,5.88days
24/10/2024 10:33:45,sell,0.03,GBPCAD,1.79129,30/10/2024 14:25:18,1.80484,-0.19,-1.16,-135.50,-30.52,0.53,3.40,-45.36,-203.50,2031501,SMA Sell,147.86,6.16days
25/10/2024 16:48:16,sell,0.10,GBPCAD,1.80030,30/10/2024 14:25:17,1.80485,-0.65,-2.85,-45.50,-36.16,0.00,0.00,-85.43,-113.40,2031501,SMA Sell,117.62,4.90days
28/10/2024 11:33:59,sell,0.15,GBPCAD,1.80234,30/10/2024 14:25:17,1.80485,-0.97,-2.86,-25.10,-30.85,8.18,10.20,-104.73,-93.00,2031501,SMA Sell,50.85,2.12days
28/10/2024 13:57:55,sell,0.23,GBPCAD,1.80443,30/10/2024 14:25:17,1.80485,-1.49,-4.38,-4.20,-12.80,47.14,31.10,-126.04,-72.10,2031501,SMA Sell,48.46,2.02days
23/10/2024 21:30:02,sell,0.02,GBPUSD,1.29181,30/10/2024 14:25:16,1.29529,-0.13,-0.44,-34.80,-7.53,0.87,6.20,-21.09,-102.30,2031501,SMA Sell,160.92,6.71days
24/10/2024 09:33:20,sell,0.03,GBPUSD,1.29383,30/10/2024 14:25:16,1.29529,-0.19,-0.32,-14.60,-4.89,0.00,0.00,-25.23,-82.10,2031501,SMA Sell,148.87,6.20days
24/10/2024 10:09:10,sell,0.05,GBPUSD,1.29592,30/10/2024 14:25:16,1.29529,-0.32,-0.52,6.30,2.31,2.31,6.30,-31.59,-61.20,2031501,SMA Sell,148.27,6.18days
29/10/2024 08:35:09,sell,0.02,AUDUSD,0.65703,30/10/2024 14:25:15,0.65658,-0.07,0.00,4.50,0.83,1.79,9.30,0.00,0.00,2031501,SMA Sell,29.84,1.24days
25/10/2024 11:20:24,sell,0.07,GBPUSD,1.29792,30/10/2024 14:25:15,1.29531,-0.45,-0.54,26.10,17.28,17.28,26.10,-30.04,-41.20,2031501,SMA Sell,123.08,5.13days
29/10/2024 16:00:05,sell,0.10,GBPUSD,1.29998,30/10/2024 14:25:15,1.29527,-0.65,-0.26,47.10,46.19,46.19,47.10,-21.81,-20.60,2031501,SMA Sell,22.42,22.42hrs
29/10/2024 17:49:22,buy,0.02,GBPAUD,1.98226,30/10/2024 14:25:14,1.97273,-0.13,-0.03,-95.30,-12.68,0.68,6.20,-12.68,-95.30,1031501,SMA Buy,20.60,20.60hrs
29/10/2024 16:34:52,sell,0.34,GBPCAD,1.80649,30/10/2024 14:25:14,1.80480,-2.21,-3.23,16.90,35.79,35.79,16.90,-132.75,-51.50,2031501,SMA Sell,21.84,21.84hrs
29/10/2024 19:02:20,sell,0.23,EURCAD,1.50404,30/10/2024 14:25:13,1.50641,-1.24,-0.54,-23.70,-40.90,0.00,0.00,-60.13,-35.70,2031501,SMA Sell,19.38,19.38hrs
29/10/2024 17:52:13,sell,0.51,GBPCAD,1.80850,30/10/2024 14:25:13,1.80478,-3.32,-4.85,37.20,127.99,127.99,37.20,-125.46,-31.40,2031501,SMA Sell,20.55,20.55hrs
29/10/2024 19:04:18,sell,0.77,GBPCAD,1.81053,30/10/2024 14:25:13,1.80478,-5.01,-7.32,57.50,305.42,305.42,57.50,-77.08,-11.10,2031501,SMA Sell,19.35,19.35hrs
30/10/2024 08:30:12,sell,0.34,EURCAD,1.50604,30/10/2024 14:25:12,1.50646,-1.84,0.00,-4.20,-12.08,0.00,0.00,-39.23,-15.70,2031501,SMA Sell,5.92,5.92hrs
30/10/2024 07:23:05,buy,0.02,EURAUD,1.65264,30/10/2024 14:25:12,1.64666,-0.11,0.00,-59.80,-7.97,0.00,0.00,-7.97,-59.80,1031501,SMA Buy,7.04,7.04hrs
29/10/2024 19:14:50,buy,0.02,USDCAD,1.39152,30/10/2024 14:25:12,1.39334,-0.10,0.03,18.20,2.54,2.54,18.20,-0.33,-1.70,1031501,SMA Buy,19.17,19.17hrs
30/10/2024 10:27:24,buy,0.03,GBPAUD,1.98006,30/10/2024 14:25:11,1.97274,-0.20,0.00,-73.20,-14.62,0.00,0.00,-14.62,-73.20,1031501,SMA Buy,3.96,3.96hrs
30/10/2024 10:15:22,sell,0.51,EURCAD,1.50804,30/10/2024 14:25:11,1.50640,-2.76,0.00,16.40,57.27,57.27,16.40,0.00,0.00,2031501,SMA Sell,4.16,4.16hrs
30/10/2024 10:10:49,sell,0.15,GBPUSD,1.30212,30/10/2024 14:25:11,1.29527,-0.98,0.00,68.50,101.77,101.77,68.50,-0.23,0.00,2031501,SMA Sell,4.24,4.24hrs
30/10/2024 11:12:43,buy,0.05,GBPAUD,1.97803,30/10/2024 14:25:10,1.97275,-0.33,0.00,-52.80,-17.66,0.00,0.00,-17.66,-52.80,1031501,SMA Buy,3.21,3.21hrs
30/10/2024 11:53:41,buy,0.07,GBPAUD,1.97602,30/10/2024 14:25:10,1.97275,-0.45,0.00,-32.70,-15.48,0.00,0.00,-15.48,-32.70,1031501,SMA Buy,2.52,2.52hrs
30/10/2024 11:01:29,sell,0.10,EURUSD,1.08519,30/10/2024 14:25:10,1.08110,-0.54,0.00,40.90,40.36,40.36,40.90,0.00,0.00,2031501,SMA Sell,3.39,3.39hrs
30/10/2024 12:17:27,buy,0.10,GBPAUD,1.97400,30/10/2024 14:25:09,1.97274,-0.65,0.00,-12.60,-8.92,0.00,0.00,-8.92,-12.60,1031501,SMA Buy,2.13,2.13hrs
28/10/2024 23:39:44,buy,0.02,EURAUD,1.64238,30/10/2024 07:23:04,1.65257,-0.11,-0.28,101.90,12.95,12.95,101.90,0.00,0.00,1031501,SMA Buy,31.72,1.32days
22/10/2024 06:31:33,buy,0.02,USDCAD,1.38309,29/10/2024 19:14:48,1.39147,-0.10,0.20,83.80,12.14,12.14,83.80,-2.48,-16.60,1031501,SMA Buy,180.72,7.53days
29/10/2024 03:13:38,buy,0.02,GBPAUD,1.97219,29/10/2024 17:49:20,1.98207,-0.13,0.00,98.80,12.82,12.82,98.80,0.00,0.00,1031501,SMA Buy,14.60,14.60hrs
24/10/2024 05:49:09,sell,0.03,AUDUSD,0.66464,29/10/2024 08:35:08,0.65711,-0.10,-0.03,75.30,22.46,23.90,79.90,-3.25,-10.50,2031501,SMA Sell,122.77,5.12days
23/10/2024 21:32:14,sell,0.02,AUDUSD,0.66239,29/10/2024 08:35:07,0.65711,-0.07,-0.07,52.80,10.42,11.38,57.40,-6.74,-33.00,2031501,SMA Sell,131.05,5.46days
25/10/2024 21:29:05,buy,0.02,GBPAUD,1.96286,29/10/2024 03:13:35,1.97189,-0.13,-0.06,90.30,11.68,11.68,90.30,-0.69,-4.00,1031501,SMA Buy,77.74,3.24days
24/10/2024 23:00:00,buy,0.02,EURAUD,1.63068,28/10/2024 23:39:26,1.64203,-0.11,-0.29,113.50,14.55,14.55,113.50,-1.85,-12.00,1031501,SMA Buy,96.66,4.03days
25/10/2024 00:15:39,buy,0.02,GBPAUD,1.95346,25/10/2024 21:29:03,1.96260,-0.13,0.00,91.40,11.94,13.40,103.10,0.00,0.00,1031501,SMA Buy,21.22,21.22hrs
22/10/2024 06:31:24,sell,0.03,AUDUSD,0.66802,23/10/2024 21:32:13,0.66246,-0.10,-0.03,55.60,16.55,17.27,58.10,-2.74,-8.80,2031501,SMA Sell,39.01,1.63days
22/10/2024 12:00:00,sell,0.02,GBPUSD,1.29885,23/10/2024 21:30:00,1.29185,-0.13,-0.08,70.00,13.79,14.35,72.70,-0.79,-3.60,2031501,SMA Sell,33.50,1.40days
22/10/2024 06:31:35,sell,0.02,EURUSD,1.08162,23/10/2024 15:34:31,1.07714,-0.11,0.05,44.80,8.90,9.94,49.90,-3.93,-19.10,2031501,SMA Sell,33.05,1.38days
22/10/2024 10:42:25,sell,0.03,EURUSD,1.08367,23/10/2024 15:34:31,1.07714,-0.16,0.07,65.30,19.50,21.06,70.40,0.00,0.00,2031501,SMA Sell,28.87,1.20days
22/10/2024 01:30:00,sell,0.02,AUDUSD,0.66575,22/10/2024 06:31:30,0.66807,-0.07,0.00,-23.20,-4.71,0.91,4.90,-4.71,-23.20,2031501,SMA Sell,5.03,5.03hrs
18/10/2024 06:30:00,sell,0.02,EURAUD,1.61599,22/10/2024 06:31:30,1.61920,-0.11,-0.03,-32.10,-4.43,1.92,15.00,-13.27,-99.10,2031501,SMA Sell,96.03,4.00days
18/10/2024 17:11:50,sell,0.03,EURAUD,1.61857,22/10/2024 06:31:29,1.61921,-0.16,-0.05,-6.40,-1.50,1.41,8.00,-14.76,-73.30,2031501,SMA Sell,85.33,3.56days
21/10/2024 08:35:49,sell,0.05,EURAUD,1.62164,22/10/2024 06:31:29,1.61920,-0.27,-0.02,24.40,7.87,7.87,24.40,-14.33,-42.60,2031501,SMA Sell,21.93,21.93hrs
21/10/2024 09:44:03,sell,0.07,EURAUD,1.62389,22/10/2024 06:31:29,1.61920,-0.38,-0.03,46.90,21.52,21.52,46.90,-9.58,-20.10,2031501,SMA Sell,20.79,20.79hrs
17/10/2024 16:00:00,sell,0.02,EURCAD,1.49407,22/10/2024 06:31:28,1.49601,-0.11,-0.08,-19.40,-3.00,3.33,23.70,-9.79,-66.40,2031501,SMA Sell,110.52,4.61days
18/10/2024 09:48:25,sell,0.03,EURCAD,1.49607,22/10/2024 06:31:28,1.49600,-0.16,-0.08,0.70,-0.09,1.88,9.40,-10.29,-46.40,2031501,SMA Sell,92.72,3.86days
21/10/2024 18:29:54,sell,0.10,EURAUD,1.62589,22/10/2024 06:31:28,1.61920,-0.54,-0.04,66.90,44.11,44.11,66.90,-0.38,-0.10,2031501,SMA Sell,12.03,12.03hrs
17/10/2024 16:00:03,sell,0.02,EURUSD,1.08425,22/10/2024 06:31:27,1.08164,-0.11,0.11,26.10,5.22,5.71,28.80,-5.25,-26.00,2031501,SMA Sell,110.52,4.61days
18/10/2024 15:57:33,sell,0.05,EURCAD,1.49808,22/10/2024 06:31:27,1.49600,-0.27,-0.13,20.80,7.12,7.12,20.80,-9.87,-26.30,2031501,SMA Sell,86.56,3.61days
21/10/2024 15:49:29,sell,0.07,EURCAD,1.50036,22/10/2024 06:31:27,1.49600,-0.38,-0.07,43.60,21.62,21.62,43.60,-1.85,-2.90,2031501,SMA Sell,14.70,14.70hrs
17/10/2024 17:00:00,sell,0.02,GBPCAD,1.79036,22/10/2024 06:31:26,1.79698,-0.13,-0.45,-66.20,-10.15,0.00,0.00,-17.22,-116.20,2031501,SMA Sell,109.52,4.56days
18/10/2024 08:40:20,sell,0.03,GBPCAD,1.79673,22/10/2024 06:31:26,1.79698,-0.20,-0.46,-2.50,-1.21,1.30,8.00,-11.77,-52.50,2031501,SMA Sell,93.85,3.91days
18/10/2024 16:03:13,sell,0.03,EURUSD,1.08626,22/10/2024 06:31:26,1.08164,-0.16,0.12,46.20,13.82,14.56,48.90,-1.88,-5.90,2031501,SMA Sell,86.47,3.60days
17/10/2024 17:00:03,sell,0.02,GBPUSD,1.29975,22/10/2024 06:31:25,1.29926,-0.13,-0.24,4.90,0.61,2.99,16.40,-11.95,-58.70,2031501,SMA Sell,109.52,4.56days
18/10/2024 09:01:33,sell,0.05,GBPCAD,1.79875,22/10/2024 06:31:25,1.79699,-0.33,-0.76,17.60,5.27,9.48,28.20,-12.30,-32.30,2031501,SMA Sell,93.50,3.90days
18/10/2024 09:07:36,sell,0.07,GBPCAD,1.80075,22/10/2024 06:31:25,1.79699,-0.46,-1.08,37.60,17.49,23.39,48.20,-7.08,-12.30,2031501,SMA Sell,93.40,3.89days
18/10/2024 03:04:38,sell,0.03,GBPUSD,1.30186,22/10/2024 06:31:24,1.29929,-0.20,-0.24,25.70,7.27,10.93,37.50,-11.48,-37.60,2031501,SMA Sell,99.45,4.14days
18/10/2024 09:00:14,sell,0.05,GBPUSD,1.30394,22/10/2024 06:31:24,1.29929,-0.33,-0.40,46.50,22.52,28.62,58.30,-8.73,-16.80,2031501,SMA Sell,93.52,3.90days
22/10/2024 06:24:25,sell,0.03,AUDUSD,0.66775,22/10/2024 06:31:23,0.66811,-0.10,0.00,-3.60,-1.18,0.00,0.00,-1.18,-3.60,2031501,SMA Sell,0.12,0.12hrs
18/10/2024 17:30:01,buy,0.02,USDCAD,1.38037,22/10/2024 06:31:23,1.38299,-0.10,0.02,26.20,3.71,6.41,45.00,-1.17,-7.40,1031501,SMA Buy,85.02,3.54days
18/10/2024 09:16:10,sell,0.07,GBPUSD,1.30594,22/10/2024 06:31:23,1.29930,-0.46,-0.58,66.40,45.44,54.06,78.30,0.00,0.00,2031501,SMA Sell,93.25,3.89days
16/10/2024 03:21:37,sell,0.02,AUDUSD,0.66784,17/10/2024 15:36:03,0.66854,-0.07,-0.07,-7.00,-1.54,3.39,17.30,-4.32,-20.90,2031501,SMA Sell,36.24,1.51days
17/10/2024 12:30:07,sell,0.02,AUDCAD,0.92103,17/10/2024 15:36:03,0.92174,-0.07,0.00,-7.10,-1.10,0.00,0.00,-2.78,-18.90,2031501,SMA Sell,3.10,3.10hrs
09/10/2024 08:00:39,buy,0.02,EURAUD,1.62600,17/10/2024 15:36:02,1.62102,-0.11,-1.30,-49.80,-8.06,7.48,62.40,-9.82,-67.90,1031501,SMA Buy,199.59,8.32days
17/10/2024 04:08:41,sell,0.03,AUDUSD,0.66984,17/10/2024 15:36:02,0.66858,-0.10,0.00,12.60,3.68,5.93,20.50,-0.37,-0.90,2031501,SMA Sell,11.46,11.46hrs
09/10/2024 08:01:46,buy,0.03,EURAUD,1.62374,17/10/2024 15:36:01,1.62091,-0.16,-1.94,-28.30,-7.78,15.77,85.00,-10.14,-45.30,1031501,SMA Buy,199.57,8.32days
11/10/2024 04:11:38,buy,0.05,EURAUD,1.62100,17/10/2024 15:36:01,1.62091,-0.27,-1.91,-0.90,-2.48,36.20,112.40,-6.32,-17.90,1031501,SMA Buy,155.41,6.48days
15/10/2024 09:12:19,buy,0.03,EURCAD,1.50335,17/10/2024 15:36:00,1.49408,-0.16,-0.69,-92.70,-21.02,5.75,27.20,-22.71,-102.60,1031501,SMA Buy,54.39,2.27days
11/10/2024 18:00:01,buy,0.02,EURCAD,1.50732,17/10/2024 15:36:00,1.49408,-0.11,-0.70,-132.40,-20.01,0.96,7.40,-21.16,-142.30,1031501,SMA Buy,141.60,5.90days
16/10/2024 09:03:18,buy,0.05,EURCAD,1.49936,17/10/2024 15:36:00,1.49410,-0.27,-0.87,-52.60,-20.21,8.87,26.20,-23.07,-62.70,1031501,SMA Buy,30.55,1.27days
16/10/2024 18:46:33,buy,0.07,EURCAD,1.49727,17/10/2024 15:35:59,1.49408,-0.38,-1.21,-31.90,-17.78,0.00,0.40,-21.66,-41.80,1031501,SMA Buy,20.82,20.82hrs
16/10/2024 21:14:20,buy,0.10,EURCAD,1.49407,17/10/2024 15:35:59,1.49406,-0.54,-1.73,-0.10,-2.34,18.56,28.70,-7.67,-9.80,1031501,SMA Buy,18.36,18.36hrs
15/10/2024 19:30:00,buy,0.02,GBPAUD,1.94995,17/10/2024 15:35:58,1.94317,-0.13,-0.13,-67.80,-9.33,9.14,69.70,-13.82,-101.30,1031501,SMA Buy,44.10,1.84days
16/10/2024 09:00:10,buy,0.03,GBPAUD,1.94640,17/10/2024 15:35:58,1.94317,-0.20,-0.15,-32.30,-6.83,10.43,53.10,-13.56,-65.80,1031501,SMA Buy,30.60,1.27days
17/10/2024 00:15:05,sell,0.02,EURUSD,1.08640,17/10/2024 15:35:58,1.08368,-0.11,0.00,27.20,5.33,5.33,27.20,-0.67,-2.90,2031501,SMA Sell,15.35,15.35hrs
16/10/2024 09:14:49,buy,0.05,GBPAUD,1.94439,17/10/2024 15:35:57,1.94317,-0.33,-0.25,-12.20,-4.65,24.10,73.20,-15.87,-45.70,1031501,SMA Buy,30.35,1.26days
16/10/2024 09:52:45,buy,0.07,GBPAUD,1.94238,17/10/2024 15:35:56,1.94302,-0.45,-0.35,6.40,2.20,43.14,93.30,-12.79,-25.60,1031501,SMA Buy,29.72,1.24days
17/10/2024 04:00:02,buy,0.10,GBPAUD,1.94035,17/10/2024 15:35:56,1.94315,-0.65,0.00,28.00,18.07,18.58,29.00,-4.20,-5.30,1031501,SMA Buy,11.60,11.60hrs
17/10/2024 05:03:40,buy,0.15,GBPAUD,1.93833,17/10/2024 15:35:56,1.94312,-0.97,0.00,47.90,47.06,48.11,49.20,0.00,0.00,1031501,SMA Buy,10.54,10.54hrs
15/10/2024 13:43:42,buy,0.02,GBPCAD,1.80690,17/10/2024 15:35:55,1.79119,-0.13,-0.09,-157.10,-23.01,0.00,0.00,-31.35,-214.30,1031501,SMA Buy,49.87,2.08days
16/10/2024 09:00:07,buy,0.05,GBPCAD,1.79577,17/10/2024 15:35:55,1.79119,-0.33,-0.18,-45.80,-17.11,0.00,0.00,-37.85,-103.00,1031501,SMA Buy,30.60,1.27days
16/10/2024 09:00:01,buy,0.03,GBPCAD,1.79824,17/10/2024 15:35:55,1.79119,-0.20,-0.11,-70.50,-15.64,0.00,0.00,-28.10,-127.70,1031501,SMA Buy,30.60,1.27days
16/10/2024 09:03:06,buy,0.07,GBPCAD,1.79377,17/10/2024 15:35:54,1.79119,-0.46,-0.25,-25.80,-13.80,9.65,19.90,-42.81,-83.00,1031501,SMA Buy,30.55,1.27days
16/10/2024 09:31:03,buy,0.10,GBPCAD,1.79177,17/10/2024 15:35:54,1.79128,-0.65,-0.36,-4.90,-4.56,28.31,39.90,-46.61,-63.00,1031501,SMA Buy,30.08,1.25days
16/10/2024 09:57:06,buy,0.15,GBPCAD,1.78972,17/10/2024 15:35:53,1.79126,-0.97,-0.53,15.40,15.25,64.78,60.40,-47.55,-42.50,1031501,SMA Buy,29.65,1.24days
16/10/2024 21:30:01,sell,0.02,GBPUSD,1.29902,17/10/2024 15:35:52,1.29937,-0.13,-0.24,-3.50,-1.07,2.29,13.10,-4.81,-22.20,2031501,SMA Sell,18.10,18.10hrs
16/10/2024 21:14:17,buy,0.23,GBPCAD,1.78758,17/10/2024 15:35:52,1.79131,-1.49,-0.82,37.30,59.91,79.83,49.30,-37.12,-21.10,1031501,SMA Buy,18.36,18.36hrs
15/10/2024 16:00:17,buy,0.02,USDCAD,1.38246,17/10/2024 15:35:51,1.37871,-0.10,0.02,-37.50,-5.52,0.00,0.00,-10.77,-73.40,1031501,SMA Buy,47.59,1.98days
17/10/2024 13:50:57,sell,0.03,GBPUSD,1.30102,17/10/2024 15:35:51,1.29931,-0.20,0.00,17.10,4.93,4.93,17.10,-0.86,-2.20,2031501,SMA Sell,1.75,1.75hrs
15/10/2024 19:13:39,buy,0.03,USDCAD,1.37960,17/10/2024 15:35:50,1.37871,-0.15,0.02,-8.90,-2.07,2.70,13.20,-9.91,-44.80,1031501,SMA Buy,44.37,1.85days
15/10/2024 23:48:04,buy,0.05,USDCAD,1.37760,17/10/2024 15:35:50,1.37871,-0.25,0.04,11.10,3.82,4.77,13.70,-9.25,-24.80,1031501,SMA Buy,39.80,1.66days
﻿16/10/2024 22:55:28,buy,0.07,USDCAD,1.37521,17/10/2024 15:35:50,1.37873,-0.35,0.02,35.20,17.54,17.54,35.20,-0.81,-0.90,1031501,SMA Buy,16.67,16.67hrs
17/10/2024 14:29:40,sell,0.03,AUDCAD,0.92303,17/10/2024 15:35:49,0.92196,-0.10,0.00,10.70,2.23,2.23,10.70,0.00,0.00,2031501,SMA Sell,1.10,1.10hrs
10/10/2024 07:00:18,sell,0.03,AUDCAD,0.92278,17/10/2024 03:30:02,0.91840,-0.10,-0.49,43.80,8.96,12.95,60.90,-16.65,-76.00,2031501,SMA Sell,164.50,6.85days
11/10/2024 04:11:22,sell,0.07,AUDCAD,0.92712,17/10/2024 03:30:02,0.91840,-0.24,-1.15,87.20,43.00,52.28,104.30,-16.81,-32.60,2031501,SMA Sell,143.31,5.97days
11/10/2024 17:48:42,sell,0.10,AUDCAD,0.92913,17/10/2024 03:30:02,0.91845,-0.34,-1.67,106.80,75.65,89.28,124.40,-9.42,-12.50,2031501,SMA Sell,129.69,5.40days
09/10/2024 08:00:55,sell,0.02,AUDCAD,0.92078,17/10/2024 03:30:01,0.91856,-0.07,-0.57,22.20,2.58,5.48,40.90,-14.23,-96.00,2031501,SMA Sell,187.49,7.81days
10/10/2024 15:32:11,sell,0.05,AUDCAD,0.92486,17/10/2024 03:30:01,0.91847,-0.17,-0.84,63.90,22.22,29.12,81.70,-20.21,-55.20,2031501,SMA Sell,155.96,6.50days
10/10/2024 20:20:32,sell,0.02,EURUSD,1.09101,17/10/2024 00:15:01,1.08659,-0.11,0.18,44.20,8.91,10.28,51.50,-8.01,-39.50,2031501,SMA Sell,147.91,6.16days
11/10/2024 09:58:42,sell,0.03,EURUSD,1.09404,17/10/2024 00:15:01,1.08648,-0.16,0.29,75.60,22.81,24.53,81.80,-2.92,-9.20,2031501,SMA Sell,134.27,5.59days
10/10/2024 20:18:21,sell,0.02,GBPUSD,1.30320,16/10/2024 09:18:36,1.30130,-0.13,-0.24,19.00,3.43,3.43,19.00,-10.73,-52.20,2031501,SMA Sell,133.00,5.54days
11/10/2024 10:57:07,sell,0.03,GBPUSD,1.30679,16/10/2024 09:18:36,1.30130,-0.20,-0.36,54.90,15.91,15.91,54.90,-5.33,-16.30,2031501,SMA Sell,118.36,4.93days
15/10/2024 13:23:14,sell,0.05,GBPUSD,1.30883,16/10/2024 09:18:36,1.30131,-0.33,-0.20,75.20,37.07,37.07,75.20,0.00,0.00,2031501,SMA Sell,19.92,19.92hrs
09/10/2024 08:00:52,sell,0.02,AUDUSD,0.67449,16/10/2024 03:21:33,0.66790,-0.07,-0.16,65.90,12.95,13.71,69.40,-2.93,-14.10,2031501,SMA Sell,163.34,6.81days
11/10/2024 15:33:32,buy,0.03,USDCAD,1.37285,15/10/2024 16:00:17,1.38239,-0.15,0.01,95.40,20.56,20.56,95.40,0.00,0.00,1031501,SMA Buy,96.45,4.02days
10/10/2024 15:30:31,buy,0.02,USDCAD,1.37483,15/10/2024 16:00:16,1.38239,-0.10,0.04,75.60,10.88,10.88,75.60,-1.64,-10.50,1031501,SMA Buy,120.50,5.02days
11/10/2024 15:30:03,buy,0.02,GBPCAD,1.79897,15/10/2024 13:43:37,1.80674,-0.13,-0.04,77.70,11.08,11.08,77.70,-3.96,-26.70,1031501,SMA Buy,94.23,3.93days
09/10/2024 08:01:49,buy,0.03,GBPAUD,1.93936,15/10/2024 11:23:09,1.94795,-0.20,-0.35,85.90,16.75,17.95,91.90,-10.22,-49.20,1031501,SMA Buy,147.36,6.14days
11/10/2024 06:02:25,buy,0.05,GBPAUD,1.93517,15/10/2024 11:23:09,1.94795,-0.33,-0.16,127.80,42.39,44.40,133.80,-2.46,-7.30,1031501,SMA Buy,101.35,4.22days
09/10/2024 08:00:47,buy,0.02,GBPAUD,1.94110,15/10/2024 11:23:08,1.94795,-0.13,-0.22,68.50,8.84,9.65,74.50,-9.16,-66.60,1031501,SMA Buy,147.37,6.14days
09/10/2024 23:30:00,buy,0.02,GBPCAD,1.79157,11/10/2024 15:30:01,1.79882,-0.13,-0.11,72.50,10.30,11.27,79.20,-0.98,-5.90,1031501,SMA Buy,40.00,1.67days
09/10/2024 09:00:01,buy,0.02,EURCAD,1.49829,11/10/2024 15:30:00,1.50634,-0.11,-0.46,80.50,11.13,11.51,83.10,-0.93,-5.60,1031501,SMA Buy,54.50,2.27days
09/10/2024 08:00:50,sell,0.02,EURUSD,1.09677,10/10/2024 20:20:31,1.09105,-0.11,0.12,57.20,11.45,11.45,57.20,-0.99,-3.90,2031501,SMA Sell,36.33,1.51days
09/10/2024 08:00:42,sell,0.02,GBPUSD,1.30893,10/10/2024 20:18:19,1.30325,-0.13,-0.32,56.80,10.91,10.91,56.80,-0.89,-3.80,2031501,SMA Sell,36.29,1.51days
09/10/2024 08:00:44,buy,0.02,USDCAD,1.36553,10/10/2024 15:30:28,1.37439,-0.10,0.01,88.60,12.80,13.97,96.70,-0.42,-2.00,1031501,SMA Buy,31.50,1.31days
04/10/2024 15:35:08,sell,0.02,AUDCAD,0.92286,09/10/2024 08:00:48,0.92104,-0.07,-0.10,18.20,2.49,8.32,57.20,0.00,0.00,2031501,SMA Sell,112.43,4.68days
07/10/2024 11:26:15,sell,0.03,EURCAD,1.49161,09/10/2024 08:00:47,1.49758,-0.16,-0.10,-59.70,-13.37,0.00,0.00,-18.13,-81.90,2031501,SMA Sell,44.58,1.86days
04/10/2024 16:30:00,sell,0.02,EURCAD,1.48961,09/10/2024 08:00:47,1.49758,-0.11,-0.09,-79.70,-11.87,0.00,0.00,-15.05,-101.90,2031501,SMA Sell,111.51,4.65days
08/10/2024 06:00:00,sell,0.02,AUDUSD,0.67324,09/10/2024 08:00:47,0.67447,-0.07,-0.02,-12.30,-2.55,2.05,9.70,-3.07,-15.00,2031501,SMA Sell,26.01,1.08days
07/10/2024 17:01:37,sell,0.05,EURCAD,1.49361,09/10/2024 08:00:46,1.49759,-0.27,-0.16,-39.80,-15.00,0.00,0.00,-22.89,-61.90,2031501,SMA Sell,38.99,1.62days
08/10/2024 05:15:23,sell,0.07,EURCAD,1.49589,09/10/2024 08:00:46,1.49761,-0.38,-0.12,-17.20,-9.31,0.00,0.00,-20.26,-39.10,2031501,SMA Sell,26.76,1.11days
04/10/2024 16:00:06,sell,0.02,EURUSD,1.09615,09/10/2024 08:00:46,1.09669,-0.11,0.09,-5.40,-1.10,0.00,0.00,-6.23,-30.90,2031501,SMA Sell,112.01,4.67days
04/10/2024 10:56:18,sell,0.03,GBPAUD,1.92267,09/10/2024 08:00:45,1.94081,-0.20,-0.40,-181.40,-37.30,0.00,0.00,-51.99,-256.60,2031501,SMA Sell,117.07,4.88days
04/10/2024 18:26:34,sell,0.03,GBPAUD,1.92924,09/10/2024 08:00:45,1.94081,-0.20,-0.40,-115.70,-24.02,0.00,0.00,-38.74,-190.90,2031501,SMA Sell,109.57,4.57days
07/10/2024 15:06:14,sell,0.03,EURUSD,1.09816,09/10/2024 08:00:45,1.09670,-0.16,0.08,14.60,4.30,5.70,19.70,-3.36,-10.80,2031501,SMA Sell,40.91,1.70days
07/10/2024 18:55:47,sell,0.10,GBPAUD,1.93521,09/10/2024 08:00:44,1.94086,-0.65,-1.36,-56.50,-40.12,0.00,0.00,-88.99,-131.20,2031501,SMA Sell,37.08,1.55days
07/10/2024 17:40:24,sell,0.07,GBPAUD,1.93320,09/10/2024 08:00:44,1.94086,-0.46,-0.96,-76.60,-37.59,0.00,0.00,-71.76,-151.30,2031501,SMA Sell,38.34,1.60days
07/10/2024 17:25:49,sell,0.05,GBPAUD,1.93119,09/10/2024 08:00:44,1.94077,-0.33,-0.68,-95.80,-33.32,0.00,0.00,-58.01,-171.40,2031501,SMA Sell,38.58,1.61days
08/10/2024 04:44:38,sell,0.15,GBPAUD,1.93872,09/10/2024 08:00:43,1.94063,-0.98,-1.02,-19.10,-21.33,0.00,0.00,-97.08,-96.10,2031501,SMA Sell,27.27,1.14days
08/10/2024 05:07:24,sell,0.23,GBPAUD,1.94073,09/10/2024 08:00:43,1.94074,-1.51,-1.57,-0.10,-3.24,0.00,0.00,-117.78,-76.00,2031501,SMA Sell,26.89,1.12days
08/10/2024 05:12:13,sell,0.34,GBPAUD,1.94275,09/10/2024 08:00:43,1.94081,-2.23,-2.31,19.40,39.96,39.96,19.40,-127.94,-55.80,2031501,SMA Sell,26.81,1.12days
08/10/2024 05:28:13,sell,0.51,GBPAUD,1.94475,09/10/2024 08:00:42,1.94081,-3.34,-3.47,39.40,128.75,128.75,39.40,-123.33,-35.80,2031501,SMA Sell,26.54,1.11days
08/10/2024 05:33:00,sell,0.77,GBPAUD,1.94696,09/10/2024 08:00:42,1.94035,-5.04,-5.24,66.10,333.11,333.11,66.10,-71.81,-13.70,2031501,SMA Sell,26.46,1.10days
04/10/2024 16:00:03,sell,0.02,GBPCAD,1.77622,09/10/2024 08:00:41,1.78752,-0.13,-0.45,-113.00,-17.13,0.00,0.00,-20.10,-134.50,2031501,SMA Sell,112.01,4.67days
08/10/2024 04:14:19,sell,0.03,GBPCAD,1.78386,09/10/2024 08:00:41,1.78749,-0.20,-0.23,-36.30,-8.40,2.26,11.20,-12.93,-58.10,2031501,SMA Sell,27.77,1.16days
04/10/2024 15:35:13,buy,0.23,GBPUSD,1.31011,09/10/2024 08:00:40,1.30893,-1.51,-1.38,-11.80,-30.03,11.14,6.10,-76.26,-33.00,1031501,SMA Buy,112.42,4.68days
08/10/2024 10:41:02,sell,0.05,GBPCAD,1.78586,09/10/2024 08:00:39,1.78751,-0.33,-0.38,-16.50,-6.75,0.00,0.00,-14.23,-38.10,2031501,SMA Sell,21.33,21.33hrs
08/10/2024 09:44:44,sell,0.10,EURCAD,1.49789,09/10/2024 08:00:39,1.49761,-0.55,-0.17,2.80,1.33,1.36,2.80,-14.31,-19.10,2031501,SMA Sell,22.27,22.27hrs
04/10/2024 15:58:20,buy,0.03,GBPUSD,1.30804,09/10/2024 08:00:39,1.30897,-0.20,-0.18,9.30,2.41,7.66,26.80,-3.74,-12.30,1031501,SMA Buy,112.04,4.67days
08/10/2024 12:30:42,buy,0.02,EURAUD,1.63377,09/10/2024 08:00:38,1.62586,-0.11,-0.13,-79.10,-10.91,0.00,0.00,-10.91,-79.10,1031501,SMA Buy,19.50,19.50hrs
08/10/2024 14:38:10,buy,0.03,EURAUD,1.62929,09/10/2024 08:00:38,1.62566,-0.16,-0.20,-36.30,-7.71,3.70,19.10,-7.71,-36.30,1031501,SMA Buy,17.37,17.37hrs
08/10/2024 11:15:01,sell,0.15,EURCAD,1.49989,09/10/2024 08:00:38,1.49757,-0.82,-0.25,23.20,24.42,24.42,23.20,0.00,0.00,2031501,SMA Sell,20.76,20.76hrs
08/10/2024 19:16:59,buy,0.02,USDCAD,1.36609,09/10/2024 08:00:37,1.36553,-0.10,0.01,-5.60,-0.91,0.16,2.10,-2.49,-16.00,1031501,SMA Buy,12.73,12.73hrs
08/10/2024 15:19:57,sell,0.07,GBPCAD,1.78874,09/10/2024 08:00:37,1.78755,-0.46,-0.53,11.90,5.11,6.16,12.90,-5.17,-9.30,2031501,SMA Sell,16.68,16.68hrs
04/10/2024 16:00:00,buy,0.02,USDCAD,1.35816,08/10/2024 19:16:55,1.36604,-0.10,0.02,78.80,11.46,13.43,92.90,0.00,0.00,1031501,SMA Buy,99.28,4.14days
07/10/2024 20:00:00,buy,0.02,EURAUD,1.62456,08/10/2024 12:30:41,1.63370,-0.11,-0.13,91.40,12.06,14.00,105.90,0.00,0.00,1031501,SMA Buy,16.51,16.51hrs
04/10/2024 15:35:16,sell,0.02,AUDUSD,0.67994,08/10/2024 05:36:39,0.67270,-0.07,-0.02,72.40,14.39,14.39,72.40,0.00,0.00,2031501,SMA Sell,86.02,3.58days
03/10/2024 08:05:59,buy,0.23,GBPUSD,1.32309,04/10/2024 15:35:23,1.31044,-1.52,-0.46,-126.50,-292.93,0.00,0.00,-292.93,-126.50,1031501,SMA Buy,31.49,1.31days
03/10/2024 08:06:05,buy,0.15,GBPCAD,1.78921,04/10/2024 15:35:22,1.77910,-0.99,-0.22,-101.10,-112.89,0.00,0.00,-112.89,-101.10,1031501,SMA Buy,31.49,1.31days
03/10/2024 08:08:31,buy,0.03,GBPCAD,1.78713,04/10/2024 15:35:22,1.77910,-0.20,-0.04,-80.30,-17.98,0.00,0.00,-17.98,-80.30,1031501,SMA Buy,31.45,1.31days
03/10/2024 08:06:12,sell,0.02,EURUSD,1.10312,04/10/2024 15:35:22,1.09750,-0.11,0.03,56.20,11.16,11.16,56.20,0.00,0.00,2031501,SMA Sell,31.49,1.31days
03/10/2024 08:08:43,buy,0.03,GBPUSD,1.32107,04/10/2024 15:35:21,1.31035,-0.20,-0.06,-107.20,-32.42,0.00,0.00,-32.42,-107.20,1031501,SMA Buy,31.44,1.31days
03/10/2024 08:20:01,buy,0.05,GBPCAD,1.78509,04/10/2024 15:35:21,1.77902,-0.33,-0.07,-60.70,-22.75,0.00,0.00,-22.75,-60.70,1031501,SMA Buy,31.26,1.30days
03/10/2024 08:21:05,buy,0.05,GBPUSD,1.31906,04/10/2024 15:35:20,1.31038,-0.33,-0.10,-86.80,-43.83,0.00,0.00,-43.83,-86.80,1031501,SMA Buy,31.24,1.30days
03/10/2024 08:37:02,buy,0.07,GBPUSD,1.31700,04/10/2024 15:35:19,1.31036,-0.46,-0.14,-66.40,-47.08,0.00,0.00,-47.08,-66.40,1031501,SMA Buy,30.97,1.29days
03/10/2024 08:29:37,buy,0.07,GBPCAD,1.78307,04/10/2024 15:35:19,1.77899,-0.46,-0.10,-40.80,-21.59,0.00,0.00,-21.59,-40.80,1031501,SMA Buy,31.09,1.30days
03/10/2024 09:00:00,sell,0.02,GBPAUD,1.92060,04/10/2024 15:35:18,1.92733,-0.13,-0.14,-67.30,-9.42,0.00,0.00,-9.42,-67.30,2031501,SMA Sell,30.59,1.27days
03/10/2024 09:00:03,sell,0.02,EURCAD,1.49114,04/10/2024 15:35:18,1.49013,-0.11,-0.03,10.10,1.35,1.35,10.10,0.00,0.00,2031501,SMA Sell,30.59,1.27days
03/10/2024 09:25:45,buy,0.10,GBPCAD,1.78106,04/10/2024 15:35:17,1.77898,-0.66,-0.14,-20.80,-16.12,0.00,0.00,-16.12,-20.80,1031501,SMA Buy,30.16,1.26days
03/10/2024 10:00:01,buy,0.15,GBPCAD,1.77905,04/10/2024 15:35:17,1.77895,-0.99,-0.22,-1.00,-2.31,0.00,0.00,-2.31,-1.00,1031501,SMA Buy,29.59,1.23days
03/10/2024 10:46:44,buy,0.10,GBPUSD,1.31488,04/10/2024 15:35:16,1.31027,-0.66,-0.20,-46.10,-46.96,0.00,0.00,-46.96,-46.10,1031501,SMA Buy,28.81,1.20days
03/10/2024 11:15:46,buy,0.15,GBPUSD,1.31288,04/10/2024 15:35:15,1.31023,-0.98,-0.30,-26.50,-41.03,0.00,0.00,-41.03,-26.50,1031501,SMA Buy,28.32,1.18days
03/10/2024 11:15:41,buy,0.23,GBPCAD,1.77582,04/10/2024 15:35:15,1.77884,-1.51,-0.33,30.20,49.32,49.32,30.20,0.00,0.00,1031501,SMA Buy,28.33,1.18days
03/10/2024 11:22:29,sell,0.03,EURCAD,1.49314,04/10/2024 15:35:14,1.49016,-0.17,-0.05,29.80,6.37,6.37,29.80,0.00,0.00,2031501,SMA Sell,28.21,1.18days
03/10/2024 11:46:48,buy,0.34,GBPCAD,1.77366,04/10/2024 15:35:13,1.77866,-2.23,-0.49,50.00,122.48,122.48,50.00,0.00,0.00,1031501,SMA Buy,27.81,1.16days
03/10/2024 11:50:34,buy,0.23,GBPUSD,1.31081,04/10/2024 15:35:12,1.31000,-1.51,-0.46,-8.10,-20.60,0.00,0.00,-20.60,-8.10,1031501,SMA Buy,27.74,1.16days
03/10/2024 19:00:00,sell,0.02,AUDUSD,0.68420,04/10/2024 15:35:08,0.67975,-0.07,-0.02,44.50,8.81,8.81,44.50,0.00,0.00,2031501,SMA Sell,20.59,20.59hrs
03/10/2024 22:30:01,sell,0.02,AUDCAD,0.92742,04/10/2024 15:35:05,0.92293,-0.07,-0.06,44.90,6.48,6.48,44.90,0.00,0.00,2031501,SMA Sell,17.08,17.08hrs
04/10/2024 02:30:04,buy,0.02,USDCAD,1.35516,04/10/2024 15:35:01,1.35788,-0.10,0.00,27.20,3.91,3.91,27.20,0.00,0.00,1031501,SMA Buy,13.08,13.08hrs
04/10/2024 09:32:11,sell,0.05,EURCAD,1.49561,04/10/2024 15:34:54,1.49049,-0.28,0.00,51.20,18.57,18.57,51.20,0.00,0.00,2031501,SMA Sell,6.05,6.05hrs
04/10/2024 12:33:21,sell,0.05,GBPAUD,1.92467,04/10/2024 15:30:05,1.92400,-0.33,0.00,6.70,1.96,1.96,6.70,0.00,0.00,2031501,SMA Sell,2.95,2.95hrs
01/10/2024 13:35:54,buy,0.03,AUDCAD,0.93347,03/10/2024 08:06:16,0.92749,-0.10,-0.30,-59.80,-13.66,0.00,0.00,-13.66,-59.80,1031501,SMA Buy,42.51,1.77days
30/09/2024 09:12:38,buy,0.02,AUDCAD,0.93575,03/10/2024 08:06:16,0.92751,-0.07,-0.23,-82.40,-12.48,0.00,0.00,-12.48,-82.40,1031501,SMA Buy,70.89,2.95days
01/10/2024 16:35:25,buy,0.05,AUDCAD,0.93147,03/10/2024 08:06:15,0.92749,-0.17,-0.49,-39.80,-15.37,0.00,0.00,-15.37,-39.80,1031501,SMA Buy,39.51,1.65days
01/10/2024 16:39:34,buy,0.07,AUDCAD,0.92935,03/10/2024 08:06:15,0.92749,-0.24,-0.69,-18.60,-10.56,0.00,0.00,-10.56,-18.60,1031501,SMA Buy,39.44,1.64days
01/10/2024 19:45:57,buy,0.10,AUDCAD,0.92725,03/10/2024 08:06:15,0.92749,-0.34,-0.98,2.40,0.46,0.46,2.40,0.00,0.00,1031501,SMA Buy,36.34,1.51days
27/09/2024 10:38:37,buy,0.02,AUDUSD,0.68787,03/10/2024 08:06:14,0.68575,-0.07,-0.44,-21.20,-4.75,0.00,0.00,-4.75,-21.20,1031501,SMA Buy,141.46,5.89days
30/09/2024 17:50:25,sell,0.02,EURAUD,1.60835,03/10/2024 08:06:14,1.60864,-0.11,-0.14,-2.90,-0.65,0.00,0.00,-0.65,-2.90,2031501,SMA Sell,62.26,2.59days
01/10/2024 20:22:12,buy,0.03,AUDUSD,0.68587,03/10/2024 08:06:14,0.68575,-0.10,-0.47,-1.20,-0.93,0.00,0.00,-0.93,-1.20,1031501,SMA Buy,35.73,1.49days
30/09/2024 15:00:00,buy,0.02,EURCAD,1.51394,03/10/2024 08:06:13,1.49199,-0.11,-0.60,-219.50,-33.16,0.00,0.00,-33.16,-219.50,1031501,SMA Buy,65.10,2.71days
01/10/2024 09:09:12,buy,0.03,EURCAD,1.50563,03/10/2024 08:06:13,1.49199,-0.17,-0.72,-136.40,-31.14,0.00,0.00,-31.14,-136.40,1031501,SMA Buy,46.95,1.96days
01/10/2024 20:23:06,sell,0.03,EURAUD,1.61107,03/10/2024 08:06:13,1.60864,-0.17,-0.19,24.30,4.64,4.64,24.30,0.00,0.00,2031501,SMA Sell,35.72,1.49days
01/10/2024 13:49:17,buy,0.10,EURCAD,1.49957,03/10/2024 08:06:12,1.49194,-0.55,-2.40,-76.30,-59.36,0.00,0.00,-59.36,-76.30,1031501,SMA Buy,42.28,1.76days
01/10/2024 12:52:37,buy,0.07,EURCAD,1.50158,03/10/2024 08:06:12,1.49196,-0.39,-1.68,-96.20,-51.85,0.00,0.00,-51.85,-96.20,1031501,SMA Buy,43.23,1.80days
01/10/2024 10:08:12,buy,0.05,EURCAD,1.50361,03/10/2024 08:06:12,1.49196,-0.28,-1.20,-116.50,-44.54,0.00,0.00,-44.54,-116.50,1031501,SMA Buy,45.97,1.92days
01/10/2024 15:20:53,buy,0.15,EURCAD,1.49757,03/10/2024 08:06:11,1.49194,-0.83,-3.61,-56.30,-66.87,0.00,0.00,-66.87,-56.30,1031501,SMA Buy,40.76,1.70days
01/10/2024 17:00:02,buy,0.23,EURCAD,1.49498,03/10/2024 08:06:11,1.49194,-1.27,-5.53,-30.40,-58.50,0.00,0.00,-58.50,-30.40,1031501,SMA Buy,39.10,1.63days
02/10/2024 03:52:21,buy,0.34,EURCAD,1.49241,03/10/2024 08:06:11,1.49193,-1.88,-6.13,-4.80,-20.07,0.00,0.00,-20.07,-4.80,1031501,SMA Buy,28.23,1.18days
27/09/2024 10:38:29,buy,0.05,GBPAUD,1.94248,03/10/2024 08:06:10,1.92806,-0.33,-0.69,-144.20,-50.46,0.00,0.00,-50.46,-144.20,1031501,SMA Buy,141.46,5.89days
27/09/2024 15:30:29,buy,0.03,GBPAUD,1.93926,03/10/2024 08:06:10,1.92806,-0.20,-0.41,-112.00,-23.65,0.00,0.00,-23.65,-112.00,1031501,SMA Buy,136.59,5.69days
01/10/2024 19:00:00,sell,0.02,EURUSD,1.10662,03/10/2024 08:06:10,1.10303,-0.11,0.10,35.90,7.17,7.17,35.90,0.00,0.00,2031501,SMA Sell,37.10,1.55days
27/09/2024 17:06:34,buy,0.07,GBPAUD,1.93525,03/10/2024 08:06:09,1.92793,-0.47,-0.96,-73.20,-36.56,0.00,0.00,-36.56,-73.20,1031501,SMA Buy,134.99,5.62days
27/09/2024 15:51:24,buy,0.05,GBPAUD,1.93726,03/10/2024 08:06:09,1.92808,-0.34,-0.69,-91.80,-32.50,0.00,0.00,-32.50,-91.80,1031501,SMA Buy,136.25,5.68days
27/09/2024 17:18:35,buy,0.10,GBPAUD,1.93325,03/10/2024 08:06:08,1.92799,-0.67,-1.35,-52.60,-38.09,0.00,0.00,-38.09,-52.60,1031501,SMA Buy,134.79,5.62days
30/09/2024 04:32:48,buy,0.15,GBPAUD,1.93122,03/10/2024 08:06:08,1.92816,-1.00,-1.75,-30.60,-34.22,0.00,0.00,-34.22,-30.60,1031501,SMA Buy,75.56,3.15days
30/09/2024 10:28:53,buy,0.23,GBPAUD,1.92895,03/10/2024 08:06:07,1.92811,-1.54,-2.69,-8.40,-17.48,0.00,0.00,-17.48,-8.40,1031501,SMA Buy,69.62,2.90days
02/10/2024 04:53:09,buy,0.34,GBPAUD,1.92570,03/10/2024 08:06:07,1.92811,-2.26,-2.65,24.10,51.28,51.28,24.10,0.00,0.00,1031501,SMA Buy,27.22,1.13days
02/10/2024 05:51:30,buy,0.51,GBPAUD,1.92367,03/10/2024 08:06:07,1.92805,-3.39,-3.98,43.80,145.81,145.81,43.80,0.00,0.00,1031501,SMA Buy,26.24,1.09days
01/10/2024 10:30:59,buy,0.05,GBPCAD,1.80526,03/10/2024 08:06:06,1.78883,-0.33,-0.29,-164.30,-61.35,0.00,0.00,-61.35,-164.30,1031501,SMA Buy,45.59,1.90days
01/10/2024 09:14:23,buy,0.03,GBPCAD,1.80733,03/10/2024 08:06:06,1.78883,-0.20,-0.17,-185.00,-41.39,0.00,0.00,-41.39,-185.00,1031501,SMA Buy,46.86,1.95days
27/09/2024 20:30:01,buy,0.02,GBPCAD,1.80933,03/10/2024 08:06:06,1.78868,-0.13,-0.18,-206.50,-30.84,0.00,0.00,-30.84,-206.50,1031501,SMA Buy,131.60,5.48days
01/10/2024 13:06:38,buy,0.07,GBPCAD,1.80236,03/10/2024 08:06:05,1.78903,-0.47,-0.40,-133.30,-69.84,0.00,0.00,-69.84,-133.30,1031501,SMA Buy,42.99,1.79days
01/10/2024 16:39:31,buy,0.10,GBPCAD,1.79743,03/10/2024 08:06:05,1.78917,-0.66,-0.57,-82.60,-62.29,0.00,0.00,-62.29,-82.60,1031501,SMA Buy,39.44,1.64days
01/10/2024 18:04:52,buy,0.23,GBPCAD,1.79328,03/10/2024 08:06:04,1.78930,-1.53,-1.33,-39.80,-70.53,0.00,0.00,-70.53,-39.80,1031501,SMA Buy,38.02,1.58days
01/10/2024 17:26:21,buy,0.15,GBPCAD,1.79536,03/10/2024 08:06:04,1.78930,-1.00,-0.87,-60.60,-69.06,0.00,0.00,-69.06,-60.60,1031501,SMA Buy,38.66,1.61days
01/10/2024 18:33:48,buy,0.34,GBPCAD,1.79127,03/10/2024 08:06:04,1.78928,-2.26,-1.96,-19.90,-54.23,0.00,0.00,-54.23,-19.90,1031501,SMA Buy,37.54,1.56days
30/09/2024 17:26:10,buy,0.03,GBPUSD,1.33707,03/10/2024 08:06:03,1.32270,-0.20,-0.34,-143.70,-43.65,0.00,0.00,-43.65,-143.70,1031501,SMA Buy,62.66,2.61days
27/09/2024 14:30:02,buy,0.02,GBPUSD,1.33907,03/10/2024 08:06:03,1.32270,-0.13,-0.27,-163.70,-33.14,0.00,0.00,-33.14,-163.70,1031501,SMA Buy,137.60,5.73days
01/10/2024 19:49:04,buy,0.51,GBPCAD,1.78893,03/10/2024 08:06:03,1.78928,-3.38,-2.95,3.50,6.86,6.86,3.50,0.00,0.00,1031501,SMA Buy,36.28,1.51days
01/10/2024 11:04:49,buy,0.07,GBPUSD,1.33302,03/10/2024 08:06:02,1.32290,-0.47,-0.60,-101.20,-71.91,0.00,0.00,-71.91,-101.20,1031501,SMA Buy,45.02,1.88days
30/09/2024 21:27:02,buy,0.05,GBPUSD,1.33507,03/10/2024 08:06:02,1.32269,-0.33,-0.56,-123.80,-62.79,0.00,0.00,-62.79,-123.80,1031501,SMA Buy,58.65,2.44days
01/10/2024 18:05:29,buy,0.10,GBPUSD,1.32765,03/10/2024 08:06:01,1.32290,-0.66,-0.84,-47.50,-49.00,0.00,0.00,-49.00,-47.50,1031501,SMA Buy,38.01,1.58days
01/10/2024 19:43:27,buy,0.15,GBPUSD,1.32566,03/10/2024 08:06:01,1.32292,-0.99,-1.27,-27.40,-43.36,0.00,0.00,-43.36,-27.40,1031501,SMA Buy,36.38,1.52days
01/10/2024 04:00:01,buy,0.02,USDCAD,1.35304,03/10/2024 08:06:01,1.35253,-0.10,0.02,-5.10,-0.83,0.00,0.00,-0.83,-5.10,1031501,SMA Buy,52.10,2.17days
01/10/2024 16:54:49,buy,0.03,USDCAD,1.35104,03/10/2024 08:06:00,1.35252,-0.15,0.03,14.80,3.16,3.16,14.80,0.00,0.00,1031501,SMA Buy,39.19,1.63days
01/10/2024 17:37:10,buy,0.05,USDCAD,1.34903,03/10/2024 08:06:00,1.35253,-0.25,0.04,35.00,12.73,12.73,35.00,0.00,0.00,1031501,SMA Buy,38.48,1.60days
02/10/2024 16:37:52,buy,0.51,EURCAD,1.49040,03/10/2024 08:05:59,1.49182,-2.82,-9.20,14.20,41.53,41.53,14.20,0.00,0.00,1031501,SMA Buy,15.47,15.47hrs
02/10/2024 17:36:29,buy,0.77,GBPCAD,1.78689,03/10/2024 08:05:59,1.78936,-5.10,-3.34,24.70,132.18,132.18,24.70,0.00,0.00,1031501,SMA Buy,14.49,14.49hrs
02/10/2024 06:12:23,buy,0.77,GBPAUD,1.92166,03/10/2024 08:05:59,1.92878,-5.12,-6.01,71.20,364.91,364.91,71.20,0.00,0.00,1031501,SMA Buy,25.89,1.08days
03/10/2024 08:05:48,buy,0.23,GBPUSD,1.32363,03/10/2024 08:05:58,1.32313,-1.52,0.00,-5.00,-13.02,0.00,0.00,-13.02,-5.00,1031501,SMA Buy,0.00,0.00hrs
02/10/2024 17:51:20,buy,0.77,EURCAD,1.48840,03/10/2024 08:05:58,1.49183,-4.25,-13.89,34.30,177.13,177.13,34.30,0.00,0.00,1031501,SMA Buy,14.24,14.24hrs
27/09/2024 10:38:34,sell,0.02,EURAUD,1.61753,30/09/2024 17:50:24,1.60836,-0.11,-0.02,91.70,12.59,12.59,91.70,0.00,0.00,2031501,SMA Sell,79.20,3.30days
27/09/2024 10:38:32,buy,0.10,EURCAD,1.50126,30/09/2024 12:09:25,1.51367,-0.56,-0.60,124.10,90.64,90.64,124.10,0.00,0.00,1031501,SMA Buy,73.51,3.06days
27/09/2024 10:38:39,buy,0.02,AUDCAD,0.92810,30/09/2024 09:12:36,0.93565,-0.07,-0.04,75.50,11.07,11.07,75.50,0.00,0.00,1031501,SMA Buy,70.57,2.94days
27/09/2024 10:38:26,buy,0.05,EURUSD,1.11272,27/09/2024 16:21:24,1.11925,-0.28,0.00,65.30,32.37,32.37,65.30,0.00,0.00,1031501,SMA Buy,5.72,5.72hrs
17/09/2024 22:30:01,buy,0.02,EURCAD,1.51156,27/09/2024 10:38:33,1.50107,-0.11,-1.42,-104.90,-17.08,0.00,0.00,-17.08,-104.90,1031501,SMA Buy,228.14,9.51days
17/09/2024 18:21:56,buy,0.03,GBPAUD,1.94855,27/09/2024 10:38:33,1.94229,-0.20,-0.77,-62.60,-13.88,0.00,0.00,-13.88,-62.60,1031501,SMA Buy,232.28,9.68days
18/09/2024 03:25:31,buy,0.03,GBPAUD,1.94639,27/09/2024 10:38:33,1.94229,-0.20,-0.71,-41.00,-9.37,0.00,0.00,-9.37,-41.00,1031501,SMA Buy,223.22,9.30days
23/09/2024 10:30:02,buy,0.03,EURCAD,1.50951,27/09/2024 10:38:32,1.50109,-0.17,-1.06,-84.20,-19.96,0.00,0.00,-19.96,-84.20,1031501,SMA Buy,96.14,4.01days
20/09/2024 09:01:26,buy,0.02,GBPCAD,1.80412,27/09/2024 10:38:32,1.80256,-0.13,-0.17,-15.60,-2.61,0.00,0.00,-2.61,-15.60,1031501,SMA Buy,169.62,7.07days
23/09/2024 10:17:16,buy,0.03,GBPCAD,1.80210,27/09/2024 10:38:32,1.80258,-0.20,-0.21,4.80,0.66,0.66,4.80,0.00,0.00,1031501,SMA Buy,96.35,4.01days
23/09/2024 10:53:05,buy,0.05,EURCAD,1.50749,27/09/2024 10:38:31,1.50109,-0.28,-1.77,-64.00,-25.76,0.00,0.00,-25.76,-64.00,1031501,SMA Buy,95.76,3.99days
23/09/2024 11:05:06,buy,0.05,GBPCAD,1.80009,27/09/2024 10:38:31,1.80258,-0.33,-0.35,24.90,8.55,8.55,24.90,0.00,0.00,1031501,SMA Buy,95.56,3.98days
23/09/2024 11:14:00,buy,0.07,EURCAD,1.50544,27/09/2024 10:38:30,1.50110,-0.39,-2.47,-43.40,-25.37,0.00,0.00,-25.37,-43.40,1031501,SMA Buy,95.41,3.98days
23/09/2024 21:30:00,sell,0.02,USDCAD,1.34955,27/09/2024 10:38:30,1.34924,-0.10,-0.62,3.10,-0.26,0.00,3.10,-0.26,0.00,2031501,SMA Sell,85.14,3.55days
24/09/2024 08:35:22,buy,0.02,AUDCAD,0.92622,27/09/2024 10:38:30,0.92803,-0.07,-0.17,18.10,2.45,2.45,18.10,0.00,0.00,1031501,SMA Buy,74.05,3.09days
24/09/2024 17:37:02,buy,0.02,AUDUSD,0.68684,27/09/2024 10:38:29,0.68786,-0.07,-0.29,10.20,1.68,1.68,10.20,0.00,0.00,1031501,SMA Buy,65.02,2.71days
24/09/2024 09:19:44,buy,0.03,AUDCAD,0.92287,27/09/2024 10:38:29,0.92803,-0.10,-0.26,51.60,11.11,11.11,51.60,0.00,0.00,1031501,SMA Buy,73.31,3.05days
25/09/2024 02:46:25,buy,0.05,GBPAUD,1.94375,27/09/2024 10:38:28,1.94230,-0.34,-0.39,-14.50,-5.72,0.00,0.00,-5.72,-14.50,1031501,SMA Buy,55.87,2.33days
24/09/2024 20:16:06,buy,0.10,EURCAD,1.50067,27/09/2024 10:38:28,1.50111,-0.56,-2.93,4.40,-0.23,0.00,4.40,-0.23,0.00,1031501,SMA Buy,62.37,2.60days
25/09/2024 09:45:08,buy,0.02,EURUSD,1.11930,27/09/2024 10:38:27,1.11265,-0.11,-0.45,-66.50,-13.86,0.00,0.00,-13.86,-66.50,1031501,SMA Buy,48.89,2.04days
25/09/2024 10:23:12,buy,0.07,GBPCAD,1.79810,27/09/2024 10:38:27,1.80258,-0.47,-0.27,44.80,22.51,22.51,44.80,0.00,0.00,1031501,SMA Buy,48.25,2.01days
25/09/2024 17:46:31,buy,0.03,EURUSD,1.11729,27/09/2024 10:38:26,1.11271,-0.17,-0.67,-45.80,-14.58,0.00,0.00,-14.58,-45.80,1031501,SMA Buy,40.87,1.70days
25/09/2024 18:53:08,buy,0.05,EURUSD,1.11528,27/09/2024 10:38:26,1.11272,-0.28,-1.12,-25.60,-14.20,0.00,0.00,-14.20,-25.60,1031501,SMA Buy,39.76,1.66days
25/09/2024 18:26:26,buy,0.03,AUDUSD,0.68484,27/09/2024 10:38:26,0.68788,-0.10,-0.33,30.40,8.69,8.69,30.40,0.00,0.00,1031501,SMA Buy,40.20,1.68days
25/09/2024 20:00:41,buy,0.07,EURUSD,1.11326,27/09/2024 10:38:25,1.11277,-0.39,-1.57,-4.90,-5.39,0.00,0.00,-5.39,-4.90,1031501,SMA Buy,38.63,1.61days
25/09/2024 19:45:47,buy,0.05,AUDUSD,0.68284,27/09/2024 10:38:25,0.68793,-0.17,-0.56,50.90,24.72,24.72,50.90,0.00,0.00,1031501,SMA Buy,38.88,1.62days
25/09/2024 18:55:26,buy,0.05,AUDCAD,0.92083,27/09/2024 10:38:25,0.92808,-0.17,-0.35,72.50,26.35,26.35,72.50,0.00,0.00,1031501,SMA Buy,39.72,1.65days
26/09/2024 22:30:00,buy,0.02,GBPUSD,1.34163,27/09/2024 10:38:24,1.33620,-0.13,-0.05,-54.30,-11.04,0.00,0.00,-11.04,-54.30,1031501,SMA Buy,12.14,12.14hrs
26/09/2024 16:16:25,sell,0.02,EURAUD,1.61993,27/09/2024 10:38:24,1.61759,-0.11,-0.02,23.40,3.09,3.09,23.40,0.00,0.00,2031501,SMA Sell,18.37,18.37hrs
27/09/2024 04:17:06,buy,0.03,GBPUSD,1.33959,27/09/2024 10:38:23,1.33620,-0.20,0.00,-33.90,-10.37,0.00,0.00,-10.37,-33.90,1031501,SMA Buy,6.35,6.35hrs
27/09/2024 03:03:21,sell,0.03,EURAUD,1.62260,27/09/2024 10:38:23,1.61759,-0.17,0.00,50.10,10.17,10.17,50.10,0.00,0.00,2031501,SMA Sell,7.58,7.58hrs
27/09/2024 05:56:27,sell,0.05,EURAUD,1.62461,27/09/2024 10:38:23,1.61758,-0.28,0.00,70.30,23.91,23.91,70.30,0.00,0.00,2031501,SMA Sell,4.70,4.70hrs
27/09/2024 08:28:52,buy,0.05,GBPUSD,1.33759,27/09/2024 10:38:22,1.33622,-0.33,0.00,-13.70,-7.18,0.00,0.00,-7.18,-13.70,1031501,SMA Buy,2.16,2.16hrs
25/09/2024 19:22:00,buy,0.05,GBPUSD,1.33327,26/09/2024 19:01:12,1.34229,-0.33,-0.38,90.20,44.39,44.39,90.20,0.00,0.00,1031501,SMA Buy,23.65,23.65hrs
24/09/2024 16:31:08,buy,0.02,GBPUSD,1.33821,26/09/2024 19:01:11,1.34233,-0.13,-0.20,41.20,7.91,7.91,41.20,0.00,0.00,1031501,SMA Buy,50.50,2.10days
25/09/2024 18:25:42,buy,0.03,GBPUSD,1.33527,26/09/2024 19:01:11,1.34230,-0.20,-0.23,70.30,20.66,20.66,70.30,0.00,0.00,1031501,SMA Buy,24.59,1.02days
24/09/2024 10:46:58,sell,0.05,EURAUD,1.63124,26/09/2024 16:16:25,1.62003,-0.28,-0.24,112.10,38.05,38.05,112.10,0.00,0.00,2031501,SMA Sell,53.49,2.23days
24/09/2024 08:35:15,sell,0.02,EURAUD,1.62059,26/09/2024 16:16:24,1.62001,-0.11,-0.09,5.80,0.60,0.60,5.80,0.00,0.00,2031501,SMA Sell,55.69,2.32days
24/09/2024 09:27:36,sell,0.03,EURAUD,1.62906,26/09/2024 16:16:24,1.62003,-0.17,-0.15,90.30,18.32,18.32,90.30,0.00,0.00,2031501,SMA Sell,54.81,2.28days
19/09/2024 15:30:00,buy,0.02,EURUSD,1.11453,25/09/2024 09:15:23,1.11881,-0.11,-0.44,42.80,8.01,8.01,42.80,0.00,0.00,1031501,SMA Buy,137.76,5.74days
23/09/2024 10:15:01,buy,0.03,EURUSD,1.11212,25/09/2024 09:15:23,1.11882,-0.17,-0.34,67.00,19.59,19.59,67.00,0.00,0.00,1031501,SMA Buy,47.01,1.96days
23/09/2024 10:52:03,buy,0.05,EURUSD,1.11011,25/09/2024 09:15:23,1.11882,-0.28,-0.56,87.10,42.71,42.71,87.10,0.00,0.00,1031501,SMA Buy,46.39,1.93days
20/09/2024 16:50:00,buy,0.03,AUDUSD,0.67951,24/09/2024 17:37:01,0.68678,-0.10,-0.16,72.70,21.55,21.55,72.70,0.00,0.00,1031501,SMA Buy,96.78,4.03days
19/09/2024 09:58:57,buy,0.02,AUDUSD,0.68181,24/09/2024 17:37:00,0.68678,-0.07,-0.18,49.70,9.69,9.69,49.70,0.00,0.00,1031501,SMA Buy,127.63,5.32days
23/09/2024 16:31:34,buy,0.02,GBPUSD,1.33229,24/09/2024 16:31:05,1.33832,-0.13,-0.05,60.30,11.88,11.88,60.30,0.00,0.00,1031501,SMA Buy,23.99,23.99hrs
17/09/2024 18:22:03,buy,0.02,AUDCAD,0.91883,24/09/2024 08:35:21,0.92630,-0.07,-0.27,74.70,10.72,10.72,74.70,0.00,0.00,1031501,SMA Buy,158.22,6.59days
23/09/2024 11:31:51,sell,0.02,EURAUD,1.63011,24/09/2024 08:35:14,1.62062,-0.11,-0.01,94.90,12.90,12.90,94.90,0.00,0.00,2031501,SMA Sell,21.06,21.06hrs
19/09/2024 12:39:58,buy,0.02,GBPUSD,1.32776,23/09/2024 16:31:33,1.33225,-0.13,-0.10,44.90,8.75,8.75,44.90,0.00,0.00,1031501,SMA Buy,99.86,4.16days
23/09/2024 11:01:45,buy,0.03,GBPUSD,1.32574,23/09/2024 16:31:33,1.33225,-0.20,0.00,65.10,19.33,19.33,65.10,0.00,0.00,1031501,SMA Buy,5.50,5.50hrs
20/09/2024 04:19:02,sell,0.03,EURAUD,1.64056,23/09/2024 11:31:50,1.63023,-0.17,-0.02,103.30,20.90,20.90,103.30,0.00,0.00,2031501,SMA Sell,79.21,3.30days
19/09/2024 06:00:49,sell,0.02,EURAUD,1.63735,23/09/2024 11:31:49,1.63020,-0.11,-0.02,71.50,9.60,9.60,71.50,0.00,0.00,2031501,SMA Sell,101.52,4.23days
20/09/2024 16:53:18,sell,0.05,EURAUD,1.64260,23/09/2024 11:31:49,1.63018,-0.28,-0.03,124.20,41.95,41.95,124.20,0.00,0.00,2031501,SMA Sell,66.64,2.78days
18/09/2024 11:30:00,buy,0.02,GBPCAD,1.79456,20/09/2024 09:01:24,1.80381,-0.13,-0.10,92.50,13.41,13.41,92.50,0.00,0.00,1031501,SMA Buy,45.52,1.90days
19/09/2024 03:50:17,buy,0.03,EURUSD,1.10892,19/09/2024 14:10:18,1.11686,-0.17,0.00,79.40,23.65,23.65,79.40,0.00,0.00,1031501,SMA Buy,10.33,10.33hrs
19/09/2024 04:34:11,buy,0.05,EURUSD,1.10686,19/09/2024 14:10:18,1.11685,-0.28,0.00,99.90,49.67,49.67,99.90,0.00,0.00,1031501,SMA Buy,9.60,9.60hrs
18/09/2024 22:00:02,buy,0.02,EURUSD,1.11474,19/09/2024 14:10:17,1.11685,-0.11,-0.34,21.10,3.77,3.77,21.10,0.00,0.00,1031501,SMA Buy,16.17,16.17hrs
18/09/2024 21:02:44,buy,0.02,GBPUSD,1.32592,19/09/2024 12:39:56,1.32773,-0.13,-0.15,18.10,3.34,3.34,18.10,0.00,0.00,1031501,SMA Buy,15.62,15.62hrs
19/09/2024 03:56:54,buy,0.03,GBPUSD,1.31688,19/09/2024 12:39:56,1.32774,-0.20,0.00,108.60,32.38,32.38,108.60,0.00,0.00,1031501,SMA Buy,8.72,8.72hrs
17/09/2024 18:22:00,buy,0.02,AUDUSD,0.67594,19/09/2024 09:58:54,0.68173,-0.07,-0.27,57.90,11.24,11.24,57.90,0.00,0.00,1031501,SMA Buy,39.62,1.65days
18/09/2024 00:15:07,sell,0.02,EURAUD,1.64502,19/09/2024 06:00:48,1.63744,-0.11,-0.05,75.80,10.12,10.12,75.80,0.00,0.00,2031501,SMA Sell,29.76,1.24days
18/09/2024 07:54:33,sell,0.03,EURAUD,1.64702,19/09/2024 06:00:48,1.63743,-0.17,-0.08,95.90,19.26,19.26,95.90,0.00,0.00,2031501,SMA Sell,22.10,22.10hrs
17/09/2024 22:00:01,buy,0.02,EURUSD,1.11225,18/09/2024 21:35:51,1.11755,-0.11,-0.11,53.00,10.38,10.38,53.00,0.00,0.00,1031501,SMA Buy,23.60,23.60hrs
18/09/2024 12:00:00,buy,0.02,GBPUSD,1.32060,18/09/2024 21:02:29,1.32631,-0.13,0.00,57.10,11.29,11.29,57.10,0.00,0.00,1031501,SMA Buy,9.04,9.04hrs
09/09/2024 16:30:26,sell,0.02,AUDCAD,0.90324,17/09/2024 18:22:01,0.91886,-0.07,-0.40,-156.20,-23.45,0.00,0.00,-23.45,-156.20,2031501,SMA Sell,193.86,8.08days
12/09/2024 17:49:28,sell,0.07,AUDCAD,0.90939,17/09/2024 18:22:00,0.91886,-0.23,-0.54,-94.70,-49.53,0.00,0.00,-49.53,-94.70,2031501,SMA Sell,120.54,5.02days
12/09/2024 06:56:22,sell,0.05,AUDCAD,0.90739,17/09/2024 18:22:00,0.91886,-0.17,-0.39,-114.70,-42.75,0.00,0.00,-42.75,-114.70,2031501,SMA Sell,131.43,5.48days
10/09/2024 14:01:25,sell,0.03,AUDCAD,0.90539,17/09/2024 18:22:00,0.91886,-0.10,-0.55,-134.70,-30.38,0.00,0.00,-30.38,-134.70,2031501,SMA Sell,172.34,7.18days
12/09/2024 19:58:03,sell,0.10,AUDCAD,0.91141,17/09/2024 18:21:59,0.91886,-0.34,-0.75,-74.50,-55.90,0.00,0.00,-55.90,-74.50,2031501,SMA Sell,118.40,4.93days
09/09/2024 00:15:03,sell,0.02,AUDUSD,0.66679,17/09/2024 18:21:59,0.67595,-0.07,0.23,-91.60,-18.16,0.00,0.00,-18.16,-91.60,2031501,SMA Sell,210.12,8.75days
12/09/2024 20:03:12,sell,0.05,AUDUSD,0.67079,17/09/2024 18:21:58,0.67595,-0.17,0.21,-51.60,-25.76,0.00,0.00,-25.76,-51.60,2031501,SMA Sell,118.31,4.93days
09/09/2024 05:00:04,sell,0.03,AUDUSD,0.66880,17/09/2024 18:21:58,0.67595,-0.10,0.33,-71.50,-21.22,0.00,0.00,-21.22,-71.50,2031501,SMA Sell,205.37,8.56days
13/09/2024 06:36:11,sell,0.07,AUDUSD,0.67311,17/09/2024 18:21:58,0.67594,-0.24,0.18,-28.30,-19.87,0.00,0.00,-19.87,-28.30,2031501,SMA Sell,107.76,4.49days
11/09/2024 21:27:38,buy,0.05,EURAUD,1.65256,17/09/2024 18:21:57,1.64513,-0.28,-1.85,-74.30,-27.24,0.00,0.00,-27.24,-74.30,1031501,SMA Buy,140.91,5.87days
10/09/2024 09:12:17,buy,0.03,EURAUD,1.65466,17/09/2024 18:21:57,1.64513,-0.17,-1.29,-95.30,-20.79,0.00,0.00,-20.79,-95.30,1031501,SMA Buy,177.16,7.38days
06/09/2024 18:00:38,buy,0.02,EURAUD,1.65681,17/09/2024 18:21:57,1.64510,-0.11,-1.10,-117.10,-17.04,0.00,0.00,-17.04,-117.10,1031501,SMA Buy,264.36,11.01days
06/09/2024 18:00:35,buy,0.02,GBPAUD,1.96375,17/09/2024 18:21:56,1.94838,-0.13,-0.37,-153.70,-21.27,0.00,0.00,-21.27,-153.70,1031501,SMA Buy,264.36,11.01days
12/09/2024 07:04:30,buy,0.07,EURAUD,1.64654,17/09/2024 18:21:56,1.64513,-0.39,-1.33,-14.10,-8.39,0.00,0.00,-8.39,-14.10,1031501,SMA Buy,131.29,5.47days
11/09/2024 18:32:19,buy,0.05,GBPAUD,1.95875,17/09/2024 18:21:55,1.94838,-0.33,-0.65,-103.70,-36.03,0.00,0.00,-36.03,-103.70,1031501,SMA Buy,143.83,5.99days
10/09/2024 08:17:43,buy,0.03,GBPAUD,1.96075,17/09/2024 18:21:55,1.94837,-0.20,-0.43,-123.80,-25.73,0.00,0.00,-25.73,-123.80,1031501,SMA Buy,178.07,7.42days
12/09/2024 06:57:39,buy,0.07,GBPAUD,1.95039,17/09/2024 18:21:55,1.94838,-0.46,-0.45,-20.10,-10.42,0.00,0.00,-10.42,-20.10,1031501,SMA Buy,131.40,5.48days
12/09/2024 16:19:08,sell,0.05,GBPCAD,1.77448,17/09/2024 18:21:54,1.79033,-0.33,-1.14,-158.50,-59.76,0.00,0.00,-59.76,-158.50,2031501,SMA Sell,122.05,5.09days
12/09/2024 15:16:03,sell,0.03,GBPCAD,1.77247,17/09/2024 18:21:54,1.79031,-0.20,-0.69,-178.40,-40.26,0.00,0.00,-40.26,-178.40,2031501,SMA Sell,123.10,5.13days
12/09/2024 07:00:03,sell,0.02,GBPCAD,1.77013,17/09/2024 18:21:54,1.79033,-0.13,-0.45,-202.00,-30.30,0.00,0.00,-30.30,-202.00,2031501,SMA Sell,131.36,5.47days
12/09/2024 17:51:18,sell,0.10,GBPCAD,1.77850,17/09/2024 18:21:53,1.79031,-0.65,-2.28,-118.10,-89.80,0.00,0.00,-89.80,-118.10,2031501,SMA Sell,120.51,5.02days
12/09/2024 17:32:14,sell,0.07,GBPCAD,1.77648,17/09/2024 18:21:53,1.79033,-0.46,-1.59,-138.50,-73.37,0.00,0.00,-73.37,-138.50,2031501,SMA Sell,120.83,5.03days
13/09/2024 17:44:19,sell,0.15,GBPCAD,1.78556,17/09/2024 18:21:53,1.79031,-0.99,-2.28,-47.50,-55.68,0.00,0.00,-55.68,-47.50,2031501,SMA Sell,96.63,4.03days
12/09/2024 17:40:37,sell,0.05,GBPUSD,1.30712,17/09/2024 18:21:52,1.31698,-0.33,-0.42,-98.60,-50.05,0.00,0.00,-50.05,-98.60,2031501,SMA Sell,120.69,5.03days
12/09/2024 08:39:16,sell,0.03,GBPUSD,1.30520,17/09/2024 18:21:52,1.31698,-0.20,-0.24,-117.80,-35.78,0.00,0.00,-35.78,-117.80,2031501,SMA Sell,129.71,5.40days
11/09/2024 17:52:00,sell,0.02,GBPUSD,1.30129,17/09/2024 18:21:52,1.31698,-0.13,-0.35,-156.90,-31.86,0.00,0.00,-31.86,-156.90,2031501,SMA Sell,144.50,6.02days
12/09/2024 19:18:46,sell,0.07,GBPUSD,1.30913,17/09/2024 18:21:51,1.31699,-0.46,-0.60,-78.60,-56.08,0.00,0.00,-56.08,-78.60,2031501,SMA Sell,119.05,4.96days
16/09/2024 06:26:05,sell,0.10,GBPUSD,1.31503,17/09/2024 18:21:51,1.31699,-0.66,-0.28,-19.60,-20.54,0.00,0.00,-20.54,-19.60,2031501,SMA Sell,35.93,1.50days
16/09/2024 09:44:29,sell,0.23,GBPCAD,1.78757,17/09/2024 18:21:50,1.79031,-1.51,-1.75,-27.40,-49.62,0.00,0.00,-49.62,-27.40,2031501,SMA Sell,32.62,1.36days
16/09/2024 09:52:34,sell,0.15,GBPUSD,1.31704,17/09/2024 18:21:50,1.31699,-0.99,-0.42,0.50,-0.66,0.00,0.50,-0.66,0.00,2031501,SMA Sell,32.49,1.35days
09/09/2024 08:30:02,buy,0.02,USDCAD,1.35641,17/09/2024 18:21:50,1.35937,-0.10,0.25,29.60,4.50,4.50,29.60,0.00,0.00,1031501,SMA Buy,201.86,8.41days
16/09/2024 11:24:47,sell,0.34,GBPCAD,1.78961,17/09/2024 18:21:49,1.79030,-2.24,-2.59,-6.90,-22.09,0.00,0.00,-22.09,-6.90,2031501,SMA Sell,30.95,1.29days
16/09/2024 11:25:56,sell,0.15,AUDCAD,0.91415,17/09/2024 18:21:48,0.91883,-0.51,-0.38,-46.80,-52.53,0.00,0.00,-52.53,-46.80,2031501,SMA Sell,30.93,1.29days
16/09/2024 12:54:24,buy,0.02,EURUSD,1.11185,17/09/2024 18:21:48,1.11190,-0.11,-0.14,0.50,-0.15,0.00,0.50,-0.15,0.00,1031501,SMA Buy,29.46,1.23days
16/09/2024 11:57:08,sell,0.23,GBPUSD,1.31905,17/09/2024 18:21:48,1.31692,-1.52,-0.65,21.30,46.82,46.82,21.30,0.00,0.00,2031501,SMA Sell,30.41,1.27days
16/09/2024 22:57:43,sell,0.10,AUDUSD,0.67512,17/09/2024 18:21:47,0.67589,-0.34,0.13,-7.70,-7.91,0.00,0.00,-7.91,-7.70,2031501,SMA Sell,19.40,19.40hrs
16/09/2024 13:05:22,sell,0.51,GBPCAD,1.79183,17/09/2024 18:21:47,1.79023,-3.37,-3.88,16.00,52.77,52.77,16.00,0.00,0.00,2031501,SMA Sell,29.27,1.22days
16/09/2024 22:51:32,sell,0.34,GBPUSD,1.32115,17/09/2024 18:21:47,1.31693,-2.25,-0.96,42.20,140.27,140.27,42.20,0.00,0.00,2031501,SMA Sell,19.50,19.50hrs
16/09/2024 23:28:34,sell,0.23,AUDCAD,0.91744,17/09/2024 18:21:46,0.91878,-0.78,-0.58,-13.40,-24.03,0.00,0.00,-24.03,-13.40,2031501,SMA Sell,18.89,18.89hrs
17/09/2024 15:31:08,sell,0.34,AUDCAD,0.91986,17/09/2024 18:21:46,0.91877,-1.15,0.00,10.90,26.11,26.11,10.90,0.00,0.00,2031501,SMA Sell,2.84,2.84hrs
17/09/2024 11:54:25,sell,0.77,GBPCAD,1.79650,17/09/2024 18:21:46,1.79012,-5.09,0.00,63.80,356.28,356.28,63.80,0.00,0.00,2031501,SMA Sell,6.46,6.46hrs
17/09/2024 15:31:35,buy,0.02,EURCAD,1.51434,17/09/2024 18:21:45,1.51131,-0.11,0.00,-30.30,-4.57,0.00,0.00,-4.57,-30.30,1031501,SMA Buy,2.84,2.84hrs
17/09/2024 17:23:47,buy,0.10,EURAUD,1.64433,17/09/2024 18:21:45,1.64509,-0.56,0.00,7.60,4.57,4.57,7.60,0.00,0.00,1031501,SMA Buy,0.97,0.97hrs
17/09/2024 15:31:10,sell,1.15,GBPCAD,1.79853,17/09/2024 18:21:45,1.79011,-7.60,0.00,84.20,704.68,704.68,84.20,0.00,0.00,2031501,SMA Sell,2.84,2.84hrs
13/09/2024 11:00:00,buy,0.02,EURCAD,1.50558,17/09/2024 15:31:34,1.51424,-0.11,-0.22,86.60,12.40,12.40,86.60,0.00,0.00,1031501,SMA Buy,100.53,4.19days
06/09/2024 15:30:02,buy,0.03,EURUSD,1.10871,16/09/2024 12:54:23,1.11184,-0.17,-1.40,31.30,7.82,7.82,31.30,0.00,0.00,1031501,SMA Buy,237.41,9.89days
09/09/2024 11:22:42,buy,0.07,EURUSD,1.10469,16/09/2024 12:54:23,1.11184,-0.39,-2.88,71.50,46.78,46.78,71.50,0.00,0.00,1031501,SMA Buy,169.53,7.06days
11/09/2024 15:45:37,buy,0.15,EURUSD,1.10066,16/09/2024 12:54:23,1.11184,-0.83,-4.44,111.80,162.43,162.43,111.80,0.00,0.00,1031501,SMA Buy,117.15,4.88days
06/09/2024 04:00:01,buy,0.02,EURUSD,1.11134,16/09/2024 12:54:22,1.11185,-0.11,-0.95,5.10,-0.04,0.00,5.10,-0.04,0.00,1031501,SMA Buy,248.91,10.37days
06/09/2024 16:49:00,buy,0.05,EURUSD,1.10670,16/09/2024 12:54:22,1.11185,-0.28,-2.36,51.50,23.11,23.11,51.50,0.00,0.00,1031501,SMA Buy,236.09,9.84days
10/09/2024 14:53:23,buy,0.10,EURUSD,1.10268,16/09/2024 12:54:22,1.11185,-0.55,-3.53,91.70,87.62,87.62,91.70,0.00,0.00,1031501,SMA Buy,142.02,5.92days
06/09/2024 15:30:05,buy,0.03,EURCAD,1.49635,13/09/2024 09:36:35,1.50385,-0.17,-1.04,75.00,15.36,15.36,75.00,0.00,0.00,1031501,SMA Buy,162.11,6.75days
12/09/2024 09:54:37,buy,0.05,EURCAD,1.49417,13/09/2024 09:36:35,1.50385,-0.28,-0.24,96.80,35.12,35.12,96.80,0.00,0.00,1031501,SMA Buy,23.70,23.70hrs
06/09/2024 04:00:04,buy,0.02,EURCAD,1.50028,13/09/2024 09:36:34,1.50385,-0.11,-0.69,35.70,4.46,4.46,35.70,0.00,0.00,1031501,SMA Buy,173.61,7.23days
09/09/2024 22:30:01,sell,0.02,GBPUSD,1.30760,11/09/2024 17:51:58,1.30130,-0.13,-0.12,63.00,12.35,12.35,63.00,0.00,0.00,2031501,SMA Sell,43.37,1.81days
10/09/2024 09:41:09,sell,0.03,GBPUSD,1.30959,11/09/2024 17:51:58,1.30130,-0.20,-0.08,82.90,24.59,24.59,82.90,0.00,0.00,2031501,SMA Sell,32.18,1.34days
04/09/2024 18:00:05,sell,0.02,AUDCAD,0.90994,09/09/2024 16:30:25,0.90337,-0.07,-0.25,65.70,9.36,9.36,65.70,0.00,0.00,2031501,SMA Sell,118.51,4.94days
06/09/2024 15:50:26,sell,0.03,AUDCAD,0.91196,09/09/2024 16:30:25,0.90334,-0.10,-0.08,86.20,18.89,18.89,86.20,0.00,0.00,2031501,SMA Sell,72.67,3.03days
06/09/2024 15:30:41,sell,0.03,AUDUSD,0.67479,06/09/2024 20:10:08,0.66704,-0.10,0.00,77.50,23.15,23.15,77.50,0.00,0.00,2031501,SMA Sell,4.66,4.66hrs
04/09/2024 19:00:01,sell,0.02,AUDUSD,0.67216,06/09/2024 20:10:07,0.66705,-0.07,0.12,51.10,10.27,10.27,51.10,0.00,0.00,2031501,SMA Sell,49.17,2.05days
04/09/2024 18:00:03,buy,0.02,GBPAUD,1.95395,06/09/2024 18:00:35,1.96331,-0.13,-0.17,93.60,12.26,12.26,93.60,0.00,0.00,1031501,SMA Buy,48.01,2.00days
04/09/2024 18:00:00,buy,0.02,EURAUD,1.64660,06/09/2024 18:00:34,1.65658,-0.11,-0.48,99.80,12.81,12.81,99.80,0.00,0.00,1031501,SMA Buy,48.01,2.00days
06/09/2024 09:30:00,buy,0.02,GBPUSD,1.31839,06/09/2024 15:32:35,1.32271,-0.13,0.00,43.20,8.51,8.51,43.20,0.00,0.00,1031501,SMA Buy,6.04,6.04hrs
06/09/2024 12:00:31,buy,0.03,GBPUSD,1.31636,06/09/2024 15:32:35,1.32271,-0.20,0.00,63.50,18.85,18.85,63.50,0.00,0.00,1031501,SMA Buy,3.53,3.53hrs
23/08/2024 21:30:00,buy,0.02,AUDUSD,0.67955,04/09/2024 17:04:35,0.67404,-0.07,-0.90,-55.10,-11.99,0.00,0.00,-11.99,-55.10,1031501,SMA Buy,283.58,11.82days
26/08/2024 07:56:42,buy,0.03,AUDUSD,0.67755,04/09/2024 17:04:35,0.67404,-0.10,-1.25,-35.10,-11.88,0.00,0.00,-11.88,-35.10,1031501,SMA Buy,225.13,9.38days
30/08/2024 19:27:25,buy,0.05,AUDUSD,0.67555,04/09/2024 17:04:34,0.67408,-0.17,-0.69,-14.70,-8.21,0.00,0.00,-8.21,-14.70,1031501,SMA Buy,117.62,4.90days
03/09/2024 07:12:17,buy,0.07,AUDUSD,0.67354,04/09/2024 17:04:34,0.67413,-0.24,-0.32,5.90,3.57,3.57,5.90,0.00,0.00,1031501,SMA Buy,33.87,1.41days
23/08/2024 20:00:03,buy,0.02,EURUSD,1.11733,04/09/2024 17:04:33,1.10795,-0.11,-1.36,-93.80,-20.23,0.00,0.00,-20.23,-93.80,1031501,SMA Buy,285.07,11.88days
29/08/2024 12:00:00,sell,0.02,EURCAD,1.49254,04/09/2024 17:04:33,1.49717,-0.11,-0.13,-46.30,-7.09,0.00,0.00,-7.09,-46.30,2031501,SMA Sell,149.08,6.21days
30/08/2024 09:45:09,sell,0.03,EURCAD,1.49488,04/09/2024 17:04:33,1.49717,-0.17,-0.20,-22.90,-5.46,0.00,0.00,-5.46,-22.90,2031501,SMA Sell,127.32,5.31days
28/08/2024 13:16:41,buy,0.05,EURUSD,1.11256,04/09/2024 17:04:32,1.10798,-0.28,-2.27,-45.80,-25.45,0.00,0.00,-25.45,-45.80,1031501,SMA Buy,171.80,7.16days
26/08/2024 16:05:43,buy,0.03,EURUSD,1.11526,04/09/2024 17:04:32,1.10798,-0.17,-1.81,-72.80,-23.82,0.00,0.00,-23.82,-72.80,1031501,SMA Buy,216.98,9.04days
28/08/2024 15:31:16,buy,0.07,EURUSD,1.11055,04/09/2024 17:04:29,1.10794,-0.39,-3.18,-26.10,-21.84,0.00,0.00,-21.84,-26.10,1031501,SMA Buy,169.55,7.06days
29/08/2024 11:15:21,buy,0.10,EURUSD,1.10855,04/09/2024 17:04:29,1.10789,-0.55,-1.95,-6.60,-9.10,0.00,0.00,-9.10,-6.60,1031501,SMA Buy,149.82,6.24days
30/08/2024 15:45:31,buy,0.15,EURUSD,1.10655,04/09/2024 17:04:28,1.10789,-0.83,-2.91,13.40,16.36,16.36,13.40,0.00,0.00,1031501,SMA Buy,121.32,5.05days
30/08/2024 19:34:12,buy,0.23,EURUSD,1.10453,04/09/2024 17:04:28,1.10790,-1.27,-4.47,33.70,71.77,71.77,33.70,0.00,0.00,1031501,SMA Buy,117.50,4.90days
23/08/2024 21:00:00,buy,0.02,GBPCAD,1.78406,04/09/2024 17:04:27,1.77765,-0.13,-0.32,-64.10,-9.93,0.00,0.00,-9.93,-64.10,1031501,SMA Buy,284.07,11.84days
26/08/2024 13:18:03,buy,0.03,GBPCAD,1.78095,04/09/2024 17:04:27,1.77751,-0.20,-0.48,-34.40,-8.32,0.00,0.00,-8.32,-34.40,1031501,SMA Buy,219.77,9.16days
26/08/2024 16:44:35,buy,0.05,GBPCAD,1.77892,04/09/2024 17:04:27,1.77751,-0.33,-0.81,-14.10,-6.36,0.00,0.00,-6.36,-14.10,1031501,SMA Buy,216.33,9.01days
28/08/2024 16:33:44,buy,0.07,GBPCAD,1.77692,04/09/2024 17:04:26,1.77756,-0.46,-0.84,6.40,2.01,2.01,6.40,0.00,0.00,1031501,SMA Buy,168.51,7.02days
29/08/2024 11:24:30,buy,0.10,GBPCAD,1.77490,04/09/2024 17:04:26,1.77756,-0.66,-0.51,26.60,18.51,18.51,26.60,0.00,0.00,1031501,SMA Buy,149.67,6.24days
29/08/2024 15:30:39,buy,0.15,GBPCAD,1.77215,04/09/2024 17:04:26,1.77755,-0.99,-0.77,54.00,58.19,58.19,54.00,0.00,0.00,1031501,SMA Buy,145.56,6.07days
28/08/2024 13:11:18,buy,0.05,GBPUSD,1.32137,04/09/2024 17:04:25,1.31552,-0.33,-1.40,-58.50,-30.98,0.00,0.00,-30.98,-58.50,1031501,SMA Buy,171.89,7.16days
28/08/2024 08:18:29,buy,0.03,GBPUSD,1.32352,04/09/2024 17:04:25,1.31557,-0.20,-0.85,-79.50,-24.90,0.00,0.00,-24.90,-79.50,1031501,SMA Buy,176.77,7.37days
27/08/2024 22:04:19,buy,0.02,GBPUSD,1.32552,04/09/2024 17:04:25,1.31563,-0.13,-0.66,-98.90,-20.57,0.00,0.00,-20.57,-98.90,1031501,SMA Buy,187.00,7.79days
28/08/2024 16:33:11,buy,0.07,GBPUSD,1.31931,04/09/2024 17:04:24,1.31552,-0.46,-1.98,-37.90,-28.97,0.00,0.00,-28.97,-37.90,1031501,SMA Buy,168.52,7.02days
28/08/2024 20:57:45,buy,0.10,GBPUSD,1.31718,04/09/2024 17:04:24,1.31552,-0.66,-2.84,-16.60,-20.10,0.00,0.00,-20.10,-16.60,1031501,SMA Buy,164.11,6.84days
29/08/2024 16:35:18,buy,0.15,GBPUSD,1.31517,04/09/2024 17:04:24,1.31552,-0.99,-1.92,3.50,2.34,2.34,3.50,0.00,0.00,1031501,SMA Buy,144.49,6.02days
23/08/2024 19:56:44,sell,0.02,USDCAD,1.35134,04/09/2024 17:04:23,1.35132,-0.10,-1.04,0.20,-1.11,0.00,0.20,-1.11,0.00,2031501,SMA Sell,285.13,11.88days
30/08/2024 16:07:58,buy,0.23,GBPUSD,1.31309,04/09/2024 17:04:23,1.31552,-1.51,-2.94,24.30,51.44,51.44,24.30,0.00,0.00,1031501,SMA Buy,120.94,5.04days
30/08/2024 19:37:28,buy,0.34,GBPUSD,1.31104,04/09/2024 17:04:23,1.31551,-2.23,-4.38,44.70,145.37,145.37,44.70,0.00,0.00,1031501,SMA Buy,117.45,4.89days
03/09/2024 16:28:12,sell,0.05,EURCAD,1.49753,04/09/2024 17:04:22,1.49718,-0.28,-0.13,3.50,0.88,0.88,3.50,0.00,0.00,2031501,SMA Sell,24.60,1.03days
03/09/2024 13:16:00,sell,0.03,USDCAD,1.35415,04/09/2024 17:04:22,1.35132,-0.15,-0.15,28.30,5.98,5.98,28.30,0.00,0.00,2031501,SMA Sell,27.81,1.16days
03/09/2024 17:19:44,sell,0.05,USDCAD,1.35618,04/09/2024 17:04:21,1.35128,-0.25,-0.25,49.00,17.63,17.63,49.00,0.00,0.00,2031501,SMA Sell,23.74,23.74hrs
03/09/2024 17:24:26,buy,0.10,AUDUSD,0.67147,04/09/2024 17:04:21,0.67421,-0.34,-0.46,27.40,26.60,26.60,27.40,0.00,0.00,1031501,SMA Buy,23.67,23.67hrs
03/09/2024 17:24:55,buy,0.51,GBPUSD,1.30904,04/09/2024 17:04:21,1.31554,-3.34,-2.18,65.00,325.98,325.98,65.00,0.00,0.00,1031501,SMA Buy,23.66,23.66hrs
04/09/2024 01:00:03,buy,0.02,GBPAUD,1.95404,04/09/2024 17:04:20,1.95107,-0.13,0.00,-29.70,-4.14,0.00,0.00,-4.14,-29.70,1031501,SMA Buy,16.07,16.07hrs
03/09/2024 22:30:00,sell,0.02,AUDCAD,0.90959,04/09/2024 17:04:20,0.91114,-0.07,-0.05,-15.50,-2.42,0.00,0.00,-2.42,-15.50,2031501,SMA Sell,18.57,18.57hrs
04/09/2024 03:55:11,buy,0.15,AUDUSD,0.66946,04/09/2024 17:04:20,0.67420,-0.50,0.00,47.40,70.60,70.60,47.40,0.00,0.00,1031501,SMA Buy,13.15,13.15hrs
04/09/2024 03:57:31,buy,0.02,EURAUD,1.65191,04/09/2024 17:04:19,1.64335,-0.11,0.00,-85.60,-11.66,0.00,0.00,-11.66,-85.60,1031501,SMA Buy,13.11,13.11hrs
04/09/2024 14:11:22,buy,0.03,EURAUD,1.64543,04/09/2024 17:04:19,1.64332,-0.17,0.00,-21.10,-4.44,0.00,0.00,-4.44,-21.10,1031501,SMA Buy,2.88,2.88hrs
04/09/2024 14:22:37,buy,0.03,GBPAUD,1.95198,04/09/2024 17:04:19,1.95105,-0.20,0.00,-9.30,-2.08,0.00,0.00,-2.08,-9.30,1031501,SMA Buy,2.69,2.69hrs
04/09/2024 15:49:46,buy,0.05,EURAUD,1.64341,04/09/2024 17:04:18,1.64329,-0.28,0.00,-1.20,-0.68,0.00,0.00,-0.68,-1.20,1031501,SMA Buy,1.24,1.24hrs
04/09/2024 16:45:01,sell,0.03,AUDCAD,0.91215,04/09/2024 17:04:18,0.91112,-0.10,0.00,10.30,2.19,2.19,10.30,0.00,0.00,2031501,SMA Sell,0.32,0.32hrs
04/09/2024 16:45:27,buy,0.05,GBPAUD,1.94997,04/09/2024 17:04:18,1.95109,-0.33,0.00,11.20,3.44,3.44,11.20,0.00,0.00,1031501,SMA Buy,0.31,0.31hrs
30/08/2024 18:27:22,sell,0.07,EURAUD,1.63412,04/09/2024 03:57:31,1.65188,-0.39,-0.39,-177.60,-83.92,0.00,0.00,-83.92,-177.60,2031501,SMA Sell,105.50,4.40days
04/09/2024 03:39:43,sell,1.15,EURAUD,1.64937,04/09/2024 03:57:30,1.65181,-6.35,0.00,-24.40,-194.02,0.00,0.00,-194.02,-24.40,2031501,SMA Sell,0.30,0.30hrs
03/09/2024 06:27:24,sell,0.15,EURAUD,1.63812,04/09/2024 03:57:30,1.65181,-0.83,-0.27,-136.90,-138.44,0.00,0.00,-138.44,-136.90,2031501,SMA Sell,21.50,21.50hrs
30/08/2024 14:07:59,sell,0.03,EURAUD,1.63015,04/09/2024 03:57:30,1.65172,-0.17,-0.17,-215.70,-43.62,0.00,0.00,-43.62,-215.70,2031501,SMA Sell,109.83,4.58days
03/09/2024 17:25:15,sell,0.51,EURAUD,1.64427,04/09/2024 03:57:29,1.65166,-2.81,-0.93,-73.90,-255.83,0.00,0.00,-255.83,-73.90,2031501,SMA Sell,10.54,10.54hrs
04/09/2024 03:32:23,sell,0.77,EURAUD,1.64735,04/09/2024 03:57:29,1.65172,-4.25,0.00,-43.70,-229.32,0.00,0.00,-229.32,-43.70,2031501,SMA Sell,0.42,0.42hrs
03/09/2024 16:40:22,sell,0.34,EURAUD,1.64227,04/09/2024 03:57:29,1.65166,-1.88,-0.62,-93.90,-216.05,0.00,0.00,-216.05,-93.90,2031501,SMA Sell,11.29,11.29hrs
03/09/2024 07:04:48,sell,0.23,EURAUD,1.64022,04/09/2024 03:57:28,1.65162,-1.27,-0.42,-114.00,-177.08,0.00,0.00,-177.08,-114.00,2031501,SMA Sell,20.88,20.88hrs
03/09/2024 06:07:42,sell,0.10,EURAUD,1.63612,04/09/2024 03:57:28,1.65158,-0.55,-0.18,-154.60,-104.15,0.00,0.00,-104.15,-154.60,2031501,SMA Sell,21.83,21.83hrs
30/08/2024 16:05:10,sell,0.05,EURAUD,1.63215,04/09/2024 03:57:28,1.65158,-0.28,-0.27,-194.30,-65.54,0.00,0.00,-65.54,-194.30,2031501,SMA Sell,107.87,4.49days
29/08/2024 13:38:54,sell,0.02,EURAUD,1.62731,04/09/2024 03:57:27,1.65147,-0.11,-0.12,-241.60,-32.55,0.00,0.00,-32.55,-241.60,2031501,SMA Sell,134.31,5.60days
29/08/2024 13:06:43,buy,0.34,GBPAUD,1.93356,03/09/2024 07:32:55,1.94765,-2.24,-1.48,140.90,319.05,319.05,140.90,0.00,0.00,1031501,SMA Buy,114.44,4.77days
26/08/2024 16:45:04,buy,0.03,GBPAUD,1.94587,03/09/2024 07:32:54,1.94770,-0.20,-0.44,18.30,3.06,3.06,18.30,0.00,0.00,1031501,SMA Buy,182.80,7.62days
29/08/2024 07:07:15,buy,0.07,GBPAUD,1.94159,03/09/2024 07:32:54,1.94769,-0.46,-0.30,61.00,28.01,28.01,61.00,0.00,0.00,1031501,SMA Buy,120.43,5.02days
29/08/2024 11:24:42,buy,0.15,GBPAUD,1.93756,03/09/2024 07:32:54,1.94769,-0.99,-0.65,101.30,100.74,100.74,101.30,0.00,0.00,1031501,SMA Buy,116.14,4.84days
28/08/2024 23:21:27,buy,0.05,GBPAUD,1.94360,03/09/2024 07:32:53,1.94770,-0.33,-0.54,41.00,12.94,12.94,41.00,0.00,0.00,1031501,SMA Buy,128.19,5.34days
29/08/2024 11:12:59,buy,0.10,GBPAUD,1.93957,03/09/2024 07:32:53,1.94770,-0.66,-0.44,81.30,53.68,53.68,81.30,0.00,0.00,1031501,SMA Buy,116.33,4.85days
29/08/2024 12:18:25,buy,0.23,GBPAUD,1.93556,03/09/2024 07:32:53,1.94770,-1.52,-1.00,121.40,185.60,185.60,121.40,0.00,0.00,1031501,SMA Buy,115.24,4.80days
26/08/2024 08:30:02,buy,0.02,GBPAUD,1.94826,03/09/2024 07:32:52,1.94780,-0.13,-0.29,-4.60,-1.04,0.00,0.00,-1.04,-4.60,1031501,SMA Buy,191.05,7.96days
31/08/2024 12:00:00,buy,0.01,profit,0.00000,31/08/2024 12:00:00,0.00000,-63.70,-67.75,0.00,863.01,0.00,0.00,0.00,0.00,0,Summary trade result 08.2024,0.00,0.00hrs
31/07/2024 12:00:00,buy,0.01,profit,0.00000,31/07/2024 12:00:00,0.00000,-2.82,0.12,0.00,6.33,0.00,0.00,0.00,0.00,0,Summary trade result 07.2024,0.00,0.00hrs
29/07/2024 09:54:18,balance,0.01,,0.00000,29/07/2024 09:54:18,0.00000,0.00,0.00,0.00,5000.00,0.00,0.00,0.00,0.00,0,Deposit,0.00,0.00hrs
