Open Time,Type,Lots,Symbol,Open Price,Close Time,Close Price,Commission,Swap,Net Pips,Net Profit,Max Profit,Max Pips,Max Loss,Max Loss Pips,Magic Number,Comment,Holding Time (Hours),Holding Time
17/07/2026 19:04:16,buy,0.02,EURCAD,1.60263,17/07/2026 22:24:55,1.60301,-0.10,0.00,3.80,0.45,0.45,3.80,-0.89,-5.50,1,Dragon Wave_CZ1,3.34,3.34hrs
17/07/2026 18:58:29,buy,0.01,EURCAD,1.60327,17/07/2026 22:24:55,1.60299,-0.05,0.00,-2.80,-0.25,0.00,0.00,-0.90,-11.90,1,Dragon Wave_CZ0,3.44,3.44hrs
17/07/2026 19:18:39,buy,0.04,EURCAD,1.60222,17/07/2026 22:24:54,1.60302,-0.20,0.00,8.00,2.08,2.08,8.00,-0.51,-1.10,1,Dragon Wave_BZ3,3.10,3.10hrs
17/07/2026 19:02:32,buy,0.03,EURCAD,1.60307,17/07/2026 22:24:54,1.60303,-0.15,0.00,-0.40,-0.23,0.00,0.00,-2.27,-9.90,1,Dragon Wave_BZ2,3.37,3.37hrs
17/07/2026 18:59:39,buy,0.02,EURCAD,1.60328,17/07/2026 22:24:54,1.60302,-0.10,0.00,-2.60,-0.47,0.00,0.00,-1.81,-12.00,1,Dragon Wave_BZ1,3.42,3.42hrs
17/07/2026 18:57:59,buy,0.01,EURCAD,1.60348,17/07/2026 22:24:54,1.60302,-0.05,0.00,-4.60,-0.38,0.00,0.00,-1.05,-14.00,1,Dragon Wave_BZ0,3.45,3.45hrs
17/07/2026 22:00:29,buy,0.01,NZDJPY,94.90700,17/07/2026 22:22:36,94.91900,-0.05,0.00,1.20,0.03,0.03,1.20,-0.16,-1.70,1,Dragon Wave_BZ0,0.37,0.37hrs
17/07/2026 21:00:12,buy,0.02,USDJPY,162.44900,17/07/2026 22:16:23,162.45400,-0.10,0.00,0.50,-0.04,0.00,0.50,-0.48,-3.10,1,Dragon Wave_AZ1,1.27,1.27hrs
17/07/2026 20:21:25,buy,0.01,USDJPY,162.46600,17/07/2026 22:16:23,162.45400,-0.05,0.00,-1.20,-0.12,0.00,0.00,-0.35,-4.80,1,Dragon Wave_AZ0,1.92,1.92hrs
17/07/2026 21:08:12,buy,0.03,USDJPY,162.43600,17/07/2026 22:16:22,162.45400,-0.15,0.00,1.80,0.18,0.18,1.80,-0.48,-1.80,1,Dragon Wave_AZ2,1.14,1.14hrs
17/07/2026 22:00:23,buy,0.01,CADJPY,115.92800,17/07/2026 22:07:37,115.94100,-0.05,0.00,1.30,0.03,0.03,1.30,-0.04,0.00,1,Dragon Wave_BZ0,0.12,0.12hrs
17/07/2026 22:00:25,buy,0.01,AUDJPY,113.40600,17/07/2026 22:04:53,113.41800,-0.05,0.00,1.20,0.02,0.02,1.20,-0.06,-0.20,1,Dragon Wave_AZ0,0.07,0.07hrs
17/07/2026 22:00:44,buy,0.01,AUDJPY,113.40400,17/07/2026 22:04:29,113.41800,-0.05,0.00,1.40,0.03,0.03,1.40,-0.05,0.00,1,Dragon Wave_CZ0,0.06,0.06hrs
17/07/2026 22:00:40,buy,0.01,AUDJPY,113.40500,17/07/2026 22:04:26,113.41800,-0.05,0.00,1.30,0.03,0.03,1.30,-0.06,-0.10,1,Dragon Wave_BZ0,0.06,0.06hrs
17/07/2026 22:00:25,buy,0.01,USDJPY,162.42100,17/07/2026 22:03:59,162.43300,-0.05,0.00,1.20,0.02,0.02,1.20,-0.01,0.00,1,Dragon Wave_BZ0,0.06,0.06hrs
17/07/2026 22:00:09,buy,0.01,NZDCHF,0.47177,17/07/2026 22:03:54,0.47182,-0.05,0.00,0.50,0.01,0.01,0.50,-0.05,0.00,1,Dragon Wave_AZ0,0.06,0.06hrs
17/07/2026 21:55:23,buy,0.03,GBPCAD,1.88491,17/07/2026 22:03:47,1.88515,-0.15,0.00,2.40,0.37,0.37,2.40,-0.21,-0.30,1,Dragon Wave_AZ2,0.14,0.14hrs
17/07/2026 21:54:20,buy,0.02,GBPCAD,1.88510,17/07/2026 22:03:47,1.88515,-0.10,0.00,0.50,-0.03,0.00,0.50,-0.41,-2.20,1,Dragon Wave_AZ1,0.16,0.16hrs
17/07/2026 21:48:14,buy,0.01,GBPCAD,1.88530,17/07/2026 22:03:47,1.88515,-0.05,0.00,-1.50,-0.15,0.00,0.00,-0.35,-4.20,1,Dragon Wave_AZ0,0.26,0.26hrs
17/07/2026 21:55:35,buy,0.02,NZDCAD,0.81858,17/07/2026 22:03:44,0.81871,-0.10,0.00,1.30,0.09,0.09,1.30,-0.03,0.00,1,Dragon Wave_CZ1,0.14,0.14hrs
17/07/2026 21:39:32,buy,0.01,NZDCAD,0.81872,17/07/2026 22:03:44,0.81871,-0.05,0.00,-0.10,-0.06,0.00,0.00,-0.14,-1.20,1,Dragon Wave_CZ0,0.40,0.40hrs
17/07/2026 22:00:21,buy,0.01,EURJPY,185.75200,17/07/2026 22:03:38,185.76700,-0.05,0.00,1.50,0.04,0.04,1.50,-0.06,-0.10,1,Dragon Wave_BZ0,0.05,0.05hrs
17/07/2026 21:55:30,buy,0.01,NZDCAD,0.81860,17/07/2026 22:03:34,0.81869,-0.05,0.00,0.90,0.02,0.02,0.90,-0.03,0.00,1,Dragon Wave_BZ0,0.13,0.13hrs
17/07/2026 22:00:32,buy,0.01,USDJPY,162.42000,17/07/2026 22:03:14,162.42900,-0.05,0.00,0.90,0.01,0.01,0.90,-0.01,0.00,1,Dragon Wave_CZ0,0.04,0.04hrs
17/07/2026 21:55:33,buy,0.01,USDCAD,1.40098,17/07/2026 21:57:44,1.40109,-0.05,0.00,1.10,0.03,0.03,1.10,0.00,0.00,1,Dragon Wave_CZ0,0.04,0.04hrs
17/07/2026 21:55:36,buy,0.01,GBPCAD,1.88485,17/07/2026 21:57:39,1.88500,-0.05,0.00,1.50,0.06,0.06,1.50,0.00,0.00,1,Dragon Wave_BZ0,0.03,0.03hrs
17/07/2026 21:25:20,buy,0.01,CADJPY,115.94000,17/07/2026 21:55:25,115.95000,-0.05,0.00,1.00,0.01,0.01,1.00,-0.17,-1.90,1,Dragon Wave_AZ0,0.50,0.50hrs
17/07/2026 21:32:12,buy,0.02,CADJPY,115.93500,17/07/2026 21:55:24,115.95000,-0.10,0.00,1.50,0.09,0.09,1.50,-0.27,-1.40,1,Dragon Wave_AZ1,0.39,0.39hrs
17/07/2026 21:43:01,buy,0.02,XAUUSD,4008.72000,17/07/2026 21:53:42,4009.95000,-0.29,0.00,12.30,2.17,2.17,12.30,-2.95,-13.30,1,Dragon Wave_BZ1,0.18,0.18hrs
17/07/2026 21:40:30,buy,0.01,EURUSD,1.14358,17/07/2026 21:53:42,1.14362,-0.05,0.00,0.40,-0.01,0.00,0.40,-0.12,-0.70,1,Dragon Wave_CZ0,0.22,0.22hrs
17/07/2026 21:40:13,buy,0.01,XAUUSD,4011.09000,17/07/2026 21:53:42,4009.94000,-0.14,0.00,-11.50,-1.29,0.00,0.00,-3.84,-37.00,1,Dragon Wave_BZ0,0.22,0.22hrs
17/07/2026 21:50:34,buy,0.02,EURUSD,1.14352,17/07/2026 21:53:41,1.14362,-0.10,0.00,1.00,0.10,0.10,1.00,-0.02,0.00,1,Dragon Wave_CZ1,0.05,0.05hrs
17/07/2026 21:44:17,buy,0.02,GBPUSD,1.34530,17/07/2026 21:53:38,1.34543,-0.10,0.00,1.30,0.16,0.16,1.30,-0.26,-0.80,1,Dragon Wave_BZ1,0.16,0.16hrs
17/07/2026 21:40:25,buy,0.01,GBPUSD,1.34541,17/07/2026 21:53:38,1.34543,-0.05,0.00,0.20,-0.03,0.00,0.20,-0.24,-1.90,1,Dragon Wave_BZ0,0.22,0.22hrs
17/07/2026 21:13:15,buy,0.01,NZDCHF,0.47190,17/07/2026 21:53:33,0.47181,-0.05,0.00,-0.90,-0.16,0.00,0.00,-0.29,-1.90,1,Dragon Wave_AZ0,0.67,0.67hrs
17/07/2026 21:43:15,buy,0.03,NZDCHF,0.47171,17/07/2026 21:53:32,0.47181,-0.15,0.00,1.00,0.23,0.23,1.00,-0.15,0.00,1,Dragon Wave_AZ2,0.17,0.17hrs
17/07/2026 21:15:10,buy,0.02,NZDCHF,0.47184,17/07/2026 21:53:32,0.47181,-0.10,0.00,-0.30,-0.18,0.00,0.00,-0.42,-1.30,1,Dragon Wave_AZ1,0.64,0.64hrs
17/07/2026 21:38:28,buy,0.01,AUDJPY,113.41500,17/07/2026 21:53:26,113.42400,-0.05,0.00,0.90,0.01,0.01,0.90,-0.10,-0.80,1,Dragon Wave_CZ0,0.25,0.25hrs
17/07/2026 21:40:07,buy,0.03,AUDJPY,113.41300,17/07/2026 21:52:40,113.42000,-0.15,0.00,0.70,-0.02,0.00,0.70,-0.26,-0.60,1,Dragon Wave_AZ2,0.21,0.21hrs
17/07/2026 21:38:03,buy,0.02,AUDJPY,113.42000,17/07/2026 21:52:40,113.41900,-0.10,0.00,-0.10,-0.11,0.00,0.00,-0.26,-1.30,1,Dragon Wave_AZ1,0.24,0.24hrs
17/07/2026 21:35:13,buy,0.01,AUDJPY,113.42600,17/07/2026 21:52:40,113.41900,-0.05,0.00,-0.70,-0.09,0.00,0.00,-0.17,-1.90,1,Dragon Wave_AZ0,0.29,0.29hrs
17/07/2026 21:43:17,buy,0.04,AUDJPY,113.40100,17/07/2026 21:52:39,113.42000,-0.20,0.00,1.90,0.27,0.27,1.90,-0.05,0.00,1,Dragon Wave_AZ3,0.16,0.16hrs
17/07/2026 21:42:05,buy,0.02,NZDCAD,0.81865,17/07/2026 21:47:59,0.81873,-0.10,0.00,0.80,0.02,0.02,0.80,-0.09,0.00,1,Dragon Wave_AZ1,0.10,0.10hrs
17/07/2026 21:40:15,buy,0.01,NZDCAD,0.81874,17/07/2026 21:47:59,0.81873,-0.05,0.00,-0.10,-0.06,0.00,0.00,-0.11,-0.80,1,Dragon Wave_AZ0,0.13,0.13hrs
17/07/2026 21:44:19,buy,0.01,NZDCAD,0.81863,17/07/2026 21:47:57,0.81873,-0.05,0.00,1.00,0.02,0.02,1.00,-0.03,0.00,1,Dragon Wave_BZ0,0.06,0.06hrs
17/07/2026 21:43:22,buy,0.01,NZDCHF,0.47171,17/07/2026 21:47:46,0.47177,-0.05,0.00,0.60,0.02,0.02,0.60,-0.05,0.00,1,Dragon Wave_BZ0,0.07,0.07hrs
17/07/2026 21:31:47,buy,0.01,CADCHF,0.57617,17/07/2026 21:47:42,0.57626,-0.05,0.00,0.90,0.06,0.06,0.90,-0.04,0.00,1,Dragon Wave_CZ0,0.27,0.27hrs
17/07/2026 21:41:00,buy,0.02,XAGUSD,56.08300,17/07/2026 21:47:35,56.06100,-0.20,0.00,-220.00,-2.40,0.00,0.00,-13.20,-1300.00,1,Dragon Wave_AZ1,0.11,0.11hrs
17/07/2026 21:40:15,buy,0.01,XAGUSD,56.10600,17/07/2026 21:47:35,56.06100,-0.10,0.00,-450.00,-2.35,0.00,0.00,-7.75,-1530.00,1,Dragon Wave_AZ0,0.12,0.12hrs
17/07/2026 21:43:02,buy,0.03,XAGUSD,55.98800,17/07/2026 21:47:34,56.06100,-0.30,0.00,730.00,10.65,10.65,730.00,-5.55,-350.00,1,Dragon Wave_AZ2,0.08,0.08hrs
17/07/2026 21:39:25,buy,0.01,AUDJPY,113.41500,17/07/2026 21:44:50,113.41200,-0.05,0.00,-0.30,-0.07,0.00,0.00,-0.07,-0.30,1,Dragon Wave_BZ0,0.09,0.09hrs
17/07/2026 21:43:25,buy,0.02,AUDJPY,113.40200,17/07/2026 21:44:49,113.41200,-0.10,0.00,1.00,0.02,0.02,1.00,0.00,0.00,1,Dragon Wave_BZ1,0.02,0.02hrs
17/07/2026 21:31:34,buy,0.02,CADCHF,0.57615,17/07/2026 21:38:45,0.57620,-0.10,0.00,0.50,0.02,0.02,0.50,-0.03,0.00,1,Dragon Wave_BZ1,0.12,0.12hrs
17/07/2026 21:30:21,buy,0.01,CADCHF,0.57621,17/07/2026 21:38:45,0.57620,-0.05,0.00,-0.10,-0.06,0.00,0.00,-0.09,-0.30,1,Dragon Wave_BZ0,0.14,0.14hrs
17/07/2026 21:17:02,buy,0.01,NZDCAD,0.81889,17/07/2026 21:30:30,0.81895,-0.05,0.00,0.00,0.00,0.00,0.30,-0.11,-0.90,1,Dragon Wave_CZ0,0.22,0.22hrs
17/07/2026 21:14:38,buy,0.01,NZDCHF,0.47186,17/07/2026 21:29:41,0.47189,-0.05,0.00,0.30,-0.01,0.00,0.30,-0.14,-0.70,1,Dragon Wave_CZ0,0.25,0.25hrs
17/07/2026 21:18:22,buy,0.02,NZDCHF,0.47180,17/07/2026 21:29:40,0.47189,-0.10,0.00,0.90,0.12,0.12,0.90,-0.12,-0.10,1,Dragon Wave_CZ1,0.19,0.19hrs
17/07/2026 21:23:17,buy,0.01,NZDCAD,0.81880,17/07/2026 21:29:36,0.81890,-0.05,0.00,1.00,0.02,0.02,1.00,-0.04,0.00,1,Dragon Wave_BZ0,0.11,0.11hrs
17/07/2026 21:25:39,buy,0.01,AUDJPY,113.42000,17/07/2026 21:29:31,113.43200,-0.05,0.00,1.20,0.02,0.02,1.20,-0.06,-0.10,1,Dragon Wave_CZ0,0.06,0.06hrs
17/07/2026 21:25:28,buy,0.01,AUDJPY,113.41900,17/07/2026 21:29:21,113.42800,-0.05,0.00,0.00,0.00,0.00,0.00,-0.05,0.00,1,Dragon Wave_BZ0,0.06,0.06hrs
17/07/2026 21:25:25,buy,0.01,CADCHF,0.57621,17/07/2026 21:27:33,0.57627,-0.05,0.00,0.60,0.02,0.02,0.60,0.00,0.00,1,Dragon Wave_AZ0,0.04,0.04hrs
17/07/2026 21:22:28,buy,0.01,NZDCHF,0.47179,17/07/2026 21:25:37,0.47184,-0.05,0.00,0.50,0.01,0.01,0.50,-0.05,0.00,1,Dragon Wave_BZ0,0.05,0.05hrs
17/07/2026 20:12:15,buy,0.01,GBPUSD,1.34561,17/07/2026 21:23:39,1.34551,-0.05,0.00,-1.00,-0.15,0.00,0.00,-0.52,-4.70,1,Dragon Wave_CZ0,1.19,1.19hrs
17/07/2026 20:18:41,buy,0.02,GBPUSD,1.34539,17/07/2026 21:23:38,1.34551,-0.10,0.00,1.20,0.14,0.18,1.40,-0.60,-2.50,1,Dragon Wave_CZ1,1.08,1.08hrs
17/07/2026 21:00:07,buy,0.02,CADJPY,115.92000,17/07/2026 21:21:39,115.93200,-0.10,0.00,1.20,0.05,0.05,1.20,-0.31,-1.70,1,Dragon Wave_BZ1,0.36,0.36hrs
17/07/2026 20:55:36,buy,0.01,CADJPY,115.92800,17/07/2026 21:21:39,115.93300,-0.05,0.00,0.50,-0.02,0.00,0.50,-0.20,-2.50,1,Dragon Wave_BZ0,0.43,0.43hrs
17/07/2026 19:40:10,buy,0.03,EURGBP,0.85039,17/07/2026 21:20:27,0.85000,-0.15,0.00,-3.90,-1.72,0.00,0.00,-2.61,-6.10,1,Dragon Wave_BZ2,1.67,1.67hrs
17/07/2026 19:17:23,buy,0.02,EURGBP,0.85051,17/07/2026 21:20:27,0.85000,-0.10,0.00,-5.10,-1.48,0.00,0.00,-2.06,-7.30,1,Dragon Wave_BZ1,2.05,2.05hrs
17/07/2026 19:11:06,buy,0.01,EURGBP,0.85069,17/07/2026 21:20:27,0.85000,-0.05,0.00,-6.90,-0.97,0.00,0.00,-1.27,-9.10,1,Dragon Wave_BZ0,2.16,2.16hrs
17/07/2026 20:03:32,buy,0.11,EURGBP,0.84992,17/07/2026 21:20:26,0.85000,-0.55,0.00,0.80,0.64,0.64,0.80,-2.62,-1.40,1,Dragon Wave_BZ5,1.28,1.28hrs
17/07/2026 19:59:09,buy,0.07,EURGBP,0.85008,17/07/2026 21:20:26,0.85000,-0.35,0.00,-0.80,-1.10,0.00,0.00,-3.18,-3.00,1,Dragon Wave_BZ4,1.35,1.35hrs
17/07/2026 19:47:53,buy,0.04,EURGBP,0.85018,17/07/2026 21:20:26,0.85000,-0.20,0.00,-1.80,-1.17,0.00,0.00,-2.35,-4.00,1,Dragon Wave_BZ3,1.54,1.54hrs
17/07/2026 20:08:32,buy,0.18,EURGBP,0.84971,17/07/2026 21:20:25,0.85000,-0.90,0.00,2.90,6.12,6.12,2.90,0.00,0.00,1,Dragon Wave_BZ6,1.20,1.20hrs
17/07/2026 21:14:20,buy,0.01,NZDCHF,0.47187,17/07/2026 21:20:03,0.47186,-0.05,0.00,-0.10,-0.06,0.00,0.00,-0.12,-0.60,1,Dragon Wave_BZ0,0.10,0.10hrs
17/07/2026 21:16:29,buy,0.02,NZDCHF,0.47181,17/07/2026 21:20:02,0.47186,-0.10,0.00,0.50,0.02,0.02,0.50,-0.10,0.00,1,Dragon Wave_BZ1,0.06,0.06hrs
17/07/2026 21:10:36,buy,0.01,CADCHF,0.57617,17/07/2026 21:19:42,0.57622,-0.05,0.00,0.50,0.01,0.01,0.50,-0.09,-0.30,1,Dragon Wave_CZ0,0.15,0.15hrs
17/07/2026 21:11:20,buy,0.03,CADCHF,0.57613,17/07/2026 21:19:39,0.57621,-0.15,0.00,0.80,0.15,0.15,0.80,-0.11,0.00,1,Dragon Wave_AZ2,0.14,0.14hrs
17/07/2026 21:07:13,buy,0.02,CADCHF,0.57622,17/07/2026 21:19:39,0.57621,-0.10,0.00,-0.10,-0.12,0.00,0.00,-0.30,-0.80,1,Dragon Wave_AZ1,0.21,0.21hrs
17/07/2026 21:06:20,buy,0.01,CADCHF,0.57623,17/07/2026 21:19:39,0.57621,-0.05,0.00,-0.20,-0.07,0.00,0.00,-0.16,-0.90,1,Dragon Wave_AZ0,0.22,0.22hrs
17/07/2026 21:12:23,buy,0.02,CADJPY,115.91000,17/07/2026 21:18:44,115.92900,-0.10,0.00,1.90,0.13,0.13,1.90,-0.12,-0.20,1,Dragon Wave_CZ1,0.11,0.11hrs
17/07/2026 20:55:45,buy,0.01,CADJPY,115.92100,17/07/2026 21:18:44,115.92900,-0.05,0.00,0.00,0.00,0.00,0.00,-0.16,-1.80,1,Dragon Wave_CZ0,0.38,0.38hrs
17/07/2026 20:12:38,buy,0.02,EURUSD,1.14347,17/07/2026 21:17:54,1.14368,-0.10,0.00,2.10,0.32,0.32,2.10,-0.32,-1.10,1,Dragon Wave_CZ1,1.09,1.09hrs
17/07/2026 20:04:35,buy,0.01,EURUSD,1.14373,17/07/2026 21:17:54,1.14368,-0.05,0.00,-0.50,-0.10,0.00,0.00,-0.42,-3.70,1,Dragon Wave_CZ0,1.22,1.22hrs
17/07/2026 21:13:27,buy,0.01,EURUSD,1.14347,17/07/2026 21:15:10,1.14355,-0.05,0.00,0.80,0.03,0.03,0.80,0.00,0.00,1,Dragon Wave_BZ0,0.03,0.03hrs
17/07/2026 21:13:16,buy,0.01,NZDCAD,0.81902,17/07/2026 21:15:08,0.81899,-0.05,0.00,-0.30,-0.07,0.00,0.00,-0.07,-0.30,1,Dragon Wave_AZ0,0.03,0.03hrs
17/07/2026 21:14:09,buy,0.02,NZDCAD,0.81896,17/07/2026 21:15:07,0.81899,-0.10,0.00,0.30,-0.05,0.00,0.30,-0.05,0.00,1,Dragon Wave_AZ1,0.02,0.02hrs
17/07/2026 21:13:06,buy,0.01,XAUUSD,4010.35000,17/07/2026 21:14:59,4010.62000,-0.14,0.00,2.70,0.13,0.13,2.70,0.00,0.00,1,Dragon Wave_AZ0,0.03,0.03hrs
17/07/2026 21:10:48,buy,0.01,USDJPY,162.42200,17/07/2026 21:13:43,162.43900,-0.05,0.00,1.70,0.05,0.05,1.70,-0.01,0.00,1,Dragon Wave_CZ0,0.05,0.05hrs
17/07/2026 21:10:31,buy,0.01,USDCAD,1.40133,17/07/2026 21:11:20,1.40142,-0.05,0.00,0.90,0.01,0.01,0.90,0.00,0.00,1,Dragon Wave_BZ0,0.01,0.01hrs
17/07/2026 20:10:31,buy,0.01,GBPUSD,1.34568,17/07/2026 21:10:40,1.34550,-0.05,0.00,-1.80,-0.23,0.00,0.00,-0.59,-5.40,1,Dragon Wave_BZ0,1.00,1.00hrs
17/07/2026 20:42:26,buy,0.03,GBPUSD,1.34521,17/07/2026 21:10:39,1.34548,-0.15,0.00,2.70,0.66,0.66,2.70,-0.36,-0.70,1,Dragon Wave_BZ2,0.47,0.47hrs
17/07/2026 20:13:26,buy,0.02,GBPUSD,1.34553,17/07/2026 21:10:39,1.34550,-0.10,0.00,-0.30,-0.16,0.00,0.00,-0.88,-3.90,1,Dragon Wave_BZ1,0.95,0.95hrs
17/07/2026 20:57:31,buy,0.02,AUDUSD,0.69817,17/07/2026 21:10:30,0.69827,-0.10,0.00,1.00,0.10,0.10,1.00,-0.14,-0.20,1,Dragon Wave_CZ1,0.22,0.22hrs
17/07/2026 20:40:54,buy,0.01,AUDUSD,0.69828,17/07/2026 21:10:30,0.69827,-0.05,0.00,-0.10,-0.06,0.00,0.00,-0.18,-1.30,1,Dragon Wave_CZ0,0.49,0.49hrs
17/07/2026 21:04:11,buy,0.01,EURCAD,1.60234,17/07/2026 21:10:21,1.60250,-0.05,0.00,1.60,0.07,0.07,1.60,-0.01,0.00,1,Dragon Wave_AZ0,0.10,0.10hrs
17/07/2026 20:55:35,buy,0.01,NZDCHF,0.47190,17/07/2026 21:07:24,0.47196,-0.05,0.00,0.60,0.02,0.02,0.60,-0.09,-0.30,1,Dragon Wave_CZ0,0.20,0.20hrs
17/07/2026 20:51:37,buy,0.01,NZDCAD,0.81898,17/07/2026 21:06:57,0.81904,-0.05,0.00,0.60,-0.01,0.00,0.60,-0.10,-0.70,1,Dragon Wave_BZ0,0.26,0.26hrs
17/07/2026 21:05:24,buy,0.01,XAGUSD,55.89900,17/07/2026 21:06:46,55.93100,-0.10,0.00,320.00,1.50,1.50,320.00,0.00,0.00,1,Dragon Wave_BZ0,0.02,0.02hrs
17/07/2026 21:05:10,buy,0.01,GBPUSD,1.34518,17/07/2026 21:06:06,1.34525,-0.05,0.00,0.70,0.02,0.02,0.70,0.00,0.00,1,Dragon Wave_AZ0,0.02,0.02hrs
17/07/2026 21:05:06,buy,0.01,XAUUSD,4009.69000,17/07/2026 21:05:30,4010.11000,-0.14,0.00,4.20,0.28,0.28,4.20,0.00,0.00,1,Dragon Wave_AZ0,0.01,0.01hrs
17/07/2026 20:56:21,buy,0.02,NZDCHF,0.47189,17/07/2026 21:04:16,0.47194,-0.10,0.00,0.50,0.02,0.02,0.50,-0.15,-0.20,1,Dragon Wave_BZ1,0.13,0.13hrs
17/07/2026 20:53:42,buy,0.01,NZDCHF,0.47193,17/07/2026 21:04:16,0.47194,-0.05,0.00,0.10,-0.04,0.00,0.10,-0.12,-0.60,1,Dragon Wave_BZ0,0.18,0.18hrs
17/07/2026 20:56:22,buy,0.02,AUDJPY,113.42400,17/07/2026 21:04:01,113.43900,-0.10,0.00,1.50,0.08,0.08,1.50,-0.19,-0.70,1,Dragon Wave_BZ1,0.13,0.13hrs
17/07/2026 20:54:56,buy,0.01,AUDJPY,113.44100,17/07/2026 21:04:01,113.43900,-0.05,0.00,-0.20,-0.06,0.00,0.00,-0.20,-2.40,1,Dragon Wave_BZ0,0.15,0.15hrs
17/07/2026 20:56:18,buy,0.01,XAGUSD,55.93900,17/07/2026 21:03:58,55.94200,-0.10,0.00,30.00,0.05,0.40,100.00,-1.05,-190.00,1,Dragon Wave_BZ0,0.13,0.13hrs
17/07/2026 20:55:32,buy,0.01,AUDJPY,113.43500,17/07/2026 21:03:30,113.43500,-0.05,0.00,0.00,-0.05,0.00,0.00,-0.16,-1.80,1,Dragon Wave_AZ0,0.13,0.13hrs
17/07/2026 20:56:14,buy,0.02,AUDJPY,113.42400,17/07/2026 21:03:29,113.43600,-0.10,0.00,1.20,0.05,0.05,1.20,-0.19,-0.70,1,Dragon Wave_AZ1,0.12,0.12hrs
17/07/2026 21:00:27,buy,0.01,GBPJPY,218.52800,17/07/2026 21:02:50,218.53900,-0.05,0.00,1.10,0.02,0.02,1.10,0.00,0.00,1,Dragon Wave_AZ0,0.04,0.04hrs
17/07/2026 21:00:27,buy,0.02,AUDJPY,113.40900,17/07/2026 21:02:47,113.43400,-0.10,0.00,2.50,0.20,0.20,2.50,0.00,0.00,1,Dragon Wave_CZ1,0.04,0.04hrs
17/07/2026 20:55:41,buy,0.01,AUDJPY,113.43100,17/07/2026 21:02:47,113.43400,-0.05,0.00,0.30,-0.03,0.00,0.30,-0.14,-1.40,1,Dragon Wave_CZ0,0.12,0.12hrs
17/07/2026 20:51:25,buy,0.01,XAUUSD,4010.06000,17/07/2026 21:00:04,4010.35000,-0.14,0.00,2.90,0.15,0.15,2.90,-0.47,-3.30,1,Dragon Wave_CZ0,0.14,0.14hrs
17/07/2026 20:56:20,buy,0.01,GBPJPY,218.53900,17/07/2026 20:59:30,218.55100,-0.05,0.00,1.20,0.03,0.03,1.20,0.00,0.00,1,Dragon Wave_BZ0,0.05,0.05hrs
17/07/2026 20:07:15,buy,0.02,EURAUD,1.63741,17/07/2026 20:54:54,1.63769,-0.10,0.00,2.80,0.29,0.29,2.80,-0.60,-3.60,1,Dragon Wave_BZ1,0.79,0.79hrs
17/07/2026 20:01:26,buy,0.01,EURAUD,1.63781,17/07/2026 20:54:54,1.63769,-0.05,0.00,-1.20,-0.14,0.00,0.00,-0.58,-7.60,1,Dragon Wave_BZ0,0.89,0.89hrs
17/07/2026 20:51:14,buy,0.01,XAUUSD,4010.55000,17/07/2026 20:54:37,4009.79000,-0.14,0.00,-7.60,-0.90,0.00,0.00,-0.90,-7.60,1,Dragon Wave_BZ0,0.06,0.06hrs
17/07/2026 20:44:17,buy,0.01,CHFJPY,201.18700,17/07/2026 20:49:30,201.19700,-0.05,0.00,1.00,0.01,0.01,1.00,-0.10,-0.80,1,Dragon Wave_AZ0,0.09,0.09hrs
17/07/2026 20:40:29,buy,0.01,GBPJPY,218.55200,17/07/2026 20:49:27,218.56300,-0.05,0.00,1.10,0.02,0.02,1.10,-0.12,-1.20,1,Dragon Wave_BZ0,0.15,0.15hrs
17/07/2026 20:46:11,buy,0.02,GBPJPY,218.53500,17/07/2026 20:49:22,218.56400,-0.10,0.00,2.90,0.26,0.26,2.90,-0.04,0.00,1,Dragon Wave_AZ1,0.05,0.05hrs
17/07/2026 20:41:19,buy,0.01,GBPJPY,218.54600,17/07/2026 20:49:22,218.54400,-0.05,0.00,-0.20,-0.07,0.00,0.00,-0.09,-0.60,1,Dragon Wave_AZ0,0.13,0.13hrs
17/07/2026 20:45:38,buy,0.01,GBPCAD,1.88501,17/07/2026 20:48:23,1.88519,-0.05,0.00,1.80,0.08,0.08,1.80,0.00,0.00,1,Dragon Wave_CZ0,0.05,0.05hrs
17/07/2026 20:40:48,buy,0.01,AUDJPY,113.44700,17/07/2026 20:48:21,113.45500,-0.05,0.00,0.00,0.00,0.00,0.00,-0.10,-0.80,1,Dragon Wave_CZ0,0.13,0.13hrs
17/07/2026 20:36:06,buy,0.02,NZDCAD,0.81900,17/07/2026 20:48:05,0.81911,-0.10,0.00,1.10,0.05,0.05,1.10,-0.17,-0.50,1,Dragon Wave_AZ1,0.20,0.20hrs
17/07/2026 20:34:14,buy,0.01,NZDCAD,0.81908,17/07/2026 20:48:05,0.81911,-0.05,0.00,0.30,-0.03,0.00,0.30,-0.14,-1.30,1,Dragon Wave_AZ0,0.23,0.23hrs
17/07/2026 20:31:25,buy,0.01,XAGUSD,56.06300,17/07/2026 20:47:49,55.97800,-0.10,0.00,-850.00,-4.35,0.00,0.00,-8.30,-1640.00,1,Dragon Wave_BZ0,0.27,0.27hrs
17/07/2026 20:41:20,buy,0.03,XAGUSD,55.91500,17/07/2026 20:47:48,55.97800,-0.30,0.00,630.00,9.15,9.15,630.00,-2.70,-160.00,1,Dragon Wave_BZ2,0.11,0.11hrs
17/07/2026 20:33:10,buy,0.02,XAGUSD,56.01800,17/07/2026 20:47:48,55.97800,-0.20,0.00,-400.00,-4.20,0.00,0.00,-12.10,-1190.00,1,Dragon Wave_BZ1,0.24,0.24hrs
17/07/2026 20:40:26,buy,0.01,NZDCAD,0.81899,17/07/2026 20:47:43,0.81907,-0.05,0.00,0.00,0.00,0.00,0.60,-0.08,-0.40,1,Dragon Wave_CZ0,0.12,0.12hrs
17/07/2026 20:44:14,buy,0.01,GBPUSD,1.34514,17/07/2026 20:47:35,1.34529,-0.05,0.00,1.50,0.10,0.10,1.50,-0.05,0.00,1,Dragon Wave_AZ0,0.06,0.06hrs
17/07/2026 20:41:22,buy,0.02,XAGUSD,55.91500,17/07/2026 20:47:34,55.96600,-0.20,0.00,510.00,4.90,4.90,510.00,-1.80,-160.00,1,Dragon Wave_CZ1,0.10,0.10hrs
17/07/2026 20:32:37,buy,0.01,XAGUSD,56.03200,17/07/2026 20:47:34,55.96600,-0.10,0.00,-660.00,-3.40,0.00,0.00,-6.75,-1330.00,1,Dragon Wave_CZ0,0.25,0.25hrs
17/07/2026 20:44:29,buy,0.02,NZDCAD,0.81895,17/07/2026 20:46:46,0.81905,-0.10,0.00,1.00,0.05,0.05,1.00,-0.10,0.00,1,Dragon Wave_BZ1,0.04,0.04hrs
17/07/2026 20:43:33,buy,0.01,NZDCAD,0.81900,17/07/2026 20:46:46,0.81905,-0.05,0.00,0.50,-0.02,0.00,0.50,-0.09,-0.50,1,Dragon Wave_BZ0,0.05,0.05hrs
17/07/2026 20:37:21,buy,0.02,NZDCHF,0.47192,17/07/2026 20:45:49,0.47199,-0.10,0.00,0.70,0.08,0.08,0.70,-0.12,-0.10,1,Dragon Wave_BZ1,0.14,0.14hrs
17/07/2026 20:35:27,buy,0.01,NZDCHF,0.47196,17/07/2026 20:45:49,0.47199,-0.05,0.00,0.30,-0.01,0.00,0.30,-0.11,-0.50,1,Dragon Wave_BZ0,0.17,0.17hrs
17/07/2026 20:35:35,buy,0.01,NZDCHF,0.47196,17/07/2026 20:45:27,0.47197,-0.05,0.00,0.10,-0.03,0.00,0.10,-0.11,-0.50,1,Dragon Wave_CZ0,0.16,0.16hrs
17/07/2026 20:37:41,buy,0.02,NZDCHF,0.47188,17/07/2026 20:45:26,0.47197,-0.10,0.00,0.90,0.13,0.13,0.90,-0.03,0.00,1,Dragon Wave_CZ1,0.13,0.13hrs
17/07/2026 20:37:59,buy,0.01,CADCHF,0.57613,17/07/2026 20:41:54,0.57621,-0.05,0.00,0.80,0.05,0.05,0.80,-0.01,0.00,1,Dragon Wave_CZ0,0.07,0.07hrs
17/07/2026 20:41:24,buy,0.01,GBPCAD,1.88517,17/07/2026 20:41:48,1.88530,-0.05,0.00,1.30,0.04,0.04,1.30,0.00,0.00,1,Dragon Wave_BZ0,0.01,0.01hrs
17/07/2026 20:37:47,buy,0.01,CADCHF,0.57614,17/07/2026 20:41:19,0.57621,-0.05,0.00,0.70,0.04,0.04,0.70,-0.03,0.00,1,Dragon Wave_BZ0,0.06,0.06hrs
17/07/2026 19:47:43,buy,0.01,EURGBP,0.85018,17/07/2026 20:38:27,0.84995,-0.05,0.00,-2.30,-0.36,0.00,0.00,-0.59,-4.00,1,Dragon Wave_AZ0,0.85,0.85hrs
17/07/2026 20:03:20,buy,0.04,EURGBP,0.84992,17/07/2026 20:38:26,0.84995,-0.20,0.00,0.30,-0.04,0.00,0.30,-0.95,-1.40,1,Dragon Wave_AZ3,0.58,0.58hrs
17/07/2026 20:01:14,buy,0.03,EURGBP,0.85002,17/07/2026 20:38:26,0.84995,-0.15,0.00,-0.70,-0.43,0.00,0.00,-1.12,-2.40,1,Dragon Wave_AZ2,0.62,0.62hrs
17/07/2026 19:48:07,buy,0.02,EURGBP,0.85017,17/07/2026 20:38:26,0.84995,-0.10,0.00,-2.20,-0.69,0.00,0.00,-1.15,-3.90,1,Dragon Wave_AZ1,0.84,0.84hrs
17/07/2026 20:08:18,buy,0.07,EURGBP,0.84973,17/07/2026 20:38:25,0.84995,-0.35,0.00,2.20,1.72,1.72,2.20,0.00,0.00,1,Dragon Wave_AZ4,0.50,0.50hrs
17/07/2026 20:35:15,buy,0.02,XAUUSD,4011.42000,17/07/2026 20:37:39,4012.54000,-0.29,0.00,11.20,1.95,1.95,11.20,0.00,0.00,1,Dragon Wave_CZ1,0.04,0.04hrs
17/07/2026 20:31:19,buy,0.01,XAUUSD,4013.52000,17/07/2026 20:37:39,4012.53000,-0.14,0.00,-9.90,-1.13,0.00,0.00,-1.13,-9.90,1,Dragon Wave_CZ0,0.11,0.11hrs
17/07/2026 20:26:12,buy,0.01,CADCHF,0.57626,17/07/2026 20:31:13,0.57631,-0.05,0.00,0.50,0.02,0.02,0.50,-0.09,-0.30,1,Dragon Wave_AZ0,0.08,0.08hrs
17/07/2026 20:30:01,buy,0.01,XAUUSD,4013.84000,17/07/2026 20:30:23,4014.04000,-0.14,0.00,2.00,0.06,0.06,2.00,0.00,0.00,1,Dragon Wave_BZ0,0.01,0.01hrs
17/07/2026 20:13:19,buy,0.03,EURUSD,1.14341,17/07/2026 20:27:45,1.14360,-0.15,0.00,1.90,0.42,0.42,1.90,-0.21,-0.20,1,Dragon Wave_BZ2,0.24,0.24hrs
17/07/2026 20:07:13,buy,0.02,EURUSD,1.14361,17/07/2026 20:27:45,1.14360,-0.10,0.00,-0.10,-0.12,0.00,0.00,-0.54,-2.20,1,Dragon Wave_BZ1,0.34,0.34hrs
17/07/2026 20:02:56,buy,0.01,EURUSD,1.14373,17/07/2026 20:27:45,1.14361,-0.05,0.00,-1.20,-0.17,0.00,0.00,-0.39,-3.40,1,Dragon Wave_BZ0,0.41,0.41hrs
17/07/2026 19:37:18,buy,0.02,NZDJPY,94.97600,17/07/2026 20:26:44,94.96500,-0.10,0.00,-1.10,-0.24,0.00,0.40,-0.43,-2.70,1,Dragon Wave_BZ1,0.82,0.82hrs
17/07/2026 19:22:34,buy,0.01,NZDJPY,94.99800,17/07/2026 20:26:44,94.96500,-0.05,0.00,-3.30,-0.25,0.00,0.00,-0.35,-4.90,1,Dragon Wave_BZ0,1.07,1.07hrs
17/07/2026 20:00:17,buy,0.03,NZDJPY,94.93800,17/07/2026 20:26:43,94.96500,-0.15,0.00,2.70,0.35,0.35,2.70,0.00,0.00,1,Dragon Wave_BZ2,0.44,0.44hrs
17/07/2026 20:23:33,buy,0.01,NZDCAD,0.81894,17/07/2026 20:26:35,0.81911,-0.05,0.00,1.70,0.07,0.07,1.70,-0.05,0.00,1,Dragon Wave_CZ0,0.05,0.05hrs
17/07/2026 20:21:19,buy,0.01,NZDCAD,0.81897,17/07/2026 20:26:19,0.81905,-0.05,0.00,0.00,0.00,0.00,0.00,-0.07,-0.30,1,Dragon Wave_BZ0,0.08,0.08hrs
17/07/2026 20:22:17,buy,0.02,NZDCAD,0.81895,17/07/2026 20:26:00,0.81901,-0.10,0.00,0.60,-0.01,0.00,0.60,-0.11,-0.10,1,Dragon Wave_AZ1,0.06,0.06hrs
17/07/2026 20:20:12,buy,0.01,NZDCAD,0.81903,17/07/2026 20:26:00,0.81901,-0.05,0.00,-0.20,-0.07,0.00,0.00,-0.11,-0.90,1,Dragon Wave_AZ0,0.10,0.10hrs
17/07/2026 20:21:15,buy,0.01,AUDJPY,113.44400,17/07/2026 20:22:40,113.45600,-0.05,0.00,1.20,0.03,0.03,1.20,0.00,0.00,1,Dragon Wave_AZ0,0.02,0.02hrs
17/07/2026 20:20:25,buy,0.01,CADCHF,0.57625,17/07/2026 20:22:38,0.57630,-0.05,0.00,0.50,0.01,0.01,0.50,0.00,0.00,1,Dragon Wave_BZ0,0.04,0.04hrs
17/07/2026 20:20:31,buy,0.01,XAUUSD,4012.49000,17/07/2026 20:21:43,4013.88000,-0.14,0.00,13.90,1.25,1.25,13.90,0.00,0.00,1,Dragon Wave_BZ0,0.02,0.02hrs
17/07/2026 20:20:39,buy,0.02,XAUUSD,4012.69000,17/07/2026 20:21:25,4013.81000,-0.29,0.00,11.20,1.95,1.95,11.20,0.00,0.00,1,Dragon Wave_CZ1,0.01,0.01hrs
17/07/2026 20:12:44,buy,0.01,XAUUSD,4014.93000,17/07/2026 20:21:25,4013.52000,-0.14,0.00,-14.10,-1.55,0.00,0.00,-1.55,-14.10,1,Dragon Wave_CZ0,0.14,0.14hrs
17/07/2026 20:12:40,buy,0.01,NZDCAD,0.81908,17/07/2026 20:17:24,0.81912,-0.05,0.00,0.40,-0.02,0.00,0.40,-0.09,-0.60,1,Dragon Wave_BZ0,0.08,0.08hrs
17/07/2026 20:13:24,buy,0.01,AUDUSD,0.69828,17/07/2026 20:16:52,0.69836,-0.05,0.00,0.80,0.03,0.03,0.80,-0.09,-0.40,1,Dragon Wave_BZ0,0.06,0.06hrs
17/07/2026 20:13:18,buy,0.02,XAUUSD,4014.38000,17/07/2026 20:16:39,4015.39000,-0.29,0.00,10.10,1.73,1.73,10.10,-0.83,-2.70,1,Dragon Wave_BZ1,0.06,0.06hrs
17/07/2026 20:12:32,buy,0.01,XAUUSD,4015.91000,17/07/2026 20:16:39,4015.21000,-0.14,0.00,-7.00,-0.84,0.00,0.00,-1.94,-18.00,1,Dragon Wave_BZ0,0.07,0.07hrs
17/07/2026 20:15:36,buy,0.01,NZDCAD,0.81897,17/07/2026 20:16:35,0.81909,-0.05,0.00,1.20,0.04,0.04,1.20,0.00,0.00,1,Dragon Wave_CZ0,0.02,0.02hrs
17/07/2026 20:15:15,buy,0.01,NZDCAD,0.81896,17/07/2026 20:16:17,0.81904,-0.05,0.00,0.80,0.01,0.01,0.80,0.00,0.00,1,Dragon Wave_AZ0,0.02,0.02hrs
17/07/2026 20:13:39,buy,0.01,XAGUSD,56.07200,17/07/2026 20:15:32,56.10400,-0.10,0.00,320.00,1.50,1.50,320.00,-0.30,-40.00,1,Dragon Wave_CZ0,0.03,0.03hrs
17/07/2026 20:05:41,buy,0.02,CADJPY,115.90800,17/07/2026 20:13:51,115.93100,-0.10,0.00,2.30,0.18,0.18,2.30,0.00,0.00,1,Dragon Wave_CZ1,0.14,0.14hrs
17/07/2026 20:00:46,buy,0.01,CADJPY,115.95100,17/07/2026 20:13:51,115.93100,-0.05,0.00,-2.00,-0.18,0.00,0.00,-0.18,-2.10,1,Dragon Wave_CZ0,0.22,0.22hrs
17/07/2026 19:58:08,buy,0.02,AUDJPY,113.45900,17/07/2026 20:09:45,113.45600,-0.10,0.00,-0.30,-0.14,0.00,0.00,-0.14,-0.30,1,Dragon Wave_AZ1,0.19,0.19hrs
17/07/2026 19:54:11,buy,0.01,AUDJPY,113.47600,17/07/2026 20:09:45,113.45700,-0.05,0.00,-1.90,-0.16,0.00,0.00,-0.16,-1.90,1,Dragon Wave_AZ0,0.26,0.26hrs
17/07/2026 20:00:10,buy,0.03,AUDJPY,113.43700,17/07/2026 20:09:44,113.45600,-0.15,0.00,1.90,0.20,0.20,1.90,0.00,0.00,1,Dragon Wave_AZ2,0.16,0.16hrs
17/07/2026 20:01:20,buy,0.01,CADCHF,0.57620,17/07/2026 20:08:41,0.57621,-0.05,0.00,0.10,-0.04,0.00,0.10,-0.04,0.00,1,Dragon Wave_AZ0,0.12,0.12hrs
17/07/2026 20:04:09,buy,0.02,CADCHF,0.57617,17/07/2026 20:08:40,0.57621,-0.10,0.00,0.40,-0.01,0.00,0.40,-0.01,0.00,1,Dragon Wave_AZ1,0.08,0.08hrs
17/07/2026 19:52:19,buy,0.01,EURCAD,1.60258,17/07/2026 20:06:49,1.60266,-0.05,0.00,0.80,0.01,0.01,0.80,0.00,0.00,1,Dragon Wave_AZ0,0.24,0.24hrs
17/07/2026 19:57:17,buy,0.02,EURCAD,1.60244,17/07/2026 20:06:48,1.60266,-0.10,0.00,2.20,0.21,0.21,2.20,0.00,0.00,1,Dragon Wave_AZ1,0.16,0.16hrs
17/07/2026 20:00:26,buy,0.01,USDJPY,162.43100,17/07/2026 20:03:08,162.44300,-0.05,0.00,1.20,0.02,0.02,1.20,0.00,0.00,1,Dragon Wave_BZ0,0.04,0.04hrs
17/07/2026 20:00:16,buy,0.01,GBPJPY,218.54100,17/07/2026 20:03:01,218.60200,-0.05,0.00,6.10,0.33,0.33,6.10,0.00,0.00,1,Dragon Wave_CZ0,0.05,0.05hrs
17/07/2026 19:56:31,buy,0.01,XAGUSD,55.99700,17/07/2026 20:00:46,56.06900,-0.10,0.00,720.00,3.50,3.50,720.00,0.00,0.00,1,Dragon Wave_CZ0,0.07,0.07hrs
17/07/2026 19:58:21,buy,0.01,XAUUSD,4015.99000,17/07/2026 20:00:40,4016.73000,-0.14,0.00,7.40,0.60,0.60,7.40,0.00,0.00,1,Dragon Wave_AZ0,0.04,0.04hrs
17/07/2026 19:54:07,buy,0.01,XAUUSD,4016.02000,17/07/2026 20:00:24,4016.56000,-0.14,0.00,5.40,0.40,0.40,5.40,0.00,0.00,1,Dragon Wave_CZ0,0.10,0.10hrs
17/07/2026 19:52:14,buy,0.01,USDCAD,1.40110,17/07/2026 19:59:44,1.40103,-0.05,0.00,-0.70,-0.10,0.00,0.00,-0.10,-0.70,1,Dragon Wave_AZ0,0.13,0.13hrs
17/07/2026 19:59:06,buy,0.03,USDCAD,1.40088,17/07/2026 19:59:43,1.40103,-0.15,0.00,1.50,0.17,0.17,1.50,0.00,0.00,1,Dragon Wave_AZ2,0.01,0.01hrs
17/07/2026 19:58:15,buy,0.02,USDCAD,1.40102,17/07/2026 19:59:43,1.40103,-0.10,0.00,0.10,-0.09,0.00,0.10,-0.09,0.00,1,Dragon Wave_AZ1,0.02,0.02hrs
17/07/2026 19:54:33,buy,0.01,NZDCHF,0.47175,17/07/2026 19:57:34,0.47180,-0.05,0.00,0.50,0.01,0.01,0.50,0.00,0.00,1,Dragon Wave_BZ0,0.05,0.05hrs
17/07/2026 19:49:38,buy,0.03,CADCHF,0.57613,17/07/2026 19:57:05,0.57620,-0.15,0.00,0.70,0.11,0.11,0.70,-0.22,-0.20,1,Dragon Wave_BZ2,0.12,0.12hrs
17/07/2026 19:35:19,buy,0.02,CADCHF,0.57618,17/07/2026 19:57:05,0.57620,-0.10,0.00,0.20,-0.05,0.00,0.20,-0.27,-0.70,1,Dragon Wave_BZ1,0.36,0.36hrs
17/07/2026 19:24:14,buy,0.01,CADCHF,0.57625,17/07/2026 19:57:05,0.57620,-0.05,0.00,-0.50,-0.11,0.00,0.10,-0.22,-1.40,1,Dragon Wave_BZ0,0.55,0.55hrs
17/07/2026 19:49:36,buy,0.01,EURAUD,1.63772,17/07/2026 19:56:55,1.63796,-0.05,0.00,2.40,0.12,0.12,2.40,-0.14,-1.30,1,Dragon Wave_CZ0,0.12,0.12hrs
17/07/2026 19:25:11,buy,0.02,CADCHF,0.57623,17/07/2026 19:56:01,0.57615,-0.10,0.00,-0.80,-0.30,0.00,0.30,-0.40,-1.20,1,Dragon Wave_AZ1,0.51,0.51hrs
17/07/2026 19:23:14,buy,0.01,CADCHF,0.57628,17/07/2026 19:56:01,0.57617,-0.05,0.00,-1.10,-0.19,0.00,0.30,-0.26,-1.70,1,Dragon Wave_AZ0,0.55,0.55hrs
17/07/2026 19:54:04,buy,0.04,CADCHF,0.57607,17/07/2026 19:56:00,0.57616,-0.20,0.00,0.90,0.24,0.24,0.90,0.00,0.00,1,Dragon Wave_AZ3,0.03,0.03hrs
17/07/2026 19:49:30,buy,0.03,CADCHF,0.57612,17/07/2026 19:56:00,0.57615,-0.15,0.00,0.30,-0.04,0.00,0.30,-0.19,-0.10,1,Dragon Wave_AZ2,0.11,0.11hrs
17/07/2026 19:54:28,buy,0.01,CADCHF,0.57606,17/07/2026 19:55:52,0.57611,-0.05,0.00,0.50,0.01,0.01,0.50,0.00,0.00,1,Dragon Wave_CZ0,0.02,0.02hrs
17/07/2026 19:45:16,buy,0.03,EURUSD,1.14393,17/07/2026 19:54:45,1.14392,-0.15,0.00,-0.10,-0.18,0.00,0.00,-0.54,-1.30,1,Dragon Wave_AZ2,0.16,0.16hrs
17/07/2026 19:37:10,buy,0.02,EURUSD,1.14401,17/07/2026 19:54:45,1.14392,-0.10,0.00,-0.90,-0.28,0.00,0.00,-0.52,-2.10,1,Dragon Wave_AZ1,0.29,0.29hrs
17/07/2026 19:35:15,buy,0.01,EURUSD,1.14406,17/07/2026 19:54:45,1.14392,-0.05,0.00,-1.40,-0.19,0.00,0.00,-0.31,-2.60,1,Dragon Wave_AZ0,0.33,0.33hrs
17/07/2026 19:47:14,buy,0.07,EURUSD,1.14379,17/07/2026 19:54:44,1.14393,-0.35,0.00,1.40,0.63,0.63,1.40,-0.28,0.00,1,Dragon Wave_AZ4,0.13,0.13hrs
17/07/2026 19:46:11,buy,0.04,EURUSD,1.14391,17/07/2026 19:54:44,1.14393,-0.20,0.00,0.20,-0.12,0.00,0.20,-0.64,-1.10,1,Dragon Wave_AZ3,0.14,0.14hrs
17/07/2026 19:47:49,buy,0.01,EURUSD,1.14378,17/07/2026 19:54:41,1.14389,-0.05,0.00,1.10,0.06,0.06,1.10,-0.03,0.00,1,Dragon Wave_CZ0,0.11,0.11hrs
17/07/2026 19:52:25,buy,0.01,GBPCAD,1.88502,17/07/2026 19:54:25,1.88522,-0.05,0.00,2.00,0.09,0.09,2.00,0.00,0.00,1,Dragon Wave_AZ0,0.03,0.03hrs
17/07/2026 19:52:19,buy,0.01,NZDCAD,0.81890,17/07/2026 19:53:47,0.81895,-0.05,0.00,0.50,-0.02,0.00,0.50,-0.02,0.00,1,Dragon Wave_AZ0,0.02,0.02hrs
17/07/2026 19:50:03,buy,0.01,CADCHF,0.57612,17/07/2026 19:52:27,0.57617,-0.05,0.00,0.50,0.01,0.01,0.50,-0.06,-0.10,1,Dragon Wave_CZ0,0.04,0.04hrs
17/07/2026 19:47:34,buy,0.01,EURUSD,1.14376,17/07/2026 19:49:51,1.14385,-0.05,0.00,0.90,0.04,0.04,0.90,0.00,0.00,1,Dragon Wave_BZ0,0.04,0.04hrs
17/07/2026 19:47:17,buy,0.01,EURJPY,185.87100,17/07/2026 19:48:43,185.88300,-0.05,0.00,1.20,0.02,0.02,1.20,0.00,0.00,1,Dragon Wave_BZ0,0.02,0.02hrs
17/07/2026 19:40:56,buy,0.01,CADCHF,0.57616,17/07/2026 19:47:28,0.57621,-0.05,0.00,0.50,0.01,0.01,0.50,-0.09,-0.30,1,Dragon Wave_CZ0,0.11,0.11hrs
17/07/2026 19:13:46,buy,0.02,USDCAD,1.40080,17/07/2026 19:46:50,1.40110,-0.10,0.00,3.00,0.33,0.33,3.00,-0.44,-2.40,1,Dragon Wave_CZ1,0.55,0.55hrs
17/07/2026 19:09:19,buy,0.01,USDCAD,1.40121,17/07/2026 19:46:50,1.40110,-0.05,0.00,-1.10,-0.13,0.00,0.00,-0.51,-6.50,1,Dragon Wave_CZ0,0.63,0.63hrs
17/07/2026 19:34:47,buy,0.01,NZDCHF,0.47175,17/07/2026 19:44:01,0.47179,-0.05,0.00,0.00,0.00,0.00,0.00,-0.15,-0.80,1,Dragon Wave_CZ0,0.15,0.15hrs
17/07/2026 19:37:44,buy,0.01,AUDJPY,113.47600,17/07/2026 19:43:43,113.49300,-0.05,0.00,1.70,0.05,0.05,1.70,-0.09,-0.70,1,Dragon Wave_CZ0,0.10,0.10hrs
17/07/2026 19:37:47,buy,0.01,NZDJPY,94.96000,17/07/2026 19:43:42,94.97300,-0.05,0.00,1.30,0.03,0.03,1.30,-0.12,-1.10,1,Dragon Wave_CZ0,0.10,0.10hrs
17/07/2026 19:34:39,buy,0.01,NZDCAD,0.81870,17/07/2026 19:43:32,0.81882,-0.05,0.00,1.20,0.04,0.04,1.20,-0.14,-1.20,1,Dragon Wave_CZ0,0.15,0.15hrs
17/07/2026 19:37:46,buy,0.01,EURUSD,1.14389,17/07/2026 19:42:49,1.14403,-0.05,0.00,1.40,0.09,0.09,1.40,-0.05,0.00,1,Dragon Wave_CZ0,0.08,0.08hrs
17/07/2026 19:38:11,buy,0.02,AUDJPY,113.47100,17/07/2026 19:42:48,113.48700,-0.10,0.00,1.60,0.10,0.10,1.60,-0.12,-0.20,1,Dragon Wave_BZ1,0.08,0.08hrs
17/07/2026 19:37:26,buy,0.01,AUDJPY,113.48400,17/07/2026 19:42:48,113.48700,-0.05,0.00,0.30,-0.03,0.00,0.30,-0.14,-1.50,1,Dragon Wave_BZ0,0.09,0.09hrs
17/07/2026 19:37:00,buy,0.02,XAUUSD,4015.29000,17/07/2026 19:42:36,4016.41000,-0.29,0.00,11.20,1.95,1.95,11.20,-2.21,-9.60,1,Dragon Wave_BZ1,0.09,0.09hrs
17/07/2026 19:32:19,buy,0.01,XAUUSD,4017.71000,17/07/2026 19:42:36,4016.42000,-0.14,0.00,-12.90,-1.43,0.00,0.00,-3.52,-33.80,1,Dragon Wave_BZ0,0.17,0.17hrs
17/07/2026 19:33:25,buy,0.01,XAGUSD,55.98300,17/07/2026 19:42:35,55.98700,-0.10,0.00,40.00,0.10,0.10,40.00,-2.95,-570.00,1,Dragon Wave_CZ0,0.15,0.15hrs
17/07/2026 19:37:15,buy,0.01,XAUUSD,4014.42000,17/07/2026 19:42:16,4015.75000,-0.14,0.00,13.30,1.19,1.19,13.30,-0.23,-0.90,1,Dragon Wave_CZ0,0.08,0.08hrs
17/07/2026 19:34:26,buy,0.01,NZDCHF,0.47174,17/07/2026 19:41:40,0.47173,-0.05,0.00,-0.10,-0.06,0.00,0.00,-0.14,-0.70,1,Dragon Wave_AZ0,0.12,0.12hrs
17/07/2026 19:38:19,buy,0.02,NZDCHF,0.47170,17/07/2026 19:41:39,0.47173,-0.10,0.00,0.30,-0.03,0.00,0.30,-0.17,-0.30,1,Dragon Wave_AZ1,0.06,0.06hrs
17/07/2026 19:34:17,buy,0.02,XAGUSD,55.96600,17/07/2026 19:35:41,55.97500,-0.20,0.00,90.00,0.70,0.70,90.00,0.00,0.00,1,Dragon Wave_AZ1,0.02,0.02hrs
17/07/2026 19:33:07,buy,0.01,XAGUSD,56.00100,17/07/2026 19:35:41,55.97500,-0.10,0.00,-260.00,-1.40,0.00,0.00,-1.70,-320.00,1,Dragon Wave_AZ0,0.04,0.04hrs
17/07/2026 19:33:07,buy,0.02,XAUUSD,4016.55000,17/07/2026 19:33:55,4017.43000,-0.29,0.00,8.80,1.47,1.47,8.80,0.00,0.00,1,Dragon Wave_AZ1,0.01,0.01hrs
17/07/2026 19:30:07,buy,0.01,XAUUSD,4018.50000,17/07/2026 19:33:55,4017.10000,-0.14,0.00,-14.00,-1.54,0.00,0.00,-1.59,-14.50,1,Dragon Wave_AZ0,0.06,0.06hrs
17/07/2026 19:24:53,buy,0.02,NZDCHF,0.47184,17/07/2026 19:27:47,0.47192,-0.10,0.00,0.80,0.10,0.10,0.80,-0.03,0.00,1,Dragon Wave_BZ1,0.05,0.05hrs
17/07/2026 19:22:46,buy,0.01,NZDCHF,0.47191,17/07/2026 19:27:47,0.47192,-0.05,0.00,0.10,-0.03,0.00,0.10,-0.11,-0.50,1,Dragon Wave_BZ0,0.08,0.08hrs
17/07/2026 19:23:12,buy,0.03,NZDCAD,0.81880,17/07/2026 19:27:43,0.81894,-0.15,0.00,1.40,0.15,0.15,1.40,-0.28,-0.60,1,Dragon Wave_AZ2,0.08,0.08hrs
17/07/2026 19:22:05,buy,0.02,NZDCAD,0.81893,17/07/2026 19:27:43,0.81894,-0.10,0.00,0.10,-0.08,0.00,0.10,-0.37,-1.90,1,Dragon Wave_AZ1,0.09,0.09hrs
17/07/2026 19:19:25,buy,0.01,NZDCAD,0.81895,17/07/2026 19:27:43,0.81897,-0.05,0.00,0.20,-0.04,0.00,0.20,-0.20,-2.10,1,Dragon Wave_AZ0,0.14,0.14hrs
17/07/2026 19:23:35,buy,0.01,NZDCAD,0.81875,17/07/2026 19:27:37,0.81895,-0.05,0.00,2.00,0.09,0.09,2.00,0.00,0.00,1,Dragon Wave_CZ0,0.07,0.07hrs
17/07/2026 19:21:49,buy,0.01,XAGUSD,56.01600,17/07/2026 19:24:37,56.04200,-0.10,0.00,260.00,1.20,1.20,260.00,-2.00,-380.00,1,Dragon Wave_CZ0,0.05,0.05hrs
17/07/2026 19:13:29,buy,0.01,EURNZD,1.95660,17/07/2026 19:22:45,1.95662,-0.05,0.00,0.20,-0.04,0.00,0.20,-0.34,-4.90,1,Dragon Wave_AZ0,0.15,0.15hrs
17/07/2026 19:16:07,buy,0.02,EURNZD,1.95628,17/07/2026 19:22:44,1.95662,-0.10,0.00,3.40,0.29,0.29,3.40,-0.30,-1.70,1,Dragon Wave_AZ1,0.11,0.11hrs
17/07/2026 19:01:38,buy,0.01,AUDCAD,0.97853,17/07/2026 19:18:47,0.97845,-0.05,0.00,-0.80,-0.11,0.00,0.00,-0.34,-4.10,1,Dragon Wave_BZ0,0.29,0.29hrs
17/07/2026 19:03:49,buy,0.02,AUDCAD,0.97829,17/07/2026 19:18:46,0.97845,-0.10,0.00,1.60,0.13,0.19,2.00,-0.34,-1.70,1,Dragon Wave_BZ1,0.25,0.25hrs
17/07/2026 19:09:04,buy,0.01,USDJPY,162.46100,17/07/2026 19:14:36,162.47200,-0.05,0.00,1.10,0.02,0.02,1.10,-0.02,0.00,1,Dragon Wave_AZ0,0.09,0.09hrs
17/07/2026 19:02:22,buy,0.02,NZDCAD,0.81912,17/07/2026 19:14:28,0.81906,-0.10,0.00,-0.60,-0.19,0.00,0.00,-0.67,-4.00,1,Dragon Wave_BZ1,0.20,0.20hrs
17/07/2026 19:01:18,buy,0.01,NZDCAD,0.81924,17/07/2026 19:14:28,0.81906,-0.05,0.00,-1.80,-0.18,0.00,0.00,-0.42,-5.20,1,Dragon Wave_BZ0,0.22,0.22hrs
17/07/2026 19:03:42,buy,0.03,NZDCAD,0.81884,17/07/2026 19:14:27,0.81906,-0.15,0.00,2.20,0.33,0.33,2.20,-0.41,-1.20,1,Dragon Wave_BZ2,0.18,0.18hrs
17/07/2026 19:01:37,buy,0.01,NZDUSD,0.58443,17/07/2026 19:12:58,0.58455,-0.05,0.00,1.20,0.07,0.07,1.20,-0.29,-2.40,1,Dragon Wave_BZ0,0.19,0.19hrs
17/07/2026 18:36:42,buy,0.02,GBPUSD,1.34499,17/07/2026 19:12:28,1.34482,-0.10,0.00,-1.70,-0.44,0.00,0.00,-2.40,-11.50,1,Dragon Wave_BZ1,0.60,0.60hrs
17/07/2026 18:34:54,buy,0.01,GBPUSD,1.34519,17/07/2026 19:12:28,1.34482,-0.05,0.00,-3.70,-0.42,0.00,0.00,-1.40,-13.50,1,Dragon Wave_BZ0,0.63,0.63hrs
17/07/2026 18:47:47,buy,0.03,GBPUSD,1.34433,17/07/2026 19:12:27,1.34482,-0.15,0.00,4.90,1.32,1.32,4.90,-1.62,-4.90,1,Dragon Wave_BZ2,0.41,0.41hrs
17/07/2026 19:05:53,buy,0.02,NZDCAD,0.81873,17/07/2026 19:11:14,0.81891,-0.10,0.00,1.80,0.16,0.16,1.80,0.00,0.00,1,Dragon Wave_CZ1,0.09,0.09hrs
17/07/2026 19:02:33,buy,0.01,NZDCAD,0.81905,17/07/2026 19:11:14,0.81890,-0.05,0.00,-1.50,-0.16,0.00,0.00,-0.29,-3.30,1,Dragon Wave_CZ0,0.14,0.14hrs
17/07/2026 18:34:13,buy,0.01,GBPUSD,1.34523,17/07/2026 19:11:04,1.34463,-0.05,0.00,-6.00,-0.65,0.00,0.00,-1.44,-13.90,1,Dragon Wave_AZ0,0.61,0.61hrs
17/07/2026 19:02:47,buy,0.04,GBPUSD,1.34390,17/07/2026 19:11:03,1.34463,-0.20,0.00,7.30,2.72,2.72,7.30,-0.44,-0.60,1,Dragon Wave_AZ3,0.14,0.14hrs
17/07/2026 18:47:37,buy,0.03,GBPUSD,1.34430,17/07/2026 19:11:03,1.34464,-0.15,0.00,3.40,0.87,0.87,3.40,-1.53,-4.60,1,Dragon Wave_AZ2,0.39,0.39hrs
17/07/2026 18:36:31,buy,0.02,GBPUSD,1.34501,17/07/2026 19:11:03,1.34465,-0.10,0.00,-3.60,-0.82,0.00,0.00,-2.44,-11.70,1,Dragon Wave_AZ1,0.58,0.58hrs
17/07/2026 19:03:55,buy,0.02,GBPCAD,1.88346,17/07/2026 19:10:48,1.88397,-0.10,0.00,5.10,0.62,0.62,5.10,-0.49,-2.70,1,Dragon Wave_BZ1,0.11,0.11hrs
17/07/2026 18:59:04,buy,0.01,GBPCAD,1.88441,17/07/2026 19:10:48,1.88395,-0.05,0.00,-4.60,-0.38,0.00,0.00,-0.92,-12.20,1,Dragon Wave_BZ0,0.20,0.20hrs
17/07/2026 19:04:59,buy,0.01,NZDCHF,0.47166,17/07/2026 19:10:43,0.47173,-0.05,0.00,0.70,0.03,0.03,0.70,-0.15,-0.80,1,Dragon Wave_BZ0,0.10,0.10hrs
17/07/2026 19:01:35,buy,0.01,AUDUSD,0.69809,17/07/2026 19:10:33,0.69824,-0.05,0.00,1.50,0.10,0.10,1.50,-0.23,-1.80,1,Dragon Wave_AZ0,0.15,0.15hrs
17/07/2026 19:01:19,buy,0.01,XAGUSD,56.01000,17/07/2026 19:10:23,56.02600,-0.10,0.00,160.00,0.70,0.70,160.00,-5.75,-1130.00,1,Dragon Wave_BZ0,0.15,0.15hrs
17/07/2026 19:02:35,buy,0.01,AUDUSD,0.69809,17/07/2026 19:10:22,0.69824,-0.05,0.00,1.50,0.10,0.10,1.50,-0.23,-1.80,1,Dragon Wave_CZ0,0.13,0.13hrs
17/07/2026 19:03:11,buy,0.01,NZDJPY,94.93700,17/07/2026 19:10:18,94.95000,-0.05,0.00,1.30,0.03,0.03,1.30,-0.11,-1.00,1,Dragon Wave_AZ0,0.12,0.12hrs
17/07/2026 19:02:50,buy,0.01,AUDJPY,113.41400,17/07/2026 19:09:42,113.44000,-0.05,0.00,2.60,0.11,0.11,2.60,-0.08,-0.40,1,Dragon Wave_BZ0,0.11,0.11hrs
17/07/2026 19:01:40,buy,0.02,EURUSD,1.14359,17/07/2026 19:09:28,1.14396,-0.10,0.00,3.70,0.64,0.64,3.70,-0.46,-1.80,1,Dragon Wave_CZ1,0.13,0.13hrs
17/07/2026 18:59:27,buy,0.01,EURUSD,1.14394,17/07/2026 19:09:28,1.14396,-0.05,0.00,0.20,-0.03,0.00,0.20,-0.58,-5.30,1,Dragon Wave_CZ0,0.17,0.17hrs
17/07/2026 19:01:41,buy,0.01,XAGUSD,55.92600,17/07/2026 19:09:27,56.01100,-0.10,0.00,850.00,4.15,4.15,850.00,-1.55,-290.00,1,Dragon Wave_CZ0,0.13,0.13hrs
17/07/2026 19:02:04,buy,0.01,AUDUSD,0.69809,17/07/2026 19:09:16,0.69817,-0.05,0.00,0.80,0.03,0.03,0.80,-0.23,-1.80,1,Dragon Wave_BZ0,0.12,0.12hrs
17/07/2026 19:01:28,buy,0.01,EURUSD,1.14367,17/07/2026 19:09:16,1.14382,-0.05,0.00,1.50,0.10,0.10,1.50,-0.31,-2.60,1,Dragon Wave_BZ0,0.13,0.13hrs
17/07/2026 19:03:10,buy,0.02,GBPUSD,1.34382,17/07/2026 19:08:05,1.34418,-0.10,0.00,3.60,0.62,0.62,3.60,-0.06,0.00,1,Dragon Wave_CZ1,0.08,0.08hrs
17/07/2026 19:01:59,buy,0.01,GBPUSD,1.34406,17/07/2026 19:08:05,1.34417,-0.05,0.00,1.10,0.06,0.06,1.10,-0.27,-2.20,1,Dragon Wave_CZ0,0.10,0.10hrs
17/07/2026 19:01:18,buy,0.01,EURUSD,1.14371,17/07/2026 19:07:52,1.14372,-0.05,0.00,0.10,-0.04,0.00,0.10,-0.35,-3.00,1,Dragon Wave_AZ0,0.11,0.11hrs
17/07/2026 19:02:11,buy,0.02,EURUSD,1.14359,17/07/2026 19:07:51,1.14372,-0.10,0.00,1.30,0.16,0.16,1.30,-0.46,-1.80,1,Dragon Wave_AZ1,0.09,0.09hrs
17/07/2026 19:01:30,buy,0.01,CHFJPY,201.30200,17/07/2026 19:05:37,201.31600,-0.05,0.00,1.40,0.04,0.04,1.40,-0.35,-4.90,1,Dragon Wave_CZ0,0.07,0.07hrs
17/07/2026 19:02:20,buy,0.01,GBPCAD,1.88363,17/07/2026 19:05:05,1.88370,-0.05,0.00,0.00,0.00,0.00,0.00,-0.11,-0.90,1,Dragon Wave_AZ0,0.05,0.05hrs
17/07/2026 19:02:20,buy,0.01,GBPJPY,218.32900,17/07/2026 19:05:04,218.41100,-0.05,0.00,8.20,0.45,0.45,8.20,0.00,0.00,1,Dragon Wave_CZ0,0.05,0.05hrs
17/07/2026 19:01:48,buy,0.01,GBPJPY,218.36800,17/07/2026 19:04:49,218.39600,-0.05,0.00,2.80,0.13,0.13,2.80,-0.20,-2.40,1,Dragon Wave_BZ0,0.05,0.05hrs
17/07/2026 19:01:59,buy,0.01,XAUUSD,4012.81000,17/07/2026 19:04:39,4016.89000,-0.14,0.00,40.80,3.94,3.94,40.80,-0.05,0.00,1,Dragon Wave_CZ0,0.04,0.04hrs
17/07/2026 19:01:48,buy,0.01,XAUUSD,4013.80000,17/07/2026 19:04:28,4016.60000,-0.14,0.00,28.00,2.66,2.66,28.00,-1.04,-9.00,1,Dragon Wave_BZ0,0.04,0.04hrs
17/07/2026 18:59:21,buy,0.01,EURAUD,1.63794,17/07/2026 19:01:38,1.63836,-0.05,0.00,4.20,0.24,0.24,4.20,0.00,0.00,1,Dragon Wave_CZ0,0.04,0.04hrs
17/07/2026 19:00:22,buy,0.01,XAGUSD,56.01200,17/07/2026 19:00:50,56.03300,-0.10,0.00,210.00,0.95,0.95,210.00,0.00,0.00,1,Dragon Wave_AZ0,0.01,0.01hrs
17/07/2026 18:58:59,buy,0.01,GBPNZD,2.29942,17/07/2026 19:00:47,2.29961,-0.05,0.00,1.90,0.06,0.06,1.90,0.00,0.00,1,Dragon Wave_AZ0,0.03,0.03hrs
17/07/2026 18:58:46,buy,0.01,GBPCAD,1.88432,17/07/2026 18:59:33,1.88447,-0.05,0.00,1.50,0.05,0.05,1.50,0.00,0.00,1,Dragon Wave_AZ0,0.01,0.01hrs
17/07/2026 18:50:25,buy,0.01,NZDCHF,0.47142,17/07/2026 18:53:43,0.47149,-0.05,0.00,0.70,0.03,0.03,0.70,-0.10,-0.40,1,Dragon Wave_BZ0,0.06,0.06hrs
17/07/2026 18:49:43,buy,0.01,NZDUSD,0.58427,17/07/2026 18:53:36,0.58437,-0.05,0.00,1.00,0.05,0.05,1.00,-0.09,-0.40,1,Dragon Wave_BZ0,0.06,0.06hrs
17/07/2026 18:45:10,buy,0.02,NZDCAD,0.81903,17/07/2026 18:51:48,0.81910,-0.10,0.00,0.00,0.00,0.00,0.10,-0.13,-0.20,1,Dragon Wave_AZ1,0.11,0.11hrs
17/07/2026 18:43:30,buy,0.01,NZDCAD,0.81911,17/07/2026 18:51:48,0.81910,-0.05,0.00,-0.10,-0.05,0.00,0.00,-0.12,-1.00,1,Dragon Wave_AZ0,0.14,0.14hrs
17/07/2026 18:47:52,buy,0.02,GBPUSD,1.34436,17/07/2026 18:50:52,1.34466,-0.10,0.00,3.00,0.50,0.50,3.00,0.00,0.00,1,Dragon Wave_CZ1,0.05,0.05hrs
17/07/2026 18:35:12,buy,0.01,GBPUSD,1.34493,17/07/2026 18:50:52,1.34466,-0.05,0.00,-2.70,-0.32,0.00,0.00,-0.56,-5.10,1,Dragon Wave_CZ0,0.26,0.26hrs
17/07/2026 18:47:29,buy,0.01,GBPJPY,218.33600,17/07/2026 18:50:46,218.38000,-0.05,0.00,4.40,0.22,0.22,4.40,0.00,0.00,1,Dragon Wave_CZ0,0.05,0.05hrs
17/07/2026 18:30:11,buy,0.01,GBPNZD,2.30132,17/07/2026 18:50:43,2.30099,-0.05,0.00,-3.30,-0.24,0.04,1.50,-0.65,-10.20,1,Dragon Wave_AZ0,0.34,0.34hrs
17/07/2026 18:48:07,buy,0.02,GBPNZD,2.30037,17/07/2026 18:50:42,2.30099,-0.10,0.00,6.20,0.62,0.62,6.20,-0.18,-0.70,1,Dragon Wave_AZ1,0.04,0.04hrs
17/07/2026 18:47:48,buy,0.01,GBPCAD,1.88420,17/07/2026 18:50:29,1.88464,-0.05,0.00,4.40,0.26,0.26,4.40,-0.09,-0.60,1,Dragon Wave_CZ0,0.04,0.04hrs
17/07/2026 18:45:07,buy,0.01,EURCAD,1.60324,17/07/2026 18:46:22,1.60334,-0.05,0.00,1.00,0.02,0.02,1.00,0.00,0.00,1,Dragon Wave_AZ0,0.02,0.02hrs
17/07/2026 18:41:42,buy,0.01,EURUSD,1.14387,17/07/2026 18:46:19,1.14397,-0.05,0.00,1.00,0.05,0.05,1.00,-0.09,-0.40,1,Dragon Wave_CZ0,0.08,0.08hrs
17/07/2026 18:43:32,buy,0.01,EURJPY,185.77500,17/07/2026 18:46:17,185.80400,-0.05,0.00,2.90,0.12,0.12,2.90,0.00,0.00,1,Dragon Wave_CZ0,0.05,0.05hrs
17/07/2026 18:43:23,buy,0.01,EURUSD,1.14376,17/07/2026 18:45:33,1.14385,-0.05,0.00,0.90,0.04,0.04,0.90,0.00,0.00,1,Dragon Wave_AZ0,0.04,0.04hrs
17/07/2026 18:43:32,buy,0.01,AUDJPY,113.38600,17/07/2026 18:44:43,113.39600,-0.05,0.00,1.00,0.01,0.01,1.00,0.00,0.00,1,Dragon Wave_BZ0,0.02,0.02hrs
17/07/2026 18:43:27,buy,0.01,GBPJPY,218.39000,17/07/2026 18:43:50,218.39600,-0.05,0.00,0.60,-0.01,0.00,0.60,-0.01,0.00,1,Dragon Wave_BZ0,0.01,0.01hrs
17/07/2026 18:42:36,buy,0.01,XAUUSD,4012.95000,17/07/2026 18:42:59,4013.25000,-0.14,0.00,3.00,0.16,0.16,3.00,0.00,0.00,1,Dragon Wave_BZ0,0.01,0.01hrs
17/07/2026 18:38:44,buy,0.01,GBPCAD,1.88444,17/07/2026 18:40:49,1.88475,-0.05,0.00,3.10,0.17,0.17,3.10,0.00,0.00,1,Dragon Wave_BZ0,0.03,0.03hrs
17/07/2026 18:39:30,buy,0.01,GBPCAD,1.88432,17/07/2026 18:40:31,1.88482,-0.05,0.00,5.00,0.31,0.31,5.00,0.00,0.00,1,Dragon Wave_CZ0,0.02,0.02hrs
17/07/2026 18:38:49,buy,0.01,GBPAUD,1.92582,17/07/2026 18:39:53,1.92598,-0.05,0.00,1.60,0.07,0.07,1.60,0.00,0.00,1,Dragon Wave_AZ0,0.02,0.02hrs
17/07/2026 18:36:13,buy,0.01,CADCHF,0.57552,17/07/2026 18:39:43,0.57559,-0.05,0.00,0.70,0.04,0.04,0.70,0.00,0.00,1,Dragon Wave_AZ0,0.06,0.06hrs
17/07/2026 18:35:58,buy,0.01,AUDUSD,0.69811,17/07/2026 18:39:32,0.69832,-0.05,0.00,2.10,0.16,0.16,2.10,0.00,0.00,1,Dragon Wave_CZ0,0.06,0.06hrs
17/07/2026 18:38:40,buy,0.01,EURUSD,1.14397,17/07/2026 18:39:20,1.14408,-0.05,0.00,1.10,0.06,0.06,1.10,0.00,0.00,1,Dragon Wave_AZ0,0.01,0.01hrs
17/07/2026 18:36:07,buy,0.02,NZDCHF,0.47134,17/07/2026 18:39:17,0.47142,-0.10,0.00,0.80,0.10,0.10,0.80,0.00,0.00,1,Dragon Wave_AZ1,0.05,0.05hrs
17/07/2026 18:35:11,buy,0.01,NZDCHF,0.47143,17/07/2026 18:39:17,0.47142,-0.05,0.00,-0.10,-0.06,0.00,0.00,-0.16,-0.90,1,Dragon Wave_AZ0,0.07,0.07hrs
17/07/2026 18:38:50,buy,0.01,GBPJPY,218.38300,17/07/2026 18:39:14,218.40800,-0.05,0.00,2.50,0.11,0.11,2.50,0.00,0.00,1,Dragon Wave_BZ0,0.01,0.01hrs
17/07/2026 18:36:36,buy,0.01,CADCHF,0.57546,17/07/2026 18:39:12,0.57556,-0.05,0.00,1.00,0.08,0.08,1.00,0.00,0.00,1,Dragon Wave_CZ0,0.04,0.04hrs
17/07/2026 18:32:17,buy,0.01,AUDJPY,113.39500,17/07/2026 18:39:05,113.41100,-0.05,0.00,1.60,0.05,0.05,1.60,-0.31,-4.20,1,Dragon Wave_AZ0,0.11,0.11hrs
17/07/2026 18:35:23,buy,0.01,NZDCHF,0.47134,17/07/2026 18:39:04,0.47143,-0.05,0.00,0.90,0.06,0.06,0.90,-0.05,0.00,1,Dragon Wave_BZ0,0.06,0.06hrs
17/07/2026 18:36:21,buy,0.01,CADCHF,0.57549,17/07/2026 18:38:53,0.57556,-0.05,0.00,0.70,0.04,0.04,0.70,0.00,0.00,1,Dragon Wave_BZ0,0.04,0.04hrs
17/07/2026 18:35:35,buy,0.01,NZDUSD,0.58436,17/07/2026 18:37:48,0.58453,-0.05,0.00,1.70,0.12,0.12,1.70,-0.10,-0.50,1,Dragon Wave_CZ0,0.04,0.04hrs
17/07/2026 18:35:19,buy,0.01,AUDCHF,0.56301,17/07/2026 18:37:46,0.56308,-0.05,0.00,0.70,0.04,0.04,0.70,-0.10,-0.40,1,Dragon Wave_AZ0,0.04,0.04hrs
17/07/2026 18:35:13,buy,0.02,EURUSD,1.14391,17/07/2026 18:37:01,1.14406,-0.10,0.00,1.50,0.20,0.20,1.50,0.00,0.00,1,Dragon Wave_AZ1,0.03,0.03hrs
17/07/2026 18:33:28,buy,0.01,EURUSD,1.14413,17/07/2026 18:37:01,1.14408,-0.05,0.00,-0.50,-0.10,0.00,0.00,-0.22,-1.70,1,Dragon Wave_AZ0,0.06,0.06hrs
17/07/2026 18:35:37,buy,0.01,NZDCAD,0.81893,17/07/2026 18:36:43,0.81909,-0.05,0.00,1.60,0.06,0.06,1.60,-0.07,-0.30,1,Dragon Wave_CZ0,0.02,0.02hrs
17/07/2026 18:35:34,buy,0.01,EURUSD,1.14393,17/07/2026 18:36:40,1.14414,-0.05,0.00,2.10,0.16,0.16,2.10,-0.02,0.00,1,Dragon Wave_CZ0,0.02,0.02hrs
17/07/2026 18:35:22,buy,0.01,AUDUSD,0.69804,17/07/2026 18:36:40,0.69820,-0.05,0.00,1.60,0.11,0.11,1.60,-0.10,-0.50,1,Dragon Wave_AZ0,0.02,0.02hrs
17/07/2026 18:35:39,buy,0.01,AUDJPY,113.35400,17/07/2026 18:36:38,113.38700,-0.05,0.00,3.30,0.16,0.16,3.30,-0.06,-0.10,1,Dragon Wave_CZ0,0.02,0.02hrs
17/07/2026 18:35:25,buy,0.01,NZDUSD,0.58437,17/07/2026 18:36:33,0.58451,-0.05,0.00,1.40,0.09,0.09,1.40,-0.11,-0.60,1,Dragon Wave_BZ0,0.02,0.02hrs
17/07/2026 18:35:16,buy,0.01,AUDCAD,0.97826,17/07/2026 18:36:25,0.97835,-0.05,0.00,0.90,0.01,0.01,0.90,-0.14,-1.30,1,Dragon Wave_BZ0,0.02,0.02hrs
17/07/2026 18:35:16,buy,0.01,NZDCAD,0.81898,17/07/2026 18:36:22,0.81903,-0.05,0.00,0.50,-0.01,0.00,0.50,-0.11,-0.80,1,Dragon Wave_BZ0,0.02,0.02hrs
17/07/2026 18:35:21,buy,0.02,EURUSD,1.14393,17/07/2026 18:36:20,1.14417,-0.10,0.00,2.40,0.38,0.38,2.40,-0.04,0.00,1,Dragon Wave_BZ1,0.02,0.02hrs
17/07/2026 18:34:29,buy,0.01,EURUSD,1.14407,17/07/2026 18:36:20,1.14417,-0.05,0.00,1.00,0.05,0.05,1.00,-0.16,-1.10,1,Dragon Wave_BZ0,0.03,0.03hrs
17/07/2026 18:35:22,buy,0.01,AUDJPY,113.34800,17/07/2026 18:36:16,113.38300,-0.05,0.00,3.50,0.17,0.17,3.50,-0.02,0.00,1,Dragon Wave_BZ0,0.01,0.01hrs
17/07/2026 18:35:21,buy,0.01,EURJPY,185.76600,17/07/2026 18:36:14,185.79300,-0.05,0.00,2.70,0.11,0.11,2.70,-0.01,0.00,1,Dragon Wave_BZ0,0.01,0.01hrs
17/07/2026 18:33:26,buy,0.01,CADCHF,0.57554,17/07/2026 18:34:55,0.57561,-0.05,0.00,0.70,0.04,0.04,0.70,0.00,0.00,1,Dragon Wave_AZ0,0.02,0.02hrs
17/07/2026 18:34:17,buy,0.01,CADCHF,0.57548,17/07/2026 18:34:48,0.57557,-0.05,0.00,0.90,0.06,0.06,0.90,0.00,0.00,1,Dragon Wave_BZ0,0.01,0.01hrs
17/07/2026 18:32:26,buy,0.01,EURUSD,1.14405,17/07/2026 18:33:55,1.14418,-0.05,0.00,1.30,0.08,0.08,1.30,0.00,0.00,1,Dragon Wave_BZ0,0.02,0.02hrs
17/07/2026 18:32:14,buy,0.01,XAGUSD,55.91000,17/07/2026 18:33:49,55.93700,-0.10,0.00,270.00,1.25,1.25,270.00,0.00,0.00,1,Dragon Wave_AZ0,0.03,0.03hrs
17/07/2026 18:32:23,buy,0.01,XAUUSD,4011.28000,17/07/2026 18:33:46,4012.09000,-0.14,0.00,8.10,0.67,0.67,8.10,0.00,0.00,1,Dragon Wave_AZ0,0.02,0.02hrs
17/07/2026 18:20:54,buy,0.01,USDJPY,162.36200,17/07/2026 18:32:55,162.38000,-0.05,0.00,1.80,0.06,0.06,1.80,-0.11,-1.00,1,Dragon Wave_CZ0,0.20,0.20hrs
17/07/2026 18:32:12,buy,0.01,GBPUSD,1.34508,17/07/2026 18:32:48,1.34531,-0.05,0.00,2.30,0.18,0.18,2.30,0.00,0.00,1,Dragon Wave_AZ0,0.01,0.01hrs
17/07/2026 17:57:40,buy,0.01,USDCHF,0.80673,17/07/2026 18:32:22,0.80646,-0.05,0.00,-2.70,-0.38,0.00,0.00,-0.83,-6.30,1,Dragon Wave_CZ0,0.58,0.58hrs
17/07/2026 18:22:34,buy,0.03,USDCHF,0.80609,17/07/2026 18:32:21,0.80646,-0.15,0.00,3.70,1.23,1.23,3.70,-0.11,0.00,1,Dragon Wave_CZ2,0.16,0.16hrs
17/07/2026 18:03:39,buy,0.02,USDCHF,0.80652,17/07/2026 18:32:21,0.80646,-0.10,0.00,-0.60,-0.25,0.00,0.00,-1.14,-4.20,1,Dragon Wave_CZ1,0.48,0.48hrs
17/07/2026 18:30:44,buy,0.01,GBPAUD,1.92594,17/07/2026 18:32:19,1.92602,-0.05,0.00,0.80,0.01,0.01,0.80,0.00,0.00,1,Dragon Wave_BZ0,0.03,0.03hrs
17/07/2026 18:22:14,buy,0.02,USDJPY,162.35400,17/07/2026 18:30:40,162.37300,-0.10,0.00,1.90,0.13,0.13,1.90,-0.12,-0.20,1,Dragon Wave_AZ1,0.14,0.14hrs
17/07/2026 18:17:13,buy,0.01,USDJPY,162.37300,17/07/2026 18:30:40,162.37300,-0.05,0.00,0.00,-0.05,0.00,0.00,-0.18,-2.10,1,Dragon Wave_AZ0,0.22,0.22hrs
17/07/2026 18:17:37,buy,0.01,CADJPY,115.88900,17/07/2026 18:30:38,115.91100,-0.05,0.00,2.20,0.09,0.09,2.20,-0.12,-1.20,1,Dragon Wave_CZ0,0.22,0.22hrs
17/07/2026 18:19:32,buy,0.03,CADCHF,0.57553,17/07/2026 18:26:30,0.57552,-0.15,0.00,-0.10,-0.18,0.00,0.00,-0.60,-1.20,1,Dragon Wave_BZ2,0.12,0.12hrs
17/07/2026 18:16:30,buy,0.02,CADCHF,0.57560,17/07/2026 18:26:30,0.57552,-0.10,0.00,-0.80,-0.30,0.00,0.00,-0.57,-1.90,1,Dragon Wave_BZ1,0.17,0.17hrs
17/07/2026 17:58:41,buy,0.01,CADCHF,0.57575,17/07/2026 18:26:30,0.57552,-0.05,0.00,-2.30,-0.33,0.00,0.00,-0.47,-3.40,1,Dragon Wave_BZ0,0.46,0.46hrs
17/07/2026 18:21:32,buy,0.04,CADCHF,0.57537,17/07/2026 18:26:29,0.57552,-0.20,0.00,1.50,0.55,0.55,1.50,0.00,0.00,1,Dragon Wave_BZ3,0.08,0.08hrs
17/07/2026 18:20:48,buy,0.02,CADCHF,0.57542,17/07/2026 18:25:54,0.57552,-0.10,0.00,1.00,0.14,0.14,1.00,-0.12,-0.10,1,Dragon Wave_CZ1,0.09,0.09hrs
17/07/2026 18:16:52,buy,0.01,CADCHF,0.57556,17/07/2026 18:25:54,0.57552,-0.05,0.00,-0.40,-0.10,0.00,0.00,-0.24,-1.50,1,Dragon Wave_CZ0,0.15,0.15hrs
17/07/2026 18:23:27,buy,0.01,AUDJPY,113.36700,17/07/2026 18:25:03,113.37300,-0.05,0.00,0.60,-0.01,0.00,0.60,-0.01,0.00,1,Dragon Wave_AZ0,0.03,0.03hrs
17/07/2026 18:24:22,buy,0.02,AUDJPY,113.36600,17/07/2026 18:25:02,113.37400,-0.10,0.00,0.00,0.00,0.00,0.00,0.00,0.00,1,Dragon Wave_AZ1,0.01,0.01hrs
17/07/2026 18:20:22,buy,0.01,CADCHF,0.57540,17/07/2026 18:23:10,0.57545,-0.05,0.00,0.50,0.02,0.02,0.50,-0.04,0.00,1,Dragon Wave_AZ0,0.05,0.05hrs
17/07/2026 18:22:13,buy,0.02,CADCHF,0.57535,17/07/2026 18:23:09,0.57545,-0.10,0.00,1.00,0.15,0.15,1.00,0.00,0.00,1,Dragon Wave_AZ1,0.02,0.02hrs
17/07/2026 18:20:28,buy,0.01,XAGUSD,55.74200,17/07/2026 18:20:56,55.80300,-0.10,0.00,610.00,2.95,2.95,610.00,0.00,0.00,1,Dragon Wave_CZ0,0.01,0.01hrs
17/07/2026 18:11:21,buy,0.01,EURUSD,1.14401,17/07/2026 18:20:11,1.14423,-0.05,0.00,2.20,0.17,0.17,2.20,-0.05,0.00,1,Dragon Wave_BZ0,0.15,0.15hrs
17/07/2026 18:11:27,buy,0.01,AUDJPY,113.37300,17/07/2026 18:19:45,113.37800,-0.05,0.00,0.50,-0.02,0.00,0.50,-0.15,-1.60,1,Dragon Wave_BZ0,0.14,0.14hrs
17/07/2026 18:12:20,buy,0.01,AUDUSD,0.69818,17/07/2026 18:19:33,0.69824,-0.05,0.00,0.60,0.01,0.01,0.60,-0.12,-0.70,1,Dragon Wave_BZ0,0.12,0.12hrs
17/07/2026 18:14:16,buy,0.01,NZDCHF,0.47109,17/07/2026 18:19:04,0.47122,-0.05,0.00,1.30,0.11,0.11,1.30,0.00,0.00,1,Dragon Wave_CZ0,0.08,0.08hrs
17/07/2026 18:11:43,buy,0.01,NZDCHF,0.47114,17/07/2026 18:19:00,0.47122,-0.05,0.00,0.80,0.05,0.05,0.80,-0.06,-0.10,1,Dragon Wave_BZ0,0.12,0.12hrs
17/07/2026 18:14:11,buy,0.01,AUDJPY,113.35200,17/07/2026 18:18:57,113.36800,-0.05,0.00,1.60,0.05,0.05,1.60,-0.02,0.00,1,Dragon Wave_CZ0,0.08,0.08hrs
17/07/2026 18:14:02,buy,0.01,EURUSD,1.14388,17/07/2026 18:18:32,1.14404,-0.05,0.00,1.60,0.11,0.11,1.60,0.00,0.00,1,Dragon Wave_CZ0,0.07,0.07hrs
17/07/2026 18:13:30,buy,0.01,AUDCAD,0.97805,17/07/2026 18:18:21,0.97813,-0.05,0.00,0.80,0.01,0.01,0.90,0.00,0.00,1,Dragon Wave_CZ0,0.08,0.08hrs
17/07/2026 18:14:30,buy,0.02,AUDCAD,0.97785,17/07/2026 18:18:20,0.97811,-0.10,0.00,2.60,0.27,0.31,2.90,0.00,0.00,1,Dragon Wave_CZ1,0.06,0.06hrs
17/07/2026 18:14:06,buy,0.01,AUDUSD,0.69801,17/07/2026 18:18:12,0.69809,-0.05,0.00,0.80,0.03,0.05,1.00,0.00,0.00,1,Dragon Wave_CZ0,0.07,0.07hrs
17/07/2026 18:07:25,buy,0.02,EURCAD,1.60268,17/07/2026 18:16:53,1.60289,-0.10,0.00,2.10,0.20,0.20,2.10,0.00,0.00,1,Dragon Wave_AZ1,0.16,0.16hrs
17/07/2026 18:04:58,buy,0.01,EURCAD,1.60302,17/07/2026 18:16:53,1.60289,-0.05,0.00,-1.30,-0.14,0.00,0.00,-0.22,-2.40,1,Dragon Wave_AZ0,0.20,0.20hrs
17/07/2026 18:14:16,buy,0.02,NZDCAD,0.81832,17/07/2026 18:15:49,0.81841,-0.10,0.00,0.90,0.03,0.03,0.90,0.00,0.00,1,Dragon Wave_AZ1,0.03,0.03hrs
17/07/2026 18:11:17,buy,0.01,NZDCAD,0.81849,17/07/2026 18:15:49,0.81840,-0.05,0.00,-0.90,-0.12,0.00,0.00,-0.12,-0.90,1,Dragon Wave_AZ0,0.08,0.08hrs
17/07/2026 18:14:07,buy,0.01,XAGUSD,55.80000,17/07/2026 18:15:36,55.86200,-0.10,0.00,620.00,3.00,3.00,620.00,0.00,0.00,1,Dragon Wave_AZ0,0.02,0.02hrs
17/07/2026 18:08:12,buy,0.02,EURAUD,1.63842,17/07/2026 18:14:12,1.63877,-0.10,0.00,3.50,0.39,0.39,3.50,-0.42,-2.30,1,Dragon Wave_AZ1,0.10,0.10hrs
17/07/2026 18:05:09,buy,0.01,EURAUD,1.63867,17/07/2026 18:14:12,1.63877,-0.05,0.00,1.00,0.02,0.02,1.00,-0.39,-4.80,1,Dragon Wave_AZ0,0.15,0.15hrs
17/07/2026 18:09:03,buy,0.01,USDJPY,162.37900,17/07/2026 18:14:09,162.39000,-0.05,0.00,1.10,0.02,0.02,1.10,-0.09,-0.60,1,Dragon Wave_AZ0,0.09,0.09hrs
17/07/2026 18:05:10,buy,0.01,USDCHF,0.80638,17/07/2026 18:13:38,0.80646,-0.05,0.00,0.80,0.05,0.05,0.80,-0.11,-0.50,1,Dragon Wave_BZ0,0.14,0.14hrs
17/07/2026 18:05:38,buy,0.01,USDCAD,1.40087,17/07/2026 18:12:00,1.40095,-0.05,0.00,0.80,0.01,0.01,0.80,-0.05,0.00,1,Dragon Wave_CZ0,0.11,0.11hrs
17/07/2026 18:05:15,buy,0.01,USDCAD,1.40091,17/07/2026 18:11:50,1.40089,-0.05,0.00,-0.20,-0.06,0.00,0.40,-0.08,-0.40,1,Dragon Wave_AZ0,0.11,0.11hrs
17/07/2026 18:09:25,buy,0.02,USDCAD,1.40073,17/07/2026 18:11:49,1.40089,-0.10,0.00,1.60,0.13,0.13,1.60,0.00,0.00,1,Dragon Wave_AZ1,0.04,0.04hrs
17/07/2026 18:09:36,buy,0.01,GBPAUD,1.92554,17/07/2026 18:10:51,1.92590,-0.05,0.00,3.60,0.20,0.20,3.60,0.00,0.00,1,Dragon Wave_BZ0,0.02,0.02hrs
17/07/2026 18:05:03,buy,0.02,CADCHF,0.57560,17/07/2026 18:09:39,0.57570,-0.10,0.00,1.00,0.15,0.15,1.00,-0.12,-0.10,1,Dragon Wave_CZ1,0.08,0.08hrs
17/07/2026 17:57:34,buy,0.01,CADCHF,0.57581,17/07/2026 18:09:39,0.57570,-0.05,0.00,-1.10,-0.19,0.00,0.00,-0.32,-2.20,1,Dragon Wave_CZ0,0.20,0.20hrs
17/07/2026 18:07:09,buy,0.01,NZDCAD,0.81854,17/07/2026 18:09:27,0.81861,-0.05,0.00,0.00,0.00,0.00,0.00,0.00,0.00,1,Dragon Wave_BZ0,0.04,0.04hrs
17/07/2026 18:06:51,buy,0.01,NZDCAD,0.81852,17/07/2026 18:09:16,0.81862,-0.05,0.00,1.00,0.02,0.02,1.00,0.00,0.00,1,Dragon Wave_AZ0,0.04,0.04hrs
17/07/2026 18:07:17,buy,0.01,NZDCAD,0.81841,17/07/2026 18:08:45,0.81859,-0.05,0.00,1.80,0.07,0.07,1.80,0.00,0.00,1,Dragon Wave_CZ0,0.02,0.02hrs
17/07/2026 18:02:28,buy,0.01,CADCHF,0.57569,17/07/2026 18:05:49,0.57567,-0.05,0.00,-0.20,-0.08,0.00,0.00,-0.17,-1.00,1,Dragon Wave_AZ0,0.06,0.06hrs
17/07/2026 18:03:43,buy,0.02,CADCHF,0.57554,17/07/2026 18:05:48,0.57567,-0.10,0.00,1.30,0.23,0.23,1.30,0.00,0.00,1,Dragon Wave_AZ1,0.03,0.03hrs
17/07/2026 17:57:05,buy,0.01,AUDNZD,1.19469,17/07/2026 18:05:36,1.19483,-0.05,0.00,1.40,0.04,0.04,1.40,0.00,0.00,1,Dragon Wave_CZ0,0.14,0.14hrs
17/07/2026 17:51:33,buy,0.01,GBPUSD,1.34494,17/07/2026 18:05:07,1.34474,-0.05,0.00,-2.00,-0.25,0.00,0.00,-0.34,-2.90,1,Dragon Wave_CZ0,0.23,0.23hrs
17/07/2026 17:57:59,buy,0.02,GBPUSD,1.34456,17/07/2026 18:05:06,1.34474,-0.10,0.00,1.80,0.26,0.26,1.80,0.00,0.00,1,Dragon Wave_CZ1,0.12,0.12hrs
17/07/2026 17:32:26,buy,0.02,XAGUSD,55.73100,17/07/2026 18:04:50,55.92100,-0.20,0.00,1900.00,18.80,18.80,1900.00,-16.00,-1580.00,1,Dragon Wave_AZ1,0.54,0.54hrs
17/07/2026 17:29:22,buy,0.01,XAGUSD,55.85000,17/07/2026 18:04:50,55.92400,-0.10,0.00,740.00,3.60,3.60,740.00,-13.95,-2770.00,1,Dragon Wave_AZ0,0.59,0.59hrs
17/07/2026 17:32:51,buy,0.02,XAGUSD,55.69000,17/07/2026 18:03:57,55.76100,-0.20,0.00,710.00,6.90,6.90,710.00,-11.90,-1170.00,1,Dragon Wave_CZ1,0.52,0.52hrs
17/07/2026 17:30:16,buy,0.01,XAGUSD,55.78400,17/07/2026 18:03:57,55.76400,-0.10,0.00,-200.00,-1.10,0.00,0.00,-10.65,-2110.00,1,Dragon Wave_CZ0,0.56,0.56hrs
17/07/2026 18:01:25,buy,0.01,NZDCAD,0.81852,17/07/2026 18:03:25,0.81873,-0.05,0.00,2.10,0.10,0.10,2.10,0.00,0.00,1,Dragon Wave_AZ0,0.03,0.03hrs
17/07/2026 18:01:32,buy,0.02,AUDUSD,0.69796,17/07/2026 18:03:21,0.69809,-0.10,0.00,1.30,0.16,0.16,1.30,0.00,0.00,1,Dragon Wave_BZ1,0.03,0.03hrs
17/07/2026 17:51:39,buy,0.01,AUDUSD,0.69808,17/07/2026 18:03:21,0.69811,-0.05,0.00,0.30,-0.02,0.00,0.30,-0.11,-0.60,1,Dragon Wave_BZ0,0.20,0.20hrs
17/07/2026 17:56:28,buy,0.02,GBPCAD,1.88413,17/07/2026 18:03:10,1.88442,-0.10,0.00,2.90,0.31,0.31,2.90,0.00,0.00,1,Dragon Wave_BZ1,0.11,0.11hrs
17/07/2026 17:49:12,buy,0.01,GBPCAD,1.88451,17/07/2026 18:03:10,1.88443,-0.05,0.00,-0.80,-0.11,0.00,0.00,-0.50,-6.30,1,Dragon Wave_BZ0,0.23,0.23hrs
17/07/2026 18:01:41,buy,0.01,AUDJPY,113.34600,17/07/2026 18:03:07,113.37000,-0.05,0.00,2.40,0.10,0.10,2.40,0.00,0.00,1,Dragon Wave_BZ0,0.02,0.02hrs
17/07/2026 18:01:17,buy,0.01,AUDJPY,113.35800,17/07/2026 18:02:08,113.36300,-0.05,0.00,0.50,-0.02,0.00,0.50,-0.02,0.00,1,Dragon Wave_AZ0,0.01,0.01hrs
17/07/2026 17:55:45,buy,0.01,EURJPY,185.78700,17/07/2026 18:02:02,185.80300,-0.05,0.00,1.60,0.05,0.05,1.60,0.00,0.00,1,Dragon Wave_CZ0,0.10,0.10hrs
17/07/2026 17:55:30,buy,0.01,EURUSD,1.14392,17/07/2026 18:01:55,1.14406,-0.05,0.00,1.40,0.09,0.09,1.40,-0.04,0.00,1,Dragon Wave_CZ0,0.11,0.11hrs
17/07/2026 17:58:20,buy,0.02,EURUSD,1.14388,17/07/2026 18:01:51,1.14407,-0.10,0.00,1.90,0.28,0.28,1.90,0.00,0.00,1,Dragon Wave_BZ1,0.06,0.06hrs
17/07/2026 17:51:35,buy,0.01,EURUSD,1.14403,17/07/2026 18:01:51,1.14407,-0.05,0.00,0.40,-0.01,0.00,0.40,-0.15,-1.00,1,Dragon Wave_BZ0,0.17,0.17hrs
17/07/2026 17:55:58,buy,0.01,GBPNZD,2.30173,17/07/2026 18:01:01,2.30187,-0.05,0.00,1.40,0.04,0.04,1.40,0.00,0.00,1,Dragon Wave_CZ0,0.08,0.08hrs
17/07/2026 17:57:46,buy,0.01,EURCHF,0.92280,17/07/2026 18:00:57,0.92293,-0.05,0.00,1.30,0.11,0.11,1.30,0.00,0.00,1,Dragon Wave_CZ0,0.05,0.05hrs
17/07/2026 17:56:43,buy,0.01,EURNZD,1.95752,17/07/2026 18:00:51,1.95794,-0.05,0.00,4.20,0.19,0.19,4.20,0.00,0.00,1,Dragon Wave_CZ0,0.07,0.07hrs
17/07/2026 17:57:36,buy,0.01,GBPNZD,2.30140,17/07/2026 18:00:48,2.30147,-0.05,0.00,0.70,-0.01,0.00,0.70,-0.01,0.00,1,Dragon Wave_BZ0,0.05,0.05hrs
17/07/2026 17:58:25,buy,0.01,GBPAUD,1.92608,17/07/2026 18:00:42,1.92620,-0.05,0.00,1.20,0.03,0.03,1.20,0.00,0.00,1,Dragon Wave_CZ0,0.04,0.04hrs
17/07/2026 17:39:04,buy,0.02,USDCAD,1.40150,17/07/2026 18:00:41,1.40141,-0.10,0.00,-0.90,-0.23,0.00,0.00,-0.89,-5.50,1,Dragon Wave_AZ1,0.36,0.36hrs
17/07/2026 17:38:17,buy,0.01,USDCAD,1.40158,17/07/2026 18:00:41,1.40140,-0.05,0.00,-1.80,-0.18,0.00,0.00,-0.50,-6.30,1,Dragon Wave_AZ0,0.37,0.37hrs
17/07/2026 17:44:07,buy,0.03,USDCAD,1.40114,17/07/2026 18:00:40,1.40141,-0.15,0.00,2.70,0.43,0.43,2.70,-0.56,-1.90,1,Dragon Wave_AZ2,0.28,0.28hrs
17/07/2026 17:59:18,buy,0.02,GBPCAD,1.88364,17/07/2026 18:00:37,1.88416,-0.10,0.00,5.20,0.64,0.64,5.20,0.00,0.00,1,Dragon Wave_CZ1,0.02,0.02hrs
17/07/2026 17:50:42,buy,0.01,GBPCAD,1.88450,17/07/2026 18:00:37,1.88415,-0.05,0.00,-3.50,-0.30,0.00,0.00,-0.49,-6.20,1,Dragon Wave_CZ0,0.17,0.17hrs
17/07/2026 17:50:12,buy,0.01,GBPNZD,2.30285,17/07/2026 18:00:36,2.30151,-0.05,0.00,-13.40,-0.83,0.00,0.00,-0.83,-13.40,1,Dragon Wave_AZ0,0.17,0.17hrs
17/07/2026 17:58:14,buy,0.04,GBPNZD,2.30088,17/07/2026 18:00:35,2.30174,-0.20,0.00,8.60,1.81,1.81,8.60,0.00,0.00,1,Dragon Wave_AZ3,0.04,0.04hrs
17/07/2026 17:55:37,buy,0.03,GBPNZD,2.30181,17/07/2026 18:00:35,2.30183,-0.15,0.00,0.20,-0.12,0.00,0.20,-0.12,0.00,1,Dragon Wave_AZ2,0.08,0.08hrs
17/07/2026 17:53:16,buy,0.02,GBPNZD,2.30273,17/07/2026 18:00:35,2.30192,-0.10,0.00,-8.10,-1.05,0.00,0.00,-1.46,-11.60,1,Dragon Wave_AZ1,0.12,0.12hrs
17/07/2026 17:57:54,buy,0.01,GBPUSD,1.34451,17/07/2026 18:00:10,1.34463,-0.05,0.00,1.20,0.07,0.07,1.20,0.00,0.00,1,Dragon Wave_BZ0,0.04,0.04hrs
17/07/2026 17:56:18,buy,0.02,EURUSD,1.14387,17/07/2026 18:00:06,1.14403,-0.10,0.00,1.60,0.22,0.22,1.60,0.00,0.00,1,Dragon Wave_AZ1,0.06,0.06hrs
17/07/2026 17:52:05,buy,0.01,EURUSD,1.14406,17/07/2026 18:00:06,1.14398,-0.05,0.00,-0.80,-0.13,0.00,0.00,-0.18,-1.30,1,Dragon Wave_AZ0,0.13,0.13hrs
17/07/2026 17:58:19,buy,0.02,GBPUSD,1.34442,17/07/2026 18:00:01,1.34456,-0.10,0.00,1.40,0.18,0.18,1.40,0.00,0.00,1,Dragon Wave_AZ1,0.03,0.03hrs
17/07/2026 17:57:40,buy,0.01,GBPUSD,1.34464,17/07/2026 18:00:01,1.34459,-0.05,0.00,-0.50,-0.10,0.00,0.00,-0.10,-0.50,1,Dragon Wave_AZ0,0.04,0.04hrs
17/07/2026 17:55:32,buy,0.01,EURCAD,1.60280,17/07/2026 17:59:46,1.60286,-0.05,0.00,0.60,-0.01,0.00,0.60,-0.01,0.00,1,Dragon Wave_CZ0,0.07,0.07hrs
17/07/2026 17:50:18,buy,0.01,GBPAUD,1.92660,17/07/2026 17:57:06,1.92664,-0.05,0.00,0.40,-0.02,0.00,0.60,-0.39,-4.90,1,Dragon Wave_AZ0,0.11,0.11hrs
17/07/2026 17:56:19,buy,0.02,GBPAUD,1.92640,17/07/2026 17:57:05,1.92667,-0.10,0.00,2.70,0.28,0.28,2.70,0.00,0.00,1,Dragon Wave_AZ1,0.01,0.01hrs
17/07/2026 17:56:16,buy,0.02,GBPCAD,1.88391,17/07/2026 17:56:59,1.88429,-0.10,0.00,3.80,0.44,0.44,3.80,0.00,0.00,1,Dragon Wave_AZ1,0.01,0.01hrs
17/07/2026 17:50:17,buy,0.01,GBPCAD,1.88469,17/07/2026 17:56:59,1.88429,-0.05,0.00,-4.00,-0.34,0.00,0.00,-0.63,-8.10,1,Dragon Wave_AZ0,0.11,0.11hrs
17/07/2026 17:51:39,buy,0.01,GBPJPY,218.38800,17/07/2026 17:56:58,218.43500,-0.05,0.00,4.70,0.24,0.24,4.70,-0.04,0.00,1,Dragon Wave_CZ0,0.09,0.09hrs
17/07/2026 17:55:55,buy,0.01,GBPAUD,1.92601,17/07/2026 17:56:55,1.92666,-0.05,0.00,6.50,0.40,0.40,6.50,0.00,0.00,1,Dragon Wave_CZ0,0.02,0.02hrs
17/07/2026 17:50:13,buy,0.01,GBPJPY,218.40600,17/07/2026 17:56:51,218.43400,-0.05,0.00,2.80,0.12,0.12,2.80,-0.16,-1.70,1,Dragon Wave_BZ0,0.11,0.11hrs
17/07/2026 17:39:14,buy,0.01,CADCHF,0.57613,17/07/2026 17:56:06,0.57597,-0.05,0.00,-1.60,-0.25,0.00,0.00,-0.31,-2.10,1,Dragon Wave_AZ0,0.28,0.28hrs
17/07/2026 17:46:12,buy,0.03,CADCHF,0.57600,17/07/2026 17:56:05,0.57595,-0.15,0.00,-0.50,-0.33,0.00,0.00,-0.45,-0.80,1,Dragon Wave_AZ2,0.16,0.16hrs
17/07/2026 17:41:08,buy,0.02,CADCHF,0.57607,17/07/2026 17:56:05,0.57597,-0.10,0.00,-1.00,-0.35,0.00,0.00,-0.47,-1.50,1,Dragon Wave_AZ1,0.25,0.25hrs
17/07/2026 17:51:12,buy,0.07,CADCHF,0.57592,17/07/2026 17:56:04,0.57597,-0.35,0.00,0.50,0.09,0.09,0.50,-0.35,0.00,1,Dragon Wave_AZ4,0.08,0.08hrs
17/07/2026 17:47:12,buy,0.04,CADCHF,0.57598,17/07/2026 17:56:04,0.57597,-0.20,0.00,-0.10,-0.25,0.00,0.00,-0.50,-0.60,1,Dragon Wave_AZ3,0.15,0.15hrs
17/07/2026 17:52:24,buy,0.11,CADCHF,0.57587,17/07/2026 17:56:03,0.57597,-0.55,0.00,1.00,0.81,0.81,1.00,0.00,0.00,1,Dragon Wave_AZ5,0.06,0.06hrs
17/07/2026 17:53:45,buy,0.01,CADCHF,0.57583,17/07/2026 17:55:47,0.57593,-0.05,0.00,1.00,0.08,0.08,1.00,0.00,0.00,1,Dragon Wave_CZ0,0.03,0.03hrs
17/07/2026 17:54:54,buy,0.01,XAGUSD,55.55800,17/07/2026 17:55:43,55.59300,-0.10,0.00,350.00,1.65,1.65,350.00,0.00,0.00,1,Dragon Wave_BZ0,0.01,0.01hrs
17/07/2026 17:53:49,buy,0.01,XAUUSD,3994.10000,17/07/2026 17:55:43,3995.72000,-0.14,0.00,16.20,1.48,1.48,16.20,0.00,0.00,1,Dragon Wave_CZ0,0.03,0.03hrs
17/07/2026 17:51:43,buy,0.01,CADCHF,0.57586,17/07/2026 17:55:39,0.57597,-0.05,0.00,1.10,0.09,0.09,1.10,0.00,0.00,1,Dragon Wave_BZ0,0.07,0.07hrs
17/07/2026 17:53:37,buy,0.01,NZDCHF,0.47123,17/07/2026 17:55:25,0.47130,-0.05,0.00,0.70,0.04,0.04,0.70,0.00,0.00,1,Dragon Wave_AZ0,0.03,0.03hrs
17/07/2026 17:51:41,buy,0.01,CADJPY,115.89100,17/07/2026 17:55:04,115.90900,-0.05,0.00,1.80,0.06,0.06,1.80,0.00,0.00,1,Dragon Wave_BZ0,0.06,0.06hrs
17/07/2026 17:51:21,buy,0.01,AUDJPY,113.36100,17/07/2026 17:55:00,113.37000,-0.05,0.00,0.90,0.01,0.01,0.90,0.00,0.00,1,Dragon Wave_BZ0,0.06,0.06hrs
17/07/2026 17:51:31,buy,0.01,NZDCHF,0.47126,17/07/2026 17:52:17,0.47133,-0.05,0.00,0.70,0.04,0.04,0.70,0.00,0.00,1,Dragon Wave_BZ0,0.01,0.01hrs
17/07/2026 17:51:18,buy,0.02,NZDCHF,0.47126,17/07/2026 17:52:10,0.47134,-0.10,0.00,0.80,0.10,0.10,0.80,0.00,0.00,1,Dragon Wave_AZ1,0.01,0.01hrs
17/07/2026 17:49:06,buy,0.01,NZDCHF,0.47130,17/07/2026 17:52:10,0.47134,-0.05,0.00,0.00,0.00,0.00,0.00,-0.05,0.00,1,Dragon Wave_AZ0,0.05,0.05hrs
17/07/2026 17:51:14,buy,0.01,NZDCAD,0.81824,17/07/2026 17:51:44,0.81833,-0.05,0.00,0.90,0.02,0.02,0.90,0.00,0.00,1,Dragon Wave_AZ0,0.01,0.01hrs
17/07/2026 17:49:20,buy,0.01,AUDJPY,113.36700,17/07/2026 17:50:59,113.37400,-0.05,0.00,0.70,-0.01,0.00,0.70,-0.09,-0.70,1,Dragon Wave_BZ0,0.03,0.03hrs
17/07/2026 17:48:09,buy,0.01,CADCHF,0.57593,17/07/2026 17:50:07,0.57599,-0.05,0.00,0.60,0.02,0.02,0.60,0.00,0.00,1,Dragon Wave_BZ0,0.03,0.03hrs
17/07/2026 17:49:15,buy,0.01,GBPJPY,218.42400,17/07/2026 17:49:34,218.44600,-0.05,0.00,2.20,0.09,0.09,2.20,0.00,0.00,1,Dragon Wave_AZ0,0.01,0.01hrs
17/07/2026 17:40:16,buy,0.01,GBPCAD,1.88474,17/07/2026 17:45:32,1.88483,-0.05,0.00,0.90,0.02,0.10,2.10,-0.03,0.00,1,Dragon Wave_BZ0,0.09,0.09hrs
17/07/2026 17:41:15,buy,0.01,NZDCHF,0.47125,17/07/2026 17:43:51,0.47131,-0.05,0.00,0.60,0.02,0.02,0.60,-0.09,-0.30,1,Dragon Wave_BZ0,0.04,0.04hrs
17/07/2026 17:33:08,buy,0.02,CADJPY,115.86900,17/07/2026 17:43:27,115.88500,-0.10,0.00,1.60,0.10,0.10,1.60,-0.27,-1.40,1,Dragon Wave_AZ1,0.17,0.17hrs
17/07/2026 17:29:16,buy,0.01,CADJPY,115.89100,17/07/2026 17:43:27,115.88500,-0.05,0.00,-0.60,-0.09,0.00,0.00,-0.27,-3.60,1,Dragon Wave_AZ0,0.24,0.24hrs
17/07/2026 17:41:10,buy,0.01,GBPAUD,1.92673,17/07/2026 17:42:39,1.92682,-0.05,0.00,0.90,0.01,0.01,0.90,0.00,0.00,1,Dragon Wave_BZ0,0.02,0.02hrs
17/07/2026 17:40:11,buy,0.01,GBPAUD,1.92663,17/07/2026 17:42:35,1.92681,-0.05,0.00,1.80,0.07,0.07,1.80,0.00,0.00,1,Dragon Wave_AZ0,0.04,0.04hrs
17/07/2026 17:40:17,buy,0.01,GBPJPY,218.38700,17/07/2026 17:41:36,218.41100,-0.05,0.00,2.40,0.10,0.10,2.40,0.00,0.00,1,Dragon Wave_BZ0,0.02,0.02hrs
17/07/2026 17:28:20,buy,0.02,EURGBP,0.85038,17/07/2026 17:41:19,0.85049,-0.10,0.00,1.10,0.19,0.19,1.10,-0.18,-0.30,1,Dragon Wave_AZ1,0.22,0.22hrs
17/07/2026 17:21:21,buy,0.01,EURGBP,0.85045,17/07/2026 17:41:19,0.85049,-0.05,0.00,0.00,0.00,0.00,0.00,-0.18,-1.00,1,Dragon Wave_AZ0,0.33,0.33hrs
17/07/2026 17:29:22,buy,0.01,AUDUSD,0.69783,17/07/2026 17:38:29,0.69797,-0.05,0.00,1.40,0.09,0.09,1.40,-0.12,-0.70,1,Dragon Wave_BZ0,0.15,0.15hrs
17/07/2026 17:33:22,buy,0.01,GBPJPY,218.37000,17/07/2026 17:38:10,218.40800,-0.05,0.00,3.80,0.18,0.18,3.80,-0.07,-0.30,1,Dragon Wave_BZ0,0.08,0.08hrs
17/07/2026 17:34:29,buy,0.01,GBPNZD,2.30422,17/07/2026 17:37:50,2.30438,-0.05,0.00,1.60,0.04,0.04,1.60,-0.31,-4.50,1,Dragon Wave_BZ0,0.06,0.06hrs
17/07/2026 17:35:37,buy,0.01,USDJPY,162.37800,17/07/2026 17:37:43,162.39200,-0.05,0.00,1.40,0.04,0.04,1.40,0.00,0.00,1,Dragon Wave_CZ0,0.04,0.04hrs
17/07/2026 17:33:31,buy,0.01,AUDJPY,113.29300,17/07/2026 17:37:41,113.33000,-0.05,0.00,3.70,0.18,0.18,3.70,0.00,0.00,1,Dragon Wave_CZ0,0.07,0.07hrs
17/07/2026 17:35:11,buy,0.01,USDJPY,162.38200,17/07/2026 17:36:50,162.38900,-0.05,0.00,0.70,-0.01,0.00,0.70,-0.07,-0.30,1,Dragon Wave_AZ0,0.03,0.03hrs
17/07/2026 17:33:30,buy,0.01,AUDUSD,0.69771,17/07/2026 17:36:46,0.69785,-0.05,0.00,1.40,0.09,0.09,1.40,0.00,0.00,1,Dragon Wave_CZ0,0.05,0.05hrs
17/07/2026 17:31:33,buy,0.01,XAGUSD,55.72600,17/07/2026 17:36:00,55.72400,-0.10,0.00,-20.00,-0.20,0.00,0.00,-4.65,-910.00,1,Dragon Wave_BZ0,0.07,0.07hrs
17/07/2026 17:32:54,buy,0.01,AUDJPY,113.32400,17/07/2026 17:35:54,113.32000,-0.05,0.00,-0.40,-0.08,0.00,0.00,-0.15,-1.60,1,Dragon Wave_BZ0,0.05,0.05hrs
17/07/2026 17:33:22,buy,0.02,AUDJPY,113.30000,17/07/2026 17:35:53,113.32000,-0.10,0.00,2.00,0.15,0.15,2.00,0.00,0.00,1,Dragon Wave_BZ1,0.04,0.04hrs
17/07/2026 17:29:19,buy,0.01,XAUUSD,3998.54000,17/07/2026 17:35:41,3996.33000,-0.14,0.00,-22.10,-2.35,0.00,0.00,-4.10,-39.60,1,Dragon Wave_BZ0,0.11,0.11hrs
17/07/2026 17:33:22,buy,0.02,XAUUSD,3993.21000,17/07/2026 17:35:40,3996.30000,-0.29,0.00,30.90,5.89,5.89,30.90,0.00,0.00,1,Dragon Wave_BZ1,0.04,0.04hrs
17/07/2026 17:33:37,buy,0.02,EURJPY,185.71100,17/07/2026 17:34:52,185.73600,-0.10,0.00,2.50,0.21,0.21,2.50,0.00,0.00,1,Dragon Wave_BZ1,0.02,0.02hrs
17/07/2026 17:28:32,buy,0.01,EURJPY,185.73700,17/07/2026 17:34:52,185.72200,-0.05,0.00,-1.50,-0.15,0.00,0.00,-0.15,-1.50,1,Dragon Wave_BZ0,0.11,0.11hrs
17/07/2026 17:33:33,buy,0.02,XAUUSD,3992.71000,17/07/2026 17:34:39,3995.16000,-0.29,0.00,24.50,4.61,4.61,24.50,0.00,0.00,1,Dragon Wave_CZ1,0.02,0.02hrs
17/07/2026 17:31:34,buy,0.01,XAUUSD,3996.42000,17/07/2026 17:34:39,3995.20000,-0.14,0.00,-12.20,-1.36,0.00,0.00,-1.98,-18.40,1,Dragon Wave_CZ0,0.05,0.05hrs
17/07/2026 17:33:16,buy,0.01,XAUUSD,3992.50000,17/07/2026 17:34:08,3994.61000,-0.14,0.00,21.10,1.97,1.97,21.10,0.00,0.00,1,Dragon Wave_AZ0,0.01,0.01hrs
17/07/2026 17:32:28,buy,0.01,GBPNZD,2.30444,17/07/2026 17:34:02,2.30473,-0.05,0.00,2.90,0.12,0.12,2.90,-0.21,-2.80,1,Dragon Wave_AZ0,0.03,0.03hrs
17/07/2026 17:22:06,buy,0.01,EURUSD,1.14397,17/07/2026 17:32:59,1.14380,-0.05,0.00,-1.70,-0.22,0.00,0.00,-0.31,-2.60,1,Dragon Wave_AZ0,0.18,0.18hrs
17/07/2026 17:29:24,buy,0.04,EURUSD,1.14353,17/07/2026 17:32:58,1.14380,-0.20,0.00,2.70,0.88,0.88,2.70,0.00,0.00,1,Dragon Wave_AZ3,0.06,0.06hrs
17/07/2026 17:27:30,buy,0.03,EURUSD,1.14376,17/07/2026 17:32:58,1.14380,-0.15,0.00,0.40,-0.03,0.00,0.40,-0.30,-0.50,1,Dragon Wave_AZ2,0.09,0.09hrs
17/07/2026 17:26:27,buy,0.02,EURUSD,1.14387,17/07/2026 17:32:58,1.14380,-0.10,0.00,-0.70,-0.24,0.00,0.00,-0.42,-1.60,1,Dragon Wave_AZ1,0.11,0.11hrs
17/07/2026 17:29:25,buy,0.01,CHFJPY,201.08500,17/07/2026 17:32:49,201.11900,-0.05,0.00,3.40,0.16,0.16,3.40,0.00,0.00,1,Dragon Wave_BZ0,0.06,0.06hrs
17/07/2026 17:28:41,buy,0.01,EURUSD,1.14367,17/07/2026 17:31:24,1.14372,-0.05,0.00,0.00,0.00,0.00,0.00,0.00,0.00,1,Dragon Wave_BZ0,0.05,0.05hrs
17/07/2026 17:28:47,buy,0.01,EURUSD,1.14369,17/07/2026 17:31:11,1.14382,-0.05,0.00,1.30,0.08,0.08,1.30,0.00,0.00,1,Dragon Wave_CZ0,0.04,0.04hrs
17/07/2026 16:52:24,buy,0.02,USDCAD,1.40121,17/07/2026 17:30:57,1.40140,-0.10,0.00,1.90,0.17,0.17,1.90,-0.73,-4.40,1,Dragon Wave_CZ1,0.64,0.64hrs
17/07/2026 16:48:55,buy,0.01,USDCAD,1.40152,17/07/2026 17:30:57,1.40140,-0.05,0.00,-1.20,-0.14,0.00,0.00,-0.59,-7.50,1,Dragon Wave_CZ0,0.70,0.70hrs
17/07/2026 17:30:20,buy,0.01,XAUUSD,3996.19000,17/07/2026 17:30:56,3998.45000,-0.14,0.00,22.60,2.12,2.12,22.60,0.00,0.00,1,Dragon Wave_CZ0,0.01,0.01hrs
17/07/2026 17:29:22,buy,0.02,GBPUSD,1.34472,17/07/2026 17:30:56,1.34503,-0.10,0.00,3.10,0.52,0.52,3.10,0.00,0.00,1,Dragon Wave_BZ1,0.03,0.03hrs
17/07/2026 17:25:59,buy,0.01,GBPUSD,1.34500,17/07/2026 17:30:56,1.34504,-0.05,0.00,0.40,-0.01,0.00,0.40,-0.01,0.00,1,Dragon Wave_BZ0,0.08,0.08hrs
17/07/2026 17:29:23,buy,0.01,AUDJPY,113.32100,17/07/2026 17:30:53,113.33500,-0.05,0.00,1.40,0.04,0.04,1.40,0.00,0.00,1,Dragon Wave_BZ0,0.03,0.03hrs
17/07/2026 17:28:16,buy,0.01,NZDCAD,0.81761,17/07/2026 17:28:52,0.81770,-0.05,0.00,0.90,0.01,0.01,0.90,0.00,0.00,1,Dragon Wave_BZ0,0.01,0.01hrs
17/07/2026 17:25:40,buy,0.01,GBPAUD,1.92693,17/07/2026 17:28:30,1.92706,-0.05,0.00,1.30,0.04,0.04,1.30,0.00,0.00,1,Dragon Wave_BZ0,0.05,0.05hrs
17/07/2026 17:25:08,buy,0.01,GBPCAD,1.88461,17/07/2026 17:28:13,1.88470,-0.05,0.00,0.90,0.01,0.01,0.90,-0.23,-2.50,1,Dragon Wave_AZ0,0.05,0.05hrs
17/07/2026 17:09:22,buy,0.02,NZDCHF,0.47113,17/07/2026 17:27:47,0.47115,-0.10,0.00,0.20,-0.05,0.00,0.20,-0.42,-1.30,1,Dragon Wave_BZ1,0.31,0.31hrs
17/07/2026 17:07:23,buy,0.01,NZDCHF,0.47125,17/07/2026 17:27:47,0.47115,-0.05,0.00,-1.00,-0.17,0.00,0.00,-0.36,-2.50,1,Dragon Wave_BZ0,0.34,0.34hrs
17/07/2026 17:21:21,buy,0.03,NZDCHF,0.47102,17/07/2026 17:27:46,0.47115,-0.15,0.00,1.30,0.33,0.33,1.30,0.00,0.00,1,Dragon Wave_BZ2,0.11,0.11hrs
17/07/2026 17:25:32,buy,0.01,GBPNZD,2.30457,17/07/2026 17:27:09,2.30478,-0.05,0.00,2.10,0.08,0.08,2.10,0.00,0.00,1,Dragon Wave_BZ0,0.03,0.03hrs
17/07/2026 17:09:46,buy,0.01,USDCHF,0.80737,17/07/2026 17:26:49,0.80723,-0.05,0.00,-1.40,-0.22,0.00,0.00,-0.48,-3.50,1,Dragon Wave_BZ0,0.28,0.28hrs
17/07/2026 17:20:21,buy,0.03,USDCHF,0.80708,17/07/2026 17:26:48,0.80723,-0.15,0.00,1.50,0.41,0.41,1.50,-0.37,-0.60,1,Dragon Wave_BZ2,0.11,0.11hrs
17/07/2026 17:16:14,buy,0.02,USDCHF,0.80724,17/07/2026 17:26:48,0.80723,-0.10,0.00,-0.10,-0.12,0.00,0.00,-0.65,-2.20,1,Dragon Wave_BZ1,0.18,0.18hrs
17/07/2026 17:14:26,buy,0.02,AUDCHF,0.56337,17/07/2026 17:25:42,0.56344,-0.10,0.00,0.70,0.08,0.08,0.70,-0.40,-1.20,1,Dragon Wave_BZ1,0.19,0.19hrs
17/07/2026 17:09:44,buy,0.01,AUDCHF,0.56348,17/07/2026 17:25:42,0.56344,-0.05,0.00,-0.40,-0.10,0.00,0.00,-0.33,-2.30,1,Dragon Wave_BZ0,0.27,0.27hrs
17/07/2026 17:20:20,buy,0.01,CADCHF,0.57616,17/07/2026 17:25:21,0.57621,-0.05,0.00,0.50,0.01,0.01,0.50,-0.06,-0.10,1,Dragon Wave_BZ0,0.08,0.08hrs
17/07/2026 17:21:29,buy,0.01,CADCHF,0.57609,17/07/2026 17:24:50,0.57615,-0.05,0.00,0.60,0.02,0.02,0.60,0.00,0.00,1,Dragon Wave_CZ0,0.06,0.06hrs
17/07/2026 17:23:26,buy,0.01,XAUUSD,3997.69000,17/07/2026 17:23:53,3998.77000,-0.14,0.00,10.80,0.94,0.94,10.80,0.00,0.00,1,Dragon Wave_BZ0,0.01,0.01hrs
17/07/2026 17:23:22,buy,0.01,XAGUSD,55.77200,17/07/2026 17:23:53,55.84300,-0.10,0.00,710.00,3.45,3.45,710.00,0.00,0.00,1,Dragon Wave_BZ0,0.01,0.01hrs
17/07/2026 17:18:40,buy,0.01,USDCAD,1.40073,17/07/2026 17:21:30,1.40095,-0.05,0.00,2.20,0.11,0.11,2.20,-0.02,0.00,1,Dragon Wave_BZ0,0.05,0.05hrs
17/07/2026 17:18:40,buy,0.01,NZDCAD,0.81744,17/07/2026 17:20:30,0.81753,-0.05,0.00,0.90,0.01,0.01,0.90,-0.01,0.00,1,Dragon Wave_CZ0,0.03,0.03hrs
17/07/2026 17:11:20,buy,0.01,CADCHF,0.57629,17/07/2026 17:18:55,0.57632,-0.05,0.00,0.30,-0.01,0.00,0.30,-0.15,-0.80,1,Dragon Wave_AZ0,0.13,0.13hrs
17/07/2026 17:12:42,buy,0.01,CADCHF,0.57623,17/07/2026 17:18:47,0.57632,-0.05,0.00,0.90,0.06,0.06,0.90,-0.07,-0.20,1,Dragon Wave_BZ0,0.10,0.10hrs
17/07/2026 17:09:40,buy,0.01,GBPCHF,1.08583,17/07/2026 17:18:42,1.08576,-0.05,0.00,-0.70,-0.14,0.00,0.20,-0.38,-2.70,1,Dragon Wave_CZ0,0.15,0.15hrs
17/07/2026 17:15:24,buy,0.02,GBPCHF,1.08561,17/07/2026 17:18:41,1.08577,-0.10,0.00,1.60,0.29,0.29,1.60,0.00,0.00,1,Dragon Wave_CZ1,0.05,0.05hrs
17/07/2026 17:14:51,buy,0.01,GBPUSD,1.34471,17/07/2026 17:17:41,1.34504,-0.05,0.00,3.30,0.28,0.28,3.30,-0.08,-0.30,1,Dragon Wave_CZ0,0.05,0.05hrs
17/07/2026 17:16:46,buy,0.01,GBPNZD,2.30457,17/07/2026 17:17:39,2.30468,-0.05,0.00,1.10,0.02,0.02,1.10,0.00,0.00,1,Dragon Wave_CZ0,0.01,0.01hrs
17/07/2026 17:16:46,buy,0.01,GBPCAD,1.88398,17/07/2026 17:17:36,1.88425,-0.05,0.00,2.70,0.14,0.14,2.70,0.00,0.00,1,Dragon Wave_CZ0,0.01,0.01hrs
17/07/2026 17:16:21,buy,0.01,GBPCHF,1.08544,17/07/2026 17:17:36,1.08564,-0.05,0.00,2.00,0.20,0.20,2.00,0.00,0.00,1,Dragon Wave_BZ0,0.02,0.02hrs
17/07/2026 17:11:33,buy,0.03,AUDJPY,113.29800,17/07/2026 17:17:34,113.32800,-0.15,0.00,3.00,0.41,0.41,3.00,-0.50,-1.90,1,Dragon Wave_AZ2,0.10,0.10hrs
17/07/2026 17:09:12,buy,0.02,AUDJPY,113.31900,17/07/2026 17:17:34,113.32700,-0.10,0.00,0.80,-0.01,0.00,0.80,-0.59,-4.00,1,Dragon Wave_AZ1,0.14,0.14hrs
17/07/2026 17:07:12,buy,0.01,AUDJPY,113.32700,17/07/2026 17:17:34,113.32700,-0.05,0.00,0.00,-0.05,0.00,0.00,-0.35,-4.80,1,Dragon Wave_AZ0,0.17,0.17hrs
17/07/2026 17:16:17,buy,0.01,GBPNZD,2.30442,17/07/2026 17:17:33,2.30475,-0.05,0.00,3.30,0.14,0.14,3.30,0.00,0.00,1,Dragon Wave_AZ0,0.02,0.02hrs
17/07/2026 17:15:16,buy,0.02,AUDUSD,0.69776,17/07/2026 17:17:20,0.69792,-0.10,0.00,1.60,0.22,0.22,1.60,-0.20,-0.50,1,Dragon Wave_BZ1,0.03,0.03hrs
17/07/2026 17:10:10,buy,0.01,AUDUSD,0.69788,17/07/2026 17:17:20,0.69792,-0.05,0.00,0.40,-0.01,0.00,0.40,-0.22,-1.70,1,Dragon Wave_BZ0,0.12,0.12hrs
17/07/2026 17:16:28,buy,0.01,GBPCAD,1.88398,17/07/2026 17:17:19,1.88421,-0.05,0.00,2.30,0.11,0.11,2.30,0.00,0.00,1,Dragon Wave_BZ0,0.01,0.01hrs
17/07/2026 17:14:23,buy,0.01,AUDJPY,113.28000,17/07/2026 17:17:14,113.33300,-0.05,0.00,5.30,0.28,0.28,5.30,-0.06,-0.10,1,Dragon Wave_CZ0,0.05,0.05hrs
17/07/2026 17:09:45,buy,0.01,GBPJPY,218.33400,17/07/2026 17:17:09,218.37400,-0.05,0.00,4.00,0.20,0.20,4.00,-0.24,-3.10,1,Dragon Wave_CZ0,0.12,0.12hrs
17/07/2026 17:09:29,buy,0.01,AUDJPY,113.30800,17/07/2026 17:17:09,113.32800,-0.05,0.00,2.00,0.07,0.07,2.00,-0.23,-2.90,1,Dragon Wave_BZ0,0.13,0.13hrs
17/07/2026 17:15:19,buy,0.01,XAUUSD,3993.90000,17/07/2026 17:16:00,3997.91000,-0.14,0.00,40.10,3.87,3.87,40.10,0.00,0.00,1,Dragon Wave_BZ0,0.01,0.01hrs
17/07/2026 16:57:24,buy,0.01,CHFJPY,201.09900,17/07/2026 17:15:57,201.11500,-0.05,0.00,1.60,0.05,0.05,1.60,-0.27,-3.50,1,Dragon Wave_BZ0,0.31,0.31hrs
17/07/2026 17:14:21,buy,0.01,XAGUSD,55.71800,17/07/2026 17:15:32,55.74900,-0.10,0.00,310.00,1.45,1.45,310.00,-1.10,-200.00,1,Dragon Wave_BZ0,0.02,0.02hrs
17/07/2026 17:12:30,buy,0.02,USDJPY,162.34100,17/07/2026 17:15:07,162.35600,-0.10,0.00,1.50,0.08,0.08,1.50,0.00,0.00,1,Dragon Wave_BZ1,0.04,0.04hrs
17/07/2026 17:08:23,buy,0.01,USDJPY,162.35400,17/07/2026 17:15:07,162.35600,-0.05,0.00,0.20,-0.04,0.00,0.20,-0.07,-0.30,1,Dragon Wave_BZ0,0.11,0.11hrs
17/07/2026 17:14:16,buy,0.01,XAUUSD,3995.33000,17/07/2026 17:14:44,3996.39000,-0.14,0.00,10.60,0.92,0.92,10.60,0.00,0.00,1,Dragon Wave_BZ0,0.01,0.01hrs
17/07/2026 17:12:15,buy,0.01,XAUUSD,3995.63000,17/07/2026 17:12:44,3996.91000,-0.14,0.00,12.80,1.14,1.14,12.80,0.00,0.00,1,Dragon Wave_AZ0,0.01,0.01hrs
17/07/2026 17:10:12,buy,0.02,AUDCAD,0.97777,17/07/2026 17:12:31,0.97785,-0.10,0.00,0.80,0.01,0.01,0.80,-0.19,-0.60,1,Dragon Wave_AZ1,0.04,0.04hrs
17/07/2026 17:09:22,buy,0.01,AUDCAD,0.97773,17/07/2026 17:12:31,0.97785,-0.05,0.00,1.20,0.04,0.04,1.20,-0.06,-0.20,1,Dragon Wave_AZ0,0.05,0.05hrs
17/07/2026 17:01:15,buy,0.02,EURAUD,1.63861,17/07/2026 17:12:31,1.63882,-0.10,0.00,2.10,0.19,0.19,2.10,-0.83,-5.20,1,Dragon Wave_BZ1,0.19,0.19hrs
17/07/2026 16:58:19,buy,0.01,EURAUD,1.63895,17/07/2026 17:12:31,1.63880,-0.05,0.00,-1.50,-0.15,0.00,0.00,-0.65,-8.60,1,Dragon Wave_BZ0,0.24,0.24hrs
17/07/2026 17:10:15,buy,0.01,GBPUSD,1.34482,17/07/2026 17:12:17,1.34495,-0.05,0.00,1.30,0.08,0.08,1.30,0.00,0.00,1,Dragon Wave_CZ0,0.03,0.03hrs
17/07/2026 17:09:54,buy,0.01,NZDCHF,0.47112,17/07/2026 17:12:02,0.47118,-0.05,0.00,0.60,0.03,0.03,0.60,-0.07,-0.20,1,Dragon Wave_CZ0,0.04,0.04hrs
17/07/2026 17:09:44,buy,0.01,CADCHF,0.57623,17/07/2026 17:11:59,0.57632,-0.05,0.00,0.90,0.06,0.06,0.90,0.00,0.00,1,Dragon Wave_BZ0,0.04,0.04hrs
17/07/2026 17:09:35,buy,0.01,GBPJPY,218.34800,17/07/2026 17:11:38,218.36300,-0.05,0.00,1.50,0.04,0.04,1.50,-0.02,0.00,1,Dragon Wave_BZ0,0.03,0.03hrs
17/07/2026 17:09:28,buy,0.01,CADCHF,0.57631,17/07/2026 17:11:08,0.57634,-0.05,0.00,0.30,-0.01,0.00,0.30,-0.07,-0.20,1,Dragon Wave_AZ0,0.03,0.03hrs
17/07/2026 17:09:14,buy,0.01,XAUUSD,3996.29000,17/07/2026 17:09:35,3997.28000,-0.14,0.00,9.90,0.85,0.85,9.90,0.00,0.00,1,Dragon Wave_AZ0,0.01,0.01hrs
17/07/2026 17:09:14,buy,0.01,XAGUSD,55.74100,17/07/2026 17:09:32,55.74800,-0.10,0.00,70.00,0.25,0.25,70.00,0.00,0.00,1,Dragon Wave_AZ0,0.01,0.01hrs
17/07/2026 16:59:32,buy,0.01,EURAUD,1.63876,17/07/2026 17:09:30,1.63868,-0.05,0.00,-0.80,-0.11,0.00,0.00,-0.52,-6.70,1,Dragon Wave_CZ0,0.17,0.17hrs
17/07/2026 17:02:40,buy,0.02,EURAUD,1.63834,17/07/2026 17:09:29,1.63868,-0.10,0.00,3.40,0.38,0.38,3.40,-0.45,-2.50,1,Dragon Wave_CZ1,0.11,0.11hrs
17/07/2026 17:05:19,buy,0.02,EURGBP,0.85012,17/07/2026 17:09:25,0.85028,-0.10,0.00,1.60,0.33,0.33,1.60,-0.32,-0.80,1,Dragon Wave_BZ1,0.07,0.07hrs
17/07/2026 16:52:28,buy,0.01,EURGBP,0.85028,17/07/2026 17:09:25,0.85028,-0.05,0.00,0.00,-0.05,0.00,0.00,-0.37,-2.40,1,Dragon Wave_BZ0,0.28,0.28hrs
17/07/2026 17:05:23,buy,0.01,USDJPY,162.35500,17/07/2026 17:08:01,162.36600,-0.05,0.00,1.10,0.02,0.02,1.10,0.00,0.00,1,Dragon Wave_AZ0,0.04,0.04hrs
17/07/2026 17:01:28,buy,0.01,EURUSD,1.14352,17/07/2026 17:05:54,1.14378,-0.05,0.00,2.60,0.21,0.21,2.60,-0.10,-0.50,1,Dragon Wave_BZ0,0.07,0.07hrs
17/07/2026 17:01:35,buy,0.01,NZDCAD,0.81760,17/07/2026 17:05:52,0.81773,-0.05,0.00,1.30,0.04,0.04,1.30,-0.05,0.00,1,Dragon Wave_CZ0,0.07,0.07hrs
17/07/2026 17:01:57,buy,0.01,EURCAD,1.60173,17/07/2026 17:05:46,1.60193,-0.05,0.00,2.00,0.09,0.09,2.00,-0.09,-0.50,1,Dragon Wave_CZ0,0.06,0.06hrs
17/07/2026 17:02:33,buy,0.01,GBPAUD,1.92688,17/07/2026 17:05:20,1.92686,-0.05,0.00,-0.20,-0.07,0.09,2.00,-0.07,-0.20,1,Dragon Wave_BZ0,0.05,0.05hrs
17/07/2026 16:57:39,buy,0.01,CHFJPY,201.08300,17/07/2026 17:04:46,201.09500,-0.05,0.00,1.20,0.03,0.03,1.20,-0.17,-1.90,1,Dragon Wave_CZ0,0.12,0.12hrs
17/07/2026 16:58:06,buy,0.02,USDJPY,162.35100,17/07/2026 17:03:55,162.37100,-0.10,0.00,2.00,0.15,0.15,2.00,0.00,0.00,1,Dragon Wave_AZ1,0.10,0.10hrs
17/07/2026 16:57:02,buy,0.01,USDJPY,162.38400,17/07/2026 17:03:55,162.37100,-0.05,0.00,-1.30,-0.13,0.00,0.00,-0.24,-3.00,1,Dragon Wave_AZ0,0.11,0.11hrs
17/07/2026 17:02:22,buy,0.02,NZDCAD,0.81750,17/07/2026 17:03:21,0.81770,-0.10,0.00,2.00,0.18,0.18,2.00,0.00,0.00,1,Dragon Wave_BZ1,0.02,0.02hrs
17/07/2026 17:01:25,buy,0.01,NZDCAD,0.81760,17/07/2026 17:03:21,0.81769,-0.05,0.00,0.90,0.02,0.02,0.90,-0.05,0.00,1,Dragon Wave_BZ0,0.03,0.03hrs
17/07/2026 17:01:46,buy,0.01,GBPUSD,1.34481,17/07/2026 17:02:55,1.34500,-0.05,0.00,1.90,0.14,0.21,2.60,0.00,0.00,1,Dragon Wave_BZ0,0.02,0.02hrs
17/07/2026 16:58:14,buy,0.02,USDJPY,162.35500,17/07/2026 17:01:47,162.37500,-0.10,0.00,2.00,0.15,0.15,2.00,0.00,0.00,1,Dragon Wave_BZ1,0.06,0.06hrs
17/07/2026 16:57:21,buy,0.01,USDJPY,162.36900,17/07/2026 17:01:47,162.37500,-0.05,0.00,0.60,-0.01,0.00,0.60,-0.14,-1.50,1,Dragon Wave_BZ0,0.07,0.07hrs
17/07/2026 16:57:55,buy,0.01,EURJPY,185.67400,17/07/2026 17:00:52,185.69700,-0.05,0.00,2.30,0.09,0.09,2.30,0.00,0.00,1,Dragon Wave_BZ0,0.05,0.05hrs
17/07/2026 17:00:22,buy,0.01,EURUSD,1.14350,17/07/2026 17:00:48,1.14368,-0.05,0.00,1.80,0.13,0.13,1.80,0.00,0.00,1,Dragon Wave_BZ0,0.01,0.01hrs
17/07/2026 16:57:09,buy,0.01,NZDJPY,94.76200,17/07/2026 17:00:43,94.77400,-0.05,0.00,1.20,0.02,0.02,1.20,-0.17,-2.00,1,Dragon Wave_AZ0,0.06,0.06hrs
17/07/2026 16:58:13,buy,0.01,EURCHF,0.92333,17/07/2026 17:00:40,0.92343,-0.05,0.00,1.00,0.08,0.08,1.00,0.00,0.00,1,Dragon Wave_AZ0,0.04,0.04hrs
17/07/2026 16:57:53,buy,0.01,CADJPY,115.87400,17/07/2026 17:00:32,115.89500,-0.05,0.00,2.10,0.08,0.08,2.10,0.00,0.00,1,Dragon Wave_BZ0,0.04,0.04hrs
17/07/2026 16:58:19,buy,0.01,NZDCHF,0.47121,17/07/2026 17:00:29,0.47130,-0.05,0.00,0.90,0.06,0.06,0.90,0.00,0.00,1,Dragon Wave_AZ0,0.04,0.04hrs
17/07/2026 16:58:10,buy,0.01,USDCHF,0.80741,17/07/2026 17:00:19,0.80754,-0.05,0.00,1.30,0.11,0.11,1.30,0.00,0.00,1,Dragon Wave_BZ0,0.04,0.04hrs
17/07/2026 16:57:31,buy,0.01,NZDCHF,0.47121,17/07/2026 17:00:01,0.47128,-0.05,0.00,0.70,0.03,0.03,0.70,-0.01,0.00,1,Dragon Wave_BZ0,0.04,0.04hrs
17/07/2026 16:58:16,buy,0.01,CADCHF,0.57624,17/07/2026 16:59:35,0.57633,-0.05,0.00,0.90,0.06,0.06,0.90,0.00,0.00,1,Dragon Wave_AZ0,0.02,0.02hrs
17/07/2026 16:58:07,buy,0.01,AUDJPY,113.26400,17/07/2026 16:58:36,113.28200,-0.05,0.00,1.80,0.06,0.06,1.80,0.00,0.00,1,Dragon Wave_AZ0,0.01,0.01hrs
17/07/2026 16:53:30,buy,0.01,USDCAD,1.40098,17/07/2026 16:56:57,1.40125,-0.05,0.00,2.70,0.14,0.14,2.70,0.00,0.00,1,Dragon Wave_AZ0,0.06,0.06hrs
17/07/2026 16:55:05,buy,0.01,XAUUSD,3988.37000,17/07/2026 16:56:00,3989.78000,-0.14,0.00,14.10,1.27,1.27,14.10,0.00,0.00,1,Dragon Wave_AZ0,0.02,0.02hrs
17/07/2026 16:52:10,buy,0.01,XAUUSD,3990.79000,17/07/2026 16:52:51,3990.95000,-0.14,0.00,1.60,0.02,0.25,3.90,0.00,0.00,1,Dragon Wave_AZ0,0.01,0.01hrs
17/07/2026 16:51:21,buy,0.01,CHFJPY,201.09800,17/07/2026 16:52:39,201.11600,-0.05,0.00,1.80,0.06,0.06,1.80,0.00,0.00,1,Dragon Wave_AZ0,0.02,0.02hrs
17/07/2026 16:36:10,buy,0.03,CADJPY,115.85600,17/07/2026 16:49:42,115.88100,-0.15,0.00,2.50,0.32,0.32,2.50,-0.98,-4.50,1,Dragon Wave_AZ2,0.23,0.23hrs
17/07/2026 16:32:10,buy,0.02,CADJPY,115.88500,17/07/2026 16:49:42,115.88200,-0.10,0.00,-0.30,-0.13,0.00,0.00,-1.01,-7.40,1,Dragon Wave_AZ1,0.29,0.29hrs
17/07/2026 16:31:17,buy,0.01,CADJPY,115.88800,17/07/2026 16:49:42,115.88200,-0.05,0.00,-0.60,-0.09,0.00,0.00,-0.52,-7.70,1,Dragon Wave_AZ0,0.31,0.31hrs
17/07/2026 16:32:29,buy,0.03,EURCHF,0.92289,17/07/2026 16:48:22,0.92309,-0.15,0.00,2.00,0.59,0.59,2.00,-0.82,-1.80,1,Dragon Wave_BZ2,0.26,0.26hrs
17/07/2026 16:17:35,buy,0.02,EURCHF,0.92314,17/07/2026 16:48:22,0.92309,-0.10,0.00,-0.50,-0.23,0.00,0.00,-1.17,-4.30,1,Dragon Wave_BZ1,0.51,0.51hrs
17/07/2026 16:15:46,buy,0.01,EURCHF,0.92328,17/07/2026 16:48:22,0.92309,-0.05,0.00,-1.90,-0.28,0.00,0.00,-0.76,-5.70,1,Dragon Wave_BZ0,0.54,0.54hrs
17/07/2026 16:32:26,buy,0.02,CADCHF,0.57617,17/07/2026 16:48:15,0.57613,-0.10,0.00,-0.40,-0.20,0.00,0.00,-0.92,-3.30,1,Dragon Wave_BZ1,0.26,0.26hrs
17/07/2026 16:30:18,buy,0.01,CADCHF,0.57628,17/07/2026 16:48:15,0.57613,-0.05,0.00,-1.50,-0.24,0.00,0.00,-0.60,-4.40,1,Dragon Wave_BZ0,0.30,0.30hrs
17/07/2026 16:40:07,buy,0.03,CADCHF,0.57583,17/07/2026 16:48:14,0.57613,-0.15,0.00,3.00,0.97,0.97,3.00,-0.11,0.00,1,Dragon Wave_BZ2,0.14,0.14hrs
17/07/2026 16:36:25,buy,0.01,USDJPY,162.36600,17/07/2026 16:48:11,162.38000,-0.05,0.00,1.40,0.04,0.04,1.40,-0.19,-2.30,1,Dragon Wave_BZ0,0.20,0.20hrs
17/07/2026 16:36:20,buy,0.02,CADJPY,115.83900,17/07/2026 16:48:11,115.85900,-0.10,0.00,2.00,0.15,0.15,2.00,-0.44,-2.80,1,Dragon Wave_BZ1,0.20,0.20hrs
17/07/2026 16:33:12,buy,0.03,EURCHF,0.92284,17/07/2026 16:48:11,0.92307,-0.15,0.00,2.30,0.71,0.71,2.30,-0.63,-1.30,1,Dragon Wave_AZ2,0.25,0.25hrs
17/07/2026 16:31:27,buy,0.01,CADJPY,115.88200,17/07/2026 16:48:11,115.85800,-0.05,0.00,-2.40,-0.20,0.00,0.00,-0.49,-7.10,1,Dragon Wave_BZ0,0.28,0.28hrs
17/07/2026 16:28:17,buy,0.02,EURCHF,0.92299,17/07/2026 16:48:11,0.92307,-0.10,0.00,0.80,0.10,0.10,0.80,-0.79,-2.80,1,Dragon Wave_AZ1,0.33,0.33hrs
17/07/2026 16:17:22,buy,0.01,EURCHF,0.92306,17/07/2026 16:48:11,0.92307,-0.05,0.00,0.10,-0.03,0.00,0.30,-0.48,-3.50,1,Dragon Wave_AZ0,0.51,0.51hrs
17/07/2026 16:46:39,buy,0.02,GBPUSD,1.34412,17/07/2026 16:48:03,1.34431,-0.10,0.00,1.90,0.28,0.28,1.90,0.00,0.00,1,Dragon Wave_AZ1,0.02,0.02hrs
17/07/2026 16:44:46,buy,0.01,GBPUSD,1.34434,17/07/2026 16:48:03,1.34430,-0.05,0.00,-0.40,-0.09,0.00,0.00,-0.09,-0.40,1,Dragon Wave_AZ0,0.05,0.05hrs
17/07/2026 16:37:34,buy,0.02,CADJPY,115.82200,17/07/2026 16:48:00,115.85200,-0.10,0.00,3.00,0.27,0.27,3.00,-0.24,-1.10,1,Dragon Wave_CZ1,0.17,0.17hrs
17/07/2026 16:35:28,buy,0.02,CADCHF,0.57597,17/07/2026 16:48:00,0.57608,-0.10,0.00,1.10,0.17,0.17,1.10,-0.42,-1.30,1,Dragon Wave_CZ1,0.21,0.21hrs
17/07/2026 16:35:27,buy,0.01,CADJPY,115.85500,17/07/2026 16:48:00,115.85200,-0.05,0.00,-0.30,-0.07,0.00,0.00,-0.32,-4.40,1,Dragon Wave_CZ0,0.21,0.21hrs
17/07/2026 16:31:47,buy,0.01,CADCHF,0.57611,17/07/2026 16:48:00,0.57608,-0.05,0.00,-0.30,-0.08,0.00,0.00,-0.38,-2.70,1,Dragon Wave_CZ0,0.27,0.27hrs
17/07/2026 16:44:12,buy,0.01,AUDUSD,0.69703,17/07/2026 16:47:56,0.69728,-0.05,0.00,2.50,0.20,0.20,2.50,-0.12,-0.70,1,Dragon Wave_CZ0,0.06,0.06hrs
17/07/2026 16:44:27,buy,0.01,NZDUSD,0.58316,17/07/2026 16:47:44,0.58322,-0.05,0.00,0.60,0.01,0.01,0.60,-0.09,-0.40,1,Dragon Wave_AZ0,0.05,0.05hrs
17/07/2026 16:44:13,buy,0.01,AUDCAD,0.97702,17/07/2026 16:47:23,0.97719,-0.05,0.00,1.70,0.07,0.07,1.70,-0.13,-1.10,1,Dragon Wave_AZ0,0.05,0.05hrs
17/07/2026 16:44:35,buy,0.01,NZDCAD,0.81744,17/07/2026 16:47:12,0.81753,-0.05,0.00,0.90,0.02,0.02,0.90,-0.07,-0.30,1,Dragon Wave_BZ0,0.04,0.04hrs
17/07/2026 16:45:14,buy,0.02,XAGUSD,55.06500,17/07/2026 16:47:11,55.09800,-0.20,0.00,330.00,3.10,3.10,330.00,-0.10,0.00,1,Dragon Wave_AZ1,0.03,0.03hrs
17/07/2026 16:42:32,buy,0.01,XAGUSD,55.15100,17/07/2026 16:47:11,55.09800,-0.10,0.00,-530.00,-2.75,0.00,0.00,-4.35,-850.00,1,Dragon Wave_AZ0,0.08,0.08hrs
17/07/2026 16:46:32,buy,0.01,NZDCAD,0.81743,17/07/2026 16:46:58,0.81756,-0.05,0.00,1.30,0.04,0.04,1.30,0.00,0.00,1,Dragon Wave_CZ0,0.01,0.01hrs
17/07/2026 16:45:44,buy,0.01,AUDJPY,113.16700,17/07/2026 16:46:58,113.18700,-0.05,0.00,2.00,0.07,0.07,2.00,0.00,0.00,1,Dragon Wave_CZ0,0.02,0.02hrs
17/07/2026 16:44:23,buy,0.01,AUDJPY,113.16100,17/07/2026 16:46:52,113.17500,-0.05,0.00,1.40,0.04,0.04,1.40,-0.05,0.00,1,Dragon Wave_BZ0,0.04,0.04hrs
17/07/2026 16:44:25,buy,0.01,NZDCHF,0.47082,17/07/2026 16:46:51,0.47088,-0.05,0.00,0.60,0.02,0.02,0.60,-0.09,-0.30,1,Dragon Wave_BZ0,0.04,0.04hrs
17/07/2026 16:44:12,buy,0.01,AUDJPY,113.16500,17/07/2026 16:46:39,113.17000,-0.05,0.00,0.50,-0.02,0.00,0.50,-0.08,-0.40,1,Dragon Wave_AZ0,0.04,0.04hrs
17/07/2026 16:44:20,buy,0.01,NZDCAD,0.81744,17/07/2026 16:45:55,0.81753,-0.05,0.00,0.90,0.02,0.02,0.90,-0.07,-0.30,1,Dragon Wave_AZ0,0.03,0.03hrs
17/07/2026 16:15:39,buy,0.01,EURGBP,0.85077,17/07/2026 16:45:41,0.85043,-0.05,0.00,-3.40,-0.50,0.00,0.00,-0.72,-5.00,1,Dragon Wave_BZ0,0.50,0.50hrs
17/07/2026 16:41:57,buy,0.04,EURGBP,0.85017,17/07/2026 16:45:40,0.85044,-0.20,0.00,2.70,1.26,1.26,2.70,0.00,0.00,1,Dragon Wave_BZ3,0.06,0.06hrs
17/07/2026 16:34:21,buy,0.03,EURGBP,0.85038,17/07/2026 16:45:40,0.85044,-0.15,0.00,0.60,0.09,0.09,0.60,-0.59,-1.10,1,Dragon Wave_BZ2,0.19,0.19hrs
17/07/2026 16:21:37,buy,0.02,EURGBP,0.85061,17/07/2026 16:45:40,0.85043,-0.10,0.00,-1.80,-0.58,0.00,0.00,-1.01,-3.40,1,Dragon Wave_BZ1,0.40,0.40hrs
17/07/2026 16:36:17,buy,0.01,EURJPY,185.60500,17/07/2026 16:45:07,185.62300,-0.05,0.00,1.80,0.06,0.06,1.80,-0.15,-1.60,1,Dragon Wave_AZ0,0.15,0.15hrs
17/07/2026 16:34:42,buy,0.01,EURGBP,0.85028,17/07/2026 16:44:48,0.85032,-0.05,0.00,0.40,0.01,0.01,0.40,-0.06,-0.10,1,Dragon Wave_CZ0,0.17,0.17hrs
17/07/2026 16:41:46,buy,0.01,EURNZD,1.95932,17/07/2026 16:44:03,1.95973,-0.05,0.00,4.10,0.18,0.18,4.10,0.00,0.00,1,Dragon Wave_CZ0,0.04,0.04hrs
17/07/2026 16:41:40,buy,0.01,EURUSD,1.14299,17/07/2026 16:42:22,1.14311,-0.05,0.00,1.20,0.07,0.07,1.20,0.00,0.00,1,Dragon Wave_AZ0,0.01,0.01hrs
17/07/2026 16:40:08,buy,0.02,USDJPY,162.34600,17/07/2026 16:41:58,162.36800,-0.10,0.00,2.20,0.17,0.17,2.20,-0.14,-0.30,1,Dragon Wave_AZ1,0.03,0.03hrs
17/07/2026 16:34:26,buy,0.01,USDJPY,162.38500,17/07/2026 16:41:58,162.36800,-0.05,0.00,-1.70,-0.15,0.00,0.70,-0.31,-4.20,1,Dragon Wave_AZ0,0.13,0.13hrs
17/07/2026 16:35:13,buy,0.01,CADCHF,0.57598,17/07/2026 16:41:53,0.57598,-0.05,0.00,0.00,-0.05,0.00,0.00,-0.22,-1.40,1,Dragon Wave_AZ0,0.11,0.11hrs
17/07/2026 16:39:02,buy,0.02,CADCHF,0.57585,17/07/2026 16:41:52,0.57598,-0.10,0.00,1.30,0.23,0.23,1.30,-0.12,-0.10,1,Dragon Wave_AZ1,0.05,0.05hrs
17/07/2026 16:39:30,buy,0.02,USDJPY,162.33700,17/07/2026 16:41:48,162.36700,-0.10,0.00,3.00,0.27,0.27,3.00,-0.03,0.00,1,Dragon Wave_CZ1,0.04,0.04hrs
17/07/2026 16:35:48,buy,0.01,USDJPY,162.38500,17/07/2026 16:41:48,162.36700,-0.05,0.00,-1.80,-0.16,0.00,0.00,-0.31,-4.20,1,Dragon Wave_CZ0,0.10,0.10hrs
17/07/2026 16:37:38,buy,0.01,AUDJPY,113.20000,17/07/2026 16:41:35,113.21600,-0.05,0.00,1.60,0.04,0.04,1.60,-0.03,0.00,1,Dragon Wave_AZ0,0.07,0.07hrs
17/07/2026 16:39:32,buy,0.01,USDCHF,0.80717,17/07/2026 16:40:54,0.80722,-0.05,0.00,0.50,0.01,0.01,0.50,-0.01,0.00,1,Dragon Wave_AZ0,0.02,0.02hrs
17/07/2026 16:13:52,buy,0.01,EURAUD,1.63969,17/07/2026 16:39:40,1.63965,-0.05,0.00,-0.40,-0.08,0.00,0.00,-0.48,-6.10,1,Dragon Wave_CZ0,0.43,0.43hrs
17/07/2026 16:17:08,buy,0.02,EURAUD,1.63947,17/07/2026 16:39:39,1.63967,-0.10,0.00,2.00,0.18,0.18,2.00,-0.64,-3.90,1,Dragon Wave_CZ1,0.38,0.38hrs
17/07/2026 16:37:37,buy,0.01,CHFJPY,201.10700,17/07/2026 16:37:55,201.12800,-0.05,0.00,2.10,0.08,0.08,2.10,0.00,0.00,1,Dragon Wave_BZ0,0.01,0.01hrs
17/07/2026 16:15:17,buy,0.01,EURCAD,1.60239,17/07/2026 16:37:34,1.60249,-0.05,0.00,1.00,0.02,0.02,1.00,-0.76,-9.90,1,Dragon Wave_AZ0,0.37,0.37hrs
17/07/2026 16:21:24,buy,0.02,EURCAD,1.60189,17/07/2026 16:37:33,1.60249,-0.10,0.00,6.00,0.76,0.76,6.00,-0.80,-4.90,1,Dragon Wave_AZ1,0.27,0.27hrs
17/07/2026 16:34:23,buy,0.01,AUDJPY,113.20800,17/07/2026 16:37:12,113.21800,-0.05,0.00,1.00,0.01,0.01,1.00,-0.07,-0.30,1,Dragon Wave_BZ0,0.05,0.05hrs
17/07/2026 16:36:19,buy,0.01,EURAUD,1.63899,17/07/2026 16:37:11,1.63932,-0.05,0.00,3.30,0.18,0.18,3.30,0.00,0.00,1,Dragon Wave_AZ0,0.01,0.01hrs
17/07/2026 16:36:23,buy,0.01,EURNZD,1.95933,17/07/2026 16:37:08,1.95953,-0.05,0.00,2.00,0.07,0.07,2.00,0.00,0.00,1,Dragon Wave_AZ0,0.01,0.01hrs
17/07/2026 16:21:08,buy,0.02,USDCAD,1.40177,17/07/2026 16:37:00,1.40192,-0.10,0.00,1.50,0.11,0.11,1.50,-0.39,-2.00,1,Dragon Wave_AZ1,0.26,0.26hrs
17/07/2026 16:20:07,buy,0.01,USDCAD,1.40185,17/07/2026 16:37:00,1.40192,-0.05,0.00,0.00,0.00,0.00,0.00,-0.25,-2.80,1,Dragon Wave_AZ0,0.28,0.28hrs
17/07/2026 16:35:41,buy,0.01,NZDCHF,0.47081,17/07/2026 16:36:45,0.47092,-0.05,0.00,1.10,0.08,0.08,1.10,0.00,0.00,1,Dragon Wave_CZ0,0.02,0.02hrs
17/07/2026 16:34:35,buy,0.01,NZDCHF,0.47082,17/07/2026 16:36:15,0.47094,-0.05,0.00,1.20,0.10,0.10,1.20,-0.05,0.00,1,Dragon Wave_BZ0,0.03,0.03hrs
17/07/2026 15:09:28,buy,0.03,NZDCAD,0.81767,17/07/2026 16:36:13,0.81762,-0.15,0.00,-0.50,-0.26,0.00,0.00,-1.48,-6.20,1,Dragon Wave_BZ2,1.45,1.45hrs
17/07/2026 15:05:20,buy,0.02,NZDCAD,0.81782,17/07/2026 16:36:13,0.81762,-0.10,0.00,-2.00,-0.39,0.00,0.00,-1.20,-7.70,1,Dragon Wave_BZ1,1.51,1.51hrs
17/07/2026 15:03:36,buy,0.01,NZDCAD,0.81790,17/07/2026 16:36:13,0.81761,-0.05,0.00,-2.90,-0.26,0.00,0.00,-0.66,-8.50,1,Dragon Wave_BZ0,1.54,1.54hrs
17/07/2026 15:33:29,buy,0.04,NZDCAD,0.81732,17/07/2026 16:36:12,0.81763,-0.20,0.00,3.10,0.68,0.68,3.10,-0.97,-2.70,1,Dragon Wave_BZ3,1.05,1.05hrs
17/07/2026 16:34:28,buy,0.01,NZDCHF,0.47086,17/07/2026 16:36:06,0.47089,-0.05,0.00,0.30,-0.01,0.00,0.30,-0.10,-0.40,1,Dragon Wave_AZ0,0.03,0.03hrs
17/07/2026 16:34:38,buy,0.01,XAGUSD,54.90200,17/07/2026 16:35:54,54.95500,-0.10,0.00,530.00,2.55,2.55,530.00,0.00,0.00,1,Dragon Wave_CZ0,0.02,0.02hrs
17/07/2026 16:33:59,buy,0.01,XAUUSD,3966.78000,17/07/2026 16:35:44,3968.64000,-0.14,0.00,18.60,1.72,1.72,18.60,0.00,0.00,1,Dragon Wave_CZ0,0.03,0.03hrs
17/07/2026 16:33:44,buy,0.01,XAUUSD,3966.42000,17/07/2026 16:34:03,3967.15000,-0.14,0.00,7.30,0.59,0.59,7.30,0.00,0.00,1,Dragon Wave_BZ0,0.01,0.01hrs
17/07/2026 16:25:33,buy,0.01,EURAUD,1.63909,17/07/2026 16:32:59,1.63922,-0.05,0.00,1.30,0.04,0.04,1.30,-0.06,-0.10,1,Dragon Wave_BZ0,0.12,0.12hrs
17/07/2026 16:22:17,buy,0.02,EURCAD,1.60162,17/07/2026 16:32:06,1.60188,-0.10,0.00,2.60,0.27,0.27,2.60,-0.41,-2.20,1,Dragon Wave_BZ1,0.16,0.16hrs
17/07/2026 16:18:24,buy,0.01,EURCAD,1.60216,17/07/2026 16:32:06,1.60189,-0.05,0.00,-2.70,-0.24,0.00,0.00,-0.59,-7.60,1,Dragon Wave_BZ0,0.23,0.23hrs
17/07/2026 16:17:27,buy,0.01,EURUSD,1.14273,17/07/2026 16:31:59,1.14283,-0.05,0.00,1.00,0.05,0.05,1.00,-0.22,-1.70,1,Dragon Wave_CZ0,0.24,0.24hrs
17/07/2026 16:20:21,buy,0.01,USDCAD,1.40183,17/07/2026 16:31:42,1.40165,-0.05,0.00,-1.80,-0.18,0.00,0.00,-0.24,-2.60,1,Dragon Wave_BZ0,0.19,0.19hrs
17/07/2026 16:28:25,buy,0.02,USDCAD,1.40145,17/07/2026 16:31:41,1.40166,-0.10,0.00,2.10,0.20,0.20,2.10,0.00,0.00,1,Dragon Wave_BZ1,0.05,0.05hrs
17/07/2026 16:31:23,buy,0.01,EURUSD,1.14258,17/07/2026 16:31:36,1.14277,-0.05,0.00,1.90,0.14,0.14,1.90,0.00,0.00,1,Dragon Wave_BZ0,0.00,0.00hrs
17/07/2026 16:18:40,buy,0.01,EURCAD,1.60197,17/07/2026 16:31:28,1.60176,-0.05,0.00,-2.10,-0.20,0.00,0.00,-0.46,-5.70,1,Dragon Wave_CZ0,0.21,0.21hrs
17/07/2026 16:23:25,buy,0.02,EURCAD,1.60137,17/07/2026 16:31:27,1.60176,-0.10,0.00,3.90,0.45,0.45,3.90,-0.06,0.00,1,Dragon Wave_CZ1,0.13,0.13hrs
17/07/2026 16:21:06,buy,0.01,GBPCAD,1.88309,17/07/2026 16:31:25,1.88334,-0.05,0.00,2.50,0.13,0.13,2.50,-0.36,-4.30,1,Dragon Wave_CZ0,0.17,0.17hrs
17/07/2026 16:28:29,buy,0.02,USDCAD,1.40143,17/07/2026 16:31:21,1.40187,-0.10,0.00,4.40,0.53,0.53,4.40,0.00,0.00,1,Dragon Wave_CZ1,0.05,0.05hrs
17/07/2026 16:20:30,buy,0.01,USDCAD,1.40177,17/07/2026 16:31:21,1.40187,-0.05,0.00,1.00,0.02,0.02,1.00,-0.19,-2.00,1,Dragon Wave_CZ0,0.18,0.18hrs
17/07/2026 16:28:47,buy,0.01,USDJPY,162.40700,17/07/2026 16:30:52,162.43900,-0.05,0.00,3.20,0.15,0.15,3.20,0.00,0.00,1,Dragon Wave_BZ0,0.03,0.03hrs
17/07/2026 16:28:32,buy,0.01,USDCHF,0.80768,17/07/2026 16:30:52,0.80777,-0.05,0.00,0.90,0.06,0.06,0.90,0.00,0.00,1,Dragon Wave_CZ0,0.04,0.04hrs
17/07/2026 16:28:23,buy,0.01,USDJPY,162.41600,17/07/2026 16:30:44,162.43100,-0.05,0.00,1.50,0.04,0.04,1.50,0.00,0.00,1,Dragon Wave_AZ0,0.04,0.04hrs
17/07/2026 16:29:24,buy,0.01,EURUSD,1.14256,17/07/2026 16:30:39,1.14266,-0.05,0.00,1.00,0.05,0.05,1.00,-0.05,0.00,1,Dragon Wave_BZ0,0.02,0.02hrs
17/07/2026 16:28:11,buy,0.01,EURUSD,1.14255,17/07/2026 16:28:37,1.14276,-0.05,0.00,2.10,0.16,0.16,2.10,0.00,0.00,1,Dragon Wave_AZ0,0.01,0.01hrs
17/07/2026 16:27:31,buy,0.01,EURUSD,1.14251,17/07/2026 16:27:44,1.14258,-0.05,0.00,0.70,0.02,0.02,0.70,0.00,0.00,1,Dragon Wave_BZ0,0.00,0.00hrs
17/07/2026 16:24:18,buy,0.02,AUDCAD,0.97695,17/07/2026 16:25:47,0.97714,-0.10,0.00,1.90,0.17,0.17,1.90,0.00,0.00,1,Dragon Wave_AZ1,0.02,0.02hrs
17/07/2026 16:19:25,buy,0.01,AUDCAD,0.97711,17/07/2026 16:25:47,0.97714,-0.05,0.00,0.30,-0.03,0.00,0.30,-0.16,-1.60,1,Dragon Wave_AZ0,0.11,0.11hrs
17/07/2026 16:24:03,buy,0.01,XAGUSD,54.95200,17/07/2026 16:25:46,55.04000,-0.10,0.00,880.00,4.30,4.30,880.00,0.00,0.00,1,Dragon Wave_BZ0,0.03,0.03hrs
17/07/2026 16:23:28,buy,0.01,XAUUSD,3967.76000,17/07/2026 16:25:41,3970.39000,-0.14,0.00,26.30,2.49,2.49,26.30,0.00,0.00,1,Dragon Wave_CZ0,0.04,0.04hrs
17/07/2026 16:17:15,buy,0.01,AUDCHF,0.56306,17/07/2026 16:25:28,0.56311,-0.05,0.00,0.50,0.01,0.01,0.50,-0.15,-0.80,1,Dragon Wave_AZ0,0.14,0.14hrs
17/07/2026 16:24:33,buy,0.01,AUDJPY,113.20600,17/07/2026 16:25:15,113.22200,-0.05,0.00,1.60,0.05,0.05,1.60,0.00,0.00,1,Dragon Wave_AZ0,0.01,0.01hrs
17/07/2026 16:10:53,buy,0.01,GBPAUD,1.92733,17/07/2026 16:24:18,1.92746,-0.05,0.00,1.30,0.05,0.05,1.30,-0.29,-3.50,1,Dragon Wave_CZ0,0.22,0.22hrs
17/07/2026 16:23:17,buy,0.01,NZDCAD,0.81710,17/07/2026 16:23:51,0.81719,-0.05,0.00,0.90,0.01,0.01,0.90,0.00,0.00,1,Dragon Wave_CZ0,0.01,0.01hrs
17/07/2026 16:20:35,buy,0.01,USDCHF,0.80769,17/07/2026 16:22:24,0.80789,-0.05,0.00,2.00,0.20,0.20,2.00,0.00,0.00,1,Dragon Wave_BZ0,0.03,0.03hrs
17/07/2026 16:14:19,buy,0.01,GBPAUD,1.92732,17/07/2026 16:22:07,1.92734,-0.05,0.00,0.20,-0.04,0.00,0.20,-0.29,-3.40,1,Dragon Wave_AZ0,0.13,0.13hrs
17/07/2026 16:17:12,buy,0.01,GBPCHF,1.08516,17/07/2026 16:22:06,1.08528,-0.05,0.00,1.20,0.09,0.09,1.20,-0.22,-1.40,1,Dragon Wave_AZ0,0.08,0.08hrs
17/07/2026 16:18:50,buy,0.01,EURJPY,185.58900,17/07/2026 16:21:53,185.62000,-0.05,0.00,3.10,0.14,0.14,3.10,0.00,0.00,1,Dragon Wave_CZ0,0.05,0.05hrs
17/07/2026 16:17:12,buy,0.01,NZDCHF,0.47086,17/07/2026 16:20:56,0.47094,-0.05,0.00,0.80,0.05,0.05,0.80,-0.05,0.00,1,Dragon Wave_AZ0,0.06,0.06hrs
17/07/2026 16:18:39,buy,0.01,EURJPY,185.58700,17/07/2026 16:20:47,185.61000,-0.05,0.00,2.30,0.09,0.09,2.30,0.00,0.00,1,Dragon Wave_BZ0,0.04,0.04hrs
17/07/2026 16:18:22,buy,0.01,EURUSD,1.14247,17/07/2026 16:20:33,1.14276,-0.05,0.00,2.90,0.24,0.24,2.90,0.00,0.00,1,Dragon Wave_BZ0,0.04,0.04hrs
17/07/2026 16:18:29,buy,0.01,GBPUSD,1.34302,17/07/2026 16:20:26,1.34345,-0.05,0.00,4.30,0.38,0.38,4.30,0.00,0.00,1,Dragon Wave_AZ0,0.03,0.03hrs
17/07/2026 16:02:40,buy,0.01,CHFJPY,201.08200,17/07/2026 16:20:25,201.10900,-0.05,0.00,2.70,0.12,0.12,2.70,-0.41,-5.90,1,Dragon Wave_CZ0,0.30,0.30hrs
17/07/2026 16:17:31,buy,0.01,GBPJPY,218.16700,17/07/2026 16:20:14,218.20200,-0.05,0.00,3.50,0.17,0.17,3.50,-0.11,-1.00,1,Dragon Wave_AZ0,0.05,0.05hrs
17/07/2026 16:16:24,buy,0.01,EURUSD,1.14271,17/07/2026 16:20:12,1.14271,-0.05,0.00,0.00,-0.05,0.01,0.60,-0.05,0.00,1,Dragon Wave_AZ0,0.06,0.06hrs
17/07/2026 16:19:05,buy,0.02,EURUSD,1.14245,17/07/2026 16:20:11,1.14271,-0.10,0.00,2.60,0.42,0.42,2.60,0.00,0.00,1,Dragon Wave_AZ1,0.02,0.02hrs
17/07/2026 16:17:11,buy,0.01,CADCHF,0.57614,17/07/2026 16:18:51,0.57623,-0.05,0.00,0.90,0.06,0.06,0.90,-0.05,0.00,1,Dragon Wave_AZ0,0.03,0.03hrs
17/07/2026 16:17:10,buy,0.01,USDCHF,0.80775,17/07/2026 16:18:38,0.80796,-0.05,0.00,2.10,0.21,0.21,2.10,-0.03,0.00,1,Dragon Wave_AZ0,0.02,0.02hrs
17/07/2026 16:16:15,buy,0.01,XAGUSD,54.99700,17/07/2026 16:18:32,55.03900,-0.10,0.00,420.00,2.00,2.00,420.00,-0.05,0.00,1,Dragon Wave_AZ0,0.04,0.04hrs
17/07/2026 16:15:12,buy,0.02,XAGUSD,55.03300,17/07/2026 16:18:00,55.07500,-0.20,0.00,420.00,4.00,4.00,420.00,-3.70,-350.00,1,Dragon Wave_BZ1,0.05,0.05hrs
17/07/2026 16:10:14,buy,0.01,XAGUSD,55.13000,17/07/2026 16:18:00,55.08100,-0.10,0.00,-490.00,-2.55,0.00,0.00,-6.70,-1320.00,1,Dragon Wave_BZ0,0.13,0.13hrs
17/07/2026 16:01:43,buy,0.01,CHFJPY,201.09800,17/07/2026 16:17:19,201.08900,-0.05,0.00,-0.90,-0.11,0.00,0.00,-0.51,-7.50,1,Dragon Wave_BZ0,0.26,0.26hrs
17/07/2026 16:04:38,buy,0.02,CHFJPY,201.05900,17/07/2026 16:17:18,201.08900,-0.10,0.00,3.00,0.27,0.27,3.00,-0.54,-3.60,1,Dragon Wave_BZ1,0.21,0.21hrs
17/07/2026 16:12:11,buy,0.01,CADCHF,0.57614,17/07/2026 16:14:46,0.57623,-0.05,0.00,0.90,0.06,0.06,0.90,0.00,0.00,1,Dragon Wave_AZ0,0.04,0.04hrs
17/07/2026 16:10:18,buy,0.01,XAUUSD,3968.66000,17/07/2026 16:13:47,3968.91000,-0.14,0.00,2.50,0.11,0.11,2.50,0.00,0.00,1,Dragon Wave_BZ0,0.06,0.06hrs
17/07/2026 15:59:47,buy,0.02,AUDCAD,0.97749,17/07/2026 16:13:40,0.97735,-0.10,0.00,-1.40,-0.30,0.00,0.00,-0.74,-4.50,1,Dragon Wave_BZ1,0.23,0.23hrs
17/07/2026 15:58:44,buy,0.01,AUDCAD,0.97759,17/07/2026 16:13:40,0.97735,-0.05,0.00,-2.40,-0.22,0.00,0.00,-0.44,-5.50,1,Dragon Wave_BZ0,0.25,0.25hrs
17/07/2026 16:02:15,buy,0.03,AUDCAD,0.97707,17/07/2026 16:13:39,0.97735,-0.15,0.00,2.80,0.45,0.45,2.80,-0.21,-0.30,1,Dragon Wave_BZ2,0.19,0.19hrs
17/07/2026 15:34:56,buy,0.01,AUDUSD,0.69726,17/07/2026 16:13:05,0.69704,-0.05,0.00,-2.20,-0.27,0.00,0.00,-0.52,-4.70,1,Dragon Wave_CZ0,0.64,0.64hrs
17/07/2026 16:01:38,buy,0.03,AUDUSD,0.69671,17/07/2026 16:13:04,0.69704,-0.15,0.00,3.30,0.84,0.84,3.30,0.00,0.00,1,Dragon Wave_CZ2,0.19,0.19hrs
17/07/2026 15:45:17,buy,0.02,AUDUSD,0.69707,17/07/2026 16:13:04,0.69704,-0.10,0.00,-0.30,-0.16,0.00,0.00,-0.66,-2.80,1,Dragon Wave_CZ1,0.46,0.46hrs
17/07/2026 16:11:48,buy,0.01,XAGUSD,55.04300,17/07/2026 16:12:53,55.09600,-0.10,0.00,530.00,2.55,2.55,530.00,0.00,0.00,1,Dragon Wave_CZ0,0.02,0.02hrs
17/07/2026 15:34:29,buy,0.02,EURUSD,1.14292,17/07/2026 16:11:46,1.14309,-0.10,0.00,1.70,0.24,0.24,1.70,-0.56,-2.30,1,Dragon Wave_CZ1,0.62,0.62hrs
17/07/2026 15:31:49,buy,0.01,EURUSD,1.14318,17/07/2026 16:11:46,1.14309,-0.05,0.00,-0.90,-0.14,0.00,0.20,-0.54,-4.90,1,Dragon Wave_CZ0,0.67,0.67hrs
17/07/2026 16:03:40,buy,0.02,EURCAD,1.60239,17/07/2026 16:11:43,1.60259,-0.10,0.00,2.00,0.18,0.18,2.00,-0.14,-0.30,1,Dragon Wave_CZ1,0.13,0.13hrs
17/07/2026 16:01:12,buy,0.01,EURCAD,1.60269,17/07/2026 16:11:43,1.60259,-0.05,0.00,-1.00,-0.12,0.00,0.00,-0.29,-3.30,1,Dragon Wave_CZ0,0.18,0.18hrs
17/07/2026 15:31:45,buy,0.01,EURUSD,1.14319,17/07/2026 16:11:41,1.14308,-0.05,0.00,-1.10,-0.16,0.00,0.10,-0.55,-5.00,1,Dragon Wave_BZ0,0.67,0.67hrs
17/07/2026 15:34:22,buy,0.02,EURUSD,1.14288,17/07/2026 16:11:40,1.14308,-0.10,0.00,2.00,0.30,0.30,2.00,-0.48,-1.90,1,Dragon Wave_BZ1,0.62,0.62hrs
17/07/2026 16:04:40,buy,0.01,GBPJPY,218.12800,17/07/2026 16:11:03,218.13800,-0.05,0.00,1.00,0.01,0.01,1.00,-0.13,-1.30,1,Dragon Wave_BZ0,0.11,0.11hrs
17/07/2026 15:57:45,buy,0.01,AUDUSD,0.69699,17/07/2026 16:11:03,0.69693,-0.05,0.00,-0.60,-0.11,0.00,0.00,-0.25,-2.00,1,Dragon Wave_BZ0,0.22,0.22hrs
17/07/2026 16:01:28,buy,0.02,AUDUSD,0.69674,17/07/2026 16:11:02,0.69693,-0.10,0.00,1.90,0.28,0.28,1.90,0.00,0.00,1,Dragon Wave_BZ1,0.16,0.16hrs
17/07/2026 15:34:37,buy,0.01,NZDUSD,0.58282,17/07/2026 16:10:57,0.58280,-0.05,0.00,-0.20,-0.07,0.00,0.00,-0.24,-1.90,1,Dragon Wave_CZ0,0.61,0.61hrs
17/07/2026 15:50:26,buy,0.02,NZDUSD,0.58270,17/07/2026 16:10:56,0.58280,-0.10,0.00,1.00,0.10,0.10,1.00,-0.24,-0.70,1,Dragon Wave_CZ1,0.34,0.34hrs
17/07/2026 15:40:22,buy,0.02,AUDUSD,0.69715,17/07/2026 16:10:56,0.69694,-0.10,0.00,-2.10,-0.52,0.00,0.40,-0.82,-3.60,1,Dragon Wave_AZ1,0.51,0.51hrs
17/07/2026 15:34:25,buy,0.01,AUDUSD,0.69727,17/07/2026 16:10:56,0.69694,-0.05,0.00,-3.30,-0.38,0.00,0.00,-0.53,-4.80,1,Dragon Wave_AZ0,0.61,0.61hrs
17/07/2026 16:02:23,buy,0.07,AUDUSD,0.69672,17/07/2026 16:10:55,0.69697,-0.35,0.00,2.50,1.40,1.40,2.50,0.00,0.00,1,Dragon Wave_AZ4,0.14,0.14hrs
17/07/2026 16:01:14,buy,0.04,AUDUSD,0.69691,17/07/2026 16:10:55,0.69698,-0.20,0.00,0.70,0.08,0.08,0.70,-0.68,-1.20,1,Dragon Wave_AZ3,0.16,0.16hrs
17/07/2026 15:54:22,buy,0.03,AUDUSD,0.69705,17/07/2026 16:10:55,0.69695,-0.15,0.00,-1.00,-0.45,0.00,0.00,-0.93,-2.60,1,Dragon Wave_AZ2,0.28,0.28hrs
17/07/2026 16:08:22,buy,0.01,CHFJPY,201.03300,17/07/2026 16:10:49,201.07000,-0.05,0.00,3.70,0.18,0.18,3.70,0.00,0.00,1,Dragon Wave_AZ0,0.04,0.04hrs
17/07/2026 16:01:48,buy,0.01,NZDCAD,0.81704,17/07/2026 16:10:38,0.81725,-0.05,0.00,2.10,0.10,0.10,2.10,-0.04,0.00,1,Dragon Wave_CZ0,0.15,0.15hrs
17/07/2026 15:58:20,buy,0.01,AUDJPY,113.19000,17/07/2026 16:10:23,113.18300,-0.05,0.00,-0.70,-0.09,0.00,0.00,-0.21,-2.60,1,Dragon Wave_BZ0,0.20,0.20hrs
17/07/2026 16:04:27,buy,0.02,AUDJPY,113.15700,17/07/2026 16:10:22,113.18300,-0.10,0.00,2.60,0.22,0.22,2.60,-0.01,0.00,1,Dragon Wave_BZ1,0.10,0.10hrs
17/07/2026 16:05:25,buy,0.01,EURJPY,185.58700,17/07/2026 16:09:20,185.60800,-0.05,0.00,2.10,0.08,0.08,2.10,0.00,0.00,1,Dragon Wave_CZ0,0.07,0.07hrs
17/07/2026 16:00:56,buy,0.01,USDCAD,1.40230,17/07/2026 16:08:21,1.40240,-0.05,0.00,1.00,0.02,0.02,1.00,-0.11,-0.90,1,Dragon Wave_CZ0,0.12,0.12hrs
17/07/2026 16:01:34,buy,0.01,AUDJPY,113.15800,17/07/2026 16:08:01,113.17200,-0.05,0.00,1.40,0.04,0.04,1.40,-0.01,0.00,1,Dragon Wave_CZ0,0.11,0.11hrs
17/07/2026 16:03:09,buy,0.02,GBPCAD,1.88318,17/07/2026 16:07:59,1.88352,-0.10,0.00,3.40,0.38,0.38,3.40,0.00,0.00,1,Dragon Wave_CZ1,0.08,0.08hrs
17/07/2026 15:57:47,buy,0.01,GBPCAD,1.88389,17/07/2026 16:07:59,1.88354,-0.05,0.00,-3.50,-0.30,0.00,0.00,-0.49,-6.10,1,Dragon Wave_CZ0,0.17,0.17hrs
17/07/2026 16:02:25,buy,0.02,NZDCAD,0.81703,17/07/2026 16:07:57,0.81711,-0.10,0.00,0.80,0.01,0.01,0.80,-0.07,0.00,1,Dragon Wave_AZ1,0.09,0.09hrs
17/07/2026 16:00:22,buy,0.01,NZDCAD,0.81717,17/07/2026 16:07:57,0.81711,-0.05,0.00,-0.60,-0.09,0.00,0.00,-0.14,-1.20,1,Dragon Wave_AZ0,0.13,0.13hrs
17/07/2026 16:01:32,buy,0.01,GBPUSD,1.34296,17/07/2026 16:06:22,1.34312,-0.05,0.00,1.60,0.11,0.11,1.60,0.00,0.00,1,Dragon Wave_AZ0,0.08,0.08hrs
17/07/2026 16:05:11,buy,0.01,EURUSD,1.14268,17/07/2026 16:05:56,1.14273,-0.05,0.00,0.00,0.00,0.00,0.00,0.00,0.00,1,Dragon Wave_AZ0,0.01,0.01hrs
17/07/2026 15:43:37,buy,0.03,XAUUSD,3968.63000,17/07/2026 16:05:09,3973.89000,-0.43,0.00,52.60,15.35,15.35,52.60,-8.02,-25.30,1,Dragon Wave_CZ2,0.36,0.36hrs
17/07/2026 15:40:52,buy,0.02,XAUUSD,3976.50000,17/07/2026 16:05:09,3973.95000,-0.29,0.00,-25.50,-5.39,2.43,13.60,-21.09,-104.00,1,Dragon Wave_CZ1,0.40,0.40hrs
17/07/2026 15:33:35,buy,0.01,XAUUSD,3982.94000,17/07/2026 16:05:09,3973.90000,-0.14,0.00,-90.40,-9.18,0.00,0.00,-16.98,-168.40,1,Dragon Wave_CZ0,0.53,0.53hrs
17/07/2026 16:01:26,buy,0.01,NZDUSD,0.58260,17/07/2026 16:04:55,0.58271,-0.05,0.00,1.10,0.06,0.06,1.10,0.00,0.00,1,Dragon Wave_BZ0,0.06,0.06hrs
17/07/2026 15:32:23,buy,0.01,XAUUSD,3984.49000,17/07/2026 16:04:48,3975.46000,-0.14,0.00,-90.30,-9.17,0.00,0.00,-18.53,-183.90,1,Dragon Wave_BZ0,0.54,0.54hrs
17/07/2026 15:43:28,buy,0.04,XAUUSD,3967.10000,17/07/2026 16:04:44,3975.43000,-0.57,0.00,83.30,32.75,32.75,83.30,-4.57,-10.00,1,Dragon Wave_BZ3,0.35,0.35hrs
17/07/2026 15:40:27,buy,0.03,XAUUSD,3976.54000,17/07/2026 16:04:44,3975.17000,-0.43,0.00,-13.70,-4.54,3.53,13.20,-31.75,-104.40,1,Dragon Wave_BZ2,0.40,0.40hrs
17/07/2026 15:33:24,buy,0.02,XAUUSD,3981.95000,17/07/2026 16:04:44,3974.94000,-0.29,0.00,-70.10,-14.31,0.00,0.00,-31.99,-158.50,1,Dragon Wave_BZ1,0.52,0.52hrs
17/07/2026 16:00:33,buy,0.02,AUDCHF,0.56276,17/07/2026 16:04:10,0.56284,-0.10,0.00,0.80,0.10,0.10,0.80,0.00,0.00,1,Dragon Wave_CZ1,0.06,0.06hrs
17/07/2026 15:49:26,buy,0.01,AUDCHF,0.56283,17/07/2026 16:04:10,0.56284,-0.05,0.00,0.10,-0.04,0.00,0.10,-0.27,-1.80,1,Dragon Wave_CZ0,0.25,0.25hrs
17/07/2026 16:01:25,buy,0.01,EURUSD,1.14266,17/07/2026 16:03:25,1.14277,-0.05,0.00,1.10,0.06,0.06,1.10,0.00,0.00,1,Dragon Wave_AZ0,0.03,0.03hrs
17/07/2026 16:00:11,buy,0.02,XAUUSD,3962.74000,17/07/2026 16:02:44,3967.13000,-0.29,0.00,43.90,8.49,8.49,43.90,0.00,0.00,1,Dragon Wave_AZ1,0.04,0.04hrs
17/07/2026 15:58:24,buy,0.01,XAUUSD,3966.85000,17/07/2026 16:02:44,3967.58000,-0.14,0.00,7.30,0.59,0.59,7.30,-0.89,-7.50,1,Dragon Wave_AZ0,0.07,0.07hrs
17/07/2026 16:01:45,buy,0.01,XAGUSD,55.02200,17/07/2026 16:02:15,55.06000,-0.10,0.00,380.00,1.80,1.80,380.00,0.00,0.00,1,Dragon Wave_AZ0,0.01,0.01hrs
17/07/2026 15:05:42,buy,0.01,NZDCHF,0.47066,17/07/2026 16:02:06,0.47063,-0.05,0.00,-0.30,-0.08,0.00,0.00,-0.37,-2.60,1,Dragon Wave_CZ0,0.94,0.94hrs
17/07/2026 15:07:23,buy,0.02,NZDCHF,0.47057,17/07/2026 16:02:05,0.47064,-0.10,0.00,0.70,0.07,0.07,0.70,-0.52,-1.70,1,Dragon Wave_CZ1,0.91,0.91hrs
17/07/2026 14:28:28,buy,0.03,EURCHF,0.92276,17/07/2026 16:01:32,0.92305,-0.15,0.00,2.90,0.92,0.92,2.90,-1.49,-3.60,1,Dragon Wave_CZ2,1.55,1.55hrs
17/07/2026 14:10:27,buy,0.02,EURCHF,0.92304,17/07/2026 16:01:32,0.92306,-0.10,0.00,0.20,-0.05,0.00,0.20,-1.69,-6.40,1,Dragon Wave_CZ1,1.85,1.85hrs
17/07/2026 14:01:39,buy,0.01,EURCHF,0.92317,17/07/2026 16:01:32,0.92306,-0.05,0.00,-1.10,-0.19,0.00,0.00,-1.00,-7.70,1,Dragon Wave_CZ0,2.00,2.00hrs
17/07/2026 15:58:55,buy,0.01,XAGUSD,55.01700,17/07/2026 16:01:23,55.11500,-0.10,0.00,980.00,4.80,4.80,980.00,0.00,0.00,1,Dragon Wave_CZ0,0.04,0.04hrs
17/07/2026 15:58:05,buy,0.01,GBPUSD,1.34303,17/07/2026 16:01:06,1.34326,-0.05,0.00,2.30,0.18,0.18,2.30,0.00,0.00,1,Dragon Wave_CZ0,0.05,0.05hrs
17/07/2026 15:57:44,buy,0.01,GBPUSD,1.34307,17/07/2026 16:00:36,1.34321,-0.05,0.00,1.40,0.09,0.11,1.60,0.00,0.00,1,Dragon Wave_BZ0,0.05,0.05hrs
17/07/2026 13:13:55,buy,0.03,EURCHF,0.92369,17/07/2026 16:00:26,0.92285,-0.15,0.00,-8.40,-3.28,0.00,0.00,-4.95,-12.90,1,Dragon Wave_BZ2,2.78,2.78hrs
17/07/2026 13:11:50,buy,0.02,EURCHF,0.92376,17/07/2026 16:00:26,0.92285,-0.10,0.00,-9.10,-2.35,0.00,0.00,-3.47,-13.60,1,Dragon Wave_BZ1,2.81,2.81hrs
17/07/2026 12:57:44,buy,0.01,EURCHF,0.92391,17/07/2026 16:00:26,0.92285,-0.05,0.00,-10.60,-1.36,0.00,0.00,-1.92,-15.10,1,Dragon Wave_BZ0,3.04,3.04hrs
17/07/2026 13:22:48,buy,0.07,EURCHF,0.92343,17/07/2026 16:00:25,0.92285,-0.35,0.00,-5.80,-5.37,0.00,0.00,-9.29,-10.30,1,Dragon Wave_BZ4,2.63,2.63hrs
17/07/2026 13:18:14,buy,0.04,EURCHF,0.92360,17/07/2026 16:00:25,0.92285,-0.20,0.00,-7.50,-3.92,0.00,0.00,-6.15,-12.00,1,Dragon Wave_BZ3,2.70,2.70hrs
17/07/2026 14:17:52,buy,0.18,EURCHF,0.92301,17/07/2026 16:00:24,0.92282,-0.90,0.00,-1.90,-5.14,0.00,0.00,-14.51,-6.10,1,Dragon Wave_BZ6,1.71,1.71hrs
17/07/2026 13:32:40,buy,0.11,EURCHF,0.92321,17/07/2026 16:00:24,0.92282,-0.55,0.00,-3.90,-5.86,0.54,0.80,-11.59,-8.10,1,Dragon Wave_BZ5,2.46,2.46hrs
17/07/2026 14:56:45,buy,0.76,EURCHF,0.92251,17/07/2026 16:00:23,0.92282,-3.80,0.00,3.10,25.38,25.38,3.10,-14.16,-1.10,1,Dragon Wave_BZ9,1.06,1.06hrs
17/07/2026 14:47:48,buy,0.47,EURCHF,0.92261,17/07/2026 16:00:23,0.92282,-2.35,0.00,2.10,9.87,9.87,2.10,-14.58,-2.10,1,Dragon Wave_BZ8,1.21,1.21hrs
17/07/2026 14:22:45,buy,0.29,EURCHF,0.92289,17/07/2026 16:00:23,0.92282,-1.45,0.00,-0.70,-3.97,0.00,0.00,-19.06,-4.90,1,Dragon Wave_BZ7,1.63,1.63hrs
17/07/2026 15:31:23,buy,0.01,EURUSD,1.14321,17/07/2026 16:00:12,1.14289,-0.05,0.00,-3.20,-0.37,0.00,0.00,-0.57,-5.20,1,Dragon Wave_AZ0,0.48,0.48hrs
17/07/2026 15:34:11,buy,0.02,EURUSD,1.14300,17/07/2026 16:00:11,1.14290,-0.10,0.00,-1.00,-0.30,0.00,0.00,-0.72,-3.10,1,Dragon Wave_AZ1,0.43,0.43hrs
17/07/2026 15:40:16,buy,0.03,EURUSD,1.14276,17/07/2026 16:00:07,1.14294,-0.15,0.00,1.80,0.39,0.39,1.80,-0.36,-0.70,1,Dragon Wave_AZ2,0.33,0.33hrs
17/07/2026 15:57:47,buy,0.01,GBPJPY,218.12600,17/07/2026 15:59:44,218.15400,-0.05,0.00,2.80,0.13,0.13,2.80,0.00,0.00,1,Dragon Wave_CZ0,0.03,0.03hrs
17/07/2026 15:58:49,buy,0.01,XAGUSD,55.01600,17/07/2026 15:59:11,55.12900,-0.10,0.00,1130.00,5.55,5.55,1130.00,0.00,0.00,1,Dragon Wave_BZ0,0.01,0.01hrs
17/07/2026 15:58:39,buy,0.01,XAGUSD,55.04200,17/07/2026 15:59:08,55.11900,-0.10,0.00,770.00,3.75,3.75,770.00,0.00,0.00,1,Dragon Wave_AZ0,0.01,0.01hrs
17/07/2026 15:56:41,buy,0.01,USDJPY,162.39500,17/07/2026 15:58:57,162.40700,-0.05,0.00,1.20,0.02,0.02,1.20,0.00,0.00,1,Dragon Wave_BZ0,0.04,0.04hrs
17/07/2026 15:54:43,buy,0.01,GBPUSD,1.34332,17/07/2026 15:56:10,1.34344,-0.05,0.00,1.20,0.07,0.07,1.20,-0.04,0.00,1,Dragon Wave_AZ0,0.02,0.02hrs
17/07/2026 15:50:37,buy,0.01,NZDCAD,0.81719,17/07/2026 15:54:51,0.81737,-0.05,0.00,1.80,0.08,0.08,1.80,0.00,0.00,1,Dragon Wave_CZ0,0.07,0.07hrs
17/07/2026 15:35:17,buy,0.02,AUDJPY,113.21000,17/07/2026 15:52:13,113.22400,-0.10,0.00,1.40,0.08,0.08,1.40,-0.21,-0.90,1,Dragon Wave_AZ1,0.28,0.28hrs
17/07/2026 15:34:12,buy,0.01,AUDJPY,113.22600,17/07/2026 15:52:13,113.22400,-0.05,0.00,-0.20,-0.07,0.00,0.00,-0.20,-2.50,1,Dragon Wave_AZ0,0.30,0.30hrs
17/07/2026 15:34:26,buy,0.01,NZDJPY,94.63700,17/07/2026 15:52:00,94.63300,-0.05,0.00,-0.40,-0.07,0.00,0.50,-0.13,-1.30,1,Dragon Wave_BZ0,0.29,0.29hrs
17/07/2026 15:46:35,buy,0.01,GBPCHF,1.08459,17/07/2026 15:51:58,1.08477,-0.05,0.00,1.80,0.17,0.17,1.80,-0.12,-0.60,1,Dragon Wave_AZ0,0.09,0.09hrs
17/07/2026 15:35:26,buy,0.01,AUDJPY,113.20800,17/07/2026 15:51:45,113.22300,-0.05,0.00,1.50,0.04,0.04,1.50,-0.09,-0.70,1,Dragon Wave_CZ0,0.27,0.27hrs
17/07/2026 15:45:19,buy,0.01,CADJPY,115.77400,17/07/2026 15:50:05,115.79200,-0.05,0.00,1.80,0.06,0.06,1.80,0.00,0.00,1,Dragon Wave_CZ0,0.08,0.08hrs
17/07/2026 15:48:16,buy,0.01,GBPUSD,1.34327,17/07/2026 15:49:54,1.34337,-0.05,0.00,1.00,0.05,0.05,1.00,0.00,0.00,1,Dragon Wave_AZ0,0.03,0.03hrs
17/07/2026 15:46:45,buy,0.02,CADCHF,0.57555,17/07/2026 15:48:57,0.57567,-0.10,0.00,1.20,0.19,0.19,1.20,0.00,0.00,1,Dragon Wave_CZ1,0.04,0.04hrs
17/07/2026 15:45:18,buy,0.01,CADCHF,0.57568,17/07/2026 15:48:57,0.57567,-0.05,0.00,-0.10,-0.06,0.00,0.00,-0.06,-0.10,1,Dragon Wave_CZ0,0.06,0.06hrs
17/07/2026 15:39:48,buy,0.01,EURGBP,0.85082,17/07/2026 15:48:57,0.85078,-0.05,0.00,-0.40,-0.10,0.00,0.00,-0.49,-3.30,1,Dragon Wave_CZ0,0.15,0.15hrs
17/07/2026 15:44:45,buy,0.02,EURGBP,0.85061,17/07/2026 15:48:56,0.85078,-0.10,0.00,1.70,0.35,0.35,1.70,-0.42,-1.20,1,Dragon Wave_CZ1,0.07,0.07hrs
17/07/2026 15:46:30,buy,0.02,CADCHF,0.57557,17/07/2026 15:48:49,0.57566,-0.10,0.00,0.90,0.12,0.12,0.90,0.00,0.00,1,Dragon Wave_BZ1,0.04,0.04hrs
17/07/2026 15:45:04,buy,0.01,CADCHF,0.57569,17/07/2026 15:48:49,0.57565,-0.05,0.00,-0.40,-0.10,0.00,0.00,-0.10,-0.40,1,Dragon Wave_BZ0,0.06,0.06hrs
17/07/2026 15:29:05,buy,0.01,EURJPY,185.61100,17/07/2026 15:48:44,185.59300,-0.05,0.00,-1.80,-0.16,0.00,0.00,-0.31,-4.20,1,Dragon Wave_AZ0,0.33,0.33hrs
17/07/2026 15:35:22,buy,0.02,EURJPY,185.57900,17/07/2026 15:48:43,185.59500,-0.10,0.00,1.60,0.10,0.10,1.60,-0.22,-1.00,1,Dragon Wave_AZ1,0.22,0.22hrs
17/07/2026 15:33:38,buy,0.02,NZDCAD,0.81734,17/07/2026 15:47:29,0.81751,-0.10,0.00,1.70,0.15,0.15,1.70,-0.24,-1.00,1,Dragon Wave_CZ1,0.23,0.23hrs
17/07/2026 15:31:25,buy,0.01,NZDCAD,0.81752,17/07/2026 15:47:29,0.81749,-0.05,0.00,-0.30,-0.07,0.00,0.00,-0.25,-2.80,1,Dragon Wave_CZ0,0.27,0.27hrs
17/07/2026 15:03:27,buy,0.01,AUDCAD,0.97817,17/07/2026 15:47:21,0.97796,-0.05,0.00,-2.10,-0.20,0.00,0.00,-0.48,-6.00,1,Dragon Wave_BZ0,0.73,0.73hrs
17/07/2026 15:33:27,buy,0.03,AUDCAD,0.97772,17/07/2026 15:47:20,0.97797,-0.15,0.00,2.50,0.39,0.39,2.50,-0.47,-1.50,1,Dragon Wave_BZ2,0.23,0.23hrs
17/07/2026 15:09:35,buy,0.02,AUDCAD,0.97802,17/07/2026 15:47:20,0.97796,-0.10,0.00,-0.60,-0.18,0.00,0.00,-0.74,-4.50,1,Dragon Wave_BZ1,0.63,0.63hrs
17/07/2026 15:46:28,buy,0.02,NZDCHF,0.47046,17/07/2026 15:47:10,0.47053,-0.10,0.00,0.70,0.07,0.07,0.70,0.00,0.00,1,Dragon Wave_BZ1,0.01,0.01hrs
17/07/2026 15:45:31,buy,0.01,NZDCHF,0.47054,17/07/2026 15:47:10,0.47052,-0.05,0.00,-0.20,-0.08,0.00,0.00,-0.08,-0.20,1,Dragon Wave_BZ0,0.03,0.03hrs
17/07/2026 15:35:16,buy,0.01,XAGUSD,55.31600,17/07/2026 15:46:55,55.18200,-0.10,0.00,-1340.00,-6.80,0.00,0.00,-9.65,-1910.00,1,Dragon Wave_AZ0,0.19,0.19hrs
17/07/2026 15:43:20,buy,0.04,XAGUSD,55.05800,17/07/2026 15:46:54,55.17600,-0.40,0.00,1180.00,23.20,23.20,1180.00,0.00,0.00,1,Dragon Wave_AZ3,0.06,0.06hrs
17/07/2026 15:41:45,buy,0.03,XAGUSD,55.20100,17/07/2026 15:46:54,55.17600,-0.30,0.00,-250.00,-4.05,0.00,0.00,-11.70,-760.00,1,Dragon Wave_AZ2,0.09,0.09hrs
17/07/2026 15:37:05,buy,0.02,XAGUSD,55.27600,17/07/2026 15:46:54,55.17600,-0.20,0.00,-1000.00,-10.20,0.00,0.00,-15.30,-1510.00,1,Dragon Wave_AZ1,0.16,0.16hrs
17/07/2026 15:46:27,buy,0.01,AUDJPY,113.19700,17/07/2026 15:46:42,113.20900,-0.05,0.00,1.20,0.02,0.02,1.20,0.00,0.00,1,Dragon Wave_BZ0,0.00,0.00hrs
17/07/2026 15:42:57,buy,0.01,XAGUSD,55.12600,17/07/2026 15:46:37,55.14500,-0.10,0.00,190.00,0.85,0.85,190.00,-0.15,-10.00,1,Dragon Wave_CZ0,0.06,0.06hrs
17/07/2026 15:33:37,buy,0.02,EURCAD,1.60259,17/07/2026 15:45:48,1.60289,-0.10,0.00,3.00,0.33,0.33,3.00,-0.46,-2.50,1,Dragon Wave_CZ1,0.20,0.20hrs
17/07/2026 15:30:18,buy,0.01,EURCAD,1.60326,17/07/2026 15:45:48,1.60289,-0.05,0.00,-3.70,-0.32,0.00,0.00,-0.71,-9.20,1,Dragon Wave_CZ0,0.26,0.26hrs
17/07/2026 14:24:43,buy,0.02,USDCAD,1.40336,17/07/2026 15:45:39,1.40288,-0.10,0.00,-4.80,-0.78,0.00,0.00,-1.97,-13.10,1,Dragon Wave_CZ1,1.35,1.35hrs
17/07/2026 14:23:53,buy,0.01,USDCAD,1.40343,17/07/2026 15:45:39,1.40290,-0.05,0.00,-5.30,-0.43,0.00,0.00,-1.03,-13.80,1,Dragon Wave_CZ0,1.36,1.36hrs
17/07/2026 15:32:40,buy,0.07,USDCAD,1.40214,17/07/2026 15:45:38,1.40286,-0.35,0.00,7.20,3.24,3.24,7.20,0.00,0.00,1,Dragon Wave_CZ4,0.22,0.22hrs
17/07/2026 14:39:45,buy,0.04,USDCAD,1.40265,17/07/2026 15:45:38,1.40286,-0.20,0.00,2.10,0.40,0.40,2.10,-1.91,-6.00,1,Dragon Wave_CZ3,1.10,1.10hrs
17/07/2026 14:35:44,buy,0.03,USDCAD,1.40301,17/07/2026 15:45:38,1.40286,-0.15,0.00,-1.50,-0.47,0.00,0.00,-2.20,-9.60,1,Dragon Wave_CZ2,1.17,1.17hrs
17/07/2026 14:28:16,buy,0.01,USDCAD,1.40321,17/07/2026 15:45:22,1.40271,-0.05,0.00,-5.00,-0.41,0.00,0.00,-0.88,-11.60,1,Dragon Wave_AZ0,1.28,1.28hrs
17/07/2026 14:47:08,buy,0.04,USDCAD,1.40238,17/07/2026 15:45:21,1.40271,-0.20,0.00,3.30,0.74,0.74,3.30,-1.14,-3.30,1,Dragon Wave_AZ3,0.97,0.97hrs
17/07/2026 14:38:18,buy,0.03,USDCAD,1.40276,17/07/2026 15:45:21,1.40271,-0.15,0.00,-0.50,-0.26,0.00,0.00,-1.67,-7.10,1,Dragon Wave_AZ2,1.12,1.12hrs
17/07/2026 14:35:28,buy,0.02,USDCAD,1.40307,17/07/2026 15:45:21,1.40271,-0.10,0.00,-3.60,-0.61,0.00,0.00,-1.56,-10.20,1,Dragon Wave_AZ1,1.16,1.16hrs
17/07/2026 15:32:20,buy,0.07,USDCAD,1.40214,17/07/2026 15:45:20,1.40271,-0.35,0.00,5.70,2.49,2.49,5.70,-0.80,-0.90,1,Dragon Wave_AZ4,0.22,0.22hrs
17/07/2026 15:43:24,buy,0.01,XAUUSD,3967.85000,17/07/2026 15:44:33,3971.11000,-0.14,0.00,32.60,3.12,3.12,32.60,0.00,0.00,1,Dragon Wave_AZ0,0.02,0.02hrs
17/07/2026 15:04:11,buy,0.01,GBPUSD,1.34390,17/07/2026 15:43:16,1.34338,-0.05,0.00,-5.20,-0.57,0.00,0.00,-0.81,-7.60,1,Dragon Wave_AZ0,0.65,0.65hrs
17/07/2026 15:05:06,buy,0.02,GBPUSD,1.34377,17/07/2026 15:43:13,1.34338,-0.10,0.00,-3.90,-0.88,0.00,0.00,-1.36,-6.30,1,Dragon Wave_AZ1,0.64,0.64hrs
17/07/2026 15:34:20,buy,0.04,GBPUSD,1.34293,17/07/2026 15:43:11,1.34336,-0.20,0.00,4.30,1.52,1.56,4.40,0.00,0.00,1,Dragon Wave_AZ3,0.15,0.15hrs
17/07/2026 15:20:18,buy,0.03,GBPUSD,1.34328,17/07/2026 15:43:11,1.34338,-0.15,0.00,1.00,0.15,0.15,1.00,-0.57,-1.40,1,Dragon Wave_AZ2,0.38,0.38hrs
17/07/2026 14:43:35,buy,0.01,GBPCAD,1.88506,17/07/2026 15:42:47,1.88394,-0.05,0.00,-11.20,-0.85,0.00,0.00,-1.26,-17.00,1,Dragon Wave_BZ0,0.99,0.99hrs
17/07/2026 15:30:20,buy,0.03,GBPCAD,1.88366,17/07/2026 15:42:46,1.88391,-0.15,0.00,2.50,0.39,0.39,2.50,-0.79,-3.00,1,Dragon Wave_BZ2,0.21,0.21hrs
17/07/2026 15:24:32,buy,0.02,GBPCAD,1.88401,17/07/2026 15:42:46,1.88391,-0.10,0.00,-1.00,-0.24,0.00,0.00,-1.03,-6.50,1,Dragon Wave_BZ1,0.30,0.30hrs
17/07/2026 15:33:23,buy,0.04,GBPCAD,1.88321,17/07/2026 15:42:44,1.88375,-0.20,0.00,5.40,1.34,1.34,5.40,0.00,0.00,1,Dragon Wave_BZ3,0.16,0.16hrs
17/07/2026 15:41:36,buy,0.02,AUDJPY,113.19900,17/07/2026 15:42:16,113.21700,-0.10,0.00,1.80,0.12,0.12,1.80,0.00,0.00,1,Dragon Wave_BZ1,0.01,0.01hrs
17/07/2026 15:34:22,buy,0.01,AUDJPY,113.21200,17/07/2026 15:42:16,113.21700,-0.05,0.00,0.50,-0.02,0.00,0.50,-0.10,-0.80,1,Dragon Wave_BZ0,0.13,0.13hrs
17/07/2026 15:20:28,buy,0.02,GBPJPY,218.08600,17/07/2026 15:41:00,218.14100,-0.10,0.00,5.50,0.58,0.58,5.50,-0.24,-1.10,1,Dragon Wave_CZ1,0.34,0.34hrs
17/07/2026 15:18:50,buy,0.01,GBPJPY,218.13600,17/07/2026 15:41:00,218.12500,-0.05,0.00,-1.10,-0.11,0.00,0.00,-0.43,-6.10,1,Dragon Wave_CZ0,0.37,0.37hrs
17/07/2026 15:40:12,buy,0.01,NZDCAD,0.81716,17/07/2026 15:40:58,0.81726,-0.05,0.00,1.00,0.03,0.03,1.00,0.00,0.00,1,Dragon Wave_AZ0,0.01,0.01hrs
17/07/2026 15:37:17,buy,0.01,XAGUSD,55.26000,17/07/2026 15:39:34,55.26900,-0.10,0.00,90.00,0.35,0.35,90.00,-1.15,-210.00,1,Dragon Wave_BZ0,0.04,0.04hrs
17/07/2026 15:34:46,buy,0.01,EURJPY,185.57500,17/07/2026 15:39:02,185.58900,-0.05,0.00,1.40,0.04,0.04,1.40,0.00,0.00,1,Dragon Wave_CZ0,0.07,0.07hrs
17/07/2026 15:34:29,buy,0.01,CHFJPY,201.13500,17/07/2026 15:38:37,201.14900,-0.05,0.00,1.40,0.03,0.03,1.40,0.00,0.00,1,Dragon Wave_CZ0,0.07,0.07hrs
17/07/2026 15:34:29,buy,0.02,GBPUSD,1.34298,17/07/2026 15:38:02,1.34317,-0.10,0.00,1.90,0.28,0.28,1.90,0.00,0.00,1,Dragon Wave_BZ1,0.06,0.06hrs
17/07/2026 15:31:37,buy,0.01,GBPUSD,1.34331,17/07/2026 15:38:02,1.34316,-0.05,0.00,-1.50,-0.20,0.00,0.10,-0.22,-1.70,1,Dragon Wave_BZ0,0.11,0.11hrs
17/07/2026 15:35:22,buy,0.02,CHFJPY,201.12500,17/07/2026 15:37:01,201.13700,-0.10,0.00,1.20,0.05,0.05,1.20,0.00,0.00,1,Dragon Wave_AZ1,0.03,0.03hrs
17/07/2026 15:33:15,buy,0.01,CHFJPY,201.15800,17/07/2026 15:37:01,201.13800,-0.05,0.00,-2.00,-0.17,0.00,0.00,-0.17,-2.00,1,Dragon Wave_AZ0,0.06,0.06hrs
17/07/2026 15:33:37,buy,0.01,GBPUSD,1.34313,17/07/2026 15:36:56,1.34319,-0.05,0.00,0.60,0.01,0.01,0.60,0.00,0.00,1,Dragon Wave_CZ0,0.06,0.06hrs
17/07/2026 15:07:15,buy,0.02,NZDCHF,0.47055,17/07/2026 15:34:01,0.47063,-0.10,0.00,0.80,0.10,0.10,0.80,-0.30,-0.80,1,Dragon Wave_BZ1,0.45,0.45hrs
17/07/2026 15:04:27,buy,0.01,NZDCHF,0.47068,17/07/2026 15:34:01,0.47064,-0.05,0.00,-0.40,-0.10,0.00,0.00,-0.31,-2.10,1,Dragon Wave_BZ0,0.49,0.49hrs
17/07/2026 15:29:18,buy,0.02,USDCHF,0.80688,17/07/2026 15:31:45,0.80697,-0.10,0.00,0.90,0.12,0.12,0.90,0.00,0.00,1,Dragon Wave_CZ1,0.04,0.04hrs
17/07/2026 15:27:21,buy,0.01,USDCHF,0.80701,17/07/2026 15:31:45,0.80697,-0.05,0.00,-0.40,-0.10,0.00,0.00,-0.12,-0.60,1,Dragon Wave_CZ0,0.07,0.07hrs
17/07/2026 15:28:59,buy,0.02,USDJPY,162.31500,17/07/2026 15:31:27,162.35600,-0.10,0.00,4.10,0.41,0.41,4.10,0.00,0.00,1,Dragon Wave_CZ1,0.04,0.04hrs
17/07/2026 15:21:48,buy,0.01,USDJPY,162.35000,17/07/2026 15:31:27,162.35600,-0.05,0.00,0.60,-0.01,0.00,0.60,-0.06,-0.10,1,Dragon Wave_CZ0,0.16,0.16hrs
17/07/2026 15:30:21,buy,0.01,NZDCAD,0.81754,17/07/2026 15:30:52,0.81762,-0.05,0.00,0.80,0.01,0.01,0.80,0.00,0.00,1,Dragon Wave_AZ0,0.01,0.01hrs
17/07/2026 15:28:37,buy,0.01,CADCHF,0.57543,17/07/2026 15:30:49,0.57550,-0.05,0.00,0.70,0.04,0.04,0.70,0.00,0.00,1,Dragon Wave_AZ0,0.04,0.04hrs
17/07/2026 15:16:19,buy,0.01,CADJPY,115.76500,17/07/2026 15:30:35,115.77600,-0.05,0.00,1.10,0.02,0.02,1.10,-0.04,0.00,1,Dragon Wave_BZ0,0.24,0.24hrs
17/07/2026 15:28:54,buy,0.01,USDJPY,162.31800,17/07/2026 15:30:33,162.33600,-0.05,0.00,1.80,0.06,0.06,1.80,0.00,0.00,1,Dragon Wave_BZ0,0.03,0.03hrs
17/07/2026 15:19:24,buy,0.01,AUDJPY,113.21600,17/07/2026 15:30:32,113.22900,-0.05,0.00,1.30,0.03,0.03,1.30,-0.04,0.00,1,Dragon Wave_CZ0,0.19,0.19hrs
17/07/2026 15:29:36,buy,0.01,CADCHF,0.57544,17/07/2026 15:30:04,0.57553,-0.05,0.00,0.90,0.06,0.06,0.90,0.00,0.00,1,Dragon Wave_BZ0,0.01,0.01hrs
17/07/2026 15:20:24,buy,0.01,XAUUSD,3988.40000,17/07/2026 15:29:26,3987.60000,-0.14,0.00,-8.00,-0.94,0.00,0.00,-3.37,-32.30,1,Dragon Wave_CZ0,0.15,0.15hrs
17/07/2026 15:23:33,buy,0.02,XAUUSD,3985.36000,17/07/2026 15:29:25,3987.84000,-0.29,0.00,24.80,4.67,4.67,24.80,-0.67,-1.90,1,Dragon Wave_CZ1,0.10,0.10hrs
17/07/2026 15:23:51,buy,0.02,GBPUSD,1.34325,17/07/2026 15:28:59,1.34348,-0.10,0.00,2.30,0.36,0.36,2.30,-0.04,0.00,1,Dragon Wave_CZ1,0.09,0.09hrs
17/07/2026 15:18:53,buy,0.01,GBPUSD,1.34348,17/07/2026 15:28:59,1.34348,-0.05,0.00,0.00,-0.05,0.00,0.00,-0.25,-2.00,1,Dragon Wave_CZ0,0.17,0.17hrs
17/07/2026 15:20:58,buy,0.01,XAGUSD,55.21900,17/07/2026 15:27:24,55.24900,-0.10,0.00,300.00,1.40,1.40,300.00,0.00,0.00,1,Dragon Wave_CZ0,0.11,0.11hrs
17/07/2026 15:26:25,buy,0.01,CADCHF,0.57540,17/07/2026 15:27:05,0.57546,-0.05,0.00,0.60,0.02,0.02,0.60,0.00,0.00,1,Dragon Wave_AZ0,0.01,0.01hrs
17/07/2026 15:21:33,buy,0.01,CADCHF,0.57541,17/07/2026 15:25:54,0.57547,-0.05,0.00,0.60,0.02,0.02,0.60,0.00,0.00,1,Dragon Wave_AZ0,0.07,0.07hrs
17/07/2026 15:20:31,buy,0.03,AUDJPY,113.19400,17/07/2026 15:25:15,113.22300,-0.15,0.00,2.90,0.39,0.39,2.90,0.00,0.00,1,Dragon Wave_BZ2,0.08,0.08hrs
17/07/2026 15:13:43,buy,0.02,AUDJPY,113.22900,17/07/2026 15:25:15,113.22300,-0.10,0.00,-0.60,-0.17,0.00,0.10,-0.24,-1.10,1,Dragon Wave_BZ1,0.19,0.19hrs
17/07/2026 15:03:16,buy,0.01,AUDJPY,113.24500,17/07/2026 15:25:15,113.22300,-0.05,0.00,-2.20,-0.19,0.00,0.00,-0.22,-2.70,1,Dragon Wave_BZ0,0.37,0.37hrs
17/07/2026 15:20:40,buy,0.01,XAGUSD,55.23500,17/07/2026 15:25:12,55.23900,-0.10,0.00,40.00,0.10,0.10,40.00,0.00,0.00,1,Dragon Wave_BZ0,0.08,0.08hrs
17/07/2026 15:23:41,buy,0.01,GBPJPY,218.07400,17/07/2026 15:25:08,218.09000,-0.05,0.00,1.60,0.05,0.05,1.60,0.00,0.00,1,Dragon Wave_AZ0,0.02,0.02hrs
17/07/2026 15:22:05,buy,0.01,CADCHF,0.57539,17/07/2026 15:24:49,0.57546,-0.05,0.00,0.70,0.04,0.04,0.70,0.00,0.00,1,Dragon Wave_CZ0,0.05,0.05hrs
17/07/2026 15:20:33,buy,0.01,AUDCAD,0.97791,17/07/2026 15:23:54,0.97802,-0.05,0.00,1.10,0.03,0.03,1.10,0.00,0.00,1,Dragon Wave_CZ0,0.06,0.06hrs
17/07/2026 15:21:48,buy,0.01,CADCHF,0.57541,17/07/2026 15:23:36,0.57544,-0.05,0.00,0.30,-0.02,0.00,0.30,-0.02,0.00,1,Dragon Wave_BZ0,0.03,0.03hrs
17/07/2026 15:13:46,buy,0.03,NZDCAD,0.81761,17/07/2026 15:23:17,0.81777,-0.15,0.00,1.60,0.19,0.19,1.60,-0.28,-0.60,1,Dragon Wave_CZ2,0.16,0.16hrs
17/07/2026 15:06:22,buy,0.02,NZDCAD,0.81779,17/07/2026 15:23:17,0.81777,-0.10,0.00,-0.20,-0.13,0.00,0.00,-0.44,-2.40,1,Dragon Wave_CZ1,0.28,0.28hrs
17/07/2026 15:03:55,buy,0.01,NZDCAD,0.81788,17/07/2026 15:23:17,0.81777,-0.05,0.00,-1.10,-0.12,0.00,0.00,-0.29,-3.30,1,Dragon Wave_CZ0,0.32,0.32hrs
17/07/2026 15:20:26,buy,0.01,NZDUSD,0.58287,17/07/2026 15:23:02,0.58297,-0.05,0.00,1.00,0.05,0.05,1.00,0.00,0.00,1,Dragon Wave_BZ0,0.04,0.04hrs
17/07/2026 15:20:30,buy,0.01,AUDUSD,0.69719,17/07/2026 15:23:01,0.69727,-0.05,0.00,0.80,0.03,0.03,0.80,0.00,0.00,1,Dragon Wave_BZ0,0.04,0.04hrs
17/07/2026 15:20:25,buy,0.01,NZDJPY,94.63400,17/07/2026 15:23:01,94.65200,-0.05,0.00,1.80,0.06,0.06,1.80,0.00,0.00,1,Dragon Wave_BZ0,0.04,0.04hrs
17/07/2026 15:20:20,buy,0.01,AUDJPY,113.19800,17/07/2026 15:23:00,113.21000,-0.05,0.00,1.20,0.02,0.02,1.20,0.00,0.00,1,Dragon Wave_AZ0,0.04,0.04hrs
17/07/2026 15:22:19,buy,0.03,NZDCHF,0.47048,17/07/2026 15:22:59,0.47054,-0.15,0.00,0.60,0.08,0.08,0.60,0.00,0.00,1,Dragon Wave_AZ2,0.01,0.01hrs
17/07/2026 15:21:25,buy,0.02,NZDCHF,0.47051,17/07/2026 15:22:59,0.47054,-0.10,0.00,0.30,-0.02,0.00,0.30,-0.02,0.00,1,Dragon Wave_AZ1,0.03,0.03hrs
17/07/2026 15:13:34,buy,0.01,NZDCHF,0.47054,17/07/2026 15:22:59,0.47054,-0.05,0.00,0.00,-0.05,0.00,0.00,-0.14,-0.70,1,Dragon Wave_AZ0,0.16,0.16hrs
17/07/2026 15:20:21,buy,0.01,CHFJPY,201.15300,17/07/2026 15:21:48,201.16200,-0.05,0.00,0.90,0.01,0.01,0.90,0.00,0.00,1,Dragon Wave_BZ0,0.02,0.02hrs
17/07/2026 15:19:31,buy,0.01,GBPCAD,1.88411,17/07/2026 15:21:35,1.88439,-0.05,0.00,2.80,0.15,0.15,2.80,-0.08,-0.40,1,Dragon Wave_CZ0,0.03,0.03hrs
17/07/2026 15:13:45,buy,0.01,EURUSD,1.14318,17/07/2026 15:21:33,1.14334,-0.05,0.00,1.60,0.11,0.11,1.60,0.00,0.00,1,Dragon Wave_CZ0,0.13,0.13hrs
17/07/2026 15:18:47,buy,0.01,CADCHF,0.57545,17/07/2026 15:20:48,0.57552,-0.05,0.00,0.70,0.04,0.04,0.70,-0.04,0.00,1,Dragon Wave_CZ0,0.03,0.03hrs
17/07/2026 15:17:28,buy,0.01,CADCHF,0.57548,17/07/2026 15:20:29,0.57553,-0.05,0.00,0.50,0.02,0.02,0.50,-0.07,-0.20,1,Dragon Wave_BZ0,0.05,0.05hrs
17/07/2026 15:18:15,buy,0.01,CADCHF,0.57543,17/07/2026 15:20:14,0.57549,-0.05,0.00,0.60,0.03,0.03,0.60,-0.01,0.00,1,Dragon Wave_AZ0,0.03,0.03hrs
17/07/2026 15:18:16,buy,0.01,EURUSD,1.14308,17/07/2026 15:18:39,1.14316,-0.05,0.00,0.80,0.03,0.03,0.80,0.00,0.00,1,Dragon Wave_AZ0,0.01,0.01hrs
17/07/2026 15:15:44,buy,0.01,GBPUSD,1.34361,17/07/2026 15:17:02,1.34371,-0.05,0.00,1.00,0.05,0.05,1.00,0.00,0.00,1,Dragon Wave_BZ0,0.02,0.02hrs
17/07/2026 15:16:24,buy,0.01,AUDJPY,113.21800,17/07/2026 15:16:56,113.23300,-0.05,0.00,1.50,0.05,0.05,1.50,0.00,0.00,1,Dragon Wave_AZ0,0.01,0.01hrs
17/07/2026 15:16:22,buy,0.01,GBPJPY,218.13900,17/07/2026 15:16:46,218.15600,-0.05,0.00,1.70,0.06,0.06,1.70,0.00,0.00,1,Dragon Wave_AZ0,0.01,0.01hrs
17/07/2026 15:15:16,buy,0.01,CADCHF,0.57546,17/07/2026 15:15:53,0.57547,-0.05,0.00,0.10,-0.04,0.00,0.10,-0.04,0.00,1,Dragon Wave_AZ0,0.01,0.01hrs
17/07/2026 15:13:23,buy,0.01,AUDJPY,113.22200,17/07/2026 15:15:42,113.23800,-0.05,0.00,1.60,0.05,0.05,1.60,0.00,0.00,1,Dragon Wave_AZ0,0.04,0.04hrs
17/07/2026 15:13:28,buy,0.01,EURUSD,1.14317,17/07/2026 15:14:46,1.14323,-0.05,0.00,0.60,0.01,0.01,0.60,0.00,0.00,1,Dragon Wave_BZ0,0.02,0.02hrs
17/07/2026 15:07:45,buy,0.02,GBPUSD,1.34363,17/07/2026 15:14:39,1.34375,-0.10,0.00,1.20,0.14,0.14,1.20,-0.16,-0.30,1,Dragon Wave_CZ1,0.12,0.12hrs
17/07/2026 15:04:25,buy,0.01,GBPUSD,1.34382,17/07/2026 15:14:39,1.34375,-0.05,0.00,-0.70,-0.12,0.00,0.00,-0.27,-2.20,1,Dragon Wave_CZ0,0.17,0.17hrs
17/07/2026 15:07:36,buy,0.01,GBPCAD,1.88430,17/07/2026 15:13:27,1.88449,-0.05,0.00,1.90,0.09,0.09,1.90,-0.14,-1.30,1,Dragon Wave_CZ0,0.10,0.10hrs
17/07/2026 15:07:25,buy,0.01,USDCHF,0.80698,17/07/2026 15:13:22,0.80716,-0.05,0.00,1.80,0.17,0.17,1.80,-0.01,0.00,1,Dragon Wave_BZ0,0.10,0.10hrs
17/07/2026 15:07:35,buy,0.01,GBPCHF,1.08439,17/07/2026 15:12:44,1.08446,-0.05,0.00,0.70,0.04,0.04,0.70,-0.15,-0.80,1,Dragon Wave_CZ0,0.09,0.09hrs
17/07/2026 15:08:08,buy,0.02,GBPJPY,218.15100,17/07/2026 15:12:05,218.17900,-0.10,0.00,2.80,0.24,0.24,2.80,-0.03,0.00,1,Dragon Wave_AZ1,0.07,0.07hrs
17/07/2026 15:04:26,buy,0.01,GBPJPY,218.18100,17/07/2026 15:12:05,218.17900,-0.05,0.00,-0.20,-0.06,0.00,0.00,-0.20,-2.40,1,Dragon Wave_AZ0,0.13,0.13hrs
17/07/2026 15:08:29,buy,0.01,GBPAUD,1.92638,17/07/2026 15:12:04,1.92661,-0.05,0.00,2.30,0.11,0.11,2.30,-0.15,-1.50,1,Dragon Wave_BZ0,0.06,0.06hrs
17/07/2026 15:04:17,buy,0.01,GBPCHF,1.08454,17/07/2026 15:11:42,1.08440,-0.05,0.00,-1.40,-0.22,0.00,0.00,-0.34,-2.30,1,Dragon Wave_AZ0,0.12,0.12hrs
17/07/2026 15:08:16,buy,0.02,GBPCHF,1.08425,17/07/2026 15:11:41,1.08440,-0.10,0.00,1.50,0.27,0.27,1.50,0.00,0.00,1,Dragon Wave_AZ1,0.06,0.06hrs
17/07/2026 15:10:28,buy,0.01,CADCHF,0.57545,17/07/2026 15:11:40,0.57550,-0.05,0.00,0.50,0.01,0.01,0.50,0.00,0.00,1,Dragon Wave_CZ0,0.02,0.02hrs
17/07/2026 15:04:15,buy,0.02,XAUUSD,3993.12000,17/07/2026 15:10:54,3992.54000,-0.29,0.00,-5.80,-1.45,0.00,0.00,-8.69,-42.00,1,Dragon Wave_AZ1,0.11,0.11hrs
17/07/2026 15:03:12,buy,0.01,XAUUSD,3994.37000,17/07/2026 15:10:54,3992.69000,-0.14,0.00,-16.80,-1.82,0.00,0.00,-5.59,-54.50,1,Dragon Wave_AZ0,0.13,0.13hrs
17/07/2026 15:05:15,buy,0.03,XAUUSD,3990.94000,17/07/2026 15:10:53,3992.53000,-0.43,0.00,15.90,4.34,4.34,15.90,-6.49,-20.20,1,Dragon Wave_AZ2,0.09,0.09hrs
17/07/2026 15:04:48,buy,0.01,GBPJPY,218.15400,17/07/2026 15:10:44,218.17300,-0.05,0.00,1.90,0.07,0.07,1.90,-0.03,0.00,1,Dragon Wave_BZ0,0.10,0.10hrs
17/07/2026 15:08:29,buy,0.01,GBPNZD,2.30415,17/07/2026 15:10:37,2.30434,-0.05,0.00,1.90,0.06,0.06,1.90,-0.02,0.00,1,Dragon Wave_AZ0,0.04,0.04hrs
17/07/2026 15:05:33,buy,0.02,XAGUSD,55.25200,17/07/2026 15:10:13,55.33600,-0.20,0.00,840.00,8.20,8.20,840.00,-4.20,-400.00,1,Dragon Wave_CZ1,0.08,0.08hrs
17/07/2026 15:01:51,buy,0.01,XAGUSD,55.38100,17/07/2026 15:10:13,55.33600,-0.10,0.00,-450.00,-2.35,0.00,0.00,-8.55,-1690.00,1,Dragon Wave_CZ0,0.14,0.14hrs
17/07/2026 15:04:54,buy,0.01,XAUUSD,3990.87000,17/07/2026 15:10:05,3990.81000,-0.14,0.00,-0.60,-0.20,0.00,0.00,-2.09,-19.50,1,Dragon Wave_CZ0,0.09,0.09hrs
17/07/2026 15:08:56,buy,0.01,CADCHF,0.57545,17/07/2026 15:09:59,0.57551,-0.05,0.00,0.60,0.03,0.03,0.60,0.00,0.00,1,Dragon Wave_CZ0,0.02,0.02hrs
17/07/2026 15:07:31,buy,0.01,CADCHF,0.57541,17/07/2026 15:09:54,0.57552,-0.05,0.00,1.10,0.09,0.09,1.10,0.00,0.00,1,Dragon Wave_BZ0,0.04,0.04hrs
17/07/2026 15:07:22,buy,0.02,XAUUSD,3989.44000,17/07/2026 15:09:50,3990.46000,-0.29,0.00,10.20,1.75,1.75,10.20,0.00,0.00,1,Dragon Wave_BZ1,0.04,0.04hrs
17/07/2026 15:04:36,buy,0.01,XAUUSD,3992.19000,17/07/2026 15:09:50,3990.40000,-0.14,0.00,-17.90,-1.93,0.00,0.00,-3.41,-32.70,1,Dragon Wave_BZ0,0.09,0.09hrs
17/07/2026 15:07:13,buy,0.02,CADCHF,0.57542,17/07/2026 15:09:48,0.57550,-0.10,0.00,0.80,0.10,0.10,0.80,-0.10,0.00,1,Dragon Wave_AZ1,0.04,0.04hrs
17/07/2026 15:06:29,buy,0.01,CADCHF,0.57548,17/07/2026 15:09:48,0.57550,-0.05,0.00,0.20,-0.02,0.00,0.20,-0.12,-0.60,1,Dragon Wave_AZ0,0.06,0.06hrs
17/07/2026 14:46:39,buy,0.01,EURCAD,1.60331,17/07/2026 15:09:37,1.60340,-0.05,0.00,0.90,0.02,0.02,0.90,-0.39,-4.70,1,Dragon Wave_BZ0,0.38,0.38hrs
17/07/2026 14:49:23,buy,0.03,EURAUD,1.63886,17/07/2026 15:09:05,1.63949,-0.15,0.00,6.30,1.17,1.17,6.30,-0.97,-3.90,1,Dragon Wave_CZ2,0.33,0.33hrs
17/07/2026 14:38:44,buy,0.02,EURAUD,1.63947,17/07/2026 15:09:05,1.63947,-0.10,0.00,0.00,-0.10,0.00,0.00,-1.50,-10.00,1,Dragon Wave_CZ1,0.51,0.51hrs
17/07/2026 14:27:24,buy,0.01,EURAUD,1.64006,17/07/2026 15:09:05,1.63948,-0.05,0.00,-5.80,-0.45,0.00,0.00,-1.16,-15.90,1,Dragon Wave_CZ0,0.69,0.69hrs
17/07/2026 12:32:58,buy,0.01,EURJPY,185.83200,17/07/2026 15:03:57,185.63500,-0.05,0.00,-19.70,-1.26,0.00,0.00,-2.04,-32.30,1,Dragon Wave_BZ0,2.52,2.52hrs
17/07/2026 13:02:27,buy,0.04,EURJPY,185.71700,17/07/2026 15:03:56,185.64700,-0.20,0.00,-7.00,-1.93,0.27,1.90,-5.32,-20.80,1,Dragon Wave_BZ3,2.02,2.02hrs
17/07/2026 12:59:24,buy,0.03,EURJPY,185.75600,17/07/2026 15:03:56,185.64700,-0.15,0.00,-10.90,-2.17,0.00,0.00,-4.71,-24.70,1,Dragon Wave_BZ2,2.08,2.08hrs
17/07/2026 12:35:39,buy,0.02,EURJPY,185.82400,17/07/2026 15:03:56,185.63500,-0.10,0.00,-18.90,-2.43,0.00,0.00,-3.98,-31.50,1,Dragon Wave_BZ1,2.47,2.47hrs
17/07/2026 14:01:39,buy,0.11,EURJPY,185.53900,17/07/2026 15:03:55,185.63600,-0.55,0.00,9.70,6.02,6.02,9.70,-2.58,-3.00,1,Dragon Wave_BZ5,1.04,1.04hrs
17/07/2026 13:51:34,buy,0.07,EURJPY,185.59200,17/07/2026 15:03:55,185.64600,-0.35,0.00,5.40,1.98,1.98,5.40,-3.93,-8.30,1,Dragon Wave_BZ4,1.21,1.21hrs
17/07/2026 15:02:38,buy,0.01,GBPJPY,218.17600,17/07/2026 15:03:48,218.20700,-0.05,0.00,3.10,0.14,0.14,3.10,0.00,0.00,1,Dragon Wave_AZ0,0.02,0.02hrs
17/07/2026 15:02:07,buy,0.01,XAUUSD,3993.80000,17/07/2026 15:02:39,3994.83000,-0.14,0.00,10.30,0.89,0.89,10.30,0.00,0.00,1,Dragon Wave_AZ0,0.01,0.01hrs
17/07/2026 14:57:36,buy,0.01,NZDCHF,0.47069,17/07/2026 15:02:03,0.47076,-0.05,0.00,0.70,0.03,0.03,0.70,-0.01,0.00,1,Dragon Wave_CZ0,0.07,0.07hrs
17/07/2026 14:56:16,buy,0.03,CADCHF,0.57548,17/07/2026 15:01:50,0.57554,-0.15,0.00,0.60,0.08,0.08,0.60,-0.34,-0.50,1,Dragon Wave_AZ2,0.09,0.09hrs
17/07/2026 14:54:34,buy,0.02,CADCHF,0.57551,17/07/2026 15:01:50,0.57554,-0.10,0.00,0.30,-0.03,0.00,0.30,-0.30,-0.80,1,Dragon Wave_AZ1,0.12,0.12hrs
17/07/2026 14:53:39,buy,0.01,CADCHF,0.57554,17/07/2026 15:01:50,0.57554,-0.05,0.00,0.00,-0.05,0.00,0.00,-0.19,-1.10,1,Dragon Wave_AZ0,0.14,0.14hrs
17/07/2026 14:59:38,buy,0.01,AUDUSD,0.69742,17/07/2026 15:01:13,0.69752,-0.05,0.00,1.00,0.05,0.05,1.00,-0.07,-0.20,1,Dragon Wave_BZ0,0.03,0.03hrs
17/07/2026 14:58:28,buy,0.01,EURUSD,1.14305,17/07/2026 15:01:09,1.14311,-0.05,0.00,0.60,0.01,0.01,0.60,-0.11,-0.60,1,Dragon Wave_BZ0,0.04,0.04hrs
17/07/2026 15:00:09,buy,0.01,AUDJPY,113.24200,17/07/2026 15:00:54,113.25200,-0.05,0.00,1.00,0.01,0.01,1.00,0.00,0.00,1,Dragon Wave_AZ0,0.01,0.01hrs
17/07/2026 14:59:20,buy,0.01,GBPUSD,1.34383,17/07/2026 15:00:48,1.34394,-0.05,0.00,1.10,0.06,0.06,1.10,-0.09,-0.40,1,Dragon Wave_BZ0,0.02,0.02hrs
17/07/2026 14:59:23,buy,0.01,NZDCAD,0.81790,17/07/2026 15:00:08,0.81797,-0.05,0.00,0.00,0.00,0.00,0.00,-0.06,-0.20,1,Dragon Wave_BZ0,0.01,0.01hrs
17/07/2026 14:59:24,buy,0.01,EURUSD,1.14297,17/07/2026 15:00:03,1.14307,-0.05,0.00,1.00,0.05,0.05,1.00,-0.03,0.00,1,Dragon Wave_AZ0,0.01,0.01hrs
17/07/2026 14:28:14,buy,0.01,EURNZD,1.96033,17/07/2026 14:59:46,1.96012,-0.05,0.00,-2.10,-0.17,0.11,2.80,-0.56,-8.70,1,Dragon Wave_BZ0,0.53,0.53hrs
17/07/2026 14:48:32,buy,0.02,EURNZD,1.95980,17/07/2026 14:59:45,1.96012,-0.10,0.00,3.20,0.27,0.27,3.20,-0.50,-3.40,1,Dragon Wave_BZ1,0.19,0.19hrs
17/07/2026 14:55:40,buy,0.02,EURAUD,1.63847,17/07/2026 14:59:31,1.63884,-0.10,0.00,3.70,0.41,0.41,3.70,-0.10,0.00,1,Dragon Wave_BZ1,0.06,0.06hrs
17/07/2026 14:48:22,buy,0.01,EURAUD,1.63889,17/07/2026 14:59:31,1.63884,-0.05,0.00,-0.50,-0.08,0.00,0.00,-0.34,-4.20,1,Dragon Wave_BZ0,0.19,0.19hrs
17/07/2026 13:34:36,buy,0.01,USDJPY,162.39900,17/07/2026 14:59:02,162.36300,-0.05,0.00,-3.60,-0.27,0.00,0.20,-0.59,-8.70,1,Dragon Wave_AZ0,1.41,1.41hrs
17/07/2026 14:00:09,buy,0.04,USDJPY,162.35400,17/07/2026 14:59:01,162.36300,-0.20,0.00,0.90,0.02,0.02,0.90,-1.23,-4.20,1,Dragon Wave_AZ3,0.98,0.98hrs
17/07/2026 13:55:10,buy,0.03,USDJPY,162.38100,17/07/2026 14:59:01,162.36300,-0.15,0.00,-1.80,-0.48,0.00,0.30,-1.42,-6.90,1,Dragon Wave_AZ2,1.06,1.06hrs
17/07/2026 13:54:27,buy,0.02,USDJPY,162.39000,17/07/2026 14:59:01,162.36300,-0.10,0.00,-2.70,-0.43,0.00,0.00,-1.06,-7.80,1,Dragon Wave_AZ1,1.08,1.08hrs
17/07/2026 14:38:22,buy,0.07,USDJPY,162.32100,17/07/2026 14:59:00,162.36300,-0.35,0.00,4.20,1.46,1.46,4.20,-0.74,-0.90,1,Dragon Wave_AZ4,0.34,0.34hrs
17/07/2026 14:56:15,buy,0.01,EURUSD,1.14310,17/07/2026 14:57:49,1.14312,-0.05,0.00,0.20,-0.03,0.00,0.20,-0.06,-0.10,1,Dragon Wave_AZ0,0.03,0.03hrs
17/07/2026 14:48:16,buy,0.01,EURNZD,1.95982,17/07/2026 14:57:44,1.95994,-0.05,0.00,1.20,0.02,0.02,1.20,-0.26,-3.60,1,Dragon Wave_AZ0,0.16,0.16hrs
17/07/2026 14:54:23,buy,0.02,GBPCAD,1.88450,17/07/2026 14:57:39,1.88480,-0.10,0.00,3.00,0.33,0.33,3.00,-0.04,0.00,1,Dragon Wave_CZ1,0.05,0.05hrs
17/07/2026 14:43:46,buy,0.01,GBPCAD,1.88512,17/07/2026 14:57:39,1.88481,-0.05,0.00,-3.10,-0.27,0.00,0.00,-0.46,-5.80,1,Dragon Wave_CZ0,0.23,0.23hrs
17/07/2026 14:24:19,buy,0.01,USDJPY,162.34300,17/07/2026 14:55:06,162.35000,-0.05,0.00,0.70,-0.01,0.00,0.70,-0.24,-3.10,1,Dragon Wave_CZ0,0.51,0.51hrs
17/07/2026 14:31:42,buy,0.02,USDJPY,162.32300,17/07/2026 14:55:05,162.34800,-0.10,0.00,2.50,0.21,0.21,2.50,-0.24,-1.10,1,Dragon Wave_CZ1,0.39,0.39hrs
17/07/2026 14:50:30,buy,0.01,EURUSD,1.14313,17/07/2026 14:54:42,1.14322,-0.05,0.00,0.90,0.04,0.04,0.90,0.00,0.00,1,Dragon Wave_CZ0,0.07,0.07hrs
17/07/2026 14:50:18,buy,0.02,GBPUSD,1.34391,17/07/2026 14:53:39,1.34404,-0.10,0.00,1.30,0.16,0.16,1.30,0.00,0.00,1,Dragon Wave_AZ1,0.06,0.06hrs
17/07/2026 14:49:16,buy,0.01,GBPUSD,1.34410,17/07/2026 14:53:39,1.34404,-0.05,0.00,-0.60,-0.11,0.00,0.00,-0.11,-0.60,1,Dragon Wave_AZ0,0.07,0.07hrs
17/07/2026 14:46:31,buy,0.01,USDCAD,1.40235,17/07/2026 14:52:10,1.40247,-0.05,0.00,1.20,0.04,0.04,1.20,-0.12,-1.00,1,Dragon Wave_BZ0,0.09,0.09hrs
17/07/2026 14:28:14,buy,0.02,USDCHF,0.80724,17/07/2026 14:51:50,0.80720,-0.10,0.00,-0.40,-0.20,0.00,0.30,-1.02,-3.70,1,Dragon Wave_AZ1,0.39,0.39hrs
17/07/2026 14:18:53,buy,0.01,USDCHF,0.80746,17/07/2026 14:51:50,0.80720,-0.05,0.00,-2.60,-0.37,0.00,0.00,-0.78,-5.90,1,Dragon Wave_AZ0,0.55,0.55hrs
17/07/2026 14:38:14,buy,0.03,USDCHF,0.80699,17/07/2026 14:51:49,0.80720,-0.15,0.00,2.10,0.63,0.63,2.10,-0.60,-1.20,1,Dragon Wave_AZ2,0.23,0.23hrs
17/07/2026 14:43:19,buy,0.01,GBPCHF,1.08470,17/07/2026 14:50:51,1.08473,-0.05,0.00,0.30,-0.01,0.00,0.30,-0.22,-1.40,1,Dragon Wave_AZ0,0.13,0.13hrs
17/07/2026 14:46:53,buy,0.01,EURUSD,1.14333,17/07/2026 14:47:37,1.14342,-0.05,0.00,0.90,0.04,0.04,0.90,-0.14,-0.90,1,Dragon Wave_CZ0,0.01,0.01hrs
17/07/2026 14:43:31,buy,0.01,NZDUSD,0.58323,17/07/2026 14:47:00,0.58332,-0.05,0.00,0.90,0.04,0.04,0.90,0.00,0.00,1,Dragon Wave_BZ0,0.06,0.06hrs
17/07/2026 14:43:35,buy,0.01,XAGUSD,55.38000,17/07/2026 14:46:36,55.43600,-0.10,0.00,560.00,2.70,2.70,560.00,0.00,0.00,1,Dragon Wave_BZ0,0.05,0.05hrs
17/07/2026 14:43:29,buy,0.02,GBPUSD,1.34392,17/07/2026 14:46:32,1.34422,-0.10,0.00,3.00,0.50,0.50,3.00,0.00,0.00,1,Dragon Wave_BZ1,0.05,0.05hrs
17/07/2026 14:42:28,buy,0.01,GBPUSD,1.34422,17/07/2026 14:46:32,1.34422,-0.05,0.00,0.00,-0.05,0.00,0.00,-0.05,0.00,1,Dragon Wave_BZ0,0.07,0.07hrs
17/07/2026 14:43:16,buy,0.01,XAUUSD,3992.59000,17/07/2026 14:46:12,3994.83000,-0.14,0.00,22.40,2.10,2.10,22.40,0.00,0.00,1,Dragon Wave_AZ0,0.05,0.05hrs
17/07/2026 14:45:37,buy,0.01,XAUUSD,3991.63000,17/07/2026 14:46:01,3993.24000,-0.14,0.00,16.10,1.47,1.47,16.10,0.00,0.00,1,Dragon Wave_CZ0,0.01,0.01hrs
17/07/2026 14:44:33,buy,0.01,NZDCHF,0.47069,17/07/2026 14:45:47,0.47074,-0.05,0.00,0.50,0.01,0.01,0.50,0.00,0.00,1,Dragon Wave_CZ0,0.02,0.02hrs
17/07/2026 14:43:43,buy,0.01,NZDCAD,0.81804,17/07/2026 14:45:43,0.81808,-0.05,0.00,0.40,-0.02,0.00,0.40,-0.02,0.00,1,Dragon Wave_CZ0,0.03,0.03hrs
17/07/2026 14:43:31,buy,0.01,NZDCHF,0.47069,17/07/2026 14:45:42,0.47075,-0.05,0.00,0.60,0.03,0.03,0.60,0.00,0.00,1,Dragon Wave_BZ0,0.04,0.04hrs
17/07/2026 14:43:13,buy,0.01,GBPCAD,1.88491,17/07/2026 14:44:32,1.88503,-0.05,0.00,1.20,0.04,0.04,1.20,0.00,0.00,1,Dragon Wave_AZ0,0.02,0.02hrs
17/07/2026 14:43:16,buy,0.01,AUDJPY,113.21200,17/07/2026 14:44:00,113.22000,-0.05,0.00,0.00,0.00,0.00,0.00,0.00,0.00,1,Dragon Wave_AZ0,0.01,0.01hrs
17/07/2026 14:42:36,buy,0.01,EURAUD,1.63936,17/07/2026 14:43:24,1.63946,-0.05,0.00,1.00,0.02,0.02,1.00,0.00,0.00,1,Dragon Wave_BZ0,0.01,0.01hrs
17/07/2026 14:41:22,buy,0.01,XAUUSD,3993.07000,17/07/2026 14:41:44,3994.15000,-0.14,0.00,10.80,0.94,0.94,10.80,0.00,0.00,1,Dragon Wave_AZ0,0.01,0.01hrs
17/07/2026 14:17:16,buy,0.01,AUDCHF,0.56277,17/07/2026 14:38:42,0.56285,-0.05,0.00,0.80,0.05,0.05,0.80,-0.30,-2.00,1,Dragon Wave_AZ0,0.36,0.36hrs
17/07/2026 14:18:38,buy,0.02,AUDCHF,0.56270,17/07/2026 14:38:41,0.56286,-0.10,0.00,1.60,0.30,0.30,1.60,-0.42,-1.30,1,Dragon Wave_AZ1,0.33,0.33hrs
17/07/2026 14:35:25,buy,0.01,GBPNZD,2.30428,17/07/2026 14:37:52,2.30443,-0.05,0.00,1.50,0.04,0.04,1.50,0.00,0.00,1,Dragon Wave_BZ0,0.04,0.04hrs
17/07/2026 09:47:17,buy,0.02,AUDJPY,113.43500,17/07/2026 14:37:44,113.21300,-0.10,0.00,-22.20,-2.84,0.00,0.00,-3.99,-31.60,1,Dragon Wave_BZ1,4.84,4.84hrs
17/07/2026 09:45:20,buy,0.01,AUDJPY,113.45600,17/07/2026 14:37:44,113.21300,-0.05,0.00,-24.30,-1.55,0.00,0.00,-2.13,-33.70,1,Dragon Wave_BZ0,4.87,4.87hrs
17/07/2026 14:00:27,buy,0.07,AUDJPY,113.16700,17/07/2026 14:37:43,113.21200,-0.35,0.00,4.50,1.59,1.59,4.50,-2.42,-4.80,1,Dragon Wave_BZ4,0.62,0.62hrs
17/07/2026 11:18:20,buy,0.04,AUDJPY,113.25300,17/07/2026 14:37:43,113.21300,-0.20,0.00,-4.00,-1.18,1.10,5.30,-3.50,-13.40,1,Dragon Wave_BZ3,3.32,3.32hrs
17/07/2026 09:56:40,buy,0.03,AUDJPY,113.34600,17/07/2026 14:37:43,113.21300,-0.15,0.00,-13.30,-2.61,0.02,0.90,-4.35,-22.70,1,Dragon Wave_BZ2,4.68,4.68hrs
17/07/2026 14:03:45,buy,0.11,AUDJPY,113.11300,17/07/2026 14:37:42,113.21300,-0.55,0.00,10.00,6.23,6.23,10.00,-0.14,0.00,1,Dragon Wave_BZ5,0.57,0.57hrs
17/07/2026 14:00:10,buy,0.02,NZDCHF,0.47122,17/07/2026 14:36:27,0.47080,-0.10,0.00,-4.20,-1.14,0.00,0.00,-1.69,-6.40,1,Dragon Wave_AZ1,0.60,0.60hrs
17/07/2026 13:59:14,buy,0.01,NZDCHF,0.47126,17/07/2026 14:36:27,0.47080,-0.05,0.00,-4.60,-0.62,0.00,0.00,-0.89,-6.80,1,Dragon Wave_AZ0,0.62,0.62hrs
17/07/2026 14:07:16,buy,0.04,NZDCHF,0.47096,17/07/2026 14:36:26,0.47082,-0.20,0.00,-1.40,-0.89,0.00,0.00,-2.08,-3.80,1,Dragon Wave_AZ3,0.49,0.49hrs
17/07/2026 14:01:20,buy,0.03,NZDCHF,0.47112,17/07/2026 14:36:26,0.47082,-0.15,0.00,-3.00,-1.27,0.00,0.00,-2.16,-5.40,1,Dragon Wave_AZ2,0.58,0.58hrs
17/07/2026 14:23:18,buy,0.18,NZDCHF,0.47059,17/07/2026 14:36:25,0.47082,-0.90,0.00,2.30,4.23,4.23,2.30,-1.12,-0.10,1,Dragon Wave_AZ6,0.22,0.22hrs
17/07/2026 14:18:35,buy,0.11,NZDCHF,0.47075,17/07/2026 14:36:25,0.47082,-0.55,0.00,0.70,0.40,0.40,0.70,-2.87,-1.70,1,Dragon Wave_AZ5,0.30,0.30hrs
17/07/2026 14:17:22,buy,0.07,NZDCHF,0.47083,17/07/2026 14:36:25,0.47082,-0.35,0.00,-0.10,-0.43,0.00,0.00,-2.52,-2.50,1,Dragon Wave_AZ4,0.32,0.32hrs
17/07/2026 13:51:51,buy,0.01,NZDJPY,94.72900,17/07/2026 14:36:06,94.69700,-0.05,0.00,-3.20,-0.25,0.00,0.00,-0.78,-11.90,1,Dragon Wave_BZ0,0.74,0.74hrs
17/07/2026 14:03:55,buy,0.03,NZDJPY,94.66600,17/07/2026 14:36:05,94.69700,-0.15,0.00,3.10,0.42,0.42,3.10,-1.18,-5.60,1,Dragon Wave_BZ2,0.54,0.54hrs
17/07/2026 13:59:18,buy,0.02,NZDJPY,94.71200,17/07/2026 14:36:05,94.69700,-0.10,0.00,-1.50,-0.29,0.00,0.00,-1.36,-10.20,1,Dragon Wave_BZ1,0.61,0.61hrs
17/07/2026 14:21:39,buy,0.02,GBPCAD,1.88573,17/07/2026 14:35:54,1.88574,-0.10,0.00,0.10,-0.09,0.00,0.10,-0.73,-4.40,1,Dragon Wave_AZ1,0.24,0.24hrs
17/07/2026 14:20:48,buy,0.01,GBPCAD,1.88602,17/07/2026 14:35:54,1.88574,-0.05,0.00,-2.80,-0.25,0.00,0.00,-0.57,-7.30,1,Dragon Wave_AZ0,0.25,0.25hrs
17/07/2026 14:21:37,buy,0.01,GBPCHF,1.08485,17/07/2026 14:35:44,1.08491,-0.05,0.00,0.60,0.03,0.03,0.60,-0.20,-1.20,1,Dragon Wave_BZ0,0.24,0.24hrs
17/07/2026 14:04:25,buy,0.02,NZDCHF,0.47101,17/07/2026 14:35:35,0.47079,-0.10,0.00,-2.20,-0.65,0.00,0.00,-1.17,-4.30,1,Dragon Wave_CZ1,0.52,0.52hrs
17/07/2026 14:01:49,buy,0.01,NZDCHF,0.47113,17/07/2026 14:35:35,0.47079,-0.05,0.00,-3.40,-0.47,0.00,0.00,-0.73,-5.50,1,Dragon Wave_CZ0,0.56,0.56hrs
17/07/2026 14:23:39,buy,0.04,NZDCHF,0.47056,17/07/2026 14:35:34,0.47081,-0.20,0.00,2.50,1.04,1.04,2.50,-0.10,0.00,1,Dragon Wave_CZ3,0.20,0.20hrs
17/07/2026 14:18:49,buy,0.03,NZDCHF,0.47074,17/07/2026 14:35:34,0.47081,-0.15,0.00,0.70,0.11,0.11,0.70,-0.74,-1.60,1,Dragon Wave_CZ2,0.28,0.28hrs
17/07/2026 14:03:44,buy,0.02,NZDCHF,0.47104,17/07/2026 14:35:17,0.47081,-0.10,0.00,-2.30,-0.67,0.00,0.00,-1.24,-4.60,1,Dragon Wave_BZ1,0.53,0.53hrs
17/07/2026 14:00:30,buy,0.01,NZDCHF,0.47117,17/07/2026 14:35:17,0.47081,-0.05,0.00,-3.60,-0.49,0.00,0.00,-0.78,-5.90,1,Dragon Wave_BZ0,0.58,0.58hrs
17/07/2026 14:23:24,buy,0.04,NZDCHF,0.47056,17/07/2026 14:35:16,0.47081,-0.20,0.00,2.50,1.04,1.04,2.50,-0.10,0.00,1,Dragon Wave_BZ3,0.20,0.20hrs
17/07/2026 14:18:40,buy,0.03,NZDCHF,0.47078,17/07/2026 14:35:16,0.47081,-0.15,0.00,0.30,-0.03,0.00,0.30,-0.89,-2.00,1,Dragon Wave_BZ2,0.28,0.28hrs
17/07/2026 14:27:19,buy,0.01,USDJPY,162.34000,17/07/2026 14:35:01,162.34100,-0.05,0.00,0.10,-0.04,0.00,0.10,-0.11,-0.90,1,Dragon Wave_BZ0,0.13,0.13hrs
17/07/2026 14:33:49,buy,0.01,CADCHF,0.57525,17/07/2026 14:35:00,0.57533,-0.05,0.00,0.80,0.05,0.05,0.80,0.00,0.00,1,Dragon Wave_CZ0,0.02,0.02hrs
17/07/2026 14:32:44,buy,0.01,XAUUSD,3992.78000,17/07/2026 14:35:00,3992.90000,-0.14,0.00,1.20,-0.02,0.00,1.20,-0.65,-5.10,1,Dragon Wave_BZ0,0.04,0.04hrs
17/07/2026 14:31:27,buy,0.02,USDJPY,162.32200,17/07/2026 14:35:00,162.34100,-0.10,0.00,1.90,0.13,0.13,1.90,0.00,0.00,1,Dragon Wave_BZ1,0.06,0.06hrs
17/07/2026 13:59:21,buy,0.01,NZDCAD,0.81869,17/07/2026 14:33:58,0.81828,-0.05,0.00,-4.10,-0.34,0.00,0.50,-0.67,-8.70,1,Dragon Wave_AZ0,0.58,0.58hrs
17/07/2026 14:18:24,buy,0.04,NZDCAD,0.81813,17/07/2026 14:33:57,0.81828,-0.20,0.00,1.50,0.23,0.23,1.50,-1.08,-3.10,1,Dragon Wave_AZ3,0.26,0.26hrs
17/07/2026 14:05:18,buy,0.03,NZDCAD,0.81848,17/07/2026 14:33:57,0.81828,-0.15,0.00,-2.00,-0.57,0.00,0.00,-1.56,-6.60,1,Dragon Wave_AZ2,0.48,0.48hrs
17/07/2026 14:03:13,buy,0.02,NZDCAD,0.81861,17/07/2026 14:33:57,0.81828,-0.10,0.00,-3.30,-0.57,0.00,0.00,-1.23,-7.90,1,Dragon Wave_AZ1,0.51,0.51hrs
17/07/2026 14:23:15,buy,0.07,NZDCAD,0.81793,17/07/2026 14:33:56,0.81828,-0.35,0.00,3.50,1.40,1.40,3.50,-0.90,-1.10,1,Dragon Wave_AZ4,0.18,0.18hrs
17/07/2026 14:33:17,buy,0.02,GBPAUD,1.92771,17/07/2026 14:33:55,1.92793,-0.10,0.00,2.20,0.21,0.21,2.20,0.00,0.00,1,Dragon Wave_AZ1,0.01,0.01hrs
17/07/2026 14:31:24,buy,0.01,GBPAUD,1.92794,17/07/2026 14:33:55,1.92793,-0.05,0.00,-0.10,-0.06,0.00,0.00,-0.06,-0.10,1,Dragon Wave_AZ0,0.04,0.04hrs
17/07/2026 14:24:20,buy,0.04,AUDCAD,0.97777,17/07/2026 14:33:34,0.97822,-0.20,0.00,4.50,1.08,1.08,4.50,-0.26,-0.20,1,Dragon Wave_AZ3,0.15,0.15hrs
17/07/2026 14:04:15,buy,0.03,AUDCAD,0.97814,17/07/2026 14:33:34,0.97822,-0.15,0.00,0.80,0.02,0.02,0.80,-0.98,-3.90,1,Dragon Wave_AZ2,0.49,0.49hrs
17/07/2026 14:01:17,buy,0.02,AUDCAD,0.97835,17/07/2026 14:33:34,0.97822,-0.10,0.00,-1.30,-0.29,0.00,0.00,-0.96,-6.00,1,Dragon Wave_AZ1,0.54,0.54hrs
17/07/2026 13:59:23,buy,0.01,AUDCAD,0.97840,17/07/2026 14:33:34,0.97822,-0.05,0.00,-1.80,-0.18,0.00,0.10,-0.51,-6.50,1,Dragon Wave_AZ0,0.57,0.57hrs
17/07/2026 14:32:30,buy,0.01,GBPUSD,1.34382,17/07/2026 14:33:13,1.34399,-0.05,0.00,1.70,0.12,0.12,1.70,0.00,0.00,1,Dragon Wave_AZ0,0.01,0.01hrs
17/07/2026 14:22:49,buy,0.02,AUDCAD,0.97790,17/07/2026 14:31:25,0.97808,-0.10,0.00,1.80,0.16,0.16,1.80,-0.31,-1.50,1,Dragon Wave_CZ1,0.14,0.14hrs
17/07/2026 14:03:29,buy,0.01,AUDCAD,0.97814,17/07/2026 14:31:25,0.97808,-0.05,0.00,-0.60,-0.09,0.00,0.00,-0.33,-3.90,1,Dragon Wave_CZ0,0.47,0.47hrs
17/07/2026 14:27:38,buy,0.02,CADCHF,0.57530,17/07/2026 14:30:08,0.57539,-0.10,0.00,0.90,0.13,0.13,0.90,0.00,0.00,1,Dragon Wave_AZ1,0.04,0.04hrs
17/07/2026 14:26:44,buy,0.01,CADCHF,0.57536,17/07/2026 14:30:08,0.57539,-0.05,0.00,0.30,-0.02,0.00,0.30,-0.06,-0.10,1,Dragon Wave_AZ0,0.06,0.06hrs
17/07/2026 14:22:04,buy,0.01,GBPCHF,1.08482,17/07/2026 14:30:00,1.08491,-0.05,0.00,0.90,0.06,0.06,0.90,-0.16,-0.90,1,Dragon Wave_CZ0,0.13,0.13hrs
17/07/2026 14:23:26,buy,0.01,EURCAD,1.60379,17/07/2026 14:28:55,1.60392,-0.05,0.00,1.30,0.05,0.05,1.30,-0.08,-0.40,1,Dragon Wave_CZ0,0.09,0.09hrs
17/07/2026 14:23:35,buy,0.01,EURJPY,185.54300,17/07/2026 14:28:40,185.55800,-0.05,0.00,1.50,0.04,0.04,1.50,-0.06,-0.10,1,Dragon Wave_CZ0,0.08,0.08hrs
17/07/2026 14:03:44,buy,0.01,NZDCAD,0.81855,17/07/2026 14:28:27,0.81810,-0.05,0.00,-4.50,-0.37,0.00,0.00,-0.57,-7.30,1,Dragon Wave_BZ0,0.41,0.41hrs
17/07/2026 14:22:33,buy,0.03,NZDCAD,0.81806,17/07/2026 14:28:26,0.81811,-0.15,0.00,0.50,-0.05,0.00,0.50,-0.66,-2.40,1,Dragon Wave_BZ2,0.10,0.10hrs
17/07/2026 14:10:19,buy,0.02,NZDCAD,0.81824,17/07/2026 14:28:26,0.81811,-0.10,0.00,-1.30,-0.29,0.00,0.20,-0.70,-4.20,1,Dragon Wave_BZ1,0.30,0.30hrs
17/07/2026 14:24:39,buy,0.04,NZDCAD,0.81784,17/07/2026 14:28:25,0.81811,-0.20,0.00,2.70,0.57,0.57,2.70,0.00,0.00,1,Dragon Wave_BZ3,0.06,0.06hrs
17/07/2026 14:02:47,buy,0.01,NZDJPY,94.67200,17/07/2026 14:28:25,94.65600,-0.05,0.00,-1.60,-0.15,0.00,0.00,-0.43,-6.20,1,Dragon Wave_CZ0,0.43,0.43hrs
17/07/2026 14:23:45,buy,0.02,NZDJPY,94.62500,17/07/2026 14:28:24,94.65600,-0.10,0.00,3.10,0.29,0.29,3.10,-0.29,-1.50,1,Dragon Wave_CZ1,0.08,0.08hrs
17/07/2026 14:23:22,buy,0.02,NZDJPY,94.61400,17/07/2026 14:27:55,94.64200,-0.10,0.00,2.80,0.25,0.25,2.80,-0.15,-0.40,1,Dragon Wave_AZ1,0.08,0.08hrs
17/07/2026 14:21:42,buy,0.02,GBPJPY,218.13500,17/07/2026 14:27:55,218.15800,-0.10,0.00,2.30,0.19,0.19,2.30,-0.41,-2.50,1,Dragon Wave_AZ1,0.10,0.10hrs
17/07/2026 14:20:25,buy,0.01,GBPJPY,218.17000,17/07/2026 14:27:55,218.15800,-0.05,0.00,-1.20,-0.13,0.00,0.00,-0.42,-6.00,1,Dragon Wave_AZ0,0.13,0.13hrs
17/07/2026 14:18:19,buy,0.01,NZDJPY,94.63800,17/07/2026 14:27:55,94.64200,-0.05,0.00,0.40,-0.02,0.00,0.40,-0.22,-2.80,1,Dragon Wave_AZ0,0.16,0.16hrs
17/07/2026 14:03:45,buy,0.02,AUDUSD,0.69686,17/07/2026 14:27:43,0.69697,-0.10,0.00,1.10,0.12,0.12,1.10,-0.40,-1.50,1,Dragon Wave_AZ1,0.40,0.40hrs
17/07/2026 14:02:32,buy,0.01,AUDUSD,0.69697,17/07/2026 14:27:43,0.69696,-0.05,0.00,-0.10,-0.06,0.00,0.00,-0.31,-2.60,1,Dragon Wave_AZ0,0.42,0.42hrs
﻿17/07/2026 14:04:04,buy,0.01,NZDCAD,0.81848,17/07/2026 14:27:40,0.81813,-0.05,0.00,-3.50,-0.30,0.00,0.00,-0.52,-6.60,1,Dragon Wave_CZ0,0.39,0.39hrs
17/07/2026 14:24:54,buy,0.03,NZDCAD,0.81783,17/07/2026 14:27:39,0.81814,-0.15,0.00,3.10,0.52,0.52,3.10,0.00,0.00,1,Dragon Wave_CZ2,0.05,0.05hrs
17/07/2026 14:10:28,buy,0.02,NZDCAD,0.81826,17/07/2026 14:27:39,0.81814,-0.10,0.00,-1.20,-0.27,0.00,0.00,-0.73,-4.40,1,Dragon Wave_CZ1,0.29,0.29hrs
17/07/2026 14:22:13,buy,0.01,GBPUSD,1.34353,17/07/2026 14:27:20,1.34374,-0.05,0.00,2.10,0.16,0.16,2.10,-0.06,-0.10,1,Dragon Wave_AZ0,0.09,0.09hrs
17/07/2026 14:21:40,buy,0.01,AUDJPY,113.12800,17/07/2026 14:27:14,113.14100,-0.05,0.00,1.30,0.03,0.03,1.30,-0.11,-0.90,1,Dragon Wave_CZ0,0.09,0.09hrs
17/07/2026 14:23:39,buy,0.01,GBPCAD,1.88524,17/07/2026 14:26:03,1.88549,-0.05,0.00,2.50,0.13,0.13,2.50,-0.01,0.00,1,Dragon Wave_BZ0,0.04,0.04hrs
17/07/2026 14:18:10,buy,0.01,CADCHF,0.57539,17/07/2026 14:23:27,0.57537,-0.05,0.00,-0.20,-0.07,0.00,0.00,-0.15,-0.80,1,Dragon Wave_CZ0,0.09,0.09hrs
17/07/2026 14:21:51,buy,0.02,CADCHF,0.57527,17/07/2026 14:23:26,0.57537,-0.10,0.00,1.00,0.15,0.15,1.00,0.00,0.00,1,Dragon Wave_CZ1,0.03,0.03hrs
17/07/2026 14:17:55,buy,0.01,CADCHF,0.57538,17/07/2026 14:23:08,0.57535,-0.05,0.00,-0.30,-0.09,0.00,0.00,-0.14,-0.70,1,Dragon Wave_BZ0,0.09,0.09hrs
17/07/2026 14:20:23,buy,0.02,CADCHF,0.57523,17/07/2026 14:23:07,0.57535,-0.10,0.00,1.20,0.20,0.20,1.20,0.00,0.00,1,Dragon Wave_BZ1,0.05,0.05hrs
17/07/2026 14:19:25,buy,0.02,CADCHF,0.57529,17/07/2026 14:23:06,0.57538,-0.10,0.00,0.90,0.12,0.12,0.90,-0.05,0.00,1,Dragon Wave_AZ1,0.06,0.06hrs
17/07/2026 14:17:34,buy,0.01,CADCHF,0.57538,17/07/2026 14:23:06,0.57535,-0.05,0.00,-0.30,-0.08,0.00,0.00,-0.14,-0.70,1,Dragon Wave_AZ0,0.09,0.09hrs
17/07/2026 14:15:39,buy,0.01,EURGBP,0.85055,17/07/2026 14:21:55,0.85069,-0.05,0.00,1.40,0.13,0.13,1.40,0.00,0.00,1,Dragon Wave_CZ0,0.10,0.10hrs
17/07/2026 13:52:24,buy,0.02,XAGUSD,55.36900,17/07/2026 14:21:46,55.40700,-0.20,0.00,380.00,3.60,3.60,380.00,-9.50,-930.00,1,Dragon Wave_BZ1,0.49,0.49hrs
17/07/2026 13:50:56,buy,0.01,XAGUSD,55.41100,17/07/2026 14:21:46,55.39900,-0.10,0.00,-120.00,-0.70,0.00,0.00,-6.85,-1350.00,1,Dragon Wave_BZ0,0.51,0.51hrs
17/07/2026 14:17:39,buy,0.01,EURJPY,185.55600,17/07/2026 14:19:12,185.57400,-0.05,0.00,1.80,0.06,0.06,1.80,0.00,0.00,1,Dragon Wave_AZ0,0.03,0.03hrs
17/07/2026 14:10:22,buy,0.02,USDCAD,1.40339,17/07/2026 14:18:19,1.40357,-0.10,0.00,1.80,0.16,0.16,1.80,0.00,0.00,1,Dragon Wave_BZ1,0.13,0.13hrs
17/07/2026 14:08:36,buy,0.01,USDCAD,1.40362,17/07/2026 14:18:19,1.40357,-0.05,0.00,-0.50,-0.09,0.00,0.00,-0.16,-1.60,1,Dragon Wave_BZ0,0.16,0.16hrs
17/07/2026 14:10:29,buy,0.02,USDCAD,1.40335,17/07/2026 14:17:06,1.40354,-0.10,0.00,1.90,0.17,0.17,1.90,0.00,0.00,1,Dragon Wave_CZ1,0.11,0.11hrs
17/07/2026 14:08:43,buy,0.01,USDCAD,1.40363,17/07/2026 14:17:06,1.40354,-0.05,0.00,-0.90,-0.11,0.00,0.00,-0.17,-1.70,1,Dragon Wave_CZ0,0.14,0.14hrs
17/07/2026 11:13:51,buy,0.03,GBPUSD,1.34549,17/07/2026 14:16:43,1.34385,-0.15,0.00,-16.40,-5.07,0.00,0.00,-8.70,-28.50,1,Dragon Wave_CZ2,3.05,3.05hrs
17/07/2026 10:57:05,buy,0.02,GBPUSD,1.34613,17/07/2026 14:16:43,1.34385,-0.10,0.00,-22.80,-4.66,0.00,0.00,-7.08,-34.90,1,Dragon Wave_CZ1,3.33,3.33hrs
17/07/2026 10:52:38,buy,0.01,GBPUSD,1.34648,17/07/2026 14:16:43,1.34385,-0.05,0.00,-26.30,-2.68,0.00,0.00,-3.89,-38.40,1,Dragon Wave_CZ0,3.40,3.40hrs
17/07/2026 13:03:14,buy,0.11,GBPUSD,1.34353,17/07/2026 14:16:42,1.34382,-0.55,0.00,2.90,2.64,4.95,5.00,-10.34,-8.90,1,Dragon Wave_CZ5,1.22,1.22hrs
17/07/2026 12:03:19,buy,0.07,GBPUSD,1.34397,17/07/2026 14:16:42,1.34382,-0.35,0.00,-1.50,-1.40,1.68,2.90,-9.66,-13.30,1,Dragon Wave_CZ4,2.22,2.22hrs
17/07/2026 11:19:27,buy,0.04,GBPUSD,1.34505,17/07/2026 14:16:42,1.34383,-0.20,0.00,-12.20,-5.08,0.12,0.80,-9.84,-24.10,1,Dragon Wave_CZ3,2.95,2.95hrs
17/07/2026 13:52:10,buy,0.18,GBPUSD,1.34268,17/07/2026 14:16:41,1.34382,-0.90,0.00,11.40,19.62,19.62,11.40,0.00,0.00,1,Dragon Wave_CZ6,0.41,0.41hrs
17/07/2026 10:53:31,buy,0.01,GBPUSD,1.34640,17/07/2026 14:15:37,1.34375,-0.05,0.00,-26.50,-2.70,0.00,0.00,-3.81,-37.60,1,Dragon Wave_BZ0,3.37,3.37hrs
17/07/2026 11:32:24,buy,0.04,GBPUSD,1.34489,17/07/2026 14:15:36,1.34375,-0.20,0.00,-11.40,-4.76,0.00,0.40,-9.20,-22.50,1,Dragon Wave_BZ3,2.72,2.72hrs
17/07/2026 11:13:42,buy,0.03,GBPUSD,1.34553,17/07/2026 14:15:36,1.34375,-0.15,0.00,-17.80,-5.49,0.00,0.00,-8.82,-28.90,1,Dragon Wave_BZ2,3.03,3.03hrs
17/07/2026 10:56:49,buy,0.02,GBPUSD,1.34611,17/07/2026 14:15:36,1.34375,-0.10,0.00,-23.60,-4.82,0.00,0.00,-7.04,-34.70,1,Dragon Wave_BZ1,3.31,3.31hrs
17/07/2026 12:02:59,buy,0.18,GBPUSD,1.34395,17/07/2026 14:15:35,1.34375,-0.90,0.00,-2.00,-4.50,4.68,3.10,-24.48,-13.10,1,Dragon Wave_BZ6,2.21,2.21hrs
17/07/2026 12:01:43,buy,0.11,GBPUSD,1.34414,17/07/2026 14:15:35,1.34375,-0.55,0.00,-3.90,-4.84,0.77,1.20,-17.05,-15.00,1,Dragon Wave_BZ5,2.23,2.23hrs
17/07/2026 11:41:23,buy,0.07,GBPUSD,1.34458,17/07/2026 14:15:35,1.34375,-0.35,0.00,-8.30,-6.16,0.00,0.10,-13.93,-19.40,1,Dragon Wave_BZ4,2.57,2.57hrs
17/07/2026 13:51:54,buy,0.47,GBPUSD,1.34274,17/07/2026 14:15:34,1.34374,-2.35,0.00,10.00,44.65,44.65,10.00,-7.05,-1.00,1,Dragon Wave_BZ8,0.39,0.39hrs
17/07/2026 13:25:22,buy,0.29,GBPUSD,1.34352,17/07/2026 14:15:34,1.34374,-1.45,0.00,2.20,4.93,4.93,2.20,-26.97,-8.80,1,Dragon Wave_BZ7,0.84,0.84hrs
17/07/2026 13:21:00,buy,0.01,AUDNZD,1.19510,17/07/2026 14:13:02,1.19527,-0.05,0.00,1.70,0.04,0.04,1.70,-0.20,-2.50,1,Dragon Wave_CZ0,0.87,0.87hrs
17/07/2026 14:06:56,buy,0.01,XAUUSD,3991.41000,17/07/2026 14:12:53,3992.06000,-0.14,0.00,6.50,0.51,0.51,6.50,0.00,0.00,1,Dragon Wave_CZ0,0.10,0.10hrs
17/07/2026 14:04:08,buy,0.01,AUDUSD,0.69677,17/07/2026 14:12:29,0.69687,-0.05,0.00,1.00,0.05,0.05,1.00,-0.11,-0.60,1,Dragon Wave_BZ0,0.14,0.14hrs
17/07/2026 14:00:22,buy,0.01,CADCHF,0.57553,17/07/2026 14:12:04,0.57551,-0.05,0.00,-0.20,-0.07,0.00,0.00,-0.16,-0.90,1,Dragon Wave_AZ0,0.20,0.20hrs
17/07/2026 14:01:07,buy,0.02,CADCHF,0.57550,17/07/2026 14:12:03,0.57551,-0.10,0.00,0.10,-0.08,0.00,0.10,-0.25,-0.60,1,Dragon Wave_AZ1,0.18,0.18hrs
17/07/2026 12:39:13,buy,0.01,CHFJPY,201.15200,17/07/2026 14:10:06,201.05700,-0.05,0.00,-9.50,-0.63,0.00,0.00,-1.18,-18.40,1,Dragon Wave_CZ0,1.51,1.51hrs
17/07/2026 13:57:49,buy,0.02,CHFJPY,200.97400,17/07/2026 14:10:05,201.05700,-0.10,0.00,8.30,0.92,0.92,8.30,-0.17,-0.60,1,Dragon Wave_CZ1,0.20,0.20hrs
17/07/2026 13:21:06,buy,0.02,EURAUD,1.64039,17/07/2026 14:10:05,1.64012,-0.10,0.00,-2.70,-0.48,0.00,0.00,-1.62,-10.90,1,Dragon Wave_AZ1,0.82,0.82hrs
17/07/2026 13:16:24,buy,0.01,EURAUD,1.64058,17/07/2026 14:10:05,1.63992,-0.05,0.00,-6.60,-0.51,0.00,0.00,-0.94,-12.80,1,Dragon Wave_AZ0,0.89,0.89hrs
17/07/2026 13:41:28,buy,0.04,EURAUD,1.63963,17/07/2026 14:10:04,1.64011,-0.20,0.00,4.80,1.14,1.14,4.80,-1.12,-3.30,1,Dragon Wave_AZ3,0.48,0.48hrs
17/07/2026 13:32:11,buy,0.03,EURAUD,1.63987,17/07/2026 14:10:04,1.64012,-0.15,0.00,2.50,0.38,0.38,2.50,-1.34,-5.70,1,Dragon Wave_AZ2,0.63,0.63hrs
17/07/2026 13:51:46,buy,0.03,EURAUD,1.63957,17/07/2026 14:10:00,1.64013,-0.15,0.00,5.60,1.02,1.02,5.60,-0.71,-2.70,1,Dragon Wave_BZ2,0.30,0.30hrs
17/07/2026 13:31:19,buy,0.02,EURAUD,1.64009,17/07/2026 14:10:00,1.64013,-0.10,0.00,0.40,-0.05,0.00,0.40,-1.20,-7.90,1,Dragon Wave_BZ1,0.64,0.64hrs
17/07/2026 13:20:36,buy,0.01,EURAUD,1.64058,17/07/2026 14:10:00,1.63992,-0.05,0.00,-6.60,-0.51,0.00,0.00,-0.94,-12.80,1,Dragon Wave_BZ0,0.82,0.82hrs
17/07/2026 14:01:35,buy,0.01,CADCHF,0.57543,17/07/2026 14:09:19,0.57550,-0.05,0.00,0.70,0.04,0.04,0.70,-0.03,0.00,1,Dragon Wave_CZ0,0.13,0.13hrs
17/07/2026 14:01:22,buy,0.01,CADCHF,0.57544,17/07/2026 14:09:00,0.57550,-0.05,0.00,0.60,0.03,0.03,0.60,-0.04,0.00,1,Dragon Wave_BZ0,0.13,0.13hrs
17/07/2026 14:00:18,buy,0.02,CADJPY,115.67300,17/07/2026 14:08:13,115.68000,-0.10,0.00,0.70,-0.02,0.00,0.70,-0.44,-2.80,1,Dragon Wave_BZ1,0.13,0.13hrs
17/07/2026 13:52:02,buy,0.01,CADJPY,115.70800,17/07/2026 14:08:13,115.68000,-0.05,0.00,-2.80,-0.22,0.00,0.00,-0.44,-6.30,1,Dragon Wave_BZ0,0.27,0.27hrs
17/07/2026 14:02:26,buy,0.03,CADJPY,115.63200,17/07/2026 14:08:12,115.68100,-0.15,0.00,4.90,0.75,0.75,4.90,0.00,0.00,1,Dragon Wave_BZ2,0.10,0.10hrs
17/07/2026 14:00:26,buy,0.02,USDJPY,162.34900,17/07/2026 14:07:52,162.36600,-0.10,0.00,1.70,0.11,0.11,1.70,0.00,0.00,1,Dragon Wave_BZ1,0.12,0.12hrs
17/07/2026 13:55:22,buy,0.01,USDJPY,162.37300,17/07/2026 14:07:52,162.36600,-0.05,0.00,-0.70,-0.09,0.02,1.10,-0.15,-1.60,1,Dragon Wave_BZ0,0.21,0.21hrs
17/07/2026 14:02:47,buy,0.01,AUDJPY,113.13000,17/07/2026 14:07:46,113.14700,-0.05,0.00,1.70,0.06,0.06,1.70,-0.10,-0.80,1,Dragon Wave_CZ0,0.08,0.08hrs
17/07/2026 14:04:12,buy,0.01,EURUSD,1.14251,17/07/2026 14:07:41,1.14272,-0.05,0.00,2.10,0.16,0.16,2.10,-0.02,0.00,1,Dragon Wave_BZ0,0.06,0.06hrs
17/07/2026 14:02:29,buy,0.01,AUDJPY,113.12100,17/07/2026 14:07:32,113.14400,-0.05,0.00,2.30,0.09,0.09,2.30,-0.04,0.00,1,Dragon Wave_AZ0,0.08,0.08hrs
17/07/2026 14:04:54,buy,0.01,GBPUSD,1.34286,17/07/2026 14:07:05,1.34301,-0.05,0.00,1.50,0.10,0.10,1.50,0.00,0.00,1,Dragon Wave_AZ0,0.04,0.04hrs
17/07/2026 14:02:47,buy,0.01,GBPJPY,218.03600,17/07/2026 14:07:05,218.05500,-0.05,0.00,1.90,0.07,0.07,1.90,0.00,0.00,1,Dragon Wave_CZ0,0.07,0.07hrs
17/07/2026 13:58:53,buy,0.01,USDJPY,162.36600,17/07/2026 14:07:01,162.35800,-0.05,0.00,-0.80,-0.10,0.00,0.00,-0.10,-0.80,1,Dragon Wave_CZ0,0.14,0.14hrs
17/07/2026 14:02:00,buy,0.02,USDJPY,162.34100,17/07/2026 14:07:00,162.35800,-0.10,0.00,1.70,0.11,0.11,1.70,0.00,0.00,1,Dragon Wave_CZ1,0.08,0.08hrs
17/07/2026 14:04:49,buy,0.02,GBPJPY,218.02200,17/07/2026 14:06:59,218.05800,-0.10,0.00,3.60,0.34,0.34,3.60,0.00,0.00,1,Dragon Wave_BZ1,0.04,0.04hrs
17/07/2026 14:02:41,buy,0.01,GBPJPY,218.04800,17/07/2026 14:06:59,218.04200,-0.05,0.00,-0.60,-0.09,0.00,0.00,-0.09,-0.60,1,Dragon Wave_BZ0,0.07,0.07hrs
17/07/2026 13:20:48,buy,0.01,EURNZD,1.96076,17/07/2026 14:05:09,1.95954,-0.05,0.00,-12.20,-0.76,0.00,0.00,-1.14,-18.70,1,Dragon Wave_BZ0,0.74,0.74hrs
17/07/2026 13:57:22,buy,0.03,EURNZD,1.95899,17/07/2026 14:05:08,1.95983,-0.15,0.00,8.40,1.32,1.32,8.40,-0.32,-1.00,1,Dragon Wave_BZ2,0.13,0.13hrs
17/07/2026 13:29:24,buy,0.02,EURNZD,1.96018,17/07/2026 14:05:08,1.95954,-0.10,0.00,-6.40,-0.84,0.00,0.00,-1.60,-12.90,1,Dragon Wave_BZ1,0.60,0.60hrs
17/07/2026 13:51:21,buy,0.01,XAGUSD,55.39100,17/07/2026 14:01:50,55.35300,-0.10,0.00,-380.00,-2.00,0.00,0.00,-5.35,-1050.00,1,Dragon Wave_CZ0,0.17,0.17hrs
17/07/2026 13:58:33,buy,0.02,XAGUSD,55.31300,17/07/2026 14:01:49,55.35000,-0.20,0.00,370.00,3.50,3.50,370.00,-2.90,-270.00,1,Dragon Wave_CZ1,0.05,0.05hrs
17/07/2026 13:52:11,buy,0.02,XAUUSD,3991.62000,17/07/2026 14:00:07,3992.53000,-0.29,0.00,9.10,1.53,2.21,12.50,-0.85,-2.80,1,Dragon Wave_CZ1,0.13,0.13hrs
17/07/2026 13:50:54,buy,0.01,XAUUSD,3993.35000,17/07/2026 14:00:07,3992.44000,-0.14,0.00,-9.10,-1.05,0.00,0.00,-2.15,-20.10,1,Dragon Wave_CZ0,0.15,0.15hrs
17/07/2026 13:30:39,buy,0.01,CADCHF,0.57566,17/07/2026 13:59:18,0.57565,-0.05,0.00,-0.10,-0.06,0.00,0.00,-0.35,-2.40,1,Dragon Wave_BZ0,0.48,0.48hrs
17/07/2026 13:33:32,buy,0.02,CADCHF,0.57559,17/07/2026 13:59:17,0.57565,-0.10,0.00,0.60,0.05,0.05,0.60,-0.52,-1.70,1,Dragon Wave_BZ1,0.43,0.43hrs
17/07/2026 13:30:20,buy,0.01,CADCHF,0.57571,17/07/2026 13:58:14,0.57561,-0.05,0.00,-1.00,-0.17,0.00,0.00,-0.41,-2.90,1,Dragon Wave_AZ0,0.47,0.47hrs
17/07/2026 13:42:15,buy,0.03,CADCHF,0.57543,17/07/2026 13:58:13,0.57562,-0.15,0.00,1.90,0.55,0.55,1.90,-0.15,0.00,1,Dragon Wave_AZ2,0.27,0.27hrs
17/07/2026 13:31:24,buy,0.02,CADCHF,0.57564,17/07/2026 13:58:13,0.57562,-0.10,0.00,-0.20,-0.15,0.00,0.00,-0.64,-2.20,1,Dragon Wave_AZ1,0.45,0.45hrs
17/07/2026 13:30:09,buy,0.02,GBPNZD,2.30297,17/07/2026 13:58:02,2.30282,-0.10,0.00,-1.50,-0.27,0.00,0.00,-1.30,-10.30,1,Dragon Wave_AZ1,0.46,0.46hrs
17/07/2026 13:28:13,buy,0.01,GBPNZD,2.30358,17/07/2026 13:58:02,2.30282,-0.05,0.00,-7.60,-0.50,0.00,0.00,-1.01,-16.40,1,Dragon Wave_AZ0,0.50,0.50hrs
17/07/2026 13:39:29,buy,0.03,GBPNZD,2.30223,17/07/2026 13:58:01,2.30282,-0.15,0.00,5.90,0.88,0.88,5.90,-0.66,-2.90,1,Dragon Wave_AZ2,0.31,0.31hrs
17/07/2026 13:57:22,buy,0.01,EURAUD,1.63932,17/07/2026 13:57:41,1.63946,-0.05,0.00,1.40,0.04,0.04,1.40,0.00,0.00,1,Dragon Wave_CZ0,0.01,0.01hrs
17/07/2026 13:22:15,buy,0.02,EURUSD,1.14351,17/07/2026 13:55:12,1.14322,-0.10,0.00,-2.90,-0.68,0.00,0.00,-1.58,-7.40,1,Dragon Wave_BZ1,0.55,0.55hrs
17/07/2026 13:17:46,buy,0.01,EURUSD,1.14376,17/07/2026 13:55:12,1.14322,-0.05,0.00,-5.40,-0.59,0.00,0.00,-1.04,-9.90,1,Dragon Wave_BZ0,0.62,0.62hrs
17/07/2026 13:51:54,buy,0.03,EURUSD,1.14278,17/07/2026 13:55:11,1.14325,-0.15,0.00,4.70,1.26,1.26,4.70,-0.18,-0.10,1,Dragon Wave_BZ2,0.05,0.05hrs
17/07/2026 13:52:33,buy,0.01,EURCAD,1.60423,17/07/2026 13:55:02,1.60443,-0.05,0.00,2.00,0.09,0.09,2.00,0.00,0.00,1,Dragon Wave_AZ0,0.04,0.04hrs
17/07/2026 13:50:29,buy,0.01,XAUUSD,3994.81000,17/07/2026 13:55:02,3993.67000,-0.14,0.00,-11.40,-1.28,0.00,0.00,-2.94,-28.00,1,Dragon Wave_AZ0,0.08,0.08hrs
17/07/2026 13:51:54,buy,0.02,XAUUSD,3992.22000,17/07/2026 13:55:01,3993.66000,-0.29,0.00,14.40,2.59,2.59,14.40,-0.71,-2.10,1,Dragon Wave_AZ1,0.05,0.05hrs
17/07/2026 13:47:44,buy,0.03,EURJPY,185.64200,17/07/2026 13:54:57,185.63900,-0.15,0.00,-0.30,-0.20,0.00,0.00,-1.18,-5.60,1,Dragon Wave_CZ2,0.12,0.12hrs
17/07/2026 13:33:48,buy,0.02,EURJPY,185.66500,17/07/2026 13:54:57,185.63900,-0.10,0.00,-2.60,-0.42,0.00,0.00,-1.07,-7.90,1,Dragon Wave_CZ1,0.35,0.35hrs
17/07/2026 13:28:56,buy,0.01,GBPJPY,218.18700,17/07/2026 13:54:57,218.13200,-0.05,0.00,-5.50,-0.39,0.00,0.00,-0.91,-13.90,1,Dragon Wave_BZ0,0.43,0.43hrs
17/07/2026 13:20:23,buy,0.01,EURJPY,185.72400,17/07/2026 13:54:57,185.63800,-0.05,0.00,-8.60,-0.58,0.00,0.00,-0.90,-13.80,1,Dragon Wave_CZ0,0.58,0.58hrs
17/07/2026 13:51:59,buy,0.03,GBPJPY,218.05500,17/07/2026 13:54:56,218.13200,-0.15,0.00,7.70,1.27,1.27,7.70,0.00,0.00,1,Dragon Wave_BZ2,0.05,0.05hrs
17/07/2026 13:51:50,buy,0.04,EURJPY,185.59600,17/07/2026 13:54:56,185.64000,-0.20,0.00,4.40,0.88,0.88,4.40,-0.45,-1.00,1,Dragon Wave_CZ3,0.05,0.05hrs
17/07/2026 13:32:44,buy,0.02,GBPJPY,218.17600,17/07/2026 13:54:56,218.13200,-0.10,0.00,-4.40,-0.65,0.00,0.00,-1.68,-12.80,1,Dragon Wave_BZ1,0.37,0.37hrs
17/07/2026 13:27:27,buy,0.03,EURUSD,1.14318,17/07/2026 13:54:56,1.14322,-0.15,0.00,0.40,-0.03,0.03,0.60,-1.38,-4.10,1,Dragon Wave_AZ2,0.46,0.46hrs
17/07/2026 13:20:21,buy,0.02,EURUSD,1.14362,17/07/2026 13:54:56,1.14322,-0.10,0.00,-4.00,-0.90,0.00,0.00,-1.80,-8.50,1,Dragon Wave_AZ1,0.58,0.58hrs
17/07/2026 13:17:35,buy,0.01,EURUSD,1.14378,17/07/2026 13:54:56,1.14316,-0.05,0.00,-6.20,-0.67,0.00,0.00,-1.06,-10.10,1,Dragon Wave_AZ0,0.62,0.62hrs
17/07/2026 13:51:30,buy,0.04,EURUSD,1.14270,17/07/2026 13:54:55,1.14322,-0.20,0.00,5.20,1.88,1.88,5.20,0.00,0.00,1,Dragon Wave_AZ3,0.06,0.06hrs
17/07/2026 13:51:32,buy,0.01,AUDUSD,0.69701,17/07/2026 13:54:49,0.69717,-0.05,0.00,1.60,0.11,0.11,1.60,-0.13,-0.80,1,Dragon Wave_CZ0,0.05,0.05hrs
17/07/2026 13:52:43,buy,0.02,AUDUSD,0.69693,17/07/2026 13:54:48,0.69717,-0.10,0.00,2.40,0.38,0.38,2.40,0.00,0.00,1,Dragon Wave_CZ1,0.03,0.03hrs
17/07/2026 13:52:04,buy,0.02,GBPJPY,218.05700,17/07/2026 13:54:46,218.12000,-0.10,0.00,6.30,0.68,0.68,6.30,0.00,0.00,1,Dragon Wave_CZ1,0.04,0.04hrs
17/07/2026 13:50:41,buy,0.01,GBPJPY,218.11900,17/07/2026 13:54:46,218.12000,-0.05,0.00,0.10,-0.05,0.00,0.10,-0.49,-7.10,1,Dragon Wave_CZ0,0.07,0.07hrs
17/07/2026 13:52:00,buy,0.02,XAUUSD,3991.87000,17/07/2026 13:54:45,3993.54000,-0.29,0.00,16.70,3.05,3.05,16.70,0.00,0.00,1,Dragon Wave_BZ1,0.05,0.05hrs
17/07/2026 13:51:41,buy,0.01,AUDJPY,113.20000,17/07/2026 13:54:45,113.21300,-0.05,0.00,1.30,0.03,0.03,1.30,-0.13,-1.30,1,Dragon Wave_AZ0,0.05,0.05hrs
17/07/2026 13:51:30,buy,0.01,NZDUSD,0.58328,17/07/2026 13:54:45,0.58339,-0.05,0.00,1.10,0.06,0.06,1.10,-0.17,-1.20,1,Dragon Wave_BZ0,0.05,0.05hrs
17/07/2026 13:50:36,buy,0.01,XAUUSD,3994.86000,17/07/2026 13:54:45,3993.25000,-0.14,0.00,-16.10,-1.75,0.00,0.00,-2.99,-28.50,1,Dragon Wave_BZ0,0.07,0.07hrs
17/07/2026 13:19:58,buy,0.01,EURUSD,1.14356,17/07/2026 13:54:43,1.14313,-0.05,0.00,-4.30,-0.48,0.00,0.00,-0.84,-7.90,1,Dragon Wave_CZ0,0.58,0.58hrs
17/07/2026 13:52:50,buy,0.03,EURUSD,1.14271,17/07/2026 13:54:42,1.14319,-0.15,0.00,4.80,1.29,1.29,4.80,0.00,0.00,1,Dragon Wave_CZ2,0.03,0.03hrs
17/07/2026 13:24:53,buy,0.02,EURUSD,1.14330,17/07/2026 13:54:42,1.14313,-0.10,0.00,-1.70,-0.44,0.00,0.00,-1.16,-5.30,1,Dragon Wave_CZ1,0.50,0.50hrs
17/07/2026 13:51:39,buy,0.01,CHFJPY,201.03100,17/07/2026 13:54:40,201.08100,-0.05,0.00,5.00,0.25,0.25,5.00,-0.20,-2.50,1,Dragon Wave_AZ0,0.05,0.05hrs
17/07/2026 13:51:23,buy,0.01,NZDUSD,0.58329,17/07/2026 13:54:37,0.58336,-0.05,0.00,0.70,0.02,0.02,0.70,-0.18,-1.30,1,Dragon Wave_AZ0,0.05,0.05hrs
17/07/2026 13:51:45,buy,0.02,GBPJPY,218.08400,17/07/2026 13:54:34,218.11700,-0.10,0.00,3.30,0.31,0.31,3.30,-0.54,-3.60,1,Dragon Wave_AZ1,0.05,0.05hrs
17/07/2026 13:32:32,buy,0.01,GBPJPY,218.14900,17/07/2026 13:54:34,218.11700,-0.05,0.00,-3.20,-0.24,0.00,0.00,-0.67,-10.10,1,Dragon Wave_AZ0,0.37,0.37hrs
17/07/2026 13:51:31,buy,0.01,EURCAD,1.60403,17/07/2026 13:54:27,1.60450,-0.05,0.00,4.70,0.29,0.29,4.70,0.00,0.00,1,Dragon Wave_BZ0,0.05,0.05hrs
17/07/2026 13:23:25,buy,0.03,GBPCAD,1.88480,17/07/2026 13:54:27,1.88530,-0.15,0.00,5.00,0.91,0.91,5.00,-0.62,-2.20,1,Dragon Wave_BZ2,0.52,0.52hrs
17/07/2026 13:13:36,buy,0.02,GBPCAD,1.88523,17/07/2026 13:54:27,1.88530,-0.10,0.00,0.00,0.00,0.00,0.00,-1.03,-6.50,1,Dragon Wave_BZ1,0.68,0.68hrs
17/07/2026 13:01:39,buy,0.01,GBPCAD,1.88583,17/07/2026 13:54:27,1.88530,-0.05,0.00,-5.30,-0.43,0.00,0.00,-0.94,-12.50,1,Dragon Wave_BZ0,0.88,0.88hrs
17/07/2026 13:52:00,buy,0.01,NZDCAD,0.81864,17/07/2026 13:54:23,0.81877,-0.05,0.00,1.30,0.04,0.04,1.30,0.00,0.00,1,Dragon Wave_AZ0,0.04,0.04hrs
17/07/2026 13:26:41,buy,0.01,EURJPY,185.68600,17/07/2026 13:54:23,185.62100,-0.05,0.00,-6.50,-0.45,0.00,0.00,-0.67,-10.00,1,Dragon Wave_AZ0,0.46,0.46hrs
17/07/2026 13:51:20,buy,0.03,EURJPY,185.62300,17/07/2026 13:54:22,185.63400,-0.15,0.00,1.10,0.05,0.05,1.10,-0.83,-3.70,1,Dragon Wave_AZ2,0.05,0.05hrs
17/07/2026 13:40:08,buy,0.02,EURJPY,185.65500,17/07/2026 13:54:22,185.63500,-0.10,0.00,-2.00,-0.35,0.00,0.50,-0.95,-6.90,1,Dragon Wave_AZ1,0.24,0.24hrs
17/07/2026 13:52:31,buy,0.04,EURJPY,185.58900,17/07/2026 13:54:21,185.63400,-0.20,0.00,4.50,0.91,0.91,4.50,0.00,0.00,1,Dragon Wave_AZ3,0.03,0.03hrs
17/07/2026 13:52:32,buy,0.02,AUDJPY,113.18300,17/07/2026 13:54:18,113.20600,-0.10,0.00,2.30,0.18,0.18,2.30,0.00,0.00,1,Dragon Wave_CZ1,0.03,0.03hrs
17/07/2026 13:47:40,buy,0.01,AUDJPY,113.21300,17/07/2026 13:54:18,113.20600,-0.05,0.00,-0.70,-0.09,0.00,0.00,-0.21,-2.60,1,Dragon Wave_CZ0,0.11,0.11hrs
17/07/2026 13:52:30,buy,0.01,GBPCAD,1.88482,17/07/2026 13:54:12,1.88520,-0.05,0.00,3.80,0.22,0.22,3.80,0.00,0.00,1,Dragon Wave_CZ0,0.03,0.03hrs
17/07/2026 13:51:29,buy,0.01,GBPUSD,1.34277,17/07/2026 13:53:59,1.34294,-0.05,0.00,1.70,0.12,0.12,1.70,-0.18,-1.30,1,Dragon Wave_AZ0,0.04,0.04hrs
17/07/2026 13:51:52,buy,0.01,GBPCAD,1.88496,17/07/2026 13:53:56,1.88486,-0.05,0.00,-1.00,-0.12,0.00,0.00,-0.28,-3.20,1,Dragon Wave_AZ0,0.03,0.03hrs
17/07/2026 13:50:47,buy,0.01,GBPNZD,2.30206,17/07/2026 13:53:15,2.30233,-0.05,0.00,2.70,0.11,0.11,2.70,-0.12,-1.20,1,Dragon Wave_CZ0,0.04,0.04hrs
17/07/2026 13:30:56,buy,0.01,CADCHF,0.57563,17/07/2026 13:52:51,0.57559,-0.05,0.00,-0.40,-0.10,0.00,0.00,-0.31,-2.10,1,Dragon Wave_CZ0,0.37,0.37hrs
17/07/2026 13:35:21,buy,0.02,CADCHF,0.57551,17/07/2026 13:52:50,0.57559,-0.10,0.00,0.80,0.10,0.10,0.80,-0.32,-0.90,1,Dragon Wave_CZ1,0.29,0.29hrs
17/07/2026 13:47:37,buy,0.01,GBPJPY,218.11700,17/07/2026 13:48:47,218.13000,-0.05,0.00,1.30,0.03,0.03,1.30,0.00,0.00,1,Dragon Wave_CZ0,0.02,0.02hrs
17/07/2026 13:05:24,buy,0.03,USDCAD,1.40305,17/07/2026 13:46:57,1.40339,-0.15,0.00,3.40,0.58,0.58,3.40,-0.90,-3.50,1,Dragon Wave_AZ2,0.69,0.69hrs
17/07/2026 12:49:17,buy,0.02,USDCAD,1.40335,17/07/2026 13:46:57,1.40339,-0.10,0.00,0.40,-0.04,0.00,0.40,-1.03,-6.50,1,Dragon Wave_AZ1,0.96,0.96hrs
17/07/2026 12:48:24,buy,0.01,USDCAD,1.40345,17/07/2026 13:46:57,1.40339,-0.05,0.00,-0.60,-0.09,0.00,0.00,-0.58,-7.50,1,Dragon Wave_AZ0,0.98,0.98hrs
17/07/2026 13:45:47,buy,0.01,NZDCHF,0.47104,17/07/2026 13:46:54,0.47110,-0.05,0.00,0.60,0.02,0.02,0.60,0.00,0.00,1,Dragon Wave_CZ0,0.02,0.02hrs
17/07/2026 13:41:53,buy,0.01,XAUUSD,3995.08000,17/07/2026 13:43:24,3996.12000,-0.14,0.00,10.40,0.90,0.90,10.40,0.00,0.00,1,Dragon Wave_AZ0,0.03,0.03hrs
17/07/2026 13:40:31,buy,0.01,XAUUSD,3994.99000,17/07/2026 13:41:37,3995.88000,-0.14,0.00,8.90,0.75,0.75,8.90,0.00,0.00,1,Dragon Wave_AZ0,0.02,0.02hrs
17/07/2026 13:33:25,buy,0.02,NZDCHF,0.47108,17/07/2026 13:40:20,0.47114,-0.10,0.00,0.60,0.05,0.05,0.60,-0.10,0.00,1,Dragon Wave_AZ1,0.12,0.12hrs
17/07/2026 13:32:27,buy,0.01,NZDCHF,0.47110,17/07/2026 13:40:20,0.47114,-0.05,0.00,0.00,0.00,0.00,0.00,-0.07,-0.20,1,Dragon Wave_AZ0,0.13,0.13hrs
17/07/2026 13:38:14,buy,0.01,NZDCHF,0.47107,17/07/2026 13:39:39,0.47111,-0.05,0.00,0.00,0.00,0.00,0.00,0.00,0.00,1,Dragon Wave_CZ0,0.02,0.02hrs
17/07/2026 13:36:47,buy,0.01,XAUUSD,3995.31000,17/07/2026 13:39:32,3996.17000,-0.14,0.00,8.60,0.72,0.72,8.60,0.00,0.00,1,Dragon Wave_CZ0,0.05,0.05hrs
17/07/2026 13:37:24,buy,0.02,XAUUSD,3994.74000,17/07/2026 13:39:28,3995.87000,-0.29,0.00,11.30,1.97,1.97,11.30,0.00,0.00,1,Dragon Wave_BZ1,0.03,0.03hrs
17/07/2026 13:33:55,buy,0.01,XAUUSD,3995.63000,17/07/2026 13:39:28,3995.91000,-0.14,0.00,2.80,0.14,0.14,2.80,0.00,0.00,1,Dragon Wave_BZ0,0.09,0.09hrs
17/07/2026 13:35:21,buy,0.01,XAGUSD,55.43600,17/07/2026 13:39:19,55.45200,-0.10,0.00,160.00,0.70,0.70,160.00,0.00,0.00,1,Dragon Wave_AZ0,0.07,0.07hrs
17/07/2026 13:37:17,buy,0.01,XAUUSD,3994.23000,17/07/2026 13:37:50,3995.31000,-0.14,0.00,10.80,0.94,0.94,10.80,0.00,0.00,1,Dragon Wave_AZ0,0.01,0.01hrs
17/07/2026 13:33:43,buy,0.01,NZDCHF,0.47106,17/07/2026 13:36:46,0.47112,-0.05,0.00,0.60,0.03,0.03,0.60,-0.03,0.00,1,Dragon Wave_BZ0,0.05,0.05hrs
17/07/2026 13:33:35,buy,0.01,XAUUSD,3996.16000,17/07/2026 13:35:04,3996.65000,-0.14,0.00,4.90,0.35,0.35,4.90,-0.46,-3.20,1,Dragon Wave_AZ0,0.02,0.02hrs
17/07/2026 13:32:34,buy,0.01,GBPUSD,1.34321,17/07/2026 13:33:38,1.34328,-0.05,0.00,0.70,0.02,0.02,0.70,0.00,0.00,1,Dragon Wave_AZ0,0.02,0.02hrs
17/07/2026 13:09:20,buy,0.03,AUDCAD,0.97793,17/07/2026 13:30:52,0.97803,-0.15,0.00,1.00,0.06,0.06,1.00,-0.58,-2.00,1,Dragon Wave_AZ2,0.36,0.36hrs
17/07/2026 13:07:12,buy,0.02,AUDCAD,0.97804,17/07/2026 13:30:52,0.97798,-0.10,0.00,-0.60,-0.18,0.00,0.00,-0.54,-3.10,1,Dragon Wave_AZ1,0.39,0.39hrs
17/07/2026 13:02:26,buy,0.01,AUDCAD,0.97813,17/07/2026 13:30:52,0.97798,-0.05,0.00,-1.50,-0.16,0.00,0.00,-0.34,-4.00,1,Dragon Wave_AZ0,0.47,0.47hrs
17/07/2026 13:22:20,buy,0.04,AUDCAD,0.97782,17/07/2026 13:30:51,0.97803,-0.20,0.00,2.10,0.40,0.40,2.10,-0.46,-0.90,1,Dragon Wave_AZ3,0.14,0.14hrs
17/07/2026 13:20:14,buy,0.01,EURGBP,0.85092,17/07/2026 13:28:48,0.85097,-0.05,0.00,0.50,0.01,0.01,0.50,-0.14,-0.70,1,Dragon Wave_CZ0,0.14,0.14hrs
17/07/2026 13:25:08,buy,0.01,AUDJPY,113.19500,17/07/2026 13:27:58,113.21500,-0.05,0.00,2.00,0.07,0.07,2.00,-0.06,-0.20,1,Dragon Wave_CZ0,0.05,0.05hrs
17/07/2026 13:25:08,buy,0.01,GBPCAD,1.88461,17/07/2026 13:27:55,1.88488,-0.05,0.00,2.70,0.15,0.15,2.70,-0.04,0.00,1,Dragon Wave_CZ0,0.05,0.05hrs
17/07/2026 13:25:42,buy,0.01,NZDCAD,0.81805,17/07/2026 13:27:53,0.81826,-0.05,0.00,2.10,0.10,0.10,2.10,0.00,0.00,1,Dragon Wave_BZ0,0.04,0.04hrs
17/07/2026 13:25:33,buy,0.01,NZDCAD,0.81808,17/07/2026 13:27:44,0.81824,-0.05,0.00,1.60,0.07,0.07,1.60,0.00,0.00,1,Dragon Wave_AZ0,0.04,0.04hrs
17/07/2026 13:22:04,buy,0.01,GBPNZD,2.30362,17/07/2026 13:27:00,2.30377,-0.05,0.00,1.50,0.04,0.04,1.50,-0.19,-2.40,1,Dragon Wave_BZ0,0.08,0.08hrs
17/07/2026 13:22:17,buy,0.01,AUDJPY,113.20300,17/07/2026 13:22:35,113.21400,-0.05,0.00,1.10,0.02,0.02,1.10,0.00,0.00,1,Dragon Wave_AZ0,0.01,0.01hrs
17/07/2026 12:54:37,buy,0.02,USDJPY,162.39400,17/07/2026 13:21:51,162.39700,-0.10,0.00,0.30,-0.06,0.00,0.30,-0.43,-2.70,1,Dragon Wave_CZ1,0.45,0.45hrs
17/07/2026 12:49:00,buy,0.01,USDJPY,162.41300,17/07/2026 13:21:51,162.39700,-0.05,0.00,-1.60,-0.15,0.00,0.20,-0.33,-4.60,1,Dragon Wave_CZ0,0.55,0.55hrs
17/07/2026 13:00:02,buy,0.03,USDJPY,162.36500,17/07/2026 13:21:50,162.39700,-0.15,0.00,3.20,0.44,0.44,3.20,-0.11,0.00,1,Dragon Wave_CZ2,0.36,0.36hrs
17/07/2026 12:42:40,buy,0.01,USDJPY,162.43000,17/07/2026 13:21:49,162.39700,-0.05,0.00,-3.30,-0.25,0.00,0.00,-0.44,-6.30,1,Dragon Wave_BZ0,0.65,0.65hrs
17/07/2026 12:53:36,buy,0.03,USDJPY,162.39900,17/07/2026 13:21:48,162.39600,-0.15,0.00,-0.30,-0.21,0.00,0.00,-0.74,-3.20,1,Dragon Wave_BZ2,0.47,0.47hrs
17/07/2026 12:46:41,buy,0.02,USDJPY,162.42400,17/07/2026 13:21:48,162.39600,-0.10,0.00,-2.80,-0.44,0.00,0.00,-0.80,-5.70,1,Dragon Wave_BZ1,0.59,0.59hrs
17/07/2026 12:56:13,buy,0.04,USDJPY,162.39200,17/07/2026 13:21:47,162.39600,-0.20,0.00,0.40,-0.10,0.00,0.40,-0.82,-2.50,1,Dragon Wave_BZ3,0.43,0.43hrs
17/07/2026 12:59:45,buy,0.07,USDJPY,162.35800,17/07/2026 13:21:46,162.39600,-0.35,0.00,3.80,1.29,1.29,3.80,0.00,0.00,1,Dragon Wave_BZ4,0.37,0.37hrs
17/07/2026 13:17:20,buy,0.01,AUDJPY,113.20800,17/07/2026 13:20:44,113.21500,-0.05,0.00,0.00,0.00,0.00,0.00,0.00,0.00,1,Dragon Wave_AZ0,0.06,0.06hrs
17/07/2026 13:17:41,buy,0.01,XAUUSD,3995.29000,17/07/2026 13:20:20,3997.28000,-0.14,0.00,19.90,1.85,1.85,19.90,0.00,0.00,1,Dragon Wave_CZ0,0.04,0.04hrs
17/07/2026 13:10:17,buy,0.01,CADCHF,0.57569,17/07/2026 13:20:08,0.57571,-0.05,0.00,0.20,-0.03,0.00,0.20,-0.11,-0.50,1,Dragon Wave_AZ0,0.16,0.16hrs
17/07/2026 13:11:11,buy,0.02,CADCHF,0.57567,17/07/2026 13:20:07,0.57572,-0.10,0.00,0.50,0.02,0.02,0.50,-0.17,-0.30,1,Dragon Wave_AZ1,0.15,0.15hrs
17/07/2026 13:14:04,buy,0.01,USDCHF,0.80744,17/07/2026 13:20:06,0.80755,-0.05,0.00,1.10,0.09,0.09,1.10,-0.09,-0.30,1,Dragon Wave_CZ0,0.10,0.10hrs
17/07/2026 13:14:02,buy,0.01,GBPCHF,1.08520,17/07/2026 13:19:36,1.08528,-0.05,0.00,0.80,0.05,0.05,0.80,-0.04,0.00,1,Dragon Wave_CZ0,0.09,0.09hrs
17/07/2026 13:17:37,buy,0.01,GBPUSD,1.34389,17/07/2026 13:18:58,1.34406,-0.05,0.00,1.70,0.12,0.12,1.70,0.00,0.00,1,Dragon Wave_AZ0,0.02,0.02hrs
17/07/2026 13:14:45,buy,0.01,USDJPY,162.36800,17/07/2026 13:18:54,162.37800,-0.05,0.00,1.00,0.01,0.01,1.00,0.00,0.00,1,Dragon Wave_AZ0,0.07,0.07hrs
17/07/2026 13:16:06,buy,0.01,CADCHF,0.57558,17/07/2026 13:17:29,0.57563,-0.05,0.00,0.50,0.02,0.02,0.50,0.00,0.00,1,Dragon Wave_CZ0,0.02,0.02hrs
17/07/2026 13:16:30,buy,0.01,GBPAUD,1.92747,17/07/2026 13:17:19,1.92763,-0.05,0.00,1.60,0.06,0.06,1.60,0.00,0.00,1,Dragon Wave_CZ0,0.01,0.01hrs
17/07/2026 13:15:46,buy,0.01,CADCHF,0.57558,17/07/2026 13:17:02,0.57561,-0.05,0.00,0.30,-0.02,0.00,0.30,-0.02,0.00,1,Dragon Wave_BZ0,0.02,0.02hrs
17/07/2026 12:38:59,buy,0.02,NZDJPY,94.70500,17/07/2026 13:16:12,94.72700,-0.10,0.00,2.20,0.17,0.17,2.20,-0.64,-4.40,1,Dragon Wave_BZ1,0.62,0.62hrs
17/07/2026 12:34:33,buy,0.01,NZDJPY,94.74100,17/07/2026 13:16:12,94.72600,-0.05,0.00,-1.50,-0.14,0.00,0.00,-0.54,-8.00,1,Dragon Wave_BZ0,0.69,0.69hrs
17/07/2026 12:39:17,buy,0.01,NZDCAD,0.81820,17/07/2026 13:16:11,0.81826,-0.05,0.00,0.00,0.00,0.00,0.00,-0.21,-2.30,1,Dragon Wave_CZ0,0.61,0.61hrs
17/07/2026 12:34:25,buy,0.01,AUDUSD,0.69717,17/07/2026 13:15:58,0.69727,-0.05,0.00,1.00,0.05,0.05,1.00,-0.22,-1.70,1,Dragon Wave_BZ0,0.69,0.69hrs
17/07/2026 12:38:50,buy,0.01,NZDCAD,0.81818,17/07/2026 13:14:56,0.81823,-0.05,0.00,0.50,-0.02,0.00,0.50,-0.20,-2.10,1,Dragon Wave_BZ0,0.60,0.60hrs
17/07/2026 12:40:36,buy,0.02,NZDJPY,94.68000,17/07/2026 13:13:51,94.70600,-0.10,0.00,2.60,0.22,0.22,2.60,-0.33,-1.90,1,Dragon Wave_CZ1,0.55,0.55hrs
17/07/2026 12:37:11,buy,0.01,NZDJPY,94.71900,17/07/2026 13:13:51,94.70600,-0.05,0.00,-1.30,-0.13,0.00,0.00,-0.41,-5.80,1,Dragon Wave_CZ0,0.61,0.61hrs
17/07/2026 13:01:31,buy,0.02,EURUSD,1.14380,17/07/2026 13:11:06,1.14388,-0.10,0.00,0.80,0.06,0.06,0.80,-0.42,-1.60,1,Dragon Wave_AZ1,0.16,0.16hrs
17/07/2026 13:00:17,buy,0.01,EURUSD,1.14393,17/07/2026 13:11:06,1.14388,-0.05,0.00,-0.50,-0.10,0.00,0.00,-0.34,-2.90,1,Dragon Wave_AZ0,0.18,0.18hrs
17/07/2026 13:07:36,buy,0.02,EURJPY,185.71400,17/07/2026 13:10:04,185.74000,-0.10,0.00,2.60,0.22,0.22,2.60,0.00,0.00,1,Dragon Wave_CZ1,0.04,0.04hrs
17/07/2026 12:59:36,buy,0.01,EURJPY,185.75000,17/07/2026 13:10:04,185.74000,-0.05,0.00,-1.00,-0.12,0.00,0.00,-0.39,-5.50,1,Dragon Wave_CZ0,0.17,0.17hrs
17/07/2026 13:02:00,buy,0.01,XAGUSD,55.50200,17/07/2026 13:08:43,55.53900,-0.10,0.00,370.00,1.75,1.75,370.00,-2.10,-400.00,1,Dragon Wave_CZ0,0.11,0.11hrs
17/07/2026 13:06:19,buy,0.01,XAUUSD,3995.33000,17/07/2026 13:07:51,3995.98000,-0.14,0.00,6.50,0.51,0.51,6.50,0.00,0.00,1,Dragon Wave_AZ0,0.03,0.03hrs
17/07/2026 13:01:57,buy,0.01,EURUSD,1.14363,17/07/2026 13:06:41,1.14378,-0.05,0.00,1.50,0.10,0.10,1.50,0.00,0.00,1,Dragon Wave_CZ0,0.08,0.08hrs
17/07/2026 13:03:26,buy,0.02,XAGUSD,55.45900,17/07/2026 13:05:58,55.48500,-0.20,0.00,260.00,2.40,2.40,260.00,0.00,0.00,1,Dragon Wave_BZ1,0.04,0.04hrs
17/07/2026 13:01:34,buy,0.01,XAGUSD,55.51200,17/07/2026 13:05:58,55.48500,-0.10,0.00,-270.00,-1.45,0.00,0.00,-2.60,-500.00,1,Dragon Wave_BZ0,0.07,0.07hrs
17/07/2026 13:01:53,buy,0.03,GBPJPY,218.18800,17/07/2026 13:05:57,218.25800,-0.15,0.00,7.00,1.14,1.14,7.00,0.00,0.00,1,Dragon Wave_CZ2,0.07,0.07hrs
17/07/2026 13:00:37,buy,0.02,GBPJPY,218.24000,17/07/2026 13:05:57,218.25800,-0.10,0.00,1.80,0.12,0.12,1.80,-0.92,-6.70,1,Dragon Wave_CZ1,0.09,0.09hrs
17/07/2026 12:54:04,buy,0.01,GBPJPY,218.27800,17/07/2026 13:05:57,218.25800,-0.05,0.00,-2.00,-0.17,0.00,0.00,-0.70,-10.50,1,Dragon Wave_CZ0,0.20,0.20hrs
17/07/2026 13:01:35,buy,0.01,CHFJPY,201.05200,17/07/2026 13:05:56,201.07000,-0.05,0.00,1.80,0.06,0.06,1.80,-0.26,-3.40,1,Dragon Wave_BZ0,0.07,0.07hrs
17/07/2026 13:01:59,buy,0.01,GBPCAD,1.88575,17/07/2026 13:05:55,1.88587,-0.05,0.00,1.20,0.04,0.04,1.20,-0.19,-1.90,1,Dragon Wave_CZ0,0.07,0.07hrs
17/07/2026 13:01:37,buy,0.01,GBPNZD,2.30460,17/07/2026 13:05:55,2.30498,-0.05,0.00,3.80,0.18,0.18,3.80,0.00,0.00,1,Dragon Wave_CZ0,0.07,0.07hrs
17/07/2026 13:01:56,buy,0.01,GBPAUD,1.92755,17/07/2026 13:05:48,1.92798,-0.05,0.00,4.30,0.25,0.25,4.30,0.00,0.00,1,Dragon Wave_CZ0,0.06,0.06hrs
17/07/2026 13:00:57,buy,0.01,CADJPY,115.71700,17/07/2026 13:05:01,115.73200,-0.05,0.00,1.50,0.04,0.05,1.70,-0.17,-1.90,1,Dragon Wave_CZ0,0.07,0.07hrs
17/07/2026 13:01:43,buy,0.01,GBPJPY,218.18800,17/07/2026 13:04:28,218.21700,-0.05,0.00,2.90,0.12,0.12,2.90,-0.14,-1.50,1,Dragon Wave_BZ0,0.05,0.05hrs
17/07/2026 12:57:45,buy,0.01,CADCHF,0.57561,17/07/2026 13:04:19,0.57567,-0.05,0.00,0.60,0.02,0.02,0.60,-0.06,-0.10,1,Dragon Wave_BZ0,0.11,0.11hrs
17/07/2026 12:58:25,buy,0.02,CADCHF,0.57561,17/07/2026 13:04:10,0.57568,-0.10,0.00,0.70,0.07,0.07,0.70,-0.12,-0.10,1,Dragon Wave_AZ1,0.10,0.10hrs
17/07/2026 12:57:16,buy,0.01,CADCHF,0.57564,17/07/2026 13:04:10,0.57568,-0.05,0.00,0.00,0.00,0.00,0.00,-0.10,-0.40,1,Dragon Wave_AZ0,0.12,0.12hrs
17/07/2026 13:02:27,buy,0.03,AUDJPY,113.17200,17/07/2026 13:03:58,113.19800,-0.15,0.00,2.60,0.33,0.33,2.60,0.00,0.00,1,Dragon Wave_CZ2,0.03,0.03hrs
17/07/2026 12:59:47,buy,0.02,AUDJPY,113.19600,17/07/2026 13:03:58,113.20000,-0.10,0.00,0.40,-0.05,0.00,0.40,-0.30,-1.60,1,Dragon Wave_CZ1,0.07,0.07hrs
17/07/2026 12:35:04,buy,0.01,AUDJPY,113.23600,17/07/2026 13:03:58,113.20000,-0.05,0.00,-3.60,-0.28,0.00,0.00,-0.39,-5.60,1,Dragon Wave_CZ0,0.48,0.48hrs
17/07/2026 13:01:42,buy,0.02,EURUSD,1.14364,17/07/2026 13:03:55,1.14383,-0.10,0.00,1.90,0.28,0.28,1.90,-0.10,0.00,1,Dragon Wave_BZ1,0.04,0.04hrs
17/07/2026 13:00:43,buy,0.01,EURUSD,1.14392,17/07/2026 13:03:55,1.14377,-0.05,0.00,-1.50,-0.20,0.00,0.00,-0.33,-2.80,1,Dragon Wave_BZ0,0.05,0.05hrs
17/07/2026 13:01:19,buy,0.01,GBPCAD,1.88578,17/07/2026 13:03:42,1.88558,-0.05,0.00,-2.00,-0.19,0.00,0.00,-0.19,-2.00,1,Dragon Wave_AZ0,0.04,0.04hrs
17/07/2026 13:03:15,buy,0.02,GBPCAD,1.88530,17/07/2026 13:03:41,1.88558,-0.10,0.00,2.80,0.30,0.30,2.80,0.00,0.00,1,Dragon Wave_AZ1,0.01,0.01hrs
17/07/2026 12:58:20,buy,0.01,USDJPY,162.37900,17/07/2026 13:02:16,162.37500,-0.05,0.00,-0.40,-0.07,0.00,0.00,-0.12,-1.20,1,Dragon Wave_AZ0,0.07,0.07hrs
17/07/2026 12:59:33,buy,0.02,USDJPY,162.36200,17/07/2026 13:02:15,162.37500,-0.10,0.00,1.30,0.06,0.06,1.30,-0.04,0.00,1,Dragon Wave_AZ1,0.04,0.04hrs
17/07/2026 12:57:29,buy,0.01,USDCHF,0.80757,17/07/2026 13:01:49,0.80774,-0.05,0.00,1.70,0.16,0.16,1.70,0.00,0.00,1,Dragon Wave_BZ0,0.07,0.07hrs
17/07/2026 12:37:45,buy,0.01,NZDCAD,0.81817,17/07/2026 13:01:08,0.81819,-0.05,0.00,0.20,-0.04,0.00,0.20,-0.19,-2.00,1,Dragon Wave_AZ0,0.39,0.39hrs
17/07/2026 12:57:40,buy,0.01,USDCHF,0.80753,17/07/2026 13:00:38,0.80762,-0.05,0.00,0.90,0.06,0.06,0.90,0.00,0.00,1,Dragon Wave_CZ0,0.05,0.05hrs
17/07/2026 12:38:05,buy,0.01,NZDUSD,0.58308,17/07/2026 12:59:58,0.58314,-0.05,0.00,0.60,0.01,0.01,0.60,-0.27,-2.20,1,Dragon Wave_BZ0,0.36,0.36hrs
17/07/2026 12:57:34,buy,0.01,NZDCHF,0.47083,17/07/2026 12:59:40,0.47093,-0.05,0.00,1.00,0.07,0.07,1.00,0.00,0.00,1,Dragon Wave_BZ0,0.04,0.04hrs
17/07/2026 12:57:26,buy,0.01,NZDCHF,0.47086,17/07/2026 12:59:05,0.47091,-0.05,0.00,0.50,0.01,0.01,0.50,0.00,0.00,1,Dragon Wave_AZ0,0.03,0.03hrs
17/07/2026 12:56:18,buy,0.01,CADCHF,0.57561,17/07/2026 12:57:06,0.57568,-0.05,0.00,0.70,0.03,0.03,0.70,0.00,0.00,1,Dragon Wave_AZ0,0.01,0.01hrs
17/07/2026 12:54:55,buy,0.01,GBPAUD,1.92790,17/07/2026 12:55:44,1.92801,-0.05,0.00,1.10,0.02,0.02,1.10,0.00,0.00,1,Dragon Wave_CZ0,0.01,0.01hrs
17/07/2026 12:54:07,buy,0.01,GBPCAD,1.88574,17/07/2026 12:55:29,1.88598,-0.05,0.00,2.40,0.12,0.12,2.40,-0.06,-0.10,1,Dragon Wave_AZ0,0.02,0.02hrs
17/07/2026 12:43:27,buy,0.01,AUDJPY,113.21500,17/07/2026 12:54:35,113.21900,-0.05,0.00,0.40,-0.03,0.00,0.40,-0.10,-0.80,1,Dragon Wave_AZ0,0.19,0.19hrs
17/07/2026 12:51:12,buy,0.01,EURAUD,1.64079,17/07/2026 12:53:21,1.64092,-0.05,0.00,1.30,0.04,0.08,1.80,0.00,0.00,1,Dragon Wave_AZ0,0.04,0.04hrs
17/07/2026 12:44:26,buy,0.01,XAGUSD,55.55900,17/07/2026 12:53:20,55.58200,-0.10,0.00,230.00,1.05,1.05,230.00,-1.80,-340.00,1,Dragon Wave_AZ0,0.15,0.15hrs
17/07/2026 12:44:57,buy,0.01,XAUUSD,3996.09000,17/07/2026 12:52:55,3997.59000,-0.14,0.00,15.00,1.36,1.36,15.00,-1.11,-9.70,1,Dragon Wave_CZ0,0.13,0.13hrs
17/07/2026 12:36:41,buy,0.01,GBPJPY,218.32000,17/07/2026 12:52:27,218.31400,-0.05,0.00,-0.60,-0.09,0.00,0.00,-0.30,-4.10,1,Dragon Wave_BZ0,0.26,0.26hrs
17/07/2026 12:47:13,buy,0.02,GBPJPY,218.28500,17/07/2026 12:52:26,218.31400,-0.10,0.00,2.90,0.25,0.25,2.90,-0.08,0.00,1,Dragon Wave_BZ1,0.09,0.09hrs
17/07/2026 12:30:43,buy,0.01,EURUSD,1.14404,17/07/2026 12:49:50,1.14402,-0.05,0.00,-0.20,-0.07,0.00,0.00,-0.40,-3.50,1,Dragon Wave_AZ0,0.32,0.32hrs
17/07/2026 12:35:03,buy,0.03,EURUSD,1.14378,17/07/2026 12:49:49,1.14402,-0.15,0.00,2.40,0.57,0.57,2.40,-0.42,-0.90,1,Dragon Wave_AZ2,0.25,0.25hrs
17/07/2026 12:32:17,buy,0.02,EURUSD,1.14401,17/07/2026 12:49:49,1.14402,-0.10,0.00,0.10,-0.08,0.00,0.10,-0.74,-3.20,1,Dragon Wave_AZ1,0.29,0.29hrs
17/07/2026 12:32:47,buy,0.01,EURUSD,1.14388,17/07/2026 12:49:28,1.14402,-0.05,0.00,1.40,0.09,0.09,1.40,-0.24,-1.90,1,Dragon Wave_CZ0,0.28,0.28hrs
17/07/2026 12:44:43,buy,0.01,XAUUSD,3995.47000,17/07/2026 12:48:45,3995.78000,-0.14,0.00,3.10,0.17,0.17,3.10,0.00,0.00,1,Dragon Wave_BZ0,0.07,0.07hrs
17/07/2026 12:35:14,buy,0.02,EURUSD,1.14375,17/07/2026 12:48:28,1.14388,-0.10,0.00,1.30,0.16,0.16,1.30,-0.22,-0.60,1,Dragon Wave_BZ1,0.22,0.22hrs
17/07/2026 12:32:33,buy,0.01,EURUSD,1.14397,17/07/2026 12:48:28,1.14388,-0.05,0.00,-0.90,-0.14,0.00,0.00,-0.33,-2.80,1,Dragon Wave_BZ0,0.27,0.27hrs
17/07/2026 12:40:33,buy,0.01,NZDCHF,0.47075,17/07/2026 12:47:52,0.47081,-0.05,0.00,0.60,0.03,0.03,0.60,-0.01,0.00,1,Dragon Wave_CZ0,0.12,0.12hrs
17/07/2026 12:37:45,buy,0.01,NZDCHF,0.47078,17/07/2026 12:47:36,0.47081,-0.05,0.00,0.30,-0.01,0.04,0.70,-0.05,0.00,1,Dragon Wave_BZ0,0.16,0.16hrs
17/07/2026 12:44:26,buy,0.01,XAUUSD,3996.25000,17/07/2026 12:45:32,3996.68000,-0.14,0.00,4.30,0.29,0.29,4.30,0.00,0.00,1,Dragon Wave_AZ0,0.02,0.02hrs
17/07/2026 12:39:17,buy,0.01,GBPJPY,218.28400,17/07/2026 12:45:29,218.30600,-0.05,0.00,2.20,0.08,0.08,2.20,0.00,0.00,1,Dragon Wave_CZ0,0.10,0.10hrs
17/07/2026 12:43:33,buy,0.01,GBPUSD,1.34390,17/07/2026 12:44:50,1.34401,-0.05,0.00,1.10,0.06,0.06,1.10,0.00,0.00,1,Dragon Wave_AZ0,0.02,0.02hrs
17/07/2026 12:26:08,buy,0.03,EURAUD,1.64047,17/07/2026 12:43:51,1.64089,-0.15,0.00,4.20,0.73,0.73,4.20,-0.57,-2.00,1,Dragon Wave_AZ2,0.30,0.30hrs
17/07/2026 12:14:27,buy,0.02,EURAUD,1.64109,17/07/2026 12:43:51,1.64089,-0.10,0.00,-2.00,-0.38,0.00,0.00,-1.24,-8.20,1,Dragon Wave_AZ1,0.49,0.49hrs
17/07/2026 12:13:24,buy,0.01,EURAUD,1.64120,17/07/2026 12:43:51,1.64089,-0.05,0.00,-3.10,-0.27,0.00,0.00,-0.70,-9.30,1,Dragon Wave_AZ0,0.51,0.51hrs
17/07/2026 12:37:41,buy,0.02,AUDCAD,0.97814,17/07/2026 12:40:57,0.97821,-0.10,0.00,0.00,0.00,0.00,0.00,0.00,0.00,1,Dragon Wave_AZ1,0.05,0.05hrs
17/07/2026 12:34:16,buy,0.01,AUDCAD,0.97842,17/07/2026 12:40:57,0.97827,-0.05,0.00,-1.50,-0.16,0.00,0.00,-0.20,-2.10,1,Dragon Wave_AZ0,0.11,0.11hrs
17/07/2026 12:32:42,buy,0.01,XAGUSD,55.58000,17/07/2026 12:40:01,55.60700,-0.10,0.00,270.00,1.25,1.25,270.00,-4.35,-850.00,1,Dragon Wave_CZ0,0.12,0.12hrs
17/07/2026 12:37:49,buy,0.01,GBPCAD,1.88599,17/07/2026 12:39:59,1.88607,-0.05,0.00,0.80,0.01,0.01,0.80,-0.07,-0.30,1,Dragon Wave_AZ0,0.04,0.04hrs
17/07/2026 12:37:53,buy,0.01,GBPUSD,1.34380,17/07/2026 12:39:58,1.34394,-0.05,0.00,1.40,0.09,0.09,1.40,-0.07,-0.20,1,Dragon Wave_AZ0,0.03,0.03hrs
17/07/2026 12:28:32,buy,0.01,EURNZD,1.96155,17/07/2026 12:39:57,1.96166,-0.05,0.00,1.10,0.01,0.06,1.90,-0.52,-8.00,1,Dragon Wave_CZ0,0.19,0.19hrs
17/07/2026 12:19:22,buy,0.02,GBPNZD,2.30553,17/07/2026 12:39:48,2.30548,-0.10,0.00,-0.50,-0.15,0.00,0.00,-2.41,-19.80,1,Dragon Wave_CZ1,0.34,0.34hrs
17/07/2026 12:14:30,buy,0.01,GBPNZD,2.30610,17/07/2026 12:39:48,2.30545,-0.05,0.00,-6.50,-0.43,0.00,0.00,-1.54,-25.50,1,Dragon Wave_CZ0,0.42,0.42hrs
17/07/2026 12:25:39,buy,0.03,GBPNZD,2.30435,17/07/2026 12:39:47,2.30551,-0.15,0.00,11.60,1.88,1.88,11.60,-1.55,-8.00,1,Dragon Wave_CZ2,0.24,0.24hrs
17/07/2026 12:36:43,buy,0.02,XAGUSD,55.51200,17/07/2026 12:38:51,55.56100,-0.20,0.00,490.00,4.70,4.70,490.00,0.00,0.00,1,Dragon Wave_BZ1,0.04,0.04hrs
17/07/2026 12:31:04,buy,0.01,XAGUSD,55.61300,17/07/2026 12:38:51,55.56100,-0.10,0.00,-520.00,-2.70,0.00,0.00,-6.00,-1180.00,1,Dragon Wave_BZ0,0.13,0.13hrs
17/07/2026 12:34:56,buy,0.01,XAUUSD,3995.91000,17/07/2026 12:38:46,3997.79000,-0.14,0.00,18.80,1.74,1.74,18.80,0.00,0.00,1,Dragon Wave_CZ0,0.06,0.06hrs
17/07/2026 12:25:30,buy,0.01,EURAUD,1.64077,17/07/2026 12:38:09,1.64090,-0.05,0.00,1.30,0.04,0.04,1.30,-0.40,-5.00,1,Dragon Wave_CZ0,0.21,0.21hrs
17/07/2026 09:20:12,buy,0.03,CADCHF,0.57574,17/07/2026 12:36:58,0.57531,-0.15,0.00,-4.30,-1.75,0.15,0.80,-3.76,-9.70,1,Dragon Wave_CZ2,3.28,3.28hrs
17/07/2026 09:03:29,buy,0.02,CADCHF,0.57599,17/07/2026 12:36:58,0.57531,-0.10,0.00,-6.80,-1.78,0.00,0.00,-3.13,-12.20,1,Dragon Wave_CZ1,3.56,3.56hrs
17/07/2026 09:01:31,buy,0.01,CADCHF,0.57606,17/07/2026 12:36:58,0.57531,-0.05,0.00,-7.50,-0.98,0.00,0.00,-1.65,-12.90,1,Dragon Wave_CZ0,3.59,3.59hrs
17/07/2026 10:47:44,buy,0.07,CADCHF,0.57541,17/07/2026 12:36:57,0.57531,-0.35,0.00,-1.00,-1.21,0.00,0.00,-5.91,-6.40,1,Dragon Wave_CZ4,1.82,1.82hrs
17/07/2026 10:32:58,buy,0.04,CADCHF,0.57554,17/07/2026 12:36:57,0.57531,-0.20,0.00,-2.30,-1.34,0.00,0.00,-4.02,-7.70,1,Dragon Wave_CZ3,2.07,2.07hrs
17/07/2026 11:45:17,buy,0.18,CADCHF,0.57495,17/07/2026 12:36:56,0.57531,-0.90,0.00,3.60,7.13,7.13,3.60,-4.92,-1.80,1,Dragon Wave_CZ6,0.86,0.86hrs
17/07/2026 11:06:38,buy,0.11,CADCHF,0.57517,17/07/2026 12:36:56,0.57531,-0.55,0.00,1.40,1.36,1.36,1.40,-6.01,-4.00,1,Dragon Wave_CZ5,1.50,1.50hrs
17/07/2026 12:32:29,buy,0.01,XAUUSD,3997.76000,17/07/2026 12:35:47,3996.92000,-0.14,0.00,-8.40,-0.98,0.00,0.00,-0.98,-8.40,1,Dragon Wave_AZ0,0.06,0.06hrs
17/07/2026 12:35:10,buy,0.02,XAUUSD,3995.80000,17/07/2026 12:35:46,3996.92000,-0.29,0.00,11.20,1.95,1.95,11.20,0.00,0.00,1,Dragon Wave_AZ1,0.01,0.01hrs
17/07/2026 12:27:23,buy,0.02,EURAUD,1.64046,17/07/2026 12:34:23,1.64078,-0.10,0.00,3.20,0.35,0.35,3.20,-0.37,-1.90,1,Dragon Wave_BZ1,0.12,0.12hrs
17/07/2026 12:25:17,buy,0.01,EURAUD,1.64080,17/07/2026 12:34:23,1.64075,-0.05,0.00,-0.50,-0.08,0.00,0.00,-0.42,-5.30,1,Dragon Wave_BZ0,0.15,0.15hrs
17/07/2026 12:25:06,buy,0.02,GBPNZD,2.30439,17/07/2026 12:34:10,2.30483,-0.10,0.00,4.40,0.42,0.42,4.40,-1.08,-8.40,1,Dragon Wave_AZ1,0.15,0.15hrs
17/07/2026 12:21:15,buy,0.01,GBPNZD,2.30540,17/07/2026 12:34:10,2.30484,-0.05,0.00,-5.60,-0.38,0.00,0.00,-1.13,-18.50,1,Dragon Wave_AZ0,0.22,0.22hrs
17/07/2026 12:24:33,buy,0.01,USDJPY,162.43500,17/07/2026 12:33:15,162.44400,-0.05,0.00,0.90,0.01,0.01,0.90,-0.10,-0.80,1,Dragon Wave_BZ0,0.14,0.14hrs
17/07/2026 12:22:33,buy,0.02,GBPAUD,1.92738,17/07/2026 12:32:49,1.92774,-0.10,0.00,3.60,0.40,0.40,3.60,-0.67,-4.10,1,Dragon Wave_CZ1,0.17,0.17hrs
17/07/2026 12:19:27,buy,0.01,GBPAUD,1.92801,17/07/2026 12:32:49,1.92774,-0.05,0.00,-2.70,-0.24,0.00,0.00,-0.78,-10.40,1,Dragon Wave_CZ0,0.22,0.22hrs
17/07/2026 12:22:18,buy,0.02,GBPAUD,1.92736,17/07/2026 12:32:35,1.92783,-0.10,0.00,4.70,0.56,0.56,4.70,-0.64,-3.90,1,Dragon Wave_AZ1,0.17,0.17hrs
17/07/2026 12:14:58,buy,0.01,GBPAUD,1.92839,17/07/2026 12:32:35,1.92783,-0.05,0.00,-5.60,-0.44,0.00,0.00,-1.04,-14.20,1,Dragon Wave_AZ0,0.29,0.29hrs
17/07/2026 12:25:21,buy,0.02,USDCAD,1.40303,17/07/2026 12:32:18,1.40319,-0.10,0.00,1.60,0.13,0.13,1.60,-0.29,-1.30,1,Dragon Wave_BZ1,0.12,0.12hrs
17/07/2026 12:22:19,buy,0.01,USDCAD,1.40321,17/07/2026 12:32:18,1.40319,-0.05,0.00,-0.20,-0.06,0.00,0.00,-0.27,-3.10,1,Dragon Wave_BZ0,0.17,0.17hrs
17/07/2026 12:28:17,buy,0.01,USDCAD,1.40297,17/07/2026 12:32:10,1.40315,-0.05,0.00,1.80,0.08,0.08,1.80,-0.10,-0.70,1,Dragon Wave_AZ0,0.06,0.06hrs
17/07/2026 12:25:33,buy,0.01,USDJPY,162.42500,17/07/2026 12:31:56,162.43900,-0.05,0.00,1.40,0.04,0.04,1.40,-0.04,0.00,1,Dragon Wave_CZ0,0.11,0.11hrs
17/07/2026 11:22:56,buy,0.01,GBPCHF,1.08581,17/07/2026 12:31:36,1.08493,-0.05,0.00,-8.80,-1.14,0.00,0.00,-2.15,-16.90,1,Dragon Wave_CZ0,1.14,1.14hrs
17/07/2026 11:55:26,buy,0.04,GBPCHF,1.08433,17/07/2026 12:31:35,1.08494,-0.20,0.00,6.10,2.83,2.83,6.10,-1.24,-2.10,1,Dragon Wave_CZ3,0.60,0.60hrs
17/07/2026 11:42:41,buy,0.03,GBPCHF,1.08487,17/07/2026 12:31:35,1.08490,-0.15,0.00,0.30,-0.03,0.00,0.30,-2.94,-7.50,1,Dragon Wave_CZ2,0.81,0.81hrs
17/07/2026 11:29:18,buy,0.02,GBPCHF,1.08548,17/07/2026 12:31:35,1.08493,-0.10,0.00,-5.50,-1.46,0.00,0.00,-3.47,-13.60,1,Dragon Wave_CZ1,1.04,1.04hrs
17/07/2026 10:43:21,buy,0.01,CADCHF,0.57561,17/07/2026 12:31:28,0.57525,-0.05,0.00,-3.60,-0.49,0.00,0.00,-1.09,-8.40,1,Dragon Wave_AZ0,1.80,1.80hrs
17/07/2026 11:43:19,buy,0.07,CADCHF,0.57495,17/07/2026 12:31:27,0.57523,-0.35,0.00,2.80,2.08,2.08,2.80,-1.91,-1.80,1,Dragon Wave_AZ4,0.80,0.80hrs
17/07/2026 11:06:11,buy,0.04,CADCHF,0.57521,17/07/2026 12:31:27,0.57525,-0.20,0.00,0.00,0.00,0.00,0.00,-2.38,-4.40,1,Dragon Wave_AZ3,1.42,1.42hrs
17/07/2026 10:48:27,buy,0.03,CADCHF,0.57539,17/07/2026 12:31:27,0.57525,-0.15,0.00,-1.40,-0.67,0.00,0.00,-2.46,-6.20,1,Dragon Wave_AZ2,1.72,1.72hrs
17/07/2026 10:44:19,buy,0.02,CADCHF,0.57550,17/07/2026 12:31:27,0.57525,-0.10,0.00,-2.50,-0.72,0.00,0.00,-1.91,-7.30,1,Dragon Wave_AZ1,1.79,1.79hrs
17/07/2026 10:21:10,buy,0.03,GBPCHF,1.08752,17/07/2026 12:31:24,1.08493,-0.15,0.00,-25.90,-9.78,0.33,1.30,-12.80,-34.00,1,Dragon Wave_AZ2,2.17,2.17hrs
17/07/2026 10:17:18,buy,0.02,GBPCHF,1.08791,17/07/2026 12:31:24,1.08493,-0.10,0.00,-29.80,-7.49,0.00,0.00,-9.50,-37.90,1,Dragon Wave_AZ1,2.23,2.23hrs
17/07/2026 10:14:32,buy,0.01,GBPCHF,1.08818,17/07/2026 12:31:24,1.08493,-0.05,0.00,-32.50,-4.08,0.00,0.00,-5.08,-40.60,1,Dragon Wave_AZ0,2.28,2.28hrs
17/07/2026 10:56:13,buy,0.11,GBPCHF,1.08651,17/07/2026 12:31:23,1.08493,-0.55,0.00,-15.80,-22.08,0.00,0.00,-33.15,-23.90,1,Dragon Wave_AZ5,1.59,1.59hrs
17/07/2026 10:50:03,buy,0.07,GBPCHF,1.08686,17/07/2026 12:31:23,1.08493,-0.35,0.00,-19.30,-17.09,0.00,0.00,-24.13,-27.40,1,Dragon Wave_AZ4,1.69,1.69hrs
17/07/2026 10:47:06,buy,0.04,GBPCHF,1.08713,17/07/2026 12:31:23,1.08493,-0.20,0.00,-22.00,-11.10,0.00,0.00,-15.13,-30.10,1,Dragon Wave_AZ3,1.74,1.74hrs
17/07/2026 11:45:09,buy,0.02,GBPCAD,1.88676,17/07/2026 12:31:22,1.88613,-0.10,0.00,-6.30,-1.00,0.00,0.00,-2.00,-13.30,1,Dragon Wave_BZ1,0.77,0.77hrs
17/07/2026 11:28:31,buy,0.47,GBPCHF,1.08546,17/07/2026 12:31:22,1.08493,-2.35,0.00,-5.30,-33.21,0.00,0.00,-80.45,-13.40,1,Dragon Wave_AZ8,1.05,1.05hrs
17/07/2026 11:26:49,buy,0.01,GBPCAD,1.88726,17/07/2026 12:31:22,1.88613,-0.05,0.00,-11.30,-0.85,0.00,0.00,-1.35,-18.30,1,Dragon Wave_BZ0,1.08,1.08hrs
17/07/2026 11:23:28,buy,0.29,GBPCHF,1.08576,17/07/2026 12:31:22,1.08493,-1.45,0.00,-8.30,-31.27,0.00,0.00,-60.43,-16.40,1,Dragon Wave_AZ7,1.13,1.13hrs
17/07/2026 10:58:09,buy,0.18,GBPCHF,1.08627,17/07/2026 12:31:22,1.08493,-0.90,0.00,-13.40,-30.79,0.00,0.00,-48.89,-21.50,1,Dragon Wave_AZ6,1.55,1.55hrs
17/07/2026 12:22:28,buy,0.04,GBPCAD,1.88543,17/07/2026 12:31:21,1.88613,-0.20,0.00,7.00,1.79,1.79,7.00,-0.20,0.00,1,Dragon Wave_BZ3,0.15,0.15hrs
17/07/2026 11:56:37,buy,0.03,GBPCAD,1.88593,17/07/2026 12:31:21,1.88613,-0.15,0.00,2.00,0.28,0.56,3.30,-1.22,-5.00,1,Dragon Wave_BZ2,0.58,0.58hrs
17/07/2026 11:33:12,buy,0.76,GBPCHF,1.08533,17/07/2026 12:31:21,1.08493,-3.80,0.00,-4.00,-41.47,2.79,0.70,-117.83,-12.10,1,Dragon Wave_AZ9,0.97,0.97hrs
17/07/2026 11:57:26,buy,3.22,GBPCHF,1.08424,17/07/2026 12:31:20,1.08493,-16.10,0.00,6.90,259.21,259.21,6.90,-64.01,-1.20,1,Dragon Wave_AZ12,0.56,0.56hrs
17/07/2026 11:45:11,buy,1.99,GBPCHF,1.08475,17/07/2026 12:31:20,1.08493,-9.95,0.00,1.80,34.43,34.43,1.80,-165.41,-6.30,1,Dragon Wave_AZ11,0.77,0.77hrs
17/07/2026 11:42:19,buy,1.23,GBPCHF,1.08506,17/07/2026 12:31:20,1.08493,-6.15,0.00,-1.30,-25.96,0.00,0.00,-149.52,-9.40,1,Dragon Wave_AZ10,0.82,0.82hrs
17/07/2026 12:24:57,buy,0.01,USDCHF,0.80688,17/07/2026 12:29:58,0.80690,-0.05,0.00,0.20,-0.03,0.00,0.20,-0.05,0.00,1,Dragon Wave_BZ0,0.08,0.08hrs
17/07/2026 12:25:40,buy,0.02,USDCHF,0.80678,17/07/2026 12:29:57,0.80690,-0.10,0.00,1.20,0.20,0.20,1.20,0.00,0.00,1,Dragon Wave_BZ1,0.07,0.07hrs
17/07/2026 10:47:38,buy,0.01,EURCHF,0.92414,17/07/2026 12:29:45,0.92325,-0.05,0.00,-8.90,-1.15,0.00,0.00,-1.82,-14.30,1,Dragon Wave_BZ0,1.70,1.70hrs
17/07/2026 11:42:47,buy,0.04,EURCHF,0.92310,17/07/2026 12:29:44,0.92325,-0.20,0.00,1.50,0.55,0.55,1.50,-2.13,-3.90,1,Dragon Wave_BZ3,0.78,0.78hrs
17/07/2026 11:18:21,buy,0.03,EURCHF,0.92343,17/07/2026 12:29:44,0.92325,-0.15,0.00,-1.80,-0.82,0.00,0.00,-2.83,-7.20,1,Dragon Wave_BZ2,1.19,1.19hrs
17/07/2026 10:52:40,buy,0.02,EURCHF,0.92388,17/07/2026 12:29:44,0.92325,-0.10,0.00,-6.30,-1.67,0.00,0.00,-3.00,-11.70,1,Dragon Wave_BZ1,1.62,1.62hrs
17/07/2026 11:55:22,buy,0.07,EURCHF,0.92281,17/07/2026 12:29:43,0.92325,-0.35,0.00,4.40,3.47,3.47,4.40,-1.22,-1.00,1,Dragon Wave_BZ4,0.57,0.57hrs
17/07/2026 12:25:17,buy,0.02,GBPAUD,1.92708,17/07/2026 12:27:47,1.92704,-0.10,0.00,-0.40,-0.15,0.00,0.00,-0.15,-0.40,1,Dragon Wave_BZ1,0.04,0.04hrs
17/07/2026 12:21:18,buy,0.01,GBPAUD,1.92760,17/07/2026 12:27:47,1.92703,-0.05,0.00,-5.70,-0.45,0.00,0.30,-0.45,-5.70,1,Dragon Wave_BZ0,0.11,0.11hrs
17/07/2026 12:21:15,buy,0.01,GBPCAD,1.88573,17/07/2026 12:27:14,1.88558,-0.05,0.00,-1.50,-0.16,0.00,0.00,-0.26,-3.00,1,Dragon Wave_CZ0,0.10,0.10hrs
17/07/2026 12:22:37,buy,0.02,GBPCAD,1.88527,17/07/2026 12:27:13,1.88558,-0.10,0.00,3.10,0.34,0.34,3.10,0.00,0.00,1,Dragon Wave_CZ1,0.08,0.08hrs
17/07/2026 10:16:52,buy,0.01,NZDCHF,0.47187,17/07/2026 12:26:56,0.47065,-0.05,0.00,-12.20,-1.56,0.00,0.00,-2.28,-18.00,1,Dragon Wave_CZ0,2.17,2.17hrs
17/07/2026 12:22:21,buy,0.02,GBPCAD,1.88533,17/07/2026 12:26:55,1.88578,-0.10,0.00,4.50,0.54,0.54,4.50,0.00,0.00,1,Dragon Wave_AZ1,0.08,0.08hrs
17/07/2026 12:19:19,buy,0.01,GBPCAD,1.88599,17/07/2026 12:26:55,1.88577,-0.05,0.00,-2.20,-0.21,0.00,0.00,-0.45,-5.60,1,Dragon Wave_AZ0,0.13,0.13hrs
17/07/2026 10:48:24,buy,0.03,NZDCHF,0.47161,17/07/2026 12:26:55,0.47064,-0.15,0.00,-9.70,-3.76,0.00,0.00,-5.88,-15.40,1,Dragon Wave_CZ2,1.64,1.64hrs
17/07/2026 10:45:32,buy,0.02,NZDCHF,0.47173,17/07/2026 12:26:55,0.47064,-0.10,0.00,-10.90,-2.80,0.00,0.00,-4.21,-16.60,1,Dragon Wave_CZ1,1.69,1.69hrs
17/07/2026 11:38:48,buy,0.11,NZDCHF,0.47070,17/07/2026 12:26:54,0.47065,-0.55,0.00,-0.50,-1.23,0.00,0.00,-9.14,-6.30,1,Dragon Wave_CZ5,0.80,0.80hrs
17/07/2026 11:19:23,buy,0.07,NZDCHF,0.47108,17/07/2026 12:26:54,0.47065,-0.35,0.00,-4.30,-4.08,0.00,0.00,-9.11,-10.10,1,Dragon Wave_CZ4,1.13,1.13hrs
17/07/2026 11:11:51,buy,0.04,NZDCHF,0.47134,17/07/2026 12:26:54,0.47064,-0.20,0.00,-7.00,-3.67,0.00,0.00,-6.50,-12.70,1,Dragon Wave_CZ3,1.25,1.25hrs
17/07/2026 11:59:49,buy,0.29,NZDCHF,0.47015,17/07/2026 12:26:53,0.47065,-1.45,0.00,5.00,16.53,16.53,5.00,-4.33,-0.80,1,Dragon Wave_CZ7,0.45,0.45hrs
17/07/2026 11:52:43,buy,0.18,NZDCHF,0.47040,17/07/2026 12:26:53,0.47065,-0.90,0.00,2.50,4.68,4.68,2.50,-8.26,-3.30,1,Dragon Wave_CZ6,0.57,0.57hrs
17/07/2026 10:50:16,buy,0.03,NZDCHF,0.47158,17/07/2026 12:25:58,0.47058,-0.15,0.00,-10.00,-3.87,0.00,0.00,-5.76,-15.10,1,Dragon Wave_BZ2,1.59,1.59hrs
17/07/2026 10:43:25,buy,0.02,NZDCHF,0.47174,17/07/2026 12:25:58,0.47058,-0.10,0.00,-11.60,-2.97,0.00,0.00,-4.24,-16.70,1,Dragon Wave_BZ1,1.71,1.71hrs
17/07/2026 10:41:44,buy,0.01,NZDCHF,0.47179,17/07/2026 12:25:58,0.47058,-0.05,0.00,-12.10,-1.55,0.00,0.00,-2.18,-17.20,1,Dragon Wave_BZ0,1.74,1.74hrs
17/07/2026 11:38:36,buy,0.11,NZDCHF,0.47073,17/07/2026 12:25:57,0.47058,-0.55,0.00,-1.50,-2.59,0.00,0.00,-9.55,-6.60,1,Dragon Wave_BZ5,0.79,0.79hrs
17/07/2026 11:18:48,buy,0.07,NZDCHF,0.47104,17/07/2026 12:25:57,0.47058,-0.35,0.00,-4.60,-4.34,0.00,0.00,-8.77,-9.70,1,Dragon Wave_BZ4,1.12,1.12hrs
17/07/2026 11:09:24,buy,0.04,NZDCHF,0.47142,17/07/2026 12:25:57,0.47058,-0.20,0.00,-8.40,-4.37,0.00,0.00,-6.89,-13.50,1,Dragon Wave_BZ3,1.28,1.28hrs
17/07/2026 11:44:11,buy,0.29,NZDCHF,0.47049,17/07/2026 12:25:56,0.47058,-1.45,0.00,0.90,1.79,1.79,0.90,-16.55,-4.20,1,Dragon Wave_BZ7,0.70,0.70hrs
17/07/2026 11:39:46,buy,0.18,NZDCHF,0.47067,17/07/2026 12:25:56,0.47058,-0.90,0.00,-0.90,-2.91,0.00,0.00,-14.29,-6.00,1,Dragon Wave_BZ6,0.77,0.77hrs
17/07/2026 11:59:33,buy,0.47,NZDCHF,0.47019,17/07/2026 12:25:55,0.47059,-2.35,0.00,4.00,20.95,20.95,4.00,-9.34,-1.20,1,Dragon Wave_BZ8,0.44,0.44hrs
17/07/2026 11:18:28,buy,0.03,AUDUSD,0.69752,17/07/2026 12:25:54,0.69741,-0.15,0.00,-1.10,-0.48,0.30,1.50,-2.43,-7.60,1,Dragon Wave_CZ2,1.12,1.12hrs
17/07/2026 11:15:08,buy,0.02,AUDUSD,0.69806,17/07/2026 12:25:54,0.69741,-0.10,0.00,-6.50,-1.40,0.00,0.00,-2.70,-13.00,1,Dragon Wave_CZ1,1.18,1.18hrs
17/07/2026 11:12:02,buy,0.01,AUDUSD,0.69836,17/07/2026 12:25:54,0.69742,-0.05,0.00,-9.40,-0.99,0.00,0.00,-1.65,-16.00,1,Dragon Wave_CZ0,1.23,1.23hrs
17/07/2026 12:04:20,buy,0.04,AUDUSD,0.69667,17/07/2026 12:25:53,0.69742,-0.20,0.00,7.50,2.80,2.80,7.50,0.00,0.00,1,Dragon Wave_CZ3,0.36,0.36hrs
17/07/2026 09:56:55,buy,0.03,AUDJPY,113.35800,17/07/2026 12:25:52,113.28400,-0.15,0.00,-7.40,-1.51,0.00,0.00,-3.75,-19.50,1,Dragon Wave_CZ2,2.48,2.48hrs
17/07/2026 09:51:02,buy,0.02,AUDJPY,113.42500,17/07/2026 12:25:52,113.28400,-0.10,0.00,-14.10,-1.83,0.00,0.00,-3.33,-26.20,1,Dragon Wave_CZ1,2.58,2.58hrs
17/07/2026 09:44:37,buy,0.01,AUDJPY,113.45300,17/07/2026 12:25:52,113.28400,-0.05,0.00,-16.90,-1.09,0.00,0.00,-1.84,-29.00,1,Dragon Wave_CZ0,2.69,2.69hrs
17/07/2026 12:05:37,buy,0.07,AUDJPY,113.17500,17/07/2026 12:25:51,113.28400,-0.35,0.00,10.90,4.35,4.35,10.90,0.00,0.00,1,Dragon Wave_CZ4,0.34,0.34hrs
17/07/2026 11:18:44,buy,0.04,AUDJPY,113.27400,17/07/2026 12:25:51,113.28400,-0.20,0.00,1.00,0.04,0.59,3.20,-2.93,-11.10,1,Dragon Wave_CZ3,1.12,1.12hrs
17/07/2026 11:13:42,buy,0.02,NZDUSD,0.58394,17/07/2026 12:25:47,0.58324,-0.10,0.00,-7.00,-1.50,0.00,0.00,-2.86,-13.80,1,Dragon Wave_CZ1,1.20,1.20hrs
17/07/2026 11:11:53,buy,0.01,NZDUSD,0.58415,17/07/2026 12:25:47,0.58324,-0.05,0.00,-9.10,-0.96,0.00,0.00,-1.64,-15.90,1,Dragon Wave_CZ0,1.23,1.23hrs
17/07/2026 12:04:19,buy,0.07,NZDUSD,0.58256,17/07/2026 12:25:46,0.58325,-0.35,0.00,6.90,4.48,4.48,6.90,0.00,0.00,1,Dragon Wave_CZ4,0.36,0.36hrs
17/07/2026 12:00:43,buy,0.04,NZDUSD,0.58293,17/07/2026 12:25:46,0.58325,-0.20,0.00,3.20,1.08,1.08,3.20,-1.68,-3.70,1,Dragon Wave_CZ3,0.42,0.42hrs
17/07/2026 11:17:52,buy,0.03,NZDUSD,0.58358,17/07/2026 12:25:46,0.58325,-0.15,0.00,-3.30,-1.14,0.00,0.00,-3.21,-10.20,1,Dragon Wave_CZ2,1.13,1.13hrs
17/07/2026 11:17:21,buy,0.02,NZDCAD,0.81915,17/07/2026 12:25:43,0.81826,-0.10,0.00,-8.90,-1.37,0.00,0.00,-2.27,-15.20,1,Dragon Wave_CZ1,1.14,1.14hrs
17/07/2026 11:12:15,buy,0.01,NZDCAD,0.81949,17/07/2026 12:25:43,0.81826,-0.05,0.00,-12.30,-0.93,0.00,0.00,-1.38,-18.60,1,Dragon Wave_CZ0,1.22,1.22hrs
17/07/2026 12:03:00,buy,0.07,NZDCAD,0.81763,17/07/2026 12:25:42,0.81826,-0.35,0.00,6.30,2.80,2.80,6.30,-0.35,0.00,1,Dragon Wave_CZ4,0.38,0.38hrs
17/07/2026 11:55:28,buy,0.04,NZDCAD,0.81800,17/07/2026 12:25:42,0.81826,-0.20,0.00,2.60,0.54,0.54,2.60,-1.25,-3.70,1,Dragon Wave_CZ3,0.50,0.50hrs
17/07/2026 11:38:03,buy,0.03,NZDCAD,0.81846,17/07/2026 12:25:42,0.81826,-0.15,0.00,-2.00,-0.58,0.00,0.00,-1.92,-8.30,1,Dragon Wave_CZ2,0.79,0.79hrs
17/07/2026 12:21:38,buy,0.01,GBPJPY,218.25600,17/07/2026 12:25:36,218.29100,-0.05,0.00,3.50,0.17,0.17,3.50,0.00,0.00,1,Dragon Wave_CZ0,0.07,0.07hrs
17/07/2026 11:11:53,buy,0.01,NZDCAD,0.81956,17/07/2026 12:25:27,0.81824,-0.05,0.00,-13.20,-0.99,0.00,0.00,-1.43,-19.30,1,Dragon Wave_BZ0,1.23,1.23hrs
17/07/2026 11:37:45,buy,0.04,NZDCAD,0.81843,17/07/2026 12:25:26,0.81824,-0.20,0.00,-1.90,-0.74,0.00,0.00,-2.48,-8.00,1,Dragon Wave_BZ3,0.79,0.79hrs
17/07/2026 11:29:46,buy,0.03,NZDCAD,0.81874,17/07/2026 12:25:26,0.81824,-0.15,0.00,-5.00,-1.22,0.00,0.00,-2.52,-11.10,1,Dragon Wave_BZ2,0.93,0.93hrs
17/07/2026 11:14:44,buy,0.02,NZDCAD,0.81929,17/07/2026 12:25:26,0.81824,-0.10,0.00,-10.50,-1.60,0.00,0.00,-2.47,-16.60,1,Dragon Wave_BZ1,1.18,1.18hrs
17/07/2026 11:53:44,buy,0.11,NZDCAD,0.81804,17/07/2026 12:25:25,0.81824,-0.55,0.00,2.00,1.02,1.02,2.00,-3.76,-4.10,1,Dragon Wave_BZ5,0.53,0.53hrs
17/07/2026 11:49:24,buy,0.07,NZDCAD,0.81826,17/07/2026 12:25:25,0.81824,-0.35,0.00,-0.20,-0.45,0.00,0.00,-3.49,-6.30,1,Dragon Wave_BZ4,0.60,0.60hrs
17/07/2026 12:01:38,buy,0.18,NZDCAD,0.81774,17/07/2026 12:25:24,0.81824,-0.90,0.00,5.00,5.51,5.51,5.00,-2.31,-1.10,1,Dragon Wave_BZ6,0.40,0.40hrs
17/07/2026 12:21:09,buy,0.02,GBPJPY,218.27300,17/07/2026 12:25:22,218.30700,-0.10,0.00,3.40,0.32,0.32,3.40,-0.04,0.00,1,Dragon Wave_AZ1,0.07,0.07hrs
17/07/2026 12:18:29,buy,0.01,GBPJPY,218.31200,17/07/2026 12:25:22,218.30700,-0.05,0.00,-0.50,-0.08,0.00,0.00,-0.26,-3.40,1,Dragon Wave_AZ0,0.11,0.11hrs
17/07/2026 11:45:51,buy,0.02,AUDCAD,0.97845,17/07/2026 12:25:13,0.97834,-0.10,0.00,-1.10,-0.26,0.00,0.30,-0.93,-5.80,1,Dragon Wave_CZ1,0.66,0.66hrs
17/07/2026 11:37:48,buy,0.01,AUDCAD,0.97869,17/07/2026 12:25:13,0.97834,-0.05,0.00,-3.50,-0.30,0.00,0.00,-0.63,-8.20,1,Dragon Wave_CZ0,0.79,0.79hrs
17/07/2026 12:03:41,buy,0.03,AUDCAD,0.97795,17/07/2026 12:25:12,0.97841,-0.15,0.00,4.60,0.83,0.83,4.60,-0.32,-0.80,1,Dragon Wave_CZ2,0.36,0.36hrs
17/07/2026 11:17:56,buy,0.03,AUDUSD,0.69768,17/07/2026 12:25:06,0.69730,-0.15,0.00,-3.80,-1.29,0.00,0.00,-2.91,-9.20,1,Dragon Wave_BZ2,1.12,1.12hrs
17/07/2026 11:13:32,buy,0.02,AUDUSD,0.69815,17/07/2026 12:25:06,0.69730,-0.10,0.00,-8.50,-1.80,0.00,0.00,-2.88,-13.90,1,Dragon Wave_BZ1,1.19,1.19hrs
17/07/2026 11:10:40,buy,0.01,AUDUSD,0.69843,17/07/2026 12:25:06,0.69732,-0.05,0.00,-11.10,-1.16,0.00,0.00,-1.72,-16.70,1,Dragon Wave_BZ0,1.24,1.24hrs
17/07/2026 12:04:11,buy,0.07,AUDUSD,0.69673,17/07/2026 12:25:05,0.69730,-0.35,0.00,5.70,3.64,3.64,5.70,0.00,0.00,1,Dragon Wave_BZ4,0.35,0.35hrs
17/07/2026 12:01:25,buy,0.04,AUDUSD,0.69707,17/07/2026 12:25:05,0.69730,-0.20,0.00,2.30,0.72,0.72,2.30,-1.44,-3.10,1,Dragon Wave_BZ3,0.39,0.39hrs
17/07/2026 11:52:57,buy,0.02,NZDUSD,0.58314,17/07/2026 12:24:52,0.58304,-0.10,0.00,-1.00,-0.30,0.00,0.00,-1.26,-5.80,1,Dragon Wave_BZ1,0.53,0.53hrs
17/07/2026 11:32:43,buy,0.01,NZDUSD,0.58336,17/07/2026 12:24:52,0.58304,-0.05,0.00,-3.20,-0.37,0.00,0.00,-0.85,-8.00,1,Dragon Wave_BZ0,0.87,0.87hrs
17/07/2026 12:02:37,buy,0.04,NZDUSD,0.58272,17/07/2026 12:24:51,0.58304,-0.20,0.00,3.20,1.08,1.08,3.20,-0.84,-1.60,1,Dragon Wave_BZ3,0.37,0.37hrs
17/07/2026 12:00:27,buy,0.03,NZDUSD,0.58294,17/07/2026 12:24:51,0.58304,-0.15,0.00,1.00,0.15,0.15,1.00,-1.29,-3.80,1,Dragon Wave_BZ2,0.41,0.41hrs
17/07/2026 12:13:11,buy,0.01,EURJPY,185.83100,17/07/2026 12:24:48,185.84200,-0.05,0.00,1.10,0.01,0.02,1.10,-0.22,-2.80,1,Dragon Wave_AZ0,0.19,0.19hrs
17/07/2026 12:18:43,buy,0.01,GBPUSD,1.34393,17/07/2026 12:24:24,1.34381,-0.05,0.00,-1.20,-0.17,0.00,0.00,-0.27,-2.20,1,Dragon Wave_AZ0,0.09,0.09hrs
17/07/2026 12:21:43,buy,0.02,GBPUSD,1.34365,17/07/2026 12:24:23,1.34381,-0.10,0.00,1.60,0.22,0.22,1.60,0.00,0.00,1,Dragon Wave_AZ1,0.04,0.04hrs
17/07/2026 11:43:00,buy,0.03,AUDCHF,0.56265,17/07/2026 12:24:15,0.56259,-0.15,0.00,-0.60,-0.37,0.00,0.00,-2.16,-5.40,1,Dragon Wave_CZ2,0.69,0.69hrs
17/07/2026 11:31:52,buy,0.02,AUDCHF,0.56298,17/07/2026 12:24:15,0.56263,-0.10,0.00,-3.50,-0.96,0.00,0.00,-2.26,-8.70,1,Dragon Wave_CZ1,0.87,0.87hrs
17/07/2026 11:18:01,buy,0.01,AUDCHF,0.56335,17/07/2026 12:24:15,0.56264,-0.05,0.00,-7.10,-0.93,0.00,0.00,-1.59,-12.40,1,Dragon Wave_CZ0,1.10,1.10hrs
17/07/2026 12:02:59,buy,0.07,AUDCHF,0.56225,17/07/2026 12:24:14,0.56259,-0.35,0.00,3.40,2.60,2.60,3.40,-1.56,-1.40,1,Dragon Wave_CZ4,0.35,0.35hrs
17/07/2026 11:55:26,buy,0.04,AUDCHF,0.56241,17/07/2026 12:24:14,0.56259,-0.20,0.00,1.80,0.69,0.69,1.80,-1.69,-3.00,1,Dragon Wave_CZ3,0.48,0.48hrs
17/07/2026 11:31:39,buy,0.01,NZDJPY,94.75400,17/07/2026 12:22:30,94.69500,-0.05,0.00,-5.90,-0.41,0.00,0.00,-0.84,-12.90,1,Dragon Wave_BZ0,0.85,0.85hrs
17/07/2026 12:01:33,buy,0.04,NZDJPY,94.65600,17/07/2026 12:22:29,94.70200,-0.20,0.00,4.60,0.93,0.93,4.60,-0.96,-3.10,1,Dragon Wave_BZ3,0.35,0.35hrs
17/07/2026 11:58:45,buy,0.03,NZDJPY,94.68600,17/07/2026 12:22:29,94.69600,-0.15,0.00,1.00,0.04,0.09,1.30,-1.28,-6.10,1,Dragon Wave_BZ2,0.40,0.40hrs
17/07/2026 11:32:49,buy,0.02,NZDJPY,94.73600,17/07/2026 12:22:29,94.69600,-0.10,0.00,-4.00,-0.60,0.00,0.00,-1.47,-11.10,1,Dragon Wave_BZ1,0.83,0.83hrs
17/07/2026 09:47:11,buy,0.02,AUDJPY,113.43500,17/07/2026 12:22:25,113.24600,-0.10,0.00,-18.90,-2.43,0.00,0.00,-3.45,-27.20,1,Dragon Wave_AZ1,2.59,2.59hrs
17/07/2026 09:44:16,buy,0.01,AUDJPY,113.45900,17/07/2026 12:22:25,113.24600,-0.05,0.00,-21.30,-1.36,0.00,0.00,-1.87,-29.60,1,Dragon Wave_AZ0,2.64,2.64hrs
17/07/2026 12:02:16,buy,0.07,AUDJPY,113.21300,17/07/2026 12:22:24,113.24500,-0.35,0.00,3.20,1.03,1.03,3.20,-2.50,-5.00,1,Dragon Wave_AZ4,0.34,0.34hrs
17/07/2026 11:18:08,buy,0.04,AUDJPY,113.28300,17/07/2026 12:22:24,113.24600,-0.20,0.00,-3.70,-1.11,0.37,2.30,-3.16,-12.00,1,Dragon Wave_AZ3,1.07,1.07hrs
17/07/2026 09:56:19,buy,0.03,AUDJPY,113.33000,17/07/2026 12:22:24,113.24600,-0.15,0.00,-8.40,-1.70,0.31,2.50,-3.24,-16.70,1,Dragon Wave_AZ2,2.43,2.43hrs
17/07/2026 12:04:28,buy,0.11,AUDJPY,113.15200,17/07/2026 12:22:23,113.24600,-0.55,0.00,9.40,5.82,5.82,9.40,0.00,0.00,1,Dragon Wave_AZ5,0.30,0.30hrs
17/07/2026 12:13:19,buy,0.01,EURUSD,1.14379,17/07/2026 12:21:31,1.14398,-0.05,0.00,1.90,0.14,0.14,1.90,-0.08,-0.30,1,Dragon Wave_CZ0,0.14,0.14hrs
17/07/2026 12:18:36,buy,0.01,NZDCAD,0.81796,17/07/2026 12:21:12,0.81804,-0.05,0.00,0.00,0.00,0.00,0.00,0.00,0.00,1,Dragon Wave_AZ0,0.04,0.04hrs
17/07/2026 11:16:37,buy,0.01,NZDCHF,0.47128,17/07/2026 12:20:09,0.47040,-0.05,0.00,-8.80,-1.14,0.00,0.00,-1.55,-12.10,1,Dragon Wave_AZ0,1.06,1.06hrs
17/07/2026 11:39:26,buy,0.04,NZDCHF,0.47066,17/07/2026 12:20:08,0.47041,-0.20,0.00,-2.50,-1.44,0.00,0.00,-3.13,-5.90,1,Dragon Wave_AZ3,0.68,0.68hrs
17/07/2026 11:38:22,buy,0.03,NZDCHF,0.47075,17/07/2026 12:20:08,0.47041,-0.15,0.00,-3.40,-1.42,0.00,0.00,-2.68,-6.80,1,Dragon Wave_AZ2,0.70,0.70hrs
17/07/2026 11:18:32,buy,0.02,NZDCHF,0.47109,17/07/2026 12:20:08,0.47040,-0.10,0.00,-6.90,-1.81,0.00,0.00,-2.63,-10.20,1,Dragon Wave_AZ1,1.03,1.03hrs
17/07/2026 12:00:23,buy,0.18,NZDCHF,0.47016,17/07/2026 12:20:07,0.47041,-0.90,0.00,2.50,4.68,4.68,2.50,-2.91,-0.90,1,Dragon Wave_AZ6,0.33,0.33hrs
17/07/2026 11:59:26,buy,0.11,NZDCHF,0.47024,17/07/2026 12:20:07,0.47041,-0.55,0.00,1.70,1.77,1.77,1.70,-2.87,-1.70,1,Dragon Wave_AZ5,0.34,0.34hrs
17/07/2026 11:43:19,buy,0.07,NZDCHF,0.47048,17/07/2026 12:20:07,0.47041,-0.35,0.00,-0.70,-0.95,0.00,0.00,-3.91,-4.10,1,Dragon Wave_AZ4,0.61,0.61hrs
17/07/2026 12:13:31,buy,0.01,GBPJPY,218.32700,17/07/2026 12:18:07,218.33500,-0.05,0.00,0.00,0.00,0.00,0.20,-0.04,0.00,1,Dragon Wave_AZ0,0.08,0.08hrs
17/07/2026 12:15:30,buy,0.02,EURUSD,1.14381,17/07/2026 12:16:52,1.14393,-0.10,0.00,1.20,0.14,0.14,1.20,0.00,0.00,1,Dragon Wave_BZ1,0.02,0.02hrs
17/07/2026 12:13:01,buy,0.01,EURUSD,1.14389,17/07/2026 12:16:52,1.14393,-0.05,0.00,0.40,-0.01,0.00,0.40,-0.18,-1.30,1,Dragon Wave_BZ0,0.06,0.06hrs
17/07/2026 12:15:16,buy,0.01,CADCHF,0.57492,17/07/2026 12:16:49,0.57497,-0.05,0.00,0.50,0.01,0.01,0.50,0.00,0.00,1,Dragon Wave_BZ0,0.03,0.03hrs
17/07/2026 12:02:19,buy,0.02,AUDUSD,0.69704,17/07/2026 12:16:13,0.69703,-0.10,0.00,-0.10,-0.12,0.00,0.00,-0.66,-2.80,1,Dragon Wave_AZ1,0.23,0.23hrs
17/07/2026 12:01:11,buy,0.01,AUDUSD,0.69719,17/07/2026 12:16:13,0.69703,-0.05,0.00,-1.60,-0.21,0.00,0.00,-0.48,-4.30,1,Dragon Wave_AZ0,0.25,0.25hrs
17/07/2026 12:03:50,buy,0.03,AUDUSD,0.69677,17/07/2026 12:16:12,0.69702,-0.15,0.00,2.50,0.60,0.60,2.50,0.00,0.00,1,Dragon Wave_AZ2,0.21,0.21hrs
17/07/2026 11:13:20,buy,0.02,NZDCAD,0.81943,17/07/2026 12:16:03,0.81809,-0.10,0.00,-13.40,-2.01,0.00,0.00,-2.67,-18.00,1,Dragon Wave_AZ1,1.05,1.05hrs
17/07/2026 11:11:33,buy,0.01,NZDCAD,0.81963,17/07/2026 12:16:03,0.81809,-0.05,0.00,-15.40,-1.14,0.00,0.00,-1.48,-20.00,1,Dragon Wave_AZ0,1.07,1.07hrs
17/07/2026 11:50:10,buy,0.07,NZDCAD,0.81824,17/07/2026 12:16:02,0.81808,-0.35,0.00,-1.60,-1.15,0.00,0.00,-3.39,-6.10,1,Dragon Wave_AZ4,0.43,0.43hrs
17/07/2026 11:33:14,buy,0.04,NZDCAD,0.81853,17/07/2026 12:16:02,0.81808,-0.20,0.00,-4.50,-1.48,0.00,0.00,-2.77,-9.00,1,Dragon Wave_AZ3,0.71,0.71hrs
17/07/2026 11:18:18,buy,0.03,NZDCAD,0.81906,17/07/2026 12:16:02,0.81808,-0.15,0.00,-9.80,-2.25,0.00,0.00,-3.21,-14.30,1,Dragon Wave_AZ2,0.96,0.96hrs
17/07/2026 12:04:27,buy,0.29,NZDCAD,0.81759,17/07/2026 12:16:01,0.81808,-1.45,0.00,4.90,8.68,8.68,4.90,0.00,0.00,1,Dragon Wave_AZ7,0.19,0.19hrs
17/07/2026 12:00:38,buy,0.18,NZDCAD,0.81784,17/07/2026 12:16:01,0.81808,-0.90,0.00,2.40,2.18,2.18,2.40,-3.59,-2.10,1,Dragon Wave_AZ6,0.26,0.26hrs
17/07/2026 11:53:38,buy,0.11,NZDCAD,0.81805,17/07/2026 12:16:01,0.81808,-0.55,0.00,0.30,-0.32,0.16,0.90,-3.84,-4.20,1,Dragon Wave_AZ5,0.37,0.37hrs
17/07/2026 12:03:28,buy,0.02,AUDCAD,0.97795,17/07/2026 12:16:00,0.97813,-0.10,0.00,1.80,0.15,0.15,1.80,-0.21,-0.80,1,Dragon Wave_BZ1,0.21,0.21hrs
17/07/2026 12:01:27,buy,0.01,AUDCAD,0.97813,17/07/2026 12:16:00,0.97813,-0.05,0.00,0.00,-0.05,0.00,0.00,-0.24,-2.60,1,Dragon Wave_BZ0,0.24,0.24hrs
17/07/2026 12:07:13,buy,0.01,USDCHF,0.80675,17/07/2026 12:13:10,0.80686,-0.05,0.00,1.10,0.09,0.09,1.10,-0.06,-0.10,1,Dragon Wave_AZ0,0.10,0.10hrs
17/07/2026 12:08:30,buy,0.01,USDCAD,1.40311,17/07/2026 12:11:53,1.40319,-0.05,0.00,0.80,0.01,0.01,0.80,-0.06,-0.20,1,Dragon Wave_AZ0,0.06,0.06hrs
17/07/2026 12:11:10,buy,0.01,CADCHF,0.57489,17/07/2026 12:11:41,0.57492,-0.05,0.00,0.30,-0.01,0.00,0.30,-0.01,0.00,1,Dragon Wave_BZ0,0.01,0.01hrs
17/07/2026 10:51:40,buy,0.01,GBPUSD,1.34659,17/07/2026 12:11:20,1.34438,-0.05,0.00,-22.10,-2.26,0.00,0.00,-2.84,-27.90,1,Dragon Wave_AZ0,1.33,1.33hrs
17/07/2026 10:58:22,buy,0.03,GBPUSD,1.34595,17/07/2026 12:11:19,1.34438,-0.15,0.00,-15.70,-4.86,0.00,0.00,-6.60,-21.50,1,Dragon Wave_AZ2,1.22,1.22hrs
17/07/2026 10:53:19,buy,0.02,GBPUSD,1.34644,17/07/2026 12:11:19,1.34438,-0.10,0.00,-20.60,-4.22,0.00,0.00,-5.38,-26.40,1,Dragon Wave_AZ1,1.30,1.30hrs
17/07/2026 11:53:34,buy,0.11,GBPUSD,1.34439,17/07/2026 12:11:18,1.34445,-0.55,0.00,0.60,0.11,0.11,0.60,-7.04,-5.90,1,Dragon Wave_AZ5,0.30,0.30hrs
17/07/2026 11:28:23,buy,0.07,GBPUSD,1.34492,17/07/2026 12:11:18,1.34444,-0.35,0.00,-4.80,-3.71,0.00,0.10,-8.19,-11.20,1,Dragon Wave_AZ4,0.72,0.72hrs
17/07/2026 11:13:23,buy,0.04,GBPUSD,1.34544,17/07/2026 12:11:18,1.34438,-0.20,0.00,-10.60,-4.44,0.40,1.50,-6.76,-16.40,1,Dragon Wave_AZ3,0.97,0.97hrs
17/07/2026 12:02:48,buy,0.29,GBPUSD,1.34388,17/07/2026 12:11:17,1.34445,-1.45,0.00,5.70,15.08,15.08,5.70,-3.77,-0.80,1,Dragon Wave_AZ7,0.14,0.14hrs
17/07/2026 12:01:38,buy,0.18,GBPUSD,1.34415,17/07/2026 12:11:17,1.34445,-0.90,0.00,3.00,4.50,4.50,3.00,-7.20,-3.50,1,Dragon Wave_AZ6,0.16,0.16hrs
17/07/2026 12:04:17,buy,0.02,AUDCAD,0.97772,17/07/2026 12:11:01,0.97798,-0.10,0.00,2.60,0.27,0.27,2.60,0.00,0.00,1,Dragon Wave_AZ1,0.11,0.11hrs
17/07/2026 12:02:23,buy,0.01,AUDCAD,0.97820,17/07/2026 12:11:01,0.97799,-0.05,0.00,-2.10,-0.20,0.00,0.00,-0.29,-3.30,1,Dragon Wave_AZ0,0.14,0.14hrs
17/07/2026 12:05:57,buy,0.01,EURJPY,185.80500,17/07/2026 12:08:56,185.82800,-0.05,0.00,2.30,0.10,0.10,2.30,0.00,0.00,1,Dragon Wave_AZ0,0.05,0.05hrs
17/07/2026 12:03:42,buy,0.01,CADJPY,115.74300,17/07/2026 12:08:37,115.75500,-0.05,0.00,1.20,0.03,0.03,1.20,-0.14,-1.40,1,Dragon Wave_AZ0,0.08,0.08hrs
17/07/2026 12:04:45,buy,0.01,EURUSD,1.14395,17/07/2026 12:08:22,1.14421,-0.05,0.00,2.60,0.21,0.21,2.60,0.00,0.00,1,Dragon Wave_CZ0,0.06,0.06hrs
17/07/2026 12:02:52,buy,0.01,EURUSD,1.14402,17/07/2026 12:08:00,1.14411,-0.05,0.00,0.90,0.04,0.04,0.90,-0.13,-0.80,1,Dragon Wave_BZ0,0.09,0.09hrs
17/07/2026 12:04:07,buy,0.02,EURUSD,1.14395,17/07/2026 12:07:59,1.14412,-0.10,0.00,1.70,0.24,0.24,1.70,0.00,0.00,1,Dragon Wave_BZ1,0.06,0.06hrs
17/07/2026 12:03:53,buy,0.02,EURUSD,1.14392,17/07/2026 12:07:39,1.14414,-0.10,0.00,2.20,0.34,0.34,2.20,0.00,0.00,1,Dragon Wave_AZ1,0.06,0.06hrs
17/07/2026 12:00:33,buy,0.01,EURUSD,1.14417,17/07/2026 12:07:39,1.14414,-0.05,0.00,-0.30,-0.08,0.00,0.00,-0.28,-2.30,1,Dragon Wave_AZ0,0.12,0.12hrs
17/07/2026 12:00:04,buy,0.01,XAUUSD,3994.05000,17/07/2026 12:05:35,3995.21000,-0.14,0.00,11.60,1.02,1.02,11.60,0.00,0.00,1,Dragon Wave_BZ0,0.09,0.09hrs
17/07/2026 11:54:41,buy,0.02,GBPCAD,1.88599,17/07/2026 12:05:25,1.88635,-0.10,0.00,3.60,0.42,0.42,3.60,-0.11,-0.10,1,Dragon Wave_CZ1,0.18,0.18hrs
17/07/2026 11:41:42,buy,0.01,GBPCAD,1.88665,17/07/2026 12:05:25,1.88634,-0.05,0.00,-3.10,-0.27,0.00,0.00,-0.53,-6.70,1,Dragon Wave_CZ0,0.40,0.40hrs
17/07/2026 12:03:47,buy,0.02,GBPJPY,218.26400,17/07/2026 12:05:10,218.30500,-0.10,0.00,4.10,0.40,0.40,4.10,0.00,0.00,1,Dragon Wave_CZ1,0.02,0.02hrs
17/07/2026 11:55:15,buy,0.01,GBPJPY,218.30800,17/07/2026 12:05:10,218.28700,-0.05,0.00,-2.10,-0.17,0.00,0.50,-0.35,-4.80,1,Dragon Wave_CZ0,0.17,0.17hrs
17/07/2026 12:02:26,buy,0.01,XAUUSD,3994.12000,17/07/2026 12:05:05,3994.36000,-0.14,0.00,2.40,0.10,0.10,2.40,0.00,0.00,1,Dragon Wave_AZ0,0.04,0.04hrs
17/07/2026 11:40:20,buy,0.01,GBPCAD,1.88696,17/07/2026 12:05:04,1.88635,-0.05,0.00,-6.10,-0.48,0.00,0.00,-0.75,-9.80,1,Dragon Wave_AZ0,0.41,0.41hrs
17/07/2026 11:56:29,buy,0.03,GBPCAD,1.88604,17/07/2026 12:05:03,1.88635,-0.15,0.00,3.10,0.52,0.52,3.10,-0.28,-0.60,1,Dragon Wave_AZ2,0.14,0.14hrs
17/07/2026 11:43:21,buy,0.02,GBPCAD,1.88663,17/07/2026 12:05:03,1.88635,-0.10,0.00,-2.80,-0.50,0.00,0.20,-1.03,-6.50,1,Dragon Wave_AZ1,0.36,0.36hrs
17/07/2026 12:01:23,buy,0.04,GBPCAD,1.88572,17/07/2026 12:05:02,1.88635,-0.20,0.00,6.30,1.59,1.59,6.30,0.00,0.00,1,Dragon Wave_AZ3,0.06,0.06hrs
17/07/2026 12:02:26,buy,0.01,GBPJPY,218.28800,17/07/2026 12:05:00,218.31000,-0.05,0.00,2.20,0.08,0.08,2.20,-0.22,-2.80,1,Dragon Wave_BZ0,0.04,0.04hrs
17/07/2026 11:42:57,buy,0.01,USDCHF,0.80685,17/07/2026 12:04:08,0.80684,-0.05,0.00,-0.10,-0.06,0.00,0.00,-0.57,-4.20,1,Dragon Wave_CZ0,0.35,0.35hrs
17/07/2026 11:45:31,buy,0.02,USDCHF,0.80666,17/07/2026 12:04:07,0.80684,-0.10,0.00,1.80,0.35,0.35,1.80,-0.67,-2.30,1,Dragon Wave_CZ1,0.31,0.31hrs
17/07/2026 12:01:53,buy,0.01,EURUSD,1.14405,17/07/2026 12:02:33,1.14415,-0.05,0.00,1.00,0.05,0.05,1.00,0.00,0.00,1,Dragon Wave_BZ0,0.01,0.01hrs
17/07/2026 12:00:11,buy,0.01,EURCAD,1.60516,17/07/2026 12:02:10,1.60549,-0.05,0.00,3.30,0.18,0.18,3.30,0.00,0.00,1,Dragon Wave_AZ0,0.03,0.03hrs
17/07/2026 11:55:31,buy,0.02,EURCHF,0.92282,17/07/2026 12:02:06,0.92295,-0.10,0.00,1.30,0.23,0.23,1.30,-0.37,-1.10,1,Dragon Wave_CZ1,0.11,0.11hrs
17/07/2026 11:43:08,buy,0.01,EURCHF,0.92309,17/07/2026 12:02:06,0.92295,-0.05,0.00,-1.40,-0.22,0.00,0.00,-0.52,-3.80,1,Dragon Wave_CZ0,0.32,0.32hrs
17/07/2026 11:54:49,buy,0.01,GBPJPY,218.32700,17/07/2026 12:02:02,218.30100,-0.05,0.00,-2.60,-0.21,0.00,0.00,-0.33,-4.50,1,Dragon Wave_AZ0,0.12,0.12hrs
17/07/2026 12:01:24,buy,0.02,GBPJPY,218.26400,17/07/2026 12:02:01,218.30400,-0.10,0.00,4.00,0.39,0.39,4.00,0.00,0.00,1,Dragon Wave_AZ1,0.01,0.01hrs
17/07/2026 11:55:37,buy,0.01,CADCHF,0.57492,17/07/2026 12:01:08,0.57493,-0.05,0.00,0.10,-0.03,0.00,0.10,-0.24,-1.50,1,Dragon Wave_BZ0,0.09,0.09hrs
17/07/2026 11:58:49,buy,0.02,CADCHF,0.57482,17/07/2026 12:01:07,0.57493,-0.10,0.00,1.10,0.17,0.17,1.10,0.00,0.00,1,Dragon Wave_BZ1,0.04,0.04hrs
17/07/2026 11:58:44,buy,0.01,CADJPY,115.72900,17/07/2026 12:01:04,115.75000,-0.05,0.00,2.10,0.08,0.08,2.10,0.00,0.00,1,Dragon Wave_CZ0,0.04,0.04hrs
17/07/2026 11:57:00,buy,0.01,GBPAUD,1.92758,17/07/2026 11:58:57,1.92782,-0.05,0.00,2.40,0.11,0.11,2.40,-0.04,0.00,1,Dragon Wave_CZ0,0.03,0.03hrs
17/07/2026 11:53:08,buy,0.01,EURCAD,1.60508,17/07/2026 11:58:36,1.60534,-0.05,0.00,2.60,0.13,0.13,2.60,-0.07,-0.30,1,Dragon Wave_BZ0,0.09,0.09hrs
17/07/2026 11:55:33,buy,0.02,EURJPY,185.78300,17/07/2026 11:56:17,185.79000,-0.10,0.00,0.70,-0.02,0.01,0.90,-0.02,0.00,1,Dragon Wave_AZ1,0.01,0.01hrs
17/07/2026 11:52:45,buy,0.01,EURJPY,185.80000,17/07/2026 11:56:17,185.79000,-0.05,0.00,-1.00,-0.11,0.00,0.00,-0.11,-1.00,1,Dragon Wave_AZ0,0.06,0.06hrs
17/07/2026 11:54:00,buy,0.02,EURUSD,1.14393,17/07/2026 11:56:08,1.14415,-0.10,0.00,2.20,0.34,0.34,2.20,0.00,0.00,1,Dragon Wave_BZ1,0.04,0.04hrs
17/07/2026 11:52:57,buy,0.01,EURUSD,1.14406,17/07/2026 11:56:08,1.14414,-0.05,0.00,0.80,0.03,0.03,0.80,0.00,0.00,1,Dragon Wave_BZ0,0.05,0.05hrs
17/07/2026 11:43:34,buy,0.03,CADCHF,0.57494,17/07/2026 11:53:31,0.57503,-0.15,0.00,0.90,0.19,0.19,0.90,-0.26,-0.30,1,Dragon Wave_BZ2,0.17,0.17hrs
17/07/2026 11:42:22,buy,0.02,CADCHF,0.57507,17/07/2026 11:53:31,0.57503,-0.10,0.00,-0.40,-0.20,0.00,0.00,-0.50,-1.60,1,Dragon Wave_BZ1,0.19,0.19hrs
17/07/2026 11:41:31,buy,0.01,CADCHF,0.57512,17/07/2026 11:53:31,0.57504,-0.05,0.00,-0.80,-0.15,0.00,0.00,-0.31,-2.10,1,Dragon Wave_BZ0,0.20,0.20hrs
17/07/2026 11:49:30,buy,0.01,AUDUSD,0.69731,17/07/2026 11:52:12,0.69736,-0.05,0.00,0.00,0.00,0.00,0.00,0.00,0.00,1,Dragon Wave_AZ0,0.04,0.04hrs
17/07/2026 11:35:52,buy,0.03,USDJPY,162.36300,17/07/2026 11:50:30,162.39000,-0.15,0.00,2.70,0.35,0.35,2.70,-0.11,0.00,1,Dragon Wave_AZ2,0.24,0.24hrs
17/07/2026 11:32:40,buy,0.02,USDJPY,162.39100,17/07/2026 11:50:30,162.39000,-0.10,0.00,-0.10,-0.11,0.00,0.00,-0.42,-2.60,1,Dragon Wave_AZ1,0.30,0.30hrs
17/07/2026 11:31:20,buy,0.01,USDJPY,162.40500,17/07/2026 11:50:30,162.39000,-0.05,0.00,-1.50,-0.14,0.00,0.00,-0.30,-4.00,1,Dragon Wave_AZ0,0.32,0.32hrs
17/07/2026 11:39:39,buy,0.02,GBPJPY,218.34000,17/07/2026 11:48:58,218.36700,-0.10,0.00,2.70,0.24,0.24,2.70,-0.41,-2.50,1,Dragon Wave_CZ1,0.16,0.16hrs
17/07/2026 11:35:50,buy,0.01,GBPJPY,218.38500,17/07/2026 11:48:58,218.35900,-0.05,0.00,-2.60,-0.21,0.00,0.00,-0.48,-7.00,1,Dragon Wave_CZ0,0.22,0.22hrs
17/07/2026 11:43:07,buy,0.02,NZDJPY,94.69200,17/07/2026 11:47:50,94.72300,-0.10,0.00,3.10,0.28,0.28,3.10,-0.14,-0.30,1,Dragon Wave_CZ1,0.08,0.08hrs
17/07/2026 11:33:18,buy,0.01,NZDJPY,94.74100,17/07/2026 11:47:50,94.72300,-0.05,0.00,-1.80,-0.16,0.00,0.00,-0.37,-5.20,1,Dragon Wave_CZ0,0.24,0.24hrs
17/07/2026 11:42:27,buy,0.01,EURUSD,1.14406,17/07/2026 11:45:22,1.14426,-0.05,0.00,2.00,0.15,0.15,2.00,0.00,0.00,1,Dragon Wave_CZ0,0.05,0.05hrs
17/07/2026 11:39:17,buy,0.01,XAUUSD,3988.40000,17/07/2026 11:44:22,3992.16000,-0.14,0.00,37.60,3.62,3.62,37.60,0.00,0.00,1,Dragon Wave_CZ0,0.08,0.08hrs
17/07/2026 11:40:47,buy,0.01,EURUSD,1.14411,17/07/2026 11:44:19,1.14422,-0.05,0.00,1.10,0.06,0.06,1.10,-0.05,0.00,1,Dragon Wave_BZ0,0.06,0.06hrs
17/07/2026 11:40:29,buy,0.01,EURUSD,1.14410,17/07/2026 11:43:16,1.14415,-0.05,0.00,0.00,0.00,0.00,0.00,0.00,0.00,1,Dragon Wave_AZ0,0.05,0.05hrs
17/07/2026 11:37:58,buy,0.01,XAGUSD,55.27300,17/07/2026 11:42:00,55.30200,-0.10,0.00,290.00,1.35,1.35,290.00,0.00,0.00,1,Dragon Wave_BZ0,0.07,0.07hrs
17/07/2026 11:37:52,buy,0.01,XAUUSD,3990.21000,17/07/2026 11:41:20,3990.13000,-0.14,0.00,-0.80,-0.22,0.00,0.00,-0.22,-0.80,1,Dragon Wave_AZ0,0.06,0.06hrs
17/07/2026 11:25:38,buy,0.03,EURCAD,1.60525,17/07/2026 11:36:19,1.60530,-0.15,0.00,0.50,-0.04,0.13,1.30,-0.77,-2.90,1,Dragon Wave_AZ2,0.18,0.18hrs
17/07/2026 11:23:26,buy,0.02,EURCAD,1.60530,17/07/2026 11:36:19,1.60530,-0.10,0.00,0.00,-0.10,0.01,0.80,-0.58,-3.40,1,Dragon Wave_AZ1,0.21,0.21hrs
17/07/2026 11:15:21,buy,0.01,EURCAD,1.60562,17/07/2026 11:36:19,1.60530,-0.05,0.00,-3.20,-0.28,0.00,0.00,-0.52,-6.60,1,Dragon Wave_AZ0,0.35,0.35hrs
17/07/2026 11:15:16,buy,0.03,EURUSD,1.14403,17/07/2026 11:34:17,1.14433,-0.15,0.00,3.00,0.75,0.75,3.00,-0.60,-1.50,1,Dragon Wave_BZ2,0.32,0.32hrs
17/07/2026 11:12:09,buy,0.02,EURUSD,1.14438,17/07/2026 11:34:17,1.14433,-0.10,0.00,-0.50,-0.20,0.00,0.00,-1.10,-5.00,1,Dragon Wave_BZ1,0.37,0.37hrs
17/07/2026 11:09:38,buy,0.01,EURUSD,1.14461,17/07/2026 11:34:17,1.14432,-0.05,0.00,-2.90,-0.34,0.00,0.00,-0.78,-7.30,1,Dragon Wave_BZ0,0.41,0.41hrs
17/07/2026 11:31:57,buy,0.01,GBPJPY,218.41900,17/07/2026 11:34:13,218.43000,-0.05,0.00,1.10,0.02,0.02,1.10,-0.12,-1.20,1,Dragon Wave_BZ0,0.04,0.04hrs
17/07/2026 11:18:03,buy,0.03,EURUSD,1.14385,17/07/2026 11:33:34,1.14417,-0.15,0.00,3.20,0.81,0.81,3.20,-0.06,0.00,1,Dragon Wave_CZ2,0.26,0.26hrs
17/07/2026 11:13:31,buy,0.02,EURUSD,1.14420,17/07/2026 11:33:34,1.14418,-0.10,0.00,-0.20,-0.14,0.00,0.30,-0.74,-3.20,1,Dragon Wave_CZ1,0.33,0.33hrs
17/07/2026 11:10:28,buy,0.01,EURUSD,1.14450,17/07/2026 11:33:34,1.14418,-0.05,0.00,-3.20,-0.37,0.00,0.00,-0.67,-6.20,1,Dragon Wave_CZ0,0.39,0.39hrs
17/07/2026 11:32:28,buy,0.01,XAGUSD,55.27400,17/07/2026 11:33:21,55.34100,-0.10,0.00,670.00,3.25,3.25,670.00,0.00,0.00,1,Dragon Wave_BZ0,0.01,0.01hrs
17/07/2026 11:28:28,buy,0.01,XAUUSD,3990.49000,17/07/2026 11:29:31,3992.68000,-0.14,0.00,21.90,2.05,2.05,21.90,0.00,0.00,1,Dragon Wave_BZ0,0.02,0.02hrs
17/07/2026 11:27:25,buy,0.01,GBPAUD,1.92741,17/07/2026 11:29:17,1.92779,-0.05,0.00,3.80,0.21,0.21,3.80,0.00,0.00,1,Dragon Wave_BZ0,0.03,0.03hrs
17/07/2026 11:21:37,buy,0.01,USDCHF,0.80718,17/07/2026 11:27:45,0.80721,-0.05,0.00,0.30,-0.01,0.00,0.30,-0.24,-1.50,1,Dragon Wave_BZ0,0.10,0.10hrs
17/07/2026 11:22:29,buy,0.02,USDCHF,0.80713,17/07/2026 11:27:44,0.80721,-0.10,0.00,0.80,0.10,0.10,0.80,-0.35,-1.00,1,Dragon Wave_BZ1,0.09,0.09hrs
17/07/2026 11:17:53,buy,0.02,NZDJPY,94.75300,17/07/2026 11:27:26,94.78800,-0.10,0.00,3.50,0.33,0.33,3.50,0.00,0.00,1,Dragon Wave_CZ1,0.16,0.16hrs
17/07/2026 11:14:08,buy,0.01,NZDJPY,94.80900,17/07/2026 11:27:26,94.78800,-0.05,0.00,-2.10,-0.18,0.00,0.00,-0.32,-4.30,1,Dragon Wave_CZ0,0.22,0.22hrs
17/07/2026 11:14:04,buy,0.01,XAGUSD,55.39000,17/07/2026 11:25:24,55.39800,-0.10,0.00,80.00,0.30,0.30,80.00,0.00,0.00,1,Dragon Wave_CZ0,0.19,0.19hrs
17/07/2026 11:19:59,buy,0.01,USDJPY,162.36300,17/07/2026 11:24:34,162.38200,-0.05,0.00,1.90,0.07,0.07,1.90,0.00,0.00,1,Dragon Wave_AZ0,0.08,0.08hrs
17/07/2026 11:22:19,buy,0.03,USDJPY,162.34200,17/07/2026 11:24:33,162.38200,-0.15,0.00,4.00,0.59,0.59,4.00,0.00,0.00,1,Dragon Wave_AZ2,0.04,0.04hrs
17/07/2026 11:20:50,buy,0.02,USDJPY,162.35400,17/07/2026 11:24:33,162.38200,-0.10,0.00,2.80,0.24,0.24,2.80,0.00,0.00,1,Dragon Wave_AZ1,0.06,0.06hrs
17/07/2026 11:18:30,buy,0.01,EURJPY,185.71400,17/07/2026 11:23:07,185.73300,-0.05,0.00,1.90,0.06,0.06,1.90,0.00,0.00,1,Dragon Wave_CZ0,0.08,0.08hrs
17/07/2026 11:19:06,buy,0.01,GBPJPY,218.41700,17/07/2026 11:21:53,218.43800,-0.05,0.00,2.10,0.08,0.08,2.10,0.00,0.00,1,Dragon Wave_AZ0,0.05,0.05hrs
17/07/2026 11:19:19,buy,0.02,EURJPY,185.70500,17/07/2026 11:21:50,185.73400,-0.10,0.00,2.90,0.26,0.26,2.90,0.00,0.00,1,Dragon Wave_AZ1,0.04,0.04hrs
17/07/2026 11:15:38,buy,0.01,EURJPY,185.74400,17/07/2026 11:21:50,185.73400,-0.05,0.00,-1.00,-0.11,0.00,0.00,-0.11,-1.00,1,Dragon Wave_AZ0,0.10,0.10hrs
17/07/2026 11:11:52,buy,0.01,XAUUSD,3993.15000,17/07/2026 11:21:48,3993.32000,-0.14,0.00,1.70,0.03,0.03,1.70,-1.10,-9.60,1,Dragon Wave_CZ0,0.17,0.17hrs
17/07/2026 11:19:33,buy,0.02,EURJPY,185.70100,17/07/2026 11:21:27,185.73000,-0.10,0.00,2.90,0.26,0.26,2.90,0.00,0.00,1,Dragon Wave_BZ1,0.03,0.03hrs
17/07/2026 11:15:57,buy,0.01,EURJPY,185.74400,17/07/2026 11:21:27,185.72400,-0.05,0.00,-2.00,-0.17,0.00,0.00,-0.17,-2.00,1,Dragon Wave_BZ0,0.09,0.09hrs
17/07/2026 11:15:44,buy,0.01,EURCAD,1.60522,17/07/2026 11:21:10,1.60532,-0.05,0.00,1.00,0.02,0.02,1.00,0.00,0.00,1,Dragon Wave_CZ0,0.09,0.09hrs
17/07/2026 11:17:56,buy,0.01,XAUUSD,3990.50000,17/07/2026 11:20:03,3992.05000,-0.14,0.00,15.50,1.41,1.41,15.50,0.00,0.00,1,Dragon Wave_BZ0,0.04,0.04hrs
17/07/2026 11:15:38,buy,0.01,EURCAD,1.60534,17/07/2026 11:16:44,1.60547,-0.05,0.00,1.30,0.04,0.04,1.30,0.00,0.00,1,Dragon Wave_BZ0,0.02,0.02hrs
17/07/2026 11:15:38,buy,0.01,EURAUD,1.63860,17/07/2026 11:16:27,1.63896,-0.05,0.00,3.60,0.20,0.20,3.60,0.00,0.00,1,Dragon Wave_AZ0,0.01,0.01hrs
17/07/2026 11:13:27,buy,0.02,XAUUSD,3992.31000,17/07/2026 11:15:46,3994.27000,-0.29,0.00,19.60,3.63,3.63,19.60,-0.53,-1.20,1,Dragon Wave_BZ1,0.04,0.04hrs
17/07/2026 11:11:29,buy,0.01,XAUUSD,3994.95000,17/07/2026 11:15:46,3994.27000,-0.14,0.00,-6.80,-0.82,0.00,0.00,-2.90,-27.60,1,Dragon Wave_BZ0,0.07,0.07hrs
17/07/2026 11:09:42,buy,0.01,EURGBP,0.85032,17/07/2026 11:14:44,0.85038,-0.05,0.00,0.60,0.03,0.03,0.60,-0.04,0.00,1,Dragon Wave_CZ0,0.08,0.08hrs
17/07/2026 11:10:20,buy,0.02,EURGBP,0.85031,17/07/2026 11:14:39,0.85037,-0.10,0.00,0.60,0.06,0.06,0.60,-0.05,0.00,1,Dragon Wave_BZ1,0.07,0.07hrs
17/07/2026 11:07:17,buy,0.01,EURGBP,0.85037,17/07/2026 11:14:39,0.85037,-0.05,0.00,0.00,-0.05,0.00,0.00,-0.10,-0.40,1,Dragon Wave_BZ0,0.12,0.12hrs
17/07/2026 11:04:20,buy,0.01,USDCHF,0.80703,17/07/2026 11:13:37,0.80717,-0.05,0.00,1.40,0.12,0.12,1.40,0.00,0.00,1,Dragon Wave_AZ0,0.15,0.15hrs
17/07/2026 11:05:12,buy,0.02,USDCHF,0.80696,17/07/2026 11:13:36,0.80717,-0.10,0.00,2.10,0.42,0.42,2.10,0.00,0.00,1,Dragon Wave_AZ1,0.14,0.14hrs
17/07/2026 11:04:41,buy,0.01,USDCHF,0.80695,17/07/2026 11:13:12,0.80707,-0.05,0.00,1.20,0.10,0.10,1.20,0.00,0.00,1,Dragon Wave_BZ0,0.14,0.14hrs
17/07/2026 09:57:05,buy,0.02,EURJPY,185.74400,17/07/2026 11:10:38,185.80700,-0.10,0.00,6.30,0.68,0.68,6.30,-1.30,-9.70,1,Dragon Wave_CZ1,1.23,1.23hrs
17/07/2026 09:55:57,buy,0.01,EURJPY,185.88200,17/07/2026 11:10:38,185.80700,-0.05,0.00,-7.50,-0.51,0.00,0.00,-1.50,-23.50,1,Dragon Wave_CZ0,1.24,1.24hrs
17/07/2026 11:04:29,buy,0.01,CADCHF,0.57525,17/07/2026 11:10:13,0.57514,-0.05,0.00,-1.10,-0.19,0.00,0.00,-0.19,-1.10,1,Dragon Wave_BZ0,0.10,0.10hrs
17/07/2026 11:07:22,buy,0.02,CADCHF,0.57502,17/07/2026 11:10:12,0.57514,-0.10,0.00,1.20,0.20,0.20,1.20,0.00,0.00,1,Dragon Wave_BZ1,0.05,0.05hrs
17/07/2026 10:56:28,buy,0.03,GBPNZD,2.30383,17/07/2026 11:10:12,2.30406,-0.15,0.00,2.30,0.25,0.25,2.30,0.00,0.00,1,Dragon Wave_BZ2,0.23,0.23hrs
17/07/2026 10:50:11,buy,0.02,GBPNZD,2.30450,17/07/2026 11:10:12,2.30406,-0.10,0.00,-4.40,-0.61,0.00,0.00,-0.61,-4.40,1,Dragon Wave_BZ1,0.33,0.33hrs
17/07/2026 10:34:59,buy,0.01,GBPNZD,2.30510,17/07/2026 11:10:12,2.30407,-0.05,0.00,-10.30,-0.65,0.00,0.00,-0.65,-10.30,1,Dragon Wave_BZ0,0.59,0.59hrs
17/07/2026 11:06:20,buy,0.04,GBPNZD,2.30310,17/07/2026 11:10:11,2.30406,-0.20,0.00,9.60,2.04,2.04,9.60,0.00,0.00,1,Dragon Wave_BZ3,0.06,0.06hrs
17/07/2026 11:05:25,buy,0.01,GBPCHF,1.08611,17/07/2026 11:10:06,1.08623,-0.05,0.00,1.20,0.10,0.10,1.20,0.00,0.00,1,Dragon Wave_CZ0,0.08,0.08hrs
17/07/2026 11:06:34,buy,0.01,CADJPY,115.68200,17/07/2026 11:09:57,115.69600,-0.05,0.00,1.40,0.04,0.04,1.40,0.00,0.00,1,Dragon Wave_BZ0,0.06,0.06hrs
17/07/2026 10:59:15,buy,0.03,GBPNZD,2.30398,17/07/2026 11:09:57,2.30395,-0.15,0.00,-0.30,-0.20,0.00,0.00,-0.20,-0.30,1,Dragon Wave_AZ2,0.18,0.18hrs
17/07/2026 10:49:26,buy,0.02,GBPNZD,2.30474,17/07/2026 11:09:57,2.30395,-0.10,0.00,-7.90,-1.03,0.00,0.00,-1.03,-7.90,1,Dragon Wave_AZ1,0.34,0.34hrs
17/07/2026 10:43:14,buy,0.01,GBPNZD,2.30546,17/07/2026 11:09:57,2.30398,-0.05,0.00,-14.80,-0.91,0.00,0.00,-0.91,-14.80,1,Dragon Wave_AZ0,0.45,0.45hrs
17/07/2026 09:45:24,buy,0.01,EURJPY,185.93200,17/07/2026 11:09:57,185.79900,-0.05,0.00,-13.30,-0.87,0.00,0.00,-1.81,-28.50,1,Dragon Wave_BZ0,1.41,1.41hrs
17/07/2026 11:05:14,buy,0.07,GBPNZD,2.30331,17/07/2026 11:09:56,2.30393,-0.35,0.00,6.20,2.18,2.18,6.20,0.00,0.00,1,Dragon Wave_AZ4,0.08,0.08hrs
17/07/2026 11:01:20,buy,0.04,GBPNZD,2.30357,17/07/2026 11:09:56,2.30397,-0.20,0.00,4.00,0.73,0.73,4.00,0.00,0.00,1,Dragon Wave_AZ3,0.14,0.14hrs
17/07/2026 10:17:36,buy,0.04,EURJPY,185.66700,17/07/2026 11:09:56,185.80000,-0.20,0.00,13.30,3.08,3.08,13.30,-0.69,-2.00,1,Dragon Wave_BZ3,0.87,0.87hrs
17/07/2026 09:56:48,buy,0.03,EURJPY,185.78800,17/07/2026 11:09:56,185.79800,-0.15,0.00,1.00,0.04,0.04,1.00,-2.76,-14.10,1,Dragon Wave_BZ2,1.22,1.22hrs
17/07/2026 09:55:34,buy,0.02,EURJPY,185.89800,17/07/2026 11:09:56,185.79900,-0.10,0.00,-9.90,-1.32,0.00,0.00,-3.20,-25.10,1,Dragon Wave_BZ1,1.24,1.24hrs
17/07/2026 10:55:23,buy,0.01,GBPNZD,2.30385,17/07/2026 11:08:48,2.30371,-0.05,0.00,-1.40,-0.13,0.00,0.00,-0.13,-1.40,1,Dragon Wave_CZ0,0.22,0.22hrs
17/07/2026 11:03:06,buy,0.02,GBPNZD,2.30324,17/07/2026 11:08:47,2.30371,-0.10,0.00,4.70,0.45,0.45,4.70,0.00,0.00,1,Dragon Wave_CZ1,0.09,0.09hrs
17/07/2026 11:07:29,buy,0.01,USDJPY,162.27200,17/07/2026 11:08:06,162.29600,-0.05,0.00,2.40,0.10,0.10,2.40,0.00,0.00,1,Dragon Wave_BZ0,0.01,0.01hrs
17/07/2026 11:06:46,buy,0.01,CADJPY,115.66600,17/07/2026 11:07:48,115.67800,-0.05,0.00,1.20,0.02,0.02,1.20,0.00,0.00,1,Dragon Wave_CZ0,0.02,0.02hrs
17/07/2026 10:52:42,buy,0.01,GBPJPY,218.46400,17/07/2026 11:07:26,218.44600,-0.05,0.00,-1.80,-0.16,0.00,0.00,-0.16,-1.80,1,Dragon Wave_AZ0,0.25,0.25hrs
17/07/2026 10:58:10,buy,0.02,GBPJPY,218.41400,17/07/2026 11:07:25,218.44500,-0.10,0.00,3.10,0.28,0.28,3.10,0.00,0.00,1,Dragon Wave_AZ1,0.15,0.15hrs
17/07/2026 11:05:44,buy,0.01,EURJPY,185.76400,17/07/2026 11:07:12,185.77500,-0.05,0.00,1.10,0.01,0.01,1.10,0.00,0.00,1,Dragon Wave_AZ0,0.02,0.02hrs
17/07/2026 11:05:37,buy,0.01,EURUSD,1.14456,17/07/2026 11:07:03,1.14476,-0.05,0.00,2.00,0.15,0.15,2.00,0.00,0.00,1,Dragon Wave_BZ0,0.02,0.02hrs
17/07/2026 11:02:23,buy,0.01,GBPAUD,1.92650,17/07/2026 11:07:00,1.92661,-0.05,0.00,1.10,0.03,0.03,1.10,0.00,0.00,1,Dragon Wave_AZ0,0.08,0.08hrs
17/07/2026 10:56:57,buy,0.01,GBPCAD,1.88827,17/07/2026 11:06:54,1.88839,-0.05,0.00,1.20,0.04,0.04,1.20,0.00,0.00,1,Dragon Wave_CZ0,0.17,0.17hrs
17/07/2026 10:20:20,buy,0.02,EURCAD,1.60602,17/07/2026 11:06:51,1.60600,-0.10,0.00,-0.20,-0.13,0.00,0.00,-0.54,-3.10,1,Dragon Wave_AZ1,0.78,0.78hrs
17/07/2026 10:13:14,buy,0.01,EURCAD,1.60649,17/07/2026 11:06:51,1.60600,-0.05,0.00,-4.90,-0.40,0.00,0.00,-0.61,-7.80,1,Dragon Wave_AZ0,0.89,0.89hrs
17/07/2026 10:38:02,buy,0.03,EURCAD,1.60564,17/07/2026 11:06:50,1.60600,-0.15,0.00,3.60,0.62,0.62,3.60,0.00,0.00,1,Dragon Wave_AZ2,0.48,0.48hrs
17/07/2026 10:58:57,buy,0.02,GBPJPY,218.39300,17/07/2026 11:04:39,218.41300,-0.10,0.00,2.00,0.15,0.15,2.00,0.00,0.00,1,Dragon Wave_CZ1,0.10,0.10hrs
17/07/2026 10:53:57,buy,0.01,GBPJPY,218.44500,17/07/2026 11:04:39,218.41400,-0.05,0.00,-3.10,-0.24,0.00,0.00,-0.24,-3.10,1,Dragon Wave_CZ0,0.18,0.18hrs
17/07/2026 10:00:41,buy,0.03,XAGUSD,55.49000,17/07/2026 11:04:37,55.65600,-0.30,0.00,1660.00,24.60,24.60,1660.00,-10.20,-660.00,1,Dragon Wave_CZ2,1.07,1.07hrs
17/07/2026 09:38:38,buy,0.02,XAGUSD,55.68300,17/07/2026 11:04:37,55.67100,-0.20,0.00,-120.00,-1.40,0.00,0.00,-26.10,-2590.00,1,Dragon Wave_CZ1,1.43,1.43hrs
17/07/2026 09:35:33,buy,0.01,XAGUSD,55.78800,17/07/2026 11:04:37,55.67100,-0.10,0.00,-1170.00,-5.95,0.00,0.00,-18.30,-3640.00,1,Dragon Wave_CZ0,1.48,1.48hrs
17/07/2026 10:57:08,buy,0.01,NZDCAD,0.81956,17/07/2026 11:03:03,0.81969,-0.05,0.00,1.30,0.04,0.04,1.30,0.00,0.00,1,Dragon Wave_CZ0,0.10,0.10hrs
17/07/2026 10:59:00,buy,0.01,EURUSD,1.14463,17/07/2026 11:02:12,1.14472,-0.05,0.00,0.90,0.04,0.04,0.90,0.00,0.00,1,Dragon Wave_CZ0,0.05,0.05hrs
17/07/2026 10:57:14,buy,0.02,EURUSD,1.14459,17/07/2026 11:02:03,1.14470,-0.10,0.00,1.10,0.12,0.12,1.10,0.00,0.00,1,Dragon Wave_AZ1,0.08,0.08hrs
17/07/2026 10:52:16,buy,0.01,EURUSD,1.14476,17/07/2026 11:02:03,1.14470,-0.05,0.00,-0.60,-0.11,0.00,0.00,-0.11,-0.60,1,Dragon Wave_AZ0,0.16,0.16hrs
17/07/2026 10:58:08,buy,0.01,AUDUSD,0.69840,17/07/2026 11:01:28,0.69851,-0.05,0.00,1.10,0.06,0.06,1.10,0.00,0.00,1,Dragon Wave_CZ0,0.06,0.06hrs
17/07/2026 10:59:57,buy,0.02,AUDUSD,0.69839,17/07/2026 11:01:19,0.69850,-0.10,0.00,1.10,0.12,0.12,1.10,0.00,0.00,1,Dragon Wave_BZ1,0.02,0.02hrs
17/07/2026 10:56:53,buy,0.01,AUDUSD,0.69850,17/07/2026 11:01:19,0.69851,-0.05,0.00,0.10,-0.04,0.00,0.10,-0.04,0.00,1,Dragon Wave_BZ0,0.07,0.07hrs
17/07/2026 10:57:42,buy,0.01,GBPCHF,1.08630,17/07/2026 11:00:56,1.08637,-0.05,0.00,0.70,0.04,0.04,0.70,0.00,0.00,1,Dragon Wave_BZ0,0.05,0.05hrs
17/07/2026 10:47:41,buy,0.01,USDCHF,0.80724,17/07/2026 10:58:58,0.80708,-0.05,0.00,-1.60,-0.25,0.00,0.00,-0.25,-1.60,1,Dragon Wave_CZ0,0.19,0.19hrs
17/07/2026 10:49:49,buy,0.02,USDCHF,0.80691,17/07/2026 10:58:57,0.80708,-0.10,0.00,1.70,0.32,0.32,1.70,0.00,0.00,1,Dragon Wave_CZ1,0.15,0.15hrs
17/07/2026 10:51:36,buy,0.01,NZDCAD,0.81959,17/07/2026 10:56:14,0.81968,-0.05,0.00,0.90,0.02,0.02,0.90,0.00,0.00,1,Dragon Wave_AZ0,0.08,0.08hrs
17/07/2026 10:51:25,buy,0.01,USDJPY,162.23700,17/07/2026 10:52:54,162.24900,-0.05,0.00,1.20,0.02,0.02,1.20,0.00,0.00,1,Dragon Wave_AZ0,0.02,0.02hrs
17/07/2026 10:50:16,buy,0.01,GBPCAD,1.88885,17/07/2026 10:50:35,1.88895,-0.05,0.00,1.00,0.02,0.02,1.00,0.00,0.00,1,Dragon Wave_AZ0,0.01,0.01hrs
17/07/2026 10:48:03,buy,0.01,USDJPY,162.22800,17/07/2026 10:50:35,162.24300,-0.05,0.00,1.50,0.04,0.04,1.50,0.00,0.00,1,Dragon Wave_CZ0,0.04,0.04hrs
17/07/2026 10:42:41,buy,0.01,GBPUSD,1.34652,17/07/2026 10:45:04,1.34660,-0.05,0.00,0.80,0.03,0.03,0.80,0.00,0.00,1,Dragon Wave_BZ0,0.04,0.04hrs
17/07/2026 10:42:00,buy,0.01,NZDCAD,0.81956,17/07/2026 10:44:59,0.81970,-0.05,0.00,1.40,0.05,0.05,1.40,0.00,0.00,1,Dragon Wave_CZ0,0.05,0.05hrs
17/07/2026 10:40:25,buy,0.01,GBPCAD,1.88922,17/07/2026 10:44:58,1.88939,-0.05,0.00,1.70,0.07,0.07,1.70,0.00,0.00,1,Dragon Wave_AZ0,0.08,0.08hrs
17/07/2026 10:43:06,buy,0.02,GBPCAD,1.88911,17/07/2026 10:44:57,1.88939,-0.10,0.00,2.80,0.30,0.30,2.80,0.00,0.00,1,Dragon Wave_AZ1,0.03,0.03hrs
17/07/2026 10:43:02,buy,0.01,NZDJPY,94.77200,17/07/2026 10:44:44,94.78500,-0.05,0.00,1.30,0.03,0.03,1.30,0.00,0.00,1,Dragon Wave_CZ0,0.03,0.03hrs
17/07/2026 10:39:47,buy,0.01,NZDCAD,0.81959,17/07/2026 10:44:19,0.81966,-0.05,0.00,0.00,0.00,0.00,0.00,0.00,0.00,1,Dragon Wave_AZ0,0.08,0.08hrs
17/07/2026 10:42:45,buy,0.01,NZDCAD,0.81949,17/07/2026 10:43:50,0.81958,-0.05,0.00,0.90,0.01,0.01,0.90,0.00,0.00,1,Dragon Wave_BZ0,0.02,0.02hrs
17/07/2026 10:43:19,buy,0.01,EURUSD,1.14447,17/07/2026 10:43:45,1.14459,-0.05,0.00,1.20,0.07,0.07,1.20,0.00,0.00,1,Dragon Wave_BZ0,0.01,0.01hrs
17/07/2026 10:29:58,buy,0.01,EURGBP,0.84984,17/07/2026 10:40:30,0.84990,-0.05,0.00,0.60,0.03,0.03,0.60,0.00,0.00,1,Dragon Wave_CZ0,0.18,0.18hrs
17/07/2026 10:39:25,buy,0.01,NZDCHF,0.47180,17/07/2026 10:40:11,0.47186,-0.05,0.00,0.60,0.02,0.02,0.60,0.00,0.00,1,Dragon Wave_AZ0,0.01,0.01hrs
17/07/2026 10:37:46,buy,0.01,XAUUSD,3994.66000,17/07/2026 10:40:08,3997.13000,-0.14,0.00,24.70,2.33,2.33,24.70,0.00,0.00,1,Dragon Wave_CZ0,0.04,0.04hrs
17/07/2026 10:38:21,buy,0.01,EURJPY,185.68400,17/07/2026 10:40:05,185.69700,-0.05,0.00,1.30,0.03,0.03,1.30,0.00,0.00,1,Dragon Wave_AZ0,0.03,0.03hrs
17/07/2026 10:35:31,buy,0.01,EURUSD,1.14456,17/07/2026 10:40:05,1.14472,-0.05,0.00,1.60,0.11,0.11,1.60,0.00,0.00,1,Dragon Wave_CZ0,0.08,0.08hrs
17/07/2026 10:35:14,buy,0.01,XAUUSD,3995.86000,17/07/2026 10:39:27,3996.02000,-0.14,0.00,1.60,0.02,0.02,1.60,0.00,0.00,1,Dragon Wave_AZ0,0.07,0.07hrs
17/07/2026 10:37:27,buy,0.01,XAUUSD,3995.22000,17/07/2026 10:38:47,3996.05000,-0.14,0.00,8.30,0.69,0.69,8.30,0.00,0.00,1,Dragon Wave_BZ0,0.02,0.02hrs
17/07/2026 10:34:15,buy,0.01,GBPAUD,1.92776,17/07/2026 10:37:50,1.92806,-0.05,0.00,3.00,0.16,0.16,3.00,0.00,0.00,1,Dragon Wave_AZ0,0.06,0.06hrs
17/07/2026 10:31:48,buy,0.01,USDCHF,0.80743,17/07/2026 10:34:44,0.80754,-0.05,0.00,1.10,0.09,0.09,1.10,0.00,0.00,1,Dragon Wave_CZ0,0.05,0.05hrs
17/07/2026 10:31:34,buy,0.01,CADCHF,0.57557,17/07/2026 10:33:52,0.57565,-0.05,0.00,0.80,0.05,0.05,0.80,0.00,0.00,1,Dragon Wave_BZ0,0.04,0.04hrs
17/07/2026 10:28:21,buy,0.01,EURAUD,1.63820,17/07/2026 10:31:40,1.63812,-0.05,0.00,-0.80,-0.11,0.00,0.00,-0.11,-0.80,1,Dragon Wave_AZ0,0.06,0.06hrs
17/07/2026 10:20:47,buy,0.01,NZDCAD,0.81962,17/07/2026 10:31:04,0.81975,-0.05,0.00,1.30,0.05,0.05,1.30,-0.11,-0.90,1,Dragon Wave_CZ0,0.17,0.17hrs
17/07/2026 10:09:32,buy,0.01,GBPCAD,1.89024,17/07/2026 10:31:02,1.88990,-0.05,0.00,-3.40,-0.29,0.00,0.00,-0.76,-9.20,1,Dragon Wave_AZ0,0.36,0.36hrs
17/07/2026 10:20:48,buy,0.03,GBPCAD,1.88946,17/07/2026 10:31:01,1.88989,-0.15,0.00,4.30,0.77,0.77,4.30,-0.62,-1.40,1,Dragon Wave_AZ2,0.17,0.17hrs
17/07/2026 10:16:22,buy,0.02,GBPCAD,1.89013,17/07/2026 10:31:01,1.88990,-0.10,0.00,-2.30,-0.43,0.00,0.00,-1.37,-8.10,1,Dragon Wave_AZ1,0.24,0.24hrs
17/07/2026 10:18:28,buy,0.01,NZDCAD,0.81969,17/07/2026 10:30:56,0.81965,-0.05,0.00,-0.40,-0.08,0.00,0.00,-0.16,-1.60,1,Dragon Wave_BZ0,0.21,0.21hrs
17/07/2026 10:22:19,buy,0.02,NZDCAD,0.81954,17/07/2026 10:30:55,0.81965,-0.10,0.00,1.10,0.06,0.06,1.10,-0.11,-0.10,1,Dragon Wave_BZ1,0.14,0.14hrs
17/07/2026 10:30:34,buy,0.01,XAUUSD,3995.75000,17/07/2026 10:30:47,3996.38000,-0.14,0.00,6.30,0.49,0.49,6.30,0.00,0.00,1,Dragon Wave_BZ0,0.00,0.00hrs
17/07/2026 10:14:55,buy,0.01,GBPAUD,1.92758,17/07/2026 10:30:39,1.92769,-0.05,0.00,1.10,0.03,0.18,3.30,-0.20,-2.20,1,Dragon Wave_CZ0,0.26,0.26hrs
17/07/2026 10:19:14,buy,0.01,NZDCAD,0.81962,17/07/2026 10:30:10,0.81958,-0.05,0.00,-0.40,-0.08,0.00,0.00,-0.11,-0.90,1,Dragon Wave_AZ0,0.18,0.18hrs
17/07/2026 10:26:11,buy,0.02,NZDCAD,0.81949,17/07/2026 10:30:09,0.81958,-0.10,0.00,0.90,0.03,0.03,0.90,-0.04,0.00,1,Dragon Wave_AZ1,0.07,0.07hrs
17/07/2026 10:19:42,buy,0.03,GBPUSD,1.34659,17/07/2026 10:30:00,1.34694,-0.15,0.00,3.50,0.90,0.90,3.50,-0.57,-1.40,1,Dragon Wave_BZ2,0.17,0.17hrs
17/07/2026 10:17:50,buy,0.02,GBPUSD,1.34686,17/07/2026 10:30:00,1.34694,-0.10,0.00,0.80,0.06,0.06,0.80,-0.92,-4.10,1,Dragon Wave_BZ1,0.20,0.20hrs
17/07/2026 10:07:55,buy,0.01,GBPUSD,1.34737,17/07/2026 10:30:00,1.34694,-0.05,0.00,-4.30,-0.48,0.00,0.00,-0.97,-9.20,1,Dragon Wave_BZ0,0.37,0.37hrs
17/07/2026 10:19:35,buy,0.01,NZDUSD,0.58409,17/07/2026 10:29:51,0.58415,-0.05,0.00,0.60,0.01,0.01,0.60,-0.10,-0.50,1,Dragon Wave_CZ0,0.17,0.17hrs
17/07/2026 10:22:49,buy,0.02,NZDCHF,0.47173,17/07/2026 10:29:31,0.47183,-0.10,0.00,1.00,0.15,0.15,1.00,0.00,0.00,1,Dragon Wave_BZ1,0.11,0.11hrs
17/07/2026 10:16:39,buy,0.01,NZDCHF,0.47190,17/07/2026 10:29:31,0.47183,-0.05,0.00,-0.70,-0.14,0.00,0.00,-0.24,-1.50,1,Dragon Wave_BZ0,0.21,0.21hrs
17/07/2026 10:17:26,buy,0.02,EURJPY,185.65300,17/07/2026 10:29:03,185.71800,-0.10,0.00,6.50,0.70,0.70,6.50,-0.17,-0.60,1,Dragon Wave_AZ1,0.19,0.19hrs
17/07/2026 09:56:27,buy,0.01,EURJPY,185.82100,17/07/2026 10:29:03,185.71800,-0.05,0.00,-10.30,-0.68,0.00,0.00,-1.12,-17.40,1,Dragon Wave_AZ0,0.54,0.54hrs
17/07/2026 10:20:13,buy,0.02,GBPUSD,1.34647,17/07/2026 10:28:57,1.34677,-0.10,0.00,3.00,0.50,0.50,3.00,-0.14,-0.20,1,Dragon Wave_CZ1,0.15,0.15hrs
17/07/2026 10:09:08,buy,0.01,GBPUSD,1.34721,17/07/2026 10:28:57,1.34677,-0.05,0.00,-4.40,-0.49,0.00,0.00,-0.81,-7.60,1,Dragon Wave_CZ0,0.33,0.33hrs
17/07/2026 10:21:09,buy,0.01,GBPCAD,1.88931,17/07/2026 10:28:49,1.88945,-0.05,0.00,1.40,0.05,0.05,1.40,-0.10,0.00,1,Dragon Wave_CZ0,0.13,0.13hrs
17/07/2026 10:17:36,buy,0.01,GBPUSD,1.34690,17/07/2026 10:28:49,1.34678,-0.05,0.00,-1.20,-0.17,0.00,0.00,-0.50,-4.50,1,Dragon Wave_AZ0,0.19,0.19hrs
17/07/2026 10:19:27,buy,0.02,GBPUSD,1.34664,17/07/2026 10:28:48,1.34678,-0.10,0.00,1.40,0.18,0.18,1.40,-0.48,-1.90,1,Dragon Wave_AZ1,0.16,0.16hrs
17/07/2026 10:20:30,buy,0.02,EURUSD,1.14452,17/07/2026 10:28:47,1.14464,-0.10,0.00,1.20,0.14,0.14,1.20,-0.08,0.00,1,Dragon Wave_BZ1,0.14,0.14hrs
17/07/2026 10:18:41,buy,0.01,EURUSD,1.14472,17/07/2026 10:28:47,1.14464,-0.05,0.00,-0.80,-0.13,0.00,0.00,-0.24,-1.90,1,Dragon Wave_BZ0,0.17,0.17hrs
17/07/2026 10:19:21,buy,0.01,EURUSD,1.14461,17/07/2026 10:28:02,1.14466,-0.05,0.00,0.00,0.00,0.00,0.00,-0.13,-0.80,1,Dragon Wave_AZ0,0.14,0.14hrs
17/07/2026 10:17:44,buy,0.01,EURUSD,1.14471,17/07/2026 10:27:46,1.14462,-0.05,0.00,-0.90,-0.14,0.00,0.00,-0.23,-1.80,1,Dragon Wave_CZ0,0.17,0.17hrs
17/07/2026 10:20:40,buy,0.02,EURUSD,1.14446,17/07/2026 10:27:45,1.14462,-0.10,0.00,1.60,0.22,0.22,1.60,0.00,0.00,1,Dragon Wave_CZ1,0.12,0.12hrs
17/07/2026 10:22:40,buy,0.01,AUDUSD,0.69858,17/07/2026 10:27:33,0.69870,-0.05,0.00,1.20,0.07,0.07,1.20,0.00,0.00,1,Dragon Wave_CZ0,0.08,0.08hrs
17/07/2026 10:17:25,buy,0.01,NZDJPY,94.74900,17/07/2026 10:27:04,94.76700,-0.05,0.00,1.80,0.06,0.06,1.80,-0.12,-1.20,1,Dragon Wave_BZ0,0.16,0.16hrs
17/07/2026 10:22:46,buy,0.01,AUDCAD,0.98011,17/07/2026 10:26:52,0.98019,-0.05,0.00,0.80,0.01,0.01,0.80,0.00,0.00,1,Dragon Wave_CZ0,0.07,0.07hrs
17/07/2026 10:17:24,buy,0.03,USDJPY,162.16200,17/07/2026 10:26:39,162.23300,-0.15,0.00,7.10,1.16,1.16,7.10,0.00,0.00,1,Dragon Wave_CZ2,0.15,0.15hrs
17/07/2026 09:56:56,buy,0.02,USDJPY,162.22600,17/07/2026 10:26:39,162.23300,-0.10,0.00,0.70,-0.01,0.00,0.70,-0.59,-4.00,1,Dragon Wave_CZ1,0.50,0.50hrs
17/07/2026 09:54:49,buy,0.01,USDJPY,162.35400,17/07/2026 10:26:39,162.23400,-0.05,0.00,-12.00,-0.79,0.00,0.00,-1.09,-16.80,1,Dragon Wave_CZ0,0.53,0.53hrs
17/07/2026 10:19:22,buy,0.01,GBPJPY,218.41000,17/07/2026 10:24:58,218.42100,-0.05,0.00,1.10,0.02,0.02,1.10,-0.14,-1.50,1,Dragon Wave_AZ0,0.09,0.09hrs
17/07/2026 10:21:20,buy,0.01,XAGUSD,55.43300,17/07/2026 10:24:43,55.47500,-0.10,0.00,420.00,2.00,2.00,420.00,-0.10,0.00,1,Dragon Wave_BZ0,0.06,0.06hrs
17/07/2026 10:12:24,buy,0.01,AUDNZD,1.19583,17/07/2026 10:20:27,1.19606,-0.05,0.00,2.30,0.08,0.08,2.30,-0.01,0.00,1,Dragon Wave_AZ0,0.13,0.13hrs
17/07/2026 10:14:34,buy,0.01,USDJPY,162.18800,17/07/2026 10:19:10,162.19900,-0.05,0.00,1.10,0.02,0.02,1.10,-0.06,-0.20,1,Dragon Wave_AZ0,0.08,0.08hrs
17/07/2026 10:14:45,buy,0.01,USDJPY,162.16700,17/07/2026 10:16:50,162.18000,-0.05,0.00,1.30,0.03,0.07,1.90,0.00,0.00,1,Dragon Wave_BZ0,0.03,0.03hrs
17/07/2026 10:07:29,buy,0.01,CHFJPY,200.80400,17/07/2026 10:16:48,200.82800,-0.05,0.00,2.40,0.09,0.09,2.40,0.00,0.00,1,Dragon Wave_BZ0,0.16,0.16hrs
17/07/2026 10:14:30,buy,0.02,GBPNZD,2.30516,17/07/2026 10:16:34,2.30565,-0.10,0.00,4.90,0.48,0.48,4.90,0.00,0.00,1,Dragon Wave_BZ1,0.03,0.03hrs
17/07/2026 10:04:20,buy,0.01,GBPNZD,2.30605,17/07/2026 10:16:34,2.30565,-0.05,0.00,-4.00,-0.29,0.00,0.00,-0.29,-4.00,1,Dragon Wave_BZ0,0.20,0.20hrs
17/07/2026 10:12:26,buy,0.01,GBPNZD,2.30546,17/07/2026 10:16:27,2.30561,-0.05,0.00,1.50,0.04,0.04,1.50,0.00,0.00,1,Dragon Wave_AZ0,0.07,0.07hrs
17/07/2026 10:07:45,buy,0.01,XAUUSD,3997.12000,17/07/2026 10:15:49,3997.34000,-0.14,0.00,2.20,0.08,0.08,2.20,-2.40,-22.60,1,Dragon Wave_CZ0,0.13,0.13hrs
17/07/2026 10:07:31,buy,0.01,XAUUSD,3996.36000,17/07/2026 10:15:43,3996.58000,-0.14,0.00,2.20,0.08,0.08,2.20,-1.64,-15.00,1,Dragon Wave_BZ0,0.14,0.14hrs
17/07/2026 10:06:48,buy,0.01,EURUSD,1.14495,17/07/2026 10:14:58,1.14494,-0.05,0.00,-0.10,-0.06,0.00,0.00,-0.21,-1.60,1,Dragon Wave_CZ0,0.14,0.14hrs
17/07/2026 10:09:42,buy,0.02,EURUSD,1.14480,17/07/2026 10:14:57,1.14494,-0.10,0.00,1.40,0.18,0.18,1.40,-0.12,-0.10,1,Dragon Wave_CZ1,0.09,0.09hrs
17/07/2026 10:07:38,buy,0.01,XAGUSD,55.46600,17/07/2026 10:14:54,55.49300,-0.10,0.00,270.00,1.25,1.25,270.00,-2.20,-420.00,1,Dragon Wave_AZ0,0.12,0.12hrs
17/07/2026 10:06:32,buy,0.01,EURUSD,1.14502,17/07/2026 10:14:50,1.14494,-0.05,0.00,-0.80,-0.13,0.00,0.00,-0.28,-2.30,1,Dragon Wave_BZ0,0.14,0.14hrs
17/07/2026 10:09:28,buy,0.02,EURUSD,1.14480,17/07/2026 10:14:49,1.14494,-0.10,0.00,1.40,0.18,0.18,1.40,-0.12,-0.10,1,Dragon Wave_BZ1,0.09,0.09hrs
17/07/2026 10:07:18,buy,0.02,XAUUSD,3997.64000,17/07/2026 10:14:49,3996.77000,-0.29,0.00,-8.70,-2.03,0.00,0.00,-5.85,-27.80,1,Dragon Wave_AZ1,0.13,0.13hrs
17/07/2026 10:06:26,buy,0.01,XAUUSD,3999.79000,17/07/2026 10:14:49,3996.75000,-0.14,0.00,-30.40,-3.18,0.00,0.00,-5.07,-49.30,1,Dragon Wave_AZ0,0.14,0.14hrs
17/07/2026 10:09:10,buy,0.03,XAUUSD,3995.18000,17/07/2026 10:14:48,3996.77000,-0.43,0.00,15.90,4.34,4.34,15.90,-1.39,-3.20,1,Dragon Wave_AZ2,0.09,0.09hrs
17/07/2026 10:07:54,buy,0.01,XAGUSD,55.46200,17/07/2026 10:14:47,55.47900,-0.10,0.00,170.00,0.75,0.75,170.00,-2.00,-380.00,1,Dragon Wave_BZ0,0.11,0.11hrs
17/07/2026 10:12:20,buy,0.01,EURUSD,1.14475,17/07/2026 10:14:41,1.14484,-0.05,0.00,0.90,0.04,0.04,0.90,0.00,0.00,1,Dragon Wave_AZ0,0.04,0.04hrs
17/07/2026 10:09:32,buy,0.01,GBPJPY,218.51800,17/07/2026 10:11:32,218.53800,-0.05,0.00,2.00,0.08,0.08,2.00,-0.02,0.00,1,Dragon Wave_AZ0,0.03,0.03hrs
17/07/2026 10:00:32,buy,0.01,EURGBP,0.84972,17/07/2026 10:10:45,0.84984,-0.05,0.00,1.20,0.12,0.12,1.20,0.00,0.00,1,Dragon Wave_CZ0,0.17,0.17hrs
17/07/2026 10:02:42,buy,0.01,EURAUD,1.63847,17/07/2026 10:09:51,1.63855,-0.05,0.00,0.80,0.01,0.01,0.80,0.00,0.00,1,Dragon Wave_CZ0,0.12,0.12hrs
17/07/2026 10:05:01,buy,0.01,EURNZD,1.95936,17/07/2026 10:09:46,1.95952,-0.05,0.00,1.60,0.04,0.04,1.60,0.00,0.00,1,Dragon Wave_CZ0,0.08,0.08hrs
17/07/2026 09:56:38,buy,0.01,USDCAD,1.40303,17/07/2026 10:07:51,1.40312,-0.05,0.00,0.90,0.01,0.01,0.90,0.00,0.00,1,Dragon Wave_BZ0,0.19,0.19hrs
17/07/2026 10:01:17,buy,0.02,USDCAD,1.40296,17/07/2026 10:07:47,1.40310,-0.10,0.00,1.40,0.10,0.10,1.40,0.00,0.00,1,Dragon Wave_AZ1,0.11,0.11hrs
17/07/2026 09:56:27,buy,0.01,USDCAD,1.40309,17/07/2026 10:07:47,1.40310,-0.05,0.00,0.10,-0.04,0.00,0.10,-0.04,0.00,1,Dragon Wave_AZ0,0.19,0.19hrs
17/07/2026 10:04:22,buy,0.01,GBPAUD,1.92820,17/07/2026 10:07:44,1.92848,-0.05,0.00,2.80,0.15,0.15,2.80,0.00,0.00,1,Dragon Wave_BZ0,0.06,0.06hrs
17/07/2026 10:01:38,buy,0.01,CADCHF,0.57572,17/07/2026 10:06:51,0.57580,-0.05,0.00,0.80,0.05,0.05,0.80,0.00,0.00,1,Dragon Wave_AZ0,0.09,0.09hrs
17/07/2026 10:01:52,buy,0.01,CADCHF,0.57569,17/07/2026 10:06:44,0.57575,-0.05,0.00,0.60,0.03,0.03,0.60,0.00,0.00,1,Dragon Wave_BZ0,0.08,0.08hrs
17/07/2026 09:38:58,buy,0.01,AUDCAD,0.98065,17/07/2026 10:04:18,0.98050,-0.05,0.00,-1.50,-0.16,0.00,0.00,-0.43,-5.30,1,Dragon Wave_CZ0,0.42,0.42hrs
17/07/2026 09:50:30,buy,0.02,AUDCAD,0.98021,17/07/2026 10:04:17,0.98050,-0.10,0.00,2.90,0.31,0.31,2.90,-0.23,-0.90,1,Dragon Wave_CZ1,0.23,0.23hrs
17/07/2026 09:41:38,buy,0.01,NZDCHF,0.47198,17/07/2026 10:03:45,0.47197,-0.05,0.00,-0.10,-0.06,0.00,0.00,-0.16,-0.90,1,Dragon Wave_CZ0,0.37,0.37hrs
17/07/2026 09:51:30,buy,0.02,NZDCHF,0.47188,17/07/2026 10:03:44,0.47197,-0.10,0.00,0.90,0.12,0.12,0.90,0.00,0.00,1,Dragon Wave_CZ1,0.20,0.20hrs
17/07/2026 09:59:43,buy,0.01,XAGUSD,55.52800,17/07/2026 10:02:45,55.53500,-0.10,0.00,70.00,0.25,0.25,70.00,0.00,0.00,1,Dragon Wave_BZ0,0.05,0.05hrs
17/07/2026 09:50:50,buy,0.02,NZDCAD,0.81953,17/07/2026 10:02:28,0.81967,-0.10,0.00,1.40,0.10,0.10,1.40,-0.16,-0.40,1,Dragon Wave_CZ1,0.19,0.19hrs
17/07/2026 09:41:53,buy,0.01,NZDCAD,0.81974,17/07/2026 10:02:28,0.81967,-0.05,0.00,-0.70,-0.10,0.00,0.00,-0.23,-2.50,1,Dragon Wave_CZ0,0.34,0.34hrs
17/07/2026 09:44:06,buy,0.02,NZDCAD,0.81965,17/07/2026 10:02:03,0.81964,-0.10,0.00,-0.10,-0.11,0.00,0.00,-0.33,-1.60,1,Dragon Wave_AZ1,0.30,0.30hrs
17/07/2026 09:41:24,buy,0.01,NZDCAD,0.81973,17/07/2026 10:02:03,0.81964,-0.05,0.00,-0.90,-0.12,0.00,0.00,-0.22,-2.40,1,Dragon Wave_AZ0,0.34,0.34hrs
17/07/2026 10:00:09,buy,0.03,NZDCAD,0.81941,17/07/2026 10:02:02,0.81964,-0.15,0.00,2.30,0.34,0.34,2.30,0.00,0.00,1,Dragon Wave_AZ2,0.03,0.03hrs
17/07/2026 09:57:00,buy,0.01,NZDJPY,94.75100,17/07/2026 10:01:01,94.78700,-0.05,0.00,3.60,0.17,0.17,3.60,0.00,0.00,1,Dragon Wave_CZ0,0.07,0.07hrs
17/07/2026 09:57:09,buy,0.01,CHFJPY,200.81300,17/07/2026 10:00:56,200.88500,-0.05,0.00,7.20,0.40,0.40,7.20,0.00,0.00,1,Dragon Wave_CZ0,0.06,0.06hrs
17/07/2026 10:00:18,buy,0.01,XAUUSD,3998.47000,17/07/2026 10:00:55,3999.82000,-0.14,0.00,13.50,1.21,1.21,13.50,0.00,0.00,1,Dragon Wave_AZ0,0.01,0.01hrs
17/07/2026 09:41:20,buy,0.01,NZDUSD,0.58421,17/07/2026 10:00:50,0.58418,-0.05,0.00,-0.30,-0.08,0.00,0.00,-0.29,-2.40,1,Dragon Wave_AZ0,0.33,0.33hrs
17/07/2026 09:50:11,buy,0.03,NZDUSD,0.58405,17/07/2026 10:00:49,0.58416,-0.15,0.00,1.10,0.18,0.18,1.10,-0.39,-0.80,1,Dragon Wave_AZ2,0.18,0.18hrs
17/07/2026 09:45:22,buy,0.02,NZDUSD,0.58412,17/07/2026 10:00:49,0.58418,-0.10,0.00,0.60,0.02,0.02,0.60,-0.40,-1.50,1,Dragon Wave_AZ1,0.26,0.26hrs
17/07/2026 09:59:22,buy,0.01,EURUSD,1.14492,17/07/2026 10:00:28,1.14506,-0.05,0.00,1.40,0.09,0.09,1.40,0.00,0.00,1,Dragon Wave_AZ0,0.02,0.02hrs
17/07/2026 09:57:12,buy,0.01,CADJPY,115.60400,17/07/2026 10:00:22,115.65700,-0.05,0.00,5.30,0.27,0.27,5.30,0.00,0.00,1,Dragon Wave_CZ0,0.05,0.05hrs
17/07/2026 09:56:48,buy,0.01,GBPJPY,218.57800,17/07/2026 09:59:47,218.64200,-0.05,0.00,6.40,0.35,0.35,6.40,0.00,0.00,1,Dragon Wave_CZ0,0.05,0.05hrs
17/07/2026 09:56:38,buy,0.01,USDCHF,0.80773,17/07/2026 09:59:39,0.80784,-0.05,0.00,1.10,0.09,0.09,1.10,0.00,0.00,1,Dragon Wave_CZ0,0.05,0.05hrs
17/07/2026 09:56:18,buy,0.01,CADCHF,0.57572,17/07/2026 09:59:02,0.57574,-0.05,0.00,0.20,-0.03,0.00,0.20,-0.03,0.00,1,Dragon Wave_AZ0,0.05,0.05hrs
17/07/2026 09:57:15,buy,0.02,CADCHF,0.57571,17/07/2026 09:59:01,0.57574,-0.10,0.00,0.30,-0.03,0.00,0.30,-0.03,0.00,1,Dragon Wave_AZ1,0.03,0.03hrs
17/07/2026 09:56:47,buy,0.01,USDJPY,162.22300,17/07/2026 09:58:53,162.25900,-0.05,0.00,3.60,0.17,0.17,3.60,0.00,0.00,1,Dragon Wave_BZ0,0.04,0.04hrs
17/07/2026 09:56:26,buy,0.01,CADJPY,115.65200,17/07/2026 09:58:52,115.65200,-0.05,0.00,0.00,-0.05,0.00,0.00,-0.05,0.00,1,Dragon Wave_AZ0,0.04,0.04hrs
17/07/2026 09:52:24,buy,0.02,AUDCAD,0.98008,17/07/2026 09:58:34,0.98025,-0.10,0.00,1.70,0.14,0.14,1.70,0.00,0.00,1,Dragon Wave_BZ1,0.10,0.10hrs
17/07/2026 09:44:45,buy,0.01,AUDCAD,0.98031,17/07/2026 09:58:34,0.98025,-0.05,0.00,-0.60,-0.09,0.00,0.00,-0.19,-1.90,1,Dragon Wave_BZ0,0.23,0.23hrs
17/07/2026 09:56:28,buy,0.01,GBPJPY,218.59900,17/07/2026 09:58:28,218.63500,-0.05,0.00,3.60,0.17,0.17,3.60,0.00,0.00,1,Dragon Wave_BZ0,0.03,0.03hrs
17/07/2026 09:56:57,buy,0.01,USDCAD,1.40298,17/07/2026 09:58:26,1.40310,-0.05,0.00,1.20,0.04,0.04,1.20,0.00,0.00,1,Dragon Wave_CZ0,0.02,0.02hrs
17/07/2026 09:56:14,buy,0.01,USDJPY,162.22700,17/07/2026 09:58:13,162.25800,-0.05,0.00,3.10,0.14,0.14,3.10,0.00,0.00,1,Dragon Wave_AZ0,0.03,0.03hrs
17/07/2026 09:56:08,buy,0.02,GBPJPY,218.63700,17/07/2026 09:58:06,218.62200,-0.10,0.00,-1.50,-0.29,0.00,0.00,-0.29,-1.50,1,Dragon Wave_AZ1,0.03,0.03hrs
17/07/2026 09:45:14,buy,0.01,GBPJPY,218.74300,17/07/2026 09:58:06,218.62400,-0.05,0.00,-11.90,-0.79,0.00,0.00,-0.79,-11.90,1,Dragon Wave_AZ0,0.21,0.21hrs
17/07/2026 09:57:20,buy,0.03,GBPJPY,218.52000,17/07/2026 09:58:05,218.62100,-0.15,0.00,10.10,1.72,1.72,10.10,0.00,0.00,1,Dragon Wave_AZ2,0.01,0.01hrs
17/07/2026 09:54:17,buy,0.01,GBPNZD,2.30629,17/07/2026 09:57:40,2.30659,-0.05,0.00,3.00,0.13,0.13,3.00,0.00,0.00,1,Dragon Wave_BZ0,0.06,0.06hrs
17/07/2026 09:40:30,buy,0.02,XAUUSD,3998.69000,17/07/2026 09:57:28,4000.64000,-0.29,0.00,19.50,3.61,3.61,19.50,-1.57,-6.40,1,Dragon Wave_BZ1,0.28,0.28hrs
17/07/2026 09:35:50,buy,0.01,XAUUSD,4002.90000,17/07/2026 09:57:28,4000.69000,-0.14,0.00,-22.10,-2.35,0.00,0.00,-4.99,-48.50,1,Dragon Wave_BZ0,0.36,0.36hrs
17/07/2026 09:49:13,buy,0.02,AUDUSD,0.69858,17/07/2026 09:57:26,0.69863,-0.10,0.00,0.00,0.00,0.00,0.00,-0.32,-1.10,1,Dragon Wave_AZ1,0.14,0.14hrs
17/07/2026 09:44:24,buy,0.01,AUDUSD,0.69869,17/07/2026 09:57:26,0.69863,-0.05,0.00,-0.60,-0.11,0.00,0.00,-0.27,-2.20,1,Dragon Wave_AZ0,0.22,0.22hrs
17/07/2026 09:52:30,buy,0.03,AUDUSD,0.69847,17/07/2026 09:57:25,0.69863,-0.15,0.00,1.60,0.33,0.33,1.60,0.00,0.00,1,Dragon Wave_AZ2,0.08,0.08hrs
17/07/2026 09:51:47,buy,0.01,AUDUSD,0.69841,17/07/2026 09:57:09,0.69865,-0.05,0.00,2.40,0.19,0.19,2.40,0.00,0.00,1,Dragon Wave_CZ0,0.09,0.09hrs
17/07/2026 09:55:19,buy,0.01,EURUSD,1.14495,17/07/2026 09:56:19,1.14507,-0.05,0.00,1.20,0.07,0.07,1.20,0.00,0.00,1,Dragon Wave_AZ0,0.02,0.02hrs
17/07/2026 09:52:25,buy,0.01,NZDCHF,0.47183,17/07/2026 09:54:02,0.47189,-0.05,0.00,0.60,0.03,0.03,0.60,0.00,0.00,1,Dragon Wave_BZ0,0.03,0.03hrs
17/07/2026 09:50:45,buy,0.01,NZDCAD,0.81950,17/07/2026 09:53:56,0.81956,-0.05,0.00,0.00,0.00,0.00,0.00,-0.06,-0.10,1,Dragon Wave_BZ0,0.05,0.05hrs
17/07/2026 09:50:52,buy,0.01,GBPUSD,1.34702,17/07/2026 09:53:47,1.34721,-0.05,0.00,1.90,0.14,0.14,1.90,-0.04,0.00,1,Dragon Wave_CZ0,0.05,0.05hrs
17/07/2026 09:46:42,buy,0.01,GBPJPY,218.73500,17/07/2026 09:52:19,218.75900,-0.05,0.00,2.40,0.10,0.10,2.40,-0.14,-1.50,1,Dragon Wave_CZ0,0.09,0.09hrs
17/07/2026 09:50:24,buy,0.01,EURUSD,1.14487,17/07/2026 09:50:55,1.14498,-0.05,0.00,1.10,0.06,0.06,1.10,0.00,0.00,1,Dragon Wave_CZ0,0.01,0.01hrs
17/07/2026 09:45:49,buy,0.01,USDJPY,162.37500,17/07/2026 09:50:50,162.37900,-0.05,0.00,0.40,-0.03,0.00,0.40,-0.03,0.00,1,Dragon Wave_BZ0,0.08,0.08hrs
17/07/2026 09:46:57,buy,0.02,USDJPY,162.36000,17/07/2026 09:50:49,162.38100,-0.10,0.00,2.10,0.16,0.16,2.10,0.00,0.00,1,Dragon Wave_BZ1,0.06,0.06hrs
17/07/2026 09:46:48,buy,0.02,USDJPY,162.36000,17/07/2026 09:50:41,162.37800,-0.10,0.00,1.80,0.12,0.12,1.80,0.00,0.00,1,Dragon Wave_AZ1,0.06,0.06hrs
17/07/2026 09:43:34,buy,0.01,USDJPY,162.38500,17/07/2026 09:50:41,162.37800,-0.05,0.00,-0.70,-0.09,0.00,0.00,-0.09,-0.70,1,Dragon Wave_AZ0,0.12,0.12hrs
17/07/2026 08:41:13,buy,0.02,CADCHF,0.57626,17/07/2026 09:49:42,0.57583,-0.10,0.00,-4.30,-1.16,0.00,0.00,-1.26,-4.70,1,Dragon Wave_BZ1,1.14,1.14hrs
17/07/2026 08:38:32,buy,0.01,CADCHF,0.57636,17/07/2026 09:49:42,0.57583,-0.05,0.00,-5.30,-0.70,0.00,0.00,-0.76,-5.70,1,Dragon Wave_BZ0,1.19,1.19hrs
17/07/2026 09:21:26,buy,0.07,CADCHF,0.57575,17/07/2026 09:49:41,0.57583,-0.35,0.00,0.80,0.34,0.34,0.80,0.00,0.00,1,Dragon Wave_BZ4,0.47,0.47hrs
17/07/2026 09:15:10,buy,0.04,CADCHF,0.57588,17/07/2026 09:49:41,0.57583,-0.20,0.00,-0.50,-0.45,0.00,0.00,-0.65,-0.90,1,Dragon Wave_BZ3,0.58,0.58hrs
17/07/2026 09:02:25,buy,0.03,CADCHF,0.57605,17/07/2026 09:49:41,0.57583,-0.15,0.00,-2.20,-0.96,0.00,0.00,-1.12,-2.60,1,Dragon Wave_BZ2,0.79,0.79hrs
17/07/2026 09:26:33,buy,0.11,CADCHF,0.57557,17/07/2026 09:49:40,0.57583,-0.55,0.00,2.60,2.99,2.99,2.60,0.00,0.00,1,Dragon Wave_BZ5,0.39,0.39hrs
17/07/2026 09:46:12,buy,0.02,EURJPY,185.91500,17/07/2026 09:49:00,185.94000,-0.10,0.00,2.50,0.21,0.21,2.50,0.00,0.00,1,Dragon Wave_AZ1,0.05,0.05hrs
17/07/2026 09:44:35,buy,0.01,EURJPY,185.93000,17/07/2026 09:49:00,185.93700,-0.05,0.00,0.70,-0.01,0.00,0.70,-0.01,0.00,1,Dragon Wave_AZ0,0.07,0.07hrs
17/07/2026 09:40:43,buy,0.02,XAUUSD,3997.33000,17/07/2026 09:48:52,3999.20000,-0.29,0.00,18.70,3.45,3.45,18.70,0.00,0.00,1,Dragon Wave_CZ1,0.14,0.14hrs
17/07/2026 09:36:44,buy,0.01,XAUUSD,4001.20000,17/07/2026 09:48:52,3999.20000,-0.14,0.00,-20.00,-2.14,0.00,0.00,-2.14,-20.00,1,Dragon Wave_CZ0,0.20,0.20hrs
17/07/2026 09:15:46,buy,0.01,EURGBP,0.84987,17/07/2026 09:48:47,0.84994,-0.05,0.00,0.70,0.04,0.04,0.70,-0.12,-0.50,1,Dragon Wave_BZ0,0.55,0.55hrs
17/07/2026 09:45:42,buy,0.01,EURCAD,1.60645,17/07/2026 09:47:58,1.60663,-0.05,0.00,1.80,0.08,0.08,1.80,0.00,0.00,1,Dragon Wave_CZ0,0.04,0.04hrs
17/07/2026 09:44:46,buy,0.01,GBPUSD,1.34721,17/07/2026 09:47:48,1.34728,-0.05,0.00,0.70,0.02,0.02,0.70,0.00,0.00,1,Dragon Wave_AZ0,0.05,0.05hrs
17/07/2026 09:45:13,buy,0.01,GBPUSD,1.34705,17/07/2026 09:46:50,1.34718,-0.05,0.00,1.30,0.08,0.08,1.30,0.00,0.00,1,Dragon Wave_CZ0,0.03,0.03hrs
17/07/2026 09:45:25,buy,0.01,EURUSD,1.14482,17/07/2026 09:46:49,1.14503,-0.05,0.00,2.10,0.16,0.16,2.10,0.00,0.00,1,Dragon Wave_AZ0,0.02,0.02hrs
17/07/2026 09:41:32,buy,0.01,NZDCHF,0.47197,17/07/2026 09:46:29,0.47197,-0.05,0.00,0.00,-0.05,0.00,0.00,-0.05,0.00,1,Dragon Wave_BZ0,0.08,0.08hrs
17/07/2026 09:44:33,buy,0.02,NZDCHF,0.47189,17/07/2026 09:46:28,0.47197,-0.10,0.00,0.80,0.10,0.10,0.80,0.00,0.00,1,Dragon Wave_BZ1,0.03,0.03hrs
17/07/2026 09:43:14,buy,0.02,NZDCHF,0.47189,17/07/2026 09:46:11,0.47195,-0.10,0.00,0.60,0.04,0.04,0.60,0.00,0.00,1,Dragon Wave_AZ1,0.05,0.05hrs
17/07/2026 09:41:17,buy,0.01,NZDCHF,0.47197,17/07/2026 09:46:11,0.47195,-0.05,0.00,-0.20,-0.07,0.00,0.00,-0.07,-0.20,1,Dragon Wave_AZ0,0.08,0.08hrs
17/07/2026 09:43:21,buy,0.01,USDCHF,0.80777,17/07/2026 09:44:41,0.80784,-0.05,0.00,0.70,0.04,0.04,0.70,0.00,0.00,1,Dragon Wave_BZ0,0.02,0.02hrs
17/07/2026 09:41:13,buy,0.01,AUDUSD,0.69868,17/07/2026 09:42:47,0.69876,-0.05,0.00,0.80,0.03,0.03,0.80,0.00,0.00,1,Dragon Wave_AZ0,0.03,0.03hrs
17/07/2026 09:41:16,buy,0.01,AUDJPY,113.46000,17/07/2026 09:42:17,113.47900,-0.05,0.00,1.90,0.06,0.06,1.90,0.00,0.00,1,Dragon Wave_AZ0,0.02,0.02hrs
17/07/2026 09:40:21,buy,0.01,XAUUSD,3998.16000,17/07/2026 09:41:57,3997.75000,-0.14,0.00,-4.10,-0.55,0.00,0.00,-0.55,-4.10,1,Dragon Wave_AZ0,0.03,0.03hrs
17/07/2026 09:41:16,buy,0.02,XAUUSD,3996.86000,17/07/2026 09:41:56,3997.74000,-0.29,0.00,8.80,1.47,1.47,8.80,0.00,0.00,1,Dragon Wave_AZ1,0.01,0.01hrs
17/07/2026 09:38:19,buy,0.01,NZDCHF,0.47199,17/07/2026 09:39:50,0.47208,-0.05,0.00,0.90,0.06,0.06,0.90,0.00,0.00,1,Dragon Wave_BZ0,0.03,0.03hrs
17/07/2026 09:36:04,buy,0.01,NZDCHF,0.47202,17/07/2026 09:39:09,0.47206,-0.05,0.00,0.00,0.00,0.00,0.00,0.00,0.00,1,Dragon Wave_AZ0,0.05,0.05hrs
17/07/2026 09:20:18,buy,0.02,USDJPY,162.36300,17/07/2026 09:36:10,162.38000,-0.10,0.00,1.70,0.11,0.11,1.70,-0.22,-1.00,1,Dragon Wave_BZ1,0.26,0.26hrs
17/07/2026 09:15:25,buy,0.01,USDJPY,162.39200,17/07/2026 09:36:10,162.38200,-0.05,0.00,-1.00,-0.11,0.00,0.00,-0.29,-3.90,1,Dragon Wave_BZ0,0.35,0.35hrs
17/07/2026 09:15:55,buy,0.01,USDJPY,162.38400,17/07/2026 09:35:50,162.38400,-0.05,0.00,0.00,-0.05,0.00,0.00,-0.24,-3.10,1,Dragon Wave_CZ0,0.33,0.33hrs
17/07/2026 09:20:35,buy,0.02,USDJPY,162.36000,17/07/2026 09:35:49,162.38400,-0.10,0.00,2.40,0.20,0.20,2.40,-0.19,-0.70,1,Dragon Wave_CZ1,0.25,0.25hrs
17/07/2026 09:15:09,buy,0.02,USDJPY,162.39500,17/07/2026 09:35:37,162.37900,-0.10,0.00,-1.60,-0.30,0.00,0.00,-0.62,-4.20,1,Dragon Wave_AZ1,0.34,0.34hrs
17/07/2026 09:11:26,buy,0.01,USDJPY,162.41000,17/07/2026 09:35:37,162.37900,-0.05,0.00,-3.10,-0.24,0.00,0.50,-0.40,-5.70,1,Dragon Wave_AZ0,0.40,0.40hrs
17/07/2026 09:23:08,buy,0.04,USDJPY,162.33700,17/07/2026 09:35:36,162.37900,-0.20,0.00,4.20,0.83,0.83,4.20,0.00,0.00,1,Dragon Wave_AZ3,0.21,0.21hrs
17/07/2026 09:19:14,buy,0.03,USDJPY,162.37300,17/07/2026 09:35:36,162.37900,-0.15,0.00,0.60,-0.04,0.00,0.60,-0.52,-2.00,1,Dragon Wave_AZ2,0.27,0.27hrs
17/07/2026 09:32:38,buy,0.01,GBPUSD,1.34705,17/07/2026 09:33:55,1.34717,-0.05,0.00,1.20,0.07,0.07,1.20,-0.03,0.00,1,Dragon Wave_BZ0,0.02,0.02hrs
17/07/2026 09:32:13,buy,0.01,XAGUSD,55.82800,17/07/2026 09:33:33,55.83700,-0.10,0.00,90.00,0.35,0.35,90.00,-2.20,-420.00,1,Dragon Wave_AZ0,0.02,0.02hrs
17/07/2026 09:11:30,buy,0.01,CADCHF,0.57596,17/07/2026 09:33:10,0.57580,-0.05,0.00,-1.60,-0.25,0.00,0.30,-0.26,-1.70,1,Dragon Wave_AZ0,0.36,0.36hrs
17/07/2026 09:16:14,buy,0.03,CADCHF,0.57586,17/07/2026 09:33:08,0.57580,-0.15,0.00,-0.60,-0.37,0.00,0.00,-0.41,-0.70,1,Dragon Wave_AZ2,0.28,0.28hrs
17/07/2026 09:14:07,buy,0.02,CADCHF,0.57594,17/07/2026 09:33:08,0.57580,-0.10,0.00,-1.40,-0.45,0.00,0.00,-0.47,-1.50,1,Dragon Wave_AZ1,0.32,0.32hrs
17/07/2026 09:24:14,buy,0.07,CADCHF,0.57564,17/07/2026 09:33:07,0.57580,-0.35,0.00,1.60,1.03,1.03,1.60,0.00,0.00,1,Dragon Wave_AZ4,0.15,0.15hrs
17/07/2026 09:21:21,buy,0.04,CADCHF,0.57575,17/07/2026 09:33:07,0.57580,-0.20,0.00,0.50,0.05,0.05,0.50,0.00,0.00,1,Dragon Wave_AZ3,0.20,0.20hrs
17/07/2026 09:23:22,buy,0.01,USDCAD,1.40329,17/07/2026 09:30:33,1.40341,-0.05,0.00,1.20,0.04,0.04,1.20,0.00,0.00,1,Dragon Wave_BZ0,0.12,0.12hrs
17/07/2026 09:28:22,buy,0.01,XAUUSD,4002.06000,17/07/2026 09:29:23,4004.42000,-0.14,0.00,23.60,2.22,2.22,23.60,0.00,0.00,1,Dragon Wave_BZ0,0.02,0.02hrs
17/07/2026 09:28:21,buy,0.01,XAGUSD,55.84000,17/07/2026 09:28:45,55.86400,-0.10,0.00,240.00,1.10,1.10,240.00,0.00,0.00,1,Dragon Wave_AZ0,0.01,0.01hrs
17/07/2026 09:22:17,buy,0.01,NZDCHF,0.47191,17/07/2026 09:28:14,0.47197,-0.05,0.00,0.60,0.02,0.02,0.60,0.00,0.00,1,Dragon Wave_BZ0,0.10,0.10hrs
17/07/2026 09:21:03,buy,0.01,CADJPY,115.70300,17/07/2026 09:26:49,115.71800,-0.05,0.00,1.50,0.05,0.05,1.50,0.00,0.00,1,Dragon Wave_CZ0,0.10,0.10hrs
17/07/2026 09:25:16,buy,0.01,XAUUSD,4001.53000,17/07/2026 09:26:22,4004.24000,-0.14,0.00,27.10,2.57,2.57,27.10,0.00,0.00,1,Dragon Wave_BZ0,0.02,0.02hrs
17/07/2026 09:22:30,buy,0.01,XAGUSD,55.80500,17/07/2026 09:23:00,55.84800,-0.10,0.00,430.00,2.05,2.05,430.00,0.00,0.00,1,Dragon Wave_BZ0,0.01,0.01hrs
17/07/2026 09:20:26,buy,0.01,EURAUD,1.63857,17/07/2026 09:22:49,1.63856,-0.05,0.00,-0.10,-0.05,0.00,0.00,-0.05,-0.10,1,Dragon Wave_AZ0,0.04,0.04hrs
17/07/2026 09:21:19,buy,0.01,AUDJPY,113.42800,17/07/2026 09:22:07,113.43800,-0.05,0.00,1.00,0.01,0.01,1.00,0.00,0.00,1,Dragon Wave_AZ0,0.01,0.01hrs
17/07/2026 09:19:19,buy,0.01,EURAUD,1.63840,17/07/2026 09:21:56,1.63862,-0.05,0.00,2.20,0.10,0.10,2.20,0.00,0.00,1,Dragon Wave_BZ0,0.04,0.04hrs
17/07/2026 09:07:29,buy,0.01,NZDCHF,0.47190,17/07/2026 09:18:42,0.47197,-0.05,0.00,0.70,0.03,0.03,0.70,0.00,0.00,1,Dragon Wave_CZ0,0.19,0.19hrs
17/07/2026 09:08:38,buy,0.01,NZDCHF,0.47186,17/07/2026 09:11:36,0.47192,-0.05,0.00,0.60,0.02,0.02,0.60,0.00,0.00,1,Dragon Wave_BZ0,0.05,0.05hrs
17/07/2026 09:10:20,buy,0.01,GBPUSD,1.34607,17/07/2026 09:11:12,1.34622,-0.05,0.00,1.50,0.10,0.10,1.50,0.00,0.00,1,Dragon Wave_AZ0,0.01,0.01hrs
17/07/2026 09:08:18,buy,0.01,AUDJPY,113.35400,17/07/2026 09:10:52,113.37400,-0.05,0.00,2.00,0.07,0.07,2.00,0.00,0.00,1,Dragon Wave_BZ0,0.04,0.04hrs
17/07/2026 09:02:17,buy,0.02,GBPAUD,1.92872,17/07/2026 09:08:37,1.92915,-0.10,0.00,4.30,0.50,0.50,4.30,0.00,0.00,1,Dragon Wave_AZ1,0.11,0.11hrs
17/07/2026 09:00:20,buy,0.01,GBPAUD,1.92898,17/07/2026 09:08:37,1.92916,-0.05,0.00,1.80,0.08,0.08,1.80,0.00,0.00,1,Dragon Wave_AZ0,0.14,0.14hrs
17/07/2026 09:02:52,buy,0.01,EURAUD,1.63894,17/07/2026 09:07:25,1.63920,-0.05,0.00,2.60,0.14,0.14,2.60,0.00,0.00,1,Dragon Wave_CZ0,0.08,0.08hrs
17/07/2026 09:00:31,buy,0.01,EURAUD,1.63903,17/07/2026 09:06:46,1.63910,-0.05,0.00,0.00,0.00,0.00,0.00,0.00,0.00,1,Dragon Wave_BZ0,0.10,0.10hrs
17/07/2026 09:04:12,buy,0.02,EURAUD,1.63871,17/07/2026 09:06:45,1.63905,-0.10,0.00,3.40,0.37,0.37,3.40,0.00,0.00,1,Dragon Wave_BZ1,0.04,0.04hrs
17/07/2026 09:04:28,buy,0.01,GBPNZD,2.30631,17/07/2026 09:06:38,2.30648,-0.05,0.00,1.70,0.05,0.05,1.70,0.00,0.00,1,Dragon Wave_CZ0,0.04,0.04hrs
17/07/2026 08:55:35,buy,0.01,GBPUSD,1.34644,17/07/2026 09:02:48,1.34651,-0.05,0.00,0.70,0.02,0.02,0.70,-0.19,-1.40,1,Dragon Wave_CZ0,0.12,0.12hrs
17/07/2026 08:56:21,buy,0.01,NZDCAD,0.81908,17/07/2026 09:01:37,0.81920,-0.05,0.00,1.20,0.04,0.04,1.20,-0.04,0.00,1,Dragon Wave_BZ0,0.09,0.09hrs
17/07/2026 08:55:25,buy,0.01,GBPUSD,1.34643,17/07/2026 09:01:37,1.34654,-0.05,0.00,1.10,0.06,0.06,1.10,-0.18,-1.30,1,Dragon Wave_BZ0,0.10,0.10hrs
17/07/2026 08:55:33,buy,0.01,EURUSD,1.14398,17/07/2026 09:00:44,1.14405,-0.05,0.00,0.70,0.02,0.02,0.70,-0.06,-0.10,1,Dragon Wave_CZ0,0.09,0.09hrs
17/07/2026 08:55:20,buy,0.01,EURUSD,1.14414,17/07/2026 09:00:43,1.14411,-0.05,0.00,-0.30,-0.08,0.00,0.00,-0.22,-1.70,1,Dragon Wave_BZ0,0.09,0.09hrs
17/07/2026 08:56:25,buy,0.02,EURUSD,1.14401,17/07/2026 09:00:42,1.14411,-0.10,0.00,1.00,0.10,0.10,1.00,-0.18,-0.40,1,Dragon Wave_BZ1,0.07,0.07hrs
17/07/2026 08:57:17,buy,0.02,AUDUSD,0.69771,17/07/2026 09:00:22,0.69795,-0.10,0.00,2.40,0.38,0.38,2.40,-0.02,0.00,1,Dragon Wave_BZ1,0.05,0.05hrs
17/07/2026 08:55:35,buy,0.01,AUDUSD,0.69785,17/07/2026 09:00:22,0.69795,-0.05,0.00,1.00,0.05,0.05,1.00,-0.15,-1.00,1,Dragon Wave_BZ0,0.08,0.08hrs
17/07/2026 08:59:05,buy,0.01,XAUUSD,3985.36000,17/07/2026 09:00:08,3986.73000,-0.14,0.00,13.70,1.23,1.23,13.70,0.00,0.00,1,Dragon Wave_AZ0,0.02,0.02hrs
17/07/2026 08:39:26,buy,0.03,USDJPY,162.39200,17/07/2026 08:55:53,162.40700,-0.15,0.00,1.50,0.13,0.13,1.50,-0.69,-2.90,1,Dragon Wave_AZ2,0.27,0.27hrs
17/07/2026 08:29:10,buy,0.02,USDJPY,162.42400,17/07/2026 08:55:53,162.40700,-0.10,0.00,-1.70,-0.31,0.00,0.00,-0.85,-6.10,1,Dragon Wave_AZ1,0.45,0.45hrs
17/07/2026 08:18:12,buy,0.01,USDJPY,162.43100,17/07/2026 08:55:53,162.40800,-0.05,0.00,-2.30,-0.19,0.00,0.00,-0.47,-6.80,1,Dragon Wave_AZ0,0.63,0.63hrs
17/07/2026 08:40:06,buy,0.04,USDJPY,162.37800,17/07/2026 08:55:52,162.40700,-0.20,0.00,2.90,0.51,0.51,2.90,-0.57,-1.50,1,Dragon Wave_AZ3,0.26,0.26hrs
17/07/2026 08:31:23,buy,0.02,USDCAD,1.40340,17/07/2026 08:55:48,1.40356,-0.10,0.00,1.60,0.13,0.13,1.60,-0.39,-2.00,1,Dragon Wave_BZ1,0.41,0.41hrs
17/07/2026 08:30:31,buy,0.01,USDCAD,1.40356,17/07/2026 08:55:48,1.40357,-0.05,0.00,0.10,-0.04,0.00,0.10,-0.31,-3.60,1,Dragon Wave_BZ0,0.42,0.42hrs
17/07/2026 08:30:41,buy,0.01,USDJPY,162.41700,17/07/2026 08:55:44,162.40400,-0.05,0.00,-1.30,-0.13,0.00,0.00,-0.38,-5.40,1,Dragon Wave_CZ0,0.42,0.42hrs
17/07/2026 08:39:47,buy,0.02,USDJPY,162.38200,17/07/2026 08:55:43,162.40400,-0.10,0.00,2.20,0.17,0.17,2.20,-0.33,-1.90,1,Dragon Wave_CZ1,0.27,0.27hrs
17/07/2026 08:53:07,buy,0.01,NZDCHF,0.47193,17/07/2026 08:55:40,0.47202,-0.05,0.00,0.90,0.06,0.06,0.90,0.00,0.00,1,Dragon Wave_AZ0,0.04,0.04hrs
17/07/2026 08:53:08,buy,0.01,CADCHF,0.57614,17/07/2026 08:55:29,0.57622,-0.05,0.00,0.80,0.05,0.05,0.80,0.00,0.00,1,Dragon Wave_AZ0,0.04,0.04hrs
17/07/2026 08:43:33,buy,0.01,NZDCHF,0.47201,17/07/2026 08:55:23,0.47202,-0.05,0.00,0.10,-0.03,0.00,0.10,-0.10,-0.40,1,Dragon Wave_CZ0,0.20,0.20hrs
17/07/2026 08:44:43,buy,0.02,NZDCHF,0.47196,17/07/2026 08:55:22,0.47201,-0.10,0.00,0.50,0.03,0.03,0.50,-0.08,0.00,1,Dragon Wave_CZ1,0.18,0.18hrs
17/07/2026 08:44:34,buy,0.01,NZDCHF,0.47197,17/07/2026 08:55:10,0.47201,-0.05,0.00,0.40,-0.01,0.00,0.40,-0.05,0.00,1,Dragon Wave_BZ0,0.18,0.18hrs
17/07/2026 08:54:14,buy,0.01,XAUUSD,3987.93000,17/07/2026 08:54:35,3989.20000,-0.14,0.00,12.70,1.13,1.13,12.70,0.00,0.00,1,Dragon Wave_AZ0,0.01,0.01hrs
17/07/2026 08:43:44,buy,0.01,AUDUSD,0.69783,17/07/2026 08:49:49,0.69797,-0.05,0.00,1.40,0.09,0.09,1.40,-0.17,-1.20,1,Dragon Wave_CZ0,0.10,0.10hrs
17/07/2026 08:43:21,buy,0.01,AUDUSD,0.69792,17/07/2026 08:49:07,0.69793,-0.05,0.00,0.10,-0.04,0.00,0.10,-0.26,-2.10,1,Dragon Wave_AZ0,0.10,0.10hrs
17/07/2026 08:44:19,buy,0.02,AUDUSD,0.69783,17/07/2026 08:49:06,0.69793,-0.10,0.00,1.00,0.10,0.10,1.00,-0.34,-1.20,1,Dragon Wave_AZ1,0.08,0.08hrs
17/07/2026 08:42:18,buy,0.01,GBPNZD,2.30660,17/07/2026 08:48:39,2.30686,-0.05,0.00,2.60,0.10,0.10,2.60,-0.52,-8.00,1,Dragon Wave_AZ0,0.11,0.11hrs
17/07/2026 08:45:32,buy,0.01,XAUUSD,3983.35000,17/07/2026 08:48:33,3988.77000,-0.14,0.00,54.20,5.28,5.28,54.20,0.00,0.00,1,Dragon Wave_BZ0,0.05,0.05hrs
17/07/2026 08:44:31,buy,0.02,AUDUSD,0.69775,17/07/2026 08:48:29,0.69788,-0.10,0.00,1.30,0.16,0.16,1.30,-0.18,-0.40,1,Dragon Wave_BZ1,0.07,0.07hrs
17/07/2026 08:43:40,buy,0.01,AUDUSD,0.69784,17/07/2026 08:48:29,0.69787,-0.05,0.00,0.30,-0.02,0.00,0.30,-0.18,-1.30,1,Dragon Wave_BZ0,0.08,0.08hrs
17/07/2026 08:45:44,buy,0.01,GBPUSD,1.34635,17/07/2026 08:48:13,1.34643,-0.05,0.00,0.80,0.03,0.03,0.80,0.00,0.00,1,Dragon Wave_BZ0,0.04,0.04hrs
17/07/2026 08:45:15,buy,0.01,XAUUSD,3985.08000,17/07/2026 08:48:01,3985.81000,-0.14,0.00,7.30,0.59,0.59,7.30,0.00,0.00,1,Dragon Wave_AZ0,0.05,0.05hrs
17/07/2026 08:44:35,buy,0.01,AUDJPY,113.30300,17/07/2026 08:48:01,113.32400,-0.05,0.00,2.10,0.08,0.08,2.10,-0.04,0.00,1,Dragon Wave_CZ0,0.06,0.06hrs
17/07/2026 08:45:05,buy,0.01,XAGUSD,55.27800,17/07/2026 08:47:46,55.26500,-0.10,0.00,-130.00,-0.75,0.00,0.00,-0.90,-160.00,1,Dragon Wave_AZ0,0.04,0.04hrs
17/07/2026 08:46:19,buy,0.02,XAGUSD,55.20800,17/07/2026 08:47:42,55.24400,-0.20,0.00,360.00,3.40,3.40,360.00,0.00,0.00,1,Dragon Wave_AZ1,0.02,0.02hrs
17/07/2026 08:42:31,buy,0.01,CADCHF,0.57615,17/07/2026 08:46:34,0.57623,-0.05,0.00,0.80,0.05,0.05,0.80,-0.10,-0.40,1,Dragon Wave_CZ0,0.07,0.07hrs
17/07/2026 08:35:25,buy,0.02,USDCAD,1.40331,17/07/2026 08:44:37,1.40346,-0.10,0.00,1.50,0.11,0.11,1.50,-0.26,-1.10,1,Dragon Wave_CZ1,0.15,0.15hrs
17/07/2026 08:30:41,buy,0.01,USDCAD,1.40345,17/07/2026 08:44:37,1.40346,-0.05,0.00,0.10,-0.04,0.00,0.10,-0.23,-2.50,1,Dragon Wave_CZ0,0.23,0.23hrs
17/07/2026 08:38:15,buy,0.01,NZDCHF,0.47205,17/07/2026 08:42:10,0.47207,-0.05,0.00,0.20,-0.03,0.00,0.20,-0.03,0.00,1,Dragon Wave_AZ0,0.07,0.07hrs
17/07/2026 08:25:34,buy,0.01,XAGUSD,55.03700,17/07/2026 08:30:31,55.18000,-0.10,0.00,1430.00,7.05,7.05,1430.00,0.00,0.00,1,Dragon Wave_CZ0,0.08,0.08hrs
17/07/2026 08:29:33,buy,0.01,XAGUSD,55.04600,17/07/2026 08:30:13,55.07900,-0.10,0.00,330.00,1.55,1.55,330.00,0.00,0.00,1,Dragon Wave_BZ0,0.01,0.01hrs
17/07/2026 08:25:28,buy,0.01,XAGUSD,55.01900,17/07/2026 08:28:00,55.06800,-0.10,0.00,490.00,2.35,2.35,490.00,0.00,0.00,1,Dragon Wave_BZ0,0.04,0.04hrs
17/07/2026 08:25:28,buy,0.01,EURUSD,1.14360,17/07/2026 08:26:27,1.14365,-0.05,0.00,0.00,0.00,0.00,0.00,0.00,0.00,1,Dragon Wave_CZ0,0.02,0.02hrs
17/07/2026 08:16:25,buy,0.01,EURUSD,1.14355,17/07/2026 08:17:28,1.14371,-0.05,0.00,1.60,0.11,0.11,1.60,0.00,0.00,1,Dragon Wave_BZ0,0.02,0.02hrs
17/07/2026 08:16:18,buy,0.01,XAGUSD,55.09700,17/07/2026 08:17:20,55.15700,-0.10,0.00,600.00,2.90,2.90,600.00,0.00,0.00,1,Dragon Wave_BZ0,0.02,0.02hrs
17/07/2026 08:16:19,buy,0.01,XAUUSD,3976.57000,17/07/2026 08:17:17,3979.05000,-0.14,0.00,24.80,2.34,2.34,24.80,0.00,0.00,1,Dragon Wave_BZ0,0.02,0.02hrs
17/07/2026 08:16:25,buy,0.01,XAUUSD,3976.37000,17/07/2026 08:17:16,3978.94000,-0.14,0.00,25.70,2.43,2.43,25.70,0.00,0.00,1,Dragon Wave_CZ0,0.01,0.01hrs
17/07/2026 08:07:28,buy,0.01,XAUUSD,3978.89000,17/07/2026 08:10:24,3979.52000,-0.14,0.00,6.30,0.49,0.49,6.30,0.00,0.00,1,Dragon Wave_CZ0,0.05,0.05hrs
17/07/2026 08:03:12,buy,0.01,XAUUSD,3981.46000,17/07/2026 08:03:46,3981.85000,-0.14,0.00,3.90,0.25,0.25,3.90,0.00,0.00,1,Dragon Wave_CZ0,0.01,0.01hrs
16/07/2026 20:44:14,buy,0.03,USDCHF,0.80919,17/07/2026 04:36:57,0.80855,-0.15,0.20,-6.40,-2.32,0.00,0.00,-4.11,-11.20,1,Dragon Wave_CZ2,7.88,7.88hrs
16/07/2026 20:30:28,buy,0.02,USDCHF,0.80932,17/07/2026 04:36:57,0.80855,-0.10,0.13,-7.70,-1.87,0.00,0.00,-3.06,-12.50,1,Dragon Wave_CZ1,8.11,8.11hrs
16/07/2026 20:18:05,buy,0.01,USDCHF,0.80945,17/07/2026 04:36:57,0.80856,-0.05,0.07,-8.90,-1.08,0.00,0.00,-1.69,-13.80,1,Dragon Wave_CZ0,8.31,8.31hrs
17/07/2026 02:36:33,buy,0.11,USDCHF,0.80848,17/07/2026 04:36:56,0.80855,-0.55,0.00,0.70,0.40,0.40,0.70,-6.13,-4.10,1,Dragon Wave_CZ5,2.01,2.01hrs
16/07/2026 23:39:39,buy,0.07,USDCHF,0.80876,17/07/2026 04:36:56,0.80855,-0.35,0.47,-2.10,-1.70,0.00,0.00,-5.86,-6.90,1,Dragon Wave_CZ4,4.95,4.95hrs
16/07/2026 20:49:01,buy,0.04,USDCHF,0.80903,17/07/2026 04:36:56,0.80855,-0.20,0.27,-4.80,-2.30,0.20,0.80,-4.68,-9.60,1,Dragon Wave_CZ3,7.80,7.80hrs
17/07/2026 04:02:03,buy,0.29,USDCHF,0.80821,17/07/2026 04:36:55,0.80855,-1.45,0.00,3.40,10.74,10.74,3.40,-3.24,-0.50,1,Dragon Wave_CZ7,0.58,0.58hrs
17/07/2026 03:38:34,buy,0.18,USDCHF,0.80837,17/07/2026 04:36:55,0.80856,-0.90,0.00,1.90,3.33,3.33,1.90,-7.58,-3.00,1,Dragon Wave_CZ6,0.97,0.97hrs
16/07/2026 20:47:34,buy,0.02,USDJPY,162.44900,17/07/2026 02:57:08,162.38200,-0.10,0.00,-6.70,-0.93,0.00,0.00,-1.62,-12.30,1,Dragon Wave_BZ1,6.16,6.16hrs
16/07/2026 20:44:17,buy,0.01,USDJPY,162.47700,17/07/2026 02:57:08,162.38200,-0.05,0.00,-9.50,-0.64,0.00,0.00,-0.98,-15.10,1,Dragon Wave_BZ0,6.21,6.21hrs
17/07/2026 01:03:42,buy,0.07,USDJPY,162.32100,17/07/2026 02:57:07,162.38100,-0.35,0.00,6.00,2.24,2.24,6.00,-0.13,0.00,1,Dragon Wave_BZ4,1.89,1.89hrs
17/07/2026 01:01:23,buy,0.04,USDJPY,162.35200,17/07/2026 02:57:07,162.38100,-0.20,0.00,2.90,0.51,0.51,2.90,-0.84,-2.60,1,Dragon Wave_BZ3,1.93,1.93hrs
16/07/2026 21:12:54,buy,0.03,USDJPY,162.38900,17/07/2026 02:57:07,162.38200,-0.15,-0.01,-0.70,-0.29,0.55,3.80,-1.32,-6.30,1,Dragon Wave_BZ2,5.74,5.74hrs
16/07/2026 18:55:39,buy,0.01,AUDJPY,113.74000,17/07/2026 00:44:06,113.59800,-0.05,0.03,-14.20,-0.89,0.00,0.00,-1.64,-26.30,1,Dragon Wave_BZ0,5.81,5.81hrs
16/07/2026 19:21:02,buy,0.04,AUDJPY,113.65600,17/07/2026 00:44:05,113.59800,-0.20,0.13,-5.80,-1.50,0.00,0.30,-4.48,-17.90,1,Dragon Wave_BZ3,5.38,5.38hrs
16/07/2026 19:06:19,buy,0.03,AUDJPY,113.69000,17/07/2026 00:44:05,113.59800,-0.15,0.10,-9.20,-1.75,0.00,0.00,-3.98,-21.30,1,Dragon Wave_BZ2,5.63,5.63hrs
16/07/2026 18:58:06,buy,0.02,AUDJPY,113.72300,17/07/2026 00:44:05,113.59800,-0.10,0.07,-12.50,-1.57,0.00,0.00,-3.06,-24.60,1,Dragon Wave_BZ1,5.77,5.77hrs
16/07/2026 20:58:11,buy,0.18,AUDJPY,113.57200,17/07/2026 00:44:04,113.59800,-0.90,0.60,2.60,2.58,2.80,3.00,-10.83,-9.50,1,Dragon Wave_BZ6,3.76,3.76hrs
16/07/2026 20:14:43,buy,0.11,AUDJPY,113.58800,17/07/2026 00:44:04,113.59800,-0.55,0.36,1.00,0.49,1.01,2.30,-7.71,-11.10,1,Dragon Wave_BZ5,4.49,4.49hrs
16/07/2026 20:02:37,buy,0.07,AUDJPY,113.61500,17/07/2026 00:44:04,113.59800,-0.35,0.23,-1.70,-0.85,0.00,0.00,-6.07,-13.80,1,Dragon Wave_BZ4,4.69,4.69hrs
16/07/2026 18:58:12,buy,0.02,AUDUSD,0.70015,16/07/2026 23:50:38,0.69965,-0.10,0.00,-5.00,-1.10,0.00,0.00,-2.24,-10.70,1,Dragon Wave_BZ1,4.87,4.87hrs
16/07/2026 18:56:30,buy,0.01,AUDUSD,0.70018,16/07/2026 23:50:38,0.69965,-0.05,0.00,-5.30,-0.58,0.00,0.00,-1.15,-11.00,1,Dragon Wave_BZ0,4.90,4.90hrs
16/07/2026 19:25:50,buy,0.07,AUDUSD,0.69928,16/07/2026 23:50:37,0.69965,-0.35,0.00,3.70,2.24,2.24,3.70,-1.75,-2.00,1,Dragon Wave_BZ4,4.41,4.41hrs
16/07/2026 19:20:13,buy,0.04,AUDUSD,0.69945,16/07/2026 23:50:37,0.69965,-0.20,0.00,2.00,0.60,0.60,2.00,-1.68,-3.70,1,Dragon Wave_BZ3,4.51,4.51hrs
16/07/2026 19:07:59,buy,0.03,AUDUSD,0.69987,16/07/2026 23:50:37,0.69965,-0.15,0.00,-2.20,-0.81,0.00,0.00,-2.52,-7.90,1,Dragon Wave_BZ2,4.71,4.71hrs
16/07/2026 21:49:49,buy,0.02,USDCAD,1.40498,16/07/2026 23:24:22,1.40520,-0.10,0.00,2.20,0.21,0.21,2.20,-0.48,-2.70,1,Dragon Wave_CZ1,1.58,1.58hrs
16/07/2026 21:09:16,buy,0.01,USDCAD,1.40526,16/07/2026 23:24:22,1.40520,-0.05,0.00,-0.60,-0.09,0.00,0.50,-0.44,-5.50,1,Dragon Wave_CZ0,2.25,2.25hrs
16/07/2026 19:06:01,buy,0.02,AUDJPY,113.69900,16/07/2026 22:54:19,113.60300,-0.10,0.00,-9.60,-1.28,0.00,0.00,-1.91,-14.70,1,Dragon Wave_AZ1,3.81,3.81hrs
16/07/2026 18:56:59,buy,0.01,AUDJPY,113.72300,16/07/2026 22:54:19,113.60300,-0.05,0.00,-12.00,-0.79,0.00,0.00,-1.10,-17.10,1,Dragon Wave_AZ0,3.96,3.96hrs
16/07/2026 20:14:33,buy,0.11,AUDJPY,113.59600,16/07/2026 22:54:18,113.60200,-0.55,0.00,0.60,-0.15,0.46,1.50,-3.53,-4.40,1,Dragon Wave_AZ5,2.66,2.66hrs
16/07/2026 20:03:16,buy,0.07,AUDJPY,113.61500,16/07/2026 22:54:18,113.60300,-0.35,0.00,-1.20,-0.87,0.00,0.00,-3.07,-6.30,1,Dragon Wave_AZ4,2.85,2.85hrs
16/07/2026 19:20:45,buy,0.04,AUDJPY,113.64500,16/07/2026 22:54:18,113.60300,-0.20,0.00,-4.20,-1.23,0.14,1.40,-2.49,-9.30,1,Dragon Wave_AZ3,3.56,3.56hrs
16/07/2026 19:10:43,buy,0.03,AUDJPY,113.67600,16/07/2026 22:54:18,113.60300,-0.15,0.00,-7.30,-1.50,0.00,0.00,-2.44,-12.40,1,Dragon Wave_AZ2,3.73,3.73hrs
16/07/2026 22:36:46,buy,0.29,AUDJPY,113.55800,16/07/2026 22:54:17,113.60300,-1.45,0.00,4.50,6.58,6.58,4.50,-2.52,-0.60,1,Dragon Wave_AZ7,0.29,0.29hrs
16/07/2026 20:56:11,buy,0.18,AUDJPY,113.59000,16/07/2026 22:54:17,113.60200,-0.90,0.00,1.20,0.43,0.43,1.20,-5.11,-3.80,1,Dragon Wave_AZ6,1.97,1.97hrs
16/07/2026 17:40:58,buy,0.02,GBPUSD,1.35019,16/07/2026 22:54:13,1.34743,-0.10,0.00,-27.60,-5.62,0.00,0.00,-8.50,-42.00,1,Dragon Wave_CZ1,5.22,5.22hrs
16/07/2026 17:38:02,buy,0.01,GBPUSD,1.35060,16/07/2026 22:54:13,1.34743,-0.05,0.00,-31.70,-3.22,0.00,0.00,-4.66,-46.10,1,Dragon Wave_CZ0,5.27,5.27hrs
16/07/2026 19:03:19,buy,0.07,GBPUSD,1.34791,16/07/2026 22:54:12,1.34742,-0.35,0.00,-4.90,-3.78,0.00,0.00,-13.79,-19.20,1,Dragon Wave_CZ4,3.85,3.85hrs
16/07/2026 18:01:33,buy,0.04,GBPUSD,1.34877,16/07/2026 22:54:12,1.34743,-0.20,0.00,-13.40,-5.56,0.00,0.00,-11.32,-27.80,1,Dragon Wave_CZ3,4.88,4.88hrs
16/07/2026 17:51:20,buy,0.03,GBPUSD,1.34945,16/07/2026 22:54:12,1.34743,-0.15,0.00,-20.20,-6.21,0.00,0.00,-10.53,-34.60,1,Dragon Wave_CZ2,5.05,5.05hrs
16/07/2026 20:03:36,buy,0.18,GBPUSD,1.34630,16/07/2026 22:54:11,1.34743,-0.90,0.00,11.30,19.44,19.44,11.30,-6.48,-3.10,1,Dragon Wave_CZ6,2.84,2.84hrs
16/07/2026 19:26:04,buy,0.11,GBPUSD,1.34688,16/07/2026 22:54:11,1.34742,-0.55,0.00,5.40,5.39,5.39,5.40,-10.34,-8.90,1,Dragon Wave_CZ5,3.47,3.47hrs
16/07/2026 16:58:32,buy,0.01,GBPAUD,1.92876,16/07/2026 22:46:57,1.92636,-0.05,0.00,-24.00,-1.73,0.00,0.00,-2.70,-37.80,1,Dragon Wave_AZ0,5.81,5.81hrs
16/07/2026 17:10:32,buy,0.04,GBPAUD,1.92777,16/07/2026 22:46:56,1.92636,-0.20,0.00,-14.10,-4.15,0.00,0.00,-8.02,-27.90,1,Dragon Wave_AZ3,5.61,5.61hrs
16/07/2026 17:08:37,buy,0.03,GBPAUD,1.92806,16/07/2026 22:46:56,1.92636,-0.15,0.00,-17.00,-3.72,0.00,0.00,-6.62,-30.80,1,Dragon Wave_AZ2,5.64,5.64hrs
16/07/2026 17:04:52,buy,0.02,GBPAUD,1.92837,16/07/2026 22:46:56,1.92636,-0.10,0.00,-20.10,-2.91,0.00,0.00,-4.85,-33.90,1,Dragon Wave_AZ1,5.70,5.70hrs
16/07/2026 18:02:31,buy,0.18,GBPAUD,1.92538,16/07/2026 22:46:55,1.92667,-0.90,0.00,12.90,15.34,15.34,12.90,-5.94,-4.00,1,Dragon Wave_AZ6,4.74,4.74hrs
16/07/2026 17:41:18,buy,0.11,GBPAUD,1.92637,16/07/2026 22:46:55,1.92636,-0.55,0.00,-0.10,-0.62,0.00,0.00,-11.26,-13.90,1,Dragon Wave_AZ5,5.09,5.09hrs
16/07/2026 17:28:17,buy,0.07,GBPAUD,1.92725,16/07/2026 22:46:55,1.92636,-0.35,0.00,-8.90,-4.70,0.00,0.00,-11.48,-22.70,1,Dragon Wave_AZ4,5.31,5.31hrs
16/07/2026 22:00:13,buy,0.01,NZDCHF,0.47253,16/07/2026 22:41:15,0.47253,-0.05,0.00,0.00,-0.05,0.00,0.00,-0.28,-1.90,1,Dragon Wave_CZ0,0.68,0.68hrs
16/07/2026 22:07:22,buy,0.02,NZDCHF,0.47245,16/07/2026 22:41:14,0.47253,-0.10,0.00,0.80,0.09,0.09,0.80,-0.37,-1.10,1,Dragon Wave_CZ1,0.56,0.56hrs
16/07/2026 20:30:13,buy,0.02,USDJPY,162.47200,16/07/2026 22:27:39,162.43200,-0.10,0.00,-4.00,-0.59,0.02,1.00,-1.25,-9.30,1,Dragon Wave_AZ1,1.96,1.96hrs
16/07/2026 20:20:03,buy,0.01,USDJPY,162.48800,16/07/2026 22:27:39,162.43200,-0.05,0.00,-5.60,-0.39,0.00,0.50,-0.72,-10.90,1,Dragon Wave_AZ0,2.13,2.13hrs
16/07/2026 21:12:33,buy,0.07,USDJPY,162.38700,16/07/2026 22:27:38,162.43100,-0.35,0.00,4.40,1.55,1.55,4.40,-0.70,-0.80,1,Dragon Wave_AZ4,1.25,1.25hrs
16/07/2026 20:57:52,buy,0.04,USDJPY,162.41600,16/07/2026 22:27:38,162.43100,-0.20,0.00,1.50,0.17,0.17,1.50,-1.11,-3.70,1,Dragon Wave_AZ3,1.50,1.50hrs
16/07/2026 20:47:18,buy,0.03,USDJPY,162.44800,16/07/2026 22:27:38,162.43100,-0.15,0.00,-1.70,-0.46,0.00,0.00,-1.42,-6.90,1,Dragon Wave_AZ2,1.67,1.67hrs
16/07/2026 21:41:19,buy,0.01,USDCAD,1.40526,16/07/2026 22:27:10,1.40516,-0.05,0.00,-1.00,-0.12,0.00,0.00,-0.44,-5.50,1,Dragon Wave_BZ0,0.76,0.76hrs
16/07/2026 22:01:54,buy,0.04,USDCAD,1.40474,16/07/2026 22:27:09,1.40516,-0.20,0.00,4.20,1.00,1.00,4.20,-0.29,-0.30,1,Dragon Wave_BZ3,0.42,0.42hrs
16/07/2026 21:48:30,buy,0.03,USDCAD,1.40499,16/07/2026 22:27:09,1.40516,-0.15,0.00,1.70,0.21,0.21,1.70,-0.75,-2.80,1,Dragon Wave_BZ2,0.64,0.64hrs
16/07/2026 21:42:50,buy,0.02,USDCAD,1.40521,16/07/2026 22:27:09,1.40516,-0.10,0.00,-0.50,-0.17,0.00,0.00,-0.81,-5.00,1,Dragon Wave_BZ1,0.74,0.74hrs
16/07/2026 20:46:39,buy,0.01,USDJPY,162.46000,16/07/2026 22:24:22,162.41800,-0.05,0.00,-4.20,-0.31,0.00,0.00,-0.55,-8.10,1,Dragon Wave_CZ0,1.63,1.63hrs
16/07/2026 21:13:19,buy,0.04,USDJPY,162.39000,16/07/2026 22:24:21,162.41800,-0.20,0.00,2.80,0.49,0.49,2.80,-0.47,-1.10,1,Dragon Wave_CZ3,1.18,1.18hrs
16/07/2026 21:11:29,buy,0.03,USDJPY,162.40000,16/07/2026 22:24:21,162.41800,-0.15,0.00,1.80,0.18,0.18,1.80,-0.54,-2.10,1,Dragon Wave_CZ2,1.21,1.21hrs
16/07/2026 20:48:36,buy,0.02,USDJPY,162.43900,16/07/2026 22:24:21,162.41800,-0.10,0.00,-2.10,-0.36,0.00,0.00,-0.84,-6.00,1,Dragon Wave_CZ1,1.60,1.60hrs
16/07/2026 21:48:21,buy,0.03,USDCAD,1.40497,16/07/2026 22:22:52,1.40494,-0.15,0.00,-0.30,-0.21,0.02,0.80,-0.71,-2.60,1,Dragon Wave_AZ2,0.58,0.58hrs
16/07/2026 21:42:26,buy,0.02,USDCAD,1.40518,16/07/2026 22:22:52,1.40494,-0.10,0.00,-2.40,-0.44,0.00,0.00,-0.77,-4.70,1,Dragon Wave_AZ1,0.67,0.67hrs
16/07/2026 21:40:07,buy,0.01,USDCAD,1.40528,16/07/2026 22:22:52,1.40494,-0.05,0.00,-3.40,-0.29,0.00,0.00,-0.46,-5.70,1,Dragon Wave_AZ0,0.71,0.71hrs
16/07/2026 22:01:36,buy,0.07,USDCAD,1.40467,16/07/2026 22:22:51,1.40494,-0.35,0.00,2.70,1.00,1.00,2.70,-0.15,0.00,1,Dragon Wave_AZ4,0.35,0.35hrs
16/07/2026 21:57:16,buy,0.04,USDCAD,1.40486,16/07/2026 22:22:51,1.40494,-0.20,0.00,0.80,0.03,0.03,0.80,-0.63,-1.50,1,Dragon Wave_AZ3,0.43,0.43hrs
16/07/2026 20:33:27,buy,0.01,EURJPY,185.78900,16/07/2026 22:05:54,185.76300,-0.05,0.00,-2.60,-0.21,0.00,0.10,-0.48,-7.00,1,Dragon Wave_BZ0,1.54,1.54hrs
16/07/2026 20:59:33,buy,0.02,EURJPY,185.75200,16/07/2026 22:05:53,185.78300,-0.10,0.00,3.10,0.28,0.28,3.10,-0.51,-3.30,1,Dragon Wave_BZ1,1.11,1.11hrs
16/07/2026 19:25:12,buy,0.02,GBPJPY,218.87600,16/07/2026 22:02:02,218.77400,-0.10,0.00,-10.20,-1.35,0.02,1.00,-2.54,-19.80,1,Dragon Wave_BZ1,2.61,2.61hrs
16/07/2026 19:10:06,buy,0.01,GBPJPY,218.93200,16/07/2026 22:02:02,218.77400,-0.05,0.00,-15.80,-1.03,0.00,0.00,-1.61,-25.40,1,Dragon Wave_BZ0,2.87,2.87hrs
16/07/2026 21:03:50,buy,0.07,GBPJPY,218.70300,16/07/2026 22:02:01,218.77500,-0.35,0.00,7.20,2.76,2.76,7.20,-1.25,-2.10,1,Dragon Wave_BZ4,0.97,0.97hrs
16/07/2026 20:08:23,buy,0.04,GBPJPY,218.73700,16/07/2026 22:02:01,218.77500,-0.20,0.00,3.80,0.74,1.72,7.80,-1.65,-5.90,1,Dragon Wave_BZ3,1.89,1.89hrs
16/07/2026 19:57:16,buy,0.03,GBPJPY,218.82100,16/07/2026 22:02:01,218.77400,-0.15,0.00,-4.70,-1.02,0.00,0.00,-2.79,-14.30,1,Dragon Wave_BZ2,2.08,2.08hrs
16/07/2026 20:33:10,buy,0.01,EURJPY,185.80500,16/07/2026 22:01:58,185.77700,-0.05,0.00,-2.80,-0.22,0.00,0.00,-0.58,-8.60,1,Dragon Wave_AZ0,1.48,1.48hrs
16/07/2026 21:05:13,buy,0.03,EURJPY,185.73600,16/07/2026 22:01:57,185.77700,-0.15,0.00,4.10,0.61,0.61,4.10,-0.46,-1.70,1,Dragon Wave_AZ2,0.95,0.95hrs
16/07/2026 20:56:22,buy,0.02,EURJPY,185.77700,16/07/2026 22:01:57,185.77700,-0.10,0.00,0.00,-0.10,0.00,0.00,-0.81,-5.80,1,Dragon Wave_AZ1,1.09,1.09hrs
16/07/2026 21:57:31,buy,0.01,XAUUSD,3980.83000,16/07/2026 22:01:38,3981.96000,-0.14,0.00,11.30,0.99,0.99,11.30,-0.26,-1.20,1,Dragon Wave_AZ0,0.07,0.07hrs
16/07/2026 17:52:46,buy,0.01,AUDUSD,0.70051,16/07/2026 22:01:25,0.69959,-0.05,0.00,-9.20,-0.97,0.00,0.00,-1.48,-14.30,1,Dragon Wave_CZ0,4.14,4.14hrs
16/07/2026 19:20:30,buy,0.04,AUDUSD,0.69944,16/07/2026 22:01:24,0.69959,-0.20,0.00,1.50,0.40,0.40,1.50,-1.64,-3.60,1,Dragon Wave_CZ3,2.68,2.68hrs
16/07/2026 19:14:39,buy,0.03,AUDUSD,0.69967,16/07/2026 22:01:24,0.69958,-0.15,0.00,-0.90,-0.42,0.00,0.00,-1.92,-5.90,1,Dragon Wave_CZ2,2.78,2.78hrs
16/07/2026 19:03:12,buy,0.02,AUDUSD,0.70003,16/07/2026 22:01:24,0.69958,-0.10,0.00,-4.50,-1.00,0.00,0.00,-2.00,-9.50,1,Dragon Wave_CZ1,2.97,2.97hrs
16/07/2026 20:04:35,buy,0.07,AUDUSD,0.69918,16/07/2026 22:01:23,0.69959,-0.35,0.00,4.10,2.52,2.52,4.10,-1.05,-1.00,1,Dragon Wave_CZ4,1.95,1.95hrs
16/07/2026 21:56:54,buy,0.01,XAUUSD,3980.97000,16/07/2026 22:00:45,3981.74000,-0.14,0.00,7.70,0.63,0.63,7.70,-0.40,-2.60,1,Dragon Wave_CZ0,0.06,0.06hrs
16/07/2026 21:58:28,buy,0.01,CADCHF,0.57582,16/07/2026 22:00:24,0.57587,-0.05,0.00,0.50,0.01,0.01,0.50,-0.03,0.00,1,Dragon Wave_AZ0,0.03,0.03hrs
16/07/2026 17:35:47,buy,0.01,AUDUSD,0.70109,16/07/2026 21:56:33,0.69951,-0.05,0.00,-15.80,-1.63,0.00,0.00,-2.06,-20.10,1,Dragon Wave_AZ0,4.35,4.35hrs
16/07/2026 19:01:25,buy,0.07,AUDUSD,0.70012,16/07/2026 21:56:32,0.69951,-0.35,0.00,-6.10,-4.62,0.00,0.00,-7.63,-10.40,1,Dragon Wave_AZ4,2.92,2.92hrs
16/07/2026 17:54:20,buy,0.04,AUDUSD,0.70044,16/07/2026 21:56:32,0.69951,-0.20,0.00,-9.30,-3.92,0.00,0.00,-5.64,-13.60,1,Dragon Wave_AZ3,4.04,4.04hrs
16/07/2026 17:49:27,buy,0.03,AUDUSD,0.70090,16/07/2026 21:56:32,0.69951,-0.15,0.00,-13.90,-4.32,0.00,0.00,-5.61,-18.20,1,Dragon Wave_AZ2,4.12,4.12hrs
16/07/2026 17:36:59,buy,0.02,AUDUSD,0.70107,16/07/2026 21:56:32,0.69951,-0.10,0.00,-15.60,-3.22,0.00,0.00,-4.08,-19.90,1,Dragon Wave_AZ1,4.33,4.33hrs
16/07/2026 19:19:50,buy,0.29,AUDUSD,0.69960,16/07/2026 21:56:31,0.69953,-1.45,0.00,-0.70,-3.48,0.00,0.00,-16.53,-5.20,1,Dragon Wave_AZ7,2.61,2.61hrs
16/07/2026 19:05:15,buy,0.18,AUDUSD,0.69987,16/07/2026 21:56:31,0.69953,-0.90,0.00,-3.40,-7.02,0.00,0.00,-15.12,-7.90,1,Dragon Wave_AZ6,2.85,2.85hrs
16/07/2026 19:02:36,buy,0.11,AUDUSD,0.70006,16/07/2026 21:56:31,0.69950,-0.55,0.00,-5.60,-6.71,0.00,0.00,-11.33,-9.80,1,Dragon Wave_AZ5,2.90,2.90hrs
16/07/2026 20:06:45,buy,0.76,AUDUSD,0.69911,16/07/2026 21:56:30,0.69953,-3.80,0.00,4.20,28.12,28.12,4.20,-6.08,-0.30,1,Dragon Wave_AZ9,1.83,1.83hrs
16/07/2026 19:21:13,buy,0.47,AUDUSD,0.69946,16/07/2026 21:56:30,0.69953,-2.35,0.00,0.70,0.94,0.94,0.70,-20.21,-3.80,1,Dragon Wave_AZ8,2.59,2.59hrs
16/07/2026 21:52:42,buy,0.01,XAUUSD,3981.56000,16/07/2026 21:56:19,3982.42000,-0.14,0.00,8.60,0.72,0.72,8.60,-0.82,-6.80,1,Dragon Wave_BZ0,0.06,0.06hrs
16/07/2026 18:58:38,buy,0.02,NZDJPY,94.91900,16/07/2026 21:56:08,94.87000,-0.10,0.00,-4.90,-0.70,0.00,0.00,-1.53,-11.60,1,Dragon Wave_BZ1,2.96,2.96hrs
16/07/2026 18:56:39,buy,0.01,NZDJPY,94.94500,16/07/2026 21:56:08,94.87000,-0.05,0.00,-7.50,-0.51,0.00,0.00,-0.92,-14.20,1,Dragon Wave_BZ0,2.99,2.99hrs
16/07/2026 20:09:03,buy,0.04,NZDJPY,94.81600,16/07/2026 21:56:07,94.87000,-0.20,0.00,5.40,1.13,1.13,5.40,-0.52,-1.30,1,Dragon Wave_BZ3,1.78,1.78hrs
16/07/2026 19:21:23,buy,0.03,NZDJPY,94.85900,16/07/2026 21:56:07,94.87000,-0.15,0.00,1.10,0.06,0.06,1.10,-1.18,-5.60,1,Dragon Wave_BZ2,2.58,2.58hrs
16/07/2026 21:53:46,buy,0.01,EURUSD,1.14369,16/07/2026 21:56:01,1.14375,-0.05,0.00,0.60,0.01,0.01,0.60,0.00,0.00,1,Dragon Wave_AZ0,0.04,0.04hrs
16/07/2026 21:53:41,buy,0.01,CADCHF,0.57582,16/07/2026 21:55:58,0.57592,-0.05,0.00,1.00,0.07,0.07,1.00,-0.06,-0.10,1,Dragon Wave_BZ0,0.04,0.04hrs
16/07/2026 21:53:20,buy,0.02,XAUUSD,3981.10000,16/07/2026 21:55:57,3982.12000,-0.29,0.00,10.20,1.75,1.75,10.20,-0.73,-2.20,1,Dragon Wave_AZ1,0.04,0.04hrs
16/07/2026 21:52:13,buy,0.01,XAUUSD,3982.48000,16/07/2026 21:55:57,3982.12000,-0.14,0.00,-3.60,-0.50,0.00,0.00,-1.74,-16.00,1,Dragon Wave_AZ0,0.06,0.06hrs
16/07/2026 21:53:19,buy,0.02,CADCHF,0.57583,16/07/2026 21:55:51,0.57591,-0.10,0.00,0.80,0.10,0.10,0.80,-0.15,-0.20,1,Dragon Wave_AZ1,0.04,0.04hrs
16/07/2026 21:51:21,buy,0.01,CADCHF,0.57586,16/07/2026 21:55:51,0.57591,-0.05,0.00,0.50,0.01,0.01,0.50,-0.11,-0.50,1,Dragon Wave_AZ0,0.07,0.07hrs
16/07/2026 21:53:07,buy,0.01,NZDCHF,0.47254,16/07/2026 21:55:34,0.47262,-0.05,0.00,0.80,0.05,0.05,0.80,-0.05,0.00,1,Dragon Wave_BZ0,0.04,0.04hrs
16/07/2026 21:52:45,buy,0.01,NZDCHF,0.47254,16/07/2026 21:55:22,0.47260,-0.05,0.00,0.60,0.02,0.02,0.60,-0.05,0.00,1,Dragon Wave_AZ0,0.04,0.04hrs
16/07/2026 21:48:04,buy,0.01,XAUUSD,3982.47000,16/07/2026 21:50:53,3983.43000,-0.14,0.00,9.60,0.82,0.82,9.60,0.00,0.00,1,Dragon Wave_AZ0,0.05,0.05hrs
16/07/2026 21:46:33,buy,0.01,CADCHF,0.57584,16/07/2026 21:49:51,0.57589,-0.05,0.00,0.50,0.01,0.01,0.50,0.00,0.00,1,Dragon Wave_AZ0,0.06,0.06hrs
16/07/2026 21:29:21,buy,0.01,XAUUSD,3986.18000,16/07/2026 21:43:51,3982.57000,-0.14,0.00,-36.10,-3.75,0.00,0.00,-8.75,-86.10,1,Dragon Wave_AZ0,0.24,0.24hrs
16/07/2026 21:35:16,buy,0.04,XAUUSD,3979.18000,16/07/2026 21:43:50,3982.55000,-0.57,0.00,33.70,12.91,12.91,33.70,-7.01,-16.10,1,Dragon Wave_AZ3,0.14,0.14hrs
16/07/2026 21:31:40,buy,0.03,XAUUSD,3983.99000,16/07/2026 21:43:50,3982.54000,-0.43,0.00,-14.50,-4.78,0.00,0.00,-19.69,-64.20,1,Dragon Wave_AZ2,0.20,0.20hrs
16/07/2026 21:30:10,buy,0.02,XAUUSD,3985.31000,16/07/2026 21:43:50,3982.54000,-0.29,0.00,-27.70,-5.83,0.00,0.00,-15.77,-77.40,1,Dragon Wave_AZ1,0.23,0.23hrs
16/07/2026 21:30:39,buy,0.01,AUDJPY,113.56600,16/07/2026 21:43:47,113.57800,-0.05,0.00,1.20,0.03,0.03,1.20,-0.06,-0.10,1,Dragon Wave_CZ0,0.22,0.22hrs
16/07/2026 21:40:48,buy,0.01,CADCHF,0.57576,16/07/2026 21:43:37,0.57584,-0.05,0.00,0.80,0.05,0.05,0.80,-0.06,-0.10,1,Dragon Wave_CZ0,0.05,0.05hrs
16/07/2026 21:31:12,buy,0.02,XAGUSD,55.63800,16/07/2026 21:43:28,55.58500,-0.20,0.00,-530.00,-5.50,0.00,0.00,-28.70,-2850.00,1,Dragon Wave_CZ1,0.20,0.20hrs
16/07/2026 21:26:27,buy,0.01,XAGUSD,55.75500,16/07/2026 21:43:28,55.58500,-0.10,0.00,-1700.00,-8.60,0.00,0.00,-20.20,-4020.00,1,Dragon Wave_CZ0,0.28,0.28hrs
16/07/2026 21:34:54,buy,0.03,XAGUSD,55.47400,16/07/2026 21:43:27,55.58100,-0.30,0.00,1070.00,15.75,15.75,1070.00,-18.45,-1210.00,1,Dragon Wave_CZ2,0.14,0.14hrs
16/07/2026 21:34:10,buy,0.02,XAUUSD,3981.54000,16/07/2026 21:43:26,3983.36000,-0.29,0.00,18.20,3.35,3.35,18.20,-8.23,-39.70,1,Dragon Wave_BZ1,0.15,0.15hrs
16/07/2026 21:30:24,buy,0.01,XAUUSD,3984.31000,16/07/2026 21:43:26,3983.36000,-0.14,0.00,-9.50,-1.09,0.00,0.00,-6.88,-67.40,1,Dragon Wave_BZ0,0.22,0.22hrs
16/07/2026 21:31:55,buy,0.02,NZDCHF,0.47244,16/07/2026 21:43:03,0.47256,-0.10,0.00,1.20,0.20,0.20,1.20,-0.17,-0.30,1,Dragon Wave_AZ1,0.19,0.19hrs
16/07/2026 21:29:19,buy,0.01,NZDCHF,0.47246,16/07/2026 21:43:03,0.47256,-0.05,0.00,1.00,0.08,0.08,1.00,-0.11,-0.50,1,Dragon Wave_AZ0,0.23,0.23hrs
16/07/2026 21:40:27,buy,0.01,CADCHF,0.57575,16/07/2026 21:42:56,0.57585,-0.05,0.00,1.00,0.08,0.08,1.00,-0.05,0.00,1,Dragon Wave_BZ0,0.04,0.04hrs
16/07/2026 21:25:30,buy,0.01,EURUSD,1.14369,16/07/2026 21:42:29,1.14374,-0.05,0.00,0.00,0.00,0.00,0.20,-0.14,-0.90,1,Dragon Wave_BZ0,0.28,0.28hrs
16/07/2026 21:30:40,buy,0.01,NZDCHF,0.47244,16/07/2026 21:42:27,0.47252,-0.05,0.00,0.80,0.05,0.05,0.80,-0.09,-0.30,1,Dragon Wave_BZ0,0.20,0.20hrs
16/07/2026 21:38:14,buy,0.01,CADCHF,0.57575,16/07/2026 21:42:25,0.57581,-0.05,0.00,0.60,0.02,0.02,0.60,-0.05,0.00,1,Dragon Wave_AZ0,0.07,0.07hrs
16/07/2026 21:25:50,buy,0.01,EURUSD,1.14374,16/07/2026 21:42:08,1.14370,-0.05,0.00,-0.40,-0.09,0.00,0.00,-0.19,-1.40,1,Dragon Wave_CZ0,0.27,0.27hrs
16/07/2026 21:35:37,buy,0.02,EURUSD,1.14358,16/07/2026 21:42:07,1.14370,-0.10,0.00,1.20,0.14,0.14,1.20,-0.06,0.00,1,Dragon Wave_CZ1,0.11,0.11hrs
16/07/2026 21:32:26,buy,0.01,XAGUSD,55.57900,16/07/2026 21:41:48,55.49900,-0.10,0.00,-800.00,-4.10,0.00,0.00,-11.40,-2260.00,1,Dragon Wave_BZ0,0.16,0.16hrs
16/07/2026 21:38:06,buy,0.02,XAGUSD,55.38700,16/07/2026 21:41:47,55.49800,-0.20,0.00,1110.00,10.90,10.90,1110.00,-3.60,-340.00,1,Dragon Wave_BZ1,0.06,0.06hrs
16/07/2026 21:33:40,buy,0.03,NZDCAD,0.82051,16/07/2026 21:40:19,0.82060,-0.15,0.00,0.90,0.04,0.04,0.90,-0.26,-0.50,1,Dragon Wave_AZ2,0.11,0.11hrs
16/07/2026 21:29:42,buy,0.02,NZDCAD,0.82059,16/07/2026 21:40:19,0.82060,-0.10,0.00,0.10,-0.08,0.00,0.10,-0.29,-1.30,1,Dragon Wave_AZ1,0.18,0.18hrs
16/07/2026 21:25:47,buy,0.01,NZDCAD,0.82067,16/07/2026 21:40:19,0.82060,-0.05,0.00,-0.70,-0.10,0.00,0.00,-0.20,-2.10,1,Dragon Wave_AZ0,0.24,0.24hrs
16/07/2026 21:12:17,buy,0.02,GBPNZD,2.30595,16/07/2026 21:34:00,2.30632,-0.10,0.00,3.70,0.33,0.33,3.70,-0.47,-3.20,1,Dragon Wave_CZ1,0.36,0.36hrs
16/07/2026 21:05:19,buy,0.01,GBPNZD,2.30657,16/07/2026 21:34:00,2.30632,-0.05,0.00,-2.50,-0.20,0.00,0.00,-0.60,-9.40,1,Dragon Wave_CZ0,0.48,0.48hrs
16/07/2026 21:30:36,buy,0.01,EURUSD,1.14361,16/07/2026 21:32:19,1.14368,-0.05,0.00,0.70,0.02,0.02,0.70,0.00,0.00,1,Dragon Wave_AZ0,0.03,0.03hrs
16/07/2026 20:51:50,buy,0.01,GBPCHF,1.08963,16/07/2026 21:31:37,1.08948,-0.05,0.00,-1.50,-0.24,0.00,0.00,-0.56,-4.10,1,Dragon Wave_BZ0,0.66,0.66hrs
16/07/2026 21:09:43,buy,0.03,GBPCHF,1.08930,16/07/2026 21:31:36,1.08950,-0.15,0.00,2.00,0.59,0.59,2.00,-0.34,-0.50,1,Dragon Wave_BZ2,0.36,0.36hrs
16/07/2026 20:53:56,buy,0.02,GBPCHF,1.08959,16/07/2026 21:31:36,1.08950,-0.10,0.00,-0.90,-0.32,0.00,0.00,-1.01,-3.70,1,Dragon Wave_BZ1,0.63,0.63hrs
16/07/2026 21:30:25,buy,0.01,CADCHF,0.57574,16/07/2026 21:31:08,0.57577,-0.05,0.00,0.30,-0.01,0.00,0.30,-0.01,0.00,1,Dragon Wave_AZ0,0.01,0.01hrs
16/07/2026 21:25:27,buy,0.01,GBPUSD,1.34675,16/07/2026 21:29:13,1.34681,-0.05,0.00,0.60,0.01,0.01,0.60,-0.08,-0.30,1,Dragon Wave_AZ0,0.06,0.06hrs
16/07/2026 21:25:46,buy,0.01,XAUUSD,3986.73000,16/07/2026 21:28:36,3987.42000,-0.14,0.00,6.90,0.55,0.55,6.90,-0.74,-6.00,1,Dragon Wave_BZ0,0.05,0.05hrs
16/07/2026 21:25:58,buy,0.01,XAGUSD,55.78600,16/07/2026 21:28:32,55.79900,-0.10,0.00,130.00,0.55,0.55,130.00,-1.00,-180.00,1,Dragon Wave_BZ0,0.04,0.04hrs
16/07/2026 21:22:34,buy,0.02,CADCHF,0.57561,16/07/2026 21:26:06,0.57577,-0.10,0.00,1.60,0.30,0.30,1.60,0.00,0.00,1,Dragon Wave_AZ1,0.06,0.06hrs
16/07/2026 21:20:44,buy,0.01,CADCHF,0.57571,16/07/2026 21:26:06,0.57575,-0.05,0.00,0.00,0.00,0.00,0.00,-0.07,-0.20,1,Dragon Wave_AZ0,0.09,0.09hrs
16/07/2026 21:21:42,buy,0.01,CADCHF,0.57563,16/07/2026 21:25:38,0.57575,-0.05,0.00,1.20,0.10,0.10,1.20,0.00,0.00,1,Dragon Wave_CZ0,0.07,0.07hrs
16/07/2026 17:52:39,buy,0.01,AUDJPY,113.78300,16/07/2026 21:25:36,113.60900,-0.05,0.00,-17.40,-1.13,0.00,0.00,-1.44,-22.60,1,Dragon Wave_CZ0,3.55,3.55hrs
16/07/2026 19:22:40,buy,0.04,AUDJPY,113.63500,16/07/2026 21:25:35,113.60800,-0.20,0.00,-2.70,-0.86,0.39,2.40,-2.12,-7.80,1,Dragon Wave_CZ3,2.05,2.05hrs
16/07/2026 19:09:57,buy,0.03,AUDJPY,113.68400,16/07/2026 21:25:35,113.60800,-0.15,0.00,-7.60,-1.55,0.00,0.00,-2.50,-12.70,1,Dragon Wave_CZ2,2.26,2.26hrs
16/07/2026 18:58:22,buy,0.02,AUDJPY,113.71800,16/07/2026 21:25:35,113.60900,-0.10,0.00,-10.90,-1.44,0.00,0.00,-2.08,-16.10,1,Dragon Wave_CZ1,2.45,2.45hrs
16/07/2026 21:04:29,buy,0.18,AUDJPY,113.55500,16/07/2026 21:25:34,113.60900,-0.90,0.00,5.40,5.08,5.08,5.40,-0.35,0.00,1,Dragon Wave_CZ6,0.35,0.35hrs
16/07/2026 20:57:04,buy,0.11,AUDJPY,113.58200,16/07/2026 21:25:34,113.60900,-0.55,0.00,2.70,1.28,1.28,2.70,-2.24,-2.50,1,Dragon Wave_CZ5,0.47,0.47hrs
16/07/2026 20:06:17,buy,0.07,AUDJPY,113.60400,16/07/2026 21:25:34,113.60900,-0.35,0.00,0.50,-0.13,0.00,0.70,-2.38,-4.70,1,Dragon Wave_CZ4,1.32,1.32hrs
16/07/2026 21:21:21,buy,0.01,CADCHF,0.57565,16/07/2026 21:25:16,0.57575,-0.05,0.00,1.00,0.08,0.08,1.00,0.00,0.00,1,Dragon Wave_BZ0,0.07,0.07hrs
16/07/2026 19:08:11,buy,0.02,NZDJPY,94.89000,16/07/2026 21:24:21,94.87100,-0.10,0.00,-1.90,-0.34,0.00,0.00,-1.17,-8.70,1,Dragon Wave_CZ1,2.27,2.27hrs
16/07/2026 18:57:57,buy,0.01,NZDJPY,94.92800,16/07/2026 21:24:21,94.87100,-0.05,0.00,-5.70,-0.40,0.00,0.00,-0.82,-12.50,1,Dragon Wave_CZ0,2.44,2.44hrs
16/07/2026 20:07:59,buy,0.04,NZDJPY,94.82300,16/07/2026 21:24:20,94.87100,-0.20,0.00,4.80,0.98,0.98,4.80,-0.69,-2.00,1,Dragon Wave_CZ3,1.27,1.27hrs
16/07/2026 19:33:58,buy,0.03,NZDJPY,94.84600,16/07/2026 21:24:20,94.87100,-0.15,0.00,2.50,0.31,0.31,2.50,-0.94,-4.30,1,Dragon Wave_CZ2,1.84,1.84hrs
16/07/2026 21:17:14,buy,0.02,USDCAD,1.40507,16/07/2026 21:22:31,1.40522,-0.10,0.00,1.50,0.11,0.11,1.50,0.00,0.00,1,Dragon Wave_AZ1,0.09,0.09hrs
16/07/2026 21:11:25,buy,0.01,USDCAD,1.40524,16/07/2026 21:22:31,1.40522,-0.05,0.00,-0.20,-0.06,0.00,0.00,-0.16,-1.50,1,Dragon Wave_AZ0,0.18,0.18hrs
16/07/2026 21:03:44,buy,0.01,GBPCAD,1.89245,16/07/2026 21:22:08,1.89237,-0.05,0.00,-0.80,-0.11,0.00,0.00,-0.43,-5.30,1,Dragon Wave_CZ0,0.31,0.31hrs
16/07/2026 21:09:55,buy,0.02,GBPCAD,1.89216,16/07/2026 21:22:07,1.89249,-0.10,0.00,3.30,0.37,0.37,3.30,-0.44,-2.40,1,Dragon Wave_CZ1,0.20,0.20hrs
16/07/2026 21:03:50,buy,0.01,GBPCHF,1.08935,16/07/2026 21:20:15,1.08939,-0.05,0.00,0.00,0.00,0.00,0.00,-0.17,-1.00,1,Dragon Wave_CZ0,0.27,0.27hrs
16/07/2026 20:51:25,buy,0.02,CADCHF,0.57576,16/07/2026 21:19:39,0.57575,-0.10,0.00,-0.10,-0.12,0.00,0.00,-0.62,-2.10,1,Dragon Wave_CZ1,0.47,0.47hrs
16/07/2026 20:40:44,buy,0.01,CADCHF,0.57589,16/07/2026 21:19:39,0.57575,-0.05,0.00,-1.40,-0.22,0.00,0.00,-0.47,-3.40,1,Dragon Wave_CZ0,0.65,0.65hrs
16/07/2026 20:53:56,buy,0.03,CADCHF,0.57565,16/07/2026 21:19:38,0.57575,-0.15,0.00,1.00,0.22,0.22,1.00,-0.52,-1.00,1,Dragon Wave_CZ2,0.43,0.43hrs
16/07/2026 20:24:11,buy,0.01,XAGUSD,55.90100,16/07/2026 21:17:39,55.82600,-0.10,0.00,-750.00,-3.85,0.00,0.00,-13.70,-2720.00,1,Dragon Wave_AZ0,0.89,0.89hrs
16/07/2026 20:33:16,buy,0.03,XAGUSD,55.74100,16/07/2026 21:17:38,55.82600,-0.30,0.00,850.00,12.45,12.45,850.00,-17.10,-1120.00,1,Dragon Wave_AZ2,0.74,0.74hrs
16/07/2026 20:25:07,buy,0.02,XAGUSD,55.88700,16/07/2026 21:17:38,55.82600,-0.20,0.00,-610.00,-6.30,0.00,0.00,-26.00,-2580.00,1,Dragon Wave_AZ1,0.88,0.88hrs
16/07/2026 21:15:25,buy,0.01,XAUUSD,3984.86000,16/07/2026 21:16:36,3987.57000,-0.14,0.00,27.10,2.57,2.57,27.10,-0.09,0.00,1,Dragon Wave_BZ0,0.02,0.02hrs
16/07/2026 21:15:43,buy,0.01,XAGUSD,55.71400,16/07/2026 21:16:34,55.80000,-0.10,0.00,860.00,4.20,4.20,860.00,-0.15,-10.00,1,Dragon Wave_BZ0,0.01,0.01hrs
16/07/2026 21:02:21,buy,0.01,GBPUSD,1.34673,16/07/2026 21:16:27,1.34681,-0.05,0.00,0.80,0.03,0.03,0.80,-0.28,-2.30,1,Dragon Wave_BZ0,0.23,0.23hrs
16/07/2026 21:14:58,buy,0.01,XAUUSD,3985.69000,16/07/2026 21:16:12,3986.35000,-0.14,0.00,6.60,0.52,0.52,6.60,-0.92,-7.80,1,Dragon Wave_AZ0,0.02,0.02hrs
16/07/2026 20:51:10,buy,0.01,CADCHF,0.57576,16/07/2026 21:15:38,0.57575,-0.05,0.00,-0.10,-0.06,0.00,0.00,-0.31,-2.10,1,Dragon Wave_BZ0,0.41,0.41hrs
16/07/2026 20:52:50,buy,0.02,CADCHF,0.57569,16/07/2026 21:15:37,0.57575,-0.10,0.00,0.60,0.05,0.05,0.60,-0.45,-1.40,1,Dragon Wave_BZ1,0.38,0.38hrs
16/07/2026 21:00:23,buy,0.01,EURUSD,1.14366,16/07/2026 21:11:32,1.14378,-0.05,0.00,1.20,0.07,0.07,1.20,-0.23,-1.80,1,Dragon Wave_CZ0,0.19,0.19hrs
16/07/2026 20:54:52,buy,0.01,NZDCHF,0.47228,16/07/2026 21:10:56,0.47233,-0.05,0.00,0.50,0.01,0.01,0.50,-0.11,-0.50,1,Dragon Wave_CZ0,0.27,0.27hrs
16/07/2026 20:58:20,buy,0.01,NZDCAD,0.82036,16/07/2026 21:02:18,0.82046,-0.05,0.00,1.00,0.02,0.02,1.00,-0.06,-0.10,1,Dragon Wave_AZ0,0.07,0.07hrs
16/07/2026 20:58:37,buy,0.01,NZDCAD,0.82033,16/07/2026 21:00:27,0.82049,-0.05,0.00,1.60,0.06,0.06,1.60,0.00,0.00,1,Dragon Wave_BZ0,0.03,0.03hrs
16/07/2026 20:48:30,buy,0.03,USDCAD,1.40517,16/07/2026 21:00:17,1.40547,-0.15,0.00,3.00,0.49,0.49,3.00,-0.32,-0.80,1,Dragon Wave_BZ2,0.20,0.20hrs
16/07/2026 20:16:18,buy,0.02,USDCAD,1.40542,16/07/2026 21:00:17,1.40545,-0.10,0.00,0.30,-0.06,0.00,0.30,-0.57,-3.30,1,Dragon Wave_BZ1,0.73,0.73hrs
16/07/2026 20:13:17,buy,0.01,USDCAD,1.40553,16/07/2026 21:00:17,1.40545,-0.05,0.00,-0.80,-0.11,0.00,0.00,-0.36,-4.40,1,Dragon Wave_BZ0,0.78,0.78hrs
16/07/2026 20:53:33,buy,0.01,GBPAUD,1.92571,16/07/2026 20:55:14,1.92603,-0.05,0.00,3.20,0.18,0.18,3.20,0.00,0.00,1,Dragon Wave_CZ0,0.03,0.03hrs
16/07/2026 20:53:21,buy,0.02,NZDCHF,0.47229,16/07/2026 20:54:21,0.47233,-0.10,0.00,0.00,0.00,0.00,0.00,0.00,0.00,1,Dragon Wave_AZ1,0.02,0.02hrs
16/07/2026 20:52:08,buy,0.01,NZDCHF,0.47231,16/07/2026 20:54:21,0.47233,-0.05,0.00,0.20,-0.03,0.00,0.20,-0.03,0.00,1,Dragon Wave_AZ0,0.04,0.04hrs
16/07/2026 20:13:26,buy,0.01,AUDCAD,0.98253,16/07/2026 20:53:18,0.98266,-0.05,0.00,1.30,0.05,0.05,1.30,-0.19,-2.00,1,Dragon Wave_BZ0,0.66,0.66hrs
16/07/2026 19:02:43,buy,0.01,EURUSD,1.14440,16/07/2026 20:52:13,1.14377,-0.05,0.00,-6.30,-0.68,0.00,0.00,-1.24,-11.90,1,Dragon Wave_AZ0,1.82,1.82hrs
16/07/2026 19:26:39,buy,0.04,EURUSD,1.14361,16/07/2026 20:52:12,1.14377,-0.20,0.00,1.60,0.44,0.44,1.60,-1.80,-4.00,1,Dragon Wave_AZ3,1.43,1.43hrs
16/07/2026 19:20:15,buy,0.03,EURUSD,1.14385,16/07/2026 20:52:12,1.14377,-0.15,0.00,-0.80,-0.39,0.00,0.00,-2.07,-6.40,1,Dragon Wave_AZ2,1.53,1.53hrs
16/07/2026 19:09:05,buy,0.02,EURUSD,1.14417,16/07/2026 20:52:12,1.14377,-0.10,0.00,-4.00,-0.90,0.00,0.40,-2.02,-9.60,1,Dragon Wave_AZ1,1.72,1.72hrs
16/07/2026 20:03:10,buy,0.07,EURUSD,1.14335,16/07/2026 20:52:11,1.14375,-0.35,0.00,4.00,2.45,2.45,4.00,-1.33,-1.40,1,Dragon Wave_AZ4,0.82,0.82hrs
16/07/2026 20:51:19,buy,0.01,EURAUD,1.63506,16/07/2026 20:51:46,1.63519,-0.05,0.00,1.30,0.04,0.04,1.30,0.00,0.00,1,Dragon Wave_BZ0,0.01,0.01hrs
16/07/2026 19:03:00,buy,0.02,EURUSD,1.14444,16/07/2026 20:51:43,1.14372,-0.10,0.00,-7.20,-1.54,0.00,0.00,-2.56,-12.30,1,Dragon Wave_BZ1,1.81,1.81hrs
16/07/2026 18:56:49,buy,0.01,EURUSD,1.14475,16/07/2026 20:51:43,1.14371,-0.05,0.00,-10.40,-1.09,0.00,0.00,-1.59,-15.40,1,Dragon Wave_BZ0,1.92,1.92hrs
16/07/2026 20:03:39,buy,0.11,EURUSD,1.14330,16/07/2026 20:51:42,1.14372,-0.55,0.00,4.20,4.07,4.07,4.20,-1.54,-0.90,1,Dragon Wave_BZ5,0.80,0.80hrs
16/07/2026 20:01:57,buy,0.07,EURUSD,1.14350,16/07/2026 20:51:42,1.14372,-0.35,0.00,2.20,1.19,1.19,2.20,-2.38,-2.90,1,Dragon Wave_BZ4,0.83,0.83hrs
16/07/2026 19:21:51,buy,0.04,EURUSD,1.14379,16/07/2026 20:51:42,1.14372,-0.20,0.00,-0.70,-0.48,0.00,0.40,-2.52,-5.80,1,Dragon Wave_BZ3,1.50,1.50hrs
16/07/2026 19:09:09,buy,0.03,EURUSD,1.14418,16/07/2026 20:51:42,1.14372,-0.15,0.00,-4.60,-1.53,0.00,0.30,-3.06,-9.70,1,Dragon Wave_BZ2,1.71,1.71hrs
16/07/2026 20:42:01,buy,0.01,NZDCHF,0.47231,16/07/2026 20:50:44,0.47236,-0.05,0.00,0.50,0.01,0.01,0.50,-0.07,-0.20,1,Dragon Wave_CZ0,0.15,0.15hrs
16/07/2026 20:25:44,buy,0.01,XAGUSD,55.81200,16/07/2026 20:48:16,55.71600,-0.10,0.00,-960.00,-4.90,0.00,0.00,-9.25,-1830.00,1,Dragon Wave_CZ0,0.38,0.38hrs
﻿16/07/2026 20:40:29,buy,0.02,XAGUSD,55.68000,16/07/2026 20:48:15,55.71600,-0.20,0.00,360.00,3.40,3.40,360.00,-5.30,-510.00,1,Dragon Wave_CZ1,0.13,0.13hrs
16/07/2026 19:03:01,buy,0.03,GBPUSD,1.34790,16/07/2026 20:47:46,1.34685,-0.15,0.00,-10.50,-3.30,0.00,0.00,-5.88,-19.10,1,Dragon Wave_BZ2,1.75,1.75hrs
16/07/2026 17:54:29,buy,0.02,GBPUSD,1.34913,16/07/2026 20:47:46,1.34685,-0.10,0.00,-22.80,-4.66,0.00,0.00,-6.38,-31.40,1,Dragon Wave_BZ1,2.89,2.89hrs
16/07/2026 17:50:59,buy,0.01,GBPUSD,1.34953,16/07/2026 20:47:46,1.34685,-0.05,0.00,-26.80,-2.73,0.00,0.00,-3.59,-35.40,1,Dragon Wave_BZ0,2.95,2.95hrs
16/07/2026 20:00:18,buy,0.11,GBPUSD,1.34651,16/07/2026 20:47:45,1.34687,-0.55,0.00,3.60,3.41,3.41,3.60,-6.27,-5.20,1,Dragon Wave_BZ5,0.79,0.79hrs
16/07/2026 19:24:33,buy,0.07,GBPUSD,1.34700,16/07/2026 20:47:45,1.34687,-0.35,0.00,-1.30,-1.26,0.00,0.00,-7.42,-10.10,1,Dragon Wave_BZ4,1.39,1.39hrs
16/07/2026 19:16:09,buy,0.04,GBPUSD,1.34735,16/07/2026 20:47:45,1.34685,-0.20,0.00,-5.00,-2.20,0.00,0.00,-5.64,-13.60,1,Dragon Wave_BZ3,1.53,1.53hrs
16/07/2026 20:04:18,buy,0.18,GBPUSD,1.34622,16/07/2026 20:47:44,1.34687,-0.90,0.00,6.50,10.80,10.80,6.50,-5.04,-2.30,1,Dragon Wave_BZ6,0.72,0.72hrs
16/07/2026 20:43:59,buy,0.02,NZDCHF,0.47228,16/07/2026 20:47:40,0.47235,-0.10,0.00,0.70,0.08,0.08,0.70,-0.08,0.00,1,Dragon Wave_BZ1,0.06,0.06hrs
16/07/2026 20:40:36,buy,0.01,NZDCHF,0.47233,16/07/2026 20:47:40,0.47235,-0.05,0.00,0.20,-0.03,0.00,0.20,-0.10,-0.40,1,Dragon Wave_BZ0,0.12,0.12hrs
16/07/2026 20:25:37,buy,0.01,XAGUSD,55.81300,16/07/2026 20:46:57,55.71700,-0.10,0.00,-960.00,-4.90,0.00,0.00,-9.30,-1840.00,1,Dragon Wave_BZ0,0.36,0.36hrs
16/07/2026 20:41:45,buy,0.03,XAGUSD,55.66200,16/07/2026 20:46:56,55.71600,-0.30,0.00,540.00,7.80,7.80,540.00,-5.25,-330.00,1,Dragon Wave_BZ2,0.09,0.09hrs
16/07/2026 20:39:10,buy,0.02,XAGUSD,55.70500,16/07/2026 20:46:56,55.71600,-0.20,0.00,110.00,0.90,0.90,110.00,-7.80,-760.00,1,Dragon Wave_BZ1,0.13,0.13hrs
16/07/2026 19:20:16,buy,0.01,NZDUSD,0.58384,16/07/2026 20:46:56,0.58367,-0.05,0.00,-1.70,-0.22,0.00,0.00,-0.51,-4.60,1,Dragon Wave_CZ0,1.44,1.44hrs
16/07/2026 20:11:04,buy,0.03,NZDUSD,0.58344,16/07/2026 20:46:55,0.58367,-0.15,0.00,2.30,0.54,0.54,2.30,-0.33,-0.60,1,Dragon Wave_CZ2,0.60,0.60hrs
16/07/2026 19:23:26,buy,0.02,NZDUSD,0.58376,16/07/2026 20:46:55,0.58367,-0.10,0.00,-0.90,-0.28,0.00,0.00,-0.86,-3.80,1,Dragon Wave_CZ1,1.39,1.39hrs
16/07/2026 20:40:38,buy,0.01,XAUUSD,3981.76000,16/07/2026 20:42:26,3982.62000,-0.14,0.00,8.60,0.72,0.72,8.60,0.00,0.00,1,Dragon Wave_BZ0,0.03,0.03hrs
16/07/2026 20:33:49,buy,0.01,EURJPY,185.77900,16/07/2026 20:41:16,185.79000,-0.05,0.00,1.10,0.02,0.02,1.10,-0.16,-1.80,1,Dragon Wave_CZ0,0.12,0.12hrs
16/07/2026 20:37:28,buy,0.01,NZDCAD,0.82006,16/07/2026 20:40:40,0.82016,-0.05,0.00,1.00,0.02,0.02,1.00,-0.04,0.00,1,Dragon Wave_BZ0,0.05,0.05hrs
16/07/2026 20:19:58,buy,0.01,USDCAD,1.40524,16/07/2026 20:40:14,1.40538,-0.05,0.00,1.40,0.05,0.05,1.40,-0.08,-0.40,1,Dragon Wave_AZ0,0.34,0.34hrs
16/07/2026 20:08:37,buy,0.01,NZDCHF,0.47236,16/07/2026 20:38:56,0.47241,-0.05,0.00,0.50,0.01,0.01,0.50,-0.10,-0.40,1,Dragon Wave_BZ0,0.51,0.51hrs
16/07/2026 20:36:35,buy,0.01,XAUUSD,3983.41000,16/07/2026 20:38:52,3984.70000,-0.14,0.00,12.90,1.15,1.15,12.90,0.00,0.00,1,Dragon Wave_CZ0,0.04,0.04hrs
16/07/2026 20:32:07,buy,0.01,USDJPY,162.47000,16/07/2026 20:38:38,162.48100,-0.05,0.00,1.10,0.02,0.02,1.10,-0.06,-0.20,1,Dragon Wave_CZ0,0.11,0.11hrs
16/07/2026 20:33:02,buy,0.01,XAUUSD,3984.15000,16/07/2026 20:38:13,3985.58000,-0.14,0.00,14.30,1.29,1.29,14.30,0.00,0.00,1,Dragon Wave_AZ0,0.09,0.09hrs
16/07/2026 20:07:58,buy,0.01,NZDCHF,0.47238,16/07/2026 20:38:12,0.47240,-0.05,0.00,0.20,-0.02,0.00,0.20,-0.12,-0.60,1,Dragon Wave_AZ0,0.50,0.50hrs
16/07/2026 20:30:11,buy,0.01,CADCHF,0.57599,16/07/2026 20:37:15,0.57604,-0.05,0.00,0.50,0.01,0.01,0.50,-0.05,0.00,1,Dragon Wave_AZ0,0.12,0.12hrs
16/07/2026 20:29:28,buy,0.01,CADCHF,0.57599,16/07/2026 20:37:01,0.57603,-0.05,0.00,0.00,0.00,0.00,0.00,-0.05,0.00,1,Dragon Wave_CZ0,0.13,0.13hrs
16/07/2026 20:30:26,buy,0.01,CADCHF,0.57597,16/07/2026 20:36:36,0.57601,-0.05,0.00,0.00,0.00,0.00,0.20,-0.03,0.00,1,Dragon Wave_BZ0,0.10,0.10hrs
16/07/2026 20:09:12,buy,0.01,NZDCAD,0.82006,16/07/2026 20:30:21,0.82011,-0.05,0.00,0.50,-0.01,0.00,0.50,-0.16,-1.50,1,Dragon Wave_BZ0,0.35,0.35hrs
16/07/2026 20:26:30,buy,0.01,XAUUSD,3984.77000,16/07/2026 20:28:05,3987.33000,-0.14,0.00,25.60,2.42,2.42,25.60,0.00,0.00,1,Dragon Wave_CZ0,0.03,0.03hrs
16/07/2026 20:25:50,buy,0.01,XAUUSD,3983.06000,16/07/2026 20:27:55,3987.01000,-0.14,0.00,39.50,3.81,3.81,39.50,0.00,0.00,1,Dragon Wave_BZ0,0.03,0.03hrs
16/07/2026 20:21:34,buy,0.01,EURAUD,1.63519,16/07/2026 20:26:26,1.63533,-0.05,0.00,1.40,0.05,0.09,2.00,0.00,0.00,1,Dragon Wave_BZ0,0.08,0.08hrs
16/07/2026 19:02:35,buy,0.03,GBPJPY,218.93800,16/07/2026 20:20:51,218.79200,-0.15,0.00,-14.60,-2.85,0.13,1.50,-4.25,-22.20,1,Dragon Wave_AZ2,1.30,1.30hrs
16/07/2026 19:01:23,buy,0.02,GBPJPY,218.98700,16/07/2026 20:20:51,218.79100,-0.10,0.00,-19.60,-2.51,0.00,0.00,-3.44,-27.10,1,Dragon Wave_AZ1,1.32,1.32hrs
16/07/2026 18:57:02,buy,0.01,GBPJPY,219.03700,16/07/2026 20:20:51,218.79100,-0.05,0.00,-24.60,-1.56,0.00,0.00,-2.02,-32.10,1,Dragon Wave_AZ0,1.40,1.40hrs
16/07/2026 19:42:33,buy,0.11,GBPJPY,218.86400,16/07/2026 20:20:50,218.80100,-0.55,0.00,-6.30,-4.82,0.00,0.00,-10.57,-14.80,1,Dragon Wave_AZ5,0.64,0.64hrs
16/07/2026 19:37:21,buy,0.07,GBPJPY,218.86500,16/07/2026 20:20:50,218.79000,-0.35,0.00,-7.50,-3.58,0.00,0.00,-6.77,-14.90,1,Dragon Wave_AZ4,0.72,0.72hrs
16/07/2026 19:26:21,buy,0.04,GBPJPY,218.89100,16/07/2026 20:20:50,218.79000,-0.20,0.00,-10.10,-2.69,0.00,0.00,-4.51,-17.50,1,Dragon Wave_AZ3,0.91,0.91hrs
16/07/2026 20:09:29,buy,0.47,GBPJPY,218.74300,16/07/2026 20:20:49,218.80000,-2.35,0.00,5.70,14.13,14.43,5.80,-7.85,-1.90,1,Dragon Wave_AZ8,0.19,0.19hrs
16/07/2026 20:06:47,buy,0.29,GBPJPY,218.75600,16/07/2026 20:20:49,218.80000,-1.45,0.00,4.40,6.40,6.58,4.50,-8.59,-4.00,1,Dragon Wave_AZ7,0.23,0.23hrs
16/07/2026 19:57:01,buy,0.18,GBPJPY,218.80700,16/07/2026 20:20:49,218.80000,-0.90,0.00,-0.70,-1.68,0.00,0.00,-10.98,-9.10,1,Dragon Wave_AZ6,0.40,0.40hrs
16/07/2026 19:02:43,buy,0.02,GBPUSD,1.34792,16/07/2026 20:20:20,1.34661,-0.10,0.00,-13.10,-2.72,0.00,0.00,-3.96,-19.30,1,Dragon Wave_AZ1,1.29,1.29hrs
16/07/2026 18:57:03,buy,0.01,GBPUSD,1.34849,16/07/2026 20:20:20,1.34660,-0.05,0.00,-18.90,-1.94,0.00,0.00,-2.55,-25.00,1,Dragon Wave_AZ0,1.39,1.39hrs
16/07/2026 19:25:33,buy,0.07,GBPUSD,1.34690,16/07/2026 20:20:19,1.34659,-0.35,0.00,-3.10,-2.52,0.00,0.10,-6.72,-9.10,1,Dragon Wave_AZ4,0.91,0.91hrs
16/07/2026 19:20:34,buy,0.04,GBPUSD,1.34719,16/07/2026 20:20:19,1.34659,-0.20,0.00,-6.00,-2.60,0.00,0.00,-5.00,-12.00,1,Dragon Wave_AZ3,1.00,1.00hrs
16/07/2026 19:11:35,buy,0.03,GBPUSD,1.34760,16/07/2026 20:20:19,1.34659,-0.15,0.00,-10.10,-3.18,0.00,0.00,-4.98,-16.10,1,Dragon Wave_AZ2,1.15,1.15hrs
16/07/2026 20:09:45,buy,0.29,GBPUSD,1.34608,16/07/2026 20:20:18,1.34659,-1.45,0.00,5.10,13.34,13.34,5.10,-2.61,-0.40,1,Dragon Wave_AZ7,0.18,0.18hrs
16/07/2026 20:02:23,buy,0.18,GBPUSD,1.34635,16/07/2026 20:20:18,1.34658,-0.90,0.00,2.30,3.24,3.24,2.30,-7.38,-3.60,1,Dragon Wave_AZ6,0.30,0.30hrs
16/07/2026 19:41:43,buy,0.11,GBPUSD,1.34671,16/07/2026 20:20:18,1.34659,-0.55,0.00,-1.20,-1.87,0.66,1.10,-8.47,-7.20,1,Dragon Wave_AZ5,0.64,0.64hrs
16/07/2026 20:18:19,buy,0.01,CADCHF,0.57601,16/07/2026 20:20:02,0.57608,-0.05,0.00,0.70,0.03,0.03,0.70,0.00,0.00,1,Dragon Wave_BZ0,0.03,0.03hrs
16/07/2026 20:14:29,buy,0.02,XAGUSD,55.91300,16/07/2026 20:20:01,55.96500,-0.20,0.00,520.00,5.00,5.00,520.00,0.00,0.00,1,Dragon Wave_CZ1,0.09,0.09hrs
16/07/2026 20:08:17,buy,0.01,XAGUSD,56.02100,16/07/2026 20:20:01,55.97200,-0.10,0.00,-490.00,-2.55,0.00,0.00,-4.95,-970.00,1,Dragon Wave_CZ0,0.20,0.20hrs
16/07/2026 20:18:02,buy,0.01,CADCHF,0.57602,16/07/2026 20:19:58,0.57609,-0.05,0.00,0.70,0.04,0.04,0.70,0.00,0.00,1,Dragon Wave_AZ0,0.03,0.03hrs
16/07/2026 20:11:32,buy,0.02,XAUUSD,3986.92000,16/07/2026 20:19:57,3988.02000,-0.29,0.00,11.00,1.91,1.91,11.00,-0.81,-2.60,1,Dragon Wave_BZ1,0.14,0.14hrs
16/07/2026 20:08:19,buy,0.01,XAUUSD,3989.15000,16/07/2026 20:19:57,3987.70000,-0.14,0.00,-14.50,-1.59,0.00,0.00,-2.63,-24.90,1,Dragon Wave_BZ0,0.19,0.19hrs
16/07/2026 20:08:08,buy,0.01,NZDUSD,0.58350,16/07/2026 20:19:55,0.58356,-0.05,0.00,0.60,0.01,0.01,0.60,-0.17,-1.20,1,Dragon Wave_AZ0,0.20,0.20hrs
16/07/2026 20:14:06,buy,0.03,XAGUSD,55.89700,16/07/2026 20:19:27,55.95700,-0.30,0.00,600.00,8.70,8.70,600.00,0.00,0.00,1,Dragon Wave_BZ2,0.09,0.09hrs
16/07/2026 20:09:42,buy,0.02,XAGUSD,55.98300,16/07/2026 20:19:27,55.95700,-0.20,0.00,-260.00,-2.80,0.00,0.00,-6.10,-590.00,1,Dragon Wave_BZ1,0.16,0.16hrs
16/07/2026 20:06:46,buy,0.01,XAGUSD,56.03200,16/07/2026 20:19:27,55.95500,-0.10,0.00,-770.00,-3.95,0.00,0.00,-5.50,-1080.00,1,Dragon Wave_BZ0,0.21,0.21hrs
16/07/2026 20:12:44,buy,0.01,NZDCAD,0.81995,16/07/2026 20:18:26,0.82005,-0.05,0.00,1.00,0.02,0.04,1.20,-0.08,-0.40,1,Dragon Wave_CZ0,0.10,0.10hrs
16/07/2026 19:55:00,buy,0.01,EURJPY,185.80400,16/07/2026 20:18:24,185.80000,-0.05,0.00,-0.40,-0.08,0.00,0.00,-0.27,-3.60,1,Dragon Wave_CZ0,0.39,0.39hrs
16/07/2026 20:06:03,buy,0.02,EURJPY,185.77900,16/07/2026 20:18:23,185.79900,-0.10,0.00,2.00,0.14,0.14,2.00,-0.11,-0.10,1,Dragon Wave_CZ1,0.21,0.21hrs
16/07/2026 20:02:18,buy,0.01,EURUSD,1.14330,16/07/2026 20:18:08,1.14339,-0.05,0.00,0.90,0.04,0.04,0.90,-0.14,-0.90,1,Dragon Wave_CZ0,0.26,0.26hrs
16/07/2026 20:10:57,buy,0.01,XAUUSD,3987.09000,16/07/2026 20:17:53,3987.66000,-0.14,0.00,5.70,0.43,0.43,5.70,-0.57,-4.30,1,Dragon Wave_CZ0,0.12,0.12hrs
16/07/2026 20:14:09,buy,0.03,XAUUSD,3984.89000,16/07/2026 20:16:40,3987.09000,-0.43,0.00,22.00,6.17,6.17,22.00,0.00,0.00,1,Dragon Wave_AZ2,0.04,0.04hrs
16/07/2026 20:13:51,buy,0.01,XAGUSD,55.92800,16/07/2026 20:16:40,55.95000,-0.10,0.00,220.00,1.00,1.00,220.00,-0.30,-40.00,1,Dragon Wave_AZ0,0.05,0.05hrs
16/07/2026 20:10:21,buy,0.02,XAUUSD,3988.41000,16/07/2026 20:16:40,3986.99000,-0.29,0.00,-14.20,-3.13,0.00,0.00,-3.79,-17.50,1,Dragon Wave_AZ1,0.11,0.11hrs
16/07/2026 20:06:43,buy,0.01,XAUUSD,3989.91000,16/07/2026 20:16:40,3986.94000,-0.14,0.00,-29.70,-3.11,0.00,0.00,-3.39,-32.50,1,Dragon Wave_AZ0,0.17,0.17hrs
16/07/2026 20:04:19,buy,0.01,CADJPY,115.62800,16/07/2026 20:16:16,115.63700,-0.05,0.00,0.90,0.01,0.01,0.90,-0.14,-1.40,1,Dragon Wave_BZ0,0.20,0.20hrs
16/07/2026 20:13:31,buy,0.01,NZDCHF,0.47234,16/07/2026 20:15:43,0.47239,-0.05,0.00,0.50,0.02,0.02,0.50,0.00,0.00,1,Dragon Wave_CZ0,0.04,0.04hrs
16/07/2026 20:07:56,buy,0.01,NZDCAD,0.82008,16/07/2026 20:15:37,0.82005,-0.05,0.00,-0.30,-0.07,0.00,0.00,-0.17,-1.70,1,Dragon Wave_AZ0,0.13,0.13hrs
16/07/2026 20:13:29,buy,0.03,NZDCAD,0.81988,16/07/2026 20:15:36,0.82002,-0.15,0.00,1.40,0.15,0.15,1.40,0.00,0.00,1,Dragon Wave_AZ2,0.04,0.04hrs
16/07/2026 20:11:26,buy,0.02,NZDCAD,0.82002,16/07/2026 20:15:36,0.82004,-0.10,0.00,0.20,-0.07,0.00,0.20,-0.26,-1.10,1,Dragon Wave_AZ1,0.07,0.07hrs
16/07/2026 20:13:15,buy,0.01,EURCAD,1.60653,16/07/2026 20:14:59,1.60672,-0.05,0.00,1.90,0.09,0.09,1.90,0.00,0.00,1,Dragon Wave_BZ0,0.03,0.03hrs
16/07/2026 18:08:14,buy,0.03,AUDCHF,0.56622,16/07/2026 20:11:05,0.56604,-0.15,0.00,-1.80,-0.82,0.00,0.00,-2.64,-6.70,1,Dragon Wave_AZ2,2.05,2.05hrs
16/07/2026 17:52:43,buy,0.02,AUDCHF,0.56643,16/07/2026 20:11:05,0.56604,-0.10,0.00,-3.90,-1.07,0.00,0.00,-2.28,-8.80,1,Dragon Wave_AZ1,2.31,2.31hrs
16/07/2026 17:50:55,buy,0.01,AUDCHF,0.56654,16/07/2026 20:11:05,0.56604,-0.05,0.00,-5.00,-0.67,0.00,0.00,-1.27,-9.90,1,Dragon Wave_AZ0,2.34,2.34hrs
16/07/2026 18:49:20,buy,0.07,AUDCHF,0.56572,16/07/2026 20:11:04,0.56605,-0.35,0.00,3.30,2.51,2.51,3.30,-1.82,-1.70,1,Dragon Wave_AZ4,1.36,1.36hrs
16/07/2026 18:16:56,buy,0.04,AUDCHF,0.56599,16/07/2026 20:11:04,0.56604,-0.20,0.00,0.50,0.05,0.05,0.50,-2.38,-4.40,1,Dragon Wave_AZ3,1.90,1.90hrs
16/07/2026 20:05:45,buy,0.01,CADCHF,0.57601,16/07/2026 20:10:55,0.57607,-0.05,0.00,0.60,0.03,0.03,0.60,-0.05,0.00,1,Dragon Wave_CZ0,0.09,0.09hrs
16/07/2026 20:04:02,buy,0.01,GBPNZD,2.30659,16/07/2026 20:06:31,2.30684,-0.05,0.00,2.50,0.09,0.09,2.50,0.00,0.00,1,Dragon Wave_BZ0,0.04,0.04hrs
16/07/2026 20:00:11,buy,0.01,AUDCAD,0.98254,16/07/2026 20:05:45,0.98263,-0.05,0.00,0.90,0.02,0.02,0.90,-0.11,-0.90,1,Dragon Wave_AZ0,0.09,0.09hrs
16/07/2026 20:01:58,buy,0.01,NZDCHF,0.47242,16/07/2026 20:03:57,0.47248,-0.05,0.00,0.60,0.02,0.02,0.60,-0.03,0.00,1,Dragon Wave_AZ0,0.03,0.03hrs
16/07/2026 20:00:58,buy,0.01,XAUUSD,3990.38000,16/07/2026 20:02:09,3991.95000,-0.14,0.00,15.70,1.43,1.43,15.70,0.00,0.00,1,Dragon Wave_CZ0,0.02,0.02hrs
16/07/2026 20:00:38,buy,0.02,XAUUSD,3991.37000,16/07/2026 20:01:40,3992.70000,-0.29,0.00,13.30,2.37,2.37,13.30,0.00,0.00,1,Dragon Wave_BZ1,0.02,0.02hrs
16/07/2026 19:59:07,buy,0.01,XAUUSD,3993.45000,16/07/2026 20:01:40,3992.83000,-0.14,0.00,-6.20,-0.76,0.00,0.00,-0.76,-6.20,1,Dragon Wave_BZ0,0.04,0.04hrs
16/07/2026 19:59:49,buy,0.01,XAGUSD,56.06900,16/07/2026 20:01:35,56.09400,-0.10,0.00,250.00,1.15,1.15,250.00,0.00,0.00,1,Dragon Wave_BZ0,0.03,0.03hrs
16/07/2026 19:55:43,buy,0.01,CADJPY,115.64700,16/07/2026 19:58:47,115.65700,-0.05,0.00,1.00,0.01,0.01,1.00,0.00,0.00,1,Dragon Wave_CZ0,0.05,0.05hrs
16/07/2026 19:55:13,buy,0.02,CADCHF,0.57608,16/07/2026 19:58:31,0.57617,-0.10,0.00,0.90,0.13,0.13,0.90,0.00,0.00,1,Dragon Wave_CZ1,0.06,0.06hrs
16/07/2026 19:42:56,buy,0.01,CADCHF,0.57616,16/07/2026 19:58:31,0.57617,-0.05,0.00,0.10,-0.04,0.00,0.20,-0.10,-0.40,1,Dragon Wave_CZ0,0.26,0.26hrs
16/07/2026 19:54:32,buy,0.01,CADCHF,0.57613,16/07/2026 19:58:26,0.57616,-0.05,0.00,0.30,-0.01,0.00,0.30,-0.06,-0.10,1,Dragon Wave_AZ0,0.07,0.07hrs
16/07/2026 19:56:18,buy,0.02,CADCHF,0.57604,16/07/2026 19:58:25,0.57616,-0.10,0.00,1.20,0.20,0.20,1.20,0.00,0.00,1,Dragon Wave_AZ1,0.04,0.04hrs
16/07/2026 18:05:35,buy,0.02,NZDCHF,0.47276,16/07/2026 19:58:02,0.47246,-0.10,0.00,-3.00,-0.84,0.00,0.10,-1.73,-6.60,1,Dragon Wave_CZ1,1.87,1.87hrs
16/07/2026 18:01:29,buy,0.01,NZDCHF,0.47292,16/07/2026 19:58:02,0.47246,-0.05,0.00,-4.60,-0.61,0.00,0.00,-1.06,-8.20,1,Dragon Wave_CZ0,1.94,1.94hrs
16/07/2026 18:58:54,buy,0.04,NZDCHF,0.47210,16/07/2026 19:58:01,0.47246,-0.20,0.00,3.60,1.58,1.58,3.60,-0.20,0.00,1,Dragon Wave_CZ3,0.99,0.99hrs
16/07/2026 18:20:40,buy,0.03,NZDCHF,0.47242,16/07/2026 19:58:01,0.47246,-0.15,0.00,0.00,0.00,0.26,1.10,-1.34,-3.20,1,Dragon Wave_CZ2,1.62,1.62hrs
16/07/2026 19:56:32,buy,0.02,CADCHF,0.57607,16/07/2026 19:57:38,0.57614,-0.10,0.00,0.70,0.08,0.08,0.70,0.00,0.00,1,Dragon Wave_BZ1,0.02,0.02hrs
16/07/2026 19:55:00,buy,0.01,CADCHF,0.57610,16/07/2026 19:57:38,0.57610,-0.05,0.00,0.00,-0.05,0.00,0.00,-0.05,0.00,1,Dragon Wave_BZ0,0.04,0.04hrs
16/07/2026 18:54:51,buy,0.01,GBPCAD,1.89265,16/07/2026 19:56:04,1.89209,-0.05,0.00,-5.60,-0.45,0.00,0.00,-1.00,-13.30,1,Dragon Wave_AZ0,1.02,1.02hrs
16/07/2026 19:20:23,buy,0.03,GBPCAD,1.89158,16/07/2026 19:56:03,1.89188,-0.15,0.00,3.00,0.49,0.49,3.00,-0.71,-2.60,1,Dragon Wave_AZ2,0.59,0.59hrs
16/07/2026 18:57:56,buy,0.02,GBPCAD,1.89213,16/07/2026 19:56:03,1.89209,-0.10,0.00,-0.40,-0.16,0.00,0.00,-1.25,-8.10,1,Dragon Wave_AZ1,0.97,0.97hrs
16/07/2026 19:21:20,buy,0.03,NZDCAD,0.81971,16/07/2026 19:55:30,0.82008,-0.15,0.00,3.70,0.64,0.64,3.70,-0.43,-1.30,1,Dragon Wave_AZ2,0.57,0.57hrs
16/07/2026 18:57:35,buy,0.02,NZDCAD,0.82015,16/07/2026 19:55:30,0.82009,-0.10,0.00,-0.60,-0.18,0.00,0.00,-0.91,-5.70,1,Dragon Wave_AZ1,0.97,0.97hrs
16/07/2026 18:56:13,buy,0.01,NZDCAD,0.82028,16/07/2026 19:55:30,0.82011,-0.05,0.00,-1.70,-0.17,0.00,0.00,-0.55,-7.00,1,Dragon Wave_AZ0,0.99,0.99hrs
16/07/2026 19:15:03,buy,0.02,AUDCAD,0.98221,16/07/2026 19:55:28,0.98251,-0.10,0.00,3.00,0.33,0.33,3.00,-0.50,-2.80,1,Dragon Wave_CZ1,0.67,0.67hrs
16/07/2026 18:57:01,buy,0.01,AUDCAD,0.98263,16/07/2026 19:55:28,0.98251,-0.05,0.00,-1.20,-0.14,0.00,0.00,-0.55,-7.00,1,Dragon Wave_CZ0,0.97,0.97hrs
16/07/2026 19:01:21,buy,0.02,XAUUSD,4003.53000,16/07/2026 19:55:26,3996.65000,-0.29,0.00,-68.80,-14.05,0.00,0.00,-35.71,-177.10,1,Dragon Wave_CZ1,0.90,0.90hrs
16/07/2026 18:56:33,buy,0.01,XAUUSD,4006.99000,16/07/2026 19:55:26,3996.03000,-0.14,0.00,-109.60,-11.10,0.00,0.00,-21.31,-211.70,1,Dragon Wave_CZ0,0.98,0.98hrs
16/07/2026 19:19:22,buy,0.04,XAUUSD,3987.56000,16/07/2026 19:55:25,3996.86000,-0.57,0.00,93.00,36.63,36.63,93.00,-7.53,-17.40,1,Dragon Wave_CZ3,0.60,0.60hrs
16/07/2026 19:11:41,buy,0.03,XAUUSD,3995.72000,16/07/2026 19:55:25,3996.87000,-0.43,0.00,11.50,3.02,3.02,11.50,-30.13,-99.00,1,Dragon Wave_CZ2,0.73,0.73hrs
16/07/2026 19:39:04,buy,0.01,CADCHF,0.57619,16/07/2026 19:52:15,0.57619,-0.05,0.00,0.00,-0.05,0.00,0.00,-0.14,-0.70,1,Dragon Wave_AZ0,0.22,0.22hrs
16/07/2026 19:50:26,buy,0.02,CADCHF,0.57613,16/07/2026 19:52:14,0.57619,-0.10,0.00,0.60,0.05,0.05,0.60,0.00,0.00,1,Dragon Wave_AZ1,0.03,0.03hrs
16/07/2026 19:03:32,buy,0.03,XAUUSD,4001.79000,16/07/2026 19:50:46,3994.17000,-0.43,0.00,-76.20,-23.29,0.00,0.00,-48.34,-159.70,1,Dragon Wave_BZ2,0.79,0.79hrs
16/07/2026 19:00:23,buy,0.02,XAUUSD,4005.24000,16/07/2026 19:50:46,3994.17000,-0.29,0.00,-110.70,-22.43,0.00,0.00,-39.13,-194.20,1,Dragon Wave_BZ1,0.84,0.84hrs
16/07/2026 18:56:17,buy,0.01,XAUUSD,4007.80000,16/07/2026 19:50:46,3994.25000,-0.14,0.00,-135.50,-13.69,0.00,0.00,-22.12,-219.80,1,Dragon Wave_BZ0,0.91,0.91hrs
16/07/2026 19:20:37,buy,0.11,XAUUSD,3985.94000,16/07/2026 19:50:45,3994.46000,-1.58,0.00,85.20,92.14,92.14,85.20,-2.90,-1.20,1,Dragon Wave_BZ5,0.50,0.50hrs
16/07/2026 19:13:58,buy,0.07,XAUUSD,3992.51000,16/07/2026 19:50:45,3994.17000,-1.01,0.00,16.60,10.61,10.61,16.60,-47.84,-66.90,1,Dragon Wave_BZ4,0.61,0.61hrs
16/07/2026 19:10:42,buy,0.04,XAUUSD,3997.12000,16/07/2026 19:50:45,3994.18000,-0.58,0.00,-29.40,-12.34,0.00,0.00,-45.78,-113.00,1,Dragon Wave_BZ3,0.67,0.67hrs
16/07/2026 19:03:22,buy,0.03,XAUUSD,4001.98000,16/07/2026 19:49:10,3992.68000,-0.43,0.00,-93.00,-28.33,0.00,0.00,-48.91,-161.60,1,Dragon Wave_AZ2,0.76,0.76hrs
16/07/2026 18:57:15,buy,0.02,XAUUSD,4006.86000,16/07/2026 19:49:10,3992.37000,-0.29,0.00,-144.90,-29.27,0.00,0.00,-42.37,-210.40,1,Dragon Wave_AZ1,0.87,0.87hrs
16/07/2026 18:53:54,buy,0.01,XAUUSD,4009.58000,16/07/2026 19:49:10,3992.37000,-0.14,0.00,-172.10,-17.35,0.00,0.00,-23.90,-237.60,1,Dragon Wave_AZ0,0.92,0.92hrs
16/07/2026 19:20:29,buy,0.18,XAUUSD,3984.75000,16/07/2026 19:49:09,3992.50000,-2.58,0.00,77.50,136.92,136.92,77.50,0.00,0.00,1,Dragon Wave_AZ6,0.48,0.48hrs
16/07/2026 19:13:43,buy,0.11,XAUUSD,3992.02000,16/07/2026 19:49:09,3992.75000,-1.58,0.00,7.30,6.45,6.45,7.30,-69.78,-62.00,1,Dragon Wave_AZ5,0.59,0.59hrs
16/07/2026 19:11:20,buy,0.07,XAUUSD,3996.04000,16/07/2026 19:49:09,3992.75000,-1.01,0.00,-32.90,-24.04,0.00,0.00,-72.55,-102.20,1,Dragon Wave_AZ4,0.63,0.63hrs
16/07/2026 19:10:26,buy,0.04,XAUUSD,3997.32000,16/07/2026 19:49:09,3992.71000,-0.58,0.00,-46.10,-19.02,0.00,0.00,-46.58,-115.00,1,Dragon Wave_AZ3,0.65,0.65hrs
16/07/2026 18:02:53,buy,0.02,NZDCHF,0.47287,16/07/2026 19:49:06,0.47242,-0.10,0.00,-4.50,-1.22,0.00,0.00,-2.01,-7.70,1,Dragon Wave_BZ1,1.77,1.77hrs
16/07/2026 17:57:42,buy,0.01,NZDCHF,0.47297,16/07/2026 19:49:06,0.47242,-0.05,0.00,-5.50,-0.73,0.00,0.00,-1.13,-8.70,1,Dragon Wave_BZ0,1.86,1.86hrs
16/07/2026 18:43:47,buy,0.07,NZDCHF,0.47230,16/07/2026 19:49:05,0.47242,-0.35,0.00,1.20,0.69,0.69,1.20,-2.08,-2.00,1,Dragon Wave_BZ4,1.09,1.09hrs
16/07/2026 18:17:31,buy,0.04,NZDCHF,0.47254,16/07/2026 19:49:05,0.47242,-0.20,0.00,-1.20,-0.79,0.00,0.00,-2.38,-4.40,1,Dragon Wave_BZ3,1.53,1.53hrs
16/07/2026 18:07:58,buy,0.03,NZDCHF,0.47271,16/07/2026 19:49:05,0.47242,-0.15,0.00,-2.90,-1.22,0.03,0.50,-2.41,-6.10,1,Dragon Wave_BZ2,1.69,1.69hrs
16/07/2026 19:12:28,buy,0.11,NZDCHF,0.47209,16/07/2026 19:49:04,0.47242,-0.55,0.00,3.30,3.94,3.94,3.30,-0.41,0.00,1,Dragon Wave_BZ5,0.61,0.61hrs
16/07/2026 19:45:50,buy,0.01,XAGUSD,55.98400,16/07/2026 19:48:29,56.04100,-0.10,0.00,570.00,2.75,2.75,570.00,-1.80,-340.00,1,Dragon Wave_BZ0,0.04,0.04hrs
16/07/2026 19:46:30,buy,0.01,NZDCHF,0.47231,16/07/2026 19:48:15,0.47237,-0.05,0.00,0.60,0.03,0.03,0.60,0.00,0.00,1,Dragon Wave_AZ0,0.03,0.03hrs
16/07/2026 19:20:53,buy,0.01,EURUSD,1.14383,16/07/2026 19:44:41,1.14363,-0.05,0.00,-2.00,-0.25,0.00,0.00,-0.32,-2.70,1,Dragon Wave_CZ0,0.40,0.40hrs
16/07/2026 19:40:51,buy,0.02,EURUSD,1.14349,16/07/2026 19:44:40,1.14366,-0.10,0.00,1.70,0.24,0.24,1.70,0.00,0.00,1,Dragon Wave_CZ1,0.06,0.06hrs
16/07/2026 19:20:25,buy,0.01,EURCAD,1.60629,16/07/2026 19:43:27,1.60641,-0.05,0.00,1.20,0.04,0.04,1.20,-0.32,-3.80,1,Dragon Wave_CZ0,0.38,0.38hrs
16/07/2026 19:13:20,buy,0.01,NZDCAD,0.81987,16/07/2026 19:41:47,0.81979,-0.05,0.00,-0.80,-0.11,0.00,0.10,-0.26,-2.90,1,Dragon Wave_BZ0,0.47,0.47hrs
16/07/2026 19:21:28,buy,0.02,NZDCAD,0.81962,16/07/2026 19:41:46,0.81979,-0.10,0.00,1.70,0.14,0.14,1.70,-0.16,-0.40,1,Dragon Wave_BZ1,0.34,0.34hrs
16/07/2026 19:40:53,buy,0.01,EURAUD,1.63517,16/07/2026 19:41:44,1.63530,-0.05,0.00,1.30,0.04,0.04,1.30,0.00,0.00,1,Dragon Wave_BZ0,0.01,0.01hrs
16/07/2026 19:12:09,buy,0.03,XAGUSD,56.05300,16/07/2026 19:41:29,56.05800,-0.30,0.00,50.00,0.45,0.45,50.00,-24.45,-1610.00,1,Dragon Wave_BZ2,0.49,0.49hrs
16/07/2026 19:04:38,buy,0.02,XAGUSD,56.17200,16/07/2026 19:41:29,56.05800,-0.20,0.00,-1140.00,-11.60,0.00,0.00,-28.20,-2800.00,1,Dragon Wave_BZ1,0.61,0.61hrs
16/07/2026 19:03:50,buy,0.01,XAGUSD,56.21400,16/07/2026 19:41:29,56.05300,-0.10,0.00,-1610.00,-8.15,0.00,0.00,-16.20,-3220.00,1,Dragon Wave_BZ0,0.63,0.63hrs
16/07/2026 19:15:03,buy,0.04,XAGUSD,55.95000,16/07/2026 19:41:28,56.05800,-0.40,0.00,1080.00,21.20,21.20,1080.00,-12.00,-580.00,1,Dragon Wave_BZ3,0.44,0.44hrs
16/07/2026 19:35:08,buy,0.02,USDJPY,162.48400,16/07/2026 19:40:48,162.50600,-0.10,0.00,2.20,0.17,0.17,2.20,0.00,0.00,1,Dragon Wave_AZ1,0.09,0.09hrs
16/07/2026 19:31:58,buy,0.01,USDJPY,162.49700,16/07/2026 19:40:48,162.50500,-0.05,0.00,0.00,0.00,0.00,0.00,-0.08,-0.50,1,Dragon Wave_AZ0,0.15,0.15hrs
16/07/2026 19:32:23,buy,0.01,USDJPY,162.48300,16/07/2026 19:40:07,162.49800,-0.05,0.00,1.50,0.04,0.04,1.50,0.00,0.00,1,Dragon Wave_BZ0,0.13,0.13hrs
16/07/2026 17:41:28,buy,0.01,GBPCHF,1.09163,16/07/2026 19:40:03,1.08993,-0.05,0.00,-17.00,-2.15,0.06,0.90,-3.07,-24.40,1,Dragon Wave_CZ0,1.98,1.98hrs
16/07/2026 18:37:33,buy,0.07,GBPCHF,1.08960,16/07/2026 19:40:02,1.08996,-0.35,0.00,3.60,2.76,2.76,3.60,-3.90,-4.10,1,Dragon Wave_CZ4,1.04,1.04hrs
16/07/2026 18:07:55,buy,0.04,GBPCHF,1.09025,16/07/2026 19:40:02,1.08996,-0.20,0.00,-2.90,-1.64,0.24,0.90,-5.45,-10.60,1,Dragon Wave_CZ3,1.54,1.54hrs
16/07/2026 17:52:56,buy,0.03,GBPCHF,1.09100,16/07/2026 19:40:02,1.08995,-0.15,0.00,-10.50,-4.05,0.00,0.00,-6.87,-18.10,1,Dragon Wave_CZ2,1.78,1.78hrs
16/07/2026 17:50:12,buy,0.02,GBPCHF,1.09135,16/07/2026 19:40:02,1.08994,-0.10,0.00,-14.10,-3.58,0.00,0.00,-5.44,-21.60,1,Dragon Wave_CZ1,1.83,1.83hrs
16/07/2026 19:13:08,buy,0.11,GBPCHF,1.08929,16/07/2026 19:40:01,1.08996,-0.55,0.00,6.70,8.56,8.56,6.70,-1.91,-1.00,1,Dragon Wave_CZ5,0.45,0.45hrs
16/07/2026 19:28:51,buy,0.02,GBPCAD,1.89136,16/07/2026 19:39:12,1.89172,-0.10,0.00,3.60,0.41,0.41,3.60,-0.01,0.00,1,Dragon Wave_CZ1,0.17,0.17hrs
16/07/2026 19:11:51,buy,0.01,GBPCAD,1.89177,16/07/2026 19:39:12,1.89172,-0.05,0.00,-0.50,-0.08,0.00,0.00,-0.37,-4.50,1,Dragon Wave_CZ0,0.46,0.46hrs
16/07/2026 19:22:39,buy,0.03,AUDCAD,0.98208,16/07/2026 19:39:03,0.98226,-0.15,0.00,1.80,0.24,0.24,1.80,-0.47,-1.50,1,Dragon Wave_BZ2,0.27,0.27hrs
16/07/2026 19:18:38,buy,0.02,AUDCAD,0.98224,16/07/2026 19:39:03,0.98226,-0.10,0.00,0.20,-0.07,0.00,0.20,-0.54,-3.10,1,Dragon Wave_BZ1,0.34,0.34hrs
16/07/2026 19:10:11,buy,0.01,AUDCAD,0.98236,16/07/2026 19:39:03,0.98226,-0.05,0.00,-1.00,-0.12,0.00,0.00,-0.36,-4.30,1,Dragon Wave_BZ0,0.48,0.48hrs
16/07/2026 18:57:12,buy,0.01,EURCAD,1.60633,16/07/2026 19:38:55,1.60623,-0.05,0.00,-1.00,-0.12,0.00,0.30,-0.35,-4.20,1,Dragon Wave_BZ0,0.70,0.70hrs
16/07/2026 19:28:26,buy,0.02,EURCAD,1.60599,16/07/2026 19:38:54,1.60623,-0.10,0.00,2.40,0.25,0.25,2.40,-0.04,0.00,1,Dragon Wave_BZ1,0.17,0.17hrs
16/07/2026 19:29:34,buy,0.03,NZDCAD,0.81955,16/07/2026 19:35:11,0.81967,-0.15,0.00,1.20,0.11,0.11,1.20,-0.09,0.00,1,Dragon Wave_CZ2,0.09,0.09hrs
16/07/2026 19:20:21,buy,0.02,NZDCAD,0.81966,16/07/2026 19:35:11,0.81967,-0.10,0.00,0.10,-0.09,0.00,0.20,-0.21,-0.80,1,Dragon Wave_CZ1,0.25,0.25hrs
16/07/2026 19:17:16,buy,0.01,NZDCAD,0.81987,16/07/2026 19:35:11,0.81967,-0.05,0.00,-2.00,-0.19,0.00,0.00,-0.26,-2.90,1,Dragon Wave_CZ0,0.30,0.30hrs
16/07/2026 19:33:57,buy,0.01,XAGUSD,55.92000,16/07/2026 19:34:34,55.96000,-0.10,0.00,400.00,1.90,1.90,400.00,0.00,0.00,1,Dragon Wave_AZ0,0.01,0.01hrs
16/07/2026 19:32:07,buy,0.01,EURAUD,1.63516,16/07/2026 19:34:18,1.63528,-0.05,0.00,1.20,0.03,0.03,1.20,0.00,0.00,1,Dragon Wave_AZ0,0.04,0.04hrs
16/07/2026 19:28:05,buy,0.01,NZDCHF,0.47226,16/07/2026 19:32:31,0.47231,-0.05,0.00,0.50,0.01,0.01,0.50,0.00,0.00,1,Dragon Wave_AZ0,0.07,0.07hrs
16/07/2026 19:15:16,buy,0.02,XAGUSD,55.93900,16/07/2026 19:30:04,56.00600,-0.20,0.00,670.00,6.50,6.50,670.00,-4.90,-470.00,1,Dragon Wave_CZ1,0.25,0.25hrs
16/07/2026 19:05:45,buy,0.01,XAGUSD,56.13100,16/07/2026 19:30:04,56.01100,-0.10,0.00,-1200.00,-6.10,0.00,0.00,-12.05,-2390.00,1,Dragon Wave_CZ0,0.41,0.41hrs
16/07/2026 19:22:40,buy,0.01,CHFJPY,200.87600,16/07/2026 19:27:57,200.88800,-0.05,0.00,1.20,0.02,0.02,1.20,-0.37,-5.20,1,Dragon Wave_CZ0,0.09,0.09hrs
16/07/2026 19:20:32,buy,0.02,CHFJPY,200.88900,16/07/2026 19:27:44,200.89800,-0.10,0.00,0.90,0.01,0.01,0.90,-0.90,-6.50,1,Dragon Wave_AZ1,0.12,0.12hrs
16/07/2026 19:19:02,buy,0.01,CHFJPY,200.96600,16/07/2026 19:27:44,200.90200,-0.05,0.00,-6.40,-0.44,0.00,0.00,-0.92,-14.20,1,Dragon Wave_AZ0,0.14,0.14hrs
16/07/2026 19:25:26,buy,0.03,CHFJPY,200.84800,16/07/2026 19:27:43,200.89800,-0.15,0.00,5.00,0.77,0.77,5.00,-0.59,-2.40,1,Dragon Wave_AZ2,0.04,0.04hrs
16/07/2026 18:37:41,buy,0.01,AUDCHF,0.56602,16/07/2026 19:25:34,0.56588,-0.05,0.00,-1.40,-0.22,0.00,0.00,-0.63,-4.70,1,Dragon Wave_BZ0,0.80,0.80hrs
16/07/2026 18:56:20,buy,0.03,AUDCHF,0.56570,16/07/2026 19:25:33,0.56588,-0.15,0.00,1.80,0.52,0.52,1.80,-0.71,-1.50,1,Dragon Wave_BZ2,0.49,0.49hrs
16/07/2026 18:45:05,buy,0.02,AUDCHF,0.56587,16/07/2026 19:25:33,0.56587,-0.10,0.00,0.00,-0.10,0.00,0.00,-0.89,-3.20,1,Dragon Wave_BZ1,0.67,0.67hrs
16/07/2026 18:01:13,buy,0.01,CADCHF,0.57629,16/07/2026 19:19:46,0.57603,-0.05,0.00,-2.60,-0.37,0.00,0.00,-0.88,-6.70,1,Dragon Wave_CZ0,1.31,1.31hrs
16/07/2026 18:18:07,buy,0.03,CADCHF,0.57582,16/07/2026 19:19:45,0.57604,-0.15,0.00,2.20,0.67,0.67,2.20,-0.89,-2.00,1,Dragon Wave_CZ2,1.03,1.03hrs
16/07/2026 18:05:55,buy,0.02,CADCHF,0.57612,16/07/2026 19:19:45,0.57603,-0.10,0.00,-0.90,-0.33,0.00,0.00,-1.34,-5.00,1,Dragon Wave_CZ1,1.23,1.23hrs
16/07/2026 18:37:15,buy,0.01,GBPCHF,1.08968,16/07/2026 19:19:18,1.08955,-0.05,0.00,-1.30,-0.21,0.00,0.00,-0.66,-4.90,1,Dragon Wave_BZ0,0.70,0.70hrs
16/07/2026 19:12:51,buy,0.02,GBPCHF,1.08929,16/07/2026 19:19:17,1.08955,-0.10,0.00,2.60,0.54,0.54,2.60,-0.35,-1.00,1,Dragon Wave_BZ1,0.11,0.11hrs
16/07/2026 19:14:43,buy,0.01,AUDCAD,0.98219,16/07/2026 19:15:58,0.98232,-0.05,0.00,1.30,0.04,0.04,1.30,-0.05,0.00,1,Dragon Wave_AZ0,0.02,0.02hrs
16/07/2026 19:10:03,buy,0.02,EURJPY,185.86800,16/07/2026 19:13:58,185.90000,-0.10,0.00,3.20,0.29,0.29,3.20,-0.10,0.00,1,Dragon Wave_CZ1,0.07,0.07hrs
16/07/2026 19:00:47,buy,0.01,EURJPY,185.93300,16/07/2026 19:13:58,185.90000,-0.05,0.00,-3.30,-0.25,0.00,0.00,-0.45,-6.50,1,Dragon Wave_CZ0,0.22,0.22hrs
16/07/2026 19:07:59,buy,0.01,CADCHF,0.57580,16/07/2026 19:10:30,0.57587,-0.05,0.00,0.70,0.03,0.03,0.70,0.00,0.00,1,Dragon Wave_AZ0,0.04,0.04hrs
16/07/2026 18:57:56,buy,0.01,NZDCAD,0.82002,16/07/2026 19:02:24,0.82017,-0.05,0.00,1.50,0.06,0.06,1.50,0.00,0.00,1,Dragon Wave_BZ0,0.07,0.07hrs
16/07/2026 18:58:51,buy,0.02,NZDUSD,0.58432,16/07/2026 19:01:45,0.58446,-0.10,0.00,1.40,0.18,0.18,1.40,0.00,0.00,1,Dragon Wave_BZ1,0.05,0.05hrs
16/07/2026 18:56:14,buy,0.01,NZDUSD,0.58457,16/07/2026 19:01:45,0.58446,-0.05,0.00,-1.10,-0.16,0.00,0.00,-0.21,-1.60,1,Dragon Wave_BZ0,0.09,0.09hrs
16/07/2026 19:00:41,buy,0.01,XAGUSD,56.27200,16/07/2026 19:01:37,56.29400,-0.10,0.00,220.00,1.00,1.00,220.00,0.00,0.00,1,Dragon Wave_AZ0,0.02,0.02hrs
16/07/2026 18:57:00,buy,0.01,NZDCAD,0.82017,16/07/2026 19:01:37,0.82024,-0.05,0.00,0.00,0.00,0.00,0.00,-0.11,-0.90,1,Dragon Wave_CZ0,0.08,0.08hrs
16/07/2026 17:58:14,buy,0.01,CADCHF,0.57632,16/07/2026 19:01:18,0.57582,-0.05,0.00,-5.00,-0.67,0.00,0.00,-0.92,-7.00,1,Dragon Wave_AZ0,1.05,1.05hrs
16/07/2026 18:49:42,buy,0.07,CADCHF,0.57558,16/07/2026 19:01:17,0.57583,-0.35,0.00,2.50,1.82,1.82,2.50,0.00,0.00,1,Dragon Wave_AZ4,0.19,0.19hrs
16/07/2026 18:22:16,buy,0.04,CADCHF,0.57571,16/07/2026 19:01:17,0.57582,-0.20,0.00,1.10,0.35,0.44,1.30,-0.65,-0.90,1,Dragon Wave_AZ3,0.65,0.65hrs
16/07/2026 18:12:38,buy,0.03,CADCHF,0.57598,16/07/2026 19:01:17,0.57582,-0.15,0.00,-1.60,-0.75,0.00,0.00,-1.49,-3.60,1,Dragon Wave_AZ2,0.81,0.81hrs
16/07/2026 18:05:26,buy,0.02,CADCHF,0.57612,16/07/2026 19:01:17,0.57583,-0.10,0.00,-2.90,-0.82,0.00,0.00,-1.34,-5.00,1,Dragon Wave_AZ1,0.93,0.93hrs
16/07/2026 18:38:15,buy,0.01,USDCHF,0.80812,16/07/2026 18:58:22,0.80801,-0.05,0.00,-1.10,-0.19,0.00,0.00,-0.46,-3.30,1,Dragon Wave_AZ0,0.34,0.34hrs
16/07/2026 18:49:22,buy,0.03,USDCHF,0.80782,16/07/2026 18:58:21,0.80801,-0.15,0.00,1.90,0.56,0.56,1.90,-0.26,-0.30,1,Dragon Wave_AZ2,0.15,0.15hrs
16/07/2026 18:42:42,buy,0.02,USDCHF,0.80802,16/07/2026 18:58:21,0.80801,-0.10,0.00,-0.10,-0.12,0.00,0.00,-0.67,-2.30,1,Dragon Wave_AZ1,0.26,0.26hrs
16/07/2026 18:50:35,buy,0.01,EURGBP,0.84877,16/07/2026 18:56:57,0.84884,-0.05,0.00,0.70,0.04,0.04,0.70,0.00,0.00,1,Dragon Wave_BZ0,0.11,0.11hrs
16/07/2026 18:49:21,buy,0.01,USDJPY,162.41300,16/07/2026 18:55:30,162.42700,-0.05,0.00,1.40,0.04,0.04,1.40,-0.07,-0.30,1,Dragon Wave_BZ0,0.10,0.10hrs
16/07/2026 18:50:56,buy,0.01,EURGBP,0.84872,16/07/2026 18:54:53,0.84881,-0.05,0.00,0.90,0.07,0.07,0.90,0.00,0.00,1,Dragon Wave_CZ0,0.07,0.07hrs
16/07/2026 18:48:52,buy,0.01,USDJPY,162.41400,16/07/2026 18:51:57,162.42400,-0.05,0.00,1.00,0.01,0.01,1.00,-0.08,-0.40,1,Dragon Wave_AZ0,0.05,0.05hrs
16/07/2026 18:45:34,buy,0.01,AUDCAD,0.98278,16/07/2026 18:51:33,0.98286,-0.05,0.00,0.00,0.00,0.00,0.50,-0.01,0.00,1,Dragon Wave_CZ0,0.10,0.10hrs
16/07/2026 18:44:53,buy,0.01,XAGUSD,56.41500,16/07/2026 18:51:22,56.43300,-0.10,0.00,180.00,0.80,0.80,180.00,-3.35,-650.00,1,Dragon Wave_AZ0,0.11,0.11hrs
16/07/2026 18:45:08,buy,0.02,AUDJPY,113.74100,16/07/2026 18:51:12,113.75800,-0.10,0.00,1.70,0.11,0.11,1.70,-0.03,0.00,1,Dragon Wave_AZ1,0.10,0.10hrs
16/07/2026 18:44:09,buy,0.01,AUDJPY,113.76400,16/07/2026 18:51:12,113.75800,-0.05,0.00,-0.60,-0.09,0.00,0.00,-0.17,-1.90,1,Dragon Wave_AZ0,0.12,0.12hrs
16/07/2026 18:25:26,buy,0.02,GBPAUD,1.92552,16/07/2026 18:51:00,1.92602,-0.10,0.00,5.00,0.60,0.60,5.00,-0.86,-5.40,1,Dragon Wave_BZ1,0.43,0.43hrs
16/07/2026 18:21:27,buy,0.01,GBPAUD,1.92598,16/07/2026 18:51:00,1.92600,-0.05,0.00,0.20,-0.04,0.00,0.20,-0.75,-10.00,1,Dragon Wave_BZ0,0.49,0.49hrs
16/07/2026 18:38:01,buy,0.01,NZDCAD,0.82041,16/07/2026 18:50:39,0.82050,-0.05,0.00,0.90,0.02,0.02,0.90,-0.07,-0.30,1,Dragon Wave_CZ0,0.21,0.21hrs
16/07/2026 18:38:46,buy,0.02,GBPJPY,219.00200,16/07/2026 18:50:07,219.03800,-0.10,0.00,3.60,0.35,0.35,3.60,-0.20,-0.80,1,Dragon Wave_BZ1,0.19,0.19hrs
16/07/2026 18:20:32,buy,0.01,GBPJPY,219.07300,16/07/2026 18:50:07,219.04000,-0.05,0.00,-3.30,-0.25,0.00,0.00,-0.54,-7.90,1,Dragon Wave_BZ0,0.49,0.49hrs
16/07/2026 18:45:41,buy,0.01,XAGUSD,56.35700,16/07/2026 18:50:04,56.42300,-0.10,0.00,660.00,3.20,3.20,660.00,0.00,0.00,1,Dragon Wave_CZ0,0.07,0.07hrs
16/07/2026 18:45:13,buy,0.01,XAGUSD,56.35100,16/07/2026 18:49:49,56.40300,-0.10,0.00,520.00,2.50,2.50,520.00,0.00,0.00,1,Dragon Wave_BZ0,0.08,0.08hrs
16/07/2026 18:45:27,buy,0.01,AUDUSD,0.70021,16/07/2026 18:49:35,0.70033,-0.05,0.00,1.20,0.07,0.07,1.20,0.00,0.00,1,Dragon Wave_BZ0,0.07,0.07hrs
16/07/2026 15:38:07,buy,0.04,EURUSD,1.14547,16/07/2026 18:49:14,1.14484,-0.20,0.00,-6.30,-2.72,0.96,2.90,-6.52,-15.80,1,Dragon Wave_BZ3,3.19,3.19hrs
16/07/2026 15:33:39,buy,0.03,EURUSD,1.14591,16/07/2026 18:49:14,1.14484,-0.15,0.00,-10.70,-3.36,0.00,0.00,-6.21,-20.20,1,Dragon Wave_BZ2,3.26,3.26hrs
16/07/2026 15:12:29,buy,0.02,EURUSD,1.14658,16/07/2026 18:49:14,1.14484,-0.10,0.00,-17.40,-3.58,0.00,0.00,-5.48,-26.90,1,Dragon Wave_BZ1,3.61,3.61hrs
16/07/2026 15:09:28,buy,0.01,EURUSD,1.14674,16/07/2026 18:49:14,1.14484,-0.05,0.00,-19.00,-1.95,0.00,0.00,-2.90,-28.50,1,Dragon Wave_BZ0,3.66,3.66hrs
16/07/2026 18:03:58,buy,0.11,EURUSD,1.14376,16/07/2026 18:49:13,1.14483,-0.55,0.00,10.70,11.22,11.22,10.70,0.00,0.00,1,Dragon Wave_BZ5,0.75,0.75hrs
16/07/2026 17:12:34,buy,0.07,EURUSD,1.14459,16/07/2026 18:49:13,1.14484,-0.35,0.00,2.50,1.40,2.38,3.90,-5.25,-7.00,1,Dragon Wave_BZ4,1.61,1.61hrs
16/07/2026 18:46:39,buy,0.02,AUDJPY,113.72300,16/07/2026 18:48:16,113.74600,-0.10,0.00,2.30,0.18,0.18,2.30,0.00,0.00,1,Dragon Wave_BZ1,0.03,0.03hrs
16/07/2026 18:44:37,buy,0.01,AUDJPY,113.75700,16/07/2026 18:48:16,113.74500,-0.05,0.00,-1.20,-0.13,0.00,0.00,-0.13,-1.20,1,Dragon Wave_BZ0,0.06,0.06hrs
16/07/2026 18:45:55,buy,0.01,GBPJPY,218.97200,16/07/2026 18:48:02,218.99700,-0.05,0.00,2.50,0.10,0.10,2.50,0.00,0.00,1,Dragon Wave_CZ0,0.04,0.04hrs
16/07/2026 18:45:41,buy,0.02,GBPUSD,1.34819,16/07/2026 18:47:40,1.34833,-0.10,0.00,1.40,0.18,0.18,1.40,0.00,0.00,1,Dragon Wave_AZ1,0.03,0.03hrs
16/07/2026 18:44:28,buy,0.01,GBPUSD,1.34834,16/07/2026 18:47:40,1.34830,-0.05,0.00,-0.40,-0.09,0.00,0.00,-0.09,-0.40,1,Dragon Wave_AZ0,0.05,0.05hrs
16/07/2026 18:45:17,buy,0.01,NZDCAD,0.82030,16/07/2026 18:47:39,0.82040,-0.05,0.00,1.00,0.02,0.02,1.00,0.00,0.00,1,Dragon Wave_AZ0,0.04,0.04hrs
16/07/2026 18:46:27,buy,0.02,NZDCHF,0.47220,16/07/2026 18:47:17,0.47228,-0.10,0.00,0.80,0.09,0.09,0.80,0.00,0.00,1,Dragon Wave_AZ1,0.01,0.01hrs
16/07/2026 18:42:28,buy,0.01,NZDCHF,0.47232,16/07/2026 18:47:17,0.47228,-0.05,0.00,-0.40,-0.10,0.00,0.00,-0.10,-0.40,1,Dragon Wave_AZ0,0.08,0.08hrs
16/07/2026 18:40:32,buy,0.01,XAUUSD,4011.29000,16/07/2026 18:43:09,4013.18000,-0.14,0.00,18.90,1.75,1.75,18.90,0.00,0.00,1,Dragon Wave_AZ0,0.04,0.04hrs
16/07/2026 18:41:06,buy,0.01,XAGUSD,56.41900,16/07/2026 18:42:25,56.44900,-0.10,0.00,300.00,1.40,1.40,300.00,0.00,0.00,1,Dragon Wave_BZ0,0.02,0.02hrs
16/07/2026 18:40:59,buy,0.01,AUDJPY,113.76600,16/07/2026 18:41:56,113.78000,-0.05,0.00,1.40,0.04,0.04,1.40,0.00,0.00,1,Dragon Wave_BZ0,0.02,0.02hrs
16/07/2026 18:37:54,buy,0.01,AUDJPY,113.76900,16/07/2026 18:41:31,113.77700,-0.05,0.00,0.00,0.00,0.00,0.30,-0.03,0.00,1,Dragon Wave_AZ0,0.06,0.06hrs
16/07/2026 18:38:08,buy,0.01,GBPCAD,1.89205,16/07/2026 18:40:42,1.89252,-0.05,0.00,4.70,0.28,0.28,4.70,-0.04,0.00,1,Dragon Wave_CZ0,0.04,0.04hrs
16/07/2026 18:37:24,buy,0.02,GBPJPY,219.00300,16/07/2026 18:40:36,219.02600,-0.10,0.00,2.30,0.18,0.18,2.30,-0.10,0.00,1,Dragon Wave_AZ1,0.05,0.05hrs
16/07/2026 18:36:17,buy,0.01,GBPJPY,219.03900,16/07/2026 18:40:36,219.02600,-0.05,0.00,-1.30,-0.13,0.00,0.00,-0.27,-3.60,1,Dragon Wave_AZ0,0.07,0.07hrs
16/07/2026 18:37:56,buy,0.01,GBPJPY,218.99900,16/07/2026 18:40:26,219.02300,-0.05,0.00,2.40,0.10,0.10,2.40,0.00,0.00,1,Dragon Wave_CZ0,0.04,0.04hrs
16/07/2026 18:36:43,buy,0.01,NZDCAD,0.82053,16/07/2026 18:38:51,0.82056,-0.05,0.00,0.30,-0.02,0.00,0.30,-0.09,-0.50,1,Dragon Wave_AZ0,0.04,0.04hrs
16/07/2026 18:37:39,buy,0.01,NZDCAD,0.82048,16/07/2026 18:38:37,0.82054,-0.05,0.00,0.60,-0.01,0.00,0.60,-0.01,0.00,1,Dragon Wave_BZ0,0.02,0.02hrs
16/07/2026 18:34:33,buy,0.01,EURAUD,1.63353,16/07/2026 18:37:20,1.63371,-0.05,0.00,1.80,0.07,0.07,1.80,0.00,0.00,1,Dragon Wave_AZ0,0.05,0.05hrs
16/07/2026 18:34:32,buy,0.01,USDJPY,162.42900,16/07/2026 18:36:37,162.44600,-0.05,0.00,1.70,0.05,0.05,1.70,0.00,0.00,1,Dragon Wave_BZ0,0.03,0.03hrs
16/07/2026 18:34:16,buy,0.01,USDJPY,162.43400,16/07/2026 18:36:25,162.44400,-0.05,0.00,1.00,0.01,0.01,1.00,0.00,0.00,1,Dragon Wave_AZ0,0.04,0.04hrs
16/07/2026 18:03:05,buy,0.01,NZDUSD,0.58466,16/07/2026 18:34:49,0.58475,-0.05,0.00,0.90,0.04,0.04,0.90,-0.20,-1.50,1,Dragon Wave_BZ0,0.53,0.53hrs
16/07/2026 17:55:29,buy,0.02,AUDUSD,0.70032,16/07/2026 18:34:42,0.70055,-0.10,0.00,2.30,0.36,0.36,2.30,-0.36,-1.30,1,Dragon Wave_BZ1,0.65,0.65hrs
16/07/2026 17:51:01,buy,0.01,AUDUSD,0.70067,16/07/2026 18:34:42,0.70055,-0.05,0.00,-1.20,-0.17,0.00,0.00,-0.53,-4.80,1,Dragon Wave_BZ0,0.73,0.73hrs
16/07/2026 18:32:48,buy,0.01,CHFJPY,200.96600,16/07/2026 18:34:22,200.98600,-0.05,0.00,2.00,0.07,0.07,2.00,0.00,0.00,1,Dragon Wave_CZ0,0.03,0.03hrs
16/07/2026 18:29:16,buy,0.01,NZDCAD,0.82062,16/07/2026 18:34:08,0.82067,-0.05,0.00,0.50,-0.02,0.00,0.50,-0.06,-0.20,1,Dragon Wave_AZ0,0.08,0.08hrs
16/07/2026 18:25:49,buy,0.01,EURNZD,1.95712,16/07/2026 18:33:01,1.95726,-0.05,0.00,1.40,0.03,0.03,1.40,-0.23,-3.00,1,Dragon Wave_CZ0,0.12,0.12hrs
16/07/2026 18:29:08,buy,0.01,GBPCAD,1.89253,16/07/2026 18:32:15,1.89298,-0.05,0.00,4.50,0.27,0.27,4.50,-0.11,-0.90,1,Dragon Wave_BZ0,0.05,0.05hrs
16/07/2026 18:28:22,buy,0.01,EURCAD,1.60594,16/07/2026 18:31:59,1.60606,-0.05,0.00,1.20,0.03,0.03,1.20,-0.11,-0.90,1,Dragon Wave_BZ0,0.06,0.06hrs
16/07/2026 18:21:53,buy,0.02,GBPCHF,1.08995,16/07/2026 18:31:57,1.09012,-0.10,0.00,1.70,0.32,0.32,1.70,-0.67,-2.30,1,Dragon Wave_AZ1,0.17,0.17hrs
16/07/2026 18:19:46,buy,0.01,GBPCHF,1.09009,16/07/2026 18:31:57,1.09011,-0.05,0.00,0.20,-0.02,0.00,0.20,-0.51,-3.70,1,Dragon Wave_AZ0,0.20,0.20hrs
16/07/2026 18:16:06,buy,0.01,EURCHF,0.92485,16/07/2026 18:31:10,0.92492,-0.05,0.00,0.70,0.04,0.04,0.70,-0.25,-1.60,1,Dragon Wave_CZ0,0.25,0.25hrs
16/07/2026 18:29:19,buy,0.01,GBPUSD,1.34824,16/07/2026 18:31:09,1.34834,-0.05,0.00,1.00,0.05,0.05,1.00,-0.02,0.00,1,Dragon Wave_AZ0,0.03,0.03hrs
16/07/2026 18:16:41,buy,0.02,CADCHF,0.57587,16/07/2026 18:31:03,0.57592,-0.10,0.00,0.50,0.02,0.02,0.50,-0.40,-1.20,1,Dragon Wave_BZ1,0.24,0.24hrs
16/07/2026 18:11:55,buy,0.01,CADCHF,0.57597,16/07/2026 18:31:03,0.57592,-0.05,0.00,-0.50,-0.11,0.00,0.00,-0.32,-2.20,1,Dragon Wave_BZ0,0.32,0.32hrs
16/07/2026 18:30:03,buy,0.01,EURUSD,1.14401,16/07/2026 18:30:29,1.14414,-0.05,0.00,1.30,0.08,0.08,1.30,0.00,0.00,1,Dragon Wave_AZ0,0.01,0.01hrs
16/07/2026 18:16:26,buy,0.02,USDCHF,0.80820,16/07/2026 18:30:22,0.80840,-0.10,0.00,2.00,0.39,0.39,2.00,-0.17,-0.30,1,Dragon Wave_BZ1,0.23,0.23hrs
16/07/2026 18:12:23,buy,0.01,USDCHF,0.80850,16/07/2026 18:30:22,0.80840,-0.05,0.00,-1.00,-0.17,0.00,0.00,-0.46,-3.30,1,Dragon Wave_BZ0,0.30,0.30hrs
16/07/2026 18:27:48,buy,0.01,EURAUD,1.63351,16/07/2026 18:30:19,1.63373,-0.05,0.00,2.20,0.11,0.11,2.20,0.00,0.00,1,Dragon Wave_CZ0,0.04,0.04hrs
16/07/2026 18:25:20,buy,0.01,EURAUD,1.63371,16/07/2026 18:30:02,1.63363,-0.05,0.00,-0.80,-0.10,0.00,0.00,-0.13,-1.20,1,Dragon Wave_AZ0,0.08,0.08hrs
16/07/2026 18:25:05,buy,0.01,EURJPY,185.86300,16/07/2026 18:28:02,185.87700,-0.05,0.00,1.40,0.04,0.04,1.40,0.00,0.00,1,Dragon Wave_BZ0,0.05,0.05hrs
16/07/2026 18:07:53,buy,0.02,NZDCHF,0.47270,16/07/2026 18:26:41,0.47254,-0.10,0.00,-1.60,-0.50,0.05,0.60,-0.82,-2.90,1,Dragon Wave_AZ1,0.31,0.31hrs
16/07/2026 18:05:18,buy,0.01,NZDCHF,0.47278,16/07/2026 18:26:41,0.47253,-0.05,0.00,-2.50,-0.36,0.00,0.00,-0.51,-3.70,1,Dragon Wave_AZ0,0.36,0.36hrs
16/07/2026 18:22:18,buy,0.04,NZDCHF,0.47239,16/07/2026 18:26:40,0.47255,-0.20,0.00,1.60,0.60,0.60,1.60,0.00,0.00,1,Dragon Wave_AZ3,0.07,0.07hrs
16/07/2026 18:16:52,buy,0.03,NZDCHF,0.47250,16/07/2026 18:26:40,0.47254,-0.15,0.00,0.00,0.00,0.00,0.00,-0.48,-0.90,1,Dragon Wave_AZ2,0.16,0.16hrs
16/07/2026 18:21:56,buy,0.02,NZDJPY,94.95000,16/07/2026 18:25:58,94.97800,-0.10,0.00,2.80,0.25,0.25,2.80,-0.03,0.00,1,Dragon Wave_CZ1,0.07,0.07hrs
16/07/2026 18:03:05,buy,0.01,NZDJPY,94.98700,16/07/2026 18:25:58,94.97800,-0.05,0.00,-0.90,-0.11,0.00,0.00,-0.35,-4.80,1,Dragon Wave_CZ0,0.38,0.38hrs
16/07/2026 18:19:51,buy,0.01,NZDCAD,0.82055,16/07/2026 18:25:20,0.82062,-0.05,0.00,0.00,0.00,0.00,0.20,-0.09,-0.60,1,Dragon Wave_BZ0,0.09,0.09hrs
16/07/2026 18:20:22,buy,0.02,AUDJPY,113.73500,16/07/2026 18:22:53,113.74900,-0.10,0.00,1.40,0.07,0.07,1.40,-0.09,0.00,1,Dragon Wave_AZ1,0.04,0.04hrs
16/07/2026 18:13:37,buy,0.01,AUDJPY,113.75200,16/07/2026 18:22:53,113.74900,-0.05,0.00,-0.30,-0.07,0.00,0.00,-0.15,-1.60,1,Dragon Wave_AZ0,0.15,0.15hrs
16/07/2026 18:19:57,buy,0.01,GBPUSD,1.34851,16/07/2026 18:20:38,1.34862,-0.05,0.00,1.10,0.06,0.06,1.10,0.00,0.00,1,Dragon Wave_AZ0,0.01,0.01hrs
16/07/2026 18:16:35,buy,0.01,USDCAD,1.40368,16/07/2026 18:19:57,1.40384,-0.05,0.00,1.60,0.06,0.06,1.60,0.00,0.00,1,Dragon Wave_AZ0,0.06,0.06hrs
16/07/2026 18:16:31,buy,0.01,GBPCAD,1.89327,16/07/2026 18:17:38,1.89343,-0.05,0.00,1.60,0.06,0.06,1.60,0.00,0.00,1,Dragon Wave_AZ0,0.02,0.02hrs
16/07/2026 18:16:21,buy,0.01,USDJPY,162.42600,16/07/2026 18:16:50,162.44000,-0.05,0.00,1.40,0.04,0.04,1.40,0.00,0.00,1,Dragon Wave_BZ0,0.01,0.01hrs
16/07/2026 18:10:54,buy,0.01,XAGUSD,56.03200,16/07/2026 18:15:20,56.03500,-0.10,0.00,30.00,0.05,0.05,30.00,-2.35,-450.00,1,Dragon Wave_BZ0,0.07,0.07hrs
16/07/2026 18:11:11,buy,0.01,XAGUSD,55.99600,16/07/2026 18:14:55,56.02200,-0.10,0.00,260.00,1.20,1.45,310.00,-0.55,-90.00,1,Dragon Wave_CZ0,0.06,0.06hrs
16/07/2026 18:13:35,buy,0.01,XAUUSD,3991.22000,16/07/2026 18:14:52,3992.78000,-0.14,0.00,15.60,1.42,1.42,15.60,0.00,0.00,1,Dragon Wave_CZ0,0.02,0.02hrs
16/07/2026 17:40:46,buy,0.02,GBPCAD,1.89313,16/07/2026 18:14:03,1.89336,-0.10,0.00,2.30,0.23,0.23,2.30,-1.55,-10.20,1,Dragon Wave_BZ1,0.55,0.55hrs
16/07/2026 17:39:30,buy,0.01,GBPCAD,1.89393,16/07/2026 18:14:03,1.89337,-0.05,0.00,-5.60,-0.45,0.00,0.00,-1.35,-18.20,1,Dragon Wave_BZ0,0.58,0.58hrs
16/07/2026 17:58:29,buy,0.03,GBPCAD,1.89238,16/07/2026 18:14:02,1.89337,-0.15,0.00,9.90,1.96,1.96,9.90,-0.06,0.00,1,Dragon Wave_BZ2,0.26,0.26hrs
16/07/2026 17:44:32,buy,0.03,GBPNZD,2.30714,16/07/2026 18:13:37,2.30691,-0.15,0.00,-2.30,-0.55,0.00,0.00,-3.13,-17.00,1,Dragon Wave_AZ2,0.48,0.48hrs
16/07/2026 17:29:28,buy,0.02,GBPNZD,2.30781,16/07/2026 18:13:37,2.30687,-0.10,0.00,-9.40,-1.20,0.10,1.70,-2.87,-23.70,1,Dragon Wave_AZ1,0.74,0.74hrs
16/07/2026 17:17:22,buy,0.01,GBPNZD,2.30871,16/07/2026 18:13:37,2.30691,-0.05,0.00,-18.00,-1.10,0.00,0.00,-1.96,-32.70,1,Dragon Wave_AZ0,0.94,0.94hrs
16/07/2026 17:53:20,buy,0.07,GBPNZD,2.30602,16/07/2026 18:13:36,2.30691,-0.35,0.00,8.90,3.29,3.29,8.90,-2.73,-5.80,1,Dragon Wave_AZ4,0.34,0.34hrs
16/07/2026 17:51:13,buy,0.04,GBPNZD,2.30676,16/07/2026 18:13:36,2.30691,-0.20,0.00,1.50,0.15,0.15,1.50,-3.29,-13.20,1,Dragon Wave_AZ3,0.37,0.37hrs
16/07/2026 18:06:53,buy,0.02,GBPJPY,219.03100,16/07/2026 18:12:17,219.09100,-0.10,0.00,6.00,0.64,0.64,6.00,0.00,0.00,1,Dragon Wave_BZ1,0.09,0.09hrs
16/07/2026 18:02:07,buy,0.01,GBPJPY,219.07600,16/07/2026 18:12:17,219.09100,-0.05,0.00,1.50,0.05,0.05,1.50,-0.17,-1.90,1,Dragon Wave_BZ0,0.17,0.17hrs
16/07/2026 17:57:24,buy,0.01,GBPUSD,1.34884,16/07/2026 18:12:08,1.34866,-0.05,0.00,-1.80,-0.23,0.00,0.00,-0.56,-5.10,1,Dragon Wave_AZ0,0.25,0.25hrs
16/07/2026 18:06:38,buy,0.03,GBPUSD,1.34808,16/07/2026 18:12:07,1.34869,-0.15,0.00,6.10,1.68,1.68,6.10,0.00,0.00,1,Dragon Wave_AZ2,0.09,0.09hrs
16/07/2026 18:02:22,buy,0.02,GBPUSD,1.34851,16/07/2026 18:12:07,1.34866,-0.10,0.00,1.50,0.20,0.20,1.50,-0.46,-1.80,1,Dragon Wave_AZ1,0.16,0.16hrs
16/07/2026 18:08:05,buy,0.01,NZDCAD,0.82050,16/07/2026 18:10:24,0.82060,-0.05,0.00,1.00,0.02,0.02,1.00,0.00,0.00,1,Dragon Wave_CZ0,0.04,0.04hrs
16/07/2026 18:03:12,buy,0.01,XAUUSD,3994.19000,16/07/2026 18:09:58,3995.35000,-0.14,0.00,11.60,1.02,1.02,11.60,-0.78,-6.40,1,Dragon Wave_CZ0,0.11,0.11hrs
16/07/2026 18:02:59,buy,0.01,NZDCAD,0.82056,16/07/2026 18:09:39,0.82066,-0.05,0.00,1.00,0.03,0.03,1.00,-0.02,0.00,1,Dragon Wave_BZ0,0.11,0.11hrs
16/07/2026 18:08:55,buy,0.01,GBPJPY,219.02100,16/07/2026 18:09:27,219.04400,-0.05,0.00,2.30,0.09,0.09,2.30,0.00,0.00,1,Dragon Wave_AZ0,0.01,0.01hrs
16/07/2026 18:06:33,buy,0.01,NZDCAD,0.82052,16/07/2026 18:09:11,0.82056,-0.05,0.00,0.40,-0.02,0.00,0.40,-0.02,0.00,1,Dragon Wave_AZ0,0.04,0.04hrs
16/07/2026 18:02:59,buy,0.01,EURUSD,1.14382,16/07/2026 18:08:09,1.14396,-0.05,0.00,1.40,0.09,0.09,1.40,0.00,0.00,1,Dragon Wave_CZ0,0.09,0.09hrs
16/07/2026 18:06:41,buy,0.01,AUDJPY,113.73400,16/07/2026 18:08:06,113.75900,-0.05,0.00,2.50,0.10,0.10,2.50,0.00,0.00,1,Dragon Wave_AZ0,0.02,0.02hrs
16/07/2026 18:07:11,buy,0.01,XAGUSD,56.02900,16/07/2026 18:08:04,56.06400,-0.10,0.00,350.00,1.65,1.65,350.00,0.00,0.00,1,Dragon Wave_CZ0,0.01,0.01hrs
16/07/2026 18:05:31,buy,0.01,XAGUSD,56.06400,16/07/2026 18:07:43,56.08400,-0.10,0.00,200.00,0.90,0.90,200.00,0.00,0.00,1,Dragon Wave_BZ0,0.04,0.04hrs
16/07/2026 18:03:04,buy,0.01,XAUUSD,3994.78000,16/07/2026 18:07:31,3993.51000,-0.14,0.00,-12.70,-1.41,0.00,0.00,-1.41,-12.70,1,Dragon Wave_BZ0,0.07,0.07hrs
16/07/2026 18:06:44,buy,0.02,XAUUSD,3991.50000,16/07/2026 18:07:30,3993.55000,-0.29,0.00,20.50,3.81,3.81,20.50,0.00,0.00,1,Dragon Wave_BZ1,0.01,0.01hrs
16/07/2026 18:03:13,buy,0.01,EURJPY,185.83800,16/07/2026 18:05:31,185.85700,-0.05,0.00,1.90,0.07,0.07,1.90,0.00,0.00,1,Dragon Wave_CZ0,0.04,0.04hrs
16/07/2026 18:03:24,buy,0.01,NZDCAD,0.82052,16/07/2026 18:03:48,0.82063,-0.05,0.00,1.10,0.03,0.03,1.10,0.00,0.00,1,Dragon Wave_CZ0,0.01,0.01hrs
16/07/2026 17:33:56,buy,0.02,EURNZD,1.95596,16/07/2026 18:02:25,1.95637,-0.10,0.00,4.10,0.38,0.38,4.10,-1.06,-8.20,1,Dragon Wave_CZ1,0.47,0.47hrs
16/07/2026 17:18:32,buy,0.01,EURNZD,1.95691,16/07/2026 18:02:25,1.95641,-0.05,0.00,-5.00,-0.34,0.00,0.00,-1.09,-17.70,1,Dragon Wave_CZ0,0.73,0.73hrs
16/07/2026 18:00:03,buy,0.01,GBPAUD,1.92554,16/07/2026 18:00:36,1.92583,-0.05,0.00,2.90,0.15,0.15,2.90,0.00,0.00,1,Dragon Wave_BZ0,0.01,0.01hrs
16/07/2026 17:51:08,buy,0.02,AUDJPY,113.80600,16/07/2026 18:00:09,113.78900,-0.10,0.00,-1.70,-0.31,0.00,0.00,-0.53,-3.50,1,Dragon Wave_AZ1,0.15,0.15hrs
16/07/2026 17:47:47,buy,0.01,AUDJPY,113.84400,16/07/2026 18:00:09,113.78900,-0.05,0.00,-5.50,-0.39,0.00,0.00,-0.50,-7.30,1,Dragon Wave_AZ0,0.21,0.21hrs
16/07/2026 17:55:26,buy,0.03,AUDJPY,113.74800,16/07/2026 18:00:08,113.79200,-0.15,0.00,4.40,0.66,0.66,4.40,0.00,0.00,1,Dragon Wave_AZ2,0.08,0.08hrs
16/07/2026 17:53:09,buy,0.02,AUDCAD,0.98265,16/07/2026 18:00:08,0.98284,-0.10,0.00,1.90,0.18,0.18,1.90,-0.37,-1.90,1,Dragon Wave_AZ1,0.12,0.12hrs
16/07/2026 17:50:23,buy,0.01,AUDCAD,0.98295,16/07/2026 18:00:08,0.98285,-0.05,0.00,-1.00,-0.12,0.00,0.00,-0.40,-4.90,1,Dragon Wave_AZ0,0.16,0.16hrs
16/07/2026 17:49:17,buy,0.02,EURUSD,1.14423,16/07/2026 17:59:16,1.14434,-0.10,0.00,1.10,0.12,0.12,1.10,-0.44,-1.70,1,Dragon Wave_AZ1,0.17,0.17hrs
16/07/2026 17:47:24,buy,0.01,EURUSD,1.14447,16/07/2026 17:59:16,1.14434,-0.05,0.00,-1.30,-0.18,0.00,0.00,-0.46,-4.10,1,Dragon Wave_AZ0,0.20,0.20hrs
16/07/2026 17:53:45,buy,0.01,CHFJPY,200.86800,16/07/2026 17:58:47,200.88400,-0.05,0.00,1.60,0.05,0.05,1.60,-0.14,-1.40,1,Dragon Wave_AZ0,0.08,0.08hrs
16/07/2026 17:49:43,buy,0.01,XAUUSD,4001.16000,16/07/2026 17:58:38,3998.59000,-0.14,0.00,-25.70,-2.71,0.00,0.00,-5.30,-51.60,1,Dragon Wave_BZ0,0.15,0.15hrs
16/07/2026 17:52:36,buy,0.02,XAUUSD,3996.99000,16/07/2026 17:58:37,3998.83000,-0.29,0.00,18.40,3.39,3.39,18.40,-2.27,-9.90,1,Dragon Wave_BZ1,0.10,0.10hrs
16/07/2026 17:51:05,buy,0.01,AUDNZD,1.19760,16/07/2026 17:58:23,1.19741,-0.05,0.00,-1.90,-0.16,0.00,0.00,-0.31,-4.40,1,Dragon Wave_BZ0,0.12,0.12hrs
16/07/2026 17:54:32,buy,0.02,AUDNZD,1.19710,16/07/2026 17:58:22,1.19741,-0.10,0.00,3.10,0.27,0.27,3.10,0.00,0.00,1,Dragon Wave_BZ1,0.06,0.06hrs
16/07/2026 17:57:15,buy,0.02,NZDCAD,0.82053,16/07/2026 17:58:18,0.82075,-0.10,0.00,2.20,0.21,0.21,2.20,0.00,0.00,1,Dragon Wave_AZ1,0.02,0.02hrs
16/07/2026 17:55:39,buy,0.01,NZDCAD,0.82068,16/07/2026 17:58:18,0.82076,-0.05,0.00,0.00,0.00,0.00,0.00,0.00,0.00,1,Dragon Wave_AZ0,0.04,0.04hrs
16/07/2026 17:54:45,buy,0.01,AUDCAD,0.98251,16/07/2026 17:58:11,0.98274,-0.05,0.00,2.30,0.12,0.12,2.30,0.00,0.00,1,Dragon Wave_CZ0,0.06,0.06hrs
16/07/2026 17:36:01,buy,0.01,EURCHF,0.92528,16/07/2026 17:58:10,0.92537,-0.05,0.00,0.90,0.06,0.06,0.90,-0.24,-1.50,1,Dragon Wave_CZ0,0.37,0.37hrs
16/07/2026 17:57:36,buy,0.01,AUDCHF,0.56626,16/07/2026 17:58:08,0.56632,-0.05,0.00,0.60,0.03,0.03,0.60,0.00,0.00,1,Dragon Wave_BZ0,0.01,0.01hrs
16/07/2026 17:56:27,buy,0.01,NZDCAD,0.82064,16/07/2026 17:58:03,0.82074,-0.05,0.00,1.00,0.02,0.02,1.00,0.00,0.00,1,Dragon Wave_CZ0,0.03,0.03hrs
16/07/2026 17:55:54,buy,0.02,XAUUSD,3994.46000,16/07/2026 17:57:50,3997.91000,-0.29,0.00,34.50,6.61,6.61,34.50,0.00,0.00,1,Dragon Wave_CZ1,0.03,0.03hrs
16/07/2026 17:50:47,buy,0.01,XAUUSD,3999.04000,16/07/2026 17:57:50,3997.74000,-0.14,0.00,-13.00,-1.44,0.00,0.00,-3.18,-30.40,1,Dragon Wave_CZ0,0.12,0.12hrs
16/07/2026 17:50:52,buy,0.02,EURJPY,185.86000,16/07/2026 17:57:33,185.91000,-0.10,0.00,5.00,0.52,0.52,5.00,-0.44,-2.80,1,Dragon Wave_AZ1,0.11,0.11hrs
16/07/2026 17:48:53,buy,0.01,EURJPY,185.87300,16/07/2026 17:57:33,185.90800,-0.05,0.00,3.50,0.17,0.17,3.50,-0.30,-4.10,1,Dragon Wave_AZ0,0.14,0.14hrs
16/07/2026 17:37:15,buy,0.03,EURNZD,1.95558,16/07/2026 17:57:05,1.95622,-0.15,0.00,6.40,0.97,0.97,6.40,-0.92,-4.40,1,Dragon Wave_AZ2,0.33,0.33hrs
16/07/2026 17:28:25,buy,0.02,EURNZD,1.95617,16/07/2026 17:57:05,1.95627,-0.10,0.00,1.00,0.02,0.02,1.00,-1.31,-10.30,1,Dragon Wave_AZ1,0.48,0.48hrs
16/07/2026 17:17:57,buy,0.01,EURNZD,1.95705,16/07/2026 17:57:05,1.95627,-0.05,0.00,-7.80,-0.51,0.00,0.00,-1.17,-19.10,1,Dragon Wave_AZ0,0.65,0.65hrs
16/07/2026 17:37:56,buy,0.03,GBPAUD,1.92637,16/07/2026 17:55:55,1.92645,-0.15,0.00,0.80,0.02,0.02,0.80,-1.31,-5.50,1,Dragon Wave_CZ2,0.30,0.30hrs
16/07/2026 17:29:00,buy,0.02,GBPAUD,1.92683,16/07/2026 17:55:55,1.92647,-0.10,0.00,-3.60,-0.61,0.00,0.00,-1.51,-10.10,1,Dragon Wave_CZ1,0.45,0.45hrs
16/07/2026 17:16:49,buy,0.01,GBPAUD,1.92757,16/07/2026 17:55:55,1.92645,-0.05,0.00,-11.20,-0.83,0.00,0.00,-1.28,-17.50,1,Dragon Wave_CZ0,0.65,0.65hrs
16/07/2026 17:43:55,buy,0.04,GBPAUD,1.92569,16/07/2026 17:55:54,1.92655,-0.20,0.00,8.60,2.21,2.21,8.60,0.00,0.00,1,Dragon Wave_CZ3,0.20,0.20hrs
16/07/2026 17:48:53,buy,0.01,CADJPY,115.78600,16/07/2026 17:54:38,115.80100,-0.05,0.00,1.50,0.05,0.05,1.50,-0.01,0.00,1,Dragon Wave_BZ0,0.10,0.10hrs
16/07/2026 17:48:42,buy,0.01,CADCHF,0.57645,16/07/2026 17:53:48,0.57650,-0.05,0.00,0.50,0.01,0.01,0.50,-0.04,0.00,1,Dragon Wave_BZ0,0.09,0.09hrs
16/07/2026 17:49:33,buy,0.02,CADCHF,0.57642,16/07/2026 17:53:32,0.57652,-0.10,0.00,1.00,0.15,0.15,1.00,0.00,0.00,1,Dragon Wave_AZ1,0.07,0.07hrs
16/07/2026 17:45:17,buy,0.01,CADCHF,0.57655,16/07/2026 17:53:32,0.57652,-0.05,0.00,-0.30,-0.09,0.00,0.00,-0.16,-0.90,1,Dragon Wave_AZ0,0.14,0.14hrs
16/07/2026 17:48:56,buy,0.01,CADCHF,0.57641,16/07/2026 17:53:21,0.57649,-0.05,0.00,0.80,0.05,0.05,0.80,0.00,0.00,1,Dragon Wave_CZ0,0.07,0.07hrs
16/07/2026 17:10:52,buy,0.02,EURAUD,1.63417,16/07/2026 17:53:05,1.63337,-0.10,0.00,-8.00,-1.22,0.00,0.00,-2.86,-19.70,1,Dragon Wave_CZ1,0.70,0.70hrs
16/07/2026 17:01:55,buy,0.01,EURAUD,1.63472,16/07/2026 17:53:05,1.63340,-0.05,0.00,-13.20,-0.98,0.00,0.00,-1.82,-25.20,1,Dragon Wave_CZ0,0.85,0.85hrs
16/07/2026 17:37:55,buy,0.04,EURAUD,1.63253,16/07/2026 17:53:04,1.63342,-0.20,0.00,8.90,2.29,2.29,8.90,-1.13,-3.30,1,Dragon Wave_CZ3,0.25,0.25hrs
16/07/2026 17:29:33,buy,0.03,EURAUD,1.63303,16/07/2026 17:53:04,1.63337,-0.15,0.00,3.40,0.56,0.56,3.40,-1.90,-8.30,1,Dragon Wave_CZ2,0.39,0.39hrs
16/07/2026 15:35:15,buy,0.01,EURGBP,0.84860,16/07/2026 17:53:03,0.84813,-0.05,0.00,-4.70,-0.68,0.00,0.00,-1.74,-12.50,1,Dragon Wave_BZ0,2.30,2.30hrs
16/07/2026 16:44:36,buy,0.04,EURGBP,0.84773,16/07/2026 17:53:02,0.84813,-0.20,0.00,4.00,1.96,1.96,4.00,-2.25,-3.80,1,Dragon Wave_BZ3,1.14,1.14hrs
16/07/2026 16:04:57,buy,0.03,EURGBP,0.84794,16/07/2026 17:53:02,0.84813,-0.15,0.00,1.90,0.62,0.62,1.90,-2.54,-5.90,1,Dragon Wave_BZ2,1.80,1.80hrs
16/07/2026 15:40:00,buy,0.02,EURGBP,0.84832,16/07/2026 17:53:02,0.84813,-0.10,0.00,-1.90,-0.61,0.00,0.00,-2.72,-9.70,1,Dragon Wave_BZ1,2.22,2.22hrs
16/07/2026 16:58:19,buy,0.01,EURAUD,1.63514,16/07/2026 17:51:20,1.63308,-0.05,0.00,-20.60,-1.49,0.00,0.00,-2.11,-29.40,1,Dragon Wave_AZ0,0.88,0.88hrs
16/07/2026 17:09:46,buy,0.04,EURAUD,1.63416,16/07/2026 17:51:19,1.63308,-0.20,0.00,-10.80,-3.23,0.00,0.00,-5.70,-19.60,1,Dragon Wave_AZ3,0.69,0.69hrs
16/07/2026 17:05:40,buy,0.03,EURAUD,1.63455,16/07/2026 17:51:19,1.63307,-0.15,0.00,-14.80,-3.26,0.00,0.00,-5.09,-23.50,1,Dragon Wave_AZ2,0.76,0.76hrs
16/07/2026 16:59:26,buy,0.02,EURAUD,1.63494,16/07/2026 17:51:19,1.63308,-0.10,0.00,-18.60,-2.70,0.00,0.00,-3.94,-27.40,1,Dragon Wave_AZ1,0.86,0.86hrs
16/07/2026 17:36:26,buy,0.18,EURAUD,1.63285,16/07/2026 17:51:18,1.63309,-0.90,0.00,2.40,2.13,2.13,2.40,-9.10,-6.50,1,Dragon Wave_AZ6,0.25,0.25hrs
16/07/2026 17:35:24,buy,0.11,EURAUD,1.63300,16/07/2026 17:51:18,1.63298,-0.55,0.00,-0.20,-0.71,0.00,0.00,-6.72,-8.00,1,Dragon Wave_AZ5,0.27,0.27hrs
16/07/2026 17:18:20,buy,0.07,EURAUD,1.63373,16/07/2026 17:51:18,1.63298,-0.35,0.00,-7.50,-4.03,0.00,0.00,-7.86,-15.30,1,Dragon Wave_AZ4,0.55,0.55hrs
16/07/2026 17:43:18,buy,0.29,EURAUD,1.63241,16/07/2026 17:51:17,1.63308,-1.45,0.00,6.70,12.17,12.17,6.70,-5.72,-2.10,1,Dragon Wave_AZ7,0.13,0.13hrs
16/07/2026 16:43:42,buy,0.03,EURGBP,0.84779,16/07/2026 17:51:16,0.84792,-0.15,0.00,1.30,0.37,0.37,1.30,-1.93,-4.40,1,Dragon Wave_CZ2,1.13,1.13hrs
16/07/2026 15:40:16,buy,0.02,EURGBP,0.84829,16/07/2026 17:51:16,0.84793,-0.10,0.00,-3.60,-1.07,0.00,0.20,-2.64,-9.40,1,Dragon Wave_CZ1,2.18,2.18hrs
16/07/2026 15:35:48,buy,0.01,EURGBP,0.84853,16/07/2026 17:51:16,0.84789,-0.05,0.00,-6.40,-0.91,0.00,0.00,-1.64,-11.80,1,Dragon Wave_CZ0,2.26,2.26hrs
16/07/2026 16:54:53,buy,0.04,EURGBP,0.84752,16/07/2026 17:51:15,0.84792,-0.20,0.00,4.00,1.96,1.96,4.00,-1.12,-1.70,1,Dragon Wave_CZ3,0.94,0.94hrs
16/07/2026 17:49:08,buy,0.01,AUDJPY,113.81100,16/07/2026 17:49:37,113.83700,-0.05,0.00,2.60,0.11,0.11,2.60,0.00,0.00,1,Dragon Wave_BZ0,0.01,0.01hrs
16/07/2026 17:40:48,buy,0.02,GBPJPY,219.27900,16/07/2026 17:46:59,219.30600,-0.10,0.00,2.70,0.23,0.23,2.70,-0.29,-1.50,1,Dragon Wave_CZ1,0.10,0.10hrs
16/07/2026 17:37:02,buy,0.01,GBPJPY,219.32500,16/07/2026 17:46:59,219.30700,-0.05,0.00,-1.80,-0.16,0.00,0.00,-0.43,-6.10,1,Dragon Wave_CZ0,0.17,0.17hrs
16/07/2026 17:40:20,buy,0.02,GBPJPY,219.26000,16/07/2026 17:46:26,219.30900,-0.10,0.00,4.90,0.50,0.50,4.90,-0.05,0.00,1,Dragon Wave_AZ1,0.10,0.10hrs
16/07/2026 17:36:41,buy,0.01,GBPJPY,219.32600,16/07/2026 17:46:26,219.30900,-0.05,0.00,-1.70,-0.15,0.00,0.00,-0.43,-6.20,1,Dragon Wave_AZ0,0.16,0.16hrs
16/07/2026 17:40:18,buy,0.02,EURUSD,1.14438,16/07/2026 17:46:00,1.14456,-0.10,0.00,1.80,0.26,0.26,1.80,-0.14,-0.20,1,Dragon Wave_AZ1,0.10,0.10hrs
16/07/2026 17:36:24,buy,0.01,EURUSD,1.14472,16/07/2026 17:46:00,1.14456,-0.05,0.00,-1.60,-0.21,0.00,0.00,-0.41,-3.60,1,Dragon Wave_AZ0,0.16,0.16hrs
16/07/2026 17:35:26,buy,0.01,EURUSD,1.14497,16/07/2026 17:45:45,1.14459,-0.05,0.00,-3.80,-0.43,0.00,0.00,-0.66,-6.10,1,Dragon Wave_CZ0,0.17,0.17hrs
16/07/2026 17:42:35,buy,0.03,EURUSD,1.14427,16/07/2026 17:45:44,1.14460,-0.15,0.00,3.30,0.84,0.84,3.30,0.00,0.00,1,Dragon Wave_CZ2,0.05,0.05hrs
16/07/2026 17:36:45,buy,0.02,EURUSD,1.14462,16/07/2026 17:45:44,1.14460,-0.10,0.00,-0.20,-0.14,0.00,0.00,-0.62,-2.60,1,Dragon Wave_CZ1,0.15,0.15hrs
16/07/2026 17:37:41,buy,0.02,EURJPY,185.86900,16/07/2026 17:45:38,185.90200,-0.10,0.00,3.30,0.30,0.30,3.30,-0.31,-1.70,1,Dragon Wave_BZ1,0.13,0.13hrs
16/07/2026 17:35:53,buy,0.01,EURJPY,185.91500,16/07/2026 17:45:38,185.90200,-0.05,0.00,-1.30,-0.13,0.00,0.00,-0.44,-6.30,1,Dragon Wave_BZ0,0.16,0.16hrs
16/07/2026 17:41:56,buy,0.01,NZDUSD,0.58512,16/07/2026 17:45:36,0.58535,-0.05,0.00,2.30,0.18,0.18,2.30,0.00,0.00,1,Dragon Wave_CZ0,0.06,0.06hrs
16/07/2026 17:37:26,buy,0.01,GBPUSD,1.35062,16/07/2026 17:45:28,1.35024,-0.05,0.00,-3.80,-0.43,0.00,0.00,-0.56,-5.10,1,Dragon Wave_AZ0,0.13,0.13hrs
16/07/2026 17:43:11,buy,0.02,GBPUSD,1.34993,16/07/2026 17:45:27,1.35025,-0.10,0.00,3.20,0.54,0.54,3.20,0.00,0.00,1,Dragon Wave_AZ1,0.04,0.04hrs
16/07/2026 17:39:22,buy,0.01,AUDJPY,113.83600,16/07/2026 17:44:15,113.85800,-0.05,0.00,2.20,0.09,0.16,3.40,-0.02,0.00,1,Dragon Wave_BZ0,0.08,0.08hrs
16/07/2026 17:36:23,buy,0.01,EURJPY,185.90100,16/07/2026 17:44:08,185.87900,-0.05,0.00,-2.20,-0.19,0.00,0.00,-0.35,-4.90,1,Dragon Wave_CZ0,0.13,0.13hrs
16/07/2026 17:40:09,buy,0.02,EURJPY,185.84900,16/07/2026 17:44:07,185.87900,-0.10,0.00,3.00,0.27,0.34,3.60,-0.06,0.00,1,Dragon Wave_CZ1,0.07,0.07hrs
16/07/2026 17:40:51,buy,0.01,AUDCAD,0.98269,16/07/2026 17:43:59,0.98304,-0.05,0.00,3.50,0.19,0.19,3.50,-0.04,0.00,1,Dragon Wave_BZ0,0.05,0.05hrs
16/07/2026 17:41:34,buy,0.01,NZDCAD,0.82043,16/07/2026 17:43:56,0.82063,-0.05,0.00,2.00,0.09,0.09,2.00,0.00,0.00,1,Dragon Wave_CZ0,0.04,0.04hrs
16/07/2026 17:40:16,buy,0.01,NZDCAD,0.82063,16/07/2026 17:43:49,0.82063,-0.05,0.00,0.00,-0.05,0.00,0.00,-0.21,-2.30,1,Dragon Wave_BZ0,0.06,0.06hrs
16/07/2026 17:41:12,buy,0.02,NZDCAD,0.82042,16/07/2026 17:43:48,0.82063,-0.10,0.00,2.10,0.20,0.20,2.10,-0.13,-0.20,1,Dragon Wave_BZ1,0.04,0.04hrs
16/07/2026 17:41:09,buy,0.01,GBPCAD,1.89291,16/07/2026 17:43:47,1.89331,-0.05,0.00,4.00,0.23,0.23,4.00,-0.06,-0.20,1,Dragon Wave_CZ0,0.04,0.04hrs
16/07/2026 17:40:56,buy,0.01,EURCAD,1.60451,16/07/2026 17:43:45,1.60463,-0.05,0.00,1.20,0.03,0.03,1.20,-0.15,-1.40,1,Dragon Wave_AZ0,0.05,0.05hrs
16/07/2026 17:39:48,buy,0.01,AUDJPY,113.83200,16/07/2026 17:43:39,113.85700,-0.05,0.00,2.50,0.11,0.11,2.50,0.00,0.00,1,Dragon Wave_CZ0,0.06,0.06hrs
16/07/2026 17:41:41,buy,0.01,NZDCHF,0.47307,16/07/2026 17:43:07,0.47314,-0.05,0.00,0.70,0.03,0.03,0.70,0.00,0.00,1,Dragon Wave_AZ0,0.02,0.02hrs
16/07/2026 17:32:30,buy,0.02,EURGBP,0.84756,16/07/2026 17:43:00,0.84758,-0.10,0.00,0.20,-0.05,0.00,0.20,-0.67,-2.10,1,Dragon Wave_AZ1,0.17,0.17hrs
16/07/2026 17:29:20,buy,0.01,EURGBP,0.84757,16/07/2026 17:43:00,0.84758,-0.05,0.00,0.10,-0.04,0.00,0.10,-0.35,-2.20,1,Dragon Wave_AZ0,0.23,0.23hrs
16/07/2026 17:36:24,buy,0.03,EURGBP,0.84741,16/07/2026 17:42:59,0.84758,-0.15,0.00,1.70,0.54,0.54,1.70,0.00,0.00,1,Dragon Wave_AZ2,0.11,0.11hrs
16/07/2026 17:40:24,buy,0.02,AUDJPY,113.82900,16/07/2026 17:42:58,113.84800,-0.10,0.00,1.90,0.13,0.13,1.90,0.00,0.00,1,Dragon Wave_AZ1,0.04,0.04hrs
16/07/2026 17:36:58,buy,0.01,AUDJPY,113.84200,16/07/2026 17:42:58,113.84800,-0.05,0.00,0.60,-0.01,0.00,0.60,-0.06,-0.20,1,Dragon Wave_AZ0,0.10,0.10hrs
16/07/2026 17:30:26,buy,0.01,CADJPY,115.82400,16/07/2026 17:41:37,115.83800,-0.05,0.00,1.40,0.03,0.04,1.40,-0.14,-1.50,1,Dragon Wave_BZ0,0.19,0.19hrs
16/07/2026 17:39:42,buy,0.01,XAUUSD,3999.35000,16/07/2026 17:40:20,4000.10000,-0.14,0.00,7.50,0.61,0.61,7.50,0.00,0.00,1,Dragon Wave_AZ0,0.01,0.01hrs
16/07/2026 17:34:46,buy,0.01,USDJPY,162.36600,16/07/2026 17:36:26,162.38400,-0.05,0.00,1.80,0.06,0.07,1.90,0.00,0.00,1,Dragon Wave_CZ0,0.03,0.03hrs
16/07/2026 17:34:43,buy,0.01,CADCHF,0.57640,16/07/2026 17:36:25,0.57646,-0.05,0.00,0.60,0.02,0.04,0.70,0.00,0.00,1,Dragon Wave_BZ0,0.03,0.03hrs
16/07/2026 17:31:41,buy,0.01,USDJPY,162.37600,16/07/2026 17:36:17,162.38600,-0.05,0.00,1.00,0.01,0.01,1.00,0.00,0.00,1,Dragon Wave_BZ0,0.08,0.08hrs
16/07/2026 17:33:12,buy,0.01,USDCAD,1.40199,16/07/2026 17:33:44,1.40206,-0.05,0.00,0.00,0.00,0.00,0.00,0.00,0.00,1,Dragon Wave_BZ0,0.01,0.01hrs
16/07/2026 17:31:57,buy,0.01,CADCHF,0.57644,16/07/2026 17:32:32,0.57652,-0.05,0.00,0.80,0.05,0.05,0.80,0.00,0.00,1,Dragon Wave_AZ0,0.01,0.01hrs
16/07/2026 17:31:26,buy,0.01,NZDCHF,0.47303,16/07/2026 17:32:32,0.47312,-0.05,0.00,0.90,0.06,0.06,0.90,0.00,0.00,1,Dragon Wave_AZ0,0.02,0.02hrs
16/07/2026 17:30:11,buy,0.01,GBPJPY,219.36100,16/07/2026 17:32:05,219.39400,-0.05,0.00,3.30,0.15,0.15,3.30,-0.14,-1.50,1,Dragon Wave_AZ0,0.03,0.03hrs
16/07/2026 17:30:25,buy,0.01,EURJPY,185.93000,16/07/2026 17:31:58,185.96200,-0.05,0.00,3.20,0.14,0.14,3.20,-0.11,-0.90,1,Dragon Wave_BZ0,0.03,0.03hrs
16/07/2026 17:30:18,buy,0.02,EURUSD,1.14498,16/07/2026 17:31:32,1.14506,-0.10,0.00,0.80,0.06,0.06,0.80,-0.10,0.00,1,Dragon Wave_AZ1,0.02,0.02hrs
16/07/2026 17:29:21,buy,0.01,EURUSD,1.14506,16/07/2026 17:31:32,1.14506,-0.05,0.00,0.00,-0.05,0.00,0.00,-0.13,-0.80,1,Dragon Wave_AZ0,0.04,0.04hrs
16/07/2026 17:29:55,buy,0.01,EURUSD,1.14502,16/07/2026 17:31:27,1.14512,-0.05,0.00,1.00,0.05,0.05,1.00,-0.09,-0.40,1,Dragon Wave_CZ0,0.03,0.03hrs
16/07/2026 17:21:27,buy,0.01,GBPCAD,1.89385,16/07/2026 17:31:16,1.89398,-0.05,0.00,1.30,0.05,0.06,1.60,-0.21,-2.20,1,Dragon Wave_AZ0,0.16,0.16hrs
16/07/2026 16:35:25,buy,0.01,XAGUSD,55.95400,16/07/2026 17:27:47,55.97800,-0.10,0.00,240.00,1.10,2.90,600.00,-12.95,-2570.00,1,Dragon Wave_CZ0,0.87,0.87hrs
16/07/2026 17:23:26,buy,0.01,GBPCAD,1.89360,16/07/2026 17:26:56,1.89399,-0.05,0.00,3.90,0.22,0.22,3.90,-0.03,0.00,1,Dragon Wave_CZ0,0.06,0.06hrs
16/07/2026 17:23:50,buy,0.01,EURUSD,1.14493,16/07/2026 17:26:03,1.14508,-0.05,0.00,1.50,0.10,0.10,1.50,0.00,0.00,1,Dragon Wave_AZ0,0.04,0.04hrs
16/07/2026 17:23:27,buy,0.01,XAGUSD,55.77300,16/07/2026 17:25:47,55.83400,-0.10,0.00,610.00,2.95,2.95,610.00,-2.45,-470.00,1,Dragon Wave_BZ0,0.04,0.04hrs
16/07/2026 17:12:35,buy,0.01,CHFJPY,200.91500,16/07/2026 17:18:39,200.92900,-0.05,0.00,1.40,0.04,0.04,1.40,-0.14,-1.40,1,Dragon Wave_CZ0,0.10,0.10hrs
16/07/2026 17:11:30,buy,0.01,GBPUSD,1.35042,16/07/2026 17:18:03,1.35090,-0.05,0.00,4.80,0.43,0.43,4.80,-0.01,0.00,1,Dragon Wave_CZ0,0.11,0.11hrs
16/07/2026 17:10:57,buy,0.02,GBPUSD,1.35042,16/07/2026 17:17:53,1.35084,-0.10,0.00,4.20,0.74,0.74,4.20,-0.02,0.00,1,Dragon Wave_BZ1,0.12,0.12hrs
16/07/2026 17:09:15,buy,0.01,GBPUSD,1.35090,16/07/2026 17:17:53,1.35084,-0.05,0.00,-0.60,-0.11,0.00,0.00,-0.49,-4.40,1,Dragon Wave_BZ0,0.14,0.14hrs
16/07/2026 17:17:08,buy,0.01,GBPJPY,219.28200,16/07/2026 17:17:50,219.31600,-0.05,0.00,3.40,0.16,0.16,3.40,0.00,0.00,1,Dragon Wave_BZ0,0.01,0.01hrs
16/07/2026 17:10:37,buy,0.01,EURJPY,185.90800,16/07/2026 17:16:43,185.91500,-0.05,0.00,0.70,-0.01,0.00,0.70,-0.18,-2.10,1,Dragon Wave_AZ0,0.10,0.10hrs
16/07/2026 17:14:01,buy,0.02,EURJPY,185.89400,16/07/2026 17:16:42,185.91500,-0.10,0.00,2.10,0.16,0.16,2.10,-0.18,-0.70,1,Dragon Wave_AZ1,0.04,0.04hrs
16/07/2026 17:12:26,buy,0.01,XAGUSD,55.73400,16/07/2026 17:16:39,55.75700,-0.10,0.00,230.00,1.05,1.05,230.00,-1.35,-250.00,1,Dragon Wave_BZ0,0.07,0.07hrs
16/07/2026 17:11:15,buy,0.02,NZDUSD,0.58478,16/07/2026 17:16:39,0.58494,-0.10,0.00,1.60,0.22,0.22,1.60,0.00,0.00,1,Dragon Wave_CZ1,0.09,0.09hrs
16/07/2026 16:55:39,buy,0.01,NZDUSD,0.58499,16/07/2026 17:16:39,0.58494,-0.05,0.00,-0.50,-0.10,0.00,0.00,-0.19,-1.40,1,Dragon Wave_CZ0,0.35,0.35hrs
16/07/2026 17:12:52,buy,0.01,XAUUSD,3988.06000,16/07/2026 17:16:19,3991.02000,-0.14,0.00,29.60,2.82,2.82,29.60,0.00,0.00,1,Dragon Wave_CZ0,0.06,0.06hrs
16/07/2026 17:10:07,buy,0.01,EURUSD,1.14502,16/07/2026 17:16:17,1.14488,-0.05,0.00,-1.40,-0.19,0.00,0.00,-0.30,-2.50,1,Dragon Wave_CZ0,0.10,0.10hrs
16/07/2026 17:12:46,buy,0.02,EURUSD,1.14457,16/07/2026 17:16:16,1.14488,-0.10,0.00,3.10,0.52,0.52,3.10,0.00,0.00,1,Dragon Wave_CZ1,0.06,0.06hrs
16/07/2026 17:08:27,buy,0.01,EURUSD,1.14518,16/07/2026 17:16:14,1.14483,-0.05,0.00,-3.50,-0.40,0.00,0.00,-0.46,-4.10,1,Dragon Wave_AZ0,0.13,0.13hrs
16/07/2026 17:11:23,buy,0.02,EURUSD,1.14455,16/07/2026 17:16:13,1.14488,-0.10,0.00,3.30,0.56,0.56,3.30,0.00,0.00,1,Dragon Wave_AZ1,0.08,0.08hrs
16/07/2026 17:11:03,buy,0.01,NZDUSD,0.58479,16/07/2026 17:15:58,0.58487,-0.05,0.00,0.80,0.03,0.03,0.80,0.00,0.00,1,Dragon Wave_BZ0,0.08,0.08hrs
16/07/2026 17:12:35,buy,0.01,XAUUSD,3987.91000,16/07/2026 17:15:57,3991.32000,-0.14,0.00,34.10,3.27,3.27,34.10,0.00,0.00,1,Dragon Wave_BZ0,0.06,0.06hrs
16/07/2026 17:13:25,buy,0.02,XAGUSD,55.70000,16/07/2026 17:13:56,55.75100,-0.20,0.00,510.00,4.90,4.90,510.00,0.00,0.00,1,Dragon Wave_AZ1,0.01,0.01hrs
16/07/2026 17:11:19,buy,0.01,XAGUSD,55.76400,16/07/2026 17:13:56,55.75200,-0.10,0.00,-120.00,-0.70,0.00,0.00,-0.70,-120.00,1,Dragon Wave_AZ0,0.04,0.04hrs
16/07/2026 17:10:45,buy,0.01,EURAUD,1.63410,16/07/2026 17:13:52,1.63417,-0.05,0.00,0.00,0.00,0.00,0.00,0.00,0.00,1,Dragon Wave_BZ0,0.05,0.05hrs
16/07/2026 17:10:03,buy,0.01,GBPCAD,1.89393,16/07/2026 17:13:51,1.89408,-0.05,0.00,1.50,0.06,0.06,1.50,0.00,0.00,1,Dragon Wave_CZ0,0.06,0.06hrs
16/07/2026 17:09:43,buy,0.01,GBPCAD,1.89406,16/07/2026 17:13:45,1.89431,-0.05,0.00,2.50,0.13,0.13,2.50,0.00,0.00,1,Dragon Wave_BZ0,0.07,0.07hrs
16/07/2026 17:10:20,buy,0.01,EURCAD,1.60528,16/07/2026 17:13:44,1.60552,-0.05,0.00,2.40,0.12,0.12,2.40,0.00,0.00,1,Dragon Wave_CZ0,0.06,0.06hrs
16/07/2026 17:12:19,buy,0.01,XAUUSD,3988.72000,16/07/2026 17:13:41,3989.66000,-0.14,0.00,9.40,0.80,0.80,9.40,0.00,0.00,1,Dragon Wave_AZ0,0.02,0.02hrs
16/07/2026 17:10:40,buy,0.01,GBPNZD,2.30890,16/07/2026 17:13:27,2.30943,-0.05,0.00,5.30,0.26,0.26,5.30,0.00,0.00,1,Dragon Wave_CZ0,0.05,0.05hrs
16/07/2026 16:58:16,buy,0.01,EURCHF,0.92526,16/07/2026 17:12:32,0.92518,-0.05,0.00,-0.80,-0.15,0.00,0.00,-0.15,-0.80,1,Dragon Wave_BZ0,0.24,0.24hrs
16/07/2026 17:04:32,buy,0.02,EURCHF,0.92496,16/07/2026 17:12:31,0.92518,-0.10,0.00,2.20,0.44,0.44,2.20,0.00,0.00,1,Dragon Wave_BZ1,0.13,0.13hrs
16/07/2026 17:10:16,buy,0.01,EURNZD,1.95723,16/07/2026 17:11:02,1.95745,-0.05,0.00,2.20,0.08,0.08,2.20,0.00,0.00,1,Dragon Wave_AZ0,0.01,0.01hrs
16/07/2026 16:59:10,buy,0.01,GBPCHF,1.09135,16/07/2026 17:10:57,1.09140,-0.05,0.00,0.50,0.02,0.02,0.50,0.00,0.00,1,Dragon Wave_CZ0,0.20,0.20hrs
16/07/2026 17:08:40,buy,0.01,XAGUSD,55.80800,16/07/2026 17:10:36,55.83300,-0.10,0.00,250.00,1.15,1.15,250.00,0.00,0.00,1,Dragon Wave_AZ0,0.03,0.03hrs
16/07/2026 17:03:54,buy,0.02,NZDCHF,0.47243,16/07/2026 17:09:21,0.47255,-0.10,0.00,1.20,0.20,0.20,1.20,0.00,0.00,1,Dragon Wave_CZ1,0.09,0.09hrs
16/07/2026 16:56:46,buy,0.01,NZDCHF,0.47259,16/07/2026 17:09:21,0.47255,-0.05,0.00,-0.40,-0.10,0.00,0.00,-0.10,-0.40,1,Dragon Wave_CZ0,0.21,0.21hrs
16/07/2026 16:57:57,buy,0.01,CADCHF,0.57628,16/07/2026 17:09:16,0.57617,-0.05,0.00,-1.10,-0.18,0.00,0.00,-0.18,-1.10,1,Dragon Wave_CZ0,0.19,0.19hrs
16/07/2026 17:01:01,buy,0.02,CADCHF,0.57598,16/07/2026 17:09:15,0.57617,-0.10,0.00,1.90,0.37,0.37,1.90,0.00,0.00,1,Dragon Wave_CZ1,0.14,0.14hrs
16/07/2026 17:04:28,buy,0.02,GBPCHF,1.09115,16/07/2026 17:07:41,1.09130,-0.10,0.00,1.50,0.28,0.28,1.50,0.00,0.00,1,Dragon Wave_BZ1,0.05,0.05hrs
16/07/2026 16:58:45,buy,0.01,GBPCHF,1.09147,16/07/2026 17:07:41,1.09130,-0.05,0.00,-1.70,-0.26,0.00,0.00,-0.26,-1.70,1,Dragon Wave_BZ0,0.15,0.15hrs
16/07/2026 17:05:30,buy,0.01,GBPCAD,1.89437,16/07/2026 17:07:40,1.89458,-0.05,0.00,2.10,0.10,0.10,2.10,0.00,0.00,1,Dragon Wave_AZ0,0.04,0.04hrs
16/07/2026 16:56:54,buy,0.01,NZDJPY,94.94800,16/07/2026 17:05:01,94.96000,-0.05,0.00,1.20,0.03,0.03,1.20,0.00,0.00,1,Dragon Wave_AZ0,0.14,0.14hrs
16/07/2026 16:42:17,buy,0.03,AUDUSD,0.70040,16/07/2026 17:04:32,0.70066,-0.15,0.00,2.60,0.63,0.63,2.60,-0.45,-1.00,1,Dragon Wave_BZ2,0.37,0.37hrs
16/07/2026 16:34:58,buy,0.02,AUDUSD,0.70065,16/07/2026 17:04:32,0.70066,-0.10,0.00,0.10,-0.08,0.00,0.10,-0.80,-3.50,1,Dragon Wave_BZ1,0.49,0.49hrs
16/07/2026 16:33:44,buy,0.01,AUDUSD,0.70076,16/07/2026 17:04:32,0.70066,-0.05,0.00,-1.00,-0.15,0.00,0.00,-0.51,-4.60,1,Dragon Wave_BZ0,0.51,0.51hrs
16/07/2026 16:56:32,buy,0.01,NZDUSD,0.58489,16/07/2026 17:04:21,0.58494,-0.05,0.00,0.00,0.00,0.00,0.00,0.00,0.00,1,Dragon Wave_BZ0,0.13,0.13hrs
16/07/2026 16:58:36,buy,0.01,GBPJPY,219.29500,16/07/2026 17:04:00,219.31000,-0.05,0.00,1.50,0.04,0.04,1.50,0.00,0.00,1,Dragon Wave_AZ0,0.09,0.09hrs
16/07/2026 16:59:10,buy,0.01,GBPNZD,2.30966,16/07/2026 17:03:33,2.30982,-0.05,0.00,1.60,0.05,0.05,1.60,0.00,0.00,1,Dragon Wave_AZ0,0.07,0.07hrs
16/07/2026 17:01:43,buy,0.02,USDCHF,0.80765,16/07/2026 17:02:54,0.80779,-0.10,0.00,1.40,0.25,0.25,1.40,0.00,0.00,1,Dragon Wave_CZ1,0.02,0.02hrs
16/07/2026 17:00:05,buy,0.01,USDCHF,0.80788,16/07/2026 17:02:54,0.80779,-0.05,0.00,-0.90,-0.16,0.00,0.00,-0.16,-0.90,1,Dragon Wave_CZ0,0.05,0.05hrs
16/07/2026 16:59:03,buy,0.01,GBPUSD,1.35081,16/07/2026 17:02:37,1.35138,-0.05,0.00,5.70,0.52,0.52,5.70,0.00,0.00,1,Dragon Wave_CZ0,0.06,0.06hrs
16/07/2026 16:58:29,buy,0.01,GBPUSD,1.35095,16/07/2026 17:02:30,1.35116,-0.05,0.00,2.10,0.16,0.16,2.10,0.00,0.00,1,Dragon Wave_BZ0,0.07,0.07hrs
16/07/2026 16:58:58,buy,0.01,GBPJPY,219.27600,16/07/2026 17:02:02,219.31300,-0.05,0.00,3.70,0.17,0.17,3.70,0.00,0.00,1,Dragon Wave_BZ0,0.05,0.05hrs
16/07/2026 16:59:23,buy,0.01,EURJPY,185.88900,16/07/2026 17:01:38,185.91300,-0.05,0.00,2.40,0.10,0.10,2.40,0.00,0.00,1,Dragon Wave_BZ0,0.04,0.04hrs
16/07/2026 16:58:03,buy,0.01,EURUSD,1.14515,16/07/2026 17:01:37,1.14527,-0.05,0.00,1.20,0.07,0.07,1.20,0.00,0.00,1,Dragon Wave_CZ0,0.06,0.06hrs
16/07/2026 16:55:22,buy,0.01,XAUUSD,3991.13000,16/07/2026 17:00:50,3993.99000,-0.14,0.00,28.60,2.72,2.72,28.60,-1.26,-11.20,1,Dragon Wave_BZ0,0.09,0.09hrs
16/07/2026 16:56:56,buy,0.01,AUDUSD,0.70030,16/07/2026 17:00:41,0.70040,-0.05,0.00,1.00,0.05,0.05,1.00,0.00,0.00,1,Dragon Wave_CZ0,0.06,0.06hrs
16/07/2026 16:59:52,buy,0.01,AUDJPY,113.67800,16/07/2026 17:00:39,113.69700,-0.05,0.00,1.90,0.07,0.07,1.90,0.00,0.00,1,Dragon Wave_BZ0,0.01,0.01hrs
16/07/2026 16:56:19,buy,0.02,XAUUSD,3990.97000,16/07/2026 17:00:11,3993.06000,-0.29,0.00,20.90,3.89,3.89,20.90,-2.21,-9.60,1,Dragon Wave_AZ1,0.06,0.06hrs
16/07/2026 16:55:09,buy,0.01,XAUUSD,3992.31000,16/07/2026 17:00:11,3993.34000,-0.14,0.00,10.30,0.89,0.89,10.30,-2.44,-23.00,1,Dragon Wave_AZ0,0.08,0.08hrs
16/07/2026 16:56:54,buy,0.01,XAUUSD,3988.43000,16/07/2026 16:58:43,3991.28000,-0.14,0.00,28.50,2.71,2.71,28.50,0.00,0.00,1,Dragon Wave_CZ0,0.03,0.03hrs
16/07/2026 16:54:56,buy,0.01,XAGUSD,55.73500,16/07/2026 16:58:43,55.73100,-0.10,0.00,-40.00,-0.30,0.00,0.00,-2.00,-380.00,1,Dragon Wave_AZ0,0.06,0.06hrs
16/07/2026 16:58:12,buy,0.02,XAGUSD,55.70100,16/07/2026 16:58:42,55.73000,-0.20,0.00,290.00,2.70,2.70,290.00,0.00,0.00,1,Dragon Wave_AZ1,0.01,0.01hrs
16/07/2026 15:10:05,buy,0.02,EURCAD,1.60805,16/07/2026 16:57:47,1.60563,-0.10,0.00,-24.20,-3.56,0.00,0.00,-4.25,-29.10,1,Dragon Wave_AZ1,1.79,1.79hrs
16/07/2026 15:07:51,buy,0.01,EURCAD,1.60833,16/07/2026 16:57:47,1.60562,-0.05,0.00,-27.10,-1.99,0.00,0.00,-2.33,-31.90,1,Dragon Wave_AZ0,1.83,1.83hrs
16/07/2026 15:39:32,buy,0.07,EURCAD,1.60622,16/07/2026 16:57:46,1.60571,-0.35,0.00,-5.10,-2.89,0.00,0.00,-5.74,-10.80,1,Dragon Wave_AZ4,1.30,1.30hrs
16/07/2026 15:33:05,buy,0.04,EURCAD,1.60701,16/07/2026 16:57:46,1.60569,-0.20,0.00,-13.20,-3.97,0.00,0.00,-5.54,-18.70,1,Dragon Wave_AZ3,1.41,1.41hrs
16/07/2026 15:18:29,buy,0.03,EURCAD,1.60751,16/07/2026 16:57:46,1.60569,-0.15,0.00,-18.20,-4.05,0.00,0.10,-5.22,-23.70,1,Dragon Wave_AZ2,1.65,1.65hrs
16/07/2026 16:46:38,buy,0.29,EURCAD,1.60496,16/07/2026 16:57:45,1.60573,-1.45,0.00,7.70,14.47,14.47,7.70,0.00,0.00,1,Dragon Wave_AZ7,0.19,0.19hrs
16/07/2026 16:11:23,buy,0.18,EURCAD,1.60539,16/07/2026 16:57:45,1.60573,-0.90,0.00,3.40,3.47,3.47,3.40,-3.85,-2.50,1,Dragon Wave_AZ6,0.77,0.77hrs
16/07/2026 15:45:38,buy,0.11,EURCAD,1.60571,16/07/2026 16:57:45,1.60573,-0.55,0.00,0.20,-0.39,3.21,4.80,-5.02,-5.70,1,Dragon Wave_AZ5,1.20,1.20hrs
16/07/2026 16:56:48,buy,0.01,NZDCAD,0.81995,16/07/2026 16:57:21,0.82002,-0.05,0.00,0.00,0.00,0.00,0.00,0.00,0.00,1,Dragon Wave_AZ0,0.01,0.01hrs
16/07/2026 16:55:21,buy,0.01,XAGUSD,55.66200,16/07/2026 16:57:05,55.72100,-0.10,0.00,590.00,2.85,2.85,590.00,0.00,0.00,1,Dragon Wave_BZ0,0.03,0.03hrs
16/07/2026 15:40:07,buy,0.03,EURCAD,1.60618,16/07/2026 16:56:21,1.60562,-0.15,0.00,-5.60,-1.34,0.00,0.10,-2.38,-10.40,1,Dragon Wave_CZ2,1.27,1.27hrs
16/07/2026 15:34:10,buy,0.02,EURCAD,1.60673,16/07/2026 16:56:21,1.60560,-0.10,0.00,-11.30,-1.71,0.00,0.00,-2.37,-15.90,1,Dragon Wave_CZ1,1.37,1.37hrs
16/07/2026 15:32:24,buy,0.01,EURCAD,1.60693,16/07/2026 16:56:21,1.60541,-0.05,0.00,-15.20,-1.13,0.00,0.00,-1.31,-17.90,1,Dragon Wave_CZ0,1.40,1.40hrs
16/07/2026 16:47:55,buy,0.07,EURCAD,1.60488,16/07/2026 16:56:20,1.60542,-0.35,0.00,5.40,2.34,2.34,5.40,0.00,0.00,1,Dragon Wave_CZ4,0.14,0.14hrs
16/07/2026 16:26:13,buy,0.04,EURCAD,1.60525,16/07/2026 16:56:20,1.60542,-0.20,0.00,1.70,0.29,0.29,1.70,-0.46,-0.90,1,Dragon Wave_CZ3,0.50,0.50hrs
16/07/2026 16:13:33,buy,0.03,USDCAD,1.40198,16/07/2026 16:56:18,1.40196,-0.15,0.00,-0.20,-0.19,0.00,0.00,-1.97,-8.50,1,Dragon Wave_CZ2,0.71,0.71hrs
16/07/2026 16:10:02,buy,0.02,USDCAD,1.40237,16/07/2026 16:56:18,1.40196,-0.10,0.00,-4.10,-0.68,0.00,0.00,-1.87,-12.40,1,Dragon Wave_CZ1,0.77,0.77hrs
16/07/2026 16:06:38,buy,0.01,USDCAD,1.40276,16/07/2026 16:56:18,1.40198,-0.05,0.00,-7.80,-0.61,0.00,0.00,-1.21,-16.30,1,Dragon Wave_CZ0,0.83,0.83hrs
16/07/2026 16:33:00,buy,0.04,USDCAD,1.40121,16/07/2026 16:56:17,1.40195,-0.20,0.00,7.40,1.91,1.91,7.40,-0.43,-0.80,1,Dragon Wave_CZ3,0.39,0.39hrs
16/07/2026 16:55:33,buy,0.01,AUDJPY,113.66900,16/07/2026 16:56:15,113.68200,-0.05,0.00,1.30,0.03,0.03,1.30,0.00,0.00,1,Dragon Wave_AZ0,0.01,0.01hrs
16/07/2026 16:35:56,buy,0.02,AUDCAD,0.98148,16/07/2026 16:52:59,0.98168,-0.10,0.00,2.00,0.19,0.19,2.00,0.00,0.00,1,Dragon Wave_CZ1,0.28,0.28hrs
16/07/2026 16:33:52,buy,0.01,AUDCAD,0.98179,16/07/2026 16:52:59,0.98168,-0.05,0.00,-1.10,-0.13,0.00,0.00,-0.19,-1.90,1,Dragon Wave_CZ0,0.32,0.32hrs
16/07/2026 16:50:09,buy,0.01,CADCHF,0.57649,16/07/2026 16:51:22,0.57656,-0.05,0.00,0.70,0.03,0.03,0.70,0.00,0.00,1,Dragon Wave_AZ0,0.02,0.02hrs
16/07/2026 16:45:22,buy,0.02,AUDUSD,0.70027,16/07/2026 16:50:55,0.70039,-0.10,0.00,1.20,0.14,0.14,1.20,0.00,0.00,1,Dragon Wave_CZ1,0.09,0.09hrs
16/07/2026 16:35:21,buy,0.01,AUDUSD,0.70047,16/07/2026 16:50:55,0.70039,-0.05,0.00,-0.80,-0.13,0.11,1.60,-0.13,-0.80,1,Dragon Wave_CZ0,0.26,0.26hrs
16/07/2026 16:45:49,buy,0.02,EURUSD,1.14525,16/07/2026 16:50:46,1.14548,-0.10,0.00,2.30,0.36,0.36,2.30,0.00,0.00,1,Dragon Wave_CZ1,0.08,0.08hrs
16/07/2026 16:42:56,buy,0.01,EURUSD,1.14556,16/07/2026 16:50:46,1.14548,-0.05,0.00,-0.80,-0.13,0.00,0.00,-0.13,-0.80,1,Dragon Wave_CZ0,0.13,0.13hrs
16/07/2026 16:45:59,buy,0.01,NZDCAD,0.81997,16/07/2026 16:50:45,0.82005,-0.05,0.00,0.80,0.01,0.01,0.80,0.00,0.00,1,Dragon Wave_BZ0,0.08,0.08hrs
16/07/2026 16:48:32,buy,0.01,AUDUSD,0.70021,16/07/2026 16:50:10,0.70038,-0.05,0.00,1.70,0.12,0.12,1.70,0.00,0.00,1,Dragon Wave_AZ0,0.03,0.03hrs
16/07/2026 16:46:15,buy,0.01,NZDCAD,0.81991,16/07/2026 16:50:08,0.82001,-0.05,0.00,1.00,0.02,0.02,1.00,0.00,0.00,1,Dragon Wave_CZ0,0.06,0.06hrs
16/07/2026 16:49:10,buy,0.01,GBPJPY,219.24100,16/07/2026 16:50:05,219.25100,-0.05,0.00,1.00,0.02,0.02,1.00,0.00,0.00,1,Dragon Wave_AZ0,0.02,0.02hrs
16/07/2026 16:48:54,buy,0.01,AUDJPY,113.63500,16/07/2026 16:50:04,113.66200,-0.05,0.00,2.70,0.12,0.12,2.70,0.00,0.00,1,Dragon Wave_BZ0,0.02,0.02hrs
16/07/2026 16:45:49,buy,0.02,EURJPY,185.86500,16/07/2026 16:49:57,185.89100,-0.10,0.00,2.60,0.22,0.22,2.60,0.00,0.00,1,Dragon Wave_AZ1,0.07,0.07hrs
16/07/2026 16:44:23,buy,0.01,EURJPY,185.88600,16/07/2026 16:49:57,185.89100,-0.05,0.00,0.50,-0.02,0.00,0.50,-0.02,0.00,1,Dragon Wave_AZ0,0.09,0.09hrs
16/07/2026 16:48:37,buy,0.01,NZDCHF,0.47264,16/07/2026 16:49:44,0.47269,-0.05,0.00,0.50,0.01,0.01,0.50,0.00,0.00,1,Dragon Wave_AZ0,0.02,0.02hrs
16/07/2026 16:46:05,buy,0.01,EURJPY,185.86200,16/07/2026 16:48:03,185.87100,-0.05,0.00,0.90,0.01,0.01,0.90,0.00,0.00,1,Dragon Wave_BZ0,0.03,0.03hrs
16/07/2026 16:34:55,buy,0.02,AUDJPY,113.66800,16/07/2026 16:47:47,113.67100,-0.10,0.00,0.30,-0.06,0.00,0.30,-0.11,-0.10,1,Dragon Wave_CZ1,0.21,0.21hrs
16/07/2026 16:32:33,buy,0.01,AUDJPY,113.69300,16/07/2026 16:47:47,113.67100,-0.05,0.00,-2.20,-0.18,0.00,0.00,-0.21,-2.60,1,Dragon Wave_CZ0,0.25,0.25hrs
16/07/2026 16:44:34,buy,0.03,AUDJPY,113.63800,16/07/2026 16:47:46,113.66900,-0.15,0.00,3.10,0.42,0.42,3.10,0.00,0.00,1,Dragon Wave_CZ2,0.05,0.05hrs
16/07/2026 16:43:41,buy,0.01,NZDCHF,0.47265,16/07/2026 16:47:41,0.47273,-0.05,0.00,0.80,0.04,0.04,0.80,0.00,0.00,1,Dragon Wave_CZ0,0.07,0.07hrs
16/07/2026 16:32:11,buy,0.01,AUDJPY,113.69700,16/07/2026 16:47:34,113.67300,-0.05,0.00,-2.40,-0.20,0.00,0.00,-0.24,-3.00,1,Dragon Wave_BZ0,0.26,0.26hrs
16/07/2026 16:43:35,buy,0.03,AUDJPY,113.64000,16/07/2026 16:47:33,113.67300,-0.15,0.00,3.30,0.46,0.46,3.30,0.00,0.00,1,Dragon Wave_BZ2,0.07,0.07hrs
16/07/2026 16:34:35,buy,0.02,AUDJPY,113.67400,16/07/2026 16:47:33,113.67300,-0.10,0.00,-0.10,-0.12,0.00,0.00,-0.19,-0.70,1,Dragon Wave_BZ1,0.22,0.22hrs
16/07/2026 16:43:09,buy,0.01,NZDCHF,0.47267,16/07/2026 16:47:29,0.47273,-0.05,0.00,0.60,0.02,0.02,0.60,0.00,0.00,1,Dragon Wave_AZ0,0.07,0.07hrs
16/07/2026 16:42:09,buy,0.01,CADJPY,115.78700,16/07/2026 16:47:02,115.80400,-0.05,0.00,1.70,0.05,0.05,1.70,0.00,0.00,1,Dragon Wave_AZ0,0.08,0.08hrs
16/07/2026 16:32:51,buy,0.01,XAUUSD,4000.22000,16/07/2026 16:47:02,3992.36000,-0.14,0.00,-78.60,-8.00,0.00,0.00,-8.00,-78.60,1,Dragon Wave_AZ0,0.24,0.24hrs
16/07/2026 16:39:25,buy,0.03,XAUUSD,3984.96000,16/07/2026 16:47:01,3992.38000,-0.43,0.00,74.20,21.83,21.83,74.20,0.00,0.00,1,Dragon Wave_AZ2,0.13,0.13hrs
16/07/2026 16:34:27,buy,0.02,XAUUSD,3995.42000,16/07/2026 16:47:01,3992.41000,-0.29,0.00,-30.10,-6.31,0.00,0.00,-6.31,-30.10,1,Dragon Wave_AZ1,0.21,0.21hrs
16/07/2026 16:33:08,buy,0.01,XAUUSD,4000.44000,16/07/2026 16:46:33,3991.46000,-0.14,0.00,-89.80,-9.12,0.00,0.00,-9.12,-89.80,1,Dragon Wave_BZ0,0.22,0.22hrs
16/07/2026 16:39:41,buy,0.03,XAUUSD,3984.42000,16/07/2026 16:46:32,3991.34000,-0.43,0.00,69.20,20.33,20.33,69.20,0.00,0.00,1,Dragon Wave_BZ2,0.11,0.11hrs
16/07/2026 16:34:44,buy,0.02,XAUUSD,3994.24000,16/07/2026 16:46:32,3991.38000,-0.29,0.00,-28.60,-6.01,0.00,0.00,-6.01,-28.60,1,Dragon Wave_BZ1,0.20,0.20hrs
16/07/2026 16:43:28,buy,0.01,CADCHF,0.57624,16/07/2026 16:46:01,0.57650,-0.05,0.00,2.60,0.27,0.27,2.60,0.00,0.00,1,Dragon Wave_CZ0,0.04,0.04hrs
16/07/2026 16:07:54,buy,0.01,USDCHF,0.80799,16/07/2026 16:45:59,0.80794,-0.05,0.00,-0.50,-0.11,0.00,0.00,-0.56,-4.10,1,Dragon Wave_CZ0,0.63,0.63hrs
16/07/2026 16:11:59,buy,0.02,USDCHF,0.80779,16/07/2026 16:45:55,0.80794,-0.10,0.00,1.50,0.27,0.27,1.50,-0.62,-2.10,1,Dragon Wave_CZ1,0.57,0.57hrs
16/07/2026 16:40:34,buy,0.01,CADCHF,0.57634,16/07/2026 16:45:14,0.57640,-0.05,0.00,0.60,0.02,0.02,0.60,0.00,0.00,1,Dragon Wave_AZ0,0.08,0.08hrs
16/07/2026 16:10:13,buy,0.02,USDCHF,0.80789,16/07/2026 16:44:44,0.80783,-0.10,0.00,-0.60,-0.25,0.00,0.00,-0.87,-3.10,1,Dragon Wave_BZ1,0.58,0.58hrs
16/07/2026 16:06:05,buy,0.01,USDCHF,0.80802,16/07/2026 16:44:44,0.80783,-0.05,0.00,-1.90,-0.29,0.00,0.00,-0.59,-4.40,1,Dragon Wave_BZ0,0.64,0.64hrs
16/07/2026 16:28:01,buy,0.03,USDCHF,0.80750,16/07/2026 16:44:43,0.80781,-0.15,0.00,3.10,1.00,1.00,3.10,0.00,0.00,1,Dragon Wave_BZ2,0.28,0.28hrs
16/07/2026 16:40:52,buy,0.01,CADCHF,0.57632,16/07/2026 16:44:42,0.57638,-0.05,0.00,0.60,0.03,0.03,0.60,0.00,0.00,1,Dragon Wave_BZ0,0.06,0.06hrs
16/07/2026 16:13:38,buy,0.02,USDJPY,162.24400,16/07/2026 16:43:28,162.26500,-0.10,0.00,2.10,0.16,0.16,2.10,-0.29,-1.50,1,Dragon Wave_CZ1,0.50,0.50hrs
16/07/2026 16:08:11,buy,0.01,USDJPY,162.26800,16/07/2026 16:43:28,162.26500,-0.05,0.00,-0.30,-0.07,0.00,0.00,-0.29,-3.90,1,Dragon Wave_CZ0,0.59,0.59hrs
16/07/2026 16:09:17,buy,0.01,USDCAD,1.40244,16/07/2026 16:43:13,1.40175,-0.05,0.00,-6.90,-0.54,0.00,0.00,-0.98,-13.10,1,Dragon Wave_AZ0,0.57,0.57hrs
16/07/2026 16:29:26,buy,0.04,USDCAD,1.40128,16/07/2026 16:43:12,1.40175,-0.20,0.00,4.70,1.14,1.14,4.70,-0.63,-1.50,1,Dragon Wave_AZ3,0.23,0.23hrs
16/07/2026 16:21:21,buy,0.03,USDCAD,1.40167,16/07/2026 16:43:12,1.40175,-0.15,0.00,0.80,0.02,0.02,0.80,-1.31,-5.40,1,Dragon Wave_AZ2,0.36,0.36hrs
16/07/2026 16:12:48,buy,0.02,USDCAD,1.40211,16/07/2026 16:43:12,1.40175,-0.10,0.00,-3.60,-0.61,0.00,0.00,-1.50,-9.80,1,Dragon Wave_AZ1,0.51,0.51hrs
16/07/2026 16:24:02,buy,0.02,USDCAD,1.40149,16/07/2026 16:43:02,1.40170,-0.10,0.00,2.10,0.20,0.20,2.10,-0.61,-3.60,1,Dragon Wave_BZ1,0.32,0.32hrs
16/07/2026 16:20:36,buy,0.01,USDCAD,1.40172,16/07/2026 16:43:02,1.40169,-0.05,0.00,-0.30,-0.07,0.00,0.00,-0.47,-5.90,1,Dragon Wave_BZ0,0.37,0.37hrs
16/07/2026 11:05:37,buy,0.03,GBPCAD,1.89976,16/07/2026 16:42:55,1.89351,-0.15,0.00,-62.50,-13.53,0.00,0.00,-15.07,-69.70,1,Dragon Wave_CZ2,5.62,5.62hrs
16/07/2026 11:01:30,buy,0.02,GBPCAD,1.90034,16/07/2026 16:42:55,1.89351,-0.10,0.00,-68.30,-9.84,0.00,0.00,-10.87,-75.50,1,Dragon Wave_CZ1,5.69,5.69hrs
16/07/2026 10:59:32,buy,0.01,GBPCAD,1.90070,16/07/2026 16:42:55,1.89351,-0.05,0.00,-71.90,-5.18,0.00,0.00,-5.69,-79.10,1,Dragon Wave_CZ0,5.72,5.72hrs
16/07/2026 12:30:33,buy,0.11,GBPCAD,1.89720,16/07/2026 16:42:54,1.89350,-0.55,0.00,-37.00,-29.58,0.00,0.00,-35.16,-44.10,1,Dragon Wave_CZ5,4.21,4.21hrs
16/07/2026 12:20:50,buy,0.07,GBPCAD,1.89791,16/07/2026 16:42:54,1.89350,-0.35,0.00,-44.10,-22.37,0.15,1.00,-25.92,-51.20,1,Dragon Wave_CZ4,4.37,4.37hrs
16/07/2026 11:54:08,buy,0.04,GBPCAD,1.89854,16/07/2026 16:42:54,1.89350,-0.20,0.00,-50.40,-14.59,0.00,0.00,-16.61,-57.50,1,Dragon Wave_CZ3,4.81,4.81hrs
16/07/2026 13:24:10,buy,0.47,GBPCAD,1.89582,16/07/2026 16:42:53,1.89372,-2.35,0.00,-21.00,-72.77,0.00,0.00,-103.95,-30.30,1,Dragon Wave_CZ8,3.31,3.31hrs
16/07/2026 13:09:16,buy,0.29,GBPCAD,1.89612,16/07/2026 16:42:53,1.89372,-1.45,0.00,-24.00,-51.11,0.00,0.00,-70.35,-33.30,1,Dragon Wave_CZ7,3.56,3.56hrs
16/07/2026 12:57:31,buy,0.18,GBPCAD,1.89646,16/07/2026 16:42:53,1.89372,-0.90,0.00,-27.40,-36.08,0.00,0.20,-48.03,-36.70,1,Dragon Wave_CZ6,3.76,3.76hrs
16/07/2026 15:42:40,buy,3.22,GBPCAD,1.89310,16/07/2026 16:42:52,1.89370,-16.10,0.00,6.00,121.73,123.93,6.10,-87.32,-3.10,1,Dragon Wave_CZ12,1.00,1.00hrs
16/07/2026 15:25:17,buy,1.99,GBPCAD,1.89369,16/07/2026 16:42:52,1.89370,-9.95,0.00,0.10,-8.53,0.00,0.50,-137.73,-9.00,1,Dragon Wave_CZ11,1.29,1.29hrs
16/07/2026 14:09:17,buy,1.23,GBPCAD,1.89457,16/07/2026 16:42:52,1.89371,-6.15,0.00,-8.60,-81.61,0.00,0.40,-162.35,-17.80,1,Dragon Wave_CZ10,2.56,2.56hrs
16/07/2026 13:29:27,buy,0.76,GBPCAD,1.89523,16/07/2026 16:42:52,1.89370,-3.80,0.00,-15.30,-86.76,18.94,4.20,-136.10,-24.40,1,Dragon Wave_CZ9,3.22,3.22hrs
16/07/2026 16:24:05,buy,5.21,GBPCAD,1.89257,16/07/2026 16:42:51,1.89369,-26.05,0.00,11.20,390.24,390.24,11.20,0.00,0.00,1,Dragon Wave_CZ13,0.31,0.31hrs
16/07/2026 16:06:19,buy,0.01,USDJPY,162.28900,16/07/2026 16:42:35,162.27100,-0.05,0.00,-1.80,-0.16,0.00,0.00,-0.42,-6.00,1,Dragon Wave_BZ0,0.60,0.60hrs
16/07/2026 16:13:25,buy,0.03,USDJPY,162.23700,16/07/2026 16:42:34,162.27200,-0.15,0.00,3.50,0.50,0.50,3.50,-0.30,-0.80,1,Dragon Wave_BZ2,0.49,0.49hrs
16/07/2026 16:07:48,buy,0.02,USDJPY,162.27200,16/07/2026 16:42:34,162.27100,-0.10,0.00,-0.10,-0.11,0.00,0.00,-0.63,-4.30,1,Dragon Wave_BZ1,0.58,0.58hrs
16/07/2026 16:11:08,buy,0.02,EURNZD,1.95728,16/07/2026 16:42:14,1.95750,-0.10,0.00,2.20,0.16,0.16,2.20,-0.92,-7.00,1,Dragon Wave_BZ1,0.52,0.52hrs
16/07/2026 16:07:15,buy,0.01,EURNZD,1.95757,16/07/2026 16:42:14,1.95752,-0.05,0.00,-0.50,-0.08,0.00,0.00,-0.63,-9.90,1,Dragon Wave_BZ0,0.58,0.58hrs
16/07/2026 16:05:48,buy,0.01,USDJPY,162.29600,16/07/2026 16:42:14,162.26100,-0.05,0.00,-3.50,-0.27,0.00,0.00,-0.46,-6.70,1,Dragon Wave_AZ0,0.61,0.61hrs
16/07/2026 16:12:55,buy,0.04,USDJPY,162.24200,16/07/2026 16:42:13,162.25900,-0.20,0.00,1.70,0.22,0.22,1.70,-0.52,-1.30,1,Dragon Wave_AZ3,0.49,0.49hrs
16/07/2026 16:11:53,buy,0.03,USDJPY,162.25700,16/07/2026 16:42:13,162.25900,-0.15,0.00,0.20,-0.11,0.00,0.20,-0.67,-2.80,1,Dragon Wave_AZ2,0.51,0.51hrs
16/07/2026 16:07:30,buy,0.02,USDJPY,162.28300,16/07/2026 16:42:13,162.25900,-0.10,0.00,-2.40,-0.40,0.00,0.00,-0.77,-5.40,1,Dragon Wave_AZ1,0.58,0.58hrs
16/07/2026 16:31:27,buy,0.07,USDJPY,162.22200,16/07/2026 16:42:12,162.25900,-0.35,0.00,3.70,1.25,1.25,3.70,-0.05,0.00,1,Dragon Wave_AZ4,0.18,0.18hrs
16/07/2026 16:36:41,buy,0.01,CHFJPY,200.87300,16/07/2026 16:39:12,200.90300,-0.05,0.00,3.00,0.13,0.13,3.00,-0.02,0.00,1,Dragon Wave_CZ0,0.04,0.04hrs
16/07/2026 16:35:21,buy,0.01,CHFJPY,200.88400,16/07/2026 16:39:09,200.90100,-0.05,0.00,1.70,0.06,0.06,1.70,-0.09,-0.70,1,Dragon Wave_BZ0,0.06,0.06hrs
16/07/2026 16:34:55,buy,0.01,NZDCAD,0.82001,16/07/2026 16:38:20,0.82016,-0.05,0.00,1.50,0.05,0.13,2.50,0.00,0.00,1,Dragon Wave_CZ0,0.06,0.06hrs
16/07/2026 16:04:03,buy,0.02,EURAUD,1.63561,16/07/2026 16:37:52,1.63529,-0.10,0.00,-3.20,-0.55,0.00,0.00,-2.13,-14.50,1,Dragon Wave_CZ1,0.56,0.56hrs
16/07/2026 15:58:05,buy,0.01,EURAUD,1.63599,16/07/2026 16:37:52,1.63529,-0.05,0.00,-7.00,-0.54,0.00,0.00,-1.33,-18.30,1,Dragon Wave_CZ0,0.66,0.66hrs
16/07/2026 16:14:03,buy,0.03,EURAUD,1.63469,16/07/2026 16:37:51,1.63529,-0.15,0.00,6.00,1.11,1.11,6.00,-1.26,-5.30,1,Dragon Wave_CZ2,0.40,0.40hrs
16/07/2026 16:33:50,buy,0.01,NZDCAD,0.82009,16/07/2026 16:37:45,0.82023,-0.05,0.00,1.40,0.05,0.05,1.40,0.00,0.00,1,Dragon Wave_BZ0,0.07,0.07hrs
16/07/2026 16:35:08,buy,0.01,XAGUSD,55.97400,16/07/2026 16:37:32,56.00300,-0.10,0.00,290.00,1.35,1.35,290.00,0.00,0.00,1,Dragon Wave_BZ0,0.04,0.04hrs
16/07/2026 16:35:18,buy,0.01,NZDUSD,0.58517,16/07/2026 16:37:29,0.58538,-0.05,0.00,2.10,0.16,0.16,2.10,0.00,0.00,1,Dragon Wave_CZ0,0.04,0.04hrs
16/07/2026 16:35:26,buy,0.01,NZDJPY,94.94300,16/07/2026 16:37:25,94.97000,-0.05,0.00,2.70,0.11,0.11,2.70,0.00,0.00,1,Dragon Wave_BZ0,0.03,0.03hrs
16/07/2026 16:35:51,buy,0.01,XAUUSD,3988.11000,16/07/2026 16:37:12,3992.09000,-0.14,0.00,39.80,3.84,3.84,39.80,0.00,0.00,1,Dragon Wave_CZ0,0.02,0.02hrs
16/07/2026 16:35:27,buy,0.01,AUDJPY,113.64700,16/07/2026 16:37:11,113.66800,-0.05,0.00,2.10,0.08,0.08,2.10,0.00,0.00,1,Dragon Wave_AZ0,0.03,0.03hrs
16/07/2026 16:33:24,buy,0.01,NZDCAD,0.82005,16/07/2026 16:37:11,0.82012,-0.05,0.00,0.00,0.00,0.00,0.00,0.00,0.00,1,Dragon Wave_AZ0,0.06,0.06hrs
16/07/2026 16:34:02,buy,0.01,GBPCAD,1.89229,16/07/2026 16:37:08,1.89279,-0.05,0.00,5.00,0.30,0.30,5.00,0.00,0.00,1,Dragon Wave_BZ0,0.05,0.05hrs
16/07/2026 13:37:52,buy,0.01,EURCHF,0.92552,16/07/2026 16:37:07,0.92524,-0.05,0.00,-2.80,-0.40,0.00,0.10,-0.97,-7.40,1,Dragon Wave_BZ0,2.99,2.99hrs
16/07/2026 13:52:25,buy,0.03,EURCHF,0.92525,16/07/2026 16:37:06,0.92524,-0.15,0.00,-0.10,-0.19,0.00,0.00,-1.90,-4.70,1,Dragon Wave_BZ2,2.74,2.74hrs
16/07/2026 13:48:26,buy,0.02,EURCHF,0.92542,16/07/2026 16:37:06,0.92524,-0.10,0.00,-1.80,-0.55,0.00,0.00,-1.69,-6.40,1,Dragon Wave_BZ1,2.81,2.81hrs
16/07/2026 14:20:29,buy,0.04,EURCHF,0.92496,16/07/2026 16:37:05,0.92525,-0.20,0.00,2.90,1.24,1.24,2.90,-1.09,-1.80,1,Dragon Wave_BZ3,2.28,2.28hrs
16/07/2026 16:33:29,buy,0.01,GBPCAD,1.89254,16/07/2026 16:37:00,1.89275,-0.05,0.00,2.10,0.10,0.10,2.10,0.00,0.00,1,Dragon Wave_AZ0,0.06,0.06hrs
16/07/2026 16:35:25,buy,0.01,NZDCHF,0.47265,16/07/2026 16:35:58,0.47272,-0.05,0.00,0.70,0.04,0.04,0.70,0.00,0.00,1,Dragon Wave_CZ0,0.01,0.01hrs
16/07/2026 15:00:00,buy,0.01,EURAUD,1.63678,16/07/2026 16:35:56,1.63534,-0.05,0.00,-14.40,-1.06,0.00,0.00,-1.89,-26.20,1,Dragon Wave_AZ0,1.60,1.60hrs
16/07/2026 16:03:26,buy,0.03,EURAUD,1.63545,16/07/2026 16:35:55,1.63534,-0.15,0.00,-1.10,-0.38,0.00,0.00,-2.86,-12.90,1,Dragon Wave_AZ2,0.54,0.54hrs
16/07/2026 15:01:18,buy,0.02,EURAUD,1.63640,16/07/2026 16:35:55,1.63534,-0.10,0.00,-10.60,-1.59,0.22,2.30,-3.24,-22.40,1,Dragon Wave_AZ1,1.58,1.58hrs
16/07/2026 16:20:12,buy,0.07,EURAUD,1.63454,16/07/2026 16:35:54,1.63532,-0.35,0.00,7.80,3.47,3.47,7.80,-2.21,-3.80,1,Dragon Wave_AZ4,0.26,0.26hrs
16/07/2026 16:09:01,buy,0.04,EURAUD,1.63505,16/07/2026 16:35:54,1.63532,-0.20,0.00,2.70,0.55,0.55,2.70,-2.69,-8.90,1,Dragon Wave_AZ3,0.45,0.45hrs
16/07/2026 16:27:46,buy,0.01,USDCHF,0.80751,16/07/2026 16:35:11,0.80768,-0.05,0.00,1.70,0.16,0.16,1.70,0.00,0.00,1,Dragon Wave_AZ0,0.12,0.12hrs
16/07/2026 16:21:12,buy,0.03,GBPNZD,2.30741,16/07/2026 16:34:52,2.30806,-0.15,0.00,6.50,0.99,0.99,6.50,0.00,0.00,1,Dragon Wave_AZ2,0.23,0.23hrs
16/07/2026 16:17:35,buy,0.02,GBPNZD,2.30783,16/07/2026 16:34:52,2.30806,-0.10,0.00,2.30,0.17,0.17,2.30,-1.15,-9.00,1,Dragon Wave_AZ1,0.29,0.29hrs
16/07/2026 16:12:10,buy,0.01,GBPNZD,2.30861,16/07/2026 16:34:52,2.30807,-0.05,0.00,-5.40,-0.37,0.00,0.00,-1.03,-16.80,1,Dragon Wave_AZ0,0.38,0.38hrs
16/07/2026 16:34:02,buy,0.01,GBPJPY,219.12500,16/07/2026 16:34:48,219.14700,-0.05,0.00,2.20,0.08,0.08,2.20,0.00,0.00,1,Dragon Wave_BZ0,0.01,0.01hrs
16/07/2026 16:21:05,buy,0.02,GBPAUD,1.92720,16/07/2026 16:33:14,1.92762,-0.10,0.00,4.20,0.49,0.49,4.20,0.00,0.00,1,Dragon Wave_AZ1,0.20,0.20hrs
16/07/2026 16:14:02,buy,0.01,GBPAUD,1.92810,16/07/2026 16:33:14,1.92759,-0.05,0.00,-5.10,-0.41,0.00,0.00,-1.00,-13.60,1,Dragon Wave_AZ0,0.32,0.32hrs
16/07/2026 16:31:50,buy,0.01,AUDJPY,113.69500,16/07/2026 16:33:12,113.70200,-0.05,0.00,0.00,0.00,0.00,0.00,0.00,0.00,1,Dragon Wave_AZ0,0.02,0.02hrs
16/07/2026 16:28:38,buy,0.01,NZDCHF,0.47266,16/07/2026 16:30:30,0.47277,-0.05,0.00,1.10,0.09,0.09,1.10,0.00,0.00,1,Dragon Wave_BZ0,0.03,0.03hrs
16/07/2026 16:23:09,buy,0.01,NZDCAD,0.82021,16/07/2026 16:30:17,0.82039,-0.05,0.00,1.80,0.08,0.08,1.80,0.00,0.00,1,Dragon Wave_BZ0,0.12,0.12hrs
16/07/2026 16:29:27,buy,0.02,NZDCAD,0.82013,16/07/2026 16:30:07,0.82035,-0.10,0.00,2.20,0.21,0.21,2.20,0.00,0.00,1,Dragon Wave_AZ1,0.01,0.01hrs
16/07/2026 16:28:48,buy,0.01,NZDCAD,0.82016,16/07/2026 16:30:07,0.82035,-0.05,0.00,1.90,0.08,0.08,1.90,0.00,0.00,1,Dragon Wave_AZ0,0.02,0.02hrs
16/07/2026 15:11:34,buy,0.01,EURJPY,185.96800,16/07/2026 16:28:31,185.89200,-0.05,0.00,-7.60,-0.51,0.00,0.40,-1.26,-19.60,1,Dragon Wave_CZ0,1.28,1.28hrs
16/07/2026 15:56:56,buy,0.04,EURJPY,185.80300,16/07/2026 16:28:30,185.88100,-0.20,0.00,7.80,1.72,1.72,7.80,-0.96,-3.10,1,Dragon Wave_CZ3,0.53,0.53hrs
16/07/2026 15:37:26,buy,0.03,EURJPY,185.86100,16/07/2026 16:28:30,185.88100,-0.15,0.00,2.00,0.22,0.39,2.90,-1.80,-8.90,1,Dragon Wave_CZ2,0.85,0.85hrs
16/07/2026 15:18:19,buy,0.02,EURJPY,185.93500,16/07/2026 16:28:30,185.88100,-0.10,0.00,-5.40,-0.76,0.12,1.80,-2.11,-16.30,1,Dragon Wave_CZ1,1.17,1.17hrs
16/07/2026 15:15:32,buy,0.02,EURJPY,185.94000,16/07/2026 16:28:19,185.87500,-0.10,0.00,-6.50,-0.90,0.06,1.30,-2.17,-16.80,1,Dragon Wave_BZ1,1.21,1.21hrs
16/07/2026 15:11:15,buy,0.01,EURJPY,185.98900,16/07/2026 16:28:19,185.87100,-0.05,0.00,-11.80,-0.78,0.00,0.00,-1.39,-21.70,1,Dragon Wave_BZ0,1.28,1.28hrs
16/07/2026 15:58:09,buy,0.04,EURJPY,185.79700,16/07/2026 16:28:18,185.87700,-0.20,0.00,8.00,1.77,1.77,8.00,-0.82,-2.50,1,Dragon Wave_BZ3,0.50,0.50hrs
16/07/2026 15:34:33,buy,0.03,EURJPY,185.89100,16/07/2026 16:28:18,185.87700,-0.15,0.00,-1.40,-0.41,0.00,0.00,-2.35,-11.90,1,Dragon Wave_BZ2,0.90,0.90hrs
16/07/2026 16:25:48,buy,0.01,AUDJPY,113.69500,16/07/2026 16:27:07,113.71200,-0.05,0.00,1.70,0.06,0.06,1.70,0.00,0.00,1,Dragon Wave_AZ0,0.02,0.02hrs
16/07/2026 15:44:10,buy,0.02,XAGUSD,56.05900,16/07/2026 16:26:42,56.18000,-0.20,0.00,1210.00,11.90,11.90,1210.00,-62.70,-6250.00,1,Dragon Wave_CZ1,0.71,0.71hrs
16/07/2026 15:37:21,buy,0.01,XAGUSD,56.29800,16/07/2026 16:26:42,56.18000,-0.10,0.00,-1180.00,-6.00,1.25,270.00,-43.30,-8640.00,1,Dragon Wave_CZ0,0.82,0.82hrs
16/07/2026 16:15:16,buy,0.01,GBPCHF,1.09081,16/07/2026 16:26:12,1.09092,-0.05,0.00,1.10,0.09,0.09,1.10,-0.25,-1.60,1,Dragon Wave_CZ0,0.18,0.18hrs
16/07/2026 16:20:40,buy,0.01,EURAUD,1.63434,16/07/2026 16:23:27,1.63443,-0.05,0.00,0.90,0.02,0.02,0.90,-0.18,-1.80,1,Dragon Wave_BZ0,0.05,0.05hrs
16/07/2026 16:02:43,buy,0.01,EURCHF,0.92503,16/07/2026 16:22:54,0.92512,-0.05,0.00,0.90,0.06,0.06,0.90,-0.12,-0.60,1,Dragon Wave_CZ0,0.34,0.34hrs
16/07/2026 16:21:25,buy,0.01,XAUUSD,3991.29000,16/07/2026 16:22:10,3992.32000,-0.14,0.00,10.30,0.89,0.89,10.30,0.00,0.00,1,Dragon Wave_AZ0,0.01,0.01hrs
16/07/2026 16:21:16,buy,0.01,GBPJPY,219.09700,16/07/2026 16:21:49,219.10800,-0.05,0.00,1.10,0.02,0.02,1.10,0.00,0.00,1,Dragon Wave_BZ0,0.01,0.01hrs
16/07/2026 15:15:33,buy,0.02,EURUSD,1.14631,16/07/2026 16:21:21,1.14543,-0.10,0.00,-8.80,-1.86,0.16,1.30,-3.60,-17.50,1,Dragon Wave_CZ1,1.10,1.10hrs
16/07/2026 15:11:29,buy,0.01,EURUSD,1.14659,16/07/2026 16:21:21,1.14543,-0.05,0.00,-11.60,-1.21,0.00,0.00,-2.08,-20.30,1,Dragon Wave_CZ0,1.16,1.16hrs
16/07/2026 16:05:32,buy,0.04,EURUSD,1.14453,16/07/2026 16:21:20,1.14543,-0.20,0.00,9.00,3.40,3.40,9.00,0.00,0.00,1,Dragon Wave_CZ3,0.26,0.26hrs
16/07/2026 15:38:19,buy,0.03,EURUSD,1.14541,16/07/2026 16:21:20,1.14543,-0.15,0.00,0.20,-0.09,0.39,1.80,-2.70,-8.50,1,Dragon Wave_CZ2,0.72,0.72hrs
16/07/2026 16:19:03,buy,0.01,GBPUSD,1.35030,16/07/2026 16:20:06,1.35051,-0.05,0.00,2.10,0.16,0.16,2.10,0.00,0.00,1,Dragon Wave_CZ0,0.02,0.02hrs
16/07/2026 16:14:56,buy,0.01,GBPUSD,1.35052,16/07/2026 16:18:05,1.35057,-0.05,0.00,0.00,0.00,0.00,0.00,0.00,0.00,1,Dragon Wave_AZ0,0.05,0.05hrs
16/07/2026 16:15:41,buy,0.01,EURUSD,1.14513,16/07/2026 16:18:00,1.14532,-0.05,0.00,1.90,0.14,0.14,1.90,0.00,0.00,1,Dragon Wave_AZ0,0.04,0.04hrs
16/07/2026 16:15:10,buy,0.01,CADCHF,0.57605,16/07/2026 16:17:38,0.57619,-0.05,0.00,1.40,0.12,0.12,1.40,0.00,0.00,1,Dragon Wave_AZ0,0.04,0.04hrs
16/07/2026 16:13:48,buy,0.01,EURAUD,1.63467,16/07/2026 16:16:52,1.63480,-0.05,0.00,1.30,0.04,0.04,1.30,0.00,0.00,1,Dragon Wave_BZ0,0.05,0.05hrs
16/07/2026 15:36:14,buy,0.01,XAGUSD,56.42700,16/07/2026 16:16:26,55.98300,-0.10,0.00,-4440.00,-22.30,0.00,0.00,-49.75,-9930.00,1,Dragon Wave_AZ0,0.67,0.67hrs
16/07/2026 15:57:24,buy,0.04,XAGUSD,55.95500,16/07/2026 16:16:25,55.98900,-0.40,0.00,340.00,6.40,6.40,340.00,-104.60,-5210.00,1,Dragon Wave_AZ3,0.32,0.32hrs
16/07/2026 15:40:32,buy,0.03,XAGUSD,56.17600,16/07/2026 16:16:25,55.97700,-0.30,0.00,-1990.00,-30.15,0.00,0.00,-111.60,-7420.00,1,Dragon Wave_AZ2,0.60,0.60hrs
16/07/2026 15:39:34,buy,0.02,XAGUSD,56.29100,16/07/2026 16:16:25,55.98300,-0.20,0.00,-3080.00,-31.00,0.00,0.00,-85.90,-8570.00,1,Dragon Wave_AZ1,0.61,0.61hrs
16/07/2026 16:04:18,buy,0.07,XAGUSD,55.67400,16/07/2026 16:16:24,55.98900,-0.70,0.00,3150.00,109.55,109.55,3150.00,-21.35,-590.00,1,Dragon Wave_AZ4,0.20,0.20hrs
16/07/2026 15:40:12,buy,0.02,XAUUSD,4012.96000,16/07/2026 16:15:22,3994.83000,-0.29,0.00,-181.30,-36.55,0.00,0.00,-69.85,-347.80,1,Dragon Wave_BZ1,0.59,0.59hrs
16/07/2026 15:36:43,buy,0.01,XAUUSD,4020.39000,16/07/2026 16:15:22,3994.84000,-0.14,0.00,-255.50,-25.69,0.00,0.00,-42.35,-422.10,1,Dragon Wave_BZ0,0.64,0.64hrs
16/07/2026 15:58:32,buy,0.04,XAUUSD,3991.32000,16/07/2026 16:15:21,3995.04000,-0.57,0.00,37.20,14.31,14.31,37.20,-53.13,-131.40,1,Dragon Wave_BZ3,0.28,0.28hrs
16/07/2026 15:44:08,buy,0.03,XAUUSD,4004.00000,16/07/2026 16:15:21,3994.80000,-0.43,0.00,-92.00,-28.03,0.00,0.00,-77.89,-258.20,1,Dragon Wave_BZ2,0.52,0.52hrs
16/07/2026 16:04:38,buy,0.07,XAUUSD,3980.45000,16/07/2026 16:15:20,3995.08000,-1.00,0.00,146.30,101.41,101.41,146.30,0.00,0.00,1,Dragon Wave_BZ4,0.18,0.18hrs
16/07/2026 15:14:20,buy,0.03,NZDCAD,0.82071,16/07/2026 16:13:42,0.82036,-0.15,0.00,-3.50,-0.90,0.15,1.40,-1.93,-8.30,1,Dragon Wave_AZ2,0.99,0.99hrs
16/07/2026 15:10:38,buy,0.02,NZDCAD,0.82101,16/07/2026 16:13:42,0.82035,-0.10,0.00,-6.60,-1.04,0.00,0.00,-1.71,-11.30,1,Dragon Wave_AZ1,1.05,1.05hrs
16/07/2026 15:02:12,buy,0.01,NZDCAD,0.82131,16/07/2026 16:13:42,0.82035,-0.05,0.00,-9.60,-0.74,0.00,0.00,-1.07,-14.30,1,Dragon Wave_AZ0,1.19,1.19hrs
16/07/2026 15:42:20,buy,0.11,NZDCAD,0.81988,16/07/2026 16:13:41,0.82036,-0.55,0.00,4.80,3.22,3.22,4.80,-0.55,0.00,1,Dragon Wave_AZ5,0.52,0.52hrs
16/07/2026 15:37:17,buy,0.07,NZDCAD,0.82012,16/07/2026 16:13:41,0.82036,-0.35,0.00,2.40,0.84,0.84,2.40,-1.55,-2.40,1,Dragon Wave_AZ4,0.61,0.61hrs
16/07/2026 15:32:49,buy,0.04,NZDCAD,0.82050,16/07/2026 16:13:41,0.82036,-0.20,0.00,-1.40,-0.60,0.00,0.00,-1.97,-6.20,1,Dragon Wave_AZ3,0.68,0.68hrs
16/07/2026 16:06:13,buy,0.01,CADCHF,0.57610,16/07/2026 16:11:10,0.57621,-0.05,0.00,1.10,0.08,0.08,1.10,-0.10,-0.40,1,Dragon Wave_AZ0,0.08,0.08hrs
16/07/2026 16:03:22,buy,0.02,XAUUSD,3982.77000,16/07/2026 16:10:52,3986.66000,-0.29,0.00,38.90,7.49,7.49,38.90,0.00,0.00,1,Dragon Wave_AZ1,0.13,0.13hrs
16/07/2026 16:01:58,buy,0.01,XAUUSD,3990.35000,16/07/2026 16:10:52,3986.74000,-0.14,0.00,-36.10,-3.75,0.00,0.00,-12.31,-121.70,1,Dragon Wave_AZ0,0.15,0.15hrs
16/07/2026 16:09:33,buy,0.01,NZDCHF,0.47252,16/07/2026 16:10:50,0.47257,-0.05,0.00,0.50,0.02,0.02,0.50,0.00,0.00,1,Dragon Wave_AZ0,0.02,0.02hrs
16/07/2026 16:06:15,buy,0.02,XAGUSD,55.60600,16/07/2026 16:10:50,55.71000,-0.20,0.00,1040.00,10.20,10.20,1040.00,0.00,0.00,1,Dragon Wave_BZ1,0.08,0.08hrs
16/07/2026 15:59:38,buy,0.01,XAGUSD,55.79200,16/07/2026 16:10:50,55.71700,-0.10,0.00,-750.00,-3.85,0.00,0.00,-18.00,-3580.00,1,Dragon Wave_BZ0,0.19,0.19hrs
16/07/2026 15:56:18,buy,0.01,CHFJPY,200.87600,16/07/2026 16:10:21,200.89300,-0.05,0.00,1.70,0.05,0.05,1.70,-0.30,-4.00,1,Dragon Wave_CZ0,0.23,0.23hrs
16/07/2026 15:56:37,buy,0.02,EURUSD,1.14498,16/07/2026 16:09:35,1.14497,-0.10,0.00,-0.10,-0.12,0.00,0.00,-0.94,-4.20,1,Dragon Wave_AZ1,0.22,0.22hrs
16/07/2026 15:53:52,buy,0.01,EURUSD,1.14517,16/07/2026 16:09:35,1.14497,-0.05,0.00,-2.00,-0.25,0.00,0.00,-0.66,-6.10,1,Dragon Wave_AZ0,0.26,0.26hrs
16/07/2026 16:02:50,buy,0.03,EURUSD,1.14467,16/07/2026 16:09:34,1.14497,-0.15,0.00,3.00,0.75,0.75,3.00,-0.48,-1.10,1,Dragon Wave_AZ2,0.11,0.11hrs
16/07/2026 15:57:30,buy,0.02,NZDUSD,0.58462,16/07/2026 16:08:04,0.58485,-0.10,0.00,2.30,0.36,0.36,2.30,-0.24,-0.70,1,Dragon Wave_CZ1,0.18,0.18hrs
16/07/2026 15:34:16,buy,0.01,NZDUSD,0.58499,16/07/2026 16:08:04,0.58484,-0.05,0.00,-1.50,-0.20,0.00,0.00,-0.49,-4.40,1,Dragon Wave_CZ0,0.56,0.56hrs
16/07/2026 15:37:28,buy,0.02,NZDCAD,0.81997,16/07/2026 16:07:51,0.82034,-0.10,0.00,3.70,0.43,0.43,3.70,-0.23,-0.90,1,Dragon Wave_CZ1,0.51,0.51hrs
16/07/2026 15:33:19,buy,0.01,NZDCAD,0.82050,16/07/2026 16:07:51,0.82036,-0.05,0.00,-1.40,-0.15,0.00,0.00,-0.49,-6.20,1,Dragon Wave_CZ0,0.58,0.58hrs
16/07/2026 15:33:09,buy,0.01,NZDCAD,0.82056,16/07/2026 16:07:34,0.82031,-0.05,0.00,-2.50,-0.23,0.00,0.00,-0.53,-6.80,1,Dragon Wave_BZ0,0.57,0.57hrs
16/07/2026 15:37:25,buy,0.02,NZDCAD,0.82001,16/07/2026 16:07:33,0.82030,-0.10,0.00,2.90,0.31,0.31,2.90,-0.29,-1.30,1,Dragon Wave_BZ1,0.50,0.50hrs
16/07/2026 15:47:20,buy,0.01,CADJPY,115.73300,16/07/2026 16:06:36,115.71700,-0.05,0.00,-1.60,-0.15,0.00,0.00,-0.33,-4.50,1,Dragon Wave_AZ0,0.32,0.32hrs
16/07/2026 15:54:37,buy,0.02,CADJPY,115.69400,16/07/2026 16:06:35,115.71700,-0.10,0.00,2.30,0.18,0.18,2.30,-0.17,-0.60,1,Dragon Wave_AZ1,0.20,0.20hrs
16/07/2026 15:51:50,buy,0.01,GBPUSD,1.35026,16/07/2026 16:06:29,1.35025,-0.05,0.00,-0.10,-0.06,0.00,0.00,-0.53,-4.80,1,Dragon Wave_AZ0,0.24,0.24hrs
16/07/2026 16:04:16,buy,0.03,GBPUSD,1.34973,16/07/2026 16:06:28,1.35025,-0.15,0.00,5.20,1.41,1.41,5.20,0.00,0.00,1,Dragon Wave_AZ2,0.04,0.04hrs
16/07/2026 15:54:55,buy,0.02,GBPUSD,1.35007,16/07/2026 16:06:28,1.35025,-0.10,0.00,1.80,0.26,0.26,1.80,-0.68,-2.90,1,Dragon Wave_AZ1,0.19,0.19hrs
16/07/2026 15:59:23,buy,0.01,CHFJPY,200.84800,16/07/2026 16:06:07,200.87600,-0.05,0.00,2.80,0.12,0.12,2.80,-0.02,0.00,1,Dragon Wave_AZ0,0.11,0.11hrs
16/07/2026 15:56:28,buy,0.02,GBPUSD,1.34982,16/07/2026 16:05:52,1.35023,-0.10,0.00,4.10,0.72,0.72,4.10,-0.18,-0.40,1,Dragon Wave_CZ1,0.16,0.16hrs
16/07/2026 15:54:01,buy,0.01,GBPUSD,1.35014,16/07/2026 16:05:52,1.35025,-0.05,0.00,1.10,0.06,0.06,1.10,-0.41,-3.60,1,Dragon Wave_CZ0,0.20,0.20hrs
16/07/2026 15:56:06,buy,0.01,GBPUSD,1.34986,16/07/2026 16:05:16,1.34995,-0.05,0.00,0.90,0.04,0.04,0.90,-0.13,-0.80,1,Dragon Wave_BZ0,0.15,0.15hrs
16/07/2026 15:52:17,buy,0.01,AUDNZD,1.19693,16/07/2026 16:03:31,1.19712,-0.05,0.00,1.90,0.06,0.06,1.90,-0.24,-3.30,1,Dragon Wave_CZ0,0.19,0.19hrs
16/07/2026 15:51:40,buy,0.01,CADJPY,115.71700,16/07/2026 16:03:28,115.72700,-0.05,0.00,1.00,0.01,0.01,1.00,-0.23,-2.90,1,Dragon Wave_CZ0,0.20,0.20hrs
16/07/2026 15:57:37,buy,0.02,CADJPY,115.68700,16/07/2026 16:03:27,115.73300,-0.10,0.00,4.60,0.46,0.46,4.60,-0.09,0.00,1,Dragon Wave_CZ1,0.10,0.10hrs
16/07/2026 16:00:50,buy,0.01,NZDCHF,0.47240,16/07/2026 16:03:20,0.47246,-0.05,0.00,0.60,0.03,0.03,0.60,-0.01,0.00,1,Dragon Wave_AZ0,0.04,0.04hrs
16/07/2026 15:53:56,buy,0.01,AUDJPY,113.57500,16/07/2026 16:02:46,113.59000,-0.05,0.00,1.50,0.04,0.04,1.50,-0.16,-1.80,1,Dragon Wave_CZ0,0.15,0.15hrs
16/07/2026 15:56:09,buy,0.01,GBPJPY,219.07100,16/07/2026 16:01:51,219.08500,-0.05,0.00,1.40,0.04,0.04,1.40,-0.11,-0.90,1,Dragon Wave_CZ0,0.10,0.10hrs
16/07/2026 15:51:57,buy,0.01,AUDJPY,113.58200,16/07/2026 16:00:48,113.58100,-0.05,0.00,-0.10,-0.06,0.00,0.00,-0.20,-2.50,1,Dragon Wave_BZ0,0.15,0.15hrs
16/07/2026 15:54:45,buy,0.02,AUDJPY,113.56900,16/07/2026 16:00:47,113.58300,-0.10,0.00,1.40,0.07,0.07,1.40,-0.25,-1.20,1,Dragon Wave_BZ1,0.10,0.10hrs
16/07/2026 15:59:38,buy,0.01,XAUUSD,3992.53000,16/07/2026 16:00:35,3993.86000,-0.14,0.00,13.30,1.19,1.19,13.30,0.00,0.00,1,Dragon Wave_AZ0,0.02,0.02hrs
16/07/2026 15:54:39,buy,0.02,AUDJPY,113.57200,16/07/2026 16:00:27,113.58800,-0.10,0.00,1.60,0.10,0.10,1.60,-0.29,-1.50,1,Dragon Wave_AZ1,0.10,0.10hrs
16/07/2026 15:51:20,buy,0.01,AUDJPY,113.59700,16/07/2026 16:00:27,113.58800,-0.05,0.00,-0.90,-0.11,0.00,0.00,-0.30,-4.00,1,Dragon Wave_AZ0,0.15,0.15hrs
16/07/2026 15:57:41,buy,0.02,GBPJPY,219.06700,16/07/2026 16:00:24,219.07500,-0.10,0.00,0.00,0.00,0.00,0.00,-0.16,-0.50,1,Dragon Wave_BZ1,0.05,0.05hrs
16/07/2026 15:51:33,buy,0.01,GBPJPY,219.10600,16/07/2026 16:00:24,219.07600,-0.05,0.00,-3.00,-0.23,0.00,0.00,-0.33,-4.50,1,Dragon Wave_BZ0,0.15,0.15hrs
16/07/2026 15:56:17,buy,0.01,AUDUSD,0.69972,16/07/2026 16:00:19,0.69986,-0.05,0.00,1.40,0.09,0.09,1.40,-0.05,0.00,1,Dragon Wave_CZ0,0.07,0.07hrs
16/07/2026 15:55:36,buy,0.01,XAUUSD,3993.42000,16/07/2026 15:58:53,3994.22000,-0.14,0.00,8.00,0.66,0.66,8.00,-2.22,-20.80,1,Dragon Wave_AZ0,0.05,0.05hrs
16/07/2026 15:54:48,buy,0.01,XAGUSD,56.04200,16/07/2026 15:58:50,55.98800,-0.10,0.00,-540.00,-2.80,0.00,0.00,-5.50,-1080.00,1,Dragon Wave_BZ0,0.07,0.07hrs
16/07/2026 15:57:36,buy,0.02,XAGUSD,55.94700,16/07/2026 15:58:49,55.98800,-0.20,0.00,410.00,3.90,3.90,410.00,-1.20,-100.00,1,Dragon Wave_BZ1,0.02,0.02hrs
16/07/2026 15:50:57,buy,0.01,CADCHF,0.57596,16/07/2026 15:55:34,0.57602,-0.05,0.00,0.60,0.02,0.02,0.60,0.00,0.00,1,Dragon Wave_AZ0,0.08,0.08hrs
16/07/2026 15:54:08,buy,0.02,CADCHF,0.57592,16/07/2026 15:55:33,0.57601,-0.10,0.00,0.90,0.12,0.12,0.90,0.00,0.00,1,Dragon Wave_AZ1,0.02,0.02hrs
16/07/2026 15:41:36,buy,0.03,USDCAD,1.40220,16/07/2026 15:54:28,1.40279,-0.15,0.00,5.90,1.11,1.11,5.90,-0.36,-1.00,1,Dragon Wave_BZ2,0.21,0.21hrs
16/07/2026 15:02:43,buy,0.02,USDCAD,1.40277,16/07/2026 15:54:28,1.40279,-0.10,0.00,0.20,-0.07,0.00,0.20,-1.06,-6.70,1,Dragon Wave_BZ1,0.86,0.86hrs
16/07/2026 15:00:53,buy,0.01,USDCAD,1.40310,16/07/2026 15:54:28,1.40275,-0.05,0.00,-3.50,-0.30,0.00,0.00,-0.76,-10.00,1,Dragon Wave_BZ0,0.89,0.89hrs
16/07/2026 15:52:23,buy,0.01,GBPNZD,2.30877,16/07/2026 15:54:18,2.30894,-0.05,0.00,1.70,0.05,0.05,1.70,0.00,0.00,1,Dragon Wave_BZ0,0.03,0.03hrs
16/07/2026 15:51:46,buy,0.01,NZDCHF,0.47230,16/07/2026 15:52:37,0.47240,-0.05,0.00,1.00,0.07,0.07,1.00,0.00,0.00,1,Dragon Wave_AZ0,0.01,0.01hrs
16/07/2026 15:48:04,buy,0.01,XAUUSD,4000.21000,16/07/2026 15:52:29,4000.92000,-0.14,0.00,7.10,0.57,0.57,7.10,-3.25,-31.10,1,Dragon Wave_AZ0,0.07,0.07hrs
16/07/2026 15:43:29,buy,0.03,USDCAD,1.40216,16/07/2026 15:51:26,1.40249,-0.15,0.00,3.30,0.56,0.56,3.30,0.00,0.00,1,Dragon Wave_CZ2,0.13,0.13hrs
16/07/2026 15:18:08,buy,0.02,USDCAD,1.40236,16/07/2026 15:51:26,1.40250,-0.10,0.00,1.40,0.10,0.10,1.40,-0.47,-2.60,1,Dragon Wave_CZ1,0.56,0.56hrs
16/07/2026 15:01:13,buy,0.01,USDCAD,1.40285,16/07/2026 15:51:26,1.40251,-0.05,0.00,-3.40,-0.29,0.00,0.00,-0.58,-7.50,1,Dragon Wave_CZ0,0.84,0.84hrs
16/07/2026 15:50:08,buy,0.01,AUDJPY,113.59000,16/07/2026 15:50:48,113.60400,-0.05,0.00,1.40,0.04,0.04,1.40,-0.04,0.00,1,Dragon Wave_AZ0,0.01,0.01hrs
16/07/2026 15:34:28,buy,0.02,NZDCHF,0.47227,16/07/2026 15:49:04,0.47232,-0.10,0.00,0.50,0.02,0.02,0.50,-0.17,-0.30,1,Dragon Wave_AZ1,0.24,0.24hrs
16/07/2026 15:31:39,buy,0.01,NZDCHF,0.47237,16/07/2026 15:49:04,0.47232,-0.05,0.00,-0.50,-0.11,0.00,0.30,-0.21,-1.30,1,Dragon Wave_AZ0,0.29,0.29hrs
16/07/2026 15:44:21,buy,0.01,AUDUSD,0.70001,16/07/2026 15:48:31,0.70010,-0.05,0.00,0.90,0.04,0.04,0.90,0.00,0.00,1,Dragon Wave_BZ0,0.07,0.07hrs
16/07/2026 15:44:33,buy,0.01,NZDUSD,0.58465,16/07/2026 15:48:09,0.58478,-0.05,0.00,1.30,0.08,0.08,1.30,0.00,0.00,1,Dragon Wave_BZ0,0.06,0.06hrs
16/07/2026 15:45:05,buy,0.01,AUDJPY,113.59500,16/07/2026 15:47:56,113.60800,-0.05,0.00,1.30,0.03,0.03,1.30,0.00,0.00,1,Dragon Wave_CZ0,0.05,0.05hrs
16/07/2026 15:44:23,buy,0.01,EURUSD,1.14528,16/07/2026 15:47:19,1.14534,-0.05,0.00,0.60,0.01,0.01,0.60,0.00,0.00,1,Dragon Wave_AZ0,0.05,0.05hrs
16/07/2026 15:45:25,buy,0.01,GBPUSD,1.35026,16/07/2026 15:47:10,1.35032,-0.05,0.00,0.60,0.01,0.01,0.60,0.00,0.00,1,Dragon Wave_AZ0,0.03,0.03hrs
16/07/2026 15:44:18,buy,0.01,CHFJPY,200.87200,16/07/2026 15:46:12,200.90000,-0.05,0.00,2.80,0.12,0.12,2.80,0.00,0.00,1,Dragon Wave_AZ0,0.03,0.03hrs
16/07/2026 15:44:08,buy,0.01,GBPUSD,1.35026,16/07/2026 15:45:01,1.35038,-0.05,0.00,1.20,0.07,0.07,1.20,0.00,0.00,1,Dragon Wave_AZ0,0.01,0.01hrs
16/07/2026 15:34:02,buy,0.01,EURJPY,185.88500,16/07/2026 15:41:25,185.90200,-0.05,0.00,1.70,0.06,0.06,1.70,-0.24,-3.10,1,Dragon Wave_AZ0,0.12,0.12hrs
16/07/2026 15:38:00,buy,0.02,NZDCHF,0.47220,16/07/2026 15:40:20,0.47230,-0.10,0.00,1.00,0.15,0.15,1.00,0.00,0.00,1,Dragon Wave_CZ1,0.04,0.04hrs
16/07/2026 15:33:00,buy,0.01,NZDCHF,0.47229,16/07/2026 15:40:20,0.47230,-0.05,0.00,0.10,-0.04,0.00,0.10,-0.11,-0.50,1,Dragon Wave_CZ0,0.12,0.12hrs
16/07/2026 15:25:44,buy,0.01,GBPUSD,1.35034,16/07/2026 15:39:57,1.35049,-0.05,0.00,1.50,0.10,0.18,2.30,-0.28,-2.30,1,Dragon Wave_CZ0,0.24,0.24hrs
16/07/2026 15:37:30,buy,0.01,NZDJPY,94.87500,16/07/2026 15:39:27,94.90100,-0.05,0.00,2.60,0.11,0.11,2.60,0.00,0.00,1,Dragon Wave_CZ0,0.03,0.03hrs
16/07/2026 15:34:37,buy,0.01,AUDJPY,113.61200,16/07/2026 15:39:16,113.62300,-0.05,0.00,1.10,0.02,0.02,1.10,-0.16,-1.80,1,Dragon Wave_BZ0,0.08,0.08hrs
16/07/2026 15:38:05,buy,0.01,XAUUSD,4016.04000,16/07/2026 15:39:01,4018.94000,-0.14,0.00,29.00,2.76,2.76,29.00,0.00,0.00,1,Dragon Wave_AZ0,0.02,0.02hrs
16/07/2026 15:37:43,buy,0.02,NZDUSD,0.58479,16/07/2026 15:38:55,0.58496,-0.10,0.00,1.70,0.24,0.24,1.70,-0.06,0.00,1,Dragon Wave_BZ1,0.02,0.02hrs
16/07/2026 15:33:55,buy,0.01,NZDUSD,0.58507,16/07/2026 15:38:55,0.58496,-0.05,0.00,-1.10,-0.16,0.00,0.00,-0.31,-2.60,1,Dragon Wave_BZ0,0.08,0.08hrs
16/07/2026 15:38:04,buy,0.01,AUDUSD,0.70010,16/07/2026 15:38:46,0.70026,-0.05,0.00,1.60,0.11,0.11,1.60,-0.05,0.00,1,Dragon Wave_CZ0,0.01,0.01hrs
16/07/2026 15:37:29,buy,0.01,AUDJPY,113.58500,16/07/2026 15:38:46,113.61300,-0.05,0.00,2.80,0.12,0.12,2.80,0.00,0.00,1,Dragon Wave_CZ0,0.02,0.02hrs
16/07/2026 15:37:27,buy,0.01,GBPUSD,1.35007,16/07/2026 15:38:46,1.35043,-0.05,0.00,3.60,0.31,0.31,3.60,-0.01,0.00,1,Dragon Wave_AZ0,0.02,0.02hrs
16/07/2026 15:37:33,buy,0.01,AUDUSD,0.70005,16/07/2026 15:38:40,0.70022,-0.05,0.00,1.70,0.12,0.12,1.70,0.00,0.00,1,Dragon Wave_BZ0,0.02,0.02hrs
16/07/2026 15:37:31,buy,0.01,EURUSD,1.14524,16/07/2026 15:38:37,1.14562,-0.05,0.00,3.80,0.33,0.33,3.80,0.00,0.00,1,Dragon Wave_AZ0,0.02,0.02hrs
16/07/2026 15:34:03,buy,0.01,NZDJPY,94.89900,16/07/2026 15:36:43,94.91200,-0.05,0.00,1.30,0.04,0.04,1.30,0.00,0.00,1,Dragon Wave_BZ0,0.04,0.04hrs
16/07/2026 15:24:39,buy,0.01,GBPJPY,219.05900,16/07/2026 15:36:16,219.05800,-0.05,0.00,-0.10,-0.06,0.00,0.00,-0.29,-3.90,1,Dragon Wave_CZ0,0.19,0.19hrs
16/07/2026 15:34:20,buy,0.02,GBPUSD,1.35015,16/07/2026 15:35:34,1.35040,-0.10,0.00,2.50,0.40,0.40,2.50,0.00,0.00,1,Dragon Wave_BZ1,0.02,0.02hrs
16/07/2026 15:32:21,buy,0.01,GBPUSD,1.35040,16/07/2026 15:35:34,1.35037,-0.05,0.00,-0.30,-0.08,0.00,0.00,-0.08,-0.30,1,Dragon Wave_BZ0,0.05,0.05hrs
16/07/2026 15:24:02,buy,0.01,GBPJPY,219.08200,16/07/2026 15:35:15,219.05300,-0.05,0.00,-2.90,-0.22,0.00,0.00,-0.43,-6.20,1,Dragon Wave_BZ0,0.19,0.19hrs
16/07/2026 15:34:07,buy,0.03,GBPJPY,219.00600,16/07/2026 15:35:14,219.04500,-0.15,0.00,3.90,0.57,0.57,3.90,0.00,0.00,1,Dragon Wave_BZ2,0.02,0.02hrs
16/07/2026 15:32:45,buy,0.02,GBPJPY,219.05300,16/07/2026 15:35:14,219.04600,-0.10,0.00,-0.70,-0.19,0.00,0.00,-0.19,-0.70,1,Dragon Wave_BZ1,0.04,0.04hrs
16/07/2026 15:34:17,buy,0.02,GBPUSD,1.35009,16/07/2026 15:35:08,1.35033,-0.10,0.00,2.40,0.38,0.38,2.40,0.00,0.00,1,Dragon Wave_AZ1,0.01,0.01hrs
16/07/2026 15:24:33,buy,0.01,GBPUSD,1.35052,16/07/2026 15:35:08,1.35033,-0.05,0.00,-1.90,-0.24,0.00,0.00,-0.24,-1.90,1,Dragon Wave_AZ0,0.18,0.18hrs
16/07/2026 15:33:57,buy,0.01,GBPJPY,219.00900,16/07/2026 15:34:40,219.04000,-0.05,0.00,3.10,0.14,0.14,3.10,0.00,0.00,1,Dragon Wave_AZ0,0.01,0.01hrs
16/07/2026 15:32:45,buy,0.01,XAUUSD,4023.14000,16/07/2026 15:33:34,4023.46000,-0.14,0.00,3.20,0.18,0.18,3.20,0.00,0.00,1,Dragon Wave_AZ0,0.01,0.01hrs
16/07/2026 15:30:32,buy,0.01,CADCHF,0.57546,16/07/2026 15:31:41,0.57550,-0.05,0.00,0.00,0.00,0.00,0.00,0.00,0.00,1,Dragon Wave_BZ0,0.02,0.02hrs
16/07/2026 15:25:31,buy,0.02,CHFJPY,200.97800,16/07/2026 15:31:40,201.01900,-0.10,0.00,4.10,0.40,0.40,4.10,0.00,0.00,1,Dragon Wave_BZ1,0.10,0.10hrs
16/07/2026 15:11:38,buy,0.01,CHFJPY,201.07000,16/07/2026 15:31:40,201.01900,-0.05,0.00,-5.10,-0.37,0.00,0.00,-0.49,-7.20,1,Dragon Wave_BZ0,0.33,0.33hrs
16/07/2026 15:25:17,buy,0.01,AUDCAD,0.98220,16/07/2026 15:31:16,0.98233,-0.05,0.00,1.30,0.04,0.04,1.30,-0.04,0.00,1,Dragon Wave_CZ0,0.10,0.10hrs
16/07/2026 15:25:28,buy,0.01,AUDJPY,113.60400,16/07/2026 15:30:53,113.63700,-0.05,0.00,3.30,0.15,0.15,3.30,0.00,0.00,1,Dragon Wave_CZ0,0.09,0.09hrs
16/07/2026 15:29:09,buy,0.02,AUDJPY,113.61800,16/07/2026 15:30:33,113.63700,-0.10,0.00,1.90,0.14,0.14,1.90,-0.12,-0.20,1,Dragon Wave_BZ1,0.02,0.02hrs
16/07/2026 15:25:13,buy,0.01,AUDJPY,113.62500,16/07/2026 15:30:33,113.63700,-0.05,0.00,1.20,0.02,0.02,1.20,-0.11,-0.90,1,Dragon Wave_BZ0,0.09,0.09hrs
16/07/2026 15:25:38,buy,0.01,XAGUSD,56.30700,16/07/2026 15:29:33,56.43900,-0.10,0.00,1320.00,6.50,6.50,1320.00,0.00,0.00,1,Dragon Wave_CZ0,0.07,0.07hrs
16/07/2026 15:25:08,buy,0.02,XAGUSD,56.35400,16/07/2026 15:28:56,56.42800,-0.20,0.00,740.00,7.20,7.20,740.00,0.00,0.00,1,Dragon Wave_AZ1,0.06,0.06hrs
16/07/2026 15:23:40,buy,0.01,XAGUSD,56.46800,16/07/2026 15:28:56,56.42800,-0.10,0.00,-400.00,-2.10,0.00,0.00,-3.55,-690.00,1,Dragon Wave_AZ0,0.09,0.09hrs
16/07/2026 15:25:57,buy,0.01,NZDJPY,94.93200,16/07/2026 15:28:01,94.94200,-0.05,0.00,1.00,0.01,0.01,1.00,0.00,0.00,1,Dragon Wave_BZ0,0.03,0.03hrs
16/07/2026 15:25:53,buy,0.01,CHFJPY,200.97900,16/07/2026 15:27:59,201.00200,-0.05,0.00,2.30,0.09,0.09,2.30,0.00,0.00,1,Dragon Wave_CZ0,0.04,0.04hrs
16/07/2026 15:24:50,buy,0.01,GBPCAD,1.89364,16/07/2026 15:27:58,1.89373,-0.05,0.00,0.90,0.02,0.02,0.90,0.00,0.00,1,Dragon Wave_AZ0,0.05,0.05hrs
16/07/2026 15:13:56,buy,0.02,EURGBP,0.84866,16/07/2026 15:27:34,0.84881,-0.10,0.00,1.50,0.30,0.30,1.50,-0.40,-1.10,1,Dragon Wave_CZ1,0.23,0.23hrs
16/07/2026 15:04:55,buy,0.01,EURGBP,0.84890,16/07/2026 15:27:34,0.84881,-0.05,0.00,-0.90,-0.17,0.00,0.00,-0.52,-3.50,1,Dragon Wave_CZ0,0.38,0.38hrs
16/07/2026 15:26:08,buy,0.01,NZDCAD,0.82072,16/07/2026 15:27:28,0.82085,-0.05,0.00,1.30,0.04,0.04,1.30,0.00,0.00,1,Dragon Wave_BZ0,0.02,0.02hrs
16/07/2026 15:25:30,buy,0.01,GBPUSD,1.35034,16/07/2026 15:27:15,1.35059,-0.05,0.00,2.50,0.20,0.20,2.50,0.00,0.00,1,Dragon Wave_BZ0,0.03,0.03hrs
16/07/2026 15:25:16,buy,0.01,XAUUSD,4019.61000,16/07/2026 15:27:08,4023.48000,-0.14,0.00,38.70,3.73,3.73,38.70,0.00,0.00,1,Dragon Wave_AZ0,0.03,0.03hrs
16/07/2026 15:25:21,buy,0.01,AUDUSD,0.70040,16/07/2026 15:26:47,0.70055,-0.05,0.00,1.50,0.10,0.10,1.50,0.00,0.00,1,Dragon Wave_CZ0,0.02,0.02hrs
16/07/2026 15:18:11,buy,0.01,EURAUD,1.63611,16/07/2026 15:21:30,1.63615,-0.05,0.00,0.40,-0.02,0.00,0.40,-0.15,-1.40,1,Dragon Wave_CZ0,0.06,0.06hrs
16/07/2026 15:12:59,buy,0.01,AUDUSD,0.70064,16/07/2026 15:21:19,0.70074,-0.05,0.00,1.00,0.05,0.05,1.00,-0.10,-0.50,1,Dragon Wave_BZ0,0.14,0.14hrs
16/07/2026 15:15:41,buy,0.01,CADJPY,115.65800,16/07/2026 15:20:45,115.66600,-0.05,0.00,0.00,0.00,0.05,1.60,0.00,0.00,1,Dragon Wave_AZ0,0.08,0.08hrs
16/07/2026 15:14:22,buy,0.01,NZDJPY,94.93100,16/07/2026 15:20:38,94.94300,-0.05,0.00,1.20,0.02,0.02,1.20,-0.09,-0.60,1,Dragon Wave_CZ0,0.10,0.10hrs
16/07/2026 15:17:25,buy,0.03,NZDCAD,0.82055,16/07/2026 15:20:25,0.82089,-0.15,0.00,3.40,0.57,0.57,3.40,0.00,0.00,1,Dragon Wave_CZ2,0.05,0.05hrs
16/07/2026 15:11:05,buy,0.02,NZDCAD,0.82094,16/07/2026 15:20:25,0.82089,-0.10,0.00,-0.50,-0.17,0.00,0.00,-0.53,-3.00,1,Dragon Wave_CZ1,0.16,0.16hrs
16/07/2026 15:08:03,buy,0.01,NZDCAD,0.82122,16/07/2026 15:20:25,0.82088,-0.05,0.00,-3.40,-0.29,0.00,0.00,-0.46,-5.80,1,Dragon Wave_CZ0,0.21,0.21hrs
16/07/2026 15:17:36,buy,0.03,XAUUSD,4021.26000,16/07/2026 15:20:03,4027.11000,-0.43,0.00,58.50,17.12,17.12,58.50,0.00,0.00,1,Dragon Wave_AZ2,0.04,0.04hrs
16/07/2026 15:10:22,buy,0.02,XAUUSD,4031.74000,16/07/2026 15:20:03,4026.84000,-0.29,0.00,-49.00,-10.09,0.00,0.00,-15.25,-74.80,1,Dragon Wave_AZ1,0.16,0.16hrs
16/07/2026 15:06:30,buy,0.01,XAUUSD,4036.16000,16/07/2026 15:20:03,4026.65000,-0.15,0.00,-95.10,-9.66,0.00,0.00,-12.05,-119.00,1,Dragon Wave_AZ0,0.23,0.23hrs
16/07/2026 15:12:54,buy,0.01,AUDJPY,113.63700,16/07/2026 15:19:15,113.64600,-0.05,0.00,0.00,0.00,0.00,0.00,-0.08,-0.40,1,Dragon Wave_CZ0,0.11,0.11hrs
16/07/2026 15:18:10,buy,0.02,XAUUSD,4024.39000,16/07/2026 15:19:07,4027.16000,-0.29,0.00,27.70,5.25,5.25,27.70,-0.55,-1.30,1,Dragon Wave_BZ1,0.02,0.02hrs
16/07/2026 15:15:37,buy,0.01,XAUUSD,4028.50000,16/07/2026 15:19:07,4027.06000,-0.15,0.00,-14.40,-1.59,0.00,0.00,-4.39,-42.40,1,Dragon Wave_BZ0,0.06,0.06hrs
16/07/2026 15:10:55,buy,0.02,NZDCAD,0.82096,16/07/2026 15:19:05,0.82083,-0.10,0.00,-1.30,-0.29,0.00,0.00,-0.56,-3.20,1,Dragon Wave_BZ1,0.14,0.14hrs
16/07/2026 15:09:21,buy,0.01,NZDCAD,0.82111,16/07/2026 15:19:05,0.82083,-0.05,0.00,-2.80,-0.25,0.00,0.00,-0.39,-4.70,1,Dragon Wave_BZ0,0.16,0.16hrs
16/07/2026 15:16:47,buy,0.03,NZDCAD,0.82049,16/07/2026 15:19:04,0.82083,-0.15,0.00,3.40,0.58,0.58,3.40,0.00,0.00,1,Dragon Wave_BZ2,0.04,0.04hrs
16/07/2026 15:13:52,buy,0.01,AUDUSD,0.70054,16/07/2026 15:18:50,0.70073,-0.05,0.00,1.90,0.14,0.14,1.90,0.00,0.00,1,Dragon Wave_CZ0,0.08,0.08hrs
16/07/2026 15:17:24,buy,0.03,XAGUSD,56.33700,16/07/2026 15:18:46,56.50800,-0.30,0.00,1710.00,25.35,25.35,1710.00,0.00,0.00,1,Dragon Wave_CZ2,0.02,0.02hrs
16/07/2026 15:11:31,buy,0.02,XAGUSD,56.60800,16/07/2026 15:18:46,56.50800,-0.20,0.00,-1000.00,-10.20,0.00,0.00,-14.40,-1420.00,1,Dragon Wave_CZ1,0.12,0.12hrs
16/07/2026 15:06:44,buy,0.01,XAGUSD,56.69700,16/07/2026 15:18:46,56.51500,-0.10,0.00,-1820.00,-9.20,0.85,190.00,-11.65,-2310.00,1,Dragon Wave_CZ0,0.20,0.20hrs
16/07/2026 15:16:46,buy,0.02,AUDJPY,113.61700,16/07/2026 15:18:42,113.64900,-0.10,0.00,3.20,0.29,0.29,3.20,0.00,0.00,1,Dragon Wave_BZ1,0.03,0.03hrs
16/07/2026 15:11:44,buy,0.01,AUDJPY,113.64000,16/07/2026 15:18:42,113.64900,-0.05,0.00,0.90,0.01,0.01,0.90,-0.09,-0.70,1,Dragon Wave_BZ0,0.12,0.12hrs
16/07/2026 15:16:10,buy,0.01,XAUUSD,4022.00000,16/07/2026 15:18:39,4026.10000,-0.14,0.00,41.00,3.96,3.96,41.00,0.00,0.00,1,Dragon Wave_CZ0,0.04,0.04hrs
16/07/2026 15:15:53,buy,0.02,GBPUSD,1.35067,16/07/2026 15:18:23,1.35090,-0.10,0.00,2.30,0.36,0.44,2.70,0.00,0.00,1,Dragon Wave_BZ1,0.04,0.04hrs
16/07/2026 15:10:46,buy,0.01,GBPUSD,1.35093,16/07/2026 15:18:23,1.35091,-0.05,0.00,-0.20,-0.07,0.00,0.30,-0.07,-0.20,1,Dragon Wave_BZ0,0.13,0.13hrs
16/07/2026 15:10:52,buy,0.01,XAGUSD,56.61700,16/07/2026 15:18:13,56.45800,-0.10,0.00,-1590.00,-8.05,0.00,0.00,-8.05,-1590.00,1,Dragon Wave_AZ0,0.12,0.12hrs
16/07/2026 15:16:54,buy,0.03,XAGUSD,56.30100,16/07/2026 15:18:12,56.45800,-0.30,0.00,1570.00,23.25,24.45,1650.00,0.00,0.00,1,Dragon Wave_AZ2,0.02,0.02hrs
16/07/2026 15:15:18,buy,0.02,XAGUSD,56.52400,16/07/2026 15:18:12,56.45800,-0.20,0.00,-660.00,-6.80,0.00,0.00,-6.80,-660.00,1,Dragon Wave_AZ1,0.05,0.05hrs
16/07/2026 15:14:23,buy,0.01,NZDCHF,0.47219,16/07/2026 15:18:06,0.47226,-0.05,0.00,0.70,0.04,0.04,0.70,0.00,0.00,1,Dragon Wave_BZ0,0.06,0.06hrs
16/07/2026 15:15:54,buy,0.01,XAGUSD,56.45400,16/07/2026 15:18:05,56.45800,-0.10,0.00,40.00,0.10,0.10,40.00,0.00,0.00,1,Dragon Wave_BZ0,0.04,0.04hrs
16/07/2026 15:15:16,buy,0.01,GBPUSD,1.35076,16/07/2026 15:18:02,1.35089,-0.05,0.00,1.30,0.08,0.08,1.30,0.00,0.00,1,Dragon Wave_AZ0,0.05,0.05hrs
16/07/2026 15:15:59,buy,0.01,NZDCHF,0.47215,16/07/2026 15:17:49,0.47223,-0.05,0.00,0.80,0.04,0.04,0.80,0.00,0.00,1,Dragon Wave_CZ0,0.03,0.03hrs
16/07/2026 15:11:11,buy,0.02,XAUUSD,4029.82000,16/07/2026 15:14:58,4032.51000,-0.29,0.00,26.90,5.09,5.09,26.90,-1.29,-5.00,1,Dragon Wave_CZ1,0.06,0.06hrs
16/07/2026 15:06:59,buy,0.01,XAUUSD,4034.43000,16/07/2026 15:14:58,4032.18000,-0.15,0.00,-22.50,-2.40,0.66,8.10,-5.26,-51.10,1,Dragon Wave_CZ0,0.13,0.13hrs
16/07/2026 13:27:51,buy,0.02,GBPAUD,1.92850,16/07/2026 15:13:04,1.92828,-0.10,0.00,-2.20,-0.41,0.00,0.00,-2.52,-17.30,1,Dragon Wave_BZ1,1.75,1.75hrs
16/07/2026 13:25:41,buy,0.01,GBPAUD,1.92873,16/07/2026 15:13:04,1.92828,-0.05,0.00,-4.50,-0.37,0.00,0.00,-1.42,-19.60,1,Dragon Wave_BZ0,1.79,1.79hrs
16/07/2026 14:07:22,buy,0.04,GBPAUD,1.92757,16/07/2026 15:13:03,1.92830,-0.20,0.00,7.30,1.84,2.07,8.10,-2.44,-8.00,1,Dragon Wave_BZ3,1.09,1.09hrs
16/07/2026 13:34:15,buy,0.03,GBPAUD,1.92848,16/07/2026 15:13:03,1.92828,-0.15,0.00,-2.00,-0.57,0.00,0.00,-3.74,-17.10,1,Dragon Wave_BZ2,1.65,1.65hrs
16/07/2026 15:08:15,buy,0.01,NZDCHF,0.47221,16/07/2026 15:09:49,0.47227,-0.05,0.00,0.60,0.03,0.03,0.60,0.00,0.00,1,Dragon Wave_AZ0,0.03,0.03hrs
16/07/2026 15:04:05,buy,0.02,USDCHF,0.80644,16/07/2026 15:09:38,0.80656,-0.10,0.00,1.20,0.20,0.20,1.20,-0.30,-0.80,1,Dragon Wave_AZ1,0.09,0.09hrs
16/07/2026 15:02:40,buy,0.01,USDCHF,0.80660,16/07/2026 15:09:38,0.80656,-0.05,0.00,-0.40,-0.10,0.00,0.00,-0.35,-2.40,1,Dragon Wave_AZ0,0.12,0.12hrs
16/07/2026 14:55:48,buy,0.01,USDJPY,162.16700,16/07/2026 15:08:02,162.18400,-0.05,0.00,1.70,0.05,0.05,1.70,-0.04,0.00,1,Dragon Wave_BZ0,0.20,0.20hrs
16/07/2026 14:57:31,buy,0.02,USDJPY,162.17000,16/07/2026 15:07:29,162.18200,-0.10,0.00,1.20,0.05,0.05,1.20,-0.11,-0.10,1,Dragon Wave_AZ1,0.17,0.17hrs
16/07/2026 14:55:17,buy,0.01,USDJPY,162.18600,16/07/2026 15:07:29,162.18200,-0.05,0.00,-0.40,-0.07,0.00,0.00,-0.16,-1.70,1,Dragon Wave_AZ0,0.20,0.20hrs
16/07/2026 15:01:44,buy,0.01,EURAUD,1.63616,16/07/2026 15:06:41,1.63622,-0.05,0.00,0.60,-0.01,0.13,2.50,-0.01,0.00,1,Dragon Wave_CZ0,0.08,0.08hrs
16/07/2026 15:06:16,buy,0.01,AUDCAD,0.98293,16/07/2026 15:06:37,0.98291,-0.05,0.00,-0.20,-0.07,0.00,0.00,-0.07,-0.20,1,Dragon Wave_BZ0,0.01,0.01hrs
16/07/2026 15:04:19,buy,0.01,EURUSD,1.14690,16/07/2026 15:06:34,1.14703,-0.05,0.00,1.30,0.08,0.08,1.30,0.00,0.00,1,Dragon Wave_AZ0,0.04,0.04hrs
16/07/2026 15:02:39,buy,0.01,GBPCAD,1.89446,16/07/2026 15:05:09,1.89471,-0.05,0.00,2.50,0.13,0.13,2.50,-0.09,-0.60,1,Dragon Wave_BZ0,0.04,0.04hrs
16/07/2026 15:03:24,buy,0.01,EURUSD,1.14686,16/07/2026 15:03:51,1.14695,-0.05,0.00,0.90,0.04,0.04,0.90,0.00,0.00,1,Dragon Wave_AZ0,0.01,0.01hrs
16/07/2026 15:00:57,buy,0.01,GBPAUD,1.92716,16/07/2026 15:03:08,1.92732,-0.05,0.00,1.60,0.06,0.06,1.60,-0.13,-1.20,1,Dragon Wave_AZ0,0.04,0.04hrs
16/07/2026 15:02:11,buy,0.01,EURUSD,1.14680,16/07/2026 15:02:53,1.14692,-0.05,0.00,1.20,0.07,0.07,1.20,0.00,0.00,1,Dragon Wave_AZ0,0.01,0.01hrs
16/07/2026 15:01:33,buy,0.01,XAUUSD,4037.11000,16/07/2026 15:02:31,4039.34000,-0.15,0.00,22.30,2.08,2.08,22.30,0.00,0.00,1,Dragon Wave_AZ0,0.02,0.02hrs
16/07/2026 10:04:12,buy,0.02,GBPJPY,219.48800,16/07/2026 15:01:38,219.04500,-0.10,0.00,-44.30,-5.56,0.00,0.00,-7.74,-61.90,1,Dragon Wave_AZ1,4.96,4.96hrs
16/07/2026 09:59:42,buy,0.01,GBPJPY,219.52200,16/07/2026 15:01:38,219.04500,-0.05,0.00,-47.70,-2.99,0.00,0.00,-4.08,-65.30,1,Dragon Wave_AZ0,5.03,5.03hrs
16/07/2026 12:10:11,buy,0.11,GBPJPY,219.18200,16/07/2026 15:01:37,219.04400,-0.55,0.00,-13.80,-9.91,0.00,0.00,-21.78,-31.30,1,Dragon Wave_AZ5,2.86,2.86hrs
16/07/2026 11:16:18,buy,0.07,GBPJPY,219.23900,16/07/2026 15:01:37,219.04400,-0.35,0.00,-19.50,-8.76,0.64,2.30,-16.32,-37.00,1,Dragon Wave_AZ4,3.76,3.76hrs
16/07/2026 10:10:03,buy,0.04,GBPJPY,219.34300,16/07/2026 15:01:37,219.04300,-0.20,0.00,-30.00,-7.60,0.52,2.90,-11.89,-47.40,1,Dragon Wave_AZ3,4.86,4.86hrs
16/07/2026 10:07:16,buy,0.03,GBPJPY,219.39600,16/07/2026 15:01:37,219.04500,-0.15,0.00,-35.10,-6.65,0.00,0.00,-9.90,-52.70,1,Dragon Wave_AZ2,4.91,4.91hrs
16/07/2026 14:09:31,buy,0.47,GBPJPY,218.88700,16/07/2026 15:01:36,219.04400,-2.35,0.00,15.70,43.16,43.16,15.70,-7.57,-1.80,1,Dragon Wave_AZ8,0.87,0.87hrs
16/07/2026 13:28:33,buy,0.29,GBPJPY,219.01800,16/07/2026 15:01:36,219.04300,-1.45,0.00,2.50,3.02,3.02,2.50,-28.10,-14.90,1,Dragon Wave_AZ7,1.55,1.55hrs
16/07/2026 12:31:08,buy,0.18,GBPJPY,219.06900,16/07/2026 15:01:36,219.04400,-0.90,0.00,-2.50,-3.67,0.65,1.40,-23.10,-20.00,1,Dragon Wave_AZ6,2.51,2.51hrs
16/07/2026 14:56:32,buy,0.01,NZDCHF,0.47220,16/07/2026 15:01:07,0.47229,-0.05,0.00,0.90,0.06,0.06,0.90,0.00,0.00,1,Dragon Wave_AZ0,0.08,0.08hrs
16/07/2026 14:56:43,buy,0.01,CADCHF,0.57497,16/07/2026 15:00:48,0.57501,-0.05,0.00,0.00,0.00,0.00,0.00,0.00,0.00,1,Dragon Wave_AZ0,0.07,0.07hrs
16/07/2026 14:57:17,buy,0.01,CADCHF,0.57489,16/07/2026 15:00:34,0.57496,-0.05,0.00,0.70,0.04,0.04,0.70,0.00,0.00,1,Dragon Wave_CZ0,0.05,0.05hrs
16/07/2026 14:57:14,buy,0.01,NZDCHF,0.47217,16/07/2026 15:00:05,0.47229,-0.05,0.00,1.20,0.10,0.10,1.20,0.00,0.00,1,Dragon Wave_BZ0,0.05,0.05hrs
16/07/2026 11:06:51,buy,0.03,GBPUSD,1.35254,16/07/2026 14:58:20,1.35054,-0.15,0.00,-20.00,-6.15,0.00,0.00,-9.57,-31.40,1,Dragon Wave_AZ2,3.86,3.86hrs
16/07/2026 11:03:41,buy,0.02,GBPUSD,1.35298,16/07/2026 14:58:20,1.35055,-0.10,0.00,-24.30,-4.96,0.00,0.00,-7.26,-35.80,1,Dragon Wave_AZ1,3.91,3.91hrs
16/07/2026 10:58:14,buy,0.01,GBPUSD,1.35338,16/07/2026 14:58:20,1.35055,-0.05,0.00,-28.30,-2.88,0.00,0.00,-4.03,-39.80,1,Dragon Wave_AZ0,4.00,4.00hrs
16/07/2026 12:30:22,buy,0.11,GBPUSD,1.35107,16/07/2026 14:58:19,1.35055,-0.55,0.00,-5.20,-6.27,0.00,0.00,-18.92,-16.70,1,Dragon Wave_AZ5,2.47,2.47hrs
16/07/2026 12:26:12,buy,0.07,GBPUSD,1.35148,16/07/2026 14:58:19,1.35056,-0.35,0.00,-9.20,-6.79,0.00,0.00,-14.91,-20.80,1,Dragon Wave_AZ4,2.54,2.54hrs
16/07/2026 12:08:17,buy,0.04,GBPUSD,1.35182,16/07/2026 14:58:19,1.35057,-0.20,0.00,-12.50,-5.20,0.00,0.00,-9.88,-24.20,1,Dragon Wave_AZ3,2.83,2.83hrs
16/07/2026 14:11:11,buy,0.47,GBPUSD,1.34991,16/07/2026 14:58:18,1.35053,-2.35,0.00,6.20,26.79,26.79,6.20,-26.32,-5.10,1,Dragon Wave_AZ8,0.79,0.79hrs
16/07/2026 14:00:22,buy,0.29,GBPUSD,1.35025,16/07/2026 14:58:18,1.35053,-1.45,0.00,2.80,6.67,6.67,2.80,-26.10,-8.50,1,Dragon Wave_AZ7,0.97,0.97hrs
16/07/2026 12:33:11,buy,0.18,GBPUSD,1.35063,16/07/2026 14:58:18,1.35053,-0.90,0.00,-1.00,-2.70,5.40,3.50,-23.04,-12.30,1,Dragon Wave_AZ6,2.42,2.42hrs
16/07/2026 10:04:37,buy,0.01,GBPJPY,219.44000,16/07/2026 14:58:08,219.03000,-0.05,0.00,-41.00,-2.57,0.00,0.00,-3.57,-57.10,1,Dragon Wave_BZ0,4.89,4.89hrs
16/07/2026 12:10:31,buy,0.04,GBPJPY,219.17000,16/07/2026 14:58:07,219.02900,-0.20,0.00,-14.10,-3.68,0.00,0.40,-7.62,-30.10,1,Dragon Wave_BZ3,2.79,2.79hrs
16/07/2026 11:05:35,buy,0.03,GBPJPY,219.26100,16/07/2026 14:58:07,219.02900,-0.15,0.00,-23.20,-4.44,0.39,2.90,-7.40,-39.20,1,Dragon Wave_BZ2,3.88,3.88hrs
16/07/2026 10:07:26,buy,0.02,GBPJPY,219.38700,16/07/2026 14:58:07,219.02900,-0.10,0.00,-35.80,-4.52,0.00,0.00,-6.49,-51.80,1,Dragon Wave_BZ1,4.84,4.84hrs
16/07/2026 14:06:37,buy,0.18,GBPJPY,218.86800,16/07/2026 14:58:06,219.02900,-0.90,0.00,16.10,16.97,16.97,16.10,-0.79,0.00,1,Dragon Wave_BZ6,0.86,0.86hrs
16/07/2026 13:29:23,buy,0.11,GBPJPY,218.99700,16/07/2026 14:58:06,219.02700,-0.55,0.00,3.00,1.49,2.50,4.50,-9.23,-12.80,1,Dragon Wave_BZ5,1.48,1.48hrs
16/07/2026 12:31:11,buy,0.07,GBPJPY,219.06300,16/07/2026 14:58:06,219.02900,-0.35,0.00,-3.40,-1.82,0.51,2.00,-8.72,-19.40,1,Dragon Wave_BZ4,2.45,2.45hrs
16/07/2026 14:07:08,buy,0.02,GBPCAD,1.89460,16/07/2026 14:57:54,1.89515,-0.10,0.00,5.50,0.68,0.68,5.50,-1.08,-6.90,1,Dragon Wave_BZ1,0.85,0.85hrs
16/07/2026 14:00:35,buy,0.01,GBPCAD,1.89511,16/07/2026 14:57:54,1.89515,-0.05,0.00,0.40,-0.02,0.00,0.40,-0.90,-12.00,1,Dragon Wave_BZ0,0.96,0.96hrs
16/07/2026 14:53:25,buy,0.02,EURNZD,1.95854,16/07/2026 14:57:33,1.95904,-0.10,0.00,5.00,0.48,0.48,5.00,-0.18,-0.70,1,Dragon Wave_CZ1,0.07,0.07hrs
16/07/2026 14:46:42,buy,0.01,EURNZD,1.95870,16/07/2026 14:57:33,1.95909,-0.05,0.00,3.90,0.18,0.37,7.20,-0.18,-2.30,1,Dragon Wave_CZ0,0.18,0.18hrs
16/07/2026 14:56:00,buy,0.01,USDCAD,1.40316,16/07/2026 14:57:22,1.40333,-0.05,0.00,1.70,0.07,0.07,1.70,0.00,0.00,1,Dragon Wave_BZ0,0.02,0.02hrs
16/07/2026 11:04:26,buy,0.02,GBPCAD,1.89987,16/07/2026 14:57:20,1.89496,-0.10,0.00,-49.10,-7.10,0.00,0.00,-8.59,-59.60,1,Dragon Wave_AZ1,3.88,3.88hrs
16/07/2026 10:58:10,buy,0.01,GBPCAD,1.90063,16/07/2026 14:57:20,1.89497,-0.05,0.00,-56.60,-4.08,0.00,0.00,-4.84,-67.20,1,Dragon Wave_AZ0,3.99,3.99hrs
16/07/2026 12:03:04,buy,0.04,GBPCAD,1.89829,16/07/2026 14:57:19,1.89493,-0.20,0.00,-33.60,-9.77,0.00,0.00,-12.68,-43.80,1,Dragon Wave_AZ3,2.90,2.90hrs
16/07/2026 11:14:03,buy,0.03,GBPCAD,1.89927,16/07/2026 14:57:19,1.89496,-0.15,0.00,-43.10,-9.37,0.00,0.30,-11.61,-53.60,1,Dragon Wave_AZ2,3.72,3.72hrs
16/07/2026 12:52:03,buy,0.18,GBPCAD,1.89677,16/07/2026 14:57:18,1.89506,-0.90,0.00,-17.10,-22.83,0.00,0.00,-37.58,-28.60,1,Dragon Wave_AZ6,2.09,2.09hrs
16/07/2026 12:30:16,buy,0.11,GBPCAD,1.89763,16/07/2026 14:57:18,1.89507,-0.55,0.00,-25.60,-20.62,0.00,0.00,-29.70,-37.20,1,Dragon Wave_AZ5,2.45,2.45hrs
16/07/2026 12:27:09,buy,0.07,GBPCAD,1.89786,16/07/2026 14:57:18,1.89503,-0.35,0.00,-28.30,-14.47,0.00,0.40,-20.05,-39.50,1,Dragon Wave_AZ4,2.50,2.50hrs
16/07/2026 13:25:18,buy,1.23,GBPCAD,1.89569,16/07/2026 14:57:17,1.89506,-6.15,0.00,-6.30,-61.37,0.00,0.00,-162.13,-17.80,1,Dragon Wave_AZ10,1.53,1.53hrs
16/07/2026 13:15:05,buy,0.76,GBPCAD,1.89601,16/07/2026 14:57:17,1.89506,-3.80,0.00,-9.50,-55.25,0.00,0.00,-117.50,-21.00,1,Dragon Wave_AZ9,1.70,1.70hrs
16/07/2026 13:00:05,buy,0.47,GBPCAD,1.89633,16/07/2026 14:57:17,1.89506,-2.35,0.00,-12.70,-44.88,0.00,0.00,-83.38,-24.20,1,Dragon Wave_AZ8,1.95,1.95hrs
16/07/2026 12:56:25,buy,0.29,GBPCAD,1.89658,16/07/2026 14:57:17,1.89506,-1.45,0.00,-15.20,-32.86,0.00,0.00,-56.61,-26.70,1,Dragon Wave_AZ7,2.01,2.01hrs
16/07/2026 14:29:35,buy,5.21,GBPCAD,1.89390,16/07/2026 14:57:16,1.89495,-26.05,0.00,10.50,363.77,363.77,10.50,-22.34,0.00,1,Dragon Wave_AZ13,0.46,0.46hrs
16/07/2026 14:06:44,buy,3.22,GBPCAD,1.89456,16/07/2026 14:57:16,1.89498,-16.10,0.00,4.20,80.27,80.27,4.20,-165.21,-6.50,1,Dragon Wave_AZ12,0.84,0.84hrs
16/07/2026 13:29:05,buy,1.99,GBPCAD,1.89540,16/07/2026 14:57:16,1.89498,-9.95,0.00,-4.20,-69.51,25.49,2.50,-221.19,-14.90,1,Dragon Wave_AZ11,1.47,1.47hrs
16/07/2026 14:50:00,buy,0.01,EURGBP,0.84910,16/07/2026 14:55:58,0.84919,-0.05,0.00,0.90,0.07,0.07,0.90,-0.12,-0.50,1,Dragon Wave_AZ0,0.10,0.10hrs
16/07/2026 14:50:51,buy,0.01,AUDNZD,1.19646,16/07/2026 14:54:53,1.19665,-0.05,0.00,1.90,0.06,0.06,1.90,0.00,0.00,1,Dragon Wave_CZ0,0.07,0.07hrs
16/07/2026 14:50:00,buy,0.01,XAGUSD,56.56400,16/07/2026 14:53:38,56.65700,-0.10,0.00,930.00,4.55,4.55,930.00,-5.00,-980.00,1,Dragon Wave_CZ0,0.06,0.06hrs
16/07/2026 14:51:13,buy,0.01,AUDCAD,0.98244,16/07/2026 14:53:15,0.98273,-0.05,0.00,2.90,0.15,0.15,2.90,0.00,0.00,1,Dragon Wave_CZ0,0.03,0.03hrs
16/07/2026 14:50:39,buy,0.01,AUDUSD,0.70000,16/07/2026 14:53:04,0.70031,-0.05,0.00,3.10,0.26,0.26,3.10,0.00,0.00,1,Dragon Wave_BZ0,0.04,0.04hrs
16/07/2026 14:51:03,buy,0.01,AUDCHF,0.56494,16/07/2026 14:52:48,0.56508,-0.05,0.00,1.40,0.13,0.13,1.40,0.00,0.00,1,Dragon Wave_CZ0,0.03,0.03hrs
16/07/2026 14:44:41,buy,0.02,CADCHF,0.57497,16/07/2026 14:52:45,0.57507,-0.10,0.00,1.00,0.15,0.32,1.70,-0.10,0.00,1,Dragon Wave_CZ1,0.13,0.13hrs
16/07/2026 14:41:30,buy,0.01,CADCHF,0.57510,16/07/2026 14:52:45,0.57507,-0.05,0.00,-0.30,-0.08,0.00,0.20,-0.21,-1.30,1,Dragon Wave_CZ0,0.19,0.19hrs
16/07/2026 14:50:34,buy,0.01,NZDUSD,0.58490,16/07/2026 14:52:33,0.58519,-0.05,0.00,2.90,0.24,0.24,2.90,0.00,0.00,1,Dragon Wave_BZ0,0.03,0.03hrs
16/07/2026 14:50:43,buy,0.01,AUDCAD,0.98249,16/07/2026 14:52:17,0.98270,-0.05,0.00,2.10,0.10,0.10,2.10,0.00,0.00,1,Dragon Wave_AZ0,0.03,0.03hrs
16/07/2026 14:23:58,buy,0.04,NZDCHF,0.47225,16/07/2026 14:52:14,0.47228,-0.20,0.00,0.30,-0.06,0.00,0.30,-1.19,-2.00,1,Dragon Wave_AZ3,0.47,0.47hrs
16/07/2026 14:21:13,buy,0.03,NZDCHF,0.47238,16/07/2026 14:52:14,0.47228,-0.15,0.00,-1.00,-0.52,0.00,0.00,-1.38,-3.30,1,Dragon Wave_AZ2,0.52,0.52hrs
16/07/2026 14:08:10,buy,0.02,NZDCHF,0.47245,16/07/2026 14:52:14,0.47228,-0.10,0.00,-1.70,-0.52,0.00,0.00,-1.09,-4.00,1,Dragon Wave_AZ1,0.73,0.73hrs
16/07/2026 14:02:15,buy,0.01,NZDCHF,0.47252,16/07/2026 14:52:14,0.47228,-0.05,0.00,-2.40,-0.35,0.00,0.00,-0.63,-4.70,1,Dragon Wave_AZ0,0.83,0.83hrs
16/07/2026 14:41:04,buy,0.07,NZDCHF,0.47205,16/07/2026 14:52:13,0.47226,-0.35,0.00,2.10,1.47,1.47,2.10,-0.35,0.00,1,Dragon Wave_AZ4,0.19,0.19hrs
16/07/2026 14:50:37,buy,0.01,EURJPY,185.91200,16/07/2026 14:51:48,185.92400,-0.05,0.00,1.20,0.03,0.03,1.20,0.00,0.00,1,Dragon Wave_BZ0,0.02,0.02hrs
16/07/2026 14:50:24,buy,0.01,NZDCAD,0.82090,16/07/2026 14:50:53,0.82111,-0.05,0.00,2.10,0.10,0.10,2.10,-0.15,-1.40,1,Dragon Wave_BZ0,0.01,0.01hrs
16/07/2026 14:46:45,buy,0.01,GBPNZD,2.30662,16/07/2026 14:50:51,2.30701,-0.05,0.00,3.90,0.18,0.60,11.10,-0.33,-4.70,1,Dragon Wave_CZ0,0.07,0.07hrs
16/07/2026 14:50:09,buy,0.02,CADJPY,115.56800,16/07/2026 14:50:44,115.58400,-0.10,0.00,1.60,0.10,0.10,1.60,0.00,0.00,1,Dragon Wave_AZ1,0.01,0.01hrs
16/07/2026 14:44:25,buy,0.01,CADJPY,115.58200,16/07/2026 14:50:44,115.58900,-0.05,0.00,0.00,0.00,0.00,0.00,-0.09,-0.70,1,Dragon Wave_AZ0,0.11,0.11hrs
16/07/2026 14:43:06,buy,0.02,CADCHF,0.57512,16/07/2026 14:50:36,0.57508,-0.10,0.00,-0.40,-0.20,0.00,0.20,-0.47,-1.50,1,Dragon Wave_BZ1,0.13,0.13hrs
16/07/2026 14:40:32,buy,0.01,CADCHF,0.57515,16/07/2026 14:50:36,0.57510,-0.05,0.00,-0.50,-0.11,0.00,0.00,-0.27,-1.80,1,Dragon Wave_BZ0,0.17,0.17hrs
16/07/2026 14:44:36,buy,0.03,CADCHF,0.57499,16/07/2026 14:50:35,0.57508,-0.15,0.00,0.90,0.18,0.41,1.50,-0.22,-0.20,1,Dragon Wave_BZ2,0.10,0.10hrs
16/07/2026 14:46:30,buy,0.01,GBPNZD,2.30667,16/07/2026 14:50:27,2.30779,-0.05,0.00,11.20,0.60,0.60,11.20,-0.35,-5.20,1,Dragon Wave_BZ0,0.07,0.07hrs
16/07/2026 14:48:39,buy,0.02,CADCHF,0.57492,16/07/2026 14:50:04,0.57504,-0.10,0.00,1.20,0.20,0.20,1.20,0.00,0.00,1,Dragon Wave_AZ1,0.02,0.02hrs
16/07/2026 14:47:28,buy,0.01,CADCHF,0.57497,16/07/2026 14:50:04,0.57504,-0.05,0.00,0.70,0.04,0.04,0.70,-0.05,0.00,1,Dragon Wave_AZ0,0.04,0.04hrs
16/07/2026 14:45:27,buy,0.01,GBPAUD,1.92717,16/07/2026 14:50:03,1.92762,-0.05,0.00,4.50,0.26,0.26,4.50,-0.33,-4.00,1,Dragon Wave_AZ0,0.08,0.08hrs
16/07/2026 14:44:45,buy,0.02,GBPCHF,1.08925,16/07/2026 14:50:03,1.08924,-0.10,0.00,-0.10,-0.13,0.00,0.00,-0.65,-2.20,1,Dragon Wave_CZ1,0.09,0.09hrs
16/07/2026 14:44:16,buy,0.01,USDJPY,162.16100,16/07/2026 14:50:03,162.18600,-0.05,0.00,2.50,0.10,0.10,2.50,-0.08,-0.40,1,Dragon Wave_CZ0,0.10,0.10hrs
16/07/2026 14:40:46,buy,0.01,GBPCHF,1.08941,16/07/2026 14:50:03,1.08928,-0.05,0.00,-1.30,-0.21,0.00,0.00,-0.52,-3.80,1,Dragon Wave_CZ0,0.15,0.15hrs
16/07/2026 14:48:25,buy,0.02,GBPNZD,2.30651,16/07/2026 14:50:00,2.30651,-0.10,0.00,0.00,-0.10,0.00,0.00,-0.10,0.00,1,Dragon Wave_AZ1,0.03,0.03hrs
16/07/2026 14:46:17,buy,0.01,GBPNZD,2.30699,16/07/2026 14:50:00,2.30649,-0.05,0.00,-5.00,-0.34,0.00,0.00,-0.54,-8.40,1,Dragon Wave_AZ0,0.06,0.06hrs
16/07/2026 14:44:10,buy,0.01,USDCHF,0.80674,16/07/2026 14:49:59,0.80707,-0.05,0.00,3.30,0.36,0.36,3.30,-0.11,-0.50,1,Dragon Wave_AZ0,0.10,0.10hrs
16/07/2026 14:45:39,buy,0.01,USDJPY,162.16000,16/07/2026 14:49:58,162.21600,-0.05,0.00,5.60,0.30,0.30,5.60,-0.07,-0.30,1,Dragon Wave_BZ0,0.07,0.07hrs
16/07/2026 14:22:21,buy,0.01,NZDCHF,0.47230,16/07/2026 14:49:44,0.47228,-0.05,0.00,-0.20,-0.08,0.00,0.00,-0.34,-2.30,1,Dragon Wave_CZ0,0.46,0.46hrs
16/07/2026 14:32:02,buy,0.02,NZDCHF,0.47217,16/07/2026 14:49:43,0.47228,-0.10,0.00,1.10,0.18,0.18,1.10,-0.35,-1.00,1,Dragon Wave_CZ1,0.29,0.29hrs
16/07/2026 14:08:41,buy,0.02,NZDCAD,0.82132,16/07/2026 14:47:29,0.82129,-0.10,0.00,-0.30,-0.14,0.00,0.50,-0.83,-5.10,1,Dragon Wave_CZ1,0.65,0.65hrs
16/07/2026 14:00:08,buy,0.01,NZDCAD,0.82143,16/07/2026 14:47:29,0.82129,-0.05,0.00,-1.40,-0.15,0.00,0.40,-0.49,-6.20,1,Dragon Wave_CZ0,0.79,0.79hrs
16/07/2026 14:29:49,buy,0.03,NZDCAD,0.82092,16/07/2026 14:47:28,0.82129,-0.15,0.00,3.70,0.64,0.64,3.70,-0.39,-1.10,1,Dragon Wave_CZ2,0.29,0.29hrs
16/07/2026 14:41:16,buy,0.03,NZDCHF,0.47203,16/07/2026 14:46:51,0.47221,-0.15,0.00,1.80,0.52,0.52,1.80,0.00,0.00,1,Dragon Wave_BZ2,0.09,0.09hrs
16/07/2026 14:24:18,buy,0.02,NZDCHF,0.47223,16/07/2026 14:46:51,0.47221,-0.10,0.00,-0.20,-0.15,0.00,0.00,-0.50,-1.60,1,Dragon Wave_BZ1,0.38,0.38hrs
16/07/2026 14:21:34,buy,0.01,NZDCHF,0.47232,16/07/2026 14:46:51,0.47221,-0.05,0.00,-1.10,-0.19,0.00,0.00,-0.36,-2.50,1,Dragon Wave_BZ0,0.42,0.42hrs
16/07/2026 12:28:45,buy,0.02,NZDCAD,0.82188,16/07/2026 14:46:48,0.82118,-0.10,0.00,-7.00,-1.10,0.00,0.00,-1.62,-10.70,1,Dragon Wave_BZ1,2.30,2.30hrs
16/07/2026 12:23:17,buy,0.01,NZDCAD,0.82195,16/07/2026 14:46:48,0.82118,-0.05,0.00,-7.70,-0.60,0.00,0.00,-0.86,-11.40,1,Dragon Wave_BZ0,2.39,2.39hrs
16/07/2026 14:27:38,buy,0.11,NZDCAD,0.82103,16/07/2026 14:46:47,0.82117,-0.55,0.00,1.40,0.55,0.55,1.40,-2.27,-2.20,1,Dragon Wave_BZ5,0.32,0.32hrs
16/07/2026 14:16:47,buy,0.07,NZDCAD,0.82122,16/07/2026 14:46:47,0.82117,-0.35,0.00,-0.50,-0.60,0.00,0.30,-2.40,-4.10,1,Dragon Wave_BZ4,0.50,0.50hrs
16/07/2026 12:38:22,buy,0.04,NZDCAD,0.82150,16/07/2026 14:46:47,0.82117,-0.20,0.00,-3.30,-1.14,0.20,1.40,-2.17,-6.90,1,Dragon Wave_BZ3,2.14,2.14hrs
16/07/2026 12:35:19,buy,0.03,NZDCAD,0.82169,16/07/2026 14:46:47,0.82118,-0.15,0.00,-5.10,-1.24,0.00,0.00,-2.03,-8.80,1,Dragon Wave_BZ2,2.19,2.19hrs
16/07/2026 14:32:35,buy,0.18,NZDCAD,0.82081,16/07/2026 14:46:46,0.82117,-0.90,0.00,3.60,3.71,3.71,3.60,-0.90,0.00,1,Dragon Wave_BZ6,0.24,0.24hrs
16/07/2026 14:32:24,buy,0.03,NZDCAD,0.82081,16/07/2026 14:44:32,0.82099,-0.15,0.00,1.80,0.24,0.24,1.80,-0.15,0.00,1,Dragon Wave_AZ2,0.20,0.20hrs
16/07/2026 14:29:14,buy,0.02,NZDCAD,0.82100,16/07/2026 14:44:32,0.82099,-0.10,0.00,-0.10,-0.11,0.00,0.00,-0.37,-1.90,1,Dragon Wave_AZ1,0.26,0.26hrs
16/07/2026 14:26:16,buy,0.01,NZDCAD,0.82109,16/07/2026 14:44:32,0.82099,-0.05,0.00,-1.00,-0.12,0.00,0.00,-0.25,-2.80,1,Dragon Wave_AZ0,0.30,0.30hrs
16/07/2026 14:29:40,buy,0.01,AUDCAD,0.98261,16/07/2026 14:43:58,0.98281,-0.05,0.00,2.00,0.09,0.09,2.00,-0.06,-0.20,1,Dragon Wave_BZ0,0.24,0.24hrs
16/07/2026 14:10:32,buy,0.02,GBPUSD,1.34996,16/07/2026 14:43:50,1.35024,-0.10,0.00,2.80,0.46,0.46,2.80,-0.66,-2.80,1,Dragon Wave_CZ1,0.56,0.56hrs
16/07/2026 13:58:58,buy,0.01,GBPUSD,1.35045,16/07/2026 14:43:50,1.35024,-0.05,0.00,-2.10,-0.26,0.00,0.00,-0.82,-7.70,1,Dragon Wave_CZ0,0.75,0.75hrs
16/07/2026 14:26:48,buy,0.01,AUDUSD,0.70033,16/07/2026 14:43:06,0.70039,-0.05,0.00,0.60,0.01,0.01,0.60,-0.13,-0.80,1,Dragon Wave_CZ0,0.27,0.27hrs
16/07/2026 14:37:35,buy,0.01,EURUSD,1.14620,16/07/2026 14:40:07,1.14639,-0.05,0.00,1.90,0.14,0.14,1.90,0.00,0.00,1,Dragon Wave_AZ0,0.04,0.04hrs
16/07/2026 12:17:26,buy,0.01,GBPUSD,1.35175,16/07/2026 14:39:57,1.35021,-0.05,0.00,-15.40,-1.59,0.00,0.20,-2.12,-20.70,1,Dragon Wave_BZ0,2.38,2.38hrs
16/07/2026 14:15:58,buy,0.07,GBPUSD,1.34982,16/07/2026 14:39:56,1.35022,-0.35,0.00,4.00,2.45,2.45,4.00,-1.33,-1.40,1,Dragon Wave_BZ4,0.40,0.40hrs
16/07/2026 13:29:02,buy,0.04,GBPUSD,1.35042,16/07/2026 14:39:56,1.35023,-0.20,0.00,-1.90,-0.96,0.72,2.30,-3.16,-7.40,1,Dragon Wave_BZ3,1.18,1.18hrs
16/07/2026 12:30:52,buy,0.03,GBPUSD,1.35113,16/07/2026 14:39:56,1.35023,-0.15,0.00,-9.00,-2.85,0.00,0.00,-4.50,-14.50,1,Dragon Wave_BZ2,2.15,2.15hrs
16/07/2026 12:26:22,buy,0.02,GBPUSD,1.35140,16/07/2026 14:39:56,1.35017,-0.10,0.00,-12.30,-2.56,0.00,0.10,-3.54,-17.20,1,Dragon Wave_BZ1,2.23,2.23hrs
16/07/2026 14:29:39,buy,0.11,GBPUSD,1.34951,16/07/2026 14:39:55,1.35022,-0.55,0.00,7.10,7.26,7.26,7.10,0.00,0.00,1,Dragon Wave_BZ5,0.17,0.17hrs
16/07/2026 14:39:11,buy,0.01,XAUUSD,4029.14000,16/07/2026 14:39:31,4030.29000,-0.15,0.00,11.50,1.00,1.00,11.50,0.00,0.00,1,Dragon Wave_AZ0,0.01,0.01hrs
16/07/2026 13:57:37,buy,0.03,EURJPY,185.88700,16/07/2026 14:35:42,185.90500,-0.15,0.00,1.80,0.19,0.19,1.80,-1.41,-6.80,1,Dragon Wave_CZ2,0.63,0.63hrs
16/07/2026 13:28:55,buy,0.02,EURJPY,185.94400,16/07/2026 14:35:42,185.90500,-0.10,0.00,-3.90,-0.58,0.00,0.50,-1.64,-12.50,1,Dragon Wave_CZ1,1.11,1.11hrs
16/07/2026 13:27:14,buy,0.01,EURJPY,185.96900,16/07/2026 14:35:42,185.90700,-0.05,0.00,-6.20,-0.44,0.00,0.00,-0.98,-15.00,1,Dragon Wave_CZ0,1.14,1.14hrs
16/07/2026 13:58:47,buy,0.04,EURJPY,185.83800,16/07/2026 14:35:41,185.90600,-0.20,0.00,6.80,1.48,1.48,6.80,-0.67,-1.90,1,Dragon Wave_CZ3,0.61,0.61hrs
16/07/2026 13:58:25,buy,0.02,GBPJPY,218.95800,16/07/2026 14:35:13,218.92900,-0.10,0.00,-2.90,-0.45,0.00,0.00,-1.20,-8.90,1,Dragon Wave_CZ1,0.61,0.61hrs
16/07/2026 13:57:39,buy,0.01,GBPJPY,218.98300,16/07/2026 14:35:13,218.92900,-0.05,0.00,-5.40,-0.38,0.00,0.00,-0.75,-11.40,1,Dragon Wave_CZ0,0.63,0.63hrs
16/07/2026 14:10:50,buy,0.03,GBPJPY,218.87300,16/07/2026 14:35:12,218.92900,-0.15,0.00,5.60,0.89,0.89,5.60,-0.22,-0.40,1,Dragon Wave_CZ2,0.41,0.41hrs
16/07/2026 14:29:48,buy,0.01,XAGUSD,56.52500,16/07/2026 14:32:31,56.55800,-0.10,0.00,330.00,1.55,1.55,330.00,0.00,0.00,1,Dragon Wave_BZ0,0.05,0.05hrs
16/07/2026 14:27:38,buy,0.01,EURUSD,1.14603,16/07/2026 14:32:02,1.14614,-0.05,0.00,1.10,0.06,0.06,1.10,-0.08,-0.30,1,Dragon Wave_BZ0,0.07,0.07hrs
16/07/2026 14:28:52,buy,0.02,EURJPY,185.86300,16/07/2026 14:31:47,185.87500,-0.10,0.00,1.20,0.05,0.05,1.20,0.00,0.00,1,Dragon Wave_AZ1,0.05,0.05hrs
16/07/2026 14:27:11,buy,0.01,EURJPY,185.87200,16/07/2026 14:31:47,185.87300,-0.05,0.00,0.10,-0.04,0.00,0.10,-0.13,-1.30,1,Dragon Wave_AZ0,0.08,0.08hrs
16/07/2026 14:27:05,buy,0.01,EURUSD,1.14613,16/07/2026 14:31:22,1.14611,-0.05,0.00,-0.20,-0.07,0.00,0.00,-0.18,-1.30,1,Dragon Wave_AZ0,0.07,0.07hrs
16/07/2026 14:28:19,buy,0.02,EURUSD,1.14598,16/07/2026 14:31:21,1.14611,-0.10,0.00,1.30,0.16,0.16,1.30,0.00,0.00,1,Dragon Wave_AZ1,0.05,0.05hrs
16/07/2026 13:30:35,buy,0.02,EURAUD,1.63713,16/07/2026 14:31:21,1.63680,-0.10,0.00,-3.30,-0.56,0.00,0.00,-1.59,-10.60,1,Dragon Wave_CZ1,1.01,1.01hrs
16/07/2026 13:03:43,buy,0.01,EURAUD,1.63772,16/07/2026 14:31:21,1.63680,-0.05,0.00,-9.20,-0.69,0.00,0.00,-1.21,-16.50,1,Dragon Wave_CZ0,1.46,1.46hrs
16/07/2026 14:06:32,buy,0.04,EURAUD,1.63610,16/07/2026 14:31:20,1.63678,-0.20,0.00,6.80,1.71,1.71,6.80,-0.28,-0.30,1,Dragon Wave_CZ3,0.41,0.41hrs
16/07/2026 13:58:02,buy,0.03,EURAUD,1.63652,16/07/2026 14:31:20,1.63680,-0.15,0.00,2.80,0.43,0.43,2.80,-1.10,-4.50,1,Dragon Wave_CZ2,0.56,0.56hrs
16/07/2026 14:27:05,buy,0.01,CADJPY,115.55600,16/07/2026 14:31:14,115.57300,-0.05,0.00,1.70,0.05,0.05,1.70,-0.05,0.00,1,Dragon Wave_CZ0,0.07,0.07hrs
16/07/2026 14:29:03,buy,0.01,EURUSD,1.14595,16/07/2026 14:30:56,1.14621,-0.05,0.00,2.60,0.21,0.21,2.60,0.00,0.00,1,Dragon Wave_CZ0,0.03,0.03hrs
16/07/2026 14:29:16,buy,0.01,EURJPY,185.85400,16/07/2026 14:30:32,185.89000,-0.05,0.00,3.60,0.17,0.17,3.60,0.00,0.00,1,Dragon Wave_BZ0,0.02,0.02hrs
16/07/2026 14:19:31,buy,0.02,GBPAUD,1.92716,16/07/2026 14:30:21,1.92762,-0.10,0.00,4.60,0.54,0.54,4.60,-0.16,-0.40,1,Dragon Wave_CZ1,0.18,0.18hrs
16/07/2026 14:06:00,buy,0.01,GBPAUD,1.92780,16/07/2026 14:30:21,1.92762,-0.05,0.00,-1.80,-0.18,0.00,0.00,-0.53,-6.80,1,Dragon Wave_CZ0,0.41,0.41hrs
16/07/2026 14:27:06,buy,0.01,AUDJPY,113.56200,16/07/2026 14:30:12,113.56900,-0.05,0.00,0.70,-0.01,0.00,0.70,-0.01,0.00,1,Dragon Wave_AZ0,0.05,0.05hrs
16/07/2026 14:18:23,buy,0.01,GBPAUD,1.92728,16/07/2026 14:29:42,1.92745,-0.05,0.00,1.70,0.06,0.06,1.70,-0.16,-1.60,1,Dragon Wave_AZ0,0.19,0.19hrs
16/07/2026 14:22:40,buy,0.01,CADCHF,0.57513,16/07/2026 14:29:02,0.57522,-0.05,0.00,0.90,0.06,0.06,0.90,-0.04,0.00,1,Dragon Wave_CZ0,0.11,0.11hrs
16/07/2026 14:21:43,buy,0.01,XAUUSD,4025.90000,16/07/2026 14:28:22,4026.86000,-0.14,0.00,9.60,0.82,0.82,9.60,-0.72,-5.80,1,Dragon Wave_BZ0,0.11,0.11hrs
16/07/2026 14:25:38,buy,0.02,XAUUSD,4024.41000,16/07/2026 14:28:21,4026.91000,-0.29,0.00,25.00,4.71,4.71,25.00,0.00,0.00,1,Dragon Wave_BZ1,0.05,0.05hrs
16/07/2026 14:25:28,buy,0.01,XAUUSD,4024.89000,16/07/2026 14:28:02,4026.31000,-0.14,0.00,14.20,1.28,1.28,14.20,0.00,0.00,1,Dragon Wave_AZ0,0.04,0.04hrs
16/07/2026 14:26:03,buy,0.01,XAUUSD,4023.14000,16/07/2026 14:27:46,4024.87000,-0.14,0.00,17.30,1.59,1.59,17.30,0.00,0.00,1,Dragon Wave_CZ0,0.03,0.03hrs
16/07/2026 14:24:21,buy,0.02,CADCHF,0.57509,16/07/2026 14:27:46,0.57517,-0.10,0.00,0.80,0.10,0.10,0.80,0.00,0.00,1,Dragon Wave_AZ1,0.06,0.06hrs
16/07/2026 14:21:47,buy,0.01,CADCHF,0.57516,16/07/2026 14:27:46,0.57517,-0.05,0.00,0.10,-0.04,0.00,0.10,-0.07,-0.20,1,Dragon Wave_AZ0,0.10,0.10hrs
16/07/2026 13:14:31,buy,0.01,USDCAD,1.40385,16/07/2026 14:27:26,1.40364,-0.05,0.00,-2.10,-0.20,0.00,0.00,-0.55,-7.00,1,Dragon Wave_BZ0,1.22,1.22hrs
16/07/2026 14:07:26,buy,0.03,USDCAD,1.40352,16/07/2026 14:27:25,1.40365,-0.15,0.00,1.30,0.13,0.13,1.30,-0.94,-3.70,1,Dragon Wave_BZ2,0.33,0.33hrs
16/07/2026 13:21:23,buy,0.02,USDCAD,1.40377,16/07/2026 14:27:25,1.40365,-0.10,0.00,-1.20,-0.27,0.00,0.00,-0.98,-6.20,1,Dragon Wave_BZ1,1.10,1.10hrs
16/07/2026 14:18:42,buy,0.04,USDCAD,1.40322,16/07/2026 14:27:24,1.40365,-0.20,0.00,4.30,1.03,1.03,4.30,-0.40,-0.70,1,Dragon Wave_BZ3,0.14,0.14hrs
16/07/2026 13:25:20,buy,0.01,EURAUD,1.63757,16/07/2026 14:27:16,1.63660,-0.05,0.00,-9.70,-0.73,0.00,0.00,-1.10,-15.00,1,Dragon Wave_BZ0,1.03,1.03hrs
16/07/2026 14:06:19,buy,0.04,EURAUD,1.63610,16/07/2026 14:27:15,1.63663,-0.20,0.00,5.30,1.28,1.28,5.30,-0.28,-0.30,1,Dragon Wave_BZ3,0.35,0.35hrs
16/07/2026 13:57:37,buy,0.03,EURAUD,1.63647,16/07/2026 14:27:15,1.63663,-0.15,0.00,1.60,0.18,0.18,1.60,-0.99,-4.00,1,Dragon Wave_BZ2,0.49,0.49hrs
16/07/2026 13:30:25,buy,0.02,EURAUD,1.63702,16/07/2026 14:27:15,1.63663,-0.10,0.00,-3.90,-0.64,0.00,0.00,-1.43,-9.50,1,Dragon Wave_BZ1,0.95,0.95hrs
16/07/2026 13:58:38,buy,0.01,EURCAD,1.60854,16/07/2026 14:26:18,1.60839,-0.05,0.00,-1.50,-0.16,0.00,0.00,-0.43,-5.40,1,Dragon Wave_BZ0,0.46,0.46hrs
16/07/2026 14:10:40,buy,0.02,EURCAD,1.60824,16/07/2026 14:26:17,1.60847,-0.10,0.00,2.30,0.22,0.22,2.30,-0.44,-2.40,1,Dragon Wave_BZ1,0.26,0.26hrs
16/07/2026 13:58:12,buy,0.02,USDJPY,162.14600,16/07/2026 14:25:49,162.16000,-0.10,0.00,1.40,0.07,0.08,1.50,-0.33,-1.90,1,Dragon Wave_CZ1,0.46,0.46hrs
16/07/2026 13:56:04,buy,0.01,USDJPY,162.16200,16/07/2026 14:25:49,162.16100,-0.05,0.00,-0.10,-0.06,0.00,0.00,-0.27,-3.50,1,Dragon Wave_CZ0,0.50,0.50hrs
16/07/2026 14:16:53,buy,0.01,EURCAD,1.60817,16/07/2026 14:23:57,1.60832,-0.05,0.00,1.50,0.05,0.05,1.50,-0.17,-1.70,1,Dragon Wave_AZ0,0.12,0.12hrs
16/07/2026 13:27:26,buy,0.01,EURUSD,1.14669,16/07/2026 14:23:56,1.14631,-0.05,0.00,-3.80,-0.43,0.00,0.00,-0.86,-8.10,1,Dragon Wave_AZ0,0.94,0.94hrs
16/07/2026 14:17:28,buy,0.04,EURUSD,1.14581,16/07/2026 14:23:55,1.14631,-0.20,0.00,5.00,1.80,1.80,5.00,0.00,0.00,1,Dragon Wave_AZ3,0.11,0.11hrs
16/07/2026 13:58:33,buy,0.03,EURUSD,1.14613,16/07/2026 14:23:55,1.14631,-0.15,0.00,1.80,0.39,0.39,1.80,-0.90,-2.50,1,Dragon Wave_AZ2,0.42,0.42hrs
16/07/2026 13:29:05,buy,0.02,EURUSD,1.14650,16/07/2026 14:23:55,1.14632,-0.10,0.00,-1.80,-0.46,0.00,0.00,-1.34,-6.20,1,Dragon Wave_AZ1,0.91,0.91hrs
16/07/2026 14:17:12,buy,0.01,XAUUSD,4025.88000,16/07/2026 14:20:45,4026.66000,-0.14,0.00,7.80,0.64,0.64,7.80,0.00,0.00,1,Dragon Wave_CZ0,0.06,0.06hrs
16/07/2026 14:19:50,buy,0.01,CADCHF,0.57516,16/07/2026 14:20:44,0.57521,-0.05,0.00,0.50,0.01,0.01,0.50,0.00,0.00,1,Dragon Wave_AZ0,0.01,0.01hrs
16/07/2026 14:17:20,buy,0.01,EURCAD,1.60791,16/07/2026 14:20:06,1.60784,-0.05,0.00,-0.70,-0.10,0.01,0.90,-0.10,-0.70,1,Dragon Wave_CZ0,0.05,0.05hrs
16/07/2026 14:15:54,buy,0.01,XAUUSD,4026.58000,16/07/2026 14:20:00,4026.33000,-0.14,0.00,-2.50,-0.39,0.00,0.00,-0.39,-2.50,1,Dragon Wave_BZ0,0.07,0.07hrs
16/07/2026 13:59:18,buy,0.03,EURUSD,1.14599,16/07/2026 14:19:52,1.14624,-0.15,0.00,2.50,0.60,0.60,2.50,-0.48,-1.10,1,Dragon Wave_CZ2,0.34,0.34hrs
16/07/2026 13:57:51,buy,0.02,EURUSD,1.14629,16/07/2026 14:19:52,1.14618,-0.10,0.00,-1.10,-0.32,0.00,0.00,-0.92,-4.10,1,Dragon Wave_CZ1,0.37,0.37hrs
16/07/2026 13:53:40,buy,0.01,EURUSD,1.14642,16/07/2026 14:19:52,1.14618,-0.05,0.00,-2.40,-0.29,0.00,0.00,-0.59,-5.40,1,Dragon Wave_CZ0,0.44,0.44hrs
16/07/2026 14:15:14,buy,0.01,EURUSD,1.14597,16/07/2026 14:18:23,1.14612,-0.05,0.00,1.50,0.10,0.10,1.50,-0.04,0.00,1,Dragon Wave_BZ0,0.05,0.05hrs
16/07/2026 14:16:29,buy,0.01,NZDUSD,0.58521,16/07/2026 14:18:19,0.58537,-0.05,0.00,1.60,0.11,0.11,1.60,-0.01,0.00,1,Dragon Wave_BZ0,0.03,0.03hrs
16/07/2026 14:16:38,buy,0.02,NZDCAD,0.82121,16/07/2026 14:18:13,0.82131,-0.10,0.00,1.00,0.04,0.04,1.00,-0.04,0.00,1,Dragon Wave_AZ1,0.03,0.03hrs
16/07/2026 14:15:46,buy,0.01,NZDCAD,0.82129,16/07/2026 14:18:13,0.82131,-0.05,0.00,0.20,-0.03,0.00,0.20,-0.08,-0.40,1,Dragon Wave_AZ0,0.04,0.04hrs
16/07/2026 14:16:32,buy,0.01,AUDJPY,113.55900,16/07/2026 14:18:10,113.58100,-0.05,0.00,2.20,0.08,0.08,2.20,-0.01,0.00,1,Dragon Wave_BZ0,0.03,0.03hrs
16/07/2026 14:07:34,buy,0.02,USDCHF,0.80723,16/07/2026 14:16:35,0.80729,-0.10,0.00,0.60,0.05,0.05,0.60,-0.74,-2.60,1,Dragon Wave_AZ1,0.15,0.15hrs
16/07/2026 14:04:06,buy,0.01,USDCHF,0.80729,16/07/2026 14:16:35,0.80729,-0.05,0.00,0.00,-0.05,0.00,0.00,-0.45,-3.20,1,Dragon Wave_AZ0,0.21,0.21hrs
16/07/2026 14:09:49,buy,0.03,USDCHF,0.80713,16/07/2026 14:16:34,0.80729,-0.15,0.00,1.60,0.44,0.44,1.60,-0.74,-1.60,1,Dragon Wave_AZ2,0.11,0.11hrs
16/07/2026 14:09:25,buy,0.01,CADCHF,0.57522,16/07/2026 14:16:22,0.57525,-0.05,0.00,0.30,-0.02,0.00,0.30,-0.11,-0.50,1,Dragon Wave_AZ0,0.12,0.12hrs
16/07/2026 14:04:04,buy,0.01,USDCAD,1.40369,16/07/2026 14:15:59,1.40352,-0.05,0.00,-1.70,-0.17,0.00,0.00,-0.38,-4.70,1,Dragon Wave_AZ0,0.20,0.20hrs
16/07/2026 14:09:58,buy,0.03,USDCAD,1.40335,16/07/2026 14:15:58,1.40354,-0.15,0.00,1.90,0.26,0.26,1.90,-0.43,-1.30,1,Dragon Wave_AZ2,0.10,0.10hrs
16/07/2026 14:07:04,buy,0.02,USDCAD,1.40352,16/07/2026 14:15:58,1.40352,-0.10,0.00,0.00,-0.10,0.00,0.00,-0.53,-3.00,1,Dragon Wave_AZ1,0.15,0.15hrs
16/07/2026 13:58:02,buy,0.02,USDJPY,162.14600,16/07/2026 14:15:58,162.16100,-0.10,0.00,1.50,0.09,0.09,1.50,-0.33,-1.90,1,Dragon Wave_BZ1,0.30,0.30hrs
16/07/2026 13:55:37,buy,0.01,USDJPY,162.16100,16/07/2026 14:15:58,162.16100,-0.05,0.00,0.00,-0.05,0.00,0.00,-0.26,-3.40,1,Dragon Wave_BZ0,0.34,0.34hrs
16/07/2026 14:12:07,buy,0.01,CADCHF,0.57516,16/07/2026 14:15:09,0.57523,-0.05,0.00,0.70,0.03,0.03,0.70,-0.04,0.00,1,Dragon Wave_BZ0,0.05,0.05hrs
16/07/2026 14:14:00,buy,0.01,XAGUSD,56.52600,16/07/2026 14:15:03,56.55000,-0.10,0.00,240.00,1.10,1.10,240.00,0.00,0.00,1,Dragon Wave_AZ0,0.02,0.02hrs
16/07/2026 14:10:31,buy,0.01,GBPNZD,2.30625,16/07/2026 14:14:45,2.30647,-0.05,0.00,2.20,0.08,0.08,2.20,-0.09,-0.60,1,Dragon Wave_CZ0,0.07,0.07hrs
16/07/2026 14:13:55,buy,0.01,XAUUSD,4027.22000,16/07/2026 14:14:38,4028.22000,-0.14,0.00,10.00,0.86,0.86,10.00,0.00,0.00,1,Dragon Wave_CZ0,0.01,0.01hrs
16/07/2026 14:12:30,buy,0.01,CADCHF,0.57514,16/07/2026 14:14:32,0.57520,-0.05,0.00,0.60,0.03,0.03,0.60,-0.01,0.00,1,Dragon Wave_CZ0,0.03,0.03hrs
16/07/2026 13:58:42,buy,0.01,EURJPY,185.84200,16/07/2026 14:12:49,185.85300,-0.05,0.00,1.10,0.02,0.02,1.10,-0.15,-1.60,1,Dragon Wave_BZ0,0.24,0.24hrs
16/07/2026 14:10:54,buy,0.01,NZDCAD,0.82126,16/07/2026 14:12:40,0.82138,-0.05,0.00,1.20,0.03,0.03,1.20,0.00,0.00,1,Dragon Wave_AZ0,0.03,0.03hrs
16/07/2026 14:12:04,buy,0.01,GBPAUD,1.92716,16/07/2026 14:12:37,1.92724,-0.05,0.00,0.00,0.00,0.00,0.00,0.00,0.00,1,Dragon Wave_AZ0,0.01,0.01hrs
16/07/2026 13:59:28,buy,0.02,XAGUSD,56.52700,16/07/2026 14:11:59,56.58100,-0.20,0.00,540.00,5.20,5.20,540.00,-5.60,-540.00,1,Dragon Wave_BZ1,0.21,0.21hrs
16/07/2026 13:58:23,buy,0.01,XAGUSD,56.61400,16/07/2026 14:11:59,56.58100,-0.10,0.00,-330.00,-1.75,0.00,0.00,-7.15,-1410.00,1,Dragon Wave_BZ0,0.23,0.23hrs
16/07/2026 14:10:22,buy,0.01,AUDJPY,113.56100,16/07/2026 14:11:53,113.57500,-0.05,0.00,1.40,0.04,0.04,1.40,0.00,0.00,1,Dragon Wave_AZ0,0.03,0.03hrs
16/07/2026 13:58:21,buy,0.01,AUDJPY,113.57000,16/07/2026 14:11:35,113.57700,-0.05,0.00,0.70,-0.01,0.00,0.70,-0.16,-1.80,1,Dragon Wave_BZ0,0.22,0.22hrs
16/07/2026 14:05:25,buy,0.01,XAUUSD,4028.25000,16/07/2026 14:09:56,4029.52000,-0.15,0.00,12.70,1.12,1.12,12.70,0.00,0.00,1,Dragon Wave_CZ0,0.08,0.08hrs
16/07/2026 13:58:40,buy,0.01,CHFJPY,200.87500,16/07/2026 14:09:11,200.90500,-0.05,0.00,3.00,0.14,0.14,3.00,-0.27,-3.60,1,Dragon Wave_CZ0,0.18,0.18hrs
16/07/2026 13:59:17,buy,0.01,XAUUSD,4029.58000,16/07/2026 14:04:04,4029.91000,-0.15,0.00,3.30,0.18,0.18,3.30,-1.34,-11.90,1,Dragon Wave_CZ0,0.08,0.08hrs
16/07/2026 14:00:39,buy,0.02,AUDJPY,113.54100,16/07/2026 14:04:01,113.56300,-0.10,0.00,2.20,0.17,0.17,2.20,0.00,0.00,1,Dragon Wave_CZ1,0.06,0.06hrs
16/07/2026 13:58:43,buy,0.01,AUDJPY,113.56900,16/07/2026 14:04:01,113.56300,-0.05,0.00,-0.60,-0.08,0.00,0.00,-0.16,-1.70,1,Dragon Wave_CZ0,0.09,0.09hrs
16/07/2026 13:59:05,buy,0.01,XAUUSD,4029.23000,16/07/2026 14:03:59,4029.77000,-0.15,0.00,5.40,0.39,0.39,5.40,-0.99,-8.40,1,Dragon Wave_BZ0,0.08,0.08hrs
16/07/2026 14:00:11,buy,0.02,XAUUSD,4029.07000,16/07/2026 14:03:53,4029.76000,-0.29,0.00,6.90,1.09,1.09,6.90,-1.65,-6.80,1,Dragon Wave_AZ1,0.06,0.06hrs
16/07/2026 13:58:48,buy,0.01,XAUUSD,4030.35000,16/07/2026 14:03:53,4029.77000,-0.15,0.00,-5.80,-0.73,0.00,0.00,-2.11,-19.60,1,Dragon Wave_AZ0,0.08,0.08hrs
16/07/2026 14:00:09,buy,0.01,AUDUSD,0.70030,16/07/2026 14:03:47,0.70042,-0.05,0.00,1.20,0.07,0.07,1.20,-0.12,-0.70,1,Dragon Wave_CZ0,0.06,0.06hrs
16/07/2026 13:59:40,buy,0.01,NZDCAD,0.82152,16/07/2026 14:03:34,0.82150,-0.05,0.00,-0.20,-0.06,0.00,0.00,-0.09,-0.50,1,Dragon Wave_AZ0,0.07,0.07hrs
16/07/2026 14:01:31,buy,0.02,NZDCAD,0.82139,16/07/2026 14:03:33,0.82150,-0.10,0.00,1.10,0.05,0.05,1.10,0.00,0.00,1,Dragon Wave_AZ1,0.03,0.03hrs
16/07/2026 13:58:52,buy,0.01,EURCAD,1.60842,16/07/2026 14:03:25,1.60860,-0.05,0.00,1.80,0.07,0.07,1.80,-0.14,-1.20,1,Dragon Wave_CZ0,0.08,0.08hrs
16/07/2026 13:59:50,buy,0.02,XAGUSD,56.53500,16/07/2026 14:01:08,56.53700,-0.20,0.00,0.00,0.00,0.00,0.00,-1.90,-170.00,1,Dragon Wave_CZ1,0.02,0.02hrs
16/07/2026 13:58:35,buy,0.01,XAGUSD,56.59700,16/07/2026 14:01:08,56.52100,-0.10,0.00,-760.00,-3.90,0.00,0.00,-4.05,-790.00,1,Dragon Wave_CZ0,0.04,0.04hrs
16/07/2026 13:59:06,buy,0.01,EURUSD,1.14604,16/07/2026 14:00:59,1.14609,-0.05,0.00,0.00,0.00,0.00,0.00,-0.21,-1.60,1,Dragon Wave_BZ0,0.03,0.03hrs
16/07/2026 13:58:53,buy,0.02,EURNZD,1.95774,16/07/2026 13:59:54,1.95794,-0.10,0.00,2.00,0.14,0.14,2.00,0.00,0.00,1,Dragon Wave_CZ1,0.02,0.02hrs
16/07/2026 13:57:11,buy,0.01,GBPAUD,1.92803,16/07/2026 13:59:54,1.92828,-0.05,0.00,2.50,0.12,0.12,2.50,-0.28,-3.30,1,Dragon Wave_AZ0,0.05,0.05hrs
16/07/2026 13:54:53,buy,0.01,EURNZD,1.95800,16/07/2026 13:59:54,1.95794,-0.05,0.00,-0.60,-0.09,0.00,0.00,-0.15,-1.70,1,Dragon Wave_CZ0,0.08,0.08hrs
16/07/2026 13:58:10,buy,0.02,GBPAUD,1.92787,16/07/2026 13:59:53,1.92828,-0.10,0.00,4.10,0.48,0.48,4.10,0.00,0.00,1,Dragon Wave_AZ1,0.03,0.03hrs
16/07/2026 13:55:13,buy,0.01,GBPNZD,2.30701,16/07/2026 13:59:47,2.30717,-0.05,0.00,1.60,0.05,0.05,1.60,-0.36,-5.30,1,Dragon Wave_CZ0,0.08,0.08hrs
16/07/2026 13:44:32,buy,0.01,CADCHF,0.57514,16/07/2026 13:57:38,0.57512,-0.05,0.00,-0.20,-0.08,0.00,0.00,-0.20,-1.20,1,Dragon Wave_CZ0,0.22,0.22hrs
16/07/2026 13:47:36,buy,0.02,CADCHF,0.57507,16/07/2026 13:57:37,0.57512,-0.10,0.00,0.50,0.02,0.02,0.50,-0.22,-0.50,1,Dragon Wave_CZ1,0.17,0.17hrs
16/07/2026 13:50:39,buy,0.01,GBPCHF,1.09009,16/07/2026 13:56:48,1.09014,-0.05,0.00,0.50,0.01,0.01,0.50,-0.09,-0.30,1,Dragon Wave_CZ0,0.10,0.10hrs
16/07/2026 13:47:57,buy,0.02,NZDCHF,0.47244,16/07/2026 13:55:51,0.47252,-0.10,0.00,0.80,0.10,0.10,0.80,-0.20,-0.40,1,Dragon Wave_CZ1,0.13,0.13hrs
16/07/2026 13:46:11,buy,0.01,NZDCHF,0.47250,16/07/2026 13:55:51,0.47252,-0.05,0.00,0.20,-0.02,0.00,0.20,-0.17,-1.00,1,Dragon Wave_CZ0,0.16,0.16hrs
16/07/2026 13:47:49,buy,0.01,NZDCHF,0.47244,16/07/2026 13:55:04,0.47248,-0.05,0.00,0.00,0.00,0.00,0.00,-0.10,-0.40,1,Dragon Wave_BZ0,0.12,0.12hrs
16/07/2026 12:39:32,buy,0.03,NZDCAD,0.82148,16/07/2026 13:55:02,0.82173,-0.15,0.00,2.50,0.38,0.38,2.50,-0.47,-1.50,1,Dragon Wave_CZ2,1.26,1.26hrs
16/07/2026 12:30:12,buy,0.02,NZDCAD,0.82173,16/07/2026 13:55:02,0.82171,-0.10,0.00,-0.20,-0.13,0.01,0.80,-0.67,-4.00,1,Dragon Wave_CZ1,1.41,1.41hrs
16/07/2026 12:27:25,buy,0.01,NZDCAD,0.82186,16/07/2026 13:55:02,0.82171,-0.05,0.00,-1.50,-0.16,0.00,0.00,-0.43,-5.30,1,Dragon Wave_CZ0,1.46,1.46hrs
16/07/2026 13:54:27,buy,0.01,EURUSD,1.14632,16/07/2026 13:54:41,1.14643,-0.05,0.00,1.10,0.06,0.06,1.10,0.00,0.00,1,Dragon Wave_BZ0,0.00,0.00hrs
16/07/2026 13:47:21,buy,0.01,AUDJPY,113.58100,16/07/2026 13:53:32,113.59100,-0.05,0.00,1.00,0.01,0.01,1.00,-0.04,0.00,1,Dragon Wave_AZ0,0.10,0.10hrs
16/07/2026 13:43:49,buy,0.01,XAGUSD,56.63700,16/07/2026 13:52:30,56.63900,-0.10,0.00,0.00,0.00,0.00,0.00,-2.25,-430.00,1,Dragon Wave_BZ0,0.14,0.14hrs
16/07/2026 13:49:20,buy,0.01,XAUUSD,4031.32000,16/07/2026 13:50:58,4031.50000,-0.15,0.00,1.80,0.03,0.03,1.80,0.00,0.00,1,Dragon Wave_AZ0,0.03,0.03hrs
16/07/2026 13:39:40,buy,0.01,XAGUSD,56.67300,16/07/2026 13:50:58,56.62400,-0.10,0.00,-490.00,-2.55,0.00,0.00,-4.05,-790.00,1,Dragon Wave_CZ0,0.19,0.19hrs
16/07/2026 13:47:38,buy,0.02,XAGUSD,56.59500,16/07/2026 13:50:57,56.62400,-0.20,0.00,290.00,2.70,2.70,290.00,-0.30,-10.00,1,Dragon Wave_CZ1,0.06,0.06hrs
16/07/2026 13:48:01,buy,0.01,XAUUSD,4031.88000,16/07/2026 13:48:45,4032.12000,-0.15,0.00,2.40,0.09,0.09,2.40,0.00,0.00,1,Dragon Wave_CZ0,0.01,0.01hrs
16/07/2026 13:45:16,buy,0.01,XAUUSD,4032.29000,16/07/2026 13:48:37,4032.56000,-0.15,0.00,2.70,0.12,0.12,2.70,-1.46,-13.10,1,Dragon Wave_AZ0,0.06,0.06hrs
﻿16/07/2026 13:46:18,buy,0.01,XAUUSD,4031.47000,16/07/2026 13:48:11,4032.11000,-0.15,0.00,6.40,0.49,0.49,6.40,-0.64,-4.90,1,Dragon Wave_BZ0,0.03,0.03hrs
16/07/2026 13:27:24,buy,0.01,GBPJPY,219.05600,16/07/2026 13:45:46,219.04700,-0.05,0.00,-0.90,-0.10,0.00,0.00,-0.43,-6.20,1,Dragon Wave_CZ0,0.31,0.31hrs
16/07/2026 13:28:41,buy,0.02,GBPJPY,219.00400,16/07/2026 13:45:45,219.04700,-0.10,0.00,4.30,0.43,0.43,4.30,-0.22,-1.00,1,Dragon Wave_CZ1,0.28,0.28hrs
16/07/2026 13:30:37,buy,0.02,EURUSD,1.14634,16/07/2026 13:45:10,1.14651,-0.10,0.00,1.70,0.24,0.24,1.70,-0.14,-0.20,1,Dragon Wave_BZ1,0.24,0.24hrs
16/07/2026 13:27:40,buy,0.01,EURUSD,1.14659,16/07/2026 13:45:10,1.14651,-0.05,0.00,-0.80,-0.13,0.00,0.00,-0.32,-2.70,1,Dragon Wave_BZ0,0.29,0.29hrs
16/07/2026 13:31:34,buy,0.02,EURUSD,1.14635,16/07/2026 13:44:31,1.14648,-0.10,0.00,1.30,0.16,0.16,1.30,-0.16,-0.30,1,Dragon Wave_CZ1,0.22,0.22hrs
16/07/2026 13:28:05,buy,0.01,EURUSD,1.14655,16/07/2026 13:44:31,1.14648,-0.05,0.00,-0.70,-0.12,0.00,0.00,-0.28,-2.30,1,Dragon Wave_CZ0,0.27,0.27hrs
16/07/2026 13:39:52,buy,0.01,XAUUSD,4032.19000,16/07/2026 13:41:41,4033.85000,-0.15,0.00,16.60,1.51,1.51,16.60,0.00,0.00,1,Dragon Wave_CZ0,0.03,0.03hrs
16/07/2026 13:39:44,buy,0.01,XAUUSD,4032.05000,16/07/2026 13:41:28,4033.18000,-0.15,0.00,11.30,0.98,0.98,11.30,0.00,0.00,1,Dragon Wave_BZ0,0.03,0.03hrs
16/07/2026 13:40:09,buy,0.02,XAUUSD,4032.19000,16/07/2026 13:41:22,4032.66000,-0.29,0.00,4.70,0.65,0.65,4.70,0.00,0.00,1,Dragon Wave_AZ1,0.02,0.02hrs
16/07/2026 13:39:33,buy,0.01,XAUUSD,4032.41000,16/07/2026 13:41:22,4032.64000,-0.15,0.00,2.30,0.08,0.08,2.30,0.00,0.00,1,Dragon Wave_AZ0,0.03,0.03hrs
16/07/2026 13:32:46,buy,0.01,EURGBP,0.84885,16/07/2026 13:40:53,0.84892,-0.05,0.00,0.70,0.04,0.04,0.70,-0.08,-0.20,1,Dragon Wave_BZ0,0.14,0.14hrs
16/07/2026 13:38:40,buy,0.01,CADCHF,0.57521,16/07/2026 13:39:52,0.57527,-0.05,0.00,0.60,0.03,0.03,0.60,0.00,0.00,1,Dragon Wave_AZ0,0.02,0.02hrs
16/07/2026 13:28:06,buy,0.01,GBPUSD,1.35048,16/07/2026 13:38:45,1.35055,-0.05,0.00,0.70,0.02,0.02,0.70,-0.12,-0.70,1,Dragon Wave_CZ0,0.18,0.18hrs
16/07/2026 12:29:08,buy,0.01,AUDCAD,0.98302,16/07/2026 13:34:44,0.98296,-0.05,0.00,-0.60,-0.09,0.00,0.20,-0.39,-4.80,1,Dragon Wave_CZ0,1.09,1.09hrs
16/07/2026 12:38:44,buy,0.02,AUDCAD,0.98280,16/07/2026 13:34:43,0.98296,-0.10,0.00,1.60,0.13,0.13,1.60,-0.47,-2.60,1,Dragon Wave_CZ1,0.93,0.93hrs
16/07/2026 13:27:36,buy,0.01,AUDJPY,113.56600,16/07/2026 13:34:38,113.57800,-0.05,0.00,1.20,0.02,0.02,1.20,-0.08,-0.40,1,Dragon Wave_BZ0,0.12,0.12hrs
16/07/2026 13:32:14,buy,0.01,NZDCAD,0.82139,16/07/2026 13:34:19,0.82148,-0.05,0.00,0.90,0.02,0.02,0.90,0.00,0.00,1,Dragon Wave_AZ0,0.03,0.03hrs
16/07/2026 13:31:28,buy,0.01,XAUUSD,4032.10000,16/07/2026 13:32:59,4033.42000,-0.15,0.00,13.20,1.17,1.17,13.20,0.00,0.00,1,Dragon Wave_CZ0,0.03,0.03hrs
16/07/2026 13:20:28,buy,0.01,GBPCHF,1.09032,16/07/2026 13:32:23,1.09047,-0.05,0.00,1.50,0.13,0.13,1.50,-0.20,-1.20,1,Dragon Wave_BZ0,0.20,0.20hrs
16/07/2026 13:26:13,buy,0.01,XAUUSD,4033.00000,16/07/2026 13:29:38,4033.27000,-0.15,0.00,2.70,0.12,0.12,2.70,-0.83,-6.80,1,Dragon Wave_AZ0,0.06,0.06hrs
16/07/2026 13:28:39,buy,0.02,XAGUSD,56.66200,16/07/2026 13:29:36,56.72400,-0.20,0.00,620.00,6.00,6.00,620.00,0.00,0.00,1,Dragon Wave_CZ1,0.02,0.02hrs
16/07/2026 13:27:33,buy,0.01,XAGUSD,56.71800,16/07/2026 13:29:36,56.72400,-0.10,0.00,60.00,0.20,0.20,60.00,-0.80,-140.00,1,Dragon Wave_CZ0,0.03,0.03hrs
16/07/2026 13:28:32,buy,0.01,XAUUSD,4032.16000,16/07/2026 13:29:26,4033.15000,-0.15,0.00,9.90,0.84,0.84,9.90,0.00,0.00,1,Dragon Wave_CZ0,0.01,0.01hrs
16/07/2026 13:28:34,buy,0.01,XAGUSD,56.64800,16/07/2026 13:29:18,56.71600,-0.10,0.00,680.00,3.30,3.30,680.00,0.00,0.00,1,Dragon Wave_BZ0,0.01,0.01hrs
16/07/2026 13:28:07,buy,0.02,USDJPY,162.16500,16/07/2026 13:28:59,162.17800,-0.10,0.00,1.30,0.06,0.06,1.30,0.00,0.00,1,Dragon Wave_AZ1,0.01,0.01hrs
16/07/2026 13:24:36,buy,0.01,USDJPY,162.17300,16/07/2026 13:28:59,162.17600,-0.05,0.00,0.30,-0.03,0.00,0.70,-0.03,0.00,1,Dragon Wave_AZ0,0.07,0.07hrs
16/07/2026 13:27:15,buy,0.01,GBPCAD,1.89557,16/07/2026 13:27:27,1.89570,-0.05,0.00,1.30,0.04,0.04,1.30,0.00,0.00,1,Dragon Wave_BZ0,0.00,0.00hrs
16/07/2026 13:25:50,buy,0.01,XAGUSD,56.71300,16/07/2026 13:26:54,56.74900,-0.10,0.00,360.00,1.70,1.70,360.00,0.00,0.00,1,Dragon Wave_BZ0,0.02,0.02hrs
16/07/2026 13:21:12,buy,0.01,NZDCAD,0.82136,16/07/2026 13:23:54,0.82142,-0.05,0.00,0.60,-0.01,0.00,0.60,-0.07,-0.30,1,Dragon Wave_AZ0,0.04,0.04hrs
16/07/2026 13:21:41,buy,0.01,NZDCHF,0.47232,16/07/2026 13:23:43,0.47237,-0.05,0.00,0.50,0.01,0.01,0.50,-0.03,0.00,1,Dragon Wave_CZ0,0.03,0.03hrs
16/07/2026 13:18:06,buy,0.01,GBPUSD,1.35076,16/07/2026 13:21:11,1.35082,-0.05,0.00,0.60,0.01,0.01,0.60,0.00,0.00,1,Dragon Wave_CZ0,0.05,0.05hrs
16/07/2026 13:16:05,buy,0.02,NZDCHF,0.47233,16/07/2026 13:18:36,0.47239,-0.10,0.00,0.60,0.05,0.05,0.60,-0.05,0.00,1,Dragon Wave_AZ1,0.04,0.04hrs
16/07/2026 13:13:25,buy,0.01,NZDCHF,0.47238,16/07/2026 13:18:36,0.47239,-0.05,0.00,0.10,-0.04,0.00,0.10,-0.09,-0.30,1,Dragon Wave_AZ0,0.09,0.09hrs
16/07/2026 13:17:59,buy,0.01,GBPAUD,1.92903,16/07/2026 13:18:24,1.92914,-0.05,0.00,1.10,0.03,0.03,1.10,0.00,0.00,1,Dragon Wave_BZ0,0.01,0.01hrs
16/07/2026 13:16:39,buy,0.01,CADCHF,0.57499,16/07/2026 13:17:55,0.57507,-0.05,0.00,0.80,0.04,0.05,0.80,0.00,0.00,1,Dragon Wave_CZ0,0.02,0.02hrs
16/07/2026 13:16:22,buy,0.02,CADCHF,0.57497,16/07/2026 13:17:45,0.57506,-0.10,0.00,0.90,0.13,0.15,1.00,0.00,0.00,1,Dragon Wave_BZ1,0.02,0.02hrs
16/07/2026 13:14:18,buy,0.01,CADCHF,0.57509,16/07/2026 13:17:45,0.57506,-0.05,0.00,-0.30,-0.09,0.00,0.00,-0.09,-0.30,1,Dragon Wave_BZ0,0.06,0.06hrs
16/07/2026 13:16:12,buy,0.02,CADCHF,0.57497,16/07/2026 13:17:01,0.57505,-0.10,0.00,0.80,0.09,0.09,0.80,0.00,0.00,1,Dragon Wave_AZ1,0.01,0.01hrs
16/07/2026 13:11:06,buy,0.01,CADCHF,0.57508,16/07/2026 13:17:01,0.57505,-0.05,0.00,-0.30,-0.08,0.00,0.00,-0.08,-0.30,1,Dragon Wave_AZ0,0.10,0.10hrs
16/07/2026 12:57:50,buy,0.01,EURUSD,1.14662,16/07/2026 13:16:22,1.14674,-0.05,0.00,1.20,0.07,0.07,1.20,-0.19,-1.40,1,Dragon Wave_BZ0,0.31,0.31hrs
16/07/2026 13:12:28,buy,0.01,NZDCAD,0.82143,16/07/2026 13:16:11,0.82147,-0.05,0.00,0.40,-0.03,0.00,0.40,-0.03,0.00,1,Dragon Wave_AZ0,0.06,0.06hrs
16/07/2026 13:14:27,buy,0.02,NZDCAD,0.82138,16/07/2026 13:16:10,0.82147,-0.10,0.00,0.90,0.03,0.03,0.90,0.00,0.00,1,Dragon Wave_AZ1,0.03,0.03hrs
16/07/2026 13:00:57,buy,0.01,EURUSD,1.14660,16/07/2026 13:16:08,1.14676,-0.05,0.00,1.60,0.11,0.11,1.60,-0.17,-1.20,1,Dragon Wave_CZ0,0.25,0.25hrs
16/07/2026 13:01:40,buy,0.01,XAGUSD,56.86300,16/07/2026 13:12:36,56.80400,-0.10,0.00,-590.00,-3.05,0.00,0.00,-3.05,-590.00,1,Dragon Wave_CZ0,0.18,0.18hrs
16/07/2026 13:10:56,buy,0.02,XAGUSD,56.75200,16/07/2026 13:12:35,56.80400,-0.20,0.00,520.00,5.00,5.00,520.00,0.00,0.00,1,Dragon Wave_CZ1,0.03,0.03hrs
16/07/2026 13:08:33,buy,0.01,GBPCAD,1.89614,16/07/2026 13:10:30,1.89631,-0.05,0.00,1.70,0.07,0.07,1.70,-0.18,-1.80,1,Dragon Wave_BZ0,0.03,0.03hrs
16/07/2026 13:08:25,buy,0.01,EURUSD,1.14652,16/07/2026 13:09:49,1.14658,-0.05,0.00,0.60,0.01,0.01,0.60,0.00,0.00,1,Dragon Wave_AZ0,0.02,0.02hrs
16/07/2026 12:31:11,buy,0.02,AUDUSD,0.69994,16/07/2026 13:07:53,0.70010,-0.10,0.00,1.60,0.22,0.22,1.60,-0.48,-1.90,1,Dragon Wave_CZ1,0.61,0.61hrs
16/07/2026 12:26:45,buy,0.01,AUDUSD,0.70008,16/07/2026 13:07:53,0.70010,-0.05,0.00,0.20,-0.03,0.00,0.20,-0.38,-3.30,1,Dragon Wave_CZ0,0.69,0.69hrs
16/07/2026 13:03:02,buy,0.01,GBPUSD,1.35058,16/07/2026 13:05:39,1.35077,-0.05,0.00,1.90,0.14,0.14,1.90,0.00,0.00,1,Dragon Wave_CZ0,0.04,0.04hrs
16/07/2026 13:02:43,buy,0.01,GBPJPY,219.04700,16/07/2026 13:04:43,219.05900,-0.05,0.00,1.20,0.03,0.03,1.20,0.00,0.00,1,Dragon Wave_CZ0,0.03,0.03hrs
16/07/2026 13:02:21,buy,0.02,EURUSD,1.14644,16/07/2026 13:04:41,1.14656,-0.10,0.00,1.20,0.14,0.14,1.20,0.00,0.00,1,Dragon Wave_AZ1,0.04,0.04hrs
16/07/2026 13:00:24,buy,0.01,EURUSD,1.14656,16/07/2026 13:04:41,1.14656,-0.05,0.00,0.00,-0.05,0.00,0.00,-0.05,0.00,1,Dragon Wave_AZ0,0.07,0.07hrs
16/07/2026 12:57:31,buy,0.01,AUDCAD,0.98261,16/07/2026 13:03:42,0.98275,-0.05,0.00,1.40,0.05,0.05,1.40,-0.08,-0.40,1,Dragon Wave_AZ0,0.10,0.10hrs
16/07/2026 12:29:55,buy,0.01,NZDCAD,0.82173,16/07/2026 13:03:35,0.82154,-0.05,0.00,-1.90,-0.19,0.01,0.80,-0.33,-3.90,1,Dragon Wave_AZ0,0.56,0.56hrs
16/07/2026 12:45:10,buy,0.04,NZDCAD,0.82137,16/07/2026 13:03:34,0.82154,-0.20,0.00,1.70,0.29,0.29,1.70,-0.29,-0.30,1,Dragon Wave_AZ3,0.31,0.31hrs
16/07/2026 12:43:18,buy,0.03,NZDCAD,0.82144,16/07/2026 13:03:34,0.82154,-0.15,0.00,1.00,0.06,0.06,1.00,-0.36,-1.00,1,Dragon Wave_AZ2,0.34,0.34hrs
16/07/2026 12:37:36,buy,0.02,NZDCAD,0.82160,16/07/2026 13:03:34,0.82154,-0.10,0.00,-0.60,-0.19,0.00,0.00,-0.47,-2.60,1,Dragon Wave_AZ1,0.43,0.43hrs
16/07/2026 13:01:23,buy,0.01,XAUUSD,4030.74000,16/07/2026 13:02:08,4031.31000,-0.15,0.00,5.70,0.42,0.42,5.70,0.00,0.00,1,Dragon Wave_AZ0,0.01,0.01hrs
16/07/2026 12:57:58,buy,0.01,GBPUSD,1.35077,16/07/2026 13:01:55,1.35083,-0.05,0.00,0.60,0.01,0.01,0.60,-0.13,-0.80,1,Dragon Wave_CZ0,0.07,0.07hrs
16/07/2026 12:56:15,buy,0.01,GBPAUD,1.92990,16/07/2026 13:01:15,1.93002,-0.05,0.00,1.20,0.03,0.06,1.60,-0.26,-3.00,1,Dragon Wave_AZ0,0.08,0.08hrs
16/07/2026 12:57:45,buy,0.01,EURJPY,185.94600,16/07/2026 13:00:21,185.96300,-0.05,0.00,1.70,0.05,0.05,1.70,-0.01,0.00,1,Dragon Wave_CZ0,0.04,0.04hrs
16/07/2026 12:47:13,buy,0.02,USDCHF,0.80719,16/07/2026 13:00:12,0.80730,-0.10,0.00,1.10,0.17,0.20,1.20,-0.37,-1.10,1,Dragon Wave_AZ1,0.22,0.22hrs
16/07/2026 12:44:28,buy,0.01,USDCHF,0.80727,16/07/2026 13:00:12,0.80730,-0.05,0.00,0.30,-0.01,0.00,0.30,-0.29,-1.90,1,Dragon Wave_AZ0,0.26,0.26hrs
16/07/2026 12:56:55,buy,0.02,USDJPY,162.15800,16/07/2026 12:59:05,162.17300,-0.10,0.00,1.50,0.08,0.08,1.50,0.00,0.00,1,Dragon Wave_CZ1,0.04,0.04hrs
16/07/2026 12:46:46,buy,0.01,USDJPY,162.16900,16/07/2026 12:59:05,162.17400,-0.05,0.00,0.50,-0.02,0.00,0.50,-0.09,-0.60,1,Dragon Wave_CZ0,0.21,0.21hrs
16/07/2026 12:57:35,buy,0.01,EURUSD,1.14655,16/07/2026 12:58:56,1.14665,-0.05,0.00,1.00,0.05,0.05,1.00,0.00,0.00,1,Dragon Wave_AZ0,0.02,0.02hrs
16/07/2026 12:55:27,buy,0.01,EURAUD,1.63821,16/07/2026 12:57:52,1.63829,-0.05,0.00,0.80,0.01,0.01,0.80,-0.11,-0.90,1,Dragon Wave_BZ0,0.04,0.04hrs
16/07/2026 12:35:57,buy,0.02,AUDUSD,0.69984,16/07/2026 12:55:18,0.69998,-0.10,0.00,1.40,0.18,0.18,1.40,-0.28,-0.90,1,Dragon Wave_BZ1,0.32,0.32hrs
16/07/2026 12:27:47,buy,0.01,AUDUSD,0.70001,16/07/2026 12:55:18,0.69998,-0.05,0.00,-0.30,-0.08,0.00,0.00,-0.31,-2.60,1,Dragon Wave_BZ0,0.46,0.46hrs
16/07/2026 12:48:43,buy,0.01,GBPJPY,219.05500,16/07/2026 12:54:32,219.08200,-0.05,0.00,2.70,0.12,0.12,2.70,0.00,0.00,1,Dragon Wave_CZ0,0.10,0.10hrs
16/07/2026 12:44:10,buy,0.02,NZDCHF,0.47226,16/07/2026 12:54:04,0.47224,-0.10,0.00,-0.20,-0.15,0.00,0.00,-0.42,-1.30,1,Dragon Wave_AZ1,0.17,0.17hrs
16/07/2026 12:43:23,buy,0.01,NZDCHF,0.47228,16/07/2026 12:54:04,0.47224,-0.05,0.00,-0.40,-0.10,0.00,0.00,-0.24,-1.50,1,Dragon Wave_AZ0,0.18,0.18hrs
16/07/2026 12:46:25,buy,0.03,NZDCHF,0.47214,16/07/2026 12:54:03,0.47224,-0.15,0.00,1.00,0.22,0.22,1.00,-0.19,-0.10,1,Dragon Wave_AZ2,0.13,0.13hrs
16/07/2026 12:45:41,buy,0.01,AUDCHF,0.56485,16/07/2026 12:53:28,0.56493,-0.05,0.00,0.80,0.04,0.04,0.80,-0.14,-0.70,1,Dragon Wave_CZ0,0.13,0.13hrs
16/07/2026 12:50:52,buy,0.01,EURCAD,1.60985,16/07/2026 12:51:38,1.60999,-0.05,0.00,1.40,0.05,0.05,1.40,0.00,0.00,1,Dragon Wave_AZ0,0.01,0.01hrs
16/07/2026 12:45:44,buy,0.01,CADCHF,0.57482,16/07/2026 12:51:24,0.57491,-0.05,0.00,0.90,0.06,0.06,0.90,-0.04,0.00,1,Dragon Wave_BZ0,0.09,0.09hrs
16/07/2026 12:46:30,buy,0.02,CADCHF,0.57482,16/07/2026 12:51:13,0.57493,-0.10,0.00,1.10,0.17,0.17,1.10,-0.08,0.00,1,Dragon Wave_AZ1,0.08,0.08hrs
16/07/2026 12:44:13,buy,0.01,CADCHF,0.57490,16/07/2026 12:51:13,0.57493,-0.05,0.00,0.30,-0.01,0.00,0.30,-0.14,-0.70,1,Dragon Wave_AZ0,0.12,0.12hrs
16/07/2026 12:45:39,buy,0.02,NZDCHF,0.47214,16/07/2026 12:51:08,0.47221,-0.10,0.00,0.70,0.07,0.07,0.70,-0.12,-0.10,1,Dragon Wave_CZ1,0.09,0.09hrs
16/07/2026 12:44:40,buy,0.01,NZDCHF,0.47223,16/07/2026 12:51:08,0.47221,-0.05,0.00,-0.20,-0.08,0.00,0.00,-0.17,-1.00,1,Dragon Wave_CZ0,0.11,0.11hrs
16/07/2026 12:45:35,buy,0.02,XAGUSD,56.90300,16/07/2026 12:50:57,56.93500,-0.20,0.00,320.00,3.00,3.00,320.00,-1.10,-90.00,1,Dragon Wave_CZ1,0.09,0.09hrs
16/07/2026 12:33:43,buy,0.01,XAGUSD,56.97200,16/07/2026 12:50:57,56.93500,-0.10,0.00,-370.00,-1.95,0.00,0.00,-4.00,-780.00,1,Dragon Wave_CZ0,0.29,0.29hrs
16/07/2026 12:45:31,buy,0.01,NZDCHF,0.47218,16/07/2026 12:50:54,0.47221,-0.05,0.00,0.30,-0.02,0.00,0.30,-0.11,-0.50,1,Dragon Wave_BZ0,0.09,0.09hrs
16/07/2026 12:47:26,buy,0.02,XAGUSD,56.89200,16/07/2026 12:47:54,56.92000,-0.20,0.00,280.00,2.60,2.60,280.00,0.00,0.00,1,Dragon Wave_BZ1,0.01,0.01hrs
16/07/2026 12:45:28,buy,0.01,XAGUSD,56.92500,16/07/2026 12:47:54,56.92000,-0.10,0.00,-50.00,-0.35,0.00,0.00,-1.65,-310.00,1,Dragon Wave_BZ0,0.04,0.04hrs
16/07/2026 12:46:10,buy,0.01,GBPNZD,2.30948,16/07/2026 12:47:45,2.30963,-0.05,0.00,1.50,0.04,0.04,1.50,-0.09,-0.60,1,Dragon Wave_AZ0,0.03,0.03hrs
16/07/2026 12:45:40,buy,0.01,XAUUSD,4032.13000,16/07/2026 12:45:52,4032.13000,-0.15,0.00,0.00,-0.15,0.00,0.00,-0.15,0.00,1,Dragon Wave_CZ0,0.00,0.00hrs
16/07/2026 12:41:24,buy,0.01,XAUUSD,4033.54000,16/07/2026 12:42:53,4033.86000,-0.15,0.00,3.20,0.17,0.17,3.20,0.00,0.00,1,Dragon Wave_AZ0,0.02,0.02hrs
16/07/2026 12:31:38,buy,0.02,GBPUSD,1.35087,16/07/2026 12:42:52,1.35112,-0.10,0.00,2.50,0.40,0.40,2.50,-0.40,-1.50,1,Dragon Wave_CZ1,0.19,0.19hrs
16/07/2026 12:26:41,buy,0.01,GBPUSD,1.35134,16/07/2026 12:42:52,1.35112,-0.05,0.00,-2.20,-0.27,0.02,0.70,-0.67,-6.20,1,Dragon Wave_CZ0,0.27,0.27hrs
16/07/2026 12:39:40,buy,0.01,CHFJPY,200.88500,16/07/2026 12:41:49,200.90700,-0.05,0.00,2.20,0.08,0.08,2.20,-0.18,-2.10,1,Dragon Wave_CZ0,0.04,0.04hrs
16/07/2026 12:39:33,buy,0.01,USDJPY,162.17400,16/07/2026 12:41:05,162.19100,-0.05,0.00,1.70,0.05,0.05,1.70,-0.01,0.00,1,Dragon Wave_AZ0,0.03,0.03hrs
16/07/2026 12:40:17,buy,0.01,XAGUSD,56.94700,16/07/2026 12:41:00,56.95500,-0.10,0.00,80.00,0.30,0.30,80.00,0.00,0.00,1,Dragon Wave_AZ0,0.01,0.01hrs
16/07/2026 12:40:11,buy,0.01,XAUUSD,4032.96000,16/07/2026 12:40:57,4034.01000,-0.15,0.00,10.50,0.90,0.90,10.50,0.00,0.00,1,Dragon Wave_AZ0,0.01,0.01hrs
16/07/2026 12:40:15,buy,0.01,EURCAD,1.60975,16/07/2026 12:40:48,1.60969,-0.05,0.00,-0.60,-0.09,0.00,0.00,-0.09,-0.60,1,Dragon Wave_AZ0,0.01,0.01hrs
16/07/2026 12:38:37,buy,0.01,AUDJPY,113.49200,16/07/2026 12:40:33,113.50500,-0.05,0.00,1.30,0.03,0.03,1.30,-0.08,-0.50,1,Dragon Wave_CZ0,0.03,0.03hrs
16/07/2026 12:33:47,buy,0.02,EURUSD,1.14617,16/07/2026 12:38:09,1.14639,-0.10,0.00,2.20,0.34,0.34,2.20,-0.12,-0.10,1,Dragon Wave_CZ1,0.07,0.07hrs
16/07/2026 12:24:30,buy,0.01,EURUSD,1.14639,16/07/2026 12:38:09,1.14639,-0.05,0.00,0.00,-0.05,0.00,0.10,-0.28,-2.30,1,Dragon Wave_CZ0,0.23,0.23hrs
16/07/2026 12:27:51,buy,0.01,NZDCHF,0.47231,16/07/2026 12:36:39,0.47233,-0.05,0.00,0.20,-0.02,0.00,0.20,-0.09,-0.30,1,Dragon Wave_CZ0,0.15,0.15hrs
16/07/2026 12:26:28,buy,0.02,XAUUSD,4033.21000,16/07/2026 12:36:29,4034.46000,-0.29,0.00,12.50,2.21,2.21,12.50,-3.93,-18.20,1,Dragon Wave_CZ1,0.17,0.17hrs
16/07/2026 12:21:57,buy,0.01,XAUUSD,4034.68000,16/07/2026 12:36:29,4034.47000,-0.15,0.00,-2.10,-0.36,0.21,3.60,-3.44,-32.90,1,Dragon Wave_CZ0,0.24,0.24hrs
16/07/2026 12:29:00,buy,0.01,GBPCHF,1.09054,16/07/2026 12:36:22,1.09059,-0.05,0.00,0.50,0.01,0.01,0.50,-0.45,-3.20,1,Dragon Wave_CZ0,0.12,0.12hrs
16/07/2026 12:35:46,buy,0.01,AUDUSD,0.69982,16/07/2026 12:36:21,0.69988,-0.05,0.00,0.60,0.01,0.01,0.60,0.00,0.00,1,Dragon Wave_AZ0,0.01,0.01hrs
16/07/2026 12:27:34,buy,0.01,NZDCHF,0.47231,16/07/2026 12:36:15,0.47235,-0.05,0.00,0.00,0.00,0.00,0.00,-0.09,-0.30,1,Dragon Wave_BZ0,0.14,0.14hrs
16/07/2026 12:32:07,buy,0.02,EURUSD,1.14619,16/07/2026 12:36:11,1.14628,-0.10,0.00,0.90,0.08,0.08,0.90,-0.16,-0.30,1,Dragon Wave_AZ1,0.07,0.07hrs
16/07/2026 12:30:11,buy,0.01,EURUSD,1.14632,16/07/2026 12:36:11,1.14629,-0.05,0.00,-0.30,-0.08,0.00,0.00,-0.21,-1.60,1,Dragon Wave_AZ0,0.10,0.10hrs
16/07/2026 12:30:51,buy,0.01,XAUUSD,4033.25000,16/07/2026 12:36:06,4034.51000,-0.15,0.00,12.60,1.11,1.11,12.60,-1.66,-15.10,1,Dragon Wave_BZ0,0.09,0.09hrs
16/07/2026 12:13:30,buy,0.02,EURJPY,185.88800,16/07/2026 12:36:00,185.90900,-0.10,0.00,2.10,0.15,0.15,2.10,-0.27,-1.40,1,Dragon Wave_CZ1,0.38,0.38hrs
16/07/2026 11:53:34,buy,0.01,EURJPY,185.92300,16/07/2026 12:36:00,185.90600,-0.05,0.00,-1.70,-0.15,0.00,0.00,-0.35,-4.90,1,Dragon Wave_CZ0,0.71,0.71hrs
16/07/2026 12:30:03,buy,0.03,GBPJPY,219.06400,16/07/2026 12:35:02,219.08100,-0.15,0.00,1.70,0.16,0.18,1.80,-0.89,-4.00,1,Dragon Wave_CZ2,0.08,0.08hrs
16/07/2026 12:17:29,buy,0.02,GBPJPY,219.14600,16/07/2026 12:35:02,219.07800,-0.10,0.00,-6.80,-0.94,0.00,0.00,-1.60,-12.20,1,Dragon Wave_CZ1,0.29,0.29hrs
16/07/2026 12:07:29,buy,0.01,GBPJPY,219.20700,16/07/2026 12:35:02,219.07900,-0.05,0.00,-12.80,-0.83,0.00,0.00,-1.18,-18.30,1,Dragon Wave_CZ0,0.46,0.46hrs
16/07/2026 12:32:18,buy,0.04,GBPJPY,219.02200,16/07/2026 12:35:01,219.08100,-0.20,0.00,5.90,1.25,1.28,6.00,-0.15,0.00,1,Dragon Wave_CZ3,0.05,0.05hrs
16/07/2026 12:33:25,buy,0.01,CADCHF,0.57469,16/07/2026 12:34:59,0.57475,-0.05,0.00,0.60,0.03,0.03,0.60,0.00,0.00,1,Dragon Wave_AZ0,0.03,0.03hrs
16/07/2026 12:26:43,buy,0.01,AUDJPY,113.50800,16/07/2026 12:34:54,113.51100,-0.05,0.00,0.30,-0.03,0.00,0.30,-0.17,-1.90,1,Dragon Wave_CZ0,0.14,0.14hrs
16/07/2026 12:31:20,buy,0.02,AUDJPY,113.49200,16/07/2026 12:34:53,113.51000,-0.10,0.00,1.80,0.13,0.13,1.80,-0.14,-0.30,1,Dragon Wave_CZ1,0.06,0.06hrs
16/07/2026 12:32:17,buy,0.02,XAGUSD,56.96600,16/07/2026 12:34:35,56.97600,-0.21,0.00,100.00,0.79,0.79,100.00,-1.11,-90.00,1,Dragon Wave_AZ1,0.04,0.04hrs
16/07/2026 12:31:13,buy,0.01,XAGUSD,56.99500,16/07/2026 12:34:35,56.97600,-0.10,0.00,-190.00,-1.05,0.00,0.00,-2.00,-380.00,1,Dragon Wave_AZ0,0.06,0.06hrs
16/07/2026 12:32:31,buy,0.01,GBPNZD,2.30846,16/07/2026 12:33:53,2.30885,-0.05,0.00,3.90,0.18,0.18,3.90,0.00,0.00,1,Dragon Wave_BZ0,0.02,0.02hrs
16/07/2026 12:32:17,buy,0.02,AUDJPY,113.48600,16/07/2026 12:33:50,113.50000,-0.10,0.00,1.40,0.07,0.07,1.40,-0.06,0.00,1,Dragon Wave_BZ1,0.03,0.03hrs
16/07/2026 12:27:31,buy,0.01,AUDJPY,113.50200,16/07/2026 12:33:50,113.50000,-0.05,0.00,-0.20,-0.06,0.00,0.00,-0.13,-1.30,1,Dragon Wave_BZ0,0.11,0.11hrs
16/07/2026 12:31:24,buy,0.01,CADJPY,115.46000,16/07/2026 12:33:46,115.46900,-0.05,0.00,0.00,0.00,0.00,0.00,-0.16,-1.70,1,Dragon Wave_AZ0,0.04,0.04hrs
16/07/2026 12:31:34,buy,0.01,XAUUSD,4032.43000,16/07/2026 12:33:05,4032.79000,-0.15,0.00,3.60,0.21,0.21,3.60,-0.84,-6.90,1,Dragon Wave_AZ0,0.03,0.03hrs
16/07/2026 11:45:38,buy,0.01,EURCAD,1.61055,16/07/2026 12:31:26,1.60991,-0.05,0.00,-6.40,-0.50,0.00,0.00,-0.77,-10.10,1,Dragon Wave_BZ0,0.76,0.76hrs
16/07/2026 11:58:44,buy,0.03,EURCAD,1.60973,16/07/2026 12:31:25,1.60991,-0.15,0.00,1.80,0.24,0.32,2.20,-0.56,-1.90,1,Dragon Wave_BZ2,0.54,0.54hrs
16/07/2026 11:54:04,buy,0.02,EURCAD,1.61013,16/07/2026 12:31:25,1.60990,-0.10,0.00,-2.30,-0.43,0.00,0.00,-0.94,-5.90,1,Dragon Wave_BZ1,0.62,0.62hrs
16/07/2026 12:22:35,buy,0.03,XAUUSD,4034.63000,16/07/2026 12:30:28,4034.34000,-0.44,0.00,-2.90,-1.31,0.00,0.00,-10.16,-32.40,1,Dragon Wave_BZ2,0.13,0.13hrs
16/07/2026 12:20:31,buy,0.02,XAUUSD,4035.89000,16/07/2026 12:30:28,4034.06000,-0.29,0.00,-18.30,-3.95,0.00,0.00,-9.29,-45.00,1,Dragon Wave_BZ1,0.17,0.17hrs
16/07/2026 12:18:04,buy,0.01,XAUUSD,4036.18000,16/07/2026 12:30:28,4034.06000,-0.15,0.00,-21.20,-2.27,0.00,0.00,-4.94,-47.90,1,Dragon Wave_BZ0,0.21,0.21hrs
16/07/2026 12:27:17,buy,0.04,XAUUSD,4031.84000,16/07/2026 12:30:27,4034.34000,-0.58,0.00,25.00,9.42,9.42,25.00,-2.38,-4.50,1,Dragon Wave_BZ3,0.05,0.05hrs
16/07/2026 12:28:14,buy,0.01,CADCHF,0.57465,16/07/2026 12:29:31,0.57469,-0.05,0.00,0.00,0.00,0.00,0.00,0.00,0.00,1,Dragon Wave_AZ0,0.02,0.02hrs
16/07/2026 12:14:42,buy,0.02,USDJPY,162.12400,16/07/2026 12:27:59,162.14300,-0.10,0.00,1.90,0.13,0.13,1.90,-0.17,-0.60,1,Dragon Wave_CZ1,0.22,0.22hrs
16/07/2026 12:11:49,buy,0.01,USDJPY,162.14100,16/07/2026 12:27:59,162.14300,-0.05,0.00,0.20,-0.04,0.00,0.20,-0.19,-2.30,1,Dragon Wave_CZ0,0.27,0.27hrs
16/07/2026 12:12:52,buy,0.01,USDJPY,162.13100,16/07/2026 12:27:51,162.14300,-0.05,0.00,1.20,0.02,0.02,1.20,-0.13,-1.30,1,Dragon Wave_BZ0,0.25,0.25hrs
16/07/2026 11:58:16,buy,0.02,USDCAD,1.40425,16/07/2026 12:25:44,1.40442,-0.10,0.00,1.70,0.14,0.14,1.70,-0.24,-1.00,1,Dragon Wave_BZ1,0.46,0.46hrs
16/07/2026 11:51:45,buy,0.01,USDCAD,1.40446,16/07/2026 12:25:44,1.40443,-0.05,0.00,-0.30,-0.07,0.00,0.00,-0.27,-3.10,1,Dragon Wave_BZ0,0.57,0.57hrs
16/07/2026 12:12:41,buy,0.02,USDJPY,162.13300,16/07/2026 12:22:59,162.13300,-0.10,0.00,0.00,-0.10,0.00,0.00,-0.29,-1.50,1,Dragon Wave_AZ1,0.17,0.17hrs
16/07/2026 12:11:23,buy,0.01,USDJPY,162.14100,16/07/2026 12:22:59,162.13700,-0.05,0.00,-0.40,-0.07,0.00,0.00,-0.19,-2.30,1,Dragon Wave_AZ0,0.19,0.19hrs
16/07/2026 12:20:39,buy,0.03,USDJPY,162.11900,16/07/2026 12:22:58,162.13300,-0.15,0.00,1.40,0.11,0.11,1.40,-0.17,-0.10,1,Dragon Wave_AZ2,0.04,0.04hrs
16/07/2026 12:17:21,buy,0.01,GBPAUD,1.93030,16/07/2026 12:21:58,1.93034,-0.05,0.00,0.40,-0.02,0.00,0.40,-0.02,0.00,1,Dragon Wave_BZ0,0.08,0.08hrs
16/07/2026 12:16:48,buy,0.01,USDCHF,0.80693,16/07/2026 12:18:41,0.80709,-0.05,0.00,1.60,0.15,0.15,1.60,0.00,0.00,1,Dragon Wave_CZ0,0.03,0.03hrs
16/07/2026 12:16:47,buy,0.01,CADCHF,0.57468,16/07/2026 12:18:40,0.57483,-0.05,0.00,1.50,0.14,0.14,1.50,0.00,0.00,1,Dragon Wave_CZ0,0.03,0.03hrs
16/07/2026 12:15:24,buy,0.01,EURUSD,1.14648,16/07/2026 12:16:00,1.14663,-0.05,0.00,1.50,0.10,0.10,1.50,0.00,0.00,1,Dragon Wave_AZ0,0.01,0.01hrs
16/07/2026 12:15:11,buy,0.01,XAUUSD,4036.36000,16/07/2026 12:15:59,4036.96000,-0.15,0.00,6.00,0.45,0.45,6.00,0.00,0.00,1,Dragon Wave_AZ0,0.01,0.01hrs
16/07/2026 11:12:32,buy,0.02,NZDCAD,0.82197,16/07/2026 12:14:33,0.82188,-0.10,0.00,-0.90,-0.23,0.09,1.30,-0.94,-5.90,1,Dragon Wave_CZ1,1.03,1.03hrs
16/07/2026 11:10:47,buy,0.01,NZDCAD,0.82227,16/07/2026 12:14:33,0.82187,-0.05,0.00,-4.00,-0.34,0.00,0.00,-0.68,-8.90,1,Dragon Wave_CZ0,1.06,1.06hrs
16/07/2026 11:52:49,buy,0.03,NZDCAD,0.82150,16/07/2026 12:14:32,0.82188,-0.15,0.00,3.80,0.67,0.67,3.80,-0.41,-1.20,1,Dragon Wave_CZ2,0.36,0.36hrs
16/07/2026 12:10:30,buy,0.01,AUDJPY,113.49900,16/07/2026 12:12:48,113.50900,-0.05,0.00,1.00,0.01,0.01,1.00,0.00,0.00,1,Dragon Wave_AZ0,0.04,0.04hrs
16/07/2026 12:07:39,buy,0.01,GBPUSD,1.35177,16/07/2026 12:12:43,1.35186,-0.05,0.00,0.90,0.04,0.04,0.90,-0.06,-0.10,1,Dragon Wave_CZ0,0.08,0.08hrs
16/07/2026 12:10:25,buy,0.02,GBPUSD,1.35156,16/07/2026 12:10:50,1.35169,-0.10,0.00,1.30,0.16,0.16,1.30,0.00,0.00,1,Dragon Wave_BZ1,0.01,0.01hrs
16/07/2026 12:07:33,buy,0.01,GBPUSD,1.35178,16/07/2026 12:10:50,1.35170,-0.05,0.00,-0.80,-0.13,0.00,0.00,-0.13,-0.80,1,Dragon Wave_BZ0,0.05,0.05hrs
16/07/2026 12:07:36,buy,0.01,GBPAUD,1.93120,16/07/2026 12:08:44,1.93132,-0.05,0.00,1.20,0.04,0.04,1.20,0.00,0.00,1,Dragon Wave_AZ0,0.02,0.02hrs
16/07/2026 12:06:45,buy,0.01,XAGUSD,57.01400,16/07/2026 12:07:50,57.05000,-0.10,0.00,360.00,1.70,1.70,360.00,0.00,0.00,1,Dragon Wave_BZ0,0.02,0.02hrs
16/07/2026 11:12:02,buy,0.02,NZDCAD,0.82201,16/07/2026 12:07:00,0.82157,-0.10,0.00,-4.40,-0.72,0.03,0.90,-1.00,-6.30,1,Dragon Wave_BZ1,0.92,0.92hrs
16/07/2026 11:10:24,buy,0.01,NZDCAD,0.82231,16/07/2026 12:07:00,0.82160,-0.05,0.00,-7.10,-0.55,0.00,0.00,-0.71,-9.30,1,Dragon Wave_BZ0,0.94,0.94hrs
16/07/2026 11:55:21,buy,0.07,NZDCAD,0.82128,16/07/2026 12:06:59,0.82157,-0.35,0.00,2.90,1.09,1.09,2.90,0.00,0.00,1,Dragon Wave_BZ4,0.19,0.19hrs
16/07/2026 11:52:31,buy,0.04,NZDCAD,0.82151,16/07/2026 12:06:59,0.82157,-0.20,0.00,0.60,-0.03,0.00,0.60,-0.57,-1.30,1,Dragon Wave_BZ3,0.24,0.24hrs
16/07/2026 11:45:35,buy,0.03,NZDCAD,0.82163,16/07/2026 12:06:59,0.82157,-0.15,0.00,-0.60,-0.28,0.00,0.30,-0.68,-2.50,1,Dragon Wave_BZ2,0.36,0.36hrs
16/07/2026 12:05:55,buy,0.01,CADCHF,0.57469,16/07/2026 12:06:54,0.57474,-0.05,0.00,0.50,0.01,0.01,0.50,0.00,0.00,1,Dragon Wave_CZ0,0.02,0.02hrs
16/07/2026 12:04:12,buy,0.01,EURGBP,0.84786,16/07/2026 12:06:07,0.84794,-0.05,0.00,0.80,0.06,0.06,0.80,0.00,0.00,1,Dragon Wave_BZ0,0.03,0.03hrs
16/07/2026 12:05:06,buy,0.02,XAUUSD,4035.43000,16/07/2026 12:06:02,4036.29000,-0.29,0.00,8.60,1.43,1.43,8.60,0.00,0.00,1,Dragon Wave_AZ1,0.02,0.02hrs
16/07/2026 12:04:04,buy,0.01,XAUUSD,4036.24000,16/07/2026 12:06:02,4036.30000,-0.15,0.00,0.60,-0.09,0.00,0.60,-0.09,0.00,1,Dragon Wave_AZ0,0.03,0.03hrs
16/07/2026 12:04:49,buy,0.01,EURUSD,1.14626,16/07/2026 12:05:30,1.14640,-0.05,0.00,1.40,0.09,0.09,1.40,0.00,0.00,1,Dragon Wave_BZ0,0.01,0.01hrs
16/07/2026 12:04:33,buy,0.01,EURUSD,1.14632,16/07/2026 12:05:22,1.14645,-0.05,0.00,1.30,0.08,0.08,1.30,0.00,0.00,1,Dragon Wave_AZ0,0.01,0.01hrs
16/07/2026 12:01:16,buy,0.01,CADCHF,0.57478,16/07/2026 12:04:38,0.57479,-0.05,0.00,0.10,-0.03,0.00,0.10,-0.11,-0.50,1,Dragon Wave_BZ0,0.06,0.06hrs
16/07/2026 11:55:50,buy,0.01,AUDCAD,0.98257,16/07/2026 12:02:51,0.98269,-0.05,0.00,1.20,0.03,0.03,1.20,-0.06,-0.20,1,Dragon Wave_CZ0,0.12,0.12hrs
16/07/2026 12:01:32,buy,0.01,EURUSD,1.14643,16/07/2026 12:02:18,1.14650,-0.05,0.00,0.70,0.02,0.02,0.70,0.00,0.00,1,Dragon Wave_AZ0,0.01,0.01hrs
16/07/2026 11:53:47,buy,0.01,EURUSD,1.14645,16/07/2026 11:59:38,1.14659,-0.05,0.00,1.40,0.09,0.09,1.40,0.00,0.00,1,Dragon Wave_CZ0,0.10,0.10hrs
16/07/2026 11:47:24,buy,0.01,CHFJPY,200.94500,16/07/2026 11:59:32,200.96300,-0.05,0.00,1.80,0.06,0.09,2.20,-0.17,-2.00,1,Dragon Wave_CZ0,0.20,0.20hrs
16/07/2026 11:55:20,buy,0.01,NZDCHF,0.47203,16/07/2026 11:57:52,0.47207,-0.05,0.00,0.00,0.00,0.00,0.00,0.00,0.00,1,Dragon Wave_AZ0,0.04,0.04hrs
16/07/2026 11:54:19,buy,0.01,GBPUSD,1.35189,16/07/2026 11:56:28,1.35215,-0.05,0.00,2.60,0.21,0.21,2.60,0.00,0.00,1,Dragon Wave_BZ0,0.04,0.04hrs
16/07/2026 11:53:39,buy,0.01,EURUSD,1.14647,16/07/2026 11:56:24,1.14649,-0.05,0.00,0.20,-0.03,0.00,0.20,-0.03,0.00,1,Dragon Wave_BZ0,0.05,0.05hrs
16/07/2026 11:55:24,buy,0.02,EURUSD,1.14634,16/07/2026 11:56:23,1.14649,-0.10,0.00,1.50,0.20,0.20,1.50,0.00,0.00,1,Dragon Wave_BZ1,0.02,0.02hrs
16/07/2026 11:54:15,buy,0.01,GBPCHF,1.09114,16/07/2026 11:55:09,1.09127,-0.05,0.00,1.30,0.11,0.11,1.30,0.00,0.00,1,Dragon Wave_AZ0,0.01,0.01hrs
16/07/2026 11:45:48,buy,0.01,EURUSD,1.14661,16/07/2026 11:52:42,1.14669,-0.05,0.00,0.80,0.03,0.03,0.80,-0.10,-0.50,1,Dragon Wave_CZ0,0.12,0.12hrs
16/07/2026 11:50:16,buy,0.01,XAUUSD,4034.08000,16/07/2026 11:50:52,4034.67000,-0.15,0.00,5.90,0.44,0.44,5.90,0.00,0.00,1,Dragon Wave_AZ0,0.01,0.01hrs
16/07/2026 11:50:29,buy,0.01,GBPAUD,1.93250,16/07/2026 11:50:49,1.93264,-0.05,0.00,1.40,0.05,0.05,1.40,0.00,0.00,1,Dragon Wave_AZ0,0.01,0.01hrs
16/07/2026 11:45:41,buy,0.01,AUDUSD,0.69962,16/07/2026 11:49:49,0.69972,-0.05,0.00,1.00,0.05,0.05,1.00,-0.09,-0.40,1,Dragon Wave_BZ0,0.07,0.07hrs
16/07/2026 11:45:37,buy,0.01,EURUSD,1.14657,16/07/2026 11:48:55,1.14668,-0.05,0.00,1.10,0.06,0.06,1.10,-0.06,-0.10,1,Dragon Wave_BZ0,0.06,0.06hrs
16/07/2026 11:47:29,buy,0.01,GBPUSD,1.35212,16/07/2026 11:48:48,1.35230,-0.05,0.00,1.80,0.13,0.13,1.80,0.00,0.00,1,Dragon Wave_BZ0,0.02,0.02hrs
16/07/2026 11:46:08,buy,0.02,NZDCAD,0.82163,16/07/2026 11:46:45,0.82171,-0.10,0.00,0.80,0.02,0.02,0.80,0.00,0.00,1,Dragon Wave_AZ1,0.01,0.01hrs
16/07/2026 11:44:18,buy,0.01,NZDCAD,0.82175,16/07/2026 11:46:45,0.82171,-0.05,0.00,-0.40,-0.08,0.00,0.00,-0.13,-1.10,1,Dragon Wave_AZ0,0.04,0.04hrs
16/07/2026 11:28:37,buy,0.01,CADCHF,0.57439,16/07/2026 11:45:20,0.57445,-0.05,0.00,0.60,0.03,0.03,0.60,-0.11,-0.50,1,Dragon Wave_CZ0,0.28,0.28hrs
16/07/2026 11:28:20,buy,0.01,CADCHF,0.57442,16/07/2026 11:44:39,0.57444,-0.05,0.00,0.20,-0.02,0.00,0.20,-0.15,-0.80,1,Dragon Wave_AZ0,0.27,0.27hrs
16/07/2026 11:30:11,buy,0.02,CADCHF,0.57438,16/07/2026 11:44:38,0.57444,-0.10,0.00,0.60,0.05,0.05,0.60,-0.20,-0.40,1,Dragon Wave_AZ1,0.24,0.24hrs
16/07/2026 11:29:28,buy,0.01,CADCHF,0.57437,16/07/2026 11:44:19,0.57442,-0.05,0.00,0.50,0.01,0.01,0.50,-0.09,-0.30,1,Dragon Wave_BZ0,0.25,0.25hrs
16/07/2026 11:42:02,buy,0.01,NZDCAD,0.82182,16/07/2026 11:43:40,0.82186,-0.05,0.00,0.40,-0.02,0.00,0.40,-0.02,0.00,1,Dragon Wave_AZ0,0.03,0.03hrs
16/07/2026 11:42:13,buy,0.01,EURUSD,1.14667,16/07/2026 11:42:47,1.14679,-0.05,0.00,1.20,0.07,0.07,1.20,0.00,0.00,1,Dragon Wave_AZ0,0.01,0.01hrs
16/07/2026 11:40:14,buy,0.01,EURUSD,1.14663,16/07/2026 11:40:40,1.14666,-0.05,0.00,0.30,-0.02,0.00,0.30,-0.02,0.00,1,Dragon Wave_BZ0,0.01,0.01hrs
16/07/2026 11:37:40,buy,0.01,GBPCHF,1.09084,16/07/2026 11:40:39,1.09096,-0.05,0.00,1.20,0.10,0.10,1.20,-0.04,0.00,1,Dragon Wave_AZ0,0.05,0.05hrs
16/07/2026 11:29:26,buy,0.01,NZDCHF,0.47210,16/07/2026 11:35:25,0.47219,-0.05,0.00,0.90,0.06,0.06,0.90,0.00,0.00,1,Dragon Wave_BZ0,0.10,0.10hrs
16/07/2026 11:29:03,buy,0.01,NZDJPY,94.88100,16/07/2026 11:35:20,94.89500,-0.05,0.00,1.40,0.04,0.04,1.40,0.00,0.00,1,Dragon Wave_BZ0,0.10,0.10hrs
16/07/2026 11:28:29,buy,0.01,NZDCHF,0.47217,16/07/2026 11:35:09,0.47216,-0.05,0.00,-0.10,-0.07,0.00,0.00,-0.07,-0.10,1,Dragon Wave_AZ0,0.11,0.11hrs
16/07/2026 11:29:11,buy,0.02,NZDCHF,0.47214,16/07/2026 11:35:08,0.47218,-0.10,0.00,0.00,0.00,0.00,0.00,0.00,0.00,1,Dragon Wave_AZ1,0.10,0.10hrs
16/07/2026 11:29:46,buy,0.01,NZDCHF,0.47204,16/07/2026 11:34:56,0.47212,-0.05,0.00,0.80,0.05,0.05,0.80,0.00,0.00,1,Dragon Wave_CZ0,0.09,0.09hrs
16/07/2026 11:31:54,buy,0.01,USDJPY,162.10000,16/07/2026 11:33:04,162.11000,-0.05,0.00,1.00,0.01,0.01,1.00,0.00,0.00,1,Dragon Wave_BZ0,0.02,0.02hrs
16/07/2026 10:42:16,buy,0.01,GBPNZD,2.31236,16/07/2026 11:32:40,2.31101,-0.05,0.00,-13.50,-0.84,0.00,0.00,-1.72,-28.60,1,Dragon Wave_AZ0,0.84,0.84hrs
16/07/2026 11:02:17,buy,0.03,GBPNZD,2.31035,16/07/2026 11:32:39,2.31141,-0.15,0.00,10.60,1.71,1.71,10.60,-1.64,-8.50,1,Dragon Wave_AZ2,0.51,0.51hrs
16/07/2026 10:45:14,buy,0.02,GBPNZD,2.31195,16/07/2026 11:32:39,2.31141,-0.10,0.00,-5.40,-0.73,0.00,0.00,-2.97,-24.50,1,Dragon Wave_AZ1,0.79,0.79hrs
16/07/2026 11:05:37,buy,0.01,EURUSD,1.14666,16/07/2026 11:32:28,1.14675,-0.05,0.00,0.90,0.04,0.04,0.90,-0.40,-3.50,1,Dragon Wave_CZ0,0.45,0.45hrs
16/07/2026 11:26:16,buy,0.03,GBPCAD,1.89886,16/07/2026 11:32:18,1.89960,-0.15,0.00,7.40,1.43,1.43,7.40,0.00,0.00,1,Dragon Wave_BZ2,0.10,0.10hrs
16/07/2026 11:04:27,buy,0.02,GBPCAD,1.89987,16/07/2026 11:32:18,1.89959,-0.10,0.00,-2.80,-0.49,0.00,0.00,-1.42,-9.30,1,Dragon Wave_BZ1,0.46,0.46hrs
16/07/2026 11:01:21,buy,0.01,GBPCAD,1.90051,16/07/2026 11:32:18,1.89959,-0.05,0.00,-9.20,-0.71,0.00,0.00,-1.17,-15.70,1,Dragon Wave_BZ0,0.52,0.52hrs
16/07/2026 11:29:57,buy,0.01,NZDCAD,0.82186,16/07/2026 11:32:17,0.82194,-0.05,0.00,0.00,0.00,0.00,0.00,0.00,0.00,1,Dragon Wave_AZ0,0.04,0.04hrs
16/07/2026 11:29:47,buy,0.01,NZDUSD,0.58518,16/07/2026 11:32:16,0.58524,-0.05,0.00,0.60,0.01,0.01,0.60,0.00,0.00,1,Dragon Wave_BZ0,0.04,0.04hrs
16/07/2026 11:13:58,buy,0.02,GBPUSD,1.35229,16/07/2026 11:31:59,1.35266,-0.10,0.00,3.70,0.64,0.64,3.70,-0.32,-1.10,1,Dragon Wave_CZ1,0.30,0.30hrs
16/07/2026 11:04:00,buy,0.01,GBPUSD,1.35289,16/07/2026 11:31:59,1.35266,-0.05,0.00,-2.30,-0.28,0.00,0.00,-0.76,-7.10,1,Dragon Wave_CZ0,0.47,0.47hrs
16/07/2026 11:16:34,buy,0.01,GBPJPY,219.24300,16/07/2026 11:31:48,219.26600,-0.05,0.00,2.30,0.09,0.09,2.30,-0.26,-3.40,1,Dragon Wave_CZ0,0.25,0.25hrs
16/07/2026 10:58:11,buy,0.01,GBPAUD,1.93401,16/07/2026 11:31:31,1.93301,-0.05,0.00,-10.00,-0.75,0.00,0.00,-0.95,-12.80,1,Dragon Wave_AZ0,0.56,0.56hrs
16/07/2026 11:22:29,buy,0.03,GBPAUD,1.93268,16/07/2026 11:31:30,1.93300,-0.15,0.00,3.20,0.53,0.53,3.20,-0.05,0.00,1,Dragon Wave_AZ2,0.15,0.15hrs
16/07/2026 11:01:26,buy,0.02,GBPAUD,1.93348,16/07/2026 11:31:30,1.93300,-0.10,0.00,-4.80,-0.77,0.00,0.00,-1.15,-7.50,1,Dragon Wave_AZ1,0.50,0.50hrs
16/07/2026 11:27:59,buy,0.02,GBPAUD,1.93256,16/07/2026 11:30:49,1.93287,-0.10,0.00,3.10,0.33,0.33,3.10,0.00,0.00,1,Dragon Wave_CZ1,0.05,0.05hrs
16/07/2026 11:02:27,buy,0.01,GBPAUD,1.93332,16/07/2026 11:30:49,1.93287,-0.05,0.00,-4.50,-0.36,0.00,0.00,-0.46,-5.90,1,Dragon Wave_CZ0,0.47,0.47hrs
16/07/2026 11:10:28,buy,0.01,USDCAD,1.40452,16/07/2026 11:29:40,1.40462,-0.05,0.00,1.00,0.02,0.02,1.00,-0.08,-0.40,1,Dragon Wave_AZ0,0.32,0.32hrs
16/07/2026 11:22:19,buy,0.02,EURAUD,1.63845,16/07/2026 11:27:44,1.63869,-0.10,0.00,2.40,0.23,0.23,2.40,-0.13,-0.20,1,Dragon Wave_BZ1,0.09,0.09hrs
16/07/2026 11:00:43,buy,0.01,EURAUD,1.63893,16/07/2026 11:27:44,1.63871,-0.05,0.00,-2.20,-0.20,0.00,0.20,-0.50,-6.40,1,Dragon Wave_BZ0,0.45,0.45hrs
16/07/2026 11:12:11,buy,0.01,EURUSD,1.14641,16/07/2026 11:27:00,1.14660,-0.05,0.00,1.90,0.14,0.14,1.90,-0.15,-1.00,1,Dragon Wave_BZ0,0.25,0.25hrs
16/07/2026 11:12:07,buy,0.01,NZDJPY,94.91300,16/07/2026 11:26:54,94.91100,-0.05,0.00,-0.20,-0.06,0.00,0.00,-0.33,-4.50,1,Dragon Wave_BZ0,0.25,0.25hrs
16/07/2026 11:14:20,buy,0.02,NZDJPY,94.89500,16/07/2026 11:26:53,94.91100,-0.10,0.00,1.60,0.10,0.10,1.60,-0.43,-2.70,1,Dragon Wave_BZ1,0.21,0.21hrs
16/07/2026 11:11:50,buy,0.01,EURCAD,1.60998,16/07/2026 11:26:40,1.61015,-0.05,0.00,1.70,0.07,0.07,1.70,-0.17,-1.70,1,Dragon Wave_CZ0,0.25,0.25hrs
16/07/2026 11:11:29,buy,0.02,NZDCAD,0.82218,16/07/2026 11:26:27,0.82213,-0.10,0.00,-0.50,-0.17,0.00,0.00,-0.66,-3.90,1,Dragon Wave_AZ1,0.25,0.25hrs
16/07/2026 11:07:34,buy,0.01,NZDCAD,0.82236,16/07/2026 11:26:27,0.82213,-0.05,0.00,-2.30,-0.21,0.00,0.00,-0.46,-5.70,1,Dragon Wave_AZ0,0.31,0.31hrs
16/07/2026 11:14:22,buy,0.03,NZDCAD,0.82185,16/07/2026 11:26:26,0.82211,-0.15,0.00,2.60,0.41,0.41,2.60,-0.28,-0.60,1,Dragon Wave_AZ2,0.20,0.20hrs
16/07/2026 11:16:56,buy,0.01,EURJPY,185.87200,16/07/2026 11:26:08,185.88100,-0.05,0.00,0.90,0.01,0.01,0.90,-0.17,-2.00,1,Dragon Wave_CZ0,0.15,0.15hrs
16/07/2026 11:22:03,buy,0.01,EURCHF,0.92476,16/07/2026 11:26:01,0.92485,-0.05,0.00,0.90,0.07,0.07,0.90,-0.15,-0.80,1,Dragon Wave_AZ0,0.07,0.07hrs
16/07/2026 11:16:37,buy,0.01,EURJPY,185.86100,16/07/2026 11:25:53,185.87600,-0.05,0.00,1.50,0.05,0.05,1.50,-0.11,-0.90,1,Dragon Wave_BZ0,0.15,0.15hrs
16/07/2026 11:21:58,buy,0.01,CADCHF,0.57436,16/07/2026 11:24:55,0.57445,-0.05,0.00,0.90,0.07,0.07,0.90,-0.04,0.00,1,Dragon Wave_CZ0,0.05,0.05hrs
16/07/2026 11:16:27,buy,0.01,CHFJPY,200.97100,16/07/2026 11:22:53,200.98700,-0.05,0.00,1.60,0.05,0.05,1.60,-0.14,-1.40,1,Dragon Wave_BZ0,0.11,0.11hrs
16/07/2026 11:14:03,buy,0.01,AUDJPY,113.41500,16/07/2026 11:22:08,113.42700,-0.05,0.00,1.20,0.03,0.03,1.20,-0.14,-1.40,1,Dragon Wave_CZ0,0.13,0.13hrs
16/07/2026 11:14:42,buy,0.02,NZDUSD,0.58515,16/07/2026 11:22:07,0.58534,-0.10,0.00,1.90,0.28,0.28,1.90,-0.20,-0.50,1,Dragon Wave_BZ1,0.12,0.12hrs
16/07/2026 11:11:33,buy,0.01,NZDUSD,0.58539,16/07/2026 11:22:07,0.58534,-0.05,0.00,-0.50,-0.10,0.00,0.00,-0.34,-2.90,1,Dragon Wave_BZ0,0.18,0.18hrs
16/07/2026 11:17:10,buy,0.02,CHFJPY,200.96600,16/07/2026 11:22:04,200.99100,-0.10,0.00,2.50,0.21,0.21,2.50,-0.21,-0.90,1,Dragon Wave_AZ1,0.08,0.08hrs
16/07/2026 11:13:34,buy,0.01,CHFJPY,200.99200,16/07/2026 11:22:04,200.99100,-0.05,0.00,-0.10,-0.05,0.03,1.30,-0.27,-3.50,1,Dragon Wave_AZ0,0.14,0.14hrs
16/07/2026 11:17:19,buy,0.02,AUDJPY,113.40000,16/07/2026 11:22:02,113.43200,-0.10,0.00,3.20,0.29,0.29,3.20,-0.09,0.00,1,Dragon Wave_AZ1,0.08,0.08hrs
16/07/2026 11:13:43,buy,0.01,AUDJPY,113.42400,16/07/2026 11:22:02,113.42600,-0.05,0.00,0.20,-0.04,0.00,0.20,-0.19,-2.30,1,Dragon Wave_AZ0,0.14,0.14hrs
16/07/2026 11:17:25,buy,0.01,CHFJPY,200.95200,16/07/2026 11:21:57,200.99300,-0.05,0.00,4.10,0.21,0.21,4.10,-0.02,0.00,1,Dragon Wave_CZ0,0.08,0.08hrs
16/07/2026 11:14:43,buy,0.02,AUDCAD,0.98230,16/07/2026 11:21:53,0.98256,-0.10,0.00,2.60,0.27,0.27,2.60,-0.07,0.00,1,Dragon Wave_BZ1,0.12,0.12hrs
16/07/2026 11:11:56,buy,0.01,AUDCAD,0.98248,16/07/2026 11:21:53,0.98252,-0.05,0.00,0.40,-0.02,0.00,0.40,-0.16,-1.50,1,Dragon Wave_BZ0,0.17,0.17hrs
16/07/2026 11:12:19,buy,0.01,AUDUSD,0.69954,16/07/2026 11:21:49,0.69967,-0.05,0.00,1.30,0.08,0.08,1.30,-0.15,-0.90,1,Dragon Wave_CZ0,0.16,0.16hrs
16/07/2026 11:18:54,buy,0.01,EURUSD,1.14626,16/07/2026 11:21:22,1.14641,-0.05,0.00,1.50,0.10,0.10,1.50,0.00,0.00,1,Dragon Wave_AZ0,0.04,0.04hrs
16/07/2026 11:17:43,buy,0.01,USDJPY,162.09600,16/07/2026 11:21:14,162.11400,-0.05,0.00,1.80,0.06,0.06,1.80,-0.02,0.00,1,Dragon Wave_CZ0,0.06,0.06hrs
16/07/2026 11:13:36,buy,0.01,NZDCHF,0.47215,16/07/2026 11:20:34,0.47219,-0.05,0.00,0.00,0.00,0.00,0.00,-0.17,-1.00,1,Dragon Wave_CZ0,0.12,0.12hrs
16/07/2026 11:17:45,buy,0.01,EURJPY,185.82800,16/07/2026 11:19:47,185.84100,-0.05,0.00,1.30,0.03,0.10,2.40,0.00,0.00,1,Dragon Wave_AZ0,0.03,0.03hrs
16/07/2026 11:16:31,buy,0.01,CADCHF,0.57446,16/07/2026 11:18:45,0.57452,-0.05,0.00,0.60,0.03,0.03,0.60,-0.09,-0.30,1,Dragon Wave_AZ0,0.04,0.04hrs
16/07/2026 11:17:35,buy,0.02,USDJPY,162.09000,16/07/2026 11:18:27,162.11200,-0.10,0.00,2.20,0.17,0.17,2.20,0.00,0.00,1,Dragon Wave_BZ1,0.01,0.01hrs
16/07/2026 11:16:40,buy,0.01,USDJPY,162.12900,16/07/2026 11:18:27,162.11200,-0.05,0.00,-1.70,-0.15,0.00,0.00,-0.22,-2.80,1,Dragon Wave_BZ0,0.03,0.03hrs
16/07/2026 11:17:25,buy,0.02,AUDJPY,113.39500,16/07/2026 11:18:23,113.40900,-0.10,0.00,1.40,0.07,0.07,1.40,-0.03,0.00,1,Dragon Wave_BZ1,0.02,0.02hrs
16/07/2026 11:13:57,buy,0.01,AUDJPY,113.41500,16/07/2026 11:18:23,113.41100,-0.05,0.00,-0.40,-0.07,0.00,0.20,-0.14,-1.40,1,Dragon Wave_BZ0,0.07,0.07hrs
16/07/2026 11:15:18,buy,0.01,EURUSD,1.14639,16/07/2026 11:18:12,1.14645,-0.05,0.00,0.60,0.01,0.01,0.60,-0.04,0.00,1,Dragon Wave_AZ0,0.05,0.05hrs
16/07/2026 11:14:40,buy,0.01,XAGUSD,56.57700,16/07/2026 11:18:09,56.67200,-0.10,0.00,950.00,4.65,4.65,950.00,0.00,0.00,1,Dragon Wave_CZ0,0.06,0.06hrs
16/07/2026 11:16:27,buy,0.02,XAGUSD,56.60000,16/07/2026 11:18:03,56.64200,-0.20,0.00,420.00,4.00,4.00,420.00,0.00,0.00,1,Dragon Wave_BZ1,0.03,0.03hrs
16/07/2026 11:10:27,buy,0.01,XAGUSD,56.69100,16/07/2026 11:18:03,56.64200,-0.10,0.00,-490.00,-2.55,0.00,0.00,-4.35,-820.00,1,Dragon Wave_BZ0,0.13,0.13hrs
16/07/2026 11:11:48,buy,0.01,AUDUSD,0.69959,16/07/2026 11:17:53,0.69959,-0.05,0.00,0.00,-0.05,0.00,0.00,-0.20,-1.40,1,Dragon Wave_BZ0,0.10,0.10hrs
16/07/2026 11:14:34,buy,0.02,AUDUSD,0.69949,16/07/2026 11:17:52,0.69959,-0.10,0.00,1.00,0.10,0.10,1.00,-0.20,-0.40,1,Dragon Wave_BZ1,0.06,0.06hrs
16/07/2026 11:11:31,buy,0.01,NZDCHF,0.47216,16/07/2026 11:17:23,0.47214,-0.05,0.00,-0.20,-0.08,0.00,0.00,-0.19,-1.10,1,Dragon Wave_AZ0,0.10,0.10hrs
16/07/2026 11:14:15,buy,0.02,NZDCHF,0.47210,16/07/2026 11:17:22,0.47214,-0.10,0.00,0.00,0.00,0.00,0.00,-0.22,-0.50,1,Dragon Wave_AZ1,0.05,0.05hrs
16/07/2026 11:14:33,buy,0.01,XAUUSD,4025.81000,16/07/2026 11:16:59,4027.74000,-0.14,0.00,19.30,1.79,1.79,19.30,0.00,0.00,1,Dragon Wave_BZ0,0.04,0.04hrs
16/07/2026 11:11:55,buy,0.01,EURUSD,1.14639,16/07/2026 11:13:49,1.14651,-0.05,0.00,1.20,0.07,0.07,1.20,0.00,0.00,1,Dragon Wave_AZ0,0.03,0.03hrs
16/07/2026 11:10:44,buy,0.01,XAUUSD,4026.49000,16/07/2026 11:13:42,4028.86000,-0.14,0.00,23.70,2.23,2.23,23.70,-0.54,-4.00,1,Dragon Wave_CZ0,0.05,0.05hrs
16/07/2026 11:10:14,buy,0.01,XAUUSD,4028.38000,16/07/2026 11:13:21,4028.29000,-0.15,0.00,-0.90,-0.24,0.00,0.00,-2.44,-22.90,1,Dragon Wave_AZ0,0.05,0.05hrs
16/07/2026 11:12:19,buy,0.02,XAUUSD,4027.40000,16/07/2026 11:13:20,4028.28000,-0.29,0.00,8.80,1.47,1.47,8.80,0.00,0.00,1,Dragon Wave_AZ1,0.02,0.02hrs
16/07/2026 11:10:26,buy,0.01,XAUUSD,4027.34000,16/07/2026 11:12:51,4027.58000,-0.14,0.00,2.40,0.10,0.10,2.40,-1.39,-12.50,1,Dragon Wave_BZ0,0.04,0.04hrs
16/07/2026 11:01:16,buy,0.01,GBPNZD,2.31087,16/07/2026 11:12:01,2.31067,-0.05,0.00,-2.00,-0.17,0.00,0.00,-0.85,-13.70,1,Dragon Wave_CZ0,0.18,0.18hrs
16/07/2026 11:04:26,buy,0.02,GBPNZD,2.31003,16/07/2026 11:12:00,2.31070,-0.10,0.00,6.70,0.68,0.68,6.70,-0.72,-5.30,1,Dragon Wave_CZ1,0.13,0.13hrs
16/07/2026 11:07:04,buy,0.01,GBPUSD,1.35248,16/07/2026 11:10:32,1.35255,-0.05,0.00,0.70,0.02,0.02,0.70,0.00,0.00,1,Dragon Wave_BZ0,0.06,0.06hrs
16/07/2026 10:07:13,buy,0.03,CADJPY,115.42600,16/07/2026 11:10:29,115.45400,-0.15,0.00,2.80,0.37,0.37,2.80,-0.89,-4.00,1,Dragon Wave_BZ2,1.05,1.05hrs
16/07/2026 10:02:18,buy,0.02,CADJPY,115.46000,16/07/2026 11:10:29,115.45400,-0.10,0.00,-0.60,-0.17,0.00,0.00,-1.01,-7.40,1,Dragon Wave_BZ1,1.14,1.14hrs
16/07/2026 10:01:23,buy,0.01,CADJPY,115.46500,16/07/2026 11:10:29,115.45400,-0.05,0.00,-1.10,-0.11,0.00,0.00,-0.54,-7.90,1,Dragon Wave_BZ0,1.15,1.15hrs
16/07/2026 11:06:45,buy,0.01,EURUSD,1.14654,16/07/2026 11:09:35,1.14676,-0.05,0.00,2.20,0.17,0.17,2.20,0.00,0.00,1,Dragon Wave_BZ0,0.05,0.05hrs
16/07/2026 11:06:12,buy,0.01,EURCAD,1.61024,16/07/2026 11:09:31,1.61050,-0.05,0.00,2.60,0.14,0.14,2.60,0.00,0.00,1,Dragon Wave_CZ0,0.06,0.06hrs
16/07/2026 11:05:51,buy,0.01,CHFJPY,201.00800,16/07/2026 11:09:10,201.02500,-0.05,0.00,1.70,0.05,0.05,1.70,0.00,0.00,1,Dragon Wave_CZ0,0.06,0.06hrs
16/07/2026 11:07:09,buy,0.02,GBPJPY,219.26300,16/07/2026 11:08:56,219.29000,-0.10,0.00,2.70,0.24,0.24,2.70,0.00,0.00,1,Dragon Wave_CZ1,0.03,0.03hrs
16/07/2026 11:03:33,buy,0.01,GBPJPY,219.31000,16/07/2026 11:08:56,219.29000,-0.05,0.00,-2.00,-0.17,0.00,0.00,-0.30,-4.00,1,Dragon Wave_CZ0,0.09,0.09hrs
16/07/2026 11:06:07,buy,0.01,EURNZD,1.95774,16/07/2026 11:07:42,1.95798,-0.05,0.00,2.40,0.09,0.09,2.40,0.00,0.00,1,Dragon Wave_CZ0,0.03,0.03hrs
16/07/2026 11:05:50,buy,0.01,EURAUD,1.63853,16/07/2026 11:06:58,1.63868,-0.05,0.00,1.50,0.06,0.06,1.50,0.00,0.00,1,Dragon Wave_CZ0,0.02,0.02hrs
16/07/2026 10:59:25,buy,0.01,GBPUSD,1.35332,16/07/2026 11:02:45,1.35340,-0.05,0.00,0.80,0.03,0.03,0.80,-0.12,-0.70,1,Dragon Wave_CZ0,0.06,0.06hrs
16/07/2026 10:59:23,buy,0.01,EURUSD,1.14687,16/07/2026 11:02:25,1.14715,-0.05,0.00,2.80,0.23,0.23,2.80,-0.01,0.00,1,Dragon Wave_BZ0,0.05,0.05hrs
16/07/2026 10:57:41,buy,0.01,EURUSD,1.14699,16/07/2026 11:02:03,1.14716,-0.05,0.00,1.70,0.12,0.12,1.70,-0.13,-0.80,1,Dragon Wave_CZ0,0.07,0.07hrs
16/07/2026 10:58:09,buy,0.02,EURUSD,1.14689,16/07/2026 11:01:35,1.14698,-0.10,0.00,0.90,0.08,0.08,0.90,-0.06,0.00,1,Dragon Wave_AZ1,0.06,0.06hrs
16/07/2026 10:57:23,buy,0.01,EURUSD,1.14711,16/07/2026 11:01:35,1.14698,-0.05,0.00,-1.30,-0.18,0.00,0.00,-0.25,-2.00,1,Dragon Wave_AZ0,0.07,0.07hrs
16/07/2026 11:00:28,buy,0.01,XAUUSD,4030.42000,16/07/2026 11:01:21,4030.78000,-0.15,0.00,3.60,0.21,0.21,3.60,-0.15,0.00,1,Dragon Wave_AZ0,0.01,0.01hrs
16/07/2026 10:58:15,buy,0.01,EURCAD,1.61074,16/07/2026 10:58:44,1.61091,-0.05,0.00,1.70,0.07,0.07,1.70,0.00,0.00,1,Dragon Wave_AZ0,0.01,0.01hrs
16/07/2026 10:52:45,buy,0.01,XAGUSD,56.80400,16/07/2026 10:56:30,56.81600,-0.10,0.00,120.00,0.50,0.50,120.00,-2.95,-570.00,1,Dragon Wave_CZ0,0.06,0.06hrs
16/07/2026 10:53:04,buy,0.02,XAGUSD,56.74100,16/07/2026 10:55:53,56.77100,-0.20,0.00,300.00,2.80,2.80,300.00,0.00,0.00,1,Dragon Wave_BZ1,0.05,0.05hrs
16/07/2026 10:52:29,buy,0.01,XAGUSD,56.79600,16/07/2026 10:55:53,56.76800,-0.10,0.00,-280.00,-1.50,0.00,0.00,-2.55,-490.00,1,Dragon Wave_BZ0,0.06,0.06hrs
16/07/2026 10:48:47,buy,0.01,USDJPY,162.02200,16/07/2026 10:53:41,162.05600,-0.05,0.00,3.40,0.16,0.16,3.40,0.00,0.00,1,Dragon Wave_CZ0,0.08,0.08hrs
16/07/2026 10:48:39,buy,0.01,USDJPY,162.03800,16/07/2026 10:53:40,162.05600,-0.05,0.00,1.80,0.06,0.06,1.80,-0.05,0.00,1,Dragon Wave_BZ0,0.08,0.08hrs
16/07/2026 10:48:26,buy,0.01,AUDJPY,113.39800,16/07/2026 10:53:34,113.41100,-0.05,0.00,1.30,0.03,0.03,1.30,-0.05,0.00,1,Dragon Wave_CZ0,0.09,0.09hrs
16/07/2026 10:52:25,buy,0.01,AUDJPY,113.39500,16/07/2026 10:53:28,113.40600,-0.05,0.00,1.10,0.02,0.02,1.10,-0.03,0.00,1,Dragon Wave_AZ0,0.02,0.02hrs
16/07/2026 10:48:32,buy,0.01,CADCHF,0.57385,16/07/2026 10:51:30,0.57390,-0.05,0.00,0.50,0.01,0.01,0.50,-0.11,-0.50,1,Dragon Wave_CZ0,0.05,0.05hrs
16/07/2026 10:49:19,buy,0.01,CADCHF,0.57378,16/07/2026 10:51:05,0.57390,-0.05,0.00,1.20,0.10,0.10,1.20,-0.03,0.00,1,Dragon Wave_BZ0,0.03,0.03hrs
16/07/2026 10:48:41,buy,0.01,USDCAD,1.40435,16/07/2026 10:50:45,1.40444,-0.05,0.00,0.90,0.01,0.01,0.90,0.00,0.00,1,Dragon Wave_CZ0,0.03,0.03hrs
16/07/2026 10:28:27,buy,0.01,AUDUSD,0.69977,16/07/2026 10:49:41,0.69990,-0.05,0.00,1.30,0.08,0.08,1.30,-0.10,-0.50,1,Dragon Wave_CZ0,0.35,0.35hrs
16/07/2026 10:43:31,buy,0.01,GBPAUD,1.93395,16/07/2026 10:48:44,1.93427,-0.05,0.00,3.20,0.18,0.18,3.20,-0.02,0.00,1,Dragon Wave_CZ0,0.09,0.09hrs
16/07/2026 10:45:47,buy,0.01,GBPCAD,1.90057,16/07/2026 10:48:39,1.90082,-0.05,0.00,2.50,0.13,0.13,2.50,0.00,0.00,1,Dragon Wave_CZ0,0.05,0.05hrs
16/07/2026 10:45:31,buy,0.01,GBPUSD,1.35335,16/07/2026 10:48:00,1.35361,-0.05,0.00,2.60,0.21,0.21,2.60,-0.04,0.00,1,Dragon Wave_BZ0,0.04,0.04hrs
16/07/2026 10:09:30,buy,0.02,AUDJPY,113.41100,16/07/2026 10:43:43,113.43000,-0.10,0.00,1.90,0.14,0.14,1.90,-0.35,-2.00,1,Dragon Wave_CZ1,0.57,0.57hrs
16/07/2026 10:02:52,buy,0.01,AUDJPY,113.44700,16/07/2026 10:43:43,113.42800,-0.05,0.00,-1.90,-0.17,0.00,0.20,-0.40,-5.60,1,Dragon Wave_CZ0,0.68,0.68hrs
16/07/2026 10:37:19,buy,0.01,NZDCHF,0.47177,16/07/2026 10:42:35,0.47181,-0.05,0.00,0.00,0.00,0.00,0.00,-0.10,-0.40,1,Dragon Wave_AZ0,0.09,0.09hrs
16/07/2026 10:40:18,buy,0.01,NZDCAD,0.82184,16/07/2026 10:42:13,0.82204,-0.05,0.00,2.00,0.10,0.10,2.00,0.00,0.00,1,Dragon Wave_BZ0,0.03,0.03hrs
16/07/2026 10:38:10,buy,0.02,NZDCAD,0.82197,16/07/2026 10:42:07,0.82204,-0.10,0.00,0.00,0.00,0.00,0.10,-0.09,0.00,1,Dragon Wave_AZ1,0.07,0.07hrs
16/07/2026 10:32:16,buy,0.01,NZDCAD,0.82208,16/07/2026 10:42:07,0.82204,-0.05,0.00,-0.40,-0.08,0.00,0.00,-0.12,-1.00,1,Dragon Wave_AZ0,0.16,0.16hrs
16/07/2026 10:40:39,buy,0.01,GBPUSD,1.35350,16/07/2026 10:41:45,1.35355,-0.05,0.00,0.00,0.00,0.00,0.00,0.00,0.00,1,Dragon Wave_BZ0,0.02,0.02hrs
16/07/2026 10:17:23,buy,0.03,XAGUSD,56.97100,16/07/2026 10:41:05,56.89700,-0.31,0.00,-740.00,-11.41,0.00,0.00,-28.81,-1900.00,1,Dragon Wave_AZ2,0.40,0.40hrs
16/07/2026 10:14:17,buy,0.02,XAGUSD,57.04700,16/07/2026 10:41:05,56.89400,-0.21,0.00,-1530.00,-15.51,0.00,0.00,-26.81,-2660.00,1,Dragon Wave_AZ1,0.45,0.45hrs
16/07/2026 10:11:20,buy,0.01,XAGUSD,57.08600,16/07/2026 10:41:05,56.89400,-0.10,0.00,-1920.00,-9.70,0.00,0.00,-15.35,-3050.00,1,Dragon Wave_AZ0,0.50,0.50hrs
16/07/2026 10:26:29,buy,0.07,XAGUSD,56.74700,16/07/2026 10:41:04,56.90400,-0.72,0.00,1570.00,54.23,54.23,1570.00,0.00,0.00,1,Dragon Wave_AZ4,0.24,0.24hrs
16/07/2026 10:24:11,buy,0.04,XAGUSD,56.88800,16/07/2026 10:41:04,56.89700,-0.41,0.00,90.00,1.39,1.39,90.00,-21.81,-1070.00,1,Dragon Wave_AZ3,0.28,0.28hrs
16/07/2026 10:15:22,buy,0.02,XAUUSD,4025.88000,16/07/2026 10:40:52,4028.00000,-0.29,0.00,21.20,3.95,3.95,21.20,-4.99,-23.50,1,Dragon Wave_BZ1,0.42,0.42hrs
16/07/2026 10:13:17,buy,0.01,XAUUSD,4027.60000,16/07/2026 10:40:52,4027.97000,-0.14,0.00,3.70,0.23,0.23,3.70,-4.21,-40.70,1,Dragon Wave_BZ0,0.46,0.46hrs
16/07/2026 10:18:12,buy,0.02,XAGUSD,56.95100,16/07/2026 10:40:37,56.86000,-0.21,0.00,-910.00,-9.31,0.00,0.00,-17.21,-1700.00,1,Dragon Wave_CZ1,0.37,0.37hrs
16/07/2026 10:13:36,buy,0.01,XAGUSD,57.03100,16/07/2026 10:40:37,56.86000,-0.10,0.00,-1710.00,-8.65,0.00,0.00,-12.60,-2500.00,1,Dragon Wave_CZ0,0.45,0.45hrs
16/07/2026 10:26:50,buy,0.03,XAGUSD,56.74300,16/07/2026 10:40:36,56.86300,-0.31,0.00,1200.00,17.69,17.69,1200.00,0.00,0.00,1,Dragon Wave_CZ2,0.23,0.23hrs
16/07/2026 10:31:40,buy,0.01,EURGBP,0.84737,16/07/2026 10:38:29,0.84743,-0.05,0.00,0.60,0.03,0.04,0.70,-0.21,-1.20,1,Dragon Wave_BZ0,0.11,0.11hrs
16/07/2026 10:29:37,buy,0.01,CHFJPY,201.14800,16/07/2026 10:38:24,201.11600,-0.05,0.00,-3.20,-0.25,0.00,0.00,-0.49,-7.10,1,Dragon Wave_AZ0,0.15,0.15hrs
16/07/2026 10:37:02,buy,0.02,CHFJPY,201.07500,16/07/2026 10:38:23,201.11600,-0.10,0.00,4.10,0.41,0.41,4.10,0.00,0.00,1,Dragon Wave_AZ1,0.02,0.02hrs
16/07/2026 10:37:07,buy,0.01,XAUUSD,4023.72000,16/07/2026 10:37:22,4024.24000,-0.14,0.00,5.20,0.38,0.38,5.20,0.00,0.00,1,Dragon Wave_AZ0,0.00,0.00hrs
16/07/2026 10:35:35,buy,0.01,XAGUSD,56.80100,16/07/2026 10:36:34,56.80800,-0.10,0.00,70.00,0.25,0.25,70.00,-1.10,-200.00,1,Dragon Wave_BZ0,0.02,0.02hrs
16/07/2026 10:29:45,buy,0.01,EURUSD,1.14685,16/07/2026 10:33:48,1.14693,-0.05,0.00,0.80,0.03,0.03,0.80,0.00,0.00,1,Dragon Wave_CZ0,0.07,0.07hrs
16/07/2026 10:23:16,buy,0.02,NZDCHF,0.47179,16/07/2026 10:33:29,0.47183,-0.10,0.00,0.40,-0.01,0.00,0.40,-0.10,0.00,1,Dragon Wave_AZ1,0.17,0.17hrs
16/07/2026 10:22:15,buy,0.01,NZDCHF,0.47182,16/07/2026 10:33:29,0.47183,-0.05,0.00,0.10,-0.04,0.00,0.10,-0.09,-0.30,1,Dragon Wave_AZ0,0.19,0.19hrs
16/07/2026 10:06:44,buy,0.01,GBPCHF,1.09099,16/07/2026 10:33:22,1.09082,-0.05,0.00,-1.70,-0.26,0.00,0.00,-0.52,-3.80,1,Dragon Wave_CZ0,0.44,0.44hrs
16/07/2026 10:22:44,buy,0.02,GBPCHF,1.09064,16/07/2026 10:33:21,1.09081,-0.10,0.00,1.70,0.33,0.33,1.70,-0.17,-0.30,1,Dragon Wave_CZ1,0.18,0.18hrs
16/07/2026 10:31:39,buy,0.01,EURUSD,1.14680,16/07/2026 10:33:12,1.14686,-0.05,0.00,0.60,0.01,0.01,0.60,0.00,0.00,1,Dragon Wave_AZ0,0.03,0.03hrs
16/07/2026 10:22:26,buy,0.01,GBPCHF,1.09064,16/07/2026 10:32:48,1.09072,-0.05,0.00,0.80,0.05,0.05,0.80,-0.09,-0.30,1,Dragon Wave_BZ0,0.17,0.17hrs
16/07/2026 10:31:39,buy,0.01,XAUUSD,4023.52000,16/07/2026 10:32:00,4025.20000,-0.14,0.00,16.80,1.54,1.54,16.80,0.00,0.00,1,Dragon Wave_CZ0,0.01,0.01hrs
16/07/2026 10:29:10,buy,0.01,GBPUSD,1.35317,16/07/2026 10:30:54,1.35349,-0.05,0.00,3.20,0.27,0.27,3.20,0.00,0.00,1,Dragon Wave_CZ0,0.03,0.03hrs
16/07/2026 10:29:16,buy,0.02,EURUSD,1.14690,16/07/2026 10:30:51,1.14697,-0.10,0.00,0.70,0.04,0.04,0.70,-0.04,0.00,1,Dragon Wave_AZ1,0.03,0.03hrs
16/07/2026 10:26:26,buy,0.01,EURUSD,1.14703,16/07/2026 10:30:51,1.14698,-0.05,0.00,-0.50,-0.10,0.00,0.00,-0.15,-1.00,1,Dragon Wave_AZ0,0.07,0.07hrs
16/07/2026 10:23:36,buy,0.01,NZDCHF,0.47176,16/07/2026 10:30:25,0.47180,-0.05,0.00,0.00,0.00,0.00,0.00,0.00,0.00,1,Dragon Wave_BZ0,0.11,0.11hrs
16/07/2026 10:28:37,buy,0.01,GBPUSD,1.35318,16/07/2026 10:29:56,1.35327,-0.05,0.00,0.90,0.04,0.04,0.90,0.00,0.00,1,Dragon Wave_AZ0,0.02,0.02hrs
16/07/2026 10:26:11,buy,0.02,CADCHF,0.57377,16/07/2026 10:29:38,0.57386,-0.10,0.00,0.90,0.12,0.12,0.90,0.00,0.00,1,Dragon Wave_CZ1,0.06,0.06hrs
16/07/2026 10:21:48,buy,0.01,CADCHF,0.57384,16/07/2026 10:29:38,0.57387,-0.05,0.00,0.30,-0.01,0.00,0.30,-0.03,0.00,1,Dragon Wave_CZ0,0.13,0.13hrs
16/07/2026 10:04:37,buy,0.02,USDJPY,162.08100,16/07/2026 10:28:57,162.07800,-0.10,0.00,-0.30,-0.14,0.00,0.00,-0.77,-5.40,1,Dragon Wave_BZ1,0.41,0.41hrs
16/07/2026 09:56:19,buy,0.01,USDJPY,162.12200,16/07/2026 10:28:57,162.07800,-0.05,0.00,-4.40,-0.32,0.00,0.00,-0.64,-9.50,1,Dragon Wave_BZ0,0.54,0.54hrs
16/07/2026 10:09:44,buy,0.03,USDJPY,162.04300,16/07/2026 10:28:56,162.07800,-0.15,0.00,3.50,0.50,0.50,3.50,-0.45,-1.60,1,Dragon Wave_BZ2,0.32,0.32hrs
16/07/2026 09:23:11,buy,0.02,USDCAD,1.40476,16/07/2026 10:28:38,1.40452,-0.10,0.00,-2.40,-0.44,0.00,0.00,-1.05,-6.70,1,Dragon Wave_CZ1,1.09,1.09hrs
16/07/2026 09:09:36,buy,0.01,USDCAD,1.40492,16/07/2026 10:28:38,1.40452,-0.05,0.00,-4.00,-0.33,0.00,0.00,-0.64,-8.30,1,Dragon Wave_CZ0,1.32,1.32hrs
16/07/2026 10:21:07,buy,0.01,USDCHF,0.80566,16/07/2026 10:28:37,0.80580,-0.05,0.00,1.40,0.12,0.12,1.40,-0.03,0.00,1,Dragon Wave_CZ0,0.13,0.13hrs
16/07/2026 10:20:57,buy,0.07,USDCAD,1.40412,16/07/2026 10:28:37,1.40450,-0.35,0.00,3.80,1.54,1.54,3.80,-0.50,-0.30,1,Dragon Wave_CZ4,0.13,0.13hrs
16/07/2026 09:54:53,buy,0.04,USDCAD,1.40441,16/07/2026 10:28:37,1.40450,-0.20,0.00,0.90,0.06,0.06,0.90,-1.11,-3.20,1,Dragon Wave_CZ3,0.56,0.56hrs
16/07/2026 09:51:21,buy,0.03,USDCAD,1.40457,16/07/2026 10:28:37,1.40450,-0.15,0.00,-0.70,-0.30,0.00,0.00,-1.18,-4.80,1,Dragon Wave_CZ2,0.62,0.62hrs
16/07/2026 10:20:44,buy,0.02,USDCHF,0.80568,16/07/2026 10:28:34,0.80580,-0.10,0.00,1.20,0.20,0.20,1.20,-0.10,0.00,1,Dragon Wave_BZ1,0.13,0.13hrs
16/07/2026 10:19:53,buy,0.01,USDCHF,0.80577,16/07/2026 10:28:34,0.80580,-0.05,0.00,0.30,-0.01,0.00,0.30,-0.16,-0.90,1,Dragon Wave_BZ0,0.14,0.14hrs
16/07/2026 10:27:32,buy,0.01,CADCHF,0.57379,16/07/2026 10:28:31,0.57381,-0.05,0.00,0.20,-0.03,0.00,0.20,-0.03,0.00,1,Dragon Wave_AZ0,0.02,0.02hrs
16/07/2026 10:20:50,buy,0.03,USDJPY,162.01500,16/07/2026 10:28:10,162.06800,-0.15,0.00,5.30,0.83,0.83,5.30,0.00,0.00,1,Dragon Wave_CZ2,0.12,0.12hrs
16/07/2026 10:05:02,buy,0.02,USDJPY,162.08300,16/07/2026 10:28:10,162.06800,-0.10,0.00,-1.50,-0.29,0.00,0.00,-0.79,-5.60,1,Dragon Wave_CZ1,0.39,0.39hrs
16/07/2026 09:57:36,buy,0.01,USDJPY,162.11600,16/07/2026 10:28:10,162.06800,-0.05,0.00,-4.80,-0.35,0.00,0.00,-0.60,-8.90,1,Dragon Wave_CZ0,0.51,0.51hrs
16/07/2026 09:56:43,buy,0.01,EURJPY,185.93000,16/07/2026 10:27:56,185.89700,-0.05,0.00,-3.30,-0.26,0.00,0.30,-0.59,-8.80,1,Dragon Wave_CZ0,0.52,0.52hrs
16/07/2026 10:09:28,buy,0.03,EURJPY,185.83400,16/07/2026 10:27:55,185.89700,-0.15,0.00,6.30,1.02,1.02,6.30,0.00,0.00,1,Dragon Wave_CZ2,0.31,0.31hrs
16/07/2026 10:04:39,buy,0.02,EURJPY,185.90600,16/07/2026 10:27:55,185.89700,-0.10,0.00,-0.90,-0.21,0.00,0.00,-0.89,-6.40,1,Dragon Wave_CZ1,0.39,0.39hrs
16/07/2026 10:27:37,buy,0.01,GBPNZD,2.31146,16/07/2026 10:27:52,2.31176,-0.05,0.00,3.00,0.13,0.13,3.00,0.00,0.00,1,Dragon Wave_AZ0,0.00,0.00hrs
16/07/2026 10:26:42,buy,0.03,XAGUSD,56.71300,16/07/2026 10:27:45,56.85500,-0.31,0.00,1420.00,20.99,20.99,1420.00,0.00,0.00,1,Dragon Wave_BZ2,0.02,0.02hrs
16/07/2026 10:19:33,buy,0.02,XAGUSD,56.91300,16/07/2026 10:27:45,56.86600,-0.20,0.00,-470.00,-4.90,0.00,0.00,-5.30,-510.00,1,Dragon Wave_BZ1,0.14,0.14hrs
16/07/2026 10:13:28,buy,0.01,XAGUSD,57.03100,16/07/2026 10:27:45,56.86600,-0.10,0.00,-1650.00,-8.35,0.00,0.00,-8.55,-1690.00,1,Dragon Wave_BZ0,0.24,0.24hrs
16/07/2026 10:20:35,buy,0.01,EURAUD,1.63865,16/07/2026 10:27:28,1.63880,-0.05,0.00,1.50,0.05,0.05,1.50,-0.09,-0.60,1,Dragon Wave_BZ0,0.11,0.11hrs
16/07/2026 10:09:20,buy,0.02,EURJPY,185.85700,16/07/2026 10:27:10,185.88200,-0.10,0.00,2.50,0.21,0.21,2.50,-0.29,-1.50,1,Dragon Wave_BZ1,0.30,0.30hrs
16/07/2026 10:06:16,buy,0.01,EURJPY,185.89100,16/07/2026 10:27:10,185.88200,-0.05,0.00,-0.90,-0.11,0.00,0.00,-0.35,-4.90,1,Dragon Wave_BZ0,0.35,0.35hrs
16/07/2026 10:22:12,buy,0.01,NZDJPY,94.86900,16/07/2026 10:26:57,94.87900,-0.05,0.00,1.00,0.01,0.05,1.70,0.00,0.00,1,Dragon Wave_AZ0,0.08,0.08hrs
16/07/2026 10:20:30,buy,0.01,EURNZD,1.95856,16/07/2026 10:26:57,1.95873,-0.05,0.00,1.70,0.05,0.05,1.70,0.00,0.00,1,Dragon Wave_AZ0,0.11,0.11hrs
16/07/2026 10:25:15,buy,0.01,CHFJPY,201.10900,16/07/2026 10:26:44,201.14400,-0.05,0.00,3.50,0.16,0.16,3.50,0.00,0.00,1,Dragon Wave_AZ0,0.02,0.02hrs
16/07/2026 10:20:26,buy,0.01,EURGBP,0.84739,16/07/2026 10:26:28,0.84743,-0.05,0.00,0.40,0.01,0.01,0.40,-0.06,-0.10,1,Dragon Wave_AZ0,0.10,0.10hrs
16/07/2026 10:19:50,buy,0.01,USDCAD,1.40424,16/07/2026 10:26:19,1.40428,-0.05,0.00,0.40,-0.02,0.00,0.40,-0.16,-1.50,1,Dragon Wave_BZ0,0.11,0.11hrs
16/07/2026 10:20:46,buy,0.02,USDCAD,1.40409,16/07/2026 10:26:18,1.40429,-0.10,0.00,2.00,0.18,0.18,2.00,-0.10,0.00,1,Dragon Wave_BZ1,0.09,0.09hrs
16/07/2026 10:24:15,buy,0.01,CADCHF,0.57379,16/07/2026 10:25:06,0.57387,-0.05,0.00,0.80,0.05,0.05,0.80,0.00,0.00,1,Dragon Wave_AZ0,0.01,0.01hrs
16/07/2026 10:22:09,buy,0.01,GBPAUD,1.93359,16/07/2026 10:24:31,1.93376,-0.05,0.00,1.70,0.07,0.07,1.70,0.00,0.00,1,Dragon Wave_AZ0,0.04,0.04hrs
16/07/2026 10:23:42,buy,0.01,EURUSD,1.14700,16/07/2026 10:24:13,1.14710,-0.05,0.00,1.00,0.05,0.05,1.00,0.00,0.00,1,Dragon Wave_AZ0,0.01,0.01hrs
16/07/2026 10:22:17,buy,0.02,CADJPY,115.39200,16/07/2026 10:23:08,115.40900,-0.10,0.00,1.70,0.11,0.11,1.70,0.00,0.00,1,Dragon Wave_AZ1,0.01,0.01hrs
16/07/2026 10:20:17,buy,0.01,CADJPY,115.40900,16/07/2026 10:23:08,115.40900,-0.05,0.00,0.00,-0.05,0.00,0.00,-0.05,0.00,1,Dragon Wave_AZ0,0.05,0.05hrs
16/07/2026 10:20:26,buy,0.01,USDJPY,162.01400,16/07/2026 10:22:53,162.02500,-0.05,0.00,1.10,0.02,0.02,1.10,0.00,0.00,1,Dragon Wave_AZ0,0.04,0.04hrs
16/07/2026 10:22:15,buy,0.01,AUDJPY,113.40500,16/07/2026 10:22:51,113.42400,-0.05,0.00,1.90,0.06,0.06,1.90,0.00,0.00,1,Dragon Wave_AZ0,0.01,0.01hrs
16/07/2026 10:17:46,buy,0.01,GBPNZD,2.31131,16/07/2026 10:22:42,2.31166,-0.05,0.00,3.50,0.16,0.16,3.50,-0.06,-0.10,1,Dragon Wave_CZ0,0.08,0.08hrs
16/07/2026 10:07:21,buy,0.02,AUDJPY,113.43100,16/07/2026 10:20:50,113.42800,-0.10,0.00,-0.30,-0.14,0.00,0.00,-0.59,-4.00,1,Dragon Wave_AZ1,0.22,0.22hrs
16/07/2026 10:05:57,buy,0.01,AUDJPY,113.44800,16/07/2026 10:20:50,113.42800,-0.05,0.00,-2.00,-0.17,0.00,0.00,-0.40,-5.70,1,Dragon Wave_AZ0,0.25,0.25hrs
16/07/2026 10:15:19,buy,0.03,AUDJPY,113.39500,16/07/2026 10:20:49,113.43100,-0.15,0.00,3.60,0.52,0.52,3.60,-0.22,-0.40,1,Dragon Wave_AZ2,0.09,0.09hrs
16/07/2026 10:16:27,buy,0.02,XAUUSD,4024.77000,16/07/2026 10:20:42,4026.49000,-0.29,0.00,17.20,3.15,3.15,17.20,-0.79,-2.50,1,Dragon Wave_CZ1,0.07,0.07hrs
16/07/2026 10:13:35,buy,0.01,XAUUSD,4026.96000,16/07/2026 10:20:42,4026.57000,-0.14,0.00,-3.90,-0.53,0.00,0.00,-2.58,-24.40,1,Dragon Wave_CZ0,0.12,0.12hrs
16/07/2026 10:16:34,buy,0.01,GBPUSD,1.35330,16/07/2026 10:20:01,1.35358,-0.05,0.00,2.80,0.23,0.23,2.80,-0.06,-0.10,1,Dragon Wave_CZ0,0.06,0.06hrs
16/07/2026 10:06:49,buy,0.01,NZDCHF,0.47181,16/07/2026 10:17:24,0.47186,-0.05,0.00,0.50,0.02,0.02,0.50,-0.17,-1.00,1,Dragon Wave_CZ0,0.18,0.18hrs
16/07/2026 10:13:06,buy,0.01,CADCHF,0.57389,16/07/2026 10:16:00,0.57396,-0.05,0.00,0.70,0.04,0.04,0.70,0.00,0.00,1,Dragon Wave_AZ0,0.05,0.05hrs
16/07/2026 10:07:54,buy,0.02,NZDCAD,0.82188,16/07/2026 10:15:56,0.82208,-0.10,0.00,2.00,0.18,0.18,2.00,-0.03,0.00,1,Dragon Wave_BZ1,0.13,0.13hrs
16/07/2026 10:02:45,buy,0.01,NZDCAD,0.82224,16/07/2026 10:15:56,0.82208,-0.05,0.00,-1.60,-0.16,0.00,0.00,-0.27,-3.10,1,Dragon Wave_BZ0,0.22,0.22hrs
16/07/2026 10:02:28,buy,0.01,NZDCHF,0.47193,16/07/2026 10:15:56,0.47184,-0.05,0.00,-0.90,-0.16,0.00,0.00,-0.32,-2.20,1,Dragon Wave_BZ0,0.22,0.22hrs
16/07/2026 10:08:23,buy,0.03,NZDCHF,0.47172,16/07/2026 10:15:55,0.47184,-0.15,0.00,1.20,0.30,0.30,1.20,-0.19,-0.10,1,Dragon Wave_BZ2,0.13,0.13hrs
16/07/2026 10:06:39,buy,0.02,NZDCHF,0.47184,16/07/2026 10:15:55,0.47184,-0.10,0.00,0.00,-0.10,0.00,0.00,-0.42,-1.30,1,Dragon Wave_BZ1,0.15,0.15hrs
16/07/2026 10:08:00,buy,0.01,NZDCAD,0.82187,16/07/2026 10:14:52,0.82202,-0.05,0.00,1.50,0.06,0.06,1.50,-0.01,0.00,1,Dragon Wave_CZ0,0.11,0.11hrs
16/07/2026 10:06:54,buy,0.01,NZDCAD,0.82200,16/07/2026 10:14:01,0.82206,-0.05,0.00,0.60,-0.01,0.00,0.60,-0.10,-0.70,1,Dragon Wave_AZ0,0.12,0.12hrs
16/07/2026 10:07:24,buy,0.02,NZDCHF,0.47173,16/07/2026 10:13:59,0.47179,-0.10,0.00,0.60,0.05,0.05,0.60,-0.15,-0.20,1,Dragon Wave_AZ1,0.11,0.11hrs
16/07/2026 10:06:30,buy,0.01,EURUSD,1.14686,16/07/2026 10:13:59,1.14691,-0.05,0.00,0.00,0.00,0.00,0.00,-0.10,-0.50,1,Dragon Wave_AZ0,0.12,0.12hrs
16/07/2026 10:06:20,buy,0.01,NZDCHF,0.47185,16/07/2026 10:13:59,0.47179,-0.05,0.00,-0.60,-0.12,0.00,0.00,-0.22,-1.40,1,Dragon Wave_AZ0,0.13,0.13hrs
16/07/2026 10:12:16,buy,0.01,XAUUSD,4028.35000,16/07/2026 10:13:02,4028.41000,-0.15,0.00,0.60,-0.09,0.00,0.60,-0.09,0.00,1,Dragon Wave_AZ0,0.01,0.01hrs
16/07/2026 09:56:11,buy,0.02,EURAUD,1.63852,16/07/2026 10:11:44,1.63875,-0.10,0.00,2.30,0.22,0.22,2.30,-0.30,-1.40,1,Dragon Wave_AZ1,0.26,0.26hrs
16/07/2026 09:55:11,buy,0.01,EURAUD,1.63878,16/07/2026 10:11:44,1.63875,-0.05,0.00,-0.30,-0.08,0.00,0.00,-0.33,-4.00,1,Dragon Wave_AZ0,0.28,0.28hrs
16/07/2026 10:08:49,buy,0.01,GBPUSD,1.35364,16/07/2026 10:11:42,1.35379,-0.05,0.00,1.50,0.10,0.10,1.50,0.00,0.00,1,Dragon Wave_CZ0,0.05,0.05hrs
16/07/2026 10:08:23,buy,0.01,EURCAD,1.61027,16/07/2026 10:11:40,1.61032,-0.05,0.00,0.50,-0.02,0.00,0.50,-0.13,-1.10,1,Dragon Wave_AZ0,0.05,0.05hrs
16/07/2026 10:11:06,buy,0.02,EURCAD,1.61022,16/07/2026 10:11:39,1.61031,-0.10,0.00,0.90,0.03,0.03,0.90,0.00,0.00,1,Dragon Wave_AZ1,0.01,0.01hrs
16/07/2026 10:09:24,buy,0.02,GBPJPY,219.35200,16/07/2026 10:11:32,219.39700,-0.10,0.00,4.50,0.45,0.45,4.50,0.00,0.00,1,Dragon Wave_CZ1,0.04,0.04hrs
16/07/2026 10:04:58,buy,0.01,GBPJPY,219.45100,16/07/2026 10:11:32,219.39900,-0.05,0.00,-5.20,-0.37,0.00,0.00,-0.61,-9.00,1,Dragon Wave_CZ0,0.11,0.11hrs
16/07/2026 10:09:34,buy,0.01,USDJPY,162.04300,16/07/2026 10:10:54,162.05700,-0.05,0.00,1.40,0.04,0.04,1.40,-0.08,-0.40,1,Dragon Wave_AZ0,0.02,0.02hrs
16/07/2026 10:09:27,buy,0.01,CHFJPY,201.08300,16/07/2026 10:10:49,201.12600,-0.05,0.00,4.30,0.21,0.21,4.30,0.00,0.00,1,Dragon Wave_BZ0,0.02,0.02hrs
16/07/2026 10:08:57,buy,0.01,AUDUSD,0.69979,16/07/2026 10:09:51,0.69987,-0.05,0.00,0.80,0.03,0.03,0.80,0.00,0.00,1,Dragon Wave_CZ0,0.01,0.01hrs
16/07/2026 10:06:48,buy,0.01,CADCHF,0.57393,16/07/2026 10:08:51,0.57397,-0.05,0.00,0.00,0.00,0.00,0.00,0.00,0.00,1,Dragon Wave_CZ0,0.03,0.03hrs
16/07/2026 10:07:30,buy,0.01,CADCHF,0.57390,16/07/2026 10:08:47,0.57395,-0.05,0.00,0.50,0.01,0.01,0.50,0.00,0.00,1,Dragon Wave_BZ0,0.02,0.02hrs
16/07/2026 10:06:45,buy,0.01,XAUUSD,4028.66000,16/07/2026 10:07:27,4028.90000,-0.15,0.00,2.40,0.09,0.09,2.40,0.00,0.00,1,Dragon Wave_AZ0,0.01,0.01hrs
16/07/2026 09:49:47,buy,0.01,GBPNZD,2.31286,16/07/2026 10:07:21,2.31268,-0.05,0.00,-1.80,-0.15,0.00,0.00,-0.58,-9.10,1,Dragon Wave_CZ0,0.29,0.29hrs
16/07/2026 09:55:53,buy,0.02,GBPNZD,2.31211,16/07/2026 10:07:20,2.31268,-0.10,0.00,5.70,0.56,0.56,5.70,-0.29,-1.60,1,Dragon Wave_CZ1,0.19,0.19hrs
16/07/2026 10:02:33,buy,0.01,XAGUSD,57.06400,16/07/2026 10:05:59,57.09400,-0.10,0.00,300.00,1.40,1.40,300.00,-0.25,-30.00,1,Dragon Wave_CZ0,0.06,0.06hrs
16/07/2026 09:57:12,buy,0.02,AUDNZD,1.19513,16/07/2026 10:05:48,1.19526,-0.10,0.00,1.30,0.05,0.05,1.30,-0.23,-1.10,1,Dragon Wave_BZ1,0.14,0.14hrs
16/07/2026 09:55:40,buy,0.01,AUDNZD,1.19521,16/07/2026 10:05:48,1.19529,-0.05,0.00,0.00,0.00,0.00,0.00,-0.16,-1.90,1,Dragon Wave_BZ0,0.17,0.17hrs
16/07/2026 10:01:25,buy,0.01,XAGUSD,57.09900,16/07/2026 10:04:58,57.08300,-0.10,0.00,-160.00,-0.90,0.00,0.00,-2.00,-380.00,1,Dragon Wave_BZ0,0.06,0.06hrs
16/07/2026 10:02:20,buy,0.02,XAGUSD,57.07000,16/07/2026 10:04:57,57.08300,-0.21,0.00,130.00,1.09,1.09,130.00,-1.11,-90.00,1,Dragon Wave_BZ1,0.04,0.04hrs
16/07/2026 09:55:50,buy,0.01,AUDNZD,1.19507,16/07/2026 10:04:57,1.19527,-0.05,0.00,2.00,0.06,0.06,2.00,-0.08,-0.50,1,Dragon Wave_CZ0,0.15,0.15hrs
16/07/2026 09:55:20,buy,0.01,EURNZD,1.95876,16/07/2026 10:04:04,1.95869,-0.05,0.00,-0.70,-0.09,0.00,0.00,-0.38,-5.70,1,Dragon Wave_AZ0,0.15,0.15hrs
16/07/2026 09:56:09,buy,0.02,EURNZD,1.95843,16/07/2026 10:04:03,1.95869,-0.10,0.00,2.60,0.20,0.20,2.60,-0.38,-2.40,1,Dragon Wave_AZ1,0.13,0.13hrs
16/07/2026 09:56:42,buy,0.01,EURGBP,0.84700,16/07/2026 10:04:00,0.84708,-0.05,0.00,0.80,0.06,0.06,0.80,-0.13,-0.60,1,Dragon Wave_CZ0,0.12,0.12hrs
16/07/2026 10:02:12,buy,0.01,EURJPY,185.91500,16/07/2026 10:03:41,185.93500,-0.05,0.00,2.00,0.08,0.08,2.00,-0.05,0.00,1,Dragon Wave_AZ0,0.02,0.02hrs
16/07/2026 09:56:42,buy,0.01,EURAUD,1.63841,16/07/2026 10:02:54,1.63865,-0.05,0.00,2.40,0.12,0.12,2.40,-0.07,-0.30,1,Dragon Wave_CZ0,0.10,0.10hrs
16/07/2026 10:02:20,buy,0.01,EURUSD,1.14680,16/07/2026 10:02:50,1.14689,-0.05,0.00,0.90,0.04,0.04,0.90,0.00,0.00,1,Dragon Wave_AZ0,0.01,0.01hrs
16/07/2026 09:55:50,buy,0.01,EURNZD,1.95837,16/07/2026 10:02:47,1.95847,-0.05,0.00,1.00,0.01,0.01,1.00,-0.16,-1.80,1,Dragon Wave_CZ0,0.12,0.12hrs
16/07/2026 10:01:35,buy,0.01,XAUUSD,4027.97000,16/07/2026 10:02:46,4029.20000,-0.15,0.00,12.30,1.08,1.08,12.30,0.00,0.00,1,Dragon Wave_CZ0,0.02,0.02hrs
16/07/2026 09:56:24,buy,0.02,USDCHF,0.80587,16/07/2026 10:02:37,0.80595,-0.10,0.00,0.80,0.10,0.10,0.80,-0.25,-0.60,1,Dragon Wave_BZ1,0.10,0.10hrs
16/07/2026 09:55:17,buy,0.01,USDCHF,0.80592,16/07/2026 10:02:37,0.80595,-0.05,0.00,0.30,-0.01,0.00,0.30,-0.19,-1.10,1,Dragon Wave_BZ0,0.12,0.12hrs
16/07/2026 10:01:25,buy,0.02,XAUUSD,4027.31000,16/07/2026 10:02:33,4028.71000,-0.29,0.00,14.00,2.51,2.51,14.00,0.00,0.00,1,Dragon Wave_AZ1,0.02,0.02hrs
16/07/2026 10:00:38,buy,0.01,XAUUSD,4029.49000,16/07/2026 10:02:33,4028.23000,-0.15,0.00,-12.60,-1.41,0.00,0.00,-1.41,-12.60,1,Dragon Wave_AZ0,0.03,0.03hrs
16/07/2026 10:01:44,buy,0.01,CADCHF,0.57394,16/07/2026 10:02:32,0.57400,-0.05,0.00,0.60,0.02,0.02,0.60,0.00,0.00,1,Dragon Wave_BZ0,0.01,0.01hrs
16/07/2026 09:55:44,buy,0.01,GBPNZD,2.31226,16/07/2026 10:02:31,2.31240,-0.05,0.00,1.40,0.03,0.03,1.40,-0.23,-3.10,1,Dragon Wave_BZ0,0.11,0.11hrs
16/07/2026 09:52:24,buy,0.01,GBPAUD,1.93474,16/07/2026 10:01:51,1.93494,-0.05,0.00,2.00,0.09,0.09,2.00,-0.45,-5.70,1,Dragon Wave_CZ0,0.16,0.16hrs
16/07/2026 09:56:47,buy,0.01,EURCAD,1.61017,16/07/2026 10:01:34,1.61029,-0.05,0.00,1.20,0.04,0.04,1.20,-0.10,-0.70,1,Dragon Wave_CZ0,0.08,0.08hrs
16/07/2026 09:56:31,buy,0.01,EURAUD,1.63839,16/07/2026 10:01:16,1.63848,-0.05,0.00,0.90,0.01,0.01,0.90,-0.06,-0.10,1,Dragon Wave_BZ0,0.08,0.08hrs
16/07/2026 09:59:18,buy,0.01,GBPUSD,1.35396,16/07/2026 10:00:02,1.35410,-0.05,0.00,1.40,0.09,0.09,1.40,0.00,0.00,1,Dragon Wave_AZ0,0.01,0.01hrs
16/07/2026 09:57:36,buy,0.01,CADCHF,0.57392,16/07/2026 09:59:06,0.57399,-0.05,0.00,0.70,0.03,0.03,0.70,0.00,0.00,1,Dragon Wave_BZ0,0.03,0.03hrs
16/07/2026 09:56:17,buy,0.02,CADCHF,0.57391,16/07/2026 09:57:55,0.57395,-0.10,0.00,0.00,0.00,0.00,0.00,0.00,0.00,1,Dragon Wave_AZ1,0.03,0.03hrs
16/07/2026 09:55:09,buy,0.01,CADCHF,0.57396,16/07/2026 09:57:55,0.57395,-0.05,0.00,-0.10,-0.07,0.00,0.00,-0.07,-0.10,1,Dragon Wave_AZ0,0.05,0.05hrs
16/07/2026 09:47:48,buy,0.01,GBPCHF,1.09106,16/07/2026 09:54:54,1.09111,-0.05,0.00,0.50,0.01,0.01,0.50,-0.26,-1.70,1,Dragon Wave_BZ0,0.12,0.12hrs
16/07/2026 09:48:23,buy,0.01,GBPAUD,1.93447,16/07/2026 09:54:53,1.93464,-0.05,0.00,1.70,0.06,0.06,1.70,0.00,0.00,1,Dragon Wave_BZ0,0.11,0.11hrs
16/07/2026 09:53:22,buy,0.01,GBPUSD,1.35354,16/07/2026 09:53:39,1.35362,-0.05,0.00,0.80,0.03,0.03,0.80,0.00,0.00,1,Dragon Wave_AZ0,0.00,0.00hrs
16/07/2026 09:50:06,buy,0.01,CADCHF,0.57391,16/07/2026 09:52:37,0.57400,-0.05,0.00,0.90,0.06,0.06,0.90,0.00,0.00,1,Dragon Wave_CZ0,0.04,0.04hrs
16/07/2026 09:35:25,buy,0.02,AUDJPY,113.44400,16/07/2026 09:52:37,113.45900,-0.10,0.00,1.50,0.08,0.08,1.50,-0.30,-1.60,1,Dragon Wave_BZ1,0.29,0.29hrs
16/07/2026 09:33:35,buy,0.01,AUDJPY,113.46700,16/07/2026 09:52:37,113.45900,-0.05,0.00,-0.80,-0.10,0.00,0.00,-0.29,-3.90,1,Dragon Wave_BZ0,0.32,0.32hrs
16/07/2026 09:49:55,buy,0.01,USDJPY,162.13300,16/07/2026 09:52:36,162.14900,-0.05,0.00,1.60,0.05,0.05,1.60,0.00,0.00,1,Dragon Wave_CZ0,0.04,0.04hrs
16/07/2026 09:35:31,buy,0.01,NZDJPY,94.88700,16/07/2026 09:51:41,94.90400,-0.05,0.00,1.70,0.06,0.06,1.70,-0.16,-1.80,1,Dragon Wave_CZ0,0.27,0.27hrs
16/07/2026 09:49:41,buy,0.01,USDJPY,162.13100,16/07/2026 09:51:38,162.13900,-0.05,0.00,0.00,0.00,0.00,0.00,0.00,0.00,1,Dragon Wave_AZ0,0.03,0.03hrs
16/07/2026 09:35:13,buy,0.01,NZDJPY,94.89000,16/07/2026 09:51:34,94.90200,-0.05,0.00,1.20,0.02,0.02,1.20,-0.18,-2.10,1,Dragon Wave_BZ0,0.27,0.27hrs
16/07/2026 09:47:29,buy,0.01,GBPJPY,219.45500,16/07/2026 09:51:01,219.48300,-0.05,0.00,2.80,0.12,0.12,2.80,-0.08,-0.40,1,Dragon Wave_BZ0,0.06,0.06hrs
16/07/2026 09:47:48,buy,0.01,NZDCHF,0.47168,16/07/2026 09:51:00,0.47173,-0.05,0.00,0.50,0.01,0.01,0.50,-0.09,-0.30,1,Dragon Wave_BZ0,0.05,0.05hrs
16/07/2026 09:46:39,buy,0.01,AUDJPY,113.43100,16/07/2026 09:50:49,113.45000,-0.05,0.00,1.90,0.07,0.07,1.90,-0.02,0.00,1,Dragon Wave_CZ0,0.07,0.07hrs
16/07/2026 09:47:59,buy,0.02,GBPUSD,1.35340,16/07/2026 09:50:06,1.35359,-0.10,0.00,1.90,0.28,0.28,1.90,-0.16,-0.30,1,Dragon Wave_BZ1,0.04,0.04hrs
16/07/2026 09:46:36,buy,0.01,GBPUSD,1.35350,16/07/2026 09:50:06,1.35360,-0.05,0.00,1.00,0.05,0.05,1.00,-0.18,-1.30,1,Dragon Wave_BZ0,0.06,0.06hrs
16/07/2026 09:48:28,buy,0.02,GBPCAD,1.90066,16/07/2026 09:49:00,1.90097,-0.10,0.00,3.10,0.35,0.35,3.10,0.00,0.00,1,Dragon Wave_BZ1,0.01,0.01hrs
16/07/2026 09:47:25,buy,0.01,GBPCAD,1.90107,16/07/2026 09:49:00,1.90097,-0.05,0.00,-1.00,-0.12,0.00,0.00,-0.30,-3.50,1,Dragon Wave_BZ0,0.03,0.03hrs
16/07/2026 09:47:38,buy,0.01,NZDCAD,0.82171,16/07/2026 09:48:58,0.82184,-0.05,0.00,1.30,0.04,0.04,1.30,0.00,0.00,1,Dragon Wave_CZ0,0.02,0.02hrs
16/07/2026 09:47:33,buy,0.01,NZDCAD,0.82171,16/07/2026 09:48:55,0.82184,-0.05,0.00,1.30,0.04,0.04,1.30,0.00,0.00,1,Dragon Wave_BZ0,0.02,0.02hrs
16/07/2026 09:47:38,buy,0.01,GBPUSD,1.35327,16/07/2026 09:48:51,1.35343,-0.05,0.00,1.60,0.11,0.11,1.60,0.00,0.00,1,Dragon Wave_AZ0,0.02,0.02hrs
16/07/2026 09:43:31,buy,0.01,CHFJPY,201.15100,16/07/2026 09:48:50,201.17600,-0.05,0.00,2.50,0.11,0.11,2.50,0.00,0.00,1,Dragon Wave_CZ0,0.09,0.09hrs
16/07/2026 09:47:20,buy,0.02,NZDCHF,0.47167,16/07/2026 09:48:28,0.47169,-0.10,0.00,0.20,-0.05,0.00,0.20,-0.15,-0.20,1,Dragon Wave_AZ1,0.02,0.02hrs
16/07/2026 09:45:24,buy,0.01,NZDCHF,0.47172,16/07/2026 09:48:28,0.47169,-0.05,0.00,-0.30,-0.08,0.00,0.00,-0.14,-0.70,1,Dragon Wave_AZ0,0.05,0.05hrs
16/07/2026 09:45:14,buy,0.01,NZDCAD,0.82176,16/07/2026 09:48:11,0.82180,-0.05,0.00,0.40,-0.02,0.00,0.40,-0.04,0.00,1,Dragon Wave_AZ0,0.05,0.05hrs
16/07/2026 09:47:19,buy,0.02,AUDJPY,113.42900,16/07/2026 09:47:54,113.43800,-0.10,0.00,0.90,0.01,0.01,0.90,0.00,0.00,1,Dragon Wave_AZ1,0.01,0.01hrs
16/07/2026 09:45:11,buy,0.01,AUDJPY,113.44200,16/07/2026 09:47:54,113.43800,-0.05,0.00,-0.40,-0.07,0.00,0.00,-0.07,-0.40,1,Dragon Wave_AZ0,0.05,0.05hrs
16/07/2026 09:16:15,buy,0.02,XAGUSD,57.28100,16/07/2026 09:47:37,57.04600,-0.21,0.00,-2350.00,-23.71,0.00,0.00,-39.61,-3940.00,1,Dragon Wave_BZ1,0.52,0.52hrs
16/07/2026 09:12:32,buy,0.01,XAGUSD,57.35200,16/07/2026 09:47:37,57.03500,-0.10,0.00,-3170.00,-15.95,0.00,0.00,-23.35,-4650.00,1,Dragon Wave_BZ0,0.58,0.58hrs
16/07/2026 09:38:06,buy,0.07,XAGUSD,56.88700,16/07/2026 09:47:36,57.04900,-0.72,0.00,1620.00,55.98,55.98,1620.00,0.00,0.00,1,Dragon Wave_BZ4,0.16,0.16hrs
16/07/2026 09:34:33,buy,0.04,XAGUSD,57.05500,16/07/2026 09:47:36,57.04900,-0.41,0.00,-60.00,-1.61,0.00,0.00,-34.01,-1680.00,1,Dragon Wave_BZ3,0.22,0.22hrs
16/07/2026 09:23:06,buy,0.03,XAGUSD,57.14300,16/07/2026 09:47:36,57.04600,-0.31,0.00,-970.00,-14.86,1.94,150.00,-38.71,-2560.00,1,Dragon Wave_BZ2,0.41,0.41hrs
16/07/2026 09:35:08,buy,0.02,XAGUSD,56.99100,16/07/2026 09:46:02,57.03800,-0.21,0.00,470.00,4.49,5.39,560.00,-10.61,-1040.00,1,Dragon Wave_AZ1,0.18,0.18hrs
16/07/2026 09:34:21,buy,0.01,XAGUSD,57.11100,16/07/2026 09:46:02,57.03800,-0.10,0.00,-730.00,-3.75,0.00,0.00,-11.30,-2240.00,1,Dragon Wave_AZ0,0.19,0.19hrs
16/07/2026 09:42:39,buy,0.01,EURUSD,1.14658,16/07/2026 09:44:53,1.14671,-0.05,0.00,1.30,0.08,0.08,1.30,-0.03,0.00,1,Dragon Wave_BZ0,0.04,0.04hrs
16/07/2026 09:43:31,buy,0.01,EURUSD,1.14654,16/07/2026 09:44:47,1.14670,-0.05,0.00,1.60,0.11,0.11,1.60,0.00,0.00,1,Dragon Wave_AZ0,0.02,0.02hrs
16/07/2026 09:35:36,buy,0.01,NZDCHF,0.47172,16/07/2026 09:43:19,0.47183,-0.05,0.00,1.10,0.09,0.09,1.10,-0.15,-0.80,1,Dragon Wave_BZ0,0.13,0.13hrs
16/07/2026 09:30:53,buy,0.01,NZDCAD,0.82210,16/07/2026 09:42:55,0.82190,-0.05,0.00,-2.00,-0.19,0.00,0.00,-0.33,-4.00,1,Dragon Wave_CZ0,0.20,0.20hrs
16/07/2026 09:38:46,buy,0.03,NZDCAD,0.82168,16/07/2026 09:42:54,0.82188,-0.15,0.00,2.00,0.28,0.28,2.00,0.00,0.00,1,Dragon Wave_CZ2,0.07,0.07hrs
16/07/2026 09:33:27,buy,0.02,NZDCAD,0.82196,16/07/2026 09:42:54,0.82190,-0.10,0.00,-0.60,-0.19,0.00,0.00,-0.47,-2.60,1,Dragon Wave_CZ1,0.16,0.16hrs
16/07/2026 09:36:22,buy,0.02,NZDCHF,0.47170,16/07/2026 09:42:33,0.47176,-0.10,0.00,0.60,0.05,0.05,0.60,-0.25,-0.60,1,Dragon Wave_AZ1,0.10,0.10hrs
16/07/2026 09:35:16,buy,0.01,NZDCHF,0.47173,16/07/2026 09:42:33,0.47176,-0.05,0.00,0.30,-0.01,0.00,0.30,-0.16,-0.90,1,Dragon Wave_AZ0,0.12,0.12hrs
16/07/2026 09:37:42,buy,0.02,AUDJPY,113.42900,16/07/2026 09:42:27,113.45200,-0.10,0.00,2.30,0.18,0.18,2.30,-0.11,-0.10,1,Dragon Wave_CZ1,0.08,0.08hrs
16/07/2026 09:34:30,buy,0.01,AUDJPY,113.45300,16/07/2026 09:42:27,113.45200,-0.05,0.00,-0.10,-0.05,0.00,0.00,-0.20,-2.50,1,Dragon Wave_CZ0,0.13,0.13hrs
16/07/2026 09:41:14,buy,0.01,AUDJPY,113.43100,16/07/2026 09:41:35,113.44200,-0.05,0.00,1.10,0.02,0.02,1.10,0.00,0.00,1,Dragon Wave_AZ0,0.01,0.01hrs
16/07/2026 09:38:29,buy,0.02,NZDCHF,0.47159,16/07/2026 09:41:34,0.47168,-0.10,0.00,0.90,0.12,0.12,0.90,0.00,0.00,1,Dragon Wave_CZ1,0.05,0.05hrs
16/07/2026 09:35:52,buy,0.01,NZDCHF,0.47172,16/07/2026 09:41:34,0.47168,-0.05,0.00,-0.40,-0.10,0.00,0.00,-0.15,-0.80,1,Dragon Wave_CZ0,0.10,0.10hrs
16/07/2026 09:38:20,buy,0.02,XAGUSD,56.87800,16/07/2026 09:39:50,56.99400,-0.20,0.00,1160.00,11.40,11.40,1160.00,0.00,0.00,1,Dragon Wave_CZ1,0.03,0.03hrs
16/07/2026 09:34:42,buy,0.01,XAGUSD,57.06500,16/07/2026 09:39:50,56.99400,-0.10,0.00,-710.00,-3.65,0.00,0.00,-9.00,-1780.00,1,Dragon Wave_CZ0,0.09,0.09hrs
16/07/2026 09:34:16,buy,0.01,XAUUSD,4029.47000,16/07/2026 09:39:47,4026.33000,-0.15,0.00,-31.40,-3.29,0.00,0.00,-5.34,-51.90,1,Dragon Wave_AZ0,0.09,0.09hrs
16/07/2026 09:35:07,buy,0.02,XAUUSD,4023.84000,16/07/2026 09:39:46,4026.33000,-0.29,0.00,24.90,4.69,4.69,24.90,0.00,0.00,1,Dragon Wave_AZ1,0.08,0.08hrs
16/07/2026 09:34:35,buy,0.01,XAUUSD,4027.18000,16/07/2026 09:39:31,4025.80000,-0.14,0.00,-13.80,-1.52,0.00,0.00,-3.04,-29.00,1,Dragon Wave_CZ0,0.08,0.08hrs
16/07/2026 09:38:27,buy,0.02,XAUUSD,4024.25000,16/07/2026 09:39:30,4025.76000,-0.29,0.00,15.10,2.73,2.73,15.10,0.00,0.00,1,Dragon Wave_CZ1,0.02,0.02hrs
16/07/2026 09:35:09,buy,0.01,EURJPY,185.94000,16/07/2026 09:36:40,185.96200,-0.05,0.00,2.20,0.09,0.09,2.20,-0.04,0.00,1,Dragon Wave_AZ0,0.03,0.03hrs
16/07/2026 09:33:23,buy,0.01,CHFJPY,201.16200,16/07/2026 09:36:28,201.18500,-0.05,0.00,2.30,0.10,0.10,2.30,-0.14,-1.50,1,Dragon Wave_AZ0,0.05,0.05hrs
16/07/2026 09:35:13,buy,0.01,AUDJPY,113.44200,16/07/2026 09:36:16,113.45700,-0.05,0.00,1.50,0.04,0.04,1.50,-0.08,-0.40,1,Dragon Wave_AZ0,0.02,0.02hrs
16/07/2026 09:30:18,buy,0.02,EURAUD,1.63874,16/07/2026 09:34:39,1.63903,-0.10,0.00,2.90,0.31,0.31,2.90,-0.23,-0.90,1,Dragon Wave_AZ1,0.07,0.07hrs
16/07/2026 09:16:12,buy,0.01,EURAUD,1.63912,16/07/2026 09:34:39,1.63901,-0.05,0.00,-1.10,-0.13,0.00,0.00,-0.38,-4.70,1,Dragon Wave_AZ0,0.31,0.31hrs
16/07/2026 09:33:27,buy,0.01,XAUUSD,4029.15000,16/07/2026 09:33:47,4030.04000,-0.15,0.00,8.90,0.74,0.74,8.90,0.00,0.00,1,Dragon Wave_AZ0,0.01,0.01hrs
16/07/2026 09:31:18,buy,0.01,EURUSD,1.14668,16/07/2026 09:32:41,1.14680,-0.05,0.00,1.20,0.07,0.07,1.20,0.00,0.00,1,Dragon Wave_CZ0,0.02,0.02hrs
16/07/2026 09:31:17,buy,0.01,EURUSD,1.14670,16/07/2026 09:32:32,1.14681,-0.05,0.00,1.10,0.06,0.06,1.10,0.00,0.00,1,Dragon Wave_BZ0,0.02,0.02hrs
16/07/2026 09:30:15,buy,0.01,XAUUSD,4030.06000,16/07/2026 09:31:27,4029.99000,-0.15,0.00,-0.70,-0.22,0.00,0.00,-0.22,-0.70,1,Dragon Wave_AZ0,0.02,0.02hrs
16/07/2026 09:23:26,buy,0.01,USDJPY,162.14100,16/07/2026 09:27:30,162.15000,-0.05,0.00,0.90,0.01,0.01,0.90,0.00,0.00,1,Dragon Wave_BZ0,0.07,0.07hrs
16/07/2026 09:25:54,buy,0.01,NZDCAD,0.82213,16/07/2026 09:26:40,0.82226,-0.05,0.00,1.30,0.05,0.05,1.30,0.00,0.00,1,Dragon Wave_CZ0,0.01,0.01hrs
16/07/2026 09:26:01,buy,0.02,NZDCAD,0.82212,16/07/2026 09:26:39,0.82223,-0.10,0.00,1.10,0.06,0.06,1.10,0.00,0.00,1,Dragon Wave_AZ1,0.01,0.01hrs
16/07/2026 09:25:41,buy,0.01,NZDCAD,0.82215,16/07/2026 09:26:39,0.82226,-0.05,0.00,1.10,0.03,0.03,1.10,0.00,0.00,1,Dragon Wave_BZ0,0.02,0.02hrs
16/07/2026 09:25:20,buy,0.01,NZDCAD,0.82221,16/07/2026 09:26:39,0.82223,-0.05,0.00,0.20,-0.04,0.00,0.20,-0.04,0.00,1,Dragon Wave_AZ0,0.02,0.02hrs
16/07/2026 09:25:19,buy,0.01,GBPUSD,1.35353,16/07/2026 09:25:51,1.35360,-0.05,0.00,0.70,0.02,0.02,0.70,0.00,0.00,1,Dragon Wave_AZ0,0.01,0.01hrs
16/07/2026 08:35:27,buy,0.01,AUDUSD,0.69981,16/07/2026 09:25:50,0.69978,-0.05,0.00,-0.30,-0.08,0.00,0.00,-0.43,-3.80,1,Dragon Wave_BZ0,0.84,0.84hrs
16/07/2026 08:38:34,buy,0.02,AUDUSD,0.69968,16/07/2026 09:25:49,0.69978,-0.10,0.00,1.00,0.10,0.10,1.00,-0.60,-2.50,1,Dragon Wave_BZ1,0.79,0.79hrs
16/07/2026 09:25:19,buy,0.01,GBPJPY,219.47000,16/07/2026 09:25:37,219.48200,-0.05,0.00,1.20,0.03,0.03,1.20,0.00,0.00,1,Dragon Wave_BZ0,0.01,0.01hrs
16/07/2026 09:00:54,buy,0.01,CADCHF,0.57384,16/07/2026 09:25:20,0.57388,-0.05,0.00,0.00,0.00,0.00,0.10,-0.17,-1.00,1,Dragon Wave_CZ0,0.41,0.41hrs
16/07/2026 09:11:04,buy,0.02,XAUUSD,4033.29000,16/07/2026 09:25:02,4031.38000,-0.29,0.00,-19.10,-4.11,0.00,0.00,-8.59,-41.50,1,Dragon Wave_AZ1,0.23,0.23hrs
16/07/2026 09:10:04,buy,0.01,XAUUSD,4033.88000,16/07/2026 09:25:02,4031.64000,-0.15,0.00,-22.40,-2.39,0.00,0.00,-4.89,-47.40,1,Dragon Wave_AZ0,0.25,0.25hrs
16/07/2026 09:17:00,buy,0.03,XAUUSD,4030.00000,16/07/2026 09:25:01,4031.80000,-0.44,0.00,18.00,4.96,4.96,18.00,-3.02,-8.60,1,Dragon Wave_AZ2,0.13,0.13hrs
16/07/2026 09:17:02,buy,0.02,XAUUSD,4029.73000,16/07/2026 09:24:12,4030.83000,-0.29,0.00,11.00,1.91,1.91,11.00,-1.47,-5.90,1,Dragon Wave_BZ1,0.12,0.12hrs
16/07/2026 09:12:26,buy,0.01,XAUUSD,4032.08000,16/07/2026 09:24:12,4030.93000,-0.15,0.00,-11.50,-1.30,0.00,0.00,-3.09,-29.40,1,Dragon Wave_BZ0,0.20,0.20hrs
16/07/2026 09:20:36,buy,0.01,GBPJPY,219.45600,16/07/2026 09:22:40,219.47800,-0.05,0.00,2.20,0.09,0.09,2.20,0.00,0.00,1,Dragon Wave_BZ0,0.03,0.03hrs
16/07/2026 09:05:43,buy,0.01,NZDCHF,0.47173,16/07/2026 09:20:08,0.47180,-0.05,0.00,0.70,0.04,0.04,0.70,-0.14,-0.70,1,Dragon Wave_CZ0,0.24,0.24hrs
16/07/2026 09:11:17,buy,0.01,NZDCHF,0.47167,16/07/2026 09:14:46,0.47172,-0.05,0.00,0.50,0.01,0.01,0.50,-0.06,-0.10,1,Dragon Wave_AZ0,0.06,0.06hrs
16/07/2026 09:11:21,buy,0.01,NZDCAD,0.82204,16/07/2026 09:14:06,0.82216,-0.05,0.00,1.20,0.03,0.03,1.20,-0.05,0.00,1,Dragon Wave_AZ0,0.05,0.05hrs
16/07/2026 09:07:36,buy,0.01,USDJPY,162.14300,16/07/2026 09:12:41,162.15200,-0.05,0.00,0.90,0.01,0.01,0.90,-0.12,-1.20,1,Dragon Wave_AZ0,0.08,0.08hrs
16/07/2026 09:11:17,buy,0.02,USDJPY,162.12900,16/07/2026 09:12:40,162.15200,-0.10,0.00,2.30,0.18,0.18,2.30,0.00,0.00,1,Dragon Wave_AZ1,0.02,0.02hrs
16/07/2026 09:10:17,buy,0.01,NZDCAD,0.82199,16/07/2026 09:10:58,0.82211,-0.05,0.00,1.20,0.03,0.03,1.20,-0.02,0.00,1,Dragon Wave_AZ0,0.01,0.01hrs
16/07/2026 09:06:33,buy,0.01,NZDCAD,0.82196,16/07/2026 09:08:53,0.82214,-0.05,0.00,1.80,0.07,0.07,1.80,0.00,0.00,1,Dragon Wave_BZ0,0.04,0.04hrs
16/07/2026 09:06:32,buy,0.01,AUDJPY,113.42700,16/07/2026 09:08:52,113.43900,-0.05,0.00,1.20,0.02,0.02,1.20,0.00,0.00,1,Dragon Wave_BZ0,0.04,0.04hrs
16/07/2026 09:06:10,buy,0.01,EURJPY,185.90800,16/07/2026 09:08:39,185.92300,-0.05,0.00,1.50,0.04,0.04,1.50,0.00,0.00,1,Dragon Wave_AZ0,0.04,0.04hrs
16/07/2026 08:58:30,buy,0.02,GBPNZD,2.31211,16/07/2026 09:06:39,2.31255,-0.10,0.00,4.40,0.42,0.42,4.40,-0.95,-7.30,1,Dragon Wave_CZ1,0.14,0.14hrs
16/07/2026 08:32:35,buy,0.01,GBPNZD,2.31303,16/07/2026 09:06:39,2.31255,-0.05,0.00,-4.80,-0.34,0.00,0.00,-1.02,-16.50,1,Dragon Wave_CZ0,0.57,0.57hrs
16/07/2026 09:01:58,buy,0.01,USDCHF,0.80606,16/07/2026 09:05:59,0.80615,-0.05,0.00,0.90,0.06,0.06,0.90,-0.19,-1.10,1,Dragon Wave_CZ0,0.07,0.07hrs
16/07/2026 09:02:21,buy,0.02,CADCHF,0.57373,16/07/2026 09:04:42,0.57382,-0.10,0.00,0.90,0.12,0.12,0.90,-0.08,0.00,1,Dragon Wave_BZ1,0.04,0.04hrs
16/07/2026 09:00:25,buy,0.01,CADCHF,0.57384,16/07/2026 09:04:42,0.57382,-0.05,0.00,-0.20,-0.08,0.00,0.00,-0.17,-1.00,1,Dragon Wave_BZ0,0.07,0.07hrs
16/07/2026 09:04:19,buy,0.01,GBPCAD,1.90084,16/07/2026 09:04:40,1.90109,-0.05,0.00,2.50,0.13,0.13,2.50,0.00,0.00,1,Dragon Wave_AZ0,0.01,0.01hrs
16/07/2026 09:02:06,buy,0.02,GBPNZD,2.31136,16/07/2026 09:04:40,2.31194,-0.10,0.00,5.80,0.58,0.58,5.80,-0.08,0.00,1,Dragon Wave_AZ1,0.04,0.04hrs
16/07/2026 08:58:15,buy,0.01,GBPNZD,2.31254,16/07/2026 09:04:40,2.31193,-0.05,0.00,-6.10,-0.41,0.00,0.00,-0.73,-11.60,1,Dragon Wave_AZ0,0.11,0.11hrs
16/07/2026 09:02:10,buy,0.02,USDCHF,0.80595,16/07/2026 09:03:53,0.80615,-0.10,0.00,2.00,0.40,0.40,2.00,-0.10,0.00,1,Dragon Wave_AZ1,0.03,0.03hrs
16/07/2026 09:00:20,buy,0.01,USDCHF,0.80616,16/07/2026 09:03:53,0.80615,-0.05,0.00,-0.10,-0.06,0.00,0.00,-0.31,-2.10,1,Dragon Wave_AZ0,0.06,0.06hrs
16/07/2026 09:02:07,buy,0.02,CADCHF,0.57371,16/07/2026 09:03:47,0.57382,-0.10,0.00,1.10,0.17,0.17,1.10,-0.03,0.00,1,Dragon Wave_AZ1,0.03,0.03hrs
16/07/2026 09:00:16,buy,0.01,CADCHF,0.57388,16/07/2026 09:03:47,0.57382,-0.05,0.00,-0.60,-0.12,0.00,0.00,-0.22,-1.40,1,Dragon Wave_AZ0,0.06,0.06hrs
16/07/2026 09:02:04,buy,0.01,USDJPY,162.14000,16/07/2026 09:03:35,162.15800,-0.05,0.00,1.80,0.06,0.06,1.80,-0.05,0.00,1,Dragon Wave_BZ0,0.03,0.03hrs
16/07/2026 08:40:12,buy,0.02,GBPJPY,219.44900,16/07/2026 09:02:37,219.44200,-0.10,0.00,-0.70,-0.18,0.00,0.00,-1.05,-7.70,1,Dragon Wave_AZ1,0.37,0.37hrs
16/07/2026 08:35:14,buy,0.01,GBPJPY,219.48200,16/07/2026 09:02:37,219.44200,-0.05,0.00,-4.00,-0.30,0.00,0.00,-0.73,-11.00,1,Dragon Wave_AZ0,0.46,0.46hrs
16/07/2026 08:46:08,buy,0.03,GBPJPY,219.39100,16/07/2026 09:02:36,219.44300,-0.15,0.00,5.20,0.81,0.81,5.20,-0.50,-1.90,1,Dragon Wave_AZ2,0.27,0.27hrs
16/07/2026 08:36:10,buy,0.01,AUDUSD,0.69973,16/07/2026 09:02:15,0.69968,-0.05,0.00,-0.50,-0.10,0.00,0.00,-0.35,-3.00,1,Dragon Wave_CZ0,0.43,0.43hrs
16/07/2026 08:59:35,buy,0.02,AUDUSD,0.69948,16/07/2026 09:02:14,0.69969,-0.10,0.00,2.10,0.32,0.32,2.10,-0.14,-0.20,1,Dragon Wave_CZ1,0.04,0.04hrs
16/07/2026 08:40:24,buy,0.02,AUDCAD,0.98271,16/07/2026 09:01:58,0.98289,-0.10,0.00,1.80,0.15,0.15,1.80,-0.34,-1.70,1,Dragon Wave_AZ1,0.36,0.36hrs
16/07/2026 08:35:21,buy,0.01,AUDCAD,0.98293,16/07/2026 09:01:58,0.98289,-0.05,0.00,-0.40,-0.07,0.00,0.00,-0.33,-3.90,1,Dragon Wave_AZ0,0.44,0.44hrs
16/07/2026 08:56:41,buy,0.02,GBPUSD,1.35301,16/07/2026 09:01:03,1.35325,-0.10,0.00,2.40,0.38,0.38,2.40,-0.18,-0.40,1,Dragon Wave_BZ1,0.07,0.07hrs
16/07/2026 08:36:14,buy,0.01,GBPUSD,1.35357,16/07/2026 09:01:03,1.35325,-0.05,0.00,-3.20,-0.37,0.00,0.00,-0.65,-6.00,1,Dragon Wave_BZ0,0.41,0.41hrs
16/07/2026 08:45:15,buy,0.02,GBPUSD,1.35337,16/07/2026 09:01:01,1.35326,-0.10,0.00,-1.10,-0.32,0.00,0.00,-0.90,-4.00,1,Dragon Wave_AZ1,0.26,0.26hrs
16/07/2026 08:43:10,buy,0.01,GBPUSD,1.35344,16/07/2026 09:01:01,1.35326,-0.05,0.00,-1.80,-0.23,0.00,0.00,-0.52,-4.70,1,Dragon Wave_AZ0,0.30,0.30hrs
16/07/2026 08:58:13,buy,0.07,GBPUSD,1.35278,16/07/2026 09:01:00,1.35328,-0.35,0.00,5.00,3.15,3.15,5.00,0.00,0.00,1,Dragon Wave_AZ4,0.05,0.05hrs
16/07/2026 08:56:32,buy,0.04,GBPUSD,1.35305,16/07/2026 09:01:00,1.35328,-0.20,0.00,2.30,0.72,0.72,2.30,-0.52,-0.80,1,Dragon Wave_AZ3,0.07,0.07hrs
16/07/2026 08:50:19,buy,0.03,GBPUSD,1.35321,16/07/2026 09:01:00,1.35326,-0.15,0.00,0.00,0.00,0.00,0.00,-0.87,-2.40,1,Dragon Wave_AZ2,0.18,0.18hrs
16/07/2026 09:00:15,buy,0.01,USDJPY,162.15500,16/07/2026 09:00:54,162.17000,-0.05,0.00,1.50,0.04,0.04,1.50,0.00,0.00,1,Dragon Wave_AZ0,0.01,0.01hrs
16/07/2026 08:40:50,buy,0.01,GBPJPY,219.42600,16/07/2026 09:00:42,219.45400,-0.05,0.00,2.80,0.12,0.12,2.80,-0.38,-5.40,1,Dragon Wave_CZ0,0.33,0.33hrs
16/07/2026 08:58:23,buy,0.01,EURUSD,1.14623,16/07/2026 09:00:28,1.14663,-0.05,0.00,4.00,0.35,0.35,4.00,0.00,0.00,1,Dragon Wave_BZ0,0.03,0.03hrs
16/07/2026 08:56:44,buy,0.01,GBPUSD,1.35302,16/07/2026 09:00:25,1.35351,-0.05,0.00,4.90,0.44,0.44,4.90,-0.10,-0.50,1,Dragon Wave_CZ0,0.06,0.06hrs
16/07/2026 08:58:29,buy,0.01,GBPCAD,1.90038,16/07/2026 09:00:16,1.90095,-0.05,0.00,5.70,0.36,0.36,5.70,0.00,0.00,1,Dragon Wave_CZ0,0.03,0.03hrs
16/07/2026 08:56:37,buy,0.01,NZDCAD,0.82181,16/07/2026 08:59:45,0.82200,-0.05,0.00,1.90,0.08,0.08,1.90,0.00,0.00,1,Dragon Wave_CZ0,0.05,0.05hrs
16/07/2026 08:55:12,buy,0.01,NZDCHF,0.47171,16/07/2026 08:57:49,0.47179,-0.05,0.00,0.80,0.05,0.05,0.80,0.00,0.00,1,Dragon Wave_AZ0,0.04,0.04hrs
16/07/2026 08:47:22,buy,0.02,AUDCHF,0.56395,16/07/2026 08:57:35,0.56409,-0.10,0.00,1.40,0.25,0.25,1.40,-0.22,-0.50,1,Dragon Wave_AZ1,0.17,0.17hrs
16/07/2026 08:39:26,buy,0.01,AUDCHF,0.56401,16/07/2026 08:57:35,0.56409,-0.05,0.00,0.80,0.05,0.05,0.80,-0.19,-1.10,1,Dragon Wave_AZ0,0.30,0.30hrs
16/07/2026 08:45:42,buy,0.01,EURJPY,185.90400,16/07/2026 08:57:32,185.91800,-0.05,0.00,1.40,0.03,0.03,1.40,-0.38,-5.30,1,Dragon Wave_CZ0,0.20,0.20hrs
16/07/2026 08:56:19,buy,0.01,NZDCAD,0.82188,16/07/2026 08:57:28,0.82195,-0.05,0.00,0.00,0.00,0.00,0.00,0.00,0.00,1,Dragon Wave_BZ0,0.02,0.02hrs
16/07/2026 08:35:50,buy,0.01,AUDJPY,113.45000,16/07/2026 08:56:48,113.44000,-0.05,0.00,-1.00,-0.11,0.00,0.00,-0.36,-5.00,1,Dragon Wave_CZ0,0.35,0.35hrs
16/07/2026 08:40:34,buy,0.02,AUDJPY,113.42100,16/07/2026 08:56:47,113.44100,-0.10,0.00,2.00,0.14,0.14,2.00,-0.36,-2.10,1,Dragon Wave_CZ1,0.27,0.27hrs
16/07/2026 08:35:28,buy,0.01,AUDJPY,113.45400,16/07/2026 08:56:04,113.44200,-0.05,0.00,-1.20,-0.13,0.00,0.00,-0.38,-5.40,1,Dragon Wave_BZ0,0.34,0.34hrs
16/07/2026 08:40:17,buy,0.02,AUDJPY,113.41900,16/07/2026 08:56:03,113.44200,-0.10,0.00,2.30,0.18,0.18,2.30,-0.33,-1.90,1,Dragon Wave_BZ1,0.26,0.26hrs
16/07/2026 08:47:19,buy,0.02,NZDCAD,0.82197,16/07/2026 08:52:00,0.82205,-0.10,0.00,0.80,0.01,0.01,0.80,-0.20,-0.70,1,Dragon Wave_AZ1,0.08,0.08hrs
16/07/2026 08:45:21,buy,0.01,NZDCAD,0.82215,16/07/2026 08:52:00,0.82204,-0.05,0.00,-1.10,-0.13,0.00,0.00,-0.23,-2.50,1,Dragon Wave_AZ0,0.11,0.11hrs
16/07/2026 08:46:31,buy,0.01,NZDCHF,0.47173,16/07/2026 08:51:51,0.47178,-0.05,0.00,0.50,0.01,0.01,0.50,-0.09,-0.30,1,Dragon Wave_CZ0,0.09,0.09hrs
16/07/2026 08:47:34,buy,0.01,AUDJPY,113.41500,16/07/2026 08:51:50,113.42000,-0.05,0.00,0.50,-0.02,0.00,0.50,-0.14,-1.50,1,Dragon Wave_AZ0,0.07,0.07hrs
16/07/2026 08:47:28,buy,0.02,NZDCHF,0.47166,16/07/2026 08:51:27,0.47174,-0.10,0.00,0.80,0.10,0.10,0.80,0.00,0.00,1,Dragon Wave_BZ1,0.07,0.07hrs
16/07/2026 08:45:19,buy,0.01,NZDCHF,0.47172,16/07/2026 08:51:27,0.47174,-0.05,0.00,0.20,-0.03,0.00,0.20,-0.07,-0.20,1,Dragon Wave_BZ0,0.10,0.10hrs
16/07/2026 08:44:32,buy,0.01,GBPCHF,1.09094,16/07/2026 08:49:29,1.09104,-0.05,0.00,1.00,0.07,0.07,1.00,-0.16,-0.90,1,Dragon Wave_CZ0,0.08,0.08hrs
16/07/2026 08:45:16,buy,0.01,GBPAUD,1.93457,16/07/2026 08:49:24,1.93469,-0.05,0.00,1.20,0.04,0.04,1.20,0.00,0.00,1,Dragon Wave_AZ0,0.07,0.07hrs
16/07/2026 08:45:46,buy,0.01,GBPAUD,1.93428,16/07/2026 08:47:47,1.93443,-0.05,0.00,1.50,0.06,0.06,1.50,0.00,0.00,1,Dragon Wave_CZ0,0.03,0.03hrs
16/07/2026 08:46:08,buy,0.02,EURUSD,1.14657,16/07/2026 08:47:28,1.14667,-0.10,0.00,1.00,0.10,0.10,1.00,0.00,0.00,1,Dragon Wave_BZ1,0.02,0.02hrs
16/07/2026 08:45:45,buy,0.01,EURUSD,1.14659,16/07/2026 08:47:28,1.14667,-0.05,0.00,0.80,0.03,0.03,0.80,0.00,0.00,1,Dragon Wave_BZ0,0.03,0.03hrs
16/07/2026 08:44:42,buy,0.01,CADCHF,0.57379,16/07/2026 08:46:00,0.57385,-0.05,0.00,0.60,0.02,0.02,0.60,-0.07,-0.20,1,Dragon Wave_CZ0,0.02,0.02hrs
16/07/2026 08:43:11,buy,0.01,EURUSD,1.14665,16/07/2026 08:44:06,1.14674,-0.05,0.00,0.90,0.04,0.04,0.90,0.00,0.00,1,Dragon Wave_AZ0,0.02,0.02hrs
16/07/2026 08:40:20,buy,0.01,XAUUSD,4027.01000,16/07/2026 08:41:45,4028.36000,-0.14,0.00,13.50,1.21,1.21,13.50,0.00,0.00,1,Dragon Wave_AZ0,0.02,0.02hrs
16/07/2026 08:40:12,buy,0.01,XAGUSD,56.98200,16/07/2026 08:41:06,56.99900,-0.10,0.00,170.00,0.75,0.75,170.00,0.00,0.00,1,Dragon Wave_AZ0,0.01,0.01hrs
16/07/2026 08:32:28,buy,0.01,USDCHF,0.80591,16/07/2026 08:35:39,0.80602,-0.05,0.00,1.10,0.09,0.09,1.10,-0.14,-0.70,1,Dragon Wave_AZ0,0.05,0.05hrs
16/07/2026 08:30:45,buy,0.01,EURGBP,0.84698,16/07/2026 08:34:30,0.84703,-0.05,0.00,0.50,0.01,0.01,0.50,-0.12,-0.50,1,Dragon Wave_AZ0,0.06,0.06hrs
16/07/2026 08:28:32,buy,0.01,XAUUSD,4027.70000,16/07/2026 08:31:18,4028.68000,-0.14,0.00,9.80,0.84,0.84,9.80,0.00,0.00,1,Dragon Wave_BZ0,0.05,0.05hrs
16/07/2026 08:28:34,buy,0.01,GBPUSD,1.35367,16/07/2026 08:30:42,1.35392,-0.05,0.00,2.50,0.20,0.20,2.50,0.00,0.00,1,Dragon Wave_BZ0,0.04,0.04hrs
16/07/2026 08:27:16,buy,0.01,USDJPY,162.11200,16/07/2026 08:28:40,162.11900,-0.05,0.00,0.70,-0.01,0.00,0.70,-0.09,-0.60,1,Dragon Wave_AZ0,0.02,0.02hrs
16/07/2026 08:16:31,buy,0.01,EURAUD,1.63810,16/07/2026 08:18:24,1.63823,-0.05,0.00,1.30,0.04,0.04,1.30,-0.17,-1.70,1,Dragon Wave_CZ0,0.03,0.03hrs
16/07/2026 08:02:19,buy,0.01,XAUUSD,4031.89000,16/07/2026 08:15:19,4032.37000,-0.15,0.00,4.80,0.33,0.33,4.80,-1.60,-14.50,1,Dragon Wave_CZ0,0.22,0.22hrs
16/07/2026 08:10:15,buy,0.01,XAUUSD,4030.51000,16/07/2026 08:14:40,4030.77000,-0.15,0.00,2.60,0.11,0.11,2.60,-0.22,-0.70,1,Dragon Wave_AZ0,0.07,0.07hrs
16/07/2026 08:10:34,buy,0.01,XAUUSD,4030.22000,16/07/2026 08:14:30,4030.58000,-0.15,0.00,3.60,0.21,0.21,3.60,0.00,0.00,1,Dragon Wave_BZ0,0.07,0.07hrs
16/07/2026 08:10:29,buy,0.01,XAGUSD,57.00000,16/07/2026 08:11:17,57.01400,-0.10,0.00,140.00,0.60,0.60,140.00,0.00,0.00,1,Dragon Wave_BZ0,0.01,0.01hrs
16/07/2026 08:05:59,buy,0.01,EURUSD,1.14658,16/07/2026 08:10:58,1.14675,-0.05,0.00,1.70,0.12,0.12,1.70,-0.06,-0.10,1,Dragon Wave_BZ0,0.08,0.08hrs
15/07/2026 21:43:22,buy,0.02,NZDUSD,0.58586,16/07/2026 06:03:31,0.58431,-0.10,-0.18,-15.50,-3.38,0.00,0.00,-5.20,-24.60,1,Dragon Wave_CZ1,8.34,8.34hrs
15/07/2026 21:40:55,buy,0.01,NZDUSD,0.58604,16/07/2026 06:03:31,0.58431,-0.05,-0.09,-17.30,-1.87,0.00,0.00,-2.78,-26.40,1,Dragon Wave_CZ0,8.38,8.38hrs
16/07/2026 04:17:45,buy,0.11,NZDUSD,0.58405,16/07/2026 06:03:30,0.58431,-0.55,0.00,2.60,2.31,2.31,2.60,-7.70,-6.50,1,Dragon Wave_CZ5,1.76,1.76hrs
16/07/2026 03:50:37,buy,0.07,NZDUSD,0.58425,16/07/2026 06:03:30,0.58431,-0.35,0.00,0.60,0.07,0.70,1.50,-6.30,-8.50,1,Dragon Wave_CZ4,2.21,2.21hrs
15/07/2026 22:34:17,buy,0.04,NZDUSD,0.58491,16/07/2026 06:03:30,0.58431,-0.20,-0.36,-6.00,-2.96,0.16,1.80,-6.60,-15.10,1,Dragon Wave_CZ3,7.49,7.49hrs
15/07/2026 21:50:27,buy,0.03,NZDUSD,0.58552,16/07/2026 06:03:30,0.58431,-0.15,-0.27,-12.10,-4.05,0.00,0.00,-6.78,-21.20,1,Dragon Wave_CZ2,8.22,8.22hrs
16/07/2026 04:33:32,buy,0.18,NZDUSD,0.58375,16/07/2026 06:03:29,0.58431,-0.90,0.00,5.60,9.18,9.18,5.60,-7.20,-3.50,1,Dragon Wave_CZ6,1.50,1.50hrs
15/07/2026 21:40:59,buy,0.01,AUDUSD,0.70172,16/07/2026 05:54:47,0.69936,-0.05,0.00,-23.60,-2.41,0.00,0.00,-3.10,-30.50,1,Dragon Wave_CZ0,8.23,8.23hrs
15/07/2026 21:45:16,buy,0.02,AUDUSD,0.70147,16/07/2026 05:54:45,0.69934,-0.10,-0.01,-21.30,-4.37,0.00,0.00,-5.71,-28.00,1,Dragon Wave_CZ1,8.16,8.16hrs
16/07/2026 03:48:43,buy,0.07,AUDUSD,0.69979,16/07/2026 05:54:44,0.69934,-0.35,0.00,-4.50,-3.50,0.00,0.30,-8.19,-11.20,1,Dragon Wave_CZ4,2.10,2.10hrs
16/07/2026 03:32:32,buy,0.04,AUDUSD,0.70027,16/07/2026 05:54:44,0.69934,-0.20,0.00,-9.30,-3.92,0.00,0.00,-6.60,-16.00,1,Dragon Wave_CZ3,2.37,2.37hrs
15/07/2026 21:52:03,buy,0.03,AUDUSD,0.70107,16/07/2026 05:54:44,0.69934,-0.15,-0.01,-17.30,-5.35,0.00,0.00,-7.36,-24.00,1,Dragon Wave_CZ2,8.04,8.04hrs
16/07/2026 03:56:39,buy,0.11,AUDUSD,0.69967,16/07/2026 05:54:43,0.69934,-0.55,0.00,-3.30,-4.18,0.22,0.70,-11.55,-10.00,1,Dragon Wave_CZ5,1.97,1.97hrs
16/07/2026 05:07:35,buy,0.47,AUDUSD,0.69887,16/07/2026 05:54:41,0.69934,-2.35,0.00,4.70,19.74,19.74,4.70,-11.75,-2.00,1,Dragon Wave_CZ8,0.79,0.79hrs
16/07/2026 04:33:35,buy,0.29,AUDUSD,0.69913,16/07/2026 05:54:41,0.69934,-1.45,0.00,2.10,4.64,4.64,2.10,-14.79,-4.60,1,Dragon Wave_CZ7,1.35,1.35hrs
16/07/2026 04:17:29,buy,0.18,AUDUSD,0.69935,16/07/2026 05:54:41,0.69934,-0.90,0.00,-0.10,-1.08,0.00,0.00,-13.14,-6.80,1,Dragon Wave_CZ6,1.62,1.62hrs
15/07/2026 21:51:26,buy,0.03,GBPUSD,1.35406,16/07/2026 01:30:47,1.35409,-0.15,-0.21,0.30,-0.27,0.00,0.40,-4.56,-14.00,1,Dragon Wave_CZ2,3.66,3.66hrs
15/07/2026 21:41:47,buy,0.02,GBPUSD,1.35472,16/07/2026 01:30:47,1.35409,-0.10,-0.14,-6.30,-1.50,0.00,0.00,-4.36,-20.60,1,Dragon Wave_CZ1,3.82,3.82hrs
15/07/2026 21:36:11,buy,0.01,GBPUSD,1.35505,16/07/2026 01:30:47,1.35409,-0.05,-0.07,-9.60,-1.08,0.00,0.00,-2.51,-23.90,1,Dragon Wave_CZ0,3.91,3.91hrs
15/07/2026 22:33:13,buy,0.04,GBPUSD,1.35322,16/07/2026 01:30:46,1.35409,-0.20,-0.27,8.70,3.01,3.01,8.70,-2.71,-5.60,1,Dragon Wave_CZ3,2.96,2.96hrs
15/07/2026 21:57:08,buy,0.04,XAUUSD,4060.27000,15/07/2026 22:59:29,4056.40000,-0.58,0.00,-38.70,-16.06,0.00,0.00,-36.82,-90.60,1,Dragon Wave_AZ3,1.04,1.04hrs
15/07/2026 21:50:10,buy,0.03,XAUUSD,4063.92000,15/07/2026 22:59:29,4056.40000,-0.44,0.00,-75.20,-23.00,0.00,0.00,-38.57,-127.10,1,Dragon Wave_AZ2,1.16,1.16hrs
15/07/2026 21:45:18,buy,0.02,XAUUSD,4067.57000,15/07/2026 22:59:29,4056.50000,-0.29,0.00,-110.70,-22.43,0.00,0.00,-33.01,-163.60,1,Dragon Wave_AZ1,1.24,1.24hrs
15/07/2026 21:40:15,buy,0.01,XAUUSD,4070.79000,15/07/2026 22:59:29,4056.56000,-0.15,0.00,-142.30,-14.38,0.00,0.00,-19.73,-195.80,1,Dragon Wave_AZ0,1.32,1.32hrs
15/07/2026 22:34:17,buy,0.18,XAUUSD,4050.88000,15/07/2026 22:59:28,4056.52000,-2.62,0.00,56.40,98.90,98.90,56.40,0.00,0.00,1,Dragon Wave_AZ6,0.42,0.42hrs
15/07/2026 22:21:09,buy,0.11,XAUUSD,4054.90000,15/07/2026 22:59:28,4056.49000,-1.61,0.00,15.90,15.88,15.88,15.90,-42.20,-36.90,1,Dragon Wave_AZ5,0.64,0.64hrs
15/07/2026 22:17:03,buy,0.07,XAUUSD,4058.17000,15/07/2026 22:59:28,4056.49000,-1.02,0.00,-16.80,-12.78,0.00,0.00,-49.74,-69.60,1,Dragon Wave_AZ4,0.71,0.71hrs
15/07/2026 20:44:39,buy,0.03,CADCHF,0.57364,15/07/2026 22:41:48,0.57346,-0.15,0.00,-1.80,-0.82,0.00,0.00,-3.06,-7.80,1,Dragon Wave_CZ2,1.95,1.95hrs
15/07/2026 20:31:09,buy,0.02,CADCHF,0.57384,15/07/2026 22:41:48,0.57346,-0.10,0.00,-3.80,-1.05,0.00,0.00,-2.54,-9.80,1,Dragon Wave_CZ1,2.18,2.18hrs
15/07/2026 20:06:46,buy,0.01,CADCHF,0.57417,15/07/2026 22:41:48,0.57346,-0.05,0.00,-7.10,-0.93,0.00,0.00,-1.68,-13.10,1,Dragon Wave_CZ0,2.58,2.58hrs
15/07/2026 21:04:50,buy,0.07,CADCHF,0.57309,15/07/2026 22:41:47,0.57345,-0.35,0.00,3.60,2.78,2.78,3.60,-2.35,-2.30,1,Dragon Wave_CZ4,1.62,1.62hrs
15/07/2026 20:48:46,buy,0.04,CADCHF,0.57338,15/07/2026 22:41:47,0.57345,-0.20,0.00,0.70,0.15,0.35,1.10,-2.79,-5.20,1,Dragon Wave_CZ3,1.88,1.88hrs
15/07/2026 16:30:19,buy,0.01,CADCHF,0.57546,15/07/2026 22:41:46,0.57345,-0.05,0.00,-20.10,-2.55,0.00,0.00,-3.29,-26.00,1,Dragon Wave_BZ0,6.19,6.19hrs
15/07/2026 16:47:19,buy,0.03,CADCHF,0.57511,15/07/2026 22:41:45,0.57345,-0.15,0.00,-16.60,-6.33,0.00,0.00,-8.55,-22.50,1,Dragon Wave_BZ2,5.91,5.91hrs
15/07/2026 16:32:17,buy,0.02,CADCHF,0.57534,15/07/2026 22:41:45,0.57345,-0.10,0.00,-18.90,-4.80,0.00,0.00,-6.27,-24.80,1,Dragon Wave_BZ1,6.16,6.16hrs
15/07/2026 18:11:27,buy,0.11,CADCHF,0.57423,15/07/2026 22:41:44,0.57346,-0.55,0.00,-7.70,-11.07,2.99,2.60,-19.30,-13.70,1,Dragon Wave_BZ5,4.50,4.50hrs
15/07/2026 17:50:39,buy,0.07,CADCHF,0.57446,15/07/2026 22:41:44,0.57346,-0.35,0.00,-10.00,-9.05,1.47,2.10,-14.29,-16.00,1,Dragon Wave_BZ4,4.85,4.85hrs
15/07/2026 16:52:27,buy,0.04,CADCHF,0.57485,15/07/2026 22:41:44,0.57347,-0.20,0.00,-13.80,-7.05,0.65,1.70,-10.11,-19.90,1,Dragon Wave_BZ3,5.82,5.82hrs
15/07/2026 20:47:29,buy,0.47,CADCHF,0.57347,15/07/2026 22:41:43,0.57346,-2.35,0.00,-0.10,-2.94,0.00,0.20,-38.03,-6.10,1,Dragon Wave_BZ8,1.90,1.90hrs
15/07/2026 20:41:26,buy,0.29,CADCHF,0.57364,15/07/2026 22:41:43,0.57346,-1.45,0.00,-1.80,-7.94,0.00,0.40,-29.60,-7.80,1,Dragon Wave_BZ7,2.00,2.00hrs
15/07/2026 20:30:49,buy,0.18,CADCHF,0.57383,15/07/2026 22:41:43,0.57346,-0.90,0.00,-3.70,-9.17,0.00,0.00,-22.63,-9.70,1,Dragon Wave_BZ6,2.18,2.18hrs
15/07/2026 21:05:36,buy,1.23,CADCHF,0.57301,15/07/2026 22:41:42,0.57346,-6.15,0.00,4.50,62.59,62.59,4.50,-29.11,-1.50,1,Dragon Wave_BZ10,1.60,1.60hrs
15/07/2026 20:52:28,buy,0.76,CADCHF,0.57331,15/07/2026 22:41:42,0.57346,-3.80,0.00,1.50,10.36,13.20,1.80,-46.36,-4.50,1,Dragon Wave_BZ9,1.82,1.82hrs
15/07/2026 21:20:28,buy,0.04,GBPCHF,1.08950,15/07/2026 22:41:15,1.08940,-0.20,0.00,-1.00,-0.70,0.00,0.00,-2.89,-5.40,1,Dragon Wave_CZ3,1.35,1.35hrs
15/07/2026 20:52:29,buy,0.03,GBPCHF,1.08996,15/07/2026 22:41:15,1.08940,-0.15,0.00,-5.60,-2.24,0.89,2.80,-3.88,-10.00,1,Dragon Wave_CZ2,1.81,1.81hrs
15/07/2026 20:28:41,buy,0.02,GBPCHF,1.09039,15/07/2026 22:41:15,1.08940,-0.10,0.00,-9.90,-2.56,0.00,0.00,-3.66,-14.30,1,Dragon Wave_CZ1,2.21,2.21hrs
15/07/2026 20:25:48,buy,0.01,GBPCHF,1.09083,15/07/2026 22:41:15,1.08940,-0.05,0.00,-14.30,-1.83,0.00,0.00,-2.37,-18.70,1,Dragon Wave_CZ0,2.26,2.26hrs
15/07/2026 21:40:35,buy,0.11,GBPCHF,1.08886,15/07/2026 22:41:14,1.08942,-0.55,0.00,5.60,7.11,7.11,5.60,0.00,0.00,1,Dragon Wave_CZ5,1.01,1.01hrs
15/07/2026 21:31:40,buy,0.07,GBPCHF,1.08918,15/07/2026 22:41:14,1.08942,-0.35,0.00,2.40,1.74,1.74,2.40,-2.26,-2.20,1,Dragon Wave_CZ4,1.16,1.16hrs
15/07/2026 20:20:16,buy,0.01,CADCHF,0.57409,15/07/2026 22:33:17,0.57324,-0.05,0.00,-8.50,-1.11,0.00,0.00,-1.58,-12.30,1,Dragon Wave_AZ0,2.22,2.22hrs
15/07/2026 20:27:24,buy,0.03,CADCHF,0.57397,15/07/2026 22:33:16,0.57326,-0.15,0.00,-7.10,-2.79,0.00,0.00,-4.29,-11.10,1,Dragon Wave_AZ2,2.10,2.10hrs
15/07/2026 20:25:08,buy,0.02,CADCHF,0.57405,15/07/2026 22:33:16,0.57324,-0.10,0.00,-8.10,-2.11,0.00,0.00,-3.06,-11.90,1,Dragon Wave_AZ1,2.14,2.14hrs
15/07/2026 20:52:12,buy,0.18,CADCHF,0.57332,15/07/2026 22:33:15,0.57326,-0.90,0.00,-0.60,-2.24,2.90,1.70,-11.20,-4.60,1,Dragon Wave_AZ6,1.68,1.68hrs
15/07/2026 20:47:11,buy,0.11,CADCHF,0.57353,15/07/2026 22:33:15,0.57326,-0.55,0.00,-2.70,-4.24,0.00,0.00,-9.72,-6.70,1,Dragon Wave_AZ5,1.77,1.77hrs
15/07/2026 20:41:13,buy,0.07,CADCHF,0.57365,15/07/2026 22:33:15,0.57326,-0.35,0.00,-3.90,-3.74,0.00,0.30,-7.23,-7.90,1,Dragon Wave_AZ4,1.87,1.87hrs
15/07/2026 20:30:25,buy,0.04,CADCHF,0.57381,15/07/2026 22:33:15,0.57326,-0.20,0.00,-5.50,-2.94,0.00,0.00,-4.93,-9.50,1,Dragon Wave_AZ3,2.05,2.05hrs
15/07/2026 21:06:42,buy,0.47,CADCHF,0.57292,15/07/2026 22:33:14,0.57326,-2.35,0.00,3.40,17.51,17.51,3.40,-5.86,-0.60,1,Dragon Wave_AZ8,1.44,1.44hrs
15/07/2026 21:03:11,buy,0.29,CADCHF,0.57315,15/07/2026 22:33:14,0.57325,-1.45,0.00,1.00,2.16,2.16,1.00,-11.92,-2.90,1,Dragon Wave_AZ7,1.50,1.50hrs
15/07/2026 20:30:36,buy,0.03,USDCHF,0.80562,15/07/2026 22:33:07,0.80496,-0.15,0.00,-6.60,-2.61,0.00,0.00,-8.07,-21.20,1,Dragon Wave_CZ2,2.04,2.04hrs
15/07/2026 20:06:26,buy,0.02,USDCHF,0.80650,15/07/2026 22:33:07,0.80496,-0.10,0.00,-15.40,-3.93,0.00,0.00,-7.57,-30.00,1,Dragon Wave_CZ1,2.44,2.44hrs
15/07/2026 20:00:50,buy,0.01,USDCHF,0.80672,15/07/2026 22:33:07,0.80496,-0.05,0.00,-17.60,-2.24,0.00,0.00,-4.06,-32.20,1,Dragon Wave_CZ0,2.54,2.54hrs
15/07/2026 21:05:44,buy,0.11,USDCHF,0.80396,15/07/2026 22:33:06,0.80493,-0.55,0.00,9.70,12.71,12.71,9.70,-6.85,-4.60,1,Dragon Wave_CZ5,1.46,1.46hrs
15/07/2026 20:49:42,buy,0.07,USDCHF,0.80464,15/07/2026 22:33:06,0.80493,-0.35,0.00,2.90,2.17,2.17,2.90,-10.28,-11.40,1,Dragon Wave_CZ4,1.72,1.72hrs
15/07/2026 20:41:45,buy,0.04,USDCHF,0.80518,15/07/2026 22:33:06,0.80493,-0.20,0.00,-2.50,-1.44,0.00,0.00,-8.56,-16.80,1,Dragon Wave_CZ3,1.86,1.86hrs
15/07/2026 21:40:56,buy,0.01,EURUSD,1.14768,15/07/2026 22:07:04,1.14722,-0.05,0.00,-4.60,-0.51,0.00,0.00,-0.76,-7.10,1,Dragon Wave_CZ0,0.44,0.44hrs
15/07/2026 21:58:30,buy,0.03,EURUSD,1.14678,15/07/2026 22:07:03,1.14722,-0.15,0.00,4.40,1.17,1.17,4.40,0.00,0.00,1,Dragon Wave_CZ2,0.14,0.14hrs
15/07/2026 21:45:21,buy,0.02,EURUSD,1.14731,15/07/2026 22:07:03,1.14722,-0.10,0.00,-0.90,-0.28,0.00,0.00,-0.78,-3.40,1,Dragon Wave_CZ1,0.36,0.36hrs
15/07/2026 21:37:08,buy,0.02,AUDJPY,113.64700,15/07/2026 22:06:58,113.61700,-0.10,0.00,-3.00,-0.47,0.00,0.00,-0.94,-6.80,1,Dragon Wave_AZ1,0.50,0.50hrs
15/07/2026 21:35:15,buy,0.01,AUDJPY,113.65400,15/07/2026 22:06:58,113.61700,-0.05,0.00,-3.70,-0.28,0.00,0.00,-0.51,-7.50,1,Dragon Wave_AZ0,0.53,0.53hrs
15/07/2026 21:51:15,buy,0.07,AUDJPY,113.58600,15/07/2026 22:06:57,113.61700,-0.35,0.00,3.10,0.99,0.99,3.10,-0.65,-0.70,1,Dragon Wave_AZ4,0.26,0.26hrs
15/07/2026 21:50:08,buy,0.04,AUDJPY,113.61100,15/07/2026 22:06:57,113.61700,-0.20,0.00,0.60,-0.06,0.00,0.60,-0.99,-3.20,1,Dragon Wave_AZ3,0.28,0.28hrs
15/07/2026 21:44:19,buy,0.03,AUDJPY,113.62200,15/07/2026 22:06:57,113.61700,-0.15,0.00,-0.50,-0.25,0.00,0.00,-0.95,-4.30,1,Dragon Wave_AZ2,0.38,0.38hrs
15/07/2026 21:44:58,buy,0.02,GBPUSD,1.35448,15/07/2026 22:06:50,1.35426,-0.10,0.00,-2.20,-0.54,0.00,0.00,-1.10,-5.00,1,Dragon Wave_BZ1,0.36,0.36hrs
15/07/2026 21:40:58,buy,0.01,GBPUSD,1.35484,15/07/2026 22:06:50,1.35427,-0.05,0.00,-5.70,-0.62,0.00,0.00,-0.91,-8.60,1,Dragon Wave_BZ0,0.43,0.43hrs
15/07/2026 21:57:42,buy,0.03,GBPUSD,1.35378,15/07/2026 22:06:49,1.35426,-0.15,0.00,4.80,1.29,1.29,4.80,0.00,0.00,1,Dragon Wave_BZ2,0.15,0.15hrs
15/07/2026 21:41:26,buy,0.02,GBPUSD,1.35477,15/07/2026 22:06:33,1.35422,-0.10,0.00,-5.50,-1.20,0.00,0.00,-1.68,-7.90,1,Dragon Wave_AZ1,0.42,0.42hrs
15/07/2026 21:40:23,buy,0.01,GBPUSD,1.35497,15/07/2026 22:06:33,1.35422,-0.05,0.00,-7.50,-0.80,0.00,0.00,-1.04,-9.90,1,Dragon Wave_AZ0,0.44,0.44hrs
15/07/2026 21:57:25,buy,0.07,GBPUSD,1.35383,15/07/2026 22:06:32,1.35422,-0.35,0.00,3.90,2.38,2.38,3.90,0.00,0.00,1,Dragon Wave_AZ4,0.15,0.15hrs
15/07/2026 21:51:11,buy,0.04,GBPUSD,1.35402,15/07/2026 22:06:32,1.35422,-0.20,0.00,2.00,0.60,0.60,2.00,-0.36,-0.40,1,Dragon Wave_AZ3,0.26,0.26hrs
15/07/2026 21:47:13,buy,0.03,GBPUSD,1.35434,15/07/2026 22:06:32,1.35422,-0.15,0.00,-1.20,-0.51,0.00,0.00,-1.23,-3.60,1,Dragon Wave_AZ2,0.32,0.32hrs
15/07/2026 21:52:15,buy,0.02,CADJPY,115.40900,15/07/2026 22:05:01,115.42900,-0.10,0.00,2.00,0.15,0.15,2.00,-0.24,-1.10,1,Dragon Wave_AZ1,0.21,0.21hrs
15/07/2026 21:48:18,buy,0.01,CADJPY,115.42300,15/07/2026 22:05:01,115.42800,-0.05,0.00,0.50,-0.01,0.00,0.50,-0.20,-2.50,1,Dragon Wave_AZ0,0.28,0.28hrs
15/07/2026 21:59:30,buy,0.03,CADJPY,115.40000,15/07/2026 22:05:00,115.42800,-0.15,0.00,2.80,0.37,0.37,2.80,0.00,0.00,1,Dragon Wave_AZ2,0.09,0.09hrs
15/07/2026 21:50:29,buy,0.03,EURUSD,1.14712,15/07/2026 22:04:49,1.14703,-0.15,0.00,-0.90,-0.42,0.00,0.00,-0.60,-1.50,1,Dragon Wave_BZ2,0.24,0.24hrs
15/07/2026 21:42:26,buy,0.02,EURUSD,1.14755,15/07/2026 22:04:49,1.14702,-0.10,0.00,-5.30,-1.16,0.00,0.00,-1.26,-5.80,1,Dragon Wave_BZ1,0.37,0.37hrs
15/07/2026 21:40:33,buy,0.01,EURUSD,1.14776,15/07/2026 22:04:49,1.14702,-0.05,0.00,-7.40,-0.79,0.00,0.00,-0.84,-7.90,1,Dragon Wave_BZ0,0.40,0.40hrs
15/07/2026 21:59:44,buy,0.07,EURUSD,1.14660,15/07/2026 22:04:48,1.14703,-0.35,0.00,4.30,2.66,2.66,4.30,0.00,0.00,1,Dragon Wave_BZ4,0.08,0.08hrs
15/07/2026 21:57:50,buy,0.04,EURUSD,1.14687,15/07/2026 22:04:48,1.14703,-0.20,0.00,1.60,0.44,0.44,1.60,0.00,0.00,1,Dragon Wave_BZ3,0.12,0.12hrs
15/07/2026 22:01:17,buy,0.02,EURCHF,0.92253,15/07/2026 22:04:43,0.92267,-0.10,0.00,1.40,0.25,0.25,1.40,0.00,0.00,1,Dragon Wave_AZ1,0.06,0.06hrs
15/07/2026 21:57:25,buy,0.01,EURCHF,0.92274,15/07/2026 22:04:43,0.92267,-0.05,0.00,-0.70,-0.13,0.00,0.00,-0.13,-0.70,1,Dragon Wave_AZ0,0.12,0.12hrs
15/07/2026 20:58:34,buy,0.01,NZDCHF,0.47125,15/07/2026 22:03:51,0.47095,-0.05,0.00,-3.00,-0.43,0.00,0.00,-0.43,-3.00,1,Dragon Wave_CZ0,1.09,1.09hrs
15/07/2026 22:00:29,buy,0.04,NZDCHF,0.47068,15/07/2026 22:03:50,0.47095,-0.20,0.00,2.70,1.14,1.14,2.70,0.00,0.00,1,Dragon Wave_CZ3,0.06,0.06hrs
15/07/2026 21:45:57,buy,0.03,NZDCHF,0.47091,15/07/2026 22:03:50,0.47095,-0.15,0.00,0.00,0.00,0.11,0.70,0.00,0.00,1,Dragon Wave_CZ2,0.30,0.30hrs
15/07/2026 21:04:49,buy,0.02,NZDCHF,0.47114,15/07/2026 22:03:50,0.47095,-0.10,0.00,-1.90,-0.57,0.00,0.00,-0.57,-1.90,1,Dragon Wave_CZ1,0.98,0.98hrs
15/07/2026 21:59:29,buy,0.02,EURUSD,1.14669,15/07/2026 22:02:24,1.14695,-0.10,0.00,2.60,0.42,0.42,2.60,0.00,0.00,1,Dragon Wave_AZ1,0.05,0.05hrs
15/07/2026 21:57:33,buy,0.01,EURUSD,1.14683,15/07/2026 22:02:24,1.14695,-0.05,0.00,1.20,0.07,0.07,1.20,0.00,0.00,1,Dragon Wave_AZ0,0.08,0.08hrs
15/07/2026 21:58:55,buy,0.02,AUDJPY,113.57100,15/07/2026 22:02:21,113.59300,-0.10,0.00,2.20,0.17,0.17,2.20,0.00,0.00,1,Dragon Wave_CZ1,0.06,0.06hrs
15/07/2026 21:51:43,buy,0.01,AUDUSD,0.70104,15/07/2026 22:02:21,0.70110,-0.05,0.00,0.60,0.01,0.01,0.60,-0.07,-0.20,1,Dragon Wave_BZ0,0.18,0.18hrs
15/07/2026 21:50:39,buy,0.01,AUDJPY,113.60200,15/07/2026 22:02:21,113.59300,-0.05,0.00,-0.90,-0.11,0.00,0.00,-0.19,-2.30,1,Dragon Wave_CZ0,0.20,0.20hrs
15/07/2026 21:58:54,buy,0.01,XAUUSD,4058.53000,15/07/2026 22:02:18,4062.58000,-0.15,0.00,40.50,3.90,3.90,40.50,0.00,0.00,1,Dragon Wave_CZ0,0.06,0.06hrs
15/07/2026 21:57:17,buy,0.01,NZDCHF,0.47087,15/07/2026 22:02:16,0.47082,-0.05,0.00,-0.50,-0.12,0.00,0.00,-0.12,-0.50,1,Dragon Wave_BZ0,0.08,0.08hrs
15/07/2026 22:00:25,buy,0.02,NZDCHF,0.47071,15/07/2026 22:02:15,0.47082,-0.10,0.00,1.10,0.18,0.18,1.10,0.00,0.00,1,Dragon Wave_BZ1,0.03,0.03hrs
15/07/2026 21:58:43,buy,0.01,AUDJPY,113.57700,15/07/2026 22:02:08,113.58600,-0.05,0.00,0.00,0.00,0.00,0.00,0.00,0.00,1,Dragon Wave_BZ0,0.06,0.06hrs
15/07/2026 21:58:35,buy,0.01,NZDCAD,0.82172,15/07/2026 22:01:55,0.82184,-0.05,0.00,1.20,0.04,0.04,1.20,0.00,0.00,1,Dragon Wave_CZ0,0.06,0.06hrs
15/07/2026 21:58:42,buy,0.01,XAGUSD,57.88800,15/07/2026 22:01:42,57.92600,-0.10,0.00,380.00,1.80,1.80,380.00,0.00,0.00,1,Dragon Wave_CZ0,0.05,0.05hrs
15/07/2026 21:58:21,buy,0.01,XAGUSD,57.91800,15/07/2026 22:01:32,57.92400,-0.10,0.00,60.00,0.20,0.20,60.00,0.00,0.00,1,Dragon Wave_BZ0,0.05,0.05hrs
15/07/2026 21:58:51,buy,0.01,XAUUSD,4058.38000,15/07/2026 22:01:15,4059.51000,-0.15,0.00,11.30,0.98,0.98,11.30,0.00,0.00,1,Dragon Wave_BZ0,0.04,0.04hrs
15/07/2026 21:35:36,buy,0.01,AUDCAD,0.98443,15/07/2026 21:55:24,0.98437,-0.05,0.00,-0.60,-0.09,0.00,0.00,-0.25,-2.80,1,Dragon Wave_BZ0,0.33,0.33hrs
15/07/2026 21:51:22,buy,0.02,AUDCAD,0.98421,15/07/2026 21:55:23,0.98437,-0.10,0.00,1.60,0.13,0.13,1.60,-0.19,-0.60,1,Dragon Wave_BZ1,0.07,0.07hrs
15/07/2026 21:44:47,buy,0.02,NZDCAD,0.82190,15/07/2026 21:55:22,0.82201,-0.10,0.00,1.10,0.06,0.06,1.10,-0.17,-0.50,1,Dragon Wave_BZ1,0.18,0.18hrs
15/07/2026 21:41:30,buy,0.01,NZDCAD,0.82200,15/07/2026 21:55:22,0.82201,-0.05,0.00,0.10,-0.04,0.00,0.10,-0.16,-1.50,1,Dragon Wave_BZ0,0.23,0.23hrs
15/07/2026 21:53:13,buy,0.01,NZDCAD,0.82178,15/07/2026 21:53:51,0.82188,-0.05,0.00,1.00,0.03,0.03,1.00,0.00,0.00,1,Dragon Wave_AZ0,0.01,0.01hrs
15/07/2026 21:51:18,buy,0.01,XAGUSD,57.95500,15/07/2026 21:52:46,57.98000,-0.10,0.00,250.00,1.15,1.15,250.00,0.00,0.00,1,Dragon Wave_AZ0,0.02,0.02hrs
15/07/2026 20:20:08,buy,0.02,GBPNZD,2.31662,15/07/2026 21:51:47,2.31293,-0.10,0.00,-36.90,-4.42,0.00,0.00,-5.75,-48.20,1,Dragon Wave_AZ1,1.53,1.53hrs
15/07/2026 20:15:18,buy,0.01,GBPNZD,2.31695,15/07/2026 21:51:47,2.31293,-0.05,0.00,-40.20,-2.41,0.00,0.00,-3.07,-51.50,1,Dragon Wave_AZ0,1.61,1.61hrs
15/07/2026 20:34:27,buy,0.07,GBPNZD,2.31412,15/07/2026 21:51:46,2.31299,-0.35,0.00,-11.30,-4.98,0.00,0.00,-9.87,-23.20,1,Dragon Wave_AZ4,1.29,1.29hrs
15/07/2026 20:30:10,buy,0.04,GBPNZD,2.31531,15/07/2026 21:51:46,2.31298,-0.20,0.00,-23.30,-5.66,0.00,0.00,-8.43,-35.10,1,Dragon Wave_AZ3,1.36,1.36hrs
15/07/2026 20:26:17,buy,0.03,GBPNZD,2.31585,15/07/2026 21:51:46,2.31298,-0.15,0.00,-28.70,-5.19,0.00,0.00,-7.27,-40.50,1,Dragon Wave_AZ2,1.42,1.42hrs
15/07/2026 21:34:08,buy,0.29,GBPNZD,2.31192,15/07/2026 21:51:45,2.31300,-1.45,0.00,10.80,16.88,16.88,10.80,0.00,0.00,1,Dragon Wave_AZ7,0.29,0.29hrs
15/07/2026 21:32:43,buy,0.18,GBPNZD,2.31222,15/07/2026 21:51:45,2.31299,-0.90,0.00,7.70,7.22,7.22,7.70,-0.27,0.00,1,Dragon Wave_AZ6,0.32,0.32hrs
15/07/2026 20:43:26,buy,0.11,GBPNZD,2.31282,15/07/2026 21:51:45,2.31299,-0.55,0.00,1.70,0.54,0.87,2.20,-7.13,-10.20,1,Dragon Wave_AZ5,1.14,1.14hrs
15/07/2026 20:00:16,buy,0.01,USDJPY,162.15700,15/07/2026 21:51:00,162.01900,-0.05,0.00,-13.80,-0.90,0.00,0.00,-1.66,-26.00,1,Dragon Wave_CZ0,1.85,1.85hrs
15/07/2026 20:43:57,buy,0.04,USDJPY,162.00800,15/07/2026 21:50:59,162.01900,-0.20,0.00,1.10,0.07,0.07,1.10,-2.94,-11.10,1,Dragon Wave_CZ3,1.12,1.12hrs
15/07/2026 20:11:31,buy,0.03,USDJPY,162.08600,15/07/2026 21:50:59,162.01900,-0.15,0.00,-6.70,-1.39,0.28,2.30,-3.65,-18.90,1,Dragon Wave_CZ2,1.66,1.66hrs
15/07/2026 20:02:08,buy,0.02,USDJPY,162.13500,15/07/2026 21:50:59,162.01900,-0.10,0.00,-11.60,-1.53,0.00,0.00,-3.04,-23.80,1,Dragon Wave_CZ1,1.81,1.81hrs
15/07/2026 21:03:54,buy,0.07,USDJPY,161.90500,15/07/2026 21:50:58,162.01900,-0.35,0.00,11.40,4.58,4.58,11.40,-0.70,-0.80,1,Dragon Wave_CZ4,0.78,0.78hrs
15/07/2026 20:30:18,buy,0.01,USDCHF,0.80559,15/07/2026 21:50:32,0.80428,-0.05,0.00,-13.10,-1.68,0.00,0.00,-2.65,-20.90,1,Dragon Wave_AZ0,1.34,1.34hrs
15/07/2026 20:43:29,buy,0.04,USDCHF,0.80493,15/07/2026 21:50:31,0.80427,-0.20,0.00,-6.60,-3.48,0.00,0.00,-7.32,-14.30,1,Dragon Wave_AZ3,1.12,1.12hrs
15/07/2026 20:41:12,buy,0.03,USDCHF,0.80518,15/07/2026 21:50:31,0.80427,-0.15,0.00,-9.10,-3.54,0.00,0.00,-6.42,-16.80,1,Dragon Wave_AZ2,1.16,1.16hrs
15/07/2026 20:35:39,buy,0.02,USDCHF,0.80541,15/07/2026 21:50:31,0.80428,-0.10,0.00,-11.30,-2.91,0.00,0.00,-4.85,-19.10,1,Dragon Wave_AZ1,1.25,1.25hrs
15/07/2026 21:20:30,buy,0.18,USDCHF,0.80371,15/07/2026 21:50:30,0.80427,-0.90,0.00,5.60,11.63,11.63,5.60,-5.60,-2.10,1,Dragon Wave_AZ6,0.50,0.50hrs
15/07/2026 21:04:08,buy,0.11,USDCHF,0.80406,15/07/2026 21:50:30,0.80427,-0.55,0.00,2.10,2.32,2.32,2.10,-8.22,-5.60,1,Dragon Wave_AZ5,0.77,0.77hrs
15/07/2026 20:59:18,buy,0.07,USDCHF,0.80442,15/07/2026 21:50:30,0.80427,-0.35,0.00,-1.50,-1.66,0.00,0.00,-8.36,-9.20,1,Dragon Wave_AZ4,0.85,0.85hrs
15/07/2026 21:45:30,buy,0.01,NZDCHF,0.47084,15/07/2026 21:47:49,0.47096,-0.05,0.00,1.20,0.10,0.10,1.20,0.00,0.00,1,Dragon Wave_AZ0,0.04,0.04hrs
15/07/2026 21:47:21,buy,0.01,CHFJPY,201.42000,15/07/2026 21:47:47,201.43300,-0.05,0.00,1.30,0.03,0.03,1.30,0.00,0.00,1,Dragon Wave_AZ0,0.01,0.01hrs
15/07/2026 21:44:26,buy,0.01,XAGUSD,58.02200,15/07/2026 21:47:04,58.03700,-0.10,0.00,150.00,0.65,0.65,150.00,0.00,0.00,1,Dragon Wave_AZ0,0.04,0.04hrs
15/07/2026 21:41:47,buy,0.01,GBPJPY,219.38900,15/07/2026 21:44:57,219.38500,-0.05,0.00,-0.40,-0.08,0.00,0.00,-0.08,-0.50,1,Dragon Wave_AZ0,0.05,0.05hrs
15/07/2026 20:00:46,buy,0.02,USDCAD,1.40473,15/07/2026 21:44:50,1.40320,-0.10,0.00,-15.30,-2.28,0.00,0.00,-3.18,-21.60,1,Dragon Wave_CZ1,1.73,1.73hrs
15/07/2026 19:59:05,buy,0.01,USDCAD,1.40496,15/07/2026 21:44:50,1.40327,-0.05,0.00,-16.90,-1.25,0.00,0.00,-1.75,-23.90,1,Dragon Wave_CZ0,1.76,1.76hrs
15/07/2026 21:00:15,buy,0.07,USDCAD,1.40318,15/07/2026 21:44:49,1.40320,-0.35,0.00,0.20,-0.25,0.00,0.20,-3.39,-6.10,1,Dragon Wave_CZ4,0.74,0.74hrs
15/07/2026 20:33:32,buy,0.04,USDCAD,1.40364,15/07/2026 21:44:49,1.40320,-0.20,0.00,-4.40,-1.45,0.00,0.00,-3.25,-10.70,1,Dragon Wave_CZ3,1.19,1.19hrs
15/07/2026 20:09:31,buy,0.03,USDCAD,1.40436,15/07/2026 21:44:49,1.40320,-0.15,0.00,-11.60,-2.63,0.00,0.10,-3.98,-17.90,1,Dragon Wave_CZ2,1.59,1.59hrs
15/07/2026 21:34:11,buy,0.18,USDCAD,1.40252,15/07/2026 21:44:48,1.40320,-0.90,0.00,6.80,7.82,7.82,6.80,0.00,0.00,1,Dragon Wave_CZ6,0.18,0.18hrs
15/07/2026 21:20:44,buy,0.11,USDCAD,1.40294,15/07/2026 21:44:48,1.40320,-0.55,0.00,2.60,1.49,1.49,2.60,-3.45,-3.70,1,Dragon Wave_CZ5,0.40,0.40hrs
15/07/2026 21:01:25,buy,0.02,USDJPY,161.94900,15/07/2026 21:44:45,161.97100,-0.10,0.00,2.20,0.17,0.17,2.20,-0.74,-5.20,1,Dragon Wave_AZ1,0.72,0.72hrs
15/07/2026 21:00:24,buy,0.01,USDJPY,161.97600,15/07/2026 21:44:45,161.97200,-0.05,0.00,-0.40,-0.07,0.00,0.00,-0.54,-7.90,1,Dragon Wave_AZ0,0.74,0.74hrs
15/07/2026 21:42:31,buy,0.01,GBPCAD,1.90052,15/07/2026 21:44:37,1.90071,-0.05,0.00,1.90,0.08,0.08,1.90,-0.01,0.00,1,Dragon Wave_AZ0,0.04,0.04hrs
15/07/2026 21:42:25,buy,0.01,GBPAUD,1.93067,15/07/2026 21:43:36,1.93080,-0.05,0.00,1.30,0.04,0.04,1.30,0.00,0.00,1,Dragon Wave_AZ0,0.02,0.02hrs
15/07/2026 21:20:04,buy,0.01,EURCHF,0.92243,15/07/2026 21:43:34,0.92248,-0.05,0.00,0.50,0.01,0.01,0.50,-0.26,-1.70,1,Dragon Wave_BZ0,0.39,0.39hrs
15/07/2026 20:33:07,buy,0.02,USDCAD,1.40373,15/07/2026 21:43:22,1.40312,-0.10,0.00,-6.10,-0.97,0.00,0.00,-1.75,-11.60,1,Dragon Wave_AZ1,1.17,1.17hrs
15/07/2026 20:30:36,buy,0.01,USDCAD,1.40391,15/07/2026 21:43:22,1.40319,-0.05,0.00,-7.20,-0.56,0.00,0.00,-1.01,-13.40,1,Dragon Wave_AZ0,1.21,1.21hrs
15/07/2026 21:29:08,buy,0.04,USDCAD,1.40279,15/07/2026 21:43:21,1.40312,-0.20,0.00,3.30,0.74,0.74,3.30,-0.83,-2.20,1,Dragon Wave_AZ3,0.24,0.24hrs
15/07/2026 20:43:14,buy,0.03,USDCAD,1.40325,15/07/2026 21:43:21,1.40312,-0.15,0.00,-1.30,-0.43,0.00,0.50,-1.60,-6.80,1,Dragon Wave_AZ2,1.00,1.00hrs
15/07/2026 21:38:12,buy,0.07,USDCAD,1.40264,15/07/2026 21:43:20,1.40306,-0.35,0.00,4.20,1.75,1.75,4.20,0.00,0.00,1,Dragon Wave_AZ4,0.09,0.09hrs
15/07/2026 21:38:26,buy,0.01,USDJPY,161.90000,15/07/2026 21:40:44,161.93000,-0.05,0.00,3.00,0.14,0.14,3.00,0.00,0.00,1,Dragon Wave_BZ0,0.04,0.04hrs
15/07/2026 21:35:21,buy,0.01,EURUSD,1.14781,15/07/2026 21:37:49,1.14792,-0.05,0.00,1.10,0.06,0.06,1.10,0.00,0.00,1,Dragon Wave_AZ0,0.04,0.04hrs
15/07/2026 21:34:36,buy,0.01,NZDCAD,0.82215,15/07/2026 21:37:21,0.82219,-0.05,0.00,0.40,-0.02,0.00,0.40,-0.02,0.00,1,Dragon Wave_AZ0,0.05,0.05hrs
15/07/2026 21:36:45,buy,0.02,NZDCAD,0.82207,15/07/2026 21:37:20,0.82219,-0.10,0.00,1.20,0.07,0.07,1.20,0.00,0.00,1,Dragon Wave_AZ1,0.01,0.01hrs
15/07/2026 21:35:29,buy,0.01,EURUSD,1.14779,15/07/2026 21:36:31,1.14802,-0.05,0.00,2.30,0.18,0.18,2.30,0.00,0.00,1,Dragon Wave_BZ0,0.02,0.02hrs
15/07/2026 21:35:01,buy,0.01,NZDCHF,0.47098,15/07/2026 21:35:59,0.47102,-0.05,0.00,0.00,0.00,0.00,0.00,0.00,0.00,1,Dragon Wave_AZ0,0.02,0.02hrs
15/07/2026 21:28:10,buy,0.01,NZDCHF,0.47106,15/07/2026 21:34:10,0.47111,-0.05,0.00,0.50,0.02,0.02,0.50,-0.03,0.00,1,Dragon Wave_AZ0,0.10,0.10hrs
15/07/2026 21:27:23,buy,0.01,NZDCAD,0.82211,15/07/2026 21:31:25,0.82225,-0.05,0.00,1.40,0.05,0.05,1.40,0.00,0.00,1,Dragon Wave_BZ0,0.07,0.07hrs
15/07/2026 21:28:11,buy,0.01,NZDCAD,0.82211,15/07/2026 21:31:15,0.82223,-0.05,0.00,1.20,0.03,0.04,1.30,0.00,0.00,1,Dragon Wave_AZ0,0.05,0.05hrs
15/07/2026 21:24:45,buy,0.01,GBPUSD,1.35541,15/07/2026 21:30:27,1.35555,-0.05,0.00,1.40,0.09,0.09,1.40,0.00,0.00,1,Dragon Wave_BZ0,0.10,0.10hrs
15/07/2026 21:19:27,buy,0.01,USDCHF,0.80386,15/07/2026 21:27:28,0.80376,-0.05,0.00,-1.00,-0.17,0.00,0.00,-0.40,-2.80,1,Dragon Wave_BZ0,0.13,0.13hrs
15/07/2026 21:21:22,buy,0.02,USDCHF,0.80359,15/07/2026 21:27:27,0.80376,-0.10,0.00,1.70,0.32,0.32,1.70,0.00,0.00,1,Dragon Wave_BZ1,0.10,0.10hrs
15/07/2026 21:19:57,buy,0.01,USDJPY,161.89900,15/07/2026 21:25:15,161.91800,-0.05,0.00,1.90,0.07,0.07,1.90,0.00,0.00,1,Dragon Wave_BZ0,0.09,0.09hrs
15/07/2026 21:24:02,buy,0.01,AUDJPY,113.62900,15/07/2026 21:25:09,113.63800,-0.05,0.00,0.90,0.01,0.01,0.90,0.00,0.00,1,Dragon Wave_AZ0,0.02,0.02hrs
15/07/2026 21:22:13,buy,0.01,NZDCHF,0.47099,15/07/2026 21:23:08,0.47109,-0.05,0.00,1.00,0.07,0.07,1.00,0.00,0.00,1,Dragon Wave_BZ0,0.02,0.02hrs
15/07/2026 21:05:22,buy,0.02,CADJPY,115.40700,15/07/2026 21:18:35,115.43200,-0.10,0.00,2.50,0.21,0.21,2.50,-0.47,-3.00,1,Dragon Wave_AZ1,0.22,0.22hrs
15/07/2026 21:02:23,buy,0.01,CADJPY,115.41700,15/07/2026 21:18:35,115.43200,-0.05,0.00,1.50,0.04,0.04,1.50,-0.30,-4.00,1,Dragon Wave_AZ0,0.27,0.27hrs
15/07/2026 21:14:28,buy,0.01,NZDCAD,0.82210,15/07/2026 21:17:44,0.82219,-0.05,0.00,0.90,0.02,0.02,0.90,0.00,0.00,1,Dragon Wave_BZ0,0.05,0.05hrs
15/07/2026 21:14:28,buy,0.01,AUDUSD,0.70157,15/07/2026 21:17:33,0.70163,-0.05,0.00,0.60,0.01,0.01,0.60,0.00,0.00,1,Dragon Wave_CZ0,0.05,0.05hrs
15/07/2026 21:00:43,buy,0.01,USDJPY,161.96200,15/07/2026 21:14:15,161.95100,-0.05,0.00,-1.10,-0.12,0.00,0.00,-0.45,-6.50,1,Dragon Wave_BZ0,0.23,0.23hrs
15/07/2026 21:03:41,buy,0.02,USDJPY,161.91500,15/07/2026 21:14:14,161.95200,-0.10,0.00,3.70,0.36,0.36,3.70,-0.32,-1.80,1,Dragon Wave_BZ1,0.18,0.18hrs
15/07/2026 21:02:52,buy,0.01,AUDJPY,113.61500,15/07/2026 21:11:56,113.62900,-0.05,0.00,1.40,0.04,0.04,1.40,-0.11,-0.90,1,Dragon Wave_CZ0,0.15,0.15hrs
15/07/2026 21:02:17,buy,0.02,AUDJPY,113.60800,15/07/2026 21:11:08,113.62300,-0.10,0.00,1.50,0.09,0.09,1.50,-0.12,-0.20,1,Dragon Wave_AZ1,0.15,0.15hrs
15/07/2026 20:50:13,buy,0.01,AUDJPY,113.63200,15/07/2026 21:11:08,113.62300,-0.05,0.00,-0.90,-0.11,0.00,0.00,-0.21,-2.60,1,Dragon Wave_AZ0,0.35,0.35hrs
15/07/2026 21:02:48,buy,0.01,AUDJPY,113.60700,15/07/2026 21:08:38,113.62100,-0.05,0.00,1.40,0.04,0.04,1.40,-0.06,-0.10,1,Dragon Wave_BZ0,0.10,0.10hrs
15/07/2026 21:02:22,buy,0.01,GBPJPY,219.41800,15/07/2026 21:08:36,219.46000,-0.05,0.00,4.20,0.21,0.21,4.20,-0.03,0.00,1,Dragon Wave_BZ0,0.10,0.10hrs
15/07/2026 21:05:53,buy,0.01,NZDCHF,0.47106,15/07/2026 21:07:37,0.47112,-0.05,0.00,0.60,0.02,0.02,0.60,0.00,0.00,1,Dragon Wave_BZ0,0.03,0.03hrs
15/07/2026 21:00:33,buy,0.01,GBPJPY,219.43400,15/07/2026 21:01:08,219.45900,-0.05,0.00,2.50,0.11,0.11,2.50,0.00,0.00,1,Dragon Wave_BZ0,0.01,0.01hrs
15/07/2026 20:54:48,buy,0.01,NZDCAD,0.82191,15/07/2026 21:00:44,0.82195,-0.05,0.00,0.40,-0.02,0.00,0.40,-0.06,-0.10,1,Dragon Wave_BZ0,0.10,0.10hrs
15/07/2026 20:54:32,buy,0.01,CHFJPY,201.28400,15/07/2026 20:56:55,201.30500,-0.05,0.00,2.10,0.08,0.08,2.10,-0.11,-1.00,1,Dragon Wave_BZ0,0.04,0.04hrs
15/07/2026 20:45:11,buy,0.03,GBPAUD,1.93091,15/07/2026 20:56:31,1.93159,-0.15,0.00,6.80,1.29,1.29,6.80,0.00,0.00,1,Dragon Wave_BZ2,0.19,0.19hrs
15/07/2026 20:35:41,buy,0.02,GBPAUD,1.93180,15/07/2026 20:56:31,1.93156,-0.10,0.00,-2.40,-0.43,0.00,0.00,-1.38,-9.10,1,Dragon Wave_BZ1,0.35,0.35hrs
15/07/2026 20:33:49,buy,0.01,GBPAUD,1.93240,15/07/2026 20:56:31,1.93156,-0.05,0.00,-8.40,-0.64,0.00,0.00,-1.11,-15.10,1,Dragon Wave_BZ0,0.38,0.38hrs
15/07/2026 20:43:42,buy,0.01,GBPCHF,1.09011,15/07/2026 20:54:23,1.09021,-0.05,0.00,1.00,0.08,0.08,1.00,0.00,0.00,1,Dragon Wave_BZ0,0.18,0.18hrs
15/07/2026 20:49:34,buy,0.01,CADJPY,115.42400,15/07/2026 20:53:46,115.44000,-0.05,0.00,1.60,0.05,0.05,1.60,0.00,0.00,1,Dragon Wave_CZ0,0.07,0.07hrs
15/07/2026 20:51:42,buy,0.01,NZDCHF,0.47124,15/07/2026 20:53:45,0.47134,-0.05,0.00,1.00,0.08,0.08,1.00,0.00,0.00,1,Dragon Wave_CZ0,0.03,0.03hrs
15/07/2026 20:49:11,buy,0.01,NZDCHF,0.47130,15/07/2026 20:53:37,0.47134,-0.05,0.00,0.00,0.00,0.00,0.00,0.00,0.00,1,Dragon Wave_BZ0,0.07,0.07hrs
15/07/2026 20:51:25,buy,0.02,NZDCHF,0.47124,15/07/2026 20:53:36,0.47134,-0.10,0.00,1.00,0.14,0.14,1.00,0.00,0.00,1,Dragon Wave_BZ1,0.04,0.04hrs
15/07/2026 20:51:19,buy,0.02,NZDCHF,0.47123,15/07/2026 20:53:18,0.47131,-0.10,0.00,0.80,0.10,0.10,0.80,0.00,0.00,1,Dragon Wave_AZ1,0.03,0.03hrs
15/07/2026 20:48:15,buy,0.01,NZDCHF,0.47131,15/07/2026 20:53:18,0.47131,-0.05,0.00,0.00,-0.05,0.00,0.00,-0.05,0.00,1,Dragon Wave_AZ0,0.08,0.08hrs
15/07/2026 20:51:19,buy,0.01,NZDCAD,0.82185,15/07/2026 20:52:54,0.82197,-0.05,0.00,1.20,0.04,0.04,1.20,0.00,0.00,1,Dragon Wave_AZ0,0.03,0.03hrs
15/07/2026 20:47:20,buy,0.01,NZDCHF,0.47130,15/07/2026 20:47:57,0.47136,-0.05,0.00,0.60,0.02,0.02,0.60,0.00,0.00,1,Dragon Wave_AZ0,0.01,0.01hrs
15/07/2026 20:45:22,buy,0.01,NZDCAD,0.82155,15/07/2026 20:47:03,0.82188,-0.05,0.00,3.30,0.19,0.19,3.30,0.00,0.00,1,Dragon Wave_AZ0,0.03,0.03hrs
15/07/2026 20:45:17,buy,0.01,GBPUSD,1.35415,15/07/2026 20:46:48,1.35444,-0.05,0.00,2.90,0.24,0.24,2.90,0.00,0.00,1,Dragon Wave_AZ0,0.03,0.03hrs
15/07/2026 20:46:17,buy,0.01,NZDCHF,0.47130,15/07/2026 20:46:43,0.47136,-0.05,0.00,0.60,0.02,0.02,0.60,0.00,0.00,1,Dragon Wave_BZ0,0.01,0.01hrs
15/07/2026 15:47:05,buy,0.03,AUDCHF,0.56603,15/07/2026 20:46:41,0.56461,-0.15,0.00,-14.20,-5.44,0.00,0.00,-7.55,-19.90,1,Dragon Wave_CZ2,4.99,4.99hrs
15/07/2026 15:36:40,buy,0.02,AUDCHF,0.56623,15/07/2026 20:46:41,0.56460,-0.10,0.00,-16.30,-4.15,0.00,0.00,-5.53,-21.90,1,Dragon Wave_CZ1,5.17,5.17hrs
15/07/2026 15:28:16,buy,0.01,AUDCHF,0.56642,15/07/2026 20:46:41,0.56460,-0.05,0.00,-18.20,-2.31,0.00,0.00,-3.00,-23.80,1,Dragon Wave_CZ0,5.31,5.31hrs
15/07/2026 16:52:22,buy,0.11,AUDCHF,0.56523,15/07/2026 20:46:40,0.56461,-0.55,0.00,-6.20,-9.02,2.17,2.00,-16.77,-11.90,1,Dragon Wave_CZ5,3.90,3.90hrs
15/07/2026 16:38:37,buy,0.07,AUDCHF,0.56559,15/07/2026 20:46:40,0.56461,-0.35,0.00,-9.80,-8.87,0.00,0.00,-13.80,-15.50,1,Dragon Wave_CZ4,4.13,4.13hrs
15/07/2026 16:09:30,buy,0.04,AUDCHF,0.56582,15/07/2026 20:46:40,0.56460,-0.20,0.00,-12.20,-6.27,0.00,0.20,-9.02,-17.80,1,Dragon Wave_CZ3,4.62,4.62hrs
15/07/2026 19:16:59,buy,0.47,AUDCHF,0.56433,15/07/2026 20:46:39,0.56461,-2.35,0.00,2.80,14.00,14.00,2.80,-19.24,-2.90,1,Dragon Wave_CZ8,1.49,1.49hrs
15/07/2026 18:20:27,buy,0.29,AUDCHF,0.56462,15/07/2026 20:46:39,0.56461,-1.45,0.00,-0.10,-1.81,2.86,1.20,-22.30,-5.80,1,Dragon Wave_CZ7,2.44,2.44hrs
15/07/2026 18:05:02,buy,0.18,AUDCHF,0.56484,15/07/2026 20:46:39,0.56461,-0.90,0.00,-2.30,-6.04,0.00,0.00,-18.75,-8.00,1,Dragon Wave_CZ6,2.69,2.69hrs
15/07/2026 19:29:03,buy,0.76,AUDCHF,0.56421,15/07/2026 20:46:38,0.56461,-3.80,0.00,4.00,33.97,33.97,4.00,-19.81,-1.70,1,Dragon Wave_CZ9,1.29,1.29hrs
15/07/2026 20:45:28,buy,0.01,EURUSD,1.14683,15/07/2026 20:46:33,1.14690,-0.05,0.00,0.70,0.02,0.02,0.70,0.00,0.00,1,Dragon Wave_AZ0,0.02,0.02hrs
15/07/2026 20:41:35,buy,0.02,USDJPY,162.02400,15/07/2026 20:45:55,162.05700,-0.10,0.00,3.30,0.31,0.31,3.30,-0.46,-2.90,1,Dragon Wave_BZ1,0.07,0.07hrs
15/07/2026 20:37:00,buy,0.01,USDJPY,162.06900,15/07/2026 20:45:55,162.05700,-0.05,0.00,-1.20,-0.12,0.00,0.00,-0.51,-7.40,1,Dragon Wave_BZ0,0.15,0.15hrs
15/07/2026 20:41:23,buy,0.03,USDJPY,162.03200,15/07/2026 20:45:52,162.05600,-0.15,0.00,2.40,0.29,0.29,2.40,-0.84,-3.70,1,Dragon Wave_AZ2,0.07,0.07hrs
15/07/2026 20:40:09,buy,0.02,USDJPY,162.05900,15/07/2026 20:45:52,162.05400,-0.10,0.00,-0.50,-0.16,0.00,0.00,-0.89,-6.40,1,Dragon Wave_AZ1,0.10,0.10hrs
15/07/2026 20:33:33,buy,0.01,USDJPY,162.07200,15/07/2026 20:45:52,162.05400,-0.05,0.00,-1.80,-0.16,0.00,0.00,-0.52,-7.70,1,Dragon Wave_AZ0,0.21,0.21hrs
15/07/2026 20:44:13,buy,0.01,NZDCHF,0.47130,15/07/2026 20:44:43,0.47134,-0.05,0.00,0.00,0.00,0.00,0.00,0.00,0.00,1,Dragon Wave_AZ0,0.01,0.01hrs
15/07/2026 20:30:26,buy,0.01,USDJPY,162.06800,15/07/2026 20:32:03,162.08700,-0.05,0.00,1.90,0.07,0.07,1.90,0.00,0.00,1,Dragon Wave_AZ0,0.03,0.03hrs
15/07/2026 20:27:24,buy,0.01,GBPJPY,219.38800,15/07/2026 20:30:44,219.38900,-0.05,0.00,0.10,-0.05,0.00,0.10,-0.37,-5.20,1,Dragon Wave_BZ0,0.06,0.06hrs
15/07/2026 20:28:38,buy,0.01,GBPUSD,1.35311,15/07/2026 20:30:29,1.35379,-0.05,0.00,6.80,0.63,0.63,6.80,0.00,0.00,1,Dragon Wave_CZ0,0.03,0.03hrs
15/07/2026 20:28:40,buy,0.01,GBPCAD,1.89974,15/07/2026 20:30:27,1.90057,-0.05,0.00,8.30,0.54,0.54,8.30,0.00,0.00,1,Dragon Wave_CZ0,0.03,0.03hrs
15/07/2026 20:28:42,buy,0.01,GBPJPY,219.33500,15/07/2026 20:30:24,219.39100,-0.05,0.00,5.60,0.29,0.29,5.60,0.00,0.00,1,Dragon Wave_CZ0,0.03,0.03hrs
15/07/2026 20:27:42,buy,0.01,GBPUSD,1.35321,15/07/2026 20:30:16,1.35374,-0.05,0.00,5.30,0.48,0.48,5.30,-0.07,-0.20,1,Dragon Wave_BZ0,0.04,0.04hrs
15/07/2026 18:57:48,buy,0.01,XAGUSD,57.67700,15/07/2026 20:29:39,57.27900,-0.10,0.00,-3980.00,-20.00,0.00,0.00,-47.45,-9470.00,1,Dragon Wave_CZ0,1.53,1.53hrs
15/07/2026 19:21:57,buy,0.04,XAGUSD,57.27000,15/07/2026 20:29:38,57.28000,-0.41,0.00,100.00,1.59,1.59,100.00,-108.41,-5400.00,1,Dragon Wave_CZ3,1.13,1.13hrs
15/07/2026 19:18:47,buy,0.03,XAGUSD,57.43200,15/07/2026 20:29:38,57.27500,-0.31,0.00,-1570.00,-23.86,0.00,0.00,-105.61,-7020.00,1,Dragon Wave_CZ2,1.18,1.18hrs
15/07/2026 19:06:55,buy,0.02,XAGUSD,57.59100,15/07/2026 20:29:38,57.27500,-0.21,0.00,-3160.00,-31.81,0.00,0.00,-86.31,-8610.00,1,Dragon Wave_CZ1,1.38,1.38hrs
15/07/2026 19:32:44,buy,0.07,XAGUSD,56.97200,15/07/2026 20:29:37,57.27900,-0.72,0.00,3070.00,106.73,106.73,3070.00,-85.42,-2420.00,1,Dragon Wave_CZ4,0.95,0.95hrs
15/07/2026 19:17:16,buy,0.01,XAGUSD,57.46700,15/07/2026 20:29:14,57.25100,-0.10,0.00,-2160.00,-10.90,0.00,0.00,-36.95,-7370.00,1,Dragon Wave_AZ0,1.20,1.20hrs
15/07/2026 19:29:09,buy,0.03,XAGUSD,57.05200,15/07/2026 20:29:13,57.24500,-0.31,0.00,1930.00,28.64,28.64,1930.00,-48.61,-3220.00,1,Dragon Wave_AZ2,1.00,1.00hrs
15/07/2026 19:19:27,buy,0.02,XAGUSD,57.38600,15/07/2026 20:29:13,57.24500,-0.21,0.00,-1410.00,-14.31,0.00,0.00,-65.81,-6560.00,1,Dragon Wave_AZ1,1.16,1.16hrs
15/07/2026 20:28:04,buy,0.01,XAUUSD,4038.17000,15/07/2026 20:28:32,4038.74000,-0.15,0.00,5.70,0.42,0.67,8.20,0.00,0.00,1,Dragon Wave_AZ0,0.01,0.01hrs
15/07/2026 17:34:57,buy,0.01,EURGBP,0.84987,15/07/2026 20:26:30,0.84635,-0.05,0.00,-35.20,-4.81,0.00,0.00,-5.39,-39.50,1,Dragon Wave_CZ0,2.86,2.86hrs
15/07/2026 18:53:49,buy,0.07,EURGBP,0.84717,15/07/2026 20:26:29,0.84636,-0.35,0.00,-8.10,-8.02,0.00,0.30,-12.19,-12.50,1,Dragon Wave_CZ4,1.54,1.54hrs
15/07/2026 17:55:26,buy,0.04,EURGBP,0.84835,15/07/2026 20:26:29,0.84636,-0.20,0.00,-19.90,-10.97,1.69,3.50,-13.35,-24.30,1,Dragon Wave_CZ3,2.52,2.52hrs
15/07/2026 17:50:26,buy,0.03,EURGBP,0.84899,15/07/2026 20:26:29,0.84635,-0.15,0.00,-26.40,-10.87,0.00,0.00,-12.61,-30.70,1,Dragon Wave_CZ2,2.60,2.60hrs
15/07/2026 17:45:31,buy,0.02,EURGBP,0.84946,15/07/2026 20:26:29,0.84635,-0.10,0.00,-31.10,-8.52,0.00,0.00,-9.68,-35.40,1,Dragon Wave_CZ1,2.68,2.68hrs
15/07/2026 19:49:31,buy,0.29,EURGBP,0.84603,15/07/2026 20:26:28,0.84635,-1.45,0.00,3.20,11.11,11.11,3.20,-5.76,-1.10,1,Dragon Wave_CZ7,0.62,0.62hrs
15/07/2026 19:41:11,buy,0.18,EURGBP,0.84635,15/07/2026 20:26:28,0.84635,-0.90,0.00,0.00,-0.90,0.00,0.00,-11.37,-4.30,1,Dragon Wave_CZ6,0.75,0.75hrs
15/07/2026 19:22:43,buy,0.11,EURGBP,0.84676,15/07/2026 20:26:28,0.84635,-0.55,0.00,-4.10,-6.65,0.00,0.00,-13.05,-8.40,1,Dragon Wave_CZ5,1.06,1.06hrs
15/07/2026 20:01:56,buy,0.47,EURGBP,0.84555,15/07/2026 20:26:27,0.84636,-2.35,0.00,8.10,49.17,49.17,8.10,0.00,0.00,1,Dragon Wave_CZ8,0.41,0.41hrs
15/07/2026 17:33:26,buy,0.02,EURGBP,0.85014,15/07/2026 20:25:35,0.84636,-0.10,0.00,-37.80,-10.33,0.00,0.00,-11.52,-42.20,1,Dragon Wave_BZ1,2.87,2.87hrs
15/07/2026 17:29:32,buy,0.01,EURGBP,0.85028,15/07/2026 20:25:35,0.84636,-0.05,0.00,-39.20,-5.36,0.00,0.00,-5.95,-43.60,1,Dragon Wave_BZ0,2.93,2.93hrs
15/07/2026 17:36:22,buy,0.04,EURGBP,0.84969,15/07/2026 20:25:34,0.84636,-0.20,0.00,-33.30,-18.22,0.00,0.00,-20.60,-37.70,1,Dragon Wave_BZ3,2.82,2.82hrs
15/07/2026 17:34:47,buy,0.03,EURGBP,0.84992,15/07/2026 20:25:34,0.84636,-0.15,0.00,-35.60,-14.60,0.00,0.00,-16.38,-40.00,1,Dragon Wave_BZ2,2.85,2.85hrs
15/07/2026 18:37:22,buy,0.18,EURGBP,0.84776,15/07/2026 20:25:33,0.84638,-0.90,0.00,-13.80,-34.52,0.00,0.00,-45.70,-18.40,1,Dragon Wave_BZ6,1.80,1.80hrs
15/07/2026 18:30:55,buy,0.11,EURGBP,0.84811,15/07/2026 20:25:33,0.84636,-0.55,0.00,-17.50,-26.60,0.00,0.00,-33.13,-21.90,1,Dragon Wave_BZ5,1.91,1.91hrs
15/07/2026 17:51:31,buy,0.07,EURGBP,0.84878,15/07/2026 20:25:33,0.84636,-0.35,0.00,-24.20,-23.28,0.00,0.00,-27.43,-28.60,1,Dragon Wave_BZ4,2.57,2.57hrs
15/07/2026 19:20:29,buy,0.76,EURGBP,0.84699,15/07/2026 20:25:32,0.84634,-3.80,0.00,-6.50,-70.66,0.00,0.00,-113.79,-10.70,1,Dragon Wave_BZ9,1.08,1.08hrs
15/07/2026 18:52:10,buy,0.47,EURGBP,0.84733,15/07/2026 20:25:32,0.84634,-2.35,0.00,-9.90,-65.32,0.00,0.00,-91.99,-14.10,1,Dragon Wave_BZ8,1.56,1.56hrs
15/07/2026 18:50:27,buy,0.29,EURGBP,0.84747,15/07/2026 20:25:32,0.84634,-1.45,0.00,-11.30,-45.80,0.00,0.00,-62.25,-15.50,1,Dragon Wave_BZ7,1.58,1.58hrs
15/07/2026 19:48:47,buy,3.22,EURGBP,0.84603,15/07/2026 20:25:31,0.84634,-16.10,0.00,3.10,118.99,118.99,3.10,-64.01,-1.10,1,Dragon Wave_BZ12,0.61,0.61hrs
15/07/2026 19:40:58,buy,1.99,EURGBP,0.84632,15/07/2026 20:25:31,0.84634,-9.95,0.00,0.20,-4.57,0.00,0.20,-117.62,-4.00,1,Dragon Wave_BZ11,0.74,0.74hrs
15/07/2026 19:21:36,buy,1.23,EURGBP,0.84676,15/07/2026 20:25:31,0.84634,-6.15,0.00,-4.20,-76.07,0.00,0.00,-145.90,-8.40,1,Dragon Wave_BZ10,1.07,1.07hrs
15/07/2026 20:01:32,buy,5.21,EURGBP,0.84561,15/07/2026 20:25:30,0.84634,-26.05,0.00,7.30,488.68,488.68,7.30,0.00,0.00,1,Dragon Wave_BZ13,0.40,0.40hrs
15/07/2026 20:09:55,buy,0.01,NZDCHF,0.47095,15/07/2026 20:19:55,0.47100,-0.05,0.00,0.50,0.01,0.01,0.50,-0.04,0.00,1,Dragon Wave_CZ0,0.17,0.17hrs
15/07/2026 20:14:10,buy,0.01,GBPJPY,219.38400,15/07/2026 20:19:53,219.41000,-0.05,0.00,2.60,0.11,0.11,2.60,-0.03,0.00,1,Dragon Wave_CZ0,0.10,0.10hrs
15/07/2026 20:14:18,buy,0.01,GBPCAD,1.90039,15/07/2026 20:19:47,1.90048,-0.05,0.00,0.90,0.01,0.01,0.90,0.00,0.00,1,Dragon Wave_CZ0,0.09,0.09hrs
15/07/2026 20:13:11,buy,0.01,GBPUSD,1.35378,15/07/2026 20:19:41,1.35350,-0.05,0.00,-2.80,-0.33,0.00,0.00,-0.47,-4.20,1,Dragon Wave_AZ0,0.11,0.11hrs
15/07/2026 20:14:14,buy,0.02,GBPUSD,1.35327,15/07/2026 20:19:40,1.35350,-0.10,0.00,2.30,0.36,0.36,2.30,0.00,0.00,1,Dragon Wave_AZ1,0.09,0.09hrs
15/07/2026 20:15:37,buy,0.01,XAUUSD,4034.83000,15/07/2026 20:18:59,4036.27000,-0.15,0.00,14.40,1.29,1.29,14.40,-0.82,-6.70,1,Dragon Wave_CZ0,0.06,0.06hrs
15/07/2026 20:16:34,buy,0.02,GBPJPY,219.37600,15/07/2026 20:18:24,219.41200,-0.10,0.00,3.60,0.34,0.34,3.60,0.00,0.00,1,Dragon Wave_BZ1,0.03,0.03hrs
15/07/2026 20:13:59,buy,0.01,GBPJPY,219.43500,15/07/2026 20:18:24,219.41200,-0.05,0.00,-2.30,-0.19,0.00,0.00,-0.35,-4.80,1,Dragon Wave_BZ0,0.07,0.07hrs
15/07/2026 20:17:19,buy,0.01,CADCHF,0.57411,15/07/2026 20:18:20,0.57416,-0.05,0.00,0.50,0.01,0.01,0.50,0.00,0.00,1,Dragon Wave_AZ0,0.02,0.02hrs
15/07/2026 20:15:16,buy,0.01,XAUUSD,4034.33000,15/07/2026 20:17:04,4035.44000,-0.15,0.00,11.10,0.96,0.96,11.10,-0.32,-1.70,1,Dragon Wave_BZ0,0.03,0.03hrs
15/07/2026 20:11:11,buy,0.02,USDJPY,162.07900,15/07/2026 20:13:24,162.10900,-0.10,0.00,3.00,0.27,0.27,3.00,0.00,0.00,1,Dragon Wave_BZ1,0.04,0.04hrs
15/07/2026 20:08:56,buy,0.01,USDJPY,162.10600,15/07/2026 20:13:24,162.10900,-0.05,0.00,0.30,-0.03,0.00,0.30,-0.03,0.00,1,Dragon Wave_BZ0,0.07,0.07hrs
15/07/2026 20:09:43,buy,0.02,USDJPY,162.09300,15/07/2026 20:13:11,162.11400,-0.10,0.00,2.10,0.16,0.16,2.10,0.00,0.00,1,Dragon Wave_AZ1,0.06,0.06hrs
15/07/2026 20:08:43,buy,0.01,USDJPY,162.10500,15/07/2026 20:13:11,162.11400,-0.05,0.00,0.90,0.01,0.01,0.90,0.00,0.00,1,Dragon Wave_AZ0,0.07,0.07hrs
15/07/2026 20:10:26,buy,0.01,CADCHF,0.57410,15/07/2026 20:12:12,0.57415,-0.05,0.00,0.50,0.01,0.01,0.50,0.00,0.00,1,Dragon Wave_AZ0,0.03,0.03hrs
15/07/2026 20:11:19,buy,0.02,NZDCHF,0.47091,15/07/2026 20:12:01,0.47098,-0.10,0.00,0.70,0.08,0.08,0.70,0.00,0.00,1,Dragon Wave_AZ1,0.01,0.01hrs
15/07/2026 20:08:59,buy,0.01,NZDCHF,0.47099,15/07/2026 20:12:01,0.47098,-0.05,0.00,-0.10,-0.06,0.00,0.00,-0.06,-0.10,1,Dragon Wave_AZ0,0.05,0.05hrs
15/07/2026 19:06:01,buy,0.02,AUDCAD,0.98296,15/07/2026 20:08:46,0.98283,-0.10,0.00,-1.30,-0.29,0.00,0.00,-0.94,-5.90,1,Dragon Wave_CZ1,1.05,1.05hrs
15/07/2026 18:50:59,buy,0.01,AUDCAD,0.98321,15/07/2026 20:08:46,0.98282,-0.05,0.00,-3.90,-0.33,0.00,0.00,-0.65,-8.40,1,Dragon Wave_CZ0,1.30,1.30hrs
15/07/2026 19:39:13,buy,0.04,AUDCAD,0.98247,15/07/2026 20:08:45,0.98284,-0.20,0.00,3.70,0.86,0.86,3.70,-0.48,-1.00,1,Dragon Wave_CZ3,0.49,0.49hrs
15/07/2026 19:13:19,buy,0.03,AUDCAD,0.98276,15/07/2026 20:08:45,0.98282,-0.15,0.00,0.60,-0.02,0.00,0.60,-0.98,-3.90,1,Dragon Wave_CZ2,0.92,0.92hrs
15/07/2026 20:04:41,buy,0.01,EURCAD,1.60762,15/07/2026 20:08:05,1.60769,-0.05,0.00,0.00,0.00,0.00,0.00,0.00,0.00,1,Dragon Wave_AZ0,0.06,0.06hrs
15/07/2026 19:02:43,buy,0.01,XAUUSD,4044.32000,15/07/2026 20:02:59,4038.18000,-0.15,0.00,-61.40,-6.29,0.00,0.00,-15.68,-155.30,1,Dragon Wave_CZ0,1.00,1.00hrs
15/07/2026 19:19:59,buy,0.03,XAUUSD,4033.71000,15/07/2026 20:02:58,4038.48000,-0.44,0.00,47.70,13.87,13.87,47.70,-15.20,-49.20,1,Dragon Wave_CZ2,0.72,0.72hrs
15/07/2026 19:10:50,buy,0.02,XAUUSD,4039.94000,15/07/2026 20:02:58,4038.53000,-0.29,0.00,-14.10,-3.11,0.00,0.00,-22.59,-111.50,1,Dragon Wave_CZ1,0.87,0.87hrs
15/07/2026 18:58:15,buy,0.02,AUDJPY,113.46500,15/07/2026 20:00:58,113.42600,-0.10,0.00,-3.90,-0.58,0.00,0.00,-1.27,-9.50,1,Dragon Wave_AZ1,1.05,1.05hrs
15/07/2026 18:56:16,buy,0.01,AUDJPY,113.47200,15/07/2026 20:00:58,113.42600,-0.05,0.00,-4.60,-0.33,0.00,0.00,-0.68,-10.20,1,Dragon Wave_AZ0,1.08,1.08hrs
15/07/2026 19:05:08,buy,0.03,AUDJPY,113.45000,15/07/2026 20:00:57,113.42100,-0.15,0.00,-2.90,-0.69,0.00,0.00,-1.63,-8.00,1,Dragon Wave_AZ2,0.93,0.93hrs
15/07/2026 19:28:10,buy,0.07,AUDJPY,113.40900,15/07/2026 20:00:56,113.42300,-0.35,0.00,1.40,0.25,0.25,1.40,-2.03,-3.90,1,Dragon Wave_AZ4,0.55,0.55hrs
15/07/2026 19:26:57,buy,0.04,AUDJPY,113.42000,15/07/2026 20:00:56,113.42100,-0.20,0.00,0.10,-0.17,0.00,0.10,-1.43,-5.00,1,Dragon Wave_AZ3,0.57,0.57hrs
15/07/2026 19:36:19,buy,0.11,AUDJPY,113.37900,15/07/2026 20:00:54,113.42300,-0.55,0.00,4.40,2.43,2.43,4.40,-1.16,-0.90,1,Dragon Wave_AZ5,0.41,0.41hrs
15/07/2026 19:36:56,buy,0.01,NZDCAD,0.82017,15/07/2026 20:00:52,0.82032,-0.05,0.00,1.50,0.06,0.06,1.50,-0.14,-1.30,1,Dragon Wave_CZ0,0.40,0.40hrs
15/07/2026 19:39:42,buy,0.02,NZDCAD,0.82002,15/07/2026 20:00:51,0.82031,-0.10,0.00,2.90,0.31,0.31,2.90,-0.07,0.00,1,Dragon Wave_CZ1,0.35,0.35hrs
15/07/2026 19:02:57,buy,0.01,AUDUSD,0.69969,15/07/2026 20:00:40,0.69948,-0.05,0.00,-2.10,-0.26,0.00,0.00,-0.68,-6.30,1,Dragon Wave_CZ0,0.96,0.96hrs
15/07/2026 19:38:30,buy,0.03,AUDUSD,0.69908,15/07/2026 20:00:39,0.69947,-0.15,0.00,3.90,1.02,1.02,3.90,-0.21,-0.20,1,Dragon Wave_CZ2,0.37,0.37hrs
15/07/2026 19:08:50,buy,0.02,AUDUSD,0.69953,15/07/2026 20:00:39,0.69947,-0.10,0.00,-0.60,-0.22,0.00,0.00,-1.04,-4.70,1,Dragon Wave_CZ1,0.86,0.86hrs
15/07/2026 19:39:21,buy,0.02,NZDCAD,0.82001,15/07/2026 20:00:26,0.82021,-0.10,0.00,2.00,0.18,0.18,2.00,-0.06,0.00,1,Dragon Wave_BZ1,0.35,0.35hrs
15/07/2026 19:36:44,buy,0.01,NZDCAD,0.82017,15/07/2026 20:00:26,0.82022,-0.05,0.00,0.50,-0.01,0.00,0.50,-0.14,-1.30,1,Dragon Wave_BZ0,0.40,0.40hrs
15/07/2026 19:31:12,buy,0.01,AUDUSD,0.69945,15/07/2026 20:00:14,0.69938,-0.05,0.00,-0.70,-0.12,0.00,0.00,-0.44,-3.90,1,Dragon Wave_BZ0,0.48,0.48hrs
15/07/2026 19:36:47,buy,0.03,AUDUSD,0.69915,15/07/2026 20:00:13,0.69937,-0.15,0.00,2.20,0.51,0.51,2.20,-0.42,-0.90,1,Dragon Wave_BZ2,0.39,0.39hrs
15/07/2026 19:33:59,buy,0.02,AUDUSD,0.69936,15/07/2026 20:00:13,0.69939,-0.10,0.00,0.30,-0.04,0.00,0.30,-0.70,-3.00,1,Dragon Wave_BZ1,0.44,0.44hrs
15/07/2026 19:57:58,buy,0.01,CHFJPY,200.90000,15/07/2026 19:59:50,200.92400,-0.05,0.00,2.40,0.10,0.10,2.40,0.00,0.00,1,Dragon Wave_BZ0,0.03,0.03hrs
15/07/2026 19:20:21,buy,0.01,CADJPY,115.41200,15/07/2026 19:59:26,115.42800,-0.05,0.00,1.60,0.05,0.05,1.60,-0.25,-3.20,1,Dragon Wave_CZ0,0.65,0.65hrs
15/07/2026 19:56:58,buy,0.01,XAGUSD,56.82900,15/07/2026 19:59:18,56.87200,-0.10,0.00,430.00,2.05,2.05,430.00,0.00,0.00,1,Dragon Wave_BZ0,0.04,0.04hrs
15/07/2026 19:58:01,buy,0.02,XAUUSD,4031.06000,15/07/2026 19:59:02,4032.59000,-0.29,0.00,15.30,2.77,2.77,15.30,0.00,0.00,1,Dragon Wave_AZ1,0.02,0.02hrs
15/07/2026 19:54:28,buy,0.01,XAUUSD,4034.48000,15/07/2026 19:59:02,4032.89000,-0.15,0.00,-15.90,-1.74,0.00,0.00,-1.74,-15.90,1,Dragon Wave_AZ0,0.08,0.08hrs
15/07/2026 19:56:45,buy,0.01,XAUUSD,4031.23000,15/07/2026 19:58:24,4032.17000,-0.15,0.00,9.40,0.79,0.79,9.40,0.00,0.00,1,Dragon Wave_BZ0,0.03,0.03hrs
15/07/2026 15:48:26,buy,0.03,USDCHF,0.80936,15/07/2026 19:58:14,0.80719,-0.15,0.00,-21.70,-8.22,0.00,0.00,-10.38,-27.50,1,Dragon Wave_BZ2,4.16,4.16hrs
15/07/2026 15:43:23,buy,0.02,USDCHF,0.80981,15/07/2026 19:58:14,0.80719,-0.10,0.00,-26.20,-6.59,0.00,0.00,-8.03,-32.00,1,Dragon Wave_BZ1,4.25,4.25hrs
15/07/2026 15:31:56,buy,0.01,USDCHF,0.81060,15/07/2026 19:58:14,0.80719,-0.05,0.00,-34.10,-4.27,0.00,0.00,-5.00,-39.90,1,Dragon Wave_BZ0,4.44,4.44hrs
15/07/2026 17:50:12,buy,0.11,USDCHF,0.80732,15/07/2026 19:58:13,0.80719,-0.55,0.00,-1.30,-2.32,0.95,1.10,-10.23,-7.10,1,Dragon Wave_BZ5,2.13,2.13hrs
15/07/2026 16:58:27,buy,0.07,USDCHF,0.80792,15/07/2026 19:58:13,0.80719,-0.35,0.00,-7.30,-6.68,3.55,4.50,-11.72,-13.10,1,Dragon Wave_BZ4,3.00,3.00hrs
15/07/2026 16:09:08,buy,0.04,USDCHF,0.80859,15/07/2026 19:58:13,0.80719,-0.20,0.00,-14.00,-7.14,2.86,6.20,-10.02,-19.80,1,Dragon Wave_BZ3,3.82,3.82hrs
15/07/2026 18:48:43,buy,0.29,USDCHF,0.80645,15/07/2026 19:58:12,0.80719,-1.45,0.00,7.40,25.14,25.14,7.40,0.00,0.00,1,Dragon Wave_BZ7,1.16,1.16hrs
15/07/2026 18:11:21,buy,0.18,USDCHF,0.80684,15/07/2026 19:58:12,0.80719,-0.90,0.00,3.50,6.90,6.90,3.50,-6.03,-2.30,1,Dragon Wave_BZ6,1.78,1.78hrs
15/07/2026 10:49:21,buy,0.04,EURNZD,1.96332,15/07/2026 19:57:37,1.96011,-0.20,0.00,-32.10,-7.69,0.59,3.40,-13.28,-56.00,1,Dragon Wave_CZ3,9.14,9.14hrs
15/07/2026 10:14:26,buy,0.03,EURNZD,1.96406,15/07/2026 19:57:37,1.96030,-0.15,0.00,-37.60,-6.73,0.58,4.20,-11.26,-63.40,1,Dragon Wave_CZ2,9.72,9.72hrs
15/07/2026 10:05:38,buy,0.02,EURNZD,1.96491,15/07/2026 19:57:37,1.96030,-0.10,0.00,-46.10,-5.48,0.00,0.00,-8.50,-71.90,1,Dragon Wave_CZ1,9.87,9.87hrs
15/07/2026 09:50:37,buy,0.01,EURNZD,1.96577,15/07/2026 19:57:37,1.96009,-0.05,0.00,-56.80,-3.37,0.00,0.00,-4.75,-80.50,1,Dragon Wave_CZ0,10.12,10.12hrs
15/07/2026 14:51:30,buy,0.11,EURNZD,1.96117,15/07/2026 19:57:36,1.96012,-0.55,0.00,-10.50,-7.29,0.00,0.00,-22.71,-34.50,1,Dragon Wave_CZ5,5.10,5.10hrs
15/07/2026 12:26:20,buy,0.07,EURNZD,1.96206,15/07/2026 19:57:36,1.96014,-0.35,0.00,-19.20,-8.19,4.41,11.70,-18.09,-43.40,1,Dragon Wave_CZ4,7.52,7.52hrs
15/07/2026 15:34:27,buy,0.18,EURNZD,1.96020,15/07/2026 19:57:35,1.96013,-0.90,0.00,-0.70,-1.63,3.92,4.60,-26.97,-24.80,1,Dragon Wave_CZ6,4.39,4.39hrs
15/07/2026 18:29:19,buy,0.29,EURNZD,1.95871,15/07/2026 19:57:34,1.96013,-1.45,0.00,14.20,22.58,23.59,14.80,-18.21,-9.90,1,Dragon Wave_CZ7,1.47,1.47hrs
15/07/2026 19:38:17,buy,0.03,AUDJPY,113.37000,15/07/2026 19:52:59,113.40300,-0.15,0.00,3.30,0.46,0.46,3.30,-0.15,0.00,1,Dragon Wave_CZ2,0.24,0.24hrs
15/07/2026 19:33:36,buy,0.02,AUDJPY,113.39900,15/07/2026 19:52:59,113.40400,-0.10,0.00,0.50,-0.04,0.00,0.50,-0.46,-2.90,1,Dragon Wave_CZ1,0.32,0.32hrs
15/07/2026 19:19:50,buy,0.01,AUDJPY,113.42700,15/07/2026 19:52:59,113.40000,-0.05,0.00,-2.70,-0.22,0.00,0.00,-0.40,-5.70,1,Dragon Wave_CZ0,0.55,0.55hrs
15/07/2026 19:26:15,buy,0.02,AUDCHF,0.56435,15/07/2026 19:52:01,0.56430,-0.10,0.00,-0.50,-0.23,0.00,0.00,-0.87,-3.10,1,Dragon Wave_AZ1,0.43,0.43hrs
15/07/2026 18:58:26,buy,0.01,AUDCHF,0.56452,15/07/2026 19:52:01,0.56431,-0.05,0.00,-2.10,-0.31,0.00,0.00,-0.64,-4.80,1,Dragon Wave_AZ0,0.89,0.89hrs
15/07/2026 19:47:27,buy,0.03,AUDCHF,0.56409,15/07/2026 19:52:00,0.56430,-0.15,0.00,2.10,0.64,0.64,2.10,-0.34,-0.50,1,Dragon Wave_AZ2,0.08,0.08hrs
15/07/2026 19:42:30,buy,0.01,NZDCHF,0.47095,15/07/2026 19:51:57,0.47095,-0.05,0.00,0.00,-0.05,0.00,0.00,-0.21,-1.30,1,Dragon Wave_AZ0,0.16,0.16hrs
15/07/2026 19:47:11,buy,0.03,NZDCHF,0.47089,15/07/2026 19:51:56,0.47094,-0.15,0.00,0.50,0.04,0.04,0.50,-0.41,-0.70,1,Dragon Wave_AZ2,0.08,0.08hrs
15/07/2026 19:44:08,buy,0.02,NZDCHF,0.47093,15/07/2026 19:51:56,0.47095,-0.10,0.00,0.20,-0.05,0.00,0.20,-0.37,-1.10,1,Dragon Wave_AZ1,0.13,0.13hrs
15/07/2026 19:47:50,buy,0.01,NZDCHF,0.47083,15/07/2026 19:51:32,0.47089,-0.05,0.00,0.60,0.03,0.03,0.60,0.00,0.00,1,Dragon Wave_CZ0,0.06,0.06hrs
15/07/2026 19:35:26,buy,0.01,AUDJPY,113.37800,15/07/2026 19:51:04,113.39200,-0.05,0.00,1.40,0.04,0.04,1.40,-0.10,-0.80,1,Dragon Wave_BZ0,0.26,0.26hrs
15/07/2026 19:02:14,buy,0.02,XAUUSD,4045.57000,15/07/2026 19:49:49,4036.01000,-0.29,0.00,-95.60,-19.41,0.00,0.00,-33.85,-167.80,1,Dragon Wave_AZ1,0.79,0.79hrs
15/07/2026 19:01:08,buy,0.01,XAUUSD,4046.57000,15/07/2026 19:49:49,4035.98000,-0.15,0.00,-105.90,-10.74,0.00,0.00,-17.93,-177.80,1,Dragon Wave_AZ0,0.81,0.81hrs
15/07/2026 19:22:28,buy,0.07,XAUUSD,4033.84000,15/07/2026 19:49:48,4036.15000,-1.02,0.00,23.10,15.15,15.15,23.10,-36.37,-50.50,1,Dragon Wave_AZ4,0.46,0.46hrs
15/07/2026 19:11:37,buy,0.04,XAUUSD,4038.51000,15/07/2026 19:49:48,4036.15000,-0.58,0.00,-23.60,-10.02,0.00,0.00,-39.46,-97.20,1,Dragon Wave_AZ3,0.64,0.64hrs
15/07/2026 19:03:21,buy,0.03,XAUUSD,4043.45000,15/07/2026 19:49:48,4036.07000,-0.44,0.00,-73.80,-22.58,0.00,0.00,-44.42,-146.60,1,Dragon Wave_AZ2,0.77,0.77hrs
15/07/2026 19:35:03,buy,0.11,XAUUSD,4031.01000,15/07/2026 19:49:47,4036.20000,-1.60,0.00,51.90,55.49,55.49,51.90,-26.02,-22.20,1,Dragon Wave_AZ5,0.25,0.25hrs
15/07/2026 19:47:29,buy,0.01,NZDCHF,0.47083,15/07/2026 19:49:20,0.47090,-0.05,0.00,0.70,0.04,0.04,0.70,-0.06,-0.10,1,Dragon Wave_BZ0,0.03,0.03hrs
15/07/2026 19:46:53,buy,0.01,USDJPY,162.17500,15/07/2026 19:48:32,162.17300,-0.05,0.00,-0.20,-0.06,0.00,0.00,-0.11,-1.00,1,Dragon Wave_BZ0,0.03,0.03hrs
15/07/2026 19:39:10,buy,0.02,NZDCAD,0.82002,15/07/2026 19:47:00,0.82016,-0.10,0.00,1.40,0.10,0.10,1.40,0.00,0.00,1,Dragon Wave_AZ1,0.13,0.13hrs
15/07/2026 19:35:24,buy,0.01,NZDCAD,0.82025,15/07/2026 19:47:00,0.82013,-0.05,0.00,-1.20,-0.14,0.00,0.00,-0.14,-1.20,1,Dragon Wave_AZ0,0.19,0.19hrs
15/07/2026 19:28:28,buy,0.01,XAGUSD,57.06600,15/07/2026 19:46:56,56.83200,-0.10,0.00,-2340.00,-11.80,0.00,0.00,-16.90,-3360.00,1,Dragon Wave_BZ0,0.31,0.31hrs
15/07/2026 19:35:03,buy,0.02,XAGUSD,56.77200,15/07/2026 19:46:55,56.82400,-0.20,0.00,520.00,5.00,5.00,520.00,-4.40,-420.00,1,Dragon Wave_BZ1,0.20,0.20hrs
15/07/2026 19:44:29,buy,0.02,NZDJPY,94.62900,15/07/2026 19:46:53,94.64100,-0.10,0.00,1.20,0.05,0.05,1.20,0.00,0.00,1,Dragon Wave_BZ1,0.04,0.04hrs
15/07/2026 19:35:37,buy,0.01,NZDJPY,94.65700,15/07/2026 19:46:53,94.63200,-0.05,0.00,-2.50,-0.21,0.00,0.00,-0.21,-2.50,1,Dragon Wave_BZ0,0.19,0.19hrs
15/07/2026 19:01:34,buy,0.01,XAUUSD,4045.66000,15/07/2026 19:46:52,4036.04000,-0.15,0.00,-96.20,-9.77,0.00,0.00,-17.02,-168.70,1,Dragon Wave_BZ0,0.76,0.76hrs
15/07/2026 19:12:02,buy,0.03,XAUUSD,4038.62000,15/07/2026 19:46:51,4035.85000,-0.44,0.00,-27.70,-8.75,0.00,0.00,-29.93,-98.30,1,Dragon Wave_BZ2,0.58,0.58hrs
15/07/2026 19:10:39,buy,0.02,XAUUSD,4041.29000,15/07/2026 19:46:51,4036.18000,-0.29,0.00,-51.10,-10.51,0.00,0.00,-25.29,-125.00,1,Dragon Wave_BZ1,0.60,0.60hrs
15/07/2026 19:35:22,buy,0.07,XAUUSD,4028.23000,15/07/2026 19:46:50,4036.82000,-1.02,0.00,85.90,59.11,59.11,85.90,0.00,0.00,1,Dragon Wave_BZ4,0.19,0.19hrs
15/07/2026 19:31:15,buy,0.04,XAUUSD,4033.12000,15/07/2026 19:46:50,4036.17000,-0.58,0.00,30.50,11.62,11.62,30.50,-17.90,-43.30,1,Dragon Wave_BZ3,0.26,0.26hrs
15/07/2026 19:36:50,buy,0.01,EURUSD,1.14360,15/07/2026 19:40:57,1.14366,-0.05,0.00,0.60,0.01,0.01,0.60,0.00,0.00,1,Dragon Wave_CZ0,0.07,0.07hrs
15/07/2026 19:36:44,buy,0.01,EURUSD,1.14354,15/07/2026 19:40:50,1.14371,-0.05,0.00,1.70,0.12,0.12,1.70,0.00,0.00,1,Dragon Wave_BZ0,0.07,0.07hrs
15/07/2026 19:38:17,buy,0.01,NZDCHF,0.47090,15/07/2026 19:38:40,0.47096,-0.05,0.00,0.60,0.03,0.03,0.60,0.00,0.00,1,Dragon Wave_BZ0,0.01,0.01hrs
15/07/2026 19:35:26,buy,0.01,GBPUSD,1.35070,15/07/2026 19:38:21,1.35098,-0.05,0.00,2.80,0.23,0.23,2.80,0.00,0.00,1,Dragon Wave_BZ0,0.05,0.05hrs
15/07/2026 19:12:22,buy,0.01,USDJPY,162.16000,15/07/2026 19:36:37,162.16500,-0.05,0.00,0.50,-0.02,0.00,0.50,-0.06,-0.10,1,Dragon Wave_AZ0,0.40,0.40hrs
15/07/2026 19:16:37,buy,0.02,USDJPY,162.15300,15/07/2026 19:36:36,162.16500,-0.10,0.00,1.20,0.05,0.05,1.20,-0.03,0.00,1,Dragon Wave_AZ1,0.33,0.33hrs
15/07/2026 19:28:19,buy,0.01,AUDJPY,113.40800,15/07/2026 19:30:36,113.42900,-0.05,0.00,2.10,0.08,0.08,2.10,0.00,0.00,1,Dragon Wave_BZ0,0.04,0.04hrs
15/07/2026 19:27:56,buy,0.01,NZDCHF,0.47095,15/07/2026 19:30:11,0.47098,-0.05,0.00,0.30,-0.01,0.00,0.30,-0.01,0.00,1,Dragon Wave_AZ0,0.04,0.04hrs
15/07/2026 19:25:33,buy,0.01,CADCHF,0.57414,15/07/2026 19:29:34,0.57418,-0.05,0.00,0.00,0.00,0.00,0.00,0.00,0.00,1,Dragon Wave_AZ0,0.07,0.07hrs
15/07/2026 19:12:24,buy,0.02,AUDCAD,0.98278,15/07/2026 19:26:13,0.98296,-0.10,0.00,1.80,0.15,0.15,1.80,-0.10,0.00,1,Dragon Wave_BZ1,0.23,0.23hrs
15/07/2026 19:03:41,buy,0.01,AUDCAD,0.98296,15/07/2026 19:26:13,0.98296,-0.05,0.00,0.00,-0.05,0.00,0.00,-0.19,-2.00,1,Dragon Wave_BZ0,0.38,0.38hrs
15/07/2026 19:20:56,buy,0.02,XAGUSD,57.32100,15/07/2026 19:23:55,57.37800,-0.21,0.00,570.00,5.49,5.49,570.00,-8.71,-850.00,1,Dragon Wave_BZ1,0.05,0.05hrs
15/07/2026 19:18:30,buy,0.01,XAGUSD,57.39700,15/07/2026 19:23:55,57.37800,-0.10,0.00,-190.00,-1.05,0.00,0.00,-8.15,-1610.00,1,Dragon Wave_BZ0,0.09,0.09hrs
15/07/2026 19:20:53,buy,0.02,AUDUSD,0.69946,15/07/2026 19:22:59,0.69956,-0.10,0.00,1.00,0.10,0.10,1.00,-0.16,-0.30,1,Dragon Wave_BZ1,0.04,0.04hrs
15/07/2026 19:19:33,buy,0.01,AUDUSD,0.69954,15/07/2026 19:22:59,0.69956,-0.05,0.00,0.20,-0.03,0.00,0.20,-0.16,-1.10,1,Dragon Wave_BZ0,0.06,0.06hrs
15/07/2026 19:15:45,buy,0.01,USDJPY,162.14600,15/07/2026 19:21:35,162.15900,-0.05,0.00,1.30,0.03,0.03,1.30,0.00,0.00,1,Dragon Wave_CZ0,0.10,0.10hrs
15/07/2026 19:16:00,buy,0.01,USDCHF,0.80666,15/07/2026 19:19:59,0.80682,-0.05,0.00,1.60,0.15,0.15,1.60,0.00,0.00,1,Dragon Wave_CZ0,0.07,0.07hrs
15/07/2026 19:12:36,buy,0.01,USDCAD,1.40473,15/07/2026 19:17:48,1.40482,-0.05,0.00,0.90,0.01,0.01,0.90,0.00,0.00,1,Dragon Wave_CZ0,0.09,0.09hrs
15/07/2026 19:13:14,buy,0.02,USDCAD,1.40466,15/07/2026 19:16:24,1.40485,-0.10,0.00,1.90,0.17,0.17,1.90,0.00,0.00,1,Dragon Wave_BZ1,0.05,0.05hrs
15/07/2026 19:11:16,buy,0.01,USDCAD,1.40486,15/07/2026 19:16:24,1.40484,-0.05,0.00,-0.20,-0.06,0.00,0.00,-0.06,-0.20,1,Dragon Wave_BZ0,0.09,0.09hrs
15/07/2026 19:04:08,buy,0.01,EURCAD,1.60635,15/07/2026 19:16:01,1.60638,-0.05,0.00,0.30,-0.03,0.00,0.30,-0.25,-2.80,1,Dragon Wave_AZ0,0.20,0.20hrs
15/07/2026 19:10:28,buy,0.02,EURCAD,1.60621,15/07/2026 19:16:00,1.60638,-0.10,0.00,1.70,0.14,0.14,1.70,0.00,0.00,1,Dragon Wave_AZ1,0.09,0.09hrs
15/07/2026 19:13:38,buy,0.02,XAGUSD,57.48300,15/07/2026 19:15:38,57.54800,-0.21,0.00,650.00,6.29,6.29,650.00,0.00,0.00,1,Dragon Wave_BZ1,0.03,0.03hrs
15/07/2026 19:10:18,buy,0.01,XAGUSD,57.56800,15/07/2026 19:15:38,57.54800,-0.10,0.00,-200.00,-1.10,0.00,0.00,-1.10,-200.00,1,Dragon Wave_BZ0,0.09,0.09hrs
15/07/2026 18:11:31,buy,0.02,EURCHF,0.92307,15/07/2026 19:13:44,0.92255,-0.10,0.00,-5.20,-1.39,0.00,0.00,-1.76,-6.70,1,Dragon Wave_BZ1,1.04,1.04hrs
15/07/2026 18:07:38,buy,0.01,EURCHF,0.92327,15/07/2026 19:13:44,0.92255,-0.05,0.00,-7.20,-0.94,0.00,0.00,-1.13,-8.70,1,Dragon Wave_BZ0,1.10,1.10hrs
15/07/2026 18:50:24,buy,0.07,EURCHF,0.92223,15/07/2026 19:13:43,0.92255,-0.35,0.00,3.20,2.43,2.43,3.20,0.00,0.00,1,Dragon Wave_BZ4,0.39,0.39hrs
15/07/2026 18:47:51,buy,0.04,EURCHF,0.92230,15/07/2026 19:13:43,0.92255,-0.20,0.00,2.50,1.04,1.04,2.50,0.00,0.00,1,Dragon Wave_BZ3,0.43,0.43hrs
15/07/2026 18:23:28,buy,0.03,EURCHF,0.92270,15/07/2026 19:13:43,0.92255,-0.15,0.00,-1.50,-0.71,0.00,0.00,-1.27,-3.00,1,Dragon Wave_BZ2,0.84,0.84hrs
15/07/2026 19:04:34,buy,0.02,AUDJPY,113.44500,15/07/2026 19:12:03,113.46300,-0.10,0.00,1.80,0.13,0.13,1.80,-0.12,-0.20,1,Dragon Wave_CZ1,0.12,0.12hrs
15/07/2026 18:59:14,buy,0.01,AUDJPY,113.46500,15/07/2026 19:12:03,113.46300,-0.05,0.00,-0.20,-0.07,0.00,0.00,-0.19,-2.20,1,Dragon Wave_CZ0,0.21,0.21hrs
15/07/2026 18:24:37,buy,0.02,EURJPY,185.45300,15/07/2026 19:11:56,185.43700,-0.10,0.00,-1.60,-0.29,0.00,0.00,-1.03,-7.50,1,Dragon Wave_BZ1,0.79,0.79hrs
15/07/2026 18:15:31,buy,0.01,EURJPY,185.48200,15/07/2026 19:11:56,185.43700,-0.05,0.00,-4.50,-0.33,0.00,0.00,-0.69,-10.40,1,Dragon Wave_BZ0,0.94,0.94hrs
15/07/2026 18:37:22,buy,0.04,EURJPY,185.37100,15/07/2026 19:11:55,185.43800,-0.20,0.00,6.70,1.46,1.46,6.70,-0.03,0.00,1,Dragon Wave_BZ3,0.58,0.58hrs
15/07/2026 18:30:32,buy,0.03,EURJPY,185.42400,15/07/2026 19:11:55,185.43700,-0.15,0.00,1.30,0.09,0.09,1.30,-1.00,-4.60,1,Dragon Wave_BZ2,0.69,0.69hrs
15/07/2026 18:58:33,buy,0.01,NZDCHF,0.47097,15/07/2026 19:11:51,0.47104,-0.05,0.00,0.70,0.03,0.03,0.70,-0.07,-0.20,1,Dragon Wave_BZ0,0.22,0.22hrs
15/07/2026 19:11:12,buy,0.03,NZDCAD,0.81990,15/07/2026 19:11:42,0.82021,-0.15,0.00,3.10,0.51,0.51,3.10,0.00,0.00,1,Dragon Wave_CZ2,0.01,0.01hrs
15/07/2026 18:59:36,buy,0.02,NZDCAD,0.82010,15/07/2026 19:11:42,0.82021,-0.10,0.00,1.10,0.06,0.06,1.10,-0.30,-1.40,1,Dragon Wave_CZ1,0.20,0.20hrs
15/07/2026 18:47:53,buy,0.01,NZDCAD,0.82030,15/07/2026 19:11:42,0.82021,-0.05,0.00,-0.90,-0.11,0.00,0.00,-0.29,-3.40,1,Dragon Wave_CZ0,0.40,0.40hrs
15/07/2026 19:03:47,buy,0.01,AUDUSD,0.69959,15/07/2026 19:11:40,0.69967,-0.05,0.00,0.80,0.03,0.03,0.80,-0.13,-0.80,1,Dragon Wave_AZ0,0.13,0.13hrs
15/07/2026 19:03:46,buy,0.01,NZDUSD,0.58368,15/07/2026 19:11:40,0.58384,-0.05,0.00,1.60,0.11,0.11,1.60,-0.12,-0.70,1,Dragon Wave_CZ0,0.13,0.13hrs
15/07/2026 19:10:30,buy,0.02,NZDCAD,0.81990,15/07/2026 19:11:39,0.82014,-0.10,0.00,2.40,0.24,0.24,2.40,0.00,0.00,1,Dragon Wave_AZ1,0.02,0.02hrs
15/07/2026 19:03:45,buy,0.01,NZDCAD,0.82009,15/07/2026 19:11:39,0.82017,-0.05,0.00,0.80,0.01,0.01,0.80,-0.14,-1.30,1,Dragon Wave_AZ0,0.13,0.13hrs
15/07/2026 19:10:53,buy,0.01,GBPCAD,1.89592,15/07/2026 19:11:17,1.89617,-0.05,0.00,2.50,0.13,0.13,2.50,0.00,0.00,1,Dragon Wave_BZ0,0.01,0.01hrs
15/07/2026 19:03:37,buy,0.01,EURUSD,1.14324,15/07/2026 19:11:17,1.14340,-0.05,0.00,1.60,0.11,0.11,1.60,-0.02,0.00,1,Dragon Wave_BZ0,0.13,0.13hrs
15/07/2026 19:04:47,buy,0.01,EURUSD,1.14319,15/07/2026 19:08:24,1.14335,-0.05,0.00,1.60,0.11,0.11,1.60,0.00,0.00,1,Dragon Wave_CZ0,0.06,0.06hrs
15/07/2026 19:06:53,buy,0.01,GBPUSD,1.34946,15/07/2026 19:08:06,1.34977,-0.05,0.00,3.10,0.26,0.26,3.10,0.00,0.00,1,Dragon Wave_BZ0,0.02,0.02hrs
15/07/2026 19:01:31,buy,0.01,NZDCHF,0.47091,15/07/2026 19:08:03,0.47096,-0.05,0.00,0.50,0.01,0.01,0.50,0.00,0.00,1,Dragon Wave_CZ0,0.11,0.11hrs
15/07/2026 19:02:26,buy,0.02,NZDCHF,0.47090,15/07/2026 19:06:31,0.47093,-0.10,0.00,0.30,-0.03,0.00,0.30,-0.03,0.00,1,Dragon Wave_AZ1,0.07,0.07hrs
15/07/2026 18:58:19,buy,0.01,NZDCHF,0.47099,15/07/2026 19:06:31,0.47093,-0.05,0.00,-0.60,-0.12,0.00,0.00,-0.12,-0.60,1,Dragon Wave_AZ0,0.14,0.14hrs
15/07/2026 18:57:41,buy,0.01,XAGUSD,57.69500,15/07/2026 19:04:15,57.64500,-0.10,0.00,-500.00,-2.60,0.00,0.00,-2.60,-500.00,1,Dragon Wave_BZ0,0.11,0.11hrs
15/07/2026 19:03:42,buy,0.02,XAGUSD,57.61400,15/07/2026 19:04:14,57.64500,-0.21,0.00,310.00,2.89,2.89,310.00,0.00,0.00,1,Dragon Wave_BZ1,0.01,0.01hrs
15/07/2026 18:25:11,buy,0.02,USDJPY,162.15500,15/07/2026 19:04:14,162.15600,-0.10,0.00,0.10,-0.09,0.00,0.10,-0.61,-4.10,1,Dragon Wave_AZ1,0.65,0.65hrs
15/07/2026 18:22:04,buy,0.01,USDJPY,162.17100,15/07/2026 19:04:14,162.15600,-0.05,0.00,-1.50,-0.14,0.00,0.00,-0.40,-5.70,1,Dragon Wave_AZ0,0.70,0.70hrs
15/07/2026 18:28:24,buy,0.03,USDJPY,162.12000,15/07/2026 19:04:13,162.15600,-0.15,0.00,3.60,0.52,0.52,3.60,-0.26,-0.60,1,Dragon Wave_AZ2,0.60,0.60hrs
15/07/2026 18:58:21,buy,0.02,NZDCAD,0.82011,15/07/2026 19:02:11,0.82021,-0.10,0.00,1.00,0.04,0.04,1.00,0.00,0.00,1,Dragon Wave_BZ1,0.06,0.06hrs
15/07/2026 18:48:30,buy,0.01,NZDCAD,0.82027,15/07/2026 19:02:11,0.82022,-0.05,0.00,-0.50,-0.08,0.00,0.00,-0.08,-0.50,1,Dragon Wave_BZ0,0.23,0.23hrs
15/07/2026 18:47:59,buy,0.01,USDCAD,1.40469,15/07/2026 19:01:53,1.40480,-0.05,0.00,1.10,0.03,0.03,1.10,-0.04,0.00,1,Dragon Wave_CZ0,0.23,0.23hrs
15/07/2026 18:51:59,buy,0.01,EURGBP,0.84729,15/07/2026 18:56:58,0.84736,-0.05,0.00,0.70,0.05,0.05,0.70,-0.17,-0.90,1,Dragon Wave_AZ0,0.08,0.08hrs
15/07/2026 18:51:22,buy,0.01,EURUSD,1.14337,15/07/2026 18:56:47,1.14349,-0.05,0.00,1.20,0.07,0.07,1.20,-0.07,-0.20,1,Dragon Wave_BZ0,0.09,0.09hrs
15/07/2026 18:47:57,buy,0.01,EURCAD,1.60626,15/07/2026 18:56:46,1.60637,-0.05,0.00,1.10,0.03,0.03,1.10,-0.27,-3.10,1,Dragon Wave_CZ0,0.15,0.15hrs
15/07/2026 18:29:50,buy,0.01,EURAUD,1.63358,15/07/2026 18:56:38,1.63383,-0.05,0.00,2.50,0.13,0.13,2.50,-0.28,-3.30,1,Dragon Wave_CZ0,0.45,0.45hrs
15/07/2026 18:44:08,buy,0.01,EURAUD,1.63363,15/07/2026 18:56:33,1.63384,-0.05,0.00,2.10,0.10,0.10,2.10,-0.21,-2.30,1,Dragon Wave_AZ0,0.21,0.21hrs
15/07/2026 18:48:18,buy,0.01,EURCHF,0.92230,15/07/2026 18:55:29,0.92237,-0.05,0.00,0.70,0.03,0.03,0.70,0.00,0.00,1,Dragon Wave_CZ0,0.12,0.12hrs
15/07/2026 18:54:22,buy,0.01,EURJPY,185.35400,15/07/2026 18:55:09,185.37800,-0.05,0.00,2.40,0.10,0.10,2.40,0.00,0.00,1,Dragon Wave_AZ0,0.01,0.01hrs
15/07/2026 18:54:00,buy,0.01,EURUSD,1.14322,15/07/2026 18:54:59,1.14345,-0.05,0.00,2.30,0.18,0.18,2.30,0.00,0.00,1,Dragon Wave_CZ0,0.02,0.02hrs
15/07/2026 18:53:37,buy,0.01,NZDCAD,0.82016,15/07/2026 18:54:34,0.82027,-0.05,0.00,1.10,0.02,0.02,1.10,0.00,0.00,1,Dragon Wave_AZ0,0.02,0.02hrs
15/07/2026 18:50:36,buy,0.01,XAGUSD,57.74200,15/07/2026 18:54:05,57.75900,-0.10,0.00,170.00,0.75,0.75,170.00,0.00,0.00,1,Dragon Wave_BZ0,0.06,0.06hrs
15/07/2026 18:50:35,buy,0.01,XAUUSD,4048.99000,15/07/2026 18:54:05,4049.20000,-0.15,0.00,2.10,0.06,0.06,2.10,0.00,0.00,1,Dragon Wave_BZ0,0.06,0.06hrs
15/07/2026 18:47:33,buy,0.01,AUDCHF,0.56464,15/07/2026 18:54:03,0.56467,-0.05,0.00,0.30,-0.01,0.00,0.30,-0.01,0.00,1,Dragon Wave_BZ0,0.11,0.11hrs
15/07/2026 18:50:28,buy,0.02,AUDCHF,0.56454,15/07/2026 18:54:02,0.56467,-0.10,0.00,1.30,0.22,0.22,1.30,0.00,0.00,1,Dragon Wave_BZ1,0.06,0.06hrs
15/07/2026 18:50:14,buy,0.01,XAUUSD,4049.39000,15/07/2026 18:54:02,4049.30000,-0.15,0.00,-0.90,-0.24,0.00,0.00,-0.24,-0.90,1,Dragon Wave_AZ0,0.06,0.06hrs
15/07/2026 18:53:20,buy,0.03,XAUUSD,4047.66000,15/07/2026 18:54:01,4049.01000,-0.44,0.00,13.50,3.61,3.61,13.50,0.00,0.00,1,Dragon Wave_AZ2,0.01,0.01hrs
15/07/2026 18:51:16,buy,0.02,XAUUSD,4048.87000,15/07/2026 18:54:01,4049.34000,-0.29,0.00,4.70,0.65,0.65,4.70,0.00,0.00,1,Dragon Wave_AZ1,0.05,0.05hrs
15/07/2026 18:51:44,buy,0.01,XAUUSD,4047.88000,15/07/2026 18:53:46,4048.75000,-0.15,0.00,8.70,0.72,0.72,8.70,0.00,0.00,1,Dragon Wave_CZ0,0.03,0.03hrs
15/07/2026 18:47:51,buy,0.01,USDCAD,1.40462,15/07/2026 18:52:29,1.40474,-0.05,0.00,1.20,0.04,0.04,1.20,0.00,0.00,1,Dragon Wave_BZ0,0.08,0.08hrs
15/07/2026 18:48:28,buy,0.02,CADCHF,0.57409,15/07/2026 18:52:28,0.57426,-0.10,0.00,1.70,0.32,0.32,1.70,0.00,0.00,1,Dragon Wave_CZ1,0.07,0.07hrs
15/07/2026 18:44:36,buy,0.01,CADCHF,0.57421,15/07/2026 18:52:28,0.57427,-0.05,0.00,0.60,0.02,0.02,0.60,0.00,0.00,1,Dragon Wave_CZ0,0.13,0.13hrs
15/07/2026 18:48:25,buy,0.02,NZDCHF,0.47094,15/07/2026 18:52:04,0.47101,-0.10,0.00,0.70,0.07,0.07,0.70,0.00,0.00,1,Dragon Wave_BZ1,0.06,0.06hrs
15/07/2026 18:47:28,buy,0.01,NZDCHF,0.47104,15/07/2026 18:52:04,0.47101,-0.05,0.00,-0.30,-0.09,0.00,0.00,-0.09,-0.30,1,Dragon Wave_BZ0,0.08,0.08hrs
15/07/2026 18:47:33,buy,0.01,USDCHF,0.80647,15/07/2026 18:51:58,0.80666,-0.05,0.00,1.90,0.19,0.19,1.90,0.00,0.00,1,Dragon Wave_CZ0,0.07,0.07hrs
15/07/2026 18:48:07,buy,0.02,NZDCHF,0.47096,15/07/2026 18:51:54,0.47104,-0.10,0.00,0.80,0.10,0.10,0.80,0.00,0.00,1,Dragon Wave_AZ1,0.06,0.06hrs
15/07/2026 18:47:11,buy,0.01,NZDCHF,0.47111,15/07/2026 18:51:54,0.47103,-0.05,0.00,-0.80,-0.15,0.00,0.00,-0.15,-0.80,1,Dragon Wave_AZ0,0.08,0.08hrs
15/07/2026 18:46:48,buy,0.01,USDJPY,162.11600,15/07/2026 18:51:51,162.13600,-0.05,0.00,2.00,0.07,0.07,2.00,0.00,0.00,1,Dragon Wave_BZ0,0.08,0.08hrs
15/07/2026 18:47:51,buy,0.01,NZDCHF,0.47098,15/07/2026 18:51:50,0.47105,-0.05,0.00,0.70,0.04,0.04,0.70,0.00,0.00,1,Dragon Wave_CZ0,0.07,0.07hrs
15/07/2026 18:48:42,buy,0.02,NZDCHF,0.47092,15/07/2026 18:51:49,0.47105,-0.10,0.00,1.30,0.22,0.22,1.30,0.00,0.00,1,Dragon Wave_CZ1,0.05,0.05hrs
15/07/2026 18:49:28,buy,0.01,GBPCAD,1.89491,15/07/2026 18:51:10,1.89521,-0.05,0.00,3.00,0.17,0.17,3.00,0.00,0.00,1,Dragon Wave_BZ0,0.03,0.03hrs
15/07/2026 18:47:44,buy,0.01,USDJPY,162.09900,15/07/2026 18:49:46,162.11200,-0.05,0.00,1.30,0.03,0.03,1.30,0.00,0.00,1,Dragon Wave_CZ0,0.03,0.03hrs
﻿15/07/2026 18:48:15,buy,0.02,CADCHF,0.57408,15/07/2026 18:49:17,0.57417,-0.10,0.00,0.90,0.13,0.13,0.90,0.00,0.00,1,Dragon Wave_AZ1,0.02,0.02hrs
15/07/2026 18:45:16,buy,0.01,CADCHF,0.57420,15/07/2026 18:49:17,0.57417,-0.05,0.00,-0.30,-0.09,0.00,0.00,-0.09,-0.30,1,Dragon Wave_AZ0,0.07,0.07hrs
15/07/2026 18:03:35,buy,0.01,XAGUSD,58.04800,15/07/2026 18:46:50,57.79400,-0.10,0.00,-2540.00,-12.80,0.00,0.00,-19.65,-3910.00,1,Dragon Wave_CZ0,0.72,0.72hrs
15/07/2026 18:15:53,buy,0.03,XAGUSD,57.57800,15/07/2026 18:46:49,57.78500,-0.31,0.00,2070.00,30.74,30.74,2070.00,0.00,0.00,1,Dragon Wave_CZ2,0.52,0.52hrs
15/07/2026 18:09:31,buy,0.02,XAGUSD,57.96100,15/07/2026 18:46:49,57.79400,-0.21,0.00,-1670.00,-16.91,0.00,0.00,-30.61,-3040.00,1,Dragon Wave_CZ1,0.62,0.62hrs
15/07/2026 18:37:48,buy,0.01,AUDUSD,0.69997,15/07/2026 18:46:03,0.70006,-0.05,0.00,0.90,0.04,0.04,0.90,0.00,0.00,1,Dragon Wave_BZ0,0.14,0.14hrs
15/07/2026 18:35:34,buy,0.01,AUDJPY,113.49100,15/07/2026 18:45:02,113.49800,-0.05,0.00,0.70,-0.01,0.00,0.70,-0.05,0.00,1,Dragon Wave_BZ0,0.16,0.16hrs
15/07/2026 18:37:30,buy,0.01,NZDUSD,0.58385,15/07/2026 18:43:42,0.58396,-0.05,0.00,1.10,0.06,0.06,1.10,0.00,0.00,1,Dragon Wave_BZ0,0.10,0.10hrs
15/07/2026 18:40:46,buy,0.01,CADCHF,0.57420,15/07/2026 18:42:22,0.57424,-0.05,0.00,0.00,0.00,0.00,0.00,0.00,0.00,1,Dragon Wave_AZ0,0.03,0.03hrs
15/07/2026 18:15:48,buy,0.04,XAGUSD,57.56200,15/07/2026 18:42:02,57.76100,-0.41,0.00,1990.00,39.39,39.39,1990.00,0.00,0.00,1,Dragon Wave_BZ3,0.44,0.44hrs
15/07/2026 18:13:31,buy,0.03,XAGUSD,57.78500,15/07/2026 18:42:02,57.76100,-0.31,0.00,-240.00,-3.91,0.00,0.00,-19.51,-1280.00,1,Dragon Wave_BZ2,0.48,0.48hrs
15/07/2026 18:10:28,buy,0.02,XAGUSD,57.94500,15/07/2026 18:42:02,57.76300,-0.21,0.00,-1820.00,-18.41,0.00,0.00,-29.01,-2880.00,1,Dragon Wave_BZ1,0.53,0.53hrs
15/07/2026 18:03:25,buy,0.01,XAGUSD,58.03600,15/07/2026 18:42:02,57.76300,-0.10,0.00,-2730.00,-13.75,0.00,0.00,-19.05,-3790.00,1,Dragon Wave_BZ0,0.64,0.64hrs
15/07/2026 18:37:30,buy,0.01,AUDJPY,113.48500,15/07/2026 18:41:59,113.49500,-0.05,0.00,1.00,0.01,0.01,1.00,0.00,0.00,1,Dragon Wave_AZ0,0.07,0.07hrs
15/07/2026 18:36:42,buy,0.01,EURUSD,1.14361,15/07/2026 18:41:56,1.14349,-0.05,0.00,-1.20,-0.17,0.00,0.00,-0.17,-1.20,1,Dragon Wave_CZ0,0.09,0.09hrs
15/07/2026 18:37:39,buy,0.02,EURUSD,1.14332,15/07/2026 18:41:55,1.14349,-0.10,0.00,1.70,0.24,0.24,1.70,0.00,0.00,1,Dragon Wave_CZ1,0.07,0.07hrs
15/07/2026 18:37:31,buy,0.01,EURUSD,1.14338,15/07/2026 18:41:46,1.14347,-0.05,0.00,0.90,0.04,0.04,0.90,0.00,0.00,1,Dragon Wave_BZ0,0.07,0.07hrs
15/07/2026 18:39:15,buy,0.02,EURUSD,1.14320,15/07/2026 18:40:59,1.14337,-0.10,0.00,1.70,0.24,0.24,1.70,0.00,0.00,1,Dragon Wave_AZ1,0.03,0.03hrs
15/07/2026 18:37:17,buy,0.01,EURUSD,1.14341,15/07/2026 18:40:59,1.14338,-0.05,0.00,-0.30,-0.08,0.00,0.00,-0.08,-0.30,1,Dragon Wave_AZ0,0.06,0.06hrs
15/07/2026 18:38:04,buy,0.02,EURCAD,1.60628,15/07/2026 18:40:16,1.60651,-0.10,0.00,2.30,0.22,0.22,2.30,0.00,0.00,1,Dragon Wave_AZ1,0.04,0.04hrs
15/07/2026 18:32:38,buy,0.01,EURCAD,1.60655,15/07/2026 18:40:16,1.60648,-0.05,0.00,-0.70,-0.10,0.00,0.00,-0.10,-0.70,1,Dragon Wave_AZ0,0.13,0.13hrs
15/07/2026 18:27:48,buy,0.01,USDCAD,1.40502,15/07/2026 18:39:02,1.40513,-0.05,0.00,1.10,0.03,0.03,1.10,-0.20,-2.10,1,Dragon Wave_CZ0,0.19,0.19hrs
15/07/2026 18:37:54,buy,0.01,NZDCAD,0.82019,15/07/2026 18:38:57,0.82034,-0.05,0.00,1.50,0.06,0.06,1.50,0.00,0.00,1,Dragon Wave_CZ0,0.02,0.02hrs
15/07/2026 18:37:31,buy,0.01,NZDCAD,0.82021,15/07/2026 18:38:56,0.82034,-0.05,0.00,1.30,0.05,0.05,1.30,0.00,0.00,1,Dragon Wave_BZ0,0.02,0.02hrs
15/07/2026 18:25:38,buy,0.02,USDJPY,162.14100,15/07/2026 18:38:52,162.14200,-0.10,0.00,0.10,-0.09,0.00,0.10,-0.43,-2.70,1,Dragon Wave_BZ1,0.22,0.22hrs
15/07/2026 18:24:12,buy,0.01,USDJPY,162.16700,15/07/2026 18:38:52,162.14200,-0.05,0.00,-2.50,-0.20,0.00,0.00,-0.38,-5.30,1,Dragon Wave_BZ0,0.24,0.24hrs
15/07/2026 18:29:42,buy,0.03,USDJPY,162.10800,15/07/2026 18:38:51,162.14100,-0.15,0.00,3.30,0.46,0.46,3.30,-0.04,0.00,1,Dragon Wave_BZ2,0.15,0.15hrs
15/07/2026 18:24:49,buy,0.01,USDJPY,162.15400,15/07/2026 18:37:40,162.12700,-0.05,0.00,-2.70,-0.22,0.00,0.00,-0.30,-4.00,1,Dragon Wave_CZ0,0.21,0.21hrs
15/07/2026 18:27:58,buy,0.02,USDJPY,162.09900,15/07/2026 18:37:39,162.12700,-0.10,0.00,2.80,0.25,0.25,2.80,0.00,0.00,1,Dragon Wave_CZ1,0.16,0.16hrs
15/07/2026 18:36:11,buy,0.01,CADCHF,0.57421,15/07/2026 18:36:53,0.57429,-0.05,0.00,0.80,0.05,0.05,0.80,0.00,0.00,1,Dragon Wave_AZ0,0.01,0.01hrs
15/07/2026 18:32:47,buy,0.01,GBPCAD,1.89413,15/07/2026 18:34:31,1.89452,-0.05,0.00,3.90,0.23,0.23,3.90,0.00,0.00,1,Dragon Wave_BZ0,0.03,0.03hrs
15/07/2026 18:16:48,buy,0.01,CADJPY,115.40000,15/07/2026 18:32:44,115.42300,-0.05,0.00,2.30,0.10,0.10,2.30,-0.16,-1.70,1,Dragon Wave_CZ0,0.27,0.27hrs
15/07/2026 18:18:27,buy,0.02,CADCHF,0.57417,15/07/2026 18:32:33,0.57429,-0.10,0.00,1.20,0.19,0.19,1.20,-0.40,-1.20,1,Dragon Wave_CZ1,0.23,0.23hrs
15/07/2026 18:10:23,buy,0.01,CADCHF,0.57437,15/07/2026 18:32:33,0.57429,-0.05,0.00,-0.80,-0.15,0.00,0.00,-0.45,-3.20,1,Dragon Wave_CZ0,0.37,0.37hrs
15/07/2026 18:30:27,buy,0.01,GBPNZD,2.30871,15/07/2026 18:30:52,2.30947,-0.05,0.00,7.60,0.39,0.39,7.60,0.00,0.00,1,Dragon Wave_BZ0,0.01,0.01hrs
15/07/2026 18:01:13,buy,0.01,AUDCHF,0.56495,15/07/2026 18:29:56,0.56478,-0.05,0.00,-1.70,-0.26,0.00,0.00,-0.57,-4.20,1,Dragon Wave_AZ0,0.48,0.48hrs
15/07/2026 18:23:40,buy,0.04,AUDCHF,0.56448,15/07/2026 18:29:55,0.56478,-0.20,0.00,3.00,1.29,1.29,3.00,0.00,0.00,1,Dragon Wave_AZ3,0.10,0.10hrs
15/07/2026 18:12:08,buy,0.03,AUDCHF,0.56471,15/07/2026 18:29:55,0.56479,-0.15,0.00,0.80,0.15,0.15,0.80,-0.82,-1.80,1,Dragon Wave_AZ2,0.30,0.30hrs
15/07/2026 18:09:04,buy,0.02,AUDCHF,0.56487,15/07/2026 18:29:55,0.56479,-0.10,0.00,-0.80,-0.30,0.00,0.00,-0.94,-3.40,1,Dragon Wave_AZ1,0.35,0.35hrs
15/07/2026 18:09:31,buy,0.01,XAUUSD,4055.52000,15/07/2026 18:29:52,4049.62000,-0.15,0.00,-59.00,-6.05,0.00,0.00,-11.17,-110.20,1,Dragon Wave_AZ0,0.34,0.34hrs
15/07/2026 18:15:07,buy,0.04,XAUUSD,4043.40000,15/07/2026 18:29:51,4049.18000,-0.58,0.00,57.80,22.54,22.54,57.80,0.00,0.00,1,Dragon Wave_AZ3,0.25,0.25hrs
15/07/2026 18:13:01,buy,0.03,XAUUSD,4050.10000,15/07/2026 18:29:51,4049.62000,-0.44,0.00,-4.80,-1.88,0.00,0.00,-17.24,-56.00,1,Dragon Wave_AZ2,0.28,0.28hrs
15/07/2026 18:10:11,buy,0.02,XAUUSD,4054.77000,15/07/2026 18:29:51,4049.63000,-0.29,0.00,-51.40,-10.57,0.00,0.00,-20.83,-102.70,1,Dragon Wave_AZ1,0.33,0.33hrs
15/07/2026 18:20:44,buy,0.02,NZDCHF,0.47082,15/07/2026 18:26:05,0.47094,-0.10,0.00,1.20,0.20,0.20,1.20,0.00,0.00,1,Dragon Wave_CZ1,0.09,0.09hrs
15/07/2026 18:11:37,buy,0.01,NZDCHF,0.47099,15/07/2026 18:26:05,0.47094,-0.05,0.00,-0.50,-0.11,0.00,0.00,-0.26,-1.70,1,Dragon Wave_CZ0,0.24,0.24hrs
15/07/2026 18:20:21,buy,0.01,NZDCHF,0.47081,15/07/2026 18:24:54,0.47086,-0.05,0.00,0.50,0.02,0.02,0.50,0.00,0.00,1,Dragon Wave_BZ0,0.08,0.08hrs
15/07/2026 18:24:04,buy,0.01,AUDJPY,113.46500,15/07/2026 18:24:42,113.48100,-0.05,0.00,1.60,0.05,0.05,1.60,0.00,0.00,1,Dragon Wave_AZ0,0.01,0.01hrs
15/07/2026 18:15:25,buy,0.02,EURUSD,1.14356,15/07/2026 18:21:52,1.14373,-0.10,0.00,1.70,0.24,0.24,1.70,-0.10,0.00,1,Dragon Wave_BZ1,0.11,0.11hrs
15/07/2026 18:14:27,buy,0.01,EURUSD,1.14389,15/07/2026 18:21:52,1.14377,-0.05,0.00,-1.20,-0.17,0.00,0.00,-0.38,-3.30,1,Dragon Wave_BZ0,0.12,0.12hrs
15/07/2026 18:14:20,buy,0.01,EURUSD,1.14390,15/07/2026 18:21:40,1.14371,-0.05,0.00,-1.90,-0.24,0.00,0.00,-0.39,-3.40,1,Dragon Wave_AZ0,0.12,0.12hrs
15/07/2026 18:15:09,buy,0.02,EURUSD,1.14350,15/07/2026 18:21:39,1.14371,-0.10,0.00,2.10,0.32,0.32,2.10,0.00,0.00,1,Dragon Wave_AZ1,0.11,0.11hrs
15/07/2026 18:19:26,buy,0.01,USDCAD,1.40535,15/07/2026 18:19:58,1.40560,-0.05,0.00,2.50,0.13,0.13,2.50,0.00,0.00,1,Dragon Wave_AZ0,0.01,0.01hrs
15/07/2026 18:15:34,buy,0.02,AUDUSD,0.69960,15/07/2026 18:19:01,0.69977,-0.10,0.00,1.70,0.24,0.24,1.70,0.00,0.00,1,Dragon Wave_CZ1,0.06,0.06hrs
15/07/2026 18:14:47,buy,0.01,AUDUSD,0.69973,15/07/2026 18:19:01,0.69982,-0.05,0.00,0.90,0.04,0.04,0.90,0.00,0.00,1,Dragon Wave_CZ0,0.07,0.07hrs
15/07/2026 18:14:41,buy,0.01,GBPUSD,1.34747,15/07/2026 18:18:49,1.34755,-0.05,0.00,0.80,0.03,0.03,0.80,0.00,0.00,1,Dragon Wave_CZ0,0.07,0.07hrs
15/07/2026 18:15:55,buy,0.02,GBPUSD,1.34725,15/07/2026 18:18:48,1.34761,-0.10,0.00,3.60,0.62,0.62,3.60,0.00,0.00,1,Dragon Wave_CZ1,0.05,0.05hrs
15/07/2026 18:15:29,buy,0.02,NZDUSD,0.58336,15/07/2026 18:18:44,0.58352,-0.10,0.00,1.60,0.22,0.22,1.60,0.00,0.00,1,Dragon Wave_CZ1,0.05,0.05hrs
15/07/2026 18:14:28,buy,0.01,NZDUSD,0.58361,15/07/2026 18:18:44,0.58353,-0.05,0.00,-0.80,-0.13,0.00,0.00,-0.13,-0.80,1,Dragon Wave_CZ0,0.07,0.07hrs
15/07/2026 18:15:51,buy,0.01,GBPJPY,218.52900,15/07/2026 18:18:40,218.55600,-0.05,0.00,2.70,0.12,0.12,2.70,0.00,0.00,1,Dragon Wave_CZ0,0.05,0.05hrs
15/07/2026 18:14:44,buy,0.01,NZDCAD,0.81990,15/07/2026 18:18:38,0.82013,-0.05,0.00,2.30,0.11,0.11,2.30,0.00,0.00,1,Dragon Wave_CZ0,0.07,0.07hrs
15/07/2026 18:15:34,buy,0.02,EURUSD,1.14346,15/07/2026 18:18:37,1.14366,-0.10,0.00,2.00,0.30,0.30,2.00,0.00,0.00,1,Dragon Wave_CZ1,0.05,0.05hrs
15/07/2026 18:14:50,buy,0.01,EURUSD,1.14369,15/07/2026 18:18:37,1.14366,-0.05,0.00,-0.30,-0.08,0.00,0.00,-0.08,-0.30,1,Dragon Wave_CZ0,0.06,0.06hrs
15/07/2026 18:15:31,buy,0.01,NZDJPY,94.62000,15/07/2026 18:18:28,94.63800,-0.05,0.00,1.80,0.06,0.06,1.80,0.00,0.00,1,Dragon Wave_CZ0,0.05,0.05hrs
15/07/2026 18:16:01,buy,0.01,EURJPY,185.46800,15/07/2026 18:18:27,185.47900,-0.05,0.00,1.10,0.01,0.01,1.10,0.00,0.00,1,Dragon Wave_CZ0,0.04,0.04hrs
15/07/2026 18:15:40,buy,0.02,GBPUSD,1.34727,15/07/2026 18:18:24,1.34761,-0.10,0.00,3.40,0.58,0.58,3.40,0.00,0.00,1,Dragon Wave_BZ1,0.05,0.05hrs
15/07/2026 18:15:18,buy,0.01,AUDJPY,113.48500,15/07/2026 18:18:24,113.49300,-0.05,0.00,0.80,-0.01,0.00,0.80,-0.01,0.00,1,Dragon Wave_CZ0,0.05,0.05hrs
15/07/2026 18:14:23,buy,0.01,GBPUSD,1.34773,15/07/2026 18:18:24,1.34762,-0.05,0.00,-1.10,-0.16,0.00,0.00,-0.16,-1.10,1,Dragon Wave_BZ0,0.07,0.07hrs
15/07/2026 18:15:35,buy,0.01,GBPJPY,218.52100,15/07/2026 18:18:21,218.54800,-0.05,0.00,2.70,0.11,0.11,2.70,0.00,0.00,1,Dragon Wave_BZ0,0.05,0.05hrs
15/07/2026 18:15:11,buy,0.01,AUDJPY,113.48700,15/07/2026 18:17:59,113.47200,-0.05,0.00,-1.50,-0.14,0.00,0.00,-0.14,-1.50,1,Dragon Wave_BZ0,0.05,0.05hrs
15/07/2026 18:13:25,buy,0.01,XAGUSD,57.83400,15/07/2026 18:17:59,57.70100,-0.10,0.00,-1330.00,-6.75,0.00,0.00,-6.75,-1330.00,1,Dragon Wave_AZ0,0.08,0.08hrs
15/07/2026 18:16:36,buy,0.02,AUDJPY,113.46200,15/07/2026 18:17:58,113.47100,-0.10,0.00,0.90,0.01,0.01,0.90,0.00,0.00,1,Dragon Wave_BZ1,0.02,0.02hrs
15/07/2026 18:15:30,buy,0.02,XAGUSD,57.55600,15/07/2026 18:17:57,57.70200,-0.21,0.00,1460.00,14.39,14.39,1460.00,0.00,0.00,1,Dragon Wave_AZ1,0.04,0.04hrs
15/07/2026 18:14:27,buy,0.01,NZDCAD,0.81995,15/07/2026 18:16:33,0.81999,-0.05,0.00,0.40,-0.03,0.00,0.40,-0.03,0.00,1,Dragon Wave_BZ0,0.04,0.04hrs
15/07/2026 18:00:17,buy,0.01,USDCHF,0.80724,15/07/2026 18:14:48,0.80711,-0.05,0.00,-1.30,-0.21,0.00,0.00,-0.62,-4.60,1,Dragon Wave_CZ0,0.24,0.24hrs
15/07/2026 18:11:30,buy,0.02,USDCHF,0.80678,15/07/2026 18:14:47,0.80713,-0.10,0.00,3.50,0.77,0.77,3.50,0.00,0.00,1,Dragon Wave_CZ1,0.05,0.05hrs
15/07/2026 18:06:27,buy,0.02,USDCAD,1.40486,15/07/2026 18:14:32,1.40507,-0.10,0.00,2.10,0.20,0.20,2.10,-0.04,0.00,1,Dragon Wave_CZ1,0.13,0.13hrs
15/07/2026 17:57:38,buy,0.01,USDCAD,1.40530,15/07/2026 18:14:32,1.40507,-0.05,0.00,-2.30,-0.21,0.00,0.00,-0.33,-4.00,1,Dragon Wave_CZ0,0.28,0.28hrs
15/07/2026 17:44:43,buy,0.01,USDJPY,162.19200,15/07/2026 18:14:18,162.16600,-0.05,0.00,-2.60,-0.21,0.00,0.00,-0.38,-5.40,1,Dragon Wave_BZ0,0.49,0.49hrs
15/07/2026 17:57:36,buy,0.03,USDJPY,162.13700,15/07/2026 18:14:17,162.16600,-0.15,0.00,2.90,0.39,0.39,2.90,-0.13,0.00,1,Dragon Wave_BZ2,0.28,0.28hrs
15/07/2026 17:49:38,buy,0.02,USDJPY,162.16900,15/07/2026 18:14:17,162.16600,-0.10,0.00,-0.30,-0.14,0.00,0.00,-0.48,-3.10,1,Dragon Wave_BZ1,0.41,0.41hrs
15/07/2026 18:09:13,buy,0.01,GBPAUD,1.92552,15/07/2026 18:10:30,1.92579,-0.05,0.00,2.70,0.13,0.13,2.70,0.00,0.00,1,Dragon Wave_AZ0,0.02,0.02hrs
15/07/2026 18:04:27,buy,0.01,AUDCAD,0.98335,15/07/2026 18:10:29,0.98346,-0.05,0.00,1.10,0.03,0.03,1.10,0.00,0.00,1,Dragon Wave_AZ0,0.10,0.10hrs
15/07/2026 18:06:02,buy,0.02,AUDCAD,0.98329,15/07/2026 18:10:28,0.98346,-0.10,0.00,1.70,0.14,0.14,1.70,0.00,0.00,1,Dragon Wave_AZ1,0.07,0.07hrs
15/07/2026 18:05:42,buy,0.01,AUDCAD,0.98323,15/07/2026 18:09:34,0.98331,-0.05,0.00,0.80,0.01,0.01,0.80,0.00,0.00,1,Dragon Wave_CZ0,0.06,0.06hrs
15/07/2026 18:08:32,buy,0.01,XAUUSD,4057.31000,15/07/2026 18:09:03,4057.41000,-0.15,0.00,1.00,-0.05,0.00,1.00,-0.05,0.00,1,Dragon Wave_AZ0,0.01,0.01hrs
15/07/2026 18:05:12,buy,0.01,XAUUSD,4058.16000,15/07/2026 18:07:58,4058.59000,-0.15,0.00,4.30,0.28,0.28,4.30,0.00,0.00,1,Dragon Wave_BZ0,0.05,0.05hrs
15/07/2026 18:07:10,buy,0.01,EURUSD,1.14393,15/07/2026 18:07:35,1.14411,-0.05,0.00,1.80,0.13,0.13,1.80,0.00,0.00,1,Dragon Wave_AZ0,0.01,0.01hrs
15/07/2026 18:05:24,buy,0.01,XAGUSD,58.00200,15/07/2026 18:07:30,58.00200,-0.10,0.00,0.00,-0.10,0.00,0.00,-0.10,0.00,1,Dragon Wave_AZ0,0.04,0.04hrs
15/07/2026 18:06:06,buy,0.01,EURUSD,1.14396,15/07/2026 18:06:29,1.14407,-0.05,0.00,1.10,0.06,0.06,1.10,0.00,0.00,1,Dragon Wave_AZ0,0.01,0.01hrs
15/07/2026 17:57:59,buy,0.01,USDJPY,162.13700,15/07/2026 18:05:56,162.15200,-0.05,0.00,1.50,0.04,0.04,1.50,-0.04,0.00,1,Dragon Wave_CZ0,0.13,0.13hrs
15/07/2026 17:50:25,buy,0.01,EURJPY,185.50900,15/07/2026 18:05:11,185.48900,-0.05,0.00,-2.00,-0.17,0.00,0.00,-0.48,-7.00,1,Dragon Wave_BZ0,0.25,0.25hrs
15/07/2026 17:53:25,buy,0.02,EURJPY,185.46400,15/07/2026 18:05:10,185.48900,-0.10,0.00,2.50,0.21,0.21,2.50,-0.41,-2.50,1,Dragon Wave_BZ1,0.20,0.20hrs
15/07/2026 17:55:11,buy,0.02,EURCAD,1.60708,15/07/2026 18:05:01,1.60746,-0.10,0.00,3.80,0.44,0.44,3.80,-0.30,-1.40,1,Dragon Wave_AZ1,0.16,0.16hrs
15/07/2026 17:53:50,buy,0.01,EURCAD,1.60731,15/07/2026 18:05:01,1.60744,-0.05,0.00,1.30,0.04,0.04,1.30,-0.31,-3.70,1,Dragon Wave_AZ0,0.19,0.19hrs
15/07/2026 18:02:25,buy,0.01,USDJPY,162.11800,15/07/2026 18:04:29,162.13900,-0.05,0.00,2.10,0.08,0.08,2.10,0.00,0.00,1,Dragon Wave_AZ0,0.03,0.03hrs
15/07/2026 18:03:23,buy,0.01,GBPCAD,1.89367,15/07/2026 18:03:58,1.89375,-0.05,0.00,0.00,0.00,0.00,0.00,0.00,0.00,1,Dragon Wave_CZ0,0.01,0.01hrs
15/07/2026 17:54:19,buy,0.01,EURCAD,1.60727,15/07/2026 18:02:28,1.60714,-0.05,0.00,-1.30,-0.14,0.00,0.00,-0.28,-3.30,1,Dragon Wave_CZ0,0.14,0.14hrs
15/07/2026 17:59:50,buy,0.02,EURCAD,1.60691,15/07/2026 18:02:27,1.60714,-0.10,0.00,2.30,0.23,0.23,2.30,0.00,0.00,1,Dragon Wave_CZ1,0.04,0.04hrs
15/07/2026 18:00:06,buy,0.01,GBPAUD,1.92570,15/07/2026 18:01:59,1.92589,-0.05,0.00,1.90,0.09,0.09,1.90,0.00,0.00,1,Dragon Wave_BZ0,0.03,0.03hrs
15/07/2026 17:57:37,buy,0.01,NZDCAD,0.81997,15/07/2026 18:00:53,0.82011,-0.05,0.00,1.40,0.05,0.05,1.40,0.00,0.00,1,Dragon Wave_CZ0,0.05,0.05hrs
15/07/2026 17:52:49,buy,0.02,EURUSD,1.14357,15/07/2026 18:00:07,1.14371,-0.10,0.00,1.40,0.18,0.18,1.40,0.00,0.00,1,Dragon Wave_BZ1,0.12,0.12hrs
15/07/2026 17:51:34,buy,0.01,EURUSD,1.14376,15/07/2026 18:00:07,1.14371,-0.05,0.00,-0.50,-0.10,0.00,0.00,-0.10,-0.50,1,Dragon Wave_BZ0,0.14,0.14hrs
15/07/2026 17:54:14,buy,0.02,AUDJPY,113.46300,15/07/2026 17:59:43,113.47900,-0.10,0.00,1.60,0.09,0.15,2.00,0.00,0.00,1,Dragon Wave_AZ1,0.09,0.09hrs
15/07/2026 17:52:33,buy,0.01,AUDJPY,113.48300,15/07/2026 17:59:43,113.48000,-0.05,0.00,-0.30,-0.07,0.00,0.00,-0.07,-0.30,1,Dragon Wave_AZ0,0.12,0.12hrs
15/07/2026 17:53:06,buy,0.01,AUDJPY,113.46700,15/07/2026 17:59:20,113.48000,-0.05,0.00,1.30,0.03,0.05,1.60,0.00,0.00,1,Dragon Wave_CZ0,0.10,0.10hrs
15/07/2026 17:57:42,buy,0.01,NZDCHF,0.47119,15/07/2026 17:58:47,0.47127,-0.05,0.00,0.80,0.05,0.06,0.90,0.00,0.00,1,Dragon Wave_CZ0,0.02,0.02hrs
15/07/2026 17:53:08,buy,0.01,EURUSD,1.14350,15/07/2026 17:58:42,1.14371,-0.05,0.00,2.10,0.16,0.16,2.10,0.00,0.00,1,Dragon Wave_CZ0,0.09,0.09hrs
15/07/2026 17:57:41,buy,0.01,GBPJPY,218.54300,15/07/2026 17:58:26,218.57200,-0.05,0.00,2.90,0.13,0.13,2.90,0.00,0.00,1,Dragon Wave_AZ0,0.01,0.01hrs
15/07/2026 17:56:36,buy,0.01,EURGBP,0.84826,15/07/2026 17:57:59,0.84841,-0.05,0.00,1.50,0.15,0.15,1.50,0.00,0.00,1,Dragon Wave_AZ0,0.02,0.02hrs
15/07/2026 17:55:55,buy,0.01,CHFJPY,200.76200,15/07/2026 17:57:49,200.80900,-0.05,0.00,4.70,0.24,0.24,4.70,0.00,0.00,1,Dragon Wave_CZ0,0.03,0.03hrs
15/07/2026 17:53:06,buy,0.01,AUDUSD,0.69957,15/07/2026 17:57:00,0.69967,-0.05,0.00,1.00,0.05,0.05,1.00,0.00,0.00,1,Dragon Wave_BZ0,0.07,0.07hrs
15/07/2026 17:55:09,buy,0.02,EURUSD,1.14336,15/07/2026 17:56:59,1.14350,-0.10,0.00,1.40,0.18,0.18,1.40,0.00,0.00,1,Dragon Wave_AZ1,0.03,0.03hrs
15/07/2026 17:52:42,buy,0.01,EURUSD,1.14369,15/07/2026 17:56:59,1.14350,-0.05,0.00,-1.90,-0.24,0.00,0.00,-0.24,-1.90,1,Dragon Wave_AZ0,0.07,0.07hrs
15/07/2026 17:54:46,buy,0.01,XAUUSD,4055.09000,15/07/2026 17:56:55,4058.49000,-0.15,0.00,34.00,3.25,3.25,34.00,0.00,0.00,1,Dragon Wave_BZ0,0.04,0.04hrs
15/07/2026 17:55:11,buy,0.01,NZDCAD,0.82014,15/07/2026 17:56:36,0.82023,-0.05,0.00,0.90,0.01,0.01,0.90,0.00,0.00,1,Dragon Wave_AZ0,0.02,0.02hrs
15/07/2026 17:54:30,buy,0.01,XAUUSD,4056.03000,15/07/2026 17:56:14,4057.31000,-0.15,0.00,12.80,1.13,1.13,12.80,0.00,0.00,1,Dragon Wave_AZ0,0.03,0.03hrs
15/07/2026 17:55:10,buy,0.01,EURGBP,0.84814,15/07/2026 17:56:10,0.84845,-0.05,0.00,3.10,0.36,0.36,3.10,0.00,0.00,1,Dragon Wave_AZ0,0.02,0.02hrs
15/07/2026 17:20:55,buy,0.01,EURCHF,0.92412,15/07/2026 17:56:03,0.92373,-0.05,0.00,-3.90,-0.53,0.00,0.00,-0.53,-3.90,1,Dragon Wave_CZ0,0.59,0.59hrs
15/07/2026 17:50:18,buy,0.03,EURCHF,0.92360,15/07/2026 17:56:02,0.92374,-0.15,0.00,1.40,0.37,0.37,1.40,0.00,0.00,1,Dragon Wave_CZ2,0.10,0.10hrs
15/07/2026 17:29:49,buy,0.02,EURCHF,0.92389,15/07/2026 17:56:02,0.92374,-0.10,0.00,-1.50,-0.47,0.00,0.00,-0.47,-1.50,1,Dragon Wave_CZ1,0.44,0.44hrs
15/07/2026 17:54:59,buy,0.04,EURCHF,0.92337,15/07/2026 17:56:01,0.92374,-0.20,0.00,3.70,1.64,1.64,3.70,0.00,0.00,1,Dragon Wave_CZ3,0.02,0.02hrs
15/07/2026 17:53:48,buy,0.01,AUDCHF,0.56506,15/07/2026 17:55:54,0.56514,-0.05,0.00,0.80,0.05,0.05,0.80,0.00,0.00,1,Dragon Wave_BZ0,0.04,0.04hrs
15/07/2026 17:41:53,buy,0.01,CADCHF,0.57472,15/07/2026 17:55:40,0.57467,-0.05,0.00,-0.50,-0.12,0.00,0.00,-0.12,-0.50,1,Dragon Wave_CZ0,0.23,0.23hrs
15/07/2026 17:48:40,buy,0.02,CADCHF,0.57457,15/07/2026 17:55:39,0.57469,-0.10,0.00,1.20,0.20,0.20,1.20,0.00,0.00,1,Dragon Wave_CZ1,0.12,0.12hrs
15/07/2026 17:54:50,buy,0.01,NZDCHF,0.47116,15/07/2026 17:55:30,0.47131,-0.05,0.00,1.50,0.14,0.14,1.50,0.00,0.00,1,Dragon Wave_CZ0,0.01,0.01hrs
15/07/2026 17:54:36,buy,0.02,NZDCHF,0.47115,15/07/2026 17:55:18,0.47132,-0.10,0.00,1.70,0.32,0.32,1.70,0.00,0.00,1,Dragon Wave_BZ1,0.01,0.01hrs
15/07/2026 17:53:40,buy,0.01,NZDCHF,0.47126,15/07/2026 17:55:18,0.47134,-0.05,0.00,0.80,0.05,0.05,0.80,0.00,0.00,1,Dragon Wave_BZ0,0.03,0.03hrs
15/07/2026 17:52:27,buy,0.01,NZDCHF,0.47135,15/07/2026 17:55:06,0.47127,-0.05,0.00,-0.80,-0.15,0.00,0.00,-0.15,-0.80,1,Dragon Wave_AZ0,0.04,0.04hrs
15/07/2026 17:54:43,buy,0.01,XAGUSD,58.02900,15/07/2026 17:55:05,58.07500,-0.10,0.00,460.00,2.20,2.20,460.00,0.00,0.00,1,Dragon Wave_AZ0,0.01,0.01hrs
15/07/2026 17:54:29,buy,0.02,NZDCHF,0.47115,15/07/2026 17:55:05,0.47126,-0.10,0.00,1.10,0.17,0.17,1.10,0.00,0.00,1,Dragon Wave_AZ1,0.01,0.01hrs
15/07/2026 17:49:48,buy,0.02,USDJPY,162.15900,15/07/2026 17:53:34,162.17800,-0.10,0.00,1.90,0.13,0.13,1.90,0.00,0.00,1,Dragon Wave_CZ1,0.06,0.06hrs
15/07/2026 17:45:47,buy,0.01,USDJPY,162.18600,15/07/2026 17:53:34,162.17800,-0.05,0.00,-0.80,-0.10,0.00,0.00,-0.10,-0.80,1,Dragon Wave_CZ0,0.13,0.13hrs
15/07/2026 17:49:27,buy,0.02,USDJPY,162.16500,15/07/2026 17:53:10,162.19600,-0.10,0.00,3.10,0.28,0.28,3.10,0.00,0.00,1,Dragon Wave_AZ1,0.06,0.06hrs
15/07/2026 17:41:32,buy,0.01,USDJPY,162.20000,15/07/2026 17:53:10,162.20100,-0.05,0.00,0.10,-0.04,0.00,0.10,-0.10,-0.80,1,Dragon Wave_AZ0,0.19,0.19hrs
15/07/2026 17:50:23,buy,0.01,EURAUD,1.63432,15/07/2026 17:52:54,1.63455,-0.05,0.00,2.30,0.11,0.11,2.30,0.00,0.00,1,Dragon Wave_CZ0,0.04,0.04hrs
15/07/2026 17:48:28,buy,0.01,CADCHF,0.57458,15/07/2026 17:52:45,0.57464,-0.05,0.00,0.60,0.02,0.02,0.60,0.00,0.00,1,Dragon Wave_AZ0,0.07,0.07hrs
15/07/2026 17:50:30,buy,0.02,CADCHF,0.57448,15/07/2026 17:52:44,0.57464,-0.10,0.00,1.60,0.29,0.29,1.60,0.00,0.00,1,Dragon Wave_AZ1,0.04,0.04hrs
15/07/2026 17:42:41,buy,0.01,XAGUSD,58.10100,15/07/2026 17:49:53,58.10900,-0.10,0.00,80.00,0.30,0.30,80.00,-0.65,-110.00,1,Dragon Wave_CZ0,0.12,0.12hrs
15/07/2026 17:48:13,buy,0.01,NZDCHF,0.47128,15/07/2026 17:49:42,0.47133,-0.05,0.00,0.50,0.02,0.02,0.50,0.00,0.00,1,Dragon Wave_AZ0,0.02,0.02hrs
15/07/2026 17:46:19,buy,0.02,XAUUSD,4055.43000,15/07/2026 17:49:09,4056.99000,-0.29,0.00,15.60,2.83,2.83,15.60,0.00,0.00,1,Dragon Wave_BZ1,0.05,0.05hrs
15/07/2026 17:43:27,buy,0.01,XAUUSD,4058.36000,15/07/2026 17:49:09,4056.68000,-0.15,0.00,-16.80,-1.83,0.00,0.00,-1.83,-16.80,1,Dragon Wave_BZ0,0.10,0.10hrs
15/07/2026 17:42:36,buy,0.01,XAGUSD,58.12600,15/07/2026 17:48:49,58.07900,-0.10,0.00,-470.00,-2.45,0.00,0.00,-2.45,-470.00,1,Dragon Wave_BZ0,0.10,0.10hrs
15/07/2026 17:46:22,buy,0.02,XAGUSD,58.03800,15/07/2026 17:48:48,58.07900,-0.21,0.00,410.00,3.89,3.89,410.00,0.00,0.00,1,Dragon Wave_BZ1,0.04,0.04hrs
15/07/2026 17:48:14,buy,0.01,GBPUSD,1.34658,15/07/2026 17:48:38,1.34681,-0.05,0.00,2.30,0.18,0.18,2.30,0.00,0.00,1,Dragon Wave_AZ0,0.01,0.01hrs
15/07/2026 17:46:44,buy,0.01,AUDJPY,113.47600,15/07/2026 17:48:36,113.49000,-0.05,0.00,1.40,0.03,0.03,1.40,0.00,0.00,1,Dragon Wave_BZ0,0.03,0.03hrs
15/07/2026 17:47:37,buy,0.02,XAUUSD,4054.39000,15/07/2026 17:48:32,4056.15000,-0.29,0.00,17.60,3.23,3.23,17.60,0.00,0.00,1,Dragon Wave_CZ1,0.02,0.02hrs
15/07/2026 17:44:20,buy,0.01,XAUUSD,4058.30000,15/07/2026 17:48:32,4056.15000,-0.15,0.00,-21.50,-2.30,0.00,0.00,-2.30,-21.50,1,Dragon Wave_CZ0,0.07,0.07hrs
15/07/2026 17:18:28,buy,0.02,AUDCAD,0.98335,15/07/2026 17:45:20,0.98343,-0.10,0.00,0.80,0.01,0.01,0.80,-0.33,-1.60,1,Dragon Wave_BZ1,0.45,0.45hrs
15/07/2026 17:15:38,buy,0.01,AUDCAD,0.98359,15/07/2026 17:45:20,0.98343,-0.05,0.00,-1.60,-0.16,0.00,0.00,-0.33,-4.00,1,Dragon Wave_BZ0,0.49,0.49hrs
15/07/2026 17:41:56,buy,0.01,NZDCHF,0.47128,15/07/2026 17:44:49,0.47133,-0.05,0.00,0.50,0.01,0.01,0.50,-0.03,0.00,1,Dragon Wave_CZ0,0.05,0.05hrs
15/07/2026 17:41:14,buy,0.01,XAGUSD,58.17200,15/07/2026 17:41:42,58.17900,-0.10,0.00,70.00,0.25,0.25,70.00,0.00,0.00,1,Dragon Wave_AZ0,0.01,0.01hrs
15/07/2026 17:40:18,buy,0.01,AUDUSD,0.69947,15/07/2026 17:40:54,0.69961,-0.05,0.00,1.40,0.09,0.09,1.40,0.00,0.00,1,Dragon Wave_BZ0,0.01,0.01hrs
15/07/2026 17:40:16,buy,0.01,EURUSD,1.14338,15/07/2026 17:40:49,1.14358,-0.05,0.00,2.00,0.15,0.15,2.00,0.00,0.00,1,Dragon Wave_AZ0,0.01,0.01hrs
15/07/2026 17:40:13,buy,0.01,XAUUSD,4060.69000,15/07/2026 17:40:49,4061.77000,-0.15,0.00,10.80,0.93,0.93,10.80,0.00,0.00,1,Dragon Wave_BZ0,0.01,0.01hrs
15/07/2026 17:35:11,buy,0.01,USDCAD,1.40557,15/07/2026 17:40:32,1.40568,-0.05,0.00,1.10,0.03,0.03,1.10,0.00,0.00,1,Dragon Wave_CZ0,0.09,0.09hrs
15/07/2026 17:39:03,buy,0.02,AUDCAD,0.98322,15/07/2026 17:39:53,0.98324,-0.10,0.00,0.20,-0.07,0.00,0.20,-0.07,0.00,1,Dragon Wave_AZ1,0.01,0.01hrs
15/07/2026 17:38:18,buy,0.01,AUDCAD,0.98328,15/07/2026 17:39:53,0.98324,-0.05,0.00,-0.40,-0.08,0.00,0.00,-0.08,-0.40,1,Dragon Wave_AZ0,0.03,0.03hrs
15/07/2026 17:33:26,buy,0.01,USDJPY,162.20700,15/07/2026 17:39:49,162.20500,-0.05,0.00,-0.20,-0.06,0.00,0.00,-0.06,-0.20,1,Dragon Wave_BZ0,0.11,0.11hrs
15/07/2026 17:34:41,buy,0.02,USDJPY,162.18600,15/07/2026 17:39:48,162.20500,-0.10,0.00,1.90,0.13,0.13,1.90,0.00,0.00,1,Dragon Wave_BZ1,0.09,0.09hrs
15/07/2026 17:37:29,buy,0.01,XAGUSD,58.19500,15/07/2026 17:38:56,58.22900,-0.10,0.00,340.00,1.60,1.60,340.00,0.00,0.00,1,Dragon Wave_AZ0,0.02,0.02hrs
15/07/2026 17:36:31,buy,0.01,CADCHF,0.57478,15/07/2026 17:38:48,0.57489,-0.05,0.00,1.10,0.09,0.09,1.10,0.00,0.00,1,Dragon Wave_CZ0,0.04,0.04hrs
15/07/2026 17:34:56,buy,0.01,USDJPY,162.18500,15/07/2026 17:37:51,162.20300,-0.05,0.00,1.80,0.06,0.06,1.80,0.00,0.00,1,Dragon Wave_CZ0,0.05,0.05hrs
15/07/2026 17:36:43,buy,0.01,CADJPY,115.38500,15/07/2026 17:37:46,115.39400,-0.05,0.00,0.90,0.01,0.01,0.90,0.00,0.00,1,Dragon Wave_CZ0,0.02,0.02hrs
15/07/2026 17:34:51,buy,0.01,USDCAD,1.40554,15/07/2026 17:36:49,1.40568,-0.05,0.00,1.40,0.05,0.05,1.40,0.00,0.00,1,Dragon Wave_BZ0,0.03,0.03hrs
15/07/2026 17:18:45,buy,0.02,AUDCAD,0.98332,15/07/2026 17:36:44,0.98350,-0.10,0.00,1.80,0.15,0.15,1.80,-0.29,-1.30,1,Dragon Wave_CZ1,0.30,0.30hrs
15/07/2026 17:14:52,buy,0.01,AUDCAD,0.98363,15/07/2026 17:36:44,0.98349,-0.05,0.00,-1.40,-0.15,0.00,0.00,-0.36,-4.40,1,Dragon Wave_CZ0,0.36,0.36hrs
15/07/2026 17:17:42,buy,0.01,EURCAD,1.60715,15/07/2026 17:35:37,1.60735,-0.05,0.00,2.00,0.10,0.10,2.00,-0.23,-2.50,1,Dragon Wave_CZ0,0.30,0.30hrs
15/07/2026 17:21:04,buy,0.01,XAGUSD,58.24900,15/07/2026 17:35:21,58.28900,-0.10,0.00,400.00,1.90,1.90,400.00,-0.70,-120.00,1,Dragon Wave_CZ0,0.24,0.24hrs
15/07/2026 17:24:40,buy,0.01,NZDCHF,0.47147,15/07/2026 17:35:02,0.47146,-0.05,0.00,-0.10,-0.06,0.00,0.00,-0.06,-0.10,1,Dragon Wave_BZ0,0.17,0.17hrs
15/07/2026 15:32:31,buy,0.02,GBPCHF,1.08710,15/07/2026 17:34:47,1.08712,-0.10,0.00,0.20,-0.05,0.00,0.20,-2.72,-10.60,1,Dragon Wave_BZ1,2.04,2.04hrs
15/07/2026 15:30:22,buy,0.01,GBPCHF,1.08745,15/07/2026 17:34:47,1.08710,-0.05,0.00,-3.50,-0.49,0.00,0.00,-1.79,-14.10,1,Dragon Wave_BZ0,2.07,2.07hrs
15/07/2026 15:36:54,buy,0.03,GBPCHF,1.08660,15/07/2026 17:34:46,1.08711,-0.15,0.00,5.10,1.74,1.74,5.10,-2.23,-5.60,1,Dragon Wave_BZ2,1.96,1.96hrs
15/07/2026 17:32:15,buy,0.01,NZDCAD,0.81993,15/07/2026 17:33:03,0.82002,-0.05,0.00,0.90,0.01,0.01,0.90,0.00,0.00,1,Dragon Wave_AZ0,0.01,0.01hrs
15/07/2026 17:31:25,buy,0.01,XAGUSD,58.14200,15/07/2026 17:31:32,58.17800,-0.10,0.00,360.00,1.70,1.70,360.00,0.00,0.00,1,Dragon Wave_BZ0,0.00,0.00hrs
15/07/2026 17:24:11,buy,0.01,EURUSD,1.14327,15/07/2026 17:30:56,1.14333,-0.05,0.00,0.60,0.01,0.01,0.60,-0.21,-1.60,1,Dragon Wave_AZ0,0.11,0.11hrs
15/07/2026 17:30:25,buy,0.01,USDCAD,1.40558,15/07/2026 17:30:48,1.40573,-0.05,0.00,1.50,0.06,0.06,1.50,0.00,0.00,1,Dragon Wave_BZ0,0.01,0.01hrs
15/07/2026 17:18:20,buy,0.01,EURCAD,1.60709,15/07/2026 17:30:39,1.60724,-0.05,0.00,1.50,0.05,0.05,1.50,-0.19,-1.90,1,Dragon Wave_BZ0,0.21,0.21hrs
15/07/2026 17:27:21,buy,0.01,EURUSD,1.14308,15/07/2026 17:30:31,1.14338,-0.05,0.00,3.00,0.25,0.25,3.00,-0.02,0.00,1,Dragon Wave_CZ0,0.05,0.05hrs
15/07/2026 17:24:27,buy,0.01,EURUSD,1.14320,15/07/2026 17:30:17,1.14332,-0.05,0.00,1.20,0.07,0.07,1.20,-0.14,-0.90,1,Dragon Wave_BZ0,0.10,0.10hrs
15/07/2026 17:24:40,buy,0.01,AUDUSD,0.69930,15/07/2026 17:29:45,0.69945,-0.05,0.00,1.50,0.10,0.10,1.50,0.00,0.00,1,Dragon Wave_CZ0,0.08,0.08hrs
15/07/2026 17:25:14,buy,0.01,GBPUSD,1.34430,15/07/2026 17:29:43,1.34453,-0.05,0.00,2.30,0.18,0.18,2.30,-0.07,-0.20,1,Dragon Wave_AZ0,0.07,0.07hrs
15/07/2026 17:24:24,buy,0.01,AUDUSD,0.69934,15/07/2026 17:29:42,0.69947,-0.05,0.00,1.30,0.08,0.08,1.30,0.00,0.00,1,Dragon Wave_BZ0,0.09,0.09hrs
15/07/2026 17:24:20,buy,0.01,NZDUSD,0.58325,15/07/2026 17:29:33,0.58335,-0.05,0.00,1.00,0.05,0.05,1.00,-0.06,-0.10,1,Dragon Wave_BZ0,0.09,0.09hrs
15/07/2026 17:23:41,buy,0.01,XAUUSD,4058.74000,15/07/2026 17:29:01,4058.99000,-0.15,0.00,2.50,0.10,0.18,3.30,0.00,0.00,1,Dragon Wave_BZ0,0.09,0.09hrs
15/07/2026 17:25:30,buy,0.01,GBPUSD,1.34423,15/07/2026 17:28:47,1.34431,-0.05,0.00,0.80,0.03,0.03,0.80,0.00,0.00,1,Dragon Wave_BZ0,0.05,0.05hrs
15/07/2026 17:24:34,buy,0.01,XAUUSD,4056.00000,15/07/2026 17:28:26,4059.48000,-0.15,0.00,34.80,3.33,3.33,34.80,0.00,0.00,1,Dragon Wave_CZ0,0.06,0.06hrs
15/07/2026 17:27:15,buy,0.01,XAUUSD,4056.09000,15/07/2026 17:27:48,4057.24000,-0.15,0.00,11.50,1.00,1.00,11.50,0.00,0.00,1,Dragon Wave_AZ0,0.01,0.01hrs
15/07/2026 17:25:14,buy,0.01,GBPJPY,218.05500,15/07/2026 17:27:27,218.05300,-0.05,0.00,-0.20,-0.07,0.00,0.00,-0.07,-0.20,1,Dragon Wave_AZ0,0.04,0.04hrs
15/07/2026 17:15:14,buy,0.01,USDCHF,0.80847,15/07/2026 17:27:15,0.80842,-0.05,0.00,-0.50,-0.11,0.00,0.00,-0.46,-3.30,1,Dragon Wave_AZ0,0.20,0.20hrs
15/07/2026 17:21:14,buy,0.03,USDCHF,0.80821,15/07/2026 17:27:14,0.80839,-0.15,0.00,1.80,0.52,0.52,1.80,-0.41,-0.70,1,Dragon Wave_AZ2,0.10,0.10hrs
15/07/2026 17:16:13,buy,0.02,USDCHF,0.80840,15/07/2026 17:27:14,0.80842,-0.10,0.00,0.20,-0.05,0.00,0.20,-0.74,-2.60,1,Dragon Wave_AZ1,0.18,0.18hrs
15/07/2026 17:24:32,buy,0.01,NZDCAD,0.81986,15/07/2026 17:26:45,0.82000,-0.05,0.00,1.40,0.05,0.05,1.40,0.00,0.00,1,Dragon Wave_BZ0,0.04,0.04hrs
15/07/2026 17:25:32,buy,0.01,NZDCHF,0.47142,15/07/2026 17:26:24,0.47149,-0.05,0.00,0.70,0.03,0.03,0.70,0.00,0.00,1,Dragon Wave_CZ0,0.01,0.01hrs
15/07/2026 17:25:25,buy,0.01,NZDCAD,0.81977,15/07/2026 17:26:07,0.81997,-0.05,0.00,2.00,0.09,0.09,2.00,0.00,0.00,1,Dragon Wave_AZ0,0.01,0.01hrs
15/07/2026 17:23:21,buy,0.01,XAUUSD,4059.16000,15/07/2026 17:26:06,4057.58000,-0.15,0.00,-15.80,-1.73,0.00,0.00,-1.73,-15.80,1,Dragon Wave_AZ0,0.05,0.05hrs
15/07/2026 17:25:16,buy,0.02,XAUUSD,4057.03000,15/07/2026 17:26:05,4057.69000,-0.29,0.00,6.60,1.03,1.03,6.60,0.00,0.00,1,Dragon Wave_AZ1,0.01,0.01hrs
15/07/2026 17:24:32,buy,0.02,AUDJPY,113.42200,15/07/2026 17:25:57,113.44800,-0.10,0.00,2.60,0.22,0.22,2.60,0.00,0.00,1,Dragon Wave_BZ1,0.02,0.02hrs
15/07/2026 17:23:26,buy,0.01,AUDJPY,113.45400,15/07/2026 17:25:57,113.44800,-0.05,0.00,-0.60,-0.09,0.00,0.00,-0.09,-0.60,1,Dragon Wave_BZ0,0.04,0.04hrs
15/07/2026 17:24:15,buy,0.01,AUDJPY,113.43400,15/07/2026 17:25:44,113.44600,-0.05,0.00,1.20,0.03,0.03,1.20,0.00,0.00,1,Dragon Wave_AZ0,0.02,0.02hrs
15/07/2026 17:24:16,buy,0.02,XAGUSD,58.15800,15/07/2026 17:24:59,58.19300,-0.21,0.00,350.00,3.29,3.29,350.00,0.00,0.00,1,Dragon Wave_AZ1,0.01,0.01hrs
15/07/2026 17:23:23,buy,0.01,XAGUSD,58.22800,15/07/2026 17:24:59,58.17600,-0.10,0.00,-520.00,-2.70,0.00,0.00,-2.70,-520.00,1,Dragon Wave_AZ0,0.03,0.03hrs
15/07/2026 17:19:40,buy,0.02,USDCAD,1.40545,15/07/2026 17:24:36,1.40581,-0.10,0.00,3.60,0.41,0.41,3.60,-0.06,0.00,1,Dragon Wave_CZ1,0.08,0.08hrs
15/07/2026 17:16:35,buy,0.01,USDCAD,1.40598,15/07/2026 17:24:36,1.40579,-0.05,0.00,-1.90,-0.19,0.00,0.00,-0.41,-5.00,1,Dragon Wave_CZ0,0.13,0.13hrs
15/07/2026 17:17:14,buy,0.02,USDJPY,162.18400,15/07/2026 17:24:30,162.20700,-0.10,0.00,2.30,0.18,0.18,2.30,-0.11,-0.10,1,Dragon Wave_AZ1,0.12,0.12hrs
15/07/2026 17:15:10,buy,0.01,USDJPY,162.19900,15/07/2026 17:24:30,162.20700,-0.05,0.00,0.00,0.00,0.00,0.00,-0.15,-1.60,1,Dragon Wave_AZ0,0.16,0.16hrs
15/07/2026 17:15:13,buy,0.01,GBPCHF,1.08679,15/07/2026 17:24:22,1.08669,-0.05,0.00,-1.00,-0.18,0.00,0.00,-0.18,-1.00,1,Dragon Wave_AZ0,0.15,0.15hrs
15/07/2026 17:19:31,buy,0.02,GBPCHF,1.08665,15/07/2026 17:24:21,1.08669,-0.10,0.00,0.00,0.00,0.00,0.40,-0.01,0.00,1,Dragon Wave_AZ1,0.08,0.08hrs
15/07/2026 17:23:20,buy,0.01,CADCHF,0.57499,15/07/2026 17:24:05,0.57505,-0.05,0.00,0.60,0.03,0.03,0.60,0.00,0.00,1,Dragon Wave_AZ0,0.01,0.01hrs
15/07/2026 17:21:02,buy,0.01,XAUUSD,4060.79000,15/07/2026 17:22:56,4062.42000,-0.15,0.00,16.30,1.48,1.48,16.30,0.00,0.00,1,Dragon Wave_CZ0,0.03,0.03hrs
15/07/2026 17:20:28,buy,0.01,XAGUSD,58.26400,15/07/2026 17:22:03,58.26900,-0.10,0.00,50.00,0.15,0.15,50.00,0.00,0.00,1,Dragon Wave_BZ0,0.03,0.03hrs
15/07/2026 17:20:48,buy,0.01,XAUUSD,4061.12000,15/07/2026 17:21:59,4061.47000,-0.15,0.00,3.50,0.20,0.20,3.50,0.00,0.00,1,Dragon Wave_BZ0,0.02,0.02hrs
15/07/2026 17:18:59,buy,0.01,GBPCAD,1.88942,15/07/2026 17:21:50,1.89005,-0.05,0.00,6.30,0.40,0.40,6.30,0.00,0.00,1,Dragon Wave_CZ0,0.05,0.05hrs
15/07/2026 17:18:51,buy,0.01,EURAUD,1.63440,15/07/2026 17:19:59,1.63436,-0.05,0.00,-0.40,-0.08,0.00,0.00,-0.08,-0.40,1,Dragon Wave_BZ0,0.02,0.02hrs
15/07/2026 17:17:34,buy,0.01,XAUUSD,4062.37000,15/07/2026 17:19:43,4062.86000,-0.15,0.00,4.90,0.34,0.34,4.90,0.00,0.00,1,Dragon Wave_CZ0,0.04,0.04hrs
15/07/2026 17:18:32,buy,0.01,XAUUSD,4060.95000,15/07/2026 17:19:36,4062.95000,-0.15,0.00,20.00,1.85,1.85,20.00,0.00,0.00,1,Dragon Wave_BZ0,0.02,0.02hrs
15/07/2026 17:18:25,buy,0.01,XAGUSD,58.29600,15/07/2026 17:19:32,58.34800,-0.10,0.00,520.00,2.50,2.50,520.00,0.00,0.00,1,Dragon Wave_CZ0,0.02,0.02hrs
15/07/2026 17:09:15,buy,0.01,AUDJPY,113.46300,15/07/2026 17:16:53,113.46900,-0.05,0.00,0.60,-0.01,0.00,0.60,-0.19,-2.30,1,Dragon Wave_AZ0,0.13,0.13hrs
15/07/2026 17:09:34,buy,0.01,GBPJPY,218.05800,15/07/2026 17:16:41,218.07100,-0.05,0.00,1.30,0.03,0.03,1.30,-0.13,-1.30,1,Dragon Wave_AZ0,0.12,0.12hrs
15/07/2026 17:10:22,buy,0.01,AUDJPY,113.44500,15/07/2026 17:16:17,113.46400,-0.05,0.00,1.90,0.06,0.06,1.90,-0.08,-0.50,1,Dragon Wave_CZ0,0.10,0.10hrs
15/07/2026 17:09:48,buy,0.01,AUDUSD,0.69936,15/07/2026 17:15:57,0.69945,-0.05,0.00,0.90,0.04,0.04,0.90,0.00,0.00,1,Dragon Wave_CZ0,0.10,0.10hrs
15/07/2026 17:09:45,buy,0.01,AUDJPY,113.44300,15/07/2026 17:15:51,113.45100,-0.05,0.00,0.00,0.00,0.00,0.00,-0.07,-0.30,1,Dragon Wave_BZ0,0.10,0.10hrs
15/07/2026 16:53:29,buy,0.02,CADCHF,0.57478,15/07/2026 17:15:49,0.57491,-0.10,0.00,1.30,0.22,0.22,1.30,-0.22,-0.50,1,Dragon Wave_CZ1,0.37,0.37hrs
15/07/2026 16:48:45,buy,0.01,CADCHF,0.57501,15/07/2026 17:15:49,0.57491,-0.05,0.00,-1.00,-0.17,0.00,0.00,-0.40,-2.80,1,Dragon Wave_CZ0,0.45,0.45hrs
15/07/2026 17:13:15,buy,0.01,CHFJPY,200.60500,15/07/2026 17:15:45,200.63500,-0.05,0.00,3.00,0.14,0.14,3.00,0.00,0.00,1,Dragon Wave_AZ0,0.04,0.04hrs
15/07/2026 17:14:17,buy,0.01,EURUSD,1.14301,15/07/2026 17:14:53,1.14319,-0.05,0.00,1.80,0.13,0.13,1.80,0.00,0.00,1,Dragon Wave_AZ0,0.01,0.01hrs
15/07/2026 15:32:37,buy,0.02,EURCHF,0.92549,15/07/2026 17:11:56,0.92430,-0.10,0.00,-11.90,-3.04,0.00,0.00,-3.29,-12.90,1,Dragon Wave_BZ1,1.66,1.66hrs
15/07/2026 15:31:56,buy,0.01,EURCHF,0.92565,15/07/2026 17:11:56,0.92430,-0.05,0.00,-13.50,-1.72,0.00,0.00,-1.84,-14.50,1,Dragon Wave_BZ0,1.67,1.67hrs
15/07/2026 16:09:56,buy,0.07,EURCHF,0.92443,15/07/2026 17:11:55,0.92430,-0.35,0.00,-1.30,-1.48,0.34,0.80,-2.34,-2.30,1,Dragon Wave_BZ4,1.03,1.03hrs
15/07/2026 15:46:09,buy,0.04,EURCHF,0.92493,15/07/2026 17:11:55,0.92430,-0.20,0.00,-6.30,-3.32,0.00,0.00,-3.81,-7.30,1,Dragon Wave_BZ3,1.43,1.43hrs
15/07/2026 15:43:21,buy,0.03,EURCHF,0.92514,15/07/2026 17:11:55,0.92430,-0.15,0.00,-8.40,-3.27,0.00,0.00,-3.64,-9.40,1,Dragon Wave_BZ2,1.48,1.48hrs
15/07/2026 16:58:28,buy,0.18,EURCHF,0.92372,15/07/2026 17:11:54,0.92431,-0.90,0.00,5.90,12.23,12.23,5.90,0.00,0.00,1,Dragon Wave_BZ6,0.22,0.22hrs
15/07/2026 16:33:20,buy,0.11,EURCHF,0.92417,15/07/2026 17:11:54,0.92431,-0.55,0.00,1.40,1.35,1.35,1.40,-0.14,0.00,1,Dragon Wave_BZ5,0.64,0.64hrs
15/07/2026 17:01:43,buy,0.01,GBPNZD,2.30516,15/07/2026 17:11:19,2.30530,-0.05,0.00,1.40,0.03,0.03,1.40,0.00,0.00,1,Dragon Wave_CZ0,0.16,0.16hrs
15/07/2026 17:07:25,buy,0.02,GBPNZD,2.30487,15/07/2026 17:11:18,2.30531,-0.10,0.00,4.40,0.42,0.42,4.40,0.00,0.00,1,Dragon Wave_CZ1,0.06,0.06hrs
15/07/2026 17:08:29,buy,0.01,GBPUSD,1.34410,15/07/2026 17:10:27,1.34423,-0.05,0.00,1.30,0.08,0.08,1.30,0.00,0.00,1,Dragon Wave_AZ0,0.03,0.03hrs
15/07/2026 15:33:17,buy,0.02,USDCHF,0.81016,15/07/2026 17:09:09,0.80852,-0.10,0.00,-16.40,-4.16,0.02,0.50,-4.16,-16.40,1,Dragon Wave_AZ1,1.60,1.60hrs
15/07/2026 15:30:20,buy,0.01,USDCHF,0.81058,15/07/2026 17:09:09,0.80852,-0.05,0.00,-20.60,-2.60,0.00,0.00,-2.60,-20.60,1,Dragon Wave_AZ0,1.65,1.65hrs
15/07/2026 16:49:28,buy,0.07,USDCHF,0.80855,15/07/2026 17:09:08,0.80854,-0.35,0.00,-0.10,-0.44,0.00,0.00,-0.44,-0.10,1,Dragon Wave_AZ4,0.33,0.33hrs
15/07/2026 16:04:27,buy,0.04,USDCHF,0.80880,15/07/2026 17:09:08,0.80854,-0.20,0.00,-2.60,-1.49,1.83,4.10,-1.49,-2.60,1,Dragon Wave_AZ3,1.08,1.08hrs
15/07/2026 15:58:11,buy,0.03,USDCHF,0.80915,15/07/2026 17:09:08,0.80854,-0.15,0.00,-6.10,-2.41,0.07,0.60,-2.41,-6.10,1,Dragon Wave_AZ2,1.18,1.18hrs
15/07/2026 16:58:16,buy,0.18,USDCHF,0.80802,15/07/2026 17:09:07,0.80854,-0.90,0.00,5.20,10.68,10.68,5.20,0.00,0.00,1,Dragon Wave_AZ6,0.18,0.18hrs
15/07/2026 16:52:12,buy,0.11,USDCHF,0.80839,15/07/2026 17:09:07,0.80854,-0.55,0.00,1.50,1.49,1.49,1.50,0.00,0.00,1,Dragon Wave_AZ5,0.28,0.28hrs
15/07/2026 16:49:39,buy,0.02,USDCHF,0.80848,15/07/2026 17:08:45,0.80850,-0.10,0.00,0.20,-0.05,0.00,0.20,-0.05,0.00,1,Dragon Wave_CZ1,0.32,0.32hrs
15/07/2026 16:48:26,buy,0.01,USDCHF,0.80860,15/07/2026 17:08:45,0.80850,-0.05,0.00,-1.00,-0.17,0.00,0.00,-0.17,-1.00,1,Dragon Wave_CZ0,0.34,0.34hrs
15/07/2026 16:57:27,buy,0.03,USDCHF,0.80822,15/07/2026 17:08:44,0.80850,-0.15,0.00,2.80,0.89,0.89,2.80,0.00,0.00,1,Dragon Wave_CZ2,0.19,0.19hrs
15/07/2026 17:06:32,buy,0.01,USDCAD,1.40604,15/07/2026 17:07:47,1.40630,-0.05,0.00,2.60,0.13,0.13,2.60,0.00,0.00,1,Dragon Wave_CZ0,0.02,0.02hrs
15/07/2026 15:43:35,buy,0.02,EURCHF,0.92511,15/07/2026 17:07:06,0.92416,-0.10,0.00,-9.50,-2.45,0.00,0.00,-2.45,-9.50,1,Dragon Wave_CZ1,1.39,1.39hrs
15/07/2026 15:32:55,buy,0.01,EURCHF,0.92548,15/07/2026 17:07:06,0.92416,-0.05,0.00,-13.20,-1.68,0.00,0.00,-1.68,-13.20,1,Dragon Wave_CZ0,1.57,1.57hrs
15/07/2026 17:06:26,buy,0.01,GBPCAD,1.89020,15/07/2026 17:07:05,1.89028,-0.05,0.00,0.00,0.00,0.00,0.00,0.00,0.00,1,Dragon Wave_AZ0,0.01,0.01hrs
15/07/2026 15:47:41,buy,0.03,EURCHF,0.92482,15/07/2026 17:07:05,0.92416,-0.15,0.00,-6.60,-2.60,0.00,0.00,-2.60,-6.60,1,Dragon Wave_CZ2,1.32,1.32hrs
15/07/2026 16:32:37,buy,0.07,EURCHF,0.92418,15/07/2026 17:07:04,0.92416,-0.35,0.00,-0.20,-0.52,0.00,0.00,-0.52,-0.20,1,Dragon Wave_CZ4,0.57,0.57hrs
15/07/2026 16:21:47,buy,0.04,EURCHF,0.92434,15/07/2026 17:07:04,0.92416,-0.20,0.00,-1.80,-1.09,0.54,1.50,-1.09,-1.80,1,Dragon Wave_CZ3,0.75,0.75hrs
15/07/2026 16:58:42,buy,0.18,EURCHF,0.92377,15/07/2026 17:07:03,0.92416,-0.90,0.00,3.90,7.79,7.79,3.90,0.00,0.00,1,Dragon Wave_CZ6,0.14,0.14hrs
15/07/2026 16:55:22,buy,0.11,EURCHF,0.92397,15/07/2026 17:07:03,0.92416,-0.55,0.00,1.90,2.03,2.03,1.90,0.00,0.00,1,Dragon Wave_CZ5,0.19,0.19hrs
15/07/2026 16:56:21,buy,0.02,CADCHF,0.57473,15/07/2026 17:06:46,0.57481,-0.10,0.00,0.80,0.10,0.10,0.80,0.00,0.00,1,Dragon Wave_AZ1,0.17,0.17hrs
15/07/2026 16:55:32,buy,0.01,CADCHF,0.57478,15/07/2026 17:06:46,0.57480,-0.05,0.00,0.20,-0.03,0.00,0.20,-0.03,0.00,1,Dragon Wave_AZ0,0.19,0.19hrs
15/07/2026 16:53:28,buy,0.01,CADJPY,115.34100,15/07/2026 17:06:42,115.36600,-0.05,0.00,2.50,0.11,0.11,2.50,0.00,0.00,1,Dragon Wave_CZ0,0.22,0.22hrs
15/07/2026 16:08:47,buy,0.01,NZDCHF,0.47171,15/07/2026 17:05:57,0.47138,-0.05,0.00,-3.30,-0.46,0.00,0.00,-0.46,-3.30,1,Dragon Wave_CZ0,0.95,0.95hrs
15/07/2026 16:37:29,buy,0.03,NZDCHF,0.47132,15/07/2026 17:05:56,0.47138,-0.15,0.00,0.60,0.08,0.08,0.60,0.00,0.00,1,Dragon Wave_CZ2,0.47,0.47hrs
15/07/2026 16:12:15,buy,0.02,NZDCHF,0.47161,15/07/2026 17:05:56,0.47138,-0.10,0.00,-2.30,-0.67,0.00,0.00,-0.67,-2.30,1,Dragon Wave_CZ1,0.89,0.89hrs
15/07/2026 16:55:24,buy,0.04,NZDCHF,0.47106,15/07/2026 17:05:55,0.47138,-0.20,0.00,3.20,1.39,1.39,3.20,0.00,0.00,1,Dragon Wave_CZ3,0.18,0.18hrs
15/07/2026 16:57:01,buy,0.02,CADJPY,115.33100,15/07/2026 17:05:51,115.34600,-0.10,0.00,1.50,0.09,0.09,1.50,0.00,0.00,1,Dragon Wave_AZ1,0.15,0.15hrs
15/07/2026 16:55:15,buy,0.01,CADJPY,115.34000,15/07/2026 17:05:51,115.34500,-0.05,0.00,0.50,-0.02,0.00,0.50,-0.02,0.00,1,Dragon Wave_AZ0,0.18,0.18hrs
15/07/2026 17:00:28,buy,0.02,EURAUD,1.63419,15/07/2026 17:05:45,1.63437,-0.10,0.00,1.80,0.15,0.15,1.80,0.00,0.00,1,Dragon Wave_BZ1,0.09,0.09hrs
15/07/2026 16:57:18,buy,0.01,EURAUD,1.63444,15/07/2026 17:05:45,1.63434,-0.05,0.00,-1.00,-0.12,0.00,0.00,-0.12,-1.00,1,Dragon Wave_BZ0,0.14,0.14hrs
15/07/2026 17:01:46,buy,0.01,GBPCHF,1.08629,15/07/2026 17:05:14,1.08645,-0.05,0.00,1.60,0.14,0.14,1.60,0.00,0.00,1,Dragon Wave_CZ0,0.06,0.06hrs
15/07/2026 17:03:09,buy,0.01,EURAUD,1.63397,15/07/2026 17:04:05,1.63390,-0.05,0.00,-0.70,-0.10,0.00,0.00,-0.10,-0.70,1,Dragon Wave_AZ0,0.02,0.02hrs
15/07/2026 17:00:11,buy,0.01,GBPAUD,1.92147,15/07/2026 17:04:01,1.92152,-0.05,0.00,0.50,-0.02,0.00,0.50,-0.02,0.00,1,Dragon Wave_AZ0,0.06,0.06hrs
15/07/2026 17:01:40,buy,0.01,GBPJPY,217.96600,15/07/2026 17:03:35,218.00900,-0.05,0.00,4.30,0.21,0.21,4.30,0.00,0.00,1,Dragon Wave_CZ0,0.03,0.03hrs
15/07/2026 17:01:34,buy,0.01,GBPJPY,217.97000,15/07/2026 17:03:01,217.99100,-0.05,0.00,2.10,0.08,0.08,2.10,0.00,0.00,1,Dragon Wave_BZ0,0.02,0.02hrs
15/07/2026 17:01:16,buy,0.01,AUDJPY,113.44200,15/07/2026 17:02:41,113.45200,-0.05,0.00,1.00,0.01,0.01,1.00,0.00,0.00,1,Dragon Wave_AZ0,0.02,0.02hrs
15/07/2026 16:56:11,buy,0.03,NZDCHF,0.47107,15/07/2026 17:01:56,0.47122,-0.15,0.00,1.50,0.41,0.41,1.50,0.00,0.00,1,Dragon Wave_AZ2,0.10,0.10hrs
15/07/2026 16:49:17,buy,0.02,NZDCHF,0.47130,15/07/2026 17:01:56,0.47122,-0.10,0.00,-0.80,-0.29,0.00,0.00,-0.29,-0.80,1,Dragon Wave_AZ1,0.21,0.21hrs
15/07/2026 16:48:20,buy,0.01,NZDCHF,0.47138,15/07/2026 17:01:56,0.47121,-0.05,0.00,-1.70,-0.26,0.00,0.00,-0.26,-1.70,1,Dragon Wave_AZ0,0.23,0.23hrs
15/07/2026 16:50:10,buy,0.02,NZDCHF,0.47125,15/07/2026 17:00:14,0.47120,-0.10,0.00,-0.50,-0.23,0.00,0.00,-0.23,-0.50,1,Dragon Wave_BZ1,0.17,0.17hrs
15/07/2026 16:48:41,buy,0.01,NZDCHF,0.47135,15/07/2026 17:00:14,0.47120,-0.05,0.00,-1.50,-0.23,0.00,0.00,-0.23,-1.50,1,Dragon Wave_BZ0,0.19,0.19hrs
15/07/2026 16:56:24,buy,0.03,NZDCHF,0.47105,15/07/2026 17:00:13,0.47120,-0.15,0.00,1.50,0.40,0.40,1.50,0.00,0.00,1,Dragon Wave_BZ2,0.06,0.06hrs
15/07/2026 16:57:36,buy,0.01,USDJPY,162.19600,15/07/2026 16:59:54,162.21500,-0.05,0.00,1.90,0.07,0.07,1.90,0.00,0.00,1,Dragon Wave_BZ0,0.04,0.04hrs
15/07/2026 16:57:46,buy,0.01,USDJPY,162.16400,15/07/2026 16:59:50,162.20800,-0.05,0.00,4.40,0.22,0.22,4.40,0.00,0.00,1,Dragon Wave_CZ0,0.03,0.03hrs
15/07/2026 16:53:23,buy,0.01,CADJPY,115.35100,15/07/2026 16:59:03,115.33700,-0.05,0.00,-1.40,-0.14,0.00,0.00,-0.14,-1.40,1,Dragon Wave_BZ0,0.09,0.09hrs
15/07/2026 16:58:05,buy,0.02,CADJPY,115.31600,15/07/2026 16:59:02,115.33600,-0.10,0.00,2.00,0.14,0.14,2.00,0.00,0.00,1,Dragon Wave_BZ1,0.02,0.02hrs
15/07/2026 16:55:30,buy,0.01,NZDJPY,94.52900,15/07/2026 16:57:32,94.54900,-0.05,0.00,2.00,0.07,0.07,2.00,0.00,0.00,1,Dragon Wave_BZ0,0.03,0.03hrs
15/07/2026 16:55:33,buy,0.01,EURGBP,0.85033,15/07/2026 16:57:30,0.85036,-0.05,0.00,0.30,-0.01,0.00,0.30,-0.01,0.00,1,Dragon Wave_BZ0,0.03,0.03hrs
15/07/2026 16:53:25,buy,0.01,NZDUSD,0.58274,15/07/2026 16:57:19,0.58290,-0.05,0.00,1.60,0.11,0.11,1.60,0.00,0.00,1,Dragon Wave_BZ0,0.07,0.07hrs
15/07/2026 16:53:32,buy,0.01,AUDJPY,113.42400,15/07/2026 16:56:46,113.43300,-0.05,0.00,0.00,0.00,0.00,0.00,0.00,0.00,1,Dragon Wave_CZ0,0.05,0.05hrs
15/07/2026 16:54:18,buy,0.02,EURUSD,1.14280,15/07/2026 16:55:56,1.14299,-0.10,0.00,1.90,0.28,0.28,1.90,0.00,0.00,1,Dragon Wave_AZ1,0.03,0.03hrs
15/07/2026 16:53:13,buy,0.01,EURUSD,1.14289,15/07/2026 16:55:56,1.14297,-0.05,0.00,0.80,0.03,0.03,0.80,0.00,0.00,1,Dragon Wave_AZ0,0.05,0.05hrs
15/07/2026 16:54:31,buy,0.01,EURUSD,1.14273,15/07/2026 16:55:55,1.14299,-0.05,0.00,2.60,0.21,0.21,2.60,0.00,0.00,1,Dragon Wave_BZ0,0.02,0.02hrs
15/07/2026 16:53:18,buy,0.01,AUDUSD,0.69910,15/07/2026 16:55:52,0.69917,-0.05,0.00,0.70,0.02,0.02,0.70,0.00,0.00,1,Dragon Wave_AZ0,0.04,0.04hrs
15/07/2026 16:54:23,buy,0.01,GBPUSD,1.34374,15/07/2026 16:55:35,1.34388,-0.05,0.00,1.40,0.09,0.09,1.40,0.00,0.00,1,Dragon Wave_AZ0,0.02,0.02hrs
15/07/2026 16:51:41,buy,0.01,AUDUSD,0.69917,15/07/2026 16:52:45,0.69927,-0.05,0.00,1.00,0.05,0.05,1.00,0.00,0.00,1,Dragon Wave_CZ0,0.02,0.02hrs
15/07/2026 16:52:13,buy,0.02,AUDJPY,113.43500,15/07/2026 16:52:44,113.44700,-0.10,0.00,1.20,0.04,0.04,1.20,0.00,0.00,1,Dragon Wave_AZ1,0.01,0.01hrs
15/07/2026 16:49:15,buy,0.01,AUDJPY,113.44700,15/07/2026 16:52:44,113.44700,-0.05,0.00,0.00,-0.05,0.00,0.00,-0.05,0.00,1,Dragon Wave_AZ0,0.06,0.06hrs
15/07/2026 16:51:26,buy,0.01,AUDJPY,113.42900,15/07/2026 16:52:42,113.44700,-0.05,0.00,1.80,0.06,0.06,1.80,0.00,0.00,1,Dragon Wave_CZ0,0.02,0.02hrs
15/07/2026 16:50:20,buy,0.01,AUDJPY,113.43500,15/07/2026 16:52:39,113.44900,-0.05,0.00,1.40,0.04,0.04,1.40,0.00,0.00,1,Dragon Wave_BZ0,0.04,0.04hrs
15/07/2026 16:50:22,buy,0.01,XAGUSD,58.18500,15/07/2026 16:52:25,58.23800,-0.10,0.00,530.00,2.55,2.55,530.00,0.00,0.00,1,Dragon Wave_BZ0,0.03,0.03hrs
15/07/2026 16:50:19,buy,0.01,NZDCAD,0.81950,15/07/2026 16:52:04,0.81957,-0.05,0.00,0.00,0.00,0.00,0.00,0.00,0.00,1,Dragon Wave_AZ0,0.03,0.03hrs
15/07/2026 16:49:39,buy,0.01,USDJPY,162.22500,15/07/2026 16:50:44,162.24300,-0.05,0.00,1.80,0.06,0.06,1.80,0.00,0.00,1,Dragon Wave_CZ0,0.02,0.02hrs
15/07/2026 16:49:17,buy,0.01,XAUUSD,4055.68000,15/07/2026 16:50:36,4056.75000,-0.15,0.00,10.70,0.92,0.92,10.70,0.00,0.00,1,Dragon Wave_AZ0,0.02,0.02hrs
15/07/2026 16:46:16,buy,0.01,XAUUSD,4058.39000,15/07/2026 16:48:46,4060.49000,-0.15,0.00,21.00,1.95,1.95,21.00,0.00,0.00,1,Dragon Wave_AZ0,0.04,0.04hrs
15/07/2026 16:46:30,buy,0.01,XAUUSD,4058.06000,15/07/2026 16:48:41,4061.39000,-0.15,0.00,33.30,3.18,3.18,33.30,0.00,0.00,1,Dragon Wave_CZ0,0.04,0.04hrs
15/07/2026 16:45:17,buy,0.01,XAGUSD,58.31000,15/07/2026 16:48:39,58.35100,-0.10,0.00,410.00,1.95,1.95,410.00,0.00,0.00,1,Dragon Wave_AZ0,0.06,0.06hrs
15/07/2026 16:46:25,buy,0.01,XAUUSD,4058.30000,15/07/2026 16:48:23,4060.56000,-0.15,0.00,22.60,2.11,2.11,22.60,0.00,0.00,1,Dragon Wave_BZ0,0.03,0.03hrs
15/07/2026 16:46:39,buy,0.01,EURUSD,1.14252,15/07/2026 16:47:17,1.14270,-0.05,0.00,1.80,0.13,0.13,1.80,0.00,0.00,1,Dragon Wave_CZ0,0.01,0.01hrs
15/07/2026 16:23:16,buy,0.01,EURUSD,1.14274,15/07/2026 16:47:02,1.14282,-0.05,0.00,0.80,0.03,0.03,0.80,-0.35,-3.00,1,Dragon Wave_BZ0,0.40,0.40hrs
15/07/2026 16:46:34,buy,0.01,AUDUSD,0.69930,15/07/2026 16:46:56,0.69930,-0.05,0.00,0.00,-0.05,0.00,0.00,-0.05,0.00,1,Dragon Wave_AZ0,0.01,0.01hrs
15/07/2026 16:08:37,buy,0.01,NZDCHF,0.47171,15/07/2026 16:46:53,0.47147,-0.05,0.00,-2.40,-0.34,0.00,0.00,-0.34,-2.40,1,Dragon Wave_BZ0,0.64,0.64hrs
15/07/2026 16:35:24,buy,0.04,NZDCHF,0.47135,15/07/2026 16:46:52,0.47149,-0.20,0.00,1.40,0.49,0.49,1.40,0.00,0.00,1,Dragon Wave_BZ3,0.19,0.19hrs
15/07/2026 16:32:34,buy,0.03,NZDCHF,0.47146,15/07/2026 16:46:52,0.47149,-0.15,0.00,0.30,-0.04,0.00,0.30,-0.04,0.00,1,Dragon Wave_BZ2,0.24,0.24hrs
15/07/2026 16:15:41,buy,0.02,NZDCHF,0.47157,15/07/2026 16:46:52,0.47147,-0.10,0.00,-1.00,-0.35,0.00,0.00,-0.35,-1.00,1,Dragon Wave_BZ1,0.52,0.52hrs
15/07/2026 16:46:15,buy,0.01,EURUSD,1.14259,15/07/2026 16:46:49,1.14265,-0.05,0.00,0.60,0.01,0.01,0.60,0.00,0.00,1,Dragon Wave_AZ0,0.01,0.01hrs
15/07/2026 15:31:59,buy,0.01,GBPCHF,1.08729,15/07/2026 16:46:43,1.08656,-0.05,0.00,-7.30,-0.96,0.00,0.00,-1.60,-12.50,1,Dragon Wave_CZ0,1.25,1.25hrs
15/07/2026 16:21:46,buy,0.03,GBPCHF,1.08601,15/07/2026 16:46:42,1.08661,-0.15,0.00,6.00,2.07,2.07,6.00,0.00,0.00,1,Dragon Wave_CZ2,0.42,0.42hrs
15/07/2026 15:33:19,buy,0.02,GBPCHF,1.08680,15/07/2026 16:46:42,1.08656,-0.10,0.00,-2.40,-0.69,0.00,0.00,-1.98,-7.60,1,Dragon Wave_CZ1,1.22,1.22hrs
15/07/2026 16:37:44,buy,0.01,AUDJPY,113.45900,15/07/2026 16:45:57,113.46800,-0.05,0.00,0.90,0.01,0.01,0.90,0.00,0.00,1,Dragon Wave_CZ0,0.14,0.14hrs
15/07/2026 16:38:06,buy,0.02,AUDJPY,113.44700,15/07/2026 16:45:56,113.46800,-0.10,0.00,2.10,0.16,0.16,2.10,0.00,0.00,1,Dragon Wave_BZ1,0.13,0.13hrs
15/07/2026 16:37:30,buy,0.01,AUDJPY,113.47300,15/07/2026 16:45:56,113.46800,-0.05,0.00,-0.50,-0.08,0.00,0.00,-0.08,-0.50,1,Dragon Wave_BZ0,0.14,0.14hrs
15/07/2026 16:38:04,buy,0.02,AUDJPY,113.44600,15/07/2026 16:45:54,113.46800,-0.10,0.00,2.20,0.17,0.17,2.20,0.00,0.00,1,Dragon Wave_AZ1,0.13,0.13hrs
15/07/2026 16:37:22,buy,0.01,AUDJPY,113.47900,15/07/2026 16:45:54,113.46800,-0.05,0.00,-1.10,-0.11,0.00,0.00,-0.11,-1.10,1,Dragon Wave_AZ0,0.14,0.14hrs
15/07/2026 16:45:19,buy,0.01,NZDCAD,0.81937,15/07/2026 16:45:51,0.81950,-0.05,0.00,1.30,0.04,0.04,1.30,0.00,0.00,1,Dragon Wave_AZ0,0.01,0.01hrs
15/07/2026 16:42:25,buy,0.01,CADCHF,0.57518,15/07/2026 16:45:42,0.57532,-0.05,0.00,1.40,0.13,0.13,1.40,0.00,0.00,1,Dragon Wave_CZ0,0.05,0.05hrs
15/07/2026 16:44:31,buy,0.01,GBPUSD,1.34299,15/07/2026 16:45:25,1.34307,-0.05,0.00,0.80,0.03,0.03,0.80,0.00,0.00,1,Dragon Wave_BZ0,0.01,0.01hrs
15/07/2026 16:39:26,buy,0.01,CADCHF,0.57533,15/07/2026 16:45:13,0.57533,-0.05,0.00,0.00,-0.05,0.00,0.00,-0.05,0.00,1,Dragon Wave_AZ0,0.10,0.10hrs
15/07/2026 16:41:12,buy,0.02,CADCHF,0.57526,15/07/2026 16:45:12,0.57533,-0.10,0.00,0.70,0.08,0.08,0.70,0.00,0.00,1,Dragon Wave_AZ1,0.07,0.07hrs
15/07/2026 16:43:29,buy,0.01,USDJPY,162.22000,15/07/2026 16:44:36,162.24500,-0.05,0.00,2.50,0.10,0.10,2.50,0.00,0.00,1,Dragon Wave_BZ0,0.02,0.02hrs
15/07/2026 16:32:28,buy,0.01,NZDCHF,0.47148,15/07/2026 16:44:14,0.47144,-0.05,0.00,-0.40,-0.10,0.00,0.00,-0.10,-0.40,1,Dragon Wave_AZ0,0.20,0.20hrs
15/07/2026 16:34:04,buy,0.02,NZDCHF,0.47137,15/07/2026 16:44:13,0.47144,-0.10,0.00,0.70,0.07,0.07,0.70,0.00,0.00,1,Dragon Wave_AZ1,0.17,0.17hrs
15/07/2026 16:40:43,buy,0.01,XAUUSD,4059.06000,15/07/2026 16:41:22,4061.60000,-0.15,0.00,25.40,2.39,2.39,25.40,0.00,0.00,1,Dragon Wave_BZ0,0.01,0.01hrs
15/07/2026 16:35:54,buy,0.01,NZDCAD,0.81922,15/07/2026 16:39:57,0.81938,-0.05,0.00,1.60,0.06,0.06,1.60,0.00,0.00,1,Dragon Wave_CZ0,0.07,0.07hrs
15/07/2026 16:35:32,buy,0.01,NZDCAD,0.81929,15/07/2026 16:39:55,0.81938,-0.05,0.00,0.90,0.01,0.01,0.90,0.00,0.00,1,Dragon Wave_BZ0,0.07,0.07hrs
15/07/2026 16:38:48,buy,0.01,NZDJPY,94.53100,15/07/2026 16:39:41,94.54700,-0.05,0.00,1.60,0.05,0.05,1.60,0.00,0.00,1,Dragon Wave_CZ0,0.01,0.01hrs
15/07/2026 16:37:20,buy,0.01,XAGUSD,58.39200,15/07/2026 16:38:11,58.41100,-0.11,0.00,190.00,0.84,0.84,190.00,0.00,0.00,1,Dragon Wave_AZ0,0.01,0.01hrs
15/07/2026 16:35:15,buy,0.01,XAGUSD,58.44400,15/07/2026 16:36:48,58.46900,-0.11,0.00,250.00,1.14,1.14,250.00,0.00,0.00,1,Dragon Wave_AZ0,0.03,0.03hrs
15/07/2026 16:36:13,buy,0.01,AUDJPY,113.47500,15/07/2026 16:36:40,113.48400,-0.05,0.00,0.90,0.01,0.01,0.90,0.00,0.00,1,Dragon Wave_AZ0,0.01,0.01hrs
15/07/2026 16:30:30,buy,0.01,CADCHF,0.57543,15/07/2026 16:36:37,0.57540,-0.05,0.00,-0.30,-0.09,0.00,0.00,-0.09,-0.30,1,Dragon Wave_CZ0,0.10,0.10hrs
15/07/2026 16:32:35,buy,0.02,CADCHF,0.57530,15/07/2026 16:36:36,0.57540,-0.10,0.00,1.00,0.14,0.14,1.00,0.00,0.00,1,Dragon Wave_CZ1,0.07,0.07hrs
15/07/2026 16:34:22,buy,0.01,XAUUSD,4060.01000,15/07/2026 16:36:22,4061.10000,-0.15,0.00,10.90,0.94,0.94,10.90,0.00,0.00,1,Dragon Wave_AZ0,0.03,0.03hrs
15/07/2026 16:35:23,buy,0.01,CADCHF,0.57531,15/07/2026 16:35:36,0.57537,-0.05,0.00,0.60,0.03,0.03,0.60,0.00,0.00,1,Dragon Wave_AZ0,0.00,0.00hrs
15/07/2026 16:27:33,buy,0.01,AUDJPY,113.45800,15/07/2026 16:33:37,113.48000,-0.05,0.00,2.20,0.08,0.08,2.20,-0.01,0.00,1,Dragon Wave_CZ0,0.10,0.10hrs
15/07/2026 16:27:03,buy,0.02,CADJPY,115.40500,15/07/2026 16:33:09,115.41500,-0.10,0.00,1.00,0.03,0.03,1.00,-0.31,-1.70,1,Dragon Wave_AZ1,0.10,0.10hrs
15/07/2026 16:24:30,buy,0.01,CADJPY,115.41300,15/07/2026 16:33:09,115.41500,-0.05,0.00,0.20,-0.04,0.00,0.20,-0.20,-2.50,1,Dragon Wave_AZ0,0.14,0.14hrs
15/07/2026 16:26:41,buy,0.01,AUDJPY,113.47600,15/07/2026 16:32:38,113.48400,-0.05,0.00,0.00,0.00,0.00,0.00,-0.19,-2.30,1,Dragon Wave_BZ0,0.10,0.10hrs
15/07/2026 16:27:00,buy,0.02,AUDJPY,113.47300,15/07/2026 16:32:37,113.48500,-0.10,0.00,1.20,0.05,0.05,1.20,-0.35,-2.00,1,Dragon Wave_AZ1,0.09,0.09hrs
15/07/2026 16:26:28,buy,0.01,AUDJPY,113.48200,15/07/2026 16:32:37,113.48500,-0.05,0.00,0.30,-0.04,0.00,0.30,-0.23,-2.90,1,Dragon Wave_AZ0,0.10,0.10hrs
15/07/2026 16:26:33,buy,0.01,NZDJPY,94.57400,15/07/2026 16:32:33,94.57600,-0.05,0.00,0.20,-0.03,0.00,0.20,-0.25,-3.20,1,Dragon Wave_BZ0,0.10,0.10hrs
15/07/2026 16:27:23,buy,0.02,NZDJPY,94.55800,15/07/2026 16:32:32,94.57600,-0.10,0.00,1.80,0.13,0.13,1.80,-0.30,-1.60,1,Dragon Wave_BZ1,0.09,0.09hrs
15/07/2026 16:30:19,buy,0.01,CADJPY,115.38900,15/07/2026 16:32:19,115.40600,-0.05,0.00,1.70,0.06,0.06,1.70,0.00,0.00,1,Dragon Wave_CZ0,0.03,0.03hrs
15/07/2026 16:27:46,buy,0.01,NZDUSD,0.58275,15/07/2026 16:31:42,0.58286,-0.05,0.00,1.10,0.06,0.06,1.10,-0.16,-1.10,1,Dragon Wave_CZ0,0.07,0.07hrs
15/07/2026 16:27:40,buy,0.01,AUDUSD,0.69927,15/07/2026 16:31:42,0.69934,-0.05,0.00,0.70,0.02,0.02,0.70,-0.11,-0.60,1,Dragon Wave_CZ0,0.07,0.07hrs
15/07/2026 16:26:33,buy,0.01,GBPJPY,217.83800,15/07/2026 16:31:36,217.85700,-0.05,0.00,1.90,0.07,0.07,1.90,-0.25,-3.20,1,Dragon Wave_BZ0,0.08,0.08hrs
15/07/2026 16:25:55,buy,0.01,XAUUSD,4058.67000,15/07/2026 16:30:59,4060.18000,-0.15,0.00,15.10,1.36,1.36,15.10,-3.78,-36.30,1,Dragon Wave_CZ0,0.08,0.08hrs
15/07/2026 16:25:53,buy,0.01,XAUUSD,4058.52000,15/07/2026 16:30:48,4059.41000,-0.15,0.00,8.90,0.74,0.74,8.90,-3.63,-34.80,1,Dragon Wave_BZ0,0.08,0.08hrs
15/07/2026 16:27:09,buy,0.02,XAUUSD,4056.05000,15/07/2026 16:30:45,4059.15000,-0.29,0.00,31.00,5.91,5.91,31.00,-2.31,-10.10,1,Dragon Wave_AZ1,0.06,0.06hrs
15/07/2026 16:25:35,buy,0.01,XAUUSD,4058.97000,15/07/2026 16:30:45,4058.99000,-0.15,0.00,0.20,-0.13,0.00,0.20,-4.08,-39.30,1,Dragon Wave_AZ0,0.09,0.09hrs
15/07/2026 16:25:40,buy,0.02,XAGUSD,58.36600,15/07/2026 16:30:43,58.45600,-0.21,0.00,900.00,8.79,8.79,900.00,-10.61,-1040.00,1,Dragon Wave_BZ1,0.08,0.08hrs
15/07/2026 16:11:07,buy,0.01,XAGUSD,58.53100,15/07/2026 16:30:43,58.45600,-0.11,0.00,-750.00,-3.86,0.00,0.00,-13.56,-2690.00,1,Dragon Wave_BZ0,0.33,0.33hrs
15/07/2026 16:27:17,buy,0.03,XAGUSD,58.28900,15/07/2026 16:30:16,58.39200,-0.31,0.00,1030.00,15.14,15.14,1030.00,-4.36,-270.00,1,Dragon Wave_AZ2,0.05,0.05hrs
15/07/2026 16:24:01,buy,0.02,XAGUSD,58.42800,15/07/2026 16:30:16,58.39200,-0.21,0.00,-360.00,-3.81,0.00,0.00,-16.81,-1660.00,1,Dragon Wave_AZ1,0.10,0.10hrs
15/07/2026 16:10:33,buy,0.01,XAGUSD,58.56900,15/07/2026 16:30:16,58.39400,-0.11,0.00,-1750.00,-8.86,0.00,0.00,-15.46,-3070.00,1,Dragon Wave_AZ0,0.33,0.33hrs
15/07/2026 16:26:44,buy,0.01,GBPUSD,1.34247,15/07/2026 16:30:12,1.34254,-0.05,0.00,0.70,0.02,0.02,0.70,-0.23,-1.80,1,Dragon Wave_CZ0,0.06,0.06hrs
15/07/2026 16:23:50,buy,0.01,GBPUSD,1.34267,15/07/2026 16:30:08,1.34251,-0.05,0.00,-1.60,-0.21,0.00,0.00,-0.43,-3.80,1,Dragon Wave_BZ0,0.10,0.10hrs
15/07/2026 16:27:28,buy,0.02,GBPUSD,1.34224,15/07/2026 16:30:07,1.34251,-0.10,0.00,2.70,0.44,0.44,2.70,0.00,0.00,1,Dragon Wave_BZ1,0.04,0.04hrs
15/07/2026 16:25:53,buy,0.01,XAGUSD,58.34900,15/07/2026 16:30:06,58.39300,-0.11,0.00,440.00,2.09,2.09,440.00,-4.46,-870.00,1,Dragon Wave_CZ0,0.07,0.07hrs
15/07/2026 16:27:14,buy,0.02,GBPUSD,1.34230,15/07/2026 16:28:48,1.34246,-0.10,0.00,1.60,0.22,0.22,1.60,-0.12,-0.10,1,Dragon Wave_AZ1,0.03,0.03hrs
15/07/2026 16:26:22,buy,0.01,GBPUSD,1.34253,15/07/2026 16:28:48,1.34246,-0.05,0.00,-0.70,-0.12,0.00,0.00,-0.29,-2.40,1,Dragon Wave_AZ0,0.04,0.04hrs
15/07/2026 16:27:30,buy,0.01,NZDCAD,0.81928,15/07/2026 16:28:44,0.81940,-0.05,0.00,1.20,0.04,0.04,1.20,0.00,0.00,1,Dragon Wave_CZ0,0.02,0.02hrs
15/07/2026 16:27:38,buy,0.01,NZDCHF,0.47154,15/07/2026 16:28:31,0.47158,-0.05,0.00,0.00,0.00,0.00,0.00,0.00,0.00,1,Dragon Wave_AZ0,0.01,0.01hrs
15/07/2026 15:32:17,buy,0.01,USDCHF,0.81032,15/07/2026 16:27:35,0.80918,-0.05,0.00,-11.40,-1.46,0.00,0.00,-2.10,-16.60,1,Dragon Wave_CZ0,0.92,0.92hrs
15/07/2026 15:58:34,buy,0.03,USDCHF,0.80901,15/07/2026 16:27:34,0.80918,-0.15,0.00,1.70,0.48,0.55,1.90,-1.45,-3.50,1,Dragon Wave_CZ2,0.48,0.48hrs
15/07/2026 15:44:13,buy,0.02,USDCHF,0.80965,15/07/2026 16:27:34,0.80918,-0.10,0.00,-4.70,-1.26,0.00,0.00,-2.55,-9.90,1,Dragon Wave_CZ1,0.72,0.72hrs
15/07/2026 16:08:22,buy,0.04,USDCHF,0.80865,15/07/2026 16:27:33,0.80917,-0.20,0.00,5.20,2.37,2.52,5.50,-0.15,0.00,1,Dragon Wave_CZ3,0.32,0.32hrs
15/07/2026 16:24:23,buy,0.01,CADCHF,0.57546,15/07/2026 16:25:27,0.57550,-0.05,0.00,0.00,0.00,0.00,0.00,0.00,0.00,1,Dragon Wave_BZ0,0.02,0.02hrs
15/07/2026 16:21:32,buy,0.01,EURCAD,1.60617,15/07/2026 16:24:47,1.60632,-0.05,0.00,1.50,0.06,0.06,1.50,0.00,0.00,1,Dragon Wave_BZ0,0.05,0.05hrs
15/07/2026 16:17:24,buy,0.01,CADCHF,0.57548,15/07/2026 16:23:14,0.57554,-0.05,0.00,0.60,0.03,0.03,0.60,-0.07,-0.20,1,Dragon Wave_BZ0,0.10,0.10hrs
15/07/2026 16:19:08,buy,0.02,USDJPY,162.21100,15/07/2026 16:23:11,162.22600,-0.10,0.00,1.50,0.08,0.08,1.50,-0.01,0.00,1,Dragon Wave_AZ1,0.07,0.07hrs
15/07/2026 16:18:33,buy,0.01,USDJPY,162.22300,15/07/2026 16:23:11,162.22900,-0.05,0.00,0.60,-0.01,0.00,0.60,-0.08,-0.50,1,Dragon Wave_AZ0,0.08,0.08hrs
15/07/2026 16:12:35,buy,0.02,NZDCAD,0.81940,15/07/2026 16:19:43,0.81954,-0.10,0.00,1.40,0.10,0.10,1.40,-0.21,-0.80,1,Dragon Wave_BZ1,0.12,0.12hrs
15/07/2026 16:10:49,buy,0.01,NZDCAD,0.81957,15/07/2026 16:19:43,0.81954,-0.05,0.00,-0.30,-0.07,0.00,0.00,-0.23,-2.50,1,Dragon Wave_BZ0,0.15,0.15hrs
15/07/2026 16:10:57,buy,0.01,XAUUSD,4065.24000,15/07/2026 16:19:41,4065.79000,-0.15,0.00,5.50,0.40,0.40,5.50,-3.26,-31.10,1,Dragon Wave_CZ0,0.15,0.15hrs
15/07/2026 16:10:43,buy,0.01,XAUUSD,4064.55000,15/07/2026 16:19:19,4065.54000,-0.15,0.00,9.90,0.84,0.84,9.90,-2.57,-24.20,1,Dragon Wave_BZ0,0.14,0.14hrs
15/07/2026 16:09:33,buy,0.01,NZDCAD,0.81971,15/07/2026 16:18:59,0.81949,-0.05,0.00,-2.20,-0.21,0.00,0.00,-0.33,-3.90,1,Dragon Wave_AZ0,0.16,0.16hrs
15/07/2026 16:12:23,buy,0.02,NZDCAD,0.81936,15/07/2026 16:18:58,0.81953,-0.10,0.00,1.70,0.15,0.15,1.70,-0.16,-0.40,1,Dragon Wave_AZ1,0.11,0.11hrs
15/07/2026 16:11:16,buy,0.01,AUDUSD,0.69956,15/07/2026 16:18:57,0.69964,-0.05,0.00,0.80,0.03,0.03,0.80,-0.17,-1.20,1,Dragon Wave_BZ0,0.13,0.13hrs
15/07/2026 16:10:43,buy,0.01,NZDUSD,0.58318,15/07/2026 16:18:57,0.58313,-0.05,0.00,-0.50,-0.10,0.00,0.00,-0.36,-3.10,1,Dragon Wave_BZ0,0.14,0.14hrs
15/07/2026 16:11:46,buy,0.02,NZDUSD,0.58302,15/07/2026 16:18:56,0.58314,-0.10,0.00,1.20,0.14,0.14,1.20,-0.40,-1.50,1,Dragon Wave_BZ1,0.12,0.12hrs
15/07/2026 16:14:30,buy,0.02,NZDUSD,0.58290,15/07/2026 16:18:37,0.58308,-0.10,0.00,1.80,0.26,0.26,1.80,-0.16,-0.30,1,Dragon Wave_CZ1,0.07,0.07hrs
15/07/2026 16:10:55,buy,0.01,NZDUSD,0.58312,15/07/2026 16:18:37,0.58308,-0.05,0.00,-0.40,-0.09,0.00,0.00,-0.30,-2.50,1,Dragon Wave_CZ0,0.13,0.13hrs
15/07/2026 16:11:07,buy,0.01,NZDCAD,0.81939,15/07/2026 16:18:30,0.81949,-0.05,0.00,1.00,0.03,0.03,1.00,-0.10,-0.70,1,Dragon Wave_CZ0,0.12,0.12hrs
15/07/2026 16:15:20,buy,0.01,NZDCHF,0.47155,15/07/2026 16:17:54,0.47159,-0.05,0.00,0.00,0.00,0.00,0.00,-0.06,-0.10,1,Dragon Wave_AZ0,0.04,0.04hrs
15/07/2026 16:15:11,buy,0.02,AUDUSD,0.69936,15/07/2026 16:17:50,0.69948,-0.10,0.00,1.20,0.14,0.14,1.20,0.00,0.00,1,Dragon Wave_AZ1,0.04,0.04hrs
15/07/2026 16:10:54,buy,0.01,AUDUSD,0.69956,15/07/2026 16:17:50,0.69948,-0.05,0.00,-0.80,-0.13,0.00,0.00,-0.17,-1.20,1,Dragon Wave_AZ0,0.12,0.12hrs
15/07/2026 16:11:12,buy,0.01,GBPUSD,1.34281,15/07/2026 16:17:41,1.34310,-0.05,0.00,2.90,0.24,0.24,2.90,-0.02,0.00,1,Dragon Wave_AZ0,0.11,0.11hrs
15/07/2026 16:12:36,buy,0.01,NZDJPY,94.55700,15/07/2026 16:17:39,94.58700,-0.05,0.00,3.00,0.14,0.14,3.00,0.00,0.00,1,Dragon Wave_CZ0,0.08,0.08hrs
15/07/2026 16:12:37,buy,0.01,EURUSD,1.14286,15/07/2026 16:17:31,1.14297,-0.05,0.00,1.10,0.06,0.06,1.10,-0.09,-0.40,1,Dragon Wave_CZ0,0.08,0.08hrs
15/07/2026 16:10:23,buy,0.01,EURUSD,1.14299,15/07/2026 16:17:27,1.14299,-0.05,0.00,0.00,-0.05,0.00,0.00,-0.22,-1.70,1,Dragon Wave_BZ0,0.12,0.12hrs
15/07/2026 16:11:19,buy,0.02,EURUSD,1.14284,15/07/2026 16:17:26,1.14299,-0.10,0.00,1.50,0.20,0.20,1.50,-0.14,-0.20,1,Dragon Wave_BZ1,0.10,0.10hrs
15/07/2026 15:22:25,buy,0.01,USDCAD,1.40719,15/07/2026 16:16:45,1.40569,-0.05,0.00,-15.00,-1.12,0.00,0.00,-1.53,-20.80,1,Dragon Wave_BZ0,0.91,0.91hrs
15/07/2026 16:16:18,buy,0.01,EURUSD,1.14278,15/07/2026 16:16:44,1.14284,-0.05,0.00,0.60,0.01,0.01,0.60,0.00,0.00,1,Dragon Wave_AZ0,0.01,0.01hrs
15/07/2026 15:42:22,buy,0.04,USDCAD,1.40579,15/07/2026 16:16:44,1.40569,-0.20,0.00,-1.00,-0.48,0.00,0.00,-2.14,-6.80,1,Dragon Wave_BZ3,0.57,0.57hrs
15/07/2026 15:30:22,buy,0.03,USDCAD,1.40647,15/07/2026 16:16:44,1.40569,-0.15,0.00,-7.80,-1.81,0.00,0.00,-3.05,-13.60,1,Dragon Wave_BZ2,0.77,0.77hrs
15/07/2026 15:26:13,buy,0.02,USDCAD,1.40701,15/07/2026 16:16:44,1.40569,-0.10,0.00,-13.20,-1.98,0.00,0.00,-2.80,-19.00,1,Dragon Wave_BZ1,0.84,0.84hrs
15/07/2026 16:04:34,buy,0.11,USDCAD,1.40513,15/07/2026 16:16:43,1.40569,-0.55,0.00,5.60,3.83,3.83,5.60,-0.71,-0.20,1,Dragon Wave_BZ5,0.20,0.20hrs
15/07/2026 15:58:25,buy,0.07,USDCAD,1.40536,15/07/2026 16:16:43,1.40569,-0.35,0.00,3.30,1.29,1.29,3.30,-1.60,-2.50,1,Dragon Wave_BZ4,0.30,0.30hrs
15/07/2026 16:11:29,buy,0.01,NZDJPY,94.56200,15/07/2026 16:15:57,94.57000,-0.05,0.00,0.00,0.00,0.00,0.00,0.00,0.00,1,Dragon Wave_BZ0,0.07,0.07hrs
15/07/2026 16:15:18,buy,0.01,AUDJPY,113.45300,15/07/2026 16:15:38,113.46700,-0.05,0.00,1.40,0.03,0.03,1.40,0.00,0.00,1,Dragon Wave_BZ0,0.01,0.01hrs
15/07/2026 16:11:52,buy,0.01,GBPUSD,1.34267,15/07/2026 16:15:34,1.34296,-0.05,0.00,2.90,0.24,0.24,2.90,0.00,0.00,1,Dragon Wave_CZ0,0.06,0.06hrs
15/07/2026 16:11:30,buy,0.01,GBPUSD,1.34272,15/07/2026 16:15:20,1.34296,-0.05,0.00,2.40,0.19,0.19,2.40,0.00,0.00,1,Dragon Wave_BZ0,0.06,0.06hrs
15/07/2026 15:42:20,buy,0.01,USDJPY,162.28400,15/07/2026 16:14:48,162.23700,-0.05,0.00,-4.70,-0.34,0.00,0.00,-0.81,-12.30,1,Dragon Wave_AZ0,0.54,0.54hrs
15/07/2026 15:58:20,buy,0.03,USDJPY,162.16900,15/07/2026 16:14:47,162.23600,-0.15,0.00,6.70,1.09,1.09,6.70,-0.30,-0.80,1,Dragon Wave_AZ2,0.27,0.27hrs
15/07/2026 15:43:13,buy,0.02,USDJPY,162.25300,15/07/2026 16:14:47,162.23700,-0.10,0.00,-1.60,-0.30,0.00,0.60,-1.24,-9.20,1,Dragon Wave_AZ1,0.53,0.53hrs
15/07/2026 15:46:15,buy,0.02,USDJPY,162.24100,15/07/2026 16:14:29,162.22200,-0.10,0.00,-1.90,-0.33,0.00,0.00,-1.09,-8.00,1,Dragon Wave_BZ1,0.47,0.47hrs
15/07/2026 15:30:27,buy,0.01,USDJPY,162.29700,15/07/2026 16:14:29,162.22100,-0.05,0.00,-7.60,-0.52,0.00,0.00,-0.89,-13.60,1,Dragon Wave_BZ0,0.73,0.73hrs
15/07/2026 15:58:27,buy,0.03,USDJPY,162.16400,15/07/2026 16:14:28,162.22200,-0.15,0.00,5.80,0.92,0.92,5.80,-0.21,-0.30,1,Dragon Wave_BZ2,0.27,0.27hrs
15/07/2026 16:08:41,buy,0.03,CADCHF,0.57538,15/07/2026 16:13:18,0.57560,-0.15,0.00,2.20,0.67,0.67,2.20,0.00,0.00,1,Dragon Wave_CZ2,0.08,0.08hrs
15/07/2026 15:58:36,buy,0.02,CADCHF,0.57565,15/07/2026 16:13:18,0.57558,-0.10,0.00,-0.70,-0.27,0.00,0.00,-0.27,-0.70,1,Dragon Wave_CZ1,0.24,0.24hrs
15/07/2026 15:46:53,buy,0.01,CADCHF,0.57592,15/07/2026 16:13:18,0.57558,-0.05,0.00,-3.40,-0.47,0.00,0.00,-0.47,-3.40,1,Dragon Wave_CZ0,0.44,0.44hrs
15/07/2026 16:11:41,buy,0.01,GBPCAD,1.88744,15/07/2026 16:13:17,1.88756,-0.05,0.00,1.20,0.04,0.04,1.20,0.00,0.00,1,Dragon Wave_BZ0,0.03,0.03hrs
15/07/2026 16:11:39,buy,0.01,GBPJPY,217.77600,15/07/2026 16:13:08,217.82400,-0.05,0.00,4.80,0.25,0.25,4.80,0.00,0.00,1,Dragon Wave_BZ0,0.02,0.02hrs
15/07/2026 16:12:10,buy,0.01,GBPAUD,1.91935,15/07/2026 16:13:01,1.91968,-0.05,0.00,3.30,0.18,0.18,3.30,0.00,0.00,1,Dragon Wave_AZ0,0.01,0.01hrs
15/07/2026 15:47:24,buy,0.02,USDJPY,162.22200,15/07/2026 16:11:58,162.20700,-0.10,0.00,-1.50,-0.28,0.00,0.20,-0.85,-6.10,1,Dragon Wave_CZ1,0.41,0.41hrs
15/07/2026 15:32:49,buy,0.01,USDJPY,162.29300,15/07/2026 16:11:58,162.20700,-0.05,0.00,-8.60,-0.58,0.00,0.00,-0.86,-13.20,1,Dragon Wave_CZ0,0.65,0.65hrs
15/07/2026 16:07:33,buy,0.03,USDJPY,162.14500,15/07/2026 16:11:57,162.20700,-0.15,0.00,6.20,1.00,1.00,6.20,0.00,0.00,1,Dragon Wave_CZ2,0.07,0.07hrs
15/07/2026 16:04:30,buy,0.02,CADCHF,0.57562,15/07/2026 16:11:12,0.57557,-0.10,0.00,-0.50,-0.22,0.00,0.00,-0.22,-0.50,1,Dragon Wave_AZ1,0.11,0.11hrs
15/07/2026 16:03:34,buy,0.01,CADCHF,0.57568,15/07/2026 16:11:12,0.57557,-0.05,0.00,-1.10,-0.19,0.00,0.00,-0.19,-1.10,1,Dragon Wave_AZ0,0.13,0.13hrs
15/07/2026 16:08:18,buy,0.03,CADCHF,0.57544,15/07/2026 16:11:11,0.57557,-0.15,0.00,1.30,0.33,0.33,1.30,0.00,0.00,1,Dragon Wave_AZ2,0.05,0.05hrs
15/07/2026 16:09:13,buy,0.02,NZDCHF,0.47165,15/07/2026 16:10:44,0.47173,-0.10,0.00,0.80,0.10,0.10,0.80,0.00,0.00,1,Dragon Wave_AZ1,0.03,0.03hrs
15/07/2026 16:08:29,buy,0.01,NZDCHF,0.47172,15/07/2026 16:10:44,0.47173,-0.05,0.00,0.10,-0.04,0.00,0.10,-0.04,0.00,1,Dragon Wave_AZ0,0.04,0.04hrs
15/07/2026 15:33:10,buy,0.03,GBPNZD,2.30231,15/07/2026 16:09:47,2.30312,-0.15,0.00,8.10,1.27,1.27,8.10,-0.50,-2.00,1,Dragon Wave_AZ2,0.61,0.61hrs
15/07/2026 15:32:15,buy,0.02,GBPNZD,2.30346,15/07/2026 16:09:47,2.30315,-0.10,0.00,-3.10,-0.46,0.00,0.00,-1.67,-13.50,1,Dragon Wave_AZ1,0.63,0.63hrs
15/07/2026 15:28:32,buy,0.01,GBPNZD,2.30404,15/07/2026 16:09:47,2.30316,-0.05,0.00,-8.80,-0.57,0.00,0.00,-1.18,-19.30,1,Dragon Wave_AZ0,0.69,0.69hrs
15/07/2026 16:07:42,buy,0.01,AUDJPY,113.46500,15/07/2026 16:08:58,113.47400,-0.05,0.00,0.90,0.01,0.01,0.90,0.00,0.00,1,Dragon Wave_BZ0,0.02,0.02hrs
15/07/2026 16:02:10,buy,0.02,USDCAD,1.40526,15/07/2026 16:07:35,1.40546,-0.10,0.00,2.00,0.18,0.18,2.00,-0.31,-1.50,1,Dragon Wave_AZ1,0.09,0.09hrs
15/07/2026 15:58:19,buy,0.01,USDCAD,1.40540,15/07/2026 16:07:35,1.40544,-0.05,0.00,0.40,-0.02,0.00,0.40,-0.26,-2.90,1,Dragon Wave_AZ0,0.15,0.15hrs
15/07/2026 16:04:46,buy,0.01,CADCHF,0.57559,15/07/2026 16:06:31,0.57564,-0.05,0.00,0.50,0.01,0.01,0.50,-0.06,-0.10,1,Dragon Wave_BZ0,0.03,0.03hrs
15/07/2026 15:58:24,buy,0.02,CADCHF,0.57569,15/07/2026 16:01:10,0.57577,-0.10,0.00,0.80,0.10,0.10,0.80,-0.25,-0.60,1,Dragon Wave_BZ1,0.05,0.05hrs
15/07/2026 15:57:45,buy,0.01,CADCHF,0.57576,15/07/2026 16:01:10,0.57577,-0.05,0.00,0.10,-0.04,0.00,0.10,-0.21,-1.30,1,Dragon Wave_BZ0,0.06,0.06hrs
15/07/2026 15:59:18,buy,0.01,CADJPY,115.37300,15/07/2026 15:59:28,115.39800,-0.05,0.00,2.50,0.11,0.11,2.50,0.00,0.00,1,Dragon Wave_BZ0,0.00,0.00hrs
15/07/2026 15:56:33,buy,0.01,GBPUSD,1.34231,15/07/2026 15:57:28,1.34239,-0.05,0.00,0.80,0.03,0.03,0.80,0.00,0.00,1,Dragon Wave_AZ0,0.02,0.02hrs
15/07/2026 15:56:20,buy,0.01,EURUSD,1.14244,15/07/2026 15:56:59,1.14259,-0.05,0.00,1.50,0.10,0.10,1.50,0.00,0.00,1,Dragon Wave_CZ0,0.01,0.01hrs
15/07/2026 15:46:05,buy,0.01,NZDCHF,0.47181,15/07/2026 15:56:21,0.47186,-0.05,0.00,0.50,0.01,0.01,0.50,-0.06,-0.10,1,Dragon Wave_BZ0,0.17,0.17hrs
15/07/2026 15:55:20,buy,0.01,XAGUSD,58.39500,15/07/2026 15:55:53,58.42700,-0.11,0.00,320.00,1.49,1.49,320.00,0.00,0.00,1,Dragon Wave_AZ0,0.01,0.01hrs
15/07/2026 15:53:00,buy,0.01,AUDJPY,113.43200,15/07/2026 15:54:43,113.44200,-0.05,0.00,1.00,0.01,0.01,1.00,-0.05,0.00,1,Dragon Wave_BZ0,0.03,0.03hrs
15/07/2026 15:47:42,buy,0.01,CADJPY,115.40900,15/07/2026 15:52:08,115.42400,-0.05,0.00,1.50,0.04,0.04,1.50,0.00,0.00,1,Dragon Wave_BZ0,0.07,0.07hrs
15/07/2026 15:47:22,buy,0.01,NZDCHF,0.47178,15/07/2026 15:51:59,0.47184,-0.05,0.00,0.60,0.03,0.03,0.60,-0.03,0.00,1,Dragon Wave_CZ0,0.08,0.08hrs
15/07/2026 15:46:36,buy,0.01,CADCHF,0.57596,15/07/2026 15:51:45,0.57591,-0.05,0.00,-0.50,-0.11,0.00,0.00,-0.22,-1.40,1,Dragon Wave_BZ0,0.09,0.09hrs
15/07/2026 15:49:07,buy,0.02,CADCHF,0.57577,15/07/2026 15:51:44,0.57591,-0.10,0.00,1.40,0.25,0.25,1.40,0.00,0.00,1,Dragon Wave_BZ1,0.04,0.04hrs
15/07/2026 15:47:26,buy,0.01,CADJPY,115.41500,15/07/2026 15:51:43,115.42000,-0.05,0.00,0.50,-0.02,0.00,0.50,-0.02,0.00,1,Dragon Wave_AZ0,0.07,0.07hrs
15/07/2026 15:43:44,buy,0.01,USDCAD,1.40552,15/07/2026 15:51:11,1.40570,-0.05,0.00,1.80,0.08,0.08,1.80,-0.07,-0.30,1,Dragon Wave_CZ0,0.12,0.12hrs
15/07/2026 15:47:40,buy,0.01,GBPJPY,217.72500,15/07/2026 15:50:30,217.75500,-0.05,0.00,3.00,0.14,0.17,3.60,0.00,0.00,1,Dragon Wave_AZ0,0.05,0.05hrs
15/07/2026 15:44:20,buy,0.01,GBPCAD,1.88590,15/07/2026 15:44:39,1.88612,-0.05,0.00,2.20,0.11,0.11,2.20,0.00,0.00,1,Dragon Wave_BZ0,0.01,0.01hrs
15/07/2026 15:42:36,buy,0.01,GBPCAD,1.88576,15/07/2026 15:43:20,1.88599,-0.05,0.00,2.30,0.11,0.11,2.30,0.00,0.00,1,Dragon Wave_CZ0,0.01,0.01hrs
15/07/2026 15:35:10,buy,0.01,EURUSD,1.14208,15/07/2026 15:42:50,1.14217,-0.05,0.00,0.90,0.04,0.04,0.90,-0.19,-1.40,1,Dragon Wave_AZ0,0.13,0.13hrs
15/07/2026 15:41:07,buy,0.02,CHFJPY,200.28400,15/07/2026 15:42:46,200.32600,-0.10,0.00,4.20,0.41,0.41,4.20,0.00,0.00,1,Dragon Wave_AZ1,0.03,0.03hrs
15/07/2026 15:38:13,buy,0.01,CHFJPY,200.30700,15/07/2026 15:42:46,200.32700,-0.05,0.00,2.00,0.08,0.08,2.00,-0.19,-2.30,1,Dragon Wave_AZ0,0.08,0.08hrs
15/07/2026 15:35:54,buy,0.01,NZDJPY,94.53100,15/07/2026 15:42:43,94.55000,-0.05,0.00,1.90,0.07,0.07,1.90,-0.04,0.00,1,Dragon Wave_AZ0,0.11,0.11hrs
15/07/2026 15:39:34,buy,0.01,EURJPY,185.31300,15/07/2026 15:42:30,185.35000,-0.05,0.00,3.70,0.18,0.18,3.70,0.00,0.00,1,Dragon Wave_CZ0,0.05,0.05hrs
15/07/2026 15:30:12,buy,0.01,CADCHF,0.57639,15/07/2026 15:42:08,0.57632,-0.05,0.00,-0.70,-0.13,0.00,0.00,-0.31,-2.10,1,Dragon Wave_AZ0,0.20,0.20hrs
15/07/2026 15:32:23,buy,0.02,CADCHF,0.57625,15/07/2026 15:42:07,0.57632,-0.10,0.00,0.70,0.07,0.07,0.70,-0.27,-0.70,1,Dragon Wave_AZ1,0.16,0.16hrs
15/07/2026 15:32:38,buy,0.02,GBPAUD,1.91911,15/07/2026 15:41:52,1.91938,-0.10,0.00,2.70,0.28,0.28,2.70,-0.63,-3.80,1,Dragon Wave_BZ1,0.15,0.15hrs
15/07/2026 15:31:41,buy,0.01,GBPAUD,1.91938,15/07/2026 15:41:52,1.91938,-0.05,0.00,0.00,-0.05,0.00,0.00,-0.50,-6.50,1,Dragon Wave_BZ0,0.17,0.17hrs
15/07/2026 15:36:35,buy,0.01,GBPJPY,217.68600,15/07/2026 15:41:39,217.70700,-0.05,0.00,2.10,0.08,0.08,2.10,-0.15,-1.60,1,Dragon Wave_AZ0,0.08,0.08hrs
15/07/2026 15:41:15,buy,0.01,GBPCAD,1.88583,15/07/2026 15:41:38,1.88594,-0.05,0.00,1.10,0.03,0.03,1.10,0.00,0.00,1,Dragon Wave_AZ0,0.01,0.01hrs
15/07/2026 15:40:12,buy,0.02,AUDJPY,113.42100,15/07/2026 15:41:38,113.43800,-0.10,0.00,1.70,0.11,0.11,1.70,0.00,0.00,1,Dragon Wave_AZ1,0.02,0.02hrs
15/07/2026 15:39:17,buy,0.01,AUDJPY,113.43100,15/07/2026 15:41:38,113.43900,-0.05,0.00,0.00,0.00,0.00,0.00,0.00,0.00,1,Dragon Wave_AZ0,0.04,0.04hrs
15/07/2026 15:32:42,buy,0.01,NZDCHF,0.47199,15/07/2026 15:41:35,0.47199,-0.05,0.00,0.00,-0.05,0.00,0.20,-0.10,-0.40,1,Dragon Wave_AZ0,0.15,0.15hrs
15/07/2026 15:35:14,buy,0.02,NZDCHF,0.47195,15/07/2026 15:41:34,0.47200,-0.10,0.00,0.50,0.02,0.02,0.50,-0.10,0.00,1,Dragon Wave_AZ1,0.11,0.11hrs
15/07/2026 15:37:02,buy,0.01,GBPJPY,217.66600,15/07/2026 15:41:10,217.68200,-0.05,0.00,1.60,0.04,0.04,1.60,-0.02,0.00,1,Dragon Wave_CZ0,0.07,0.07hrs
15/07/2026 15:31:41,buy,0.01,CADCHF,0.57637,15/07/2026 15:40:58,0.57629,-0.05,0.00,-0.80,-0.15,0.00,0.00,-0.28,-1.90,1,Dragon Wave_CZ0,0.15,0.15hrs
15/07/2026 15:32:35,buy,0.02,CADCHF,0.57618,15/07/2026 15:40:57,0.57628,-0.10,0.00,1.00,0.14,0.14,1.00,-0.10,0.00,1,Dragon Wave_CZ1,0.14,0.14hrs
15/07/2026 15:32:31,buy,0.02,CADCHF,0.57618,15/07/2026 15:40:50,0.57628,-0.10,0.00,1.00,0.14,0.14,1.00,-0.10,0.00,1,Dragon Wave_BZ1,0.14,0.14hrs
15/07/2026 15:30:23,buy,0.01,CADCHF,0.57632,15/07/2026 15:40:50,0.57628,-0.05,0.00,-0.40,-0.10,0.00,0.00,-0.22,-1.40,1,Dragon Wave_BZ0,0.17,0.17hrs
15/07/2026 15:32:46,buy,0.01,GBPAUD,1.91880,15/07/2026 15:39:52,1.91887,-0.05,0.00,0.00,0.00,0.00,0.00,-0.10,-0.70,1,Dragon Wave_CZ0,0.12,0.12hrs
15/07/2026 15:36:52,buy,0.02,NZDCHF,0.47186,15/07/2026 15:38:31,0.47195,-0.10,0.00,0.90,0.12,0.12,0.90,0.00,0.00,1,Dragon Wave_CZ1,0.03,0.03hrs
15/07/2026 15:33:06,buy,0.01,NZDCHF,0.47200,15/07/2026 15:38:31,0.47194,-0.05,0.00,-0.60,-0.13,0.00,0.10,-0.13,-0.60,1,Dragon Wave_CZ0,0.09,0.09hrs
15/07/2026 15:36:47,buy,0.01,NZDCHF,0.47185,15/07/2026 15:38:23,0.47193,-0.05,0.00,0.80,0.05,0.05,0.80,0.00,0.00,1,Dragon Wave_BZ0,0.03,0.03hrs
15/07/2026 15:36:47,buy,0.01,GBPCHF,1.08658,15/07/2026 15:38:08,1.08677,-0.05,0.00,1.90,0.18,0.18,1.90,0.00,0.00,1,Dragon Wave_AZ0,0.02,0.02hrs
15/07/2026 15:36:48,buy,0.01,GBPUSD,1.34125,15/07/2026 15:37:47,1.34132,-0.05,0.00,0.70,0.02,0.02,0.70,0.00,0.00,1,Dragon Wave_AZ0,0.02,0.02hrs
15/07/2026 15:30:15,buy,0.01,USDJPY,162.30500,15/07/2026 15:37:34,162.30200,-0.05,0.00,-0.30,-0.07,0.00,0.00,-0.20,-2.40,1,Dragon Wave_AZ0,0.12,0.12hrs
15/07/2026 15:33:08,buy,0.02,USDJPY,162.28300,15/07/2026 15:37:33,162.30200,-0.10,0.00,1.90,0.13,0.13,1.90,-0.12,-0.20,1,Dragon Wave_AZ1,0.07,0.07hrs
15/07/2026 15:36:20,buy,0.01,EURJPY,185.31600,15/07/2026 15:37:04,185.32800,-0.05,0.00,1.20,0.02,0.02,1.20,0.00,0.00,1,Dragon Wave_AZ0,0.01,0.01hrs
15/07/2026 15:33:10,buy,0.02,USDCAD,1.40622,15/07/2026 15:36:50,1.40639,-0.10,0.00,1.70,0.14,0.14,1.70,-0.23,-0.90,1,Dragon Wave_AZ1,0.06,0.06hrs
15/07/2026 15:30:15,buy,0.01,USDCAD,1.40650,15/07/2026 15:36:50,1.40639,-0.05,0.00,-1.10,-0.13,0.00,0.00,-0.31,-3.70,1,Dragon Wave_AZ0,0.11,0.11hrs
15/07/2026 15:32:03,buy,0.01,USDCAD,1.40631,15/07/2026 15:36:20,1.40641,-0.05,0.00,1.00,0.02,0.02,1.00,-0.18,-1.80,1,Dragon Wave_CZ0,0.07,0.07hrs
15/07/2026 15:34:07,buy,0.02,EURAUD,1.63364,15/07/2026 15:34:49,1.63386,-0.10,0.00,2.20,0.20,0.20,2.20,0.00,0.00,1,Dragon Wave_BZ1,0.01,0.01hrs
15/07/2026 15:30:06,buy,0.01,EURAUD,1.63397,15/07/2026 15:34:49,1.63386,-0.05,0.00,-1.10,-0.12,0.00,0.00,-0.20,-2.20,1,Dragon Wave_BZ0,0.08,0.08hrs
15/07/2026 09:46:23,buy,0.03,EURJPY,185.44000,15/07/2026 15:31:59,185.36300,-0.15,0.00,-7.70,-1.57,0.00,0.00,-3.77,-19.60,1,Dragon Wave_CZ2,5.76,5.76hrs
15/07/2026 09:43:13,buy,0.02,EURJPY,185.48000,15/07/2026 15:31:59,185.36800,-0.10,0.00,-11.20,-1.48,0.00,0.00,-3.01,-23.60,1,Dragon Wave_CZ1,5.81,5.81hrs
15/07/2026 09:40:30,buy,0.01,EURJPY,185.52300,15/07/2026 15:31:59,185.37100,-0.05,0.00,-15.20,-0.99,0.00,0.00,-1.77,-27.90,1,Dragon Wave_CZ0,5.86,5.86hrs
15/07/2026 14:55:28,buy,0.07,EURJPY,185.26900,15/07/2026 15:31:58,185.36300,-0.35,0.00,9.40,3.71,3.71,9.40,-1.43,-2.50,1,Dragon Wave_CZ4,0.61,0.61hrs
15/07/2026 13:58:32,buy,0.04,EURJPY,185.31900,15/07/2026 15:31:58,185.36300,-0.20,0.00,4.40,0.88,1.52,7.00,-2.05,-7.50,1,Dragon Wave_CZ3,1.56,1.56hrs
15/07/2026 09:43:17,buy,0.01,EURUSD,1.14383,15/07/2026 15:30:29,1.14181,-0.05,0.00,-20.20,-2.07,0.00,0.00,-3.10,-30.50,1,Dragon Wave_CZ0,5.79,5.79hrs
15/07/2026 09:55:32,buy,0.03,EURUSD,1.14356,15/07/2026 15:30:28,1.14181,-0.15,0.00,-17.50,-5.40,0.00,0.00,-8.49,-27.80,1,Dragon Wave_CZ2,5.58,5.58hrs
15/07/2026 09:48:35,buy,0.02,EURUSD,1.14368,15/07/2026 15:30:28,1.14181,-0.10,0.00,-18.70,-3.84,0.00,0.00,-5.90,-29.00,1,Dragon Wave_CZ1,5.70,5.70hrs
15/07/2026 15:25:45,buy,0.01,XAGUSD,57.94100,15/07/2026 15:30:27,58.26500,-0.10,0.00,3240.00,16.10,16.10,3240.00,-7.40,-1460.00,1,Dragon Wave_CZ0,0.08,0.08hrs
15/07/2026 12:56:32,buy,0.11,EURUSD,1.14178,15/07/2026 15:30:27,1.14188,-0.55,0.00,1.00,0.55,0.55,1.00,-11.55,-10.00,1,Dragon Wave_CZ5,2.57,2.57hrs
15/07/2026 10:23:11,buy,0.07,EURUSD,1.14244,15/07/2026 15:30:27,1.14184,-0.35,0.00,-6.00,-4.55,0.84,1.70,-11.97,-16.60,1,Dragon Wave_CZ4,5.12,5.12hrs
15/07/2026 09:58:24,buy,0.04,EURUSD,1.14302,15/07/2026 15:30:27,1.14183,-0.20,0.00,-11.90,-4.96,0.24,1.10,-9.16,-22.40,1,Dragon Wave_CZ3,5.53,5.53hrs
15/07/2026 15:07:45,buy,0.29,EURUSD,1.14086,15/07/2026 15:30:26,1.14194,-1.45,0.00,10.80,29.87,29.87,10.80,-3.77,-0.80,1,Dragon Wave_CZ7,0.38,0.38hrs
15/07/2026 13:25:38,buy,0.18,EURUSD,1.14124,15/07/2026 15:30:26,1.14197,-0.90,0.00,7.30,12.24,12.24,7.30,-9.18,-4.60,1,Dragon Wave_CZ6,2.08,2.08hrs
15/07/2026 15:21:07,buy,0.02,AUDCAD,0.98273,15/07/2026 15:30:16,0.98310,-0.10,0.00,3.70,0.43,0.43,3.70,-0.53,-3.00,1,Dragon Wave_BZ1,0.15,0.15hrs
15/07/2026 15:18:19,buy,0.01,AUDCAD,0.98280,15/07/2026 15:30:16,0.98307,-0.05,0.00,2.70,0.14,0.14,2.70,-0.31,-3.70,1,Dragon Wave_BZ0,0.20,0.20hrs
15/07/2026 15:28:15,buy,0.03,AUDCAD,0.98243,15/07/2026 15:30:15,0.98307,-0.15,0.00,6.40,1.22,1.22,6.40,-0.15,0.00,1,Dragon Wave_BZ2,0.03,0.03hrs
15/07/2026 15:04:07,buy,0.02,NZDUSD,0.58191,15/07/2026 15:29:56,0.58201,-0.10,0.00,1.00,0.10,0.10,1.00,-0.54,-2.20,1,Dragon Wave_AZ1,0.43,0.43hrs
15/07/2026 15:01:29,buy,0.01,NZDUSD,0.58199,15/07/2026 15:29:56,0.58201,-0.05,0.00,0.20,-0.03,0.00,0.20,-0.35,-3.00,1,Dragon Wave_AZ0,0.47,0.47hrs
15/07/2026 15:27:38,buy,0.01,GBPCAD,1.88619,15/07/2026 15:29:42,1.88633,-0.05,0.00,1.40,0.05,0.05,1.40,-0.01,0.00,1,Dragon Wave_AZ0,0.03,0.03hrs
15/07/2026 15:19:32,buy,0.01,GBPUSD,1.34081,15/07/2026 15:29:37,1.34087,-0.05,0.00,0.60,0.01,0.01,0.60,-0.16,-1.10,1,Dragon Wave_AZ0,0.17,0.17hrs
15/07/2026 15:28:19,buy,0.01,AUDJPY,113.38800,15/07/2026 15:29:26,113.40100,-0.05,0.00,1.30,0.03,0.03,1.30,-0.06,-0.10,1,Dragon Wave_AZ0,0.02,0.02hrs
15/07/2026 15:28:40,buy,0.01,GBPJPY,217.68100,15/07/2026 15:28:53,217.69000,-0.05,0.00,0.90,0.01,0.01,0.90,0.00,0.00,1,Dragon Wave_AZ0,0.00,0.00hrs
15/07/2026 15:24:54,buy,0.01,XAUUSD,4038.77000,15/07/2026 15:28:47,4038.80000,-0.15,0.00,0.30,-0.12,0.00,0.30,-1.51,-13.60,1,Dragon Wave_BZ0,0.06,0.06hrs
15/07/2026 15:25:43,buy,0.01,NZDCHF,0.47199,15/07/2026 15:28:44,0.47203,-0.05,0.00,0.00,0.00,0.00,0.20,-0.03,0.00,1,Dragon Wave_AZ0,0.05,0.05hrs
15/07/2026 15:28:05,buy,0.02,NZDCHF,0.47195,15/07/2026 15:28:43,0.47203,-0.10,0.00,0.80,0.10,0.10,0.80,0.00,0.00,1,Dragon Wave_AZ1,0.01,0.01hrs
15/07/2026 15:25:44,buy,0.01,XAUUSD,4038.52000,15/07/2026 15:26:33,4038.81000,-0.15,0.00,2.90,0.14,0.14,2.90,0.00,0.00,1,Dragon Wave_AZ0,0.01,0.01hrs
15/07/2026 14:50:46,buy,0.01,EURCAD,1.60574,15/07/2026 15:25:54,1.60599,-0.05,0.00,2.50,0.13,0.13,2.50,-0.41,-5.10,1,Dragon Wave_CZ0,0.59,0.59hrs
15/07/2026 15:25:23,buy,0.01,NZDCAD,0.81871,15/07/2026 15:25:45,0.81875,-0.05,0.00,0.40,-0.03,0.00,0.40,-0.03,0.00,1,Dragon Wave_AZ0,0.01,0.01hrs
15/07/2026 14:50:14,buy,0.02,EURCAD,1.60577,15/07/2026 15:25:15,1.60600,-0.10,0.00,2.30,0.23,0.23,2.30,-0.87,-5.40,1,Dragon Wave_AZ1,0.58,0.58hrs
15/07/2026 14:47:11,buy,0.01,EURCAD,1.60622,15/07/2026 15:25:15,1.60600,-0.05,0.00,-2.20,-0.21,0.00,0.00,-0.75,-9.90,1,Dragon Wave_AZ0,0.63,0.63hrs
15/07/2026 15:22:15,buy,0.01,NZDCAD,0.81870,15/07/2026 15:25:07,0.81878,-0.05,0.00,0.80,0.01,0.01,0.80,0.00,0.00,1,Dragon Wave_BZ0,0.05,0.05hrs
15/07/2026 15:24:41,buy,0.01,NZDCAD,0.81869,15/07/2026 15:25:01,0.81884,-0.05,0.00,1.50,0.06,0.06,1.50,0.00,0.00,1,Dragon Wave_AZ0,0.01,0.01hrs
15/07/2026 15:19:27,buy,0.01,AUDJPY,113.38900,15/07/2026 15:24:17,113.40600,-0.05,0.00,1.70,0.05,0.05,1.70,-0.08,-0.50,1,Dragon Wave_CZ0,0.08,0.08hrs
15/07/2026 14:50:29,buy,0.02,EURJPY,185.29700,15/07/2026 15:22:51,185.28400,-0.10,0.00,-1.30,-0.26,0.00,0.00,-0.75,-5.30,1,Dragon Wave_BZ1,0.54,0.54hrs
15/07/2026 14:44:10,buy,0.01,EURJPY,185.33300,15/07/2026 15:22:51,185.28400,-0.05,0.00,-4.90,-0.35,0.00,0.00,-0.60,-8.90,1,Dragon Wave_BZ0,0.64,0.64hrs
15/07/2026 15:09:48,buy,0.03,EURJPY,185.23000,15/07/2026 15:22:50,185.28500,-0.15,0.00,5.50,0.86,0.86,5.50,0.00,0.00,1,Dragon Wave_BZ2,0.22,0.22hrs
15/07/2026 15:21:46,buy,0.01,XAUUSD,4038.84000,15/07/2026 15:22:49,4039.86000,-0.15,0.00,10.20,0.87,0.87,10.20,0.00,0.00,1,Dragon Wave_AZ0,0.02,0.02hrs
15/07/2026 15:18:21,buy,0.01,AUDJPY,113.39000,15/07/2026 15:22:48,113.40300,-0.05,0.00,1.30,0.03,0.03,1.30,-0.09,-0.60,1,Dragon Wave_AZ0,0.07,0.07hrs
15/07/2026 15:21:21,buy,0.01,GBPUSD,1.34065,15/07/2026 15:22:31,1.34083,-0.05,0.00,1.80,0.13,0.13,1.80,0.00,0.00,1,Dragon Wave_BZ0,0.02,0.02hrs
15/07/2026 15:04:27,buy,0.01,EURUSD,1.14116,15/07/2026 15:22:19,1.14112,-0.05,0.00,-0.40,-0.09,0.00,0.00,-0.43,-3.80,1,Dragon Wave_BZ0,0.30,0.30hrs
15/07/2026 15:05:25,buy,0.02,EURUSD,1.14092,15/07/2026 15:22:18,1.14112,-0.10,0.00,2.00,0.30,0.30,2.00,-0.38,-1.40,1,Dragon Wave_BZ1,0.28,0.28hrs
15/07/2026 15:10:28,buy,0.02,EURAUD,1.63348,15/07/2026 15:22:02,1.63373,-0.10,0.00,2.50,0.25,0.30,2.90,-0.11,-0.10,1,Dragon Wave_BZ1,0.19,0.19hrs
15/07/2026 14:50:33,buy,0.01,EURAUD,1.63398,15/07/2026 15:22:02,1.63374,-0.05,0.00,-2.40,-0.22,0.00,0.00,-0.45,-5.70,1,Dragon Wave_BZ0,0.52,0.52hrs
15/07/2026 15:20:02,buy,0.02,NZDCAD,0.81870,15/07/2026 15:21:54,0.81880,-0.10,0.00,1.00,0.05,0.05,1.00,-0.10,0.00,1,Dragon Wave_AZ1,0.03,0.03hrs
15/07/2026 15:19:19,buy,0.01,NZDCAD,0.81876,15/07/2026 15:21:54,0.81880,-0.05,0.00,0.40,-0.02,0.00,0.40,-0.09,-0.60,1,Dragon Wave_AZ0,0.04,0.04hrs
15/07/2026 15:15:39,buy,0.01,USDJPY,162.36300,15/07/2026 15:21:24,162.37900,-0.05,0.00,1.60,0.05,0.05,1.60,-0.06,-0.20,1,Dragon Wave_CZ0,0.10,0.10hrs
15/07/2026 15:14:57,buy,0.01,CADCHF,0.57641,15/07/2026 15:16:45,0.57647,-0.05,0.00,0.60,0.02,0.02,0.60,-0.07,-0.20,1,Dragon Wave_AZ0,0.03,0.03hrs
15/07/2026 15:09:47,buy,0.01,CADJPY,115.37700,15/07/2026 15:16:42,115.37800,-0.05,0.00,0.10,-0.05,0.00,0.10,-0.12,-1.20,1,Dragon Wave_CZ0,0.12,0.12hrs
15/07/2026 15:12:31,buy,0.02,CADJPY,115.36300,15/07/2026 15:16:41,115.37800,-0.10,0.00,1.50,0.09,0.09,1.50,-0.08,0.00,1,Dragon Wave_CZ1,0.07,0.07hrs
15/07/2026 15:05:34,buy,0.01,AUDUSD,0.69834,15/07/2026 15:16:01,0.69843,-0.05,0.00,0.90,0.04,0.04,0.90,-0.13,-0.80,1,Dragon Wave_CZ0,0.17,0.17hrs
15/07/2026 15:05:08,buy,0.01,XAGUSD,58.17100,15/07/2026 15:15:42,58.15300,-0.10,0.00,-180.00,-1.00,0.00,0.00,-6.80,-1340.00,1,Dragon Wave_AZ0,0.18,0.18hrs
15/07/2026 15:06:05,buy,0.02,XAGUSD,58.12600,15/07/2026 15:15:41,58.15300,-0.21,0.00,270.00,2.49,2.49,270.00,-9.11,-890.00,1,Dragon Wave_AZ1,0.16,0.16hrs
15/07/2026 15:08:37,buy,0.02,XAGUSD,58.10000,15/07/2026 15:15:26,58.14300,-0.21,0.00,430.00,4.09,4.09,430.00,-6.51,-630.00,1,Dragon Wave_BZ1,0.11,0.11hrs
15/07/2026 15:05:27,buy,0.01,XAGUSD,58.14400,15/07/2026 15:15:26,58.14500,-0.10,0.00,10.00,-0.05,0.00,10.00,-5.45,-1070.00,1,Dragon Wave_BZ0,0.17,0.17hrs
15/07/2026 15:13:17,buy,0.01,XAUUSD,4036.20000,15/07/2026 15:15:01,4038.39000,-0.15,0.00,21.90,2.04,2.04,21.90,-0.15,0.00,1,Dragon Wave_BZ0,0.03,0.03hrs
15/07/2026 15:06:01,buy,0.03,GBPUSD,1.34052,15/07/2026 15:13:59,1.34078,-0.15,0.00,2.60,0.63,0.63,2.60,-0.30,-0.50,1,Dragon Wave_AZ2,0.13,0.13hrs
15/07/2026 15:05:14,buy,0.02,GBPUSD,1.34078,15/07/2026 15:13:59,1.34077,-0.10,0.00,-0.10,-0.12,0.00,0.00,-0.72,-3.10,1,Dragon Wave_AZ1,0.15,0.15hrs
15/07/2026 15:04:16,buy,0.01,GBPUSD,1.34102,15/07/2026 15:13:59,1.34077,-0.05,0.00,-2.50,-0.30,0.00,0.00,-0.60,-5.50,1,Dragon Wave_AZ0,0.16,0.16hrs
15/07/2026 15:13:07,buy,0.01,XAUUSD,4036.89000,15/07/2026 15:13:44,4037.37000,-0.15,0.00,4.80,0.33,0.33,4.80,-0.84,-6.90,1,Dragon Wave_AZ0,0.01,0.01hrs
15/07/2026 15:05:39,buy,0.01,GBPJPY,217.67400,15/07/2026 15:13:42,217.70400,-0.05,0.00,3.00,0.13,0.13,3.00,-0.15,-1.60,1,Dragon Wave_CZ0,0.13,0.13hrs
15/07/2026 15:08:41,buy,0.01,XAGUSD,58.08900,15/07/2026 15:12:25,58.10100,-0.10,0.00,120.00,0.50,0.50,120.00,0.00,0.00,1,Dragon Wave_CZ0,0.06,0.06hrs
15/07/2026 15:07:20,buy,0.01,GBPNZD,2.30412,15/07/2026 15:11:58,2.30441,-0.05,0.00,2.90,0.11,0.11,2.90,-0.13,-1.30,1,Dragon Wave_BZ0,0.08,0.08hrs
15/07/2026 15:05:42,buy,0.01,GBPUSD,1.34051,15/07/2026 15:10:42,1.34067,-0.05,0.00,1.60,0.11,0.11,1.60,-0.09,-0.40,1,Dragon Wave_CZ0,0.08,0.08hrs
15/07/2026 15:08:36,buy,0.01,AUDJPY,113.38900,15/07/2026 15:10:41,113.40100,-0.05,0.00,1.20,0.02,0.02,1.20,0.00,0.00,1,Dragon Wave_CZ0,0.03,0.03hrs
15/07/2026 15:05:35,buy,0.01,AUDJPY,113.39100,15/07/2026 15:10:39,113.40000,-0.05,0.00,0.00,0.00,0.00,0.10,-0.04,0.00,1,Dragon Wave_BZ0,0.08,0.08hrs
15/07/2026 15:05:29,buy,0.01,GBPJPY,217.67900,15/07/2026 15:10:38,217.69800,-0.05,0.00,1.90,0.07,0.07,1.90,-0.18,-2.10,1,Dragon Wave_BZ0,0.09,0.09hrs
15/07/2026 15:03:18,buy,0.01,NZDCAD,0.81862,15/07/2026 15:10:35,0.81873,-0.05,0.00,1.10,0.03,0.03,1.10,-0.09,-0.60,1,Dragon Wave_CZ0,0.12,0.12hrs
15/07/2026 15:10:01,buy,0.02,EURUSD,1.14060,15/07/2026 15:10:24,1.14079,-0.10,0.00,1.90,0.28,0.28,1.90,0.00,0.00,1,Dragon Wave_AZ1,0.01,0.01hrs
15/07/2026 15:09:13,buy,0.01,EURUSD,1.14082,15/07/2026 15:10:24,1.14079,-0.05,0.00,-0.30,-0.08,0.00,0.00,-0.08,-0.30,1,Dragon Wave_AZ0,0.02,0.02hrs
15/07/2026 15:06:21,buy,0.01,GBPCAD,1.88579,15/07/2026 15:09:59,1.88638,-0.05,0.00,5.90,0.37,0.37,5.90,0.00,0.00,1,Dragon Wave_CZ0,0.06,0.06hrs
15/07/2026 15:03:08,buy,0.01,NZDCAD,0.81863,15/07/2026 15:09:44,0.81873,-0.05,0.00,1.00,0.02,0.02,1.00,-0.10,-0.70,1,Dragon Wave_BZ0,0.11,0.11hrs
15/07/2026 15:08:32,buy,0.01,NZDCHF,0.47191,15/07/2026 15:09:43,0.47200,-0.05,0.00,0.90,0.07,0.07,0.90,0.00,0.00,1,Dragon Wave_BZ0,0.02,0.02hrs
15/07/2026 15:07:26,buy,0.01,GBPAUD,1.91946,15/07/2026 15:09:40,1.91995,-0.05,0.00,4.90,0.29,0.29,4.90,-0.09,-0.60,1,Dragon Wave_BZ0,0.04,0.04hrs
15/07/2026 15:05:38,buy,0.01,GBPUSD,1.34047,15/07/2026 15:09:39,1.34065,-0.05,0.00,1.80,0.13,0.13,1.80,-0.05,0.00,1,Dragon Wave_BZ0,0.07,0.07hrs
15/07/2026 15:05:10,buy,0.01,GBPNZD,2.30407,15/07/2026 15:09:32,2.30459,-0.05,0.00,5.20,0.25,0.25,5.20,-0.10,-0.80,1,Dragon Wave_AZ0,0.07,0.07hrs
15/07/2026 15:06:19,buy,0.01,NZDCAD,0.81856,15/07/2026 15:08:59,0.81858,-0.05,0.00,0.20,-0.03,0.00,0.20,-0.05,0.00,1,Dragon Wave_AZ0,0.04,0.04hrs
15/07/2026 15:06:23,buy,0.01,GBPAUD,1.91928,15/07/2026 15:06:59,1.91969,-0.05,0.00,4.10,0.24,0.24,4.10,0.00,0.00,1,Dragon Wave_BZ0,0.01,0.01hrs
15/07/2026 15:06:19,buy,0.01,GBPNZD,2.30391,15/07/2026 15:06:59,2.30428,-0.05,0.00,3.70,0.17,0.17,3.70,0.00,0.00,1,Dragon Wave_BZ0,0.01,0.01hrs
15/07/2026 15:06:18,buy,0.01,GBPAUD,1.91929,15/07/2026 15:06:58,1.91966,-0.05,0.00,3.70,0.21,0.21,3.70,0.00,0.00,1,Dragon Wave_AZ0,0.01,0.01hrs
15/07/2026 15:05:21,buy,0.01,AUDJPY,113.39200,15/07/2026 15:06:47,113.40500,-0.05,0.00,1.30,0.03,0.03,1.30,0.00,0.00,1,Dragon Wave_AZ0,0.02,0.02hrs
15/07/2026 15:03:11,buy,0.01,NZDCHF,0.47194,15/07/2026 15:04:32,0.47202,-0.05,0.00,0.80,0.05,0.05,0.80,0.00,0.00,1,Dragon Wave_CZ0,0.02,0.02hrs
15/07/2026 14:43:54,buy,0.01,CADJPY,115.39700,15/07/2026 15:03:11,115.41500,-0.05,0.00,1.80,0.06,0.06,1.80,-0.16,-1.70,1,Dragon Wave_CZ0,0.32,0.32hrs
15/07/2026 15:00:12,buy,0.01,USDJPY,162.33400,15/07/2026 15:01:51,162.35400,-0.05,0.00,2.00,0.07,0.07,2.00,-0.07,-0.30,1,Dragon Wave_BZ0,0.03,0.03hrs
15/07/2026 14:50:15,buy,0.02,EURJPY,185.29600,15/07/2026 15:01:50,185.31100,-0.10,0.00,1.50,0.08,0.08,1.50,-0.59,-4.00,1,Dragon Wave_AZ1,0.19,0.19hrs
15/07/2026 14:48:11,buy,0.01,EURJPY,185.31400,15/07/2026 15:01:50,185.31100,-0.05,0.00,-0.30,-0.07,0.00,0.40,-0.41,-5.80,1,Dragon Wave_AZ0,0.23,0.23hrs
15/07/2026 14:50:47,buy,0.01,EURNZD,1.96132,15/07/2026 15:01:31,1.96126,-0.05,0.00,-0.60,-0.08,0.00,0.00,-0.65,-10.30,1,Dragon Wave_BZ0,0.18,0.18hrs
15/07/2026 14:58:09,buy,0.02,EURNZD,1.96060,15/07/2026 15:01:30,1.96126,-0.10,0.00,6.60,0.67,0.67,6.60,-0.46,-3.10,1,Dragon Wave_BZ1,0.06,0.06hrs
15/07/2026 14:50:26,buy,0.02,CHFJPY,200.16900,15/07/2026 15:01:30,200.19600,-0.10,0.00,2.70,0.24,0.24,2.70,-0.25,-1.20,1,Dragon Wave_BZ1,0.18,0.18hrs
15/07/2026 14:42:18,buy,0.01,CHFJPY,200.20300,15/07/2026 15:01:30,200.19700,-0.05,0.00,-0.60,-0.09,0.00,0.00,-0.33,-4.60,1,Dragon Wave_BZ0,0.32,0.32hrs
15/07/2026 14:44:13,buy,0.01,CHFJPY,200.17400,15/07/2026 15:01:26,200.19000,-0.05,0.00,1.60,0.05,0.05,1.60,-0.16,-1.70,1,Dragon Wave_AZ0,0.29,0.29hrs
15/07/2026 14:39:13,buy,0.01,EURUSD,1.14175,15/07/2026 15:00:52,1.14146,-0.05,0.00,-2.90,-0.34,0.00,0.00,-0.66,-6.10,1,Dragon Wave_AZ0,0.36,0.36hrs
15/07/2026 14:55:02,buy,0.04,EURUSD,1.14108,15/07/2026 15:00:51,1.14146,-0.20,0.00,3.80,1.32,1.32,3.80,0.00,0.00,1,Dragon Wave_AZ3,0.10,0.10hrs
15/07/2026 14:47:17,buy,0.03,EURUSD,1.14143,15/07/2026 15:00:51,1.14146,-0.15,0.00,0.30,-0.06,0.00,0.30,-1.02,-2.90,1,Dragon Wave_AZ2,0.23,0.23hrs
15/07/2026 14:41:22,buy,0.02,EURUSD,1.14167,15/07/2026 15:00:51,1.14146,-0.10,0.00,-2.10,-0.52,0.00,0.00,-1.16,-5.30,1,Dragon Wave_AZ1,0.32,0.32hrs
15/07/2026 14:58:10,buy,0.01,XAUUSD,4036.57000,15/07/2026 14:58:59,4038.50000,-0.15,0.00,19.30,1.78,1.78,19.30,0.00,0.00,1,Dragon Wave_AZ0,0.01,0.01hrs
15/07/2026 14:57:17,buy,0.02,EURUSD,1.14117,15/07/2026 14:57:42,1.14124,-0.10,0.00,0.70,0.04,0.04,0.70,0.00,0.00,1,Dragon Wave_BZ1,0.01,0.01hrs
15/07/2026 14:54:28,buy,0.01,EURUSD,1.14123,15/07/2026 14:57:42,1.14124,-0.05,0.00,0.10,-0.04,0.00,0.10,-0.04,0.00,1,Dragon Wave_BZ0,0.05,0.05hrs
15/07/2026 14:55:16,buy,0.01,EURGBP,0.85076,15/07/2026 14:55:47,0.85096,-0.05,0.00,2.00,0.22,0.22,2.00,0.00,0.00,1,Dragon Wave_AZ0,0.01,0.01hrs
15/07/2026 14:51:47,buy,0.02,USDJPY,162.32600,15/07/2026 14:54:32,162.35300,-0.10,0.00,2.70,0.23,0.23,2.70,0.00,0.00,1,Dragon Wave_CZ1,0.05,0.05hrs
15/07/2026 14:50:42,buy,0.01,USDJPY,162.35400,15/07/2026 14:54:32,162.35300,-0.05,0.00,-0.10,-0.06,0.00,0.00,-0.17,-1.90,1,Dragon Wave_CZ0,0.06,0.06hrs
15/07/2026 14:52:07,buy,0.01,EURAUD,1.63384,15/07/2026 14:53:31,1.63389,-0.05,0.00,0.50,-0.01,0.00,0.50,-0.18,-1.80,1,Dragon Wave_CZ0,0.02,0.02hrs
15/07/2026 14:49:09,buy,0.01,GBPAUD,1.91914,15/07/2026 14:52:49,1.91924,-0.05,0.00,1.00,0.02,0.02,1.00,0.00,0.00,1,Dragon Wave_AZ0,0.06,0.06hrs
15/07/2026 14:51:44,buy,0.01,GBPAUD,1.91881,15/07/2026 14:52:47,1.91920,-0.05,0.00,3.90,0.22,0.22,3.90,0.00,0.00,1,Dragon Wave_BZ0,0.02,0.02hrs
15/07/2026 14:49:06,buy,0.01,GBPCAD,1.88588,15/07/2026 14:52:41,1.88590,-0.05,0.00,0.20,-0.04,0.00,0.20,-0.04,0.00,1,Dragon Wave_AZ0,0.06,0.06hrs
15/07/2026 14:50:32,buy,0.01,GBPNZD,2.30326,15/07/2026 14:52:40,2.30366,-0.05,0.00,4.00,0.18,0.18,4.00,0.00,0.00,1,Dragon Wave_BZ0,0.04,0.04hrs
15/07/2026 14:50:32,buy,0.01,GBPJPY,217.60600,15/07/2026 14:51:36,217.63400,-0.05,0.00,2.80,0.12,0.12,2.80,0.00,0.00,1,Dragon Wave_BZ0,0.02,0.02hrs
15/07/2026 14:50:33,buy,0.01,GBPAUD,1.91879,15/07/2026 14:51:29,1.91903,-0.05,0.00,2.40,0.12,0.12,2.40,0.00,0.00,1,Dragon Wave_BZ0,0.02,0.02hrs
15/07/2026 14:46:22,buy,0.02,NZDJPY,94.46300,15/07/2026 14:50:46,94.48200,-0.10,0.00,1.90,0.14,0.14,1.90,-0.17,-0.60,1,Dragon Wave_BZ1,0.07,0.07hrs
15/07/2026 14:17:19,buy,0.01,NZDJPY,94.48400,15/07/2026 14:50:46,94.48200,-0.05,0.00,-0.20,-0.07,0.00,0.00,-0.22,-2.70,1,Dragon Wave_BZ0,0.56,0.56hrs
15/07/2026 14:49:18,buy,0.01,NZDCAD,0.81857,15/07/2026 14:50:36,0.81871,-0.05,0.00,1.40,0.05,0.05,1.40,0.00,0.00,1,Dragon Wave_AZ0,0.02,0.02hrs
15/07/2026 14:46:11,buy,0.03,AUDJPY,113.38500,15/07/2026 14:50:07,113.40200,-0.15,0.00,1.70,0.16,0.16,1.70,-0.10,0.00,1,Dragon Wave_AZ2,0.07,0.07hrs
15/07/2026 14:42:04,buy,0.02,AUDJPY,113.39400,15/07/2026 14:50:07,113.40200,-0.10,0.00,0.00,0.00,0.00,0.00,-0.17,-0.60,1,Dragon Wave_AZ1,0.13,0.13hrs
15/07/2026 14:41:13,buy,0.01,AUDJPY,113.40300,15/07/2026 14:50:07,113.40300,-0.05,0.00,0.00,-0.05,0.00,0.00,-0.14,-1.50,1,Dragon Wave_AZ0,0.15,0.15hrs
15/07/2026 14:46:12,buy,0.01,USDJPY,162.35500,15/07/2026 14:46:33,162.36500,-0.05,0.00,1.00,0.01,0.01,1.00,0.00,0.00,1,Dragon Wave_BZ0,0.01,0.01hrs
15/07/2026 14:33:33,buy,0.02,NZDCHF,0.47179,15/07/2026 14:44:19,0.47189,-0.10,0.00,1.00,0.15,0.15,1.00,-0.05,0.00,1,Dragon Wave_CZ1,0.18,0.18hrs
15/07/2026 14:30:52,buy,0.01,NZDCHF,0.47183,15/07/2026 14:44:19,0.47189,-0.05,0.00,0.60,0.02,0.02,0.60,-0.07,-0.20,1,Dragon Wave_CZ0,0.22,0.22hrs
15/07/2026 14:38:31,buy,0.01,USDJPY,162.35600,15/07/2026 14:44:18,162.36600,-0.05,0.00,1.00,0.01,0.01,1.00,0.00,0.00,1,Dragon Wave_CZ0,0.10,0.10hrs
15/07/2026 10:04:35,buy,0.02,EURCAD,1.60599,15/07/2026 14:41:32,1.60637,-0.10,0.00,3.80,0.44,0.44,3.80,-1.74,-11.50,1,Dragon Wave_CZ1,4.62,4.62hrs
15/07/2026 09:59:47,buy,0.01,EURCAD,1.60677,15/07/2026 14:41:32,1.60637,-0.05,0.00,-4.00,-0.33,0.00,0.00,-1.42,-19.30,1,Dragon Wave_CZ0,4.70,4.70hrs
15/07/2026 14:39:18,buy,0.01,NZDCAD,0.81847,15/07/2026 14:39:58,0.81855,-0.05,0.00,0.80,0.01,0.01,0.80,0.00,0.00,1,Dragon Wave_CZ0,0.01,0.01hrs
15/07/2026 14:36:25,buy,0.01,NZDCAD,0.81850,15/07/2026 14:37:20,0.81862,-0.05,0.00,1.20,0.03,0.03,1.20,0.00,0.00,1,Dragon Wave_CZ0,0.02,0.02hrs
15/07/2026 14:33:37,buy,0.01,CADCHF,0.57634,15/07/2026 14:36:26,0.57641,-0.05,0.00,0.70,0.03,0.03,0.70,-0.04,0.00,1,Dragon Wave_CZ0,0.05,0.05hrs
15/07/2026 14:34:04,buy,0.01,GBPAUD,1.91841,15/07/2026 14:34:29,1.91836,-0.05,0.00,-0.50,-0.08,0.00,0.00,-0.08,-0.50,1,Dragon Wave_AZ0,0.01,0.01hrs
15/07/2026 14:30:34,buy,0.01,NZDCAD,0.81850,15/07/2026 14:33:19,0.81860,-0.05,0.00,1.00,0.02,0.02,1.00,-0.02,0.00,1,Dragon Wave_BZ0,0.05,0.05hrs
15/07/2026 14:27:21,buy,0.01,EURUSD,1.14155,15/07/2026 14:33:01,1.14165,-0.05,0.00,1.00,0.05,0.05,1.00,-0.07,-0.20,1,Dragon Wave_BZ0,0.09,0.09hrs
15/07/2026 14:30:20,buy,0.01,AUDJPY,113.39500,15/07/2026 14:32:48,113.40200,-0.05,0.00,0.70,-0.01,0.00,0.70,-0.08,-0.50,1,Dragon Wave_AZ0,0.04,0.04hrs
15/07/2026 14:31:05,buy,0.01,GBPCAD,1.88467,15/07/2026 14:31:54,1.88480,-0.05,0.00,1.30,0.05,0.05,1.30,0.00,0.00,1,Dragon Wave_AZ0,0.01,0.01hrs
15/07/2026 14:31:03,buy,0.01,GBPJPY,217.54100,15/07/2026 14:31:45,217.54400,-0.05,0.00,0.30,-0.03,0.00,0.30,-0.03,0.00,1,Dragon Wave_AZ0,0.01,0.01hrs
15/07/2026 14:30:29,buy,0.01,XAUUSD,4029.84000,15/07/2026 14:31:37,4030.40000,-0.15,0.00,5.60,0.41,0.41,5.60,-0.62,-4.70,1,Dragon Wave_BZ0,0.02,0.02hrs
15/07/2026 13:56:33,buy,0.01,USDJPY,162.39100,15/07/2026 14:31:22,162.38300,-0.05,0.00,-0.80,-0.10,0.00,0.00,-0.39,-5.60,1,Dragon Wave_CZ0,0.58,0.58hrs
15/07/2026 13:58:30,buy,0.02,USDJPY,162.36900,15/07/2026 14:31:21,162.39100,-0.10,0.00,2.20,0.17,0.17,2.20,-0.52,-3.40,1,Dragon Wave_CZ1,0.55,0.55hrs
15/07/2026 14:27:13,buy,0.01,XAGUSD,57.95000,15/07/2026 14:27:43,57.96100,-0.10,0.00,110.00,0.45,0.45,110.00,0.00,0.00,1,Dragon Wave_AZ0,0.01,0.01hrs
15/07/2026 14:27:16,buy,0.01,XAUUSD,4029.32000,15/07/2026 14:27:42,4030.22000,-0.15,0.00,9.00,0.75,0.75,9.00,0.00,0.00,1,Dragon Wave_AZ0,0.01,0.01hrs
15/07/2026 14:26:19,buy,0.01,NZDCHF,0.47181,15/07/2026 14:27:33,0.47188,-0.05,0.00,0.70,0.03,0.03,0.70,0.00,0.00,1,Dragon Wave_AZ0,0.02,0.02hrs
15/07/2026 14:00:09,buy,0.02,USDCHF,0.81078,15/07/2026 14:27:12,0.81094,-0.10,0.00,1.60,0.29,0.29,1.60,-0.59,-2.00,1,Dragon Wave_AZ1,0.45,0.45hrs
15/07/2026 13:59:12,buy,0.01,USDCHF,0.81100,15/07/2026 14:27:12,0.81096,-0.05,0.00,-0.40,-0.10,0.00,0.00,-0.57,-4.20,1,Dragon Wave_AZ0,0.47,0.47hrs
15/07/2026 13:59:10,buy,0.01,CADCHF,0.57651,15/07/2026 14:27:11,0.57652,-0.05,0.00,0.10,-0.04,0.00,0.10,-0.27,-1.80,1,Dragon Wave_BZ0,0.47,0.47hrs
15/07/2026 14:03:18,buy,0.02,CADCHF,0.57641,15/07/2026 14:27:10,0.57652,-0.10,0.00,1.10,0.18,0.18,1.10,-0.30,-0.80,1,Dragon Wave_BZ1,0.40,0.40hrs
15/07/2026 14:11:16,buy,0.01,CADJPY,115.42100,15/07/2026 14:25:34,115.42900,-0.05,0.00,0.00,0.00,0.00,0.00,-0.11,-1.00,1,Dragon Wave_AZ0,0.24,0.24hrs
15/07/2026 14:16:13,buy,0.02,CADJPY,115.41200,15/07/2026 14:25:33,115.42900,-0.10,0.00,1.70,0.11,0.11,1.70,-0.01,0.00,1,Dragon Wave_AZ1,0.16,0.16hrs
15/07/2026 14:22:23,buy,0.01,GBPCAD,1.88461,15/07/2026 14:24:34,1.88482,-0.05,0.00,2.10,0.09,0.09,2.10,-0.15,-1.40,1,Dragon Wave_AZ0,0.04,0.04hrs
15/07/2026 14:17:05,buy,0.01,AUDUSD,0.69834,15/07/2026 14:24:34,0.69842,-0.05,0.00,0.80,0.03,0.03,0.80,-0.03,0.00,1,Dragon Wave_CZ0,0.12,0.12hrs
15/07/2026 14:19:01,buy,0.01,XAUUSD,4029.43000,15/07/2026 14:20:02,4029.61000,-0.15,0.00,1.80,0.03,0.03,1.80,0.00,0.00,1,Dragon Wave_AZ0,0.02,0.02hrs
15/07/2026 14:19:30,buy,0.01,XAGUSD,57.84100,15/07/2026 14:19:50,57.87400,-0.10,0.00,330.00,1.55,1.55,330.00,0.00,0.00,1,Dragon Wave_CZ0,0.01,0.01hrs
15/07/2026 14:19:26,buy,0.01,XAUUSD,4028.21000,15/07/2026 14:19:48,4029.36000,-0.15,0.00,11.50,1.00,1.00,11.50,0.00,0.00,1,Dragon Wave_CZ0,0.01,0.01hrs
15/07/2026 13:58:30,buy,0.01,CADCHF,0.57655,15/07/2026 14:19:35,0.57643,-0.05,0.00,-1.20,-0.20,0.00,0.00,-0.32,-2.20,1,Dragon Wave_CZ0,0.35,0.35hrs
15/07/2026 14:05:43,buy,0.03,CADCHF,0.57628,15/07/2026 14:19:34,0.57643,-0.15,0.00,1.50,0.40,0.40,1.50,0.00,0.00,1,Dragon Wave_CZ2,0.23,0.23hrs
15/07/2026 14:00:34,buy,0.02,CADCHF,0.57647,15/07/2026 14:19:34,0.57643,-0.10,0.00,-0.40,-0.20,0.00,0.00,-0.45,-1.40,1,Dragon Wave_CZ1,0.32,0.32hrs
15/07/2026 14:11:16,buy,0.01,GBPCAD,1.88472,15/07/2026 14:18:55,1.88480,-0.05,0.00,0.80,0.01,0.01,0.80,-0.19,-1.90,1,Dragon Wave_AZ0,0.13,0.13hrs
15/07/2026 14:17:11,buy,0.01,AUDJPY,113.37500,15/07/2026 14:18:35,113.39100,-0.05,0.00,1.60,0.05,0.05,1.60,0.00,0.00,1,Dragon Wave_CZ0,0.02,0.02hrs
15/07/2026 14:17:10,buy,0.01,NZDCAD,0.81866,15/07/2026 14:18:34,0.81874,-0.05,0.00,0.80,0.01,0.01,0.80,0.00,0.00,1,Dragon Wave_AZ0,0.02,0.02hrs
15/07/2026 14:17:23,buy,0.01,GBPUSD,1.33962,15/07/2026 14:18:32,1.33986,-0.05,0.00,2.40,0.19,0.19,2.40,0.00,0.00,1,Dragon Wave_CZ0,0.02,0.02hrs
15/07/2026 14:15:21,buy,0.01,XAGUSD,57.86600,15/07/2026 14:18:30,57.92900,-0.10,0.00,630.00,3.05,3.05,630.00,-0.70,-120.00,1,Dragon Wave_BZ0,0.05,0.05hrs
15/07/2026 14:15:38,buy,0.01,GBPUSD,1.33973,15/07/2026 14:18:25,1.33980,-0.05,0.00,0.70,0.02,0.02,0.70,0.00,0.00,1,Dragon Wave_BZ0,0.05,0.05hrs
15/07/2026 14:15:19,buy,0.01,EURUSD,1.14166,15/07/2026 14:18:24,1.14175,-0.05,0.00,0.90,0.04,0.04,0.90,-0.10,-0.50,1,Dragon Wave_BZ0,0.05,0.05hrs
15/07/2026 14:17:17,buy,0.01,GBPJPY,217.50500,15/07/2026 14:18:12,217.52100,-0.05,0.00,1.60,0.05,0.05,1.60,0.00,0.00,1,Dragon Wave_BZ0,0.02,0.02hrs
15/07/2026 14:03:13,buy,0.02,USDCHF,0.81074,15/07/2026 14:17:34,0.81087,-0.10,0.00,1.30,0.22,0.22,1.30,-0.49,-1.60,1,Dragon Wave_CZ1,0.24,0.24hrs
15/07/2026 13:59:34,buy,0.01,USDCHF,0.81090,15/07/2026 14:17:34,0.81087,-0.05,0.00,-0.30,-0.09,0.00,0.00,-0.44,-3.20,1,Dragon Wave_CZ0,0.30,0.30hrs
15/07/2026 14:15:13,buy,0.01,XAUUSD,4029.85000,15/07/2026 14:17:12,4030.43000,-0.15,0.00,5.80,0.43,0.43,5.80,-0.62,-4.70,1,Dragon Wave_AZ0,0.03,0.03hrs
15/07/2026 14:07:35,buy,0.01,EURGBP,0.85203,15/07/2026 14:11:33,0.85209,-0.05,0.00,0.60,0.03,0.03,0.60,-0.05,0.00,1,Dragon Wave_BZ0,0.07,0.07hrs
15/07/2026 14:07:29,buy,0.01,NZDCAD,0.81851,15/07/2026 14:09:32,0.81869,-0.05,0.00,1.80,0.08,0.08,1.80,-0.06,-0.10,1,Dragon Wave_BZ0,0.03,0.03hrs
15/07/2026 14:07:20,buy,0.01,NZDCAD,0.81858,15/07/2026 14:08:50,0.81862,-0.05,0.00,0.40,-0.02,0.00,0.40,-0.11,-0.80,1,Dragon Wave_AZ0,0.03,0.03hrs
15/07/2026 14:08:03,buy,0.02,NZDCAD,0.81851,15/07/2026 14:08:49,0.81862,-0.10,0.00,1.10,0.06,0.06,1.10,0.00,0.00,1,Dragon Wave_AZ1,0.01,0.01hrs
15/07/2026 14:07:23,buy,0.01,EURUSD,1.14170,15/07/2026 14:08:24,1.14181,-0.05,0.00,1.10,0.06,0.06,1.10,0.00,0.00,1,Dragon Wave_AZ0,0.02,0.02hrs
15/07/2026 14:07:26,buy,0.01,EURUSD,1.14162,15/07/2026 14:07:30,1.14169,-0.05,0.00,0.70,0.02,0.02,0.70,0.00,0.00,1,Dragon Wave_BZ0,0.00,0.00hrs
15/07/2026 13:58:30,buy,0.01,CADJPY,115.42600,15/07/2026 14:07:28,115.43900,-0.05,0.00,1.30,0.03,0.03,1.30,-0.16,-1.80,1,Dragon Wave_CZ0,0.15,0.15hrs
15/07/2026 14:02:21,buy,0.01,XAGUSD,57.89100,15/07/2026 14:02:54,57.93700,-0.10,0.00,460.00,2.20,2.20,460.00,0.00,0.00,1,Dragon Wave_CZ0,0.01,0.01hrs
15/07/2026 13:59:23,buy,0.01,USDJPY,162.35100,15/07/2026 14:02:41,162.35300,-0.05,0.00,0.20,-0.04,0.00,0.20,-0.15,-1.60,1,Dragon Wave_BZ0,0.06,0.06hrs
15/07/2026 14:00:15,buy,0.02,USDJPY,162.32500,15/07/2026 14:02:40,162.35300,-0.10,0.00,2.80,0.24,0.24,2.80,0.00,0.00,1,Dragon Wave_BZ1,0.04,0.04hrs
15/07/2026 14:00:20,buy,0.01,GBPAUD,1.91825,15/07/2026 14:02:38,1.91845,-0.05,0.00,2.00,0.09,0.09,2.00,0.00,0.00,1,Dragon Wave_AZ0,0.04,0.04hrs
15/07/2026 14:00:18,buy,0.01,GBPJPY,217.46200,15/07/2026 14:00:59,217.52300,-0.05,0.00,6.10,0.32,0.32,6.10,0.00,0.00,1,Dragon Wave_AZ0,0.01,0.01hrs
15/07/2026 13:58:22,buy,0.01,AUDJPY,113.36700,15/07/2026 14:00:54,113.39300,-0.05,0.00,2.60,0.11,0.11,2.60,0.00,0.00,1,Dragon Wave_CZ0,0.04,0.04hrs
15/07/2026 14:00:21,buy,0.01,CHFJPY,200.19400,15/07/2026 14:00:46,200.23000,-0.05,0.00,3.60,0.18,0.18,3.60,0.00,0.00,1,Dragon Wave_AZ0,0.01,0.01hrs
15/07/2026 13:59:08,buy,0.01,NZDJPY,94.45100,15/07/2026 14:00:46,94.47300,-0.05,0.00,2.20,0.09,0.09,2.20,0.00,0.00,1,Dragon Wave_AZ0,0.03,0.03hrs
15/07/2026 13:59:31,buy,0.01,NZDJPY,94.45900,15/07/2026 14:00:43,94.47400,-0.05,0.00,1.50,0.04,0.04,1.50,-0.01,0.00,1,Dragon Wave_CZ0,0.02,0.02hrs
15/07/2026 13:58:19,buy,0.02,EURJPY,185.31200,15/07/2026 14:00:42,185.32500,-0.10,0.00,1.30,0.06,0.06,1.30,0.00,0.00,1,Dragon Wave_AZ1,0.04,0.04hrs
15/07/2026 13:55:20,buy,0.01,EURJPY,185.34600,15/07/2026 14:00:42,185.32500,-0.05,0.00,-2.10,-0.18,0.00,0.00,-0.20,-2.50,1,Dragon Wave_AZ0,0.09,0.09hrs
15/07/2026 13:59:20,buy,0.01,NZDCHF,0.47178,15/07/2026 14:00:10,0.47182,-0.05,0.00,0.00,0.00,0.00,0.00,0.00,0.00,1,Dragon Wave_AZ0,0.01,0.01hrs
15/07/2026 12:51:12,buy,0.02,EURUSD,1.14195,15/07/2026 14:00:07,1.14171,-0.10,0.00,-2.40,-0.58,0.00,0.00,-1.72,-8.10,1,Dragon Wave_AZ1,1.15,1.15hrs
15/07/2026 12:49:17,buy,0.01,EURUSD,1.14206,15/07/2026 14:00:07,1.14171,-0.05,0.00,-3.50,-0.40,0.00,0.00,-0.97,-9.20,1,Dragon Wave_AZ0,1.18,1.18hrs
15/07/2026 13:25:05,buy,0.04,EURUSD,1.14125,15/07/2026 14:00:06,1.14166,-0.20,0.00,4.10,1.44,1.44,4.10,-0.64,-1.10,1,Dragon Wave_AZ3,0.58,0.58hrs
15/07/2026 12:56:10,buy,0.03,EURUSD,1.14166,15/07/2026 14:00:06,1.14166,-0.15,0.00,0.00,-0.15,0.36,1.70,-1.71,-5.20,1,Dragon Wave_AZ2,1.07,1.07hrs
15/07/2026 13:59:13,buy,0.01,XAGUSD,57.94500,15/07/2026 14:00:00,57.99100,-0.10,0.00,460.00,2.20,2.20,460.00,0.00,0.00,1,Dragon Wave_AZ0,0.01,0.01hrs
15/07/2026 13:45:29,buy,0.01,USDCAD,1.40655,15/07/2026 13:58:29,1.40670,-0.05,0.00,1.50,0.06,0.06,1.50,-0.06,-0.10,1,Dragon Wave_CZ0,0.22,0.22hrs
15/07/2026 13:56:26,buy,0.01,EURAUD,1.63428,15/07/2026 13:58:27,1.63443,-0.05,0.00,1.50,0.05,0.12,2.50,0.00,0.00,1,Dragon Wave_CZ0,0.03,0.03hrs
15/07/2026 13:56:25,buy,0.01,EURUSD,1.14124,15/07/2026 13:58:17,1.14132,-0.05,0.00,0.80,0.03,0.03,0.80,0.00,0.00,1,Dragon Wave_BZ0,0.03,0.03hrs
15/07/2026 13:48:23,buy,0.01,NZDCAD,0.81813,15/07/2026 13:56:18,0.81822,-0.05,0.00,0.90,0.02,0.02,0.90,-0.04,0.00,1,Dragon Wave_BZ0,0.13,0.13hrs
15/07/2026 13:47:33,buy,0.01,XAUUSD,4027.86000,15/07/2026 13:53:07,4028.86000,-0.15,0.00,10.00,0.85,0.85,10.00,0.00,0.00,1,Dragon Wave_CZ0,0.09,0.09hrs
15/07/2026 13:48:01,buy,0.02,XAGUSD,58.01200,15/07/2026 13:50:43,58.02000,-0.21,0.00,80.00,0.59,0.59,80.00,0.00,0.00,1,Dragon Wave_AZ1,0.04,0.04hrs
15/07/2026 13:45:24,buy,0.01,XAGUSD,58.02500,15/07/2026 13:50:43,58.01300,-0.10,0.00,-120.00,-0.70,0.00,0.00,-0.70,-120.00,1,Dragon Wave_AZ0,0.09,0.09hrs
15/07/2026 13:47:24,buy,0.01,NZDCHF,0.47175,15/07/2026 13:50:00,0.47177,-0.05,0.00,0.20,-0.03,0.00,0.20,-0.03,0.00,1,Dragon Wave_AZ0,0.04,0.04hrs
15/07/2026 13:48:10,buy,0.01,AUDJPY,113.39500,15/07/2026 13:48:33,113.40200,-0.05,0.00,0.00,0.00,0.00,0.00,0.00,0.00,1,Dragon Wave_AZ0,0.01,0.01hrs
15/07/2026 13:47:16,buy,0.01,CADCHF,0.57656,15/07/2026 13:48:31,0.57661,-0.05,0.00,0.50,0.01,0.01,0.50,0.00,0.00,1,Dragon Wave_BZ0,0.02,0.02hrs
15/07/2026 13:44:41,buy,0.01,CADCHF,0.57654,15/07/2026 13:45:29,0.57660,-0.05,0.00,0.60,0.03,0.04,0.70,0.00,0.00,1,Dragon Wave_AZ0,0.01,0.01hrs
15/07/2026 11:11:16,buy,0.03,GBPAUD,1.91781,15/07/2026 13:45:20,1.91749,-0.15,0.00,-3.20,-0.82,0.00,0.00,-3.80,-17.40,1,Dragon Wave_CZ2,2.57,2.57hrs
15/07/2026 10:46:44,buy,0.02,GBPAUD,1.91911,15/07/2026 13:45:20,1.91749,-0.10,0.00,-16.20,-2.37,0.00,0.00,-4.35,-30.40,1,Dragon Wave_CZ1,2.98,2.98hrs
15/07/2026 10:37:29,buy,0.01,GBPAUD,1.91982,15/07/2026 13:45:20,1.91749,-0.05,0.00,-23.30,-1.68,0.00,0.00,-2.67,-37.50,1,Dragon Wave_CZ0,3.13,3.13hrs
15/07/2026 12:15:32,buy,0.07,GBPAUD,1.91658,15/07/2026 13:45:19,1.91749,-0.35,0.00,9.10,4.10,4.10,9.10,-2.84,-5.10,1,Dragon Wave_CZ4,1.50,1.50hrs
15/07/2026 11:26:37,buy,0.04,GBPAUD,1.91713,15/07/2026 13:45:19,1.91749,-0.20,0.00,3.60,0.81,0.81,3.60,-3.16,-10.60,1,Dragon Wave_CZ3,2.31,2.31hrs
15/07/2026 13:44:36,buy,0.01,EURAUD,1.63447,15/07/2026 13:44:53,1.63458,-0.05,0.00,1.10,0.03,0.03,1.10,0.00,0.00,1,Dragon Wave_AZ0,0.00,0.00hrs
15/07/2026 13:40:28,buy,0.01,EURUSD,1.14120,15/07/2026 13:44:47,1.14131,-0.05,0.00,1.10,0.06,0.06,1.10,0.00,0.00,1,Dragon Wave_BZ0,0.07,0.07hrs
15/07/2026 13:42:04,buy,0.02,GBPUSD,1.33853,15/07/2026 13:44:46,1.33877,-0.10,0.00,2.40,0.38,0.38,2.40,0.00,0.00,1,Dragon Wave_AZ1,0.04,0.04hrs
15/07/2026 13:40:16,buy,0.01,GBPUSD,1.33862,15/07/2026 13:44:46,1.33877,-0.05,0.00,1.50,0.10,0.10,1.50,-0.15,-1.00,1,Dragon Wave_AZ0,0.07,0.07hrs
15/07/2026 13:42:05,buy,0.02,GBPCAD,1.88284,15/07/2026 13:44:42,1.88317,-0.10,0.00,3.30,0.37,0.37,3.30,0.00,0.00,1,Dragon Wave_AZ1,0.04,0.04hrs
15/07/2026 13:40:05,buy,0.01,GBPCAD,1.88300,15/07/2026 13:44:42,1.88317,-0.05,0.00,1.70,0.07,0.07,1.70,-0.29,-3.40,1,Dragon Wave_AZ0,0.08,0.08hrs
15/07/2026 13:41:32,buy,0.01,XAUUSD,4031.55000,15/07/2026 13:44:39,4031.87000,-0.15,0.00,3.20,0.17,0.17,3.20,0.00,0.00,1,Dragon Wave_AZ0,0.05,0.05hrs
15/07/2026 13:40:25,buy,0.01,GBPCAD,1.88278,15/07/2026 13:42:19,1.88289,-0.05,0.00,1.10,0.03,0.03,1.10,-0.14,-1.20,1,Dragon Wave_BZ0,0.03,0.03hrs
15/07/2026 13:30:03,buy,0.02,CADCHF,0.57664,15/07/2026 13:40:41,0.57662,-0.10,0.00,-0.20,-0.15,0.00,0.00,-0.45,-1.40,1,Dragon Wave_AZ1,0.18,0.18hrs
15/07/2026 13:28:28,buy,0.01,CADCHF,0.57668,15/07/2026 13:40:41,0.57662,-0.05,0.00,-0.60,-0.13,0.00,0.00,-0.27,-1.80,1,Dragon Wave_AZ0,0.20,0.20hrs
15/07/2026 13:31:05,buy,0.03,CADCHF,0.57653,15/07/2026 13:40:40,0.57662,-0.15,0.00,0.90,0.18,0.18,0.90,-0.26,-0.30,1,Dragon Wave_AZ2,0.16,0.16hrs
15/07/2026 13:30:20,buy,0.01,CADCHF,0.57659,15/07/2026 13:40:13,0.57660,-0.05,0.00,0.10,-0.04,0.00,0.10,-0.16,-0.90,1,Dragon Wave_BZ0,0.16,0.16hrs
15/07/2026 13:32:20,buy,0.02,CADCHF,0.57651,15/07/2026 13:40:12,0.57660,-0.10,0.00,0.90,0.13,0.13,0.90,-0.12,-0.10,1,Dragon Wave_BZ1,0.13,0.13hrs
15/07/2026 13:32:32,buy,0.02,CADCHF,0.57645,15/07/2026 13:39:51,0.57654,-0.10,0.00,0.90,0.12,0.12,0.90,0.00,0.00,1,Dragon Wave_CZ1,0.12,0.12hrs
15/07/2026 13:30:33,buy,0.01,CADCHF,0.57654,15/07/2026 13:39:51,0.57654,-0.05,0.00,0.00,-0.05,0.00,0.00,-0.10,-0.40,1,Dragon Wave_CZ0,0.15,0.15hrs
15/07/2026 13:25:16,buy,0.02,NZDCHF,0.47168,15/07/2026 13:38:07,0.47174,-0.10,0.00,0.60,0.05,0.05,0.60,-0.42,-1.30,1,Dragon Wave_AZ1,0.21,0.21hrs
15/07/2026 13:23:14,buy,0.01,NZDCHF,0.47179,15/07/2026 13:38:07,0.47174,-0.05,0.00,-0.50,-0.11,0.00,0.00,-0.35,-2.40,1,Dragon Wave_AZ0,0.25,0.25hrs
15/07/2026 10:00:19,buy,0.01,GBPCAD,1.88550,15/07/2026 13:36:37,1.88323,-0.05,0.00,-22.70,-1.66,0.00,0.00,-2.47,-34.10,1,Dragon Wave_AZ0,3.60,3.60hrs
15/07/2026 10:38:13,buy,0.04,GBPCAD,1.88370,15/07/2026 13:36:36,1.88321,-0.20,0.00,-4.90,-1.59,0.00,0.60,-4.78,-16.10,1,Dragon Wave_AZ3,2.97,2.97hrs
15/07/2026 10:13:04,buy,0.03,GBPCAD,1.88435,15/07/2026 13:36:36,1.88322,-0.15,0.00,-11.30,-2.56,0.34,2.30,-4.97,-22.60,1,Dragon Wave_AZ2,3.39,3.39hrs
15/07/2026 10:01:04,buy,0.02,GBPCAD,1.88516,15/07/2026 13:36:36,1.88323,-0.10,0.00,-19.30,-2.85,0.00,0.00,-4.47,-30.70,1,Dragon Wave_AZ1,3.59,3.59hrs
15/07/2026 11:14:08,buy,0.11,GBPCAD,1.88239,15/07/2026 13:36:35,1.88345,-0.55,0.00,10.60,7.74,7.74,10.60,-2.90,-3.00,1,Dragon Wave_AZ5,2.37,2.37hrs
15/07/2026 10:56:22,buy,0.07,GBPCAD,1.88313,15/07/2026 13:36:35,1.88321,-0.35,0.00,0.80,0.05,0.55,1.80,-5.53,-10.40,1,Dragon Wave_AZ4,2.67,2.67hrs
15/07/2026 13:25:37,buy,0.01,NZDCHF,0.47164,15/07/2026 13:36:21,0.47168,-0.05,0.00,0.00,0.00,0.00,0.00,-0.16,-0.90,1,Dragon Wave_CZ0,0.18,0.18hrs
15/07/2026 13:31:26,buy,0.01,EURAUD,1.63446,15/07/2026 13:35:43,1.63458,-0.05,0.00,1.20,0.04,0.04,1.20,-0.09,-0.60,1,Dragon Wave_BZ0,0.07,0.07hrs
15/07/2026 13:23:27,buy,0.01,NZDUSD,0.58166,15/07/2026 13:34:16,0.58160,-0.05,0.00,-0.60,-0.11,0.00,0.00,-0.41,-3.60,1,Dragon Wave_AZ0,0.18,0.18hrs
15/07/2026 13:25:13,buy,0.02,NZDUSD,0.58149,15/07/2026 13:34:15,0.58160,-0.10,0.00,1.10,0.12,0.12,1.10,-0.48,-1.90,1,Dragon Wave_AZ1,0.15,0.15hrs
15/07/2026 13:24:25,buy,0.01,XAUUSD,4030.70000,15/07/2026 13:33:59,4031.00000,-0.15,0.00,3.00,0.15,0.15,3.00,-3.15,-30.00,1,Dragon Wave_CZ0,0.16,0.16hrs
15/07/2026 13:23:41,buy,0.01,NZDUSD,0.58155,15/07/2026 13:32:51,0.58159,-0.05,0.00,0.40,-0.01,0.00,0.40,-0.30,-2.50,1,Dragon Wave_CZ0,0.15,0.15hrs
15/07/2026 13:23:34,buy,0.01,NZDUSD,0.58163,15/07/2026 13:32:46,0.58156,-0.05,0.00,-0.70,-0.12,0.00,0.00,-0.38,-3.30,1,Dragon Wave_BZ0,0.15,0.15hrs
15/07/2026 13:27:28,buy,0.02,NZDUSD,0.58139,15/07/2026 13:32:45,0.58156,-0.10,0.00,1.70,0.24,0.24,1.70,-0.28,-0.90,1,Dragon Wave_BZ1,0.09,0.09hrs
15/07/2026 13:25:08,buy,0.02,NZDCAD,0.81797,15/07/2026 13:32:37,0.81808,-0.10,0.00,1.10,0.05,0.05,1.10,-0.51,-2.90,1,Dragon Wave_BZ1,0.12,0.12hrs
15/07/2026 13:23:15,buy,0.01,NZDCAD,0.81811,15/07/2026 13:32:37,0.81808,-0.05,0.00,-0.30,-0.07,0.00,0.00,-0.36,-4.30,1,Dragon Wave_BZ0,0.16,0.16hrs
15/07/2026 13:30:11,buy,0.01,GBPAUD,1.91679,15/07/2026 13:32:05,1.91700,-0.05,0.00,2.10,0.09,0.09,2.10,-0.16,-1.60,1,Dragon Wave_AZ0,0.03,0.03hrs
15/07/2026 13:23:38,buy,0.01,AUDUSD,0.69822,15/07/2026 13:31:35,0.69828,-0.05,0.00,0.60,0.01,0.01,0.60,-0.27,-2.20,1,Dragon Wave_CZ0,0.13,0.13hrs
15/07/2026 13:24:25,buy,0.02,AUDJPY,113.38300,15/07/2026 13:31:23,113.40900,-0.10,0.00,2.60,0.22,0.22,2.60,-0.26,-1.30,1,Dragon Wave_BZ1,0.12,0.12hrs
15/07/2026 13:23:22,buy,0.01,AUDJPY,113.40900,15/07/2026 13:31:23,113.40900,-0.05,0.00,0.00,-0.05,0.00,0.00,-0.29,-3.90,1,Dragon Wave_BZ0,0.13,0.13hrs
15/07/2026 13:23:25,buy,0.01,AUDUSD,0.69833,15/07/2026 13:31:12,0.69826,-0.05,0.00,-0.70,-0.12,0.00,0.00,-0.38,-3.30,1,Dragon Wave_AZ0,0.13,0.13hrs
15/07/2026 13:25:12,buy,0.02,AUDUSD,0.69816,15/07/2026 13:31:11,0.69826,-0.10,0.00,1.00,0.10,0.10,1.00,-0.42,-1.60,1,Dragon Wave_AZ1,0.10,0.10hrs
15/07/2026 13:24:35,buy,0.01,GBPUSD,1.33831,15/07/2026 13:30:44,1.33838,-0.05,0.00,0.70,0.02,0.02,0.70,-0.25,-2.00,1,Dragon Wave_CZ0,0.10,0.10hrs
15/07/2026 13:23:32,buy,0.01,AUDJPY,113.39900,15/07/2026 13:30:34,113.40100,-0.05,0.00,0.20,-0.04,0.00,0.20,-0.23,-2.90,1,Dragon Wave_CZ0,0.12,0.12hrs
15/07/2026 13:26:44,buy,0.02,AUDJPY,113.37400,15/07/2026 13:30:33,113.40100,-0.10,0.00,2.70,0.23,0.23,2.70,-0.15,-0.40,1,Dragon Wave_CZ1,0.06,0.06hrs
15/07/2026 13:26:41,buy,0.02,NZDCAD,0.81766,15/07/2026 13:30:17,0.81787,-0.10,0.00,2.10,0.20,0.21,2.20,-0.07,0.00,1,Dragon Wave_CZ1,0.06,0.06hrs
15/07/2026 13:23:28,buy,0.01,NZDCAD,0.81804,15/07/2026 13:30:17,0.81787,-0.05,0.00,-1.70,-0.17,0.00,0.00,-0.31,-3.60,1,Dragon Wave_CZ0,0.11,0.11hrs
15/07/2026 13:28:19,buy,0.02,AUDUSD,0.69803,15/07/2026 13:30:10,0.69818,-0.10,0.00,1.50,0.20,0.20,1.50,0.00,0.00,1,Dragon Wave_BZ1,0.03,0.03hrs
15/07/2026 13:23:30,buy,0.01,AUDUSD,0.69825,15/07/2026 13:30:10,0.69818,-0.05,0.00,-0.70,-0.12,0.00,0.00,-0.30,-2.50,1,Dragon Wave_BZ0,0.11,0.11hrs
15/07/2026 13:28:20,buy,0.01,GBPCAD,1.88210,15/07/2026 13:30:02,1.88235,-0.05,0.00,2.50,0.13,0.13,2.50,0.00,0.00,1,Dragon Wave_CZ0,0.03,0.03hrs
15/07/2026 13:26:42,buy,0.02,XAGUSD,57.98200,15/07/2026 13:29:36,58.05500,-0.21,0.00,730.00,7.09,7.09,730.00,-1.31,-110.00,1,Dragon Wave_CZ1,0.05,0.05hrs
15/07/2026 13:24:29,buy,0.01,XAGUSD,58.15200,15/07/2026 13:29:36,58.05100,-0.10,0.00,-1010.00,-5.15,0.00,0.00,-9.15,-1810.00,1,Dragon Wave_CZ0,0.09,0.09hrs
15/07/2026 13:29:10,buy,0.01,GBPAUD,1.91685,15/07/2026 13:29:17,1.91666,-0.05,0.00,-1.90,-0.18,0.00,0.00,-0.18,-1.90,1,Dragon Wave_AZ0,0.00,0.00hrs
15/07/2026 13:28:31,buy,0.01,AUDJPY,113.37300,15/07/2026 13:28:52,113.38200,-0.05,0.00,0.00,0.00,0.00,0.00,0.00,0.00,1,Dragon Wave_AZ0,0.01,0.01hrs
15/07/2026 12:15:25,buy,0.03,GBPAUD,1.91659,15/07/2026 13:24:57,1.91709,-0.15,0.00,5.00,0.90,0.90,5.00,-1.24,-5.20,1,Dragon Wave_BZ2,1.16,1.16hrs
15/07/2026 11:15:10,buy,0.02,GBPAUD,1.91746,15/07/2026 13:24:57,1.91681,-0.10,0.00,-6.50,-1.00,0.00,0.00,-2.04,-13.90,1,Dragon Wave_BZ1,2.16,2.16hrs
15/07/2026 10:52:45,buy,0.01,GBPAUD,1.91839,15/07/2026 13:24:57,1.91681,-0.05,0.00,-15.80,-1.15,0.00,0.00,-1.67,-23.20,1,Dragon Wave_BZ0,2.54,2.54hrs
15/07/2026 13:16:10,buy,0.04,GBPAUD,1.91625,15/07/2026 13:24:56,1.91712,-0.20,0.00,8.70,2.23,2.23,8.70,0.00,0.00,1,Dragon Wave_BZ3,0.15,0.15hrs
15/07/2026 12:01:19,buy,0.02,EURAUD,1.63478,15/07/2026 13:23:42,1.63449,-0.10,0.00,-2.90,-0.51,0.00,0.10,-1.12,-7.30,1,Dragon Wave_CZ1,1.37,1.37hrs
15/07/2026 11:57:33,buy,0.01,EURAUD,1.63504,15/07/2026 13:23:42,1.63449,-0.05,0.00,-5.50,-0.43,0.00,0.00,-0.74,-9.90,1,Dragon Wave_CZ0,1.44,1.44hrs
15/07/2026 13:14:36,buy,0.03,EURAUD,1.63415,15/07/2026 13:23:41,1.63468,-0.15,0.00,5.30,0.96,0.96,5.30,-0.36,-1.00,1,Dragon Wave_CZ2,0.15,0.15hrs
15/07/2026 13:23:27,buy,0.01,XAUUSD,4031.53000,15/07/2026 13:23:33,4032.39000,-0.15,0.00,8.60,0.71,0.71,8.60,0.00,0.00,1,Dragon Wave_BZ0,0.00,0.00hrs
15/07/2026 13:19:35,buy,0.01,AUDJPY,113.41200,15/07/2026 13:22:37,113.42400,-0.05,0.00,1.20,0.02,0.02,1.20,-0.06,-0.20,1,Dragon Wave_CZ0,0.05,0.05hrs
15/07/2026 13:19:29,buy,0.01,AUDJPY,113.41400,15/07/2026 13:22:14,113.42400,-0.05,0.00,1.00,0.01,0.01,1.00,-0.08,-0.40,1,Dragon Wave_BZ0,0.05,0.05hrs
15/07/2026 13:19:21,buy,0.02,CADCHF,0.57663,15/07/2026 13:21:42,0.57671,-0.10,0.00,0.80,0.10,0.10,0.80,-0.05,0.00,1,Dragon Wave_CZ1,0.04,0.04hrs
15/07/2026 13:16:46,buy,0.01,CADCHF,0.57669,15/07/2026 13:21:42,0.57671,-0.05,0.00,0.20,-0.03,0.00,0.20,-0.10,-0.40,1,Dragon Wave_CZ0,0.08,0.08hrs
15/07/2026 13:19:16,buy,0.01,NZDCHF,0.47181,15/07/2026 13:21:23,0.47189,-0.05,0.00,0.80,0.05,0.05,0.80,-0.06,-0.10,1,Dragon Wave_CZ0,0.04,0.04hrs
15/07/2026 13:19:31,buy,0.01,AUDUSD,0.69846,15/07/2026 13:20:46,0.69852,-0.05,0.00,0.60,0.01,0.01,0.60,-0.10,-0.50,1,Dragon Wave_AZ0,0.02,0.02hrs
15/07/2026 13:16:23,buy,0.01,NZDCHF,0.47186,15/07/2026 13:20:46,0.47183,-0.05,0.00,-0.30,-0.09,0.00,0.00,-0.12,-0.60,1,Dragon Wave_AZ0,0.07,0.07hrs
15/07/2026 13:20:08,buy,0.02,NZDCHF,0.47180,15/07/2026 13:20:45,0.47183,-0.10,0.00,0.30,-0.03,0.00,0.30,-0.10,0.00,1,Dragon Wave_AZ1,0.01,0.01hrs
15/07/2026 13:19:22,buy,0.01,AUDJPY,113.41500,15/07/2026 13:20:43,113.42600,-0.05,0.00,1.10,0.01,0.01,1.10,-0.08,-0.50,1,Dragon Wave_AZ0,0.02,0.02hrs
15/07/2026 13:20:11,buy,0.02,AUDJPY,113.41100,15/07/2026 13:20:42,113.42300,-0.10,0.00,1.20,0.04,0.04,1.20,-0.11,-0.10,1,Dragon Wave_AZ1,0.01,0.01hrs
15/07/2026 13:19:37,buy,0.01,NZDUSD,0.58182,15/07/2026 13:20:41,0.58190,-0.05,0.00,0.80,0.03,0.03,0.80,-0.10,-0.50,1,Dragon Wave_BZ0,0.02,0.02hrs
15/07/2026 13:16:39,buy,0.01,NZDCAD,0.81823,15/07/2026 13:20:41,0.81828,-0.05,0.00,0.50,-0.02,0.00,0.50,-0.11,-0.80,1,Dragon Wave_BZ0,0.07,0.07hrs
15/07/2026 13:19:34,buy,0.02,NZDCAD,0.81819,15/07/2026 13:20:40,0.81830,-0.10,0.00,1.10,0.06,0.06,1.10,-0.16,-0.40,1,Dragon Wave_BZ1,0.02,0.02hrs
15/07/2026 13:19:28,buy,0.01,NZDCAD,0.81820,15/07/2026 13:20:33,0.81822,-0.05,0.00,0.20,-0.04,0.00,0.20,-0.09,-0.50,1,Dragon Wave_AZ0,0.02,0.02hrs
15/07/2026 13:05:09,buy,0.01,EURAUD,1.63470,15/07/2026 13:19:42,1.63423,-0.05,0.00,-4.70,-0.37,0.00,0.00,-0.50,-6.50,1,Dragon Wave_AZ0,0.24,0.24hrs
15/07/2026 13:14:13,buy,0.03,EURAUD,1.63402,15/07/2026 13:19:41,1.63432,-0.15,0.00,3.00,0.48,0.48,3.00,-0.09,0.00,1,Dragon Wave_AZ2,0.09,0.09hrs
15/07/2026 13:06:12,buy,0.02,EURAUD,1.63448,15/07/2026 13:19:41,1.63432,-0.10,0.00,-1.60,-0.32,0.00,0.00,-0.70,-4.30,1,Dragon Wave_AZ1,0.22,0.22hrs
15/07/2026 13:07:19,buy,0.01,EURJPY,185.38600,15/07/2026 13:18:30,185.36700,-0.05,0.00,-1.90,-0.17,0.00,0.00,-0.30,-4.00,1,Dragon Wave_BZ0,0.19,0.19hrs
15/07/2026 13:16:40,buy,0.02,GBPJPY,217.35900,15/07/2026 13:18:29,217.38500,-0.10,0.00,2.60,0.22,0.22,2.60,0.00,0.00,1,Dragon Wave_BZ1,0.03,0.03hrs
15/07/2026 13:11:16,buy,0.02,EURJPY,185.36100,15/07/2026 13:18:29,185.38000,-0.10,0.00,1.90,0.13,0.13,1.90,-0.17,-0.60,1,Dragon Wave_BZ1,0.12,0.12hrs
15/07/2026 13:00:42,buy,0.01,GBPJPY,217.39900,15/07/2026 13:18:29,217.38500,-0.05,0.00,-1.40,-0.13,0.00,0.00,-0.35,-4.80,1,Dragon Wave_BZ0,0.30,0.30hrs
15/07/2026 13:16:29,buy,0.01,EURUSD,1.14144,15/07/2026 13:16:53,1.14153,-0.05,0.00,0.90,0.04,0.04,0.90,0.00,0.00,1,Dragon Wave_BZ0,0.01,0.01hrs
15/07/2026 13:13:44,buy,0.01,USDJPY,162.37800,15/07/2026 13:15:43,162.38700,-0.05,0.00,0.90,0.01,0.01,0.90,-0.06,-0.20,1,Dragon Wave_BZ0,0.03,0.03hrs
15/07/2026 13:08:45,buy,0.01,XAGUSD,58.23400,15/07/2026 13:13:42,58.24200,-0.10,0.00,80.00,0.30,0.30,80.00,-1.80,-340.00,1,Dragon Wave_BZ0,0.08,0.08hrs
15/07/2026 13:07:43,buy,0.01,EURCAD,1.60507,15/07/2026 13:12:35,1.60516,-0.05,0.00,0.90,0.02,0.02,0.90,0.00,0.00,1,Dragon Wave_BZ0,0.08,0.08hrs
15/07/2026 13:08:48,buy,0.01,XAUUSD,4029.74000,15/07/2026 13:09:53,4030.56000,-0.15,0.00,8.20,0.67,0.67,8.20,0.00,0.00,1,Dragon Wave_AZ0,0.02,0.02hrs
15/07/2026 13:07:11,buy,0.01,EURUSD,1.14166,15/07/2026 13:09:49,1.14161,-0.05,0.00,-0.50,-0.10,0.00,0.00,-0.32,-2.70,1,Dragon Wave_BZ0,0.04,0.04hrs
15/07/2026 13:08:42,buy,0.02,EURUSD,1.14144,15/07/2026 13:09:48,1.14161,-0.10,0.00,1.70,0.24,0.24,1.70,0.00,0.00,1,Dragon Wave_BZ1,0.02,0.02hrs
15/07/2026 13:08:43,buy,0.02,GBPUSD,1.33856,15/07/2026 13:09:42,1.33870,-0.10,0.00,1.40,0.18,0.18,1.40,0.00,0.00,1,Dragon Wave_AZ1,0.02,0.02hrs
15/07/2026 13:07:32,buy,0.01,GBPUSD,1.33867,15/07/2026 13:09:42,1.33870,-0.05,0.00,0.30,-0.02,0.00,0.30,-0.19,-1.40,1,Dragon Wave_AZ0,0.04,0.04hrs
15/07/2026 13:07:40,buy,0.01,GBPUSD,1.33854,15/07/2026 13:07:56,1.33860,-0.05,0.00,0.60,0.01,0.01,0.60,0.00,0.00,1,Dragon Wave_BZ0,0.00,0.00hrs
15/07/2026 13:05:22,buy,0.01,CADCHF,0.57668,15/07/2026 13:06:59,0.57673,-0.05,0.00,0.50,0.01,0.01,0.50,0.00,0.00,1,Dragon Wave_AZ0,0.03,0.03hrs
15/07/2026 13:02:25,buy,0.02,CHFJPY,200.21000,15/07/2026 13:06:32,200.23900,-0.10,0.00,2.90,0.25,0.25,2.90,0.00,0.00,1,Dragon Wave_CZ1,0.07,0.07hrs
15/07/2026 12:49:36,buy,0.01,CHFJPY,200.25700,15/07/2026 13:06:32,200.23700,-0.05,0.00,-2.00,-0.17,0.00,0.00,-0.19,-2.30,1,Dragon Wave_CZ0,0.28,0.28hrs
15/07/2026 13:00:53,buy,0.01,GBPUSD,1.33884,15/07/2026 13:06:24,1.33890,-0.05,0.00,0.60,0.01,0.01,0.60,0.00,0.00,1,Dragon Wave_CZ0,0.09,0.09hrs
15/07/2026 12:52:12,buy,0.02,NZDCAD,0.81799,15/07/2026 13:05:59,0.81813,-0.10,0.00,1.40,0.10,0.10,1.40,-0.20,-0.70,1,Dragon Wave_CZ1,0.23,0.23hrs
15/07/2026 12:49:28,buy,0.01,NZDCAD,0.81812,15/07/2026 13:05:59,0.81813,-0.05,0.00,0.10,-0.05,0.00,0.10,-0.19,-2.00,1,Dragon Wave_CZ0,0.28,0.28hrs
15/07/2026 12:56:20,buy,0.03,NZDCAD,0.81780,15/07/2026 13:05:40,0.81807,-0.15,0.00,2.70,0.43,0.43,2.70,0.00,0.00,1,Dragon Wave_AZ2,0.16,0.16hrs
15/07/2026 12:31:04,buy,0.02,NZDCAD,0.81813,15/07/2026 13:05:40,0.81807,-0.10,0.00,-0.60,-0.19,0.07,1.20,-0.40,-2.10,1,Dragon Wave_AZ1,0.58,0.58hrs
15/07/2026 12:28:14,buy,0.01,NZDCAD,0.81836,15/07/2026 13:05:40,0.81806,-0.05,0.00,-3.00,-0.26,0.00,0.00,-0.36,-4.40,1,Dragon Wave_AZ0,0.62,0.62hrs
15/07/2026 13:01:17,buy,0.01,CHFJPY,200.21300,15/07/2026 13:05:29,200.22000,-0.05,0.00,0.00,0.00,0.00,0.00,0.00,0.00,1,Dragon Wave_AZ0,0.07,0.07hrs
15/07/2026 12:53:07,buy,0.02,NZDCAD,0.81793,15/07/2026 13:05:24,0.81806,-0.10,0.00,1.30,0.09,0.09,1.30,-0.11,-0.10,1,Dragon Wave_BZ1,0.20,0.20hrs
15/07/2026 12:49:19,buy,0.01,NZDCAD,0.81811,15/07/2026 13:05:24,0.81806,-0.05,0.00,-0.50,-0.09,0.00,0.00,-0.19,-1.90,1,Dragon Wave_BZ0,0.27,0.27hrs
15/07/2026 13:01:32,buy,0.01,GBPCAD,1.88248,15/07/2026 13:04:54,1.88258,-0.05,0.00,1.00,0.02,0.02,1.00,0.00,0.00,1,Dragon Wave_BZ0,0.06,0.06hrs
15/07/2026 13:00:31,buy,0.01,GBPUSD,1.33883,15/07/2026 13:04:53,1.33890,-0.05,0.00,0.70,0.02,0.02,0.70,0.00,0.00,1,Dragon Wave_BZ0,0.07,0.07hrs
15/07/2026 13:02:31,buy,0.01,EURUSD,1.14158,15/07/2026 13:03:09,1.14169,-0.05,0.00,1.10,0.06,0.06,1.10,0.00,0.00,1,Dragon Wave_BZ0,0.01,0.01hrs
15/07/2026 12:51:24,buy,0.01,EURGBP,0.85272,15/07/2026 13:00:50,0.85275,-0.05,0.00,0.30,-0.01,0.00,0.30,-0.28,-1.70,1,Dragon Wave_BZ0,0.16,0.16hrs
15/07/2026 12:56:06,buy,0.02,EURGBP,0.85260,15/07/2026 13:00:49,0.85275,-0.10,0.00,1.50,0.30,0.30,1.50,-0.23,-0.50,1,Dragon Wave_BZ1,0.08,0.08hrs
15/07/2026 12:51:31,buy,0.01,EURGBP,0.85267,15/07/2026 13:00:46,0.85274,-0.05,0.00,0.70,0.05,0.05,0.70,-0.21,-1.20,1,Dragon Wave_CZ0,0.15,0.15hrs
15/07/2026 13:00:03,buy,0.01,EURCAD,1.60512,15/07/2026 13:00:45,1.60531,-0.05,0.00,1.90,0.09,0.09,1.90,0.00,0.00,1,Dragon Wave_AZ0,0.01,0.01hrs
15/07/2026 12:51:37,buy,0.01,NZDJPY,94.46000,15/07/2026 12:59:02,94.47900,-0.05,0.00,1.90,0.07,0.07,1.90,-0.10,-0.80,1,Dragon Wave_AZ0,0.12,0.12hrs
15/07/2026 12:54:14,buy,0.01,CADCHF,0.57668,15/07/2026 12:55:14,0.57670,-0.05,0.00,0.20,-0.02,0.00,0.20,-0.02,0.00,1,Dragon Wave_AZ0,0.02,0.02hrs
15/07/2026 12:52:13,buy,0.01,XAGUSD,58.26100,15/07/2026 12:55:12,58.28100,-0.10,0.00,200.00,0.90,0.90,200.00,0.00,0.00,1,Dragon Wave_BZ0,0.05,0.05hrs
15/07/2026 12:52:40,buy,0.02,AUDUSD,0.69853,15/07/2026 12:54:48,0.69864,-0.10,0.00,1.10,0.12,0.12,1.10,0.00,0.00,1,Dragon Wave_BZ1,0.04,0.04hrs
15/07/2026 12:51:35,buy,0.01,AUDUSD,0.69859,15/07/2026 12:54:48,0.69864,-0.05,0.00,0.00,0.00,0.00,0.00,0.00,0.00,1,Dragon Wave_BZ0,0.05,0.05hrs
15/07/2026 12:52:17,buy,0.01,AUDJPY,113.40900,15/07/2026 12:53:57,113.41900,-0.05,0.00,1.00,0.01,0.01,1.00,0.00,0.00,1,Dragon Wave_BZ0,0.03,0.03hrs
15/07/2026 12:52:35,buy,0.01,GBPUSD,1.33899,15/07/2026 12:53:38,1.33913,-0.05,0.00,1.40,0.09,0.09,1.40,0.00,0.00,1,Dragon Wave_CZ0,0.02,0.02hrs
15/07/2026 12:52:25,buy,0.01,GBPUSD,1.33903,15/07/2026 12:53:36,1.33917,-0.05,0.00,1.40,0.09,0.09,1.40,0.00,0.00,1,Dragon Wave_BZ0,0.02,0.02hrs
15/07/2026 12:52:21,buy,0.01,EURUSD,1.14177,15/07/2026 12:53:29,1.14192,-0.05,0.00,1.50,0.10,0.10,1.50,0.00,0.00,1,Dragon Wave_BZ0,0.02,0.02hrs
15/07/2026 10:37:07,buy,0.01,GBPNZD,2.30451,15/07/2026 12:53:26,2.30173,-0.05,0.00,-27.80,-1.67,0.00,0.00,-2.44,-41.00,1,Dragon Wave_BZ0,2.27,2.27hrs
15/07/2026 12:21:13,buy,0.04,GBPNZD,2.30122,15/07/2026 12:53:25,2.30180,-0.20,0.00,5.80,1.15,1.15,5.80,-2.09,-8.10,1,Dragon Wave_BZ3,0.54,0.54hrs
15/07/2026 11:19:12,buy,0.03,GBPNZD,2.30206,15/07/2026 12:53:25,2.30173,-0.15,0.00,-3.30,-0.73,0.00,0.00,-3.03,-16.50,1,Dragon Wave_BZ2,1.57,1.57hrs
15/07/2026 10:49:04,buy,0.02,GBPNZD,2.30359,15/07/2026 12:53:25,2.30173,-0.10,0.00,-18.60,-2.27,0.00,0.00,-3.80,-31.80,1,Dragon Wave_BZ1,2.07,2.07hrs
15/07/2026 12:26:14,buy,0.07,GBPNZD,2.30046,15/07/2026 12:53:24,2.30180,-0.35,0.00,13.40,5.10,5.10,13.40,-0.55,-0.50,1,Dragon Wave_BZ4,0.45,0.45hrs
15/07/2026 11:40:29,buy,0.01,CADJPY,115.49300,15/07/2026 12:51:25,115.48300,-0.05,0.00,-1.00,-0.11,0.00,0.60,-0.28,-3.70,1,Dragon Wave_BZ0,1.18,1.18hrs
15/07/2026 12:34:23,buy,0.02,CADJPY,115.45600,15/07/2026 12:51:24,115.48300,-0.10,0.00,2.70,0.23,0.23,2.70,-0.10,0.00,1,Dragon Wave_BZ1,0.28,0.28hrs
15/07/2026 12:42:10,buy,0.02,USDCHF,0.81038,15/07/2026 12:48:35,0.81051,-0.10,0.00,1.30,0.22,0.22,1.30,-0.10,0.00,1,Dragon Wave_AZ1,0.11,0.11hrs
15/07/2026 12:37:36,buy,0.01,USDCHF,0.81050,15/07/2026 12:48:35,0.81051,-0.05,0.00,0.10,-0.04,0.00,0.10,-0.20,-1.20,1,Dragon Wave_AZ0,0.18,0.18hrs
15/07/2026 12:45:21,buy,0.01,EURUSD,1.14199,15/07/2026 12:45:41,1.14207,-0.05,0.00,0.80,0.03,0.03,0.80,0.00,0.00,1,Dragon Wave_AZ0,0.01,0.01hrs
15/07/2026 12:38:25,buy,0.01,CADCHF,0.57649,15/07/2026 12:44:58,0.57652,-0.05,0.00,0.30,-0.01,0.00,0.30,-0.05,0.00,1,Dragon Wave_BZ0,0.11,0.11hrs
15/07/2026 12:32:27,buy,0.02,AUDUSD,0.69863,15/07/2026 12:44:57,0.69876,-0.10,0.00,1.30,0.16,0.16,1.30,-0.46,-1.80,1,Dragon Wave_BZ1,0.21,0.21hrs
15/07/2026 12:27:23,buy,0.01,AUDUSD,0.69880,15/07/2026 12:44:57,0.69876,-0.05,0.00,-0.40,-0.09,0.00,0.00,-0.40,-3.50,1,Dragon Wave_BZ0,0.29,0.29hrs
15/07/2026 12:31:31,buy,0.01,AUDJPY,113.40200,15/07/2026 12:44:52,113.42200,-0.05,0.00,2.00,0.07,0.07,2.00,-0.16,-1.70,1,Dragon Wave_CZ0,0.22,0.22hrs
15/07/2026 12:39:19,buy,0.01,CADCHF,0.57647,15/07/2026 12:44:51,0.57651,-0.05,0.00,0.00,0.00,0.00,0.20,-0.03,0.00,1,Dragon Wave_CZ0,0.09,0.09hrs
15/07/2026 12:32:09,buy,0.02,AUDJPY,113.40200,15/07/2026 12:44:51,113.42200,-0.10,0.00,2.00,0.15,0.15,2.00,-0.31,-1.70,1,Dragon Wave_AZ1,0.21,0.21hrs
15/07/2026 12:30:06,buy,0.01,AUDJPY,113.41000,15/07/2026 12:44:51,113.42200,-0.05,0.00,1.20,0.02,0.02,1.20,-0.20,-2.50,1,Dragon Wave_AZ0,0.25,0.25hrs
15/07/2026 12:28:48,buy,0.01,GBPUSD,1.33938,15/07/2026 12:41:45,1.33923,-0.05,0.00,-1.50,-0.20,0.00,0.00,-0.37,-3.20,1,Dragon Wave_CZ0,0.22,0.22hrs
15/07/2026 12:33:42,buy,0.02,GBPUSD,1.33897,15/07/2026 12:41:44,1.33923,-0.10,0.00,2.60,0.42,0.42,2.60,0.00,0.00,1,Dragon Wave_CZ1,0.13,0.13hrs
15/07/2026 12:31:29,buy,0.02,CHFJPY,200.26900,15/07/2026 12:41:27,200.29800,-0.10,0.00,2.90,0.26,0.26,2.90,-0.15,-0.40,1,Dragon Wave_CZ1,0.17,0.17hrs
15/07/2026 12:17:28,buy,0.01,CHFJPY,200.30800,15/07/2026 12:41:27,200.29900,-0.05,0.00,-0.90,-0.10,0.00,0.00,-0.33,-4.60,1,Dragon Wave_CZ0,0.40,0.40hrs
15/07/2026 12:32:12,buy,0.02,EURCAD,1.60538,15/07/2026 12:41:25,1.60562,-0.10,0.00,2.40,0.24,0.24,2.40,-0.11,-0.10,1,Dragon Wave_AZ1,0.15,0.15hrs
15/07/2026 12:09:23,buy,0.01,EURCAD,1.60579,15/07/2026 12:41:25,1.60562,-0.05,0.00,-1.70,-0.17,0.00,0.00,-0.35,-4.20,1,Dragon Wave_AZ0,0.53,0.53hrs
15/07/2026 12:33:32,buy,0.02,GBPUSD,1.33895,15/07/2026 12:41:18,1.33922,-0.10,0.00,2.70,0.44,0.44,2.70,0.00,0.00,1,Dragon Wave_BZ1,0.13,0.13hrs
15/07/2026 12:27:23,buy,0.01,GBPUSD,1.33942,15/07/2026 12:41:18,1.33922,-0.05,0.00,-2.00,-0.25,0.00,0.00,-0.41,-3.60,1,Dragon Wave_BZ0,0.23,0.23hrs
15/07/2026 12:30:03,buy,0.02,EURUSD,1.14224,15/07/2026 12:41:17,1.14214,-0.10,0.00,-1.00,-0.30,0.00,0.00,-0.82,-3.60,1,Dragon Wave_AZ1,0.19,0.19hrs
15/07/2026 12:28:16,buy,0.01,EURUSD,1.14232,15/07/2026 12:41:17,1.14214,-0.05,0.00,-1.80,-0.23,0.00,0.00,-0.49,-4.40,1,Dragon Wave_AZ0,0.22,0.22hrs
15/07/2026 12:33:12,buy,0.03,EURUSD,1.14192,15/07/2026 12:41:16,1.14214,-0.15,0.00,2.20,0.51,0.51,2.20,-0.27,-0.40,1,Dragon Wave_AZ2,0.13,0.13hrs
15/07/2026 12:21:15,buy,0.03,EURAUD,1.63451,15/07/2026 12:39:57,1.63488,-0.15,0.00,3.70,0.63,0.63,3.70,-0.46,-1.50,1,Dragon Wave_AZ2,0.31,0.31hrs
15/07/2026 11:58:09,buy,0.02,EURAUD,1.63492,15/07/2026 12:39:57,1.63490,-0.10,0.00,-0.20,-0.13,0.00,0.00,-0.88,-5.60,1,Dragon Wave_AZ1,0.70,0.70hrs
15/07/2026 11:57:23,buy,0.01,EURAUD,1.63522,15/07/2026 12:39:57,1.63490,-0.05,0.00,-3.20,-0.27,0.00,0.00,-0.65,-8.60,1,Dragon Wave_AZ0,0.71,0.71hrs
15/07/2026 12:35:24,buy,0.01,GBPCAD,1.88254,15/07/2026 12:39:09,1.88274,-0.05,0.00,2.00,0.09,0.09,2.00,-0.22,-2.40,1,Dragon Wave_BZ0,0.06,0.06hrs
15/07/2026 12:36:13,buy,0.01,XAUUSD,4026.42000,15/07/2026 12:37:47,4027.18000,-0.14,0.00,7.60,0.62,0.62,7.60,0.00,0.00,1,Dragon Wave_CZ0,0.03,0.03hrs
15/07/2026 12:36:08,buy,0.01,GBPCAD,1.88227,15/07/2026 12:37:46,1.88257,-0.05,0.00,3.00,0.16,0.16,3.00,-0.03,0.00,1,Dragon Wave_CZ0,0.03,0.03hrs
15/07/2026 12:34:19,buy,0.01,XAUUSD,4026.94000,15/07/2026 12:37:46,4027.29000,-0.14,0.00,3.50,0.21,0.21,3.50,-0.37,-2.30,1,Dragon Wave_BZ0,0.06,0.06hrs
15/07/2026 12:34:20,buy,0.01,GBPJPY,217.33800,15/07/2026 12:37:38,217.36500,-0.05,0.00,2.70,0.12,0.12,2.70,0.00,0.00,1,Dragon Wave_CZ0,0.06,0.06hrs
15/07/2026 12:33:33,buy,0.01,GBPJPY,217.34700,15/07/2026 12:37:31,217.36500,-0.05,0.00,1.80,0.06,0.06,1.80,0.00,0.00,1,Dragon Wave_BZ0,0.07,0.07hrs
15/07/2026 12:34:13,buy,0.01,CADCHF,0.57652,15/07/2026 12:34:51,0.57658,-0.05,0.00,0.60,0.02,0.02,0.60,0.00,0.00,1,Dragon Wave_AZ0,0.01,0.01hrs
15/07/2026 12:25:31,buy,0.01,XAUUSD,4028.86000,15/07/2026 12:31:40,4029.74000,-0.15,0.00,8.80,0.73,0.73,8.80,-0.70,-5.50,1,Dragon Wave_CZ0,0.10,0.10hrs
15/07/2026 12:31:07,buy,0.01,XAUUSD,4027.46000,15/07/2026 12:31:29,4029.07000,-0.14,0.00,16.10,1.47,1.47,16.10,0.00,0.00,1,Dragon Wave_AZ0,0.01,0.01hrs
15/07/2026 12:27:19,buy,0.02,XAGUSD,58.34600,15/07/2026 12:31:05,58.35200,-0.21,0.00,60.00,0.39,0.39,60.00,0.00,0.00,1,Dragon Wave_AZ1,0.06,0.06hrs
15/07/2026 12:25:26,buy,0.01,XAGUSD,58.35900,15/07/2026 12:31:05,58.33700,-0.11,0.00,-220.00,-1.21,0.00,0.00,-1.21,-220.00,1,Dragon Wave_AZ0,0.09,0.09hrs
15/07/2026 12:27:16,buy,0.02,AUDJPY,113.41100,15/07/2026 12:29:23,113.42800,-0.10,0.00,1.70,0.11,0.11,1.70,0.00,0.00,1,Dragon Wave_AZ1,0.04,0.04hrs
15/07/2026 12:26:11,buy,0.01,AUDJPY,113.43400,15/07/2026 12:29:23,113.42800,-0.05,0.00,-0.60,-0.09,0.00,0.00,-0.09,-0.60,1,Dragon Wave_AZ0,0.05,0.05hrs
15/07/2026 12:27:03,buy,0.01,CADCHF,0.57639,15/07/2026 12:27:41,0.57646,-0.05,0.00,0.70,0.04,0.04,0.70,0.00,0.00,1,Dragon Wave_AZ0,0.01,0.01hrs
15/07/2026 12:24:18,buy,0.01,USDJPY,162.28600,15/07/2026 12:27:31,162.29700,-0.05,0.00,1.10,0.02,0.02,1.10,-0.05,0.00,1,Dragon Wave_AZ0,0.05,0.05hrs
15/07/2026 12:27:22,buy,0.01,EURUSD,1.14232,15/07/2026 12:27:30,1.14240,-0.05,0.00,0.80,0.03,0.03,0.80,0.00,0.00,1,Dragon Wave_AZ0,0.00,0.00hrs
15/07/2026 12:25:15,buy,0.01,XAUUSD,4028.50000,15/07/2026 12:25:40,4029.13000,-0.15,0.00,6.30,0.48,0.48,6.30,0.00,0.00,1,Dragon Wave_AZ0,0.01,0.01hrs
15/07/2026 12:17:19,buy,0.01,EURUSD,1.14239,15/07/2026 12:20:54,1.14248,-0.05,0.00,0.90,0.04,0.04,0.90,-0.11,-0.60,1,Dragon Wave_AZ0,0.06,0.06hrs
15/07/2026 12:17:26,buy,0.01,EURUSD,1.14233,15/07/2026 12:20:41,1.14244,-0.05,0.00,1.10,0.06,0.06,1.10,-0.05,0.00,1,Dragon Wave_BZ0,0.05,0.05hrs
15/07/2026 12:16:26,buy,0.01,NZDCAD,0.81796,15/07/2026 12:20:40,0.81816,-0.05,0.00,2.00,0.09,0.09,2.00,-0.11,-0.90,1,Dragon Wave_CZ0,0.07,0.07hrs
15/07/2026 12:17:08,buy,0.02,NZDCAD,0.81793,15/07/2026 12:18:44,0.81802,-0.10,0.00,0.90,0.03,0.03,0.90,-0.19,-0.60,1,Dragon Wave_BZ1,0.03,0.03hrs
15/07/2026 12:14:21,buy,0.01,NZDCAD,0.81806,15/07/2026 12:18:44,0.81804,-0.05,0.00,-0.20,-0.06,0.00,0.00,-0.19,-1.90,1,Dragon Wave_BZ0,0.07,0.07hrs
15/07/2026 12:12:27,buy,0.01,XAUUSD,4030.70000,15/07/2026 12:18:36,4031.36000,-0.15,0.00,6.60,0.51,0.51,6.60,-1.26,-11.10,1,Dragon Wave_CZ0,0.10,0.10hrs
15/07/2026 12:15:16,buy,0.01,GBPCAD,1.88257,15/07/2026 12:18:34,1.88284,-0.05,0.00,2.70,0.14,0.14,2.70,-0.08,-0.40,1,Dragon Wave_CZ0,0.06,0.06hrs
15/07/2026 12:11:13,buy,0.02,NZDCHF,0.47149,15/07/2026 12:16:08,0.47152,-0.10,0.00,0.30,-0.03,0.00,0.30,-0.03,0.00,1,Dragon Wave_AZ1,0.08,0.08hrs
15/07/2026 12:10:23,buy,0.01,NZDCHF,0.47151,15/07/2026 12:16:08,0.47152,-0.05,0.00,0.10,-0.04,0.00,0.10,-0.04,0.00,1,Dragon Wave_AZ0,0.10,0.10hrs
15/07/2026 12:13:24,buy,0.01,XAUUSD,4029.84000,15/07/2026 12:15:12,4031.42000,-0.15,0.00,15.80,1.43,1.43,15.80,0.00,0.00,1,Dragon Wave_BZ0,0.03,0.03hrs
15/07/2026 12:11:26,buy,0.02,CADCHF,0.57625,15/07/2026 12:13:54,0.57631,-0.10,0.00,0.60,0.05,0.05,0.60,0.00,0.00,1,Dragon Wave_AZ1,0.04,0.04hrs
15/07/2026 12:10:18,buy,0.01,CADCHF,0.57632,15/07/2026 12:13:54,0.57631,-0.05,0.00,-0.10,-0.06,0.00,0.00,-0.06,-0.10,1,Dragon Wave_AZ0,0.06,0.06hrs
15/07/2026 12:11:36,buy,0.01,GBPCHF,1.08507,15/07/2026 12:13:22,1.08514,-0.05,0.00,0.70,0.04,0.04,0.70,0.00,0.00,1,Dragon Wave_CZ0,0.03,0.03hrs
15/07/2026 12:11:16,buy,0.01,USDJPY,162.25400,15/07/2026 12:11:55,162.30100,-0.05,0.00,4.70,0.24,0.24,4.70,0.00,0.00,1,Dragon Wave_AZ0,0.01,0.01hrs
15/07/2026 12:11:28,buy,0.01,GBPJPY,217.39900,15/07/2026 12:11:54,217.42300,-0.05,0.00,2.40,0.10,0.10,2.40,0.00,0.00,1,Dragon Wave_AZ0,0.01,0.01hrs
15/07/2026 12:09:07,buy,0.01,EURUSD,1.14229,15/07/2026 12:10:02,1.14238,-0.05,0.00,0.90,0.04,0.04,0.90,-0.04,0.00,1,Dragon Wave_AZ0,0.02,0.02hrs
15/07/2026 12:08:13,buy,0.01,EURUSD,1.14228,15/07/2026 12:08:40,1.14234,-0.05,0.00,0.60,0.01,0.01,0.60,0.00,0.00,1,Dragon Wave_AZ0,0.01,0.01hrs
15/07/2026 12:08:15,buy,0.01,XAUUSD,4031.07000,15/07/2026 12:08:39,4032.22000,-0.15,0.00,11.50,1.00,1.00,11.50,0.00,0.00,1,Dragon Wave_CZ0,0.01,0.01hrs
15/07/2026 12:05:19,buy,0.01,CADCHF,0.57630,15/07/2026 12:06:53,0.57637,-0.05,0.00,0.70,0.03,0.03,0.70,0.00,0.00,1,Dragon Wave_AZ0,0.03,0.03hrs
15/07/2026 12:03:28,buy,0.01,AUDUSD,0.69870,15/07/2026 12:05:38,0.69880,-0.05,0.00,1.00,0.05,0.05,1.00,0.00,0.00,1,Dragon Wave_AZ0,0.04,0.04hrs
15/07/2026 12:02:20,buy,0.02,EURUSD,1.14232,15/07/2026 12:04:31,1.14234,-0.10,0.00,0.20,-0.06,0.00,0.20,-0.08,0.00,1,Dragon Wave_AZ1,0.04,0.04hrs
15/07/2026 12:01:20,buy,0.01,EURUSD,1.14239,15/07/2026 12:04:31,1.14234,-0.05,0.00,-0.50,-0.10,0.00,0.00,-0.11,-0.60,1,Dragon Wave_AZ0,0.05,0.05hrs
15/07/2026 12:03:25,buy,0.03,EURUSD,1.14213,15/07/2026 12:04:30,1.14234,-0.15,0.00,2.10,0.48,0.48,2.10,0.00,0.00,1,Dragon Wave_AZ2,0.02,0.02hrs
15/07/2026 12:03:35,buy,0.01,EURUSD,1.14218,15/07/2026 12:04:05,1.14229,-0.05,0.00,1.10,0.06,0.06,1.10,0.00,0.00,1,Dragon Wave_BZ0,0.01,0.01hrs
15/07/2026 12:00:48,buy,0.01,USDJPY,162.29500,15/07/2026 12:03:38,162.31600,-0.05,0.00,2.10,0.08,0.08,2.10,-0.05,0.00,1,Dragon Wave_CZ0,0.05,0.05hrs
15/07/2026 12:03:10,buy,0.01,GBPJPY,217.40300,15/07/2026 12:03:35,217.41900,-0.05,0.00,1.60,0.05,0.05,1.60,0.00,0.00,1,Dragon Wave_AZ0,0.01,0.01hrs
15/07/2026 12:03:21,buy,0.01,GBPCAD,1.88241,15/07/2026 12:03:33,1.88271,-0.05,0.00,3.00,0.17,0.17,3.00,0.00,0.00,1,Dragon Wave_BZ0,0.00,0.00hrs
15/07/2026 11:59:15,buy,0.02,USDJPY,162.29900,15/07/2026 12:03:30,162.32400,-0.10,0.00,2.50,0.21,0.21,2.50,-0.15,-0.40,1,Dragon Wave_BZ1,0.07,0.07hrs
15/07/2026 11:57:30,buy,0.01,USDJPY,162.31500,15/07/2026 12:03:30,162.32400,-0.05,0.00,0.90,0.01,0.01,0.90,-0.17,-2.00,1,Dragon Wave_BZ0,0.10,0.10hrs
15/07/2026 11:49:35,buy,0.02,GBPJPY,217.38900,15/07/2026 11:59:35,217.41500,-0.10,0.00,2.60,0.22,0.22,2.60,-0.42,-2.60,1,Dragon Wave_BZ1,0.17,0.17hrs
15/07/2026 11:40:24,buy,0.01,GBPJPY,217.40700,15/07/2026 11:59:35,217.41500,-0.05,0.00,0.00,0.00,0.00,0.00,-0.32,-4.40,1,Dragon Wave_BZ0,0.32,0.32hrs
15/07/2026 11:36:16,buy,0.01,GBPUSD,1.33981,15/07/2026 11:58:39,1.33961,-0.05,0.00,-2.00,-0.25,0.00,0.00,-0.65,-6.00,1,Dragon Wave_AZ0,0.37,0.37hrs
15/07/2026 11:49:25,buy,0.03,GBPUSD,1.33927,15/07/2026 11:58:38,1.33961,-0.15,0.00,3.40,0.87,0.87,3.40,-0.33,-0.60,1,Dragon Wave_AZ2,0.15,0.15hrs
15/07/2026 11:41:21,buy,0.02,GBPUSD,1.33958,15/07/2026 11:58:38,1.33961,-0.10,0.00,0.30,-0.04,0.00,0.30,-0.84,-3.70,1,Dragon Wave_AZ1,0.29,0.29hrs
15/07/2026 11:43:27,buy,0.01,AUDJPY,113.39500,15/07/2026 11:57:53,113.40500,-0.05,0.00,1.00,0.02,0.02,1.00,-0.11,-1.00,1,Dragon Wave_CZ0,0.24,0.24hrs
15/07/2026 11:44:07,buy,0.02,AUDUSD,0.69871,15/07/2026 11:57:51,0.69868,-0.10,0.00,-0.30,-0.16,0.00,0.00,-0.40,-1.50,1,Dragon Wave_AZ1,0.23,0.23hrs
15/07/2026 11:36:13,buy,0.01,AUDUSD,0.69879,15/07/2026 11:57:51,0.69868,-0.05,0.00,-1.10,-0.16,0.00,0.00,-0.28,-2.30,1,Dragon Wave_AZ0,0.36,0.36hrs
15/07/2026 11:48:23,buy,0.03,AUDUSD,0.69853,15/07/2026 11:57:50,0.69867,-0.15,0.00,1.40,0.27,0.27,1.40,-0.06,0.00,1,Dragon Wave_AZ2,0.16,0.16hrs
15/07/2026 11:49:35,buy,0.02,GBPUSD,1.33927,15/07/2026 11:57:35,1.33946,-0.10,0.00,1.90,0.28,0.28,1.90,-0.22,-0.60,1,Dragon Wave_CZ1,0.13,0.13hrs
15/07/2026 11:39:26,buy,0.01,GBPUSD,1.33963,15/07/2026 11:57:35,1.33946,-0.05,0.00,-1.70,-0.22,0.00,0.00,-0.47,-4.20,1,Dragon Wave_CZ0,0.30,0.30hrs
15/07/2026 11:48:27,buy,0.01,NZDJPY,94.42500,15/07/2026 11:56:41,94.43800,-0.05,0.00,1.30,0.03,0.03,1.30,-0.12,-1.20,1,Dragon Wave_AZ0,0.14,0.14hrs
15/07/2026 11:49:35,buy,0.02,GBPJPY,217.38900,15/07/2026 11:56:29,217.41200,-0.10,0.00,2.30,0.18,0.18,2.30,-0.42,-2.60,1,Dragon Wave_CZ1,0.12,0.12hrs
15/07/2026 11:42:20,buy,0.01,GBPJPY,217.41200,15/07/2026 11:56:29,217.41200,-0.05,0.00,0.00,-0.05,0.00,0.00,-0.35,-4.90,1,Dragon Wave_CZ0,0.24,0.24hrs
15/07/2026 11:52:12,buy,0.01,NZDCAD,0.81763,15/07/2026 11:54:06,0.81772,-0.05,0.00,0.90,0.02,0.02,0.90,0.00,0.00,1,Dragon Wave_AZ0,0.03,0.03hrs
15/07/2026 11:43:19,buy,0.01,NZDCHF,0.47136,15/07/2026 11:53:55,0.47138,-0.05,0.00,0.20,-0.02,0.00,0.20,-0.11,-0.50,1,Dragon Wave_BZ0,0.18,0.18hrs
15/07/2026 11:47:27,buy,0.02,NZDCHF,0.47131,15/07/2026 11:53:54,0.47138,-0.10,0.00,0.70,0.07,0.07,0.70,-0.10,0.00,1,Dragon Wave_BZ1,0.11,0.11hrs
15/07/2026 11:44:29,buy,0.01,NZDCHF,0.47134,15/07/2026 11:53:38,0.47135,-0.05,0.00,0.10,-0.03,0.00,0.10,-0.09,-0.30,1,Dragon Wave_CZ0,0.15,0.15hrs
15/07/2026 11:48:42,buy,0.02,NZDCHF,0.47126,15/07/2026 11:53:37,0.47135,-0.10,0.00,0.90,0.13,0.13,0.90,0.00,0.00,1,Dragon Wave_CZ1,0.08,0.08hrs
15/07/2026 11:52:18,buy,0.01,GBPCAD,1.88221,15/07/2026 11:53:29,1.88238,-0.05,0.00,1.70,0.07,0.07,1.70,0.00,0.00,1,Dragon Wave_BZ0,0.02,0.02hrs
15/07/2026 11:50:16,buy,0.02,GBPUSD,1.33913,15/07/2026 11:52:38,1.33936,-0.10,0.00,2.30,0.36,0.36,2.30,0.00,0.00,1,Dragon Wave_BZ1,0.04,0.04hrs
15/07/2026 11:40:23,buy,0.01,GBPUSD,1.33952,15/07/2026 11:52:38,1.33937,-0.05,0.00,-1.50,-0.20,0.00,0.00,-0.36,-3.10,1,Dragon Wave_BZ0,0.20,0.20hrs
15/07/2026 11:52:19,buy,0.01,EURCAD,1.60535,15/07/2026 11:52:33,1.60550,-0.05,0.00,1.50,0.06,0.06,1.50,0.00,0.00,1,Dragon Wave_BZ0,0.00,0.00hrs
15/07/2026 11:52:22,buy,0.01,NZDCAD,0.81760,15/07/2026 11:52:32,0.81769,-0.05,0.00,0.90,0.01,0.01,0.90,0.00,0.00,1,Dragon Wave_BZ0,0.00,0.00hrs
15/07/2026 11:52:18,buy,0.01,EURUSD,1.14217,15/07/2026 11:52:29,1.14232,-0.05,0.00,1.50,0.10,0.10,1.50,0.00,0.00,1,Dragon Wave_AZ0,0.00,0.00hrs
15/07/2026 11:40:22,buy,0.01,NZDCAD,0.81776,15/07/2026 11:51:53,0.81775,-0.05,0.00,-0.10,-0.06,0.00,0.40,-0.13,-1.10,1,Dragon Wave_CZ0,0.19,0.19hrs
15/07/2026 11:48:44,buy,0.02,NZDCAD,0.81764,15/07/2026 11:51:52,0.81775,-0.10,0.00,1.10,0.05,0.05,1.10,-0.09,0.00,1,Dragon Wave_CZ1,0.05,0.05hrs
15/07/2026 09:44:10,buy,0.02,EURCAD,1.60755,15/07/2026 11:51:37,1.60559,-0.10,0.00,-19.60,-2.89,0.00,0.00,-3.96,-27.10,1,Dragon Wave_AZ1,2.12,2.12hrs
15/07/2026 09:32:14,buy,0.01,EURCAD,1.60787,15/07/2026 11:51:37,1.60559,-0.05,0.00,-22.80,-1.67,0.00,0.00,-2.21,-30.30,1,Dragon Wave_AZ0,2.32,2.32hrs
15/07/2026 10:04:14,buy,0.07,EURCAD,1.60594,15/07/2026 11:51:36,1.60559,-0.35,0.00,-3.50,-2.10,0.00,0.00,-5.83,-11.00,1,Dragon Wave_AZ4,1.79,1.79hrs
15/07/2026 10:02:11,buy,0.04,EURCAD,1.60638,15/07/2026 11:51:36,1.60559,-0.20,0.00,-7.90,-2.44,0.00,0.00,-4.58,-15.40,1,Dragon Wave_AZ3,1.82,1.82hrs
15/07/2026 09:50:12,buy,0.03,EURCAD,1.60715,15/07/2026 11:51:36,1.60559,-0.15,0.00,-15.60,-3.48,0.00,0.40,-5.08,-23.10,1,Dragon Wave_AZ2,2.02,2.02hrs
15/07/2026 10:42:01,buy,0.18,EURCAD,1.60497,15/07/2026 11:51:35,1.60549,-0.90,0.00,5.20,5.76,7.68,6.70,-2.57,-1.30,1,Dragon Wave_AZ6,1.16,1.16hrs
15/07/2026 10:23:18,buy,0.11,EURCAD,1.60519,15/07/2026 11:51:35,1.60549,-0.55,0.00,3.00,1.80,2.97,4.50,-3.29,-3.50,1,Dragon Wave_AZ5,1.47,1.47hrs
15/07/2026 11:49:16,buy,0.01,GBPCAD,1.88233,15/07/2026 11:51:33,1.88251,-0.05,0.00,1.80,0.07,0.07,1.80,-0.16,-1.50,1,Dragon Wave_BZ0,0.04,0.04hrs
15/07/2026 11:48:30,buy,0.02,NZDCAD,0.81763,15/07/2026 11:51:33,0.81773,-0.10,0.00,1.00,0.04,0.04,1.00,-0.07,0.00,1,Dragon Wave_AZ1,0.05,0.05hrs
15/07/2026 11:43:21,buy,0.01,NZDCAD,0.81773,15/07/2026 11:51:33,0.81771,-0.05,0.00,-0.20,-0.06,0.00,0.00,-0.11,-0.80,1,Dragon Wave_AZ0,0.14,0.14hrs
15/07/2026 11:49:16,buy,0.01,NZDCAD,0.81755,15/07/2026 11:51:24,0.81769,-0.05,0.00,1.40,0.05,0.05,1.40,0.00,0.00,1,Dragon Wave_BZ0,0.04,0.04hrs
15/07/2026 11:51:02,buy,0.02,GBPJPY,217.37600,15/07/2026 11:51:19,217.39000,-0.10,0.00,1.40,0.07,0.07,1.40,0.00,0.00,1,Dragon Wave_AZ1,0.00,0.00hrs
15/07/2026 11:49:18,buy,0.01,GBPJPY,217.39000,15/07/2026 11:51:19,217.39000,-0.05,0.00,0.00,-0.05,0.00,0.00,-0.22,-2.70,1,Dragon Wave_AZ0,0.03,0.03hrs
15/07/2026 11:50:13,buy,0.02,AUDJPY,113.38000,15/07/2026 11:51:06,113.39000,-0.10,0.00,1.00,0.02,0.02,1.00,0.00,0.00,1,Dragon Wave_AZ1,0.01,0.01hrs
15/07/2026 11:47:14,buy,0.01,AUDJPY,113.39200,15/07/2026 11:51:06,113.39000,-0.05,0.00,-0.20,-0.06,0.00,0.00,-0.09,-0.70,1,Dragon Wave_AZ0,0.06,0.06hrs
15/07/2026 11:46:31,buy,0.01,CADCHF,0.57635,15/07/2026 11:49:17,0.57644,-0.05,0.00,0.90,0.06,0.06,0.90,0.00,0.00,1,Dragon Wave_BZ0,0.05,0.05hrs
15/07/2026 11:48:23,buy,0.01,EURUSD,1.14230,15/07/2026 11:48:46,1.14241,-0.05,0.00,1.10,0.06,0.06,1.10,0.00,0.00,1,Dragon Wave_AZ0,0.01,0.01hrs
15/07/2026 11:40:31,buy,0.01,CHFJPY,200.34600,15/07/2026 11:46:36,200.36200,-0.05,0.00,1.60,0.05,0.09,2.20,-0.04,0.00,1,Dragon Wave_CZ0,0.10,0.10hrs
15/07/2026 11:43:16,buy,0.02,NZDCHF,0.47136,15/07/2026 11:46:08,0.47140,-0.10,0.00,0.00,0.00,0.00,0.00,-0.15,-0.20,1,Dragon Wave_AZ1,0.05,0.05hrs
15/07/2026 11:42:21,buy,0.01,NZDCHF,0.47140,15/07/2026 11:46:08,0.47140,-0.05,0.00,0.00,-0.05,0.00,0.00,-0.12,-0.60,1,Dragon Wave_AZ0,0.06,0.06hrs
15/07/2026 11:40:15,buy,0.01,EURUSD,1.14252,15/07/2026 11:45:48,1.14258,-0.05,0.00,0.60,0.01,0.01,0.60,-0.18,-1.30,1,Dragon Wave_BZ0,0.09,0.09hrs
15/07/2026 11:40:24,buy,0.01,EURJPY,185.41900,15/07/2026 11:42:18,185.43500,-0.05,0.00,1.60,0.05,0.05,1.60,0.00,0.00,1,Dragon Wave_BZ0,0.03,0.03hrs
15/07/2026 11:40:24,buy,0.01,CADJPY,115.49500,15/07/2026 11:40:44,115.50500,-0.05,0.00,1.00,0.01,0.01,1.00,0.00,0.00,1,Dragon Wave_AZ0,0.01,0.01hrs
15/07/2026 11:36:15,buy,0.01,XAUUSD,4025.02000,15/07/2026 11:38:53,4026.54000,-0.14,0.00,15.20,1.38,1.38,15.20,0.00,0.00,1,Dragon Wave_BZ0,0.04,0.04hrs
15/07/2026 11:36:29,buy,0.01,EURUSD,1.14248,15/07/2026 11:38:20,1.14261,-0.05,0.00,1.30,0.08,0.08,1.30,0.00,0.00,1,Dragon Wave_BZ0,0.03,0.03hrs
15/07/2026 11:30:10,buy,0.04,USDCHF,0.80964,15/07/2026 11:37:55,0.80984,-0.20,0.00,2.00,0.79,0.79,2.00,0.00,0.00,1,Dragon Wave_AZ3,0.13,0.13hrs
15/07/2026 11:25:11,buy,0.03,USDCHF,0.80985,15/07/2026 11:37:55,0.80984,-0.15,0.00,-0.10,-0.19,0.00,0.00,-0.89,-2.00,1,Dragon Wave_AZ2,0.21,0.21hrs
15/07/2026 11:20:09,buy,0.02,USDCHF,0.80991,15/07/2026 11:37:55,0.80985,-0.10,0.00,-0.60,-0.25,0.00,0.00,-0.74,-2.60,1,Dragon Wave_AZ1,0.30,0.30hrs
15/07/2026 11:15:05,buy,0.01,USDCHF,0.80993,15/07/2026 11:37:55,0.80985,-0.05,0.00,-0.80,-0.15,0.00,0.00,-0.40,-2.80,1,Dragon Wave_AZ0,0.38,0.38hrs
15/07/2026 11:26:43,buy,0.01,USDCAD,1.40493,15/07/2026 11:37:05,1.40502,-0.05,0.00,0.90,0.01,0.01,0.90,-0.10,-0.70,1,Dragon Wave_CZ0,0.17,0.17hrs
15/07/2026 11:36:13,buy,0.01,NZDCAD,0.81775,15/07/2026 11:37:00,0.81786,-0.05,0.00,1.10,0.03,0.03,1.10,0.00,0.00,1,Dragon Wave_CZ0,0.01,0.01hrs
15/07/2026 11:30:33,buy,0.03,USDJPY,162.27200,15/07/2026 11:35:25,162.30200,-0.15,0.00,3.00,0.40,0.40,3.00,0.00,0.00,1,Dragon Wave_BZ2,0.08,0.08hrs
15/07/2026 11:22:29,buy,0.02,USDJPY,162.30600,15/07/2026 11:35:25,162.30200,-0.10,0.00,-0.40,-0.15,0.08,1.50,-0.32,-1.80,1,Dragon Wave_BZ1,0.22,0.22hrs
15/07/2026 11:18:43,buy,0.01,USDJPY,162.32200,15/07/2026 11:35:25,162.30300,-0.05,0.00,-1.90,-0.17,0.00,0.00,-0.26,-3.40,1,Dragon Wave_BZ0,0.28,0.28hrs
15/07/2026 11:30:58,buy,0.01,USDJPY,162.27300,15/07/2026 11:34:34,162.28400,-0.05,0.00,1.10,0.02,0.02,1.10,0.00,0.00,1,Dragon Wave_CZ0,0.06,0.06hrs
15/07/2026 11:28:39,buy,0.01,CADCHF,0.57634,15/07/2026 11:34:34,0.57637,-0.05,0.00,0.30,-0.01,0.00,0.30,-0.07,-0.20,1,Dragon Wave_CZ0,0.10,0.10hrs
15/07/2026 11:30:21,buy,0.02,CADCHF,0.57626,15/07/2026 11:34:33,0.57637,-0.10,0.00,1.10,0.17,0.17,1.10,0.00,0.00,1,Dragon Wave_CZ1,0.07,0.07hrs
15/07/2026 11:29:28,buy,0.01,CADCHF,0.57631,15/07/2026 11:34:31,0.57636,-0.05,0.00,0.50,0.01,0.01,0.50,-0.04,0.00,1,Dragon Wave_BZ0,0.08,0.08hrs
15/07/2026 11:32:22,buy,0.01,NZDCAD,0.81780,15/07/2026 11:33:37,0.81789,-0.05,0.00,0.90,0.01,0.01,0.90,0.00,0.00,1,Dragon Wave_AZ0,0.02,0.02hrs
15/07/2026 11:26:20,buy,0.02,GBPNZD,2.30152,15/07/2026 11:30:23,2.30191,-0.10,0.00,3.90,0.36,0.36,3.90,0.00,0.00,1,Dragon Wave_CZ1,0.07,0.07hrs
15/07/2026 11:18:26,buy,0.01,GBPNZD,2.30218,15/07/2026 11:30:23,2.30192,-0.05,0.00,-2.60,-0.20,0.00,0.00,-0.38,-5.60,1,Dragon Wave_CZ0,0.20,0.20hrs
15/07/2026 11:15:41,buy,0.04,GBPUSD,1.33950,15/07/2026 11:30:10,1.34004,-0.20,0.00,5.40,1.96,1.96,5.40,-0.36,-0.40,1,Dragon Wave_AZ3,0.24,0.24hrs
15/07/2026 11:10:03,buy,0.03,GBPUSD,1.33997,15/07/2026 11:30:10,1.34004,-0.15,0.00,0.70,0.06,0.06,0.70,-1.68,-5.10,1,Dragon Wave_AZ2,0.34,0.34hrs
15/07/2026 11:07:13,buy,0.02,GBPUSD,1.34028,15/07/2026 11:30:10,1.34004,-0.10,0.00,-2.40,-0.58,0.00,0.00,-1.74,-8.20,1,Dragon Wave_AZ1,0.38,0.38hrs
15/07/2026 11:06:24,buy,0.01,GBPUSD,1.34047,15/07/2026 11:30:10,1.34004,-0.05,0.00,-4.30,-0.48,0.00,0.00,-1.06,-10.10,1,Dragon Wave_AZ0,0.40,0.40hrs
15/07/2026 11:27:12,buy,0.01,EURUSD,1.14234,15/07/2026 11:28:51,1.14244,-0.05,0.00,1.00,0.05,0.05,1.00,0.00,0.00,1,Dragon Wave_BZ0,0.03,0.03hrs
15/07/2026 11:21:29,buy,0.01,USDJPY,162.30400,15/07/2026 11:27:40,162.31700,-0.05,0.00,1.30,0.03,0.05,1.70,-0.06,-0.10,1,Dragon Wave_CZ0,0.10,0.10hrs
15/07/2026 11:20:23,buy,0.01,CADCHF,0.57632,15/07/2026 11:26:39,0.57644,-0.05,0.00,1.20,0.09,0.09,1.20,0.00,0.00,1,Dragon Wave_CZ0,0.10,0.10hrs
15/07/2026 11:07:41,buy,0.01,AUDUSD,0.69863,15/07/2026 11:25:45,0.69870,-0.05,0.00,0.70,0.02,0.02,0.70,-0.15,-1.00,1,Dragon Wave_AZ0,0.30,0.30hrs
15/07/2026 11:24:24,buy,0.02,AUDJPY,113.37100,15/07/2026 11:25:33,113.40300,-0.10,0.00,3.20,0.29,0.29,3.20,0.00,0.00,1,Dragon Wave_CZ1,0.02,0.02hrs
15/07/2026 11:21:25,buy,0.01,AUDJPY,113.38400,15/07/2026 11:25:33,113.40300,-0.05,0.00,1.90,0.07,0.07,1.90,-0.07,-0.30,1,Dragon Wave_CZ0,0.07,0.07hrs
15/07/2026 11:20:30,buy,0.01,CADJPY,115.50100,15/07/2026 11:25:10,115.51500,-0.05,0.00,1.40,0.03,0.03,1.40,-0.07,-0.30,1,Dragon Wave_CZ0,0.08,0.08hrs
15/07/2026 11:18:41,buy,0.01,GBPJPY,217.44000,15/07/2026 11:24:58,217.46200,-0.05,0.00,2.20,0.09,0.09,2.20,-0.29,-3.90,1,Dragon Wave_BZ0,0.10,0.10hrs
15/07/2026 11:20:25,buy,0.01,GBPJPY,217.44000,15/07/2026 11:24:56,217.45800,-0.05,0.00,1.80,0.06,0.06,1.80,-0.29,-3.90,1,Dragon Wave_AZ0,0.08,0.08hrs
15/07/2026 11:15:48,buy,0.03,GBPUSD,1.33952,15/07/2026 11:24:43,1.33988,-0.15,0.00,3.60,0.93,0.93,3.60,-0.33,-0.60,1,Dragon Wave_BZ2,0.15,0.15hrs
15/07/2026 11:13:28,buy,0.02,GBPUSD,1.33991,15/07/2026 11:24:43,1.33988,-0.10,0.00,-0.30,-0.16,0.00,0.00,-1.00,-4.50,1,Dragon Wave_BZ1,0.19,0.19hrs
15/07/2026 11:07:25,buy,0.01,GBPUSD,1.34023,15/07/2026 11:24:43,1.33988,-0.05,0.00,-3.50,-0.40,0.00,0.00,-0.82,-7.70,1,Dragon Wave_BZ0,0.29,0.29hrs
15/07/2026 11:23:26,buy,0.01,AUDUSD,0.69848,15/07/2026 11:24:30,0.69858,-0.05,0.00,1.00,0.05,0.05,1.00,0.00,0.00,1,Dragon Wave_CZ0,0.02,0.02hrs
15/07/2026 11:15:51,buy,0.02,GBPUSD,1.33950,15/07/2026 11:24:27,1.33977,-0.10,0.00,2.70,0.44,0.44,2.70,-0.18,-0.40,1,Dragon Wave_CZ1,0.14,0.14hrs
15/07/2026 11:09:07,buy,0.01,GBPUSD,1.34004,15/07/2026 11:24:27,1.33981,-0.05,0.00,-2.30,-0.28,0.00,0.00,-0.63,-5.80,1,Dragon Wave_CZ0,0.26,0.26hrs
15/07/2026 11:23:31,buy,0.01,EURUSD,1.14230,15/07/2026 11:24:05,1.14241,-0.05,0.00,1.10,0.06,0.06,1.10,0.00,0.00,1,Dragon Wave_AZ0,0.01,0.01hrs
15/07/2026 11:07:15,buy,0.01,NZDCHF,0.47128,15/07/2026 11:18:41,0.47130,-0.05,0.00,0.20,-0.02,0.00,0.20,-0.10,-0.40,1,Dragon Wave_AZ0,0.19,0.19hrs
15/07/2026 11:15:48,buy,0.01,GBPJPY,217.45700,15/07/2026 11:17:35,217.49000,-0.05,0.00,3.30,0.15,0.15,3.30,0.00,0.00,1,Dragon Wave_CZ0,0.03,0.03hrs
15/07/2026 11:15:41,buy,0.01,GBPJPY,217.44800,15/07/2026 11:17:12,217.48000,-0.05,0.00,3.20,0.15,0.15,3.20,0.00,0.00,1,Dragon Wave_BZ0,0.03,0.03hrs
15/07/2026 11:10:21,buy,0.01,NZDCAD,0.81748,15/07/2026 11:16:23,0.81757,-0.05,0.00,0.90,0.02,0.02,0.90,-0.07,-0.30,1,Dragon Wave_CZ0,0.10,0.10hrs
15/07/2026 11:14:20,buy,0.01,XAUUSD,4018.34000,15/07/2026 11:15:31,4020.32000,-0.14,0.00,19.80,1.84,1.84,19.80,-0.03,0.00,1,Dragon Wave_BZ0,0.02,0.02hrs
15/07/2026 09:44:11,buy,0.03,EURJPY,185.44900,15/07/2026 11:13:44,185.44700,-0.15,0.00,-0.20,-0.18,0.00,0.00,-2.00,-10.00,1,Dragon Wave_BZ2,1.49,1.49hrs
15/07/2026 09:41:13,buy,0.02,EURJPY,185.51000,15/07/2026 11:13:44,185.44700,-0.10,0.00,-6.30,-0.87,0.00,0.00,-2.08,-16.10,1,Dragon Wave_BZ1,1.54,1.54hrs
15/07/2026 09:27:07,buy,0.01,EURJPY,185.56100,15/07/2026 11:13:44,185.44900,-0.05,0.00,-11.20,-0.74,0.00,0.00,-1.36,-21.20,1,Dragon Wave_BZ0,1.78,1.78hrs
15/07/2026 10:18:22,buy,0.04,EURJPY,185.36700,15/07/2026 11:13:43,185.44900,-0.20,0.00,8.20,1.82,1.82,8.20,-0.64,-1.80,1,Dragon Wave_BZ3,0.92,0.92hrs
15/07/2026 11:10:25,buy,0.01,GBPCAD,1.88258,15/07/2026 11:12:37,1.88280,-0.05,0.00,2.20,0.11,0.11,2.20,-0.11,-0.90,1,Dragon Wave_CZ0,0.04,0.04hrs
15/07/2026 11:07:16,buy,0.01,EURUSD,1.14242,15/07/2026 11:11:30,1.14231,-0.05,0.00,-1.10,-0.16,0.00,0.00,-0.16,-1.10,1,Dragon Wave_AZ0,0.07,0.07hrs
15/07/2026 11:08:11,buy,0.02,EURUSD,1.14235,15/07/2026 11:11:29,1.14231,-0.10,0.00,-0.40,-0.18,0.00,0.00,-0.18,-0.40,1,Dragon Wave_AZ1,0.06,0.06hrs
15/07/2026 11:08:40,buy,0.01,AUDCAD,0.98148,15/07/2026 11:11:27,0.98158,-0.05,0.00,1.00,0.02,0.02,1.00,0.00,0.00,1,Dragon Wave_CZ0,0.05,0.05hrs
15/07/2026 11:06:25,buy,0.01,AUDJPY,113.40000,15/07/2026 11:10:43,113.39400,-0.05,0.00,-0.60,-0.09,0.00,0.00,-0.09,-0.60,1,Dragon Wave_AZ0,0.07,0.07hrs
15/07/2026 11:07:19,buy,0.02,AUDJPY,113.38000,15/07/2026 11:10:42,113.39400,-0.10,0.00,1.40,0.07,0.07,1.40,0.00,0.00,1,Dragon Wave_AZ1,0.06,0.06hrs
15/07/2026 11:08:29,buy,0.01,CADJPY,115.51400,15/07/2026 11:10:37,115.53000,-0.05,0.00,1.60,0.05,0.05,1.60,0.00,0.00,1,Dragon Wave_BZ0,0.04,0.04hrs
15/07/2026 11:02:29,buy,0.01,USDJPY,162.26100,15/07/2026 11:07:14,162.28100,-0.05,0.00,2.00,0.07,0.07,2.00,-0.06,-0.10,1,Dragon Wave_BZ0,0.08,0.08hrs
15/07/2026 11:00:45,buy,0.01,XAUUSD,4022.04000,15/07/2026 11:02:20,4024.18000,-0.14,0.00,21.40,2.00,2.00,21.40,0.00,0.00,1,Dragon Wave_CZ0,0.03,0.03hrs
15/07/2026 11:00:30,buy,0.01,NZDCAD,0.81764,15/07/2026 11:02:15,0.81775,-0.05,0.00,1.10,0.02,0.02,1.10,0.00,0.00,1,Dragon Wave_BZ0,0.03,0.03hrs
15/07/2026 11:00:15,buy,0.01,XAUUSD,4023.14000,15/07/2026 11:02:14,4022.84000,-0.14,0.00,-3.00,-0.44,0.00,0.00,-0.44,-3.00,1,Dragon Wave_BZ0,0.03,0.03hrs
15/07/2026 11:01:14,buy,0.02,XAUUSD,4021.42000,15/07/2026 11:02:13,4022.84000,-0.29,0.00,14.20,2.55,2.55,14.20,0.00,0.00,1,Dragon Wave_BZ1,0.02,0.02hrs
15/07/2026 11:00:26,buy,0.01,XAGUSD,58.12300,15/07/2026 11:01:54,58.13900,-0.10,0.00,160.00,0.70,0.70,160.00,0.00,0.00,1,Dragon Wave_BZ0,0.02,0.02hrs
15/07/2026 10:59:16,buy,0.01,NZDCHF,0.47118,15/07/2026 11:01:49,0.47122,-0.05,0.00,0.00,0.00,0.00,0.00,-0.06,-0.10,1,Dragon Wave_AZ0,0.04,0.04hrs
15/07/2026 11:00:36,buy,0.01,GBPUSD,1.34014,15/07/2026 11:01:00,1.34028,-0.05,0.00,1.40,0.09,0.09,1.40,0.00,0.00,1,Dragon Wave_AZ0,0.01,0.01hrs
15/07/2026 10:58:07,buy,0.01,EURUSD,1.14230,15/07/2026 11:00:54,1.14240,-0.05,0.00,1.00,0.05,0.05,1.00,-0.11,-0.60,1,Dragon Wave_BZ0,0.05,0.05hrs
15/07/2026 10:58:09,buy,0.01,EURJPY,185.36700,15/07/2026 10:59:47,185.36000,-0.05,0.00,-0.70,-0.09,0.00,0.00,-0.15,-1.60,1,Dragon Wave_AZ0,0.03,0.03hrs
15/07/2026 10:59:07,buy,0.02,EURJPY,185.35700,15/07/2026 10:59:46,185.37400,-0.10,0.00,1.70,0.11,0.11,1.70,-0.17,-0.60,1,Dragon Wave_AZ1,0.01,0.01hrs
15/07/2026 10:58:17,buy,0.01,XAGUSD,58.14100,15/07/2026 10:59:23,58.17000,-0.10,0.00,290.00,1.35,1.35,290.00,0.00,0.00,1,Dragon Wave_CZ0,0.02,0.02hrs
15/07/2026 10:54:17,buy,0.01,EURUSD,1.14231,15/07/2026 10:54:31,1.14241,-0.05,0.00,1.00,0.05,0.05,1.00,0.00,0.00,1,Dragon Wave_AZ0,0.00,0.00hrs
15/07/2026 10:52:27,buy,0.01,CHFJPY,200.37300,15/07/2026 10:54:31,200.39000,-0.05,0.00,1.70,0.06,0.06,1.70,0.00,0.00,1,Dragon Wave_BZ0,0.03,0.03hrs
15/07/2026 10:49:04,buy,0.02,CADCHF,0.57623,15/07/2026 10:52:32,0.57630,-0.10,0.00,0.70,0.08,0.08,0.70,-0.08,0.00,1,Dragon Wave_AZ1,0.06,0.06hrs
15/07/2026 10:45:16,buy,0.01,CADCHF,0.57627,15/07/2026 10:52:32,0.57630,-0.05,0.00,0.30,-0.02,0.00,0.30,-0.09,-0.30,1,Dragon Wave_AZ0,0.12,0.12hrs
15/07/2026 10:51:13,buy,0.02,CADCHF,0.57620,15/07/2026 10:52:28,0.57629,-0.10,0.00,0.90,0.12,0.12,0.90,0.00,0.00,1,Dragon Wave_BZ1,0.02,0.02hrs
15/07/2026 10:44:24,buy,0.01,CADCHF,0.57626,15/07/2026 10:52:28,0.57629,-0.05,0.00,0.30,-0.01,0.00,0.30,-0.07,-0.20,1,Dragon Wave_BZ0,0.13,0.13hrs
15/07/2026 10:45:03,buy,0.02,GBPJPY,217.48700,15/07/2026 10:49:33,217.53800,-0.10,0.00,5.10,0.53,0.53,5.10,0.00,0.00,1,Dragon Wave_BZ1,0.07,0.07hrs
15/07/2026 10:41:24,buy,0.01,GBPJPY,217.55800,15/07/2026 10:49:33,217.52200,-0.05,0.00,-3.60,-0.27,0.00,0.00,-0.35,-4.80,1,Dragon Wave_BZ0,0.14,0.14hrs
15/07/2026 10:47:07,buy,0.02,GBPUSD,1.34032,15/07/2026 10:48:26,1.34049,-0.10,0.00,1.70,0.24,0.24,1.70,0.00,0.00,1,Dragon Wave_AZ1,0.02,0.02hrs
15/07/2026 10:45:08,buy,0.01,GBPUSD,1.34045,15/07/2026 10:48:26,1.34049,-0.05,0.00,0.40,-0.01,0.00,0.40,-0.20,-1.50,1,Dragon Wave_AZ0,0.06,0.06hrs
15/07/2026 09:31:21,buy,0.02,NZDCAD,0.81784,15/07/2026 10:48:25,0.81757,-0.10,0.00,-2.70,-0.49,0.00,0.00,-1.27,-8.20,1,Dragon Wave_CZ1,1.28,1.28hrs
15/07/2026 09:28:28,buy,0.01,NZDCAD,0.81804,15/07/2026 10:48:25,0.81757,-0.05,0.00,-4.70,-0.39,0.00,0.00,-0.78,-10.20,1,Dragon Wave_CZ0,1.33,1.33hrs
15/07/2026 10:05:21,buy,0.04,NZDCAD,0.81729,15/07/2026 10:48:24,0.81758,-0.20,0.00,2.90,0.62,0.62,2.90,-0.97,-2.70,1,Dragon Wave_CZ3,0.72,0.72hrs
15/07/2026 09:59:07,buy,0.03,NZDCAD,0.81749,15/07/2026 10:48:24,0.81757,-0.15,0.00,0.80,0.02,0.02,0.80,-1.15,-4.70,1,Dragon Wave_CZ2,0.82,0.82hrs
15/07/2026 09:35:33,buy,0.01,AUDCAD,0.98212,15/07/2026 10:47:39,0.98150,-0.05,0.00,-6.20,-0.49,0.00,0.00,-0.94,-12.50,1,Dragon Wave_AZ0,1.20,1.20hrs
15/07/2026 10:00:19,buy,0.04,AUDCAD,0.98183,15/07/2026 10:47:38,0.98149,-0.20,0.00,-3.40,-1.17,0.00,0.00,-2.93,-9.60,1,Dragon Wave_AZ3,0.79,0.79hrs
15/07/2026 09:43:10,buy,0.03,AUDCAD,0.98198,15/07/2026 10:47:38,0.98150,-0.15,0.00,-4.80,-1.18,0.00,0.00,-2.52,-11.10,1,Dragon Wave_AZ2,1.07,1.07hrs
15/07/2026 09:38:20,buy,0.02,AUDCAD,0.98206,15/07/2026 10:47:38,0.98150,-0.10,0.00,-5.60,-0.90,0.00,0.20,-1.79,-11.90,1,Dragon Wave_AZ1,1.16,1.16hrs
15/07/2026 10:27:05,buy,0.18,AUDCAD,0.98097,15/07/2026 10:47:37,0.98150,-0.90,0.00,5.30,5.89,5.89,5.30,-0.52,0.00,1,Dragon Wave_AZ6,0.34,0.34hrs
15/07/2026 10:09:03,buy,0.11,AUDCAD,0.98144,15/07/2026 10:47:37,0.98150,-0.55,0.00,0.60,-0.08,0.70,1.60,-5.01,-5.70,1,Dragon Wave_AZ5,0.64,0.64hrs
15/07/2026 10:06:03,buy,0.07,AUDCAD,0.98172,15/07/2026 10:47:37,0.98150,-0.35,0.00,-2.20,-1.45,0.00,0.00,-4.58,-8.50,1,Dragon Wave_AZ4,0.69,0.69hrs
15/07/2026 10:44:26,buy,0.01,USDCAD,1.40508,15/07/2026 10:46:39,1.40517,-0.05,0.00,0.90,0.01,0.01,0.90,0.00,0.00,1,Dragon Wave_CZ0,0.04,0.04hrs
15/07/2026 10:41:19,buy,0.01,EURJPY,185.36200,15/07/2026 10:46:00,185.38200,-0.05,0.00,2.00,0.07,0.07,2.00,-0.08,-0.40,1,Dragon Wave_AZ0,0.08,0.08hrs
15/07/2026 10:43:33,buy,0.01,USDJPY,162.26000,15/07/2026 10:45:42,162.27000,-0.05,0.00,1.00,0.01,0.01,1.00,0.00,0.00,1,Dragon Wave_CZ0,0.04,0.04hrs
15/07/2026 10:36:26,buy,0.01,XAUUSD,4022.44000,15/07/2026 10:44:46,4022.57000,-0.14,0.00,1.30,-0.01,0.00,1.30,-2.37,-22.30,1,Dragon Wave_BZ0,0.14,0.14hrs
15/07/2026 10:42:23,buy,0.01,NZDCAD,0.81736,15/07/2026 10:44:32,0.81749,-0.05,0.00,1.30,0.05,0.05,1.30,0.00,0.00,1,Dragon Wave_BZ0,0.04,0.04hrs
15/07/2026 10:23:56,buy,0.02,AUDUSD,0.69834,15/07/2026 10:44:31,0.69852,-0.10,0.00,1.80,0.26,0.26,1.80,-0.98,-4.40,1,Dragon Wave_CZ1,0.34,0.34hrs
15/07/2026 10:18:46,buy,0.01,AUDUSD,0.69864,15/07/2026 10:44:31,0.69852,-0.05,0.00,-1.20,-0.17,0.00,0.00,-0.79,-7.40,1,Dragon Wave_CZ0,0.43,0.43hrs
﻿15/07/2026 10:41:13,buy,0.01,EURUSD,1.14229,15/07/2026 10:44:30,1.14239,-0.05,0.00,1.00,0.05,0.05,1.00,-0.18,-1.30,1,Dragon Wave_AZ0,0.05,0.05hrs
15/07/2026 10:41:15,buy,0.01,NZDCAD,0.81737,15/07/2026 10:44:28,0.81747,-0.05,0.00,1.00,0.03,0.03,1.00,-0.02,0.00,1,Dragon Wave_AZ0,0.05,0.05hrs
15/07/2026 10:41:33,buy,0.01,GBPUSD,1.34054,15/07/2026 10:43:35,1.34065,-0.05,0.00,1.10,0.06,0.06,1.10,-0.04,0.00,1,Dragon Wave_BZ0,0.03,0.03hrs
15/07/2026 10:38:29,buy,0.01,XAUUSD,4020.62000,15/07/2026 10:43:15,4022.21000,-0.14,0.00,15.90,1.45,1.45,15.90,-0.55,-4.10,1,Dragon Wave_CZ0,0.08,0.08hrs
15/07/2026 10:41:23,buy,0.01,EURUSD,1.14220,15/07/2026 10:41:43,1.14227,-0.05,0.00,0.70,0.02,0.02,0.70,0.00,0.00,1,Dragon Wave_BZ0,0.01,0.01hrs
15/07/2026 10:41:29,buy,0.01,EURAUD,1.63556,15/07/2026 10:41:38,1.63565,-0.05,0.00,0.90,0.01,0.01,0.90,0.00,0.00,1,Dragon Wave_AZ0,0.00,0.00hrs
15/07/2026 10:40:14,buy,0.01,CADCHF,0.57625,15/07/2026 10:40:50,0.57630,-0.05,0.00,0.50,0.01,0.01,0.50,0.00,0.00,1,Dragon Wave_AZ0,0.01,0.01hrs
15/07/2026 10:39:15,buy,0.01,GBPUSD,1.34062,15/07/2026 10:40:16,1.34072,-0.05,0.00,1.00,0.05,0.05,1.00,0.00,0.00,1,Dragon Wave_AZ0,0.02,0.02hrs
15/07/2026 10:38:05,buy,0.01,AUDJPY,113.31700,15/07/2026 10:38:41,113.33000,-0.05,0.00,1.30,0.03,0.03,1.30,0.00,0.00,1,Dragon Wave_AZ0,0.01,0.01hrs
15/07/2026 10:32:38,buy,0.01,USDJPY,162.27200,15/07/2026 10:34:55,162.28300,-0.05,0.00,1.10,0.02,0.02,1.10,0.00,0.00,1,Dragon Wave_AZ0,0.04,0.04hrs
15/07/2026 10:24:32,buy,0.02,AUDJPY,113.29800,15/07/2026 10:32:59,113.32400,-0.10,0.00,2.60,0.22,0.22,2.60,-0.46,-2.90,1,Dragon Wave_BZ1,0.14,0.14hrs
15/07/2026 10:18:16,buy,0.01,AUDJPY,113.33900,15/07/2026 10:32:59,113.32400,-0.05,0.00,-1.50,-0.14,0.00,0.00,-0.48,-7.00,1,Dragon Wave_BZ0,0.25,0.25hrs
15/07/2026 10:18:25,buy,0.01,AUDJPY,113.33800,15/07/2026 10:32:53,113.31800,-0.05,0.00,-2.00,-0.17,0.00,0.00,-0.48,-6.90,1,Dragon Wave_CZ0,0.24,0.24hrs
15/07/2026 10:25:43,buy,0.02,AUDJPY,113.28900,15/07/2026 10:32:52,113.31700,-0.10,0.00,2.80,0.24,0.24,2.80,-0.35,-2.00,1,Dragon Wave_CZ1,0.12,0.12hrs
15/07/2026 10:27:30,buy,0.03,AUDUSD,0.69788,15/07/2026 10:32:47,0.69826,-0.15,0.00,3.80,0.99,0.99,3.80,-0.03,0.00,1,Dragon Wave_BZ2,0.09,0.09hrs
15/07/2026 10:22:53,buy,0.02,AUDUSD,0.69848,15/07/2026 10:32:47,0.69826,-0.10,0.00,-2.20,-0.54,0.00,0.00,-1.26,-5.80,1,Dragon Wave_BZ1,0.17,0.17hrs
15/07/2026 10:18:15,buy,0.01,GBPUSD,1.34133,15/07/2026 10:32:47,1.34103,-0.05,0.00,-3.00,-0.35,0.00,0.00,-1.01,-9.60,1,Dragon Wave_AZ0,0.24,0.24hrs
15/07/2026 10:17:31,buy,0.01,AUDUSD,0.69873,15/07/2026 10:32:47,0.69823,-0.05,0.00,-5.00,-0.55,0.00,0.00,-0.88,-8.30,1,Dragon Wave_BZ0,0.25,0.25hrs
15/07/2026 10:24:16,buy,0.03,GBPUSD,1.34064,15/07/2026 10:32:46,1.34103,-0.15,0.00,3.90,1.02,1.02,3.90,-0.96,-2.70,1,Dragon Wave_AZ2,0.14,0.14hrs
15/07/2026 10:19:35,buy,0.02,GBPUSD,1.34117,15/07/2026 10:32:46,1.34103,-0.10,0.00,-1.40,-0.38,0.00,0.00,-1.70,-8.00,1,Dragon Wave_AZ1,0.22,0.22hrs
15/07/2026 10:18:46,buy,0.01,GBPUSD,1.34116,15/07/2026 10:32:43,1.34097,-0.05,0.00,-1.90,-0.24,0.00,0.00,-0.84,-7.90,1,Dragon Wave_CZ0,0.23,0.23hrs
15/07/2026 10:23:52,buy,0.02,GBPUSD,1.34070,15/07/2026 10:32:42,1.34102,-0.10,0.00,3.20,0.54,0.54,3.20,-0.76,-3.30,1,Dragon Wave_CZ1,0.15,0.15hrs
15/07/2026 10:23:25,buy,0.01,XAUUSD,4025.78000,15/07/2026 10:32:01,4026.00000,-0.14,0.00,2.20,0.08,0.08,2.20,-2.81,-26.70,1,Dragon Wave_BZ0,0.14,0.14hrs
15/07/2026 10:27:11,buy,0.03,AUDJPY,113.25900,15/07/2026 10:31:19,113.29600,-0.15,0.00,3.70,0.53,0.53,3.70,0.00,0.00,1,Dragon Wave_AZ2,0.07,0.07hrs
15/07/2026 10:25:31,buy,0.02,AUDJPY,113.29900,15/07/2026 10:31:19,113.29600,-0.10,0.00,-0.30,-0.14,0.00,0.00,-0.47,-3.00,1,Dragon Wave_AZ1,0.10,0.10hrs
15/07/2026 10:17:29,buy,0.01,AUDJPY,113.34800,15/07/2026 10:31:19,113.29600,-0.05,0.00,-5.20,-0.37,0.00,0.00,-0.54,-7.90,1,Dragon Wave_AZ0,0.23,0.23hrs
15/07/2026 10:27:37,buy,0.01,XAGUSD,58.01800,15/07/2026 10:31:04,58.13600,-0.10,0.00,1180.00,5.80,5.80,1180.00,0.00,0.00,1,Dragon Wave_CZ0,0.06,0.06hrs
15/07/2026 10:05:42,buy,0.01,EURCHF,0.92472,15/07/2026 10:30:35,0.92480,-0.05,0.00,0.80,0.05,0.05,0.80,-0.26,-1.70,1,Dragon Wave_CZ0,0.41,0.41hrs
15/07/2026 10:18:23,buy,0.01,EURUSD,1.14255,15/07/2026 10:29:40,1.14228,-0.05,0.00,-2.70,-0.32,0.00,0.00,-0.51,-4.60,1,Dragon Wave_AZ0,0.19,0.19hrs
15/07/2026 10:27:10,buy,0.03,EURUSD,1.14196,15/07/2026 10:29:39,1.14228,-0.15,0.00,3.20,0.81,0.81,3.20,0.00,0.00,1,Dragon Wave_AZ2,0.04,0.04hrs
15/07/2026 10:26:23,buy,0.02,EURUSD,1.14230,15/07/2026 10:29:39,1.14228,-0.10,0.00,-0.20,-0.14,0.00,0.00,-0.52,-2.10,1,Dragon Wave_AZ1,0.05,0.05hrs
15/07/2026 10:24:07,buy,0.02,GBPJPY,217.54200,15/07/2026 10:29:37,217.58100,-0.10,0.00,3.90,0.38,0.38,3.90,-0.12,-0.20,1,Dragon Wave_CZ1,0.09,0.09hrs
15/07/2026 10:18:38,buy,0.01,GBPJPY,217.59100,15/07/2026 10:29:37,217.58100,-0.05,0.00,-1.00,-0.11,0.00,0.00,-0.36,-5.10,1,Dragon Wave_CZ0,0.18,0.18hrs
15/07/2026 10:28:15,buy,0.01,EURUSD,1.14205,15/07/2026 10:29:35,1.14211,-0.05,0.00,0.60,0.01,0.08,1.30,0.00,0.00,1,Dragon Wave_BZ0,0.02,0.02hrs
15/07/2026 10:27:35,buy,0.01,CHFJPY,200.41700,15/07/2026 10:29:29,200.44500,-0.05,0.00,2.80,0.13,0.13,2.80,0.00,0.00,1,Dragon Wave_CZ0,0.03,0.03hrs
15/07/2026 09:56:34,buy,0.01,NZDCAD,0.81761,15/07/2026 10:29:28,0.81731,-0.05,0.00,-3.00,-0.26,0.00,0.00,-0.47,-5.90,1,Dragon Wave_BZ0,0.55,0.55hrs
15/07/2026 10:27:18,buy,0.03,NZDCAD,0.81703,15/07/2026 10:29:27,0.81731,-0.15,0.00,2.80,0.44,0.44,2.80,0.00,0.00,1,Dragon Wave_BZ2,0.04,0.04hrs
15/07/2026 10:00:34,buy,0.02,NZDCAD,0.81743,15/07/2026 10:29:27,0.81731,-0.10,0.00,-1.20,-0.27,0.00,0.00,-0.68,-4.10,1,Dragon Wave_BZ1,0.48,0.48hrs
15/07/2026 10:28:15,buy,0.01,EURJPY,185.34300,15/07/2026 10:29:21,185.35500,-0.05,0.00,1.20,0.03,0.03,1.20,0.00,0.00,1,Dragon Wave_AZ0,0.02,0.02hrs
15/07/2026 10:23:42,buy,0.01,NZDCHF,0.47072,15/07/2026 10:29:13,0.47076,-0.05,0.00,0.00,0.00,0.00,0.00,-0.10,-0.40,1,Dragon Wave_BZ0,0.09,0.09hrs
15/07/2026 10:23:51,buy,0.01,NZDCHF,0.47068,15/07/2026 10:28:40,0.47073,-0.05,0.00,0.50,0.02,0.02,0.50,-0.05,0.00,1,Dragon Wave_CZ0,0.08,0.08hrs
15/07/2026 10:27:33,buy,0.02,XAGUSD,58.01900,15/07/2026 10:28:14,58.11000,-0.21,0.00,910.00,8.89,8.89,910.00,0.00,0.00,1,Dragon Wave_BZ1,0.01,0.01hrs
15/07/2026 10:23:23,buy,0.01,XAGUSD,58.21700,15/07/2026 10:28:14,58.11000,-0.10,0.00,-1070.00,-5.45,0.00,0.00,-7.20,-1420.00,1,Dragon Wave_BZ0,0.08,0.08hrs
15/07/2026 10:27:18,buy,0.01,XAGUSD,58.02000,15/07/2026 10:28:08,58.08000,-0.10,0.00,600.00,2.90,2.90,600.00,0.00,0.00,1,Dragon Wave_AZ0,0.01,0.01hrs
15/07/2026 10:26:35,buy,0.01,EURUSD,1.14213,15/07/2026 10:27:58,1.14222,-0.05,0.00,0.90,0.04,0.04,0.90,-0.09,-0.40,1,Dragon Wave_BZ0,0.02,0.02hrs
15/07/2026 10:18:19,buy,0.01,GBPJPY,217.61600,15/07/2026 10:27:51,217.55800,-0.05,0.00,-5.80,-0.40,0.00,0.00,-0.52,-7.60,1,Dragon Wave_AZ0,0.16,0.16hrs
15/07/2026 10:26:15,buy,0.03,GBPJPY,217.52100,15/07/2026 10:27:50,217.56600,-0.15,0.00,4.50,0.68,0.68,4.50,0.00,0.00,1,Dragon Wave_AZ2,0.03,0.03hrs
15/07/2026 10:21:09,buy,0.02,GBPJPY,217.58300,15/07/2026 10:27:50,217.56000,-0.10,0.00,-2.30,-0.38,0.00,0.00,-0.63,-4.30,1,Dragon Wave_AZ1,0.11,0.11hrs
15/07/2026 10:22:55,buy,0.01,GBPCHF,1.08515,15/07/2026 10:27:32,1.08541,-0.05,0.00,2.60,0.27,0.27,2.60,0.00,0.00,1,Dragon Wave_BZ0,0.08,0.08hrs
15/07/2026 09:59:15,buy,0.02,EURAUD,1.63612,15/07/2026 10:26:44,1.63638,-0.10,0.00,2.60,0.26,0.26,2.60,-0.99,-6.40,1,Dragon Wave_CZ1,0.46,0.46hrs
15/07/2026 09:52:34,buy,0.01,EURAUD,1.63695,15/07/2026 10:26:44,1.63651,-0.05,0.00,-4.40,-0.36,0.00,0.00,-1.08,-14.70,1,Dragon Wave_CZ0,0.57,0.57hrs
15/07/2026 09:57:22,buy,0.02,EURAUD,1.63654,15/07/2026 10:25:18,1.63610,-0.10,0.00,-4.40,-0.71,0.00,0.00,-1.58,-10.60,1,Dragon Wave_BZ1,0.47,0.47hrs
15/07/2026 09:49:10,buy,0.01,EURAUD,1.63691,15/07/2026 10:25:18,1.63617,-0.05,0.00,-7.40,-0.57,0.00,0.40,-1.05,-14.30,1,Dragon Wave_BZ0,0.60,0.60hrs
15/07/2026 10:04:09,buy,0.04,EURAUD,1.63558,15/07/2026 10:25:17,1.63620,-0.20,0.00,6.20,1.53,1.53,6.20,-0.48,-1.00,1,Dragon Wave_BZ3,0.35,0.35hrs
15/07/2026 10:01:03,buy,0.03,EURAUD,1.63620,15/07/2026 10:25:17,1.63620,-0.15,0.00,0.00,-0.15,0.00,0.00,-1.66,-7.20,1,Dragon Wave_BZ2,0.40,0.40hrs
15/07/2026 10:22:53,buy,0.01,GBPAUD,1.91970,15/07/2026 10:24:49,1.91955,-0.05,0.00,-1.50,-0.15,0.00,0.00,-0.15,-1.50,1,Dragon Wave_AZ0,0.03,0.03hrs
15/07/2026 10:18:18,buy,0.01,CHFJPY,200.47000,15/07/2026 10:23:32,200.47400,-0.05,0.00,0.40,-0.03,0.00,0.40,-0.12,-1.20,1,Dragon Wave_BZ0,0.09,0.09hrs
15/07/2026 10:22:47,buy,0.01,CADCHF,0.57590,15/07/2026 10:23:25,0.57597,-0.05,0.00,0.70,0.04,0.04,0.70,0.00,0.00,1,Dragon Wave_AZ0,0.01,0.01hrs
15/07/2026 10:03:40,buy,0.01,USDCAD,1.40523,15/07/2026 10:21:33,1.40508,-0.05,0.00,-1.50,-0.16,0.00,0.00,-0.60,-7.70,1,Dragon Wave_CZ0,0.30,0.30hrs
15/07/2026 10:09:30,buy,0.02,USDCAD,1.40485,15/07/2026 10:21:32,1.40508,-0.10,0.00,2.30,0.23,0.23,2.30,-0.66,-3.90,1,Dragon Wave_CZ1,0.20,0.20hrs
15/07/2026 10:18:22,buy,0.01,XAUUSD,4028.63000,15/07/2026 10:19:33,4029.89000,-0.15,0.00,12.60,1.11,1.11,12.60,0.00,0.00,1,Dragon Wave_CZ0,0.02,0.02hrs
15/07/2026 10:18:16,buy,0.01,EURJPY,185.36400,15/07/2026 10:19:30,185.37900,-0.05,0.00,1.50,0.04,0.04,1.50,0.00,0.00,1,Dragon Wave_AZ0,0.02,0.02hrs
15/07/2026 10:18:41,buy,0.01,EURCAD,1.60509,15/07/2026 10:19:20,1.60531,-0.05,0.00,2.20,0.10,0.10,2.20,0.00,0.00,1,Dragon Wave_BZ0,0.01,0.01hrs
15/07/2026 10:14:36,buy,0.01,GBPCHF,1.08524,15/07/2026 10:18:22,1.08546,-0.05,0.00,2.20,0.22,0.22,2.20,0.00,0.00,1,Dragon Wave_CZ0,0.06,0.06hrs
15/07/2026 10:01:08,buy,0.02,USDCAD,1.40549,15/07/2026 10:18:18,1.40501,-0.10,0.00,-4.80,-0.78,0.00,0.00,-1.57,-10.30,1,Dragon Wave_AZ1,0.29,0.29hrs
15/07/2026 10:00:19,buy,0.01,USDCAD,1.40571,15/07/2026 10:18:18,1.40501,-0.05,0.00,-7.00,-0.55,0.00,0.00,-0.94,-12.50,1,Dragon Wave_AZ0,0.30,0.30hrs
15/07/2026 10:13:11,buy,0.07,USDCAD,1.40445,15/07/2026 10:18:17,1.40501,-0.35,0.00,5.60,2.44,2.44,5.60,-0.30,0.00,1,Dragon Wave_AZ4,0.09,0.09hrs
15/07/2026 10:08:03,buy,0.04,USDCAD,1.40495,15/07/2026 10:18:17,1.40501,-0.20,0.00,0.60,-0.03,0.00,0.60,-1.60,-4.90,1,Dragon Wave_AZ3,0.17,0.17hrs
15/07/2026 10:07:09,buy,0.03,USDCAD,1.40513,15/07/2026 10:18:17,1.40501,-0.15,0.00,-1.20,-0.41,0.00,0.00,-1.58,-6.70,1,Dragon Wave_AZ2,0.19,0.19hrs
15/07/2026 10:17:23,buy,0.01,XAUUSD,4028.74000,15/07/2026 10:17:57,4029.25000,-0.15,0.00,5.10,0.36,0.36,5.10,0.00,0.00,1,Dragon Wave_AZ0,0.01,0.01hrs
15/07/2026 10:14:29,buy,0.01,GBPNZD,2.30531,15/07/2026 10:15:44,2.30553,-0.05,0.00,2.20,0.08,0.08,2.20,0.00,0.00,1,Dragon Wave_CZ0,0.02,0.02hrs
15/07/2026 10:14:23,buy,0.01,XAGUSD,58.36000,15/07/2026 10:14:40,58.37600,-0.11,0.00,160.00,0.69,0.69,160.00,-1.01,-180.00,1,Dragon Wave_BZ0,0.00,0.00hrs
15/07/2026 09:56:20,buy,0.01,NZDCAD,0.81766,15/07/2026 10:13:49,0.81730,-0.05,0.00,-3.60,-0.31,0.00,0.00,-0.48,-6.10,1,Dragon Wave_AZ0,0.29,0.29hrs
15/07/2026 10:05:03,buy,0.04,NZDCAD,0.81730,15/07/2026 10:13:48,0.81730,-0.20,0.00,0.00,-0.20,0.00,0.00,-0.91,-2.50,1,Dragon Wave_AZ3,0.15,0.15hrs
15/07/2026 10:04:21,buy,0.03,NZDCAD,0.81739,15/07/2026 10:13:48,0.81730,-0.15,0.00,-0.90,-0.34,0.00,0.00,-0.88,-3.40,1,Dragon Wave_AZ2,0.16,0.16hrs
15/07/2026 09:58:17,buy,0.02,NZDCAD,0.81760,15/07/2026 10:13:48,0.81730,-0.10,0.00,-3.00,-0.53,0.00,0.00,-0.88,-5.50,1,Dragon Wave_AZ1,0.26,0.26hrs
15/07/2026 10:09:05,buy,0.07,NZDCAD,0.81711,15/07/2026 10:13:47,0.81730,-0.35,0.00,1.90,0.59,0.59,1.90,-0.65,-0.60,1,Dragon Wave_AZ4,0.08,0.08hrs
15/07/2026 09:58:12,buy,0.03,EURUSD,1.14322,15/07/2026 10:12:59,1.14319,-0.15,0.00,-0.30,-0.24,0.00,0.00,-1.41,-4.20,1,Dragon Wave_AZ2,0.25,0.25hrs
15/07/2026 09:49:17,buy,0.02,EURUSD,1.14358,15/07/2026 10:12:59,1.14319,-0.10,0.00,-3.90,-0.88,0.00,0.00,-1.66,-7.80,1,Dragon Wave_AZ1,0.40,0.40hrs
15/07/2026 09:47:25,buy,0.01,EURUSD,1.14378,15/07/2026 10:12:59,1.14319,-0.05,0.00,-5.90,-0.64,0.00,0.00,-1.03,-9.80,1,Dragon Wave_AZ0,0.43,0.43hrs
15/07/2026 10:05:14,buy,0.04,EURUSD,1.14278,15/07/2026 10:12:58,1.14319,-0.20,0.00,4.10,1.44,1.44,4.10,-0.12,0.00,1,Dragon Wave_AZ3,0.13,0.13hrs
15/07/2026 09:37:12,buy,0.02,NZDUSD,0.58173,15/07/2026 10:12:42,0.58188,-0.10,0.00,1.50,0.20,0.20,1.50,-0.56,-2.30,1,Dragon Wave_BZ1,0.59,0.59hrs
15/07/2026 09:30:32,buy,0.01,NZDUSD,0.58198,15/07/2026 10:12:42,0.58191,-0.05,0.00,-0.70,-0.12,0.00,0.00,-0.53,-4.80,1,Dragon Wave_BZ0,0.70,0.70hrs
15/07/2026 10:09:05,buy,0.01,NZDCHF,0.47063,15/07/2026 10:12:06,0.47068,-0.05,0.00,0.50,0.02,0.02,0.50,-0.05,0.00,1,Dragon Wave_AZ0,0.05,0.05hrs
15/07/2026 10:04:04,buy,0.02,EURAUD,1.63559,15/07/2026 10:07:31,1.63590,-0.10,0.00,3.10,0.34,0.34,3.10,-0.07,0.00,1,Dragon Wave_AZ1,0.06,0.06hrs
15/07/2026 10:02:16,buy,0.01,EURAUD,1.63597,15/07/2026 10:07:31,1.63590,-0.05,0.00,-0.70,-0.10,0.00,0.00,-0.30,-3.60,1,Dragon Wave_AZ0,0.09,0.09hrs
15/07/2026 10:01:18,buy,0.02,EURJPY,185.40200,15/07/2026 10:07:31,185.41800,-0.10,0.00,1.60,0.10,0.10,1.60,-0.12,-0.20,1,Dragon Wave_AZ1,0.10,0.10hrs
15/07/2026 09:57:21,buy,0.01,EURJPY,185.42200,15/07/2026 10:07:31,185.41800,-0.05,0.00,-0.40,-0.08,0.00,0.00,-0.28,-3.80,1,Dragon Wave_AZ0,0.17,0.17hrs
15/07/2026 09:59:27,buy,0.02,NZDUSD,0.58158,15/07/2026 10:03:37,0.58175,-0.10,0.00,1.70,0.24,0.24,1.70,0.00,0.00,1,Dragon Wave_CZ1,0.07,0.07hrs
15/07/2026 09:30:39,buy,0.01,NZDUSD,0.58191,15/07/2026 10:03:37,0.58175,-0.05,0.00,-1.60,-0.21,0.00,0.00,-0.46,-4.10,1,Dragon Wave_CZ0,0.55,0.55hrs
15/07/2026 10:01:30,buy,0.01,GBPUSD,1.34106,15/07/2026 10:03:29,1.34155,-0.05,0.00,4.90,0.44,0.44,4.90,0.00,0.00,1,Dragon Wave_CZ0,0.03,0.03hrs
15/07/2026 10:01:14,buy,0.01,GBPUSD,1.34117,15/07/2026 10:03:20,1.34154,-0.05,0.00,3.70,0.32,0.32,3.70,0.00,0.00,1,Dragon Wave_BZ0,0.04,0.04hrs
15/07/2026 09:43:18,buy,0.03,AUDUSD,0.69867,15/07/2026 10:03:18,0.69871,-0.15,0.00,0.40,-0.03,0.00,0.40,-0.66,-1.70,1,Dragon Wave_BZ2,0.33,0.33hrs
15/07/2026 09:42:31,buy,0.02,AUDUSD,0.69870,15/07/2026 10:03:18,0.69871,-0.10,0.00,0.10,-0.08,0.00,0.10,-0.50,-2.00,1,Dragon Wave_BZ1,0.35,0.35hrs
15/07/2026 09:30:30,buy,0.01,AUDUSD,0.69882,15/07/2026 10:03:18,0.69871,-0.05,0.00,-1.10,-0.16,0.00,0.00,-0.37,-3.20,1,Dragon Wave_BZ0,0.55,0.55hrs
15/07/2026 09:59:45,buy,0.04,AUDUSD,0.69852,15/07/2026 10:03:17,0.69871,-0.20,0.00,1.90,0.56,0.56,1.90,0.00,0.00,1,Dragon Wave_BZ3,0.06,0.06hrs
15/07/2026 10:01:14,buy,0.01,GBPCAD,1.88488,15/07/2026 10:03:16,1.88544,-0.05,0.00,5.60,0.35,0.35,5.60,0.00,0.00,1,Dragon Wave_CZ0,0.03,0.03hrs
15/07/2026 10:01:32,buy,0.01,GBPAUD,1.91966,15/07/2026 10:03:14,1.92013,-0.05,0.00,4.70,0.27,0.27,4.70,0.00,0.00,1,Dragon Wave_CZ0,0.03,0.03hrs
15/07/2026 10:01:15,buy,0.01,GBPAUD,1.91979,15/07/2026 10:02:57,1.91993,-0.05,0.00,1.40,0.05,0.05,1.40,0.00,0.00,1,Dragon Wave_AZ0,0.03,0.03hrs
15/07/2026 10:02:16,buy,0.02,XAUUSD,4029.46000,15/07/2026 10:02:44,4031.67000,-0.29,0.00,22.10,4.13,4.13,22.10,0.00,0.00,1,Dragon Wave_AZ1,0.01,0.01hrs
15/07/2026 10:00:26,buy,0.01,XAUUSD,4030.80000,15/07/2026 10:02:44,4031.36000,-0.15,0.00,5.60,0.41,0.41,5.60,0.00,0.00,1,Dragon Wave_AZ0,0.04,0.04hrs
15/07/2026 09:32:23,buy,0.02,NZDCHF,0.47061,15/07/2026 10:02:43,0.47073,-0.10,0.00,1.20,0.20,0.20,1.20,-0.50,-1.60,1,Dragon Wave_CZ1,0.51,0.51hrs
15/07/2026 09:28:30,buy,0.01,NZDCHF,0.47073,15/07/2026 10:02:43,0.47073,-0.05,0.00,0.00,-0.05,0.00,0.00,-0.40,-2.80,1,Dragon Wave_CZ0,0.57,0.57hrs
15/07/2026 10:02:15,buy,0.02,GBPUSD,1.34104,15/07/2026 10:02:40,1.34128,-0.10,0.00,2.40,0.38,0.38,2.40,0.00,0.00,1,Dragon Wave_AZ1,0.01,0.01hrs
15/07/2026 10:00:19,buy,0.01,GBPUSD,1.34132,15/07/2026 10:02:40,1.34128,-0.05,0.00,-0.40,-0.09,0.00,0.00,-0.09,-0.40,1,Dragon Wave_AZ0,0.04,0.04hrs
15/07/2026 09:57:35,buy,0.01,NZDJPY,94.33700,15/07/2026 10:02:32,94.35700,-0.05,0.00,2.00,0.07,0.07,2.00,-0.08,-0.50,1,Dragon Wave_BZ0,0.08,0.08hrs
15/07/2026 10:01:27,buy,0.01,XAGUSD,58.31300,15/07/2026 10:02:31,58.34700,-0.10,0.00,340.00,1.60,1.60,340.00,0.00,0.00,1,Dragon Wave_CZ0,0.02,0.02hrs
15/07/2026 10:00:39,buy,0.01,XAGUSD,58.33000,15/07/2026 10:01:49,58.33800,-0.10,0.00,80.00,0.30,0.30,80.00,0.00,0.00,1,Dragon Wave_BZ0,0.02,0.02hrs
15/07/2026 08:42:19,buy,0.02,CADCHF,0.57574,15/07/2026 10:01:39,0.57576,-0.10,0.00,0.20,-0.05,0.00,0.20,-0.94,-3.40,1,Dragon Wave_CZ1,1.32,1.32hrs
15/07/2026 08:37:31,buy,0.01,CADCHF,0.57586,15/07/2026 10:01:39,0.57576,-0.05,0.00,-1.00,-0.18,0.00,0.00,-0.62,-4.60,1,Dragon Wave_CZ0,1.40,1.40hrs
15/07/2026 08:51:26,buy,0.03,CADCHF,0.57554,15/07/2026 10:01:38,0.57576,-0.15,0.00,2.20,0.66,0.66,2.20,-0.67,-1.40,1,Dragon Wave_CZ2,1.17,1.17hrs
15/07/2026 09:58:22,buy,0.01,EURUSD,1.14302,15/07/2026 10:01:06,1.14316,-0.05,0.00,1.40,0.09,0.09,1.40,-0.17,-1.20,1,Dragon Wave_BZ0,0.05,0.05hrs
15/07/2026 10:00:43,buy,0.01,GBPUSD,1.34111,15/07/2026 10:00:53,1.34129,-0.05,0.00,1.80,0.13,0.13,1.80,0.00,0.00,1,Dragon Wave_CZ0,0.00,0.00hrs
15/07/2026 10:00:43,buy,0.01,GBPCAD,1.88495,15/07/2026 10:00:53,1.88517,-0.05,0.00,2.20,0.11,0.11,2.20,0.00,0.00,1,Dragon Wave_CZ0,0.00,0.00hrs
15/07/2026 09:53:11,buy,0.03,EURGBP,0.85232,15/07/2026 10:00:53,0.85219,-0.15,0.00,-1.30,-0.67,0.00,0.00,-2.89,-6.80,1,Dragon Wave_AZ2,0.13,0.13hrs
15/07/2026 09:44:04,buy,0.02,EURGBP,0.85264,15/07/2026 10:00:53,0.85219,-0.10,0.00,-4.50,-1.31,0.00,0.00,-2.78,-10.00,1,Dragon Wave_AZ1,0.28,0.28hrs
15/07/2026 09:43:15,buy,0.01,EURGBP,0.85275,15/07/2026 10:00:53,0.85219,-0.05,0.00,-5.60,-0.81,0.00,0.00,-1.54,-11.10,1,Dragon Wave_AZ0,0.29,0.29hrs
15/07/2026 09:59:14,buy,0.07,EURGBP,0.85169,15/07/2026 10:00:52,0.85219,-0.35,0.00,5.00,4.35,4.35,5.00,-0.82,-0.50,1,Dragon Wave_AZ4,0.03,0.03hrs
15/07/2026 09:57:15,buy,0.04,EURGBP,0.85210,15/07/2026 10:00:52,0.85219,-0.20,0.00,0.90,0.29,0.29,0.90,-2.67,-4.60,1,Dragon Wave_AZ3,0.06,0.06hrs
15/07/2026 09:58:19,buy,0.01,EURGBP,0.85203,15/07/2026 10:00:31,0.85211,-0.05,0.00,0.80,0.05,0.05,0.80,-0.57,-3.90,1,Dragon Wave_CZ0,0.04,0.04hrs
15/07/2026 08:42:13,buy,0.02,CADCHF,0.57574,15/07/2026 09:59:19,0.57564,-0.10,0.00,-1.00,-0.35,0.00,0.00,-0.94,-3.40,1,Dragon Wave_AZ1,1.28,1.28hrs
15/07/2026 08:38:09,buy,0.01,CADCHF,0.57583,15/07/2026 09:59:19,0.57564,-0.05,0.00,-1.90,-0.29,0.00,0.00,-0.58,-4.30,1,Dragon Wave_AZ0,1.35,1.35hrs
15/07/2026 09:01:22,buy,0.04,CADCHF,0.57551,15/07/2026 09:59:18,0.57565,-0.20,0.00,1.40,0.50,0.50,1.40,-0.74,-1.10,1,Dragon Wave_AZ3,0.97,0.97hrs
15/07/2026 08:51:16,buy,0.03,CADCHF,0.57560,15/07/2026 09:59:18,0.57564,-0.15,0.00,0.00,0.00,0.04,0.50,-0.89,-2.00,1,Dragon Wave_AZ2,1.13,1.13hrs
15/07/2026 09:56:29,buy,0.01,GBPUSD,1.34131,15/07/2026 09:57:18,1.34176,-0.05,0.00,4.50,0.40,0.40,4.50,-0.03,0.00,1,Dragon Wave_CZ0,0.01,0.01hrs
15/07/2026 09:50:11,buy,0.01,AUDNZD,1.20082,15/07/2026 09:56:15,1.20096,-0.05,0.00,1.40,0.03,0.03,1.40,0.00,0.00,1,Dragon Wave_AZ0,0.10,0.10hrs
15/07/2026 09:43:08,buy,0.02,AUDJPY,113.29200,15/07/2026 09:53:44,113.31000,-0.10,0.00,1.80,0.12,0.12,1.80,-0.47,-3.00,1,Dragon Wave_CZ1,0.18,0.18hrs
15/07/2026 09:40:31,buy,0.01,AUDJPY,113.32100,15/07/2026 09:53:44,113.30500,-0.05,0.00,-1.60,-0.15,0.00,0.00,-0.41,-5.90,1,Dragon Wave_CZ0,0.22,0.22hrs
15/07/2026 09:42:09,buy,0.02,AUDJPY,113.31300,15/07/2026 09:53:34,113.31000,-0.10,0.00,-0.30,-0.14,0.00,0.00,-0.73,-5.10,1,Dragon Wave_AZ1,0.19,0.19hrs
15/07/2026 09:40:13,buy,0.01,AUDJPY,113.32700,15/07/2026 09:53:34,113.30800,-0.05,0.00,-1.90,-0.17,0.00,0.00,-0.45,-6.50,1,Dragon Wave_AZ0,0.22,0.22hrs
15/07/2026 09:44:07,buy,0.03,AUDJPY,113.29000,15/07/2026 09:53:33,113.30900,-0.15,0.00,1.90,0.21,0.21,1.90,-0.67,-2.80,1,Dragon Wave_AZ2,0.16,0.16hrs
15/07/2026 09:37:13,buy,0.03,NZDCAD,0.81756,15/07/2026 09:53:31,0.81784,-0.15,0.00,2.80,0.45,0.45,2.80,-0.15,0.00,1,Dragon Wave_BZ2,0.27,0.27hrs
15/07/2026 09:30:26,buy,0.02,NZDCAD,0.81789,15/07/2026 09:53:31,0.81783,-0.10,0.00,-0.60,-0.19,0.00,0.00,-0.57,-3.30,1,Dragon Wave_BZ1,0.38,0.38hrs
15/07/2026 09:28:20,buy,0.01,NZDCAD,0.81808,15/07/2026 09:53:31,0.81783,-0.05,0.00,-2.50,-0.22,0.00,0.00,-0.42,-5.20,1,Dragon Wave_BZ0,0.42,0.42hrs
15/07/2026 09:31:08,buy,0.02,NZDCAD,0.81786,15/07/2026 09:53:19,0.81779,-0.10,0.00,-0.70,-0.20,0.00,0.00,-0.53,-3.00,1,Dragon Wave_AZ1,0.37,0.37hrs
15/07/2026 09:30:18,buy,0.01,NZDCAD,0.81796,15/07/2026 09:53:19,0.81779,-0.05,0.00,-1.70,-0.17,0.00,0.00,-0.33,-4.00,1,Dragon Wave_AZ0,0.38,0.38hrs
15/07/2026 09:38:14,buy,0.03,NZDCAD,0.81756,15/07/2026 09:53:18,0.81779,-0.15,0.00,2.30,0.35,0.35,2.30,-0.15,0.00,1,Dragon Wave_AZ2,0.25,0.25hrs
15/07/2026 09:52:21,buy,0.02,GBPUSD,1.34135,15/07/2026 09:53:14,1.34179,-0.10,0.00,4.40,0.78,0.78,4.40,0.00,0.00,1,Dragon Wave_AZ1,0.01,0.01hrs
15/07/2026 09:51:13,buy,0.01,GBPUSD,1.34143,15/07/2026 09:53:14,1.34179,-0.05,0.00,3.60,0.31,0.31,3.60,0.00,0.00,1,Dragon Wave_AZ0,0.03,0.03hrs
15/07/2026 09:52:31,buy,0.01,GBPUSD,1.34108,15/07/2026 09:52:47,1.34137,-0.05,0.00,2.90,0.24,0.24,2.90,0.00,0.00,1,Dragon Wave_CZ0,0.00,0.00hrs
15/07/2026 09:43:20,buy,0.01,CADJPY,115.36500,15/07/2026 09:52:33,115.37600,-0.05,0.00,1.10,0.02,0.02,1.10,-0.20,-2.50,1,Dragon Wave_CZ0,0.15,0.15hrs
15/07/2026 09:43:33,buy,0.02,NZDJPY,94.31700,15/07/2026 09:51:51,94.35400,-0.10,0.00,3.70,0.35,0.35,3.70,-0.31,-1.70,1,Dragon Wave_CZ1,0.14,0.14hrs
15/07/2026 09:30:24,buy,0.01,NZDJPY,94.38800,15/07/2026 09:51:51,94.35400,-0.05,0.00,-3.40,-0.26,0.00,0.00,-0.59,-8.80,1,Dragon Wave_CZ0,0.36,0.36hrs
15/07/2026 09:36:26,buy,0.02,NZDCHF,0.47057,15/07/2026 09:51:24,0.47066,-0.10,0.00,0.90,0.12,0.12,0.90,-0.40,-1.20,1,Dragon Wave_BZ1,0.25,0.25hrs
15/07/2026 09:30:23,buy,0.01,NZDCHF,0.47069,15/07/2026 09:51:24,0.47066,-0.05,0.00,-0.30,-0.09,0.00,0.00,-0.35,-2.40,1,Dragon Wave_BZ0,0.35,0.35hrs
15/07/2026 09:49:27,buy,0.01,GBPUSD,1.34129,15/07/2026 09:50:44,1.34141,-0.05,0.00,1.20,0.07,0.07,1.20,0.00,0.00,1,Dragon Wave_AZ0,0.02,0.02hrs
15/07/2026 09:46:32,buy,0.01,EURUSD,1.14373,15/07/2026 09:50:44,1.14368,-0.05,0.00,-0.50,-0.10,0.00,0.10,-0.21,-1.60,1,Dragon Wave_BZ0,0.07,0.07hrs
15/07/2026 09:49:26,buy,0.02,EURUSD,1.14344,15/07/2026 09:50:43,1.14368,-0.10,0.00,2.40,0.38,0.38,2.40,0.00,0.00,1,Dragon Wave_BZ1,0.02,0.02hrs
15/07/2026 09:43:26,buy,0.01,NZDJPY,94.31400,15/07/2026 09:50:09,94.34000,-0.05,0.00,2.60,0.11,0.11,2.60,-0.14,-1.40,1,Dragon Wave_BZ0,0.11,0.11hrs
15/07/2026 09:43:25,buy,0.02,USDJPY,162.12800,15/07/2026 09:49:55,162.15300,-0.10,0.00,2.50,0.21,0.21,2.50,-0.24,-1.10,1,Dragon Wave_CZ1,0.11,0.11hrs
15/07/2026 09:42:38,buy,0.01,USDJPY,162.16300,15/07/2026 09:49:55,162.15300,-0.05,0.00,-1.00,-0.11,0.00,0.00,-0.33,-4.60,1,Dragon Wave_CZ0,0.12,0.12hrs
15/07/2026 09:46:16,buy,0.02,NZDCHF,0.47047,15/07/2026 09:49:04,0.47051,-0.10,0.00,0.00,0.00,0.00,0.00,-0.15,-0.20,1,Dragon Wave_AZ1,0.05,0.05hrs
15/07/2026 09:44:13,buy,0.01,NZDCHF,0.47053,15/07/2026 09:49:04,0.47051,-0.05,0.00,-0.20,-0.08,0.00,0.00,-0.15,-0.80,1,Dragon Wave_AZ0,0.08,0.08hrs
15/07/2026 09:43:21,buy,0.01,USDJPY,162.15000,15/07/2026 09:47:45,162.14400,-0.05,0.00,-0.60,-0.09,0.00,0.00,-0.25,-3.30,1,Dragon Wave_AZ0,0.07,0.07hrs
15/07/2026 09:45:08,buy,0.02,USDJPY,162.12700,15/07/2026 09:47:44,162.14500,-0.10,0.00,1.80,0.12,0.12,1.80,-0.22,-1.00,1,Dragon Wave_AZ1,0.04,0.04hrs
15/07/2026 09:47:19,buy,0.02,AUDJPY,113.26000,15/07/2026 09:47:43,113.28300,-0.10,0.00,2.30,0.18,0.18,2.30,0.00,0.00,1,Dragon Wave_BZ1,0.01,0.01hrs
15/07/2026 09:42:26,buy,0.01,AUDJPY,113.30000,15/07/2026 09:47:43,113.27900,-0.05,0.00,-2.10,-0.18,0.00,0.00,-0.28,-3.80,1,Dragon Wave_BZ0,0.09,0.09hrs
15/07/2026 09:41:26,buy,0.01,GBPJPY,217.51700,15/07/2026 09:47:43,217.52900,-0.05,0.00,1.20,0.02,0.02,1.20,-0.47,-6.80,1,Dragon Wave_AZ0,0.10,0.10hrs
15/07/2026 09:43:24,buy,0.01,USDJPY,162.12800,15/07/2026 09:47:42,162.14100,-0.05,0.00,1.30,0.03,0.03,1.30,-0.12,-1.10,1,Dragon Wave_BZ0,0.07,0.07hrs
15/07/2026 09:41:34,buy,0.01,GBPJPY,217.50200,15/07/2026 09:47:41,217.52100,-0.05,0.00,1.90,0.06,0.06,1.90,-0.38,-5.30,1,Dragon Wave_BZ0,0.10,0.10hrs
15/07/2026 09:44:12,buy,0.01,EURUSD,1.14372,15/07/2026 09:44:50,1.14389,-0.05,0.00,1.70,0.12,0.12,1.70,0.00,0.00,1,Dragon Wave_AZ0,0.01,0.01hrs
15/07/2026 09:34:30,buy,0.02,GBPUSD,1.34138,15/07/2026 09:43:38,1.34156,-0.10,0.00,1.80,0.26,0.26,1.80,-0.08,0.00,1,Dragon Wave_CZ1,0.15,0.15hrs
15/07/2026 09:30:23,buy,0.01,GBPUSD,1.34161,15/07/2026 09:43:38,1.34154,-0.05,0.00,-0.70,-0.12,0.00,0.00,-0.27,-2.20,1,Dragon Wave_CZ0,0.22,0.22hrs
15/07/2026 09:42:12,buy,0.01,EURUSD,1.14385,15/07/2026 09:43:26,1.14391,-0.05,0.00,0.60,0.01,0.01,0.60,0.00,0.00,1,Dragon Wave_BZ0,0.02,0.02hrs
15/07/2026 09:42:09,buy,0.01,EURAUD,1.63703,15/07/2026 09:42:20,1.63719,-0.05,0.00,1.60,0.06,0.06,1.60,0.00,0.00,1,Dragon Wave_AZ0,0.00,0.00hrs
15/07/2026 09:42:04,buy,0.01,EURUSD,1.14383,15/07/2026 09:42:19,1.14393,-0.05,0.00,1.00,0.05,0.05,1.00,0.00,0.00,1,Dragon Wave_AZ0,0.00,0.00hrs
15/07/2026 09:35:35,buy,0.01,GBPJPY,217.52900,15/07/2026 09:39:22,217.57200,-0.05,0.00,4.30,0.21,0.21,4.30,0.00,0.00,1,Dragon Wave_CZ0,0.06,0.06hrs
15/07/2026 09:35:35,buy,0.01,GBPCAD,1.88488,15/07/2026 09:39:21,1.88543,-0.05,0.00,5.50,0.35,0.35,5.50,0.00,0.00,1,Dragon Wave_CZ0,0.06,0.06hrs
15/07/2026 09:37:26,buy,0.01,GBPUSD,1.34109,15/07/2026 09:38:28,1.34133,-0.05,0.00,2.40,0.19,0.19,2.40,0.00,0.00,1,Dragon Wave_BZ0,0.02,0.02hrs
15/07/2026 09:30:36,buy,0.01,EURUSD,1.14390,15/07/2026 09:34:54,1.14414,-0.05,0.00,2.40,0.19,0.19,2.40,-0.01,0.00,1,Dragon Wave_CZ0,0.07,0.07hrs
15/07/2026 09:31:14,buy,0.01,EURJPY,185.52800,15/07/2026 09:34:23,185.54600,-0.05,0.00,1.80,0.06,0.06,1.80,0.00,0.00,1,Dragon Wave_AZ0,0.05,0.05hrs
15/07/2026 09:31:11,buy,0.01,NZDCHF,0.47065,15/07/2026 09:33:42,0.47068,-0.05,0.00,0.30,-0.02,0.00,0.30,-0.05,0.00,1,Dragon Wave_AZ0,0.04,0.04hrs
15/07/2026 09:30:24,buy,0.01,EURUSD,1.14399,15/07/2026 09:33:30,1.14406,-0.05,0.00,0.70,0.02,0.02,0.70,-0.10,-0.50,1,Dragon Wave_BZ0,0.05,0.05hrs
15/07/2026 09:31:32,buy,0.01,AUDUSD,0.69871,15/07/2026 09:33:20,0.69886,-0.05,0.00,1.50,0.10,0.10,1.50,-0.08,-0.30,1,Dragon Wave_CZ0,0.03,0.03hrs
15/07/2026 09:30:34,buy,0.01,AUDJPY,113.33200,15/07/2026 09:32:37,113.34000,-0.05,0.00,0.00,0.00,0.00,0.00,-0.08,-0.50,1,Dragon Wave_CZ0,0.03,0.03hrs
15/07/2026 09:31:36,buy,0.01,XAGUSD,58.10100,15/07/2026 09:32:23,58.13900,-0.10,0.00,380.00,1.80,1.80,380.00,-0.75,-130.00,1,Dragon Wave_CZ0,0.01,0.01hrs
15/07/2026 09:31:29,buy,0.01,XAGUSD,58.11500,15/07/2026 09:32:15,58.14400,-0.10,0.00,290.00,1.35,1.35,290.00,-1.45,-270.00,1,Dragon Wave_BZ0,0.01,0.01hrs
15/07/2026 09:31:16,buy,0.01,EURUSD,1.14384,15/07/2026 09:32:00,1.14403,-0.05,0.00,1.90,0.14,0.14,1.90,0.00,0.00,1,Dragon Wave_AZ0,0.01,0.01hrs
15/07/2026 09:31:29,buy,0.01,GBPJPY,217.57800,15/07/2026 09:31:58,217.58600,-0.05,0.00,0.00,0.00,0.00,0.00,-0.09,-0.60,1,Dragon Wave_AZ0,0.01,0.01hrs
15/07/2026 09:31:24,buy,0.01,XAUUSD,4023.43000,15/07/2026 09:31:49,4025.36000,-0.14,0.00,19.30,1.79,1.79,19.30,-0.31,-1.70,1,Dragon Wave_CZ0,0.01,0.01hrs
15/07/2026 09:31:16,buy,0.01,XAUUSD,4024.26000,15/07/2026 09:31:48,4025.36000,-0.14,0.00,11.00,0.96,0.96,11.00,-1.14,-10.00,1,Dragon Wave_BZ0,0.01,0.01hrs
15/07/2026 09:25:41,buy,0.02,USDJPY,162.14800,15/07/2026 09:29:31,162.17100,-0.10,0.00,2.30,0.18,0.18,2.30,0.00,0.00,1,Dragon Wave_CZ1,0.06,0.06hrs
15/07/2026 09:19:24,buy,0.01,USDJPY,162.17300,15/07/2026 09:29:31,162.17100,-0.05,0.00,-0.20,-0.06,0.00,0.00,-0.06,-0.20,1,Dragon Wave_CZ0,0.17,0.17hrs
15/07/2026 09:19:31,buy,0.01,USDCHF,0.80854,15/07/2026 09:29:23,0.80859,-0.05,0.00,0.50,0.01,0.01,0.50,-0.10,-0.40,1,Dragon Wave_CZ0,0.16,0.16hrs
15/07/2026 09:28:12,buy,0.02,NZDCHF,0.47072,15/07/2026 09:29:06,0.47076,-0.10,0.00,0.00,0.00,0.00,0.00,0.00,0.00,1,Dragon Wave_AZ1,0.01,0.01hrs
15/07/2026 09:27:23,buy,0.01,NZDCHF,0.47078,15/07/2026 09:29:06,0.47076,-0.05,0.00,-0.20,-0.07,0.00,0.00,-0.07,-0.20,1,Dragon Wave_AZ0,0.03,0.03hrs
15/07/2026 09:25:29,buy,0.01,USDJPY,162.15000,15/07/2026 09:28:29,162.16100,-0.05,0.00,1.10,0.02,0.02,1.10,0.00,0.00,1,Dragon Wave_BZ0,0.05,0.05hrs
15/07/2026 09:14:12,buy,0.01,XAGUSD,58.30500,15/07/2026 09:27:15,58.23400,-0.10,0.00,-710.00,-3.65,0.00,0.00,-9.45,-1870.00,1,Dragon Wave_BZ0,0.22,0.22hrs
15/07/2026 09:18:06,buy,0.03,XAGUSD,58.18500,15/07/2026 09:27:14,58.25100,-0.31,0.00,660.00,9.59,9.59,660.00,-10.36,-670.00,1,Dragon Wave_BZ2,0.15,0.15hrs
15/07/2026 09:15:19,buy,0.02,XAGUSD,58.26600,15/07/2026 09:27:14,58.23400,-0.21,0.00,-320.00,-3.41,0.00,10.00,-15.01,-1480.00,1,Dragon Wave_BZ1,0.20,0.20hrs
15/07/2026 09:23:07,buy,0.01,GBPNZD,2.30394,15/07/2026 09:26:42,2.30412,-0.05,0.00,1.80,0.05,0.05,1.80,-0.08,-0.60,1,Dragon Wave_BZ0,0.06,0.06hrs
15/07/2026 09:24:18,buy,0.01,CADCHF,0.57537,15/07/2026 09:25:22,0.57544,-0.05,0.00,0.70,0.03,0.03,0.70,0.00,0.00,1,Dragon Wave_BZ0,0.02,0.02hrs
15/07/2026 09:21:01,buy,0.02,XAUUSD,4024.00000,15/07/2026 09:24:24,4026.96000,-0.29,0.00,29.60,5.63,5.63,29.60,0.00,0.00,1,Dragon Wave_CZ1,0.06,0.06hrs
15/07/2026 09:07:14,buy,0.01,XAUUSD,4028.80000,15/07/2026 09:24:24,4026.96000,-0.15,0.00,-18.40,-1.99,0.00,0.00,-4.09,-39.40,1,Dragon Wave_CZ0,0.29,0.29hrs
15/07/2026 09:19:29,buy,0.01,USDCAD,1.40502,15/07/2026 09:23:49,1.40518,-0.05,0.00,1.60,0.06,0.06,1.60,0.00,0.00,1,Dragon Wave_CZ0,0.07,0.07hrs
15/07/2026 09:19:21,buy,0.03,XAUUSD,4025.30000,15/07/2026 09:19:59,4026.92000,-0.43,0.00,16.20,4.43,4.43,16.20,0.00,0.00,1,Dragon Wave_BZ2,0.01,0.01hrs
15/07/2026 09:15:00,buy,0.02,XAUUSD,4027.41000,15/07/2026 09:19:59,4027.01000,-0.29,0.00,-4.00,-1.09,0.00,0.00,-5.39,-25.50,1,Dragon Wave_BZ1,0.08,0.08hrs
15/07/2026 09:13:08,buy,0.01,XAUUSD,4029.05000,15/07/2026 09:19:59,4027.00000,-0.15,0.00,-20.50,-2.20,0.00,0.00,-4.34,-41.90,1,Dragon Wave_BZ0,0.11,0.11hrs
15/07/2026 09:11:14,buy,0.01,CADCHF,0.57546,15/07/2026 09:17:24,0.57552,-0.05,0.00,0.60,0.02,0.02,0.60,-0.05,0.00,1,Dragon Wave_BZ0,0.10,0.10hrs
15/07/2026 09:07:14,buy,0.02,AUDJPY,113.31800,15/07/2026 09:14:44,113.32900,-0.10,0.00,1.10,0.04,0.04,1.10,-0.11,-0.10,1,Dragon Wave_BZ1,0.13,0.13hrs
15/07/2026 08:59:13,buy,0.01,AUDJPY,113.33400,15/07/2026 09:14:44,113.32900,-0.05,0.00,-0.50,-0.08,0.00,0.00,-0.16,-1.70,1,Dragon Wave_BZ0,0.26,0.26hrs
15/07/2026 09:13:23,buy,0.01,XAGUSD,58.31100,15/07/2026 09:13:30,58.31900,-0.10,0.00,80.00,0.30,0.30,80.00,0.00,0.00,1,Dragon Wave_AZ0,0.00,0.00hrs
15/07/2026 09:08:33,buy,0.01,EURUSD,1.14391,15/07/2026 09:10:39,1.14405,-0.05,0.00,1.40,0.09,0.09,1.40,0.00,0.00,1,Dragon Wave_CZ0,0.04,0.04hrs
15/07/2026 09:08:21,buy,0.01,EURUSD,1.14392,15/07/2026 09:08:58,1.14402,-0.05,0.00,1.00,0.05,0.05,1.00,0.00,0.00,1,Dragon Wave_AZ0,0.01,0.01hrs
15/07/2026 09:02:23,buy,0.01,CADCHF,0.57548,15/07/2026 09:06:44,0.57553,-0.05,0.00,0.50,0.01,0.01,0.50,-0.11,-0.50,1,Dragon Wave_BZ0,0.07,0.07hrs
15/07/2026 09:04:15,buy,0.01,XAUUSD,4031.98000,15/07/2026 09:04:29,4032.55000,-0.15,0.00,5.70,0.42,0.42,5.70,0.00,0.00,1,Dragon Wave_AZ0,0.00,0.00hrs
15/07/2026 08:58:21,buy,0.01,EURUSD,1.14414,15/07/2026 09:03:25,1.14429,-0.05,0.00,1.50,0.10,0.10,1.50,-0.08,-0.30,1,Dragon Wave_CZ0,0.08,0.08hrs
15/07/2026 09:00:39,buy,0.01,NZDCHF,0.47054,15/07/2026 09:03:24,0.47061,-0.05,0.00,0.70,0.04,0.04,0.70,-0.05,0.00,1,Dragon Wave_CZ0,0.05,0.05hrs
15/07/2026 09:01:26,buy,0.01,AUDJPY,113.31800,15/07/2026 09:03:21,113.33600,-0.05,0.00,1.80,0.06,0.06,1.80,-0.02,0.00,1,Dragon Wave_CZ0,0.03,0.03hrs
15/07/2026 08:59:23,buy,0.01,EURUSD,1.14407,15/07/2026 09:01:43,1.14419,-0.05,0.00,1.20,0.07,0.07,1.20,-0.01,0.00,1,Dragon Wave_BZ0,0.04,0.04hrs
15/07/2026 08:58:13,buy,0.01,EURUSD,1.14414,15/07/2026 09:01:43,1.14419,-0.05,0.00,0.00,0.00,0.00,0.00,-0.08,-0.30,1,Dragon Wave_AZ0,0.06,0.06hrs
15/07/2026 08:58:01,buy,0.02,GBPUSD,1.34122,15/07/2026 09:00:51,1.34122,-0.10,0.00,0.00,-0.10,0.00,0.00,-0.10,0.00,1,Dragon Wave_AZ1,0.05,0.05hrs
15/07/2026 08:57:12,buy,0.01,GBPUSD,1.34126,15/07/2026 09:00:51,1.34122,-0.05,0.00,-0.40,-0.09,0.00,0.00,-0.09,-0.40,1,Dragon Wave_AZ0,0.06,0.06hrs
15/07/2026 09:00:06,buy,0.03,GBPUSD,1.34108,15/07/2026 09:00:50,1.34122,-0.15,0.00,1.40,0.27,0.27,1.40,0.00,0.00,1,Dragon Wave_AZ2,0.01,0.01hrs
15/07/2026 08:56:14,buy,0.01,EURUSD,1.14417,15/07/2026 08:57:31,1.14428,-0.05,0.00,1.10,0.06,0.06,1.10,-0.01,0.00,1,Dragon Wave_AZ0,0.02,0.02hrs
15/07/2026 08:56:12,buy,0.01,GBPUSD,1.34124,15/07/2026 08:56:29,1.34128,-0.05,0.00,0.40,-0.01,0.00,0.40,-0.01,0.00,1,Dragon Wave_AZ0,0.00,0.00hrs
15/07/2026 08:56:03,buy,0.01,XAUUSD,4029.15000,15/07/2026 08:56:23,4029.83000,-0.15,0.00,6.80,0.53,0.53,6.80,0.00,0.00,1,Dragon Wave_AZ0,0.01,0.01hrs
15/07/2026 08:55:13,buy,0.01,XAUUSD,4028.68000,15/07/2026 08:55:42,4029.60000,-0.15,0.00,9.20,0.77,0.77,9.20,0.00,0.00,1,Dragon Wave_AZ0,0.01,0.01hrs
15/07/2026 08:51:23,buy,0.01,CADCHF,0.57556,15/07/2026 08:53:18,0.57562,-0.05,0.00,0.60,0.02,0.02,0.60,-0.09,-0.30,1,Dragon Wave_BZ0,0.03,0.03hrs
15/07/2026 08:51:26,buy,0.01,NZDCHF,0.47054,15/07/2026 08:51:45,0.47057,-0.05,0.00,0.30,-0.02,0.00,0.30,-0.06,-0.10,1,Dragon Wave_CZ0,0.01,0.01hrs
15/07/2026 08:41:15,buy,0.01,NZDCHF,0.47058,15/07/2026 08:46:16,0.47063,-0.05,0.00,0.50,0.01,0.00,0.00,0.00,0.00,1,Dragon Wave_BZ0,0.08,0.08hrs
15/07/2026 08:42:03,buy,0.02,NZDCHF,0.47056,15/07/2026 08:46:15,0.47062,-0.10,0.00,0.60,0.05,0.00,0.00,0.00,0.00,1,Dragon Wave_BZ1,0.07,0.07hrs
15/07/2026 08:35:20,buy,0.01,EURAUD,1.63752,15/07/2026 08:39:36,1.63761,-0.05,0.00,0.90,0.02,0.00,0.00,0.00,0.00,1,Dragon Wave_AZ0,0.07,0.07hrs
15/07/2026 08:36:13,buy,0.01,GBPJPY,217.43900,15/07/2026 08:38:14,217.47200,-0.05,0.00,3.30,0.15,0.00,0.00,0.00,0.00,1,Dragon Wave_AZ0,0.03,0.03hrs
15/07/2026 08:35:01,buy,0.01,GBPAUD,1.91918,15/07/2026 08:38:08,1.91934,-0.05,0.00,1.60,0.07,0.00,0.00,0.00,0.00,1,Dragon Wave_BZ0,0.05,0.05hrs
15/07/2026 08:32:06,buy,0.01,GBPAUD,1.91921,15/07/2026 08:38:07,1.91933,-0.05,0.00,1.20,0.04,0.00,0.00,0.00,0.00,1,Dragon Wave_AZ0,0.10,0.10hrs
15/07/2026 08:36:19,buy,0.01,GBPUSD,1.34052,15/07/2026 08:38:06,1.34076,-0.05,0.00,2.40,0.19,0.00,0.00,0.00,0.00,1,Dragon Wave_AZ0,0.03,0.03hrs
15/07/2026 08:32:14,buy,0.01,GBPNZD,2.30449,15/07/2026 08:36:05,2.30463,-0.05,0.00,1.40,0.03,0.00,0.00,0.00,0.00,1,Dragon Wave_CZ0,0.06,0.06hrs
15/07/2026 08:32:22,buy,0.01,USDJPY,162.19400,15/07/2026 08:33:23,162.20300,-0.05,0.00,0.90,0.01,0.00,0.00,0.00,0.00,1,Dragon Wave_BZ0,0.02,0.02hrs
15/07/2026 08:06:36,buy,0.01,XAGUSD,58.36900,15/07/2026 08:31:57,58.28400,-0.11,0.00,-850.00,-4.36,0.00,0.00,0.00,0.00,1,Dragon Wave_CZ0,0.42,0.42hrs
15/07/2026 08:30:22,buy,0.02,XAGUSD,58.23100,15/07/2026 08:31:56,58.28100,-0.21,0.00,500.00,4.79,0.00,0.00,0.00,0.00,1,Dragon Wave_CZ1,0.03,0.03hrs
15/07/2026 08:30:13,buy,0.01,EURUSD,1.14370,15/07/2026 08:31:38,1.14378,-0.05,0.00,0.80,0.03,0.00,0.00,0.00,0.00,1,Dragon Wave_AZ0,0.02,0.02hrs
15/07/2026 08:30:16,buy,0.01,XAUUSD,4024.19000,15/07/2026 08:30:50,4025.42000,-0.14,0.00,12.30,1.09,0.00,0.00,0.00,0.00,1,Dragon Wave_AZ0,0.01,0.01hrs
15/07/2026 08:30:12,buy,0.01,XAGUSD,58.18000,15/07/2026 08:30:34,58.20700,-0.10,0.00,270.00,1.25,0.00,0.00,0.00,0.00,1,Dragon Wave_BZ0,0.01,0.01hrs
15/07/2026 08:30:05,buy,0.01,XAGUSD,58.14800,15/07/2026 08:30:26,58.18200,-0.10,0.00,340.00,1.60,0.00,0.00,0.00,0.00,1,Dragon Wave_AZ0,0.01,0.01hrs
15/07/2026 08:25:19,buy,0.01,XAUUSD,4026.80000,15/07/2026 08:28:13,4027.02000,-0.14,0.00,2.20,0.08,0.00,0.00,0.00,0.00,1,Dragon Wave_AZ0,0.05,0.05hrs
15/07/2026 08:00:33,buy,0.01,GBPAUD,1.91933,15/07/2026 08:25:39,1.91949,-0.05,0.00,1.60,0.07,0.00,0.00,0.00,0.00,1,Dragon Wave_BZ0,0.42,0.42hrs
15/07/2026 08:22:37,buy,0.01,XAUUSD,4026.68000,15/07/2026 08:23:56,4027.46000,-0.14,0.00,7.80,0.64,0.00,0.00,0.00,0.00,1,Dragon Wave_CZ0,0.02,0.02hrs
15/07/2026 08:20:21,buy,0.02,USDJPY,162.17400,15/07/2026 08:23:41,162.19000,-0.10,0.00,1.60,0.10,0.00,0.00,0.00,0.00,1,Dragon Wave_BZ1,0.06,0.06hrs
15/07/2026 08:14:25,buy,0.01,USDJPY,162.19300,15/07/2026 08:23:41,162.19000,-0.05,0.00,-0.30,-0.07,0.00,0.00,0.00,0.00,1,Dragon Wave_BZ0,0.15,0.15hrs
15/07/2026 08:20:08,buy,0.01,XAUUSD,4027.70000,15/07/2026 08:21:03,4028.42000,-0.14,0.00,7.20,0.58,0.00,0.00,0.00,0.00,1,Dragon Wave_AZ0,0.02,0.02hrs
15/07/2026 08:11:31,buy,0.01,XAUUSD,4027.40000,15/07/2026 08:16:51,4028.58000,-0.14,0.00,11.80,1.04,0.00,0.00,0.00,0.00,1,Dragon Wave_CZ0,0.09,0.09hrs
15/07/2026 08:11:30,buy,0.01,XAGUSD,58.27900,15/07/2026 08:16:23,58.29500,-0.10,0.00,160.00,0.70,0.00,0.00,0.00,0.00,1,Dragon Wave_BZ0,0.08,0.08hrs
15/07/2026 08:11:28,buy,0.01,XAUUSD,4027.55000,15/07/2026 08:13:38,4028.30000,-0.14,0.00,7.50,0.61,0.00,0.00,0.00,0.00,1,Dragon Wave_BZ0,0.04,0.04hrs
15/07/2026 08:11:24,buy,0.01,XAGUSD,58.30600,15/07/2026 08:12:30,58.31600,-0.10,0.00,100.00,0.40,0.00,0.00,0.00,0.00,1,Dragon Wave_AZ0,0.02,0.02hrs
15/07/2026 08:10:33,buy,0.01,EURUSD,1.14354,15/07/2026 08:11:13,1.14361,-0.05,0.00,0.70,0.02,0.00,0.00,0.00,0.00,1,Dragon Wave_CZ0,0.01,0.01hrs
15/07/2026 08:06:28,buy,0.01,XAUUSD,4030.99000,15/07/2026 08:07:45,4031.92000,-0.15,0.00,9.30,0.78,0.00,0.00,0.00,0.00,1,Dragon Wave_CZ0,0.02,0.02hrs
15/07/2026 08:00:59,buy,0.01,EURUSD,1.14370,15/07/2026 08:07:45,1.14378,-0.05,0.00,0.80,0.03,0.00,0.00,0.00,0.00,1,Dragon Wave_CZ0,0.11,0.11hrs
15/07/2026 08:00:56,buy,0.01,GBPUSD,1.34019,15/07/2026 08:06:41,1.34025,-0.05,0.00,0.60,0.01,0.00,0.00,0.00,0.00,1,Dragon Wave_CZ0,0.10,0.10hrs
15/07/2026 08:01:36,buy,0.01,GBPUSD,1.34013,15/07/2026 08:01:48,1.34023,-0.05,0.00,1.00,0.05,0.00,0.00,0.00,0.00,1,Dragon Wave_AZ0,0.00,0.00hrs
14/07/2026 16:00:29,buy,0.02,EURCHF,0.92490,15/07/2026 06:31:31,0.92537,-0.10,0.07,4.70,1.13,0.00,0.00,0.00,0.00,1,Dragon Wave_CZ1,14.52,14.52hrs
14/07/2026 12:00:40,buy,0.01,EURCHF,0.92621,15/07/2026 06:31:31,0.92537,-0.05,0.03,-8.40,-1.06,0.00,0.00,0.00,0.00,1,Dragon Wave_CZ0,18.51,18.51hrs
14/07/2026 16:00:36,buy,0.01,GBPCHF,1.08377,15/07/2026 01:54:20,1.08376,-0.05,0.08,-0.10,0.02,0.00,0.00,0.00,0.00,1,Dragon Wave_CZ0,9.90,9.90hrs
14/07/2026 20:40:19,buy,0.01,EURGBP,0.85404,15/07/2026 00:18:37,0.85332,-0.05,-0.15,-7.20,-1.17,0.00,0.00,0.00,0.00,1,Dragon Wave_AZ0,3.64,3.64hrs
14/07/2026 21:14:28,buy,0.04,EURGBP,0.85369,15/07/2026 00:18:36,0.85335,-0.20,-0.59,-3.40,-2.61,0.00,0.00,0.00,0.00,1,Dragon Wave_AZ3,3.07,3.07hrs
14/07/2026 21:12:09,buy,0.03,EURGBP,0.85379,15/07/2026 00:18:36,0.85332,-0.15,-0.44,-4.70,-2.47,0.00,0.00,0.00,0.00,1,Dragon Wave_AZ2,3.11,3.11hrs
14/07/2026 20:41:08,buy,0.02,EURGBP,0.85400,15/07/2026 00:18:36,0.85332,-0.10,-0.29,-6.80,-2.21,0.00,0.00,0.00,0.00,1,Dragon Wave_AZ1,3.62,3.62hrs
14/07/2026 22:44:11,buy,0.29,EURGBP,0.85330,15/07/2026 00:18:35,0.85332,-1.45,-4.25,0.20,-4.92,0.00,0.00,0.00,0.00,1,Dragon Wave_AZ7,1.57,1.57hrs
14/07/2026 22:40:07,buy,0.18,EURGBP,0.85334,15/07/2026 00:18:35,0.85332,-0.90,-2.64,-0.20,-4.02,0.00,0.00,0.00,0.00,1,Dragon Wave_AZ6,1.64,1.64hrs
14/07/2026 22:39:11,buy,0.11,EURGBP,0.85337,15/07/2026 00:18:35,0.85332,-0.55,-1.61,-0.50,-2.89,0.00,0.00,0.00,0.00,1,Dragon Wave_AZ5,1.66,1.66hrs
14/07/2026 22:26:16,buy,0.07,EURGBP,0.85345,15/07/2026 00:18:35,0.85333,-0.35,-1.03,-1.20,-2.50,0.00,0.00,0.00,0.00,1,Dragon Wave_AZ4,1.87,1.87hrs
14/07/2026 22:58:08,buy,0.76,EURGBP,0.85304,15/07/2026 00:18:33,0.85333,-3.80,-11.13,2.90,14.55,0.00,0.00,0.00,0.00,1,Dragon Wave_AZ9,1.34,1.34hrs
14/07/2026 22:46:13,buy,0.47,EURGBP,0.85320,15/07/2026 00:18:33,0.85333,-2.35,-6.89,1.30,-1.06,0.00,0.00,0.00,0.00,1,Dragon Wave_AZ8,1.54,1.54hrs
14/07/2026 21:59:40,buy,0.01,NZDCHF,0.47013,14/07/2026 22:47:44,0.47012,-0.05,0.00,-0.10,-0.06,0.00,0.00,0.00,0.00,1,Dragon Wave_CZ0,0.80,0.80hrs
14/07/2026 22:00:26,buy,0.02,NZDCHF,0.47005,14/07/2026 22:47:43,0.47012,-0.10,0.00,0.70,0.08,0.00,0.00,0.00,0.00,1,Dragon Wave_CZ1,0.79,0.79hrs
14/07/2026 22:00:19,buy,0.02,NZDCHF,0.47006,14/07/2026 22:47:24,0.47013,-0.10,0.00,0.70,0.08,0.00,0.00,0.00,0.00,1,Dragon Wave_BZ1,0.78,0.78hrs
14/07/2026 21:59:25,buy,0.01,NZDCHF,0.47012,14/07/2026 22:47:24,0.47013,-0.05,0.00,0.10,-0.04,0.00,0.00,0.00,0.00,1,Dragon Wave_BZ0,0.80,0.80hrs
14/07/2026 21:55:16,buy,0.01,CADCHF,0.57533,14/07/2026 22:30:19,0.57527,-0.05,0.00,-0.60,-0.12,0.00,0.00,0.00,0.00,1,Dragon Wave_BZ0,0.58,0.58hrs
14/07/2026 21:59:24,buy,0.02,CADCHF,0.57521,14/07/2026 22:30:18,0.57528,-0.10,0.00,0.70,0.08,0.00,0.00,0.00,0.00,1,Dragon Wave_BZ1,0.52,0.52hrs
14/07/2026 22:12:41,buy,0.02,USDJPY,162.15300,14/07/2026 22:21:41,162.18000,-0.10,0.00,2.70,0.23,0.00,0.00,0.00,0.00,1,Dragon Wave_CZ1,0.15,0.15hrs
14/07/2026 21:59:45,buy,0.01,USDJPY,162.19600,14/07/2026 22:21:41,162.17900,-0.05,0.00,-1.70,-0.15,0.00,0.00,0.00,0.00,1,Dragon Wave_CZ0,0.37,0.37hrs
14/07/2026 22:07:09,buy,0.02,CADCHF,0.57514,14/07/2026 22:21:34,0.57524,-0.10,0.00,1.00,0.15,0.00,0.00,0.00,0.00,1,Dragon Wave_CZ1,0.24,0.24hrs
14/07/2026 21:58:40,buy,0.01,CADCHF,0.57530,14/07/2026 22:21:34,0.57524,-0.05,0.00,-0.60,-0.12,0.00,0.00,0.00,0.00,1,Dragon Wave_CZ0,0.38,0.38hrs
14/07/2026 21:58:25,buy,0.01,CADCHF,0.57532,14/07/2026 22:21:28,0.57523,-0.05,0.00,-0.90,-0.16,0.00,0.00,0.00,0.00,1,Dragon Wave_AZ0,0.38,0.38hrs
14/07/2026 22:09:09,buy,0.03,CADCHF,0.57509,14/07/2026 22:21:27,0.57523,-0.15,0.00,1.40,0.37,0.00,0.00,0.00,0.00,1,Dragon Wave_AZ2,0.20,0.20hrs
14/07/2026 21:59:09,buy,0.02,CADCHF,0.57523,14/07/2026 22:21:27,0.57523,-0.10,0.00,0.00,-0.10,0.00,0.00,0.00,0.00,1,Dragon Wave_AZ1,0.37,0.37hrs
14/07/2026 21:59:25,buy,0.01,GBPCHF,1.08283,14/07/2026 22:20:33,1.08292,-0.05,0.00,0.90,0.06,0.00,0.00,0.00,0.00,1,Dragon Wave_BZ0,0.35,0.35hrs
14/07/2026 21:41:54,buy,0.01,AUDCAD,0.98104,14/07/2026 22:09:30,0.98114,-0.05,0.00,1.00,0.02,0.00,0.00,0.00,0.00,1,Dragon Wave_CZ0,0.46,0.46hrs
14/07/2026 18:00:45,buy,0.01,GBPAUD,1.91880,14/07/2026 22:05:45,1.91891,-0.05,0.00,1.10,0.03,0.00,0.00,0.00,0.00,1,Dragon Wave_CZ0,4.08,4.08hrs
14/07/2026 21:38:20,buy,0.02,AUDJPY,113.12400,14/07/2026 22:00:07,113.13300,-0.10,0.00,0.90,0.01,0.00,0.00,0.00,0.00,1,Dragon Wave_AZ1,0.36,0.36hrs
14/07/2026 21:35:22,buy,0.01,AUDJPY,113.13700,14/07/2026 22:00:07,113.13200,-0.05,0.00,-0.50,-0.08,0.00,0.00,0.00,0.00,1,Dragon Wave_AZ0,0.41,0.41hrs
14/07/2026 20:11:30,buy,0.02,CHFJPY,200.42700,14/07/2026 21:59:38,200.43100,-0.10,0.00,0.40,-0.05,0.00,0.00,0.00,0.00,1,Dragon Wave_CZ1,1.80,1.80hrs
14/07/2026 20:06:31,buy,0.01,CHFJPY,200.48000,14/07/2026 21:59:38,200.43100,-0.05,0.00,-4.90,-0.35,0.00,0.00,0.00,0.00,1,Dragon Wave_CZ0,1.89,1.89hrs
14/07/2026 21:38:50,buy,0.01,AUDJPY,113.11800,14/07/2026 21:59:20,113.12700,-0.05,0.00,0.90,0.01,0.00,0.00,0.00,0.00,1,Dragon Wave_CZ0,0.34,0.34hrs
14/07/2026 21:20:28,buy,0.01,AUDUSD,0.69757,14/07/2026 21:58:48,0.69737,-0.05,0.00,-2.00,-0.25,0.00,0.00,0.00,0.00,1,Dragon Wave_AZ0,0.64,0.64hrs
14/07/2026 21:42:44,buy,0.04,AUDUSD,0.69703,14/07/2026 21:58:47,0.69737,-0.20,0.00,3.40,1.16,0.00,0.00,0.00,0.00,1,Dragon Wave_AZ3,0.27,0.27hrs
14/07/2026 21:38:15,buy,0.03,AUDUSD,0.69729,14/07/2026 21:58:47,0.69737,-0.15,0.00,0.80,0.09,0.00,0.00,0.00,0.00,1,Dragon Wave_AZ2,0.34,0.34hrs
14/07/2026 21:21:16,buy,0.02,XAGUSD,58.79200,14/07/2026 21:58:47,58.63000,-0.21,0.00,-1620.00,-16.41,0.00,0.00,0.00,0.00,1,Dragon Wave_AZ1,0.63,0.63hrs
14/07/2026 21:21:16,buy,0.02,AUDUSD,0.69756,14/07/2026 21:58:47,0.69737,-0.10,0.00,-1.90,-0.48,0.00,0.00,0.00,0.00,1,Dragon Wave_AZ1,0.63,0.63hrs
14/07/2026 21:20:18,buy,0.01,XAGUSD,58.80800,14/07/2026 21:58:47,58.62100,-0.11,0.00,-1870.00,-9.46,0.00,0.00,0.00,0.00,1,Dragon Wave_AZ0,0.64,0.64hrs
14/07/2026 21:42:36,buy,0.07,XAGUSD,58.50700,14/07/2026 21:58:46,58.63000,-0.74,0.00,1230.00,42.31,0.00,0.00,0.00,0.00,1,Dragon Wave_AZ4,0.27,0.27hrs
14/07/2026 21:38:07,buy,0.04,XAGUSD,58.62300,14/07/2026 21:58:46,58.63000,-0.42,0.00,70.00,0.98,0.00,0.00,0.00,0.00,1,Dragon Wave_AZ3,0.34,0.34hrs
14/07/2026 21:31:06,buy,0.03,XAGUSD,58.70800,14/07/2026 21:58:46,58.63000,-0.32,0.00,-780.00,-12.02,0.00,0.00,0.00,0.00,1,Dragon Wave_AZ2,0.46,0.46hrs
14/07/2026 21:23:20,buy,0.02,NZDUSD,0.58104,14/07/2026 21:58:46,0.58098,-0.10,0.00,-0.60,-0.22,0.00,0.00,0.00,0.00,1,Dragon Wave_AZ1,0.59,0.59hrs
14/07/2026 21:20:08,buy,0.01,NZDUSD,0.58111,14/07/2026 21:58:46,0.58098,-0.05,0.00,-1.30,-0.18,0.00,0.00,0.00,0.00,1,Dragon Wave_AZ0,0.64,0.64hrs
14/07/2026 21:42:17,buy,0.04,NZDUSD,0.58059,14/07/2026 21:58:45,0.58096,-0.20,0.00,3.70,1.28,0.00,0.00,0.00,0.00,1,Dragon Wave_AZ3,0.27,0.27hrs
14/07/2026 21:38:22,buy,0.03,NZDUSD,0.58085,14/07/2026 21:58:45,0.58096,-0.15,0.00,1.10,0.18,0.00,0.00,0.00,0.00,1,Dragon Wave_AZ2,0.34,0.34hrs
14/07/2026 21:42:41,buy,0.02,GBPJPY,217.00800,14/07/2026 21:57:44,217.02900,-0.10,0.00,2.10,0.16,0.00,0.00,0.00,0.00,1,Dragon Wave_BZ1,0.25,0.25hrs
14/07/2026 21:37:56,buy,0.01,GBPJPY,217.04000,14/07/2026 21:57:44,217.02900,-0.05,0.00,-1.10,-0.11,0.00,0.00,0.00,0.00,1,Dragon Wave_BZ0,0.33,0.33hrs
14/07/2026 21:41:46,buy,0.03,AUDUSD,0.69708,14/07/2026 21:56:52,0.69726,-0.15,0.00,1.80,0.39,0.00,0.00,0.00,0.00,1,Dragon Wave_CZ2,0.25,0.25hrs
14/07/2026 21:38:47,buy,0.02,AUDUSD,0.69725,14/07/2026 21:56:52,0.69726,-0.10,0.00,0.10,-0.08,0.00,0.00,0.00,0.00,1,Dragon Wave_CZ1,0.30,0.30hrs
14/07/2026 21:22:37,buy,0.01,AUDUSD,0.69744,14/07/2026 21:56:52,0.69726,-0.05,0.00,-1.80,-0.23,0.00,0.00,0.00,0.00,1,Dragon Wave_CZ0,0.57,0.57hrs
14/07/2026 21:37:03,buy,0.02,NZDCAD,0.81726,14/07/2026 21:55:13,0.81724,-0.10,0.00,-0.20,-0.13,0.00,0.00,0.00,0.00,1,Dragon Wave_BZ1,0.30,0.30hrs
14/07/2026 21:30:30,buy,0.01,NZDCAD,0.81733,14/07/2026 21:55:13,0.81724,-0.05,0.00,-0.90,-0.12,0.00,0.00,0.00,0.00,1,Dragon Wave_BZ0,0.41,0.41hrs
14/07/2026 21:40:27,buy,0.03,NZDCAD,0.81708,14/07/2026 21:55:12,0.81724,-0.15,0.00,1.60,0.19,0.00,0.00,0.00,0.00,1,Dragon Wave_BZ2,0.25,0.25hrs
14/07/2026 21:42:49,buy,0.01,NZDCHF,0.47015,14/07/2026 21:54:45,0.47020,-0.05,0.00,0.50,0.01,0.00,0.00,0.00,0.00,1,Dragon Wave_CZ0,0.20,0.20hrs
14/07/2026 21:41:50,buy,0.02,GBPUSD,1.33739,14/07/2026 21:53:26,1.33766,-0.10,0.00,2.70,0.44,0.00,0.00,0.00,0.00,1,Dragon Wave_CZ1,0.19,0.19hrs
14/07/2026 21:38:40,buy,0.01,GBPUSD,1.33785,14/07/2026 21:53:26,1.33766,-0.05,0.00,-1.90,-0.24,0.00,0.00,0.00,0.00,1,Dragon Wave_CZ0,0.25,0.25hrs
14/07/2026 21:50:24,buy,0.01,AUDJPY,113.10200,14/07/2026 21:53:08,113.11500,-0.05,0.00,1.30,0.03,0.00,0.00,0.00,0.00,1,Dragon Wave_BZ0,0.05,0.05hrs
14/07/2026 21:50:34,buy,0.01,XAUUSD,4048.13000,14/07/2026 21:50:58,4048.72000,-0.15,0.00,5.90,0.44,0.00,0.00,0.00,0.00,1,Dragon Wave_AZ0,0.01,0.01hrs
14/07/2026 21:44:40,buy,0.01,CADCHF,0.57538,14/07/2026 21:50:43,0.57541,-0.05,0.00,0.30,-0.01,0.00,0.00,0.00,0.00,1,Dragon Wave_BZ0,0.10,0.10hrs
14/07/2026 21:46:21,buy,0.02,CADCHF,0.57534,14/07/2026 21:50:42,0.57541,-0.10,0.00,0.70,0.07,0.00,0.00,0.00,0.00,1,Dragon Wave_BZ1,0.07,0.07hrs
14/07/2026 21:47:17,buy,0.02,CADCHF,0.57528,14/07/2026 21:50:12,0.57538,-0.10,0.00,1.00,0.14,0.00,0.00,0.00,0.00,1,Dragon Wave_AZ1,0.05,0.05hrs
14/07/2026 21:45:29,buy,0.01,CADCHF,0.57536,14/07/2026 21:50:12,0.57538,-0.05,0.00,0.20,-0.03,0.00,0.00,0.00,0.00,1,Dragon Wave_AZ0,0.08,0.08hrs
14/07/2026 21:47:13,buy,0.01,NZDCHF,0.47012,14/07/2026 21:48:21,0.47019,-0.05,0.00,0.70,0.04,0.00,0.00,0.00,0.00,1,Dragon Wave_AZ0,0.02,0.02hrs
14/07/2026 21:41:13,buy,0.01,XAUUSD,4051.89000,14/07/2026 21:48:21,4049.83000,-0.15,0.00,-20.60,-2.21,0.00,0.00,0.00,0.00,1,Dragon Wave_AZ0,0.12,0.12hrs
14/07/2026 21:47:29,buy,0.01,CADCHF,0.57525,14/07/2026 21:48:20,0.57536,-0.05,0.00,1.10,0.09,0.00,0.00,0.00,0.00,1,Dragon Wave_CZ0,0.01,0.01hrs
14/07/2026 21:42:08,buy,0.02,XAUUSD,4048.00000,14/07/2026 21:48:20,4049.83000,-0.29,0.00,18.30,3.37,0.00,0.00,0.00,0.00,1,Dragon Wave_AZ1,0.10,0.10hrs
14/07/2026 21:32:29,buy,0.02,NZDCAD,0.81726,14/07/2026 21:47:33,0.81723,-0.10,0.00,-0.30,-0.14,0.00,0.00,0.00,0.00,1,Dragon Wave_AZ1,0.25,0.25hrs
14/07/2026 21:30:16,buy,0.01,NZDCAD,0.81736,14/07/2026 21:47:33,0.81723,-0.05,0.00,-1.30,-0.14,0.00,0.00,0.00,0.00,1,Dragon Wave_AZ0,0.29,0.29hrs
14/07/2026 21:42:29,buy,0.03,NZDCAD,0.81701,14/07/2026 21:47:32,0.81723,-0.15,0.00,2.20,0.32,0.00,0.00,0.00,0.00,1,Dragon Wave_AZ2,0.08,0.08hrs
14/07/2026 21:41:30,buy,0.01,XAUUSD,4048.62000,14/07/2026 21:46:53,4048.89000,-0.15,0.00,2.70,0.12,0.00,0.00,0.00,0.00,1,Dragon Wave_CZ0,0.09,0.09hrs
14/07/2026 21:42:29,buy,0.02,NZDUSD,0.58060,14/07/2026 21:46:45,0.58073,-0.10,0.00,1.30,0.16,0.00,0.00,0.00,0.00,1,Dragon Wave_BZ1,0.07,0.07hrs
14/07/2026 21:37:53,buy,0.01,NZDUSD,0.58083,14/07/2026 21:46:45,0.58073,-0.05,0.00,-1.00,-0.15,0.00,0.00,0.00,0.00,1,Dragon Wave_BZ0,0.15,0.15hrs
14/07/2026 21:22:28,buy,0.01,EURUSD,1.14226,14/07/2026 21:46:44,1.14209,-0.05,0.00,-1.70,-0.22,0.00,0.00,0.00,0.00,1,Dragon Wave_CZ0,0.40,0.40hrs
14/07/2026 21:41:32,buy,0.03,EURUSD,1.14183,14/07/2026 21:46:43,1.14209,-0.15,0.00,2.60,0.63,0.00,0.00,0.00,0.00,1,Dragon Wave_CZ2,0.09,0.09hrs
14/07/2026 21:37:58,buy,0.02,EURUSD,1.14207,14/07/2026 21:46:43,1.14209,-0.10,0.00,0.20,-0.06,0.00,0.00,0.00,0.00,1,Dragon Wave_CZ1,0.15,0.15hrs
14/07/2026 21:44:02,buy,0.01,XAGUSD,58.50800,14/07/2026 21:46:39,58.54700,-0.11,0.00,390.00,1.84,0.00,0.00,0.00,0.00,1,Dragon Wave_CZ0,0.04,0.04hrs
14/07/2026 21:43:34,buy,0.03,EURUSD,1.14171,14/07/2026 21:46:37,1.14206,-0.15,0.00,3.50,0.90,0.00,0.00,0.00,0.00,1,Dragon Wave_BZ2,0.05,0.05hrs
14/07/2026 21:24:09,buy,0.02,EURUSD,1.14217,14/07/2026 21:46:37,1.14206,-0.10,0.00,-1.10,-0.32,0.00,0.00,0.00,0.00,1,Dragon Wave_BZ1,0.37,0.37hrs
14/07/2026 21:20:33,buy,0.01,EURUSD,1.14237,14/07/2026 21:46:37,1.14207,-0.05,0.00,-3.00,-0.35,0.00,0.00,0.00,0.00,1,Dragon Wave_BZ0,0.43,0.43hrs
14/07/2026 21:13:51,buy,0.01,EURGBP,0.85372,14/07/2026 21:45:55,0.85377,-0.05,0.00,0.50,0.01,0.00,0.00,0.00,0.00,1,Dragon Wave_CZ0,0.53,0.53hrs
14/07/2026 21:24:10,buy,0.01,EURCAD,1.60728,14/07/2026 21:45:53,1.60696,-0.05,0.00,-3.20,-0.28,0.00,0.00,0.00,0.00,1,Dragon Wave_AZ0,0.36,0.36hrs
14/07/2026 21:40:05,buy,0.03,EURCAD,1.60669,14/07/2026 21:45:52,1.60697,-0.15,0.00,2.80,0.44,0.00,0.00,0.00,0.00,1,Dragon Wave_AZ2,0.10,0.10hrs
14/07/2026 21:32:21,buy,0.02,EURCAD,1.60697,14/07/2026 21:45:52,1.60696,-0.10,0.00,-0.10,-0.12,0.00,0.00,0.00,0.00,1,Dragon Wave_AZ1,0.23,0.23hrs
14/07/2026 21:43:33,buy,0.03,NZDCAD,0.81698,14/07/2026 21:45:28,0.81719,-0.15,0.00,2.10,0.30,0.00,0.00,0.00,0.00,1,Dragon Wave_CZ2,0.03,0.03hrs
14/07/2026 21:38:31,buy,0.02,NZDCAD,0.81718,14/07/2026 21:45:28,0.81717,-0.10,0.00,-0.10,-0.12,0.00,0.00,0.00,0.00,1,Dragon Wave_CZ1,0.12,0.12hrs
14/07/2026 21:31:31,buy,0.01,NZDCAD,0.81732,14/07/2026 21:45:28,0.81717,-0.05,0.00,-1.50,-0.16,0.00,0.00,0.00,0.00,1,Dragon Wave_CZ0,0.23,0.23hrs
14/07/2026 20:58:27,buy,0.01,EURAUD,1.63788,14/07/2026 21:45:15,1.63803,-0.05,0.00,1.50,0.06,0.00,0.00,0.00,0.00,1,Dragon Wave_AZ0,0.78,0.78hrs
14/07/2026 21:41:35,buy,0.01,NZDCHF,0.47016,14/07/2026 21:45:12,0.47017,-0.05,0.00,0.10,-0.04,0.00,0.00,0.00,0.00,1,Dragon Wave_BZ0,0.06,0.06hrs
14/07/2026 21:44:05,buy,0.02,NZDCHF,0.47013,14/07/2026 21:45:11,0.47017,-0.10,0.00,0.00,0.00,0.00,0.00,0.00,0.00,1,Dragon Wave_BZ1,0.02,0.02hrs
14/07/2026 21:41:35,buy,0.01,AUDUSD,0.69701,14/07/2026 21:45:09,0.69710,-0.05,0.00,0.90,0.04,0.00,0.00,0.00,0.00,1,Dragon Wave_BZ0,0.06,0.06hrs
14/07/2026 21:41:27,buy,0.01,GBPUSD,1.33726,14/07/2026 21:44:34,1.33740,-0.05,0.00,1.40,0.09,0.00,0.00,0.00,0.00,1,Dragon Wave_AZ0,0.05,0.05hrs
14/07/2026 21:30:31,buy,0.01,USDCAD,1.40699,14/07/2026 21:41:26,1.40734,-0.05,0.00,3.50,0.20,0.00,0.00,0.00,0.00,1,Dragon Wave_BZ0,0.18,0.18hrs
14/07/2026 21:37:38,buy,0.01,XAUUSD,4053.91000,14/07/2026 21:40:41,4054.30000,-0.15,0.00,3.90,0.24,0.00,0.00,0.00,0.00,1,Dragon Wave_CZ0,0.05,0.05hrs
14/07/2026 21:30:22,buy,0.01,USDCAD,1.40698,14/07/2026 21:37:55,1.40703,-0.05,0.00,0.50,-0.01,0.00,0.00,0.00,0.00,1,Dragon Wave_AZ0,0.13,0.13hrs
14/07/2026 21:32:17,buy,0.01,XAUUSD,4055.56000,14/07/2026 21:34:02,4056.51000,-0.15,0.00,9.50,0.80,0.00,0.00,0.00,0.00,1,Dragon Wave_AZ0,0.03,0.03hrs
14/07/2026 21:22:35,buy,0.01,AUDJPY,113.12600,14/07/2026 21:31:40,113.13400,-0.05,0.00,0.00,0.00,0.00,0.00,0.00,0.00,1,Dragon Wave_CZ0,0.15,0.15hrs
14/07/2026 21:20:25,buy,0.01,GBPUSD,1.33808,14/07/2026 21:30:43,1.33815,-0.05,0.00,0.70,0.02,0.00,0.00,0.00,0.00,1,Dragon Wave_BZ0,0.17,0.17hrs
14/07/2026 21:28:31,buy,0.01,CADCHF,0.57526,14/07/2026 21:29:08,0.57530,-0.05,0.00,0.00,0.00,0.00,0.00,0.00,0.00,1,Dragon Wave_BZ0,0.01,0.01hrs
14/07/2026 21:24:30,buy,0.01,NZDCAD,0.81738,14/07/2026 21:27:33,0.81749,-0.05,0.00,1.10,0.03,0.00,0.00,0.00,0.00,1,Dragon Wave_BZ0,0.05,0.05hrs
14/07/2026 21:24:12,buy,0.01,EURJPY,185.25600,14/07/2026 21:27:07,185.27100,-0.05,0.00,1.50,0.05,0.00,0.00,0.00,0.00,1,Dragon Wave_AZ0,0.05,0.05hrs
14/07/2026 21:24:25,buy,0.01,XAGUSD,58.74400,14/07/2026 21:26:46,58.77500,-0.11,0.00,310.00,1.44,0.00,0.00,0.00,0.00,1,Dragon Wave_CZ0,0.04,0.04hrs
14/07/2026 21:21:31,buy,0.01,XAUUSD,4060.40000,14/07/2026 21:26:45,4058.85000,-0.15,0.00,-15.50,-1.70,0.00,0.00,0.00,0.00,1,Dragon Wave_CZ0,0.09,0.09hrs
14/07/2026 21:24:39,buy,0.02,XAUUSD,4057.59000,14/07/2026 21:26:44,4058.85000,-0.29,0.00,12.60,2.23,0.00,0.00,0.00,0.00,1,Dragon Wave_CZ1,0.03,0.03hrs
14/07/2026 21:24:36,buy,0.01,XAUUSD,4057.55000,14/07/2026 21:26:43,4058.88000,-0.15,0.00,13.30,1.18,0.00,0.00,0.00,0.00,1,Dragon Wave_BZ0,0.04,0.04hrs
14/07/2026 21:25:14,buy,0.02,XAUUSD,4057.38000,14/07/2026 21:26:40,4058.27000,-0.29,0.00,8.90,1.49,0.00,0.00,0.00,0.00,1,Dragon Wave_AZ1,0.02,0.02hrs
14/07/2026 21:24:15,buy,0.01,XAUUSD,4059.13000,14/07/2026 21:26:40,4058.40000,-0.15,0.00,-7.30,-0.88,0.00,0.00,0.00,0.00,1,Dragon Wave_AZ0,0.04,0.04hrs
14/07/2026 21:25:30,buy,0.01,EURUSD,1.14210,14/07/2026 21:26:35,1.14216,-0.05,0.00,0.60,0.01,0.00,0.00,0.00,0.00,1,Dragon Wave_AZ0,0.02,0.02hrs
14/07/2026 21:20:36,buy,0.01,XAGUSD,58.78400,14/07/2026 21:26:31,58.74700,-0.11,0.00,-370.00,-1.96,0.00,0.00,0.00,0.00,1,Dragon Wave_BZ0,0.10,0.10hrs
14/07/2026 21:25:19,buy,0.02,XAGUSD,58.72600,14/07/2026 21:26:30,58.75000,-0.21,0.00,240.00,2.19,0.00,0.00,0.00,0.00,1,Dragon Wave_BZ1,0.02,0.02hrs
14/07/2026 21:23:29,buy,0.01,EURCAD,1.60707,14/07/2026 21:26:19,1.60721,-0.05,0.00,1.40,0.05,0.00,0.00,0.00,0.00,1,Dragon Wave_CZ0,0.05,0.05hrs
14/07/2026 21:20:34,buy,0.01,AUDJPY,113.12800,14/07/2026 21:23:11,113.13600,-0.05,0.00,0.00,0.00,0.00,0.00,0.00,0.00,1,Dragon Wave_BZ0,0.04,0.04hrs
14/07/2026 21:16:18,buy,0.01,NZDCHF,0.47025,14/07/2026 21:23:00,0.47029,-0.05,0.00,0.00,0.00,0.00,0.00,0.00,0.00,1,Dragon Wave_AZ0,0.11,0.11hrs
14/07/2026 21:20:11,buy,0.02,GBPUSD,1.33814,14/07/2026 21:21:40,1.33833,-0.10,0.00,1.90,0.28,0.00,0.00,0.00,0.00,1,Dragon Wave_AZ1,0.02,0.02hrs
14/07/2026 21:19:11,buy,0.01,GBPUSD,1.33826,14/07/2026 21:21:40,1.33833,-0.05,0.00,0.70,0.02,0.00,0.00,0.00,0.00,1,Dragon Wave_AZ0,0.04,0.04hrs
14/07/2026 21:18:37,buy,0.02,USDJPY,162.16800,14/07/2026 21:20:47,162.18300,-0.10,0.00,1.50,0.08,0.00,0.00,0.00,0.00,1,Dragon Wave_CZ1,0.04,0.04hrs
14/07/2026 21:14:53,buy,0.01,USDJPY,162.18300,14/07/2026 21:20:47,162.18300,-0.05,0.00,0.00,-0.05,0.00,0.00,0.00,0.00,1,Dragon Wave_CZ0,0.10,0.10hrs
14/07/2026 21:18:29,buy,0.01,USDJPY,162.16700,14/07/2026 21:20:34,162.18400,-0.05,0.00,1.70,0.05,0.00,0.00,0.00,0.00,1,Dragon Wave_BZ0,0.03,0.03hrs
14/07/2026 21:12:23,buy,0.01,CADCHF,0.57521,14/07/2026 21:19:47,0.57528,-0.05,0.00,0.70,0.04,0.00,0.00,0.00,0.00,1,Dragon Wave_CZ0,0.12,0.12hrs
14/07/2026 21:10:36,buy,0.01,AUDJPY,113.13500,14/07/2026 21:17:13,113.14600,-0.05,0.00,1.10,0.02,0.00,0.00,0.00,0.00,1,Dragon Wave_BZ0,0.11,0.11hrs
14/07/2026 21:14:25,buy,0.01,XAUUSD,4060.53000,14/07/2026 21:14:52,4061.40000,-0.15,0.00,8.70,0.72,0.00,0.00,0.00,0.00,1,Dragon Wave_AZ0,0.01,0.01hrs
14/07/2026 21:11:04,buy,0.02,EURUSD,1.14231,14/07/2026 21:13:25,1.14241,-0.10,0.00,1.00,0.10,0.00,0.00,0.00,0.00,1,Dragon Wave_AZ1,0.04,0.04hrs
14/07/2026 21:05:14,buy,0.01,EURUSD,1.14242,14/07/2026 21:13:25,1.14241,-0.05,0.00,-0.10,-0.06,0.00,0.00,0.00,0.00,1,Dragon Wave_AZ0,0.14,0.14hrs
14/07/2026 21:07:26,buy,0.01,CADCHF,0.57522,14/07/2026 21:12:42,0.57525,-0.05,0.00,0.30,-0.02,0.00,0.00,0.00,0.00,1,Dragon Wave_BZ0,0.09,0.09hrs
14/07/2026 20:55:20,buy,0.01,NZDCAD,0.81742,14/07/2026 21:12:30,0.81753,-0.05,0.00,1.10,0.03,0.00,0.00,0.00,0.00,1,Dragon Wave_BZ0,0.29,0.29hrs
14/07/2026 20:58:34,buy,0.02,NZDCAD,0.81740,14/07/2026 21:12:29,0.81753,-0.10,0.00,1.30,0.08,0.00,0.00,0.00,0.00,1,Dragon Wave_BZ1,0.23,0.23hrs
14/07/2026 21:04:37,buy,0.01,CADCHF,0.57526,14/07/2026 21:09:47,0.57526,-0.05,0.00,0.00,-0.05,0.00,0.00,0.00,0.00,1,Dragon Wave_AZ0,0.09,0.09hrs
14/07/2026 21:08:19,buy,0.02,CADCHF,0.57520,14/07/2026 21:09:46,0.57527,-0.10,0.00,0.70,0.07,0.00,0.00,0.00,0.00,1,Dragon Wave_AZ1,0.02,0.02hrs
14/07/2026 20:58:48,buy,0.01,NZDCAD,0.81736,14/07/2026 21:08:26,0.81746,-0.05,0.00,1.00,0.02,0.00,0.00,0.00,0.00,1,Dragon Wave_CZ0,0.16,0.16hrs
14/07/2026 20:58:11,buy,0.01,GBPUSD,1.33787,14/07/2026 21:07:22,1.33793,-0.05,0.00,0.60,0.01,0.00,0.00,0.00,0.00,1,Dragon Wave_CZ0,0.15,0.15hrs
14/07/2026 21:04:34,buy,0.01,GBPUSD,1.33775,14/07/2026 21:06:59,1.33782,-0.05,0.00,0.70,0.02,0.00,0.00,0.00,0.00,1,Dragon Wave_AZ0,0.04,0.04hrs
14/07/2026 21:00:10,buy,0.01,XAUUSD,4062.53000,14/07/2026 21:04:44,4061.55000,-0.15,0.00,-9.80,-1.13,0.00,0.00,0.00,0.00,1,Dragon Wave_AZ0,0.08,0.08hrs
14/07/2026 21:02:13,buy,0.02,XAUUSD,4061.00000,14/07/2026 21:04:43,4061.56000,-0.29,0.00,5.60,0.83,0.00,0.00,0.00,0.00,1,Dragon Wave_AZ1,0.04,0.04hrs
14/07/2026 20:58:21,buy,0.01,EURCAD,1.60712,14/07/2026 21:04:37,1.60721,-0.05,0.00,0.90,0.01,0.00,0.00,0.00,0.00,1,Dragon Wave_CZ0,0.10,0.10hrs
14/07/2026 21:01:37,buy,0.01,XAUUSD,4060.60000,14/07/2026 21:04:34,4061.67000,-0.15,0.00,10.70,0.92,0.00,0.00,0.00,0.00,1,Dragon Wave_CZ0,0.05,0.05hrs
14/07/2026 21:01:28,buy,0.01,XAUUSD,4060.34000,14/07/2026 21:04:05,4061.52000,-0.15,0.00,11.80,1.03,0.00,0.00,0.00,0.00,1,Dragon Wave_BZ0,0.04,0.04hrs
14/07/2026 20:58:22,buy,0.01,EURUSD,1.14238,14/07/2026 21:02:22,1.14252,-0.05,0.00,1.40,0.09,0.00,0.00,0.00,0.00,1,Dragon Wave_CZ0,0.07,0.07hrs
14/07/2026 20:58:22,buy,0.01,EURJPY,185.27800,14/07/2026 21:01:41,185.29200,-0.05,0.00,1.40,0.04,0.00,0.00,0.00,0.00,1,Dragon Wave_AZ0,0.06,0.06hrs
14/07/2026 20:58:57,buy,0.01,GBPCAD,1.88192,14/07/2026 21:00:54,1.88187,-0.05,0.00,-0.50,-0.08,0.00,0.00,0.00,0.00,1,Dragon Wave_BZ0,0.03,0.03hrs
14/07/2026 20:58:46,buy,0.01,EURAUD,1.63774,14/07/2026 21:00:28,1.63783,-0.05,0.00,0.90,0.01,0.00,0.00,0.00,0.00,1,Dragon Wave_BZ0,0.03,0.03hrs
14/07/2026 20:58:10,buy,0.01,XAUUSD,4062.74000,14/07/2026 20:59:28,4063.30000,-0.15,0.00,5.60,0.41,0.00,0.00,0.00,0.00,1,Dragon Wave_AZ0,0.02,0.02hrs
14/07/2026 20:25:28,buy,0.01,USDJPY,162.19000,14/07/2026 20:58:35,162.18500,-0.05,0.00,-0.50,-0.08,0.00,0.00,0.00,0.00,1,Dragon Wave_AZ0,0.55,0.55hrs
14/07/2026 20:45:23,buy,0.03,USDJPY,162.16600,14/07/2026 20:58:34,162.18600,-0.15,0.00,2.00,0.22,0.00,0.00,0.00,0.00,1,Dragon Wave_AZ2,0.22,0.22hrs
14/07/2026 20:31:17,buy,0.02,USDJPY,162.18400,14/07/2026 20:58:34,162.18500,-0.10,0.00,0.10,-0.09,0.00,0.00,0.00,0.00,1,Dragon Wave_AZ1,0.45,0.45hrs
14/07/2026 20:52:38,buy,0.01,NZDCHF,0.47018,14/07/2026 20:58:20,0.47026,-0.05,0.00,0.80,0.05,0.00,0.00,0.00,0.00,1,Dragon Wave_BZ0,0.10,0.10hrs
14/07/2026 20:49:37,buy,0.02,USDCHF,0.80910,14/07/2026 20:58:20,0.80930,-0.10,0.00,2.00,0.39,0.00,0.00,0.00,0.00,1,Dragon Wave_CZ1,0.15,0.15hrs
14/07/2026 20:25:44,buy,0.01,USDCHF,0.80942,14/07/2026 20:58:20,0.80930,-0.05,0.00,-1.20,-0.20,0.00,0.00,0.00,0.00,1,Dragon Wave_CZ0,0.54,0.54hrs
14/07/2026 20:44:06,buy,0.01,CADCHF,0.57528,14/07/2026 20:58:16,0.57529,-0.05,0.00,0.10,-0.03,0.00,0.00,0.00,0.00,1,Dragon Wave_BZ0,0.24,0.24hrs
14/07/2026 20:50:22,buy,0.03,CADCHF,0.57517,14/07/2026 20:58:15,0.57529,-0.15,0.00,1.20,0.30,0.00,0.00,0.00,0.00,1,Dragon Wave_BZ2,0.13,0.13hrs
14/07/2026 20:45:23,buy,0.02,CADCHF,0.57524,14/07/2026 20:58:15,0.57529,-0.10,0.00,0.50,0.02,0.00,0.00,0.00,0.00,1,Dragon Wave_BZ1,0.21,0.21hrs
14/07/2026 20:53:13,buy,0.02,CADCHF,0.57511,14/07/2026 20:55:42,0.57519,-0.10,0.00,0.80,0.10,0.00,0.00,0.00,0.00,1,Dragon Wave_AZ1,0.04,0.04hrs
14/07/2026 20:49:13,buy,0.01,CADCHF,0.57519,14/07/2026 20:55:42,0.57519,-0.05,0.00,0.00,-0.05,0.00,0.00,0.00,0.00,1,Dragon Wave_AZ0,0.11,0.11hrs
14/07/2026 20:53:23,buy,0.02,CADCHF,0.57513,14/07/2026 20:55:25,0.57518,-0.10,0.00,0.50,0.02,0.00,0.00,0.00,0.00,1,Dragon Wave_CZ1,0.03,0.03hrs
14/07/2026 20:47:43,buy,0.01,CADCHF,0.57520,14/07/2026 20:55:25,0.57518,-0.05,0.00,-0.20,-0.07,0.00,0.00,0.00,0.00,1,Dragon Wave_CZ0,0.13,0.13hrs
14/07/2026 20:54:12,buy,0.02,NZDCHF,0.47015,14/07/2026 20:55:09,0.47018,-0.10,0.00,0.30,-0.02,0.00,0.00,0.00,0.00,1,Dragon Wave_AZ1,0.02,0.02hrs
14/07/2026 20:52:30,buy,0.01,NZDCHF,0.47019,14/07/2026 20:55:09,0.47018,-0.05,0.00,-0.10,-0.06,0.00,0.00,0.00,0.00,1,Dragon Wave_AZ0,0.04,0.04hrs
14/07/2026 20:46:39,buy,0.02,AUDJPY,113.11200,14/07/2026 20:51:55,113.12600,-0.10,0.00,1.40,0.08,0.00,0.00,0.00,0.00,1,Dragon Wave_CZ1,0.09,0.09hrs
14/07/2026 20:42:47,buy,0.01,AUDJPY,113.12100,14/07/2026 20:51:55,113.12600,-0.05,0.00,0.50,-0.02,0.00,0.00,0.00,0.00,1,Dragon Wave_CZ0,0.15,0.15hrs
14/07/2026 20:06:44,buy,0.02,AUDUSD,0.69746,14/07/2026 20:50:48,0.69758,-0.10,0.00,1.20,0.14,0.00,0.00,0.00,0.00,1,Dragon Wave_CZ1,0.73,0.73hrs
14/07/2026 20:04:49,buy,0.01,AUDUSD,0.69766,14/07/2026 20:50:48,0.69758,-0.05,0.00,-0.80,-0.13,0.00,0.00,0.00,0.00,1,Dragon Wave_CZ0,0.77,0.77hrs
14/07/2026 20:04:43,buy,0.01,AUDUSD,0.69766,14/07/2026 20:50:30,0.69761,-0.05,0.00,-0.50,-0.10,0.00,0.00,0.00,0.00,1,Dragon Wave_BZ0,0.76,0.76hrs
14/07/2026 20:06:29,buy,0.02,AUDUSD,0.69746,14/07/2026 20:50:29,0.69761,-0.10,0.00,1.50,0.20,0.00,0.00,0.00,0.00,1,Dragon Wave_BZ1,0.73,0.73hrs
14/07/2026 20:08:16,buy,0.02,EURUSD,1.14262,14/07/2026 20:49:36,1.14277,-0.10,0.00,1.50,0.20,0.00,0.00,0.00,0.00,1,Dragon Wave_CZ1,0.69,0.69hrs
14/07/2026 20:04:33,buy,0.01,EURUSD,1.14294,14/07/2026 20:49:36,1.14282,-0.05,0.00,-1.20,-0.17,0.00,0.00,0.00,0.00,1,Dragon Wave_CZ0,0.75,0.75hrs
14/07/2026 20:48:30,buy,0.01,CADCHF,0.57516,14/07/2026 20:48:56,0.57523,-0.05,0.00,0.70,0.04,0.00,0.00,0.00,0.00,1,Dragon Wave_AZ0,0.01,0.01hrs
14/07/2026 20:42:30,buy,0.01,XAUUSD,4060.48000,14/07/2026 20:48:22,4061.56000,-0.15,0.00,10.80,0.93,0.00,0.00,0.00,0.00,1,Dragon Wave_CZ0,0.10,0.10hrs
14/07/2026 20:44:34,buy,0.01,USDJPY,162.16800,14/07/2026 20:46:46,162.17700,-0.05,0.00,0.90,0.01,0.00,0.00,0.00,0.00,1,Dragon Wave_CZ0,0.04,0.04hrs
14/07/2026 20:43:09,buy,0.01,EURJPY,185.28200,14/07/2026 20:44:29,185.29200,-0.05,0.00,1.00,0.01,0.00,0.00,0.00,0.00,1,Dragon Wave_AZ0,0.02,0.02hrs
14/07/2026 20:43:19,buy,0.01,EURUSD,1.14246,14/07/2026 20:44:17,1.14254,-0.05,0.00,0.80,0.03,0.00,0.00,0.00,0.00,1,Dragon Wave_AZ0,0.02,0.02hrs
14/07/2026 20:42:42,buy,0.01,AUDJPY,113.12400,14/07/2026 20:44:16,113.12600,-0.05,0.00,0.20,-0.04,0.00,0.00,0.00,0.00,1,Dragon Wave_BZ0,0.03,0.03hrs
14/07/2026 20:43:12,buy,0.02,AUDJPY,113.11900,14/07/2026 20:44:15,113.12700,-0.10,0.00,0.00,0.00,0.00,0.00,0.00,0.00,1,Dragon Wave_BZ1,0.02,0.02hrs
14/07/2026 20:40:20,buy,0.01,CADCHF,0.57523,14/07/2026 20:41:58,0.57531,-0.05,0.00,0.80,0.05,0.00,0.00,0.00,0.00,1,Dragon Wave_AZ0,0.03,0.03hrs
14/07/2026 20:06:41,buy,0.02,GBPUSD,1.33826,14/07/2026 20:41:58,1.33790,-0.10,0.00,-3.60,-0.82,0.00,0.00,0.00,0.00,1,Dragon Wave_CZ1,0.59,0.59hrs
14/07/2026 20:04:35,buy,0.01,GBPUSD,1.33858,14/07/2026 20:41:58,1.33791,-0.05,0.00,-6.70,-0.72,0.00,0.00,0.00,0.00,1,Dragon Wave_CZ0,0.62,0.62hrs
14/07/2026 20:15:31,buy,0.03,GBPUSD,1.33729,14/07/2026 20:41:57,1.33790,-0.15,0.00,6.10,1.68,0.00,0.00,0.00,0.00,1,Dragon Wave_CZ2,0.44,0.44hrs
14/07/2026 20:38:28,buy,0.01,EURCAD,1.60708,14/07/2026 20:40:53,1.60734,-0.05,0.00,2.60,0.14,0.00,0.00,0.00,0.00,1,Dragon Wave_BZ0,0.04,0.04hrs
14/07/2026 20:04:09,buy,0.01,GBPJPY,217.04900,14/07/2026 20:40:47,216.98600,-0.05,0.00,-6.30,-0.44,0.00,0.00,0.00,0.00,1,Dragon Wave_AZ0,0.61,0.61hrs
14/07/2026 20:15:13,buy,0.04,GBPJPY,216.92300,14/07/2026 20:40:46,216.98400,-0.20,0.00,6.10,1.30,0.00,0.00,0.00,0.00,1,Dragon Wave_AZ3,0.43,0.43hrs
14/07/2026 20:14:12,buy,0.03,GBPJPY,216.97400,14/07/2026 20:40:46,216.98400,-0.15,0.00,1.00,0.03,0.00,0.00,0.00,0.00,1,Dragon Wave_AZ2,0.44,0.44hrs
14/07/2026 20:06:09,buy,0.02,GBPJPY,217.02400,14/07/2026 20:40:46,216.98600,-0.10,0.00,-3.80,-0.57,0.00,0.00,0.00,0.00,1,Dragon Wave_AZ1,0.58,0.58hrs
14/07/2026 20:35:25,buy,0.01,XAUUSD,4061.49000,14/07/2026 20:38:33,4062.17000,-0.15,0.00,6.80,0.53,0.00,0.00,0.00,0.00,1,Dragon Wave_BZ0,0.05,0.05hrs
14/07/2026 20:23:50,buy,0.01,CADCHF,0.57539,14/07/2026 20:38:20,0.57536,-0.05,0.00,-0.30,-0.09,0.00,0.00,0.00,0.00,1,Dragon Wave_BZ0,0.24,0.24hrs
14/07/2026 20:26:37,buy,0.02,CADCHF,0.57526,14/07/2026 20:38:19,0.57536,-0.10,0.00,1.00,0.15,0.00,0.00,0.00,0.00,1,Dragon Wave_BZ1,0.20,0.20hrs
14/07/2026 20:25:26,buy,0.02,CADCHF,0.57534,14/07/2026 20:38:14,0.57534,-0.10,0.00,0.00,-0.10,0.00,0.00,0.00,0.00,1,Dragon Wave_AZ1,0.21,0.21hrs
14/07/2026 20:23:45,buy,0.01,CADCHF,0.57536,14/07/2026 20:38:14,0.57535,-0.05,0.00,-0.10,-0.06,0.00,0.00,0.00,0.00,1,Dragon Wave_AZ0,0.24,0.24hrs
14/07/2026 20:27:17,buy,0.03,CADCHF,0.57524,14/07/2026 20:38:13,0.57534,-0.15,0.00,1.00,0.22,0.00,0.00,0.00,0.00,1,Dragon Wave_AZ2,0.18,0.18hrs
14/07/2026 20:25:50,buy,0.01,CADCHF,0.57531,14/07/2026 20:37:48,0.57532,-0.05,0.00,0.10,-0.04,0.00,0.00,0.00,0.00,1,Dragon Wave_CZ0,0.20,0.20hrs
14/07/2026 20:31:09,buy,0.02,CADCHF,0.57518,14/07/2026 20:37:47,0.57531,-0.10,0.00,1.30,0.22,0.00,0.00,0.00,0.00,1,Dragon Wave_CZ1,0.11,0.11hrs
14/07/2026 20:27:22,buy,0.01,NZDCHF,0.47015,14/07/2026 20:37:43,0.47018,-0.05,0.00,0.30,-0.02,0.00,0.00,0.00,0.00,1,Dragon Wave_AZ0,0.17,0.17hrs
14/07/2026 20:28:27,buy,0.01,NZDCHF,0.47012,14/07/2026 20:37:34,0.47017,-0.05,0.00,0.50,0.01,0.00,0.00,0.00,0.00,1,Dragon Wave_BZ0,0.15,0.15hrs
14/07/2026 20:28:14,buy,0.01,AUDJPY,113.12200,14/07/2026 20:34:57,113.13000,-0.05,0.00,0.00,0.00,0.00,0.00,0.00,0.00,1,Dragon Wave_AZ0,0.11,0.11hrs
14/07/2026 20:30:51,buy,0.01,NZDCHF,0.47010,14/07/2026 20:34:56,0.47017,-0.05,0.00,0.70,0.04,0.00,0.00,0.00,0.00,1,Dragon Wave_CZ0,0.07,0.07hrs
14/07/2026 20:14:27,buy,0.03,GBPUSD,1.33764,14/07/2026 20:30:18,1.33782,-0.15,0.00,1.80,0.39,0.00,0.00,0.00,0.00,1,Dragon Wave_BZ2,0.26,0.26hrs
14/07/2026 20:06:30,buy,0.02,GBPUSD,1.33828,14/07/2026 20:30:18,1.33782,-0.10,0.00,-4.60,-1.02,0.00,0.00,0.00,0.00,1,Dragon Wave_BZ1,0.40,0.40hrs
14/07/2026 20:04:32,buy,0.01,GBPUSD,1.33863,14/07/2026 20:30:18,1.33783,-0.05,0.00,-8.00,-0.85,0.00,0.00,0.00,0.00,1,Dragon Wave_BZ0,0.43,0.43hrs
14/07/2026 20:16:21,buy,0.04,GBPUSD,1.33723,14/07/2026 20:30:17,1.33782,-0.20,0.00,5.90,2.16,0.00,0.00,0.00,0.00,1,Dragon Wave_BZ3,0.23,0.23hrs
14/07/2026 20:13:46,buy,0.01,EURCAD,1.60736,14/07/2026 20:27:57,1.60744,-0.05,0.00,0.80,0.01,0.00,0.00,0.00,0.00,1,Dragon Wave_CZ0,0.24,0.24hrs
14/07/2026 20:10:42,buy,0.01,GBPCAD,1.88244,14/07/2026 20:26:44,1.88186,-0.05,0.00,-5.80,-0.46,0.00,0.00,0.00,0.00,1,Dragon Wave_CZ0,0.27,0.27hrs
14/07/2026 20:16:44,buy,0.03,GBPCAD,1.88113,14/07/2026 20:26:43,1.88188,-0.15,0.00,7.50,1.45,0.00,0.00,0.00,0.00,1,Dragon Wave_CZ2,0.17,0.17hrs
14/07/2026 20:14:29,buy,0.02,GBPCAD,1.88183,14/07/2026 20:26:43,1.88188,-0.10,0.00,0.50,-0.03,0.00,0.00,0.00,0.00,1,Dragon Wave_CZ1,0.20,0.20hrs
14/07/2026 20:23:42,buy,0.01,GBPNZD,2.30224,14/07/2026 20:26:41,2.30258,-0.05,0.00,3.40,0.15,0.00,0.00,0.00,0.00,1,Dragon Wave_BZ0,0.05,0.05hrs
14/07/2026 20:23:39,buy,0.01,GBPAUD,1.91731,14/07/2026 20:26:33,1.91765,-0.05,0.00,3.40,0.19,0.00,0.00,0.00,0.00,1,Dragon Wave_AZ0,0.05,0.05hrs
14/07/2026 20:17:32,buy,0.03,EURUSD,1.14219,14/07/2026 20:26:19,1.14249,-0.15,0.00,3.00,0.75,0.00,0.00,0.00,0.00,1,Dragon Wave_BZ2,0.15,0.15hrs
14/07/2026 20:06:24,buy,0.02,EURUSD,1.14276,14/07/2026 20:26:19,1.14249,-0.10,0.00,-2.70,-0.64,0.00,0.00,0.00,0.00,1,Dragon Wave_BZ1,0.33,0.33hrs
14/07/2026 20:04:20,buy,0.01,EURUSD,1.14295,14/07/2026 20:26:19,1.14249,-0.05,0.00,-4.60,-0.51,0.00,0.00,0.00,0.00,1,Dragon Wave_BZ0,0.37,0.37hrs
14/07/2026 20:17:23,buy,0.02,EURJPY,185.28300,14/07/2026 20:26:18,185.30800,-0.10,0.00,2.50,0.20,0.00,0.00,0.00,0.00,1,Dragon Wave_BZ1,0.15,0.15hrs
14/07/2026 20:12:27,buy,0.01,EURJPY,185.30600,14/07/2026 20:26:18,185.30800,-0.05,0.00,0.20,-0.04,0.00,0.00,0.00,0.00,1,Dragon Wave_BZ0,0.23,0.23hrs
14/07/2026 20:04:24,buy,0.01,GBPUSD,1.33867,14/07/2026 20:25:43,1.33750,-0.05,0.00,-11.70,-1.22,0.00,0.00,0.00,0.00,1,Dragon Wave_AZ0,0.36,0.36hrs
14/07/2026 20:15:20,buy,0.04,GBPUSD,1.33748,14/07/2026 20:25:42,1.33753,-0.20,0.00,0.00,0.00,0.00,0.00,0.00,0.00,1,Dragon Wave_AZ3,0.17,0.17hrs
14/07/2026 20:13:52,buy,0.03,GBPUSD,1.33783,14/07/2026 20:25:42,1.33753,-0.15,0.00,-3.00,-1.05,0.00,0.00,0.00,0.00,1,Dragon Wave_AZ2,0.20,0.20hrs
14/07/2026 20:06:03,buy,0.02,GBPUSD,1.33838,14/07/2026 20:25:42,1.33753,-0.10,0.00,-8.50,-1.80,0.00,0.00,0.00,0.00,1,Dragon Wave_AZ1,0.33,0.33hrs
14/07/2026 20:19:19,buy,0.07,GBPUSD,1.33688,14/07/2026 20:25:41,1.33753,-0.35,0.00,6.50,4.20,0.00,0.00,0.00,0.00,1,Dragon Wave_AZ4,0.11,0.11hrs
14/07/2026 20:06:38,buy,0.01,NZDUSD,0.58092,14/07/2026 20:25:40,0.58089,-0.05,0.00,-0.30,-0.08,0.00,0.00,0.00,0.00,1,Dragon Wave_CZ0,0.32,0.32hrs
14/07/2026 20:14:21,buy,0.02,NZDUSD,0.58069,14/07/2026 20:25:39,0.58089,-0.10,0.00,2.00,0.30,0.00,0.00,0.00,0.00,1,Dragon Wave_CZ1,0.19,0.19hrs
14/07/2026 20:15:22,buy,0.02,EURCAD,1.60697,14/07/2026 20:23:50,1.60702,-0.10,0.00,0.50,-0.03,0.00,0.00,0.00,0.00,1,Dragon Wave_BZ1,0.14,0.14hrs
14/07/2026 20:12:42,buy,0.01,EURCAD,1.60722,14/07/2026 20:23:50,1.60721,-0.05,0.00,-0.10,-0.06,0.00,0.00,0.00,0.00,1,Dragon Wave_BZ0,0.19,0.19hrs
14/07/2026 20:06:09,buy,0.02,AUDUSD,0.69748,14/07/2026 20:23:16,0.69738,-0.10,0.00,-1.00,-0.30,0.00,0.00,0.00,0.00,1,Dragon Wave_AZ1,0.29,0.29hrs
14/07/2026 20:04:14,buy,0.01,AUDUSD,0.69769,14/07/2026 20:23:16,0.69738,-0.05,0.00,-3.10,-0.36,0.00,0.00,0.00,0.00,1,Dragon Wave_AZ0,0.32,0.32hrs
14/07/2026 20:19:42,buy,0.03,AUDUSD,0.69717,14/07/2026 20:23:15,0.69739,-0.15,0.00,2.20,0.51,0.00,0.00,0.00,0.00,1,Dragon Wave_AZ2,0.06,0.06hrs
14/07/2026 20:22:06,buy,0.02,CADCHF,0.57537,14/07/2026 20:23:01,0.57544,-0.10,0.00,0.70,0.08,0.00,0.00,0.00,0.00,1,Dragon Wave_AZ1,0.02,0.02hrs
14/07/2026 20:19:33,buy,0.01,CADCHF,0.57543,14/07/2026 20:23:01,0.57544,-0.05,0.00,0.10,-0.04,0.00,0.00,0.00,0.00,1,Dragon Wave_AZ0,0.06,0.06hrs
14/07/2026 20:16:29,buy,0.02,NZDJPY,94.17300,14/07/2026 20:22:43,94.20100,-0.10,0.00,2.80,0.25,0.00,0.00,0.00,0.00,1,Dragon Wave_CZ1,0.10,0.10hrs
14/07/2026 20:06:33,buy,0.01,NZDJPY,94.20400,14/07/2026 20:22:43,94.20100,-0.05,0.00,-0.30,-0.07,0.00,0.00,0.00,0.00,1,Dragon Wave_CZ0,0.27,0.27hrs
14/07/2026 20:16:15,buy,0.02,XAGUSD,58.64400,14/07/2026 20:21:57,58.65200,-0.21,0.00,80.00,0.59,0.00,0.00,0.00,0.00,1,Dragon Wave_AZ1,0.10,0.10hrs
14/07/2026 20:14:28,buy,0.01,XAGUSD,58.66000,14/07/2026 20:21:57,58.65200,-0.11,0.00,-80.00,-0.51,0.00,0.00,0.00,0.00,1,Dragon Wave_AZ0,0.12,0.12hrs
14/07/2026 20:14:18,buy,0.02,AUDJPY,113.10800,14/07/2026 20:21:54,113.11300,-0.10,0.00,0.50,-0.04,0.00,0.00,0.00,0.00,1,Dragon Wave_AZ1,0.13,0.13hrs
14/07/2026 20:04:10,buy,0.01,AUDJPY,113.12200,14/07/2026 20:21:54,113.11400,-0.05,0.00,-0.80,-0.10,0.00,0.00,0.00,0.00,1,Dragon Wave_AZ0,0.30,0.30hrs
14/07/2026 20:16:18,buy,0.03,AUDJPY,113.09900,14/07/2026 20:21:53,113.11300,-0.15,0.00,1.40,0.11,0.00,0.00,0.00,0.00,1,Dragon Wave_AZ2,0.09,0.09hrs
14/07/2026 20:14:35,buy,0.01,AUDJPY,113.10500,14/07/2026 20:21:25,113.10900,-0.05,0.00,0.40,-0.02,0.00,0.00,0.00,0.00,1,Dragon Wave_BZ0,0.11,0.11hrs
14/07/2026 20:11:13,buy,0.01,NZDCAD,0.81709,14/07/2026 20:21:25,0.81704,-0.05,0.00,-0.50,-0.08,0.00,0.00,0.00,0.00,1,Dragon Wave_BZ0,0.17,0.17hrs
14/07/2026 20:16:26,buy,0.02,AUDJPY,113.09400,14/07/2026 20:21:24,113.11100,-0.10,0.00,1.70,0.11,0.00,0.00,0.00,0.00,1,Dragon Wave_BZ1,0.08,0.08hrs
14/07/2026 20:15:18,buy,0.02,NZDCAD,0.81684,14/07/2026 20:21:24,0.81704,-0.10,0.00,2.00,0.18,0.00,0.00,0.00,0.00,1,Dragon Wave_BZ1,0.10,0.10hrs
14/07/2026 20:14:13,buy,0.03,NZDCAD,0.81698,14/07/2026 20:21:01,0.81703,-0.15,0.00,0.50,-0.05,0.00,0.00,0.00,0.00,1,Dragon Wave_AZ2,0.11,0.11hrs
14/07/2026 20:10:14,buy,0.02,NZDCAD,0.81713,14/07/2026 20:21:01,0.81703,-0.10,0.00,-1.00,-0.24,0.00,0.00,0.00,0.00,1,Dragon Wave_AZ1,0.18,0.18hrs
14/07/2026 20:07:09,buy,0.01,NZDCAD,0.81718,14/07/2026 20:21:01,0.81703,-0.05,0.00,-1.50,-0.16,0.00,0.00,0.00,0.00,1,Dragon Wave_AZ0,0.23,0.23hrs
14/07/2026 20:17:09,buy,0.04,NZDCAD,0.81675,14/07/2026 20:21:00,0.81702,-0.20,0.00,2.70,0.57,0.00,0.00,0.00,0.00,1,Dragon Wave_AZ3,0.06,0.06hrs
14/07/2026 20:15:32,buy,0.02,NZDCAD,0.81680,14/07/2026 20:20:49,0.81701,-0.10,0.00,2.10,0.20,0.00,0.00,0.00,0.00,1,Dragon Wave_CZ1,0.09,0.09hrs
14/07/2026 20:09:22,buy,0.01,NZDCAD,0.81706,14/07/2026 20:20:49,0.81701,-0.05,0.00,-0.50,-0.08,0.00,0.00,0.00,0.00,1,Dragon Wave_CZ0,0.19,0.19hrs
14/07/2026 20:06:31,buy,0.01,AUDJPY,113.10500,14/07/2026 20:20:45,113.11300,-0.05,0.00,0.00,0.00,0.00,0.00,0.00,0.00,1,Dragon Wave_CZ0,0.24,0.24hrs
14/07/2026 20:06:36,buy,0.01,CADJPY,115.28300,14/07/2026 20:17:29,115.29200,-0.05,0.00,0.90,0.01,0.00,0.00,0.00,0.00,1,Dragon Wave_BZ0,0.18,0.18hrs
14/07/2026 20:16:50,buy,0.01,GBPNZD,2.30310,14/07/2026 20:17:09,2.30333,-0.05,0.00,2.30,0.09,0.00,0.00,0.00,0.00,1,Dragon Wave_CZ0,0.01,0.01hrs
14/07/2026 20:15:39,buy,0.01,XAUUSD,4054.67000,14/07/2026 20:16:40,4056.34000,-0.15,0.00,16.70,1.52,0.00,0.00,0.00,0.00,1,Dragon Wave_CZ0,0.02,0.02hrs
14/07/2026 20:11:17,buy,0.02,NZDCHF,0.46995,14/07/2026 20:12:36,0.47002,-0.10,0.00,0.70,0.08,0.00,0.00,0.00,0.00,1,Dragon Wave_AZ1,0.02,0.02hrs
14/07/2026 20:10:17,buy,0.01,NZDCHF,0.47000,14/07/2026 20:12:36,0.47002,-0.05,0.00,0.20,-0.02,0.00,0.00,0.00,0.00,1,Dragon Wave_AZ0,0.04,0.04hrs
14/07/2026 20:04:32,buy,0.01,XAGUSD,58.68400,14/07/2026 20:10:46,58.68200,-0.11,0.00,-20.00,-0.21,0.00,0.00,0.00,0.00,1,Dragon Wave_CZ0,0.10,0.10hrs
14/07/2026 20:07:27,buy,0.02,XAGUSD,58.62500,14/07/2026 20:10:45,58.68200,-0.21,0.00,570.00,5.49,0.00,0.00,0.00,0.00,1,Dragon Wave_CZ1,0.06,0.06hrs
14/07/2026 20:06:14,buy,0.01,XAUUSD,4058.37000,14/07/2026 20:09:57,4059.72000,-0.15,0.00,13.50,1.20,0.00,0.00,0.00,0.00,1,Dragon Wave_CZ0,0.06,0.06hrs
14/07/2026 20:06:41,buy,0.01,CADJPY,115.27300,14/07/2026 20:09:28,115.28600,-0.05,0.00,1.30,0.03,0.00,0.00,0.00,0.00,1,Dragon Wave_CZ0,0.05,0.05hrs
14/07/2026 20:06:17,buy,0.01,AUDJPY,113.10700,14/07/2026 20:09:28,113.12200,-0.05,0.00,1.50,0.04,0.00,0.00,0.00,0.00,1,Dragon Wave_BZ0,0.05,0.05hrs
14/07/2026 20:06:26,buy,0.01,NZDCHF,0.46996,14/07/2026 20:06:59,0.47002,-0.05,0.00,0.60,0.02,0.00,0.00,0.00,0.00,1,Dragon Wave_AZ0,0.01,0.01hrs
14/07/2026 20:06:23,buy,0.01,NZDCAD,0.81721,14/07/2026 20:06:58,0.81725,-0.05,0.00,0.40,-0.03,0.00,0.00,0.00,0.00,1,Dragon Wave_BZ0,0.01,0.01hrs
14/07/2026 20:06:21,buy,0.01,XAGUSD,58.60500,14/07/2026 20:06:36,58.63000,-0.11,0.00,250.00,1.14,0.00,0.00,0.00,0.00,1,Dragon Wave_AZ0,0.00,0.00hrs
14/07/2026 20:04:15,buy,0.02,CADCHF,0.57502,14/07/2026 20:04:55,0.57512,-0.10,0.00,1.00,0.14,0.00,0.00,0.00,0.00,1,Dragon Wave_BZ1,0.01,0.01hrs
14/07/2026 19:59:10,buy,0.01,CADCHF,0.57513,14/07/2026 20:04:55,0.57512,-0.05,0.00,-0.10,-0.06,0.00,0.00,0.00,0.00,1,Dragon Wave_BZ0,0.10,0.10hrs
14/07/2026 20:02:41,buy,0.01,CADCHF,0.57511,14/07/2026 20:04:54,0.57512,-0.05,0.00,0.10,-0.04,0.00,0.00,0.00,0.00,1,Dragon Wave_AZ0,0.04,0.04hrs
14/07/2026 20:04:09,buy,0.02,CADCHF,0.57502,14/07/2026 20:04:53,0.57512,-0.10,0.00,1.00,0.15,0.00,0.00,0.00,0.00,1,Dragon Wave_AZ1,0.01,0.01hrs
14/07/2026 19:58:56,buy,0.01,USDJPY,162.11400,14/07/2026 20:04:37,162.14800,-0.05,0.00,3.40,0.16,0.00,0.00,0.00,0.00,1,Dragon Wave_BZ0,0.09,0.09hrs
14/07/2026 19:58:52,buy,0.01,USDJPY,162.11600,14/07/2026 20:03:54,162.13000,-0.05,0.00,1.40,0.04,0.00,0.00,0.00,0.00,1,Dragon Wave_AZ0,0.08,0.08hrs
14/07/2026 20:00:10,buy,0.01,EURUSD,1.14315,14/07/2026 20:00:52,1.14328,-0.05,0.00,1.30,0.08,0.00,0.00,0.00,0.00,1,Dragon Wave_AZ0,0.01,0.01hrs
14/07/2026 19:58:42,buy,0.01,AUDJPY,113.12100,14/07/2026 20:00:34,113.13100,-0.05,0.00,1.00,0.01,0.00,0.00,0.00,0.00,1,Dragon Wave_AZ0,0.03,0.03hrs
14/07/2026 19:58:28,buy,0.01,CADCHF,0.57516,14/07/2026 19:59:35,0.57519,-0.05,0.00,0.30,-0.01,0.00,0.00,0.00,0.00,1,Dragon Wave_AZ0,0.02,0.02hrs
14/07/2026 17:00:31,buy,0.01,NZDCHF,0.46992,14/07/2026 19:58:45,0.47002,-0.05,0.00,1.00,0.08,0.00,0.00,0.00,0.00,1,Dragon Wave_CZ0,2.97,2.97hrs
14/07/2026 18:34:04,buy,0.01,XAGUSD,59.05500,14/07/2026 18:47:40,58.95400,-0.11,0.00,-1010.00,-5.16,0.00,0.00,0.00,0.00,1,Dragon Wave_CZ0,0.23,0.23hrs
14/07/2026 18:41:03,buy,0.02,XAGUSD,58.90700,14/07/2026 18:47:39,58.96200,-0.21,0.00,550.00,5.29,0.00,0.00,0.00,0.00,1,Dragon Wave_CZ1,0.11,0.11hrs
14/07/2026 16:00:40,buy,0.01,USDCHF,0.80792,14/07/2026 18:42:24,0.80881,-0.05,0.00,8.90,1.05,0.00,0.00,0.00,0.00,1,Dragon Wave_CZ0,2.70,2.70hrs
14/07/2026 16:00:33,buy,0.01,USDJPY,161.88700,14/07/2026 18:41:17,162.04700,-0.05,0.00,16.00,0.94,0.00,0.00,0.00,0.00,1,Dragon Wave_CZ0,2.68,2.68hrs
14/07/2026 16:00:16,buy,0.01,CADCHF,0.57421,14/07/2026 17:48:59,0.57440,-0.05,0.00,1.90,0.19,0.00,0.00,0.00,0.00,1,Dragon Wave_CZ0,1.81,1.81hrs
14/07/2026 17:16:06,buy,0.01,XAGUSD,58.92600,14/07/2026 17:16:53,58.97400,-0.11,0.00,480.00,2.29,0.00,0.00,0.00,0.00,1,Dragon Wave_CZ0,0.01,0.01hrs
14/07/2026 16:00:31,buy,0.01,NZDCHF,0.47034,14/07/2026 16:13:59,0.47061,-0.05,0.00,2.70,0.28,0.00,0.00,0.00,0.00,1,Dragon Wave_CZ0,0.22,0.22hrs
14/07/2026 16:13:03,buy,0.01,XAGUSD,58.96100,14/07/2026 16:13:42,58.99300,-0.11,0.00,320.00,1.49,0.00,0.00,0.00,0.00,1,Dragon Wave_BZ0,0.01,0.01hrs
14/07/2026 15:00:32,buy,0.01,CADCHF,0.57503,14/07/2026 15:22:13,0.57545,-0.05,0.00,4.20,0.46,0.00,0.00,0.00,0.00,1,Dragon Wave_CZ0,0.36,0.36hrs
14/07/2026 11:00:40,buy,0.01,EURCAD,1.60772,14/07/2026 14:15:02,1.60767,-0.05,0.00,-0.50,-0.09,0.00,0.00,0.00,0.00,1,Dragon Wave_CZ0,3.24,3.24hrs
14/07/2026 08:00:20,buy,0.01,EURAUD,1.64290,14/07/2026 13:41:56,1.64126,-0.05,0.00,-16.40,-1.19,0.00,0.00,0.00,0.00,1,Dragon Wave_CZ0,5.69,5.69hrs
14/07/2026 13:00:18,buy,0.02,EURAUD,1.64025,14/07/2026 13:41:55,1.64125,-0.10,0.00,10.00,1.28,0.00,0.00,0.00,0.00,1,Dragon Wave_CZ1,0.69,0.69hrs
14/07/2026 12:00:28,buy,0.01,USDCHF,0.81255,14/07/2026 13:40:42,0.81261,-0.05,0.00,0.60,0.02,0.00,0.00,0.00,0.00,1,Dragon Wave_CZ0,1.67,1.67hrs
14/07/2026 13:00:12,buy,0.01,XAGUSD,58.07000,14/07/2026 13:00:54,58.08800,-0.10,0.00,180.00,0.80,0.00,0.00,0.00,0.00,1,Dragon Wave_AZ0,0.01,0.01hrs
14/07/2026 11:00:17,buy,0.01,GBPCAD,1.88382,14/07/2026 11:55:08,1.88519,-0.05,0.00,13.70,0.92,0.00,0.00,0.00,0.00,1,Dragon Wave_CZ0,0.91,0.91hrs
14/07/2026 10:00:17,buy,0.01,XAGUSD,58.07700,14/07/2026 10:03:14,58.09100,-0.10,0.00,140.00,0.60,0.00,0.00,0.00,0.00,1,Dragon Wave_CZ0,0.05,0.05hrs
14/07/2026 10:00:08,buy,0.01,XAGUSD,58.09400,14/07/2026 10:03:06,58.08100,-0.10,0.00,-130.00,-0.75,0.00,0.00,0.00,0.00,1,Dragon Wave_AZ0,0.05,0.05hrs
14/07/2026 10:03:00,buy,0.02,XAGUSD,58.06000,14/07/2026 10:03:05,58.08100,-0.21,0.00,210.00,1.89,0.00,0.00,0.00,0.00,1,Dragon Wave_AZ1,0.00,0.00hrs
13/07/2026 20:17:43,buy,0.01,GBPUSD,1.33630,14/07/2026 08:19:43,1.33644,-0.05,-0.02,1.40,0.07,0.00,0.00,0.00,0.00,1,Dragon Wave_CZ0,12.03,12.03hrs
13/07/2026 20:17:46,buy,0.01,NZDCAD,0.81459,14/07/2026 02:14:04,0.81465,-0.05,-0.01,0.60,-0.02,0.00,0.00,0.00,0.00,1,Dragon Wave_CZ0,5.94,5.94hrs
13/07/2026 20:49:01,buy,0.01,XAGUSD,57.39600,13/07/2026 21:01:19,57.40100,-0.10,0.00,50.00,0.15,0.00,0.00,0.00,0.00,1,Dragon Wave_CZ0,0.20,0.20hrs
13/07/2026 20:25:45,buy,0.01,XAGUSD,57.57200,13/07/2026 20:28:50,57.62400,-0.10,0.00,520.00,2.50,0.00,0.00,0.00,0.00,1,Dragon Wave_CZ0,0.05,0.05hrs
13/07/2026 19:43:24,balance,0.01,,0.00000,13/07/2026 19:43:24,0.00000,0.00,0.00,0.00,1000000.00,0.00,0.00,0.00,0.00,0,Deposit,0.00,0.00hrs
