Open Time,Type,Lots,Symbol,Open Price,Close Time,Close Price,Commission,Swap,Net Pips,Net Profit,Max Profit,Max Pips,Max Loss,Max Loss Pips,Magic Number,Comment,Holding Time (Hours),Holding Time
17/07/2026 21:45:16,buy,0.01,NZDCAD,0.81867,17/07/2026 22:24:55,0.81892,-0.05,0.00,2.50,0.13,0.13,2.50,-0.21,-2.30,1,Dragon Wave_BZ0,0.66,0.66hrs
17/07/2026 21:40:15,buy,0.01,NZDCAD,0.81874,17/07/2026 22:24:54,0.81892,-0.05,0.00,1.80,0.07,0.07,1.80,-0.26,-3.00,1,Dragon Wave_AZ0,0.74,0.74hrs
17/07/2026 21:45:23,buy,0.01,NZDCHF,0.47170,17/07/2026 22:20:31,0.47186,-0.05,0.00,1.60,0.15,0.15,1.60,0.00,0.00,1,Dragon Wave_BZ0,0.59,0.59hrs
17/07/2026 22:00:19,buy,0.01,USDJPY,162.42200,17/07/2026 22:10:13,162.44400,-0.05,0.00,2.20,0.09,0.09,2.20,-0.11,-0.90,1,Dragon Wave_AZ0,0.17,0.17hrs
17/07/2026 21:55:29,buy,0.01,USDCAD,1.40096,17/07/2026 22:05:39,1.40122,-0.05,0.00,2.60,0.14,0.14,2.60,-0.11,-0.80,1,Dragon Wave_AZ0,0.17,0.17hrs
17/07/2026 17:55:29,buy,0.01,EURNZD,1.95842,17/07/2026 21:43:19,1.95761,-0.05,0.00,-8.10,-0.52,0.00,0.00,-1.55,-25.60,1,Dragon Wave_CZ0,3.80,3.80hrs
17/07/2026 19:15:21,buy,0.02,EURNZD,1.95639,17/07/2026 21:43:18,1.95761,-0.10,0.00,12.20,1.33,1.33,12.20,-0.72,-5.30,1,Dragon Wave_CZ1,2.47,2.47hrs
17/07/2026 18:20:36,buy,0.01,AUDNZD,1.19472,17/07/2026 21:31:01,1.19489,-0.05,0.00,1.70,0.05,0.13,3.10,-0.24,-3.20,1,Dragon Wave_CZ0,3.17,3.17hrs
17/07/2026 20:00:20,buy,0.01,CHFJPY,201.20100,17/07/2026 21:30:40,201.21100,-0.05,0.00,1.00,0.01,0.03,1.30,-0.31,-4.20,1,Dragon Wave_AZ0,1.51,1.51hrs
17/07/2026 20:10:33,buy,0.01,EURUSD,1.14357,17/07/2026 21:23:30,1.14375,-0.05,0.00,1.80,0.13,0.13,1.80,-0.26,-2.10,1,Dragon Wave_BZ0,1.22,1.22hrs
17/07/2026 20:10:14,buy,0.01,EURUSD,1.14362,17/07/2026 21:23:29,1.14375,-0.05,0.00,1.30,0.08,0.08,1.30,-0.31,-2.60,1,Dragon Wave_AZ0,1.22,1.22hrs
17/07/2026 20:55:11,buy,0.01,XAUUSD,4009.21000,17/07/2026 21:07:37,4012.28000,-0.14,0.00,30.70,2.93,2.93,30.70,-1.01,-8.70,1,Dragon Wave_BZ0,0.21,0.21hrs
17/07/2026 19:15:25,buy,0.01,EURAUD,1.63762,17/07/2026 21:00:39,1.63773,-0.05,0.00,1.10,0.03,0.24,4.20,-0.45,-5.70,1,Dragon Wave_CZ0,1.75,1.75hrs
17/07/2026 20:45:04,buy,0.01,XAGUSD,55.90600,17/07/2026 20:49:46,55.99900,-0.10,0.00,930.00,4.55,4.55,930.00,0.00,0.00,1,Dragon Wave_AZ0,0.08,0.08hrs
17/07/2026 20:20:15,buy,0.01,XAUUSD,4013.13000,17/07/2026 20:22:46,4015.09000,-0.14,0.00,19.60,1.82,1.82,19.60,0.00,0.00,1,Dragon Wave_AZ0,0.04,0.04hrs
17/07/2026 17:45:20,buy,0.01,GBPNZD,2.30339,17/07/2026 20:09:00,2.30249,-0.05,0.00,-9.00,-0.58,0.00,0.00,-2.54,-42.60,1,Dragon Wave_BZ0,2.39,2.39hrs
17/07/2026 18:00:19,buy,0.02,GBPNZD,2.30147,17/07/2026 20:08:59,2.30249,-0.10,0.00,10.20,1.09,1.09,10.20,-2.84,-23.40,1,Dragon Wave_BZ1,2.14,2.14hrs
17/07/2026 10:15:11,buy,0.02,GBPCHF,1.08820,17/07/2026 20:01:58,1.08644,-0.10,0.00,-17.60,-4.46,0.00,0.00,-10.63,-42.50,1,Dragon Wave_AZ1,9.78,9.78hrs
17/07/2026 09:05:12,buy,0.01,GBPCHF,1.08859,17/07/2026 20:01:58,1.08644,-0.05,0.00,-21.50,-2.72,0.00,0.00,-5.80,-46.40,1,Dragon Wave_AZ0,10.95,10.95hrs
17/07/2026 10:55:07,buy,0.04,GBPCHF,1.08664,17/07/2026 20:01:57,1.08642,-0.20,0.00,-2.20,-1.29,0.00,0.00,-13.54,-26.90,1,Dragon Wave_AZ3,9.11,9.11hrs
17/07/2026 10:25:13,buy,0.03,GBPCHF,1.08761,17/07/2026 20:01:57,1.08642,-0.15,0.00,-11.90,-4.57,0.56,1.90,-13.76,-36.60,1,Dragon Wave_AZ2,9.61,9.61hrs
17/07/2026 11:45:13,buy,0.07,GBPCHF,1.08471,17/07/2026 20:01:56,1.08640,-0.35,0.00,16.90,14.31,14.31,16.90,-6.94,-7.60,1,Dragon Wave_AZ4,8.28,8.28hrs
17/07/2026 10:55:35,buy,0.03,GBPCHF,1.08657,17/07/2026 20:00:35,1.08637,-0.15,0.00,-2.00,-0.89,0.00,0.00,-9.89,-26.20,1,Dragon Wave_CZ2,9.08,9.08hrs
17/07/2026 10:20:45,buy,0.02,GBPCHF,1.08773,17/07/2026 20:00:35,1.08637,-0.10,0.00,-13.60,-3.47,0.07,0.70,-9.47,-37.80,1,Dragon Wave_CZ1,9.66,9.66hrs
17/07/2026 09:10:54,buy,0.01,GBPCHF,1.08852,17/07/2026 20:00:35,1.08637,-0.05,0.00,-21.50,-2.71,0.00,0.00,-5.71,-45.70,1,Dragon Wave_CZ0,10.83,10.83hrs
17/07/2026 11:45:28,buy,0.04,GBPCHF,1.08466,17/07/2026 20:00:34,1.08637,-0.20,0.00,17.10,8.27,8.27,17.10,-3.72,-7.10,1,Dragon Wave_CZ3,8.25,8.25hrs
17/07/2026 18:30:28,buy,0.02,GBPNZD,2.30075,17/07/2026 19:55:43,2.30161,-0.10,0.00,8.60,0.91,0.93,8.80,-1.99,-16.20,1,Dragon Wave_CZ1,1.42,1.42hrs
17/07/2026 17:50:13,buy,0.01,GBPNZD,2.30284,17/07/2026 19:55:43,2.30162,-0.05,0.00,-12.20,-0.76,0.00,0.30,-2.22,-37.10,1,Dragon Wave_CZ0,2.09,2.09hrs
17/07/2026 19:20:10,buy,0.01,EURCAD,1.60207,17/07/2026 19:50:32,1.60264,-0.05,0.00,5.70,0.35,0.35,5.70,-0.11,-0.80,1,Dragon Wave_AZ0,0.51,0.51hrs
17/07/2026 19:20:29,buy,0.01,EURAUD,1.63719,17/07/2026 19:40:33,1.63789,-0.05,0.00,7.00,0.44,0.54,8.50,0.00,0.00,1,Dragon Wave_BZ0,0.33,0.33hrs
17/07/2026 19:15:08,buy,0.01,EURAUD,1.63765,17/07/2026 19:32:34,1.63795,-0.05,0.00,3.00,0.16,0.16,3.00,-0.25,-2.90,1,Dragon Wave_AZ0,0.29,0.29hrs
17/07/2026 18:30:33,buy,0.01,AUDNZD,1.19466,17/07/2026 19:25:46,1.19488,-0.05,0.00,2.20,0.08,0.08,2.20,-0.20,-2.60,1,Dragon Wave_BZ0,0.92,0.92hrs
17/07/2026 19:00:01,buy,0.02,GBPNZD,2.29949,17/07/2026 19:22:51,2.30070,-0.10,0.00,12.10,1.31,1.31,12.10,0.00,0.00,1,Dragon Wave_AZ1,0.38,0.38hrs
17/07/2026 17:55:14,buy,0.01,GBPNZD,2.30249,17/07/2026 19:22:51,2.30072,-0.05,0.00,-17.70,-1.08,0.00,0.00,-2.01,-33.60,1,Dragon Wave_AZ0,1.46,1.46hrs
17/07/2026 19:05:40,buy,0.01,GBPUSD,1.34398,17/07/2026 19:09:35,1.34448,-0.05,0.00,5.00,0.45,0.45,5.00,-0.03,0.00,1,Dragon Wave_BZ0,0.07,0.07hrs
17/07/2026 19:05:27,buy,0.01,GBPUSD,1.34414,17/07/2026 19:09:24,1.34440,-0.05,0.00,2.60,0.21,0.21,2.60,-0.19,-1.40,1,Dragon Wave_AZ0,0.07,0.07hrs
17/07/2026 19:05:21,buy,0.01,EURUSD,1.14354,17/07/2026 19:09:19,1.14390,-0.05,0.00,3.60,0.31,0.31,3.60,-0.01,0.00,1,Dragon Wave_AZ0,0.07,0.07hrs
17/07/2026 17:55:07,buy,0.01,CADCHF,0.57583,17/07/2026 19:01:42,0.57591,-0.05,0.00,0.80,0.05,0.05,0.80,-0.52,-3.80,1,Dragon Wave_AZ0,1.11,1.11hrs
17/07/2026 17:55:24,buy,0.01,USDCHF,0.80689,17/07/2026 19:01:34,0.80718,-0.05,0.00,2.90,0.31,0.31,2.90,-0.94,-7.20,1,Dragon Wave_CZ0,1.10,1.10hrs
17/07/2026 18:05:10,buy,0.01,CADCHF,0.57562,17/07/2026 18:58:29,0.57579,-0.05,0.00,1.70,0.16,0.16,1.70,-0.26,-1.70,1,Dragon Wave_BZ0,0.89,0.89hrs
17/07/2026 18:05:15,buy,0.01,EURCHF,0.92273,17/07/2026 18:45:44,0.92279,-0.05,0.00,0.60,0.02,0.02,0.60,-0.37,-2.60,1,Dragon Wave_AZ0,0.67,0.67hrs
17/07/2026 18:30:41,buy,0.01,EURAUD,1.63815,17/07/2026 18:35:44,1.63880,-0.05,0.00,6.50,0.41,0.41,6.50,-0.15,-1.50,1,Dragon Wave_CZ0,0.08,0.08hrs
17/07/2026 18:05:24,buy,0.01,USDCHF,0.80642,17/07/2026 18:35:32,0.80663,-0.05,0.00,2.10,0.21,0.21,2.10,-0.36,-2.50,1,Dragon Wave_AZ0,0.50,0.50hrs
17/07/2026 17:05:34,buy,0.01,EURAUD,1.63817,17/07/2026 18:20:38,1.63886,-0.05,0.00,6.90,0.43,0.67,10.30,-0.13,-1.20,1,Dragon Wave_CZ0,1.25,1.25hrs
17/07/2026 16:40:35,buy,0.01,EURGBP,0.85016,17/07/2026 17:50:44,0.85059,-0.05,0.00,4.30,0.53,0.53,4.30,-0.13,-0.60,1,Dragon Wave_CZ0,1.17,1.17hrs
17/07/2026 16:50:09,buy,0.02,USDCAD,1.40137,17/07/2026 17:33:39,1.40171,-0.10,0.00,3.40,0.39,0.39,3.40,-1.16,-7.40,1,Dragon Wave_AZ1,0.72,0.72hrs
17/07/2026 16:15:12,buy,0.01,USDCAD,1.40198,17/07/2026 17:33:39,1.40171,-0.05,0.00,-2.70,-0.24,0.04,1.30,-1.01,-13.50,1,Dragon Wave_AZ0,1.31,1.31hrs
17/07/2026 16:40:24,buy,0.01,EURGBP,0.85021,17/07/2026 17:16:14,0.85065,-0.05,0.00,4.40,0.54,0.54,4.40,-0.20,-1.10,1,Dragon Wave_BZ0,0.60,0.60hrs
17/07/2026 17:05:20,buy,0.01,EURAUD,1.63818,17/07/2026 17:14:49,1.63910,-0.05,0.00,9.20,0.59,0.59,9.20,-0.14,-1.30,1,Dragon Wave_BZ0,0.16,0.16hrs
17/07/2026 17:05:12,buy,0.01,EURAUD,1.63805,17/07/2026 17:14:42,1.63901,-0.05,0.00,9.60,0.62,0.62,9.60,-0.05,0.00,1,Dragon Wave_AZ0,0.16,0.16hrs
17/07/2026 10:50:36,buy,0.01,AUDCHF,0.56390,17/07/2026 17:01:04,0.56358,-0.05,0.00,-3.20,-0.45,0.00,0.00,-2.23,-17.60,1,Dragon Wave_CZ0,6.17,6.17hrs
17/07/2026 11:20:23,buy,0.02,AUDCHF,0.56323,17/07/2026 17:01:03,0.56358,-0.10,0.00,3.50,0.76,0.76,3.50,-2.80,-10.90,1,Dragon Wave_CZ1,5.68,5.68hrs
17/07/2026 10:50:11,buy,0.01,AUDCHF,0.56386,17/07/2026 17:00:51,0.56351,-0.05,0.00,-3.50,-0.48,0.00,0.00,-2.18,-17.20,1,Dragon Wave_AZ0,6.18,6.18hrs
17/07/2026 16:00:58,buy,0.01,AUDCAD,0.97731,17/07/2026 17:00:50,0.97767,-0.05,0.00,3.60,0.21,0.21,3.60,-0.41,-5.00,1,Dragon Wave_CZ0,1.00,1.00hrs
17/07/2026 11:20:04,buy,0.02,AUDCHF,0.56317,17/07/2026 17:00:50,0.56351,-0.10,0.00,3.40,0.74,0.74,3.40,-2.65,-10.30,1,Dragon Wave_AZ1,5.68,5.68hrs
17/07/2026 11:15:11,buy,0.01,AUDUSD,0.69805,17/07/2026 16:59:06,0.69777,-0.05,0.00,-2.80,-0.33,0.00,0.00,-1.39,-13.40,1,Dragon Wave_AZ0,5.73,5.73hrs
17/07/2026 11:20:17,buy,0.02,AUDUSD,0.69754,17/07/2026 16:59:05,0.69777,-0.10,0.00,2.30,0.36,0.36,2.30,-1.76,-8.30,1,Dragon Wave_AZ1,5.65,5.65hrs
17/07/2026 11:40:24,buy,0.02,GBPJPY,218.33900,17/07/2026 16:56:06,218.43500,-0.10,0.00,9.60,1.09,1.09,9.60,-4.33,-34.30,1,Dragon Wave_BZ1,5.26,5.26hrs
17/07/2026 10:10:49,buy,0.01,GBPJPY,218.52500,17/07/2026 16:56:06,218.43300,-0.05,0.00,-9.20,-0.62,0.00,0.00,-3.31,-52.90,1,Dragon Wave_BZ0,6.75,6.75hrs
17/07/2026 10:20:37,buy,0.01,GBPCHF,1.08774,17/07/2026 16:56:02,1.08604,-0.05,0.00,-17.00,-2.16,0.02,0.60,-4.75,-37.90,1,Dragon Wave_BZ0,6.59,6.59hrs
17/07/2026 11:45:22,buy,0.03,GBPCHF,1.08476,17/07/2026 16:56:01,1.08604,-0.15,0.00,12.80,4.60,4.60,12.80,-3.16,-8.10,1,Dragon Wave_BZ2,5.18,5.18hrs
17/07/2026 10:50:27,buy,0.02,GBPCHF,1.08685,17/07/2026 16:56:01,1.08605,-0.10,0.00,-8.00,-2.08,0.00,0.00,-7.29,-29.00,1,Dragon Wave_BZ1,6.09,6.09hrs
17/07/2026 11:00:34,buy,0.01,GBPUSD,1.34596,17/07/2026 16:55:16,1.34508,-0.05,0.00,-8.80,-0.93,0.00,0.00,-3.30,-32.50,1,Dragon Wave_BZ0,5.91,5.91hrs
17/07/2026 11:55:30,buy,0.02,GBPUSD,1.34427,17/07/2026 16:55:15,1.34513,-0.10,0.00,8.60,1.62,1.62,8.60,-3.22,-15.60,1,Dragon Wave_BZ1,5.00,5.00hrs
16/07/2026 11:00:51,buy,0.01,GBPUSD,1.35328,17/07/2026 16:53:41,1.34493,-0.05,-0.02,-83.50,-8.42,0.00,0.00,-10.64,-105.70,1,Dragon Wave_AZ0,29.88,1.25days
16/07/2026 11:05:11,buy,0.02,GBPUSD,1.35283,17/07/2026 16:53:40,1.34494,-0.10,-0.05,-78.90,-15.93,0.00,0.00,-20.39,-101.20,1,Dragon Wave_AZ1,29.81,1.24days
16/07/2026 13:30:11,buy,0.04,GBPUSD,1.35049,17/07/2026 16:53:38,1.34497,-0.20,-0.09,-55.20,-22.37,2.80,7.50,-31.41,-77.80,1,Dragon Wave_AZ3,27.39,1.14days
16/07/2026 11:55:21,buy,0.03,GBPUSD,1.35208,17/07/2026 16:53:38,1.34495,-0.15,-0.07,-71.30,-21.61,0.06,0.70,-28.33,-93.70,1,Dragon Wave_AZ2,28.97,1.21days
17/07/2026 11:15:14,buy,0.18,GBPUSD,1.34530,17/07/2026 16:53:37,1.34498,-0.90,0.00,-3.20,-6.66,0.00,0.00,-47.52,-25.90,1,Dragon Wave_AZ6,5.64,5.64hrs
16/07/2026 19:15:17,buy,0.11,GBPUSD,1.34735,17/07/2026 16:53:37,1.34497,-0.55,-0.25,-23.80,-26.98,4.18,4.30,-51.84,-46.40,1,Dragon Wave_AZ5,21.64,21.64hrs
16/07/2026 17:55:11,buy,0.07,GBPUSD,1.34908,17/07/2026 16:53:37,1.34497,-0.35,-0.16,-41.10,-29.28,0.00,0.00,-45.10,-63.70,1,Dragon Wave_AZ4,22.97,22.97hrs
17/07/2026 13:25:02,buy,0.29,GBPUSD,1.34353,17/07/2026 16:53:36,1.34498,-1.45,0.00,14.50,40.60,40.60,14.50,-25.23,-8.20,1,Dragon Wave_AZ7,3.48,3.48hrs
17/07/2026 15:35:04,buy,0.47,GBPUSD,1.34283,17/07/2026 16:53:35,1.34492,-2.35,0.00,20.90,95.88,95.88,20.90,0.00,0.00,1,Dragon Wave_AZ8,1.31,1.31hrs
17/07/2026 16:40:12,buy,0.01,USDJPY,162.34800,17/07/2026 16:50:33,162.39300,-0.05,0.00,4.50,0.23,0.23,4.50,-0.02,0.00,1,Dragon Wave_AZ0,0.17,0.17hrs
17/07/2026 11:15:21,buy,0.01,NZDUSD,0.58382,17/07/2026 16:49:33,0.58350,-0.05,0.00,-3.20,-0.37,0.00,0.00,-1.30,-12.50,1,Dragon Wave_AZ0,5.57,5.57hrs
17/07/2026 11:40:15,buy,0.02,NZDUSD,0.58327,17/07/2026 16:49:32,0.58350,-0.10,0.00,2.30,0.36,0.36,2.30,-1.50,-7.00,1,Dragon Wave_AZ1,5.15,5.15hrs
17/07/2026 16:45:15,buy,0.01,AUDJPY,113.16200,17/07/2026 16:47:07,113.19300,-0.05,0.00,3.10,0.14,0.14,3.10,0.00,0.00,1,Dragon Wave_AZ0,0.03,0.03hrs
17/07/2026 15:35:16,buy,0.01,EURCAD,1.60254,17/07/2026 16:39:33,1.60273,-0.05,0.00,1.90,0.09,0.19,3.30,-0.96,-12.80,1,Dragon Wave_AZ0,1.07,1.07hrs
17/07/2026 16:05:18,buy,0.01,AUDCAD,0.97703,17/07/2026 16:36:20,0.97753,-0.05,0.00,5.00,0.30,0.30,5.00,-0.21,-2.20,1,Dragon Wave_AZ0,0.52,0.52hrs
17/07/2026 16:00:32,buy,0.01,AUDCAD,0.97733,17/07/2026 16:36:20,0.97753,-0.05,0.00,2.00,0.09,0.09,2.00,-0.42,-5.20,1,Dragon Wave_BZ0,0.60,0.60hrs
17/07/2026 15:35:22,buy,0.01,NZDCAD,0.81733,17/07/2026 16:36:19,0.81774,-0.05,0.00,4.10,0.24,0.24,4.10,-0.29,-3.30,1,Dragon Wave_CZ0,1.02,1.02hrs
17/07/2026 15:20:27,buy,0.01,XAUUSD,3988.85000,17/07/2026 16:36:16,3977.71000,-0.14,0.00,-111.40,-11.28,0.00,0.00,-24.30,-241.60,1,Dragon Wave_BZ0,1.26,1.26hrs
17/07/2026 15:35:12,buy,0.02,XAUUSD,3982.26000,17/07/2026 16:36:15,3977.85000,-0.29,0.00,-44.10,-9.11,0.45,3.70,-35.43,-175.70,1,Dragon Wave_BZ1,1.02,1.02hrs
17/07/2026 15:45:15,buy,0.03,XAUUSD,3966.43000,17/07/2026 16:36:14,3976.79000,-0.43,0.00,103.60,30.65,30.65,103.60,-5.65,-17.40,1,Dragon Wave_BZ2,0.85,0.85hrs
17/07/2026 16:06:04,buy,0.01,XAUUSD,3972.08000,17/07/2026 16:36:10,3975.76000,-0.14,0.00,36.80,3.54,3.54,36.80,-3.47,-33.30,1,Dragon Wave_CZ0,0.50,0.50hrs
17/07/2026 16:25:28,buy,0.01,XAGUSD,54.99000,17/07/2026 16:36:09,55.11800,-0.10,0.00,1280.00,6.30,6.30,1280.00,-1.85,-350.00,1,Dragon Wave_CZ0,0.18,0.18hrs
16/07/2026 19:10:14,buy,0.02,GBPJPY,218.90900,17/07/2026 16:34:56,218.28400,-0.10,0.00,-62.50,-7.79,0.15,2.00,-11.35,-91.30,1,Dragon Wave_AZ1,21.41,21.41hrs
16/07/2026 17:55:36,buy,0.01,GBPJPY,219.14000,17/07/2026 16:34:56,218.28400,-0.05,0.00,-85.60,-5.32,0.00,0.00,-7.10,-114.40,1,Dragon Wave_AZ0,22.66,22.66hrs
17/07/2026 13:30:12,buy,0.07,GBPJPY,218.19900,17/07/2026 16:34:55,218.29800,-0.35,0.00,9.90,3.92,3.92,9.90,-9.10,-20.30,1,Dragon Wave_AZ4,3.08,3.08hrs
17/07/2026 11:45:17,buy,0.04,GBPJPY,218.33700,17/07/2026 16:34:55,218.29800,-0.20,0.00,-3.90,-1.16,0.00,0.00,-8.60,-34.10,1,Dragon Wave_AZ3,4.83,4.83hrs
17/07/2026 10:10:20,buy,0.03,GBPJPY,218.53100,17/07/2026 16:34:55,218.28300,-0.15,0.00,-24.80,-4.74,0.00,0.00,-10.04,-53.50,1,Dragon Wave_AZ2,6.41,6.41hrs
17/07/2026 14:05:15,buy,0.11,GBPJPY,218.04500,17/07/2026 16:34:54,218.29800,-0.55,0.00,25.30,16.58,16.58,25.30,-0.62,-0.10,1,Dragon Wave_AZ5,2.49,2.49hrs
17/07/2026 15:20:32,buy,0.01,NZDCAD,0.81745,17/07/2026 16:33:31,0.81753,-0.05,0.00,0.00,0.00,0.11,2.30,-0.37,-4.50,1,Dragon Wave_BZ0,1.22,1.22hrs
17/07/2026 16:15:21,buy,0.01,XAGUSD,55.03200,17/07/2026 16:32:28,55.11200,-0.10,0.00,800.00,3.90,3.90,800.00,-2.45,-470.00,1,Dragon Wave_BZ0,0.29,0.29hrs
17/07/2026 16:05:36,buy,0.01,AUDUSD,0.69675,17/07/2026 16:20:42,0.69710,-0.05,0.00,3.50,0.30,0.30,3.50,0.00,0.00,1,Dragon Wave_CZ0,0.25,0.25hrs
17/07/2026 16:05:21,buy,0.01,AUDUSD,0.69674,17/07/2026 16:20:35,0.69710,-0.05,0.00,3.60,0.31,0.31,3.60,-0.08,-0.30,1,Dragon Wave_BZ0,0.25,0.25hrs
17/07/2026 16:05:24,buy,0.01,CHFJPY,201.03300,17/07/2026 16:20:31,201.10800,-0.05,0.00,7.50,0.42,0.42,7.50,-0.04,0.00,1,Dragon Wave_AZ0,0.25,0.25hrs
17/07/2026 15:45:45,buy,0.01,NZDUSD,0.58264,17/07/2026 16:20:31,0.58304,-0.05,0.00,4.00,0.35,0.35,4.00,-0.06,-0.10,1,Dragon Wave_CZ0,0.58,0.58hrs
17/07/2026 16:05:24,buy,0.01,EURUSD,1.14259,17/07/2026 16:11:10,1.14307,-0.05,0.00,4.80,0.43,0.43,4.80,0.00,0.00,1,Dragon Wave_BZ0,0.10,0.10hrs
17/07/2026 16:05:24,buy,0.01,AUDJPY,113.15900,17/07/2026 16:10:52,113.20400,-0.05,0.00,4.50,0.23,0.23,4.50,-0.02,0.00,1,Dragon Wave_AZ0,0.09,0.09hrs
17/07/2026 15:40:34,buy,0.02,XAUUSD,3976.48000,17/07/2026 16:04:48,3975.46000,-0.29,0.00,-10.20,-2.33,0.00,0.00,-23.87,-117.90,1,Dragon Wave_CZ1,0.40,0.40hrs
17/07/2026 15:20:45,buy,0.01,XAUUSD,3987.29000,17/07/2026 16:04:48,3975.32000,-0.14,0.00,-119.70,-12.11,0.00,0.00,-22.74,-226.00,1,Dragon Wave_CZ0,0.73,0.73hrs
17/07/2026 15:50:33,buy,0.03,XAUUSD,3964.84000,17/07/2026 16:04:47,3975.70000,-0.43,0.00,108.60,32.15,32.15,108.60,0.00,0.00,1,Dragon Wave_CZ2,0.24,0.24hrs
17/07/2026 16:00:13,buy,0.03,XAUUSD,3964.94000,17/07/2026 16:04:31,3972.95000,-0.43,0.00,80.10,23.60,23.60,80.10,0.00,0.00,1,Dragon Wave_AZ2,0.07,0.07hrs
17/07/2026 15:40:13,buy,0.02,XAUUSD,3976.20000,17/07/2026 16:04:31,3972.88000,-0.29,0.00,-33.20,-6.93,0.59,4.40,-23.31,-115.10,1,Dragon Wave_AZ1,0.41,0.41hrs
17/07/2026 15:25:18,buy,0.01,XAUUSD,3985.18000,17/07/2026 16:04:31,3972.89000,-0.14,0.00,-122.90,-12.43,0.31,4.50,-20.63,-204.90,1,Dragon Wave_AZ0,0.65,0.65hrs
17/07/2026 15:55:19,buy,0.01,XAGUSD,55.11700,17/07/2026 16:02:48,55.17600,-0.10,0.00,590.00,2.85,2.85,590.00,-0.90,-160.00,1,Dragon Wave_BZ0,0.12,0.12hrs
17/07/2026 15:50:31,buy,0.01,XAGUSD,55.15100,17/07/2026 16:02:47,55.17700,-0.10,0.00,260.00,1.20,1.20,260.00,-2.60,-500.00,1,Dragon Wave_CZ0,0.20,0.20hrs
17/07/2026 14:20:19,buy,0.01,NZDCHF,0.47065,17/07/2026 16:02:41,0.47069,-0.05,0.00,0.00,0.00,0.14,1.50,-0.29,-1.90,1,Dragon Wave_AZ0,1.71,1.71hrs
17/07/2026 15:40:10,buy,0.01,EURUSD,1.14281,17/07/2026 15:48:28,1.14293,-0.05,0.00,1.20,0.07,0.07,1.20,-0.16,-1.10,1,Dragon Wave_AZ0,0.14,0.14hrs
17/07/2026 15:35:22,buy,0.01,AUDCAD,0.97773,17/07/2026 15:47:19,0.97803,-0.05,0.00,3.00,0.16,0.16,3.00,-0.19,-2.00,1,Dragon Wave_BZ0,0.20,0.20hrs
17/07/2026 15:35:12,buy,0.01,AUDCAD,0.97774,17/07/2026 15:47:14,0.97793,-0.05,0.00,1.90,0.08,0.08,1.90,-0.20,-2.10,1,Dragon Wave_AZ0,0.20,0.20hrs
17/07/2026 15:45:23,buy,0.01,XAGUSD,55.08000,17/07/2026 15:47:12,55.22700,-0.10,0.00,1470.00,7.25,7.25,1470.00,0.00,0.00,1,Dragon Wave_CZ0,0.03,0.03hrs
17/07/2026 15:45:11,buy,0.01,XAGUSD,55.06800,17/07/2026 15:46:57,55.20100,-0.10,0.00,1330.00,6.55,6.55,1330.00,-0.20,-20.00,1,Dragon Wave_BZ0,0.03,0.03hrs
17/07/2026 15:45:05,buy,0.01,XAGUSD,55.12800,17/07/2026 15:46:42,55.17700,-0.10,0.00,490.00,2.35,2.35,490.00,-3.20,-620.00,1,Dragon Wave_AZ0,0.03,0.03hrs
17/07/2026 14:40:22,buy,0.01,USDCAD,1.40262,17/07/2026 15:45:21,1.40271,-0.05,0.00,0.90,0.01,0.01,0.90,-0.49,-6.20,1,Dragon Wave_BZ0,1.08,1.08hrs
17/07/2026 14:40:07,buy,0.01,USDCAD,1.40262,17/07/2026 15:45:17,1.40271,-0.05,0.00,0.90,0.01,0.01,0.90,-0.49,-6.20,1,Dragon Wave_AZ0,1.09,1.09hrs
17/07/2026 14:35:17,buy,0.01,USDCHF,0.80716,17/07/2026 15:34:03,0.80730,-0.05,0.00,1.40,0.12,0.12,1.40,-0.38,-2.70,1,Dragon Wave_AZ0,0.98,0.98hrs
17/07/2026 15:20:37,buy,0.01,NZDUSD,0.58286,17/07/2026 15:30:48,0.58311,-0.05,0.00,2.50,0.20,0.20,2.50,0.00,0.00,1,Dragon Wave_BZ0,0.17,0.17hrs
17/07/2026 15:20:42,buy,0.01,XAGUSD,55.23900,17/07/2026 15:29:24,55.31400,-0.10,0.00,750.00,3.65,3.65,750.00,0.00,0.00,1,Dragon Wave_CZ0,0.14,0.14hrs
17/07/2026 15:20:25,buy,0.01,XAGUSD,55.23400,17/07/2026 15:29:12,55.30300,-0.10,0.00,690.00,3.35,3.35,690.00,0.00,0.00,1,Dragon Wave_BZ0,0.15,0.15hrs
17/07/2026 15:05:43,buy,0.01,XAUUSD,3990.06000,17/07/2026 15:18:56,3992.33000,-0.14,0.00,22.70,2.13,2.13,22.70,-1.04,-9.00,1,Dragon Wave_CZ0,0.22,0.22hrs
17/07/2026 15:15:49,buy,0.01,XAUUSD,3989.23000,17/07/2026 15:17:01,3991.32000,-0.14,0.00,20.90,1.95,1.95,20.90,0.00,0.00,1,Dragon Wave_BZ0,0.02,0.02hrs
17/07/2026 14:10:34,buy,0.01,USDJPY,162.34700,17/07/2026 15:15:31,162.36300,-0.05,0.00,1.60,0.05,0.05,1.60,-0.25,-3.20,1,Dragon Wave_BZ0,1.08,1.08hrs
17/07/2026 14:00:36,buy,0.01,EURJPY,185.53600,17/07/2026 15:11:07,185.64800,-0.05,0.00,11.20,0.64,0.64,11.20,-0.34,-4.70,1,Dragon Wave_CZ0,1.18,1.18hrs
17/07/2026 15:05:16,buy,0.01,XAGUSD,55.26200,17/07/2026 15:10:24,55.35300,-0.10,0.00,910.00,4.45,4.45,910.00,-1.70,-320.00,1,Dragon Wave_CZ0,0.09,0.09hrs
17/07/2026 14:15:22,buy,0.01,EURGBP,0.85060,17/07/2026 15:04:38,0.85080,-0.05,0.00,2.00,0.22,0.22,2.00,-0.12,-0.50,1,Dragon Wave_BZ0,0.82,0.82hrs
17/07/2026 13:25:27,buy,0.01,EURJPY,185.67800,17/07/2026 15:03:51,185.63500,-0.05,0.00,-4.30,-0.32,0.00,0.70,-1.21,-18.90,1,Dragon Wave_BZ0,1.64,1.64hrs
17/07/2026 14:00:26,buy,0.02,EURJPY,185.54200,17/07/2026 15:03:50,185.63500,-0.10,0.00,9.30,1.04,1.04,9.30,-0.75,-5.30,1,Dragon Wave_BZ1,1.06,1.06hrs
17/07/2026 13:25:06,buy,0.02,EURJPY,185.68300,17/07/2026 15:03:49,185.64500,-0.10,0.00,-3.80,-0.57,0.00,0.20,-2.49,-19.40,1,Dragon Wave_AZ1,1.65,1.65hrs
17/07/2026 13:00:14,buy,0.01,EURJPY,185.74500,17/07/2026 15:03:49,185.63400,-0.05,0.00,-11.10,-0.74,0.00,0.60,-1.63,-25.60,1,Dragon Wave_AZ0,2.06,2.06hrs
17/07/2026 14:00:17,buy,0.03,EURJPY,185.54400,17/07/2026 15:03:48,185.64500,-0.15,0.00,10.10,1.72,1.72,10.10,-1.17,-5.50,1,Dragon Wave_AZ2,1.06,1.06hrs
17/07/2026 14:00:15,buy,0.01,USDJPY,162.34600,17/07/2026 14:59:07,162.36700,-0.05,0.00,2.10,0.08,0.08,2.10,-0.24,-3.10,1,Dragon Wave_AZ0,0.98,0.98hrs
17/07/2026 11:20:42,buy,0.01,AUDUSD,0.69754,17/07/2026 14:48:13,0.69766,-0.05,0.00,1.20,0.07,0.09,1.40,-0.88,-8.30,1,Dragon Wave_CZ0,3.46,3.46hrs
17/07/2026 11:20:30,buy,0.01,AUDUSD,0.69750,17/07/2026 14:48:08,0.69762,-0.05,0.00,1.20,0.07,0.13,1.80,-0.84,-7.90,1,Dragon Wave_BZ0,3.46,3.46hrs
17/07/2026 14:15:08,buy,0.01,EURGBP,0.85063,17/07/2026 14:43:10,0.85071,-0.05,0.00,0.80,0.06,0.06,0.80,-0.14,-0.70,1,Dragon Wave_AZ0,0.47,0.47hrs
17/07/2026 14:20:29,buy,0.01,CADCHF,0.57526,17/07/2026 14:43:09,0.57542,-0.05,0.00,1.60,0.15,0.15,1.60,0.00,0.00,1,Dragon Wave_AZ0,0.38,0.38hrs
17/07/2026 13:25:38,buy,0.01,EURUSD,1.14322,17/07/2026 14:40:57,1.14348,-0.05,0.00,2.60,0.21,0.21,2.60,-0.69,-6.40,1,Dragon Wave_CZ0,1.26,1.26hrs
17/07/2026 10:10:59,buy,0.01,GBPJPY,218.51700,17/07/2026 14:40:28,218.23400,-0.05,0.00,-28.30,-1.80,0.00,0.10,-3.26,-52.10,1,Dragon Wave_CZ0,4.49,4.49hrs
17/07/2026 14:05:31,buy,0.03,GBPJPY,218.04700,17/07/2026 14:40:27,218.23400,-0.15,0.00,18.70,3.31,3.31,18.70,0.00,0.00,1,Dragon Wave_CZ2,0.58,0.58hrs
17/07/2026 11:40:34,buy,0.02,GBPJPY,218.33400,17/07/2026 14:40:27,218.23400,-0.10,0.00,-10.00,-1.33,0.00,0.00,-4.26,-33.80,1,Dragon Wave_CZ1,3.00,3.00hrs
17/07/2026 13:25:23,buy,0.01,EURUSD,1.14329,17/07/2026 14:37:47,1.14348,-0.05,0.00,1.90,0.14,0.14,1.90,-0.76,-7.10,1,Dragon Wave_BZ0,1.21,1.21hrs
17/07/2026 13:55:29,buy,0.01,CADJPY,115.68700,17/07/2026 14:36:00,115.70800,-0.05,0.00,2.10,0.08,0.12,2.70,-0.37,-5.20,1,Dragon Wave_BZ0,0.68,0.68hrs
17/07/2026 13:55:17,buy,0.01,CADJPY,115.69200,17/07/2026 14:35:47,115.71900,-0.05,0.00,2.70,0.12,0.12,2.70,-0.40,-5.70,1,Dragon Wave_AZ0,0.68,0.68hrs
17/07/2026 14:05:20,buy,0.02,AUDJPY,113.12000,17/07/2026 14:35:41,113.19400,-0.10,0.00,7.40,0.82,0.82,7.40,-0.05,0.00,1,Dragon Wave_CZ1,0.51,0.51hrs
17/07/2026 11:20:57,buy,0.01,AUDJPY,113.24900,17/07/2026 14:35:41,113.19400,-0.05,0.00,-5.50,-0.39,0.30,5.70,-0.90,-13.80,1,Dragon Wave_CZ0,3.25,3.25hrs
17/07/2026 14:25:40,buy,0.01,NZDJPY,94.62900,17/07/2026 14:35:25,94.69700,-0.05,0.00,6.80,0.37,0.37,6.80,0.00,0.00,1,Dragon Wave_BZ0,0.16,0.16hrs
17/07/2026 14:00:40,buy,0.01,AUDJPY,113.16300,17/07/2026 14:33:16,113.18300,-0.05,0.00,2.00,0.07,0.07,2.00,-0.37,-5.20,1,Dragon Wave_BZ0,0.54,0.54hrs
17/07/2026 14:05:10,buy,0.01,AUDJPY,113.12100,17/07/2026 14:29:56,113.15700,-0.05,0.00,3.60,0.17,0.17,3.60,-0.03,0.00,1,Dragon Wave_AZ0,0.41,0.41hrs
17/07/2026 14:05:11,buy,0.02,EURUSD,1.14257,17/07/2026 14:28:35,1.14301,-0.10,0.00,4.40,0.78,0.78,4.40,0.00,0.00,1,Dragon Wave_AZ1,0.39,0.39hrs
17/07/2026 13:25:05,buy,0.01,EURUSD,1.14331,17/07/2026 14:28:35,1.14301,-0.05,0.00,-3.00,-0.35,0.00,0.00,-0.78,-7.30,1,Dragon Wave_AZ0,1.06,1.06hrs
17/07/2026 14:00:48,buy,0.01,XAGUSD,55.30500,17/07/2026 14:28:02,55.44900,-0.10,0.00,1440.00,7.10,7.10,1440.00,-0.95,-170.00,1,Dragon Wave_CZ0,0.45,0.45hrs
17/07/2026 14:25:19,buy,0.01,NZDCAD,0.81793,17/07/2026 14:27:36,0.81814,-0.05,0.00,2.10,0.10,0.10,2.10,0.00,0.00,1,Dragon Wave_AZ0,0.04,0.04hrs
17/07/2026 14:00:39,buy,0.01,XAGUSD,55.27600,17/07/2026 14:27:05,55.43300,-0.10,0.00,1570.00,7.75,7.75,1570.00,0.00,0.00,1,Dragon Wave_BZ0,0.44,0.44hrs
17/07/2026 13:30:44,buy,0.01,AUDNZD,1.19498,17/07/2026 14:25:55,1.19554,-0.05,0.00,5.60,0.28,0.28,5.60,-0.13,-1.40,1,Dragon Wave_CZ0,0.92,0.92hrs
17/07/2026 13:20:35,buy,0.01,AUDNZD,1.19528,17/07/2026 14:25:49,1.19553,-0.05,0.00,2.50,0.09,0.09,2.50,-0.31,-4.40,1,Dragon Wave_BZ0,1.09,1.09hrs
17/07/2026 14:10:47,buy,0.01,XAUUSD,3991.74000,17/07/2026 14:19:30,3993.76000,-0.14,0.00,20.20,1.88,1.88,20.20,-0.25,-1.10,1,Dragon Wave_CZ0,0.15,0.15hrs
17/07/2026 14:05:27,buy,0.01,XAUUSD,3991.72000,17/07/2026 14:19:15,3993.90000,-0.14,0.00,21.80,2.04,2.04,21.80,-0.51,-3.70,1,Dragon Wave_AZ0,0.23,0.23hrs
17/07/2026 13:30:37,buy,0.01,GBPNZD,2.30309,17/07/2026 14:15:39,2.30488,-0.05,0.00,17.90,1.00,1.00,17.90,-0.74,-11.80,1,Dragon Wave_CZ0,0.75,0.75hrs
17/07/2026 13:30:22,buy,0.01,GBPNZD,2.30338,17/07/2026 14:10:39,2.30374,-0.05,0.00,3.60,0.16,0.16,3.60,-0.91,-14.70,1,Dragon Wave_BZ0,0.67,0.67hrs
17/07/2026 13:40:16,buy,0.01,GBPAUD,1.92673,17/07/2026 14:03:22,1.92738,-0.05,0.00,6.50,0.40,0.40,6.50,-0.19,-2.00,1,Dragon Wave_BZ0,0.39,0.39hrs
17/07/2026 13:05:09,buy,0.01,EURCAD,1.60462,17/07/2026 14:00:25,1.60405,-0.05,0.00,-5.70,-0.46,0.00,0.00,-0.70,-9.10,1,Dragon Wave_AZ0,0.92,0.92hrs
17/07/2026 13:25:06,buy,0.02,EURCAD,1.60371,17/07/2026 14:00:24,1.60405,-0.10,0.00,3.40,0.38,0.71,5.70,-0.10,0.00,1,Dragon Wave_AZ1,0.59,0.59hrs
17/07/2026 12:05:16,buy,0.02,AUDCAD,0.97795,17/07/2026 13:55:50,0.97844,-0.10,0.00,4.90,0.60,0.61,5.00,-0.34,-1.70,1,Dragon Wave_CZ1,1.84,1.84hrs
17/07/2026 11:20:36,buy,0.01,AUDCAD,0.97909,17/07/2026 13:55:50,0.97844,-0.05,0.00,-6.50,-0.51,0.00,0.00,-0.98,-13.10,1,Dragon Wave_CZ0,2.59,2.59hrs
17/07/2026 13:25:10,buy,0.01,GBPCAD,1.88462,17/07/2026 13:54:42,1.88537,-0.05,0.00,7.50,0.49,0.49,7.50,-0.09,-0.60,1,Dragon Wave_AZ0,0.49,0.49hrs
17/07/2026 11:20:27,buy,0.01,AUDCAD,0.97908,17/07/2026 13:46:32,0.97845,-0.05,0.00,-6.30,-0.50,0.00,0.00,-0.98,-13.00,1,Dragon Wave_BZ0,2.43,2.43hrs
17/07/2026 12:10:10,buy,0.02,AUDCAD,0.97793,17/07/2026 13:46:31,0.97845,-0.10,0.00,5.20,0.64,0.64,5.20,-0.31,-1.50,1,Dragon Wave_BZ1,1.61,1.61hrs
17/07/2026 12:50:14,buy,0.01,CHFJPY,201.11700,17/07/2026 13:45:41,201.15000,-0.05,0.00,3.30,0.15,0.15,3.30,-0.69,-10.40,1,Dragon Wave_AZ0,0.92,0.92hrs
17/07/2026 12:05:39,buy,0.02,NZDCAD,0.81778,17/07/2026 13:36:01,0.81849,-0.10,0.00,7.10,0.91,0.94,7.30,-0.26,-1.10,1,Dragon Wave_CZ1,1.51,1.51hrs
17/07/2026 11:30:56,buy,0.01,NZDCAD,0.81877,17/07/2026 13:36:01,0.81848,-0.05,0.00,-2.90,-0.25,0.00,0.00,-0.84,-11.10,1,Dragon Wave_CZ0,2.08,2.08hrs
17/07/2026 13:15:17,buy,0.01,USDCAD,1.40275,17/07/2026 13:35:31,1.40304,-0.05,0.00,2.90,0.16,0.16,2.90,-0.09,-0.60,1,Dragon Wave_BZ0,0.34,0.34hrs
17/07/2026 11:40:36,buy,0.01,NZDUSD,0.58323,17/07/2026 13:30:40,0.58331,-0.05,0.00,0.80,0.03,0.14,1.90,-0.71,-6.60,1,Dragon Wave_CZ0,1.83,1.83hrs
17/07/2026 10:50:37,buy,0.01,NZDCHF,0.47156,17/07/2026 12:55:46,0.47097,-0.05,0.00,-5.90,-0.78,0.00,0.00,-1.87,-14.70,1,Dragon Wave_CZ0,2.09,2.09hrs
17/07/2026 11:55:52,buy,0.03,NZDCHF,0.47031,17/07/2026 12:55:45,0.47097,-0.15,0.00,6.60,2.30,2.30,6.60,-0.97,-2.20,1,Dragon Wave_CZ2,1.00,1.00hrs
17/07/2026 11:20:47,buy,0.02,NZDCHF,0.47108,17/07/2026 12:55:45,0.47097,-0.10,0.00,-1.10,-0.37,0.00,0.00,-2.55,-9.90,1,Dragon Wave_CZ1,1.58,1.58hrs
17/07/2026 11:20:36,buy,0.03,NZDCHF,0.47104,17/07/2026 12:55:09,0.47099,-0.15,0.00,-0.50,-0.34,0.00,0.00,-3.68,-9.50,1,Dragon Wave_BZ2,1.58,1.58hrs
17/07/2026 10:50:19,buy,0.02,NZDCHF,0.47158,17/07/2026 12:55:09,0.47099,-0.10,0.00,-5.90,-1.56,0.00,0.00,-3.79,-14.90,1,Dragon Wave_BZ1,2.08,2.08hrs
17/07/2026 10:20:44,buy,0.01,NZDCHF,0.47182,17/07/2026 12:55:09,0.47099,-0.05,0.00,-8.30,-1.08,0.00,0.10,-2.19,-17.30,1,Dragon Wave_BZ0,2.57,2.57hrs
17/07/2026 11:55:43,buy,0.04,NZDCHF,0.47030,17/07/2026 12:55:08,0.47099,-0.20,0.00,6.90,3.21,3.21,6.90,-1.24,-2.10,1,Dragon Wave_BZ3,0.99,0.99hrs
17/07/2026 12:05:20,buy,0.03,AUDCHF,0.56221,17/07/2026 12:40:26,0.56291,-0.15,0.00,7.00,2.45,2.45,7.00,0.00,0.00,1,Dragon Wave_BZ2,0.58,0.58hrs
17/07/2026 11:20:20,buy,0.02,AUDCHF,0.56320,17/07/2026 12:40:26,0.56287,-0.10,0.00,-3.30,-0.92,0.00,0.00,-2.73,-10.60,1,Dragon Wave_BZ1,1.33,1.33hrs
17/07/2026 10:50:22,buy,0.01,AUDCHF,0.56389,17/07/2026 12:40:26,0.56287,-0.05,0.00,-10.20,-1.31,0.00,0.00,-2.22,-17.50,1,Dragon Wave_BZ0,1.83,1.83hrs
17/07/2026 11:10:28,buy,0.03,CADCHF,0.57512,17/07/2026 12:39:51,0.57552,-0.15,0.00,4.00,1.34,1.34,4.00,-1.01,-2.30,1,Dragon Wave_CZ2,1.49,1.49hrs
17/07/2026 09:25:45,buy,0.02,CADCHF,0.57557,17/07/2026 12:39:51,0.57552,-0.10,0.00,-0.50,-0.23,0.44,2.20,-1.79,-6.80,1,Dragon Wave_CZ1,3.23,3.23hrs
17/07/2026 09:05:26,buy,0.01,CADCHF,0.57599,17/07/2026 12:39:51,0.57552,-0.05,0.00,-4.70,-0.63,0.00,0.00,-1.41,-11.00,1,Dragon Wave_CZ0,3.57,3.57hrs
17/07/2026 11:45:10,buy,0.04,CADCHF,0.57494,17/07/2026 12:38:51,0.57547,-0.20,0.00,5.30,2.42,2.42,5.30,-0.45,-0.50,1,Dragon Wave_AZ3,0.89,0.89hrs
17/07/2026 10:50:11,buy,0.03,CADCHF,0.57532,17/07/2026 12:38:51,0.57547,-0.15,0.00,1.50,0.40,0.40,1.50,-1.75,-4.30,1,Dragon Wave_AZ2,1.81,1.81hrs
17/07/2026 09:15:20,buy,0.02,CADCHF,0.57592,17/07/2026 12:38:51,0.57547,-0.10,0.00,-4.50,-1.21,0.00,0.00,-2.65,-10.30,1,Dragon Wave_AZ1,3.39,3.39hrs
17/07/2026 08:45:19,buy,0.01,CADCHF,0.57616,17/07/2026 12:38:51,0.57547,-0.05,0.00,-6.90,-0.90,0.02,0.60,-1.62,-12.70,1,Dragon Wave_AZ0,3.89,3.89hrs
17/07/2026 11:50:14,buy,0.03,EURCHF,0.92300,17/07/2026 12:38:48,0.92371,-0.15,0.00,7.10,2.49,2.49,7.10,-1.08,-2.50,1,Dragon Wave_AZ2,0.81,0.81hrs
17/07/2026 10:50:01,buy,0.02,EURCHF,0.92397,17/07/2026 12:38:48,0.92371,-0.10,0.00,-2.60,-0.75,0.00,0.00,-3.13,-12.20,1,Dragon Wave_AZ1,1.81,1.81hrs
17/07/2026 10:20:28,buy,0.01,EURCHF,0.92455,17/07/2026 12:38:48,0.92371,-0.05,0.00,-8.40,-1.09,0.00,0.00,-2.28,-18.00,1,Dragon Wave_AZ0,2.31,2.31hrs
17/07/2026 12:00:41,buy,0.03,EURCHF,0.92279,17/07/2026 12:38:08,0.92356,-0.15,0.00,7.70,2.72,2.72,7.70,0.00,0.00,1,Dragon Wave_BZ2,0.62,0.62hrs
17/07/2026 10:55:13,buy,0.02,EURCHF,0.92389,17/07/2026 12:38:08,0.92356,-0.10,0.00,-3.30,-0.92,0.00,0.00,-2.93,-11.40,1,Dragon Wave_BZ1,1.72,1.72hrs
17/07/2026 10:20:41,buy,0.01,EURCHF,0.92455,17/07/2026 12:38:08,0.92356,-0.05,0.00,-9.90,-1.28,0.00,0.00,-2.28,-18.00,1,Dragon Wave_BZ0,2.29,2.29hrs
17/07/2026 11:45:13,buy,0.04,USDCHF,0.80666,17/07/2026 12:38:01,0.80753,-0.20,0.00,8.70,4.11,4.11,8.70,-1.04,-1.70,1,Dragon Wave_AZ3,0.88,0.88hrs
17/07/2026 10:45:13,buy,0.03,USDCHF,0.80748,17/07/2026 12:38:01,0.80753,-0.15,0.00,0.50,0.04,0.04,0.50,-3.83,-9.90,1,Dragon Wave_AZ2,1.88,1.88hrs
17/07/2026 09:25:31,buy,0.02,CADCHF,0.57560,17/07/2026 12:38:01,0.57542,-0.10,0.00,-1.80,-0.54,0.37,1.90,-1.86,-7.10,1,Dragon Wave_BZ1,3.21,3.21hrs
17/07/2026 09:15:09,buy,0.02,USDCHF,0.80829,17/07/2026 12:38:01,0.80753,-0.10,0.00,-7.60,-1.98,0.00,0.00,-4.56,-18.00,1,Dragon Wave_AZ1,3.38,3.38hrs
17/07/2026 09:05:09,buy,0.01,CADCHF,0.57596,17/07/2026 12:38:01,0.57542,-0.05,0.00,-5.40,-0.72,0.00,0.00,-1.38,-10.70,1,Dragon Wave_BZ0,3.55,3.55hrs
17/07/2026 08:40:23,buy,0.01,USDCHF,0.80873,17/07/2026 12:38:01,0.80751,-0.05,0.00,-12.20,-1.56,0.00,0.00,-2.83,-22.40,1,Dragon Wave_AZ0,3.96,3.96hrs
17/07/2026 11:45:17,buy,0.03,CADCHF,0.57495,17/07/2026 12:38:00,0.57542,-0.15,0.00,4.70,1.59,1.59,4.70,-0.37,-0.60,1,Dragon Wave_BZ2,0.88,0.88hrs
17/07/2026 11:45:32,buy,0.03,USDCHF,0.80666,17/07/2026 12:37:49,0.80754,-0.15,0.00,8.80,3.12,3.12,8.80,-0.78,-1.70,1,Dragon Wave_CZ2,0.87,0.87hrs
17/07/2026 09:25:43,buy,0.02,USDCHF,0.80771,17/07/2026 12:37:49,0.80754,-0.10,0.00,-1.70,-0.52,0.35,1.80,-3.13,-12.20,1,Dragon Wave_CZ1,3.20,3.20hrs
17/07/2026 09:05:35,buy,0.01,USDCHF,0.80850,17/07/2026 12:37:49,0.80754,-0.05,0.00,-9.60,-1.24,0.00,0.00,-2.54,-20.10,1,Dragon Wave_CZ0,3.54,3.54hrs
17/07/2026 11:20:27,buy,0.01,NZDCAD,0.81892,17/07/2026 12:35:30,0.81855,-0.05,0.00,-3.70,-0.32,0.00,0.00,-0.95,-12.60,1,Dragon Wave_BZ0,1.25,1.25hrs
17/07/2026 11:55:16,buy,0.02,NZDCAD,0.81800,17/07/2026 12:35:29,0.81856,-0.10,0.00,5.60,0.70,0.70,5.60,-0.58,-3.40,1,Dragon Wave_BZ1,0.67,0.67hrs
17/07/2026 12:05:13,buy,0.02,NZDUSD,0.58272,17/07/2026 12:29:24,0.58344,-0.10,0.00,7.20,1.34,1.34,7.20,-0.10,0.00,1,Dragon Wave_BZ1,0.40,0.40hrs
17/07/2026 11:20:18,buy,0.01,NZDUSD,0.58346,17/07/2026 12:29:24,0.58344,-0.05,0.00,-0.20,-0.07,0.03,0.80,-0.94,-8.90,1,Dragon Wave_BZ0,1.15,1.15hrs
17/07/2026 12:05:33,buy,0.02,NZDJPY,94.64100,17/07/2026 12:29:04,94.76800,-0.10,0.00,12.70,1.47,1.47,12.70,-0.03,0.00,1,Dragon Wave_CZ1,0.39,0.39hrs
17/07/2026 11:35:35,buy,0.01,NZDJPY,94.73600,17/07/2026 12:29:04,94.76800,-0.05,0.00,3.20,0.14,0.14,3.20,-0.73,-11.10,1,Dragon Wave_CZ0,0.89,0.89hrs
17/07/2026 12:05:25,buy,0.03,NZDCAD,0.81771,17/07/2026 12:26:57,0.81843,-0.15,0.00,7.20,1.39,1.39,7.20,-0.24,-0.40,1,Dragon Wave_AZ2,0.36,0.36hrs
17/07/2026 11:30:32,buy,0.02,NZDCAD,0.81875,17/07/2026 12:26:57,0.81843,-0.10,0.00,-3.20,-0.56,0.00,0.00,-1.65,-10.90,1,Dragon Wave_AZ1,0.94,0.94hrs
17/07/2026 11:15:23,buy,0.01,NZDCAD,0.81935,17/07/2026 12:26:57,0.81843,-0.05,0.00,-9.20,-0.71,0.00,0.00,-1.25,-16.90,1,Dragon Wave_AZ0,1.19,1.19hrs
17/07/2026 11:55:21,buy,0.02,NZDCHF,0.47029,17/07/2026 12:26:44,0.47062,-0.10,0.00,3.30,0.72,0.72,3.30,-0.60,-2.00,1,Dragon Wave_AZ1,0.52,0.52hrs
17/07/2026 11:20:30,buy,0.01,NZDCHF,0.47108,17/07/2026 12:26:44,0.47062,-0.05,0.00,-4.60,-0.62,0.00,0.00,-1.28,-9.90,1,Dragon Wave_AZ0,1.10,1.10hrs
17/07/2026 11:20:41,buy,0.01,AUDJPY,113.25600,17/07/2026 12:25:34,113.28200,-0.05,0.00,2.60,0.11,0.26,5.00,-0.62,-9.20,1,Dragon Wave_BZ0,1.08,1.08hrs
17/07/2026 11:20:13,buy,0.01,AUDCAD,0.97918,17/07/2026 12:25:33,0.97841,-0.05,0.00,-7.70,-0.60,0.00,0.00,-0.98,-13.10,1,Dragon Wave_AZ0,1.09,1.09hrs
17/07/2026 12:05:10,buy,0.02,AUDCAD,0.97787,17/07/2026 12:25:32,0.97841,-0.10,0.00,5.40,0.67,0.67,5.40,-0.10,0.00,1,Dragon Wave_AZ1,0.34,0.34hrs
17/07/2026 11:40:43,buy,0.01,NZDJPY,94.70000,17/07/2026 12:25:27,94.72600,-0.05,0.00,2.60,0.11,0.11,2.60,-0.51,-7.50,1,Dragon Wave_BZ0,0.75,0.75hrs
17/07/2026 11:15:41,buy,0.01,EURUSD,1.14384,17/07/2026 12:25:17,1.14423,-0.05,0.00,3.90,0.34,0.38,4.30,-0.13,-0.80,1,Dragon Wave_BZ0,1.16,1.16hrs
17/07/2026 11:20:18,buy,0.01,AUDJPY,113.25300,17/07/2026 12:25:10,113.26700,-0.05,0.00,1.40,0.04,0.28,5.30,-0.60,-8.90,1,Dragon Wave_AZ0,1.08,1.08hrs
17/07/2026 11:20:22,buy,0.01,XAGUSD,55.34800,17/07/2026 11:43:18,55.36100,-0.10,0.00,130.00,0.55,1.60,340.00,-3.80,-740.00,1,Dragon Wave_AZ0,0.38,0.38hrs
17/07/2026 11:15:26,buy,0.01,EURUSD,1.14389,17/07/2026 11:34:14,1.14434,-0.05,0.00,4.50,0.40,0.40,4.50,-0.06,-0.10,1,Dragon Wave_AZ0,0.31,0.31hrs
17/07/2026 11:21:02,buy,0.01,NZDJPY,94.73400,17/07/2026 11:25:34,94.79200,-0.05,0.00,5.80,0.31,0.31,5.80,0.00,0.00,1,Dragon Wave_CZ0,0.08,0.08hrs
17/07/2026 10:15:36,buy,0.01,GBPNZD,2.30528,17/07/2026 11:18:06,2.30517,-0.05,0.00,-1.10,-0.11,0.00,0.00,-0.79,-12.60,1,Dragon Wave_CZ0,1.04,1.04hrs
17/07/2026 11:05:44,buy,0.02,GBPNZD,2.30335,17/07/2026 11:18:05,2.30517,-0.10,0.00,18.20,2.02,2.02,18.20,0.00,0.00,1,Dragon Wave_CZ1,0.21,0.21hrs
17/07/2026 10:55:26,buy,0.01,GBPNZD,2.30423,17/07/2026 11:18:02,2.30523,-0.05,0.00,10.00,0.53,0.53,10.00,-0.17,-2.10,1,Dragon Wave_BZ0,0.38,0.38hrs
17/07/2026 09:20:36,buy,0.01,USDJPY,162.36000,17/07/2026 11:10:37,162.32900,-0.05,0.00,-3.10,-0.24,0.07,2.00,-1.06,-16.30,1,Dragon Wave_CZ0,1.83,1.83hrs
17/07/2026 10:00:58,buy,0.02,USDJPY,162.25100,17/07/2026 11:10:36,162.32800,-0.10,0.00,7.70,0.85,0.85,7.70,-0.77,-5.40,1,Dragon Wave_CZ1,1.16,1.16hrs
17/07/2026 10:00:45,buy,0.01,USDCAD,1.40297,17/07/2026 11:10:26,1.40314,-0.05,0.00,1.70,0.07,0.16,2.90,-0.10,-0.70,1,Dragon Wave_BZ0,1.16,1.16hrs
17/07/2026 10:10:43,buy,0.01,EURJPY,185.71900,17/07/2026 11:09:53,185.80100,-0.05,0.00,8.20,0.46,0.46,8.20,-0.41,-5.80,1,Dragon Wave_CZ0,0.99,0.99hrs
17/07/2026 11:05:21,buy,0.01,GBPAUD,1.92612,17/07/2026 11:09:33,1.92709,-0.05,0.00,9.70,0.63,0.63,9.70,0.00,0.00,1,Dragon Wave_AZ0,0.07,0.07hrs
17/07/2026 11:00:08,buy,0.02,GBPCAD,1.88785,17/07/2026 11:07:02,1.88864,-0.10,0.00,7.90,1.03,1.03,7.90,0.00,0.00,1,Dragon Wave_AZ1,0.12,0.12hrs
17/07/2026 10:25:19,buy,0.01,GBPCAD,1.88932,17/07/2026 11:07:02,1.88870,-0.05,0.00,-6.20,-0.49,0.01,0.90,-0.49,-6.20,1,Dragon Wave_AZ0,0.70,0.70hrs
17/07/2026 10:10:26,buy,0.01,EURJPY,185.69900,17/07/2026 11:04:28,185.78500,-0.05,0.00,8.60,0.48,0.48,8.60,-0.28,-3.80,1,Dragon Wave_BZ0,0.90,0.90hrs
17/07/2026 10:50:09,buy,0.02,NZDCHF,0.47157,17/07/2026 11:03:06,0.47170,-0.10,0.00,1.30,0.22,0.22,1.30,0.00,0.00,1,Dragon Wave_AZ1,0.22,0.22hrs
17/07/2026 10:20:20,buy,0.01,NZDCHF,0.47178,17/07/2026 11:03:06,0.47170,-0.05,0.00,-0.80,-0.15,0.01,0.50,-0.15,-0.80,1,Dragon Wave_AZ0,0.71,0.71hrs
17/07/2026 10:05:07,buy,0.01,EURJPY,185.75600,17/07/2026 11:01:40,185.77900,-0.05,0.00,2.30,0.09,0.09,2.30,-0.64,-9.50,1,Dragon Wave_AZ0,0.94,0.94hrs
17/07/2026 10:00:45,buy,0.01,USDJPY,162.26100,17/07/2026 11:00:44,162.27800,-0.05,0.00,1.70,0.05,0.05,1.70,-0.44,-6.40,1,Dragon Wave_BZ0,1.00,1.00hrs
17/07/2026 10:00:18,buy,0.01,USDJPY,162.25600,17/07/2026 10:57:18,162.27500,-0.05,0.00,1.90,0.07,0.07,1.90,-0.41,-5.90,1,Dragon Wave_AZ0,0.95,0.95hrs
17/07/2026 10:05:30,buy,0.01,CADJPY,115.62900,17/07/2026 10:55:43,115.68100,-0.05,0.00,5.20,0.27,0.27,5.20,-0.27,-3.60,1,Dragon Wave_CZ0,0.84,0.84hrs
17/07/2026 10:00:42,buy,0.01,CADJPY,115.66100,17/07/2026 10:50:32,115.67100,-0.05,0.00,1.00,0.01,0.01,1.00,-0.47,-6.80,1,Dragon Wave_BZ0,0.83,0.83hrs
17/07/2026 10:20:31,buy,0.02,CADJPY,115.58800,17/07/2026 10:50:31,115.67100,-0.10,0.00,8.30,0.92,0.92,8.30,0.00,0.00,1,Dragon Wave_BZ1,0.50,0.50hrs
17/07/2026 10:20:40,buy,0.01,GBPAUD,1.92733,17/07/2026 10:32:53,1.92811,-0.05,0.00,7.80,0.50,0.50,7.80,-0.03,0.00,1,Dragon Wave_BZ0,0.20,0.20hrs
17/07/2026 10:05:07,buy,0.01,CADJPY,115.62000,17/07/2026 10:29:18,115.65300,-0.05,0.00,3.30,0.16,0.16,3.30,-0.22,-2.70,1,Dragon Wave_AZ0,0.40,0.40hrs
17/07/2026 10:05:16,buy,0.01,EURNZD,1.95933,17/07/2026 10:19:13,1.95934,-0.05,0.00,0.10,-0.05,0.11,2.70,-0.16,-1.90,1,Dragon Wave_AZ0,0.23,0.23hrs
17/07/2026 10:05:19,buy,0.01,EURGBP,0.84959,17/07/2026 10:10:34,0.84981,-0.05,0.00,2.20,0.25,0.25,2.20,0.00,0.00,1,Dragon Wave_AZ0,0.09,0.09hrs
17/07/2026 10:05:17,buy,0.01,USDCAD,1.40290,17/07/2026 10:09:05,1.40328,-0.05,0.00,3.80,0.22,0.22,3.80,0.00,0.00,1,Dragon Wave_AZ0,0.06,0.06hrs
17/07/2026 09:10:12,buy,0.01,GBPCHF,1.08846,17/07/2026 10:00:31,1.08857,-0.05,0.00,1.10,0.09,0.09,1.10,-0.21,-1.30,1,Dragon Wave_BZ0,0.84,0.84hrs
17/07/2026 09:20:26,buy,0.01,GBPAUD,1.92786,17/07/2026 09:51:30,1.92865,-0.05,0.00,7.90,0.50,0.50,7.90,-0.32,-3.80,1,Dragon Wave_BZ0,0.52,0.52hrs
17/07/2026 09:25:29,buy,0.01,EURCHF,0.92491,17/07/2026 09:50:19,0.92510,-0.05,0.00,1.90,0.19,0.19,1.90,0.00,0.00,1,Dragon Wave_BZ0,0.41,0.41hrs
17/07/2026 09:30:35,buy,0.01,EURAUD,1.63803,17/07/2026 09:45:54,1.63861,-0.05,0.00,5.80,0.35,0.35,5.80,0.00,0.00,1,Dragon Wave_BZ0,0.26,0.26hrs
17/07/2026 09:40:14,buy,0.01,GBPNZD,2.30562,17/07/2026 09:42:18,2.30645,-0.05,0.00,8.30,0.43,0.43,8.30,0.00,0.00,1,Dragon Wave_BZ0,0.03,0.03hrs
17/07/2026 09:30:15,buy,0.01,GBPNZD,2.30613,17/07/2026 09:42:03,2.30648,-0.05,0.00,3.50,0.15,0.15,3.50,-0.48,-7.30,1,Dragon Wave_AZ0,0.20,0.20hrs
17/07/2026 09:20:30,buy,0.01,USDJPY,162.36000,17/07/2026 09:40:34,162.38800,-0.05,0.00,2.80,0.12,0.12,2.80,0.00,0.00,1,Dragon Wave_BZ0,0.33,0.33hrs
17/07/2026 09:20:11,buy,0.01,USDJPY,162.36100,17/07/2026 09:35:56,162.38000,-0.05,0.00,1.90,0.07,0.07,1.90,0.00,0.00,1,Dragon Wave_AZ0,0.26,0.26hrs
16/07/2026 19:05:47,buy,0.01,GBPJPY,218.94600,17/07/2026 09:15:46,218.73500,-0.05,0.00,-21.10,-1.35,0.00,0.00,-2.21,-35.10,1,Dragon Wave_CZ0,14.17,14.17hrs
17/07/2026 05:55:29,buy,0.02,GBPJPY,218.61300,17/07/2026 09:15:45,218.73600,-0.10,0.00,12.30,1.41,1.41,12.30,-0.32,-1.80,1,Dragon Wave_CZ1,3.34,3.34hrs
15/07/2026 14:40:33,buy,0.02,EURGBP,0.85190,17/07/2026 09:10:22,0.84992,-0.10,-1.18,-19.80,-6.61,0.00,0.00,-17.26,-63.40,1,Dragon Wave_BZ1,42.50,1.77days
15/07/2026 13:50:03,buy,0.01,EURGBP,0.85235,17/07/2026 09:10:22,0.84992,-0.05,-0.59,-24.30,-3.91,0.00,0.00,-9.24,-67.90,1,Dragon Wave_BZ0,43.34,1.81days
15/07/2026 18:35:10,buy,0.07,EURGBP,0.84799,17/07/2026 09:10:21,0.84992,-0.35,-4.14,19.30,13.69,13.69,19.30,-23.37,-24.30,1,Dragon Wave_BZ4,38.59,1.61days
15/07/2026 17:45:16,buy,0.04,EURGBP,0.84943,17/07/2026 09:10:21,0.84992,-0.20,-2.37,4.90,0.07,0.07,4.90,-21.15,-38.70,1,Dragon Wave_BZ3,39.42,1.64days
15/07/2026 14:55:23,buy,0.03,EURGBP,0.85079,17/07/2026 09:10:21,0.84992,-0.15,-1.77,-8.70,-5.43,2.67,7.00,-21.39,-52.30,1,Dragon Wave_BZ2,42.25,1.76days
17/07/2026 08:45:25,buy,0.01,AUDCHF,0.56422,17/07/2026 09:05:49,0.56446,-0.05,0.00,2.40,0.25,0.25,2.40,-0.15,-0.80,1,Dragon Wave_BZ0,0.34,0.34hrs
17/07/2026 08:45:14,buy,0.01,AUDCHF,0.56422,17/07/2026 09:05:45,0.56447,-0.05,0.00,2.50,0.26,0.26,2.50,-0.15,-0.80,1,Dragon Wave_AZ0,0.34,0.34hrs
17/07/2026 08:40:21,buy,0.01,USDJPY,162.38400,17/07/2026 08:55:37,162.40500,-0.05,0.00,2.10,0.08,0.08,2.10,-0.09,-0.70,1,Dragon Wave_AZ0,0.25,0.25hrs
17/07/2026 08:45:10,buy,0.01,AUDJPY,113.30700,17/07/2026 08:48:09,113.32700,-0.05,0.00,2.00,0.07,0.07,2.00,-0.11,-1.00,1,Dragon Wave_AZ0,0.05,0.05hrs
17/07/2026 08:35:18,buy,0.01,USDCAD,1.40330,17/07/2026 08:45:29,1.40349,-0.05,0.00,1.90,0.09,0.09,1.90,-0.14,-1.20,1,Dragon Wave_AZ0,0.17,0.17hrs
16/07/2026 11:00:57,buy,0.01,GBPAUD,1.93353,17/07/2026 05:37:58,1.92921,-0.05,-0.07,-43.20,-3.13,0.00,0.00,-6.13,-86.80,1,Dragon Wave_BZ0,18.62,18.62hrs
16/07/2026 12:00:42,buy,0.03,GBPAUD,1.93194,17/07/2026 05:37:57,1.92916,-0.15,-0.21,-27.80,-6.18,0.00,0.00,-15.05,-70.90,1,Dragon Wave_BZ2,17.62,17.62hrs
16/07/2026 11:05:23,buy,0.02,GBPAUD,1.93288,17/07/2026 05:37:57,1.92921,-0.10,-0.14,-36.70,-5.36,0.64,5.30,-11.35,-80.30,1,Dragon Wave_BZ1,18.54,18.54hrs
16/07/2026 18:30:22,buy,0.07,GBPAUD,1.92521,17/07/2026 05:37:56,1.92916,-0.35,-0.48,39.50,18.47,18.47,39.50,-2.12,-3.60,1,Dragon Wave_BZ4,11.13,11.13hrs
16/07/2026 13:05:34,buy,0.04,GBPAUD,1.92948,17/07/2026 05:37:56,1.92916,-0.20,-0.28,-3.20,-1.37,0.00,0.00,-13.17,-46.30,1,Dragon Wave_BZ3,16.54,16.54hrs
16/07/2026 19:05:28,buy,0.01,NZDJPY,94.91000,17/07/2026 03:18:04,94.92900,-0.05,-0.01,1.90,0.05,0.05,1.90,-1.01,-15.40,1,Dragon Wave_BZ0,8.21,8.21hrs
16/07/2026 19:45:53,buy,0.01,CADJPY,115.67800,17/07/2026 03:17:39,115.69700,-0.05,-0.04,1.90,0.03,0.03,1.90,-0.86,-13.20,1,Dragon Wave_CZ0,7.53,7.53hrs
16/07/2026 19:10:45,buy,0.01,NZDJPY,94.88300,17/07/2026 03:16:18,94.90200,-0.05,-0.01,1.90,0.06,0.06,1.90,-0.84,-12.70,1,Dragon Wave_CZ0,8.09,8.09hrs
16/07/2026 19:06:11,buy,0.01,AUDUSD,0.69990,17/07/2026 03:03:24,0.70007,-0.05,0.00,1.70,0.12,0.12,1.70,-0.88,-8.30,1,Dragon Wave_CZ0,7.95,7.95hrs
16/07/2026 19:25:19,buy,0.01,CHFJPY,200.86200,17/07/2026 03:02:58,200.89800,-0.05,-0.08,3.60,0.09,0.09,3.60,-1.20,-17.40,1,Dragon Wave_AZ0,7.63,7.63hrs
16/07/2026 19:20:26,buy,0.01,AUDJPY,113.65400,17/07/2026 03:00:57,113.67000,-0.05,0.03,1.60,0.08,0.08,1.60,-1.11,-17.70,1,Dragon Wave_BZ0,7.68,7.68hrs
16/07/2026 19:46:04,buy,0.01,CHFJPY,200.80700,17/07/2026 02:58:59,200.84800,-0.05,-0.08,4.10,0.13,0.13,4.10,-0.86,-11.90,1,Dragon Wave_CZ0,7.22,7.22hrs
16/07/2026 20:06:23,buy,0.01,EURJPY,185.79600,17/07/2026 02:57:56,185.84200,-0.05,-0.05,4.60,0.19,0.19,4.60,-0.54,-8.00,1,Dragon Wave_CZ0,6.86,6.86hrs
16/07/2026 19:10:35,buy,0.01,AUDUSD,0.69979,17/07/2026 02:40:46,0.69985,-0.05,0.00,0.60,0.01,0.01,0.60,-0.77,-7.20,1,Dragon Wave_BZ0,7.50,7.50hrs
16/07/2026 20:06:06,buy,0.01,CADJPY,115.63100,17/07/2026 02:12:28,115.64200,-0.05,-0.04,1.10,-0.03,0.07,1.90,-0.57,-8.50,1,Dragon Wave_AZ0,6.11,6.11hrs
16/07/2026 20:06:01,buy,0.03,GBPUSD,1.34631,16/07/2026 23:35:31,1.34772,-0.15,0.00,14.10,4.08,4.08,14.10,-0.99,-2.80,1,Dragon Wave_BZ2,3.49,3.49hrs
16/07/2026 18:05:36,buy,0.02,GBPUSD,1.34835,16/07/2026 23:35:31,1.34772,-0.10,0.00,-6.30,-1.36,0.96,5.30,-4.74,-23.20,1,Dragon Wave_BZ1,5.50,5.50hrs
16/07/2026 17:50:24,buy,0.01,GBPUSD,1.34979,16/07/2026 23:35:31,1.34772,-0.05,0.00,-20.70,-2.12,0.00,0.00,-3.81,-37.60,1,Dragon Wave_BZ0,5.75,5.75hrs
16/07/2026 20:40:54,buy,0.01,XAGUSD,55.68000,16/07/2026 22:54:01,55.68800,-0.10,0.00,80.00,0.30,5.75,1170.00,-17.90,-3560.00,1,Dragon Wave_CZ0,2.22,2.22hrs
16/07/2026 20:55:38,buy,0.01,USDJPY,162.41500,16/07/2026 22:25:51,162.42600,-0.05,0.00,1.10,0.02,0.02,1.10,-0.28,-3.70,1,Dragon Wave_BZ0,1.50,1.50hrs
16/07/2026 21:15:23,buy,0.02,USDJPY,162.37900,16/07/2026 22:20:53,162.41400,-0.10,0.00,3.50,0.33,0.33,3.50,-0.11,-0.10,1,Dragon Wave_AZ1,1.09,1.09hrs
16/07/2026 20:50:14,buy,0.01,USDJPY,162.44100,16/07/2026 22:20:53,162.41500,-0.05,0.00,-2.60,-0.21,0.00,0.00,-0.44,-6.30,1,Dragon Wave_AZ0,1.51,1.51hrs
16/07/2026 21:40:47,buy,0.01,XAGUSD,55.43900,16/07/2026 22:02:55,55.68100,-0.10,0.00,2420.00,12.00,12.00,2420.00,-0.35,-50.00,1,Dragon Wave_BZ0,0.37,0.37hrs
16/07/2026 19:20:52,buy,0.02,NZDUSD,0.58383,16/07/2026 21:56:13,0.58419,-0.10,0.00,3.60,0.62,0.62,3.60,-1.00,-4.50,1,Dragon Wave_BZ1,2.59,2.59hrs
16/07/2026 18:05:42,buy,0.01,NZDUSD,0.58465,16/07/2026 21:56:13,0.58419,-0.05,0.00,-4.60,-0.51,0.00,0.00,-1.32,-12.70,1,Dragon Wave_BZ0,3.84,3.84hrs
16/07/2026 18:45:22,buy,0.01,GBPCHF,1.08947,16/07/2026 21:55:47,1.08970,-0.05,0.00,2.30,0.24,0.53,4.70,-0.43,-3.10,1,Dragon Wave_CZ0,3.17,3.17hrs
16/07/2026 18:06:26,buy,0.01,NZDUSD,0.58453,16/07/2026 21:45:27,0.58415,-0.05,0.00,-3.80,-0.43,0.04,0.90,-1.20,-11.50,1,Dragon Wave_CZ0,3.65,3.65hrs
16/07/2026 19:21:03,buy,0.02,NZDUSD,0.58379,16/07/2026 21:45:26,0.58415,-0.10,0.00,3.60,0.62,0.62,3.60,-0.92,-4.10,1,Dragon Wave_CZ1,2.41,2.41hrs
16/07/2026 21:35:20,buy,0.01,XAUUSD,3979.38000,16/07/2026 21:43:08,3983.20000,-0.14,0.00,38.20,3.68,3.68,38.20,-2.16,-20.20,1,Dragon Wave_AZ0,0.13,0.13hrs
16/07/2026 20:55:52,buy,0.01,CADCHF,0.57563,16/07/2026 21:43:07,0.57586,-0.05,0.00,2.30,0.23,0.23,2.30,-0.10,-0.40,1,Dragon Wave_BZ0,0.79,0.79hrs
16/07/2026 20:55:24,buy,0.01,CADCHF,0.57567,16/07/2026 21:25:41,0.57577,-0.05,0.00,1.00,0.07,0.07,1.00,-0.15,-0.80,1,Dragon Wave_AZ0,0.50,0.50hrs
16/07/2026 19:25:14,buy,0.01,EURUSD,1.14373,16/07/2026 21:19:43,1.14381,-0.05,0.00,0.80,0.03,0.04,0.90,-0.60,-5.50,1,Dragon Wave_AZ0,1.91,1.91hrs
16/07/2026 20:40:31,buy,0.01,XAUUSD,3981.57000,16/07/2026 21:10:53,3988.86000,-0.14,0.00,72.90,7.15,7.15,72.90,-0.88,-7.40,1,Dragon Wave_CZ0,0.51,0.51hrs
16/07/2026 19:20:36,buy,0.01,XAUUSD,3985.84000,16/07/2026 21:09:06,3987.81000,-0.14,0.00,19.70,1.83,8.59,87.30,-5.15,-50.10,1,Dragon Wave_BZ0,1.81,1.81hrs
16/07/2026 19:20:17,buy,0.01,AUDUSD,0.69945,16/07/2026 20:54:10,0.69952,-0.05,0.00,0.70,0.02,0.02,0.70,-0.43,-3.80,1,Dragon Wave_AZ0,1.56,1.56hrs
16/07/2026 20:40:23,buy,0.01,XAGUSD,55.67300,16/07/2026 20:53:36,55.78800,-0.10,0.00,1150.00,5.65,5.65,1150.00,-2.40,-460.00,1,Dragon Wave_AZ0,0.22,0.22hrs
16/07/2026 19:45:46,buy,0.01,CHFJPY,200.79300,16/07/2026 20:50:40,200.80500,-0.05,0.00,1.20,0.02,0.05,1.60,-0.60,-8.90,1,Dragon Wave_BZ0,1.08,1.08hrs
16/07/2026 19:20:41,buy,0.01,NZDCAD,0.81965,16/07/2026 20:04:20,0.82027,-0.05,0.00,6.20,0.39,0.39,6.20,-0.11,-0.80,1,Dragon Wave_CZ0,0.73,0.73hrs
16/07/2026 19:00:12,buy,0.02,NZDCAD,0.82008,16/07/2026 20:04:19,0.82026,-0.10,0.00,1.80,0.15,0.15,1.80,-0.83,-5.10,1,Dragon Wave_AZ1,1.07,1.07hrs
16/07/2026 18:55:29,buy,0.01,NZDCAD,0.82037,16/07/2026 20:04:19,0.82026,-0.05,0.00,-1.10,-0.13,0.00,0.00,-0.62,-8.00,1,Dragon Wave_AZ0,1.15,1.15hrs
16/07/2026 18:20:15,buy,0.01,NZDCHF,0.47247,16/07/2026 20:04:15,0.47252,-0.05,0.00,0.50,0.01,0.06,0.90,-0.50,-3.60,1,Dragon Wave_AZ0,1.73,1.73hrs
16/07/2026 19:00:45,buy,0.01,NZDCHF,0.47218,16/07/2026 20:00:49,0.47247,-0.05,0.00,2.90,0.31,0.31,2.90,-0.14,-0.70,1,Dragon Wave_CZ0,1.00,1.00hrs
16/07/2026 18:45:21,buy,0.01,NZDCHF,0.47224,16/07/2026 19:55:54,0.47242,-0.05,0.00,1.80,0.17,0.17,1.80,-0.21,-1.30,1,Dragon Wave_BZ0,1.18,1.18hrs
16/07/2026 19:05:34,buy,0.01,NZDCAD,0.82002,16/07/2026 19:55:48,0.82015,-0.05,0.00,1.30,0.04,0.04,1.30,-0.37,-4.50,1,Dragon Wave_BZ0,0.84,0.84hrs
16/07/2026 19:05:11,buy,0.01,AUDCAD,0.98240,16/07/2026 19:55:12,0.98256,-0.05,0.00,1.60,0.07,0.07,1.60,-0.33,-3.90,1,Dragon Wave_AZ0,0.83,0.83hrs
16/07/2026 19:15:29,buy,0.01,XAUUSD,3989.77000,16/07/2026 19:50:37,3994.44000,-0.14,0.00,46.70,4.53,4.53,46.70,-2.85,-27.10,1,Dragon Wave_AZ0,0.59,0.59hrs
16/07/2026 18:20:40,buy,0.01,GBPCHF,1.09001,16/07/2026 19:49:49,1.09015,-0.05,0.00,1.40,0.12,0.12,1.40,-1.10,-8.50,1,Dragon Wave_BZ0,1.49,1.49hrs
16/07/2026 18:40:19,buy,0.02,GBPCHF,1.08970,16/07/2026 19:49:48,1.09015,-0.10,0.00,4.50,1.01,1.01,4.50,-1.44,-5.40,1,Dragon Wave_AZ1,1.16,1.16hrs
16/07/2026 18:00:19,buy,0.01,GBPCHF,1.09068,16/07/2026 19:49:48,1.09015,-0.05,0.00,-5.30,-0.71,0.00,0.00,-1.93,-15.20,1,Dragon Wave_AZ0,1.82,1.82hrs
16/07/2026 19:15:32,buy,0.01,XAGUSD,55.90600,16/07/2026 19:39:07,56.06200,-0.10,0.00,1560.00,7.70,7.70,1560.00,0.00,0.00,1,Dragon Wave_AZ0,0.39,0.39hrs
16/07/2026 18:40:22,buy,0.02,CADCHF,0.57578,16/07/2026 19:18:58,0.57603,-0.10,0.00,2.50,0.52,0.52,2.50,-0.52,-1.70,1,Dragon Wave_AZ1,0.64,0.64hrs
16/07/2026 18:05:25,buy,0.01,CADCHF,0.57612,16/07/2026 19:18:58,0.57603,-0.05,0.00,-0.90,-0.16,0.00,0.20,-0.68,-5.10,1,Dragon Wave_AZ0,1.23,1.23hrs
16/07/2026 18:15:25,buy,0.01,CADCHF,0.57591,16/07/2026 19:18:55,0.57602,-0.05,0.00,1.10,0.08,0.08,1.10,-0.42,-3.00,1,Dragon Wave_BZ0,1.06,1.06hrs
16/07/2026 18:16:18,buy,0.01,EURCHF,0.92489,16/07/2026 19:16:00,0.92497,-0.05,0.00,0.80,0.05,0.05,0.80,-0.27,-1.80,1,Dragon Wave_CZ0,0.99,0.99hrs
16/07/2026 18:20:48,buy,0.01,EURCHF,0.92482,16/07/2026 19:15:50,0.92494,-0.05,0.00,1.20,0.10,0.10,1.20,-0.19,-1.10,1,Dragon Wave_BZ0,0.92,0.92hrs
16/07/2026 18:10:31,buy,0.01,CADJPY,115.74000,16/07/2026 18:54:58,115.75900,-0.05,0.00,1.90,0.07,0.07,1.90,-0.14,-1.50,1,Dragon Wave_AZ0,0.74,0.74hrs
16/07/2026 17:10:53,buy,0.01,EURUSD,1.14465,16/07/2026 18:51:00,1.14482,-0.05,0.00,1.70,0.12,0.36,4.10,-0.87,-8.20,1,Dragon Wave_CZ0,1.67,1.67hrs
16/07/2026 17:55:09,buy,0.01,GBPNZD,2.30596,16/07/2026 18:50:52,2.30700,-0.05,0.00,10.40,0.56,0.80,14.50,-0.14,-1.50,1,Dragon Wave_BZ0,0.93,0.93hrs
16/07/2026 16:21:18,buy,0.01,EURAUD,1.63467,16/07/2026 18:46:34,1.63490,-0.05,0.00,2.30,0.11,0.48,7.90,-1.62,-22.40,1,Dragon Wave_CZ0,2.42,2.42hrs
16/07/2026 15:45:16,buy,0.02,EURCAD,1.60592,16/07/2026 18:43:56,1.60646,-0.10,0.00,5.40,0.67,0.67,5.40,-2.37,-15.90,1,Dragon Wave_AZ1,2.98,2.98hrs
16/07/2026 15:30:20,buy,0.01,EURCAD,1.60722,16/07/2026 18:43:56,1.60646,-0.05,0.00,-7.60,-0.59,0.00,0.00,-2.11,-28.90,1,Dragon Wave_AZ0,3.23,3.23hrs
16/07/2026 18:05:50,buy,0.01,EURUSD,1.14387,16/07/2026 18:34:55,1.14451,-0.05,0.00,6.40,0.59,0.59,6.40,-0.04,0.00,1,Dragon Wave_BZ0,0.48,0.48hrs
16/07/2026 18:05:25,buy,0.01,NZDUSD,0.58469,16/07/2026 18:34:18,0.58475,-0.05,0.00,0.60,0.01,0.01,0.60,-0.22,-1.70,1,Dragon Wave_AZ0,0.48,0.48hrs
16/07/2026 17:40:23,buy,0.01,EURUSD,1.14436,16/07/2026 18:34:13,1.14447,-0.05,0.00,1.10,0.06,0.10,1.50,-0.58,-5.30,1,Dragon Wave_AZ0,0.90,0.90hrs
16/07/2026 17:55:10,buy,0.01,AUDUSD,0.70032,16/07/2026 18:34:03,0.70046,-0.05,0.00,1.40,0.09,0.09,1.40,-0.29,-2.40,1,Dragon Wave_AZ0,0.65,0.65hrs
16/07/2026 15:45:33,buy,0.02,XAUUSD,4001.63000,16/07/2026 18:24:47,4009.09000,-0.29,0.00,74.60,14.63,14.63,74.60,-50.77,-252.40,1,Dragon Wave_BZ1,2.65,2.65hrs
16/07/2026 15:36:25,buy,0.01,XAUUSD,4021.02000,16/07/2026 18:24:47,4008.93000,-0.14,0.00,-120.90,-12.23,0.00,0.00,-44.77,-446.30,1,Dragon Wave_BZ0,2.81,2.81hrs
16/07/2026 15:45:20,buy,0.02,XAUUSD,4000.62000,16/07/2026 18:24:13,4008.41000,-0.29,0.00,77.90,15.29,15.29,77.90,-48.75,-242.30,1,Dragon Wave_AZ1,2.65,2.65hrs
16/07/2026 15:35:53,buy,0.01,XAUUSD,4021.51000,16/07/2026 18:24:13,4008.43000,-0.14,0.00,-130.80,-13.22,0.00,0.00,-45.26,-451.20,1,Dragon Wave_AZ0,2.81,2.81hrs
16/07/2026 16:11:04,buy,0.01,EURNZD,1.95728,16/07/2026 18:21:26,1.95745,-0.05,0.00,1.70,0.05,0.28,5.70,-1.23,-20.10,1,Dragon Wave_CZ0,2.17,2.17hrs
16/07/2026 17:55:23,buy,0.01,GBPNZD,2.30601,16/07/2026 18:14:40,2.30741,-0.05,0.00,14.00,0.77,0.77,14.00,0.00,0.00,1,Dragon Wave_CZ0,0.32,0.32hrs
16/07/2026 17:45:31,buy,0.01,GBPNZD,2.30661,16/07/2026 18:14:13,2.30720,-0.05,0.00,5.90,0.30,0.30,5.90,-0.53,-8.20,1,Dragon Wave_AZ0,0.48,0.48hrs
16/07/2026 17:55:27,buy,0.01,GBPCAD,1.89239,16/07/2026 18:12:00,1.89312,-0.05,0.00,7.30,0.48,0.48,7.30,0.00,0.00,1,Dragon Wave_AZ0,0.28,0.28hrs
16/07/2026 17:40:21,buy,0.01,EURNZD,1.95541,16/07/2026 17:58:25,1.95638,-0.05,0.00,9.70,0.52,0.52,9.70,-0.07,-0.30,1,Dragon Wave_AZ0,0.30,0.30hrs
16/07/2026 16:05:56,buy,0.01,EURGBP,0.84791,16/07/2026 17:52:53,0.84812,-0.05,0.00,2.10,0.23,0.23,2.10,-0.81,-5.60,1,Dragon Wave_CZ0,1.78,1.78hrs
16/07/2026 16:45:17,buy,0.02,EURGBP,0.84755,16/07/2026 17:51:09,0.84789,-0.10,0.00,3.40,0.82,0.82,3.40,-0.64,-2.00,1,Dragon Wave_AZ1,1.10,1.10hrs
16/07/2026 15:40:16,buy,0.01,EURGBP,0.84829,16/07/2026 17:51:09,0.84789,-0.05,0.00,-4.00,-0.59,0.00,0.00,-1.32,-9.40,1,Dragon Wave_AZ0,2.18,2.18hrs
16/07/2026 15:16:39,buy,0.01,NZDCAD,0.82051,16/07/2026 17:28:32,0.82065,-0.05,0.00,1.40,0.05,0.19,3.40,-0.61,-7.90,1,Dragon Wave_CZ0,2.20,2.20hrs
16/07/2026 16:06:07,buy,0.03,XAUUSD,3981.48000,16/07/2026 17:27:23,3998.95000,-0.43,0.00,174.70,51.98,51.98,174.70,0.00,0.00,1,Dragon Wave_CZ2,1.35,1.35hrs
16/07/2026 15:45:41,buy,0.02,XAUUSD,4002.74000,16/07/2026 17:27:23,3998.99000,-0.29,0.00,-37.50,-7.79,0.00,0.00,-52.99,-263.50,1,Dragon Wave_CZ1,1.70,1.70hrs
16/07/2026 15:36:48,buy,0.01,XAUUSD,4020.14000,16/07/2026 17:27:23,3998.99000,-0.14,0.00,-211.50,-21.29,0.00,0.00,-43.89,-437.50,1,Dragon Wave_CZ0,1.84,1.84hrs
16/07/2026 17:15:32,buy,0.01,EURUSD,1.14478,16/07/2026 17:18:02,1.14513,-0.05,0.00,3.50,0.30,0.30,3.50,-0.06,-0.10,1,Dragon Wave_AZ0,0.04,0.04hrs
16/07/2026 13:25:19,buy,0.02,USDCAD,1.40360,16/07/2026 17:11:11,1.40258,-0.10,0.00,-10.20,-1.55,0.16,1.80,-3.35,-22.80,1,Dragon Wave_BZ1,3.76,3.76hrs
16/07/2026 13:00:56,buy,0.01,USDCAD,1.40410,16/07/2026 17:11:11,1.40258,-0.05,0.00,-15.20,-1.13,0.00,0.00,-2.03,-27.80,1,Dragon Wave_BZ0,4.17,4.17hrs
16/07/2026 16:30:35,buy,0.04,USDCAD,1.40138,16/07/2026 17:11:10,1.40258,-0.20,0.00,12.00,3.22,3.22,12.00,-0.37,-0.60,1,Dragon Wave_BZ3,0.68,0.68hrs
16/07/2026 15:05:22,buy,0.03,USDCAD,1.40265,16/07/2026 17:11:10,1.40258,-0.15,0.00,-0.70,-0.30,0.43,2.70,-3.00,-13.30,1,Dragon Wave_BZ2,2.10,2.10hrs
16/07/2026 15:46:05,buy,0.02,AUDCAD,0.98155,16/07/2026 17:01:32,0.98220,-0.10,0.00,6.50,0.83,0.83,6.50,-0.26,-1.10,1,Dragon Wave_CZ1,1.26,1.26hrs
16/07/2026 15:25:32,buy,0.01,AUDCAD,0.98221,16/07/2026 17:01:32,0.98220,-0.05,0.00,-0.10,-0.06,0.00,0.00,-0.60,-7.70,1,Dragon Wave_CZ0,1.60,1.60hrs
16/07/2026 15:36:21,buy,0.02,AUDCAD,0.98199,16/07/2026 17:01:21,0.98228,-0.10,0.00,2.90,0.32,0.32,2.90,-0.88,-5.50,1,Dragon Wave_BZ1,1.42,1.42hrs
16/07/2026 15:10:49,buy,0.01,AUDCAD,0.98263,16/07/2026 17:01:21,0.98228,-0.05,0.00,-3.50,-0.30,0.00,0.00,-0.90,-11.90,1,Dragon Wave_BZ0,1.84,1.84hrs
16/07/2026 15:15:11,buy,0.01,AUDCAD,0.98246,16/07/2026 17:01:10,0.98231,-0.05,0.00,-1.50,-0.16,0.00,0.00,-0.78,-10.20,1,Dragon Wave_AZ0,1.77,1.77hrs
16/07/2026 15:35:13,buy,0.02,AUDCAD,0.98203,16/07/2026 17:01:09,0.98230,-0.10,0.00,2.70,0.28,0.28,2.70,-0.94,-5.90,1,Dragon Wave_AZ1,1.43,1.43hrs
16/07/2026 16:10:37,buy,0.01,EURNZD,1.95765,16/07/2026 16:55:51,1.95777,-0.05,0.00,1.20,0.02,0.02,1.20,-0.59,-9.20,1,Dragon Wave_BZ0,0.75,0.75hrs
16/07/2026 16:05:35,buy,0.01,EURAUD,1.63546,16/07/2026 16:41:15,1.63539,-0.05,0.00,-0.70,-0.10,0.00,0.00,-0.57,-7.40,1,Dragon Wave_BZ0,0.59,0.59hrs
16/07/2026 16:20:47,buy,0.02,EURAUD,1.63435,16/07/2026 16:41:14,1.63539,-0.10,0.00,10.40,1.36,1.41,11.10,0.00,0.00,1,Dragon Wave_BZ1,0.34,0.34hrs
16/07/2026 15:56:35,buy,0.01,CHFJPY,200.87000,16/07/2026 16:40:46,200.92700,-0.05,0.00,5.70,0.30,0.30,5.70,-0.30,-4.00,1,Dragon Wave_CZ0,0.74,0.74hrs
16/07/2026 16:10:25,buy,0.01,EURAUD,1.63519,16/07/2026 16:35:49,1.63534,-0.05,0.00,1.50,0.05,0.05,1.50,-0.38,-4.70,1,Dragon Wave_AZ0,0.42,0.42hrs
16/07/2026 15:56:50,buy,0.01,EURJPY,185.81600,16/07/2026 16:31:09,185.88300,-0.05,0.00,6.70,0.37,0.37,6.70,-0.32,-4.30,1,Dragon Wave_CZ0,0.57,0.57hrs
16/07/2026 13:55:29,buy,0.01,EURCHF,0.92516,16/07/2026 16:31:02,0.92521,-0.05,0.00,0.50,0.02,0.06,0.90,-0.51,-3.70,1,Dragon Wave_AZ0,2.59,2.59hrs
16/07/2026 15:45:44,buy,0.02,NZDCAD,0.81978,16/07/2026 16:31:01,0.82041,-0.10,0.00,6.30,0.80,0.80,6.30,0.00,0.00,1,Dragon Wave_BZ1,0.75,0.75hrs
16/07/2026 15:26:07,buy,0.01,NZDCAD,0.82072,16/07/2026 16:31:01,0.82041,-0.05,0.00,-3.10,-0.28,0.00,0.00,-0.76,-10.00,1,Dragon Wave_BZ0,1.08,1.08hrs
16/07/2026 15:45:32,buy,0.02,EURUSD,1.14520,16/07/2026 16:29:27,1.14580,-0.10,0.00,6.00,1.10,1.10,6.00,-1.40,-6.50,1,Dragon Wave_CZ1,0.73,0.73hrs
16/07/2026 15:36:02,buy,0.01,EURUSD,1.14582,16/07/2026 16:29:27,1.14580,-0.05,0.00,-0.20,-0.07,0.00,0.00,-1.32,-12.70,1,Dragon Wave_CZ0,0.89,0.89hrs
16/07/2026 15:56:16,buy,0.01,CHFJPY,200.87400,16/07/2026 16:28:41,200.94600,-0.05,0.00,7.20,0.40,0.40,7.20,-0.32,-4.40,1,Dragon Wave_BZ0,0.54,0.54hrs
16/07/2026 15:56:29,buy,0.01,EURJPY,185.82700,16/07/2026 16:28:32,185.89100,-0.05,0.00,6.40,0.35,0.35,6.40,-0.38,-5.40,1,Dragon Wave_BZ0,0.53,0.53hrs
16/07/2026 15:35:46,buy,0.01,EURUSD,1.14573,16/07/2026 16:27:44,1.14566,-0.05,0.00,-0.70,-0.12,0.00,0.00,-1.23,-11.80,1,Dragon Wave_BZ0,0.87,0.87hrs
16/07/2026 16:00:18,buy,0.02,EURUSD,1.14491,16/07/2026 16:27:43,1.14566,-0.10,0.00,7.50,1.40,1.40,7.50,-0.82,-3.60,1,Dragon Wave_BZ1,0.46,0.46hrs
16/07/2026 15:55:28,buy,0.02,EURUSD,1.14517,16/07/2026 16:25:58,1.14546,-0.10,0.00,2.90,0.48,0.48,2.90,-1.34,-6.20,1,Dragon Wave_AZ1,0.51,0.51hrs
16/07/2026 15:35:09,buy,0.01,EURUSD,1.14587,16/07/2026 16:25:58,1.14546,-0.05,0.00,-4.10,-0.46,0.00,0.00,-1.37,-13.20,1,Dragon Wave_AZ0,0.85,0.85hrs
16/07/2026 16:05:45,buy,0.02,XAGUSD,55.63800,16/07/2026 16:24:32,56.13400,-0.20,0.00,4960.00,49.40,49.40,4960.00,-2.50,-230.00,1,Dragon Wave_CZ1,0.31,0.31hrs
16/07/2026 15:40:47,buy,0.01,XAGUSD,56.19800,16/07/2026 16:24:32,56.13400,-0.10,0.00,-640.00,-3.30,0.00,0.00,-34.15,-6810.00,1,Dragon Wave_CZ0,0.73,0.73hrs
16/07/2026 15:40:29,buy,0.01,XAGUSD,56.18000,16/07/2026 16:24:27,56.10100,-0.10,0.00,-790.00,-4.05,0.00,0.00,-33.25,-6630.00,1,Dragon Wave_BZ0,0.73,0.73hrs
16/07/2026 16:01:16,buy,0.02,XAGUSD,55.78800,16/07/2026 16:24:26,56.10000,-0.20,0.00,3120.00,31.00,31.00,3120.00,-27.30,-2710.00,1,Dragon Wave_BZ1,0.39,0.39hrs
16/07/2026 15:56:11,buy,0.01,EURJPY,185.83300,16/07/2026 16:23:35,185.87700,-0.05,0.00,4.40,0.22,0.22,4.40,-0.42,-6.00,1,Dragon Wave_AZ0,0.46,0.46hrs
16/07/2026 15:35:46,buy,0.01,NZDCAD,0.82033,16/07/2026 16:14:18,0.82039,-0.05,0.00,0.60,-0.01,0.00,0.60,-0.48,-6.10,1,Dragon Wave_AZ0,0.64,0.64hrs
16/07/2026 16:00:43,buy,0.02,XAGUSD,55.76500,16/07/2026 16:14:06,55.91800,-0.20,0.00,1530.00,15.10,15.10,1530.00,-25.00,-2480.00,1,Dragon Wave_AZ1,0.22,0.22hrs
16/07/2026 15:40:15,buy,0.01,XAGUSD,56.19000,16/07/2026 16:14:06,55.89900,-0.10,0.00,-2910.00,-14.65,0.00,0.00,-33.75,-6730.00,1,Dragon Wave_AZ0,0.56,0.56hrs
16/07/2026 15:41:10,buy,0.01,NZDUSD,0.58491,16/07/2026 16:13:09,0.58519,-0.05,0.00,2.80,0.23,0.23,2.80,-0.41,-3.60,1,Dragon Wave_CZ0,0.53,0.53hrs
16/07/2026 15:35:48,buy,0.01,NZDUSD,0.58499,16/07/2026 16:13:05,0.58518,-0.05,0.00,1.90,0.14,0.14,1.90,-0.49,-4.40,1,Dragon Wave_BZ0,0.62,0.62hrs
16/07/2026 15:56:26,buy,0.01,AUDUSD,0.69976,16/07/2026 16:11:46,0.70036,-0.05,0.00,6.00,0.55,0.55,6.00,-0.09,-0.40,1,Dragon Wave_CZ0,0.26,0.26hrs
16/07/2026 15:45:32,buy,0.01,AUDUSD,0.69998,16/07/2026 16:11:41,0.70038,-0.05,0.00,4.00,0.35,0.35,4.00,-0.31,-2.60,1,Dragon Wave_BZ0,0.44,0.44hrs
16/07/2026 15:45:15,buy,0.01,AUDUSD,0.70002,16/07/2026 16:07:46,0.70018,-0.05,0.00,1.60,0.11,0.11,1.60,-0.35,-3.00,1,Dragon Wave_AZ0,0.38,0.38hrs
16/07/2026 15:45:24,buy,0.01,NZDUSD,0.58466,16/07/2026 16:07:33,0.58485,-0.05,0.00,1.90,0.14,0.14,1.90,-0.16,-1.10,1,Dragon Wave_AZ0,0.37,0.37hrs
16/07/2026 15:56:17,buy,0.01,AUDJPY,113.55100,16/07/2026 16:00:54,113.58200,-0.05,0.00,3.10,0.14,0.14,3.10,0.00,0.00,1,Dragon Wave_BZ0,0.08,0.08hrs
16/07/2026 15:05:18,buy,0.01,USDCAD,1.40259,16/07/2026 15:53:38,1.40273,-0.05,0.00,1.40,0.05,0.06,1.60,-0.39,-4.70,1,Dragon Wave_AZ0,0.81,0.81hrs
16/07/2026 12:25:51,buy,0.01,GBPNZD,2.30932,16/07/2026 15:44:36,2.30978,-0.05,0.00,4.60,0.21,0.25,5.20,-2.03,-33.80,1,Dragon Wave_CZ0,3.31,3.31hrs
16/07/2026 12:20:44,buy,0.01,GBPNZD,2.30887,16/07/2026 15:40:22,2.30912,-0.05,0.00,2.50,0.10,0.52,9.70,-1.76,-29.30,1,Dragon Wave_BZ0,3.33,3.33hrs
16/07/2026 13:55:41,buy,0.02,GBPCHF,1.08998,16/07/2026 15:39:44,1.09040,-0.10,0.00,4.20,0.94,0.94,4.20,-2.41,-9.30,1,Dragon Wave_CZ1,1.73,1.73hrs
16/07/2026 12:35:30,buy,0.01,GBPCHF,1.09067,16/07/2026 15:39:44,1.09040,-0.05,0.00,-2.70,-0.39,0.00,0.00,-2.06,-16.20,1,Dragon Wave_CZ0,3.07,3.07hrs
16/07/2026 15:20:33,buy,0.01,EURGBP,0.84862,16/07/2026 15:30:51,0.84885,-0.05,0.00,2.30,0.26,0.26,2.30,0.00,0.00,1,Dragon Wave_AZ0,0.17,0.17hrs
16/07/2026 14:20:53,buy,0.01,EURCHF,0.92498,16/07/2026 15:30:49,0.92506,-0.05,0.00,0.80,0.05,0.11,1.30,-0.29,-1.90,1,Dragon Wave_BZ0,1.17,1.17hrs
16/07/2026 15:25:51,buy,0.01,XAGUSD,56.30100,16/07/2026 15:29:44,56.47300,-0.10,0.00,1720.00,8.50,8.50,1720.00,0.00,0.00,1,Dragon Wave_CZ0,0.06,0.06hrs
16/07/2026 15:21:03,buy,0.01,XAUUSD,4027.36000,16/07/2026 15:29:43,4025.63000,-0.14,0.00,-17.30,-1.87,0.00,0.00,-5.31,-51.70,1,Dragon Wave_CZ0,0.14,0.14hrs
16/07/2026 15:25:48,buy,0.02,XAUUSD,4018.34000,16/07/2026 15:29:42,4025.64000,-0.29,0.00,73.00,14.31,14.31,73.00,0.00,0.00,1,Dragon Wave_CZ1,0.07,0.07hrs
16/07/2026 15:25:30,buy,0.01,XAGUSD,56.32500,16/07/2026 15:29:20,56.46200,-0.10,0.00,1370.00,6.75,6.75,1370.00,0.00,0.00,1,Dragon Wave_BZ0,0.06,0.06hrs
16/07/2026 15:25:02,buy,0.01,XAGUSD,56.39200,16/07/2026 15:28:56,56.42800,-0.10,0.00,360.00,1.70,1.70,360.00,0.00,0.00,1,Dragon Wave_AZ0,0.07,0.07hrs
16/07/2026 15:25:25,buy,0.01,XAUUSD,4019.71000,16/07/2026 15:28:54,4024.74000,-0.14,0.00,50.30,4.89,4.89,50.30,0.00,0.00,1,Dragon Wave_BZ0,0.06,0.06hrs
16/07/2026 15:25:35,buy,0.01,EURUSD,1.14607,16/07/2026 15:27:34,1.14645,-0.05,0.00,3.80,0.33,0.33,3.80,0.00,0.00,1,Dragon Wave_CZ0,0.03,0.03hrs
16/07/2026 15:25:07,buy,0.01,XAUUSD,4020.24000,16/07/2026 15:27:08,4023.50000,-0.14,0.00,32.60,3.12,3.12,32.60,0.00,0.00,1,Dragon Wave_AZ0,0.03,0.03hrs
16/07/2026 15:16:19,buy,0.01,NZDCAD,0.82054,16/07/2026 15:20:38,0.82089,-0.05,0.00,3.50,0.19,0.19,3.50,0.00,0.00,1,Dragon Wave_BZ0,0.07,0.07hrs
16/07/2026 15:15:22,buy,0.01,NZDCAD,0.82066,16/07/2026 15:19:45,0.82083,-0.05,0.00,1.70,0.07,0.07,1.70,-0.11,-0.90,1,Dragon Wave_AZ0,0.07,0.07hrs
16/07/2026 15:15:47,buy,0.01,XAUUSD,4026.91000,16/07/2026 15:18:58,4027.42000,-0.14,0.00,5.10,0.37,0.37,5.10,-1.03,-8.90,1,Dragon Wave_BZ0,0.05,0.05hrs
16/07/2026 15:16:18,buy,0.01,XAGUSD,56.26600,16/07/2026 15:18:39,56.48800,-0.10,0.00,2220.00,11.00,11.00,2220.00,0.00,0.00,1,Dragon Wave_CZ0,0.04,0.04hrs
16/07/2026 15:16:16,buy,0.01,XAUUSD,4016.48000,16/07/2026 15:18:39,4026.12000,-0.14,0.00,96.40,9.50,9.50,96.40,0.00,0.00,1,Dragon Wave_CZ0,0.04,0.04hrs
16/07/2026 15:05:33,buy,0.01,USDCHF,0.80640,16/07/2026 15:16:05,0.80702,-0.05,0.00,6.20,0.72,0.72,6.20,-0.10,-0.40,1,Dragon Wave_CZ0,0.18,0.18hrs
16/07/2026 14:45:42,buy,0.01,USDCHF,0.80675,16/07/2026 15:15:43,0.80696,-0.05,0.00,2.10,0.21,0.21,2.10,-0.53,-3.90,1,Dragon Wave_BZ0,0.50,0.50hrs
16/07/2026 14:10:34,buy,0.01,GBPCHF,1.08965,16/07/2026 15:11:06,1.08981,-0.05,0.00,1.60,0.15,0.15,1.60,-0.79,-6.00,1,Dragon Wave_BZ0,1.01,1.01hrs
16/07/2026 14:10:15,buy,0.01,GBPCHF,1.08971,16/07/2026 15:10:35,1.08982,-0.05,0.00,1.10,0.08,0.08,1.10,-0.87,-6.60,1,Dragon Wave_AZ0,1.01,1.01hrs
16/07/2026 11:05:58,buy,0.01,GBPUSD,1.35261,16/07/2026 15:07:47,1.35149,-0.05,0.00,-11.20,-1.17,0.04,0.90,-2.94,-28.90,1,Dragon Wave_CZ0,4.03,4.03hrs
16/07/2026 13:30:32,buy,0.03,GBPUSD,1.35032,16/07/2026 15:07:46,1.35149,-0.15,0.00,11.70,3.36,3.36,11.70,-1.95,-6.00,1,Dragon Wave_CZ2,1.62,1.62hrs
16/07/2026 12:05:57,buy,0.02,GBPUSD,1.35199,16/07/2026 15:07:46,1.35149,-0.10,0.00,-5.00,-1.10,0.00,0.30,-4.64,-22.70,1,Dragon Wave_CZ1,3.03,3.03hrs
16/07/2026 12:05:43,buy,0.02,GBPUSD,1.35191,16/07/2026 15:05:58,1.35122,-0.10,0.00,-6.90,-1.48,0.12,1.10,-4.48,-21.90,1,Dragon Wave_BZ1,3.00,3.00hrs
16/07/2026 11:05:32,buy,0.01,GBPUSD,1.35270,16/07/2026 15:05:58,1.35123,-0.05,0.00,-14.70,-1.52,0.00,0.00,-3.03,-29.80,1,Dragon Wave_BZ0,4.01,4.01hrs
16/07/2026 14:05:52,buy,0.03,GBPUSD,1.35012,16/07/2026 15:05:57,1.35120,-0.15,0.00,10.80,3.09,3.09,10.80,-1.35,-4.00,1,Dragon Wave_BZ2,1.00,1.00hrs
16/07/2026 10:26:12,buy,0.01,GBPJPY,219.31700,16/07/2026 15:04:53,219.11000,-0.05,0.00,-20.70,-1.32,0.29,5.50,-2.81,-44.70,1,Dragon Wave_CZ0,4.64,4.64hrs
16/07/2026 14:06:20,buy,0.03,GBPJPY,218.90400,16/07/2026 15:04:52,219.11100,-0.15,0.00,20.70,3.68,3.68,20.70,-0.78,-3.40,1,Dragon Wave_CZ2,0.98,0.98hrs
16/07/2026 12:10:51,buy,0.02,GBPJPY,219.19200,16/07/2026 15:04:52,219.11100,-0.10,0.00,-8.10,-1.10,0.00,0.40,-4.07,-32.20,1,Dragon Wave_CZ1,2.90,2.90hrs
16/07/2026 14:55:21,buy,0.01,CADCHF,0.57501,16/07/2026 15:01:50,0.57510,-0.05,0.00,0.90,0.06,0.06,0.90,-0.11,-0.50,1,Dragon Wave_AZ0,0.11,0.11hrs
16/07/2026 14:05:48,buy,0.01,GBPJPY,218.90600,16/07/2026 14:56:17,218.97100,-0.05,0.00,6.50,0.35,0.36,6.60,-0.27,-3.60,1,Dragon Wave_BZ0,0.84,0.84hrs
16/07/2026 14:50:15,buy,0.01,AUDCAD,0.98275,16/07/2026 14:54:47,0.98285,-0.05,0.00,1.00,0.02,0.02,1.00,-0.07,-0.30,1,Dragon Wave_AZ0,0.08,0.08hrs
16/07/2026 14:50:27,buy,0.01,AUDCHF,0.56473,16/07/2026 14:52:40,0.56513,-0.05,0.00,4.00,0.45,0.45,4.00,0.00,0.00,1,Dragon Wave_BZ0,0.04,0.04hrs
16/07/2026 14:50:13,buy,0.01,AUDCHF,0.56504,16/07/2026 14:52:30,0.56512,-0.05,0.00,0.80,0.05,0.05,0.80,0.00,0.00,1,Dragon Wave_AZ0,0.04,0.04hrs
16/07/2026 14:50:30,buy,0.01,AUDCAD,0.98195,16/07/2026 14:52:22,0.98275,-0.05,0.00,8.00,0.52,0.52,8.00,0.00,0.00,1,Dragon Wave_BZ0,0.03,0.03hrs
16/07/2026 14:00:17,buy,0.01,GBPJPY,218.95600,16/07/2026 14:52:21,218.97400,-0.05,0.00,1.80,0.06,0.06,1.80,-0.58,-8.60,1,Dragon Wave_AZ0,0.87,0.87hrs
16/07/2026 14:50:36,buy,0.01,NZDUSD,0.58492,16/07/2026 14:52:20,0.58528,-0.05,0.00,3.60,0.31,0.31,3.60,0.00,0.00,1,Dragon Wave_BZ0,0.03,0.03hrs
16/07/2026 14:50:32,buy,0.01,NZDCAD,0.82063,16/07/2026 14:52:20,0.82133,-0.05,0.00,7.00,0.45,0.45,7.00,0.00,0.00,1,Dragon Wave_CZ0,0.03,0.03hrs
16/07/2026 14:50:13,buy,0.01,AUDUSD,0.70014,16/07/2026 14:52:20,0.70031,-0.05,0.00,1.70,0.12,0.12,1.70,0.00,0.00,1,Dragon Wave_AZ0,0.04,0.04hrs
16/07/2026 13:36:19,buy,0.01,EURAUD,1.63671,16/07/2026 14:50:39,1.63726,-0.05,0.00,5.50,0.33,0.33,5.50,-0.62,-8.20,1,Dragon Wave_CZ0,1.24,1.24hrs
16/07/2026 13:35:15,buy,0.01,EURAUD,1.63691,16/07/2026 14:50:14,1.63704,-0.05,0.00,1.30,0.04,0.04,1.30,-0.76,-10.20,1,Dragon Wave_AZ0,1.25,1.25hrs
16/07/2026 14:45:18,buy,0.01,CADCHF,0.57498,16/07/2026 14:49:59,0.57509,-0.05,0.00,1.10,0.09,0.09,1.10,-0.09,-0.30,1,Dragon Wave_AZ0,0.08,0.08hrs
16/07/2026 14:25:31,buy,0.01,NZDCHF,0.47221,16/07/2026 14:49:23,0.47228,-0.05,0.00,0.70,0.04,0.04,0.70,-0.25,-1.60,1,Dragon Wave_AZ0,0.40,0.40hrs
16/07/2026 12:45:47,buy,0.01,NZDCAD,0.82137,16/07/2026 14:49:23,0.82153,-0.05,0.00,1.60,0.06,0.14,2.60,-0.51,-6.40,1,Dragon Wave_CZ0,2.06,2.06hrs
16/07/2026 14:10:12,buy,0.02,EURCAD,1.60838,16/07/2026 14:49:05,1.60876,-0.10,0.00,3.80,0.45,0.45,3.80,-0.84,-5.20,1,Dragon Wave_AZ1,0.65,0.65hrs
16/07/2026 13:30:19,buy,0.01,EURCAD,1.60901,16/07/2026 14:49:05,1.60876,-0.05,0.00,-2.50,-0.23,0.11,2.30,-0.87,-11.50,1,Dragon Wave_AZ0,1.31,1.31hrs
16/07/2026 14:40:28,buy,0.01,NZDCHF,0.47206,16/07/2026 14:47:05,0.47223,-0.05,0.00,1.70,0.16,0.16,1.70,-0.06,-0.10,1,Dragon Wave_BZ0,0.11,0.11hrs
16/07/2026 14:26:08,buy,0.01,NZDCAD,0.82108,16/07/2026 14:46:56,0.82122,-0.05,0.00,1.40,0.05,0.05,1.40,-0.30,-3.50,1,Dragon Wave_BZ0,0.35,0.35hrs
16/07/2026 14:25:48,buy,0.01,NZDCAD,0.82107,16/07/2026 14:46:47,0.82117,-0.05,0.00,1.00,0.02,0.02,1.00,-0.29,-3.40,1,Dragon Wave_AZ0,0.35,0.35hrs
16/07/2026 14:30:33,buy,0.01,NZDUSD,0.58498,16/07/2026 14:44:11,0.58515,-0.05,0.00,1.70,0.12,0.12,1.70,-0.10,-0.50,1,Dragon Wave_AZ0,0.23,0.23hrs
16/07/2026 14:01:12,buy,0.01,EURUSD,1.14607,16/07/2026 14:43:44,1.14652,-0.05,0.00,4.50,0.40,0.40,4.50,-0.11,-0.60,1,Dragon Wave_CZ0,0.71,0.71hrs
16/07/2026 13:40:23,buy,0.01,XAGUSD,56.65900,16/07/2026 14:36:14,56.68400,-0.10,0.00,250.00,1.15,1.15,250.00,-9.85,-1950.00,1,Dragon Wave_BZ0,0.93,0.93hrs
16/07/2026 14:01:09,buy,0.01,EURJPY,185.84200,16/07/2026 14:35:49,185.90600,-0.05,0.00,6.40,0.35,0.35,6.40,-0.20,-2.50,1,Dragon Wave_CZ0,0.58,0.58hrs
16/07/2026 14:00:52,buy,0.01,EURUSD,1.14605,16/07/2026 14:35:42,1.14632,-0.05,0.00,2.70,0.22,0.22,2.70,-0.09,-0.40,1,Dragon Wave_BZ0,0.58,0.58hrs
16/07/2026 14:00:52,buy,0.01,XAUUSD,4028.43000,16/07/2026 14:34:03,4029.05000,-0.15,0.00,6.20,0.47,0.47,6.20,-4.38,-42.30,1,Dragon Wave_BZ0,0.55,0.55hrs
16/07/2026 13:50:02,buy,0.01,XAGUSD,56.61300,16/07/2026 14:33:44,56.63300,-0.10,0.00,200.00,0.90,0.90,200.00,-7.55,-1490.00,1,Dragon Wave_CZ0,0.73,0.73hrs
16/07/2026 14:30:33,buy,0.01,XAUUSD,4024.58000,16/07/2026 14:33:15,4027.89000,-0.14,0.00,33.10,3.17,3.17,33.10,-0.52,-3.80,1,Dragon Wave_CZ0,0.04,0.04hrs
16/07/2026 14:00:56,buy,0.01,EURJPY,185.84000,16/07/2026 14:30:54,185.88900,-0.05,0.00,4.90,0.25,0.25,4.90,-0.19,-2.30,1,Dragon Wave_BZ0,0.50,0.50hrs
16/07/2026 14:15:59,buy,0.01,XAUUSD,4026.57000,16/07/2026 14:28:19,4027.50000,-0.14,0.00,9.30,0.79,0.79,9.30,-2.04,-19.00,1,Dragon Wave_CZ0,0.21,0.21hrs
16/07/2026 14:25:21,buy,0.02,XAUUSD,4024.73000,16/07/2026 14:28:03,4026.86000,-0.29,0.00,21.30,3.97,3.97,21.30,-0.41,-0.60,1,Dragon Wave_AZ1,0.04,0.04hrs
16/07/2026 14:00:19,buy,0.01,XAUUSD,4028.58000,16/07/2026 14:28:03,4026.44000,-0.15,0.00,-21.40,-2.29,0.15,3.00,-4.06,-39.10,1,Dragon Wave_AZ0,0.46,0.46hrs
16/07/2026 14:00:16,buy,0.01,EURUSD,1.14597,16/07/2026 14:26:07,1.14627,-0.05,0.00,3.00,0.25,0.25,3.00,-0.09,-0.40,1,Dragon Wave_AZ0,0.43,0.43hrs
16/07/2026 14:00:34,buy,0.01,EURJPY,185.82500,16/07/2026 14:24:21,185.88900,-0.05,0.00,6.40,0.34,0.34,6.40,-0.10,-0.80,1,Dragon Wave_AZ0,0.40,0.40hrs
16/07/2026 14:05:16,buy,0.01,USDJPY,162.13700,16/07/2026 14:16:21,162.15400,-0.05,0.00,1.70,0.05,0.05,1.70,-0.09,-0.70,1,Dragon Wave_AZ0,0.18,0.18hrs
16/07/2026 14:00:21,buy,0.01,CHFJPY,200.85800,16/07/2026 14:09:43,200.90100,-0.05,0.00,4.30,0.22,0.22,4.30,-0.15,-1.60,1,Dragon Wave_AZ0,0.16,0.16hrs
16/07/2026 12:15:48,buy,0.02,CHFJPY,200.92000,16/07/2026 13:56:08,200.95700,-0.10,0.00,3.70,0.35,0.35,3.70,-0.63,-4.30,1,Dragon Wave_CZ1,1.67,1.67hrs
16/07/2026 11:05:49,buy,0.01,CHFJPY,201.00200,16/07/2026 13:56:08,200.95700,-0.05,0.00,-4.50,-0.32,0.00,0.00,-0.82,-12.50,1,Dragon Wave_CZ0,2.84,2.84hrs
16/07/2026 12:35:20,buy,0.02,CHFJPY,200.93000,16/07/2026 13:54:53,200.98100,-0.10,0.00,5.10,0.53,0.53,5.10,-0.75,-5.30,1,Dragon Wave_BZ1,1.33,1.33hrs
16/07/2026 11:05:34,buy,0.01,CHFJPY,201.00400,16/07/2026 13:54:53,200.97200,-0.05,0.00,-3.20,-0.25,0.00,0.60,-0.83,-12.70,1,Dragon Wave_BZ0,2.82,2.82hrs
16/07/2026 13:35:08,buy,0.01,CHFJPY,200.85900,16/07/2026 13:45:49,200.90800,-0.05,0.00,4.90,0.25,0.25,4.90,0.00,0.00,1,Dragon Wave_AZ0,0.18,0.18hrs
16/07/2026 12:45:58,buy,0.01,NZDUSD,0.58491,16/07/2026 13:06:08,0.58520,-0.05,0.00,2.90,0.24,0.26,3.10,-0.02,0.00,1,Dragon Wave_CZ0,0.34,0.34hrs
16/07/2026 11:55:34,buy,0.01,EURUSD,1.14629,16/07/2026 12:49:17,1.14674,-0.05,0.00,4.50,0.40,0.40,4.50,-0.24,-1.90,1,Dragon Wave_CZ0,0.90,0.90hrs
16/07/2026 11:55:19,buy,0.01,EURUSD,1.14635,16/07/2026 12:46:49,1.14666,-0.05,0.00,3.10,0.26,0.26,3.10,-0.30,-2.50,1,Dragon Wave_BZ0,0.86,0.86hrs
14/07/2026 21:25:40,buy,0.01,EURGBP,0.85361,16/07/2026 12:46:16,0.84874,-0.05,-0.59,-48.70,-7.22,0.00,0.00,-11.10,-80.50,1,Dragon Wave_CZ0,39.34,1.64days
15/07/2026 14:50:30,buy,0.04,EURGBP,0.85156,16/07/2026 12:46:15,0.84874,-0.20,-1.78,-28.20,-17.22,0.00,0.00,-32.69,-60.00,1,Dragon Wave_CZ3,21.93,21.93hrs
15/07/2026 09:55:23,buy,0.03,EURGBP,0.85236,16/07/2026 12:46:15,0.84874,-0.15,-1.33,-36.20,-16.15,2.22,5.90,-27.76,-68.00,1,Dragon Wave_CZ2,26.85,1.12days
14/07/2026 22:50:27,buy,0.02,EURGBP,0.85311,16/07/2026 12:46:15,0.84874,-0.10,-1.18,-43.70,-13.09,0.00,0.00,-20.83,-75.50,1,Dragon Wave_CZ1,37.93,1.58days
15/07/2026 19:55:20,buy,0.18,EURGBP,0.84584,16/07/2026 12:46:14,0.84874,-0.90,-8.00,29.00,61.62,61.62,29.00,-7.72,-2.80,1,Dragon Wave_CZ6,16.85,16.85hrs
15/07/2026 17:55:29,buy,0.11,EURGBP,0.84844,16/07/2026 12:46:14,0.84874,-0.55,-4.89,3.00,-0.99,2.71,3.00,-43.43,-28.80,1,Dragon Wave_CZ5,18.85,18.85hrs
15/07/2026 16:50:38,buy,0.07,EURGBP,0.85064,16/07/2026 12:46:14,0.84874,-0.35,-3.11,-19.00,-21.43,0.00,0.00,-48.48,-50.80,1,Dragon Wave_CZ4,19.93,19.93hrs
16/07/2026 12:05:54,buy,0.01,EURAUD,1.63788,16/07/2026 12:46:03,1.63867,-0.05,0.00,7.90,0.50,0.50,7.90,-0.41,-5.20,1,Dragon Wave_CZ0,0.67,0.67hrs
16/07/2026 12:05:31,buy,0.01,EURAUD,1.63788,16/07/2026 12:45:40,1.63843,-0.05,0.00,5.50,0.34,0.34,5.50,-0.41,-5.20,1,Dragon Wave_BZ0,0.67,0.67hrs
16/07/2026 12:20:23,buy,0.01,GBPNZD,2.30880,16/07/2026 12:45:23,2.30979,-0.05,0.00,9.90,0.53,0.56,10.40,-0.42,-6.30,1,Dragon Wave_AZ0,0.42,0.42hrs
16/07/2026 12:35:11,buy,0.01,GBPCHF,1.09055,16/07/2026 12:40:28,1.09078,-0.05,0.00,2.30,0.24,0.24,2.30,-0.03,0.00,1,Dragon Wave_AZ0,0.09,0.09hrs
16/07/2026 12:35:21,buy,0.01,EURUSD,1.14611,16/07/2026 12:37:08,1.14636,-0.05,0.00,2.50,0.20,0.20,2.50,0.00,0.00,1,Dragon Wave_AZ0,0.03,0.03hrs
15/07/2026 13:35:32,buy,0.01,EURGBP,0.85252,16/07/2026 12:28:48,0.84835,-0.05,-0.44,-41.70,-6.13,0.00,0.00,-9.47,-69.60,1,Dragon Wave_AZ0,22.89,22.89hrs
15/07/2026 14:50:09,buy,0.03,EURGBP,0.85152,16/07/2026 12:28:47,0.84835,-0.15,-1.33,-31.70,-14.33,0.00,0.00,-24.35,-59.60,1,Dragon Wave_AZ2,21.64,21.64hrs
15/07/2026 13:55:10,buy,0.02,EURGBP,0.85216,16/07/2026 12:28:47,0.84835,-0.10,-0.89,-38.10,-11.29,0.00,0.00,-17.97,-66.00,1,Dragon Wave_AZ1,22.56,22.56hrs
15/07/2026 19:50:15,buy,0.18,EURGBP,0.84594,16/07/2026 12:28:46,0.84835,-0.90,-8.00,24.10,49.72,49.72,24.10,-10.16,-3.80,1,Dragon Wave_AZ6,16.64,16.64hrs
15/07/2026 17:55:06,buy,0.11,EURGBP,0.84826,16/07/2026 12:28:46,0.84835,-0.55,-4.89,0.90,-4.10,5.38,4.00,-40.75,-27.00,1,Dragon Wave_AZ5,18.56,18.56hrs
15/07/2026 17:40:10,buy,0.07,EURGBP,0.84978,16/07/2026 12:28:46,0.84835,-0.35,-3.11,-14.30,-16.98,0.00,0.00,-40.34,-42.20,1,Dragon Wave_AZ4,18.81,18.81hrs
15/07/2026 16:55:10,buy,0.04,EURGBP,0.85045,16/07/2026 12:28:46,0.84835,-0.20,-1.78,-21.00,-13.33,0.00,0.00,-26.68,-48.90,1,Dragon Wave_AZ3,19.56,19.56hrs
16/07/2026 11:55:39,buy,0.01,NZDUSD,0.58486,16/07/2026 12:14:28,0.58527,-0.05,0.00,4.10,0.36,0.36,4.10,-0.10,-0.50,1,Dragon Wave_BZ0,0.31,0.31hrs
16/07/2026 11:55:50,buy,0.01,NZDCAD,0.82130,16/07/2026 12:14:27,0.82188,-0.05,0.00,5.80,0.36,0.36,5.80,-0.07,-0.30,1,Dragon Wave_CZ0,0.31,0.31hrs
16/07/2026 11:45:31,buy,0.01,NZDCAD,0.82165,16/07/2026 12:08:58,0.82179,-0.05,0.00,1.40,0.05,0.05,1.40,-0.32,-3.80,1,Dragon Wave_BZ0,0.39,0.39hrs
16/07/2026 11:55:24,buy,0.01,NZDCAD,0.82132,16/07/2026 12:07:57,0.82169,-0.05,0.00,3.70,0.21,0.21,3.70,-0.09,-0.50,1,Dragon Wave_AZ0,0.21,0.21hrs
16/07/2026 11:01:26,buy,0.01,GBPNZD,2.31072,16/07/2026 11:55:29,2.31152,-0.05,0.00,8.00,0.42,0.45,8.60,-0.60,-9.40,1,Dragon Wave_CZ0,0.90,0.90hrs
15/07/2026 16:00:23,buy,0.02,CADCHF,0.57573,16/07/2026 11:53:29,0.57471,-0.10,0.13,-10.20,-2.50,0.00,0.00,-8.37,-33.80,1,Dragon Wave_BZ1,19.89,19.89hrs
15/07/2026 15:36:03,buy,0.01,CADCHF,0.57617,16/07/2026 11:53:29,0.57471,-0.05,0.07,-14.60,-1.79,0.00,0.00,-4.73,-38.20,1,Dragon Wave_BZ0,20.29,20.29hrs
15/07/2026 20:50:25,buy,0.04,CADCHF,0.57338,16/07/2026 11:53:28,0.57471,-0.20,0.27,13.30,6.66,6.66,13.30,-5.05,-10.30,1,Dragon Wave_BZ3,15.05,15.05hrs
15/07/2026 16:50:16,buy,0.03,CADCHF,0.57504,16/07/2026 11:53:28,0.57471,-0.15,0.20,-3.30,-1.18,0.00,0.00,-9.98,-26.90,1,Dragon Wave_BZ2,19.05,19.05hrs
15/07/2026 15:46:33,buy,0.01,USDCHF,0.80957,16/07/2026 11:51:01,0.80699,-0.05,0.20,-25.80,-3.05,0.00,0.00,-7.69,-61.40,1,Dragon Wave_CZ0,20.07,20.07hrs
15/07/2026 20:30:27,buy,0.03,USDCHF,0.80559,16/07/2026 11:51:00,0.80698,-0.15,0.60,13.90,5.62,5.62,13.90,-8.22,-21.60,1,Dragon Wave_CZ2,15.34,15.34hrs
15/07/2026 17:00:24,buy,0.02,USDCHF,0.80811,16/07/2026 11:51:00,0.80699,-0.10,0.40,-11.20,-2.48,0.96,4.30,-11.75,-46.80,1,Dragon Wave_CZ1,18.84,18.84hrs
15/07/2026 15:46:43,buy,0.02,CADCHF,0.57594,16/07/2026 11:50:59,0.57464,-0.10,0.13,-13.00,-3.19,0.00,0.00,-8.90,-35.90,1,Dragon Wave_CZ1,20.07,20.07hrs
15/07/2026 15:31:55,buy,0.01,CADCHF,0.57633,16/07/2026 11:50:59,0.57464,-0.05,0.07,-16.90,-2.07,0.00,0.00,-4.93,-39.80,1,Dragon Wave_CZ0,20.32,20.32hrs
15/07/2026 20:50:32,buy,0.07,CADCHF,0.57340,16/07/2026 11:50:58,0.57464,-0.35,0.47,12.40,10.88,10.88,12.40,-9.02,-10.50,1,Dragon Wave_CZ4,15.01,15.01hrs
15/07/2026 16:55:20,buy,0.04,CADCHF,0.57477,16/07/2026 11:50:58,0.57464,-0.20,0.27,-1.30,-0.58,0.74,1.90,-11.97,-24.20,1,Dragon Wave_CZ3,18.93,18.93hrs
15/07/2026 16:05:29,buy,0.03,CADCHF,0.57552,16/07/2026 11:50:58,0.57464,-0.15,0.20,-8.80,-3.23,0.00,0.10,-11.77,-31.70,1,Dragon Wave_CZ2,19.76,19.76hrs
16/07/2026 03:55:31,buy,0.04,AUDCHF,0.56341,16/07/2026 11:47:50,0.56463,-0.20,0.00,12.20,5.85,5.85,12.20,-2.24,-4.10,1,Dragon Wave_CZ3,7.87,7.87hrs
15/07/2026 18:05:27,buy,0.03,AUDCHF,0.56490,16/07/2026 11:47:50,0.56463,-0.15,0.40,-2.70,-0.76,0.00,0.00,-6.83,-19.00,1,Dragon Wave_CZ2,17.71,17.71hrs
15/07/2026 16:40:52,buy,0.02,AUDCHF,0.56552,16/07/2026 11:47:50,0.56463,-0.10,0.27,-8.90,-2.04,0.00,0.00,-6.09,-25.20,1,Dragon Wave_CZ1,19.12,19.12hrs
15/07/2026 16:05:45,buy,0.01,AUDCHF,0.56598,16/07/2026 11:47:50,0.56463,-0.05,0.13,-13.50,-1.59,0.00,0.00,-3.62,-29.80,1,Dragon Wave_CZ0,19.70,19.70hrs
16/07/2026 11:05:35,buy,0.01,GBPNZD,2.30948,16/07/2026 11:45:51,2.31138,-0.05,0.00,19.00,1.06,1.06,19.00,0.00,0.00,1,Dragon Wave_BZ0,0.67,0.67hrs
16/07/2026 08:35:22,buy,0.01,AUDNZD,1.19574,16/07/2026 11:45:43,1.19592,-0.05,0.00,1.80,0.05,0.05,1.80,-0.61,-9.50,1,Dragon Wave_AZ0,3.17,3.17hrs
16/07/2026 11:20:38,buy,0.01,EURJPY,185.84400,16/07/2026 11:40:59,185.91900,-0.05,0.00,7.50,0.41,0.41,7.50,-0.01,0.00,1,Dragon Wave_CZ0,0.34,0.34hrs
16/07/2026 11:21:02,buy,0.01,EURCAD,1.61000,16/07/2026 11:40:23,1.61055,-0.05,0.00,5.50,0.34,0.34,5.50,-0.09,-0.60,1,Dragon Wave_CZ0,0.32,0.32hrs
16/07/2026 11:16:02,buy,0.01,EURUSD,1.14635,16/07/2026 11:35:51,1.14672,-0.05,0.00,3.70,0.32,0.37,4.20,-0.04,0.00,1,Dragon Wave_CZ0,0.33,0.33hrs
16/07/2026 11:15:33,buy,0.01,AUDCAD,0.98239,16/07/2026 11:35:47,0.98270,-0.05,0.00,3.10,0.17,0.17,3.10,-0.12,-1.00,1,Dragon Wave_BZ0,0.34,0.34hrs
16/07/2026 11:15:15,buy,0.01,AUDCAD,0.98231,16/07/2026 11:35:40,0.98275,-0.05,0.00,4.40,0.26,0.26,4.40,-0.06,-0.20,1,Dragon Wave_AZ0,0.34,0.34hrs
16/07/2026 11:15:54,buy,0.01,EURUSD,1.14641,16/07/2026 11:33:37,1.14679,-0.05,0.00,3.80,0.33,0.33,3.80,-0.10,-0.50,1,Dragon Wave_BZ0,0.30,0.30hrs
16/07/2026 11:05:18,buy,0.01,GBPCAD,1.89967,16/07/2026 11:32:35,1.89980,-0.05,0.00,1.30,0.04,0.04,1.30,-0.61,-7.90,1,Dragon Wave_AZ0,0.45,0.45hrs
16/07/2026 11:25:24,buy,0.02,GBPJPY,219.21500,16/07/2026 11:32:34,219.29700,-0.10,0.00,8.20,0.91,0.91,8.20,0.00,0.00,1,Dragon Wave_BZ1,0.12,0.12hrs
16/07/2026 11:25:19,buy,0.02,GBPCAD,1.89892,16/07/2026 11:32:34,1.89980,-0.10,0.00,8.80,1.16,1.16,8.80,0.00,0.00,1,Dragon Wave_AZ1,0.12,0.12hrs
16/07/2026 10:15:55,buy,0.01,GBPJPY,219.35300,16/07/2026 11:32:34,219.29700,-0.05,0.00,-5.60,-0.40,0.07,1.90,-0.89,-13.60,1,Dragon Wave_BZ0,1.28,1.28hrs
16/07/2026 11:10:16,buy,0.01,EURUSD,1.14661,16/07/2026 11:32:05,1.14676,-0.05,0.00,1.50,0.10,0.10,1.50,-0.30,-2.50,1,Dragon Wave_AZ0,0.36,0.36hrs
16/07/2026 11:05:01,buy,0.02,GBPAUD,1.93289,16/07/2026 11:31:45,1.93316,-0.10,0.00,2.70,0.27,0.63,5.20,-0.62,-3.70,1,Dragon Wave_AZ1,0.45,0.45hrs
16/07/2026 11:00:29,buy,0.01,GBPAUD,1.93363,16/07/2026 11:31:45,1.93346,-0.05,0.00,-1.70,-0.17,0.00,0.00,-0.83,-11.10,1,Dragon Wave_AZ0,0.52,0.52hrs
16/07/2026 11:20:36,buy,0.01,EURCAD,1.61005,16/07/2026 11:29:25,1.61036,-0.05,0.00,3.10,0.17,0.17,3.10,-0.13,-1.10,1,Dragon Wave_BZ0,0.15,0.15hrs
16/07/2026 11:15:17,buy,0.01,NZDCAD,0.82177,16/07/2026 11:26:47,0.82216,-0.05,0.00,3.90,0.23,0.23,3.90,-0.05,0.00,1,Dragon Wave_AZ0,0.19,0.19hrs
16/07/2026 11:06:04,buy,0.01,XAGUSD,56.78700,16/07/2026 11:22:54,56.87300,-0.10,0.00,860.00,4.20,4.20,860.00,-9.80,-1940.00,1,Dragon Wave_CZ0,0.28,0.28hrs
16/07/2026 11:15:34,buy,0.01,AUDUSD,0.69948,16/07/2026 11:22:02,0.69970,-0.05,0.00,2.20,0.17,0.17,2.20,-0.10,-0.50,1,Dragon Wave_AZ0,0.11,0.11hrs
16/07/2026 11:05:02,buy,0.01,GBPNZD,2.30965,16/07/2026 11:14:38,2.31061,-0.05,0.00,9.60,0.51,0.51,9.60,0.00,0.00,1,Dragon Wave_AZ0,0.16,0.16hrs
16/07/2026 11:05:39,buy,0.01,EURNZD,1.95803,16/07/2026 11:14:16,1.95910,-0.05,0.00,10.70,0.58,0.58,10.70,-0.05,0.00,1,Dragon Wave_CZ0,0.14,0.14hrs
15/07/2026 15:46:12,buy,0.01,CADCHF,0.57603,16/07/2026 11:11:53,0.57444,-0.05,0.07,-15.90,-1.95,0.00,0.00,-4.56,-36.80,1,Dragon Wave_AZ0,19.43,19.43hrs
15/07/2026 21:00:01,buy,0.04,CADCHF,0.57322,16/07/2026 11:11:52,0.57444,-0.20,0.27,12.20,6.12,6.12,12.20,-4.26,-8.70,1,Dragon Wave_AZ3,14.20,14.20hrs
15/07/2026 17:00:05,buy,0.03,CADCHF,0.57462,16/07/2026 11:11:52,0.57444,-0.15,0.20,-1.80,-0.61,1.11,3.40,-8.42,-22.70,1,Dragon Wave_AZ2,18.20,18.20hrs
15/07/2026 16:05:10,buy,0.02,CADCHF,0.57559,16/07/2026 11:11:52,0.57444,-0.10,0.13,-11.50,-2.82,0.00,0.10,-8.03,-32.40,1,Dragon Wave_AZ1,19.11,19.11hrs
16/07/2026 10:15:14,buy,0.01,CADJPY,115.41000,16/07/2026 11:05:57,115.42800,-0.05,0.00,1.80,0.06,0.06,1.80,-0.20,-2.50,1,Dragon Wave_BZ0,0.85,0.85hrs
16/07/2026 10:20:23,buy,0.02,USDJPY,162.01400,16/07/2026 11:05:54,162.10700,-0.10,0.00,9.30,1.05,1.05,9.30,-0.30,-1.60,1,Dragon Wave_CZ1,0.76,0.76hrs
16/07/2026 10:05:55,buy,0.01,USDJPY,162.08100,16/07/2026 11:05:54,162.10700,-0.05,0.00,2.60,0.11,0.11,2.60,-0.56,-8.30,1,Dragon Wave_CZ0,1.00,1.00hrs
16/07/2026 10:20:49,buy,0.01,XAGUSD,56.96600,16/07/2026 11:02:47,56.99800,-0.10,0.00,320.00,1.50,1.50,320.00,-10.20,-2020.00,1,Dragon Wave_CZ0,0.70,0.70hrs
16/07/2026 10:20:29,buy,0.01,XAGUSD,56.95200,16/07/2026 11:02:46,56.98700,-0.10,0.00,350.00,1.65,1.65,350.00,-9.50,-1880.00,1,Dragon Wave_BZ0,0.70,0.70hrs
16/07/2026 10:15:20,buy,0.01,AUDJPY,113.39500,16/07/2026 10:58:43,113.43900,-0.05,0.00,4.40,0.22,0.22,4.40,-0.01,0.00,1,Dragon Wave_BZ0,0.72,0.72hrs
16/07/2026 10:20:19,buy,0.01,GBPJPY,219.32700,16/07/2026 10:54:23,219.36900,-0.05,0.00,4.20,0.21,0.23,4.50,-0.06,-0.20,1,Dragon Wave_AZ0,0.57,0.57hrs
16/07/2026 08:40:44,buy,0.01,AUDNZD,1.19549,16/07/2026 10:41:00,1.19568,-0.05,0.00,1.90,0.06,0.06,1.90,-0.33,-4.70,1,Dragon Wave_CZ0,2.00,2.00hrs
16/07/2026 10:10:15,buy,0.01,AUDJPY,113.41300,16/07/2026 10:40:58,113.43000,-0.05,0.00,1.70,0.05,0.05,1.70,-0.09,-0.60,1,Dragon Wave_AZ0,0.51,0.51hrs
16/07/2026 10:16:02,buy,0.01,XAUUSD,4025.03000,16/07/2026 10:40:52,4027.69000,-0.14,0.00,26.60,2.52,2.52,26.60,-1.63,-14.90,1,Dragon Wave_CZ0,0.41,0.41hrs
16/07/2026 10:20:17,buy,0.02,USDJPY,162.01300,16/07/2026 10:40:42,162.09600,-0.10,0.00,8.30,0.92,0.92,8.30,-0.29,-1.50,1,Dragon Wave_BZ1,0.34,0.34hrs
16/07/2026 10:05:44,buy,0.01,USDJPY,162.07900,16/07/2026 10:40:42,162.09600,-0.05,0.00,1.70,0.05,0.05,1.70,-0.55,-8.10,1,Dragon Wave_BZ0,0.58,0.58hrs
16/07/2026 10:05:25,buy,0.01,USDJPY,162.08200,16/07/2026 10:40:37,162.09400,-0.05,0.00,1.20,0.02,0.02,1.20,-0.57,-8.40,1,Dragon Wave_AZ0,0.59,0.59hrs
16/07/2026 10:15:53,buy,0.01,XAUUSD,4025.68000,16/07/2026 10:40:33,4026.92000,-0.14,0.00,12.40,1.10,1.10,12.40,-2.28,-21.40,1,Dragon Wave_BZ0,0.41,0.41hrs
16/07/2026 09:55:33,buy,0.01,EURNZD,1.95874,16/07/2026 10:35:21,1.95927,-0.05,0.00,5.30,0.26,0.26,5.30,-0.37,-5.50,1,Dragon Wave_BZ0,0.66,0.66hrs
16/07/2026 10:10:38,buy,0.01,EURJPY,185.84500,16/07/2026 10:30:49,185.90500,-0.05,0.00,6.00,0.32,0.32,6.00,0.00,0.00,1,Dragon Wave_CZ0,0.34,0.34hrs
16/07/2026 10:10:20,buy,0.01,EURJPY,185.84700,16/07/2026 10:29:59,185.91500,-0.05,0.00,6.80,0.37,0.37,6.80,-0.08,-0.40,1,Dragon Wave_BZ0,0.33,0.33hrs
16/07/2026 10:20:39,buy,0.01,USDCHF,0.80567,16/07/2026 10:29:40,0.80593,-0.05,0.00,2.60,0.27,0.27,2.60,-0.15,-0.80,1,Dragon Wave_BZ0,0.15,0.15hrs
16/07/2026 09:55:39,buy,0.01,USDCAD,1.40430,16/07/2026 10:28:52,1.40455,-0.05,0.00,2.50,0.13,0.13,2.50,-0.21,-2.30,1,Dragon Wave_BZ0,0.55,0.55hrs
16/07/2026 09:55:22,buy,0.01,USDCAD,1.40436,16/07/2026 10:28:17,1.40449,-0.05,0.00,1.30,0.04,0.04,1.30,-0.26,-2.90,1,Dragon Wave_AZ0,0.55,0.55hrs
16/07/2026 10:10:06,buy,0.01,EURJPY,185.84900,16/07/2026 10:19:49,185.89600,-0.05,0.00,4.70,0.24,0.24,4.70,-0.09,-0.60,1,Dragon Wave_AZ0,0.16,0.16hrs
16/07/2026 08:40:25,buy,0.01,AUDNZD,1.19537,16/07/2026 10:10:50,1.19549,-0.05,0.00,1.20,0.02,0.08,2.20,-0.25,-3.50,1,Dragon Wave_BZ0,1.51,1.51hrs
16/07/2026 10:00:33,buy,0.01,EURNZD,1.95834,16/07/2026 10:07:55,1.95921,-0.05,0.00,8.70,0.46,0.46,8.70,-0.06,-0.20,1,Dragon Wave_AZ0,0.12,0.12hrs
16/07/2026 09:36:00,buy,0.01,XAUUSD,4026.48000,16/07/2026 09:54:57,4030.34000,-0.14,0.00,38.60,3.72,3.72,38.60,-0.02,0.00,1,Dragon Wave_CZ0,0.32,0.32hrs
16/07/2026 09:40:07,buy,0.01,XAGUSD,56.97400,16/07/2026 09:53:53,57.12300,-0.10,0.00,1490.00,7.35,7.35,1490.00,-0.30,-40.00,1,Dragon Wave_AZ0,0.23,0.23hrs
16/07/2026 09:40:20,buy,0.01,XAGUSD,56.96400,16/07/2026 09:53:46,57.11100,-0.10,0.00,1470.00,7.25,7.25,1470.00,0.00,0.00,1,Dragon Wave_BZ0,0.22,0.22hrs
16/07/2026 09:35:20,buy,0.01,XAUUSD,4024.98000,16/07/2026 09:48:37,4028.97000,-0.14,0.00,39.90,3.85,3.85,39.90,0.00,0.00,1,Dragon Wave_AZ0,0.22,0.22hrs
16/07/2026 08:40:45,buy,0.01,AUDUSD,0.69957,16/07/2026 09:25:44,0.69974,-0.05,0.00,1.70,0.12,0.12,1.70,-0.18,-1.30,1,Dragon Wave_BZ0,0.75,0.75hrs
16/07/2026 08:50:24,buy,0.01,EURUSD,1.14639,16/07/2026 09:00:44,1.14658,-0.05,0.00,1.90,0.14,0.14,1.90,-0.01,0.00,1,Dragon Wave_BZ0,0.17,0.17hrs
16/07/2026 08:40:45,buy,0.01,XAUUSD,4027.30000,16/07/2026 08:42:21,4030.12000,-0.14,0.00,28.20,2.68,2.68,28.20,0.00,0.00,1,Dragon Wave_BZ0,0.03,0.03hrs
16/07/2026 08:40:21,buy,0.01,XAGUSD,56.97200,16/07/2026 08:41:51,57.04500,-0.10,0.00,730.00,3.55,3.55,730.00,0.00,0.00,1,Dragon Wave_AZ0,0.03,0.03hrs
16/07/2026 08:35:32,buy,0.01,XAGUSD,56.99000,16/07/2026 08:36:55,57.05700,-0.10,0.00,670.00,3.25,3.25,670.00,0.00,0.00,1,Dragon Wave_BZ0,0.02,0.02hrs
16/07/2026 08:35:20,buy,0.01,XAUUSD,4028.38000,16/07/2026 08:36:55,4030.41000,-0.15,0.00,20.30,1.88,1.88,20.30,0.00,0.00,1,Dragon Wave_BZ0,0.03,0.03hrs
16/07/2026 08:20:32,buy,0.01,XAUUSD,4029.04000,16/07/2026 08:32:50,4030.27000,-0.15,0.00,12.30,1.08,1.08,12.30,-1.87,-17.20,1,Dragon Wave_BZ0,0.20,0.20hrs
16/07/2026 08:20:16,buy,0.01,XAUUSD,4029.63000,16/07/2026 08:32:46,4030.11000,-0.15,0.00,4.80,0.33,0.33,4.80,-2.46,-23.10,1,Dragon Wave_AZ0,0.21,0.21hrs
16/07/2026 08:10:17,buy,0.01,XAUUSD,4030.89000,16/07/2026 08:15:15,4032.29000,-0.15,0.00,14.00,1.25,1.25,14.00,0.00,0.00,1,Dragon Wave_AZ0,0.08,0.08hrs
15/07/2026 15:51:28,buy,0.01,AUDCHF,0.56601,16/07/2026 07:30:37,0.56449,-0.05,0.13,-15.20,-1.80,0.00,0.00,-3.66,-30.10,1,Dragon Wave_BZ0,15.65,15.65hrs
16/07/2026 03:55:23,buy,0.04,AUDCHF,0.56341,16/07/2026 07:30:36,0.56449,-0.20,0.00,10.80,5.15,5.15,10.80,-2.24,-4.10,1,Dragon Wave_BZ3,3.59,3.59hrs
15/07/2026 18:20:11,buy,0.03,AUDCHF,0.56469,16/07/2026 07:30:36,0.56449,-0.15,0.40,-2.00,-0.49,0.00,0.20,-6.05,-16.90,1,Dragon Wave_BZ2,13.17,13.17hrs
15/07/2026 16:40:43,buy,0.02,AUDCHF,0.56550,16/07/2026 07:30:36,0.56449,-0.10,0.27,-10.10,-2.33,0.00,0.00,-6.04,-25.00,1,Dragon Wave_BZ1,14.83,14.83hrs
15/07/2026 15:51:11,buy,0.01,AUDCHF,0.56599,16/07/2026 07:00:52,0.56415,-0.05,0.13,-18.40,-2.21,0.00,0.00,-3.63,-29.90,1,Dragon Wave_AZ0,15.16,15.16hrs
16/07/2026 03:40:24,buy,0.04,AUDCHF,0.56364,16/07/2026 07:00:51,0.56414,-0.20,0.00,5.00,2.28,2.28,5.00,-3.38,-6.40,1,Dragon Wave_AZ3,3.34,3.34hrs
15/07/2026 18:25:03,buy,0.03,AUDCHF,0.56452,16/07/2026 07:00:51,0.56414,-0.15,0.40,-3.80,-1.16,0.63,2.10,-5.41,-15.20,1,Dragon Wave_AZ2,12.60,12.60hrs
15/07/2026 16:40:19,buy,0.02,AUDCHF,0.56555,16/07/2026 07:00:51,0.56414,-0.10,0.27,-14.10,-3.33,0.00,0.00,-6.16,-25.50,1,Dragon Wave_AZ1,14.34,14.34hrs
16/07/2026 04:05:11,buy,0.07,AUDCHF,0.56319,16/07/2026 07:00:50,0.56400,-0.35,0.00,8.10,6.69,6.69,8.10,-2.00,-1.90,1,Dragon Wave_AZ4,2.93,2.93hrs
15/07/2026 15:46:17,buy,0.02,USDCHF,0.80957,16/07/2026 05:51:10,0.80639,-0.10,0.40,-31.80,-7.59,0.00,0.00,-15.38,-61.40,1,Dragon Wave_BZ1,14.08,14.08hrs
15/07/2026 15:30:17,buy,0.01,USDCHF,0.81053,16/07/2026 05:51:10,0.80639,-0.05,0.20,-41.40,-4.98,0.00,0.00,-8.89,-71.00,1,Dragon Wave_BZ0,14.35,14.35hrs
15/07/2026 20:50:16,buy,0.07,USDCHF,0.80459,16/07/2026 05:51:09,0.80639,-0.35,1.41,18.00,16.69,16.69,18.00,-10.46,-11.60,1,Dragon Wave_BZ4,9.01,9.01hrs
15/07/2026 20:30:13,buy,0.04,USDCHF,0.80564,16/07/2026 05:51:09,0.80639,-0.20,0.80,7.50,4.32,4.32,7.50,-11.20,-22.10,1,Dragon Wave_BZ3,9.35,9.35hrs
15/07/2026 16:55:16,buy,0.03,USDCHF,0.80852,16/07/2026 05:51:09,0.80639,-0.15,0.60,-21.30,-7.47,0.00,0.20,-19.16,-50.90,1,Dragon Wave_BZ2,12.93,12.93hrs
15/07/2026 15:55:16,buy,0.02,USDCHF,0.80930,16/07/2026 05:40:04,0.80620,-0.10,0.40,-31.00,-7.39,0.00,0.00,-14.71,-58.70,1,Dragon Wave_AZ1,13.75,13.75hrs
15/07/2026 15:36:01,buy,0.01,USDCHF,0.81027,16/07/2026 05:40:04,0.80620,-0.05,0.20,-40.70,-4.90,0.00,0.00,-8.56,-68.40,1,Dragon Wave_AZ0,14.07,14.07hrs
15/07/2026 20:50:05,buy,0.07,USDCHF,0.80459,16/07/2026 05:40:03,0.80621,-0.35,1.41,16.20,15.13,15.13,16.20,-10.46,-11.60,1,Dragon Wave_AZ4,8.83,8.83hrs
15/07/2026 20:30:02,buy,0.04,USDCHF,0.80584,16/07/2026 05:40:03,0.80621,-0.20,0.80,3.70,2.44,2.44,3.70,-12.20,-24.10,1,Dragon Wave_AZ3,9.17,9.17hrs
15/07/2026 17:50:06,buy,0.03,USDCHF,0.80731,16/07/2026 05:40:03,0.80621,-0.15,0.60,-11.00,-3.64,0.00,0.00,-14.64,-38.80,1,Dragon Wave_AZ2,11.83,11.83hrs
15/07/2026 15:51:09,buy,0.02,EURCHF,0.92483,16/07/2026 05:05:54,0.92387,-0.10,0.21,-9.60,-2.27,0.00,0.00,-6.37,-25.20,1,Dragon Wave_AZ1,13.25,13.25hrs
15/07/2026 15:35:06,buy,0.01,EURCHF,0.92526,16/07/2026 05:05:54,0.92387,-0.05,0.10,-13.90,-1.67,0.00,0.00,-3.72,-29.50,1,Dragon Wave_AZ0,13.51,13.51hrs
15/07/2026 18:15:01,buy,0.04,EURCHF,0.92312,16/07/2026 05:05:53,0.92387,-0.20,0.42,7.50,3.95,3.95,7.50,-4.23,-8.10,1,Dragon Wave_AZ3,10.85,10.85hrs
15/07/2026 17:30:10,buy,0.03,EURCHF,0.92388,16/07/2026 05:05:53,0.92387,-0.15,0.31,-0.10,0.12,0.22,1.00,-6.01,-15.70,1,Dragon Wave_AZ2,11.60,11.60hrs
15/07/2026 16:40:33,buy,0.03,EURCHF,0.92405,16/07/2026 05:00:42,0.92380,-0.15,0.31,-2.50,-0.77,0.59,2.00,-6.65,-17.40,1,Dragon Wave_CZ2,12.34,12.34hrs
15/07/2026 15:55:19,buy,0.02,EURCHF,0.92475,16/07/2026 05:00:42,0.92380,-0.10,0.21,-9.50,-2.25,0.00,0.00,-6.17,-24.40,1,Dragon Wave_CZ1,13.09,13.09hrs
15/07/2026 15:36:56,buy,0.01,EURCHF,0.92523,16/07/2026 05:00:42,0.92380,-0.05,0.10,-14.30,-1.73,0.00,0.00,-3.68,-29.20,1,Dragon Wave_CZ0,13.40,13.40hrs
15/07/2026 18:25:34,buy,0.04,EURCHF,0.92264,16/07/2026 05:00:41,0.92380,-0.20,0.42,11.60,5.98,5.98,11.60,-1.84,-3.30,1,Dragon Wave_CZ3,10.59,10.59hrs
15/07/2026 16:55:28,buy,0.03,EURCHF,0.92397,16/07/2026 04:15:51,0.92358,-0.15,0.31,-3.90,-1.30,0.89,2.80,-6.35,-16.60,1,Dragon Wave_BZ2,11.34,11.34hrs
15/07/2026 15:51:32,buy,0.02,EURCHF,0.92484,16/07/2026 04:15:51,0.92357,-0.10,0.21,-12.70,-3.04,0.00,0.00,-6.40,-25.30,1,Dragon Wave_BZ1,12.41,12.41hrs
15/07/2026 15:36:27,buy,0.01,EURCHF,0.92525,16/07/2026 04:15:51,0.92357,-0.05,0.10,-16.80,-2.04,0.00,0.00,-3.71,-29.40,1,Dragon Wave_BZ0,12.66,12.66hrs
15/07/2026 18:50:22,buy,0.04,EURCHF,0.92224,16/07/2026 04:15:50,0.92358,-0.20,0.42,13.40,6.88,6.88,13.40,0.00,0.00,1,Dragon Wave_BZ3,9.42,9.42hrs
15/07/2026 17:30:30,buy,0.01,AUDNZD,1.19900,16/07/2026 02:28:40,1.19846,-0.05,0.02,-5.40,-0.34,0.06,1.80,-1.35,-22.50,1,Dragon Wave_CZ0,8.97,8.97hrs
15/07/2026 20:00:40,buy,0.02,AUDNZD,1.19788,16/07/2026 02:28:39,1.19846,-0.10,0.04,5.80,0.61,0.61,5.80,-1.38,-11.30,1,Dragon Wave_CZ1,6.47,6.47hrs
15/07/2026 17:20:22,buy,0.02,AUDNZD,1.19906,16/07/2026 02:28:39,1.19846,-0.10,0.04,-6.00,-0.76,0.04,1.20,-2.76,-23.10,1,Dragon Wave_AZ1,9.14,9.14hrs
15/07/2026 15:45:36,buy,0.01,AUDNZD,1.19993,16/07/2026 02:28:39,1.19846,-0.05,0.02,-14.70,-0.89,0.00,0.00,-1.89,-31.80,1,Dragon Wave_AZ0,10.72,10.72hrs
15/07/2026 20:40:01,buy,0.04,AUDNZD,1.19761,16/07/2026 02:28:38,1.19846,-0.20,0.09,8.50,1.88,1.88,8.50,-2.12,-8.60,1,Dragon Wave_AZ3,5.81,5.81hrs
15/07/2026 19:20:09,buy,0.03,AUDNZD,1.19833,16/07/2026 02:28:38,1.19846,-0.15,0.07,1.30,0.15,0.15,1.30,-2.85,-15.80,1,Dragon Wave_AZ2,7.14,7.14hrs
15/07/2026 20:50:22,buy,0.03,USDJPY,161.98700,15/07/2026 22:31:12,162.13000,-0.15,0.00,14.30,2.50,2.50,14.30,-1.76,-8.70,1,Dragon Wave_CZ2,1.68,1.68hrs
15/07/2026 16:00:23,buy,0.02,USDJPY,162.18600,15/07/2026 22:31:12,162.12800,-0.10,0.00,-5.80,-0.82,0.54,5.20,-3.63,-28.60,1,Dragon Wave_CZ1,6.51,6.51hrs
15/07/2026 15:37:04,buy,0.01,USDJPY,162.29900,15/07/2026 22:31:12,162.12800,-0.05,0.00,-17.10,-1.10,0.00,0.00,-2.51,-39.90,1,Dragon Wave_CZ0,6.90,6.90hrs
15/07/2026 15:46:20,buy,0.02,USDJPY,162.24200,15/07/2026 22:31:11,162.13100,-0.10,0.00,-11.10,-1.47,0.00,0.00,-4.32,-34.20,1,Dragon Wave_BZ1,6.75,6.75hrs
15/07/2026 15:30:21,buy,0.01,USDJPY,162.31700,15/07/2026 22:31:11,162.13100,-0.05,0.00,-18.60,-1.20,0.00,0.00,-2.63,-41.70,1,Dragon Wave_BZ0,7.01,7.01hrs
15/07/2026 20:50:12,buy,0.04,USDJPY,161.96800,15/07/2026 22:31:10,162.13100,-0.20,0.00,16.30,3.82,3.82,16.30,-1.88,-6.80,1,Dragon Wave_BZ3,1.68,1.68hrs
15/07/2026 18:00:22,buy,0.03,USDJPY,162.14100,15/07/2026 22:31:10,162.13100,-0.15,0.00,-1.00,-0.34,0.44,3.20,-4.62,-24.10,1,Dragon Wave_BZ2,4.51,4.51hrs
15/07/2026 15:30:15,buy,0.01,USDJPY,162.30300,15/07/2026 22:18:43,162.06400,-0.05,0.00,-23.90,-1.52,0.00,0.00,-2.54,-40.30,1,Dragon Wave_AZ0,6.81,6.81hrs
15/07/2026 20:45:24,buy,0.04,USDJPY,162.05200,15/07/2026 22:18:42,162.06400,-0.20,0.00,1.20,0.10,0.10,1.20,-3.96,-15.20,1,Dragon Wave_AZ3,1.55,1.55hrs
15/07/2026 18:00:13,buy,0.03,USDJPY,162.13600,15/07/2026 22:18:42,162.06400,-0.15,0.00,-7.20,-1.48,0.53,3.70,-4.52,-23.60,1,Dragon Wave_AZ2,4.31,4.31hrs
15/07/2026 15:46:11,buy,0.02,USDJPY,162.24500,15/07/2026 22:18:42,162.06400,-0.10,0.00,-18.10,-2.33,0.00,0.00,-4.36,-34.50,1,Dragon Wave_AZ1,6.54,6.54hrs
15/07/2026 21:40:12,buy,0.07,USDJPY,161.91200,15/07/2026 22:18:41,162.06400,-0.35,0.00,15.20,6.22,6.22,15.20,0.00,0.00,1,Dragon Wave_AZ4,0.64,0.64hrs
14/07/2026 17:00:27,buy,0.01,EURAUD,1.64035,15/07/2026 22:18:30,1.63665,-0.05,-0.09,-37.00,-2.73,0.00,0.00,-5.06,-70.20,1,Dragon Wave_CZ0,29.30,1.22days
15/07/2026 10:01:02,buy,0.02,EURAUD,1.63620,15/07/2026 22:18:29,1.63641,-0.10,0.00,2.10,0.20,0.36,3.30,-4.12,-28.70,1,Dragon Wave_CZ1,12.29,12.29hrs
15/07/2026 10:55:32,buy,0.03,EURAUD,1.63503,15/07/2026 22:18:28,1.63665,-0.15,0.00,16.20,3.26,3.26,16.20,-3.72,-17.00,1,Dragon Wave_CZ2,11.38,11.38hrs
15/07/2026 21:45:15,buy,0.01,NZDCHF,0.47086,15/07/2026 22:03:51,0.47095,-0.05,0.00,0.90,0.06,0.09,1.10,-0.09,-0.30,1,Dragon Wave_AZ0,0.31,0.31hrs
15/07/2026 22:00:30,buy,0.01,NZDCHF,0.47069,15/07/2026 22:03:20,0.47091,-0.05,0.00,2.20,0.23,0.23,2.20,0.00,0.00,1,Dragon Wave_CZ0,0.05,0.05hrs
15/07/2026 22:00:21,buy,0.01,NZDCHF,0.47070,15/07/2026 22:03:17,0.47090,-0.05,0.00,2.00,0.20,0.20,2.00,0.00,0.00,1,Dragon Wave_BZ0,0.05,0.05hrs
15/07/2026 20:05:14,buy,0.01,USDCAD,1.40461,15/07/2026 21:58:50,1.40420,-0.05,0.00,-4.10,-0.34,0.00,0.00,-1.50,-20.40,1,Dragon Wave_AZ0,1.89,1.89hrs
15/07/2026 20:35:23,buy,0.02,USDCAD,1.40380,15/07/2026 21:58:49,1.40419,-0.10,0.00,3.90,0.46,0.46,3.90,-1.85,-12.30,1,Dragon Wave_AZ1,1.39,1.39hrs
15/07/2026 20:45:17,buy,0.02,USDCAD,1.40338,15/07/2026 21:50:36,1.40377,-0.10,0.00,3.90,0.46,0.46,3.90,-1.26,-8.10,1,Dragon Wave_BZ1,1.09,1.09hrs
15/07/2026 20:10:36,buy,0.01,USDCAD,1.40434,15/07/2026 21:50:36,1.40376,-0.05,0.00,-5.80,-0.46,0.00,0.00,-1.31,-17.70,1,Dragon Wave_BZ0,1.67,1.67hrs
15/07/2026 21:05:03,buy,0.01,CADJPY,115.39500,15/07/2026 21:31:04,115.43400,-0.05,0.00,3.90,0.19,0.19,3.90,-0.09,-0.70,1,Dragon Wave_AZ0,0.43,0.43hrs
15/07/2026 16:15:35,buy,0.01,NZDCHF,0.47157,15/07/2026 20:39:06,0.47135,-0.05,0.00,-2.20,-0.33,0.00,0.30,-1.03,-7.90,1,Dragon Wave_CZ0,4.39,4.39hrs
15/07/2026 16:55:35,buy,0.02,NZDCHF,0.47110,15/07/2026 20:39:05,0.47136,-0.10,0.00,2.60,0.54,1.01,4.50,-0.89,-3.20,1,Dragon Wave_CZ1,3.73,3.73hrs
15/07/2026 19:35:39,buy,0.02,XAGUSD,56.83200,15/07/2026 20:29:41,57.30300,-0.20,0.00,4710.00,46.90,46.90,4710.00,-12.80,-1260.00,1,Dragon Wave_CZ1,0.90,0.90hrs
15/07/2026 18:15:12,buy,0.01,XAGUSD,57.58600,15/07/2026 20:29:41,57.30300,-0.10,0.00,-2830.00,-14.25,8.30,1680.00,-44.10,-8800.00,1,Dragon Wave_CZ0,2.24,2.24hrs
15/07/2026 19:11:24,buy,0.01,XAUUSD,4039.54000,15/07/2026 20:29:03,4042.26000,-0.15,0.00,27.20,2.57,2.57,27.20,-10.61,-104.60,1,Dragon Wave_CZ0,1.29,1.29hrs
15/07/2026 19:35:19,buy,0.01,AUDCAD,0.98264,15/07/2026 20:25:59,0.98313,-0.05,0.00,4.90,0.30,0.30,4.90,-0.19,-1.90,1,Dragon Wave_CZ0,0.84,0.84hrs
15/07/2026 19:10:54,buy,0.01,AUDCAD,0.98285,15/07/2026 20:24:41,0.98301,-0.05,0.00,1.60,0.06,0.06,1.60,-0.33,-4.00,1,Dragon Wave_BZ0,1.23,1.23hrs
15/07/2026 18:15:09,buy,0.01,XAGUSD,57.59200,15/07/2026 20:24:08,57.13200,-0.10,0.00,-4600.00,-23.10,8.00,1620.00,-44.40,-8860.00,1,Dragon Wave_BZ0,2.15,2.15hrs
15/07/2026 19:35:27,buy,0.02,XAGUSD,56.70900,15/07/2026 20:24:07,57.12200,-0.20,0.00,4130.00,41.10,41.10,4130.00,-0.50,-30.00,1,Dragon Wave_BZ1,0.81,0.81hrs
15/07/2026 19:10:34,buy,0.01,AUDCAD,0.98283,15/07/2026 20:22:37,0.98295,-0.05,0.00,1.20,0.04,0.04,1.20,-0.32,-3.80,1,Dragon Wave_AZ0,1.20,1.20hrs
15/07/2026 19:35:12,buy,0.02,XAGUSD,56.79200,15/07/2026 20:22:11,57.07600,-0.20,0.00,2840.00,28.20,28.20,2840.00,-8.80,-860.00,1,Dragon Wave_AZ1,0.78,0.78hrs
15/07/2026 18:15:06,buy,0.01,XAGUSD,57.60000,15/07/2026 20:22:11,57.06800,-0.10,0.00,-5320.00,-26.70,7.60,1540.00,-44.80,-8940.00,1,Dragon Wave_AZ0,2.12,2.12hrs
15/07/2026 19:35:21,buy,0.01,AUDJPY,113.37700,15/07/2026 20:13:04,113.45900,-0.05,0.00,8.20,0.46,0.46,8.20,-0.08,-0.50,1,Dragon Wave_CZ0,0.63,0.63hrs
15/07/2026 19:20:44,buy,0.01,AUDJPY,113.41800,15/07/2026 20:05:47,113.43600,-0.05,0.00,1.80,0.06,0.06,1.80,-0.33,-4.60,1,Dragon Wave_BZ0,0.75,0.75hrs
15/07/2026 19:20:27,buy,0.01,AUDJPY,113.42400,15/07/2026 20:01:24,113.43600,-0.05,0.00,1.20,0.02,0.02,1.20,-0.37,-5.20,1,Dragon Wave_AZ0,0.68,0.68hrs
15/07/2026 19:35:58,buy,0.01,AUDUSD,0.69925,15/07/2026 20:01:14,0.69963,-0.05,0.00,3.80,0.33,0.33,3.80,-0.25,-2.00,1,Dragon Wave_BZ0,0.42,0.42hrs
15/07/2026 19:35:17,buy,0.01,AUDUSD,0.69921,15/07/2026 20:00:28,0.69941,-0.05,0.00,2.00,0.15,0.15,2.00,-0.21,-1.60,1,Dragon Wave_AZ0,0.42,0.42hrs
15/07/2026 18:15:27,buy,0.01,XAUUSD,4044.89000,15/07/2026 19:46:52,4036.04000,-0.15,0.00,-88.50,-9.00,4.13,42.80,-15.96,-158.10,1,Dragon Wave_BZ0,1.52,1.52hrs
15/07/2026 19:35:21,buy,0.02,XAUUSD,4028.34000,15/07/2026 19:46:51,4036.18000,-0.29,0.00,78.40,15.39,15.39,78.40,0.00,0.00,1,Dragon Wave_BZ1,0.19,0.19hrs
15/07/2026 18:31:03,buy,0.01,EURNZD,1.95878,15/07/2026 19:40:38,1.95939,-0.05,0.00,6.10,0.30,0.48,9.00,-0.56,-8.80,1,Dragon Wave_CZ0,1.16,1.16hrs
15/07/2026 10:55:20,buy,0.02,EURAUD,1.63489,15/07/2026 19:34:29,1.63557,-0.10,0.00,6.80,0.85,0.85,6.80,-2.28,-15.60,1,Dragon Wave_BZ1,8.65,8.65hrs
15/07/2026 10:00:53,buy,0.01,EURAUD,1.63622,15/07/2026 19:34:29,1.63557,-0.05,0.00,-6.50,-0.50,0.17,3.10,-2.07,-28.90,1,Dragon Wave_BZ0,9.56,9.56hrs
15/07/2026 18:50:30,buy,0.01,EURCAD,1.60612,15/07/2026 19:21:16,1.60675,-0.05,0.00,6.30,0.40,0.40,6.30,-0.04,0.00,1,Dragon Wave_BZ0,0.51,0.51hrs
15/07/2026 18:30:47,buy,0.01,EURNZD,1.95853,15/07/2026 19:20:52,1.95895,-0.05,0.00,4.20,0.19,0.19,4.20,-0.42,-6.30,1,Dragon Wave_BZ0,0.83,0.83hrs
15/07/2026 19:05:13,buy,0.01,AUDJPY,113.45600,15/07/2026 19:11:42,113.47000,-0.05,0.00,1.40,0.03,0.03,1.40,0.00,0.00,1,Dragon Wave_AZ0,0.11,0.11hrs
15/07/2026 18:40:23,buy,0.01,EURJPY,185.37600,15/07/2026 19:11:14,185.41000,-0.05,0.00,3.40,0.16,0.17,3.60,0.00,0.00,1,Dragon Wave_AZ0,0.51,0.51hrs
15/07/2026 18:30:28,buy,0.01,EURNZD,1.95852,15/07/2026 19:11:05,1.95875,-0.05,0.00,2.30,0.09,0.09,2.30,-0.41,-6.20,1,Dragon Wave_AZ0,0.68,0.68hrs
15/07/2026 18:30:21,buy,0.01,EURAUD,1.63361,15/07/2026 18:57:39,1.63399,-0.05,0.00,3.80,0.22,0.22,3.80,-0.25,-2.80,1,Dragon Wave_AZ0,0.46,0.46hrs
15/07/2026 18:10:04,buy,0.01,XAUUSD,4055.17000,15/07/2026 18:48:23,4050.76000,-0.15,0.00,-44.10,-4.56,0.00,0.00,-14.59,-144.40,1,Dragon Wave_AZ0,0.64,0.64hrs
15/07/2026 18:15:17,buy,0.02,XAUUSD,4044.28000,15/07/2026 18:48:22,4050.65000,-0.29,0.00,63.70,12.45,12.45,63.70,-7.39,-35.50,1,Dragon Wave_AZ1,0.55,0.55hrs
15/07/2026 18:05:18,buy,0.01,NZDCHF,0.47111,15/07/2026 18:30:16,0.47116,-0.05,0.00,0.50,0.01,0.01,0.50,-0.46,-3.30,1,Dragon Wave_AZ0,0.42,0.42hrs
15/07/2026 18:20:22,buy,0.01,NZDCHF,0.47081,15/07/2026 18:29:40,0.47113,-0.05,0.00,3.20,0.34,0.34,3.20,-0.09,-0.30,1,Dragon Wave_BZ0,0.15,0.15hrs
14/07/2026 08:00:20,buy,0.01,GBPNZD,2.30771,15/07/2026 17:51:00,2.30804,-0.05,0.00,3.30,0.14,0.14,3.30,-4.66,-79.20,1,Dragon Wave_CZ0,33.84,1.41days
15/07/2026 16:55:51,buy,0.01,CADJPY,115.34200,15/07/2026 17:19:35,115.39600,-0.05,0.00,5.40,0.28,0.28,5.40,-0.27,-3.50,1,Dragon Wave_CZ0,0.40,0.40hrs
15/07/2026 16:55:38,buy,0.01,CADJPY,115.33700,15/07/2026 17:18:13,115.38400,-0.05,0.00,4.70,0.24,0.24,4.70,-0.24,-3.00,1,Dragon Wave_BZ0,0.38,0.38hrs
15/07/2026 16:10:39,buy,0.01,NZDCHF,0.47174,15/07/2026 17:17:01,0.47157,-0.05,0.00,-1.70,-0.26,0.00,0.00,-0.46,-3.30,1,Dragon Wave_BZ0,1.11,1.11hrs
15/07/2026 16:35:06,buy,0.02,NZDCHF,0.47139,15/07/2026 17:17:00,0.47157,-0.10,0.00,1.80,0.35,0.35,1.80,-0.05,0.00,1,Dragon Wave_BZ1,0.70,0.70hrs
15/07/2026 16:55:10,buy,0.01,CADJPY,115.35200,15/07/2026 17:16:41,115.36900,-0.05,0.00,1.70,0.05,0.05,1.70,-0.33,-4.50,1,Dragon Wave_AZ0,0.36,0.36hrs
15/07/2026 16:55:15,buy,0.02,NZDCHF,0.47110,15/07/2026 17:06:24,0.47142,-0.10,0.00,3.20,0.70,0.70,3.20,0.00,0.00,1,Dragon Wave_AZ1,0.19,0.19hrs
15/07/2026 16:15:16,buy,0.01,NZDCHF,0.47155,15/07/2026 17:06:24,0.47142,-0.05,0.00,-1.30,-0.21,0.01,0.50,-0.21,-1.30,1,Dragon Wave_AZ0,0.85,0.85hrs
15/07/2026 14:55:26,buy,0.01,EURNZD,1.96095,15/07/2026 16:55:43,1.96136,-0.05,0.00,4.10,0.19,0.19,4.10,-0.98,-16.00,1,Dragon Wave_BZ0,2.00,2.00hrs
14/07/2026 17:00:25,buy,0.01,GBPAUD,1.92177,15/07/2026 16:50:55,1.92178,-0.05,-0.07,0.10,-0.12,0.00,0.10,-4.02,-55.80,1,Dragon Wave_AZ0,23.84,23.84hrs
15/07/2026 15:55:49,buy,0.01,EURNZD,1.95983,15/07/2026 16:50:37,1.96101,-0.05,0.00,11.80,0.64,0.64,11.80,-0.33,-4.80,1,Dragon Wave_CZ0,0.91,0.91hrs
15/07/2026 15:51:32,buy,0.01,AUDNZD,1.19966,15/07/2026 16:35:55,1.19995,-0.05,0.00,2.90,0.12,0.12,2.90,-0.15,-1.80,1,Dragon Wave_CZ0,0.74,0.74hrs
15/07/2026 15:46:10,buy,0.01,USDCAD,1.40560,15/07/2026 16:27:30,1.40609,-0.05,0.00,4.90,0.30,0.30,4.90,-0.46,-5.70,1,Dragon Wave_BZ0,0.69,0.69hrs
15/07/2026 15:45:53,buy,0.02,USDCAD,1.40545,15/07/2026 16:26:31,1.40595,-0.10,0.00,5.00,0.61,0.61,5.00,-0.70,-4.20,1,Dragon Wave_AZ1,0.68,0.68hrs
15/07/2026 15:30:19,buy,0.01,USDCAD,1.40654,15/07/2026 16:26:31,1.40593,-0.05,0.00,-6.10,-0.48,0.00,0.00,-1.12,-15.10,1,Dragon Wave_AZ0,0.94,0.94hrs
15/07/2026 15:51:18,buy,0.01,AUDNZD,1.19955,15/07/2026 16:25:52,1.19984,-0.05,0.00,2.90,0.11,0.11,2.90,-0.09,-0.70,1,Dragon Wave_BZ0,0.58,0.58hrs
15/07/2026 15:46:07,buy,0.01,NZDCHF,0.47180,15/07/2026 16:02:18,0.47190,-0.05,0.00,1.00,0.07,0.07,1.00,-0.06,-0.10,1,Dragon Wave_AZ0,0.27,0.27hrs
15/07/2026 10:00:47,buy,0.01,EURUSD,1.14314,15/07/2026 15:48:48,1.14269,-0.05,0.00,-4.50,-0.50,0.00,0.00,-2.38,-23.30,1,Dragon Wave_CZ0,5.80,5.80hrs
15/07/2026 12:30:22,buy,0.02,EURUSD,1.14217,15/07/2026 15:48:47,1.14268,-0.10,0.00,5.10,0.92,0.92,5.10,-2.82,-13.60,1,Dragon Wave_CZ1,3.31,3.31hrs
15/07/2026 15:35:08,buy,0.02,CADCHF,0.57612,15/07/2026 15:42:07,0.57632,-0.10,0.00,2.00,0.39,0.39,2.00,-0.05,0.00,1,Dragon Wave_AZ1,0.12,0.12hrs
15/07/2026 15:30:22,buy,0.01,CADCHF,0.57636,15/07/2026 15:42:07,0.57632,-0.05,0.00,-0.40,-0.10,0.00,0.00,-0.32,-2.20,1,Dragon Wave_AZ0,0.20,0.20hrs
15/07/2026 14:20:27,buy,0.01,CADJPY,115.41200,15/07/2026 15:34:06,115.43900,-0.05,0.00,2.70,0.11,0.11,2.70,-0.30,-4.00,1,Dragon Wave_CZ0,1.23,1.23hrs
14/07/2026 18:45:02,buy,0.01,XAUUSD,4073.76000,15/07/2026 15:32:10,4048.50000,-0.15,-0.63,-252.60,-26.04,0.00,0.00,-56.23,-554.50,1,Dragon Wave_AZ0,20.79,20.79hrs
15/07/2026 05:20:18,buy,0.03,XAUUSD,4030.70000,15/07/2026 15:32:09,4048.55000,-0.44,0.00,178.50,53.11,53.11,178.50,-37.61,-123.90,1,Dragon Wave_AZ2,10.20,10.20hrs
14/07/2026 19:25:28,buy,0.02,XAUUSD,4060.59000,15/07/2026 15:32:09,4048.50000,-0.29,-1.26,-120.90,-25.73,0.00,0.00,-86.11,-422.80,1,Dragon Wave_AZ1,20.11,20.11hrs
15/07/2026 14:50:45,buy,0.01,EURJPY,185.29600,15/07/2026 15:31:07,185.35500,-0.05,0.00,5.90,0.31,0.31,5.90,-0.32,-4.40,1,Dragon Wave_CZ0,0.67,0.67hrs
15/07/2026 14:50:33,buy,0.01,EURJPY,185.29600,15/07/2026 15:31:06,185.33600,-0.05,0.00,4.00,0.19,0.19,4.00,-0.32,-4.40,1,Dragon Wave_BZ0,0.68,0.68hrs
15/07/2026 13:10:08,buy,0.03,EURUSD,1.14156,15/07/2026 15:31:06,1.14186,-0.15,0.00,3.00,0.75,0.87,3.40,-2.40,-7.50,1,Dragon Wave_AZ2,2.35,2.35hrs
15/07/2026 10:05:20,buy,0.02,EURUSD,1.14273,15/07/2026 15:31:06,1.14186,-0.10,0.00,-8.70,-1.84,0.68,3.90,-3.94,-19.20,1,Dragon Wave_AZ1,5.43,5.43hrs
15/07/2026 09:50:17,buy,0.01,EURUSD,1.14349,15/07/2026 15:31:06,1.14186,-0.05,0.00,-16.30,-1.68,0.00,0.00,-2.73,-26.80,1,Dragon Wave_AZ0,5.68,5.68hrs
15/07/2026 15:10:01,buy,0.04,EURUSD,1.14058,15/07/2026 15:31:05,1.14186,-0.20,0.00,12.80,4.92,4.92,12.80,0.00,0.00,1,Dragon Wave_AZ3,0.35,0.35hrs
15/07/2026 15:20:11,buy,0.01,CHFJPY,200.11200,15/07/2026 15:30:23,200.23900,-0.05,0.00,12.70,0.74,0.74,12.70,0.00,0.00,1,Dragon Wave_BZ0,0.17,0.17hrs
15/07/2026 09:50:29,buy,0.01,EURUSD,1.14359,15/07/2026 15:30:16,1.14189,-0.05,0.00,-17.00,-1.75,0.00,0.00,-2.83,-27.80,1,Dragon Wave_BZ0,5.66,5.66hrs
15/07/2026 13:00:04,buy,0.03,EURUSD,1.14174,15/07/2026 15:30:15,1.14184,-0.15,0.00,1.00,0.15,0.33,1.60,-2.94,-9.30,1,Dragon Wave_BZ2,2.50,2.50hrs
15/07/2026 10:05:24,buy,0.02,EURUSD,1.14273,15/07/2026 15:30:15,1.14188,-0.10,0.00,-8.50,-1.80,0.68,3.90,-3.94,-19.20,1,Dragon Wave_BZ1,5.41,5.41hrs
15/07/2026 14:55:02,buy,0.04,EURUSD,1.14108,15/07/2026 15:30:13,1.14196,-0.20,0.00,8.80,3.32,3.32,8.80,-1.28,-2.70,1,Dragon Wave_BZ3,0.59,0.59hrs
15/07/2026 14:55:13,buy,0.01,EURNZD,1.96080,15/07/2026 15:25:35,1.96134,-0.05,0.00,5.40,0.27,0.27,5.40,-0.32,-4.70,1,Dragon Wave_AZ0,0.51,0.51hrs
15/07/2026 15:10:01,buy,0.02,EURAUD,1.63356,15/07/2026 15:24:23,1.63395,-0.10,0.00,3.90,0.45,0.45,3.90,-0.31,-1.50,1,Dragon Wave_AZ1,0.24,0.24hrs
15/07/2026 14:50:32,buy,0.01,EURAUD,1.63398,15/07/2026 15:24:23,1.63395,-0.05,0.00,-0.30,-0.07,0.00,0.00,-0.45,-5.70,1,Dragon Wave_AZ0,0.56,0.56hrs
15/07/2026 14:50:24,buy,0.01,EURJPY,185.29700,15/07/2026 15:23:12,185.30100,-0.05,0.00,0.40,-0.03,0.00,0.40,-0.33,-4.50,1,Dragon Wave_AZ0,0.55,0.55hrs
15/07/2026 15:10:16,buy,0.02,EURJPY,185.22900,15/07/2026 15:23:11,185.30300,-0.10,0.00,7.40,0.81,0.81,7.40,0.00,0.00,1,Dragon Wave_AZ1,0.22,0.22hrs
15/07/2026 14:00:22,buy,0.01,CADJPY,115.40600,15/07/2026 15:03:13,115.41600,-0.05,0.00,1.00,0.01,0.12,2.70,-0.18,-2.10,1,Dragon Wave_AZ0,1.05,1.05hrs
15/07/2026 14:05:25,buy,0.01,CADCHF,0.57631,15/07/2026 14:49:42,0.57651,-0.05,0.00,2.00,0.20,0.20,2.00,-0.04,0.00,1,Dragon Wave_BZ0,0.74,0.74hrs
15/07/2026 14:05:16,buy,0.01,CADCHF,0.57632,15/07/2026 14:39:34,0.57646,-0.05,0.00,1.40,0.13,0.13,1.40,-0.05,0.00,1,Dragon Wave_AZ0,0.57,0.57hrs
15/07/2026 13:25:18,buy,0.02,EURJPY,185.34800,15/07/2026 14:36:27,185.40600,-0.10,0.00,5.80,0.61,0.61,5.80,-0.59,-4.00,1,Dragon Wave_BZ1,1.19,1.19hrs
15/07/2026 09:45:14,buy,0.01,EURJPY,185.45600,15/07/2026 14:36:27,185.40600,-0.05,0.00,-5.00,-0.35,0.00,0.00,-0.96,-14.80,1,Dragon Wave_BZ0,4.85,4.85hrs
15/07/2026 13:45:34,buy,0.01,XAGUSD,58.03300,15/07/2026 14:34:41,58.04800,-0.10,0.00,150.00,0.65,0.65,150.00,-8.55,-1690.00,1,Dragon Wave_CZ0,0.82,0.82hrs
15/07/2026 13:45:20,buy,0.01,XAGUSD,58.02000,15/07/2026 14:34:34,58.03400,-0.10,0.00,140.00,0.60,0.60,140.00,-7.90,-1560.00,1,Dragon Wave_BZ0,0.82,0.82hrs
15/07/2026 13:35:06,buy,0.02,EURJPY,185.33600,15/07/2026 14:25:15,185.38900,-0.10,0.00,5.30,0.55,0.55,5.30,-0.44,-2.80,1,Dragon Wave_AZ1,0.84,0.84hrs
15/07/2026 09:45:06,buy,0.01,EURJPY,185.45300,15/07/2026 14:25:15,185.38900,-0.05,0.00,-6.40,-0.45,0.00,0.00,-0.94,-14.50,1,Dragon Wave_AZ0,4.67,4.67hrs
15/07/2026 10:05:24,buy,0.01,EURCAD,1.60588,15/07/2026 14:18:23,1.60611,-0.05,0.00,2.30,0.11,0.11,2.30,-0.81,-10.70,1,Dragon Wave_BZ0,4.22,4.22hrs
15/07/2026 13:25:34,buy,0.01,AUDUSD,0.69821,15/07/2026 14:05:52,0.69847,-0.05,0.00,2.60,0.21,0.21,2.60,-0.22,-1.70,1,Dragon Wave_CZ0,0.67,0.67hrs
15/07/2026 13:25:25,buy,0.01,AUDUSD,0.69820,15/07/2026 14:05:51,0.69847,-0.05,0.00,2.70,0.22,0.22,2.70,-0.21,-1.60,1,Dragon Wave_BZ0,0.67,0.67hrs
15/07/2026 14:00:17,buy,0.01,AUDJPY,113.36300,15/07/2026 14:05:32,113.40600,-0.05,0.00,4.30,0.21,0.21,4.30,0.00,0.00,1,Dragon Wave_BZ0,0.09,0.09hrs
15/07/2026 10:10:24,buy,0.02,EURCAD,1.60536,15/07/2026 14:05:17,1.60597,-0.10,0.00,6.10,0.77,0.77,6.10,-0.88,-5.50,1,Dragon Wave_AZ1,3.91,3.91hrs
15/07/2026 10:00:24,buy,0.01,EURCAD,1.60661,15/07/2026 14:05:17,1.60598,-0.05,0.00,-6.30,-0.50,0.00,0.00,-1.33,-18.00,1,Dragon Wave_AZ0,4.08,4.08hrs
15/07/2026 14:00:16,buy,0.02,CHFJPY,200.19900,15/07/2026 14:04:40,200.28600,-0.10,0.00,8.70,0.97,0.97,8.70,0.00,0.00,1,Dragon Wave_CZ1,0.07,0.07hrs
15/07/2026 11:45:45,buy,0.01,CHFJPY,200.35300,15/07/2026 14:04:40,200.28600,-0.05,0.00,-6.70,-0.46,0.00,0.60,-1.10,-17.10,1,Dragon Wave_CZ0,2.32,2.32hrs
15/07/2026 14:00:06,buy,0.01,AUDJPY,113.35400,15/07/2026 14:01:16,113.39300,-0.05,0.00,3.90,0.20,0.20,3.90,0.00,0.00,1,Dragon Wave_AZ0,0.02,0.02hrs
15/07/2026 13:25:42,buy,0.01,NZDUSD,0.58144,15/07/2026 14:00:50,0.58188,-0.05,0.00,4.40,0.39,0.39,4.40,-0.18,-1.30,1,Dragon Wave_CZ0,0.59,0.59hrs
15/07/2026 12:35:21,buy,0.02,GBPUSD,1.33898,15/07/2026 13:57:40,1.33984,-0.10,0.00,8.60,1.62,1.62,8.60,-1.70,-8.00,1,Dragon Wave_BZ1,1.37,1.37hrs
15/07/2026 10:25:41,buy,0.01,GBPUSD,1.34038,15/07/2026 13:57:40,1.33984,-0.05,0.00,-5.40,-0.59,0.32,3.70,-2.25,-22.00,1,Dragon Wave_BZ0,3.53,3.53hrs
15/07/2026 13:25:25,buy,0.02,GBPUSD,1.33824,15/07/2026 13:54:38,1.33939,-0.10,0.00,11.50,2.20,2.20,11.50,-0.22,-0.60,1,Dragon Wave_CZ1,0.49,0.49hrs
15/07/2026 11:35:22,buy,0.02,GBPNZD,2.30155,15/07/2026 13:54:38,2.30253,-0.10,0.00,9.80,1.04,1.04,9.80,-2.15,-17.60,1,Dragon Wave_BZ1,2.32,2.32hrs
15/07/2026 11:10:32,buy,0.01,GBPUSD,1.33982,15/07/2026 13:54:38,1.33939,-0.05,0.00,-4.30,-0.48,0.06,1.10,-1.69,-16.40,1,Dragon Wave_CZ0,2.73,2.73hrs
15/07/2026 10:50:16,buy,0.01,GBPAUD,1.91865,15/07/2026 13:54:38,1.91820,-0.05,0.00,-4.50,-0.37,0.00,0.00,-1.77,-24.60,1,Dragon Wave_BZ0,3.07,3.07hrs
15/07/2026 10:50:14,buy,0.01,GBPNZD,2.30361,15/07/2026 13:54:38,2.30253,-0.05,0.00,-10.80,-0.68,0.00,0.00,-2.27,-38.20,1,Dragon Wave_BZ0,3.07,3.07hrs
15/07/2026 11:15:20,buy,0.02,GBPAUD,1.91762,15/07/2026 13:54:37,1.91820,-0.10,0.00,5.80,0.71,0.71,5.80,-2.10,-14.30,1,Dragon Wave_BZ1,2.65,2.65hrs
15/07/2026 11:20:41,buy,0.01,GBPJPY,217.44600,15/07/2026 13:50:28,217.45900,-0.05,0.00,1.30,0.03,0.03,1.30,-0.72,-10.90,1,Dragon Wave_BZ0,2.50,2.50hrs
15/07/2026 11:50:15,buy,0.01,GBPJPY,217.37100,15/07/2026 13:45:39,217.43500,-0.05,0.00,6.40,0.34,0.34,6.40,-0.26,-3.40,1,Dragon Wave_CZ0,1.92,1.92hrs
15/07/2026 12:25:03,buy,0.02,GBPAUD,1.91661,15/07/2026 13:44:55,1.91749,-0.10,0.00,8.80,1.13,1.13,8.80,-0.69,-4.20,1,Dragon Wave_CZ1,1.33,1.33hrs
15/07/2026 10:55:29,buy,0.01,GBPAUD,1.91826,15/07/2026 13:44:55,1.91749,-0.05,0.00,-7.70,-0.59,0.01,0.90,-1.50,-20.70,1,Dragon Wave_CZ0,2.82,2.82hrs
15/07/2026 13:35:28,buy,0.01,CADJPY,115.43700,15/07/2026 13:39:35,115.45400,-0.05,0.00,1.70,0.06,0.06,1.70,-0.13,-1.30,1,Dragon Wave_AZ0,0.07,0.07hrs
15/07/2026 13:25:28,buy,0.01,NZDUSD,0.58155,15/07/2026 13:38:57,0.58176,-0.05,0.00,2.10,0.16,0.16,2.10,-0.29,-2.40,1,Dragon Wave_BZ0,0.22,0.22hrs
15/07/2026 13:25:11,buy,0.01,NZDUSD,0.58149,15/07/2026 13:38:56,0.58174,-0.05,0.00,2.50,0.20,0.20,2.50,-0.23,-1.80,1,Dragon Wave_AZ0,0.23,0.23hrs
15/07/2026 13:25:41,buy,0.01,XAGUSD,58.04300,15/07/2026 13:38:10,58.14200,-0.10,0.00,990.00,4.85,4.85,990.00,-2.90,-560.00,1,Dragon Wave_CZ0,0.21,0.21hrs
15/07/2026 13:30:10,buy,0.01,NZDJPY,94.43100,15/07/2026 13:37:58,94.46300,-0.05,0.00,3.20,0.15,0.15,3.20,-0.07,-0.30,1,Dragon Wave_AZ0,0.13,0.13hrs
15/07/2026 13:25:29,buy,0.01,XAGUSD,58.07000,15/07/2026 13:37:54,58.14300,-0.10,0.00,730.00,3.55,3.55,730.00,-4.25,-830.00,1,Dragon Wave_BZ0,0.21,0.21hrs
15/07/2026 13:25:20,buy,0.01,XAGUSD,58.06900,15/07/2026 13:36:49,58.11700,-0.10,0.00,480.00,2.30,2.30,480.00,-4.20,-820.00,1,Dragon Wave_AZ0,0.19,0.19hrs
15/07/2026 11:05:30,buy,0.01,GBPCAD,1.88317,15/07/2026 13:36:25,1.88345,-0.05,0.00,2.80,0.15,0.15,2.80,-0.88,-11.70,1,Dragon Wave_BZ0,2.52,2.52hrs
15/07/2026 11:15:32,buy,0.01,GBPCAD,1.88228,15/07/2026 13:32:34,1.88275,-0.05,0.00,4.70,0.29,0.34,5.50,-0.25,-2.80,1,Dragon Wave_CZ0,2.28,2.28hrs
15/07/2026 13:30:05,buy,0.01,AUDJPY,113.37300,15/07/2026 13:31:07,113.40900,-0.05,0.00,3.60,0.17,0.17,3.60,0.00,0.00,1,Dragon Wave_AZ0,0.02,0.02hrs
15/07/2026 13:25:07,buy,0.01,CADJPY,115.45200,15/07/2026 13:28:45,115.47400,-0.05,0.00,2.20,0.09,0.09,2.20,0.00,0.00,1,Dragon Wave_AZ0,0.06,0.06hrs
15/07/2026 10:15:16,buy,0.01,EURNZD,1.96440,15/07/2026 13:27:01,1.96326,-0.05,0.00,-11.40,-0.72,0.11,2.80,-1.91,-32.00,1,Dragon Wave_CZ0,3.20,3.20hrs
15/07/2026 13:10:15,buy,0.02,EURNZD,1.96158,15/07/2026 13:27:00,1.96326,-0.10,0.00,16.80,1.86,1.86,16.80,-0.54,-3.80,1,Dragon Wave_CZ1,0.28,0.28hrs
15/07/2026 13:10:13,buy,0.02,EURNZD,1.96160,15/07/2026 13:24:06,1.96257,-0.10,0.00,9.70,1.03,1.03,9.70,-0.57,-4.00,1,Dragon Wave_BZ1,0.23,0.23hrs
15/07/2026 10:35:24,buy,0.01,EURNZD,1.96375,15/07/2026 13:24:06,1.96220,-0.05,0.00,-15.50,-0.95,0.00,0.00,-1.53,-25.50,1,Dragon Wave_BZ0,2.81,2.81hrs
15/07/2026 13:00:35,buy,0.01,GBPUSD,1.33881,15/07/2026 13:20:45,1.33899,-0.05,0.00,1.80,0.13,0.13,1.80,-0.36,-3.10,1,Dragon Wave_AZ0,0.34,0.34hrs
15/07/2026 13:00:37,buy,0.01,NZDUSD,0.58172,15/07/2026 13:10:27,0.58191,-0.05,0.00,1.90,0.14,0.14,1.90,0.00,0.00,1,Dragon Wave_AZ0,0.16,0.16hrs
15/07/2026 11:10:23,buy,0.01,GBPUSD,1.33975,15/07/2026 12:14:11,1.33990,-0.05,0.00,1.50,0.10,0.13,1.80,-0.56,-5.10,1,Dragon Wave_AZ0,1.06,1.06hrs
15/07/2026 10:05:32,buy,0.01,EURCAD,1.60564,15/07/2026 12:05:35,1.60583,-0.05,0.00,1.90,0.09,0.09,1.90,-0.64,-8.30,1,Dragon Wave_CZ0,2.00,2.00hrs
15/07/2026 11:10:40,buy,0.01,XAUUSD,4021.68000,15/07/2026 11:29:07,4026.24000,-0.14,0.00,45.60,4.42,4.42,45.60,-3.51,-33.70,1,Dragon Wave_CZ0,0.31,0.31hrs
15/07/2026 10:05:28,buy,0.01,EURJPY,185.36200,15/07/2026 11:25:28,185.43200,-0.05,0.00,7.00,0.38,0.38,7.00,-0.24,-3.00,1,Dragon Wave_CZ0,1.33,1.33hrs
15/07/2026 11:10:26,buy,0.01,XAUUSD,4021.60000,15/07/2026 11:19:18,4024.73000,-0.14,0.00,31.30,2.99,2.99,31.30,-3.43,-32.90,1,Dragon Wave_BZ0,0.15,0.15hrs
14/07/2026 21:15:33,buy,0.01,EURGBP,0.85369,15/07/2026 11:15:56,0.85272,-0.05,-0.15,-9.70,-1.50,0.00,0.00,-2.71,-18.70,1,Dragon Wave_BZ0,14.01,14.01hrs
15/07/2026 10:05:15,buy,0.04,EURGBP,0.85197,15/07/2026 11:15:55,0.85272,-0.20,0.00,7.50,3.82,3.82,7.50,-1.01,-1.50,1,Dragon Wave_BZ3,1.18,1.18hrs
15/07/2026 09:45:19,buy,0.03,EURGBP,0.85262,15/07/2026 11:15:55,0.85272,-0.15,0.00,1.00,0.26,0.26,1.00,-3.37,-8.00,1,Dragon Wave_BZ2,1.51,1.51hrs
14/07/2026 22:40:32,buy,0.02,EURGBP,0.85335,15/07/2026 11:15:55,0.85272,-0.10,-0.29,-6.30,-2.08,0.00,0.00,-4.50,-15.30,1,Dragon Wave_BZ1,12.59,12.59hrs
15/07/2026 09:50:34,buy,0.01,EURCHF,0.92501,15/07/2026 11:10:39,0.92516,-0.05,0.00,1.50,0.14,0.14,1.50,-0.64,-4.80,1,Dragon Wave_CZ0,1.33,1.33hrs
15/07/2026 11:05:34,buy,0.01,USDCAD,1.40467,15/07/2026 11:08:01,1.40508,-0.05,0.00,4.10,0.24,0.24,4.10,0.00,0.00,1,Dragon Wave_BZ0,0.04,0.04hrs
15/07/2026 10:05:17,buy,0.02,EURCHF,0.92480,15/07/2026 11:05:26,0.92502,-0.10,0.00,2.20,0.45,0.45,2.20,-0.77,-2.70,1,Dragon Wave_BZ1,1.00,1.00hrs
15/07/2026 09:20:27,buy,0.01,EURCHF,0.92520,15/07/2026 11:05:26,0.92503,-0.05,0.00,-1.70,-0.26,0.05,0.80,-0.88,-6.70,1,Dragon Wave_BZ0,1.75,1.75hrs
15/07/2026 11:00:44,buy,0.01,GBPJPY,217.46300,15/07/2026 11:03:09,217.53800,-0.05,0.00,7.50,0.41,0.41,7.50,0.00,0.00,1,Dragon Wave_AZ0,0.04,0.04hrs
15/07/2026 11:01:00,buy,0.01,XAUUSD,4022.03000,15/07/2026 11:02:45,4026.14000,-0.14,0.00,41.10,3.97,3.97,41.10,0.00,0.00,1,Dragon Wave_CZ0,0.03,0.03hrs
15/07/2026 11:00:50,buy,0.01,XAUUSD,4021.86000,15/07/2026 11:02:43,4024.71000,-0.14,0.00,28.50,2.71,2.71,28.50,0.00,0.00,1,Dragon Wave_BZ0,0.03,0.03hrs
15/07/2026 10:25:44,buy,0.01,XAGUSD,58.19700,15/07/2026 10:49:19,58.21100,-0.10,0.00,140.00,0.60,0.60,140.00,-8.65,-1710.00,1,Dragon Wave_CZ0,0.39,0.39hrs
15/07/2026 10:35:33,buy,0.01,XAUUSD,4022.89000,15/07/2026 10:48:40,4025.72000,-0.14,0.00,28.30,2.69,2.69,28.30,-2.93,-27.90,1,Dragon Wave_CZ0,0.22,0.22hrs
15/07/2026 10:35:18,buy,0.01,XAUUSD,4023.57000,15/07/2026 10:47:10,4024.69000,-0.14,0.00,11.20,0.98,0.98,11.20,-3.61,-34.70,1,Dragon Wave_BZ0,0.20,0.20hrs
15/07/2026 10:30:28,buy,0.01,XAGUSD,58.11200,15/07/2026 10:46:59,58.14400,-0.10,0.00,320.00,1.50,1.50,320.00,-4.40,-860.00,1,Dragon Wave_BZ0,0.28,0.28hrs
15/07/2026 10:30:19,buy,0.01,XAGUSD,58.09400,15/07/2026 10:46:49,58.13300,-0.10,0.00,390.00,1.85,1.85,390.00,-3.50,-680.00,1,Dragon Wave_AZ0,0.28,0.28hrs
15/07/2026 10:25:49,buy,0.01,AUDUSD,0.69813,15/07/2026 10:34:21,0.69837,-0.05,0.00,2.40,0.19,0.19,2.40,-0.41,-3.60,1,Dragon Wave_CZ0,0.14,0.14hrs
15/07/2026 10:25:40,buy,0.01,AUDUSD,0.69815,15/07/2026 10:34:19,0.69837,-0.05,0.00,2.20,0.17,0.17,2.20,-0.43,-3.80,1,Dragon Wave_BZ0,0.14,0.14hrs
15/07/2026 10:25:20,buy,0.01,AUDUSD,0.69820,15/07/2026 10:33:00,0.69833,-0.05,0.00,1.30,0.08,0.08,1.30,-0.48,-4.30,1,Dragon Wave_AZ0,0.13,0.13hrs
15/07/2026 10:25:34,buy,0.01,GBPUSD,1.34046,15/07/2026 10:32:59,1.34115,-0.05,0.00,6.90,0.64,0.64,6.90,-0.22,-1.70,1,Dragon Wave_AZ0,0.12,0.12hrs
15/07/2026 10:25:24,buy,0.01,XAUUSD,4025.87000,15/07/2026 10:32:52,4026.68000,-0.14,0.00,8.10,0.67,0.67,8.10,-4.33,-41.90,1,Dragon Wave_BZ0,0.12,0.12hrs
15/07/2026 10:30:28,buy,0.01,AUDJPY,113.27400,15/07/2026 10:32:51,113.31600,-0.05,0.00,4.20,0.20,0.20,4.20,0.00,0.00,1,Dragon Wave_AZ0,0.04,0.04hrs
15/07/2026 10:25:34,buy,0.01,XAUUSD,4025.61000,15/07/2026 10:32:24,4026.33000,-0.14,0.00,7.20,0.58,0.58,7.20,-4.07,-39.30,1,Dragon Wave_CZ0,0.11,0.11hrs
15/07/2026 10:10:10,buy,0.01,EURAUD,1.63583,15/07/2026 10:24:18,1.63607,-0.05,0.00,2.40,0.11,0.11,2.40,-0.46,-5.80,1,Dragon Wave_AZ0,0.24,0.24hrs
15/07/2026 10:15:17,buy,0.01,USDCAD,1.40464,15/07/2026 10:19:51,1.40503,-0.05,0.00,3.90,0.23,0.23,3.90,0.00,0.00,1,Dragon Wave_BZ0,0.08,0.08hrs
15/07/2026 10:10:17,buy,0.01,USDCAD,1.40473,15/07/2026 10:18:16,1.40501,-0.05,0.00,2.80,0.15,0.15,2.80,-0.33,-3.90,1,Dragon Wave_AZ0,0.13,0.13hrs
15/07/2026 10:10:15,buy,0.01,NZDCAD,0.81704,15/07/2026 10:14:34,0.81740,-0.05,0.00,3.60,0.20,0.20,3.60,0.00,0.00,1,Dragon Wave_AZ0,0.07,0.07hrs
15/07/2026 09:15:29,buy,0.01,CADJPY,115.40400,15/07/2026 10:04:36,115.44200,-0.05,0.00,3.80,0.19,0.19,3.80,-0.49,-7.20,1,Dragon Wave_CZ0,0.82,0.82hrs
15/07/2026 09:05:16,buy,0.01,CADJPY,115.41200,15/07/2026 10:03:43,115.43300,-0.05,0.00,2.10,0.08,0.08,2.10,-0.54,-8.00,1,Dragon Wave_BZ0,0.97,0.97hrs
15/07/2026 09:45:35,buy,0.02,CADJPY,115.35500,15/07/2026 10:03:42,115.43200,-0.10,0.00,7.70,0.85,0.85,7.70,-0.38,-2.30,1,Dragon Wave_BZ1,0.30,0.30hrs
15/07/2026 08:55:37,buy,0.01,CADCHF,0.57562,15/07/2026 10:01:48,0.57580,-0.05,0.00,1.80,0.17,0.17,1.80,-0.37,-2.60,1,Dragon Wave_CZ0,1.10,1.10hrs
15/07/2026 08:50:11,buy,0.02,CADCHF,0.57566,15/07/2026 10:01:47,0.57580,-0.10,0.00,1.40,0.25,0.25,1.40,-0.84,-3.00,1,Dragon Wave_AZ1,1.19,1.19hrs
15/07/2026 08:40:18,buy,0.01,CADCHF,0.57584,15/07/2026 10:01:47,0.57580,-0.05,0.00,-0.40,-0.10,0.00,0.00,-0.64,-4.80,1,Dragon Wave_AZ0,1.36,1.36hrs
15/07/2026 08:55:18,buy,0.02,CADCHF,0.57562,15/07/2026 10:01:38,0.57576,-0.10,0.00,1.40,0.24,0.24,1.40,-0.74,-2.60,1,Dragon Wave_BZ1,1.11,1.11hrs
15/07/2026 08:40:34,buy,0.01,CADCHF,0.57581,15/07/2026 10:01:38,0.57576,-0.05,0.00,-0.50,-0.11,0.00,0.00,-0.61,-4.50,1,Dragon Wave_BZ0,1.35,1.35hrs
14/07/2026 18:00:49,buy,0.02,GBPAUD,1.91844,15/07/2026 09:59:15,1.92073,-0.10,-0.14,22.90,2.96,2.96,22.90,0.00,0.00,1,Dragon Wave_CZ1,15.97,15.97hrs
14/07/2026 16:00:41,buy,0.01,GBPAUD,1.92435,15/07/2026 09:59:15,1.92070,-0.05,-0.07,-36.50,-2.67,0.00,0.00,-3.64,-50.40,1,Dragon Wave_CZ0,17.98,17.98hrs
15/07/2026 08:50:21,buy,0.01,USDCHF,0.80878,15/07/2026 09:52:23,0.80900,-0.05,0.00,2.20,0.22,0.22,2.20,-0.47,-3.40,1,Dragon Wave_BZ0,1.03,1.03hrs
15/07/2026 09:20:33,buy,0.01,USDCHF,0.80854,15/07/2026 09:52:21,0.80900,-0.05,0.00,4.60,0.52,0.52,4.60,-0.17,-1.00,1,Dragon Wave_CZ0,0.53,0.53hrs
15/07/2026 09:45:22,buy,0.01,USDJPY,162.12900,15/07/2026 09:52:14,162.18300,-0.05,0.00,5.40,0.28,0.28,5.40,-0.24,-3.00,1,Dragon Wave_BZ0,0.11,0.11hrs
15/07/2026 09:45:12,buy,0.01,USDJPY,162.12900,15/07/2026 09:52:11,162.17500,-0.05,0.00,4.60,0.23,0.23,4.60,-0.24,-3.00,1,Dragon Wave_AZ0,0.12,0.12hrs
15/07/2026 09:15:13,buy,0.01,XAGUSD,58.27400,15/07/2026 09:48:08,58.35000,-0.10,0.00,760.00,3.70,3.70,760.00,-9.65,-1910.00,1,Dragon Wave_BZ0,0.55,0.55hrs
15/07/2026 09:20:42,buy,0.01,XAGUSD,58.17800,15/07/2026 09:43:37,58.24300,-0.10,0.00,650.00,3.15,3.15,650.00,-4.85,-950.00,1,Dragon Wave_CZ0,0.38,0.38hrs
15/07/2026 09:20:23,buy,0.01,XAGUSD,58.15600,15/07/2026 09:42:45,58.22700,-0.10,0.00,710.00,3.45,3.45,710.00,-3.75,-730.00,1,Dragon Wave_AZ0,0.37,0.37hrs
15/07/2026 09:25:16,buy,0.01,USDJPY,162.15100,15/07/2026 09:35:40,162.19200,-0.05,0.00,4.10,0.20,0.20,4.10,0.00,0.00,1,Dragon Wave_BZ0,0.17,0.17hrs
15/07/2026 09:25:10,buy,0.01,USDJPY,162.16500,15/07/2026 09:31:36,162.19700,-0.05,0.00,3.20,0.15,0.15,3.20,0.00,0.00,1,Dragon Wave_AZ0,0.11,0.11hrs
15/07/2026 08:50:10,buy,0.01,USDCHF,0.80875,15/07/2026 09:31:14,0.80889,-0.05,0.00,1.40,0.12,0.12,1.40,-0.43,-3.10,1,Dragon Wave_AZ0,0.68,0.68hrs
15/07/2026 09:15:12,buy,0.01,XAUUSD,4025.81000,15/07/2026 09:26:51,4028.36000,-0.14,0.00,25.50,2.41,2.41,25.50,-2.04,-19.00,1,Dragon Wave_BZ0,0.19,0.19hrs
15/07/2026 08:15:42,buy,0.01,XAUUSD,4026.51000,15/07/2026 08:32:05,4028.41000,-0.14,0.00,19.00,1.76,0.00,0.00,0.00,0.00,1,Dragon Wave_BZ0,0.27,0.27hrs
15/07/2026 08:30:17,buy,0.01,XAGUSD,58.22000,15/07/2026 08:32:03,58.32800,-0.10,0.00,1080.00,5.30,0.00,0.00,0.00,0.00,1,Dragon Wave_BZ0,0.03,0.03hrs
15/07/2026 08:15:16,buy,0.01,XAGUSD,58.29500,15/07/2026 08:32:02,58.33000,-0.10,0.00,350.00,1.65,0.00,0.00,0.00,0.00,1,Dragon Wave_AZ0,0.28,0.28hrs
14/07/2026 08:00:34,buy,0.01,EURNZD,1.96772,15/07/2026 06:22:09,1.96811,-0.05,-0.05,3.90,0.12,0.00,0.00,0.00,0.00,1,Dragon Wave_CZ0,22.36,22.36hrs
14/07/2026 08:00:29,buy,0.01,EURNZD,1.96771,15/07/2026 06:21:01,1.96796,-0.05,-0.05,2.50,0.05,0.00,0.00,0.00,0.00,1,Dragon Wave_BZ0,22.34,22.34hrs
14/07/2026 18:00:17,buy,0.02,EURCHF,0.92440,15/07/2026 05:30:46,0.92488,-0.10,0.07,4.80,1.16,0.00,0.00,0.00,0.00,1,Dragon Wave_AZ1,11.51,11.51hrs
14/07/2026 13:00:35,buy,0.01,EURCHF,0.92579,15/07/2026 05:30:46,0.92488,-0.05,0.03,-9.10,-1.14,0.00,0.00,0.00,0.00,1,Dragon Wave_AZ0,16.50,16.50hrs
14/07/2026 21:50:39,buy,0.01,AUDCAD,0.98097,15/07/2026 03:15:47,0.98066,-0.05,0.02,-3.10,-0.25,0.00,0.00,0.00,0.00,1,Dragon Wave_BZ0,5.42,5.42hrs
15/07/2026 02:00:22,buy,0.02,AUDCAD,0.98039,15/07/2026 03:15:46,0.98066,-0.10,0.00,2.70,0.28,0.00,0.00,0.00,0.00,1,Dragon Wave_BZ1,1.26,1.26hrs
14/07/2026 18:00:33,buy,0.02,GBPAUD,1.91846,15/07/2026 02:10:27,1.92055,-0.10,-0.14,20.90,2.68,0.00,0.00,0.00,0.00,1,Dragon Wave_BZ1,8.16,8.16hrs
14/07/2026 16:00:28,buy,0.01,GBPAUD,1.92411,15/07/2026 02:10:27,1.92055,-0.05,-0.07,-35.60,-2.60,0.00,0.00,0.00,0.00,1,Dragon Wave_BZ0,10.17,10.17hrs
14/07/2026 16:00:09,buy,0.01,GBPCHF,1.08368,15/07/2026 01:15:22,1.08372,-0.05,0.08,0.40,0.08,0.00,0.00,0.00,0.00,1,Dragon Wave_AZ0,9.25,9.25hrs
14/07/2026 16:00:19,buy,0.01,GBPCHF,1.08362,14/07/2026 22:57:24,1.08377,-0.05,0.00,1.50,0.13,0.00,0.00,0.00,0.00,1,Dragon Wave_BZ0,6.95,6.95hrs
14/07/2026 22:00:06,buy,0.01,NZDCHF,0.47007,14/07/2026 22:55:30,0.47012,-0.05,0.00,0.50,0.01,0.00,0.00,0.00,0.00,1,Dragon Wave_AZ0,0.92,0.92hrs
14/07/2026 21:40:31,buy,0.01,XAGUSD,58.60900,14/07/2026 22:09:06,58.66600,-0.11,0.00,570.00,2.74,0.00,0.00,0.00,0.00,1,Dragon Wave_BZ0,0.48,0.48hrs
14/07/2026 21:50:35,buy,0.01,AUDJPY,113.10400,14/07/2026 21:59:46,113.13000,-0.05,0.00,2.60,0.11,0.00,0.00,0.00,0.00,1,Dragon Wave_AZ0,0.15,0.15hrs
14/07/2026 21:50:30,buy,0.01,AUDUSD,0.69718,14/07/2026 21:59:04,0.69742,-0.05,0.00,2.40,0.19,0.00,0.00,0.00,0.00,1,Dragon Wave_AZ0,0.14,0.14hrs
14/07/2026 21:40:16,buy,0.01,XAUUSD,4053.02000,14/07/2026 21:59:00,4054.67000,-0.15,0.00,16.50,1.50,0.00,0.00,0.00,0.00,1,Dragon Wave_BZ0,0.31,0.31hrs
14/07/2026 21:40:14,buy,0.01,XAGUSD,58.61300,14/07/2026 21:58:44,58.63700,-0.11,0.00,240.00,1.09,0.00,0.00,0.00,0.00,1,Dragon Wave_AZ0,0.31,0.31hrs
14/07/2026 21:15:14,buy,0.01,EURGBP,0.85369,14/07/2026 21:45:46,0.85377,-0.05,0.00,0.80,0.06,0.00,0.00,0.00,0.00,1,Dragon Wave_AZ0,0.51,0.51hrs
14/07/2026 20:15:48,buy,0.01,GBPJPY,216.91100,14/07/2026 20:50:35,217.00900,-0.05,0.00,9.80,0.55,0.00,0.00,0.00,0.00,1,Dragon Wave_CZ0,0.58,0.58hrs
14/07/2026 20:15:42,buy,0.01,GBPJPY,216.92800,14/07/2026 20:50:25,216.98400,-0.05,0.00,5.60,0.29,0.00,0.00,0.00,0.00,1,Dragon Wave_BZ0,0.58,0.58hrs
14/07/2026 20:15:15,buy,0.01,EURUSD,1.14226,14/07/2026 20:48:10,1.14273,-0.05,0.00,4.70,0.42,0.00,0.00,0.00,0.00,1,Dragon Wave_AZ0,0.55,0.55hrs
14/07/2026 20:15:13,buy,0.01,GBPUSD,1.33740,14/07/2026 20:44:34,1.33805,-0.05,0.00,6.50,0.60,0.00,0.00,0.00,0.00,1,Dragon Wave_AZ0,0.49,0.49hrs
14/07/2026 20:15:26,buy,0.01,GBPJPY,216.95000,14/07/2026 20:40:49,216.98700,-0.05,0.00,3.70,0.17,0.00,0.00,0.00,0.00,1,Dragon Wave_AZ0,0.42,0.42hrs
14/07/2026 20:20:14,buy,0.01,GBPCAD,1.88136,14/07/2026 20:40:40,1.88214,-0.05,0.00,7.80,0.50,0.00,0.00,0.00,0.00,1,Dragon Wave_AZ0,0.34,0.34hrs
14/07/2026 20:10:20,buy,0.02,XAUUSD,4059.03000,14/07/2026 20:31:06,4063.87000,-0.29,0.00,48.40,9.39,0.00,0.00,0.00,0.00,1,Dragon Wave_BZ1,0.35,0.35hrs
14/07/2026 18:50:12,buy,0.01,XAUUSD,4072.08000,14/07/2026 20:31:06,4063.86000,-0.15,0.00,-82.20,-8.37,0.00,0.00,0.00,0.00,1,Dragon Wave_BZ0,1.68,1.68hrs
14/07/2026 20:20:08,buy,0.01,CHFJPY,200.35600,14/07/2026 20:30:45,200.40700,-0.05,0.00,5.10,0.27,0.00,0.00,0.00,0.00,1,Dragon Wave_AZ0,0.18,0.18hrs
14/07/2026 16:00:28,buy,0.01,USDCAD,1.40693,14/07/2026 20:15:59,1.40707,-0.05,0.00,1.40,0.05,0.00,0.00,0.00,0.00,1,Dragon Wave_BZ0,4.26,4.26hrs
14/07/2026 15:00:18,buy,0.01,USDCHF,0.81166,14/07/2026 20:14:18,0.80944,-0.05,0.00,-22.20,-2.79,0.00,0.00,0.00,0.00,1,Dragon Wave_AZ0,5.23,5.23hrs
14/07/2026 16:00:11,buy,0.02,USDCHF,0.80821,14/07/2026 20:14:17,0.80944,-0.10,0.00,12.30,2.94,0.00,0.00,0.00,0.00,1,Dragon Wave_AZ1,4.24,4.24hrs
14/07/2026 18:00:43,buy,0.01,EURAUD,1.63830,14/07/2026 20:05:43,1.63843,-0.05,0.00,1.30,0.04,0.00,0.00,0.00,0.00,1,Dragon Wave_BZ0,2.08,2.08hrs
14/07/2026 19:00:08,buy,0.01,GBPCAD,1.88255,14/07/2026 20:04:08,1.88273,-0.05,0.00,1.80,0.08,0.00,0.00,0.00,0.00,1,Dragon Wave_AZ0,1.07,1.07hrs
14/07/2026 17:00:29,buy,0.01,USDCHF,0.80719,14/07/2026 19:59:13,0.80853,-0.05,0.00,13.40,1.61,0.00,0.00,0.00,0.00,1,Dragon Wave_CZ0,2.98,2.98hrs
14/07/2026 16:00:18,buy,0.01,USDCHF,0.80800,14/07/2026 19:59:08,0.80853,-0.05,0.00,5.30,0.61,0.00,0.00,0.00,0.00,1,Dragon Wave_BZ0,3.98,3.98hrs
14/07/2026 16:00:25,buy,0.01,USDJPY,161.88500,14/07/2026 18:50:12,162.11700,-0.05,0.00,23.20,1.38,0.00,0.00,0.00,0.00,1,Dragon Wave_BZ0,2.83,2.83hrs
14/07/2026 16:00:13,buy,0.01,USDJPY,161.92300,14/07/2026 18:42:13,162.08500,-0.05,0.00,16.20,0.95,0.00,0.00,0.00,0.00,1,Dragon Wave_AZ0,2.70,2.70hrs
14/07/2026 16:00:16,buy,0.01,CADCHF,0.57421,14/07/2026 17:51:17,0.57451,-0.05,0.00,3.00,0.32,0.00,0.00,0.00,0.00,1,Dragon Wave_AZ0,1.85,1.85hrs
14/07/2026 08:00:32,buy,0.01,AUDNZD,1.19770,14/07/2026 16:52:00,1.19900,-0.05,0.00,13.00,0.71,0.00,0.00,0.00,0.00,1,Dragon Wave_CZ0,8.86,8.86hrs
13/07/2026 20:26:57,buy,0.01,EURCAD,1.61130,14/07/2026 15:32:12,1.61201,-0.05,-0.04,7.10,0.42,0.00,0.00,0.00,0.00,1,Dragon Wave_CZ0,19.09,19.09hrs
13/07/2026 20:26:47,buy,0.01,GBPCAD,1.89024,14/07/2026 15:32:03,1.89014,-0.05,0.01,-1.00,-0.11,0.00,0.00,0.00,0.00,1,Dragon Wave_CZ0,19.09,19.09hrs
14/07/2026 09:00:20,buy,0.01,EURAUD,1.64282,14/07/2026 15:26:31,1.64340,-0.05,0.00,5.80,0.35,0.00,0.00,0.00,0.00,1,Dragon Wave_BZ0,6.44,6.44hrs
14/07/2026 15:00:09,buy,0.01,CADCHF,0.57500,14/07/2026 15:19:48,0.57539,-0.05,0.00,3.90,0.43,0.00,0.00,0.00,0.00,1,Dragon Wave_AZ0,0.33,0.33hrs
14/07/2026 14:00:20,buy,0.01,EURGBP,0.85188,14/07/2026 14:49:21,0.85221,-0.05,0.00,3.30,0.39,0.00,0.00,0.00,0.00,1,Dragon Wave_AZ0,0.82,0.82hrs
14/07/2026 11:00:20,buy,0.01,EURAUD,1.64200,14/07/2026 14:48:28,1.64263,-0.05,0.00,6.30,0.38,0.00,0.00,0.00,0.00,1,Dragon Wave_CZ0,3.80,3.80hrs
14/07/2026 13:00:12,buy,0.02,EURAUD,1.64017,14/07/2026 14:42:36,1.64231,-0.10,0.00,21.40,2.87,0.00,0.00,0.00,0.00,1,Dragon Wave_AZ1,1.71,1.71hrs
14/07/2026 08:00:08,buy,0.01,EURAUD,1.64320,14/07/2026 14:42:36,1.64231,-0.05,0.00,-8.90,-0.67,0.00,0.00,0.00,0.00,1,Dragon Wave_AZ0,6.71,6.71hrs
14/07/2026 11:00:08,buy,0.02,EURCAD,1.60738,14/07/2026 14:33:51,1.60889,-0.10,0.00,15.10,2.04,0.00,0.00,0.00,0.00,1,Dragon Wave_AZ1,3.56,3.56hrs
13/07/2026 20:18:50,buy,0.01,EURCAD,1.61142,14/07/2026 14:33:51,1.60889,-0.05,-0.04,-25.30,-1.88,0.00,0.00,0.00,0.00,1,Dragon Wave_AZ0,18.25,18.25hrs
13/07/2026 20:26:49,buy,0.01,EURCAD,1.61119,14/07/2026 14:31:46,1.60838,-0.05,-0.04,-28.10,-2.08,0.00,0.00,0.00,0.00,1,Dragon Wave_BZ0,18.08,18.08hrs
14/07/2026 12:00:14,buy,0.02,EURCAD,1.60633,14/07/2026 14:31:45,1.60838,-0.10,0.00,20.50,2.81,0.00,0.00,0.00,0.00,1,Dragon Wave_BZ1,2.53,2.53hrs
14/07/2026 11:00:33,buy,0.01,GBPCAD,1.88407,14/07/2026 14:19:38,1.88746,-0.05,0.00,33.90,2.36,0.00,0.00,0.00,0.00,1,Dragon Wave_BZ0,3.32,3.32hrs
14/07/2026 11:00:32,buy,0.01,USDCAD,1.41055,14/07/2026 14:00:18,1.41072,-0.05,0.00,1.70,0.07,0.00,0.00,0.00,0.00,1,Dragon Wave_BZ0,3.00,3.00hrs
14/07/2026 11:00:22,buy,0.01,USDCAD,1.41056,14/07/2026 13:59:45,1.41062,-0.05,0.00,0.60,-0.01,0.00,0.00,0.00,0.00,1,Dragon Wave_AZ0,2.99,2.99hrs
13/07/2026 20:26:39,buy,0.01,GBPCAD,1.89026,14/07/2026 13:55:25,1.88620,-0.05,0.01,-40.60,-2.92,0.00,0.00,0.00,0.00,1,Dragon Wave_AZ0,17.48,17.48hrs
14/07/2026 11:00:16,buy,0.02,GBPCAD,1.88382,14/07/2026 13:55:24,1.88599,-0.10,0.00,21.70,2.98,0.00,0.00,0.00,0.00,1,Dragon Wave_AZ1,2.92,2.92hrs
14/07/2026 13:00:08,buy,0.01,USDCHF,0.81197,14/07/2026 13:55:07,0.81274,-0.05,0.00,7.70,0.90,0.00,0.00,0.00,0.00,1,Dragon Wave_AZ0,0.92,0.92hrs
14/07/2026 13:00:12,buy,0.01,USDJPY,162.18700,14/07/2026 13:43:52,162.25000,-0.05,0.00,6.30,0.34,0.00,0.00,0.00,0.00,1,Dragon Wave_AZ0,0.73,0.73hrs
14/07/2026 11:00:29,buy,0.01,GBPAUD,1.92446,14/07/2026 13:41:58,1.92680,-0.05,0.00,23.40,1.57,0.00,0.00,0.00,0.00,1,Dragon Wave_CZ0,2.69,2.69hrs
14/07/2026 13:00:28,buy,0.01,GBPAUD,1.92499,14/07/2026 13:35:13,1.92645,-0.05,0.00,14.60,0.97,0.00,0.00,0.00,0.00,1,Dragon Wave_BZ0,0.58,0.58hrs
14/07/2026 12:35:07,buy,0.01,XAUUSD,4014.72000,14/07/2026 12:40:52,4016.87000,-0.14,0.00,21.50,2.01,0.00,0.00,0.00,0.00,1,Dragon Wave_AZ0,0.10,0.10hrs
14/07/2026 12:00:43,buy,0.01,XAUUSD,4015.74000,14/07/2026 12:04:47,4019.47000,-0.14,0.00,37.30,3.59,0.00,0.00,0.00,0.00,1,Dragon Wave_CZ0,0.07,0.07hrs
14/07/2026 12:00:38,buy,0.01,XAUUSD,4015.46000,14/07/2026 12:03:05,4018.51000,-0.14,0.00,30.50,2.91,0.00,0.00,0.00,0.00,1,Dragon Wave_BZ0,0.04,0.04hrs
14/07/2026 11:00:16,buy,0.02,GBPAUD,1.92426,14/07/2026 11:54:34,1.92653,-0.10,0.00,22.70,3.06,0.00,0.00,0.00,0.00,1,Dragon Wave_BZ1,0.91,0.91hrs
14/07/2026 08:00:26,buy,0.01,GBPAUD,1.92710,14/07/2026 11:54:34,1.92652,-0.05,0.00,-5.80,-0.45,0.00,0.00,0.00,0.00,1,Dragon Wave_BZ0,3.90,3.90hrs
14/07/2026 11:00:04,buy,0.02,GBPAUD,1.92478,14/07/2026 11:37:37,1.92614,-0.10,0.00,13.60,1.79,0.00,0.00,0.00,0.00,1,Dragon Wave_AZ1,0.63,0.63hrs
14/07/2026 08:00:12,buy,0.01,GBPAUD,1.92700,14/07/2026 11:37:37,1.92614,-0.05,0.00,-8.60,-0.65,0.00,0.00,0.00,0.00,1,Dragon Wave_AZ0,3.62,3.62hrs
14/07/2026 11:10:02,buy,0.01,XAUUSD,4016.75000,14/07/2026 11:26:37,4022.67000,-0.14,0.00,59.20,5.78,0.00,0.00,0.00,0.00,1,Dragon Wave_CZ0,0.28,0.28hrs
14/07/2026 11:00:19,buy,0.01,XAUUSD,4021.50000,14/07/2026 11:26:16,4022.15000,-0.14,0.00,6.50,0.51,0.00,0.00,0.00,0.00,1,Dragon Wave_AZ0,0.43,0.43hrs
14/07/2026 11:05:04,buy,0.01,XAUUSD,4019.63000,14/07/2026 11:26:07,4021.43000,-0.14,0.00,18.00,1.66,0.00,0.00,0.00,0.00,1,Dragon Wave_BZ0,0.35,0.35hrs
13/07/2026 20:19:10,buy,0.01,CHFJPY,199.64300,14/07/2026 11:13:01,199.66900,-0.05,-0.08,2.60,0.03,0.00,0.00,0.00,0.00,1,Dragon Wave_BZ0,14.90,14.90hrs
13/07/2026 20:19:08,buy,0.01,CHFJPY,199.64300,14/07/2026 11:13:00,199.66400,-0.05,-0.08,0.00,0.00,0.00,0.00,0.00,0.00,1,Dragon Wave_AZ0,14.90,14.90hrs
13/07/2026 20:19:17,buy,0.01,EURUSD,1.13884,14/07/2026 10:29:09,1.13939,-0.05,-0.07,5.50,0.43,0.00,0.00,0.00,0.00,1,Dragon Wave_CZ0,14.16,14.16hrs
13/07/2026 20:19:19,buy,0.01,AUDCAD,0.97994,14/07/2026 08:32:40,0.98040,-0.05,0.02,4.60,0.29,0.00,0.00,0.00,0.00,1,Dragon Wave_CZ0,12.22,12.22hrs
13/07/2026 20:19:09,buy,0.01,GBPUSD,1.33635,14/07/2026 08:32:30,1.33684,-0.05,-0.02,4.90,0.42,0.00,0.00,0.00,0.00,1,Dragon Wave_CZ0,12.22,12.22hrs
13/07/2026 20:26:57,buy,0.01,XAGUSD,57.59100,14/07/2026 08:30:06,58.11000,-0.10,-0.79,5190.00,25.06,0.00,0.00,0.00,0.00,1,Dragon Wave_CZ0,12.05,12.05hrs
13/07/2026 20:19:05,buy,0.01,GBPUSD,1.33636,14/07/2026 08:20:08,1.33648,-0.05,-0.02,1.20,0.05,0.00,0.00,0.00,0.00,1,Dragon Wave_AZ0,12.02,12.02hrs
13/07/2026 20:26:36,buy,0.01,GBPUSD,1.33595,14/07/2026 06:38:23,1.33636,-0.05,-0.02,4.10,0.34,0.00,0.00,0.00,0.00,1,Dragon Wave_BZ0,10.20,10.20hrs
13/07/2026 20:19:15,buy,0.01,EURUSD,1.13883,14/07/2026 06:37:21,1.13955,-0.05,-0.07,7.20,0.60,0.00,0.00,0.00,0.00,1,Dragon Wave_BZ0,10.30,10.30hrs
13/07/2026 20:19:03,buy,0.01,AUDUSD,0.69250,14/07/2026 05:41:02,0.69275,-0.05,0.00,2.50,0.20,0.00,0.00,0.00,0.00,1,Dragon Wave_CZ0,9.37,9.37hrs
13/07/2026 20:18:56,buy,0.01,AUDUSD,0.69249,14/07/2026 05:31:59,0.69256,-0.05,0.00,0.70,0.02,0.00,0.00,0.00,0.00,1,Dragon Wave_AZ0,9.22,9.22hrs
13/07/2026 20:19:11,buy,0.01,EURUSD,1.13878,14/07/2026 03:55:22,1.13891,-0.05,-0.07,1.30,0.01,0.00,0.00,0.00,0.00,1,Dragon Wave_AZ0,7.60,7.60hrs
13/07/2026 21:00:39,buy,0.01,NZDCAD,0.81394,14/07/2026 02:41:16,0.81521,-0.05,-0.01,12.70,0.84,0.00,0.00,0.00,0.00,1,Dragon Wave_CZ0,5.68,5.68hrs
13/07/2026 20:27:02,buy,0.01,NZDCAD,0.81452,14/07/2026 02:40:57,0.81502,-0.05,-0.01,5.00,0.30,0.00,0.00,0.00,0.00,1,Dragon Wave_BZ0,6.23,6.23hrs
13/07/2026 21:00:22,buy,0.01,NZDCAD,0.81391,14/07/2026 02:36:04,0.81485,-0.05,-0.01,9.40,0.60,0.00,0.00,0.00,0.00,1,Dragon Wave_AZ0,5.59,5.59hrs
13/07/2026 21:00:05,buy,0.01,XAGUSD,57.30900,13/07/2026 21:49:48,57.64300,-0.10,0.00,3340.00,16.60,0.00,0.00,0.00,0.00,1,Dragon Wave_AZ0,0.83,0.83hrs
13/07/2026 21:20:11,buy,0.01,XAUUSD,3988.29000,13/07/2026 21:22:23,3990.87000,-0.14,0.00,25.80,2.44,0.00,0.00,0.00,0.00,1,Dragon Wave_AZ0,0.04,0.04hrs
13/07/2026 19:44:23,balance,0.01,,0.00000,13/07/2026 19:44:23,0.00000,0.00,0.00,0.00,1000000.00,0.00,0.00,0.00,0.00,0,Deposit,0.00,0.00hrs
