Open Time,Type,Lots,Symbol,Open Price,Close Time,Close Price,Commission,Swap,Net Pips,Net Profit,Max Profit,Max Pips,Max Loss,Max Loss Pips,Magic Number,Comment,Holding Time (Hours),Holding Time
30/04/2026 14:33:44,buy,0.02,USDJPY,156.62900,04/05/2026 13:18:54,157.14100,-0.10,0.05,51.20,6.47,8.75,69.20,-12.73,-98.30,1,Dragon Wave_IZ2,94.75,3.95days
30/04/2026 14:47:40,buy,0.02,USDJPY,155.75400,04/05/2026 13:18:29,157.18900,-0.10,0.05,143.50,18.21,19.87,156.70,-1.03,-7.60,1,Dragon Wave_BZ2,94.51,3.94days
01/05/2026 17:15:11,buy,0.02,USDCHF,0.77836,04/05/2026 10:31:47,0.78217,-0.10,0.06,38.10,9.70,10.01,39.30,-0.92,-3.20,1,Dragon Wave_IZ2,65.28,2.72days
01/05/2026 17:15:32,buy,0.02,USDCHF,0.77834,04/05/2026 10:28:31,0.78223,-0.10,0.06,38.90,9.91,9.91,38.90,-0.87,-3.00,1,Dragon Wave_KZ2[tp],65.22,2.72days
30/04/2026 22:01:20,buy,0.02,USDCHF,0.78098,04/05/2026 09:46:04,0.78135,-0.10,0.06,3.70,0.91,4.86,19.40,-7.66,-29.40,1,Dragon Wave_DZ2[tp],83.75,3.49days
30/04/2026 14:16:08,buy,0.02,EURJPY,183.47800,04/05/2026 06:16:55,184.35800,-0.10,-0.13,88.00,10.96,13.79,110.30,-13.93,-107.60,1,Dragon Wave_IZ2,88.01,3.67days
30/04/2026 14:49:09,buy,0.05,EURJPY,182.73800,04/05/2026 06:16:52,184.35300,-0.25,-0.32,161.50,50.80,58.00,184.30,-1.08,-2.60,1,Dragon Wave_IZ3,87.46,3.64days
30/04/2026 14:19:04,buy,0.02,NZDJPY,92.15100,04/05/2026 06:16:35,92.97000,-0.10,0.05,81.90,10.37,10.37,81.90,-9.74,-75.00,1,Dragon Wave_JZ2,87.96,3.66days
30/04/2026 14:49:02,buy,0.05,NZDJPY,91.58500,04/05/2026 06:16:31,92.97500,-0.25,0.12,139.00,44.07,44.07,139.00,-0.99,-2.30,1,Dragon Wave_JZ3,87.46,3.64days
30/04/2026 14:48:33,buy,0.02,CHFJPY,198.67100,04/05/2026 06:16:20,201.31300,-0.10,0.00,264.20,33.51,33.66,265.60,0.00,0.00,1,Dragon Wave_JZ2,87.46,3.64days
30/04/2026 14:16:04,buy,0.02,AUDJPY,112.20900,04/05/2026 05:46:51,113.29000,-0.10,0.20,108.10,13.85,13.85,108.10,-10.53,-81.20,1,Dragon Wave_EZ2,87.51,3.65days
30/04/2026 14:48:00,buy,0.05,AUDJPY,111.50600,04/05/2026 05:46:48,113.29400,-0.25,0.50,178.80,57.13,57.13,178.80,0.00,0.00,1,Dragon Wave_EZ3,86.98,3.62days
30/04/2026 14:49:09,buy,0.02,NZDJPY,91.58700,04/05/2026 05:46:33,92.91300,-0.10,0.05,132.60,16.82,16.82,132.60,-0.42,-2.50,1,Dragon Wave_LZ2,86.96,3.62days
30/04/2026 14:48:48,buy,0.02,CHFJPY,198.72300,04/05/2026 05:46:31,201.23900,-0.10,0.00,251.60,31.91,33.00,260.40,-0.01,0.00,1,Dragon Wave_LZ2,86.96,3.62days
30/04/2026 14:02:04,buy,0.02,GBPJPY,212.51000,04/05/2026 05:45:52,213.50900,-0.10,0.02,99.90,12.64,19.32,152.60,-25.20,-195.30,1,Dragon Wave_BZ2,87.73,3.66days
30/04/2026 14:31:03,buy,0.05,GBPJPY,211.83700,04/05/2026 05:45:49,213.50700,-0.25,0.06,167.00,52.94,69.72,219.90,-41.37,-128.00,1,Dragon Wave_BZ3,87.25,3.64days
30/04/2026 14:45:29,buy,0.13,GBPJPY,210.68200,04/05/2026 05:45:45,213.50800,-0.65,0.15,282.60,233.22,276.72,335.40,-11.09,-12.50,1,Dragon Wave_BZ4,87.00,3.63days
30/04/2026 14:45:44,buy,0.02,CADJPY,114.01600,04/05/2026 05:31:23,115.63000,-0.10,-0.12,161.40,20.32,23.58,187.20,-0.56,-3.60,1,Dragon Wave_BZ2,86.76,3.62days
30/04/2026 14:33:56,buy,0.02,USDJPY,156.51500,04/05/2026 05:16:51,157.11800,-0.10,0.05,60.30,7.63,10.20,80.60,-11.27,-86.90,1,Dragon Wave_KZ2,86.72,3.61days
30/04/2026 14:17:40,buy,0.02,NZDJPY,92.12600,04/05/2026 05:16:42,92.87200,-0.10,0.05,74.60,9.45,9.93,78.40,-9.42,-72.50,1,Dragon Wave_EZ2,86.98,3.62days
30/04/2026 14:04:27,buy,0.02,EURJPY,184.00700,04/05/2026 05:16:42,184.24100,-0.10,-0.13,23.40,2.75,7.07,57.40,-20.72,-160.50,1,Dragon Wave_KZ2,87.20,3.63days
30/04/2026 14:49:22,buy,0.05,EURJPY,182.71900,04/05/2026 05:16:39,184.24100,-0.25,-0.32,152.20,47.87,58.61,186.20,0.00,0.00,1,Dragon Wave_KZ3,86.45,3.60days
30/04/2026 14:48:17,buy,0.05,NZDJPY,91.52200,04/05/2026 05:16:39,92.87100,-0.25,0.12,134.90,42.80,44.04,138.80,0.00,0.00,1,Dragon Wave_EZ3,86.47,3.60days
30/04/2026 14:31:56,buy,0.02,GBPJPY,212.01100,04/05/2026 05:16:23,213.44900,-0.10,0.02,143.80,18.23,25.67,202.50,-18.78,-145.40,1,Dragon Wave_IZ2,86.74,3.61days
30/04/2026 14:48:08,buy,0.05,GBPJPY,210.80400,04/05/2026 05:16:20,213.45200,-0.25,0.06,264.80,84.07,102.55,323.20,0.00,0.00,1,Dragon Wave_IZ3,86.47,3.60days
30/04/2026 14:47:42,buy,0.02,CHFJPY,198.47000,04/05/2026 05:16:10,201.18500,-0.10,0.00,271.50,34.45,36.22,285.70,0.00,0.00,1,Dragon Wave_EZ2,86.47,3.60days
30/04/2026 14:49:04,buy,0.02,CADJPY,114.20100,04/05/2026 05:01:53,115.58000,-0.10,-0.12,137.90,17.34,21.23,168.70,-0.41,-2.40,1,Dragon Wave_IZ2,86.21,3.59days
30/04/2026 14:31:35,buy,0.02,AUDJPY,112.24800,04/05/2026 05:01:45,113.20800,-0.10,0.20,96.00,12.33,12.66,98.70,-11.04,-85.10,1,Dragon Wave_GZ2,86.50,3.60days
30/04/2026 14:48:25,buy,0.05,AUDJPY,111.56200,04/05/2026 05:01:43,113.20700,-0.25,0.50,164.50,52.62,53.47,167.30,0.00,0.00,1,Dragon Wave_GZ3,86.22,3.59days
30/04/2026 14:17:54,buy,0.02,NZDJPY,92.14200,04/05/2026 05:01:41,92.80800,-0.10,0.05,66.60,8.43,9.42,74.50,-9.62,-74.10,1,Dragon Wave_GZ2,86.73,3.61days
30/04/2026 14:48:32,buy,0.05,NZDJPY,91.55100,04/05/2026 05:01:38,92.80200,-0.25,0.12,125.10,39.69,42.34,133.60,0.00,0.00,1,Dragon Wave_GZ3,86.22,3.59days
30/04/2026 14:18:22,buy,0.02,GBPJPY,212.32300,04/05/2026 05:01:18,213.34700,-0.10,0.02,102.40,12.96,21.70,171.30,-22.79,-176.60,1,Dragon Wave_KZ2,86.72,3.61days
30/04/2026 14:48:37,buy,0.05,GBPJPY,210.89200,04/05/2026 05:01:16,213.34600,-0.25,0.06,245.40,77.93,99.76,314.40,0.00,0.00,1,Dragon Wave_KZ3,86.21,3.59days
30/04/2026 14:19:20,buy,0.02,NZDJPY,92.19800,04/05/2026 04:46:37,92.70700,-0.10,0.05,50.90,6.44,8.71,68.90,-10.34,-79.70,1,Dragon Wave_NZ2,86.45,3.60days
30/04/2026 14:49:18,buy,0.05,NZDJPY,91.57300,04/05/2026 04:46:34,92.70800,-0.25,0.12,113.50,36.02,41.64,131.40,-0.60,-1.10,1,Dragon Wave_NZ3,85.95,3.58days
30/04/2026 14:02:44,buy,0.02,EURJPY,184.02800,04/05/2026 04:45:51,184.10700,-0.10,-0.13,7.90,0.78,6.80,55.30,-20.99,-162.60,1,Dragon Wave_DZ2,86.72,3.61days
30/04/2026 14:48:20,buy,0.05,EURJPY,182.64200,04/05/2026 04:45:47,184.10600,-0.25,-0.32,146.40,46.05,61.06,193.90,0.00,0.00,1,Dragon Wave_DZ3,85.96,3.58days
30/04/2026 14:33:09,buy,0.02,USDJPY,156.75400,04/05/2026 04:15:36,157.01300,-0.10,0.05,25.90,3.25,7.16,56.70,-14.34,-110.80,1,Dragon Wave_DZ2,85.71,3.57days
30/04/2026 17:19:03,buy,0.02,USDCHF,0.78209,04/05/2026 03:31:18,0.78146,-0.10,0.06,-6.30,-1.65,5.31,21.20,-10.51,-40.50,1,Dragon Wave_FZ2,82.20,3.43days
01/05/2026 15:31:47,buy,0.05,USDCHF,0.77943,04/05/2026 03:31:14,0.78147,-0.25,0.14,20.40,12.94,14.72,23.40,-9.18,-13.90,1,Dragon Wave_FZ3,59.99,2.50days
30/04/2026 14:49:22,buy,0.02,CADJPY,114.19200,01/05/2026 22:03:01,115.60700,-0.10,-0.12,141.50,17.80,21.34,169.60,0.00,0.00,1,Dragon Wave_KZ2,31.23,1.30days
30/04/2026 14:33:22,buy,0.02,USDJPY,156.76600,01/05/2026 21:17:13,157.08800,-0.10,0.05,32.20,4.05,7.01,55.50,-14.49,-112.00,1,Dragon Wave_FZ2,30.73,1.28days
30/04/2026 17:16:54,buy,0.02,USDCHF,0.78236,01/05/2026 21:15:33,0.78119,-0.10,0.00,-11.70,-3.10,4.62,18.50,-11.20,-43.20,1,Dragon Wave_AZ2,27.98,1.17days
01/05/2026 15:30:40,buy,0.05,USDCHF,0.77945,01/05/2026 21:15:29,0.78120,-0.25,0.00,17.50,10.95,11.65,18.60,-9.31,-14.10,1,Dragon Wave_AZ3,5.75,5.75hrs
30/04/2026 14:16:07,buy,0.02,CADJPY,114.78700,01/05/2026 20:46:50,115.56500,-0.10,-0.12,77.80,9.69,13.78,110.10,-10.47,-80.70,1,Dragon Wave_DZ2,30.51,1.27days
01/05/2026 15:17:37,sell,0.02,GBPUSD,1.36326,01/05/2026 20:46:47,1.35905,-0.10,0.00,42.10,8.32,8.36,42.30,-4.56,-22.30,1,Dragon Wave_FZ2,5.49,5.49hrs
30/04/2026 14:48:23,buy,0.05,CADJPY,114.14600,01/05/2026 20:46:46,115.55400,-0.25,-0.30,140.80,44.29,54.82,174.20,0.00,0.00,1,Dragon Wave_DZ3,29.97,1.25days
30/04/2026 14:03:39,buy,0.02,AUDJPY,112.40100,01/05/2026 20:17:56,113.21200,-0.10,0.20,81.10,10.43,10.71,83.40,-13.00,-100.40,1,Dragon Wave_NZ2,30.24,1.26days
30/04/2026 14:49:21,buy,0.05,AUDJPY,111.60700,01/05/2026 20:17:50,113.21600,-0.25,0.50,160.90,51.52,52.04,162.80,0.00,0.00,1,Dragon Wave_NZ3,29.47,1.23days
01/05/2026 15:16:53,sell,0.02,GBPUSD,1.36322,01/05/2026 20:02:50,1.35990,-0.10,0.00,33.20,6.54,6.54,33.20,-4.64,-22.70,1,Dragon Wave_AZ2,4.77,4.77hrs
30/04/2026 14:48:08,buy,0.02,CHFJPY,198.61400,01/05/2026 19:17:48,201.16700,-0.10,0.00,255.30,32.48,34.39,271.30,0.00,0.00,1,Dragon Wave_GZ2,28.49,1.19days
30/04/2026 14:46:01,buy,0.05,USDJPY,155.71700,01/05/2026 18:50:40,156.87700,-0.25,0.13,116.00,36.85,50.86,160.40,-2.53,-7.10,1,Dragon Wave_AZ3[tp],28.08,1.17days
30/04/2026 14:16:19,buy,0.02,USDJPY,156.70400,01/05/2026 18:50:40,156.87700,-0.10,0.05,17.30,2.16,7.79,61.70,-13.70,-105.80,1,Dragon Wave_AZ2[tp],28.57,1.19days
30/04/2026 14:00:18,buy,0.02,AUDJPY,112.42600,01/05/2026 18:32:06,113.16700,-0.10,0.20,74.10,9.55,10.39,80.90,-13.32,-102.90,1,Dragon Wave_BZ2,28.53,1.19days
30/04/2026 14:45:30,buy,0.05,AUDJPY,111.43900,01/05/2026 18:32:02,113.16100,-0.25,0.50,172.20,55.18,57.38,179.60,-1.60,-4.20,1,Dragon Wave_BZ3,27.78,1.16days
30/04/2026 14:16:12,buy,0.02,NZDJPY,91.96800,01/05/2026 18:16:52,92.74300,-0.10,0.05,77.50,9.85,11.64,91.90,-7.39,-56.70,1,Dragon Wave_BZ2,28.01,1.17days
30/04/2026 14:47:37,buy,0.05,NZDJPY,91.45400,01/05/2026 18:16:47,92.74300,-0.25,0.12,128.90,41.02,45.42,143.30,0.00,0.00,1,Dragon Wave_BZ3,27.49,1.15days
30/04/2026 14:49:03,buy,0.02,CHFJPY,198.77700,01/05/2026 18:03:49,201.17500,-0.10,0.00,239.80,30.51,32.32,255.00,-0.70,-4.70,1,Dragon Wave_NZ2,27.25,1.14days
01/05/2026 03:16:42,buy,0.02,EURGBP,0.86223,01/05/2026 17:57:22,0.86385,-0.10,0.00,16.20,4.31,4.31,16.20,-0.73,-2.30,1,Dragon Wave_DZ2[tp],14.68,14.68hrs
30/04/2026 14:18:25,buy,0.02,NZDJPY,92.14600,01/05/2026 17:48:41,92.72800,-0.10,0.05,58.20,7.38,9.37,74.10,-9.67,-74.50,1,Dragon Wave_IZ2,27.50,1.15days
30/04/2026 14:01:54,buy,0.02,AUDJPY,112.45800,01/05/2026 17:48:26,113.08500,-0.10,0.20,62.70,8.10,9.99,77.70,-13.73,-106.10,1,Dragon Wave_IZ2,27.78,1.16days
30/04/2026 14:48:45,buy,0.05,AUDJPY,111.61000,01/05/2026 17:48:20,113.08500,-0.25,0.50,147.50,47.33,51.94,162.50,-0.57,-1.00,1,Dragon Wave_IZ3,26.99,1.12days
30/04/2026 22:45:17,buy,0.02,EURGBP,0.86251,01/05/2026 17:36:09,0.86340,-0.10,-0.32,8.90,2.01,2.01,8.90,-1.81,-5.10,1,Dragon Wave_AZ2[tp],18.85,18.85hrs
30/04/2026 13:47:21,buy,0.02,EURJPY,184.77700,01/05/2026 17:32:14,184.34000,-0.10,-0.13,-43.70,-5.82,0.00,0.00,-30.62,-237.50,1,Dragon Wave_FZ2,27.75,1.16days
30/04/2026 14:03:28,buy,0.05,EURJPY,183.90200,01/05/2026 17:32:10,184.35300,-0.25,-0.32,45.10,13.84,21.01,67.90,-48.44,-150.00,1,Dragon Wave_FZ3,27.48,1.14days
30/04/2026 14:48:37,buy,0.13,EURJPY,182.68600,01/05/2026 17:32:06,184.35200,-0.65,-0.82,166.60,136.96,155.12,189.50,0.00,0.00,1,Dragon Wave_FZ4,26.72,1.11days
30/04/2026 14:45:42,buy,0.02,CHFJPY,198.41400,01/05/2026 17:31:49,201.05600,-0.10,0.00,264.20,33.67,36.93,291.30,-0.88,-6.10,1,Dragon Wave_BZ2,26.77,1.12days
30/04/2026 14:02:42,buy,0.02,AUDJPY,112.43500,01/05/2026 17:19:08,113.02200,-0.10,0.20,58.70,7.60,10.28,80.00,-13.44,-103.80,1,Dragon Wave_KZ2,27.27,1.14days
30/04/2026 14:49:06,buy,0.05,AUDJPY,111.60700,01/05/2026 17:19:01,113.02200,-0.25,0.50,141.50,45.46,52.04,162.80,-0.47,-0.70,1,Dragon Wave_KZ3,26.50,1.10days
30/04/2026 14:17:24,buy,0.02,GBPJPY,212.25800,01/05/2026 17:17:51,213.56100,-0.10,0.02,130.30,16.57,22.53,177.80,-21.96,-170.10,1,Dragon Wave_DZ2,27.01,1.13days
30/04/2026 14:48:26,buy,0.02,CHFJPY,198.64800,01/05/2026 17:17:49,201.00700,-0.10,0.00,235.90,30.05,33.96,267.90,0.00,0.00,1,Dragon Wave_IZ2,26.49,1.10days
30/04/2026 14:46:20,buy,0.05,GBPJPY,210.54400,01/05/2026 17:17:46,213.55400,-0.25,0.06,301.00,95.99,110.82,349.20,0.00,0.00,1,Dragon Wave_DZ3,26.52,1.11days
30/04/2026 13:45:46,buy,0.02,AUDJPY,112.85800,01/05/2026 17:02:30,112.94300,-0.10,0.20,8.50,1.18,4.90,37.70,-18.87,-146.10,1,Dragon Wave_DZ2,27.28,1.14days
30/04/2026 14:15:52,buy,0.05,AUDJPY,112.21400,01/05/2026 17:02:26,112.94600,-0.25,0.50,73.20,23.65,32.73,102.10,-26.50,-81.70,1,Dragon Wave_DZ3,26.78,1.12days
30/04/2026 14:47:37,buy,0.13,AUDJPY,111.46400,01/05/2026 17:02:21,112.95500,-0.65,1.31,149.10,124.56,147.13,177.10,0.00,0.00,1,Dragon Wave_DZ4,26.25,1.09days
30/04/2026 13:46:26,buy,0.02,EURJPY,184.75600,01/05/2026 15:32:25,184.14300,-0.10,-0.13,-61.30,-8.07,0.00,0.00,-30.35,-235.40,1,Dragon Wave_AZ2,25.77,1.07days
30/04/2026 14:01:28,buy,0.05,EURJPY,184.04600,01/05/2026 15:32:21,184.15500,-0.25,-0.32,10.90,2.91,16.43,53.50,-53.06,-164.40,1,Dragon Wave_AZ3,25.51,1.06days
30/04/2026 14:47:37,buy,0.13,EURJPY,182.50500,01/05/2026 15:32:17,184.13900,-0.65,-0.82,163.40,134.29,170.08,207.60,0.00,0.00,1,Dragon Wave_AZ4,24.74,1.03days
30/04/2026 14:19:15,buy,0.02,NZDJPY,92.18500,01/05/2026 06:16:55,92.85700,-0.10,0.05,67.20,8.50,8.88,70.20,-10.17,-78.40,1,Dragon Wave_KZ2,15.96,15.96hrs
30/04/2026 14:01:02,buy,0.02,CADJPY,115.03700,01/05/2026 06:16:51,115.84700,-0.10,-0.12,81.00,10.08,10.60,85.10,-13.68,-105.70,1,Dragon Wave_FZ2,16.26,16.26hrs
30/04/2026 14:48:43,buy,0.05,CADJPY,114.19200,01/05/2026 06:16:48,115.84900,-0.25,-0.30,165.70,52.14,53.35,169.60,-0.73,-1.50,1,Dragon Wave_FZ3,15.47,15.47hrs
30/04/2026 14:03:36,buy,0.02,GBPJPY,212.26400,01/05/2026 05:47:18,213.94800,-0.10,0.02,168.40,21.33,21.33,168.40,-22.03,-170.70,1,Dragon Wave_FZ2,15.73,15.73hrs
30/04/2026 14:47:31,buy,0.05,GBPJPY,210.66200,01/05/2026 05:47:15,213.95000,-0.25,0.06,328.80,104.33,104.33,328.80,0.00,0.00,1,Dragon Wave_FZ3,15.00,15.00hrs
30/04/2026 14:48:41,buy,0.02,CHFJPY,198.68500,01/05/2026 05:47:10,201.29100,-0.10,0.00,260.60,33.04,33.04,260.60,0.00,0.00,1,Dragon Wave_KZ2,14.97,14.97hrs
30/04/2026 14:17:25,buy,0.02,NZDJPY,92.11600,01/05/2026 03:47:04,92.84300,-0.10,0.05,72.70,9.19,9.19,72.70,-9.29,-71.50,1,Dragon Wave_DZ2,13.49,13.49hrs
30/04/2026 13:46:23,buy,0.02,AUDJPY,112.89600,01/05/2026 03:47:03,113.17400,-0.10,0.20,27.80,3.64,3.69,28.20,-19.36,-149.90,1,Dragon Wave_FZ2,14.01,14.01hrs
30/04/2026 14:48:07,buy,0.05,NZDJPY,91.51600,01/05/2026 03:47:01,92.84400,-0.25,0.12,132.80,42.10,42.10,132.80,0.00,0.00,1,Dragon Wave_DZ3,12.98,12.98hrs
30/04/2026 14:16:52,buy,0.05,AUDJPY,112.30000,01/05/2026 03:46:59,113.18200,-0.25,0.50,88.20,28.30,28.30,88.20,-29.26,-90.30,1,Dragon Wave_FZ3,13.50,13.50hrs
30/04/2026 14:48:13,buy,0.13,AUDJPY,111.54100,01/05/2026 03:46:55,113.18800,-0.65,1.31,164.70,136.84,136.84,164.70,0.00,0.00,1,Dragon Wave_FZ4,12.98,12.98hrs
30/04/2026 14:48:02,buy,0.02,CHFJPY,198.55700,01/05/2026 03:32:18,201.17300,-0.10,0.00,261.60,33.17,33.39,263.30,0.00,0.00,1,Dragon Wave_FZ2,12.74,12.74hrs
30/04/2026 14:46:59,buy,0.02,CHFJPY,198.28000,01/05/2026 03:31:51,201.22300,-0.10,0.00,294.30,37.33,37.33,294.30,0.00,0.00,1,Dragon Wave_DZ2,12.75,12.75hrs
30/04/2026 14:00:22,buy,0.02,CADJPY,115.10500,01/05/2026 03:30:49,115.82600,-0.10,-0.12,72.10,8.95,8.95,72.10,-14.56,-112.50,1,Dragon Wave_AZ2,13.51,13.51hrs
30/04/2026 14:45:30,buy,0.05,CADJPY,114.03100,01/05/2026 03:30:45,115.83500,-0.25,-0.30,180.40,56.81,56.81,180.40,-1.89,-5.10,1,Dragon Wave_AZ3,12.75,12.75hrs
30/04/2026 14:30:50,buy,0.02,CHFJPY,199.46200,01/05/2026 03:16:44,201.07600,-0.10,0.00,161.40,20.44,21.45,169.30,-14.35,-110.90,1,Dragon Wave_AZ2,12.77,12.77hrs
30/04/2026 14:01:04,buy,0.02,GBPJPY,212.38700,01/05/2026 03:16:41,213.73900,-0.10,0.02,135.20,17.12,17.62,139.10,-23.62,-183.00,1,Dragon Wave_AZ2,13.26,13.26hrs
30/04/2026 14:45:26,buy,0.05,CHFJPY,198.48000,01/05/2026 03:16:36,201.07900,-0.25,0.00,259.90,82.44,84.86,267.50,-4.33,-12.70,1,Dragon Wave_AZ3,12.52,12.52hrs
30/04/2026 14:45:03,buy,0.05,GBPJPY,210.76900,01/05/2026 03:16:36,213.73000,-0.25,0.06,296.10,94.02,95.55,300.90,-7.06,-21.20,1,Dragon Wave_AZ3,12.53,12.53hrs
30/04/2026 14:45:09,buy,0.13,AUDJPY,111.57600,01/05/2026 03:06:19,113.16100,-0.65,1.31,158.50,131.80,131.80,158.50,-15.60,-17.90,1,Dragon Wave_AZ4[tp],12.35,12.35hrs
30/04/2026 14:15:06,buy,0.05,AUDJPY,112.22200,01/05/2026 03:06:19,113.16100,-0.25,0.50,93.90,30.13,30.13,93.90,-26.75,-82.50,1,Dragon Wave_AZ3[tp],12.85,12.85hrs
30/04/2026 13:45:19,buy,0.02,AUDJPY,112.77000,01/05/2026 03:06:19,113.16100,-0.10,0.20,39.10,5.08,5.08,39.10,-17.74,-137.30,1,Dragon Wave_AZ2[tp],13.35,13.35hrs
30/04/2026 14:17:48,buy,0.02,NZDJPY,92.12300,01/05/2026 03:02:47,92.79100,-0.10,0.05,66.80,8.45,8.45,66.80,-9.38,-72.20,1,Dragon Wave_FZ2,12.75,12.75hrs
30/04/2026 14:48:26,buy,0.05,NZDJPY,91.53300,01/05/2026 03:02:43,92.79500,-0.25,0.12,126.20,40.04,40.04,126.20,0.00,0.00,1,Dragon Wave_FZ3,12.24,12.24hrs
30/04/2026 14:01:38,buy,0.02,NZDJPY,92.18500,01/05/2026 02:45:57,92.71200,-0.10,0.05,52.70,6.66,6.66,52.70,-10.17,-78.40,1,Dragon Wave_AZ2,12.74,12.74hrs
30/04/2026 14:47:16,buy,0.05,NZDJPY,91.37900,01/05/2026 02:45:53,92.69600,-0.25,0.12,131.70,41.84,41.84,131.70,0.00,0.00,1,Dragon Wave_AZ3,11.98,11.98hrs
29/04/2026 21:17:35,buy,0.02,NZDCAD,0.79728,30/04/2026 14:18:40,0.80147,-0.10,-0.11,41.90,5.92,5.92,41.90,-2.29,-14.20,1,Dragon Wave_GZ2,17.02,17.02hrs
29/04/2026 21:32:18,buy,0.02,NZDCAD,0.79706,30/04/2026 14:18:23,0.80143,-0.10,-0.11,43.70,6.19,6.19,43.70,-1.96,-12.00,1,Dragon Wave_EZ2,16.77,16.77hrs
29/04/2026 19:31:20,buy,0.02,NZDCAD,0.79777,30/04/2026 14:03:16,0.80078,-0.10,-0.11,30.10,4.20,4.26,30.50,-3.00,-19.10,1,Dragon Wave_NZ2,18.53,18.53hrs
29/04/2026 19:00:15,buy,0.02,NZDCAD,0.79794,30/04/2026 14:01:54,0.80078,-0.10,-0.11,28.40,3.95,4.01,28.80,-3.25,-20.80,1,Dragon Wave_BZ2,19.03,19.03hrs
29/04/2026 19:00:31,buy,0.02,NZDCAD,0.79811,30/04/2026 13:33:06,0.80039,-0.10,-0.11,22.80,3.13,3.13,22.80,-3.50,-22.50,1,Dragon Wave_IZ2,18.54,18.54hrs
29/04/2026 21:49:09,buy,0.02,AUDCAD,0.97284,30/04/2026 13:30:40,0.97674,-0.10,0.07,39.00,5.69,5.69,39.00,-0.16,-0.40,1,Dragon Wave_KZ2,15.69,15.69hrs
29/04/2026 21:47:54,buy,0.05,NZDCAD,0.79630,30/04/2026 12:31:34,0.79960,-0.25,-0.28,33.00,11.55,11.55,33.00,-2.14,-4.40,1,Dragon Wave_KZ3[tp],14.73,14.73hrs
29/04/2026 18:17:53,buy,0.02,NZDCAD,0.79898,30/04/2026 12:31:34,0.79960,-0.10,-0.11,6.20,0.70,0.70,6.20,-4.77,-31.20,1,Dragon Wave_KZ2[tp],18.23,18.23hrs
29/04/2026 21:48:21,buy,0.02,AUDCAD,0.97273,30/04/2026 12:31:02,0.97621,-0.10,0.07,34.80,5.06,5.06,34.80,0.00,0.00,1,Dragon Wave_FZ2[tp],14.71,14.71hrs
29/04/2026 21:32:26,buy,0.05,NZDCAD,0.79707,30/04/2026 12:31:02,0.79936,-0.25,-0.28,22.90,7.85,7.85,22.90,-4.95,-12.10,1,Dragon Wave_FZ3[tp],14.98,14.98hrs
29/04/2026 17:17:29,buy,0.02,NZDCAD,0.79958,30/04/2026 12:31:02,0.79936,-0.10,-0.11,-2.20,-0.53,0.46,3.80,-5.65,-37.20,1,Dragon Wave_FZ2[tp],19.23,19.23hrs
29/04/2026 21:31:18,buy,0.05,NZDCAD,0.79706,30/04/2026 12:30:47,0.79921,-0.25,-0.28,21.50,7.34,7.34,21.50,-4.92,-12.00,1,Dragon Wave_DZ3[tp],14.99,14.99hrs
29/04/2026 17:17:08,buy,0.02,NZDCAD,0.79953,30/04/2026 12:30:47,0.79921,-0.10,-0.11,-3.20,-0.68,0.53,4.30,-5.57,-36.70,1,Dragon Wave_DZ2[tp],19.23,19.23hrs
29/04/2026 21:46:10,buy,0.02,NZDUSD,0.58185,30/04/2026 12:30:36,0.58460,-0.10,-0.21,27.50,5.19,5.27,27.90,-0.18,-0.40,1,Dragon Wave_DZ2[tp],14.74,14.74hrs
28/04/2026 10:01:12,sell,0.02,GBPCHF,1.06586,30/04/2026 11:05:57,1.06535,-0.10,-2.05,5.10,-0.86,3.22,13.10,-11.69,-37.70,1,Dragon Wave_FZ2[tp],49.08,2.04days
29/04/2026 21:15:34,buy,0.05,NZDCAD,0.79730,30/04/2026 11:05:30,0.79889,-0.25,-0.28,15.90,5.29,5.29,15.90,-5.79,-14.40,1,Dragon Wave_AZ3[tp],13.83,13.83hrs
29/04/2026 16:45:58,buy,0.02,NZDCAD,0.79982,30/04/2026 11:05:30,0.79889,-0.10,-0.11,-9.30,-1.57,0.32,2.90,-6.00,-39.60,1,Dragon Wave_AZ2[tp],18.33,18.33hrs
29/04/2026 21:47:16,buy,0.02,AUDCAD,0.97256,30/04/2026 11:04:09,0.97539,-0.10,0.07,28.30,4.11,4.11,28.30,0.00,0.00,1,Dragon Wave_AZ2[tp],13.28,13.28hrs
29/04/2026 06:15:06,sell,0.02,AUDNZD,1.22227,30/04/2026 02:46:05,1.22032,-0.10,-0.36,19.50,1.82,2.17,21.10,-1.60,-12.80,1,Dragon Wave_IZ2,20.52,20.52hrs
29/04/2026 06:15:54,sell,0.02,AUDNZD,1.22230,30/04/2026 00:45:56,1.21994,-0.10,-0.36,23.60,2.29,2.29,23.60,-1.56,-12.50,1,Dragon Wave_KZ2[tp],18.50,18.50hrs
28/04/2026 22:45:59,sell,0.02,GBPCHF,1.06732,29/04/2026 18:16:58,1.06546,-0.10,-2.05,18.60,2.56,3.45,22.10,-8.00,-23.10,1,Dragon Wave_IZ2,19.52,19.52hrs
28/04/2026 11:01:20,sell,0.02,GBPCHF,1.06648,29/04/2026 09:47:02,1.06529,-0.10,-2.05,11.90,0.86,4.79,19.30,-10.12,-31.50,1,Dragon Wave_KZ2,22.76,22.76hrs
28/04/2026 11:04:54,sell,0.02,AUDCHF,0.56629,29/04/2026 09:17:44,0.56482,-0.10,-0.93,14.70,2.69,2.69,14.70,-4.73,-14.60,1,Dragon Wave_NZ2,22.21,22.21hrs
28/04/2026 20:16:49,sell,0.02,AUDNZD,1.22032,29/04/2026 04:30:59,1.21933,-0.10,-0.12,9.90,0.95,0.95,9.90,-2.15,-16.40,1,Dragon Wave_AZ2[tp],8.24,8.24hrs
28/04/2026 11:00:23,sell,0.02,AUDCHF,0.56648,29/04/2026 04:30:51,0.56628,-0.10,-0.93,2.00,-0.53,2.86,11.70,-4.24,-12.70,1,Dragon Wave_AZ2[tp],17.51,17.51hrs
17/04/2026 09:16:05,buy,0.02,GBPCAD,1.84838,24/04/2026 17:05:42,1.84924,-0.10,0.14,8.60,1.29,12.51,86.10,-9.53,-64.70,1,Dragon Wave_BZ2[tp],175.83,7.33days
23/04/2026 19:47:45,sell,0.02,AUDNZD,1.21776,24/04/2026 14:33:03,1.21666,-0.10,-0.13,11.00,1.06,1.06,11.00,-1.49,-10.80,1,Dragon Wave_FZ2,18.75,18.75hrs
23/04/2026 17:01:17,sell,0.02,AUDNZD,1.21691,24/04/2026 14:30:26,1.21656,-0.10,-0.13,3.50,0.18,0.18,3.50,-2.49,-19.30,1,Dragon Wave_AZ2[tp],21.49,21.49hrs
23/04/2026 20:46:38,buy,0.02,NZDCAD,0.80118,24/04/2026 14:08:06,0.80294,-0.10,-0.04,17.60,2.43,3.51,24.70,-1.05,-6.50,1,Dragon Wave_FZ2[tp],17.36,17.36hrs
23/04/2026 13:30:02,buy,0.02,EURGBP,0.86575,23/04/2026 20:48:06,0.86764,-0.10,0.00,18.90,4.99,5.15,19.50,-1.15,-3.90,1,Dragon Wave_IZ2,7.30,7.30hrs
23/04/2026 13:30:34,buy,0.02,EURGBP,0.86578,23/04/2026 20:17:29,0.86760,-0.10,0.00,18.20,4.80,5.07,19.20,-1.23,-4.20,1,Dragon Wave_KZ2,6.78,6.78hrs
23/04/2026 14:16:07,buy,0.02,EURCAD,1.59733,23/04/2026 19:48:23,1.60227,-0.10,0.00,49.40,7.11,7.19,49.90,-1.28,-8.10,1,Dragon Wave_GZ2,5.54,5.54hrs
23/04/2026 11:45:28,buy,0.02,EURCAD,1.59829,23/04/2026 19:32:07,1.60212,-0.10,0.00,38.30,5.49,5.49,38.30,-2.69,-17.70,1,Dragon Wave_NZ2,7.78,7.78hrs
23/04/2026 11:46:32,buy,0.02,EURGBP,0.86644,23/04/2026 18:48:45,0.86741,-0.10,0.00,9.70,2.52,2.52,9.70,-3.02,-10.80,1,Dragon Wave_FZ2,7.04,7.04hrs
23/04/2026 12:46:06,buy,0.02,EURGBP,0.86602,23/04/2026 18:48:09,0.86744,-0.10,0.00,14.20,3.73,3.73,14.20,-1.88,-6.60,1,Dragon Wave_DZ2,6.03,6.03hrs
20/04/2026 00:46:31,buy,0.02,GBPCAD,1.84732,23/04/2026 17:46:37,1.84816,-0.10,0.10,8.40,1.23,6.24,43.40,-8.00,-54.10,1,Dragon Wave_NZ2,89.00,3.71days
21/04/2026 11:16:07,buy,0.02,GBPCAD,1.84280,23/04/2026 15:16:43,1.84663,-0.10,0.08,38.30,5.58,6.56,45.30,-1.40,-8.90,1,Dragon Wave_LZ2,52.01,2.17days
21/04/2026 11:01:38,buy,0.02,GBPCAD,1.84432,23/04/2026 12:47:12,1.84549,-0.10,0.08,11.70,1.70,4.33,30.10,-3.63,-24.10,1,Dragon Wave_EZ2,49.76,2.07days
22/04/2026 20:15:24,buy,0.02,EURGBP,0.86685,23/04/2026 09:30:14,0.86775,-0.10,-1.00,9.00,1.33,1.33,9.00,-2.18,-4.00,1,Dragon Wave_AZ2,13.25,13.25hrs
21/04/2026 17:31:38,sell,0.02,CHFJPY,204.29900,22/04/2026 20:58:46,203.32600,-0.10,-0.03,97.30,12.08,12.08,97.30,-1.62,-11.90,1,Dragon Wave_MZ2[tp],27.45,1.14days
22/04/2026 17:30:26,buy,0.02,AUDNZD,1.21070,22/04/2026 19:17:20,1.21218,-0.10,0.00,14.80,1.65,1.65,14.80,-0.05,0.00,1,Dragon Wave_FZ2,1.78,1.78hrs
20/04/2026 20:31:14,buy,0.02,GBPCAD,1.84684,22/04/2026 12:16:44,1.84700,-0.10,0.04,1.60,0.18,0.46,3.70,-7.29,-49.30,1,Dragon Wave_GZ2,39.76,1.66days
17/04/2026 17:16:15,buy,0.02,USDCHF,0.77823,21/04/2026 20:12:51,0.78228,-0.10,0.04,40.50,10.29,14.01,55.20,-1.55,-5.70,1,Dragon Wave_MZ2[tp],98.94,4.12days
20/04/2026 18:45:30,buy,0.02,USDCAD,1.36455,21/04/2026 20:10:35,1.36706,-0.10,0.04,25.10,3.61,3.61,25.10,-2.06,-13.60,1,Dragon Wave_BZ2[tp],25.42,1.06days
20/04/2026 18:32:27,buy,0.02,USDCAD,1.36500,21/04/2026 20:03:47,1.36621,-0.10,0.04,12.10,1.71,1.71,12.10,-2.72,-18.10,1,Dragon Wave_IZ2,25.52,1.06days
15/04/2026 21:17:27,sell,0.02,AUDNZD,1.21285,21/04/2026 02:04:53,1.21381,-0.10,-0.79,-9.60,-2.02,0.23,3.90,-9.36,-71.90,1,Dragon Wave_FZ2[tp],124.79,5.20days
16/04/2026 07:00:42,sell,0.05,AUDNZD,1.21530,21/04/2026 02:04:53,1.21381,-0.25,-0.99,14.90,3.16,3.16,14.90,-15.19,-47.40,1,Dragon Wave_FZ3[tp],115.07,4.79days
16/04/2026 08:31:56,sell,0.05,AUDNZD,1.21580,21/04/2026 02:00:00,1.21439,-0.25,-0.99,14.10,2.93,2.93,14.10,-13.72,-42.40,1,Dragon Wave_AZ3[tp],113.47,4.73days
15/04/2026 21:16:38,sell,0.02,AUDNZD,1.21251,21/04/2026 02:00:00,1.21439,-0.10,-0.79,-18.80,-3.11,0.00,0.50,-9.76,-75.30,1,Dragon Wave_AZ2[tp],124.72,5.20days
16/04/2026 10:45:16,sell,0.02,AUDNZD,1.21662,21/04/2026 01:51:48,1.21501,-0.10,-0.39,16.10,1.41,1.41,16.10,-4.52,-34.20,1,Dragon Wave_EZ2[tp],111.11,4.63days
16/04/2026 10:45:26,sell,0.02,AUDNZD,1.21660,21/04/2026 01:51:42,1.21509,-0.10,-0.39,15.10,1.30,1.30,15.10,-4.54,-34.40,1,Dragon Wave_GZ2[tp],111.10,4.63days
16/04/2026 08:32:30,sell,0.02,AUDNZD,1.21578,21/04/2026 01:51:42,1.21509,-0.10,-0.39,6.90,0.33,0.79,7.50,-5.51,-42.60,1,Dragon Wave_NZ2[tp],113.32,4.72days
16/04/2026 08:32:03,sell,0.02,AUDNZD,1.21580,21/04/2026 01:49:18,1.21527,-0.10,-0.39,5.30,0.13,0.81,7.70,-5.48,-42.40,1,Dragon Wave_BZ2[tp],113.29,4.72days
16/04/2026 12:01:53,sell,0.02,AUDNZD,1.21719,21/04/2026 01:47:01,1.21597,-0.10,-0.39,12.20,0.95,1.99,18.80,-3.85,-28.50,1,Dragon Wave_LZ2[tp],109.75,4.57days
16/04/2026 12:01:39,sell,0.05,AUDNZD,1.21712,20/04/2026 03:08:43,1.21565,-0.25,-0.66,14.70,3.41,4.75,18.10,-6.99,-21.80,1,Dragon Wave_KZ3[tp],87.12,3.63days
16/04/2026 04:45:22,sell,0.02,AUDNZD,1.21394,20/04/2026 03:08:43,1.21565,-0.10,-0.26,-17.10,-2.37,0.00,0.00,-6.54,-53.60,1,Dragon Wave_KZ2[tp],94.39,3.93days
16/04/2026 12:00:59,sell,0.05,AUDNZD,1.21710,20/04/2026 03:08:40,1.21566,-0.25,-0.66,14.40,3.32,4.69,17.90,-7.05,-22.00,1,Dragon Wave_DZ3[tp],87.13,3.63days
16/04/2026 03:01:53,sell,0.02,AUDNZD,1.21357,20/04/2026 03:08:40,1.21566,-0.10,-0.26,-20.90,-2.82,0.18,2.40,-6.97,-57.30,1,Dragon Wave_DZ2[tp],96.11,4.00days
16/04/2026 05:16:54,sell,0.02,AUDNZD,1.21467,20/04/2026 03:03:29,1.21637,-0.10,-0.26,-17.00,-2.35,0.00,0.00,-5.68,-46.30,1,Dragon Wave_IZ2,93.78,3.91days
16/04/2026 15:47:20,sell,0.05,AUDNZD,1.21773,20/04/2026 03:03:24,1.21632,-0.25,-0.66,14.10,3.23,6.55,24.20,-5.20,-15.70,1,Dragon Wave_IZ3,83.27,3.47days
14/04/2026 10:01:30,buy,0.02,USDCHF,0.78222,20/04/2026 01:02:42,0.78341,-0.10,0.12,11.90,3.06,5.56,21.90,-11.42,-44.40,1,Dragon Wave_HZ2,135.02,5.63days
14/04/2026 09:47:19,buy,0.02,USDCHF,0.78269,20/04/2026 01:00:31,0.78329,-0.10,0.12,6.00,1.55,4.37,17.20,-12.63,-49.10,1,Dragon Wave_OZ2[tp],135.22,5.63days
13/04/2026 21:16:01,sell,0.02,EURUSD,1.17373,20/04/2026 00:45:04,1.17355,-0.10,0.35,1.80,0.61,1.13,4.40,-22.20,-112.00,1,Dragon Wave_JZ2,147.48,6.15days
15/04/2026 17:33:29,sell,0.02,AUDUSD,0.71589,20/04/2026 00:15:10,0.71329,-0.10,-0.25,26.00,4.85,4.85,26.00,-12.62,-61.60,1,Dragon Wave_NZ2[tp],102.69,4.28days
14/04/2026 16:00:38,sell,0.02,GBPUSD,1.35851,20/04/2026 00:15:07,1.34910,-0.10,-0.29,94.10,18.43,18.43,94.10,-2.84,-12.50,1,Dragon Wave_MZ2[tp],128.24,5.34days
17/04/2026 16:04:57,sell,0.02,EURUSD,1.18419,20/04/2026 00:15:01,1.17395,-0.10,0.05,102.40,20.43,20.43,102.40,-1.58,-7.40,1,Dragon Wave_MZ2[tp],56.17,2.34days
16/04/2026 05:32:09,sell,0.02,AUDUSD,0.71871,17/04/2026 23:30:58,0.71707,-0.10,-0.05,16.40,3.13,6.70,34.00,-6.83,-33.40,1,Dragon Wave_GZ2,41.98,1.75days
17/04/2026 16:04:33,sell,0.02,EURUSD,1.18414,17/04/2026 22:46:33,1.17708,-0.10,0.00,70.60,14.02,14.12,71.10,-1.68,-7.90,1,Dragon Wave_HZ2,6.70,6.70hrs
14/04/2026 10:00:20,sell,0.02,EURUSD,1.17777,17/04/2026 21:52:46,1.17744,-0.10,0.25,3.30,0.81,2.00,9.50,-14.17,-71.60,1,Dragon Wave_OZ2[tp],83.87,3.49days
15/04/2026 17:16:03,sell,0.02,AUDUSD,0.71509,17/04/2026 21:47:08,0.71790,-0.10,-0.20,-28.10,-5.92,0.00,0.00,-14.22,-69.60,1,Dragon Wave_FZ2,52.52,2.19days
17/04/2026 16:01:38,sell,0.05,AUDUSD,0.72078,17/04/2026 21:47:04,0.71787,-0.25,0.00,29.10,14.30,14.30,29.10,-6.60,-12.70,1,Dragon Wave_FZ3,5.76,5.76hrs
15/04/2026 19:16:21,sell,0.02,NZDJPY,93.98500,17/04/2026 20:17:56,93.34700,-0.10,-0.43,63.80,7.54,7.80,65.90,-2.44,-18.60,1,Dragon Wave_MZ2,49.03,2.04days
17/04/2026 09:17:14,buy,0.02,GBPCAD,1.84831,17/04/2026 17:48:13,1.85593,-0.10,0.00,76.20,11.05,12.61,86.80,-0.16,-0.40,1,Dragon Wave_IZ2,8.52,8.52hrs
13/04/2026 18:45:05,sell,0.02,CHFJPY,202.78300,17/04/2026 17:39:15,202.63900,-0.10,-0.18,14.40,1.55,1.55,14.40,-14.05,-110.70,1,Dragon Wave_GZ2[tp],94.90,3.95days
10/04/2026 21:31:43,sell,0.02,EURJPY,186.82900,17/04/2026 17:16:23,186.69300,-0.10,-2.11,13.60,-0.49,7.00,59.00,-16.28,-112.20,1,Dragon Wave_GZ2[tp],163.74,6.82days
13/04/2026 14:03:02,sell,0.02,GBPJPY,214.56200,17/04/2026 17:16:13,214.41100,-0.10,-2.93,15.10,-1.11,0.89,15.10,-18.06,-135.10,1,Dragon Wave_GZ2[tp],99.22,4.13days
10/04/2026 22:00:59,sell,0.02,GBPJPY,214.54000,17/04/2026 17:16:04,214.42500,-0.10,-3.42,11.50,-2.06,8.35,71.40,-18.83,-137.30,1,Dragon Wave_EZ2[tp],163.25,6.80days
14/04/2026 16:03:46,sell,0.05,NZDJPY,93.83900,17/04/2026 17:15:58,93.48000,-0.25,-1.34,35.90,9.78,9.78,35.90,-10.96,-33.20,1,Dragon Wave_JZ3[tp],73.20,3.05days
09/04/2026 16:32:09,sell,0.02,NZDJPY,92.86500,17/04/2026 17:15:58,93.48000,-0.10,-0.87,-61.50,-8.75,2.62,23.50,-16.97,-130.60,1,Dragon Wave_JZ2[tp],192.73,8.03days
14/04/2026 10:34:08,sell,0.02,CHFJPY,203.74100,17/04/2026 17:15:25,202.93100,-0.10,-0.15,81.00,10.00,11.22,91.00,-1.97,-14.90,1,Dragon Wave_OZ2[tp],78.69,3.28days
13/04/2026 16:16:12,sell,0.02,EURJPY,186.93000,17/04/2026 17:15:00,186.80100,-0.10,-1.81,12.90,-0.28,2.12,17.70,-14.71,-102.10,1,Dragon Wave_LZ2[tp],96.98,4.04days
13/04/2026 16:16:03,sell,0.02,EURJPY,186.92500,17/04/2026 17:14:28,186.80800,-0.10,-1.81,11.70,-0.42,2.06,17.20,-14.78,-102.60,1,Dragon Wave_EZ2[tp],96.97,4.04days
09/04/2026 16:32:24,sell,0.02,NZDJPY,92.86600,17/04/2026 17:13:33,93.49600,-0.10,-0.87,-63.00,-8.94,2.64,23.60,-16.95,-130.50,1,Dragon Wave_LZ2[tp],192.69,8.03days
14/04/2026 16:47:36,sell,0.05,NZDJPY,93.84500,17/04/2026 17:13:33,93.49600,-0.25,-1.34,34.90,9.45,9.45,34.90,-10.77,-32.60,1,Dragon Wave_LZ3[tp],72.43,3.02days
14/04/2026 16:02:48,sell,0.05,NZDJPY,93.81900,17/04/2026 17:13:08,93.50800,-0.25,-1.34,31.10,8.25,8.25,31.10,-11.59,-35.20,1,Dragon Wave_CZ3[tp],73.17,3.05days
09/04/2026 17:00:15,sell,0.02,NZDJPY,92.95300,17/04/2026 17:13:08,93.50800,-0.10,-0.87,-55.50,-7.99,3.72,32.30,-15.86,-121.80,1,Dragon Wave_CZ2[tp],192.21,8.01days
13/04/2026 14:30:37,sell,0.02,GBPJPY,214.65700,17/04/2026 17:12:50,214.50800,-0.10,-2.93,14.90,-1.14,2.08,17.40,-16.87,-125.60,1,Dragon Wave_LZ2[tp],98.70,4.11days
09/04/2026 17:31:59,sell,0.02,NZDJPY,93.08500,17/04/2026 17:09:52,93.52100,-0.10,-0.87,-43.60,-6.49,5.38,45.50,-14.20,-108.60,1,Dragon Wave_HZ2[tp],191.63,7.98days
14/04/2026 17:00:56,sell,0.05,NZDJPY,93.89000,17/04/2026 17:09:52,93.52100,-0.25,-1.34,36.90,10.08,10.08,36.90,-9.36,-28.10,1,Dragon Wave_HZ3[tp],72.15,3.01days
13/04/2026 21:30:51,sell,0.02,EURJPY,187.09100,17/04/2026 17:08:39,186.93000,-0.10,-1.81,16.10,0.13,0.13,16.10,-12.70,-86.00,1,Dragon Wave_JZ2[tp],91.63,3.82days
10/04/2026 14:16:30,sell,0.02,EURJPY,186.53400,17/04/2026 17:07:43,187.00100,-0.10,-2.11,-46.70,-8.12,3.30,29.50,-19.98,-141.70,1,Dragon Wave_IZ2[tp],170.85,7.12days
13/04/2026 22:03:23,sell,0.05,EURJPY,187.34300,17/04/2026 17:07:43,187.00100,-0.25,-4.56,34.20,6.01,7.01,34.20,-23.87,-60.80,1,Dragon Wave_IZ3[tp],91.07,3.79days
14/04/2026 16:47:49,sell,0.05,NZDJPY,93.84700,17/04/2026 17:03:31,93.57600,-0.25,-1.34,27.10,6.98,6.98,27.10,-10.71,-32.40,1,Dragon Wave_OZ3[tp],72.26,3.01days
09/04/2026 17:16:57,sell,0.02,NZDJPY,93.00600,17/04/2026 17:03:31,93.57600,-0.10,-0.87,-57.00,-8.18,4.39,37.60,-15.19,-116.50,1,Dragon Wave_OZ2[tp],191.78,7.99days
17/04/2026 07:31:21,sell,0.02,EURJPY,187.83700,17/04/2026 17:03:05,187.06200,-0.10,0.00,77.50,9.70,9.70,77.50,-1.53,-11.40,1,Dragon Wave_HZ2,9.53,9.53hrs
13/04/2026 21:45:02,sell,0.02,EURJPY,187.24900,17/04/2026 17:01:23,187.12600,-0.10,-1.81,12.30,-0.36,1.63,16.10,-10.71,-70.20,1,Dragon Wave_CZ2[tp],91.27,3.80days
16/04/2026 09:01:16,sell,0.02,AUDJPY,114.19000,17/04/2026 17:00:48,114.01700,-0.10,-0.20,17.30,1.89,3.34,27.40,-2.67,-18.90,1,Dragon Wave_KZ2[tp],31.99,1.33days
14/04/2026 10:30:48,sell,0.02,CHFJPY,203.70900,17/04/2026 16:47:01,203.00600,-0.10,-0.15,70.30,8.63,10.82,87.80,-2.38,-18.10,1,Dragon Wave_CZ2[tp],78.27,3.26days
13/04/2026 22:04:10,sell,0.02,EURJPY,187.32600,17/04/2026 16:38:48,187.24600,-0.10,-1.81,8.00,-0.90,2.59,23.80,-9.75,-62.50,1,Dragon Wave_OZ2[tp],90.58,3.77days
17/04/2026 07:16:15,sell,0.02,CADJPY,116.40100,17/04/2026 16:38:44,115.77500,-0.10,0.00,62.60,7.82,7.82,62.60,-2.45,-18.70,1,Dragon Wave_LZ2[tp],9.37,9.37hrs
13/04/2026 18:46:03,sell,0.02,GBPJPY,214.95400,17/04/2026 16:37:28,214.77000,-0.10,-2.93,18.40,-0.70,0.44,18.40,-13.14,-95.90,1,Dragon Wave_JZ2[tp],93.86,3.91days
13/04/2026 22:01:38,sell,0.02,GBPJPY,215.14400,17/04/2026 16:34:05,214.95300,-0.10,-2.93,19.10,-0.62,2.14,21.70,-10.75,-76.90,1,Dragon Wave_CZ2[tp],90.54,3.77days
14/04/2026 15:15:09,sell,0.02,GBPJPY,215.58500,17/04/2026 16:32:43,215.01400,-0.10,-2.44,57.10,4.68,4.68,57.10,-4.71,-32.80,1,Dragon Wave_HZ2,73.29,3.05days
10/04/2026 21:17:02,sell,0.02,EURJPY,186.78800,17/04/2026 16:05:16,187.46800,-0.10,-2.11,-68.00,-10.80,6.48,54.90,-16.80,-116.30,1,Dragon Wave_NZ2,162.80,6.78days
17/04/2026 07:31:42,sell,0.05,EURJPY,187.85200,17/04/2026 16:05:10,187.47500,-0.25,0.00,37.70,11.65,11.65,37.70,-3.35,-9.90,1,Dragon Wave_NZ3,8.56,8.56hrs
17/04/2026 03:16:00,buy,0.02,GBPCAD,1.85272,17/04/2026 16:03:12,1.85621,-0.10,0.00,34.90,5.01,5.01,34.90,-6.60,-44.50,1,Dragon Wave_KZ2,12.79,12.79hrs
14/04/2026 01:02:21,sell,0.02,GBPJPY,215.32900,17/04/2026 15:57:25,215.16000,-0.10,-2.44,16.90,-0.41,4.95,40.20,-7.93,-58.40,1,Dragon Wave_OZ2[tp],86.92,3.62days
16/04/2026 19:46:03,buy,0.02,NZDCAD,0.80702,17/04/2026 15:47:59,0.80742,-0.10,-0.03,4.00,0.45,0.45,4.00,-3.66,-24.10,1,Dragon Wave_FZ2[tp],20.03,20.03hrs
16/04/2026 19:45:23,buy,0.02,NZDCAD,0.80708,17/04/2026 15:47:54,0.80739,-0.10,-0.03,3.10,0.32,0.32,3.10,-3.74,-24.70,1,Dragon Wave_AZ2[tp],20.04,20.04hrs
17/04/2026 09:16:59,buy,0.05,GBPCAD,1.84822,17/04/2026 15:47:40,1.85467,-0.25,0.00,64.50,23.33,23.33,64.50,-0.07,0.00,1,Dragon Wave_FZ3[tp],6.51,6.51hrs
16/04/2026 17:31:00,buy,0.02,GBPCAD,1.85404,17/04/2026 15:47:40,1.85467,-0.10,0.02,6.30,0.84,2.31,16.50,-8.51,-57.70,1,Dragon Wave_FZ2[tp],22.28,22.28hrs
16/04/2026 20:47:06,buy,0.02,GBPCAD,1.85371,17/04/2026 15:47:37,1.85441,-0.10,0.02,7.00,0.94,0.94,7.00,-8.03,-54.40,1,Dragon Wave_DZ2[tp],19.01,19.01hrs
16/04/2026 17:30:32,buy,0.02,GBPCAD,1.85366,17/04/2026 15:47:37,1.85440,-0.10,0.02,7.40,1.00,2.86,20.30,-7.96,-53.90,1,Dragon Wave_AZ2[tp],22.28,22.28hrs
17/04/2026 09:45:36,sell,0.02,CADCHF,0.57262,17/04/2026 15:25:22,0.57179,-0.10,0.00,8.30,2.03,2.15,8.80,-0.56,-1.80,1,Dragon Wave_AZ2[tp],5.66,5.66hrs
14/04/2026 08:01:25,sell,0.02,GBPUSD,1.35190,17/04/2026 09:15:21,1.35098,-0.10,-0.24,9.20,1.50,1.50,9.20,-14.87,-72.90,1,Dragon Wave_HZ2,73.23,3.05days
14/04/2026 02:31:35,sell,0.02,GBPUSD,1.35138,17/04/2026 09:10:51,1.35095,-0.10,-0.24,4.30,0.52,1.86,9.80,-15.91,-78.10,1,Dragon Wave_OZ2[tp],78.65,3.28days
15/04/2026 22:00:29,sell,0.02,AUDJPY,114.10300,17/04/2026 03:16:41,113.95800,-0.10,-0.79,14.50,0.93,3.29,31.60,-2.30,-12.80,1,Dragon Wave_DZ2,29.27,1.22days
16/04/2026 08:46:13,sell,0.02,AUDJPY,114.17800,17/04/2026 01:46:38,114.01500,-0.10,-0.20,16.30,1.74,3.19,26.20,-0.77,-5.30,1,Dragon Wave_FZ2,17.01,17.01hrs
16/04/2026 10:01:19,buy,0.02,EURAUD,1.64159,16/04/2026 20:18:01,1.64513,-0.10,0.00,35.40,4.96,5.18,36.90,-1.35,-8.70,1,Dragon Wave_FZ2,10.28,10.28hrs
15/04/2026 17:32:38,sell,0.02,AUDUSD,0.71590,16/04/2026 19:33:49,0.71551,-0.10,-0.15,3.90,0.53,1.08,5.90,-7.57,-36.60,1,Dragon Wave_KZ2[tp],26.02,1.08days
15/04/2026 17:32:20,sell,0.02,AUDUSD,0.71605,16/04/2026 19:33:49,0.71551,-0.10,-0.15,5.40,0.83,1.38,7.40,-7.27,-35.10,1,Dragon Wave_IZ2[tp],26.02,1.08days
15/04/2026 17:30:13,sell,0.02,AUDUSD,0.71607,16/04/2026 19:33:49,0.71561,-0.10,-0.15,4.60,0.67,1.42,7.60,-7.23,-34.90,1,Dragon Wave_BZ2[tp],26.06,1.09days
16/04/2026 10:01:12,buy,0.02,EURAUD,1.64145,16/04/2026 19:33:48,1.64488,-0.10,0.00,34.30,4.81,4.81,34.30,-1.15,-7.30,1,Dragon Wave_AZ2[tp],9.54,9.54hrs
15/04/2026 17:31:49,sell,0.02,AUDUSD,0.71597,16/04/2026 19:33:48,0.71570,-0.10,-0.15,2.70,0.29,1.22,6.60,-7.43,-35.90,1,Dragon Wave_DZ2[tp],26.03,1.08days
16/04/2026 05:32:01,sell,0.02,AUDCAD,0.98614,16/04/2026 18:03:19,0.98256,-0.10,0.00,35.80,5.12,5.76,40.20,-1.15,-7.20,1,Dragon Wave_GZ2,12.52,12.52hrs
16/04/2026 05:32:16,sell,0.02,AUDCAD,0.98609,16/04/2026 17:31:47,0.98292,-0.10,0.00,31.70,4.53,5.17,36.10,-1.22,-7.70,1,Dragon Wave_NZ2,11.99,11.99hrs
16/04/2026 05:30:58,sell,0.02,AUDCAD,0.98570,16/04/2026 16:55:34,0.98288,-0.10,0.00,28.20,4.01,4.01,28.20,-1.79,-11.60,1,Dragon Wave_BZ2[tp],11.41,11.41hrs
15/04/2026 19:32:08,sell,0.02,AUDCAD,0.98461,16/04/2026 16:55:34,0.98288,-0.10,-0.42,17.30,2.00,2.00,17.30,-3.80,-22.50,1,Dragon Wave_IZ2[tp],21.39,21.39hrs
15/04/2026 19:16:23,sell,0.02,AUDCAD,0.98439,16/04/2026 16:48:49,0.98384,-0.10,-0.42,5.50,0.28,1.01,7.60,-4.12,-24.70,1,Dragon Wave_KZ2,21.54,21.54hrs
14/04/2026 17:18:16,sell,0.02,NZDCAD,0.81322,16/04/2026 16:47:37,0.80772,-0.10,-0.21,55.00,7.71,7.87,56.10,-0.88,-5.00,1,Dragon Wave_MZ2,47.49,1.98days
15/04/2026 18:30:18,sell,0.02,AUDCAD,0.98417,16/04/2026 16:31:43,0.98370,-0.10,-0.42,4.70,0.17,0.69,5.40,-4.44,-26.90,1,Dragon Wave_FZ2[tp],22.02,22.02hrs
15/04/2026 15:01:04,sell,0.02,AUDCAD,0.98426,16/04/2026 16:31:43,0.98370,-0.10,-0.42,5.60,0.30,2.12,15.30,-4.31,-26.00,1,Dragon Wave_DZ2[tp],25.51,1.06days
13/04/2026 21:48:20,buy,0.02,USDCHF,0.78382,16/04/2026 13:31:41,0.78423,-0.10,0.10,4.10,1.05,1.05,4.10,-12.12,-46.90,1,Dragon Wave_CZ2,63.72,2.66days
14/04/2026 10:33:33,sell,0.02,CHFJPY,203.80400,16/04/2026 12:32:11,202.90800,-0.10,-0.12,89.60,11.05,11.05,89.60,-1.18,-8.60,1,Dragon Wave_JZ2,49.98,2.08days
14/04/2026 10:03:38,sell,0.02,CHFJPY,203.47100,16/04/2026 12:17:24,203.02800,-0.10,-0.12,44.30,5.35,6.67,54.50,-5.37,-41.90,1,Dragon Wave_LZ2,50.23,2.09days
14/04/2026 17:18:32,sell,0.02,NZDUSD,0.59174,16/04/2026 11:45:41,0.58960,-0.10,0.05,21.40,4.23,4.65,23.70,-0.91,-4.30,1,Dragon Wave_NZ2,42.45,1.77days
14/04/2026 17:17:14,sell,0.02,NZDUSD,0.59172,16/04/2026 11:17:23,0.58991,-0.10,0.05,18.10,3.57,4.61,23.50,-0.95,-4.50,1,Dragon Wave_BZ2,42.00,1.75days
14/04/2026 16:03:08,sell,0.02,NZDUSD,0.59122,16/04/2026 10:47:39,0.59037,-0.10,0.05,8.50,1.65,3.61,18.50,-1.95,-9.50,1,Dragon Wave_KZ2,42.74,1.78days
14/04/2026 15:30:43,buy,0.02,USDCHF,0.77985,16/04/2026 10:47:38,0.78215,-0.10,0.08,23.00,5.86,7.69,30.40,-1.95,-7.20,1,Dragon Wave_NZ2,43.28,1.80days
14/04/2026 17:18:09,sell,0.02,NZDUSD,0.59174,16/04/2026 10:47:23,0.59040,-0.10,0.05,13.40,2.63,4.65,23.70,-0.91,-4.30,1,Dragon Wave_IZ2,41.49,1.73days
14/04/2026 10:46:11,buy,0.02,USDCHF,0.78026,16/04/2026 10:31:14,0.78161,-0.10,0.08,13.50,3.43,6.64,26.30,-3.00,-11.30,1,Dragon Wave_BZ2,47.75,1.99days
15/04/2026 08:15:15,sell,0.05,GBPJPY,215.72800,16/04/2026 06:05:49,215.15800,-0.25,-3.65,57.00,14.10,15.10,57.00,-6.06,-18.50,1,Dragon Wave_NZ3[tp],21.84,21.84hrs
10/04/2026 16:30:12,sell,0.02,GBPJPY,214.40200,16/04/2026 06:05:49,215.15800,-0.10,-2.93,-75.60,-12.58,6.62,57.60,-20.56,-151.10,1,Dragon Wave_NZ2[tp],133.59,5.57days
13/04/2026 17:31:22,sell,0.02,CHFJPY,202.69500,16/04/2026 06:00:56,203.06100,-0.10,-0.15,-36.60,-4.87,0.86,7.70,-15.16,-119.50,1,Dragon Wave_FZ2,60.49,2.52days
13/04/2026 21:46:04,sell,0.05,CHFJPY,203.27900,16/04/2026 06:00:52,203.05700,-0.25,-0.36,22.20,6.39,6.57,22.20,-19.52,-61.10,1,Dragon Wave_FZ3,56.25,2.34days
13/04/2026 17:33:07,sell,0.02,CHFJPY,202.62100,16/04/2026 02:16:46,203.23600,-0.10,-0.15,-61.50,-7.99,0.00,0.30,-16.08,-126.90,1,Dragon Wave_NZ2,56.73,2.36days
14/04/2026 10:34:00,sell,0.05,CHFJPY,203.79200,16/04/2026 02:16:43,203.23600,-0.25,-0.29,55.60,16.97,21.29,68.70,-3.33,-9.80,1,Dragon Wave_NZ3,39.71,1.65days
14/04/2026 18:32:36,sell,0.02,NZDCAD,0.81343,15/04/2026 16:44:02,0.81133,-0.10,-0.05,21.00,2.90,2.90,21.00,-0.57,-2.90,1,Dragon Wave_KZ2[tp],22.19,22.19hrs
14/04/2026 18:32:29,sell,0.02,NZDCAD,0.81344,15/04/2026 16:43:55,0.81141,-0.10,-0.05,20.30,2.80,2.80,20.30,-0.56,-2.80,1,Dragon Wave_BZ2[tp],22.19,22.19hrs
14/04/2026 10:46:53,buy,0.02,USDCHF,0.78031,15/04/2026 14:32:35,0.78251,-0.10,0.02,22.00,5.54,6.28,24.90,-3.13,-11.80,1,Dragon Wave_IZ2,27.76,1.16days
14/04/2026 10:15:32,buy,0.02,USDCHF,0.78119,15/04/2026 13:32:53,0.78248,-0.10,0.02,12.90,3.22,3.22,12.90,-5.39,-20.60,1,Dragon Wave_KZ2,27.29,1.14days
14/04/2026 10:01:12,buy,0.02,USDCHF,0.78228,15/04/2026 13:32:43,0.78247,-0.10,0.02,1.90,0.41,0.41,1.90,-8.19,-31.50,1,Dragon Wave_FZ2,27.53,1.15days
14/04/2026 16:02:23,sell,0.02,NZDUSD,0.59121,15/04/2026 13:28:58,0.58920,-0.10,0.01,20.10,3.93,3.93,20.10,-1.64,-7.70,1,Dragon Wave_FZ2[tp],21.44,21.44hrs
14/04/2026 10:00:51,buy,0.02,USDCHF,0.78230,15/04/2026 13:28:29,0.78254,-0.10,0.02,2.40,0.53,0.53,2.40,-8.24,-31.70,1,Dragon Wave_AZ2[tp],27.46,1.14days
14/04/2026 16:01:33,sell,0.02,NZDUSD,0.59117,15/04/2026 13:28:26,0.58933,-0.10,0.01,18.40,3.59,3.59,18.40,-1.72,-8.10,1,Dragon Wave_DZ2[tp],21.45,21.45hrs
14/04/2026 18:32:08,sell,0.02,NZDCAD,0.81340,15/04/2026 13:04:36,0.81218,-0.10,-0.05,12.20,1.62,1.68,12.60,-0.61,-3.20,1,Dragon Wave_AZ2[tp],18.54,18.54hrs
14/04/2026 21:32:19,sell,0.02,GBPCAD,1.86825,15/04/2026 13:03:14,1.86648,-0.10,-0.22,17.70,2.25,2.37,18.50,-2.34,-13.90,1,Dragon Wave_FZ2,15.52,15.52hrs
14/04/2026 15:46:44,sell,0.02,GBPUSD,1.35830,15/04/2026 12:11:28,1.35513,-0.10,-0.05,31.70,6.19,6.19,31.70,-1.24,-5.70,1,Dragon Wave_DZ2[tp],20.41,20.41hrs
14/04/2026 15:33:09,sell,0.02,GBPUSD,1.35822,15/04/2026 12:11:28,1.35513,-0.10,-0.05,30.90,6.03,6.03,30.90,-1.40,-6.50,1,Dragon Wave_FZ2[tp],20.64,20.64hrs
14/04/2026 17:16:44,sell,0.02,NZDUSD,0.59164,15/04/2026 12:11:24,0.58981,-0.10,0.01,18.30,3.57,4.45,22.70,-0.78,-3.40,1,Dragon Wave_AZ2[tp],18.91,18.91hrs
14/04/2026 10:15:04,buy,0.02,USDCHF,0.78121,15/04/2026 12:09:54,0.78174,-0.10,0.02,5.30,1.28,1.68,6.90,-5.44,-20.80,1,Dragon Wave_DZ2[tp],25.91,1.08days
14/04/2026 15:32:13,sell,0.02,GBPUSD,1.35823,15/04/2026 10:32:44,1.35615,-0.10,-0.05,20.80,4.01,4.57,23.60,-1.38,-6.40,1,Dragon Wave_AZ2,19.01,19.01hrs
14/04/2026 11:45:18,sell,0.02,CHFJPY,203.72800,14/04/2026 21:16:00,203.27900,-0.10,0.00,44.90,5.55,5.74,46.30,-2.14,-16.20,1,Dragon Wave_AZ2,9.51,9.51hrs
10/04/2026 16:30:36,sell,0.02,CHFJPY,202.31300,13/04/2026 02:47:06,201.40400,-0.10,-0.03,90.90,11.26,11.26,90.90,-2.59,-19.80,1,Dragon Wave_IZ2,58.27,2.43days
10/04/2026 12:30:41,sell,0.02,GBPJPY,213.85500,13/04/2026 02:46:02,213.80400,-0.10,-0.49,5.10,0.05,0.05,5.10,-9.80,-77.30,1,Dragon Wave_DZ2,62.26,2.59days
09/04/2026 10:03:51,sell,0.02,NZDJPY,92.68200,13/04/2026 02:40:33,92.62900,-0.10,-0.22,5.30,0.35,0.35,5.30,-8.88,-69.00,1,Dragon Wave_NZ2[tp],88.61,3.69days
09/04/2026 10:00:45,sell,0.02,NZDJPY,92.67700,13/04/2026 02:38:52,92.63600,-0.10,-0.22,4.10,0.19,0.19,4.10,-8.95,-69.50,1,Dragon Wave_BZ2[tp],88.64,3.69days
10/04/2026 16:30:49,sell,0.02,CHFJPY,202.34400,13/04/2026 02:31:47,201.51100,-0.10,-0.03,83.30,10.29,10.38,84.00,-2.20,-16.70,1,Dragon Wave_KZ2,58.02,2.42days
09/04/2026 10:47:23,sell,0.02,NZDJPY,92.70200,13/04/2026 02:31:43,92.66800,-0.10,-0.22,3.40,0.11,0.24,4.50,-8.63,-67.00,1,Dragon Wave_GZ2,87.74,3.66days
10/04/2026 16:01:44,sell,0.02,GBPJPY,214.20300,13/04/2026 00:16:25,213.82700,-0.10,-0.49,37.60,4.12,4.12,37.60,-5.44,-42.50,1,Dragon Wave_IZ2[tp],56.24,2.34days
10/04/2026 12:30:37,sell,0.02,EURJPY,186.30700,13/04/2026 00:15:57,186.24200,-0.10,-0.30,6.50,0.42,0.45,6.80,-7.62,-58.70,1,Dragon Wave_FZ2,59.76,2.49days
10/04/2026 12:30:18,sell,0.02,EURJPY,186.31300,13/04/2026 00:15:20,186.24500,-0.10,-0.30,6.80,0.45,0.45,6.80,-7.54,-58.10,1,Dragon Wave_DZ2[tp],59.75,2.49days
10/04/2026 16:32:32,sell,0.02,EURUSD,1.17304,13/04/2026 00:15:15,1.16725,-0.10,0.05,57.90,11.53,11.53,57.90,-1.50,-7.00,1,Dragon Wave_LZ2[tp],55.71,2.32days
10/04/2026 16:31:50,sell,0.02,EURUSD,1.17316,13/04/2026 00:15:15,1.16725,-0.10,0.05,59.10,11.77,11.77,59.10,-1.26,-5.80,1,Dragon Wave_EZ2[tp],55.72,2.32days
10/04/2026 16:02:45,sell,0.02,EURUSD,1.17229,13/04/2026 00:15:15,1.16725,-0.10,0.05,50.40,10.03,10.03,50.40,-3.00,-14.50,1,Dragon Wave_GZ2[tp],56.21,2.34days
10/04/2026 16:00:40,sell,0.02,EURJPY,186.58100,13/04/2026 00:15:15,186.27500,-0.10,-0.30,30.60,3.44,3.44,30.60,-4.18,-31.30,1,Dragon Wave_BZ2[tp],56.24,2.34days
10/04/2026 13:02:30,sell,0.02,EURJPY,186.45300,13/04/2026 00:15:15,186.27500,-0.10,-0.30,17.80,1.83,1.83,17.80,-5.79,-44.10,1,Dragon Wave_KZ2[tp],59.21,2.47days
09/04/2026 20:17:12,sell,0.02,EURUSD,1.17182,13/04/2026 00:15:14,1.16725,-0.10,0.10,45.70,9.14,9.14,45.70,-3.89,-19.20,1,Dragon Wave_NZ2[tp],75.97,3.17days
10/04/2026 15:45:47,sell,0.02,GBPJPY,214.12900,13/04/2026 00:15:12,213.89100,-0.10,-0.49,23.80,2.39,2.39,23.80,-6.36,-49.90,1,Dragon Wave_KZ2[tp],56.49,2.35days
10/04/2026 15:45:12,sell,0.02,GBPJPY,214.12300,13/04/2026 00:15:12,213.89100,-0.10,-0.49,23.20,2.31,2.31,23.20,-6.44,-50.50,1,Dragon Wave_BZ2[tp],56.50,2.35days
10/04/2026 12:46:30,sell,0.02,GBPJPY,213.96700,13/04/2026 00:15:12,213.86700,-0.10,-0.49,10.00,0.67,0.67,10.00,-8.40,-66.10,1,Dragon Wave_FZ2[tp],59.48,2.48days
09/04/2026 19:02:14,sell,0.02,NZDCHF,0.46303,13/04/2026 00:15:12,0.46025,-0.10,-0.28,27.80,6.65,6.65,27.80,-3.10,-11.30,1,Dragon Wave_EZ2[tp],77.22,3.22days
09/04/2026 22:46:53,sell,0.02,AUDJPY,112.70300,13/04/2026 00:15:10,111.83000,-0.10,-0.40,87.30,10.44,10.44,87.30,-2.34,-16.20,1,Dragon Wave_MZ2[tp],73.47,3.06days
09/04/2026 21:46:48,sell,0.02,AUDCHF,0.55948,13/04/2026 00:15:09,0.55433,-0.10,-0.48,51.50,12.44,12.44,51.50,-2.57,-9.40,1,Dragon Wave_JZ2[tp],74.47,3.10days
09/04/2026 19:01:30,sell,0.02,AUDUSD,0.70863,13/04/2026 00:15:06,0.70047,-0.10,-0.10,81.60,16.12,16.12,81.60,-1.80,-8.50,1,Dragon Wave_MZ2[tp],77.23,3.22days
09/04/2026 19:00:44,sell,0.02,AUDUSD,0.70838,13/04/2026 00:15:06,0.70047,-0.10,-0.10,79.10,15.62,15.62,79.10,-2.30,-11.00,1,Dragon Wave_CZ2[tp],77.24,3.22days
09/04/2026 16:31:41,sell,0.02,NZDJPY,92.86700,13/04/2026 00:15:00,92.72600,-0.10,-0.22,14.10,1.45,1.45,14.10,-6.56,-50.50,1,Dragon Wave_EZ2[tp],79.72,3.32days
10/04/2026 16:30:11,buy,0.02,USDCHF,0.78635,10/04/2026 17:55:25,0.78993,-0.10,0.00,35.80,8.96,8.96,35.80,-1.91,-7.10,1,Dragon Wave_EZ2[tp],1.42,1.42hrs
10/04/2026 17:30:18,sell,0.02,CHFJPY,202.47400,10/04/2026 17:55:20,201.68300,-0.10,0.00,79.10,9.83,9.83,79.10,-0.57,-3.70,1,Dragon Wave_BZ2[tp],0.42,0.42hrs
09/04/2026 18:45:29,sell,0.02,NZDCHF,0.46271,10/04/2026 17:01:25,0.46071,-0.10,-0.14,20.00,4.85,4.85,20.00,-3.91,-14.50,1,Dragon Wave_GZ2,22.27,22.27hrs
09/04/2026 18:45:40,sell,0.02,NZDCHF,0.46271,10/04/2026 12:16:48,0.46090,-0.10,-0.14,18.10,4.34,4.47,18.60,-3.91,-14.50,1,Dragon Wave_NZ2,17.52,17.52hrs
09/04/2026 19:31:01,buy,0.02,EURNZD,1.99439,10/04/2026 11:17:07,2.00177,-0.10,-0.12,73.80,8.40,8.76,77.00,-0.42,-2.70,1,Dragon Wave_BZ2,15.77,15.77hrs
09/04/2026 19:00:16,buy,0.02,EURNZD,1.99520,10/04/2026 11:04:00,2.00171,-0.10,-0.12,65.10,7.37,7.45,65.70,-1.83,-14.70,1,Dragon Wave_IZ2,16.06,16.06hrs
09/04/2026 18:16:05,sell,0.02,NZDCHF,0.46238,10/04/2026 11:02:44,0.46110,-0.10,-0.14,12.80,3.00,3.00,12.80,-4.74,-17.80,1,Dragon Wave_BZ2,16.78,16.78hrs
09/04/2026 04:30:06,sell,0.02,NZDCHF,0.46125,10/04/2026 11:02:01,0.46112,-0.10,-0.14,1.30,0.09,0.48,2.30,-7.60,-29.10,1,Dragon Wave_AZ2[tp],30.53,1.27days
09/04/2026 18:02:37,sell,0.02,NZDCHF,0.46207,10/04/2026 10:31:50,0.46146,-0.10,-0.14,6.10,1.31,1.51,6.90,-5.53,-20.90,1,Dragon Wave_IZ2,16.49,16.49hrs
09/04/2026 07:31:23,sell,0.02,NZDCHF,0.46151,10/04/2026 10:09:04,0.46129,-0.10,-0.14,2.20,0.31,1.14,4.90,-6.94,-26.50,1,Dragon Wave_FZ2[tp],26.63,1.11days
09/04/2026 08:15:58,sell,0.02,NZDCHF,0.46167,10/04/2026 10:02:23,0.46152,-0.10,-0.14,1.50,0.14,1.54,6.50,-6.54,-24.90,1,Dragon Wave_KZ2,25.77,1.07days
09/04/2026 08:45:37,sell,0.02,NZDCHF,0.46170,10/04/2026 09:55:36,0.46149,-0.10,-0.14,2.10,0.29,1.62,6.80,-6.46,-24.60,1,Dragon Wave_DZ2[tp],25.17,1.05days
09/04/2026 19:00:28,buy,0.02,EURNZD,1.99533,10/04/2026 09:46:43,2.00018,-0.10,-0.12,48.50,5.45,5.62,50.00,-1.98,-16.00,1,Dragon Wave_KZ2,14.77,14.77hrs
09/04/2026 18:45:13,buy,0.02,EURNZD,1.99602,10/04/2026 06:17:22,1.99946,-0.10,-0.12,34.40,3.80,4.19,37.70,-2.79,-22.90,1,Dragon Wave_DZ2,11.54,11.54hrs
09/04/2026 07:32:12,buy,0.02,GBPNZD,2.29641,09/04/2026 14:58:43,2.30021,-0.10,0.00,38.00,4.34,4.34,38.00,-2.74,-22.60,1,Dragon Wave_AZ2[tp],7.44,7.44hrs
07/04/2026 23:17:46,sell,0.02,AUDCAD,0.96860,08/04/2026 20:50:49,0.97626,-0.10,-0.14,-76.60,-11.30,0.00,0.00,-17.02,-116.10,1,Dragon Wave_KZ2,21.55,21.55hrs
08/04/2026 01:48:23,sell,0.02,AUDCAD,0.97392,08/04/2026 20:50:48,0.97624,-0.10,0.00,-23.20,-3.46,0.00,0.00,-9.19,-62.90,1,Dragon Wave_DZ2,19.04,19.04hrs
08/04/2026 01:47:26,sell,0.02,AUDCAD,0.97494,08/04/2026 20:50:48,0.97624,-0.10,0.00,-13.00,-1.98,0.00,0.00,-7.72,-52.70,1,Dragon Wave_BZ2,19.06,19.06hrs
08/04/2026 01:46:35,sell,0.02,AUDCAD,0.97517,08/04/2026 20:50:48,0.97624,-0.10,0.00,-10.70,-1.65,0.00,0.20,-7.39,-50.40,1,Dragon Wave_AZ2,19.07,19.07hrs
08/04/2026 01:49:08,sell,0.02,AUDCAD,0.97412,08/04/2026 20:50:47,0.97624,-0.10,0.00,-21.20,-3.17,0.00,0.00,-8.90,-60.90,1,Dragon Wave_IZ2,19.03,19.03hrs
08/04/2026 01:48:52,sell,0.02,AUDCAD,0.97434,08/04/2026 20:50:47,0.97624,-0.10,0.00,-19.00,-2.85,0.00,0.00,-8.58,-58.70,1,Dragon Wave_FZ2,19.03,19.03hrs
08/04/2026 01:48:40,sell,0.02,AUDCAD,0.97415,08/04/2026 20:50:47,0.97624,-0.10,0.00,-20.90,-3.12,0.00,0.00,-8.86,-60.60,1,Dragon Wave_EZ2,19.04,19.04hrs
08/04/2026 02:02:11,sell,0.02,AUDCAD,0.97666,08/04/2026 20:50:46,0.97627,-0.10,0.00,3.90,0.46,2.08,15.10,-5.23,-35.50,1,Dragon Wave_GZ2,18.81,18.81hrs
08/04/2026 01:49:20,sell,0.02,AUDCAD,0.97407,08/04/2026 20:50:46,0.97624,-0.10,0.00,-21.70,-3.24,0.00,0.00,-8.98,-61.40,1,Dragon Wave_NZ2,19.02,19.02hrs
08/04/2026 01:49:13,sell,0.05,AUDCAD,0.97391,08/04/2026 20:50:46,0.97624,-0.25,0.00,-23.30,-8.67,0.00,0.00,-23.02,-63.00,1,Dragon Wave_KZ3,19.03,19.03hrs
08/04/2026 02:03:34,sell,0.02,AUDCAD,0.97840,08/04/2026 20:50:45,0.97627,-0.10,0.00,21.30,2.98,4.60,32.50,-2.72,-18.10,1,Dragon Wave_MZ2,18.79,18.79hrs
08/04/2026 02:03:10,sell,0.02,AUDCAD,0.97712,08/04/2026 20:50:45,0.97628,-0.10,0.00,8.40,1.12,2.75,19.70,-4.57,-30.90,1,Dragon Wave_LZ2,18.79,18.79hrs
08/04/2026 02:02:21,sell,0.02,AUDCAD,0.97683,08/04/2026 20:50:45,0.97627,-0.10,0.00,5.60,0.71,2.33,16.80,-4.99,-33.80,1,Dragon Wave_HZ2,18.81,18.81hrs
08/04/2026 02:17:05,sell,0.02,AUDCAD,0.97842,08/04/2026 20:50:44,0.97627,-0.10,0.00,21.50,3.01,4.62,32.70,-2.69,-17.90,1,Dragon Wave_OZ2,18.56,18.56hrs
08/04/2026 02:15:58,sell,0.05,AUDCAD,0.97848,08/04/2026 20:50:44,0.97627,-0.25,0.00,22.10,7.74,11.78,33.30,-6.50,-17.30,1,Dragon Wave_IZ3,18.58,18.58hrs
08/04/2026 02:15:49,sell,0.05,AUDCAD,0.97866,08/04/2026 20:50:44,0.97627,-0.25,0.00,23.90,8.39,12.43,35.10,-5.85,-15.50,1,Dragon Wave_BZ3,18.58,18.58hrs
08/04/2026 02:48:31,sell,0.05,AUDCAD,0.97880,08/04/2026 20:50:43,0.97628,-0.25,0.00,25.20,8.85,12.93,36.50,-5.35,-14.10,1,Dragon Wave_FZ3,18.04,18.04hrs
08/04/2026 02:46:23,sell,0.05,AUDCAD,0.97903,08/04/2026 20:50:43,0.97628,-0.25,0.00,27.50,9.68,13.77,38.80,-4.51,-11.80,1,Dragon Wave_AZ3,18.07,18.07hrs
08/04/2026 03:00:20,sell,0.05,AUDCAD,0.97961,08/04/2026 20:50:42,0.97628,-0.25,0.00,33.30,11.78,15.86,44.60,-2.42,-6.00,1,Dragon Wave_DZ3,17.84,17.84hrs
08/04/2026 02:49:08,sell,0.13,AUDCAD,0.97890,08/04/2026 20:50:42,0.97628,-0.65,0.00,26.20,23.95,34.57,37.50,-12.96,-13.10,1,Dragon Wave_KZ4,18.03,18.03hrs
08/04/2026 03:05:29,sell,0.05,AUDCAD,0.97960,08/04/2026 20:50:41,0.97626,-0.25,0.00,33.40,11.81,15.82,44.50,-1.12,-2.40,1,Dragon Wave_NZ3,17.75,17.75hrs
08/04/2026 03:01:04,sell,0.05,AUDCAD,0.97942,08/04/2026 20:50:41,0.97626,-0.25,0.00,31.60,11.16,15.17,42.70,-3.10,-7.90,1,Dragon Wave_EZ3,17.83,17.83hrs
08/04/2026 01:48:49,sell,0.02,AUDCHF,0.55842,08/04/2026 20:50:41,0.55774,-0.10,0.00,6.80,1.62,8.68,34.60,-5.32,-20.70,1,Dragon Wave_NZ2,19.03,19.03hrs
08/04/2026 02:48:45,sell,0.02,AUDCHF,0.55918,08/04/2026 20:50:40,0.55774,-0.10,0.00,14.40,3.54,10.60,42.20,-1.49,-5.50,1,Dragon Wave_LZ2,18.03,18.03hrs
08/04/2026 02:03:24,sell,0.02,AUDCHF,0.55975,08/04/2026 20:50:40,0.55774,-0.10,0.00,20.10,4.99,12.05,47.90,-1.97,-7.40,1,Dragon Wave_GZ2,18.79,18.79hrs
08/04/2026 02:02:12,sell,0.02,AUDCHF,0.55899,08/04/2026 20:50:40,0.55774,-0.10,0.00,12.50,3.06,10.12,40.30,-3.88,-15.00,1,Dragon Wave_EZ2,18.81,18.81hrs
08/04/2026 01:01:48,sell,0.02,AUDJPY,111.35700,08/04/2026 20:50:39,111.76200,-0.10,0.00,-40.50,-5.21,0.00,0.00,-12.48,-98.20,1,Dragon Wave_KZ2,19.81,19.81hrs
08/04/2026 01:00:38,sell,0.02,AUDJPY,111.37600,08/04/2026 20:50:39,111.76200,-0.10,0.00,-38.60,-4.97,0.00,0.00,-12.24,-96.30,1,Dragon Wave_FZ2,19.83,19.83hrs
08/04/2026 01:00:28,sell,0.02,AUDJPY,111.42300,08/04/2026 20:50:39,111.76200,-0.10,0.00,-33.90,-4.38,0.00,0.00,-11.64,-91.60,1,Dragon Wave_EZ2,19.84,19.84hrs
08/04/2026 00:30:50,sell,0.02,AUDJPY,111.28700,08/04/2026 20:50:39,111.75900,-0.10,0.00,-47.20,-6.06,0.00,0.00,-13.36,-105.20,1,Dragon Wave_GZ2,20.33,20.33hrs
08/04/2026 01:45:53,sell,0.02,AUDJPY,111.95100,08/04/2026 20:50:38,111.76300,-0.10,0.00,18.80,2.27,5.98,48.20,-4.99,-38.80,1,Dragon Wave_BZ2,19.08,19.08hrs
08/04/2026 01:33:45,sell,0.02,AUDJPY,111.39300,08/04/2026 20:50:38,111.76200,-0.10,0.00,-36.90,-4.76,0.00,0.00,-12.02,-94.60,1,Dragon Wave_IZ2,19.28,19.28hrs
08/04/2026 02:05:27,sell,0.02,AUDJPY,112.15300,08/04/2026 20:50:37,111.76200,-0.10,0.00,39.10,4.84,8.53,68.40,-2.44,-18.60,1,Dragon Wave_LZ2,18.75,18.75hrs
08/04/2026 02:01:55,sell,0.02,AUDJPY,111.98300,08/04/2026 20:50:37,111.75900,-0.10,0.00,22.40,2.73,6.39,51.40,-4.59,-35.60,1,Dragon Wave_CZ2,18.81,18.81hrs
08/04/2026 01:49:02,sell,0.02,AUDJPY,111.79800,08/04/2026 20:50:37,111.75900,-0.10,0.00,3.90,0.39,4.05,32.90,-6.92,-54.10,1,Dragon Wave_NZ2,19.03,19.03hrs
08/04/2026 02:18:19,sell,0.02,AUDJPY,112.13800,08/04/2026 20:50:36,111.76200,-0.10,0.00,37.60,4.65,8.34,66.90,-2.63,-20.10,1,Dragon Wave_DZ2,18.54,18.54hrs
08/04/2026 02:06:03,sell,0.02,AUDJPY,112.13200,08/04/2026 20:50:36,111.76200,-0.10,0.00,37.00,4.57,8.27,66.30,-2.71,-20.70,1,Dragon Wave_OZ2,18.74,18.74hrs
08/04/2026 02:31:38,sell,0.05,AUDJPY,112.09000,08/04/2026 20:50:35,111.76200,-0.25,0.00,32.80,10.10,19.34,62.10,-8.10,-24.90,1,Dragon Wave_GZ3,18.32,18.32hrs
08/04/2026 02:30:42,sell,0.05,AUDJPY,112.12200,08/04/2026 20:50:35,111.76200,-0.25,0.00,36.00,11.11,20.36,65.30,-7.09,-21.70,1,Dragon Wave_FZ3,18.33,18.33hrs
08/04/2026 02:18:59,sell,0.05,AUDJPY,112.10500,08/04/2026 20:50:35,111.76200,-0.25,0.00,34.30,10.57,19.82,63.60,-7.62,-23.40,1,Dragon Wave_EZ3,18.53,18.53hrs
08/04/2026 02:33:24,sell,0.05,AUDJPY,112.11600,08/04/2026 20:50:34,111.75800,-0.25,0.00,35.80,11.04,20.17,64.70,-7.28,-22.30,1,Dragon Wave_KZ3,18.29,18.29hrs
08/04/2026 02:33:01,sell,0.02,AUDJPY,112.12100,08/04/2026 20:50:34,111.76200,-0.10,0.00,35.90,4.43,8.13,65.20,-2.85,-21.80,1,Dragon Wave_JZ2,18.29,18.29hrs
08/04/2026 02:32:40,sell,0.05,AUDJPY,112.12700,08/04/2026 20:50:34,111.76200,-0.25,0.00,36.50,11.27,20.51,65.80,-6.93,-21.20,1,Dragon Wave_IZ3,18.30,18.30hrs
08/04/2026 02:47:12,sell,0.02,AUDJPY,112.25000,08/04/2026 20:50:33,111.75900,-0.10,0.00,49.10,6.10,9.76,78.10,-1.22,-8.90,1,Dragon Wave_HZ2,18.06,18.06hrs
08/04/2026 01:46:47,sell,0.02,AUDUSD,0.70311,08/04/2026 20:50:33,0.70525,-0.10,0.00,-21.40,-4.38,0.00,0.00,-10.64,-52.70,1,Dragon Wave_BZ2,19.06,19.06hrs
08/04/2026 01:45:59,sell,0.02,AUDUSD,0.70354,08/04/2026 20:50:33,0.70525,-0.10,0.00,-17.10,-3.52,0.00,0.30,-9.78,-48.40,1,Dragon Wave_AZ2,19.08,19.08hrs
08/04/2026 01:48:49,sell,0.02,AUDUSD,0.70274,08/04/2026 20:50:32,0.70525,-0.10,0.00,-25.10,-5.12,0.00,0.00,-11.38,-56.40,1,Dragon Wave_FZ2,19.03,19.03hrs
08/04/2026 01:48:22,sell,0.02,AUDUSD,0.70250,08/04/2026 20:50:32,0.70525,-0.10,0.00,-27.50,-5.60,0.00,0.00,-11.86,-58.80,1,Dragon Wave_EZ2,19.04,19.04hrs
08/04/2026 01:47:26,sell,0.02,AUDUSD,0.70305,08/04/2026 20:50:32,0.70525,-0.10,0.00,-22.00,-4.50,0.00,0.00,-10.76,-53.30,1,Dragon Wave_DZ2,19.05,19.05hrs
08/04/2026 01:49:15,sell,0.02,AUDUSD,0.70239,08/04/2026 20:50:31,0.70525,-0.10,0.00,-28.60,-5.82,0.00,0.00,-12.08,-59.90,1,Dragon Wave_KZ2,19.02,19.02hrs
08/04/2026 01:49:09,sell,0.02,AUDUSD,0.70243,08/04/2026 20:50:31,0.70525,-0.10,0.00,-28.20,-5.74,0.00,0.00,-12.00,-59.50,1,Dragon Wave_IZ2,19.02,19.02hrs
08/04/2026 01:49:02,sell,0.02,AUDUSD,0.70254,08/04/2026 20:50:31,0.70525,-0.10,0.00,-27.10,-5.52,0.00,0.00,-11.78,-58.40,1,Dragon Wave_GZ2,19.02,19.02hrs
08/04/2026 02:05:09,sell,0.02,AUDUSD,0.70599,08/04/2026 20:50:30,0.70525,-0.10,0.00,7.40,1.38,4.90,25.00,-4.88,-23.90,1,Dragon Wave_OZ2,18.76,18.76hrs
08/04/2026 01:49:30,sell,0.02,AUDUSD,0.70262,08/04/2026 20:50:30,0.70525,-0.10,0.00,-26.30,-5.36,0.00,0.00,-11.62,-57.60,1,Dragon Wave_NZ2,19.02,19.02hrs
08/04/2026 01:49:21,sell,0.02,AUDUSD,0.70260,08/04/2026 20:50:30,0.70525,-0.10,0.00,-26.50,-5.40,0.00,0.00,-11.66,-57.80,1,Dragon Wave_LZ2,19.02,19.02hrs
08/04/2026 02:46:23,sell,0.05,AUDUSD,0.70730,08/04/2026 20:50:29,0.70525,-0.25,0.00,20.50,10.00,18.80,38.10,-5.65,-10.80,1,Dragon Wave_DZ3,18.07,18.07hrs
08/04/2026 02:45:27,sell,0.05,AUDUSD,0.70704,08/04/2026 20:50:29,0.70525,-0.25,0.00,17.90,8.70,17.50,35.50,-6.95,-13.40,1,Dragon Wave_AZ3,18.08,18.08hrs
08/04/2026 02:30:10,sell,0.05,AUDUSD,0.70640,08/04/2026 20:50:29,0.70525,-0.25,0.00,11.50,5.50,14.30,29.10,-10.15,-19.80,1,Dragon Wave_BZ3,18.34,18.34hrs
08/04/2026 02:46:52,sell,0.05,AUDUSD,0.70734,08/04/2026 20:50:28,0.70525,-0.25,0.00,20.90,10.20,19.00,38.50,-5.45,-10.40,1,Dragon Wave_FZ3,18.06,18.06hrs
08/04/2026 02:46:30,sell,0.05,AUDUSD,0.70733,08/04/2026 20:50:28,0.70525,-0.25,0.00,20.80,10.15,18.95,38.40,-5.50,-10.50,1,Dragon Wave_EZ3,18.07,18.07hrs
08/04/2026 02:48:42,sell,0.05,AUDUSD,0.70700,08/04/2026 20:50:27,0.70523,-0.25,0.00,17.70,8.60,17.30,35.10,-7.15,-13.80,1,Dragon Wave_KZ3,18.03,18.03hrs
08/04/2026 02:48:19,sell,0.05,AUDUSD,0.70704,08/04/2026 20:50:27,0.70523,-0.25,0.00,18.10,8.80,17.50,35.50,-6.95,-13.40,1,Dragon Wave_IZ3,18.04,18.04hrs
08/04/2026 02:46:59,sell,0.05,AUDUSD,0.70731,08/04/2026 20:50:27,0.70524,-0.25,0.00,20.70,10.10,18.85,38.20,-5.60,-10.70,1,Dragon Wave_GZ3,18.06,18.06hrs
08/04/2026 03:02:02,sell,0.02,AUDUSD,0.70813,08/04/2026 20:50:26,0.70523,-0.10,0.00,29.00,5.70,9.18,46.40,-0.60,-2.50,1,Dragon Wave_HZ2,17.81,17.81hrs
08/04/2026 02:49:21,sell,0.05,AUDUSD,0.70716,08/04/2026 20:50:26,0.70523,-0.25,0.00,19.30,9.40,18.10,36.70,-6.35,-12.20,1,Dragon Wave_NZ3,18.02,18.02hrs
08/04/2026 02:49:09,sell,0.05,AUDUSD,0.70701,08/04/2026 20:50:26,0.70523,-0.25,0.00,17.80,8.65,17.35,35.20,-7.10,-13.70,1,Dragon Wave_LZ3,18.02,18.02hrs
08/04/2026 07:01:52,buy,0.02,EURNZD,2.00352,08/04/2026 20:50:25,2.00262,-0.10,0.00,-9.00,-1.15,5.61,49.10,-3.97,-33.10,1,Dragon Wave_AZ2,13.81,13.81hrs
08/04/2026 03:03:05,sell,0.02,AUDUSD,0.70798,08/04/2026 20:50:25,0.70523,-0.10,0.00,27.50,5.40,8.88,44.90,-0.40,-1.50,1,Dragon Wave_JZ2,17.79,17.79hrs
01/04/2026 10:04:33,sell,0.02,EURCAD,1.61058,08/04/2026 20:50:25,1.61589,-0.10,-0.22,-53.10,-7.99,11.45,80.90,-18.02,-122.70,1,Dragon Wave_MZ2,178.76,7.45days
08/04/2026 08:45:06,sell,0.02,EURUSD,1.16898,08/04/2026 20:50:24,1.16732,-0.10,0.00,16.60,3.22,3.82,19.60,-6.02,-29.60,1,Dragon Wave_IZ2,12.09,12.09hrs
08/04/2026 07:04:29,buy,0.02,EURNZD,2.00278,08/04/2026 20:50:24,2.00262,-0.10,0.00,-1.60,-0.29,6.47,56.50,-3.10,-25.70,1,Dragon Wave_FZ2,13.77,13.77hrs
08/04/2026 02:46:11,sell,0.02,EURUSD,1.16871,08/04/2026 20:50:24,1.16734,-0.10,0.00,13.70,2.64,4.00,20.50,-6.56,-32.30,1,Dragon Wave_KZ2,18.07,18.07hrs
08/04/2026 02:45:53,sell,0.02,EURUSD,1.16863,08/04/2026 20:50:24,1.16734,-0.10,0.00,12.90,2.48,3.84,19.70,-6.72,-33.10,1,Dragon Wave_FZ2,18.08,18.08hrs
08/04/2026 02:30:30,sell,0.05,GBPCAD,1.85452,08/04/2026 20:50:23,1.85711,-0.25,0.00,-25.90,-9.60,5.10,14.80,-47.50,-131.00,1,Dragon Wave_AZ3,18.33,18.33hrs
08/04/2026 02:03:30,sell,0.02,GBPCAD,1.85341,08/04/2026 20:50:23,1.85711,-0.10,0.00,-37.00,-5.45,0.54,4.40,-20.60,-142.10,1,Dragon Wave_IZ2,18.78,18.78hrs
08/04/2026 01:45:50,sell,0.02,GBPCAD,1.85134,08/04/2026 20:50:23,1.85711,-0.10,0.00,-57.70,-8.44,0.00,0.00,-23.59,-162.80,1,Dragon Wave_AZ2,19.08,19.08hrs
08/04/2026 04:15:58,sell,0.02,GBPCAD,1.85514,08/04/2026 20:50:22,1.85701,-0.10,0.00,-18.70,-2.80,1.74,12.70,-18.10,-124.80,1,Dragon Wave_FZ2,16.57,16.57hrs
08/04/2026 03:02:20,sell,0.02,GBPCAD,1.85544,08/04/2026 20:50:22,1.85701,-0.10,0.00,-15.70,-2.37,3.37,24.00,-17.67,-121.80,1,Dragon Wave_DZ2,17.80,17.80hrs
08/04/2026 03:00:15,sell,0.02,GBPCAD,1.85511,08/04/2026 20:50:22,1.85702,-0.10,0.00,-19.10,-2.86,2.89,20.70,-18.15,-125.10,1,Dragon Wave_BZ2,17.84,17.84hrs
08/04/2026 08:48:37,sell,0.05,GBPCAD,1.85757,08/04/2026 20:50:21,1.85701,-0.25,0.00,5.60,1.78,1.78,5.60,-36.50,-100.50,1,Dragon Wave_IZ3,12.03,12.03hrs
08/04/2026 08:46:17,sell,0.02,GBPCAD,1.85742,08/04/2026 20:50:21,1.85701,-0.10,0.00,4.10,0.49,0.49,4.10,-14.82,-102.00,1,Dragon Wave_GZ2,12.07,12.07hrs
08/04/2026 04:16:17,sell,0.02,GBPCAD,1.85518,08/04/2026 20:50:21,1.85701,-0.10,0.00,-18.30,-2.74,1.79,13.10,-18.05,-124.40,1,Dragon Wave_KZ2,16.57,16.57hrs
08/04/2026 09:04:10,sell,0.02,GBPCAD,1.85870,08/04/2026 20:50:20,1.85701,-0.10,0.00,16.90,2.34,2.34,16.90,-12.97,-89.20,1,Dragon Wave_EZ2,11.77,11.77hrs
08/04/2026 09:03:53,sell,0.13,GBPCAD,1.85891,08/04/2026 20:50:20,1.85701,-0.65,0.00,19.00,17.20,17.20,19.00,-82.33,-87.10,1,Dragon Wave_AZ4,11.77,11.77hrs
08/04/2026 08:48:44,sell,0.02,GBPCAD,1.85778,08/04/2026 20:50:20,1.85701,-0.10,0.00,7.70,1.01,1.01,7.70,-14.30,-98.40,1,Dragon Wave_NZ2,12.03,12.03hrs
08/04/2026 09:33:36,sell,0.05,GBPCAD,1.85991,08/04/2026 20:50:19,1.85701,-0.25,0.00,29.00,10.23,10.23,29.00,-28.06,-77.10,1,Dragon Wave_BZ3,11.28,11.28hrs
08/04/2026 09:15:06,sell,0.02,GBPCAD,1.85889,08/04/2026 20:50:19,1.85701,-0.10,0.00,18.80,2.62,2.62,18.80,-12.69,-87.30,1,Dragon Wave_JZ2,11.59,11.59hrs
08/04/2026 09:06:32,sell,0.02,GBPCAD,1.85872,08/04/2026 20:50:19,1.85701,-0.10,0.00,17.10,2.37,2.37,17.10,-12.94,-89.00,1,Dragon Wave_LZ2,11.73,11.73hrs
08/04/2026 11:30:19,sell,0.05,GBPCAD,1.85982,08/04/2026 20:50:18,1.85702,-0.25,0.00,28.00,9.86,9.86,28.00,-28.38,-78.00,1,Dragon Wave_DZ3,9.33,9.33hrs
08/04/2026 09:45:24,sell,0.02,GBPCAD,1.85955,08/04/2026 20:50:18,1.85702,-0.10,0.00,25.30,3.55,3.55,25.30,-11.74,-80.70,1,Dragon Wave_CZ2,11.08,11.08hrs
08/04/2026 02:45:56,sell,0.02,GBPUSD,1.33940,08/04/2026 20:50:18,1.34153,-0.10,0.00,-21.30,-4.36,2.58,13.40,-18.02,-89.60,1,Dragon Wave_AZ2,18.07,18.07hrs
08/04/2026 02:47:13,sell,0.02,GBPUSD,1.33979,08/04/2026 20:50:17,1.34156,-0.10,0.00,-17.70,-3.64,3.36,17.30,-17.24,-85.70,1,Dragon Wave_FZ2,18.05,18.05hrs
08/04/2026 02:46:49,sell,0.02,GBPUSD,1.33977,08/04/2026 20:50:17,1.34152,-0.10,0.00,-17.50,-3.60,3.32,17.10,-17.28,-85.90,1,Dragon Wave_DZ2,18.06,18.06hrs
08/04/2026 04:30:36,sell,0.02,GBPUSD,1.34116,08/04/2026 20:50:16,1.34159,-0.10,0.00,-4.30,-0.96,3.64,18.70,-14.50,-72.00,1,Dragon Wave_BZ2,16.33,16.33hrs
08/04/2026 03:01:06,sell,0.02,GBPUSD,1.33995,08/04/2026 20:50:16,1.34159,-0.10,0.00,-16.40,-3.38,3.68,18.90,-16.92,-84.10,1,Dragon Wave_KZ2,17.82,17.82hrs
08/04/2026 03:00:19,sell,0.02,GBPUSD,1.34012,08/04/2026 20:50:16,1.34157,-0.10,0.00,-14.50,-3.00,4.02,20.60,-16.58,-82.40,1,Dragon Wave_IZ2,17.83,17.83hrs
08/04/2026 09:32:19,sell,0.02,GBPUSD,1.34349,08/04/2026 20:50:15,1.34159,-0.10,0.00,19.00,3.70,4.54,23.20,-9.84,-48.70,1,Dragon Wave_EZ2,11.30,11.30hrs
08/04/2026 08:47:29,sell,0.02,GBPUSD,1.34330,08/04/2026 20:50:15,1.34159,-0.10,0.00,17.10,3.32,4.16,21.30,-10.22,-50.60,1,Dragon Wave_GZ2,12.05,12.05hrs
08/04/2026 04:46:24,sell,0.02,GBPUSD,1.34085,08/04/2026 20:50:15,1.34159,-0.10,0.00,-7.40,-1.58,3.02,15.60,-15.12,-75.10,1,Dragon Wave_NZ2,16.06,16.06hrs
08/04/2026 09:36:08,sell,0.02,GBPUSD,1.34379,08/04/2026 20:50:14,1.34159,-0.10,0.00,22.00,4.30,5.14,26.20,-9.24,-45.70,1,Dragon Wave_LZ2,11.23,11.23hrs
08/04/2026 02:02:55,sell,0.02,NZDCAD,0.80299,08/04/2026 20:50:14,0.80676,-0.10,0.00,-37.70,-5.54,2.30,16.60,-11.08,-76.00,1,Dragon Wave_BZ2,18.79,18.79hrs
08/04/2026 02:01:34,sell,0.02,NZDCAD,0.80267,08/04/2026 20:50:14,0.80675,-0.10,0.00,-40.80,-6.00,1.84,13.40,-11.54,-79.20,1,Dragon Wave_AZ2,18.81,18.81hrs
08/04/2026 02:05:39,sell,0.02,NZDCAD,0.80328,08/04/2026 20:50:13,0.80676,-0.10,0.00,-34.80,-5.13,2.72,19.50,-10.66,-73.10,1,Dragon Wave_KZ2,18.74,18.74hrs
08/04/2026 02:05:14,sell,0.02,NZDCAD,0.80329,08/04/2026 20:50:13,0.80676,-0.10,0.00,-34.70,-5.11,2.73,19.60,-10.65,-73.00,1,Dragon Wave_IZ2,18.75,18.75hrs
08/04/2026 02:04:06,sell,0.02,NZDCAD,0.80404,08/04/2026 20:50:13,0.80676,-0.10,0.00,-27.20,-4.03,3.82,27.10,-9.56,-65.50,1,Dragon Wave_FZ2,18.77,18.77hrs
08/04/2026 02:03:37,sell,0.02,NZDCAD,0.80404,08/04/2026 20:50:13,0.80676,-0.10,0.00,-27.20,-4.03,3.82,27.10,-9.56,-65.50,1,Dragon Wave_DZ2,18.78,18.78hrs
08/04/2026 06:46:35,sell,0.05,NZDCAD,0.80543,08/04/2026 20:50:12,0.80675,-0.25,0.00,-13.20,-5.01,0.00,0.00,-18.89,-51.60,1,Dragon Wave_BZ3,14.06,14.06hrs
08/04/2026 06:45:49,sell,0.05,NZDCAD,0.80526,08/04/2026 20:50:12,0.80676,-0.25,0.00,-15.00,-5.67,0.00,0.00,-19.50,-53.30,1,Dragon Wave_AZ3,14.07,14.07hrs
08/04/2026 02:06:23,sell,0.02,NZDCAD,0.80337,08/04/2026 20:50:12,0.80676,-0.10,0.00,-33.90,-5.00,2.85,20.40,-10.53,-72.20,1,Dragon Wave_NZ2,18.73,18.73hrs
08/04/2026 07:15:01,sell,0.05,NZDCAD,0.80692,08/04/2026 20:50:11,0.80675,-0.25,0.00,1.70,0.37,2.45,7.50,-13.51,-36.70,1,Dragon Wave_DZ3,13.59,13.59hrs
08/04/2026 06:47:31,sell,0.05,NZDCAD,0.80524,08/04/2026 20:50:11,0.80675,-0.25,0.00,-15.10,-5.70,0.00,0.00,-19.57,-53.50,1,Dragon Wave_KZ3,14.04,14.04hrs
08/04/2026 06:47:25,sell,0.05,NZDCAD,0.80532,08/04/2026 20:50:11,0.80675,-0.25,0.00,-14.30,-5.41,0.00,0.00,-19.29,-52.70,1,Dragon Wave_IZ3,14.05,14.05hrs
08/04/2026 07:16:25,sell,0.02,NZDCAD,0.80680,08/04/2026 20:50:10,0.80672,-0.10,0.00,0.80,0.02,0.81,6.30,-5.58,-37.90,1,Dragon Wave_GZ2,13.56,13.56hrs
08/04/2026 07:15:27,sell,0.05,NZDCAD,0.80694,08/04/2026 20:50:10,0.80672,-0.25,0.00,2.20,0.54,2.53,7.70,-13.43,-36.50,1,Dragon Wave_FZ3,13.58,13.58hrs
08/04/2026 08:34:09,sell,0.02,NZDCAD,0.80731,08/04/2026 20:50:09,0.80674,-0.10,0.00,5.70,0.72,1.54,11.40,-4.84,-32.80,1,Dragon Wave_JZ2,12.27,12.27hrs
08/04/2026 08:32:53,sell,0.02,NZDCAD,0.80721,08/04/2026 20:50:09,0.80672,-0.10,0.00,4.90,0.61,1.40,10.40,-4.98,-33.80,1,Dragon Wave_CZ2,12.29,12.29hrs
08/04/2026 07:18:46,sell,0.02,NZDCAD,0.80654,08/04/2026 20:50:09,0.80672,-0.10,0.00,-1.80,-0.36,0.43,3.70,-5.95,-40.50,1,Dragon Wave_OZ2,13.52,13.52hrs
08/04/2026 07:18:33,sell,0.05,NZDCAD,0.80659,08/04/2026 20:50:09,0.80672,-0.25,0.00,-1.30,-0.72,1.26,4.20,-14.70,-40.00,1,Dragon Wave_NZ3,13.53,13.53hrs
08/04/2026 08:48:12,sell,0.02,NZDCAD,0.80817,08/04/2026 20:50:08,0.80673,-0.10,0.00,14.40,1.98,2.78,20.00,-3.60,-24.20,1,Dragon Wave_HZ2,12.03,12.03hrs
08/04/2026 08:46:19,sell,0.02,NZDCAD,0.80784,08/04/2026 20:50:08,0.80674,-0.10,0.00,11.00,1.49,2.31,16.70,-4.07,-27.50,1,Dragon Wave_EZ2,12.06,12.06hrs
08/04/2026 08:34:24,sell,0.02,NZDCAD,0.80731,08/04/2026 20:50:08,0.80674,-0.10,0.00,5.70,0.72,1.54,11.40,-4.84,-32.80,1,Dragon Wave_LZ2,12.26,12.26hrs
08/04/2026 09:34:41,sell,0.13,NZDCAD,0.80914,08/04/2026 20:50:07,0.80673,-0.65,0.00,24.10,21.98,27.20,29.70,-14.27,-14.50,1,Dragon Wave_IZ4,11.26,11.26hrs
08/04/2026 09:34:14,sell,0.13,NZDCAD,0.80933,08/04/2026 20:50:07,0.80673,-0.65,0.00,26.00,23.77,28.98,31.60,-12.48,-12.60,1,Dragon Wave_BZ4,11.26,11.26hrs
08/04/2026 02:45:24,sell,0.02,NZDJPY,92.27900,08/04/2026 20:50:07,92.36900,-0.10,0.00,-9.00,-1.23,5.77,46.50,-3.15,-24.10,1,Dragon Wave_AZ2,18.08,18.08hrs
08/04/2026 02:48:00,sell,0.02,NZDJPY,92.28000,08/04/2026 20:50:06,92.36500,-0.10,0.00,-8.50,-1.18,5.78,46.60,-3.13,-24.00,1,Dragon Wave_FZ2,18.04,18.04hrs
08/04/2026 02:47:27,sell,0.02,NZDJPY,92.29700,08/04/2026 20:50:06,92.36800,-0.10,0.00,-7.10,-1.00,6.00,48.30,-2.92,-22.30,1,Dragon Wave_DZ2,18.04,18.04hrs
08/04/2026 08:46:52,sell,0.02,NZDJPY,92.52400,08/04/2026 20:50:05,92.36700,-0.10,0.00,15.70,1.89,4.95,40.00,-0.05,0.00,1,Dragon Wave_IZ2,12.05,12.05hrs
08/04/2026 02:48:45,sell,0.02,NZDJPY,92.26300,08/04/2026 20:50:05,92.36500,-0.10,0.00,-10.20,-1.39,5.57,44.90,-3.35,-25.70,1,Dragon Wave_KZ2,18.02,18.02hrs
08/04/2026 02:03:25,sell,0.02,NZDUSD,0.58011,08/04/2026 20:50:05,0.58283,-0.10,0.00,-27.20,-5.54,2.74,14.20,-11.20,-55.50,1,Dragon Wave_GZ2,18.78,18.78hrs
08/04/2026 02:02:24,sell,0.02,NZDUSD,0.57952,08/04/2026 20:50:05,0.58283,-0.10,0.00,-33.10,-6.72,1.56,8.30,-12.38,-61.40,1,Dragon Wave_FZ2,18.79,18.79hrs
08/04/2026 02:04:54,sell,0.02,NZDUSD,0.58021,08/04/2026 20:50:04,0.58284,-0.10,0.00,-26.30,-5.36,2.94,15.20,-11.00,-54.50,1,Dragon Wave_KZ2,18.75,18.75hrs
08/04/2026 02:04:30,sell,0.02,NZDUSD,0.58022,08/04/2026 20:50:04,0.58284,-0.10,0.00,-26.20,-5.34,2.96,15.30,-10.98,-54.40,1,Dragon Wave_IZ2,18.76,18.76hrs
08/04/2026 06:46:24,sell,0.02,NZDUSD,0.58184,08/04/2026 20:50:03,0.58284,-0.10,0.00,-10.00,-2.10,0.58,3.40,-7.74,-38.20,1,Dragon Wave_DZ2,14.06,14.06hrs
08/04/2026 06:45:59,sell,0.02,NZDUSD,0.58172,08/04/2026 20:50:03,0.58284,-0.10,0.00,-11.20,-2.34,0.34,2.20,-7.98,-39.40,1,Dragon Wave_AZ2,14.07,14.07hrs
08/04/2026 02:05:29,sell,0.02,NZDUSD,0.57981,08/04/2026 20:50:03,0.58284,-0.10,0.00,-30.30,-6.16,2.14,11.20,-11.80,-58.50,1,Dragon Wave_NZ2,18.74,18.74hrs
08/04/2026 07:00:18,sell,0.02,NZDUSD,0.58229,08/04/2026 20:50:02,0.58282,-0.10,0.00,-5.30,-1.16,1.48,7.90,-6.84,-33.70,1,Dragon Wave_BZ2,13.83,13.83hrs
08/04/2026 06:47:19,sell,0.05,NZDUSD,0.58185,08/04/2026 20:50:02,0.58282,-0.25,0.00,-9.70,-5.10,1.50,3.50,-19.30,-38.10,1,Dragon Wave_NZ3,14.05,14.05hrs
08/04/2026 06:46:55,sell,0.05,NZDUSD,0.58188,08/04/2026 20:50:02,0.58284,-0.25,0.00,-9.60,-5.05,1.65,3.80,-19.15,-37.80,1,Dragon Wave_FZ3,14.05,14.05hrs
08/04/2026 07:02:11,sell,0.05,NZDUSD,0.58265,08/04/2026 20:50:01,0.58279,-0.25,0.00,-1.40,-0.95,5.50,11.50,-15.30,-30.10,1,Dragon Wave_IZ3,13.80,13.80hrs
08/04/2026 07:00:37,sell,0.05,NZDUSD,0.58249,08/04/2026 20:50:01,0.58282,-0.25,0.00,-3.30,-1.90,4.70,9.90,-16.10,-31.70,1,Dragon Wave_GZ3,13.82,13.82hrs
08/04/2026 07:16:42,sell,0.02,NZDUSD,0.58318,08/04/2026 20:50:00,0.58278,-0.10,0.00,4.00,0.70,3.26,16.80,-5.06,-24.80,1,Dragon Wave_LZ2,13.55,13.55hrs
08/04/2026 07:02:19,sell,0.05,NZDUSD,0.58264,08/04/2026 20:50:00,0.58278,-0.25,0.00,-1.40,-0.95,5.45,11.40,-15.35,-30.20,1,Dragon Wave_KZ3,13.79,13.79hrs
08/04/2026 08:47:48,sell,0.02,NZDUSD,0.58421,08/04/2026 20:49:59,0.58278,-0.10,0.00,14.30,2.76,5.32,27.10,-3.00,-14.50,1,Dragon Wave_JZ2,12.04,12.04hrs
08/04/2026 08:32:41,sell,0.02,NZDUSD,0.58366,08/04/2026 20:49:59,0.58278,-0.10,0.00,8.80,1.66,4.22,21.60,-4.10,-20.00,1,Dragon Wave_EZ2,12.29,12.29hrs
08/04/2026 08:31:32,sell,0.02,NZDUSD,0.58364,08/04/2026 20:49:59,0.58278,-0.10,0.00,8.60,1.62,4.18,21.40,-4.14,-20.20,1,Dragon Wave_CZ2,12.31,12.31hrs
08/04/2026 09:19:59,buy,0.02,USDCHF,0.78851,08/04/2026 20:49:58,0.79073,-0.10,0.00,22.20,5.52,5.97,24.00,-4.01,-15.40,1,Dragon Wave_FZ2,11.50,11.50hrs
08/04/2026 09:19:17,buy,0.02,USDCHF,0.78850,08/04/2026 20:49:58,0.79073,-0.10,0.00,22.30,5.54,5.99,24.10,-3.99,-15.30,1,Dragon Wave_DZ2,11.51,11.51hrs
08/04/2026 09:16:26,buy,0.02,USDCHF,0.78856,08/04/2026 20:49:58,0.79073,-0.10,0.00,21.70,5.39,5.84,23.50,-4.14,-15.90,1,Dragon Wave_AZ2,11.56,11.56hrs
08/04/2026 09:35:40,buy,0.02,USDCHF,0.78763,08/04/2026 20:49:57,0.79073,-0.10,0.00,31.00,7.74,8.19,32.80,-1.78,-6.60,1,Dragon Wave_IZ2,11.24,11.24hrs
08/04/2026 09:30:25,buy,0.02,USDCHF,0.78748,08/04/2026 20:49:57,0.79073,-0.10,0.00,32.50,8.12,8.57,34.30,-1.40,-5.10,1,Dragon Wave_BZ2,11.33,11.33hrs
08/04/2026 09:21:01,buy,0.02,USDCHF,0.78842,08/04/2026 20:49:57,0.79073,-0.10,0.00,23.10,5.74,6.20,24.90,-3.79,-14.50,1,Dragon Wave_KZ2,11.48,11.48hrs
08/04/2026 09:37:42,buy,0.02,USDCHF,0.78757,08/04/2026 20:49:56,0.79073,-0.10,0.00,31.60,7.89,8.35,33.40,-1.62,-6.00,1,Dragon Wave_NZ2,11.20,11.20hrs
08/04/2026 09:32:45,buy,0.02,USDJPY,158.06900,08/04/2026 20:49:56,158.48400,-0.10,0.00,41.50,5.14,5.36,43.30,-2.38,-18.00,1,Dragon Wave_FZ2,11.29,11.29hrs
08/04/2026 09:31:39,buy,0.02,USDJPY,158.10100,08/04/2026 20:49:56,158.48400,-0.10,0.00,38.30,4.73,4.96,40.10,-2.78,-21.20,1,Dragon Wave_AZ2,11.30,11.30hrs
08/04/2026 12:01:08,sell,0.02,GBPCAD,1.86153,08/04/2026 20:49:55,1.85711,-0.10,0.00,44.20,6.28,6.28,44.20,-8.89,-60.90,1,Dragon Wave_HZ2,8.81,8.81hrs
08/04/2026 11:49:08,sell,0.02,GBPCAD,1.86067,08/04/2026 20:49:55,1.85711,-0.10,0.00,35.60,5.04,5.04,35.60,-10.13,-69.50,1,Dragon Wave_OZ2,9.01,9.01hrs
08/04/2026 11:48:53,sell,0.05,GBPCAD,1.86072,08/04/2026 20:49:55,1.85713,-0.25,0.00,35.90,12.72,12.72,35.90,-25.14,-69.00,1,Dragon Wave_KZ3,9.02,9.02hrs
08/04/2026 11:48:11,sell,0.05,GBPCAD,1.86017,08/04/2026 20:49:55,1.85702,-0.25,0.00,31.50,11.13,11.13,31.50,-27.12,-74.50,1,Dragon Wave_FZ3,9.03,9.03hrs
08/04/2026 14:03:20,sell,0.13,GBPCAD,1.86413,08/04/2026 20:49:54,1.85710,-0.65,0.00,70.30,65.36,65.36,70.30,-33.38,-34.90,1,Dragon Wave_IZ4,6.78,6.78hrs
08/04/2026 14:01:02,sell,0.05,GBPCAD,1.86401,08/04/2026 20:49:54,1.85711,-0.25,0.00,69.00,24.67,24.67,69.00,-13.27,-36.10,1,Dragon Wave_GZ3,6.81,6.81hrs
08/04/2026 14:15:25,sell,0.05,GBPUSD,1.34527,08/04/2026 20:49:53,1.34147,-0.25,0.00,38.00,18.75,20.25,41.00,-15.70,-30.90,1,Dragon Wave_FZ3,6.57,6.57hrs
08/04/2026 14:15:07,sell,0.05,GBPUSD,1.34539,08/04/2026 20:49:53,1.34146,-0.25,0.00,39.30,19.40,20.85,42.20,-15.10,-29.70,1,Dragon Wave_AZ3,6.58,6.58hrs
08/04/2026 14:04:02,sell,0.05,GBPCAD,1.86424,08/04/2026 20:49:53,1.85712,-0.25,0.00,71.20,25.47,25.47,71.20,-12.44,-33.80,1,Dragon Wave_NZ3,6.76,6.76hrs
08/04/2026 14:17:49,sell,0.05,GBPCAD,1.86570,08/04/2026 20:49:52,1.85712,-0.25,0.00,85.80,30.74,30.74,85.80,-7.17,-19.20,1,Dragon Wave_JZ3,6.53,6.53hrs
08/04/2026 14:17:07,sell,0.05,GBPCAD,1.86587,08/04/2026 20:49:52,1.85712,-0.25,0.00,87.50,31.36,31.36,87.50,-6.56,-17.50,1,Dragon Wave_EZ3,6.55,6.55hrs
08/04/2026 14:15:59,sell,0.05,GBPUSD,1.34531,08/04/2026 20:49:52,1.34147,-0.25,0.00,38.40,18.95,20.45,41.40,-15.50,-30.50,1,Dragon Wave_IZ3,6.56,6.56hrs
08/04/2026 14:31:05,sell,0.05,GBPUSD,1.34618,08/04/2026 20:49:51,1.34146,-0.25,0.00,47.20,23.35,24.80,50.10,-11.15,-21.80,1,Dragon Wave_DZ3,6.31,6.31hrs
08/04/2026 14:18:21,sell,0.02,GBPCAD,1.86563,08/04/2026 20:49:51,1.85712,-0.10,0.00,85.10,12.20,12.20,85.10,-2.97,-19.90,1,Dragon Wave_MZ2,6.53,6.53hrs
08/04/2026 14:18:12,sell,0.05,GBPCAD,1.86571,08/04/2026 20:49:51,1.85712,-0.25,0.00,85.90,30.78,30.78,85.90,-7.14,-19.10,1,Dragon Wave_LZ3,6.53,6.53hrs
08/04/2026 15:00:04,sell,0.02,GBPUSD,1.34666,08/04/2026 20:49:50,1.34146,-0.10,0.00,52.00,10.30,10.88,54.90,-3.50,-17.00,1,Dragon Wave_CZ2,5.83,5.83hrs
08/04/2026 14:46:11,buy,0.02,EURGBP,0.86928,08/04/2026 20:49:50,0.87015,-0.10,0.00,8.70,2.24,2.50,9.70,-1.77,-6.20,1,Dragon Wave_AZ2,6.06,6.06hrs
08/04/2026 14:33:18,sell,0.05,GBPUSD,1.34625,08/04/2026 20:49:50,1.34146,-0.25,0.00,47.90,23.70,25.15,50.80,-10.80,-21.10,1,Dragon Wave_KZ3,6.28,6.28hrs
08/04/2026 14:31:21,sell,0.02,GBPUSD,1.34626,08/04/2026 20:49:50,1.34146,-0.10,0.00,48.00,9.50,10.08,50.90,-4.30,-21.00,1,Dragon Wave_JZ2,6.31,6.31hrs
08/04/2026 15:17:46,sell,0.31,GBPCAD,1.86756,08/04/2026 20:49:49,1.85708,-1.55,0.00,104.80,233.12,233.12,104.80,0.00,0.00,1,Dragon Wave_AZ5,5.53,5.53hrs
08/04/2026 15:15:24,sell,0.05,GBPUSD,1.34730,08/04/2026 20:49:49,1.34143,-0.25,0.00,58.70,29.10,30.40,61.30,-5.55,-10.60,1,Dragon Wave_BZ3,5.57,5.57hrs
08/04/2026 15:00:35,sell,0.05,GBPCAD,1.86681,08/04/2026 20:49:49,1.85706,-0.25,0.00,97.50,34.96,34.96,97.50,-3.17,-8.10,1,Dragon Wave_CZ3,5.82,5.82hrs
08/04/2026 15:19:01,sell,0.05,GBPUSD,1.34734,08/04/2026 20:49:48,1.34143,-0.25,0.00,59.10,29.30,30.60,61.70,-5.35,-10.20,1,Dragon Wave_NZ3,5.51,5.51hrs
08/04/2026 15:18:23,sell,0.13,NZDCAD,0.80970,08/04/2026 20:49:48,0.80667,-0.65,0.00,30.30,27.80,27.80,30.30,-9.01,-8.90,1,Dragon Wave_KZ4,5.52,5.52hrs
08/04/2026 15:18:02,sell,0.13,GBPCAD,1.86777,08/04/2026 20:49:48,1.85708,-0.65,0.00,106.90,99.73,99.73,106.90,0.00,0.00,1,Dragon Wave_BZ4,5.53,5.53hrs
08/04/2026 15:48:28,sell,0.02,NZDUSD,0.58510,08/04/2026 20:49:47,0.58275,-0.10,0.00,23.50,4.60,4.74,24.20,-1.22,-5.60,1,Dragon Wave_HZ2,5.02,5.02hrs
08/04/2026 15:48:14,buy,0.02,USDJPY,158.00400,08/04/2026 20:49:47,158.49200,-0.10,0.00,48.80,6.06,6.18,49.80,-1.56,-11.50,1,Dragon Wave_DZ2,5.03,5.03hrs
08/04/2026 15:46:06,sell,0.13,NZDCAD,0.81012,08/04/2026 20:49:47,0.80667,-0.65,0.00,34.50,31.74,31.74,34.50,-5.06,-4.70,1,Dragon Wave_AZ4,5.06,5.06hrs
08/04/2026 15:49:32,sell,0.02,NZDUSD,0.58510,08/04/2026 20:49:46,0.58276,-0.10,0.00,23.40,4.58,4.74,24.20,-1.22,-5.60,1,Dragon Wave_OZ2,5.00,5.00hrs
08/04/2026 15:48:33,buy,0.02,USDCHF,0.78731,08/04/2026 20:49:46,0.79075,-0.10,0.00,34.40,8.60,9.00,36.00,-0.96,-3.40,1,Dragon Wave_GZ2,5.02,5.02hrs
08/04/2026 16:16:31,sell,0.05,NZDCAD,0.81046,08/04/2026 20:49:45,0.80671,-0.25,0.00,37.50,13.29,13.29,37.50,-0.54,-0.80,1,Dragon Wave_OZ3,4.55,4.55hrs
08/04/2026 16:15:48,sell,0.05,NZDCAD,0.81044,08/04/2026 20:49:45,0.80671,-0.25,0.00,37.30,13.22,13.22,37.30,-0.61,-1.00,1,Dragon Wave_GZ3,4.57,4.57hrs
08/04/2026 16:02:06,sell,0.13,NZDUSD,0.58541,08/04/2026 20:49:45,0.58277,-0.65,0.00,26.40,33.67,34.84,27.30,-3.90,-2.50,1,Dragon Wave_NZ4,4.79,4.79hrs
08/04/2026 14:17:29,buy,0.02,CADCHF,0.56840,08/04/2026 19:44:42,0.57078,-0.10,0.00,23.80,5.92,5.92,23.80,-0.33,-0.90,1,Dragon Wave_AZ2[tp],5.45,5.45hrs
08/04/2026 02:00:59,sell,0.02,AUDCHF,0.55908,08/04/2026 14:03:38,0.55503,-0.10,0.00,40.50,10.17,10.35,41.20,-3.66,-14.10,1,Dragon Wave_BZ2,12.04,12.04hrs
08/04/2026 01:48:21,sell,0.02,AUDCHF,0.55839,08/04/2026 11:46:29,0.55514,-0.10,0.00,32.50,8.14,8.39,33.50,-5.40,-21.00,1,Dragon Wave_IZ2,9.97,9.97hrs
08/04/2026 02:31:15,sell,0.02,AUDCHF,0.55894,08/04/2026 11:43:33,0.55494,-0.10,0.00,40.00,10.04,10.04,40.00,-2.10,-7.90,1,Dragon Wave_KZ2[tp],9.21,9.21hrs
08/04/2026 01:45:30,sell,0.02,AUDJPY,111.89900,08/04/2026 11:43:19,111.48300,-0.10,0.00,41.60,5.15,5.15,41.60,-5.64,-44.00,1,Dragon Wave_AZ2[tp],9.96,9.96hrs
08/04/2026 01:46:29,sell,0.02,AUDCHF,0.55879,08/04/2026 11:43:10,0.55518,-0.10,0.00,36.10,9.06,9.06,36.10,-4.39,-17.00,1,Dragon Wave_DZ2[tp],9.94,9.94hrs
08/04/2026 01:47:41,sell,0.02,AUDCHF,0.55854,08/04/2026 11:04:19,0.55584,-0.10,0.00,27.00,6.76,6.76,27.00,-5.02,-19.50,1,Dragon Wave_FZ2,9.28,9.28hrs
08/04/2026 01:46:06,sell,0.02,AUDCHF,0.55884,08/04/2026 10:54:30,0.55614,-0.10,0.00,27.00,6.76,6.76,27.00,-4.26,-16.50,1,Dragon Wave_AZ2[tp],9.14,9.14hrs
07/04/2026 18:06:45,sell,0.02,EURCHF,0.92633,08/04/2026 09:26:24,0.92112,-0.10,-0.24,52.10,12.90,12.90,52.10,-0.50,-1.60,1,Dragon Wave_MZ2[tp],15.33,15.33hrs
07/04/2026 12:02:17,sell,0.02,AUDNZD,1.21403,08/04/2026 06:40:43,1.21079,-0.10,-0.13,32.40,3.55,3.55,32.40,-7.02,-59.30,1,Dragon Wave_HZ2[tp],18.64,18.64hrs
07/04/2026 03:33:22,sell,0.02,AUDNZD,1.21224,08/04/2026 06:39:53,1.21138,-0.10,-0.13,8.60,0.77,0.77,8.60,-9.08,-77.20,1,Dragon Wave_OZ2[tp],27.11,1.13days
07/04/2026 13:30:43,sell,0.31,AUDNZD,1.21497,08/04/2026 06:38:42,1.21170,-1.55,-1.99,32.70,55.41,55.41,32.70,-92.12,-49.90,1,Dragon Wave_BZ5[tp],17.13,17.13hrs
07/04/2026 12:17:07,sell,0.05,AUDNZD,1.21436,08/04/2026 06:38:42,1.21170,-0.25,-0.32,26.60,7.17,7.17,26.60,-16.60,-56.00,1,Dragon Wave_CZ3[tp],18.36,18.36hrs
03/04/2026 09:32:04,sell,0.13,AUDNZD,1.21004,08/04/2026 06:38:42,1.21170,-0.65,-1.66,-16.60,-14.86,4.03,6.30,-76.40,-99.20,1,Dragon Wave_BZ4[tp],117.11,4.88days
02/04/2026 23:30:28,sell,0.02,AUDNZD,1.20843,08/04/2026 06:38:42,1.21170,-0.10,-0.26,-32.70,-4.16,0.00,0.00,-13.62,-115.30,1,Dragon Wave_CZ2[tp],127.14,5.30days
01/04/2026 15:45:41,sell,0.05,AUDNZD,1.20527,08/04/2026 06:38:42,1.21170,-0.25,-0.94,-64.30,-19.89,5.82,22.30,-43.51,-146.90,1,Dragon Wave_BZ3[tp],158.88,6.62days
31/03/2026 15:30:19,sell,0.02,AUDNZD,1.20238,08/04/2026 06:38:42,1.21170,-0.10,-0.97,-93.20,-11.91,2.48,22.50,-21.35,-175.80,1,Dragon Wave_BZ2[tp],183.14,7.63days
07/04/2026 15:01:21,sell,0.13,AUDNZD,1.21549,08/04/2026 06:17:26,1.21208,-0.65,-0.83,34.10,24.32,24.32,34.10,-34.76,-44.70,1,Dragon Wave_EZ4[tp],15.27,15.27hrs
03/04/2026 03:31:37,sell,0.05,AUDNZD,1.20904,08/04/2026 06:17:26,1.21208,-0.25,-0.64,-30.40,-9.74,0.00,0.00,-32.28,-109.20,1,Dragon Wave_EZ3[tp],122.76,5.12days
01/04/2026 11:03:49,sell,0.02,AUDNZD,1.20505,08/04/2026 06:17:26,1.21208,-0.10,-0.38,-70.30,-8.66,2.08,20.10,-17.66,-149.10,1,Dragon Wave_EZ2[tp],163.23,6.80days
07/04/2026 15:02:56,sell,0.13,AUDNZD,1.21583,08/04/2026 06:17:20,1.21222,-0.65,-0.83,36.10,25.82,25.82,36.10,-32.23,-41.30,1,Dragon Wave_LZ4[tp],15.24,15.24hrs
03/04/2026 03:32:30,sell,0.05,AUDNZD,1.20898,08/04/2026 06:17:20,1.21222,-0.25,-0.64,-32.40,-10.31,0.00,0.00,-32.46,-109.80,1,Dragon Wave_LZ3[tp],122.75,5.11days
01/04/2026 11:04:49,sell,0.02,AUDNZD,1.20529,08/04/2026 06:17:20,1.21222,-0.10,-0.38,-69.30,-8.54,2.35,22.50,-17.39,-146.70,1,Dragon Wave_LZ2[tp],163.21,6.80days
08/04/2026 04:17:48,sell,0.13,AUDNZD,1.21944,08/04/2026 06:14:58,1.21265,-0.65,0.00,67.90,50.69,50.69,67.90,-3.89,-4.30,1,Dragon Wave_JZ4[tp],1.95,1.95hrs
03/04/2026 22:17:13,sell,0.05,AUDNZD,1.21129,08/04/2026 06:14:58,1.21265,-0.25,-0.64,-13.60,-4.84,3.98,14.80,-25.76,-86.70,1,Dragon Wave_JZ3[tp],103.96,4.33days
02/04/2026 17:49:44,sell,0.02,AUDNZD,1.20574,08/04/2026 06:14:58,1.21265,-0.10,-0.26,-69.10,-8.40,0.00,0.00,-16.74,-142.20,1,Dragon Wave_JZ2[tp],132.42,5.52days
08/04/2026 03:45:04,sell,0.31,AUDNZD,1.21819,08/04/2026 06:12:17,1.21378,-1.55,0.00,44.10,77.86,77.86,44.10,-31.74,-16.80,1,Dragon Wave_GZ5[tp],2.45,2.45hrs
07/04/2026 06:02:12,sell,0.13,AUDNZD,1.21260,08/04/2026 06:12:17,1.21378,-0.65,-0.83,-11.80,-10.39,0.61,1.70,-56.27,-73.60,1,Dragon Wave_GZ4[tp],24.17,1.01days
02/04/2026 19:32:54,sell,0.05,AUDNZD,1.20730,08/04/2026 06:12:17,1.21378,-0.25,-0.64,-64.80,-19.71,0.06,1.10,-37.33,-126.60,1,Dragon Wave_GZ3[tp],130.66,5.44days
01/04/2026 04:04:59,sell,0.02,AUDNZD,1.20380,08/04/2026 06:12:17,1.21378,-0.10,-0.38,-99.80,-12.08,1.86,17.10,-19.11,-161.60,1,Dragon Wave_GZ2[tp],170.12,7.09days
07/04/2026 16:22:34,sell,0.02,AUDNZD,1.21690,08/04/2026 06:11:46,1.21400,-0.10,-0.13,29.00,3.14,3.14,29.00,-3.73,-30.60,1,Dragon Wave_IZ2[tp],13.82,13.82hrs
08/04/2026 04:04:32,sell,0.31,AUDNZD,1.21865,08/04/2026 06:11:42,1.21441,-1.55,0.00,42.40,74.77,74.77,42.40,-23.48,-12.20,1,Dragon Wave_NZ5[tp],2.12,2.12hrs
07/04/2026 11:06:03,sell,0.13,AUDNZD,1.21337,08/04/2026 06:11:42,1.21441,-0.65,-0.83,-10.40,-9.33,0.00,0.00,-50.54,-65.90,1,Dragon Wave_NZ4[tp],19.09,19.09hrs
02/04/2026 23:31:15,sell,0.05,AUDNZD,1.20847,08/04/2026 06:11:42,1.21441,-0.25,-0.64,-59.40,-18.13,0.00,0.00,-33.94,-114.90,1,Dragon Wave_NZ3[tp],126.67,5.28days
01/04/2026 04:19:08,sell,0.02,AUDNZD,1.20413,08/04/2026 06:11:42,1.21441,-0.10,-0.38,-102.80,-12.42,2.24,20.40,-18.73,-158.30,1,Dragon Wave_NZ2[tp],169.88,7.08days
07/04/2026 16:16:29,sell,0.31,AUDNZD,1.21676,08/04/2026 06:11:38,1.21481,-1.55,-1.99,19.50,31.55,31.55,19.50,-60.35,-32.00,1,Dragon Wave_AZ5[tp],13.92,13.92hrs
07/04/2026 12:00:18,sell,0.13,AUDNZD,1.21397,08/04/2026 06:11:38,1.21481,-0.65,-0.83,-8.40,-7.82,0.00,0.80,-46.07,-59.90,1,Dragon Wave_AZ4[tp],18.19,18.19hrs
07/04/2026 03:30:17,sell,0.05,AUDNZD,1.21191,08/04/2026 06:11:38,1.21481,-0.25,-0.32,-29.00,-8.99,0.52,2.70,-23.64,-80.50,1,Dragon Wave_AZ3[tp],26.69,1.11days
03/04/2026 03:30:29,sell,0.02,AUDNZD,1.20908,08/04/2026 06:11:38,1.21481,-0.10,-0.26,-57.30,-7.01,0.00,0.00,-12.87,-108.80,1,Dragon Wave_AZ2[tp],122.69,5.11days
08/04/2026 04:17:57,sell,1.95,AUDNZD,1.21923,08/04/2026 05:01:16,1.21641,-9.75,0.00,28.20,309.90,309.90,28.20,-82.10,-6.40,1,Dragon Wave_KZ7[tp],0.72,0.72hrs
07/04/2026 15:16:23,sell,0.78,AUDNZD,1.21613,08/04/2026 05:01:16,1.21641,-3.90,-5.01,-2.80,-21.61,34.18,9.50,-179.98,-38.30,1,Dragon Wave_KZ6[tp],13.75,13.75hrs
07/04/2026 03:31:26,sell,0.31,AUDNZD,1.21200,08/04/2026 05:01:16,1.21641,-1.55,-1.99,-44.10,-83.00,4.82,3.60,-144.98,-79.60,1,Dragon Wave_KZ5[tp],25.50,1.06days
03/04/2026 02:01:32,sell,0.13,AUDNZD,1.20853,08/04/2026 05:01:16,1.21641,-0.65,-1.66,-78.80,-61.85,0.00,0.00,-87.78,-114.30,1,Dragon Wave_KZ4[tp],123.00,5.12days
02/04/2026 17:34:58,sell,0.05,AUDNZD,1.20538,08/04/2026 05:01:16,1.21641,-0.25,-0.64,-110.30,-32.94,0.00,0.00,-42.89,-145.80,1,Dragon Wave_KZ3[tp],131.44,5.48days
31/03/2026 14:45:09,sell,0.02,AUDNZD,1.20232,08/04/2026 05:01:16,1.21641,-0.10,-0.97,-140.90,-17.45,2.41,21.90,-21.42,-176.40,1,Dragon Wave_KZ2[tp],182.27,7.59days
31/03/2026 17:36:04,sell,0.02,EURNZD,2.01231,08/04/2026 02:03:37,2.01121,-0.10,-0.47,11.00,0.71,3.29,32.20,-21.89,-187.50,1,Dragon Wave_HZ2[tp],176.46,7.35days
08/04/2026 00:30:33,sell,4.88,AUDNZD,1.21791,08/04/2026 01:57:19,1.21570,-24.40,0.00,22.10,601.28,601.28,22.10,-194.94,-6.10,1,Dragon Wave_FZ8[tp],1.45,1.45hrs
07/04/2026 15:46:20,sell,0.02,AUDNZD,1.21630,08/04/2026 01:57:19,1.21570,-0.10,-0.13,6.00,0.46,0.79,7.80,-4.42,-36.60,1,Dragon Wave_DZ2[tp],10.18,10.18hrs
07/04/2026 15:01:44,sell,1.95,AUDNZD,1.21552,08/04/2026 01:57:19,1.21570,-9.75,-12.52,-1.80,-42.63,0.00,0.00,-518.06,-44.40,1,Dragon Wave_FZ7[tp],10.93,10.93hrs
07/04/2026 11:46:37,sell,0.78,AUDNZD,1.21385,08/04/2026 01:57:19,1.21570,-3.90,-5.01,-18.50,-92.62,0.00,0.70,-281.82,-61.10,1,Dragon Wave_FZ6[tp],14.18,14.18hrs
03/04/2026 09:32:12,sell,0.31,AUDNZD,1.21003,08/04/2026 01:57:19,1.21570,-1.55,-3.97,-56.70,-107.49,9.43,6.20,-181.80,-99.30,1,Dragon Wave_FZ5[tp],112.42,4.68days
02/04/2026 19:31:48,sell,0.13,AUDNZD,1.20705,08/04/2026 01:57:19,1.21570,-0.65,-1.66,-86.50,-67.55,0.00,0.00,-98.42,-129.10,1,Dragon Wave_FZ4[tp],126.43,5.27days
01/04/2026 04:01:58,sell,0.05,AUDNZD,1.20385,08/04/2026 01:57:19,1.21570,-0.25,-0.94,-118.50,-35.56,4.80,17.60,-47.32,-161.10,1,Dragon Wave_FZ3[tp],165.92,6.91days
31/03/2026 10:49:18,sell,0.02,AUDNZD,1.20095,08/04/2026 01:57:19,1.21570,-0.10,-0.97,-147.50,-18.19,0.84,8.20,-22.84,-190.10,1,Dragon Wave_FZ2[tp],183.13,7.63days
31/03/2026 18:09:55,sell,0.05,EURNZD,2.01873,08/04/2026 01:57:17,2.01232,-0.25,-1.19,64.10,17.14,26.76,96.40,-36.44,-123.30,1,Dragon Wave_LZ3[tp],175.79,7.32days
27/03/2026 03:00:38,sell,0.02,EURNZD,2.00308,08/04/2026 01:57:17,2.01232,-0.10,-0.57,-92.40,-11.39,8.64,75.70,-32.51,-279.80,1,Dragon Wave_LZ2[tp],286.94,11.96days
02/04/2026 07:46:59,sell,0.05,EURNZD,2.02050,08/04/2026 01:53:51,2.01410,-0.25,-0.28,64.00,17.99,17.99,64.00,-30.48,-105.60,1,Dragon Wave_JZ3[tp],138.11,5.75days
27/03/2026 19:32:14,sell,0.02,EURNZD,2.00428,08/04/2026 01:53:51,2.01410,-0.10,-0.57,-98.20,-12.04,1.84,17.30,-31.15,-267.80,1,Dragon Wave_JZ2[tp],270.36,11.27days
31/03/2026 18:12:54,sell,0.02,EURNZD,2.01827,08/04/2026 01:45:31,2.01698,-0.10,-0.47,12.90,0.92,10.17,91.80,-15.10,-127.90,1,Dragon Wave_MZ2[tp],175.54,7.31days
07/04/2026 05:03:48,sell,0.05,EURNZD,2.02487,08/04/2026 01:38:30,2.01933,-0.25,-0.14,55.40,15.60,15.60,55.40,-17.89,-61.90,1,Dragon Wave_OZ3[tp],20.58,20.58hrs
30/03/2026 03:16:32,sell,0.02,EURNZD,2.00753,08/04/2026 01:38:30,2.01933,-0.10,-0.52,-118.00,-14.24,4.55,41.00,-27.39,-235.30,1,Dragon Wave_OZ2[tp],214.37,8.93days
24/03/2026 07:15:46,sell,0.05,EURAUD,1.66329,08/04/2026 01:37:48,1.65926,-0.25,1.85,40.30,15.75,20.49,59.20,-65.36,-191.90,1,Dragon Wave_LZ3[tp],354.37,14.77days
23/03/2026 04:46:12,sell,0.02,EURAUD,1.65333,08/04/2026 01:37:48,1.65926,-0.10,0.76,-59.30,-7.67,10.52,73.80,-39.77,-291.50,1,Dragon Wave_LZ2[tp],380.86,15.87days
07/04/2026 15:16:37,sell,0.05,EURNZD,2.02718,08/04/2026 01:37:47,2.01990,-0.25,-0.14,72.80,20.60,20.60,72.80,-11.31,-38.80,1,Dragon Wave_CZ3[tp],10.35,10.35hrs
31/03/2026 17:45:34,sell,0.02,EURNZD,2.01254,08/04/2026 01:37:47,2.01990,-0.10,-0.47,-73.60,-9.06,3.56,34.50,-21.63,-185.20,1,Dragon Wave_CZ2[tp],175.87,7.33days
24/03/2026 11:15:45,sell,0.05,EURAUD,1.66479,08/04/2026 01:32:35,1.66003,-0.25,1.85,47.60,18.27,23.08,66.60,-60.22,-176.90,1,Dragon Wave_JZ3[tp],350.28,14.60days
23/03/2026 06:15:26,sell,0.02,EURAUD,1.65424,08/04/2026 01:32:35,1.66003,-0.10,0.76,-57.90,-7.45,11.80,82.90,-38.52,-282.40,1,Dragon Wave_JZ2[tp],379.29,15.80days
24/03/2026 07:30:51,sell,0.02,EURAUD,1.66409,07/04/2026 22:50:59,1.66385,-0.10,0.67,2.40,0.90,9.32,67.20,-25.06,-183.90,1,Dragon Wave_HZ2,351.34,14.64days
31/03/2026 19:30:07,sell,0.02,EURGBP,0.87379,07/04/2026 09:32:27,0.87160,-0.10,-0.70,21.90,5.00,7.98,32.20,-1.67,-4.10,1,Dragon Wave_HZ2,158.04,6.58days
31/03/2026 19:05:11,sell,0.02,EURGBP,0.87350,07/04/2026 09:18:08,0.87173,-0.10,-0.70,17.70,3.88,7.21,29.30,-2.44,-7.00,1,Dragon Wave_OZ2,158.22,6.59days
31/03/2026 17:55:32,sell,0.02,EURGBP,0.87204,06/04/2026 13:19:05,0.87176,-0.10,-0.59,2.80,0.05,3.32,14.70,-6.30,-21.60,1,Dragon Wave_JZ2,139.39,5.81days
31/03/2026 18:07:46,sell,0.02,EURGBP,0.87288,06/04/2026 13:18:37,0.87177,-0.10,-0.59,11.10,2.25,5.56,23.10,-4.08,-13.20,1,Dragon Wave_CZ2,139.18,5.80days
31/03/2026 18:07:21,sell,0.02,EURNZD,2.01892,06/04/2026 13:04:11,2.01835,-0.10,-0.37,5.70,0.19,10.92,98.30,-11.01,-92.50,1,Dragon Wave_EZ2,138.95,5.79days
31/03/2026 18:13:13,sell,0.02,EURGBP,0.87246,06/04/2026 05:19:23,0.87217,-0.10,-0.59,2.90,0.08,4.44,18.90,-5.19,-17.40,1,Dragon Wave_LZ2,131.10,5.46days
31/03/2026 18:50:45,buy,0.02,NZDJPY,90.84000,02/04/2026 17:36:17,91.35700,-0.10,0.12,51.70,6.51,8.62,68.30,-0.52,-3.30,1,Dragon Wave_OZ2[tp],46.76,1.95days
31/03/2026 18:09:02,buy,0.02,NZDJPY,90.76400,02/04/2026 17:36:09,91.34200,-0.10,0.12,57.80,7.27,9.57,75.90,-0.05,0.00,1,Dragon Wave_CZ2[tp],47.45,1.98days
31/03/2026 14:32:21,sell,0.02,AUDNZD,1.20189,02/04/2026 13:19:53,1.20311,-0.10,-0.71,-12.20,-2.20,1.92,17.60,-5.07,-37.30,1,Dragon Wave_IZ2,46.79,1.95days
01/04/2026 11:04:32,sell,0.05,AUDNZD,1.20535,02/04/2026 13:19:50,1.20311,-0.25,-0.30,22.40,5.84,6.05,23.10,-1.32,-2.70,1,Dragon Wave_IZ3,26.25,1.09days
01/04/2026 04:18:12,sell,0.05,AUDNZD,1.20421,02/04/2026 04:31:49,1.20287,-0.25,-0.30,13.40,3.28,5.84,21.20,-4.09,-12.80,1,Dragon Wave_DZ3[tp],24.23,1.01days
31/03/2026 12:17:24,sell,0.02,AUDNZD,1.20124,02/04/2026 04:31:49,1.20287,-0.10,-0.71,-16.30,-2.67,1.17,11.10,-5.64,-42.50,1,Dragon Wave_DZ2[tp],40.24,1.68days
01/04/2026 18:02:21,sell,0.02,EURUSD,1.16243,02/04/2026 04:17:54,1.15720,-0.10,0.05,52.30,10.41,10.41,52.30,-0.32,-1.10,1,Dragon Wave_DZ2[tp],10.26,10.26hrs
01/04/2026 10:00:42,sell,0.02,EURUSD,1.15926,02/04/2026 04:17:54,1.15716,-0.10,0.05,21.00,4.15,4.15,21.00,-6.66,-32.80,1,Dragon Wave_FZ2[tp],18.29,18.29hrs
01/04/2026 03:18:09,sell,0.02,EURUSD,1.15787,02/04/2026 04:17:44,1.15750,-0.10,0.05,3.70,0.69,4.26,21.80,-9.44,-46.70,1,Dragon Wave_AZ2[tp],24.99,1.04days
01/04/2026 14:47:47,sell,0.02,AUDUSD,0.69568,02/04/2026 04:17:40,0.69092,-0.10,-0.05,47.60,9.37,9.37,47.60,-0.92,-4.10,1,Dragon Wave_IZ2,13.50,13.50hrs
01/04/2026 14:48:03,sell,0.02,AUDUSD,0.69559,02/04/2026 04:05:52,0.69139,-0.10,-0.05,42.00,8.25,8.30,42.00,-1.10,-5.00,1,Dragon Wave_KZ2[tp],13.30,13.30hrs
01/04/2026 11:45:13,sell,0.02,AUDCAD,0.96523,02/04/2026 04:03:46,0.96019,-0.10,-0.14,50.40,7.02,7.02,50.40,-2.17,-14.40,1,Dragon Wave_BZ2[tp],16.31,16.31hrs
01/04/2026 11:33:44,sell,0.02,AUDUSD,0.69498,02/04/2026 04:03:46,0.69193,-0.10,-0.05,30.50,5.95,7.08,35.90,-2.32,-11.10,1,Dragon Wave_FZ2[tp],16.50,16.50hrs
01/04/2026 11:32:42,sell,0.02,AUDUSD,0.69493,02/04/2026 04:03:45,0.69201,-0.10,-0.05,29.20,5.69,6.98,35.40,-2.42,-11.60,1,Dragon Wave_DZ2[tp],16.52,16.52hrs
01/04/2026 03:16:40,sell,0.02,AUDCAD,0.96232,02/04/2026 03:03:14,0.96082,-0.10,-0.14,15.00,1.92,3.72,26.60,-6.36,-43.50,1,Dragon Wave_IZ2,23.78,23.78hrs
01/04/2026 14:48:06,sell,0.05,AUDCAD,0.96618,02/04/2026 03:03:10,0.96084,-0.25,-0.35,53.40,18.64,20.67,58.10,-2.01,-4.90,1,Dragon Wave_IZ3,12.25,12.25hrs
31/03/2026 17:52:48,sell,0.02,EURGBP,0.87111,02/04/2026 01:00:24,0.87118,-0.10,-0.59,-0.70,-0.88,0.85,5.40,-8.76,-30.90,1,Dragon Wave_GZ2,31.13,1.30days
01/04/2026 05:02:38,sell,0.05,EURGBP,0.87378,02/04/2026 01:00:20,0.87112,-0.25,-0.25,26.60,17.20,21.12,32.10,-1.37,-1.70,1,Dragon Wave_GZ3,19.96,19.96hrs
01/04/2026 03:18:19,sell,0.02,AUDCAD,0.96232,01/04/2026 21:33:35,0.96064,-0.10,0.00,16.80,2.32,3.72,26.60,-6.36,-43.50,1,Dragon Wave_KZ2,18.25,18.25hrs
01/04/2026 14:48:19,sell,0.05,AUDCAD,0.96627,01/04/2026 21:33:31,0.96066,-0.25,0.00,56.10,19.94,19.97,56.20,-1.69,-4.00,1,Dragon Wave_KZ3,6.75,6.75hrs
01/04/2026 09:48:25,sell,0.02,AUDCAD,0.96355,01/04/2026 21:32:49,0.96077,-0.10,0.00,27.80,3.90,4.07,29.00,-4.59,-31.20,1,Dragon Wave_DZ2,11.74,11.74hrs
01/04/2026 14:46:12,sell,0.02,NZDUSD,0.57762,01/04/2026 21:30:05,0.57451,-0.10,0.00,31.10,6.12,6.12,31.10,-0.36,-1.30,1,Dragon Wave_FZ2[tp],6.73,6.73hrs
01/04/2026 10:07:02,sell,0.02,AUDCAD,0.96407,01/04/2026 21:17:46,0.96132,-0.10,0.00,27.50,3.86,3.86,27.50,-3.84,-26.00,1,Dragon Wave_FZ2,11.18,11.18hrs
01/04/2026 11:31:57,sell,0.02,AUDUSD,0.69501,01/04/2026 21:15:00,0.69238,-0.10,0.00,26.30,5.16,5.16,26.30,-2.26,-10.80,1,Dragon Wave_AZ2[tp],9.72,9.72hrs
01/04/2026 14:46:54,sell,0.02,AUDCAD,0.96637,01/04/2026 21:03:24,0.96188,-0.10,0.00,44.90,6.36,6.36,44.90,-0.53,-3.00,1,Dragon Wave_AZ2[tp],6.28,6.28hrs
01/04/2026 09:57:14,sell,0.02,NZDCAD,0.80136,01/04/2026 21:03:08,0.79932,-0.10,0.00,20.40,2.84,2.84,20.40,-1.55,-10.10,1,Dragon Wave_FZ2,11.10,11.10hrs
01/04/2026 14:45:12,sell,0.02,NZDCAD,0.80206,01/04/2026 21:02:12,0.79932,-0.10,0.00,27.40,3.84,3.84,27.40,-0.55,-3.10,1,Dragon Wave_DZ2[tp],6.28,6.28hrs
01/04/2026 16:46:05,sell,0.02,EURCAD,1.61257,01/04/2026 21:00:54,1.60942,-0.10,0.00,31.50,4.44,4.44,31.50,-2.88,-19.30,1,Dragon Wave_AZ2[tp],4.25,4.25hrs
31/03/2026 17:41:16,sell,0.02,EURGBP,0.87048,01/04/2026 20:35:26,0.87071,-0.10,-0.49,-2.30,-1.21,0.00,0.20,-10.43,-37.20,1,Dragon Wave_NZ2,26.90,1.12days
31/03/2026 19:03:04,sell,0.05,EURGBP,0.87335,01/04/2026 20:35:20,0.87070,-0.25,-1.23,26.50,16.17,16.17,26.50,-7.10,-8.50,1,Dragon Wave_NZ3,25.54,1.06days
31/03/2026 17:34:18,sell,0.02,EURGBP,0.87010,01/04/2026 19:46:04,0.87117,-0.10,-0.49,-10.70,-3.44,0.00,0.00,-11.44,-41.00,1,Dragon Wave_BZ2,26.20,1.09days
31/03/2026 19:00:02,sell,0.05,EURGBP,0.87350,01/04/2026 19:46:00,0.87117,-0.25,-1.23,23.30,14.05,14.44,23.90,-6.11,-7.00,1,Dragon Wave_BZ3,24.77,1.03days
31/03/2026 18:14:29,buy,0.02,NZDJPY,90.81200,01/04/2026 18:48:06,91.46500,-0.10,0.11,65.30,8.24,8.97,71.10,-0.35,-2.00,1,Dragon Wave_JZ2,24.56,1.02days
01/04/2026 13:46:15,buy,0.02,USDCHF,0.79244,01/04/2026 17:02:23,0.79420,-0.10,0.00,17.60,4.33,4.33,17.60,-4.50,-17.40,1,Dragon Wave_AZ2[tp],3.27,3.27hrs
31/03/2026 18:01:33,sell,0.02,EURCHF,0.92553,01/04/2026 15:18:53,0.91848,-0.10,-1.19,70.50,16.52,16.52,70.50,-2.49,-9.60,1,Dragon Wave_HZ2,21.29,21.29hrs
31/03/2026 17:26:13,sell,0.02,EURNZD,2.01145,01/04/2026 14:47:50,2.00931,-0.10,-0.32,21.40,2.06,2.30,23.60,-10.27,-89.20,1,Dragon Wave_GZ2,21.36,21.36hrs
26/03/2026 21:31:40,sell,0.02,EURAUD,1.67392,01/04/2026 14:46:01,1.66749,-0.10,0.42,64.30,9.26,9.26,64.30,-11.73,-85.60,1,Dragon Wave_MZ2,137.24,5.72days
31/03/2026 17:16:57,sell,0.02,EURCHF,0.92183,01/04/2026 13:32:41,0.91930,-0.10,-1.19,25.30,5.09,5.29,26.10,-11.70,-46.60,1,Dragon Wave_CZ2,20.26,20.26hrs
31/03/2026 19:04:01,buy,0.02,GBPJPY,209.86100,01/04/2026 13:03:26,210.95900,-0.10,0.00,109.80,13.74,13.74,109.80,-1.58,-11.70,1,Dragon Wave_GZ2,17.99,17.99hrs
31/03/2026 18:11:24,buy,0.02,CADJPY,113.89000,01/04/2026 12:55:16,114.30100,-0.10,-0.31,41.10,4.77,4.77,41.10,-0.73,-3.10,1,Dragon Wave_FZ2[tp],18.73,18.73hrs
31/03/2026 16:49:57,sell,0.02,EURCHF,0.92198,01/04/2026 12:48:22,0.91943,-0.10,-1.19,25.50,5.14,5.67,27.60,-11.32,-45.10,1,Dragon Wave_JZ2,19.97,19.97hrs
31/03/2026 18:12:36,buy,0.02,GBPJPY,210.01200,01/04/2026 12:48:15,210.83600,-0.10,0.00,82.40,10.29,10.29,82.40,-3.48,-26.80,1,Dragon Wave_NZ2,18.59,18.59hrs
30/03/2026 17:04:24,buy,0.02,NZDJPY,91.10400,01/04/2026 11:34:47,91.46200,-0.10,0.16,35.80,4.58,5.65,45.50,-4.90,-38.60,1,Dragon Wave_LZ2,42.51,1.77days
30/03/2026 16:47:43,buy,0.02,NZDJPY,91.12300,01/04/2026 11:31:17,91.45300,-0.10,0.16,33.00,4.22,5.41,43.60,-5.14,-40.50,1,Dragon Wave_EZ2[tp],42.73,1.78days
30/03/2026 16:15:14,buy,0.02,NZDJPY,91.19700,01/04/2026 11:19:30,91.32900,-0.10,0.16,13.20,1.72,4.48,36.20,-6.07,-47.90,1,Dragon Wave_GZ2,43.07,1.79days
26/03/2026 21:46:14,buy,0.02,AUDJPY,109.98100,01/04/2026 11:03:02,110.01300,-0.10,0.58,3.20,0.88,4.55,36.70,-12.95,-103.90,1,Dragon Wave_OZ2[tp],133.28,5.55days
30/03/2026 18:17:16,buy,0.02,GBPJPY,210.29200,01/04/2026 11:02:54,210.60600,-0.10,-0.01,31.40,3.85,11.13,89.80,-7.02,-54.80,1,Dragon Wave_IZ2,40.76,1.70days
31/03/2026 18:09:24,buy,0.02,CADJPY,113.87700,01/04/2026 10:58:48,114.13500,-0.10,-0.31,25.80,2.84,4.89,42.10,-0.56,-1.80,1,Dragon Wave_DZ2[tp],16.82,16.82hrs
30/03/2026 16:49:19,buy,0.02,GBPJPY,210.35100,01/04/2026 10:58:14,210.56300,-0.10,-0.01,21.20,2.57,10.39,83.90,-7.76,-60.70,1,Dragon Wave_KZ2[tp],42.15,1.76days
30/03/2026 12:32:53,buy,0.02,NZDJPY,91.23900,01/04/2026 10:48:26,91.27800,-0.10,0.16,3.90,0.55,3.96,32.00,-6.60,-52.10,1,Dragon Wave_NZ2,46.26,1.93days
31/03/2026 16:03:31,sell,0.02,EURNZD,2.01075,01/04/2026 09:53:18,2.00956,-0.10,-0.32,11.90,0.96,0.96,11.90,-11.07,-96.20,1,Dragon Wave_NZ2,17.83,17.83hrs
31/03/2026 18:09:34,sell,0.02,EURNZD,2.01879,01/04/2026 09:47:50,2.00932,-0.10,-0.32,94.70,10.51,10.51,94.70,-0.47,-3.20,1,Dragon Wave_IZ2[tp],15.64,15.64hrs
31/03/2026 18:09:41,buy,0.02,CHFJPY,197.81800,01/04/2026 09:28:32,199.27800,-0.10,-0.73,146.00,17.60,17.60,146.00,-0.33,-1.80,1,Dragon Wave_BZ2[tp],15.31,15.31hrs
30/03/2026 16:47:18,buy,0.02,NZDUSD,0.57114,01/04/2026 09:27:05,0.57571,-0.10,-0.38,45.70,8.66,8.82,46.50,-2.29,-10.60,1,Dragon Wave_HZ2[tp],40.66,1.69days
31/03/2026 18:13:02,buy,0.02,CHFJPY,197.85000,01/04/2026 08:17:07,199.17800,-0.10,-0.73,132.80,15.88,16.28,136.00,-0.73,-5.00,1,Dragon Wave_IZ2,14.07,14.07hrs
31/03/2026 18:07:29,buy,0.02,NZDJPY,90.76000,01/04/2026 03:47:55,91.36700,-0.10,0.11,60.70,7.66,7.66,60.70,-0.39,-2.30,1,Dragon Wave_BZ2[tp],9.67,9.67hrs
30/03/2026 10:30:51,buy,0.02,AUDJPY,109.45500,01/04/2026 03:34:03,109.81800,-0.10,0.44,36.30,4.92,4.92,36.60,-6.48,-51.30,1,Dragon Wave_CZ2,41.05,1.71days
30/03/2026 12:32:30,buy,0.02,NZDJPY,91.26200,01/04/2026 03:33:35,91.28500,-0.10,0.16,2.30,0.35,3.67,29.70,-6.89,-54.40,1,Dragon Wave_IZ2,39.02,1.63days
31/03/2026 18:05:27,sell,0.02,USDCHF,0.80342,01/04/2026 03:32:03,0.79734,-0.10,-1.95,60.80,13.20,13.20,60.80,-1.54,-5.80,1,Dragon Wave_CZ2,9.44,9.44hrs
26/03/2026 19:02:24,buy,0.02,AUDJPY,110.16400,01/04/2026 03:18:17,109.74600,-0.10,0.58,-41.80,-4.79,2.27,18.40,-15.25,-122.20,1,Dragon Wave_JZ2,128.26,5.34days
31/03/2026 18:25:09,buy,0.05,AUDJPY,109.10300,01/04/2026 03:18:12,109.74400,-0.25,0.94,64.10,20.90,21.56,66.20,-2.70,-7.80,1,Dragon Wave_JZ3,8.88,8.88hrs
31/03/2026 18:17:16,buy,0.02,NZDJPY,90.81200,01/04/2026 03:06:15,91.24300,-0.10,0.11,43.10,5.45,5.45,43.10,-0.35,-2.00,1,Dragon Wave_KZ2,8.82,8.82hrs
26/03/2026 14:45:59,buy,0.02,AUDJPY,110.23400,01/04/2026 03:05:56,109.71100,-0.10,0.58,-52.30,-6.11,3.53,29.00,-16.13,-129.20,1,Dragon Wave_LZ2,132.33,5.51days
30/03/2026 16:32:36,buy,0.05,AUDJPY,109.26000,01/04/2026 03:05:51,109.71000,-0.25,1.12,45.00,15.06,17.52,56.10,-10.06,-31.80,1,Dragon Wave_LZ3,34.55,1.44days
30/03/2026 12:17:08,buy,0.02,NZDUSD,0.57185,01/04/2026 02:59:19,0.57560,-0.10,-0.38,37.50,7.02,7.02,37.50,-3.71,-17.70,1,Dragon Wave_OZ2[tp],38.70,1.61days
30/03/2026 01:02:12,sell,0.02,USDCHF,0.79920,01/04/2026 02:50:25,0.79828,-0.10,-2.30,9.20,-0.10,2.86,11.80,-12.39,-48.00,1,Dragon Wave_NZ2[tp],49.80,2.08days
31/03/2026 18:08:18,sell,0.02,USDCHF,0.80384,01/04/2026 02:17:21,0.79887,-0.10,-1.95,49.70,10.39,11.23,49.80,-0.50,-1.60,1,Dragon Wave_EZ2,8.15,8.15hrs
31/03/2026 18:09:16,sell,0.02,USDCHF,0.80394,01/04/2026 00:31:56,0.79932,-0.10,-1.95,46.20,9.51,11.48,48.20,0.00,0.00,1,Dragon Wave_GZ2,6.38,6.38hrs
31/03/2026 17:57:08,sell,0.02,USDCAD,1.39660,31/03/2026 23:03:52,1.39136,-0.10,0.00,52.40,7.43,7.79,54.90,-0.20,-0.70,1,Dragon Wave_NZ2,5.11,5.11hrs
31/03/2026 17:56:06,sell,0.02,USDCAD,1.39617,31/03/2026 22:48:56,1.39237,-0.10,0.00,38.00,5.36,5.36,38.00,-0.82,-5.00,1,Dragon Wave_KZ2,4.88,4.88hrs
30/03/2026 17:15:55,buy,0.02,NZDUSD,0.57078,31/03/2026 22:47:43,0.57453,-0.10,-0.07,37.50,7.33,7.33,37.50,-1.57,-7.00,1,Dragon Wave_JZ2,29.53,1.23days
27/03/2026 20:16:26,sell,0.02,USDCHF,0.79826,31/03/2026 21:36:54,0.80012,-0.10,-0.70,-18.60,-5.45,0.35,2.40,-15.08,-57.40,1,Dragon Wave_KZ2,97.34,4.06days
31/03/2026 18:18:02,sell,0.05,USDCHF,0.80242,31/03/2026 21:36:47,0.80010,-0.25,0.00,23.20,14.25,14.25,23.20,-5.48,-8.40,1,Dragon Wave_KZ3,3.31,3.31hrs
30/03/2026 17:15:40,buy,0.02,GBPUSD,1.31799,31/03/2026 15:48:16,1.32452,-0.10,-0.04,65.30,12.92,13.06,66.00,-3.70,-17.80,1,Dragon Wave_GZ2,22.54,22.54hrs
30/03/2026 12:16:59,buy,0.02,NZDUSD,0.57176,31/03/2026 15:06:26,0.57297,-0.10,-0.07,12.10,2.25,2.77,14.70,-3.53,-16.80,1,Dragon Wave_NZ2,26.82,1.12days
30/03/2026 16:45:19,buy,0.02,GBPJPY,210.35400,31/03/2026 15:05:12,211.14200,-0.10,-0.01,78.80,9.78,10.36,83.60,-1.97,-14.90,1,Dragon Wave_DZ2[tp],22.33,22.33hrs
30/03/2026 16:49:14,buy,0.02,GBPUSD,1.31870,31/03/2026 15:04:03,1.32409,-0.10,-0.04,53.90,10.64,10.64,53.90,-5.12,-24.90,1,Dragon Wave_NZ2,22.25,22.25hrs
30/03/2026 16:47:36,buy,0.02,GBPJPY,210.38400,31/03/2026 15:03:08,211.09500,-0.10,-0.01,71.10,8.81,9.98,80.60,-2.35,-17.90,1,Dragon Wave_FZ2[tp],22.26,22.26hrs
26/03/2026 14:46:24,sell,0.02,GBPAUD,1.92988,31/03/2026 14:50:49,1.92247,-0.10,-0.15,74.10,9.95,10.85,80.60,-14.60,-105.10,1,Dragon Wave_MZ2,120.07,5.00days
30/03/2026 18:15:14,buy,0.02,GBPUSD,1.31784,31/03/2026 14:45:12,1.32316,-0.10,-0.04,53.20,10.50,10.50,53.20,-3.40,-16.30,1,Dragon Wave_IZ2[tp],20.50,20.50hrs
31/03/2026 02:15:12,buy,0.02,GBPUSD,1.31714,31/03/2026 14:44:31,1.32302,-0.10,0.00,58.80,11.66,11.66,58.80,-1.96,-9.30,1,Dragon Wave_BZ2[tp],12.49,12.49hrs
30/03/2026 15:15:56,buy,0.02,GBPUSD,1.32209,31/03/2026 14:43:01,1.32271,-0.10,-0.04,6.20,1.10,2.70,14.00,-11.90,-58.80,1,Dragon Wave_KZ2[tp],23.45,23.45hrs
30/03/2026 16:48:23,buy,0.02,NZDUSD,0.57113,31/03/2026 14:27:31,0.57247,-0.10,-0.07,13.40,2.51,4.03,21.00,-2.27,-10.50,1,Dragon Wave_IZ2[tp],21.65,21.65hrs
30/03/2026 17:15:28,buy,0.02,AUDJPY,109.13400,31/03/2026 14:21:40,109.64700,-0.10,0.07,51.30,6.40,7.68,61.60,-1.12,-8.10,1,Dragon Wave_NZ2,21.10,21.10hrs
30/03/2026 17:17:54,sell,0.02,EURGBP,0.86964,31/03/2026 12:04:02,0.86802,-0.10,-0.08,16.20,4.10,4.63,18.20,-1.23,-4.00,1,Dragon Wave_IZ2,18.77,18.77hrs
30/03/2026 05:15:46,sell,0.02,EURGBP,0.86829,31/03/2026 11:51:03,0.86802,-0.10,-0.08,2.70,0.53,2.50,9.80,-4.79,-17.50,1,Dragon Wave_AZ2[tp],30.59,1.27days
30/03/2026 16:47:37,buy,0.02,GBPUSD,1.31891,31/03/2026 11:47:56,1.32141,-0.10,-0.04,25.00,4.86,6.10,31.20,-5.54,-27.00,1,Dragon Wave_FZ2,19.01,19.01hrs
30/03/2026 16:51:05,sell,0.02,EURGBP,0.86947,31/03/2026 11:34:02,0.86831,-0.10,-0.08,11.60,2.88,3.46,13.50,-1.68,-5.70,1,Dragon Wave_KZ2,18.72,18.72hrs
30/03/2026 03:17:06,sell,0.02,EURAUD,1.67931,31/03/2026 10:41:46,1.67114,-0.10,0.03,81.70,11.14,12.96,95.20,-1.96,-13.60,1,Dragon Wave_CZ2[tp],31.41,1.31days
30/03/2026 16:50:25,sell,0.02,EURGBP,0.86950,31/03/2026 09:02:56,0.86838,-0.10,-0.08,11.20,2.78,3.54,13.80,-1.60,-5.40,1,Dragon Wave_DZ2,16.21,16.21hrs
30/03/2026 16:34:23,sell,0.02,EURGBP,0.86860,31/03/2026 08:49:03,0.86837,-0.10,-0.08,2.30,0.43,1.17,4.80,-3.97,-14.40,1,Dragon Wave_FZ2,16.24,16.24hrs
30/03/2026 01:01:55,sell,0.02,USDCHF,0.79931,31/03/2026 04:36:59,0.79812,-0.10,-0.35,11.90,2.53,3.13,12.90,-4.99,-19.60,1,Dragon Wave_IZ2,27.58,1.15days
27/03/2026 11:45:55,sell,0.02,USDCHF,0.79706,31/03/2026 03:51:37,0.79917,-0.10,-0.70,-21.10,-6.08,3.95,16.10,-10.96,-42.10,1,Dragon Wave_FZ2,88.09,3.67days
30/03/2026 12:16:16,sell,0.05,USDCHF,0.80024,31/03/2026 03:51:31,0.79909,-0.25,-0.87,11.50,6.08,7.07,11.70,-6.68,-10.30,1,Dragon Wave_FZ3,15.59,15.59hrs
30/03/2026 16:48:04,buy,0.02,NZDJPY,91.11600,31/03/2026 03:47:16,91.48900,-0.10,0.05,37.30,4.62,4.62,37.30,-2.02,-15.30,1,Dragon Wave_FZ2[tp],10.99,10.99hrs
30/03/2026 12:32:30,buy,0.05,NZDUSD,0.57163,31/03/2026 03:46:57,0.57279,-0.25,-0.18,11.60,5.37,5.37,11.60,-7.95,-15.40,1,Dragon Wave_FZ3[tp],15.24,15.24hrs
27/03/2026 19:16:45,buy,0.02,NZDUSD,0.57472,31/03/2026 03:46:57,0.57279,-0.10,-0.14,-19.30,-4.10,0.05,1.10,-9.43,-46.30,1,Dragon Wave_FZ2[tp],80.50,3.35days
30/03/2026 12:16:43,buy,0.02,NZDUSD,0.57177,31/03/2026 03:46:53,0.57272,-0.10,-0.07,9.50,1.73,1.73,9.50,-3.46,-16.80,1,Dragon Wave_KZ2[tp],15.50,15.50hrs
30/03/2026 12:30:21,buy,0.02,NZDCAD,0.79547,31/03/2026 03:46:45,0.79715,-0.10,-0.03,16.80,2.29,2.29,16.80,-0.87,-5.40,1,Dragon Wave_IZ2[tp],15.27,15.27hrs
31/03/2026 03:33:33,buy,0.02,GBPUSD,1.31630,31/03/2026 03:46:33,1.31990,-0.10,0.00,36.00,7.10,7.10,36.00,0.00,0.00,1,Dragon Wave_DZ2[tp],0.22,0.22hrs
30/03/2026 01:31:06,buy,0.02,AUDUSD,0.68533,31/03/2026 03:45:46,0.68598,-0.10,-0.01,6.50,1.19,3.92,20.10,-3.98,-19.40,1,Dragon Wave_KZ2[tp],26.24,1.09days
30/03/2026 16:45:14,buy,0.02,GBPJPY,210.35900,31/03/2026 03:45:36,210.86000,-0.10,-0.01,50.10,6.16,6.16,50.10,-2.03,-15.40,1,Dragon Wave_AZ2[tp],11.01,11.01hrs
30/03/2026 16:31:43,buy,0.02,NZDJPY,91.14600,31/03/2026 03:38:56,91.39800,-0.10,0.05,25.20,3.11,3.11,25.20,-2.39,-18.30,1,Dragon Wave_AZ2[tp],11.12,11.12hrs
24/03/2026 03:45:40,sell,0.02,GBPAUD,1.92081,30/03/2026 19:00:18,1.92365,-0.10,-0.31,-28.40,-4.31,7.51,54.30,-27.27,-195.80,1,Dragon Wave_HZ2,159.24,6.64days
27/03/2026 03:01:42,sell,0.05,GBPAUD,1.93940,30/03/2026 19:00:14,1.92361,-0.25,-0.13,157.90,53.76,54.43,159.80,-3.65,-9.90,1,Dragon Wave_HZ3,87.98,3.67days
23/03/2026 12:31:12,sell,0.02,GBPAUD,1.91557,30/03/2026 18:47:56,1.92445,-0.10,-0.36,-88.80,-12.64,18.09,127.80,-34.53,-248.20,1,Dragon Wave_JZ2,174.28,7.26days
26/03/2026 14:00:14,sell,0.05,GBPAUD,1.92847,30/03/2026 18:47:51,1.92449,-0.25,-0.26,39.80,13.13,15.13,45.60,-41.34,-119.20,1,Dragon Wave_JZ3,100.79,4.20days
23/03/2026 12:31:33,sell,0.02,GBPAUD,1.91580,30/03/2026 18:00:38,1.92540,-0.10,-0.36,-96.00,-13.62,18.41,130.10,-34.21,-245.90,1,Dragon Wave_LZ2,173.48,7.23days
26/03/2026 14:46:18,sell,0.05,GBPAUD,1.92990,30/03/2026 18:00:34,1.92544,-0.25,-0.26,44.60,14.78,16.53,49.50,-36.43,-104.90,1,Dragon Wave_LZ3,99.24,4.13days
27/03/2026 02:47:05,sell,0.02,GBPAUD,1.93797,30/03/2026 18:00:10,1.92493,-0.10,-0.05,130.40,17.74,17.74,130.40,-3.43,-24.20,1,Dragon Wave_OZ2[tp],87.22,3.63days
27/03/2026 03:00:33,sell,0.02,GBPAUD,1.93932,30/03/2026 16:40:43,1.92577,-0.10,-0.05,135.50,18.42,18.42,135.50,-1.57,-10.70,1,Dragon Wave_CZ2[tp],85.67,3.57days
24/03/2026 04:00:30,buy,0.02,AUDNZD,1.19444,30/03/2026 07:02:09,1.19733,-0.10,0.05,28.90,3.27,6.47,56.50,-1.64,-13.80,1,Dragon Wave_OZ2,147.03,6.13days
27/03/2026 03:15:14,sell,0.02,GBPNZD,2.31688,27/03/2026 12:30:51,2.30611,-0.10,0.00,107.70,12.34,12.34,107.70,-0.39,-2.50,1,Dragon Wave_GZ2,9.26,9.26hrs
26/03/2026 23:31:10,sell,0.02,GBPNZD,2.31455,27/03/2026 11:31:57,2.30703,-0.10,-0.19,75.20,8.39,8.39,75.20,-4.02,-33.70,1,Dragon Wave_NZ2,12.01,12.01hrs
27/03/2026 01:45:22,sell,0.02,GBPNZD,2.31484,27/03/2026 10:47:19,2.30766,-0.10,0.00,71.80,8.18,8.89,77.90,-3.50,-29.50,1,Dragon Wave_IZ2,9.03,9.03hrs
27/03/2026 03:15:52,sell,0.02,GBPNZD,2.31680,27/03/2026 09:46:47,2.30851,-0.10,0.00,82.90,9.47,9.47,83.00,-0.48,-3.30,1,Dragon Wave_KZ2,6.52,6.52hrs
26/03/2026 21:16:54,buy,0.02,NZDCAD,0.79702,27/03/2026 07:00:21,0.79976,-0.10,-0.03,27.40,3.82,3.82,27.40,-1.36,-8.70,1,Dragon Wave_DZ2,9.72,9.72hrs
26/03/2026 21:17:13,buy,0.02,NZDCAD,0.79713,27/03/2026 06:16:35,0.79956,-0.10,-0.03,24.30,3.37,3.44,24.70,-1.51,-9.80,1,Dragon Wave_FZ2,8.99,8.99hrs
26/03/2026 21:46:17,buy,0.02,AUDUSD,0.68817,26/03/2026 22:12:01,0.69151,-0.10,0.00,33.40,6.58,6.58,33.40,-1.44,-6.70,1,Dragon Wave_FZ2[tp],0.43,0.43hrs
26/03/2026 21:16:48,buy,0.02,NZDCAD,0.79702,26/03/2026 22:12:00,0.79936,-0.10,0.00,23.40,3.28,3.28,23.40,-1.36,-8.70,1,Dragon Wave_AZ2[tp],0.92,0.92hrs
26/03/2026 22:00:11,buy,0.02,NZDUSD,0.57529,26/03/2026 22:11:50,0.57705,-0.10,0.00,17.60,3.42,3.42,17.60,-0.84,-3.70,1,Dragon Wave_AZ2[tp],0.19,0.19hrs
23/03/2026 17:15:20,buy,0.02,AUDNZD,1.19873,26/03/2026 09:02:05,1.19894,-0.10,0.04,2.10,0.19,1.27,11.60,-6.42,-54.20,1,Dragon Wave_LZ2,63.78,2.66days
23/03/2026 09:01:36,buy,0.02,AUDNZD,1.20025,26/03/2026 08:17:38,1.19861,-0.10,0.04,-16.40,-1.96,4.26,36.90,-8.19,-69.40,1,Dragon Wave_JZ2,71.27,2.97days
23/03/2026 21:16:29,buy,0.05,AUDNZD,1.19509,26/03/2026 08:17:34,1.19864,-0.25,0.06,35.50,10.10,13.72,48.00,-5.43,-17.80,1,Dragon Wave_JZ3,59.02,2.46days
23/03/2026 12:31:04,sell,0.02,GBPAUD,1.91555,23/03/2026 13:13:53,1.90213,-0.10,0.00,134.20,18.75,18.75,134.20,-4.84,-34.30,1,Dragon Wave_GZ2[tp],0.71,0.71hrs
23/03/2026 02:47:10,sell,0.02,EURAUD,1.65123,23/03/2026 13:13:29,1.64559,-0.10,0.00,56.40,7.83,7.83,56.40,-15.32,-110.10,1,Dragon Wave_GZ2[tp],10.44,10.44hrs
23/03/2026 09:01:52,sell,0.02,EURAUD,1.65837,23/03/2026 13:12:45,1.64631,-0.10,0.00,120.60,16.86,16.86,120.60,-5.45,-38.70,1,Dragon Wave_OZ2[tp],4.18,4.18hrs
23/03/2026 12:47:02,sell,0.02,GBPAUD,1.91738,23/03/2026 13:12:06,1.90284,-0.10,0.00,145.40,20.34,20.34,145.40,-0.53,-3.10,1,Dragon Wave_OZ2[tp],0.42,0.42hrs
23/03/2026 12:46:48,sell,0.02,GBPAUD,1.91745,23/03/2026 13:12:06,1.90284,-0.10,0.00,146.10,20.44,20.44,146.10,-0.43,-2.40,1,Dragon Wave_NZ2[tp],0.42,0.42hrs
23/03/2026 12:45:18,sell,0.02,GBPAUD,1.91816,23/03/2026 13:11:19,1.90435,-0.10,0.00,138.10,19.34,19.34,138.10,0.00,0.00,1,Dragon Wave_CZ2[tp],0.43,0.43hrs
23/03/2026 12:30:51,sell,0.02,GBPAUD,1.91542,23/03/2026 13:11:12,1.90506,-0.10,0.00,103.60,14.50,14.50,103.60,-5.02,-35.60,1,Dragon Wave_EZ2[tp],0.67,0.67hrs
23/03/2026 12:45:57,sell,0.05,GBPAUD,1.91775,23/03/2026 13:10:47,1.90528,-0.25,0.00,124.70,43.64,43.64,124.70,-0.73,-1.40,1,Dragon Wave_IZ3[tp],0.41,0.41hrs
23/03/2026 04:30:41,sell,0.02,GBPAUD,1.90629,23/03/2026 13:10:47,1.90528,-0.10,0.00,10.10,1.33,1.33,10.10,-17.64,-126.90,1,Dragon Wave_IZ2[tp],8.67,8.67hrs
23/03/2026 02:47:28,sell,0.02,EURAUD,1.65079,23/03/2026 13:10:47,1.64656,-0.10,0.00,42.30,5.86,5.86,42.30,-15.93,-114.50,1,Dragon Wave_NZ2[tp],10.39,10.39hrs
23/03/2026 00:45:15,buy,0.02,AUDNZD,1.20288,23/03/2026 13:10:44,1.20351,-0.10,0.00,6.30,0.64,0.64,6.30,-4.77,-40.50,1,Dragon Wave_KZ2[tp],12.42,12.42hrs
23/03/2026 07:15:09,sell,0.02,EURAUD,1.65532,23/03/2026 13:10:27,1.64769,-0.10,0.00,76.30,10.63,10.63,76.30,-9.67,-69.20,1,Dragon Wave_CZ2[tp],5.92,5.92hrs
23/03/2026 12:31:22,sell,0.05,GBPAUD,1.91587,23/03/2026 13:10:26,1.90681,-0.25,0.00,90.60,31.59,31.59,90.60,-11.00,-31.10,1,Dragon Wave_KZ3[tp],0.65,0.65hrs
23/03/2026 10:30:13,sell,0.02,GBPAUD,1.91298,23/03/2026 13:10:26,1.90686,-0.10,0.00,61.20,8.50,8.50,61.20,-8.39,-60.00,1,Dragon Wave_BZ2[tp],2.67,2.67hrs
23/03/2026 03:32:14,sell,0.02,GBPAUD,1.90597,23/03/2026 13:10:26,1.90681,-0.10,0.00,-8.40,-1.28,0.47,4.10,-18.08,-130.10,1,Dragon Wave_KZ2[tp],9.64,9.64hrs
23/03/2026 12:45:32,buy,0.02,AUDCHF,0.54846,23/03/2026 13:08:58,0.55404,-0.10,0.00,55.80,14.04,14.04,55.80,0.00,0.00,1,Dragon Wave_LZ2[tp],0.39,0.39hrs
23/03/2026 12:30:31,sell,0.02,GBPAUD,1.91593,23/03/2026 13:08:57,1.90906,-0.10,0.00,68.70,9.54,9.54,68.70,-4.32,-30.50,1,Dragon Wave_AZ2[tp],0.64,0.64hrs
23/03/2026 09:02:00,buy,0.02,AUDCHF,0.54936,23/03/2026 13:08:57,0.55386,-0.10,0.00,45.00,11.31,11.31,45.00,-2.57,-9.80,1,Dragon Wave_GZ2[tp],4.12,4.12hrs
23/03/2026 12:31:04,sell,0.05,EURAUD,1.65932,23/03/2026 13:08:45,1.64897,-0.25,0.00,103.50,36.09,36.09,103.50,-10.34,-29.20,1,Dragon Wave_IZ3[tp],0.63,0.63hrs
23/03/2026 07:30:59,sell,0.02,EURAUD,1.65694,23/03/2026 13:08:45,1.64876,-0.10,0.00,81.80,11.39,11.39,81.80,-7.43,-53.00,1,Dragon Wave_KZ2[tp],5.63,5.63hrs
23/03/2026 04:45:28,sell,0.02,EURAUD,1.65336,23/03/2026 13:08:45,1.64897,-0.10,0.00,43.90,6.06,6.06,43.90,-12.38,-88.80,1,Dragon Wave_EZ2[tp],8.39,8.39hrs
23/03/2026 00:15:17,sell,0.02,EURAUD,1.64866,23/03/2026 13:08:45,1.64897,-0.10,0.00,-3.10,-0.54,0.00,0.00,-18.87,-135.80,1,Dragon Wave_IZ2[tp],12.89,12.89hrs
23/03/2026 09:02:16,buy,0.02,AUDCHF,0.54933,23/03/2026 13:08:29,0.55356,-0.10,0.00,42.30,10.63,10.63,42.30,-2.49,-9.50,1,Dragon Wave_NZ2[tp],4.10,4.10hrs
23/03/2026 04:46:09,buy,0.02,AUDCHF,0.55118,23/03/2026 13:08:28,0.55325,-0.10,0.00,20.70,5.15,5.15,20.70,-7.16,-28.00,1,Dragon Wave_IZ2[tp],8.37,8.37hrs
23/03/2026 12:30:37,sell,0.02,EURNZD,1.99069,23/03/2026 13:08:27,1.98381,-0.10,0.00,68.80,7.93,7.93,68.80,-3.20,-26.90,1,Dragon Wave_FZ2[tp],0.63,0.63hrs
23/03/2026 07:30:13,sell,0.02,EURAUD,1.65681,23/03/2026 13:08:26,1.65058,-0.10,0.00,62.30,8.65,8.65,62.30,-7.61,-54.30,1,Dragon Wave_BZ2[tp],5.64,5.64hrs
23/03/2026 12:47:08,sell,0.05,EURAUD,1.66136,23/03/2026 13:08:23,1.65076,-0.25,0.00,106.00,36.96,36.96,106.00,-0.01,0.00,1,Dragon Wave_FZ3[tp],0.35,0.35hrs
23/03/2026 04:31:34,buy,0.02,AUDCHF,0.55147,23/03/2026 13:08:23,0.55305,-0.10,0.00,15.80,3.91,3.91,15.80,-7.89,-30.90,1,Dragon Wave_KZ2[tp],8.61,8.61hrs
23/03/2026 02:47:05,sell,0.02,EURAUD,1.65113,23/03/2026 13:08:23,1.65076,-0.10,0.00,3.70,0.42,1.75,13.20,-15.46,-111.10,1,Dragon Wave_FZ2[tp],10.36,10.36hrs
23/03/2026 07:30:51,sell,0.02,EURNZD,1.98851,23/03/2026 13:07:19,1.98681,-0.10,0.00,17.00,1.88,1.88,17.00,-5.71,-48.70,1,Dragon Wave_AZ2[tp],5.61,5.61hrs
23/03/2026 05:16:07,sell,0.02,EURAUD,1.65382,23/03/2026 13:06:47,1.65212,-0.10,0.00,17.00,2.29,2.29,17.00,-11.74,-84.20,1,Dragon Wave_DZ2[tp],7.84,7.84hrs
23/03/2026 09:16:19,buy,0.02,AUDCHF,0.54898,23/03/2026 13:06:46,0.55275,-0.10,0.00,37.70,9.48,9.48,37.70,-1.61,-6.00,1,Dragon Wave_EZ2[tp],3.84,3.84hrs
23/03/2026 12:30:54,buy,0.02,AUDJPY,110.49000,23/03/2026 13:06:44,111.42800,-0.10,0.00,93.80,11.71,11.71,93.80,-2.46,-18.80,1,Dragon Wave_GZ2[tp],0.60,0.60hrs
23/03/2026 12:15:40,buy,0.02,AUDCAD,0.95346,23/03/2026 13:06:41,0.96099,-0.10,0.00,75.30,10.90,10.90,75.30,-4.24,-28.50,1,Dragon Wave_GZ2[tp],0.85,0.85hrs
23/03/2026 12:17:07,buy,0.02,AUDCAD,0.95321,23/03/2026 13:06:40,0.96071,-0.10,0.00,75.00,10.85,10.85,75.00,-3.88,-26.00,1,Dragon Wave_NZ2[tp],0.83,0.83hrs
23/03/2026 12:32:06,buy,0.02,AUDCAD,0.95199,23/03/2026 13:06:37,0.95988,-0.10,0.00,78.90,11.42,11.42,78.90,-2.11,-13.80,1,Dragon Wave_KZ2[tp],0.58,0.58hrs
23/03/2026 12:16:25,buy,0.02,AUDCAD,0.95318,23/03/2026 13:06:37,0.96007,-0.10,0.00,68.90,9.96,9.96,68.90,-3.84,-25.70,1,Dragon Wave_IZ2[tp],0.84,0.84hrs
20/03/2026 18:02:16,sell,0.02,EURGBP,0.86768,23/03/2026 13:06:11,0.86477,-0.10,-0.08,29.10,7.61,7.61,29.10,-1.03,-3.20,1,Dragon Wave_IZ2[tp],67.07,2.79days
20/03/2026 18:02:31,sell,0.02,EURGBP,0.86767,23/03/2026 13:06:07,0.86504,-0.10,-0.08,26.30,6.86,6.86,26.30,-1.06,-3.30,1,Dragon Wave_KZ2[tp],67.06,2.79days
20/03/2026 18:01:56,sell,0.02,EURGBP,0.86779,23/03/2026 13:05:53,0.86524,-0.10,-0.08,25.50,6.64,6.64,25.50,-0.74,-2.10,1,Dragon Wave_FZ2[tp],67.07,2.79days
20/03/2026 18:01:29,sell,0.02,EURGBP,0.86772,23/03/2026 13:05:53,0.86537,-0.10,-0.08,23.50,6.10,6.10,23.50,-0.92,-2.80,1,Dragon Wave_DZ2[tp],67.07,2.79days
23/03/2026 12:01:03,buy,0.02,AUDCAD,0.95423,23/03/2026 13:05:48,0.95917,-0.10,0.00,49.40,7.10,7.10,49.40,-5.36,-36.20,1,Dragon Wave_FZ2[tp],1.08,1.08hrs
23/03/2026 09:01:56,buy,0.05,AUDCHF,0.54936,23/03/2026 13:05:46,0.55227,-0.25,0.00,29.10,18.17,18.17,29.10,-6.43,-9.80,1,Dragon Wave_FZ3[tp],4.06,4.06hrs
23/03/2026 00:30:52,buy,0.02,AUDCHF,0.55216,23/03/2026 13:05:46,0.55227,-0.10,0.00,1.10,0.18,0.56,2.60,-9.63,-37.80,1,Dragon Wave_FZ2[tp],12.58,12.58hrs
23/03/2026 12:45:35,buy,0.02,AUDCAD,0.95077,23/03/2026 13:05:45,0.95903,-0.10,0.00,82.60,11.94,11.94,82.60,-0.22,-0.80,1,Dragon Wave_EZ2[tp],0.34,0.34hrs
23/03/2026 12:45:53,sell,0.05,EURAUD,1.66195,23/03/2026 13:05:44,1.65354,-0.25,0.00,84.10,29.16,29.16,84.10,0.00,0.00,1,Dragon Wave_AZ3[tp],0.33,0.33hrs
23/03/2026 07:16:23,buy,0.05,AUDNZD,1.20077,23/03/2026 13:05:44,1.20291,-0.25,0.00,21.40,5.97,5.97,21.40,-5.84,-19.40,1,Dragon Wave_FZ3[tp],5.82,5.82hrs
23/03/2026 05:45:54,buy,0.02,AUDCHF,0.55086,23/03/2026 13:05:44,0.55225,-0.10,0.00,13.90,3.42,3.42,13.90,-6.35,-24.80,1,Dragon Wave_BZ2[tp],7.33,7.33hrs
23/03/2026 02:46:09,sell,0.02,EURAUD,1.65134,23/03/2026 13:05:44,1.65354,-0.10,0.00,-22.00,-3.18,2.04,15.30,-15.17,-109.00,1,Dragon Wave_AZ2[tp],10.33,10.33hrs
20/03/2026 02:30:30,buy,0.02,AUDNZD,1.20484,23/03/2026 13:05:44,1.20291,-0.10,0.01,-19.30,-2.34,2.18,19.50,-7.02,-60.10,1,Dragon Wave_FZ2[tp],82.59,3.44days
23/03/2026 12:47:01,buy,0.02,AUDJPY,110.35100,23/03/2026 13:05:43,111.23500,-0.10,0.00,88.40,11.01,11.01,88.40,0.00,0.00,1,Dragon Wave_FZ2[tp],0.31,0.31hrs
23/03/2026 07:16:03,buy,0.05,AUDNZD,1.20074,23/03/2026 13:05:43,1.20258,-0.25,0.00,18.40,5.10,5.10,18.40,-5.75,-19.10,1,Dragon Wave_DZ3[tp],5.83,5.83hrs
20/03/2026 02:30:12,buy,0.02,AUDNZD,1.20504,23/03/2026 13:05:43,1.20258,-0.10,0.01,-24.60,-2.95,1.95,17.50,-7.25,-62.10,1,Dragon Wave_DZ2[tp],82.59,3.44days
23/03/2026 12:31:04,buy,0.02,AUDCAD,0.95197,23/03/2026 13:05:42,0.95829,-0.10,0.00,63.20,9.12,9.12,63.20,-2.08,-13.60,1,Dragon Wave_BZ2[tp],0.58,0.58hrs
23/03/2026 04:15:43,buy,0.02,AUDCHF,0.55150,23/03/2026 13:05:42,0.55198,-0.10,0.00,4.80,1.11,1.11,4.80,-7.96,-31.20,1,Dragon Wave_DZ2[tp],8.83,8.83hrs
23/03/2026 12:15:31,buy,0.02,AUDCAD,0.95362,23/03/2026 13:05:41,0.95748,-0.10,0.00,38.60,5.52,5.52,38.60,-4.48,-30.10,1,Dragon Wave_DZ2[tp],0.84,0.84hrs
23/03/2026 07:15:20,buy,0.05,AUDCHF,0.55053,23/03/2026 13:05:41,0.55148,-0.25,0.00,9.50,5.76,5.76,9.50,-13.80,-21.50,1,Dragon Wave_AZ3[tp],5.84,5.84hrs
20/03/2026 21:00:33,buy,0.02,AUDCHF,0.55309,23/03/2026 13:05:41,0.55148,-0.10,0.06,-16.10,-4.11,0.00,0.20,-11.91,-47.10,1,Dragon Wave_AZ2[tp],64.09,2.67days
23/03/2026 12:30:20,buy,0.02,AUDJPY,110.49400,23/03/2026 13:05:38,110.97900,-0.10,0.00,48.50,6.00,6.00,48.50,-2.51,-19.20,1,Dragon Wave_AZ2[tp],0.59,0.59hrs
23/03/2026 12:30:57,buy,0.02,AUDCAD,0.95206,23/03/2026 13:05:36,0.95669,-0.10,0.00,46.30,6.64,6.64,46.30,-2.21,-14.50,1,Dragon Wave_AZ2[tp],0.58,0.58hrs
20/03/2026 18:00:44,sell,0.02,EURGBP,0.86772,23/03/2026 12:10:49,0.86584,-0.10,-0.08,18.80,4.81,4.81,18.80,-0.92,-2.80,1,Dragon Wave_AZ2[tp],66.17,2.76days
19/03/2026 21:17:49,sell,0.02,GBPCAD,1.84670,20/03/2026 16:14:28,1.82868,-0.10,-0.21,180.20,25.94,25.94,180.20,-0.40,-1.40,1,Dragon Wave_OZ2[tp],18.94,18.94hrs
19/03/2026 21:15:45,sell,0.02,GBPCAD,1.84611,20/03/2026 16:14:28,1.82868,-0.10,-0.21,174.30,25.08,25.08,174.30,-1.26,-7.30,1,Dragon Wave_CZ2[tp],18.98,18.98hrs
19/03/2026 21:17:06,sell,0.02,GBPCAD,1.84630,20/03/2026 15:11:05,1.83273,-0.10,-0.21,135.70,19.48,19.48,135.70,-0.98,-5.40,1,Dragon Wave_IZ2[tp],17.90,17.90hrs
19/03/2026 21:17:36,sell,0.02,GBPCAD,1.84613,20/03/2026 15:10:08,1.83330,-0.10,-0.21,128.30,18.40,18.40,128.30,-1.23,-7.10,1,Dragon Wave_KZ2[tp],17.88,17.88hrs
20/03/2026 02:30:04,buy,0.02,AUDNZD,1.20482,20/03/2026 14:31:38,1.20595,-0.10,0.00,11.30,1.23,1.31,12.00,-1.68,-13.40,1,Dragon Wave_AZ2,12.03,12.03hrs
19/03/2026 21:16:49,sell,0.02,GBPCAD,1.84582,20/03/2026 12:02:19,1.83550,-0.10,-0.21,103.20,14.72,14.72,103.20,-1.68,-10.20,1,Dragon Wave_FZ2,14.76,14.76hrs
19/03/2026 21:16:31,sell,0.02,GBPCAD,1.84559,20/03/2026 12:01:27,1.83506,-0.10,-0.21,105.30,15.03,15.03,105.30,-2.01,-12.50,1,Dragon Wave_DZ2[tp],14.75,14.75hrs
19/03/2026 21:15:33,sell,0.02,GBPCAD,1.84629,20/03/2026 11:44:48,1.83730,-0.10,-0.21,89.90,12.80,12.80,89.90,-0.99,-5.50,1,Dragon Wave_AZ2[tp],14.49,14.49hrs
19/03/2026 21:15:50,sell,0.02,EURCAD,1.59213,20/03/2026 11:42:46,1.58507,-0.10,-0.07,70.60,10.12,10.12,70.60,-1.39,-8.90,1,Dragon Wave_AZ2[tp],14.45,14.45hrs
19/03/2026 21:00:26,buy,0.02,CADJPY,114.90100,20/03/2026 11:17:02,115.62400,-0.10,0.00,72.30,9.02,9.02,72.30,-2.92,-22.20,1,Dragon Wave_KZ2,14.28,14.28hrs
19/03/2026 21:00:44,buy,0.02,USDJPY,157.67400,20/03/2026 11:16:13,158.56000,-0.10,0.00,88.60,11.08,11.08,88.60,-2.03,-15.20,1,Dragon Wave_FZ2,14.26,14.26hrs
19/03/2026 20:30:56,buy,0.02,CADJPY,114.91700,20/03/2026 10:47:00,115.48600,-0.10,0.00,56.90,7.08,7.08,56.90,-3.12,-23.80,1,Dragon Wave_FZ2,14.27,14.27hrs
19/03/2026 20:30:40,buy,0.02,CADJPY,114.90400,20/03/2026 10:46:39,115.50500,-0.10,0.00,60.10,7.49,7.49,60.10,-2.96,-22.50,1,Dragon Wave_DZ2,14.27,14.27hrs
19/03/2026 18:46:47,buy,0.02,CHFJPY,199.57700,20/03/2026 10:42:29,200.92100,-0.10,0.00,134.40,16.87,16.87,134.40,-1.12,-8.10,1,Dragon Wave_KZ2[tp],15.93,15.93hrs
19/03/2026 19:45:07,buy,0.02,CADJPY,115.01300,20/03/2026 09:30:44,115.36900,-0.10,0.00,35.60,4.40,4.41,35.70,-4.34,-33.40,1,Dragon Wave_AZ2,13.76,13.76hrs
19/03/2026 21:15:34,buy,0.02,USDJPY,157.54200,20/03/2026 08:46:37,158.41300,-0.10,0.00,87.10,10.90,11.12,88.90,-0.35,-2.00,1,Dragon Wave_AZ2,11.52,11.52hrs
19/03/2026 18:45:38,buy,0.02,CHFJPY,199.63000,20/03/2026 07:15:44,200.69500,-0.10,0.00,106.50,13.35,13.35,106.50,-1.80,-13.40,1,Dragon Wave_DZ2,12.50,12.50hrs
19/03/2026 18:45:50,buy,0.02,CHFJPY,199.62800,20/03/2026 06:01:26,200.62600,-0.10,0.00,99.80,12.50,12.78,102.00,-1.77,-13.20,1,Dragon Wave_FZ2,11.26,11.26hrs
19/03/2026 15:15:13,buy,0.02,AUDJPY,111.25700,20/03/2026 04:30:21,112.13000,-0.10,0.00,87.30,10.93,10.93,87.30,-0.42,-2.50,1,Dragon Wave_DZ2[tp],13.25,13.25hrs
19/03/2026 15:15:28,buy,0.02,AUDJPY,111.26600,20/03/2026 03:45:57,112.02100,-0.10,0.00,75.50,9.46,9.46,75.50,-0.53,-3.40,1,Dragon Wave_FZ2,12.51,12.51hrs
11/03/2026 10:15:14,sell,0.05,AUDNZD,1.20772,20/03/2026 02:16:12,1.20554,-0.25,-2.88,21.80,3.28,4.50,21.80,-22.87,-71.70,1,Dragon Wave_CZ3[tp],208.02,8.67days
11/03/2026 02:31:11,sell,0.02,AUDNZD,1.20284,20/03/2026 02:16:12,1.20554,-0.10,-1.17,-27.00,-4.44,0.00,0.00,-14.82,-120.50,1,Dragon Wave_CZ2[tp],215.75,8.99days
19/03/2026 13:31:05,buy,0.02,CHFJPY,199.97000,19/03/2026 21:10:51,200.41600,-0.10,0.00,44.60,5.56,6.06,49.00,-6.10,-47.40,1,Dragon Wave_AZ2[tp],7.66,7.66hrs
19/03/2026 14:46:00,buy,0.02,AUDJPY,111.61500,19/03/2026 21:06:27,111.90000,-0.10,0.00,28.50,3.52,3.52,28.50,-5.17,-40.30,1,Dragon Wave_AZ2[tp],6.34,6.34hrs
19/03/2026 11:46:58,sell,0.02,USDCHF,0.79486,19/03/2026 21:00:34,0.78857,-0.10,0.00,62.90,15.85,15.85,62.90,-2.26,-8.60,1,Dragon Wave_HZ2[tp],9.23,9.23hrs
11/03/2026 11:01:39,sell,0.05,AUDNZD,1.20831,19/03/2026 16:01:01,1.20623,-0.25,-2.62,20.80,3.20,6.22,26.80,-21.16,-65.80,1,Dragon Wave_HZ3[tp],196.99,8.21days
11/03/2026 02:32:38,sell,0.02,AUDNZD,1.20293,19/03/2026 16:01:01,1.20623,-0.10,-1.06,-33.00,-5.01,0.00,0.40,-14.71,-119.60,1,Dragon Wave_HZ2[tp],205.47,8.56days
19/03/2026 11:46:45,sell,0.02,USDCHF,0.79496,19/03/2026 15:56:04,0.79166,-0.10,0.00,33.00,8.24,8.24,33.00,-2.01,-7.60,1,Dragon Wave_FZ2[tp],4.16,4.16hrs
19/03/2026 13:01:22,sell,0.02,USDCHF,0.79525,19/03/2026 15:55:08,0.79220,-0.10,0.00,30.50,7.60,7.60,30.50,-1.21,-4.40,1,Dragon Wave_DZ2[tp],2.90,2.90hrs
19/03/2026 00:15:49,buy,0.02,NZDUSD,0.57874,19/03/2026 15:20:20,0.58187,-0.10,0.00,31.30,6.16,7.42,37.60,-0.66,-2.80,1,Dragon Wave_FZ2[tp],15.08,15.08hrs
18/03/2026 01:00:47,sell,0.05,AUDNZD,1.21323,19/03/2026 14:30:39,1.20931,-0.25,-0.78,39.20,10.34,10.34,39.20,-5.06,-16.60,1,Dragon Wave_MZ3[tp],37.50,1.56days
11/03/2026 04:47:58,sell,0.02,AUDNZD,1.20684,19/03/2026 14:30:39,1.20931,-0.10,-1.06,-24.70,-4.03,0.78,12.10,-10.18,-80.50,1,Dragon Wave_MZ2[tp],201.71,8.40days
19/03/2026 00:15:03,buy,0.02,NZDUSD,0.57872,19/03/2026 11:21:33,0.58233,-0.10,0.00,36.10,7.12,7.46,37.80,-0.62,-2.60,1,Dragon Wave_AZ2[tp],11.11,11.11hrs
17/03/2026 18:21:41,sell,0.02,GBPCAD,1.82863,18/03/2026 14:32:30,1.82628,-0.10,-0.21,23.50,3.12,3.12,23.50,-6.72,-43.90,1,Dragon Wave_KZ2,20.18,20.18hrs
17/03/2026 18:20:36,sell,0.02,GBPCAD,1.82891,18/03/2026 14:26:56,1.82636,-0.10,-0.21,25.50,3.41,3.41,25.50,-6.31,-41.10,1,Dragon Wave_DZ2[tp],20.11,20.11hrs
17/03/2026 18:21:22,sell,0.02,GBPCAD,1.82885,18/03/2026 14:16:55,1.82769,-0.10,-0.21,11.60,1.39,1.47,12.20,-6.40,-41.70,1,Dragon Wave_FZ2,19.93,19.93hrs
17/03/2026 18:20:40,sell,0.02,AUDCAD,0.97346,18/03/2026 13:27:22,0.97205,-0.10,-0.11,14.10,1.85,1.85,14.10,-4.05,-26.30,1,Dragon Wave_FZ2[tp],19.11,19.11hrs
18/03/2026 08:15:19,sell,0.02,NZDCAD,0.80436,18/03/2026 13:26:42,0.80202,-0.10,0.00,23.40,3.32,3.32,23.40,-0.79,-4.70,1,Dragon Wave_AZ2[tp],5.19,5.19hrs
11/03/2026 13:01:46,buy,0.02,EURGBP,0.86320,18/03/2026 12:46:58,0.86408,-0.10,-2.17,8.80,0.08,3.86,19.60,-4.51,-13.00,1,Dragon Wave_MZ2,167.75,6.99days
17/03/2026 18:30:39,sell,0.02,GBPCAD,1.82858,18/03/2026 10:46:45,1.82809,-0.10,-0.21,4.90,0.40,0.64,5.20,-6.79,-44.40,1,Dragon Wave_AZ2,16.27,16.27hrs
13/03/2026 21:45:05,sell,0.02,USDCHF,0.79095,17/03/2026 10:40:51,0.78691,-0.10,-0.70,40.40,9.47,10.41,42.70,-3.71,-12.90,1,Dragon Wave_EZ2[tp],84.93,3.54days
11/03/2026 11:32:49,sell,0.05,AUDNZD,1.20857,17/03/2026 05:44:30,1.20627,-0.25,-1.58,23.00,4.89,6.97,29.40,-12.29,-37.70,1,Dragon Wave_OZ3[tp],138.19,5.76days
11/03/2026 02:33:03,sell,0.02,AUDNZD,1.20279,17/03/2026 05:44:30,1.20627,-0.10,-0.64,-34.80,-4.81,0.00,0.00,-11.65,-95.50,1,Dragon Wave_OZ2[tp],147.19,6.13days
13/03/2026 20:31:36,buy,0.02,NZDUSD,0.57931,16/03/2026 20:47:53,0.58655,-0.10,-0.07,72.40,14.31,14.31,72.40,-4.11,-19.70,1,Dragon Wave_HZ2,72.27,3.01days
13/03/2026 10:31:15,sell,0.02,USDCHF,0.78934,16/03/2026 20:32:41,0.78688,-0.10,-0.35,24.60,5.80,7.48,29.90,-7.77,-29.00,1,Dragon Wave_GZ2,82.02,3.42days
13/03/2026 20:02:23,buy,0.02,NZDUSD,0.57966,16/03/2026 20:32:17,0.58618,-0.10,-0.07,65.20,12.87,13.17,66.70,-4.81,-23.20,1,Dragon Wave_OZ2,72.50,3.02days
13/03/2026 10:17:26,buy,0.02,NZDUSD,0.58073,16/03/2026 20:18:14,0.58590,-0.10,-0.07,51.70,10.17,10.25,52.10,-6.95,-33.90,1,Dragon Wave_JZ2,82.01,3.42days
13/03/2026 18:00:07,buy,0.02,NZDUSD,0.58030,16/03/2026 20:17:58,0.58592,-0.10,-0.07,56.20,11.07,11.11,56.40,-6.09,-29.60,1,Dragon Wave_CZ2,74.30,3.10days
13/03/2026 22:15:56,buy,0.02,EURUSD,1.14167,16/03/2026 20:17:37,1.15061,-0.10,-0.16,89.40,17.62,17.62,89.40,-1.38,-6.40,1,Dragon Wave_LZ2,70.03,2.92days
13/03/2026 22:47:30,buy,0.02,EURUSD,1.14144,16/03/2026 16:01:57,1.14996,-0.10,-0.16,85.20,16.78,16.78,85.20,-0.68,-2.10,1,Dragon Wave_EZ2,65.24,2.72days
13/03/2026 10:01:52,sell,0.02,USDCHF,0.78871,16/03/2026 16:01:56,0.78695,-0.10,-0.35,17.60,4.02,5.88,23.60,-9.36,-35.30,1,Dragon Wave_NZ2,78.00,3.25days
13/03/2026 08:30:47,sell,0.02,USDCHF,0.78726,16/03/2026 16:00:42,0.78689,-0.10,-0.35,3.70,0.49,2.19,9.10,-13.02,-49.80,1,Dragon Wave_KZ2[tp],79.50,3.31days
13/03/2026 08:30:09,sell,0.02,USDCHF,0.78722,16/03/2026 15:55:10,0.78694,-0.10,-0.35,2.80,0.26,2.09,8.70,-13.12,-50.20,1,Dragon Wave_DZ2[tp],79.42,3.31days
13/03/2026 22:47:34,buy,0.02,EURUSD,1.14143,16/03/2026 15:48:11,1.14919,-0.10,-0.16,77.60,15.26,15.26,77.60,-0.66,-2.00,1,Dragon Wave_GZ2,65.01,2.71days
13/03/2026 09:16:30,buy,0.02,NZDUSD,0.58108,16/03/2026 15:47:57,0.58546,-0.10,-0.07,43.80,8.59,8.59,43.80,-7.65,-37.40,1,Dragon Wave_LZ2,78.52,3.27days
13/03/2026 22:15:57,buy,0.02,NZDJPY,92.25900,16/03/2026 15:47:32,93.09900,-0.10,0.01,84.00,10.48,10.48,84.00,-0.63,-4.30,1,Dragon Wave_GZ2,65.53,2.73days
13/03/2026 21:45:38,buy,0.02,GBPUSD,1.32294,16/03/2026 15:45:17,1.33001,-0.10,-0.04,70.70,14.00,14.00,70.70,-2.04,-9.70,1,Dragon Wave_BZ2[tp],65.99,2.75days
13/03/2026 09:15:53,buy,0.02,NZDUSD,0.58108,16/03/2026 14:32:55,0.58484,-0.10,-0.07,37.60,7.35,7.35,37.60,-7.65,-37.40,1,Dragon Wave_EZ2,77.28,3.22days
13/03/2026 17:30:52,buy,0.02,GBPUSD,1.32423,16/03/2026 14:17:53,1.32857,-0.10,-0.04,43.40,8.54,8.54,43.40,-4.62,-22.60,1,Dragon Wave_IZ2,68.78,2.87days
13/03/2026 09:15:55,sell,0.02,USDCHF,0.78784,16/03/2026 13:47:51,0.78726,-0.10,-0.35,5.80,1.02,3.66,14.90,-11.56,-44.00,1,Dragon Wave_IZ2,76.53,3.19days
13/03/2026 12:32:34,buy,0.02,GBPUSD,1.32575,16/03/2026 13:47:42,1.32829,-0.10,-0.04,25.40,4.94,5.52,28.10,-7.66,-37.80,1,Dragon Wave_KZ2,73.25,3.05days
13/03/2026 10:15:50,sell,0.02,USDCHF,0.78903,16/03/2026 13:47:37,0.78733,-0.10,-0.35,17.00,3.87,6.69,26.80,-8.55,-32.10,1,Dragon Wave_BZ2,75.53,3.15days
13/03/2026 10:17:13,buy,0.02,NZDUSD,0.58054,16/03/2026 13:47:18,0.58429,-0.10,-0.07,37.50,7.33,7.37,37.70,-6.57,-32.00,1,Dragon Wave_GZ2,75.50,3.15days
13/03/2026 21:17:06,buy,0.02,EURUSD,1.14266,16/03/2026 13:47:14,1.14858,-0.10,-0.16,59.20,11.58,11.58,59.20,-3.36,-16.30,1,Dragon Wave_NZ2,64.50,2.69days
13/03/2026 22:02:19,buy,0.02,NZDJPY,92.31400,16/03/2026 13:16:43,92.99200,-0.10,0.01,67.80,8.42,8.56,68.90,-1.32,-9.80,1,Dragon Wave_NZ2,63.24,2.63days
13/03/2026 09:16:57,buy,0.02,NZDUSD,0.58100,16/03/2026 13:03:04,0.58375,-0.10,-0.07,27.50,5.33,5.40,27.70,-7.49,-36.60,1,Dragon Wave_NZ2,75.77,3.16days
13/03/2026 20:15:40,buy,0.02,NZDJPY,92.47700,16/03/2026 12:58:01,92.97400,-0.10,0.01,49.70,6.15,6.15,49.70,-3.36,-26.10,1,Dragon Wave_BZ2[tp],64.71,2.70days
13/03/2026 08:15:37,buy,0.05,NZDUSD,0.58264,16/03/2026 12:55:42,0.58387,-0.25,-0.18,12.30,5.72,5.72,12.30,-26.93,-53.00,1,Dragon Wave_FZ3[tp],76.67,3.19days
12/03/2026 17:17:37,buy,0.02,NZDUSD,0.58579,16/03/2026 12:55:42,0.58387,-0.10,-0.14,-19.20,-4.08,2.26,11.80,-17.14,-84.50,1,Dragon Wave_FZ2[tp],91.63,3.82days
13/03/2026 08:16:28,buy,0.05,NZDUSD,0.58239,16/03/2026 12:50:24,0.58363,-0.25,-0.18,12.40,5.77,6.55,13.60,-25.68,-50.50,1,Dragon Wave_KZ3[tp],76.57,3.19days
12/03/2026 19:48:09,buy,0.02,NZDUSD,0.58577,16/03/2026 12:50:24,0.58363,-0.10,-0.14,-21.40,-4.52,0.73,4.50,-17.10,-84.30,1,Dragon Wave_KZ2[tp],89.04,3.71days
13/03/2026 05:15:54,buy,0.02,NZDUSD,0.58448,16/03/2026 12:33:00,0.58332,-0.10,-0.07,-11.60,-2.49,0.14,1.20,-14.45,-71.40,1,Dragon Wave_BZ2,79.28,3.30days
13/03/2026 20:00:29,buy,0.05,NZDUSD,0.57973,16/03/2026 12:32:55,0.58332,-0.25,-0.18,35.90,17.52,17.52,35.90,-12.38,-23.90,1,Dragon Wave_BZ3,64.54,2.69days
13/03/2026 10:01:49,buy,0.02,NZDJPY,92.61000,16/03/2026 12:32:17,92.87100,-0.10,0.01,26.10,3.19,4.27,34.80,-5.02,-39.40,1,Dragon Wave_IZ2,74.51,3.10days
13/03/2026 17:16:28,sell,0.02,USDCAD,1.37238,16/03/2026 12:31:30,1.36955,-0.10,-0.13,28.30,3.90,4.44,32.00,-2.73,-18.10,1,Dragon Wave_FZ2,67.25,2.80days
13/03/2026 22:30:26,buy,0.05,GBPUSD,1.32233,16/03/2026 12:30:38,1.32720,-0.25,-0.11,48.70,23.99,23.99,48.70,-1.95,-3.40,1,Dragon Wave_FZ3[tp],62.00,2.58days
13/03/2026 10:15:52,buy,0.02,GBPUSD,1.32658,16/03/2026 12:30:38,1.32720,-0.10,-0.04,6.20,1.10,3.86,19.80,-9.32,-46.10,1,Dragon Wave_DZ2[tp],74.25,3.09days
13/03/2026 10:00:11,buy,0.02,GBPUSD,1.32787,16/03/2026 12:30:38,1.32720,-0.10,-0.04,-6.70,-1.48,1.28,6.90,-11.90,-59.00,1,Dragon Wave_FZ2[tp],74.51,3.10days
13/03/2026 22:15:25,buy,0.02,EURUSD,1.14163,16/03/2026 12:28:03,1.14779,-0.10,-0.16,61.60,12.06,12.06,61.60,-1.30,-6.00,1,Dragon Wave_IZ2[tp],62.21,2.59days
13/03/2026 21:47:45,buy,0.02,AUDUSD,0.69954,16/03/2026 12:28:01,0.70416,-0.10,-0.02,46.20,9.12,9.12,46.20,-3.20,-15.50,1,Dragon Wave_KZ2[tp],62.67,2.61days
13/03/2026 22:45:03,buy,0.02,EURUSD,1.14150,16/03/2026 12:24:19,1.14762,-0.10,-0.16,61.20,11.98,11.98,61.20,-0.80,-3.10,1,Dragon Wave_BZ2[tp],61.65,2.57days
13/03/2026 10:02:33,buy,0.02,EURUSD,1.14533,16/03/2026 12:22:27,1.14732,-0.10,-0.16,19.90,3.72,6.60,33.50,-8.70,-43.00,1,Dragon Wave_KZ2[tp],74.33,3.10days
13/03/2026 10:15:07,buy,0.02,NZDJPY,92.59400,16/03/2026 12:17:42,92.83900,-0.10,0.01,24.50,2.99,4.47,36.40,-4.82,-37.80,1,Dragon Wave_KZ2,74.04,3.09days
13/03/2026 07:17:29,buy,0.02,NZDUSD,0.58300,16/03/2026 12:17:32,0.58287,-0.10,-0.07,-1.30,-0.43,1.40,7.50,-11.49,-56.60,1,Dragon Wave_IZ2,77.00,3.21days
13/03/2026 22:45:05,buy,0.05,NZDUSD,0.57780,16/03/2026 12:17:29,0.58287,-0.25,-0.18,50.70,24.92,25.02,50.90,-2.73,-4.60,1,Dragon Wave_IZ3,61.54,2.56days
13/03/2026 04:45:49,sell,0.02,USDCHF,0.78637,16/03/2026 12:17:18,0.78875,-0.10,-0.35,-23.80,-6.48,0.41,2.00,-15.27,-58.70,1,Dragon Wave_FZ2,79.52,3.31days
13/03/2026 21:16:11,sell,0.05,USDCHF,0.79084,16/03/2026 12:17:14,0.78875,-0.25,-0.87,20.90,12.13,12.13,20.90,-9.96,-14.00,1,Dragon Wave_FZ3,63.02,2.63days
13/03/2026 10:16:14,buy,0.05,EURUSD,1.14390,16/03/2026 12:17:12,1.14623,-0.25,-0.39,23.30,11.01,23.65,47.80,-14.60,-28.70,1,Dragon Wave_FZ3[tp],74.02,3.08days
13/03/2026 06:45:32,buy,0.02,EURUSD,1.15019,16/03/2026 12:17:12,1.14623,-0.10,-0.16,-39.60,-8.18,0.56,3.30,-18.42,-91.60,1,Dragon Wave_FZ2[tp],77.53,3.23days
13/03/2026 10:00:47,buy,0.02,EURUSD,1.14562,16/03/2026 12:15:37,1.14608,-0.10,-0.16,4.60,0.66,6.02,30.60,-9.28,-45.90,1,Dragon Wave_DZ2[tp],74.25,3.09days
13/03/2026 22:16:50,buy,0.05,AUDUSD,0.69868,16/03/2026 12:13:02,0.70318,-0.25,-0.06,45.00,22.19,22.19,45.00,-3.70,-6.90,1,Dragon Wave_DZ3[tp],61.94,2.58days
13/03/2026 08:47:00,buy,0.02,AUDUSD,0.70417,16/03/2026 12:13:02,0.70318,-0.10,-0.02,-9.90,-2.10,3.20,16.50,-12.46,-61.80,1,Dragon Wave_DZ2[tp],75.43,3.14days
13/03/2026 20:16:01,buy,0.05,AUDUSD,0.70015,16/03/2026 12:11:36,0.70312,-0.25,-0.06,29.70,14.54,14.54,29.70,-11.05,-21.60,1,Dragon Wave_FZ3[tp],63.93,2.66days
13/03/2026 08:17:36,buy,0.02,AUDUSD,0.70575,16/03/2026 12:11:36,0.70312,-0.10,-0.02,-26.30,-5.38,0.04,0.70,-15.62,-77.60,1,Dragon Wave_FZ2[tp],75.90,3.16days
13/03/2026 09:15:19,buy,0.05,NZDUSD,0.58104,16/03/2026 12:09:13,0.58254,-0.25,-0.18,15.00,7.07,13.30,27.10,-18.93,-37.00,1,Dragon Wave_DZ3[tp],74.90,3.12days
12/03/2026 20:45:46,buy,0.02,NZDUSD,0.58544,16/03/2026 12:09:13,0.58254,-0.10,-0.14,-29.00,-6.04,1.39,7.80,-16.44,-81.00,1,Dragon Wave_DZ2[tp],87.39,3.64days
13/03/2026 08:31:36,buy,0.02,NZDJPY,92.74100,16/03/2026 12:02:14,92.77200,-0.10,0.01,3.10,0.30,2.62,21.70,-6.66,-52.50,1,Dragon Wave_FZ2,75.51,3.15days
13/03/2026 10:00:48,buy,0.02,NZDJPY,92.58700,16/03/2026 12:01:32,92.75000,-0.10,0.01,16.30,1.96,4.56,37.10,-4.74,-37.10,1,Dragon Wave_DZ2,74.01,3.08days
13/03/2026 08:31:15,buy,0.02,NZDJPY,92.74900,16/03/2026 11:58:28,92.77600,-0.10,0.01,2.70,0.25,2.52,20.90,-6.77,-53.30,1,Dragon Wave_AZ2[tp],75.45,3.14days
13/03/2026 18:30:03,buy,0.02,AUDJPY,111.74700,16/03/2026 11:02:02,111.91200,-0.10,0.06,16.50,2.04,2.14,17.90,-3.81,-29.60,1,Dragon Wave_AZ2[tp],64.53,2.69days
13/03/2026 17:16:12,sell,0.02,USDCAD,1.37238,16/03/2026 10:32:59,1.37008,-0.10,-0.13,23.00,3.13,3.19,23.40,-2.73,-18.10,1,Dragon Wave_AZ2,65.28,2.72days
13/03/2026 13:15:04,buy,0.02,GBPUSD,1.32500,16/03/2026 10:30:52,1.32543,-0.10,-0.04,4.30,0.72,7.02,35.60,-6.16,-30.30,1,Dragon Wave_AZ2[tp],69.26,2.89days
13/03/2026 21:15:17,sell,0.02,USDCHF,0.79086,16/03/2026 10:29:41,0.78986,-0.10,-0.35,10.00,2.08,4.29,18.70,-3.93,-13.80,1,Dragon Wave_AZ2[tp],61.24,2.55days
13/03/2026 22:15:28,buy,0.05,AUDUSD,0.69873,16/03/2026 10:00:36,0.70178,-0.25,-0.06,30.50,14.94,15.49,31.60,-3.95,-7.40,1,Dragon Wave_AZ3[tp],59.75,2.49days
13/03/2026 08:45:16,buy,0.02,AUDUSD,0.70453,16/03/2026 10:00:36,0.70178,-0.10,-0.02,-27.50,-5.62,2.48,12.90,-13.18,-65.40,1,Dragon Wave_AZ2[tp],73.26,3.05days
11/03/2026 16:31:30,buy,0.02,EURAUD,1.61593,13/03/2026 17:31:58,1.63122,-0.10,-0.83,152.90,20.53,22.43,166.30,-4.22,-28.70,1,Dragon Wave_HZ2,49.01,2.04days
13/03/2026 08:01:47,buy,0.05,NZDUSD,0.58287,13/03/2026 14:47:35,0.58389,-0.25,0.00,10.20,4.85,4.85,10.20,-12.80,-25.10,1,Dragon Wave_AZ3[tp],6.76,6.76hrs
12/03/2026 17:16:31,buy,0.02,NZDUSD,0.58572,13/03/2026 14:47:35,0.58389,-0.10,-0.07,-18.30,-3.83,2.40,12.50,-10.89,-53.60,1,Dragon Wave_AZ2[tp],21.52,21.52hrs
13/03/2026 10:16:57,sell,0.02,CADCHF,0.57760,13/03/2026 14:45:57,0.57414,-0.10,0.00,34.60,8.70,8.70,34.60,-0.33,-0.90,1,Dragon Wave_MZ2[tp],4.48,4.48hrs
13/03/2026 06:46:07,buy,0.02,NZDCAD,0.79594,13/03/2026 14:45:30,0.79919,-0.10,0.00,32.50,4.64,4.64,32.50,-4.29,-28.60,1,Dragon Wave_IZ2[tp],7.99,7.99hrs
13/03/2026 07:00:49,buy,0.02,NZDCAD,0.79570,13/03/2026 14:45:11,0.79886,-0.10,0.00,31.60,4.51,4.51,31.60,-3.93,-26.20,1,Dragon Wave_KZ2[tp],7.74,7.74hrs
13/03/2026 06:46:01,buy,0.05,NZDCAD,0.79596,13/03/2026 14:30:44,0.79786,-0.25,0.00,19.00,6.69,6.69,19.00,-10.79,-28.80,1,Dragon Wave_FZ3[tp],7.75,7.75hrs
12/03/2026 16:02:16,buy,0.02,NZDCAD,0.79970,13/03/2026 14:30:44,0.79786,-0.10,-0.04,-18.40,-2.83,0.00,0.20,-9.83,-66.20,1,Dragon Wave_FZ2[tp],22.47,22.47hrs
13/03/2026 05:17:12,buy,0.02,NZDCAD,0.79706,13/03/2026 14:30:42,0.79771,-0.10,0.00,6.50,0.85,0.85,6.50,-5.92,-39.80,1,Dragon Wave_DZ2[tp],9.22,9.22hrs
13/03/2026 09:00:30,buy,0.02,AUDCAD,0.96067,13/03/2026 14:30:04,0.96384,-0.10,0.00,31.70,4.54,4.54,31.70,-2.81,-18.50,1,Dragon Wave_AZ2[tp],5.49,5.49hrs
11/03/2026 12:47:16,buy,0.02,EURGBP,0.86387,13/03/2026 13:16:39,0.86494,-0.10,-1.24,10.70,1.50,1.50,10.70,-6.30,-19.70,1,Dragon Wave_JZ2[tp],48.49,2.02days
11/03/2026 11:46:52,buy,0.02,EURGBP,0.86418,13/03/2026 13:16:32,0.86485,-0.10,-1.24,6.70,0.43,0.43,6.70,-7.13,-22.80,1,Dragon Wave_CZ2[tp],49.49,2.06days
11/03/2026 11:15:48,buy,0.02,EURGBP,0.86408,13/03/2026 13:10:03,0.86473,-0.10,-1.24,6.50,0.39,0.54,6.50,-6.86,-21.80,1,Dragon Wave_GZ2[tp],49.90,2.08days
13/03/2026 07:00:40,buy,0.05,NZDCAD,0.79569,13/03/2026 12:50:48,0.79705,-0.25,0.00,13.60,4.72,4.72,13.60,-9.80,-26.10,1,Dragon Wave_AZ3[tp],5.84,5.84hrs
12/03/2026 17:15:26,buy,0.02,NZDCAD,0.79845,13/03/2026 12:50:48,0.79705,-0.10,-0.04,-14.00,-2.19,0.74,5.70,-8.00,-53.70,1,Dragon Wave_AZ2[tp],19.59,19.59hrs
12/03/2026 15:16:16,buy,0.02,EURGBP,0.86225,13/03/2026 12:02:42,0.86364,-0.10,-0.31,13.90,3.27,3.27,13.90,-1.04,-3.50,1,Dragon Wave_LZ2,20.77,20.77hrs
11/03/2026 17:01:01,buy,0.02,EURGBP,0.86288,13/03/2026 11:45:54,0.86348,-0.10,-1.24,6.00,0.25,1.78,7.40,-3.65,-9.80,1,Dragon Wave_EZ2,42.75,1.78days
11/03/2026 20:31:32,buy,0.05,EURGBP,0.86256,13/03/2026 11:44:30,0.86357,-0.25,-3.10,10.10,3.34,4.50,10.60,-6.99,-6.60,1,Dragon Wave_IZ3[tp],39.22,1.63days
11/03/2026 11:16:10,buy,0.02,EURGBP,0.86413,13/03/2026 11:44:30,0.86357,-0.10,-1.24,-5.60,-2.83,0.41,1.90,-6.99,-22.30,1,Dragon Wave_IZ2[tp],48.47,2.02days
13/03/2026 08:30:51,sell,0.02,GBPNZD,2.28994,13/03/2026 10:53:32,2.28025,-0.10,0.00,96.90,11.18,11.18,96.90,-1.00,-7.70,1,Dragon Wave_AZ2[tp],2.38,2.38hrs
11/03/2026 06:02:26,sell,0.02,AUDJPY,113.46300,13/03/2026 09:42:34,112.03000,-0.10,-0.69,143.30,17.19,17.19,143.30,-6.19,-48.30,1,Dragon Wave_MZ2[tp],51.67,2.15days
11/03/2026 15:47:56,buy,0.02,EURAUD,1.61866,13/03/2026 08:32:34,1.63152,-0.10,-0.83,128.60,17.19,17.19,128.60,-8.14,-56.00,1,Dragon Wave_OZ2,40.74,1.70days
11/03/2026 04:46:45,sell,0.02,AUDJPY,113.42400,13/03/2026 08:31:41,112.33100,-0.10,-0.69,109.30,12.93,12.93,109.30,-6.68,-52.20,1,Dragon Wave_HZ2,51.75,2.16days
11/03/2026 16:01:48,sell,0.02,AUDCHF,0.55930,13/03/2026 08:31:23,0.55500,-0.10,-0.82,43.00,10.00,10.01,43.00,-0.54,-1.60,1,Dragon Wave_LZ2,40.49,1.69days
11/03/2026 06:15:45,buy,0.02,EURAUD,1.62078,13/03/2026 08:31:23,1.63133,-0.10,-0.83,105.50,13.94,13.94,105.50,-11.19,-77.20,1,Dragon Wave_CZ2[tp],50.26,2.09days
11/03/2026 17:03:29,sell,0.05,AUDJPY,113.85800,13/03/2026 08:30:01,112.38800,-0.25,-1.73,147.00,44.13,44.13,147.00,-1.16,-2.90,1,Dragon Wave_OZ3[tp],39.44,1.64days
11/03/2026 03:18:19,sell,0.02,AUDJPY,112.97100,13/03/2026 08:30:01,112.38800,-0.10,-0.69,58.30,6.52,6.52,58.30,-12.39,-97.50,1,Dragon Wave_OZ2[tp],53.20,2.22days
11/03/2026 06:02:05,sell,0.02,AUDCHF,0.55738,13/03/2026 07:17:30,0.55567,-0.10,-0.82,17.10,3.42,5.12,22.90,-5.46,-20.80,1,Dragon Wave_EZ2,49.26,2.05days
11/03/2026 06:17:15,buy,0.02,EURAUD,1.62125,13/03/2026 07:02:24,1.62831,-0.10,-0.83,70.60,9.04,10.01,77.50,-11.86,-81.90,1,Dragon Wave_JZ2,48.75,2.03days
11/03/2026 06:02:56,buy,0.02,EURAUD,1.62179,13/03/2026 02:02:13,1.62847,-0.10,-0.83,66.80,8.52,8.52,66.80,-12.64,-87.30,1,Dragon Wave_LZ2,43.99,1.83days
11/03/2026 06:15:49,sell,0.02,AUDCHF,0.55772,12/03/2026 17:17:58,0.55527,-0.10,-0.62,24.50,5.53,5.53,24.50,-4.59,-17.40,1,Dragon Wave_GZ2,35.04,1.46days
11/03/2026 06:02:03,buy,0.02,EURAUD,1.62148,12/03/2026 17:16:45,1.62762,-0.10,-0.62,61.40,7.97,7.97,61.40,-12.19,-84.20,1,Dragon Wave_EZ2,35.24,1.47days
11/03/2026 17:01:53,buy,0.02,GBPAUD,1.87000,12/03/2026 17:16:39,1.88635,-0.10,-0.28,163.50,22.75,22.75,163.50,-0.34,-1.70,1,Dragon Wave_LZ2,24.25,1.01days
11/03/2026 06:02:45,buy,0.02,EURAUD,1.62172,12/03/2026 17:03:06,1.62627,-0.10,-0.62,45.50,5.73,5.79,46.00,-12.54,-86.60,1,Dragon Wave_GZ2,35.01,1.46days
11/03/2026 06:17:42,sell,0.02,AUDCHF,0.55754,12/03/2026 16:48:33,0.55575,-0.10,-0.62,17.90,3.85,4.39,20.00,-5.05,-19.20,1,Dragon Wave_NZ2,34.51,1.44days
11/03/2026 16:01:56,buy,0.02,GBPAUD,1.87051,12/03/2026 16:01:18,1.88319,-0.10,-0.28,126.80,17.62,18.29,131.50,-1.38,-8.90,1,Dragon Wave_EZ2,23.99,23.99hrs
11/03/2026 06:45:36,buy,0.02,GBPAUD,1.87384,12/03/2026 15:47:56,1.88243,-0.10,-0.28,85.90,11.82,12.22,88.70,-6.16,-42.20,1,Dragon Wave_GZ2,33.04,1.38days
11/03/2026 06:17:28,buy,0.02,GBPAUD,1.87483,12/03/2026 15:47:15,1.88230,-0.10,-0.28,74.70,10.23,10.23,74.70,-7.58,-52.10,1,Dragon Wave_NZ2[tp],33.50,1.40days
11/03/2026 05:00:59,sell,0.02,AUDCHF,0.55660,12/03/2026 15:40:04,0.55605,-0.10,-0.62,5.50,0.69,1.08,5.50,-7.46,-28.60,1,Dragon Wave_BZ2[tp],34.65,1.44days
11/03/2026 05:45:37,sell,0.02,AUDCHF,0.55711,12/03/2026 15:33:11,0.55656,-0.10,-0.62,5.50,0.69,2.40,9.70,-6.15,-23.50,1,Dragon Wave_IZ2,33.79,1.41days
11/03/2026 05:31:31,buy,0.02,GBPAUD,1.87653,12/03/2026 15:14:54,1.87911,-0.10,-0.28,25.80,3.29,4.00,30.80,-10.02,-69.10,1,Dragon Wave_IZ2[tp],33.72,1.41days
11/03/2026 05:15:03,buy,0.02,GBPAUD,1.87696,12/03/2026 15:14:54,1.87911,-0.10,-0.28,21.50,2.68,3.39,26.50,-10.64,-73.40,1,Dragon Wave_BZ2[tp],34.00,1.42days
11/03/2026 19:32:00,sell,0.02,GBPJPY,213.13300,12/03/2026 10:13:39,212.50500,-0.10,-1.36,62.80,6.46,6.46,62.80,-2.58,-19.70,1,Dragon Wave_BZ2[tp],14.69,14.69hrs
11/03/2026 03:31:46,sell,0.02,GBPJPY,212.77300,12/03/2026 08:47:43,212.61700,-0.10,-1.36,15.60,0.51,4.76,38.40,-7.11,-55.70,1,Dragon Wave_IZ2,29.27,1.22days
11/03/2026 06:15:23,sell,0.02,AUDUSD,0.71768,12/03/2026 08:10:25,0.71113,-0.10,-0.10,65.50,12.90,12.90,65.50,-1.22,-5.60,1,Dragon Wave_EZ2[tp],25.92,1.08days
11/03/2026 04:48:02,sell,0.02,AUDUSD,0.71670,12/03/2026 08:10:25,0.71113,-0.10,-0.10,55.70,10.94,10.94,55.70,-3.18,-15.40,1,Dragon Wave_GZ2[tp],27.37,1.14days
11/03/2026 05:32:03,buy,0.02,GBPAUD,1.87634,12/03/2026 08:10:20,1.87969,-0.10,-0.28,33.50,4.38,4.38,33.50,-9.75,-67.20,1,Dragon Wave_KZ2[tp],26.64,1.11days
11/03/2026 05:47:23,sell,0.02,AUDUSD,0.71690,12/03/2026 07:02:14,0.71254,-0.10,-0.10,43.60,8.52,8.60,44.00,-2.78,-13.40,1,Dragon Wave_NZ2,25.25,1.05days
11/03/2026 04:01:09,sell,0.02,GBPJPY,212.82700,12/03/2026 04:47:04,212.65800,-0.10,-1.36,16.90,0.66,5.45,43.80,-6.43,-50.30,1,Dragon Wave_KZ2,24.77,1.03days
11/03/2026 06:31:04,sell,0.02,AUDUSD,0.71779,12/03/2026 01:46:13,0.71278,-0.10,-0.10,50.10,9.82,9.94,50.70,-1.00,-4.50,1,Dragon Wave_BZ2,19.25,19.25hrs
11/03/2026 05:47:12,sell,0.02,AUDUSD,0.71696,12/03/2026 01:16:36,0.71321,-0.10,-0.10,37.50,7.30,7.30,37.50,-2.66,-12.80,1,Dragon Wave_IZ2,19.49,19.49hrs
10/03/2026 18:45:57,sell,0.02,AUDCHF,0.55484,11/03/2026 02:26:20,0.55511,-0.10,-0.21,-2.70,-1.01,1.36,6.50,-3.37,-12.70,1,Dragon Wave_AZ2,7.67,7.67hrs
10/03/2026 17:16:58,sell,0.02,AUDCHF,0.55430,11/03/2026 02:26:20,0.55511,-0.10,-0.21,-8.10,-2.39,0.60,2.70,-4.76,-18.10,1,Dragon Wave_FZ2,9.16,9.16hrs
10/03/2026 17:16:23,sell,0.02,AUDCHF,0.55429,11/03/2026 02:26:20,0.55511,-0.10,-0.21,-8.20,-2.42,0.57,2.60,-4.78,-18.20,1,Dragon Wave_DZ2,9.17,9.17hrs
10/03/2026 18:48:18,sell,0.02,AUDCHF,0.55475,11/03/2026 02:26:19,0.55518,-0.10,-0.21,-4.30,-1.42,1.13,5.60,-3.60,-13.60,1,Dragon Wave_KZ2,7.63,7.63hrs
10/03/2026 11:46:23,sell,0.02,AUDJPY,112.14700,11/03/2026 02:26:19,112.72100,-0.10,-0.17,-57.40,-7.53,0.22,2.50,-8.84,-68.80,1,Dragon Wave_DZ2,14.67,14.67hrs
10/03/2026 09:16:22,sell,0.02,AUDJPY,111.86600,11/03/2026 02:26:19,112.72000,-0.10,-0.17,-85.40,-11.08,1.11,9.50,-12.41,-96.90,1,Dragon Wave_FZ2,17.17,17.17hrs
10/03/2026 12:17:05,sell,0.02,AUDJPY,112.21200,11/03/2026 02:26:18,112.71900,-0.10,-0.17,-50.70,-6.69,0.79,7.00,-8.02,-62.30,1,Dragon Wave_IZ2,14.15,14.15hrs
10/03/2026 12:15:02,sell,0.02,AUDJPY,112.24600,11/03/2026 02:26:18,112.72100,-0.10,-0.17,-47.50,-6.28,1.22,10.40,-7.58,-58.90,1,Dragon Wave_BZ2,14.19,14.19hrs
10/03/2026 12:01:59,sell,0.02,AUDJPY,112.09700,11/03/2026 02:26:18,112.72100,-0.10,-0.17,-62.40,-8.17,0.00,0.00,-9.48,-73.80,1,Dragon Wave_AZ2,14.41,14.41hrs
10/03/2026 14:47:10,sell,0.02,AUDJPY,112.36200,11/03/2026 02:26:17,112.72600,-0.10,-0.17,-36.40,-4.87,1.19,10.20,-6.11,-47.30,1,Dragon Wave_NZ2,11.65,11.65hrs
10/03/2026 14:46:02,sell,0.02,AUDJPY,112.39000,11/03/2026 02:26:17,112.71800,-0.10,-0.17,-32.80,-4.42,1.55,13.00,-5.75,-44.50,1,Dragon Wave_GZ2,11.67,11.67hrs
10/03/2026 12:32:16,sell,0.02,AUDJPY,112.25100,11/03/2026 02:26:17,112.71800,-0.10,-0.17,-46.70,-6.18,1.28,10.90,-7.52,-58.40,1,Dragon Wave_KZ2,13.90,13.90hrs
10/03/2026 16:47:05,sell,0.05,AUDJPY,112.68200,11/03/2026 02:26:16,112.72600,-0.25,-0.44,-4.40,-2.08,5.19,17.20,-5.11,-15.30,1,Dragon Wave_FZ3,9.65,9.65hrs
10/03/2026 16:45:58,sell,0.02,AUDJPY,112.63000,11/03/2026 02:26:16,112.72600,-0.10,-0.17,-9.60,-1.48,1.42,12.00,-2.70,-20.50,1,Dragon Wave_EZ2,9.67,9.67hrs
10/03/2026 19:31:43,sell,0.05,AUDJPY,112.79800,11/03/2026 02:26:15,112.71700,-0.25,-0.44,8.10,1.87,8.86,28.80,-1.17,-2.90,1,Dragon Wave_AZ3,6.91,6.91hrs
10/03/2026 16:48:12,sell,0.02,AUDJPY,112.65800,11/03/2026 02:26:15,112.71600,-0.10,-0.17,-5.80,-1.01,1.77,14.80,-2.35,-17.70,1,Dragon Wave_LZ2,9.63,9.63hrs
10/03/2026 16:47:33,sell,0.02,AUDJPY,112.67000,11/03/2026 02:26:15,112.72600,-0.10,-0.17,-5.60,-0.98,1.92,16.00,-2.20,-16.50,1,Dragon Wave_JZ2,9.64,9.64hrs
10/03/2026 19:32:13,sell,0.02,AUDJPY,112.77900,11/03/2026 02:26:14,112.71700,-0.10,-0.17,6.20,0.52,3.30,26.90,-0.71,-4.80,1,Dragon Wave_CZ2,6.90,6.90hrs
10/03/2026 08:17:24,sell,0.02,AUDNZD,1.19690,11/03/2026 02:26:14,1.20255,-0.10,-0.11,-56.50,-6.91,0.10,1.70,-6.91,-56.50,1,Dragon Wave_BZ2,18.15,18.15hrs
10/03/2026 08:17:06,sell,0.02,AUDNZD,1.19720,11/03/2026 02:26:14,1.20255,-0.10,-0.11,-53.50,-6.55,0.46,4.70,-6.55,-53.50,1,Dragon Wave_AZ2,18.15,18.15hrs
10/03/2026 08:31:39,sell,0.02,AUDNZD,1.19711,11/03/2026 02:26:13,1.20255,-0.10,-0.11,-54.40,-6.66,0.35,3.80,-6.66,-54.40,1,Dragon Wave_DZ2,17.91,17.91hrs
10/03/2026 08:17:35,sell,0.02,AUDNZD,1.19682,11/03/2026 02:26:13,1.20255,-0.10,-0.11,-57.30,-7.01,0.01,0.90,-7.01,-57.30,1,Dragon Wave_FZ2,18.14,18.14hrs
10/03/2026 08:32:59,sell,0.02,AUDNZD,1.19737,11/03/2026 02:26:12,1.20256,-0.10,-0.11,-51.90,-6.37,0.66,6.40,-6.37,-51.90,1,Dragon Wave_NZ2,17.89,17.89hrs
10/03/2026 08:32:43,sell,0.02,AUDNZD,1.19721,11/03/2026 02:26:12,1.20256,-0.10,-0.11,-53.50,-6.56,0.47,4.80,-6.56,-53.50,1,Dragon Wave_KZ2,17.89,17.89hrs
10/03/2026 08:32:38,sell,0.02,AUDNZD,1.19717,11/03/2026 02:26:12,1.20256,-0.10,-0.11,-53.90,-6.61,0.42,4.40,-6.61,-53.90,1,Dragon Wave_IZ2,17.89,17.89hrs
10/03/2026 16:45:57,sell,0.05,AUDNZD,1.19990,11/03/2026 02:26:11,1.20254,-0.25,-0.27,-26.40,-8.35,1.63,6.30,-8.35,-26.40,1,Dragon Wave_FZ3,9.67,9.67hrs
10/03/2026 16:45:09,sell,0.05,AUDNZD,1.20005,11/03/2026 02:26:11,1.20256,-0.25,-0.27,-25.10,-7.96,2.07,7.80,-7.96,-25.10,1,Dragon Wave_BZ3,9.68,9.68hrs
10/03/2026 12:16:58,sell,0.02,AUDNZD,1.19855,11/03/2026 02:26:11,1.20256,-0.10,-0.11,-40.10,-4.97,1.33,12.00,-4.97,-40.10,1,Dragon Wave_GZ2,14.15,14.15hrs
10/03/2026 18:30:35,sell,0.05,AUDNZD,1.20067,11/03/2026 02:26:10,1.20254,-0.25,-0.27,-18.70,-6.06,0.00,0.00,-6.06,-18.70,1,Dragon Wave_DZ3,7.93,7.93hrs
10/03/2026 18:03:48,sell,0.05,AUDNZD,1.20033,11/03/2026 02:26:10,1.20254,-0.25,-0.27,-22.10,-7.07,0.00,0.00,-7.07,-22.10,1,Dragon Wave_NZ3,8.37,8.37hrs
10/03/2026 18:01:21,sell,0.05,AUDNZD,1.20038,11/03/2026 02:26:10,1.20254,-0.25,-0.27,-21.60,-6.92,0.00,0.00,-6.92,-21.60,1,Dragon Wave_AZ3,8.41,8.41hrs
10/03/2026 18:46:58,sell,0.05,AUDNZD,1.20114,11/03/2026 02:26:09,1.20242,-0.25,-0.27,-12.80,-4.32,1.14,4.70,-4.32,-12.80,1,Dragon Wave_IZ3,7.65,7.65hrs
10/03/2026 18:46:27,sell,0.02,AUDNZD,1.20131,11/03/2026 02:26:09,1.20243,-0.10,-0.11,-11.20,-1.54,0.66,6.40,-1.54,-11.20,1,Dragon Wave_EZ2,7.66,7.66hrs
10/03/2026 18:47:43,sell,0.02,AUDNZD,1.20135,11/03/2026 02:26:08,1.20241,-0.10,-0.11,-10.60,-1.47,0.71,6.80,-1.47,-10.60,1,Dragon Wave_LZ2,7.64,7.64hrs
10/03/2026 18:47:38,sell,0.05,AUDNZD,1.20124,11/03/2026 02:26:08,1.20241,-0.25,-0.27,-11.70,-3.99,1.44,5.70,-3.99,-11.70,1,Dragon Wave_KZ3,7.64,7.64hrs
10/03/2026 18:47:22,sell,0.02,AUDNZD,1.20116,11/03/2026 02:26:08,1.20242,-0.10,-0.11,-12.60,-1.71,0.48,4.90,-1.71,-12.60,1,Dragon Wave_JZ2,7.65,7.65hrs
10/03/2026 16:47:19,sell,0.02,AUDUSD,0.71438,11/03/2026 02:26:07,0.71324,-0.10,-0.03,11.40,2.15,5.69,29.30,-4.88,-23.90,1,Dragon Wave_KZ2,9.65,9.65hrs
10/03/2026 09:45:51,sell,0.02,AUDUSD,0.71168,11/03/2026 02:26:07,0.71324,-0.10,-0.03,-15.60,-3.25,3.84,19.70,-10.28,-50.90,1,Dragon Wave_FZ2,16.67,16.67hrs
10/03/2026 09:45:45,sell,0.02,AUDUSD,0.71169,11/03/2026 02:26:07,0.71324,-0.10,-0.03,-15.50,-3.23,3.86,19.80,-10.26,-50.80,1,Dragon Wave_DZ2,16.67,16.67hrs
10/03/2026 09:45:34,sell,0.02,AUDUSD,0.71172,11/03/2026 02:26:07,0.71325,-0.10,-0.03,-15.30,-3.19,3.92,20.10,-10.20,-50.50,1,Dragon Wave_AZ2,16.68,16.68hrs
10/03/2026 19:30:41,sell,0.05,AUDUSD,0.71644,11/03/2026 02:26:06,0.71324,-0.25,-0.08,32.00,15.67,24.52,49.90,0.00,0.00,1,Dragon Wave_DZ3,6.92,6.92hrs
10/03/2026 16:47:01,buy,0.02,EURAUD,1.63002,11/03/2026 02:26:06,1.62940,-0.10,-0.21,-6.20,-1.19,1.67,12.60,-4.57,-31.20,1,Dragon Wave_AZ2,9.65,9.65hrs
10/03/2026 17:31:05,buy,0.02,EURAUD,1.62916,11/03/2026 02:26:05,1.62943,-0.10,-0.21,2.70,0.08,2.89,21.20,-3.33,-22.60,1,Dragon Wave_IZ2,8.92,8.92hrs
10/03/2026 16:47:40,buy,0.02,EURAUD,1.62999,11/03/2026 02:26:05,1.62943,-0.10,-0.21,-5.60,-1.10,1.71,12.90,-4.52,-30.90,1,Dragon Wave_FZ2,9.64,9.64hrs
10/03/2026 16:47:27,buy,0.02,EURAUD,1.63001,11/03/2026 02:26:05,1.62941,-0.10,-0.21,-6.00,-1.16,1.68,12.70,-4.55,-31.10,1,Dragon Wave_DZ2,9.64,9.64hrs
10/03/2026 19:15:32,buy,0.02,EURAUD,1.62862,11/03/2026 02:26:04,1.62931,-0.10,-0.21,6.90,0.67,3.66,26.60,-2.56,-17.20,1,Dragon Wave_BZ2,7.18,7.18hrs
10/03/2026 17:47:36,buy,0.02,EURAUD,1.62943,11/03/2026 02:26:04,1.62944,-0.10,-0.21,0.10,-0.29,2.51,18.50,-3.72,-25.30,1,Dragon Wave_KZ2,8.64,8.64hrs
10/03/2026 19:30:06,buy,0.02,EURAUD,1.62747,11/03/2026 02:26:03,1.62931,-0.10,-0.21,18.40,2.31,5.30,38.10,-0.92,-5.70,1,Dragon Wave_NZ2,6.93,6.93hrs
10/03/2026 19:30:03,buy,0.02,GBPAUD,1.88068,11/03/2026 02:26:03,1.88330,-0.10,-0.09,26.20,3.55,6.15,44.40,-0.26,-1.10,1,Dragon Wave_AZ2,6.93,6.93hrs
09/03/2026 20:33:55,buy,0.02,EURGBP,0.86481,11/03/2026 02:26:03,0.86499,-0.10,-0.62,1.80,-0.24,2.76,11.80,-2.16,-6.50,1,Dragon Wave_OZ2,29.87,1.24days
10/03/2026 19:32:25,buy,0.02,GBPAUD,1.88066,11/03/2026 02:26:02,1.88332,-0.10,-0.09,26.60,3.60,6.18,44.60,-0.23,-0.90,1,Dragon Wave_FZ2,6.89,6.89hrs
10/03/2026 19:31:03,buy,0.02,GBPAUD,1.88059,11/03/2026 02:26:02,1.88330,-0.10,-0.09,27.10,3.68,6.28,45.30,-0.13,-0.20,1,Dragon Wave_DZ2,6.92,6.92hrs
10/03/2026 11:00:49,sell,0.02,GBPJPY,212.22300,11/03/2026 02:26:02,212.26700,-0.10,-0.46,-4.40,-1.12,2.33,19.20,-2.32,-17.50,1,Dragon Wave_FZ2,15.42,15.42hrs
09/03/2026 04:01:24,sell,0.02,CADCHF,0.57571,09/03/2026 17:45:22,0.57356,-0.10,0.00,21.50,5.42,7.17,28.30,-1.69,-6.20,1,Dragon Wave_JZ2,13.73,13.73hrs
09/03/2026 00:32:41,buy,0.02,AUDCAD,0.95001,09/03/2026 17:45:22,0.95641,-0.10,0.00,64.00,9.33,10.40,71.30,-5.63,-37.60,1,Dragon Wave_MZ2,17.21,17.21hrs
06/03/2026 22:01:44,sell,0.02,CADJPY,116.22700,09/03/2026 17:45:21,116.49000,-0.10,-0.18,-26.30,-3.61,0.14,1.90,-12.40,-96.30,1,Dragon Wave_MZ2,67.73,2.82days
06/03/2026 22:01:29,sell,0.05,CADJPY,116.23800,09/03/2026 17:45:21,116.47600,-0.25,-0.46,-23.80,-8.24,0.70,3.00,-30.68,-95.20,1,Dragon Wave_HZ3,67.73,2.82days
02/03/2026 15:35:11,sell,0.02,CADJPY,115.21200,09/03/2026 17:45:21,116.47900,-0.10,-1.30,-126.70,-17.43,5.67,47.00,-26.31,-197.80,1,Dragon Wave_HZ2,170.17,7.09days
09/03/2026 03:01:32,sell,0.02,CADJPY,116.68900,09/03/2026 17:45:20,116.48900,-0.10,0.00,20.00,2.42,3.63,29.50,-6.41,-50.10,1,Dragon Wave_KZ2,14.73,14.73hrs
09/03/2026 03:00:20,sell,0.02,CADJPY,116.66500,09/03/2026 17:45:20,116.48900,-0.10,0.00,17.60,2.12,3.33,27.10,-6.71,-52.50,1,Dragon Wave_IZ2,14.75,14.75hrs
09/03/2026 03:00:16,sell,0.02,CADJPY,116.65900,09/03/2026 17:45:20,116.48900,-0.10,0.00,17.00,2.05,3.25,26.50,-6.79,-53.10,1,Dragon Wave_GZ2,14.75,14.75hrs
09/03/2026 04:03:23,sell,0.02,CADJPY,116.77900,09/03/2026 17:45:19,116.48900,-0.10,0.00,29.00,3.56,4.77,38.50,-5.28,-41.10,1,Dragon Wave_NZ2,13.70,13.70hrs
09/03/2026 04:00:15,sell,0.02,CADJPY,116.76600,09/03/2026 17:45:19,116.48900,-0.10,0.00,27.70,3.40,4.61,37.20,-5.44,-42.40,1,Dragon Wave_BZ2,13.75,13.75hrs
09/03/2026 03:46:17,sell,0.02,CADJPY,116.70400,09/03/2026 17:45:19,116.48900,-0.10,0.00,21.50,2.61,3.82,31.00,-6.22,-48.60,1,Dragon Wave_DZ2,13.98,13.98hrs
09/03/2026 05:47:14,sell,0.02,CADJPY,117.16200,09/03/2026 17:45:18,116.48900,-0.10,0.00,67.30,8.41,9.62,76.80,-0.45,-2.80,1,Dragon Wave_LZ2,11.97,11.97hrs
09/03/2026 05:45:27,sell,0.02,CADJPY,117.16300,09/03/2026 17:45:18,116.48900,-0.10,0.00,67.40,8.42,9.63,76.90,-0.44,-2.70,1,Dragon Wave_EZ2,12.00,12.00hrs
03/03/2026 13:30:21,buy,0.02,EURCAD,1.58929,09/03/2026 17:45:18,1.57283,-0.10,-0.54,-164.60,-24.89,4.53,32.30,-41.87,-279.50,1,Dragon Wave_GZ2,148.25,6.18days
03/03/2026 12:00:40,buy,0.02,EURCAD,1.59010,09/03/2026 17:45:18,1.57281,-0.10,-0.54,-172.90,-26.12,3.35,24.20,-43.06,-287.60,1,Dragon Wave_BZ2,149.74,6.24days
03/03/2026 14:17:31,buy,0.02,EURCAD,1.58822,09/03/2026 17:45:17,1.57296,-0.10,-0.54,-152.60,-23.12,6.09,43.00,-40.29,-268.80,1,Dragon Wave_NZ2,147.46,6.14days
03/03/2026 14:16:37,buy,0.02,EURCAD,1.58800,09/03/2026 17:45:17,1.57296,-0.10,-0.54,-150.40,-22.79,6.42,45.20,-39.96,-266.60,1,Dragon Wave_LZ2,147.48,6.14days
03/03/2026 18:15:41,buy,0.02,EURCAD,1.58491,09/03/2026 17:45:16,1.57302,-0.10,-0.54,-118.90,-18.16,10.93,76.10,-35.41,-235.70,1,Dragon Wave_CZ2,143.49,5.98days
03/03/2026 18:02:38,buy,0.02,EURCAD,1.58583,09/03/2026 17:45:16,1.57295,-0.10,-0.54,-128.80,-19.62,9.59,66.90,-36.76,-244.90,1,Dragon Wave_JZ2,143.71,5.99days
03/03/2026 17:30:38,buy,0.02,EURCAD,1.58632,09/03/2026 17:45:16,1.57296,-0.10,-0.54,-133.60,-20.32,8.87,62.00,-37.49,-249.80,1,Dragon Wave_EZ2,144.24,6.01days
06/03/2026 14:17:20,buy,0.02,EURCAD,1.57880,09/03/2026 17:45:15,1.57302,-0.10,-0.09,-57.80,-8.71,3.97,27.80,-25.94,-174.60,1,Dragon Wave_MZ2,75.47,3.14days
05/03/2026 13:46:18,buy,0.02,EURCAD,1.58241,09/03/2026 17:45:15,1.57302,-0.10,-0.18,-93.90,-14.12,7.44,51.70,-31.36,-210.70,1,Dragon Wave_HZ2,99.98,4.17days
05/03/2026 09:16:42,buy,0.02,EURCAD,1.58347,09/03/2026 17:45:15,1.57302,-0.10,-0.18,-104.50,-15.68,5.90,41.10,-32.92,-221.30,1,Dragon Wave_OZ2,104.48,4.35days
06/03/2026 16:02:18,buy,0.05,EURCAD,1.57787,09/03/2026 17:45:14,1.57302,-0.25,-0.23,-48.50,-18.35,8.33,23.20,-61.43,-165.30,1,Dragon Wave_BZ3,73.72,3.07days
06/03/2026 17:46:44,buy,0.05,EURCAD,1.57712,09/03/2026 17:45:13,1.57285,-0.25,-0.23,-42.70,-16.21,8.97,25.10,-58.67,-157.80,1,Dragon Wave_LZ3,71.97,3.00days
06/03/2026 16:03:33,buy,0.05,EURCAD,1.57786,09/03/2026 17:45:13,1.57284,-0.25,-0.23,-50.20,-18.97,8.37,23.30,-61.40,-165.20,1,Dragon Wave_GZ3,73.69,3.07days
09/03/2026 00:32:01,buy,0.05,EURCAD,1.56911,09/03/2026 17:45:12,1.57301,-0.25,0.00,39.00,14.12,17.23,47.50,-28.90,-77.70,1,Dragon Wave_EZ3,17.22,17.22hrs
09/03/2026 00:31:09,buy,0.05,EURCAD,1.56840,09/03/2026 17:45:12,1.57281,-0.25,0.00,44.10,16.00,19.84,54.60,-26.28,-70.60,1,Dragon Wave_CZ3,17.23,17.23hrs
06/03/2026 20:47:21,buy,0.05,EURCAD,1.57632,09/03/2026 17:45:12,1.57281,-0.25,-0.23,-35.10,-13.40,1.04,3.50,-55.72,-149.80,1,Dragon Wave_NZ3,68.96,2.87days
09/03/2026 00:45:38,buy,0.13,EURCAD,1.56778,09/03/2026 17:45:11,1.57301,-0.65,0.00,52.30,49.44,57.53,60.80,-62.39,-64.40,1,Dragon Wave_BZ4,16.99,16.99hrs
09/03/2026 00:33:19,buy,0.13,EURCAD,1.56825,09/03/2026 17:45:11,1.57301,-0.65,0.00,47.60,44.94,53.03,56.10,-66.90,-69.10,1,Dragon Wave_NZ4,17.20,17.20hrs
09/03/2026 00:32:53,buy,0.05,EURCAD,1.56835,09/03/2026 17:45:11,1.57301,-0.25,0.00,46.60,16.92,20.03,55.10,-26.10,-70.10,1,Dragon Wave_JZ3,17.20,17.20hrs
09/03/2026 02:15:31,buy,0.13,EURCAD,1.56742,09/03/2026 17:45:10,1.57301,-0.65,0.00,55.90,52.89,60.97,64.40,-58.94,-60.80,1,Dragon Wave_GZ4,15.49,15.49hrs
09/03/2026 05:46:02,buy,0.31,EURCAD,1.56171,09/03/2026 17:45:09,1.57300,-1.55,0.00,112.90,256.27,275.68,121.50,-10.01,-3.70,1,Dragon Wave_BZ5,11.99,11.99hrs
09/03/2026 04:15:45,buy,0.05,EURCAD,1.56333,09/03/2026 17:45:09,1.57301,-0.25,0.00,96.80,35.41,38.50,105.30,-7.59,-19.90,1,Dragon Wave_HZ3,13.49,13.49hrs
09/03/2026 04:03:20,buy,0.05,EURCAD,1.56427,09/03/2026 17:45:09,1.57301,-0.25,0.00,87.40,31.94,35.04,95.90,-11.05,-29.30,1,Dragon Wave_OZ3,13.70,13.70hrs
09/03/2026 05:48:34,buy,0.31,EURCAD,1.56168,09/03/2026 17:45:08,1.57301,-1.55,0.00,113.30,257.18,276.36,121.80,-9.32,-3.40,1,Dragon Wave_NZ5,11.94,11.94hrs
09/03/2026 05:48:19,buy,0.02,EURCAD,1.56162,09/03/2026 17:45:08,1.57301,-0.10,0.00,113.90,16.68,17.92,122.40,-0.51,-2.80,1,Dragon Wave_IZ2,11.95,11.95hrs
09/03/2026 17:01:24,buy,0.02,EURGBP,0.86501,09/03/2026 17:45:07,0.86539,-0.10,0.00,3.80,0.91,1.10,4.50,-1.09,-3.70,1,Dragon Wave_KZ2,0.73,0.73hrs
09/03/2026 00:15:25,buy,0.02,EURGBP,0.86583,09/03/2026 17:45:07,0.86539,-0.10,0.00,-4.40,-1.28,4.27,16.40,-3.29,-11.90,1,Dragon Wave_NZ2,17.50,17.50hrs
06/03/2026 18:30:08,buy,0.02,EURGBP,0.86609,09/03/2026 17:45:07,0.86539,-0.10,-0.31,-7.00,-2.29,3.27,13.80,-4.30,-14.50,1,Dragon Wave_BZ2,71.25,2.97days
09/03/2026 17:16:09,buy,0.02,EURGBP,0.86490,09/03/2026 17:45:06,0.86539,-0.10,0.00,4.90,1.22,1.40,5.60,-0.29,-0.70,1,Dragon Wave_HZ2,0.48,0.48hrs
03/03/2026 17:18:08,buy,0.02,EURUSD,1.15393,09/03/2026 17:45:06,1.15864,-0.10,-0.95,47.10,8.37,21.82,110.40,-7.27,-31.10,1,Dragon Wave_HZ2,144.45,6.02days
03/03/2026 11:45:15,buy,0.02,EURUSD,1.16067,09/03/2026 17:45:06,1.15869,-0.10,-0.95,-19.80,-5.01,8.34,43.00,-20.75,-98.50,1,Dragon Wave_JZ2,150.00,6.25days
03/03/2026 17:19:05,buy,0.02,EURUSD,1.15352,09/03/2026 17:45:05,1.15864,-0.10,-0.95,51.20,9.19,22.64,114.50,-6.45,-27.00,1,Dragon Wave_OZ2,144.43,6.02days
03/03/2026 17:18:51,buy,0.02,EURUSD,1.15349,09/03/2026 17:45:05,1.15864,-0.10,-0.95,51.50,9.25,22.70,114.80,-6.39,-26.70,1,Dragon Wave_MZ2,144.44,6.02days
03/03/2026 17:18:30,buy,0.05,EURUSD,1.15362,09/03/2026 17:45:05,1.15864,-0.25,-2.34,50.20,22.51,56.11,113.50,-16.59,-28.00,1,Dragon Wave_JZ3,144.44,6.02days
03/03/2026 11:46:40,buy,0.05,GBPCAD,1.82126,09/03/2026 17:45:04,1.81742,-0.25,0.43,-38.40,-13.96,35.85,98.60,-70.17,-190.70,1,Dragon Wave_HZ3,149.97,6.25days
02/03/2026 09:50:46,buy,0.02,GBPCAD,1.82453,09/03/2026 17:45:04,1.81745,-0.10,0.21,-70.80,-10.32,19.88,137.00,-32.85,-223.40,1,Dragon Wave_MZ2,175.91,7.33days
02/03/2026 08:35:50,buy,0.02,GBPCAD,1.82857,09/03/2026 17:45:04,1.81745,-0.10,0.21,-111.20,-16.28,13.99,96.60,-38.82,-263.80,1,Dragon Wave_HZ2,177.15,7.38days
09/03/2026 01:00:54,buy,0.13,GBPCAD,1.81028,09/03/2026 17:45:03,1.81730,-0.65,0.00,70.20,66.57,95.22,100.20,-78.24,-80.90,1,Dragon Wave_HZ4,16.74,16.74hrs
09/03/2026 00:32:08,buy,0.05,GBPCAD,1.81106,09/03/2026 17:45:03,1.81742,-0.25,0.00,63.60,23.17,33.75,92.40,-32.97,-88.70,1,Dragon Wave_MZ3,17.22,17.22hrs
03/03/2026 13:15:05,buy,0.02,NZDCAD,0.80482,09/03/2026 17:45:03,0.80308,-0.10,-0.23,-17.40,-2.89,8.85,61.40,-14.80,-98.30,1,Dragon Wave_MZ2,148.50,6.19days
09/03/2026 00:45:56,buy,0.05,NZDCAD,0.79668,09/03/2026 17:45:02,0.80309,-0.25,0.00,64.10,23.35,26.00,71.30,-6.25,-16.30,1,Dragon Wave_MZ3,16.98,16.98hrs
09/03/2026 05:48:25,buy,0.02,EURCAD,1.56167,09/03/2026 17:33:22,1.57386,-0.10,0.00,121.90,17.85,17.85,121.90,-0.59,-3.30,1,Dragon Wave_KZ2,11.75,11.75hrs
09/03/2026 03:46:31,sell,0.02,CADJPY,116.69900,09/03/2026 17:32:55,116.40000,-0.10,0.00,29.90,3.68,3.68,29.90,-6.28,-49.10,1,Dragon Wave_FZ2,13.77,13.77hrs
09/03/2026 02:45:18,sell,0.02,CADJPY,116.58100,09/03/2026 17:09:11,116.51300,-0.10,0.00,6.80,0.76,0.76,6.80,-7.77,-60.90,1,Dragon Wave_AZ2[tp],14.40,14.40hrs
09/03/2026 05:46:10,buy,0.02,EURCAD,1.56167,09/03/2026 17:06:59,1.57330,-0.10,0.00,116.30,17.02,17.02,116.30,-0.59,-3.30,1,Dragon Wave_DZ2[tp],11.35,11.35hrs
09/03/2026 05:47:54,buy,0.02,EURCAD,1.56160,09/03/2026 17:01:51,1.57222,-0.10,0.00,106.20,15.54,15.54,106.20,-0.48,-2.60,1,Dragon Wave_FZ2,11.23,11.23hrs
09/03/2026 03:48:46,buy,0.02,GBPCAD,1.80627,09/03/2026 17:01:42,1.81763,-0.10,0.00,113.60,16.64,16.64,113.60,-6.12,-40.80,1,Dragon Wave_NZ2[tp],13.22,13.22hrs
09/03/2026 03:47:57,buy,0.02,GBPCAD,1.80670,09/03/2026 17:00:16,1.81691,-0.10,0.00,102.10,14.94,14.94,102.10,-6.75,-45.10,1,Dragon Wave_IZ2[tp],13.21,13.21hrs
09/03/2026 03:45:43,buy,0.02,GBPCAD,1.80700,09/03/2026 16:58:06,1.81662,-0.10,0.00,96.20,14.07,14.07,96.20,-7.20,-48.10,1,Dragon Wave_BZ2[tp],13.21,13.21hrs
09/03/2026 03:48:33,buy,0.02,GBPCAD,1.80633,09/03/2026 15:46:23,1.81490,-0.10,0.00,85.70,12.53,12.53,85.70,-6.21,-41.40,1,Dragon Wave_KZ2,11.96,11.96hrs
﻿09/03/2026 03:46:36,buy,0.02,GBPCAD,1.80681,09/03/2026 15:37:27,1.81523,-0.10,0.00,84.20,12.31,12.31,84.20,-6.92,-46.20,1,Dragon Wave_DZ2[tp],11.85,11.85hrs
09/03/2026 03:18:07,buy,0.02,GBPCAD,1.80718,09/03/2026 15:31:42,1.81366,-0.10,0.00,64.80,9.45,9.86,67.50,-7.46,-49.90,1,Dragon Wave_FZ2,12.23,12.23hrs
09/03/2026 05:45:38,buy,0.02,EURCAD,1.56173,09/03/2026 15:30:32,1.56999,-0.10,0.00,82.60,12.08,12.08,82.60,-0.68,-3.90,1,Dragon Wave_AZ2[tp],9.75,9.75hrs
09/03/2026 00:45:25,buy,0.02,NZDCAD,0.79643,09/03/2026 15:14:31,0.80220,-0.10,0.00,57.70,8.41,8.41,57.70,-2.13,-13.80,1,Dragon Wave_IZ2[tp],14.48,14.48hrs
09/03/2026 04:01:42,buy,0.02,GBPCAD,1.80605,09/03/2026 14:29:08,1.81121,-0.10,0.00,51.60,7.51,7.51,51.60,-5.80,-38.60,1,Dragon Wave_AZ2[tp],10.46,10.46hrs
09/03/2026 00:45:30,buy,0.02,NZDCAD,0.79633,09/03/2026 11:34:41,0.80161,-0.10,0.00,52.80,7.69,7.69,52.80,-1.98,-12.80,1,Dragon Wave_KZ2[tp],10.82,10.82hrs
09/03/2026 00:31:22,buy,0.02,NZDCAD,0.79701,09/03/2026 11:33:56,0.80120,-0.10,0.00,41.90,6.08,6.08,41.90,-3.07,-20.20,1,Dragon Wave_DZ2[tp],11.04,11.04hrs
09/03/2026 00:31:56,buy,0.02,NZDCAD,0.79718,09/03/2026 11:33:55,0.80118,-0.10,0.00,40.00,5.80,5.80,40.00,-3.32,-21.90,1,Dragon Wave_FZ2[tp],11.03,11.03hrs
06/03/2026 19:15:41,buy,0.02,EURGBP,0.86593,09/03/2026 08:03:23,0.86747,-0.10,-0.31,15.40,3.69,3.70,15.40,-1.10,-2.60,1,Dragon Wave_DZ2,60.80,2.53days
06/03/2026 19:16:08,buy,0.02,EURGBP,0.86592,09/03/2026 07:48:18,0.86727,-0.10,-0.31,13.50,3.19,3.19,13.50,-1.08,-2.50,1,Dragon Wave_FZ2,60.54,2.52days
06/03/2026 15:15:33,buy,0.02,EURGBP,0.86662,09/03/2026 07:33:25,0.86705,-0.10,-0.31,4.30,0.74,1.02,4.30,-2.94,-9.50,1,Dragon Wave_AZ2,64.30,2.68days
02/03/2026 08:20:32,buy,0.02,GBPCAD,1.82972,06/03/2026 05:47:21,1.82617,-0.10,0.18,-35.50,-5.11,12.31,85.10,-16.50,-112.70,1,Dragon Wave_JZ2,93.45,3.89days
03/03/2026 10:51:04,buy,0.05,GBPCAD,1.82166,06/03/2026 05:47:17,1.82619,-0.25,0.36,45.30,16.70,34.38,94.60,-11.74,-32.10,1,Dragon Wave_JZ3,66.94,2.79days
03/03/2026 13:15:31,buy,0.05,GBPCAD,1.82016,05/03/2026 22:15:18,1.82709,-0.25,0.29,69.30,25.37,39.87,109.60,-6.24,-17.10,1,Dragon Wave_CZ3[tp],57.00,2.37days
02/03/2026 08:33:32,buy,0.02,GBPCAD,1.82915,05/03/2026 22:15:18,1.82709,-0.10,0.15,-20.60,-2.96,13.14,90.80,-15.66,-107.00,1,Dragon Wave_CZ2[tp],85.70,3.57days
03/03/2026 13:16:47,buy,0.05,GBPCAD,1.82036,05/03/2026 22:12:20,1.82681,-0.25,0.29,64.50,23.62,39.13,107.60,-6.97,-19.10,1,Dragon Wave_OZ3[tp],56.93,2.37days
02/03/2026 08:25:42,buy,0.02,GBPCAD,1.82802,05/03/2026 22:12:20,1.82681,-0.10,0.15,-12.10,-1.72,14.79,102.10,-14.00,-95.70,1,Dragon Wave_OZ2[tp],85.78,3.57days
05/03/2026 08:15:35,buy,0.05,EURCAD,1.58356,05/03/2026 19:52:47,1.58788,-0.25,0.00,43.20,15.51,15.51,43.20,-7.77,-20.50,1,Dragon Wave_IZ3[tp],11.62,11.62hrs
03/03/2026 09:18:23,buy,0.02,EURCAD,1.59473,05/03/2026 19:52:47,1.58788,-0.10,-0.36,-68.50,-10.46,0.19,2.00,-19.87,-132.20,1,Dragon Wave_IZ2[tp],58.57,2.44days
27/02/2026 17:33:22,buy,0.02,GBPCAD,1.83563,05/03/2026 19:17:31,1.82450,-0.10,0.18,-111.30,-16.17,5.38,37.20,-25.14,-171.80,1,Dragon Wave_GZ2,145.74,6.07days
02/03/2026 08:34:42,buy,0.05,GBPCAD,1.82918,05/03/2026 19:17:28,1.82451,-0.25,0.36,-46.70,-16.93,32.74,90.50,-39.28,-107.30,1,Dragon Wave_GZ3,82.71,3.45days
05/03/2026 08:15:38,buy,0.13,GBPCAD,1.81865,05/03/2026 19:17:23,1.82437,-0.65,0.00,57.20,53.62,54.96,58.60,-2.56,-2.00,1,Dragon Wave_GZ4,11.03,11.03hrs
03/03/2026 10:21:02,sell,0.02,CADCHF,0.57296,05/03/2026 11:33:00,0.57097,-0.10,-0.60,19.90,4.41,6.82,27.60,-3.86,-14.80,1,Dragon Wave_NZ2[tp],49.20,2.05days
03/03/2026 17:18:41,buy,0.05,NZDCAD,0.80288,05/03/2026 11:08:04,0.81001,-0.25,-0.35,71.30,25.56,29.22,80.80,-1.82,-4.30,1,Dragon Wave_HZ3[tp],41.82,1.74days
03/03/2026 11:31:53,buy,0.02,NZDCAD,0.80733,05/03/2026 11:08:04,0.81001,-0.10,-0.15,26.80,3.68,5.17,36.30,-7.22,-48.80,1,Dragon Wave_HZ2[tp],47.60,1.98days
03/03/2026 17:18:38,buy,0.05,EURUSD,1.15348,05/03/2026 11:08:00,1.16389,-0.25,-1.56,104.10,50.24,56.81,114.90,-1.65,-2.80,1,Dragon Wave_LZ3[tp],41.82,1.74days
03/03/2026 13:15:42,buy,0.02,EURUSD,1.15857,05/03/2026 11:08:00,1.16407,-0.10,-0.63,55.00,10.27,12.54,64.00,-10.84,-53.70,1,Dragon Wave_CZ2[tp],45.87,1.91days
03/03/2026 11:45:30,buy,0.02,EURUSD,1.16067,05/03/2026 11:08:00,1.16389,-0.10,-0.63,32.20,5.71,8.34,43.00,-15.04,-74.70,1,Dragon Wave_LZ2[tp],47.38,1.97days
03/03/2026 17:17:28,buy,0.05,NZDCAD,0.80326,05/03/2026 11:06:52,0.80981,-0.25,-0.35,65.50,23.43,27.83,77.00,-3.21,-8.10,1,Dragon Wave_CZ3[tp],41.82,1.74days
03/03/2026 11:31:02,buy,0.02,NZDCAD,0.80733,05/03/2026 11:06:52,0.80981,-0.10,-0.15,24.80,3.38,5.17,36.30,-7.22,-48.80,1,Dragon Wave_CZ2[tp],47.60,1.98days
03/03/2026 17:19:17,buy,0.05,NZDCAD,0.80289,05/03/2026 11:06:22,0.80956,-0.25,-0.35,66.70,23.86,29.19,80.70,-1.86,-4.40,1,Dragon Wave_OZ3[tp],41.78,1.74days
03/03/2026 11:32:32,buy,0.02,NZDCAD,0.80719,05/03/2026 11:06:22,0.80956,-0.10,-0.15,23.70,3.22,5.38,37.70,-7.02,-47.40,1,Dragon Wave_OZ2[tp],47.56,1.98days
03/03/2026 17:17:16,buy,0.05,EURUSD,1.15416,05/03/2026 11:06:20,1.16281,-0.25,-1.56,86.50,41.44,53.41,108.10,-5.05,-9.60,1,Dragon Wave_EZ3[tp],41.82,1.74days
03/03/2026 11:31:47,buy,0.02,EURUSD,1.16128,05/03/2026 11:06:20,1.16281,-0.10,-0.63,15.30,2.33,7.12,36.90,-16.26,-80.80,1,Dragon Wave_EZ2[tp],47.58,1.98days
02/03/2026 14:48:13,sell,0.02,CADJPY,115.13700,05/03/2026 03:30:16,114.79200,-0.10,-0.93,34.50,3.38,4.72,39.50,-4.88,-36.20,1,Dragon Wave_OZ2[tp],60.70,2.53days
03/03/2026 12:45:45,sell,0.02,USDCHF,0.78658,05/03/2026 03:18:39,0.77856,-0.10,-1.42,80.20,19.08,19.50,80.60,-3.30,-12.60,1,Dragon Wave_CZ2,38.55,1.61days
03/03/2026 11:32:17,buy,0.02,EURUSD,1.16127,05/03/2026 03:17:25,1.16430,-0.10,-0.63,30.30,5.33,7.14,37.00,-16.24,-80.70,1,Dragon Wave_GZ2,39.75,1.66days
02/03/2026 15:33:11,sell,0.02,CADJPY,115.21900,05/03/2026 03:01:25,114.89600,-0.10,-0.93,32.30,3.09,5.76,47.70,-3.84,-28.00,1,Dragon Wave_CZ2,59.47,2.48days
03/03/2026 12:15:21,sell,0.02,USDCHF,0.78642,05/03/2026 02:32:18,0.77893,-0.10,-1.42,74.90,17.71,19.09,77.50,-3.70,-14.20,1,Dragon Wave_JZ2,38.28,1.60days
03/03/2026 17:18:32,buy,0.02,NZDUSD,0.58390,04/03/2026 22:47:03,0.59404,-0.10,-0.07,101.40,20.11,20.11,101.40,-0.20,-0.50,1,Dragon Wave_MZ2,29.48,1.23days
03/03/2026 12:15:44,sell,0.02,USDCHF,0.78648,04/03/2026 22:02:29,0.77898,-0.10,-0.35,75.00,18.81,19.12,76.20,-3.55,-13.60,1,Dragon Wave_LZ2,33.78,1.41days
03/03/2026 17:17:25,buy,0.02,NZDUSD,0.58414,04/03/2026 21:17:37,0.59374,-0.10,-0.07,96.00,19.03,19.03,96.00,-0.68,-2.90,1,Dragon Wave_HZ2,28.00,1.17days
03/03/2026 10:18:24,buy,0.02,NZDCAD,0.80846,04/03/2026 20:47:17,0.81085,-0.10,-0.04,23.90,3.35,3.42,24.30,-8.87,-60.10,1,Dragon Wave_JZ2,34.48,1.44days
03/03/2026 17:18:55,buy,0.05,NZDCAD,0.80293,04/03/2026 20:47:13,0.81085,-0.25,-0.09,79.20,28.63,28.78,79.60,-2.00,-4.80,1,Dragon Wave_JZ3,27.47,1.14days
03/03/2026 10:19:37,buy,0.02,NZDCAD,0.80861,04/03/2026 18:48:49,0.81053,-0.10,-0.04,19.20,2.67,2.77,19.90,-9.09,-61.60,1,Dragon Wave_LZ2,32.49,1.35days
03/03/2026 17:19:06,buy,0.05,NZDCAD,0.80278,04/03/2026 18:48:46,0.81053,-0.25,-0.09,77.50,28.02,28.27,78.20,-1.45,-3.30,1,Dragon Wave_LZ3,25.49,1.06days
02/03/2026 14:46:10,sell,0.02,CADJPY,115.16700,04/03/2026 18:33:33,114.86700,-0.10,-0.37,30.00,3.35,5.10,42.50,-4.50,-33.20,1,Dragon Wave_JZ2,51.79,2.16days
02/03/2026 10:15:10,sell,0.02,CADJPY,115.01300,04/03/2026 18:17:01,114.89000,-0.10,-0.37,12.30,1.09,3.15,27.10,-6.45,-48.60,1,Dragon Wave_LZ2,56.03,2.33days
03/03/2026 17:02:21,buy,0.02,AUDCAD,0.95772,04/03/2026 18:04:07,0.96587,-0.10,0.02,81.50,11.86,11.86,81.50,-3.90,-26.10,1,Dragon Wave_LZ2,25.03,1.04days
03/03/2026 12:46:21,buy,0.02,NZDUSD,0.58789,04/03/2026 18:04:05,0.59337,-0.10,-0.07,54.80,10.79,10.79,54.80,-8.18,-40.40,1,Dragon Wave_JZ2,29.30,1.22days
03/03/2026 17:17:44,buy,0.05,NZDUSD,0.58410,04/03/2026 18:04:02,0.59340,-0.25,-0.18,93.00,46.07,46.07,93.00,-1.50,-2.50,1,Dragon Wave_JZ3,24.77,1.03days
03/03/2026 17:02:05,buy,0.02,AUDCAD,0.95759,04/03/2026 18:04:02,0.96594,-0.10,0.02,83.50,12.15,12.15,83.50,-3.71,-24.80,1,Dragon Wave_JZ2,25.03,1.04days
03/03/2026 10:14:41,buy,0.02,NZDCAD,0.80828,04/03/2026 17:31:12,0.80952,-0.10,-0.04,12.40,1.68,1.94,14.20,-8.61,-58.30,1,Dragon Wave_GZ2,31.28,1.30days
03/03/2026 17:18:34,buy,0.05,NZDCAD,0.80285,04/03/2026 17:31:08,0.80957,-0.25,-0.09,67.20,24.26,24.73,68.50,-1.71,-4.00,1,Dragon Wave_GZ3,24.21,1.01days
03/03/2026 10:11:09,buy,0.02,NZDCAD,0.80874,04/03/2026 17:30:44,0.80975,-0.10,-0.04,10.10,1.34,1.34,10.10,-9.28,-62.90,1,Dragon Wave_EZ2,31.33,1.31days
03/03/2026 17:18:12,buy,0.05,NZDCAD,0.80298,04/03/2026 17:30:40,0.80975,-0.25,-0.09,67.70,24.43,24.43,67.70,-2.18,-5.30,1,Dragon Wave_EZ3,24.21,1.01days
03/03/2026 09:45:54,sell,0.02,CADCHF,0.57232,04/03/2026 16:21:45,0.57029,-0.10,-0.15,20.30,4.96,4.96,20.30,-5.49,-21.20,1,Dragon Wave_BZ2[tp],30.60,1.27days
02/03/2026 08:21:47,buy,0.02,GBPCAD,1.82992,04/03/2026 16:18:30,1.83060,-0.10,0.06,6.80,0.95,12.02,83.10,-15.10,-102.90,1,Dragon Wave_LZ2,55.95,2.33days
03/03/2026 11:47:18,buy,0.05,GBPCAD,1.82101,04/03/2026 16:18:26,1.83054,-0.25,0.07,95.30,34.64,34.64,95.30,-5.28,-13.80,1,Dragon Wave_LZ3,28.52,1.19days
03/03/2026 10:09:02,sell,0.02,USDCHF,0.78341,04/03/2026 14:16:21,0.77970,-0.10,-0.35,37.10,9.07,10.23,41.60,-11.35,-44.30,1,Dragon Wave_GZ2,28.12,1.17days
03/03/2026 09:22:08,sell,0.02,CADCHF,0.57163,04/03/2026 13:31:59,0.57104,-0.10,-0.15,5.90,1.27,2.44,10.50,-7.24,-28.10,1,Dragon Wave_IZ2,28.16,1.17days
03/03/2026 08:49:13,buy,0.02,EURCAD,1.59537,04/03/2026 13:18:19,1.59175,-0.10,-0.09,-36.20,-5.48,0.15,1.70,-17.21,-117.00,1,Dragon Wave_KZ2,28.48,1.19days
03/03/2026 18:16:37,buy,0.05,EURCAD,1.58486,04/03/2026 13:18:15,1.59175,-0.25,-0.23,68.90,24.73,24.73,68.90,-4.60,-11.90,1,Dragon Wave_KZ3,19.03,19.03hrs
03/03/2026 14:00:13,buy,0.05,EURCAD,1.58893,04/03/2026 13:18:07,1.59177,-0.25,-0.23,28.40,9.91,9.91,28.40,-19.48,-52.60,1,Dragon Wave_AZ3[tp],23.30,23.30hrs
03/03/2026 06:47:06,buy,0.02,EURCAD,1.59721,04/03/2026 13:18:07,1.59177,-0.10,-0.09,-54.40,-8.15,0.00,0.00,-19.90,-135.40,1,Dragon Wave_AZ2[tp],30.52,1.27days
27/02/2026 18:12:45,buy,0.02,GBPCAD,1.83354,04/03/2026 13:17:22,1.82986,-0.10,0.09,-36.80,-5.40,8.44,58.10,-20.37,-139.10,1,Dragon Wave_EZ2,115.08,4.79days
02/03/2026 08:49:28,buy,0.05,GBPCAD,1.82795,04/03/2026 13:17:19,1.82964,-0.25,0.14,16.90,6.07,37.23,102.80,-30.56,-83.20,1,Dragon Wave_EZ3,52.46,2.19days
03/03/2026 17:16:37,buy,0.02,EURJPY,182.16500,04/03/2026 13:15:54,183.11400,-0.10,-0.10,94.90,11.87,12.95,103.80,-1.47,-10.80,1,Dragon Wave_DZ2[tp],19.99,19.99hrs
03/03/2026 17:16:53,buy,0.02,EURJPY,182.14200,04/03/2026 12:46:35,182.99000,-0.10,-0.10,84.80,10.59,13.24,106.10,-1.18,-8.50,1,Dragon Wave_FZ2,19.50,19.50hrs
03/03/2026 10:53:25,sell,0.02,USDCHF,0.78410,04/03/2026 12:11:08,0.78066,-0.10,-0.35,34.40,8.36,12.00,48.50,-9.59,-37.40,1,Dragon Wave_EZ2[tp],25.30,1.05days
03/03/2026 17:31:43,buy,0.05,EURCAD,1.58589,04/03/2026 12:10:15,1.58967,-0.25,-0.23,37.80,13.37,13.37,37.80,-8.37,-22.20,1,Dragon Wave_FZ3[tp],18.64,18.64hrs
03/03/2026 07:32:51,buy,0.02,EURCAD,1.59615,04/03/2026 12:10:15,1.58967,-0.10,-0.09,-64.80,-9.68,0.00,0.00,-18.35,-124.80,1,Dragon Wave_FZ2[tp],28.62,1.19days
03/03/2026 13:18:16,buy,0.02,NZDUSD,0.58650,04/03/2026 12:09:45,0.59321,-0.10,-0.07,67.10,13.25,13.25,67.10,-5.40,-26.50,1,Dragon Wave_OZ2[tp],22.86,22.86hrs
03/03/2026 18:00:51,buy,0.05,EURCAD,1.58585,04/03/2026 12:09:00,1.58955,-0.25,-0.23,37.00,13.07,13.07,37.00,-8.22,-21.80,1,Dragon Wave_DZ3[tp],18.14,18.14hrs
03/03/2026 17:18:57,buy,0.05,EURUSD,1.15358,04/03/2026 12:09:00,1.16448,-0.25,-0.39,109.00,53.86,53.86,109.00,-2.15,-3.80,1,Dragon Wave_NZ3[tp],18.83,18.83hrs
03/03/2026 11:08:13,buy,0.02,EURUSD,1.16242,04/03/2026 12:09:00,1.16448,-0.10,-0.16,20.60,3.86,3.86,20.60,-18.54,-92.20,1,Dragon Wave_NZ2[tp],25.01,1.04days
03/03/2026 07:31:17,buy,0.02,EURCAD,1.59610,04/03/2026 12:09:00,1.58955,-0.10,-0.09,-65.50,-9.78,0.00,0.00,-18.28,-124.30,1,Dragon Wave_DZ2[tp],28.63,1.19days
03/03/2026 17:18:42,buy,0.02,AUDCAD,0.95502,04/03/2026 12:08:57,0.96557,-0.10,0.02,105.50,15.37,15.37,105.50,0.00,0.00,1,Dragon Wave_OZ2[tp],18.84,18.84hrs
03/03/2026 17:17:47,buy,0.02,AUDCAD,0.95512,04/03/2026 12:08:57,0.96557,-0.10,0.02,104.50,15.22,15.22,104.50,-0.03,0.00,1,Dragon Wave_HZ2[tp],18.85,18.85hrs
03/03/2026 17:19:12,buy,0.05,NZDCAD,0.80297,04/03/2026 12:08:56,0.80966,-0.25,-0.09,66.90,24.16,24.16,66.90,-2.15,-5.20,1,Dragon Wave_NZ3[tp],18.83,18.83hrs
03/03/2026 17:15:54,buy,0.02,AUDCAD,0.95575,04/03/2026 12:08:56,0.96533,-0.10,0.02,95.80,13.95,13.95,95.80,-0.94,-5.80,1,Dragon Wave_CZ2[tp],18.88,18.88hrs
03/03/2026 13:17:33,buy,0.02,GBPUSD,1.32666,04/03/2026 12:08:56,1.33952,-0.10,-0.04,128.60,25.58,25.58,128.60,-2.44,-11.70,1,Dragon Wave_LZ2[tp],22.86,22.86hrs
03/03/2026 09:44:48,buy,0.02,NZDCAD,0.80930,04/03/2026 12:08:56,0.80966,-0.10,-0.04,3.60,0.39,0.39,3.60,-10.10,-68.50,1,Dragon Wave_NZ2[tp],26.40,1.10days
03/03/2026 17:18:16,buy,0.05,NZDUSD,0.58400,04/03/2026 12:08:52,0.59297,-0.25,-0.18,89.70,44.42,44.42,89.70,-1.00,-1.50,1,Dragon Wave_LZ3[tp],18.84,18.84hrs
03/03/2026 17:17:28,buy,0.02,AUDCAD,0.95510,04/03/2026 12:08:52,0.96509,-0.10,0.02,99.90,14.55,14.55,99.90,0.00,0.00,1,Dragon Wave_GZ2[tp],18.86,18.86hrs
03/03/2026 13:00:02,buy,0.02,NZDUSD,0.58729,04/03/2026 12:08:52,0.59305,-0.10,-0.07,57.60,11.35,11.35,57.60,-6.98,-34.40,1,Dragon Wave_CZ2[tp],23.15,23.15hrs
03/03/2026 12:16:57,buy,0.02,NZDUSD,0.58842,04/03/2026 12:08:52,0.59297,-0.10,-0.07,45.50,8.93,8.93,45.50,-9.24,-45.70,1,Dragon Wave_LZ2[tp],23.87,23.87hrs
03/03/2026 17:03:05,buy,0.02,AUDUSD,0.69748,04/03/2026 12:08:50,0.70663,-0.10,-0.02,91.50,18.18,18.18,91.50,-5.70,-28.00,1,Dragon Wave_JZ2[tp],19.10,19.10hrs
03/03/2026 17:18:36,buy,0.02,AUDCAD,0.95509,04/03/2026 12:08:49,0.96479,-0.10,0.02,97.00,14.13,14.13,97.00,0.00,0.00,1,Dragon Wave_NZ2[tp],18.84,18.84hrs
03/03/2026 17:02:14,buy,0.05,EURUSD,1.15666,04/03/2026 12:08:49,1.16376,-0.25,-0.39,71.00,34.86,34.86,71.00,-17.55,-34.60,1,Dragon Wave_IZ3[tp],19.11,19.11hrs
03/03/2026 17:01:09,buy,0.02,AUDCAD,0.95842,04/03/2026 12:08:49,0.96479,-0.10,0.02,63.70,9.25,9.25,63.70,-4.92,-33.10,1,Dragon Wave_EZ2[tp],19.13,19.13hrs
03/03/2026 09:35:54,buy,0.02,EURUSD,1.16519,04/03/2026 12:08:49,1.16376,-0.10,-0.16,-14.30,-3.12,0.02,0.60,-24.08,-119.90,1,Dragon Wave_IZ2[tp],26.55,1.11days
03/03/2026 17:03:21,buy,0.02,AUDUSD,0.69770,04/03/2026 12:08:47,0.70632,-0.10,-0.02,86.20,17.12,17.12,86.20,-6.14,-30.20,1,Dragon Wave_LZ2[tp],19.09,19.09hrs
03/03/2026 11:30:50,buy,0.05,EURUSD,1.16153,04/03/2026 12:08:47,1.16366,-0.25,-0.39,21.30,10.01,10.01,21.30,-41.90,-83.30,1,Dragon Wave_AZ3[tp],24.63,1.03days
02/03/2026 18:12:44,buy,0.02,EURUSD,1.16779,04/03/2026 12:08:47,1.16366,-0.10,-0.32,-41.30,-8.68,6.84,34.70,-29.44,-145.90,1,Dragon Wave_AZ2[tp],41.93,1.75days
03/03/2026 17:17:28,buy,0.02,AUDUSD,0.69472,04/03/2026 12:08:38,0.70622,-0.10,-0.02,115.00,22.88,22.88,115.00,-0.18,-0.40,1,Dragon Wave_OZ2[tp],18.85,18.85hrs
03/03/2026 17:16:49,buy,0.05,EURUSD,1.15430,04/03/2026 12:08:38,1.16357,-0.25,-0.39,92.70,45.71,45.71,92.70,-5.75,-11.00,1,Dragon Wave_BZ3[tp],18.86,18.86hrs
03/03/2026 17:16:43,buy,0.05,NZDUSD,0.58425,04/03/2026 12:08:38,0.59256,-0.25,-0.18,83.10,41.12,41.12,83.10,-2.25,-4.00,1,Dragon Wave_GZ3[tp],18.87,18.87hrs
03/03/2026 17:16:38,buy,0.02,AUDUSD,0.69469,04/03/2026 12:08:38,0.70622,-0.10,-0.02,115.30,22.94,22.94,115.30,-0.12,-0.10,1,Dragon Wave_HZ2[tp],18.87,18.87hrs
03/03/2026 17:15:57,buy,0.05,NZDUSD,0.58453,04/03/2026 12:08:38,0.59256,-0.25,-0.18,80.30,39.72,39.72,80.30,-3.65,-6.80,1,Dragon Wave_EZ3[tp],18.88,18.88hrs
03/03/2026 11:46:25,buy,0.02,NZDUSD,0.58880,04/03/2026 12:08:38,0.59256,-0.10,-0.07,37.60,7.35,7.35,37.60,-10.00,-49.50,1,Dragon Wave_GZ2[tp],24.37,1.02days
03/03/2026 11:45:15,buy,0.02,NZDUSD,0.58878,04/03/2026 12:08:38,0.59256,-0.10,-0.07,37.80,7.39,7.39,37.80,-9.96,-49.30,1,Dragon Wave_EZ2[tp],24.39,1.02days
03/03/2026 11:31:57,buy,0.05,EURUSD,1.16120,04/03/2026 12:08:38,1.16357,-0.25,-0.39,23.70,11.21,11.21,23.70,-40.25,-80.00,1,Dragon Wave_FZ3[tp],24.61,1.03days
03/03/2026 10:06:08,buy,0.02,EURUSD,1.16388,04/03/2026 12:08:38,1.16357,-0.10,-0.16,-3.10,-0.88,0.66,3.80,-21.46,-106.80,1,Dragon Wave_BZ2[tp],26.04,1.09days
02/03/2026 18:15:58,buy,0.02,EURUSD,1.16751,04/03/2026 12:08:38,1.16357,-0.10,-0.32,-39.40,-8.30,7.40,37.50,-28.88,-143.10,1,Dragon Wave_FZ2[tp],41.88,1.74days
03/03/2026 17:18:16,buy,0.02,AUDCAD,0.95506,04/03/2026 12:08:36,0.96427,-0.10,0.02,92.10,13.40,13.40,92.10,0.00,0.00,1,Dragon Wave_IZ2[tp],18.84,18.84hrs
03/03/2026 17:15:35,buy,0.02,AUDUSD,0.69539,04/03/2026 12:08:36,0.70597,-0.10,-0.02,105.80,21.04,21.04,105.80,-1.52,-7.10,1,Dragon Wave_CZ2[tp],18.88,18.88hrs
03/03/2026 17:02:23,buy,0.02,AUDUSD,0.69750,04/03/2026 12:08:36,0.70589,-0.10,-0.02,83.90,16.66,16.66,83.90,-5.74,-28.20,1,Dragon Wave_GZ2[tp],19.10,19.10hrs
03/03/2026 17:02:22,buy,0.05,EURUSD,1.15682,04/03/2026 12:08:36,1.16291,-0.25,-0.39,60.90,29.81,29.81,60.90,-18.35,-36.20,1,Dragon Wave_KZ3[tp],19.10,19.10hrs
03/03/2026 09:40:53,buy,0.02,EURUSD,1.16515,04/03/2026 12:08:36,1.16291,-0.10,-0.16,-22.40,-4.74,0.10,1.00,-24.00,-119.50,1,Dragon Wave_KZ2[tp],26.46,1.10days
03/03/2026 16:48:53,buy,0.02,AUDUSD,0.69887,04/03/2026 12:08:28,0.70556,-0.10,-0.02,66.90,13.26,13.26,66.90,-8.48,-41.90,1,Dragon Wave_NZ2[tp],19.33,19.33hrs
03/03/2026 17:16:35,buy,0.05,NZDCAD,0.80322,04/03/2026 12:08:23,0.80899,-0.25,-0.09,57.70,20.78,20.78,57.70,-3.06,-7.70,1,Dragon Wave_BZ3[tp],18.86,18.86hrs
03/03/2026 17:15:26,buy,0.02,NZDJPY,92.19900,04/03/2026 12:08:23,93.04400,-0.10,0.01,84.50,10.67,10.75,85.50,-0.44,-2.70,1,Dragon Wave_BZ2[tp],18.88,18.88hrs
03/03/2026 09:35:55,buy,0.02,NZDCAD,0.80909,04/03/2026 12:08:23,0.80899,-0.10,-0.04,-1.00,-0.29,0.00,0.00,-9.79,-66.40,1,Dragon Wave_BZ2[tp],26.54,1.11days
03/03/2026 11:46:47,buy,0.02,NZDUSD,0.58878,04/03/2026 12:03:37,0.59139,-0.10,-0.07,26.10,5.05,5.05,26.10,-9.96,-49.30,1,Dragon Wave_NZ2,24.28,1.01days
03/03/2026 17:18:38,buy,0.05,NZDUSD,0.58389,04/03/2026 12:03:33,0.59145,-0.25,-0.18,75.60,37.37,37.37,75.60,-0.45,-0.40,1,Dragon Wave_NZ3,18.75,18.75hrs
03/03/2026 17:18:30,buy,0.02,AUDCAD,0.95531,04/03/2026 12:03:29,0.96285,-0.10,0.02,75.40,10.96,12.24,84.30,-0.30,-1.40,1,Dragon Wave_KZ2,18.75,18.75hrs
02/03/2026 09:58:03,buy,0.02,NZDCAD,0.81151,04/03/2026 12:03:13,0.80805,-0.10,-0.08,-34.60,-5.24,3.65,25.60,-13.37,-90.60,1,Dragon Wave_IZ2,50.09,2.09days
03/03/2026 10:16:40,buy,0.05,NZDCAD,0.80838,04/03/2026 12:03:08,0.80802,-0.25,-0.09,-3.60,-1.66,0.04,0.80,-21.89,-59.30,1,Dragon Wave_IZ3,25.77,1.07days
03/03/2026 17:18:51,buy,0.13,NZDCAD,0.80291,04/03/2026 12:03:04,0.80802,-0.65,-0.23,51.10,47.71,51.70,55.30,-5.02,-4.60,1,Dragon Wave_IZ4,18.74,18.74hrs
03/03/2026 16:48:40,buy,0.02,AUDUSD,0.69894,04/03/2026 12:03:02,0.70407,-0.10,-0.02,51.30,10.14,12.84,64.70,-8.62,-42.60,1,Dragon Wave_IZ2,19.24,19.24hrs
03/03/2026 17:16:45,buy,0.02,AUDCAD,0.95495,04/03/2026 11:48:07,0.96235,-0.10,0.02,74.00,10.75,12.77,87.90,0.00,0.00,1,Dragon Wave_FZ2,18.52,18.52hrs
03/03/2026 10:34:31,buy,0.02,NZDUSD,0.59041,04/03/2026 11:47:54,0.59102,-0.10,-0.07,6.10,1.05,1.05,6.10,-13.22,-65.60,1,Dragon Wave_BZ2,25.22,1.05days
03/03/2026 17:00:10,buy,0.05,NZDUSD,0.58635,04/03/2026 11:47:48,0.59102,-0.25,-0.18,46.70,22.92,22.92,46.70,-12.75,-25.00,1,Dragon Wave_BZ3,18.79,18.79hrs
03/03/2026 10:19:10,buy,0.02,NZDCAD,0.80845,04/03/2026 11:33:28,0.80779,-0.10,-0.04,-6.60,-1.11,0.00,0.10,-8.86,-60.00,1,Dragon Wave_KZ2,25.24,1.05days
03/03/2026 17:19:00,buy,0.05,NZDCAD,0.80285,04/03/2026 11:33:25,0.80776,-0.25,-0.09,49.10,17.61,17.61,49.10,-1.71,-4.00,1,Dragon Wave_KZ3,18.24,18.24hrs
03/03/2026 17:18:08,buy,0.13,NZDCAD,0.80300,04/03/2026 11:24:28,0.80777,-0.65,-0.23,47.70,44.49,44.49,47.70,-5.87,-5.50,1,Dragon Wave_DZ4[tp],18.11,18.11hrs
03/03/2026 10:36:49,buy,0.05,NZDCAD,0.80801,04/03/2026 11:24:28,0.80777,-0.25,-0.09,-2.40,-1.22,0.59,2.30,-20.54,-55.60,1,Dragon Wave_DZ3[tp],24.79,1.03days
02/03/2026 09:52:40,buy,0.02,NZDCAD,0.81151,04/03/2026 11:24:28,0.80777,-0.10,-0.08,-37.40,-5.66,3.65,25.60,-13.37,-90.60,1,Dragon Wave_DZ2[tp],49.53,2.06days
03/03/2026 10:39:39,buy,0.02,NZDUSD,0.59016,04/03/2026 09:47:38,0.59084,-0.10,-0.07,6.80,1.19,1.33,7.50,-12.72,-63.10,1,Dragon Wave_IZ2,23.13,23.13hrs
03/03/2026 13:17:41,buy,0.05,NZDUSD,0.58654,04/03/2026 09:47:34,0.59084,-0.25,-0.18,43.00,21.07,21.42,43.70,-13.70,-26.90,1,Dragon Wave_IZ3,20.50,20.50hrs
03/03/2026 09:49:25,sell,0.02,USDCHF,0.78272,04/03/2026 09:47:19,0.77952,-0.10,-0.35,32.00,7.76,8.46,34.70,-13.10,-51.20,1,Dragon Wave_NZ2,23.96,23.96hrs
03/03/2026 17:17:49,buy,0.02,NZDJPY,92.15700,04/03/2026 09:47:15,92.99200,-0.10,0.01,83.50,10.52,11.28,89.70,0.00,0.00,1,Dragon Wave_KZ2,16.49,16.49hrs
03/03/2026 17:17:29,buy,0.02,NZDJPY,92.18700,04/03/2026 09:46:51,92.99700,-0.10,0.01,81.00,10.20,10.90,86.70,-0.29,-1.50,1,Dragon Wave_IZ2,16.49,16.49hrs
03/03/2026 17:15:57,buy,0.02,NZDJPY,92.22200,04/03/2026 09:32:35,92.93200,-0.10,0.01,71.00,8.93,10.46,83.20,-0.73,-5.00,1,Dragon Wave_DZ2,16.28,16.28hrs
02/03/2026 10:31:56,buy,0.02,GBPUSD,1.33260,04/03/2026 09:32:24,1.33698,-0.10,-0.08,43.80,8.58,20.56,103.30,-14.36,-71.10,1,Dragon Wave_GZ2,47.01,1.96days
03/03/2026 07:48:24,buy,0.02,EURUSD,1.16669,04/03/2026 09:32:20,1.16243,-0.10,-0.16,-42.60,-8.78,0.64,3.70,-27.08,-134.90,1,Dragon Wave_DZ2,25.73,1.07days
03/03/2026 13:16:45,buy,0.05,EURUSD,1.15856,04/03/2026 09:32:16,1.16242,-0.25,-0.39,38.60,18.66,18.66,38.60,-27.05,-53.60,1,Dragon Wave_DZ3,20.26,20.26hrs
03/03/2026 10:15:42,buy,0.02,GBPUSD,1.33159,04/03/2026 09:31:50,1.33720,-0.10,-0.04,56.10,11.08,11.08,56.10,-12.30,-61.00,1,Dragon Wave_EZ2[tp],23.27,23.27hrs
02/03/2026 10:36:55,buy,0.02,GBPUSD,1.33191,04/03/2026 09:31:45,1.33688,-0.10,-0.08,49.70,9.76,21.94,110.20,-12.98,-64.20,1,Dragon Wave_NZ2[tp],46.91,1.95days
03/03/2026 13:01:11,buy,0.05,NZDUSD,0.58731,04/03/2026 09:31:44,0.59086,-0.25,-0.18,35.50,17.32,17.32,35.50,-17.55,-34.60,1,Dragon Wave_KZ3[tp],20.51,20.51hrs
03/03/2026 10:08:53,buy,0.02,NZDUSD,0.59104,04/03/2026 09:31:44,0.59086,-0.10,-0.07,-1.80,-0.53,0.00,0.00,-14.48,-71.90,1,Dragon Wave_KZ2[tp],23.38,23.38hrs
02/03/2026 10:22:17,buy,0.02,GBPUSD,1.33381,04/03/2026 09:31:25,1.33617,-0.10,-0.08,23.60,4.54,18.14,91.20,-16.78,-83.20,1,Dragon Wave_IZ2[tp],47.15,1.96days
03/03/2026 09:34:24,sell,0.02,USDCHF,0.78213,04/03/2026 09:16:04,0.77995,-0.10,-0.35,21.80,5.14,5.14,21.80,-14.60,-57.10,1,Dragon Wave_BZ2,23.69,23.69hrs
03/03/2026 10:10:49,sell,0.02,USDCHF,0.78379,04/03/2026 08:48:11,0.78049,-0.10,-0.35,33.00,8.01,8.32,34.20,-10.38,-40.50,1,Dragon Wave_IZ2,22.62,22.62hrs
03/03/2026 17:17:06,buy,0.02,NZDJPY,92.17000,04/03/2026 08:32:15,92.92400,-0.10,0.01,75.40,9.48,11.12,88.40,-0.08,0.00,1,Dragon Wave_FZ2,15.25,15.25hrs
02/03/2026 09:54:31,buy,0.02,NZDCAD,0.81142,04/03/2026 07:17:56,0.80715,-0.10,-0.08,-42.70,-6.41,3.78,26.50,-13.24,-89.70,1,Dragon Wave_FZ2,45.39,1.89days
03/03/2026 10:12:18,buy,0.05,NZDCAD,0.80848,04/03/2026 07:17:52,0.80713,-0.25,-0.09,-13.50,-5.27,0.00,0.00,-22.26,-60.30,1,Dragon Wave_FZ3,21.09,21.09hrs
03/03/2026 17:18:19,buy,0.13,NZDCAD,0.80297,04/03/2026 07:17:48,0.80717,-0.65,-0.23,42.00,39.01,41.13,44.20,-5.58,-5.20,1,Dragon Wave_FZ4,13.99,13.99hrs
03/03/2026 05:31:09,sell,0.02,CADCHF,0.57076,04/03/2026 06:17:07,0.57063,-0.10,-0.15,1.30,0.08,0.08,1.30,-9.46,-36.80,1,Dragon Wave_FZ2,24.77,1.03days
03/03/2026 06:45:11,sell,0.02,USDCHF,0.78077,04/03/2026 06:08:09,0.78054,-0.10,-0.35,2.30,0.14,0.14,2.30,-18.05,-70.70,1,Dragon Wave_AZ2[tp],23.38,23.38hrs
03/03/2026 10:12:29,sell,0.02,USDCHF,0.78406,04/03/2026 06:02:52,0.78070,-0.10,-0.35,33.60,8.16,8.23,33.90,-9.70,-37.80,1,Dragon Wave_KZ2,19.84,19.84hrs
03/03/2026 11:32:28,sell,0.02,USDJPY,157.76300,04/03/2026 05:53:33,157.40300,-0.10,-0.32,36.00,4.15,4.15,36.00,-2.63,-20.00,1,Dragon Wave_KZ2[tp],18.35,18.35hrs
03/03/2026 06:46:00,sell,0.02,CADCHF,0.57114,04/03/2026 05:32:58,0.57087,-0.10,-0.15,2.70,0.44,0.44,2.70,-8.49,-33.00,1,Dragon Wave_KZ2,22.78,22.78hrs
03/03/2026 04:45:35,sell,0.02,CADCHF,0.57043,04/03/2026 05:02:40,0.57104,-0.10,-0.15,-6.10,-1.81,0.00,0.00,-10.30,-40.10,1,Dragon Wave_DZ2,24.28,1.01days
03/03/2026 12:46:09,sell,0.05,CADCHF,0.57404,04/03/2026 05:02:37,0.57104,-0.25,-0.38,30.00,18.56,18.56,30.00,-2.79,-4.00,1,Dragon Wave_DZ3,16.27,16.27hrs
03/03/2026 09:38:34,sell,0.02,USDCHF,0.78221,04/03/2026 05:02:34,0.78159,-0.10,-0.35,6.20,1.14,2.97,12.00,-14.39,-56.30,1,Dragon Wave_DZ2,19.40,19.40hrs
03/03/2026 17:15:13,buy,0.02,EURJPY,182.14300,04/03/2026 02:02:06,183.18800,-0.10,-0.10,104.50,13.04,13.23,106.00,-1.19,-8.60,1,Dragon Wave_AZ2,8.78,8.78hrs
03/03/2026 09:42:56,sell,0.02,USDCHF,0.78246,03/03/2026 22:33:22,0.78118,-0.10,0.00,12.80,3.18,3.61,14.50,-13.76,-53.80,1,Dragon Wave_FZ2,12.84,12.84hrs
03/03/2026 12:46:02,buy,0.05,NZDCAD,0.80561,03/03/2026 21:45:18,0.80688,-0.25,0.00,12.70,4.40,6.32,18.00,-11.78,-31.60,1,Dragon Wave_AZ3[tp],8.99,8.99hrs
03/03/2026 09:32:47,buy,0.02,NZDCAD,0.80925,03/03/2026 21:45:18,0.80688,-0.10,0.00,-23.70,-3.57,0.00,0.00,-10.03,-68.00,1,Dragon Wave_AZ2[tp],12.21,12.21hrs
03/03/2026 17:16:00,buy,0.02,AUDCAD,0.95547,03/03/2026 21:41:37,0.96382,-0.10,0.00,83.50,12.13,12.13,83.50,-0.54,-3.00,1,Dragon Wave_DZ2[tp],4.43,4.43hrs
03/03/2026 17:03:15,buy,0.02,AUDUSD,0.69716,03/03/2026 21:41:37,0.70575,-0.10,0.00,85.90,17.08,17.08,85.90,-5.06,-24.80,1,Dragon Wave_KZ2[tp],4.64,4.64hrs
03/03/2026 16:48:11,buy,0.02,AUDUSD,0.69860,03/03/2026 21:41:37,0.70575,-0.10,0.00,71.50,14.20,14.20,71.50,-7.94,-39.20,1,Dragon Wave_EZ2[tp],4.89,4.89hrs
03/03/2026 17:16:09,buy,0.13,NZDUSD,0.58447,03/03/2026 21:41:36,0.59059,-0.65,0.00,61.20,78.91,78.91,61.20,-8.71,-6.20,1,Dragon Wave_FZ4[tp],4.42,4.42hrs
03/03/2026 10:58:23,buy,0.05,NZDUSD,0.58971,03/03/2026 21:41:36,0.59059,-0.25,0.00,8.80,4.15,4.15,8.80,-29.55,-58.60,1,Dragon Wave_FZ3[tp],10.72,10.72hrs
02/03/2026 18:09:58,buy,0.02,NZDUSD,0.59247,03/03/2026 21:41:36,0.59059,-0.10,-0.07,-18.80,-3.93,6.00,30.50,-17.41,-86.20,1,Dragon Wave_FZ2[tp],27.53,1.15days
02/03/2026 17:44:08,sell,0.02,USDJPY,157.71300,03/03/2026 21:41:35,157.50800,-0.10,-0.32,20.50,2.18,7.09,56.50,-3.58,-25.00,1,Dragon Wave_FZ2[tp],27.96,1.16days
03/03/2026 13:16:32,buy,0.05,NZDUSD,0.58671,03/03/2026 21:41:34,0.59051,-0.25,0.00,38.00,18.75,18.75,38.00,-14.55,-28.60,1,Dragon Wave_DZ3[tp],8.42,8.42hrs
03/03/2026 10:06:20,buy,0.02,NZDUSD,0.59097,03/03/2026 21:41:34,0.59051,-0.10,0.00,-4.60,-1.02,0.00,0.00,-14.34,-71.20,1,Dragon Wave_DZ2[tp],11.59,11.59hrs
03/03/2026 13:15:00,buy,0.05,GBPUSD,1.32726,03/03/2026 21:40:20,1.33638,-0.25,0.00,91.20,45.35,45.35,91.20,-9.10,-17.70,1,Dragon Wave_BZ3[tp],8.42,8.42hrs
02/03/2026 10:16:26,buy,0.02,GBPUSD,1.33474,03/03/2026 21:40:20,1.33638,-0.10,-0.04,16.40,3.14,16.28,81.90,-18.64,-92.50,1,Dragon Wave_BZ2[tp],35.40,1.47days
03/03/2026 16:48:22,buy,0.02,AUDUSD,0.69869,03/03/2026 21:40:15,0.70530,-0.10,0.00,66.10,13.12,13.12,66.10,-8.12,-40.10,1,Dragon Wave_FZ2[tp],4.86,4.86hrs
03/03/2026 16:47:18,buy,0.02,AUDUSD,0.69873,03/03/2026 21:40:15,0.70536,-0.10,0.00,66.30,13.16,13.16,66.30,-8.20,-40.50,1,Dragon Wave_BZ2[tp],4.88,4.88hrs
02/03/2026 17:41:02,sell,0.02,USDJPY,157.73700,03/03/2026 21:40:15,157.54500,-0.10,-0.32,19.20,2.02,7.40,58.90,-3.28,-22.60,1,Dragon Wave_DZ2[tp],27.99,1.17days
03/03/2026 17:15:01,buy,0.02,AUDCAD,0.95598,03/03/2026 21:40:10,0.96334,-0.10,0.00,73.60,10.67,10.67,73.60,-1.28,-8.10,1,Dragon Wave_AZ2[tp],4.42,4.42hrs
03/03/2026 17:00:05,buy,0.02,NZDJPY,92.46700,03/03/2026 21:38:37,93.02200,-0.10,0.00,55.50,6.94,6.94,55.50,-3.84,-29.50,1,Dragon Wave_AZ2[tp],4.64,4.64hrs
03/03/2026 16:48:00,buy,0.02,AUDUSD,0.69867,03/03/2026 21:38:37,0.70486,-0.10,0.00,61.90,12.28,12.34,62.20,-8.08,-39.90,1,Dragon Wave_DZ2[tp],4.84,4.84hrs
03/03/2026 16:47:11,buy,0.02,AUDUSD,0.69889,03/03/2026 20:40:41,0.70464,-0.10,0.00,57.50,11.40,11.40,57.50,-8.52,-42.10,1,Dragon Wave_AZ2[tp],3.89,3.89hrs
03/03/2026 12:15:40,sell,0.05,CADCHF,0.57391,03/03/2026 17:02:54,0.57135,-0.25,0.00,25.60,16.07,16.07,25.60,-3.62,-5.30,1,Dragon Wave_AZ3[tp],4.79,4.79hrs
02/03/2026 22:31:51,sell,0.02,CADCHF,0.57022,03/03/2026 17:02:54,0.57135,-0.10,-0.15,-11.30,-3.13,1.65,7.40,-10.98,-42.20,1,Dragon Wave_AZ2[tp],18.52,18.52hrs
03/03/2026 03:17:56,sell,0.02,CADJPY,115.27300,03/03/2026 16:45:44,115.00900,-0.10,0.00,26.40,3.25,3.62,29.20,-0.02,0.00,1,Dragon Wave_FZ2[tp],13.46,13.46hrs
03/03/2026 03:16:34,sell,0.02,AUDNZD,1.19534,03/03/2026 15:17:54,1.19085,-0.10,0.00,44.90,5.19,5.22,45.10,-3.30,-27.00,1,Dragon Wave_NZ2,12.02,12.02hrs
03/03/2026 09:39:03,sell,0.02,AUDNZD,1.19772,03/03/2026 15:17:41,1.19089,-0.10,0.00,68.30,7.95,8.02,68.90,-0.48,-3.20,1,Dragon Wave_GZ2,5.64,5.64hrs
03/03/2026 00:17:30,sell,0.02,AUDNZD,1.19411,03/03/2026 15:04:10,1.19186,-0.10,0.00,22.50,2.55,2.81,24.70,-4.75,-39.30,1,Dragon Wave_IZ2,14.78,14.78hrs
03/03/2026 09:41:09,sell,0.05,AUDNZD,1.19770,03/03/2026 15:04:07,1.19182,-0.25,0.00,58.80,17.08,17.61,60.60,-1.26,-3.40,1,Dragon Wave_IZ3,5.38,5.38hrs
03/03/2026 09:42:09,sell,0.05,AUDNZD,1.19753,03/03/2026 14:41:38,1.19184,-0.25,0.00,56.90,16.53,16.53,56.90,-1.76,-5.10,1,Dragon Wave_KZ3[tp],4.99,4.99hrs
03/03/2026 00:17:39,sell,0.02,AUDNZD,1.19405,03/03/2026 14:41:38,1.19184,-0.10,0.00,22.10,2.50,2.50,22.10,-4.82,-39.90,1,Dragon Wave_KZ2[tp],14.40,14.40hrs
03/03/2026 09:31:18,sell,0.05,AUDNZD,1.19765,03/03/2026 14:41:37,1.19189,-0.25,0.00,57.60,16.73,16.73,57.60,-1.40,-3.90,1,Dragon Wave_BZ3[tp],5.17,5.17hrs
03/03/2026 00:31:47,sell,0.02,AUDNZD,1.19438,03/03/2026 14:41:37,1.19189,-0.10,0.00,24.90,2.84,2.84,24.90,-4.43,-36.60,1,Dragon Wave_BZ2[tp],14.16,14.16hrs
03/03/2026 09:38:02,sell,0.05,AUDNZD,1.19738,03/03/2026 13:43:42,1.19292,-0.25,0.00,44.60,12.87,12.87,44.60,-2.20,-6.60,1,Dragon Wave_FZ3[tp],4.09,4.09hrs
03/03/2026 00:17:20,sell,0.02,AUDNZD,1.19404,03/03/2026 13:43:42,1.19292,-0.10,0.00,11.20,1.22,1.22,11.20,-4.84,-40.00,1,Dragon Wave_FZ2[tp],13.44,13.44hrs
03/03/2026 09:32:00,sell,0.05,AUDNZD,1.19736,03/03/2026 13:40:17,1.19321,-0.25,0.00,41.50,11.95,11.95,41.50,-2.26,-6.80,1,Dragon Wave_DZ3[tp],4.14,4.14hrs
03/03/2026 00:16:51,sell,0.02,AUDNZD,1.19398,03/03/2026 13:40:17,1.19321,-0.10,0.00,7.70,0.81,0.81,7.70,-4.91,-40.60,1,Dragon Wave_DZ2[tp],13.39,13.39hrs
03/03/2026 09:30:19,sell,0.05,AUDNZD,1.19725,03/03/2026 13:38:38,1.19382,-0.25,0.00,34.30,9.82,9.82,34.30,-2.59,-7.90,1,Dragon Wave_AZ3[tp],4.14,4.14hrs
03/03/2026 00:15:39,sell,0.02,AUDNZD,1.19421,03/03/2026 13:38:38,1.19382,-0.10,0.00,3.90,0.36,0.36,3.90,-4.63,-38.30,1,Dragon Wave_AZ2[tp],13.38,13.38hrs
03/03/2026 06:47:26,buy,0.02,EURAUD,1.64376,03/03/2026 12:30:00,1.64995,-0.10,0.00,61.90,8.61,8.61,61.90,-1.77,-11.80,1,Dragon Wave_AZ2[tp],5.71,5.71hrs
02/03/2026 17:18:44,sell,0.02,USDJPY,157.65300,03/03/2026 09:08:43,157.17600,-0.10,-0.32,47.70,5.65,6.33,50.50,-1.37,-10.00,1,Dragon Wave_AZ2[tp],15.83,15.83hrs
02/03/2026 18:03:17,buy,0.02,NZDUSD,0.59241,02/03/2026 21:51:26,0.59566,-0.10,0.00,32.50,6.40,6.40,32.50,-1.44,-6.70,1,Dragon Wave_AZ2,3.80,3.80hrs
02/03/2026 10:32:52,buy,0.02,GBPUSD,1.33261,02/03/2026 21:49:56,1.34293,-0.10,0.00,103.20,20.54,20.54,103.20,-1.44,-6.70,1,Dragon Wave_KZ2,11.28,11.28hrs
02/03/2026 10:31:09,buy,0.02,GBPUSD,1.33246,02/03/2026 21:34:52,1.34233,-0.10,0.00,98.70,19.64,19.66,98.80,-1.14,-5.20,1,Dragon Wave_DZ2,11.06,11.06hrs
02/03/2026 10:17:28,buy,0.02,GBPUSD,1.33430,02/03/2026 21:20:18,1.34178,-0.10,0.00,74.80,14.86,15.98,80.40,-4.82,-23.60,1,Dragon Wave_FZ2,11.05,11.05hrs
27/02/2026 17:35:42,buy,0.02,GBPCAD,1.83605,02/03/2026 19:53:23,1.83825,-0.10,0.03,22.00,3.14,4.77,33.00,-20.57,-140.20,1,Dragon Wave_NZ2,74.29,3.10days
02/03/2026 08:24:19,buy,0.05,GBPCAD,1.82840,02/03/2026 19:53:18,1.83824,-0.25,0.00,98.40,35.65,35.65,98.40,-23.53,-63.70,1,Dragon Wave_NZ3,11.48,11.48hrs
27/02/2026 15:34:37,buy,0.02,GBPCAD,1.84007,02/03/2026 19:22:36,1.83725,-0.10,0.03,-28.20,-4.19,0.00,0.00,-26.44,-180.40,1,Dragon Wave_IZ2,75.80,3.16days
02/03/2026 00:30:41,buy,0.05,GBPCAD,1.83226,02/03/2026 19:22:30,1.83726,-0.25,0.00,50.00,18.00,18.43,51.20,-37.64,-102.30,1,Dragon Wave_IZ3,18.86,18.86hrs
27/02/2026 17:17:31,buy,0.02,GBPCAD,1.83563,02/03/2026 19:17:24,1.83723,-0.10,0.03,16.00,2.26,5.38,37.20,-19.95,-136.00,1,Dragon Wave_BZ2,74.00,3.08days
02/03/2026 08:30:34,buy,0.05,GBPCAD,1.82878,02/03/2026 19:17:15,1.83713,-0.25,0.00,83.50,30.21,31.13,86.00,-24.92,-67.50,1,Dragon Wave_BZ3,10.78,10.78hrs
02/03/2026 02:06:20,sell,0.02,CHFJPY,203.57500,02/03/2026 18:42:12,201.69700,-0.10,0.00,187.80,23.76,23.76,187.80,-5.43,-41.80,1,Dragon Wave_HZ2[tp],16.60,16.60hrs
02/03/2026 15:02:35,sell,0.02,CADJPY,115.18200,02/03/2026 18:31:26,114.90100,-0.10,0.00,28.10,3.46,3.46,28.10,-0.99,-7.00,1,Dragon Wave_AZ2[tp],3.48,3.48hrs
02/03/2026 09:12:38,buy,0.13,GBPCAD,1.82606,02/03/2026 16:50:06,1.83435,-0.65,0.00,82.90,78.18,78.18,82.90,-38.94,-40.30,1,Dragon Wave_KZ4[tp],7.62,7.62hrs
27/02/2026 18:14:49,buy,0.05,GBPCAD,1.83378,02/03/2026 16:50:06,1.83435,-0.25,0.07,5.70,1.91,20.23,55.70,-43.12,-117.50,1,Dragon Wave_KZ3[tp],70.59,2.94days
27/02/2026 09:07:03,buy,0.02,GBPCAD,1.84113,02/03/2026 16:50:06,1.83435,-0.10,0.03,-67.80,-9.99,6.92,48.00,-27.99,-191.00,1,Dragon Wave_KZ2[tp],79.72,3.32days
02/03/2026 08:50:49,buy,0.13,GBPCAD,1.82777,02/03/2026 16:49:51,1.83417,-0.65,0.00,64.00,60.21,60.21,64.00,-55.19,-57.40,1,Dragon Wave_FZ4[tp],7.98,7.98hrs
27/02/2026 17:26:51,buy,0.05,GBPCAD,1.83569,02/03/2026 16:49:51,1.83417,-0.25,0.07,-15.20,-5.74,13.23,36.60,-50.10,-136.60,1,Dragon Wave_FZ3[tp],71.38,2.97days
27/02/2026 08:30:55,buy,0.02,GBPCAD,1.84159,02/03/2026 16:49:51,1.83417,-0.10,0.03,-74.20,-10.92,6.25,43.40,-28.66,-195.60,1,Dragon Wave_FZ2[tp],80.32,3.35days
02/03/2026 08:46:57,buy,0.13,GBPCAD,1.82807,02/03/2026 16:49:33,1.83381,-0.65,0.00,57.40,53.93,53.93,57.40,-58.04,-60.40,1,Dragon Wave_DZ4[tp],8.04,8.04hrs
27/02/2026 17:20:44,buy,0.05,GBPCAD,1.83602,02/03/2026 16:49:33,1.83381,-0.25,0.07,-22.10,-8.26,12.02,33.30,-51.31,-139.90,1,Dragon Wave_DZ3[tp],71.48,2.98days
26/02/2026 20:32:37,buy,0.02,GBPCAD,1.84165,02/03/2026 16:49:32,1.83381,-0.10,0.06,-78.40,-11.51,6.19,42.80,-28.72,-196.20,1,Dragon Wave_DZ2[tp],92.28,3.85days
02/03/2026 02:07:28,sell,0.02,CHFJPY,203.61800,02/03/2026 14:17:55,201.97000,-0.10,0.00,164.80,20.87,20.87,164.80,-4.88,-37.50,1,Dragon Wave_OZ2[tp],12.17,12.17hrs
02/03/2026 01:49:43,sell,0.02,CHFJPY,203.53700,02/03/2026 14:17:55,201.97000,-0.10,0.00,156.70,19.84,19.84,156.70,-5.91,-45.60,1,Dragon Wave_JZ2[tp],12.47,12.47hrs
02/03/2026 01:47:49,sell,0.02,CHFJPY,203.52600,02/03/2026 14:17:07,202.07800,-0.10,0.00,144.80,18.33,18.33,144.80,-6.05,-46.70,1,Dragon Wave_CZ2[tp],12.49,12.49hrs
27/02/2026 17:18:05,sell,0.02,CHFJPY,203.23100,02/03/2026 14:13:53,202.33600,-0.10,-0.02,89.50,11.27,11.27,89.50,-9.83,-76.20,1,Dragon Wave_LZ2,68.93,2.87days
27/02/2026 16:52:53,sell,0.02,CHFJPY,203.08300,02/03/2026 14:09:56,202.41300,-0.10,-0.02,67.00,8.41,8.41,67.00,-11.72,-91.00,1,Dragon Wave_EZ2,69.28,2.89days
02/03/2026 08:30:20,buy,0.02,GBPCHF,1.03050,02/03/2026 14:05:49,1.04054,-0.10,0.00,100.40,25.80,25.80,100.40,-1.24,-4.40,1,Dragon Wave_GZ2[tp],5.59,5.59hrs
02/03/2026 08:25:37,buy,0.02,GBPCHF,1.03031,02/03/2026 13:55:24,1.03899,-0.10,0.00,86.80,22.32,23.38,90.90,-0.75,-2.50,1,Dragon Wave_NZ2,5.50,5.50hrs
27/02/2026 18:55:47,sell,0.02,EURGBP,0.87866,02/03/2026 13:41:57,0.87476,-0.10,-0.08,39.00,10.29,10.29,39.00,-0.75,-2.40,1,Dragon Wave_LZ2,66.77,2.78days
27/02/2026 18:52:10,sell,0.02,EURGBP,0.87830,02/03/2026 13:28:57,0.87497,-0.10,-0.08,33.30,8.75,8.75,33.30,-1.71,-6.00,1,Dragon Wave_GZ2,66.61,2.78days
27/02/2026 18:50:43,sell,0.02,EURGBP,0.87833,02/03/2026 13:27:58,0.87494,-0.10,-0.08,33.90,8.92,8.92,33.90,-1.63,-5.70,1,Dragon Wave_EZ2,66.62,2.78days
02/03/2026 00:32:52,buy,0.02,GBPCHF,1.03128,02/03/2026 13:26:56,1.03842,-0.10,0.00,71.40,18.34,18.34,71.40,-3.27,-12.20,1,Dragon Wave_IZ2[tp],12.90,12.90hrs
02/03/2026 00:32:16,buy,0.02,GBPCHF,1.03117,02/03/2026 13:26:45,1.03826,-0.10,0.00,70.90,18.22,18.22,70.90,-2.98,-11.10,1,Dragon Wave_BZ2[tp],12.91,12.91hrs
27/02/2026 17:04:26,buy,0.02,GBPCHF,1.03358,02/03/2026 13:20:36,1.03794,-0.10,0.16,43.60,11.32,11.32,43.60,-9.09,-35.20,1,Dragon Wave_KZ2[tp],68.27,2.84days
27/02/2026 18:56:30,sell,0.02,EURGBP,0.87865,02/03/2026 13:16:09,0.87542,-0.10,-0.08,32.30,8.48,8.48,32.30,-0.77,-2.50,1,Dragon Wave_NZ2,66.33,2.76days
02/03/2026 07:48:02,sell,0.02,CHFJPY,203.88100,02/03/2026 13:07:35,202.85800,-0.10,0.00,102.30,12.93,12.93,102.30,-1.53,-11.20,1,Dragon Wave_FZ2,5.33,5.33hrs
02/03/2026 00:32:39,buy,0.02,GBPCHF,1.03129,02/03/2026 12:56:59,1.03628,-0.10,0.00,49.90,12.81,12.81,49.90,-3.30,-12.30,1,Dragon Wave_DZ2[tp],12.41,12.41hrs
27/02/2026 16:05:53,sell,0.02,EURGBP,0.87706,02/03/2026 12:56:17,0.87544,-0.10,-0.08,16.20,4.16,4.16,16.20,-5.05,-18.40,1,Dragon Wave_IZ2[tp],68.84,2.87days
02/03/2026 00:32:46,buy,0.05,GBPCHF,1.03130,02/03/2026 12:54:04,1.03574,-0.25,0.00,44.40,28.48,28.48,44.40,-8.30,-12.40,1,Dragon Wave_FZ3[tp],12.36,12.36hrs
27/02/2026 16:06:25,buy,0.02,GBPCHF,1.03528,02/03/2026 12:54:04,1.03574,-0.10,0.16,4.60,1.25,4.01,15.20,-13.50,-52.20,1,Dragon Wave_FZ2[tp],68.79,2.87days
27/02/2026 18:48:12,sell,0.02,EURGBP,0.87832,02/03/2026 12:54:03,0.87572,-0.10,-0.08,26.00,6.79,6.79,26.00,-1.66,-5.80,1,Dragon Wave_BZ2[tp],66.10,2.75days
27/02/2026 18:55:37,sell,0.05,EURGBP,0.87866,02/03/2026 12:53:32,0.87580,-0.25,-0.21,28.60,18.70,18.70,28.60,-1.86,-2.40,1,Dragon Wave_KZ3[tp],65.97,2.75days
27/02/2026 08:33:04,sell,0.02,EURGBP,0.87611,02/03/2026 12:53:32,0.87580,-0.10,-0.08,3.10,0.65,3.49,13.30,-7.61,-27.90,1,Dragon Wave_KZ2[tp],76.34,3.18days
26/02/2026 20:01:43,sell,0.02,EURGBP,0.87557,02/03/2026 12:40:23,0.87657,-0.10,-0.16,-10.00,-2.94,2.44,9.40,-9.14,-33.30,1,Dragon Wave_FZ2,88.64,3.69days
27/02/2026 15:38:17,sell,0.05,EURGBP,0.87710,02/03/2026 12:40:17,0.87655,-0.25,-0.21,5.50,3.23,4.18,6.90,-12.36,-18.00,1,Dragon Wave_FZ3,69.03,2.88days
02/03/2026 00:31:46,buy,0.05,GBPCHF,1.03103,02/03/2026 12:09:47,1.03348,-0.25,0.00,24.50,15.61,20.69,32.20,-6.55,-9.70,1,Dragon Wave_AZ3[tp],11.63,11.63hrs
27/02/2026 15:50:40,buy,0.02,GBPCHF,1.03588,02/03/2026 12:09:47,1.03348,-0.10,0.16,-24.00,-6.15,2.45,9.20,-15.06,-58.20,1,Dragon Wave_AZ2[tp],68.32,2.85days
27/02/2026 18:49:52,sell,0.05,EURGBP,0.87824,02/03/2026 12:09:44,0.87680,-0.25,-0.21,14.40,9.18,11.84,18.30,-4.69,-6.60,1,Dragon Wave_DZ3[tp],65.33,2.72days
27/02/2026 08:46:45,sell,0.02,EURGBP,0.87597,02/03/2026 12:09:44,0.87680,-0.10,-0.08,-8.30,-2.40,3.11,11.90,-7.98,-29.30,1,Dragon Wave_DZ2[tp],75.38,3.14days
02/03/2026 07:30:07,sell,0.02,CHFJPY,203.79900,02/03/2026 09:45:58,203.03500,-0.10,0.00,76.40,9.63,9.63,76.40,-2.57,-19.40,1,Dragon Wave_AZ2[tp],2.26,2.26hrs
27/02/2026 15:36:03,sell,0.05,EURGBP,0.87719,02/03/2026 09:43:26,0.87640,-0.25,-0.21,7.90,4.82,4.82,7.90,-11.75,-17.10,1,Dragon Wave_AZ3[tp],66.12,2.76days
26/02/2026 20:01:01,sell,0.02,EURGBP,0.87565,02/03/2026 09:43:26,0.87640,-0.10,-0.16,-7.50,-2.26,2.65,10.20,-8.93,-32.50,1,Dragon Wave_AZ2[tp],85.71,3.57days
25/02/2026 05:06:26,sell,0.02,AUDNZD,1.18661,02/03/2026 00:26:00,1.18546,-0.10,-0.54,11.50,0.73,0.85,11.50,-4.64,-34.30,1,Dragon Wave_OZ2[tp],115.33,4.81days
28/02/2026 12:00:00,buy,0.01,profit,0.00000,28/02/2026 12:00:00,0.00000,-62.90,-132.92,0.00,2777.53,0.00,0.00,0.00,0.00,0,Summary trade result 02.2026,0.00,0.00hrs
27/02/2026 07:47:12,sell,0.02,AUDNZD,1.18955,27/02/2026 23:18:37,1.18641,-0.10,0.00,31.40,3.67,3.74,32.00,-0.69,-4.90,1,Dragon Wave_HZ2,15.52,15.52hrs
20/02/2026 08:16:26,sell,0.02,AUDNZD,1.18305,27/02/2026 19:42:10,1.18643,-0.10,-0.76,-33.80,-4.91,1.85,17.20,-9.23,-69.90,1,Dragon Wave_CZ2,179.43,7.48days
27/02/2026 07:16:53,sell,0.05,AUDNZD,1.18927,27/02/2026 19:42:05,1.18644,-0.25,0.00,28.30,8.24,8.24,28.30,-2.56,-7.70,1,Dragon Wave_CZ3,12.42,12.42hrs
19/02/2026 01:00:08,sell,0.02,AUDNZD,1.18061,27/02/2026 15:26:57,1.18779,-0.10,-0.87,-71.80,-9.56,0.13,1.90,-12.27,-94.30,1,Dragon Wave_BZ2,206.45,8.60days
25/02/2026 05:00:37,sell,0.05,AUDNZD,1.18678,27/02/2026 15:26:52,1.18758,-0.25,-1.08,-8.00,-3.72,2.63,12.30,-11.09,-32.60,1,Dragon Wave_BZ3,58.44,2.43days
27/02/2026 07:45:15,sell,0.13,AUDNZD,1.18956,27/02/2026 15:26:44,1.18769,-0.65,0.00,18.70,13.90,15.45,20.70,-4.39,-4.80,1,Dragon Wave_BZ4,7.69,7.69hrs
26/02/2026 20:00:22,buy,0.02,GBPCAD,1.84288,27/02/2026 10:06:05,1.84578,-0.10,0.03,29.00,4.18,4.18,29.00,-3.71,-24.90,1,Dragon Wave_AZ2[tp],14.10,14.10hrs
26/02/2026 03:21:54,sell,0.02,AUDCAD,0.97453,26/02/2026 17:27:57,0.96924,-0.10,0.00,52.90,7.62,7.62,52.90,-1.08,-6.70,1,Dragon Wave_JZ2[tp],14.10,14.10hrs
25/02/2026 19:46:26,sell,0.02,AUDCAD,0.97436,26/02/2026 17:25:52,0.96946,-0.10,-0.34,49.00,6.71,6.71,49.00,-1.67,-8.40,1,Dragon Wave_LZ2[tp],21.66,21.66hrs
25/02/2026 11:17:55,sell,0.02,AUDJPY,111.08400,26/02/2026 17:16:20,110.50000,-0.10,-0.53,58.40,6.86,6.86,58.40,-6.46,-45.60,1,Dragon Wave_GZ2[tp],29.97,1.25days
25/02/2026 18:34:07,sell,0.02,AUDJPY,111.27300,26/02/2026 17:15:01,110.54400,-0.10,-0.53,72.90,8.72,8.72,72.90,-4.04,-26.70,1,Dragon Wave_EZ2[tp],22.68,22.68hrs
25/02/2026 23:00:42,sell,0.02,NZDJPY,93.79300,26/02/2026 17:02:25,93.19700,-0.10,-0.29,59.60,7.26,7.26,59.60,-1.56,-11.40,1,Dragon Wave_GZ2,18.03,18.03hrs
25/02/2026 18:38:13,sell,0.02,AUDJPY,111.28300,26/02/2026 17:01:56,110.66900,-0.10,-0.53,61.40,7.24,7.24,61.40,-3.92,-25.70,1,Dragon Wave_NZ2,22.40,22.40hrs
25/02/2026 18:34:43,sell,0.02,AUDCAD,0.97305,26/02/2026 17:01:24,0.97191,-0.10,-0.34,11.40,1.23,1.23,11.40,-3.59,-21.50,1,Dragon Wave_KZ2[tp],22.44,22.44hrs
25/02/2026 15:00:25,sell,0.02,AUDJPY,111.11800,26/02/2026 17:00:55,110.74200,-0.10,-0.53,37.60,4.19,4.19,37.60,-6.02,-42.20,1,Dragon Wave_BZ2,26.01,1.08days
26/02/2026 08:00:48,sell,0.05,AUDCAD,0.97469,26/02/2026 16:54:16,0.97232,-0.25,0.00,23.70,8.41,8.41,23.70,-1.42,-3.20,1,Dragon Wave_DZ3[tp],8.89,8.89hrs
25/02/2026 06:33:23,sell,0.02,AUDCAD,0.97272,26/02/2026 16:54:16,0.97232,-0.10,-0.34,4.00,0.15,4.60,32.20,-4.07,-24.80,1,Dragon Wave_DZ2[tp],34.35,1.43days
25/02/2026 11:20:17,sell,0.02,AUDJPY,111.15100,26/02/2026 16:48:11,110.83400,-0.10,-0.53,31.70,3.44,3.44,31.70,-5.60,-38.90,1,Dragon Wave_IZ2,29.46,1.23days
25/02/2026 15:06:38,sell,0.02,NZDJPY,93.61100,26/02/2026 16:45:26,93.30700,-0.10,-0.29,30.40,3.51,3.51,30.40,-4.30,-32.90,1,Dragon Wave_BZ2[tp],25.65,1.07days
25/02/2026 11:22:11,sell,0.02,AUDJPY,111.16600,26/02/2026 16:30:44,110.88100,-0.10,-0.53,28.50,3.02,3.56,28.60,-5.41,-37.40,1,Dragon Wave_KZ2[tp],29.14,1.21days
25/02/2026 06:34:19,sell,0.02,AUDCAD,0.97256,26/02/2026 16:17:16,0.97295,-0.10,-0.34,-3.90,-1.01,4.37,30.60,-4.30,-26.40,1,Dragon Wave_FZ2,33.72,1.40days
26/02/2026 03:20:57,sell,0.05,AUDCAD,0.97469,26/02/2026 16:17:09,0.97290,-0.25,0.00,17.90,6.29,7.98,22.50,-2.12,-5.10,1,Dragon Wave_FZ3,12.94,12.94hrs
25/02/2026 15:20:57,sell,0.02,AUDJPY,111.14500,26/02/2026 12:54:06,110.97400,-0.10,-0.53,17.10,1.56,2.04,20.80,-5.68,-39.50,1,Dragon Wave_DZ2,21.55,21.55hrs
25/02/2026 19:19:29,sell,0.02,NZDJPY,93.72800,26/02/2026 12:53:38,93.35300,-0.10,-0.29,37.50,4.42,4.42,37.50,-2.81,-21.20,1,Dragon Wave_IZ2,17.57,17.57hrs
25/02/2026 23:03:08,sell,0.02,NZDJPY,93.78100,26/02/2026 11:08:07,93.39800,-0.10,-0.29,38.30,4.52,4.55,38.50,-1.71,-12.60,1,Dragon Wave_KZ2,12.08,12.08hrs
25/02/2026 18:30:32,sell,0.02,CHFJPY,202.43100,26/02/2026 11:06:05,201.60000,-0.10,-0.06,83.10,10.50,10.50,83.10,-1.07,-7.60,1,Dragon Wave_BZ2[tp],16.59,16.59hrs
25/02/2026 15:16:37,sell,0.02,GBPJPY,212.01300,26/02/2026 10:56:12,210.87900,-0.10,-1.38,113.40,13.07,13.07,113.40,-2.41,-12.40,1,Dragon Wave_BZ2[tp],19.66,19.66hrs
25/02/2026 11:02:16,sell,0.02,NZDJPY,93.40900,26/02/2026 10:50:00,93.38200,-0.10,-0.29,2.70,-0.05,0.00,2.70,-6.88,-53.10,1,Dragon Wave_AZ2[tp],23.80,23.80hrs
25/02/2026 19:46:13,sell,0.02,NZDJPY,93.75600,26/02/2026 10:40:17,93.40900,-0.10,-0.29,34.70,4.05,4.05,34.70,-2.45,-18.40,1,Dragon Wave_DZ2[tp],14.90,14.90hrs
25/02/2026 16:20:03,sell,0.02,AUDJPY,111.15000,26/02/2026 10:38:37,110.97800,-0.10,-0.53,17.20,1.58,1.66,17.20,-5.62,-39.00,1,Dragon Wave_FZ2,18.31,18.31hrs
25/02/2026 06:31:24,sell,0.02,AUDCAD,0.97274,26/02/2026 10:37:25,0.97244,-0.10,-0.34,0.00,0.00,4.63,32.40,-4.04,-24.60,1,Dragon Wave_AZ2[tp],28.10,1.17days
25/02/2026 19:46:33,sell,0.02,NZDJPY,93.75400,26/02/2026 10:13:46,93.49200,-0.10,-0.29,26.20,2.97,2.97,26.20,-2.48,-18.60,1,Dragon Wave_FZ2,14.45,14.45hrs
26/02/2026 03:21:52,sell,0.02,AUDUSD,0.71329,26/02/2026 10:03:11,0.71170,-0.10,0.00,15.90,3.08,3.36,17.30,-0.96,-4.30,1,Dragon Wave_AZ2[tp],6.69,6.69hrs
25/02/2026 11:23:11,sell,0.02,GBPJPY,211.68000,26/02/2026 07:04:51,211.35200,-0.10,-1.38,32.80,2.72,3.71,34.40,-6.67,-45.70,1,Dragon Wave_FZ2,19.69,19.69hrs
25/02/2026 14:50:06,sell,0.02,CHFJPY,202.32200,26/02/2026 07:03:25,201.86200,-0.10,-0.06,46.00,5.74,5.74,46.00,-2.49,-18.70,1,Dragon Wave_DZ2[tp],16.22,16.22hrs
25/02/2026 15:19:19,sell,0.02,AUDJPY,111.16000,26/02/2026 07:00:06,111.07900,-0.10,-0.53,8.10,0.41,1.79,14.80,-5.49,-38.00,1,Dragon Wave_AZ2[tp],15.68,15.68hrs
25/02/2026 11:20:43,sell,0.02,CHFJPY,202.30600,26/02/2026 05:20:27,201.92600,-0.10,-0.06,38.00,4.72,4.72,38.00,-2.70,-20.30,1,Dragon Wave_FZ2,18.00,18.00hrs
25/02/2026 11:00:19,sell,0.02,CHFJPY,201.97900,26/02/2026 05:18:51,201.93600,-0.10,-0.06,4.30,0.40,0.40,4.30,-6.88,-53.00,1,Dragon Wave_AZ2,18.31,18.31hrs
25/02/2026 06:00:47,sell,0.02,AUDNZD,1.18842,26/02/2026 01:32:05,1.18687,-0.10,-0.32,11.80,1.00,2.05,18.00,-1.31,-10.10,1,Dragon Wave_AZ2,19.52,19.52hrs
20/02/2026 02:48:59,sell,0.02,AUDNZD,1.18286,24/02/2026 16:25:05,1.18248,-0.10,-0.22,3.80,0.13,1.75,15.50,-4.18,-34.10,1,Dragon Wave_JZ2,109.60,4.57days
20/02/2026 09:49:18,sell,0.02,AUDNZD,1.18428,24/02/2026 13:18:03,1.18288,-0.10,-0.22,14.00,1.35,3.32,29.50,-2.48,-19.90,1,Dragon Wave_LZ2,99.48,4.14days
20/02/2026 09:47:02,sell,0.02,AUDNZD,1.18419,23/02/2026 06:02:43,1.18143,-0.10,-0.11,27.60,3.10,3.10,27.60,-2.59,-20.80,1,Dragon Wave_EZ2,68.26,2.84days
20/02/2026 09:47:35,sell,0.02,AUDNZD,1.18423,23/02/2026 04:23:22,1.18190,-0.10,-0.11,23.30,2.58,2.82,25.30,-2.54,-20.40,1,Dragon Wave_GZ2,66.60,2.77days
19/02/2026 04:02:14,sell,0.02,AUDNZD,1.18259,23/02/2026 03:27:23,1.18212,-0.10,-0.22,4.70,0.24,2.49,21.70,-4.61,-36.80,1,Dragon Wave_NZ2,95.42,3.98days
20/02/2026 09:48:16,sell,0.05,AUDNZD,1.18443,23/02/2026 02:36:39,1.18312,-0.25,-0.27,13.10,3.41,3.80,14.40,-5.75,-18.40,1,Dragon Wave_IZ3,64.81,2.70days
18/02/2026 17:16:55,sell,0.02,AUDNZD,1.18027,23/02/2026 02:36:39,1.18311,-0.10,-0.54,-28.40,-4.05,0.43,4.40,-7.70,-60.00,1,Dragon Wave_IZ2,105.33,4.39days
20/02/2026 10:49:50,sell,0.05,AUDNZD,1.18499,23/02/2026 02:32:00,1.18300,-0.25,-0.27,19.90,5.45,5.45,19.90,-4.08,-12.80,1,Dragon Wave_KZ3[tp],63.70,2.65days
18/02/2026 17:19:25,sell,0.02,AUDNZD,1.18018,23/02/2026 02:32:00,1.18300,-0.10,-0.54,-28.20,-4.02,0.32,3.50,-7.81,-60.90,1,Dragon Wave_KZ2[tp],105.21,4.38days
20/02/2026 10:49:09,sell,0.05,AUDNZD,1.18499,23/02/2026 02:31:42,1.18310,-0.25,-0.27,18.90,5.16,5.16,18.90,-4.08,-12.80,1,Dragon Wave_FZ3[tp],63.71,2.65days
18/02/2026 17:11:56,sell,0.02,AUDNZD,1.18030,23/02/2026 02:31:42,1.18310,-0.10,-0.54,-28.00,-4.00,0.46,4.70,-7.67,-59.70,1,Dragon Wave_FZ2[tp],105.33,4.39days
20/02/2026 11:03:10,sell,0.05,AUDNZD,1.18493,23/02/2026 02:31:05,1.18319,-0.25,-0.27,17.40,4.70,4.70,17.40,-4.26,-13.40,1,Dragon Wave_DZ3[tp],63.47,2.64days
18/02/2026 17:08:56,sell,0.02,AUDNZD,1.18036,23/02/2026 02:31:05,1.18319,-0.10,-0.54,-28.30,-4.03,0.53,5.30,-7.60,-59.10,1,Dragon Wave_DZ2[tp],105.37,4.39days
20/02/2026 19:05:41,sell,0.05,AUDNZD,1.18534,23/02/2026 02:30:52,1.18332,-0.25,-0.27,20.20,5.54,5.54,20.20,-3.03,-9.30,1,Dragon Wave_AZ3[tp],55.42,2.31days
18/02/2026 16:49:23,sell,0.02,AUDNZD,1.17951,23/02/2026 02:30:52,1.18332,-0.10,-0.54,-38.10,-5.21,0.00,0.00,-8.61,-67.60,1,Dragon Wave_AZ2[tp],105.69,4.40days
20/02/2026 04:22:38,buy,0.02,NZDCAD,0.81421,23/02/2026 01:24:09,0.81804,-0.10,-0.04,38.30,5.46,5.46,38.30,-1.00,-6.20,1,Dragon Wave_LZ2,69.03,2.88days
20/02/2026 10:45:18,sell,0.02,USDJPY,155.54800,20/02/2026 17:15:47,154.84100,-0.10,0.00,70.70,9.03,9.03,70.70,-0.86,-5.90,1,Dragon Wave_GZ2[tp],6.51,6.51hrs
19/02/2026 04:01:29,sell,0.02,USDJPY,154.97700,20/02/2026 17:13:32,154.89900,-0.10,-0.43,7.80,0.48,5.43,42.70,-8.63,-63.00,1,Dragon Wave_FZ2[tp],37.20,1.55days
20/02/2026 10:07:27,sell,0.02,USDJPY,155.47100,20/02/2026 17:13:31,154.90500,-0.10,0.00,56.60,7.21,7.21,56.60,-1.85,-13.60,1,Dragon Wave_NZ2[tp],7.10,7.10hrs
20/02/2026 11:04:58,sell,0.02,USDJPY,155.62700,20/02/2026 17:13:15,154.94900,-0.10,0.00,67.80,8.65,8.65,67.80,0.00,0.00,1,Dragon Wave_EZ2[tp],6.14,6.14hrs
19/02/2026 06:02:49,sell,0.02,USDJPY,155.19400,20/02/2026 17:12:41,155.03800,-0.10,-0.43,15.60,1.48,8.23,64.40,-5.84,-41.30,1,Dragon Wave_IZ2[tp],35.16,1.47days
20/02/2026 10:01:16,sell,0.02,USDJPY,155.44800,20/02/2026 17:12:28,155.08300,-0.10,0.00,36.50,4.61,4.61,36.50,-2.14,-15.90,1,Dragon Wave_BZ2[tp],7.19,7.19hrs
19/02/2026 06:02:51,sell,0.02,USDJPY,155.19400,20/02/2026 17:12:28,155.08300,-0.10,-0.43,11.10,0.90,8.23,64.40,-5.84,-41.30,1,Dragon Wave_KZ2[tp],35.16,1.47days
20/02/2026 04:35:27,buy,0.02,NZDUSD,0.59426,20/02/2026 17:01:49,0.59806,-0.10,0.00,38.00,7.50,7.50,38.00,-1.00,-4.50,1,Dragon Wave_LZ2[tp],12.44,12.44hrs
20/02/2026 03:50:39,buy,0.02,NZDCAD,0.81470,20/02/2026 17:01:49,0.81780,-0.10,0.00,31.00,4.44,4.44,31.00,-1.72,-11.10,1,Dragon Wave_GZ2[tp],13.19,13.19hrs
19/02/2026 16:17:58,buy,0.02,GBPUSD,1.34413,20/02/2026 17:01:42,1.35000,-0.10,-0.04,58.70,11.60,11.60,58.70,-1.32,-5.90,1,Dragon Wave_GZ2[tp],24.73,1.03days
20/02/2026 04:15:41,buy,0.02,NZDUSD,0.59476,20/02/2026 17:01:39,0.59752,-0.10,0.00,27.60,5.42,5.42,27.60,-2.00,-9.50,1,Dragon Wave_GZ2[tp],12.77,12.77hrs
20/02/2026 03:53:50,buy,0.02,NZDCAD,0.81500,20/02/2026 17:01:37,0.81751,-0.10,0.00,25.10,3.57,3.57,25.10,-2.16,-14.10,1,Dragon Wave_NZ2[tp],13.13,13.13hrs
20/02/2026 03:50:16,buy,0.02,NZDCAD,0.81462,20/02/2026 17:01:37,0.81751,-0.10,0.00,28.90,4.12,4.12,28.90,-1.60,-10.30,1,Dragon Wave_EZ2[tp],13.19,13.19hrs
19/02/2026 16:18:15,buy,0.02,NZDUSD,0.59544,20/02/2026 17:01:35,0.59718,-0.10,-0.07,17.40,3.31,4.58,23.40,-3.43,-16.30,1,Dragon Wave_NZ2[tp],24.72,1.03days
20/02/2026 04:33:44,buy,0.02,NZDUSD,0.59438,20/02/2026 17:01:31,0.59710,-0.10,0.00,27.20,5.34,5.34,27.20,-1.24,-5.70,1,Dragon Wave_EZ2[tp],12.46,12.46hrs
19/02/2026 15:03:23,buy,0.02,NZDCAD,0.81656,20/02/2026 17:01:23,0.81722,-0.10,-0.04,6.60,0.82,1.64,11.90,-4.48,-29.70,1,Dragon Wave_IZ2[tp],25.97,1.08days
20/02/2026 04:15:33,buy,0.02,NZDCAD,0.81480,20/02/2026 17:01:22,0.81712,-0.10,0.00,23.20,3.29,3.29,23.20,-1.87,-12.10,1,Dragon Wave_BZ2[tp],12.76,12.76hrs
19/02/2026 16:56:43,buy,0.02,NZDUSD,0.59544,20/02/2026 17:01:14,0.59681,-0.10,-0.07,13.70,2.57,4.58,23.40,-3.43,-16.30,1,Dragon Wave_IZ2[tp],24.08,1.00days
19/02/2026 16:42:24,buy,0.02,NZDUSD,0.59494,20/02/2026 17:01:14,0.59676,-0.10,-0.07,18.20,3.47,5.58,28.40,-2.43,-11.30,1,Dragon Wave_BZ2[tp],24.31,1.01days
18/02/2026 21:46:53,buy,0.02,NZDUSD,0.59644,20/02/2026 17:01:14,0.59676,-0.10,-0.29,3.20,0.25,4.80,25.60,-5.65,-26.30,1,Dragon Wave_KZ2[tp],43.24,1.80days
20/02/2026 05:34:28,buy,0.05,NZDCAD,0.81406,20/02/2026 16:43:35,0.81618,-0.25,0.00,21.20,7.49,7.49,21.20,-0.94,-1.90,1,Dragon Wave_KZ3[tp],11.15,11.15hrs
18/02/2026 21:39:03,buy,0.02,NZDCAD,0.81699,20/02/2026 16:43:35,0.81618,-0.10,-0.15,-8.10,-1.43,3.15,23.00,-5.21,-34.00,1,Dragon Wave_KZ2[tp],43.08,1.79days
19/02/2026 16:31:46,buy,0.02,GBPUSD,1.34423,20/02/2026 15:30:07,1.34970,-0.10,-0.04,54.70,10.80,10.80,54.70,-1.52,-6.90,1,Dragon Wave_NZ2[tp],22.97,22.97hrs
19/02/2026 12:46:46,buy,0.02,GBPCAD,1.84558,20/02/2026 15:21:58,1.84598,-0.10,0.03,4.00,0.51,0.51,4.00,-8.81,-59.60,1,Dragon Wave_IZ2,26.59,1.11days
19/02/2026 13:32:04,buy,0.02,GBPUSD,1.34720,20/02/2026 15:08:12,1.34804,-0.10,-0.04,8.40,1.54,1.70,9.20,-7.46,-36.60,1,Dragon Wave_IZ2,25.60,1.07days
19/02/2026 16:17:37,buy,0.02,GBPUSD,1.34412,20/02/2026 11:30:41,1.34781,-0.10,-0.04,36.90,7.24,7.24,36.90,-1.30,-5.80,1,Dragon Wave_BZ2[tp],19.22,19.22hrs
19/02/2026 13:32:10,buy,0.02,GBPUSD,1.34710,20/02/2026 11:30:41,1.34778,-0.10,-0.04,6.80,1.22,1.22,6.80,-7.26,-35.60,1,Dragon Wave_KZ2[tp],21.98,21.98hrs
19/02/2026 18:19:59,buy,0.02,GBPCAD,1.83994,20/02/2026 11:30:01,1.84306,-0.10,0.03,31.20,4.49,5.38,37.50,-0.51,-3.00,1,Dragon Wave_AZ2[tp],17.17,17.17hrs
19/02/2026 18:55:27,sell,0.02,EURGBP,0.87498,20/02/2026 09:00:00,0.87356,-0.10,-0.08,14.20,3.64,3.64,14.20,-0.05,0.00,1,Dragon Wave_BZ2[tp],14.08,14.08hrs
19/02/2026 06:01:49,sell,0.02,USDJPY,155.15200,20/02/2026 02:52:29,154.90800,-0.10,-0.43,24.40,2.62,7.69,60.20,-2.12,-15.70,1,Dragon Wave_DZ2[tp],20.84,20.84hrs
19/02/2026 15:04:14,buy,0.02,NZDUSD,0.59608,20/02/2026 01:04:47,0.59742,-0.10,-0.07,13.40,2.51,3.30,17.00,-2.76,-13.30,1,Dragon Wave_FZ2,10.01,10.01hrs
19/02/2026 02:45:24,buy,0.02,NZDUSD,0.59601,19/02/2026 17:47:22,0.59795,-0.10,0.00,19.40,3.78,5.88,29.90,-2.62,-12.60,1,Dragon Wave_DZ2[tp],15.03,15.03hrs
18/02/2026 21:46:35,buy,0.02,NZDCAD,0.81681,19/02/2026 17:36:11,0.81737,-0.10,-0.11,5.60,0.61,3.42,24.80,-2.30,-14.30,1,Dragon Wave_DZ2[tp],19.83,19.83hrs
19/02/2026 03:45:05,sell,0.02,USDJPY,154.92000,19/02/2026 13:52:09,154.58500,-0.10,0.00,33.50,4.23,4.23,33.50,-5.11,-38.90,1,Dragon Wave_AZ2[tp],10.12,10.12hrs
19/02/2026 04:01:00,sell,0.02,AUDJPY,109.52700,19/02/2026 13:18:09,109.07700,-0.10,0.00,45.00,5.72,5.86,46.10,-2.92,-21.90,1,Dragon Wave_FZ2,9.29,9.29hrs
19/02/2026 04:00:22,sell,0.02,AUDJPY,109.48300,19/02/2026 11:46:50,109.29800,-0.10,0.00,18.50,2.29,2.29,18.50,-3.49,-26.30,1,Dragon Wave_AZ2[tp],7.77,7.77hrs
18/02/2026 21:50:32,buy,0.02,NZDCAD,0.81694,19/02/2026 09:47:00,0.81878,-0.10,-0.11,18.40,2.48,2.48,18.40,-1.83,-11.10,1,Dragon Wave_FZ2,11.94,11.94hrs
18/02/2026 20:31:53,buy,0.02,NZDUSD,0.59771,19/02/2026 09:38:58,0.59851,-0.10,-0.22,8.00,1.28,1.28,8.00,-3.80,-17.40,1,Dragon Wave_AZ2[tp],13.12,13.12hrs
18/02/2026 21:16:40,buy,0.02,NZDCAD,0.81768,19/02/2026 09:01:37,0.81845,-0.10,-0.11,7.70,0.92,0.94,7.90,-2.91,-18.50,1,Dragon Wave_AZ2,11.75,11.75hrs
17/02/2026 09:35:27,buy,0.02,GBPJPY,207.44800,19/02/2026 04:02:21,209.15100,-0.10,-0.04,170.30,21.84,22.24,172.50,-2.50,-18.40,1,Dragon Wave_MZ2,42.45,1.77days
11/02/2026 19:08:49,buy,0.02,GBPJPY,208.80500,18/02/2026 16:33:06,208.93200,-0.10,-0.06,12.70,1.49,10.82,84.20,-20.28,-154.10,1,Dragon Wave_HZ2[tp],165.40,6.89days
11/02/2026 07:33:24,buy,0.02,GBPJPY,209.29200,18/02/2026 12:03:43,208.71500,-0.10,-0.06,-57.70,-7.67,14.82,115.30,-26.64,-202.80,1,Dragon Wave_OZ2,172.51,7.19days
12/02/2026 05:19:29,buy,0.05,GBPJPY,207.71400,18/02/2026 12:03:42,208.71600,-0.25,-0.03,100.20,32.31,62.66,193.30,-14.96,-45.00,1,Dragon Wave_OZ3,150.74,6.28days
17/02/2026 09:07:32,buy,0.02,CADJPY,112.04700,18/02/2026 11:49:20,112.59600,-0.10,-0.06,54.90,6.98,6.98,54.90,-1.45,-10.30,1,Dragon Wave_OZ2,26.70,1.11days
17/02/2026 18:08:38,sell,0.02,EURGBP,0.87441,18/02/2026 11:03:24,0.87203,-0.10,-0.08,23.80,6.28,6.42,24.30,-0.56,-1.70,1,Dragon Wave_KZ2,16.91,16.91hrs
17/02/2026 18:05:16,sell,0.02,EURGBP,0.87473,18/02/2026 11:02:45,0.87207,-0.10,-0.08,26.60,7.04,7.15,27.00,0.00,0.00,1,Dragon Wave_IZ2,16.96,16.96hrs
17/02/2026 15:57:11,sell,0.02,EURGBP,0.87381,18/02/2026 09:47:41,0.87293,-0.10,-0.08,8.80,2.21,2.42,9.60,-2.80,-10.00,1,Dragon Wave_FZ2,17.84,17.84hrs
17/02/2026 18:20:45,buy,0.02,GBPCAD,1.84677,18/02/2026 09:00:20,1.85315,-0.10,0.03,63.80,9.28,9.28,63.80,-0.31,-1.40,1,Dragon Wave_KZ2[tp],14.66,14.66hrs
17/02/2026 16:11:17,buy,0.02,GBPCAD,1.84855,18/02/2026 09:00:20,1.85315,-0.10,0.03,46.00,6.67,6.67,46.00,-2.91,-19.20,1,Dragon Wave_FZ2[tp],16.82,16.82hrs
17/02/2026 17:57:58,sell,0.02,EURGBP,0.87489,18/02/2026 09:00:10,0.87300,-0.10,-0.08,18.90,4.95,4.95,18.90,0.00,0.00,1,Dragon Wave_AZ2[tp],15.04,15.04hrs
12/02/2026 05:19:18,buy,0.02,EURJPY,180.98700,18/02/2026 04:18:43,181.95000,-0.10,-0.33,96.30,12.11,19.69,152.10,-1.87,-13.50,1,Dragon Wave_OZ2,142.99,5.96days
12/02/2026 05:01:31,buy,0.02,CADJPY,112.39900,18/02/2026 04:16:24,112.54600,-0.10,-0.18,14.70,1.63,10.75,83.40,-8.24,-62.00,1,Dragon Wave_CZ2,143.25,5.97days
12/02/2026 04:16:35,buy,0.02,EURJPY,181.39800,18/02/2026 03:48:41,181.74200,-0.10,-0.33,34.40,4.05,14.34,111.00,-7.27,-54.60,1,Dragon Wave_CZ2,143.53,5.98days
17/02/2026 09:19:43,buy,0.05,CADJPY,112.00100,17/02/2026 17:48:02,112.48800,-0.25,0.00,48.70,15.58,15.58,48.70,-2.12,-5.70,1,Dragon Wave_LZ3[tp],8.47,8.47hrs
11/02/2026 18:17:22,buy,0.02,CADJPY,112.89400,17/02/2026 17:48:02,112.48800,-0.10,-0.36,-40.60,-5.73,4.07,33.90,-14.97,-111.50,1,Dragon Wave_LZ2[tp],143.51,5.98days
11/02/2026 19:18:38,buy,0.02,CADJPY,112.70900,16/02/2026 12:48:01,112.84200,-0.10,-0.30,13.30,1.33,6.48,52.40,-12.55,-93.00,1,Dragon Wave_JZ2,113.49,4.73days
11/02/2026 17:10:23,buy,0.02,CADJPY,112.81200,16/02/2026 12:44:21,112.87700,-0.10,-0.30,6.50,0.45,5.14,42.10,-13.90,-103.30,1,Dragon Wave_EZ2[tp],115.57,4.82days
12/02/2026 20:18:43,buy,0.02,NZDJPY,92.12800,16/02/2026 12:19:06,92.80800,-0.10,0.02,68.00,8.78,8.87,68.70,-2.65,-19.60,1,Dragon Wave_CZ2,88.01,3.67days
11/02/2026 19:12:43,buy,0.02,EURJPY,181.75600,16/02/2026 12:06:58,182.20800,-0.10,-0.54,45.20,5.24,9.26,75.20,-12.40,-90.40,1,Dragon Wave_JZ2,112.90,4.70days
11/02/2026 19:32:46,buy,0.02,USDJPY,152.58400,16/02/2026 12:06:26,153.58400,-0.10,0.06,100.00,12.98,14.46,111.50,-3.92,-29.50,1,Dragon Wave_CZ2,112.56,4.69days
11/02/2026 08:03:41,buy,0.02,EURJPY,182.30600,16/02/2026 11:35:10,182.08000,-0.10,-0.54,-22.60,-3.59,8.60,67.20,-19.61,-145.40,1,Dragon Wave_LZ2,123.52,5.15days
12/02/2026 05:06:49,buy,0.05,EURJPY,181.12700,16/02/2026 11:35:09,182.08000,-0.25,-0.26,95.30,30.54,44.68,138.10,-9.27,-27.50,1,Dragon Wave_LZ3,102.47,4.27days
11/02/2026 07:01:19,buy,0.02,GBPJPY,209.46300,16/02/2026 11:34:54,209.59400,-0.10,-0.04,13.10,1.57,12.61,98.20,-24.46,-185.40,1,Dragon Wave_CZ2,124.56,5.19days
12/02/2026 05:06:11,buy,0.05,GBPJPY,207.81000,16/02/2026 11:34:53,209.58900,-0.25,-0.01,177.90,57.70,57.70,177.90,-6.84,-20.10,1,Dragon Wave_CZ3,102.48,4.27days
11/02/2026 07:30:42,buy,0.02,USDJPY,153.14700,16/02/2026 11:34:52,153.48800,-0.10,0.06,34.10,4.40,18.18,141.30,-11.32,-85.80,1,Dragon Wave_JZ2,124.07,5.17days
11/02/2026 08:02:42,buy,0.02,CADJPY,113.12700,16/02/2026 11:33:46,112.73900,-0.10,-0.30,-38.80,-5.46,7.17,56.20,-18.03,-134.80,1,Dragon Wave_GZ2,123.52,5.15days
12/02/2026 04:45:16,buy,0.05,CADJPY,112.52500,16/02/2026 11:33:44,112.74000,-0.25,-0.16,21.50,6.59,22.78,70.80,-24.73,-74.60,1,Dragon Wave_GZ3,102.81,4.28days
12/02/2026 05:00:45,buy,0.02,NZDJPY,92.34900,16/02/2026 11:05:50,92.71200,-0.10,0.02,36.30,4.65,10.86,84.20,-5.54,-41.70,1,Dragon Wave_JZ2,102.08,4.25days
11/02/2026 06:33:42,buy,0.02,GBPJPY,209.60600,16/02/2026 10:05:36,209.34700,-0.10,-0.04,-25.90,-3.52,10.76,83.90,-26.34,-199.70,1,Dragon Wave_JZ2,123.53,5.15days
12/02/2026 05:08:14,buy,0.05,GBPJPY,207.83100,16/02/2026 10:05:34,209.35400,-0.25,-0.01,152.30,49.43,54.76,169.10,-7.53,-22.20,1,Dragon Wave_JZ3,100.96,4.21days
11/02/2026 06:48:05,buy,0.02,EURJPY,182.71100,16/02/2026 10:02:27,181.95200,-0.10,-0.54,-75.90,-10.54,3.36,26.70,-24.93,-185.90,1,Dragon Wave_GZ2,123.24,5.13days
11/02/2026 20:33:20,buy,0.05,EURJPY,181.57400,16/02/2026 10:02:26,181.95200,-0.25,-1.34,37.80,10.74,29.05,93.40,-25.02,-72.20,1,Dragon Wave_GZ3,109.48,4.56days
11/02/2026 19:32:54,buy,0.02,NZDJPY,92.49700,16/02/2026 09:49:20,92.61800,-0.10,0.09,12.10,1.57,9.00,69.40,-7.41,-56.50,1,Dragon Wave_LZ2,110.27,4.59days
11/02/2026 07:15:29,buy,0.02,EURJPY,182.52700,16/02/2026 09:19:35,181.90900,-0.10,-0.54,-61.80,-8.70,5.74,45.10,-22.51,-167.50,1,Dragon Wave_EZ2,122.07,5.09days
11/02/2026 19:32:57,buy,0.05,EURJPY,181.44800,16/02/2026 09:19:34,181.89300,-0.25,-1.34,44.50,12.92,33.15,106.00,-20.88,-59.60,1,Dragon Wave_EZ3,109.78,4.57days
11/02/2026 05:04:54,buy,0.02,GBPJPY,209.85900,16/02/2026 09:19:29,209.14300,-0.10,-0.04,-71.60,-9.48,7.48,58.60,-29.66,-225.00,1,Dragon Wave_LZ2,124.24,5.18days
12/02/2026 04:37:11,buy,0.05,GBPJPY,208.14200,16/02/2026 09:19:28,209.14700,-0.25,-0.01,100.50,32.51,44.64,138.00,-17.74,-53.30,1,Dragon Wave_LZ3,100.70,4.20days
11/02/2026 04:20:58,buy,0.02,USDJPY,153.88800,16/02/2026 09:19:15,153.32900,-0.10,0.06,-55.90,-7.33,8.60,67.20,-21.05,-159.90,1,Dragon Wave_LZ2,124.97,5.21days
12/02/2026 05:02:52,buy,0.05,USDJPY,152.45700,16/02/2026 09:19:14,153.33000,-0.25,0.03,87.30,28.25,40.15,124.20,-5.77,-16.80,1,Dragon Wave_LZ3,100.27,4.18days
12/02/2026 04:15:33,buy,0.02,NZDJPY,92.51300,16/02/2026 09:17:11,92.53000,-0.10,0.02,1.70,0.14,8.72,67.80,-7.69,-58.10,1,Dragon Wave_EZ2,101.03,4.21days
11/02/2026 17:42:49,buy,0.02,CHFJPY,198.71100,16/02/2026 07:32:25,199.35800,-0.10,-0.70,64.70,7.65,15.84,126.60,-14.71,-107.00,1,Dragon Wave_LZ2,109.83,4.58days
12/02/2026 05:07:42,buy,0.05,GBPJPY,207.85600,16/02/2026 06:48:24,208.90800,-0.25,-0.01,105.20,34.08,53.95,166.60,-8.35,-24.70,1,Dragon Wave_EZ3,97.68,4.07days
11/02/2026 05:01:42,buy,0.02,GBPJPY,209.86200,16/02/2026 06:48:24,208.90600,-0.10,-0.04,-95.60,-12.62,7.44,58.30,-29.70,-225.30,1,Dragon Wave_EZ2,121.78,5.07days
11/02/2026 03:49:57,sell,0.02,AUDNZD,1.17286,13/02/2026 12:51:25,1.17062,-0.10,-0.43,22.40,2.17,2.17,22.40,-8.85,-68.70,1,Dragon Wave_MZ2,57.02,2.38days
11/02/2026 17:19:51,buy,0.02,CHFJPY,198.55200,13/02/2026 11:31:53,199.59600,-0.10,-0.56,104.40,12.94,17.91,142.50,-12.62,-91.10,1,Dragon Wave_EZ2,42.20,1.76days
11/02/2026 17:34:21,buy,0.02,CHFJPY,198.65100,13/02/2026 10:52:15,199.41800,-0.10,-0.56,76.70,9.33,16.62,132.60,-13.92,-101.00,1,Dragon Wave_GZ2,41.30,1.72days
12/02/2026 05:07:59,buy,0.05,GBPJPY,207.84600,13/02/2026 10:50:31,209.28800,-0.25,0.00,144.20,46.69,54.27,167.60,-8.03,-23.70,1,Dragon Wave_GZ3,29.71,1.24days
11/02/2026 06:33:25,buy,0.02,GBPJPY,209.62200,13/02/2026 10:50:31,209.29100,-0.10,-0.03,-33.10,-4.44,10.55,82.30,-26.55,-201.30,1,Dragon Wave_GZ2,52.28,2.18days
11/02/2026 19:39:28,buy,0.05,EURJPY,181.57200,13/02/2026 10:47:04,182.22000,-0.25,-1.08,64.80,19.76,29.12,93.60,-24.95,-72.00,1,Dragon Wave_NZ3[tp],39.13,1.63days
11/02/2026 06:34:30,buy,0.02,EURJPY,182.72200,13/02/2026 10:47:04,182.22000,-0.10,-0.43,-50.20,-7.06,3.21,25.60,-25.07,-187.00,1,Dragon Wave_NZ2[tp],52.21,2.18days
11/02/2026 19:00:36,buy,0.05,GBPJPY,208.76100,13/02/2026 10:46:51,209.30500,-0.25,-0.07,54.40,17.38,24.44,76.10,-38.12,-115.20,1,Dragon Wave_BZ3[tp],39.77,1.66days
11/02/2026 02:31:31,buy,0.02,GBPJPY,210.33100,13/02/2026 10:46:51,209.30500,-0.10,-0.03,-102.60,-13.49,1.38,11.40,-35.86,-272.20,1,Dragon Wave_BZ2[tp],56.26,2.34days
12/02/2026 05:02:38,buy,0.05,CADJPY,112.37700,13/02/2026 10:46:07,112.90500,-0.25,0.00,52.80,16.94,27.60,85.60,-19.87,-59.80,1,Dragon Wave_NZ3[tp],29.72,1.24days
11/02/2026 08:04:40,buy,0.02,CADJPY,113.10900,13/02/2026 10:46:07,112.90500,-0.10,-0.24,-20.40,-3.00,7.40,58.00,-17.80,-133.00,1,Dragon Wave_NZ2[tp],50.69,2.11days
11/02/2026 19:03:55,buy,0.05,EURJPY,181.74800,13/02/2026 10:45:12,182.18500,-0.25,-1.08,43.70,12.89,23.39,76.00,-30.73,-89.60,1,Dragon Wave_BZ3[tp],39.69,1.65days
11/02/2026 05:15:21,buy,0.02,EURJPY,182.95400,13/02/2026 10:45:12,182.18500,-0.10,-0.43,-76.90,-10.54,0.67,5.90,-28.12,-210.20,1,Dragon Wave_BZ2[tp],53.50,2.23days
11/02/2026 18:51:41,buy,0.02,CHFJPY,198.77100,13/02/2026 10:09:23,199.25400,-0.10,-0.56,48.30,5.64,15.06,120.60,-15.50,-113.00,1,Dragon Wave_NZ2,39.30,1.64days
11/02/2026 19:38:30,buy,0.05,GBPJPY,208.59500,13/02/2026 10:05:06,209.14900,-0.25,-0.07,55.40,17.72,29.84,92.70,-32.67,-98.60,1,Dragon Wave_NZ3[tp],38.44,1.60days
11/02/2026 03:05:40,buy,0.02,GBPJPY,210.12300,13/02/2026 10:05:06,209.14900,-0.10,-0.03,-97.40,-12.81,4.07,32.20,-33.12,-251.40,1,Dragon Wave_NZ2[tp],54.99,2.29days
11/02/2026 03:48:37,sell,0.02,AUDNZD,1.17303,13/02/2026 08:35:39,1.17188,-0.10,-0.43,11.50,0.86,0.86,11.50,-8.65,-67.00,1,Dragon Wave_HZ2,52.78,2.20days
11/02/2026 04:35:48,sell,0.02,AUDNZD,1.17499,13/02/2026 08:35:37,1.17196,-0.10,-0.43,30.30,3.12,3.12,30.30,-6.27,-47.40,1,Dragon Wave_OZ2[tp],52.00,2.17days
11/02/2026 04:30:36,sell,0.02,AUDNZD,1.17426,13/02/2026 08:34:05,1.17287,-0.10,-0.43,13.90,1.15,1.67,14.60,-7.16,-54.70,1,Dragon Wave_CZ2,52.06,2.17days
09/02/2026 10:53:13,sell,0.02,AUDNZD,1.17050,13/02/2026 07:36:30,1.17341,-0.10,-0.65,-29.10,-4.26,2.61,22.50,-11.93,-92.30,1,Dragon Wave_JZ2,92.72,3.86days
11/02/2026 19:34:51,sell,0.05,AUDNZD,1.17752,13/02/2026 07:36:29,1.17341,-0.25,-1.06,41.10,11.08,12.47,45.40,-8.00,-22.10,1,Dragon Wave_JZ3,36.03,1.50days
12/02/2026 02:18:12,buy,0.02,GBPAUD,1.91128,13/02/2026 07:16:51,1.92248,-0.10,0.00,112.00,15.76,16.04,114.00,-4.54,-31.10,1,Dragon Wave_JZ2,28.98,1.21days
09/02/2026 10:55:23,sell,0.02,AUDNZD,1.17109,13/02/2026 05:33:19,1.17430,-0.10,-0.65,-32.10,-4.62,3.33,28.40,-11.22,-86.40,1,Dragon Wave_LZ2,90.63,3.78days
11/02/2026 19:26:46,sell,0.05,AUDNZD,1.17742,13/02/2026 05:33:18,1.17431,-0.25,-1.06,31.10,8.08,12.16,44.40,-8.31,-23.10,1,Dragon Wave_LZ3,34.11,1.42days
11/02/2026 21:02:46,buy,0.02,GBPAUD,1.91181,12/02/2026 18:26:48,1.92270,-0.10,-0.38,108.90,14.95,14.95,108.90,-5.68,-36.40,1,Dragon Wave_OZ2[tp],21.40,21.40hrs
11/02/2026 21:17:25,buy,0.02,GBPAUD,1.91114,12/02/2026 18:26:38,1.92242,-0.10,-0.38,112.80,15.51,15.51,112.80,-4.72,-29.70,1,Dragon Wave_CZ2[tp],21.15,21.15hrs
11/02/2026 19:27:05,sell,0.02,AUDUSD,0.71391,12/02/2026 18:26:38,0.70851,-0.10,-0.13,54.00,10.57,10.57,54.00,-1.77,-7.70,1,Dragon Wave_JZ2[tp],22.99,22.99hrs
11/02/2026 04:33:02,buy,0.02,GBPAUD,1.91848,12/02/2026 18:20:04,1.92058,-0.10,-0.38,21.00,2.50,11.28,80.10,-15.21,-103.10,1,Dragon Wave_GZ2[tp],37.78,1.57days
11/02/2026 19:27:21,sell,0.02,AUDUSD,0.71390,12/02/2026 18:18:16,0.70952,-0.10,-0.13,43.80,8.53,8.53,43.80,-1.79,-7.80,1,Dragon Wave_LZ2[tp],22.85,22.85hrs
11/02/2026 19:24:22,sell,0.02,AUDUSD,0.71379,12/02/2026 18:16:19,0.70996,-0.10,-0.13,38.30,7.43,7.43,38.30,-2.01,-8.90,1,Dragon Wave_EZ2[tp],22.87,22.87hrs
11/02/2026 19:22:55,sell,0.02,AUDUSD,0.71374,12/02/2026 18:16:19,0.70996,-0.10,-0.13,37.80,7.33,7.33,37.80,-2.11,-9.40,1,Dragon Wave_CZ2[tp],22.89,22.89hrs
12/02/2026 02:45:25,buy,0.02,GBPAUD,1.91040,12/02/2026 18:15:47,1.91929,-0.10,0.00,88.90,12.53,12.53,88.90,-3.29,-22.30,1,Dragon Wave_EZ2[tp],15.51,15.51hrs
11/02/2026 19:24:50,sell,0.02,AUDUSD,0.71380,12/02/2026 18:14:28,0.71035,-0.10,-0.13,34.50,6.67,6.67,34.50,-1.99,-8.80,1,Dragon Wave_GZ2[tp],22.83,22.83hrs
12/02/2026 03:35:18,buy,0.05,GBPAUD,1.90889,12/02/2026 18:14:16,1.91883,-0.25,0.00,99.40,35.06,35.06,99.40,-2.82,-7.20,1,Dragon Wave_NZ3[tp],14.65,14.65hrs
11/02/2026 03:49:56,buy,0.02,GBPAUD,1.92225,12/02/2026 18:14:16,1.91883,-0.10,-0.38,-34.20,-5.34,5.92,42.40,-20.60,-140.80,1,Dragon Wave_NZ2[tp],38.41,1.60days
11/02/2026 19:27:55,sell,0.02,AUDUSD,0.71391,12/02/2026 18:13:15,0.71088,-0.10,-0.13,30.30,5.83,6.45,33.40,-1.77,-7.70,1,Dragon Wave_NZ2[tp],22.76,22.76hrs
11/02/2026 03:49:22,buy,0.02,GBPAUD,1.92212,12/02/2026 17:03:19,1.91733,-0.10,-0.38,-47.90,-7.31,6.11,43.70,-20.41,-139.50,1,Dragon Wave_IZ2,37.23,1.55days
12/02/2026 02:47:46,buy,0.05,GBPAUD,1.91016,12/02/2026 17:03:17,1.91728,-0.25,0.00,71.20,25.13,29.37,83.20,-7.36,-19.90,1,Dragon Wave_IZ3,14.26,14.26hrs
11/02/2026 02:47:52,buy,0.02,GBPJPY,210.19600,12/02/2026 15:09:03,209.52600,-0.10,-0.03,-67.00,-8.85,3.12,24.90,-33.57,-254.60,1,Dragon Wave_IZ2,36.35,1.51days
11/02/2026 19:36:50,buy,0.05,GBPJPY,208.59600,12/02/2026 15:09:02,209.52800,-0.25,-0.07,93.20,30.00,30.00,93.20,-31.38,-94.60,1,Dragon Wave_IZ3,19.54,19.54hrs
11/02/2026 18:04:07,buy,0.05,EURJPY,182.09200,12/02/2026 15:07:55,182.53000,-0.25,-1.08,43.80,12.92,12.92,43.80,-41.88,-123.50,1,Dragon Wave_KZ3[tp],21.06,21.06hrs
11/02/2026 02:51:34,buy,0.02,EURJPY,183.33200,12/02/2026 15:07:55,182.53000,-0.10,-0.43,-80.20,-10.97,0.00,0.00,-33.03,-247.50,1,Dragon Wave_KZ2[tp],36.27,1.51days
11/02/2026 05:18:19,buy,0.02,EURJPY,182.98900,12/02/2026 14:53:14,182.44100,-0.10,-0.43,-54.80,-7.66,0.21,2.40,-28.53,-213.20,1,Dragon Wave_IZ2,33.58,1.40days
11/02/2026 19:12:35,buy,0.05,EURJPY,181.75600,12/02/2026 14:53:13,182.43500,-0.25,-1.08,67.90,20.76,20.76,67.90,-30.85,-89.90,1,Dragon Wave_IZ3,19.68,19.68hrs
11/02/2026 07:30:29,buy,0.02,CADJPY,113.25200,12/02/2026 14:52:19,113.15500,-0.10,-0.24,-9.70,-1.60,5.56,43.70,-13.62,-101.10,1,Dragon Wave_IZ2,31.36,1.31days
12/02/2026 04:18:52,buy,0.05,CADJPY,112.53800,12/02/2026 14:52:18,113.15600,-0.25,0.00,61.80,19.86,20.78,64.60,-10.00,-29.70,1,Dragon Wave_IZ3,10.56,10.56hrs
11/02/2026 19:01:20,buy,0.13,EURJPY,181.70900,12/02/2026 14:22:22,182.34700,-0.65,-2.80,63.80,50.59,50.59,63.80,-76.18,-85.20,1,Dragon Wave_AZ4[tp],19.35,19.35hrs
11/02/2026 03:30:50,buy,0.05,EURJPY,183.18100,12/02/2026 14:22:22,182.34700,-0.25,-1.08,-83.40,-28.50,1.31,4.80,-77.63,-232.40,1,Dragon Wave_AZ3[tp],34.86,1.45days
10/02/2026 16:48:34,buy,0.02,EURJPY,183.87500,12/02/2026 14:22:22,182.34700,-0.10,-0.43,-152.80,-20.45,0.78,6.80,-40.16,-301.80,1,Dragon Wave_AZ2[tp],45.56,1.90days
11/02/2026 02:49:43,buy,0.02,GBPJPY,210.17600,12/02/2026 14:20:27,209.36100,-0.10,-0.03,-81.50,-10.75,3.38,26.90,-33.30,-252.60,1,Dragon Wave_KZ2,35.51,1.48days
11/02/2026 20:50:56,buy,0.05,GBPJPY,208.33800,12/02/2026 14:20:26,209.36200,-0.25,-0.07,102.40,33.05,33.15,102.70,-22.91,-68.80,1,Dragon Wave_KZ3,17.49,17.49hrs
12/02/2026 04:17:16,buy,0.02,NZDJPY,92.47200,12/02/2026 14:17:34,93.16600,-0.10,0.00,69.40,8.95,8.95,69.40,-3.12,-23.00,1,Dragon Wave_GZ2,10.01,10.01hrs
11/02/2026 19:20:55,buy,0.05,CADJPY,112.69200,12/02/2026 14:13:55,113.17700,-0.25,-0.61,48.50,14.95,14.95,48.50,-15.67,-45.10,1,Dragon Wave_KZ3[tp],18.88,18.88hrs
11/02/2026 06:31:36,buy,0.02,CADJPY,113.45900,12/02/2026 14:13:55,113.17700,-0.10,-0.24,-28.20,-4.01,2.88,23.00,-16.34,-121.80,1,Dragon Wave_KZ2[tp],31.71,1.32days
12/02/2026 04:45:26,buy,0.02,NZDJPY,92.45800,12/02/2026 14:07:01,93.07700,-0.10,0.00,61.90,7.97,8.32,64.50,-2.94,-21.60,1,Dragon Wave_NZ2,9.36,9.36hrs
12/02/2026 05:03:24,buy,0.13,EURJPY,181.07800,12/02/2026 13:58:49,182.20100,-0.65,0.00,112.30,94.56,94.56,112.30,-19.51,-22.10,1,Dragon Wave_DZ4[tp],8.92,8.92hrs
11/02/2026 06:33:23,buy,0.05,EURJPY,182.73700,12/02/2026 13:58:49,182.20100,-0.25,-1.08,-53.60,-18.81,7.55,24.10,-63.06,-188.00,1,Dragon Wave_DZ3[tp],31.42,1.31days
10/02/2026 18:17:10,buy,0.02,EURJPY,183.46200,12/02/2026 13:58:49,182.20100,-0.10,-0.43,-126.10,-16.98,3.85,30.50,-34.74,-260.50,1,Dragon Wave_DZ2[tp],43.69,1.82days
12/02/2026 05:07:35,buy,0.13,GBPJPY,207.85100,12/02/2026 13:57:52,209.23600,-0.65,0.00,138.50,116.77,116.77,138.50,-17.81,-20.10,1,Dragon Wave_DZ4[tp],8.84,8.84hrs
11/02/2026 17:17:31,buy,0.05,CHFJPY,198.47700,12/02/2026 13:57:52,199.87500,-0.25,-1.39,139.80,43.94,43.94,139.80,-29.09,-83.60,1,Dragon Wave_BZ3[tp],20.67,20.67hrs
11/02/2026 10:46:08,buy,0.02,CHFJPY,199.86000,12/02/2026 13:57:52,199.87500,-0.10,-0.56,1.50,-0.47,7.19,55.90,-29.80,-221.90,1,Dragon Wave_BZ2[tp],27.20,1.13days
11/02/2026 05:01:40,buy,0.05,GBPJPY,209.86200,12/02/2026 13:57:52,209.23600,-0.25,-0.07,-62.60,-20.73,18.61,58.30,-72.94,-221.20,1,Dragon Wave_DZ3[tp],32.94,1.37days
10/02/2026 17:15:57,buy,0.02,GBPJPY,210.79100,12/02/2026 13:57:52,209.23600,-0.10,-0.03,-155.50,-20.41,1.01,8.60,-41.38,-314.10,1,Dragon Wave_DZ2[tp],44.70,1.86days
11/02/2026 15:58:09,buy,0.02,CHFJPY,199.64500,12/02/2026 13:56:34,199.83400,-0.10,-0.56,18.90,1.80,1.80,18.90,-26.98,-200.40,1,Dragon Wave_IZ2[tp],21.97,21.97hrs
11/02/2026 06:33:53,buy,0.05,EURJPY,182.73200,12/02/2026 13:49:59,182.04200,-0.25,-1.08,-69.00,-23.84,7.71,24.60,-62.89,-187.50,1,Dragon Wave_FZ3,31.27,1.30days
10/02/2026 18:18:28,buy,0.02,EURJPY,183.55000,12/02/2026 13:49:59,182.04100,-0.10,-0.43,-150.90,-20.22,2.71,21.70,-35.90,-269.30,1,Dragon Wave_FZ2,43.53,1.81days
12/02/2026 05:03:33,buy,0.13,EURJPY,181.07600,12/02/2026 13:49:57,182.05400,-0.65,0.00,97.80,82.31,82.31,97.80,-19.34,-21.90,1,Dragon Wave_FZ4,8.77,8.77hrs
10/02/2026 17:16:14,buy,0.02,GBPJPY,210.76700,12/02/2026 13:35:10,208.97200,-0.10,-0.03,-179.50,-23.57,1.33,11.00,-41.07,-311.70,1,Dragon Wave_FZ2,44.32,1.85days
11/02/2026 06:17:43,buy,0.05,GBPJPY,209.78300,12/02/2026 13:35:09,208.97300,-0.25,-0.07,-81.00,-26.76,21.17,66.20,-70.35,-213.30,1,Dragon Wave_FZ3,31.29,1.30days
12/02/2026 05:07:54,buy,0.13,GBPJPY,207.84100,12/02/2026 13:35:08,208.97400,-0.65,0.00,113.30,95.50,95.50,113.30,-16.95,-19.10,1,Dragon Wave_FZ4,8.45,8.45hrs
11/02/2026 17:41:47,buy,0.02,CHFJPY,198.71400,12/02/2026 13:35:07,199.51300,-0.10,-0.56,79.90,9.77,9.77,79.90,-14.75,-107.30,1,Dragon Wave_KZ2,19.89,19.89hrs
11/02/2026 17:34:04,buy,0.05,CHFJPY,198.65200,12/02/2026 12:39:18,199.32300,-0.25,-1.39,67.10,20.28,20.28,67.10,-34.83,-101.10,1,Dragon Wave_FZ3[tp],19.09,19.09hrs
11/02/2026 03:30:44,buy,0.02,CHFJPY,200.51500,12/02/2026 12:39:18,199.32300,-0.10,-0.56,-119.20,-16.24,0.25,2.70,-38.40,-287.40,1,Dragon Wave_FZ2[tp],33.14,1.38days
11/02/2026 17:18:41,buy,0.05,CHFJPY,198.50500,12/02/2026 12:34:48,199.21000,-0.25,-1.39,70.50,21.41,21.41,70.50,-30.01,-86.40,1,Dragon Wave_DZ3,19.27,19.27hrs
11/02/2026 05:02:04,buy,0.02,CHFJPY,200.36400,12/02/2026 12:34:48,199.20900,-0.10,-0.56,-115.50,-15.76,1.27,10.50,-36.42,-272.30,1,Dragon Wave_DZ2,31.55,1.31days
11/02/2026 17:14:32,buy,0.05,CHFJPY,198.55800,12/02/2026 12:14:55,199.13600,-0.25,-1.39,57.80,17.24,17.24,57.80,-31.75,-91.70,1,Dragon Wave_AZ3[tp],19.01,19.01hrs
11/02/2026 05:01:39,buy,0.02,CHFJPY,200.37900,12/02/2026 12:14:55,199.13600,-0.10,-0.56,-124.30,-16.90,1.07,9.00,-36.62,-273.80,1,Dragon Wave_AZ2[tp],31.22,1.30days
11/02/2026 07:31:15,buy,0.02,NZDJPY,92.82000,12/02/2026 12:04:03,92.84300,-0.10,0.07,2.30,0.27,5.08,40.00,-7.62,-57.80,1,Dragon Wave_DZ2,28.55,1.19days
09/02/2026 17:46:56,sell,0.02,AUDNZD,1.17088,12/02/2026 11:50:57,1.17325,-0.10,-0.65,-23.70,-3.62,1.51,14.20,-11.47,-88.50,1,Dragon Wave_GZ2,66.07,2.75days
11/02/2026 05:46:42,sell,0.05,AUDNZD,1.17520,12/02/2026 11:50:56,1.17325,-0.25,-1.06,19.50,4.61,7.03,24.00,-15.03,-45.30,1,Dragon Wave_GZ3,30.07,1.25days
11/02/2026 03:46:50,sell,0.02,AUDNZD,1.17281,12/02/2026 11:50:24,1.17320,-0.10,-0.43,-3.90,-1.01,0.00,0.10,-8.91,-69.20,1,Dragon Wave_EZ2,32.06,1.34days
11/02/2026 19:30:42,sell,0.05,AUDNZD,1.17760,12/02/2026 11:50:23,1.17320,-0.25,-1.06,44.00,12.04,12.13,44.30,-7.76,-21.30,1,Dragon Wave_EZ3,16.33,16.33hrs
11/02/2026 08:00:39,buy,0.02,NZDJPY,92.76700,12/02/2026 11:34:29,92.78300,-0.10,0.07,1.60,0.18,5.77,45.30,-6.92,-52.50,1,Dragon Wave_FZ2,27.56,1.15days
11/02/2026 04:35:09,sell,0.02,AUDNZD,1.17515,12/02/2026 10:51:46,1.17379,-0.10,-0.43,13.60,1.12,2.75,23.50,-6.08,-45.80,1,Dragon Wave_NZ2,30.28,1.26days
11/02/2026 03:49:23,sell,0.02,AUDNZD,1.17319,12/02/2026 10:36:12,1.17457,-0.10,-0.43,-13.80,-2.20,0.37,3.90,-8.45,-65.40,1,Dragon Wave_IZ2,30.78,1.28days
11/02/2026 19:34:41,sell,0.05,AUDNZD,1.17749,12/02/2026 10:36:11,1.17457,-0.25,-1.06,29.20,7.54,7.75,30.90,-8.09,-22.40,1,Dragon Wave_IZ3,15.03,15.03hrs
11/02/2026 03:45:32,sell,0.02,AUDNZD,1.17286,12/02/2026 10:32:21,1.17461,-0.10,-0.43,-17.50,-2.65,0.00,0.60,-8.85,-68.70,1,Dragon Wave_BZ2,30.78,1.28days
11/02/2026 19:23:09,sell,0.05,AUDNZD,1.17727,12/02/2026 10:32:20,1.17462,-0.25,-1.06,26.50,6.72,6.84,26.90,-8.76,-24.60,1,Dragon Wave_BZ3,15.15,15.15hrs
11/02/2026 03:49:42,sell,0.02,AUDNZD,1.17302,12/02/2026 10:21:15,1.17485,-0.10,-0.43,-18.30,-2.74,0.17,2.20,-8.66,-67.10,1,Dragon Wave_KZ2,30.53,1.27days
11/02/2026 16:48:38,sell,0.05,AUDNZD,1.17649,12/02/2026 10:21:14,1.17486,-0.25,-1.06,16.30,3.63,3.63,16.30,-11.12,-32.40,1,Dragon Wave_KZ3,17.54,17.54hrs
11/02/2026 21:00:37,buy,0.02,GBPAUD,1.91181,12/02/2026 10:18:35,1.91592,-0.10,-0.38,41.10,5.37,5.37,41.10,-5.68,-36.40,1,Dragon Wave_AZ2,13.30,13.30hrs
11/02/2026 04:03:29,sell,0.02,AUDNZD,1.17302,12/02/2026 10:03:31,1.17535,-0.10,-0.43,-23.30,-3.36,0.17,2.20,-8.66,-67.10,1,Dragon Wave_DZ2,30.00,1.25days
11/02/2026 16:35:37,sell,0.05,AUDNZD,1.17678,12/02/2026 10:03:30,1.17535,-0.25,-1.06,14.30,3.03,3.73,14.50,-10.24,-29.50,1,Dragon Wave_DZ3,17.46,17.46hrs
12/02/2026 03:33:43,sell,0.13,AUDNZD,1.17944,12/02/2026 10:03:28,1.17512,-0.65,0.00,43.20,33.38,33.38,43.20,-2.93,-2.90,1,Dragon Wave_DZ4,6.50,6.50hrs
12/02/2026 03:47:34,sell,0.02,AUDNZD,1.17901,12/02/2026 09:20:53,1.17573,-0.10,0.00,32.80,3.87,3.87,34.00,-0.43,-2.70,1,Dragon Wave_FZ2,5.56,5.56hrs
11/02/2026 16:27:39,sell,0.02,AUDNZD,1.17616,12/02/2026 08:48:26,1.17617,-0.10,-0.43,-0.10,-0.54,0.74,7.00,-4.85,-35.70,1,Dragon Wave_AZ2,16.35,16.35hrs
12/02/2026 02:45:09,sell,0.05,AUDNZD,1.17877,12/02/2026 08:48:25,1.17617,-0.25,0.00,26.00,7.61,7.61,26.00,-3.16,-9.60,1,Dragon Wave_AZ3,6.05,6.05hrs
11/02/2026 19:25:57,sell,0.02,AUDUSD,0.71384,12/02/2026 08:36:30,0.71051,-0.10,-0.13,33.30,6.43,6.43,33.30,-1.91,-8.40,1,Dragon Wave_IZ2[tp],13.18,13.18hrs
11/02/2026 16:15:38,buy,0.02,EURAUD,1.66584,11/02/2026 17:25:01,1.67010,-0.10,0.00,42.60,5.95,5.95,42.60,-2.78,-18.80,1,Dragon Wave_AZ2[tp],1.16,1.16hrs
11/02/2026 08:01:56,buy,0.02,CADJPY,113.16500,11/02/2026 15:33:12,113.69000,-0.10,0.00,52.50,6.69,6.69,52.50,-1.64,-11.80,1,Dragon Wave_BZ2[tp],7.52,7.52hrs
11/02/2026 06:17:06,buy,0.02,CADJPY,113.53800,11/02/2026 15:33:12,113.69000,-0.10,0.00,15.20,1.87,1.87,15.20,-6.53,-49.10,1,Dragon Wave_FZ2[tp],9.27,9.27hrs
11/02/2026 03:16:47,buy,0.02,CADJPY,113.65700,11/02/2026 15:33:12,113.69000,-0.10,0.00,3.30,0.33,1.13,9.50,-8.08,-61.00,1,Dragon Wave_AZ2[tp],12.27,12.27hrs
11/02/2026 07:30:16,buy,0.05,USDJPY,153.13500,11/02/2026 15:33:10,154.54000,-0.25,0.00,140.50,45.21,45.21,140.50,-10.33,-30.80,1,Dragon Wave_GZ3[tp],8.05,8.05hrs
10/02/2026 17:45:17,buy,0.02,USDJPY,154.23400,11/02/2026 15:33:10,154.54000,-0.10,0.00,30.60,3.86,3.86,30.60,-18.51,-140.70,1,Dragon Wave_GZ2[tp],21.80,21.80hrs
11/02/2026 02:45:21,buy,0.02,NZDJPY,93.16600,11/02/2026 15:33:02,93.19700,-0.10,0.00,3.10,0.30,0.56,5.10,-6.88,-51.80,1,Dragon Wave_AZ2[tp],12.79,12.79hrs
11/02/2026 08:15:48,buy,0.02,AUDJPY,108.77800,11/02/2026 15:32:03,109.37600,-0.10,0.00,59.80,7.65,7.65,59.80,-0.98,-6.70,1,Dragon Wave_FZ2[tp],7.27,7.27hrs
11/02/2026 06:16:29,buy,0.02,CADJPY,113.52100,11/02/2026 15:30:34,113.58800,-0.10,0.00,6.70,0.76,0.76,6.70,-6.30,-47.40,1,Dragon Wave_DZ2[tp],9.23,9.23hrs
11/02/2026 03:09:29,buy,0.02,USDJPY,154.02200,11/02/2026 15:30:34,154.42100,-0.10,0.00,39.90,5.07,5.07,39.90,-15.74,-119.50,1,Dragon Wave_EZ2[tp],12.35,12.35hrs
11/02/2026 07:30:22,buy,0.05,USDJPY,153.13800,11/02/2026 15:30:26,154.37500,-0.25,0.00,123.70,39.81,39.81,123.70,-10.42,-31.10,1,Dragon Wave_IZ3[tp],8.00,8.00hrs
11/02/2026 07:00:33,buy,0.05,USDJPY,153.32600,11/02/2026 15:30:26,154.37500,-0.25,0.00,104.90,33.73,33.73,104.90,-16.58,-49.90,1,Dragon Wave_BZ3[tp],8.50,8.50hrs
11/02/2026 04:19:46,buy,0.05,USDJPY,153.85900,11/02/2026 15:30:26,154.37500,-0.25,0.00,51.60,16.46,16.46,51.60,-34.01,-103.20,1,Dragon Wave_DZ3[tp],11.18,11.18hrs
11/02/2026 03:18:24,buy,0.05,USDJPY,153.91400,11/02/2026 15:30:26,154.37500,-0.25,0.00,46.10,14.68,14.68,46.10,-35.81,-108.70,1,Dragon Wave_NZ3[tp],12.20,12.20hrs
11/02/2026 03:10:01,buy,0.05,USDJPY,154.01200,11/02/2026 15:30:26,154.38900,-0.25,0.00,37.70,11.96,11.96,37.70,-39.02,-118.50,1,Dragon Wave_KZ3[tp],12.34,12.34hrs
10/02/2026 16:45:47,buy,0.02,USDJPY,154.28200,11/02/2026 15:30:26,154.37500,-0.10,0.00,9.30,1.10,3.17,25.30,-19.14,-145.50,1,Dragon Wave_IZ2[tp],22.74,22.74hrs
10/02/2026 16:35:07,buy,0.02,USDJPY,154.39300,11/02/2026 15:30:26,154.37500,-0.10,0.00,-1.80,-0.33,1.74,14.20,-20.59,-156.60,1,Dragon Wave_BZ2[tp],22.92,22.92hrs
10/02/2026 15:40:46,buy,0.02,USDJPY,154.89800,11/02/2026 15:30:26,154.37800,-0.10,0.00,-52.00,-6.84,0.16,2.00,-27.20,-207.10,1,Dragon Wave_NZ2[tp],23.83,23.83hrs
10/02/2026 15:33:55,buy,0.02,USDJPY,154.96300,11/02/2026 15:30:26,154.37800,-0.10,0.00,-58.50,-7.68,0.00,0.00,-28.05,-213.60,1,Dragon Wave_DZ2[tp],23.94,23.94hrs
10/02/2026 12:48:57,buy,0.02,USDJPY,155.08600,11/02/2026 15:30:26,154.38900,-0.10,0.00,-69.70,-9.13,2.64,21.30,-29.66,-225.90,1,Dragon Wave_KZ2[tp],26.69,1.11days
11/02/2026 03:15:53,buy,0.05,GBPJPY,210.04900,11/02/2026 15:30:17,210.44600,-0.25,0.00,39.70,12.63,12.63,39.70,-33.69,-102.20,1,Dragon Wave_AZ3[tp],12.24,12.24hrs
10/02/2026 17:04:34,buy,0.02,GBPJPY,210.92700,11/02/2026 15:30:16,210.44600,-0.10,0.00,-48.10,-6.34,0.82,7.10,-24.96,-190.00,1,Dragon Wave_AZ2[tp],22.43,22.43hrs
10/02/2026 16:45:16,buy,0.02,USDCHF,0.76369,11/02/2026 15:30:14,0.77138,-0.10,0.02,76.90,19.86,19.86,76.90,-0.89,-3.00,1,Dragon Wave_JZ2[tp],22.75,22.75hrs
10/02/2026 16:46:12,buy,0.02,USDCHF,0.76351,11/02/2026 15:30:13,0.77028,-0.10,0.02,67.70,17.50,17.50,67.70,-0.41,-1.20,1,Dragon Wave_LZ2[tp],22.73,22.73hrs
10/02/2026 16:01:28,buy,0.02,USDCHF,0.76510,11/02/2026 15:30:12,0.77028,-0.10,0.02,51.80,13.37,13.37,51.80,-5.29,-19.80,1,Dragon Wave_EZ2[tp],23.48,23.48hrs
10/02/2026 11:47:56,buy,0.02,USDCHF,0.76542,11/02/2026 15:30:12,0.77028,-0.10,0.02,48.60,12.54,12.54,48.60,-6.13,-23.00,1,Dragon Wave_GZ2[tp],27.70,1.15days
09/02/2026 21:46:44,buy,0.02,USDCHF,0.76593,11/02/2026 15:30:12,0.77028,-0.10,0.04,43.50,11.23,11.23,43.50,-7.44,-28.10,1,Dragon Wave_NZ2[tp],41.72,1.74days
11/02/2026 07:15:20,buy,0.13,USDJPY,153.23500,11/02/2026 15:30:10,154.01000,-0.65,0.00,77.50,64.77,64.77,77.50,-35.36,-40.80,1,Dragon Wave_FZ4[tp],8.25,8.25hrs
11/02/2026 06:31:51,buy,0.13,USDJPY,153.37400,11/02/2026 15:30:10,153.98500,-0.65,0.00,61.10,50.93,50.93,61.10,-47.18,-54.70,1,Dragon Wave_AZ4[tp],8.97,8.97hrs
10/02/2026 16:43:55,buy,0.05,USDJPY,154.34700,11/02/2026 15:30:10,154.01000,-0.25,0.00,-33.70,-11.19,5.83,18.80,-49.98,-152.00,1,Dragon Wave_FZ3[tp],22.77,22.77hrs
10/02/2026 16:30:11,buy,0.05,USDJPY,154.43400,11/02/2026 15:30:10,153.98500,-0.25,0.00,-44.90,-14.83,3.02,10.10,-52.83,-160.70,1,Dragon Wave_AZ3[tp],23.00,23.00hrs
10/02/2026 05:45:11,buy,0.02,USDJPY,155.15200,11/02/2026 15:30:10,154.01000,-0.10,0.00,-114.20,-14.93,5.62,44.50,-30.53,-232.50,1,Dragon Wave_FZ2[tp],33.75,1.41days
10/02/2026 05:01:48,buy,0.02,USDJPY,155.29800,11/02/2026 15:30:10,153.98500,-0.10,0.00,-131.30,-17.15,3.74,29.90,-32.44,-247.10,1,Dragon Wave_AZ2[tp],34.47,1.44days
11/02/2026 04:34:34,sell,0.02,AUDUSD,0.71218,11/02/2026 15:30:09,0.70928,-0.10,0.00,29.00,5.70,5.70,29.00,-1.44,-6.70,1,Dragon Wave_KZ2[tp],10.93,10.93hrs
09/02/2026 18:05:06,buy,0.02,USDCHF,0.76666,11/02/2026 14:36:01,0.76770,-0.10,0.04,10.40,2.65,5.22,20.30,-9.36,-35.40,1,Dragon Wave_BZ2,44.52,1.85days
10/02/2026 19:49:19,buy,0.02,GBPCAD,1.84794,11/02/2026 13:44:28,1.85520,-0.10,0.03,72.60,10.64,10.64,72.60,-1.79,-11.60,1,Dragon Wave_JZ2[tp],17.92,17.92hrs
11/02/2026 05:47:22,buy,0.02,USDCAD,1.35207,11/02/2026 13:44:09,1.35433,-0.10,0.00,22.60,3.24,3.24,22.60,-2.63,-17.10,1,Dragon Wave_KZ2[tp],7.95,7.95hrs
10/02/2026 16:32:59,buy,0.02,USDCAD,1.35363,11/02/2026 13:44:09,1.35433,-0.10,0.05,7.00,0.98,2.91,20.40,-4.89,-32.70,1,Dragon Wave_FZ2[tp],21.19,21.19hrs
10/02/2026 17:00:39,buy,0.02,USDCAD,1.35339,11/02/2026 13:43:59,1.35389,-0.10,0.05,5.00,0.69,3.26,22.80,-4.54,-30.30,1,Dragon Wave_DZ2[tp],20.72,20.72hrs
11/02/2026 07:31:08,buy,0.02,AUDJPY,108.92400,11/02/2026 13:33:05,109.20400,-0.10,0.00,28.00,3.55,3.68,29.00,-2.89,-21.30,1,Dragon Wave_AZ2,6.03,6.03hrs
10/02/2026 16:15:12,buy,0.02,GBPCHF,1.04610,11/02/2026 11:16:46,1.04927,-0.10,0.16,31.70,8.33,8.85,33.80,-5.58,-20.90,1,Dragon Wave_GZ2,19.03,19.03hrs
09/02/2026 16:18:20,buy,0.02,GBPCHF,1.04654,11/02/2026 11:08:08,1.04923,-0.10,0.32,26.90,7.24,8.98,34.20,-6.57,-25.30,1,Dragon Wave_NZ2,42.83,1.78days
09/02/2026 18:07:46,buy,0.02,USDCHF,0.76673,11/02/2026 01:18:46,0.76848,-0.10,0.04,17.50,4.49,4.60,17.90,-9.54,-36.10,1,Dragon Wave_IZ2,31.18,1.30days
10/02/2026 16:46:12,buy,0.02,USDCAD,1.35352,10/02/2026 22:58:02,1.35562,-0.10,0.00,21.00,3.00,3.00,21.00,-1.67,-10.60,1,Dragon Wave_AZ2[tp],6.20,6.20hrs
09/02/2026 17:33:51,buy,0.02,USDCHF,0.76687,10/02/2026 20:50:33,0.76829,-0.10,0.02,14.20,3.62,3.91,15.40,-9.91,-37.50,1,Dragon Wave_KZ2,27.28,1.14days
10/02/2026 16:00:56,buy,0.05,USDCHF,0.76485,10/02/2026 19:50:27,0.76784,-0.25,0.00,29.90,19.22,19.87,30.90,-11.59,-17.30,1,Dragon Wave_DZ3,3.83,3.83hrs
09/02/2026 16:05:44,buy,0.02,USDCHF,0.76837,10/02/2026 19:50:27,0.76784,-0.10,0.02,-5.30,-1.46,0.00,0.00,-13.84,-52.50,1,Dragon Wave_DZ2,27.75,1.16days
09/02/2026 16:08:42,buy,0.02,USDCHF,0.76807,10/02/2026 19:37:05,0.76752,-0.10,0.02,-5.50,-1.51,0.78,3.40,-13.05,-49.50,1,Dragon Wave_FZ2,27.47,1.14days
10/02/2026 16:03:07,buy,0.05,USDCHF,0.76501,10/02/2026 19:37:04,0.76752,-0.25,0.00,25.10,16.10,16.10,25.10,-12.63,-18.90,1,Dragon Wave_FZ3,3.57,3.57hrs
10/02/2026 16:00:16,buy,0.05,USDCHF,0.76481,10/02/2026 18:18:38,0.76644,-0.25,0.00,16.30,10.38,10.38,16.30,-11.32,-16.90,1,Dragon Wave_AZ3[tp],2.31,2.31hrs
09/02/2026 16:01:55,buy,0.02,USDCHF,0.76856,10/02/2026 18:18:38,0.76644,-0.10,0.02,-21.20,-5.61,0.00,0.00,-14.34,-54.40,1,Dragon Wave_AZ2[tp],26.28,1.09days
09/02/2026 10:34:49,sell,0.02,EURGBP,0.87232,10/02/2026 14:53:34,0.86955,-0.10,-0.09,27.70,7.39,7.39,27.70,-4.52,-16.20,1,Dragon Wave_GZ2,28.31,1.18days
09/02/2026 18:02:35,sell,0.02,AUDUSD,0.70906,10/02/2026 14:50:13,0.70673,-0.10,-0.02,23.30,4.54,4.90,25.10,-1.78,-8.40,1,Dragon Wave_FZ2,20.79,20.79hrs
09/02/2026 11:04:33,sell,0.02,AUDNZD,1.17022,10/02/2026 14:19:24,1.17004,-0.10,-0.11,1.80,0.01,2.28,19.70,-3.05,-23.50,1,Dragon Wave_AZ2,27.25,1.14days
09/02/2026 11:08:00,sell,0.02,AUDNZD,1.17051,10/02/2026 12:05:00,1.17011,-0.10,-0.11,4.00,0.27,2.63,22.60,-2.70,-20.60,1,Dragon Wave_FZ2,24.95,1.04days
09/02/2026 17:11:46,sell,0.02,AUDUSD,0.70814,10/02/2026 08:12:43,0.70666,-0.10,-0.02,14.80,2.84,2.84,14.80,-3.62,-17.60,1,Dragon Wave_AZ2[tp],15.02,15.02hrs
09/02/2026 20:20:30,sell,0.02,CHFJPY,203.37100,10/02/2026 07:19:33,202.25700,-0.10,-0.03,111.40,14.24,14.24,111.40,-3.78,-28.50,1,Dragon Wave_LZ2,10.98,10.98hrs
10/02/2026 01:46:50,sell,0.02,CHFJPY,203.50500,10/02/2026 07:19:20,202.26300,-0.10,0.00,124.20,15.92,15.92,124.20,-2.03,-15.10,1,Dragon Wave_JZ2,5.54,5.54hrs
09/02/2026 14:49:35,sell,0.02,CHFJPY,203.08500,10/02/2026 06:34:37,202.52200,-0.10,-0.03,56.30,7.12,7.12,56.30,-7.44,-57.10,1,Dragon Wave_GZ2,15.75,15.75hrs
10/02/2026 01:33:47,sell,0.05,CHFJPY,203.48300,10/02/2026 06:19:10,202.60300,-0.25,0.00,88.00,28.08,29.18,91.40,-5.78,-17.30,1,Dragon Wave_NZ3,4.76,4.76hrs
09/02/2026 10:20:55,sell,0.02,CHFJPY,202.72700,10/02/2026 06:19:10,202.60100,-0.10,-0.03,12.60,1.49,1.90,15.80,-12.02,-92.90,1,Dragon Wave_NZ2,19.97,19.97hrs
09/02/2026 09:23:08,sell,0.02,EURGBP,0.87165,09/02/2026 23:33:32,0.87011,-0.10,0.00,15.40,4.12,5.01,18.70,-6.34,-22.90,1,Dragon Wave_NZ2,14.17,14.17hrs
04/02/2026 05:17:22,sell,0.02,USDJPY,156.27100,09/02/2026 15:10:04,156.15200,-0.10,-1.92,11.90,-0.50,0.00,11.90,-19.43,-137.20,1,Dragon Wave_GZ2[tp],129.88,5.41days
04/02/2026 05:17:52,sell,0.02,USDJPY,156.28700,09/02/2026 15:09:31,156.19900,-0.10,-1.92,8.80,-0.89,0.00,8.80,-19.22,-135.60,1,Dragon Wave_NZ2[tp],129.86,5.41days
05/02/2026 17:03:46,buy,0.02,GBPCAD,1.85042,09/02/2026 13:37:19,1.85959,-0.10,0.06,91.70,13.40,13.72,93.90,0.00,0.00,1,Dragon Wave_LZ2,92.56,3.86days
05/02/2026 17:02:50,buy,0.02,GBPCAD,1.84900,09/02/2026 08:10:54,1.85926,-0.10,0.06,102.60,14.99,15.80,108.10,0.00,0.00,1,Dragon Wave_GZ2,87.13,3.63days
04/02/2026 05:30:24,sell,0.02,USDJPY,156.38200,09/02/2026 03:35:01,156.30200,-0.10,-1.92,8.00,-1.00,0.00,8.00,-18.02,-126.10,1,Dragon Wave_BZ2[tp],118.08,4.92days
04/02/2026 09:31:27,sell,0.02,USDJPY,156.44300,09/02/2026 03:31:03,156.35100,-0.10,-1.92,9.20,-0.84,0.00,9.20,-17.24,-120.00,1,Dragon Wave_EZ2[tp],113.99,4.75days
04/02/2026 12:32:18,sell,0.13,USDJPY,156.76600,09/02/2026 03:31:00,156.39600,-0.65,-12.41,37.00,17.70,17.70,37.00,-85.38,-87.70,1,Dragon Wave_FZ4[tp],110.98,4.62days
04/02/2026 04:31:59,sell,0.05,USDJPY,156.19300,09/02/2026 03:31:00,156.39600,-0.25,-4.78,-20.30,-11.52,0.00,0.00,-51.02,-145.00,1,Dragon Wave_FZ3[tp],118.98,4.96days
02/02/2026 00:31:39,sell,0.02,USDJPY,155.31500,09/02/2026 03:31:00,156.39600,-0.10,-2.56,-108.10,-16.48,0.00,0.00,-32.20,-232.80,1,Dragon Wave_FZ2[tp],170.99,7.12days
05/02/2026 17:03:55,buy,0.02,GBPCAD,1.84987,06/02/2026 21:47:15,1.85934,-0.10,0.03,94.70,13.80,13.80,94.70,0.00,0.00,1,Dragon Wave_NZ2,28.72,1.20days
05/02/2026 11:51:56,buy,0.02,GBPCAD,1.85701,06/02/2026 13:33:38,1.85952,-0.10,0.03,25.10,3.60,3.60,25.10,0.00,0.00,1,Dragon Wave_IZ2,25.70,1.07days
05/02/2026 17:03:14,buy,0.05,GBPCAD,1.84934,06/02/2026 13:33:37,1.85952,-0.25,0.07,101.80,37.02,37.02,101.80,0.00,0.00,1,Dragon Wave_IZ3,20.51,20.51hrs
05/02/2026 15:46:12,sell,0.02,EURGBP,0.86968,06/02/2026 13:31:24,0.86775,-0.10,-0.09,19.30,5.05,5.05,19.30,0.00,0.00,1,Dragon Wave_IZ2,21.75,21.75hrs
05/02/2026 17:48:33,buy,0.02,GBPUSD,1.35293,06/02/2026 13:28:37,1.35917,-0.10,-0.05,62.40,12.33,12.33,62.40,0.00,0.00,1,Dragon Wave_KZ2[tp],19.67,19.67hrs
05/02/2026 11:52:32,sell,0.02,EURGBP,0.86911,06/02/2026 13:17:35,0.86819,-0.10,-0.09,9.20,2.31,2.31,9.20,0.00,0.00,1,Dragon Wave_KZ2,25.42,1.06days
05/02/2026 17:03:27,sell,0.05,EURGBP,0.87148,06/02/2026 13:17:34,0.86819,-0.25,-0.21,32.90,21.88,21.88,32.90,0.00,0.00,1,Dragon Wave_KZ3,20.24,20.24hrs
05/02/2026 17:03:40,buy,0.05,GBPCAD,1.85013,06/02/2026 12:18:18,1.85829,-0.25,0.07,81.60,29.64,29.64,81.60,0.00,0.00,1,Dragon Wave_KZ3,19.24,19.24hrs
05/02/2026 11:51:57,buy,0.02,GBPCAD,1.85701,06/02/2026 12:18:18,1.85829,-0.10,0.03,12.80,1.80,1.80,12.80,0.00,0.00,1,Dragon Wave_KZ2,24.44,1.02days
06/02/2026 01:47:17,buy,0.02,NZDUSD,0.59408,06/02/2026 12:18:11,0.59881,-0.10,0.00,47.30,9.36,9.36,47.30,0.00,0.00,1,Dragon Wave_NZ2,10.52,10.52hrs
05/02/2026 17:00:27,buy,0.05,GBPCAD,1.85046,06/02/2026 12:18:01,1.85810,-0.25,0.07,76.40,27.74,27.74,76.40,0.00,0.00,1,Dragon Wave_DZ3,19.29,19.29hrs
05/02/2026 11:51:54,buy,0.02,GBPCAD,1.85700,06/02/2026 12:18:01,1.85808,-0.10,0.03,10.80,1.51,1.51,10.80,0.00,0.00,1,Dragon Wave_DZ2,24.44,1.02days
05/02/2026 11:52:28,sell,0.02,EURGBP,0.86913,06/02/2026 12:01:30,0.86853,-0.10,-0.09,6.00,1.44,1.44,6.00,0.00,0.00,1,Dragon Wave_DZ2,24.15,1.01days
05/02/2026 17:01:44,sell,0.05,EURGBP,0.87148,06/02/2026 12:01:29,0.86853,-0.25,-0.21,29.50,19.56,19.56,29.50,0.00,0.00,1,Dragon Wave_DZ3,19.00,19.00hrs
06/02/2026 02:00:21,buy,0.02,NZDUSD,0.59389,06/02/2026 11:48:51,0.59885,-0.10,0.00,49.60,9.82,9.82,49.60,0.00,0.00,1,Dragon Wave_BZ2,9.81,9.81hrs
05/02/2026 10:15:12,sell,0.02,EURGBP,0.86650,06/02/2026 11:32:31,0.86883,-0.10,-0.09,-23.30,-6.52,0.00,0.00,-6.52,-23.30,1,Dragon Wave_FZ2,25.29,1.05days
05/02/2026 11:52:29,sell,0.05,EURGBP,0.86911,06/02/2026 11:32:30,0.86883,-0.25,-0.21,2.80,1.44,1.44,2.80,0.00,0.00,1,Dragon Wave_FZ3,23.67,23.67hrs
05/02/2026 17:02:04,sell,0.13,EURGBP,0.87187,06/02/2026 11:32:29,0.86883,-0.65,-0.55,30.40,52.46,52.46,30.40,0.00,0.00,1,Dragon Wave_FZ4,18.51,18.51hrs
06/02/2026 01:45:26,buy,0.02,NZDUSD,0.59410,06/02/2026 11:31:40,0.59847,-0.10,0.00,43.70,8.64,8.64,43.70,0.00,0.00,1,Dragon Wave_IZ2,9.77,9.77hrs
06/02/2026 02:18:45,buy,0.02,NZDUSD,0.59287,06/02/2026 11:03:44,0.59792,-0.10,0.00,50.50,10.00,10.00,50.50,0.00,0.00,1,Dragon Wave_KZ2,8.75,8.75hrs
05/02/2026 17:30:33,buy,0.02,GBPCHF,1.05072,06/02/2026 10:18:30,1.05464,-0.10,0.16,39.20,10.14,10.14,39.20,0.00,0.00,1,Dragon Wave_FZ2,16.80,16.80hrs
06/02/2026 02:17:48,sell,0.02,EURAUD,1.70585,06/02/2026 09:33:38,1.69502,-0.10,0.00,108.30,14.98,14.98,108.30,0.00,0.00,1,Dragon Wave_FZ2,7.26,7.26hrs
06/02/2026 01:45:20,buy,0.02,NZDCHF,0.46211,06/02/2026 09:32:39,0.46447,-0.10,0.00,23.60,5.97,5.97,23.60,0.00,0.00,1,Dragon Wave_FZ2,7.79,7.79hrs
06/02/2026 02:16:02,buy,0.02,AUDCHF,0.53671,06/02/2026 08:18:21,0.54052,-0.10,0.00,38.10,9.71,9.71,38.10,0.00,0.00,1,Dragon Wave_FZ2,6.04,6.04hrs
05/02/2026 17:47:34,buy,0.02,GBPUSD,1.35287,06/02/2026 08:17:16,1.35756,-0.10,-0.05,46.90,9.23,9.23,46.90,0.00,0.00,1,Dragon Wave_FZ2,14.49,14.49hrs
05/02/2026 11:24:17,buy,0.02,GBPCAD,1.85997,06/02/2026 08:17:10,1.85793,-0.10,0.03,-20.40,-3.05,0.00,0.00,-3.05,-20.40,1,Dragon Wave_FZ2,20.88,20.88hrs
05/02/2026 15:45:52,buy,0.05,GBPCAD,1.85554,06/02/2026 08:17:09,1.85789,-0.25,0.07,23.50,8.40,8.40,23.50,0.00,0.00,1,Dragon Wave_FZ3,16.52,16.52hrs
05/02/2026 17:30:48,buy,0.13,GBPCAD,1.84991,06/02/2026 08:17:08,1.85789,-0.65,0.19,79.80,75.35,75.35,79.80,0.00,0.00,1,Dragon Wave_FZ4,14.77,14.77hrs
06/02/2026 02:17:35,buy,0.02,AUDJPY,108.06900,06/02/2026 08:16:46,109.21300,-0.10,0.00,114.40,14.48,14.48,114.40,0.00,0.00,1,Dragon Wave_FZ2[tp],5.99,5.99hrs
06/02/2026 02:17:43,buy,0.02,NZDUSD,0.59301,06/02/2026 08:11:28,0.59820,-0.10,0.00,51.90,10.28,10.28,51.90,0.00,0.00,1,Dragon Wave_DZ2[tp],5.90,5.90hrs
06/02/2026 02:16:06,buy,0.02,NZDJPY,92.91300,06/02/2026 08:11:27,93.80100,-0.10,0.00,88.80,11.23,11.23,88.80,0.00,0.00,1,Dragon Wave_DZ2[tp],5.92,5.92hrs
06/02/2026 02:15:21,sell,0.02,EURNZD,1.98491,06/02/2026 08:03:33,1.97349,-0.10,0.00,114.20,13.55,13.55,114.20,0.00,0.00,1,Dragon Wave_FZ2,5.80,5.80hrs
06/02/2026 00:30:04,buy,0.02,NZDUSD,0.59518,06/02/2026 08:02:46,0.59758,-0.10,0.00,24.00,4.70,4.70,24.00,0.00,0.00,1,Dragon Wave_FZ2,7.54,7.54hrs
05/02/2026 08:16:19,sell,0.02,EURGBP,0.86586,06/02/2026 08:02:30,0.86933,-0.10,-0.09,-34.70,-9.61,0.00,0.00,-9.61,-34.70,1,Dragon Wave_AZ2,23.77,23.77hrs
05/02/2026 11:32:44,sell,0.05,EURGBP,0.86784,06/02/2026 08:02:29,0.86932,-0.25,-0.21,-14.80,-10.50,0.00,0.00,-10.50,-14.80,1,Dragon Wave_AZ3,20.50,20.50hrs
05/02/2026 17:01:05,sell,0.13,EURGBP,0.87122,06/02/2026 08:02:28,0.86944,-0.65,-0.55,17.80,30.20,30.20,17.80,0.00,0.00,1,Dragon Wave_AZ4,15.02,15.02hrs
05/02/2026 11:45:03,buy,0.02,GBPUSD,1.35594,06/02/2026 07:47:24,1.35638,-0.10,-0.05,4.40,0.73,0.73,4.40,0.00,0.00,1,Dragon Wave_AZ2,20.04,20.04hrs
06/02/2026 02:18:32,buy,0.02,NZDCAD,0.81364,06/02/2026 07:32:27,0.81790,-0.10,0.00,42.60,6.12,6.12,42.60,0.00,0.00,1,Dragon Wave_FZ2,5.23,5.23hrs
05/02/2026 11:24:14,buy,0.02,GBPCAD,1.85999,06/02/2026 06:16:23,1.85662,-0.10,0.03,-33.70,-4.99,0.00,0.00,-4.99,-33.70,1,Dragon Wave_AZ2,18.87,18.87hrs
05/02/2026 16:15:30,buy,0.05,GBPCAD,1.85468,06/02/2026 06:16:21,1.85662,-0.25,0.07,19.40,6.90,6.90,19.40,0.00,0.00,1,Dragon Wave_AZ3,14.01,14.01hrs
05/02/2026 14:15:41,sell,0.02,CHFJPY,202.33300,05/02/2026 17:31:17,201.85800,-0.10,0.00,47.50,5.96,5.96,47.50,0.00,0.00,1,Dragon Wave_FZ2[tp],3.26,3.26hrs
05/02/2026 09:30:17,sell,0.05,USDJPY,157.10900,05/02/2026 17:00:20,156.61000,-0.25,0.00,49.90,15.68,15.68,49.90,0.00,0.00,1,Dragon Wave_IZ3[tp],7.50,7.50hrs
02/02/2026 21:17:07,sell,0.02,USDJPY,155.75600,05/02/2026 17:00:20,156.61000,-0.10,-1.60,-85.40,-12.61,0.00,0.00,-12.61,-85.40,1,Dragon Wave_IZ2[tp],67.72,2.82days
04/02/2026 22:30:12,sell,0.13,USDJPY,156.93200,05/02/2026 15:38:34,156.55200,-0.65,-6.21,38.00,24.70,24.70,38.00,0.00,0.00,1,Dragon Wave_DZ4[tp],17.14,17.14hrs
04/02/2026 04:50:35,sell,0.05,USDJPY,156.25400,05/02/2026 15:38:34,156.55200,-0.25,-2.39,-29.80,-12.16,0.00,0.00,-12.16,-29.80,1,Dragon Wave_DZ3[tp],34.80,1.45days
02/02/2026 00:30:51,sell,0.02,USDJPY,155.39200,05/02/2026 15:38:34,156.55200,-0.10,-1.60,-116.00,-16.52,0.00,0.00,-16.52,-116.00,1,Dragon Wave_DZ2[tp],87.13,3.63days
05/02/2026 09:30:33,sell,0.13,USDJPY,157.11600,05/02/2026 15:36:27,156.58800,-0.65,0.00,52.80,43.18,43.18,52.80,0.00,0.00,1,Dragon Wave_KZ4[tp],6.10,6.10hrs
04/02/2026 04:50:41,sell,0.05,USDJPY,156.25800,05/02/2026 15:36:27,156.58800,-0.25,-2.39,-33.00,-13.18,0.00,0.00,-13.18,-33.00,1,Dragon Wave_KZ3[tp],34.76,1.45days
02/02/2026 00:32:00,sell,0.02,USDJPY,155.31600,05/02/2026 15:36:27,156.58800,-0.10,-1.60,-127.20,-17.95,0.00,0.00,-17.95,-127.20,1,Dragon Wave_KZ2[tp],87.07,3.63days
05/02/2026 11:24:39,sell,0.02,USDJPY,157.20400,05/02/2026 14:30:51,157.00900,-0.10,0.00,19.50,2.38,2.38,19.50,0.00,0.00,1,Dragon Wave_AZ2[tp],3.10,3.10hrs
04/02/2026 12:48:23,sell,0.02,GBPJPY,214.84300,05/02/2026 04:19:23,213.84700,-0.10,-1.38,99.60,11.22,11.22,99.60,0.00,0.00,1,Dragon Wave_IZ2,15.52,15.52hrs
04/02/2026 13:17:09,sell,0.02,AUDNZD,1.16605,05/02/2026 04:16:51,1.16421,-0.10,-1.32,18.40,0.78,0.78,18.40,0.00,0.00,1,Dragon Wave_FZ2[tp],14.99,14.99hrs
04/02/2026 14:48:16,sell,0.02,GBPJPY,214.96200,05/02/2026 04:16:47,213.85500,-0.10,-1.38,110.70,12.63,12.63,110.70,0.00,0.00,1,Dragon Wave_KZ2[tp],13.48,13.48hrs
04/02/2026 07:17:58,sell,0.02,AUDJPY,109.80600,05/02/2026 04:15:49,109.36900,-0.10,-0.49,43.70,4.98,4.98,43.70,0.00,0.00,1,Dragon Wave_NZ2[tp],20.96,20.96hrs
04/02/2026 03:15:41,sell,0.02,AUDJPY,109.64500,04/02/2026 19:29:19,109.31900,-0.10,0.00,32.60,4.07,4.07,32.60,0.00,0.00,1,Dragon Wave_IZ2[tp],16.23,16.23hrs
04/02/2026 02:45:29,sell,0.02,AUDJPY,109.50200,04/02/2026 19:29:03,109.36900,-0.10,0.00,13.30,1.60,1.60,13.30,0.00,0.00,1,Dragon Wave_BZ2[tp],16.73,16.73hrs
04/02/2026 03:16:16,sell,0.02,AUDJPY,109.67100,04/02/2026 18:45:54,109.39400,-0.10,0.00,27.70,3.43,3.43,27.70,0.00,0.00,1,Dragon Wave_KZ2[tp],15.49,15.49hrs
04/02/2026 02:47:33,sell,0.02,AUDJPY,109.53500,04/02/2026 18:11:29,109.46400,-0.10,0.00,7.10,0.81,0.81,7.10,0.00,0.00,1,Dragon Wave_FZ2[tp],15.40,15.40hrs
04/02/2026 10:30:17,sell,0.02,GBPJPY,214.77200,04/02/2026 18:05:19,213.89700,-0.10,0.00,87.50,11.08,11.08,87.50,0.00,0.00,1,Dragon Wave_FZ2,7.58,7.58hrs
03/02/2026 15:01:33,buy,0.02,EURGBP,0.86228,04/02/2026 18:05:00,0.86386,-0.10,-0.31,15.80,3.91,3.91,15.80,0.00,0.00,1,Dragon Wave_EZ2,27.06,1.13days
04/02/2026 13:00:01,sell,0.02,GBPJPY,214.98200,04/02/2026 18:04:18,213.84000,-0.10,0.00,114.20,14.48,14.48,114.20,0.00,0.00,1,Dragon Wave_DZ2[tp],5.07,5.07hrs
03/02/2026 09:47:00,sell,0.02,AUDCAD,0.96192,04/02/2026 17:57:47,0.95668,-0.10,-0.11,52.40,7.46,7.46,52.40,0.00,0.00,1,Dragon Wave_KZ2[tp],32.18,1.34days
03/02/2026 09:45:40,sell,0.02,AUDCAD,0.96164,04/02/2026 17:33:49,0.95754,-0.10,-0.11,41.00,5.79,5.79,41.00,0.00,0.00,1,Dragon Wave_DZ2[tp],31.80,1.33days
03/02/2026 17:31:50,buy,0.02,EURGBP,0.86214,04/02/2026 17:18:14,0.86352,-0.10,-0.31,13.80,3.37,3.37,13.80,0.00,0.00,1,Dragon Wave_GZ2,23.77,23.77hrs
04/02/2026 13:15:05,buy,0.02,EURGBP,0.86154,04/02/2026 17:02:43,0.86347,-0.10,0.00,19.30,5.18,5.18,19.30,0.00,0.00,1,Dragon Wave_BZ2[tp],3.79,3.79hrs
04/02/2026 10:33:06,buy,0.02,EURGBP,0.86168,04/02/2026 17:02:43,0.86347,-0.10,0.00,17.90,4.80,4.80,17.90,0.00,0.00,1,Dragon Wave_IZ2[tp],6.49,6.49hrs
04/02/2026 11:01:52,sell,0.02,NZDJPY,94.57100,04/02/2026 17:00:43,94.01000,-0.10,0.00,56.10,7.07,7.07,56.10,0.00,0.00,1,Dragon Wave_IZ2[tp],5.98,5.98hrs
04/02/2026 10:33:21,buy,0.02,EURGBP,0.86171,04/02/2026 16:59:44,0.86322,-0.10,0.00,15.10,4.03,4.03,15.10,0.00,0.00,1,Dragon Wave_KZ2[tp],6.44,6.44hrs
04/02/2026 10:30:15,sell,0.02,NZDJPY,94.54600,04/02/2026 16:59:02,94.02100,-0.10,0.00,52.50,6.61,6.61,52.50,0.00,0.00,1,Dragon Wave_BZ2[tp],6.48,6.48hrs
04/02/2026 10:18:47,sell,0.02,NZDJPY,94.54900,04/02/2026 16:58:05,94.04900,-0.10,0.00,50.00,6.29,6.29,50.00,0.00,0.00,1,Dragon Wave_KZ2[tp],6.66,6.66hrs
04/02/2026 15:30:03,sell,0.02,CADJPY,114.80300,04/02/2026 16:55:43,114.50200,-0.10,0.00,30.10,3.75,3.75,30.10,0.00,0.00,1,Dragon Wave_AZ2[tp],1.43,1.43hrs
04/02/2026 10:31:41,buy,0.02,EURGBP,0.86173,04/02/2026 16:44:19,0.86270,-0.10,0.00,9.70,2.56,2.56,9.70,0.00,0.00,1,Dragon Wave_DZ2[tp],6.21,6.21hrs
04/02/2026 10:15:21,sell,0.02,GBPJPY,214.71200,04/02/2026 16:09:39,214.20700,-0.10,0.00,50.50,6.36,6.36,50.50,0.00,0.00,1,Dragon Wave_AZ2[tp],5.91,5.91hrs
03/02/2026 22:47:17,sell,0.02,NZDJPY,94.23700,04/02/2026 16:08:56,94.14100,-0.10,-0.43,9.60,0.70,0.70,9.60,0.00,0.00,1,Dragon Wave_FZ2[tp],17.36,17.36hrs
04/02/2026 09:02:19,sell,0.02,NZDJPY,94.48100,04/02/2026 16:07:56,94.16100,-0.10,0.00,32.00,3.99,3.99,32.00,0.00,0.00,1,Dragon Wave_DZ2[tp],7.09,7.09hrs
04/02/2026 09:02:00,sell,0.02,NZDJPY,94.49400,04/02/2026 16:04:26,94.23600,-0.10,0.00,25.80,3.20,3.20,25.80,0.00,0.00,1,Dragon Wave_AZ2[tp],7.04,7.04hrs
03/02/2026 10:16:44,buy,0.02,EURNZD,1.95194,04/02/2026 13:19:41,1.96376,-0.10,-0.44,118.20,13.68,13.68,118.20,0.00,0.00,1,Dragon Wave_JZ2,27.05,1.13days
03/02/2026 09:48:49,sell,0.02,NZDCAD,0.82681,04/02/2026 11:33:46,0.82237,-0.10,-0.20,44.40,6.20,6.20,44.40,0.00,0.00,1,Dragon Wave_GZ2,25.75,1.07days
03/02/2026 09:48:34,sell,0.02,NZDCAD,0.82671,04/02/2026 11:33:01,0.82235,-0.10,-0.20,43.60,6.10,6.10,43.60,0.00,0.00,1,Dragon Wave_EZ2[tp],25.74,1.07days
03/02/2026 09:49:17,sell,0.02,NZDCAD,0.82678,04/02/2026 05:47:56,0.82271,-0.10,-0.20,40.70,5.66,5.66,40.70,0.00,0.00,1,Dragon Wave_NZ2,19.98,19.98hrs
03/02/2026 09:48:57,sell,0.02,NZDCAD,0.82676,04/02/2026 04:46:39,0.82348,-0.10,-0.20,32.80,4.50,4.50,32.80,0.00,0.00,1,Dragon Wave_IZ2,18.96,18.96hrs
03/02/2026 09:49:03,sell,0.02,NZDCAD,0.82675,04/02/2026 03:16:34,0.82361,-0.10,-0.20,31.40,4.30,4.30,31.40,0.00,0.00,1,Dragon Wave_KZ2,17.46,17.46hrs
02/02/2026 17:18:19,buy,0.02,EURUSD,1.18010,03/02/2026 23:01:56,1.18206,-0.10,-0.16,19.60,3.66,3.66,19.60,0.00,0.00,1,Dragon Wave_IZ2,29.73,1.24days
03/02/2026 17:31:33,buy,0.02,EURGBP,0.86217,03/02/2026 20:48:22,0.86346,-0.10,0.00,12.90,3.43,3.43,12.90,0.00,0.00,1,Dragon Wave_FZ2,3.28,3.28hrs
02/02/2026 20:16:46,buy,0.02,EURGBP,0.86323,03/02/2026 20:33:11,0.86311,-0.10,-0.31,-1.20,-0.74,0.00,0.00,-0.74,-1.20,1,Dragon Wave_AZ2,24.27,1.01days
03/02/2026 18:01:26,buy,0.05,EURGBP,0.86202,03/02/2026 20:33:10,0.86312,-0.25,0.00,11.00,7.28,7.28,11.00,0.00,0.00,1,Dragon Wave_AZ3,2.53,2.53hrs
02/02/2026 16:00:47,buy,0.02,EURUSD,1.18206,03/02/2026 19:02:04,1.18226,-0.10,-0.16,2.00,0.14,0.14,2.00,0.00,0.00,1,Dragon Wave_KZ2,27.02,1.13days
02/02/2026 16:17:11,buy,0.02,EURUSD,1.18094,03/02/2026 18:04:13,1.18156,-0.10,-0.16,6.20,0.98,0.98,6.20,0.00,0.00,1,Dragon Wave_FZ2,25.78,1.07days
02/02/2026 16:15:19,buy,0.02,EURUSD,1.18095,03/02/2026 18:02:45,1.18148,-0.10,-0.16,5.30,0.80,0.80,5.30,0.00,0.00,1,Dragon Wave_DZ2[tp],25.79,1.07days
02/02/2026 17:47:44,sell,0.02,USDCHF,0.78123,03/02/2026 17:30:55,0.77606,-0.10,-0.37,51.70,12.85,12.85,51.70,0.00,0.00,1,Dragon Wave_BZ2,23.72,23.72hrs
02/02/2026 15:02:04,sell,0.02,USDCHF,0.77652,03/02/2026 17:23:15,0.77623,-0.10,-0.37,2.90,0.28,0.28,2.90,0.00,0.00,1,Dragon Wave_DZ2[tp],26.35,1.10days
02/02/2026 15:30:16,sell,0.02,USDCHF,0.77802,03/02/2026 17:19:24,0.77654,-0.10,-0.37,14.80,3.34,3.34,14.80,0.00,0.00,1,Dragon Wave_IZ2,25.82,1.08days
02/02/2026 15:18:15,sell,0.02,USDCHF,0.77766,03/02/2026 17:16:14,0.77652,-0.10,-0.37,11.40,2.47,2.47,11.40,0.00,0.00,1,Dragon Wave_KZ2[tp],25.97,1.08days
03/02/2026 09:46:26,sell,0.02,NZDCAD,0.82673,03/02/2026 17:03:17,0.82319,-0.10,0.00,35.40,5.08,5.08,35.40,0.00,0.00,1,Dragon Wave_BZ2[tp],7.28,7.28hrs
03/02/2026 09:48:40,sell,0.02,NZDCAD,0.82682,03/02/2026 17:03:15,0.82320,-0.10,0.00,36.20,5.20,5.20,36.20,0.00,0.00,1,Dragon Wave_FZ2[tp],7.24,7.24hrs
03/02/2026 09:48:49,sell,0.02,NZDCHF,0.47055,03/02/2026 17:01:14,0.46806,-0.10,0.00,24.90,6.31,6.31,24.90,0.00,0.00,1,Dragon Wave_KZ2[tp],7.21,7.21hrs
03/02/2026 05:45:50,sell,0.02,AUDCHF,0.54556,03/02/2026 17:01:10,0.54288,-0.10,0.00,26.80,6.79,6.79,26.80,0.00,0.00,1,Dragon Wave_FZ2[tp],11.26,11.26hrs
03/02/2026 09:48:09,sell,0.02,NZDCAD,0.82658,03/02/2026 17:01:05,0.82364,-0.10,0.00,29.40,4.20,4.20,29.40,0.00,0.00,1,Dragon Wave_DZ2[tp],7.22,7.22hrs
03/02/2026 09:47:38,sell,0.02,NZDCHF,0.47044,03/02/2026 17:00:31,0.46830,-0.10,0.00,21.40,5.40,5.40,21.40,0.00,0.00,1,Dragon Wave_FZ2[tp],7.21,7.21hrs
03/02/2026 09:47:09,sell,0.02,NZDCHF,0.47045,03/02/2026 17:00:02,0.46843,-0.10,0.00,20.20,5.10,5.10,20.20,0.00,0.00,1,Dragon Wave_DZ2[tp],7.21,7.21hrs
03/02/2026 09:45:38,sell,0.02,NZDCAD,0.82653,03/02/2026 16:59:50,0.82396,-0.10,0.00,25.70,3.66,3.66,25.70,0.00,0.00,1,Dragon Wave_AZ2[tp],7.24,7.24hrs
03/02/2026 06:00:58,sell,0.05,AUDCHF,0.54660,03/02/2026 16:57:40,0.54348,-0.25,0.00,31.20,19.83,19.83,31.20,0.00,0.00,1,Dragon Wave_AZ3[tp],10.95,10.95hrs
02/02/2026 18:16:20,sell,0.02,AUDCHF,0.54351,03/02/2026 16:57:40,0.54348,-0.10,-0.20,0.30,-0.22,0.00,0.30,-0.22,0.00,1,Dragon Wave_AZ2[tp],22.69,22.69hrs
03/02/2026 09:15:44,sell,0.02,NZDCHF,0.47010,03/02/2026 16:57:24,0.46875,-0.10,0.00,13.50,3.37,3.37,13.50,0.00,0.00,1,Dragon Wave_AZ2[tp],7.69,7.69hrs
02/02/2026 12:47:32,sell,0.02,USDCHF,0.77608,03/02/2026 09:47:19,0.77700,-0.10,-0.37,-9.20,-2.84,0.00,0.00,-2.84,-9.20,1,Dragon Wave_FZ2,21.00,21.00hrs
02/02/2026 17:17:18,sell,0.05,USDCHF,0.78048,03/02/2026 09:47:18,0.77700,-0.25,-0.93,34.80,21.21,21.21,34.80,0.00,0.00,1,Dragon Wave_FZ3,16.50,16.50hrs
02/02/2026 07:46:57,sell,0.02,USDCAD,1.36606,03/02/2026 09:47:08,1.36529,-0.10,-0.14,7.70,0.89,0.89,7.70,0.00,0.00,1,Dragon Wave_FZ2,26.00,1.08days
02/02/2026 18:01:06,buy,0.02,EURUSD,1.17926,03/02/2026 09:14:01,1.18186,-0.10,-0.16,26.00,4.94,4.94,26.00,0.00,0.00,1,Dragon Wave_AZ2[tp],15.22,15.22hrs
02/02/2026 12:46:25,sell,0.02,USDCHF,0.77594,03/02/2026 08:48:27,0.77774,-0.10,-0.37,-18.00,-5.10,0.00,0.00,-5.10,-18.00,1,Dragon Wave_AZ2,20.03,20.03hrs
02/02/2026 17:46:44,sell,0.05,USDCHF,0.78086,03/02/2026 08:48:26,0.77774,-0.25,-0.93,31.20,18.88,18.88,31.20,0.00,0.00,1,Dragon Wave_AZ3,15.03,15.03hrs
02/02/2026 18:02:35,buy,0.02,GBPUSD,1.36259,03/02/2026 08:17:10,1.36987,-0.10,-0.05,72.80,14.41,14.41,72.80,0.00,0.00,1,Dragon Wave_IZ2,14.24,14.24hrs
02/02/2026 16:16:48,buy,0.02,GBPUSD,1.36363,03/02/2026 06:03:24,1.36885,-0.10,-0.05,52.20,10.29,10.29,52.20,0.00,0.00,1,Dragon Wave_KZ2,13.78,13.78hrs
02/02/2026 01:17:01,sell,0.02,USDCAD,1.36535,02/02/2026 16:34:13,1.36386,-0.10,0.00,14.90,2.08,2.08,14.90,0.00,0.00,1,Dragon Wave_AZ2[tp],15.29,15.29hrs
30/01/2026 23:02:05,sell,0.02,USDJPY,154.74900,02/02/2026 08:44:36,154.62000,-0.10,-0.32,12.90,1.25,1.25,12.90,0.00,0.00,1,Dragon Wave_AZ2[tp],57.71,2.40days
30/01/2026 16:48:26,buy,0.02,EURNZD,1.96200,02/02/2026 01:16:05,1.97249,-0.10,-0.11,104.90,12.38,12.38,104.90,0.00,0.00,1,Dragon Wave_NZ2,56.46,2.35days
30/01/2026 17:18:28,buy,0.02,GBPCAD,1.85612,30/01/2026 23:17:39,1.86322,-0.10,0.00,71.00,10.33,10.33,71.00,0.00,0.00,1,Dragon Wave_KZ2,5.99,5.99hrs
29/01/2026 21:16:40,buy,0.02,GBPCAD,1.86247,30/01/2026 22:56:50,1.86343,-0.10,0.03,9.60,1.34,1.34,9.60,0.00,0.00,1,Dragon Wave_FZ2[tp],25.67,1.07days
30/01/2026 17:17:34,buy,0.02,GBPCAD,1.85659,30/01/2026 22:56:47,1.86316,-0.10,0.00,65.70,9.56,9.56,65.70,0.00,0.00,1,Dragon Wave_DZ2[tp],5.65,5.65hrs
30/01/2026 17:32:17,buy,0.02,EURCAD,1.60834,30/01/2026 20:48:02,1.61369,-0.10,0.00,53.50,7.78,7.78,53.50,0.00,0.00,1,Dragon Wave_DZ2,3.26,3.26hrs
30/01/2026 16:18:39,buy,0.02,EURNZD,1.96455,30/01/2026 20:23:01,1.97283,-0.10,0.00,82.80,9.86,9.86,82.80,0.00,0.00,1,Dragon Wave_IZ2[tp],4.07,4.07hrs
29/01/2026 21:47:14,buy,0.02,EURCAD,1.61304,30/01/2026 20:19:08,1.61369,-0.10,-0.09,6.50,0.77,0.77,6.50,0.00,0.00,1,Dragon Wave_FZ2,22.53,22.53hrs
29/01/2026 23:33:22,buy,0.02,USDCAD,1.34871,30/01/2026 19:19:26,1.35711,-0.10,0.15,84.00,12.43,12.43,84.00,0.00,0.00,1,Dragon Wave_LZ2,19.77,19.77hrs
29/01/2026 15:30:13,buy,0.02,USDCAD,1.35076,30/01/2026 18:18:03,1.35596,-0.10,0.15,52.00,7.72,7.72,52.00,0.00,0.00,1,Dragon Wave_GZ2[tp],26.80,1.12days
29/01/2026 16:16:25,buy,0.02,USDCAD,1.35020,30/01/2026 18:17:59,1.35588,-0.10,0.15,56.80,8.43,8.43,56.80,0.00,0.00,1,Dragon Wave_EZ2[tp],26.03,1.08days
30/01/2026 16:30:29,buy,0.02,EURNZD,1.96367,30/01/2026 17:55:46,1.96737,-0.10,0.00,37.00,4.38,4.38,37.00,0.00,0.00,1,Dragon Wave_BZ2[tp],1.42,1.42hrs
29/01/2026 15:30:57,buy,0.02,USDCAD,1.35071,30/01/2026 15:49:14,1.35422,-0.10,0.15,35.10,5.23,5.23,35.10,0.00,0.00,1,Dragon Wave_NZ2,24.30,1.01days
29/01/2026 16:16:40,buy,0.02,EURCAD,1.61533,30/01/2026 01:29:35,1.61675,-0.10,-0.09,14.20,1.91,1.91,14.20,0.00,0.00,1,Dragon Wave_AZ2[tp],9.22,9.22hrs
29/01/2026 16:31:54,buy,0.02,EURNZD,1.96609,29/01/2026 17:55:15,1.97904,-0.10,0.00,129.50,15.51,15.51,129.50,0.00,0.00,1,Dragon Wave_KZ2[tp],1.39,1.39hrs
29/01/2026 06:47:45,buy,0.02,EURAUD,1.69051,29/01/2026 17:17:46,1.70429,-0.10,0.00,137.80,19.18,19.18,137.80,0.00,0.00,1,Dragon Wave_GZ2[tp],10.50,10.50hrs
29/01/2026 06:45:22,buy,0.02,EURNZD,1.96853,29/01/2026 17:17:46,1.97608,-0.10,0.00,75.50,9.01,9.01,75.50,0.00,0.00,1,Dragon Wave_FZ2[tp],10.54,10.54hrs
29/01/2026 06:48:10,buy,0.02,EURAUD,1.69072,29/01/2026 17:17:45,1.70394,-0.10,0.00,132.20,18.40,18.40,132.20,0.00,0.00,1,Dragon Wave_NZ2[tp],10.49,10.49hrs
29/01/2026 07:32:52,sell,0.02,NZDJPY,93.22100,29/01/2026 17:17:38,92.61000,-0.10,0.00,61.10,7.87,7.87,61.10,0.00,0.00,1,Dragon Wave_KZ2[tp],9.75,9.75hrs
29/01/2026 15:30:43,buy,0.02,USDCAD,1.35073,29/01/2026 17:17:12,1.35514,-0.10,0.00,44.10,6.41,6.41,44.10,0.00,0.00,1,Dragon Wave_KZ2[tp],1.77,1.77hrs
29/01/2026 06:16:12,sell,0.02,AUDJPY,108.31100,29/01/2026 17:16:59,107.50000,-0.10,0.00,81.10,10.48,10.48,81.10,0.00,0.00,1,Dragon Wave_IZ2[tp],11.01,11.01hrs
29/01/2026 06:47:16,sell,0.02,NZDJPY,93.18100,29/01/2026 17:16:56,92.67200,-0.10,0.00,50.90,6.54,6.54,50.90,0.00,0.00,1,Dragon Wave_FZ2[tp],10.49,10.49hrs
29/01/2026 06:46:25,sell,0.02,NZDJPY,93.18600,29/01/2026 17:16:54,92.68100,-0.10,0.00,50.50,6.49,6.49,50.50,0.00,0.00,1,Dragon Wave_DZ2[tp],10.51,10.51hrs
29/01/2026 16:15:59,sell,0.02,CADJPY,113.51200,29/01/2026 17:16:30,113.23400,-0.10,0.00,27.80,3.53,3.53,27.80,0.00,0.00,1,Dragon Wave_AZ2[tp],1.01,1.01hrs
29/01/2026 06:16:54,buy,0.02,EURAUD,1.69326,29/01/2026 17:16:19,1.70255,-0.10,0.00,92.90,12.93,12.93,92.90,0.00,0.00,1,Dragon Wave_IZ2[tp],10.99,10.99hrs
29/01/2026 05:18:46,buy,0.02,EURAUD,1.69582,29/01/2026 17:15:42,1.70186,-0.10,0.00,60.40,8.37,8.37,60.40,0.00,0.00,1,Dragon Wave_KZ2[tp],11.95,11.95hrs
29/01/2026 05:17:12,sell,0.02,AUDJPY,108.16600,29/01/2026 17:15:36,107.65800,-0.10,0.00,50.80,6.52,6.52,50.80,0.00,0.00,1,Dragon Wave_KZ2[tp],11.97,11.97hrs
29/01/2026 16:15:19,buy,0.02,EURNZD,1.96653,29/01/2026 17:14:29,1.97451,-0.10,0.00,79.80,9.55,9.55,79.80,0.00,0.00,1,Dragon Wave_DZ2[tp],0.99,0.99hrs
29/01/2026 06:46:48,buy,0.02,EURAUD,1.69039,29/01/2026 17:13:56,1.70047,-0.10,0.00,100.80,14.06,14.06,100.80,0.00,0.00,1,Dragon Wave_BZ2[tp],10.45,10.45hrs
29/01/2026 06:46:23,sell,0.02,AUDCHF,0.54273,29/01/2026 17:13:52,0.53908,-0.10,0.00,36.50,9.41,9.41,36.50,0.00,0.00,1,Dragon Wave_KZ2[tp],10.46,10.46hrs
28/01/2026 21:30:41,buy,0.02,EURGBP,0.86514,29/01/2026 17:12:56,0.86658,-0.10,-0.94,14.40,2.93,2.93,14.40,0.00,0.00,1,Dragon Wave_AZ2[tp],19.70,19.70hrs
29/01/2026 05:18:42,buy,0.02,EURAUD,1.69582,29/01/2026 17:12:39,1.70043,-0.10,0.00,46.10,6.38,6.38,46.10,0.00,0.00,1,Dragon Wave_FZ2[tp],11.90,11.90hrs
29/01/2026 05:18:37,buy,0.02,EURAUD,1.69592,29/01/2026 17:10:27,1.69997,-0.10,0.00,40.50,5.60,5.60,40.50,0.00,0.00,1,Dragon Wave_DZ2[tp],11.86,11.86hrs
29/01/2026 05:16:30,sell,0.02,AUDJPY,108.19500,29/01/2026 17:09:04,107.75400,-0.10,0.00,44.10,5.65,5.65,44.10,0.00,0.00,1,Dragon Wave_FZ2[tp],11.88,11.88hrs
29/01/2026 06:46:48,sell,0.02,AUDUSD,0.70907,29/01/2026 17:08:54,0.70340,-0.10,0.00,56.70,11.24,11.24,56.70,0.00,0.00,1,Dragon Wave_KZ2[tp],10.37,10.37hrs
29/01/2026 06:15:03,buy,0.02,EURNZD,1.96965,29/01/2026 17:03:05,1.97322,-0.10,0.00,35.70,4.23,4.23,35.70,0.00,0.00,1,Dragon Wave_AZ2[tp],10.80,10.80hrs
29/01/2026 06:02:18,buy,0.02,GBPAUD,1.95501,29/01/2026 17:02:55,1.96035,-0.10,0.00,53.40,7.43,7.43,53.40,0.00,0.00,1,Dragon Wave_FZ2[tp],11.01,11.01hrs
29/01/2026 05:18:24,buy,0.02,EURAUD,1.69589,29/01/2026 17:02:45,1.69755,-0.10,0.00,16.60,2.24,2.24,16.60,0.00,0.00,1,Dragon Wave_AZ2[tp],11.74,11.74hrs
29/01/2026 07:17:08,sell,0.02,AUDCAD,0.95878,29/01/2026 17:02:40,0.95255,-0.10,0.00,62.30,9.12,9.12,62.30,0.00,0.00,1,Dragon Wave_IZ2[tp],9.76,9.76hrs
29/01/2026 06:45:54,sell,0.02,AUDCHF,0.54269,29/01/2026 17:02:34,0.54013,-0.10,0.00,25.60,6.59,6.59,25.60,0.00,0.00,1,Dragon Wave_FZ2[tp],10.28,10.28hrs
29/01/2026 16:32:02,sell,0.02,NZDJPY,93.25300,29/01/2026 17:02:15,92.93500,-0.10,0.00,31.80,4.05,4.05,31.80,0.00,0.00,1,Dragon Wave_AZ2[tp],0.50,0.50hrs
29/01/2026 06:47:57,sell,0.02,AUDCAD,0.95840,29/01/2026 17:01:26,0.95279,-0.10,0.00,56.10,8.21,8.21,56.10,0.00,0.00,1,Dragon Wave_KZ2[tp],10.22,10.22hrs
29/01/2026 07:01:02,sell,0.02,NZDCAD,0.82348,29/01/2026 17:01:13,0.81993,-0.10,0.00,35.50,5.16,5.16,35.50,0.00,0.00,1,Dragon Wave_FZ2[tp],10.00,10.00hrs
29/01/2026 07:31:24,sell,0.02,AUDCHF,0.54290,29/01/2026 17:01:11,0.54049,-0.10,0.00,24.10,6.19,6.19,24.10,0.00,0.00,1,Dragon Wave_DZ2[tp],9.50,9.50hrs
29/01/2026 05:16:04,sell,0.02,AUDJPY,108.19200,29/01/2026 17:01:11,108.04800,-0.10,0.00,14.40,1.78,1.78,14.40,0.00,0.00,1,Dragon Wave_DZ2[tp],11.75,11.75hrs
29/01/2026 07:30:03,sell,0.05,AUDCAD,0.95889,29/01/2026 16:59:01,0.95336,-0.25,0.00,55.30,20.22,20.22,55.30,0.00,0.00,1,Dragon Wave_DZ3[tp],9.48,9.48hrs
29/01/2026 05:47:22,sell,0.02,AUDCAD,0.95605,29/01/2026 16:59:01,0.95336,-0.10,0.00,26.90,3.88,3.88,26.90,0.00,0.00,1,Dragon Wave_DZ2[tp],11.19,11.19hrs
29/01/2026 06:45:51,sell,0.02,AUDCHF,0.54267,29/01/2026 16:57:33,0.54095,-0.10,0.00,17.20,4.39,4.39,17.20,0.00,0.00,1,Dragon Wave_AZ2[tp],10.20,10.20hrs
29/01/2026 07:31:23,sell,0.05,AUDJPY,108.51000,29/01/2026 16:53:06,108.14400,-0.25,0.00,36.60,11.71,11.71,36.60,0.00,0.00,1,Dragon Wave_AZ3[tp],9.36,9.36hrs
28/01/2026 23:45:18,sell,0.02,AUDJPY,107.98000,29/01/2026 16:53:06,108.14400,-0.10,-0.50,-16.40,-2.74,0.00,0.00,-2.74,-16.40,1,Dragon Wave_AZ2[tp],17.13,17.13hrs
29/01/2026 05:47:24,sell,0.02,AUDCAD,0.95606,29/01/2026 13:16:41,0.95331,-0.10,0.00,27.50,3.96,3.96,27.50,0.00,0.00,1,Dragon Wave_FZ2,7.49,7.49hrs
29/01/2026 06:47:38,sell,0.05,AUDCAD,0.95855,29/01/2026 13:16:40,0.95333,-0.25,0.00,52.20,19.00,19.00,52.20,0.00,0.00,1,Dragon Wave_FZ3,6.48,6.48hrs
29/01/2026 06:46:55,sell,0.05,AUDCAD,0.95863,29/01/2026 12:47:06,0.95371,-0.25,0.00,49.20,17.90,17.90,49.20,0.00,0.00,1,Dragon Wave_AZ3,6.00,6.00hrs
29/01/2026 05:39:09,sell,0.02,AUDCAD,0.95554,29/01/2026 12:47:06,0.95371,-0.10,0.00,18.30,2.60,2.60,18.30,0.00,0.00,1,Dragon Wave_AZ2,7.13,7.13hrs
28/01/2026 14:45:07,buy,0.02,USDCAD,1.35575,28/01/2026 21:02:52,1.36033,-0.10,0.00,45.80,6.63,6.63,45.80,0.00,0.00,1,Dragon Wave_FZ2,6.30,6.30hrs
28/01/2026 17:45:03,buy,0.02,GBPCAD,1.86616,28/01/2026 17:59:36,1.86959,-0.10,0.00,34.30,4.96,4.96,34.30,0.00,0.00,1,Dragon Wave_AZ2[tp],0.24,0.24hrs
28/01/2026 09:30:49,buy,0.02,USDCAD,1.35736,28/01/2026 17:08:23,1.35802,-0.10,0.00,6.60,0.87,0.87,6.60,0.00,0.00,1,Dragon Wave_AZ2[tp],7.63,7.63hrs
28/01/2026 09:15:42,sell,0.02,AUDUSD,0.70191,28/01/2026 17:08:06,0.69842,-0.10,0.00,34.90,6.88,6.88,34.90,0.00,0.00,1,Dragon Wave_FZ2[tp],7.87,7.87hrs
27/01/2026 23:01:09,sell,0.02,AUDUSD,0.70032,28/01/2026 17:07:15,0.69942,-0.10,-0.02,9.00,1.68,1.68,9.00,0.00,0.00,1,Dragon Wave_AZ2[tp],18.10,18.10hrs
27/01/2026 23:00:04,sell,0.02,GBPUSD,1.38358,28/01/2026 10:47:53,1.37864,-0.10,-0.05,49.40,9.73,9.73,49.40,0.00,0.00,1,Dragon Wave_AZ2[tp],11.80,11.80hrs
27/01/2026 23:00:22,sell,0.02,NZDUSD,0.60411,28/01/2026 10:46:20,0.60237,-0.10,0.02,17.40,3.40,3.40,17.40,0.00,0.00,1,Dragon Wave_AZ2[tp],11.77,11.77hrs
27/01/2026 23:00:18,sell,0.02,EURUSD,1.20294,28/01/2026 10:46:05,1.19784,-0.10,0.05,51.00,10.15,10.15,51.00,0.00,0.00,1,Dragon Wave_AZ2[tp],11.76,11.76hrs
27/01/2026 22:45:31,buy,0.05,USDCHF,0.76514,28/01/2026 10:43:11,0.76680,-0.25,0.06,16.60,10.63,10.63,16.60,0.00,0.00,1,Dragon Wave_AZ3[tp],11.96,11.96hrs
27/01/2026 16:45:12,buy,0.02,USDCHF,0.76837,28/01/2026 10:43:11,0.76680,-0.10,0.02,-15.70,-4.17,0.00,0.00,-4.17,-15.70,1,Dragon Wave_AZ2[tp],17.97,17.97hrs
26/01/2026 19:15:16,sell,0.02,NZDCAD,0.82126,27/01/2026 02:56:01,0.81758,-0.10,-0.05,36.80,5.22,5.22,36.80,0.00,0.00,1,Dragon Wave_AZ2[tp],7.68,7.68hrs
26/01/2026 10:05:48,balance,0.01,,0.00000,26/01/2026 10:05:48,0.00000,0.00,0.00,0.00,100000.00,0.00,0.00,0.00,0.00,0,Deposit,0.00,0.00hrs
