Open Time,Type,Lots,Symbol,Open Price,Close Time,Close Price,Commission,Swap,Net Pips,Net Profit,Max Profit,Max Pips,Max Loss,Max Loss Pips,Magic Number,Comment,Holding Time (Hours),Holding Time
01/01/1970 00:00:00,balance,0.00,,0.00000,,0.00000,0.00,0.00,0.00,0.00,0.00,0.00,0.00,0.00,0,,0.00,0.00hrs
31/01/2026 12:00:00,buy,0.01,profit,0.00000,31/01/2026 12:00:00,0.00000,0.00,-62.40,0.00,325.99,0.00,0.00,0.00,0.00,0,Summary trade result 01.2026,0.00,0.00hrs
12/01/2026 17:59:04,buy,0.01,EURCHF,0.93006,16/01/2026 04:41:02,0.93211,0.00,0.16,20.50,2.71,5.95,47.30,-0.64,-5.30,123,SMA Buy,82.70,3.45days
09/01/2026 16:39:45,buy,0.02,EURCHF,0.93174,16/01/2026 04:41:02,0.93211,0.00,0.36,3.70,1.28,7.75,30.50,-5.45,-22.10,123,SMA Buy,156.02,6.50days
07/01/2026 17:04:17,sell,0.01,EURJPY,183.05300,16/01/2026 04:41:01,183.55000,0.00,-1.45,-49.70,-4.59,1.98,38.20,-16.78,-253.40,234,SMA Sell,203.61,8.48days
07/01/2026 07:23:27,sell,0.02,EURJPY,182.90200,16/01/2026 04:41:01,183.55300,0.00,-2.91,-65.10,-11.15,2.02,23.10,-35.46,-268.50,234,SMA Sell,213.29,8.89days
09/01/2026 17:06:32,sell,0.07,EURJPY,183.81400,16/01/2026 04:41:00,183.56400,0.00,-5.85,25.00,5.23,5.23,25.00,-79.74,-177.30,234,SMA Sell,155.57,6.48days
09/01/2026 11:00:41,sell,0.04,EURJPY,183.61700,16/01/2026 04:41:00,183.55000,0.00,-3.34,6.70,-1.64,5.59,22.00,-50.50,-197.00,234,SMA Sell,161.67,6.74days
08/01/2026 04:17:16,sell,0.02,EURJPY,183.21800,16/01/2026 04:41:00,183.54600,0.00,-1.98,-32.80,-6.13,6.98,54.70,-30.56,-236.90,234,SMA Sell,192.40,8.02days
12/01/2026 05:28:36,sell,0.18,EURJPY,184.19100,16/01/2026 04:40:59,183.55400,0.00,-15.05,63.70,57.49,57.49,63.70,-162.48,-139.60,234,SMA Sell,95.21,3.97days
12/01/2026 04:31:35,sell,0.12,EURJPY,184.02600,16/01/2026 04:40:59,183.55600,0.00,-10.02,47.00,25.66,25.66,47.00,-120.73,-156.10,234,SMA Sell,96.16,4.01days
12/01/2026 18:30:27,sell,0.30,EURJPY,184.60300,16/01/2026 04:40:58,183.55300,0.00,-25.08,105.00,174.23,174.23,105.00,-193.29,-98.40,234,SMA Sell,82.18,3.42days
09/01/2026 12:28:50,buy,0.01,GBPCAD,1.85997,16/01/2026 04:40:58,1.85916,0.00,0.09,-8.10,-0.49,7.89,109.50,-1.95,-28.30,123,SMA Buy,160.20,6.68days
05/01/2026 20:25:54,buy,0.02,GBPCAD,1.86160,16/01/2026 04:40:58,1.85917,0.00,0.38,-24.30,-3.12,13.63,93.20,-6.04,-44.60,123,SMA Buy,248.25,10.34days
06/01/2026 04:57:16,sell,0.04,NZDUSD,0.58027,16/01/2026 04:40:57,0.57517,0.00,0.57,51.00,20.97,35.69,88.60,-2.96,-7.40,234,SMA Sell,239.73,9.99days
05/01/2026 17:49:02,sell,0.02,NZDUSD,0.57819,16/01/2026 04:40:57,0.57517,0.00,0.27,30.20,6.31,13.69,67.80,-5.62,-28.20,234,SMA Sell,250.87,10.45days
02/01/2026 03:47:40,sell,0.01,NZDUSD,0.57666,16/01/2026 04:40:57,0.57517,0.00,0.15,14.90,1.64,5.33,52.50,-4.33,-43.50,234,SMA Sell,336.89,14.04days
31/12/2025 20:47:28,sell,0.02,NZDUSD,0.57508,16/01/2026 04:40:57,0.57517,0.00,0.29,-0.90,0.11,7.49,36.70,-11.82,-59.30,234,SMA Sell,367.89,15.33days
05/01/2026 18:37:17,buy,0.02,USDJPY,156.39400,09/01/2026 16:15:26,157.78500,0.00,0.35,139.10,17.98,17.98,139.10,-3.55,-27.70,123,SMA Buy,93.64,3.90days
02/01/2026 03:09:51,buy,0.01,USDJPY,156.55800,09/01/2026 16:15:26,157.78700,0.00,0.22,122.90,8.01,8.01,122.90,-2.78,-44.10,123,SMA Buy,181.09,7.55days
02/01/2026 01:53:13,buy,0.02,USDJPY,156.78800,09/01/2026 16:15:24,157.78200,0.00,0.42,99.40,13.02,13.02,99.40,-8.53,-67.10,123,SMA Buy,182.37,7.60days
05/01/2026 18:00:37,sell,0.02,EURAUD,1.74457,07/01/2026 07:23:16,1.73092,0.00,0.02,136.50,18.47,20.48,151.20,-4.15,-31.00,234,SMA Sell,37.38,1.56days
31/12/2025 13:01:34,sell,0.01,EURCHF,0.93130,31/12/2025 19:44:11,0.93159,0.00,0.00,-2.90,-0.36,1.80,14.30,-0.55,-4.40,234,SMA Sell,6.71,6.71hrs
23/12/2025 07:20:17,sell,0.02,EURCHF,0.92965,31/12/2025 19:44:11,0.93159,0.00,-3.18,-19.40,-8.07,4.87,20.10,-8.44,-20.90,234,SMA Sell,204.40,8.52days
23/12/2025 15:17:12,buy,0.01,GBPCAD,1.84891,31/12/2025 19:44:10,1.84495,0.00,0.09,-39.60,-2.80,1.66,21.60,-7.29,-101.30,123,SMA Buy,196.45,8.19days
23/12/2025 09:47:21,buy,0.02,GBPCAD,1.85304,31/12/2025 19:44:10,1.84495,0.00,0.19,-80.90,-11.60,1.85,12.70,-20.60,-142.60,123,SMA Buy,201.95,8.41days
29/12/2025 07:08:54,buy,0.07,GBPCAD,1.84399,31/12/2025 19:44:09,1.84496,0.00,0.48,9.70,5.43,36.60,70.80,-26.10,-52.10,123,SMA Buy,60.59,2.52days
24/12/2025 16:58:14,buy,0.04,GBPCAD,1.84552,31/12/2025 19:44:09,1.84495,0.00,0.36,-5.70,-1.30,16.53,55.50,-19.29,-67.40,123,SMA Buy,170.77,7.12days
24/12/2025 14:11:34,buy,0.02,GBPCAD,1.84702,31/12/2025 19:44:09,1.84495,0.00,0.18,-20.70,-2.84,6.07,40.50,-11.83,-82.40,123,SMA Buy,173.54,7.23days
31/12/2025 17:21:21,buy,0.30,GBPCAD,1.83912,31/12/2025 19:44:08,1.84519,0.00,0.00,60.70,132.70,135.56,62.00,-0.22,-0.10,123,SMA Buy,2.38,2.38hrs
31/12/2025 11:01:52,buy,0.18,GBPCAD,1.84067,31/12/2025 19:44:08,1.84518,0.00,0.00,45.10,59.16,61.00,46.50,-24.80,-18.90,123,SMA Buy,8.70,8.70hrs
31/12/2025 10:39:42,buy,0.12,GBPCAD,1.84217,31/12/2025 19:44:08,1.84519,0.00,0.00,30.20,26.41,27.55,31.50,-29.65,-33.90,123,SMA Buy,9.07,9.07hrs
31/12/2025 07:26:56,buy,0.02,NZDUSD,0.57755,31/12/2025 19:44:07,0.57536,0.00,0.00,-21.90,-4.38,0.00,0.00,-7.00,-35.00,123,SMA Buy,12.29,12.29hrs
29/12/2025 14:30:14,buy,0.01,NZDUSD,0.57937,31/12/2025 19:44:07,0.57536,0.00,-0.40,-40.10,-4.41,2.17,23.70,-5.72,-53.20,123,SMA Buy,53.23,2.22days
23/12/2025 08:38:42,buy,0.02,NZDUSD,0.58112,31/12/2025 19:44:07,0.57536,0.00,-0.98,-57.60,-12.50,7.88,39.80,-15.12,-70.70,123,SMA Buy,203.09,8.46days
31/12/2025 17:19:32,buy,0.04,NZDUSD,0.57518,31/12/2025 19:44:06,0.57537,0.00,0.00,1.90,0.76,1.44,3.60,-4.52,-11.30,123,SMA Buy,2.41,2.41hrs
23/12/2025 08:03:27,sell,0.02,USDCAD,1.37373,31/12/2025 19:44:06,1.37236,0.00,-1.39,13.70,0.61,12.92,93.10,-0.86,-5.90,234,SMA Sell,203.68,8.49days
19/12/2025 16:31:44,buy,0.01,GBPAUD,2.02261,23/12/2025 06:06:47,2.02225,0.00,-0.21,-3.60,-0.45,1.41,21.90,-3.07,-46.40,123,SMA Buy,85.58,3.57days
19/12/2025 13:23:05,buy,0.02,GBPAUD,2.02481,23/12/2025 06:06:47,2.02225,0.00,-0.42,-25.60,-3.83,0.22,1.70,-9.06,-68.40,123,SMA Buy,88.73,3.70days
19/12/2025 16:50:31,buy,0.04,GBPAUD,2.01946,23/12/2025 06:06:46,2.02225,0.00,-0.83,27.90,6.61,13.96,53.40,-3.95,-14.90,123,SMA Buy,85.27,3.55days
19/12/2025 16:40:49,buy,0.02,GBPAUD,2.02105,23/12/2025 06:06:46,2.02225,0.00,-0.42,12.00,1.18,4.87,37.50,-4.08,-30.80,123,SMA Buy,85.43,3.56days
12/12/2025 17:53:32,sell,0.02,GBPCHF,1.06294,23/12/2025 06:06:46,1.06507,0.00,-5.57,-21.30,-10.97,2.07,13.80,-15.63,-58.70,234,SMA Sell,252.22,10.51days
22/12/2025 10:25:25,sell,0.02,GBPCHF,1.06640,23/12/2025 06:06:45,1.06507,0.00,-2.05,13.30,1.32,3.68,16.70,-3.16,-8.40,234,SMA Sell,19.69,19.69hrs
15/12/2025 10:28:13,sell,0.01,GBPCHF,1.06488,23/12/2025 06:06:45,1.06507,0.00,-2.56,-1.90,-2.80,3.69,33.20,-5.16,-39.30,234,SMA Sell,187.64,7.82days
12/12/2025 22:34:19,sell,0.02,USDCAD,1.37663,23/12/2025 06:06:45,1.37350,0.00,-1.36,31.30,3.20,4.52,33.10,-6.90,-40.30,234,SMA Sell,247.54,10.31days
19/12/2025 22:56:09,sell,0.02,USDCAD,1.38021,23/12/2025 06:06:44,1.37350,0.00,-0.30,67.10,9.47,9.49,67.20,-0.65,-4.50,234,SMA Sell,79.18,3.30days
15/12/2025 20:35:51,sell,0.01,USDCAD,1.37851,23/12/2025 06:06:44,1.37350,0.00,-0.63,50.10,3.02,3.70,51.90,-2.03,-21.50,234,SMA Sell,177.51,7.40days
15/12/2025 14:08:19,sell,0.02,USDJPY,154.96300,23/12/2025 06:06:44,156.10600,0.00,-2.60,-114.30,-17.24,6.48,52.30,-37.97,-283.50,234,SMA Sell,183.97,7.67days
19/12/2025 05:05:09,sell,0.04,USDJPY,155.83700,23/12/2025 06:06:43,156.10600,0.00,-1.71,-26.90,-8.60,3.36,13.10,-50.29,-196.10,234,SMA Sell,97.03,4.04days
17/12/2025 22:45:23,sell,0.02,USDJPY,155.68500,23/12/2025 06:06:43,156.10600,0.00,-2.02,-42.10,-7.41,3.59,34.70,-28.24,-211.30,234,SMA Sell,127.36,5.31days
15/12/2025 19:38:44,sell,0.01,USDJPY,155.33900,23/12/2025 06:06:43,156.10600,0.00,-1.31,-76.70,-6.22,5.67,89.90,-16.61,-245.90,234,SMA Sell,178.47,7.44days
19/12/2025 10:04:16,sell,0.18,USDJPY,156.82900,23/12/2025 06:06:42,156.10600,0.00,-7.68,72.30,75.69,75.69,72.30,-113.13,-96.90,234,SMA Sell,92.04,3.84days
19/12/2025 08:41:15,sell,0.12,USDJPY,156.29500,23/12/2025 06:06:42,156.10600,0.00,-5.12,18.90,9.41,20.07,26.10,-116.03,-150.30,234,SMA Sell,93.42,3.89days
19/12/2025 05:23:38,sell,0.07,USDJPY,156.01000,23/12/2025 06:06:42,156.10700,0.00,-2.99,-9.70,-7.34,7.82,17.40,-80.33,-178.80,234,SMA Sell,96.72,4.03days
19/12/2025 11:34:14,sell,0.30,USDJPY,157.08100,23/12/2025 06:06:41,156.10700,0.00,-12.80,97.40,174.38,174.38,97.40,-140.64,-71.70,234,SMA Sell,90.54,3.77days
15/12/2025 08:01:54,buy,0.12,EURJPY,181.99700,19/12/2025 13:23:04,184.19700,0.00,-1.19,220.00,166.67,177.15,233.90,-33.79,-43.00,123,SMA Buy,101.35,4.22days
15/12/2025 05:09:18,buy,0.04,EURJPY,182.45300,19/12/2025 13:23:04,184.19700,0.00,-0.41,174.40,43.95,47.45,188.30,-23.07,-88.60,123,SMA Buy,104.23,4.34days
15/12/2025 06:23:51,buy,0.07,EURJPY,182.21800,19/12/2025 13:23:03,184.19700,0.00,-0.69,197.90,87.39,93.52,211.80,-29.73,-65.10,123,SMA Buy,102.99,4.29days
15/12/2025 04:00:35,buy,0.01,EURJPY,182.76900,19/12/2025 13:23:03,184.19600,0.00,-0.11,142.70,8.96,9.85,156.70,-7.82,-120.20,123,SMA Buy,105.37,4.39days
15/12/2025 04:30:04,buy,0.02,EURJPY,182.61000,19/12/2025 13:23:02,184.19700,0.00,-0.19,158.70,19.99,21.74,172.60,-13.56,-104.30,123,SMA Buy,104.88,4.37days
12/12/2025 17:26:32,buy,0.02,EURJPY,182.93400,19/12/2025 13:23:01,184.19700,0.00,-0.22,126.30,15.84,17.60,140.20,-17.78,-136.70,123,SMA Buy,163.94,6.83days
14/11/2025 10:15:45,sell,0.30,CHFJPY,195.54800,11/12/2025 17:42:28,195.38000,0.00,-18.91,16.80,13.58,583.15,307.70,-39.70,-16.60,234,SMA Sell,655.45,27.31days
05/12/2025 09:13:10,buy,0.02,NZDUSD,0.57755,11/12/2025 17:42:27,0.58215,0.00,-0.49,46.00,8.71,10.25,53.70,-3.32,-16.20,123,SMA Buy,152.49,6.35days
21/11/2025 01:43:05,buy,0.01,USDJPY,157.27500,11/12/2025 17:42:27,155.07700,0.00,0.91,-219.80,-13.26,1.54,24.20,-17.93,-286.50,123,SMA Buy,495.99,20.67days
10/11/2025 10:42:21,buy,0.01,USDCAD,1.40047,11/12/2025 17:42:27,1.37612,0.00,1.00,-243.50,-16.69,9.18,124.30,-16.69,-243.50,123,SMA Buy,751.00,31.29days
21/11/2025 09:39:52,buy,0.02,USDJPY,156.94600,11/12/2025 17:42:26,155.07700,0.00,1.72,-186.90,-22.38,2.79,21.90,-31.67,-253.60,123,SMA Buy,488.04,20.34days
13/11/2025 11:24:32,buy,0.02,USDCAD,1.39883,11/12/2025 17:42:26,1.37612,0.00,1.96,-227.10,-31.05,20.55,140.70,-31.05,-227.10,123,SMA Buy,678.30,28.26days
21/11/2025 09:50:26,buy,0.04,USDJPY,156.73800,11/12/2025 17:42:25,155.07700,0.00,3.45,-166.10,-39.39,10.87,42.70,-57.94,-232.80,123,SMA Buy,487.87,20.33days
20/11/2025 17:08:23,buy,0.02,USDJPY,157.68100,11/12/2025 17:42:25,155.07700,0.00,1.84,-260.40,-31.74,2.37,18.70,-41.07,-327.10,123,SMA Buy,504.57,21.02days
05/11/2025 17:52:23,sell,0.01,CHFJPY,190.26500,11/12/2025 17:42:25,195.38500,0.00,-0.83,-512.00,-33.84,5.72,88.50,-35.43,-544.90,234,SMA Sell,863.83,35.99days
21/11/2025 17:41:23,buy,0.07,USDJPY,156.31100,11/12/2025 17:42:24,155.07400,0.00,6.08,-123.70,-49.76,38.04,85.40,-82.01,-190.10,123,SMA Buy,480.02,20.00days
04/11/2025 12:59:40,buy,0.02,USDCAD,1.40725,11/12/2025 17:42:24,1.37608,0.00,2.52,-311.70,-42.78,9.39,65.60,-42.78,-311.70,123,SMA Buy,892.71,37.20days
28/11/2025 17:17:58,buy,0.04,USDCAD,1.39699,11/12/2025 17:42:23,1.37608,0.00,1.50,-209.10,-59.28,12.71,43.20,-59.28,-209.10,123,SMA Buy,312.41,13.02days
07/11/2025 16:56:15,sell,0.02,CHFJPY,190.53500,11/12/2025 17:42:23,195.38700,0.00,-1.56,-485.20,-64.13,2.25,17.20,-67.29,-517.90,234,SMA Sell,816.77,34.03days
04/11/2025 13:06:31,sell,0.02,CHFJPY,189.95000,11/12/2025 17:42:23,195.38400,0.00,-1.83,-543.40,-71.91,10.19,78.40,-75.07,-576.40,234,SMA Sell,892.60,37.19days
28/11/2025 18:02:01,buy,0.07,USDCAD,1.39468,11/12/2025 17:42:22,1.37606,0.00,2.67,-186.20,-92.05,33.78,66.30,-92.05,-186.20,123,SMA Buy,311.67,12.99days
27/11/2025 02:55:36,buy,0.18,USDJPY,155.94200,11/12/2025 17:42:22,155.07200,0.00,11.45,-87.00,-89.54,122.77,99.90,-172.04,-153.20,123,SMA Buy,350.78,14.62days
27/11/2025 02:10:09,buy,0.12,USDJPY,156.13500,11/12/2025 17:42:22,155.07100,0.00,7.62,-106.40,-74.72,67.08,80.60,-129.70,-172.50,123,SMA Buy,351.54,14.65days
04/12/2025 17:44:45,buy,0.12,USDCAD,1.39306,11/12/2025 17:42:21,1.37604,0.00,2.80,-170.20,-145.63,26.21,29.10,-145.63,-170.20,123,SMA Buy,167.96,7.00days
27/11/2025 03:33:20,buy,0.30,USDJPY,155.76700,11/12/2025 17:42:21,155.06600,0.00,19.07,-70.10,-116.55,238.06,117.40,-252.74,-135.70,123,SMA Buy,350.15,14.59days
10/11/2025 09:46:32,sell,0.04,CHFJPY,191.20800,11/12/2025 17:42:21,195.38200,0.00,-3.17,-417.40,-110.83,5.87,22.60,-117.36,-450.60,234,SMA Sell,751.93,31.33days
05/12/2025 15:32:44,buy,0.18,USDCAD,1.39110,11/12/2025 17:42:20,1.37605,0.00,2.42,-150.50,-194.45,0.00,0.00,-194.45,-150.50,123,SMA Buy,146.16,6.09days
11/11/2025 10:26:59,sell,0.12,CHFJPY,192.00500,11/12/2025 17:42:20,195.38300,0.00,-9.10,-337.80,-270.49,0.00,0.00,-290.29,-370.90,234,SMA Sell,727.26,30.30days
10/11/2025 10:51:07,sell,0.07,CHFJPY,191.39300,11/12/2025 17:42:20,195.38500,0.00,-5.45,-399.20,-185.64,18.68,41.10,-196.97,-432.10,234,SMA Sell,750.85,31.29days
05/12/2025 15:41:47,buy,0.30,USDCAD,1.38941,11/12/2025 17:42:19,1.37606,0.00,4.04,-133.50,-287.01,0.00,0.00,-287.01,-133.50,123,SMA Buy,146.01,6.08days
11/11/2025 13:06:31,sell,0.30,CHFJPY,192.41800,11/12/2025 17:42:19,195.38200,0.00,-22.63,-296.40,-596.02,34.33,17.60,-646.07,-329.60,234,SMA Sell,724.60,30.19days
11/11/2025 11:35:45,sell,0.18,CHFJPY,192.20400,11/12/2025 17:42:19,195.38300,0.00,-13.58,-317.90,-382.56,6.06,5.20,-412.37,-351.00,234,SMA Sell,726.11,30.25days
01/12/2025 12:36:24,sell,0.01,EURAUD,1.77477,05/12/2025 09:12:54,1.76099,0.00,0.07,137.80,9.20,10.13,151.80,-0.83,-12.80,234,SMA Sell,92.61,3.86days
28/11/2025 20:02:13,sell,0.02,EURAUD,1.77086,05/12/2025 09:12:53,1.76102,0.00,0.23,98.40,13.27,15.17,112.70,-6.71,-51.90,234,SMA Sell,157.18,6.55days
25/11/2025 16:05:19,sell,0.12,EURCAD,1.63094,28/11/2025 16:57:37,1.61989,0.00,-1.55,110.50,93.28,103.19,122.10,-20.25,-23.80,234,SMA Sell,72.87,3.04days
21/11/2025 10:21:35,sell,0.04,EURCAD,1.62725,28/11/2025 16:57:37,1.61989,0.00,-0.91,73.60,20.14,23.45,85.20,-17.60,-60.70,234,SMA Sell,174.60,7.28days
20/11/2025 16:37:56,sell,0.01,EURCAD,1.62143,28/11/2025 16:57:36,1.61989,0.00,-0.25,15.40,0.85,1.68,27.00,-8.55,-118.90,234,SMA Sell,192.33,8.01days
25/11/2025 16:48:19,sell,0.18,EURCAD,1.63265,28/11/2025 16:57:35,1.61986,0.00,-2.31,127.90,162.34,176.80,139.20,-8.55,-6.70,234,SMA Sell,72.15,3.01days
24/11/2025 14:05:01,sell,0.07,EURCAD,1.62878,28/11/2025 16:57:34,1.61986,0.00,-1.35,89.20,43.31,48.94,100.50,-22.98,-45.40,234,SMA Sell,98.88,4.12days
20/11/2025 19:30:57,sell,0.02,EURCAD,1.62572,28/11/2025 16:57:33,1.61986,0.00,-0.50,58.60,7.88,9.49,69.90,-11.03,-76.00,234,SMA Sell,189.44,7.89days
19/11/2025 22:38:16,sell,0.02,EURCAD,1.61964,28/11/2025 16:57:32,1.61966,0.00,-0.70,-0.20,-0.73,1.64,12.90,-19.85,-136.80,234,SMA Sell,210.32,8.76days
14/11/2025 15:22:17,buy,0.02,NZDJPY,87.39600,20/11/2025 17:08:22,88.64700,0.00,0.21,125.10,16.08,18.35,143.00,-0.69,-5.30,123,SMA Buy,145.77,6.07days
14/11/2025 14:35:36,buy,0.01,NZDJPY,87.55600,20/11/2025 17:08:22,88.65000,0.00,0.12,109.40,7.06,8.18,127.00,-1.38,-21.30,123,SMA Buy,146.55,6.11days
14/11/2025 10:51:41,buy,0.02,NZDJPY,87.74000,20/11/2025 17:08:20,88.64000,0.00,0.21,90.00,11.63,13.99,108.60,-5.16,-39.70,123,SMA Buy,150.28,6.26days
14/11/2025 05:39:15,sell,0.01,NZDUSD,0.56883,19/11/2025 22:38:11,0.56012,0.00,0.03,87.10,8.74,9.70,96.70,-0.28,-2.80,234,SMA Sell,136.98,5.71days
04/11/2025 12:59:58,sell,0.02,NZDUSD,0.56657,19/11/2025 22:38:11,0.56012,0.00,0.34,64.50,13.24,15.16,74.10,-4.80,-25.40,234,SMA Sell,369.64,15.40days
13/11/2025 20:45:01,sell,0.02,GBPCHF,1.04483,14/11/2025 10:27:04,1.03750,0.00,-0.42,73.30,18.12,20.00,80.70,-5.19,-18.90,234,SMA Sell,13.70,13.70hrs
13/11/2025 04:45:34,buy,0.04,EURAUD,1.76600,13/11/2025 20:45:00,1.78302,0.00,0.00,170.20,44.45,48.70,186.60,-7.81,-29.70,123,SMA Buy,15.99,15.99hrs
07/11/2025 08:32:28,buy,0.01,EURAUD,1.77892,13/11/2025 20:45:00,1.78294,0.00,-0.49,40.20,2.13,6.74,104.20,-10.93,-158.90,123,SMA Buy,156.21,6.51days
10/11/2025 19:52:46,buy,0.02,EURAUD,1.76815,13/11/2025 20:44:59,1.78301,0.00,-0.95,148.60,18.46,20.60,165.10,-7.68,-51.20,123,SMA Buy,72.87,3.04days
07/11/2025 02:10:28,buy,0.02,EURAUD,1.78123,13/11/2025 20:44:58,1.78308,0.00,-0.95,18.50,1.47,10.50,81.10,-24.88,-182.00,123,SMA Buy,162.57,6.77days
29/10/2025 20:44:42,buy,0.02,AUDJPY,100.39700,04/11/2025 11:46:28,99.77900,0.00,0.53,-61.80,-7.52,10.54,78.00,-7.52,-61.80,123,SMA Buy,135.03,5.63days
29/10/2025 09:44:23,sell,0.02,GBPCHF,1.05157,04/11/2025 11:46:28,1.05607,0.00,-2.47,-45.00,-13.61,0.00,0.00,-31.13,-112.60,234,SMA Sell,146.03,6.08days
31/10/2025 20:34:58,sell,0.04,GBPCHF,1.05689,04/11/2025 11:46:27,1.05601,0.00,-1.64,8.80,2.72,2.72,8.80,-32.62,-59.40,234,SMA Sell,87.19,3.63days
29/10/2025 21:36:07,sell,0.02,GBPCHF,1.05514,04/11/2025 11:46:27,1.05602,0.00,-2.47,-8.80,-4.65,4.50,22.90,-22.29,-76.90,234,SMA Sell,134.17,5.59days
29/10/2025 13:38:03,sell,0.01,GBPCHF,1.05350,04/11/2025 11:46:27,1.05604,0.00,-1.24,-25.40,-4.39,0.94,7.50,-13.18,-93.30,234,SMA Sell,142.14,5.92days
20/10/2025 04:07:58,sell,0.01,NZDJPY,86.62300,04/11/2025 11:46:26,87.00600,0.00,-0.93,-38.30,-3.42,2.26,34.00,-15.11,-220.40,234,SMA Sell,367.64,15.32days
17/10/2025 16:47:18,sell,0.02,NZDJPY,85.82800,04/11/2025 11:46:26,87.00600,0.00,-1.95,-117.80,-17.29,0.00,0.00,-40.65,-299.90,234,SMA Sell,426.99,17.79days
22/10/2025 07:27:02,sell,0.07,NZDJPY,87.30000,04/11/2025 11:46:25,87.00600,0.00,-5.64,29.40,7.76,13.84,30.00,-74.13,-152.70,234,SMA Sell,316.32,13.18days
21/10/2025 15:47:52,sell,0.04,NZDJPY,87.05700,04/11/2025 11:46:25,87.00600,0.00,-3.47,5.10,-2.14,8.76,33.20,-48.92,-177.00,234,SMA Sell,331.98,13.83days
21/10/2025 13:41:50,sell,0.02,NZDJPY,86.85000,04/11/2025 11:46:25,87.00600,0.00,-1.73,-15.60,-3.76,1.65,12.50,-27.14,-197.70,234,SMA Sell,334.08,13.92days
24/10/2025 04:04:24,sell,0.30,NZDJPY,87.85900,04/11/2025 11:46:24,87.00600,0.00,-15.02,85.30,151.66,151.66,85.30,-199.53,-96.80,234,SMA Sell,271.70,11.32days
23/10/2025 11:52:51,sell,0.18,NZDJPY,87.68600,04/11/2025 11:46:24,87.00600,0.00,-10.38,68.00,69.34,69.34,68.00,-141.33,-114.10,234,SMA Sell,287.89,12.00days
23/10/2025 09:45:06,sell,0.12,NZDJPY,87.52300,04/11/2025 11:46:24,87.00600,0.00,-6.94,51.70,33.47,33.47,51.70,-106.94,-130.40,234,SMA Sell,290.02,12.08days
29/10/2025 20:37:03,buy,0.01,NZDUSD,0.57644,04/11/2025 11:46:23,0.56661,0.00,-0.24,-98.30,-10.07,2.11,22.30,-10.07,-98.30,123,SMA Buy,135.16,5.63days
28/10/2025 18:12:16,buy,0.02,NZDUSD,0.57803,04/11/2025 11:46:23,0.56661,0.00,-0.56,-114.20,-23.40,3.96,20.20,-23.40,-114.20,123,SMA Buy,161.57,6.73days
03/11/2025 18:06:33,buy,0.04,NZDUSD,0.57062,04/11/2025 11:46:22,0.56662,0.00,-0.16,-40.00,-16.16,1.88,4.70,-16.16,-40.00,123,SMA Buy,17.66,17.66hrs
03/11/2025 11:36:01,sell,0.07,GBPCHF,1.05921,04/11/2025 11:46:22,1.05610,0.00,-1.43,31.10,25.51,25.51,31.10,-35.56,-36.20,234,SMA Sell,24.17,1.01days
30/10/2025 15:03:00,buy,0.02,NZDUSD,0.57305,04/11/2025 11:46:22,0.56661,0.00,-0.24,-64.40,-13.12,3.26,16.30,-13.12,-64.40,123,SMA Buy,116.72,4.86days
04/11/2025 07:46:21,buy,0.01,AUDJPY,100.20000,04/11/2025 11:46:21,99.77600,0.00,0.00,-42.40,-2.76,0.00,0.00,-2.76,-42.40,123,SMA Buy,4.00,4.00hrs
04/11/2025 03:43:03,buy,0.07,NZDUSD,0.56910,04/11/2025 11:46:21,0.56662,0.00,0.00,-24.80,-17.36,5.11,7.30,-17.36,-24.80,123,SMA Buy,8.05,8.05hrs
04/11/2025 03:00:39,sell,0.12,GBPCHF,1.06185,04/11/2025 11:46:21,1.05614,0.00,0.00,57.10,84.77,84.77,57.10,-13.34,-9.00,234,SMA Sell,8.76,8.76hrs
04/11/2025 11:40:51,buy,0.12,NZDUSD,0.56704,04/11/2025 11:46:20,0.56662,0.00,0.00,-4.20,-5.04,0.00,0.00,-5.04,-4.20,123,SMA Buy,0.09,0.09hrs
04/11/2025 08:26:43,buy,0.02,AUDJPY,99.93500,04/11/2025 11:46:20,99.77600,0.00,0.00,-15.90,-2.07,2.27,17.40,-2.07,-15.90,123,SMA Buy,3.33,3.33hrs
24/10/2025 15:26:24,sell,0.01,EURCAD,1.62904,29/10/2025 20:44:42,1.61734,0.00,-0.06,117.00,8.33,9.09,127.60,-2.76,-38.80,234,SMA Sell,125.31,5.22days
24/10/2025 15:31:30,sell,0.02,EURCAD,1.63128,29/10/2025 20:44:41,1.61722,0.00,-0.14,140.60,20.03,21.37,150.00,-2.34,-16.40,234,SMA Sell,125.22,5.22days
22/10/2025 01:10:47,sell,0.02,EURCAD,1.62612,29/10/2025 20:44:40,1.61722,0.00,-0.33,89.00,12.44,13.78,98.40,-9.88,-68.00,234,SMA Sell,187.56,7.82days
24/10/2025 10:06:13,buy,0.02,AUDJPY,99.46700,29/10/2025 08:46:54,100.53300,0.00,0.21,106.60,14.22,16.33,122.90,-3.10,-23.70,123,SMA Buy,118.68,4.94days
21/10/2025 13:15:50,sell,0.01,GBPCHF,1.06354,28/10/2025 18:12:15,1.05320,0.00,-1.46,103.40,11.58,12.51,110.80,-4.16,-31.50,234,SMA Sell,172.94,7.21days
17/10/2025 16:38:42,sell,0.02,GBPCHF,1.06180,28/10/2025 18:12:14,1.05321,0.00,-3.77,85.90,17.89,19.79,93.40,-13.54,-49.90,234,SMA Sell,265.56,11.06days
22/10/2025 09:32:04,buy,0.02,USDJPY,151.76600,24/10/2025 10:06:11,152.88000,0.00,0.42,111.40,14.99,17.15,128.00,-2.03,-15.40,123,SMA Buy,48.57,2.02days
14/10/2025 10:25:51,sell,0.02,EURUSD,1.15665,17/10/2025 15:11:20,1.16796,0.00,0.40,-113.10,-22.22,4.24,21.20,-31.92,-161.60,234,SMA Sell,76.76,3.20days
14/10/2025 05:29:32,sell,0.02,NZDUSD,0.57217,17/10/2025 15:11:20,0.57303,0.00,0.15,-8.60,-1.57,7.62,38.10,-6.58,-33.50,234,SMA Sell,81.70,3.40days
15/10/2025 04:30:50,sell,0.04,EURUSD,1.16202,17/10/2025 15:11:19,1.16796,0.00,0.64,-59.40,-23.12,2.92,7.30,-42.52,-107.90,234,SMA Sell,58.67,2.44days
14/10/2025 19:09:09,sell,0.02,EURUSD,1.16044,17/10/2025 15:11:19,1.16796,0.00,0.40,-75.20,-14.64,0.52,2.60,-24.34,-123.70,234,SMA Sell,68.04,2.83days
14/10/2025 17:45:04,sell,0.01,EURUSD,1.15876,17/10/2025 15:11:19,1.16796,0.00,0.20,-92.00,-9.00,0.11,1.10,-13.85,-140.50,234,SMA Sell,69.44,2.89days
16/10/2025 03:42:49,buy,0.02,EURCAD,1.63711,17/10/2025 15:11:18,1.63901,0.00,-0.11,19.00,2.60,13.12,92.90,-3.88,-27.20,123,SMA Buy,35.47,1.48days
15/10/2025 19:01:12,sell,0.07,EURUSD,1.16352,17/10/2025 15:11:18,1.16796,0.00,1.11,-44.40,-29.97,4.69,6.70,-63.92,-92.90,234,SMA Sell,44.17,1.84days
16/10/2025 04:30:02,sell,0.01,NZDUSD,0.57406,17/10/2025 15:11:17,0.57302,0.00,0.02,10.40,1.06,2.66,26.40,-1.46,-14.60,234,SMA Sell,34.69,1.45days
16/10/2025 03:47:24,sell,0.12,EURUSD,1.16640,17/10/2025 15:11:17,1.16794,0.00,0.48,-15.40,-18.00,21.12,17.60,-76.44,-64.10,234,SMA Sell,35.40,1.47days
16/10/2025 20:22:21,sell,0.18,EURUSD,1.16873,17/10/2025 15:11:16,1.16786,0.00,0.71,8.70,16.37,16.37,8.70,-72.73,-40.80,234,SMA Sell,18.82,18.82hrs
17/10/2025 14:47:34,sell,0.01,AUDJPY,97.45800,17/10/2025 15:11:15,97.58800,0.00,0.00,-13.00,-0.87,0.43,6.50,-1.00,-17.10,234,SMA Sell,0.39,0.39hrs
17/10/2025 07:35:12,sell,0.02,AUDJPY,97.14600,17/10/2025 15:11:15,97.59000,0.00,0.00,-44.40,-5.91,10.57,79.00,-6.14,-48.30,234,SMA Sell,7.60,7.60hrs
17/10/2025 03:56:47,sell,0.30,EURUSD,1.17081,17/10/2025 15:11:15,1.16791,0.00,0.00,29.00,87.00,87.00,29.00,-60.00,-20.00,234,SMA Sell,11.24,11.24hrs
16/10/2025 11:02:22,sell,0.07,GBPJPY,203.07100,17/10/2025 07:02:05,201.81600,0.00,-1.44,125.50,57.11,63.78,139.70,-16.83,-36.40,234,SMA Sell,20.00,20.00hrs
15/10/2025 15:13:42,sell,0.02,GBPJPY,202.40600,17/10/2025 07:02:05,201.81600,0.00,-1.64,59.00,6.22,8.12,73.20,-14.82,-102.90,234,SMA Sell,39.81,1.66days
16/10/2025 12:04:04,sell,0.12,GBPJPY,203.24300,17/10/2025 07:02:04,201.81500,0.00,-2.46,142.80,111.74,123.10,156.90,-15.22,-19.20,234,SMA Sell,18.97,18.97hrs
16/10/2025 08:24:07,sell,0.04,GBPJPY,202.75700,17/10/2025 07:02:03,201.81500,0.00,-0.82,94.20,24.29,28.07,108.30,-17.91,-67.80,234,SMA Sell,22.63,22.63hrs
15/10/2025 13:12:10,sell,0.01,GBPJPY,202.18200,17/10/2025 07:02:03,201.81800,0.00,-0.82,36.40,1.61,2.57,50.80,-8.89,-125.30,234,SMA Sell,41.83,1.74days
14/10/2025 18:01:27,sell,0.02,GBPJPY,201.84700,17/10/2025 07:02:01,201.81200,0.00,-2.05,3.50,-1.58,2.58,22.60,-22.62,-158.80,234,SMA Sell,61.01,2.54days
15/10/2025 12:09:59,buy,0.01,GBPAUD,2.04666,16/10/2025 03:42:31,2.06911,0.00,-0.09,224.50,14.47,14.95,231.90,-0.20,-3.00,123,SMA Buy,15.54,15.54hrs
14/10/2025 08:52:36,buy,0.02,GBPAUD,2.06211,16/10/2025 03:42:31,2.06908,0.00,-0.23,69.70,8.82,9.81,77.40,-21.22,-162.30,123,SMA Buy,42.83,1.78days
14/10/2025 05:41:17,sell,0.02,AUDJPY,99.27300,14/10/2025 08:52:28,98.22900,0.00,0.00,104.40,13.76,15.85,120.20,-0.60,-4.60,234,SMA Sell,3.19,3.19hrs
10/10/2025 18:37:12,sell,0.02,GBPCAD,1.86834,14/10/2025 03:35:54,1.87157,0.00,-0.42,-32.30,-5.02,4.10,30.20,-6.32,-41.40,234,SMA Sell,80.98,3.37days
10/10/2025 06:44:58,sell,0.01,GBPCAD,1.86564,14/10/2025 03:35:54,1.87157,0.00,-0.20,-59.30,-4.42,6.48,90.60,-5.07,-68.40,234,SMA Sell,92.85,3.87days
09/10/2025 20:53:43,sell,0.02,GBPCAD,1.86334,14/10/2025 03:35:54,1.87157,0.00,-0.42,-82.30,-12.15,9.67,67.60,-13.44,-91.40,234,SMA Sell,102.70,4.28days
09/10/2025 16:12:56,buy,0.02,GBPJPY,204.09800,14/10/2025 03:35:53,203.37900,0.00,0.26,-71.90,-9.16,3.24,24.80,-29.80,-226.20,123,SMA Buy,107.38,4.47days
09/10/2025 11:46:23,buy,0.01,GBPJPY,204.25600,14/10/2025 03:35:53,203.37900,0.00,0.13,-87.70,-5.62,1.61,24.60,-15.95,-242.00,123,SMA Buy,111.83,4.66days
09/10/2025 05:41:09,buy,0.02,GBPJPY,204.62600,14/10/2025 03:35:53,203.37900,0.00,0.26,-124.70,-16.09,2.22,17.00,-36.78,-279.00,123,SMA Buy,117.91,4.91days
10/10/2025 06:54:40,buy,0.12,GBPJPY,203.25100,14/10/2025 03:35:52,203.37700,0.00,0.79,12.60,10.70,17.50,22.30,-112.33,-141.50,123,SMA Buy,92.69,3.86days
09/10/2025 20:09:05,buy,0.07,GBPJPY,203.44500,14/10/2025 03:35:52,203.37700,0.00,0.90,-6.80,-2.22,11.95,25.20,-74.07,-160.90,123,SMA Buy,103.45,4.31days
09/10/2025 19:02:25,buy,0.04,GBPJPY,203.70300,14/10/2025 03:35:52,203.37900,0.00,0.51,-32.40,-7.99,0.09,0.00,-49.15,-186.70,123,SMA Buy,104.56,4.36days
10/10/2025 14:00:18,buy,0.30,GBPJPY,202.63800,14/10/2025 03:35:51,203.37700,0.00,1.98,73.90,147.32,156.72,78.70,-159.16,-80.20,123,SMA Buy,85.59,3.57days
10/10/2025 13:52:19,buy,0.18,GBPJPY,202.77800,14/10/2025 03:35:51,203.37700,0.00,1.19,59.90,71.87,77.52,64.70,-112.17,-94.20,123,SMA Buy,85.73,3.57days
08/10/2025 08:10:53,sell,0.02,NZDUSD,0.57419,14/10/2025 03:35:51,0.57222,0.00,0.18,19.70,4.12,5.54,26.80,-12.86,-64.90,234,SMA Sell,139.42,5.81days
09/10/2025 03:59:37,sell,0.02,NZDUSD,0.57906,14/10/2025 03:35:50,0.57222,0.00,0.06,68.40,13.74,15.16,75.50,-3.24,-16.20,234,SMA Sell,119.60,4.98days
08/10/2025 13:50:14,sell,0.01,NZDUSD,0.57711,14/10/2025 03:35:50,0.57222,0.00,0.10,48.90,4.99,5.70,56.00,-3.51,-35.70,234,SMA Sell,133.76,5.57days
06/10/2025 02:21:44,buy,0.02,USDCAD,1.39638,14/10/2025 03:35:50,1.40356,0.00,0.48,71.80,10.71,11.56,77.80,-4.26,-30.50,123,SMA Buy,193.24,8.05days
13/10/2025 22:26:50,sell,0.07,GBPCAD,1.87189,14/10/2025 03:35:49,1.87166,0.00,-0.73,2.30,0.42,2.96,7.40,-3.67,-5.90,234,SMA Sell,5.15,5.15hrs
13/10/2025 19:15:44,sell,0.04,GBPCAD,1.87035,14/10/2025 03:35:49,1.87157,0.00,-0.42,-12.20,-3.90,0.11,0.40,-6.49,-21.30,234,SMA Sell,8.33,8.33hrs
07/10/2025 17:08:40,buy,0.01,USDCAD,1.39486,14/10/2025 03:35:49,1.40356,0.00,0.21,87.00,6.41,6.83,93.00,-1.07,-15.30,123,SMA Buy,154.45,6.44days
07/10/2025 04:03:05,sell,0.01,EURAUD,1.77138,09/10/2025 16:16:15,1.75898,0.00,0.06,124.00,8.25,9.20,138.30,-1.55,-23.50,234,SMA Sell,60.22,2.51days
07/10/2025 10:26:11,sell,0.02,EURAUD,1.77317,09/10/2025 16:16:14,1.75896,0.00,0.13,142.10,18.89,20.77,156.20,-0.03,-0.20,234,SMA Sell,53.83,2.24days
06/10/2025 19:11:48,sell,0.02,EURAUD,1.76941,09/10/2025 16:16:13,1.75897,0.00,0.16,104.40,13.94,15.84,118.60,-5.66,-43.20,234,SMA Sell,69.07,2.88days
06/10/2025 03:53:54,buy,0.02,NZDJPY,87.23100,09/10/2025 04:58:47,88.34800,0.00,0.20,111.70,14.84,16.70,125.90,-0.72,-5.40,123,SMA Buy,73.08,3.05days
30/09/2025 08:34:22,buy,0.02,CHFJPY,186.04700,06/10/2025 00:18:38,187.34600,0.00,-0.66,129.90,16.74,16.90,131.10,-28.09,-205.30,123,SMA Buy,135.74,5.66days
29/09/2025 11:49:04,buy,0.01,CHFJPY,186.61500,06/10/2025 00:18:38,187.34400,0.00,-0.38,72.90,4.51,4.60,74.30,-17.96,-262.10,123,SMA Buy,156.49,6.52days
18/09/2025 14:25:05,buy,0.02,CHFJPY,186.77000,06/10/2025 00:18:38,187.34900,0.00,-1.90,57.90,5.85,9.28,77.10,-39.19,-277.60,123,SMA Buy,417.89,17.41days
01/10/2025 10:27:26,buy,0.12,CHFJPY,185.31200,06/10/2025 00:18:37,187.35800,0.00,-3.30,204.60,161.14,161.14,204.60,-107.79,-131.80,123,SMA Buy,109.85,4.58days
01/10/2025 09:18:32,buy,0.07,CHFJPY,185.46400,06/10/2025 00:18:37,187.34200,0.00,-1.93,187.80,86.13,86.86,189.40,-70.13,-147.00,123,SMA Buy,111.00,4.63days
30/09/2025 12:14:13,buy,0.04,CHFJPY,185.62000,06/10/2025 00:18:37,187.35400,0.00,-1.32,173.40,45.13,45.24,173.80,-44.55,-162.60,123,SMA Buy,132.07,5.50days
01/10/2025 11:21:38,buy,0.30,CHFJPY,185.00900,06/10/2025 00:18:36,187.35900,0.00,-8.26,235.00,463.93,463.93,235.00,-207.53,-101.50,123,SMA Buy,108.95,4.54days
01/10/2025 10:51:22,buy,0.18,CHFJPY,185.16000,06/10/2025 00:18:36,187.35800,0.00,-4.95,219.80,260.03,260.03,219.80,-143.04,-116.60,123,SMA Buy,109.45,4.56days
20/08/2025 05:28:02,buy,0.02,EURAUD,1.80714,06/10/2025 00:18:36,1.77923,0.00,-9.47,-279.10,-46.22,10.09,83.40,-68.87,-479.00,123,SMA Buy,1122.84,46.79days
25/08/2025 17:53:31,buy,0.04,EURAUD,1.79864,06/10/2025 00:18:35,1.77923,0.00,-16.73,-194.10,-67.86,0.86,3.30,-112.96,-394.00,123,SMA Buy,990.42,41.27days
25/08/2025 08:22:17,buy,0.02,EURAUD,1.80281,06/10/2025 00:18:35,1.77923,0.00,-8.43,-235.80,-39.48,0.91,7.00,-62.06,-435.70,123,SMA Buy,999.94,41.66days
22/08/2025 06:36:52,buy,0.01,EURAUD,1.80509,06/10/2025 00:18:35,1.77923,0.00,-4.31,-258.60,-21.34,1.80,28.00,-32.65,-458.50,123,SMA Buy,1073.70,44.74days
26/08/2025 21:02:28,buy,0.18,EURAUD,1.79229,06/10/2025 00:18:34,1.77923,0.00,-73.55,-130.60,-228.35,9.70,9.90,-430.32,-330.50,123,SMA Buy,963.27,40.14days
25/08/2025 19:21:17,buy,0.12,EURAUD,1.79532,06/10/2025 00:18:34,1.77923,0.00,-50.25,-160.90,-177.39,13.92,19.50,-312.36,-360.80,123,SMA Buy,988.95,41.21days
25/08/2025 18:25:35,buy,0.07,EURAUD,1.79705,06/10/2025 00:18:34,1.77923,0.00,-29.32,-178.20,-111.46,1.87,4.10,-190.27,-378.10,123,SMA Buy,989.88,41.25days
01/10/2025 13:09:48,sell,0.02,GBPAUD,2.03603,06/10/2025 00:18:33,2.04357,0.00,-0.60,-75.40,-10.53,0.17,4.70,-11.98,-86.40,234,SMA Sell,107.15,4.46days
27/08/2025 17:49:06,buy,0.30,EURAUD,1.78869,06/10/2025 00:18:33,1.77935,0.00,-119.46,-93.40,-303.97,71.81,44.40,-642.15,-294.50,123,SMA Buy,942.49,39.27days
01/10/2025 16:27:44,sell,0.04,GBPAUD,2.04292,06/10/2025 00:18:32,2.04357,0.00,-1.20,-6.50,-2.91,18.59,73.60,-5.81,-17.50,234,SMA Sell,103.85,4.33days
01/10/2025 15:44:33,sell,0.02,GBPAUD,2.04134,06/10/2025 00:18:32,2.04357,0.00,-0.60,-22.30,-3.54,7.20,57.80,-4.99,-33.30,234,SMA Sell,104.57,4.36days
01/10/2025 15:25:27,sell,0.01,GBPAUD,2.03957,06/10/2025 00:18:32,2.04357,0.00,-0.30,-40.00,-2.94,2.42,40.10,-3.66,-51.00,234,SMA Sell,104.88,4.37days
30/09/2025 08:11:07,sell,0.02,NZDJPY,85.92000,06/10/2025 00:18:31,86.94300,0.00,-0.79,-102.30,-14.49,6.89,51.50,-14.64,-103.40,234,SMA Sell,136.12,5.67days
19/09/2025 09:47:25,buy,0.04,GBPCAD,1.86621,01/10/2025 10:28:52,1.87337,0.00,0.31,71.60,20.88,24.58,84.40,-34.42,-118.60,123,SMA Buy,288.69,12.03days
19/09/2025 20:06:38,buy,0.12,GBPCAD,1.85791,01/10/2025 10:28:51,1.87338,0.00,0.96,154.70,134.31,145.34,167.40,-30.97,-35.60,123,SMA Buy,278.37,11.60days
12/09/2025 12:59:40,buy,0.01,GBPCAD,1.87479,01/10/2025 10:28:51,1.87338,0.00,0.08,-14.10,-0.93,6.32,86.80,-14.82,-204.40,123,SMA Buy,453.49,18.90days
19/09/2025 11:44:40,buy,0.07,GBPCAD,1.86432,01/10/2025 10:28:50,1.87336,0.00,0.58,90.40,46.03,52.55,103.30,-50.63,-99.70,123,SMA Buy,286.74,11.95days
18/09/2025 17:14:37,buy,0.02,GBPCAD,1.87154,01/10/2025 10:28:49,1.87337,0.00,0.19,18.30,2.82,4.66,31.10,-24.93,-171.90,123,SMA Buy,305.24,12.72days
11/09/2025 15:38:02,buy,0.02,GBPCAD,1.87754,01/10/2025 10:28:48,1.87338,0.00,0.25,-41.60,-5.73,8.68,59.30,-33.58,-231.90,123,SMA Buy,474.85,19.79days
17/09/2025 19:35:22,sell,0.30,GBPAUD,2.05011,30/09/2025 08:00:34,2.03498,0.00,-22.01,151.30,277.84,302.31,163.60,-102.35,-48.80,234,SMA Sell,300.42,12.52days
16/09/2025 16:45:12,sell,0.12,GBPAUD,2.04661,30/09/2025 08:00:33,2.03498,0.00,-9.51,116.30,82.69,92.46,128.60,-69.53,-83.80,234,SMA Sell,327.26,13.64days
12/09/2025 17:49:22,sell,0.04,GBPAUD,2.04149,30/09/2025 08:00:33,2.03497,0.00,-3.64,65.20,13.59,16.82,77.40,-37.23,-135.00,234,SMA Sell,422.19,17.59days
12/09/2025 13:41:25,sell,0.01,GBPAUD,2.03811,30/09/2025 08:00:32,2.03499,0.00,-0.94,31.20,1.13,1.94,43.60,-11.56,-168.80,234,SMA Sell,426.32,17.76days
16/09/2025 17:05:34,sell,0.18,GBPAUD,2.04811,30/09/2025 08:00:31,2.03496,0.00,-14.25,131.50,142.12,156.55,143.60,-86.35,-68.80,234,SMA Sell,326.92,13.62days
15/09/2025 13:34:25,sell,0.07,GBPAUD,2.04308,30/09/2025 08:00:31,2.03495,0.00,-5.94,81.30,31.65,37.22,93.30,-57.37,-119.10,234,SMA Sell,354.44,14.77days
12/09/2025 14:22:17,sell,0.02,GBPAUD,2.03972,30/09/2025 08:00:30,2.03495,0.00,-1.78,47.70,4.52,6.11,59.70,-20.95,-152.70,234,SMA Sell,425.64,17.73days
12/09/2025 12:25:50,sell,0.02,GBPAUD,2.03578,30/09/2025 08:00:29,2.03495,0.00,-1.78,8.30,-0.68,0.90,20.30,-26.19,-192.10,234,SMA Sell,427.58,17.82days
11/09/2025 23:47:49,sell,0.02,NZDCHF,0.47514,18/09/2025 14:23:55,0.46610,0.00,-1.06,90.40,21.86,24.74,101.70,-3.82,-14.60,234,SMA Sell,158.60,6.61days
29/08/2025 05:14:55,sell,0.01,NZDCHF,0.47271,18/09/2025 14:23:55,0.46610,0.00,-1.54,66.10,6.84,8.28,77.40,-5.95,-38.90,234,SMA Sell,489.15,20.38days
20/08/2025 06:18:24,sell,0.02,NZDCHF,0.47094,18/09/2025 14:23:53,0.46609,0.00,-4.74,48.50,7.55,10.40,59.70,-18.04,-56.60,234,SMA Sell,704.09,29.34days
02/09/2025 17:27:44,buy,0.01,NZDJPY,86.86300,12/09/2025 09:06:51,87.91500,0.00,0.28,105.20,7.42,8.48,121.00,-1.25,-20.10,123,SMA Buy,231.65,9.65days
05/09/2025 18:04:48,buy,0.02,NZDJPY,86.71000,12/09/2025 09:06:49,87.91100,0.00,0.36,120.10,16.66,18.84,136.30,-0.30,-2.20,123,SMA Buy,159.03,6.63days
02/09/2025 10:24:29,buy,0.02,NZDJPY,87.07200,12/09/2025 09:06:47,87.91100,0.00,0.57,83.90,11.96,14.14,100.10,-5.32,-41.00,123,SMA Buy,238.71,9.95days
29/08/2025 11:05:18,buy,0.30,USDCAD,1.37427,11/09/2025 15:36:39,1.38616,0.00,9.03,118.90,266.36,322.90,145.30,-34.09,-15.60,123,SMA Buy,316.52,13.19days
25/08/2025 15:27:59,buy,0.04,USDCAD,1.38209,11/09/2025 15:36:38,1.38614,0.00,2.04,40.50,13.73,21.37,67.10,-26.49,-93.80,123,SMA Buy,408.14,17.01days
27/08/2025 20:52:24,buy,0.12,USDCAD,1.37861,11/09/2025 15:36:37,1.38614,0.00,5.40,75.30,70.59,93.45,101.90,-49.78,-59.00,123,SMA Buy,354.74,14.78days
20/08/2025 15:33:49,buy,0.01,USDCAD,1.38565,11/09/2025 15:36:36,1.38614,0.00,0.66,4.90,1.01,4.91,66.70,-9.07,-129.40,123,SMA Buy,528.05,22.00days
28/08/2025 12:51:45,buy,0.18,USDCAD,1.37710,11/09/2025 15:36:35,1.38609,0.00,7.57,89.90,124.32,159.21,117.00,-55.40,-43.90,123,SMA Buy,338.75,14.11days
27/08/2025 20:01:00,buy,0.07,USDCAD,1.38017,11/09/2025 15:36:34,1.38610,0.00,3.15,59.30,33.10,46.65,86.30,-36.99,-74.60,123,SMA Buy,355.59,14.82days
22/08/2025 17:50:45,buy,0.02,USDCAD,1.38403,11/09/2025 15:36:32,1.38609,0.00,1.08,20.60,4.05,7.95,47.70,-16.01,-113.20,123,SMA Buy,477.76,19.91days
20/08/2025 06:15:06,buy,0.02,USDCAD,1.38783,11/09/2025 15:36:30,1.38610,0.00,1.32,-17.30,-1.18,6.69,44.90,-21.31,-151.20,123,SMA Buy,537.36,22.39days
26/08/2025 04:02:32,buy,0.01,AUDJPY,95.50800,02/09/2025 10:24:10,96.72100,0.00,0.28,121.30,8.46,9.29,133.50,0.00,0.00,123,SMA Buy,174.36,7.27days
26/08/2025 01:59:29,buy,0.02,AUDJPY,95.82500,02/09/2025 10:24:10,96.71600,0.00,0.53,89.10,12.55,14.27,101.80,-3.93,-29.00,123,SMA Buy,176.41,7.35days
22/08/2025 17:52:21,sell,0.04,EURUSD,1.17127,25/08/2025 23:07:14,1.16165,0.00,0.19,96.20,38.67,43.27,107.70,-11.96,-29.90,234,SMA Sell,77.25,3.22days
22/08/2025 18:28:48,sell,0.07,EURUSD,1.17279,25/08/2025 23:07:12,1.16165,0.00,0.33,111.40,78.31,86.36,122.90,-10.29,-14.70,234,SMA Sell,76.64,3.19days
20/08/2025 16:00:46,sell,0.01,EURUSD,1.16679,25/08/2025 23:07:12,1.16165,0.00,0.24,51.40,5.38,8.61,84.20,-7.28,-74.70,234,SMA Sell,127.11,5.30days
22/08/2025 17:20:20,sell,0.02,EURUSD,1.16964,25/08/2025 23:07:11,1.16165,0.00,0.10,79.90,16.08,18.38,91.40,-9.24,-46.20,234,SMA Sell,77.78,3.24days
20/08/2025 14:52:47,sell,0.02,EURUSD,1.16433,25/08/2025 23:07:10,1.16165,0.00,0.49,26.80,5.85,12.31,59.60,-19.47,-99.30,234,SMA Sell,128.24,5.34days
25/07/2025 09:28:09,buy,0.02,AUDCAD,0.89839,20/08/2025 05:19:54,0.89300,0.00,-0.05,-53.90,-7.82,5.90,40.60,-14.99,-103.80,123,SMA Buy,619.86,25.83days
30/07/2025 16:21:00,buy,0.04,AUDCAD,0.89207,20/08/2025 05:19:53,0.89302,0.00,-0.12,9.50,2.62,30.17,103.80,-11.75,-40.60,123,SMA Buy,492.98,20.54days
29/07/2025 10:16:39,buy,0.02,AUDCAD,0.89434,20/08/2025 05:19:53,0.89302,0.00,-0.07,-13.20,-1.97,11.77,81.10,-9.15,-63.30,123,SMA Buy,523.05,21.79days
28/07/2025 10:54:00,buy,0.01,AUDCAD,0.89676,20/08/2025 05:19:53,0.89302,0.00,-0.07,-37.40,-2.76,4.11,56.90,-6.33,-87.50,123,SMA Buy,546.43,22.77days
01/08/2025 16:15:33,sell,0.01,EURCAD,1.59214,20/08/2025 05:19:52,1.61404,0.00,-0.32,-219.00,-16.09,1.35,18.60,-19.39,-264.00,234,SMA Sell,445.07,18.54days
31/07/2025 16:40:29,buy,0.07,AUDCAD,0.89025,20/08/2025 05:19:52,0.89301,0.00,-0.30,27.60,13.62,61.99,122.00,-6.98,-13.70,123,SMA Buy,468.66,19.53days
30/07/2025 17:23:20,sell,0.02,EURCAD,1.58480,20/08/2025 05:19:52,1.61403,0.00,-0.65,-292.30,-42.76,10.53,73.80,-49.43,-337.40,234,SMA Sell,491.94,20.50days
06/08/2025 16:11:56,sell,0.07,EURCAD,1.59826,20/08/2025 05:19:51,1.61404,0.00,-1.54,-157.80,-81.10,4.81,10.30,-104.07,-202.80,234,SMA Sell,325.13,13.55days
05/08/2025 18:25:36,sell,0.04,EURCAD,1.59579,20/08/2025 05:19:51,1.61404,0.00,-0.92,-182.50,-53.50,7.11,24.70,-66.67,-227.50,234,SMA Sell,346.90,14.45days
01/08/2025 16:35:52,sell,0.02,EURCAD,1.59391,20/08/2025 05:19:51,1.61404,0.00,-0.51,-201.30,-29.51,5.26,36.30,-36.11,-246.30,234,SMA Sell,444.73,18.53days
11/08/2025 05:54:57,sell,0.30,EURCAD,1.60397,20/08/2025 05:19:50,1.61409,0.00,-4.23,-101.20,-222.91,114.63,52.70,-319.67,-145.70,234,SMA Sell,215.41,8.98days
07/08/2025 08:12:05,sell,0.18,EURCAD,1.60246,20/08/2025 05:19:50,1.61409,0.00,-3.09,-116.30,-153.88,68.27,52.30,-212.03,-160.80,234,SMA Sell,309.13,12.88days
06/08/2025 17:45:19,sell,0.12,EURCAD,1.59993,20/08/2025 05:19:50,1.61409,0.00,-2.66,-141.60,-125.05,22.83,27.00,-163.92,-186.10,234,SMA Sell,323.58,13.48days
15/08/2025 11:58:02,buy,0.01,GBPCHF,1.09101,20/08/2025 05:19:49,1.08921,0.00,0.36,-18.00,-1.87,4.04,31.60,-5.50,-47.30,123,SMA Buy,113.36,4.72days
14/08/2025 05:13:08,buy,0.02,GBPCHF,1.09354,20/08/2025 05:19:49,1.08921,0.00,0.92,-43.30,-9.79,5.50,22.20,-17.08,-72.60,123,SMA Buy,144.11,6.00days
25/07/2025 08:36:20,sell,0.02,GBPNZD,2.23921,20/08/2025 05:19:49,2.30736,0.00,-3.81,-681.50,-83.38,11.15,93.80,-83.38,-681.50,234,SMA Sell,620.72,25.86days
30/07/2025 13:16:25,sell,0.04,GBPNZD,2.24741,20/08/2025 05:19:48,2.30741,0.00,-6.66,-600.00,-146.78,23.52,103.10,-146.78,-600.00,234,SMA Sell,496.06,20.67days
28/07/2025 11:05:24,sell,0.02,GBPNZD,2.24582,20/08/2025 05:19:48,2.30741,0.00,-3.65,-615.90,-75.56,12.43,105.30,-75.56,-615.90,234,SMA Sell,546.24,22.76days
28/07/2025 10:44:55,sell,0.01,GBPNZD,2.24338,20/08/2025 05:19:48,2.30741,0.00,-1.84,-640.30,-39.22,4.75,80.90,-39.22,-640.30,234,SMA Sell,546.58,22.77days
07/08/2025 14:15:37,sell,0.12,GBPNZD,2.25545,20/08/2025 05:19:47,2.30729,0.00,-10.43,-518.40,-373.64,26.46,37.00,-373.64,-518.40,234,SMA Sell,303.07,12.63days
01/08/2025 10:32:37,sell,0.07,GBPNZD,2.24893,20/08/2025 05:19:47,2.30731,0.00,-9.42,-583.80,-248.01,25.89,63.80,-248.01,-583.80,234,SMA Sell,450.79,18.78days
19/08/2025 14:09:06,buy,0.02,GBPCHF,1.08871,20/08/2025 05:19:46,1.08919,0.00,0.23,4.80,1.41,3.59,13.60,-5.80,-24.30,123,SMA Buy,15.18,15.18hrs
11/08/2025 10:25:10,sell,0.30,GBPNZD,2.26510,20/08/2025 05:19:46,2.30728,0.00,-21.29,-421.80,-760.09,88.76,51.10,-760.09,-421.80,234,SMA Sell,210.91,8.79days
08/08/2025 12:24:40,sell,0.18,GBPNZD,2.25701,20/08/2025 05:19:46,2.30728,0.00,-14.21,-502.70,-542.51,37.99,35.40,-542.51,-502.70,234,SMA Sell,280.92,11.70days
11/08/2025 15:31:22,sell,0.04,USDJPY,147.90200,14/08/2025 04:39:51,146.58800,0.00,-3.02,131.40,32.84,37.41,148.00,-17.14,-61.40,234,SMA Sell,61.14,2.55days
12/08/2025 06:49:16,sell,0.12,USDJPY,148.37800,14/08/2025 04:39:50,146.59300,0.00,-7.27,178.50,138.85,153.03,195.60,-11.15,-13.80,234,SMA Sell,45.84,1.91days
11/08/2025 23:13:02,sell,0.07,USDJPY,148.18700,14/08/2025 04:39:48,146.59300,0.00,-5.30,159.40,70.82,79.08,176.50,-16.57,-32.90,234,SMA Sell,53.45,2.23days
07/08/2025 04:02:03,sell,0.01,USDJPY,147.57000,14/08/2025 04:39:48,146.59300,0.00,-0.90,97.70,5.76,6.94,114.80,-6.67,-94.60,234,SMA Sell,168.63,7.03days
08/08/2025 13:35:04,sell,0.02,USDJPY,147.73900,14/08/2025 04:39:47,146.59200,0.00,-1.51,114.70,14.14,16.48,131.70,-10.76,-77.70,234,SMA Sell,135.08,5.63days
06/08/2025 18:58:29,sell,0.02,USDJPY,147.23300,14/08/2025 04:39:45,146.59400,0.00,-3.00,63.90,5.72,8.08,81.10,-19.07,-128.30,234,SMA Sell,177.69,7.40days
29/07/2025 17:21:43,buy,0.02,EURCHF,0.92997,06/08/2025 18:58:28,0.93792,0.00,0.40,79.50,20.14,22.29,88.40,-7.88,-33.00,123,SMA Buy,193.61,8.07days
25/07/2025 20:10:46,buy,0.01,EURCHF,0.93321,06/08/2025 18:58:28,0.93792,0.00,0.28,47.10,6.13,7.21,56.00,-7.86,-65.40,123,SMA Buy,286.80,11.95days
25/07/2025 11:44:39,buy,0.02,EURCHF,0.93471,06/08/2025 18:58:26,0.93791,0.00,0.50,32.00,8.45,10.65,41.00,-19.45,-80.40,123,SMA Buy,295.23,12.30days
28/07/2025 09:01:27,buy,0.02,USDJPY,147.87500,30/07/2025 17:22:49,148.93400,0.00,0.22,105.90,14.44,16.48,121.20,-1.20,-8.90,123,SMA Buy,56.36,2.35days
18/07/2025 02:15:21,sell,0.01,EURCAD,1.59582,25/07/2025 05:49:31,1.60288,0.00,-0.13,-70.60,-5.30,2.49,34.60,-7.50,-100.80,234,SMA Sell,171.57,7.15days
18/07/2025 02:02:56,buy,0.02,EURAUD,1.78845,25/07/2025 05:49:31,1.78356,0.00,-1.51,-48.90,-7.95,11.02,87.90,-18.67,-131.30,123,SMA Buy,171.78,7.16days
16/07/2025 19:51:19,sell,0.02,EURCAD,1.59419,25/07/2025 05:49:31,1.60287,0.00,-0.42,-86.80,-13.14,7.16,49.90,-17.54,-117.10,234,SMA Sell,201.97,8.42days
21/07/2025 17:27:00,sell,0.07,EURCAD,1.60051,25/07/2025 05:49:30,1.60288,0.00,-0.73,-23.70,-12.88,41.78,81.50,-28.26,-53.90,234,SMA Sell,84.38,3.52days
18/07/2025 17:37:47,sell,0.04,EURCAD,1.59879,25/07/2025 05:49:30,1.60288,0.00,-0.49,-40.90,-12.47,18.73,64.30,-21.26,-71.10,234,SMA Sell,156.20,6.51days
18/07/2025 04:59:35,sell,0.02,EURCAD,1.59732,25/07/2025 05:49:30,1.60288,0.00,-0.27,-55.60,-8.41,7.19,49.60,-12.81,-85.80,234,SMA Sell,168.83,7.03days
21/07/2025 18:18:58,sell,0.12,EURCAD,1.60206,25/07/2025 05:49:29,1.60288,0.00,-1.27,-8.20,-8.47,85.31,97.00,-34.83,-38.40,234,SMA Sell,83.51,3.48days
18/07/2025 03:45:16,sell,0.01,NZDUSD,0.59526,25/07/2025 05:49:29,0.60225,0.00,0.06,-69.90,-6.93,1.03,10.20,-10.58,-106.30,234,SMA Sell,170.07,7.09days
16/07/2025 19:38:16,sell,0.02,NZDUSD,0.59347,25/07/2025 05:49:29,0.60225,0.00,0.11,-87.80,-17.45,5.27,26.20,-24.74,-124.20,234,SMA Sell,202.19,8.42days
22/07/2025 18:26:17,sell,0.04,NZDUSD,0.59928,25/07/2025 05:49:28,0.60225,0.00,0.11,-29.70,-11.77,0.56,1.40,-26.35,-66.10,234,SMA Sell,59.39,2.47days
18/07/2025 14:12:33,sell,0.02,NZDUSD,0.59734,25/07/2025 05:49:28,0.60225,0.00,0.07,-49.10,-9.75,6.21,31.00,-17.04,-85.50,234,SMA Sell,159.62,6.65days
17/07/2025 07:42:18,buy,0.02,USDJPY,148.52400,25/07/2025 05:49:28,147.44400,0.00,0.77,-108.00,-13.88,5.40,40.20,-35.87,-266.40,123,SMA Buy,190.12,7.92days
21/07/2025 09:32:18,buy,0.04,USDJPY,147.87500,25/07/2025 05:49:27,147.44400,0.00,1.33,-43.10,-10.36,9.34,34.60,-54.15,-201.50,123,SMA Buy,92.29,3.85days
21/07/2025 00:32:05,buy,0.02,USDJPY,148.08300,25/07/2025 05:49:27,147.44400,0.00,0.66,-63.90,-8.01,7.29,54.20,-29.93,-222.30,123,SMA Buy,101.29,4.22days
18/07/2025 02:11:19,buy,0.01,USDJPY,148.33100,25/07/2025 05:49:27,147.44400,0.00,0.35,-88.70,-5.67,3.47,51.70,-16.65,-247.10,123,SMA Buy,171.64,7.15days
22/07/2025 15:47:46,buy,0.18,USDJPY,146.95600,25/07/2025 05:49:26,147.44400,0.00,5.01,48.80,64.59,69.45,52.80,-131.24,-109.60,123,SMA Buy,62.03,2.58days
22/07/2025 15:02:04,buy,0.12,USDJPY,147.16000,25/07/2025 05:49:26,147.44400,0.00,3.35,28.40,26.46,29.71,32.40,-104.27,-130.00,123,SMA Buy,62.79,2.62days
21/07/2025 15:13:35,buy,0.07,USDJPY,147.41600,25/07/2025 05:49:26,147.44400,0.00,2.34,2.80,3.67,24.66,51.30,-72.72,-155.60,123,SMA Buy,86.60,3.61days
23/07/2025 10:41:21,sell,0.12,NZDUSD,0.60299,25/07/2025 05:49:25,0.60225,0.00,0.27,7.40,9.15,9.15,7.40,-34.60,-29.00,234,SMA Sell,43.13,1.80days
23/07/2025 07:55:25,sell,0.07,NZDUSD,0.60149,25/07/2025 05:49:25,0.60225,0.00,0.16,-7.60,-5.16,0.07,0.10,-30.68,-44.00,234,SMA Sell,45.90,1.91days
22/07/2025 15:56:14,buy,0.30,USDJPY,146.79100,25/07/2025 05:49:25,147.44200,0.00,8.35,65.10,140.81,149.31,69.30,-184.80,-93.10,123,SMA Buy,61.89,2.58days
24/07/2025 04:35:18,sell,0.18,NZDUSD,0.60557,25/07/2025 05:49:24,0.60225,0.00,0.10,33.20,59.86,59.86,33.20,-5.76,-3.20,234,SMA Sell,25.23,1.05days
23/07/2025 13:29:11,buy,0.02,EURAUD,1.77978,25/07/2025 05:49:24,1.78343,0.00,-0.87,36.50,3.94,7.78,59.10,-6.55,-44.60,123,SMA Buy,40.34,1.68days
23/07/2025 11:39:50,buy,0.01,EURAUD,1.78278,25/07/2025 05:49:24,1.78343,0.00,-0.44,6.50,-0.01,1.92,29.10,-5.27,-74.60,123,SMA Buy,42.16,1.76days
24/07/2025 17:08:17,sell,0.18,EURCAD,1.60418,25/07/2025 05:49:23,1.60287,0.00,-0.32,13.10,16.95,23.66,17.90,-22.69,-17.20,234,SMA Sell,12.69,12.69hrs
24/07/2025 08:52:47,buy,0.04,EURAUD,1.77808,25/07/2025 05:49:23,1.78343,0.00,-0.43,53.50,13.65,14.91,56.50,-7.31,-27.60,123,SMA Buy,20.94,20.94hrs
14/07/2025 04:34:51,sell,0.01,EURAUD,1.78117,16/07/2025 18:20:56,1.78696,0.00,0.06,-57.90,-3.72,3.64,54.90,-3.72,-57.90,234,SMA Sell,61.77,2.57days
11/07/2025 16:32:30,sell,0.02,EURAUD,1.77604,16/07/2025 18:20:56,1.78695,0.00,0.15,-109.10,-14.11,2.26,16.80,-14.11,-109.10,234,SMA Sell,121.81,5.08days
07/07/2025 19:30:38,buy,0.02,GBPAUD,2.09388,16/07/2025 18:20:55,2.05849,0.00,-0.62,-353.90,-46.88,2.23,17.70,-65.89,-497.30,123,SMA Buy,214.84,8.95days
10/07/2025 13:46:09,buy,0.02,GBPAUD,2.07255,16/07/2025 18:20:54,2.05835,0.00,-0.28,-142.00,-18.84,1.48,11.30,-37.52,-284.00,123,SMA Buy,148.58,6.19days
10/07/2025 10:20:24,buy,0.01,GBPAUD,2.07567,16/07/2025 18:20:54,2.05838,0.00,-0.12,-172.90,-11.42,0.54,8.20,-20.80,-315.20,123,SMA Buy,152.01,6.33days
11/07/2025 14:28:02,buy,0.12,GBPAUD,2.05327,16/07/2025 18:20:53,2.05836,0.00,-1.18,50.90,38.74,41.14,54.00,-72.68,-91.20,123,SMA Buy,123.88,5.16days
11/07/2025 09:36:46,buy,0.07,GBPAUD,2.05663,16/07/2025 18:20:53,2.05840,0.00,-0.69,17.70,7.41,17.48,38.00,-57.85,-124.80,123,SMA Buy,128.74,5.36days
10/07/2025 14:28:22,buy,0.04,GBPAUD,2.07078,16/07/2025 18:20:53,2.05840,0.00,-0.52,-123.80,-32.87,7.60,29.00,-70.37,-266.30,123,SMA Buy,147.88,6.16days
11/07/2025 14:46:04,buy,0.18,GBPAUD,2.05163,16/07/2025 18:20:52,2.05836,0.00,-1.77,67.30,77.39,80.98,70.40,-89.63,-74.80,123,SMA Buy,123.58,5.15days
07/07/2025 06:24:50,sell,0.02,NZDCHF,0.47852,16/07/2025 18:20:52,0.47501,0.00,-1.46,35.10,7.34,7.34,35.10,-9.13,-32.50,234,SMA Sell,227.93,9.50days
10/07/2025 19:34:39,sell,0.01,NZDCHF,0.48005,16/07/2025 18:20:51,0.47501,0.00,-0.32,50.40,5.99,5.99,50.40,-2.24,-17.20,234,SMA Sell,142.77,5.95days
09/07/2025 04:19:08,buy,0.02,NZDJPY,87.97400,16/07/2025 18:20:50,87.69100,0.00,0.16,-28.30,-3.69,12.01,88.30,-5.77,-42.20,123,SMA Buy,182.03,7.58days
15/07/2025 04:36:03,sell,0.02,EURAUD,1.78341,16/07/2025 18:20:49,1.78710,0.00,0.05,-36.90,-4.77,10.16,77.30,-4.77,-36.90,234,SMA Sell,37.75,1.57days
10/07/2025 04:00:10,buy,0.01,NZDJPY,87.59900,16/07/2025 18:20:49,87.68600,0.00,0.06,8.70,0.65,8.51,125.80,-0.32,-4.70,123,SMA Buy,158.34,6.60days
15/07/2025 10:50:22,buy,0.30,GBPAUD,2.04938,16/07/2025 18:20:48,2.05855,0.00,-0.98,91.70,178.77,181.02,92.90,-103.07,-52.30,123,SMA Buy,31.51,1.31days
07/07/2025 18:12:59,sell,0.04,GBPCAD,1.86077,11/07/2025 15:44:05,1.84638,0.00,-2.66,143.90,39.43,44.70,161.70,-9.77,-31.90,234,SMA Sell,93.52,3.90days
04/07/2025 20:07:44,sell,0.01,GBPCAD,1.85751,11/07/2025 15:44:04,1.84639,0.00,-0.77,111.20,7.36,8.68,129.10,-4.93,-64.50,234,SMA Sell,163.61,6.82days
08/07/2025 03:16:53,sell,0.07,GBPCAD,1.86285,11/07/2025 15:44:03,1.84630,0.00,-3.89,165.50,80.85,89.64,182.50,-4.31,-6.90,234,SMA Sell,84.45,3.52days
07/07/2025 10:59:52,sell,0.02,GBPCAD,1.85903,11/07/2025 15:44:03,1.84643,0.00,-1.33,126.00,17.10,19.80,144.30,-7.43,-49.30,234,SMA Sell,100.74,4.20days
04/07/2025 12:23:59,sell,0.02,GBPCAD,1.85552,11/07/2025 15:44:02,1.84644,0.00,-1.55,90.80,11.73,14.44,109.20,-12.78,-84.40,234,SMA Sell,171.33,7.14days
07/07/2025 19:20:40,buy,0.02,USDJPY,145.80400,09/07/2025 04:19:03,146.82800,0.00,0.22,102.40,14.17,15.65,114.20,-0.12,-0.90,123,SMA Buy,32.97,1.37days
04/07/2025 12:51:47,buy,0.02,EURJPY,170.01800,07/07/2025 19:20:30,171.09900,0.00,0.02,108.10,14.85,16.96,123.60,-2.02,-14.60,123,SMA Buy,78.48,3.27days
01/07/2025 22:50:07,buy,0.02,NZDUSD,0.60929,04/07/2025 09:22:36,0.60734,0.00,-0.31,-19.50,-4.21,2.17,12.10,-12.45,-61.00,123,SMA Buy,58.54,2.44days
01/07/2025 22:10:01,buy,0.02,CHFJPY,181.31000,04/07/2025 09:22:36,181.98600,0.00,-0.59,67.60,8.79,14.84,111.20,-3.73,-23.30,123,SMA Buy,59.21,2.47days
01/07/2025 21:03:51,buy,0.02,EURCAD,1.60843,04/07/2025 09:22:36,1.59855,0.00,-0.57,-98.80,-15.13,2.64,20.40,-23.39,-155.60,123,SMA Buy,60.31,2.51days
02/07/2025 11:23:32,buy,0.01,EURCAD,1.60697,04/07/2025 09:22:35,1.59855,0.00,-0.06,-84.20,-6.26,0.45,6.20,-10.39,-141.00,123,SMA Buy,45.98,1.92days
02/07/2025 10:33:22,sell,0.02,USDJPY,144.00000,04/07/2025 09:22:35,144.25100,0.00,-0.30,-25.10,-3.78,7.02,50.40,-16.76,-121.70,234,SMA Sell,46.82,1.95days
02/07/2025 08:51:37,sell,0.01,USDJPY,143.79000,04/07/2025 09:22:35,144.25100,0.00,-0.15,-46.10,-3.35,2.05,29.40,-9.83,-142.70,234,SMA Sell,48.52,2.02days
02/07/2025 01:12:41,sell,0.02,USDJPY,143.37900,04/07/2025 09:22:35,144.25100,0.00,-0.30,-87.20,-12.39,0.06,0.40,-25.31,-183.80,234,SMA Sell,56.16,2.34days
02/07/2025 14:22:41,buy,0.02,EURCAD,1.60488,04/07/2025 09:22:34,1.59855,0.00,-0.12,-63.30,-9.45,1.80,12.30,-17.70,-120.10,123,SMA Buy,43.00,1.79days
02/07/2025 12:32:27,sell,0.04,USDJPY,144.18500,04/07/2025 09:22:34,144.25100,0.00,-0.61,-6.60,-2.44,19.21,68.90,-28.43,-103.20,234,SMA Sell,44.84,1.87days
02/07/2025 12:01:06,buy,0.01,NZDUSD,0.60778,04/07/2025 09:22:34,0.60734,0.00,-0.03,-4.40,-0.47,1.38,13.80,-4.59,-45.90,123,SMA Buy,45.36,1.89days
03/07/2025 15:32:47,buy,0.07,EURCAD,1.59703,04/07/2025 09:22:33,1.59855,0.00,-0.41,15.20,7.43,10.52,21.20,-21.46,-41.60,123,SMA Buy,17.83,17.83hrs
03/07/2025 15:31:49,sell,0.07,USDJPY,144.84200,04/07/2025 09:22:33,144.25400,0.00,-1.06,58.80,27.47,27.47,58.80,-18.08,-37.50,234,SMA Sell,17.85,17.85hrs
02/07/2025 14:58:27,buy,0.04,EURCAD,1.60314,04/07/2025 09:22:33,1.59855,0.00,-0.23,-45.90,-13.76,8.71,29.70,-30.28,-102.70,123,SMA Buy,42.40,1.77days
03/07/2025 18:59:25,buy,0.12,EURCAD,1.59460,04/07/2025 09:22:32,1.59852,0.00,-0.70,39.20,33.96,39.53,45.50,-15.30,-17.30,123,SMA Buy,14.39,14.39hrs
03/07/2025 15:43:53,sell,0.12,USDJPY,145.03200,04/07/2025 09:22:32,144.25400,0.00,-1.83,77.80,62.89,62.89,77.80,-15.29,-18.50,234,SMA Sell,17.64,17.64hrs
03/07/2025 15:33:36,buy,0.02,NZDUSD,0.60357,04/07/2025 09:22:32,0.60732,0.00,-0.06,37.50,7.44,8.94,45.00,0.00,0.00,123,SMA Buy,17.82,17.82hrs
03/07/2025 19:22:14,sell,0.18,USDJPY,145.18300,04/07/2025 09:22:31,144.25500,0.00,-2.74,92.80,113.05,113.05,92.80,-4.21,-3.40,234,SMA Sell,14.00,14.00hrs
27/06/2025 17:01:18,buy,0.01,AUDCAD,0.89094,01/07/2025 19:15:50,0.89750,0.00,0.01,65.60,4.81,4.81,65.60,-0.17,-2.30,123,SMA Buy,98.24,4.09days
27/06/2025 05:16:15,buy,0.02,AUDCAD,0.89437,01/07/2025 19:15:50,0.89750,0.00,0.01,31.30,4.59,4.59,31.30,-5.56,-37.90,123,SMA Buy,109.99,4.58days
27/06/2025 21:20:38,buy,0.02,GBPJPY,198.07600,01/07/2025 19:15:49,197.18300,0.00,0.20,-89.30,-12.23,4.76,33.70,-24.07,-173.20,123,SMA Buy,93.92,3.91days
27/06/2025 20:57:15,buy,0.01,GBPJPY,198.23100,01/07/2025 19:15:49,197.18300,0.00,0.10,-104.80,-7.20,1.31,18.20,-13.12,-188.70,123,SMA Buy,94.31,3.93days
27/06/2025 04:37:11,buy,0.02,GBPJPY,198.46700,01/07/2025 19:15:49,197.18400,0.00,0.20,-128.30,-17.66,3.22,23.30,-29.54,-212.30,123,SMA Buy,110.64,4.61days
30/06/2025 05:04:28,buy,0.04,GBPJPY,197.91700,01/07/2025 19:15:48,197.18000,0.00,0.21,-73.70,-20.31,2.22,8.00,-43.87,-157.30,123,SMA Buy,38.19,1.59days
27/06/2025 21:45:05,buy,0.01,NZDUSD,0.60402,01/07/2025 19:15:48,0.60853,0.00,-0.06,45.10,4.45,7.83,78.90,-0.04,-0.40,123,SMA Buy,93.51,3.90days
27/06/2025 04:40:37,buy,0.02,NZDUSD,0.60630,01/07/2025 19:15:48,0.60852,0.00,-0.12,22.20,4.32,11.10,56.10,-5.12,-25.60,123,SMA Buy,110.59,4.61days
01/07/2025 10:56:58,buy,0.18,GBPJPY,196.96400,01/07/2025 19:15:47,197.18600,0.00,0.00,22.20,27.81,27.81,22.20,-78.18,-62.00,123,SMA Buy,8.31,8.31hrs
01/07/2025 10:32:29,buy,0.12,GBPJPY,197.12100,01/07/2025 19:15:47,197.18600,0.00,0.00,6.50,5.43,5.43,6.50,-65.32,-77.70,123,SMA Buy,8.72,8.72hrs
01/07/2025 03:03:43,buy,0.07,GBPJPY,197.34800,01/07/2025 19:15:47,197.18600,0.00,0.00,-16.20,-7.89,18.59,38.20,-49.23,-100.40,123,SMA Buy,16.20,16.20hrs
01/07/2025 14:58:56,buy,0.30,GBPJPY,196.42600,01/07/2025 19:15:46,197.18600,0.00,0.00,76.00,158.66,158.66,76.00,-17.23,-8.20,123,SMA Buy,4.28,4.28hrs
01/07/2025 11:59:59,sell,0.02,GBPCHF,1.08766,01/07/2025 19:15:46,1.08893,0.00,0.00,-12.70,-3.20,9.85,38.90,-4.88,-19.40,234,SMA Sell,7.26,7.26hrs
27/06/2025 13:33:03,sell,0.01,USDJPY,144.63900,01/07/2025 11:59:54,143.05800,0.00,-0.30,158.10,10.75,11.44,167.80,-2.06,-29.80,234,SMA Sell,94.45,3.94days
27/06/2025 17:39:24,sell,0.02,USDJPY,144.85700,01/07/2025 11:59:53,143.05800,0.00,-0.60,179.90,24.55,25.92,189.60,-1.10,-8.00,234,SMA Sell,90.34,3.76days
27/06/2025 04:48:34,sell,0.02,USDJPY,144.44900,01/07/2025 11:59:52,143.05700,0.00,-0.60,139.20,18.86,20.22,148.80,-6.73,-48.80,234,SMA Sell,103.19,4.30days
23/06/2025 01:46:09,buy,0.02,USDCAD,1.37469,27/06/2025 03:33:51,1.36437,0.00,0.37,-103.20,-14.76,6.99,48.20,-18.84,-129.50,123,SMA Buy,97.80,4.07days
23/06/2025 13:27:48,buy,0.02,GBPAUD,2.09768,27/06/2025 03:33:50,2.09589,0.00,-0.37,-17.90,-2.71,6.76,54.10,-15.08,-115.40,123,SMA Buy,86.10,3.59days
23/06/2025 12:41:23,buy,0.02,CADJPY,107.17300,27/06/2025 03:33:50,106.06100,0.00,0.08,-111.20,-15.29,1.73,12.80,-29.66,-213.60,123,SMA Buy,86.87,3.62days
23/06/2025 04:51:19,sell,0.02,NZDCHF,0.48675,27/06/2025 03:33:50,0.48591,0.00,-1.01,8.40,1.09,12.56,51.40,-7.04,-27.80,234,SMA Sell,94.71,3.95days
23/06/2025 18:36:59,buy,0.02,CADJPY,106.61400,27/06/2025 03:33:49,106.06300,0.00,0.08,-55.10,-7.53,0.00,0.00,-21.88,-157.70,123,SMA Buy,80.95,3.37days
23/06/2025 18:20:28,buy,0.01,USDCAD,1.37285,27/06/2025 03:33:49,1.36438,0.00,0.18,-84.70,-6.03,3.51,48.40,-8.07,-111.10,123,SMA Buy,81.22,3.38days
23/06/2025 17:24:09,buy,0.01,CADJPY,106.76000,27/06/2025 03:33:49,106.06300,0.00,0.05,-69.70,-4.76,0.47,6.90,-11.94,-172.30,123,SMA Buy,82.16,3.42days
24/06/2025 10:27:09,buy,0.12,CADJPY,105.74300,27/06/2025 03:33:48,106.06400,0.00,0.41,32.10,27.03,36.24,44.00,-58.67,-70.60,123,SMA Buy,65.11,2.71days
24/06/2025 04:00:21,buy,0.07,CADJPY,106.10200,27/06/2025 03:33:48,106.06400,0.00,0.24,-3.80,-1.60,3.92,8.10,-51.70,-106.50,123,SMA Buy,71.56,2.98days
23/06/2025 18:59:10,buy,0.04,CADJPY,106.38900,27/06/2025 03:33:48,106.06300,0.00,0.15,-32.60,-8.86,1.42,5.20,-37.51,-135.20,123,SMA Buy,80.58,3.36days
26/06/2025 09:12:21,buy,0.30,CADJPY,105.37300,27/06/2025 03:33:47,106.06400,0.00,0.40,69.10,143.64,154.35,74.30,-70.10,-33.60,123,SMA Buy,18.36,18.36hrs
24/06/2025 17:51:23,buy,0.18,CADJPY,105.55200,27/06/2025 03:33:47,106.06400,0.00,0.61,51.20,64.29,77.92,63.10,-64.10,-51.50,123,SMA Buy,57.71,2.40days
24/06/2025 12:13:06,buy,0.02,USDCAD,1.37132,27/06/2025 03:33:47,1.36438,0.00,0.31,-69.40,-9.86,5.83,39.70,-13.95,-95.80,123,SMA Buy,63.34,2.64days
26/06/2025 16:52:40,buy,0.12,USDCAD,1.36414,27/06/2025 03:33:46,1.36438,0.00,1.13,2.40,3.24,4.82,4.40,-21.15,-24.00,123,SMA Buy,10.69,10.69hrs
26/06/2025 16:26:09,buy,0.07,USDCAD,1.36564,27/06/2025 03:33:46,1.36438,0.00,0.66,-12.60,-5.80,0.00,0.00,-20.05,-39.00,123,SMA Buy,11.13,11.13hrs
26/06/2025 11:11:38,buy,0.04,USDCAD,1.36973,27/06/2025 03:33:46,1.36438,0.00,0.38,-53.50,-15.30,0.00,0.00,-23.47,-79.90,123,SMA Buy,16.37,16.37hrs
23/06/2025 02:49:53,buy,0.02,EURAUD,1.78512,23/06/2025 13:27:10,1.79722,0.00,0.00,121.00,15.44,16.99,133.20,-1.66,-12.90,123,SMA Buy,10.62,10.62hrs
23/06/2025 01:54:19,buy,0.02,USDJPY,146.40700,23/06/2025 12:41:22,147.75800,0.00,0.00,135.10,18.29,19.84,146.70,-3.60,-26.30,123,SMA Buy,10.78,10.78hrs
20/06/2025 21:02:43,buy,0.02,EURAUD,1.78638,23/06/2025 00:35:33,1.78345,0.00,-0.21,-29.30,-3.98,0.21,1.60,-5.46,-40.80,123,SMA Buy,51.55,2.15days
18/06/2025 09:14:52,sell,0.02,GBPCAD,1.83804,23/06/2025 00:35:33,1.84595,0.00,-1.06,-79.10,-12.56,5.14,35.10,-22.25,-146.80,234,SMA Sell,111.34,4.64days
19/06/2025 17:14:32,sell,0.04,GBPCAD,1.84580,23/06/2025 00:35:32,1.84595,0.00,-0.86,-1.50,-1.29,7.78,26.70,-20.61,-69.20,234,SMA Sell,79.35,3.31days
18/06/2025 18:19:18,sell,0.02,GBPCAD,1.84272,23/06/2025 00:35:32,1.84595,0.00,-1.06,-32.30,-5.76,9.95,68.10,-15.43,-100.00,234,SMA Sell,102.27,4.26days
18/06/2025 17:45:43,sell,0.01,GBPCAD,1.84116,23/06/2025 00:35:32,1.84595,0.00,-0.54,-47.90,-4.02,3.83,52.50,-8.86,-115.60,234,SMA Sell,102.83,4.28days
20/06/2025 15:35:27,sell,0.18,GBPCAD,1.85072,23/06/2025 00:35:31,1.84595,0.00,-1.91,47.70,60.49,78.02,61.10,-26.24,-20.00,234,SMA Sell,57.00,2.38days
20/06/2025 14:03:35,sell,0.12,GBPCAD,1.84893,23/06/2025 00:35:31,1.84595,0.00,-1.28,29.80,24.71,36.40,43.20,-33.15,-37.90,234,SMA Sell,58.53,2.44days
20/06/2025 06:37:27,sell,0.07,GBPCAD,1.84733,23/06/2025 00:35:31,1.84595,0.00,-0.74,13.80,6.28,13.10,27.20,-27.50,-53.90,234,SMA Sell,65.97,2.75days
20/06/2025 16:08:19,sell,0.30,GBPCAD,1.85233,23/06/2025 00:35:30,1.84595,0.00,-3.19,63.80,135.91,165.13,77.20,-8.53,-3.90,234,SMA Sell,56.45,2.35days
18/06/2025 23:44:39,buy,0.02,USDJPY,145.13100,23/06/2025 00:35:30,146.60800,0.00,0.55,147.70,20.70,20.70,147.70,-3.51,-27.80,123,SMA Buy,96.85,4.04days
18/06/2025 22:37:06,buy,0.02,USDCAD,1.36905,23/06/2025 00:35:30,1.37544,0.00,0.25,63.90,9.54,9.73,65.20,-0.76,-5.20,123,SMA Buy,97.97,4.08days
16/06/2025 19:40:11,sell,0.02,AUDCHF,0.53111,18/06/2025 08:12:39,0.53088,0.00,-0.38,2.30,0.18,7.22,31.00,-3.72,-13.80,234,SMA Sell,36.54,1.52days
16/06/2025 09:58:09,sell,0.01,AUDCHF,0.52801,18/06/2025 08:12:39,0.53088,0.00,-0.19,-28.70,-3.70,0.00,0.00,-5.67,-44.80,234,SMA Sell,46.24,1.93days
16/06/2025 02:03:05,sell,0.02,AUDCHF,0.52616,18/06/2025 08:12:39,0.53088,0.00,-0.38,-47.20,-11.94,1.11,4.50,-15.88,-63.30,234,SMA Sell,54.16,2.26days
11/06/2025 18:45:05,sell,0.02,GBPAUD,2.07870,18/06/2025 08:12:38,2.06817,0.00,-0.81,105.30,12.88,14.29,116.00,-26.82,-203.90,234,SMA Sell,157.46,6.56days
11/06/2025 15:15:37,sell,0.01,GBPAUD,2.07486,18/06/2025 08:12:38,2.06817,0.00,-0.41,66.90,3.94,4.64,77.60,-15.90,-242.30,234,SMA Sell,160.95,6.71days
11/06/2025 09:10:44,sell,0.02,GBPAUD,2.06983,18/06/2025 08:12:38,2.06817,0.00,-0.81,16.60,1.35,2.98,27.30,-38.29,-292.60,234,SMA Sell,167.03,6.96days
11/06/2025 21:18:08,sell,0.07,GBPAUD,2.08294,18/06/2025 08:12:37,2.06817,0.00,-2.81,147.70,64.40,69.33,158.40,-74.70,-161.50,234,SMA Sell,154.91,6.45days
11/06/2025 21:03:21,sell,0.04,GBPAUD,2.08076,18/06/2025 08:12:37,2.06817,0.00,-1.62,125.90,31.12,33.93,136.60,-48.33,-183.30,234,SMA Sell,155.15,6.46days
05/06/2025 05:57:13,buy,0.02,NZDUSD,0.60377,18/06/2025 08:12:37,0.60333,0.00,-0.87,-4.40,-1.75,9.23,48.90,-8.95,-42.30,123,SMA Buy,314.26,13.09days
13/06/2025 20:43:15,sell,0.02,USDCAD,1.35952,18/06/2025 08:12:36,1.36612,0.00,-0.57,-66.00,-10.23,7.84,54.00,-14.74,-97.00,234,SMA Sell,107.49,4.48days
13/06/2025 13:53:37,buy,0.02,NZDUSD,0.59985,18/06/2025 08:12:36,0.60333,0.00,-0.38,34.80,6.58,17.56,88.10,-0.24,-1.20,123,SMA Buy,114.32,4.76days
06/06/2025 16:34:27,buy,0.01,NZDUSD,0.60170,18/06/2025 08:12:36,0.60333,0.00,-0.40,16.30,1.23,6.72,69.60,-2.37,-21.60,123,SMA Buy,279.64,11.65days
17/06/2025 21:56:09,sell,0.04,USDCAD,1.36475,18/06/2025 08:12:35,1.36612,0.00,-0.57,-13.70,-4.58,2.49,8.50,-13.63,-44.70,234,SMA Sell,10.27,10.27hrs
17/06/2025 20:53:11,sell,0.02,USDCAD,1.36320,18/06/2025 08:12:35,1.36612,0.00,-0.29,-29.20,-4.56,0.07,0.50,-9.08,-60.20,234,SMA Sell,11.32,11.32hrs
17/06/2025 20:03:14,sell,0.01,USDCAD,1.36119,18/06/2025 08:12:35,1.36612,0.00,-0.14,-49.30,-3.75,0.00,0.00,-6.00,-80.30,234,SMA Sell,12.16,12.16hrs
17/06/2025 23:48:42,sell,0.12,USDCAD,1.36817,18/06/2025 08:12:34,1.36611,0.00,-1.72,20.60,16.38,19.37,24.00,-10.92,-10.50,234,SMA Sell,8.40,8.40hrs
17/06/2025 23:20:48,sell,0.07,USDCAD,1.36659,18/06/2025 08:12:34,1.36612,0.00,-1.00,4.70,1.41,3.20,8.20,-14.45,-26.30,234,SMA Sell,8.86,8.86hrs
13/06/2025 03:40:31,buy,0.01,EURJPY,165.04400,16/06/2025 01:51:31,166.73000,0.00,-0.01,168.60,11.66,12.23,177.00,-0.05,-0.70,123,SMA Buy,70.18,2.92days
11/06/2025 02:57:59,buy,0.02,EURJPY,165.67200,16/06/2025 01:51:30,166.73100,0.00,0.03,105.90,14.69,15.82,114.20,-8.83,-63.50,123,SMA Buy,118.89,4.95days
10/06/2025 10:15:20,sell,0.04,USDCAD,1.37229,13/06/2025 19:42:38,1.35816,0.00,-1.39,141.30,40.23,43.83,153.40,-0.73,-2.50,234,SMA Sell,81.45,3.39days
06/06/2025 12:22:16,sell,0.01,USDCAD,1.36809,13/06/2025 19:42:38,1.35816,0.00,-0.49,99.30,6.82,7.72,111.40,-3.38,-44.50,234,SMA Sell,175.34,7.31days
09/06/2025 16:43:38,sell,0.02,USDCAD,1.36965,13/06/2025 19:42:37,1.35816,0.00,-0.84,114.90,16.08,17.88,127.00,-4.35,-28.90,234,SMA Sell,98.98,4.12days
04/06/2025 21:52:12,sell,0.02,USDCAD,1.36640,13/06/2025 19:42:36,1.35816,0.00,-1.53,82.40,10.60,12.40,94.50,-9.78,-61.40,234,SMA Sell,213.84,8.91days
06/06/2025 04:37:22,buy,0.02,AUDJPY,93.50600,11/06/2025 02:44:32,94.55500,0.00,0.16,104.90,14.64,16.77,120.50,-2.12,-15.20,123,SMA Buy,118.12,4.92days
29/05/2025 20:58:58,buy,0.02,CHFJPY,175.18800,04/06/2025 20:20:36,174.59200,0.00,-0.44,-59.60,-8.79,6.27,46.00,-14.80,-103.70,123,SMA Buy,143.36,5.97days
30/05/2025 14:02:02,buy,0.02,CHFJPY,174.59500,04/06/2025 20:20:35,174.59200,0.00,-0.33,-0.30,-0.37,14.60,105.30,-6.41,-44.40,123,SMA Buy,126.31,5.26days
30/05/2025 02:35:38,buy,0.01,CHFJPY,174.95900,04/06/2025 20:20:35,174.59400,0.00,-0.15,-36.50,-2.70,4.78,68.90,-5.74,-80.80,123,SMA Buy,137.75,5.74days
02/06/2025 09:04:21,sell,0.01,GBPCAD,1.85246,04/06/2025 20:20:34,1.85266,0.00,-0.22,-2.00,-0.36,0.06,3.80,-5.18,-69.60,234,SMA Sell,59.27,2.47days
02/06/2025 02:00:43,sell,0.02,GBPCAD,1.84786,04/06/2025 20:20:34,1.85266,0.00,-0.44,-48.00,-7.47,0.00,0.00,-17.06,-115.60,234,SMA Sell,66.33,2.76days
30/05/2025 12:30:44,buy,0.02,EURAUD,1.76602,04/06/2025 20:20:34,1.75711,0.00,-0.57,-89.10,-12.15,5.48,45.40,-15.63,-116.10,123,SMA Buy,127.83,5.33days
04/06/2025 12:50:44,buy,0.01,EURAUD,1.75832,04/06/2025 20:20:33,1.75711,0.00,0.00,-12.10,-0.78,1.47,22.60,-2.54,-39.10,123,SMA Buy,7.50,7.50hrs
03/06/2025 02:33:46,sell,0.04,GBPCAD,1.85828,04/06/2025 20:20:33,1.85266,0.00,-0.43,56.20,16.03,17.67,62.00,-3.32,-11.40,234,SMA Sell,41.78,1.74days
02/06/2025 12:39:09,sell,0.02,GBPCAD,1.85548,04/06/2025 20:20:33,1.85266,0.00,-0.44,28.20,3.69,4.52,34.00,-5.96,-39.40,234,SMA Sell,55.69,2.32days
04/06/2025 16:40:10,buy,0.02,EURAUD,1.75557,04/06/2025 20:20:32,1.75711,0.00,0.00,15.40,2.01,6.50,50.10,-0.09,-0.70,123,SMA Buy,3.67,3.67hrs
03/06/2025 17:06:25,sell,0.07,USDJPY,143.84600,04/06/2025 20:17:22,142.76000,0.00,-1.05,108.60,52.20,59.27,122.90,-24.43,-48.20,234,SMA Sell,27.18,1.13days
03/06/2025 15:39:56,sell,0.02,USDJPY,143.30800,04/06/2025 20:17:20,142.75700,0.00,-0.30,55.10,7.42,9.39,69.10,-14.43,-102.00,234,SMA Sell,28.62,1.19days
04/06/2025 04:01:06,sell,0.12,USDJPY,144.23200,04/06/2025 20:17:18,142.76000,0.00,0.00,147.20,123.73,135.89,161.50,-7.98,-9.60,234,SMA Sell,16.27,16.27hrs
03/06/2025 17:01:45,sell,0.04,USDJPY,143.66600,04/06/2025 20:17:17,142.76100,0.00,-0.60,90.50,24.76,28.82,104.90,-18.95,-66.20,234,SMA Sell,27.26,1.14days
03/06/2025 04:37:07,sell,0.01,USDJPY,143.14300,04/06/2025 20:17:17,142.76100,0.00,-0.15,38.20,2.53,3.59,52.60,-8.36,-118.50,234,SMA Sell,39.67,1.65days
02/06/2025 15:09:07,sell,0.02,USDJPY,142.72600,04/06/2025 20:17:16,142.76200,0.00,-0.60,-3.60,-1.10,3.87,29.70,-22.80,-160.20,234,SMA Sell,53.14,2.21days
23/05/2025 19:02:34,sell,0.02,USDCAD,1.37529,29/05/2025 15:24:19,1.38178,0.00,-0.42,-64.90,-9.81,9.20,63.00,-15.99,-107.90,234,SMA Sell,140.36,5.85days
27/05/2025 10:01:28,sell,0.02,USDJPY,143.51500,29/05/2025 15:24:18,144.76100,0.00,-1.20,-124.60,-18.41,2.02,14.50,-38.16,-270.20,234,SMA Sell,53.38,2.22days
27/05/2025 08:39:42,sell,0.01,USDJPY,143.30600,29/05/2025 15:24:18,144.76100,0.00,-0.60,-145.50,-10.65,1.71,24.50,-20.51,-291.10,234,SMA Sell,54.74,2.28days
23/05/2025 18:53:25,sell,0.02,USDJPY,142.55500,29/05/2025 15:24:18,144.76000,0.00,-1.80,-220.50,-32.26,5.16,40.90,-51.89,-366.20,234,SMA Sell,140.51,5.85days
27/05/2025 22:03:48,sell,0.02,USDCAD,1.37899,29/05/2025 15:24:17,1.38178,0.00,-0.28,-27.90,-4.32,0.00,0.00,-10.51,-70.90,234,SMA Sell,41.34,1.72days
27/05/2025 19:24:23,sell,0.01,USDCAD,1.37726,29/05/2025 15:24:17,1.38178,0.00,-0.14,-45.20,-3.41,0.00,0.00,-6.50,-88.20,234,SMA Sell,44.00,1.83days
27/05/2025 10:54:42,sell,0.04,USDJPY,143.79100,29/05/2025 15:24:17,144.76000,0.00,-2.39,-96.90,-29.17,4.20,15.10,-68.76,-242.60,234,SMA Sell,52.49,2.19days
28/05/2025 16:47:27,sell,0.12,USDJPY,144.91200,29/05/2025 15:24:16,144.76000,0.00,-5.38,15.20,7.22,26.97,32.50,-112.48,-130.50,234,SMA Sell,22.61,22.61hrs
28/05/2025 06:37:21,sell,0.07,USDJPY,144.40700,29/05/2025 15:24:16,144.76000,0.00,-3.14,-35.30,-20.21,15.60,32.00,-89.79,-181.00,234,SMA Sell,32.78,1.37days
27/05/2025 23:00:37,sell,0.04,USDCAD,1.38246,29/05/2025 15:24:16,1.38178,0.00,-0.54,6.80,1.43,5.76,20.80,-10.99,-36.20,234,SMA Sell,40.39,1.68days
29/05/2025 02:40:01,sell,0.30,USDJPY,145.80000,29/05/2025 15:24:15,144.76000,0.00,0.00,104.00,215.53,218.24,105.30,-85.56,-41.70,234,SMA Sell,12.74,12.74hrs
29/05/2025 02:26:32,sell,0.18,USDJPY,145.43200,29/05/2025 15:24:15,144.76000,0.00,0.00,67.20,83.56,85.18,68.50,-96.64,-78.50,234,SMA Sell,12.96,12.96hrs
29/05/2025 06:59:22,sell,0.02,EURUSD,1.12475,29/05/2025 15:24:14,1.12962,0.00,0.00,-48.70,-9.74,2.78,13.90,-9.74,-48.70,234,SMA Sell,8.41,8.41hrs
29/05/2025 04:36:44,buy,0.02,EURJPY,164.04700,29/05/2025 15:24:14,163.49700,0.00,0.00,-55.00,-7.60,2.63,19.20,-9.10,-65.90,123,SMA Buy,10.79,10.79hrs
29/05/2025 15:05:27,buy,0.01,EURJPY,163.40700,29/05/2025 15:24:13,163.49300,0.00,0.00,8.60,0.59,0.59,8.60,-0.13,-1.90,123,SMA Buy,0.31,0.31hrs
28/05/2025 03:45:02,buy,0.01,GBPJPY,194.57700,29/05/2025 04:16:26,195.99100,0.00,0.15,141.40,9.84,11.22,161.90,-1.33,-19.20,123,SMA Buy,24.52,1.02days
27/05/2025 14:21:38,buy,0.02,GBPJPY,195.22100,29/05/2025 04:16:24,195.99500,0.00,0.39,77.40,11.00,13.73,97.50,-11.49,-83.60,123,SMA Buy,37.91,1.58days
20/05/2025 17:12:02,sell,0.01,CHFJPY,173.87700,23/05/2025 17:30:17,173.47000,0.00,-0.16,40.70,2.69,4.85,71.50,-7.64,-109.50,234,SMA Sell,72.30,3.01days
19/05/2025 20:10:29,sell,0.02,CHFJPY,173.70900,23/05/2025 17:30:17,173.47000,0.00,-0.39,23.90,2.96,7.28,54.70,-17.69,-126.30,234,SMA Sell,93.33,3.89days
21/05/2025 06:12:09,sell,0.04,CHFJPY,174.80600,23/05/2025 17:30:16,173.47100,0.00,-0.50,133.50,36.92,45.60,164.40,-1.47,-5.30,234,SMA Sell,59.30,2.47days
20/05/2025 21:09:51,sell,0.02,CHFJPY,174.22700,23/05/2025 17:30:16,173.47000,0.00,-0.32,75.70,10.29,14.61,106.50,-10.42,-74.50,234,SMA Sell,68.34,2.85days
20/05/2025 15:56:57,buy,0.02,GBPCAD,1.85742,23/05/2025 17:30:15,1.85707,0.00,0.16,-3.50,-0.35,13.57,92.50,-0.49,-4.50,123,SMA Buy,73.56,3.06days
20/05/2025 13:20:47,buy,0.01,GBPCAD,1.86331,23/05/2025 17:30:15,1.85706,0.00,0.08,-62.50,-4.46,2.52,33.60,-4.53,-63.40,123,SMA Buy,76.16,3.17days
20/05/2025 02:02:09,buy,0.02,GBPCAD,1.86496,23/05/2025 17:30:15,1.85706,0.00,0.16,-79.00,-11.32,2.95,20.60,-11.45,-79.90,123,SMA Buy,87.47,3.64days
21/04/2025 19:59:55,sell,0.01,USDCAD,1.38383,23/05/2025 17:30:14,1.37661,0.00,-2.61,72.20,2.63,4.83,82.70,-14.29,-177.20,234,SMA Sell,765.51,31.90days
21/04/2025 04:41:31,sell,0.02,USDCAD,1.38189,23/05/2025 17:30:14,1.37661,0.00,-5.07,52.80,2.60,6.93,63.30,-31.23,-196.60,234,SMA Sell,780.81,32.53days
23/04/2025 19:04:49,sell,0.07,USDCAD,1.38917,23/05/2025 17:30:13,1.37660,0.00,-16.82,125.70,47.10,62.25,136.10,-72.06,-123.80,234,SMA Sell,718.42,29.93days
23/04/2025 18:33:51,sell,0.04,USDCAD,1.38755,23/05/2025 17:30:13,1.37660,0.00,-9.64,109.50,22.18,30.86,119.90,-45.82,-140.00,234,SMA Sell,718.94,29.96days
22/04/2025 15:29:44,sell,0.02,USDCAD,1.38566,23/05/2025 17:30:13,1.37661,0.00,-4.92,90.50,8.23,12.56,101.00,-25.70,-158.90,234,SMA Sell,746.01,31.08days
09/05/2025 04:51:06,sell,0.18,USDCAD,1.39316,23/05/2025 17:30:12,1.37659,0.00,-18.36,165.70,198.31,205.98,171.50,-109.13,-83.90,234,SMA Sell,348.65,14.53days
08/05/2025 18:51:54,sell,0.12,USDCAD,1.39133,23/05/2025 17:30:12,1.37660,0.00,-14.98,147.30,113.42,118.62,153.20,-91.17,-102.20,234,SMA Sell,358.64,14.94days
12/05/2025 10:27:28,sell,0.30,USDCAD,1.39597,23/05/2025 17:30:11,1.37658,0.00,-28.30,193.90,394.27,406.87,199.60,-119.44,-55.80,234,SMA Sell,271.05,11.29days
22/04/2025 03:15:51,sell,0.01,USDCHF,0.81024,23/05/2025 17:30:11,0.82244,0.00,-5.32,-122.00,-20.15,3.53,0.00,-46.75,-368.50,234,SMA Sell,758.24,31.59days
21/04/2025 11:16:31,sell,0.02,USDCHF,0.80661,23/05/2025 17:30:11,0.82244,0.00,-10.93,-158.30,-49.43,5.99,0.00,-102.38,-404.80,234,SMA Sell,774.23,32.26days
22/04/2025 19:29:13,sell,0.07,USDCHF,0.81607,23/05/2025 17:30:10,0.82240,0.00,-37.11,-63.30,-90.99,0.00,0.00,-279.05,-310.10,234,SMA Sell,742.02,30.92days
22/04/2025 16:12:40,sell,0.04,USDCHF,0.81393,23/05/2025 17:30:10,0.82244,0.00,-21.20,-85.10,-62.59,8.72,0.00,-169.56,-331.50,234,SMA Sell,745.29,31.05days
22/04/2025 04:29:24,sell,0.02,USDCHF,0.81211,23/05/2025 17:30:10,0.82244,0.00,-10.60,-103.30,-35.72,11.69,0.00,-89.07,-349.80,234,SMA Sell,757.01,31.54days
23/04/2025 01:11:37,sell,0.30,USDCHF,0.82421,23/05/2025 17:30:09,0.82226,0.00,-154.18,19.50,-83.03,158.07,48.30,-902.75,-228.70,234,SMA Sell,736.31,30.68days
23/04/2025 00:44:01,sell,0.18,USDCHF,0.82078,23/05/2025 17:30:09,0.82226,0.00,-92.53,-14.80,-124.93,19.54,14.00,-614.55,-263.00,234,SMA Sell,736.77,30.70days
22/04/2025 19:58:36,sell,0.12,USDCHF,0.81773,23/05/2025 17:30:09,0.82241,0.00,-63.62,-46.80,-131.91,24.26,0.00,-454.85,-293.50,234,SMA Sell,741.53,30.90days
01/05/2025 17:33:19,buy,0.04,NZDCAD,0.81581,14/05/2025 13:33:49,0.82856,0.00,-0.34,127.50,36.29,39.91,139.90,0.00,0.00,123,SMA Buy,308.01,12.83days
30/04/2025 15:41:07,buy,0.02,NZDCAD,0.81769,14/05/2025 13:33:48,0.82855,0.00,-0.26,108.60,15.35,17.13,120.90,-3.16,-7.40,123,SMA Buy,333.88,13.91days
16/04/2025 16:49:21,buy,0.01,NZDCAD,0.81994,14/05/2025 13:33:48,0.82855,0.00,-0.23,86.10,5.95,8.31,98.40,-3.31,-29.90,123,SMA Buy,668.74,27.86days
16/04/2025 09:49:38,buy,0.02,NZDCAD,0.82416,14/05/2025 13:33:46,0.82855,0.00,-0.41,43.90,5.89,10.53,56.20,-12.68,-72.10,123,SMA Buy,675.74,28.16days
12/05/2025 01:40:09,buy,0.02,USDJPY,145.92400,12/05/2025 10:32:15,147.45500,0.00,0.00,153.10,20.77,20.77,153.10,-2.79,-21.30,123,SMA Buy,8.87,8.87hrs
06/05/2025 11:27:45,buy,0.01,AUDJPY,92.32000,12/05/2025 01:26:07,93.60700,0.00,0.29,128.70,9.11,10.76,153.10,-1.42,-20.20,123,SMA Buy,133.97,5.58days
01/05/2025 17:31:29,buy,0.02,AUDJPY,92.57300,12/05/2025 01:26:06,93.60700,0.00,0.64,103.40,14.82,18.13,127.80,-6.30,-45.50,123,SMA Buy,247.91,10.33days
30/04/2025 16:48:35,buy,0.07,GBPCHF,1.09660,01/05/2025 17:31:28,1.10581,0.00,0.00,92.10,77.55,84.33,92.10,-9.19,0.00,123,SMA Buy,24.71,1.03days
28/04/2025 19:31:07,buy,0.01,GBPCHF,1.10384,01/05/2025 17:31:28,1.10581,0.00,0.74,19.70,3.11,4.49,19.70,-9.27,-0.01,123,SMA Buy,70.01,2.92days
30/04/2025 15:48:39,buy,0.04,GBPCHF,1.09902,01/05/2025 17:31:27,1.10581,0.00,0.00,67.90,32.67,36.55,67.90,-17.01,0.00,123,SMA Buy,25.71,1.07days
28/04/2025 19:58:34,buy,0.02,GBPCHF,1.10064,01/05/2025 17:31:26,1.10578,0.00,1.48,51.40,13.84,16.71,51.40,-10.77,-0.01,123,SMA Buy,69.55,2.90days
25/04/2025 16:46:14,buy,0.02,GBPCHF,1.10582,01/05/2025 17:31:26,1.10579,0.00,1.67,-0.30,1.60,5.99,0.00,-23.09,-0.30,123,SMA Buy,144.75,6.03days
01/05/2025 16:26:41,buy,0.01,GBPCHF,1.10333,01/05/2025 16:27:10,1.10306,0.00,0.00,-2.70,-0.32,0.00,0.00,-0.32,-2.70,0,,0.01,0.01hrs
01/05/2025 04:45:09,sell,0.01,GBPCHF,1.10009,01/05/2025 04:45:52,1.10044,0.00,0.00,-3.50,-0.42,0.00,0.00,-0.42,-3.50,0,,0.01,0.01hrs
01/05/2025 04:44:05,buy,0.01,GBPCHF,1.10043,01/05/2025 04:44:15,1.10018,0.00,0.00,-2.50,-0.30,0.00,0.00,-0.30,-2.50,0,,0.00,0.00hrs
01/05/2025 04:34:16,sell,0.01,GBPCHF,1.09998,01/05/2025 04:40:48,1.10035,0.00,0.00,-3.70,-0.45,0.00,0.00,-0.45,-3.70,0,,0.11,0.11hrs
01/05/2025 04:36:52,sell,0.01,GBPCHF,1.10002,01/05/2025 04:40:44,1.10035,0.00,0.00,-3.30,-0.40,0.00,0.00,-0.40,-3.30,0,,0.06,0.06hrs
01/05/2025 04:37:39,buy,0.01,USDCAD,1.37883,01/05/2025 04:40:43,1.37866,0.00,0.00,-1.70,-0.12,0.00,0.00,-0.13,-1.70,0,,0.05,0.05hrs
01/05/2025 04:39:43,sell,0.01,USDCAD,1.37865,01/05/2025 04:40:42,1.37884,0.00,0.00,-1.90,-0.14,0.00,0.00,-0.14,-1.90,0,,0.02,0.02hrs
01/05/2025 04:40:01,buy,0.01,GBPCHF,1.10034,01/05/2025 04:40:41,1.10006,0.00,0.00,-2.80,-0.34,0.00,0.00,-0.34,-2.80,0,,0.01,0.01hrs
01/05/2025 04:40:20,buy,0.01,GBPCAD,1.83523,01/05/2025 04:40:38,1.83489,0.00,0.00,-3.40,-0.25,0.00,0.00,-0.25,-3.40,0,,0.01,0.01hrs
16/04/2025 17:04:55,sell,0.01,EURGBP,0.85780,25/04/2025 16:45:44,0.85207,0.00,0.08,57.30,7.70,8.64,57.30,-6.04,0.00,234,SMA Sell,215.68,8.99days
16/04/2025 19:15:56,sell,0.02,EURGBP,0.85933,25/04/2025 16:45:43,0.85205,0.00,0.14,72.80,19.52,21.34,72.80,-8.01,0.00,234,SMA Sell,213.50,8.90days
16/04/2025 12:01:03,sell,0.02,EURGBP,0.85532,25/04/2025 16:45:43,0.85205,0.00,0.14,32.70,8.85,10.66,32.70,-18.75,-0.01,234,SMA Sell,220.74,9.20days
21/04/2025 03:50:15,buy,0.02,EURUSD,1.14634,21/04/2025 11:15:23,1.15408,0.00,0.00,77.40,15.48,19.54,77.40,0.00,0.00,123,SMA Buy,7.42,7.42hrs
16/04/2025 09:49:31,sell,0.02,USDJPY,142.50100,21/04/2025 04:41:09,141.18000,0.00,-1.59,132.10,17.12,19.17,132.10,-7.80,-0.49,234,SMA Sell,114.86,4.79days
17/04/2025 19:14:43,sell,0.02,USDCHF,0.82137,21/04/2025 03:24:06,0.81205,0.00,0.00,93.20,22.95,25.37,93.20,-3.62,0.00,234,SMA Sell,80.16,3.34days
17/04/2025 04:56:24,sell,0.01,USDCHF,0.81782,21/04/2025 03:24:06,0.81202,0.00,0.00,58.00,7.14,8.31,58.00,-6.12,-0.01,234,SMA Sell,94.46,3.94days
16/04/2025 09:53:34,sell,0.02,USDCHF,0.81562,21/04/2025 03:24:05,0.81204,0.00,-0.32,35.80,8.50,10.87,35.80,-17.92,-0.01,234,SMA Sell,113.51,4.73days
14/04/2025 20:38:09,buy,0.02,EURJPY,162.15700,16/04/2025 08:38:49,161.48100,0.00,-0.10,-67.60,-9.61,8.23,0.60,-11.66,-67.60,123,SMA Buy,36.01,1.50days
14/04/2025 20:00:17,buy,0.01,EURJPY,162.32700,16/04/2025 08:38:49,161.48100,0.00,-0.06,-84.60,-6.01,2.94,0.42,-7.02,-84.60,123,SMA Buy,36.64,1.53days
14/04/2025 10:12:01,buy,0.02,EURJPY,162.50800,16/04/2025 08:38:49,161.48100,0.00,-0.10,-102.70,-14.54,8.50,0.61,-16.55,-102.70,123,SMA Buy,46.45,1.94days
15/04/2025 15:52:29,buy,0.07,EURJPY,161.63000,16/04/2025 08:38:48,161.48100,0.00,-0.32,-14.90,-7.65,12.77,0.26,-15.90,-14.90,123,SMA Buy,16.77,16.77hrs
15/04/2025 12:49:32,buy,0.04,EURJPY,161.99900,16/04/2025 08:38:48,161.48100,0.00,-0.18,-51.80,-14.74,3.47,0.12,-19.29,-51.80,123,SMA Buy,19.82,19.82hrs
11/04/2025 16:50:57,sell,0.02,GBPCHF,1.06599,16/04/2025 08:38:48,1.08096,0.00,-3.00,-149.70,-39.74,10.49,0.00,-62.95,-149.70,234,SMA Sell,111.80,4.66days
14/04/2025 11:04:34,sell,0.04,GBPCHF,1.07766,16/04/2025 08:38:47,1.08099,0.00,-5.12,-33.30,-21.47,34.33,0.01,-68.35,-33.30,234,SMA Sell,45.57,1.90days
14/04/2025 10:44:18,sell,0.02,GBPCHF,1.07617,16/04/2025 08:38:47,1.08099,0.00,-2.56,-48.20,-14.39,13.49,0.01,-37.79,-48.20,234,SMA Sell,45.91,1.91days
14/04/2025 10:36:48,sell,0.01,GBPCHF,1.07350,16/04/2025 08:38:47,1.08096,0.00,-1.28,-74.60,-10.44,3.46,0.00,-22.14,-74.60,234,SMA Sell,46.03,1.92days
15/04/2025 18:24:35,sell,0.18,GBPCHF,1.08421,16/04/2025 08:38:46,1.08099,0.00,-19.12,32.20,52.01,56.20,32.20,-160.50,-0.01,234,SMA Sell,14.24,14.24hrs
15/04/2025 16:57:59,sell,0.12,GBPCHF,1.08210,16/04/2025 08:38:46,1.08099,0.00,-12.75,11.10,3.59,17.19,11.10,-137.74,-0.01,234,SMA Sell,15.68,15.68hrs
14/04/2025 14:02:40,sell,0.07,GBPCHF,1.08054,16/04/2025 08:38:46,1.08099,0.00,-8.96,-4.50,-12.83,84.89,0.01,-95.13,-4.50,234,SMA Sell,42.60,1.78days
15/04/2025 20:22:36,sell,0.30,GBPCHF,1.08642,16/04/2025 08:38:45,1.08100,0.00,-31.87,54.20,167.67,175.03,54.20,-187.02,0.00,234,SMA Sell,12.27,12.27hrs
14/04/2025 18:41:47,buy,0.02,GBPUSD,1.31801,16/04/2025 08:38:45,1.32653,0.00,-0.27,85.20,16.77,16.77,85.20,-3.11,0.00,123,SMA Buy,37.95,1.58days
11/04/2025 16:51:13,sell,0.02,USDCAD,1.38761,16/04/2025 08:38:45,1.39380,0.00,-0.45,-61.90,-9.33,6.14,0.00,-14.81,-61.90,234,SMA Sell,111.79,4.66days
15/04/2025 18:28:08,sell,0.04,USDCAD,1.39405,16/04/2025 08:38:44,1.39380,0.00,-0.29,2.50,0.43,1.06,2.50,-10.67,0.00,234,SMA Sell,14.18,14.18hrs
15/04/2025 18:04:36,sell,0.02,USDCAD,1.39155,16/04/2025 08:38:44,1.39380,0.00,-0.15,-22.50,-3.38,0.00,0.00,-8.99,-22.50,234,SMA Sell,14.57,14.57hrs
14/04/2025 16:28:42,sell,0.01,USDCAD,1.38987,16/04/2025 08:38:44,1.39380,0.00,-0.14,-39.30,-2.96,3.30,0.00,-5.74,-39.30,234,SMA Sell,40.17,1.67days
15/04/2025 19:36:22,sell,0.07,USDCAD,1.39585,16/04/2025 08:38:43,1.39380,0.00,-0.51,20.50,9.79,10.89,20.50,-9.67,0.00,234,SMA Sell,13.04,13.04hrs
11/04/2025 16:55:32,buy,0.02,NZDCAD,0.80522,14/04/2025 18:41:30,0.81495,0.00,-0.01,97.30,14.01,15.48,97.30,-1.18,0.00,123,SMA Buy,73.77,3.07days
11/04/2025 16:51:18,buy,0.02,GBPUSD,1.30766,14/04/2025 10:09:40,1.31607,0.00,-0.05,84.10,16.77,18.95,84.10,-8.66,0.00,123,SMA Buy,65.31,2.72days
10/04/2025 20:08:56,buy,0.02,CHFJPY,174.75400,11/04/2025 15:37:57,175.21800,0.00,-0.09,46.40,6.40,10.35,46.40,-8.42,-0.59,123,SMA Buy,19.48,19.48hrs
10/04/2025 05:18:35,sell,0.02,GBPCAD,1.80836,11/04/2025 15:37:57,1.81472,0.00,-0.23,-63.60,-9.40,3.14,0.00,-22.69,-63.60,234,SMA Sell,34.32,1.43days
10/04/2025 14:36:40,sell,0.02,GBPCAD,1.81847,11/04/2025 15:37:56,1.81472,0.00,-0.23,37.50,5.19,12.14,37.50,-8.20,-0.01,234,SMA Sell,25.02,1.04days
10/04/2025 13:28:18,sell,0.01,GBPCAD,1.81578,11/04/2025 15:37:56,1.81472,0.00,-0.12,10.60,0.65,4.14,10.60,-5.94,-0.01,234,SMA Sell,26.16,1.09days
11/04/2025 12:00:39,sell,0.07,GBPCAD,1.82235,11/04/2025 15:37:55,1.81479,0.00,0.00,75.60,38.19,38.19,75.60,-9.28,0.00,234,SMA Sell,3.62,3.62hrs
11/04/2025 09:29:24,buy,0.01,CHFJPY,174.50300,11/04/2025 15:37:55,175.21800,0.00,0.00,71.50,5.00,5.89,71.50,-2.42,-0.34,123,SMA Buy,6.14,6.14hrs
10/04/2025 15:00:17,sell,0.04,GBPCAD,1.82061,11/04/2025 15:37:55,1.81477,0.00,-0.47,58.40,16.39,30.30,58.40,-10.24,0.00,234,SMA Sell,24.63,1.03days
11/04/2025 13:07:07,buy,0.02,NZDCAD,0.80631,11/04/2025 15:37:54,0.80491,0.00,0.00,-14.00,-2.02,2.34,0.00,-2.96,-14.00,123,SMA Buy,2.51,2.51hrs
11/04/2025 12:37:51,buy,0.04,CHFJPY,174.14600,11/04/2025 15:37:54,175.22000,0.00,0.00,107.40,30.06,30.06,107.40,0.00,0.00,123,SMA Buy,3.00,3.00hrs
11/04/2025 12:34:14,buy,0.02,CHFJPY,174.29900,11/04/2025 15:37:54,175.22500,0.00,0.00,92.60,12.96,12.96,92.60,-1.67,-0.11,123,SMA Buy,3.06,3.06hrs
11/04/2025 13:15:18,buy,0.02,AUDUSD,0.62257,11/04/2025 15:37:53,0.62509,0.00,0.00,25.20,5.04,5.04,25.20,-2.44,0.00,123,SMA Buy,2.38,2.38hrs
11/04/2025 04:14:40,sell,0.02,USDJPY,143.62000,11/04/2025 13:10:51,142.65100,0.00,0.00,96.90,13.59,19.77,96.90,-5.75,-0.41,234,SMA Sell,8.94,8.94hrs
10/04/2025 22:43:13,buy,0.02,NZDUSD,0.57354,11/04/2025 13:04:16,0.58057,0.00,-0.05,70.30,14.01,17.17,70.30,-1.38,0.00,123,SMA Buy,14.35,14.35hrs
10/04/2025 20:19:12,buy,0.02,EURUSD,1.11873,11/04/2025 03:39:32,1.13362,0.00,-0.16,148.90,29.62,30.52,148.90,-5.40,0.00,123,SMA Buy,7.34,7.34hrs
10/04/2025 13:13:35,sell,0.02,USDCHF,0.84147,10/04/2025 20:08:37,0.82822,0.00,0.00,132.50,32.00,38.07,132.50,-2.94,0.00,234,SMA Sell,6.92,6.92hrs
09/04/2025 04:23:30,buy,0.02,EURAUD,1.84693,10/04/2025 03:53:58,1.79232,0.00,-0.53,-546.10,-67.43,9.41,0.01,-88.39,-546.10,123,SMA Buy,23.51,23.51hrs
09/04/2025 04:14:32,sell,0.02,NZDUSD,0.55278,10/04/2025 03:53:58,0.56419,0.00,0.00,-114.10,-22.82,0.20,0.00,-27.56,-114.10,234,SMA Sell,23.66,23.66hrs
09/04/2025 04:12:54,sell,0.02,CADCHF,0.59236,10/04/2025 03:53:58,0.60462,0.00,-0.49,-122.60,-29.25,6.78,0.00,-44.24,-122.60,234,SMA Sell,23.68,23.68hrs
09/04/2025 13:54:24,sell,0.01,NZDUSD,0.55746,10/04/2025 03:53:57,0.56419,0.00,0.00,-67.30,-6.73,2.70,0.00,-9.10,-67.30,234,SMA Sell,13.99,13.99hrs
09/04/2025 11:13:33,buy,0.01,EURAUD,1.83088,10/04/2025 03:53:57,1.79232,0.00,-0.26,-385.60,-23.88,7.79,0.01,-34.05,-385.60,123,SMA Buy,16.67,16.67hrs
09/04/2025 20:41:45,buy,0.02,EURAUD,1.80118,10/04/2025 03:53:56,1.79232,0.00,-0.53,-88.60,-11.38,0.00,0.00,-31.47,-88.60,123,SMA Buy,7.20,7.20hrs
09/04/2025 20:38:43,sell,0.02,NZDUSD,0.56178,10/04/2025 03:53:56,0.56419,0.00,0.00,-24.10,-4.82,0.86,0.00,-9.42,-24.10,234,SMA Sell,7.25,7.25hrs
09/04/2025 20:33:48,sell,0.01,USDJPY,146.70500,10/04/2025 03:53:56,146.94800,0.00,-0.46,-24.30,-2.11,1.73,0.27,-9.07,-24.30,234,SMA Sell,7.34,7.34hrs
09/04/2025 15:29:42,sell,0.02,USDJPY,144.30700,10/04/2025 03:53:56,146.94800,0.00,-0.92,-264.10,-36.86,0.00,0.00,-50.54,-264.10,234,SMA Sell,12.40,12.40hrs
09/04/2025 20:55:24,buy,0.04,EURAUD,1.79214,10/04/2025 03:53:55,1.79233,0.00,-1.05,1.90,-0.59,0.00,1.90,-40.65,-0.02,123,SMA Buy,6.98,6.98hrs
09/04/2025 20:49:46,sell,0.04,NZDUSD,0.56490,10/04/2025 03:53:55,0.56419,0.00,0.00,7.10,2.84,5.72,7.10,-6.36,0.00,234,SMA Sell,7.07,7.07hrs
09/04/2025 20:44:29,sell,0.01,CADCHF,0.60282,10/04/2025 03:53:55,0.60463,0.00,-0.25,-18.10,-2.37,0.12,0.00,-9.94,-18.10,234,SMA Sell,7.16,7.16hrs
09/04/2025 21:26:09,sell,0.02,CADCHF,0.60728,10/04/2025 03:53:54,0.60462,0.00,-0.49,26.60,5.75,7.00,26.60,-9.48,0.00,234,SMA Sell,6.46,6.46hrs
09/04/2025 21:14:37,sell,0.02,USDJPY,147.82500,10/04/2025 03:53:54,146.94800,0.00,-0.92,87.70,11.02,12.19,87.70,-3.01,-0.22,234,SMA Sell,6.65,6.65hrs
09/04/2025 21:12:36,buy,0.07,EURAUD,1.78215,10/04/2025 03:53:54,1.79232,0.00,-1.84,101.70,41.77,41.77,101.70,-28.01,-0.01,123,SMA Buy,6.69,6.69hrs
09/04/2025 22:42:28,sell,0.04,USDJPY,148.06100,10/04/2025 03:53:53,146.94700,0.00,-1.83,111.40,28.49,30.20,111.40,0.00,0.00,234,SMA Sell,5.19,5.19hrs
09/04/2025 22:29:20,buy,0.18,EURAUD,1.77664,10/04/2025 03:53:53,1.79227,0.00,-4.74,156.30,167.60,171.56,156.30,-5.10,0.00,123,SMA Buy,5.41,5.41hrs
09/04/2025 21:36:19,buy,0.12,EURAUD,1.77948,10/04/2025 03:53:53,1.79233,0.00,-3.16,128.50,91.29,91.98,128.50,-24.17,0.00,123,SMA Buy,6.29,6.29hrs
09/04/2025 04:14:11,sell,0.02,GBPJPY,186.52300,09/04/2025 15:22:01,184.70500,0.00,0.00,181.80,25.18,27.25,181.80,-7.20,-0.53,234,SMA Sell,11.13,11.13hrs
04/04/2025 15:16:49,buy,0.02,EURUSD,1.10620,09/04/2025 03:03:58,1.09732,0.00,-0.44,-88.80,-18.20,0.00,0.00,-31.12,-100.90,123,SMA Buy,107.79,4.49days
09/04/2025 02:49:58,sell,0.02,GBPJPY,186.27900,09/04/2025 03:03:57,186.38300,0.00,0.00,-10.40,-1.43,0.00,0.00,-1.43,-10.40,234,SMA Sell,0.23,0.23hrs
08/04/2025 23:38:38,sell,0.02,USDCHF,0.84868,09/04/2025 03:03:57,0.84617,0.00,-0.33,25.10,5.60,5.60,25.10,0.00,0.00,234,SMA Sell,3.42,3.42hrs
04/04/2025 20:32:34,buy,0.01,EURUSD,1.09308,09/04/2025 03:03:57,1.09732,0.00,-0.22,42.40,4.02,5.39,51.20,-3.94,0.00,123,SMA Buy,102.52,4.27days
08/04/2025 16:22:47,sell,0.04,NZDUSD,0.56201,09/04/2025 02:54:39,0.55197,0.00,0.00,100.40,40.16,40.16,100.40,0.00,0.00,234,SMA Sell,10.53,10.53hrs
08/04/2025 05:05:11,sell,0.01,NZDUSD,0.55690,09/04/2025 02:54:39,0.55197,0.00,0.00,49.30,4.93,4.93,49.30,-5.32,-0.01,234,SMA Sell,21.82,21.82hrs
08/04/2025 07:27:02,sell,0.02,NZDUSD,0.55989,09/04/2025 02:54:38,0.55197,0.00,0.00,79.20,15.84,15.84,79.20,-4.70,0.00,234,SMA Sell,19.46,19.46hrs
07/04/2025 03:22:44,sell,0.02,NZDUSD,0.55351,09/04/2025 02:54:37,0.55197,0.00,-0.01,15.40,3.07,3.07,15.40,-17.11,-0.01,234,SMA Sell,47.53,1.98days
07/04/2025 14:00:13,sell,0.01,AUDUSD,0.60391,09/04/2025 02:47:04,0.59518,0.00,-0.02,87.30,8.71,8.71,87.30,-4.48,0.00,234,SMA Sell,36.78,1.53days
08/04/2025 07:26:47,sell,0.02,AUDUSD,0.60573,09/04/2025 02:47:03,0.59518,0.00,-0.02,105.50,21.08,21.08,105.50,-5.60,0.00,234,SMA Sell,19.34,19.34hrs
07/04/2025 01:19:54,sell,0.02,AUDUSD,0.59917,09/04/2025 02:47:03,0.59518,0.00,-0.04,39.90,7.94,7.94,39.90,-18.44,-6.60,234,SMA Sell,49.45,2.06days
08/04/2025 07:12:04,sell,0.01,GBPJPY,188.70300,08/04/2025 22:59:50,186.94100,0.00,0.00,176.20,12.04,12.04,176.20,-1.52,-0.22,234,SMA Sell,15.80,15.80hrs
08/04/2025 08:00:54,sell,0.02,GBPJPY,188.86700,08/04/2025 22:59:49,186.93600,0.00,0.00,193.10,26.39,26.39,193.10,0.00,0.00,234,SMA Sell,14.98,14.98hrs
07/04/2025 02:00:45,sell,0.02,GBPJPY,186.98800,08/04/2025 22:59:49,186.93800,0.00,-0.43,5.00,0.26,0.26,5.00,-26.69,-1.94,234,SMA Sell,44.98,1.87days
04/04/2025 14:42:48,sell,0.02,NZDCAD,0.80071,07/04/2025 03:22:41,0.78859,0.00,-0.08,121.20,16.93,16.93,121.20,0.00,0.00,234,SMA Sell,60.66,2.53days
04/04/2025 14:42:03,sell,0.02,AUDJPY,88.55700,07/04/2025 00:33:29,87.47000,0.00,-0.19,108.70,14.74,14.74,108.70,-3.93,-27.50,234,SMA Sell,57.86,2.41days
04/04/2025 21:07:40,sell,0.01,GBPCHF,1.11148,07/04/2025 00:31:38,1.09950,0.00,-0.20,119.80,13.80,13.80,119.80,0.00,0.00,234,SMA Sell,51.40,2.14days
04/04/2025 14:42:06,sell,0.02,GBPCHF,1.10580,07/04/2025 00:31:38,1.09950,0.00,-0.40,63.00,14.32,14.32,63.00,-9.02,-37.10,234,SMA Sell,57.83,2.41days
03/04/2025 16:02:22,buy,0.02,GBPUSD,1.31543,04/04/2025 13:28:51,1.30237,0.00,-0.04,-130.60,-26.16,0.00,0.00,-26.16,-130.60,123,SMA Buy,21.44,21.44hrs
03/04/2025 10:49:57,sell,0.02,AUDNZD,1.09271,04/04/2025 13:28:51,1.08807,0.00,-0.06,46.40,5.22,5.22,46.40,-0.74,-5.90,234,SMA Sell,26.65,1.11days
04/04/2025 08:39:40,sell,0.02,NZDJPY,83.35300,04/04/2025 13:28:50,82.77100,0.00,0.00,58.20,8.00,8.00,58.20,0.00,0.00,234,SMA Sell,4.82,4.82hrs
03/04/2025 20:26:31,buy,0.01,GBPUSD,1.30967,04/04/2025 13:28:50,1.30236,0.00,-0.02,-73.10,-7.33,0.90,9.50,-7.33,-73.10,123,SMA Buy,17.04,17.04hrs
03/04/2025 16:51:07,buy,0.02,EURUSD,1.11004,04/04/2025 13:28:50,1.10406,0.00,-0.14,-59.80,-12.10,0.00,0.00,-13.86,-69.30,123,SMA Buy,20.63,20.63hrs
04/04/2025 09:56:18,buy,0.04,GBPUSD,1.30567,04/04/2025 13:28:49,1.30233,0.00,0.00,-33.40,-13.36,0.00,0.00,-13.36,-33.40,123,SMA Buy,3.54,3.54hrs
04/04/2025 09:41:15,buy,0.02,GBPUSD,1.30723,04/04/2025 13:28:49,1.30231,0.00,0.00,-49.20,-9.84,0.00,0.00,-9.84,-49.20,123,SMA Buy,3.79,3.79hrs
04/04/2025 11:22:46,buy,0.01,EURUSD,1.10021,04/04/2025 13:28:48,1.10399,0.00,0.00,37.80,3.78,3.78,37.80,0.00,0.00,123,SMA Buy,2.10,2.10hrs
04/04/2025 11:06:42,buy,0.12,GBPUSD,1.30020,04/04/2025 13:28:48,1.30239,0.00,0.00,21.90,26.28,26.28,21.90,0.00,0.00,123,SMA Buy,2.37,2.37hrs
04/04/2025 10:43:10,buy,0.07,GBPUSD,1.30308,04/04/2025 13:28:48,1.30239,0.00,0.00,-6.90,-4.83,0.00,0.00,-4.83,-6.90,123,SMA Buy,2.76,2.76hrs
04/04/2025 12:06:31,buy,0.30,GBPUSD,1.29671,04/04/2025 13:28:47,1.30226,0.00,0.00,55.50,166.50,166.50,55.50,0.00,0.00,123,SMA Buy,1.37,1.37hrs
04/04/2025 11:44:00,buy,0.18,GBPUSD,1.29829,04/04/2025 13:28:47,1.30240,0.00,0.00,41.10,73.98,73.98,41.10,0.00,0.00,123,SMA Buy,1.75,1.75hrs
04/04/2025 12:21:49,buy,0.02,EURUSD,1.09822,04/04/2025 13:28:46,1.10387,0.00,0.00,56.50,11.30,11.30,56.50,0.00,0.00,123,SMA Buy,1.12,1.12hrs
03/04/2025 23:17:38,sell,0.02,GBPCHF,1.12469,04/04/2025 08:16:33,1.11803,0.00,-0.41,66.60,15.21,15.21,66.60,-2.09,-9.00,234,SMA Sell,8.98,8.98hrs
03/04/2025 12:33:36,sell,0.02,USDCHF,0.86437,03/04/2025 16:31:23,0.85845,0.00,0.00,59.20,13.79,13.79,59.20,0.00,0.00,234,SMA Sell,3.96,3.96hrs
03/04/2025 07:19:14,sell,0.02,USDJPY,147.36100,03/04/2025 15:54:33,145.97300,0.00,0.00,138.80,19.02,19.02,138.80,0.00,0.00,234,SMA Sell,8.59,8.59hrs
03/04/2025 07:05:05,buy,0.02,GBPUSD,1.30699,03/04/2025 12:32:35,1.31660,0.00,0.00,96.10,19.22,19.22,96.10,-1.12,-5.60,123,SMA Buy,5.46,5.46hrs
02/04/2025 18:12:30,sell,0.01,CHFJPY,169.84400,03/04/2025 01:23:28,168.48100,0.00,-0.08,136.30,9.11,9.11,136.30,-1.35,-20.30,234,SMA Sell,7.18,7.18hrs
02/04/2025 18:32:48,sell,0.02,CHFJPY,170.02100,03/04/2025 01:23:27,168.48400,0.00,-0.17,153.70,20.55,20.55,153.70,-0.35,-2.60,234,SMA Sell,6.84,6.84hrs
02/04/2025 11:45:34,sell,0.02,CHFJPY,169.16600,03/04/2025 01:23:27,168.48900,0.00,-0.17,67.70,8.95,8.95,67.70,-11.73,-88.10,234,SMA Sell,13.63,13.63hrs
20/03/2025 11:50:58,buy,0.02,AUDUSD,0.62959,02/04/2025 05:16:30,0.62933,0.00,-0.43,-2.60,-0.95,4.36,22.40,-14.57,-71.10,123,SMA Buy,305.43,12.73days
20/03/2025 10:30:29,buy,0.01,AUDUSD,0.63147,02/04/2025 05:16:30,0.62933,0.00,-0.21,-21.40,-2.35,0.30,3.60,-9.16,-89.90,123,SMA Buy,306.77,12.78days
17/03/2025 08:13:47,buy,0.02,AUDUSD,0.63299,02/04/2025 05:16:30,0.62933,0.00,-0.62,-36.60,-7.94,10.68,53.60,-21.56,-105.10,123,SMA Buy,381.05,15.88days
24/03/2025 18:30:50,sell,0.02,EURUSD,1.07936,02/04/2025 05:16:29,1.07981,0.00,0.44,-4.50,-0.46,9.64,47.00,-8.10,-42.20,234,SMA Sell,202.76,8.45days
21/03/2025 17:54:05,buy,0.07,AUDUSD,0.62608,02/04/2025 05:16:29,0.62933,0.00,-1.29,32.50,21.46,39.99,57.50,-26.23,-36.00,123,SMA Buy,275.37,11.47days
21/03/2025 15:29:02,buy,0.04,AUDUSD,0.62763,02/04/2025 05:16:29,0.62933,0.00,-0.71,17.00,6.09,16.66,42.00,-21.17,-51.50,123,SMA Buy,277.79,11.57days
28/03/2025 17:05:38,sell,0.02,EURUSD,1.08310,02/04/2025 05:16:28,1.07981,0.00,0.15,32.90,6.73,8.12,40.10,-0.91,-4.80,234,SMA Sell,108.18,4.51days
25/03/2025 12:27:26,sell,0.01,EURUSD,1.08160,02/04/2025 05:16:28,1.07981,0.00,0.17,17.90,1.96,7.03,69.40,-1.85,-19.80,234,SMA Sell,184.82,7.70days
13/03/2025 09:35:10,buy,0.02,GBPCHF,1.14281,02/04/2025 05:16:28,1.14156,0.00,3.77,-12.50,0.94,4.66,18.80,-8.64,-42.10,123,SMA Buy,475.69,19.82days
19/03/2025 09:02:31,buy,0.02,GBPCHF,1.13821,02/04/2025 05:16:27,1.14156,0.00,2.93,33.50,10.52,13.02,53.80,0.00,0.00,123,SMA Buy,332.23,13.84days
17/03/2025 23:20:58,buy,0.02,NZDUSD,0.58207,02/04/2025 05:16:27,0.57175,0.00,-0.94,-103.20,-21.58,0.36,2.10,-33.98,-165.90,123,SMA Buy,365.92,15.25days
13/03/2025 14:11:09,buy,0.01,GBPCHF,1.14087,02/04/2025 05:16:27,1.14156,0.00,1.83,6.90,2.61,4.52,38.20,-2.12,-22.70,123,SMA Buy,471.09,19.63days
20/03/2025 10:47:47,buy,0.04,NZDUSD,0.57585,02/04/2025 05:16:26,0.57175,0.00,-1.21,-41.00,-17.61,0.00,0.00,-42.43,-103.70,123,SMA Buy,306.48,12.77days
19/03/2025 11:24:12,buy,0.02,NZDUSD,0.57822,02/04/2025 05:16:26,0.57175,0.00,-0.82,-64.70,-13.76,1.64,8.20,-26.16,-127.40,123,SMA Buy,329.87,13.74days
18/03/2025 17:04:47,buy,0.01,NZDUSD,0.58009,02/04/2025 05:16:26,0.57175,0.00,-0.43,-83.40,-8.77,1.48,14.80,-14.97,-146.10,123,SMA Buy,348.19,14.51days
31/03/2025 11:12:03,buy,0.18,NZDUSD,0.56945,02/04/2025 05:16:25,0.57175,0.00,-1.00,23.00,40.40,40.40,23.00,-71.28,-39.70,123,SMA Buy,42.07,1.75days
25/03/2025 09:34:23,buy,0.12,NZDUSD,0.57168,02/04/2025 05:16:25,0.57175,0.00,-2.65,0.70,-1.81,34.92,29.10,-76.27,-62.00,123,SMA Buy,187.70,7.82days
20/03/2025 12:21:40,buy,0.07,NZDUSD,0.57380,02/04/2025 05:16:25,0.57175,0.00,-2.10,-20.50,-16.45,8.84,12.90,-59.89,-83.20,123,SMA Buy,304.91,12.70days
31/03/2025 17:29:49,buy,0.30,NZDUSD,0.56525,02/04/2025 05:16:24,0.57175,0.00,-1.66,65.00,193.34,193.34,65.00,0.00,0.00,123,SMA Buy,35.78,1.49days
19/03/2025 20:44:04,buy,0.01,USDJPY,148.88900,24/03/2025 18:30:48,150.57300,0.00,0.16,168.40,11.34,11.34,168.40,0.00,0.00,123,SMA Buy,117.78,4.91days
19/03/2025 22:20:39,buy,0.02,USDJPY,148.73400,24/03/2025 18:30:47,150.57000,0.00,0.30,183.60,24.69,24.69,183.60,0.00,0.00,123,SMA Buy,116.17,4.84days
17/03/2025 23:21:14,buy,0.02,USDJPY,149.21600,24/03/2025 18:30:46,150.57000,0.00,1.07,135.40,19.05,19.05,135.40,-0.87,-9.10,123,SMA Buy,163.16,6.80days
14/03/2025 19:54:11,buy,0.02,NZDJPY,85.31600,17/03/2025 23:15:36,86.69100,0.00,0.01,137.50,18.44,18.44,137.50,0.00,0.00,123,SMA Buy,75.36,3.14days
07/03/2025 04:11:24,buy,0.01,AUDUSD,0.63170,13/03/2025 08:02:22,0.63029,0.00,-0.11,-14.10,-1.52,0.00,0.00,-3.27,-32.70,123,SMA Buy,147.85,6.16days
06/03/2025 00:45:54,buy,0.02,AUDUSD,0.63364,13/03/2025 08:02:22,0.63029,0.00,-0.27,-33.50,-6.97,0.00,0.00,-10.46,-52.10,123,SMA Buy,175.27,7.30days
10/03/2025 21:13:04,buy,0.04,AUDUSD,0.62679,13/03/2025 08:02:21,0.63030,0.00,-0.36,35.10,13.68,13.68,35.10,0.00,0.00,123,SMA Buy,58.82,2.45days
07/03/2025 14:59:32,buy,0.02,AUDUSD,0.62926,13/03/2025 08:02:21,0.63029,0.00,-0.23,10.30,1.83,2.70,13.70,-1.66,-8.30,123,SMA Buy,137.05,5.71days
11/03/2025 11:34:45,sell,0.01,CADJPY,102.28100,13/03/2025 08:02:20,102.67400,0.00,-0.36,-39.30,-3.02,0.00,0.00,-3.02,-39.30,234,SMA Sell,44.46,1.85days
10/03/2025 15:43:56,sell,0.02,CADJPY,102.05200,13/03/2025 08:02:20,102.67400,0.00,-0.89,-62.20,-9.31,0.00,0.00,-9.31,-62.20,234,SMA Sell,64.31,2.68days
11/03/2025 13:27:03,sell,0.02,CADJPY,102.43500,13/03/2025 08:02:19,102.67400,0.00,-0.71,-23.90,-3.95,0.00,0.00,-3.95,-23.90,234,SMA Sell,42.59,1.77days
12/03/2025 11:59:23,sell,0.04,CADJPY,102.94000,13/03/2025 08:02:17,102.67300,0.00,-1.06,26.70,6.16,6.16,26.70,0.00,0.00,234,SMA Sell,20.05,20.05hrs
12/03/2025 14:28:31,sell,0.12,CADJPY,103.27900,13/03/2025 08:02:16,102.67300,0.00,-3.19,60.60,46.01,46.01,60.60,0.00,0.00,234,SMA Sell,17.56,17.56hrs
12/03/2025 12:53:13,sell,0.07,CADJPY,103.10700,13/03/2025 08:02:16,102.67300,0.00,-1.86,43.40,18.69,18.69,43.40,0.00,0.00,234,SMA Sell,19.15,19.15hrs
12/03/2025 14:52:56,sell,0.18,CADJPY,103.47800,13/03/2025 08:02:15,102.67300,0.00,-4.79,80.50,93.25,93.25,80.50,0.00,0.00,234,SMA Sell,17.16,17.16hrs
11/03/2025 11:17:33,buy,0.02,GBPAUD,2.05559,13/03/2025 08:02:15,2.05541,0.00,-0.21,-1.80,-0.44,0.00,0.00,-0.44,-1.80,123,SMA Buy,44.74,1.86days
05/03/2025 23:27:51,buy,0.02,NZDUSD,0.57320,13/03/2025 08:02:15,0.57210,0.00,-0.53,-11.00,-2.73,0.00,0.00,-7.42,-35.40,123,SMA Buy,176.57,7.36days
07/03/2025 19:33:23,buy,0.01,NZDUSD,0.56986,13/03/2025 08:02:14,0.57210,0.00,-0.17,22.40,2.07,2.07,22.40,0.00,0.00,123,SMA Buy,132.48,5.52days
11/03/2025 08:18:09,buy,0.02,NZDUSD,0.56808,13/03/2025 08:02:13,0.57210,0.00,-0.23,40.20,7.81,7.81,40.20,0.00,0.00,123,SMA Buy,47.73,1.99days
05/03/2025 17:52:59,buy,0.02,EURGBP,0.83717,11/03/2025 11:17:25,0.84350,0.00,-1.37,63.30,14.99,14.99,63.30,0.00,0.00,123,SMA Buy,137.41,5.73days
10/03/2025 10:03:21,buy,0.01,GBPCAD,1.85130,10/03/2025 15:43:46,1.86519,0.00,0.00,138.90,9.64,9.64,138.90,0.00,0.00,123,SMA Buy,5.67,5.67hrs
07/03/2025 19:44:56,buy,0.02,GBPCAD,1.85710,10/03/2025 15:43:45,1.86526,0.00,0.03,81.60,11.35,11.35,81.60,0.00,0.00,123,SMA Buy,67.98,2.83days
06/03/2025 17:11:43,buy,0.01,GBPCAD,1.84415,07/03/2025 18:34:58,1.85644,0.00,0.01,122.90,8.56,8.56,122.90,-0.75,-10.90,123,SMA Buy,25.39,1.06days
06/03/2025 17:19:08,buy,0.02,GBPCAD,1.83988,07/03/2025 18:34:57,1.85644,0.00,0.03,165.60,23.06,23.06,165.60,0.00,0.00,123,SMA Buy,25.26,1.05days
05/03/2025 17:52:55,buy,0.02,GBPCAD,1.85081,07/03/2025 18:34:56,1.85644,0.00,0.12,56.30,7.95,7.95,56.30,-10.72,-77.50,123,SMA Buy,48.70,2.03days
04/03/2025 11:35:31,sell,0.02,AUDJPY,92.61200,05/03/2025 16:39:06,93.71100,0.00,-0.19,-109.90,-14.98,2.08,15.40,-14.98,-109.90,234,SMA Sell,29.06,1.21days
04/03/2025 15:47:04,sell,0.02,CADCHF,0.61565,05/03/2025 16:39:05,0.61808,0.00,-0.16,-24.30,-5.63,6.25,27.80,-5.63,-24.30,234,SMA Sell,24.87,1.04days
21/02/2025 12:43:34,sell,0.02,EURGBP,0.82750,05/03/2025 16:39:04,0.83649,0.00,-0.01,-89.90,-23.13,6.84,27.30,-23.13,-89.90,234,SMA Sell,291.93,12.16days
24/02/2025 04:13:27,sell,0.01,EURGBP,0.82945,05/03/2025 16:39:03,0.83649,0.00,0.03,-70.40,-9.02,5.90,46.80,-9.02,-70.40,234,SMA Sell,228.43,9.52days
21/02/2025 14:49:04,buy,0.02,NZDCHF,0.51796,05/03/2025 16:39:01,0.50653,0.00,0.81,-114.30,-24.94,0.00,0.00,-39.60,-179.50,123,SMA Buy,289.83,12.08days
25/02/2025 12:12:59,buy,0.02,NZDCHF,0.51227,05/03/2025 16:38:59,0.50653,0.00,0.65,-57.40,-12.28,0.00,0.00,-26.97,-122.60,123,SMA Buy,196.43,8.18days
21/02/2025 20:16:05,buy,0.01,NZDCHF,0.51558,05/03/2025 16:38:59,0.50653,0.00,0.41,-90.50,-9.78,1.32,11.50,-17.12,-155.70,123,SMA Buy,284.38,11.85days
25/02/2025 17:44:29,buy,0.04,NZDCHF,0.51020,05/03/2025 16:38:58,0.50653,0.00,1.35,-36.70,-15.18,0.80,0.40,-44.59,-101.90,123,SMA Buy,190.91,7.95days
03/03/2025 22:50:50,buy,0.18,NZDCHF,0.50294,05/03/2025 16:38:57,0.50653,0.00,1.51,35.90,74.29,74.29,35.90,-58.33,-29.30,123,SMA Buy,41.80,1.74days
28/02/2025 20:32:39,buy,0.12,NZDCHF,0.50473,05/03/2025 16:38:57,0.50654,0.00,1.51,18.10,25.97,25.97,18.10,-62.54,-47.20,123,SMA Buy,116.11,4.84days
27/02/2025 16:59:07,buy,0.07,NZDCHF,0.50822,05/03/2025 16:38:57,0.50654,0.00,1.17,-16.80,-12.08,0.00,0.00,-63.66,-82.10,123,SMA Buy,143.66,5.99days
04/03/2025 17:15:45,buy,0.30,NZDCHF,0.49959,05/03/2025 16:38:56,0.50651,0.00,1.27,69.20,235.11,235.11,69.20,0.00,0.00,123,SMA Buy,23.39,23.39hrs
04/03/2025 22:00:05,sell,0.04,AUDJPY,93.25900,05/03/2025 16:38:55,93.68700,0.00,-0.37,-42.80,-11.89,0.62,2.30,-11.89,-42.80,234,SMA Sell,18.65,18.65hrs
04/03/2025 21:10:55,sell,0.02,AUDJPY,93.03300,05/03/2025 16:38:55,93.68700,0.00,-0.19,-65.40,-8.99,0.00,0.00,-8.99,-65.40,234,SMA Sell,19.47,19.47hrs
04/03/2025 20:59:05,sell,0.01,AUDJPY,92.86800,05/03/2025 16:38:55,93.69000,0.00,-0.09,-82.20,-5.63,0.00,0.00,-5.63,-82.20,234,SMA Sell,19.66,19.66hrs
05/03/2025 08:46:11,sell,0.02,EURGBP,0.83096,05/03/2025 16:38:54,0.83646,0.00,0.00,-55.00,-14.15,0.00,0.00,-14.15,-55.00,234,SMA Sell,7.88,7.88hrs
04/03/2025 22:20:58,sell,0.07,AUDJPY,93.46400,05/03/2025 16:38:54,93.68700,0.00,-0.65,-22.30,-11.16,10.70,22.80,-11.16,-22.30,234,SMA Sell,18.30,18.30hrs
05/03/2025 10:49:33,sell,0.04,EURGBP,0.83250,05/03/2025 16:38:53,0.83646,0.00,0.00,-39.60,-20.37,0.00,0.00,-20.37,-39.60,234,SMA Sell,5.82,5.82hrs
05/03/2025 15:56:03,sell,0.12,EURGBP,0.83597,05/03/2025 16:38:52,0.83647,0.00,0.00,-5.00,-7.72,0.00,0.00,-7.72,-5.00,234,SMA Sell,0.71,0.71hrs
05/03/2025 11:36:00,sell,0.07,EURGBP,0.83407,05/03/2025 16:38:52,0.83646,0.00,0.00,-23.90,-21.51,0.00,0.00,-21.51,-23.90,234,SMA Sell,5.05,5.05hrs
24/02/2025 12:28:27,sell,0.01,USDCHF,0.89917,04/03/2025 12:06:44,0.89203,0.00,-1.25,71.40,6.75,6.75,71.40,-4.19,-29.30,234,SMA Sell,191.64,7.98days
28/02/2025 09:56:00,sell,0.02,USDCHF,0.90160,04/03/2025 12:06:43,0.89204,0.00,-0.62,95.60,20.81,20.81,95.60,-1.11,-5.00,234,SMA Sell,98.18,4.09days
21/02/2025 20:16:01,sell,0.02,USDCHF,0.89762,04/03/2025 12:06:40,0.89206,0.00,-2.79,55.60,9.68,9.68,55.60,-12.10,-44.80,234,SMA Sell,255.84,10.66days
28/02/2025 20:33:41,buy,0.04,EURUSD,1.03755,04/03/2025 11:25:50,1.05105,0.00,-0.56,135.00,53.44,55.48,140.20,0.00,0.00,123,SMA Buy,86.87,3.62days
27/02/2025 06:58:15,buy,0.01,EURUSD,1.04628,04/03/2025 11:25:50,1.05105,0.00,-0.21,47.70,4.56,5.07,52.90,-7.93,-78.60,123,SMA Buy,124.46,5.19days
27/02/2025 16:07:26,buy,0.02,EURUSD,1.04266,04/03/2025 11:25:49,1.05105,0.00,-0.42,83.90,16.36,17.38,89.10,-8.62,-42.40,123,SMA Buy,115.31,4.80days
21/02/2025 17:05:30,buy,0.02,EURUSD,1.04802,04/03/2025 11:25:48,1.05105,0.00,-1.26,30.30,4.80,9.18,46.60,-20.18,-96.00,123,SMA Buy,258.34,10.76days
21/02/2025 12:53:27,sell,0.02,USDJPY,150.38700,21/02/2025 20:15:54,149.17700,0.00,0.00,121.00,16.22,16.22,121.00,0.00,0.00,234,SMA Sell,7.37,7.37hrs
18/02/2025 17:38:49,sell,0.02,EURAUD,1.64538,21/02/2025 11:39:52,1.64058,0.00,0.05,48.00,6.19,10.90,84.50,-2.41,-19.10,234,SMA Sell,66.02,2.75days
18/02/2025 16:59:54,buy,0.02,GBPCAD,1.78995,21/02/2025 11:39:52,1.79520,0.00,0.14,52.50,7.54,7.54,52.50,-4.31,-30.60,123,SMA Buy,66.67,2.78days
20/02/2025 07:53:35,sell,0.02,GBPJPY,189.38600,21/02/2025 11:39:51,190.14300,0.00,-0.57,-75.70,-10.64,3.99,29.90,-10.64,-75.70,234,SMA Sell,27.77,1.16days
19/02/2025 12:48:41,buy,0.01,GBPCAD,1.78817,21/02/2025 11:39:51,1.79520,0.00,0.05,70.30,5.01,5.01,70.30,-0.68,-9.70,123,SMA Buy,46.85,1.95days
19/02/2025 06:21:18,sell,0.02,USDCAD,1.41812,21/02/2025 11:39:51,1.41945,0.00,-0.50,-13.30,-2.37,0.35,2.50,-8.79,-62.60,234,SMA Sell,53.31,2.22days
19/02/2025 14:36:24,sell,0.02,USDCAD,1.42186,21/02/2025 11:39:50,1.41945,0.00,-0.50,24.10,2.90,4.04,29.70,-3.54,-25.20,234,SMA Sell,45.06,1.88days
19/02/2025 12:04:07,sell,0.01,USDCAD,1.41990,21/02/2025 11:39:50,1.41945,0.00,-0.25,4.50,0.07,0.64,10.10,-3.15,-44.80,234,SMA Sell,47.60,1.98days
21/02/2025 03:36:23,sell,0.02,GBPJPY,190.03700,21/02/2025 11:39:49,190.13000,0.00,0.00,-9.30,-1.24,0.00,0.00,-1.24,-9.30,234,SMA Sell,8.06,8.06hrs
20/02/2025 21:47:23,sell,0.01,GBPJPY,189.64800,21/02/2025 11:39:49,190.13000,0.00,-0.28,-48.20,-3.48,0.00,0.00,-3.48,-48.20,234,SMA Sell,13.87,13.87hrs
19/02/2025 18:57:42,sell,0.04,USDCAD,1.42353,21/02/2025 11:39:49,1.41945,0.00,-1.00,40.80,10.50,12.77,46.40,-2.39,-8.50,234,SMA Sell,40.70,1.70days
21/02/2025 04:30:24,sell,0.12,GBPJPY,190.63400,21/02/2025 11:39:48,190.13300,0.00,0.00,50.10,40.00,40.00,50.10,0.00,0.00,234,SMA Sell,7.16,7.16hrs
21/02/2025 04:28:49,sell,0.07,GBPJPY,190.47100,21/02/2025 11:39:48,190.13100,0.00,0.00,34.00,15.83,15.83,34.00,0.00,0.00,234,SMA Sell,7.18,7.18hrs
21/02/2025 03:42:15,sell,0.04,GBPJPY,190.28000,21/02/2025 11:39:48,190.13100,0.00,0.00,14.90,3.97,3.97,14.90,0.00,0.00,234,SMA Sell,7.96,7.96hrs
21/02/2025 04:38:36,sell,0.18,GBPJPY,190.79700,21/02/2025 11:39:47,190.13300,0.00,0.00,66.40,79.52,79.52,66.40,0.00,0.00,234,SMA Sell,7.02,7.02hrs
18/02/2025 20:52:17,sell,0.01,USDJPY,152.00200,20/02/2025 07:52:23,150.38700,0.00,-0.68,161.50,10.06,10.25,164.40,-0.88,-12.80,234,SMA Sell,35.00,1.46days
18/02/2025 17:17:17,sell,0.02,USDJPY,151.65900,20/02/2025 07:52:22,150.38700,0.00,-1.37,127.20,15.55,15.93,130.10,-6.28,-47.10,234,SMA Sell,38.58,1.61days
13/02/2025 10:41:55,buy,0.01,AUDCHF,0.56978,18/02/2025 15:59:21,0.57195,0.00,0.10,21.70,2.50,4.48,39.60,0.00,0.00,123,SMA Buy,125.29,5.22days
10/02/2025 18:48:08,buy,0.02,AUDCHF,0.57200,18/02/2025 15:59:21,0.57195,0.00,0.78,-0.50,0.67,8.33,37.00,-3.64,-19.10,123,SMA Buy,189.19,7.88days
10/02/2025 10:32:08,sell,0.02,CADJPY,106.36400,18/02/2025 15:59:20,106.79100,0.00,-1.24,-42.70,-6.87,5.68,43.10,-24.42,-187.10,234,SMA Sell,197.45,8.23days
07/02/2025 12:51:06,sell,0.01,CADJPY,106.20300,18/02/2025 15:59:20,106.79100,0.00,-0.71,-58.80,-4.58,5.02,77.30,-13.34,-203.20,234,SMA Sell,267.14,11.13days
06/02/2025 18:07:51,sell,0.02,CADJPY,106.04600,18/02/2025 15:59:20,106.78900,0.00,-1.78,-74.30,-11.58,7.60,61.60,-29.08,-218.90,234,SMA Sell,285.86,11.91days
12/02/2025 02:54:56,sell,0.12,CADJPY,107.16400,18/02/2025 15:59:19,106.79100,0.00,-6.36,37.30,23.14,29.52,43.90,-83.28,-107.10,234,SMA Sell,157.07,6.54days
12/02/2025 02:05:39,sell,0.07,CADJPY,106.97200,18/02/2025 15:59:19,106.79100,0.00,-3.72,18.10,4.63,8.33,24.70,-57.28,-126.30,234,SMA Sell,157.89,6.58days
11/02/2025 22:38:44,sell,0.04,CADJPY,106.78900,18/02/2025 15:59:19,106.79100,0.00,-2.49,-0.20,-2.54,2.65,10.10,-37.84,-144.60,234,SMA Sell,161.34,6.72days
12/02/2025 04:55:06,sell,0.30,CADJPY,107.46900,18/02/2025 15:59:18,106.79400,0.00,-15.92,67.50,117.56,134.20,74.40,-148.97,-76.60,234,SMA Sell,155.07,6.46days
12/02/2025 03:47:28,sell,0.18,CADJPY,107.31800,18/02/2025 15:59:18,106.79400,0.00,-9.55,52.40,52.63,62.57,59.30,-106.98,-91.70,234,SMA Sell,156.20,6.51days
11/02/2025 17:24:46,sell,0.02,EURUSD,1.03369,18/02/2025 15:59:17,1.04442,0.00,0.42,-107.30,-21.04,3.15,16.40,-34.84,-175.90,234,SMA Sell,166.58,6.94days
11/02/2025 12:29:03,sell,0.01,EURUSD,1.03220,18/02/2025 15:59:17,1.04442,0.00,0.20,-122.20,-12.02,0.48,4.80,-18.92,-190.80,234,SMA Sell,171.50,7.15days
11/02/2025 00:51:11,sell,0.02,EURUSD,1.03053,18/02/2025 15:59:17,1.04442,0.00,0.42,-138.90,-27.36,2.52,12.60,-41.16,-207.50,234,SMA Sell,183.13,7.63days
13/02/2025 06:21:42,sell,0.12,EURUSD,1.04270,18/02/2025 15:59:16,1.04443,0.00,0.72,-17.30,-20.04,1.44,1.20,-102.72,-85.80,234,SMA Sell,129.63,5.40days
12/02/2025 19:17:50,sell,0.07,EURUSD,1.04118,18/02/2025 15:59:16,1.04442,0.00,1.29,-32.40,-21.39,12.56,16.70,-69.69,-101.00,234,SMA Sell,140.69,5.86days
12/02/2025 09:56:24,sell,0.04,EURUSD,1.03750,18/02/2025 15:59:16,1.04442,0.00,0.74,-69.20,-26.94,21.44,54.50,-54.54,-137.80,234,SMA Sell,150.05,6.25days
17/02/2025 04:26:08,sell,0.02,USDCHF,0.89938,18/02/2025 15:59:15,0.90192,0.00,-0.31,-25.40,-5.94,0.00,0.00,-8.99,-39.20,234,SMA Sell,35.55,1.48days
14/02/2025 10:25:44,sell,0.30,EURUSD,1.04768,18/02/2025 15:59:15,1.04444,0.00,1.82,32.40,99.02,99.02,32.40,-107.40,-36.00,234,SMA Sell,101.56,4.23days
13/02/2025 22:26:37,sell,0.18,EURUSD,1.04564,18/02/2025 15:59:15,1.04444,0.00,1.08,12.00,22.68,22.68,12.00,-101.16,-56.40,234,SMA Sell,113.54,4.73days
18/02/2025 07:03:01,sell,0.02,USDCHF,0.90276,18/02/2025 15:59:14,0.90191,0.00,0.00,8.50,1.88,5.62,25.30,-1.20,-5.40,234,SMA Sell,8.94,8.94hrs
17/02/2025 13:15:15,sell,0.01,USDCHF,0.90096,18/02/2025 15:59:14,0.90192,0.00,-0.15,-9.60,-1.21,0.66,7.30,-2.74,-23.40,234,SMA Sell,26.73,1.11days
07/02/2025 18:03:52,buy,0.01,NZDUSD,0.56517,17/02/2025 04:12:22,0.57379,0.00,-0.15,86.20,8.47,9.13,92.80,-4.28,-42.20,123,SMA Buy,226.14,9.42days
12/02/2025 16:07:34,buy,0.02,NZDUSD,0.56053,17/02/2025 04:12:21,0.57379,0.00,-0.17,132.60,26.35,27.67,139.20,0.00,0.00,123,SMA Buy,108.08,4.50days
06/02/2025 19:42:00,buy,0.02,NZDUSD,0.56745,17/02/2025 04:12:20,0.57379,0.00,-0.33,63.40,12.35,13.67,70.00,-13.16,-65.00,123,SMA Buy,248.51,10.35days
07/02/2025 11:10:32,sell,0.04,GBPCAD,1.78364,10/02/2025 23:54:10,1.77054,0.00,-0.39,131.00,36.20,36.27,131.20,-0.50,-1.80,234,SMA Sell,84.73,3.53days
07/02/2025 10:00:29,sell,0.01,GBPCAD,1.78011,10/02/2025 23:54:10,1.77054,0.00,-0.10,95.70,6.58,6.60,95.90,-2.59,-37.10,234,SMA Sell,85.89,3.58days
07/02/2025 10:37:25,sell,0.02,GBPCAD,1.78196,10/02/2025 23:54:09,1.77054,0.00,-0.20,114.20,15.76,15.78,114.40,-2.60,-18.60,234,SMA Sell,85.28,3.55days
06/02/2025 15:09:38,sell,0.02,GBPCAD,1.77543,10/02/2025 23:54:08,1.77054,0.00,-0.40,48.90,6.43,6.46,49.10,-11.91,-83.90,234,SMA Sell,104.74,4.36days
06/02/2025 11:27:03,sell,0.02,EURAUD,1.65560,10/02/2025 18:18:08,1.64252,0.00,0.02,130.80,16.45,16.45,130.80,0.00,0.00,234,SMA Sell,102.85,4.29days
06/02/2025 10:58:34,sell,0.02,CHFJPY,168.83500,06/02/2025 18:07:45,167.72100,0.00,0.00,111.40,14.68,14.68,111.40,0.00,0.00,234,SMA Sell,7.15,7.15hrs
06/02/2025 11:03:41,sell,0.02,GBPCAD,1.78758,06/02/2025 14:09:19,1.77670,0.00,0.00,108.80,15.15,15.15,108.80,0.00,0.00,234,SMA Sell,3.09,3.09hrs
03/02/2025 15:06:02,sell,0.01,EURUSD,1.02791,06/02/2025 09:51:53,1.03842,0.00,0.11,-105.10,-10.40,2.02,20.40,-14.78,-148.70,234,SMA Sell,66.76,2.78days
03/02/2025 02:11:19,sell,0.02,EURUSD,1.02619,06/02/2025 09:51:53,1.03842,0.00,0.24,-122.30,-24.22,9.36,46.80,-32.98,-165.90,234,SMA Sell,79.68,3.32days
03/02/2025 23:49:01,sell,0.04,EURUSD,1.03423,06/02/2025 09:51:52,1.03840,0.00,0.46,-41.70,-16.22,18.97,47.30,-33.82,-85.50,234,SMA Sell,58.05,2.42days
03/02/2025 18:15:57,sell,0.02,EURUSD,1.03177,06/02/2025 09:51:52,1.03842,0.00,0.24,-66.50,-13.06,8.18,40.70,-21.82,-110.10,234,SMA Sell,63.60,2.65days
04/02/2025 17:41:46,sell,0.12,EURUSD,1.03783,06/02/2025 09:51:51,1.03840,0.00,1.12,-5.70,-5.72,6.96,5.60,-58.52,-49.50,234,SMA Sell,40.17,1.67days
04/02/2025 17:06:41,sell,0.07,EURUSD,1.03626,06/02/2025 09:51:51,1.03840,0.00,0.65,-21.40,-14.33,0.00,0.00,-45.13,-65.20,234,SMA Sell,40.75,1.70days
05/02/2025 09:32:58,sell,0.18,EURUSD,1.04055,06/02/2025 09:51:50,1.03841,0.00,1.25,21.40,39.77,39.77,21.40,-39.24,-22.30,234,SMA Sell,24.31,1.01days
05/02/2025 12:40:12,sell,0.30,EURUSD,1.04269,06/02/2025 09:51:49,1.03841,0.00,2.09,42.80,130.49,130.49,42.80,-1.20,-0.90,234,SMA Sell,21.19,21.19hrs
03/02/2025 05:14:01,buy,0.02,GBPAUD,2.01199,06/02/2025 09:51:49,1.99196,0.00,-0.29,-200.30,-25.38,0.00,0.00,-29.12,-231.10,123,SMA Buy,76.63,3.19days
05/02/2025 10:30:43,buy,0.04,GBPAUD,1.99177,06/02/2025 09:51:48,1.99189,0.00,-0.35,1.20,-0.05,9.03,36.30,-7.16,-28.90,123,SMA Buy,23.35,23.35hrs
04/02/2025 18:11:25,buy,0.02,GBPAUD,1.99530,06/02/2025 09:51:48,1.99197,0.00,-0.23,-33.30,-4.40,1.72,13.60,-8.08,-64.20,123,SMA Buy,39.67,1.65days
03/02/2025 23:47:02,buy,0.01,GBPAUD,1.99910,06/02/2025 09:51:48,1.99197,0.00,-0.15,-71.30,-4.62,2.90,47.40,-6.46,-102.20,123,SMA Buy,58.08,2.42days
05/02/2025 17:17:15,buy,0.07,GBPAUD,1.98960,06/02/2025 09:51:47,1.99192,0.00,-0.61,23.20,9.57,18.90,44.70,-2.99,-7.20,123,SMA Buy,16.58,16.58hrs
03/02/2025 17:44:28,sell,0.01,NZDJPY,86.67900,06/02/2025 09:51:46,86.33000,0.00,-0.43,34.90,1.86,1.87,35.00,-4.20,-63.00,234,SMA Sell,64.12,2.67days
03/02/2025 17:21:56,sell,0.02,NZDJPY,85.85800,06/02/2025 09:51:46,86.32700,0.00,-0.86,-46.90,-7.01,0.00,0.00,-19.03,-145.10,234,SMA Sell,64.50,2.69days
04/02/2025 01:14:52,sell,0.04,NZDJPY,87.42900,06/02/2025 09:51:45,86.33000,0.00,-1.02,109.90,27.80,27.86,110.00,0.00,0.00,234,SMA Sell,56.61,2.36days
03/02/2025 23:48:58,sell,0.02,NZDJPY,87.12000,06/02/2025 09:51:45,86.33000,0.00,-0.86,79.00,9.50,9.53,79.10,-2.69,-18.90,234,SMA Sell,58.05,2.42days
03/02/2025 02:11:14,buy,0.02,USDCAD,1.46939,06/02/2025 09:51:45,1.43584,0.00,0.15,-335.50,-46.58,12.30,90.80,-58.65,-419.30,123,SMA Buy,79.68,3.32days
04/02/2025 01:13:54,buy,0.04,USDCAD,1.43914,06/02/2025 09:51:44,1.43584,0.00,0.18,-33.00,-9.01,25.71,93.10,-32.64,-116.80,123,SMA Buy,56.63,2.36days
03/02/2025 23:45:09,buy,0.02,USDCAD,1.44168,06/02/2025 09:51:44,1.43584,0.00,0.15,-58.40,-7.98,9.40,67.70,-19.82,-142.20,123,SMA Buy,58.11,2.42days
03/02/2025 18:07:11,buy,0.01,USDCAD,1.46158,06/02/2025 09:51:44,1.43584,0.00,0.06,-257.40,-17.87,0.00,0.00,-23.86,-341.20,123,SMA Buy,63.74,2.66days
04/02/2025 17:25:16,buy,0.12,USDCAD,1.43575,06/02/2025 09:51:43,1.43584,0.00,0.56,0.90,1.31,1.31,0.90,-69.41,-82.90,123,SMA Buy,40.44,1.69days
04/02/2025 16:15:22,buy,0.07,USDCAD,1.43745,06/02/2025 09:51:43,1.43584,0.00,0.32,-16.10,-7.53,0.00,0.00,-48.83,-99.90,123,SMA Buy,41.61,1.73days
04/02/2025 18:01:44,buy,0.18,USDCAD,1.43327,06/02/2025 09:51:42,1.43583,0.00,0.82,25.60,32.91,32.91,25.60,-72.85,-58.10,123,SMA Buy,39.83,1.66days
05/02/2025 18:58:59,buy,0.12,GBPAUD,1.98815,06/02/2025 09:51:41,1.99189,0.00,-1.05,37.40,27.06,43.28,59.20,0.00,0.00,123,SMA Buy,14.88,14.88hrs
04/02/2025 18:12:16,buy,0.30,USDCAD,1.43160,06/02/2025 09:51:41,1.43583,0.00,1.38,42.30,89.76,89.76,42.30,-86.32,-41.40,123,SMA Buy,39.66,1.65days
03/02/2025 10:25:28,sell,0.01,GBPJPY,191.50600,03/02/2025 17:21:49,190.30200,0.00,0.00,120.40,7.82,7.82,120.40,0.00,0.00,234,SMA Sell,6.94,6.94hrs
03/02/2025 02:11:04,sell,0.02,GBPJPY,191.35700,03/02/2025 17:21:48,190.30400,0.00,0.00,105.30,13.67,13.67,105.30,-2.22,-16.60,234,SMA Sell,15.18,15.18hrs
03/02/2025 02:11:00,buy,0.02,GBPAUD,2.00135,03/02/2025 04:13:58,2.01220,0.00,0.00,108.50,13.23,13.23,108.50,0.00,0.00,123,SMA Buy,2.05,2.05hrs
29/01/2025 13:16:31,sell,0.02,EURCHF,0.94263,03/02/2025 01:03:26,0.93711,0.00,-1.15,55.20,10.92,10.92,55.20,-11.43,-48.80,234,SMA Sell,107.78,4.49days
30/01/2025 15:58:20,sell,0.02,EURCHF,0.94745,03/02/2025 01:03:25,0.93716,0.00,-0.46,102.90,22.04,22.04,102.90,-0.13,-0.60,234,SMA Sell,81.08,3.38days
29/01/2025 17:46:37,sell,0.01,EURCHF,0.94432,03/02/2025 01:03:25,0.93711,0.00,-0.56,72.10,7.32,7.32,72.10,-3.85,-31.90,234,SMA Sell,103.28,4.30days
31/01/2025 03:46:32,sell,0.02,GBPJPY,191.40900,03/02/2025 01:03:24,190.85800,0.00,-0.44,55.10,6.66,7.21,59.30,-12.18,-92.40,234,SMA Sell,69.28,2.89days
31/01/2025 07:24:25,sell,0.01,GBPJPY,192.11500,03/02/2025 01:03:23,190.91300,0.00,-0.22,120.20,7.53,8.16,129.90,-1.54,-21.80,234,SMA Sell,65.65,2.74days
31/01/2025 18:34:04,sell,0.04,GBPJPY,192.72800,03/02/2025 01:03:22,190.91700,0.00,-0.89,181.10,45.82,48.45,191.20,0.00,0.00,234,SMA Sell,54.49,2.27days
31/01/2025 07:49:45,sell,0.02,GBPJPY,192.26900,03/02/2025 01:03:22,190.95400,0.00,-0.44,131.50,16.52,18.31,145.30,-1.10,-6.40,234,SMA Sell,65.23,2.72days
31/01/2025 18:41:41,sell,0.07,GBPJPY,192.97200,03/02/2025 01:03:21,190.90000,0.00,-1.55,207.20,91.98,95.82,215.60,0.00,0.00,234,SMA Sell,54.36,2.27days
31/01/2025 02:11:45,sell,0.02,NZDUSD,0.56335,03/02/2025 01:03:21,0.55843,0.00,-0.02,49.20,9.82,9.82,49.20,-4.46,-22.30,234,SMA Sell,70.86,2.95days
31/01/2025 08:51:57,sell,0.01,NZDUSD,0.56498,03/02/2025 01:03:20,0.55843,0.00,-0.01,65.50,6.54,6.54,65.50,-0.60,-6.00,234,SMA Sell,64.19,2.67days
31/01/2025 19:14:12,sell,0.02,NZDUSD,0.56753,03/02/2025 01:03:19,0.55851,0.00,-0.02,90.20,18.02,18.04,90.30,0.00,0.00,234,SMA Sell,53.82,2.24days
31/01/2025 09:20:12,buy,0.01,GBPCAD,1.79591,03/02/2025 00:53:56,1.81262,0.00,0.02,167.10,11.36,12.36,181.90,-0.82,-11.80,123,SMA Buy,63.56,2.65days
31/01/2025 02:00:11,buy,0.02,GBPCAD,1.80053,03/02/2025 00:53:55,1.81262,0.00,0.04,120.90,16.44,18.45,135.70,-8.03,-58.00,123,SMA Buy,70.90,2.95days
29/01/2025 09:09:57,sell,0.02,AUDJPY,96.93700,31/01/2025 03:46:29,95.79000,0.00,-0.80,114.70,14.08,15.63,126.60,0.00,0.00,234,SMA Sell,42.61,1.78days
30/01/2025 12:55:20,buy,0.01,GBPCAD,1.79129,30/01/2025 22:40:09,1.80703,0.00,0.00,157.40,10.82,10.82,157.40,-0.42,-6.00,123,SMA Buy,9.75,9.75hrs
29/01/2025 08:58:48,buy,0.02,GBPCAD,1.79332,30/01/2025 22:40:09,1.80713,0.00,0.07,138.10,19.05,19.05,138.10,-3.58,-26.30,123,SMA Buy,37.69,1.57days
27/01/2025 15:32:13,sell,0.02,USDCHF,0.89929,29/01/2025 07:43:02,0.90359,0.00,-0.62,-43.00,-10.14,0.53,2.40,-16.61,-73.90,234,SMA Sell,40.18,1.67days
27/01/2025 04:21:04,buy,0.02,EURCAD,1.50591,29/01/2025 07:43:02,1.50267,0.00,-0.16,-32.40,-4.66,8.35,59.90,-8.07,-57.30,123,SMA Buy,51.37,2.14days
27/01/2025 18:02:21,sell,0.02,USDJPY,154.38400,29/01/2025 07:43:01,155.09800,0.00,-0.59,-71.40,-9.80,2.97,22.80,-19.23,-147.50,234,SMA Sell,37.68,1.57days
27/01/2025 21:38:00,sell,0.01,USDJPY,154.67300,29/01/2025 07:43:01,155.09800,0.00,-0.30,-42.50,-3.04,1.17,17.00,-7.76,-118.60,234,SMA Sell,34.08,1.42days
28/01/2025 01:20:55,sell,0.01,USDCHF,0.90347,29/01/2025 07:43:01,0.90359,0.00,-0.15,-1.20,-0.28,0.00,0.00,-3.54,-32.10,234,SMA Sell,30.37,1.27days
28/01/2025 01:35:40,sell,0.02,USDJPY,154.94100,29/01/2025 07:43:00,155.09900,0.00,-0.29,-15.80,-2.33,0.36,2.80,-11.78,-91.80,234,SMA Sell,30.12,1.26days
28/01/2025 01:26:34,buy,0.01,EURCAD,1.50436,29/01/2025 07:43:00,1.50267,0.00,-0.04,-16.90,-1.21,0.00,0.00,-2.91,-41.80,123,SMA Buy,30.27,1.26days
28/01/2025 02:26:51,sell,0.04,USDJPY,155.10000,29/01/2025 07:43:00,155.09600,0.00,-0.59,0.40,-0.49,0.13,0.80,-19.48,-75.90,234,SMA Sell,29.27,1.22days
28/01/2025 03:08:18,sell,0.07,USDJPY,155.25700,29/01/2025 07:42:59,155.09600,0.00,-1.03,16.10,6.24,6.24,16.10,-27.04,-60.20,234,SMA Sell,28.58,1.19days
28/01/2025 03:26:29,sell,0.12,USDJPY,155.40600,29/01/2025 07:42:59,155.09600,0.00,-1.76,31.00,22.23,22.23,31.00,-34.88,-45.30,234,SMA Sell,28.27,1.18days
28/01/2025 04:04:48,sell,0.18,USDJPY,155.57000,29/01/2025 07:42:59,155.09600,0.00,-2.64,47.40,52.37,52.37,47.40,-33.38,-28.90,234,SMA Sell,27.64,1.15days
28/01/2025 16:02:15,buy,0.02,EURCAD,1.50118,29/01/2025 07:42:58,1.50267,0.00,-0.08,14.90,1.99,1.99,14.90,-1.41,-10.00,123,SMA Buy,15.68,15.68hrs
28/01/2025 10:34:17,sell,0.02,USDCHF,0.90643,29/01/2025 07:42:58,0.90359,0.00,-0.31,28.40,5.98,6.15,29.20,0.00,0.00,234,SMA Sell,21.14,21.14hrs
28/01/2025 16:18:54,buy,0.04,EURCAD,1.49949,29/01/2025 07:42:58,1.50267,0.00,-0.17,31.80,8.66,8.66,31.80,0.00,0.00,123,SMA Buy,15.40,15.40hrs
29/01/2025 03:42:37,buy,0.02,GBPAUD,1.99713,29/01/2025 07:42:57,1.99422,0.00,0.00,-29.10,-3.64,0.00,0.00,-3.64,-29.10,123,SMA Buy,4.01,4.01hrs
29/01/2025 03:10:46,sell,0.30,USDJPY,155.76100,29/01/2025 07:42:57,155.09700,0.00,0.00,66.40,128.44,128.44,66.40,0.00,0.00,234,SMA Sell,4.54,4.54hrs
27/01/2025 04:09:51,buy,0.02,GBPAUD,1.97982,29/01/2025 02:42:27,1.99571,0.00,-0.12,158.90,19.69,19.69,158.90,-1.95,-15.50,123,SMA Buy,46.54,1.94days
17/01/2025 17:06:59,sell,0.03,AUDJPY,97.00500,27/01/2025 03:04:12,97.82500,0.00,-2.38,-82.00,-18.21,4.54,25.10,-36.03,-175.60,234,SMA Sell,225.95,9.41days
16/01/2025 18:51:27,sell,0.02,AUDJPY,96.59900,27/01/2025 03:04:12,97.82500,0.00,-1.59,-122.60,-17.37,5.65,44.80,-29.21,-216.20,234,SMA Sell,248.21,10.34days
20/01/2025 15:32:18,sell,0.05,AUDJPY,97.47000,27/01/2025 03:04:12,97.82500,0.00,-3.48,-35.50,-14.90,18.29,58.30,-44.71,-129.10,234,SMA Sell,155.53,6.48days
20/01/2025 15:52:02,sell,0.07,AUDJPY,97.62600,27/01/2025 03:04:11,97.82500,0.00,-4.87,-19.90,-13.83,32.63,73.90,-55.62,-113.50,234,SMA Sell,155.20,6.47days
22/01/2025 11:53:45,sell,0.10,AUDJPY,97.77700,27/01/2025 03:04:11,97.82500,0.00,-4.95,-4.80,-8.04,0.00,0.00,-67.80,-98.40,234,SMA Sell,111.17,4.63days
22/01/2025 12:48:08,sell,0.15,AUDJPY,97.97800,27/01/2025 03:04:11,97.82500,0.00,-7.43,15.30,7.34,7.34,15.30,-82.45,-78.30,234,SMA Sell,110.27,4.59days
22/01/2025 18:50:27,sell,0.23,AUDJPY,98.22200,27/01/2025 03:04:10,97.82600,0.00,-11.40,39.60,47.23,47.23,39.60,-90.59,-53.90,234,SMA Sell,104.23,4.34days
24/01/2025 04:15:58,sell,0.34,AUDJPY,98.50100,27/01/2025 03:04:10,97.82600,0.00,0.00,67.50,147.72,147.72,67.50,-56.47,-26.00,234,SMA Sell,70.80,2.95days
16/01/2025 04:04:20,buy,0.03,CADCHF,0.63602,27/01/2025 03:04:09,0.63023,0.00,0.72,-57.90,-18.46,0.00,0.00,-23.89,-72.80,123,SMA Buy,263.00,10.96days
14/01/2025 01:17:58,buy,0.02,CADCHF,0.63814,27/01/2025 03:04:09,0.63023,0.00,0.78,-79.10,-16.68,0.00,0.00,-20.30,-94.00,123,SMA Buy,313.77,13.07days
24/01/2025 15:02:16,sell,0.51,AUDJPY,98.70600,27/01/2025 03:04:09,97.82600,0.00,0.00,88.00,288.88,288.88,88.00,-17.92,-5.50,234,SMA Sell,60.03,2.50days
16/01/2025 10:31:32,buy,0.05,CADCHF,0.63422,27/01/2025 03:04:08,0.63023,0.00,1.20,-39.90,-20.83,4.56,7.90,-29.89,-54.80,123,SMA Buy,256.54,10.69days
17/01/2025 10:57:31,buy,0.07,CADCHF,0.63173,27/01/2025 03:04:08,0.63023,0.00,1.68,-15.00,-9.91,25.60,32.80,-22.64,-29.90,123,SMA Buy,232.11,9.67days
15/01/2025 18:37:38,sell,0.02,GBPAUD,1.96473,27/01/2025 03:04:07,1.97898,0.00,-1.25,-142.50,-19.20,4.23,37.80,-19.85,-147.70,234,SMA Sell,272.44,11.35days
21/01/2025 02:58:55,buy,0.10,CADCHF,0.62832,27/01/2025 03:04:07,0.63023,0.00,1.79,19.10,22.88,49.62,44.70,0.00,0.00,123,SMA Buy,144.09,6.00days
16/01/2025 07:13:58,sell,0.07,GBPAUD,1.96978,27/01/2025 03:04:06,1.97898,0.00,-2.96,-92.00,-43.51,38.46,88.30,-45.81,-97.20,234,SMA Sell,259.84,10.83days
16/01/2025 05:43:01,sell,0.05,GBPAUD,1.96826,27/01/2025 03:04:06,1.97898,0.00,-2.10,-107.20,-35.85,22.70,73.10,-37.49,-112.40,234,SMA Sell,261.35,10.89days
16/01/2025 04:59:31,sell,0.03,GBPAUD,1.96640,27/01/2025 03:04:06,1.97898,0.00,-1.27,-125.80,-25.03,10.12,54.50,-26.02,-131.00,234,SMA Sell,262.08,10.92days
24/01/2025 17:29:51,sell,0.10,GBPAUD,1.97386,27/01/2025 03:04:05,1.97897,0.00,0.00,-51.10,-32.17,0.00,0.00,-35.52,-56.40,234,SMA Sell,57.57,2.40days
24/01/2025 18:53:13,sell,0.15,GBPAUD,1.97665,27/01/2025 03:04:05,1.97897,0.00,0.00,-23.20,-21.92,0.00,0.00,-26.92,-28.50,234,SMA Sell,56.18,2.34days
24/01/2025 13:27:02,buy,0.02,NZDCAD,0.81858,27/01/2025 03:04:05,0.81826,0.00,0.00,-3.20,-0.45,0.71,5.10,-2.16,-15.60,123,SMA Buy,61.62,2.57days
24/01/2025 16:04:20,buy,0.03,NZDCAD,0.81687,27/01/2025 03:04:04,0.81825,0.00,0.00,13.80,2.88,4.64,22.20,0.00,0.00,123,SMA Buy,59.00,2.46days
23/01/2025 18:02:48,buy,0.05,EURJPY,162.42900,24/01/2025 13:26:48,163.56300,0.00,0.08,113.40,36.44,37.40,116.40,-9.69,-30.30,123,SMA Buy,19.40,19.40hrs
24/01/2025 06:18:48,buy,0.07,EURJPY,162.08000,24/01/2025 13:26:48,163.56300,0.00,0.00,148.30,66.57,67.91,151.30,0.00,0.00,123,SMA Buy,7.13,7.13hrs
22/01/2025 13:29:33,buy,0.02,EURJPY,162.77600,24/01/2025 13:26:47,163.56300,0.00,0.13,78.70,10.22,10.61,81.70,-8.25,-65.00,123,SMA Buy,47.95,2.00days
23/01/2025 15:12:09,buy,0.03,EURJPY,162.58100,24/01/2025 13:26:47,163.56300,0.00,0.05,98.20,18.94,19.52,101.20,-8.75,-45.50,123,SMA Buy,22.24,22.24hrs
21/01/2025 02:55:41,buy,0.02,EURUSD,1.03720,22/01/2025 13:29:33,1.04458,0.00,-0.13,73.80,14.63,15.89,80.10,-4.38,-21.90,123,SMA Buy,34.56,1.44days
21/01/2025 12:14:37,buy,0.03,EURUSD,1.03463,22/01/2025 13:29:33,1.04457,0.00,-0.19,99.40,29.63,31.55,105.80,0.00,0.00,123,SMA Buy,25.25,1.05days
17/01/2025 12:41:29,buy,0.02,EURCAD,1.48469,21/01/2025 02:54:29,1.50267,0.00,-0.16,179.80,24.65,24.65,179.80,-0.99,-7.30,123,SMA Buy,86.22,3.59days
15/01/2025 20:05:48,sell,0.02,USDJPY,156.54200,16/01/2025 18:51:27,155.27800,0.00,-1.20,126.40,15.08,15.08,126.40,0.00,0.00,234,SMA Sell,22.76,22.76hrs
14/01/2025 06:20:18,sell,0.02,GBPJPY,192.26000,15/01/2025 18:37:38,191.31400,0.00,-0.44,94.60,11.63,11.63,94.60,-9.35,-70.40,234,SMA Sell,36.29,1.51days
14/01/2025 11:17:07,sell,0.03,GBPJPY,192.73700,15/01/2025 18:37:38,191.31800,0.00,-0.66,141.90,26.50,26.50,141.90,-4.97,-22.70,234,SMA Sell,31.34,1.31days
09/01/2025 06:08:29,buy,0.05,AUDJPY,97.85700,13/01/2025 23:53:11,97.24100,0.00,0.26,-61.60,-19.29,5.88,18.60,-45.31,-143.20,123,SMA Buy,113.75,4.74days
08/01/2025 03:31:47,buy,0.03,AUDJPY,98.20000,13/01/2025 23:53:11,97.24100,0.00,0.79,-95.90,-17.47,7.47,39.40,-33.10,-177.50,123,SMA Buy,140.36,5.85days
06/01/2025 22:58:42,buy,0.02,AUDJPY,98.39100,13/01/2025 23:53:11,97.24100,0.00,0.72,-115.00,-13.88,9.39,73.30,-24.31,-196.60,123,SMA Buy,168.91,7.04days
10/01/2025 11:00:43,buy,0.07,AUDJPY,97.63000,13/01/2025 23:53:10,97.24100,0.00,0.00,-38.90,-17.29,6.47,14.70,-53.67,-120.50,123,SMA Buy,84.87,3.54days
10/01/2025 16:39:40,buy,0.10,AUDJPY,97.34300,13/01/2025 23:53:10,97.24100,0.00,0.00,-10.20,-6.48,0.00,0.00,-58.40,-91.80,123,SMA Buy,79.22,3.30days
10/01/2025 17:12:26,buy,0.15,AUDJPY,97.15200,13/01/2025 23:53:09,97.23700,0.00,0.00,8.50,8.10,8.10,8.50,-69.35,-72.70,123,SMA Buy,78.68,3.28days
10/01/2025 18:01:45,buy,0.23,AUDJPY,96.99900,13/01/2025 23:53:09,97.23700,0.00,0.00,23.80,34.74,34.74,23.80,-83.93,-57.40,123,SMA Buy,77.86,3.24days
10/01/2025 18:41:15,buy,0.34,AUDJPY,96.83600,13/01/2025 23:53:09,97.24100,0.00,0.00,40.50,87.41,87.41,40.50,-88.78,-41.10,123,SMA Buy,77.20,3.22days
07/01/2025 15:12:17,buy,0.02,EURCHF,0.94291,13/01/2025 23:53:08,0.93892,0.00,0.43,-39.90,-8.27,0.00,0.00,-18.53,-86.90,123,SMA Buy,152.68,6.36days
08/01/2025 13:18:20,buy,0.03,EURCHF,0.93979,13/01/2025 23:53:08,0.93892,0.00,0.56,-8.70,-2.29,5.77,16.00,-17.67,-55.70,123,SMA Buy,130.58,5.44days
13/01/2025 06:36:01,buy,0.51,AUDJPY,96.60800,13/01/2025 23:53:08,97.24100,0.00,0.00,63.30,204.92,204.92,63.30,-59.11,-18.30,123,SMA Buy,17.29,17.29hrs
08/01/2025 13:37:49,buy,0.05,EURCHF,0.93819,13/01/2025 23:53:07,0.93892,0.00,0.94,7.30,4.92,18.37,32.00,-20.72,-39.70,123,SMA Buy,130.25,5.43days
13/01/2025 11:36:15,buy,0.07,EURCHF,0.93513,13/01/2025 23:53:07,0.93892,0.00,0.00,37.90,28.92,28.92,37.90,-6.95,-9.10,123,SMA Buy,12.28,12.28hrs
08/01/2025 10:12:52,buy,0.05,NZDUSD,0.56263,13/01/2025 23:53:06,0.55798,0.00,-0.45,-46.50,-23.70,0.00,0.00,-41.75,-82.60,123,SMA Buy,133.67,5.57days
07/01/2025 12:08:41,buy,0.02,NZDUSD,0.56868,13/01/2025 23:53:06,0.55798,0.00,-0.23,-107.00,-21.63,0.00,0.00,-28.85,-143.10,123,SMA Buy,155.74,6.49days
07/01/2025 17:15:04,buy,0.03,NZDUSD,0.56455,13/01/2025 23:53:06,0.55798,0.00,-0.31,-65.70,-20.02,0.00,0.00,-30.85,-101.80,123,SMA Buy,150.63,6.28days
08/01/2025 13:37:43,buy,0.07,NZDUSD,0.55981,13/01/2025 23:53:05,0.55798,0.00,-0.64,-18.30,-13.45,7.42,10.60,-38.72,-54.40,123,SMA Buy,130.26,5.43days
07/01/2025 09:00:26,sell,0.02,USDCAD,1.43181,13/01/2025 23:53:05,1.43808,0.00,-0.72,-62.70,-9.44,1.69,12.10,-17.84,-123.60,234,SMA Sell,158.88,6.62days
09/01/2025 10:05:39,buy,0.10,NZDUSD,0.55768,13/01/2025 23:53:05,0.55798,0.00,-0.36,3.00,2.64,23.52,23.70,-33.46,-33.10,123,SMA Buy,109.79,4.57days
07/01/2025 16:23:31,sell,0.03,USDCAD,1.43338,13/01/2025 23:53:04,1.43811,0.00,-1.08,-47.30,-10.95,0.00,0.00,-23.49,-107.90,234,SMA Sell,151.49,6.31days
07/01/2025 17:09:11,sell,0.05,USDCAD,1.43598,13/01/2025 23:53:04,1.43809,0.00,-1.80,-21.10,-9.14,8.37,24.00,-30.16,-81.90,234,SMA Sell,150.73,6.28days
08/01/2025 13:16:33,sell,0.07,USDCAD,1.43765,13/01/2025 23:53:03,1.43809,0.00,-2.10,-4.40,-4.24,1.04,3.00,-33.70,-65.20,234,SMA Sell,130.61,5.44days
08/01/2025 13:34:43,sell,0.10,USDCAD,1.43946,13/01/2025 23:53:03,1.43809,0.00,-3.01,13.70,6.52,14.08,21.10,-35.62,-47.10,234,SMA Sell,130.31,5.43days
10/01/2025 08:15:48,sell,0.15,USDCAD,1.44175,13/01/2025 23:53:03,1.43808,0.00,-0.90,36.70,37.38,37.38,36.70,-26.04,-24.20,234,SMA Sell,87.62,3.65days
10/01/2025 18:31:06,sell,0.23,USDCAD,1.44354,13/01/2025 23:53:02,1.43808,0.00,-1.38,54.60,85.94,85.94,54.60,-11.41,-6.30,234,SMA Sell,77.37,3.22days
31/12/2024 19:07:22,sell,0.02,AUDCAD,0.89028,06/01/2025 16:21:04,0.89734,0.00,-0.51,-70.60,-10.34,0.61,4.40,-14.73,-101.70,234,SMA Sell,141.23,5.88days
02/01/2025 05:10:50,sell,0.05,AUDCAD,0.89381,06/01/2025 16:21:03,0.89730,0.00,-0.52,-34.90,-12.67,2.64,7.50,-23.72,-66.40,234,SMA Sell,107.17,4.47days
02/01/2025 03:29:34,sell,0.03,AUDCAD,0.89222,06/01/2025 16:21:03,0.89734,0.00,-0.30,-51.20,-11.00,0.00,0.00,-17.56,-82.30,234,SMA Sell,108.86,4.54days
02/01/2025 11:38:11,sell,0.07,AUDCAD,0.89578,06/01/2025 16:21:03,0.89731,0.00,-0.72,-15.30,-8.17,13.26,27.20,-23.57,-46.70,234,SMA Sell,100.71,4.20days
31/12/2024 19:32:07,buy,0.02,GBPCHF,1.13584,06/01/2025 16:21:02,1.13056,0.00,0.43,-52.80,-11.22,0.29,1.30,-18.97,-86.50,123,SMA Buy,140.82,5.87days
03/01/2025 19:20:41,sell,0.10,AUDCAD,0.89791,06/01/2025 16:21:02,0.89731,0.00,-0.51,6.00,3.66,10.67,16.20,-18.26,-25.40,234,SMA Sell,69.01,2.88days
02/01/2025 10:13:39,buy,0.03,GBPCHF,1.13249,06/01/2025 16:21:01,1.13056,0.00,0.64,-19.30,-5.74,0.00,0.00,-17.44,-53.00,123,SMA Buy,102.12,4.26days
02/01/2025 11:05:38,buy,0.05,GBPCHF,1.13074,06/01/2025 16:21:01,1.13057,0.00,1.08,-1.70,0.14,5.53,8.30,-19.47,-35.50,123,SMA Buy,101.26,4.22days
02/01/2025 12:44:50,buy,0.07,GBPCHF,1.12886,06/01/2025 16:21:01,1.13057,0.00,1.50,17.10,14.71,22.20,27.10,-12.82,-16.70,123,SMA Buy,99.60,4.15days
03/01/2025 08:30:38,sell,0.03,GBPUSD,1.23986,06/01/2025 16:21:00,1.24749,0.00,-0.12,-76.30,-23.01,0.00,0.00,-44.88,-149.50,234,SMA Sell,79.84,3.33days
02/01/2025 17:40:46,sell,0.02,GBPUSD,1.23825,06/01/2025 16:21:00,1.24739,0.00,-0.16,-91.40,-18.44,3.94,20.50,-33.22,-165.60,234,SMA Sell,94.67,3.94days
03/01/2025 12:28:48,buy,0.10,GBPCHF,1.12721,06/01/2025 16:21:00,1.13057,0.00,1.08,33.60,38.15,48.79,43.60,0.00,0.00,123,SMA Buy,75.87,3.16days
03/01/2025 19:13:13,sell,0.05,GBPUSD,1.24254,06/01/2025 16:20:59,1.24744,0.00,-0.21,-49.00,-24.71,1.59,3.60,-61.41,-122.70,234,SMA Sell,69.13,2.88days
31/12/2024 19:11:14,sell,0.02,NZDJPY,88.03500,06/01/2025 16:20:59,88.75100,0.00,-0.17,-71.60,-9.27,1.01,7.90,-13.22,-101.00,234,SMA Sell,141.16,5.88days
02/01/2025 03:44:11,sell,0.05,NZDJPY,88.42200,06/01/2025 16:20:58,88.74800,0.00,-0.43,-32.60,-10.79,14.86,46.60,-20.73,-62.30,234,SMA Sell,108.61,4.53days
02/01/2025 02:03:29,sell,0.03,NZDJPY,88.24700,06/01/2025 16:20:58,88.75100,0.00,-0.26,-50.40,-9.88,5.57,29.10,-15.78,-79.80,234,SMA Sell,110.29,4.60days
06/01/2025 02:17:54,sell,0.07,NZDJPY,88.57200,06/01/2025 16:20:58,88.74800,0.00,0.00,-17.60,-7.84,0.80,1.80,-21.72,-47.30,234,SMA Sell,14.05,14.05hrs
06/01/2025 09:39:27,sell,0.07,GBPUSD,1.24496,06/01/2025 16:20:57,1.24752,0.00,0.00,-25.60,-17.92,0.00,0.00,-68.74,-98.50,234,SMA Sell,6.69,6.69hrs
06/01/2025 10:21:26,sell,0.10,GBPUSD,1.24672,06/01/2025 16:20:57,1.24743,0.00,0.00,-7.10,-7.10,7.80,7.30,-80.60,-80.90,234,SMA Sell,5.99,5.99hrs
06/01/2025 03:20:16,sell,0.15,AUDCAD,0.89978,06/01/2025 16:20:57,0.89734,0.00,0.00,24.40,25.49,36.24,34.90,-7.02,-6.70,234,SMA Sell,13.01,13.01hrs
06/01/2025 10:42:38,sell,0.10,NZDJPY,88.86700,06/01/2025 16:20:56,88.74200,0.00,0.00,12.50,7.95,7.95,12.50,-12.23,-17.80,234,SMA Sell,5.64,5.64hrs
06/01/2025 11:14:27,sell,0.15,GBPUSD,1.24828,06/01/2025 16:20:56,1.24743,0.00,0.00,8.50,12.75,35.10,22.90,-97.50,-65.30,234,SMA Sell,5.11,5.11hrs
06/01/2025 13:17:17,sell,0.15,NZDJPY,89.06300,06/01/2025 16:20:56,88.74100,0.00,0.00,32.20,30.71,30.71,32.20,0.00,0.00,234,SMA Sell,3.06,3.06hrs
06/01/2025 13:42:06,sell,0.23,NZDJPY,89.22000,06/01/2025 16:20:55,88.73700,0.00,0.00,48.30,70.63,70.63,48.30,0.00,0.00,234,SMA Sell,2.65,2.65hrs
06/01/2025 13:31:18,sell,0.23,GBPUSD,1.25426,06/01/2025 16:20:55,1.24741,0.00,0.00,68.50,157.55,157.55,68.50,-11.96,-5.50,234,SMA Sell,2.83,2.83hrs
06/01/2025 15:29:11,sell,0.23,AUDCAD,0.90137,06/01/2025 16:20:54,0.89735,0.00,0.00,40.20,64.38,64.38,40.20,0.00,0.00,234,SMA Sell,0.86,0.86hrs
02/01/2025 05:15:55,sell,0.03,EURUSD,1.03697,02/01/2025 17:40:10,1.02932,0.00,0.00,76.50,22.95,22.95,76.50,-1.20,-4.00,234,SMA Sell,12.40,12.40hrs
02/01/2025 02:58:18,sell,0.02,EURUSD,1.03526,02/01/2025 17:40:09,1.02931,0.00,0.00,59.50,11.90,11.90,59.50,-4.22,-21.10,234,SMA Sell,14.70,14.70hrs
20/12/2024 18:56:11,buy,0.02,AUDNZD,1.10650,31/12/2024 17:57:14,1.10515,0.00,-0.59,-13.50,-2.10,0.39,5.00,-6.87,-56.70,123,SMA Buy,263.02,10.96days
23/12/2024 17:02:09,buy,0.03,AUDNZD,1.10468,31/12/2024 17:57:14,1.10515,0.00,-0.66,4.70,0.13,3.26,21.00,-7.00,-38.50,123,SMA Buy,192.92,8.04days
20/12/2024 17:12:45,buy,0.02,CADJPY,108.94700,31/12/2024 17:57:13,109.31000,0.00,0.42,36.30,5.04,10.54,80.10,-3.26,-28.70,123,SMA Buy,264.74,11.03days
30/12/2024 09:38:57,buy,0.05,AUDNZD,1.10228,31/12/2024 17:57:13,1.10515,0.00,-0.32,28.70,7.71,8.37,31.00,-4.10,-14.50,123,SMA Buy,32.30,1.35days
30/12/2024 17:25:17,buy,0.03,CADJPY,108.77200,31/12/2024 17:57:13,109.30600,0.00,0.00,53.40,10.19,13.43,69.90,-2.15,-11.20,123,SMA Buy,24.53,1.02days
27/12/2024 14:23:05,buy,0.02,EURAUD,1.67722,31/12/2024 17:57:12,1.67208,0.00,-0.80,-51.40,-7.17,1.97,15.90,-10.15,-76.50,123,SMA Buy,99.57,4.15days
30/12/2024 01:13:53,buy,0.03,EURAUD,1.67418,31/12/2024 17:57:12,1.67208,0.00,-0.28,-21.00,-4.18,5.13,29.10,-8.62,-46.10,123,SMA Buy,40.72,1.70days
20/12/2024 17:13:03,sell,0.02,EURCHF,0.92984,31/12/2024 17:57:11,0.93814,0.00,-3.45,-83.00,-21.78,0.00,0.00,-34.27,-143.00,234,SMA Sell,264.74,11.03days
30/12/2024 05:21:33,buy,0.05,EURAUD,1.67048,31/12/2024 17:57:11,1.67206,0.00,-0.46,15.80,4.43,20.02,66.10,-2.83,-9.10,123,SMA Buy,36.59,1.52days
23/12/2024 17:25:21,sell,0.05,EURCHF,0.93403,31/12/2024 17:57:10,0.93813,0.00,-6.71,-41.00,-29.33,0.00,0.00,-60.56,-101.10,234,SMA Sell,192.53,8.02days
23/12/2024 05:02:18,sell,0.03,EURCHF,0.93224,31/12/2024 17:57:10,0.93814,0.00,-4.03,-59.00,-23.56,3.31,9.90,-42.29,-119.00,234,SMA Sell,204.91,8.54days
23/12/2024 18:54:15,sell,0.07,EURCHF,0.93570,31/12/2024 17:57:10,0.93813,0.00,-9.40,-24.30,-28.18,6.93,12.30,-71.86,-84.40,234,SMA Sell,191.05,7.96days
26/12/2024 17:53:59,sell,0.10,EURCHF,0.93734,31/12/2024 17:57:09,0.93814,0.00,-9.64,-8.00,-18.47,10.88,10.80,-80.71,-68.00,234,SMA Sell,120.05,5.00days
27/12/2024 13:54:54,sell,0.15,EURCHF,0.93926,31/12/2024 17:57:09,0.93812,0.00,-12.61,11.40,6.26,6.26,11.40,-87.33,-48.80,234,SMA Sell,100.04,4.17days
30/12/2024 11:15:37,sell,0.23,EURCHF,0.94116,31/12/2024 17:57:09,0.93812,0.00,-9.66,30.40,67.52,67.52,30.40,-75.87,-29.80,234,SMA Sell,30.69,1.28days
31/12/2024 10:25:53,buy,0.05,CADJPY,108.57100,31/12/2024 17:57:08,109.30000,0.00,0.00,72.90,23.19,23.19,72.90,0.00,0.00,123,SMA Buy,7.52,7.52hrs
30/12/2024 13:57:21,sell,0.34,EURCHF,0.94275,31/12/2024 17:57:08,0.93814,0.00,-14.27,46.10,158.73,158.73,46.10,-52.31,-13.90,234,SMA Sell,28.00,1.17days
23/12/2024 10:26:56,buy,0.03,EURAUD,1.66480,27/12/2024 14:10:46,1.67748,0.00,-1.16,126.80,22.52,24.85,139.40,-3.94,-21.60,123,SMA Buy,99.73,4.16days
20/12/2024 20:56:31,buy,0.02,EURAUD,1.66650,27/12/2024 14:10:45,1.67748,0.00,-1.32,109.80,12.34,13.91,122.40,-5.30,-38.60,123,SMA Buy,161.24,6.72days
23/12/2024 11:38:11,buy,0.05,EURAUD,1.66311,27/12/2024 14:10:45,1.67748,0.00,-1.92,143.70,42.81,46.68,156.30,-1.28,-4.70,123,SMA Buy,98.54,4.11days
19/12/2024 02:10:06,sell,0.02,AUDJPY,95.99600,20/12/2024 16:04:51,97.61300,0.00,-0.21,-161.70,-20.88,0.54,4.10,-34.70,-273.70,234,SMA Sell,37.91,1.58days
19/12/2024 09:02:06,sell,0.03,AUDJPY,97.38000,20/12/2024 16:04:51,97.60800,0.00,-0.31,-22.80,-4.68,0.00,0.00,-25.72,-135.30,234,SMA Sell,31.05,1.29days
19/12/2024 09:11:29,sell,0.05,AUDJPY,97.58600,20/12/2024 16:04:51,97.60800,0.00,-0.52,-2.20,-1.23,0.00,0.00,-36.34,-114.70,234,SMA Sell,30.89,1.29days
19/12/2024 10:34:14,sell,0.07,AUDJPY,97.86800,20/12/2024 16:04:50,97.60900,0.00,-0.73,25.90,10.86,10.86,25.90,-38.35,-86.50,234,SMA Sell,29.51,1.23days
19/12/2024 11:47:59,sell,0.10,AUDJPY,98.01900,20/12/2024 16:04:50,97.61000,0.00,-1.04,40.90,25.09,25.15,41.00,-45.22,-71.40,234,SMA Sell,28.28,1.18days
19/12/2024 09:23:42,buy,0.02,GBPCAD,1.81884,20/12/2024 16:04:49,1.80577,0.00,0.02,-130.70,-18.15,4.61,32.90,-28.69,-207.00,123,SMA Buy,30.69,1.28days
19/12/2024 14:01:53,buy,0.03,GBPCAD,1.81222,20/12/2024 16:04:49,1.80577,0.00,0.03,-64.50,-13.42,0.58,2.80,-29.23,-140.80,123,SMA Buy,26.05,1.09days
19/12/2024 16:12:52,buy,0.05,GBPCAD,1.80860,20/12/2024 16:04:48,1.80576,0.00,0.05,-28.40,-9.82,0.00,0.00,-36.14,-104.60,123,SMA Buy,23.87,23.87hrs
19/12/2024 16:33:48,buy,0.07,GBPCAD,1.80701,20/12/2024 16:04:48,1.80576,0.00,0.07,-12.50,-6.01,0.00,0.00,-42.86,-88.70,123,SMA Buy,23.52,23.52hrs
19/12/2024 17:06:23,buy,0.10,GBPCAD,1.80524,20/12/2024 16:04:48,1.80576,0.00,0.10,5.20,3.72,3.85,5.40,-48.92,-71.00,123,SMA Buy,22.97,22.97hrs
19/12/2024 17:57:53,buy,0.15,GBPCAD,1.80308,20/12/2024 16:04:47,1.80575,0.00,0.15,26.70,27.98,28.30,27.00,-50.85,-49.40,123,SMA Buy,22.11,22.11hrs
20/12/2024 10:03:32,buy,0.23,GBPCAD,1.79839,20/12/2024 16:04:47,1.80575,0.00,0.00,73.60,117.66,118.13,73.90,-3.20,-2.50,123,SMA Buy,6.02,6.02hrs
18/12/2024 23:16:53,buy,0.02,USDCHF,0.90037,20/12/2024 16:04:46,0.89337,0.00,0.55,-70.00,-15.12,3.25,12.80,-15.12,-70.00,123,SMA Buy,40.80,1.70days
18/12/2024 21:37:20,sell,0.02,NZDCHF,0.51017,20/12/2024 16:04:46,0.50389,0.00,-0.62,62.80,13.44,13.44,62.80,-0.56,-2.90,234,SMA Sell,42.46,1.77days
19/12/2024 11:26:43,buy,0.05,USDCHF,0.89657,20/12/2024 16:04:45,0.89333,0.00,0.34,-32.40,-17.79,13.96,25.10,-17.79,-32.40,123,SMA Buy,28.63,1.19days
19/12/2024 09:16:06,buy,0.03,USDCHF,0.89856,20/12/2024 16:04:45,0.89333,0.00,0.20,-52.30,-17.36,1.74,5.20,-17.36,-52.30,123,SMA Buy,30.81,1.28days
20/12/2024 12:50:09,buy,0.07,USDCHF,0.89492,20/12/2024 16:04:44,0.89333,0.00,0.00,-15.90,-12.46,0.00,0.00,-12.46,-15.90,123,SMA Buy,3.24,3.24hrs
19/12/2024 06:01:07,buy,0.02,USDJPY,155.26600,19/12/2024 09:23:40,156.44100,0.00,0.00,117.50,15.02,16.43,126.80,-0.05,-0.40,123,SMA Buy,3.38,3.38hrs
18/12/2024 17:07:23,buy,0.02,USDJPY,153.73900,19/12/2024 05:30:45,155.25100,0.00,0.58,151.20,20.06,20.06,151.20,0.00,0.00,123,SMA Buy,12.39,12.39hrs
18/12/2024 17:33:48,buy,0.02,GBPAUD,2.01118,19/12/2024 02:09:56,2.02424,0.00,-0.18,130.60,16.04,17.15,140.60,0.00,0.00,123,SMA Buy,8.60,8.60hrs
18/12/2024 17:42:14,buy,0.02,USDCAD,1.43223,18/12/2024 22:48:40,1.44260,0.00,0.00,103.70,14.38,14.38,103.70,0.00,0.00,123,SMA Buy,5.11,5.11hrs
13/12/2024 12:54:03,buy,0.02,AUDCHF,0.56970,18/12/2024 16:01:19,0.56492,0.00,0.27,-47.80,-10.43,0.11,0.10,-13.41,-60.80,123,SMA Buy,123.12,5.13days
13/12/2024 18:30:17,buy,0.03,AUDCHF,0.56794,18/12/2024 16:01:19,0.56492,0.00,0.39,-30.20,-9.75,6.07,17.70,-14.21,-43.20,123,SMA Buy,117.52,4.90days
17/12/2024 19:08:15,buy,0.05,AUDCHF,0.56594,18/12/2024 16:01:18,0.56492,0.00,0.22,-10.20,-5.49,0.00,0.00,-12.90,-23.20,123,SMA Buy,20.88,20.88hrs
18/12/2024 06:31:54,buy,0.07,AUDCHF,0.56397,18/12/2024 16:01:18,0.56492,0.00,0.00,9.50,7.44,7.44,9.50,-2.90,-3.50,123,SMA Buy,9.49,9.49hrs
10/12/2024 19:27:43,sell,0.02,NZDUSD,0.57946,18/12/2024 16:01:18,0.57368,0.00,-0.11,57.80,11.45,13.39,67.60,-3.17,-15.70,234,SMA Sell,188.56,7.86days
17/12/2024 10:18:03,buy,0.02,USDJPY,154.10000,18/12/2024 16:01:17,153.73900,0.00,0.19,-36.10,-4.51,0.00,0.00,-9.36,-73.20,123,SMA Buy,29.72,1.24days
17/12/2024 11:40:57,buy,0.03,USDJPY,153.76000,18/12/2024 16:01:17,153.74100,0.00,0.29,-1.90,-0.08,1.27,6.00,-7.38,-39.20,123,SMA Buy,28.34,1.18days
17/12/2024 17:02:34,buy,0.05,USDJPY,153.48500,18/12/2024 16:01:17,153.73900,0.00,0.48,25.40,8.74,8.74,25.40,-3.33,-11.70,123,SMA Buy,22.98,22.98hrs
17/12/2024 19:07:19,buy,0.07,USDJPY,153.29100,18/12/2024 16:01:16,153.73900,0.00,0.68,44.80,21.08,21.08,44.80,0.00,0.00,123,SMA Buy,20.90,20.90hrs
18/12/2024 09:47:19,buy,0.02,EURAUD,1.66191,18/12/2024 16:01:15,1.65876,0.00,0.00,-31.50,-3.98,1.50,11.90,-3.98,-31.50,123,SMA Buy,6.23,6.23hrs
18/12/2024 15:01:37,buy,0.03,EURAUD,1.66039,18/12/2024 16:01:12,1.65878,0.00,0.00,-16.10,-3.05,0.00,0.00,-3.05,-16.10,123,SMA Buy,0.99,0.99hrs
18/12/2024 15:24:27,buy,0.05,EURAUD,1.65865,18/12/2024 16:01:11,1.65885,0.00,0.00,2.00,0.63,0.63,2.00,0.00,0.00,123,SMA Buy,0.61,0.61hrs
16/12/2024 16:57:19,buy,0.02,EURCAD,1.49414,18/12/2024 09:45:52,1.50430,0.00,-0.12,101.60,14.06,15.78,114.10,0.00,0.00,123,SMA Buy,40.81,1.70days
12/12/2024 02:39:23,buy,0.03,GBPAUD,1.99196,17/12/2024 09:27:55,1.99769,0.00,-0.27,57.30,10.66,10.66,57.30,-19.50,-101.00,123,SMA Buy,126.81,5.28days
13/12/2024 09:35:04,buy,0.05,GBPAUD,1.98364,17/12/2024 09:27:55,1.99769,0.00,-0.30,140.50,44.34,44.34,140.50,-5.82,-17.80,123,SMA Buy,95.88,4.00days
16/12/2024 06:17:49,buy,0.07,GBPAUD,1.98153,17/12/2024 09:27:55,1.99773,0.00,-0.21,162.00,71.85,71.85,162.00,0.00,0.00,123,SMA Buy,27.17,1.13days
10/12/2024 19:29:25,buy,0.02,GBPAUD,2.00160,17/12/2024 09:27:54,1.99766,0.00,-0.42,-39.40,-5.42,6.56,52.40,-25.53,-197.40,123,SMA Buy,157.97,6.58days
10/12/2024 23:35:53,buy,0.02,USDCAD,1.41737,16/12/2024 16:57:19,1.42511,0.00,0.27,77.40,11.13,11.58,80.60,-6.08,-43.10,123,SMA Buy,137.36,5.72days
11/12/2024 17:01:20,buy,0.03,USDCAD,1.41235,16/12/2024 16:57:19,1.42512,0.00,0.39,127.70,27.27,27.92,130.80,0.00,0.00,123,SMA Buy,119.93,5.00days
11/12/2024 04:40:08,buy,0.03,EURJPY,159.69000,13/12/2024 12:54:02,160.87100,0.00,0.28,118.10,23.37,24.88,125.80,-13.50,-69.00,123,SMA Buy,56.23,2.34days
11/12/2024 06:21:15,buy,0.05,EURJPY,159.51200,13/12/2024 12:54:02,160.87300,0.00,0.45,136.10,44.80,47.25,143.60,-16.63,-51.20,123,SMA Buy,54.55,2.27days
11/12/2024 09:39:10,buy,0.07,EURJPY,159.01300,13/12/2024 12:54:02,160.86800,0.00,0.64,185.50,85.27,88.92,193.50,-0.23,-1.30,123,SMA Buy,51.25,2.14days
10/12/2024 19:27:41,buy,0.02,EURJPY,159.85500,13/12/2024 12:54:01,160.87400,0.00,0.24,101.90,13.52,14.49,109.30,-11.13,-85.50,123,SMA Buy,65.44,2.73days
06/12/2024 14:09:15,sell,0.02,AUDCAD,0.90136,10/12/2024 18:22:04,0.90245,0.00,-0.14,-10.90,-1.68,0.00,0.00,-16.25,-114.30,234,SMA Sell,100.21,4.18days
06/12/2024 15:34:58,sell,0.03,AUDCAD,0.90456,10/12/2024 18:22:03,0.90244,0.00,-0.22,21.20,4.27,4.27,21.20,-17.58,-82.30,234,SMA Sell,98.78,4.12days
06/12/2024 15:56:51,sell,0.05,AUDCAD,0.90632,10/12/2024 18:22:03,0.90242,0.00,-0.36,39.00,13.41,13.41,39.00,-23.07,-64.70,234,SMA Sell,98.42,4.10days
06/12/2024 17:45:59,buy,0.02,EURCAD,1.49260,10/12/2024 18:22:02,1.48803,0.00,-0.20,-45.70,-6.65,6.08,44.50,-6.65,-45.70,123,SMA Buy,96.60,4.03days
04/12/2024 14:28:16,buy,0.02,GBPCHF,1.12395,10/12/2024 18:22:02,1.12365,0.00,1.15,-3.00,0.47,5.33,21.00,-13.73,-63.30,123,SMA Buy,147.90,6.16days
04/12/2024 17:51:08,buy,0.03,GBPCHF,1.12245,10/12/2024 18:22:01,1.12364,0.00,1.74,11.90,5.78,13.08,36.00,-15.46,-48.30,123,SMA Buy,144.51,6.02days
06/12/2024 17:18:10,buy,0.05,GBPCHF,1.11832,10/12/2024 18:22:01,1.12364,0.00,0.98,53.20,31.14,31.14,53.20,-4.16,-7.00,123,SMA Buy,97.06,4.04days
04/12/2024 15:14:59,sell,0.02,NZDUSD,0.58299,10/12/2024 18:22:00,0.57984,0.00,-0.05,31.50,6.25,6.25,31.50,-11.63,-57.90,234,SMA Sell,147.12,6.13days
05/12/2024 21:59:40,sell,0.03,NZDUSD,0.58845,10/12/2024 18:22:00,0.57984,0.00,-0.03,86.10,25.80,25.80,86.10,-1.03,-3.30,234,SMA Sell,116.37,4.85days
09/12/2024 09:40:47,sell,0.07,AUDCAD,0.90783,10/12/2024 18:21:59,0.90243,0.00,-0.25,54.00,26.44,26.44,54.00,-24.57,-49.60,234,SMA Sell,32.69,1.36days
09/12/2024 10:13:12,sell,0.10,AUDCAD,0.90936,10/12/2024 18:21:59,0.90244,0.00,-0.36,69.20,48.50,48.50,69.20,-24.27,-34.30,234,SMA Sell,32.15,1.34days
09/12/2024 11:18:51,sell,0.15,AUDCAD,0.91123,10/12/2024 18:21:59,0.90243,0.00,-0.54,88.00,92.66,92.66,88.00,-16.56,-15.60,234,SMA Sell,31.05,1.29days
09/12/2024 15:19:55,buy,0.03,EURCAD,1.49074,10/12/2024 18:21:58,1.48801,0.00,-0.15,-27.30,-5.94,13.20,63.10,-5.94,-27.30,123,SMA Buy,27.03,1.13days
05/12/2024 15:50:30,buy,0.03,USDCAD,1.40413,06/12/2024 17:43:58,1.41383,0.00,0.09,97.00,20.67,23.85,112.30,-4.30,-20.50,123,SMA Buy,25.89,1.08days
04/12/2024 12:11:44,buy,0.02,USDCAD,1.40690,06/12/2024 17:43:57,1.41389,0.00,0.08,69.90,9.97,12.01,84.60,-6.80,-48.20,123,SMA Buy,53.54,2.23days
05/12/2024 16:34:47,buy,0.05,USDCAD,1.40175,06/12/2024 17:43:57,1.41386,0.00,0.14,121.10,42.97,48.15,136.10,0.00,0.00,123,SMA Buy,25.15,1.05days
04/12/2024 12:11:46,buy,0.02,EURAUD,1.63696,06/12/2024 14:09:14,1.64862,0.00,-0.56,116.60,14.41,14.41,116.60,-4.01,-27.90,123,SMA Buy,49.96,2.08days
04/12/2024 21:04:26,buy,0.03,EURAUD,1.63430,06/12/2024 14:09:14,1.64862,0.00,-0.85,143.20,26.72,26.72,143.20,-0.89,-1.30,123,SMA Buy,41.08,1.71days
29/11/2024 17:18:28,buy,0.02,EURUSD,1.05605,04/12/2024 11:05:54,1.04861,0.00,-0.42,-74.40,-15.30,4.34,21.70,-16.66,-83.90,123,SMA Buy,113.79,4.74days
02/12/2024 16:27:28,buy,0.03,EURUSD,1.04967,04/12/2024 11:05:53,1.04863,0.00,-0.44,-10.40,-3.56,9.53,32.50,-5.64,-20.10,123,SMA Buy,42.64,1.78days
02/12/2024 17:00:19,buy,0.05,EURUSD,1.04772,04/12/2024 11:05:53,1.04864,0.00,-0.72,9.20,3.88,25.64,52.00,0.00,0.00,123,SMA Buy,42.09,1.75days
29/11/2024 12:46:05,buy,0.02,NZDCAD,0.82798,04/12/2024 11:05:52,0.82226,0.00,-0.06,-57.20,-8.19,3.59,25.00,-8.19,-57.20,123,SMA Buy,118.33,4.93days
02/12/2024 15:44:17,buy,0.03,NZDCAD,0.82553,04/12/2024 11:05:52,0.82226,0.00,-0.06,-32.70,-7.02,4.22,20.00,-7.02,-32.70,123,SMA Buy,43.36,1.81days
03/12/2024 17:34:14,sell,0.02,GBPJPY,188.37600,04/12/2024 11:05:51,190.39600,0.00,-0.47,-202.00,-27.29,0.00,0.00,-27.52,-202.80,234,SMA Sell,17.53,17.53hrs
04/12/2024 03:13:06,sell,0.03,GBPJPY,189.92300,04/12/2024 11:05:51,190.39600,0.00,0.00,-47.30,-9.42,0.00,0.00,-9.62,-48.10,234,SMA Sell,7.88,7.88hrs
04/12/2024 06:32:21,sell,0.05,GBPJPY,190.12000,04/12/2024 11:05:50,190.39900,0.00,0.00,-27.90,-9.26,0.00,0.00,-9.47,-28.40,234,SMA Sell,4.56,4.56hrs
04/12/2024 06:16:03,buy,0.02,GBPAUD,1.97145,04/12/2024 11:05:50,1.96874,0.00,0.00,-27.10,-3.48,0.00,0.00,-3.48,-27.10,123,SMA Buy,4.83,4.83hrs
04/12/2024 05:36:29,buy,0.05,NZDCAD,0.82163,04/12/2024 11:05:50,0.82224,0.00,0.00,6.10,2.16,8.36,23.50,0.00,0.00,123,SMA Buy,5.49,5.49hrs
04/12/2024 07:18:40,sell,0.07,GBPJPY,190.27300,04/12/2024 11:05:49,190.39900,0.00,0.00,-12.60,-5.85,0.00,0.00,-6.12,-13.10,234,SMA Sell,3.79,3.79hrs
04/12/2024 07:39:18,sell,0.10,GBPJPY,190.42300,04/12/2024 11:05:49,190.39900,0.00,0.00,2.40,1.59,1.59,2.40,0.00,0.00,234,SMA Sell,3.44,3.44hrs
04/12/2024 09:19:33,sell,0.15,GBPJPY,190.66900,04/12/2024 11:05:48,190.40400,0.00,0.00,26.50,26.39,26.39,26.50,0.00,0.00,234,SMA Sell,1.77,1.77hrs
04/12/2024 10:06:15,sell,0.23,GBPJPY,190.98600,04/12/2024 11:05:48,190.40000,0.00,0.00,58.60,89.48,89.48,58.60,0.00,0.00,234,SMA Sell,0.99,0.99hrs
29/11/2024 13:01:27,buy,0.02,GBPAUD,1.95255,04/12/2024 05:41:35,1.97236,0.00,-0.18,198.10,25.24,25.24,198.10,-4.92,-37.80,123,SMA Buy,112.67,4.69days
29/11/2024 17:00:24,buy,0.03,GBPAUD,1.94792,04/12/2024 05:41:35,1.97236,0.00,-0.27,244.40,46.78,46.78,244.40,0.00,0.00,123,SMA Buy,108.69,4.53days
03/12/2024 10:11:22,sell,0.03,CHFJPY,169.25800,03/12/2024 17:34:12,168.23000,0.00,0.00,102.80,20.70,20.70,102.80,-2.60,-13.30,234,SMA Sell,7.38,7.38hrs
03/12/2024 12:35:06,sell,0.05,CHFJPY,169.41200,03/12/2024 17:34:12,168.24600,0.00,0.00,116.60,39.12,39.12,116.60,0.00,0.00,234,SMA Sell,4.99,4.99hrs
02/12/2024 17:04:13,sell,0.02,CHFJPY,168.94400,03/12/2024 17:34:11,168.22600,0.00,-0.13,71.80,9.51,9.51,71.80,-6.05,-44.70,234,SMA Sell,24.50,1.02days
29/11/2024 12:45:57,sell,0.02,EURJPY,158.45200,02/12/2024 17:04:12,157.07200,0.00,-0.30,138.00,18.09,18.09,138.00,-4.21,-31.70,234,SMA Sell,76.30,3.18days
25/11/2024 07:11:31,sell,0.05,EURAUD,1.60693,29/11/2024 11:38:53,1.62315,0.00,-0.10,-162.20,-52.87,1.98,5.30,-68.96,-211.40,234,SMA Sell,100.46,4.19days
25/11/2024 05:01:06,sell,0.03,EURAUD,1.60514,29/11/2024 11:38:53,1.62315,0.00,-0.05,-180.10,-35.20,0.00,0.00,-44.87,-229.30,234,SMA Sell,102.63,4.28days
22/11/2024 11:22:30,sell,0.02,EURAUD,1.60320,29/11/2024 11:38:53,1.62315,0.00,-0.05,-199.50,-26.02,2.85,21.90,-32.45,-248.70,234,SMA Sell,168.27,7.01days
25/11/2024 14:27:38,sell,0.10,EURAUD,1.61194,29/11/2024 11:38:52,1.62314,0.00,-0.20,-112.00,-73.08,0.00,0.00,-105.37,-161.30,234,SMA Sell,93.19,3.88days
25/11/2024 08:17:39,sell,0.07,EURAUD,1.60850,29/11/2024 11:38:52,1.62314,0.00,-0.14,-146.40,-66.82,9.93,21.00,-89.41,-195.70,234,SMA Sell,99.35,4.14days
26/11/2024 03:07:47,sell,0.15,EURAUD,1.61947,29/11/2024 11:38:51,1.62317,0.00,-0.08,-37.00,-36.19,63.00,64.60,-84.43,-86.00,234,SMA Sell,80.52,3.35days
26/11/2024 16:45:25,sell,0.23,EURAUD,1.62277,29/11/2024 11:38:51,1.62316,0.00,-0.12,-3.90,-5.95,65.45,43.40,-80.12,-53.00,234,SMA Sell,66.89,2.79days
27/11/2024 19:26:53,buy,0.02,EURCAD,1.48451,29/11/2024 11:38:50,1.47846,0.00,-0.39,-60.50,-9.04,0.00,0.00,-10.46,-71.20,123,SMA Buy,40.20,1.67days
28/11/2024 02:23:40,buy,0.03,EURCAD,1.48037,29/11/2024 11:38:50,1.47846,0.00,-0.15,-19.10,-4.24,2.01,10.10,-6.39,-29.80,123,SMA Buy,33.25,1.39days
27/11/2024 14:22:37,sell,0.34,EURAUD,1.62461,29/11/2024 11:38:50,1.62316,0.00,-0.17,14.50,31.91,69.90,31.60,-77.78,-34.60,234,SMA Sell,45.27,1.89days
26/11/2024 04:12:45,sell,0.02,GBPUSD,1.25308,29/11/2024 11:38:49,1.26947,0.00,-0.20,-163.90,-32.98,0.00,0.00,-40.30,-200.70,234,SMA Sell,79.43,3.31days
28/11/2024 03:00:21,buy,0.05,EURCAD,1.47883,29/11/2024 11:38:49,1.47845,0.00,-0.25,-3.80,-1.61,8.86,25.50,-5.14,-14.40,123,SMA Buy,32.64,1.36days
26/11/2024 12:50:38,sell,0.05,GBPUSD,1.25865,29/11/2024 11:38:48,1.26947,0.00,-0.49,-108.20,-54.59,19.40,38.70,-72.89,-145.00,234,SMA Sell,70.80,2.95days
26/11/2024 11:03:55,sell,0.03,GBPUSD,1.25687,29/11/2024 11:38:48,1.26947,0.00,-0.29,-126.00,-38.09,6.30,20.90,-49.07,-162.80,234,SMA Sell,72.58,3.02days
27/11/2024 15:43:45,sell,0.15,GBPUSD,1.26443,29/11/2024 11:38:47,1.26950,0.00,-1.47,-50.70,-77.52,0.00,0.00,-131.97,-87.20,234,SMA Sell,43.92,1.83days
27/11/2024 14:46:08,sell,0.10,GBPUSD,1.26276,29/11/2024 11:38:47,1.26949,0.00,-0.99,-67.30,-68.29,0.00,0.00,-104.69,-103.90,234,SMA Sell,44.88,1.87days
26/11/2024 14:35:54,sell,0.07,GBPUSD,1.26058,29/11/2024 11:38:47,1.26949,0.00,-0.68,-89.10,-63.05,40.67,58.00,-88.53,-125.70,234,SMA Sell,69.05,2.88days
27/11/2024 16:02:26,sell,0.23,GBPUSD,1.26626,29/11/2024 11:38:46,1.26950,0.00,-2.25,-32.40,-76.77,34.73,15.10,-160.26,-68.90,234,SMA Sell,43.61,1.82days
27/11/2024 18:42:12,sell,0.34,GBPUSD,1.26866,29/11/2024 11:38:46,1.26953,0.00,-3.33,-8.70,-32.91,106.98,32.20,-155.31,-44.90,234,SMA Sell,40.94,1.71days
26/11/2024 02:32:07,sell,0.03,NZDCAD,0.82143,29/11/2024 11:38:45,0.82787,0.00,-0.36,-64.40,-14.16,4.10,19.00,-17.28,-81.10,234,SMA Sell,81.11,3.38days
21/11/2024 12:43:53,sell,0.02,NZDCAD,0.81969,29/11/2024 11:38:45,0.82787,0.00,-0.54,-81.80,-12.23,7.58,53.40,-14.30,-98.50,234,SMA Sell,190.91,7.95days
26/11/2024 14:37:45,sell,0.05,NZDCAD,0.82577,29/11/2024 11:38:44,0.82787,0.00,-0.61,-21.00,-8.10,22.26,62.40,-13.35,-37.70,234,SMA Sell,69.02,2.88days
27/11/2024 16:13:05,sell,0.07,NZDCAD,0.82944,29/11/2024 11:38:44,0.82787,0.00,-0.85,15.70,7.00,19.55,40.40,-0.40,-1.00,234,SMA Sell,43.43,1.81days
28/11/2024 10:22:23,buy,0.07,EURCAD,1.47729,29/11/2024 11:38:43,1.47858,0.00,-0.34,12.90,6.11,20.12,40.90,0.00,0.00,123,SMA Buy,25.27,1.05days
28/11/2024 12:01:06,buy,0.10,EURCAD,1.47554,29/11/2024 11:38:43,1.47858,0.00,-0.49,30.40,21.22,41.24,58.40,0.00,0.00,123,SMA Buy,23.63,23.63hrs
29/11/2024 03:16:00,sell,0.51,GBPUSD,1.27047,29/11/2024 11:38:43,1.26943,0.00,0.00,10.40,53.04,53.04,10.40,-135.66,-26.80,234,SMA Sell,8.38,8.38hrs
29/11/2024 09:05:29,sell,0.77,GBPUSD,1.27251,29/11/2024 11:38:42,1.26944,0.00,0.00,30.70,236.39,236.39,30.70,-47.74,-6.40,234,SMA Sell,2.55,2.55hrs
29/11/2024 09:18:36,sell,1.15,GBPUSD,1.27400,29/11/2024 11:38:42,1.26944,0.00,0.00,45.60,524.40,524.40,45.60,0.00,0.00,234,SMA Sell,2.33,2.33hrs
26/11/2024 23:26:17,sell,0.02,AUDJPY,98.98700,27/11/2024 19:26:53,97.90800,0.00,0.00,107.90,14.32,14.32,107.90,-1.39,-10.60,234,SMA Sell,20.01,20.01hrs
22/11/2024 13:07:13,sell,0.02,CHFJPY,173.75000,26/11/2024 23:26:02,172.65600,0.00,-0.38,109.40,13.92,15.74,123.50,-3.22,-23.80,234,SMA Sell,106.31,4.43days
25/11/2024 17:56:24,sell,0.03,CHFJPY,173.97700,26/11/2024 23:26:02,172.65600,0.00,-0.38,132.10,25.51,28.25,146.20,-0.21,-1.10,234,SMA Sell,29.49,1.23days
22/11/2024 15:28:18,sell,0.03,GBPCHF,1.11770,26/11/2024 04:12:34,1.11295,0.00,-1.65,47.50,14.40,14.40,47.50,-16.18,-46.50,234,SMA Sell,84.74,3.53days
25/11/2024 07:02:59,sell,0.07,GBPCHF,1.12204,26/11/2024 04:12:34,1.11295,0.00,-2.57,90.90,69.07,69.07,90.90,-1.49,-2.80,234,SMA Sell,21.16,21.16hrs
21/11/2024 11:47:30,sell,0.02,GBPCHF,1.11606,26/11/2024 04:12:33,1.11296,0.00,-1.47,31.00,5.51,10.28,47.50,-14.83,-62.90,234,SMA Sell,112.42,4.68days
22/11/2024 16:16:12,sell,0.05,GBPCHF,1.11976,26/11/2024 04:12:33,1.11295,0.00,-2.75,68.10,35.59,35.59,68.10,-15.39,-25.90,234,SMA Sell,83.94,3.50days
21/11/2024 11:46:17,sell,0.02,EURAUD,1.61542,22/11/2024 11:17:18,1.60136,0.00,-0.01,140.60,18.21,18.21,140.60,-0.25,-1.80,234,SMA Sell,23.52,23.52hrs
18/11/2024 06:02:53,sell,0.02,CADJPY,109.79400,21/11/2024 10:39:02,110.67900,0.00,-1.10,-88.50,-12.56,5.14,39.80,-22.61,-172.20,234,SMA Sell,76.60,3.19days
18/11/2024 15:20:49,sell,0.02,AUDCHF,0.57270,21/11/2024 10:39:02,0.57582,0.00,-0.88,-31.20,-7.94,0.00,0.00,-10.68,-45.60,234,SMA Sell,67.30,2.80days
18/11/2024 17:58:23,sell,0.03,AUDCHF,0.57423,21/11/2024 10:39:02,0.57582,0.00,-1.31,-15.90,-6.71,3.61,11.50,-10.80,-30.30,234,SMA Sell,64.68,2.69days
18/11/2024 14:34:10,sell,0.03,CADJPY,110.09500,21/11/2024 10:39:01,110.68000,0.00,-1.65,-58.50,-13.01,13.58,69.90,-28.11,-142.10,234,SMA Sell,68.08,2.84days
18/11/2024 18:35:10,sell,0.05,CADJPY,110.39400,21/11/2024 10:39:01,110.68100,0.00,-2.74,-28.70,-12.03,32.38,99.80,-37.26,-112.20,234,SMA Sell,64.06,2.67days
18/11/2024 05:57:47,sell,0.02,GBPUSD,1.26240,21/11/2024 10:39:00,1.26359,0.00,-0.25,-11.90,-2.63,1.75,9.30,-17.10,-85.00,234,SMA Sell,76.69,3.20days
18/11/2024 18:11:20,sell,0.03,GBPUSD,1.26446,21/11/2024 10:39:00,1.26359,0.00,-0.39,8.70,2.22,8.80,29.90,-19.48,-64.40,234,SMA Sell,64.46,2.69days
18/11/2024 06:34:56,sell,0.02,NZDUSD,0.58560,21/11/2024 10:38:59,0.58681,0.00,-0.16,-12.10,-2.58,3.28,16.40,-12.72,-63.80,234,SMA Sell,76.07,3.17days
18/11/2024 19:06:03,sell,0.05,GBPUSD,1.26617,21/11/2024 10:38:59,1.26360,0.00,-0.64,25.70,12.21,23.22,47.00,-23.91,-47.30,234,SMA Sell,63.55,2.65days
18/11/2024 21:03:32,sell,0.07,GBPUSD,1.26796,21/11/2024 10:38:59,1.26360,0.00,-0.89,43.60,29.63,45.04,64.90,-20.94,-29.40,234,SMA Sell,61.59,2.57days
18/11/2024 18:30:54,sell,0.03,NZDUSD,0.58714,21/11/2024 10:38:58,0.58680,0.00,-0.24,3.40,0.78,2.73,9.90,-14.47,-48.40,234,SMA Sell,64.13,2.67days
18/11/2024 20:34:58,sell,0.05,NZDUSD,0.58887,21/11/2024 10:38:58,0.58680,0.00,-0.40,20.70,9.95,13.20,27.20,-15.46,-31.10,234,SMA Sell,62.07,2.59days
19/11/2024 19:58:49,sell,0.07,CADJPY,110.66800,21/11/2024 10:38:57,110.68200,0.00,-3.07,-1.40,-3.70,0.00,0.00,-39.07,-84.80,234,SMA Sell,38.67,1.61days
19/11/2024 19:22:28,sell,0.07,NZDUSD,0.59091,21/11/2024 10:38:57,0.58678,0.00,-0.44,41.30,28.47,32.88,47.60,-7.25,-10.70,234,SMA Sell,39.27,1.64days
19/11/2024 20:34:56,sell,0.05,AUDCHF,0.57618,21/11/2024 10:38:56,0.57579,0.00,-1.75,3.90,0.46,9.84,18.20,-6.55,-10.80,234,SMA Sell,38.07,1.59days
20/11/2024 08:19:03,sell,0.10,CADJPY,111.22200,21/11/2024 10:38:56,110.67900,0.00,-3.29,54.30,31.85,31.85,54.30,-19.14,-29.40,234,SMA Sell,26.33,1.10days
20/11/2024 08:53:17,sell,0.15,CADJPY,111.38300,21/11/2024 10:38:56,110.67800,0.00,-4.93,70.50,63.49,63.49,70.50,-13.20,-13.30,234,SMA Sell,25.76,1.07days
20/11/2024 09:18:37,sell,0.10,GBPUSD,1.27098,21/11/2024 10:38:55,1.26360,0.00,-0.75,73.80,73.05,75.40,75.40,0.00,0.00,234,SMA Sell,25.34,1.06days
07/11/2024 22:49:50,sell,0.02,EURAUD,1.61744,18/11/2024 03:09:32,1.62907,0.00,-0.08,-116.30,-15.14,0.19,1.40,-22.16,-170.80,234,SMA Sell,244.33,10.18days
08/11/2024 05:24:37,sell,0.05,EURAUD,1.62092,18/11/2024 03:09:31,1.62905,0.00,-0.17,-81.30,-26.48,6.96,21.20,-44.12,-136.00,234,SMA Sell,237.75,9.91days
08/11/2024 04:02:18,sell,0.03,EURAUD,1.61931,18/11/2024 03:09:31,1.62906,0.00,-0.09,-97.50,-19.02,1.00,5.10,-29.58,-152.10,234,SMA Sell,239.12,9.96days
08/11/2024 13:36:55,sell,0.07,EURAUD,1.62529,18/11/2024 03:09:30,1.62905,0.00,-0.24,-37.60,-17.28,29.89,64.90,-41.99,-92.30,234,SMA Sell,229.54,9.56days
12/11/2024 19:59:17,sell,0.10,EURAUD,1.62739,18/11/2024 03:09:30,1.62905,0.00,-0.26,-16.60,-11.00,20.39,31.30,-46.32,-71.30,234,SMA Sell,127.17,5.30days
13/11/2024 14:00:39,sell,0.15,EURAUD,1.62912,18/11/2024 03:09:30,1.62906,0.00,-0.34,0.60,0.24,19.76,20.60,-52.65,-54.00,234,SMA Sell,109.15,4.55days
14/11/2024 05:41:58,sell,0.23,EURAUD,1.63067,18/11/2024 03:09:29,1.62915,0.00,-0.20,15.20,22.43,53.63,36.10,-57.36,-38.50,234,SMA Sell,93.46,3.89days
14/11/2024 17:25:39,sell,0.34,EURAUD,1.63224,18/11/2024 03:09:29,1.62915,0.00,-0.30,30.90,67.70,76.56,34.90,-50.28,-22.80,234,SMA Sell,81.73,3.41days
13/11/2024 17:11:13,sell,0.02,GBPCAD,1.77692,18/11/2024 03:09:28,1.77853,0.00,-0.81,-16.10,-3.09,7.83,58.30,-9.03,-58.80,234,SMA Sell,105.97,4.42days
15/11/2024 10:14:26,sell,0.51,EURAUD,1.63418,18/11/2024 03:09:28,1.62915,0.00,-0.23,50.30,165.81,179.16,54.30,-11.21,-3.40,234,SMA Sell,64.92,2.70days
14/11/2024 17:13:54,sell,0.03,GBPCAD,1.78046,18/11/2024 03:09:27,1.77851,0.00,-0.48,19.50,3.68,6.47,32.10,-5.25,-23.40,234,SMA Sell,81.93,3.41days
14/11/2024 17:22:55,sell,0.05,GBPCAD,1.78235,18/11/2024 03:09:27,1.77851,0.00,-0.82,38.40,12.82,17.48,51.00,-2.05,-4.50,234,SMA Sell,81.78,3.41days
08/11/2024 12:46:52,buy,0.05,GBPCHF,1.12867,18/11/2024 03:09:26,1.12165,0.00,3.79,-70.20,-35.74,27.13,46.10,-50.63,-96.40,123,SMA Buy,230.38,9.60days
08/11/2024 10:10:47,buy,0.03,GBPCHF,1.13025,18/11/2024 03:09:26,1.12165,0.00,2.27,-86.00,-26.79,10.90,30.30,-35.72,-112.20,123,SMA Buy,232.98,9.71days
08/11/2024 02:25:23,buy,0.02,GBPCHF,1.13313,18/11/2024 03:09:26,1.12168,0.00,1.50,-114.50,-24.29,0.72,1.50,-30.32,-141.00,123,SMA Buy,240.73,10.03days
12/11/2024 18:18:28,buy,0.10,GBPCHF,1.12543,18/11/2024 03:09:25,1.12165,0.00,5.63,-37.80,-36.95,32.29,25.30,-66.67,-64.00,123,SMA Buy,128.85,5.37days
12/11/2024 17:07:44,buy,0.07,GBPCHF,1.12694,18/11/2024 03:09:25,1.12165,0.00,3.95,-52.90,-37.76,10.71,10.20,-58.58,-79.10,123,SMA Buy,130.03,5.42days
13/11/2024 15:33:58,buy,0.15,GBPCHF,1.12374,18/11/2024 03:09:24,1.12165,0.00,7.02,-20.90,-28.29,75.56,42.20,-72.84,-47.10,123,SMA Buy,107.59,4.48days
15/11/2024 17:27:52,buy,0.23,GBPCHF,1.12204,18/11/2024 03:09:24,1.12164,0.00,2.11,-4.00,-8.26,0.00,0.00,-76.26,-30.10,123,SMA Buy,57.69,2.40days
08/11/2024 01:13:40,buy,0.02,NZDJPY,92.15300,18/11/2024 03:09:23,90.83300,0.00,0.47,-132.00,-16.59,0.26,1.70,-23.78,-186.90,123,SMA Buy,241.93,10.08days
﻿15/11/2024 19:57:52,buy,0.34,GBPCHF,1.11957,18/11/2024 03:09:23,1.12165,0.00,3.12,20.80,82.77,82.77,20.80,-18.02,-5.40,123,SMA Buy,55.19,2.30days
08/11/2024 10:11:26,buy,0.07,NZDJPY,91.51600,18/11/2024 03:09:22,90.83700,0.00,1.60,-67.90,-29.12,16.59,35.70,-54.32,-123.20,123,SMA Buy,232.97,9.71days
08/11/2024 06:05:31,buy,0.05,NZDJPY,91.69600,18/11/2024 03:09:22,90.83800,0.00,1.15,-85.80,-26.57,6.06,17.70,-44.63,-141.20,123,SMA Buy,237.06,9.88days
08/11/2024 05:23:18,buy,0.03,NZDJPY,91.89500,18/11/2024 03:09:22,90.83800,0.00,0.71,-105.70,-19.78,0.00,0.00,-30.64,-161.10,123,SMA Buy,237.77,9.91days
08/11/2024 18:54:08,buy,0.10,NZDJPY,91.01900,18/11/2024 03:09:21,90.84500,0.00,2.31,-17.40,-8.94,55.80,85.40,-45.31,-73.50,123,SMA Buy,224.25,9.34days
15/11/2024 17:39:31,buy,0.15,NZDJPY,90.71900,18/11/2024 03:09:21,90.84200,0.00,0.43,12.30,12.36,12.36,12.30,-41.78,-43.50,123,SMA Buy,57.50,2.40days
15/11/2024 19:43:22,buy,0.23,NZDJPY,90.54100,18/11/2024 03:09:20,90.84200,0.00,0.66,30.10,45.40,45.40,30.10,-37.48,-25.70,123,SMA Buy,55.43,2.31days
15/11/2024 20:39:58,buy,0.34,NZDJPY,90.31200,18/11/2024 03:09:20,90.84600,0.00,0.98,53.40,118.30,118.30,53.40,0.00,0.00,123,SMA Buy,54.49,2.27days
12/11/2024 17:18:18,sell,0.02,GBPUSD,1.27797,13/11/2024 17:11:12,1.27028,0.00,-0.05,76.90,15.33,15.33,76.90,0.00,0.00,234,SMA Sell,23.88,23.88hrs
11/11/2024 18:40:19,sell,0.02,GBPUSD,1.28716,12/11/2024 16:40:30,1.27966,0.00,-0.05,75.00,14.95,14.95,75.00,-0.04,-0.20,234,SMA Sell,22.00,22.00hrs
06/11/2024 14:02:31,buy,0.02,CADCHF,0.62981,07/11/2024 21:42:50,0.63060,0.00,0.25,7.90,2.06,3.95,16.20,-4.55,-19.90,123,SMA Buy,31.67,1.32days
07/11/2024 02:36:48,sell,0.02,GBPUSD,1.28820,07/11/2024 21:42:49,1.29492,0.00,0.00,-67.20,-13.44,0.00,0.00,-24.46,-121.80,234,SMA Sell,19.10,19.10hrs
06/11/2024 18:03:51,buy,0.02,USDJPY,154.27400,07/11/2024 21:42:49,153.45200,0.00,0.76,-82.20,-9.95,3.77,29.10,-16.01,-128.40,123,SMA Buy,27.65,1.15days
07/11/2024 05:59:16,sell,0.03,GBPUSD,1.29210,07/11/2024 21:42:49,1.29492,0.00,0.00,-28.20,-8.46,5.43,18.10,-24.99,-82.80,234,SMA Sell,15.73,15.73hrs
07/11/2024 09:09:23,buy,0.05,USDJPY,153.85600,07/11/2024 21:42:48,153.45300,0.00,0.00,-40.30,-13.13,7.14,22.00,-28.27,-86.60,123,SMA Buy,12.56,12.56hrs
07/11/2024 06:23:56,buy,0.03,USDJPY,154.08800,07/11/2024 21:42:48,153.44800,0.00,0.00,-64.00,-12.51,2.35,12.10,-21.51,-109.80,123,SMA Buy,15.31,15.31hrs
07/11/2024 15:13:07,buy,0.07,USDJPY,153.68700,07/11/2024 21:42:47,153.44500,0.00,0.00,-24.20,-11.04,0.00,0.00,-31.84,-69.70,123,SMA Buy,6.49,6.49hrs
07/11/2024 15:00:44,sell,0.05,GBPUSD,1.29540,07/11/2024 21:42:47,1.29494,0.00,0.00,4.60,2.30,2.30,4.60,-25.15,-49.80,234,SMA Sell,6.70,6.70hrs
07/11/2024 15:21:52,sell,0.02,EURGBP,0.83202,07/11/2024 21:42:46,0.83170,0.00,0.00,3.20,0.83,2.88,11.70,-0.31,-1.30,234,SMA Sell,6.35,6.35hrs
07/11/2024 15:15:55,sell,0.07,GBPUSD,1.29701,07/11/2024 21:42:46,1.29500,0.00,0.00,20.10,14.07,14.07,20.10,-23.94,-33.70,234,SMA Sell,6.45,6.45hrs
07/11/2024 15:52:48,buy,0.10,USDJPY,153.51100,07/11/2024 21:42:45,153.43900,0.00,0.00,-7.20,-4.69,0.00,0.00,-33.99,-52.10,123,SMA Buy,5.83,5.83hrs
07/11/2024 16:37:42,buy,0.15,USDJPY,153.34700,07/11/2024 21:42:45,153.44500,0.00,0.00,9.80,9.58,9.58,9.80,-34.90,-35.70,123,SMA Buy,5.08,5.08hrs
07/11/2024 16:44:16,sell,0.10,GBPUSD,1.29900,07/11/2024 21:42:45,1.29502,0.00,0.00,39.80,39.80,39.80,39.80,-14.30,-13.80,234,SMA Sell,4.97,4.97hrs
07/11/2024 16:49:38,buy,0.23,USDJPY,153.19500,07/11/2024 21:42:44,153.44500,0.00,0.00,25.00,37.47,37.47,25.00,-30.67,-20.50,123,SMA Buy,4.88,4.88hrs
07/11/2024 17:32:45,buy,0.34,USDJPY,152.89400,07/11/2024 21:42:44,153.44400,0.00,0.00,55.00,121.87,121.87,55.00,0.00,0.00,123,SMA Buy,4.17,4.17hrs
07/11/2024 17:33:35,sell,0.15,GBPUSD,1.30056,07/11/2024 21:42:43,1.29510,0.00,0.00,54.60,81.90,81.90,54.60,0.00,0.00,234,SMA Sell,4.15,4.15hrs
06/11/2024 13:33:11,sell,0.02,EURAUD,1.63223,07/11/2024 15:19:02,1.62117,0.00,-0.01,110.60,14.72,16.67,125.30,-3.27,-24.90,234,SMA Sell,25.76,1.07days
04/11/2024 03:34:59,buy,0.02,EURUSD,1.08875,06/11/2024 06:42:53,1.07743,0.00,-0.32,-113.20,-22.96,8.06,41.10,-30.80,-151.80,123,SMA Buy,51.13,2.13days
04/11/2024 04:05:17,sell,0.02,GBPJPY,196.97900,06/11/2024 06:42:53,198.48500,0.00,-0.97,-150.60,-20.56,3.66,27.60,-20.56,-150.60,234,SMA Sell,50.63,2.11days
01/11/2024 21:30:20,buy,0.02,USDCAD,1.39537,06/11/2024 06:42:53,1.39055,0.00,0.12,-48.20,-6.81,0.01,0.10,-18.35,-127.40,123,SMA Buy,105.21,4.38days
05/11/2024 06:07:15,sell,0.03,GBPJPY,197.45300,06/11/2024 06:42:52,198.48800,0.00,-0.73,-103.50,-20.93,4.40,22.20,-20.93,-103.50,234,SMA Sell,24.59,1.02days
04/11/2024 17:06:17,buy,0.03,USDCAD,1.38834,06/11/2024 06:42:52,1.39050,0.00,0.12,21.60,4.78,8.18,37.30,-12.33,-57.10,123,SMA Buy,37.61,1.57days
05/11/2024 14:54:27,sell,0.07,GBPJPY,197.79900,06/11/2024 06:42:51,198.49000,0.00,-1.70,-69.10,-33.16,26.26,56.80,-33.16,-69.10,234,SMA Sell,15.81,15.81hrs
05/11/2024 07:25:40,sell,0.05,GBPJPY,197.64800,06/11/2024 06:42:51,198.49100,0.00,-1.21,-84.30,-28.63,13.77,41.70,-28.63,-84.30,234,SMA Sell,23.29,23.29hrs
05/11/2024 15:57:00,sell,0.02,USDCHF,0.86297,06/11/2024 06:42:51,0.87145,0.00,-0.33,-84.80,-19.79,0.07,0.30,-27.74,-119.90,234,SMA Sell,14.76,14.76hrs
06/11/2024 02:33:12,buy,0.03,EURUSD,1.08671,06/11/2024 06:42:50,1.07760,0.00,0.00,-91.10,-27.33,0.00,0.00,-39.60,-131.40,123,SMA Buy,4.16,4.16hrs
06/11/2024 02:38:20,sell,0.03,USDCHF,0.86692,06/11/2024 06:42:50,0.87145,0.00,0.00,-45.30,-15.59,0.00,0.00,-27.57,-80.40,234,SMA Sell,4.08,4.08hrs
05/11/2024 16:36:23,buy,0.05,USDCAD,1.38561,06/11/2024 06:42:50,1.39050,0.00,0.09,48.90,17.67,23.33,64.60,-10.78,-29.80,123,SMA Buy,14.11,14.11hrs
06/11/2024 02:47:10,buy,0.05,EURUSD,1.08376,06/11/2024 06:42:49,1.07759,0.00,0.00,-61.70,-30.85,5.60,11.20,-51.25,-101.90,123,SMA Buy,3.93,3.93hrs
06/11/2024 03:02:57,sell,0.10,GBPJPY,198.11100,06/11/2024 06:42:49,198.48000,0.00,0.00,-36.90,-24.01,0.00,0.00,-24.47,-37.40,234,SMA Sell,3.66,3.66hrs
06/11/2024 03:05:45,sell,0.05,USDCHF,0.86918,06/11/2024 06:42:49,0.87144,0.00,0.00,-22.60,-12.97,5.82,10.10,-33.03,-57.80,234,SMA Sell,3.62,3.62hrs
06/11/2024 04:13:19,buy,0.07,EURUSD,1.08168,06/11/2024 06:42:48,1.07755,0.00,0.00,-41.30,-28.91,0.42,0.80,-57.19,-81.10,123,SMA Buy,2.49,2.49hrs
06/11/2024 03:25:07,sell,0.15,GBPJPY,198.28100,06/11/2024 06:42:48,198.48000,0.00,0.00,-19.90,-19.42,0.00,0.00,-20.15,-20.40,234,SMA Sell,3.29,3.29hrs
06/11/2024 04:30:58,buy,0.10,EURUSD,1.07914,06/11/2024 06:42:47,1.07757,0.00,0.00,-15.70,-15.70,0.00,0.00,-56.30,-55.70,123,SMA Buy,2.20,2.20hrs
06/11/2024 04:27:36,sell,0.23,GBPJPY,198.43400,06/11/2024 06:42:47,198.46700,0.00,0.00,-3.30,-4.94,0.00,0.00,-8.06,-5.10,234,SMA Sell,2.25,2.25hrs
06/11/2024 04:19:25,sell,0.07,USDCHF,0.87103,06/11/2024 06:42:47,0.87142,0.00,0.00,-3.90,-3.13,4.02,5.50,-31.44,-39.30,234,SMA Sell,2.39,2.39hrs
06/11/2024 04:47:24,buy,0.15,EURUSD,1.07753,06/11/2024 06:42:46,1.07770,0.00,0.00,1.70,2.55,2.55,1.70,-60.30,-39.60,123,SMA Buy,1.92,1.92hrs
06/11/2024 04:32:13,sell,0.34,GBPJPY,198.59600,06/11/2024 06:42:46,198.46700,0.00,0.00,12.90,28.54,28.54,12.90,0.00,0.00,234,SMA Sell,2.18,2.18hrs
06/11/2024 04:41:48,sell,0.51,GBPJPY,198.90700,06/11/2024 06:42:46,198.46600,0.00,0.00,44.10,146.35,146.35,44.10,0.00,0.00,234,SMA Sell,2.02,2.02hrs
06/11/2024 05:04:17,sell,0.10,USDCHF,0.87315,06/11/2024 06:42:45,0.87141,0.00,0.00,17.40,19.97,19.97,17.40,-20.69,-18.10,234,SMA Sell,1.64,1.64hrs
06/11/2024 05:04:14,buy,0.23,EURUSD,1.07554,06/11/2024 06:42:45,1.07770,0.00,0.00,21.60,49.68,49.68,21.60,-46.69,-19.70,123,SMA Buy,1.64,1.64hrs
06/11/2024 05:45:49,buy,0.34,EURUSD,1.07258,06/11/2024 06:42:45,1.07767,0.00,0.00,50.90,173.06,173.06,50.90,0.00,0.00,123,SMA Buy,0.95,0.95hrs
06/11/2024 05:50:14,sell,0.15,USDCHF,0.87474,06/11/2024 06:42:44,0.87140,0.00,0.00,33.40,57.49,57.49,33.40,-3.77,-2.20,234,SMA Sell,0.88,0.88hrs
01/11/2024 01:19:10,sell,0.02,GBPJPY,195.95300,01/11/2024 20:21:21,197.61800,0.00,0.00,-166.50,-21.78,1.58,11.90,-29.07,-222.60,234,SMA Sell,19.04,19.04hrs
31/10/2024 17:18:24,sell,0.02,AUDCHF,0.56631,01/11/2024 20:21:21,0.57101,0.00,-0.18,-47.00,-10.98,0.00,0.00,-13.83,-59.40,234,SMA Sell,27.05,1.13days
31/10/2024 18:01:45,buy,0.02,EURCAD,1.51288,01/11/2024 20:21:21,1.51208,0.00,-0.10,-8.00,-1.24,4.92,35.00,-3.45,-23.30,123,SMA Buy,26.33,1.10days
01/11/2024 05:36:09,sell,0.05,GBPJPY,196.49900,01/11/2024 20:21:20,197.62200,0.00,0.00,-112.30,-36.72,0.00,0.00,-54.82,-168.00,234,SMA Sell,14.75,14.75hrs
01/11/2024 04:24:50,sell,0.03,GBPJPY,196.32200,01/11/2024 20:21:20,197.61800,0.00,0.00,-129.60,-25.43,0.00,0.00,-36.37,-185.70,234,SMA Sell,15.94,15.94hrs
01/11/2024 06:07:37,sell,0.07,GBPJPY,196.66500,01/11/2024 20:21:19,197.61600,0.00,0.00,-95.10,-43.54,3.77,8.20,-69.15,-151.40,234,SMA Sell,14.23,14.23hrs
01/11/2024 10:39:05,sell,0.03,AUDCHF,0.56945,01/11/2024 20:21:19,0.57101,0.00,0.00,-15.60,-5.38,0.00,0.00,-9.65,-28.00,234,SMA Sell,9.70,9.70hrs
01/11/2024 10:51:15,sell,0.10,GBPJPY,197.07300,01/11/2024 20:21:18,197.61400,0.00,0.00,-54.10,-35.38,2.89,4.80,-72.09,-110.60,234,SMA Sell,9.50,9.50hrs
01/11/2024 11:21:47,sell,0.15,GBPJPY,197.26800,01/11/2024 20:21:18,197.61300,0.00,0.00,-34.50,-33.84,23.57,24.30,-89.00,-91.10,234,SMA Sell,8.99,8.99hrs
01/11/2024 16:06:47,sell,0.23,GBPJPY,197.96300,01/11/2024 20:21:17,197.61400,0.00,0.00,34.90,52.50,52.50,34.90,-31.90,-21.60,234,SMA Sell,4.24,4.24hrs
01/11/2024 16:18:22,sell,0.34,GBPJPY,198.12800,01/11/2024 20:21:17,197.61400,0.00,0.00,51.40,114.30,114.30,51.40,-10.45,-5.10,234,SMA Sell,4.05,4.05hrs
01/11/2024 16:20:00,buy,0.03,EURCAD,1.51091,01/11/2024 20:21:16,1.51208,0.00,0.00,11.70,2.52,2.52,11.70,-0.78,-3.60,123,SMA Buy,4.02,4.02hrs
01/11/2024 16:33:31,sell,0.05,AUDCHF,0.57161,01/11/2024 20:21:16,0.57099,0.00,0.00,6.20,3.56,3.56,6.20,-3.68,-6.40,234,SMA Sell,3.80,3.80hrs
01/11/2024 17:05:24,sell,0.51,GBPJPY,198.31200,01/11/2024 20:21:16,197.61400,0.00,0.00,69.80,232.82,232.82,69.80,0.00,0.00,234,SMA Sell,3.26,3.26hrs
28/10/2024 10:41:32,buy,0.02,CHFJPY,176.66700,31/10/2024 16:09:59,176.74400,0.00,-0.17,7.70,0.84,6.98,54.00,-12.73,-95.80,123,SMA Buy,77.47,3.23days
25/10/2024 16:52:13,buy,0.02,USDCAD,1.38568,31/10/2024 16:09:59,1.39041,0.00,0.13,47.30,6.93,11.46,79.20,0.00,0.00,123,SMA Buy,143.30,5.97days
25/10/2024 17:54:48,sell,0.02,NZDUSD,0.60051,31/10/2024 16:09:59,0.59513,0.00,-0.10,53.80,10.66,10.66,53.80,-0.60,-2.90,234,SMA Sell,142.25,5.93days
28/10/2024 20:37:55,sell,0.02,AUDCAD,0.91452,31/10/2024 16:09:58,0.91069,0.00,-0.36,38.30,5.14,5.62,40.00,-4.06,-27.10,234,SMA Sell,67.53,2.81days
28/10/2024 12:14:35,buy,0.03,CHFJPY,176.26600,31/10/2024 16:09:58,176.74400,0.00,-0.25,47.80,9.12,18.31,94.10,-11.18,-55.70,123,SMA Buy,75.92,3.16days
28/10/2024 12:21:59,buy,0.05,CHFJPY,176.08500,31/10/2024 16:09:58,176.74400,0.00,-0.42,65.90,21.12,36.42,112.20,-12.69,-37.60,123,SMA Buy,75.80,3.16days
31/10/2024 09:19:28,buy,0.07,CHFJPY,175.92400,31/10/2024 16:09:57,176.74100,0.00,0.00,81.70,37.39,37.39,81.70,-9.76,-21.50,123,SMA Buy,6.84,6.84hrs
31/10/2024 10:22:40,buy,0.10,CHFJPY,175.74600,31/10/2024 16:09:57,176.74100,0.00,0.00,99.50,65.05,65.05,99.50,-2.24,-3.70,123,SMA Buy,5.79,5.79hrs
25/10/2024 17:48:13,buy,0.02,GBPAUD,1.95688,28/10/2024 20:37:39,1.97008,0.00,-0.03,132.00,17.34,19.01,144.60,-0.33,-2.50,123,SMA Buy,74.82,3.12days
25/10/2024 16:41:51,buy,0.02,EURJPY,164.61900,28/10/2024 10:41:09,165.65100,0.00,0.05,103.20,13.52,16.19,123.60,-3.80,-28.90,123,SMA Buy,65.99,2.75days
22/10/2024 00:56:57,sell,0.02,NZDUSD,0.60285,25/10/2024 15:35:51,0.60062,0.00,-0.11,22.30,4.35,7.39,37.50,-6.20,-31.00,234,SMA Sell,86.65,3.61days
22/10/2024 07:35:21,sell,0.03,NZDUSD,0.60536,25/10/2024 15:35:51,0.60062,0.00,-0.16,47.40,14.06,18.62,62.60,-1.77,-5.90,234,SMA Sell,80.01,3.33days
22/10/2024 13:28:52,sell,0.02,EURCHF,0.93686,25/10/2024 15:35:50,0.93825,0.00,-1.24,-13.90,-4.45,6.69,30.10,-5.46,-18.20,234,SMA Sell,74.12,3.09days
23/10/2024 08:26:52,buy,0.02,GBPJPY,197.58000,25/10/2024 15:35:50,197.39600,0.00,0.87,-18.40,-1.55,8.90,68.10,-12.18,-97.30,123,SMA Buy,55.15,2.30days
23/10/2024 10:20:33,sell,0.02,GBPUSD,1.29650,25/10/2024 15:35:49,1.29879,0.00,-0.29,-22.90,-4.87,10.76,53.90,-5.47,-25.90,234,SMA Sell,53.25,2.22days
23/10/2024 20:33:59,buy,0.03,GBPJPY,197.42700,25/10/2024 15:35:49,197.39700,0.00,1.31,-3.00,0.72,2.56,4.10,-15.24,-82.00,123,SMA Buy,43.03,1.79days
23/10/2024 21:03:50,buy,0.05,GBPJPY,197.21100,25/10/2024 15:35:49,197.39500,0.00,2.18,18.40,8.23,11.36,25.70,-18.28,-60.40,123,SMA Buy,42.53,1.77days
23/10/2024 21:18:55,buy,0.07,GBPJPY,196.96900,25/10/2024 15:35:48,197.39000,0.00,3.05,42.10,22.44,27.03,49.90,-14.42,-36.20,123,SMA Buy,42.28,1.76days
24/10/2024 07:37:14,buy,0.10,GBPJPY,196.74600,25/10/2024 15:35:48,197.38900,0.00,1.09,64.30,43.39,50.01,72.20,-9.16,-13.90,123,SMA Buy,31.98,1.33days
24/10/2024 19:13:40,buy,0.15,GBPJPY,196.52500,25/10/2024 15:35:48,197.38900,0.00,1.64,86.40,86.90,86.90,86.40,0.00,0.00,123,SMA Buy,20.37,20.37hrs
25/10/2024 12:17:44,sell,0.03,GBPUSD,1.29801,25/10/2024 15:35:47,1.29880,0.00,0.00,-7.90,-2.37,0.00,0.00,-3.24,-10.80,234,SMA Sell,3.30,3.30hrs
25/10/2024 11:29:18,sell,0.03,EURCHF,0.93844,25/10/2024 15:35:47,0.93823,0.00,0.00,2.10,0.72,0.72,2.10,-0.69,-2.00,234,SMA Sell,4.11,4.11hrs
22/10/2024 01:36:32,buy,0.02,USDJPY,150.74400,23/10/2024 08:26:51,152.09300,0.00,0.20,134.90,17.94,17.94,134.90,-2.83,-21.30,123,SMA Buy,30.84,1.28days
17/10/2024 19:19:41,buy,0.02,CADCHF,0.62802,21/10/2024 22:53:23,0.62592,0.00,0.16,-21.00,-4.69,0.54,2.00,-6.75,-29.90,123,SMA Buy,99.56,4.15days
17/10/2024 19:20:12,sell,0.02,EURUSD,1.08273,21/10/2024 22:53:22,1.08149,0.00,0.06,12.40,2.54,3.04,14.90,-8.24,-41.50,234,SMA Sell,99.55,4.15days
18/10/2024 09:39:58,sell,0.03,EURUSD,1.08454,21/10/2024 22:53:22,1.08149,0.00,0.05,30.50,9.20,9.95,33.00,-6.97,-23.40,234,SMA Sell,85.22,3.55days
18/10/2024 17:15:45,sell,0.05,EURUSD,1.08614,21/10/2024 22:53:22,1.08149,0.00,0.08,46.50,23.33,24.58,49.00,-3.62,-7.40,234,SMA Sell,77.63,3.23days
17/10/2024 19:19:34,buy,0.02,USDJPY,150.28200,21/10/2024 22:53:21,150.73300,0.00,0.40,45.10,6.38,7.63,54.50,-14.90,-114.10,123,SMA Buy,99.56,4.15days
18/10/2024 03:31:39,buy,0.03,USDJPY,149.99800,21/10/2024 22:53:21,150.73300,0.00,0.30,73.50,14.93,16.79,82.90,-16.94,-85.70,123,SMA Buy,91.36,3.81days
18/10/2024 13:11:04,buy,0.05,USDJPY,149.69200,21/10/2024 22:53:21,150.73300,0.00,0.51,104.10,35.04,38.14,113.50,-17.96,-55.10,123,SMA Buy,81.70,3.40days
21/10/2024 08:58:22,buy,0.02,GBPCAD,1.80129,21/10/2024 22:53:20,1.79577,0.00,0.00,-55.20,-7.98,0.00,0.00,-7.98,-55.20,123,SMA Buy,13.92,13.92hrs
18/10/2024 19:50:18,buy,0.07,USDJPY,149.42100,21/10/2024 22:53:20,150.73300,0.00,0.71,131.20,61.64,65.96,140.60,-12.43,-28.00,123,SMA Buy,75.05,3.13days
21/10/2024 04:21:35,buy,0.10,USDJPY,149.25700,21/10/2024 22:53:20,150.73400,0.00,0.00,147.70,97.99,104.09,157.00,-7.78,-11.60,123,SMA Buy,18.53,18.53hrs
21/10/2024 11:07:45,buy,0.03,GBPCAD,1.79941,21/10/2024 22:53:19,1.79578,0.00,0.00,-36.30,-7.87,2.06,9.70,-7.87,-36.30,123,SMA Buy,11.76,11.76hrs
21/10/2024 19:03:20,buy,0.05,GBPCAD,1.79752,21/10/2024 22:53:19,1.79578,0.00,0.00,-17.40,-6.29,1.30,3.40,-6.29,-17.40,123,SMA Buy,3.83,3.83hrs
21/10/2024 12:40:40,buy,0.03,CADCHF,0.62573,21/10/2024 22:53:19,0.62592,0.00,0.00,1.90,0.66,0.66,1.90,-2.43,-7.00,123,SMA Buy,10.21,10.21hrs
27/09/2024 17:07:16,buy,0.02,AUDUSD,0.69287,17/10/2024 18:12:38,0.66976,0.00,-1.26,-231.10,-47.48,0.00,0.00,-55.00,-268.70,123,SMA Buy,481.09,20.05days
01/10/2024 19:39:35,buy,0.05,AUDUSD,0.68740,17/10/2024 18:12:37,0.66976,0.00,-2.83,-176.40,-91.03,10.36,21.20,-109.83,-214.00,123,SMA Buy,382.55,15.94days
04/10/2024 15:35:50,buy,0.07,AUDUSD,0.67977,17/10/2024 18:12:37,0.66976,0.00,-2.62,-100.10,-72.69,6.44,9.20,-99.01,-137.70,123,SMA Buy,314.61,13.11days
30/09/2024 21:32:30,buy,0.03,AUDUSD,0.69057,17/10/2024 18:12:37,0.66976,0.00,-1.80,-208.10,-64.23,0.00,0.00,-75.51,-245.70,123,SMA Buy,404.67,16.86days
07/10/2024 17:52:02,buy,0.15,AUDUSD,0.67636,17/10/2024 18:12:36,0.66976,0.00,-5.63,-66.00,-104.63,3.26,2.40,-161.03,-103.60,123,SMA Buy,240.34,10.01days
07/10/2024 12:07:24,buy,0.10,AUDUSD,0.67814,17/10/2024 18:12:36,0.66976,0.00,-3.76,-83.80,-87.56,11.70,11.30,-125.16,-121.40,123,SMA Buy,246.09,10.25days
08/10/2024 05:35:11,buy,0.23,AUDUSD,0.67206,17/10/2024 18:12:36,0.66976,0.00,-7.87,-23.00,-60.77,83.45,37.80,-147.25,-60.60,123,SMA Buy,228.62,9.53days
01/10/2024 20:35:06,sell,0.02,EURCHF,0.93595,17/10/2024 18:12:35,0.93696,0.00,-4.56,-10.10,-6.90,0.00,10.30,-19.32,-77.50,234,SMA Sell,381.62,15.90days
02/10/2024 13:52:59,sell,0.03,EURCHF,0.93915,17/10/2024 18:12:35,0.93695,0.00,-6.45,22.00,1.18,10.53,42.30,-17.43,-45.50,234,SMA Sell,364.33,15.18days
03/10/2024 09:57:35,sell,0.05,EURCHF,0.94188,17/10/2024 18:12:35,0.93695,0.00,-8.78,49.30,19.72,35.45,69.60,-11.22,-18.20,234,SMA Sell,344.25,14.34days
15/10/2024 04:23:51,buy,0.05,EURJPY,163.05300,17/10/2024 18:12:34,162.46400,0.00,1.11,-58.90,-18.53,2.77,8.30,-34.77,-106.80,123,SMA Buy,61.81,2.58days
15/10/2024 03:10:15,buy,0.03,EURJPY,163.22400,17/10/2024 18:12:34,162.46500,0.00,0.67,-75.90,-14.50,0.00,0.00,-24.29,-123.90,123,SMA Buy,63.04,2.63days
14/10/2024 17:55:43,buy,0.02,EURJPY,163.59900,17/10/2024 18:12:34,162.46400,0.00,0.44,-113.50,-14.70,0.00,0.00,-21.21,-161.40,123,SMA Buy,72.28,3.01days
04/10/2024 16:29:26,sell,0.07,EURCHF,0.94351,17/10/2024 18:12:34,0.93695,0.00,-11.40,65.60,41.68,63.85,85.90,-1.55,-1.90,234,SMA Sell,313.72,13.07days
15/10/2024 08:28:56,buy,0.07,EURJPY,162.90200,17/10/2024 18:12:33,162.46400,0.00,1.55,-43.80,-18.89,0.00,0.00,-41.62,-91.70,123,SMA Buy,57.73,2.41days
15/10/2024 10:01:38,buy,0.10,EURJPY,162.60000,17/10/2024 18:12:33,162.46200,0.00,2.22,-13.80,-6.98,15.21,22.70,-39.28,-61.50,123,SMA Buy,56.18,2.34days
15/10/2024 20:13:19,buy,0.34,AUDUSD,0.67035,17/10/2024 18:12:32,0.66976,0.00,-4.31,-5.90,-24.37,3.74,1.20,-152.21,-43.50,123,SMA Buy,45.99,1.92days
10/10/2024 15:33:15,sell,0.02,NZDUSD,0.60884,17/10/2024 18:12:32,0.60620,0.00,-0.12,26.40,5.16,7.10,35.50,-6.12,-30.70,234,SMA Sell,170.65,7.11days
11/10/2024 18:46:20,sell,0.03,NZDUSD,0.61105,17/10/2024 18:12:32,0.60620,0.00,-0.18,48.50,14.37,17.28,57.60,-2.55,-8.60,234,SMA Sell,143.44,5.98days
15/10/2024 22:38:18,buy,0.15,EURJPY,162.44200,17/10/2024 18:12:31,162.46100,0.00,3.32,1.90,5.22,38.19,37.30,-43.09,-45.70,123,SMA Buy,43.57,1.82days
16/10/2024 03:00:35,buy,0.23,EURJPY,162.23500,17/10/2024 18:12:31,162.46100,0.00,3.82,22.60,38.48,89.08,58.00,-35.52,-25.00,123,SMA Buy,39.20,1.63days
16/10/2024 03:02:14,buy,0.51,AUDUSD,0.66806,17/10/2024 18:12:31,0.66976,0.00,-4.85,17.00,81.85,120.10,24.10,-109.91,-20.60,123,SMA Buy,39.17,1.63days
17/10/2024 16:26:48,buy,0.34,EURJPY,162.07200,17/10/2024 18:12:30,162.46400,0.00,0.00,39.20,88.85,88.85,39.20,-21.13,-8.70,123,SMA Buy,1.76,1.76hrs
17/10/2024 16:31:37,buy,0.51,EURJPY,161.91000,17/10/2024 18:12:30,162.46400,0.00,0.00,55.40,188.35,188.35,55.40,0.00,0.00,123,SMA Buy,1.68,1.68hrs
16/10/2024 18:12:25,buy,0.77,AUDUSD,0.66651,17/10/2024 18:12:30,0.66976,0.00,-7.32,32.50,242.93,300.68,39.60,-46.59,-5.10,123,SMA Buy,24.00,1.00days
09/10/2024 16:57:01,buy,0.02,USDCHF,0.85843,14/10/2024 17:55:24,0.86313,0.00,0.71,47.00,11.60,12.38,50.40,-5.18,-24.30,123,SMA Buy,120.97,5.04days
11/10/2024 11:50:17,buy,0.03,USDCHF,0.85624,14/10/2024 17:55:24,0.86313,0.00,0.21,68.90,24.16,25.33,72.30,-0.39,-1.20,123,SMA Buy,78.09,3.25days
07/10/2024 19:00:36,buy,0.02,USDCAD,1.36080,10/10/2024 15:32:39,1.37381,0.00,0.03,130.10,18.97,20.84,143.00,-0.34,-2.30,123,SMA Buy,68.53,2.86days
04/10/2024 15:33:41,sell,0.02,NZDUSD,0.61537,09/10/2024 16:57:00,0.60704,0.00,-0.08,83.30,16.58,17.24,86.60,-3.07,-15.20,234,SMA Sell,121.39,5.06days
03/10/2024 03:33:43,buy,0.34,NZDCAD,0.84416,07/10/2024 19:00:35,0.83290,0.00,-0.42,-112.60,-281.79,4.02,1.60,-281.79,-112.60,123,SMA Buy,111.45,4.64days
04/10/2024 15:36:24,buy,0.77,NZDCAD,0.83620,07/10/2024 19:00:35,0.83289,0.00,-0.47,-33.10,-187.78,71.55,12.70,-187.78,-33.10,123,SMA Buy,75.40,3.14days
01/10/2024 16:42:19,buy,0.07,NZDCAD,0.85129,07/10/2024 19:00:35,0.83290,0.00,-0.28,-183.90,-94.89,0.00,0.00,-94.89,-183.90,123,SMA Buy,146.30,6.10days
01/10/2024 18:39:48,buy,0.15,NZDCAD,0.84757,07/10/2024 19:00:34,0.83289,0.00,-0.59,-146.80,-162.42,0.00,0.00,-162.42,-146.80,123,SMA Buy,144.35,6.01days
01/10/2024 05:38:01,buy,0.03,NZDCAD,0.85562,07/10/2024 19:00:34,0.83291,0.00,-0.12,-227.10,-50.19,0.00,0.00,-50.19,-227.10,123,SMA Buy,157.38,6.56days
03/10/2024 12:27:28,buy,0.51,NZDCAD,0.84138,07/10/2024 19:00:33,0.83290,0.00,-0.62,-84.80,-318.46,48.58,12.70,-318.46,-84.80,123,SMA Buy,102.55,4.27days
02/10/2024 16:48:57,buy,0.23,NZDCAD,0.84604,07/10/2024 19:00:33,0.83290,0.00,-0.70,-131.40,-222.81,0.34,0.20,-222.81,-131.40,123,SMA Buy,122.19,5.09days
07/10/2024 12:24:06,buy,1.15,NZDCAD,0.83469,07/10/2024 19:00:33,0.83291,0.00,0.00,-17.80,-150.44,43.16,5.10,-150.44,-17.80,123,SMA Buy,6.61,6.61hrs
01/10/2024 17:51:05,buy,0.10,NZDCAD,0.84972,07/10/2024 19:00:32,0.83290,0.00,-0.40,-168.20,-124.02,0.00,0.00,-124.02,-168.20,123,SMA Buy,145.16,6.05days
01/10/2024 10:44:16,buy,0.05,NZDCAD,0.85401,07/10/2024 19:00:32,0.83290,0.00,-0.20,-211.10,-77.77,0.00,0.00,-77.77,-211.10,123,SMA Buy,152.27,6.34days
27/09/2024 17:07:13,buy,0.02,NZDCAD,0.85761,07/10/2024 19:00:32,0.83291,0.00,-0.12,-247.00,-36.42,0.00,0.00,-36.42,-247.00,123,SMA Buy,241.89,10.08days
04/10/2024 08:52:05,buy,0.10,CADJPY,107.71800,04/10/2024 15:33:41,109.24100,0.00,0.00,152.30,102.68,102.68,152.30,0.00,0.00,123,SMA Buy,6.69,6.69hrs
04/10/2024 06:05:10,buy,0.05,CADJPY,108.03300,04/10/2024 15:33:40,109.23400,0.00,0.00,120.10,40.49,40.49,120.10,-10.10,-30.50,123,SMA Buy,9.47,9.47hrs
04/10/2024 07:19:59,buy,0.07,CADJPY,107.87400,04/10/2024 15:33:40,109.23400,0.00,0.00,136.00,64.19,64.19,136.00,-6.52,-14.60,123,SMA Buy,8.23,8.23hrs
03/10/2024 10:06:18,buy,0.02,CADJPY,108.65000,04/10/2024 15:33:39,109.20400,0.00,0.09,55.40,7.56,7.56,55.40,-12.40,-92.20,123,SMA Buy,29.46,1.23days
04/10/2024 04:10:10,buy,0.03,CADJPY,108.20000,04/10/2024 15:33:39,109.20400,0.00,0.00,100.40,20.31,20.31,100.40,-9.49,-47.20,123,SMA Buy,11.39,11.39hrs
03/10/2024 08:15:34,buy,0.51,GBPUSD,1.32046,03/10/2024 10:06:18,1.31562,0.00,0.00,-48.40,-246.84,0.00,0.00,-246.84,-48.40,123,SMA Buy,1.85,1.85hrs
03/10/2024 08:37:29,buy,1.15,GBPUSD,1.31726,03/10/2024 10:06:18,1.31564,0.00,0.00,-16.20,-186.30,147.20,13.10,-186.30,-16.20,123,SMA Buy,1.48,1.48hrs
01/10/2024 13:10:41,buy,0.10,GBPUSD,1.33154,03/10/2024 10:06:17,1.31562,0.00,-0.84,-159.20,-160.04,0.00,0.00,-160.04,-159.20,123,SMA Buy,44.93,1.87days
30/09/2024 17:29:35,buy,0.03,GBPUSD,1.33713,03/10/2024 10:06:17,1.31562,0.00,-0.34,-215.10,-64.87,0.00,0.00,-64.87,-215.10,123,SMA Buy,64.61,2.69days
03/10/2024 08:26:11,buy,0.77,GBPUSD,1.31878,03/10/2024 10:06:16,1.31561,0.00,0.00,-31.70,-244.09,0.00,0.00,-244.09,-31.70,123,SMA Buy,1.67,1.67hrs
03/10/2024 08:07:26,buy,0.34,GBPUSD,1.32231,03/10/2024 10:06:16,1.31561,0.00,0.00,-67.00,-227.80,0.00,0.00,-227.80,-67.00,123,SMA Buy,1.98,1.98hrs
01/10/2024 19:50:10,buy,0.23,GBPUSD,1.32512,03/10/2024 10:06:16,1.31561,0.00,-1.95,-95.10,-220.68,55.08,24.20,-220.68,-95.10,123,SMA Buy,38.27,1.59days
01/10/2024 18:10:18,buy,0.15,GBPUSD,1.32685,03/10/2024 10:06:15,1.31561,0.00,-1.27,-112.40,-169.87,9.97,6.90,-169.87,-112.40,123,SMA Buy,39.93,1.66days
01/10/2024 11:07:12,buy,0.07,GBPUSD,1.33327,03/10/2024 10:06:15,1.31561,0.00,-0.60,-176.60,-124.22,0.00,0.00,-124.22,-176.60,123,SMA Buy,46.98,1.96days
01/10/2024 10:15:53,buy,0.05,GBPUSD,1.33492,03/10/2024 10:06:15,1.31561,0.00,-0.43,-193.10,-96.98,0.00,0.00,-96.98,-193.10,123,SMA Buy,47.84,1.99days
27/09/2024 17:08:00,buy,0.02,GBPUSD,1.34073,03/10/2024 10:06:14,1.31561,0.00,-0.27,-251.20,-50.51,0.00,0.00,-50.51,-251.20,123,SMA Buy,136.97,5.71days
30/09/2024 11:09:34,sell,0.03,EURCHF,0.94229,01/10/2024 16:37:00,0.93606,0.00,-0.39,62.30,21.71,21.71,62.30,0.00,0.00,234,SMA Sell,29.46,1.23days
30/09/2024 12:00:38,sell,0.05,EURCHF,0.94468,01/10/2024 16:37:00,0.93607,0.00,-0.66,86.10,50.24,50.24,86.10,0.00,0.00,234,SMA Sell,28.61,1.19days
30/09/2024 04:35:45,sell,0.02,EURCHF,0.93912,01/10/2024 16:36:59,0.93607,0.00,-0.26,30.50,6.95,6.95,30.50,0.00,0.00,234,SMA Sell,36.02,1.50days
25/09/2024 16:05:12,sell,0.02,AUDNZD,1.08824,27/09/2024 15:59:48,1.08996,0.00,-0.08,-17.20,-2.26,0.00,0.00,-2.26,-17.20,234,SMA Sell,47.91,2.00days
26/09/2024 03:15:31,sell,0.03,AUDNZD,1.09052,27/09/2024 15:59:48,1.08996,0.00,-0.03,5.60,1.04,1.04,5.60,0.00,0.00,234,SMA Sell,36.74,1.53days
26/09/2024 19:01:51,buy,0.02,GBPCHF,1.13667,27/09/2024 15:59:47,1.12870,0.00,0.19,-79.70,-18.77,0.00,0.00,-18.77,-79.70,123,SMA Buy,20.97,20.97hrs
26/09/2024 21:11:18,sell,0.02,EURAUD,1.62038,27/09/2024 15:59:47,1.61738,0.00,-0.02,30.00,4.14,4.14,30.00,0.00,0.00,234,SMA Sell,18.81,18.81hrs
26/09/2024 04:44:58,sell,0.05,AUDNZD,1.09223,27/09/2024 15:59:47,1.08996,0.00,-0.05,22.70,7.16,7.16,22.70,0.00,0.00,234,SMA Sell,35.25,1.47days
26/09/2024 22:07:27,buy,0.02,XAUUSD,2677.47000,27/09/2024 15:59:46,2669.92000,0.00,-0.81,-75.50,-15.91,0.00,0.00,-15.91,-75.50,123,SMA Buy,17.87,17.87hrs
27/09/2024 03:35:21,sell,0.03,EURAUD,1.62226,27/09/2024 15:59:46,1.61739,0.00,0.00,48.70,10.11,10.11,48.70,0.00,0.00,234,SMA Sell,12.41,12.41hrs
27/09/2024 05:31:46,sell,0.05,EURAUD,1.62387,27/09/2024 15:59:46,1.61738,0.00,0.00,64.90,22.47,22.47,64.90,0.00,0.00,234,SMA Sell,10.47,10.47hrs
27/09/2024 10:37:16,buy,0.03,GBPCHF,1.12925,27/09/2024 15:59:45,1.12871,0.00,0.00,-5.40,-1.93,0.00,0.00,-1.93,-5.40,123,SMA Buy,5.37,5.37hrs
26/09/2024 14:22:17,buy,0.03,EURJPY,160.95000,27/09/2024 04:36:02,162.38800,0.00,0.11,143.80,29.78,29.78,143.80,0.00,0.00,123,SMA Buy,14.23,14.23hrs
25/09/2024 16:02:55,buy,0.02,EURJPY,161.49900,27/09/2024 04:36:01,162.38800,0.00,0.29,88.90,12.51,12.51,88.90,0.00,0.00,123,SMA Buy,36.55,1.52days
25/09/2024 16:32:38,buy,0.02,XAUUSD,2663.09000,26/09/2024 21:10:55,2671.28000,0.00,-2.43,81.90,13.95,13.95,81.90,0.00,0.00,123,SMA Buy,28.64,1.19days
25/09/2024 19:29:12,buy,0.05,GBPUSD,1.33339,26/09/2024 19:01:50,1.34206,0.00,-0.38,86.70,42.97,42.97,86.70,0.00,0.00,123,SMA Buy,23.54,23.54hrs
25/09/2024 22:27:17,buy,0.07,GBPUSD,1.33187,26/09/2024 19:01:50,1.34206,0.00,-0.53,101.90,70.80,70.80,101.90,0.00,0.00,123,SMA Buy,20.58,20.58hrs
25/09/2024 16:02:52,buy,0.02,GBPUSD,1.34032,26/09/2024 19:01:49,1.34209,0.00,-0.15,17.70,3.39,3.39,17.70,0.00,0.00,123,SMA Buy,26.98,1.12days
25/09/2024 18:27:44,buy,0.03,GBPUSD,1.33539,26/09/2024 19:01:49,1.34206,0.00,-0.23,66.70,19.78,19.78,66.70,0.00,0.00,123,SMA Buy,24.57,1.02days
23/09/2024 23:33:51,sell,0.02,EURCAD,1.50199,25/09/2024 14:55:06,1.50463,0.00,-0.06,-26.40,-3.99,0.00,0.00,-3.99,-26.40,234,SMA Sell,39.35,1.64days
20/09/2024 16:33:32,buy,0.02,USDJPY,143.83900,25/09/2024 14:55:06,144.33900,0.00,0.24,50.00,7.17,7.17,50.00,0.00,0.00,123,SMA Buy,118.36,4.93days
23/09/2024 10:20:15,buy,0.03,USDJPY,143.68500,25/09/2024 14:55:05,144.33800,0.00,0.38,65.30,13.95,13.95,65.30,0.00,0.00,123,SMA Buy,52.58,2.19days
23/09/2024 11:26:37,buy,0.05,USDJPY,143.48400,25/09/2024 14:55:05,144.33300,0.00,0.62,84.90,30.03,30.03,84.90,0.00,0.00,123,SMA Buy,51.47,2.14days
24/09/2024 19:14:27,buy,0.02,NZDCAD,0.85181,25/09/2024 14:55:04,0.84869,0.00,-0.01,-31.20,-4.65,0.00,0.00,-4.65,-31.20,123,SMA Buy,19.68,19.68hrs
25/09/2024 01:11:53,buy,0.02,XAUUSD,2658.19000,25/09/2024 14:55:04,2657.29000,0.00,0.00,-9.00,-1.80,0.00,0.00,-1.80,-9.00,123,SMA Buy,13.72,13.72hrs
24/09/2024 10:49:44,sell,0.03,EURCAD,1.50421,25/09/2024 14:55:04,1.50463,0.00,-0.05,-4.20,-0.98,0.00,0.00,-0.98,-4.20,234,SMA Sell,28.09,1.17days
23/09/2024 11:14:55,buy,0.03,EURCHF,0.94379,25/09/2024 14:36:42,0.94954,0.00,0.20,57.50,20.52,20.52,57.50,0.00,0.00,123,SMA Buy,51.36,2.14days
20/09/2024 10:43:48,buy,0.02,EURCHF,0.94594,25/09/2024 14:36:41,0.94964,0.00,0.21,37.00,8.93,8.93,37.00,0.00,0.00,123,SMA Buy,123.88,5.16days
23/09/2024 19:49:58,buy,0.05,EURCHF,0.94193,25/09/2024 14:36:41,0.94960,0.00,0.33,76.70,45.51,45.51,76.70,0.00,0.00,123,SMA Buy,42.78,1.78days
24/09/2024 19:22:42,buy,0.02,XAUUSD,2648.37000,24/09/2024 21:35:44,2656.28000,0.00,0.00,79.10,15.82,15.82,79.10,0.00,0.00,123,SMA Buy,2.22,2.22hrs
24/09/2024 13:36:22,buy,0.02,XAUUSD,2634.13000,24/09/2024 19:14:17,2649.68000,0.00,0.00,155.50,31.10,31.10,155.50,0.00,0.00,123,SMA Buy,5.63,5.63hrs
19/09/2024 07:21:18,buy,0.02,NZDUSD,0.62152,24/09/2024 17:37:18,0.63141,0.00,-0.10,98.90,19.68,19.68,98.90,0.00,0.00,123,SMA Buy,130.27,5.43days
20/09/2024 19:00:27,buy,0.02,XAUUSD,2623.04000,23/09/2024 23:33:31,2627.52000,0.00,-0.81,44.80,8.15,8.15,44.80,0.00,0.00,123,SMA Buy,76.55,3.19days
19/09/2024 01:26:26,sell,0.02,EURAUD,1.64332,23/09/2024 11:32:26,1.63063,0.00,-0.02,126.90,17.25,17.25,126.90,0.00,0.00,234,SMA Sell,106.10,4.42days
20/09/2024 17:33:46,buy,0.02,XAUUSD,2614.17000,20/09/2024 18:53:08,2620.18000,0.00,0.00,60.10,12.02,12.02,60.10,0.00,0.00,123,SMA Buy,1.32,1.32hrs
20/09/2024 11:30:16,buy,0.02,XAUUSD,2609.92000,20/09/2024 16:32:29,2610.17000,0.00,0.00,2.50,0.50,0.50,2.50,0.00,0.00,123,SMA Buy,5.04,5.04hrs
20/09/2024 04:13:08,buy,0.03,CHFJPY,167.97800,20/09/2024 12:06:01,169.63700,0.00,0.00,165.90,34.62,34.62,165.90,0.00,0.00,123,SMA Buy,7.88,7.88hrs
19/09/2024 05:09:39,buy,0.02,CHFJPY,169.09000,20/09/2024 12:06:00,169.63700,0.00,-0.01,54.70,7.60,7.60,54.70,0.00,0.00,123,SMA Buy,30.94,1.29days
19/09/2024 01:15:12,buy,0.02,GBPCAD,1.79719,20/09/2024 10:43:30,1.80726,0.00,-0.03,100.70,14.81,14.81,100.70,0.00,0.00,123,SMA Buy,33.47,1.39days
20/09/2024 05:41:32,buy,0.02,XAUUSD,2592.31000,20/09/2024 10:22:13,2606.61000,0.00,0.00,143.00,28.60,28.60,143.00,0.00,0.00,123,SMA Buy,4.68,4.68hrs
19/09/2024 00:16:24,buy,0.02,EURJPY,158.17200,19/09/2024 05:08:09,159.24500,0.00,0.00,107.30,14.95,14.95,107.30,0.00,0.00,123,SMA Buy,4.86,4.86hrs
09/09/2024 04:10:22,sell,0.03,AUDCHF,0.56381,18/09/2024 22:52:41,0.57194,0.00,-2.34,-81.30,-31.11,0.00,0.00,-31.11,-81.30,234,SMA Sell,234.71,9.78days
06/09/2024 18:47:49,sell,0.02,AUDCHF,0.56225,18/09/2024 22:52:41,0.57194,0.00,-1.73,-96.90,-24.58,0.00,0.00,-24.58,-96.90,234,SMA Sell,292.08,12.17days
09/09/2024 20:14:44,sell,0.05,AUDCHF,0.56564,18/09/2024 22:52:40,0.57194,0.00,-3.94,-63.00,-41.09,0.00,0.00,-41.09,-63.00,234,SMA Sell,218.63,9.11days
11/09/2024 23:12:26,sell,0.07,AUDCHF,0.56908,18/09/2024 22:52:40,0.57194,0.00,-4.27,-28.60,-27.88,0.00,0.00,-27.88,-28.60,234,SMA Sell,167.67,6.99days
12/09/2024 07:09:12,sell,0.10,AUDCHF,0.57064,18/09/2024 22:52:40,0.57194,0.00,-3.49,-13.00,-18.82,0.00,0.00,-18.82,-13.00,234,SMA Sell,159.72,6.66days
06/09/2024 22:48:26,buy,0.02,EURNZD,1.79614,18/09/2024 22:52:39,1.79294,0.00,-1.61,-32.00,-5.57,0.00,0.00,-5.57,-32.00,123,SMA Buy,288.07,12.00days
09/09/2024 04:38:40,buy,0.03,EURNZD,1.79319,18/09/2024 22:52:39,1.79305,0.00,-2.18,-1.40,-2.44,0.00,0.00,-2.44,-1.40,123,SMA Buy,234.23,9.76days
12/09/2024 21:08:07,sell,0.15,AUDCHF,0.57237,18/09/2024 22:52:39,0.57194,0.00,-5.25,4.30,2.36,2.36,4.30,0.00,0.00,234,SMA Sell,145.74,6.07days
12/09/2024 17:53:21,sell,0.05,GBPUSD,1.30796,18/09/2024 22:52:38,1.31814,0.00,-0.59,-101.80,-51.49,0.00,0.00,-51.49,-101.80,234,SMA Sell,148.99,6.21days
12/09/2024 09:01:45,sell,0.03,GBPUSD,1.30502,18/09/2024 22:52:38,1.31813,0.00,-0.34,-131.10,-39.67,0.00,0.00,-39.67,-131.10,234,SMA Sell,157.85,6.58days
11/09/2024 17:40:09,sell,0.02,GBPUSD,1.30095,18/09/2024 22:52:38,1.31813,0.00,-0.42,-171.80,-34.78,0.00,0.00,-34.78,-171.80,234,SMA Sell,173.21,7.22days
12/09/2024 07:51:45,buy,0.05,EURNZD,1.79134,18/09/2024 22:52:38,1.79305,0.00,-1.64,17.10,3.65,3.65,17.10,0.00,0.00,123,SMA Buy,159.01,6.63days
12/09/2024 20:59:37,sell,0.07,GBPUSD,1.30987,18/09/2024 22:52:37,1.31814,0.00,-0.84,-82.70,-58.73,0.00,0.00,-58.73,-82.70,234,SMA Sell,145.88,6.08days
16/09/2024 06:38:30,sell,0.10,GBPUSD,1.31539,18/09/2024 22:52:37,1.31814,0.00,-0.62,-27.50,-28.12,0.00,0.00,-28.12,-27.50,234,SMA Sell,64.24,2.68days
16/09/2024 10:42:56,sell,0.15,GBPUSD,1.31695,18/09/2024 22:52:36,1.31814,0.00,-0.93,-11.90,-18.78,0.00,0.00,-18.78,-11.90,234,SMA Sell,60.16,2.51days
16/09/2024 11:59:26,sell,0.23,GBPUSD,1.31889,18/09/2024 22:52:36,1.31814,0.00,-1.43,7.50,15.82,15.82,7.50,0.00,0.00,234,SMA Sell,58.89,2.45days
17/09/2024 00:16:43,sell,0.34,GBPUSD,1.32135,18/09/2024 22:52:36,1.31814,0.00,-1.15,32.10,107.99,107.99,32.10,0.00,0.00,234,SMA Sell,46.60,1.94days
09/09/2024 09:24:16,buy,0.02,USDCAD,1.35664,18/09/2024 22:52:35,1.36194,0.00,0.28,53.00,8.06,8.06,53.00,0.00,0.00,123,SMA Buy,229.47,9.56days
09/09/2024 19:46:11,buy,0.03,USDCAD,1.35495,18/09/2024 22:52:35,1.36192,0.00,0.45,69.70,15.80,15.80,69.70,0.00,0.00,123,SMA Buy,219.11,9.13days
18/09/2024 14:24:47,buy,0.07,EURNZD,1.78678,18/09/2024 22:52:35,1.79306,0.00,0.00,62.80,27.21,27.21,62.80,0.00,0.00,123,SMA Buy,8.46,8.46hrs
18/09/2024 21:46:17,buy,0.02,XAUUSD,2582.94000,18/09/2024 22:52:34,2547.65000,0.00,0.00,-352.90,-70.58,0.00,0.00,-70.58,-352.90,123,SMA Buy,1.10,1.10hrs
18/09/2024 21:24:51,sell,0.51,GBPUSD,1.32762,18/09/2024 22:52:34,1.31814,0.00,0.00,94.80,483.48,483.48,94.80,0.00,0.00,234,SMA Sell,1.46,1.46hrs
16/09/2024 19:46:10,buy,0.02,XAUUSD,2582.99000,18/09/2024 21:11:06,2590.25000,0.00,-1.64,72.60,12.88,12.88,72.60,0.00,0.00,123,SMA Buy,49.42,2.06days
17/09/2024 23:24:07,buy,0.03,XAUUSD,2569.78000,18/09/2024 21:11:06,2590.25000,0.00,-1.21,204.70,60.20,60.20,204.70,0.00,0.00,123,SMA Buy,21.78,21.78hrs
13/09/2024 16:26:34,buy,0.02,XAUUSD,2580.24000,16/09/2024 11:08:51,2582.06000,0.00,-0.83,18.20,2.81,2.81,18.20,0.00,0.00,123,SMA Buy,66.70,2.78days
12/09/2024 20:03:09,buy,0.02,XAUUSD,2553.13000,13/09/2024 14:47:38,2565.79000,0.00,-0.83,126.60,24.49,24.49,126.60,0.00,0.00,123,SMA Buy,18.74,18.74hrs
11/09/2024 03:51:40,sell,0.02,CHFJPY,168.02500,11/09/2024 17:40:08,166.76200,0.00,0.00,126.30,17.86,17.86,126.30,0.00,0.00,234,SMA Sell,13.81,13.81hrs
09/09/2024 13:02:39,sell,0.03,CHFJPY,169.31000,11/09/2024 03:36:44,167.97200,0.00,-0.46,133.80,27.77,27.77,133.80,0.00,0.00,234,SMA Sell,38.57,1.61days
06/09/2024 18:47:46,sell,0.02,CHFJPY,168.65600,11/09/2024 03:36:43,167.97200,0.00,-0.47,68.40,9.15,9.15,68.40,0.00,0.00,234,SMA Sell,104.82,4.37days
04/09/2024 18:15:47,sell,0.02,AUDCAD,0.90958,06/09/2024 17:39:04,0.90803,0.00,-0.20,15.50,2.10,2.10,15.50,0.00,0.00,234,SMA Sell,47.39,1.97days
06/09/2024 08:30:01,buy,0.02,EURCAD,1.50020,06/09/2024 17:39:03,1.50162,0.00,0.00,14.20,2.10,2.10,14.20,0.00,0.00,123,SMA Buy,9.15,9.15hrs
05/09/2024 09:37:29,sell,0.02,CHFJPY,169.27500,06/09/2024 17:39:03,168.97600,0.00,-0.15,29.90,4.05,4.05,29.90,0.00,0.00,234,SMA Sell,32.03,1.33days
04/09/2024 19:37:14,sell,0.02,NZDCHF,0.52557,06/09/2024 17:39:03,0.52332,0.00,-0.79,22.50,4.55,4.55,22.50,0.00,0.00,234,SMA Sell,46.03,1.92days
06/09/2024 15:47:27,buy,0.02,XAUUSD,2523.11000,06/09/2024 17:39:02,2508.80000,0.00,0.00,-143.10,-28.62,0.00,0.00,-28.62,-143.10,123,SMA Buy,1.86,1.86hrs
06/09/2024 17:05:22,buy,0.03,XAUUSD,2506.63000,06/09/2024 17:39:02,2508.79000,0.00,0.00,21.60,6.48,6.48,21.60,0.00,0.00,123,SMA Buy,0.56,0.56hrs
06/09/2024 17:13:00,buy,0.05,XAUUSD,2506.61000,06/09/2024 17:39:02,2508.79000,0.00,0.00,21.80,10.90,10.90,21.80,0.00,0.00,123,SMA Buy,0.43,0.43hrs
06/09/2024 17:29:25,buy,0.07,XAUUSD,2505.03000,06/09/2024 17:39:01,2508.89000,0.00,0.00,38.60,27.02,27.02,38.60,0.00,0.00,123,SMA Buy,0.16,0.16hrs
06/09/2024 17:31:22,buy,0.10,XAUUSD,2501.99000,06/09/2024 17:39:01,2508.95000,0.00,0.00,69.60,69.60,69.60,69.60,0.00,0.00,123,SMA Buy,0.13,0.13hrs
06/09/2024 17:31:53,buy,0.15,XAUUSD,2501.32000,06/09/2024 17:39:01,2508.95000,0.00,0.00,76.30,114.45,114.45,76.30,0.00,0.00,123,SMA Buy,0.12,0.12hrs
06/09/2024 13:24:07,buy,0.02,XAUUSD,2519.73000,06/09/2024 15:45:26,2523.10000,0.00,0.00,33.70,6.74,6.74,33.70,0.00,0.00,123,SMA Buy,2.36,2.36hrs
04/09/2024 18:16:04,sell,0.02,EURJPY,159.83200,05/09/2024 09:37:19,158.74300,0.00,-1.01,108.90,14.20,14.20,108.90,0.00,0.00,234,SMA Sell,15.35,15.35hrs
26/08/2024 18:06:29,buy,0.02,AUDUSD,0.67780,04/09/2024 17:05:53,0.67381,0.00,-0.81,-39.90,-8.79,0.00,0.00,-8.79,-39.90,123,SMA Buy,214.99,8.96days
30/08/2024 18:52:06,buy,0.03,AUDUSD,0.67623,04/09/2024 17:05:52,0.67384,0.00,-0.42,-23.90,-7.59,0.00,0.00,-7.59,-23.90,123,SMA Buy,118.23,4.93days
23/08/2024 16:48:17,buy,0.03,GBPCAD,1.78046,04/09/2024 17:05:51,1.77714,0.00,-0.48,-33.20,-7.85,0.00,0.00,-7.85,-33.20,123,SMA Buy,288.29,12.01days
23/08/2024 06:13:03,buy,0.02,GBPCAD,1.78203,04/09/2024 17:05:51,1.77716,0.00,-0.32,-48.70,-7.53,0.00,0.00,-7.53,-48.70,123,SMA Buy,298.88,12.45days
26/08/2024 16:52:12,buy,0.05,GBPCAD,1.77853,04/09/2024 17:05:51,1.77714,0.00,-0.81,-13.90,-5.95,0.00,0.00,-5.95,-13.90,123,SMA Buy,216.23,9.01days
28/08/2024 19:20:00,buy,0.07,GBPCAD,1.77624,04/09/2024 17:05:50,1.77720,0.00,-0.84,9.60,4.13,4.13,9.60,0.00,0.00,123,SMA Buy,165.76,6.91days
29/08/2024 13:16:15,buy,0.10,GBPCAD,1.77403,04/09/2024 17:05:50,1.77720,0.00,-0.51,31.70,22.95,22.95,31.70,0.00,0.00,123,SMA Buy,147.83,6.16days
30/08/2024 17:28:55,buy,0.15,GBPCAD,1.77251,04/09/2024 17:05:50,1.77724,0.00,-0.77,47.30,51.73,51.73,47.30,0.00,0.00,123,SMA Buy,119.62,4.98days
29/08/2024 04:16:19,buy,0.02,NZDJPY,90.67400,04/09/2024 17:05:49,89.58400,0.00,0.24,-109.00,-14.86,0.00,0.00,-14.86,-109.00,123,SMA Buy,156.82,6.53days
27/08/2024 16:48:48,sell,0.02,USDCAD,1.34705,04/09/2024 17:05:49,1.35157,0.00,-0.82,-45.20,-7.51,0.00,0.00,-7.51,-45.20,234,SMA Sell,192.28,8.01days
29/08/2024 16:37:10,sell,0.03,USDCAD,1.34859,04/09/2024 17:05:49,1.35157,0.00,-0.91,-29.80,-7.52,0.00,0.00,-7.52,-29.80,234,SMA Sell,144.48,6.02days
30/08/2024 16:13:26,sell,0.05,USDCAD,1.35049,04/09/2024 17:05:48,1.35157,0.00,-0.50,-10.80,-4.50,0.00,0.00,-4.50,-10.80,234,SMA Sell,120.87,5.04days
03/09/2024 07:14:21,buy,0.05,AUDUSD,0.67392,04/09/2024 17:05:48,0.67384,0.00,-0.23,-0.80,-0.63,0.00,0.00,-0.63,-0.80,123,SMA Buy,33.86,1.41days
03/09/2024 06:19:36,sell,0.07,USDCAD,1.35201,04/09/2024 17:05:48,1.35157,0.00,-0.35,4.40,1.93,1.93,4.40,0.00,0.00,234,SMA Sell,34.77,1.45days
03/09/2024 17:15:48,buy,0.03,NZDJPY,90.02200,04/09/2024 17:05:46,89.58600,0.00,0.12,-43.60,-8.94,0.00,0.00,-8.94,-43.60,123,SMA Buy,23.83,23.83hrs
03/09/2024 17:33:25,buy,0.07,AUDUSD,0.67190,04/09/2024 17:05:46,0.67378,0.00,-0.32,18.80,12.84,12.84,18.80,0.00,0.00,123,SMA Buy,23.54,23.54hrs
03/09/2024 13:29:37,sell,0.10,USDCAD,1.35395,04/09/2024 17:05:46,1.35165,0.00,-0.50,23.00,16.52,16.52,23.00,0.00,0.00,234,SMA Sell,27.60,1.15days
04/09/2024 04:01:07,buy,0.05,NZDJPY,89.63300,04/09/2024 17:05:45,89.57900,0.00,0.00,-5.40,-1.87,0.00,0.00,-1.87,-5.40,123,SMA Buy,13.08,13.08hrs
04/09/2024 04:04:09,buy,0.10,AUDUSD,0.66925,04/09/2024 17:05:45,0.67377,0.00,0.00,45.20,45.20,45.20,45.20,0.00,0.00,123,SMA Buy,13.03,13.03hrs
04/09/2024 12:03:23,sell,0.15,USDCAD,1.35586,04/09/2024 17:05:44,1.35176,0.00,0.00,41.00,45.50,45.50,41.00,0.00,0.00,234,SMA Sell,5.04,5.04hrs
04/09/2024 09:59:15,sell,0.02,XAUUSD,2484.38000,04/09/2024 12:57:33,2483.20000,0.00,0.00,11.80,2.36,2.36,11.80,0.00,0.00,234,SMA Sell,2.97,2.97hrs
03/09/2024 15:05:15,sell,0.02,XAUUSD,2487.98000,03/09/2024 17:05:03,2481.61000,0.00,0.00,63.70,12.74,12.74,63.70,0.00,0.00,234,SMA Sell,2.00,2.00hrs
28/08/2024 08:32:50,sell,0.02,EURNZD,1.78775,29/08/2024 04:15:15,1.77299,0.00,0.07,147.60,18.61,18.61,147.60,0.00,0.00,234,SMA Sell,19.71,19.71hrs
26/08/2024 06:36:26,sell,0.03,EURNZD,1.79888,28/08/2024 07:39:06,1.78780,0.00,0.04,110.80,20.81,20.81,110.80,0.00,0.00,234,SMA Sell,49.04,2.04days
26/08/2024 10:04:26,sell,0.05,EURNZD,1.80102,28/08/2024 07:39:06,1.78780,0.00,0.08,132.20,41.37,41.37,132.20,0.00,0.00,234,SMA Sell,45.58,1.90days
26/08/2024 01:40:17,sell,0.02,EURNZD,1.79737,28/08/2024 07:39:05,1.78780,0.00,0.04,95.70,12.00,12.00,95.70,0.00,0.00,234,SMA Sell,53.98,2.25days
23/08/2024 06:12:30,sell,0.02,USDCHF,0.85125,27/08/2024 16:22:46,0.84544,0.00,-0.66,58.10,13.08,13.08,58.10,0.00,0.00,234,SMA Sell,106.17,4.42days
23/08/2024 16:22:29,sell,0.03,USDCHF,0.85289,27/08/2024 16:22:46,0.84544,0.00,-1.00,74.50,25.44,25.44,74.50,0.00,0.00,234,SMA Sell,96.00,4.00days
23/08/2024 10:52:12,sell,0.02,USDCAD,1.35926,26/08/2024 18:06:23,1.34787,0.00,-0.11,113.90,16.79,16.79,113.90,0.00,0.00,234,SMA Sell,79.24,3.30days
23/08/2024 06:12:37,sell,0.02,EURNZD,1.80822,26/08/2024 01:10:38,1.79628,0.00,0.02,119.40,14.90,14.90,119.40,0.00,0.00,234,SMA Sell,66.97,2.79days
21/08/2024 22:43:12,buy,0.02,EURCAD,1.51640,23/08/2024 05:05:50,1.51286,0.00,-0.48,-35.40,-5.69,0.00,0.00,-5.69,-35.40,123,SMA Buy,30.38,1.27days
22/08/2024 10:35:14,buy,0.03,EURCAD,1.51144,23/08/2024 05:05:50,1.51286,0.00,-0.18,14.20,2.95,2.95,14.20,0.00,0.00,123,SMA Buy,18.51,18.51hrs
21/08/2024 22:43:31,sell,0.02,USDJPY,144.94800,23/08/2024 05:05:49,145.42200,0.00,-1.41,-47.40,-7.93,0.00,0.00,-7.93,-47.40,234,SMA Sell,30.37,1.27days
21/08/2024 22:43:14,buy,0.02,NZDUSD,0.61607,23/08/2024 05:05:49,0.61530,0.00,-0.17,-7.70,-1.71,0.00,0.00,-1.71,-7.70,123,SMA Buy,30.38,1.27days
22/08/2024 03:39:04,sell,0.02,EURCHF,0.94936,23/08/2024 05:05:49,0.94670,0.00,-0.25,26.60,6.00,6.00,26.60,0.00,0.00,234,SMA Sell,25.45,1.06days
22/08/2024 04:39:13,sell,0.03,USDJPY,145.54100,23/08/2024 05:05:48,145.43100,0.00,-0.53,11.00,1.74,1.74,11.00,0.00,0.00,234,SMA Sell,24.44,1.02days
22/08/2024 12:17:32,sell,0.05,USDJPY,145.70800,23/08/2024 05:05:48,145.42800,0.00,-0.88,28.00,8.75,8.75,28.00,0.00,0.00,234,SMA Sell,16.80,16.80hrs
22/08/2024 14:14:42,sell,0.07,USDJPY,145.90300,23/08/2024 05:05:48,145.42800,0.00,-1.23,47.50,21.63,21.63,47.50,0.00,0.00,234,SMA Sell,14.85,14.85hrs
22/08/2024 14:41:10,sell,0.10,USDJPY,146.08600,23/08/2024 05:05:47,145.42500,0.00,-1.76,66.10,43.69,43.69,66.10,0.00,0.00,234,SMA Sell,14.41,14.41hrs
22/08/2024 16:45:36,sell,0.15,USDJPY,146.40300,23/08/2024 05:05:47,145.43300,0.00,-2.64,97.00,97.41,97.41,97.00,0.00,0.00,234,SMA Sell,12.34,12.34hrs
22/08/2024 17:32:32,buy,0.03,NZDUSD,0.61353,23/08/2024 05:05:46,0.61535,0.00,-0.07,18.20,5.39,5.39,18.20,0.00,0.00,123,SMA Buy,11.55,11.55hrs
19/08/2024 11:44:01,sell,0.02,EURAUD,1.65043,21/08/2024 21:36:41,1.65293,0.00,-0.06,-25.00,-3.44,0.00,0.00,-3.44,-25.00,234,SMA Sell,57.88,2.41days
19/08/2024 12:12:20,buy,0.02,NZDCHF,0.52502,21/08/2024 21:36:40,0.52481,0.00,0.20,-2.10,-0.29,0.00,0.00,-0.29,-2.10,123,SMA Buy,57.41,2.39days
19/08/2024 19:53:23,sell,0.02,USDCAD,1.36495,21/08/2024 21:36:40,1.35814,0.00,-0.22,68.10,9.81,9.81,68.10,0.00,0.00,234,SMA Sell,49.72,2.07days
19/08/2024 11:44:14,buy,0.02,GBPCAD,1.77284,21/08/2024 21:36:40,1.78007,0.00,-0.10,72.30,10.55,10.55,72.30,0.00,0.00,123,SMA Buy,57.87,2.41days
21/08/2024 08:48:46,buy,0.02,XAUUSD,2517.35000,21/08/2024 21:36:39,2516.39000,0.00,0.00,-9.60,-1.92,0.00,0.00,-1.92,-9.60,123,SMA Buy,12.80,12.80hrs
21/08/2024 17:00:01,buy,0.03,XAUUSD,2502.05000,21/08/2024 21:36:39,2516.39000,0.00,0.00,143.40,43.02,43.02,143.40,0.00,0.00,123,SMA Buy,4.61,4.61hrs
21/08/2024 17:01:28,buy,0.05,XAUUSD,2498.90000,21/08/2024 21:36:39,2516.38000,0.00,0.00,174.80,87.40,87.40,174.80,0.00,0.00,123,SMA Buy,4.59,4.59hrs
21/08/2024 19:30:54,sell,0.03,EURAUD,1.65254,21/08/2024 21:36:38,1.65299,0.00,0.00,-4.50,-0.91,0.00,0.00,-0.91,-4.50,234,SMA Sell,2.10,2.10hrs
19/08/2024 12:02:01,buy,0.02,XAUUSD,2503.76000,19/08/2024 19:53:13,2505.37000,0.00,0.00,16.10,3.22,3.22,16.10,0.00,0.00,123,SMA Buy,7.85,7.85hrs
19/08/2024 13:36:06,buy,0.03,XAUUSD,2493.92000,19/08/2024 19:53:13,2505.45000,0.00,0.00,115.30,34.59,34.59,115.30,0.00,0.00,123,SMA Buy,6.29,6.29hrs
16/08/2024 05:14:20,buy,0.03,EURNZD,1.82905,19/08/2024 10:38:16,1.81822,0.00,-0.25,-108.30,-19.98,0.00,0.00,-19.98,-108.30,123,SMA Buy,77.40,3.22days
16/08/2024 01:36:47,buy,0.02,EURNZD,1.83409,19/08/2024 10:38:16,1.81822,0.00,-0.17,-158.70,-19.45,0.00,0.00,-19.45,-158.70,123,SMA Buy,81.02,3.38days
16/08/2024 06:55:27,buy,0.05,EURNZD,1.82715,19/08/2024 10:38:15,1.81822,0.00,-0.42,-89.30,-27.53,0.00,0.00,-27.53,-89.30,123,SMA Buy,75.71,3.15days
16/08/2024 08:17:15,buy,0.07,EURNZD,1.82423,19/08/2024 10:38:15,1.81821,0.00,-0.59,-60.20,-26.17,0.00,0.00,-26.17,-60.20,123,SMA Buy,74.35,3.10days
16/08/2024 15:55:16,buy,0.02,GBPCAD,1.77102,19/08/2024 10:38:15,1.77135,0.00,-0.05,3.30,0.43,0.43,3.30,0.00,0.00,123,SMA Buy,66.72,2.78days
19/08/2024 03:54:18,buy,0.02,AUDJPY,98.72200,19/08/2024 10:38:14,97.65500,0.00,0.00,-106.70,-14.61,0.00,0.00,-14.61,-106.70,123,SMA Buy,6.73,6.73hrs
14/08/2024 11:18:20,sell,0.02,USDCAD,1.37099,19/08/2024 10:38:14,1.36728,0.00,-0.54,37.10,4.89,4.89,37.10,0.00,0.00,234,SMA Sell,119.33,4.97days
15/08/2024 16:13:19,sell,0.03,USDCAD,1.37345,19/08/2024 10:38:14,1.36728,0.00,-0.64,61.70,12.90,12.90,61.70,0.00,0.00,234,SMA Sell,90.42,3.77days
19/08/2024 06:44:23,buy,0.05,AUDJPY,97.99900,19/08/2024 10:38:13,97.65200,0.00,0.00,-34.70,-11.88,0.00,0.00,-11.88,-34.70,123,SMA Buy,3.90,3.90hrs
19/08/2024 06:21:20,buy,0.03,AUDJPY,98.17600,19/08/2024 10:38:13,97.65200,0.00,0.00,-52.40,-10.77,0.00,0.00,-10.77,-52.40,123,SMA Buy,4.28,4.28hrs
19/08/2024 05:02:52,buy,0.10,EURNZD,1.81737,19/08/2024 10:38:13,1.81820,0.00,0.00,8.30,5.04,5.04,8.30,0.00,0.00,123,SMA Buy,5.59,5.59hrs
19/08/2024 07:35:42,buy,0.07,AUDJPY,97.81300,19/08/2024 10:38:12,97.65000,0.00,0.00,-16.30,-7.81,0.00,0.00,-7.81,-16.30,123,SMA Buy,3.04,3.04hrs
19/08/2024 07:40:09,buy,0.10,AUDJPY,97.62700,19/08/2024 10:38:12,97.65000,0.00,0.00,2.30,1.58,1.58,2.30,0.00,0.00,123,SMA Buy,2.97,2.97hrs
19/08/2024 07:19:29,buy,0.15,EURNZD,1.81526,19/08/2024 10:38:12,1.81820,0.00,0.00,29.40,26.78,26.78,29.40,0.00,0.00,123,SMA Buy,3.31,3.31hrs
19/08/2024 08:31:58,buy,0.15,AUDJPY,97.45100,19/08/2024 10:38:11,97.64700,0.00,0.00,19.60,20.12,20.12,19.60,0.00,0.00,123,SMA Buy,2.10,2.10hrs
19/08/2024 08:34:40,buy,0.23,AUDJPY,97.29200,19/08/2024 10:38:11,97.64700,0.00,0.00,35.50,55.90,55.90,35.50,0.00,0.00,123,SMA Buy,2.06,2.06hrs
19/08/2024 09:07:54,buy,0.34,AUDJPY,97.06300,19/08/2024 10:38:10,97.64800,0.00,0.00,58.50,136.16,136.16,58.50,0.00,0.00,123,SMA Buy,1.50,1.50hrs
14/08/2024 08:57:44,buy,0.02,AUDCHF,0.57378,19/08/2024 03:54:17,0.57882,0.00,0.34,50.40,11.98,11.98,50.40,0.00,0.00,123,SMA Buy,114.94,4.79days
14/08/2024 11:46:12,buy,0.03,AUDCHF,0.57191,19/08/2024 03:54:17,0.57886,0.00,0.50,69.50,24.56,24.56,69.50,0.00,0.00,123,SMA Buy,112.13,4.67days
14/08/2024 17:45:42,buy,0.05,AUDCHF,0.57040,19/08/2024 03:54:17,0.57886,0.00,0.84,84.60,49.66,49.66,84.60,0.00,0.00,123,SMA Buy,106.14,4.42days
14/08/2024 06:10:15,buy,0.02,GBPCAD,1.76377,16/08/2024 15:43:44,1.77121,0.00,-0.19,74.40,10.64,10.64,74.40,0.00,0.00,123,SMA Buy,57.56,2.40days
15/08/2024 16:11:51,buy,0.03,GBPCAD,1.75856,16/08/2024 15:43:44,1.77121,0.00,-0.07,126.50,27.56,27.56,126.50,0.00,0.00,123,SMA Buy,23.53,23.53hrs
14/08/2024 15:38:27,buy,0.02,XAUUSD,2477.03000,16/08/2024 01:36:42,2455.62000,0.00,-3.40,-214.10,-46.22,0.00,0.00,-46.22,-214.10,123,SMA Buy,33.97,1.42days
15/08/2024 16:02:44,buy,0.03,XAUUSD,2436.46000,16/08/2024 01:36:42,2455.62000,0.00,-1.28,191.60,56.20,56.20,191.60,0.00,0.00,123,SMA Buy,9.57,9.57hrs
14/08/2024 07:16:22,buy,0.02,EURJPY,161.45500,15/08/2024 15:59:00,163.18500,0.00,0.23,173.00,23.45,23.45,173.00,0.00,0.00,123,SMA Buy,32.71,1.36days
06/08/2024 07:08:52,buy,0.02,EURCAD,1.51329,14/08/2024 05:03:04,1.50693,0.00,-0.96,-63.60,-10.24,0.00,0.00,-10.24,-63.60,123,SMA Buy,189.90,7.91days
06/08/2024 14:16:55,buy,0.05,EURCAD,1.50944,14/08/2024 05:03:03,1.50692,0.00,-2.40,-25.20,-11.59,0.00,0.00,-11.59,-25.20,123,SMA Buy,182.77,7.62days
06/08/2024 12:44:57,buy,0.03,EURCAD,1.51099,14/08/2024 05:03:03,1.50692,0.00,-1.44,-40.70,-10.34,0.00,0.00,-10.34,-40.70,123,SMA Buy,184.30,7.68days
06/08/2024 16:57:44,buy,0.07,EURCAD,1.50785,14/08/2024 05:03:03,1.50691,0.00,-3.36,-9.40,-8.16,0.00,0.00,-8.16,-9.40,123,SMA Buy,180.09,7.50days
06/08/2024 19:58:05,buy,0.10,EURCAD,1.50553,14/08/2024 05:03:02,1.50690,0.00,-4.80,13.70,5.20,5.20,13.70,0.00,0.00,123,SMA Buy,177.08,7.38days
06/08/2024 20:56:38,buy,0.15,EURCAD,1.50398,14/08/2024 05:03:02,1.50690,0.00,-7.20,29.20,24.75,24.75,29.20,0.00,0.00,123,SMA Buy,176.11,7.34days
07/08/2024 12:49:41,buy,0.23,EURCAD,1.50083,14/08/2024 05:03:02,1.50690,0.00,-9.65,60.70,92.17,92.17,60.70,0.00,0.00,123,SMA Buy,160.22,6.68days
08/08/2024 08:40:51,sell,0.02,GBPAUD,1.93719,14/08/2024 05:03:01,1.93975,0.00,-0.56,-25.60,-3.96,0.00,0.00,-3.96,-25.60,234,SMA Sell,140.37,5.85days
09/08/2024 18:18:35,sell,0.03,GBPAUD,1.94108,14/08/2024 05:03:01,1.93983,0.00,-0.63,12.50,1.86,1.86,12.50,0.00,0.00,234,SMA Sell,106.74,4.45days
08/08/2024 16:43:26,buy,0.34,EURCAD,1.49753,14/08/2024 05:03:01,1.50690,0.00,-8.16,93.70,224.19,224.19,93.70,0.00,0.00,123,SMA Buy,132.33,5.51days
07/08/2024 03:37:15,sell,0.05,NZDCHF,0.51166,14/08/2024 05:03:00,0.52195,0.00,-3.44,-102.90,-62.89,0.00,0.00,-62.89,-102.90,234,SMA Sell,169.43,7.06days
07/08/2024 02:02:26,sell,0.03,NZDCHF,0.50976,14/08/2024 05:03:00,0.52195,0.00,-2.09,-121.90,-44.34,0.00,0.00,-44.34,-121.90,234,SMA Sell,171.01,7.13days
06/08/2024 07:33:31,sell,0.02,NZDCHF,0.50818,14/08/2024 05:03:00,0.52195,0.00,-1.59,-137.70,-33.41,0.00,0.00,-33.41,-137.70,234,SMA Sell,189.49,7.90days
07/08/2024 04:47:28,sell,0.10,NZDCHF,0.51511,14/08/2024 05:02:59,0.52195,0.00,-6.92,-68.40,-85.96,0.00,0.00,-85.96,-68.40,234,SMA Sell,168.26,7.01days
07/08/2024 04:35:34,sell,0.07,NZDCHF,0.51340,14/08/2024 05:02:59,0.52195,0.00,-4.84,-85.50,-73.99,0.00,0.00,-73.99,-85.50,234,SMA Sell,168.46,7.02days
07/08/2024 12:37:51,sell,0.15,NZDCHF,0.51844,14/08/2024 05:02:59,0.52195,0.00,-10.37,-35.10,-71.21,0.00,0.00,-71.21,-35.10,234,SMA Sell,160.42,6.68days
08/08/2024 18:44:00,sell,0.23,NZDCHF,0.51999,14/08/2024 05:02:58,0.52195,0.00,-9.07,-19.60,-61.16,0.00,0.00,-61.16,-19.60,234,SMA Sell,130.32,5.43days
09/08/2024 05:27:46,sell,0.34,NZDCHF,0.52207,14/08/2024 05:02:58,0.52195,0.00,-10.05,1.20,-5.34,0.00,1.20,-5.34,0.00,234,SMA Sell,119.59,4.98days
12/08/2024 22:58:36,buy,0.02,XAUUSD,2471.14000,14/08/2024 05:02:57,2463.56000,0.00,-1.70,-75.80,-16.86,0.00,0.00,-16.86,-75.80,123,SMA Buy,30.07,1.25days
09/08/2024 09:01:20,buy,0.02,NZDUSD,0.60264,14/08/2024 05:02:57,0.60283,0.00,-0.12,1.90,0.26,0.26,1.90,0.00,0.00,123,SMA Buy,116.03,4.83days
09/08/2024 15:38:22,buy,0.03,NZDUSD,0.60106,14/08/2024 05:02:57,0.60280,0.00,-0.21,17.40,5.01,5.01,17.40,0.00,0.00,123,SMA Buy,109.41,4.56days
13/08/2024 09:19:47,sell,0.05,GBPAUD,1.94282,14/08/2024 05:02:56,1.93980,0.00,-0.35,30.20,9.66,9.66,30.20,0.00,0.00,234,SMA Sell,19.72,19.72hrs
13/08/2024 09:50:57,sell,0.51,NZDCHF,0.52360,14/08/2024 05:02:56,0.52189,0.00,-5.03,17.10,95.74,95.74,17.10,0.00,0.00,234,SMA Sell,19.20,19.20hrs
13/08/2024 20:26:38,sell,0.77,NZDCHF,0.52520,14/08/2024 05:02:56,0.52189,0.00,-7.60,33.10,286.91,286.91,33.10,0.00,0.00,234,SMA Sell,8.61,8.61hrs
12/08/2024 12:53:54,buy,0.02,XAUUSD,2442.76000,12/08/2024 17:43:06,2450.81000,0.00,0.00,80.50,16.10,16.10,80.50,0.00,0.00,123,SMA Buy,4.82,4.82hrs
12/08/2024 07:04:15,buy,0.02,XAUUSD,2429.22000,12/08/2024 12:23:18,2443.15000,0.00,0.00,139.30,27.86,27.86,139.30,0.00,0.00,123,SMA Buy,5.32,5.32hrs
08/08/2024 13:54:53,sell,0.02,EURNZD,1.82312,09/08/2024 08:56:46,1.81160,0.00,0.03,115.20,13.92,13.92,115.20,0.00,0.00,234,SMA Sell,19.03,19.03hrs
07/08/2024 20:43:56,sell,0.02,XAUUSD,2393.04000,08/08/2024 13:46:28,2401.96000,0.00,1.49,-89.20,-16.35,0.00,0.00,-16.35,-89.20,234,SMA Sell,17.04,17.04hrs
06/08/2024 17:58:39,sell,0.02,GBPCAD,1.75461,08/08/2024 08:40:42,1.74387,0.00,-0.53,107.40,15.10,15.10,107.40,0.00,0.00,234,SMA Sell,38.70,1.61days
07/08/2024 06:44:58,sell,0.05,USDJPY,147.28800,08/08/2024 02:45:19,145.87900,0.00,-3.46,140.90,44.83,44.83,140.90,0.00,0.00,234,SMA Sell,20.01,20.01hrs
07/08/2024 07:29:31,sell,0.07,USDJPY,147.74200,08/08/2024 02:45:19,145.86900,0.00,-4.84,187.30,85.04,85.04,187.30,0.00,0.00,234,SMA Sell,19.26,19.26hrs
06/08/2024 13:31:36,sell,0.02,USDJPY,144.94700,08/08/2024 02:45:18,145.86800,0.00,-1.78,-92.10,-14.41,0.00,0.00,-14.41,-92.10,234,SMA Sell,37.23,1.55days
07/08/2024 06:27:24,sell,0.03,USDJPY,147.09400,08/08/2024 02:45:18,145.86900,0.00,-2.07,122.50,23.12,23.12,122.50,0.00,0.00,234,SMA Sell,20.30,20.30hrs
06/08/2024 23:54:20,sell,0.02,XAUUSD,2387.83000,07/08/2024 09:36:08,2396.97000,0.00,0.50,-91.40,-17.78,0.00,0.00,-17.78,-91.40,234,SMA Sell,9.70,9.70hrs
06/08/2024 10:10:26,sell,0.02,GBPCAD,1.76417,06/08/2024 17:53:36,1.75443,0.00,0.00,97.40,14.11,14.11,97.40,0.00,0.00,234,SMA Sell,7.72,7.72hrs
05/08/2024 07:13:22,sell,0.02,CADCHF,0.61302,06/08/2024 04:42:25,0.61839,0.00,-0.20,-53.70,-12.77,0.00,0.00,-12.77,-53.70,234,SMA Sell,21.48,21.48hrs
05/08/2024 18:41:36,sell,0.03,CADCHF,0.61579,06/08/2024 04:42:25,0.61839,0.00,-0.29,-26.00,-9.42,0.00,0.00,-9.42,-26.00,234,SMA Sell,10.01,10.01hrs
05/08/2024 19:20:35,sell,0.05,CADCHF,0.61731,06/08/2024 04:42:24,0.61838,0.00,-0.49,-10.70,-6.75,0.00,0.00,-6.75,-10.70,234,SMA Sell,9.36,9.36hrs
01/08/2024 18:59:09,sell,0.02,GBPCAD,1.76783,06/08/2024 04:42:24,1.76592,0.00,-0.26,19.10,2.50,2.50,19.10,0.00,0.00,234,SMA Sell,105.72,4.41days
02/08/2024 14:33:39,sell,0.03,GBPCAD,1.76987,06/08/2024 04:42:24,1.76595,0.00,-0.40,39.20,8.11,8.11,39.20,0.00,0.00,234,SMA Sell,86.15,3.59days
05/08/2024 09:48:25,sell,0.02,USDJPY,142.59500,06/08/2024 04:42:23,144.57600,0.00,-0.40,-198.10,-27.80,0.00,0.00,-27.80,-198.10,234,SMA Sell,18.90,18.90hrs
02/08/2024 16:00:33,sell,0.05,GBPCAD,1.77335,06/08/2024 04:42:23,1.76595,0.00,-0.67,74.00,26.11,26.11,74.00,0.00,0.00,234,SMA Sell,84.70,3.53days
02/08/2024 16:32:34,sell,0.07,GBPCAD,1.77493,06/08/2024 04:42:23,1.76595,0.00,-0.93,89.80,44.57,44.57,89.80,0.00,0.00,234,SMA Sell,84.16,3.51days
02/08/2024 16:58:21,sell,0.10,GBPCAD,1.77653,06/08/2024 04:42:23,1.76595,0.00,-1.32,105.80,75.25,75.25,105.80,0.00,0.00,234,SMA Sell,83.73,3.49days
05/08/2024 19:01:48,sell,0.03,USDJPY,143.93200,06/08/2024 04:42:22,144.57000,0.00,-0.59,-63.80,-13.83,0.00,0.00,-13.83,-63.80,234,SMA Sell,9.68,9.68hrs
05/08/2024 19:09:52,sell,0.05,USDJPY,144.32800,06/08/2024 04:42:22,144.57000,0.00,-0.99,-24.20,-9.36,0.00,0.00,-9.36,-24.20,234,SMA Sell,9.54,9.54hrs
02/08/2024 17:02:03,buy,0.02,XAUUSD,2468.99000,06/08/2024 04:42:21,2414.21000,0.00,-1.70,-547.80,-111.26,0.00,0.00,-111.26,-547.80,123,SMA Buy,83.67,3.49days
05/08/2024 19:25:22,sell,0.07,USDJPY,144.55800,06/08/2024 04:42:21,144.56000,0.00,-1.39,-0.20,-1.49,0.00,0.00,-1.49,-0.20,234,SMA Sell,9.28,9.28hrs
05/08/2024 19:29:52,sell,0.10,USDJPY,144.73400,06/08/2024 04:42:21,144.57900,0.00,-1.98,15.50,8.74,8.74,15.50,0.00,0.00,234,SMA Sell,9.21,9.21hrs
05/08/2024 05:02:03,buy,0.03,XAUUSD,2436.85000,06/08/2024 04:42:20,2414.41000,0.00,-1.28,-224.40,-68.60,0.00,0.00,-68.60,-224.40,123,SMA Buy,23.67,23.67hrs
06/08/2024 02:05:41,sell,0.15,USDJPY,145.15000,06/08/2024 04:42:20,144.56100,0.00,0.00,58.90,61.12,61.12,58.90,0.00,0.00,234,SMA Sell,2.61,2.61hrs
06/08/2024 02:38:51,sell,0.23,USDJPY,145.31500,06/08/2024 04:42:20,144.56100,0.00,0.00,75.40,119.96,119.96,75.40,0.00,0.00,234,SMA Sell,2.06,2.06hrs
06/08/2024 02:52:48,sell,0.34,USDJPY,145.69200,06/08/2024 04:42:19,144.56100,0.00,0.00,113.10,266.01,266.01,113.10,0.00,0.00,234,SMA Sell,1.83,1.83hrs
06/08/2024 03:02:13,sell,0.51,USDJPY,145.90000,06/08/2024 04:42:19,144.56100,0.00,0.00,133.90,472.39,472.39,133.90,0.00,0.00,234,SMA Sell,1.67,1.67hrs
06/08/2024 03:11:39,sell,0.77,USDJPY,146.25500,06/08/2024 04:42:19,144.56100,0.00,0.00,169.40,902.30,902.30,169.40,0.00,0.00,234,SMA Sell,1.51,1.51hrs
06/08/2024 03:54:11,sell,0.07,CADCHF,0.61941,06/08/2024 04:42:18,0.61827,0.00,0.00,11.40,9.34,9.34,11.40,0.00,0.00,234,SMA Sell,0.80,0.80hrs
05/08/2024 09:41:15,sell,1.15,EURNZD,1.84636,05/08/2024 09:48:16,1.84862,0.00,0.00,-22.60,-153.50,0.00,0.00,-153.50,-22.60,234,SMA Sell,0.12,0.12hrs
02/08/2024 15:40:22,sell,0.07,EURNZD,1.82486,05/08/2024 09:48:16,1.84864,0.00,0.11,-237.80,-98.20,0.00,0.00,-98.20,-237.80,234,SMA Sell,66.13,2.76days
02/08/2024 17:58:10,sell,0.15,EURNZD,1.82934,05/08/2024 09:48:15,1.84857,0.00,0.23,-192.30,-170.13,0.00,0.00,-170.13,-192.30,234,SMA Sell,63.83,2.66days
05/08/2024 08:25:01,sell,0.51,EURNZD,1.84326,05/08/2024 09:48:15,1.84864,0.00,0.00,-53.80,-162.05,0.00,0.00,-162.05,-53.80,234,SMA Sell,1.39,1.39hrs
05/08/2024 08:51:37,sell,0.77,EURNZD,1.84486,05/08/2024 09:48:14,1.84842,0.00,0.00,-35.60,-161.90,0.00,0.00,-161.90,-35.60,234,SMA Sell,0.94,0.94hrs
05/08/2024 07:28:40,sell,0.34,EURNZD,1.84096,05/08/2024 09:48:14,1.84842,0.00,0.00,-74.60,-149.80,0.00,0.00,-149.80,-74.60,234,SMA Sell,2.33,2.33hrs
02/08/2024 11:27:45,sell,0.03,EURNZD,1.81854,05/08/2024 09:48:14,1.84842,0.00,0.05,-298.80,-52.89,0.00,0.00,-52.89,-298.80,234,SMA Sell,70.34,2.93days
02/08/2024 17:41:21,sell,0.10,EURNZD,1.82662,05/08/2024 09:48:13,1.84839,0.00,0.15,-217.70,-128.43,0.00,0.00,-128.43,-217.70,234,SMA Sell,64.11,2.67days
05/08/2024 07:12:56,sell,0.23,EURNZD,1.83925,05/08/2024 09:48:13,1.84842,0.00,0.00,-91.70,-124.57,0.00,0.00,-124.57,-91.70,234,SMA Sell,2.59,2.59hrs
02/08/2024 12:09:13,sell,0.05,EURNZD,1.82026,05/08/2024 09:48:13,1.84839,0.00,0.08,-281.30,-82.99,0.00,0.00,-82.99,-281.30,234,SMA Sell,69.65,2.90days
01/08/2024 18:59:03,sell,0.02,EURNZD,1.80973,05/08/2024 09:48:12,1.84839,0.00,0.06,-386.60,-45.60,0.00,0.00,-45.60,-386.60,234,SMA Sell,86.82,3.62days
02/08/2024 15:46:39,sell,0.02,CHFJPY,170.08400,05/08/2024 07:13:21,169.06500,0.00,-0.15,101.90,14.03,14.03,101.90,0.00,0.00,234,SMA Sell,63.45,2.64days
02/08/2024 15:38:58,sell,0.02,USDCHF,0.86689,02/08/2024 17:47:11,0.86080,0.00,0.00,60.90,14.15,14.15,60.90,0.00,0.00,234,SMA Sell,2.14,2.14hrs
02/08/2024 11:02:01,buy,0.02,XAUUSD,2461.82000,02/08/2024 15:45:21,2472.61000,0.00,0.00,107.90,21.58,21.58,107.90,0.00,0.00,123,SMA Buy,4.72,4.72hrs
01/08/2024 18:59:01,sell,0.02,CADCHF,0.63148,02/08/2024 15:38:48,0.62476,0.00,0.00,67.20,15.50,15.50,67.20,0.00,0.00,234,SMA Sell,20.66,20.66hrs
01/08/2024 18:59:06,sell,0.02,AUDJPY,97.83000,02/08/2024 15:37:14,96.02700,0.00,-0.24,180.30,24.19,24.19,180.30,0.00,0.00,234,SMA Sell,20.64,20.64hrs
02/08/2024 01:55:58,buy,0.02,XAUUSD,2444.90000,02/08/2024 07:52:49,2459.50000,0.00,0.00,146.00,29.20,29.20,146.00,0.00,0.00,123,SMA Buy,5.95,5.95hrs
30/07/2024 19:11:29,sell,0.02,EURUSD,1.08122,01/08/2024 17:52:10,1.07945,0.00,0.31,17.70,3.85,3.85,17.70,0.00,0.00,234,SMA Sell,46.68,1.94days
31/07/2024 11:15:43,sell,0.02,AUDJPY,97.63900,01/08/2024 17:52:09,97.99100,0.00,-0.73,-35.20,-5.42,0.00,0.00,-5.42,-35.20,234,SMA Sell,30.61,1.28days
31/07/2024 06:38:12,sell,0.03,EURUSD,1.08273,01/08/2024 17:52:09,1.07946,0.00,0.35,32.70,10.16,10.16,32.70,0.00,0.00,234,SMA Sell,35.23,1.47days
31/07/2024 03:51:52,sell,0.02,CADCHF,0.63682,01/08/2024 17:52:09,0.63164,0.00,0.00,51.80,11.86,11.86,51.80,0.00,0.00,234,SMA Sell,38.00,1.58days
01/08/2024 14:42:51,sell,0.02,GBPUSD,1.27822,01/08/2024 17:52:08,1.27994,0.00,0.00,-17.20,-3.44,0.00,0.00,-3.44,-17.20,234,SMA Sell,3.15,3.15hrs
01/08/2024 14:15:38,sell,0.03,AUDJPY,98.20500,01/08/2024 17:52:08,97.98500,0.00,0.00,22.00,4.39,4.39,22.00,0.00,0.00,234,SMA Sell,3.61,3.61hrs
31/07/2024 16:14:17,sell,0.05,EURUSD,1.08424,01/08/2024 17:52:08,1.07945,0.00,0.58,47.90,24.53,24.53,47.90,0.00,0.00,234,SMA Sell,25.63,1.07days
01/08/2024 14:50:09,sell,0.05,AUDJPY,98.38900,01/08/2024 17:52:06,97.99000,0.00,0.00,39.90,13.29,13.29,39.90,0.00,0.00,234,SMA Sell,3.03,3.03hrs
01/08/2024 15:19:32,sell,0.07,AUDJPY,98.61100,01/08/2024 17:52:06,97.99400,0.00,0.00,61.70,28.77,28.77,61.70,0.00,0.00,234,SMA Sell,2.54,2.54hrs
01/08/2024 15:34:08,buy,0.02,XAUUSD,2453.07000,01/08/2024 17:43:30,2450.97000,0.00,0.00,-21.00,-4.20,0.00,0.00,-4.20,-21.00,123,SMA Buy,2.16,2.16hrs
30/07/2024 20:41:59,sell,0.02,GBPUSD,1.28368,01/08/2024 13:13:59,1.27698,0.00,-0.27,67.00,13.13,13.13,67.00,0.00,0.00,234,SMA Sell,40.53,1.69days
31/07/2024 22:07:11,sell,0.03,GBPUSD,1.28582,01/08/2024 13:13:59,1.27698,0.00,-0.29,88.40,26.23,26.23,88.40,0.00,0.00,234,SMA Sell,15.11,15.11hrs
01/08/2024 02:13:45,buy,0.02,XAUUSD,2447.13000,01/08/2024 08:39:33,2446.03000,0.00,0.00,-11.00,-2.20,0.00,0.00,-2.20,-11.00,123,SMA Buy,6.43,6.43hrs
31/07/2024 12:00:00,buy,0.01,profit,0.00000,31/07/2024 12:00:00,0.00000,0.00,-57.90,0.00,898.80,0.00,0.00,0.00,0.00,0,Summary trade result 07.2024,0.00,0.00hrs
15/07/2024 15:07:15,balance,0.01,,0.00000,15/07/2024 15:07:15,0.00000,0.00,0.00,0.00,5000.00,0.00,0.00,0.00,0.00,0,Deposit,0.00,0.00hrs
