Open Time,Type,Lots,Symbol,Open Price,Close Time,Close Price,Commission,Swap,Net Pips,Net Profit,Max Profit,Max Pips,Max Loss,Max Loss Pips,Magic Number,Comment,Holding Time (Hours),Holding Time
24/07/2026 10:27:17,sell,0.10,CHFJPY,200.70500,24/07/2026 11:52:57,200.58200,0.00,0.00,12.30,7.51,0.00,0.00,0.00,0.00,20250105,MKDLOWVSELL,1.43,1.43hrs
24/07/2026 05:30:25,buy,0.10,GBPJPY,218.16100,24/07/2026 09:35:25,218.19700,0.00,0.00,3.60,2.20,0.00,0.00,0.00,0.00,20250105,MKDLOWVBUY,4.08,4.08hrs
24/07/2026 07:44:32,buy,0.20,GBPJPY,218.05800,24/07/2026 09:35:24,218.19700,0.00,0.00,13.90,16.97,0.00,0.00,0.00,0.00,20250105,MKDLOWVBUY,1.85,1.85hrs
24/07/2026 05:32:12,sell,0.20,AUDUSD,0.69793,24/07/2026 07:45:31,0.69735,0.00,0.00,5.80,11.60,0.00,0.00,0.00,0.00,20250105,MKDLOWVSELL,2.22,2.22hrs
24/07/2026 00:31:54,sell,0.10,AUDUSD,0.69684,24/07/2026 07:45:31,0.69735,0.00,0.00,-5.10,-5.10,0.00,0.00,0.00,0.00,20250105,MKDLOWVSELL,7.23,7.23hrs
24/07/2026 03:58:51,buy,0.10,USDCAD,1.40731,24/07/2026 06:34:39,1.40761,0.00,0.00,3.00,2.13,0.00,0.00,0.00,0.00,20250105,MKDLOWVBUY,2.60,2.60hrs
23/07/2026 20:00:16,sell,0.10,AUDUSD,0.69766,23/07/2026 21:59:29,0.69662,0.00,0.00,10.40,10.40,0.00,0.00,0.00,0.00,20250105,MKDLOWVSELL,1.99,1.99hrs
23/07/2026 16:37:37,sell,0.20,CHFJPY,200.61600,23/07/2026 18:33:41,200.45300,0.00,0.00,16.30,19.89,0.00,0.00,0.00,0.00,20250105,MKDLOWVSELL,1.93,1.93hrs
23/07/2026 16:30:12,sell,0.10,CHFJPY,200.49500,23/07/2026 18:33:41,200.46100,0.00,0.00,3.40,2.08,0.00,0.00,0.00,0.00,20250105,MKDLOWVSELL,2.06,2.06hrs
23/07/2026 10:47:30,sell,0.40,EURGBP,0.85433,23/07/2026 15:16:54,0.85312,0.00,0.00,12.10,64.60,0.00,0.00,0.00,0.00,20250105,MKDLOWVSELL,4.49,4.49hrs
21/07/2026 15:19:31,sell,0.20,EURGBP,0.85221,23/07/2026 15:16:54,0.85312,0.00,-4.00,-9.10,-28.29,6.16,2.40,-45.69,-17.10,20250105,MKDLOWVSELL,47.96,2.00days
21/07/2026 14:00:40,sell,0.10,EURGBP,0.85105,23/07/2026 15:16:54,0.85312,0.00,-2.00,-20.70,-29.63,0.00,0.00,-38.34,-28.70,20250105,MKDLOWVSELL,49.27,2.05days
23/07/2026 12:59:26,sell,0.10,CHFJPY,200.50900,23/07/2026 14:12:16,200.37800,0.00,0.00,13.10,8.02,0.00,0.00,0.00,0.00,20250105,MKDLOWVSELL,1.21,1.21hrs
23/07/2026 05:52:10,buy,0.20,USDCAD,1.40682,23/07/2026 11:20:42,1.40740,0.00,0.00,5.80,8.24,0.00,0.00,0.00,0.00,20250105,MKDLOWVBUY,5.48,5.48hrs
23/07/2026 04:00:38,buy,0.10,USDCAD,1.40786,23/07/2026 11:20:42,1.40740,0.00,0.00,-4.60,-3.27,0.00,0.00,0.00,0.00,20250105,MKDLOWVBUY,7.33,7.33hrs
23/07/2026 04:59:58,sell,0.10,AUDUSD,0.70104,23/07/2026 10:07:18,0.70041,0.00,0.00,6.30,6.30,0.00,0.00,0.00,0.00,20250105,MKDLOWVSELL,5.12,5.12hrs
23/07/2026 05:07:40,sell,0.10,AUDCAD,0.98716,23/07/2026 08:56:23,0.98637,0.00,0.00,7.90,5.62,0.00,0.00,0.00,0.00,20250105,MKDLOWVSELL,3.81,3.81hrs
22/07/2026 22:01:24,buy,0.10,USDCAD,1.40861,23/07/2026 01:33:41,1.40859,0.00,0.26,-0.20,0.12,0.00,0.00,0.00,0.00,20250105,MKDLOWVBUY,3.54,3.54hrs
22/07/2026 17:52:39,buy,0.10,EURAUD,1.63079,22/07/2026 21:03:12,1.63152,0.00,0.00,7.30,5.10,0.00,0.00,0.00,0.00,20250105,MKDLOWVBUY,3.18,3.18hrs
22/07/2026 09:01:48,buy,0.10,NZDCHF,0.47313,22/07/2026 18:01:14,0.47315,0.00,0.00,0.20,0.24,0.00,0.00,0.00,0.00,20250105,MKDLOWVBUY,8.99,8.99hrs
22/07/2026 00:18:22,buy,0.10,GBPCHF,1.08799,22/07/2026 17:04:24,1.08757,0.00,0.00,-4.20,-5.17,0.00,0.00,-30.30,-24.60,20250105,MKDLOWVBUY,16.77,16.77hrs
22/07/2026 09:28:10,buy,0.20,GBPCHF,1.08684,22/07/2026 17:04:23,1.08754,0.00,0.00,7.00,17.23,0.00,0.00,0.00,0.00,20250105,MKDLOWVBUY,7.60,7.60hrs
22/07/2026 10:30:40,sell,0.10,AUDUSD,0.70030,22/07/2026 13:13:08,0.69928,0.00,0.00,10.20,10.20,0.00,0.00,0.00,0.00,20250105,MKDLOWVSELL,2.71,2.71hrs
20/07/2026 13:00:04,sell,0.10,AUDCAD,0.98177,22/07/2026 10:42:31,0.98587,0.00,-1.36,-41.00,-30.45,0.00,0.00,-48.64,-67.20,20250105,MKDLOWVSELL,45.71,1.90days
21/07/2026 04:05:32,sell,0.40,AUDCAD,0.98548,22/07/2026 10:42:30,0.98587,0.00,-2.71,-3.90,-13.78,0.00,0.00,-86.64,-30.10,20250105,MKDLOWVSELL,30.62,1.28days
20/07/2026 14:30:26,sell,0.20,AUDCAD,0.98296,22/07/2026 10:42:30,0.98587,0.00,-2.72,-29.10,-44.03,1.57,1.10,-80.41,-55.30,20250105,MKDLOWVSELL,44.20,1.84days
21/07/2026 20:38:10,sell,0.80,AUDCAD,0.98791,22/07/2026 10:42:29,0.98586,0.00,-5.42,20.50,110.97,39.70,7.90,-35.48,-5.80,20250105,MKDLOWVSELL,14.07,14.07hrs
21/07/2026 20:01:18,sell,0.10,NZDUSD,0.58332,21/07/2026 22:12:01,0.58308,0.00,0.00,2.40,2.40,3.80,3.80,-2.70,-2.70,20250105,MKDLOWVSELL,2.18,2.18hrs
20/07/2026 19:30:34,sell,0.10,EURJPY,185.51300,21/07/2026 00:46:17,185.49300,0.00,-1.39,2.00,-0.16,4.99,8.10,-8.10,-10.90,20250105,MKDLOWVSELL,5.26,5.26hrs
20/07/2026 20:34:22,buy,0.10,USDJPY,162.48300,20/07/2026 23:51:28,162.50300,0.00,0.00,2.00,1.23,2.83,4.60,-4.37,-7.10,20250105,MKDLOWVBUY,3.29,3.29hrs
20/07/2026 21:00:32,buy,0.10,USDCHF,0.81013,20/07/2026 23:41:13,0.81012,0.00,0.00,-0.10,-0.12,2.10,1.70,-5.68,-4.60,20250105,MKDLOWVBUY,2.68,2.68hrs
20/07/2026 05:30:11,sell,0.20,NZDJPY,94.98700,20/07/2026 22:24:17,94.92300,0.00,0.00,6.40,7.88,11.57,9.40,-26.49,-21.50,20250105,MKDLOWVSELL,16.90,16.90hrs
20/07/2026 03:57:07,sell,0.10,NZDJPY,94.80600,20/07/2026 22:24:17,94.92300,0.00,0.00,-11.70,-7.20,0.12,0.20,-24.39,-39.60,20250105,MKDLOWVSELL,18.45,18.45hrs
20/07/2026 15:28:24,buy,0.20,GBPNZD,2.29903,20/07/2026 17:01:21,2.30071,0.00,0.00,16.80,19.64,19.65,16.80,-10.29,-8.80,20250105,MKDLOWVBUY,1.55,1.55hrs
20/07/2026 15:19:36,buy,0.10,GBPNZD,2.29999,20/07/2026 17:01:21,2.30071,0.00,0.00,7.20,4.21,4.21,7.20,-10.76,-18.40,20250105,MKDLOWVBUY,1.70,1.70hrs
16/07/2026 23:32:24,buy,0.10,USDCAD,1.40489,20/07/2026 12:49:12,1.40326,0.00,1.03,-16.30,-10.59,1.03,0.00,-31.89,-46.10,20250105,MKDLOWVBUY,85.28,3.55days
17/07/2026 16:28:54,buy,0.40,USDCAD,1.40152,20/07/2026 12:49:11,1.40328,0.00,1.03,17.60,51.20,58.03,20.00,-34.39,-12.40,20250105,MKDLOWVBUY,68.34,2.85days
17/07/2026 02:39:21,buy,0.20,USDCAD,1.40378,20/07/2026 12:49:11,1.40326,0.00,0.51,-5.20,-6.90,4.42,3.10,-49.48,-35.00,20250105,MKDLOWVBUY,82.16,3.42days
20/07/2026 04:03:12,buy,0.10,USDCHF,0.80797,20/07/2026 12:28:26,0.80788,0.00,0.00,-0.90,-1.11,2.85,2.30,-23.45,-18.90,20250105,MKDLOWVBUY,8.42,8.42hrs
20/07/2026 10:43:15,buy,0.20,USDCHF,0.80639,20/07/2026 12:28:25,0.80788,0.00,0.00,14.90,36.89,41.09,16.60,-7.69,-3.10,20250105,MKDLOWVBUY,1.75,1.75hrs
20/07/2026 10:30:16,sell,0.10,EURJPY,185.83100,20/07/2026 12:05:32,185.71200,0.00,0.00,11.90,7.33,7.82,12.70,-3.14,-5.10,20250105,MKDLOWVSELL,1.59,1.59hrs
20/07/2026 04:59:53,sell,0.10,AUDCHF,0.56448,20/07/2026 09:17:58,0.56422,0.00,0.00,2.60,3.22,4.58,3.70,-5.70,-4.60,20250105,MKDLOWVSELL,4.30,4.30hrs
20/07/2026 04:59:08,sell,0.10,AUDNZD,1.19571,20/07/2026 05:28:24,1.19439,0.00,0.00,13.20,7.73,9.36,16.00,-1.52,-2.60,20250105,MKDLOWVSELL,0.49,0.49hrs
16/07/2026 11:54:22,buy,0.20,GBPAUD,1.93238,20/07/2026 00:38:10,1.92938,0.00,-2.76,-30.00,-44.56,1.54,1.10,-122.29,-86.40,20250105,MKDLOWVBUY,84.73,3.53days
16/07/2026 11:30:16,buy,0.10,GBPAUD,1.93323,20/07/2026 00:38:10,1.92938,0.00,-1.38,-38.50,-28.20,0.77,1.10,-67.09,-94.90,20250105,MKDLOWVBUY,85.13,3.55days
16/07/2026 14:06:41,buy,0.80,GBPAUD,1.92780,20/07/2026 00:38:09,1.92938,0.00,-11.03,15.80,77.02,138.79,26.90,-232.78,-40.60,20250105,MKDLOWVBUY,82.52,3.44days
16/07/2026 12:30:32,buy,0.40,GBPAUD,1.93036,20/07/2026 00:38:09,1.92938,0.00,-5.51,-9.80,-32.82,8.12,2.90,-188.04,-66.20,20250105,MKDLOWVBUY,84.13,3.51days
17/07/2026 19:14:02,buy,0.20,EURAUD,1.63784,17/07/2026 23:26:27,1.63778,0.00,0.00,-0.60,-0.83,8.24,5.90,-11.04,-7.90,20250105,MKDLOWVBUY,4.21,4.21hrs
17/07/2026 17:00:05,buy,0.10,EURAUD,1.63890,17/07/2026 23:26:27,1.63778,0.00,0.00,-11.20,-7.82,1.88,2.70,-12.92,-18.50,20250105,MKDLOWVBUY,6.44,6.44hrs
17/07/2026 18:32:21,buy,0.10,EURCHF,0.92275,17/07/2026 22:00:01,0.92332,0.00,0.00,5.70,7.06,8.42,6.80,-3.10,-2.50,20250105,MKDLOWVBUY,3.46,3.46hrs
17/07/2026 14:48:45,buy,0.10,EURCHF,0.92273,17/07/2026 17:02:17,0.92325,0.00,0.00,5.20,6.44,8.92,7.20,-4.59,-3.70,20250105,MKDLOWVBUY,2.23,2.23hrs
17/07/2026 15:30:05,buy,0.20,GBPCHF,1.08412,17/07/2026 16:51:21,1.08561,0.00,0.00,14.90,36.91,40.37,16.30,-4.46,-1.80,20250105,MKDLOWVBUY,1.35,1.35hrs
17/07/2026 13:00:02,buy,0.10,GBPCHF,1.08558,17/07/2026 16:51:21,1.08561,0.00,0.00,0.30,0.37,2.11,1.70,-20.58,-16.60,20250105,MKDLOWVBUY,3.86,3.86hrs
17/07/2026 12:01:42,buy,0.10,GBPCHF,1.08447,17/07/2026 12:51:52,1.08567,0.00,0.00,12.00,14.86,17.08,13.80,-3.72,-3.00,20250105,MKDLOWVBUY,0.84,0.84hrs
14/07/2026 10:41:43,sell,0.20,AUDJPY,112.65500,17/07/2026 12:04:32,113.16700,0.00,-11.09,-51.20,-74.13,14.81,12.00,-160.83,-123.40,20250105,MKDLOWVSELL,73.38,3.06days
14/07/2026 08:27:50,sell,0.10,AUDJPY,112.54000,17/07/2026 12:04:32,113.16700,0.00,-5.54,-62.70,-44.14,3.20,5.20,-87.49,-134.90,20250105,MKDLOWVSELL,75.61,3.15days
15/07/2026 20:34:02,sell,1.60,AUDJPY,113.57500,17/07/2026 12:04:31,113.16800,0.00,-73.70,40.70,327.24,343.04,42.30,-346.18,-31.40,20250105,MKDLOWVSELL,39.51,1.65days
14/07/2026 18:16:08,sell,0.80,AUDJPY,113.19500,17/07/2026 12:04:31,113.16800,0.00,-44.31,2.70,-31.01,79.42,16.10,-377.28,-69.40,20250105,MKDLOWVSELL,65.81,2.74days
14/07/2026 16:31:14,sell,0.40,AUDJPY,112.93800,17/07/2026 12:04:31,113.16600,0.00,-22.15,-22.80,-78.30,1.73,0.70,-251.93,-95.10,20250105,MKDLOWVSELL,67.55,2.81days
17/07/2026 08:39:38,sell,0.10,EURNZD,1.95973,17/07/2026 11:01:08,1.95950,0.00,0.00,2.30,1.34,4.32,7.40,-6.65,-11.40,20250105,MKDLOWVSELL,2.36,2.36hrs
16/07/2026 13:38:30,buy,0.20,EURAUD,1.63685,17/07/2026 03:42:17,1.63593,0.00,-1.78,-9.20,-14.64,14.14,10.10,-64.20,-45.80,20250105,MKDLOWVBUY,14.06,14.06hrs
16/07/2026 12:10:19,buy,0.10,EURAUD,1.63786,17/07/2026 03:42:17,1.63593,0.00,-0.89,-19.30,-14.38,5.04,7.20,-39.18,-55.90,20250105,MKDLOWVBUY,15.53,15.53hrs
16/07/2026 16:20:05,buy,0.40,EURAUD,1.63477,17/07/2026 03:42:16,1.63593,0.00,-3.56,11.60,28.88,37.56,14.70,-70.09,-25.00,20250105,MKDLOWVBUY,11.37,11.37hrs
16/07/2026 21:31:06,buy,0.10,USDJPY,162.40600,17/07/2026 03:25:11,162.40700,0.00,-0.02,0.10,0.04,1.23,2.00,-6.61,-10.70,20250105,MKDLOWVBUY,5.90,5.90hrs
16/07/2026 17:18:05,sell,0.20,AUDCHF,0.56625,16/07/2026 21:06:28,0.56579,0.00,0.00,4.60,11.37,15.34,6.20,-17.81,-7.20,20250105,MKDLOWVSELL,3.81,3.81hrs
16/07/2026 13:08:43,sell,0.10,AUDCHF,0.56513,16/07/2026 21:06:28,0.56578,0.00,0.00,-6.50,-8.03,4.34,3.50,-22.76,-18.40,20250105,MKDLOWVSELL,7.96,7.96hrs
16/07/2026 07:00:30,buy,0.10,GBPAUD,1.93330,16/07/2026 08:39:24,1.93474,0.00,0.00,14.40,10.07,10.70,15.30,-7.14,-10.20,20250105,MKDLOWVBUY,1.65,1.65hrs
14/07/2026 10:34:03,buy,0.40,EURAUD,1.64194,16/07/2026 03:53:54,1.63868,0.00,-14.23,-32.60,-105.48,41.67,15.00,-257.59,-88.20,20250105,MKDLOWVBUY,41.33,1.72days
14/07/2026 07:04:35,buy,0.20,EURAUD,1.64379,16/07/2026 03:53:54,1.63866,0.00,-7.11,-51.30,-78.91,7.76,5.60,-154.69,-106.70,20250105,MKDLOWVBUY,44.82,1.87days
14/07/2026 06:30:03,buy,0.10,EURAUD,1.64485,16/07/2026 03:53:54,1.63866,0.00,-3.56,-61.90,-46.88,0.00,0.00,-84.77,-117.30,20250105,MKDLOWVBUY,45.40,1.89days
15/07/2026 10:48:40,buy,1.60,EURAUD,1.63542,16/07/2026 03:53:53,1.63868,0.00,-42.74,32.60,322.27,367.12,36.60,-257.56,-23.00,20250105,MKDLOWVBUY,17.09,17.09hrs
14/07/2026 17:23:41,buy,0.80,EURAUD,1.63899,16/07/2026 03:53:53,1.63868,0.00,-28.46,-3.10,-45.81,32.96,5.90,-350.01,-58.70,20250105,MKDLOWVBUY,34.50,1.44days
15/07/2026 17:03:03,buy,0.10,GBPCHF,1.08626,15/07/2026 17:45:11,1.08754,0.00,0.00,12.80,15.85,17.83,14.40,-1.36,-1.10,20250105,MKDLOWVBUY,0.70,0.70hrs
15/07/2026 05:43:15,sell,0.40,GBPUSD,1.34077,15/07/2026 11:57:35,1.33953,0.00,0.00,12.40,49.60,64.00,16.00,-52.40,-13.10,20250105,MKDLOWVSELL,6.24,6.24hrs
15/07/2026 00:26:37,sell,0.20,GBPUSD,1.33872,15/07/2026 11:57:35,1.33952,0.00,0.00,-8.00,-16.00,6.80,3.40,-67.20,-33.60,20250105,MKDLOWVSELL,11.52,11.52hrs
15/07/2026 00:15:56,sell,0.10,GBPUSD,1.33754,15/07/2026 11:57:35,1.33946,0.00,0.00,-19.20,-19.20,0.00,0.00,-45.40,-45.40,20250105,MKDLOWVSELL,11.69,11.69hrs
15/07/2026 06:02:22,buy,0.10,NZDCAD,0.81683,15/07/2026 09:20:47,0.81806,0.00,0.00,12.30,8.76,9.82,13.80,-5.48,-7.70,20250105,MKDLOWVBUY,3.31,3.31hrs
14/07/2026 23:00:48,buy,0.10,NZDCAD,0.81758,15/07/2026 04:25:44,0.81782,0.00,-0.14,2.40,1.57,4.20,6.10,-15.36,-21.40,20250105,MKDLOWVBUY,5.42,5.42hrs
14/07/2026 16:45:17,sell,0.40,EURJPY,185.43800,14/07/2026 20:16:08,185.29800,0.00,0.00,14.00,34.52,42.67,17.30,-15.07,-6.10,20250105,MKDLOWVSELL,3.51,3.51hrs
14/07/2026 15:31:18,sell,0.20,EURJPY,185.19000,14/07/2026 20:16:08,185.29500,0.00,0.00,-10.50,-12.95,6.43,5.20,-38.17,-30.90,20250105,MKDLOWVSELL,4.75,4.75hrs
14/07/2026 15:09:42,sell,0.10,EURJPY,184.99500,14/07/2026 20:16:08,185.29600,0.00,0.00,-30.10,-18.55,0.00,0.00,-31.13,-50.40,20250105,MKDLOWVSELL,5.11,5.11hrs
14/07/2026 17:02:51,sell,0.10,AUDUSD,0.69820,14/07/2026 19:02:44,0.69714,0.00,0.00,10.60,10.60,11.70,11.70,-11.40,-11.40,20250105,MKDLOWVSELL,2.00,2.00hrs
14/07/2026 05:24:39,sell,0.20,NZDUSD,0.57843,14/07/2026 18:42:38,0.58095,0.00,0.00,-25.20,-50.40,0.80,0.40,-115.60,-57.80,20250105,MKDLOWVSELL,13.30,13.30hrs
14/07/2026 03:39:07,sell,0.10,NZDUSD,0.57700,14/07/2026 18:42:38,0.58092,0.00,0.00,-39.20,-39.20,0.00,0.00,-72.10,-72.10,20250105,MKDLOWVSELL,15.06,15.06hrs
14/07/2026 15:31:58,sell,0.80,NZDUSD,0.58362,14/07/2026 18:42:37,0.58091,0.00,0.00,27.10,216.80,220.80,27.60,-12.00,-1.50,20250105,MKDLOWVSELL,3.18,3.18hrs
14/07/2026 12:56:11,sell,0.40,NZDUSD,0.58057,14/07/2026 18:42:37,0.58092,0.00,0.00,-3.50,-14.00,38.80,9.70,-145.60,-36.40,20250105,MKDLOWVSELL,5.77,5.77hrs
14/07/2026 06:48:31,buy,0.20,GBPAUD,1.92816,14/07/2026 14:49:06,1.92726,0.00,0.00,-9.00,-12.50,1.11,0.80,-57.04,-41.10,20250105,MKDLOWVBUY,8.01,8.01hrs
14/07/2026 05:30:06,buy,0.10,GBPAUD,1.92917,14/07/2026 14:49:06,1.92726,0.00,0.00,-19.10,-13.26,2.42,3.50,-35.53,-51.20,20250105,MKDLOWVBUY,9.32,9.32hrs
14/07/2026 10:12:17,buy,0.40,GBPAUD,1.92585,14/07/2026 14:49:05,1.92723,0.00,0.00,13.80,38.32,51.10,18.40,-49.97,-18.00,20250105,MKDLOWVBUY,4.61,4.61hrs
13/07/2026 14:30:14,buy,0.10,EURCAD,1.61494,14/07/2026 14:33:55,1.60862,0.00,-0.36,-63.20,-45.14,6.29,8.90,-70.72,-99.10,20250105,MKDLOWVBUY,24.06,1.00days
14/07/2026 10:02:10,buy,0.80,EURCAD,1.60905,14/07/2026 14:33:54,1.60872,0.00,0.00,-3.30,-18.70,10.19,1.80,-228.32,-40.20,20250105,MKDLOWVBUY,4.53,4.53hrs
13/07/2026 18:14:03,buy,0.40,EURCAD,1.61173,14/07/2026 14:33:54,1.60862,0.00,-1.43,-31.10,-89.56,18.39,6.50,-191.70,-67.00,20250105,MKDLOWVBUY,20.33,20.33hrs
13/07/2026 17:03:21,buy,0.20,EURCAD,1.61390,14/07/2026 14:33:54,1.60862,0.00,-0.72,-52.80,-75.54,6.79,4.80,-126.67,-88.70,20250105,MKDLOWVBUY,21.51,21.51hrs
14/07/2026 12:37:55,buy,1.60,EURCAD,1.60554,14/07/2026 14:33:53,1.60872,0.00,0.00,31.80,360.48,376.34,33.20,-57.93,-5.10,20250105,MKDLOWVBUY,1.93,1.93hrs
14/07/2026 00:15:03,buy,0.10,NZDCAD,0.81516,14/07/2026 03:38:43,0.81648,0.00,0.00,13.20,9.33,10.81,15.30,-19.09,-27.00,20250105,MKDLOWVBUY,3.39,3.39hrs
14/07/2026 00:16:09,buy,0.10,EURAUD,1.64588,14/07/2026 03:04:00,1.64568,0.00,0.00,-2.00,-1.38,0.83,1.20,-14.66,-21.20,20250105,MKDLOWVBUY,2.80,2.80hrs
13/07/2026 11:57:55,sell,0.10,NZDUSD,0.57841,13/07/2026 17:17:27,0.57701,0.00,0.00,14.00,14.00,16.20,16.20,-5.10,-5.10,20250105,MKDLOWVSELL,5.33,5.33hrs
13/07/2026 11:57:01,buy,0.10,GBPAUD,1.92981,13/07/2026 15:39:39,1.92933,0.00,0.00,-4.80,-3.33,0.76,1.10,-19.45,-28.00,20250105,MKDLOWVBUY,3.71,3.71hrs
13/07/2026 13:21:47,buy,0.20,GBPAUD,1.92875,13/07/2026 15:39:38,1.92935,0.00,0.00,6.00,8.33,12.63,9.10,-24.18,-17.40,20250105,MKDLOWVBUY,2.30,2.30hrs
13/07/2026 10:10:38,buy,0.10,USDCHF,0.80897,13/07/2026 12:44:11,0.80927,0.00,0.00,3.00,3.71,8.15,6.60,-19.20,-15.50,20250105,MKDLOWVBUY,2.56,2.56hrs
13/07/2026 11:13:29,buy,0.20,USDCHF,0.80797,13/07/2026 12:44:10,0.80927,0.00,0.00,13.00,32.13,35.83,14.50,-13.62,-5.50,20250105,MKDLOWVBUY,1.51,1.51hrs
13/07/2026 05:00:02,buy,0.10,EURCAD,1.61415,13/07/2026 09:00:02,1.61421,0.00,0.00,0.60,0.42,2.97,4.20,-2.75,-3.90,20250105,MKDLOWVBUY,4.00,4.00hrs
13/07/2026 00:36:38,buy,0.10,EURCAD,1.61567,13/07/2026 03:07:44,1.61519,0.00,0.00,-4.80,-3.39,0.00,0.00,-15.46,-21.90,20250105,MKDLOWVBUY,2.52,2.52hrs
13/07/2026 01:07:01,buy,0.20,EURCAD,1.61442,13/07/2026 03:07:43,1.61519,0.00,0.00,7.70,10.87,17.22,12.20,-13.27,-9.40,20250105,MKDLOWVBUY,2.01,2.01hrs
13/07/2026 00:33:24,buy,0.10,USDCHF,0.80846,13/07/2026 01:02:57,0.81002,0.00,0.00,15.60,19.26,22.22,18.00,-22.43,-18.10,20250105,MKDLOWVBUY,0.49,0.49hrs
07/07/2026 17:00:02,buy,0.10,EURCAD,1.62471,09/07/2026 10:45:13,1.62104,0.00,-1.43,-36.70,-27.31,0.00,0.00,-73.05,-101.90,20250105,MKDLOWVBUY,41.75,1.74days
07/07/2026 18:47:52,buy,0.40,EURCAD,1.62149,09/07/2026 10:45:12,1.62103,0.00,-5.72,-4.60,-18.70,5.64,2.00,-201.21,-69.70,20250105,MKDLOWVBUY,39.96,1.66days
07/07/2026 17:08:07,buy,0.20,EURCAD,1.62351,09/07/2026 10:45:12,1.62103,0.00,-2.86,-24.80,-37.85,3.80,2.70,-129.14,-89.90,20250105,MKDLOWVBUY,41.62,1.73days
08/07/2026 10:15:49,buy,0.80,EURCAD,1.61879,09/07/2026 10:45:11,1.62103,0.00,-8.59,22.40,117.80,139.78,26.30,-241.28,-42.70,20250105,MKDLOWVBUY,24.49,1.02days
07/07/2026 12:35:35,buy,0.20,EURCAD,1.62427,07/07/2026 14:31:56,1.62494,0.00,0.00,6.70,9.43,13.79,9.80,-7.46,-5.30,20250105,MKDLOWVBUY,1.94,1.94hrs
07/07/2026 08:53:30,buy,0.10,EURCAD,1.62518,07/07/2026 14:31:56,1.62494,0.00,0.00,-2.40,-1.69,2.32,3.30,-10.13,-14.40,20250105,MKDLOWVBUY,5.64,5.64hrs
29/06/2026 00:32:32,buy,0.10,GBPCAD,1.87329,29/06/2026 08:30:02,1.87363,0.00,0.00,3.40,2.40,2.96,4.20,-14.10,-20.00,20250105,MKDLOWVBUY,7.96,7.96hrs
24/06/2026 03:48:47,buy,0.10,GBPCAD,1.87547,24/06/2026 06:21:37,1.87593,0.00,0.00,4.60,3.23,5.20,7.40,-6.97,-9.90,20250105,MKDLOWVBUY,2.55,2.55hrs
24/06/2026 05:01:38,buy,0.10,USDCAD,1.42083,24/06/2026 06:06:02,1.42221,0.00,0.00,13.80,9.70,10.05,14.30,-1.69,-2.40,20250105,MKDLOWVBUY,1.07,1.07hrs
24/06/2026 00:31:56,sell,0.10,EURUSD,1.13821,24/06/2026 03:00:22,1.13795,0.00,0.00,2.60,2.60,2.80,2.80,-3.80,-3.80,20250105,MKDLOWVSELL,2.47,2.47hrs
23/06/2026 23:30:40,buy,0.10,USDCAD,1.42099,24/06/2026 02:15:07,1.42092,0.00,0.26,-0.70,-0.23,3.85,5.10,-5.87,-8.70,20250105,MKDLOWVBUY,2.74,2.74hrs
23/06/2026 16:50:21,buy,0.20,GBPCAD,1.87337,23/06/2026 21:42:36,1.87401,0.00,0.00,6.40,9.01,20.85,14.80,-15.35,-10.90,20250105,MKDLOWVBUY,4.87,4.87hrs
23/06/2026 15:00:40,buy,0.10,GBPCAD,1.87442,23/06/2026 21:42:36,1.87402,0.00,0.00,-4.00,-2.82,7.68,10.90,-15.07,-21.40,20250105,MKDLOWVBUY,6.70,6.70hrs
23/06/2026 10:54:31,buy,0.10,GBPCAD,1.87469,23/06/2026 12:57:43,1.87590,0.00,0.00,12.10,8.53,9.52,13.50,-9.59,-13.60,20250105,MKDLOWVBUY,2.05,2.05hrs
23/06/2026 11:07:31,buy,0.10,USDCAD,1.41739,23/06/2026 12:52:09,1.41794,0.00,0.00,5.50,3.88,6.56,9.30,-1.34,-1.90,20250105,MKDLOWVBUY,1.74,1.74hrs
23/06/2026 05:33:02,sell,0.10,EURUSD,1.14296,23/06/2026 10:42:13,1.14150,0.00,0.00,14.60,14.60,14.80,14.80,-10.10,-10.10,20250105,MKDLOWVSELL,5.15,5.15hrs
23/06/2026 02:00:52,buy,0.10,GBPCAD,1.87503,23/06/2026 05:01:32,1.87538,0.00,0.00,3.50,2.47,5.65,8.00,-2.19,-3.10,20250105,MKDLOWVBUY,3.01,3.01hrs
23/06/2026 02:00:04,buy,0.10,USDCAD,1.41551,23/06/2026 04:14:41,1.41623,0.00,0.00,7.20,5.08,7.77,11.00,-3.18,-4.50,20250105,MKDLOWVBUY,2.24,2.24hrs
23/06/2026 00:32:24,sell,0.10,EURUSD,1.14266,23/06/2026 03:15:02,1.14245,0.00,0.00,2.10,2.10,3.10,3.10,-7.10,-7.10,20250105,MKDLOWVSELL,2.71,2.71hrs
12/06/2026 18:30:26,sell,0.10,EURUSD,1.15817,12/06/2026 19:13:06,1.15739,0.00,0.00,7.80,7.80,11.50,11.50,-2.30,-2.30,20250105,MKDLOWVSELL,0.71,0.71hrs
12/06/2026 13:26:14,sell,0.10,EURUSD,1.15709,12/06/2026 15:40:45,1.15659,0.00,0.00,5.00,5.00,9.10,9.10,-9.40,-9.40,20250105,MKDLOWVSELL,2.24,2.24hrs
12/06/2026 12:27:40,sell,0.10,EURUSD,1.15867,12/06/2026 13:25:47,1.15739,0.00,0.00,12.80,12.80,13.20,13.20,-3.30,-3.30,20250105,MKDLOWVSELL,0.97,0.97hrs
12/06/2026 10:00:08,sell,0.10,EURUSD,1.15719,12/06/2026 10:34:16,1.15615,0.00,0.00,10.40,10.40,11.60,11.60,-1.50,-1.50,20250105,MKDLOWVSELL,0.57,0.57hrs
12/06/2026 07:00:39,sell,0.10,EURUSD,1.15713,12/06/2026 09:00:04,1.15598,0.00,0.00,11.50,11.50,13.20,13.20,-4.60,-4.60,20250105,MKDLOWVSELL,1.99,1.99hrs
12/06/2026 00:26:38,sell,0.10,EURUSD,1.15755,12/06/2026 03:05:44,1.15720,0.00,0.00,3.50,3.50,5.50,5.50,-11.80,-11.80,20250105,MKDLOWVSELL,2.65,2.65hrs
15/04/2026 08:11:30,buy,0.20,GBPAUD,1.90138,09/06/2026 17:18:33,1.90148,0.00,-77.11,1.00,-75.70,0.00,6.60,-729.09,-474.70,20250105,MKDLOWVBUY,1329.12,55.38days
15/04/2026 06:03:03,buy,0.10,GBPAUD,1.90253,09/06/2026 17:18:33,1.90146,0.00,-38.52,-10.70,-46.05,0.50,0.70,-372.83,-486.20,20250105,MKDLOWVBUY,1331.26,55.47days
15/04/2026 17:10:52,buy,0.80,GBPAUD,1.89679,09/06/2026 17:18:32,1.90150,0.00,-308.47,47.10,-43.20,19.45,52.50,-2651.29,-428.80,20250105,MKDLOWVBUY,1320.13,55.01days
15/04/2026 09:49:42,buy,0.40,GBPAUD,1.89930,09/06/2026 17:18:32,1.90148,0.00,-154.23,21.80,-92.84,25.41,27.40,-1398.13,-453.90,20250105,MKDLOWVBUY,1327.48,55.31days
15/04/2026 21:15:26,buy,1.60,GBPAUD,1.89332,09/06/2026 17:18:31,1.90162,0.00,-616.90,83.00,317.96,365.45,87.20,-4901.71,-394.10,20250105,MKDLOWVBUY,1316.05,54.84days
28/05/2026 20:05:25,buy,0.10,GBPCHF,1.05401,01/06/2026 08:28:16,1.05377,0.00,1.56,-2.40,-1.51,1.68,0.70,-65.65,-52.40,20250105,MKDLOWVBUY,84.38,3.52days
29/05/2026 03:00:04,sell,0.10,USDJPY,159.26000,29/05/2026 09:58:54,159.22700,0.00,0.00,3.30,2.07,3.14,5.00,-7.97,-12.70,20250105,MKDLOWVSELL,6.98,6.98hrs
12/03/2026 15:00:22,sell,0.20,EURNZD,1.95759,29/05/2026 03:44:10,1.95927,0.00,-41.56,-16.80,-61.55,7.07,6.00,-865.39,-744.30,20250105,MKDLOWVSELL,1860.73,77.53days
12/03/2026 08:00:13,sell,0.10,EURNZD,1.95607,29/05/2026 03:44:10,1.95928,0.00,-20.79,-32.10,-39.88,10.62,18.00,-441.39,-759.50,20250105,MKDLOWVSELL,1867.73,77.82days
12/03/2026 18:47:37,sell,1.60,EURNZD,1.96583,29/05/2026 03:44:09,1.95927,0.00,-332.71,65.60,291.67,340.08,70.70,-6169.49,-661.90,20250105,MKDLOWVSELL,1856.94,77.37days
12/03/2026 16:30:42,sell,0.80,EURNZD,1.96231,29/05/2026 03:44:09,1.95927,0.00,-166.38,30.40,-21.71,129.41,35.50,-3245.74,-697.10,20250105,MKDLOWVSELL,1859.22,77.47days
12/03/2026 15:24:58,sell,0.40,EURNZD,1.95958,29/05/2026 03:44:09,1.95927,0.00,-83.18,3.10,-75.81,61.05,25.90,-1685.29,-724.40,20250105,MKDLOWVSELL,1860.32,77.51days
28/05/2026 23:00:54,buy,0.10,GBPUSD,1.34404,29/05/2026 01:01:19,1.34414,0.00,-0.23,1.00,0.77,4.47,4.70,-3.83,-3.60,20250105,MKDLOWVBUY,2.01,2.01hrs
28/05/2026 09:37:12,sell,0.10,EURUSD,1.16075,28/05/2026 14:03:12,1.16068,0.00,0.00,0.70,0.70,3.30,3.30,-12.40,-12.40,20250105,MKDLOWVSELL,4.43,4.43hrs
27/05/2026 20:26:26,sell,0.20,USDJPY,159.56000,28/05/2026 12:31:17,159.42800,0.00,-9.37,13.20,7.19,11.96,17.00,-22.15,-10.20,20250105,MKDLOWVSELL,16.08,16.08hrs
27/05/2026 17:50:14,sell,0.10,USDJPY,159.45500,28/05/2026 12:31:17,159.43000,0.00,-4.69,2.50,-3.12,0.50,6.50,-17.66,-20.70,20250105,MKDLOWVSELL,18.68,18.68hrs
27/05/2026 22:30:10,sell,0.10,CHFJPY,202.74800,28/05/2026 02:52:00,202.55500,0.00,-0.33,19.30,11.76,13.77,22.50,-12.94,-20.10,20250105,MKDLOWVSELL,4.36,4.36hrs
27/05/2026 15:30:33,sell,0.10,CHFJPY,203.05500,27/05/2026 17:04:30,202.89700,0.00,0.00,15.80,9.91,10.67,17.00,-6.90,-11.00,20250105,MKDLOWVSELL,1.57,1.57hrs
27/05/2026 15:33:03,sell,0.10,AUDUSD,0.71435,27/05/2026 16:29:52,0.71325,0.00,0.00,11.00,11.00,11.20,11.20,-3.70,-3.70,20250105,MKDLOWVSELL,0.95,0.95hrs
27/05/2026 11:19:28,sell,0.10,USDJPY,159.39000,27/05/2026 15:22:18,159.27500,0.00,0.00,11.50,7.22,7.85,12.50,-4.26,-6.80,20250105,MKDLOWVSELL,4.05,4.05hrs
26/05/2026 16:30:11,buy,0.10,GBPCHF,1.05748,27/05/2026 12:05:46,1.05674,0.00,0.77,-7.40,-8.65,0.77,0.20,-28.93,-23.30,20250105,MKDLOWVBUY,19.59,19.59hrs
26/05/2026 18:08:08,buy,0.20,GBPCHF,1.05643,27/05/2026 12:05:42,1.05678,0.00,1.55,3.50,10.46,20.88,7.60,-31.08,-12.80,20250105,MKDLOWVBUY,17.96,17.96hrs
27/05/2026 08:57:47,sell,0.10,CHFJPY,202.87300,27/05/2026 10:57:34,202.84300,0.00,0.00,3.00,1.88,3.89,6.20,-14.18,-22.60,20250105,MKDLOWVSELL,2.00,2.00hrs
27/05/2026 09:45:34,sell,0.20,CHFJPY,202.97400,27/05/2026 10:57:30,202.84100,0.00,0.00,13.30,16.69,19.21,15.30,-15.69,-12.50,20250105,MKDLOWVSELL,1.20,1.20hrs
26/05/2026 23:32:52,buy,0.10,USDCAD,1.38132,27/05/2026 09:06:32,1.38137,0.00,0.23,0.50,0.59,1.46,1.70,-7.01,-10.00,20250105,MKDLOWVBUY,9.56,9.56hrs
26/05/2026 03:31:22,buy,0.10,NZDUSD,0.58593,27/05/2026 05:00:21,0.58547,0.00,-0.35,-4.60,-4.95,0.60,0.60,-28.10,-28.10,20250105,MKDLOWVBUY,25.48,1.06days
26/05/2026 08:21:50,buy,0.20,NZDUSD,0.58483,27/05/2026 05:00:14,0.58529,0.00,-0.70,4.60,8.50,11.00,5.50,-34.20,-17.10,20250105,MKDLOWVBUY,20.64,20.64hrs
26/05/2026 15:00:17,buy,0.10,GBPUSD,1.34702,26/05/2026 23:01:25,1.34480,0.00,0.00,-22.20,-22.20,4.10,4.10,-36.30,-36.30,20250105,MKDLOWVBUY,8.02,8.02hrs
26/05/2026 16:54:01,buy,0.20,GBPUSD,1.34591,26/05/2026 23:01:22,1.34492,0.00,0.00,-9.90,-19.80,18.20,9.10,-50.40,-25.20,20250105,MKDLOWVBUY,6.12,6.12hrs
26/05/2026 18:25:24,buy,0.40,GBPUSD,1.34369,26/05/2026 23:01:18,1.34479,0.00,0.00,11.00,44.00,54.00,13.50,-12.00,-3.00,20250105,MKDLOWVBUY,4.60,4.60hrs
26/05/2026 17:35:21,sell,0.10,CHFJPY,202.90200,26/05/2026 18:18:07,202.78400,0.00,0.00,11.80,7.40,8.60,13.70,-4.58,-7.30,20250105,MKDLOWVSELL,0.71,0.71hrs
26/05/2026 00:50:38,buy,0.10,GBPUSD,1.35052,26/05/2026 13:56:08,1.34858,0.00,0.00,-19.40,-19.40,0.00,0.00,-41.10,-41.10,20250105,MKDLOWVBUY,13.09,13.09hrs
26/05/2026 03:02:01,buy,0.20,GBPUSD,1.34945,26/05/2026 13:56:05,1.34857,0.00,0.00,-8.80,-17.60,3.40,1.70,-60.80,-30.40,20250105,MKDLOWVBUY,10.90,10.90hrs
26/05/2026 10:04:32,buy,0.40,GBPUSD,1.34732,26/05/2026 13:56:01,1.34859,0.00,0.00,12.70,50.80,61.20,15.30,-36.40,-9.10,20250105,MKDLOWVBUY,3.86,3.86hrs
26/05/2026 05:00:34,buy,0.10,GBPCHF,1.05681,26/05/2026 09:51:18,1.05693,0.00,0.00,1.20,1.53,4.21,3.30,-11.62,-9.10,20250105,MKDLOWVBUY,4.85,4.85hrs
25/05/2026 22:09:46,sell,0.10,EURJPY,184.99800,26/05/2026 00:50:16,184.96800,0.00,-1.40,3.00,0.49,1.68,4.90,-9.77,-13.30,20250105,MKDLOWVSELL,2.67,2.67hrs
25/05/2026 16:40:09,buy,0.10,AUDCAD,0.99021,25/05/2026 22:08:55,0.99027,0.00,0.00,0.60,0.43,3.91,5.40,-6.31,-8.70,20250105,MKDLOWVBUY,5.48,5.48hrs
25/05/2026 00:37:09,buy,0.10,USDCHF,0.78441,25/05/2026 16:39:59,0.78305,0.00,0.00,-13.60,-17.37,0.00,0.00,-46.88,-36.60,20250105,MKDLOWVBUY,16.05,16.05hrs
25/05/2026 01:00:37,buy,0.20,USDCHF,0.78340,25/05/2026 16:39:56,0.78304,0.00,0.00,-3.60,-9.19,0.00,0.00,-67.88,-26.50,20250105,MKDLOWVBUY,15.66,15.66hrs
25/05/2026 13:44:42,buy,0.40,USDCHF,0.78138,25/05/2026 16:39:51,0.78300,0.00,0.00,16.20,82.76,93.47,18.30,-32.28,-6.30,20250105,MKDLOWVBUY,2.92,2.92hrs
25/05/2026 06:00:16,buy,0.10,NZDCAD,0.81065,25/05/2026 08:09:34,0.81110,0.00,0.00,4.50,3.26,5.29,7.30,-3.04,-4.20,20250105,MKDLOWVBUY,2.15,2.15hrs
25/05/2026 01:31:03,buy,0.10,USDCAD,1.38030,25/05/2026 07:21:44,1.38080,0.00,0.00,5.00,3.62,5.29,7.30,-5.65,-7.80,20250105,MKDLOWVBUY,5.84,5.84hrs
25/05/2026 00:32:08,sell,0.10,EURUSD,1.16319,25/05/2026 06:07:52,1.16380,0.00,0.00,-6.10,-6.10,2.40,2.40,-17.70,-17.70,20250105,MKDLOWVSELL,5.60,5.60hrs
25/05/2026 02:51:11,sell,0.20,EURUSD,1.16428,25/05/2026 06:07:46,1.16387,0.00,0.00,4.10,8.20,13.40,6.70,-13.60,-6.80,20250105,MKDLOWVSELL,3.28,3.28hrs
22/05/2026 22:30:17,buy,0.10,AUDCAD,0.98510,25/05/2026 00:53:12,0.98753,0.00,0.20,24.30,17.80,20.12,27.50,-3.91,-5.40,20250105,MKDLOWVBUY,50.38,2.10days
22/05/2026 16:14:56,buy,0.10,EURCHF,0.91176,25/05/2026 00:32:57,0.91198,0.00,0.00,2.20,2.81,9.41,7.40,-17.59,-13.80,20250105,MKDLOWVBUY,56.30,2.35days
22/05/2026 20:00:55,buy,0.20,EURCHF,0.91070,25/05/2026 00:32:53,0.91200,0.00,0.00,13.00,33.17,41.35,16.20,-8.16,-3.20,20250105,MKDLOWVBUY,52.53,2.19days
22/05/2026 17:31:03,buy,0.10,GBPUSD,1.34252,22/05/2026 18:06:10,1.34366,0.00,0.00,11.40,11.40,13.00,13.00,-2.30,-2.30,20250105,MKDLOWVBUY,0.59,0.59hrs
22/05/2026 16:00:24,sell,0.10,GBPJPY,213.69800,22/05/2026 17:02:00,213.66400,0.00,0.00,3.40,2.14,4.21,6.70,-22.51,-35.80,20250105,MKDLOWVSELL,1.03,1.03hrs
22/05/2026 16:07:36,sell,0.20,GBPJPY,213.80700,22/05/2026 17:01:56,213.66800,0.00,0.00,13.90,17.47,22.38,17.80,-31.32,-24.90,20250105,MKDLOWVSELL,0.91,0.91hrs
12/05/2026 22:22:00,buy,0.10,EURCAD,1.60842,22/05/2026 16:14:06,1.60205,0.00,-5.29,-63.70,-51.47,0.95,1.30,-109.33,-144.20,20250105,MKDLOWVBUY,233.87,9.74days
13/05/2026 04:38:32,buy,0.20,EURCAD,1.60719,22/05/2026 16:14:03,1.60207,0.00,-9.65,-51.20,-83.88,2.04,1.40,-199.46,-131.90,20250105,MKDLOWVBUY,227.59,9.48days
13/05/2026 10:54:01,buy,0.40,EURCAD,1.60517,22/05/2026 16:14:00,1.60211,0.00,-19.31,-30.60,-108.04,35.74,13.00,-340.13,-111.70,20250105,MKDLOWVBUY,221.33,9.22days
14/05/2026 18:40:13,buy,0.80,EURCAD,1.60263,22/05/2026 16:13:57,1.60208,0.00,-24.65,-5.50,-56.55,24.48,4.20,-520.85,-86.30,20250105,MKDLOWVBUY,189.56,7.90days
15/05/2026 12:06:56,buy,1.60,EURCAD,1.59903,22/05/2026 16:13:54,1.60209,0.00,-49.28,30.60,305.62,354.34,34.80,-620.81,-50.30,20250105,MKDLOWVBUY,172.12,7.17days
22/05/2026 14:32:19,buy,0.10,GBPUSD,1.34210,22/05/2026 15:49:07,1.34315,0.00,0.00,10.50,10.50,12.00,12.00,-4.90,-4.90,20250105,MKDLOWVBUY,1.28,1.28hrs
22/05/2026 11:00:41,sell,0.10,GBPJPY,213.60400,22/05/2026 14:32:35,213.57700,0.00,0.00,2.70,1.70,5.97,9.50,-8.86,-14.10,20250105,MKDLOWVSELL,3.53,3.53hrs
22/05/2026 01:00:25,buy,0.10,USDCAD,1.37777,22/05/2026 03:03:06,1.37804,0.00,0.00,2.70,1.96,2.97,4.10,-2.90,-4.00,20250105,MKDLOWVBUY,2.04,2.04hrs
21/05/2026 08:42:03,sell,0.10,AUDNZD,1.21493,22/05/2026 02:53:15,1.21637,0.00,0.00,-14.40,-8.46,4.45,7.60,-24.94,-42.50,20250105,MKDLOWVSELL,18.19,18.19hrs
21/05/2026 12:15:13,sell,0.20,AUDNZD,1.21599,22/05/2026 02:53:12,1.21637,0.00,0.00,-3.80,-4.47,3.87,3.30,-37.45,-31.90,20250105,MKDLOWVSELL,14.63,14.63hrs
21/05/2026 19:00:34,sell,0.40,AUDNZD,1.21800,22/05/2026 02:53:09,1.21634,0.00,0.00,16.60,39.04,46.55,19.80,-27.70,-11.80,20250105,MKDLOWVSELL,7.88,7.88hrs
21/05/2026 13:31:52,sell,0.10,USDJPY,159.07000,21/05/2026 20:11:51,159.08600,0.00,0.00,-1.60,-1.01,1.13,1.80,-17.95,-28.60,20250105,MKDLOWVSELL,6.67,6.67hrs
21/05/2026 16:08:56,sell,0.20,USDJPY,159.17600,21/05/2026 20:11:47,159.08600,0.00,0.00,9.00,11.31,14.08,11.20,-22.59,-18.00,20250105,MKDLOWVSELL,4.05,4.05hrs
20/05/2026 08:49:34,sell,0.10,USDJPY,158.94400,20/05/2026 17:17:17,158.93800,0.00,0.00,0.60,0.38,3.84,6.10,-14.70,-23.40,20250105,MKDLOWVSELL,8.46,8.46hrs
20/05/2026 11:00:25,sell,0.20,USDJPY,159.04900,20/05/2026 17:17:07,158.90900,0.00,0.00,14.00,17.62,20.90,16.60,-16.21,-12.90,20250105,MKDLOWVSELL,6.28,6.28hrs
20/05/2026 11:34:29,buy,0.10,GBPUSD,1.33830,20/05/2026 13:37:27,1.33952,0.00,0.00,12.20,12.20,13.70,13.70,-3.50,-3.50,20250105,MKDLOWVBUY,2.05,2.05hrs
20/05/2026 08:50:42,buy,0.10,GBPUSD,1.33900,20/05/2026 09:20:44,1.34004,0.00,0.00,10.40,10.40,12.30,12.30,-14.70,-14.70,20250105,MKDLOWVBUY,0.50,0.50hrs
19/05/2026 23:00:30,buy,0.10,GBPUSD,1.34010,20/05/2026 06:38:24,1.34011,0.00,-0.22,0.10,-0.12,2.28,2.50,-23.82,-23.60,20250105,MKDLOWVBUY,7.63,7.63hrs
20/05/2026 04:06:41,buy,0.20,GBPUSD,1.33871,20/05/2026 06:38:21,1.34011,0.00,0.00,14.00,28.00,31.20,15.60,-19.40,-9.70,20250105,MKDLOWVBUY,2.53,2.53hrs
19/05/2026 19:12:24,sell,0.10,CADJPY,115.51000,20/05/2026 03:53:46,115.60400,0.00,-0.94,-9.40,-6.85,5.48,8.70,-18.04,-27.20,20250105,MKDLOWVSELL,8.69,8.69hrs
19/05/2026 22:00:31,sell,0.20,CADJPY,115.67500,20/05/2026 03:53:42,115.61700,0.00,-1.89,5.80,5.40,7.04,7.10,-15.35,-10.70,20250105,MKDLOWVSELL,5.89,5.89hrs
19/05/2026 16:30:14,buy,0.10,AUDCAD,0.97786,19/05/2026 20:13:02,0.97804,0.00,0.00,1.80,1.31,6.97,9.60,-24.04,-33.10,20250105,MKDLOWVBUY,3.71,3.71hrs
19/05/2026 17:17:48,buy,0.20,AUDCAD,0.97655,19/05/2026 20:12:56,0.97800,0.00,0.00,14.50,21.09,22.98,15.80,-29.06,-20.00,20250105,MKDLOWVBUY,2.92,2.92hrs
19/05/2026 18:44:43,sell,0.10,CADJPY,115.65200,19/05/2026 19:11:50,115.53700,0.00,0.00,11.50,7.23,7.93,12.60,-3.52,-5.60,20250105,MKDLOWVSELL,0.45,0.45hrs
19/05/2026 03:51:50,sell,0.10,USDJPY,158.95700,19/05/2026 15:41:22,158.96500,0.00,0.00,-0.80,-0.50,3.59,5.70,-14.51,-23.10,20250105,MKDLOWVSELL,11.83,11.83hrs
19/05/2026 09:46:36,sell,0.20,USDJPY,159.08900,19/05/2026 15:41:19,158.89700,0.00,0.00,19.20,24.17,24.19,19.20,-12.44,-9.90,20250105,MKDLOWVSELL,5.91,5.91hrs
19/05/2026 11:00:40,buy,0.10,AUDCHF,0.55963,19/05/2026 14:27:00,0.56015,0.00,0.00,5.20,6.60,8.51,6.70,-7.51,-5.90,20250105,MKDLOWVBUY,3.44,3.44hrs
19/05/2026 07:26:40,buy,0.10,AUDCHF,0.56047,19/05/2026 10:36:54,0.56047,0.00,0.00,0.00,0.00,3.44,2.70,-7.89,-6.20,20250105,MKDLOWVBUY,3.17,3.17hrs
18/05/2026 20:58:03,sell,0.10,EURJPY,185.11400,19/05/2026 06:02:20,185.09800,0.00,-1.41,1.60,-0.40,7.86,12.50,-9.66,-13.10,20250105,MKDLOWVSELL,9.07,9.07hrs
18/05/2026 17:32:00,sell,0.10,GBPAUD,1.86966,18/05/2026 22:03:25,1.87289,0.00,0.00,-32.30,-23.17,0.93,1.30,-56.16,-78.40,20250105,MKDLOWVSELL,4.52,4.52hrs
18/05/2026 17:46:17,sell,0.20,GBPAUD,1.87087,18/05/2026 22:03:22,1.87339,0.00,0.00,-25.20,-36.14,6.59,4.60,-94.99,-66.30,20250105,MKDLOWVSELL,4.28,4.28hrs
18/05/2026 18:37:41,sell,0.40,GBPAUD,1.87333,18/05/2026 22:03:19,1.87341,0.00,0.00,-0.80,-2.29,0.29,0.10,-119.49,-41.70,20250105,MKDLOWVSELL,3.43,3.43hrs
18/05/2026 19:14:51,sell,0.80,GBPAUD,1.87649,18/05/2026 22:03:16,1.87346,0.00,0.00,30.30,173.81,180.59,31.50,-57.88,-10.10,20250105,MKDLOWVSELL,2.81,2.81hrs
14/05/2026 09:00:33,buy,0.10,GBPCHF,1.05723,18/05/2026 17:54:15,1.05219,0.00,1.68,-50.40,-62.49,1.79,1.40,-136.75,-108.70,20250105,MKDLOWVBUY,104.89,4.37days
14/05/2026 14:59:30,buy,0.20,GBPCHF,1.05591,18/05/2026 17:54:12,1.05214,0.00,3.36,-37.70,-92.64,22.50,8.80,-239.87,-95.50,20250105,MKDLOWVBUY,98.91,4.12days
14/05/2026 19:16:49,buy,0.40,GBPCHF,1.05353,18/05/2026 17:54:09,1.05221,0.00,6.73,-13.20,-60.50,6.73,1.00,-358.50,-71.70,20250105,MKDLOWVBUY,94.62,3.94days
14/05/2026 21:23:39,buy,0.80,GBPCHF,1.04974,18/05/2026 17:54:05,1.05213,0.00,13.45,23.90,256.89,291.51,27.30,-330.90,-33.80,20250105,MKDLOWVBUY,92.51,3.85days
18/05/2026 15:30:14,sell,0.10,GBPAUD,1.86796,18/05/2026 15:43:21,1.86688,0.00,0.00,10.80,7.75,9.25,12.90,-4.08,-5.70,20250105,MKDLOWVSELL,0.22,0.22hrs
14/05/2026 23:33:19,buy,0.10,AUDCAD,0.99095,18/05/2026 14:39:56,0.98478,0.00,0.22,-61.70,-44.67,0.22,0.00,-82.04,-113.20,20250105,MKDLOWVBUY,87.11,3.63days
15/05/2026 03:40:54,buy,0.20,AUDCAD,0.98988,18/05/2026 14:39:49,0.98484,0.00,0.45,-50.40,-72.88,0.58,0.40,-148.51,-102.50,20250105,MKDLOWVBUY,82.98,3.46days
15/05/2026 04:59:56,buy,0.40,AUDCAD,0.98786,18/05/2026 14:39:46,0.98502,0.00,0.89,-28.40,-81.77,32.32,11.10,-238.32,-82.30,20250105,MKDLOWVBUY,81.66,3.40days
15/05/2026 08:46:39,buy,0.80,AUDCAD,0.98527,18/05/2026 14:39:43,0.98488,0.00,1.79,-3.90,-20.91,48.34,8.30,-326.07,-56.40,20250105,MKDLOWVBUY,77.88,3.25days
18/05/2026 02:48:03,buy,1.60,AUDCAD,0.98153,18/05/2026 14:39:40,0.98459,0.00,0.00,30.60,356.20,388.61,33.40,-220.90,-19.00,20250105,MKDLOWVBUY,11.86,11.86hrs
15/05/2026 13:31:37,sell,0.10,CHFJPY,201.85500,15/05/2026 14:30:41,201.84400,0.00,0.00,1.10,0.69,2.15,3.40,-9.85,-15.60,20250105,MKDLOWVSELL,0.98,0.98hrs
15/05/2026 13:54:10,sell,0.20,CHFJPY,201.96300,15/05/2026 14:30:38,201.84300,0.00,0.00,12.00,15.14,17.92,14.20,-5.94,-4.70,20250105,MKDLOWVSELL,0.61,0.61hrs
15/05/2026 08:31:00,buy,0.10,AUDNZD,1.22178,15/05/2026 10:51:15,1.22282,0.00,0.00,10.40,6.09,7.27,12.40,-3.99,-6.80,20250105,MKDLOWVBUY,2.34,2.34hrs
15/05/2026 05:34:16,buy,0.10,AUDNZD,1.22225,15/05/2026 07:33:41,1.22281,0.00,0.00,5.60,3.29,5.41,9.20,-2.88,-4.90,20250105,MKDLOWVBUY,1.99,1.99hrs
14/05/2026 19:25:52,sell,0.10,CHFJPY,201.95200,15/05/2026 04:03:15,201.96400,0.00,-0.07,-1.20,-0.82,4.85,7.80,-24.96,-39.40,20250105,MKDLOWVSELL,8.62,8.62hrs
14/05/2026 22:56:17,sell,0.20,CHFJPY,202.05400,15/05/2026 04:03:10,201.96000,0.00,-0.14,9.40,11.72,22.58,18.00,-37.03,-29.20,20250105,MKDLOWVSELL,5.11,5.11hrs
12/05/2026 22:01:07,sell,0.10,AUDJPY,114.01500,14/05/2026 15:01:53,114.36300,0.00,-4.08,-34.80,-26.11,0.19,0.30,-49.45,-73.20,20250105,MKDLOWVSELL,41.01,1.71days
13/05/2026 02:50:51,sell,0.20,AUDJPY,114.11100,14/05/2026 15:01:50,114.36100,0.00,-6.12,-25.00,-37.78,10.02,7.90,-80.62,-63.60,20250105,MKDLOWVSELL,36.18,1.51days
13/05/2026 12:58:25,sell,0.40,AUDJPY,114.32400,14/05/2026 15:01:47,114.36200,0.00,-12.23,-3.80,-21.85,23.83,9.40,-107.24,-42.30,20250105,MKDLOWVSELL,26.06,1.09days
13/05/2026 18:10:49,sell,0.80,AUDJPY,114.58200,14/05/2026 15:01:44,114.36600,0.00,-24.46,21.60,84.93,123.32,29.10,-83.66,-16.50,20250105,MKDLOWVSELL,20.85,20.85hrs
14/05/2026 11:00:14,buy,0.10,GBPCAD,1.85228,14/05/2026 13:54:10,1.85333,0.00,0.00,10.50,7.65,9.19,12.60,-6.64,-9.10,20250105,MKDLOWVBUY,2.90,2.90hrs
13/05/2026 18:00:09,sell,0.10,NZDJPY,93.59300,14/05/2026 07:05:54,93.56000,0.00,-1.57,3.30,0.53,8.65,16.10,-16.84,-24.10,20250105,MKDLOWVSELL,13.10,13.10hrs
13/05/2026 18:28:18,sell,0.20,NZDJPY,93.69200,14/05/2026 07:05:51,93.56900,0.00,-3.15,12.30,12.44,29.86,26.00,-21.15,-14.20,20250105,MKDLOWVSELL,12.63,12.63hrs
14/05/2026 01:33:55,sell,0.10,CHFJPY,201.85200,14/05/2026 07:05:48,201.83100,0.00,0.00,2.10,1.33,17.96,28.30,-14.82,-23.40,20250105,MKDLOWVSELL,5.53,5.53hrs
14/05/2026 03:54:51,sell,0.20,CHFJPY,201.96500,14/05/2026 07:05:45,201.63800,0.00,0.00,32.70,41.50,50.28,39.60,-15.32,-12.10,20250105,MKDLOWVSELL,3.18,3.18hrs
12/05/2026 03:00:19,buy,0.10,GBPUSD,1.36025,14/05/2026 01:15:26,1.35270,0.00,-0.88,-75.50,-76.38,1.60,1.60,-119.36,-118.70,20250105,MKDLOWVBUY,46.25,1.93days
12/05/2026 04:11:40,buy,0.20,GBPUSD,1.35924,14/05/2026 01:15:23,1.35270,0.00,-1.76,-65.40,-132.56,0.00,0.00,-218.52,-108.60,20250105,MKDLOWVBUY,45.06,1.88days
12/05/2026 08:51:24,buy,0.40,GBPUSD,1.35706,14/05/2026 01:15:20,1.35271,0.00,-3.52,-43.50,-177.52,34.40,8.60,-349.84,-86.80,20250105,MKDLOWVBUY,40.40,1.68days
12/05/2026 10:05:25,buy,0.80,GBPUSD,1.35392,14/05/2026 01:15:13,1.35271,0.00,-7.04,-12.10,-103.84,106.40,13.30,-448.48,-55.40,20250105,MKDLOWVBUY,39.16,1.63days
13/05/2026 13:12:50,buy,1.60,GBPUSD,1.34972,14/05/2026 01:15:07,1.35269,0.00,-10.56,29.70,464.64,512.64,32.70,-214.40,-13.40,20250105,MKDLOWVBUY,12.04,12.04hrs
13/05/2026 14:00:06,sell,0.10,CHFJPY,201.84600,13/05/2026 15:30:35,201.70300,0.00,0.00,14.30,9.06,14.39,22.70,-5.01,-7.90,20250105,MKDLOWVSELL,1.51,1.51hrs
11/05/2026 21:43:08,sell,0.10,EURGBP,0.86388,13/05/2026 10:38:21,0.86593,0.00,-0.85,-20.50,-28.59,0.00,0.00,-80.43,-59.40,20250105,MKDLOWVSELL,36.92,1.54days
11/05/2026 23:13:23,sell,0.20,EURGBP,0.86506,13/05/2026 10:38:18,0.86593,0.00,-1.70,-8.70,-25.24,0.00,0.00,-128.98,-47.60,20250105,MKDLOWVSELL,35.42,1.48days
12/05/2026 09:43:13,sell,0.40,EURGBP,0.86708,13/05/2026 10:38:15,0.86593,0.00,-1.69,11.50,60.55,69.21,13.10,-148.00,-27.40,20250105,MKDLOWVSELL,24.92,1.04days
12/05/2026 20:24:26,sell,0.10,CHFJPY,201.74000,13/05/2026 09:54:58,201.85200,0.00,-0.29,-11.20,-7.39,6.95,11.40,-26.16,-40.80,20250105,MKDLOWVSELL,13.51,13.51hrs
12/05/2026 22:33:59,sell,0.20,CHFJPY,201.85400,13/05/2026 09:54:51,201.85600,0.00,-0.59,-0.20,-0.85,28.36,22.80,-37.87,-29.40,20250105,MKDLOWVSELL,11.35,11.35hrs
13/05/2026 03:56:48,sell,0.40,CHFJPY,202.05900,13/05/2026 09:54:40,201.88300,0.00,0.00,17.60,44.62,48.94,19.30,-22.57,-8.90,20250105,MKDLOWVSELL,5.96,5.96hrs
11/05/2026 21:30:08,buy,0.10,GBPNZD,2.28625,13/05/2026 08:52:25,2.28043,0.00,0.06,-58.20,-34.51,0.42,0.70,-97.06,-163.30,20250105,MKDLOWVBUY,35.37,1.47days
11/05/2026 22:51:53,buy,0.20,GBPNZD,2.28519,13/05/2026 08:52:22,2.28042,0.00,0.12,-47.70,-56.55,0.12,0.00,-181.51,-152.70,20250105,MKDLOWVBUY,34.01,1.42days
12/05/2026 00:33:04,buy,0.40,GBPNZD,2.28316,13/05/2026 08:52:18,2.28028,0.00,0.12,-28.80,-68.32,4.28,1.80,-314.85,-132.40,20250105,MKDLOWVBUY,32.32,1.35days
12/05/2026 07:30:19,buy,0.80,GBPNZD,2.28028,13/05/2026 08:52:11,2.27987,0.00,0.24,-4.10,-19.24,30.98,6.50,-492.67,-103.60,20250105,MKDLOWVBUY,25.36,1.06days
12/05/2026 10:34:13,buy,1.60,GBPNZD,2.27654,13/05/2026 08:52:02,2.27985,0.00,0.48,33.10,315.09,364.56,38.30,-629.46,-66.20,20250105,MKDLOWVBUY,22.30,22.30hrs
12/05/2026 19:33:48,sell,0.10,EURAUD,1.62494,12/05/2026 21:07:03,1.62371,0.00,0.00,12.30,8.89,9.46,13.10,-6.64,-9.20,20250105,MKDLOWVSELL,1.55,1.55hrs
12/05/2026 13:00:27,sell,0.10,NZDJPY,93.71700,12/05/2026 16:57:56,93.70400,0.00,0.00,1.30,0.83,11.87,18.70,-10.22,-16.10,20250105,MKDLOWVSELL,3.96,3.96hrs
12/05/2026 15:50:13,sell,0.20,NZDJPY,93.83300,12/05/2026 16:57:53,93.70500,0.00,0.00,12.80,16.23,19.03,15.00,-5.71,-4.50,20250105,MKDLOWVSELL,1.13,1.13hrs
12/05/2026 11:00:37,sell,0.10,USDCAD,1.37015,12/05/2026 16:03:26,1.37011,0.00,0.00,0.40,0.29,1.53,2.10,-8.53,-11.70,20250105,MKDLOWVSELL,5.05,5.05hrs
12/05/2026 12:00:57,sell,0.10,CADJPY,115.01200,12/05/2026 13:00:12,114.95600,0.00,0.00,5.60,3.56,5.08,8.00,-3.17,-5.00,20250105,MKDLOWVSELL,0.99,0.99hrs
12/05/2026 08:30:49,buy,0.10,GBPCHF,1.05871,12/05/2026 12:41:16,1.05743,0.00,0.00,-12.80,-16.39,0.00,0.00,-58.16,-45.40,20250105,MKDLOWVBUY,4.17,4.17hrs
12/05/2026 08:56:28,buy,0.20,GBPCHF,1.05756,12/05/2026 12:41:13,1.05726,0.00,0.00,-3.00,-7.69,9.75,3.80,-86.85,-33.90,20250105,MKDLOWVBUY,3.75,3.75hrs
12/05/2026 10:43:59,buy,0.40,GBPCHF,1.05555,12/05/2026 12:41:09,1.05725,0.00,0.00,17.00,87.11,94.79,18.50,-70.71,-13.80,20250105,MKDLOWVBUY,1.95,1.95hrs
12/05/2026 04:00:18,buy,0.10,EURCAD,1.61064,12/05/2026 12:31:13,1.61005,0.00,0.00,-5.90,-4.31,1.46,2.00,-16.58,-22.70,20250105,MKDLOWVBUY,8.52,8.52hrs
12/05/2026 08:08:09,buy,0.20,EURCAD,1.60964,12/05/2026 12:31:09,1.61007,0.00,0.00,4.30,6.27,13.44,9.20,-18.55,-12.70,20250105,MKDLOWVBUY,4.38,4.38hrs
12/05/2026 08:00:06,sell,0.10,USDCAD,1.36920,12/05/2026 09:00:25,1.36885,0.00,0.00,3.50,2.56,3.58,4.90,-1.75,-2.40,20250105,MKDLOWVSELL,1.01,1.01hrs
11/05/2026 14:35:23,sell,0.10,NZDJPY,93.49500,12/05/2026 09:00:20,93.56900,0.00,-0.53,-7.40,-5.24,4.46,7.00,-29.78,-46.10,20250105,MKDLOWVSELL,18.42,18.42hrs
11/05/2026 16:46:11,sell,0.20,NZDJPY,93.58400,12/05/2026 09:00:17,93.57600,0.00,-1.05,0.80,-0.03,18.73,15.50,-48.26,-37.20,20250105,MKDLOWVSELL,16.23,16.23hrs
12/05/2026 02:12:04,sell,0.40,NZDJPY,93.78800,12/05/2026 09:00:13,93.57900,0.00,0.00,20.90,53.21,91.63,35.90,-42.64,-16.80,20250105,MKDLOWVSELL,6.80,6.80hrs
08/05/2026 21:00:03,sell,0.10,USDJPY,156.67800,12/05/2026 08:56:10,157.18400,0.00,-3.19,-50.60,-35.38,4.79,7.50,-71.72,-108.10,20250105,MKDLOWVSELL,83.94,3.50days
11/05/2026 01:34:55,sell,0.20,USDJPY,156.83700,12/05/2026 08:56:07,157.14400,0.00,-3.18,-30.70,-42.25,8.94,9.50,-120.08,-92.20,20250105,MKDLOWVSELL,31.35,1.31days
11/05/2026 05:00:31,sell,0.40,USDJPY,157.07300,12/05/2026 08:56:04,156.81200,0.00,-6.36,26.10,60.22,60.02,26.10,-180.32,-68.60,20250105,MKDLOWVSELL,27.93,1.16days
12/05/2026 03:49:25,sell,0.80,USDJPY,157.32700,12/05/2026 08:56:01,156.80100,0.00,0.00,52.60,268.37,267.57,52.60,-219.09,-43.20,20250105,MKDLOWVSELL,5.11,5.11hrs
12/05/2026 08:31:30,sell,1.60,USDJPY,157.68100,12/05/2026 08:55:57,157.18200,0.00,0.00,49.90,507.95,508.47,49.90,-79.12,-7.80,20250105,MKDLOWVSELL,0.41,0.41hrs
12/05/2026 02:58:23,sell,0.10,EURAUD,1.62550,12/05/2026 07:24:19,1.62571,0.00,0.00,-2.10,-1.52,1.81,2.50,-18.13,-25.10,20250105,MKDLOWVSELL,4.43,4.43hrs
12/05/2026 03:24:05,sell,0.20,EURAUD,1.62633,12/05/2026 07:24:16,1.62570,0.00,0.00,6.30,9.11,15.62,10.80,-24.27,-16.80,20250105,MKDLOWVSELL,4.00,4.00hrs
11/05/2026 17:29:50,sell,0.10,CADJPY,115.02200,11/05/2026 17:57:43,114.90400,0.00,0.00,11.80,7.52,7.64,12.00,-3.95,-6.20,20250105,MKDLOWVSELL,0.46,0.46hrs
11/05/2026 13:00:11,buy,0.10,EURCAD,1.60861,11/05/2026 15:31:09,1.60968,0.00,0.00,10.70,7.83,9.07,12.40,-7.54,-10.30,20250105,MKDLOWVBUY,2.52,2.52hrs
11/05/2026 13:18:04,buy,0.10,AUDUSD,0.72381,11/05/2026 14:35:06,0.72462,0.00,0.00,8.10,8.10,9.80,9.80,-2.00,-2.00,20250105,MKDLOWVBUY,1.28,1.28hrs
11/05/2026 10:44:02,sell,0.10,NZDJPY,93.41500,11/05/2026 13:16:29,93.42900,0.00,0.00,-1.40,-0.89,1.08,1.70,-7.90,-12.40,20250105,MKDLOWVSELL,2.54,2.54hrs
11/05/2026 09:44:46,buy,0.10,GBPCHF,1.05762,11/05/2026 11:13:00,1.05874,0.00,0.00,11.20,14.39,15.80,12.30,-3.86,-3.00,20250105,MKDLOWVBUY,1.47,1.47hrs
11/05/2026 07:12:54,buy,0.10,EURCAD,1.60944,11/05/2026 11:09:46,1.60941,0.00,0.00,-0.30,-0.22,2.41,3.30,-10.16,-13.90,20250105,MKDLOWVBUY,3.95,3.95hrs
11/05/2026 09:20:23,buy,0.20,EURCAD,1.60840,11/05/2026 11:09:43,1.60941,0.00,0.00,10.10,14.78,20.04,13.70,-5.12,-3.50,20250105,MKDLOWVBUY,1.82,1.82hrs
11/05/2026 08:58:41,buy,0.10,GBPUSD,1.35843,11/05/2026 09:57:26,1.35968,0.00,0.00,12.50,12.50,13.60,13.60,-4.30,-4.30,20250105,MKDLOWVBUY,0.98,0.98hrs
11/05/2026 03:52:38,sell,0.10,AUDJPY,113.60600,11/05/2026 08:00:12,113.59800,0.00,0.00,0.80,0.51,5.92,9.30,-6.18,-9.70,20250105,MKDLOWVSELL,4.13,4.13hrs
11/05/2026 02:34:43,sell,0.10,CHFJPY,201.66200,11/05/2026 07:12:20,201.72400,0.00,0.00,-6.20,-3.94,0.00,0.00,-13.49,-21.20,20250105,MKDLOWVSELL,4.63,4.63hrs
11/05/2026 03:48:29,sell,0.20,CHFJPY,201.76300,11/05/2026 07:12:16,201.72600,0.00,0.00,3.70,4.71,10.83,8.50,-14.13,-11.10,20250105,MKDLOWVSELL,3.40,3.40hrs
11/05/2026 01:21:40,buy,0.10,EURUSD,1.17612,11/05/2026 03:40:03,1.17688,0.00,0.00,7.60,7.60,10.30,10.30,-2.40,-2.40,20250105,MKDLOWVBUY,2.31,2.31hrs
08/05/2026 19:31:18,sell,0.10,CADJPY,114.47000,11/05/2026 00:47:18,114.52600,0.00,-0.93,-5.60,-4.50,1.34,2.10,-10.91,-17.10,20250105,MKDLOWVSELL,53.27,2.22days
08/05/2026 22:25:19,sell,0.20,CADJPY,114.57300,11/05/2026 00:47:14,114.52800,0.00,-1.86,4.50,3.88,9.90,9.20,-8.68,-6.80,20250105,MKDLOWVSELL,50.37,2.10days
08/05/2026 19:00:42,sell,0.10,GBPJPY,213.39300,11/05/2026 00:43:44,212.97600,0.00,-2.30,41.70,24.31,63.98,103.70,-21.82,-34.20,20250105,MKDLOWVSELL,53.72,2.24days
08/05/2026 22:10:23,sell,0.20,GBPJPY,213.50300,11/05/2026 00:43:41,212.95600,0.00,-4.60,54.70,65.22,142.03,114.70,-29.61,-23.20,20250105,MKDLOWVSELL,50.55,2.11days
08/05/2026 16:33:58,buy,0.10,USDCHF,0.77693,08/05/2026 17:10:49,0.77804,0.00,0.00,11.10,14.27,16.58,12.90,-5.67,-4.40,20250105,MKDLOWVBUY,0.61,0.61hrs
08/05/2026 04:00:23,sell,0.10,NZDJPY,93.21300,08/05/2026 16:06:08,93.32200,0.00,0.00,-10.90,-6.95,7.39,11.60,-21.69,-34.00,20250105,MKDLOWVSELL,12.10,12.10hrs
08/05/2026 09:09:44,sell,0.20,NZDJPY,93.31400,08/05/2026 16:06:05,93.32000,0.00,0.00,-0.60,-0.76,16.22,12.70,-30.50,-23.90,20250105,MKDLOWVSELL,6.94,6.94hrs
08/05/2026 13:35:32,sell,0.40,NZDJPY,93.51400,08/05/2026 16:06:02,93.32100,0.00,0.00,19.30,49.27,83.51,32.70,-10.97,-4.30,20250105,MKDLOWVSELL,2.51,2.51hrs
08/05/2026 09:30:10,buy,0.10,AUDNZD,1.21418,08/05/2026 14:32:06,1.21340,0.00,0.00,-7.80,-4.65,0.83,1.40,-9.07,-15.20,20250105,MKDLOWVBUY,5.03,5.03hrs
08/05/2026 11:34:12,buy,0.20,AUDNZD,1.21331,08/05/2026 14:32:02,1.21342,0.00,0.00,1.10,1.31,4.17,3.50,-7.76,-6.50,20250105,MKDLOWVBUY,2.96,2.96hrs
07/05/2026 23:00:06,sell,0.10,USDCAD,1.36515,08/05/2026 07:50:20,1.36566,0.00,-1.88,-5.10,-5.61,3.44,4.70,-13.88,-16.40,20250105,MKDLOWVSELL,8.84,8.84hrs
08/05/2026 02:00:13,sell,0.20,USDCAD,1.36625,08/05/2026 07:50:16,1.36566,0.00,0.00,5.90,8.64,10.40,7.10,-4.39,-3.00,20250105,MKDLOWVSELL,5.83,5.83hrs
08/05/2026 07:04:49,buy,0.10,GBPCAD,1.85131,08/05/2026 07:49:28,1.85222,0.00,0.00,9.10,6.66,8.79,12.00,-4.17,-5.70,20250105,MKDLOWVBUY,0.74,0.74hrs
07/05/2026 12:00:39,sell,0.10,NZDJPY,93.41100,07/05/2026 16:01:22,93.45200,0.00,0.00,-4.10,-2.62,1.85,2.90,-10.17,-15.90,20250105,MKDLOWVSELL,4.01,4.01hrs
07/05/2026 13:45:07,sell,0.20,NZDJPY,93.51400,07/05/2026 16:01:18,93.45400,0.00,0.00,6.00,7.68,12.16,9.50,-7.16,-5.60,20250105,MKDLOWVSELL,2.27,2.27hrs
07/05/2026 09:00:09,buy,0.10,GBPCHF,1.05905,07/05/2026 10:47:41,1.05932,0.00,0.00,2.70,3.47,6.17,4.80,-6.30,-4.90,20250105,MKDLOWVBUY,1.79,1.79hrs
06/05/2026 00:27:46,buy,0.10,AUDNZD,1.22025,07/05/2026 09:42:50,1.21631,0.00,0.36,-39.40,-23.12,4.72,8.00,-50.61,-85.60,20250105,MKDLOWVBUY,33.25,1.39days
06/05/2026 07:27:40,buy,0.20,AUDNZD,1.21908,07/05/2026 09:42:47,1.21626,0.00,0.72,-28.20,-32.90,3.33,2.80,-87.28,-73.90,20250105,MKDLOWVBUY,26.25,1.09days
06/05/2026 10:26:22,buy,0.40,AUDNZD,1.21707,07/05/2026 09:42:44,1.21627,0.00,1.44,-8.00,-17.64,2.38,1.00,-126.69,-53.80,20250105,MKDLOWVBUY,23.27,23.27hrs
06/05/2026 14:02:30,buy,0.80,AUDNZD,1.21471,07/05/2026 09:42:40,1.21602,0.00,2.87,13.10,65.36,79.19,16.00,-140.98,-30.20,20250105,MKDLOWVBUY,19.67,19.67hrs
07/05/2026 02:42:23,sell,0.10,USDCAD,1.36348,07/05/2026 04:45:30,1.36308,0.00,0.00,4.00,2.93,4.48,6.10,-5.72,-7.80,20250105,MKDLOWVSELL,2.05,2.05hrs
06/05/2026 21:00:23,sell,0.10,AUDJPY,113.17100,07/05/2026 04:31:02,113.11700,0.00,-3.09,5.40,0.37,6.26,14.60,-10.57,-11.70,20250105,MKDLOWVSELL,7.51,7.51hrs
06/05/2026 23:00:12,buy,0.10,GBPCHF,1.05889,07/05/2026 03:51:12,1.05876,0.00,2.47,-1.30,0.80,5.68,2.50,-28.63,-24.20,20250105,MKDLOWVBUY,4.85,4.85hrs
06/05/2026 21:00:04,sell,0.10,USDCAD,1.36369,06/05/2026 23:31:49,1.36308,0.00,0.00,6.10,4.48,5.21,7.10,-3.81,-5.20,20250105,MKDLOWVSELL,2.53,2.53hrs
30/04/2026 13:00:58,buy,0.10,EURCHF,0.92098,06/05/2026 12:35:28,0.91705,0.00,0.97,-39.30,-49.45,0.97,0.00,-103.82,-81.20,20250105,MKDLOWVBUY,143.57,5.98days
30/04/2026 14:17:28,buy,0.20,EURCHF,0.91987,06/05/2026 12:35:25,0.91704,0.00,1.95,-28.30,-70.67,1.95,0.60,-179.17,-70.10,20250105,MKDLOWVBUY,142.30,5.93days
30/04/2026 15:30:08,buy,0.40,EURCHF,0.91779,06/05/2026 12:35:23,0.91705,0.00,3.90,-7.40,-34.08,72.38,14.20,-251.62,-49.30,20250105,MKDLOWVBUY,141.09,5.88days
05/05/2026 17:59:46,buy,0.80,EURCHF,0.91522,06/05/2026 12:35:19,0.91698,0.00,2.60,17.60,183.26,242.69,23.40,-171.41,-17.00,20250105,MKDLOWVBUY,18.59,18.59hrs
06/05/2026 04:58:47,sell,0.10,CHFJPY,201.79400,06/05/2026 07:27:21,201.58300,0.00,0.00,21.10,13.40,13.42,21.10,-15.08,-23.80,20250105,MKDLOWVSELL,2.48,2.48hrs
06/05/2026 06:06:07,sell,0.20,CHFJPY,201.89500,06/05/2026 07:27:17,201.68000,0.00,0.00,21.50,27.29,37.70,29.60,-17.36,-13.70,20250105,MKDLOWVSELL,1.35,1.35hrs
05/05/2026 15:15:23,sell,0.10,USDJPY,157.70100,06/05/2026 01:55:28,157.65900,0.00,0.00,4.20,2.66,5.33,8.40,-16.66,-26.30,20250105,MKDLOWVSELL,10.67,10.67hrs
05/05/2026 20:07:38,sell,0.20,USDJPY,157.83100,06/05/2026 01:55:24,157.65900,0.00,0.00,17.20,21.82,21.83,17.20,-16.85,-13.30,20250105,MKDLOWVSELL,5.80,5.80hrs
05/05/2026 18:13:30,sell,0.10,EURJPY,184.59700,06/05/2026 00:17:26,184.64100,0.00,0.00,-4.40,-2.78,3.93,6.20,-10.77,-17.00,20250105,MKDLOWVSELL,6.07,6.07hrs
05/05/2026 20:40:26,sell,0.20,EURJPY,184.69900,06/05/2026 00:17:21,184.62600,0.00,0.00,7.30,9.24,12.81,10.10,-8.61,-6.80,20250105,MKDLOWVSELL,3.62,3.62hrs
05/05/2026 12:05:37,buy,0.10,EURNZD,1.98825,05/05/2026 22:43:25,1.98629,0.00,0.00,-19.60,-11.53,4.23,7.20,-31.92,-54.10,20250105,MKDLOWVBUY,10.63,10.63hrs
05/05/2026 12:59:56,buy,0.20,EURNZD,1.98761,05/05/2026 22:43:22,1.98629,0.00,0.00,-13.20,-15.55,15.98,13.60,-56.29,-47.70,20250105,MKDLOWVBUY,9.72,9.72hrs
05/05/2026 18:03:18,buy,0.40,EURNZD,1.98559,05/05/2026 22:43:18,1.98629,0.00,0.00,7.00,16.48,27.08,11.50,-64.90,-27.50,20250105,MKDLOWVBUY,4.67,4.67hrs
05/05/2026 18:30:36,buy,0.10,AUDNZD,1.21896,05/05/2026 20:33:24,1.21956,0.00,0.00,6.00,3.54,6.24,10.60,-3.48,-5.90,20250105,MKDLOWVBUY,2.05,2.05hrs
05/05/2026 15:06:45,sell,0.10,USDJPY,157.78000,05/05/2026 15:11:54,157.67700,0.00,0.00,10.30,6.53,6.53,10.30,-2.34,-3.70,20250105,MKDLOWVSELL,0.09,0.09hrs
05/05/2026 11:15:16,sell,0.10,USDJPY,157.26500,05/05/2026 12:01:30,157.44000,0.00,0.00,-17.50,-11.12,0.95,1.50,-37.57,-59.30,20250105,MKDLOWVSELL,0.77,0.77hrs
05/05/2026 12:00:15,sell,0.20,USDJPY,157.67200,05/05/2026 12:01:27,157.35900,0.00,0.00,31.30,39.78,42.59,33.50,-24.20,-19.10,20250105,MKDLOWVSELL,0.02,0.02hrs
05/05/2026 00:15:04,buy,0.10,AUDUSD,0.71704,05/05/2026 10:36:55,0.71580,0.00,0.00,-12.40,-12.40,0.40,0.40,-35.40,-35.40,20250105,MKDLOWVBUY,10.36,10.36hrs
05/05/2026 03:34:55,buy,0.20,AUDUSD,0.71594,05/05/2026 10:36:52,0.71576,0.00,0.00,-1.80,-3.60,21.20,10.60,-48.80,-24.40,20250105,MKDLOWVBUY,7.03,7.03hrs
05/05/2026 08:39:08,buy,0.40,AUDUSD,0.71381,05/05/2026 10:36:48,0.71562,0.00,0.00,18.10,72.40,76.80,19.20,-11.60,-2.90,20250105,MKDLOWVBUY,1.96,1.96hrs
05/05/2026 08:31:05,buy,0.10,AUDNZD,1.21949,05/05/2026 10:35:07,1.21795,0.00,0.00,-15.40,-9.04,0.00,0.00,-23.93,-40.80,20250105,MKDLOWVBUY,2.07,2.07hrs
05/05/2026 08:34:26,buy,0.20,AUDNZD,1.21823,05/05/2026 10:35:04,1.21796,0.00,0.00,-2.70,-3.17,1.41,1.20,-33.09,-28.20,20250105,MKDLOWVBUY,2.01,2.01hrs
05/05/2026 08:38:56,buy,0.40,AUDNZD,1.21582,05/05/2026 10:35:01,1.21790,0.00,0.00,20.80,48.87,55.43,23.60,-8.21,-3.50,20250105,MKDLOWVBUY,1.93,1.93hrs
04/05/2026 23:10:19,sell,0.10,USDJPY,157.11700,05/05/2026 10:08:05,157.15400,0.00,0.00,-3.70,-2.35,0.51,0.80,-12.21,-19.20,20250105,MKDLOWVSELL,10.96,10.96hrs
04/05/2026 23:26:13,sell,0.20,USDJPY,157.24800,05/05/2026 10:08:02,157.15400,0.00,0.00,9.40,11.96,17.70,13.90,-7.76,-6.10,20250105,MKDLOWVSELL,10.70,10.70hrs
05/05/2026 06:30:06,buy,0.10,GBPCHF,1.06054,05/05/2026 10:01:55,1.06148,0.00,0.00,9.40,11.99,14.41,11.30,-4.97,-3.90,20250105,MKDLOWVBUY,3.53,3.53hrs
04/05/2026 23:26:26,sell,0.10,AUDJPY,112.62800,05/05/2026 03:36:29,112.58900,0.00,0.00,3.90,2.48,4.13,6.50,-9.86,-15.50,20250105,MKDLOWVSELL,4.17,4.17hrs
04/05/2026 21:00:03,sell,0.10,USDJPY,157.21700,04/05/2026 21:58:27,157.08800,0.00,0.00,12.90,8.21,8.21,12.90,-4.45,-7.00,20250105,MKDLOWVSELL,0.97,0.97hrs
04/05/2026 18:30:12,buy,0.10,GBPCAD,1.84199,04/05/2026 20:17:37,1.84251,0.00,0.00,5.20,3.82,5.07,6.90,-15.79,-21.50,20250105,MKDLOWVBUY,1.79,1.79hrs
04/05/2026 19:09:27,buy,0.20,GBPCAD,1.84089,04/05/2026 20:17:34,1.84242,0.00,0.00,15.30,22.49,24.68,16.80,-15.42,-10.50,20250105,MKDLOWVBUY,1.14,1.14hrs
04/05/2026 19:02:53,buy,0.10,AUDUSD,0.71671,04/05/2026 20:17:26,0.71704,0.00,0.00,3.30,3.30,4.90,4.90,-14.30,-14.30,20250105,MKDLOWVBUY,1.24,1.24hrs
04/05/2026 19:11:30,buy,0.20,AUDUSD,0.71567,04/05/2026 20:17:22,0.71700,0.00,0.00,13.30,26.60,29.20,14.60,-7.80,-3.90,20250105,MKDLOWVBUY,1.10,1.10hrs
04/05/2026 16:57:51,buy,0.10,USDCHF,0.78278,04/05/2026 19:00:39,0.78322,0.00,0.00,4.40,5.62,13.01,10.20,-10.36,-8.10,20250105,MKDLOWVBUY,2.05,2.05hrs
04/05/2026 18:00:52,sell,0.10,CHFJPY,200.71800,04/05/2026 18:52:43,200.66900,0.00,0.00,4.90,3.12,4.96,7.80,-9.23,-14.50,20250105,MKDLOWVSELL,0.86,0.86hrs
04/05/2026 18:16:20,sell,0.20,CHFJPY,200.81500,04/05/2026 18:52:40,200.65800,0.00,0.00,15.70,19.98,22.27,17.50,-6.62,-5.20,20250105,MKDLOWVSELL,0.61,0.61hrs
04/05/2026 16:10:12,sell,0.10,AUDJPY,112.93000,04/05/2026 17:40:46,112.82300,0.00,0.00,10.70,6.81,7.26,11.40,-1.27,-2.00,20250105,MKDLOWVSELL,1.51,1.51hrs
04/05/2026 16:00:04,sell,0.10,AUDJPY,112.91400,04/05/2026 16:03:49,112.82500,0.00,0.00,8.90,5.66,5.73,9.00,-1.15,-1.80,20250105,MKDLOWVSELL,0.06,0.06hrs
04/05/2026 15:02:08,buy,0.10,EURUSD,1.16956,04/05/2026 15:18:27,1.17060,0.00,0.00,10.40,10.40,12.80,12.80,-1.30,-1.30,20250105,MKDLOWVBUY,0.27,0.27hrs
04/05/2026 12:57:18,buy,0.10,GBPCAD,1.84489,04/05/2026 15:16:58,1.84470,0.00,0.00,-1.90,-1.40,0.73,1.00,-24.61,-33.50,20250105,MKDLOWVBUY,2.33,2.33hrs
04/05/2026 13:03:55,buy,0.20,GBPCAD,1.84338,04/05/2026 15:16:53,1.84475,0.00,0.00,13.70,20.13,23.21,15.80,-27.04,-18.40,20250105,MKDLOWVBUY,2.22,2.22hrs
04/05/2026 13:04:45,buy,0.10,GBPUSD,1.35479,04/05/2026 13:32:11,1.35507,0.00,0.00,2.80,2.80,5.50,5.50,-25.30,-25.30,20250105,MKDLOWVBUY,0.46,0.46hrs
04/05/2026 13:08:22,buy,0.20,GBPUSD,1.35348,04/05/2026 13:32:07,1.35507,0.00,0.00,15.90,31.80,31.80,15.90,-24.40,-12.20,20250105,MKDLOWVBUY,0.40,0.40hrs
30/04/2026 12:31:56,buy,0.10,USDCHF,0.78786,04/05/2026 13:04:23,0.78368,0.00,0.28,-41.80,-53.06,5.58,4.40,-140.79,-109.60,20250105,MKDLOWVBUY,96.54,4.02days
30/04/2026 13:34:26,buy,0.20,USDCHF,0.78620,04/05/2026 13:04:20,0.78366,0.00,0.57,-25.40,-64.25,8.65,3.40,-238.84,-93.00,20250105,MKDLOWVBUY,95.50,3.98days
30/04/2026 15:54:04,buy,0.40,USDCHF,0.78383,04/05/2026 13:04:17,0.78364,0.00,1.13,-1.90,-8.57,70.30,13.80,-355.67,-69.30,20250105,MKDLOWVBUY,93.17,3.88days
30/04/2026 17:57:10,buy,0.80,USDCHF,0.78143,04/05/2026 13:04:14,0.78381,0.00,2.26,23.80,245.18,264.51,25.70,-464.21,-45.30,20250105,MKDLOWVBUY,91.12,3.80days
04/05/2026 12:30:52,sell,0.10,AUDJPY,112.98100,04/05/2026 13:04:07,112.87700,0.00,0.00,10.40,6.62,7.83,12.30,-3.12,-4.90,20250105,MKDLOWVSELL,0.55,0.55hrs
04/05/2026 09:32:05,sell,0.10,NZDJPY,92.80100,04/05/2026 09:46:39,92.65800,0.00,0.00,14.30,9.11,9.18,14.40,-1.53,-2.40,20250105,MKDLOWVSELL,0.24,0.24hrs
04/05/2026 06:01:41,sell,0.10,NZDJPY,92.91000,04/05/2026 06:45:18,92.73500,0.00,0.00,17.50,11.16,11.26,17.60,-5.66,-8.90,20250105,MKDLOWVSELL,0.73,0.73hrs
01/05/2026 01:01:39,buy,0.10,EURCAD,1.59425,01/05/2026 10:52:00,1.59368,0.00,0.00,-5.70,-4.20,0.00,0.00,-19.16,-26.00,20250105,MKDLOWVBUY,9.84,9.84hrs
01/05/2026 02:10:33,buy,0.20,EURCAD,1.59329,01/05/2026 10:51:57,1.59361,0.00,0.00,3.20,4.71,11.78,8.00,-24.17,-16.40,20250105,MKDLOWVBUY,8.69,8.69hrs
30/04/2026 10:31:38,buy,0.10,AUDNZD,1.22084,30/04/2026 17:37:34,1.22002,0.00,0.00,-8.20,-4.82,2.86,4.90,-16.72,-28.50,20250105,MKDLOWVBUY,7.10,7.10hrs
30/04/2026 14:14:26,buy,0.20,AUDNZD,1.21979,30/04/2026 17:37:29,1.22001,0.00,0.00,2.20,2.59,10.22,8.70,-21.12,-18.00,20250105,MKDLOWVBUY,3.38,3.38hrs
29/04/2026 15:00:09,buy,0.10,GBPCAD,1.84769,30/04/2026 11:04:47,1.84400,0.00,0.53,-36.90,-26.47,4.52,6.20,-47.77,-66.10,20250105,MKDLOWVBUY,20.08,20.08hrs
29/04/2026 15:50:25,buy,0.20,GBPCAD,1.84670,30/04/2026 11:04:44,1.84397,0.00,1.06,-27.30,-38.89,23.49,16.10,-81.07,-56.20,20250105,MKDLOWVBUY,19.24,19.24hrs
29/04/2026 18:56:14,buy,0.40,GBPCAD,1.84471,30/04/2026 11:04:42,1.84403,0.00,2.12,-6.80,-17.79,12.28,4.20,-103.98,-36.30,20250105,MKDLOWVBUY,16.14,16.14hrs
30/04/2026 07:32:08,buy,0.80,GBPCAD,1.84209,30/04/2026 11:04:38,1.84405,0.00,0.00,19.60,114.74,137.54,23.50,-59.04,-10.10,20250105,MKDLOWVBUY,3.54,3.54hrs
30/04/2026 03:00:10,buy,0.10,USDCAD,1.36718,30/04/2026 05:32:20,1.36782,0.00,0.00,6.40,4.68,7.31,10.00,-3.59,-4.90,20250105,MKDLOWVBUY,2.54,2.54hrs
29/04/2026 04:30:59,buy,0.10,AUDUSD,0.71725,30/04/2026 03:00:56,0.71296,0.00,-0.17,-42.90,-43.07,4.50,4.50,-71.50,-71.50,20250105,MKDLOWVBUY,22.50,22.50hrs
29/04/2026 05:55:57,buy,0.20,AUDUSD,0.71625,30/04/2026 03:00:53,0.71297,0.00,-0.34,-32.80,-65.94,6.80,3.40,-123.00,-61.50,20250105,MKDLOWVBUY,21.08,21.08hrs
29/04/2026 16:34:55,buy,0.40,AUDUSD,0.71403,30/04/2026 03:00:50,0.71296,0.00,-0.67,-10.70,-43.47,19.20,4.80,-157.20,-39.30,20250105,MKDLOWVBUY,10.43,10.43hrs
29/04/2026 21:37:51,buy,0.80,AUDUSD,0.71112,30/04/2026 03:00:46,0.71298,0.00,-1.34,18.60,147.46,171.46,21.60,-81.60,-10.20,20250105,MKDLOWVBUY,5.38,5.38hrs
29/04/2026 08:59:29,buy,0.10,GBPUSD,1.35064,29/04/2026 14:00:21,1.35090,0.00,0.00,2.60,2.60,6.00,6.00,-12.20,-12.20,20250105,MKDLOWVBUY,5.01,5.01hrs
29/04/2026 09:17:55,buy,0.10,GBPCAD,1.84823,29/04/2026 12:53:09,1.84858,0.00,0.00,3.50,2.55,3.51,4.80,-18.35,-25.10,20250105,MKDLOWVBUY,3.59,3.59hrs
29/04/2026 10:46:29,buy,0.20,GBPCAD,1.84723,29/04/2026 12:53:05,1.84847,0.00,0.00,12.40,18.12,21.62,14.80,-22.08,-15.10,20250105,MKDLOWVBUY,2.11,2.11hrs
29/04/2026 05:00:09,buy,0.10,GBPCHF,1.06652,29/04/2026 12:33:04,1.06587,0.00,0.00,-6.50,-8.23,0.00,0.00,-19.52,-15.40,20250105,MKDLOWVBUY,7.55,7.55hrs
29/04/2026 10:00:11,buy,0.20,GBPCHF,1.06526,29/04/2026 12:33:00,1.06585,0.00,0.00,5.90,14.94,25.32,10.00,-6.59,-2.60,20250105,MKDLOWVBUY,2.55,2.55hrs
29/04/2026 05:30:13,buy,0.10,GBPJPY,215.76400,29/04/2026 12:30:04,215.70300,0.00,0.00,-6.10,-3.81,0.00,0.00,-17.73,-28.30,20250105,MKDLOWVBUY,7.00,7.00hrs
29/04/2026 08:35:04,buy,0.20,GBPJPY,215.65900,29/04/2026 12:29:59,215.70700,0.00,0.00,4.80,6.00,11.64,9.30,-22.31,-17.80,20250105,MKDLOWVBUY,3.92,3.92hrs
28/04/2026 22:31:00,sell,0.10,USDJPY,159.63500,29/04/2026 01:35:32,159.59400,0.00,0.00,4.10,2.57,5.83,9.30,-4.45,-7.10,20250105,MKDLOWVSELL,3.08,3.08hrs
28/04/2026 19:01:14,buy,0.10,AUDNZD,1.21950,28/04/2026 20:31:19,1.21998,0.00,0.00,4.80,2.83,4.88,8.30,-1.77,-3.00,20250105,MKDLOWVBUY,1.50,1.50hrs
28/04/2026 10:01:13,buy,0.10,GBPUSD,1.35052,28/04/2026 15:48:37,1.34889,0.00,0.00,-16.30,-16.30,9.30,9.30,-42.80,-42.80,20250105,MKDLOWVBUY,5.79,5.79hrs
28/04/2026 12:37:46,buy,0.20,GBPUSD,1.34901,28/04/2026 15:48:34,1.34899,0.00,0.00,-0.20,-0.40,9.20,4.60,-55.40,-27.70,20250105,MKDLOWVBUY,3.18,3.18hrs
28/04/2026 14:52:00,buy,0.40,GBPUSD,1.34696,28/04/2026 15:48:30,1.34901,0.00,0.00,20.50,82.00,87.60,21.90,-28.80,-7.20,20250105,MKDLOWVBUY,0.94,0.94hrs
27/04/2026 09:00:08,buy,0.10,EURCAD,1.60206,28/04/2026 14:18:03,1.59848,0.00,-0.48,-35.80,-26.67,0.00,0.00,-60.32,-81.60,20250105,MKDLOWVBUY,29.30,1.22days
27/04/2026 09:12:49,buy,0.20,EURCAD,1.60100,28/04/2026 14:18:00,1.59829,0.00,-0.97,-27.10,-40.62,14.80,10.10,-105.10,-71.00,20250105,MKDLOWVBUY,29.09,1.21days
27/04/2026 12:23:04,buy,0.40,EURCAD,1.59889,28/04/2026 14:17:57,1.59848,0.00,-1.93,-4.10,-13.93,0.00,0.00,-148.30,-49.90,20250105,MKDLOWVBUY,25.91,1.08days
27/04/2026 21:20:39,buy,0.80,EURCAD,1.59653,28/04/2026 14:17:53,1.59828,0.00,-3.86,17.50,98.58,124.89,22.00,-158.15,-26.30,20250105,MKDLOWVBUY,16.95,16.95hrs
13/04/2026 10:00:09,sell,0.10,CHFJPY,201.85800,28/04/2026 06:05:08,202.53400,0.00,-2.81,-67.60,-45.25,0.00,0.00,-166.94,-262.70,20250105,MKDLOWVSELL,356.08,14.84days
13/04/2026 10:05:08,sell,0.20,CHFJPY,201.97300,28/04/2026 06:05:05,202.55600,0.00,-5.68,-58.30,-78.87,3.51,2.80,-319.49,-251.20,20250105,MKDLOWVSELL,356.00,14.83days
13/04/2026 14:05:11,sell,0.40,CHFJPY,202.20300,28/04/2026 06:05:02,202.50900,0.00,-11.34,-30.60,-88.18,41.05,16.40,-581.22,-228.20,20250105,MKDLOWVSELL,352.00,14.67days
13/04/2026 17:19:23,sell,0.80,CHFJPY,202.46200,28/04/2026 06:04:59,202.48400,0.00,-22.67,-2.20,-33.72,12.03,2.40,-1032.39,-202.30,20250105,MKDLOWVSELL,348.76,14.53days
13/04/2026 19:07:06,sell,1.60,CHFJPY,202.84300,28/04/2026 06:04:55,202.47000,0.00,-45.36,37.30,329.43,361.66,40.50,-1682.19,-164.20,20250105,MKDLOWVSELL,346.96,14.46days
28/04/2026 06:04:18,sell,0.10,USDJPY,159.49900,28/04/2026 06:04:29,159.37200,0.00,0.00,12.70,7.97,7.98,12.70,-1.13,-1.80,20250105,MKDLOWVSELL,0.00,0.00hrs
28/04/2026 04:00:13,sell,0.10,USDJPY,159.46100,28/04/2026 06:04:04,159.34200,0.00,0.00,11.90,7.47,7.47,11.90,-7.46,-11.90,20250105,MKDLOWVSELL,2.06,2.06hrs
27/04/2026 10:06:54,buy,0.10,AUDNZD,1.21691,27/04/2026 23:00:05,1.21592,0.00,0.00,-9.90,-5.84,1.06,1.80,-13.79,-23.30,20250105,MKDLOWVBUY,12.89,12.89hrs
27/04/2026 11:51:02,buy,0.20,AUDNZD,1.21597,27/04/2026 23:00:00,1.21594,0.00,0.00,-0.30,-0.35,4.61,3.90,-16.46,-13.90,20250105,MKDLOWVBUY,11.15,11.15hrs
27/04/2026 11:01:58,buy,0.10,USDCAD,1.36373,27/04/2026 18:27:18,1.36176,0.00,0.00,-19.70,-14.47,0.00,0.00,-29.57,-40.20,20250105,MKDLOWVBUY,7.42,7.42hrs
27/04/2026 11:12:28,buy,0.20,USDCAD,1.36266,27/04/2026 18:27:15,1.36175,0.00,0.00,-9.10,-13.37,3.38,2.30,-43.39,-29.50,20250105,MKDLOWVBUY,7.25,7.25hrs
27/04/2026 15:10:15,buy,0.40,USDCAD,1.36025,27/04/2026 18:27:12,1.36177,0.00,0.00,15.20,44.65,56.38,19.20,-15.89,-5.40,20250105,MKDLOWVBUY,3.28,3.28hrs
27/04/2026 09:00:32,buy,0.10,GBPCAD,1.84909,27/04/2026 17:57:21,1.84545,0.00,0.00,-36.40,-26.73,0.59,0.80,-55.58,-75.60,20250105,MKDLOWVBUY,8.95,8.95hrs
27/04/2026 10:21:41,buy,0.20,GBPCAD,1.84805,27/04/2026 17:57:17,1.84530,0.00,0.00,-27.50,-40.40,0.59,0.40,-95.86,-65.20,20250105,MKDLOWVBUY,7.59,7.59hrs
27/04/2026 11:11:06,buy,0.40,GBPCAD,1.84601,27/04/2026 17:57:14,1.84537,0.00,0.00,-6.40,-18.80,1.47,0.50,-131.73,-44.80,20250105,MKDLOWVBUY,6.77,6.77hrs
27/04/2026 16:03:01,buy,0.80,GBPCAD,1.84300,27/04/2026 17:57:12,1.84527,0.00,0.00,22.70,133.37,162.13,27.60,-42.94,-7.30,20250105,MKDLOWVBUY,1.90,1.90hrs
27/04/2026 01:02:33,buy,0.10,GBPUSD,1.35237,27/04/2026 04:03:06,1.35307,0.00,0.00,7.00,7.00,10.00,10.00,-25.40,-25.40,20250105,MKDLOWVBUY,3.01,3.01hrs
24/04/2026 18:30:12,buy,0.10,EURCAD,1.60190,27/04/2026 04:01:47,1.60186,0.00,-0.48,-0.40,-0.77,6.94,9.50,-25.36,-34.00,20250105,MKDLOWVBUY,57.53,2.40days
24/04/2026 22:39:44,buy,0.10,AUDCAD,0.97710,27/04/2026 03:41:19,0.97740,0.00,0.00,3.00,2.19,4.75,6.50,-19.46,-26.60,20250105,MKDLOWVBUY,53.03,2.21days
24/04/2026 19:00:49,buy,0.10,USDJPY,159.34700,27/04/2026 01:02:15,159.51900,0.00,0.01,17.20,10.79,13.17,21.00,-2.76,-4.40,20250105,MKDLOWVBUY,54.02,2.25days
24/04/2026 11:00:14,sell,0.10,CADJPY,116.56300,24/04/2026 14:21:57,116.52600,0.00,0.00,3.70,2.32,2.57,4.10,-10.77,-17.20,20250105,MKDLOWVSELL,3.36,3.36hrs
24/04/2026 11:35:42,sell,0.20,CADJPY,116.67400,24/04/2026 14:21:54,116.52400,0.00,0.00,15.00,18.81,19.07,15.20,-7.64,-6.10,20250105,MKDLOWVSELL,2.77,2.77hrs
24/04/2026 11:35:08,buy,0.10,EURCAD,1.60064,24/04/2026 13:56:28,1.60111,0.00,0.00,4.70,3.43,4.17,5.70,-9.57,-13.10,20250105,MKDLOWVBUY,2.36,2.36hrs
24/04/2026 12:19:13,buy,0.20,EURCAD,1.59963,24/04/2026 13:56:25,1.60108,0.00,0.00,14.50,21.19,23.09,15.80,-4.38,-3.00,20250105,MKDLOWVBUY,1.62,1.62hrs
24/04/2026 12:04:08,buy,0.10,GBPCAD,1.84467,24/04/2026 12:42:47,1.84582,0.00,0.00,11.50,8.40,9.42,12.90,-3.51,-4.80,20250105,MKDLOWVBUY,0.64,0.64hrs
24/04/2026 05:30:07,sell,0.10,EURAUD,1.63958,24/04/2026 08:33:33,1.63939,0.00,0.00,1.90,1.35,4.35,6.10,-9.39,-13.20,20250105,MKDLOWVSELL,3.06,3.06hrs
23/04/2026 22:35:36,sell,0.10,CADJPY,116.60800,24/04/2026 06:00:24,116.57800,0.00,-0.98,3.00,0.90,9.17,16.20,-5.55,-7.30,20250105,MKDLOWVSELL,7.41,7.41hrs
23/04/2026 20:40:50,buy,0.10,AUDJPY,113.86200,23/04/2026 20:56:07,113.88800,0.00,0.00,2.60,1.63,2.25,3.60,-13.39,-21.40,20250105,MKDLOWVBUY,0.25,0.25hrs
23/04/2026 20:45:36,buy,0.20,AUDJPY,113.75400,23/04/2026 20:56:03,113.87800,0.00,0.00,12.40,15.54,17.29,13.80,-13.27,-10.60,20250105,MKDLOWVBUY,0.17,0.17hrs
23/04/2026 17:58:46,buy,0.10,USDJPY,159.41000,23/04/2026 20:02:01,159.50400,0.00,0.00,9.40,5.89,7.96,12.70,-6.53,-10.40,20250105,MKDLOWVBUY,2.05,2.05hrs
23/04/2026 13:09:43,buy,0.10,AUDJPY,114.11300,23/04/2026 17:15:21,114.12300,0.00,0.00,1.00,0.63,1.19,1.90,-12.84,-20.50,20250105,MKDLOWVBUY,4.09,4.09hrs
23/04/2026 13:39:43,buy,0.20,AUDJPY,114.00000,23/04/2026 17:15:18,114.11500,0.00,0.00,11.50,14.42,16.54,13.20,-11.52,-9.20,20250105,MKDLOWVBUY,3.59,3.59hrs
23/04/2026 15:03:03,buy,0.10,AUDNZD,1.21508,23/04/2026 16:01:32,1.21565,0.00,0.00,5.70,3.35,5.11,8.70,-2.12,-3.60,20250105,MKDLOWVBUY,0.97,0.97hrs
23/04/2026 09:00:24,sell,0.10,AUDUSD,0.71545,23/04/2026 13:00:33,0.71487,0.00,0.00,5.80,5.80,8.20,8.20,-4.50,-4.50,20250105,MKDLOWVSELL,4.00,4.00hrs
23/04/2026 06:00:33,buy,0.10,AUDJPY,113.99600,23/04/2026 07:54:15,114.02100,0.00,0.00,2.50,1.57,2.63,4.20,-9.84,-15.70,20250105,MKDLOWVBUY,1.90,1.90hrs
23/04/2026 06:27:08,buy,0.20,AUDJPY,113.89400,23/04/2026 07:54:11,114.02500,0.00,0.00,13.10,16.42,18.05,14.40,-6.90,-5.50,20250105,MKDLOWVBUY,1.45,1.45hrs
23/04/2026 05:03:03,buy,0.10,USDJPY,159.42100,23/04/2026 05:55:16,159.53000,0.00,0.00,10.90,6.83,7.83,12.50,-1.13,-1.80,20250105,MKDLOWVBUY,0.87,0.87hrs
23/04/2026 03:30:43,sell,0.10,GBPUSD,1.35067,23/04/2026 05:15:52,1.34968,0.00,0.00,9.90,9.90,11.10,11.10,-4.40,-4.40,20250105,MKDLOWVSELL,1.75,1.75hrs
23/04/2026 02:30:18,sell,0.10,CADJPY,116.65300,23/04/2026 04:47:42,116.63500,0.00,0.00,1.80,1.13,4.14,6.60,-7.01,-11.20,20250105,MKDLOWVSELL,2.29,2.29hrs
23/04/2026 01:31:01,buy,0.10,GBPCAD,1.84607,23/04/2026 04:06:54,1.84565,0.00,0.00,-4.20,-3.07,0.00,0.00,-21.14,-28.90,20250105,MKDLOWVBUY,2.60,2.60hrs
23/04/2026 03:12:36,buy,0.20,GBPCAD,1.84504,23/04/2026 04:06:35,1.84559,0.00,0.00,5.50,8.05,13.90,9.50,-27.21,-18.60,20250105,MKDLOWVBUY,0.90,0.90hrs
22/04/2026 22:01:16,buy,0.10,AUDJPY,114.16600,23/04/2026 03:20:24,114.15700,0.00,1.44,-0.90,0.87,3.76,6.00,-13.16,-23.30,20250105,MKDLOWVBUY,5.32,5.32hrs
22/04/2026 17:18:09,sell,0.10,GBPUSD,1.35174,22/04/2026 17:55:53,1.35064,0.00,0.00,11.00,11.00,11.00,11.00,-7.90,-7.90,20250105,MKDLOWVSELL,0.63,0.63hrs
22/04/2026 13:03:37,buy,0.10,AUDCAD,0.97748,22/04/2026 17:03:28,0.97790,0.00,0.00,4.20,3.08,6.30,8.60,-6.29,-8.60,20250105,MKDLOWVBUY,4.00,4.00hrs
22/04/2026 12:00:13,sell,0.10,EURAUD,1.64055,22/04/2026 16:15:48,1.63992,0.00,0.00,6.30,4.51,6.29,8.80,-6.01,-8.40,20250105,MKDLOWVSELL,4.26,4.26hrs
22/04/2026 11:30:48,sell,0.10,GBPUSD,1.35288,22/04/2026 13:02:38,1.35178,0.00,0.00,11.00,11.00,11.00,11.00,-7.50,-7.50,20250105,MKDLOWVSELL,1.53,1.53hrs
16/04/2026 22:00:14,buy,0.10,GBPCHF,1.06035,22/04/2026 12:16:47,1.05558,0.00,3.19,-47.70,-57.96,3.19,0.00,-115.35,-90.90,20250105,MKDLOWVBUY,134.28,5.59days
17/04/2026 04:00:11,buy,0.20,GBPCHF,1.05916,22/04/2026 12:16:40,1.05562,0.00,4.78,-35.40,-85.97,9.95,3.90,-201.36,-79.00,20250105,MKDLOWVBUY,128.27,5.34days
17/04/2026 16:59:16,buy,0.40,GBPCHF,1.05693,22/04/2026 12:16:35,1.05561,0.00,9.57,-13.20,-58.11,20.04,3.90,-287.95,-56.70,20250105,MKDLOWVBUY,115.29,4.80days
20/04/2026 17:54:52,buy,0.80,GBPCHF,1.05344,22/04/2026 12:16:32,1.05550,0.00,12.76,20.60,224.01,254.80,23.60,-221.18,-21.80,20250105,MKDLOWVBUY,42.36,1.77days
22/04/2026 08:30:52,buy,0.10,USDJPY,159.16400,22/04/2026 10:40:00,159.28200,0.00,0.00,11.80,7.41,7.60,12.10,-3.77,-6.00,20250105,MKDLOWVBUY,2.15,2.15hrs
22/04/2026 08:00:27,buy,0.10,AUDCAD,0.97750,22/04/2026 08:16:33,0.97868,0.00,0.00,11.80,8.65,10.25,14.00,-1.17,-1.60,20250105,MKDLOWVBUY,0.27,0.27hrs
22/04/2026 03:00:08,sell,0.10,EURUSD,1.17439,22/04/2026 06:02:37,1.17410,0.00,0.00,2.90,2.90,4.60,4.60,-8.20,-8.20,20250105,MKDLOWVSELL,3.04,3.04hrs
20/04/2026 17:30:14,buy,0.10,GBPCAD,1.84921,21/04/2026 20:44:07,1.84574,0.00,0.10,-34.70,-25.32,0.44,0.60,-52.16,-71.40,20250105,MKDLOWVBUY,27.23,1.13days
20/04/2026 17:44:14,buy,0.20,GBPCAD,1.84820,21/04/2026 20:44:04,1.84595,0.00,0.19,-22.50,-32.77,5.27,3.60,-89.54,-61.30,20250105,MKDLOWVBUY,27.00,1.12days
20/04/2026 21:28:01,buy,0.40,GBPCAD,1.84616,21/04/2026 20:44:01,1.84595,0.00,0.39,-2.10,-5.76,36.05,12.30,-119.35,-40.90,20250105,MKDLOWVBUY,23.27,23.27hrs
21/04/2026 18:01:26,buy,0.80,GBPCAD,1.84365,21/04/2026 20:43:57,1.84603,0.00,0.00,23.80,139.50,148.22,25.30,-64.36,-11.00,20250105,MKDLOWVBUY,2.71,2.71hrs
20/04/2026 23:00:28,buy,0.10,EURNZD,2.00150,21/04/2026 20:05:47,1.99230,0.00,-0.61,-92.00,-54.79,5.50,10.40,-79.53,-133.40,20250105,MKDLOWVBUY,21.09,21.09hrs
21/04/2026 01:45:14,buy,0.20,EURNZD,1.99783,21/04/2026 20:05:44,1.99232,0.00,0.00,-55.10,-64.90,0.12,0.10,-114.41,-96.70,20250105,MKDLOWVBUY,18.34,18.34hrs
21/04/2026 01:52:52,buy,0.40,EURNZD,1.99569,21/04/2026 20:05:41,1.99236,0.00,0.00,-33.30,-78.44,2.36,1.00,-178.19,-75.30,20250105,MKDLOWVBUY,18.21,18.21hrs
21/04/2026 02:05:24,buy,0.80,EURNZD,1.99316,21/04/2026 20:05:38,1.99238,0.00,0.00,-7.80,-36.75,124.14,26.30,-236.64,-50.00,20250105,MKDLOWVBUY,18.00,18.00hrs
21/04/2026 17:00:07,buy,1.60,EURNZD,1.98926,21/04/2026 20:05:34,1.99235,0.00,0.00,30.90,291.16,393.96,41.80,-104.12,-11.00,20250105,MKDLOWVBUY,3.09,3.09hrs
21/04/2026 17:31:29,sell,0.10,GBPUSD,1.35232,21/04/2026 17:55:30,1.35177,0.00,0.00,5.50,5.50,5.70,5.70,-17.30,-17.30,20250105,MKDLOWVSELL,0.40,0.40hrs
21/04/2026 17:41:49,sell,0.20,GBPUSD,1.35342,21/04/2026 17:55:27,1.35185,0.00,0.00,15.70,31.40,31.40,15.70,-12.60,-6.30,20250105,MKDLOWVSELL,0.23,0.23hrs
20/04/2026 17:27:21,buy,0.10,USDCAD,1.36694,21/04/2026 11:08:21,1.36601,0.00,0.21,-9.30,-6.60,4.39,6.00,-25.45,-34.70,20250105,MKDLOWVBUY,17.68,17.68hrs
20/04/2026 18:23:45,buy,0.20,USDCAD,1.36554,21/04/2026 11:08:15,1.36602,0.00,0.41,4.80,7.44,10.51,6.90,-30.36,-20.70,20250105,MKDLOWVBUY,16.74,16.74hrs
20/04/2026 10:00:07,sell,0.10,EURUSD,1.17648,21/04/2026 10:56:41,1.17679,0.00,0.25,-3.10,-2.85,10.30,10.30,-26.75,-27.00,20250105,MKDLOWVSELL,24.94,1.04days
20/04/2026 16:36:12,sell,0.20,EURUSD,1.17749,21/04/2026 10:56:38,1.17686,0.00,0.50,6.30,13.10,22.80,11.40,-33.30,-16.90,20250105,MKDLOWVSELL,18.34,18.34hrs
21/04/2026 04:45:12,sell,0.10,NZDCAD,0.80736,21/04/2026 06:08:10,0.80617,0.00,0.00,11.90,8.72,9.60,13.10,-2.35,-3.20,20250105,MKDLOWVSELL,1.38,1.38hrs
20/04/2026 22:00:09,sell,0.10,GBPJPY,215.03200,21/04/2026 01:00:23,215.00300,0.00,-2.43,2.90,-0.61,13.51,25.30,-8.48,-9.60,20250105,MKDLOWVSELL,3.00,3.00hrs
20/04/2026 12:01:18,buy,0.10,AUDNZD,1.21799,20/04/2026 16:00:30,1.21728,0.00,0.00,-7.10,-4.17,0.00,0.00,-7.82,-13.30,20250105,MKDLOWVBUY,3.99,3.99hrs
20/04/2026 13:09:05,buy,0.20,AUDNZD,1.21694,20/04/2026 16:00:27,1.21732,0.00,0.00,3.80,4.47,10.34,8.80,-2.24,-1.90,20250105,MKDLOWVBUY,2.86,2.86hrs
20/04/2026 03:31:15,sell,0.10,AUDUSD,0.71449,20/04/2026 09:02:16,0.71495,0.00,0.00,-4.60,-4.60,1.60,1.60,-14.40,-14.40,20250105,MKDLOWVSELL,5.52,5.52hrs
20/04/2026 05:37:42,sell,0.20,AUDUSD,0.71552,20/04/2026 09:02:13,0.71490,0.00,0.00,6.20,12.40,23.80,11.90,-8.20,-4.10,20250105,MKDLOWVSELL,3.41,3.41hrs
20/04/2026 03:32:51,buy,0.10,EURNZD,2.00055,20/04/2026 08:30:55,2.00101,0.00,0.00,4.60,2.70,5.17,8.80,-7.76,-13.20,20250105,MKDLOWVBUY,4.97,4.97hrs
20/04/2026 05:37:57,buy,0.20,EURNZD,1.99953,20/04/2026 08:30:52,2.00100,0.00,0.00,14.70,17.26,22.32,19.00,-3.18,-2.70,20250105,MKDLOWVBUY,2.88,2.88hrs
20/04/2026 05:00:03,buy,0.10,GBPNZD,2.29694,20/04/2026 07:01:09,2.29696,0.00,0.00,0.20,0.12,2.41,4.10,-7.41,-12.60,20250105,MKDLOWVBUY,2.02,2.02hrs
17/04/2026 23:30:12,buy,0.10,EURNZD,1.99966,20/04/2026 00:36:16,2.00321,0.00,-0.61,35.50,20.16,21.09,37.10,-15.93,-27.10,20250105,MKDLOWVBUY,49.10,2.05days
17/04/2026 18:11:22,buy,0.10,USDCHF,0.77899,17/04/2026 20:09:02,0.78026,0.00,0.00,12.70,16.28,18.84,14.70,-5.65,-4.40,20250105,MKDLOWVBUY,1.96,1.96hrs
17/04/2026 16:58:01,buy,0.10,GBPNZD,2.29357,17/04/2026 18:19:55,2.29518,0.00,0.00,16.10,9.51,10.52,17.80,-7.76,-13.10,20250105,MKDLOWVBUY,1.36,1.36hrs
17/04/2026 11:54:01,sell,0.10,EURUSD,1.17928,17/04/2026 18:04:17,1.18112,0.00,0.00,-18.40,-18.40,1.00,1.00,-57.00,-57.00,20250105,MKDLOWVSELL,6.17,6.17hrs
17/04/2026 15:25:41,sell,0.20,EURUSD,1.18068,17/04/2026 18:04:14,1.18106,0.00,0.00,-3.80,-7.60,5.40,2.70,-86.00,-43.00,20250105,MKDLOWVSELL,2.64,2.64hrs
17/04/2026 15:49:39,sell,0.40,EURUSD,1.18287,17/04/2026 18:04:10,1.18086,0.00,0.00,20.10,80.40,80.40,20.10,-84.40,-21.10,20250105,MKDLOWVSELL,2.24,2.24hrs
17/04/2026 05:34:43,sell,0.10,EURJPY,187.68500,17/04/2026 10:01:29,187.74100,0.00,0.00,-5.60,-3.51,0.38,0.60,-17.18,-27.40,20250105,MKDLOWVSELL,4.45,4.45hrs
17/04/2026 06:43:34,sell,0.20,EURJPY,187.79300,17/04/2026 10:01:25,187.74300,0.00,0.00,5.00,6.27,14.31,11.40,-20.81,-16.60,20250105,MKDLOWVSELL,3.30,3.30hrs
17/04/2026 09:10:03,buy,0.10,EURNZD,2.00175,17/04/2026 10:00:35,2.00148,0.00,0.00,-2.70,-1.59,1.88,3.20,-3.82,-6.50,20250105,MKDLOWVBUY,0.84,0.84hrs
17/04/2026 06:01:21,sell,0.10,GBPJPY,215.45700,17/04/2026 09:16:36,215.42000,0.00,0.00,3.70,2.32,2.95,4.70,-15.48,-24.70,20250105,MKDLOWVSELL,3.25,3.25hrs
17/04/2026 06:58:02,sell,0.20,GBPJPY,215.56000,17/04/2026 09:16:32,215.41800,0.00,0.00,14.20,17.81,18.82,15.00,-18.05,-14.40,20250105,MKDLOWVSELL,2.31,2.31hrs
13/04/2026 16:30:30,sell,0.10,GBPUSD,1.34438,17/04/2026 09:09:47,1.35134,0.00,-1.44,-69.60,-71.04,0.00,0.00,-152.90,-151.70,20250105,MKDLOWVSELL,88.65,3.69days
13/04/2026 16:48:46,sell,0.20,GBPUSD,1.34562,17/04/2026 09:09:44,1.35132,0.00,-2.87,-57.00,-116.87,21.60,10.80,-280.99,-139.30,20250105,MKDLOWVSELL,88.35,3.68days
13/04/2026 19:47:25,sell,0.40,GBPUSD,1.34800,17/04/2026 09:09:41,1.35132,0.00,-5.75,-33.20,-138.55,25.20,6.30,-466.79,-115.50,20250105,MKDLOWVSELL,85.37,3.56days
13/04/2026 22:33:36,sell,0.80,GBPUSD,1.35049,17/04/2026 09:09:38,1.35119,0.00,-11.47,-7.00,-67.47,48.49,6.30,-734.36,-90.60,20250105,MKDLOWVSELL,82.60,3.44days
14/04/2026 12:05:14,sell,1.60,GBPUSD,1.35419,17/04/2026 09:09:35,1.35117,0.00,-19.11,30.20,464.09,464.09,30.20,-872.89,-53.60,20250105,MKDLOWVSELL,69.07,2.88days
16/04/2026 19:30:34,sell,0.10,GBPAUD,1.88843,17/04/2026 04:00:19,1.88807,0.00,-0.30,3.60,2.27,3.78,5.70,-25.84,-35.70,20250105,MKDLOWVSELL,8.50,8.50hrs
16/04/2026 19:33:52,sell,0.20,GBPAUD,1.88958,17/04/2026 04:00:16,1.88836,0.00,-0.59,12.20,16.88,24.05,17.20,-35.22,-24.20,20250105,MKDLOWVSELL,8.44,8.44hrs
16/04/2026 21:00:51,buy,0.10,AUDCAD,0.98099,17/04/2026 02:03:10,0.98103,0.00,0.14,0.40,0.43,6.27,8.40,-7.60,-10.60,20250105,MKDLOWVBUY,5.04,5.04hrs
16/04/2026 17:32:48,buy,0.10,GBPCHF,1.05859,16/04/2026 17:58:34,1.05980,0.00,0.00,12.10,15.44,17.22,13.50,-3.96,-3.10,20250105,MKDLOWVBUY,0.43,0.43hrs
16/04/2026 07:00:29,buy,0.10,GBPCHF,1.06017,16/04/2026 09:00:03,1.06044,0.00,0.00,2.70,3.45,3.46,2.70,-6.40,-5.00,20250105,MKDLOWVBUY,1.99,1.99hrs
15/04/2026 20:58:01,sell,0.10,CADJPY,115.84000,15/04/2026 23:31:40,115.78100,0.00,0.00,5.90,3.71,7.55,12.00,-2.77,-4.40,20250105,MKDLOWVSELL,2.56,2.56hrs
15/04/2026 14:30:42,buy,0.10,AUDNZD,1.21017,15/04/2026 16:21:47,1.21116,0.00,0.00,9.90,5.84,7.79,13.20,-2.24,-3.80,20250105,MKDLOWVBUY,1.85,1.85hrs
13/04/2026 17:25:15,buy,0.10,EURCHF,0.92251,15/04/2026 15:00:32,0.92183,0.00,0.54,-6.80,-8.15,1.14,0.90,-41.02,-32.20,20250105,MKDLOWVBUY,45.59,1.90days
13/04/2026 20:10:33,buy,0.20,EURCHF,0.92142,15/04/2026 15:00:28,0.92187,0.00,1.09,4.50,12.59,18.98,7.00,-54.18,-21.30,20250105,MKDLOWVBUY,42.83,1.78days
15/04/2026 12:03:35,buy,0.10,AUDNZD,1.20968,15/04/2026 13:15:35,1.21086,0.00,0.00,11.80,6.96,8.20,13.90,-1.06,-1.80,20250105,MKDLOWVBUY,1.20,1.20hrs
14/04/2026 20:01:04,buy,0.10,AUDNZD,1.20734,15/04/2026 02:01:17,1.20741,0.00,0.08,0.70,0.49,2.85,4.70,-31.25,-53.10,20250105,MKDLOWVBUY,6.00,6.00hrs
14/04/2026 11:30:52,buy,0.10,EURAUD,1.65915,14/04/2026 21:25:59,1.65476,0.00,0.00,-43.90,-31.29,0.00,0.00,-54.58,-76.40,20250105,MKDLOWVBUY,9.92,9.92hrs
14/04/2026 11:37:37,buy,0.20,EURAUD,1.65797,14/04/2026 21:25:56,1.65476,0.00,0.00,-32.10,-45.74,14.36,10.10,-92.30,-64.60,20250105,MKDLOWVBUY,9.81,9.81hrs
14/04/2026 14:45:40,buy,0.40,EURAUD,1.65595,14/04/2026 21:25:53,1.65477,0.00,0.00,-11.80,-33.63,16.52,5.80,-126.88,-44.40,20250105,MKDLOWVBUY,6.67,6.67hrs
14/04/2026 17:00:44,buy,0.80,EURAUD,1.65300,14/04/2026 21:25:49,1.65486,0.00,0.00,18.60,106.02,131.68,23.10,-85.16,-14.90,20250105,MKDLOWVBUY,4.42,4.42hrs
14/04/2026 07:00:09,buy,0.10,AUDNZD,1.20798,14/04/2026 12:39:07,1.20630,0.00,0.00,-16.80,-9.90,0.00,0.00,-22.38,-38.00,20250105,MKDLOWVBUY,5.65,5.65hrs
14/04/2026 08:06:12,buy,0.20,AUDNZD,1.20691,14/04/2026 12:39:04,1.20604,0.00,0.00,-8.70,-10.25,0.00,0.00,-32.16,-27.30,20250105,MKDLOWVBUY,4.55,4.55hrs
14/04/2026 10:10:47,buy,0.40,AUDNZD,1.20493,14/04/2026 12:38:59,1.20604,0.00,0.00,11.10,26.16,33.45,14.20,-17.67,-7.50,20250105,MKDLOWVBUY,2.47,2.47hrs
12/03/2026 00:00:17,buy,0.10,CHFJPY,203.79900,14/04/2026 10:05:24,203.56400,0.00,-23.02,-23.50,-37.80,25.43,40.40,-394.80,-607.60,20250105,MKDLOWVBUY,802.09,33.42days
12/03/2026 00:36:16,buy,0.20,CHFJPY,203.69300,14/04/2026 10:05:21,203.56500,0.00,-46.02,-12.80,-62.12,4.03,3.20,-776.25,-597.00,20250105,MKDLOWVBUY,801.48,33.40days
12/03/2026 01:46:08,buy,0.40,CHFJPY,203.49100,14/04/2026 10:05:18,203.56200,0.00,-92.08,7.10,-74.22,44.75,17.80,-1501.69,-576.80,20250105,MKDLOWVBUY,800.32,33.35days
12/03/2026 09:49:16,buy,0.80,CHFJPY,203.20200,14/04/2026 10:05:15,203.58900,0.00,-184.15,38.70,10.54,122.88,39.60,-2857.96,-547.90,20250105,MKDLOWVBUY,792.27,33.01days
12/03/2026 22:27:04,buy,1.60,CHFJPY,202.83600,14/04/2026 10:05:12,203.57500,0.00,-368.28,73.90,375.30,392.37,75.60,-5347.57,-511.30,20250105,MKDLOWVBUY,779.64,32.48days
14/04/2026 08:34:19,buy,0.10,AUDCAD,0.97606,14/04/2026 10:02:59,0.97681,0.00,0.00,7.50,5.45,8.13,11.20,-3.41,-4.70,20250105,MKDLOWVBUY,1.48,1.48hrs
13/04/2026 23:03:03,buy,0.10,USDJPY,159.40100,14/04/2026 09:15:54,159.21400,0.00,0.01,-18.70,-11.74,2.82,4.50,-28.24,-44.90,20250105,MKDLOWVBUY,10.21,10.21hrs
14/04/2026 02:20:55,buy,0.20,USDJPY,159.24100,14/04/2026 09:15:51,159.21300,0.00,0.00,-2.80,-3.52,11.05,8.80,-36.36,-28.90,20250105,MKDLOWVBUY,6.92,6.92hrs
14/04/2026 07:50:40,buy,0.40,USDJPY,159.03900,14/04/2026 09:15:48,159.21600,0.00,0.00,17.70,44.47,48.74,19.40,-21.89,-8.70,20250105,MKDLOWVBUY,1.42,1.42hrs
13/04/2026 17:19:18,sell,0.10,NZDJPY,93.22500,14/04/2026 03:35:53,93.42700,0.00,-0.53,-20.20,-13.21,0.00,0.00,-28.71,-44.90,20250105,MKDLOWVSELL,10.28,10.28hrs
13/04/2026 19:20:09,sell,0.20,NZDJPY,93.33900,14/04/2026 03:35:50,93.42400,0.00,-1.07,-8.50,-11.75,0.13,0.10,-43.12,-33.50,20250105,MKDLOWVSELL,8.26,8.26hrs
13/04/2026 21:58:54,sell,0.40,NZDJPY,93.54600,14/04/2026 03:35:46,93.42600,0.00,-2.13,12.00,28.01,35.81,15.10,-34.26,-12.80,20250105,MKDLOWVSELL,5.61,5.61hrs
13/04/2026 03:32:29,sell,0.10,AUDUSD,0.70284,13/04/2026 15:05:25,0.70330,0.00,0.00,-4.60,-4.60,0.00,0.00,-31.10,-31.10,20250105,MKDLOWVSELL,11.55,11.55hrs
13/04/2026 04:11:03,sell,0.20,AUDUSD,0.70404,13/04/2026 15:05:22,0.70330,0.00,0.00,7.40,14.80,24.00,12.00,-38.20,-19.10,20250105,MKDLOWVSELL,10.91,10.91hrs
13/04/2026 10:00:25,buy,0.10,GBPCHF,1.06081,13/04/2026 13:01:59,1.06118,0.00,0.00,3.70,4.68,8.48,6.70,-7.34,-5.80,20250105,MKDLOWVBUY,3.03,3.03hrs
13/04/2026 06:00:26,buy,0.10,AUDNZD,1.20864,13/04/2026 11:01:25,1.20855,0.00,0.00,-0.90,-0.52,1.98,3.40,-4.89,-8.40,20250105,MKDLOWVBUY,5.02,5.02hrs
13/04/2026 05:30:55,sell,0.10,CHFJPY,201.64600,13/04/2026 09:00:02,201.64100,0.00,0.00,0.50,0.31,3.19,5.10,-6.51,-10.40,20250105,MKDLOWVSELL,3.49,3.49hrs
13/04/2026 00:16:47,buy,0.10,AUDCHF,0.55478,13/04/2026 01:37:53,0.55637,0.00,0.00,15.90,20.05,24.97,19.80,-26.46,-20.90,20250105,MKDLOWVBUY,1.35,1.35hrs
13/04/2026 00:19:06,buy,0.10,AUDNZD,1.20778,13/04/2026 01:11:57,1.20865,0.00,0.00,8.70,5.05,7.71,13.30,-24.72,-42.60,20250105,MKDLOWVBUY,0.88,0.88hrs
13/04/2026 01:00:06,buy,0.20,AUDNZD,1.20620,13/04/2026 01:11:54,1.20866,0.00,0.00,24.60,28.53,33.76,29.10,-26.48,-22.80,20250105,MKDLOWVBUY,0.20,0.20hrs
04/02/2026 16:04:00,buy,0.10,GBPCAD,1.87129,08/04/2026 13:50:38,1.86365,0.00,9.26,-76.40,-45.83,9.26,2.40,-506.43,-692.50,20250105,MKDLOWVBUY,1509.78,62.91days
04/02/2026 16:11:53,buy,0.20,GBPCAD,1.87029,08/04/2026 13:50:35,1.86359,0.00,18.32,-67.00,-78.32,18.32,12.40,-998.21,-682.50,20250105,MKDLOWVBUY,1509.64,62.90days
04/02/2026 18:00:50,buy,0.40,GBPCAD,1.86828,08/04/2026 13:50:32,1.86333,0.00,36.65,-49.50,-106.14,36.65,0.00,-1937.09,-662.40,20250105,MKDLOWVBUY,1507.83,62.83days
04/02/2026 23:40:32,buy,0.80,GBPCAD,1.86523,08/04/2026 13:50:28,1.86338,0.00,73.31,-18.50,-33.43,73.31,10.60,-3694.12,-631.90,20250105,MKDLOWVBUY,1502.17,62.59days
05/02/2026 11:04:48,buy,1.60,GBPCAD,1.86134,08/04/2026 13:50:25,1.86335,0.00,139.58,20.10,371.49,398.00,22.40,-6933.59,-593.00,20250105,MKDLOWVBUY,1490.76,62.12days
30/03/2026 00:26:53,buy,0.10,AUDNZD,1.19637,30/03/2026 05:41:43,1.19665,0.00,0.00,2.80,1.60,3.90,6.80,-18.53,-32.30,20250105,MKDLOWVBUY,5.25,5.25hrs
27/03/2026 14:05:24,buy,0.10,CADJPY,115.27500,27/03/2026 16:05:23,115.38800,0.00,0.00,11.30,7.07,11.88,19.00,-3.07,-4.90,20250105,MKDLOWVBUY,2.00,2.00hrs
26/03/2026 12:00:23,buy,0.10,AUDNZD,1.19845,27/03/2026 14:29:27,1.19660,0.00,0.03,-18.50,-10.61,7.58,13.10,-42.14,-73.20,20250105,MKDLOWVBUY,26.48,1.10days
26/03/2026 13:52:51,buy,0.20,AUDNZD,1.19742,27/03/2026 14:29:24,1.19639,0.00,0.06,-10.30,-11.79,9.37,8.10,-72.41,-62.90,20250105,MKDLOWVBUY,24.61,1.03days
26/03/2026 14:54:52,buy,0.40,AUDNZD,1.19528,27/03/2026 14:29:20,1.19640,0.00,0.12,11.20,25.90,42.99,18.60,-95.51,-41.50,20250105,MKDLOWVBUY,23.57,23.57hrs
27/03/2026 03:30:18,sell,0.10,GBPCAD,1.84751,27/03/2026 08:47:28,1.84771,0.00,0.00,-2.00,-1.44,5.41,7.50,-10.47,-14.50,20250105,MKDLOWVSELL,5.29,5.29hrs
27/03/2026 07:46:53,sell,0.20,GBPCAD,1.84852,27/03/2026 08:47:25,1.84773,0.00,0.00,7.90,11.40,12.70,8.80,-6.35,-4.40,20250105,MKDLOWVSELL,1.01,1.01hrs
27/03/2026 03:10:37,buy,0.10,USDJPY,159.51600,27/03/2026 06:01:54,159.63900,0.00,0.00,12.30,7.70,15.15,24.20,-4.39,-7.00,20250105,MKDLOWVBUY,2.85,2.85hrs
26/03/2026 09:01:45,buy,0.10,AUDJPY,110.72100,27/03/2026 05:24:01,110.04200,0.00,0.37,-67.90,-42.18,6.65,10.60,-68.73,-110.20,20250105,MKDLOWVBUY,20.37,20.37hrs
26/03/2026 10:25:51,buy,0.20,AUDJPY,110.60200,27/03/2026 05:23:58,110.04600,0.00,0.74,-55.60,-68.95,17.69,14.10,-122.54,-98.30,20250105,MKDLOWVBUY,18.97,18.97hrs
26/03/2026 13:54:03,buy,0.40,AUDJPY,110.38400,27/03/2026 05:23:55,110.04300,0.00,1.48,-34.10,-84.00,56.67,22.60,-190.39,-76.50,20250105,MKDLOWVBUY,15.50,15.50hrs
26/03/2026 19:45:04,buy,0.80,AUDJPY,110.10700,27/03/2026 05:23:52,110.04300,0.00,2.95,-6.40,-29.14,100.21,20.00,-241.85,-48.80,20250105,MKDLOWVBUY,9.65,9.65hrs
27/03/2026 02:49:14,buy,1.60,AUDJPY,109.73500,27/03/2026 05:23:48,110.05400,0.00,0.00,31.90,319.86,319.85,31.90,-116.38,-11.60,20250105,MKDLOWVBUY,2.58,2.58hrs
26/03/2026 23:36:19,sell,0.10,GBPJPY,212.91500,27/03/2026 02:48:41,212.75400,0.00,-2.39,16.10,7.69,7.69,16.10,-22.99,-32.90,20250105,MKDLOWVSELL,3.21,3.21hrs
26/03/2026 16:16:44,sell,0.10,GBPCAD,1.84698,26/03/2026 18:58:06,1.84651,0.00,0.00,4.70,3.39,10.77,14.90,-24.94,-34.50,20250105,MKDLOWVSELL,2.69,2.69hrs
26/03/2026 16:24:15,sell,0.20,GBPCAD,1.84799,26/03/2026 18:58:03,1.84652,0.00,0.00,14.70,21.23,36.16,25.00,-35.27,-24.40,20250105,MKDLOWVSELL,2.56,2.56hrs
26/03/2026 16:00:09,sell,0.10,GBPUSD,1.33542,26/03/2026 17:32:44,1.33513,0.00,0.00,2.90,2.90,22.50,22.50,-17.40,-17.40,20250105,MKDLOWVSELL,1.54,1.54hrs
26/03/2026 16:18:37,sell,0.20,GBPUSD,1.33634,26/03/2026 17:32:40,1.33508,0.00,0.00,12.60,25.20,37.60,18.80,-16.40,-8.20,20250105,MKDLOWVSELL,1.23,1.23hrs
26/03/2026 10:00:03,sell,0.10,EURAUD,1.66481,26/03/2026 15:27:26,1.66821,0.00,0.00,-34.00,-23.53,8.76,12.60,-27.17,-39.30,20250105,MKDLOWVSELL,5.46,5.46hrs
26/03/2026 10:23:00,sell,0.20,EURAUD,1.66587,26/03/2026 15:27:17,1.66821,0.00,0.00,-23.40,-32.39,30.15,21.70,-39.68,-28.70,20250105,MKDLOWVSELL,5.07,5.07hrs
26/03/2026 14:02:35,sell,0.40,EURAUD,1.66790,26/03/2026 15:27:14,1.66818,0.00,0.00,-2.80,-7.75,44.28,16.00,-23.23,-8.40,20250105,MKDLOWVSELL,1.41,1.41hrs
26/03/2026 14:50:39,sell,0.80,EURAUD,1.67043,26/03/2026 15:27:11,1.66819,0.00,0.00,22.40,124.03,228.57,41.30,-6.09,-1.10,20250105,MKDLOWVSELL,0.61,0.61hrs
26/03/2026 12:30:12,sell,0.10,GBPCAD,1.84685,26/03/2026 13:58:44,1.84557,0.00,0.00,12.80,9.25,11.14,15.40,-4.63,-6.40,20250105,MKDLOWVSELL,1.48,1.48hrs
26/03/2026 12:30:22,sell,0.10,EURUSD,1.15606,26/03/2026 13:20:59,1.15487,0.00,0.00,11.90,11.90,11.90,11.90,-5.30,-5.30,20250105,MKDLOWVSELL,0.84,0.84hrs
26/03/2026 07:00:21,sell,0.10,GBPCAD,1.84657,26/03/2026 10:01:14,1.84600,0.00,0.00,5.70,4.12,6.00,8.30,-5.06,-7.00,20250105,MKDLOWVSELL,3.01,3.01hrs
26/03/2026 09:00:17,sell,0.10,GBPUSD,1.33643,26/03/2026 09:20:20,1.33478,0.00,0.00,16.50,16.50,16.50,16.50,-1.50,-1.50,20250105,MKDLOWVSELL,0.33,0.33hrs
26/03/2026 05:30:59,sell,0.10,NZDJPY,92.55100,26/03/2026 08:00:40,92.51900,0.00,0.00,3.20,2.01,6.33,10.10,-4.33,-6.90,20250105,MKDLOWVSELL,2.49,2.49hrs
26/03/2026 01:30:38,sell,0.10,EURUSD,1.15604,26/03/2026 08:00:09,1.15595,0.00,0.00,0.90,0.90,5.70,5.70,-12.70,-12.70,20250105,MKDLOWVSELL,6.49,6.49hrs
26/03/2026 06:31:01,sell,0.20,EURUSD,1.15708,26/03/2026 08:00:06,1.15587,0.00,0.00,12.10,24.20,24.20,12.10,-4.60,-2.30,20250105,MKDLOWVSELL,1.48,1.48hrs
25/03/2026 10:04:03,buy,0.10,AUDNZD,1.19812,26/03/2026 07:30:40,1.19750,0.00,0.09,-6.20,-3.51,7.33,12.60,-26.31,-45.50,20250105,MKDLOWVBUY,21.44,21.44hrs
25/03/2026 13:11:51,buy,0.20,AUDNZD,1.19704,26/03/2026 07:30:36,1.19750,0.00,0.17,4.60,5.51,9.77,8.40,-40.09,-34.70,20250105,MKDLOWVBUY,18.31,18.31hrs
26/03/2026 02:00:11,sell,0.10,EURAUD,1.66478,26/03/2026 05:41:12,1.66418,0.00,0.00,6.00,4.17,4.72,6.80,-15.47,-22.30,20250105,MKDLOWVSELL,3.68,3.68hrs
26/03/2026 03:08:39,sell,0.20,EURAUD,1.66585,26/03/2026 05:41:08,1.66416,0.00,0.00,16.90,23.50,23.44,16.90,-16.09,-11.60,20250105,MKDLOWVSELL,2.54,2.54hrs
25/03/2026 22:00:02,buy,0.10,AUDJPY,110.87100,26/03/2026 05:31:49,110.77200,0.00,1.11,-9.90,-5.10,1.11,0.00,-16.40,-27.90,20250105,MKDLOWVBUY,7.53,7.53hrs
26/03/2026 00:08:30,buy,0.20,AUDJPY,110.70100,26/03/2026 05:31:45,110.75400,0.00,0.00,5.30,6.65,14.43,11.50,-19.70,-15.70,20250105,MKDLOWVBUY,5.39,5.39hrs
25/03/2026 11:30:45,buy,0.10,AUDJPY,110.78300,25/03/2026 15:31:52,110.72100,0.00,0.00,-6.20,-3.89,11.33,18.00,-15.73,-25.00,20250105,MKDLOWVBUY,4.02,4.02hrs
25/03/2026 11:48:08,buy,0.20,AUDJPY,110.66700,25/03/2026 15:31:48,110.72600,0.00,0.00,5.90,7.42,33.38,26.50,-16.86,-13.40,20250105,MKDLOWVBUY,3.73,3.73hrs
25/03/2026 09:53:05,sell,0.10,GBPCAD,1.84521,25/03/2026 14:18:12,1.84883,0.00,0.00,-36.20,-26.24,16.11,22.20,-40.61,-56.00,20250105,MKDLOWVSELL,4.42,4.42hrs
25/03/2026 10:03:48,sell,0.20,GBPCAD,1.84633,25/03/2026 14:18:09,1.84866,0.00,0.00,-23.30,-33.77,48.47,33.40,-64.97,-44.80,20250105,MKDLOWVSELL,4.24,4.24hrs
25/03/2026 10:16:08,sell,0.40,GBPCAD,1.84851,25/03/2026 14:18:06,1.84865,0.00,0.00,-1.40,-4.05,160.20,55.20,-66.71,-23.00,20250105,MKDLOWVSELL,4.03,4.03hrs
25/03/2026 14:08:05,sell,0.80,GBPCAD,1.85120,25/03/2026 14:18:03,1.84839,0.00,0.00,28.10,162.93,163.00,28.10,-9.86,-1.70,20250105,MKDLOWVSELL,0.17,0.17hrs
25/03/2026 09:00:05,sell,0.10,EURJPY,184.36800,25/03/2026 10:46:44,184.34500,0.00,0.00,2.30,1.45,5.91,9.40,-8.93,-14.20,20250105,MKDLOWVSELL,1.78,1.78hrs
25/03/2026 09:24:12,sell,0.20,EURJPY,184.47700,25/03/2026 10:46:40,184.34300,0.00,0.00,13.40,16.88,21.52,17.10,-4.15,-3.30,20250105,MKDLOWVSELL,1.37,1.37hrs
25/03/2026 04:00:22,buy,0.10,AUDCAD,0.96136,25/03/2026 10:17:00,0.96158,0.00,0.00,2.20,1.59,9.23,12.70,-11.25,-15.50,20250105,MKDLOWVBUY,6.28,6.28hrs
25/03/2026 05:28:53,buy,0.20,AUDCAD,0.96031,25/03/2026 10:16:57,0.96163,0.00,0.00,13.20,19.16,19.16,13.20,-7.26,-5.00,20250105,MKDLOWVBUY,4.80,4.80hrs
25/03/2026 09:05:39,sell,0.10,CHFJPY,201.38100,25/03/2026 10:06:37,201.25900,0.00,0.00,12.20,7.67,7.80,12.40,-1.82,-2.90,20250105,MKDLOWVSELL,1.02,1.02hrs
25/03/2026 03:53:22,buy,0.10,AUDJPY,110.89300,25/03/2026 08:25:42,110.86500,0.00,0.00,-2.80,-1.76,12.17,19.30,-13.41,-21.30,20250105,MKDLOWVBUY,4.54,4.54hrs
25/03/2026 04:05:45,buy,0.20,AUDJPY,110.76600,25/03/2026 08:25:39,110.87000,0.00,0.00,10.40,13.08,33.15,26.30,-10.83,-8.60,20250105,MKDLOWVBUY,4.33,4.33hrs
24/03/2026 17:53:07,sell,0.10,GBPCAD,1.84091,25/03/2026 07:03:07,1.84484,0.00,-1.06,-39.30,-29.59,2.39,3.30,-52.45,-70.70,20250105,MKDLOWVSELL,13.17,13.17hrs
24/03/2026 18:09:38,sell,0.20,GBPCAD,1.84199,25/03/2026 07:03:04,1.84480,0.00,-2.13,-28.10,-42.92,20.46,14.10,-89.20,-59.90,20250105,MKDLOWVSELL,12.89,12.89hrs
24/03/2026 23:17:42,sell,0.40,GBPCAD,1.84413,25/03/2026 07:03:01,1.84484,0.00,-4.25,-7.10,-24.87,81.41,28.00,-116.18,-38.50,20250105,MKDLOWVSELL,7.76,7.76hrs
25/03/2026 02:30:59,sell,0.80,GBPCAD,1.84663,25/03/2026 07:02:57,1.84482,0.00,0.00,18.10,105.11,110.39,19.00,-78.50,-13.50,20250105,MKDLOWVSELL,4.53,4.53hrs
25/03/2026 01:06:14,sell,0.10,EURJPY,184.29500,25/03/2026 04:04:12,184.27000,0.00,0.00,2.50,1.58,3.84,6.10,-17.13,-27.20,20250105,MKDLOWVSELL,2.97,2.97hrs
25/03/2026 02:14:12,sell,0.20,EURJPY,184.45900,25/03/2026 04:04:08,184.28900,0.00,0.00,17.00,21.42,25.97,20.60,-13.60,-10.80,20250105,MKDLOWVSELL,1.83,1.83hrs
25/03/2026 02:11:50,buy,0.10,USDCAD,1.37510,25/03/2026 03:52:57,1.37627,0.00,0.00,11.70,8.50,9.08,12.50,-0.95,-1.30,20250105,MKDLOWVBUY,1.69,1.69hrs
24/03/2026 19:30:31,sell,0.10,EURAUD,1.66543,24/03/2026 20:00:31,1.66496,0.00,0.00,4.70,3.27,23.70,34.00,-0.77,-1.10,20250105,MKDLOWVSELL,0.50,0.50hrs
24/03/2026 19:47:01,sell,0.20,EURAUD,1.66644,24/03/2026 20:00:28,1.66507,0.00,0.00,13.70,19.06,55.44,39.80,-1.53,-1.10,20250105,MKDLOWVSELL,0.22,0.22hrs
24/03/2026 17:00:12,sell,0.10,GBPCAD,1.84247,24/03/2026 17:52:05,1.84123,0.00,0.00,12.40,9.02,31.68,43.50,-2.84,-3.90,20250105,MKDLOWVSELL,0.86,0.86hrs
24/03/2026 14:54:45,buy,0.20,AUDNZD,1.19437,24/03/2026 15:47:05,1.19591,0.00,0.00,15.40,17.90,17.94,15.40,-1.63,-1.40,20250105,MKDLOWVBUY,0.87,0.87hrs
24/03/2026 10:04:58,buy,0.10,AUDNZD,1.19524,24/03/2026 15:47:01,1.19588,0.00,0.00,6.40,3.72,9.67,16.50,-5.76,-9.90,20250105,MKDLOWVBUY,5.70,5.70hrs
24/03/2026 13:01:21,sell,0.10,EURJPY,183.94200,24/03/2026 15:08:57,183.92300,0.00,0.00,1.90,1.20,4.22,6.70,-5.73,-9.10,20250105,MKDLOWVSELL,2.13,2.13hrs
24/03/2026 14:53:01,sell,0.20,EURJPY,184.05900,24/03/2026 15:08:53,183.90700,0.00,0.00,15.20,19.13,22.93,18.20,-1.51,-1.20,20250105,MKDLOWVSELL,0.26,0.26hrs
24/03/2026 10:55:01,sell,0.10,CHFJPY,201.55800,24/03/2026 12:47:15,201.52900,0.00,0.00,2.90,1.83,15.33,24.30,-13.74,-21.80,20250105,MKDLOWVSELL,1.87,1.87hrs
24/03/2026 11:32:19,sell,0.20,CHFJPY,201.70400,24/03/2026 12:47:11,201.52400,0.00,0.00,18.00,22.68,49.08,38.90,-9.07,-7.20,20250105,MKDLOWVSELL,1.25,1.25hrs
24/03/2026 09:30:11,sell,0.10,CHFJPY,201.44900,24/03/2026 10:41:57,201.42500,0.00,0.00,2.40,1.51,19.16,30.40,-14.00,-22.20,20250105,MKDLOWVSELL,1.20,1.20hrs
24/03/2026 09:36:59,sell,0.20,CHFJPY,201.60600,24/03/2026 10:41:53,201.41300,0.00,0.00,19.30,24.35,58.11,46.10,-8.20,-6.50,20250105,MKDLOWVSELL,1.08,1.08hrs
24/03/2026 08:31:25,sell,0.10,GBPCAD,1.84390,24/03/2026 10:24:53,1.84365,0.00,0.00,2.50,1.82,13.01,17.90,-12.31,-16.90,20250105,MKDLOWVSELL,1.89,1.89hrs
24/03/2026 09:10:36,sell,0.20,GBPCAD,1.84496,24/03/2026 10:24:49,1.84365,0.00,0.00,13.10,19.06,30.25,20.80,-9.18,-6.30,20250105,MKDLOWVSELL,1.24,1.24hrs
24/03/2026 06:00:46,sell,0.10,CHFJPY,201.28300,24/03/2026 08:30:07,201.22900,0.00,0.00,5.40,3.41,5.55,8.80,-6.30,-10.00,20250105,MKDLOWVSELL,2.49,2.49hrs
24/03/2026 05:58:23,sell,0.10,GBPJPY,212.63400,24/03/2026 08:00:07,212.59500,0.00,0.00,3.90,2.45,5.92,9.40,-5.99,-9.50,20250105,MKDLOWVSELL,2.03,2.03hrs
24/03/2026 03:44:49,buy,0.10,AUDNZD,1.19512,24/03/2026 07:22:40,1.19493,0.00,0.00,-1.90,-1.11,8.88,15.20,-10.68,-18.30,20250105,MKDLOWVBUY,3.63,3.63hrs
24/03/2026 04:06:33,buy,0.20,AUDNZD,1.19408,24/03/2026 07:22:36,1.19486,0.00,0.00,7.80,9.09,29.92,25.60,-9.22,-7.90,20250105,MKDLOWVBUY,3.27,3.27hrs
24/03/2026 02:00:58,sell,0.10,CHFJPY,201.44800,24/03/2026 02:32:26,201.28400,0.00,0.00,16.40,10.35,10.36,16.40,-1.26,-2.00,20250105,MKDLOWVSELL,0.52,0.52hrs
23/03/2026 19:48:07,buy,0.10,AUDNZD,1.19644,23/03/2026 23:17:56,1.19650,0.00,0.00,0.60,0.35,6.32,10.80,-11.27,-19.20,20250105,MKDLOWVBUY,3.50,3.50hrs
23/03/2026 20:31:01,buy,0.20,AUDNZD,1.19542,23/03/2026 23:17:53,1.19652,0.00,0.00,11.00,12.88,17.84,15.20,-10.57,-9.00,20250105,MKDLOWVBUY,2.78,2.78hrs
23/03/2026 11:08:03,sell,0.10,GBPCAD,1.82793,23/03/2026 11:25:26,1.82650,0.00,0.00,14.30,10.41,12.46,17.10,-15.51,-21.30,20250105,MKDLOWVSELL,0.29,0.29hrs
23/03/2026 02:06:59,buy,0.10,AUDNZD,1.20184,23/03/2026 10:48:56,1.20167,0.00,0.00,-1.70,-0.99,2.57,4.40,-12.63,-21.80,20250105,MKDLOWVBUY,8.70,8.70hrs
23/03/2026 07:30:11,buy,0.20,AUDNZD,1.20068,23/03/2026 10:48:52,1.20170,0.00,0.00,10.20,11.84,11.83,10.20,-11.82,-10.20,20250105,MKDLOWVBUY,3.31,3.31hrs
23/03/2026 04:54:10,buy,0.10,AUDJPY,111.35100,23/03/2026 10:42:29,111.22400,0.00,0.00,-12.70,-7.96,16.62,26.50,-33.13,-52.80,20250105,MKDLOWVBUY,5.81,5.81hrs
23/03/2026 05:41:33,buy,0.20,AUDJPY,111.24600,23/03/2026 10:42:26,111.21100,0.00,0.00,-3.50,-4.39,26.44,21.10,-53.08,-42.30,20250105,MKDLOWVBUY,5.01,5.01hrs
23/03/2026 08:06:25,buy,0.40,AUDJPY,111.02400,23/03/2026 10:42:22,111.20800,0.00,0.00,18.40,46.16,58.73,23.40,-50.45,-20.10,20250105,MKDLOWVBUY,2.60,2.60hrs
23/03/2026 00:16:36,buy,0.10,AUDJPY,111.73200,23/03/2026 03:01:58,111.60400,0.00,0.00,-12.80,-8.02,0.44,0.70,-30.12,-47.90,20250105,MKDLOWVBUY,2.76,2.76hrs
23/03/2026 01:01:07,buy,0.20,AUDJPY,111.62900,23/03/2026 03:01:56,111.59600,0.00,0.00,-3.30,-4.14,13.80,11.00,-15.44,-12.30,20250105,MKDLOWVBUY,2.01,2.01hrs
23/03/2026 02:53:06,buy,0.40,AUDJPY,111.41200,23/03/2026 03:01:52,111.59300,0.00,0.00,18.10,45.41,47.23,18.80,-4.02,-1.60,20250105,MKDLOWVBUY,0.15,0.15hrs
13/03/2026 08:08:16,buy,0.10,CADJPY,116.80900,16/03/2026 15:42:10,116.44000,0.00,-0.29,-36.90,-23.48,1.63,2.60,-48.98,-77.50,20250105,MKDLOWVBUY,79.56,3.32days
13/03/2026 09:36:51,buy,0.20,CADJPY,116.69200,16/03/2026 15:42:07,116.44000,0.00,-0.59,-25.20,-32.26,11.92,9.50,-83.27,-65.80,20250105,MKDLOWVBUY,78.09,3.25days
13/03/2026 15:02:29,buy,0.40,CADJPY,116.18400,16/03/2026 15:42:03,116.43100,0.00,-1.17,24.70,60.92,134.75,53.70,-38.87,-15.00,20250105,MKDLOWVBUY,72.66,3.03days
12/03/2026 13:57:47,buy,0.10,NZDJPY,93.69600,16/03/2026 15:36:10,93.06100,0.00,0.12,-63.50,-39.80,3.66,5.80,-99.63,-159.10,20250105,MKDLOWVBUY,97.64,4.07days
12/03/2026 15:21:03,buy,0.20,NZDJPY,93.56900,16/03/2026 15:36:07,93.05600,0.00,0.22,-51.30,-64.27,13.22,10.50,-183.36,-146.40,20250105,MKDLOWVBUY,96.25,4.01days
12/03/2026 16:49:24,buy,0.40,NZDJPY,93.36200,16/03/2026 15:36:04,93.05100,0.00,0.44,-31.10,-77.75,47.55,18.90,-314.81,-125.70,20250105,MKDLOWVBUY,94.78,3.95days
13/03/2026 06:18:24,buy,0.80,NZDJPY,93.10200,16/03/2026 15:36:01,93.05300,0.00,0.44,-4.90,-24.20,32.63,6.50,-499.65,-99.70,20250105,MKDLOWVBUY,81.29,3.39days
13/03/2026 08:32:11,buy,1.60,NZDJPY,92.74800,16/03/2026 15:35:57,93.03000,0.00,0.88,28.20,284.47,284.67,28.20,-644.17,-64.30,20250105,MKDLOWVBUY,79.06,3.29days
12/03/2026 12:17:41,sell,0.10,USDCAD,1.35910,16/03/2026 15:34:13,1.36684,0.00,-2.59,-77.40,-59.22,4.71,6.40,-111.40,-151.30,20250105,MKDLOWVSELL,99.28,4.14days
12/03/2026 14:20:14,sell,0.20,USDCAD,1.36016,16/03/2026 15:34:10,1.36688,0.00,-5.18,-67.20,-103.51,20.76,14.10,-207.38,-140.70,20250105,MKDLOWVSELL,97.23,4.05days
12/03/2026 17:15:02,sell,0.40,USDCAD,1.36310,16/03/2026 15:34:07,1.36693,0.00,-10.37,-38.30,-122.45,95.31,32.40,-329.17,-111.30,20250105,MKDLOWVSELL,94.32,3.93days
13/03/2026 09:08:16,sell,0.80,USDCAD,1.36581,16/03/2026 15:34:04,1.36694,0.00,-5.16,-11.30,-71.29,81.51,13.90,-490.20,-84.20,20250105,MKDLOWVSELL,78.43,3.27days
13/03/2026 15:02:37,sell,1.60,USDCAD,1.37113,16/03/2026 15:34:01,1.36692,0.00,-10.31,42.10,482.48,652.68,55.70,-360.96,-31.00,20250105,MKDLOWVSELL,72.52,3.02days
13/03/2026 16:06:04,sell,0.10,GBPCHF,1.04513,16/03/2026 10:44:18,1.04620,0.00,-1.95,-10.70,-15.49,14.87,11.70,-57.29,-43.70,20250105,MKDLOWVSELL,66.64,2.78days
13/03/2026 20:02:30,sell,0.20,GBPCHF,1.04615,16/03/2026 10:44:15,1.04619,0.00,-3.90,-0.40,-4.91,10.79,5.80,-88.75,-33.50,20250105,MKDLOWVSELL,62.70,2.61days
16/03/2026 09:18:43,sell,0.40,GBPCHF,1.04827,16/03/2026 10:44:11,1.04625,0.00,0.00,20.20,102.28,102.04,20.20,-20.71,-4.10,20250105,MKDLOWVSELL,1.42,1.42hrs
13/03/2026 19:00:31,sell,0.10,GBPCAD,1.81849,13/03/2026 20:20:03,1.81719,0.00,0.00,13.00,9.46,9.47,13.00,-7.21,-9.90,20250105,MKDLOWVSELL,1.33,1.33hrs
13/03/2026 09:31:06,buy,0.10,AUDNZD,1.21017,13/03/2026 20:16:05,1.20818,0.00,0.00,-19.90,-11.53,7.16,12.30,-21.18,-36.50,20250105,MKDLOWVBUY,10.75,10.75hrs
13/03/2026 10:08:34,buy,0.20,AUDNZD,1.20914,13/03/2026 20:16:02,1.20813,0.00,0.00,-10.10,-11.70,18.48,15.90,-30.40,-26.20,20250105,MKDLOWVBUY,10.12,10.12hrs
13/03/2026 17:58:50,buy,0.40,AUDNZD,1.20711,13/03/2026 20:15:58,1.20814,0.00,0.00,10.30,23.86,33.95,14.60,-13.69,-5.90,20250105,MKDLOWVBUY,2.29,2.29hrs
12/03/2026 14:53:31,sell,0.10,GBPCHF,1.04614,13/03/2026 09:08:27,1.04817,0.00,-1.96,-20.30,-27.72,3.45,2.70,-52.57,-39.80,20250105,MKDLOWVSELL,18.25,18.25hrs
12/03/2026 15:16:51,sell,0.20,GBPCHF,1.04721,13/03/2026 09:08:24,1.04824,0.00,-3.93,-10.30,-30.06,34.26,13.40,-77.94,-29.10,20250105,MKDLOWVSELL,17.86,17.86hrs
13/03/2026 03:10:09,sell,0.40,GBPCHF,1.04923,13/03/2026 09:08:21,1.04824,0.00,0.00,9.90,50.24,50.33,9.90,-45.27,-8.90,20250105,MKDLOWVSELL,5.97,5.97hrs
13/03/2026 03:46:56,sell,0.10,GBPJPY,212.69200,13/03/2026 06:47:15,212.63000,0.00,0.00,6.20,3.89,6.85,10.90,-8.85,-14.10,20250105,MKDLOWVSELL,3.01,3.01hrs
12/03/2026 23:30:42,sell,0.10,GBPCAD,1.81944,13/03/2026 06:25:29,1.82005,0.00,-1.07,-6.10,-5.54,0.88,1.20,-18.31,-23.50,20250105,MKDLOWVSELL,6.91,6.91hrs
13/03/2026 02:56:25,sell,0.20,GBPCAD,1.82084,13/03/2026 06:25:25,1.82030,0.00,0.00,5.40,7.91,16.29,11.10,-8.07,-5.50,20250105,MKDLOWVSELL,3.48,3.48hrs
13/03/2026 01:33:46,sell,0.10,GBPJPY,212.66800,13/03/2026 02:01:09,212.55400,0.00,0.00,11.40,7.17,7.16,11.40,-1.44,-2.30,20250105,MKDLOWVSELL,0.46,0.46hrs
12/03/2026 12:00:48,buy,0.10,AUDCHF,0.55718,12/03/2026 14:51:19,0.55763,0.00,0.00,4.50,5.75,8.97,7.00,-9.48,-7.40,20250105,MKDLOWVBUY,2.84,2.84hrs
11/03/2026 23:30:47,buy,0.10,NZDCAD,0.80471,12/03/2026 13:36:31,0.80270,0.00,-0.53,-20.10,-15.32,0.00,0.00,-28.87,-38.50,20250105,MKDLOWVBUY,14.10,14.10hrs
12/03/2026 00:08:03,buy,0.20,NZDCAD,0.80369,12/03/2026 13:36:28,0.80270,0.00,0.00,-9.90,-14.57,10.16,6.90,-41.66,-28.30,20250105,MKDLOWVBUY,13.47,13.47hrs
12/03/2026 01:45:02,buy,0.40,NZDCAD,0.80164,12/03/2026 13:36:24,0.80270,0.00,0.00,10.60,31.19,36.23,12.30,-22.96,-7.80,20250105,MKDLOWVBUY,11.86,11.86hrs
12/03/2026 09:59:32,sell,0.10,GBPNZD,2.26747,12/03/2026 10:13:03,2.26623,0.00,0.00,12.40,7.33,8.86,15.00,-1.00,-1.70,20250105,MKDLOWVSELL,0.23,0.23hrs
12/03/2026 06:04:52,buy,0.10,AUDUSD,0.71360,12/03/2026 10:01:51,0.71381,0.00,0.00,2.10,2.10,2.10,2.10,-25.20,-25.20,20250105,MKDLOWVBUY,3.95,3.95hrs
12/03/2026 07:00:53,buy,0.20,AUDUSD,0.71259,12/03/2026 10:01:47,0.71382,0.00,0.00,12.30,24.60,24.60,12.30,-30.20,-15.10,20250105,MKDLOWVBUY,3.02,3.02hrs
12/03/2026 06:35:47,sell,0.10,USDCAD,1.35902,12/03/2026 09:04:45,1.35862,0.00,0.00,4.00,2.94,2.94,4.00,-3.53,-4.80,20250105,MKDLOWVSELL,2.48,2.48hrs
11/03/2026 18:00:14,sell,0.10,GBPNZD,2.26735,12/03/2026 03:00:27,2.26745,0.00,-2.93,-1.00,-3.52,31.56,53.20,-24.98,-37.40,20250105,MKDLOWVSELL,9.00,9.00hrs
11/03/2026 19:38:38,sell,0.20,GBPNZD,2.26866,12/03/2026 03:00:24,2.26762,0.00,-5.86,10.40,6.42,28.99,29.50,-34.52,-24.30,20250105,MKDLOWVSELL,7.36,7.36hrs
12/03/2026 02:00:14,sell,0.10,EURNZD,1.95742,12/03/2026 02:24:15,1.95590,0.00,0.00,15.20,8.97,8.96,15.20,-8.73,-14.80,20250105,MKDLOWVSELL,0.40,0.40hrs
11/03/2026 19:00:35,buy,0.10,AUDNZD,1.20929,11/03/2026 23:26:48,1.20911,0.00,0.00,-1.80,-1.06,5.79,9.80,-8.15,-13.80,20250105,MKDLOWVBUY,4.44,4.44hrs
11/03/2026 17:31:53,sell,0.10,USDCAD,1.35956,11/03/2026 19:00:19,1.35857,0.00,0.00,9.90,7.29,15.55,21.10,-6.54,-8.90,20250105,MKDLOWVSELL,1.47,1.47hrs
11/03/2026 08:34:37,sell,0.10,USDCAD,1.35600,11/03/2026 16:51:30,1.35760,0.00,0.00,-16.00,-11.79,3.25,4.40,-27.07,-36.80,20250105,MKDLOWVSELL,8.28,8.28hrs
11/03/2026 09:33:13,sell,0.20,USDCAD,1.35707,11/03/2026 16:51:27,1.35761,0.00,0.00,-5.40,-7.96,14.75,10.00,-38.39,-26.10,20250105,MKDLOWVSELL,7.30,7.30hrs
11/03/2026 15:07:46,sell,0.40,USDCAD,1.35938,11/03/2026 16:51:24,1.35755,0.00,0.00,18.30,53.92,86.11,29.20,-8.83,-3.00,20250105,MKDLOWVSELL,1.73,1.73hrs
11/03/2026 15:30:06,buy,0.10,CADJPY,116.65200,11/03/2026 16:23:42,116.77400,0.00,0.00,12.20,7.69,9.15,14.50,-4.29,-6.80,20250105,MKDLOWVBUY,0.89,0.89hrs
11/03/2026 16:01:41,sell,0.10,GBPCAD,1.82476,11/03/2026 16:03:20,1.82340,0.00,0.00,13.60,10.01,22.59,30.70,-1.25,-1.70,20250105,MKDLOWVSELL,0.03,0.03hrs
11/03/2026 13:50:08,sell,0.10,GBPNZD,2.26569,11/03/2026 15:38:41,2.26578,0.00,0.00,-0.90,-0.53,4.03,6.80,-13.15,-22.20,20250105,MKDLOWVSELL,1.81,1.81hrs
11/03/2026 13:52:03,sell,0.20,GBPNZD,2.26675,11/03/2026 15:38:38,2.26583,0.00,0.00,9.20,10.89,20.64,17.40,-13.74,-11.60,20250105,MKDLOWVSELL,1.78,1.78hrs
11/03/2026 14:00:27,sell,0.10,GBPCHF,1.04572,11/03/2026 14:35:47,1.04457,0.00,0.00,11.50,14.77,14.77,11.50,-16.83,-13.10,20250105,MKDLOWVSELL,0.59,0.59hrs
11/03/2026 13:50:24,sell,0.10,GBPCAD,1.82262,11/03/2026 14:33:51,1.82122,0.00,0.00,14.00,10.31,10.32,14.00,-19.16,-26.00,20250105,MKDLOWVSELL,0.72,0.72hrs
11/03/2026 13:35:41,sell,0.10,GBPCAD,1.82263,11/03/2026 13:46:23,1.82135,0.00,0.00,12.80,9.43,9.43,12.80,-16.58,-22.50,20250105,MKDLOWVSELL,0.18,0.18hrs
11/03/2026 11:32:11,sell,0.10,GBPNZD,2.26597,11/03/2026 13:37:45,2.26560,0.00,0.00,3.70,2.19,13.86,23.40,-10.08,-17.00,20250105,MKDLOWVSELL,2.09,2.09hrs
11/03/2026 13:07:39,sell,0.20,GBPNZD,2.26702,11/03/2026 13:37:42,2.26570,0.00,0.00,13.20,15.66,21.09,17.80,-7.71,-6.50,20250105,MKDLOWVSELL,0.50,0.50hrs
11/03/2026 12:35:55,sell,0.10,GBPCAD,1.82425,11/03/2026 13:33:59,1.82315,0.00,0.00,11.00,8.11,32.57,44.20,-2.87,-3.90,20250105,MKDLOWVSELL,0.97,0.97hrs
11/03/2026 10:00:36,buy,0.10,AUDUSD,0.71645,11/03/2026 13:15:07,0.71666,0.00,0.00,2.10,2.10,15.90,15.90,-21.40,-21.40,20250105,MKDLOWVBUY,3.24,3.24hrs
11/03/2026 11:44:09,buy,0.20,AUDUSD,0.71517,11/03/2026 13:15:04,0.71657,0.00,0.00,14.00,28.00,28.00,14.00,-17.20,-8.60,20250105,MKDLOWVBUY,1.52,1.52hrs
11/03/2026 09:38:47,sell,0.10,GBPNZD,2.26530,11/03/2026 10:04:58,2.26389,0.00,0.00,14.10,8.37,18.78,31.60,-1.01,-1.70,20250105,MKDLOWVSELL,0.44,0.44hrs
11/03/2026 09:00:26,sell,0.10,GBPCAD,1.82409,11/03/2026 09:43:43,1.82295,0.00,0.00,11.40,8.40,8.41,11.40,-5.60,-7.60,20250105,MKDLOWVSELL,0.72,0.72hrs
11/03/2026 00:21:42,sell,0.10,CHFJPY,202.99500,11/03/2026 08:33:15,203.35900,0.00,0.00,-36.40,-23.04,0.63,1.00,-41.19,-65.20,20250105,MKDLOWVSELL,8.19,8.19hrs
11/03/2026 01:03:22,sell,0.20,CHFJPY,203.06700,11/03/2026 08:33:12,203.36300,0.00,0.00,-29.60,-37.47,10.38,8.20,-73.28,-58.00,20250105,MKDLOWVSELL,7.50,7.50hrs
11/03/2026 03:17:40,sell,0.40,CHFJPY,203.26800,11/03/2026 08:33:09,203.36300,0.00,0.00,-9.50,-24.05,71.68,28.30,-95.77,-37.90,20250105,MKDLOWVSELL,5.26,5.26hrs
11/03/2026 04:20:46,sell,0.80,CHFJPY,203.52900,11/03/2026 08:33:06,203.36100,0.00,0.00,16.80,85.07,91.50,18.10,-59.63,-11.80,20250105,MKDLOWVSELL,4.21,4.21hrs
11/03/2026 03:04:17,sell,0.10,GBPNZD,2.26553,11/03/2026 04:47:13,2.26468,0.00,0.00,8.50,5.05,13.23,22.30,-5.34,-9.00,20250105,MKDLOWVSELL,1.72,1.72hrs
11/03/2026 04:13:03,sell,0.20,GBPNZD,2.26653,11/03/2026 04:47:09,2.26466,0.00,0.00,18.70,22.21,22.78,19.20,-2.02,-1.70,20250105,MKDLOWVSELL,0.57,0.57hrs
10/03/2026 21:26:18,buy,0.10,NZDJPY,93.70600,11/03/2026 03:08:23,93.82500,0.00,0.06,11.90,7.58,8.11,12.80,-5.89,-9.40,20250105,MKDLOWVBUY,5.70,5.70hrs
10/03/2026 16:21:26,sell,0.10,GBPCAD,1.82424,10/03/2026 19:37:49,1.82651,0.00,0.00,-22.70,-16.72,5.90,8.00,-23.51,-31.90,20250105,MKDLOWVSELL,3.27,3.27hrs
10/03/2026 17:43:04,sell,0.20,GBPCAD,1.82660,10/03/2026 19:37:46,1.82647,0.00,0.00,1.30,1.91,46.07,31.20,-12.23,-8.30,20250105,MKDLOWVSELL,1.91,1.91hrs
10/03/2026 19:20:43,sell,0.40,GBPCAD,1.82871,10/03/2026 19:37:43,1.82646,0.00,0.00,22.50,66.31,82.84,28.10,-5.01,-1.70,20250105,MKDLOWVSELL,0.28,0.28hrs
10/03/2026 16:01:03,sell,0.10,GBPCAD,1.82528,10/03/2026 16:09:23,1.82407,0.00,0.00,12.10,8.91,29.01,39.30,-1.25,-1.70,20250105,MKDLOWVSELL,0.14,0.14hrs
09/03/2026 21:01:05,sell,0.10,GBPNZD,2.26326,10/03/2026 12:13:16,2.26610,0.00,-0.98,-28.40,-17.85,4.50,7.60,-59.78,-99.20,20250105,MKDLOWVSELL,15.20,15.20hrs
09/03/2026 21:36:31,sell,0.20,GBPNZD,2.26437,10/03/2026 12:13:13,2.26606,0.00,-1.96,-16.90,-22.03,22.17,18.70,-106.41,-88.10,20250105,MKDLOWVSELL,14.61,14.61hrs
10/03/2026 02:56:49,sell,0.40,GBPNZD,2.26657,10/03/2026 12:13:10,2.26606,0.00,0.00,5.10,12.11,56.22,23.70,-156.73,-66.10,20250105,MKDLOWVSELL,9.27,9.27hrs
10/03/2026 04:36:50,sell,0.80,GBPNZD,2.26912,10/03/2026 12:13:06,2.26607,0.00,0.00,30.50,144.86,144.78,30.50,-192.53,-40.60,20250105,MKDLOWVSELL,7.60,7.60hrs
10/03/2026 09:06:36,sell,0.10,GBPCAD,1.82618,10/03/2026 10:58:12,1.82792,0.00,0.00,-17.40,-12.81,7.80,10.60,-20.48,-27.80,20250105,MKDLOWVSELL,1.86,1.86hrs
10/03/2026 09:24:00,sell,0.20,GBPCAD,1.82737,10/03/2026 10:58:10,1.82793,0.00,0.00,-5.60,-8.24,31.97,21.70,-23.43,-15.90,20250105,MKDLOWVSELL,1.57,1.57hrs
10/03/2026 10:01:08,sell,0.40,GBPCAD,1.82967,10/03/2026 10:58:07,1.82780,0.00,0.00,18.70,55.06,118.75,40.30,-5.01,-1.70,20250105,MKDLOWVSELL,0.95,0.95hrs
10/03/2026 02:44:37,sell,0.10,USDCAD,1.35876,10/03/2026 07:00:46,1.35920,0.00,0.00,-4.40,-3.24,1.77,2.40,-10.81,-14.70,20250105,MKDLOWVSELL,4.27,4.27hrs
10/03/2026 03:42:06,sell,0.20,USDCAD,1.35992,10/03/2026 07:00:43,1.35920,0.00,0.00,7.20,10.59,14.87,10.10,-4.56,-3.10,20250105,MKDLOWVSELL,3.31,3.31hrs
10/03/2026 02:33:31,buy,0.10,AUDJPY,111.49600,10/03/2026 04:01:09,111.51500,0.00,0.00,1.90,1.21,10.26,16.20,-8.82,-13.90,20250105,MKDLOWVBUY,1.46,1.46hrs
10/03/2026 03:15:04,buy,0.20,AUDJPY,111.38500,10/03/2026 04:01:05,111.51000,0.00,0.00,12.50,15.87,26.88,21.20,-3.55,-2.80,20250105,MKDLOWVBUY,0.77,0.77hrs
10/03/2026 02:12:47,buy,0.10,AUDUSD,0.70631,10/03/2026 02:20:15,0.70730,0.00,0.00,9.90,9.90,14.80,14.80,-1.40,-1.40,20250105,MKDLOWVBUY,0.12,0.12hrs
09/03/2026 19:19:41,sell,0.10,EURJPY,183.35700,09/03/2026 21:57:31,183.19700,0.00,0.00,16.00,10.14,10.10,16.00,-5.75,-9.10,20250105,MKDLOWVSELL,2.63,2.63hrs
09/03/2026 20:00:45,sell,0.10,GBPAUD,1.90225,09/03/2026 20:44:28,1.90088,0.00,0.00,13.70,9.65,20.58,29.20,-4.43,-6.30,20250105,MKDLOWVSELL,0.73,0.73hrs
09/03/2026 20:00:26,sell,0.10,EURAUD,1.64552,09/03/2026 20:42:50,1.64431,0.00,0.00,12.10,8.53,13.81,19.60,-7.18,-10.20,20250105,MKDLOWVSELL,0.71,0.71hrs
09/03/2026 18:00:44,sell,0.10,EURNZD,1.95902,09/03/2026 18:27:22,1.95747,0.00,0.00,15.50,9.19,9.17,15.50,-5.08,-8.60,20250105,MKDLOWVSELL,0.44,0.44hrs
09/03/2026 15:43:54,sell,0.10,GBPAUD,1.90437,09/03/2026 15:59:42,1.90302,0.00,0.00,13.50,9.49,9.46,13.50,-8.41,-12.00,20250105,MKDLOWVSELL,0.26,0.26hrs
09/03/2026 15:24:15,sell,0.10,GBPAUD,1.90385,09/03/2026 15:32:50,1.90216,0.00,0.00,16.90,11.89,11.86,16.90,-1.19,-1.70,20250105,MKDLOWVSELL,0.14,0.14hrs
09/03/2026 15:00:57,sell,0.10,GBPAUD,1.90391,09/03/2026 15:11:12,1.90274,0.00,0.00,11.70,8.23,11.30,16.10,-1.19,-1.70,20250105,MKDLOWVSELL,0.17,0.17hrs
09/03/2026 11:00:11,buy,0.10,AUDNZD,1.18805,09/03/2026 15:00:33,1.18801,0.00,0.00,-0.40,-0.24,9.96,16.90,-6.20,-10.50,20250105,MKDLOWVBUY,4.01,4.01hrs
06/03/2026 10:30:10,buy,0.10,AUDCHF,0.54871,09/03/2026 11:37:03,0.54697,0.00,0.32,-17.40,-22.02,5.90,4.60,-75.38,-59.00,20250105,MKDLOWVBUY,73.11,3.05days
06/03/2026 11:50:03,buy,0.20,AUDCHF,0.54771,09/03/2026 11:37:00,0.54698,0.00,0.63,-7.30,-18.11,15.08,5.90,-125.12,-49.00,20250105,MKDLOWVBUY,71.78,2.99days
06/03/2026 16:32:39,buy,0.40,AUDCHF,0.54571,09/03/2026 11:36:56,0.54697,0.00,1.27,12.60,65.98,67.75,13.20,-147.57,-29.00,20250105,MKDLOWVBUY,67.07,2.79days
09/03/2026 08:31:10,sell,0.10,EURNZD,1.96296,09/03/2026 10:05:52,1.96148,0.00,0.00,14.80,8.72,9.13,15.50,-9.42,-16.00,20250105,MKDLOWVSELL,1.58,1.58hrs
09/03/2026 00:36:28,sell,0.10,USDCHF,0.77968,09/03/2026 07:11:38,0.78037,0.00,0.00,-6.90,-8.84,11.56,9.00,-37.70,-29.50,20250105,MKDLOWVSELL,6.59,6.59hrs
09/03/2026 01:23:52,sell,0.20,USDCHF,0.78070,09/03/2026 07:11:34,0.78036,0.00,0.00,3.40,8.71,35.96,14.00,-49.33,-19.30,20250105,MKDLOWVSELL,5.79,5.79hrs
09/03/2026 04:49:35,sell,0.10,GBPJPY,211.16400,09/03/2026 06:31:44,211.17000,0.00,0.00,-0.60,-0.38,25.84,41.00,-8.12,-12.90,20250105,MKDLOWVSELL,1.70,1.70hrs
09/03/2026 06:11:48,sell,0.20,GBPJPY,211.34200,09/03/2026 06:31:40,211.16200,0.00,0.00,18.00,22.68,30.37,24.10,-2.65,-2.10,20250105,MKDLOWVSELL,0.33,0.33hrs
09/03/2026 00:16:16,buy,0.10,NZDJPY,92.91700,09/03/2026 03:01:42,92.95700,0.00,0.00,4.00,2.52,2.53,4.00,-21.37,-33.80,20250105,MKDLOWVBUY,2.76,2.76hrs
09/03/2026 00:58:24,buy,0.20,NZDJPY,92.80200,09/03/2026 03:01:38,92.94100,0.00,0.00,13.90,17.51,17.55,13.90,-28.19,-22.30,20250105,MKDLOWVBUY,2.05,2.05hrs
06/03/2026 18:33:15,sell,0.10,GBPJPY,211.04300,09/03/2026 00:37:03,211.06400,0.00,-2.28,-2.10,-3.61,7.85,16.00,-39.10,-61.70,20250105,MKDLOWVSELL,54.06,2.25days
06/03/2026 18:46:14,sell,0.20,GBPJPY,211.18500,09/03/2026 00:37:00,211.06200,0.00,-4.56,12.30,10.97,33.67,30.20,-60.20,-47.50,20250105,MKDLOWVSELL,53.85,2.24days
06/03/2026 22:02:35,sell,0.40,GBPJPY,211.40000,09/03/2026 00:36:56,211.06600,0.00,-9.13,33.40,75.22,121.76,51.70,-65.90,-26.00,20250105,MKDLOWVSELL,50.57,2.11days
06/03/2026 18:31:18,sell,0.10,GBPUSD,1.33869,06/03/2026 20:51:21,1.33838,0.00,0.00,3.10,3.10,3.10,3.10,-23.50,-23.50,20250105,MKDLOWVSELL,2.33,2.33hrs
06/03/2026 18:44:30,sell,0.20,GBPUSD,1.33995,06/03/2026 20:51:17,1.33851,0.00,0.00,14.40,28.80,30.60,15.30,-21.80,-10.90,20250105,MKDLOWVSELL,2.11,2.11hrs
06/03/2026 15:46:08,sell,0.10,CADJPY,115.58600,06/03/2026 16:43:19,115.47400,0.00,0.00,11.20,7.10,7.60,12.00,-8.86,-14.00,20250105,MKDLOWVSELL,0.95,0.95hrs
06/03/2026 15:30:09,sell,0.10,GBPCHF,1.04382,06/03/2026 16:10:26,1.04246,0.00,0.00,13.60,17.39,20.22,15.80,-3.97,-3.10,20250105,MKDLOWVSELL,0.67,0.67hrs
06/03/2026 15:30:35,sell,0.10,GBPCAD,1.82435,06/03/2026 15:41:22,1.82296,0.00,0.00,13.90,10.19,11.22,15.30,-9.31,-12.70,20250105,MKDLOWVSELL,0.18,0.18hrs
06/03/2026 12:28:45,sell,0.10,CADJPY,115.51700,06/03/2026 15:34:08,115.44000,0.00,0.00,7.70,4.89,7.68,12.10,-12.40,-19.60,20250105,MKDLOWVSELL,3.09,3.09hrs
06/03/2026 13:40:40,sell,0.20,CADJPY,115.62100,06/03/2026 15:34:04,115.41900,0.00,0.00,20.20,25.65,28.57,22.50,-11.64,-9.20,20250105,MKDLOWVSELL,1.89,1.89hrs
06/03/2026 11:30:13,sell,0.10,EURNZD,1.96823,06/03/2026 14:11:59,1.96963,0.00,0.00,-14.00,-8.22,0.59,1.00,-23.40,-39.90,20250105,MKDLOWVSELL,2.70,2.70hrs
06/03/2026 11:37:12,sell,0.20,EURNZD,1.96932,06/03/2026 14:11:56,1.96966,0.00,0.00,-3.40,-3.99,6.59,5.60,-34.01,-29.00,20250105,MKDLOWVSELL,2.58,2.58hrs
06/03/2026 13:56:19,sell,0.40,EURNZD,1.97153,06/03/2026 14:11:53,1.96966,0.00,0.00,18.70,43.89,53.48,22.80,-16.42,-7.00,20250105,MKDLOWVSELL,0.26,0.26hrs
06/03/2026 00:16:08,sell,0.10,CHFJPY,201.67200,06/03/2026 12:05:04,201.91200,0.00,0.00,-24.00,-15.20,3.75,5.90,-32.62,-51.50,20250105,MKDLOWVSELL,11.82,11.82hrs
06/03/2026 01:31:37,sell,0.20,CHFJPY,201.80300,06/03/2026 12:05:01,201.91300,0.00,0.00,-11.00,-13.94,24.14,19.00,-48.64,-38.40,20250105,MKDLOWVSELL,10.56,10.56hrs
06/03/2026 07:08:32,sell,0.40,CHFJPY,202.01000,06/03/2026 12:04:57,201.91100,0.00,0.00,9.90,25.09,41.81,16.50,-44.84,-17.70,20250105,MKDLOWVSELL,4.94,4.94hrs
06/03/2026 09:30:45,sell,0.10,GBPUSD,1.33658,06/03/2026 11:00:19,1.33637,0.00,0.00,2.10,2.10,3.50,3.50,-14.30,-14.30,20250105,MKDLOWVSELL,1.49,1.49hrs
06/03/2026 10:40:49,sell,0.20,GBPUSD,1.33775,06/03/2026 11:00:16,1.33646,0.00,0.00,12.90,25.80,26.60,13.30,-4.00,-2.00,20250105,MKDLOWVSELL,0.32,0.32hrs
06/03/2026 02:06:15,sell,0.10,EURJPY,182.85000,06/03/2026 10:00:21,182.97200,0.00,0.00,-12.20,-7.75,5.34,8.40,-26.79,-42.30,20250105,MKDLOWVSELL,7.90,7.90hrs
06/03/2026 04:01:57,sell,0.20,EURJPY,182.95600,06/03/2026 10:00:18,182.97200,0.00,0.00,-1.60,-2.03,0.25,0.20,-40.16,-31.70,20250105,MKDLOWVSELL,5.97,5.97hrs
06/03/2026 07:17:28,sell,0.40,EURJPY,183.15700,06/03/2026 10:00:14,182.97700,0.00,0.00,18.00,45.70,51.55,20.30,-29.39,-11.60,20250105,MKDLOWVSELL,2.71,2.71hrs
06/03/2026 08:00:11,sell,0.10,USDCHF,0.78086,06/03/2026 09:35:37,0.78032,0.00,0.00,5.40,6.92,8.85,6.90,-6.91,-5.40,20250105,MKDLOWVSELL,1.59,1.59hrs
06/03/2026 07:38:35,buy,0.10,AUDCAD,0.96072,06/03/2026 09:02:29,0.96126,0.00,0.00,5.40,3.95,6.81,9.30,-3.59,-4.90,20250105,MKDLOWVBUY,1.40,1.40hrs
06/03/2026 06:17:37,sell,0.10,EURNZD,1.96583,06/03/2026 08:08:51,1.96583,0.00,0.00,0.00,0.00,3.42,5.80,-9.09,-15.40,20250105,MKDLOWVSELL,1.85,1.85hrs
06/03/2026 06:58:26,sell,0.20,EURNZD,1.96700,06/03/2026 08:08:41,1.96571,0.00,0.00,12.90,15.24,20.66,17.50,-2.83,-2.40,20250105,MKDLOWVSELL,1.17,1.17hrs
06/03/2026 00:17:10,sell,0.10,EURJPY,182.82100,06/03/2026 02:01:07,182.78000,0.00,0.00,4.10,2.60,5.08,8.00,-12.19,-19.20,20250105,MKDLOWVSELL,1.73,1.73hrs
06/03/2026 01:30:58,sell,0.20,EURJPY,182.92400,06/03/2026 02:01:03,182.77000,0.00,0.00,15.40,19.57,20.45,16.10,-3.93,-3.10,20250105,MKDLOWVSELL,0.50,0.50hrs
05/03/2026 16:57:50,buy,0.10,AUDCAD,0.95942,06/03/2026 01:30:09,0.95845,0.00,0.08,-9.70,-7.02,7.55,10.30,-29.87,-40.90,20250105,MKDLOWVBUY,8.54,8.54hrs
05/03/2026 19:32:14,buy,0.20,AUDCAD,0.95733,06/03/2026 01:30:02,0.95848,0.00,0.16,11.50,16.98,19.91,13.50,-29.22,-20.00,20250105,MKDLOWVBUY,5.96,5.96hrs
05/03/2026 17:09:19,buy,0.10,NZDJPY,93.01700,05/03/2026 22:43:03,92.89600,0.00,0.00,-12.10,-7.68,3.87,6.10,-23.29,-36.70,20250105,MKDLOWVBUY,5.56,5.56hrs
05/03/2026 17:38:50,buy,0.20,NZDJPY,92.91200,05/03/2026 22:42:59,92.89100,0.00,0.00,-2.10,-2.67,7.61,6.00,-33.25,-26.20,20250105,MKDLOWVBUY,5.07,5.07hrs
05/03/2026 19:37:28,buy,0.40,NZDJPY,92.71200,05/03/2026 22:42:55,92.89100,0.00,0.00,17.90,45.46,52.06,20.50,-14.46,-5.70,20250105,MKDLOWVBUY,3.09,3.09hrs
05/03/2026 20:32:54,sell,0.10,EURJPY,182.78500,05/03/2026 21:54:58,182.65600,0.00,0.00,12.90,8.18,9.19,14.50,-6.53,-10.30,20250105,MKDLOWVSELL,1.37,1.37hrs
05/03/2026 10:19:07,sell,0.10,CADJPY,115.10500,05/03/2026 17:31:07,115.27900,0.00,0.00,-17.40,-11.03,4.58,7.20,-39.47,-62.20,20250105,MKDLOWVSELL,7.20,7.20hrs
05/03/2026 12:49:39,sell,0.20,CADJPY,115.26900,05/03/2026 17:31:04,115.29100,0.00,0.00,-2.20,-2.79,0.00,0.00,-58.13,-45.80,20250105,MKDLOWVSELL,4.69,4.69hrs
05/03/2026 14:42:43,sell,0.40,CADJPY,115.48400,05/03/2026 17:31:00,115.29000,0.00,0.00,19.40,49.21,51.25,20.20,-61.68,-24.30,20250105,MKDLOWVSELL,2.80,2.80hrs
05/03/2026 12:58:29,sell,0.10,EURJPY,182.60900,05/03/2026 17:18:34,182.72100,0.00,0.00,-11.20,-7.11,1.08,1.70,-31.04,-48.90,20250105,MKDLOWVSELL,4.33,4.33hrs
05/03/2026 14:16:51,sell,0.20,EURJPY,182.71700,05/03/2026 17:18:31,182.71800,0.00,0.00,-0.10,-0.12,2.92,2.30,-48.38,-38.10,20250105,MKDLOWVSELL,3.03,3.03hrs
05/03/2026 14:42:02,sell,0.40,EURJPY,182.92100,05/03/2026 17:18:28,182.71200,0.00,0.00,20.90,53.04,57.68,22.70,-44.95,-17.70,20250105,MKDLOWVSELL,2.61,2.61hrs
05/03/2026 15:30:08,sell,0.10,EURNZD,1.96228,05/03/2026 17:01:13,1.96215,0.00,0.00,1.30,0.77,4.84,8.20,-22.01,-37.30,20250105,MKDLOWVSELL,1.52,1.52hrs
05/03/2026 15:40:26,sell,0.20,EURNZD,1.96293,05/03/2026 17:01:09,1.96205,0.00,0.00,8.80,10.42,17.37,14.70,-36.35,-30.80,20250105,MKDLOWVSELL,1.35,1.35hrs
05/03/2026 16:42:41,sell,0.40,EURNZD,1.96465,05/03/2026 17:01:02,1.96174,0.00,0.00,29.10,68.88,72.35,30.60,-32.11,-13.60,20250105,MKDLOWVSELL,0.31,0.31hrs
05/03/2026 16:30:36,buy,0.10,AUDJPY,110.77700,05/03/2026 16:56:58,110.79200,0.00,0.00,1.50,0.95,4.95,7.80,-11.99,-18.90,20250105,MKDLOWVBUY,0.44,0.44hrs
05/03/2026 16:43:42,buy,0.20,AUDJPY,110.64900,05/03/2026 16:56:54,110.79600,0.00,0.00,14.70,18.66,21.06,16.60,-7.74,-6.10,20250105,MKDLOWVBUY,0.22,0.22hrs
05/03/2026 12:58:21,sell,0.10,GBPJPY,209.95500,05/03/2026 16:39:44,210.34700,0.00,0.00,-39.20,-24.86,0.00,0.00,-43.13,-68.00,20250105,MKDLOWVSELL,3.69,3.69hrs
05/03/2026 13:15:12,sell,0.20,GBPJPY,210.08100,05/03/2026 16:39:41,210.32600,0.00,0.00,-24.50,-31.08,11.57,9.10,-70.27,-55.40,20250105,MKDLOWVSELL,3.41,3.41hrs
05/03/2026 14:21:44,sell,0.40,GBPJPY,210.30200,05/03/2026 16:39:38,210.31800,0.00,0.00,-1.60,-4.06,1.53,0.60,-84.48,-33.30,20250105,MKDLOWVSELL,2.30,2.30hrs
05/03/2026 16:06:52,sell,0.80,GBPJPY,210.57100,05/03/2026 16:39:35,210.31500,0.00,0.00,25.60,129.88,134.47,26.50,-19.28,-3.80,20250105,MKDLOWVSELL,0.55,0.55hrs
05/03/2026 12:57:54,sell,0.10,EURNZD,1.96121,05/03/2026 13:09:57,1.96007,0.00,0.00,11.40,6.76,9.66,16.30,-4.03,-6.80,20250105,MKDLOWVSELL,0.20,0.20hrs
04/03/2026 17:46:18,buy,0.10,AUDNZD,1.19205,05/03/2026 12:41:31,1.19006,0.00,0.09,-19.90,-11.68,2.73,4.60,-27.69,-47.00,20250105,MKDLOWVBUY,18.92,18.92hrs
05/03/2026 04:23:49,buy,0.20,AUDNZD,1.19102,05/03/2026 12:41:28,1.19006,0.00,0.00,-9.60,-11.36,0.00,0.00,-43.39,-36.70,20250105,MKDLOWVBUY,8.29,8.29hrs
05/03/2026 08:30:05,buy,0.40,AUDNZD,1.18891,05/03/2026 12:41:25,1.19003,0.00,0.00,11.20,26.50,37.18,15.70,-36.89,-15.60,20250105,MKDLOWVBUY,4.19,4.19hrs
05/03/2026 10:59:07,buy,0.10,AUDCAD,0.96019,05/03/2026 11:05:26,0.96131,0.00,0.00,11.20,8.21,10.04,13.70,-1.90,-2.60,20250105,MKDLOWVBUY,0.11,0.11hrs
05/03/2026 10:30:43,buy,0.10,NZDUSD,0.59045,05/03/2026 11:05:01,0.59214,0.00,0.00,16.90,16.90,18.30,18.30,-1.80,-1.80,20250105,MKDLOWVBUY,0.57,0.57hrs
05/03/2026 07:59:10,buy,0.10,AUDJPY,110.68600,05/03/2026 10:56:14,110.55200,0.00,0.00,-13.40,-8.51,3.06,4.80,-29.46,-46.30,20250105,MKDLOWVBUY,2.95,2.95hrs
05/03/2026 08:09:14,buy,0.20,AUDJPY,110.57900,05/03/2026 10:56:11,110.55200,0.00,0.00,-2.70,-3.43,19.74,15.50,-45.30,-35.60,20250105,MKDLOWVBUY,2.78,2.78hrs
05/03/2026 10:31:03,buy,0.40,AUDJPY,110.32500,05/03/2026 10:56:07,110.55100,0.00,0.00,22.60,57.47,60.51,23.80,-25.96,-10.20,20250105,MKDLOWVBUY,0.42,0.42hrs
05/03/2026 10:00:12,sell,0.10,CADJPY,115.23200,05/03/2026 10:17:16,115.11700,0.00,0.00,11.50,7.31,7.76,12.20,-1.97,-3.10,20250105,MKDLOWVSELL,0.28,0.28hrs
05/03/2026 04:00:37,buy,0.10,NZDUSD,0.59319,05/03/2026 09:45:14,0.59271,0.00,0.00,-4.80,-4.80,8.70,8.70,-21.40,-21.40,20250105,MKDLOWVBUY,5.74,5.74hrs
05/03/2026 07:51:25,buy,0.20,NZDUSD,0.59213,05/03/2026 09:45:11,0.59273,0.00,0.00,6.00,12.00,20.80,10.40,-21.60,-10.80,20250105,MKDLOWVBUY,1.90,1.90hrs
04/03/2026 23:00:38,sell,0.10,GBPCHF,1.04177,05/03/2026 05:31:25,1.04113,0.00,-5.94,6.40,2.26,5.60,9.00,-53.12,-36.80,20250105,MKDLOWVSELL,6.51,6.51hrs
05/03/2026 01:00:04,buy,0.10,AUDJPY,111.11900,05/03/2026 05:01:22,111.01700,0.00,0.00,-10.20,-6.50,3.82,6.00,-28.29,-44.30,20250105,MKDLOWVBUY,4.02,4.02hrs
05/03/2026 02:50:39,buy,0.20,AUDJPY,111.01100,05/03/2026 05:01:19,111.01300,0.00,0.00,0.20,0.26,3.70,2.90,-42.78,-33.50,20250105,MKDLOWVBUY,2.18,2.18hrs
05/03/2026 03:42:33,buy,0.40,AUDJPY,110.79900,05/03/2026 05:01:15,111.01200,0.00,0.00,21.30,54.28,59.89,23.50,-31.41,-12.30,20250105,MKDLOWVBUY,1.31,1.31hrs
05/03/2026 03:01:00,sell,0.10,GBPCAD,1.82412,05/03/2026 04:35:43,1.82331,0.00,0.00,8.10,5.94,8.79,12.00,-5.21,-7.10,20250105,MKDLOWVSELL,1.58,1.58hrs
05/03/2026 01:00:18,buy,0.10,AUDUSD,0.70788,05/03/2026 02:43:05,0.70836,0.00,0.00,4.80,4.80,6.70,6.70,-6.70,-6.70,20250105,MKDLOWVBUY,1.71,1.71hrs
04/03/2026 10:06:18,sell,0.10,GBPCHF,1.04257,04/03/2026 14:09:04,1.04402,0.00,0.00,-14.50,-18.59,2.05,1.60,-60.03,-47.00,20250105,MKDLOWVSELL,4.05,4.05hrs
04/03/2026 10:46:05,sell,0.20,GBPCHF,1.04358,04/03/2026 14:08:48,1.04397,0.00,0.00,-3.90,-10.00,13.30,5.20,-94.26,-36.90,20250105,MKDLOWVSELL,3.38,3.38hrs
04/03/2026 11:36:48,sell,0.40,GBPCHF,1.04560,04/03/2026 14:08:34,1.04382,0.00,0.00,17.80,91.29,95.94,18.70,-85.32,-16.70,20250105,MKDLOWVSELL,2.53,2.53hrs
04/03/2026 08:30:39,sell,0.10,CHFJPY,201.68900,04/03/2026 10:05:32,201.64000,0.00,0.00,4.90,3.11,5.34,8.40,-17.60,-27.70,20250105,MKDLOWVSELL,1.58,1.58hrs
04/03/2026 09:25:14,sell,0.20,CHFJPY,201.79800,04/03/2026 10:05:25,201.62500,0.00,0.00,17.30,21.99,24.53,19.30,-21.35,-16.80,20250105,MKDLOWVSELL,0.67,0.67hrs
03/03/2026 23:30:31,buy,0.10,AUDCHF,0.55047,04/03/2026 08:35:35,0.54781,0.00,0.31,-26.60,-33.77,11.15,8.50,-58.43,-45.90,20250105,MKDLOWVBUY,9.08,9.08hrs
04/03/2026 02:39:41,buy,0.20,AUDCHF,0.54843,04/03/2026 08:35:32,0.54781,0.00,0.00,-6.20,-15.89,6.91,2.70,-65.27,-25.50,20250105,MKDLOWVBUY,5.93,5.93hrs
04/03/2026 06:41:37,buy,0.40,AUDCHF,0.54632,04/03/2026 08:35:29,0.54769,0.00,0.00,13.70,70.21,88.10,17.20,-22.52,-4.40,20250105,MKDLOWVBUY,1.90,1.90hrs
04/03/2026 05:31:59,sell,0.10,CHFJPY,201.65000,04/03/2026 06:19:34,201.50100,0.00,0.00,14.90,9.47,10.49,16.50,-4.51,-7.10,20250105,MKDLOWVSELL,0.79,0.79hrs
04/03/2026 03:42:01,sell,0.10,GBPNZD,2.26724,04/03/2026 04:42:35,2.26522,0.00,0.00,20.20,11.90,14.07,23.90,-8.93,-15.20,20250105,MKDLOWVSELL,1.01,1.01hrs
04/03/2026 03:18:22,sell,0.10,GBPNZD,2.26946,04/03/2026 03:38:56,2.26780,0.00,0.00,16.60,9.75,13.44,22.90,-8.79,-15.00,20250105,MKDLOWVSELL,0.34,0.34hrs
03/03/2026 19:23:59,sell,0.10,GBPJPY,210.07400,04/03/2026 02:23:25,210.19700,0.00,-2.28,-12.30,-10.09,3.74,5.90,-43.49,-68.60,20250105,MKDLOWVSELL,6.99,6.99hrs
03/03/2026 19:49:28,sell,0.20,GBPJPY,210.30600,04/03/2026 02:23:22,210.22100,0.00,-4.57,8.50,6.22,8.12,10.00,-57.56,-45.40,20250105,MKDLOWVSELL,6.57,6.57hrs
03/03/2026 21:38:04,sell,0.40,GBPJPY,210.51600,04/03/2026 02:23:18,210.21900,0.00,-9.13,29.70,66.25,69.32,30.90,-61.87,-24.40,20250105,MKDLOWVSELL,4.75,4.75hrs
04/03/2026 02:01:05,sell,0.10,GBPNZD,2.26773,04/03/2026 02:20:32,2.26593,0.00,0.00,18.00,10.61,12.36,21.00,-7.24,-12.30,20250105,MKDLOWVSELL,0.32,0.32hrs
03/03/2026 23:30:55,sell,0.10,EURNZD,1.97185,04/03/2026 02:12:35,1.97134,0.00,-0.27,5.10,2.73,17.80,30.70,-23.55,-39.60,20250105,MKDLOWVSELL,2.69,2.69hrs
04/03/2026 02:05:50,sell,0.20,EURNZD,1.97300,04/03/2026 02:12:31,1.97135,0.00,0.00,16.50,19.44,22.13,18.80,-5.65,-4.80,20250105,MKDLOWVSELL,0.11,0.11hrs
03/03/2026 04:34:10,buy,0.10,NZDJPY,93.46800,03/03/2026 20:23:10,92.84100,0.00,0.00,-62.70,-39.74,5.15,8.10,-85.86,-135.40,20250105,MKDLOWVBUY,15.82,15.82hrs
03/03/2026 07:36:41,buy,0.20,NZDJPY,93.36700,03/03/2026 20:23:07,92.84000,0.00,0.00,-52.70,-66.81,0.00,0.00,-158.91,-125.30,20250105,MKDLOWVBUY,12.77,12.77hrs
03/03/2026 09:32:09,buy,0.40,NZDJPY,93.15300,03/03/2026 20:23:04,92.83800,0.00,0.00,-31.50,-79.87,5.08,2.00,-263.54,-103.90,20250105,MKDLOWVBUY,10.85,10.85hrs
03/03/2026 11:23:56,buy,0.80,NZDJPY,92.89400,03/03/2026 20:23:01,92.84000,0.00,0.00,-5.40,-27.39,73.99,14.60,-395.69,-78.00,20250105,MKDLOWVBUY,8.98,8.98hrs
03/03/2026 17:00:17,buy,1.60,NZDJPY,92.51500,03/03/2026 20:22:58,92.84400,0.00,0.00,32.90,333.66,357.95,35.30,-406.85,-40.10,20250105,MKDLOWVBUY,3.38,3.38hrs
03/03/2026 08:59:07,buy,0.10,AUDJPY,111.53900,03/03/2026 19:23:01,110.84300,0.00,0.00,-69.60,-44.12,6.67,10.50,-127.87,-201.60,20250105,MKDLOWVBUY,10.40,10.40hrs
03/03/2026 10:01:56,buy,0.20,AUDJPY,111.41000,03/03/2026 19:22:58,110.83400,0.00,0.00,-57.60,-73.03,12.06,9.50,-239.38,-188.70,20250105,MKDLOWVBUY,9.35,9.35hrs
03/03/2026 10:45:37,buy,0.40,AUDJPY,111.17200,03/03/2026 19:22:54,110.81300,0.00,0.00,-35.90,-91.04,36.81,14.50,-418.37,-164.90,20250105,MKDLOWVBUY,8.62,8.62hrs
03/03/2026 12:35:13,buy,0.80,AUDJPY,110.85400,03/03/2026 19:22:51,110.82000,0.00,0.00,-3.40,-17.25,68.52,13.50,-675.38,-133.10,20250105,MKDLOWVBUY,6.79,6.79hrs
03/03/2026 15:48:58,buy,1.60,AUDJPY,110.49000,03/03/2026 19:22:46,110.82100,0.00,0.00,33.10,335.77,372.23,36.70,-981.36,-96.70,20250105,MKDLOWVBUY,3.56,3.56hrs
03/03/2026 08:03:46,buy,0.10,AUDUSD,0.70886,03/03/2026 18:25:26,0.70183,0.00,0.00,-70.30,-70.30,8.10,8.10,-145.00,-145.00,20250105,MKDLOWVBUY,10.36,10.36hrs
03/03/2026 10:00:49,buy,0.20,AUDUSD,0.70765,03/03/2026 18:25:23,0.70185,0.00,0.00,-58.00,-116.00,8.80,4.40,-265.80,-132.90,20250105,MKDLOWVBUY,8.41,8.41hrs
03/03/2026 10:54:41,buy,0.40,AUDUSD,0.70557,03/03/2026 18:25:20,0.70181,0.00,0.00,-37.60,-150.40,39.60,9.90,-448.40,-112.10,20250105,MKDLOWVBUY,7.51,7.51hrs
03/03/2026 12:35:21,buy,0.80,AUDUSD,0.70279,03/03/2026 18:25:17,0.70182,0.00,0.00,-9.70,-77.60,137.60,17.20,-674.40,-84.30,20250105,MKDLOWVBUY,5.83,5.83hrs
03/03/2026 16:45:53,buy,1.60,AUDUSD,0.69852,03/03/2026 18:25:14,0.70185,0.00,0.00,33.30,532.80,564.80,35.30,-665.60,-41.60,20250105,MKDLOWVBUY,1.66,1.66hrs
03/03/2026 08:03:34,sell,0.10,USDCAD,1.36801,03/03/2026 14:10:26,1.36923,0.00,0.00,-12.20,-8.91,8.85,12.10,-31.19,-42.80,20250105,MKDLOWVSELL,6.11,6.11hrs
03/03/2026 10:42:21,sell,0.20,USDCAD,1.36924,03/03/2026 14:10:24,1.36923,0.00,0.00,0.10,0.15,6.72,4.60,-44.45,-30.50,20250105,MKDLOWVSELL,3.47,3.47hrs
03/03/2026 13:12:16,sell,0.40,USDCAD,1.37132,03/03/2026 14:10:20,1.36931,0.00,0.00,20.10,58.72,61.35,21.00,-28.28,-9.70,20250105,MKDLOWVSELL,0.97,0.97hrs
03/03/2026 07:01:14,sell,0.10,USDJPY,157.39800,03/03/2026 08:39:05,157.26000,0.00,0.00,13.80,8.78,9.99,15.70,-6.35,-10.00,20250105,MKDLOWVSELL,1.63,1.63hrs
03/03/2026 04:30:30,buy,0.10,AUDNZD,1.19481,03/03/2026 06:04:15,1.19545,0.00,0.00,6.40,3.81,6.36,10.70,-4.57,-7.70,20250105,MKDLOWVBUY,1.56,1.56hrs
03/03/2026 04:30:38,buy,0.10,AUDCHF,0.55339,03/03/2026 05:39:28,0.55460,0.00,0.00,12.10,15.51,18.20,14.20,-6.03,-4.70,20250105,MKDLOWVBUY,1.15,1.15hrs
03/03/2026 02:00:13,sell,0.10,EURUSD,1.16938,03/03/2026 04:14:21,1.16928,0.00,0.00,1.00,1.00,6.70,6.70,-13.80,-13.80,20250105,MKDLOWVSELL,2.24,2.24hrs
03/03/2026 03:23:34,sell,0.20,EURUSD,1.17038,03/03/2026 04:14:18,1.16926,0.00,0.00,11.20,22.40,26.20,13.10,-7.60,-3.80,20250105,MKDLOWVSELL,0.85,0.85hrs
03/03/2026 02:58:17,sell,0.10,GBPJPY,211.15900,03/03/2026 03:54:01,211.09300,0.00,0.00,6.60,4.19,4.77,7.50,-13.65,-21.50,20250105,MKDLOWVSELL,0.93,0.93hrs
03/03/2026 03:13:18,sell,0.20,GBPJPY,211.27400,03/03/2026 03:53:56,211.11500,0.00,0.00,15.90,20.21,22.37,17.60,-12.70,-10.00,20250105,MKDLOWVSELL,0.68,0.68hrs
02/03/2026 18:30:12,sell,0.10,EURNZD,1.97236,02/03/2026 20:05:34,1.97064,0.00,0.00,17.20,10.22,13.00,21.90,-6.45,-10.90,20250105,MKDLOWVSELL,1.59,1.59hrs
02/03/2026 17:00:53,sell,0.10,USDJPY,157.56700,02/03/2026 18:31:49,157.54600,0.00,0.00,2.10,1.33,1.90,3.00,-12.24,-19.30,20250105,MKDLOWVSELL,1.52,1.52hrs
02/03/2026 17:43:40,sell,0.20,USDJPY,157.71000,02/03/2026 18:31:46,157.54300,0.00,0.00,16.70,21.20,21.97,17.30,-6.34,-5.00,20250105,MKDLOWVSELL,0.80,0.80hrs
02/03/2026 12:03:06,sell,0.10,EURJPY,184.18500,02/03/2026 17:55:16,184.35600,0.00,0.00,-17.10,-10.84,8.03,12.60,-27.92,-44.00,20250105,MKDLOWVSELL,5.87,5.87hrs
02/03/2026 15:16:30,sell,0.20,EURJPY,184.29900,02/03/2026 17:55:13,184.35400,0.00,0.00,-5.50,-6.97,10.54,8.30,-41.37,-32.60,20250105,MKDLOWVSELL,2.65,2.65hrs
02/03/2026 16:44:47,sell,0.40,EURJPY,184.51100,02/03/2026 17:55:09,184.32900,0.00,0.00,18.20,46.16,49.73,19.60,-28.93,-11.40,20250105,MKDLOWVSELL,1.17,1.17hrs
02/03/2026 15:22:53,sell,0.10,GBPAUD,1.89455,02/03/2026 17:07:07,1.89414,0.00,0.00,4.10,2.90,4.60,6.50,-23.23,-32.90,20250105,MKDLOWVSELL,1.74,1.74hrs
02/03/2026 15:30:01,sell,0.20,GBPAUD,1.89574,02/03/2026 17:06:59,1.89398,0.00,0.00,17.60,24.92,25.18,17.80,-29.66,-21.00,20250105,MKDLOWVSELL,1.62,1.62hrs
02/03/2026 15:28:00,sell,0.10,EURAUD,1.65753,02/03/2026 16:35:43,1.65702,0.00,0.00,5.10,3.61,7.14,10.10,-10.45,-14.80,20250105,MKDLOWVSELL,1.13,1.13hrs
02/03/2026 16:26:48,sell,0.20,EURAUD,1.65877,02/03/2026 16:35:39,1.65697,0.00,0.00,18.00,25.46,26.72,18.90,-2.40,-1.70,20250105,MKDLOWVSELL,0.15,0.15hrs
02/03/2026 15:00:23,sell,0.10,EURAUD,1.65797,02/03/2026 15:19:59,1.65653,0.00,0.00,14.40,10.18,11.38,16.10,-3.39,-4.80,20250105,MKDLOWVSELL,0.33,0.33hrs
02/03/2026 14:01:13,sell,0.10,GBPAUD,1.89276,02/03/2026 15:19:50,1.89441,0.00,0.00,-16.50,-11.67,0.00,0.00,-41.65,-59.00,20250105,MKDLOWVSELL,1.31,1.31hrs
02/03/2026 14:06:39,sell,0.20,GBPAUD,1.89410,02/03/2026 15:19:47,1.89441,0.00,0.00,-3.10,-4.38,2.41,1.70,-64.38,-45.60,20250105,MKDLOWVSELL,1.22,1.22hrs
02/03/2026 14:39:01,sell,0.40,GBPAUD,1.89685,02/03/2026 15:19:44,1.89460,0.00,0.00,22.50,63.65,69.81,24.70,-51.11,-18.10,20250105,MKDLOWVSELL,0.68,0.68hrs
27/02/2026 08:00:11,sell,0.10,CHFJPY,201.59700,02/03/2026 14:17:11,202.08400,0.00,-0.11,-48.70,-31.10,1.16,1.80,-154.93,-242.90,20250105,MKDLOWVSELL,78.28,3.26days
27/02/2026 08:44:57,sell,0.20,CHFJPY,201.68300,02/03/2026 14:17:07,202.10300,0.00,-0.22,-42.00,-53.67,9.23,7.20,-298.90,-234.30,20250105,MKDLOWVSELL,77.54,3.23days
27/02/2026 09:45:43,sell,0.40,CHFJPY,201.88300,02/03/2026 14:17:00,202.15100,0.00,-0.43,-26.80,-68.65,35.67,13.90,-546.80,-214.30,20250105,MKDLOWVSELL,76.52,3.19days
27/02/2026 15:06:55,sell,0.80,CHFJPY,202.14500,02/03/2026 14:16:51,202.19000,0.00,-0.86,-4.50,-23.77,0.00,0.00,-960.00,-188.10,20250105,MKDLOWVSELL,71.17,2.97days
27/02/2026 15:28:44,sell,1.60,CHFJPY,202.53400,02/03/2026 14:16:41,202.16700,0.00,-1.72,36.70,371.94,372.01,36.70,-1523.30,-149.20,20250105,MKDLOWVSELL,70.80,2.95days
02/03/2026 08:00:48,buy,0.10,NZDJPY,93.46100,02/03/2026 12:02:44,93.50700,0.00,0.00,4.60,2.93,2.93,4.60,-17.31,-27.20,20250105,MKDLOWVBUY,4.03,4.03hrs
02/03/2026 08:54:15,buy,0.20,NZDJPY,93.36100,02/03/2026 12:02:41,93.49000,0.00,0.00,12.90,16.44,18.48,14.50,-21.89,-17.20,20250105,MKDLOWVBUY,3.14,3.14hrs
02/03/2026 07:08:08,buy,0.10,EURUSD,1.17804,02/03/2026 11:06:17,1.17344,0.00,0.00,-46.00,-46.00,0.00,0.00,-82.90,-82.90,20250105,MKDLOWVBUY,3.97,3.97hrs
02/03/2026 08:02:35,buy,0.20,EURUSD,1.17620,02/03/2026 11:06:14,1.17348,0.00,0.00,-27.20,-54.40,0.00,0.00,-129.00,-64.50,20250105,MKDLOWVBUY,3.06,3.06hrs
02/03/2026 08:29:11,buy,0.40,EURUSD,1.17397,02/03/2026 11:06:11,1.17350,0.00,0.00,-4.70,-18.80,11.20,2.80,-168.80,-42.20,20250105,MKDLOWVBUY,2.62,2.62hrs
02/03/2026 09:52:43,buy,0.80,EURUSD,1.17088,02/03/2026 11:06:07,1.17349,0.00,0.00,26.10,208.80,229.60,28.70,-90.40,-11.30,20250105,MKDLOWVBUY,1.22,1.22hrs
02/03/2026 07:02:38,sell,0.10,USDJPY,156.56000,02/03/2026 10:56:45,156.95100,0.00,0.00,-39.10,-24.91,0.00,0.00,-44.58,-70.10,20250105,MKDLOWVSELL,3.90,3.90hrs
02/03/2026 07:22:29,sell,0.20,USDJPY,156.71300,02/03/2026 10:56:41,156.96300,0.00,0.00,-25.00,-31.85,1.15,0.90,-69.70,-54.80,20250105,MKDLOWVSELL,3.57,3.57hrs
02/03/2026 08:26:49,sell,0.40,USDJPY,156.94100,02/03/2026 10:56:38,156.95200,0.00,0.00,-1.10,-2.80,26.78,10.50,-81.40,-32.00,20250105,MKDLOWVSELL,2.50,2.50hrs
02/03/2026 10:23:06,sell,0.80,USDJPY,157.20400,02/03/2026 10:56:34,156.94600,0.00,0.00,25.80,131.51,136.65,26.80,-29.00,-5.70,20250105,MKDLOWVSELL,0.56,0.56hrs
27/02/2026 10:39:15,buy,0.10,AUDNZD,1.18915,02/03/2026 10:37:26,1.18831,0.00,0.03,-8.40,-4.95,0.03,0.00,-46.71,-78.60,20250105,MKDLOWVBUY,71.97,3.00days
27/02/2026 12:04:57,buy,0.20,AUDNZD,1.18800,02/03/2026 10:37:22,1.18830,0.00,0.06,3.00,3.62,6.47,5.40,-79.74,-67.10,20250105,MKDLOWVBUY,70.54,2.94days
02/03/2026 03:31:23,sell,0.10,EURJPY,184.28600,02/03/2026 04:30:28,184.15900,0.00,0.00,12.70,8.12,9.09,14.20,-3.26,-5.10,20250105,MKDLOWVSELL,0.98,0.98hrs
27/02/2026 20:30:45,buy,0.10,AUDUSD,0.71148,02/03/2026 03:00:43,0.70854,0.00,-0.12,-29.40,-29.52,6.70,6.70,-84.12,-84.00,20250105,MKDLOWVBUY,54.50,2.27days
02/03/2026 00:28:18,buy,0.20,AUDUSD,0.70561,02/03/2026 03:00:39,0.70842,0.00,0.00,28.10,56.20,59.20,29.60,-22.80,-11.40,20250105,MKDLOWVBUY,2.54,2.54hrs
27/02/2026 17:37:48,sell,0.10,EURJPY,184.25700,02/03/2026 00:24:06,183.96300,0.00,-1.44,29.40,17.36,37.75,61.10,-19.41,-30.30,20250105,MKDLOWVSELL,54.77,2.28days
27/02/2026 17:57:51,sell,0.20,EURJPY,184.38400,02/03/2026 00:24:02,183.96300,0.00,-2.87,42.10,50.98,91.80,73.80,-22.55,-17.60,20250105,MKDLOWVSELL,54.44,2.27days
27/02/2026 20:58:10,buy,0.10,AUDCHF,0.54675,27/02/2026 23:54:12,0.54693,0.00,0.00,1.80,2.34,8.97,6.90,-8.86,-6.80,20250105,MKDLOWVBUY,2.93,2.93hrs
27/02/2026 16:16:56,sell,0.10,USDJPY,156.02200,27/02/2026 17:36:20,156.01700,0.00,0.00,0.50,0.32,5.26,8.20,-12.61,-19.70,20250105,MKDLOWVSELL,1.32,1.32hrs
27/02/2026 16:57:39,sell,0.20,USDJPY,156.18000,27/02/2026 17:36:17,156.01800,0.00,0.00,16.20,20.77,21.03,16.40,-5.51,-4.30,20250105,MKDLOWVSELL,0.64,0.64hrs
27/02/2026 11:41:40,buy,0.10,AUDCAD,0.97308,27/02/2026 17:11:08,0.97183,0.00,0.00,-12.50,-9.16,0.00,0.00,-25.44,-34.80,20250105,MKDLOWVBUY,5.49,5.49hrs
27/02/2026 12:04:50,buy,0.20,AUDCAD,0.97190,27/02/2026 17:11:05,0.97167,0.00,0.00,-2.30,-3.37,3.51,2.40,-33.62,-23.00,20250105,MKDLOWVBUY,5.10,5.10hrs
27/02/2026 15:42:22,buy,0.40,AUDCAD,0.96984,27/02/2026 17:11:02,0.97164,0.00,0.00,18.00,52.76,58.04,19.80,-6.14,-2.10,20250105,MKDLOWVBUY,1.48,1.48hrs
27/02/2026 16:00:21,sell,0.10,USDJPY,156.16900,27/02/2026 16:16:08,156.06000,0.00,0.00,10.90,6.98,8.08,12.60,-4.16,-6.50,20250105,MKDLOWVSELL,0.26,0.26hrs
27/02/2026 10:44:46,sell,0.10,EURNZD,1.97325,27/02/2026 11:41:17,1.97157,0.00,0.00,16.80,10.06,10.84,18.10,-1.38,-2.30,20250105,MKDLOWVSELL,0.94,0.94hrs
27/02/2026 09:00:11,buy,0.10,EURUSD,1.18042,27/02/2026 09:45:27,1.18171,0.00,0.00,12.90,12.90,14.90,14.90,-7.60,-7.60,20250105,MKDLOWVBUY,0.75,0.75hrs
27/02/2026 04:01:55,buy,0.10,EURUSD,1.17936,27/02/2026 05:27:12,1.18035,0.00,0.00,9.90,9.90,11.50,11.50,-2.10,-2.10,20250105,MKDLOWVBUY,1.42,1.42hrs
27/02/2026 01:00:12,buy,0.10,AUDUSD,0.71024,27/02/2026 04:00:59,0.71044,0.00,0.00,2.00,2.00,4.70,4.70,-6.80,-6.80,20250105,MKDLOWVBUY,3.01,3.01hrs
27/02/2026 02:00:23,sell,0.10,EURCAD,1.61401,27/02/2026 03:30:04,1.61389,0.00,0.00,1.20,0.87,4.02,5.50,-2.92,-4.00,20250105,MKDLOWVSELL,1.49,1.49hrs
27/02/2026 01:00:22,sell,0.10,EURAUD,1.66083,27/02/2026 03:22:39,1.66055,0.00,0.00,2.80,1.99,4.62,6.50,-13.13,-18.50,20250105,MKDLOWVSELL,2.37,2.37hrs
27/02/2026 01:04:15,sell,0.20,EURAUD,1.66190,27/02/2026 03:22:36,1.66055,0.00,0.00,13.50,19.19,24.44,17.20,-11.07,-7.80,20250105,MKDLOWVSELL,2.31,2.31hrs
27/02/2026 02:05:52,sell,0.10,CHFJPY,201.66100,27/02/2026 02:31:11,201.49100,0.00,0.00,17.00,10.92,12.20,19.00,-2.95,-4.60,20250105,MKDLOWVSELL,0.42,0.42hrs
26/02/2026 20:58:31,sell,0.10,CHFJPY,201.79300,26/02/2026 22:00:19,201.74300,0.00,0.00,5.00,3.20,5.70,8.90,-3.84,-6.00,20250105,MKDLOWVSELL,1.03,1.03hrs
26/02/2026 20:38:53,buy,0.10,EURUSD,1.17857,26/02/2026 21:59:32,1.17960,0.00,0.00,10.30,10.30,12.10,12.10,-4.30,-4.30,20250105,MKDLOWVBUY,1.34,1.34hrs
26/02/2026 19:30:45,buy,0.10,AUDCAD,0.96942,26/02/2026 20:36:21,0.97052,0.00,0.00,8.40,8.03,9.64,13.20,-4.16,-5.70,20250105,MKDLOWVBUY,1.09,1.09hrs
26/02/2026 17:00:22,buy,0.10,NZDJPY,93.30700,26/02/2026 18:03:55,93.27900,0.00,0.00,-2.80,-1.80,2.95,4.60,-22.95,-35.80,20250105,MKDLOWVBUY,1.06,1.06hrs
26/02/2026 17:15:15,buy,0.20,NZDJPY,93.16300,26/02/2026 18:03:51,93.30400,0.00,0.00,14.10,18.06,20.11,15.70,-27.44,-21.40,20250105,MKDLOWVBUY,0.81,0.81hrs
26/02/2026 14:54:19,sell,0.10,GBPAUD,1.90232,26/02/2026 17:42:22,1.90636,0.00,0.00,-40.40,-28.65,0.00,0.00,-60.44,-85.40,20250105,MKDLOWVSELL,2.80,2.80hrs
26/02/2026 15:13:00,sell,0.20,GBPAUD,1.90367,26/02/2026 17:42:19,1.90634,0.00,0.00,-26.70,-37.87,16.66,11.70,-101.77,-71.90,20250105,MKDLOWVSELL,2.49,2.49hrs
26/02/2026 16:30:20,sell,0.40,GBPAUD,1.90572,26/02/2026 17:42:16,1.90617,0.00,0.00,-4.50,-12.77,8.81,3.10,-145.50,-51.40,20250105,MKDLOWVSELL,1.20,1.20hrs
26/02/2026 17:14:18,sell,0.80,GBPAUD,1.90854,26/02/2026 17:42:12,1.90566,0.00,0.00,28.80,163.43,165.05,29.10,-131.35,-23.20,20250105,MKDLOWVSELL,0.47,0.47hrs
26/02/2026 13:40:44,sell,0.10,EURCHF,0.91478,26/02/2026 16:08:33,0.91416,0.00,0.00,6.20,8.01,10.33,8.00,-5.29,-4.10,20250105,MKDLOWVSELL,2.46,2.46hrs
26/02/2026 07:00:15,sell,0.10,USDCHF,0.77191,26/02/2026 15:12:49,0.77386,0.00,0.00,-19.50,-25.20,2.33,1.80,-45.92,-35.60,20250105,MKDLOWVSELL,8.21,8.21hrs
26/02/2026 10:30:02,sell,0.20,USDCHF,0.77316,26/02/2026 15:12:12,0.77376,0.00,0.00,-6.00,-15.51,5.95,2.30,-59.59,-23.10,20250105,MKDLOWVSELL,4.70,4.70hrs
26/02/2026 13:45:35,sell,0.40,USDCHF,0.77516,26/02/2026 15:11:44,0.77390,0.00,0.00,12.60,65.12,78.08,15.10,-12.90,-2.50,20250105,MKDLOWVSELL,1.44,1.44hrs
26/02/2026 11:12:55,buy,0.10,AUDJPY,111.02000,26/02/2026 14:54:06,111.11800,0.00,0.00,9.80,6.28,7.43,11.60,-6.03,-9.40,20250105,MKDLOWVBUY,3.69,3.69hrs
26/02/2026 10:00:07,sell,0.10,EURAUD,1.65870,26/02/2026 11:12:00,1.65834,0.00,0.00,3.60,2.56,4.34,6.10,-11.02,-15.50,20250105,MKDLOWVSELL,1.20,1.20hrs
26/02/2026 10:33:10,sell,0.20,EURAUD,1.65972,26/02/2026 11:11:56,1.65834,0.00,0.00,13.80,19.65,22.77,16.00,-7.54,-5.30,20250105,MKDLOWVSELL,0.65,0.65hrs
25/02/2026 19:02:16,sell,0.10,GBPCHF,1.04701,26/02/2026 09:15:19,1.04650,0.00,-5.99,5.10,0.62,45.83,39.80,-40.44,-26.60,20250105,MKDLOWVSELL,14.22,14.22hrs
26/02/2026 00:32:51,buy,0.10,AUDJPY,111.36800,26/02/2026 07:32:05,111.17800,0.00,0.00,-19.00,-12.18,0.00,0.00,-24.90,-38.80,20250105,MKDLOWVBUY,6.99,6.99hrs
26/02/2026 01:23:49,buy,0.20,AUDJPY,111.26100,26/02/2026 07:32:02,111.17800,0.00,0.00,-8.30,-10.65,2.05,1.60,-36.07,-28.10,20250105,MKDLOWVBUY,6.14,6.14hrs
26/02/2026 04:35:42,buy,0.40,AUDJPY,111.02800,26/02/2026 07:31:58,111.17500,0.00,0.00,14.70,37.70,48.74,19.00,-12.32,-4.80,20250105,MKDLOWVBUY,2.94,2.94hrs
25/02/2026 10:00:10,buy,0.10,AUDUSD,0.71048,25/02/2026 17:20:17,0.70978,0.00,0.00,-7.00,-7.00,2.70,2.70,-32.50,-32.50,20250105,MKDLOWVBUY,7.34,7.34hrs
25/02/2026 11:29:15,buy,0.20,AUDUSD,0.70940,25/02/2026 17:20:13,0.70978,0.00,0.00,3.80,7.60,14.20,7.10,-43.40,-21.70,20250105,MKDLOWVBUY,5.85,5.85hrs
25/02/2026 02:00:48,sell,0.10,GBPCHF,1.04412,25/02/2026 16:44:27,1.04542,0.00,0.00,-13.00,-16.81,1.17,0.90,-50.62,-39.20,20250105,MKDLOWVSELL,14.73,14.73hrs
25/02/2026 09:58:48,sell,0.20,GBPCHF,1.04539,25/02/2026 16:44:24,1.04541,0.00,0.00,-0.20,-0.52,9.05,3.50,-68.45,-26.50,20250105,MKDLOWVSELL,6.76,6.76hrs
25/02/2026 14:55:04,sell,0.40,GBPCHF,1.04742,25/02/2026 16:44:20,1.04557,0.00,0.00,18.50,95.64,104.99,20.30,-32.03,-6.20,20250105,MKDLOWVSELL,1.82,1.82hrs
25/02/2026 12:00:31,sell,0.10,GBPNZD,2.26303,25/02/2026 16:16:33,2.26242,0.00,0.00,6.10,3.65,6.39,10.70,-14.74,-24.70,20250105,MKDLOWVSELL,4.27,4.27hrs
25/02/2026 12:54:57,sell,0.20,GBPNZD,2.26398,25/02/2026 16:16:30,2.26244,0.00,0.00,15.40,18.40,24.13,20.20,-18.14,-15.20,20250105,MKDLOWVSELL,3.36,3.36hrs
25/02/2026 10:31:42,buy,0.10,GBPUSD,1.35134,25/02/2026 14:15:16,1.35095,0.00,0.00,-3.90,-3.90,9.70,9.70,-23.20,-23.20,20250105,MKDLOWVBUY,3.73,3.73hrs
25/02/2026 13:18:32,buy,0.20,GBPUSD,1.34955,25/02/2026 14:15:12,1.35098,0.00,0.00,14.30,28.60,32.20,16.10,-10.60,-5.30,20250105,MKDLOWVBUY,0.94,0.94hrs
25/02/2026 02:33:03,sell,0.10,EURCAD,1.61314,25/02/2026 12:01:26,1.61401,0.00,0.00,-8.70,-6.35,2.12,2.90,-12.72,-17.40,20250105,MKDLOWVSELL,9.47,9.47hrs
25/02/2026 07:40:48,sell,0.20,EURCAD,1.61422,25/02/2026 12:01:23,1.61401,0.00,0.00,2.10,3.07,4.38,3.00,-9.65,-6.60,20250105,MKDLOWVSELL,4.34,4.34hrs
25/02/2026 02:00:39,sell,0.10,GBPCAD,1.84897,25/02/2026 07:30:29,1.84963,0.00,0.00,-6.60,-4.82,0.73,1.00,-14.24,-19.50,20250105,MKDLOWVSELL,5.50,5.50hrs
25/02/2026 04:14:23,sell,0.20,GBPCAD,1.84999,25/02/2026 07:30:25,1.84985,0.00,0.00,1.40,2.05,9.65,6.60,-13.58,-9.30,20250105,MKDLOWVSELL,3.27,3.27hrs
25/02/2026 06:00:26,sell,0.10,GBPNZD,2.26172,25/02/2026 07:00:09,2.26085,0.00,0.00,8.70,5.20,9.51,15.90,-4.18,-7.00,20250105,MKDLOWVSELL,1.00,1.00hrs
25/02/2026 04:30:14,buy,0.10,NZDJPY,93.00000,25/02/2026 05:14:38,93.11600,0.00,0.00,11.60,7.44,7.95,12.40,-9.08,-14.10,20250105,MKDLOWVBUY,0.74,0.74hrs
24/02/2026 22:03:01,sell,0.10,USDJPY,155.77700,25/02/2026 02:58:04,155.70900,0.00,-1.60,6.80,2.77,3.99,8.70,-16.02,-22.50,20250105,MKDLOWVSELL,4.92,4.92hrs
24/02/2026 23:34:28,sell,0.20,USDJPY,155.88000,25/02/2026 02:58:01,155.70500,0.00,-3.21,17.50,19.27,21.20,19.00,-18.85,-12.20,20250105,MKDLOWVSELL,3.39,3.39hrs
25/02/2026 00:19:10,buy,0.10,GBPUSD,1.34982,25/02/2026 02:31:58,1.34992,0.00,0.00,1.00,1.00,2.60,2.60,-10.40,-10.40,20250105,MKDLOWVBUY,2.21,2.21hrs
24/02/2026 21:31:13,buy,0.10,AUDCAD,0.96766,25/02/2026 02:30:06,0.96821,0.00,0.08,5.50,4.10,7.01,9.50,-11.02,-15.20,20250105,MKDLOWVBUY,4.98,4.98hrs
24/02/2026 21:00:30,buy,0.10,AUDNZD,1.18347,25/02/2026 02:12:04,1.18342,0.00,0.03,-0.50,-0.26,3.84,6.40,-6.33,-10.60,20250105,MKDLOWVBUY,5.19,5.19hrs
24/02/2026 10:45:12,sell,0.10,GBPCAD,1.84767,24/02/2026 20:42:36,1.85170,0.00,0.00,-40.30,-29.40,0.00,0.00,-53.15,-72.90,20250105,MKDLOWVSELL,9.96,9.96hrs
24/02/2026 11:34:36,sell,0.20,GBPCAD,1.84903,24/02/2026 20:42:33,1.85175,0.00,0.00,-27.20,-39.70,9.63,6.60,-86.47,-59.30,20250105,MKDLOWVSELL,9.13,9.13hrs
24/02/2026 16:59:52,sell,0.40,GBPCAD,1.85158,24/02/2026 20:42:30,1.85174,0.00,0.00,-1.60,-4.67,12.54,4.30,-98.57,-33.80,20250105,MKDLOWVSELL,3.71,3.71hrs
24/02/2026 17:47:01,sell,0.80,GBPCAD,1.85420,24/02/2026 20:42:27,1.85152,0.00,0.00,26.80,156.44,160.55,27.50,-44.33,-7.60,20250105,MKDLOWVSELL,2.92,2.92hrs
24/02/2026 10:30:05,buy,0.10,AUDCHF,0.54761,24/02/2026 17:30:15,0.54632,0.00,0.00,-12.90,-16.65,0.00,0.00,-44.71,-34.60,20250105,MKDLOWVBUY,7.00,7.00hrs
24/02/2026 12:31:05,buy,0.20,AUDCHF,0.54659,24/02/2026 17:30:12,0.54633,0.00,0.00,-2.60,-6.71,0.00,0.00,-63.05,-24.40,20250105,MKDLOWVBUY,4.99,4.99hrs
24/02/2026 16:32:17,buy,0.40,AUDCHF,0.54452,24/02/2026 17:30:09,0.54632,0.00,0.00,18.00,92.94,100.15,19.40,-19.12,-3.70,20250105,MKDLOWVBUY,0.96,0.96hrs
24/02/2026 13:00:42,buy,0.10,NZDJPY,92.96200,24/02/2026 17:28:35,92.95900,0.00,0.00,-0.30,-0.19,1.86,2.90,-17.26,-26.90,20250105,MKDLOWVBUY,4.46,4.46hrs
24/02/2026 13:20:23,buy,0.20,NZDJPY,92.85500,24/02/2026 17:28:32,92.95300,0.00,0.00,9.80,12.56,17.43,13.60,-20.79,-16.20,20250105,MKDLOWVBUY,4.14,4.14hrs
24/02/2026 12:08:40,buy,0.10,AUDCAD,0.96785,24/02/2026 17:21:35,0.96658,0.00,0.00,-12.70,-9.27,0.00,0.00,-26.67,-36.60,20250105,MKDLOWVBUY,5.22,5.22hrs
24/02/2026 12:51:01,buy,0.20,AUDCAD,0.96681,24/02/2026 17:21:33,0.96657,0.00,0.00,-2.40,-3.50,1.46,1.00,-38.19,-26.20,20250105,MKDLOWVBUY,4.51,4.51hrs
24/02/2026 15:39:50,buy,0.40,AUDCAD,0.96481,24/02/2026 17:21:29,0.96664,0.00,0.00,18.30,53.38,61.24,21.00,-18.07,-6.20,20250105,MKDLOWVBUY,1.69,1.69hrs
23/02/2026 21:26:00,sell,0.10,USDCHF,0.77412,24/02/2026 10:32:28,0.77468,0.00,-1.79,-5.60,-9.02,0.00,0.00,-34.76,-25.60,20250105,MKDLOWVSELL,13.11,13.11hrs
24/02/2026 03:14:07,sell,0.20,USDCHF,0.77512,24/02/2026 10:32:25,0.77473,0.00,0.00,3.90,10.07,16.53,6.40,-40.18,-15.60,20250105,MKDLOWVSELL,7.30,7.30hrs
10/02/2026 16:42:34,buy,0.10,CHFJPY,202.14300,24/02/2026 10:24:15,201.65700,0.00,-9.45,-48.60,-40.56,8.42,13.00,-298.05,-449.70,20250105,MKDLOWVBUY,329.69,13.74days
10/02/2026 17:04:07,buy,0.20,CHFJPY,202.03300,24/02/2026 10:24:12,201.66100,0.00,-18.89,-37.20,-66.51,9.71,7.50,-581.64,-438.70,20250105,MKDLOWVBUY,329.33,13.72days
10/02/2026 17:29:39,buy,0.40,CHFJPY,201.76200,24/02/2026 10:24:09,201.66400,0.00,-37.81,-9.80,-62.90,0.00,0.00,-1092.10,-411.60,20250105,MKDLOWVBUY,328.91,13.70days
10/02/2026 17:44:20,buy,0.80,CHFJPY,201.50400,24/02/2026 10:24:06,201.65000,0.00,-75.60,14.60,-0.86,75.71,18.10,-2048.63,-385.80,20250105,MKDLOWVBUY,328.66,13.69days
10/02/2026 19:51:45,buy,1.60,CHFJPY,201.15200,24/02/2026 10:24:03,201.65100,0.00,-151.23,49.90,359.67,394.52,53.30,-3727.38,-350.60,20250105,MKDLOWVBUY,326.54,13.61days
24/02/2026 01:33:56,sell,0.10,GBPCHF,1.04481,24/02/2026 09:57:00,1.04546,0.00,0.00,-6.50,-8.38,0.00,0.00,-28.98,-22.50,20250105,MKDLOWVSELL,8.38,8.38hrs
24/02/2026 03:42:26,sell,0.20,GBPCHF,1.04589,24/02/2026 09:56:55,1.04549,0.00,0.00,4.00,10.31,17.02,6.60,-30.14,-11.70,20250105,MKDLOWVSELL,6.24,6.24hrs
24/02/2026 09:06:20,sell,0.10,EURNZD,1.97610,24/02/2026 09:36:33,1.97490,0.00,0.00,12.00,7.16,9.48,15.90,-2.03,-3.40,20250105,MKDLOWVSELL,0.50,0.50hrs
24/02/2026 07:01:30,buy,0.10,NZDCAD,0.81668,24/02/2026 09:30:12,0.81681,0.00,0.00,1.30,0.95,2.19,3.00,-3.06,-4.20,20250105,MKDLOWVBUY,2.48,2.48hrs
24/02/2026 09:00:29,buy,0.10,AUDJPY,109.51800,24/02/2026 09:05:32,109.69600,0.00,0.00,17.80,11.46,13.51,21.00,-1.94,-3.00,20250105,MKDLOWVBUY,0.08,0.08hrs
24/02/2026 06:30:23,sell,0.10,CHFJPY,199.92200,24/02/2026 08:57:34,199.90700,0.00,0.00,1.50,0.97,3.10,4.80,-12.95,-20.10,20250105,MKDLOWVSELL,2.45,2.45hrs
24/02/2026 07:56:11,sell,0.20,CHFJPY,200.04000,24/02/2026 08:57:31,199.90500,0.00,0.00,13.50,17.42,21.42,16.60,-11.21,-8.70,20250105,MKDLOWVSELL,1.02,1.02hrs
24/02/2026 03:00:11,sell,0.10,GBPCAD,1.84848,24/02/2026 06:30:41,1.84858,0.00,0.00,-1.00,-0.73,1.24,1.70,-7.81,-10.70,20250105,MKDLOWVSELL,3.51,3.51hrs
23/02/2026 16:40:56,sell,0.10,GBPAUD,1.90914,24/02/2026 04:39:26,1.90991,0.00,-0.44,-7.70,-5.88,0.00,0.00,-40.33,-56.60,20250105,MKDLOWVSELL,11.97,11.97hrs
23/02/2026 16:49:03,sell,0.20,GBPAUD,1.90990,24/02/2026 04:39:23,1.91001,0.00,-0.88,-1.10,-2.43,4.81,3.40,-69.95,-49.00,20250105,MKDLOWVSELL,11.84,11.84hrs
23/02/2026 17:43:23,sell,0.40,GBPAUD,1.91157,24/02/2026 04:39:19,1.91001,0.00,-1.77,15.60,42.33,44.87,16.50,-92.83,-32.30,20250105,MKDLOWVSELL,10.93,10.93hrs
23/02/2026 13:01:25,sell,0.10,GBPNZD,2.26013,24/02/2026 04:31:52,2.26330,0.00,-0.98,-31.70,-19.89,1.67,2.80,-53.94,-89.00,20250105,MKDLOWVSELL,15.51,15.51hrs
23/02/2026 13:55:25,sell,0.20,GBPNZD,2.26118,24/02/2026 04:31:49,2.26337,0.00,-1.97,-21.90,-28.10,13.74,11.50,-95.39,-78.50,20250105,MKDLOWVSELL,14.61,14.61hrs
23/02/2026 17:32:21,sell,0.40,GBPNZD,2.26325,24/02/2026 04:31:46,2.26339,0.00,-3.93,-1.40,-7.27,25.05,10.50,-141.50,-57.80,20250105,MKDLOWVSELL,10.99,10.99hrs
23/02/2026 22:23:10,sell,0.80,GBPNZD,2.26582,24/02/2026 04:31:42,2.26339,0.00,-7.86,24.30,108.09,157.20,34.60,-160.66,-32.10,20250105,MKDLOWVSELL,6.14,6.14hrs
23/02/2026 18:00:18,buy,0.10,AUDNZD,1.18400,23/02/2026 21:00:52,1.18409,0.00,0.00,0.90,0.53,2.80,4.70,-4.59,-7.70,20250105,MKDLOWVBUY,3.01,3.01hrs
23/02/2026 06:00:14,sell,0.10,GBPCHF,1.04350,23/02/2026 17:20:56,1.04553,0.00,0.00,-20.30,-26.25,0.00,0.00,-55.18,-42.80,20250105,MKDLOWVSELL,11.35,11.35hrs
23/02/2026 08:01:39,sell,0.20,GBPCHF,1.04452,23/02/2026 17:20:53,1.04554,0.00,0.00,-10.20,-26.38,12.17,4.70,-84.06,-32.60,20250105,MKDLOWVSELL,9.32,9.32hrs
23/02/2026 12:33:34,sell,0.40,GBPCHF,1.04647,23/02/2026 17:20:47,1.04552,0.00,0.00,9.50,49.13,61.57,11.90,-67.56,-13.10,20250105,MKDLOWVSELL,4.79,4.79hrs
23/02/2026 14:30:18,sell,0.10,GBPAUD,1.90958,23/02/2026 16:38:08,1.90823,0.00,0.00,13.50,9.56,9.84,13.90,-9.97,-14.10,20250105,MKDLOWVSELL,2.13,2.13hrs
23/02/2026 15:30:03,sell,0.10,USDCHF,0.77531,23/02/2026 16:11:23,0.77503,0.00,0.00,2.80,3.61,7.49,5.80,-1.93,-1.50,20250105,MKDLOWVSELL,0.69,0.69hrs
23/02/2026 15:30:35,sell,0.10,GBPCAD,1.84821,23/02/2026 15:53:15,1.84791,0.00,0.00,3.00,2.19,3.58,4.90,-9.79,-13.40,20250105,MKDLOWVSELL,0.38,0.38hrs
23/02/2026 15:44:36,sell,0.20,GBPCAD,1.84925,23/02/2026 15:53:12,1.84790,0.00,0.00,13.50,19.73,22.21,15.20,-2.48,-1.70,20250105,MKDLOWVSELL,0.14,0.14hrs
23/02/2026 07:07:52,sell,0.10,CADJPY,112.95100,23/02/2026 15:26:03,113.00300,0.00,0.00,-5.20,-3.36,3.76,5.80,-22.22,-34.40,20250105,MKDLOWVSELL,8.30,8.30hrs
23/02/2026 09:23:46,sell,0.20,CADJPY,113.07300,23/02/2026 15:25:59,113.00200,0.00,0.00,7.10,9.17,13.06,10.10,-28.68,-22.20,20250105,MKDLOWVSELL,6.04,6.04hrs
23/02/2026 05:30:27,sell,0.10,CHFJPY,199.90500,23/02/2026 12:09:57,199.94400,0.00,0.00,-3.90,-2.52,11.54,17.80,-21.34,-33.00,20250105,MKDLOWVSELL,6.66,6.66hrs
23/02/2026 09:14:07,sell,0.20,CHFJPY,200.01100,23/02/2026 12:09:54,199.94700,0.00,0.00,6.40,8.26,15.90,12.30,-28.97,-22.40,20250105,MKDLOWVSELL,2.93,2.93hrs
23/02/2026 09:00:12,sell,0.10,GBPNZD,2.25964,23/02/2026 10:22:54,2.25939,0.00,0.00,2.50,1.50,4.19,7.00,-13.22,-22.10,20250105,MKDLOWVSELL,1.38,1.38hrs
23/02/2026 09:37:08,sell,0.20,GBPNZD,2.26082,23/02/2026 10:22:51,2.25904,0.00,0.00,17.80,21.31,22.50,18.80,-12.32,-10.30,20250105,MKDLOWVSELL,0.76,0.76hrs
23/02/2026 03:00:39,sell,0.10,EURAUD,1.66844,23/02/2026 08:56:22,1.67039,0.00,0.00,-19.50,-13.81,0.00,0.00,-30.48,-43.10,20250105,MKDLOWVSELL,5.93,5.93hrs
23/02/2026 03:17:44,sell,0.20,EURAUD,1.66949,23/02/2026 08:56:19,1.67037,0.00,0.00,-8.80,-12.46,5.95,4.20,-46.11,-32.60,20250105,MKDLOWVSELL,5.64,5.64hrs
23/02/2026 04:15:16,sell,0.40,EURAUD,1.67181,23/02/2026 08:56:16,1.67038,0.00,0.00,14.30,40.50,50.41,17.80,-26.59,-9.40,20250105,MKDLOWVSELL,4.68,4.68hrs
23/02/2026 01:00:27,buy,0.10,NZDJPY,92.61100,23/02/2026 08:55:20,92.46600,0.00,0.00,-14.50,-9.40,3.05,4.70,-24.08,-37.10,20250105,MKDLOWVBUY,7.91,7.91hrs
23/02/2026 02:57:54,buy,0.20,NZDJPY,92.35900,23/02/2026 08:55:16,92.45100,0.00,0.00,9.20,11.92,15.93,12.30,-15.45,-11.90,20250105,MKDLOWVBUY,5.96,5.96hrs
23/02/2026 04:51:51,buy,0.10,NZDUSD,0.59840,23/02/2026 08:30:46,0.59877,0.00,0.00,3.70,3.70,5.90,5.90,-5.30,-5.30,20250105,MKDLOWVBUY,3.65,3.65hrs
23/02/2026 01:25:02,sell,0.20,EURAUD,1.66589,23/02/2026 01:57:29,1.66432,0.00,0.00,15.70,22.32,23.74,16.70,-12.77,-9.00,20250105,MKDLOWVSELL,0.54,0.54hrs
23/02/2026 01:00:34,sell,0.10,EURAUD,1.66477,23/02/2026 01:57:29,1.66425,0.00,0.00,5.20,3.70,3.91,5.50,-14.33,-20.20,20250105,MKDLOWVSELL,0.95,0.95hrs
20/02/2026 19:01:59,sell,0.10,GBPCHF,1.04671,20/02/2026 20:35:48,1.04534,0.00,0.00,13.70,17.68,18.34,14.20,-4.00,-3.10,20250105,MKDLOWVSELL,1.56,1.56hrs
18/02/2026 04:15:15,buy,0.20,NZDUSD,0.60081,20/02/2026 18:14:36,0.59793,0.00,-2.87,-28.80,-60.47,10.40,5.20,-144.47,-70.80,20250105,MKDLOWVBUY,61.99,2.58days
18/02/2026 04:00:05,buy,0.10,NZDUSD,0.60196,20/02/2026 18:14:36,0.59789,0.00,-1.44,-40.70,-42.14,0.00,0.00,-83.74,-82.30,20250105,MKDLOWVBUY,62.24,2.59days
18/02/2026 16:06:33,buy,0.40,NZDUSD,0.59873,20/02/2026 18:14:35,0.59791,0.00,-5.75,-8.20,-38.55,43.20,10.80,-205.75,-50.00,20250105,MKDLOWVBUY,50.13,2.09days
19/02/2026 15:04:51,buy,0.80,NZDUSD,0.59617,20/02/2026 18:14:33,0.59791,0.00,-2.87,17.40,136.33,178.73,22.70,-198.07,-24.40,20250105,MKDLOWVBUY,27.16,1.13days
20/02/2026 12:57:38,sell,0.10,GBPCHF,1.04586,20/02/2026 17:11:56,1.04558,0.00,0.00,2.80,3.61,5.42,4.20,-19.45,-15.10,20250105,MKDLOWVSELL,4.24,4.24hrs
20/02/2026 16:02:41,sell,0.20,GBPCHF,1.04709,20/02/2026 17:11:55,1.04557,0.00,0.00,15.20,39.22,42.59,16.50,-7.21,-2.80,20250105,MKDLOWVSELL,1.15,1.15hrs
20/02/2026 17:06:45,sell,0.10,USDCAD,1.37077,20/02/2026 17:08:36,1.36944,0.00,0.00,13.30,9.71,11.40,15.60,-2.84,-3.90,20250105,MKDLOWVSELL,0.03,0.03hrs
20/02/2026 14:00:07,buy,0.10,AUDCHF,0.54722,20/02/2026 16:38:00,0.54763,0.00,0.00,4.10,5.28,8.24,6.40,-10.44,-8.10,20250105,MKDLOWVBUY,2.63,2.63hrs
20/02/2026 13:30:20,buy,0.10,AUDCAD,0.96518,20/02/2026 16:33:04,0.96540,0.00,0.00,2.20,1.61,3.50,4.80,-8.40,-11.50,20250105,MKDLOWVBUY,3.05,3.05hrs
20/02/2026 14:00:18,buy,0.10,AUDNZD,1.18355,20/02/2026 16:32:20,1.18389,0.00,0.00,3.40,2.03,5.66,9.50,-2.38,-4.00,20250105,MKDLOWVBUY,2.53,2.53hrs
20/02/2026 10:24:59,sell,0.10,CHFJPY,200.25400,20/02/2026 12:07:07,200.37700,0.00,0.00,-12.30,-7.92,0.00,0.00,-30.58,-47.60,20250105,MKDLOWVSELL,1.70,1.70hrs
20/02/2026 10:36:28,sell,0.20,CHFJPY,200.36000,20/02/2026 12:07:06,200.37700,0.00,0.00,-1.70,-2.19,1.29,1.00,-47.55,-37.00,20250105,MKDLOWVSELL,1.51,1.51hrs
20/02/2026 10:55:28,sell,0.40,CHFJPY,200.58700,20/02/2026 12:07:05,200.37200,0.00,0.00,21.50,55.37,61.04,23.70,-36.75,-14.30,20250105,MKDLOWVSELL,1.19,1.19hrs
20/02/2026 10:00:11,sell,0.10,CHFJPY,200.30400,20/02/2026 10:10:49,200.17600,0.00,0.00,12.80,8.23,10.04,15.60,-3.28,-5.10,20250105,MKDLOWVSELL,0.18,0.18hrs
20/02/2026 07:30:28,sell,0.10,CHFJPY,200.04700,20/02/2026 09:24:33,199.99300,0.00,0.00,5.40,3.48,3.48,5.40,-13.39,-20.80,20250105,MKDLOWVSELL,1.90,1.90hrs
20/02/2026 07:48:19,sell,0.20,CHFJPY,200.15400,20/02/2026 09:24:32,199.99400,0.00,0.00,16.00,20.64,20.64,16.00,-13.00,-10.10,20250105,MKDLOWVSELL,1.60,1.60hrs
20/02/2026 03:32:42,buy,0.10,AUDCAD,0.96437,20/02/2026 08:26:58,0.96377,0.00,0.00,-6.00,-4.38,0.95,1.30,-23.36,-32.00,20250105,MKDLOWVBUY,4.90,4.90hrs
20/02/2026 03:49:40,buy,0.20,AUDCAD,0.96331,20/02/2026 08:26:57,0.96376,0.00,0.00,4.50,6.58,11.98,8.20,-31.24,-21.40,20250105,MKDLOWVBUY,4.62,4.62hrs
20/02/2026 03:46:36,buy,0.10,NZDJPY,92.42200,20/02/2026 07:38:07,92.36600,0.00,0.00,-5.60,-3.61,0.00,0.00,-17.53,-27.20,20250105,MKDLOWVBUY,3.86,3.86hrs
20/02/2026 03:51:04,buy,0.20,NZDJPY,92.29400,20/02/2026 07:38:06,92.36500,0.00,0.00,7.10,9.14,13.27,10.30,-18.56,-14.40,20250105,MKDLOWVBUY,3.78,3.78hrs
20/02/2026 04:48:11,buy,0.10,AUDCHF,0.54480,20/02/2026 07:32:10,0.54602,0.00,0.00,12.20,15.72,18.04,14.00,-4.51,-3.50,20250105,MKDLOWVBUY,2.73,2.73hrs
20/02/2026 00:30:17,buy,0.10,NZDJPY,92.59200,20/02/2026 01:37:48,92.62900,0.00,0.00,3.70,2.39,4.45,6.90,-8.85,-13.70,20250105,MKDLOWVBUY,1.13,1.13hrs
18/02/2026 16:58:17,buy,0.10,EURUSD,1.18175,19/02/2026 23:40:45,1.17737,0.00,-2.35,-43.80,-46.15,8.70,8.70,-78.45,-76.10,20250105,MKDLOWVBUY,30.71,1.28days
18/02/2026 19:40:03,buy,0.20,EURUSD,1.18040,19/02/2026 23:40:44,1.17737,0.00,-4.70,-30.30,-65.30,5.80,3.00,-129.90,-62.60,20250105,MKDLOWVBUY,28.01,1.17days
19/02/2026 13:33:16,buy,0.40,EURUSD,1.17823,19/02/2026 23:40:43,1.17737,0.00,0.00,-8.60,-34.40,0.00,0.00,-163.60,-40.90,20250105,MKDLOWVBUY,10.12,10.12hrs
19/02/2026 15:11:29,buy,0.80,EURUSD,1.17550,19/02/2026 23:40:42,1.17738,0.00,0.00,18.80,150.40,175.20,21.90,-108.80,-13.60,20250105,MKDLOWVBUY,8.49,8.49hrs
19/02/2026 11:49:31,buy,0.10,NZDJPY,92.52200,19/02/2026 17:05:05,92.47700,0.00,0.00,-4.50,-2.90,1.74,2.70,-19.99,-30.90,20250105,MKDLOWVBUY,5.26,5.26hrs
19/02/2026 12:35:44,buy,0.20,NZDJPY,92.40900,19/02/2026 17:05:04,92.47700,0.00,0.00,6.80,8.77,16.50,12.80,-25.36,-19.60,20250105,MKDLOWVBUY,4.49,4.49hrs
22/01/2026 04:58:47,sell,0.10,EURUSD,1.16846,19/02/2026 15:07:10,1.17580,0.00,7.00,-73.40,-66.40,7.00,0.00,-397.05,-397.80,20250105,MKDLOWVSELL,682.14,28.42days
22/01/2026 15:24:56,sell,0.40,EURUSD,1.17169,19/02/2026 15:07:09,1.17581,0.00,28.00,-41.20,-136.80,42.00,10.50,-1459.00,-365.50,20250105,MKDLOWVSELL,671.70,27.99days
22/01/2026 06:15:06,sell,0.20,EURUSD,1.16955,19/02/2026 15:07:09,1.17581,0.00,13.94,-62.60,-111.26,21.20,10.60,-772.31,-386.90,20250105,MKDLOWVSELL,680.87,28.37days
22/01/2026 18:20:43,sell,0.80,EURUSD,1.17476,19/02/2026 15:07:08,1.17581,0.00,56.02,-10.50,-27.98,154.40,19.30,-2672.40,-334.80,20250105,MKDLOWVSELL,668.77,27.87days
23/01/2026 19:24:29,sell,1.60,EURUSD,1.17864,19/02/2026 15:07:07,1.17577,0.00,107.89,28.70,567.09,578.29,29.40,-4728.01,-296.00,20250105,MKDLOWVSELL,643.71,26.82days
19/02/2026 12:30:09,buy,0.10,AUDCHF,0.54578,19/02/2026 15:00:29,0.54609,0.00,0.00,3.10,4.00,6.84,5.30,-8.66,-6.70,20250105,MKDLOWVBUY,2.51,2.51hrs
18/02/2026 10:52:02,sell,0.10,CHFJPY,199.22500,19/02/2026 13:28:51,199.81500,0.00,-0.41,-59.00,-38.56,2.93,4.50,-142.19,-219.40,20250105,MKDLOWVSELL,26.61,1.11days
18/02/2026 16:01:38,sell,0.40,CHFJPY,199.53200,19/02/2026 13:28:50,199.81500,0.00,-1.66,-28.30,-74.86,0.00,0.00,-489.42,-188.70,20250105,MKDLOWVSELL,21.45,21.45hrs
18/02/2026 11:31:58,sell,0.20,CHFJPY,199.33800,19/02/2026 13:28:50,199.81600,0.00,-0.83,-47.80,-62.65,16.79,12.90,-269.78,-208.10,20250105,MKDLOWVSELL,25.95,1.08days
18/02/2026 16:25:34,sell,0.80,CHFJPY,199.80300,19/02/2026 13:28:49,199.81700,0.00,-3.32,-1.40,-10.56,0.00,0.00,-838.74,-161.60,20250105,MKDLOWVSELL,21.05,21.05hrs
18/02/2026 20:30:06,sell,1.60,CHFJPY,200.15900,19/02/2026 13:28:48,199.81700,0.00,-6.64,34.20,347.21,349.34,34.40,-1309.40,-126.00,20250105,MKDLOWVSELL,16.98,16.98hrs
19/02/2026 07:00:18,buy,0.10,AUDCHF,0.54532,19/02/2026 09:32:51,0.54589,0.00,0.00,5.70,7.38,11.39,8.80,-8.80,-6.80,20250105,MKDLOWVBUY,2.54,2.54hrs
18/02/2026 21:00:44,buy,0.10,NZDJPY,92.49100,19/02/2026 03:38:37,92.48400,0.00,0.22,-0.70,-0.23,1.90,2.60,-19.11,-29.90,20250105,MKDLOWVBUY,6.63,6.63hrs
18/02/2026 21:36:58,buy,0.20,NZDJPY,92.37500,19/02/2026 03:38:35,92.47500,0.00,0.45,10.00,13.36,18.78,14.20,-23.22,-18.30,20250105,MKDLOWVBUY,6.03,6.03hrs
18/02/2026 20:44:02,buy,0.10,AUDUSD,0.70507,19/02/2026 01:00:32,0.70443,0.00,-0.35,-6.40,-6.75,2.00,2.00,-16.40,-16.40,20250105,MKDLOWVBUY,4.28,4.28hrs
18/02/2026 21:37:19,buy,0.20,AUDUSD,0.70399,19/02/2026 01:00:31,0.70443,0.00,-0.71,4.40,8.09,10.69,5.70,-11.20,-5.60,20250105,MKDLOWVBUY,3.39,3.39hrs
18/02/2026 15:30:06,sell,0.10,EURCAD,1.61605,18/02/2026 17:20:49,1.61495,0.00,0.00,11.00,8.05,9.29,12.70,-4.10,-5.60,20250105,MKDLOWVSELL,1.85,1.85hrs
18/02/2026 11:42:10,sell,0.20,USDJPY,153.76000,18/02/2026 14:02:06,153.70100,0.00,0.00,5.90,7.68,12.63,9.70,-14.04,-10.80,20250105,MKDLOWVSELL,2.33,2.33hrs
18/02/2026 10:00:31,sell,0.10,USDJPY,153.65900,18/02/2026 14:02:06,153.69900,0.00,0.00,-4.00,-2.60,4.75,7.30,-13.58,-20.90,20250105,MKDLOWVSELL,4.03,4.03hrs
18/02/2026 04:07:37,buy,0.10,NZDCAD,0.82102,18/02/2026 10:42:43,0.82026,0.00,0.00,-7.60,-5.56,0.00,0.00,-21.96,-30.00,20250105,MKDLOWVBUY,6.58,6.58hrs
18/02/2026 04:15:19,buy,0.20,NZDCAD,0.81999,18/02/2026 10:42:42,0.82028,0.00,0.00,2.90,4.25,9.37,6.40,-28.85,-19.70,20250105,MKDLOWVBUY,6.46,6.46hrs
18/02/2026 04:58:13,buy,0.10,AUDCAD,0.96490,18/02/2026 10:00:53,0.96619,0.00,0.00,12.90,9.44,10.25,14.00,-4.69,-6.40,20250105,MKDLOWVBUY,5.04,5.04hrs
18/02/2026 03:20:22,sell,0.10,CHFJPY,199.04500,18/02/2026 08:00:10,199.13300,0.00,0.00,-8.80,-5.73,4.04,6.20,-22.97,-35.30,20250105,MKDLOWVSELL,4.66,4.66hrs
18/02/2026 03:45:22,sell,0.20,CHFJPY,199.14800,18/02/2026 08:00:09,199.13200,0.00,0.00,1.60,2.09,7.82,6.00,-32.53,-25.00,20250105,MKDLOWVSELL,4.25,4.25hrs
17/02/2026 14:33:20,buy,0.10,NZDUSD,0.60360,17/02/2026 19:39:36,0.60294,0.00,0.00,-6.60,-6.60,0.00,0.00,-32.40,-32.40,20250105,MKDLOWVBUY,5.10,5.10hrs
17/02/2026 15:20:03,buy,0.20,NZDUSD,0.60236,17/02/2026 19:39:35,0.60294,0.00,0.00,5.80,11.60,20.20,10.10,-40.00,-20.00,20250105,MKDLOWVBUY,4.33,4.33hrs
17/02/2026 17:22:59,sell,0.20,USDJPY,153.65600,17/02/2026 18:23:21,153.66000,0.00,0.00,-0.40,-0.52,0.39,0.30,-35.73,-27.50,20250105,MKDLOWVSELL,1.01,1.01hrs
17/02/2026 17:02:17,sell,0.10,USDJPY,153.53800,17/02/2026 18:23:21,153.66000,0.00,0.00,-12.20,-7.94,0.52,0.80,-25.53,-39.30,20250105,MKDLOWVSELL,1.35,1.35hrs
17/02/2026 17:46:32,sell,0.40,USDJPY,153.86600,17/02/2026 18:23:19,153.65900,0.00,0.00,20.70,53.89,54.67,21.00,-11.44,-4.40,20250105,MKDLOWVSELL,0.61,0.61hrs
17/02/2026 15:47:35,buy,0.10,EURUSD,1.18181,17/02/2026 18:12:29,1.18198,0.00,0.00,1.70,1.70,9.50,9.50,-13.70,-13.70,20250105,MKDLOWVBUY,2.42,2.42hrs
17/02/2026 17:35:05,buy,0.20,EURUSD,1.18078,17/02/2026 18:12:27,1.18193,0.00,0.00,11.50,23.00,27.40,13.70,-6.80,-3.40,20250105,MKDLOWVBUY,0.62,0.62hrs
17/02/2026 16:57:29,sell,0.10,EURCAD,1.61669,17/02/2026 18:11:48,1.61547,0.00,0.00,12.20,8.92,9.28,12.70,-4.46,-6.10,20250105,MKDLOWVSELL,1.24,1.24hrs
﻿17/02/2026 17:48:17,sell,0.10,EURNZD,1.96316,17/02/2026 18:11:11,1.96302,0.00,0.00,1.40,0.85,4.64,7.70,-10.58,-17.60,20250105,MKDLOWVSELL,0.38,0.38hrs
17/02/2026 17:56:37,sell,0.20,EURNZD,1.96420,17/02/2026 18:11:09,1.96293,0.00,0.00,12.70,15.29,21.80,18.10,-6.13,-5.10,20250105,MKDLOWVSELL,0.24,0.24hrs
17/02/2026 16:46:04,sell,0.20,EURNZD,1.96369,17/02/2026 17:48:08,1.96368,0.00,0.00,0.10,0.12,3.97,3.30,-35.69,-29.70,20250105,MKDLOWVSELL,1.03,1.03hrs
17/02/2026 16:16:41,sell,0.10,EURNZD,1.96189,17/02/2026 17:48:08,1.96367,0.00,0.00,-17.80,-10.71,4.64,7.70,-28.66,-47.70,20250105,MKDLOWVSELL,1.52,1.52hrs
17/02/2026 17:26:38,sell,0.40,EURNZD,1.96584,17/02/2026 17:48:06,1.96362,0.00,0.00,22.20,53.40,54.82,22.80,-21.15,-8.80,20250105,MKDLOWVSELL,0.36,0.36hrs
17/02/2026 14:34:38,buy,0.10,NZDCAD,0.82376,17/02/2026 15:52:21,0.82457,0.00,0.00,8.10,5.92,6.29,8.60,-10.84,-14.80,20250105,MKDLOWVBUY,1.30,1.30hrs
17/02/2026 15:19:57,buy,0.20,NZDCAD,0.82268,17/02/2026 15:52:19,0.82457,0.00,0.00,18.90,27.65,27.66,18.90,-4.69,-3.20,20250105,MKDLOWVBUY,0.54,0.54hrs
17/02/2026 11:30:15,sell,0.10,EURCAD,1.61637,17/02/2026 13:15:15,1.61526,0.00,0.00,11.10,8.13,9.09,12.40,-4.25,-5.80,20250105,MKDLOWVSELL,1.75,1.75hrs
16/02/2026 15:14:18,buy,0.20,GBPUSD,1.36358,17/02/2026 12:39:12,1.36049,0.00,-0.45,-30.90,-62.25,7.60,3.80,-168.85,-84.20,20250105,MKDLOWVBUY,21.41,21.41hrs
16/02/2026 14:00:27,buy,0.10,GBPUSD,1.36460,17/02/2026 12:39:12,1.36050,0.00,-0.22,-41.00,-41.22,4.60,4.60,-94.62,-94.40,20250105,MKDLOWVBUY,22.65,22.65hrs
17/02/2026 03:57:00,buy,0.40,GBPUSD,1.36152,17/02/2026 12:39:11,1.36043,0.00,0.00,-10.90,-43.60,16.80,4.20,-254.40,-63.60,20250105,MKDLOWVBUY,8.70,8.70hrs
17/02/2026 09:31:30,buy,0.80,GBPUSD,1.35650,17/02/2026 12:39:10,1.36043,0.00,0.00,39.30,314.40,330.40,41.30,-107.20,-13.40,20250105,MKDLOWVBUY,3.13,3.13hrs
17/02/2026 00:31:03,buy,0.10,EURUSD,1.18533,17/02/2026 11:41:46,1.18465,0.00,0.00,-6.80,-6.80,0.00,0.00,-25.00,-25.00,20250105,MKDLOWVBUY,11.18,11.18hrs
17/02/2026 02:45:04,buy,0.20,EURUSD,1.18431,17/02/2026 11:41:44,1.18465,0.00,0.00,3.40,6.80,12.40,6.20,-29.60,-14.80,20250105,MKDLOWVBUY,8.94,8.94hrs
17/02/2026 10:00:16,sell,0.10,EURNZD,1.96283,17/02/2026 11:00:19,1.96250,0.00,0.00,3.30,1.99,10.14,16.80,-1.15,-1.90,20250105,MKDLOWVSELL,1.00,1.00hrs
16/02/2026 11:45:20,buy,0.20,AUDNZD,1.17303,17/02/2026 09:57:57,1.17162,0.00,0.06,-14.10,-16.93,0.06,0.00,-34.68,-28.80,20250105,MKDLOWVBUY,22.21,22.21hrs
16/02/2026 08:30:23,buy,0.10,AUDNZD,1.17405,17/02/2026 09:57:57,1.17165,0.00,0.03,-24.00,-14.44,0.06,0.10,-23.49,-39.00,20250105,MKDLOWVBUY,25.46,1.06days
17/02/2026 05:15:15,buy,0.40,AUDNZD,1.17093,17/02/2026 09:57:56,1.17162,0.00,0.00,6.90,16.63,29.17,12.10,-18.82,-7.80,20250105,MKDLOWVBUY,4.71,4.71hrs
16/02/2026 13:00:06,buy,0.10,AUDUSD,0.70861,17/02/2026 07:06:02,0.70652,0.00,-0.12,-20.90,-21.02,1.50,1.50,-40.62,-40.50,20250105,MKDLOWVBUY,18.10,18.10hrs
16/02/2026 17:18:57,buy,0.20,AUDUSD,0.70741,17/02/2026 07:06:01,0.70652,0.00,-0.24,-8.90,-18.04,3.80,1.90,-57.24,-28.50,20250105,MKDLOWVBUY,13.78,13.78hrs
17/02/2026 04:03:01,buy,0.40,AUDUSD,0.70536,17/02/2026 07:06:00,0.70652,0.00,0.00,11.60,46.40,59.60,14.90,-32.00,-8.00,20250105,MKDLOWVBUY,3.05,3.05hrs
17/02/2026 05:00:04,sell,0.10,USDCAD,1.36417,17/02/2026 07:02:34,1.36399,0.00,0.00,1.80,1.32,3.01,4.10,-4.47,-6.10,20250105,MKDLOWVSELL,2.04,2.04hrs
16/02/2026 23:03:05,sell,0.10,EURNZD,1.96320,17/02/2026 06:24:38,1.96383,0.00,-0.28,-6.30,-4.08,0.00,0.00,-25.75,-42.30,20250105,MKDLOWVSELL,7.36,7.36hrs
17/02/2026 01:30:09,sell,0.20,EURNZD,1.96449,17/02/2026 06:24:37,1.96425,0.00,0.00,2.40,2.89,9.04,7.50,-35.40,-29.40,20250105,MKDLOWVSELL,4.91,4.91hrs
17/02/2026 04:05:01,sell,0.40,EURNZD,1.96657,17/02/2026 06:24:36,1.96425,0.00,0.00,23.20,55.97,66.80,27.70,-9.15,-3.80,20250105,MKDLOWVSELL,2.33,2.33hrs
16/02/2026 12:01:07,sell,0.10,EURCAD,1.61571,17/02/2026 06:11:30,1.61551,0.00,-0.33,2.00,1.13,6.61,9.00,-7.30,-9.50,20250105,MKDLOWVSELL,18.17,18.17hrs
16/02/2026 17:22:47,buy,0.10,AUDJPY,108.47400,16/02/2026 18:47:32,108.57800,0.00,0.00,10.40,6.77,8.01,12.30,-6.78,-10.40,20250105,MKDLOWVBUY,1.41,1.41hrs
16/02/2026 12:00:26,sell,0.10,USDCHF,0.76954,16/02/2026 16:34:01,0.76926,0.00,0.00,2.80,3.64,6.11,4.70,-12.59,-9.70,20250105,MKDLOWVSELL,4.56,4.56hrs
16/02/2026 12:59:50,sell,0.10,GBPCHF,1.05047,16/02/2026 16:10:30,1.04942,0.00,0.00,10.50,13.65,15.73,12.10,-8.57,-6.60,20250105,MKDLOWVSELL,3.18,3.18hrs
16/02/2026 05:00:05,sell,0.10,EURJPY,181.53000,16/02/2026 14:14:53,181.86500,0.00,0.00,-33.50,-21.85,0.00,0.00,-50.45,-77.50,20250105,MKDLOWVSELL,9.25,9.25hrs
16/02/2026 05:46:45,sell,0.20,EURJPY,181.64400,16/02/2026 14:14:52,181.86500,0.00,0.00,-22.10,-28.82,9.41,7.20,-86.05,-66.10,20250105,MKDLOWVSELL,8.47,8.47hrs
16/02/2026 11:40:54,sell,0.80,EURJPY,182.12400,16/02/2026 14:14:51,181.86500,0.00,0.00,25.90,135.13,135.14,25.90,-94.25,-18.10,20250105,MKDLOWVSELL,2.57,2.57hrs
16/02/2026 09:17:24,sell,0.40,EURJPY,181.86700,16/02/2026 14:14:51,181.86500,0.00,0.00,0.20,0.52,0.78,0.30,-114.04,-43.80,20250105,MKDLOWVSELL,4.96,4.96hrs
16/02/2026 04:57:43,sell,0.10,CHFJPY,199.08400,16/02/2026 13:54:08,199.23600,0.00,0.00,-15.20,-9.90,0.00,0.00,-42.13,-64.70,20250105,MKDLOWVSELL,8.94,8.94hrs
16/02/2026 05:14:13,sell,0.20,CHFJPY,199.18700,16/02/2026 13:54:07,199.23600,0.00,0.00,-4.90,-6.39,0.00,0.00,-70.84,-54.40,20250105,MKDLOWVSELL,8.66,8.66hrs
16/02/2026 09:27:30,sell,0.40,CHFJPY,199.43700,16/02/2026 13:54:06,199.23500,0.00,0.00,20.20,52.67,58.42,22.40,-76.57,-29.40,20250105,MKDLOWVSELL,4.44,4.44hrs
13/02/2026 19:00:20,sell,0.10,GBPCHF,1.04828,16/02/2026 05:55:00,1.04807,0.00,-2.01,2.10,0.72,10.03,7.70,-40.36,-29.40,20250105,MKDLOWVSELL,58.91,2.45days
16/02/2026 01:30:11,buy,0.10,EURUSD,1.18665,16/02/2026 05:27:03,1.18672,0.00,0.00,0.70,0.70,2.10,2.10,-8.10,-8.10,20250105,MKDLOWVBUY,3.95,3.95hrs
16/02/2026 00:16:40,buy,0.10,NZDJPY,92.15300,16/02/2026 02:12:47,92.26500,0.00,0.00,11.20,7.32,8.76,13.40,-20.97,-32.00,20250105,MKDLOWVBUY,1.94,1.94hrs
13/02/2026 17:56:33,sell,0.10,USDCHF,0.76951,13/02/2026 18:26:32,0.76849,0.00,0.00,10.20,13.27,14.45,11.10,-11.94,-9.20,20250105,MKDLOWVSELL,0.50,0.50hrs
13/02/2026 13:13:26,buy,0.10,AUDJPY,108.27400,13/02/2026 17:12:02,108.28700,0.00,0.00,1.30,0.85,3.00,4.60,-38.42,-58.70,20250105,MKDLOWVBUY,3.98,3.98hrs
13/02/2026 13:32:12,buy,0.20,AUDJPY,108.17000,13/02/2026 17:12:00,108.29300,0.00,0.00,12.30,16.06,19.33,14.80,-63.23,-48.30,20250105,MKDLOWVBUY,3.66,3.66hrs
13/02/2026 06:00:15,buy,0.10,AUDCAD,0.96480,13/02/2026 16:33:06,0.96323,0.00,0.00,-15.70,-11.54,4.04,5.50,-36.56,-49.80,20250105,MKDLOWVBUY,10.55,10.55hrs
13/02/2026 07:29:36,buy,0.20,AUDCAD,0.96347,13/02/2026 16:33:05,0.96324,0.00,0.00,-2.30,-3.38,0.73,0.50,-53.59,-36.50,20250105,MKDLOWVBUY,9.06,9.06hrs
13/02/2026 08:39:39,buy,0.40,AUDCAD,0.96142,13/02/2026 16:33:04,0.96324,0.00,0.00,18.20,53.51,59.96,20.40,-46.98,-16.00,20250105,MKDLOWVBUY,7.89,7.89hrs
13/02/2026 08:00:22,buy,0.10,AUDJPY,108.41500,13/02/2026 10:03:47,108.44700,0.00,0.00,3.20,2.09,3.52,5.40,-23.30,-35.70,20250105,MKDLOWVBUY,2.06,2.06hrs
13/02/2026 08:21:44,buy,0.20,AUDJPY,108.27400,13/02/2026 10:03:46,108.45000,0.00,0.00,17.60,22.93,25.40,19.50,-28.20,-21.60,20250105,MKDLOWVBUY,1.70,1.70hrs
13/02/2026 02:03:41,sell,0.10,GBPCHF,1.04786,13/02/2026 08:05:31,1.04771,0.00,0.00,1.50,1.94,5.98,4.60,-11.03,-8.50,20250105,MKDLOWVSELL,6.03,6.03hrs
13/02/2026 07:32:35,buy,0.10,AUDJPY,108.29500,13/02/2026 07:49:26,108.43900,0.00,0.00,14.40,9.39,10.37,15.90,-2.74,-4.20,20250105,MKDLOWVBUY,0.28,0.28hrs
13/02/2026 06:01:26,buy,0.10,AUDJPY,108.36000,13/02/2026 06:56:30,108.50300,0.00,0.00,14.30,9.33,10.12,15.50,-4.58,-7.00,20250105,MKDLOWVBUY,0.92,0.92hrs
13/02/2026 02:40:50,buy,0.10,NZDUSD,0.60313,13/02/2026 04:33:29,0.60371,0.00,0.00,5.80,5.80,7.80,7.80,-3.80,-3.80,20250105,MKDLOWVBUY,1.88,1.88hrs
12/02/2026 18:53:17,sell,0.10,EURNZD,1.96414,13/02/2026 04:33:22,1.96622,0.00,0.00,-20.80,-12.56,5.14,8.50,-33.22,-55.10,20250105,MKDLOWVSELL,9.67,9.67hrs
12/02/2026 19:13:42,sell,0.20,EURNZD,1.96515,13/02/2026 04:33:21,1.96621,0.00,0.00,-10.60,-12.80,21.72,18.00,-54.26,-45.00,20250105,MKDLOWVSELL,9.33,9.33hrs
12/02/2026 20:22:09,sell,0.40,EURNZD,1.96727,13/02/2026 04:33:20,1.96619,0.00,0.00,10.80,26.08,94.60,39.20,-57.40,-23.80,20250105,MKDLOWVSELL,8.19,8.19hrs
12/02/2026 17:00:55,buy,0.10,AUDJPY,108.97100,12/02/2026 18:39:35,108.48400,0.00,0.00,-48.70,-31.89,6.67,10.20,-65.96,-100.50,20250105,MKDLOWVBUY,1.64,1.64hrs
12/02/2026 17:38:49,buy,0.20,AUDJPY,108.85100,12/02/2026 18:39:34,108.48800,0.00,0.00,-36.30,-47.54,7.20,5.50,-116.17,-88.50,20250105,MKDLOWVBUY,1.01,1.01hrs
12/02/2026 18:12:54,buy,0.40,AUDJPY,108.49300,12/02/2026 18:39:33,108.48400,0.00,0.00,-0.90,-2.36,8.90,3.40,-138.36,-52.70,20250105,MKDLOWVBUY,0.44,0.44hrs
12/02/2026 18:21:27,buy,0.80,AUDJPY,108.20400,12/02/2026 18:39:32,108.48400,0.00,0.00,28.00,146.68,152.87,29.20,-124.97,-23.80,20250105,MKDLOWVBUY,0.30,0.30hrs
12/02/2026 18:20:45,sell,0.10,EURNZD,1.96388,12/02/2026 18:35:35,1.96353,0.00,0.00,3.50,2.11,2.60,4.30,-12.80,-21.20,20250105,MKDLOWVSELL,0.25,0.25hrs
12/02/2026 18:26:52,sell,0.20,EURNZD,1.96536,12/02/2026 18:35:34,1.96351,0.00,0.00,18.50,22.38,22.60,18.70,-7.49,-6.20,20250105,MKDLOWVSELL,0.14,0.14hrs
12/02/2026 06:01:05,buy,0.10,EURUSD,1.18709,12/02/2026 09:27:14,1.18708,0.00,0.00,-0.10,-0.10,1.80,1.80,-19.10,-19.10,20250105,MKDLOWVBUY,3.44,3.44hrs
12/02/2026 08:17:18,buy,0.20,EURUSD,1.18589,12/02/2026 09:27:13,1.18710,0.00,0.00,12.10,24.20,27.60,13.80,-14.20,-7.10,20250105,MKDLOWVBUY,1.17,1.17hrs
11/02/2026 22:36:33,sell,0.10,USDCAD,1.35708,12/02/2026 04:16:40,1.35685,0.00,-0.68,2.30,1.02,3.01,5.00,-11.65,-14.90,20250105,MKDLOWVSELL,5.67,5.67hrs
11/02/2026 16:10:02,sell,0.10,USDCAD,1.35675,11/02/2026 18:38:36,1.35807,0.00,0.00,-13.20,-9.72,1.40,1.90,-38.26,-52.10,20250105,MKDLOWVSELL,2.48,2.48hrs
11/02/2026 16:27:37,sell,0.20,USDCAD,1.35791,11/02/2026 18:38:35,1.35806,0.00,0.00,-1.50,-2.21,6.63,4.50,-59.48,-40.50,20250105,MKDLOWVSELL,2.18,2.18hrs
11/02/2026 17:21:18,sell,0.40,USDCAD,1.36026,11/02/2026 18:38:34,1.35806,0.00,0.00,22.00,64.80,66.58,22.60,-49.93,-17.00,20250105,MKDLOWVSELL,1.29,1.29hrs
11/02/2026 15:44:08,sell,0.10,USDCAD,1.35879,11/02/2026 16:05:02,1.35728,0.00,0.00,15.10,11.13,11.57,15.70,-3.90,-5.30,20250105,MKDLOWVSELL,0.35,0.35hrs
11/02/2026 15:34:09,sell,0.10,USDCAD,1.35932,11/02/2026 15:42:03,1.35820,0.00,0.00,11.20,8.25,9.72,13.20,-3.24,-4.40,20250105,MKDLOWVSELL,0.13,0.13hrs
11/02/2026 08:01:26,buy,0.10,AUDNZD,1.17417,11/02/2026 15:30:33,1.17375,0.00,0.00,-4.20,-2.53,1.76,2.90,-10.18,-16.80,20250105,MKDLOWVBUY,7.49,7.49hrs
11/02/2026 10:02:21,buy,0.20,AUDNZD,1.17314,11/02/2026 15:30:31,1.17381,0.00,0.00,6.70,8.08,15.98,13.20,-7.88,-6.50,20250105,MKDLOWVBUY,5.47,5.47hrs
10/02/2026 15:38:08,buy,0.10,NZDJPY,93.68300,11/02/2026 12:55:22,93.04700,0.00,0.00,-63.60,-41.50,2.07,3.20,-69.36,-106.00,20250105,MKDLOWVBUY,21.29,21.29hrs
10/02/2026 16:43:01,buy,0.40,NZDJPY,93.37200,11/02/2026 12:55:21,93.04800,0.00,0.00,-32.40,-84.57,32.65,12.60,-196.04,-74.90,20250105,MKDLOWVBUY,20.21,20.21hrs
10/02/2026 16:25:12,buy,0.20,NZDJPY,93.58100,11/02/2026 12:55:21,93.04700,0.00,0.00,-53.40,-69.69,2.20,1.70,-125.37,-95.80,20250105,MKDLOWVBUY,20.50,20.50hrs
11/02/2026 03:01:20,buy,0.80,NZDJPY,93.10200,11/02/2026 12:55:20,93.05000,0.00,0.00,-5.20,-27.14,75.96,14.60,-250.74,-47.90,20250105,MKDLOWVBUY,9.90,9.90hrs
11/02/2026 08:08:15,buy,1.60,NZDJPY,92.73000,11/02/2026 12:55:19,93.05100,0.00,0.00,32.10,335.12,348.71,33.40,-112.02,-10.70,20250105,MKDLOWVBUY,4.78,4.78hrs
11/02/2026 08:00:50,sell,0.10,EURNZD,1.96590,11/02/2026 11:33:28,1.96491,0.00,0.00,9.90,6.00,7.21,11.90,-15.19,-25.10,20250105,MKDLOWVSELL,3.54,3.54hrs
11/02/2026 08:21:38,sell,0.20,EURNZD,1.96654,11/02/2026 11:33:27,1.96491,0.00,0.00,16.30,19.77,22.19,18.30,-22.64,-18.70,20250105,MKDLOWVSELL,3.20,3.20hrs
11/02/2026 07:30:09,buy,0.10,AUDCHF,0.54503,11/02/2026 11:04:00,0.54463,0.00,0.00,-4.00,-5.22,0.00,0.00,-21.30,-16.30,20250105,MKDLOWVBUY,3.56,3.56hrs
11/02/2026 10:09:18,buy,0.20,AUDCHF,0.54401,11/02/2026 11:03:58,0.54463,0.00,0.00,6.20,16.19,25.58,9.80,-15.94,-6.10,20250105,MKDLOWVBUY,0.91,0.91hrs
02/02/2026 19:06:24,sell,0.10,CHFJPY,199.44700,11/02/2026 06:51:23,200.14600,0.00,-1.17,-69.90,-46.75,8.10,12.60,-275.33,-428.30,20250105,MKDLOWVSELL,203.75,8.49days
02/02/2026 22:02:07,sell,0.20,CHFJPY,199.58000,11/02/2026 06:51:22,200.14600,0.00,-2.34,-56.60,-76.17,23.45,18.40,-533.62,-415.00,20250105,MKDLOWVSELL,200.82,8.37days
03/02/2026 10:22:41,sell,0.80,CHFJPY,200.05600,11/02/2026 06:51:21,200.14600,0.00,-8.30,-9.00,-55.26,45.26,8.80,-1889.43,-367.40,20250105,MKDLOWVSELL,188.48,7.85days
03/02/2026 02:39:15,sell,0.40,CHFJPY,199.79400,11/02/2026 06:51:21,200.14600,0.00,-4.14,-35.20,-95.96,42.22,16.40,-1011.87,-393.60,20250105,MKDLOWVSELL,196.20,8.18days
03/02/2026 14:32:18,sell,1.60,CHFJPY,200.40900,11/02/2026 06:51:20,200.14600,0.00,-16.61,26.30,257.83,304.84,30.80,-3416.91,-332.10,20250105,MKDLOWVSELL,184.32,7.68days
10/02/2026 23:34:51,buy,0.10,AUDCHF,0.54333,11/02/2026 02:08:50,0.54354,0.00,0.28,2.10,3.01,6.14,4.50,-42.14,-32.40,20250105,MKDLOWVBUY,2.57,2.57hrs
10/02/2026 15:50:22,buy,0.10,AUDCAD,0.95874,10/02/2026 16:24:40,0.95989,0.00,0.00,11.50,8.49,9.60,13.00,-3.25,-4.40,20250105,MKDLOWVBUY,0.57,0.57hrs
10/02/2026 02:28:45,sell,0.10,EURGBP,0.87009,10/02/2026 14:23:14,0.87026,0.00,0.00,-1.70,-2.33,1.92,1.40,-27.45,-20.10,20250105,MKDLOWVSELL,11.91,11.91hrs
10/02/2026 10:07:30,sell,0.20,EURGBP,0.87138,10/02/2026 14:23:13,0.87025,0.00,0.00,11.30,30.93,39.13,14.30,-19.67,-7.20,20250105,MKDLOWVSELL,4.26,4.26hrs
10/02/2026 11:55:07,buy,0.10,AUDCHF,0.54162,10/02/2026 14:05:15,0.54214,0.00,0.00,5.20,6.78,9.00,6.90,-5.23,-4.00,20250105,MKDLOWVBUY,2.17,2.17hrs
10/02/2026 02:30:05,sell,0.10,EURNZD,1.96767,10/02/2026 10:00:19,1.97180,0.00,0.00,-41.30,-24.94,0.00,0.00,-35.60,-59.00,20250105,MKDLOWVSELL,7.50,7.50hrs
10/02/2026 02:48:13,sell,0.20,EURNZD,1.96867,10/02/2026 10:00:18,1.97178,0.00,0.00,-31.10,-37.57,9.80,8.10,-59.14,-49.00,20250105,MKDLOWVSELL,7.20,7.20hrs
10/02/2026 05:06:08,sell,0.40,EURNZD,1.97077,10/02/2026 10:00:17,1.97179,0.00,0.00,-10.20,-24.65,3.14,1.30,-67.59,-28.00,20250105,MKDLOWVSELL,4.90,4.90hrs
10/02/2026 08:16:27,sell,0.80,EURNZD,1.97291,10/02/2026 10:00:16,1.97179,0.00,0.00,11.20,54.12,93.27,19.30,-30.41,-6.30,20250105,MKDLOWVSELL,1.73,1.73hrs
09/02/2026 21:30:44,sell,0.10,EURCAD,1.61593,09/02/2026 23:02:50,1.61578,0.00,0.00,1.50,1.11,6.42,8.70,-5.31,-7.20,20250105,MKDLOWVSELL,1.53,1.53hrs
06/02/2026 20:00:22,sell,0.10,EURCAD,1.61213,09/02/2026 18:19:45,1.61538,0.00,-0.33,-32.50,-24.28,0.00,0.00,-60.59,-82.00,20250105,MKDLOWVSELL,70.32,2.93days
09/02/2026 02:10:37,sell,0.40,EURCAD,1.61527,09/02/2026 18:19:44,1.61536,0.00,0.00,-0.90,-2.65,22.55,7.70,-148.74,-50.60,20250105,MKDLOWVSELL,16.15,16.15hrs
06/02/2026 21:00:42,sell,0.20,EURCAD,1.61318,09/02/2026 18:19:44,1.61538,0.00,-0.66,-22.00,-33.08,0.00,0.00,-105.75,-71.50,20250105,MKDLOWVSELL,69.32,2.89days
09/02/2026 10:04:37,sell,0.80,EURCAD,1.61780,09/02/2026 18:19:43,1.61539,0.00,0.00,24.10,142.06,150.36,25.50,-148.74,-25.30,20250105,MKDLOWVSELL,8.25,8.25hrs
09/02/2026 16:07:39,sell,0.10,EURGBP,0.87345,09/02/2026 17:14:46,0.87205,0.00,0.00,14.00,19.13,21.17,15.50,-10.63,-7.80,20250105,MKDLOWVSELL,1.12,1.12hrs
09/02/2026 13:00:04,buy,0.10,NZDCHF,0.46396,09/02/2026 14:32:38,0.46456,0.00,0.00,6.00,7.78,10.77,8.30,-6.09,-4.70,20250105,MKDLOWVBUY,1.54,1.54hrs
09/02/2026 04:58:46,sell,0.10,AUDNZD,1.16757,09/02/2026 13:25:09,1.16884,0.00,0.00,-12.70,-7.63,2.05,3.40,-21.82,-36.30,20250105,MKDLOWVSELL,8.44,8.44hrs
09/02/2026 10:23:01,sell,0.20,AUDNZD,1.16880,09/02/2026 13:25:08,1.16882,0.00,0.00,-0.20,-0.25,1.32,1.10,-28.85,-24.00,20250105,MKDLOWVSELL,3.04,3.04hrs
09/02/2026 10:59:13,sell,0.40,AUDNZD,1.17077,09/02/2026 13:25:07,1.16886,0.00,0.00,19.10,45.92,49.26,20.50,-4.33,-1.80,20250105,MKDLOWVSELL,2.43,2.43hrs
06/02/2026 19:02:45,sell,0.10,USDJPY,157.11100,09/02/2026 01:50:02,157.18800,0.00,-3.18,-7.70,-8.08,6.94,13.40,-38.51,-55.70,20250105,MKDLOWVSELL,54.79,2.28days
06/02/2026 23:53:00,sell,0.20,USDJPY,157.21500,09/02/2026 01:50:01,157.18400,0.00,-6.35,3.10,-2.41,24.00,23.80,-63.82,-45.30,20250105,MKDLOWVSELL,49.95,2.08days
09/02/2026 01:01:10,sell,0.40,USDJPY,157.45500,09/02/2026 01:50:00,157.18600,0.00,0.00,26.90,68.45,75.09,29.50,-54.04,-21.30,20250105,MKDLOWVSELL,0.81,0.81hrs
04/02/2026 15:00:17,buy,0.10,GBPCHF,1.06389,06/02/2026 13:37:46,1.05694,0.00,3.17,-69.50,-86.17,5.93,4.60,-180.80,-141.50,20250105,MKDLOWVBUY,46.62,1.94days
04/02/2026 18:18:55,buy,0.40,GBPCHF,1.06078,06/02/2026 13:37:45,1.05693,0.00,12.68,-38.50,-185.29,30.53,4.70,-562.86,-110.40,20250105,MKDLOWVBUY,43.31,1.80days
04/02/2026 16:07:54,buy,0.20,GBPCHF,1.06276,06/02/2026 13:37:45,1.05693,0.00,6.34,-58.30,-143.55,11.33,4.40,-332.47,-130.20,20250105,MKDLOWVBUY,45.50,1.90days
05/02/2026 10:42:12,buy,0.80,GBPCHF,1.05811,06/02/2026 13:37:44,1.05693,0.00,6.33,-11.80,-115.02,43.21,4.20,-863.08,-83.70,20250105,MKDLOWVBUY,26.93,1.12days
05/02/2026 15:00:19,buy,1.60,GBPCHF,1.05429,06/02/2026 13:37:43,1.05693,0.00,12.67,26.40,555.65,635.77,30.30,-938.35,-45.50,20250105,MKDLOWVBUY,22.62,22.62hrs
06/02/2026 11:03:39,buy,0.10,CHFJPY,201.74700,06/02/2026 11:32:11,201.88800,0.00,0.00,14.10,8.98,10.00,15.70,-1.59,-2.50,20250105,MKDLOWVBUY,0.48,0.48hrs
06/02/2026 10:23:49,buy,0.10,CHFJPY,201.64200,06/02/2026 11:02:29,201.71700,0.00,0.00,7.50,4.78,5.41,8.50,-9.31,-14.60,20250105,MKDLOWVBUY,0.64,0.64hrs
06/02/2026 10:45:03,buy,0.20,CHFJPY,201.56400,06/02/2026 11:02:28,201.71800,0.00,0.00,15.40,19.61,20.76,16.30,-8.29,-6.50,20250105,MKDLOWVBUY,0.29,0.29hrs
05/02/2026 20:30:21,sell,0.10,EURCAD,1.61353,06/02/2026 09:57:37,1.61417,0.00,-0.33,-6.40,-5.00,8.99,12.30,-20.70,-27.90,20250105,MKDLOWVSELL,13.45,13.45hrs
06/02/2026 01:22:34,sell,0.20,EURCAD,1.61455,06/02/2026 09:57:36,1.61418,0.00,0.00,3.70,5.40,12.71,8.70,-25.85,-17.70,20250105,MKDLOWVSELL,8.58,8.58hrs
06/02/2026 01:08:11,buy,0.20,CHFJPY,201.80100,06/02/2026 04:38:21,201.70400,0.00,0.00,-9.70,-12.38,0.00,0.00,-56.48,-44.20,20250105,MKDLOWVBUY,3.50,3.50hrs
06/02/2026 00:16:49,buy,0.10,CHFJPY,201.92600,06/02/2026 04:38:21,201.70400,0.00,0.00,-22.20,-14.17,0.00,0.00,-36.23,-56.70,20250105,MKDLOWVBUY,4.36,4.36hrs
06/02/2026 01:53:12,buy,0.40,CHFJPY,201.57900,06/02/2026 04:38:19,201.70300,0.00,0.00,12.40,31.64,52.55,20.60,-56.23,-22.00,20250105,MKDLOWVBUY,2.75,2.75hrs
05/02/2026 09:40:44,sell,0.10,EURCAD,1.61452,05/02/2026 12:42:58,1.61424,0.00,0.00,2.80,2.05,6.35,8.70,-8.98,-12.30,20250105,MKDLOWVSELL,3.04,3.04hrs
05/02/2026 04:05:02,buy,0.10,AUDUSD,0.69951,05/02/2026 10:20:04,0.69869,0.00,0.00,-8.20,-8.20,0.40,0.40,-37.30,-37.30,20250105,MKDLOWVBUY,6.25,6.25hrs
05/02/2026 04:14:02,buy,0.20,AUDUSD,0.69819,05/02/2026 10:20:03,0.69867,0.00,0.00,4.80,9.60,16.20,8.10,-48.20,-24.10,20250105,MKDLOWVBUY,6.10,6.10hrs
04/02/2026 20:31:11,buy,0.10,EURUSD,1.17981,05/02/2026 09:00:52,1.17939,0.00,-2.39,-4.20,-6.59,11.00,11.00,-18.29,-15.90,20250105,MKDLOWVBUY,12.49,12.49hrs
05/02/2026 04:53:06,buy,0.20,EURUSD,1.17867,05/02/2026 09:00:50,1.17937,0.00,0.00,7.00,14.00,16.80,8.40,-9.00,-4.50,20250105,MKDLOWVBUY,4.13,4.13hrs
05/02/2026 05:00:20,buy,0.10,CHFJPY,201.71500,05/02/2026 08:02:28,201.75100,0.00,0.00,3.60,2.29,3.44,5.40,-18.51,-29.00,20250105,MKDLOWVBUY,3.04,3.04hrs
05/02/2026 05:36:15,buy,0.20,CHFJPY,201.49200,05/02/2026 08:02:27,201.75400,0.00,0.00,26.20,33.36,35.27,27.70,-4.72,-3.70,20250105,MKDLOWVBUY,2.44,2.44hrs
05/02/2026 04:18:05,sell,0.10,EURCAD,1.61335,05/02/2026 07:30:10,1.61301,0.00,0.00,3.40,2.48,4.31,5.90,-3.65,-5.00,20250105,MKDLOWVSELL,3.20,3.20hrs
04/02/2026 17:00:14,buy,0.10,NZDUSD,0.60145,05/02/2026 03:09:15,0.60067,0.00,-0.37,-7.80,-8.17,8.00,8.00,-27.60,-27.60,20250105,MKDLOWVBUY,10.15,10.15hrs
04/02/2026 18:04:31,buy,0.20,NZDUSD,0.60017,05/02/2026 03:09:14,0.60067,0.00,-0.74,5.00,9.26,15.40,7.70,-29.60,-14.80,20250105,MKDLOWVBUY,9.08,9.08hrs
05/02/2026 02:00:07,buy,0.10,AUDUSD,0.69952,05/02/2026 02:52:38,0.70043,0.00,0.00,9.10,9.10,11.00,11.00,-2.50,-2.50,20250105,MKDLOWVBUY,0.88,0.88hrs
04/02/2026 18:32:01,buy,0.10,EURUSD,1.17987,04/02/2026 19:14:41,1.18097,0.00,0.00,11.00,11.00,12.90,12.90,-8.50,-8.50,20250105,MKDLOWVBUY,0.71,0.71hrs
04/02/2026 13:01:10,sell,0.10,EURCAD,1.61397,04/02/2026 15:28:33,1.61270,0.00,0.00,12.70,9.30,10.04,13.70,-6.22,-8.50,20250105,MKDLOWVSELL,2.46,2.46hrs
04/02/2026 11:15:46,sell,0.10,GBPAUD,1.95127,04/02/2026 15:05:23,1.95152,0.00,0.00,-2.50,-1.76,1.62,2.30,-23.91,-34.10,20250105,MKDLOWVSELL,3.83,3.83hrs
04/02/2026 11:33:12,sell,0.20,GBPAUD,1.95236,04/02/2026 15:05:22,1.95159,0.00,0.00,7.70,10.82,18.56,13.20,-32.53,-23.20,20250105,MKDLOWVSELL,3.54,3.54hrs
04/02/2026 13:03:25,buy,0.10,EURUSD,1.18143,04/02/2026 15:02:18,1.18192,0.00,0.00,4.90,4.90,9.80,9.80,-9.10,-9.10,20250105,MKDLOWVBUY,1.98,1.98hrs
04/02/2026 09:00:10,buy,0.10,GBPCAD,1.86988,04/02/2026 10:10:53,1.87149,0.00,0.00,16.10,11.81,12.69,17.30,-7.19,-9.80,20250105,MKDLOWVBUY,1.18,1.18hrs
04/02/2026 06:00:17,buy,0.10,GBPCHF,1.06295,04/02/2026 08:06:02,1.06301,0.00,0.00,0.60,0.77,3.61,2.80,-5.42,-4.20,20250105,MKDLOWVBUY,2.10,2.10hrs
04/02/2026 04:30:12,sell,0.10,EURAUD,1.68379,04/02/2026 07:28:33,1.68319,0.00,0.00,6.00,4.21,4.22,6.00,-11.22,-16.00,20250105,MKDLOWVSELL,2.97,2.97hrs
04/02/2026 06:52:42,sell,0.20,EURAUD,1.68484,04/02/2026 07:28:32,1.68343,0.00,0.00,14.10,19.83,22.63,16.10,-7.02,-5.00,20250105,MKDLOWVSELL,0.60,0.60hrs
04/02/2026 02:00:41,buy,0.10,EURUSD,1.18165,04/02/2026 03:31:13,1.18210,0.00,0.00,4.50,4.50,9.40,9.40,-8.40,-8.40,20250105,MKDLOWVBUY,1.51,1.51hrs
03/02/2026 11:30:52,buy,0.10,AUDCHF,0.54522,04/02/2026 02:00:18,0.54455,0.00,0.28,-6.70,-8.36,10.53,8.20,-36.62,-28.40,20250105,MKDLOWVBUY,14.49,14.49hrs
03/02/2026 16:32:37,buy,0.20,AUDCHF,0.54420,04/02/2026 02:00:17,0.54454,0.00,0.56,3.40,9.32,17.06,6.40,-46.94,-18.20,20250105,MKDLOWVBUY,9.46,9.46hrs
03/02/2026 21:00:29,buy,0.10,GBPUSD,1.36779,03/02/2026 21:55:58,1.36883,0.00,0.00,10.40,10.40,11.80,11.80,-5.40,-5.40,20250105,MKDLOWVBUY,0.92,0.92hrs
03/02/2026 12:48:39,sell,0.10,CADJPY,113.95900,03/02/2026 21:02:05,114.01500,0.00,0.00,-5.60,-3.59,0.00,0.00,-16.11,-25.10,20250105,MKDLOWVSELL,8.22,8.22hrs
03/02/2026 14:33:36,sell,0.20,CADJPY,114.07000,03/02/2026 21:02:04,114.01600,0.00,0.00,5.40,6.93,12.19,9.50,-17.98,-14.00,20250105,MKDLOWVSELL,6.47,6.47hrs
03/02/2026 13:03:52,buy,0.10,EURUSD,1.17849,03/02/2026 14:35:29,1.17953,0.00,0.00,10.40,10.40,12.20,12.20,-2.70,-2.70,20250105,MKDLOWVBUY,1.53,1.53hrs
03/02/2026 10:51:50,sell,0.10,EURCAD,1.61491,03/02/2026 12:07:40,1.61367,0.00,0.00,12.40,9.07,10.38,14.20,-6.80,-9.30,20250105,MKDLOWVSELL,1.26,1.26hrs
03/02/2026 03:01:18,sell,0.10,CADJPY,113.80200,03/02/2026 04:25:20,113.67800,0.00,0.00,12.40,7.98,7.98,12.40,-6.04,-9.40,20250105,MKDLOWVSELL,1.40,1.40hrs
02/02/2026 22:00:11,buy,0.10,AUDCAD,0.95055,03/02/2026 01:33:15,0.95082,0.00,0.04,2.70,2.01,4.35,5.90,-9.76,-13.40,20250105,MKDLOWVBUY,3.55,3.55hrs
02/02/2026 21:30:24,sell,0.10,CADJPY,113.76400,03/02/2026 01:01:01,113.72600,0.00,-0.97,3.80,1.48,3.53,7.00,-7.72,-10.50,20250105,MKDLOWVSELL,3.51,3.51hrs
02/02/2026 20:07:59,buy,0.10,EURUSD,1.17881,02/02/2026 23:51:09,1.17893,0.00,0.00,1.20,1.20,5.80,5.80,-12.70,-12.70,20250105,MKDLOWVBUY,3.72,3.72hrs
02/02/2026 18:30:11,sell,0.10,EURCAD,1.61449,02/02/2026 20:49:11,1.61316,0.00,0.00,13.30,9.71,9.72,13.30,-6.87,-9.40,20250105,MKDLOWVSELL,2.32,2.32hrs
02/02/2026 16:10:56,sell,0.10,AUDNZD,1.15761,02/02/2026 20:02:23,1.15837,0.00,0.00,-7.60,-4.56,0.24,0.40,-10.99,-18.30,20250105,MKDLOWVSELL,3.86,3.86hrs
02/02/2026 17:56:36,sell,0.20,AUDNZD,1.15863,02/02/2026 20:02:22,1.15837,0.00,0.00,2.60,3.12,9.00,7.50,-9.73,-8.10,20250105,MKDLOWVSELL,2.10,2.10hrs
02/02/2026 17:00:05,buy,0.10,EURUSD,1.18126,02/02/2026 19:09:03,1.18102,0.00,0.00,-2.40,-2.40,3.50,3.50,-23.00,-23.00,20250105,MKDLOWVBUY,2.15,2.15hrs
02/02/2026 17:48:18,buy,0.20,EURUSD,1.17957,02/02/2026 19:09:02,1.18102,0.00,0.00,14.50,29.00,31.00,15.50,-12.20,-6.10,20250105,MKDLOWVBUY,1.35,1.35hrs
02/02/2026 15:01:06,buy,0.10,GBPJPY,212.08000,02/02/2026 16:37:09,212.10900,0.00,0.00,2.90,1.86,2.12,3.30,-19.18,-29.80,20250105,MKDLOWVBUY,1.60,1.60hrs
02/02/2026 15:06:52,buy,0.20,GBPJPY,211.95800,02/02/2026 16:37:08,212.10900,0.00,0.00,15.10,19.44,19.96,15.50,-22.66,-17.60,20250105,MKDLOWVBUY,1.50,1.50hrs
02/02/2026 12:58:03,sell,0.10,EURCHF,0.92082,02/02/2026 14:34:02,0.91970,0.00,0.00,11.20,14.43,15.47,12.00,-3.61,-2.80,20250105,MKDLOWVSELL,1.60,1.60hrs
02/02/2026 10:32:59,buy,0.10,GBPCAD,1.86673,02/02/2026 11:03:29,1.86779,0.00,0.00,10.60,7.77,9.74,13.30,-3.74,-5.10,20250105,MKDLOWVBUY,0.51,0.51hrs
02/02/2026 10:39:48,sell,0.10,EURJPY,183.67100,02/02/2026 11:03:26,183.55100,0.00,0.00,12.00,7.75,8.72,13.50,-7.68,-11.90,20250105,MKDLOWVSELL,0.39,0.39hrs
02/02/2026 10:17:10,sell,0.10,EURJPY,183.69900,02/02/2026 10:38:53,183.70300,0.00,0.00,-0.40,-0.26,0.00,0.00,-14.25,-22.10,20250105,MKDLOWVSELL,0.36,0.36hrs
02/02/2026 10:23:13,sell,0.20,EURJPY,183.86000,02/02/2026 10:38:52,183.71500,0.00,0.00,14.50,18.72,20.02,15.50,-7.74,-6.00,20250105,MKDLOWVSELL,0.26,0.26hrs
30/01/2026 19:30:09,sell,0.10,EURCAD,1.61157,02/02/2026 10:32:43,1.61697,0.00,-0.33,-54.00,-39.95,1.33,1.80,-64.61,-87.80,20250105,MKDLOWVSELL,63.04,2.63days
30/01/2026 20:11:11,sell,0.20,EURCAD,1.61337,02/02/2026 10:32:42,1.61697,0.00,-0.66,-36.00,-53.47,16.64,11.30,-102.86,-69.80,20250105,MKDLOWVSELL,62.36,2.60days
02/02/2026 01:31:05,sell,0.40,EURCAD,1.61652,02/02/2026 10:32:41,1.61698,0.00,0.00,-4.60,-13.50,35.50,12.10,-112.15,-38.30,20250105,MKDLOWVSELL,9.03,9.03hrs
02/02/2026 05:15:08,sell,0.80,EURCAD,1.61916,02/02/2026 10:32:40,1.61698,0.00,0.00,21.80,127.94,156.14,26.60,-69.69,-11.90,20250105,MKDLOWVSELL,5.29,5.29hrs
02/02/2026 10:00:33,sell,0.10,EURJPY,183.66200,02/02/2026 10:11:23,183.54300,0.00,0.00,11.90,7.69,9.18,14.20,-3.48,-5.40,20250105,MKDLOWVSELL,0.18,0.18hrs
02/02/2026 04:50:39,buy,0.10,GBPJPY,212.19600,02/02/2026 09:46:02,211.85500,0.00,0.00,-34.10,-22.02,7.41,11.50,-59.23,-91.60,20250105,MKDLOWVBUY,4.92,4.92hrs
02/02/2026 05:53:50,buy,0.20,GBPJPY,212.07600,02/02/2026 09:46:01,211.86100,0.00,0.00,-21.50,-27.77,3.48,2.70,-102.94,-79.60,20250105,MKDLOWVBUY,3.87,3.87hrs
02/02/2026 06:14:59,buy,0.40,GBPJPY,211.84600,02/02/2026 09:46:00,211.86300,0.00,0.00,1.70,4.39,27.63,10.70,-146.40,-56.60,20250105,MKDLOWVBUY,3.52,3.52hrs
02/02/2026 08:22:17,buy,0.80,GBPJPY,211.58100,02/02/2026 09:45:59,211.86100,0.00,0.00,28.00,144.65,148.83,28.80,-155.71,-30.10,20250105,MKDLOWVBUY,1.40,1.40hrs
02/02/2026 08:58:19,sell,0.10,EURNZD,1.97620,02/02/2026 09:28:05,1.97424,0.00,0.00,19.60,11.78,12.56,20.90,-4.74,-7.90,20250105,MKDLOWVSELL,0.50,0.50hrs
02/02/2026 05:00:33,buy,0.10,AUDJPY,107.78600,02/02/2026 09:21:13,107.33700,0.00,0.00,-44.90,-29.00,2.45,3.80,-60.47,-93.50,20250105,MKDLOWVBUY,4.34,4.34hrs
02/02/2026 06:05:48,buy,0.40,AUDJPY,107.38400,02/02/2026 09:21:12,107.33800,0.00,0.00,-4.60,-11.89,43.40,16.80,-137.89,-53.30,20250105,MKDLOWVBUY,3.26,3.26hrs
02/02/2026 05:36:55,buy,0.20,AUDJPY,107.62000,02/02/2026 09:21:12,107.33800,0.00,0.00,-28.20,-36.43,10.07,7.80,-99.47,-76.90,20250105,MKDLOWVBUY,3.74,3.74hrs
02/02/2026 08:22:07,buy,0.80,AUDJPY,107.07500,02/02/2026 09:21:11,107.33800,0.00,0.00,26.30,135.92,143.65,27.80,-115.90,-22.40,20250105,MKDLOWVBUY,0.98,0.98hrs
02/02/2026 02:23:14,sell,0.10,EURJPY,183.93800,02/02/2026 04:22:39,183.86200,0.00,0.00,7.60,4.91,6.01,9.30,-22.48,-34.90,20250105,MKDLOWVSELL,1.99,1.99hrs
02/02/2026 02:49:38,sell,0.20,EURJPY,184.05500,02/02/2026 04:22:37,183.86700,0.00,0.00,18.80,24.28,27.12,21.00,-29.88,-23.20,20250105,MKDLOWVSELL,1.55,1.55hrs
02/02/2026 01:37:08,sell,0.10,EURJPY,183.86900,02/02/2026 02:03:02,183.72900,0.00,0.00,14.00,9.04,10.65,16.50,-7.02,-10.90,20250105,MKDLOWVSELL,0.43,0.43hrs
02/02/2026 01:33:32,buy,0.10,AUDJPY,107.72100,02/02/2026 01:44:16,107.84800,0.00,0.00,12.70,8.19,10.50,16.30,-2.00,-3.10,20250105,MKDLOWVBUY,0.18,0.18hrs
02/02/2026 00:33:08,sell,0.10,EURJPY,184.04500,02/02/2026 01:33:12,183.91300,0.00,0.00,13.20,8.50,9.34,14.50,-10.62,-16.50,20250105,MKDLOWVSELL,1.00,1.00hrs
02/02/2026 01:06:57,sell,0.10,EURAUD,1.70616,02/02/2026 01:32:19,1.70738,0.00,0.00,-12.20,-8.47,1.11,1.60,-32.82,-47.40,20250105,MKDLOWVSELL,0.42,0.42hrs
02/02/2026 01:10:40,sell,0.20,EURAUD,1.70746,02/02/2026 01:32:18,1.70740,0.00,0.00,0.60,0.83,5.97,4.30,-47.63,-34.40,20250105,MKDLOWVSELL,0.36,0.36hrs
02/02/2026 01:23:42,sell,0.40,EURAUD,1.70966,02/02/2026 01:32:17,1.70740,0.00,0.00,22.60,62.76,72.97,26.30,-34.34,-12.40,20250105,MKDLOWVSELL,0.14,0.14hrs
30/01/2026 18:44:33,buy,0.10,GBPJPY,211.85100,02/02/2026 00:28:46,212.58200,0.00,-0.04,73.10,47.02,47.03,73.10,-23.23,-35.90,20250105,MKDLOWVBUY,53.74,2.24days
30/01/2026 19:09:35,buy,0.20,GBPJPY,211.74200,02/02/2026 00:28:44,212.58500,0.00,-0.09,84.30,108.45,108.48,84.30,-32.35,-25.00,20250105,MKDLOWVBUY,53.32,2.22days
30/01/2026 18:04:49,buy,0.10,NZDJPY,93.25100,30/01/2026 21:10:00,93.25100,0.00,0.00,0.00,0.00,6.28,9.70,-22.06,-34.10,20250105,MKDLOWVBUY,3.09,3.09hrs
30/01/2026 20:12:43,buy,0.20,NZDJPY,93.10000,30/01/2026 21:09:58,93.25200,0.00,0.00,15.20,19.69,22.40,17.30,-24.58,-19.00,20250105,MKDLOWVBUY,0.95,0.95hrs
30/01/2026 20:53:10,buy,0.10,AUDJPY,107.64900,30/01/2026 21:00:48,107.78900,0.00,0.00,14.00,9.07,10.43,16.10,-2.72,-4.20,20250105,MKDLOWVBUY,0.13,0.13hrs
30/01/2026 16:06:42,buy,0.10,EURUSD,1.19202,30/01/2026 20:54:06,1.18825,0.00,0.00,-37.70,-37.70,0.00,0.00,-66.20,-66.20,20250105,MKDLOWVBUY,4.79,4.79hrs
30/01/2026 17:34:39,buy,0.40,EURUSD,1.18877,30/01/2026 20:54:05,1.18825,0.00,0.00,-5.20,-20.80,63.60,15.90,-134.80,-33.70,20250105,MKDLOWVBUY,3.32,3.32hrs
30/01/2026 16:28:10,buy,0.20,EURUSD,1.19094,30/01/2026 20:54:05,1.18824,0.00,0.00,-27.00,-54.00,13.80,6.90,-110.80,-55.40,20250105,MKDLOWVBUY,4.43,4.43hrs
30/01/2026 20:29:33,buy,0.80,EURUSD,1.18579,30/01/2026 20:54:04,1.18824,0.00,0.00,24.50,196.00,211.20,26.40,-31.20,-3.90,20250105,MKDLOWVBUY,0.41,0.41hrs
30/01/2026 20:02:21,buy,0.10,AUDJPY,107.71400,30/01/2026 20:47:31,107.62400,0.00,0.00,-9.00,-5.83,0.32,0.50,-27.56,-42.60,20250105,MKDLOWVBUY,0.75,0.75hrs
30/01/2026 20:23:29,buy,0.20,AUDJPY,107.39600,30/01/2026 20:47:30,107.62700,0.00,0.00,23.10,29.91,32.10,24.80,-13.97,-10.80,20250105,MKDLOWVBUY,0.40,0.40hrs
30/01/2026 18:00:13,buy,0.10,GBPJPY,211.67700,30/01/2026 18:44:11,211.79000,0.00,0.00,11.30,7.33,9.46,14.60,-9.21,-14.20,20250105,MKDLOWVBUY,0.73,0.73hrs
30/01/2026 17:55:31,buy,0.10,GBPCAD,1.85855,30/01/2026 18:04:19,1.85989,0.00,0.00,13.40,9.89,11.58,15.70,-11.30,-15.30,20250105,MKDLOWVBUY,0.15,0.15hrs
30/01/2026 17:01:03,buy,0.10,GBPCAD,1.85809,30/01/2026 17:55:15,1.85823,0.00,0.00,1.40,1.03,6.28,8.50,-19.15,-25.90,20250105,MKDLOWVBUY,0.90,0.90hrs
30/01/2026 17:17:44,buy,0.20,GBPCAD,1.85674,30/01/2026 17:55:14,1.85823,0.00,0.00,14.90,22.01,23.92,16.20,-18.34,-12.40,20250105,MKDLOWVBUY,0.63,0.63hrs
30/01/2026 15:30:18,buy,0.10,EURUSD,1.19156,30/01/2026 16:03:47,1.19195,0.00,0.00,3.90,3.90,6.10,6.10,-14.40,-14.40,20250105,MKDLOWVBUY,0.56,0.56hrs
30/01/2026 15:51:25,buy,0.20,EURUSD,1.19050,30/01/2026 16:03:46,1.19195,0.00,0.00,14.50,29.00,31.80,15.90,-5.20,-2.60,20250105,MKDLOWVBUY,0.21,0.21hrs
30/01/2026 12:55:00,sell,0.10,EURCAD,1.61355,30/01/2026 14:45:40,1.61210,0.00,0.00,14.50,10.72,11.25,15.20,-5.03,-6.80,20250105,MKDLOWVSELL,1.84,1.84hrs
30/01/2026 02:46:02,buy,0.20,AUDUSD,0.70298,30/01/2026 13:58:48,0.70218,0.00,0.00,-8.00,-16.00,4.80,2.40,-124.60,-62.30,20250105,MKDLOWVBUY,11.21,11.21hrs
30/01/2026 02:30:06,buy,0.10,AUDUSD,0.70408,30/01/2026 13:58:48,0.70218,0.00,0.00,-19.00,-19.00,0.00,0.00,-73.30,-73.30,20250105,MKDLOWVBUY,11.48,11.48hrs
30/01/2026 04:00:53,buy,0.40,AUDUSD,0.70027,30/01/2026 13:58:46,0.70218,0.00,0.00,19.10,76.40,82.00,20.50,-140.80,-35.20,20250105,MKDLOWVBUY,9.96,9.96hrs
30/01/2026 10:02:34,sell,0.10,EURCAD,1.61271,30/01/2026 11:46:30,1.61234,0.00,0.00,3.70,2.73,2.73,3.70,-10.57,-14.30,20250105,MKDLOWVSELL,1.73,1.73hrs
30/01/2026 10:34:58,sell,0.20,EURCAD,1.61376,30/01/2026 11:46:29,1.61228,0.00,0.00,14.80,21.85,21.86,14.80,-5.62,-3.80,20250105,MKDLOWVSELL,1.19,1.19hrs
30/01/2026 08:59:08,sell,0.10,GBPNZD,2.27631,30/01/2026 10:02:28,2.27466,0.00,0.00,16.50,9.99,10.76,17.80,-4.84,-8.00,20250105,MKDLOWVSELL,1.06,1.06hrs
30/01/2026 02:32:23,buy,0.10,GBPCAD,1.86167,30/01/2026 09:40:14,1.86071,0.00,0.00,-9.60,-7.10,6.06,8.20,-23.23,-31.40,20250105,MKDLOWVBUY,7.13,7.13hrs
30/01/2026 04:23:16,buy,0.20,GBPCAD,1.85994,30/01/2026 09:40:13,1.86074,0.00,0.00,8.00,11.83,23.64,16.00,-20.86,-14.10,20250105,MKDLOWVBUY,5.28,5.28hrs
30/01/2026 09:00:15,buy,0.10,GBPJPY,211.66300,30/01/2026 09:10:35,211.86300,0.00,0.00,20.00,12.99,13.44,20.70,-5.39,-8.30,20250105,MKDLOWVBUY,0.17,0.17hrs
30/01/2026 08:32:30,buy,0.10,GBPJPY,211.56100,30/01/2026 08:36:52,211.68400,0.00,0.00,12.30,7.99,8.58,13.20,-3.84,-5.90,20250105,MKDLOWVBUY,0.07,0.07hrs
29/01/2026 17:01:21,buy,0.10,NZDCAD,0.82011,29/01/2026 23:19:57,0.81936,0.00,0.00,-7.50,-5.56,0.07,0.10,-22.72,-30.80,20250105,MKDLOWVBUY,6.31,6.31hrs
29/01/2026 17:09:15,buy,0.20,NZDCAD,0.81902,29/01/2026 23:19:56,0.81936,0.00,0.00,3.40,5.03,14.52,9.80,-29.36,-19.90,20250105,MKDLOWVBUY,6.18,6.18hrs
29/01/2026 18:14:02,sell,0.10,USDCAD,1.35396,29/01/2026 18:42:57,1.35268,0.00,0.00,12.80,9.46,10.57,14.30,-5.02,-6.80,20250105,MKDLOWVSELL,0.48,0.48hrs
29/01/2026 17:41:02,buy,0.10,CADJPY,112.88400,29/01/2026 18:11:55,112.90700,0.00,0.00,2.30,1.51,1.96,3.00,-18.19,-27.80,20250105,MKDLOWVBUY,0.51,0.51hrs
29/01/2026 17:44:27,buy,0.20,CADJPY,112.74300,29/01/2026 18:11:54,112.90100,0.00,0.00,15.80,20.67,21.85,16.70,-17.80,-13.60,20250105,MKDLOWVBUY,0.46,0.46hrs
29/01/2026 15:44:44,buy,0.20,GBPCAD,1.86660,29/01/2026 17:29:42,1.86638,0.00,0.00,-2.20,-3.24,15.99,10.80,-37.03,-25.10,20250105,MKDLOWVBUY,1.75,1.75hrs
29/01/2026 15:37:29,buy,0.10,GBPCAD,1.86768,29/01/2026 17:29:42,1.86635,0.00,0.00,-13.30,-9.80,0.52,0.70,-26.48,-35.90,20250105,MKDLOWVBUY,1.87,1.87hrs
29/01/2026 17:27:21,buy,0.40,GBPCAD,1.86456,29/01/2026 17:29:41,1.86641,0.00,0.00,18.50,54.52,61.88,21.00,-5.90,-2.00,20250105,MKDLOWVBUY,0.04,0.04hrs
29/01/2026 15:30:04,buy,0.10,GBPCAD,1.86629,29/01/2026 15:36:46,1.86743,0.00,0.00,11.40,8.43,10.50,14.20,-3.18,-4.30,20250105,MKDLOWVBUY,0.11,0.11hrs
29/01/2026 10:00:05,buy,0.10,AUDCHF,0.54197,29/01/2026 15:14:20,0.54183,0.00,0.00,-1.40,-1.82,2.48,1.90,-26.69,-20.50,20250105,MKDLOWVBUY,5.24,5.24hrs
29/01/2026 12:34:50,buy,0.20,AUDCHF,0.54094,29/01/2026 15:14:19,0.54183,0.00,0.00,8.90,23.20,31.80,12.20,-26.56,-10.20,20250105,MKDLOWVBUY,2.66,2.66hrs
29/01/2026 10:38:54,buy,0.20,AUDUSD,0.70628,29/01/2026 14:58:23,0.70582,0.00,0.00,-4.60,-9.20,10.80,5.40,-72.80,-36.40,20250105,MKDLOWVBUY,4.32,4.32hrs
29/01/2026 09:31:07,buy,0.10,AUDUSD,0.70728,29/01/2026 14:58:23,0.70584,0.00,0.00,-14.40,-14.40,3.20,3.20,-46.40,-46.40,20250105,MKDLOWVBUY,5.45,5.45hrs
29/01/2026 12:47:46,buy,0.40,AUDUSD,0.70394,29/01/2026 14:58:21,0.70581,0.00,0.00,18.70,74.80,80.80,20.20,-52.00,-13.00,20250105,MKDLOWVBUY,2.18,2.18hrs
29/01/2026 10:17:48,buy,0.10,EURUSD,1.19745,29/01/2026 14:57:51,1.19602,0.00,0.00,-14.30,-14.30,6.70,6.70,-37.10,-37.10,20250105,MKDLOWVBUY,4.67,4.67hrs
29/01/2026 12:59:17,buy,0.40,EURUSD,1.19423,29/01/2026 14:57:50,1.19598,0.00,0.00,17.50,70.00,74.80,18.70,-19.60,-4.90,20250105,MKDLOWVBUY,1.98,1.98hrs
29/01/2026 10:57:22,buy,0.20,EURUSD,1.19640,29/01/2026 14:57:50,1.19602,0.00,0.00,-3.80,-7.60,19.20,9.60,-53.20,-26.60,20250105,MKDLOWVBUY,4.01,4.01hrs
29/01/2026 09:32:32,buy,0.10,NZDCAD,0.82174,29/01/2026 14:38:16,0.82128,0.00,0.00,-4.60,-3.40,3.48,4.70,-11.65,-15.80,20250105,MKDLOWVBUY,5.10,5.10hrs
29/01/2026 10:52:47,buy,0.20,NZDCAD,0.82055,29/01/2026 14:38:15,0.82128,0.00,0.00,7.30,10.78,14.77,10.00,-5.75,-3.90,20250105,MKDLOWVBUY,3.76,3.76hrs
29/01/2026 09:45:57,buy,0.10,EURUSD,1.19698,29/01/2026 10:10:41,1.19830,0.00,0.00,13.20,13.20,14.50,14.50,-3.20,-3.20,20250105,MKDLOWVBUY,0.41,0.41hrs
29/01/2026 04:56:44,buy,0.10,GBPCAD,1.87007,29/01/2026 07:00:33,1.87068,0.00,0.00,6.10,4.51,7.62,10.30,-6.87,-9.30,20250105,MKDLOWVBUY,2.06,2.06hrs
29/01/2026 05:00:30,buy,0.10,GBPJPY,211.52900,29/01/2026 06:15:22,211.65000,0.00,0.00,12.10,7.90,9.34,14.30,-6.54,-10.00,20250105,MKDLOWVBUY,1.25,1.25hrs
29/01/2026 02:30:59,sell,0.10,EURAUD,1.70050,29/01/2026 04:56:33,1.69990,0.00,0.00,6.00,4.22,6.06,8.60,-21.42,-30.50,20250105,MKDLOWVSELL,2.43,2.43hrs
29/01/2026 02:49:22,sell,0.20,EURAUD,1.70152,29/01/2026 04:56:32,1.69990,0.00,0.00,16.20,22.83,26.48,18.80,-28.51,-20.30,20250105,MKDLOWVSELL,2.12,2.12hrs
29/01/2026 04:02:46,buy,0.10,EURUSD,1.19604,29/01/2026 04:38:15,1.19705,0.00,0.00,10.10,10.10,11.40,11.40,-7.80,-7.80,20250105,MKDLOWVBUY,0.59,0.59hrs
29/01/2026 01:59:41,sell,0.10,EURJPY,183.37700,29/01/2026 02:28:31,183.25100,0.00,0.00,12.60,8.24,10.06,15.40,-4.96,-7.60,20250105,MKDLOWVSELL,0.48,0.48hrs
29/01/2026 02:01:03,sell,0.10,EURAUD,1.70136,29/01/2026 02:16:47,1.70017,0.00,0.00,11.90,8.38,11.27,16.00,-9.35,-13.30,20250105,MKDLOWVSELL,0.26,0.26hrs
29/01/2026 00:36:13,sell,0.10,EURJPY,183.37800,29/01/2026 01:44:44,183.23400,0.00,0.00,14.40,9.41,10.00,15.30,-8.34,-12.80,20250105,MKDLOWVSELL,1.14,1.14hrs
28/01/2026 22:33:24,buy,0.10,GBPCAD,1.87066,29/01/2026 00:46:16,1.87222,0.00,0.45,15.60,11.95,13.27,17.40,-8.25,-11.80,20250105,MKDLOWVBUY,2.21,2.21hrs
28/01/2026 21:01:52,buy,0.10,NZDJPY,92.75700,28/01/2026 23:12:08,92.78100,0.00,0.00,2.40,1.57,6.00,9.20,-10.68,-16.40,20250105,MKDLOWVBUY,2.17,2.17hrs
28/01/2026 18:45:31,buy,0.10,EURUSD,1.19354,28/01/2026 21:50:34,1.19300,0.00,0.00,-5.40,-5.40,7.30,7.30,-40.30,-40.30,20250105,MKDLOWVBUY,3.08,3.08hrs
28/01/2026 21:01:35,buy,0.20,EURUSD,1.19142,28/01/2026 21:50:33,1.19302,0.00,0.00,16.00,32.00,34.60,17.30,-38.20,-19.10,20250105,MKDLOWVBUY,0.82,0.82hrs
28/01/2026 04:10:45,buy,0.10,GBPCAD,1.87820,28/01/2026 20:04:09,1.87211,0.00,0.00,-60.90,-44.85,1.25,1.70,-100.24,-135.80,20250105,MKDLOWVBUY,15.89,15.89hrs
28/01/2026 07:37:26,buy,0.40,GBPCAD,1.87506,28/01/2026 20:04:08,1.87213,0.00,0.00,-29.30,-86.31,53.64,18.20,-308.24,-104.40,20250105,MKDLOWVBUY,12.45,12.45hrs
28/01/2026 05:52:41,buy,0.20,GBPCAD,1.87709,28/01/2026 20:04:08,1.87213,0.00,0.00,-49.60,-73.05,0.00,0.00,-184.09,-124.70,20250105,MKDLOWVBUY,14.19,14.19hrs
28/01/2026 10:35:42,buy,0.80,GBPCAD,1.87253,28/01/2026 20:04:07,1.87211,0.00,0.00,-4.20,-24.74,29.48,5.00,-467.09,-79.10,20250105,MKDLOWVBUY,9.47,9.47hrs
28/01/2026 14:04:37,buy,1.60,GBPCAD,1.86883,28/01/2026 20:04:05,1.87214,0.00,0.00,33.10,390.02,419.41,35.60,-497.21,-42.10,20250105,MKDLOWVBUY,5.99,5.99hrs
28/01/2026 18:33:10,buy,0.10,EURUSD,1.19218,28/01/2026 18:39:45,1.19348,0.00,0.00,13.00,13.00,14.30,14.30,-1.50,-1.50,20250105,MKDLOWVBUY,0.11,0.11hrs
28/01/2026 17:08:17,buy,0.10,EURUSD,1.19291,28/01/2026 17:10:29,1.19395,0.00,0.00,10.40,10.40,10.60,10.60,-6.10,-6.10,20250105,MKDLOWVBUY,0.04,0.04hrs
23/01/2026 20:57:48,buy,0.10,GBPCHF,1.06903,28/01/2026 17:08:09,1.06056,0.00,2.39,-84.70,-107.49,2.39,0.00,-223.00,-171.50,20250105,MKDLOWVBUY,116.17,4.84days
23/01/2026 21:49:00,buy,0.20,GBPCHF,1.06778,28/01/2026 17:08:08,1.06056,0.00,4.79,-72.20,-182.53,4.79,0.00,-413.12,-159.00,20250105,MKDLOWVBUY,115.32,4.80days
26/01/2026 00:38:28,buy,0.80,GBPCHF,1.06188,28/01/2026 17:08:07,1.06046,0.00,12.82,-14.20,-134.53,252.96,24.30,-1038.53,-100.00,20250105,MKDLOWVBUY,64.49,2.69days
23/01/2026 21:56:27,buy,0.40,GBPCHF,1.06559,28/01/2026 17:08:07,1.06046,0.00,9.57,-51.30,-256.62,62.33,12.20,-711.13,-137.10,20250105,MKDLOWVBUY,115.19,4.80days
27/01/2026 16:32:10,buy,1.60,GBPCHF,1.05684,28/01/2026 17:08:05,1.06028,0.00,12.95,34.40,727.34,806.30,38.20,-1029.98,-49.60,20250105,MKDLOWVBUY,24.60,1.02days
28/01/2026 15:04:30,buy,0.10,NZDJPY,92.04100,28/01/2026 16:01:08,92.16200,0.00,0.00,12.10,7.92,8.50,13.00,-5.70,-8.70,20250105,MKDLOWVBUY,0.94,0.94hrs
28/01/2026 11:00:23,buy,0.10,GBPJPY,210.46200,28/01/2026 14:58:00,210.44400,0.00,0.00,-1.80,-1.18,6.09,9.30,-26.38,-40.20,20250105,MKDLOWVBUY,3.96,3.96hrs
28/01/2026 13:30:41,buy,0.20,GBPJPY,210.25100,28/01/2026 14:57:59,210.44600,0.00,0.00,19.50,25.56,25.69,19.60,-25.07,-19.10,20250105,MKDLOWVBUY,1.46,1.46hrs
28/01/2026 09:38:45,sell,0.10,CADJPY,112.42600,28/01/2026 14:02:39,112.46400,0.00,0.00,-3.80,-2.49,7.02,10.70,-12.44,-19.00,20250105,MKDLOWVSELL,4.40,4.40hrs
28/01/2026 10:53:42,sell,0.20,CADJPY,112.53300,28/01/2026 14:02:37,112.46200,0.00,0.00,7.10,9.31,17.72,13.50,-10.87,-8.30,20250105,MKDLOWVSELL,3.15,3.15hrs
28/01/2026 11:30:34,sell,0.10,EURAUD,1.71371,28/01/2026 11:54:16,1.71260,0.00,0.00,11.10,7.77,9.24,13.20,-0.77,-1.10,20250105,MKDLOWVSELL,0.40,0.40hrs
28/01/2026 08:30:31,sell,0.10,CADJPY,112.39500,28/01/2026 09:15:46,112.27800,0.00,0.00,11.70,7.68,8.47,12.90,-2.95,-4.50,20250105,MKDLOWVSELL,0.75,0.75hrs
28/01/2026 06:03:01,buy,0.10,AUDJPY,106.73800,28/01/2026 07:58:11,106.86600,0.00,0.00,12.80,8.38,9.24,14.10,-8.26,-12.60,20250105,MKDLOWVBUY,1.92,1.92hrs
28/01/2026 02:38:17,sell,0.10,EURNZD,1.99243,28/01/2026 07:02:05,1.99284,0.00,0.00,-4.10,-2.47,6.27,10.40,-20.32,-33.80,20250105,MKDLOWVSELL,4.40,4.40hrs
28/01/2026 02:54:08,sell,0.20,EURNZD,1.99367,28/01/2026 07:02:04,1.99310,0.00,0.00,5.70,6.86,13.11,10.90,-25.73,-21.40,20250105,MKDLOWVSELL,4.13,4.13hrs
28/01/2026 03:30:08,sell,0.10,CADJPY,112.34100,28/01/2026 06:58:04,112.22900,0.00,0.00,11.20,7.34,7.47,11.40,-7.25,-11.10,20250105,MKDLOWVSELL,3.47,3.47hrs
28/01/2026 02:05:00,sell,0.10,CADJPY,112.21800,28/01/2026 02:54:49,112.09000,0.00,0.00,12.80,8.40,8.40,12.80,-5.44,-8.30,20250105,MKDLOWVSELL,0.83,0.83hrs
28/01/2026 02:30:05,sell,0.10,EURNZD,1.99275,28/01/2026 02:32:36,1.99156,0.00,0.00,11.90,7.18,11.88,19.70,-3.38,-5.60,20250105,MKDLOWVSELL,0.04,0.04hrs
28/01/2026 01:30:24,sell,0.10,CADJPY,112.29400,28/01/2026 01:55:38,112.17100,0.00,0.00,12.30,8.07,8.93,13.60,-1.77,-2.70,20250105,MKDLOWVSELL,0.42,0.42hrs
27/01/2026 20:48:50,buy,0.10,NZDJPY,91.84700,27/01/2026 22:49:44,91.98100,0.00,0.00,13.40,8.80,9.98,15.20,-7.23,-11.00,20250105,MKDLOWVBUY,2.02,2.02hrs
27/01/2026 15:31:00,sell,0.10,EURNZD,1.99055,27/01/2026 17:59:56,1.98899,0.00,0.00,15.60,9.38,9.97,16.60,-8.22,-13.70,20250105,MKDLOWVSELL,2.48,2.48hrs
27/01/2026 09:15:41,sell,0.10,AUDNZD,1.15903,27/01/2026 13:36:41,1.15947,0.00,0.00,-4.40,-2.63,2.45,4.10,-11.28,-18.90,20250105,MKDLOWVSELL,4.35,4.35hrs
27/01/2026 11:52:21,sell,0.20,AUDNZD,1.16016,27/01/2026 13:36:40,1.15944,0.00,0.00,7.20,8.60,12.43,10.40,-9.07,-7.60,20250105,MKDLOWVSELL,1.74,1.74hrs
27/01/2026 11:52:29,sell,0.10,GBPNZD,2.29381,27/01/2026 12:39:42,2.29372,0.00,0.00,0.90,0.54,5.20,8.70,-13.49,-22.60,20250105,MKDLOWVSELL,0.79,0.79hrs
27/01/2026 11:53:38,sell,0.20,GBPNZD,2.29510,27/01/2026 12:39:41,2.29371,0.00,0.00,13.90,16.60,25.80,21.60,-7.04,-5.90,20250105,MKDLOWVSELL,0.77,0.77hrs
26/01/2026 22:31:48,sell,0.10,GBPNZD,2.28892,27/01/2026 08:02:06,2.29304,0.00,-1.03,-41.20,-25.63,0.96,1.60,-44.86,-73.50,20250105,MKDLOWVSELL,9.51,9.51hrs
27/01/2026 02:43:21,sell,0.40,GBPNZD,2.29208,27/01/2026 08:02:05,2.29303,0.00,0.00,-9.50,-22.68,32.24,13.50,-99.95,-41.90,20250105,MKDLOWVSELL,5.31,5.31hrs
27/01/2026 00:50:03,sell,0.20,GBPNZD,2.29011,27/01/2026 08:02:05,2.29301,0.00,0.00,-29.00,-34.61,6.20,5.20,-73.47,-61.60,20250105,MKDLOWVSELL,7.20,7.20hrs
27/01/2026 05:26:01,sell,0.80,GBPNZD,2.29517,27/01/2026 08:02:03,2.29307,0.00,0.00,21.00,100.28,151.32,31.70,-52.48,-11.00,20250105,MKDLOWVSELL,2.60,2.60hrs
26/01/2026 22:00:06,sell,0.10,EURNZD,1.98644,27/01/2026 04:15:56,1.98911,0.00,-0.29,-26.70,-16.24,0.00,0.00,-39.57,-65.90,20250105,MKDLOWVSELL,6.26,6.26hrs
27/01/2026 00:56:31,sell,0.40,EURNZD,1.98904,27/01/2026 04:15:55,1.98912,0.00,0.00,-0.80,-1.91,10.27,4.30,-95.12,-39.90,20250105,MKDLOWVSELL,3.32,3.32hrs
26/01/2026 22:15:51,sell,0.20,EURNZD,1.98744,27/01/2026 04:15:55,1.98911,0.00,-0.59,-16.70,-20.54,0.00,0.00,-67.22,-55.90,20250105,MKDLOWVSELL,6.00,6.00hrs
27/01/2026 02:52:54,sell,0.80,EURNZD,1.99179,27/01/2026 04:15:54,1.98907,0.00,0.00,27.20,130.00,138.97,29.10,-59.12,-12.40,20250105,MKDLOWVSELL,1.38,1.38hrs
27/01/2026 00:31:34,sell,0.10,GBPAUD,1.97765,27/01/2026 04:00:49,1.97764,0.00,0.00,0.10,0.07,1.94,2.80,-18.73,-27.10,20250105,MKDLOWVSELL,3.49,3.49hrs
27/01/2026 01:00:07,sell,0.20,GBPAUD,1.97908,27/01/2026 04:00:48,1.97763,0.00,0.00,14.50,20.06,23.66,17.10,-6.91,-5.00,20250105,MKDLOWVSELL,3.01,3.01hrs
26/01/2026 13:30:13,sell,0.10,EURNZD,1.98685,26/01/2026 16:27:32,1.98605,0.00,0.00,8.00,4.78,9.01,15.10,-10.78,-18.10,20250105,MKDLOWVSELL,2.96,2.96hrs
26/01/2026 15:33:12,sell,0.20,EURNZD,1.98795,26/01/2026 16:27:31,1.98607,0.00,0.00,18.80,22.47,23.30,19.50,-8.46,-7.10,20250105,MKDLOWVSELL,0.91,0.91hrs
26/01/2026 14:31:27,buy,0.10,EURUSD,1.18482,26/01/2026 15:48:01,1.18506,0.00,0.00,2.40,2.40,3.10,3.10,-13.80,-13.80,20250105,MKDLOWVBUY,1.28,1.28hrs
26/01/2026 15:03:46,buy,0.20,EURUSD,1.18382,26/01/2026 15:48:00,1.18505,0.00,0.00,12.30,24.60,24.60,12.30,-7.60,-3.80,20250105,MKDLOWVBUY,0.74,0.74hrs
26/01/2026 09:00:17,buy,0.10,EURUSD,1.18525,26/01/2026 10:36:20,1.18573,0.00,0.00,4.80,4.80,9.70,9.70,-16.60,-16.60,20250105,MKDLOWVBUY,1.60,1.60hrs
26/01/2026 09:56:48,buy,0.20,EURUSD,1.18406,26/01/2026 10:36:18,1.18578,0.00,0.00,17.20,34.40,38.00,19.00,-9.40,-4.70,20250105,MKDLOWVBUY,0.66,0.66hrs
23/01/2026 23:00:38,sell,0.10,EURAUD,1.71385,26/01/2026 09:43:30,1.71386,0.00,0.00,-0.10,-0.06,2.97,4.30,-38.78,-56.10,20250105,MKDLOWVSELL,58.71,2.45days
26/01/2026 05:32:26,sell,0.20,EURAUD,1.71502,26/01/2026 09:43:29,1.71374,0.00,0.00,12.80,17.70,21.70,15.70,-18.66,-13.50,20250105,MKDLOWVSELL,4.18,4.18hrs
26/01/2026 04:00:13,buy,0.10,AUDJPY,106.89300,26/01/2026 05:17:33,106.75600,0.00,0.00,-13.70,-8.88,0.00,0.00,-25.85,-39.80,20250105,MKDLOWVBUY,1.29,1.29hrs
26/01/2026 04:10:08,buy,0.20,AUDJPY,106.78500,26/01/2026 05:17:32,106.75400,0.00,0.00,-3.10,-4.02,0.39,0.30,-37.68,-29.00,20250105,MKDLOWVBUY,1.12,1.12hrs
26/01/2026 05:00:47,buy,0.40,AUDJPY,106.55800,26/01/2026 05:17:31,106.75400,0.00,0.00,19.60,50.81,59.61,23.00,-8.31,-3.20,20250105,MKDLOWVBUY,0.28,0.28hrs
23/01/2026 19:52:40,sell,0.20,EURCAD,1.61759,26/01/2026 02:01:18,1.62383,0.00,-0.66,-62.40,-91.73,18.22,12.50,-181.10,-123.60,20250105,MKDLOWVSELL,54.14,2.26days
23/01/2026 19:30:07,sell,0.10,EURCAD,1.61646,26/01/2026 02:01:18,1.62377,0.00,-0.33,-73.10,-53.68,2.70,3.70,-98.80,-134.90,20250105,MKDLOWVSELL,54.52,2.27days
23/01/2026 22:21:45,sell,0.40,EURCAD,1.61976,26/01/2026 02:01:17,1.62382,0.00,-1.32,-40.60,-119.84,24.24,8.30,-298.85,-101.90,20250105,MKDLOWVSELL,51.66,2.15days
26/01/2026 00:23:33,sell,0.80,EURCAD,1.62366,26/01/2026 02:01:16,1.62392,0.00,0.00,-2.60,-15.18,0.00,0.00,-367.31,-62.90,20250105,MKDLOWVSELL,1.63,1.63hrs
26/01/2026 01:00:15,sell,1.60,EURCAD,1.62797,26/01/2026 02:01:15,1.62395,0.00,0.00,40.20,469.38,488.16,41.80,-109.86,-9.40,20250105,MKDLOWVSELL,1.02,1.02hrs
26/01/2026 00:27:08,buy,0.10,AUDCHF,0.53717,26/01/2026 01:35:33,0.53737,0.00,0.00,2.00,2.58,5.40,4.20,-22.71,-17.60,20250105,MKDLOWVBUY,1.14,1.14hrs
26/01/2026 01:01:40,buy,0.20,AUDCHF,0.53610,26/01/2026 01:35:32,0.53739,0.00,0.00,12.90,33.19,38.33,14.90,-17.81,-6.90,20250105,MKDLOWVBUY,0.56,0.56hrs
26/01/2026 00:35:08,buy,0.10,NZDJPY,92.43900,26/01/2026 01:04:10,92.40600,0.00,0.00,-3.30,-2.13,0.58,0.90,-39.95,-61.60,20250105,MKDLOWVBUY,0.48,0.48hrs
26/01/2026 00:45:25,buy,0.20,NZDJPY,92.22900,26/01/2026 01:04:08,92.41200,0.00,0.00,18.30,23.65,28.30,21.90,-52.66,-40.60,20250105,MKDLOWVBUY,0.31,0.31hrs
23/01/2026 18:57:54,sell,0.20,GBPAUD,1.97614,26/01/2026 00:23:51,1.97693,0.00,-1.34,-7.90,-12.27,18.17,13.90,-36.64,-26.60,20250105,MKDLOWVSELL,53.43,2.23days
23/01/2026 18:14:47,sell,0.10,GBPAUD,1.97515,26/01/2026 00:23:51,1.97699,0.00,-0.67,-18.40,-13.40,5.70,8.30,-25.14,-36.50,20250105,MKDLOWVSELL,54.15,2.26days
23/01/2026 21:56:45,sell,0.40,GBPAUD,1.97830,26/01/2026 00:23:49,1.97693,0.00,-2.69,13.70,35.22,95.58,35.50,-12.96,-4.70,20250105,MKDLOWVSELL,50.45,2.10days
23/01/2026 16:30:14,sell,0.10,EURAUD,1.71284,23/01/2026 16:58:24,1.71161,0.00,0.00,12.30,8.44,9.26,13.50,-5.28,-7.70,20250105,MKDLOWVSELL,0.47,0.47hrs
23/01/2026 10:00:20,buy,0.10,AUDCAD,0.94367,23/01/2026 13:48:42,0.94402,0.00,0.00,3.50,2.54,5.01,6.90,-8.27,-11.40,20250105,MKDLOWVBUY,3.81,3.81hrs
23/01/2026 09:00:01,buy,0.10,GBPCHF,1.06622,23/01/2026 11:04:10,1.06733,0.00,0.00,11.10,14.04,16.07,12.70,-4.56,-3.60,20250105,MKDLOWVBUY,2.07,2.07hrs
23/01/2026 06:52:40,buy,0.10,NZDJPY,93.75000,23/01/2026 08:31:28,93.76100,0.00,0.00,1.10,0.70,1.51,2.40,-5.87,-9.30,20250105,MKDLOWVBUY,1.65,1.65hrs
23/01/2026 00:15:16,buy,0.10,GBPCHF,1.06650,23/01/2026 08:23:18,1.06651,0.00,0.00,0.10,0.13,2.40,1.90,-28.78,-22.70,20250105,MKDLOWVBUY,8.13,8.13hrs
23/01/2026 05:31:20,sell,0.10,EURAUD,1.71734,23/01/2026 06:41:01,1.71610,0.00,0.00,12.40,8.50,11.23,16.40,-4.51,-6.60,20250105,MKDLOWVSELL,1.16,1.16hrs
22/01/2026 22:30:14,sell,0.10,GBPAUD,1.97319,23/01/2026 03:04:12,1.97192,0.00,-0.67,12.70,8.03,8.84,13.90,-15.03,-21.00,20250105,MKDLOWVSELL,4.57,4.57hrs
22/01/2026 15:05:24,buy,0.10,GBPCAD,1.85413,22/01/2026 16:35:53,1.85456,0.00,0.00,4.30,3.12,5.29,7.30,-20.93,-28.90,20250105,MKDLOWVBUY,1.51,1.51hrs
22/01/2026 15:23:54,buy,0.20,GBPCAD,1.85301,22/01/2026 16:35:52,1.85458,0.00,0.00,15.70,22.74,26.80,18.50,-25.64,-17.70,20250105,MKDLOWVBUY,1.20,1.20hrs
22/01/2026 11:22:09,buy,0.10,CADJPY,114.85700,22/01/2026 14:41:03,114.89600,0.00,0.00,3.90,2.46,2.46,3.90,-11.16,-17.70,20250105,MKDLOWVBUY,3.31,3.31hrs
22/01/2026 13:49:29,buy,0.20,CADJPY,114.74600,22/01/2026 14:41:02,114.88000,0.00,0.00,13.40,16.89,18.91,15.00,-8.32,-6.60,20250105,MKDLOWVBUY,0.86,0.86hrs
22/01/2026 11:31:02,buy,0.10,EURJPY,185.51400,22/01/2026 13:42:24,185.62700,0.00,0.00,11.30,7.12,8.64,13.70,-3.59,-5.70,20250105,MKDLOWVBUY,2.19,2.19hrs
22/01/2026 04:58:59,buy,0.10,GBPCAD,1.85634,22/01/2026 11:32:50,1.85660,0.00,0.00,2.60,1.88,4.20,5.80,-18.37,-25.40,20250105,MKDLOWVBUY,6.56,6.56hrs
22/01/2026 08:38:11,buy,0.20,GBPCAD,1.85528,22/01/2026 11:32:49,1.85660,0.00,0.00,13.20,19.10,23.44,16.20,-21.41,-14.80,20250105,MKDLOWVBUY,2.91,2.91hrs
22/01/2026 11:00:14,buy,0.10,GBPJPY,213.06100,22/01/2026 11:20:58,213.19300,0.00,0.00,13.20,8.31,9.39,14.90,-2.83,-4.50,20250105,MKDLOWVBUY,0.35,0.35hrs
22/01/2026 01:32:56,buy,0.10,EURCHF,0.92936,22/01/2026 04:10:14,0.92983,0.00,0.00,4.70,5.91,8.42,6.70,-4.40,-3.50,20250105,MKDLOWVBUY,2.62,2.62hrs
21/01/2026 23:30:34,buy,0.10,CADJPY,114.49000,22/01/2026 03:56:14,114.51700,0.00,-0.93,2.70,0.77,2.10,4.80,-9.84,-14.10,20250105,MKDLOWVBUY,4.43,4.43hrs
22/01/2026 02:00:31,buy,0.10,GBPUSD,1.34193,22/01/2026 03:30:42,1.34277,0.00,0.00,8.40,8.40,11.30,11.30,-3.40,-3.40,20250105,MKDLOWVBUY,1.50,1.50hrs
16/01/2026 04:57:19,buy,0.10,AUDNZD,1.16554,22/01/2026 02:30:32,1.16079,0.00,0.14,-47.50,-27.60,0.14,0.00,-76.55,-131.30,20250105,MKDLOWVBUY,141.55,5.90days
16/01/2026 07:38:21,buy,0.20,AUDNZD,1.16454,22/01/2026 02:30:31,1.16076,0.00,0.25,-37.80,-43.88,0.25,0.10,-141.45,-121.30,20250105,MKDLOWVBUY,138.87,5.79days
16/01/2026 16:08:49,buy,0.40,AUDNZD,1.16249,22/01/2026 02:30:30,1.16088,0.00,0.52,-16.10,-37.08,9.90,4.30,-235.05,-100.80,20250105,MKDLOWVBUY,130.36,5.43days
19/01/2026 03:17:19,buy,0.80,AUDNZD,1.15996,22/01/2026 02:30:29,1.16076,0.00,0.99,8.00,38.36,38.35,8.00,-352.18,-75.50,20250105,MKDLOWVBUY,71.22,2.97days
20/01/2026 03:47:40,buy,1.60,AUDNZD,1.15615,22/01/2026 02:30:28,1.16062,0.00,1.85,44.70,419.36,430.01,45.80,-349.11,-37.40,20250105,MKDLOWVBUY,46.71,1.95days
21/01/2026 19:00:49,buy,0.10,GBPUSD,1.34313,22/01/2026 00:15:32,1.34216,0.00,-0.69,-9.70,-10.39,6.40,6.40,-22.30,-22.30,20250105,MKDLOWVBUY,5.25,5.25hrs
21/01/2026 19:47:30,buy,0.20,GBPUSD,1.34203,22/01/2026 00:15:31,1.34216,0.00,-1.39,1.30,1.21,22.81,12.10,-22.60,-11.30,20250105,MKDLOWVBUY,4.47,4.47hrs
21/01/2026 18:30:35,buy,0.10,NZDJPY,92.48000,21/01/2026 22:02:41,92.48000,0.00,0.00,0.00,0.00,7.64,12.10,-8.09,-12.80,20250105,MKDLOWVBUY,3.54,3.54hrs
21/01/2026 12:23:53,buy,0.20,GBPCAD,1.85543,21/01/2026 16:43:25,1.85527,0.00,0.00,-1.60,-2.32,7.23,5.00,-60.58,-41.80,20250105,MKDLOWVBUY,4.33,4.33hrs
21/01/2026 11:45:01,buy,0.10,GBPCAD,1.85671,21/01/2026 16:43:25,1.85504,0.00,0.00,-16.70,-12.11,0.00,0.00,-39.56,-54.60,20250105,MKDLOWVBUY,4.97,4.97hrs
21/01/2026 14:21:51,buy,0.40,GBPCAD,1.85334,21/01/2026 16:43:23,1.85532,0.00,0.00,19.80,57.44,61.49,21.20,-60.58,-20.90,20250105,MKDLOWVBUY,2.36,2.36hrs
21/01/2026 10:01:52,buy,0.10,GBPJPY,212.26300,21/01/2026 15:34:54,211.91200,0.00,0.00,-35.10,-22.23,3.80,6.00,-42.95,-67.80,20250105,MKDLOWVBUY,5.55,5.55hrs
21/01/2026 11:03:19,buy,0.20,GBPJPY,212.15800,21/01/2026 15:34:53,211.91000,0.00,0.00,-24.80,-31.41,4.56,3.60,-72.59,-57.30,20250105,MKDLOWVBUY,4.53,4.53hrs
21/01/2026 11:43:01,buy,0.40,GBPJPY,211.95500,21/01/2026 15:34:52,211.91000,0.00,0.00,-4.50,-11.40,17.21,6.80,-93.75,-37.00,20250105,MKDLOWVBUY,3.86,3.86hrs
21/01/2026 14:01:59,buy,0.80,GBPJPY,211.64200,21/01/2026 15:34:51,211.90800,0.00,0.00,26.60,134.78,147.42,29.10,-10.64,-2.10,20250105,MKDLOWVBUY,1.55,1.55hrs
21/01/2026 12:01:48,buy,0.10,AUDJPY,106.61300,21/01/2026 14:24:42,106.75100,0.00,0.00,13.80,8.74,9.63,15.20,-3.54,-5.60,20250105,MKDLOWVBUY,2.38,2.38hrs
21/01/2026 10:30:11,sell,0.10,AUDNZD,1.15481,21/01/2026 14:00:37,1.15433,0.00,0.00,4.80,2.80,4.97,8.50,-3.63,-6.20,20250105,MKDLOWVSELL,3.51,3.51hrs
21/01/2026 08:15:55,buy,0.10,GBPCAD,1.85917,21/01/2026 09:18:36,1.85917,0.00,0.00,0.00,0.00,2.02,2.80,-13.59,-18.80,20250105,MKDLOWVBUY,1.04,1.04hrs
21/01/2026 09:00:36,buy,0.20,GBPCAD,1.85759,21/01/2026 09:18:35,1.85918,0.00,0.00,15.90,22.99,26.90,18.60,-2.46,-1.70,20250105,MKDLOWVBUY,0.30,0.30hrs
20/01/2026 23:08:50,sell,0.10,AUDNZD,1.15435,21/01/2026 05:57:57,1.15465,0.00,-0.50,-3.00,-2.25,1.95,4.20,-15.35,-25.50,20250105,MKDLOWVSELL,6.82,6.82hrs
21/01/2026 02:19:03,sell,0.20,AUDNZD,1.15540,21/01/2026 05:57:56,1.15465,0.00,0.00,7.50,8.75,13.88,11.90,-12.81,-11.00,20250105,MKDLOWVSELL,3.65,3.65hrs
21/01/2026 03:30:18,buy,0.10,USDJPY,157.96200,21/01/2026 05:23:25,158.08800,0.00,0.00,12.60,7.97,9.05,14.30,-6.91,-10.90,20250105,MKDLOWVBUY,1.89,1.89hrs
20/01/2026 09:00:23,sell,0.10,EURAUD,1.73279,21/01/2026 03:59:50,1.73985,0.00,0.11,-70.60,-47.50,1.75,2.60,-94.53,-140.30,20250105,MKDLOWVSELL,18.99,18.99hrs
20/01/2026 10:30:54,sell,0.40,EURAUD,1.73594,21/01/2026 03:59:49,1.73987,0.00,0.45,-39.30,-105.55,0.45,0.00,-293.21,-108.80,20250105,MKDLOWVSELL,17.48,17.48hrs
20/01/2026 09:43:40,sell,0.20,EURAUD,1.73385,21/01/2026 03:59:49,1.73985,0.00,0.23,-60.00,-80.69,11.19,8.30,-174.77,-129.70,20250105,MKDLOWVSELL,18.27,18.27hrs
20/01/2026 10:39:04,sell,0.80,EURAUD,1.73882,21/01/2026 03:59:48,1.73989,0.00,0.91,-10.70,-56.81,17.78,3.30,-431.19,-80.00,20250105,MKDLOWVSELL,17.35,17.35hrs
20/01/2026 11:34:16,sell,1.60,EURAUD,1.74261,21/01/2026 03:59:47,1.73989,0.00,1.81,27.20,295.27,357.02,33.10,-453.83,-42.10,20250105,MKDLOWVSELL,16.43,16.43hrs
20/01/2026 21:00:21,buy,0.10,AUDCAD,0.93163,21/01/2026 03:30:22,0.93178,0.00,0.05,1.50,1.13,5.35,7.40,-7.76,-10.80,20250105,MKDLOWVBUY,6.50,6.50hrs
21/01/2026 00:33:24,buy,0.10,USDJPY,158.17100,21/01/2026 02:00:16,158.18000,0.00,0.00,0.90,0.57,2.65,4.20,-8.73,-13.80,20250105,MKDLOWVBUY,1.45,1.45hrs
21/01/2026 01:50:02,buy,0.20,USDJPY,158.06900,21/01/2026 02:00:14,158.18000,0.00,0.00,11.10,14.03,17.33,13.70,-3.67,-2.90,20250105,MKDLOWVBUY,0.17,0.17hrs
20/01/2026 15:35:58,buy,0.10,GBPCAD,1.86082,20/01/2026 16:37:50,1.86057,0.00,0.00,-2.50,-1.81,0.14,0.20,-17.07,-23.60,20250105,MKDLOWVBUY,1.03,1.03hrs
20/01/2026 16:04:32,buy,0.20,GBPCAD,1.85898,20/01/2026 16:37:49,1.86056,0.00,0.00,15.80,22.85,26.32,18.20,-7.52,-5.20,20250105,MKDLOWVBUY,0.55,0.55hrs
20/01/2026 13:12:43,buy,0.10,GBPCAD,1.86186,20/01/2026 15:34:23,1.86216,0.00,0.00,3.00,2.17,3.33,4.60,-27.43,-37.90,20250105,MKDLOWVBUY,2.36,2.36hrs
20/01/2026 13:59:37,buy,0.20,GBPCAD,1.86058,20/01/2026 15:34:22,1.86202,0.00,0.00,14.40,20.83,25.16,17.40,-36.33,-25.10,20250105,MKDLOWVBUY,1.58,1.58hrs
20/01/2026 11:00:44,buy,0.10,AUDJPY,106.33100,20/01/2026 15:00:02,106.26200,0.00,0.00,-6.90,-4.37,0.13,0.20,-22.78,-35.90,20250105,MKDLOWVBUY,3.99,3.99hrs
20/01/2026 11:06:28,buy,0.20,AUDJPY,106.18800,20/01/2026 15:00:01,106.26400,0.00,0.00,7.60,9.63,16.46,13.00,-27.42,-21.60,20250105,MKDLOWVBUY,3.89,3.89hrs
26/12/2025 02:17:35,sell,0.10,AUDNZD,1.14933,20/01/2026 10:07:47,1.15467,0.00,-13.56,-53.40,-44.75,1.93,3.30,-123.24,-200.90,20250105,MKDLOWVSELL,607.84,25.33days
26/12/2025 09:00:31,sell,0.20,AUDNZD,1.15056,20/01/2026 10:07:46,1.15465,0.00,-27.14,-40.90,-74.92,1.75,1.50,-232.26,-188.60,20250105,MKDLOWVSELL,601.12,25.05days
29/12/2025 03:29:41,sell,0.40,AUDNZD,1.15266,20/01/2026 10:07:45,1.15466,0.00,-52.25,-20.00,-98.97,13.00,5.60,-413.76,-167.60,20250105,MKDLOWVSELL,534.63,22.28days
30/12/2025 13:38:02,sell,0.80,AUDNZD,1.15544,20/01/2026 10:07:44,1.15466,0.00,-84.45,7.80,-48.00,52.94,11.40,-686.90,-139.80,20250105,MKDLOWVSELL,500.50,20.85days
31/12/2025 08:30:52,sell,1.60,AUDNZD,1.15893,20/01/2026 10:07:43,1.15465,0.00,-128.85,42.80,271.11,279.52,43.80,-1020.59,-104.90,20250105,MKDLOWVSELL,481.61,20.07days
20/01/2026 00:16:02,buy,0.10,GBPCAD,1.86278,20/01/2026 09:23:55,1.86242,0.00,0.00,-3.60,-2.60,0.00,0.00,-18.04,-25.00,20250105,MKDLOWVBUY,9.13,9.13hrs
20/01/2026 09:04:30,buy,0.20,GBPCAD,1.86067,20/01/2026 09:23:54,1.86241,0.00,0.00,17.40,25.12,26.57,18.40,-3.75,-2.60,20250105,MKDLOWVBUY,0.32,0.32hrs
20/01/2026 02:58:07,buy,0.10,GBPUSD,1.34206,20/01/2026 04:02:56,1.34213,0.00,0.00,0.70,0.70,3.70,3.70,-5.00,-5.00,20250105,MKDLOWVBUY,1.08,1.08hrs
20/01/2026 00:15:22,buy,0.10,CADJPY,114.06900,20/01/2026 03:47:35,114.02400,0.00,0.00,-4.50,-2.84,0.32,0.50,-19.07,-30.10,20250105,MKDLOWVBUY,3.54,3.54hrs
20/01/2026 03:00:09,buy,0.20,CADJPY,113.85600,20/01/2026 03:47:34,114.03900,0.00,0.00,18.30,23.14,24.65,19.50,-11.15,-8.80,20250105,MKDLOWVBUY,0.79,0.79hrs
20/01/2026 02:30:17,buy,0.10,NZDJPY,91.58900,20/01/2026 02:53:41,91.70800,0.00,0.00,11.90,7.53,9.04,14.30,-1.52,-2.40,20250105,MKDLOWVBUY,0.39,0.39hrs
19/01/2026 21:00:08,sell,0.10,EURUSD,1.16428,20/01/2026 01:31:37,1.16415,0.00,0.25,1.30,1.55,2.55,2.30,-5.75,-6.00,20250105,MKDLOWVSELL,4.52,4.52hrs
19/01/2026 21:52:22,buy,0.10,CADJPY,114.00000,19/01/2026 23:01:10,113.98200,0.00,0.00,-1.80,-1.13,1.83,2.90,-1.46,-2.30,20250105,MKDLOWVBUY,1.15,1.15hrs
19/01/2026 09:30:10,sell,0.10,GBPAUD,2.00180,19/01/2026 13:28:01,2.00048,0.00,0.00,13.20,8.84,10.92,16.30,-10.78,-16.10,20250105,MKDLOWVSELL,3.96,3.96hrs
19/01/2026 07:22:30,sell,0.10,EURUSD,1.16348,19/01/2026 09:46:15,1.16246,0.00,0.00,10.20,10.20,11.20,11.20,-7.20,-7.20,20250105,MKDLOWVSELL,2.40,2.40hrs
19/01/2026 03:02:41,sell,0.10,EURAUD,1.73716,19/01/2026 07:30:31,1.73692,0.00,0.00,2.40,1.61,3.15,4.70,-18.45,-27.60,20250105,MKDLOWVSELL,4.46,4.46hrs
19/01/2026 03:05:45,sell,0.20,EURAUD,1.73838,19/01/2026 07:30:30,1.73715,0.00,0.00,12.30,16.48,22.64,16.90,-20.59,-15.40,20250105,MKDLOWVSELL,4.41,4.41hrs
19/01/2026 05:02:15,buy,0.10,GBPUSD,1.33887,19/01/2026 07:21:22,1.34021,0.00,0.00,13.40,13.40,14.30,14.30,-3.40,-3.40,20250105,MKDLOWVBUY,2.32,2.32hrs
19/01/2026 00:28:58,buy,0.20,USDJPY,157.95400,19/01/2026 04:50:47,157.90400,0.00,0.00,-5.00,-6.33,0.00,0.00,-67.97,-53.50,20250105,MKDLOWVBUY,4.36,4.36hrs
16/01/2026 22:30:20,buy,0.10,USDJPY,158.07400,19/01/2026 04:50:47,157.90600,0.00,0.05,-16.80,-10.59,3.10,4.90,-41.56,-65.50,20250105,MKDLOWVBUY,54.34,2.26days
19/01/2026 01:07:13,buy,0.40,USDJPY,157.71800,19/01/2026 04:50:45,157.90600,0.00,0.00,18.80,47.62,53.19,21.00,-75.98,-29.90,20250105,MKDLOWVBUY,3.73,3.73hrs
19/01/2026 01:33:12,sell,0.10,GBPAUD,2.00257,19/01/2026 03:02:04,2.00211,0.00,0.00,4.60,3.08,5.89,8.80,-17.16,-25.70,20250105,MKDLOWVSELL,1.48,1.48hrs
19/01/2026 01:52:58,sell,0.20,GBPAUD,2.00364,19/01/2026 03:02:03,2.00208,0.00,0.00,15.60,20.89,26.10,19.50,-20.04,-15.00,20250105,MKDLOWVSELL,1.15,1.15hrs
19/01/2026 01:29:18,buy,0.10,EURCHF,0.92761,19/01/2026 02:01:32,0.92886,0.00,0.00,12.50,15.64,21.01,16.80,-6.64,-5.30,20250105,MKDLOWVBUY,0.54,0.54hrs
19/01/2026 00:18:21,buy,0.10,AUDUSD,0.66757,19/01/2026 01:33:01,0.66875,0.00,0.00,11.80,11.80,13.30,13.30,-8.80,-8.80,20250105,MKDLOWVBUY,1.24,1.24hrs
19/01/2026 01:00:12,buy,0.10,GBPCAD,1.85890,19/01/2026 01:06:21,1.86081,0.00,0.00,19.10,13.72,17.53,24.40,-8.77,-12.20,20250105,MKDLOWVBUY,0.10,0.10hrs
16/01/2026 19:36:58,sell,0.10,EURCAD,1.61499,16/01/2026 22:43:01,1.61415,0.00,0.00,8.40,6.03,8.84,12.30,-3.81,-5.30,20250105,MKDLOWVSELL,3.10,3.10hrs
16/01/2026 15:34:36,buy,0.10,NZDJPY,91.00800,16/01/2026 20:39:57,90.94200,0.00,0.00,-6.60,-4.18,0.76,1.20,-13.43,-21.20,20250105,MKDLOWVBUY,5.09,5.09hrs
16/01/2026 16:54:08,buy,0.20,NZDJPY,90.89500,16/01/2026 20:39:55,90.94300,0.00,0.00,4.80,6.07,10.37,8.20,-12.55,-9.90,20250105,MKDLOWVBUY,3.76,3.76hrs
16/01/2026 14:31:29,sell,0.10,EURNZD,2.01658,16/01/2026 19:36:19,2.01762,0.00,0.00,-10.40,-5.98,3.17,5.50,-19.22,-33.40,20250105,MKDLOWVSELL,5.08,5.08hrs
16/01/2026 15:23:39,sell,0.20,EURNZD,2.01775,16/01/2026 19:36:17,2.01760,0.00,0.00,1.50,1.72,13.10,11.40,-24.97,-21.70,20250105,MKDLOWVSELL,4.21,4.21hrs
16/01/2026 15:52:51,buy,0.10,CADJPY,113.67600,16/01/2026 17:21:57,113.70800,0.00,0.00,3.20,2.02,3.80,6.00,-10.14,-16.00,20250105,MKDLOWVBUY,1.49,1.49hrs
16/01/2026 16:53:58,buy,0.20,CADJPY,113.56500,16/01/2026 17:21:56,113.70400,0.00,0.00,13.90,17.59,19.49,15.40,-6.08,-4.80,20250105,MKDLOWVBUY,0.47,0.47hrs
16/01/2026 10:00:33,buy,0.10,CADJPY,113.82200,16/01/2026 14:05:48,113.85100,0.00,0.00,2.90,1.83,4.17,6.60,-7.03,-11.10,20250105,MKDLOWVBUY,4.09,4.09hrs
16/01/2026 12:58:38,sell,0.10,GBPNZD,2.32663,16/01/2026 13:23:18,2.32544,0.00,0.00,11.90,6.86,9.34,16.20,-3.69,-6.40,20250105,MKDLOWVSELL,0.41,0.41hrs
16/01/2026 10:02:40,buy,0.10,CHFJPY,197.17700,16/01/2026 12:34:17,197.25600,0.00,0.00,7.90,5.00,7.02,11.10,-15.44,-24.40,20250105,MKDLOWVBUY,2.53,2.53hrs
16/01/2026 10:26:37,buy,0.20,CHFJPY,197.08000,16/01/2026 12:34:16,197.25900,0.00,0.00,17.90,22.65,26.31,20.80,-18.61,-14.70,20250105,MKDLOWVBUY,2.13,2.13hrs
15/01/2026 12:51:42,buy,0.10,GBPUSD,1.34185,16/01/2026 10:02:29,1.33927,0.00,0.00,-25.80,-25.80,9.00,9.00,-56.30,-56.30,20250105,MKDLOWVBUY,21.18,21.18hrs
15/01/2026 14:59:06,buy,0.20,GBPUSD,1.34041,16/01/2026 10:02:28,1.33927,0.00,0.00,-11.40,-22.80,0.80,0.40,-83.80,-41.90,20250105,MKDLOWVBUY,19.06,19.06hrs
15/01/2026 15:38:40,buy,0.40,GBPUSD,1.33780,16/01/2026 10:02:27,1.33927,0.00,0.00,14.70,58.80,70.40,17.60,-63.20,-15.80,20250105,MKDLOWVBUY,18.40,18.40hrs
16/01/2026 02:38:15,buy,0.10,EURJPY,184.05000,16/01/2026 08:00:39,183.80800,0.00,0.00,-24.20,-15.28,6.55,10.40,-37.10,-58.60,20250105,MKDLOWVBUY,5.37,5.37hrs
16/01/2026 04:37:45,buy,0.20,EURJPY,183.88100,16/01/2026 08:00:38,183.80800,0.00,0.00,-7.30,-9.22,0.00,0.00,-52.80,-41.70,20250105,MKDLOWVBUY,3.38,3.38hrs
16/01/2026 04:40:16,buy,0.40,EURJPY,183.56200,16/01/2026 08:00:37,183.80900,0.00,0.00,24.70,62.39,70.46,27.90,-24.82,-9.80,20250105,MKDLOWVBUY,3.34,3.34hrs
15/01/2026 23:00:44,sell,0.10,USDCAD,1.38973,16/01/2026 05:15:51,1.38895,0.00,-2.61,7.80,3.01,8.50,11.80,-3.76,-3.00,20250105,MKDLOWVSELL,6.25,6.25hrs
15/01/2026 22:00:57,buy,0.10,NZDCAD,0.79777,16/01/2026 02:17:51,0.79783,0.00,0.00,0.60,0.43,2.45,3.40,-7.13,-9.90,20250105,MKDLOWVBUY,4.28,4.28hrs
15/01/2026 22:30:10,buy,0.10,CHFJPY,197.36600,16/01/2026 01:33:09,197.44200,0.00,0.00,7.60,4.79,8.82,14.00,-11.23,-17.80,20250105,MKDLOWVBUY,3.05,3.05hrs
15/01/2026 18:19:21,buy,0.10,USDJPY,158.50700,15/01/2026 22:29:19,158.56700,0.00,0.00,6.00,3.78,5.23,8.30,-6.25,-9.90,20250105,MKDLOWVBUY,4.17,4.17hrs
15/01/2026 14:02:49,buy,0.10,NZDCAD,0.79871,15/01/2026 19:15:46,0.79805,0.00,0.00,-6.60,-4.76,1.22,1.70,-15.96,-22.20,20250105,MKDLOWVBUY,5.22,5.22hrs
15/01/2026 15:31:10,buy,0.20,NZDCAD,0.79763,15/01/2026 19:15:45,0.79805,0.00,0.00,4.20,6.05,10.65,7.40,-16.39,-11.40,20250105,MKDLOWVBUY,3.74,3.74hrs
15/01/2026 15:30:09,buy,0.10,NZDJPY,91.04700,15/01/2026 18:16:54,91.07000,0.00,0.00,2.30,1.45,1.70,2.70,-10.16,-16.10,20250105,MKDLOWVBUY,2.78,2.78hrs
15/01/2026 17:30:48,buy,0.20,NZDJPY,90.91400,15/01/2026 18:16:53,91.05300,0.00,0.00,13.90,17.54,19.69,15.60,-2.40,-1.90,20250105,MKDLOWVBUY,0.77,0.77hrs
15/01/2026 12:23:51,buy,0.10,GBPCHF,1.07522,15/01/2026 17:52:01,1.07490,0.00,0.00,-3.20,-3.98,3.48,2.80,-30.03,-24.10,20250105,MKDLOWVBUY,5.47,5.47hrs
15/01/2026 12:53:13,buy,0.20,GBPCHF,1.07408,15/01/2026 17:51:59,1.07493,0.00,0.00,8.50,21.17,35.35,14.20,-31.65,-12.70,20250105,MKDLOWVBUY,4.98,4.98hrs
15/01/2026 12:00:55,buy,0.10,EURJPY,184.31000,15/01/2026 13:46:00,184.41400,0.00,0.00,10.40,6.56,7.88,12.50,-5.30,-8.40,20250105,MKDLOWVBUY,1.75,1.75hrs
15/01/2026 12:01:01,buy,0.10,USDJPY,158.39000,15/01/2026 13:44:16,158.50900,0.00,0.00,11.90,7.51,8.83,14.00,-3.16,-5.00,20250105,MKDLOWVBUY,1.72,1.72hrs
15/01/2026 05:20:22,sell,0.10,USDCAD,1.38950,15/01/2026 13:32:48,1.38995,0.00,0.00,-4.50,-3.24,0.00,0.00,-9.71,-13.50,20250105,MKDLOWVSELL,8.21,8.21hrs
15/01/2026 10:17:22,sell,0.20,USDCAD,1.39051,15/01/2026 13:32:47,1.38995,0.00,0.00,5.60,8.06,10.07,7.00,-4.89,-3.40,20250105,MKDLOWVSELL,3.26,3.26hrs
14/01/2026 12:02:28,buy,0.10,AUDJPY,106.28500,15/01/2026 09:10:58,106.00000,0.00,0.90,-28.50,-17.07,1.20,1.90,-44.58,-70.50,20250105,MKDLOWVBUY,21.14,21.14hrs
14/01/2026 12:36:54,buy,0.20,AUDJPY,106.15700,15/01/2026 09:10:57,106.00000,0.00,1.81,-15.70,-17.99,1.81,0.00,-72.97,-57.70,20250105,MKDLOWVBUY,20.57,20.57hrs
14/01/2026 14:00:53,buy,0.40,AUDJPY,105.85000,15/01/2026 09:10:56,106.00200,0.00,3.61,15.20,41.95,55.81,20.70,-68.29,-27.00,20250105,MKDLOWVBUY,19.17,19.17hrs
14/01/2026 15:00:15,buy,0.10,GBPCHF,1.07692,15/01/2026 09:01:01,1.07625,0.00,3.14,-6.70,-5.22,5.74,4.60,-62.07,-52.00,20250105,MKDLOWVBUY,18.01,18.01hrs
14/01/2026 17:30:27,buy,0.20,GBPCHF,1.07589,15/01/2026 09:01:00,1.07621,0.00,6.28,3.20,14.26,22.51,6.50,-98.30,-41.70,20250105,MKDLOWVBUY,15.51,15.51hrs
15/01/2026 02:41:04,buy,0.10,GBPUSD,1.34324,15/01/2026 09:00:04,1.34327,0.00,0.00,0.30,0.30,5.60,5.60,-9.80,-9.80,20250105,MKDLOWVBUY,6.32,6.32hrs
15/01/2026 05:01:21,sell,0.10,EURCAD,1.61670,15/01/2026 08:42:51,1.61685,0.00,0.00,-1.50,-1.08,0.43,0.60,-6.33,-8.80,20250105,MKDLOWVSELL,3.69,3.69hrs
15/01/2026 00:32:38,sell,0.10,EURUSD,1.16442,15/01/2026 02:39:07,1.16400,0.00,0.00,4.20,4.20,5.90,5.90,-3.80,-3.80,20250105,MKDLOWVSELL,2.11,2.11hrs
15/01/2026 00:30:31,sell,0.10,GBPAUD,2.01115,15/01/2026 02:18:16,2.01080,0.00,0.00,3.50,2.34,12.49,18.70,-17.83,-26.70,20250105,MKDLOWVSELL,1.80,1.80hrs
15/01/2026 01:08:50,sell,0.20,GBPAUD,2.01235,15/01/2026 02:18:14,2.01075,0.00,0.00,16.00,21.39,26.06,19.50,-10.82,-8.10,20250105,MKDLOWVSELL,1.16,1.16hrs
14/01/2026 19:00:06,buy,0.10,GBPCAD,1.86508,14/01/2026 23:02:57,1.86453,0.00,0.00,-5.50,-3.97,2.23,3.10,-20.04,-27.80,20250105,MKDLOWVBUY,4.05,4.05hrs
14/01/2026 20:14:54,buy,0.20,GBPCAD,1.86393,14/01/2026 23:02:56,1.86453,0.00,0.00,6.00,8.65,21.03,14.60,-23.50,-16.30,20250105,MKDLOWVBUY,2.80,2.80hrs
14/01/2026 13:00:09,buy,0.10,AUDCHF,0.53557,14/01/2026 23:00:03,0.53455,0.00,0.00,-10.20,-12.75,0.00,0.00,-29.80,-23.80,20250105,MKDLOWVBUY,10.00,10.00hrs
14/01/2026 17:30:23,buy,0.20,AUDCHF,0.53448,14/01/2026 23:00:00,0.53456,0.00,0.00,0.80,2.00,12.24,4.90,-32.31,-12.90,20250105,MKDLOWVBUY,5.49,5.49hrs
14/01/2026 10:31:00,buy,0.10,AUDUSD,0.66898,14/01/2026 16:31:30,0.66850,0.00,0.00,-4.80,-4.80,7.40,7.40,-15.00,-15.00,20250105,MKDLOWVBUY,6.01,6.01hrs
14/01/2026 14:48:55,buy,0.20,AUDUSD,0.66794,14/01/2026 16:31:28,0.66850,0.00,0.00,5.60,11.20,15.60,7.80,-9.20,-4.60,20250105,MKDLOWVBUY,1.71,1.71hrs
14/01/2026 10:31:19,sell,0.10,EURCAD,1.61782,14/01/2026 14:00:48,1.61719,0.00,0.00,6.30,4.54,8.72,12.10,-7.92,-11.00,20250105,MKDLOWVSELL,3.49,3.49hrs
14/01/2026 08:30:12,buy,0.10,GBPCHF,1.07642,14/01/2026 10:31:05,1.07732,0.00,0.00,9.00,11.23,13.72,11.00,-2.00,-1.60,20250105,MKDLOWVBUY,2.01,2.01hrs
14/01/2026 08:00:05,buy,0.10,GBPCAD,1.86599,14/01/2026 09:33:05,1.86668,0.00,0.00,6.90,4.97,7.56,10.50,-4.39,-6.10,20250105,MKDLOWVBUY,1.55,1.55hrs
14/01/2026 01:38:55,sell,0.10,EURCAD,1.61699,14/01/2026 07:00:18,1.61716,0.00,0.00,-1.70,-1.22,2.09,2.90,-5.18,-7.20,20250105,MKDLOWVSELL,5.36,5.36hrs
14/01/2026 02:00:16,sell,0.10,USDCAD,1.38858,14/01/2026 05:50:35,1.38860,0.00,0.00,-0.20,-0.14,0.50,0.70,-9.14,-12.70,20250105,MKDLOWVSELL,3.84,3.84hrs
14/01/2026 03:17:21,sell,0.20,USDCAD,1.38961,14/01/2026 05:50:33,1.38864,0.00,0.00,9.70,13.97,15.85,11.00,-3.45,-2.40,20250105,MKDLOWVSELL,2.55,2.55hrs
13/01/2026 12:57:38,buy,0.10,AUDCAD,0.93002,14/01/2026 04:33:37,0.92926,0.00,0.03,-7.60,-5.44,14.85,20.60,-21.81,-30.30,20250105,MKDLOWVBUY,15.60,15.60hrs
13/01/2026 17:04:27,buy,0.20,AUDCAD,0.92854,14/01/2026 04:33:36,0.92912,0.00,0.05,5.80,8.40,12.86,8.90,-22.32,-15.50,20250105,MKDLOWVBUY,11.49,11.49hrs
13/01/2026 22:45:21,buy,0.10,GBPCAD,1.86528,14/01/2026 02:18:38,1.86454,0.00,0.14,-7.40,-5.19,0.14,0.00,-16.86,-23.60,20250105,MKDLOWVBUY,3.55,3.55hrs
14/01/2026 01:02:38,buy,0.20,GBPCAD,1.86388,14/01/2026 02:18:36,1.86432,0.00,0.00,4.40,6.33,11.37,7.90,-7.20,-5.00,20250105,MKDLOWVBUY,1.27,1.27hrs
13/01/2026 17:01:41,sell,0.10,EURAUD,1.74121,14/01/2026 01:00:04,1.74170,0.00,0.12,-4.90,-3.16,0.59,0.70,-22.77,-34.10,20250105,MKDLOWVSELL,7.97,7.97hrs
13/01/2026 17:04:23,sell,0.20,EURAUD,1.74343,14/01/2026 01:00:02,1.74172,0.00,0.25,17.10,23.12,30.87,22.90,-15.90,-11.90,20250105,MKDLOWVSELL,7.93,7.93hrs
13/01/2026 18:08:05,sell,0.10,USDCAD,1.38843,13/01/2026 22:45:09,1.38852,0.00,0.00,-0.90,-0.65,0.94,1.30,-10.51,-14.60,20250105,MKDLOWVSELL,4.62,4.62hrs
13/01/2026 19:45:08,sell,0.20,USDCAD,1.38959,13/01/2026 22:45:08,1.38852,0.00,0.00,10.70,15.41,18.59,12.90,-4.32,-3.00,20250105,MKDLOWVSELL,3.00,3.00hrs
13/01/2026 20:30:57,sell,0.10,EURCAD,1.61814,13/01/2026 22:43:08,1.61726,0.00,0.00,8.80,6.34,8.07,11.20,-4.53,-6.30,20250105,MKDLOWVSELL,2.20,2.20hrs
13/01/2026 18:27:55,sell,0.10,GBPAUD,2.01160,13/01/2026 18:58:20,2.01025,0.00,0.00,13.50,9.02,9.89,14.80,-2.34,-3.50,20250105,MKDLOWVSELL,0.51,0.51hrs
13/01/2026 17:00:58,buy,0.10,GBPCHF,1.07503,13/01/2026 18:27:23,1.07620,0.00,0.00,11.70,14.59,16.47,13.20,-6.38,-5.10,20250105,MKDLOWVBUY,1.44,1.44hrs
13/01/2026 10:04:15,sell,0.10,USDCAD,1.38792,13/01/2026 12:09:21,1.38777,0.00,0.00,1.50,1.08,4.76,6.60,-6.70,-9.30,20250105,MKDLOWVSELL,2.08,2.08hrs
13/01/2026 06:30:14,buy,0.10,GBPCHF,1.07475,13/01/2026 11:13:41,1.07504,0.00,0.00,2.90,3.64,7.77,6.20,-18.45,-14.70,20250105,MKDLOWVBUY,4.72,4.72hrs
13/01/2026 01:31:08,sell,0.10,USDCAD,1.38763,13/01/2026 05:02:58,1.38754,0.00,0.00,0.90,0.65,2.09,2.90,-6.05,-8.40,20250105,MKDLOWVSELL,3.53,3.53hrs
13/01/2026 00:15:18,buy,0.10,CADJPY,113.98900,13/01/2026 02:51:48,113.98000,0.00,0.00,-0.90,-0.57,0.70,1.10,-12.79,-20.20,20250105,MKDLOWVBUY,2.61,2.61hrs
13/01/2026 01:21:33,buy,0.20,CADJPY,113.83900,13/01/2026 02:51:46,113.98000,0.00,0.00,14.10,17.82,20.35,16.10,-5.57,-4.40,20250105,MKDLOWVBUY,1.50,1.50hrs
13/01/2026 01:00:08,buy,0.10,GBPCAD,1.86855,13/01/2026 02:27:21,1.86873,0.00,0.00,1.80,1.30,3.82,5.30,-7.50,-10.40,20250105,MKDLOWVBUY,1.45,1.45hrs
12/01/2026 21:03:33,sell,0.10,EURGBP,0.86696,12/01/2026 22:39:57,0.86662,0.00,0.00,3.40,4.58,4.98,3.70,-3.23,-2.40,20250105,MKDLOWVSELL,1.61,1.61hrs
12/01/2026 18:18:58,buy,0.10,GBPCHF,1.07285,12/01/2026 22:39:04,1.07342,0.00,0.00,5.70,7.15,10.16,8.10,-6.03,-4.80,20250105,MKDLOWVBUY,4.33,4.33hrs
12/01/2026 20:59:58,buy,0.10,GBPUSD,1.34605,12/01/2026 22:35:35,1.34666,0.00,0.00,6.10,6.10,7.90,7.90,-3.80,-3.80,20250105,MKDLOWVBUY,1.59,1.59hrs
12/01/2026 21:03:28,sell,0.10,USDCAD,1.38784,12/01/2026 22:01:30,1.38727,0.00,0.00,5.70,4.11,6.71,9.30,-1.30,-1.80,20250105,MKDLOWVSELL,0.97,0.97hrs
12/01/2026 17:31:42,buy,0.10,EURJPY,184.40100,12/01/2026 17:59:33,184.51400,0.00,0.00,11.30,7.15,8.23,13.00,-1.65,-2.60,20250105,MKDLOWVBUY,0.46,0.46hrs
09/01/2026 18:34:59,sell,0.10,EURCAD,1.61611,12/01/2026 17:31:37,1.62047,0.00,-0.45,-43.60,-31.88,0.94,1.30,-48.45,-66.60,20250105,MKDLOWVSELL,70.94,2.96days
09/01/2026 20:03:58,sell,0.20,EURCAD,1.61721,12/01/2026 17:31:36,1.62047,0.00,-0.91,-32.60,-47.90,0.38,0.90,-81.05,-55.60,20250105,MKDLOWVSELL,69.46,2.89days
12/01/2026 03:00:20,sell,0.40,EURCAD,1.61966,12/01/2026 17:31:35,1.62047,0.00,0.00,-8.10,-23.35,12.96,4.50,-89.65,-31.10,20250105,MKDLOWVSELL,14.52,14.52hrs
12/01/2026 11:31:49,sell,0.80,EURCAD,1.62222,12/01/2026 17:31:34,1.62045,0.00,0.00,17.70,102.05,121.67,21.10,-28.25,-4.90,20250105,MKDLOWVSELL,6.00,6.00hrs
06/01/2026 10:42:43,buy,0.10,GBPUSD,1.35520,12/01/2026 15:49:57,1.34807,0.00,-1.37,-71.30,-72.67,6.10,6.10,-163.07,-161.70,20250105,MKDLOWVBUY,149.12,6.21days
06/01/2026 11:34:43,buy,0.20,GBPUSD,1.35393,12/01/2026 15:49:56,1.34809,0.00,-2.75,-58.40,-119.55,10.20,5.10,-300.75,-149.00,20250105,MKDLOWVBUY,148.25,6.18days
07/01/2026 10:02:56,buy,0.80,GBPUSD,1.34903,12/01/2026 15:49:55,1.34809,0.00,-9.11,-9.40,-84.31,118.40,14.80,-809.11,-100.00,20250105,MKDLOWVBUY,125.78,5.24days
06/01/2026 14:44:32,buy,0.40,GBPUSD,1.35158,12/01/2026 15:49:55,1.34809,0.00,-5.47,-34.90,-145.07,73.20,18.30,-507.47,-125.50,20250105,MKDLOWVBUY,145.09,6.05days
08/01/2026 03:37:46,buy,1.60,GBPUSD,1.34536,12/01/2026 15:49:53,1.34809,0.00,-7.30,27.30,429.50,499.90,31.70,-1020.10,-63.30,20250105,MKDLOWVBUY,108.20,4.51days
12/01/2026 09:00:47,buy,0.10,CADJPY,113.73800,12/01/2026 12:34:23,113.78600,0.00,0.00,4.80,3.04,4.50,7.10,-4.57,-7.20,20250105,MKDLOWVBUY,3.56,3.56hrs
12/01/2026 04:06:21,buy,0.10,GBPCHF,1.07229,12/01/2026 06:58:03,1.07234,0.00,0.00,0.50,0.63,5.76,4.60,-4.13,-3.30,20250105,MKDLOWVBUY,2.86,2.86hrs
09/01/2026 14:30:39,sell,0.10,EURCAD,1.61543,09/01/2026 16:39:37,1.61507,0.00,0.00,3.60,2.59,6.13,8.50,-13.69,-19.00,20250105,MKDLOWVSELL,2.15,2.15hrs
09/01/2026 15:32:41,sell,0.20,EURCAD,1.61650,09/01/2026 16:39:36,1.61525,0.00,0.00,12.50,18.01,19.60,13.60,-12.68,-8.80,20250105,MKDLOWVSELL,1.12,1.12hrs
09/01/2026 15:49:48,buy,0.10,EURJPY,183.46600,09/01/2026 16:12:18,183.58600,0.00,0.00,12.00,7.61,9.50,15.00,-7.43,-11.70,20250105,MKDLOWVBUY,0.38,0.38hrs
08/01/2026 09:02:06,buy,0.10,NZDCAD,0.79831,09/01/2026 15:48:31,0.79641,0.00,-0.21,-19.00,-13.90,2.59,3.60,-33.00,-45.50,20250105,MKDLOWVBUY,30.77,1.28days
08/01/2026 11:37:35,buy,0.20,NZDCAD,0.79720,09/01/2026 15:48:30,0.79641,0.00,-0.42,-7.90,-11.81,6.63,4.60,-50.00,-34.40,20250105,MKDLOWVBUY,28.18,1.17days
09/01/2026 09:52:33,buy,0.40,NZDCAD,0.79517,09/01/2026 15:48:29,0.79641,0.00,0.00,12.40,35.75,43.83,15.20,-40.65,-14.10,20250105,MKDLOWVBUY,5.93,5.93hrs
08/01/2026 05:01:11,buy,0.10,AUDUSD,0.67128,09/01/2026 15:43:20,0.66982,0.00,-0.17,-14.60,-14.77,1.10,1.10,-43.57,-43.40,20250105,MKDLOWVBUY,34.70,1.45days
08/01/2026 07:35:11,buy,0.20,AUDUSD,0.67025,09/01/2026 15:43:19,0.66980,0.00,-0.33,-4.50,-9.33,2.80,1.40,-66.53,-33.10,20250105,MKDLOWVBUY,32.14,1.34days
09/01/2026 09:52:52,buy,0.40,AUDUSD,0.66815,09/01/2026 15:43:18,0.66980,0.00,0.00,16.50,66.00,74.80,18.70,-48.40,-12.10,20250105,MKDLOWVBUY,5.84,5.84hrs
09/01/2026 00:39:11,sell,0.10,EURCAD,1.61567,09/01/2026 08:00:16,1.61609,0.00,0.00,-4.20,-3.03,0.00,0.00,-12.83,-17.80,20250105,MKDLOWVSELL,7.35,7.35hrs
09/01/2026 05:11:29,sell,0.20,EURCAD,1.61670,09/01/2026 08:00:15,1.61625,0.00,0.00,4.50,6.49,10.96,7.60,-10.81,-7.50,20250105,MKDLOWVSELL,2.81,2.81hrs
08/01/2026 19:32:21,buy,0.10,USDJPY,156.84800,08/01/2026 21:35:11,156.92300,0.00,0.00,7.50,4.78,6.88,10.80,-3.70,-5.80,20250105,MKDLOWVBUY,2.05,2.05hrs
08/01/2026 15:00:09,buy,0.10,EURJPY,182.95000,08/01/2026 16:01:46,183.09200,0.00,0.00,14.20,9.04,9.24,14.50,-1.98,-3.10,20250105,MKDLOWVBUY,1.03,1.03hrs
07/01/2026 17:08:26,sell,0.10,EURCAD,1.61486,08/01/2026 15:38:53,1.61737,0.00,-1.37,-25.10,-19.48,9.27,12.80,-46.98,-63.30,20250105,MKDLOWVSELL,22.51,22.51hrs
07/01/2026 18:58:22,sell,0.20,EURCAD,1.61656,08/01/2026 15:38:52,1.61737,0.00,-2.74,-8.10,-14.43,8.82,6.10,-69.46,-46.30,20250105,MKDLOWVSELL,20.68,20.68hrs
08/01/2026 04:37:52,sell,0.40,EURCAD,1.61875,08/01/2026 15:38:51,1.61741,0.00,0.00,13.40,38.67,53.97,18.70,-70.32,-24.40,20250105,MKDLOWVSELL,11.02,11.02hrs
08/01/2026 08:10:50,buy,0.20,EURJPY,182.96800,08/01/2026 11:30:38,182.95000,0.00,0.00,-1.80,-2.30,6.77,5.30,-32.97,-25.80,20250105,MKDLOWVBUY,3.33,3.33hrs
08/01/2026 06:00:14,buy,0.10,EURJPY,183.08700,08/01/2026 11:30:38,182.95000,0.00,0.00,-13.70,-8.74,0.19,0.30,-24.09,-37.70,20250105,MKDLOWVBUY,5.51,5.51hrs
08/01/2026 10:00:24,buy,0.40,EURJPY,182.75600,08/01/2026 11:30:36,182.93700,0.00,0.00,18.10,46.20,50.29,19.70,-11.76,-4.60,20250105,MKDLOWVBUY,1.50,1.50hrs
07/01/2026 22:40:39,sell,0.20,GBPCAD,1.86486,08/01/2026 10:01:49,1.86534,0.00,-7.27,-4.80,-14.19,6.30,9.40,-44.02,-25.50,20250105,MKDLOWVSELL,11.35,11.35hrs
07/01/2026 21:00:04,sell,0.10,GBPCAD,1.86364,08/01/2026 10:01:49,1.86534,0.00,-3.63,-17.00,-15.88,1.88,2.60,-30.79,-37.70,20250105,MKDLOWVSELL,13.03,13.03hrs
08/01/2026 08:15:54,sell,0.40,GBPCAD,1.86690,08/01/2026 10:01:48,1.86530,0.00,0.00,16.00,46.11,54.47,18.90,-14.70,-5.10,20250105,MKDLOWVSELL,1.76,1.76hrs
08/01/2026 05:03:47,buy,0.10,AUDNZD,1.16425,08/01/2026 09:00:05,1.16362,0.00,0.00,-6.30,-3.63,0.00,0.00,-9.10,-15.80,20250105,MKDLOWVBUY,3.94,3.94hrs
08/01/2026 08:05:46,buy,0.20,AUDNZD,1.16320,08/01/2026 09:00:04,1.16343,0.00,0.00,2.30,2.65,6.45,5.60,-6.10,-5.30,20250105,MKDLOWVBUY,0.91,0.91hrs
07/01/2026 12:59:15,buy,0.10,AUDNZD,1.16421,07/01/2026 16:30:20,1.16396,0.00,0.00,-2.50,-1.45,1.56,2.70,-7.47,-12.90,20250105,MKDLOWVBUY,3.52,3.52hrs
07/01/2026 15:32:31,buy,0.20,AUDNZD,1.16314,07/01/2026 16:30:19,1.16396,0.00,0.00,8.20,9.49,15.51,13.40,-2.55,-2.20,20250105,MKDLOWVBUY,0.96,0.96hrs
06/01/2026 20:00:06,sell,0.10,USDCAD,1.37895,07/01/2026 12:55:21,1.38097,0.00,-0.76,-20.20,-15.39,0.15,0.20,-28.39,-38.20,20250105,MKDLOWVSELL,16.92,16.92hrs
06/01/2026 21:07:26,sell,0.20,USDCAD,1.38020,07/01/2026 12:55:20,1.38097,0.00,-1.52,-7.70,-12.67,0.00,0.00,-38.69,-25.70,20250105,MKDLOWVSELL,15.80,15.80hrs
07/01/2026 02:30:11,sell,0.40,USDCAD,1.38216,07/01/2026 12:55:19,1.38097,0.00,0.00,11.90,34.47,44.04,15.20,-17.65,-6.10,20250105,MKDLOWVSELL,10.42,10.42hrs
07/01/2026 09:00:03,buy,0.10,CADJPY,113.18900,07/01/2026 11:05:53,113.28900,0.00,0.00,10.00,6.39,8.30,13.00,-4.41,-6.90,20250105,MKDLOWVBUY,2.10,2.10hrs
06/01/2026 10:30:11,buy,0.10,NZDJPY,90.68600,07/01/2026 03:31:14,90.62600,0.00,0.02,-6.00,-3.81,0.02,0.00,-19.34,-30.30,20250105,MKDLOWVBUY,17.02,17.02hrs
06/01/2026 11:05:04,buy,0.20,NZDJPY,90.57500,07/01/2026 03:31:12,90.62400,0.00,0.05,4.90,6.30,11.66,9.10,-24.51,-19.20,20250105,MKDLOWVBUY,16.44,16.44hrs
06/01/2026 21:30:59,buy,0.10,EURJPY,183.12800,07/01/2026 02:02:21,183.15400,0.00,0.00,2.60,1.66,4.47,7.00,-12.32,-19.30,20250105,MKDLOWVBUY,4.52,4.52hrs
06/01/2026 22:00:21,buy,0.10,AUDNZD,1.16446,07/01/2026 01:54:15,1.16479,0.00,-0.01,3.30,1.90,4.33,7.50,-13.83,-23.90,20250105,MKDLOWVBUY,3.90,3.90hrs
06/01/2026 10:55:38,buy,0.10,EURJPY,183.39200,06/01/2026 20:06:29,183.31900,0.00,0.00,-7.30,-4.66,0.00,0.00,-24.46,-38.30,20250105,MKDLOWVBUY,9.18,9.18hrs
06/01/2026 11:07:21,buy,0.20,EURJPY,183.19300,06/01/2026 20:06:27,183.32600,0.00,0.00,13.30,16.97,24.12,18.90,-23.50,-18.40,20250105,MKDLOWVBUY,8.98,8.98hrs
05/01/2026 17:54:44,sell,0.20,EURUSD,1.16986,06/01/2026 14:32:30,1.17079,0.00,0.50,-9.30,-18.10,0.50,0.00,-89.50,-45.00,20250105,MKDLOWVSELL,20.63,20.63hrs
05/01/2026 17:00:52,sell,0.10,EURUSD,1.16878,06/01/2026 14:32:30,1.17079,0.00,0.25,-20.10,-19.85,0.25,0.00,-55.55,-55.80,20250105,MKDLOWVSELL,21.53,21.53hrs
05/01/2026 20:39:06,sell,0.40,EURUSD,1.17208,06/01/2026 14:32:28,1.17079,0.00,1.00,12.90,52.60,61.80,15.20,-90.20,-22.80,20250105,MKDLOWVSELL,17.89,17.89hrs
06/01/2026 10:00:15,buy,0.10,EURJPY,183.37100,06/01/2026 10:50:57,183.42500,0.00,0.00,5.40,3.46,3.77,5.90,-8.58,-13.40,20250105,MKDLOWVBUY,0.84,0.84hrs
06/01/2026 10:09:22,buy,0.20,EURJPY,183.27100,06/01/2026 10:50:56,183.41200,0.00,0.00,14.10,18.04,19.83,15.50,-2.56,-2.00,20250105,MKDLOWVBUY,0.69,0.69hrs
05/01/2026 19:23:37,sell,0.10,EURCAD,1.61191,06/01/2026 10:01:43,1.61392,0.00,-0.46,-20.10,-15.07,1.16,1.60,-26.47,-35.80,20250105,MKDLOWVSELL,14.63,14.63hrs
05/01/2026 21:00:07,sell,0.20,EURCAD,1.61316,06/01/2026 10:01:42,1.61392,0.00,-0.92,-7.60,-11.97,3.34,2.30,-34.78,-23.30,20250105,MKDLOWVSELL,13.03,13.03hrs
06/01/2026 05:39:22,sell,0.40,EURCAD,1.61516,06/01/2026 10:01:41,1.61412,0.00,0.00,10.40,30.22,34.01,11.70,-9.59,-3.30,20250105,MKDLOWVSELL,4.37,4.37hrs
06/01/2026 05:20:12,buy,0.10,CADJPY,113.62400,06/01/2026 08:02:36,113.62400,0.00,0.00,0.00,0.00,2.17,3.40,-7.87,-12.30,20250105,MKDLOWVBUY,2.71,2.71hrs
06/01/2026 03:31:09,buy,0.10,AUDJPY,105.06600,06/01/2026 06:51:49,105.15300,0.00,0.00,8.70,5.56,7.42,11.60,-4.02,-6.30,20250105,MKDLOWVBUY,3.34,3.34hrs
06/01/2026 04:44:29,buy,0.10,EURJPY,183.38400,06/01/2026 05:15:38,183.52200,0.00,0.00,13.80,8.82,10.29,16.10,-1.15,-1.80,20250105,MKDLOWVBUY,0.52,0.52hrs
06/01/2026 00:33:53,buy,0.10,AUDUSD,0.67159,06/01/2026 04:04:59,0.67156,0.00,0.00,-0.30,-0.30,2.80,2.80,-13.40,-13.40,20250105,MKDLOWVBUY,3.52,3.52hrs
05/01/2026 20:58:43,sell,0.10,GBPNZD,2.33862,06/01/2026 02:56:46,2.33864,0.00,-1.08,-0.20,-1.20,1.64,4.70,-19.07,-31.10,20250105,MKDLOWVSELL,5.97,5.97hrs
06/01/2026 02:13:17,sell,0.20,GBPNZD,2.33962,06/01/2026 02:56:45,2.33864,0.00,0.00,9.80,11.34,17.01,14.70,-3.01,-2.60,20250105,MKDLOWVSELL,0.72,0.72hrs
05/01/2026 20:58:59,buy,0.10,AUDJPY,104.86400,05/01/2026 22:59:36,104.98000,0.00,0.00,11.60,7.43,8.70,13.60,-3.84,-6.00,20250105,MKDLOWVBUY,2.01,2.01hrs
05/01/2026 08:32:09,buy,0.20,CADJPY,114.10400,05/01/2026 17:48:27,113.87700,0.00,0.00,-22.70,-28.99,0.25,0.20,-66.29,-52.00,20250105,MKDLOWVBUY,9.27,9.27hrs
05/01/2026 06:01:54,buy,0.10,CADJPY,114.22500,05/01/2026 17:48:27,113.87700,0.00,0.00,-34.80,-22.22,0.45,0.70,-40.86,-64.10,20250105,MKDLOWVBUY,11.78,11.78hrs
05/01/2026 10:18:48,buy,0.40,CADJPY,113.89700,05/01/2026 17:48:26,113.87700,0.00,0.00,-2.00,-5.11,7.65,3.00,-79.81,-31.30,20250105,MKDLOWVBUY,7.49,7.49hrs
05/01/2026 15:19:30,buy,0.80,CADJPY,113.63000,05/01/2026 17:48:25,113.86700,0.00,0.00,23.70,121.07,128.22,25.10,-23.46,-4.60,20250105,MKDLOWVBUY,2.48,2.48hrs
05/01/2026 16:52:23,sell,0.10,EURCAD,1.61121,05/01/2026 17:14:54,1.60994,0.00,0.00,12.70,9.22,9.23,12.70,-3.63,-5.00,20250105,MKDLOWVSELL,0.38,0.38hrs
05/01/2026 15:30:10,sell,0.10,EURCAD,1.61051,05/01/2026 16:31:20,1.60922,0.00,0.00,12.90,9.36,10.23,14.10,-8.12,-11.20,20250105,MKDLOWVSELL,1.02,1.02hrs
05/01/2026 15:32:05,buy,0.10,GBPJPY,210.75700,05/01/2026 15:52:16,210.87800,0.00,0.00,12.10,7.71,9.11,14.30,-2.42,-3.80,20250105,MKDLOWVBUY,0.34,0.34hrs
05/01/2026 04:08:19,sell,0.10,USDCAD,1.37522,05/01/2026 12:49:20,1.37689,0.00,0.00,-16.70,-12.13,2.84,3.90,-26.91,-37.10,20250105,MKDLOWVSELL,8.68,8.68hrs
05/01/2026 05:28:53,sell,0.20,USDCAD,1.37650,05/01/2026 12:49:19,1.37690,0.00,0.00,-4.00,-5.81,0.00,0.00,-35.25,-24.30,20250105,MKDLOWVSELL,7.34,7.34hrs
05/01/2026 11:14:06,sell,0.40,USDCAD,1.37866,05/01/2026 12:49:18,1.37689,0.00,0.00,17.70,51.42,55.21,19.00,-6.09,-2.10,20250105,MKDLOWVSELL,1.59,1.59hrs
05/01/2026 09:33:11,buy,0.20,GBPJPY,210.86100,05/01/2026 11:49:57,210.86500,0.00,0.00,0.40,0.51,4.20,3.30,-45.78,-35.90,20250105,MKDLOWVBUY,2.28,2.28hrs
05/01/2026 09:01:17,buy,0.10,GBPJPY,210.97100,05/01/2026 11:49:57,210.86500,0.00,0.00,-10.60,-6.75,0.38,0.60,-29.91,-46.90,20250105,MKDLOWVBUY,2.81,2.81hrs
05/01/2026 10:06:32,buy,0.40,GBPJPY,210.65500,05/01/2026 11:49:56,210.86600,0.00,0.00,21.10,53.76,60.90,23.90,-39.03,-15.30,20250105,MKDLOWVBUY,1.72,1.72hrs
05/01/2026 01:01:01,buy,0.10,GBPUSD,1.34544,05/01/2026 08:36:37,1.34310,0.00,0.00,-23.40,-23.40,1.50,1.50,-41.10,-41.10,20250105,MKDLOWVBUY,7.59,7.59hrs
05/01/2026 01:44:21,buy,0.20,GBPUSD,1.34408,05/01/2026 08:36:36,1.34314,0.00,0.00,-9.40,-18.80,14.80,7.40,-55.00,-27.50,20250105,MKDLOWVBUY,6.87,6.87hrs
05/01/2026 05:25:42,buy,0.40,GBPUSD,1.34201,05/01/2026 08:36:35,1.34310,0.00,0.00,10.90,43.60,56.80,14.20,-27.20,-6.80,20250105,MKDLOWVBUY,3.18,3.18hrs
05/01/2026 06:31:49,buy,0.10,AUDUSD,0.66676,05/01/2026 08:36:15,0.66784,0.00,0.00,10.80,10.80,12.20,12.20,-1.50,-1.50,20250105,MKDLOWVBUY,2.07,2.07hrs
05/01/2026 00:38:27,buy,0.10,CADJPY,114.15000,05/01/2026 02:01:45,114.23100,0.00,0.00,8.10,5.15,7.70,12.10,-10.98,-17.20,20250105,MKDLOWVBUY,1.39,1.39hrs
02/01/2026 23:30:52,buy,0.10,CHFJPY,198.01900,05/01/2026 02:01:29,198.00200,0.00,-0.69,-1.70,-1.77,0.00,0.90,-30.56,-46.80,20250105,MKDLOWVBUY,50.51,2.10days
05/01/2026 01:00:25,buy,0.20,CHFJPY,197.78500,05/01/2026 02:01:28,198.00700,0.00,0.00,22.20,28.27,30.94,24.30,-29.86,-23.40,20250105,MKDLOWVBUY,1.02,1.02hrs
02/01/2026 20:17:23,buy,0.10,GBPUSD,1.34579,02/01/2026 23:37:45,1.34630,0.00,0.00,5.10,5.10,8.80,8.80,-12.20,-12.20,20250105,MKDLOWVBUY,3.34,3.34hrs
02/01/2026 20:58:45,sell,0.10,USDCAD,1.37450,02/01/2026 22:54:31,1.37337,0.00,0.00,11.30,8.23,9.47,13.00,-1.60,-2.20,20250105,MKDLOWVSELL,1.93,1.93hrs
02/01/2026 11:15:55,buy,0.10,CADJPY,114.36500,02/01/2026 21:08:30,114.18100,0.00,0.00,-18.40,-11.73,0.00,0.00,-23.62,-37.00,20250105,MKDLOWVBUY,9.88,9.88hrs
02/01/2026 15:05:58,buy,0.20,CADJPY,114.25000,02/01/2026 21:08:29,114.17800,0.00,0.00,-7.20,-9.18,7.65,6.00,-32.56,-25.50,20250105,MKDLOWVBUY,6.04,6.04hrs
02/01/2026 17:06:28,buy,0.40,CADJPY,114.02600,02/01/2026 21:08:28,114.17900,0.00,0.00,15.30,39.01,45.94,18.00,-4.34,-1.70,20250105,MKDLOWVBUY,4.03,4.03hrs
02/01/2026 15:59:18,sell,0.20,EURCAD,1.61033,02/01/2026 20:42:17,1.61068,0.00,0.00,-3.50,-5.09,2.48,1.70,-42.52,-29.20,20250105,MKDLOWVSELL,4.72,4.72hrs
02/01/2026 14:30:31,sell,0.10,EURCAD,1.60925,02/01/2026 20:42:17,1.61068,0.00,0.00,-14.30,-10.40,0.36,0.50,-29.13,-40.00,20250105,MKDLOWVSELL,6.20,6.20hrs
02/01/2026 17:55:54,sell,0.40,EURCAD,1.61251,02/01/2026 20:42:15,1.61069,0.00,0.00,18.20,52.97,57.63,19.80,-21.55,-7.40,20250105,MKDLOWVSELL,2.77,2.77hrs
02/01/2026 17:50:40,buy,0.10,USDCHF,0.79094,02/01/2026 20:09:57,0.79204,0.00,0.00,11.00,13.89,15.53,12.30,-11.39,-9.00,20250105,MKDLOWVBUY,2.32,2.32hrs
02/01/2026 17:53:03,buy,0.10,EURCHF,0.92850,02/01/2026 19:48:38,0.92896,0.00,0.00,4.60,5.81,10.86,8.60,-2.91,-2.30,20250105,MKDLOWVBUY,1.93,1.93hrs
02/01/2026 14:01:31,buy,0.10,GBPUSD,1.34416,02/01/2026 15:20:05,1.34564,0.00,0.00,14.80,14.80,15.90,15.90,-6.40,-6.40,20250105,MKDLOWVBUY,1.31,1.31hrs
02/01/2026 10:30:05,sell,0.10,AUDCAD,0.91886,02/01/2026 14:01:03,0.91869,0.00,0.00,1.70,1.24,5.90,8.10,-7.07,-9.70,20250105,MKDLOWVSELL,3.52,3.52hrs
02/01/2026 10:18:31,buy,0.10,CHFJPY,197.82200,02/01/2026 13:49:43,197.81700,0.00,0.00,-0.50,-0.32,5.23,8.20,-19.07,-29.90,20250105,MKDLOWVBUY,3.52,3.52hrs
02/01/2026 12:30:03,buy,0.20,CHFJPY,197.58000,02/01/2026 13:49:42,197.78600,0.00,0.00,20.60,26.26,29.70,23.30,-6.38,-5.00,20250105,MKDLOWVBUY,1.33,1.33hrs
02/01/2026 07:30:52,buy,0.10,CHFJPY,198.04100,02/01/2026 10:12:19,197.92200,0.00,0.00,-11.90,-7.58,0.00,0.00,-30.66,-48.10,20250105,MKDLOWVBUY,2.69,2.69hrs
02/01/2026 09:14:20,buy,0.20,CHFJPY,197.90700,02/01/2026 10:12:18,197.92300,0.00,0.00,1.60,2.04,2.68,2.10,-44.24,-34.70,20250105,MKDLOWVBUY,0.97,0.97hrs
02/01/2026 09:32:18,buy,0.40,CHFJPY,197.67200,02/01/2026 10:12:17,197.92300,0.00,0.00,25.10,63.95,65.23,25.60,-28.56,-11.20,20250105,MKDLOWVBUY,0.67,0.67hrs
02/01/2026 02:55:42,sell,0.10,AUDCAD,0.91651,02/01/2026 09:25:50,0.91723,0.00,0.00,-7.20,-5.25,0.00,0.00,-18.59,-25.50,20250105,MKDLOWVSELL,6.50,6.50hrs
02/01/2026 04:59:01,sell,0.20,AUDCAD,0.91760,02/01/2026 09:25:49,0.91735,0.00,0.00,2.50,3.65,6.86,4.70,-21.29,-14.60,20250105,MKDLOWVSELL,4.45,4.45hrs
31/12/2025 20:37:19,sell,0.20,EURCAD,1.61051,02/01/2026 08:06:03,1.61181,0.00,0.00,-13.00,-18.95,4.23,2.90,-41.11,-28.20,20250105,MKDLOWVSELL,35.48,1.48days
31/12/2025 18:39:50,sell,0.10,EURCAD,1.60950,02/01/2026 08:06:03,1.61181,0.00,0.00,-23.10,-16.83,7.00,9.60,-27.92,-38.30,20250105,MKDLOWVSELL,37.44,1.56days
31/12/2025 22:59:47,sell,0.40,EURCAD,1.61282,02/01/2026 08:06:01,1.61181,0.00,0.00,10.10,29.45,36.16,12.40,-14.87,-5.10,20250105,MKDLOWVSELL,33.10,1.38days
31/12/2025 22:30:32,buy,0.10,AUDJPY,104.55800,02/01/2026 01:47:43,104.69200,0.00,0.00,13.40,8.55,11.80,18.50,-10.66,-16.70,20250105,MKDLOWVBUY,27.29,1.14days
31/12/2025 17:49:57,buy,0.10,AUDUSD,0.66618,31/12/2025 20:01:16,0.66722,0.00,0.00,10.40,10.40,11.60,11.60,-2.80,-2.80,20250105,MKDLOWVBUY,2.19,2.19hrs
31/12/2025 17:55:43,buy,0.10,AUDJPY,104.50900,31/12/2025 20:00:27,104.63500,0.00,0.00,12.60,8.04,8.99,14.10,-3.26,-5.10,20250105,MKDLOWVBUY,2.08,2.08hrs
31/12/2025 17:30:20,sell,0.10,EURAUD,1.75938,31/12/2025 19:36:04,1.75916,0.00,0.00,2.20,1.47,3.14,4.70,-15.00,-22.50,20250105,MKDLOWVSELL,2.10,2.10hrs
31/12/2025 17:47:44,sell,0.20,EURAUD,1.76047,31/12/2025 19:36:03,1.75916,0.00,0.00,13.10,17.48,20.81,15.60,-15.47,-11.60,20250105,MKDLOWVSELL,1.81,1.81hrs
31/12/2025 18:07:25,sell,0.10,EURCAD,1.61070,31/12/2025 18:37:23,1.60958,0.00,0.00,11.20,8.16,9.77,13.40,-2.84,-3.90,20250105,MKDLOWVSELL,0.50,0.50hrs
31/12/2025 14:45:06,sell,0.10,EURAUD,1.75798,31/12/2025 15:47:45,1.75730,0.00,0.00,6.80,4.54,5.48,8.20,-9.89,-14.80,20250105,MKDLOWVSELL,1.04,1.04hrs
31/12/2025 15:26:14,sell,0.20,EURAUD,1.75900,31/12/2025 15:47:44,1.75725,0.00,0.00,17.50,23.39,24.59,18.40,-6.42,-4.80,20250105,MKDLOWVSELL,0.36,0.36hrs
30/12/2025 15:42:14,buy,0.20,GBPUSD,1.34903,31/12/2025 14:52:44,1.34665,0.00,-1.38,-23.80,-48.98,12.00,6.00,-131.58,-65.10,20250105,MKDLOWVBUY,23.18,23.18hrs
30/12/2025 14:02:50,buy,0.10,GBPUSD,1.35031,31/12/2025 14:52:44,1.34664,0.00,-0.69,-36.70,-37.39,4.60,4.60,-78.59,-77.90,20250105,MKDLOWVBUY,24.83,1.03days
30/12/2025 17:10:29,buy,0.40,GBPUSD,1.34687,31/12/2025 14:52:43,1.34667,0.00,-2.75,-2.00,-10.75,56.80,14.20,-176.75,-43.50,20250105,MKDLOWVBUY,21.70,21.70hrs
31/12/2025 10:37:03,buy,0.80,GBPUSD,1.34426,31/12/2025 14:52:42,1.34668,0.00,0.00,24.20,193.60,200.80,25.10,-139.20,-17.40,20250105,MKDLOWVBUY,4.26,4.26hrs
31/12/2025 10:40:47,buy,0.10,AUDJPY,104.63100,31/12/2025 13:34:28,104.71800,0.00,0.00,8.70,5.56,7.66,12.00,-4.92,-7.70,20250105,MKDLOWVBUY,2.89,2.89hrs
31/12/2025 12:48:05,sell,0.10,EURAUD,1.75721,31/12/2025 13:07:13,1.75666,0.00,0.00,5.50,3.67,3.74,5.60,-9.15,-13.70,20250105,MKDLOWVSELL,0.32,0.32hrs
31/12/2025 12:55:20,sell,0.20,EURAUD,1.75821,31/12/2025 13:07:12,1.75693,0.00,0.00,12.80,17.11,20.85,15.60,-4.67,-3.50,20250105,MKDLOWVSELL,0.20,0.20hrs
31/12/2025 10:00:07,buy,0.10,GBPJPY,210.69900,31/12/2025 13:02:02,210.56100,0.00,0.00,-13.80,-8.80,7.86,12.30,-28.68,-44.90,20250105,MKDLOWVBUY,3.03,3.03hrs
31/12/2025 10:25:49,buy,0.20,GBPJPY,210.58100,31/12/2025 13:02:01,210.56400,0.00,0.00,-1.70,-2.17,0.00,0.00,-42.28,-33.10,20250105,MKDLOWVBUY,2.60,2.60hrs
31/12/2025 10:40:50,buy,0.40,GBPJPY,210.37700,31/12/2025 13:02:00,210.56200,0.00,0.00,18.50,47.24,51.58,20.20,-32.44,-12.70,20250105,MKDLOWVBUY,2.35,2.35hrs
31/12/2025 10:00:13,buy,0.10,CHFJPY,197.41900,31/12/2025 12:28:08,197.47800,0.00,0.00,5.90,3.77,4.40,6.90,-17.95,-28.10,20250105,MKDLOWVBUY,2.47,2.47hrs
31/12/2025 10:27:53,buy,0.20,CHFJPY,197.30100,31/12/2025 12:28:07,197.47800,0.00,0.00,17.70,22.59,23.87,18.70,-20.82,-16.30,20250105,MKDLOWVBUY,2.00,2.00hrs
31/12/2025 07:17:53,sell,0.10,GBPAUD,2.01171,31/12/2025 10:39:56,2.01157,0.00,0.00,1.40,0.94,2.54,3.80,-15.24,-22.80,20250105,MKDLOWVSELL,3.37,3.37hrs
31/12/2025 09:20:25,sell,0.20,GBPAUD,2.01282,31/12/2025 10:39:55,2.01158,0.00,0.00,12.40,16.57,19.91,14.90,-15.64,-11.70,20250105,MKDLOWVSELL,1.32,1.32hrs
30/12/2025 20:56:43,buy,0.10,EURJPY,183.85200,31/12/2025 06:00:42,183.77400,0.00,0.00,-7.80,-4.98,2.43,3.80,-18.68,-29.20,20250105,MKDLOWVBUY,9.07,9.07hrs
31/12/2025 01:03:03,buy,0.20,EURJPY,183.71600,31/12/2025 06:00:41,183.76000,0.00,0.00,4.40,5.63,9.20,7.20,-10.11,-7.90,20250105,MKDLOWVBUY,4.96,4.96hrs
31/12/2025 00:18:41,buy,0.10,CADCHF,0.57837,31/12/2025 04:27:57,0.57834,0.00,0.00,-0.30,-0.37,1.64,1.30,-9.86,-7.80,20250105,MKDLOWVBUY,4.15,4.15hrs
30/12/2025 10:00:59,buy,0.10,AUDUSD,0.67076,30/12/2025 19:03:38,0.67001,0.00,0.00,-7.50,-7.50,3.80,3.80,-20.30,-20.30,20250105,MKDLOWVBUY,9.04,9.04hrs
30/12/2025 15:56:22,buy,0.20,AUDUSD,0.66962,30/12/2025 19:03:37,0.67000,0.00,0.00,3.80,7.60,11.80,5.90,-17.80,-8.90,20250105,MKDLOWVBUY,3.12,3.12hrs
29/12/2025 20:31:54,sell,0.10,GBPCAD,1.84710,30/12/2025 15:06:58,1.84855,0.00,-2.99,-14.50,-13.58,3.95,5.40,-33.68,-42.00,20250105,MKDLOWVSELL,18.58,18.58hrs
29/12/2025 22:01:20,sell,0.20,GBPCAD,1.84819,30/12/2025 15:06:57,1.84855,0.00,-5.99,-3.60,-11.25,5.70,8.00,-51.44,-31.10,20250105,MKDLOWVSELL,17.09,17.09hrs
30/12/2025 12:33:06,sell,0.40,GBPCAD,1.85027,30/12/2025 15:06:56,1.84865,0.00,0.00,16.20,47.30,63.67,21.80,-30.11,-10.30,20250105,MKDLOWVSELL,2.56,2.56hrs
30/12/2025 13:02:19,buy,0.10,USDCHF,0.78843,30/12/2025 14:46:11,0.78959,0.00,0.00,11.60,14.69,16.46,13.00,-4.31,-3.40,20250105,MKDLOWVBUY,1.73,1.73hrs
30/12/2025 10:00:30,buy,0.10,GBPUSD,1.35089,30/12/2025 12:02:00,1.35156,0.00,0.00,6.70,6.70,9.30,9.30,-4.70,-4.70,20250105,MKDLOWVBUY,2.02,2.02hrs
30/12/2025 09:14:04,buy,0.20,EURJPY,183.73100,30/12/2025 11:38:39,183.69000,0.00,0.00,-4.10,-5.26,0.26,0.20,-35.03,-27.30,20250105,MKDLOWVBUY,2.41,2.41hrs
30/12/2025 07:00:11,buy,0.10,EURJPY,183.84300,30/12/2025 11:38:39,183.68900,0.00,0.00,-15.40,-9.88,1.92,3.00,-24.70,-38.50,20250105,MKDLOWVBUY,4.64,4.64hrs
30/12/2025 10:05:48,buy,0.40,EURJPY,183.49200,30/12/2025 11:38:37,183.68900,0.00,0.00,19.70,50.53,55.14,21.50,-8.72,-3.40,20250105,MKDLOWVBUY,1.55,1.55hrs
29/12/2025 21:30:32,sell,0.10,EURCAD,1.61005,30/12/2025 09:38:12,1.61043,0.00,-0.82,-3.80,-3.60,1.24,1.70,-19.00,-24.90,20250105,MKDLOWVSELL,12.13,12.13hrs
29/12/2025 22:56:30,sell,0.20,EURCAD,1.61140,30/12/2025 09:38:10,1.61044,0.00,-1.64,9.60,12.39,16.34,12.30,-18.29,-11.40,20250105,MKDLOWVSELL,10.69,10.69hrs
29/12/2025 08:59:19,buy,0.10,AUDUSD,0.67154,30/12/2025 07:29:33,0.67119,0.00,-0.54,-3.50,-4.04,5.60,5.60,-32.90,-32.90,20250105,MKDLOWVBUY,22.50,22.50hrs
29/12/2025 10:08:40,buy,0.20,AUDUSD,0.67025,30/12/2025 07:29:32,0.67120,0.00,-1.07,9.50,17.93,22.53,11.80,-40.00,-20.00,20250105,MKDLOWVBUY,21.35,21.35hrs
30/12/2025 03:30:48,buy,0.10,GBPUSD,1.35004,30/12/2025 07:06:20,1.35110,0.00,0.00,10.60,10.60,11.90,11.90,-1.70,-1.70,20250105,MKDLOWVBUY,3.59,3.59hrs
30/12/2025 02:55:37,sell,0.10,EURGBP,0.87190,30/12/2025 06:40:50,0.87171,0.00,0.00,1.90,2.57,4.32,3.20,-4.18,-3.10,20250105,MKDLOWVSELL,3.75,3.75hrs
29/12/2025 22:09:55,buy,0.10,USDCHF,0.78958,30/12/2025 04:35:57,0.78899,0.00,1.63,-5.90,-5.85,3.29,2.60,-27.07,-22.60,20250105,MKDLOWVBUY,6.43,6.43hrs
30/12/2025 02:19:20,buy,0.20,USDCHF,0.78854,30/12/2025 04:35:56,0.78899,0.00,0.00,4.50,11.41,15.46,6.10,-5.33,-2.10,20250105,MKDLOWVBUY,2.28,2.28hrs
29/12/2025 22:34:53,buy,0.10,USDJPY,156.05900,30/12/2025 01:30:14,156.10000,0.00,1.35,4.10,3.98,5.90,7.10,-6.54,-12.30,20250105,MKDLOWVBUY,2.92,2.92hrs
29/12/2025 19:09:34,buy,0.10,GBPUSD,1.34911,29/12/2025 21:40:35,1.35015,0.00,0.00,10.40,10.40,12.70,12.70,-10.10,-10.10,20250105,MKDLOWVBUY,2.52,2.52hrs
29/12/2025 19:31:27,buy,0.10,CHFJPY,197.70100,29/12/2025 21:30:48,197.75200,0.00,0.00,5.10,3.26,5.38,8.40,-8.52,-13.30,20250105,MKDLOWVBUY,1.99,1.99hrs
29/12/2025 17:54:31,buy,0.10,USDJPY,156.03100,29/12/2025 19:27:10,156.14000,0.00,0.00,10.90,6.98,8.01,12.50,-7.76,-12.10,20250105,MKDLOWVBUY,1.54,1.54hrs
29/12/2025 17:00:08,buy,0.10,GBPCHF,1.06478,29/12/2025 18:46:43,1.06591,0.00,0.00,11.30,14.31,17.60,13.90,-8.75,-6.90,20250105,MKDLOWVBUY,1.78,1.78hrs
29/12/2025 17:50:18,sell,0.10,GBPCAD,1.84695,29/12/2025 17:56:43,1.84563,0.00,0.00,13.20,9.65,10.82,14.80,-2.27,-3.10,20250105,MKDLOWVSELL,0.11,0.11hrs
29/12/2025 17:01:12,sell,0.10,EURCAD,1.61165,29/12/2025 17:48:00,1.61122,0.00,0.00,4.30,3.14,3.66,5.00,-15.04,-20.60,20250105,MKDLOWVSELL,0.78,0.78hrs
29/12/2025 17:07:52,sell,0.20,EURCAD,1.61261,29/12/2025 17:47:59,1.61124,0.00,0.00,13.70,20.03,20.18,13.80,-16.06,-11.00,20250105,MKDLOWVSELL,0.67,0.67hrs
29/12/2025 17:10:10,buy,0.10,USDJPY,156.14100,29/12/2025 17:34:14,156.26600,0.00,0.00,12.50,8.00,9.34,14.60,-4.04,-6.30,20250105,MKDLOWVBUY,0.40,0.40hrs
29/12/2025 16:30:54,buy,0.10,USDJPY,156.15800,29/12/2025 17:02:43,156.22500,0.00,0.00,6.70,4.29,5.25,8.20,-10.00,-15.60,20250105,MKDLOWVBUY,0.53,0.53hrs
29/12/2025 16:40:55,buy,0.20,USDJPY,156.04500,29/12/2025 17:02:42,156.22500,0.00,0.00,18.00,23.04,24.96,19.50,-5.38,-4.20,20250105,MKDLOWVBUY,0.36,0.36hrs
29/12/2025 15:00:18,buy,0.10,EURJPY,183.92000,29/12/2025 16:28:28,183.95800,0.00,0.00,3.80,2.43,4.92,7.70,-8.07,-12.60,20250105,MKDLOWVBUY,1.47,1.47hrs
29/12/2025 16:07:06,buy,0.20,EURJPY,183.81800,29/12/2025 16:28:27,183.95200,0.00,0.00,13.40,17.16,20.88,16.30,-2.69,-2.10,20250105,MKDLOWVBUY,0.36,0.36hrs
29/12/2025 13:01:37,buy,0.10,EURUSD,1.17650,29/12/2025 16:27:37,1.17759,0.00,0.00,10.90,10.90,12.20,12.20,-10.10,-10.10,20250105,MKDLOWVBUY,3.43,3.43hrs
29/12/2025 15:36:45,buy,0.10,GBPCHF,1.06514,29/12/2025 16:13:18,1.06633,0.00,0.00,11.90,15.07,17.59,13.90,-7.60,-6.00,20250105,MKDLOWVBUY,0.61,0.61hrs
29/12/2025 12:31:04,sell,0.10,GBPAUD,2.01440,29/12/2025 14:05:53,2.01414,0.00,0.00,2.60,1.74,3.01,4.50,-18.28,-27.30,20250105,MKDLOWVSELL,1.58,1.58hrs
29/12/2025 13:36:06,sell,0.20,GBPAUD,2.01564,29/12/2025 14:05:52,2.01414,0.00,0.00,15.00,20.09,22.63,16.90,-19.96,-14.90,20250105,MKDLOWVSELL,0.50,0.50hrs
29/12/2025 12:18:33,sell,0.10,GBPCAD,1.84716,29/12/2025 14:03:43,1.84696,0.00,0.00,2.00,1.47,2.77,3.80,-18.70,-25.60,20250105,MKDLOWVSELL,1.75,1.75hrs
29/12/2025 12:41:48,sell,0.20,GBPCAD,1.84824,29/12/2025 14:03:42,1.84696,0.00,0.00,12.80,18.69,21.32,14.60,-21.62,-14.80,20250105,MKDLOWVSELL,1.36,1.36hrs
29/12/2025 13:30:22,buy,0.10,EURJPY,183.92800,29/12/2025 13:47:16,184.05700,0.00,0.00,12.90,8.26,9.66,15.10,-0.83,-1.30,20250105,MKDLOWVBUY,0.28,0.28hrs
29/12/2025 10:16:46,buy,0.10,CADJPY,114.13800,29/12/2025 10:31:31,114.24500,0.00,0.00,10.70,6.85,7.36,11.50,-1.79,-2.80,20250105,MKDLOWVBUY,0.25,0.25hrs
29/12/2025 09:56:29,sell,0.10,GBPCAD,1.84559,29/12/2025 10:30:53,1.84514,0.00,0.00,4.50,3.28,4.17,5.70,-11.76,-16.10,20250105,MKDLOWVSELL,0.57,0.57hrs
29/12/2025 10:14:05,sell,0.20,GBPCAD,1.84663,29/12/2025 10:30:52,1.84513,0.00,0.00,15.00,21.92,23.53,16.10,-8.33,-5.70,20250105,MKDLOWVSELL,0.28,0.28hrs
29/12/2025 09:00:19,buy,0.10,USDJPY,156.19300,29/12/2025 10:15:58,156.21900,0.00,0.00,2.60,1.66,3.20,5.00,-9.68,-15.10,20250105,MKDLOWVBUY,1.26,1.26hrs
29/12/2025 09:56:16,buy,0.20,USDJPY,156.08100,29/12/2025 10:15:57,156.22200,0.00,0.00,14.10,18.05,20.74,16.20,-4.36,-3.40,20250105,MKDLOWVBUY,0.33,0.33hrs
29/12/2025 05:10:03,buy,0.10,EURUSD,1.17761,29/12/2025 09:56:12,1.17776,0.00,0.00,1.50,1.50,3.00,3.00,-22.80,-22.80,20250105,MKDLOWVBUY,4.77,4.77hrs
29/12/2025 07:02:50,buy,0.20,EURUSD,1.17633,29/12/2025 09:56:10,1.17774,0.00,0.00,14.10,28.20,31.60,15.80,-20.00,-10.00,20250105,MKDLOWVBUY,2.89,2.89hrs
29/12/2025 02:01:34,sell,0.10,AUDCAD,0.91774,29/12/2025 08:16:47,0.91803,0.00,0.00,-2.90,-2.12,0.00,0.00,-10.75,-14.70,20250105,MKDLOWVSELL,6.25,6.25hrs
29/12/2025 06:32:29,sell,0.20,AUDCAD,0.91874,29/12/2025 08:16:46,0.91803,0.00,0.00,7.10,10.39,13.02,8.90,-6.88,-4.70,20250105,MKDLOWVSELL,1.74,1.74hrs
22/12/2025 03:00:51,sell,0.10,EURUSD,1.17179,29/12/2025 07:31:53,1.17576,0.00,1.81,-39.70,-37.89,4.30,4.30,-89.87,-90.90,20250105,MKDLOWVSELL,172.52,7.19days
22/12/2025 15:11:26,sell,0.40,EURUSD,1.17483,29/12/2025 07:31:52,1.17579,0.00,7.27,-9.60,-31.13,10.00,2.50,-237.85,-60.50,20250105,MKDLOWVSELL,160.34,6.68days
22/12/2025 09:53:36,sell,0.20,EURUSD,1.17283,29/12/2025 07:31:52,1.17579,0.00,3.64,-29.60,-55.56,9.00,4.50,-158.92,-80.50,20250105,MKDLOWVSELL,165.64,6.90days
23/12/2025 03:42:20,sell,0.80,EURUSD,1.17739,29/12/2025 07:31:50,1.17579,0.00,4.59,16.00,132.59,158.99,19.30,-276.90,-34.90,20250105,MKDLOWVSELL,147.82,6.16days
26/12/2025 18:32:59,buy,0.10,AUDUSD,0.67076,26/12/2025 22:55:27,0.67126,0.00,0.00,5.00,5.00,6.20,6.20,-2.90,-2.90,20250105,MKDLOWVBUY,4.37,4.37hrs
26/12/2025 13:00:15,sell,0.10,AUDCAD,0.91691,26/12/2025 18:56:56,0.91674,0.00,0.00,1.70,1.24,2.64,3.60,-6.73,-9.20,20250105,MKDLOWVSELL,5.94,5.94hrs
26/12/2025 10:18:31,sell,0.10,GBPNZD,2.31420,26/12/2025 16:32:03,2.31653,0.00,0.00,-23.30,-13.59,0.00,0.00,-30.20,-51.80,20250105,MKDLOWVSELL,6.23,6.23hrs
26/12/2025 10:25:02,sell,0.20,GBPNZD,2.31547,26/12/2025 16:32:02,2.31654,0.00,0.00,-10.70,-12.49,0.00,0.00,-45.60,-39.10,20250105,MKDLOWVSELL,6.12,6.12hrs
26/12/2025 11:21:14,sell,0.40,GBPNZD,2.31754,26/12/2025 16:32:01,2.31647,0.00,0.00,10.70,24.97,38.73,16.60,-42.92,-18.40,20250105,MKDLOWVSELL,5.18,5.18hrs
26/12/2025 13:27:04,buy,0.10,CADJPY,114.30400,26/12/2025 15:40:01,114.42300,0.00,0.00,11.90,7.62,7.62,11.90,-2.37,-3.70,20250105,MKDLOWVBUY,2.22,2.22hrs
26/12/2025 09:30:18,buy,0.10,NZDJPY,91.00200,26/12/2025 15:07:00,91.08300,0.00,0.00,8.10,5.18,7.29,11.40,-0.96,-1.50,20250105,MKDLOWVBUY,5.61,5.61hrs
26/12/2025 07:01:21,buy,0.10,GBPCHF,1.06429,26/12/2025 10:17:38,1.06492,0.00,0.00,6.30,7.97,12.02,9.50,-14.34,-11.30,20250105,MKDLOWVBUY,3.27,3.27hrs
26/12/2025 02:18:10,sell,0.10,GBPCAD,1.84693,26/12/2025 07:01:18,1.84671,0.00,0.00,2.20,1.61,3.07,4.20,-12.58,-17.20,20250105,MKDLOWVSELL,4.72,4.72hrs
26/12/2025 03:31:45,sell,0.20,GBPCAD,1.84805,26/12/2025 07:01:17,1.84671,0.00,0.00,13.40,19.59,22.52,15.40,-8.92,-6.10,20250105,MKDLOWVSELL,3.49,3.49hrs
26/12/2025 03:49:11,sell,0.10,GBPNZD,2.31563,26/12/2025 07:00:26,2.31491,0.00,0.00,7.20,4.20,6.82,11.70,-4.02,-6.90,20250105,MKDLOWVSELL,3.19,3.19hrs
24/12/2025 20:12:12,buy,0.10,CADCHF,0.57646,26/12/2025 02:17:13,0.57656,0.00,0.00,1.00,1.26,4.18,3.30,-28.41,-22.30,20250105,MKDLOWVBUY,30.08,1.25days
26/12/2025 01:01:55,buy,0.10,AUDCHF,0.52882,26/12/2025 02:17:12,0.52887,0.00,0.00,0.50,0.63,4.18,3.30,-26.04,-20.50,20250105,MKDLOWVBUY,1.25,1.25hrs
24/12/2025 21:36:37,buy,0.10,AUDJPY,104.49600,26/12/2025 01:53:16,104.62800,0.00,0.00,13.20,8.46,9.42,14.70,-8.22,-12.80,20250105,MKDLOWVBUY,28.28,1.18days
24/12/2025 22:00:18,buy,0.10,GBPCHF,1.06428,26/12/2025 01:36:56,1.06439,0.00,0.00,1.10,1.40,5.20,4.10,-27.69,-21.80,20250105,MKDLOWVBUY,27.61,1.15days
24/12/2025 13:31:21,sell,0.10,AUDNZD,1.14828,24/12/2025 21:10:18,1.14884,0.00,0.00,-5.60,-3.27,0.76,1.30,-12.55,-21.50,20250105,MKDLOWVSELL,7.65,7.65hrs
24/12/2025 17:58:03,sell,0.20,AUDNZD,1.14999,24/12/2025 21:10:17,1.14908,0.00,0.00,9.10,10.62,15.17,13.00,-5.14,-4.40,20250105,MKDLOWVSELL,3.20,3.20hrs
24/12/2025 11:00:17,buy,0.10,AUDCHF,0.52826,24/12/2025 16:00:04,0.52829,0.00,0.00,0.30,0.38,2.28,1.80,-8.78,-6.90,20250105,MKDLOWVBUY,5.00,5.00hrs
24/12/2025 08:00:05,buy,0.10,GBPCHF,1.06422,24/12/2025 15:30:36,1.06348,0.00,0.00,-7.40,-9.39,4.19,3.30,-20.86,-16.40,20250105,MKDLOWVBUY,7.51,7.51hrs
24/12/2025 12:01:04,buy,0.20,GBPCHF,1.06298,24/12/2025 15:30:35,1.06350,0.00,0.00,5.20,13.21,24.91,9.80,-10.17,-4.00,20250105,MKDLOWVBUY,3.49,3.49hrs
24/12/2025 11:30:23,sell,0.10,GBPCAD,1.84889,24/12/2025 13:01:20,1.84783,0.00,0.00,10.60,7.75,8.56,11.70,-4.31,-5.90,20250105,MKDLOWVSELL,1.52,1.52hrs
24/12/2025 03:00:06,buy,0.10,EURJPY,184.02300,24/12/2025 12:23:17,183.82000,0.00,0.00,-20.30,-13.02,8.01,12.50,-29.73,-46.30,20250105,MKDLOWVBUY,9.39,9.39hrs
24/12/2025 03:28:05,buy,0.20,EURJPY,183.91600,24/12/2025 12:23:16,183.82000,0.00,0.00,-9.60,-12.31,0.00,0.00,-45.71,-35.60,20250105,MKDLOWVBUY,8.92,8.92hrs
24/12/2025 03:53:33,buy,0.40,EURJPY,183.70900,24/12/2025 12:23:15,183.82900,0.00,0.00,12.00,30.79,42.81,16.70,-38.27,-14.90,20250105,MKDLOWVBUY,8.49,8.49hrs
24/12/2025 06:58:33,sell,0.10,AUDNZD,1.14820,24/12/2025 10:32:10,1.14872,0.00,0.00,-5.20,-3.03,0.76,1.30,-7.77,-13.30,20250105,MKDLOWVSELL,3.56,3.56hrs
24/12/2025 09:23:33,sell,0.20,AUDNZD,1.14922,24/12/2025 10:32:09,1.14872,0.00,0.00,5.00,5.84,13.44,11.50,-2.92,-2.50,20250105,MKDLOWVSELL,1.14,1.14hrs
23/12/2025 22:03:37,sell,0.10,GBPAUD,2.01492,24/12/2025 06:25:01,2.01501,0.00,-0.63,-0.90,-1.24,2.25,4.30,-27.76,-40.50,20250105,MKDLOWVSELL,8.36,8.36hrs
23/12/2025 23:41:10,sell,0.20,GBPAUD,2.01606,24/12/2025 06:25:00,2.01501,0.00,-1.25,10.50,12.83,19.80,15.70,-40.23,-29.10,20250105,MKDLOWVSELL,6.73,6.73hrs
24/12/2025 04:58:08,sell,0.10,GBPCAD,1.85000,24/12/2025 06:06:55,1.84928,0.00,0.00,7.20,5.27,7.82,10.70,-3.66,-5.00,20250105,MKDLOWVSELL,1.15,1.15hrs
24/12/2025 03:28:24,buy,0.10,GBPCHF,1.06343,24/12/2025 05:36:47,1.06469,0.00,0.00,12.60,16.00,20.31,16.00,-3.43,-2.70,20250105,MKDLOWVBUY,2.14,2.14hrs
24/12/2025 02:04:37,buy,0.20,EURJPY,184.03700,24/12/2025 02:22:42,184.17900,0.00,0.00,14.20,18.18,22.27,17.40,-9.10,-7.10,20250105,MKDLOWVBUY,0.30,0.30hrs
24/12/2025 01:03:08,buy,0.10,EURJPY,184.14400,24/12/2025 02:22:42,184.18100,0.00,0.00,3.70,2.36,7.87,12.30,-11.41,-17.80,20250105,MKDLOWVBUY,1.33,1.33hrs
23/12/2025 19:16:01,buy,0.10,GBPCHF,1.06451,23/12/2025 23:32:02,1.06384,0.00,0.00,-6.70,-8.50,0.00,0.00,-20.83,-16.40,20250105,MKDLOWVBUY,4.27,4.27hrs
23/12/2025 21:35:09,buy,0.20,GBPCHF,1.06344,23/12/2025 23:32:01,1.06384,0.00,0.00,4.00,10.16,25.89,10.20,-14.48,-5.70,20250105,MKDLOWVBUY,1.95,1.95hrs
23/12/2025 20:13:02,buy,0.10,EURJPY,183.94200,23/12/2025 21:10:31,184.06300,0.00,0.00,12.10,7.74,9.47,14.80,-0.83,-1.30,20250105,MKDLOWVBUY,0.96,0.96hrs
23/12/2025 17:34:26,buy,0.10,NZDJPY,91.05400,23/12/2025 18:32:01,91.12200,0.00,0.00,6.80,4.35,7.41,11.60,-2.82,-4.40,20250105,MKDLOWVBUY,0.96,0.96hrs
23/12/2025 17:30:20,buy,0.10,EURJPY,183.88600,23/12/2025 17:57:26,184.01700,0.00,0.00,13.10,8.37,10.29,16.10,-2.88,-4.50,20250105,MKDLOWVBUY,0.45,0.45hrs
23/12/2025 16:57:44,sell,0.10,GBPAUD,2.01897,23/12/2025 17:29:58,2.01782,0.00,0.00,11.50,7.69,8.69,13.00,-4.61,-6.90,20250105,MKDLOWVSELL,0.54,0.54hrs
23/12/2025 11:04:51,buy,0.10,GBPCHF,1.06544,23/12/2025 16:18:56,1.06576,0.00,0.00,3.20,4.05,6.96,5.50,-34.71,-27.30,20250105,MKDLOWVBUY,5.23,5.23hrs
23/12/2025 11:20:22,buy,0.20,GBPCHF,1.06410,23/12/2025 16:18:55,1.06575,0.00,0.00,16.50,41.76,47.84,18.90,-35.34,-13.90,20250105,MKDLOWVBUY,4.98,4.98hrs
23/12/2025 01:31:22,sell,0.10,EURCAD,1.61676,23/12/2025 11:01:41,1.61619,0.00,0.00,5.70,4.16,5.83,8.00,-9.03,-12.40,20250105,MKDLOWVSELL,9.51,9.51hrs
23/12/2025 08:30:31,sell,0.10,AUDNZD,1.14706,23/12/2025 10:30:51,1.14688,0.00,0.00,1.80,1.05,3.44,5.90,-3.89,-6.70,20250105,MKDLOWVSELL,2.01,2.01hrs
23/12/2025 03:00:10,buy,0.10,GBPJPY,210.95000,23/12/2025 09:57:38,210.63500,0.00,0.00,-31.50,-20.18,1.15,1.80,-42.98,-67.00,20250105,MKDLOWVBUY,6.96,6.96hrs
23/12/2025 03:55:55,buy,0.20,GBPJPY,210.84500,23/12/2025 09:57:37,210.63300,0.00,0.00,-21.20,-27.16,5.11,4.00,-72.48,-56.50,20250105,MKDLOWVBUY,6.03,6.03hrs
23/12/2025 07:13:57,buy,0.80,GBPJPY,210.34300,23/12/2025 09:57:36,210.61300,0.00,0.00,27.00,138.38,153.74,30.00,-20.52,-4.00,20250105,MKDLOWVBUY,2.73,2.73hrs
23/12/2025 06:00:29,buy,0.40,GBPJPY,210.62700,23/12/2025 09:57:36,210.62500,0.00,0.00,-0.20,-0.51,4.10,1.60,-89.03,-34.70,20250105,MKDLOWVBUY,3.95,3.95hrs
23/12/2025 07:03:39,sell,0.10,GBPAUD,2.02299,23/12/2025 08:41:14,2.02270,0.00,0.00,2.90,1.93,4.07,6.10,-10.60,-15.90,20250105,MKDLOWVSELL,1.63,1.63hrs
23/12/2025 07:31:03,sell,0.20,GBPAUD,2.02407,23/12/2025 08:41:12,2.02270,0.00,0.00,13.70,18.27,22.53,16.90,-6.93,-5.20,20250105,MKDLOWVSELL,1.17,1.17hrs
23/12/2025 02:00:41,sell,0.10,GBPAUD,2.02279,23/12/2025 05:00:24,2.02208,0.00,0.00,7.10,4.74,8.80,13.20,-8.52,-12.80,20250105,MKDLOWVSELL,3.00,3.00hrs
22/12/2025 19:17:05,buy,0.10,NZDJPY,90.93000,23/12/2025 02:30:01,90.98200,0.00,0.35,5.20,3.67,6.15,9.10,-12.21,-19.70,20250105,MKDLOWVBUY,7.22,7.22hrs
23/12/2025 01:01:32,sell,0.10,AUDNZD,1.14925,23/12/2025 02:11:12,1.14832,0.00,0.00,9.30,5.40,7.08,12.20,-2.43,-4.20,20250105,MKDLOWVSELL,1.16,1.16hrs
22/12/2025 19:30:05,sell,0.10,GBPAUD,2.02294,22/12/2025 22:34:58,2.02225,0.00,0.00,6.90,4.59,7.52,11.30,-5.73,-8.60,20250105,MKDLOWVSELL,3.08,3.08hrs
22/12/2025 16:00:06,sell,0.10,EURAUD,1.76787,22/12/2025 17:56:06,1.76709,0.00,0.00,7.80,5.19,5.19,7.80,-9.64,-14.50,20250105,MKDLOWVSELL,1.93,1.93hrs
22/12/2025 16:41:02,sell,0.20,EURAUD,1.76916,22/12/2025 17:56:05,1.76733,0.00,0.00,18.30,24.37,26.87,20.20,-2.79,-2.10,20250105,MKDLOWVSELL,1.25,1.25hrs
22/12/2025 12:00:31,sell,0.10,GBPAUD,2.02204,22/12/2025 14:36:36,2.02144,0.00,0.00,6.00,3.99,3.99,6.00,-13.28,-20.00,20250105,MKDLOWVSELL,2.60,2.60hrs
22/12/2025 12:36:20,sell,0.20,GBPAUD,2.02305,22/12/2025 14:36:35,2.02174,0.00,0.00,13.10,17.41,21.13,15.90,-13.15,-9.90,20250105,MKDLOWVSELL,2.00,2.00hrs
22/12/2025 12:00:25,buy,0.10,GBPCHF,1.06521,22/12/2025 14:05:10,1.06610,0.00,0.00,8.90,11.22,15.00,11.90,-3.53,-2.80,20250105,MKDLOWVBUY,2.08,2.08hrs
19/12/2025 05:00:06,sell,0.10,AUDNZD,1.14580,22/12/2025 13:59:00,1.14793,0.00,-0.52,-21.30,-12.85,0.00,0.00,-36.28,-62.20,20250105,MKDLOWVSELL,80.98,3.37days
19/12/2025 06:20:04,sell,0.20,AUDNZD,1.14680,22/12/2025 13:58:59,1.14792,0.00,-1.04,-11.20,-14.01,3.23,2.80,-61.06,-52.20,20250105,MKDLOWVSELL,79.65,3.32days
19/12/2025 09:58:03,sell,0.40,AUDNZD,1.14886,22/12/2025 13:58:58,1.14792,0.00,-2.07,9.40,19.69,31.06,13.50,-74.74,-31.60,20250105,MKDLOWVSELL,76.02,3.17days
22/12/2025 04:00:53,buy,0.10,CADCHF,0.57623,22/12/2025 08:55:08,0.57635,0.00,0.00,1.20,1.51,3.02,2.40,-6.92,-5.50,20250105,MKDLOWVBUY,4.90,4.90hrs
22/12/2025 06:30:35,buy,0.10,GBPCHF,1.06454,22/12/2025 08:37:07,1.06468,0.00,0.00,1.40,1.76,3.90,3.10,-2.64,-2.10,20250105,MKDLOWVBUY,2.11,2.11hrs
19/12/2025 20:58:32,sell,0.10,GBPAUD,2.02300,22/12/2025 03:35:06,2.02328,0.00,-0.51,-2.80,-2.36,3.59,6.20,-34.07,-50.80,20250105,MKDLOWVSELL,54.61,2.28days
22/12/2025 00:55:45,sell,0.20,GBPAUD,2.02426,22/12/2025 03:35:05,2.02328,0.00,0.00,9.80,12.97,24.10,18.20,-39.76,-30.10,20250105,MKDLOWVSELL,2.66,2.66hrs
19/12/2025 21:00:16,sell,0.10,GBPUSD,1.33843,19/12/2025 23:37:53,1.33786,0.00,0.00,5.70,5.70,11.00,11.00,-10.50,-10.50,20250105,MKDLOWVSELL,2.63,2.63hrs
18/12/2025 20:03:49,sell,0.10,USDCAD,1.37734,19/12/2025 16:17:44,1.37777,0.00,-2.29,-4.30,-5.41,4.58,6.30,-22.80,-28.30,20250105,MKDLOWVSELL,20.23,20.23hrs
19/12/2025 05:22:41,sell,0.20,USDCAD,1.37839,19/12/2025 16:17:42,1.37774,0.00,0.00,6.50,9.44,14.38,9.90,-25.80,-17.80,20250105,MKDLOWVSELL,10.92,10.92hrs
19/12/2025 14:11:00,buy,0.10,AUDUSD,0.66038,19/12/2025 16:03:17,0.66115,0.00,0.00,7.70,7.70,9.30,9.30,-3.30,-3.30,20250105,MKDLOWVBUY,1.87,1.87hrs
19/12/2025 09:46:54,buy,0.10,AUDUSD,0.66016,19/12/2025 11:54:41,0.66079,0.00,0.00,6.30,6.30,7.90,7.90,-2.00,-2.00,20250105,MKDLOWVBUY,2.13,2.13hrs
19/12/2025 04:00:06,sell,0.10,GBPAUD,2.02347,19/12/2025 10:55:20,2.02408,0.00,0.00,-6.10,-4.04,4.30,6.50,-21.73,-32.90,20250105,MKDLOWVSELL,6.92,6.92hrs
19/12/2025 07:56:09,sell,0.20,GBPAUD,2.02451,19/12/2025 10:55:19,2.02408,0.00,0.00,4.30,5.69,11.76,8.90,-29.72,-22.50,20250105,MKDLOWVSELL,2.99,2.99hrs
19/12/2025 08:00:17,sell,0.10,EURAUD,1.77443,19/12/2025 09:07:53,1.77307,0.00,0.00,13.60,8.98,9.25,14.00,-2.64,-4.00,20250105,MKDLOWVSELL,1.13,1.13hrs
18/12/2025 22:31:24,sell,0.10,EURUSD,1.17238,19/12/2025 05:38:01,1.17206,0.00,0.37,3.20,3.57,5.17,4.80,-5.23,-5.60,20250105,MKDLOWVSELL,7.11,7.11hrs
18/12/2025 22:37:51,sell,0.10,GBPAUD,2.02355,19/12/2025 02:45:39,2.02236,0.00,-0.51,11.90,7.36,9.02,14.40,-17.56,-25.80,20250105,MKDLOWVSELL,4.13,4.13hrs
18/12/2025 23:02:13,sell,0.10,EURAUD,1.77251,19/12/2025 02:40:33,1.77233,0.00,0.15,1.80,1.35,2.53,3.60,-13.46,-20.60,20250105,MKDLOWVSELL,3.64,3.64hrs
18/12/2025 15:18:19,sell,0.10,AUDNZD,1.14604,18/12/2025 18:00:57,1.14538,0.00,0.00,6.60,3.81,5.89,10.20,-3.35,-5.80,20250105,MKDLOWVSELL,2.71,2.71hrs
18/12/2025 16:35:15,sell,0.10,GBPUSD,1.34183,18/12/2025 17:09:31,1.34045,0.00,0.00,13.80,13.80,14.20,14.20,-5.30,-5.30,20250105,MKDLOWVSELL,0.57,0.57hrs
18/12/2025 16:35:06,sell,0.10,GBPAUD,2.02572,18/12/2025 17:04:41,2.02445,0.00,0.00,12.70,8.41,11.46,17.30,-12.11,-18.30,20250105,MKDLOWVSELL,0.49,0.49hrs
18/12/2025 15:30:29,sell,0.10,GBPAUD,2.02696,18/12/2025 16:31:22,2.02511,0.00,0.00,18.50,12.26,12.32,18.60,-11.73,-17.70,20250105,MKDLOWVSELL,1.01,1.01hrs
18/12/2025 14:01:58,buy,0.10,AUDCHF,0.52574,18/12/2025 16:15:58,0.52596,0.00,0.00,2.20,2.77,5.67,4.50,-12.09,-9.60,20250105,MKDLOWVBUY,2.23,2.23hrs
18/12/2025 11:22:31,sell,0.10,USDCAD,1.37794,18/12/2025 15:30:26,1.37694,0.00,0.00,10.00,7.26,11.63,16.00,-12.69,-17.50,20250105,MKDLOWVSELL,4.13,4.13hrs
18/12/2025 14:33:22,sell,0.20,USDCAD,1.37899,18/12/2025 15:30:22,1.37709,0.00,0.00,19.00,27.59,38.51,26.50,-10.15,-7.00,20250105,MKDLOWVSELL,0.95,0.95hrs
18/12/2025 11:21:33,buy,0.20,GBPJPY,208.03800,18/12/2025 14:00:19,208.28900,0.00,0.00,25.10,32.23,32.23,25.10,-22.85,-17.80,20250105,MKDLOWVBUY,2.65,2.65hrs
18/12/2025 11:07:37,buy,0.10,GBPJPY,208.15500,18/12/2025 14:00:19,208.33800,0.00,0.00,18.30,11.74,11.75,18.30,-18.94,-29.50,20250105,MKDLOWVBUY,2.88,2.88hrs
17/12/2025 12:30:14,buy,0.10,AUDCHF,0.52783,18/12/2025 10:49:30,0.52565,0.00,1.34,-21.80,-26.06,1.34,0.00,-44.33,-36.30,20250105,MKDLOWVBUY,22.32,22.32hrs
17/12/2025 15:16:50,buy,0.20,AUDCHF,0.52678,18/12/2025 10:49:29,0.52565,0.00,2.68,-11.30,-25.73,10.80,4.30,-62.24,-25.80,20250105,MKDLOWVBUY,19.54,19.54hrs
18/12/2025 02:09:23,buy,0.40,AUDCHF,0.52470,18/12/2025 10:49:28,0.52565,0.00,0.00,9.50,47.76,58.81,11.70,-21.63,-4.30,20250105,MKDLOWVBUY,8.67,8.67hrs
17/12/2025 15:33:33,sell,0.10,EURUSD,1.17245,18/12/2025 10:02:22,1.17331,0.00,1.10,-8.60,-7.50,2.70,2.70,-34.30,-34.30,20250105,MKDLOWVSELL,18.48,18.48hrs
17/12/2025 16:02:58,sell,0.20,EURUSD,1.17352,18/12/2025 10:02:21,1.17333,0.00,2.21,1.90,6.01,12.60,6.30,-47.20,-23.60,20250105,MKDLOWVSELL,17.99,17.99hrs
17/12/2025 17:01:55,sell,0.10,EURAUD,1.77240,18/12/2025 09:39:37,1.77656,0.00,0.45,-41.60,-27.05,1.06,1.60,-54.93,-84.00,20250105,MKDLOWVSELL,16.63,16.63hrs
17/12/2025 17:18:24,sell,0.20,EURAUD,1.77342,18/12/2025 09:39:36,1.77657,0.00,0.89,-31.50,-40.76,4.90,3.70,-96.42,-73.80,20250105,MKDLOWVSELL,16.35,16.35hrs
17/12/2025 17:39:28,sell,0.40,EURAUD,1.77593,18/12/2025 09:39:35,1.77657,0.00,1.78,-6.40,-15.15,1.78,0.00,-126.65,-48.70,20250105,MKDLOWVSELL,16.00,16.00hrs
17/12/2025 20:30:31,sell,0.80,EURAUD,1.77844,18/12/2025 09:39:34,1.77656,0.00,3.57,18.80,103.00,128.90,23.70,-120.91,-23.60,20250105,MKDLOWVSELL,13.15,13.15hrs
18/12/2025 05:40:14,sell,0.10,USDCAD,1.37853,18/12/2025 07:04:35,1.37810,0.00,0.00,4.30,3.12,4.57,6.30,-2.18,-3.00,20250105,MKDLOWVSELL,1.41,1.41hrs
17/12/2025 04:18:03,sell,0.20,USDCAD,1.37667,17/12/2025 16:16:02,1.37764,0.00,0.00,-9.70,-14.08,2.18,1.50,-43.35,-29.90,20250105,MKDLOWVSELL,11.97,11.97hrs
16/12/2025 23:30:34,sell,0.10,USDCAD,1.37568,17/12/2025 16:16:02,1.37763,0.00,-0.76,-19.50,-14.91,4.29,5.90,-29.61,-39.80,20250105,MKDLOWVSELL,16.76,16.76hrs
17/12/2025 13:14:20,sell,0.40,USDCAD,1.37878,17/12/2025 16:16:00,1.37760,0.00,0.00,11.80,34.26,44.73,15.40,-25.52,-8.80,20250105,MKDLOWVSELL,3.03,3.03hrs
17/12/2025 11:11:36,buy,0.10,GBPJPY,207.33100,17/12/2025 14:11:00,207.36600,0.00,0.00,3.50,2.25,4.31,6.70,-12.54,-19.50,20250105,MKDLOWVBUY,2.99,2.99hrs
17/12/2025 13:01:40,sell,0.10,EURUSD,1.17259,17/12/2025 13:32:03,1.17157,0.00,0.00,10.20,10.20,11.10,11.10,-1.70,-1.70,20250105,MKDLOWVSELL,0.51,0.51hrs
17/12/2025 08:00:09,sell,0.10,AUDNZD,1.14593,17/12/2025 11:31:36,1.14612,0.00,0.00,-1.90,-1.09,0.75,1.30,-6.58,-11.40,20250105,MKDLOWVSELL,3.52,3.52hrs
17/12/2025 10:03:38,buy,0.10,GBPJPY,207.15400,17/12/2025 11:04:54,207.28200,0.00,0.00,12.80,8.24,8.62,13.40,-6.88,-10.70,20250105,MKDLOWVBUY,1.02,1.02hrs
17/12/2025 07:32:06,buy,0.10,GBPJPY,207.63300,17/12/2025 08:12:36,207.76100,0.00,0.00,12.80,8.24,9.34,14.50,-6.06,-9.40,20250105,MKDLOWVBUY,0.68,0.68hrs
17/12/2025 07:26:08,sell,0.10,EURAUD,1.77297,17/12/2025 08:12:35,1.77143,0.00,0.00,15.40,10.20,12.24,18.50,-1.32,-2.00,20250105,MKDLOWVSELL,0.77,0.77hrs
17/12/2025 02:00:42,sell,0.10,GBPAUD,2.02437,17/12/2025 04:04:09,2.02383,0.00,0.00,5.40,3.58,5.31,8.00,-24.04,-36.30,20250105,MKDLOWVSELL,2.06,2.06hrs
17/12/2025 02:31:43,sell,0.20,GBPAUD,2.02560,17/12/2025 04:04:07,2.02380,0.00,0.00,18.00,23.87,26.92,20.30,-31.79,-24.00,20250105,MKDLOWVSELL,1.54,1.54hrs
16/12/2025 23:25:58,sell,0.10,GBPAUD,2.02398,17/12/2025 01:02:02,2.02342,0.00,-0.52,5.60,3.20,8.43,13.50,-14.51,-21.10,20250105,MKDLOWVSELL,1.60,1.60hrs
16/12/2025 17:30:06,sell,0.10,EURAUD,1.77575,16/12/2025 17:55:15,1.77441,0.00,0.00,13.40,8.89,11.14,16.80,-5.04,-7.60,20250105,MKDLOWVSELL,0.42,0.42hrs
16/12/2025 10:04:23,sell,0.10,GBPUSD,1.33841,16/12/2025 15:41:54,1.34237,0.00,0.00,-39.60,-39.60,5.40,5.40,-72.60,-72.60,20250105,MKDLOWVSELL,5.63,5.63hrs
16/12/2025 11:07:44,sell,0.20,GBPUSD,1.33983,16/12/2025 15:41:53,1.34238,0.00,0.00,-25.50,-51.00,8.20,4.10,-116.80,-58.40,20250105,MKDLOWVSELL,4.57,4.57hrs
16/12/2025 12:44:03,sell,0.40,GBPUSD,1.34196,16/12/2025 15:41:52,1.34233,0.00,0.00,-3.70,-14.80,28.00,7.00,-148.40,-37.10,20250105,MKDLOWVSELL,2.96,2.96hrs
16/12/2025 15:31:49,sell,0.80,GBPUSD,1.34525,16/12/2025 15:41:51,1.34239,0.00,0.00,28.60,228.80,235.20,29.40,-33.60,-4.20,20250105,MKDLOWVSELL,0.17,0.17hrs
16/12/2025 10:23:45,sell,0.10,GBPAUD,2.01583,16/12/2025 15:33:23,2.02010,0.00,0.00,-42.70,-28.43,5.84,8.80,-60.77,-91.60,20250105,MKDLOWVSELL,5.16,5.16hrs
16/12/2025 11:02:07,sell,0.20,GBPAUD,2.01731,16/12/2025 15:33:22,2.01986,0.00,0.00,-25.50,-33.96,2.12,1.60,-101.91,-76.80,20250105,MKDLOWVSELL,4.52,4.52hrs
16/12/2025 11:31:09,sell,0.40,GBPAUD,2.01988,16/12/2025 15:33:21,2.01991,0.00,0.00,-0.30,-0.80,8.76,3.30,-135.61,-51.10,20250105,MKDLOWVSELL,4.04,4.04hrs
16/12/2025 12:59:04,sell,0.80,GBPAUD,2.02262,16/12/2025 15:33:20,2.01970,0.00,0.00,29.20,155.55,158.15,29.70,-125.79,-23.70,20250105,MKDLOWVSELL,2.57,2.57hrs
15/12/2025 21:55:35,buy,0.10,GBPJPY,207.60000,16/12/2025 10:02:48,207.25600,0.00,0.62,-34.40,-21.59,2.71,4.20,-53.35,-83.50,20250105,MKDLOWVBUY,12.12,12.12hrs
16/12/2025 01:09:02,buy,0.20,GBPJPY,207.49900,16/12/2025 10:02:47,207.28100,0.00,0.00,-21.80,-28.15,4.25,3.30,-94.89,-73.40,20250105,MKDLOWVBUY,8.90,8.90hrs
16/12/2025 02:05:35,buy,0.40,GBPJPY,207.29500,16/12/2025 10:02:46,207.28100,0.00,0.00,-1.40,-3.62,23.21,9.00,-137.03,-53.00,20250105,MKDLOWVBUY,7.95,7.95hrs
16/12/2025 04:02:06,buy,0.80,GBPJPY,207.04300,16/12/2025 10:02:45,207.27600,0.00,0.00,23.30,120.34,133.22,25.80,-143.75,-27.80,20250105,MKDLOWVBUY,6.01,6.01hrs
16/12/2025 02:33:36,sell,0.10,USDCAD,1.37732,16/12/2025 05:06:54,1.37714,0.00,0.00,1.80,1.31,2.98,4.10,-6.46,-8.90,20250105,MKDLOWVSELL,2.56,2.56hrs
15/12/2025 22:36:33,sell,0.10,EURUSD,1.17491,16/12/2025 03:51:09,1.17488,0.00,0.37,0.30,0.67,2.27,1.90,-9.13,-9.50,20250105,MKDLOWVSELL,5.24,5.24hrs
15/12/2025 22:49:57,sell,0.10,GBPUSD,1.33725,16/12/2025 03:02:31,1.33715,0.00,-0.26,1.00,0.74,3.64,3.90,-11.96,-11.70,20250105,MKDLOWVSELL,4.21,4.21hrs
15/12/2025 16:31:02,sell,0.10,USDCAD,1.37674,15/12/2025 23:37:40,1.37705,0.00,0.00,-3.10,-2.25,8.51,11.70,-15.88,-21.90,20250105,MKDLOWVSELL,7.11,7.11hrs
15/12/2025 20:08:36,sell,0.20,USDCAD,1.37777,15/12/2025 23:37:39,1.37705,0.00,0.00,7.20,10.46,14.82,10.20,-16.83,-11.60,20250105,MKDLOWVSELL,3.48,3.48hrs
15/12/2025 11:12:45,sell,0.20,GBPAUD,2.01204,15/12/2025 21:55:26,2.01341,0.00,0.00,-13.70,-18.20,8.78,6.60,-58.18,-43.80,20250105,MKDLOWVSELL,10.71,10.71hrs
15/12/2025 08:31:08,sell,0.10,GBPAUD,2.01076,15/12/2025 21:55:26,2.01337,0.00,0.00,-26.10,-17.33,7.65,11.50,-37.59,-56.60,20250105,MKDLOWVSELL,13.40,13.40hrs
15/12/2025 17:00:54,sell,0.40,GBPAUD,2.01473,15/12/2025 21:55:24,2.01354,0.00,0.00,11.90,31.61,41.17,15.50,-44.89,-16.90,20250105,MKDLOWVSELL,4.91,4.91hrs
15/12/2025 13:16:49,sell,0.10,EURUSD,1.17453,15/12/2025 20:06:43,1.17480,0.00,0.00,-2.70,-2.70,0.60,0.60,-24.20,-24.20,20250105,MKDLOWVSELL,6.83,6.83hrs
15/12/2025 14:51:05,sell,0.20,EURUSD,1.17564,15/12/2025 20:06:42,1.17481,0.00,0.00,8.30,16.60,23.40,11.70,-26.20,-13.10,20250105,MKDLOWVSELL,5.26,5.26hrs
15/12/2025 11:13:58,sell,0.10,GBPUSD,1.33811,15/12/2025 18:35:23,1.33802,0.00,0.00,0.90,0.90,5.70,5.70,-21.30,-21.30,20250105,MKDLOWVSELL,7.36,7.36hrs
15/12/2025 14:42:16,sell,0.20,GBPUSD,1.33918,15/12/2025 18:35:22,1.33795,0.00,0.00,12.30,24.60,27.20,13.60,-21.20,-10.60,20250105,MKDLOWVSELL,3.88,3.88hrs
15/12/2025 12:00:05,sell,0.10,EURAUD,1.76644,15/12/2025 16:18:48,1.76626,0.00,0.00,1.80,1.20,3.33,5.00,-9.50,-14.30,20250105,MKDLOWVSELL,4.31,4.31hrs
15/12/2025 12:41:44,sell,0.20,EURAUD,1.76739,15/12/2025 16:18:47,1.76626,0.00,0.00,11.30,15.03,19.29,14.50,-6.91,-5.20,20250105,MKDLOWVSELL,3.62,3.62hrs
15/12/2025 04:00:17,buy,0.10,GBPJPY,208.14800,15/12/2025 10:03:12,207.45300,0.00,0.00,-69.50,-44.77,0.00,0.00,-68.61,-106.30,20250105,MKDLOWVBUY,6.05,6.05hrs
15/12/2025 04:12:38,buy,0.20,GBPJPY,208.02000,15/12/2025 10:03:11,207.45200,0.00,0.00,-56.80,-73.18,0.00,0.00,-120.69,-93.50,20250105,MKDLOWVBUY,5.84,5.84hrs
15/12/2025 06:07:04,buy,0.80,GBPJPY,207.53600,15/12/2025 10:03:10,207.45400,0.00,0.00,-8.20,-42.26,0.00,0.00,-232.86,-45.10,20250105,MKDLOWVBUY,3.94,3.94hrs
15/12/2025 04:43:32,buy,0.40,GBPJPY,207.79300,15/12/2025 10:03:10,207.45400,0.00,0.00,-33.90,-87.35,4.63,1.80,-182.78,-70.80,20250105,MKDLOWVBUY,5.33,5.33hrs
15/12/2025 08:08:36,buy,1.60,GBPJPY,207.17500,15/12/2025 10:03:08,207.45300,0.00,0.00,27.80,286.52,361.67,35.10,-92.94,-9.00,20250105,MKDLOWVBUY,1.91,1.91hrs
15/12/2025 06:24:34,sell,0.10,EURAUD,1.76664,15/12/2025 08:17:08,1.76593,0.00,0.00,7.10,4.72,8.97,13.50,-2.92,-4.40,20250105,MKDLOWVSELL,1.88,1.88hrs
15/12/2025 04:32:04,sell,0.10,GBPUSD,1.33684,15/12/2025 05:55:51,1.33570,0.00,0.00,11.40,11.40,12.20,12.20,-5.70,-5.70,20250105,MKDLOWVSELL,1.40,1.40hrs
15/12/2025 01:00:32,sell,0.10,USDCAD,1.37701,15/12/2025 03:02:34,1.37667,0.00,0.00,3.40,2.47,3.71,5.10,-3.56,-4.90,20250105,MKDLOWVSELL,2.03,2.03hrs
12/12/2025 20:44:55,sell,0.10,EURUSD,1.17457,15/12/2025 00:57:18,1.17387,0.00,0.37,7.00,7.37,9.80,9.80,-2.00,-2.00,20250105,MKDLOWVSELL,52.21,2.18days
12/12/2025 20:01:46,sell,0.10,GBPUSD,1.33724,12/12/2025 21:02:37,1.33605,0.00,0.00,11.90,11.90,12.80,12.80,-5.40,-5.40,20250105,MKDLOWVSELL,1.01,1.01hrs
12/12/2025 18:43:22,buy,0.10,AUDCHF,0.52856,12/12/2025 20:43:36,0.52925,0.00,0.00,6.90,8.68,13.58,10.80,-5.15,-4.10,20250105,MKDLOWVBUY,2.00,2.00hrs
12/12/2025 17:50:43,buy,0.10,GBPJPY,208.46800,12/12/2025 19:47:30,208.31100,0.00,0.00,-15.70,-10.07,0.00,0.00,-38.39,-59.80,20250105,MKDLOWVBUY,1.95,1.95hrs
12/12/2025 17:57:37,buy,0.20,GBPJPY,208.31600,12/12/2025 19:47:29,208.31200,0.00,0.00,-0.40,-0.51,3.34,2.60,-57.27,-44.60,20250105,MKDLOWVBUY,1.83,1.83hrs
12/12/2025 18:05:14,buy,0.40,GBPJPY,208.11000,12/12/2025 19:47:28,208.31000,0.00,0.00,20.00,51.35,59.56,23.20,-61.63,-24.00,20250105,MKDLOWVBUY,1.70,1.70hrs
12/12/2025 18:43:59,sell,0.10,USDCAD,1.37911,12/12/2025 19:07:28,1.37801,0.00,0.00,11.00,7.98,8.27,11.40,-1.31,-1.80,20250105,MKDLOWVSELL,0.39,0.39hrs
12/12/2025 15:30:22,sell,0.10,EURUSD,1.17308,12/12/2025 18:41:54,1.17291,0.00,0.00,1.70,1.70,7.00,7.00,-14.90,-14.90,20250105,MKDLOWVSELL,3.19,3.19hrs
12/12/2025 16:55:26,sell,0.20,EURUSD,1.17420,12/12/2025 18:41:53,1.17291,0.00,0.00,12.90,25.80,26.40,13.20,-7.40,-3.70,20250105,MKDLOWVSELL,1.77,1.77hrs
12/12/2025 17:30:15,buy,0.10,GBPJPY,208.32300,12/12/2025 17:42:59,208.43400,0.00,0.00,11.10,7.12,8.34,13.00,-3.98,-6.20,20250105,MKDLOWVBUY,0.21,0.21hrs
12/12/2025 08:33:33,sell,0.10,NZDCAD,0.80066,12/12/2025 10:02:25,0.80033,0.00,0.00,3.30,2.40,4.72,6.50,-1.89,-2.60,20250105,MKDLOWVSELL,1.48,1.48hrs
11/12/2025 13:08:43,buy,0.20,GBPCHF,1.06590,12/12/2025 08:42:15,1.06484,0.00,1.93,-10.60,-24.73,28.66,11.40,-101.45,-41.00,20250105,MKDLOWVBUY,19.56,19.56hrs
11/12/2025 11:34:00,buy,0.10,GBPCHF,1.06700,12/12/2025 08:42:15,1.06484,0.00,0.96,-21.60,-26.21,4.01,3.20,-64.60,-52.00,20250105,MKDLOWVBUY,21.14,21.14hrs
11/12/2025 22:43:52,buy,0.40,GBPCHF,1.06387,12/12/2025 08:42:13,1.06483,0.00,3.85,9.60,52.15,61.20,11.40,-100.54,-20.70,20250105,MKDLOWVBUY,9.97,9.97hrs
11/12/2025 05:07:34,sell,0.20,GBPAUD,2.01063,11/12/2025 11:11:52,2.01185,0.00,0.00,-12.20,-16.21,0.00,0.00,-75.04,-56.60,20250105,MKDLOWVSELL,6.07,6.07hrs
11/12/2025 05:00:07,sell,0.10,GBPAUD,2.00947,11/12/2025 11:11:52,2.01186,0.00,0.00,-23.90,-15.88,0.00,0.00,-45.21,-68.20,20250105,MKDLOWVSELL,6.20,6.20hrs
11/12/2025 05:42:31,sell,0.40,GBPAUD,2.01328,11/12/2025 11:11:50,2.01172,0.00,0.00,15.60,41.44,59.25,22.30,-79.81,-30.10,20250105,MKDLOWVSELL,5.49,5.49hrs
11/12/2025 09:46:44,sell,0.10,USDCAD,1.38214,11/12/2025 10:52:14,1.38092,0.00,0.00,12.20,8.83,9.71,13.40,-1.52,-2.10,20250105,MKDLOWVSELL,1.09,1.09hrs
10/12/2025 15:00:11,buy,0.20,GBPCHF,1.07063,11/12/2025 09:56:34,1.06969,0.00,5.74,-9.40,-17.76,11.25,4.50,-64.11,-27.90,20250105,MKDLOWVBUY,18.94,18.94hrs
10/12/2025 10:31:30,buy,0.10,GBPCHF,1.07194,11/12/2025 09:56:34,1.06969,0.00,2.87,-22.50,-25.25,4.47,3.60,-48.46,-41.00,20250105,MKDLOWVBUY,23.42,23.42hrs
11/12/2025 05:10:40,buy,0.40,GBPCHF,1.06864,11/12/2025 09:56:32,1.06967,0.00,0.00,10.30,51.50,64.49,12.90,-40.06,-8.00,20250105,MKDLOWVBUY,4.76,4.76hrs
11/12/2025 05:05:42,buy,0.10,NZDUSD,0.58051,11/12/2025 09:30:33,0.58007,0.00,0.00,-4.40,-4.40,0.60,0.60,-17.40,-17.40,20250105,MKDLOWVBUY,4.41,4.41hrs
11/12/2025 06:34:09,buy,0.20,NZDUSD,0.57951,11/12/2025 09:30:32,0.58007,0.00,0.00,5.60,11.20,16.80,8.40,-14.80,-7.40,20250105,MKDLOWVBUY,2.94,2.94hrs
10/12/2025 21:32:10,sell,0.10,EURCAD,1.61290,11/12/2025 08:00:17,1.61410,0.00,-0.98,-12.00,-9.67,9.19,12.70,-17.99,-23.50,20250105,MKDLOWVSELL,10.47,10.47hrs
11/12/2025 02:59:43,sell,0.20,EURCAD,1.61448,11/12/2025 08:00:16,1.61409,0.00,0.00,3.90,5.65,9.12,6.30,-11.15,-7.70,20250105,MKDLOWVSELL,5.01,5.01hrs
11/12/2025 05:13:01,buy,0.10,EURJPY,182.08900,11/12/2025 06:57:54,182.14900,0.00,0.00,6.00,3.85,5.52,8.60,-10.28,-16.00,20250105,MKDLOWVBUY,1.75,1.75hrs
11/12/2025 06:05:39,buy,0.20,EURJPY,181.97800,11/12/2025 06:57:53,182.14600,0.00,0.00,16.80,21.57,25.28,19.70,-2.83,-2.20,20250105,MKDLOWVBUY,0.87,0.87hrs
11/12/2025 02:42:18,sell,0.10,NZDCAD,0.80202,11/12/2025 05:02:35,0.80168,0.00,0.00,3.40,2.46,5.14,7.10,-5.58,-7.70,20250105,MKDLOWVSELL,2.34,2.34hrs
11/12/2025 00:19:58,sell,0.10,EURUSD,1.16899,11/12/2025 05:00:30,1.16965,0.00,0.00,-6.60,-6.60,0.50,0.50,-18.10,-18.10,20250105,MKDLOWVSELL,4.68,4.68hrs
11/12/2025 01:42:57,sell,0.20,EURUSD,1.17008,11/12/2025 05:00:29,1.16963,0.00,0.00,4.50,9.00,13.20,6.60,-14.40,-7.20,20250105,MKDLOWVSELL,3.29,3.29hrs
11/12/2025 01:16:27,buy,0.10,AUDCAD,0.92010,11/12/2025 04:04:41,0.91989,0.00,0.00,-2.10,-1.52,3.70,5.10,-12.25,-16.90,20250105,MKDLOWVBUY,2.80,2.80hrs
11/12/2025 02:33:39,buy,0.20,AUDCAD,0.91918,11/12/2025 04:04:39,0.91989,0.00,0.00,7.10,10.29,16.82,11.60,-11.17,-7.70,20250105,MKDLOWVBUY,1.52,1.52hrs
10/12/2025 13:06:33,buy,0.10,AUDCAD,0.92073,10/12/2025 21:32:15,0.92011,0.00,0.00,-6.20,-4.48,0.00,0.00,-17.50,-24.20,20250105,MKDLOWVBUY,8.43,8.43hrs
10/12/2025 15:15:26,buy,0.20,AUDCAD,0.91978,10/12/2025 21:32:14,0.92012,0.00,0.00,3.40,4.92,9.84,6.80,-21.26,-14.70,20250105,MKDLOWVBUY,6.28,6.28hrs
10/12/2025 17:41:04,buy,0.10,AUDCHF,0.53262,10/12/2025 21:00:20,0.53318,0.00,0.00,5.60,6.98,10.09,8.10,-4.12,-3.30,20250105,MKDLOWVBUY,3.32,3.32hrs
10/12/2025 17:45:27,sell,0.10,EURCAD,1.61253,10/12/2025 19:06:51,1.61131,0.00,0.00,12.20,8.81,10.05,13.90,-3.68,-5.10,20250105,MKDLOWVSELL,1.36,1.36hrs
10/12/2025 13:38:55,buy,0.10,NZDUSD,0.57814,10/12/2025 19:02:35,0.57839,0.00,0.00,2.50,2.50,5.90,5.90,-7.40,-7.40,20250105,MKDLOWVBUY,5.39,5.39hrs
10/12/2025 02:00:16,sell,0.10,GBPCAD,1.84170,10/12/2025 13:04:00,1.84403,0.00,0.00,-23.30,-16.82,0.58,0.80,-32.91,-45.60,20250105,MKDLOWVSELL,11.06,11.06hrs
10/12/2025 04:13:20,sell,0.20,GBPCAD,1.84280,10/12/2025 13:03:59,1.84403,0.00,0.00,-12.30,-17.76,4.04,2.80,-49.95,-34.60,20250105,MKDLOWVSELL,8.84,8.84hrs
10/12/2025 09:40:54,sell,0.40,GBPCAD,1.84481,10/12/2025 13:03:58,1.84404,0.00,0.00,7.70,22.23,40.14,13.90,-41.86,-14.50,20250105,MKDLOWVSELL,3.38,3.38hrs
10/12/2025 09:54:47,sell,0.10,EURUSD,1.16415,10/12/2025 11:19:26,1.16392,0.00,0.00,2.30,2.30,2.80,2.80,-16.90,-16.90,20250105,MKDLOWVSELL,1.41,1.41hrs
10/12/2025 10:39:09,sell,0.20,EURUSD,1.16531,10/12/2025 11:19:25,1.16390,0.00,0.00,14.10,28.20,28.80,14.40,-10.60,-5.30,20250105,MKDLOWVSELL,0.67,0.67hrs
10/12/2025 10:37:37,buy,0.10,USDJPY,156.63800,10/12/2025 11:17:56,156.77000,0.00,0.00,13.20,8.42,9.44,14.80,-1.92,-3.00,20250105,MKDLOWVBUY,0.67,0.67hrs
10/12/2025 03:16:40,sell,0.10,USDCAD,1.38496,10/12/2025 09:14:14,1.38478,0.00,0.00,1.80,1.30,2.46,3.40,-6.35,-8.80,20250105,MKDLOWVSELL,5.96,5.96hrs
10/12/2025 03:30:30,buy,0.10,USDJPY,156.76200,10/12/2025 08:05:02,156.70000,0.00,0.00,-6.20,-3.96,0.13,0.20,-13.29,-20.80,20250105,MKDLOWVBUY,4.58,4.58hrs
10/12/2025 04:22:08,buy,0.20,USDJPY,156.65700,10/12/2025 08:05:00,156.70100,0.00,0.00,4.40,5.62,9.83,7.70,-13.16,-10.30,20250105,MKDLOWVBUY,3.71,3.71hrs
09/12/2025 20:00:09,sell,0.10,EURAUD,1.75072,10/12/2025 07:03:44,1.75162,0.00,0.15,-9.00,-5.83,10.12,15.00,-21.99,-33.40,20250105,MKDLOWVSELL,11.06,11.06hrs
10/12/2025 04:00:07,sell,0.20,EURAUD,1.75212,10/12/2025 07:03:43,1.75162,0.00,0.00,5.00,6.64,17.93,13.50,-25.72,-19.40,20250105,MKDLOWVSELL,3.06,3.06hrs
09/12/2025 23:00:34,buy,0.10,AUDNZD,1.14925,10/12/2025 02:55:29,1.15023,0.00,0.03,9.80,5.69,8.46,14.60,-10.89,-18.90,20250105,MKDLOWVBUY,3.92,3.92hrs
09/12/2025 20:33:03,buy,0.10,CADJPY,113.25700,10/12/2025 02:32:32,113.28300,0.00,-0.04,2.60,1.61,4.99,7.90,-6.10,-9.50,20250105,MKDLOWVBUY,5.99,5.99hrs
09/12/2025 22:06:35,buy,0.10,USDCHF,0.80594,10/12/2025 01:07:42,0.80619,0.00,0.52,2.50,3.62,13.04,10.10,-11.41,-9.60,20250105,MKDLOWVBUY,3.02,3.02hrs
09/12/2025 20:58:38,sell,0.10,EURCAD,1.60995,10/12/2025 01:01:56,1.60967,0.00,-0.33,2.80,1.69,3.21,4.90,-9.50,-12.70,20250105,MKDLOWVSELL,4.05,4.05hrs
09/12/2025 21:14:08,sell,0.10,USDCAD,1.38532,10/12/2025 00:46:48,1.38486,0.00,-0.76,4.60,2.56,6.21,8.60,-1.84,-1.90,20250105,MKDLOWVSELL,3.54,3.54hrs
09/12/2025 18:21:10,sell,0.10,EURUSD,1.16370,09/12/2025 19:52:33,1.16248,0.00,0.00,12.20,12.20,13.00,13.00,-4.80,-4.80,20250105,MKDLOWVSELL,1.52,1.52hrs
09/12/2025 12:30:20,buy,0.10,AUDCAD,0.91941,09/12/2025 17:32:58,0.91977,0.00,0.00,3.60,2.60,4.56,6.30,-8.97,-12.40,20250105,MKDLOWVBUY,5.04,5.04hrs
09/12/2025 13:31:19,buy,0.10,AUDUSD,0.66378,09/12/2025 16:31:52,0.66407,0.00,0.00,2.90,2.90,5.70,5.70,-7.20,-7.20,20250105,MKDLOWVBUY,3.01,3.01hrs
09/12/2025 14:00:00,buy,0.10,EURJPY,181.87600,09/12/2025 15:02:10,181.92500,0.00,0.00,4.90,3.13,6.46,10.10,-4.99,-7.80,20250105,MKDLOWVBUY,1.04,1.04hrs
09/12/2025 13:04:03,buy,0.10,EURJPY,181.74000,09/12/2025 13:58:02,181.87700,0.00,0.00,13.70,8.77,10.12,15.80,-3.65,-5.70,20250105,MKDLOWVBUY,0.90,0.90hrs
09/12/2025 11:00:41,sell,0.10,GBPUSD,1.33427,09/12/2025 12:25:31,1.33407,0.00,0.00,2.00,2.00,3.30,3.30,-14.30,-14.30,20250105,MKDLOWVSELL,1.41,1.41hrs
09/12/2025 11:20:36,sell,0.20,GBPUSD,1.33532,09/12/2025 12:25:30,1.33403,0.00,0.00,12.90,25.80,27.60,13.80,-7.60,-3.80,20250105,MKDLOWVSELL,1.08,1.08hrs
09/12/2025 10:28:14,buy,0.10,AUDCHF,0.53493,09/12/2025 12:04:19,0.53511,0.00,0.00,1.80,2.23,8.81,7.10,-7.33,-5.90,20250105,MKDLOWVBUY,1.60,1.60hrs
09/12/2025 10:28:44,sell,0.20,GBPCAD,1.84728,09/12/2025 11:39:31,1.84760,0.00,0.00,-3.20,-4.62,0.00,0.00,-37.39,-25.90,20250105,MKDLOWVSELL,1.18,1.18hrs
09/12/2025 09:32:28,sell,0.10,GBPCAD,1.84622,09/12/2025 11:39:31,1.84761,0.00,0.00,-13.90,-10.04,0.00,0.00,-26.34,-36.50,20250105,MKDLOWVSELL,2.12,2.12hrs
09/12/2025 10:56:25,sell,0.40,GBPCAD,1.84955,09/12/2025 11:39:29,1.84760,0.00,0.00,19.50,56.33,60.97,21.10,-9.53,-3.30,20250105,MKDLOWVSELL,0.72,0.72hrs
08/12/2025 20:30:57,buy,0.10,USDCHF,0.80693,09/12/2025 10:01:44,0.80614,0.00,0.52,-7.90,-9.28,8.57,6.50,-21.59,-17.80,20250105,MKDLOWVBUY,13.51,13.51hrs
09/12/2025 07:53:46,buy,0.20,USDCHF,0.80579,09/12/2025 10:01:42,0.80614,0.00,0.00,3.50,8.68,15.87,6.40,-15.90,-6.40,20250105,MKDLOWVBUY,2.13,2.13hrs
09/12/2025 05:01:34,sell,0.10,NZDCAD,0.80039,09/12/2025 09:31:32,0.80082,0.00,0.00,-4.30,-3.10,1.08,1.50,-12.20,-16.90,20250105,MKDLOWVSELL,4.50,4.50hrs
09/12/2025 06:42:48,sell,0.20,NZDCAD,0.80147,09/12/2025 09:31:30,0.80085,0.00,0.00,6.20,8.95,12.27,8.50,-8.81,-6.10,20250105,MKDLOWVSELL,2.81,2.81hrs
09/12/2025 03:00:24,sell,0.10,GBPAUD,2.01135,09/12/2025 05:04:19,2.01151,0.00,0.00,-1.60,-1.06,1.92,2.90,-9.66,-14.60,20250105,MKDLOWVSELL,2.07,2.07hrs
09/12/2025 03:07:12,sell,0.20,GBPAUD,2.01238,09/12/2025 05:04:17,2.01151,0.00,0.00,8.70,11.53,17.49,13.20,-5.56,-4.20,20250105,MKDLOWVSELL,1.95,1.95hrs
05/12/2025 15:30:11,buy,0.20,USDCAD,1.39180,08/12/2025 21:04:59,1.38545,0.00,0.67,-63.50,-91.00,0.67,0.20,-171.08,-118.50,20250105,MKDLOWVBUY,77.58,3.23days
05/12/2025 14:59:39,buy,0.10,USDCAD,1.39329,08/12/2025 21:04:59,1.38545,0.00,0.34,-78.40,-56.25,3.95,5.50,-96.33,-133.40,20250105,MKDLOWVBUY,78.09,3.25days
05/12/2025 15:41:16,buy,0.40,USDCAD,1.38916,08/12/2025 21:04:58,1.38546,0.00,1.35,-37.00,-105.47,19.00,6.60,-265.62,-92.10,20250105,MKDLOWVBUY,77.39,3.22days
05/12/2025 17:33:54,buy,0.80,USDCAD,1.38623,08/12/2025 21:04:57,1.38546,0.00,2.69,-7.70,-41.77,44.41,7.70,-361.38,-62.80,20250105,MKDLOWVBUY,75.52,3.15days
05/12/2025 23:02:38,buy,1.60,USDCAD,1.38270,08/12/2025 21:04:55,1.38547,0.00,5.38,27.70,325.27,374.82,32.00,-313.47,-27.50,20250105,MKDLOWVBUY,70.04,2.92days
08/12/2025 18:03:02,buy,0.10,CHFJPY,192.97300,08/12/2025 21:03:53,193.04300,0.00,0.00,7.00,4.49,8.99,14.00,-5.97,-9.30,20250105,MKDLOWVBUY,3.01,3.01hrs
08/12/2025 16:30:34,sell,0.10,GBPUSD,1.33339,08/12/2025 16:53:53,1.33176,0.00,0.00,16.30,16.30,17.60,17.60,-2.40,-2.40,20250105,MKDLOWVSELL,0.39,0.39hrs
08/12/2025 14:00:49,buy,0.10,CHFJPY,193.14600,08/12/2025 16:36:44,193.18400,0.00,0.00,3.80,2.44,4.24,6.60,-13.71,-21.30,20250105,MKDLOWVBUY,2.60,2.60hrs
08/12/2025 16:25:48,buy,0.20,CHFJPY,193.00700,08/12/2025 16:36:43,193.18500,0.00,0.00,17.80,22.87,26.34,20.50,-9.52,-7.40,20250105,MKDLOWVBUY,0.18,0.18hrs
08/12/2025 01:31:23,sell,0.10,EURUSD,1.16453,08/12/2025 10:39:26,1.16524,0.00,0.00,-7.10,-7.10,5.30,5.30,-27.40,-27.40,20250105,MKDLOWVSELL,9.13,9.13hrs
08/12/2025 07:51:13,sell,0.20,EURUSD,1.16554,08/12/2025 10:39:25,1.16527,0.00,0.00,2.70,5.40,13.40,6.70,-34.60,-17.30,20250105,MKDLOWVSELL,2.80,2.80hrs
08/12/2025 03:00:11,buy,0.10,EURJPY,180.71100,08/12/2025 06:05:43,180.66600,0.00,0.00,-4.50,-2.90,1.16,1.80,-14.14,-21.90,20250105,MKDLOWVBUY,3.09,3.09hrs
08/12/2025 03:16:21,buy,0.20,EURJPY,180.58000,08/12/2025 06:05:41,180.66600,0.00,0.00,8.60,11.09,17.66,13.70,-11.36,-8.80,20250105,MKDLOWVBUY,2.82,2.82hrs
05/12/2025 22:31:00,buy,0.10,GBPCHF,1.07217,08/12/2025 01:50:26,1.07210,0.00,0.95,-0.70,0.08,6.79,4.80,-28.80,-23.90,20250105,MKDLOWVBUY,51.32,2.14days
05/12/2025 18:30:30,buy,0.10,GBPJPY,207.01900,05/12/2025 20:07:41,207.07300,0.00,0.00,5.40,3.48,3.48,5.40,-11.98,-18.60,20250105,MKDLOWVBUY,1.62,1.62hrs
05/12/2025 18:44:14,buy,0.20,GBPJPY,206.91000,05/12/2025 20:07:40,207.06000,0.00,0.00,15.00,19.32,20.87,16.20,-9.92,-7.70,20250105,MKDLOWVBUY,1.39,1.39hrs
03/12/2025 17:05:28,sell,0.10,NZDCAD,0.80241,05/12/2025 15:38:24,0.80370,0.00,-0.97,-12.90,-10.25,0.00,0.00,-31.99,-44.00,20250105,MKDLOWVSELL,46.55,1.94days
03/12/2025 17:24:17,sell,0.20,NZDCAD,0.80351,05/12/2025 15:38:23,0.80372,0.00,-1.95,-2.10,-4.97,3.58,2.50,-48.24,-33.00,20250105,MKDLOWVSELL,46.23,1.93days
04/12/2025 03:01:30,sell,0.40,NZDCAD,0.80577,05/12/2025 15:38:22,0.80372,0.00,-0.97,20.50,58.02,60.63,21.40,-29.79,-10.40,20250105,MKDLOWVSELL,36.61,1.53days
05/12/2025 12:01:17,buy,0.10,GBPCHF,1.07131,05/12/2025 14:36:58,1.07190,0.00,0.00,5.90,7.35,11.45,9.20,-9.09,-7.30,20250105,MKDLOWVBUY,2.59,2.59hrs
05/12/2025 07:01:12,sell,0.10,GBPUSD,1.33365,05/12/2025 12:38:04,1.33354,0.00,0.00,1.10,1.10,1.80,1.80,-26.70,-26.70,20250105,MKDLOWVSELL,5.61,5.61hrs
05/12/2025 08:37:50,sell,0.20,GBPUSD,1.33480,05/12/2025 12:38:02,1.33354,0.00,0.00,12.60,25.20,26.60,13.30,-30.40,-15.20,20250105,MKDLOWVSELL,4.00,4.00hrs
05/12/2025 04:01:58,buy,0.10,USDCHF,0.80322,05/12/2025 10:53:52,0.80328,0.00,0.00,0.60,0.75,5.10,4.10,-17.21,-13.80,20250105,MKDLOWVBUY,6.87,6.87hrs
05/12/2025 09:39:44,buy,0.20,USDCHF,0.80205,05/12/2025 10:53:51,0.80328,0.00,0.00,12.30,30.62,34.36,13.80,-5.24,-2.10,20250105,MKDLOWVBUY,1.24,1.24hrs
05/12/2025 08:59:59,buy,0.10,NZDJPY,89.27200,05/12/2025 10:13:04,89.39100,0.00,0.00,11.90,7.68,8.72,13.50,-5.38,-8.30,20250105,MKDLOWVBUY,1.22,1.22hrs
05/12/2025 08:31:36,sell,0.10,GBPAUD,2.01509,05/12/2025 10:11:22,2.01353,0.00,0.00,15.60,10.34,10.34,15.60,-8.68,-13.10,20250105,MKDLOWVSELL,1.66,1.66hrs
05/12/2025 07:29:14,buy,0.10,EURJPY,180.37100,05/12/2025 10:05:10,180.41800,0.00,0.00,4.70,3.04,4.33,6.70,-18.21,-28.10,20250105,MKDLOWVBUY,2.60,2.60hrs
05/12/2025 07:37:53,buy,0.20,EURJPY,180.26000,05/12/2025 10:05:08,180.41700,0.00,0.00,15.70,20.30,23.01,17.80,-22.03,-17.00,20250105,MKDLOWVBUY,2.45,2.45hrs
05/12/2025 07:31:35,buy,0.10,AUDJPY,102.42800,05/12/2025 10:04:39,102.46200,0.00,0.00,3.40,2.20,3.49,5.40,-9.39,-14.50,20250105,MKDLOWVBUY,2.55,2.55hrs
05/12/2025 09:32:44,buy,0.20,AUDJPY,102.32600,05/12/2025 10:04:37,102.46100,0.00,0.00,13.50,17.46,20.17,15.60,-4.28,-3.30,20250105,MKDLOWVBUY,0.53,0.53hrs
05/12/2025 03:33:07,buy,0.10,USDCAD,1.39532,05/12/2025 06:04:56,1.39534,0.00,0.00,0.20,0.14,2.79,3.90,-2.37,-3.30,20250105,MKDLOWVBUY,2.53,2.53hrs
05/12/2025 04:00:11,sell,0.10,GBPUSD,1.33320,05/12/2025 06:01:41,1.33288,0.00,0.00,3.20,3.20,6.10,6.10,-3.00,-3.00,20250105,MKDLOWVSELL,2.02,2.02hrs
05/12/2025 00:15:18,buy,0.10,NZDJPY,89.42000,05/12/2025 03:42:11,89.41900,0.00,0.00,-0.10,-0.07,2.26,3.50,-12.46,-19.30,20250105,MKDLOWVBUY,3.45,3.45hrs
04/12/2025 12:58:57,buy,0.20,EURJPY,180.57600,05/12/2025 02:03:16,180.66200,0.00,-0.33,8.60,10.76,16.81,13.30,-23.27,-18.00,20250105,MKDLOWVBUY,13.07,13.07hrs
04/12/2025 12:06:54,buy,0.10,EURJPY,180.76600,05/12/2025 02:03:16,180.66200,0.00,-0.16,-10.40,-6.86,0.00,0.00,-23.91,-37.00,20250105,MKDLOWVBUY,13.94,13.94hrs
04/12/2025 23:17:28,buy,0.10,GBPJPY,206.74100,05/12/2025 02:03:14,206.74300,0.00,0.62,0.20,0.75,3.20,4.00,-21.07,-33.60,20250105,MKDLOWVBUY,2.76,2.76hrs
02/12/2025 21:06:37,sell,0.10,EURUSD,1.16098,04/12/2025 21:26:13,1.16537,0.00,1.47,-43.90,-42.43,1.47,0.00,-71.33,-72.80,20250105,MKDLOWVSELL,48.33,2.01days
03/12/2025 08:05:24,sell,0.40,EURUSD,1.16440,04/12/2025 21:26:12,1.16538,0.00,4.42,-9.80,-34.78,30.80,7.70,-149.98,-38.60,20250105,MKDLOWVSELL,37.35,1.56days
02/12/2025 21:58:00,sell,0.20,EURUSD,1.16228,04/12/2025 21:26:12,1.16537,0.00,2.95,-30.90,-58.85,4.80,2.40,-116.65,-59.80,20250105,MKDLOWVSELL,47.47,1.98days
03/12/2025 15:12:22,sell,0.80,EURUSD,1.16696,04/12/2025 21:26:11,1.16538,0.00,8.83,15.80,135.23,158.43,18.70,-95.17,-13.00,20250105,MKDLOWVSELL,30.23,1.26days
04/12/2025 12:00:21,buy,0.10,AUDJPY,102.46200,04/12/2025 17:24:13,102.40800,0.00,0.00,-5.40,-3.49,0.00,0.00,-24.07,-37.20,20250105,MKDLOWVBUY,5.40,5.40hrs
04/12/2025 13:01:59,buy,0.20,AUDJPY,102.31800,04/12/2025 17:24:11,102.40800,0.00,0.00,9.00,11.63,17.57,13.60,-29.51,-22.80,20250105,MKDLOWVBUY,4.37,4.37hrs
04/12/2025 10:30:15,buy,0.10,AUDNZD,1.14515,04/12/2025 12:33:47,1.14604,0.00,0.00,8.90,5.13,7.33,12.70,-2.14,-3.70,20250105,MKDLOWVBUY,2.06,2.06hrs
04/12/2025 08:49:02,buy,0.10,EURJPY,181.09400,04/12/2025 10:58:00,180.96000,0.00,0.00,-13.40,-8.65,1.87,2.90,-25.31,-39.20,20250105,MKDLOWVBUY,2.15,2.15hrs
04/12/2025 10:01:47,buy,0.20,EURJPY,180.98200,04/12/2025 10:57:59,180.95100,0.00,0.00,-3.10,-4.01,0.00,0.00,-36.16,-28.00,20250105,MKDLOWVBUY,0.94,0.94hrs
04/12/2025 10:11:54,buy,0.40,EURJPY,180.75400,04/12/2025 10:57:58,180.95700,0.00,0.00,20.30,52.41,56.30,21.80,-9.82,-3.80,20250105,MKDLOWVBUY,0.77,0.77hrs
04/12/2025 08:00:52,buy,0.10,EURJPY,180.99400,04/12/2025 08:36:43,181.13000,0.00,0.00,13.60,8.75,10.36,16.10,-2.13,-3.30,20250105,MKDLOWVBUY,0.60,0.60hrs
04/12/2025 01:33:47,buy,0.10,EURJPY,181.08400,04/12/2025 03:24:44,181.08900,0.00,0.00,0.50,0.33,2.12,3.30,-17.09,-26.50,20250105,MKDLOWVBUY,1.85,1.85hrs
04/12/2025 01:53:33,buy,0.20,EURJPY,180.93000,04/12/2025 03:24:43,181.08900,0.00,0.00,15.90,20.47,24.08,18.70,-14.32,-11.10,20250105,MKDLOWVBUY,1.52,1.52hrs
03/12/2025 21:00:01,buy,0.10,AUDNZD,1.14333,04/12/2025 01:55:48,1.14362,0.00,0.10,2.90,1.77,2.93,4.90,-6.59,-11.60,20250105,MKDLOWVBUY,4.93,4.93hrs
03/12/2025 19:21:13,buy,0.10,USDJPY,155.13000,03/12/2025 22:34:31,155.19300,0.00,0.00,6.30,4.06,5.15,8.00,-3.87,-6.00,20250105,MKDLOWVBUY,3.22,3.22hrs
03/12/2025 17:00:06,buy,0.10,CHFJPY,194.16400,03/12/2025 19:52:57,193.99400,0.00,0.00,-17.00,-10.96,7.39,11.50,-32.97,-51.10,20250105,MKDLOWVBUY,2.88,2.88hrs
03/12/2025 18:23:22,buy,0.40,CHFJPY,193.73200,03/12/2025 19:52:56,193.99300,0.00,0.00,26.10,67.30,74.51,28.90,-20.39,-7.90,20250105,MKDLOWVBUY,1.49,1.49hrs
03/12/2025 17:25:52,buy,0.20,CHFJPY,194.04100,03/12/2025 19:52:56,193.99300,0.00,0.00,-4.80,-6.19,3.86,3.00,-50.06,-38.80,20250105,MKDLOWVBUY,2.45,2.45hrs
03/12/2025 18:30:26,buy,0.10,USDJPY,155.06000,03/12/2025 19:09:46,155.19300,0.00,0.00,13.30,8.57,9.99,15.50,-1.94,-3.00,20250105,MKDLOWVBUY,0.66,0.66hrs
03/12/2025 13:52:54,sell,0.10,EURCAD,1.62585,03/12/2025 17:50:33,1.62558,0.00,0.00,2.70,1.94,1.94,2.70,-22.05,-30.80,20250105,MKDLOWVSELL,3.96,3.96hrs
03/12/2025 15:10:26,sell,0.20,EURCAD,1.62709,03/12/2025 17:50:32,1.62568,0.00,0.00,14.10,20.22,21.23,14.80,-26.35,-18.40,20250105,MKDLOWVSELL,2.67,2.67hrs
02/12/2025 15:00:36,buy,0.10,USDCAD,1.40030,03/12/2025 16:57:42,1.39613,0.00,0.33,-41.70,-29.54,1.36,1.90,-46.16,-64.80,20250105,MKDLOWVBUY,25.95,1.08days
02/12/2025 21:58:08,buy,0.40,USDCAD,1.39702,03/12/2025 16:57:41,1.39615,0.00,1.33,-8.70,-23.60,34.62,12.10,-90.50,-32.00,20250105,MKDLOWVBUY,18.99,18.99hrs
02/12/2025 16:08:14,buy,0.20,USDCAD,1.39912,03/12/2025 16:57:41,1.39614,0.00,0.67,-29.80,-42.02,9.72,6.80,-75.38,-53.00,20250105,MKDLOWVBUY,24.82,1.03days
03/12/2025 12:28:16,buy,0.80,USDCAD,1.39420,03/12/2025 16:57:40,1.39614,0.00,0.00,19.40,111.16,129.47,22.60,-21.81,-3.80,20250105,MKDLOWVBUY,4.49,4.49hrs
03/12/2025 14:02:27,buy,0.10,AUDJPY,102.39100,03/12/2025 16:01:32,102.45200,0.00,0.00,6.10,3.92,5.92,9.20,-2.90,-4.50,20250105,MKDLOWVBUY,1.98,1.98hrs
03/12/2025 10:26:10,buy,0.10,AUDJPY,102.39300,03/12/2025 11:31:05,102.43300,0.00,0.00,4.00,2.57,5.52,8.60,-2.95,-4.60,20250105,MKDLOWVBUY,1.08,1.08hrs
03/12/2025 08:57:54,sell,0.10,EURCAD,1.62598,03/12/2025 10:18:23,1.62555,0.00,0.00,4.30,3.07,3.08,4.30,-9.95,-13.90,20250105,MKDLOWVSELL,1.34,1.34hrs
03/12/2025 09:22:10,sell,0.20,EURCAD,1.62701,03/12/2025 10:18:22,1.62554,0.00,0.00,14.70,21.05,21.06,14.70,-5.73,-4.00,20250105,MKDLOWVSELL,0.94,0.94hrs
03/12/2025 02:02:09,buy,0.20,USDJPY,155.73800,03/12/2025 10:08:21,155.71600,0.00,0.00,-2.20,-2.83,8.86,6.90,-29.84,-23.20,20250105,MKDLOWVBUY,8.10,8.10hrs
02/12/2025 22:38:35,buy,0.10,USDJPY,155.89200,03/12/2025 10:08:21,155.71600,0.00,0.45,-17.60,-10.85,0.90,0.70,-24.37,-38.60,20250105,MKDLOWVBUY,11.50,11.50hrs
03/12/2025 08:30:12,buy,0.40,USDJPY,155.53300,03/12/2025 10:08:19,155.71500,0.00,0.00,18.20,46.75,50.09,19.50,-6.43,-2.50,20250105,MKDLOWVBUY,1.64,1.64hrs
03/12/2025 02:01:03,sell,0.10,NZDCAD,0.80205,03/12/2025 09:33:12,0.80281,0.00,0.00,-7.60,-5.44,4.30,6.00,-14.53,-20.30,20250105,MKDLOWVSELL,7.54,7.54hrs
03/12/2025 04:16:06,sell,0.20,NZDCAD,0.80310,03/12/2025 09:33:11,0.80281,0.00,0.00,2.90,4.15,6.87,4.80,-14.03,-9.80,20250105,MKDLOWVSELL,5.28,5.28hrs
02/12/2025 17:30:45,buy,0.10,GBPCHF,1.06155,03/12/2025 09:30:01,1.06166,0.00,0.95,1.10,2.33,9.45,7.60,-34.30,-28.30,20250105,MKDLOWVBUY,15.99,15.99hrs
03/12/2025 02:01:52,sell,0.10,AUDUSD,0.65749,03/12/2025 02:30:32,0.65568,0.00,0.00,18.10,18.10,18.10,18.10,-1.90,-1.90,20250105,MKDLOWVSELL,0.48,0.48hrs
03/12/2025 00:17:00,buy,0.10,AUDNZD,1.14471,03/12/2025 02:29:50,1.14499,0.00,0.00,2.80,1.61,4.19,7.30,-8.72,-15.20,20250105,MKDLOWVBUY,2.21,2.21hrs
02/12/2025 23:00:04,sell,0.10,GBPCAD,1.84626,03/12/2025 01:00:27,1.84586,0.00,-1.21,4.00,1.65,8.03,12.90,-8.44,-10.10,20250105,MKDLOWVSELL,2.01,2.01hrs
02/12/2025 17:55:25,buy,0.10,GBPJPY,205.85200,02/12/2025 20:54:37,205.86100,0.00,0.00,0.90,0.58,2.24,3.50,-24.46,-38.10,20250105,MKDLOWVBUY,2.99,2.99hrs
02/12/2025 18:11:15,buy,0.20,GBPJPY,205.69500,02/12/2025 20:54:36,205.86000,0.00,0.00,16.50,21.15,24.61,19.20,-28.76,-22.40,20250105,MKDLOWVBUY,2.72,2.72hrs
02/12/2025 15:41:11,buy,0.10,AUDNZD,1.14510,02/12/2025 19:27:54,1.14488,0.00,0.00,-2.20,-1.26,0.80,1.40,-8.37,-14.60,20250105,MKDLOWVBUY,3.78,3.78hrs
02/12/2025 17:35:17,buy,0.20,AUDNZD,1.14400,02/12/2025 19:27:52,1.14488,0.00,0.00,8.80,10.09,13.40,11.70,-4.13,-3.60,20250105,MKDLOWVBUY,1.88,1.88hrs
02/12/2025 17:30:07,buy,0.10,GBPJPY,205.82000,02/12/2025 17:41:54,205.94900,0.00,0.00,12.90,8.27,9.94,15.50,-2.05,-3.20,20250105,MKDLOWVBUY,0.20,0.20hrs
02/12/2025 15:01:27,sell,0.10,EURUSD,1.16188,02/12/2025 17:09:09,1.16089,0.00,0.00,9.90,9.90,10.90,10.90,-5.00,-5.00,20250105,MKDLOWVSELL,2.13,2.13hrs
02/12/2025 14:05:10,sell,0.10,EURCAD,1.62678,02/12/2025 16:47:37,1.62557,0.00,0.00,12.10,8.65,9.72,13.60,-4.00,-5.60,20250105,MKDLOWVSELL,2.71,2.71hrs
02/12/2025 09:31:15,buy,0.10,GBPCHF,1.06277,02/12/2025 15:19:37,1.06235,0.00,0.00,-4.20,-5.22,11.43,9.20,-24.11,-19.40,20250105,MKDLOWVBUY,5.81,5.81hrs
02/12/2025 12:12:07,buy,0.20,GBPCHF,1.06170,02/12/2025 15:19:35,1.06234,0.00,0.00,6.40,15.91,24.11,9.70,-21.62,-8.70,20250105,MKDLOWVBUY,3.12,3.12hrs
02/12/2025 12:00:55,buy,0.10,NZDJPY,89.18500,02/12/2025 15:02:21,89.29800,0.00,0.00,11.30,7.25,8.65,13.50,-5.07,-7.90,20250105,MKDLOWVBUY,3.02,3.02hrs
02/12/2025 11:31:05,sell,0.10,GBPAUD,2.01743,02/12/2025 12:03:58,2.01590,0.00,0.00,15.30,10.02,10.93,16.70,-7.20,-11.00,20250105,MKDLOWVSELL,0.55,0.55hrs
02/12/2025 11:30:13,sell,0.10,GBPCAD,1.85029,02/12/2025 12:03:56,1.84900,0.00,0.00,12.90,9.20,10.28,14.40,-8.07,-11.30,20250105,MKDLOWVSELL,0.56,0.56hrs
02/12/2025 06:44:53,sell,0.10,NZDUSD,0.57265,02/12/2025 11:50:42,0.57182,0.00,0.00,8.30,8.30,10.30,10.30,-6.90,-6.90,20250105,MKDLOWVSELL,5.10,5.10hrs
02/12/2025 03:31:55,sell,0.10,GBPCAD,1.84952,02/12/2025 07:36:39,1.84970,0.00,0.00,-1.80,-1.29,0.21,0.30,-8.14,-11.40,20250105,MKDLOWVSELL,4.08,4.08hrs
01/12/2025 00:20:50,buy,0.10,NZDJPY,89.55700,02/12/2025 05:09:02,89.13800,0.00,0.11,-41.90,-26.80,1.79,2.80,-44.28,-68.60,20250105,MKDLOWVBUY,28.80,1.20days
01/12/2025 01:30:05,buy,0.20,NZDJPY,89.44300,02/12/2025 05:09:01,89.13800,0.00,0.23,-30.50,-38.96,7.30,5.70,-73.84,-57.20,20250105,MKDLOWVBUY,27.65,1.15days
01/12/2025 03:10:23,buy,0.40,NZDJPY,89.23300,02/12/2025 05:09:00,89.13800,0.00,0.46,-9.50,-23.95,46.98,18.30,-93.47,-36.20,20250105,MKDLOWVBUY,25.98,1.08days
01/12/2025 12:49:42,buy,0.80,NZDJPY,88.96800,02/12/2025 05:08:59,89.13800,0.00,0.91,17.00,88.27,102.66,19.80,-50.09,-9.70,20250105,MKDLOWVBUY,16.32,16.32hrs
01/12/2025 00:20:22,buy,0.10,AUDJPY,102.30500,02/12/2025 04:52:23,101.96800,0.00,0.46,-33.70,-21.18,0.46,0.00,-51.78,-80.10,20250105,MKDLOWVBUY,28.53,1.19days
01/12/2025 00:58:45,buy,0.20,AUDJPY,102.18700,02/12/2025 04:52:22,101.96800,0.00,0.92,-21.90,-27.22,10.51,8.20,-88.30,-68.30,20250105,MKDLOWVBUY,27.89,1.16days
01/12/2025 02:30:14,buy,0.40,AUDJPY,101.98200,02/12/2025 04:52:21,101.96800,0.00,1.85,-1.40,-1.74,24.91,9.70,-123.60,-47.80,20250105,MKDLOWVBUY,26.37,1.10days
01/12/2025 04:55:10,buy,0.80,AUDJPY,101.72100,02/12/2025 04:52:20,101.96800,0.00,3.69,24.70,130.61,142.93,27.10,-112.22,-21.70,20250105,MKDLOWVBUY,23.95,23.95hrs
01/12/2025 22:06:57,sell,0.10,GBPAUD,2.01934,02/12/2025 01:20:53,2.01915,0.00,-0.51,1.90,0.74,2.63,4.80,-17.31,-25.70,20250105,MKDLOWVSELL,3.23,3.23hrs
01/12/2025 09:31:33,sell,0.10,EURUSD,1.16076,01/12/2025 17:42:49,1.16258,0.00,0.00,-18.20,-18.20,2.90,2.90,-45.10,-45.10,20250105,MKDLOWVSELL,8.19,8.19hrs
01/12/2025 10:18:14,sell,0.20,EURUSD,1.16178,01/12/2025 17:42:48,1.16258,0.00,0.00,-8.00,-16.00,22.20,11.10,-69.80,-34.90,20250105,MKDLOWVSELL,7.41,7.41hrs
01/12/2025 14:48:46,sell,0.40,EURUSD,1.16412,01/12/2025 17:42:44,1.16270,0.00,0.00,14.20,56.80,71.20,17.80,-46.00,-11.50,20250105,MKDLOWVSELL,2.90,2.90hrs
01/12/2025 12:54:44,sell,0.10,GBPUSD,1.32263,01/12/2025 17:34:49,1.32390,0.00,0.00,-12.70,-12.70,4.80,4.80,-49.50,-49.50,20250105,MKDLOWVSELL,4.67,4.67hrs
01/12/2025 14:07:27,sell,0.20,GBPUSD,1.32377,01/12/2025 17:34:48,1.32389,0.00,0.00,-1.20,-2.40,4.20,2.10,-76.20,-38.10,20250105,MKDLOWVSELL,3.46,3.46hrs
01/12/2025 14:49:59,sell,0.40,GBPUSD,1.32597,01/12/2025 17:34:47,1.32388,0.00,0.00,20.90,83.60,85.20,21.30,-64.40,-16.10,20250105,MKDLOWVSELL,2.75,2.75hrs
28/11/2025 19:03:10,sell,0.10,NZDCAD,0.80138,01/12/2025 16:55:00,0.80125,0.00,-0.28,1.30,0.66,7.74,11.20,-11.53,-15.70,20250105,MKDLOWVSELL,69.86,2.91days
01/12/2025 09:25:19,buy,0.10,GBPCHF,1.06286,01/12/2025 16:35:55,1.06266,0.00,0.00,-2.00,-2.50,9.58,7.70,-29.64,-23.80,20250105,MKDLOWVBUY,7.18,7.18hrs
01/12/2025 10:04:12,buy,0.20,GBPCHF,1.06170,01/12/2025 16:35:54,1.06265,0.00,0.00,9.50,23.69,29.67,11.90,-30.39,-12.20,20250105,MKDLOWVBUY,6.53,6.53hrs
01/12/2025 11:02:27,sell,0.10,EURAUD,1.77427,01/12/2025 15:30:35,1.77458,0.00,0.00,-3.10,-2.04,4.98,7.60,-14.40,-22.00,20250105,MKDLOWVSELL,4.47,4.47hrs
01/12/2025 12:41:02,sell,0.20,EURAUD,1.77531,01/12/2025 15:30:34,1.77475,0.00,0.00,5.60,7.35,19.16,14.60,-15.19,-11.60,20250105,MKDLOWVSELL,2.83,2.83hrs
01/12/2025 12:00:35,sell,0.10,GBPUSD,1.32306,01/12/2025 12:45:50,1.32204,0.00,0.00,10.20,10.20,10.90,10.90,-3.40,-3.40,20250105,MKDLOWVSELL,0.75,0.75hrs
01/12/2025 07:02:38,sell,0.10,EURAUD,1.77253,01/12/2025 08:34:49,1.77217,0.00,0.00,3.60,2.35,3.60,5.50,-11.90,-18.20,20250105,MKDLOWVSELL,1.54,1.54hrs
01/12/2025 07:07:28,sell,0.20,EURAUD,1.77356,01/12/2025 08:34:48,1.77209,0.00,0.00,14.70,19.23,20.67,15.80,-10.33,-7.90,20250105,MKDLOWVSELL,1.46,1.46hrs
28/11/2025 14:30:19,buy,0.10,USDCHF,0.80571,01/12/2025 04:37:44,0.80374,0.00,0.52,-19.70,-23.99,1.24,1.00,-41.48,-33.70,20250105,MKDLOWVBUY,62.12,2.59days
28/11/2025 15:56:49,buy,0.20,USDCHF,0.80465,01/12/2025 04:37:43,0.80374,0.00,1.04,-9.10,-21.60,27.06,10.90,-56.54,-23.10,20250105,MKDLOWVBUY,60.68,2.53days
01/12/2025 03:26:22,buy,0.40,USDCHF,0.80262,01/12/2025 04:37:42,0.80374,0.00,0.00,11.20,55.74,70.15,14.10,-13.96,-2.80,20250105,MKDLOWVBUY,1.19,1.19hrs
01/12/2025 03:00:57,sell,0.10,EURAUD,1.77374,01/12/2025 03:21:11,1.77237,0.00,0.00,13.70,8.98,11.01,16.80,-2.88,-4.40,20250105,MKDLOWVSELL,0.34,0.34hrs
01/12/2025 01:00:35,sell,0.10,EURAUD,1.77228,01/12/2025 02:00:15,1.77074,0.00,0.00,15.40,10.09,10.09,15.40,-1.31,-2.00,20250105,MKDLOWVSELL,0.99,0.99hrs
28/11/2025 17:58:46,sell,0.10,NZDUSD,0.57414,01/12/2025 00:15:54,0.57318,0.00,0.12,9.60,9.72,11.42,11.30,-1.80,-1.80,20250105,MKDLOWVSELL,54.29,2.26days
28/11/2025 19:00:20,sell,0.10,EURCAD,1.62078,28/11/2025 23:30:09,1.62086,0.00,0.00,-0.80,-0.57,6.37,8.90,-10.52,-14.70,20250105,MKDLOWVSELL,4.50,4.50hrs
28/11/2025 15:31:22,buy,0.20,USDCAD,1.39986,28/11/2025 18:29:06,1.39729,0.00,0.00,-25.70,-36.79,16.70,11.70,-87.68,-61.10,20250105,MKDLOWVBUY,2.96,2.96hrs
28/11/2025 15:15:05,buy,0.10,USDCAD,1.40159,28/11/2025 18:29:06,1.39721,0.00,0.00,-43.80,-31.35,0.00,0.00,-56.25,-78.40,20250105,MKDLOWVBUY,3.23,3.23hrs
28/11/2025 17:03:12,buy,0.40,USDCAD,1.39773,28/11/2025 18:29:05,1.39731,0.00,0.00,-4.20,-12.02,0.00,0.00,-114.22,-39.80,20250105,MKDLOWVBUY,1.43,1.43hrs
28/11/2025 18:01:06,buy,0.80,USDCAD,1.39428,28/11/2025 18:29:04,1.39730,0.00,0.00,30.20,172.90,182.05,31.80,-27.55,-4.80,20250105,MKDLOWVBUY,0.47,0.47hrs
28/11/2025 04:40:14,buy,0.10,NZDJPY,89.45800,28/11/2025 16:21:40,89.35800,0.00,0.00,-10.00,-6.41,0.96,1.50,-24.09,-37.60,20250105,MKDLOWVBUY,11.69,11.69hrs
28/11/2025 06:46:04,buy,0.20,NZDJPY,89.34600,28/11/2025 16:21:39,89.35800,0.00,0.00,1.20,1.54,14.32,11.20,-33.83,-26.40,20250105,MKDLOWVBUY,9.59,9.59hrs
28/11/2025 13:22:22,buy,0.40,NZDJPY,89.13700,28/11/2025 16:21:38,89.35800,0.00,0.00,22.10,56.63,60.97,23.80,-14.10,-5.50,20250105,MKDLOWVBUY,2.99,2.99hrs
28/11/2025 12:30:28,buy,0.10,CADJPY,111.33500,28/11/2025 15:28:11,111.45600,0.00,0.00,12.10,7.76,8.84,13.80,-7.75,-12.10,20250105,MKDLOWVBUY,2.96,2.96hrs
28/11/2025 07:03:04,sell,0.10,EURUSD,1.15874,28/11/2025 09:00:22,1.15865,0.00,0.00,0.90,0.90,5.70,5.70,-6.30,-6.30,20250105,MKDLOWVSELL,1.96,1.96hrs
28/11/2025 04:03:13,buy,0.10,EURJPY,181.15500,28/11/2025 07:08:17,181.11700,0.00,0.00,-3.80,-2.43,0.96,1.50,-21.39,-33.40,20250105,MKDLOWVBUY,3.08,3.08hrs
28/11/2025 04:32:45,buy,0.20,EURJPY,180.92600,28/11/2025 07:08:15,181.12100,0.00,0.00,19.50,24.96,27.90,21.80,-13.45,-10.50,20250105,MKDLOWVBUY,2.59,2.59hrs
28/11/2025 00:26:15,sell,0.10,NZDUSD,0.57241,28/11/2025 04:39:38,0.57236,0.00,0.00,0.50,0.50,3.30,3.30,-8.20,-8.20,20250105,MKDLOWVSELL,4.22,4.22hrs
28/11/2025 01:00:04,buy,0.10,EURJPY,181.26300,28/11/2025 02:04:24,181.26600,0.00,0.00,0.30,0.19,3.01,4.70,-5.76,-9.00,20250105,MKDLOWVBUY,1.07,1.07hrs
27/11/2025 22:59:53,buy,0.10,NZDJPY,89.43900,28/11/2025 00:25:17,89.45300,0.00,0.18,1.40,1.08,4.48,7.00,-11.34,-18.00,20250105,MKDLOWVBUY,1.42,1.42hrs
27/11/2025 16:03:58,buy,0.10,AUDNZD,1.14142,27/11/2025 22:59:44,1.14131,0.00,0.00,-1.10,-0.62,0.74,1.30,-7.05,-12.30,20250105,MKDLOWVBUY,6.93,6.93hrs
27/11/2025 17:01:58,sell,0.10,EURUSD,1.15942,27/11/2025 21:09:54,1.15943,0.00,0.00,-0.10,-0.10,2.30,2.30,-8.00,-8.00,20250105,MKDLOWVSELL,4.13,4.13hrs
27/11/2025 15:33:46,sell,0.10,GBPUSD,1.32455,27/11/2025 16:33:08,1.32334,0.00,0.00,12.10,12.10,12.90,12.90,-4.30,-4.30,20250105,MKDLOWVSELL,0.99,0.99hrs
27/11/2025 13:48:06,buy,0.10,CHFJPY,194.00400,27/11/2025 15:33:38,194.01600,0.00,0.00,1.20,0.77,4.80,7.50,-5.25,-8.20,20250105,MKDLOWVBUY,1.76,1.76hrs
27/11/2025 11:30:04,buy,0.10,GBPJPY,206.62300,27/11/2025 13:45:07,206.74900,0.00,0.00,12.60,8.07,8.83,13.80,-7.68,-12.00,20250105,MKDLOWVBUY,2.25,2.25hrs
27/11/2025 11:00:27,sell,0.10,EURAUD,1.77677,27/11/2025 11:15:52,1.77563,0.00,0.00,11.40,7.43,8.67,13.30,-3.00,-4.60,20250105,MKDLOWVSELL,0.26,0.26hrs
26/11/2025 20:09:39,buy,0.10,USDCAD,1.40461,27/11/2025 10:16:53,1.40373,0.00,0.00,-8.80,-6.27,0.07,0.10,-12.69,-17.80,20250105,MKDLOWVBUY,14.12,14.12hrs
27/11/2025 04:06:31,buy,0.20,USDCAD,1.40320,27/11/2025 10:16:52,1.40373,0.00,0.00,5.30,7.55,10.97,7.70,-5.28,-3.70,20250105,MKDLOWVBUY,6.17,6.17hrs
27/11/2025 02:00:15,sell,0.10,GBPCAD,1.85891,27/11/2025 05:00:10,1.85948,0.00,0.00,-5.70,-4.07,0.00,0.00,-14.89,-20.90,20250105,MKDLOWVSELL,3.00,3.00hrs
27/11/2025 03:25:14,sell,0.20,GBPCAD,1.85994,27/11/2025 05:00:09,1.85958,0.00,0.00,3.60,5.13,13.40,9.40,-15.10,-10.60,20250105,MKDLOWVSELL,1.58,1.58hrs
27/11/2025 01:08:41,buy,0.20,CADJPY,111.37100,27/11/2025 04:38:56,111.26300,0.00,0.00,-10.80,-13.84,0.00,0.00,-53.56,-41.70,20250105,MKDLOWVBUY,3.50,3.50hrs
27/11/2025 00:22:13,buy,0.10,CADJPY,111.47400,27/11/2025 04:38:56,111.26300,0.00,0.00,-21.10,-13.51,0.00,0.00,-33.39,-52.00,20250105,MKDLOWVBUY,4.28,4.28hrs
27/11/2025 02:54:20,buy,0.40,CADJPY,111.14500,27/11/2025 04:38:55,111.26300,0.00,0.00,11.80,30.24,48.92,19.10,-49.06,-19.10,20250105,MKDLOWVBUY,1.74,1.74hrs
26/11/2025 15:30:27,sell,0.10,NZDCAD,0.79958,26/11/2025 20:06:37,0.79982,0.00,0.00,-2.40,-1.71,8.30,11.70,-9.95,-14.00,20250105,MKDLOWVSELL,4.60,4.60hrs
26/11/2025 17:36:25,sell,0.20,NZDCAD,0.80060,26/11/2025 20:06:36,0.79982,0.00,0.00,7.80,11.11,17.38,12.20,-5.40,-3.80,20250105,MKDLOWVSELL,2.50,2.50hrs
26/11/2025 15:14:06,sell,0.10,GBPCAD,1.85822,26/11/2025 18:53:08,1.85810,0.00,0.00,1.20,0.86,1.64,2.30,-28.33,-39.90,20250105,MKDLOWVSELL,3.65,3.65hrs
26/11/2025 15:19:03,sell,0.20,GBPCAD,1.85971,26/11/2025 18:53:07,1.85813,0.00,0.00,15.80,22.49,24.48,17.20,-35.51,-25.00,20250105,MKDLOWVSELL,3.57,3.57hrs
26/11/2025 14:10:21,sell,0.20,EURAUD,1.78388,26/11/2025 14:57:50,1.78254,0.00,0.00,13.40,17.39,20.51,15.80,-13.10,-10.10,20250105,MKDLOWVSELL,0.79,0.79hrs
26/11/2025 13:00:10,sell,0.10,EURAUD,1.78279,26/11/2025 14:57:50,1.78252,0.00,0.00,2.70,1.76,3.31,5.10,-13.62,-21.00,20250105,MKDLOWVSELL,1.96,1.96hrs
26/11/2025 13:02:38,buy,0.10,GBPJPY,205.92400,26/11/2025 13:41:29,206.05300,0.00,0.00,12.90,8.25,8.25,12.90,-5.75,-9.00,20250105,MKDLOWVBUY,0.65,0.65hrs
25/11/2025 10:04:39,sell,0.10,EURCAD,1.62699,26/11/2025 10:04:41,1.62934,0.00,0.00,-23.50,-16.70,0.85,1.20,-46.89,-66.20,20250105,MKDLOWVSELL,24.00,1.00days
25/11/2025 10:50:55,sell,0.20,EURCAD,1.62799,26/11/2025 10:04:40,1.62932,0.00,0.00,-13.30,-18.90,7.37,5.20,-79.62,-56.20,20250105,MKDLOWVSELL,23.23,23.23hrs
25/11/2025 16:00:42,sell,0.40,EURCAD,1.63059,26/11/2025 10:04:39,1.62930,0.00,0.00,12.90,36.67,48.04,16.90,-85.57,-30.20,20250105,MKDLOWVSELL,18.07,18.07hrs
26/11/2025 04:07:50,sell,0.10,NZDCAD,0.79979,26/11/2025 09:21:38,0.79960,0.00,0.00,1.90,1.35,2.42,3.40,-15.35,-21.60,20250105,MKDLOWVSELL,5.23,5.23hrs
26/11/2025 05:10:30,sell,0.20,NZDCAD,0.80115,26/11/2025 09:21:37,0.79960,0.00,0.00,15.50,22.03,24.17,17.00,-5.26,-3.70,20250105,MKDLOWVSELL,4.19,4.19hrs
26/11/2025 05:12:10,buy,0.10,GBPJPY,205.59100,26/11/2025 06:02:23,205.73000,0.00,0.00,13.90,8.91,9.17,14.30,-5.33,-8.30,20250105,MKDLOWVBUY,0.84,0.84hrs
26/11/2025 04:31:19,buy,0.10,EURJPY,180.40300,26/11/2025 05:22:54,180.55100,0.00,0.00,14.80,9.49,11.29,17.60,-3.34,-5.20,20250105,MKDLOWVBUY,0.86,0.86hrs
26/11/2025 04:30:09,buy,0.10,GBPJPY,205.41600,26/11/2025 05:11:27,205.56600,0.00,0.00,15.00,9.62,9.82,15.30,-5.27,-8.20,20250105,MKDLOWVBUY,0.69,0.69hrs
25/11/2025 23:34:22,buy,0.10,CHFJPY,193.33700,26/11/2025 03:02:50,193.41700,0.00,0.00,8.00,5.12,10.62,16.60,-26.74,-41.70,20250105,MKDLOWVBUY,3.47,3.47hrs
26/11/2025 01:22:26,buy,0.10,AUDNZD,1.15038,26/11/2025 02:31:11,1.15236,0.00,0.00,19.80,11.15,12.78,22.70,-3.26,-5.80,20250105,MKDLOWVBUY,1.15,1.15hrs
26/11/2025 01:30:04,buy,0.10,GBPJPY,205.61100,26/11/2025 02:20:29,205.62900,0.00,0.00,1.80,1.16,5.06,7.90,-7.56,-11.80,20250105,MKDLOWVBUY,0.84,0.84hrs
25/11/2025 22:36:57,buy,0.10,GBPJPY,205.55800,26/11/2025 01:23:55,205.58800,0.00,0.00,3.00,1.92,3.46,5.40,-20.07,-31.30,20250105,MKDLOWVBUY,2.78,2.78hrs
25/11/2025 22:55:17,buy,0.20,GBPJPY,205.42700,26/11/2025 01:23:54,205.58700,0.00,0.00,16.00,20.49,23.44,18.30,-23.34,-18.20,20250105,MKDLOWVBUY,2.48,2.48hrs
25/11/2025 19:35:48,sell,0.10,AUDUSD,0.64724,25/11/2025 23:01:09,0.64690,0.00,0.00,3.40,3.40,5.30,5.30,-4.20,-4.20,20250105,MKDLOWVSELL,3.42,3.42hrs
25/11/2025 08:30:41,sell,0.20,GBPCAD,1.85014,25/11/2025 22:48:31,1.85552,0.00,0.00,-53.80,-76.29,3.97,2.80,-171.85,-121.10,20250105,MKDLOWVSELL,14.30,14.30hrs
25/11/2025 02:00:38,sell,0.10,GBPCAD,1.84896,25/11/2025 22:48:31,1.85540,0.00,0.00,-64.40,-45.66,0.00,0.00,-94.30,-132.90,20250105,MKDLOWVSELL,20.80,20.80hrs
﻿25/11/2025 15:16:39,sell,0.80,GBPCAD,1.85548,25/11/2025 22:48:30,1.85558,0.00,0.00,-1.00,-5.67,28.92,5.10,-384.28,-67.70,20250105,MKDLOWVSELL,7.53,7.53hrs
25/11/2025 09:44:16,sell,0.40,GBPCAD,1.85271,25/11/2025 22:48:30,1.85550,0.00,0.00,-27.90,-79.12,51.28,18.10,-270.76,-95.40,20250105,MKDLOWVSELL,13.07,13.07hrs
25/11/2025 16:45:39,sell,1.60,GBPCAD,1.85907,25/11/2025 22:48:28,1.85558,0.00,0.00,34.90,395.92,428.89,37.80,-361.01,-31.80,20250105,MKDLOWVSELL,6.05,6.05hrs
25/11/2025 05:32:12,sell,0.10,GBPAUD,2.02947,25/11/2025 22:34:25,2.03672,0.00,0.00,-72.50,-46.90,8.40,13.00,-115.94,-180.10,20250105,MKDLOWVSELL,17.04,17.04hrs
25/11/2025 09:50:56,sell,0.40,GBPAUD,2.03336,25/11/2025 22:34:24,2.03706,0.00,0.00,-37.00,-95.74,46.47,18.00,-363.61,-141.20,20250105,MKDLOWVSELL,12.72,12.72hrs
25/11/2025 09:00:39,sell,0.20,GBPAUD,2.03135,25/11/2025 22:34:24,2.03706,0.00,0.00,-57.10,-73.87,0.00,0.00,-207.68,-161.30,20250105,MKDLOWVSELL,13.56,13.56hrs
25/11/2025 16:01:58,sell,0.80,GBPAUD,2.03603,25/11/2025 22:34:23,2.03706,0.00,0.00,-10.30,-53.30,0.00,0.00,-589.70,-114.50,20250105,MKDLOWVSELL,6.54,6.54hrs
25/11/2025 16:25:40,sell,1.60,GBPAUD,2.03969,25/11/2025 22:34:22,2.03710,0.00,0.00,25.90,268.07,352.84,34.10,-802.41,-77.90,20250105,MKDLOWVSELL,6.14,6.14hrs
25/11/2025 16:35:03,buy,0.10,EURGBP,0.87780,25/11/2025 22:31:14,0.87770,0.00,0.00,-1.00,-1.32,5.53,4.20,-17.03,-12.90,20250105,MKDLOWVBUY,5.94,5.94hrs
25/11/2025 20:44:02,buy,0.20,EURGBP,0.87673,25/11/2025 22:31:13,0.87770,0.00,0.00,9.70,25.56,31.10,11.80,-5.81,-2.20,20250105,MKDLOWVBUY,1.79,1.79hrs
25/11/2025 18:27:22,buy,0.10,AUDNZD,1.15000,25/11/2025 20:42:32,1.15088,0.00,0.00,8.80,4.95,7.42,13.20,-2.19,-3.90,20250105,MKDLOWVBUY,2.25,2.25hrs
25/11/2025 16:42:00,buy,0.10,AUDCHF,0.52103,25/11/2025 18:22:44,0.52133,0.00,0.00,3.00,3.71,5.94,4.80,-18.96,-15.30,20250105,MKDLOWVBUY,1.68,1.68hrs
25/11/2025 16:49:05,buy,0.20,AUDCHF,0.51991,25/11/2025 18:22:43,0.52133,0.00,0.00,14.20,35.16,39.62,16.00,-10.16,-4.10,20250105,MKDLOWVBUY,1.56,1.56hrs
25/11/2025 04:13:53,buy,0.10,NZDJPY,87.90300,25/11/2025 17:59:18,87.55900,0.00,0.00,-34.40,-22.03,3.77,5.90,-42.98,-67.00,20250105,MKDLOWVBUY,13.76,13.76hrs
25/11/2025 05:41:21,buy,0.20,NZDJPY,87.78900,25/11/2025 17:59:17,87.55800,0.00,0.00,-23.10,-29.59,12.12,9.50,-71.33,-55.60,20250105,MKDLOWVBUY,12.30,12.30hrs
25/11/2025 10:55:56,buy,0.40,NZDJPY,87.57500,25/11/2025 17:59:16,87.55700,0.00,0.00,-1.80,-4.62,27.12,10.60,-87.75,-34.20,20250105,MKDLOWVBUY,7.06,7.06hrs
25/11/2025 16:46:46,buy,0.80,NZDJPY,87.32000,25/11/2025 17:59:15,87.55700,0.00,0.00,23.70,121.41,130.63,25.50,-44.65,-8.70,20250105,MKDLOWVBUY,1.21,1.21hrs
25/11/2025 11:33:23,buy,0.10,AUDNZD,1.15265,25/11/2025 15:30:02,1.15214,0.00,0.00,-5.10,-2.86,1.51,2.70,-6.33,-11.30,20250105,MKDLOWVBUY,3.94,3.94hrs
25/11/2025 10:00:05,sell,0.10,EURAUD,1.78509,25/11/2025 15:12:36,1.78640,0.00,0.00,-13.10,-8.47,0.45,0.70,-31.83,-49.30,20250105,MKDLOWVSELL,5.21,5.21hrs
25/11/2025 10:51:49,sell,0.20,EURAUD,1.78668,25/11/2025 15:12:35,1.78640,0.00,0.00,2.80,3.62,16.66,12.90,-43.13,-33.40,20250105,MKDLOWVSELL,4.35,4.35hrs
25/11/2025 13:19:59,sell,0.40,EURAUD,1.78878,25/11/2025 15:12:33,1.78661,0.00,0.00,21.70,56.13,60.50,23.40,-32.02,-12.40,20250105,MKDLOWVSELL,1.88,1.88hrs
25/11/2025 07:30:15,buy,0.10,CADJPY,111.01000,25/11/2025 14:44:01,110.86000,0.00,0.00,-15.00,-9.59,3.38,5.30,-24.66,-38.50,20250105,MKDLOWVBUY,7.23,7.23hrs
25/11/2025 09:19:16,buy,0.20,CADJPY,110.90600,25/11/2025 14:44:00,110.85800,0.00,0.00,-4.80,-6.14,9.96,7.80,-35.99,-28.10,20250105,MKDLOWVBUY,5.41,5.41hrs
25/11/2025 11:39:18,buy,0.40,CADJPY,110.69100,25/11/2025 14:43:59,110.85000,0.00,0.00,15.90,40.65,50.09,19.60,-16.91,-6.60,20250105,MKDLOWVBUY,3.08,3.08hrs
25/11/2025 10:00:24,buy,0.10,USDCAD,1.41196,25/11/2025 13:43:20,1.41210,0.00,0.00,1.40,0.99,2.83,4.00,-7.44,-10.50,20250105,MKDLOWVBUY,3.72,3.72hrs
25/11/2025 12:01:14,sell,0.10,NZDUSD,0.56061,25/11/2025 13:36:10,0.55960,0.00,0.00,10.10,10.10,10.80,10.80,-4.70,-4.70,20250105,MKDLOWVSELL,1.58,1.58hrs
25/11/2025 05:03:31,buy,0.10,CADJPY,111.05000,25/11/2025 06:45:22,111.05700,0.00,0.00,0.70,0.45,3.12,4.90,-3.96,-6.20,20250105,MKDLOWVBUY,1.70,1.70hrs
25/11/2025 03:35:26,sell,0.20,EURCAD,1.62626,25/11/2025 06:06:34,1.62595,0.00,0.00,3.10,4.39,7.37,5.20,-4.96,-3.50,20250105,MKDLOWVSELL,2.52,2.52hrs
25/11/2025 02:00:32,sell,0.10,EURCAD,1.62525,25/11/2025 06:06:34,1.62595,0.00,0.00,-7.00,-4.96,0.00,0.00,-9.78,-13.80,20250105,MKDLOWVSELL,4.10,4.10hrs
25/11/2025 00:16:07,buy,0.10,AUDNZD,1.15248,25/11/2025 05:43:11,1.15206,0.00,0.00,-4.20,-2.36,0.28,0.50,-10.51,-18.70,20250105,MKDLOWVBUY,5.45,5.45hrs
25/11/2025 04:02:11,buy,0.20,AUDNZD,1.15142,25/11/2025 05:43:10,1.15206,0.00,0.00,6.40,7.17,12.21,10.90,-4.15,-3.70,20250105,MKDLOWVBUY,1.68,1.68hrs
24/11/2025 17:31:05,buy,0.10,EURNZD,2.05699,25/11/2025 05:42:02,2.05733,0.00,-1.23,3.40,0.68,3.14,7.80,-37.81,-65.10,20250105,MKDLOWVBUY,12.18,12.18hrs
24/11/2025 17:46:08,buy,0.20,EURNZD,2.05524,25/11/2025 05:42:00,2.05744,0.00,-2.45,22.00,22.18,25.89,25.30,-55.95,-47.60,20250105,MKDLOWVBUY,11.93,11.93hrs
24/11/2025 18:00:18,buy,0.10,CADJPY,111.13900,24/11/2025 23:24:59,111.17700,0.00,0.00,3.80,2.42,5.23,8.20,-3.89,-6.10,20250105,MKDLOWVBUY,5.41,5.41hrs
24/11/2025 10:31:41,buy,0.10,AUDNZD,1.15180,24/11/2025 16:38:05,1.15114,0.00,0.00,-6.60,-3.70,0.00,0.00,-14.63,-26.10,20250105,MKDLOWVBUY,6.11,6.11hrs
24/11/2025 12:36:57,buy,0.20,AUDNZD,1.15070,24/11/2025 16:38:04,1.15112,0.00,0.00,4.20,4.71,9.20,8.20,-16.93,-15.10,20250105,MKDLOWVBUY,4.02,4.02hrs
24/11/2025 14:34:31,sell,0.10,GBPCHF,1.05791,24/11/2025 16:25:28,1.05703,0.00,0.00,8.80,10.90,11.64,9.40,-18.57,-15.00,20250105,MKDLOWVSELL,1.85,1.85hrs
24/11/2025 15:12:05,sell,0.20,GBPCHF,1.05902,24/11/2025 16:25:27,1.05707,0.00,0.00,19.50,48.28,50.77,20.50,-9.66,-3.90,20250105,MKDLOWVSELL,1.22,1.22hrs
24/11/2025 15:36:10,sell,0.10,GBPAUD,2.03198,24/11/2025 15:57:40,2.03069,0.00,0.00,12.90,8.33,10.33,16.00,-5.03,-7.80,20250105,MKDLOWVSELL,0.36,0.36hrs
24/11/2025 10:45:50,sell,0.10,EURAUD,1.78496,24/11/2025 15:21:42,1.78765,0.00,0.00,-26.90,-17.37,0.00,0.00,-38.86,-60.30,20250105,MKDLOWVSELL,4.60,4.60hrs
24/11/2025 11:10:14,sell,0.20,EURAUD,1.78676,24/11/2025 15:21:41,1.78765,0.00,0.00,-8.90,-11.50,4.77,3.70,-54.52,-42.30,20250105,MKDLOWVSELL,4.19,4.19hrs
24/11/2025 12:15:19,sell,0.40,EURAUD,1.78908,24/11/2025 15:21:40,1.78765,0.00,0.00,14.30,36.94,51.92,20.10,-49.24,-19.10,20250105,MKDLOWVSELL,3.11,3.11hrs
21/11/2025 17:00:52,sell,0.10,GBPCHF,1.05619,24/11/2025 10:53:03,1.05818,0.00,-2.05,-19.90,-26.68,5.58,4.50,-58.75,-45.80,20250105,MKDLOWVSELL,65.87,2.74days
21/11/2025 17:59:10,sell,0.20,GBPCHF,1.05788,24/11/2025 10:53:02,1.05816,0.00,-4.10,-2.80,-11.03,4.45,1.80,-75.66,-28.90,20250105,MKDLOWVSELL,64.90,2.70days
24/11/2025 09:59:45,sell,0.40,GBPCHF,1.06023,24/11/2025 10:53:01,1.05817,0.00,0.00,20.60,101.99,109.93,22.20,-18.27,-3.70,20250105,MKDLOWVSELL,0.89,0.89hrs
24/11/2025 04:32:43,buy,0.10,USDCAD,1.40960,24/11/2025 09:00:40,1.41002,0.00,0.00,4.20,2.98,4.26,6.00,-3.55,-5.00,20250105,MKDLOWVBUY,4.47,4.47hrs
24/11/2025 07:01:09,buy,0.10,GBPJPY,205.09900,24/11/2025 08:05:42,205.24000,0.00,0.00,14.10,9.01,9.52,14.90,-2.88,-4.50,20250105,MKDLOWVBUY,1.08,1.08hrs
24/11/2025 03:03:35,buy,0.10,AUDCHF,0.52190,24/11/2025 05:06:43,0.52218,0.00,0.00,2.80,3.47,8.91,7.20,-4.21,-3.40,20250105,MKDLOWVBUY,2.05,2.05hrs
21/11/2025 19:35:01,buy,0.10,USDCAD,1.40966,24/11/2025 00:35:23,1.40956,0.00,0.32,-1.00,-0.39,4.54,6.40,-5.54,-7.80,20250105,MKDLOWVBUY,53.01,2.21days
21/11/2025 06:02:53,buy,0.10,AUDNZD,1.15286,21/11/2025 19:29:49,1.15093,0.00,0.00,-19.30,-10.82,0.00,0.00,-19.27,-34.50,20250105,MKDLOWVBUY,13.45,13.45hrs
21/11/2025 08:06:39,buy,0.20,AUDNZD,1.15174,21/11/2025 19:29:48,1.15093,0.00,0.00,-8.10,-9.08,1.79,1.60,-26.03,-23.30,20250105,MKDLOWVBUY,11.39,11.39hrs
21/11/2025 17:37:08,buy,0.40,AUDNZD,1.14970,21/11/2025 19:29:47,1.15094,0.00,0.00,12.40,27.81,36.79,16.40,-6.48,-2.90,20250105,MKDLOWVBUY,1.88,1.88hrs
21/11/2025 17:49:31,buy,0.10,NZDJPY,87.48100,21/11/2025 18:17:34,87.61200,0.00,0.00,13.10,8.36,9.82,15.40,-4.67,-7.30,20250105,MKDLOWVBUY,0.47,0.47hrs
21/11/2025 17:20:56,buy,0.10,NZDJPY,87.49200,21/11/2025 17:46:40,87.51900,0.00,0.00,2.70,1.73,6.20,9.70,-12.55,-19.60,20250105,MKDLOWVBUY,0.43,0.43hrs
21/11/2025 17:39:01,buy,0.20,NZDJPY,87.37700,21/11/2025 17:46:38,87.52100,0.00,0.00,14.40,18.41,21.09,16.50,-10.37,-8.10,20250105,MKDLOWVBUY,0.13,0.13hrs
21/11/2025 17:02:03,buy,0.10,NZDJPY,87.51800,21/11/2025 17:06:47,87.69200,0.00,0.00,17.40,11.11,12.90,20.20,-5.44,-8.50,20250105,MKDLOWVBUY,0.08,0.08hrs
21/11/2025 14:37:58,buy,0.20,EURNZD,2.05758,21/11/2025 16:39:19,2.05755,0.00,0.00,-0.30,-0.34,4.82,4.30,-35.42,-31.60,20250105,MKDLOWVBUY,2.02,2.02hrs
21/11/2025 13:34:07,buy,0.10,EURNZD,2.05852,21/11/2025 16:39:19,2.05756,0.00,0.00,-9.60,-5.37,7.04,12.60,-22.98,-41.00,20250105,MKDLOWVBUY,3.09,3.09hrs
21/11/2025 15:19:54,buy,0.40,EURNZD,2.05522,21/11/2025 16:39:18,2.05749,0.00,0.00,22.70,50.78,61.30,27.40,-14.35,-6.40,20250105,MKDLOWVBUY,1.32,1.32hrs
21/11/2025 15:32:13,sell,0.10,EURUSD,1.15185,21/11/2025 16:30:29,1.15077,0.00,0.00,10.80,10.80,11.90,11.90,-9.10,-9.10,20250105,MKDLOWVSELL,0.97,0.97hrs
21/11/2025 12:08:32,buy,0.10,EURNZD,2.05995,21/11/2025 12:26:53,2.06142,0.00,0.00,14.70,8.22,10.22,18.30,-1.84,-3.30,20250105,MKDLOWVBUY,0.31,0.31hrs
20/11/2025 16:15:56,sell,0.10,EURCAD,1.62053,21/11/2025 12:07:26,1.62368,0.00,-0.32,-31.50,-22.66,2.56,3.60,-54.94,-77.00,20250105,MKDLOWVSELL,19.86,19.86hrs
20/11/2025 18:24:25,sell,0.40,EURCAD,1.62365,21/11/2025 12:07:25,1.62366,0.00,-1.30,-0.10,-1.58,13.64,4.80,-131.26,-45.80,20250105,MKDLOWVSELL,17.72,17.72hrs
20/11/2025 16:30:53,sell,0.20,EURCAD,1.62161,21/11/2025 12:07:25,1.62366,0.00,-0.65,-20.50,-29.73,20.50,14.40,-94.57,-66.20,20250105,MKDLOWVSELL,19.61,19.61hrs
20/11/2025 19:18:26,sell,0.80,EURCAD,1.62624,21/11/2025 12:07:23,1.62369,0.00,-2.60,25.50,142.08,147.79,26.50,-115.53,-19.90,20250105,MKDLOWVSELL,16.82,16.82hrs
21/11/2025 05:00:05,sell,0.10,NZDCAD,0.78784,21/11/2025 12:03:56,0.78861,0.00,0.00,-7.70,-5.47,0.00,0.00,-16.53,-23.30,20250105,MKDLOWVSELL,7.06,7.06hrs
21/11/2025 08:06:50,sell,0.20,NZDCAD,0.78900,21/11/2025 12:03:55,0.78862,0.00,0.00,3.80,5.40,9.37,6.60,-16.60,-11.70,20250105,MKDLOWVSELL,3.95,3.95hrs
21/11/2025 02:00:55,buy,0.10,USDCAD,1.40957,21/11/2025 09:58:55,1.41032,0.00,0.00,7.50,5.32,6.81,9.60,-8.80,-12.40,20250105,MKDLOWVBUY,7.97,7.97hrs
21/11/2025 08:08:03,sell,0.10,GBPCHF,1.05308,21/11/2025 09:00:38,1.05214,0.00,0.00,9.40,11.68,17.40,14.00,-5.34,-4.30,20250105,MKDLOWVSELL,0.88,0.88hrs
20/11/2025 18:02:33,sell,0.10,GBPCAD,1.84103,21/11/2025 09:00:37,1.84203,0.00,-1.17,-10.00,-8.26,0.00,0.00,-31.33,-42.50,20250105,MKDLOWVSELL,14.97,14.97hrs
20/11/2025 18:08:57,sell,0.20,GBPCAD,1.84220,21/11/2025 09:00:36,1.84204,0.00,-2.34,1.60,-0.07,13.99,11.50,-46.06,-30.80,20250105,MKDLOWVSELL,14.86,14.86hrs
21/11/2025 06:12:52,sell,0.40,GBPCAD,1.84420,21/11/2025 09:00:35,1.84173,0.00,0.00,24.70,70.12,89.44,31.50,-30.66,-10.80,20250105,MKDLOWVSELL,2.80,2.80hrs
20/11/2025 17:55:27,sell,0.10,GBPNZD,2.33078,21/11/2025 08:53:33,2.33719,0.00,-1.01,-64.10,-36.93,0.22,0.40,-84.46,-149.50,20250105,MKDLOWVSELL,14.97,14.97hrs
20/11/2025 18:48:46,sell,0.40,GBPNZD,2.33402,21/11/2025 08:53:32,2.33732,0.00,-4.03,-33.00,-77.98,12.10,5.40,-265.49,-117.10,20250105,MKDLOWVSELL,14.08,14.08hrs
20/11/2025 18:01:38,sell,0.20,GBPNZD,2.33189,21/11/2025 08:53:32,2.33732,0.00,-2.01,-54.30,-62.85,5.61,5.00,-156.52,-138.40,20250105,MKDLOWVSELL,14.87,14.87hrs
20/11/2025 19:17:53,sell,0.80,GBPNZD,2.33657,21/11/2025 08:53:31,2.33734,0.00,-8.05,-7.70,-42.56,98.54,22.00,-417.09,-91.60,20250105,MKDLOWVSELL,13.59,13.59hrs
20/11/2025 23:50:41,sell,1.60,GBPNZD,2.34023,21/11/2025 08:53:30,2.33737,0.00,-16.11,28.60,240.26,423.38,49.20,-507.32,-55.00,20250105,MKDLOWVSELL,9.05,9.05hrs
20/11/2025 22:09:17,sell,0.10,GBPCHF,1.05395,21/11/2025 04:34:20,1.05329,0.00,-2.06,6.60,6.14,10.36,10.00,-18.58,-13.30,20250105,MKDLOWVSELL,6.42,6.42hrs
20/11/2025 20:21:07,buy,0.10,AUDCHF,0.52060,21/11/2025 02:57:38,0.51963,0.00,0.36,-9.70,-11.69,0.36,0.00,-26.96,-22.00,20250105,MKDLOWVBUY,6.61,6.61hrs
20/11/2025 20:58:54,buy,0.20,AUDCHF,0.51913,21/11/2025 02:57:37,0.51963,0.00,0.73,5.00,13.15,24.07,9.70,-17.40,-7.30,20250105,MKDLOWVBUY,5.98,5.98hrs
20/11/2025 19:14:06,buy,0.10,AUDCHF,0.51933,20/11/2025 20:15:06,0.52047,0.00,0.00,11.40,14.14,16.87,13.60,-11.42,-9.20,20250105,MKDLOWVBUY,1.02,1.02hrs
18/11/2025 17:57:37,sell,0.10,GBPCHF,1.04945,20/11/2025 19:13:00,1.05298,0.00,-8.26,-35.30,-52.10,0.00,0.00,-112.14,-83.80,20250105,MKDLOWVSELL,49.26,2.05days
19/11/2025 12:22:32,sell,0.40,GBPCHF,1.05261,20/11/2025 19:12:59,1.05297,0.00,-24.70,-3.60,-42.58,75.88,17.20,-283.52,-52.20,20250105,MKDLOWVSELL,30.84,1.29days
18/11/2025 18:23:05,sell,0.20,GBPCHF,1.05045,20/11/2025 19:12:59,1.05299,0.00,-16.53,-25.40,-79.62,2.38,5.90,-199.49,-73.80,20250105,MKDLOWVSELL,48.83,2.03days
20/11/2025 16:00:20,sell,0.80,GBPCHF,1.05595,20/11/2025 19:12:57,1.05298,0.00,0.00,29.70,295.10,316.05,31.80,-186.43,-18.80,20250105,MKDLOWVSELL,3.21,3.21hrs
20/11/2025 16:00:14,sell,0.10,GBPCAD,1.83966,20/11/2025 17:56:19,1.84062,0.00,0.00,-9.60,-6.82,6.05,8.50,-26.39,-37.10,20250105,MKDLOWVSELL,1.93,1.93hrs
20/11/2025 16:33:53,sell,0.20,GBPCAD,1.84241,20/11/2025 17:56:18,1.84061,0.00,0.00,18.00,25.60,30.71,21.60,-13.66,-9.60,20250105,MKDLOWVSELL,1.37,1.37hrs
19/11/2025 23:01:19,sell,0.10,AUDUSD,0.64655,20/11/2025 17:35:29,0.64782,0.00,-0.17,-12.70,-12.87,0.00,0.00,-38.07,-37.90,20250105,MKDLOWVSELL,18.57,18.57hrs
19/11/2025 23:33:32,sell,0.20,AUDUSD,0.64759,20/11/2025 17:35:28,0.64781,0.00,-0.34,-2.20,-4.74,14.06,7.20,-55.34,-27.50,20250105,MKDLOWVSELL,18.03,18.03hrs
20/11/2025 16:34:41,sell,0.40,AUDUSD,0.64999,20/11/2025 17:35:27,0.64781,0.00,0.00,21.80,87.20,89.20,22.30,-7.20,-1.80,20250105,MKDLOWVSELL,1.01,1.01hrs
20/11/2025 10:00:31,buy,0.10,AUDJPY,101.97100,20/11/2025 12:19:02,101.98500,0.00,0.00,1.40,0.89,1.78,2.80,-14.13,-22.20,20250105,MKDLOWVBUY,2.31,2.31hrs
20/11/2025 10:12:01,buy,0.20,AUDJPY,101.85600,20/11/2025 12:19:01,101.98600,0.00,0.00,13.00,16.54,18.18,14.30,-13.62,-10.70,20250105,MKDLOWVBUY,2.12,2.12hrs
20/11/2025 01:39:57,sell,0.10,GBPUSD,1.30599,20/11/2025 03:13:19,1.30522,0.00,0.00,7.70,7.70,9.80,9.80,-3.30,-3.30,20250105,MKDLOWVSELL,1.56,1.56hrs
17/11/2025 01:01:03,buy,0.20,AUDCAD,0.91604,20/11/2025 01:39:29,0.91112,0.00,0.54,-49.20,-69.54,4.28,3.00,-134.15,-94.20,20250105,MKDLOWVBUY,72.64,3.03days
17/11/2025 00:24:44,buy,0.10,AUDCAD,0.91710,20/11/2025 01:39:29,0.91112,0.00,0.26,-59.80,-42.33,0.26,0.00,-74.65,-104.80,20250105,MKDLOWVBUY,73.25,3.05days
17/11/2025 12:56:45,buy,0.40,AUDCAD,0.91373,20/11/2025 01:39:28,0.91112,0.00,1.05,-26.10,-73.30,37.65,13.20,-202.31,-71.10,20250105,MKDLOWVBUY,60.71,2.53days
18/11/2025 03:10:45,buy,0.80,AUDCAD,0.91115,20/11/2025 01:39:27,0.91112,0.00,1.68,-0.30,-0.03,86.56,15.20,-257.61,-45.30,20250105,MKDLOWVBUY,46.48,1.94days
19/11/2025 05:59:55,buy,1.60,AUDCAD,0.90748,20/11/2025 01:39:26,0.91108,0.00,2.53,36.00,412.75,437.81,38.20,-98.29,-8.60,20250105,MKDLOWVBUY,19.66,19.66hrs
19/11/2025 16:30:17,buy,0.10,EURGBP,0.88199,19/11/2025 19:55:00,0.88245,0.00,0.00,4.60,6.00,14.38,11.00,-16.52,-12.60,20250105,MKDLOWVBUY,3.41,3.41hrs
19/11/2025 11:37:42,buy,0.10,AUDJPY,100.87300,19/11/2025 11:38:54,100.94000,0.00,0.00,6.70,4.30,5.72,8.90,-0.96,-1.50,20250105,MKDLOWVBUY,0.02,0.02hrs
19/11/2025 08:32:23,sell,0.10,AUDUSD,0.64943,19/11/2025 10:14:37,0.64838,0.00,0.00,10.50,10.50,11.50,11.50,-3.90,-3.90,20250105,MKDLOWVSELL,1.70,1.70hrs
19/11/2025 06:00:37,buy,0.10,GBPJPY,204.10300,19/11/2025 08:00:14,204.23900,0.00,0.00,13.60,8.76,9.98,15.50,-3.22,-5.00,20250105,MKDLOWVBUY,1.99,1.99hrs
18/11/2025 22:32:30,buy,0.10,CHFJPY,194.53300,19/11/2025 07:53:33,194.40300,0.00,-0.55,-13.00,-8.92,0.00,0.00,-33.92,-51.80,20250105,MKDLOWVBUY,9.35,9.35hrs
19/11/2025 01:20:04,buy,0.20,CHFJPY,194.41700,19/11/2025 07:53:32,194.38900,0.00,0.00,-2.80,-3.60,5.66,4.40,-51.79,-40.20,20250105,MKDLOWVBUY,6.56,6.56hrs
19/11/2025 04:13:12,buy,0.40,CHFJPY,194.20600,19/11/2025 07:53:31,194.38900,0.00,0.00,18.30,47.13,65.66,25.50,-49.21,-19.10,20250105,MKDLOWVBUY,3.67,3.67hrs
18/11/2025 18:28:13,buy,0.10,USDCAD,1.40061,19/11/2025 02:30:36,1.39868,0.00,0.33,-19.30,-13.47,0.33,0.00,-25.20,-35.20,20250105,MKDLOWVBUY,8.04,8.04hrs
18/11/2025 18:58:01,buy,0.20,USDCAD,1.39951,19/11/2025 02:30:35,1.39868,0.00,0.65,-8.30,-11.22,10.43,7.30,-34.64,-24.20,20250105,MKDLOWVBUY,7.54,7.54hrs
18/11/2025 20:15:30,buy,0.40,USDCAD,1.39750,19/11/2025 02:30:34,1.39868,0.00,1.30,11.80,35.05,42.76,14.70,-8.02,-2.80,20250105,MKDLOWVBUY,6.25,6.25hrs
18/11/2025 10:02:59,buy,0.10,CHFJPY,195.06500,18/11/2025 20:41:21,194.75300,0.00,0.00,-31.20,-20.05,5.73,8.90,-50.30,-78.10,20250105,MKDLOWVBUY,10.64,10.64hrs
18/11/2025 12:00:18,buy,0.20,CHFJPY,194.96700,18/11/2025 20:41:20,194.75300,0.00,0.00,-21.40,-27.50,12.35,9.60,-87.98,-68.30,20250105,MKDLOWVBUY,8.68,8.68hrs
18/11/2025 17:04:23,buy,0.40,CHFJPY,194.75000,18/11/2025 20:41:19,194.75300,0.00,0.00,0.30,0.77,8.48,3.30,-120.05,-46.60,20250105,MKDLOWVBUY,3.62,3.62hrs
18/11/2025 17:51:09,buy,0.80,CHFJPY,194.49300,18/11/2025 20:41:18,194.75400,0.00,0.00,26.10,134.15,149.04,29.00,-107.68,-20.90,20250105,MKDLOWVBUY,2.84,2.84hrs
18/11/2025 17:03:26,buy,0.20,NZDJPY,87.79100,18/11/2025 18:28:18,87.95900,0.00,0.00,16.80,21.62,23.93,18.60,-17.80,-13.80,20250105,MKDLOWVBUY,1.41,1.41hrs
18/11/2025 16:53:04,buy,0.10,NZDJPY,87.89800,18/11/2025 18:28:18,87.95900,0.00,0.00,6.10,3.92,5.08,7.90,-15.80,-24.50,20250105,MKDLOWVBUY,1.59,1.59hrs
18/11/2025 16:59:24,buy,0.10,USDCAD,1.40159,18/11/2025 18:03:35,1.40182,0.00,0.00,2.30,1.64,3.28,4.60,-9.57,-13.40,20250105,MKDLOWVBUY,1.07,1.07hrs
18/11/2025 17:34:52,buy,0.20,USDCAD,1.40056,18/11/2025 18:03:34,1.40182,0.00,0.00,12.60,17.98,21.26,14.90,-3.28,-2.30,20250105,MKDLOWVBUY,0.48,0.48hrs
11/11/2025 04:32:18,buy,0.10,USDCHF,0.80511,18/11/2025 17:56:09,0.79823,0.00,5.15,-68.80,-81.04,5.15,0.20,-216.70,-173.60,20250105,MKDLOWVBUY,181.40,7.56days
11/11/2025 15:14:20,buy,0.40,USDCHF,0.80128,18/11/2025 17:56:07,0.79821,0.00,20.59,-30.70,-133.25,20.59,0.10,-672.31,-135.30,20250105,MKDLOWVBUY,170.70,7.11days
11/11/2025 10:00:11,buy,0.20,USDCHF,0.80347,18/11/2025 17:56:07,0.79821,0.00,10.30,-52.60,-121.49,13.68,5.50,-391.75,-157.20,20250105,MKDLOWVBUY,175.93,7.33days
12/11/2025 16:00:26,buy,0.80,USDCHF,0.79859,18/11/2025 17:56:06,0.79821,0.00,35.32,-3.80,-2.77,86.89,7.80,-1083.20,-108.40,20250105,MKDLOWVBUY,145.93,6.08days
13/11/2025 10:54:33,buy,1.60,USDCHF,0.79501,18/11/2025 17:56:04,0.79823,0.00,35.40,32.20,680.83,726.81,34.50,-1462.78,-72.60,20250105,MKDLOWVBUY,127.03,5.29days
18/11/2025 05:00:23,sell,0.10,GBPUSD,1.31525,18/11/2025 12:27:46,1.31491,0.00,0.00,3.40,3.40,8.50,8.50,-25.30,-25.30,20250105,MKDLOWVSELL,7.46,7.46hrs
18/11/2025 10:14:39,buy,0.10,EURJPY,179.81700,18/11/2025 11:29:47,179.93700,0.00,0.00,12.00,7.73,9.21,14.30,-3.29,-5.10,20250105,MKDLOWVBUY,1.25,1.25hrs
18/11/2025 10:00:08,buy,0.10,EURJPY,179.70700,18/11/2025 10:05:03,179.83200,0.00,0.00,12.50,8.06,9.61,14.90,-0.97,-1.50,20250105,MKDLOWVBUY,0.08,0.08hrs
18/11/2025 05:32:01,buy,0.10,AUDCHF,0.51598,18/11/2025 10:02:24,0.51549,0.00,0.00,-4.90,-6.16,0.00,0.00,-31.36,-24.90,20250105,MKDLOWVBUY,4.51,4.51hrs
18/11/2025 06:12:24,buy,0.20,AUDCHF,0.51484,18/11/2025 10:02:23,0.51551,0.00,0.00,6.70,16.86,23.39,9.30,-34.00,-13.50,20250105,MKDLOWVBUY,3.83,3.83hrs
18/11/2025 05:17:07,buy,0.10,EURJPY,179.89400,18/11/2025 08:03:33,179.90600,0.00,0.00,1.20,0.78,2.13,3.30,-18.92,-29.30,20250105,MKDLOWVBUY,2.77,2.77hrs
18/11/2025 06:16:32,buy,0.20,EURJPY,179.73700,18/11/2025 08:03:31,179.90300,0.00,0.00,16.60,21.40,24.49,19.00,-17.56,-13.60,20250105,MKDLOWVBUY,1.78,1.78hrs
18/11/2025 06:07:47,buy,0.20,NZDJPY,87.60300,18/11/2025 06:55:37,87.59000,0.00,0.00,-1.30,-1.67,1.81,1.40,-33.06,-25.60,20250105,MKDLOWVBUY,0.80,0.80hrs
18/11/2025 05:32:07,buy,0.10,NZDJPY,87.70300,18/11/2025 06:55:37,87.58900,0.00,0.00,-11.40,-7.35,2.51,3.90,-22.99,-35.60,20250105,MKDLOWVBUY,1.39,1.39hrs
18/11/2025 06:22:01,buy,0.40,NZDJPY,87.39300,18/11/2025 06:55:35,87.59200,0.00,0.00,19.90,51.34,57.77,22.40,-9.82,-3.80,20250105,MKDLOWVBUY,0.56,0.56hrs
18/11/2025 03:04:16,buy,0.20,AUDCHF,0.51639,18/11/2025 04:32:57,0.51692,0.00,0.00,5.30,13.32,20.10,8.00,-6.78,-2.70,20250105,MKDLOWVBUY,1.48,1.48hrs
18/11/2025 00:15:22,buy,0.10,AUDCHF,0.51752,18/11/2025 04:32:57,0.51694,0.00,0.00,-5.80,-7.29,0.00,0.00,-20.63,-16.40,20250105,MKDLOWVBUY,4.29,4.29hrs
18/11/2025 00:15:48,buy,0.10,AUDNZD,1.14748,18/11/2025 01:59:21,1.14808,0.00,0.00,6.00,3.39,5.94,10.50,-7.24,-12.80,20250105,MKDLOWVBUY,1.73,1.73hrs
17/11/2025 18:33:37,sell,0.10,NZDCAD,0.79519,17/11/2025 21:40:29,0.79400,0.00,0.00,11.90,8.47,9.33,13.10,-6.34,-8.90,20250105,MKDLOWVSELL,3.11,3.11hrs
17/11/2025 17:31:24,buy,0.10,EURNZD,2.04580,17/11/2025 18:17:35,2.04721,0.00,0.00,14.10,7.99,10.31,18.20,-8.62,-15.20,20250105,MKDLOWVBUY,0.77,0.77hrs
17/11/2025 14:34:06,sell,0.10,NZDCAD,0.79549,17/11/2025 17:11:17,0.79436,0.00,0.00,11.30,8.05,8.91,12.50,-1.78,-2.50,20250105,MKDLOWVSELL,2.62,2.62hrs
17/11/2025 16:30:20,sell,0.10,EURAUD,1.78124,17/11/2025 16:35:33,1.77994,0.00,0.00,13.00,8.47,9.83,15.10,-2.47,-3.80,20250105,MKDLOWVSELL,0.09,0.09hrs
17/11/2025 14:00:48,sell,0.10,GBPUSD,1.31760,17/11/2025 15:52:04,1.31739,0.00,0.00,2.10,2.10,2.90,2.90,-18.00,-18.00,20250105,MKDLOWVSELL,1.85,1.85hrs
17/11/2025 14:27:13,sell,0.20,GBPUSD,1.31863,17/11/2025 15:52:03,1.31739,0.00,0.00,12.40,24.80,26.40,13.20,-15.40,-7.70,20250105,MKDLOWVSELL,1.41,1.41hrs
17/11/2025 09:28:28,sell,0.10,GBPUSD,1.31687,17/11/2025 12:52:39,1.31574,0.00,0.00,11.30,11.30,12.20,12.20,-12.90,-12.90,20250105,MKDLOWVSELL,3.40,3.40hrs
17/11/2025 07:00:57,sell,0.10,NZDCAD,0.79499,17/11/2025 11:32:16,0.79567,0.00,0.00,-6.80,-4.85,0.00,0.00,-17.98,-25.20,20250105,MKDLOWVSELL,4.52,4.52hrs
17/11/2025 09:22:41,sell,0.20,NZDCAD,0.79636,17/11/2025 11:32:14,0.79567,0.00,0.00,6.90,9.84,18.68,13.10,-16.41,-11.50,20250105,MKDLOWVSELL,2.16,2.16hrs
17/11/2025 06:32:45,buy,0.10,GBPJPY,203.32800,17/11/2025 09:06:52,203.41700,0.00,0.00,8.90,5.76,8.79,13.60,-3.36,-5.20,20250105,MKDLOWVBUY,2.57,2.57hrs
17/11/2025 01:00:44,buy,0.10,EURNZD,2.04661,17/11/2025 02:03:49,2.04672,0.00,0.00,1.10,0.62,4.54,8.00,-9.30,-16.40,20250105,MKDLOWVBUY,1.05,1.05hrs
14/11/2025 20:04:38,sell,0.10,GBPUSD,1.31590,17/11/2025 02:01:32,1.31559,0.00,-0.29,3.10,2.81,8.30,8.30,-21.30,-21.30,20250105,MKDLOWVSELL,53.95,2.25days
14/11/2025 22:51:26,sell,0.20,GBPUSD,1.31692,17/11/2025 02:01:31,1.31559,0.00,-0.57,13.30,26.03,27.83,14.20,-22.20,-11.10,20250105,MKDLOWVSELL,51.17,2.13days
13/11/2025 14:51:41,buy,0.10,AUDCHF,0.52194,14/11/2025 17:40:54,0.51826,0.00,0.37,-36.80,-46.03,2.77,2.20,-103.86,-82.20,20250105,MKDLOWVBUY,26.82,1.12days
13/11/2025 19:12:03,buy,0.40,AUDCHF,0.51852,14/11/2025 17:40:53,0.51828,0.00,1.48,-2.40,-10.63,50.89,9.80,-241.98,-48.00,20250105,MKDLOWVBUY,22.48,22.48hrs
13/11/2025 16:39:20,buy,0.20,AUDCHF,0.52082,14/11/2025 17:40:53,0.51828,0.00,0.74,-25.40,-63.31,0.74,0.00,-179.32,-71.00,20250105,MKDLOWVBUY,25.03,1.04days
14/11/2025 10:16:09,buy,0.80,AUDCHF,0.51584,14/11/2025 17:40:52,0.51826,0.00,0.00,24.20,244.12,261.23,25.90,-215.06,-21.20,20250105,MKDLOWVBUY,7.41,7.41hrs
14/11/2025 05:05:07,buy,0.20,AUDNZD,1.15203,14/11/2025 17:11:39,1.14908,0.00,0.00,-29.50,-33.52,0.00,0.00,-69.53,-61.20,20250105,MKDLOWVBUY,12.11,12.11hrs
14/11/2025 03:48:16,buy,0.10,AUDNZD,1.15305,14/11/2025 17:11:39,1.14908,0.00,0.00,-39.70,-22.56,1.02,1.80,-40.56,-71.40,20250105,MKDLOWVBUY,13.39,13.39hrs
14/11/2025 07:34:49,buy,0.40,AUDNZD,1.15000,14/11/2025 17:11:38,1.14908,0.00,0.00,-9.20,-20.91,12.03,5.30,-92.93,-40.90,20250105,MKDLOWVBUY,9.61,9.61hrs
14/11/2025 13:23:29,buy,0.80,AUDNZD,1.14731,14/11/2025 17:11:37,1.14907,0.00,0.00,17.60,80.00,106.77,23.50,-63.62,-14.00,20250105,MKDLOWVBUY,3.80,3.80hrs
14/11/2025 05:04:54,sell,0.10,NZDUSD,0.56804,14/11/2025 09:13:11,0.56771,0.00,0.00,3.30,3.30,5.60,5.60,-11.90,-11.90,20250105,MKDLOWVSELL,4.14,4.14hrs
14/11/2025 00:31:07,buy,0.10,CADJPY,110.18200,14/11/2025 04:33:53,110.21400,0.00,0.00,3.20,2.07,4.14,6.40,-11.72,-18.10,20250105,MKDLOWVBUY,4.05,4.05hrs
13/11/2025 16:40:47,sell,0.20,EURCAD,1.62813,14/11/2025 04:14:52,1.63124,0.00,-0.65,-31.10,-45.01,0.00,0.00,-88.36,-62.00,20250105,MKDLOWVSELL,11.57,11.57hrs
13/11/2025 15:00:13,sell,0.10,EURCAD,1.62677,14/11/2025 04:14:52,1.63123,0.00,-0.33,-44.60,-32.14,4.71,6.60,-53.87,-75.60,20250105,MKDLOWVSELL,13.24,13.24hrs
13/11/2025 17:46:16,sell,0.40,EURCAD,1.63055,14/11/2025 04:14:51,1.63124,0.00,-1.31,-6.90,-21.00,7.42,2.60,-107.74,-37.80,20250105,MKDLOWVSELL,10.48,10.48hrs
13/11/2025 19:51:08,sell,0.80,EURCAD,1.63342,14/11/2025 04:14:50,1.63124,0.00,-2.61,21.80,121.77,146.31,26.10,-51.87,-9.10,20250105,MKDLOWVSELL,8.39,8.39hrs
13/11/2025 18:30:03,buy,0.10,AUDNZD,1.15481,13/11/2025 23:08:51,1.15425,0.00,0.00,-5.60,-3.17,1.02,1.80,-7.98,-14.10,20250105,MKDLOWVBUY,4.65,4.65hrs
13/11/2025 20:35:21,buy,0.20,AUDNZD,1.15375,13/11/2025 23:08:50,1.15425,0.00,0.00,5.00,5.65,12.89,11.40,-2.83,-2.50,20250105,MKDLOWVBUY,2.56,2.56hrs
13/11/2025 17:00:47,sell,0.10,NZDCAD,0.79393,13/11/2025 20:37:51,0.79367,0.00,0.00,2.60,1.85,2.92,4.10,-12.62,-17.70,20250105,MKDLOWVSELL,3.62,3.62hrs
13/11/2025 18:16:03,sell,0.20,NZDCAD,0.79507,13/11/2025 20:37:50,0.79367,0.00,0.00,14.00,19.95,22.09,15.50,-8.99,-6.30,20250105,MKDLOWVSELL,2.36,2.36hrs
13/11/2025 12:32:22,buy,0.10,AUDCAD,0.91948,13/11/2025 18:10:39,0.91827,0.00,0.00,-12.10,-8.64,0.29,0.40,-25.63,-35.90,20250105,MKDLOWVBUY,5.64,5.64hrs
13/11/2025 13:54:40,buy,0.20,AUDCAD,0.91841,13/11/2025 18:10:38,0.91827,0.00,0.00,-1.40,-2.00,8.29,5.80,-35.98,-25.20,20250105,MKDLOWVBUY,4.27,4.27hrs
13/11/2025 16:45:28,buy,0.40,AUDCAD,0.91623,13/11/2025 18:10:37,0.91827,0.00,0.00,20.40,58.25,63.67,22.30,-7.42,-2.60,20250105,MKDLOWVBUY,1.42,1.42hrs
13/11/2025 09:33:27,sell,0.10,NZDCAD,0.79286,13/11/2025 14:23:10,0.79313,0.00,0.00,-2.70,-1.93,0.57,0.80,-15.65,-21.90,20250105,MKDLOWVSELL,4.83,4.83hrs
13/11/2025 10:40:04,sell,0.20,NZDCAD,0.79413,13/11/2025 14:23:08,0.79314,0.00,0.00,9.90,14.15,18.43,12.90,-13.15,-9.20,20250105,MKDLOWVSELL,3.72,3.72hrs
13/11/2025 09:30:22,sell,0.10,EURCAD,1.62320,13/11/2025 13:47:59,1.62470,0.00,0.00,-15.00,-10.71,0.00,0.00,-28.96,-40.50,20250105,MKDLOWVSELL,4.29,4.29hrs
13/11/2025 09:47:23,sell,0.20,EURCAD,1.62430,13/11/2025 13:47:58,1.62470,0.00,0.00,-4.00,-5.72,0.14,0.10,-42.18,-29.50,20250105,MKDLOWVSELL,4.01,4.01hrs
13/11/2025 11:12:30,sell,0.40,EURCAD,1.62668,13/11/2025 13:47:57,1.62464,0.00,0.00,20.40,58.30,60.88,21.30,-14.30,-5.00,20250105,MKDLOWVSELL,2.59,2.59hrs
13/11/2025 06:33:50,buy,0.10,AUDCAD,0.91814,13/11/2025 08:46:35,0.91871,0.00,0.00,5.70,4.07,6.57,9.20,-2.21,-3.10,20250105,MKDLOWVBUY,2.21,2.21hrs
13/11/2025 07:00:33,sell,0.10,EURCAD,1.62312,13/11/2025 08:00:35,1.62278,0.00,0.00,3.40,2.43,5.21,7.30,-3.21,-4.50,20250105,MKDLOWVSELL,1.00,1.00hrs
13/11/2025 04:00:22,buy,0.10,GBPJPY,203.08000,13/11/2025 07:07:34,203.23100,0.00,0.00,15.10,9.75,10.66,16.50,-7.76,-12.00,20250105,MKDLOWVBUY,3.12,3.12hrs
13/11/2025 04:02:26,buy,0.10,USDJPY,154.66500,13/11/2025 06:24:14,154.80000,0.00,0.00,13.50,8.72,9.56,14.80,-2.98,-4.60,20250105,MKDLOWVBUY,2.36,2.36hrs
13/11/2025 02:37:23,buy,0.10,GBPJPY,203.09300,13/11/2025 02:56:08,203.22900,0.00,0.00,13.60,8.78,10.39,16.10,-3.23,-5.00,20250105,MKDLOWVBUY,0.31,0.31hrs
13/11/2025 02:24:43,buy,0.10,USDJPY,154.78900,13/11/2025 02:54:17,154.90200,0.00,0.00,11.30,7.29,9.23,14.30,-4.07,-6.30,20250105,MKDLOWVBUY,0.49,0.49hrs
12/11/2025 23:54:02,sell,0.10,EURAUD,1.77160,13/11/2025 02:30:14,1.76822,0.00,0.41,33.80,22.56,28.76,43.40,-21.28,-33.20,20250105,MKDLOWVSELL,2.60,2.60hrs
13/11/2025 01:00:47,sell,0.20,EURAUD,1.77274,13/11/2025 02:30:13,1.76836,0.00,0.00,43.80,57.42,71.60,54.80,-19.74,-15.10,20250105,MKDLOWVSELL,1.49,1.49hrs
13/11/2025 01:31:48,buy,0.10,USDJPY,154.74400,13/11/2025 02:15:32,154.86000,0.00,0.00,11.60,7.49,8.65,13.40,-3.81,-5.90,20250105,MKDLOWVBUY,0.73,0.73hrs
12/11/2025 21:06:33,buy,0.10,EURNZD,2.04509,13/11/2025 02:07:41,2.04706,0.00,-1.76,19.70,9.39,14.09,28.00,-23.83,-39.00,20250105,MKDLOWVBUY,5.02,5.02hrs
12/11/2025 18:03:10,sell,0.10,GBPUSD,1.31312,12/11/2025 22:01:26,1.31317,0.00,0.00,-0.50,-0.50,2.70,2.70,-13.50,-13.50,20250105,MKDLOWVSELL,3.97,3.97hrs
12/11/2025 20:40:32,sell,0.20,GBPUSD,1.31415,12/11/2025 22:01:25,1.31317,0.00,0.00,9.80,19.60,26.00,13.00,-6.40,-3.20,20250105,MKDLOWVSELL,1.35,1.35hrs
12/11/2025 17:35:16,buy,0.10,AUDJPY,101.18600,12/11/2025 21:05:27,101.25400,0.00,0.00,6.80,4.39,6.85,10.60,-7.64,-11.80,20250105,MKDLOWVBUY,3.50,3.50hrs
12/11/2025 17:00:19,sell,0.10,EURAUD,1.77188,12/11/2025 20:14:06,1.77158,0.00,0.00,3.00,1.96,8.30,12.70,-12.23,-18.70,20250105,MKDLOWVSELL,3.23,3.23hrs
12/11/2025 17:56:05,sell,0.20,EURAUD,1.77304,12/11/2025 20:14:05,1.77158,0.00,0.00,14.60,19.11,21.46,16.40,-9.28,-7.10,20250105,MKDLOWVSELL,2.30,2.30hrs
12/11/2025 13:02:58,buy,0.10,EURNZD,2.04564,12/11/2025 17:01:54,2.04614,0.00,0.00,5.00,2.83,5.26,9.30,-15.56,-27.50,20250105,MKDLOWVBUY,3.98,3.98hrs
12/11/2025 14:53:55,buy,0.20,EURNZD,2.04396,12/11/2025 17:01:53,2.04619,0.00,0.00,22.30,25.23,28.52,25.20,-12.11,-10.70,20250105,MKDLOWVBUY,2.13,2.13hrs
12/11/2025 09:32:50,sell,0.10,GBPCAD,1.84106,12/11/2025 10:47:36,1.84080,0.00,0.00,2.60,1.85,4.64,6.50,-13.13,-18.40,20250105,MKDLOWVSELL,1.25,1.25hrs
12/11/2025 10:11:00,sell,0.20,GBPCAD,1.84253,12/11/2025 10:47:35,1.84080,0.00,0.00,17.30,24.70,26.13,18.30,-5.00,-3.50,20250105,MKDLOWVSELL,0.61,0.61hrs
11/11/2025 04:00:19,sell,0.10,EURAUD,1.76917,12/11/2025 07:53:55,1.77281,0.00,0.14,-36.40,-23.64,1.57,2.40,-65.60,-100.90,20250105,MKDLOWVSELL,27.89,1.16days
11/11/2025 05:22:57,sell,0.20,EURAUD,1.77019,12/11/2025 07:53:54,1.77281,0.00,0.27,-26.20,-33.95,8.10,6.20,-117.92,-90.70,20250105,MKDLOWVSELL,26.52,1.10days
11/11/2025 07:08:02,sell,0.40,EURAUD,1.77249,12/11/2025 07:53:53,1.77281,0.00,0.55,-3.20,-7.81,17.22,6.60,-175.88,-67.70,20250105,MKDLOWVSELL,24.76,1.03days
11/11/2025 15:30:08,sell,0.80,EURAUD,1.77571,12/11/2025 07:53:52,1.77281,0.00,1.09,29.00,152.62,162.49,30.90,-183.94,-35.50,20250105,MKDLOWVSELL,16.40,16.40hrs
11/11/2025 22:00:37,buy,0.10,EURNZD,2.04861,12/11/2025 06:35:52,2.04925,0.00,-0.59,6.40,3.02,4.32,8.70,-18.08,-30.90,20250105,MKDLOWVBUY,8.59,8.59hrs
12/11/2025 03:43:03,buy,0.20,EURNZD,2.04736,12/11/2025 06:35:51,2.04925,0.00,0.00,18.90,21.34,23.94,21.20,-20.83,-18.40,20250105,MKDLOWVBUY,2.88,2.88hrs
11/11/2025 12:35:46,sell,0.10,EURUSD,1.15721,12/11/2025 03:00:14,1.15808,0.00,0.34,-8.70,-8.36,2.90,2.90,-34.30,-34.30,20250105,MKDLOWVSELL,14.41,14.41hrs
11/11/2025 15:22:56,sell,0.20,EURUSD,1.15861,12/11/2025 03:00:13,1.15808,0.00,0.69,5.30,11.29,13.49,6.40,-40.60,-20.30,20250105,MKDLOWVSELL,11.62,11.62hrs
12/11/2025 01:00:16,buy,0.10,CADJPY,109.95000,12/11/2025 02:04:01,109.95500,0.00,0.00,0.50,0.33,3.83,5.90,-3.38,-5.20,20250105,MKDLOWVBUY,1.06,1.06hrs
11/11/2025 13:00:52,sell,0.10,GBPCAD,1.84299,12/11/2025 01:39:16,1.84286,0.00,-1.18,1.30,-0.25,3.46,6.50,-26.12,-36.60,20250105,MKDLOWVSELL,12.64,12.64hrs
11/11/2025 13:34:35,sell,0.20,GBPCAD,1.84407,12/11/2025 01:39:15,1.84286,0.00,-2.36,12.10,14.91,22.33,17.30,-36.83,-25.80,20250105,MKDLOWVSELL,12.08,12.08hrs
11/11/2025 18:09:26,buy,0.10,USDCAD,1.40086,11/11/2025 22:15:18,1.40085,0.00,0.00,-0.10,-0.07,1.93,2.70,-5.14,-7.20,20250105,MKDLOWVBUY,4.10,4.10hrs
11/11/2025 14:09:51,buy,0.10,CADCHF,0.57172,11/11/2025 20:02:38,0.57110,0.00,0.00,-6.20,-7.75,0.00,0.00,-20.53,-16.40,20250105,MKDLOWVBUY,5.88,5.88hrs
11/11/2025 15:34:23,buy,0.20,CADCHF,0.57069,11/11/2025 20:02:37,0.57109,0.00,0.00,4.00,10.00,14.75,5.90,-15.28,-6.10,20250105,MKDLOWVBUY,4.47,4.47hrs
11/11/2025 16:49:55,sell,0.10,NZDUSD,0.56669,11/11/2025 17:36:57,0.56554,0.00,0.00,11.50,11.50,12.10,12.10,-1.90,-1.90,20250105,MKDLOWVSELL,0.78,0.78hrs
11/11/2025 13:34:02,buy,0.10,EURGBP,0.88035,11/11/2025 17:31:19,0.88103,0.00,0.00,6.80,8.96,11.85,9.00,-8.15,-6.20,20250105,MKDLOWVBUY,3.95,3.95hrs
10/11/2025 19:02:07,buy,0.10,EURNZD,2.04975,11/11/2025 03:54:01,2.04879,0.00,-0.59,-9.60,-6.01,0.06,0.10,-34.65,-60.40,20250105,MKDLOWVBUY,8.87,8.87hrs
10/11/2025 19:51:52,buy,0.20,EURNZD,2.04793,11/11/2025 03:54:00,2.04878,0.00,-1.17,8.50,8.41,16.42,15.60,-48.76,-42.20,20250105,MKDLOWVBUY,8.04,8.04hrs
11/11/2025 01:00:12,buy,0.10,CADJPY,109.92400,11/11/2025 02:05:26,109.93800,0.00,0.00,1.40,0.91,2.59,4.00,-3.38,-5.20,20250105,MKDLOWVBUY,1.09,1.09hrs
10/11/2025 20:35:04,sell,0.10,EURUSD,1.15602,11/11/2025 00:22:12,1.15608,0.00,0.34,-0.60,-0.26,3.44,3.10,-5.10,-5.10,20250105,MKDLOWVSELL,3.79,3.79hrs
10/11/2025 21:00:03,sell,0.10,AUDUSD,0.65368,11/11/2025 00:17:42,0.65369,0.00,-0.06,-0.10,-0.16,3.14,3.20,-8.36,-8.30,20250105,MKDLOWVSELL,3.29,3.29hrs
10/11/2025 14:00:36,buy,0.10,NZDJPY,86.97800,10/11/2025 20:47:15,86.91600,0.00,0.00,-6.20,-4.03,1.56,2.40,-21.12,-32.50,20250105,MKDLOWVBUY,6.78,6.78hrs
10/11/2025 16:06:23,buy,0.20,NZDJPY,86.86700,10/11/2025 20:47:13,86.91900,0.00,0.00,5.20,6.75,13.51,10.40,-27.81,-21.40,20250105,MKDLOWVBUY,4.68,4.68hrs
10/11/2025 14:30:34,sell,0.10,EURUSD,1.15712,10/11/2025 16:47:44,1.15606,0.00,0.00,10.60,10.60,10.70,10.70,-7.40,-7.40,20250105,MKDLOWVSELL,2.29,2.29hrs
10/11/2025 10:34:17,buy,0.10,AUDNZD,1.15739,10/11/2025 13:53:39,1.15802,0.00,0.00,6.30,3.55,5.92,10.50,-5.48,-9.70,20250105,MKDLOWVBUY,3.32,3.32hrs
10/11/2025 13:06:42,buy,0.10,GBPNZD,2.33212,10/11/2025 13:26:19,2.33361,0.00,0.00,14.90,8.40,10.32,18.30,-3.33,-5.90,20250105,MKDLOWVBUY,0.33,0.33hrs
10/11/2025 05:00:07,sell,0.10,EURUSD,1.15575,10/11/2025 13:05:57,1.15580,0.00,0.00,-0.50,-0.50,5.50,5.50,-26.20,-26.20,20250105,MKDLOWVSELL,8.10,8.10hrs
10/11/2025 10:06:13,sell,0.20,EURUSD,1.15708,10/11/2025 13:05:56,1.15580,0.00,0.00,12.80,25.60,26.20,13.10,-25.80,-12.90,20250105,MKDLOWVSELL,3.00,3.00hrs
10/11/2025 10:30:28,sell,0.10,EURCAD,1.62173,10/11/2025 12:56:28,1.62086,0.00,0.00,8.70,6.20,8.99,12.60,-4.14,-5.80,20250105,MKDLOWVSELL,2.43,2.43hrs
06/11/2025 09:37:43,buy,0.20,NZDJPY,87.04100,07/11/2025 21:41:10,86.40000,0.00,0.56,-64.10,-82.97,4.68,3.60,-151.55,-116.40,20250105,MKDLOWVBUY,36.06,1.50days
06/11/2025 08:45:03,buy,0.10,NZDJPY,87.15800,07/11/2025 21:41:10,86.40200,0.00,0.28,-75.60,-48.98,0.28,0.00,-83.42,-128.10,20250105,MKDLOWVBUY,36.94,1.54days
06/11/2025 16:09:09,buy,0.40,NZDJPY,86.82800,07/11/2025 21:41:09,86.40000,0.00,1.12,-42.80,-110.42,5.47,2.10,-247.43,-95.10,20250105,MKDLOWVBUY,29.53,1.23days
06/11/2025 17:03:54,buy,0.80,NZDJPY,86.38500,07/11/2025 21:41:08,86.39400,0.00,2.24,0.90,6.93,76.15,14.60,-263.29,-50.80,20250105,MKDLOWVBUY,28.62,1.19days
07/11/2025 05:54:26,buy,1.60,NZDJPY,86.02700,07/11/2025 21:41:07,86.39200,0.00,0.00,36.50,380.50,404.41,38.80,-156.81,-15.00,20250105,MKDLOWVBUY,15.78,15.78hrs
07/11/2025 19:01:19,buy,0.10,EURJPY,177.23700,07/11/2025 21:31:15,177.36700,0.00,0.00,13.00,8.48,9.98,15.30,-4.64,-7.10,20250105,MKDLOWVBUY,2.50,2.50hrs
07/11/2025 14:31:22,buy,0.10,AUDNZD,1.15354,07/11/2025 16:30:06,1.15348,0.00,0.00,-0.60,-0.34,3.37,6.00,-5.11,-9.10,20250105,MKDLOWVBUY,1.98,1.98hrs
06/11/2025 07:32:46,sell,0.10,EURCAD,1.62269,07/11/2025 15:30:46,1.62658,0.00,-0.70,-38.90,-28.36,3.26,4.60,-63.34,-88.40,20250105,MKDLOWVSELL,31.97,1.33days
06/11/2025 14:08:33,sell,0.20,EURCAD,1.62386,07/11/2025 15:30:45,1.62655,0.00,-1.40,-26.90,-39.66,5.82,4.10,-110.09,-76.70,20250105,MKDLOWVSELL,25.37,1.06days
06/11/2025 15:41:29,sell,0.40,EURCAD,1.62635,07/11/2025 15:30:44,1.62656,0.00,-2.79,-2.10,-8.76,11.63,4.10,-149.60,-51.80,20250105,MKDLOWVSELL,23.82,23.82hrs
06/11/2025 17:47:00,sell,0.80,EURCAD,1.62894,07/11/2025 15:30:43,1.62655,0.00,-5.59,23.90,130.38,141.22,25.80,-152.40,-25.90,20250105,MKDLOWVSELL,21.73,21.73hrs
07/11/2025 12:59:44,buy,0.10,GBPJPY,201.04800,07/11/2025 15:27:13,201.08700,0.00,0.00,3.90,2.55,3.79,5.80,-26.40,-40.40,20250105,MKDLOWVBUY,2.46,2.46hrs
07/11/2025 13:13:38,buy,0.20,GBPJPY,200.92100,07/11/2025 15:27:12,201.08700,0.00,0.00,16.60,21.69,24.17,18.50,-36.20,-27.70,20250105,MKDLOWVBUY,2.23,2.23hrs
07/11/2025 15:00:30,buy,0.10,EURJPY,176.91700,07/11/2025 15:12:04,177.03100,0.00,0.00,11.40,7.44,8.62,13.20,-3.01,-4.60,20250105,MKDLOWVBUY,0.19,0.19hrs
07/11/2025 01:50:25,sell,0.10,GBPCHF,1.05900,07/11/2025 10:38:52,1.05906,0.00,0.00,-0.60,-0.75,3.22,2.60,-18.32,-14.80,20250105,MKDLOWVSELL,8.81,8.81hrs
07/11/2025 10:09:03,sell,0.20,GBPCHF,1.06016,07/11/2025 10:38:51,1.05906,0.00,0.00,11.00,27.24,35.16,14.20,-6.69,-2.70,20250105,MKDLOWVSELL,0.50,0.50hrs
07/11/2025 06:01:24,buy,0.10,EURJPY,176.60200,07/11/2025 07:16:45,176.73800,0.00,0.00,13.60,8.88,10.57,16.20,-5.29,-8.10,20250105,MKDLOWVBUY,1.26,1.26hrs
07/11/2025 04:30:52,buy,0.10,EURJPY,176.59800,07/11/2025 04:48:51,176.72900,0.00,0.00,13.10,8.55,10.38,15.90,-1.90,-2.90,20250105,MKDLOWVBUY,0.30,0.30hrs
06/11/2025 23:31:40,buy,0.10,EURJPY,176.72600,07/11/2025 02:38:18,176.74900,0.00,-0.16,2.30,1.34,3.10,5.00,-14.42,-21.80,20250105,MKDLOWVBUY,3.11,3.11hrs
07/11/2025 01:31:23,buy,0.20,EURJPY,176.60300,07/11/2025 02:38:16,176.75000,0.00,0.00,14.70,19.19,22.59,17.30,-12.43,-9.50,20250105,MKDLOWVBUY,1.11,1.11hrs
06/11/2025 20:47:12,sell,0.10,GBPCHF,1.06003,06/11/2025 22:47:31,1.05887,0.00,0.00,11.60,14.39,16.38,13.20,-5.58,-4.50,20250105,MKDLOWVSELL,2.01,2.01hrs
06/11/2025 19:48:13,buy,0.10,GBPJPY,200.75600,06/11/2025 20:25:48,200.95600,0.00,0.00,20.00,13.07,14.57,22.30,-4.51,-6.90,20250105,MKDLOWVBUY,0.63,0.63hrs
06/11/2025 18:36:40,buy,0.10,GBPJPY,200.64500,06/11/2025 19:46:38,200.67800,0.00,0.00,3.30,2.16,4.51,6.90,-23.16,-35.40,20250105,MKDLOWVBUY,1.17,1.17hrs
06/11/2025 19:17:10,buy,0.20,GBPJPY,200.50700,06/11/2025 19:46:36,200.67600,0.00,0.00,16.90,22.10,27.07,20.70,-28.26,-21.60,20250105,MKDLOWVBUY,0.49,0.49hrs
06/11/2025 10:07:20,sell,0.10,GBPUSD,1.30673,06/11/2025 14:01:42,1.30671,0.00,0.00,0.20,0.20,7.50,7.50,-29.50,-29.50,20250105,MKDLOWVSELL,3.91,3.91hrs
06/11/2025 10:58:37,sell,0.20,GBPUSD,1.30838,06/11/2025 14:01:41,1.30669,0.00,0.00,16.90,33.80,37.40,18.70,-26.00,-13.00,20250105,MKDLOWVSELL,3.05,3.05hrs
06/11/2025 03:00:06,sell,0.10,GBPCAD,1.84105,06/11/2025 08:43:02,1.84145,0.00,0.00,-4.00,-2.84,0.00,0.00,-12.12,-17.10,20250105,MKDLOWVSELL,5.72,5.72hrs
06/11/2025 03:20:05,sell,0.20,GBPCAD,1.84228,06/11/2025 08:43:00,1.84145,0.00,0.00,8.30,11.77,15.60,11.00,-6.80,-4.80,20250105,MKDLOWVSELL,5.38,5.38hrs
06/11/2025 06:19:04,sell,0.10,AUDUSD,0.65163,06/11/2025 08:38:58,0.65104,0.00,0.00,5.90,5.90,8.90,8.90,-2.00,-2.00,20250105,MKDLOWVSELL,2.33,2.33hrs
06/11/2025 00:30:30,buy,0.10,USDJPY,154.09700,06/11/2025 07:04:38,153.96300,0.00,0.00,-13.40,-8.70,2.47,3.80,-20.03,-30.80,20250105,MKDLOWVBUY,6.57,6.57hrs
06/11/2025 02:30:54,buy,0.20,USDJPY,153.87400,06/11/2025 07:04:37,153.96300,0.00,0.00,8.90,11.56,19.22,14.80,-11.05,-8.50,20250105,MKDLOWVBUY,4.56,4.56hrs
05/11/2025 16:54:58,buy,0.10,EURNZD,2.03344,06/11/2025 03:03:54,2.03275,0.00,-1.83,-6.90,-5.73,4.29,7.60,-36.88,-65.10,20250105,MKDLOWVBUY,10.15,10.15hrs
05/11/2025 17:09:32,buy,0.20,EURNZD,2.03225,06/11/2025 03:03:53,2.03264,0.00,-3.66,3.90,0.75,14.56,12.90,-60.31,-53.20,20250105,MKDLOWVBUY,9.91,9.91hrs
05/11/2025 18:11:11,buy,0.40,EURNZD,2.03022,06/11/2025 03:03:52,2.03264,0.00,-7.31,24.20,47.47,55.62,27.80,-74.70,-32.90,20250105,MKDLOWVBUY,8.88,8.88hrs
05/11/2025 10:00:23,sell,0.10,GBPNZD,2.30518,05/11/2025 16:45:43,2.30772,0.00,0.00,-25.40,-14.35,6.79,12.00,-36.21,-64.20,20250105,MKDLOWVSELL,6.76,6.76hrs
05/11/2025 10:47:49,sell,0.20,GBPNZD,2.30659,05/11/2025 16:45:42,2.30784,0.00,0.00,-12.50,-14.12,4.07,3.60,-56.52,-50.10,20250105,MKDLOWVSELL,5.96,5.96hrs
05/11/2025 13:39:33,sell,0.40,GBPNZD,2.30967,05/11/2025 16:45:40,2.30783,0.00,0.00,18.40,41.57,60.75,26.90,-43.54,-19.30,20250105,MKDLOWVSELL,3.10,3.10hrs
04/11/2025 18:30:09,sell,0.10,EURCAD,1.61826,05/11/2025 15:59:46,1.62171,0.00,-0.22,-34.50,-24.63,4.83,6.80,-45.42,-63.90,20250105,MKDLOWVSELL,21.49,21.49hrs
05/11/2025 03:25:00,sell,0.40,EURCAD,1.62159,05/11/2025 15:59:45,1.62175,0.00,0.00,-1.60,-4.53,22.96,8.10,-86.58,-30.60,20250105,MKDLOWVSELL,12.58,12.58hrs
05/11/2025 01:10:19,sell,0.20,EURCAD,1.61938,05/11/2025 15:59:45,1.62176,0.00,0.00,-23.80,-33.68,2.13,1.50,-74.56,-52.70,20250105,MKDLOWVSELL,14.82,14.82hrs
05/11/2025 14:06:57,sell,0.80,EURCAD,1.62421,05/11/2025 15:59:44,1.62173,0.00,0.00,24.80,140.37,143.77,25.40,-24.90,-4.40,20250105,MKDLOWVSELL,1.88,1.88hrs
05/11/2025 14:06:44,sell,0.10,GBPCAD,1.84274,05/11/2025 15:56:53,1.84137,0.00,0.00,13.70,9.69,10.33,14.60,-7.43,-10.50,20250105,MKDLOWVSELL,1.84,1.84hrs
05/11/2025 13:14:53,buy,0.10,CHFJPY,189.58900,05/11/2025 14:02:25,189.59900,0.00,0.00,1.00,0.65,4.56,7.00,-4.10,-6.30,20250105,MKDLOWVBUY,0.79,0.79hrs
05/11/2025 05:50:23,sell,0.10,NZDCAD,0.79764,05/11/2025 13:11:12,0.79741,0.00,0.00,2.30,1.62,3.33,4.70,-7.94,-11.20,20250105,MKDLOWVSELL,7.35,7.35hrs
04/11/2025 11:30:23,buy,0.10,EURJPY,176.77600,05/11/2025 05:49:15,176.35300,0.00,-0.05,-42.30,-27.61,2.15,3.30,-70.51,-107.80,20250105,MKDLOWVBUY,18.31,18.31hrs
04/11/2025 11:51:52,buy,0.20,EURJPY,176.61200,05/11/2025 05:49:14,176.35300,0.00,-0.10,-25.90,-33.84,12.50,9.60,-119.58,-91.40,20250105,MKDLOWVBUY,17.96,17.96hrs
04/11/2025 14:32:11,buy,0.40,EURJPY,176.31900,05/11/2025 05:49:13,176.35300,0.00,-0.21,3.40,8.65,56.25,21.70,-162.56,-62.10,20250105,MKDLOWVBUY,15.28,15.28hrs
05/11/2025 02:58:29,buy,0.80,EURJPY,176.03700,05/11/2025 05:49:12,176.35000,0.00,0.00,31.30,163.10,177.68,34.10,-177.25,-33.90,20250105,MKDLOWVBUY,2.85,2.85hrs
04/11/2025 22:31:10,sell,0.10,GBPCHF,1.05531,05/11/2025 03:01:44,1.05388,0.00,-2.04,14.30,15.62,22.71,18.40,-27.96,-21.00,20250105,MKDLOWVSELL,4.51,4.51hrs
04/11/2025 14:37:32,sell,0.10,GBPCHF,1.05765,04/11/2025 15:28:38,1.05615,0.00,0.00,15.00,18.56,20.04,16.20,-4.08,-3.30,20250105,MKDLOWVSELL,0.85,0.85hrs
04/11/2025 09:17:36,buy,0.10,AUDNZD,1.14580,04/11/2025 11:23:14,1.14721,0.00,0.00,14.10,7.99,9.18,16.20,-3.64,-6.40,20250105,MKDLOWVBUY,2.09,2.09hrs
04/11/2025 04:34:24,sell,0.10,EURCAD,1.61876,04/11/2025 11:04:12,1.61955,0.00,0.00,-7.90,-5.62,0.00,0.00,-22.18,-31.20,20250105,MKDLOWVSELL,6.50,6.50hrs
04/11/2025 08:23:05,sell,0.20,EURCAD,1.62092,04/11/2025 11:04:11,1.61954,0.00,0.00,13.80,19.62,26.17,18.40,-13.65,-9.60,20250105,MKDLOWVSELL,2.69,2.69hrs
04/11/2025 10:00:03,buy,0.10,CADJPY,109.27300,04/11/2025 10:30:39,109.28100,0.00,0.00,0.80,0.52,1.56,2.40,-11.47,-17.60,20250105,MKDLOWVBUY,0.51,0.51hrs
04/11/2025 10:19:00,buy,0.20,CADJPY,109.14100,04/11/2025 10:30:38,109.27700,0.00,0.00,13.60,17.71,20.31,15.60,-4.17,-3.20,20250105,MKDLOWVBUY,0.19,0.19hrs
04/11/2025 09:06:50,buy,0.10,EURJPY,177.02400,04/11/2025 09:58:56,177.04000,0.00,0.00,1.60,1.04,2.41,3.70,-16.04,-24.60,20250105,MKDLOWVBUY,0.87,0.87hrs
04/11/2025 09:25:06,buy,0.20,EURJPY,176.87500,04/11/2025 09:58:55,177.04000,0.00,0.00,16.50,21.48,24.22,18.60,-12.65,-9.70,20250105,MKDLOWVBUY,0.56,0.56hrs
31/10/2025 20:05:24,sell,0.10,GBPCHF,1.05610,04/11/2025 09:10:45,1.05931,0.00,-4.11,-32.10,-43.88,13.44,10.80,-103.38,-80.20,20250105,MKDLOWVSELL,85.09,3.55days
31/10/2025 21:48:54,sell,0.20,GBPCHF,1.05724,04/11/2025 09:10:44,1.05931,0.00,-8.22,-20.70,-59.51,14.66,5.90,-178.53,-68.80,20250105,MKDLOWVSELL,83.36,3.47days
03/11/2025 11:33:36,sell,0.40,GBPCHF,1.05927,04/11/2025 09:10:43,1.05931,0.00,-8.20,-0.40,-10.18,7.44,1.50,-248.32,-48.50,20250105,MKDLOWVSELL,21.62,21.62hrs
03/11/2025 19:17:03,sell,0.80,GBPCHF,1.06183,04/11/2025 09:10:42,1.05932,0.00,-16.40,25.10,232.36,248.26,26.70,-243.15,-22.90,20250105,MKDLOWVSELL,13.89,13.89hrs
04/11/2025 01:37:38,sell,0.10,EURCAD,1.61908,04/11/2025 03:01:04,1.61861,0.00,0.00,4.70,3.34,6.47,9.10,-3.70,-5.20,20250105,MKDLOWVSELL,1.39,1.39hrs
03/11/2025 10:46:46,buy,0.20,CADJPY,109.84700,04/11/2025 02:07:39,109.76000,0.00,-0.03,-8.70,-11.30,5.58,4.30,-55.71,-42.90,20250105,MKDLOWVBUY,15.35,15.35hrs
03/11/2025 10:00:21,buy,0.10,CADJPY,109.95700,04/11/2025 02:07:39,109.76000,0.00,-0.02,-19.70,-12.79,2.01,3.10,-35.00,-53.90,20250105,MKDLOWVBUY,16.12,16.12hrs
03/11/2025 16:42:50,buy,0.40,CADJPY,109.64300,04/11/2025 02:07:37,109.76000,0.00,-0.06,11.70,30.25,36.47,14.10,-58.44,-22.50,20250105,MKDLOWVBUY,9.41,9.41hrs
03/11/2025 16:00:41,sell,0.10,EURCAD,1.61861,03/11/2025 21:19:09,1.61917,0.00,0.00,-5.60,-3.98,5.62,7.90,-21.11,-29.70,20250105,MKDLOWVSELL,5.31,5.31hrs
03/11/2025 17:05:49,sell,0.20,EURCAD,1.61969,03/11/2025 21:19:08,1.61928,0.00,0.00,4.10,5.84,10.96,7.70,-26.87,-18.90,20250105,MKDLOWVSELL,4.22,4.22hrs
03/11/2025 11:31:25,sell,0.10,NZDCAD,0.80252,03/11/2025 16:34:06,0.80194,0.00,0.00,5.80,4.13,5.33,7.50,-6.34,-8.90,20250105,MKDLOWVSELL,5.04,5.04hrs
03/11/2025 12:58:10,sell,0.10,EURCAD,1.61710,03/11/2025 15:30:31,1.61706,0.00,0.00,0.40,0.29,4.13,5.80,-8.12,-11.40,20250105,MKDLOWVSELL,2.54,2.54hrs
03/11/2025 09:58:29,sell,0.10,GBPNZD,2.29502,03/11/2025 10:54:45,2.29451,0.00,0.00,5.10,2.92,4.57,8.00,-10.98,-19.20,20250105,MKDLOWVSELL,0.94,0.94hrs
03/11/2025 10:26:00,sell,0.20,GBPNZD,2.29622,03/11/2025 10:54:44,2.29448,0.00,0.00,17.40,19.91,22.87,20.00,-5.60,-4.90,20250105,MKDLOWVSELL,0.48,0.48hrs
03/11/2025 08:30:19,sell,0.10,EURCAD,1.61657,03/11/2025 10:40:56,1.61525,0.00,0.00,13.20,9.41,10.70,15.00,-8.92,-12.50,20250105,MKDLOWVSELL,2.18,2.18hrs
03/11/2025 08:30:32,sell,0.10,GBPCAD,1.84182,03/11/2025 10:39:19,1.84053,0.00,0.00,12.90,9.20,9.34,13.10,-4.14,-5.80,20250105,MKDLOWVSELL,2.15,2.15hrs
03/11/2025 05:01:03,buy,0.10,USDCAD,1.40163,03/11/2025 09:58:11,1.40179,0.00,0.00,1.60,1.14,2.35,3.30,-5.85,-8.20,20250105,MKDLOWVBUY,4.95,4.95hrs
03/11/2025 03:32:13,buy,0.10,EURJPY,177.66600,03/11/2025 06:43:02,177.66900,0.00,0.00,0.30,0.19,3.12,4.80,-3.64,-5.60,20250105,MKDLOWVBUY,3.18,3.18hrs
03/11/2025 03:00:09,sell,0.10,GBPCAD,1.84157,03/11/2025 06:01:00,1.84138,0.00,0.00,1.90,1.36,3.57,5.00,-3.28,-4.60,20250105,MKDLOWVSELL,3.01,3.01hrs
31/10/2025 11:03:17,sell,0.10,NZDCAD,0.80108,03/11/2025 04:40:51,0.80136,0.00,-0.25,-2.80,-2.25,7.96,11.50,-22.73,-31.50,20250105,MKDLOWVSELL,65.63,2.73days
31/10/2025 14:40:15,sell,0.20,NZDCAD,0.80205,03/11/2025 04:40:50,0.80136,0.00,-0.49,6.90,9.35,29.77,21.20,-31.60,-21.80,20250105,MKDLOWVSELL,62.01,2.58days
31/10/2025 12:02:14,buy,0.10,CADJPY,110.07100,03/11/2025 01:39:07,110.02500,0.00,0.00,-4.60,-2.98,7.19,11.10,-23.59,-36.30,20250105,MKDLOWVBUY,61.61,2.57days
31/10/2025 14:30:12,buy,0.20,CADJPY,109.95000,03/11/2025 01:39:05,110.02600,0.00,0.00,7.60,9.85,14.39,11.10,-31.45,-24.20,20250105,MKDLOWVBUY,59.15,2.46days
31/10/2025 18:05:40,sell,0.10,GBPCAD,1.84120,03/11/2025 00:39:46,1.84135,0.00,-1.04,-1.50,-2.11,26.41,37.00,-12.98,-18.20,20250105,MKDLOWVSELL,54.57,2.27days
31/10/2025 22:01:29,sell,0.20,GBPCAD,1.84221,03/11/2025 00:39:45,1.84134,0.00,-2.08,8.70,10.33,23.99,16.80,-11.55,-8.10,20250105,MKDLOWVSELL,50.64,2.11days
28/10/2025 10:15:04,sell,0.10,EURGBP,0.87428,31/10/2025 17:43:13,0.87831,0.00,0.25,-40.30,-52.64,17.09,12.80,-99.65,-75.80,20250105,MKDLOWVSELL,79.47,3.31days
28/10/2025 10:39:52,sell,0.20,EURGBP,0.87603,31/10/2025 17:43:12,0.87831,0.00,0.50,-22.80,-59.35,66.72,25.00,-153.10,-58.30,20250105,MKDLOWVSELL,79.06,3.29days
28/10/2025 15:54:50,sell,0.40,EURGBP,0.87809,31/10/2025 17:43:11,0.87832,0.00,1.00,-2.30,-11.07,120.60,22.70,-197.41,-37.70,20250105,MKDLOWVSELL,73.81,3.08days
29/10/2025 12:19:32,sell,0.80,EURGBP,0.88060,31/10/2025 17:43:10,0.87832,0.00,1.60,22.80,241.00,244.89,23.20,-130.95,-12.60,20250105,MKDLOWVSELL,53.39,2.22days
30/10/2025 21:03:39,sell,0.10,EURCAD,1.61770,31/10/2025 15:41:18,1.61874,0.00,-0.23,-10.40,-7.64,9.08,12.70,-29.52,-41.10,20250105,MKDLOWVSELL,18.63,18.63hrs
31/10/2025 08:06:35,sell,0.20,EURCAD,1.61868,31/10/2025 15:41:17,1.61875,0.00,0.00,-0.70,-1.00,5.43,3.80,-44.62,-31.30,20250105,MKDLOWVSELL,7.58,7.58hrs
31/10/2025 11:56:35,sell,0.40,EURCAD,1.62069,31/10/2025 15:41:16,1.61884,0.00,0.00,18.50,52.73,52.74,18.50,-31.93,-11.20,20250105,MKDLOWVSELL,3.74,3.74hrs
31/10/2025 12:01:16,buy,0.10,AUDNZD,1.14307,31/10/2025 15:04:28,1.14363,0.00,0.00,5.60,3.20,3.20,5.60,-2.69,-4.70,20250105,MKDLOWVBUY,3.05,3.05hrs
31/10/2025 01:32:47,sell,0.10,GBPCHF,1.05443,31/10/2025 11:01:32,1.05477,0.00,0.00,-3.40,-4.24,6.99,5.60,-17.19,-13.80,20250105,MKDLOWVSELL,9.48,9.48hrs
31/10/2025 09:57:29,sell,0.20,GBPCHF,1.05557,31/10/2025 11:01:30,1.05478,0.00,0.00,7.90,19.69,34.62,13.90,-5.98,-2.40,20250105,MKDLOWVSELL,1.07,1.07hrs
30/10/2025 19:32:52,buy,0.10,CADJPY,110.21800,31/10/2025 09:03:01,110.23100,0.00,-0.04,1.30,0.80,3.83,5.90,-21.52,-33.00,20250105,MKDLOWVBUY,13.50,13.50hrs
31/10/2025 02:44:09,buy,0.20,CADJPY,110.07900,31/10/2025 09:03:00,110.22300,0.00,0.00,14.40,18.66,18.70,14.40,-24.86,-19.10,20250105,MKDLOWVBUY,6.31,6.31hrs
31/10/2025 07:01:24,buy,0.10,AUDNZD,1.14277,31/10/2025 08:32:04,1.14283,0.00,0.00,0.60,0.34,1.83,3.20,-2.81,-4.90,20250105,MKDLOWVBUY,1.51,1.51hrs
31/10/2025 00:38:19,buy,0.10,USDCAD,1.39847,31/10/2025 04:50:05,1.39861,0.00,0.00,1.40,1.00,1.00,1.40,-4.36,-6.10,20250105,MKDLOWVBUY,4.20,4.20hrs
30/10/2025 20:10:05,buy,0.10,CHFJPY,192.08200,31/10/2025 00:37:23,192.19900,0.00,-0.82,11.70,6.78,12.78,19.70,-17.63,-25.90,20250105,MKDLOWVBUY,4.46,4.46hrs
30/10/2025 17:05:15,buy,0.10,USDCAD,1.39869,30/10/2025 21:45:30,1.39875,0.00,0.00,0.60,0.43,5.22,7.30,-7.01,-9.80,20250105,MKDLOWVBUY,4.67,4.67hrs
30/10/2025 17:22:32,buy,0.10,EURNZD,2.01575,30/10/2025 21:26:41,2.01487,0.00,0.00,-8.80,-5.05,8.32,14.50,-20.62,-35.90,20250105,MKDLOWVBUY,4.07,4.07hrs
30/10/2025 17:37:31,buy,0.20,EURNZD,2.01427,30/10/2025 21:26:39,2.01486,0.00,0.00,5.90,6.77,33.62,29.30,-24.24,-21.10,20250105,MKDLOWVBUY,3.82,3.82hrs
30/10/2025 13:32:21,sell,0.10,GBPCHF,1.05499,30/10/2025 15:41:35,1.05385,0.00,0.00,11.40,14.21,19.02,15.20,-8.24,-6.60,20250105,MKDLOWVSELL,2.15,2.15hrs
30/10/2025 02:12:03,sell,0.10,NZDUSD,0.57663,30/10/2025 12:02:10,0.57690,0.00,0.00,-2.70,-2.70,4.70,4.70,-22.70,-22.70,20250105,MKDLOWVSELL,9.84,9.84hrs
30/10/2025 04:09:41,sell,0.20,NZDUSD,0.57778,30/10/2025 12:02:09,0.57687,0.00,0.00,9.10,18.20,20.20,10.10,-22.40,-11.20,20250105,MKDLOWVSELL,7.87,7.87hrs
30/10/2025 00:51:08,sell,0.10,EURUSD,1.16027,30/10/2025 09:04:15,1.16178,0.00,0.00,-15.10,-15.10,5.10,5.10,-35.40,-35.40,20250105,MKDLOWVSELL,8.22,8.22hrs
30/10/2025 02:46:18,sell,0.20,EURUSD,1.16139,30/10/2025 09:04:14,1.16178,0.00,0.00,-3.90,-7.80,32.60,16.30,-48.40,-24.20,20250105,MKDLOWVSELL,6.30,6.30hrs
30/10/2025 06:28:31,sell,0.40,EURUSD,1.16353,30/10/2025 09:04:13,1.16177,0.00,0.00,17.60,70.40,111.20,27.80,-11.20,-2.80,20250105,MKDLOWVSELL,2.60,2.60hrs
29/10/2025 22:35:37,buy,0.10,CADJPY,109.56100,30/10/2025 02:02:04,109.56000,0.00,-0.13,-0.10,-0.20,4.97,7.60,-13.49,-20.60,20250105,MKDLOWVBUY,3.44,3.44hrs
29/10/2025 21:32:31,buy,0.10,EURJPY,177.20600,30/10/2025 02:02:02,177.21600,0.00,-0.39,1.00,0.27,25.10,38.40,-13.36,-20.40,20250105,MKDLOWVBUY,4.49,4.49hrs
28/10/2025 16:01:42,buy,0.20,USDCAD,1.39860,29/10/2025 20:36:23,1.39330,0.00,0.57,-53.00,-75.51,22.71,15.90,-141.43,-98.60,20250105,MKDLOWVBUY,28.58,1.19days
28/10/2025 14:30:38,buy,0.10,USDCAD,1.39969,29/10/2025 20:36:23,1.39330,0.00,0.28,-63.90,-45.58,3.57,5.00,-78.57,-109.50,20250105,MKDLOWVBUY,30.10,1.25days
28/10/2025 16:46:00,buy,0.40,USDCAD,1.39619,29/10/2025 20:36:22,1.39329,0.00,1.14,-29.00,-82.12,84.91,29.70,-213.44,-74.50,20250105,MKDLOWVBUY,27.84,1.16days
28/10/2025 22:05:12,buy,0.80,USDCAD,1.39364,29/10/2025 20:36:20,1.39333,0.00,2.28,-3.10,-15.52,74.54,12.60,-279.99,-49.00,20250105,MKDLOWVBUY,22.52,22.52hrs
29/10/2025 17:19:40,buy,1.60,USDCAD,1.38994,29/10/2025 20:36:19,1.39327,0.00,0.00,33.30,382.41,383.35,33.30,-138.25,-12.00,20250105,MKDLOWVBUY,3.28,3.28hrs
29/10/2025 09:20:36,buy,0.10,CHFJPY,191.49300,29/10/2025 20:02:11,191.04000,0.00,0.00,-45.30,-29.75,17.00,25.90,-64.22,-97.60,20250105,MKDLOWVBUY,10.69,10.69hrs
29/10/2025 09:59:11,buy,0.40,CHFJPY,191.15600,29/10/2025 20:02:10,191.04500,0.00,0.00,-11.10,-29.17,106.75,40.60,-168.17,-63.90,20250105,MKDLOWVBUY,10.05,10.05hrs
29/10/2025 09:31:51,buy,0.20,CHFJPY,191.37800,29/10/2025 20:02:10,191.04200,0.00,0.00,-33.60,-44.15,35.07,26.70,-113.30,-86.10,20250105,MKDLOWVBUY,10.51,10.51hrs
29/10/2025 13:52:18,buy,0.80,CHFJPY,190.87900,29/10/2025 20:02:08,191.05700,0.00,0.00,17.80,93.52,194.92,37.10,-190.54,-36.20,20250105,MKDLOWVBUY,6.16,6.16hrs
29/10/2025 17:46:50,sell,0.10,EURUSD,1.16569,29/10/2025 20:00:03,1.16467,0.00,0.00,10.20,10.20,14.00,14.00,-9.70,-9.70,20250105,MKDLOWVSELL,2.22,2.22hrs
29/10/2025 10:01:27,buy,0.10,CADJPY,109.19900,29/10/2025 15:02:41,109.25900,0.00,0.00,6.00,3.95,7.87,12.00,-5.06,-7.70,20250105,MKDLOWVBUY,5.02,5.02hrs
29/10/2025 12:21:32,sell,0.10,EURUSD,1.16430,29/10/2025 14:44:29,1.16324,0.00,0.00,10.60,10.60,19.10,19.10,-6.40,-6.40,20250105,MKDLOWVSELL,2.38,2.38hrs
28/10/2025 14:55:26,buy,0.20,EURNZD,2.01871,29/10/2025 11:10:26,2.01269,0.00,-1.24,-60.20,-70.75,20.54,17.80,-132.28,-113.10,20250105,MKDLOWVBUY,20.25,20.25hrs
28/10/2025 12:01:25,buy,0.10,EURNZD,2.01980,29/10/2025 11:10:26,2.01269,0.00,-0.62,-71.10,-41.67,11.01,19.10,-72.45,-124.00,20250105,MKDLOWVBUY,23.15,23.15hrs
28/10/2025 16:49:50,buy,0.40,EURNZD,2.01643,29/10/2025 11:10:25,2.01270,0.00,-2.49,-37.30,-88.63,82.04,35.60,-211.73,-90.30,20250105,MKDLOWVBUY,18.34,18.34hrs
29/10/2025 05:36:35,buy,0.80,EURNZD,2.01243,29/10/2025 11:10:24,2.01275,0.00,0.00,3.20,14.78,188.91,40.90,-233.11,-50.30,20250105,MKDLOWVBUY,5.56,5.56hrs
29/10/2025 08:39:10,buy,1.60,EURNZD,2.00883,29/10/2025 11:10:23,2.01274,0.00,0.00,39.10,361.17,361.95,39.10,-132.54,-14.30,20250105,MKDLOWVBUY,2.52,2.52hrs
29/10/2025 06:02:12,sell,0.10,NZDCAD,0.80606,29/10/2025 11:08:35,0.80553,0.00,0.00,5.30,3.80,3.80,5.30,-9.19,-12.80,20250105,MKDLOWVSELL,5.11,5.11hrs
29/10/2025 02:53:12,buy,0.10,CHFJPY,191.30000,29/10/2025 04:03:12,191.44800,0.00,0.00,14.80,9.74,20.19,30.70,-11.61,-17.60,20250105,MKDLOWVBUY,1.17,1.17hrs
29/10/2025 02:00:09,sell,0.10,EURUSD,1.16555,29/10/2025 03:37:32,1.16495,0.00,0.00,6.00,6.00,6.40,6.40,-6.10,-6.10,20250105,MKDLOWVSELL,1.62,1.62hrs
28/10/2025 23:34:48,buy,0.10,AUDNZD,1.13950,29/10/2025 02:30:48,1.14135,0.00,-0.05,18.50,10.64,10.64,18.50,-20.83,-36.00,20250105,MKDLOWVBUY,2.93,2.93hrs
28/10/2025 21:35:51,buy,0.10,CADJPY,109.04100,29/10/2025 01:31:32,109.09800,0.00,0.05,5.70,3.79,7.42,11.30,-7.58,-11.60,20250105,MKDLOWVBUY,3.93,3.93hrs
28/10/2025 17:05:22,sell,0.10,EURUSD,1.16649,28/10/2025 21:56:56,1.16538,0.00,0.00,11.10,11.10,21.50,21.50,-4.50,-4.50,20250105,MKDLOWVSELL,4.86,4.86hrs
27/10/2025 23:20:37,buy,0.10,CHFJPY,192.32800,28/10/2025 17:53:38,191.74400,0.00,-0.59,-58.40,-38.99,0.00,0.00,-79.91,-120.70,20250105,MKDLOWVBUY,18.55,18.55hrs
28/10/2025 02:35:16,buy,0.40,CHFJPY,192.01400,28/10/2025 17:53:37,191.73800,0.00,0.00,-27.60,-72.60,55.79,21.30,-234.75,-89.30,20250105,MKDLOWVBUY,15.31,15.31hrs
28/10/2025 00:02:53,buy,0.20,CHFJPY,192.20800,28/10/2025 17:53:37,191.74300,0.00,0.00,-46.50,-61.16,6.15,4.70,-142.87,-108.70,20250105,MKDLOWVBUY,17.85,17.85hrs
28/10/2025 06:37:24,buy,0.80,CHFJPY,191.73200,28/10/2025 17:53:36,191.73800,0.00,0.00,0.60,3.16,128.03,24.40,-321.23,-61.10,20250105,MKDLOWVBUY,11.27,11.27hrs
28/10/2025 07:28:00,buy,1.60,CHFJPY,191.36600,28/10/2025 17:53:35,191.73600,0.00,0.00,37.00,389.30,435.16,41.40,-257.62,-24.50,20250105,MKDLOWVBUY,10.43,10.43hrs
28/10/2025 01:45:49,buy,0.10,CADJPY,109.17900,28/10/2025 15:22:29,108.80200,0.00,0.00,-37.70,-24.76,4.32,6.60,-47.68,-72.40,20250105,MKDLOWVBUY,13.61,13.61hrs
28/10/2025 02:13:59,buy,0.20,CADJPY,109.07300,28/10/2025 15:22:28,108.80200,0.00,0.00,-27.10,-35.58,22.52,17.20,-81.40,-61.80,20250105,MKDLOWVBUY,13.14,13.14hrs
28/10/2025 05:54:40,buy,0.40,CADJPY,108.87200,28/10/2025 15:22:27,108.80200,0.00,0.00,-7.00,-18.39,30.17,11.50,-109.85,-41.70,20250105,MKDLOWVBUY,9.46,9.46hrs
28/10/2025 07:08:30,buy,0.80,CADJPY,108.60900,28/10/2025 15:22:26,108.79900,0.00,0.00,19.00,99.80,154.45,29.40,-81.14,-15.40,20250105,MKDLOWVBUY,8.23,8.23hrs
27/10/2025 16:31:28,sell,0.10,NZDCAD,0.80656,28/10/2025 15:04:17,0.80726,0.00,-0.25,-7.00,-5.25,6.57,9.20,-17.41,-24.00,20250105,MKDLOWVSELL,22.55,22.55hrs
28/10/2025 01:33:05,sell,0.20,NZDCAD,0.80762,28/10/2025 15:04:15,0.80728,0.00,0.00,3.40,4.86,8.71,6.10,-19.16,-13.40,20250105,MKDLOWVSELL,13.52,13.52hrs
27/10/2025 11:20:53,sell,0.10,EURCAD,1.62585,28/10/2025 14:50:59,1.62989,0.00,-0.23,-40.40,-29.09,6.58,9.20,-49.51,-69.00,20250105,MKDLOWVSELL,27.50,1.15days
27/10/2025 16:14:50,sell,0.40,EURCAD,1.62920,28/10/2025 14:50:58,1.62986,0.00,-0.90,-6.60,-19.76,46.06,16.10,-102.32,-35.50,20250105,MKDLOWVSELL,22.60,22.60hrs
27/10/2025 12:40:34,sell,0.20,EURCAD,1.62714,28/10/2025 14:50:58,1.62989,0.00,-0.45,-27.50,-39.74,21.62,15.10,-80.59,-56.10,20250105,MKDLOWVSELL,26.17,1.09days
28/10/2025 07:44:03,sell,0.80,EURCAD,1.63172,28/10/2025 14:50:57,1.62989,0.00,0.00,18.30,104.58,104.59,18.30,-58.86,-10.30,20250105,MKDLOWVSELL,7.12,7.12hrs
10/10/2025 17:12:33,sell,0.20,GBPAUD,2.02879,28/10/2025 10:44:03,2.03276,0.00,-18.51,-39.70,-70.50,0.00,0.00,-736.04,-564.60,20250105,MKDLOWVSELL,425.52,17.73days
10/10/2025 17:00:15,sell,0.10,GBPAUD,2.02768,28/10/2025 10:44:03,2.03276,0.00,-9.27,-50.80,-42.53,0.00,0.00,-375.18,-575.70,20250105,MKDLOWVSELL,425.73,17.74days
10/10/2025 17:37:01,sell,0.40,GBPAUD,2.03085,28/10/2025 10:44:02,2.03268,0.00,-37.04,-18.30,-84.97,1.05,0.40,-1418.96,-544.00,20250105,MKDLOWVSELL,425.12,17.71days
10/10/2025 17:58:23,sell,0.80,GBPAUD,2.03341,28/10/2025 10:44:01,2.03262,0.00,-74.09,7.90,-32.71,0.00,7.90,-2705.91,-518.40,20250105,MKDLOWVSELL,424.76,17.70days
10/10/2025 18:01:52,sell,1.60,GBPAUD,2.03799,28/10/2025 10:44:00,2.03273,0.00,-148.12,52.60,402.92,403.33,52.60,-4939.39,-472.60,20250105,MKDLOWVSELL,424.70,17.70days
27/10/2025 12:00:24,sell,0.10,GBPCAD,1.86431,28/10/2025 09:54:01,1.86745,0.00,-1.04,-31.40,-23.47,14.31,20.00,-45.99,-62.90,20250105,MKDLOWVSELL,21.89,21.89hrs
27/10/2025 12:57:27,sell,0.20,GBPCAD,1.86537,28/10/2025 09:54:00,1.86749,0.00,-2.08,-21.20,-32.36,18.32,12.80,-76.82,-52.30,20250105,MKDLOWVSELL,20.94,20.94hrs
28/10/2025 03:16:07,sell,0.40,GBPCAD,1.86752,28/10/2025 09:53:59,1.86749,0.00,0.00,0.30,0.86,26.03,9.10,-88.03,-30.80,20250105,MKDLOWVSELL,6.63,6.63hrs
28/10/2025 08:20:41,sell,0.80,GBPCAD,1.87005,28/10/2025 09:53:58,1.86746,0.00,0.00,25.90,147.97,148.00,25.90,-31.44,-5.50,20250105,MKDLOWVSELL,1.55,1.55hrs
27/10/2025 21:48:22,buy,0.10,USDCAD,1.39937,28/10/2025 08:45:46,1.39969,0.00,0.28,3.20,2.57,2.57,3.20,-8.45,-12.20,20250105,MKDLOWVBUY,10.96,10.96hrs
28/10/2025 06:56:26,buy,0.20,USDCAD,1.39837,28/10/2025 08:45:45,1.39969,0.00,0.00,13.20,18.86,18.87,13.20,-3.15,-2.20,20250105,MKDLOWVBUY,1.82,1.82hrs
28/10/2025 06:37:03,buy,0.10,EURNZD,2.01779,28/10/2025 08:17:52,2.01926,0.00,0.00,14.70,8.49,8.50,14.70,-4.34,-7.50,20250105,MKDLOWVBUY,1.68,1.68hrs
27/10/2025 18:31:01,buy,0.10,EURNZD,2.01947,28/10/2025 03:26:41,2.01841,0.00,0.00,-10.60,-6.12,6.16,10.70,-16.46,-28.50,20250105,MKDLOWVBUY,8.93,8.93hrs
27/10/2025 22:30:56,buy,0.20,EURNZD,2.01774,28/10/2025 03:26:39,2.01841,0.00,0.00,6.70,7.73,19.49,16.90,-12.94,-11.20,20250105,MKDLOWVBUY,4.93,4.93hrs
27/10/2025 06:01:41,sell,0.10,GBPCHF,1.06016,27/10/2025 20:35:55,1.06080,0.00,0.00,-6.40,-8.04,0.50,0.40,-31.28,-24.90,20250105,MKDLOWVSELL,14.57,14.57hrs
27/10/2025 08:30:48,sell,0.20,GBPCHF,1.06121,27/10/2025 20:35:54,1.06080,0.00,0.00,4.10,10.30,17.84,7.10,-36.17,-14.40,20250105,MKDLOWVSELL,12.09,12.09hrs
24/10/2025 23:48:15,buy,0.10,USDCAD,1.40010,27/10/2025 15:59:58,1.39947,0.00,0.28,-6.30,-4.22,6.85,9.20,-22.05,-31.20,20250105,MKDLOWVBUY,64.20,2.67days
27/10/2025 01:39:17,buy,0.20,USDCAD,1.39909,27/10/2025 15:59:57,1.39947,0.00,0.00,3.80,5.43,5.72,4.00,-30.21,-21.10,20250105,MKDLOWVBUY,14.34,14.34hrs
27/10/2025 11:01:33,buy,0.10,EURJPY,177.71700,27/10/2025 12:26:44,177.83800,0.00,0.00,12.10,7.92,8.56,13.10,-6.02,-9.20,20250105,MKDLOWVBUY,1.42,1.42hrs
23/10/2025 10:09:43,sell,0.20,NZDCAD,0.80345,27/10/2025 10:04:05,0.80442,0.00,-0.65,-9.70,-14.52,4.14,2.90,-91.30,-63.50,20250105,MKDLOWVSELL,95.91,4.00days
23/10/2025 09:01:59,sell,0.10,NZDCAD,0.80243,27/10/2025 10:04:05,0.80442,0.00,-0.33,-19.90,-14.57,0.00,0.00,-52.94,-73.70,20250105,MKDLOWVSELL,97.03,4.04days
24/10/2025 07:22:15,sell,0.40,NZDCAD,0.80561,27/10/2025 10:04:04,0.80442,0.00,0.00,11.90,34.05,44.32,15.50,-119.63,-41.90,20250105,MKDLOWVSELL,74.70,3.11days
27/10/2025 00:16:40,buy,0.10,EURNZD,2.01784,27/10/2025 02:45:25,2.01980,0.00,0.00,19.60,11.29,11.29,19.60,-25.91,-44.90,20250105,MKDLOWVBUY,2.48,2.48hrs
24/10/2025 23:00:31,buy,0.10,AUDNZD,1.13337,27/10/2025 00:32:20,1.13398,0.00,0.00,6.10,3.52,7.10,12.30,-11.44,-19.80,20250105,MKDLOWVBUY,49.53,2.06days
23/10/2025 16:31:32,sell,0.10,EURCAD,1.62308,24/10/2025 23:45:37,1.62760,0.00,-0.23,-45.20,-32.51,1.86,2.60,-70.70,-98.90,20250105,MKDLOWVSELL,31.23,1.30days
23/10/2025 17:20:05,sell,0.20,EURCAD,1.62409,24/10/2025 23:45:36,1.62758,0.00,-0.45,-34.90,-50.30,6.13,4.60,-126.99,-88.80,20250105,MKDLOWVSELL,30.43,1.27days
24/10/2025 09:30:26,sell,0.40,EURCAD,1.62670,24/10/2025 23:45:35,1.62761,0.00,0.00,-9.10,-26.00,17.98,6.30,-178.70,-62.70,20250105,MKDLOWVSELL,14.25,14.25hrs
24/10/2025 15:26:07,sell,0.80,EURCAD,1.62924,24/10/2025 23:45:34,1.62760,0.00,0.00,16.40,93.71,135.45,23.70,-212.61,-37.30,20250105,MKDLOWVSELL,8.32,8.32hrs
24/10/2025 10:32:22,buy,0.10,USDCAD,1.40105,24/10/2025 12:12:42,1.40220,0.00,0.00,11.50,8.20,9.34,13.10,-5.14,-7.20,20250105,MKDLOWVBUY,1.67,1.67hrs
24/10/2025 10:30:24,buy,0.10,AUDNZD,1.13017,24/10/2025 12:05:32,1.13078,0.00,0.00,6.10,3.50,5.40,9.40,-1.96,-3.40,20250105,MKDLOWVBUY,1.59,1.59hrs
24/10/2025 10:00:20,sell,0.10,EURUSD,1.16137,24/10/2025 11:16:53,1.16112,0.00,0.00,2.50,2.50,11.60,11.60,-14.80,-14.80,20250105,MKDLOWVSELL,1.28,1.28hrs
24/10/2025 10:32:03,sell,0.20,EURUSD,1.16257,24/10/2025 11:16:52,1.16111,0.00,0.00,14.60,29.20,31.20,15.60,-5.60,-2.80,20250105,MKDLOWVSELL,0.75,0.75hrs
24/10/2025 04:02:02,buy,0.10,AUDNZD,1.13176,24/10/2025 09:06:19,1.13102,0.00,0.00,-7.40,-4.25,3.51,6.10,-8.68,-15.10,20250105,MKDLOWVBUY,5.07,5.07hrs
24/10/2025 07:33:39,buy,0.20,AUDNZD,1.13066,24/10/2025 09:06:17,1.13098,0.00,0.00,3.20,3.67,7.12,6.20,-4.14,-3.60,20250105,MKDLOWVBUY,1.54,1.54hrs
23/10/2025 21:39:16,sell,0.10,EURUSD,1.16152,24/10/2025 04:35:41,1.16114,0.00,0.40,3.80,4.20,5.80,5.40,-6.60,-7.00,20250105,MKDLOWVSELL,6.94,6.94hrs
24/10/2025 01:30:49,buy,0.10,USDCAD,1.39773,24/10/2025 02:50:31,1.39859,0.00,0.00,8.60,6.15,8.65,12.10,-3.72,-5.20,20250105,MKDLOWVBUY,1.33,1.33hrs
24/10/2025 01:00:19,buy,0.10,CADJPY,109.09500,24/10/2025 02:37:44,109.10500,0.00,0.00,1.00,0.66,4.33,6.60,-5.05,-7.70,20250105,MKDLOWVBUY,1.62,1.62hrs
23/10/2025 20:55:26,buy,0.10,EURJPY,177.23100,24/10/2025 00:33:51,177.20700,0.00,-0.06,-2.40,-1.63,3.08,4.70,-7.40,-11.20,20250105,MKDLOWVBUY,3.64,3.64hrs
23/10/2025 18:02:46,sell,0.10,EURUSD,1.16134,23/10/2025 20:38:06,1.16089,0.00,0.00,4.50,4.50,8.40,8.40,-3.30,-3.30,20250105,MKDLOWVSELL,2.59,2.59hrs
23/10/2025 15:31:07,buy,0.10,EURJPY,176.92700,23/10/2025 16:34:10,177.09600,0.00,0.00,16.90,11.08,12.85,19.60,-4.06,-6.20,20250105,MKDLOWVBUY,1.05,1.05hrs
22/10/2025 15:55:43,sell,0.10,GBPCHF,1.06193,23/10/2025 16:05:21,1.06375,0.00,-6.24,-18.20,-29.07,6.02,4.80,-52.23,-36.70,20250105,MKDLOWVSELL,24.16,1.01days
22/10/2025 16:40:23,sell,0.20,GBPCHF,1.06301,23/10/2025 16:05:20,1.06376,0.00,-12.48,-7.50,-31.30,17.10,6.80,-77.39,-25.90,20250105,MKDLOWVSELL,23.42,23.42hrs
23/10/2025 10:33:03,sell,0.40,GBPCHF,1.06508,23/10/2025 16:05:19,1.06375,0.00,0.00,13.30,66.74,90.36,18.00,-26.06,-5.20,20250105,MKDLOWVSELL,5.54,5.54hrs
23/10/2025 09:35:10,buy,0.10,EURNZD,2.02063,23/10/2025 15:21:53,2.01857,0.00,0.00,-20.60,-11.82,0.63,1.10,-24.20,-42.10,20250105,MKDLOWVBUY,5.78,5.78hrs
23/10/2025 10:02:02,buy,0.20,EURNZD,2.01944,23/10/2025 15:21:52,2.01858,0.00,0.00,-8.60,-9.87,0.00,0.00,-34.72,-30.20,20250105,MKDLOWVBUY,5.33,5.33hrs
23/10/2025 12:09:09,buy,0.40,EURNZD,2.01723,23/10/2025 15:21:51,2.01855,0.00,0.00,13.20,30.30,45.92,20.00,-17.24,-7.50,20250105,MKDLOWVBUY,3.21,3.21hrs
23/10/2025 08:29:37,sell,0.10,EURUSD,1.15990,23/10/2025 10:38:12,1.15936,0.00,0.00,5.40,5.40,7.70,7.70,-5.70,-5.70,20250105,MKDLOWVSELL,2.14,2.14hrs
23/10/2025 08:19:04,buy,0.10,CHFJPY,191.15500,23/10/2025 09:38:33,191.30000,0.00,0.00,14.50,9.50,11.02,16.80,-6.70,-10.20,20250105,MKDLOWVBUY,1.32,1.32hrs
23/10/2025 08:31:09,buy,0.10,CADJPY,108.86300,23/10/2025 09:32:54,108.98200,0.00,0.00,11.90,7.81,8.92,13.60,-2.69,-4.10,20250105,MKDLOWVBUY,1.03,1.03hrs
23/10/2025 04:00:57,sell,0.10,NZDCAD,0.80299,23/10/2025 07:00:24,0.80168,0.00,0.00,13.10,9.35,11.29,15.80,-2.43,-3.40,20250105,MKDLOWVSELL,2.99,2.99hrs
21/10/2025 17:01:28,buy,0.10,AUDNZD,1.13182,23/10/2025 06:19:40,1.13118,0.00,-0.20,-6.40,-3.87,1.95,3.40,-18.63,-32.20,20250105,MKDLOWVBUY,37.30,1.55days
21/10/2025 19:53:33,buy,0.20,AUDNZD,1.13077,23/10/2025 06:19:39,1.13118,0.00,-0.41,4.10,4.29,7.50,6.90,-25.22,-21.70,20250105,MKDLOWVBUY,34.44,1.43days
23/10/2025 01:33:54,buy,0.10,CHFJPY,190.90300,23/10/2025 03:02:21,190.91000,0.00,0.00,0.70,0.46,3.95,6.00,-6.91,-10.50,20250105,MKDLOWVBUY,1.47,1.47hrs
23/10/2025 00:32:56,sell,0.10,NZDCAD,0.80243,23/10/2025 03:00:57,0.80242,0.00,0.00,0.10,0.07,1.22,1.70,-9.29,-13.00,20250105,MKDLOWVSELL,2.47,2.47hrs
22/10/2025 13:30:47,buy,0.10,EURJPY,175.84400,22/10/2025 15:56:02,175.99400,0.00,0.00,15.00,9.87,10.53,16.00,-5.60,-8.50,20250105,MKDLOWVBUY,2.42,2.42hrs
21/10/2025 18:03:18,sell,0.10,CADCHF,0.56733,22/10/2025 14:38:27,0.56789,0.00,-0.81,-5.60,-7.84,3.78,3.00,-20.51,-15.70,20250105,MKDLOWVSELL,20.59,20.59hrs
22/10/2025 03:05:35,sell,0.20,CADCHF,0.56832,22/10/2025 14:38:25,0.56789,0.00,0.00,4.30,10.79,14.57,5.80,-14.56,-5.80,20250105,MKDLOWVSELL,11.55,11.55hrs
22/10/2025 10:04:07,sell,0.10,EURGBP,0.87085,22/10/2025 14:35:33,0.87019,0.00,0.00,6.60,8.79,10.79,8.10,-5.86,-4.40,20250105,MKDLOWVSELL,4.52,4.52hrs
21/10/2025 14:37:42,sell,0.10,NZDUSD,0.57241,22/10/2025 14:01:24,0.57421,0.00,0.15,-18.00,-17.85,4.10,4.10,-37.35,-37.50,20250105,MKDLOWVSELL,23.39,23.39hrs
21/10/2025 17:38:34,sell,0.20,NZDUSD,0.57347,22/10/2025 14:01:23,0.57421,0.00,0.31,-7.40,-14.49,7.80,3.90,-53.49,-26.90,20250105,MKDLOWVSELL,20.38,20.38hrs
22/10/2025 08:32:14,sell,0.40,NZDUSD,0.57544,22/10/2025 14:01:22,0.57421,0.00,0.00,12.30,49.20,58.00,14.50,-28.80,-7.20,20250105,MKDLOWVSELL,5.49,5.49hrs
22/10/2025 11:17:31,buy,0.20,CHFJPY,190.48100,22/10/2025 12:58:08,190.64300,0.00,0.00,16.20,21.34,23.58,17.90,-4.48,-3.40,20250105,MKDLOWVBUY,1.68,1.68hrs
22/10/2025 11:13:50,buy,0.10,CHFJPY,190.58700,22/10/2025 12:58:08,190.64300,0.00,0.00,5.60,3.69,4.81,7.30,-11.01,-16.70,20250105,MKDLOWVBUY,1.74,1.74hrs
22/10/2025 03:31:36,buy,0.10,USDCAD,1.40163,22/10/2025 12:27:23,1.40108,0.00,0.00,-5.50,-3.93,0.00,0.00,-16.58,-23.20,20250105,MKDLOWVBUY,8.93,8.93hrs
22/10/2025 05:16:28,buy,0.20,USDCAD,1.40061,22/10/2025 12:27:22,1.40109,0.00,0.00,4.80,6.85,11.84,8.30,-18.58,-13.00,20250105,MKDLOWVBUY,7.18,7.18hrs
21/10/2025 17:55:24,buy,0.10,CHFJPY,190.84000,22/10/2025 07:12:17,190.71500,0.00,-0.59,-12.50,-8.82,8.30,12.60,-30.23,-44.90,20250105,MKDLOWVBUY,13.28,13.28hrs
22/10/2025 03:00:12,buy,0.20,CHFJPY,190.63700,22/10/2025 07:12:15,190.72100,0.00,0.00,8.40,11.07,20.68,15.70,-32.48,-24.60,20250105,MKDLOWVBUY,4.20,4.20hrs
21/10/2025 18:12:27,buy,0.10,USDCAD,1.40159,22/10/2025 00:46:08,1.40200,0.00,0.28,4.10,3.20,5.42,7.60,-9.43,-13.20,20250105,MKDLOWVBUY,6.56,6.56hrs
21/10/2025 17:55:20,buy,0.10,EURJPY,176.17000,21/10/2025 18:48:31,176.29500,0.00,0.00,12.50,8.24,9.55,14.50,-2.83,-4.30,20250105,MKDLOWVBUY,0.89,0.89hrs
21/10/2025 16:17:00,buy,0.10,CHFJPY,190.90500,21/10/2025 17:49:10,190.88300,0.00,0.00,-2.20,-1.45,9.16,13.90,-18.29,-27.70,20250105,MKDLOWVBUY,1.54,1.54hrs
21/10/2025 17:06:24,buy,0.20,CHFJPY,190.70200,21/10/2025 17:49:09,190.88200,0.00,0.00,18.00,23.72,27.93,21.20,-7.66,-5.80,20250105,MKDLOWVBUY,0.71,0.71hrs
21/10/2025 12:56:18,sell,0.10,GBPCHF,1.06319,21/10/2025 16:43:33,1.06274,0.00,0.00,4.50,5.66,7.93,6.30,-23.00,-18.30,20250105,MKDLOWVSELL,3.79,3.79hrs
21/10/2025 15:23:02,sell,0.20,GBPCHF,1.06420,21/10/2025 16:43:32,1.06274,0.00,0.00,14.60,36.75,41.29,16.40,-20.62,-8.20,20250105,MKDLOWVSELL,1.34,1.34hrs
21/10/2025 15:04:33,sell,0.10,NZDJPY,86.95400,21/10/2025 16:16:51,86.92100,0.00,0.00,3.30,2.18,3.49,5.30,-10.85,-16.50,20250105,MKDLOWVSELL,1.21,1.21hrs
21/10/2025 15:40:57,sell,0.20,NZDJPY,87.06200,21/10/2025 16:16:50,86.92600,0.00,0.00,13.60,17.93,21.23,16.10,-7.50,-5.70,20250105,MKDLOWVSELL,0.60,0.60hrs
21/10/2025 11:03:22,buy,0.10,EURJPY,175.74300,21/10/2025 11:26:24,175.91400,0.00,0.00,17.10,11.30,12.82,19.40,-7.48,-11.30,20250105,MKDLOWVBUY,0.38,0.38hrs
21/10/2025 02:12:36,sell,0.10,GBPCHF,1.06209,21/10/2025 08:31:50,1.06187,0.00,0.00,2.20,2.78,9.98,7.90,-5.55,-4.40,20250105,MKDLOWVSELL,6.32,6.32hrs
20/10/2025 17:01:51,sell,0.10,NZDCAD,0.80529,21/10/2025 05:33:57,0.80601,0.00,-0.21,-7.20,-5.34,0.00,0.00,-16.17,-22.40,20250105,MKDLOWVSELL,12.54,12.54hrs
20/10/2025 17:39:51,sell,0.20,NZDCAD,0.80636,21/10/2025 05:33:56,0.80603,0.00,-0.42,3.30,4.28,11.70,8.50,-17.09,-11.70,20250105,MKDLOWVSELL,11.90,11.90hrs
20/10/2025 23:32:58,buy,0.10,CHFJPY,190.31300,21/10/2025 04:52:36,190.38700,0.00,-0.60,7.40,4.31,8.74,14.10,-26.50,-39.00,20250105,MKDLOWVBUY,5.33,5.33hrs
20/10/2025 20:03:57,sell,0.10,GBPCHF,1.06242,20/10/2025 22:00:09,1.06222,0.00,0.00,2.00,2.52,8.71,6.90,-2.65,-2.10,20250105,MKDLOWVSELL,1.94,1.94hrs
20/10/2025 17:56:26,buy,0.10,USDCAD,1.40362,20/10/2025 21:36:51,1.40359,0.00,0.00,-0.30,-0.21,1.35,1.90,-7.70,-10.80,20250105,MKDLOWVBUY,3.67,3.67hrs
20/10/2025 19:15:40,buy,0.10,CHFJPY,190.19700,20/10/2025 20:31:35,190.33500,0.00,0.00,13.80,9.15,11.41,17.20,-3.79,-5.70,20250105,MKDLOWVBUY,1.27,1.27hrs
20/10/2025 09:00:13,sell,0.10,NZDCAD,0.80417,20/10/2025 13:46:03,0.80407,0.00,0.00,1.00,0.71,2.78,3.90,-9.12,-12.80,20250105,MKDLOWVSELL,4.76,4.76hrs
20/10/2025 02:00:06,buy,0.10,USDCAD,1.40134,20/10/2025 09:01:23,1.40158,0.00,0.00,2.40,1.71,3.14,4.40,-6.00,-8.40,20250105,MKDLOWVBUY,7.02,7.02hrs
20/10/2025 06:56:42,sell,0.10,GBPCHF,1.06551,20/10/2025 08:01:26,1.06531,0.00,0.00,2.00,2.52,5.80,4.60,-6.18,-4.90,20250105,MKDLOWVSELL,1.08,1.08hrs
17/10/2025 19:32:29,sell,0.10,NZDJPY,86.10800,20/10/2025 06:54:02,86.46600,0.00,-0.57,-35.80,-24.33,3.86,5.80,-46.01,-68.70,20250105,MKDLOWVSELL,59.36,2.47days
17/10/2025 21:18:21,sell,0.20,NZDJPY,86.22200,20/10/2025 06:54:01,86.45500,0.00,-1.14,-23.30,-32.05,19.08,15.20,-76.94,-57.30,20250105,MKDLOWVSELL,57.59,2.40days
20/10/2025 02:01:47,sell,0.40,NZDJPY,86.46000,20/10/2025 06:54:00,86.45200,0.00,0.00,0.80,2.12,11.41,4.30,-88.63,-33.50,20250105,MKDLOWVSELL,4.87,4.87hrs
20/10/2025 04:16:45,sell,0.80,NZDJPY,86.72200,20/10/2025 06:53:59,86.45200,0.00,0.00,27.00,143.32,148.16,27.90,-38.63,-7.30,20250105,MKDLOWVSELL,2.62,2.62hrs
17/10/2025 22:46:08,buy,0.10,USDCAD,1.40121,20/10/2025 01:21:18,1.40157,0.00,0.28,3.60,2.85,7.49,10.50,-3.43,-4.80,20250105,MKDLOWVBUY,50.59,2.11days
17/10/2025 14:12:45,sell,0.10,GBPCHF,1.06229,17/10/2025 16:20:33,1.06210,0.00,0.00,1.90,2.40,4.68,3.70,-33.17,-26.30,20250105,MKDLOWVSELL,2.13,2.13hrs
17/10/2025 14:14:27,sell,0.20,GBPCHF,1.06346,17/10/2025 16:20:32,1.06210,0.00,0.00,13.60,34.36,38.92,15.40,-36.82,-14.60,20250105,MKDLOWVSELL,2.10,2.10hrs
16/10/2025 14:42:56,buy,0.10,CADJPY,107.70100,17/10/2025 14:12:39,107.00100,0.00,0.05,-70.00,-46.57,2.25,3.40,-98.43,-147.10,20250105,MKDLOWVBUY,23.50,23.50hrs
16/10/2025 15:13:57,buy,0.20,CADJPY,107.59700,17/10/2025 14:12:34,106.99800,0.00,0.09,-59.90,-79.70,10.18,7.70,-182.94,-136.70,20250105,MKDLOWVBUY,22.98,22.98hrs
16/10/2025 19:33:23,buy,0.80,CADJPY,107.01300,17/10/2025 14:12:33,107.00000,0.00,0.37,-1.30,-6.56,89.32,16.80,-418.98,-78.30,20250105,MKDLOWVBUY,18.65,18.65hrs
16/10/2025 18:31:39,buy,0.40,CADJPY,107.35700,17/10/2025 14:12:33,106.99800,0.00,0.18,-35.90,-95.47,10.61,4.00,-301.61,-112.70,20250105,MKDLOWVBUY,19.68,19.68hrs
17/10/2025 09:25:11,buy,1.60,CADJPY,106.67000,17/10/2025 14:12:31,107.00200,0.00,0.00,33.20,353.81,382.52,35.90,-471.30,-44.00,20250105,MKDLOWVBUY,4.79,4.79hrs
17/10/2025 11:05:47,buy,0.20,CHFJPY,189.58600,17/10/2025 11:57:33,189.79000,0.00,0.00,20.40,27.23,30.83,23.10,-7.08,-5.30,20250105,MKDLOWVBUY,0.86,0.86hrs
17/10/2025 10:31:03,buy,0.10,CHFJPY,189.74700,17/10/2025 11:57:33,189.78700,0.00,0.00,4.00,2.67,4.67,7.00,-14.64,-21.90,20250105,MKDLOWVBUY,1.44,1.44hrs
17/10/2025 09:00:49,buy,0.20,EURJPY,175.55900,17/10/2025 10:41:03,175.22300,0.00,0.00,-33.60,-44.89,14.14,10.60,-100.26,-74.90,20250105,MKDLOWVBUY,1.67,1.67hrs
17/10/2025 07:00:36,buy,0.10,EURJPY,175.68000,17/10/2025 10:41:03,175.22200,0.00,0.00,-45.80,-30.59,5.93,8.90,-58.23,-87.00,20250105,MKDLOWVBUY,3.67,3.67hrs
17/10/2025 09:56:11,buy,0.40,EURJPY,175.27400,17/10/2025 10:41:02,175.22700,0.00,0.00,-4.70,-12.56,2.41,0.90,-124.22,-46.40,20250105,MKDLOWVBUY,0.75,0.75hrs
17/10/2025 10:21:07,buy,0.80,EURJPY,174.89100,17/10/2025 10:41:01,175.22500,0.00,0.00,33.40,178.48,188.09,35.20,-43.37,-8.10,20250105,MKDLOWVBUY,0.33,0.33hrs
17/10/2025 08:03:07,buy,0.10,CHFJPY,189.75900,17/10/2025 09:17:34,189.89800,0.00,0.00,13.90,9.28,11.21,16.80,-4.41,-6.60,20250105,MKDLOWVBUY,1.24,1.24hrs
17/10/2025 03:54:55,sell,0.10,EURGBP,0.87070,17/10/2025 08:10:10,0.87060,0.00,0.00,1.00,1.34,3.63,2.70,-4.03,-3.00,20250105,MKDLOWVSELL,4.25,4.25hrs
17/10/2025 02:26:15,sell,0.10,GBPCHF,1.06471,17/10/2025 04:33:58,1.06405,0.00,0.00,6.60,8.34,14.29,11.30,-3.16,-2.50,20250105,MKDLOWVSELL,2.13,2.13hrs
17/10/2025 02:43:14,buy,0.20,EURJPY,175.57300,17/10/2025 03:43:08,175.72600,0.00,0.00,15.30,20.38,23.84,17.90,-6.26,-4.70,20250105,MKDLOWVBUY,1.00,1.00hrs
17/10/2025 02:20:27,buy,0.10,EURJPY,175.69200,17/10/2025 03:43:08,175.72600,0.00,0.00,3.40,2.26,3.99,6.00,-11.20,-16.80,20250105,MKDLOWVBUY,1.38,1.38hrs
16/10/2025 16:27:10,buy,0.10,EURJPY,176.15300,17/10/2025 00:59:47,175.75200,0.00,-0.06,-40.10,-26.73,4.76,7.20,-47.39,-71.20,20250105,MKDLOWVBUY,8.54,8.54hrs
16/10/2025 18:26:50,buy,0.20,EURJPY,175.99200,17/10/2025 00:59:46,175.74900,0.00,-0.11,-24.30,-32.43,1.72,1.30,-73.36,-55.10,20250105,MKDLOWVBUY,6.55,6.55hrs
16/10/2025 19:33:19,buy,0.40,EURJPY,175.57800,17/10/2025 00:59:45,175.75200,0.00,-0.22,17.40,46.07,72.86,27.40,-36.48,-13.70,20250105,MKDLOWVBUY,5.44,5.44hrs
16/10/2025 19:00:43,buy,0.10,CHFJPY,189.48700,16/10/2025 21:35:49,189.52800,0.00,0.00,4.10,2.73,4.65,7.00,-23.83,-35.80,20250105,MKDLOWVBUY,2.58,2.58hrs
16/10/2025 19:32:12,buy,0.20,CHFJPY,189.34700,16/10/2025 21:35:48,189.52000,0.00,0.00,17.30,23.01,27.92,21.00,-29.02,-21.80,20250105,MKDLOWVBUY,2.06,2.06hrs
16/10/2025 16:18:26,buy,0.10,CHFJPY,189.48500,16/10/2025 16:46:23,189.63200,0.00,0.00,14.70,9.73,12.24,18.50,-4.37,-6.60,20250105,MKDLOWVBUY,0.47,0.47hrs
16/10/2025 14:35:58,sell,0.10,NZDCAD,0.80569,16/10/2025 16:35:07,0.80486,0.00,0.00,8.30,5.90,8.12,11.40,-8.11,-11.40,20250105,MKDLOWVSELL,1.99,1.99hrs
16/10/2025 06:04:08,sell,0.10,NZDJPY,86.60600,16/10/2025 16:12:23,86.67000,0.00,0.00,-6.40,-4.24,1.53,2.30,-18.58,-28.10,20250105,MKDLOWVSELL,10.14,10.14hrs
16/10/2025 07:50:37,sell,0.20,NZDJPY,86.71100,16/10/2025 16:12:22,86.67000,0.00,0.00,4.10,5.43,11.79,8.90,-23.28,-17.60,20250105,MKDLOWVSELL,8.36,8.36hrs
16/10/2025 14:45:50,buy,0.10,CHFJPY,189.55200,16/10/2025 16:00:47,189.61900,0.00,0.00,6.70,4.43,6.88,10.40,-11.91,-18.00,20250105,MKDLOWVBUY,1.25,1.25hrs
16/10/2025 15:12:48,buy,0.20,CHFJPY,189.44800,16/10/2025 16:00:45,189.62100,0.00,0.00,17.30,22.90,27.53,20.80,-6.22,-4.70,20250105,MKDLOWVBUY,0.80,0.80hrs
16/10/2025 10:57:29,buy,0.10,CHFJPY,189.77500,16/10/2025 11:53:30,189.81500,0.00,0.00,4.00,2.64,5.16,7.80,-11.65,-17.60,20250105,MKDLOWVBUY,0.93,0.93hrs
16/10/2025 11:07:03,buy,0.20,CHFJPY,189.67100,16/10/2025 11:53:29,189.81700,0.00,0.00,14.60,19.31,24.07,18.20,-7.81,-5.90,20250105,MKDLOWVBUY,0.77,0.77hrs
16/10/2025 10:19:09,buy,0.10,CHFJPY,189.65900,16/10/2025 10:56:39,189.69800,0.00,0.00,3.90,2.58,5.43,8.20,-13.32,-20.10,20250105,MKDLOWVBUY,0.63,0.63hrs
16/10/2025 10:49:47,buy,0.20,CHFJPY,189.53400,16/10/2025 10:56:38,189.70500,0.00,0.00,17.10,22.61,27.39,20.70,-3.58,-2.70,20250105,MKDLOWVBUY,0.11,0.11hrs
15/10/2025 23:00:30,sell,0.10,GBPUSD,1.33903,16/10/2025 09:38:34,1.34127,0.00,-0.54,-22.40,-22.94,0.00,0.00,-53.24,-52.70,20250105,MKDLOWVSELL,10.63,10.63hrs
15/10/2025 23:05:17,sell,0.20,GBPUSD,1.34028,16/10/2025 09:38:33,1.34127,0.00,-1.07,-9.90,-20.87,22.13,11.60,-81.47,-40.20,20250105,MKDLOWVSELL,10.55,10.55hrs
16/10/2025 03:40:14,sell,0.40,GBPUSD,1.34239,16/10/2025 09:38:32,1.34127,0.00,0.00,11.20,44.80,60.00,15.00,-76.40,-19.10,20250105,MKDLOWVSELL,5.97,5.97hrs
16/10/2025 04:52:41,buy,0.20,AUDNZD,1.12995,16/10/2025 08:58:02,1.13054,0.00,0.00,5.90,6.78,11.14,9.70,-16.32,-14.20,20250105,MKDLOWVBUY,4.09,4.09hrs
16/10/2025 04:32:31,buy,0.10,AUDNZD,1.13173,16/10/2025 08:58:02,1.13054,0.00,0.00,-11.90,-6.83,1.89,3.30,-18.39,-32.00,20250105,MKDLOWVBUY,4.43,4.43hrs
15/10/2025 17:01:02,buy,0.10,CADJPY,107.81400,16/10/2025 07:49:42,107.66000,0.00,0.14,-15.40,-10.05,4.95,7.50,-40.78,-61.60,20250105,MKDLOWVBUY,14.81,14.81hrs
15/10/2025 18:46:56,buy,0.20,CADJPY,107.68700,16/10/2025 07:49:41,107.66000,0.00,0.27,-2.70,-3.31,16.52,12.50,-64.70,-48.90,20250105,MKDLOWVBUY,13.05,13.05hrs
16/10/2025 01:45:31,buy,0.40,CADJPY,107.47100,16/10/2025 07:49:40,107.66200,0.00,0.00,19.10,50.56,54.80,20.70,-72.54,-27.30,20250105,MKDLOWVBUY,6.07,6.07hrs
15/10/2025 22:32:17,sell,0.10,EURCHF,0.92747,16/10/2025 04:43:06,0.92699,0.00,-3.36,4.80,2.69,5.20,6.80,-20.70,-13.80,20250105,MKDLOWVSELL,6.18,6.18hrs
15/10/2025 23:02:01,sell,0.10,GBPCHF,1.06688,16/10/2025 04:40:24,1.06719,0.00,-6.24,-3.10,-10.14,0.00,1.70,-32.35,-20.80,20250105,MKDLOWVSELL,5.64,5.64hrs
16/10/2025 03:34:22,sell,0.20,GBPCHF,1.06790,16/10/2025 04:40:23,1.06719,0.00,0.00,7.10,17.88,29.71,11.80,-5.03,-2.00,20250105,MKDLOWVSELL,1.10,1.10hrs
16/10/2025 00:16:48,buy,0.10,EURJPY,176.06600,16/10/2025 04:18:30,175.83300,0.00,0.00,-23.30,-15.45,0.00,0.00,-37.60,-56.60,20250105,MKDLOWVBUY,4.03,4.03hrs
16/10/2025 00:58:00,buy,0.20,EURJPY,175.92100,16/10/2025 04:18:29,175.83300,0.00,0.00,-8.80,-11.68,7.15,5.40,-55.93,-42.10,20250105,MKDLOWVBUY,3.34,3.34hrs
16/10/2025 03:31:00,buy,0.40,EURJPY,175.57900,16/10/2025 04:18:27,175.83500,0.00,0.00,25.60,67.93,78.00,29.40,-20.99,-7.90,20250105,MKDLOWVBUY,0.79,0.79hrs
15/10/2025 18:40:59,buy,0.10,EURJPY,175.90600,15/10/2025 21:01:58,175.95500,0.00,0.00,4.90,3.24,7.73,11.70,-6.42,-9.70,20250105,MKDLOWVBUY,2.35,2.35hrs
15/10/2025 18:24:14,sell,0.20,GBPUSD,1.33932,15/10/2025 20:43:13,1.33736,0.00,0.00,19.60,39.20,41.60,20.80,-21.40,-10.70,20250105,MKDLOWVSELL,2.32,2.32hrs
15/10/2025 17:48:34,sell,0.10,GBPUSD,1.33637,15/10/2025 20:43:13,1.33739,0.00,0.00,-10.20,-10.20,1.70,1.70,-40.20,-40.20,20250105,MKDLOWVSELL,2.91,2.91hrs
15/10/2025 14:55:04,sell,0.10,GBPUSD,1.33509,15/10/2025 16:04:33,1.33402,0.00,0.00,10.70,10.70,11.90,11.90,-6.40,-6.40,20250105,MKDLOWVSELL,1.16,1.16hrs
14/10/2025 16:57:46,sell,0.10,EURUSD,1.15738,15/10/2025 15:58:06,1.16176,0.00,0.40,-43.80,-43.40,4.00,4.00,-71.70,-72.10,20250105,MKDLOWVSELL,23.01,23.01hrs
14/10/2025 17:36:07,sell,0.20,EURUSD,1.15846,15/10/2025 15:58:05,1.16176,0.00,0.79,-33.00,-65.21,0.79,0.00,-121.81,-61.30,20250105,MKDLOWVSELL,22.37,22.37hrs
15/10/2025 10:00:31,sell,0.80,EURUSD,1.16356,15/10/2025 15:58:04,1.16175,0.00,0.00,18.10,144.80,168.80,21.10,-82.40,-10.30,20250105,MKDLOWVSELL,5.96,5.96hrs
14/10/2025 19:05:46,sell,0.40,EURUSD,1.16073,15/10/2025 15:58:04,1.16175,0.00,1.58,-10.20,-39.22,27.20,6.80,-152.82,-38.60,20250105,MKDLOWVSELL,20.87,20.87hrs
14/10/2025 06:32:11,buy,0.10,GBPJPY,203.26400,15/10/2025 15:17:22,202.48700,0.00,0.66,-77.70,-50.58,0.66,0.00,-128.10,-194.50,20250105,MKDLOWVBUY,32.75,1.36days
14/10/2025 06:35:31,buy,0.20,GBPJPY,203.15400,15/10/2025 15:17:21,202.48700,0.00,1.32,-66.70,-86.64,1.32,0.00,-241.71,-183.50,20250105,MKDLOWVBUY,32.70,1.36days
14/10/2025 08:40:21,buy,0.80,GBPJPY,202.52500,15/10/2025 15:17:20,202.48900,0.00,5.29,-3.60,-13.70,6.33,1.20,-635.42,-120.60,20250105,MKDLOWVBUY,30.62,1.28days
14/10/2025 07:06:19,buy,0.40,GBPJPY,202.92900,15/10/2025 15:17:20,202.48900,0.00,2.64,-44.00,-113.41,2.64,0.30,-424.14,-161.00,20250105,MKDLOWVBUY,32.18,1.34days
14/10/2025 09:06:52,buy,1.60,GBPJPY,202.09900,15/10/2025 15:17:19,202.48900,0.00,10.57,39.00,422.00,437.79,40.50,-821.93,-78.00,20250105,MKDLOWVBUY,30.17,1.26days
15/10/2025 14:01:26,sell,0.10,GBPUSD,1.33644,15/10/2025 14:51:18,1.33529,0.00,0.00,11.50,11.50,13.10,13.10,-2.90,-2.90,20250105,MKDLOWVSELL,0.83,0.83hrs
15/10/2025 03:37:14,buy,0.20,USDJPY,151.62900,15/10/2025 11:21:45,151.32100,0.00,0.00,-30.80,-40.71,2.37,1.80,-97.69,-73.70,20250105,MKDLOWVBUY,7.74,7.74hrs
15/10/2025 03:00:14,buy,0.10,USDJPY,151.73700,15/10/2025 11:21:45,151.32100,0.00,0.00,-41.60,-27.49,5.99,9.10,-56.00,-84.50,20250105,MKDLOWVBUY,8.36,8.36hrs
15/10/2025 04:16:06,buy,0.40,USDJPY,151.41500,15/10/2025 11:21:44,151.32600,0.00,0.00,-8.90,-23.53,9.51,3.60,-138.64,-52.30,20250105,MKDLOWVBUY,7.09,7.09hrs
15/10/2025 05:18:24,buy,0.80,USDJPY,151.15400,15/10/2025 11:21:43,151.32700,0.00,0.00,17.30,91.46,126.29,23.90,-138.91,-26.20,20250105,MKDLOWVBUY,6.06,6.06hrs
15/10/2025 03:46:27,buy,0.20,CHFJPY,189.18000,15/10/2025 10:43:44,189.08400,0.00,0.00,-9.60,-12.70,16.22,12.30,-61.57,-46.50,20250105,MKDLOWVBUY,6.95,6.95hrs
15/10/2025 03:35:26,buy,0.10,CHFJPY,189.29000,15/10/2025 10:43:44,189.07400,0.00,0.00,-21.60,-14.29,0.86,1.30,-38.07,-57.50,20250105,MKDLOWVBUY,7.14,7.14hrs
15/10/2025 05:06:06,buy,0.40,CHFJPY,188.97000,15/10/2025 10:43:42,189.08400,0.00,0.00,11.40,30.16,49.19,18.60,-67.53,-25.50,20250105,MKDLOWVBUY,5.63,5.63hrs
15/10/2025 06:03:22,sell,0.10,GBPUSD,1.33475,15/10/2025 10:24:51,1.33456,0.00,0.00,1.90,1.90,3.20,3.20,-26.30,-26.30,20250105,MKDLOWVSELL,4.36,4.36hrs
15/10/2025 08:36:48,sell,0.20,GBPUSD,1.33576,15/10/2025 10:24:49,1.33456,0.00,0.00,12.00,24.00,26.60,13.30,-32.40,-16.20,20250105,MKDLOWVSELL,1.80,1.80hrs
15/10/2025 03:01:41,buy,0.10,CHFJPY,189.24900,15/10/2025 03:10:02,189.40800,0.00,0.00,15.90,10.47,11.86,18.00,-2.31,-3.50,20250105,MKDLOWVBUY,0.14,0.14hrs
14/10/2025 19:25:37,buy,0.10,USDJPY,151.90000,15/10/2025 01:04:02,151.81900,0.00,0.53,-8.10,-4.81,0.53,0.20,-20.19,-30.60,20250105,MKDLOWVBUY,5.64,5.64hrs
14/10/2025 19:46:03,buy,0.20,USDJPY,151.70500,15/10/2025 01:04:00,151.81900,0.00,1.05,11.40,16.07,22.65,16.40,-14.64,-11.10,20250105,MKDLOWVBUY,5.30,5.30hrs
14/10/2025 18:20:07,buy,0.10,USDJPY,151.84200,14/10/2025 19:23:59,151.86900,0.00,0.00,2.70,1.78,4.87,7.40,-10.94,-16.60,20250105,MKDLOWVBUY,1.06,1.06hrs
14/10/2025 19:20:06,buy,0.20,USDJPY,151.74200,14/10/2025 19:23:48,151.88500,0.00,0.00,14.30,18.83,22.91,17.40,-7.91,-6.00,20250105,MKDLOWVBUY,0.06,0.06hrs
14/10/2025 14:38:33,buy,0.10,CHFJPY,189.07300,14/10/2025 16:06:30,189.11600,0.00,0.00,4.30,2.82,4.86,7.40,-14.88,-22.60,20250105,MKDLOWVBUY,1.47,1.47hrs
14/10/2025 15:26:46,buy,0.20,CHFJPY,188.95700,14/10/2025 16:06:28,189.12200,0.00,0.00,16.50,21.69,24.97,19.00,-14.49,-11.00,20250105,MKDLOWVBUY,0.66,0.66hrs
14/10/2025 06:31:52,buy,0.10,CHFJPY,189.44700,14/10/2025 11:08:23,189.15500,0.00,0.00,-29.20,-19.21,0.00,0.00,-44.33,-67.30,20250105,MKDLOWVBUY,4.61,4.61hrs
14/10/2025 06:47:00,buy,0.20,CHFJPY,189.32200,14/10/2025 11:08:22,189.15800,0.00,0.00,-16.40,-21.57,1.18,0.90,-72.18,-54.80,20250105,MKDLOWVBUY,4.36,4.36hrs
14/10/2025 07:18:28,buy,0.40,CHFJPY,189.11800,14/10/2025 11:08:21,189.16200,0.00,0.00,4.40,11.57,39.51,15.00,-90.63,-34.40,20250105,MKDLOWVBUY,3.83,3.83hrs
14/10/2025 10:44:03,buy,0.80,CHFJPY,188.84100,14/10/2025 11:08:20,189.15800,0.00,0.00,31.70,166.82,185.19,35.20,-24.23,-4.60,20250105,MKDLOWVBUY,0.40,0.40hrs
14/10/2025 04:30:55,sell,0.10,EURUSD,1.15710,14/10/2025 09:35:41,1.15666,0.00,0.00,4.40,4.40,5.70,5.70,-23.20,-23.20,20250105,MKDLOWVSELL,5.08,5.08hrs
14/10/2025 07:14:54,sell,0.20,EURUSD,1.15818,14/10/2025 09:35:40,1.15659,0.00,0.00,15.90,31.80,33.00,16.50,-24.80,-12.40,20250105,MKDLOWVSELL,2.35,2.35hrs
14/10/2025 00:44:03,buy,0.10,GBPJPY,203.10400,14/10/2025 02:51:59,203.13400,0.00,0.00,3.00,1.97,5.45,8.30,-18.21,-27.70,20250105,MKDLOWVBUY,2.13,2.13hrs
13/10/2025 19:00:21,sell,0.10,EURGBP,0.86821,13/10/2025 22:03:05,0.86774,0.00,0.00,4.70,6.26,8.40,6.30,-4.67,-3.50,20250105,MKDLOWVSELL,3.05,3.05hrs
13/10/2025 13:06:17,buy,0.10,CHFJPY,189.46900,13/10/2025 18:06:15,189.25200,0.00,0.00,-21.70,-14.25,0.13,0.20,-28.47,-43.30,20250105,MKDLOWVBUY,5.00,5.00hrs
13/10/2025 13:18:05,buy,0.20,CHFJPY,189.36800,13/10/2025 18:06:14,189.25000,0.00,0.00,-11.80,-15.50,0.00,0.00,-43.65,-33.20,20250105,MKDLOWVBUY,4.80,4.80hrs
13/10/2025 15:32:37,buy,0.40,CHFJPY,189.12200,13/10/2025 18:06:13,189.25000,0.00,0.00,12.80,33.61,45.68,17.40,-22.61,-8.60,20250105,MKDLOWVBUY,2.56,2.56hrs
13/10/2025 13:40:01,sell,0.10,GBPUSD,1.33409,13/10/2025 14:56:56,1.33291,0.00,0.00,11.80,11.80,12.40,12.40,-12.50,-12.50,20250105,MKDLOWVSELL,1.28,1.28hrs
10/10/2025 09:51:49,buy,0.20,AUDCAD,0.91912,13/10/2025 10:44:17,0.91306,0.00,-0.02,-60.60,-86.56,10.42,7.30,-189.48,-132.60,20250105,MKDLOWVBUY,72.87,3.04days
10/10/2025 09:32:45,buy,0.10,AUDCAD,0.92014,13/10/2025 10:44:17,0.91306,0.00,-0.01,-70.80,-50.56,0.86,1.20,-102.03,-142.80,20250105,MKDLOWVBUY,73.19,3.05days
10/10/2025 15:31:57,buy,0.40,AUDCAD,0.91707,13/10/2025 10:44:16,0.91306,0.00,-0.04,-40.10,-114.58,0.00,0.00,-320.37,-112.10,20250105,MKDLOWVBUY,67.21,2.80days
10/10/2025 18:01:57,buy,0.80,AUDCAD,0.91405,13/10/2025 10:44:15,0.91304,0.00,-0.07,-10.10,-57.77,8.00,1.40,-468.13,-81.90,20250105,MKDLOWVBUY,64.70,2.70days
10/10/2025 18:19:57,buy,1.60,AUDCAD,0.91039,13/10/2025 10:44:14,0.91305,0.00,-0.15,26.60,303.76,338.54,29.60,-517.86,-45.30,20250105,MKDLOWVBUY,64.40,2.68days
10/10/2025 14:06:01,buy,0.10,AUDJPY,100.07700,13/10/2025 10:29:43,99.29700,0.00,0.00,-78.00,-51.22,0.13,0.20,-149.12,-225.40,20250105,MKDLOWVBUY,68.39,2.85days
10/10/2025 17:58:27,buy,0.40,AUDJPY,99.75500,13/10/2025 10:29:42,99.29300,0.00,0.00,-46.20,-121.35,4.20,1.60,-511.27,-193.20,20250105,MKDLOWVBUY,64.52,2.69days
10/10/2025 15:11:31,buy,0.20,AUDJPY,99.97600,13/10/2025 10:29:42,99.29700,0.00,0.00,-67.90,-89.17,11.40,8.70,-284.88,-215.30,20250105,MKDLOWVBUY,67.30,2.80days
10/10/2025 18:01:45,buy,0.80,AUDJPY,99.45600,13/10/2025 10:29:41,99.29200,0.00,0.00,-16.40,-86.15,2.10,0.40,-864.30,-163.30,20250105,MKDLOWVBUY,64.47,2.69days
10/10/2025 18:20:02,buy,1.60,AUDJPY,98.84000,13/10/2025 10:29:40,99.29700,0.00,0.00,45.70,480.16,498.99,47.50,-1076.53,-101.70,20250105,MKDLOWVBUY,64.16,2.67days
13/10/2025 09:02:44,buy,0.10,CHFJPY,189.53600,13/10/2025 09:27:48,189.67700,0.00,0.00,14.10,9.29,11.00,16.70,-3.03,-4.60,20250105,MKDLOWVBUY,0.42,0.42hrs
10/10/2025 10:00:19,buy,0.10,AUDNZD,1.14047,13/10/2025 05:35:27,1.13652,0.00,-0.01,-39.50,-22.69,0.23,0.40,-59.78,-104.60,20250105,MKDLOWVBUY,67.59,2.82days
10/10/2025 11:39:28,buy,0.20,AUDNZD,1.13942,13/10/2025 05:35:26,1.13652,0.00,-0.03,-29.00,-33.33,5.05,4.40,-107.57,-94.10,20250105,MKDLOWVBUY,65.93,2.75days
10/10/2025 18:04:27,buy,0.40,AUDNZD,1.13735,13/10/2025 05:35:25,1.13652,0.00,-0.06,-8.30,-19.12,10.79,4.70,-167.81,-73.40,20250105,MKDLOWVBUY,59.52,2.48days
10/10/2025 18:24:14,buy,0.80,AUDNZD,1.13484,13/10/2025 05:35:24,1.13652,0.00,-0.11,16.80,77.05,102.36,22.30,-220.85,-48.30,20250105,MKDLOWVBUY,59.19,2.47days
10/10/2025 20:27:08,sell,0.10,GBPUSD,1.33388,13/10/2025 01:24:43,1.33430,0.00,-0.18,-4.20,-4.38,5.12,5.30,-20.98,-20.80,20250105,MKDLOWVSELL,52.96,2.21days
10/10/2025 22:34:26,sell,0.20,GBPUSD,1.33501,13/10/2025 01:24:42,1.33430,0.00,-0.36,7.10,13.84,32.84,16.60,-19.36,-9.50,20250105,MKDLOWVSELL,50.84,2.12days
10/10/2025 19:12:35,sell,0.20,GBPUSD,1.33505,10/10/2025 20:10:35,1.33336,0.00,0.00,16.90,33.80,35.20,17.60,-9.20,-4.60,20250105,MKDLOWVSELL,0.97,0.97hrs
10/10/2025 18:44:07,sell,0.10,GBPUSD,1.33357,10/10/2025 20:10:35,1.33337,0.00,0.00,2.00,2.00,2.80,2.80,-22.60,-22.60,20250105,MKDLOWVSELL,1.44,1.44hrs
10/10/2025 18:44:57,buy,0.10,USDJPY,151.88000,10/10/2025 19:17:47,151.99600,0.00,0.00,11.60,7.63,9.14,13.90,-3.95,-6.00,20250105,MKDLOWVBUY,0.55,0.55hrs
10/10/2025 18:23:32,sell,0.10,GBPCAD,1.86772,10/10/2025 18:39:13,1.86779,0.00,0.00,-0.70,-0.50,1.57,2.20,-19.92,-27.90,20250105,MKDLOWVSELL,0.26,0.26hrs
10/10/2025 18:33:08,sell,0.20,GBPCAD,1.86950,10/10/2025 18:39:12,1.86783,0.00,0.00,16.70,23.85,27.57,19.30,-8.57,-6.00,20250105,MKDLOWVSELL,0.10,0.10hrs
10/10/2025 18:07:09,sell,0.20,GBPCAD,1.86611,10/10/2025 18:12:05,1.86741,0.00,0.00,-13.00,-18.58,0.00,0.00,-69.60,-48.70,20250105,MKDLOWVSELL,0.08,0.08hrs
10/10/2025 18:04:17,sell,0.10,GBPCAD,1.86462,10/10/2025 18:12:05,1.86736,0.00,0.00,-27.40,-19.58,0.00,0.00,-45.45,-63.60,20250105,MKDLOWVSELL,0.13,0.13hrs
10/10/2025 18:09:49,sell,0.40,GBPCAD,1.86996,10/10/2025 18:12:04,1.86741,0.00,0.00,25.50,72.90,87.23,30.50,-12.58,-4.40,20250105,MKDLOWVSELL,0.04,0.04hrs
10/10/2025 15:00:09,buy,0.10,EURNZD,2.01113,10/10/2025 17:01:14,2.01271,0.00,0.00,15.80,9.08,10.75,18.70,-3.62,-6.30,20250105,MKDLOWVBUY,2.02,2.02hrs
10/10/2025 14:05:55,buy,0.10,CHFJPY,189.54600,10/10/2025 17:00:29,189.57500,0.00,0.00,2.90,1.90,4.26,6.50,-20.26,-30.90,20250105,MKDLOWVBUY,2.91,2.91hrs
10/10/2025 14:38:47,buy,0.20,CHFJPY,189.42800,10/10/2025 17:00:28,189.57600,0.00,0.00,14.80,19.39,23.97,18.30,-25.05,-19.10,20250105,MKDLOWVBUY,2.36,2.36hrs
10/10/2025 11:39:37,sell,0.10,NZDJPY,87.88400,10/10/2025 14:05:16,87.81200,0.00,0.00,7.20,4.71,6.42,9.80,-3.14,-4.80,20250105,MKDLOWVSELL,2.43,2.43hrs
10/10/2025 10:03:24,sell,0.10,EURCAD,1.62298,10/10/2025 12:19:04,1.62267,0.00,0.00,3.10,2.21,5.20,7.30,-12.13,-17.00,20250105,MKDLOWVSELL,2.26,2.26hrs
10/10/2025 11:13:23,sell,0.20,EURCAD,1.62400,10/10/2025 12:19:03,1.62266,0.00,0.00,13.40,19.12,21.97,15.40,-9.70,-6.80,20250105,MKDLOWVSELL,1.09,1.09hrs
10/10/2025 09:45:04,buy,0.10,AUDUSD,0.65580,10/10/2025 11:14:15,0.65599,0.00,0.00,1.90,1.90,3.90,3.90,-13.30,-13.30,20250105,MKDLOWVBUY,1.49,1.49hrs
10/10/2025 10:27:03,buy,0.20,AUDUSD,0.65474,10/10/2025 11:14:14,0.65603,0.00,0.00,12.90,25.80,29.00,14.50,-2.80,-1.40,20250105,MKDLOWVBUY,0.79,0.79hrs
10/10/2025 10:00:24,buy,0.10,CADJPY,108.77700,10/10/2025 10:13:15,108.90200,0.00,0.00,12.50,8.18,9.62,14.70,-1.64,-2.50,20250105,MKDLOWVBUY,0.21,0.21hrs
10/10/2025 00:17:59,buy,0.10,USDCAD,1.40184,10/10/2025 09:41:45,1.40255,0.00,0.00,7.10,5.06,7.06,9.90,-4.07,-5.70,20250105,MKDLOWVBUY,9.40,9.40hrs
09/10/2025 20:02:45,buy,0.10,GBPNZD,2.31550,10/10/2025 09:31:19,2.31352,0.00,0.00,-19.80,-11.38,2.18,3.80,-26.53,-46.10,20250105,MKDLOWVBUY,13.48,13.48hrs
10/10/2025 04:02:00,buy,0.20,GBPNZD,2.31230,10/10/2025 09:31:18,2.31357,0.00,0.00,12.70,14.60,19.20,16.70,-16.23,-14.10,20250105,MKDLOWVBUY,5.49,5.49hrs
10/10/2025 02:30:51,sell,0.10,EURCAD,1.62108,10/10/2025 09:00:53,1.62148,0.00,0.00,-4.00,-2.86,2.43,3.40,-12.48,-17.50,20250105,MKDLOWVSELL,6.50,6.50hrs
10/10/2025 07:10:29,sell,0.20,EURCAD,1.62210,10/10/2025 09:00:52,1.62162,0.00,0.00,4.80,6.85,9.99,7.00,-10.42,-7.30,20250105,MKDLOWVSELL,1.84,1.84hrs
09/10/2025 17:36:50,buy,0.10,AUDNZD,1.14082,10/10/2025 02:38:02,1.14122,0.00,0.00,4.00,2.30,4.08,7.10,-14.02,-24.40,20250105,MKDLOWVBUY,9.02,9.02hrs
09/10/2025 16:07:30,buy,0.10,EURNZD,2.00879,09/10/2025 16:35:39,2.01017,0.00,0.00,13.80,7.96,10.39,18.00,-3.82,-6.60,20250105,MKDLOWVBUY,0.47,0.47hrs
09/10/2025 16:00:25,buy,0.10,CHFJPY,190.41700,09/10/2025 16:31:01,190.16400,0.00,0.00,-25.30,-16.57,1.37,2.10,-46.68,-71.00,20250105,MKDLOWVBUY,0.51,0.51hrs
09/10/2025 16:07:07,buy,0.20,CHFJPY,190.15100,09/10/2025 16:31:00,190.16000,0.00,0.00,0.90,1.18,17.02,13.00,-58.38,-44.40,20250105,MKDLOWVBUY,0.40,0.40hrs
09/10/2025 16:11:54,buy,0.40,CHFJPY,189.90700,09/10/2025 16:30:59,190.15200,0.00,0.00,24.50,64.19,71.78,27.40,-9.19,-3.50,20250105,MKDLOWVBUY,0.32,0.32hrs
09/10/2025 14:58:05,sell,0.10,NZDJPY,88.31400,09/10/2025 16:07:11,88.17900,0.00,0.00,13.50,8.85,12.49,19.00,-4.12,-6.30,20250105,MKDLOWVSELL,1.15,1.15hrs
09/10/2025 12:22:16,buy,0.10,EURJPY,177.46500,09/10/2025 14:54:56,177.48900,0.00,0.00,2.40,1.57,2.95,4.50,-12.39,-18.90,20250105,MKDLOWVBUY,2.54,2.54hrs
09/10/2025 12:55:30,buy,0.20,EURJPY,177.34400,09/10/2025 14:54:55,177.49000,0.00,0.00,14.60,19.12,21.73,16.60,-8.92,-6.80,20250105,MKDLOWVBUY,1.99,1.99hrs
09/10/2025 10:31:20,buy,0.10,CHFJPY,190.59500,09/10/2025 12:19:59,190.55700,0.00,0.00,-3.80,-2.49,6.85,10.50,-21.45,-32.70,20250105,MKDLOWVBUY,1.81,1.81hrs
09/10/2025 12:06:01,buy,0.20,CHFJPY,190.42300,09/10/2025 12:19:58,190.55800,0.00,0.00,13.50,17.67,23.56,18.00,-3.93,-3.00,20250105,MKDLOWVBUY,0.23,0.23hrs
09/10/2025 10:30:00,sell,0.10,EURAUD,1.76536,09/10/2025 10:52:12,1.76400,0.00,0.00,13.60,8.95,10.73,16.30,-3.35,-5.10,20250105,MKDLOWVSELL,0.37,0.37hrs
09/10/2025 10:00:21,sell,0.10,EURAUD,1.76634,09/10/2025 10:19:42,1.76508,0.00,0.00,12.60,8.30,10.00,15.20,-1.91,-2.90,20250105,MKDLOWVSELL,0.32,0.32hrs
08/10/2025 20:59:33,sell,0.10,NZDJPY,88.25100,09/10/2025 09:54:54,88.27700,0.00,-2.16,-2.60,-3.85,2.55,3.90,-23.86,-33.10,20250105,MKDLOWVSELL,12.92,12.92hrs
09/10/2025 03:53:13,sell,0.20,NZDJPY,88.36200,09/10/2025 09:54:53,88.27600,0.00,0.00,8.60,11.24,16.21,12.40,-28.84,-22.00,20250105,MKDLOWVSELL,6.03,6.03hrs
08/10/2025 23:06:24,buy,0.10,USDCAD,1.39577,09/10/2025 09:51:35,1.39587,0.00,0.30,1.00,1.02,2.74,3.40,-17.36,-24.60,20250105,MKDLOWVBUY,10.75,10.75hrs
09/10/2025 04:06:53,buy,0.20,USDCAD,1.39465,09/10/2025 09:51:34,1.39587,0.00,0.00,12.20,17.48,20.92,14.60,-19.23,-13.40,20250105,MKDLOWVBUY,5.74,5.74hrs
09/10/2025 03:51:30,buy,0.10,USDCHF,0.80092,09/10/2025 09:04:00,0.80103,0.00,0.00,1.10,1.37,2.62,2.10,-9.12,-7.30,20250105,MKDLOWVBUY,5.21,5.21hrs
09/10/2025 08:07:59,sell,0.10,NZDUSD,0.58045,09/10/2025 09:01:28,0.57969,0.00,0.00,7.60,7.60,9.20,9.20,-2.00,-2.00,20250105,MKDLOWVSELL,0.89,0.89hrs
08/10/2025 22:00:12,sell,0.10,EURAUD,1.76448,09/10/2025 04:01:58,1.76518,0.00,0.49,-7.00,-4.12,0.49,0.00,-22.27,-34.60,20250105,MKDLOWVSELL,6.03,6.03hrs
09/10/2025 02:39:00,sell,0.20,EURAUD,1.76600,09/10/2025 04:01:57,1.76524,0.00,0.00,7.60,10.03,17.67,13.40,-10.01,-7.60,20250105,MKDLOWVSELL,1.38,1.38hrs
07/10/2025 08:00:37,buy,0.10,AUDUSD,0.66121,09/10/2025 03:46:35,0.65927,0.00,-1.19,-19.40,-20.59,0.00,0.00,-57.39,-56.50,20250105,MKDLOWVBUY,43.77,1.82days
07/10/2025 09:02:14,buy,0.20,AUDUSD,0.66016,09/10/2025 03:46:34,0.65928,0.00,-2.37,-8.80,-19.97,0.20,0.10,-93.78,-46.00,20250105,MKDLOWVBUY,42.74,1.78days
07/10/2025 22:21:54,buy,0.40,AUDUSD,0.65812,09/10/2025 03:46:33,0.65927,0.00,-4.74,11.50,41.26,48.46,13.30,-105.96,-25.60,20250105,MKDLOWVBUY,29.41,1.23days
08/10/2025 19:00:22,buy,0.10,GBPCHF,1.07396,08/10/2025 22:54:41,1.07416,0.00,0.00,2.00,2.50,5.24,4.20,-8.60,-6.90,20250105,MKDLOWVBUY,3.91,3.91hrs
08/10/2025 16:01:45,buy,0.10,USDCAD,1.39383,08/10/2025 17:08:00,1.39472,0.00,0.00,8.90,6.38,8.53,11.90,-5.17,-7.20,20250105,MKDLOWVBUY,1.10,1.10hrs
08/10/2025 13:00:37,buy,0.10,GBPCHF,1.07358,08/10/2025 16:00:35,1.07381,0.00,0.00,2.30,2.88,10.61,8.50,-19.50,-15.60,20250105,MKDLOWVBUY,3.00,3.00hrs
08/10/2025 14:26:40,buy,0.20,GBPCHF,1.07250,08/10/2025 16:00:34,1.07383,0.00,0.00,13.30,33.24,38.98,15.60,-12.00,-4.80,20250105,MKDLOWVBUY,1.56,1.56hrs
08/10/2025 10:13:15,sell,0.10,GBPAUD,2.04159,08/10/2025 13:58:20,2.04045,0.00,0.00,11.40,7.50,8.81,13.40,-20.55,-31.30,20250105,MKDLOWVSELL,3.75,3.75hrs
08/10/2025 10:58:43,sell,0.20,GBPAUD,2.04287,08/10/2025 13:58:19,2.04050,0.00,0.00,23.70,31.18,34.45,26.20,-24.30,-18.50,20250105,MKDLOWVSELL,2.99,2.99hrs
08/10/2025 04:40:16,sell,0.10,EURAUD,1.77147,08/10/2025 07:17:51,1.77036,0.00,0.00,11.10,7.29,11.03,16.80,-4.07,-6.20,20250105,MKDLOWVSELL,2.63,2.63hrs
08/10/2025 02:01:07,sell,0.10,EURGBP,0.86831,08/10/2025 04:31:26,0.86747,0.00,0.00,8.40,11.26,13.80,10.30,-3.22,-2.40,20250105,MKDLOWVSELL,2.51,2.51hrs
08/10/2025 04:00:18,sell,0.10,EURAUD,1.77113,08/10/2025 04:11:55,1.76968,0.00,0.00,14.50,9.54,10.59,16.10,-5.19,-7.90,20250105,MKDLOWVSELL,0.19,0.19hrs
01/10/2025 09:31:51,buy,0.20,EURNZD,2.02553,08/10/2025 04:01:10,2.02229,0.00,-10.15,-32.40,-47.45,17.66,15.20,-299.04,-252.90,20250105,MKDLOWVBUY,162.49,6.77days
01/10/2025 08:00:22,buy,0.10,EURNZD,2.02670,08/10/2025 04:01:10,2.02242,0.00,-5.07,-42.80,-29.70,5.86,10.10,-156.34,-264.60,20250105,MKDLOWVBUY,164.01,6.83days
01/10/2025 10:42:01,buy,0.40,EURNZD,2.02319,08/10/2025 04:01:09,2.02203,0.00,-20.30,-11.60,-47.00,0.00,0.00,-543.55,-229.50,20250105,MKDLOWVBUY,161.32,6.72days
01/10/2025 12:06:41,buy,0.80,EURNZD,2.02068,08/10/2025 04:01:08,2.02208,0.00,-40.60,14.00,23.86,38.63,17.20,-970.12,-204.40,20250105,MKDLOWVBUY,159.91,6.66days
01/10/2025 16:39:26,buy,1.60,EURNZD,2.01712,08/10/2025 04:01:07,2.02198,0.00,-81.19,48.60,366.37,405.25,52.80,-1608.36,-168.80,20250105,MKDLOWVBUY,155.36,6.47days
07/10/2025 23:01:35,buy,0.10,GBPNZD,2.31614,08/10/2025 04:00:24,2.32812,0.00,-0.09,119.80,68.89,75.28,130.10,-18.35,-31.50,20250105,MKDLOWVBUY,4.98,4.98hrs
07/10/2025 17:56:06,sell,0.20,GBPAUD,2.03793,07/10/2025 22:46:14,2.03962,0.00,0.00,-16.90,-22.24,0.00,0.00,-59.80,-45.40,20250105,MKDLOWVSELL,4.84,4.84hrs
07/10/2025 17:31:10,sell,0.10,GBPAUD,2.03685,07/10/2025 22:46:14,2.03962,0.00,0.00,-27.70,-18.22,2.17,3.30,-37.01,-56.20,20250105,MKDLOWVSELL,5.25,5.25hrs
07/10/2025 18:52:39,sell,0.40,GBPAUD,2.04171,07/10/2025 22:46:12,2.03971,0.00,0.00,20.00,52.64,66.04,25.10,-10.27,-3.90,20250105,MKDLOWVSELL,3.89,3.89hrs
07/10/2025 19:07:00,sell,0.10,EURCAD,1.62833,07/10/2025 21:33:15,1.62711,0.00,0.00,12.20,8.75,10.32,14.40,-7.38,-10.30,20250105,MKDLOWVSELL,2.44,2.44hrs
07/10/2025 13:58:32,buy,0.10,GBPNZD,2.31161,07/10/2025 17:23:19,2.31062,0.00,0.00,-9.90,-5.75,0.00,0.00,-26.58,-45.80,20250105,MKDLOWVBUY,3.41,3.41hrs
07/10/2025 14:15:40,buy,0.20,GBPNZD,2.31042,07/10/2025 17:23:18,2.31062,0.00,0.00,2.00,2.32,7.90,6.80,-39.35,-33.90,20250105,MKDLOWVBUY,3.13,3.13hrs
07/10/2025 14:49:25,buy,0.40,GBPNZD,2.30842,07/10/2025 17:23:17,2.31062,0.00,0.00,22.00,51.12,62.27,26.80,-32.27,-13.90,20250105,MKDLOWVBUY,2.56,2.56hrs
07/10/2025 15:25:32,buy,0.10,CHFJPY,188.92700,07/10/2025 15:37:31,189.07200,0.00,0.00,14.50,9.60,11.40,17.20,-1.92,-2.90,20250105,MKDLOWVBUY,0.20,0.20hrs
07/10/2025 08:30:37,sell,0.10,GBPAUD,2.03733,07/10/2025 13:57:33,2.03772,0.00,0.00,-3.90,-2.57,2.90,4.40,-20.04,-30.40,20250105,MKDLOWVSELL,5.45,5.45hrs
07/10/2025 09:00:30,sell,0.20,GBPAUD,2.03835,07/10/2025 13:57:32,2.03772,0.00,0.00,6.30,8.31,19.25,14.60,-26.63,-20.20,20250105,MKDLOWVSELL,4.95,4.95hrs
06/10/2025 14:30:57,buy,0.10,USDCHF,0.79815,07/10/2025 08:35:06,0.79600,0.00,0.85,-21.50,-26.16,0.85,0.00,-46.23,-37.40,20250105,MKDLOWVBUY,18.07,18.07hrs
06/10/2025 16:08:20,buy,0.20,USDCHF,0.79697,07/10/2025 08:35:05,0.79600,0.00,1.71,-9.70,-22.66,15.80,6.30,-62.74,-25.60,20250105,MKDLOWVBUY,16.45,16.45hrs
06/10/2025 22:42:44,buy,0.40,USDCHF,0.79495,07/10/2025 08:35:04,0.79599,0.00,3.42,10.40,55.68,64.21,12.10,-23.77,-5.40,20250105,MKDLOWVBUY,9.87,9.87hrs
06/10/2025 17:38:18,sell,0.10,GBPAUD,2.03593,07/10/2025 05:14:03,2.03700,0.00,-0.58,-10.70,-7.66,2.18,3.30,-30.64,-45.50,20250105,MKDLOWVSELL,11.60,11.60hrs
06/10/2025 20:23:20,sell,0.20,GBPAUD,2.03696,07/10/2025 05:14:02,2.03691,0.00,-1.17,0.50,-0.51,5.98,5.40,-47.68,-35.20,20250105,MKDLOWVSELL,8.85,8.85hrs
07/10/2025 03:50:01,sell,0.40,GBPAUD,2.03917,07/10/2025 05:14:00,2.03691,0.00,0.00,22.60,59.83,68.28,25.80,-34.62,-13.10,20250105,MKDLOWVSELL,1.40,1.40hrs
07/10/2025 00:15:40,buy,0.10,AUDCAD,0.92288,07/10/2025 03:08:09,0.92290,0.00,0.00,0.20,0.14,1.94,2.70,-10.98,-15.30,20250105,MKDLOWVBUY,2.87,2.87hrs
06/10/2025 15:01:18,buy,0.10,GBPNZD,2.30716,06/10/2025 17:36:23,2.30786,0.00,0.00,7.00,4.08,6.54,11.20,-18.77,-32.20,20250105,MKDLOWVBUY,2.58,2.58hrs
06/10/2025 15:50:26,buy,0.20,GBPNZD,2.30582,06/10/2025 17:36:20,2.30795,0.00,0.00,21.30,24.86,28.72,24.60,-21.92,-18.80,20250105,MKDLOWVBUY,1.76,1.76hrs
06/10/2025 14:01:51,buy,0.10,GBPCHF,1.07185,06/10/2025 17:25:36,1.07320,0.00,0.00,13.50,16.95,19.33,15.40,-11.91,-9.50,20250105,MKDLOWVBUY,3.40,3.40hrs
03/10/2025 17:32:27,sell,0.10,CADJPY,105.66100,06/10/2025 15:11:47,107.42900,0.00,-0.84,-176.80,-118.75,3.19,4.70,-144.54,-216.10,20250105,MKDLOWVSELL,69.66,2.90days
06/10/2025 02:51:50,sell,0.40,CADJPY,107.09900,06/10/2025 15:11:46,107.42900,0.00,0.00,-33.00,-88.04,16.06,6.00,-192.31,-72.30,20250105,MKDLOWVSELL,12.33,12.33hrs
06/10/2025 00:18:49,sell,0.20,CADJPY,106.88400,06/10/2025 15:11:46,107.42300,0.00,0.00,-53.90,-71.90,13.95,10.40,-124.75,-93.80,20250105,MKDLOWVSELL,14.88,14.88hrs
06/10/2025 05:01:46,sell,0.80,CADJPY,107.37100,06/10/2025 15:11:45,107.42500,0.00,0.00,-5.40,-28.81,21.37,4.00,-239.93,-45.10,20250105,MKDLOWVSELL,10.17,10.17hrs
06/10/2025 07:43:12,sell,1.60,CADJPY,107.72600,06/10/2025 15:11:44,107.42200,0.00,0.00,30.40,324.42,379.07,35.50,-102.14,-9.60,20250105,MKDLOWVSELL,7.48,7.48hrs
06/10/2025 11:32:05,buy,0.10,AUDCAD,0.92074,06/10/2025 15:02:28,0.92104,0.00,0.00,3.00,2.15,3.80,5.30,-7.88,-11.00,20250105,MKDLOWVBUY,3.51,3.51hrs
01/10/2025 10:30:03,buy,0.10,AUDNZD,1.13816,06/10/2025 13:13:07,1.13414,0.00,-0.53,-40.20,-23.89,1.28,2.20,-45.88,-78.00,20250105,MKDLOWVBUY,122.72,5.11days
02/10/2025 05:03:15,buy,0.40,AUDNZD,1.13476,06/10/2025 13:13:06,1.13415,0.00,-0.54,-6.10,-14.71,17.48,7.50,-102.87,-44.00,20250105,MKDLOWVBUY,104.16,4.34days
01/10/2025 15:40:57,buy,0.20,AUDNZD,1.13690,06/10/2025 13:13:06,1.13415,0.00,-1.08,-27.50,-33.04,6.17,5.30,-77.13,-65.40,20250105,MKDLOWVBUY,117.54,4.90days
03/10/2025 14:07:42,buy,0.80,AUDNZD,1.13218,06/10/2025 13:13:04,1.13416,0.00,0.00,19.80,92.04,106.94,23.00,-84.66,-18.20,20250105,MKDLOWVBUY,71.09,2.96days
06/10/2025 12:06:53,buy,0.10,GBPCAD,1.87393,06/10/2025 12:56:16,1.87516,0.00,0.00,12.30,8.82,10.60,14.80,-3.66,-5.10,20250105,MKDLOWVBUY,0.82,0.82hrs
01/10/2025 11:18:15,sell,0.20,NZDCAD,0.80943,06/10/2025 11:28:45,0.81222,0.00,-2.86,-27.90,-42.84,8.90,6.20,-81.97,-55.90,20250105,MKDLOWVSELL,120.17,5.01days
01/10/2025 10:31:58,sell,0.10,NZDCAD,0.80828,06/10/2025 11:28:45,0.81222,0.00,-1.44,-39.40,-29.67,0.00,0.00,-49.23,-67.40,20250105,MKDLOWVSELL,120.95,5.04days
01/10/2025 16:38:03,sell,0.40,NZDCAD,0.81166,06/10/2025 11:28:44,0.81222,0.00,-5.72,-5.60,-21.77,38.14,13.30,-100.06,-33.60,20250105,MKDLOWVSELL,114.84,4.79days
03/10/2025 11:48:05,sell,0.80,NZDCAD,0.81433,06/10/2025 11:28:43,0.81221,0.00,-2.29,21.20,119.24,139.31,24.70,-39.53,-6.90,20250105,MKDLOWVSELL,71.68,2.99days
06/10/2025 04:00:49,buy,0.10,GBPNZD,2.30676,06/10/2025 11:00:37,2.30614,0.00,0.00,-6.20,-3.61,3.67,6.30,-19.13,-32.80,20250105,MKDLOWVBUY,7.00,7.00hrs
06/10/2025 05:55:46,buy,0.20,GBPNZD,2.30529,06/10/2025 11:00:36,2.30618,0.00,0.00,8.90,10.38,19.35,16.60,-21.11,-18.10,20250105,MKDLOWVBUY,5.08,5.08hrs
06/10/2025 08:15:01,buy,0.10,GBPCAD,1.87590,06/10/2025 10:07:49,1.87620,0.00,0.00,3.00,2.15,3.80,5.30,-13.98,-19.50,20250105,MKDLOWVBUY,1.88,1.88hrs
06/10/2025 09:12:46,buy,0.20,GBPCAD,1.87478,06/10/2025 10:07:47,1.87606,0.00,0.00,12.80,18.36,23.66,16.50,-11.90,-8.30,20250105,MKDLOWVBUY,0.92,0.92hrs
06/10/2025 09:06:47,buy,0.10,AUDUSD,0.66027,06/10/2025 10:05:50,0.66139,0.00,0.00,11.20,11.20,12.80,12.80,-3.60,-3.60,20250105,MKDLOWVBUY,0.98,0.98hrs
06/10/2025 08:02:11,sell,0.10,EURAUD,1.77508,06/10/2025 09:12:29,1.77367,0.00,0.00,14.10,9.31,10.49,15.90,-5.35,-8.10,20250105,MKDLOWVSELL,1.17,1.17hrs
06/10/2025 05:08:38,buy,0.10,USDCHF,0.79599,06/10/2025 08:47:49,0.79619,0.00,0.00,2.00,2.51,4.40,3.50,-8.80,-7.00,20250105,MKDLOWVBUY,3.65,3.65hrs
06/10/2025 01:08:59,buy,0.10,GBPCAD,1.87657,06/10/2025 05:07:47,1.87653,0.00,0.00,-0.40,-0.29,2.72,3.80,-13.54,-18.90,20250105,MKDLOWVBUY,3.98,3.98hrs
06/10/2025 02:35:39,buy,0.20,GBPCAD,1.87529,06/10/2025 05:07:46,1.87653,0.00,0.00,12.40,17.77,23.80,16.60,-8.74,-6.10,20250105,MKDLOWVBUY,2.54,2.54hrs
03/10/2025 16:03:41,sell,0.10,GBPAUD,2.03761,06/10/2025 01:07:49,2.03992,0.00,0.00,-23.10,-15.22,2.64,4.00,-41.21,-62.60,20250105,MKDLOWVSELL,57.07,2.38days
03/10/2025 16:29:43,sell,0.20,GBPAUD,2.03865,06/10/2025 01:07:48,2.03992,0.00,0.00,-12.70,-16.74,19.01,14.40,-68.73,-52.20,20250105,MKDLOWVSELL,56.63,2.36days
03/10/2025 20:54:28,sell,0.40,GBPAUD,2.04109,06/10/2025 01:07:47,2.03994,0.00,0.00,11.50,30.31,76.66,29.10,-73.20,-27.80,20250105,MKDLOWVSELL,52.22,2.18days
03/10/2025 22:36:01,sell,0.10,EURUSD,1.17393,06/10/2025 01:07:22,1.17221,0.00,0.47,17.20,17.67,21.77,21.30,-6.00,-6.00,20250105,MKDLOWVSELL,50.52,2.11days
03/10/2025 11:56:10,buy,0.10,USDCHF,0.79599,03/10/2025 21:40:36,0.79559,0.00,0.00,-4.00,-5.03,13.93,11.10,-17.24,-13.70,20250105,MKDLOWVBUY,9.74,9.74hrs
03/10/2025 18:48:04,buy,0.20,USDCHF,0.79489,03/10/2025 21:40:34,0.79559,0.00,0.00,7.00,17.60,29.90,11.90,-6.54,-2.60,20250105,MKDLOWVBUY,2.88,2.88hrs
03/10/2025 18:01:55,sell,0.10,GBPUSD,1.34691,03/10/2025 21:07:00,1.34662,0.00,0.00,2.90,2.90,4.70,4.70,-16.60,-16.60,20250105,MKDLOWVSELL,3.08,3.08hrs
03/10/2025 18:48:32,sell,0.20,GBPUSD,1.34802,03/10/2025 21:06:59,1.34662,0.00,0.00,14.00,28.00,30.80,15.40,-11.00,-5.50,20250105,MKDLOWVSELL,2.31,2.31hrs
03/10/2025 16:59:29,buy,0.10,AUDCAD,0.92143,03/10/2025 19:09:43,0.92198,0.00,0.00,5.50,3.95,6.17,8.60,-4.44,-6.20,20250105,MKDLOWVBUY,2.17,2.17hrs
03/10/2025 12:02:14,buy,0.10,AUDJPY,97.33600,03/10/2025 17:13:38,97.35200,0.00,0.00,1.60,1.08,2.31,3.40,-14.96,-22.00,20250105,MKDLOWVBUY,5.19,5.19hrs
03/10/2025 16:30:38,buy,0.20,AUDJPY,97.21300,03/10/2025 17:13:37,97.35100,0.00,0.00,13.80,18.72,21.30,15.70,-13.19,-9.70,20250105,MKDLOWVBUY,0.72,0.72hrs
03/10/2025 03:23:45,sell,0.20,NZDJPY,85.75800,03/10/2025 16:29:57,85.85600,0.00,0.00,-9.80,-13.31,7.47,5.50,-34.65,-25.60,20250105,MKDLOWVSELL,13.10,13.10hrs
02/10/2025 19:35:32,sell,0.10,NZDJPY,85.65200,03/10/2025 16:29:57,85.85600,0.00,-0.67,-20.40,-14.53,4.09,7.00,-25.17,-36.20,20250105,MKDLOWVSELL,20.91,20.91hrs
03/10/2025 06:17:00,sell,0.40,NZDJPY,85.97400,03/10/2025 16:29:55,85.85600,0.00,0.00,11.80,32.06,37.76,13.90,-10.56,-3.90,20250105,MKDLOWVSELL,10.22,10.22hrs
03/10/2025 15:00:12,buy,0.10,GBPCAD,1.87801,03/10/2025 16:16:56,1.87822,0.00,0.00,2.10,1.51,2.36,3.30,-15.83,-22.10,20250105,MKDLOWVBUY,1.28,1.28hrs
03/10/2025 15:37:35,buy,0.20,GBPCAD,1.87663,03/10/2025 16:16:55,1.87816,0.00,0.00,15.30,21.92,24.50,17.10,-11.89,-8.30,20250105,MKDLOWVBUY,0.66,0.66hrs
03/10/2025 11:30:06,sell,0.10,GBPAUD,2.03712,03/10/2025 15:38:40,2.03616,0.00,0.00,9.60,6.34,9.64,14.60,-5.55,-8.40,20250105,MKDLOWVSELL,4.14,4.14hrs
03/10/2025 10:33:22,sell,0.10,GBPUSD,1.34459,03/10/2025 12:20:47,1.34463,0.00,0.00,-0.40,-0.40,0.30,0.30,-21.70,-21.70,20250105,MKDLOWVSELL,1.79,1.79hrs
03/10/2025 10:43:04,sell,0.20,GBPUSD,1.34588,03/10/2025 12:20:46,1.34463,0.00,0.00,12.50,25.00,26.40,13.20,-17.60,-8.80,20250105,MKDLOWVSELL,1.63,1.63hrs
02/10/2025 22:30:06,buy,0.10,GBPCHF,1.07236,03/10/2025 10:30:46,1.07230,0.00,1.05,-0.60,0.30,6.94,4.70,-22.43,-18.70,20250105,MKDLOWVBUY,12.01,12.01hrs
03/10/2025 07:05:19,sell,0.10,CADJPY,105.68400,03/10/2025 10:28:34,105.68400,0.00,0.00,0.00,0.00,2.24,3.30,-10.89,-16.10,20250105,MKDLOWVSELL,3.39,3.39hrs
03/10/2025 06:23:06,sell,0.10,GBPAUD,2.03741,03/10/2025 09:35:51,2.03643,0.00,0.00,9.80,6.47,9.37,14.20,-8.57,-13.00,20250105,MKDLOWVSELL,3.21,3.21hrs
02/10/2025 20:31:42,sell,0.10,EURUSD,1.17150,03/10/2025 08:04:52,1.17186,0.00,0.47,-3.60,-3.13,2.00,2.00,-14.43,-14.90,20250105,MKDLOWVSELL,11.55,11.55hrs
03/10/2025 04:01:56,sell,0.20,EURUSD,1.17252,03/10/2025 08:04:50,1.17185,0.00,0.00,6.70,13.40,18.00,9.00,-9.40,-4.70,20250105,MKDLOWVSELL,4.05,4.05hrs
02/10/2025 20:59:11,sell,0.10,GBPAUD,2.03806,02/10/2025 22:47:26,2.03807,0.00,0.00,-0.10,-0.07,2.31,3.50,-4.35,-6.60,20250105,MKDLOWVSELL,1.80,1.80hrs
02/10/2025 10:17:51,sell,0.10,EURAUD,1.77493,02/10/2025 18:17:39,1.77674,0.00,0.00,-18.10,-11.91,4.57,6.90,-30.99,-46.90,20250105,MKDLOWVSELL,8.00,8.00hrs
02/10/2025 12:16:07,sell,0.20,EURAUD,1.77623,02/10/2025 18:17:38,1.77673,0.00,0.00,-5.00,-6.58,2.25,1.70,-44.79,-33.90,20250105,MKDLOWVSELL,6.03,6.03hrs
02/10/2025 14:23:23,sell,0.40,EURAUD,1.77824,02/10/2025 18:17:37,1.77674,0.00,0.00,15.00,39.50,51.87,19.70,-36.47,-13.80,20250105,MKDLOWVSELL,3.90,3.90hrs
02/10/2025 16:00:54,sell,0.10,NZDJPY,85.66700,02/10/2025 16:44:30,85.54900,0.00,0.00,11.80,8.01,9.10,13.40,-3.60,-5.30,20250105,MKDLOWVSELL,0.73,0.73hrs
02/10/2025 10:06:04,sell,0.10,EURUSD,1.17478,02/10/2025 15:38:38,1.17478,0.00,0.00,0.00,0.00,2.10,2.10,-11.20,-11.20,20250105,MKDLOWVSELL,5.54,5.54hrs
01/10/2025 19:01:21,buy,0.10,GBPNZD,2.31858,02/10/2025 12:20:59,2.31241,0.00,-0.26,-61.70,-36.28,0.99,1.70,-59.55,-101.60,20250105,MKDLOWVBUY,17.33,17.33hrs
02/10/2025 04:30:15,buy,0.40,GBPNZD,2.31422,02/10/2025 12:20:58,2.31253,0.00,0.00,-16.90,-39.46,0.00,0.00,-135.39,-58.00,20250105,MKDLOWVBUY,7.85,7.85hrs
01/10/2025 20:33:06,buy,0.20,GBPNZD,2.31755,02/10/2025 12:20:58,2.31245,0.00,-0.52,-51.00,-60.06,9.77,8.40,-107.08,-91.30,20250105,MKDLOWVBUY,15.80,15.80hrs
02/10/2025 08:11:36,buy,0.80,GBPNZD,2.30974,02/10/2025 12:20:56,2.31253,0.00,0.00,27.90,130.28,168.11,36.00,-61.63,-13.20,20250105,MKDLOWVBUY,4.16,4.16hrs
02/10/2025 04:36:13,sell,0.10,EURUSD,1.17367,02/10/2025 08:06:43,1.17329,0.00,0.00,3.80,3.80,6.20,6.20,-6.00,-6.00,20250105,MKDLOWVSELL,3.51,3.51hrs
01/10/2025 04:36:37,buy,0.10,AUDJPY,97.64500,02/10/2025 08:04:49,97.40600,0.00,1.54,-23.90,-14.69,2.97,4.40,-42.27,-62.00,20250105,MKDLOWVBUY,27.47,1.14days
01/10/2025 06:19:28,buy,0.20,AUDJPY,97.52200,02/10/2025 08:04:48,97.40600,0.00,3.08,-11.60,-12.68,9.60,7.10,-67.77,-49.70,20250105,MKDLOWVBUY,25.76,1.07days
01/10/2025 09:52:25,buy,0.40,AUDJPY,97.29400,02/10/2025 08:04:47,97.40700,0.00,6.16,11.30,36.87,47.46,15.20,-73.36,-26.90,20250105,MKDLOWVBUY,22.21,22.21hrs
02/10/2025 04:00:30,sell,0.10,EURAUD,1.77541,02/10/2025 04:35:54,1.77373,0.00,0.00,16.80,11.12,12.83,19.40,-4.82,-7.30,20250105,MKDLOWVSELL,0.59,0.59hrs
02/10/2025 02:04:39,sell,0.10,EURUSD,1.17341,02/10/2025 03:30:57,1.17276,0.00,0.00,6.50,6.50,8.30,8.30,-3.60,-3.60,20250105,MKDLOWVSELL,1.44,1.44hrs
01/10/2025 21:35:47,buy,0.10,USDCAD,1.39374,02/10/2025 03:15:44,1.39449,0.00,0.30,7.50,5.68,7.61,10.20,-3.94,-5.90,20250105,MKDLOWVBUY,5.67,5.67hrs
01/10/2025 22:02:36,sell,0.10,EURUSD,1.17350,02/10/2025 00:30:05,1.17321,0.00,1.40,2.90,4.30,8.20,8.20,-2.40,-2.40,20250105,MKDLOWVSELL,2.46,2.46hrs
01/10/2025 18:00:12,sell,0.10,EURAUD,1.77685,01/10/2025 18:54:15,1.77562,0.00,0.00,12.30,8.12,9.37,14.20,-2.77,-4.20,20250105,MKDLOWVSELL,0.90,0.90hrs
01/10/2025 12:51:09,sell,0.10,NZDJPY,85.51900,01/10/2025 14:06:41,85.45000,0.00,0.00,6.90,4.69,6.87,10.10,-3.06,-4.50,20250105,MKDLOWVSELL,1.26,1.26hrs
01/10/2025 05:01:18,buy,0.10,USDCHF,0.79638,01/10/2025 12:50:50,0.79643,0.00,0.00,0.50,0.63,1.88,1.50,-45.54,-36.10,20250105,MKDLOWVBUY,7.83,7.83hrs
01/10/2025 07:53:11,buy,0.20,USDCHF,0.79487,01/10/2025 12:50:49,0.79637,0.00,0.00,15.00,37.67,41.68,16.60,-52.98,-21.00,20250105,MKDLOWVBUY,4.96,4.96hrs
01/10/2025 07:46:57,sell,0.20,EURUSD,1.17486,01/10/2025 10:30:14,1.17522,0.00,0.00,-3.60,-7.20,0.00,0.00,-61.60,-30.80,20250105,MKDLOWVSELL,2.72,2.72hrs
01/10/2025 05:00:37,sell,0.10,EURUSD,1.17386,01/10/2025 10:30:14,1.17522,0.00,0.00,-13.60,-13.60,5.50,5.50,-40.80,-40.80,20250105,MKDLOWVSELL,5.49,5.49hrs
01/10/2025 09:43:51,sell,0.40,EURUSD,1.17718,01/10/2025 10:30:13,1.17523,0.00,0.00,19.50,78.00,80.80,20.20,-30.40,-7.60,20250105,MKDLOWVSELL,0.77,0.77hrs
01/10/2025 04:13:41,sell,0.10,EURAUD,1.77694,01/10/2025 10:28:21,1.77926,0.00,0.00,-23.20,-15.34,0.00,0.00,-33.33,-50.50,20250105,MKDLOWVSELL,6.24,6.24hrs
01/10/2025 04:40:28,sell,0.20,EURAUD,1.77910,01/10/2025 10:28:20,1.77922,0.00,0.00,-1.20,-1.58,19.14,14.50,-38.15,-28.90,20250105,MKDLOWVSELL,5.80,5.80hrs
01/10/2025 08:23:28,sell,0.40,EURAUD,1.78133,01/10/2025 10:28:19,1.77921,0.00,0.00,21.20,56.04,60.79,23.00,-17.42,-6.60,20250105,MKDLOWVSELL,2.08,2.08hrs
30/09/2025 03:00:29,sell,0.10,NZDCAD,0.80412,01/10/2025 04:42:23,0.80615,0.00,-0.29,-20.30,-14.86,1.44,2.00,-33.20,-45.80,20250105,MKDLOWVSELL,25.70,1.07days
30/09/2025 04:37:29,sell,0.20,NZDCAD,0.80515,01/10/2025 04:42:22,0.80615,0.00,-0.57,-10.00,-14.93,14.08,9.80,-51.59,-35.50,20250105,MKDLOWVSELL,24.08,1.00days
30/09/2025 11:18:47,sell,0.40,NZDCAD,0.80728,01/10/2025 04:42:21,0.80615,0.00,-1.15,11.30,31.31,38.49,13.80,-41.96,-14.20,20250105,MKDLOWVSELL,17.39,17.39hrs
01/10/2025 03:03:52,sell,0.10,NZDCHF,0.46145,01/10/2025 04:40:08,0.46100,0.00,0.00,4.50,5.66,7.79,6.20,-3.26,-2.60,20250105,MKDLOWVSELL,1.60,1.60hrs
30/09/2025 23:00:26,buy,0.10,GBPNZD,2.32058,01/10/2025 04:12:44,2.32112,0.00,-0.09,5.40,3.03,8.30,14.50,-44.11,-76.00,20250105,MKDLOWVBUY,5.21,5.21hrs
30/09/2025 21:31:03,buy,0.10,USDCAD,1.39207,01/10/2025 03:12:22,1.39236,0.00,0.30,2.90,2.38,4.46,5.80,-7.18,-10.40,20250105,MKDLOWVBUY,5.69,5.69hrs
30/09/2025 19:02:52,buy,0.10,AUDJPY,97.83600,01/10/2025 03:08:16,97.86500,0.00,0.38,2.90,2.34,4.63,6.30,-13.76,-20.90,20250105,MKDLOWVBUY,8.09,8.09hrs
01/10/2025 01:02:56,buy,0.10,USDJPY,147.87100,01/10/2025 02:58:08,147.99300,0.00,0.00,12.20,8.24,9.19,13.60,-4.40,-6.50,20250105,MKDLOWVBUY,1.92,1.92hrs
30/09/2025 19:00:47,buy,0.10,AUDNZD,1.14074,30/09/2025 21:06:20,1.14099,0.00,0.00,2.50,1.45,3.88,6.70,-2.84,-4.90,20250105,MKDLOWVBUY,2.09,2.09hrs
30/09/2025 20:04:10,sell,0.10,EURUSD,1.17554,30/09/2025 21:05:05,1.17446,0.00,0.00,10.80,10.80,11.10,11.10,-6.70,-6.70,20250105,MKDLOWVSELL,1.02,1.02hrs
30/09/2025 20:23:22,buy,0.10,USDCHF,0.79426,30/09/2025 21:04:50,0.79547,0.00,0.00,12.10,15.21,17.60,14.00,-2.64,-2.10,20250105,MKDLOWVBUY,0.69,0.69hrs
30/09/2025 18:01:06,buy,0.10,USDCHF,0.79586,30/09/2025 18:30:15,0.79720,0.00,0.00,13.40,16.81,18.69,14.90,-2.89,-2.30,20250105,MKDLOWVBUY,0.49,0.49hrs
30/09/2025 18:00:27,sell,0.10,EURUSD,1.17481,30/09/2025 18:14:30,1.17377,0.00,0.00,10.40,10.40,11.50,11.50,-2.50,-2.50,20250105,MKDLOWVSELL,0.23,0.23hrs
30/09/2025 16:21:24,buy,0.10,GBPNZD,2.31697,30/09/2025 17:53:38,2.31882,0.00,0.00,18.50,10.74,11.90,20.50,-8.76,-15.10,20250105,MKDLOWVBUY,1.54,1.54hrs
30/09/2025 08:54:03,sell,0.20,EURUSD,1.17357,30/09/2025 14:11:42,1.17416,0.00,0.00,-5.90,-11.80,8.40,4.20,-52.80,-26.40,20250105,MKDLOWVSELL,5.29,5.29hrs
30/09/2025 06:31:19,sell,0.10,EURUSD,1.17254,30/09/2025 14:11:42,1.17416,0.00,0.00,-16.20,-16.20,6.00,6.00,-36.70,-36.70,20250105,MKDLOWVSELL,7.67,7.67hrs
30/09/2025 11:43:04,sell,0.40,EURUSD,1.17595,30/09/2025 14:11:40,1.17415,0.00,0.00,18.00,72.00,75.60,18.90,-9.20,-2.30,20250105,MKDLOWVSELL,2.48,2.48hrs
30/09/2025 10:56:48,buy,0.10,AUDJPY,97.71900,30/09/2025 13:00:57,97.82700,0.00,0.00,10.80,7.30,8.38,12.40,-4.53,-6.70,20250105,MKDLOWVBUY,2.07,2.07hrs
30/09/2025 10:44:08,buy,0.10,GBPNZD,2.31958,30/09/2025 12:10:18,2.32040,0.00,0.00,8.20,4.75,6.32,10.90,-20.08,-34.60,20250105,MKDLOWVBUY,1.44,1.44hrs
30/09/2025 10:55:32,buy,0.20,GBPNZD,2.31830,30/09/2025 12:10:17,2.32032,0.00,0.00,20.20,23.41,27.46,23.70,-25.30,-21.80,20250105,MKDLOWVBUY,1.25,1.25hrs
30/09/2025 10:02:26,buy,0.10,AUDCHF,0.52565,30/09/2025 11:00:02,0.52551,0.00,0.00,-1.40,-1.76,0.63,0.50,-26.51,-21.10,20250105,MKDLOWVBUY,0.96,0.96hrs
30/09/2025 10:42:00,buy,0.20,AUDCHF,0.52404,30/09/2025 11:00:01,0.52545,0.00,0.00,14.10,35.44,38.19,15.20,-6.03,-2.40,20250105,MKDLOWVBUY,0.30,0.30hrs
30/09/2025 10:00:27,buy,0.20,AUDJPY,97.72300,30/09/2025 10:54:56,97.67600,0.00,0.00,-4.70,-6.35,10.54,7.80,-41.20,-30.50,20250105,MKDLOWVBUY,0.91,0.91hrs
30/09/2025 09:30:12,buy,0.10,AUDJPY,97.82900,30/09/2025 10:54:56,97.67600,0.00,0.00,-15.30,-10.34,0.00,0.00,-27.76,-41.10,20250105,MKDLOWVBUY,1.41,1.41hrs
30/09/2025 10:41:51,buy,0.40,AUDJPY,97.48200,30/09/2025 10:54:54,97.67700,0.00,0.00,19.50,52.70,59.18,21.90,-12.70,-4.70,20250105,MKDLOWVBUY,0.22,0.22hrs
30/09/2025 10:02:40,buy,0.10,GBPNZD,2.31828,30/09/2025 10:41:55,2.31987,0.00,0.00,15.90,9.21,12.17,21.00,-7.83,-13.50,20250105,MKDLOWVBUY,0.65,0.65hrs
30/09/2025 04:00:35,buy,0.10,EURNZD,2.02813,30/09/2025 08:51:15,2.02684,0.00,0.00,-12.90,-7.47,0.46,0.80,-28.94,-50.00,20250105,MKDLOWVBUY,4.84,4.84hrs
30/09/2025 04:03:18,buy,0.20,EURNZD,2.02689,30/09/2025 08:51:14,2.02685,0.00,0.00,-0.40,-0.47,15.26,13.20,-43.53,-37.60,20250105,MKDLOWVBUY,4.80,4.80hrs
30/09/2025 06:02:34,buy,0.40,EURNZD,2.02436,30/09/2025 08:51:13,2.02683,0.00,0.00,24.70,57.19,62.75,27.10,-28.48,-12.30,20250105,MKDLOWVBUY,2.81,2.81hrs
29/09/2025 22:22:07,sell,0.10,EURUSD,1.17298,30/09/2025 03:48:08,1.17192,0.00,0.47,10.60,11.07,12.47,12.00,-2.83,-3.30,20250105,MKDLOWVSELL,5.43,5.43hrs
30/09/2025 00:44:07,buy,0.10,AUDJPY,97.76500,30/09/2025 03:29:57,97.77200,0.00,0.00,0.70,0.48,2.49,3.70,-7.00,-10.40,20250105,MKDLOWVBUY,2.76,2.76hrs
29/09/2025 18:41:31,buy,0.10,USDCAD,1.39122,29/09/2025 22:17:03,1.39173,0.00,0.00,5.10,3.66,5.53,7.70,-6.83,-9.50,20250105,MKDLOWVBUY,3.59,3.59hrs
29/09/2025 18:19:50,buy,0.10,GBPNZD,2.32177,29/09/2025 20:50:02,2.32333,0.00,0.00,15.60,9.02,10.00,17.30,-6.60,-11.40,20250105,MKDLOWVBUY,2.50,2.50hrs
29/09/2025 18:03:16,buy,0.10,GBPNZD,2.31919,29/09/2025 18:16:35,2.32059,0.00,0.00,14.00,8.09,9.66,16.70,-2.60,-4.50,20250105,MKDLOWVBUY,0.22,0.22hrs
29/09/2025 09:43:05,buy,0.10,AUDJPY,97.73900,29/09/2025 18:03:46,97.76100,0.00,0.00,2.20,1.48,3.16,4.70,-15.42,-22.90,20250105,MKDLOWVBUY,8.34,8.34hrs
29/09/2025 10:47:53,buy,0.20,AUDJPY,97.62000,29/09/2025 18:03:45,97.76400,0.00,0.00,14.40,19.38,22.34,16.60,-14.81,-11.00,20250105,MKDLOWVBUY,7.26,7.26hrs
26/09/2025 03:35:27,sell,0.20,GBPAUD,2.04146,29/09/2025 17:43:18,2.04334,0.00,-1.12,-18.80,-25.84,12.56,9.60,-102.57,-77.40,20250105,MKDLOWVSELL,86.13,3.59days
26/09/2025 02:04:48,sell,0.10,GBPAUD,2.04042,29/09/2025 17:43:18,2.04330,0.00,-0.56,-28.80,-19.49,5.03,7.70,-58.10,-87.80,20250105,MKDLOWVSELL,87.64,3.65days
26/09/2025 09:40:58,sell,0.40,GBPAUD,2.04353,29/09/2025 17:43:17,2.04331,0.00,-2.24,2.20,3.54,6.80,3.40,-150.88,-56.70,20250105,MKDLOWVSELL,80.04,3.33days
26/09/2025 12:53:00,sell,0.80,GBPAUD,2.04608,29/09/2025 17:43:16,2.04334,0.00,-4.48,27.40,139.59,147.43,28.90,-168.06,-31.20,20250105,MKDLOWVSELL,76.84,3.20days
29/09/2025 15:31:03,sell,0.10,NZDCAD,0.80567,29/09/2025 17:21:11,0.80572,0.00,0.00,-0.50,-0.36,1.51,2.10,-7.61,-10.60,20250105,MKDLOWVSELL,1.84,1.84hrs
29/09/2025 03:00:27,buy,0.10,EURJPY,174.89500,29/09/2025 15:37:49,174.49700,0.00,0.00,-39.80,-26.76,1.47,2.20,-61.65,-91.60,20250105,MKDLOWVBUY,12.62,12.62hrs
29/09/2025 04:28:02,buy,0.20,EURJPY,174.76200,29/09/2025 15:37:48,174.49600,0.00,0.00,-26.60,-35.77,3.89,2.90,-105.39,-78.30,20250105,MKDLOWVBUY,11.16,11.16hrs
29/09/2025 09:00:32,buy,0.40,EURJPY,174.51000,29/09/2025 15:37:47,174.49000,0.00,0.00,-2.00,-5.38,2.15,0.80,-142.95,-53.10,20250105,MKDLOWVBUY,6.62,6.62hrs
29/09/2025 10:52:58,buy,0.80,EURJPY,174.24000,29/09/2025 15:37:46,174.49500,0.00,0.00,25.50,137.18,149.54,27.80,-140.52,-26.10,20250105,MKDLOWVBUY,4.75,4.75hrs
29/09/2025 10:37:59,buy,0.10,GBPJPY,199.85100,29/09/2025 15:00:23,199.82700,0.00,0.00,-2.40,-1.61,1.14,1.70,-23.91,-35.50,20250105,MKDLOWVBUY,4.37,4.37hrs
29/09/2025 11:12:26,buy,0.20,GBPJPY,199.73600,29/09/2025 15:00:22,199.81900,0.00,0.00,8.30,11.17,17.76,13.20,-32.33,-24.00,20250105,MKDLOWVBUY,3.80,3.80hrs
26/09/2025 20:37:36,buy,0.10,USDCAD,1.39400,29/09/2025 14:35:37,1.39307,0.00,0.69,-9.30,-5.99,5.42,6.60,-17.35,-25.10,20250105,MKDLOWVBUY,65.97,2.75days
29/09/2025 03:55:09,buy,0.20,USDCAD,1.39279,29/09/2025 14:35:35,1.39308,0.00,0.00,2.90,4.16,9.33,6.50,-18.69,-13.00,20250105,MKDLOWVBUY,10.67,10.67hrs
29/09/2025 12:05:52,buy,0.10,GBPCAD,1.87043,29/09/2025 14:31:43,1.87088,0.00,0.00,4.50,3.23,4.89,6.80,-11.21,-15.60,20250105,MKDLOWVBUY,2.43,2.43hrs
29/09/2025 13:20:05,buy,0.20,GBPCAD,1.86937,29/09/2025 14:31:41,1.87089,0.00,0.00,15.20,21.82,24.98,17.40,-7.18,-5.00,20250105,MKDLOWVBUY,1.19,1.19hrs
29/09/2025 10:00:14,buy,0.10,AUDNZD,1.13465,29/09/2025 13:42:11,1.13478,0.00,0.00,1.30,0.75,2.37,4.10,-5.79,-10.00,20250105,MKDLOWVBUY,3.70,3.70hrs
29/09/2025 10:04:22,sell,0.10,GBPUSD,1.34394,29/09/2025 12:04:30,1.34395,0.00,0.00,-0.10,-0.10,7.40,7.40,-11.40,-11.40,20250105,MKDLOWVSELL,2.00,2.00hrs
26/09/2025 21:04:09,sell,0.10,EURGBP,0.87268,29/09/2025 08:55:11,0.87259,0.00,0.04,0.90,1.25,3.00,2.20,-27.40,-20.50,20250105,MKDLOWVSELL,59.85,2.49days
29/09/2025 06:05:44,buy,0.10,AUDJPY,97.73100,29/09/2025 07:33:40,97.80400,0.00,0.00,7.30,4.91,7.18,10.70,-3.90,-5.80,20250105,MKDLOWVBUY,1.47,1.47hrs
26/09/2025 16:10:43,buy,0.10,EURNZD,2.02572,26/09/2025 17:03:28,2.02725,0.00,0.00,15.30,8.82,9.28,16.10,-3.87,-6.70,20250105,MKDLOWVBUY,0.88,0.88hrs
26/09/2025 10:22:46,buy,0.10,AUDJPY,97.86700,26/09/2025 16:02:09,97.84200,0.00,0.00,-2.50,-1.67,1.60,2.40,-9.68,-14.50,20250105,MKDLOWVBUY,5.66,5.66hrs
26/09/2025 13:06:03,buy,0.20,AUDJPY,97.76400,26/09/2025 16:02:08,97.84200,0.00,0.00,7.80,10.43,13.37,10.00,-5.61,-4.20,20250105,MKDLOWVBUY,2.93,2.93hrs
26/09/2025 05:03:56,buy,0.10,AUDNZD,1.13408,26/09/2025 15:32:29,1.13341,0.00,0.00,-6.70,-3.86,2.36,4.10,-8.29,-14.40,20250105,MKDLOWVBUY,10.48,10.48hrs
26/09/2025 13:51:25,buy,0.20,AUDNZD,1.13301,26/09/2025 15:32:28,1.13337,0.00,0.00,3.60,4.15,6.11,5.30,-4.26,-3.70,20250105,MKDLOWVBUY,1.68,1.68hrs
26/09/2025 14:14:29,buy,0.10,GBPJPY,200.01500,26/09/2025 15:30:22,200.14400,0.00,0.00,12.90,8.61,8.62,12.90,-5.74,-8.60,20250105,MKDLOWVBUY,1.26,1.26hrs
26/09/2025 11:45:03,sell,0.10,EURCAD,1.62882,26/09/2025 14:04:58,1.62820,0.00,0.00,6.20,4.44,7.81,10.90,-9.89,-13.80,20250105,MKDLOWVSELL,2.33,2.33hrs
25/09/2025 13:33:16,buy,0.10,GBPCHF,1.07011,26/09/2025 11:02:29,1.06798,0.00,1.05,-21.30,-25.58,1.89,1.50,-59.14,-48.10,20250105,MKDLOWVBUY,21.49,21.49hrs
25/09/2025 14:36:15,buy,0.20,GBPCHF,1.06879,26/09/2025 11:02:28,1.06797,0.00,2.10,-8.20,-18.40,27.76,11.10,-85.25,-34.90,20250105,MKDLOWVBUY,20.44,20.44hrs
25/09/2025 21:09:30,buy,0.40,GBPCHF,1.06664,26/09/2025 11:02:27,1.06797,0.00,4.20,13.30,70.70,86.70,16.50,-62.87,-13.40,20250105,MKDLOWVBUY,13.88,13.88hrs
25/09/2025 14:11:58,buy,0.10,GBPCAD,1.86695,26/09/2025 09:40:15,1.86278,0.00,0.43,-41.70,-29.47,0.43,0.00,-75.39,-105.50,20250105,MKDLOWVBUY,19.47,19.47hrs
25/09/2025 14:38:01,buy,0.20,GBPCAD,1.86558,26/09/2025 09:40:14,1.86269,0.00,0.85,-28.90,-40.60,0.85,0.00,-131.11,-91.80,20250105,MKDLOWVBUY,19.04,19.04hrs
25/09/2025 15:30:20,buy,0.40,GBPCAD,1.86356,26/09/2025 09:40:13,1.86268,0.00,1.70,-8.80,-23.54,1.70,0.00,-204.14,-71.60,20250105,MKDLOWVBUY,18.16,18.16hrs
25/09/2025 15:51:27,buy,0.80,GBPCAD,1.86098,26/09/2025 09:40:12,1.86264,0.00,3.41,16.60,98.65,124.76,21.70,-259.93,-45.80,20250105,MKDLOWVBUY,17.81,17.81hrs
26/09/2025 04:04:30,buy,0.10,AUDJPY,97.85700,26/09/2025 09:16:52,97.97700,0.00,0.00,12.00,8.01,9.28,13.90,-2.14,-3.20,20250105,MKDLOWVBUY,5.21,5.21hrs
26/09/2025 01:00:13,buy,0.10,EURNZD,2.02273,26/09/2025 03:06:35,2.02466,0.00,0.00,19.30,11.11,13.76,23.90,-12.40,-21.50,20250105,MKDLOWVBUY,2.11,2.11hrs
25/09/2025 21:00:54,buy,0.10,GBPJPY,199.76700,26/09/2025 00:35:32,199.73400,0.00,0.63,-3.30,-1.57,8.88,13.30,-9.08,-13.60,20250105,MKDLOWVBUY,3.58,3.58hrs
25/09/2025 21:00:45,sell,0.10,EURAUD,1.78434,26/09/2025 00:33:17,1.78388,0.00,0.15,4.60,3.16,9.34,14.30,-11.67,-18.10,20250105,MKDLOWVSELL,3.54,3.54hrs
25/09/2025 21:06:38,buy,0.10,AUDCAD,0.91058,25/09/2025 23:38:02,0.91109,0.00,0.00,5.10,3.66,6.81,9.50,-3.58,-5.00,20250105,MKDLOWVBUY,2.52,2.52hrs
25/09/2025 18:33:02,sell,0.10,NZDJPY,86.44500,25/09/2025 21:05:36,86.30900,0.00,0.00,13.60,9.08,10.42,15.60,-7.61,-11.40,20250105,MKDLOWVSELL,2.54,2.54hrs
25/09/2025 14:44:44,sell,0.10,EURAUD,1.78247,25/09/2025 19:07:23,1.78294,0.00,0.00,-4.70,-3.08,8.21,12.50,-22.53,-34.40,20250105,MKDLOWVSELL,4.38,4.38hrs
25/09/2025 15:02:37,sell,0.20,EURAUD,1.78369,25/09/2025 19:07:22,1.78294,0.00,0.00,7.50,9.83,32.44,24.70,-29.08,-22.20,20250105,MKDLOWVSELL,4.08,4.08hrs
25/09/2025 15:51:43,buy,0.10,GBPJPY,199.79500,25/09/2025 17:12:45,199.91600,0.00,0.00,12.10,8.09,8.97,13.40,-10.86,-16.20,20250105,MKDLOWVBUY,1.35,1.35hrs
22/09/2025 09:01:05,sell,0.20,GBPCAD,1.85878,25/09/2025 15:32:41,1.86213,0.00,-9.77,-33.50,-57.95,4.93,3.40,-203.73,-135.60,20250105,MKDLOWVSELL,78.53,3.27days
22/09/2025 08:32:37,sell,0.10,GBPCAD,1.85773,25/09/2025 15:32:40,1.86213,0.00,-4.88,-44.00,-36.53,0.00,0.00,-109.45,-146.10,20250105,MKDLOWVSELL,79.00,3.29days
22/09/2025 10:53:06,sell,0.40,GBPCAD,1.86080,25/09/2025 15:32:00,1.86249,0.00,-19.52,-16.90,-68.14,0.00,0.00,-349.03,-115.40,20250105,MKDLOWVSELL,76.65,3.19days
22/09/2025 11:32:42,sell,0.80,GBPCAD,1.86331,25/09/2025 15:31:59,1.86254,0.00,-39.05,7.70,5.25,27.24,9.60,-552.91,-90.30,20250105,MKDLOWVSELL,75.99,3.17days
22/09/2025 19:21:00,sell,1.60,GBPCAD,1.86753,25/09/2025 15:31:58,1.86246,0.00,-78.10,50.70,505.33,518.15,51.80,-617.69,-48.10,20250105,MKDLOWVSELL,68.18,2.84days
25/09/2025 13:34:47,sell,0.10,EURUSD,1.17488,25/09/2025 14:39:36,1.17381,0.00,0.00,10.70,10.70,10.90,10.90,-5.80,-5.80,20250105,MKDLOWVSELL,1.08,1.08hrs
25/09/2025 09:35:36,sell,0.10,NZDJPY,86.62000,25/09/2025 14:39:33,86.54700,0.00,0.00,7.30,4.90,7.00,10.40,-7.19,-10.70,20250105,MKDLOWVSELL,5.07,5.07hrs
25/09/2025 11:30:35,sell,0.10,NZDCHF,0.46371,25/09/2025 14:39:17,0.46286,0.00,0.00,8.50,10.68,13.45,10.70,-4.02,-3.20,20250105,MKDLOWVSELL,3.15,3.15hrs
25/09/2025 11:20:24,buy,0.10,GBPJPY,199.98100,25/09/2025 12:00:16,200.10800,0.00,0.00,12.70,8.54,9.95,14.80,-2.89,-4.30,20250105,MKDLOWVBUY,0.66,0.66hrs
25/09/2025 10:54:02,sell,0.10,GBPAUD,2.04043,25/09/2025 11:18:00,2.03904,0.00,0.00,13.90,9.17,11.14,16.90,-3.03,-4.60,20250105,MKDLOWVSELL,0.40,0.40hrs
25/09/2025 10:30:28,sell,0.10,GBPAUD,2.04215,25/09/2025 10:53:36,2.04087,0.00,0.00,12.80,8.43,9.75,14.80,-2.11,-3.20,20250105,MKDLOWVSELL,0.39,0.39hrs
24/09/2025 23:00:27,buy,0.10,GBPCAD,1.86985,25/09/2025 09:51:09,1.87026,0.00,0.08,4.10,3.03,5.04,6.90,-21.30,-29.70,20250105,MKDLOWVBUY,10.85,10.85hrs
25/09/2025 05:03:51,buy,0.10,USDCAD,1.38918,25/09/2025 08:39:53,1.38935,0.00,0.00,1.70,1.22,2.66,3.70,-5.26,-7.30,20250105,MKDLOWVBUY,3.60,3.60hrs
24/09/2025 10:00:35,buy,0.10,AUDUSD,0.66161,25/09/2025 05:59:39,0.65964,0.00,-0.68,-19.70,-20.38,6.20,6.20,-42.10,-42.10,20250105,MKDLOWVBUY,19.98,19.98hrs
24/09/2025 14:12:32,buy,0.20,AUDUSD,0.66043,25/09/2025 05:59:37,0.65959,0.00,-1.36,-8.40,-18.16,14.20,7.10,-60.60,-30.30,20250105,MKDLOWVBUY,15.78,15.78hrs
24/09/2025 19:13:18,buy,0.40,AUDUSD,0.65829,25/09/2025 05:59:36,0.65959,0.00,-2.71,13.00,49.29,59.29,15.50,-35.60,-8.90,20250105,MKDLOWVBUY,10.77,10.77hrs
25/09/2025 00:15:05,sell,0.10,NZDUSD,0.58117,25/09/2025 04:50:37,0.58099,0.00,0.00,1.80,1.80,3.40,3.40,-8.60,-8.60,20250105,MKDLOWVSELL,4.59,4.59hrs
24/09/2025 23:04:46,sell,0.10,NZDJPY,86.47300,25/09/2025 03:54:50,86.43600,0.00,-1.97,3.70,0.52,3.55,8.20,-33.88,-47.50,20250105,MKDLOWVSELL,4.83,4.83hrs
24/09/2025 16:31:19,buy,0.10,AUDJPY,97.99500,24/09/2025 22:52:56,97.97100,0.00,0.00,-2.40,-1.61,4.30,6.40,-12.91,-19.20,20250105,MKDLOWVBUY,6.36,6.36hrs
24/09/2025 19:12:56,buy,0.20,AUDJPY,97.89500,24/09/2025 22:52:50,97.96700,0.00,0.00,7.20,9.68,13.84,10.30,-12.37,-9.20,20250105,MKDLOWVBUY,3.67,3.67hrs
24/09/2025 20:58:42,sell,0.10,NZDCAD,0.80794,24/09/2025 22:37:10,0.80794,0.00,0.00,0.00,0.00,1.73,2.40,-2.30,-3.20,20250105,MKDLOWVSELL,1.64,1.64hrs
24/09/2025 16:34:07,buy,0.10,GBPJPY,199.76300,24/09/2025 17:40:04,199.87900,0.00,0.00,11.60,7.80,9.01,13.40,-4.03,-6.00,20250105,MKDLOWVBUY,1.10,1.10hrs
24/09/2025 14:59:10,buy,0.20,GBPCAD,1.86710,24/09/2025 17:28:23,1.86712,0.00,0.00,0.20,0.29,13.41,9.30,-50.45,-35.00,20250105,MKDLOWVBUY,2.49,2.49hrs
24/09/2025 14:42:49,buy,0.10,GBPCAD,1.86810,24/09/2025 17:28:23,1.86712,0.00,0.00,-9.80,-7.05,0.00,0.00,-32.43,-45.00,20250105,MKDLOWVBUY,2.76,2.76hrs
24/09/2025 15:55:31,buy,0.40,GBPCAD,1.86507,24/09/2025 17:28:21,1.86709,0.00,0.00,20.20,58.16,63.92,22.20,-42.38,-14.70,20250105,MKDLOWVBUY,1.55,1.55hrs
24/09/2025 08:03:11,sell,0.10,NZDJPY,86.65800,24/09/2025 16:36:03,86.56600,0.00,0.00,9.20,6.19,8.47,12.60,-6.08,-9.00,20250105,MKDLOWVSELL,8.55,8.55hrs
24/09/2025 05:01:41,buy,0.10,GBPCAD,1.87043,24/09/2025 13:14:03,1.86896,0.00,0.00,-14.70,-10.59,1.30,1.80,-22.16,-30.70,20250105,MKDLOWVBUY,8.21,8.21hrs
24/09/2025 10:49:23,buy,0.20,GBPCAD,1.86820,24/09/2025 13:14:02,1.86894,0.00,0.00,7.40,10.66,23.07,16.00,-12.13,-8.40,20250105,MKDLOWVBUY,2.41,2.41hrs
24/09/2025 11:00:24,buy,0.10,GBPJPY,199.60500,24/09/2025 11:37:02,199.78500,0.00,0.00,18.00,12.14,13.22,19.60,-3.99,-5.90,20250105,MKDLOWVBUY,0.61,0.61hrs
23/09/2025 22:00:10,buy,0.10,AUDNZD,1.12653,24/09/2025 04:30:13,1.12666,0.00,-0.09,1.30,0.67,2.72,4.80,-10.15,-17.20,20250105,MKDLOWVBUY,6.50,6.50hrs
23/09/2025 17:00:05,buy,0.10,AUDJPY,97.56000,24/09/2025 03:53:14,97.45800,0.00,0.38,-10.20,-6.52,4.13,6.10,-21.77,-32.10,20250105,MKDLOWVBUY,10.89,10.89hrs
23/09/2025 20:40:03,buy,0.20,AUDJPY,97.42000,24/09/2025 03:53:13,97.45800,0.00,0.75,3.80,5.89,9.68,6.60,-24.55,-18.10,20250105,MKDLOWVBUY,7.22,7.22hrs
24/09/2025 00:36:09,buy,0.10,GBPCAD,1.87084,24/09/2025 02:39:52,1.87115,0.00,0.00,3.10,2.25,5.64,7.80,-9.69,-13.40,20250105,MKDLOWVBUY,2.06,2.06hrs
23/09/2025 19:10:58,buy,0.10,GBPCHF,1.07072,24/09/2025 02:20:10,1.07008,0.00,1.06,-6.40,-7.03,1.77,1.40,-31.46,-25.70,20250105,MKDLOWVBUY,7.15,7.15hrs
23/09/2025 21:20:55,buy,0.20,GBPCHF,1.06962,24/09/2025 02:20:08,1.07010,0.00,2.12,4.80,14.25,25.12,9.10,-35.09,-14.70,20250105,MKDLOWVBUY,4.99,4.99hrs
23/09/2025 13:11:23,sell,0.10,NZDJPY,86.59600,23/09/2025 16:38:32,86.57800,0.00,0.00,1.80,1.21,2.57,3.80,-7.51,-11.10,20250105,MKDLOWVSELL,3.45,3.45hrs
23/09/2025 13:05:16,buy,0.10,GBPCAD,1.86779,23/09/2025 14:06:39,1.86907,0.00,0.00,12.80,9.26,10.99,15.20,-9.47,-13.10,20250105,MKDLOWVBUY,1.02,1.02hrs
23/09/2025 12:04:19,buy,0.10,GBPCHF,1.06927,23/09/2025 13:18:42,1.07042,0.00,0.00,11.50,14.52,17.67,14.00,-5.56,-4.40,20250105,MKDLOWVBUY,1.24,1.24hrs
22/09/2025 09:00:15,sell,0.10,EURAUD,1.78023,23/09/2025 13:03:22,1.78655,0.00,0.15,-63.20,-41.60,0.15,0.00,-85.74,-130.50,20250105,MKDLOWVSELL,28.05,1.17days
22/09/2025 09:08:11,sell,0.20,EURAUD,1.78151,23/09/2025 13:03:21,1.78655,0.00,0.30,-50.40,-66.29,8.57,6.50,-154.64,-117.70,20250105,MKDLOWVSELL,27.92,1.16days
22/09/2025 15:04:45,sell,0.80,EURAUD,1.78614,23/09/2025 13:03:20,1.78654,0.00,1.20,-4.00,-19.94,27.97,5.30,-374.76,-71.40,20250105,MKDLOWVSELL,21.98,21.98hrs
22/09/2025 10:10:41,sell,0.40,EURAUD,1.78364,23/09/2025 13:03:20,1.78657,0.00,0.60,-29.30,-76.83,7.39,2.80,-253.20,-96.40,20250105,MKDLOWVSELL,26.88,1.12days
23/09/2025 03:40:28,sell,1.60,EURAUD,1.78976,23/09/2025 13:03:18,1.78652,0.00,0.00,32.40,342.49,363.51,34.40,-370.69,-35.20,20250105,MKDLOWVSELL,9.38,9.38hrs
22/09/2025 21:01:51,sell,0.10,EURJPY,174.20400,23/09/2025 10:01:36,174.20700,0.00,0.00,-0.30,-0.20,2.71,4.00,-23.20,-34.30,20250105,MKDLOWVSELL,13.00,13.00hrs
22/09/2025 22:57:15,sell,0.20,EURJPY,174.29800,23/09/2025 10:01:35,174.20700,0.00,0.00,9.10,12.32,18.15,13.40,-33.69,-24.90,20250105,MKDLOWVSELL,11.07,11.07hrs
22/09/2025 23:01:31,buy,0.10,GBPCHF,1.07137,23/09/2025 09:13:29,1.07061,0.00,1.06,-7.60,-8.53,1.06,0.00,-25.08,-20.70,20250105,MKDLOWVBUY,10.20,10.20hrs
23/09/2025 05:00:42,buy,0.20,GBPCHF,1.07018,23/09/2025 09:13:28,1.07061,0.00,0.00,4.30,10.85,17.15,6.80,-11.87,-4.70,20250105,MKDLOWVBUY,4.21,4.21hrs
23/09/2025 00:37:01,buy,0.10,USDCAD,1.38219,23/09/2025 03:50:21,1.38291,0.00,0.00,7.20,5.21,7.01,9.70,-4.27,-5.90,20250105,MKDLOWVBUY,3.22,3.22hrs
23/09/2025 00:32:32,buy,0.10,AUDJPY,97.48800,23/09/2025 02:51:42,97.50700,0.00,0.00,1.90,1.28,2.77,4.10,-6.36,-9.40,20250105,MKDLOWVBUY,2.32,2.32hrs
18/09/2025 15:01:35,buy,0.10,GBPCAD,1.87629,22/09/2025 23:25:34,1.86861,0.00,0.06,-76.80,-55.47,7.69,10.60,-156.03,-214.90,20250105,MKDLOWVBUY,104.40,4.35days
18/09/2025 16:31:15,buy,0.40,GBPCAD,1.87270,22/09/2025 23:25:33,1.86861,0.00,0.22,-40.90,-118.08,0.58,0.20,-519.83,-179.00,20250105,MKDLOWVBUY,102.91,4.29days
18/09/2025 15:39:14,buy,0.20,GBPCAD,1.87523,22/09/2025 23:25:33,1.86861,0.00,0.12,-66.20,-95.62,0.58,0.40,-296.66,-204.30,20250105,MKDLOWVBUY,103.77,4.32days
18/09/2025 16:46:27,buy,0.80,GBPCAD,1.87007,22/09/2025 23:25:32,1.86861,0.00,0.44,-14.60,-84.03,97.98,16.90,-886.88,-152.70,20250105,MKDLOWVBUY,102.65,4.28days
19/09/2025 09:30:16,buy,1.60,GBPCAD,1.86517,22/09/2025 23:25:31,1.86861,0.00,0.44,34.40,398.44,481.68,41.60,-1204.88,-103.70,20250105,MKDLOWVBUY,85.92,3.58days
22/09/2025 16:51:27,buy,0.10,AUDJPY,97.37300,22/09/2025 21:32:16,97.46800,0.00,0.00,9.50,6.43,8.06,11.90,-4.80,-7.10,20250105,MKDLOWVBUY,4.68,4.68hrs
22/09/2025 09:00:12,buy,0.10,AUDJPY,97.75500,22/09/2025 13:21:44,97.54300,0.00,0.00,-21.20,-14.34,0.00,0.00,-27.42,-40.60,20250105,MKDLOWVBUY,4.36,4.36hrs
22/09/2025 09:14:28,buy,0.20,AUDJPY,97.65000,22/09/2025 13:21:43,97.54300,0.00,0.00,-10.70,-14.47,0.13,0.10,-40.66,-30.10,20250105,MKDLOWVBUY,4.12,4.12hrs
22/09/2025 10:20:03,buy,0.40,AUDJPY,97.40000,22/09/2025 13:21:42,97.54300,0.00,0.00,14.30,38.69,48.41,17.90,-11.09,-4.10,20250105,MKDLOWVBUY,3.03,3.03hrs
22/09/2025 01:31:05,sell,0.10,NZDCHF,0.46565,22/09/2025 09:30:30,0.46619,0.00,0.00,-5.40,-6.79,0.00,0.00,-20.20,-16.10,20250105,MKDLOWVSELL,7.99,7.99hrs
22/09/2025 06:01:17,sell,0.20,NZDCHF,0.46667,22/09/2025 09:30:29,0.46620,0.00,0.00,4.70,11.81,17.59,7.00,-14.81,-5.90,20250105,MKDLOWVSELL,3.49,3.49hrs
22/09/2025 05:00:17,sell,0.10,GBPCAD,1.85737,22/09/2025 07:31:31,1.85673,0.00,0.00,6.40,4.63,8.05,11.10,-4.93,-6.80,20250105,MKDLOWVSELL,2.52,2.52hrs
22/09/2025 04:00:20,sell,0.10,EURAUD,1.78211,22/09/2025 05:21:03,1.78064,0.00,0.00,14.70,9.68,11.13,16.90,-7.04,-10.70,20250105,MKDLOWVSELL,1.35,1.35hrs
19/09/2025 19:05:54,buy,0.10,USDCAD,1.37734,19/09/2025 23:00:01,1.37858,0.00,0.00,12.40,8.99,10.37,14.30,-3.63,-5.00,20250105,MKDLOWVBUY,3.90,3.90hrs
19/09/2025 15:30:27,buy,0.10,AUDJPY,97.60900,19/09/2025 22:08:45,97.60400,0.00,0.00,-0.50,-0.34,3.71,5.50,-11.84,-17.50,20250105,MKDLOWVBUY,6.64,6.64hrs
19/09/2025 16:46:11,buy,0.20,AUDJPY,97.46400,19/09/2025 22:08:44,97.60400,0.00,0.00,14.00,18.92,22.03,16.30,-2.57,-1.90,20250105,MKDLOWVBUY,5.38,5.38hrs
19/09/2025 17:52:31,sell,0.10,GBPAUD,2.04497,19/09/2025 17:57:55,2.04354,0.00,0.00,14.30,9.44,9.76,14.80,-4.35,-6.60,20250105,MKDLOWVSELL,0.09,0.09hrs
19/09/2025 11:09:36,sell,0.10,EURJPY,173.92700,19/09/2025 15:10:17,173.79500,0.00,0.00,13.20,8.91,9.39,13.90,-9.80,-14.50,20250105,MKDLOWVSELL,4.01,4.01hrs
19/09/2025 10:45:27,sell,0.10,EURJPY,173.99800,19/09/2025 11:08:02,173.97100,0.00,0.00,2.70,1.83,3.11,4.60,-12.10,-17.90,20250105,MKDLOWVSELL,0.38,0.38hrs
19/09/2025 10:59:31,sell,0.20,EURJPY,174.11700,19/09/2025 11:08:01,173.97400,0.00,0.00,14.30,19.33,22.31,16.50,-4.87,-3.60,20250105,MKDLOWVSELL,0.14,0.14hrs
18/09/2025 16:42:56,buy,0.20,AUDCAD,0.91266,19/09/2025 10:38:08,0.91248,0.00,-0.07,-1.80,-2.67,19.28,13.30,-36.99,-25.50,20250105,MKDLOWVBUY,17.92,17.92hrs
18/09/2025 16:27:37,buy,0.10,AUDCAD,0.91394,19/09/2025 10:38:08,0.91248,0.00,-0.03,-14.60,-10.61,0.36,0.50,-27.75,-38.30,20250105,MKDLOWVBUY,18.18,18.18hrs
19/09/2025 09:02:21,buy,0.40,AUDCAD,0.91057,19/09/2025 10:38:06,0.91246,0.00,0.00,18.90,54.77,59.69,20.60,-13.32,-4.60,20250105,MKDLOWVBUY,1.60,1.60hrs
17/09/2025 21:28:39,sell,0.10,EURJPY,173.50000,19/09/2025 06:47:47,174.02700,0.00,-5.51,-52.70,-41.22,3.36,4.90,-76.62,-105.20,20250105,MKDLOWVSELL,33.32,1.39days
18/09/2025 09:15:20,sell,0.40,EURJPY,173.80600,19/09/2025 06:47:46,174.01300,0.00,-8.78,-20.70,-64.89,5.16,1.90,-210.50,-74.60,20250105,MKDLOWVSELL,21.54,21.54hrs
17/09/2025 21:37:25,sell,0.20,EURJPY,173.60800,19/09/2025 06:47:46,174.01700,0.00,-11.04,-40.90,-66.46,14.59,10.70,-138.67,-94.40,20250105,MKDLOWVSELL,33.17,1.38days
18/09/2025 10:58:11,sell,0.80,EURJPY,174.06000,19/09/2025 06:47:45,173.98000,0.00,-17.55,8.00,25.83,33.44,9.40,-283.62,-49.20,20250105,MKDLOWVSELL,19.83,19.83hrs
18/09/2025 11:55:20,sell,1.60,EURJPY,174.41700,19/09/2025 06:47:44,173.99700,0.00,-35.11,42.00,420.30,420.52,42.00,-181.12,-13.50,20250105,MKDLOWVSELL,18.87,18.87hrs
18/09/2025 14:13:59,buy,0.10,EURCAD,1.62929,18/09/2025 18:02:57,1.62538,0.00,0.00,-39.10,-28.33,2.90,4.00,-52.40,-72.30,20250105,MKDLOWVBUY,3.82,3.82hrs
18/09/2025 15:30:13,buy,0.20,EURCAD,1.62774,18/09/2025 18:02:56,1.62536,0.00,0.00,-23.80,-34.49,2.03,1.40,-82.34,-56.80,20250105,MKDLOWVBUY,2.55,2.55hrs
18/09/2025 16:27:11,buy,0.40,EURCAD,1.62537,18/09/2025 18:02:55,1.62534,0.00,0.00,-0.30,-0.87,2.90,1.00,-95.96,-33.10,20250105,MKDLOWVBUY,1.60,1.60hrs
18/09/2025 16:40:13,buy,0.80,EURCAD,1.62268,18/09/2025 18:02:54,1.62529,0.00,0.00,26.10,151.30,161.72,27.90,-33.04,-5.70,20250105,MKDLOWVBUY,1.38,1.38hrs
18/09/2025 14:31:04,sell,0.10,NZDCAD,0.81360,18/09/2025 15:55:39,0.81239,0.00,0.00,12.10,8.77,9.58,13.20,-1.67,-2.30,20250105,MKDLOWVSELL,1.41,1.41hrs
18/09/2025 12:45:28,buy,0.10,USDCHF,0.78747,18/09/2025 14:13:10,0.78856,0.00,0.00,10.90,13.82,15.98,12.60,-3.56,-2.80,20250105,MKDLOWVBUY,1.46,1.46hrs
18/09/2025 12:00:38,sell,0.10,GBPAUD,2.05456,18/09/2025 12:23:10,2.05312,0.00,0.00,14.40,9.57,9.70,14.60,-3.05,-4.60,20250105,MKDLOWVSELL,0.38,0.38hrs
16/09/2025 05:00:32,buy,0.10,GBPCHF,1.08077,18/09/2025 11:55:41,1.07669,0.00,4.26,-40.80,-47.45,4.26,2.70,-116.94,-94.40,20250105,MKDLOWVBUY,54.92,2.29days
16/09/2025 16:40:53,buy,0.40,GBPCHF,1.07731,18/09/2025 11:55:40,1.07670,0.00,17.03,-6.10,-13.90,18.76,3.70,-291.65,-59.80,20250105,MKDLOWVBUY,43.25,1.80days
16/09/2025 10:52:54,buy,0.20,GBPCHF,1.07969,18/09/2025 11:55:40,1.07671,0.00,8.52,-29.80,-67.01,11.86,4.70,-206.40,-83.60,20250105,MKDLOWVBUY,49.05,2.04days
16/09/2025 19:42:59,buy,0.80,GBPCHF,1.07456,18/09/2025 11:55:38,1.07670,0.00,34.07,21.40,251.03,267.23,23.00,-303.31,-32.30,20250105,MKDLOWVBUY,40.21,1.68days
18/09/2025 11:12:45,buy,0.10,USDJPY,147.28300,18/09/2025 11:30:38,147.40800,0.00,0.00,12.50,8.48,9.63,14.20,-3.06,-4.50,20250105,MKDLOWVBUY,0.30,0.30hrs
18/09/2025 11:00:49,buy,0.10,USDJPY,147.13900,18/09/2025 11:12:15,147.24800,0.00,0.00,10.90,7.40,8.76,12.90,-1.43,-2.10,20250105,MKDLOWVBUY,0.19,0.19hrs
18/09/2025 00:47:16,buy,0.10,AUDCAD,0.91669,18/09/2025 10:46:42,0.91530,0.00,0.00,-13.90,-10.09,0.00,0.00,-29.14,-40.20,20250105,MKDLOWVBUY,9.99,9.99hrs
18/09/2025 03:30:14,buy,0.20,AUDCAD,0.91545,18/09/2025 10:46:41,0.91526,0.00,0.00,-1.90,-2.76,8.86,6.10,-40.31,-27.80,20250105,MKDLOWVBUY,7.27,7.27hrs
18/09/2025 09:08:41,buy,0.40,AUDCAD,0.91322,18/09/2025 10:46:40,0.91530,0.00,0.00,20.80,60.40,65.62,22.60,-15.95,-5.50,20250105,MKDLOWVBUY,1.63,1.63hrs
18/09/2025 08:00:14,buy,0.10,GBPCAD,1.87579,18/09/2025 09:46:21,1.87601,0.00,0.00,2.20,1.59,4.06,5.60,-12.91,-17.80,20250105,MKDLOWVBUY,1.77,1.77hrs
18/09/2025 08:58:02,buy,0.20,GBPCAD,1.87475,18/09/2025 09:46:20,1.87608,0.00,0.00,13.30,19.29,22.04,15.20,-10.73,-7.40,20250105,MKDLOWVBUY,0.81,0.81hrs
18/09/2025 06:15:35,buy,0.10,AUDNZD,1.12113,18/09/2025 09:31:40,1.12131,0.00,0.00,1.80,1.06,4.43,7.50,-4.56,-7.70,20250105,MKDLOWVBUY,3.27,3.27hrs
18/09/2025 04:58:13,buy,0.10,GBPCAD,1.87639,18/09/2025 06:08:17,1.87665,0.00,0.00,2.60,1.89,4.57,6.30,-2.25,-3.10,20250105,MKDLOWVBUY,1.17,1.17hrs
18/09/2025 04:01:56,buy,0.10,USDCAD,1.37682,18/09/2025 04:37:17,1.37801,0.00,0.00,11.90,8.64,10.01,13.80,-1.23,-1.70,20250105,MKDLOWVBUY,0.59,0.59hrs
17/09/2025 21:00:10,buy,0.10,AUDNZD,1.11639,17/09/2025 22:00:53,1.11658,0.00,0.00,1.90,1.13,2.74,4.60,-4.95,-8.30,20250105,MKDLOWVBUY,1.01,1.01hrs
17/09/2025 17:03:13,sell,0.10,GBPAUD,2.04548,17/09/2025 21:03:42,2.04644,0.00,0.00,-9.60,-6.43,7.20,10.80,-38.17,-57.30,20250105,MKDLOWVSELL,4.01,4.01hrs
17/09/2025 17:46:46,sell,0.20,GBPAUD,2.04663,17/09/2025 21:03:41,2.04646,0.00,0.00,1.70,2.28,29.73,22.30,-61.02,-45.80,20250105,MKDLOWVSELL,3.28,3.28hrs
17/09/2025 18:19:41,sell,0.40,GBPAUD,2.04869,17/09/2025 21:03:40,2.04652,0.00,0.00,21.70,58.14,114.38,42.90,-67.15,-25.20,20250105,MKDLOWVSELL,2.73,2.73hrs
17/09/2025 20:08:37,sell,0.10,EURJPY,173.40600,17/09/2025 21:01:01,173.23600,0.00,0.00,17.00,11.65,14.88,21.70,-5.68,-8.30,20250105,MKDLOWVSELL,0.87,0.87hrs
15/09/2025 18:00:28,buy,0.10,USDCAD,1.38112,17/09/2025 16:46:05,1.37645,0.00,0.60,-46.70,-33.33,0.87,1.20,-56.71,-78.70,20250105,MKDLOWVBUY,46.76,1.95days
15/09/2025 18:58:24,buy,0.20,USDCAD,1.37977,17/09/2025 16:46:04,1.37646,0.00,1.20,-33.10,-46.89,9.13,6.30,-93.76,-65.20,20250105,MKDLOWVBUY,45.79,1.91days
15/09/2025 21:37:13,buy,0.40,USDCAD,1.37741,17/09/2025 16:46:03,1.37646,0.00,2.41,-9.50,-25.20,18.89,6.30,-118.76,-41.60,20250105,MKDLOWVBUY,43.15,1.80days
16/09/2025 15:09:36,buy,0.80,USDCAD,1.37486,17/09/2025 16:46:02,1.37638,0.00,2.41,15.20,90.76,114.55,19.30,-91.38,-16.10,20250105,MKDLOWVBUY,25.61,1.07days
17/09/2025 15:01:06,buy,0.10,GBPNZD,2.28216,17/09/2025 16:40:41,2.28247,0.00,0.00,3.10,1.86,3.53,5.90,-12.81,-21.40,20250105,MKDLOWVBUY,1.66,1.66hrs
17/09/2025 15:42:39,buy,0.20,GBPNZD,2.28071,17/09/2025 16:40:40,2.28244,0.00,0.00,17.30,20.69,24.41,20.40,-6.34,-5.30,20250105,MKDLOWVBUY,0.97,0.97hrs
16/09/2025 17:31:04,buy,0.10,GBPJPY,200.30200,17/09/2025 15:31:45,199.88000,0.00,0.65,-42.20,-28.16,0.89,1.30,-55.70,-82.40,20250105,MKDLOWVBUY,22.01,22.01hrs
16/09/2025 17:51:15,buy,0.20,GBPJPY,200.18900,17/09/2025 15:31:44,199.87900,0.00,1.31,-31.00,-41.02,3.00,2.20,-95.94,-71.10,20250105,MKDLOWVBUY,21.67,21.67hrs
16/09/2025 20:01:29,buy,0.40,GBPJPY,199.92400,17/09/2025 15:31:43,199.87900,0.00,2.61,-4.50,-9.69,28.00,9.30,-119.39,-44.60,20250105,MKDLOWVBUY,19.50,19.50hrs
17/09/2025 13:07:35,buy,0.80,GBPJPY,199.61500,17/09/2025 15:31:42,199.87500,0.00,0.00,26.00,142.03,151.33,27.70,-74.95,-13.70,20250105,MKDLOWVBUY,2.40,2.40hrs
16/09/2025 11:31:29,sell,0.10,CHFJPY,185.50600,17/09/2025 13:04:13,185.88100,0.00,-0.23,-37.50,-25.88,1.02,1.50,-74.93,-109.40,20250105,MKDLOWVSELL,25.55,1.06days
16/09/2025 12:40:08,sell,0.20,CHFJPY,185.66700,17/09/2025 13:04:12,185.88400,0.00,-0.46,-21.70,-30.13,0.00,0.00,-127.88,-93.30,20250105,MKDLOWVSELL,24.40,1.02days
16/09/2025 14:46:11,sell,0.40,CHFJPY,185.88400,17/09/2025 13:04:11,185.88700,0.00,-0.91,-0.30,-1.73,44.34,16.30,-196.48,-71.60,20250105,MKDLOWVSELL,22.30,22.30hrs
16/09/2025 19:46:45,sell,0.80,CHFJPY,186.14700,17/09/2025 13:04:10,185.88400,0.00,-1.82,26.30,142.06,151.96,28.10,-249.29,-45.30,20250105,MKDLOWVSELL,17.29,17.29hrs
17/09/2025 04:30:36,sell,0.10,CADJPY,106.58900,17/09/2025 07:35:14,106.54700,0.00,0.00,4.20,2.86,5.46,8.00,-3.41,-5.00,20250105,MKDLOWVSELL,3.08,3.08hrs
16/09/2025 19:42:01,buy,0.10,GBPNZD,2.28215,17/09/2025 04:30:17,2.28134,0.00,-0.09,-8.10,-4.93,0.42,0.70,-40.08,-66.90,20250105,MKDLOWVBUY,8.80,8.80hrs
16/09/2025 20:45:29,buy,0.20,GBPNZD,2.28094,17/09/2025 04:30:16,2.28136,0.00,-0.18,4.20,4.84,12.38,10.50,-65.69,-54.80,20250105,MKDLOWVBUY,7.75,7.75hrs
16/09/2025 21:01:16,sell,0.10,NZDJPY,87.63900,17/09/2025 04:21:58,87.61000,0.00,-0.67,2.90,1.31,3.50,6.10,-17.00,-23.90,20250105,MKDLOWVSELL,7.34,7.34hrs
17/09/2025 00:26:02,sell,0.10,CADJPY,106.50200,17/09/2025 03:11:20,106.49200,0.00,0.00,1.00,0.69,2.32,3.40,-14.14,-20.70,20250105,MKDLOWVSELL,2.75,2.75hrs
16/09/2025 19:35:53,buy,0.10,GBPCAD,1.87654,16/09/2025 21:31:11,1.87711,0.00,0.00,5.70,4.15,8.15,11.20,-4.95,-6.80,20250105,MKDLOWVBUY,1.92,1.92hrs
15/09/2025 22:59:45,buy,0.20,AUDCAD,0.91876,16/09/2025 20:17:58,0.91841,0.00,-0.07,-3.50,-5.17,8.06,5.60,-40.81,-28.00,20250105,MKDLOWVBUY,21.30,21.30hrs
15/09/2025 20:58:48,buy,0.10,AUDCAD,0.91981,16/09/2025 20:17:58,0.91840,0.00,-0.03,-14.10,-10.29,0.00,0.00,-28.04,-38.50,20250105,MKDLOWVBUY,23.32,23.32hrs
16/09/2025 17:03:03,buy,0.40,AUDCAD,0.91644,16/09/2025 20:17:57,0.91841,0.00,0.00,19.70,57.36,62.31,21.40,-5.24,-1.80,20250105,MKDLOWVBUY,3.25,3.25hrs
16/09/2025 03:31:57,sell,0.10,GBPAUD,2.03955,16/09/2025 19:39:02,2.04352,0.00,0.00,-39.70,-26.54,3.73,5.60,-65.27,-97.90,20250105,MKDLOWVSELL,16.12,16.12hrs
16/09/2025 05:21:07,sell,0.20,GBPAUD,2.04115,16/09/2025 19:39:01,2.04350,0.00,0.00,-23.50,-31.42,0.00,0.00,-109.21,-81.90,20250105,MKDLOWVSELL,14.30,14.30hrs
16/09/2025 07:56:25,sell,0.40,GBPAUD,2.04364,16/09/2025 19:39:00,2.04350,0.00,0.00,1.40,3.74,22.66,8.50,-152.02,-57.00,20250105,MKDLOWVSELL,11.71,11.71hrs
16/09/2025 16:44:53,sell,0.80,GBPAUD,2.04654,16/09/2025 19:38:59,2.04352,0.00,0.00,30.20,161.51,171.60,32.10,-149.35,-28.00,20250105,MKDLOWVSELL,2.90,2.90hrs
16/09/2025 16:57:34,buy,0.10,AUDNZD,1.11596,16/09/2025 19:25:21,1.11646,0.00,0.00,5.00,2.99,4.61,7.70,-2.99,-5.00,20250105,MKDLOWVBUY,2.46,2.46hrs
16/09/2025 16:01:32,sell,0.10,NZDJPY,87.85700,16/09/2025 16:53:06,87.72500,0.00,0.00,13.20,8.99,9.95,14.60,-2.18,-3.20,20250105,MKDLOWVSELL,0.86,0.86hrs
16/09/2025 14:15:55,buy,0.10,GBPCAD,1.87597,16/09/2025 15:54:59,1.87639,0.00,0.00,4.20,3.05,5.23,7.20,-19.28,-26.50,20250105,MKDLOWVBUY,1.65,1.65hrs
16/09/2025 15:30:10,buy,0.20,GBPCAD,1.87506,16/09/2025 15:54:58,1.87647,0.00,0.00,14.10,20.50,23.70,16.30,-14.84,-10.20,20250105,MKDLOWVBUY,0.41,0.41hrs
16/09/2025 10:05:02,sell,0.10,EURCAD,1.62291,16/09/2025 14:15:05,1.62420,0.00,0.00,-12.90,-9.37,1.16,1.60,-28.76,-39.60,20250105,MKDLOWVSELL,4.17,4.17hrs
16/09/2025 10:52:03,sell,0.20,EURCAD,1.62402,16/09/2025 14:15:04,1.62420,0.00,0.00,-1.80,-2.62,3.92,2.70,-41.40,-28.50,20250105,MKDLOWVSELL,3.38,3.38hrs
16/09/2025 12:38:19,sell,0.40,EURCAD,1.62613,16/09/2025 14:15:03,1.62420,0.00,0.00,19.30,56.09,58.72,20.20,-21.50,-7.40,20250105,MKDLOWVSELL,1.61,1.61hrs
16/09/2025 09:00:03,buy,0.10,AUDNZD,1.11674,16/09/2025 12:11:00,1.11638,0.00,0.00,-3.60,-2.15,0.00,0.00,-8.49,-14.20,20250105,MKDLOWVBUY,3.18,3.18hrs
16/09/2025 10:22:06,buy,0.20,AUDNZD,1.11570,16/09/2025 12:10:59,1.11636,0.00,0.00,6.60,7.88,11.69,9.80,-4.54,-3.80,20250105,MKDLOWVBUY,1.81,1.81hrs
16/09/2025 05:31:26,buy,0.10,USDJPY,147.21400,16/09/2025 11:34:39,147.05600,0.00,0.00,-15.80,-10.74,1.29,1.90,-36.20,-53.10,20250105,MKDLOWVBUY,6.05,6.05hrs
16/09/2025 06:33:34,buy,0.20,USDJPY,147.08100,16/09/2025 11:34:38,147.05600,0.00,0.00,-2.50,-3.40,5.85,4.30,-54.27,-39.80,20250105,MKDLOWVBUY,5.02,5.02hrs
16/09/2025 09:23:08,buy,0.40,USDJPY,146.87000,16/09/2025 11:34:37,147.05600,0.00,0.00,18.60,50.59,55.76,20.50,-50.99,-18.70,20250105,MKDLOWVBUY,2.19,2.19hrs
16/09/2025 06:01:51,buy,0.10,GBPJPY,200.31600,16/09/2025 11:31:16,200.36600,0.00,0.00,5.00,3.40,4.49,6.60,-16.90,-24.80,20250105,MKDLOWVBUY,5.49,5.49hrs
16/09/2025 07:17:43,buy,0.20,GBPJPY,200.21100,16/09/2025 11:31:15,200.36700,0.00,0.00,15.60,21.22,23.26,17.10,-19.49,-14.30,20250105,MKDLOWVBUY,4.23,4.23hrs
15/09/2025 17:00:30,buy,0.10,GBPCAD,1.88067,16/09/2025 09:00:54,1.87575,0.00,0.03,-49.20,-35.71,1.95,2.70,-61.69,-85.00,20250105,MKDLOWVBUY,16.01,16.01hrs
15/09/2025 17:42:55,buy,0.20,GBPCAD,1.87897,16/09/2025 09:00:53,1.87580,0.00,0.06,-31.70,-45.99,0.06,0.00,-98.69,-68.00,20250105,MKDLOWVBUY,15.30,15.30hrs
15/09/2025 17:55:01,buy,0.40,GBPCAD,1.87690,16/09/2025 09:00:52,1.87583,0.00,0.11,-10.70,-30.98,18.27,6.30,-137.27,-47.30,20250105,MKDLOWVBUY,15.10,15.10hrs
15/09/2025 21:37:16,buy,0.80,GBPCAD,1.87384,16/09/2025 09:00:51,1.87575,0.00,0.22,19.10,111.20,128.63,22.10,-96.79,-16.70,20250105,MKDLOWVBUY,11.39,11.39hrs
15/09/2025 17:59:42,sell,0.10,CHFJPY,185.47200,16/09/2025 05:06:16,185.44000,0.00,-0.23,3.20,1.94,4.80,7.40,-15.70,-22.80,20250105,MKDLOWVSELL,11.11,11.11hrs
16/09/2025 04:29:54,sell,0.20,CHFJPY,185.59900,16/09/2025 05:06:15,185.43300,0.00,0.00,16.60,22.55,27.31,20.10,-4.75,-3.50,20250105,MKDLOWVSELL,0.61,0.61hrs
16/09/2025 01:30:38,buy,0.10,USDJPY,147.39200,16/09/2025 03:04:38,147.40100,0.00,0.00,0.90,0.61,2.24,3.30,-4.62,-6.80,20250105,MKDLOWVBUY,1.57,1.57hrs
16/09/2025 00:32:57,buy,0.10,AUDJPY,98.31900,16/09/2025 03:03:10,98.33500,0.00,0.00,1.60,1.09,3.39,5.00,-9.03,-13.30,20250105,MKDLOWVBUY,2.50,2.50hrs
15/09/2025 21:02:05,buy,0.10,USDJPY,147.26700,15/09/2025 22:44:13,147.37300,0.00,0.00,10.60,7.19,8.35,12.30,-2.24,-3.30,20250105,MKDLOWVBUY,1.70,1.70hrs
15/09/2025 01:02:35,buy,0.10,USDCAD,1.38443,15/09/2025 17:10:23,1.38378,0.00,0.00,-6.50,-4.70,1.01,1.40,-21.43,-29.60,20250105,MKDLOWVBUY,16.13,16.13hrs
15/09/2025 10:32:58,buy,0.20,USDCAD,1.38336,15/09/2025 17:10:22,1.38381,0.00,0.00,4.50,6.50,11.85,8.20,-27.36,-18.90,20250105,MKDLOWVBUY,6.62,6.62hrs
15/09/2025 16:36:26,buy,0.10,USDJPY,147.31000,15/09/2025 17:07:32,147.41500,0.00,0.00,10.50,7.12,8.21,12.10,-4.62,-6.80,20250105,MKDLOWVBUY,0.52,0.52hrs
15/09/2025 15:31:05,sell,0.10,NZDJPY,87.87500,15/09/2025 17:06:05,87.83000,0.00,0.00,4.50,3.05,4.96,7.30,-2.92,-4.30,20250105,MKDLOWVSELL,1.58,1.58hrs
15/09/2025 09:00:12,sell,0.10,CHFJPY,185.17300,15/09/2025 16:35:36,185.24200,0.00,0.00,-6.90,-4.68,5.56,8.20,-22.59,-33.30,20250105,MKDLOWVSELL,7.59,7.59hrs
15/09/2025 13:03:11,sell,0.20,CHFJPY,185.28200,15/09/2025 16:35:34,185.24600,0.00,0.00,3.60,4.88,16.84,12.40,-30.39,-22.40,20250105,MKDLOWVSELL,3.54,3.54hrs
15/09/2025 11:32:04,buy,0.10,USDJPY,147.40200,15/09/2025 14:38:47,147.41800,0.00,0.00,1.60,1.09,4.00,5.90,-10.93,-16.10,20250105,MKDLOWVBUY,3.11,3.11hrs
15/09/2025 13:22:31,buy,0.20,USDJPY,147.29800,15/09/2025 14:38:46,147.41800,0.00,0.00,12.00,16.28,18.86,13.90,-7.74,-5.70,20250105,MKDLOWVBUY,1.27,1.27hrs
15/09/2025 12:10:03,buy,0.10,AUDNZD,1.11727,15/09/2025 13:32:27,1.11747,0.00,0.00,2.00,1.19,2.50,4.20,-4.35,-7.30,20250105,MKDLOWVBUY,1.37,1.37hrs
15/09/2025 11:00:11,sell,0.10,NZDJPY,87.91300,15/09/2025 12:05:45,87.84500,0.00,0.00,6.80,4.61,5.77,8.50,-1.76,-2.60,20250105,MKDLOWVSELL,1.09,1.09hrs
15/09/2025 09:27:53,buy,0.10,NZDCAD,0.82386,15/09/2025 11:01:43,0.82465,0.00,0.00,7.90,5.71,8.67,12.00,-2.82,-3.90,20250105,MKDLOWVBUY,1.56,1.56hrs
15/09/2025 04:00:05,buy,0.10,USDJPY,147.57000,15/09/2025 09:27:21,147.59100,0.00,0.00,2.10,1.42,2.57,3.80,-16.15,-23.80,20250105,MKDLOWVBUY,5.45,5.45hrs
15/09/2025 06:41:35,buy,0.20,USDJPY,147.45800,15/09/2025 09:27:19,147.59000,0.00,0.00,13.20,17.89,20.32,15.00,-17.10,-12.60,20250105,MKDLOWVBUY,2.76,2.76hrs
12/09/2025 05:10:22,sell,0.20,CHFJPY,185.11700,15/09/2025 05:24:05,185.22100,0.00,0.00,-10.40,-14.10,13.03,9.60,-90.01,-66.40,20250105,MKDLOWVSELL,72.23,3.01days
12/09/2025 02:18:32,sell,0.10,CHFJPY,184.94100,15/09/2025 05:24:05,185.22100,0.00,0.00,-28.00,-18.97,2.45,3.60,-56.93,-84.00,20250105,MKDLOWVSELL,75.09,3.13days
12/09/2025 11:08:44,sell,0.40,CHFJPY,185.35500,15/09/2025 05:24:03,185.22100,0.00,0.00,13.40,36.32,52.87,19.50,-115.49,-42.60,20250105,MKDLOWVSELL,66.26,2.76days
12/09/2025 21:58:05,sell,0.10,EURUSD,1.17395,15/09/2025 01:00:55,1.17342,0.00,0.47,5.30,5.77,10.10,10.10,-3.00,-3.00,20250105,MKDLOWVSELL,51.05,2.13days
12/09/2025 18:58:01,sell,0.10,EURAUD,1.76561,12/09/2025 21:55:41,1.76519,0.00,0.00,4.20,2.80,5.19,7.80,-2.79,-4.20,20250105,MKDLOWVSELL,2.96,2.96hrs
12/09/2025 17:55:38,sell,0.10,GBPUSD,1.35572,12/09/2025 18:56:45,1.35464,0.00,0.00,10.80,10.80,11.40,11.40,-5.20,-5.20,20250105,MKDLOWVSELL,1.02,1.02hrs
12/09/2025 17:55:33,buy,0.10,EURNZD,1.96948,12/09/2025 18:33:17,1.97015,0.00,0.00,6.70,3.98,7.61,12.80,-2.08,-3.50,20250105,MKDLOWVBUY,0.63,0.63hrs
12/09/2025 17:31:04,buy,0.10,USDCAD,1.38394,12/09/2025 17:49:08,1.38501,0.00,0.00,10.70,7.73,9.24,12.80,-0.79,-1.10,20250105,MKDLOWVBUY,0.30,0.30hrs
12/09/2025 15:35:12,sell,0.10,EURAUD,1.76479,12/09/2025 16:43:10,1.76329,0.00,0.00,15.00,9.96,11.28,17.00,-4.77,-7.20,20250105,MKDLOWVSELL,1.13,1.13hrs
11/09/2025 16:35:50,buy,0.10,USDCAD,1.38631,12/09/2025 15:35:05,1.38571,0.00,0.90,-6.00,-3.43,2.16,3.00,-27.20,-37.60,20250105,MKDLOWVBUY,22.99,22.99hrs
11/09/2025 17:01:54,buy,0.20,USDCAD,1.38497,12/09/2025 15:35:04,1.38571,0.00,1.80,7.40,12.48,17.24,10.70,-35.01,-24.20,20250105,MKDLOWVBUY,22.55,22.55hrs
12/09/2025 12:54:32,buy,0.10,GBPCAD,1.87449,12/09/2025 13:10:34,1.87586,0.00,0.00,13.70,9.90,11.06,15.30,-3.40,-4.70,20250105,MKDLOWVBUY,0.27,0.27hrs
12/09/2025 11:30:59,sell,0.10,EURGBP,0.86606,12/09/2025 13:09:30,0.86529,0.00,0.00,7.70,10.43,13.55,10.00,-2.57,-1.90,20250105,MKDLOWVSELL,1.64,1.64hrs
12/09/2025 05:00:44,buy,0.10,GBPCHF,1.08007,12/09/2025 13:05:46,1.08023,0.00,0.00,1.60,2.01,5.64,4.50,-15.43,-12.30,20250105,MKDLOWVBUY,8.08,8.08hrs
10/09/2025 05:11:23,sell,0.20,NZDCAD,0.82141,12/09/2025 12:53:46,0.82429,0.00,-2.12,-28.80,-43.74,1.82,2.00,-87.16,-58.80,20250105,MKDLOWVSELL,55.71,2.32days
09/09/2025 23:17:05,sell,0.10,NZDCAD,0.82036,12/09/2025 12:53:46,0.82429,0.00,-1.34,-39.30,-29.74,1.00,2.50,-51.45,-69.30,20250105,MKDLOWVSELL,61.61,2.57days
10/09/2025 09:15:06,sell,0.40,NZDCAD,0.82350,12/09/2025 12:53:45,0.82429,0.00,-4.25,-7.90,-27.08,63.91,22.90,-113.88,-37.90,20250105,MKDLOWVSELL,51.64,2.15days
11/09/2025 21:01:14,sell,0.80,NZDCAD,0.82618,12/09/2025 12:53:44,0.82429,0.00,-2.13,18.90,107.11,137.86,24.20,-66.34,-11.10,20250105,MKDLOWVSELL,15.88,15.88hrs
11/09/2025 16:30:05,sell,0.10,GBPUSD,1.35441,12/09/2025 04:23:28,1.35629,0.00,-0.10,-18.80,-18.90,3.40,3.40,-39.40,-39.40,20250105,MKDLOWVSELL,11.89,11.89hrs
11/09/2025 17:07:52,sell,0.20,GBPUSD,1.35572,12/09/2025 04:23:27,1.35625,0.00,-0.20,-5.30,-10.80,8.20,4.10,-52.60,-26.30,20250105,MKDLOWVSELL,11.26,11.26hrs
11/09/2025 20:06:28,sell,0.40,GBPUSD,1.35772,12/09/2025 04:23:26,1.35625,0.00,-0.41,14.70,58.39,68.79,17.30,-25.20,-6.30,20250105,MKDLOWVSELL,8.28,8.28hrs
11/09/2025 23:31:00,buy,0.10,GBPJPY,199.85200,12/09/2025 02:17:01,199.84600,0.00,0.64,-0.60,0.23,4.10,5.10,-16.01,-24.50,20250105,MKDLOWVBUY,2.77,2.77hrs
11/09/2025 08:59:10,sell,0.10,CHFJPY,184.62100,11/09/2025 19:34:43,184.85200,0.00,0.00,-23.10,-15.70,0.00,0.00,-38.39,-56.80,20250105,MKDLOWVSELL,10.59,10.59hrs
11/09/2025 09:24:10,sell,0.20,CHFJPY,184.72500,11/09/2025 19:34:42,184.85200,0.00,0.00,-12.70,-17.27,0.00,0.00,-62.73,-46.40,20250105,MKDLOWVSELL,10.18,10.18hrs
11/09/2025 12:01:58,sell,0.40,CHFJPY,184.96900,11/09/2025 19:34:41,184.85300,0.00,0.00,11.60,31.55,52.51,19.30,-59.48,-22.00,20250105,MKDLOWVSELL,7.55,7.55hrs
11/09/2025 18:00:39,buy,0.10,GBPJPY,199.61200,11/09/2025 18:30:20,199.74800,0.00,0.00,13.60,9.24,10.94,16.10,-1.83,-2.70,20250105,MKDLOWVBUY,0.49,0.49hrs
11/09/2025 13:30:15,buy,0.10,AUDNZD,1.11400,11/09/2025 16:34:56,1.11451,0.00,0.00,5.10,3.03,4.52,7.60,-9.87,-16.70,20250105,MKDLOWVBUY,3.08,3.08hrs
11/09/2025 11:02:05,sell,0.10,EURJPY,172.80100,11/09/2025 15:16:31,172.69000,0.00,0.00,11.10,7.50,9.40,13.90,-12.30,-18.20,20250105,MKDLOWVSELL,4.24,4.24hrs
11/09/2025 12:30:01,sell,0.20,EURJPY,172.90900,11/09/2025 15:16:29,172.70000,0.00,0.00,20.90,28.26,28.27,20.90,-10.00,-7.40,20250105,MKDLOWVSELL,2.77,2.77hrs
11/09/2025 08:13:48,buy,0.10,GBPJPY,199.40300,11/09/2025 09:01:23,199.54500,0.00,0.00,14.20,9.61,9.62,14.20,-3.80,-5.60,20250105,MKDLOWVBUY,0.79,0.79hrs
11/09/2025 04:00:28,sell,0.10,CADJPY,106.33100,11/09/2025 08:04:08,106.31300,0.00,0.00,1.80,1.22,4.68,6.90,-2.37,-3.50,20250105,MKDLOWVSELL,4.06,4.06hrs
11/09/2025 01:33:35,buy,0.10,USDJPY,147.38400,11/09/2025 03:35:42,147.41200,0.00,0.00,2.80,1.90,4.41,6.50,-7.60,-11.20,20250105,MKDLOWVBUY,2.04,2.04hrs
11/09/2025 01:16:06,buy,0.10,USDCAD,1.38626,11/09/2025 03:31:42,1.38659,0.00,0.00,3.30,2.38,4.04,5.60,-3.46,-4.80,20250105,MKDLOWVBUY,2.26,2.26hrs
10/09/2025 19:58:14,buy,0.10,GBPJPY,199.52100,11/09/2025 02:01:01,199.42700,0.00,2.56,-9.40,-3.82,2.56,0.00,-18.21,-30.60,20250105,MKDLOWVBUY,6.05,6.05hrs
10/09/2025 20:08:23,buy,0.20,GBPJPY,199.41100,11/09/2025 02:01:00,199.42700,0.00,5.12,1.60,7.30,19.09,10.30,-21.48,-19.60,20250105,MKDLOWVBUY,5.88,5.88hrs
10/09/2025 16:00:07,sell,0.10,NZDJPY,87.68900,10/09/2025 19:55:30,87.65600,0.00,0.00,3.30,2.24,4.21,6.20,-12.01,-17.70,20250105,MKDLOWVSELL,3.92,3.92hrs
10/09/2025 17:08:35,sell,0.20,NZDJPY,87.79900,10/09/2025 19:55:29,87.65600,0.00,0.00,14.30,19.40,21.72,16.00,-9.09,-6.70,20250105,MKDLOWVSELL,2.78,2.78hrs
10/09/2025 18:36:35,sell,0.10,EURUSD,1.17211,10/09/2025 19:27:43,1.17103,0.00,0.00,10.80,10.80,11.10,11.10,-2.80,-2.80,20250105,MKDLOWVSELL,0.85,0.85hrs
10/09/2025 16:31:32,buy,0.10,GBPCHF,1.07920,10/09/2025 17:01:02,1.08033,0.00,0.00,11.30,14.18,16.19,12.90,-2.26,-1.80,20250105,MKDLOWVBUY,0.49,0.49hrs
10/09/2025 12:37:58,sell,0.10,GBPUSD,1.35405,10/09/2025 14:41:01,1.35302,0.00,0.00,10.30,10.30,11.30,11.30,-5.90,-5.90,20250105,MKDLOWVSELL,2.05,2.05hrs
10/09/2025 13:00:57,sell,0.10,NZDJPY,87.66600,10/09/2025 14:40:37,87.60300,0.00,0.00,6.30,4.27,7.19,10.60,-1.63,-2.40,20250105,MKDLOWVSELL,1.66,1.66hrs
10/09/2025 11:36:16,buy,0.10,AUDUSD,0.65976,10/09/2025 12:36:51,0.66080,0.00,0.00,10.40,10.40,11.80,11.80,-2.60,-2.60,20250105,MKDLOWVBUY,1.01,1.01hrs
10/09/2025 06:44:47,sell,0.10,NZDJPY,87.50900,10/09/2025 11:47:54,87.57700,0.00,0.00,-6.80,-4.61,0.00,0.00,-16.35,-24.10,20250105,MKDLOWVSELL,5.05,5.05hrs
10/09/2025 07:24:22,sell,0.20,NZDJPY,87.61500,10/09/2025 11:47:53,87.57700,0.00,0.00,3.80,5.15,10.04,7.40,-18.31,-13.50,20250105,MKDLOWVSELL,4.39,4.39hrs
10/09/2025 09:11:13,sell,0.10,NZDUSD,0.59479,10/09/2025 10:01:19,0.59373,0.00,0.00,10.60,10.60,11.00,11.00,-4.70,-4.70,20250105,MKDLOWVSELL,0.83,0.83hrs
10/09/2025 06:50:45,sell,0.10,EURUSD,1.17080,10/09/2025 09:59:33,1.16945,0.00,0.00,13.50,13.50,14.20,14.20,-11.00,-11.00,20250105,MKDLOWVSELL,3.15,3.15hrs
09/09/2025 23:31:51,buy,0.10,GBPCHF,1.07906,10/09/2025 06:38:10,1.07913,0.00,1.05,0.70,1.93,5.56,3.60,-41.76,-34.10,20250105,MKDLOWVBUY,7.11,7.11hrs
09/09/2025 16:06:18,sell,0.10,EURAUD,1.77899,09/09/2025 20:03:09,1.77858,0.00,0.00,4.10,2.70,7.92,12.00,-7.78,-11.80,20250105,MKDLOWVSELL,3.95,3.95hrs
09/09/2025 16:01:00,buy,0.10,AUDCHF,0.52457,09/09/2025 19:42:59,0.52491,0.00,0.00,3.40,4.27,6.15,4.90,-8.06,-6.40,20250105,MKDLOWVBUY,3.70,3.70hrs
09/09/2025 17:00:13,buy,0.10,GBPCHF,1.07657,09/09/2025 19:31:20,1.07778,0.00,0.00,12.10,15.20,17.08,13.60,-4.29,-3.40,20250105,MKDLOWVBUY,2.52,2.52hrs
09/09/2025 16:06:23,sell,0.10,GBPAUD,2.05429,09/09/2025 17:11:14,2.05293,0.00,0.00,13.60,8.97,12.54,19.00,-6.20,-9.40,20250105,MKDLOWVSELL,1.08,1.08hrs
09/09/2025 13:01:44,buy,0.20,EURNZD,1.97548,09/09/2025 16:05:19,1.97551,0.00,0.00,0.30,0.36,2.26,1.90,-31.64,-26.60,20250105,MKDLOWVBUY,3.06,3.06hrs
09/09/2025 11:15:47,buy,0.10,EURNZD,1.97652,09/09/2025 16:05:19,1.97553,0.00,0.00,-9.90,-5.88,1.31,2.20,-22.01,-37.00,20250105,MKDLOWVBUY,4.83,4.83hrs
09/09/2025 15:02:20,buy,0.40,EURNZD,1.97340,09/09/2025 16:05:17,1.97538,0.00,0.00,19.80,47.05,53.94,22.70,-7.85,-3.30,20250105,MKDLOWVBUY,1.05,1.05hrs
09/09/2025 12:09:38,buy,0.10,AUDJPY,96.90200,09/09/2025 15:02:10,96.96400,0.00,0.00,6.20,4.22,6.47,9.50,-6.43,-9.40,20250105,MKDLOWVBUY,2.88,2.88hrs
09/09/2025 13:00:59,sell,0.10,EURUSD,1.17657,09/09/2025 13:56:36,1.17541,0.00,0.00,11.60,11.60,12.50,12.50,-6.20,-6.20,20250105,MKDLOWVSELL,0.93,0.93hrs
09/09/2025 10:30:42,sell,0.10,CADJPY,106.64000,09/09/2025 11:15:19,106.46900,0.00,0.00,17.10,11.63,11.64,17.10,-5.57,-8.20,20250105,MKDLOWVSELL,0.74,0.74hrs
08/09/2025 22:02:50,buy,0.10,USDCHF,0.79325,09/09/2025 10:45:35,0.79352,0.00,0.86,2.70,4.26,6.53,4.50,-21.50,-17.70,20250105,MKDLOWVBUY,12.71,12.71hrs
09/09/2025 08:10:41,buy,0.20,USDCHF,0.79218,09/09/2025 10:45:34,0.79350,0.00,0.00,13.20,33.27,38.31,15.20,-17.69,-7.00,20250105,MKDLOWVBUY,2.58,2.58hrs
09/09/2025 09:00:27,buy,0.10,AUDJPY,97.13800,09/09/2025 10:28:53,97.25700,0.00,0.00,11.90,8.08,9.24,13.60,-3.33,-4.90,20250105,MKDLOWVBUY,1.47,1.47hrs
﻿08/09/2025 22:12:26,buy,0.10,AUDJPY,97.19800,09/09/2025 05:39:36,97.23800,0.00,0.37,4.00,3.08,5.33,7.30,-9.94,-15.20,20250105,MKDLOWVBUY,7.45,7.45hrs
08/09/2025 22:03:08,buy,0.10,USDJPY,147.44700,09/09/2025 03:03:51,147.41000,0.00,0.55,-3.70,-1.96,5.63,8.30,-15.75,-24.00,20250105,MKDLOWVBUY,5.01,5.01hrs
09/09/2025 02:24:21,buy,0.20,USDJPY,147.26600,09/09/2025 03:03:50,147.41300,0.00,0.00,14.70,19.94,22.38,16.50,-8.02,-5.90,20250105,MKDLOWVBUY,0.66,0.66hrs
08/09/2025 18:11:11,buy,0.10,USDCHF,0.79342,08/09/2025 20:09:52,0.79448,0.00,0.00,10.60,13.34,15.35,12.20,-6.81,-5.40,20250105,MKDLOWVBUY,1.98,1.98hrs
08/09/2025 15:46:07,sell,0.10,EURJPY,173.35200,08/09/2025 19:37:58,173.42800,0.00,0.00,-7.60,-5.14,3.45,5.10,-21.24,-31.40,20250105,MKDLOWVSELL,3.86,3.86hrs
08/09/2025 16:20:56,sell,0.20,EURJPY,173.48800,08/09/2025 19:37:56,173.42700,0.00,0.00,6.10,8.26,19.38,14.30,-24.08,-17.80,20250105,MKDLOWVSELL,3.28,3.28hrs
08/09/2025 15:46:18,sell,0.10,NZDUSD,0.59373,08/09/2025 18:08:49,0.59373,0.00,0.00,0.00,0.00,4.30,4.30,-9.00,-9.00,20250105,MKDLOWVSELL,2.38,2.38hrs
08/09/2025 15:53:31,buy,0.10,USDCAD,1.37914,08/09/2025 16:38:50,1.38040,0.00,0.00,12.60,9.13,10.72,14.80,-2.61,-3.60,20250105,MKDLOWVBUY,0.76,0.76hrs
02/09/2025 06:05:34,balance,0.01,,0.00000,02/09/2025 06:05:34,0.00000,0.00,0.00,0.00,100000.00,0.00,0.00,0.00,0.00,0,Deposit,0.00,0.00hrs
