Open Time,Type,Lots,Symbol,Open Price,Close Time,Close Price,Commission,Swap,Net Pips,Net Profit,Max Profit,Max Pips,Max Loss,Max Loss Pips,Magic Number,Comment,Holding Time (Hours),Holding Time
03/06/2026 12:54:00,sell,0.01,CADJPY,115.33200,18/06/2026 19:56:00,114.17700,0.00,-0.70,115.50,6.46,9.00,155.80,-0.57,-9.10,7754,Select7ccy,367.03,15.29days
17/06/2026 22:24:01,buy,0.09,AUDJPY,112.67000,18/06/2026 03:07:18,112.86400,0.00,0.46,19.40,11.34,11.34,19.40,-9.01,-16.10,7754,Select7ccy,4.72,4.72hrs
17/06/2026 21:59:03,buy,0.03,AUDJPY,112.99700,18/06/2026 03:07:18,112.86500,0.00,0.15,-13.20,-2.31,0.36,1.50,-9.11,-48.80,7754,Select7ccy,5.14,5.14hrs
16/06/2026 15:45:02,buy,0.01,AUDJPY,113.34300,18/06/2026 03:07:17,112.86700,0.00,0.07,-47.60,-2.90,1.03,16.50,-5.10,-83.40,7754,Select7ccy,35.37,1.47days
17/06/2026 21:01:00,buy,0.03,NZDUSD,0.57925,18/06/2026 03:07:04,0.57837,0.00,-0.25,-8.80,-2.89,2.16,7.20,-11.79,-39.30,7754,Select7ccy,6.10,6.10hrs
17/06/2026 22:30:00,buy,0.09,NZDUSD,0.57612,18/06/2026 03:07:03,0.57838,0.00,-0.75,22.60,19.59,19.59,22.60,-7.20,-8.00,7754,Select7ccy,4.62,4.62hrs
16/06/2026 16:44:01,buy,0.01,NZDUSD,0.58349,18/06/2026 03:07:02,0.57837,0.00,-0.11,-51.20,-5.23,0.63,6.30,-8.20,-81.70,7754,Select7ccy,34.38,1.43days
09/06/2026 19:00:00,buy,0.03,AUDCHF,0.56023,16/06/2026 16:36:54,0.56192,0.00,1.25,16.90,7.63,8.87,20.30,-6.79,-20.00,7754,Select7ccy,165.62,6.90days
08/06/2026 14:13:00,buy,0.01,AUDCHF,0.56327,16/06/2026 16:36:54,0.56192,0.00,0.48,-13.50,-1.22,0.00,0.00,-6.00,-50.40,7754,Select7ccy,194.40,8.10days
16/06/2026 07:55:03,buy,0.03,AUDJPY,112.92700,16/06/2026 14:16:43,113.38100,0.00,0.00,45.40,8.50,9.79,52.30,-0.99,-5.30,7754,Select7ccy,6.36,6.36hrs
15/06/2026 10:57:01,buy,0.01,AUDJPY,113.23200,16/06/2026 14:16:43,113.38100,0.00,0.02,14.90,0.95,1.50,24.00,-2.21,-35.80,7754,Select7ccy,27.33,1.14days
16/06/2026 07:23:00,buy,0.03,NZDUSD,0.58009,16/06/2026 14:09:47,0.58313,0.00,0.00,30.40,9.12,10.47,34.90,-1.23,-4.10,7754,Select7ccy,6.78,6.78hrs
12/06/2026 00:49:08,buy,0.01,NZDUSD,0.58486,16/06/2026 14:09:47,0.58314,0.00,-0.06,-17.20,-1.78,1.28,13.10,-5.24,-51.80,7754,Select7ccy,109.34,4.56days
16/06/2026 07:55:01,buy,0.27,CADJPY,114.35700,16/06/2026 13:13:13,114.53500,0.00,0.00,17.80,29.98,29.98,17.80,-6.07,-3.60,7754,Select7ccy,5.30,5.30hrs
11/06/2026 11:12:01,buy,0.03,CADJPY,114.96200,16/06/2026 13:13:12,114.53500,0.00,0.09,-42.70,-7.90,0.00,0.00,-13.89,-74.30,7754,Select7ccy,122.02,5.08days
11/06/2026 16:53:01,buy,0.09,CADJPY,114.65700,16/06/2026 13:13:11,114.53500,0.00,0.30,-12.20,-6.54,3.86,6.70,-24.47,-43.80,7754,Select7ccy,116.34,4.85days
10/06/2026 18:04:00,buy,0.01,CADJPY,115.26800,16/06/2026 13:13:10,114.53600,0.00,0.06,-73.20,-4.51,0.00,0.00,-6.52,-104.90,7754,Select7ccy,139.15,5.80days
09/06/2026 17:50:01,buy,0.03,AUDJPY,112.69200,15/06/2026 08:37:55,113.32000,0.00,0.30,62.80,12.07,13.20,68.80,-11.63,-63.30,7754,Select7ccy,134.80,5.62days
05/06/2026 19:54:00,buy,0.01,AUDJPY,113.08600,15/06/2026 08:37:55,113.32000,0.00,0.15,23.40,1.61,1.99,29.40,-6.29,-102.70,7754,Select7ccy,228.73,9.53days
11/06/2026 00:55:01,buy,0.03,NZDUSD,0.57939,11/06/2026 21:55:48,0.58191,0.00,0.00,25.20,7.56,8.49,28.30,-6.78,-22.50,7754,Select7ccy,21.01,21.01hrs
10/06/2026 00:48:04,buy,0.01,NZDUSD,0.58257,11/06/2026 21:55:47,0.58191,0.00,-0.10,-6.60,-0.76,0.57,5.70,-5.54,-54.30,7754,Select7ccy,45.13,1.88days
05/06/2026 15:52:01,buy,0.03,AUDCAD,0.98792,11/06/2026 21:46:24,0.98295,0.00,0.47,-49.70,-10.20,0.00,0.00,-28.09,-132.80,7754,Select7ccy,149.91,6.25days
09/06/2026 17:50:04,buy,0.27,AUDCAD,0.98143,11/06/2026 21:46:23,0.98296,0.00,2.80,15.30,32.35,32.35,15.30,-128.63,-67.90,7754,Select7ccy,51.94,2.16days
05/06/2026 16:58:00,buy,0.09,AUDCAD,0.98479,11/06/2026 21:46:23,0.98295,0.00,1.40,-18.40,-10.45,5.67,8.40,-64.09,-101.50,7754,Select7ccy,148.81,6.20days
02/06/2026 07:52:00,buy,0.01,AUDCAD,0.99157,11/06/2026 21:46:22,0.98295,0.00,0.31,-86.20,-5.85,2.52,34.90,-11.83,-169.30,7754,Select7ccy,229.91,9.58days
05/06/2026 21:38:01,buy,0.03,CADJPY,114.85600,10/06/2026 16:55:22,115.26600,0.00,0.09,41.00,7.76,9.03,47.80,-3.25,-17.50,7754,Select7ccy,115.29,4.80days
05/06/2026 17:44:00,buy,0.01,CADJPY,115.17900,10/06/2026 16:55:21,115.27100,0.00,0.03,9.20,0.61,1.00,15.50,-3.10,-49.80,7754,Select7ccy,119.19,4.97days
08/06/2026 01:03:01,buy,0.01,NZDUSD,0.57857,09/06/2026 19:14:52,0.58161,0.00,-0.03,30.40,3.01,5.89,59.20,-0.01,-0.10,7754,Select7ccy,42.20,1.76days
03/06/2026 11:05:01,sell,0.03,AUDNZD,1.21371,09/06/2026 09:15:06,1.20930,0.00,-0.98,44.10,6.75,7.99,51.20,-7.25,-38.50,7754,Select7ccy,142.17,5.92days
02/06/2026 14:48:00,sell,0.01,AUDNZD,1.21059,09/06/2026 09:15:06,1.20930,0.00,-0.37,12.90,0.39,0.80,20.00,-4.30,-69.70,7754,Select7ccy,162.45,6.77days
05/06/2026 23:33:01,buy,0.03,AUDCHF,0.56047,08/06/2026 11:41:24,0.56236,0.00,0.18,18.90,7.29,8.30,21.60,-11.39,-30.60,7754,Select7ccy,60.14,2.51days
02/06/2026 10:13:00,buy,0.01,AUDCHF,0.56367,08/06/2026 11:41:23,0.56233,0.00,0.36,-13.40,-1.32,3.00,23.20,-7.53,-62.60,7754,Select7ccy,145.47,6.06days
02/06/2026 13:28:02,sell,0.01,AUDCAD,0.99426,08/06/2026 04:04:35,0.98415,0.00,-0.37,101.10,6.88,10.03,145.10,-0.70,-9.70,7754,Select7ccy,134.61,5.61days
03/06/2026 12:58:01,sell,0.01,AUDJPY,114.46300,08/06/2026 03:53:44,113.12700,0.00,-0.41,133.60,7.93,10.96,182.30,-0.97,-15.50,7754,Select7ccy,110.93,4.62days
05/06/2026 16:44:00,buy,0.09,AUDJPY,113.53100,05/06/2026 17:51:44,113.40500,0.00,0.00,-17.30,-9.72,0.00,0.00,-16.68,-29.70,7754,Select7ccy,1.13,1.13hrs
05/06/2026 17:29:00,buy,0.27,AUDJPY,113.22700,05/06/2026 17:51:43,113.40900,0.00,0.00,13.10,22.08,30.67,18.20,0.00,0.00,7754,Select7ccy,0.38,0.38hrs
05/06/2026 04:04:01,buy,0.03,AUDJPY,113.83500,05/06/2026 17:51:42,113.41500,0.00,0.00,-47.70,-8.93,6.70,35.70,-11.25,-60.10,7754,Select7ccy,13.79,13.79hrs
02/06/2026 07:49:00,buy,0.01,AUDJPY,114.38400,05/06/2026 17:51:42,113.41700,0.00,0.09,-102.60,-6.32,3.21,51.30,-7.09,-115.00,7754,Select7ccy,82.05,3.42days
04/06/2026 10:31:01,buy,0.03,CADJPY,114.88800,05/06/2026 15:31:09,115.25600,0.00,0.03,36.80,6.93,7.42,39.40,-1.01,-5.40,7754,Select7ccy,29.00,1.21days
02/06/2026 08:01:00,buy,0.01,CADJPY,115.39000,05/06/2026 15:31:08,115.27500,0.00,0.05,-11.50,-0.67,1.72,27.50,-3.44,-55.60,7754,Select7ccy,79.50,3.31days
03/06/2026 09:25:00,buy,0.03,NZDUSD,0.58997,04/06/2026 14:27:37,0.58825,0.00,-0.28,-17.20,-5.44,2.19,7.30,-13.27,-43.30,7754,Select7ccy,29.04,1.21days
03/06/2026 19:40:01,buy,0.09,NZDUSD,0.58634,04/06/2026 14:27:36,0.58825,0.00,-0.84,19.10,16.35,16.35,19.10,-7.14,-7.00,7754,Select7ccy,18.79,18.79hrs
02/06/2026 05:29:03,buy,0.01,NZDUSD,0.59305,04/06/2026 14:27:35,0.58825,0.00,-0.12,-48.00,-4.92,1.27,12.70,-7.53,-74.10,7754,Select7ccy,56.98,2.37days
02/06/2026 10:44:01,sell,0.03,AUDJPY,114.72300,03/06/2026 11:32:02,114.30500,0.00,-0.25,41.80,7.61,7.61,41.80,-3.64,-19.40,7754,Select7ccy,24.80,1.03days
02/06/2026 08:52:01,sell,0.01,AUDJPY,114.39600,03/06/2026 11:32:01,114.31400,0.00,-0.08,8.20,0.44,0.44,8.20,-3.26,-52.10,7754,Select7ccy,26.67,1.11days
02/06/2026 18:50:01,sell,0.03,CADJPY,115.66400,03/06/2026 10:35:51,115.32100,0.00,-0.12,34.30,6.33,6.33,34.30,-0.34,-1.80,7754,Select7ccy,15.76,15.76hrs
02/06/2026 08:48:00,sell,0.01,CADJPY,115.36100,03/06/2026 10:35:50,115.31700,0.00,-0.04,4.40,0.23,0.31,4.90,-2.01,-32.10,7754,Select7ccy,25.80,1.07days
29/05/2026 20:57:00,sell,0.01,AUDCAD,0.99079,01/06/2026 21:27:57,0.99129,0.00,-0.06,-5.00,-0.42,1.82,26.00,-1.43,-18.90,7754,Select7ccy,72.52,3.02days
22/05/2026 15:16:01,buy,0.01,AUDCAD,0.98401,01/06/2026 21:27:57,0.99113,0.00,0.23,71.20,5.37,6.70,89.80,-0.91,-12.50,7754,Select7ccy,246.20,10.26days
15/05/2026 12:19:00,sell,0.01,AUDCHF,0.56170,01/06/2026 21:27:56,0.56342,0.00,-1.83,-17.20,-4.02,2.68,23.90,-4.23,-24.30,7754,Select7ccy,417.15,17.38days
20/05/2026 04:59:00,buy,0.01,AUDCHF,0.56099,01/06/2026 21:27:55,0.56328,0.00,0.73,22.90,3.64,3.79,26.90,-2.12,-18.70,7754,Select7ccy,304.48,12.69days
28/05/2026 18:35:01,buy,0.01,AUDJPY,114.01300,01/06/2026 21:27:54,114.36600,0.00,0.04,35.30,2.25,3.81,60.10,-0.74,-12.10,7754,Select7ccy,98.88,4.12days
27/05/2026 12:49:04,sell,0.01,AUDJPY,113.79900,01/06/2026 21:27:54,114.38300,0.00,-0.40,-58.40,-4.05,2.91,50.20,-5.66,-83.90,7754,Select7ccy,128.65,5.36days
29/05/2026 16:00:01,sell,0.03,AUDJPY,114.32900,01/06/2026 21:27:53,114.38300,0.00,-0.24,-5.40,-1.25,5.98,33.10,-6.05,-30.90,7754,Select7ccy,77.46,3.23days
27/05/2026 09:46:01,buy,0.03,AUDNZD,1.21710,01/06/2026 21:27:52,1.20638,0.00,0.35,-107.20,-18.75,0.00,0.00,-35.79,-201.50,7754,Select7ccy,131.70,5.49days
27/05/2026 06:34:00,buy,0.01,AUDNZD,1.22039,01/06/2026 21:27:52,1.20638,0.00,0.11,-140.10,-8.21,0.02,0.40,-13.90,-234.40,7754,Select7ccy,134.90,5.62days
27/05/2026 11:13:00,sell,0.01,AUDNZD,1.21494,01/06/2026 21:27:51,1.20652,0.00,-0.29,84.20,4.71,9.20,158.00,0.00,0.00,7754,Select7ccy,130.25,5.43days
29/05/2026 03:44:01,buy,0.27,AUDNZD,1.20377,01/06/2026 21:27:50,1.20639,0.00,0.64,26.20,42.65,53.06,32.80,-109.45,-68.20,7754,Select7ccy,89.73,3.74days
28/05/2026 15:41:00,buy,0.09,AUDNZD,1.20685,01/06/2026 21:27:50,1.20638,0.00,0.42,-4.70,-2.09,7.69,14.40,-52.85,-99.00,7754,Select7ccy,101.78,4.24days
19/05/2026 17:56:01,sell,0.01,CADJPY,115.56900,01/06/2026 21:27:49,115.39700,0.00,-0.52,17.20,0.56,3.37,60.80,-1.38,-21.30,7754,Select7ccy,315.53,13.15days
28/05/2026 18:42:00,buy,0.01,CADJPY,115.40100,01/06/2026 21:27:48,115.38000,0.00,0.02,-2.10,-0.12,1.21,19.10,-1.21,-19.50,7754,Select7ccy,98.76,4.12days
21/05/2026 04:11:01,buy,0.01,NZDUSD,0.58699,01/06/2026 21:27:47,0.59378,0.00,-0.27,67.90,6.52,12.01,122.50,-3.92,-38.30,7754,Select7ccy,281.28,11.72days
29/05/2026 15:09:00,sell,0.03,AUDCAD,0.98977,29/05/2026 17:44:21,0.99099,0.00,0.00,-12.20,-2.65,0.00,0.00,-7.34,-33.80,7754,Select7ccy,2.59,2.59hrs
29/05/2026 16:51:00,sell,0.09,AUDCAD,0.99282,29/05/2026 17:44:20,0.99102,0.00,0.00,18.00,11.73,12.39,19.00,-2.15,-3.30,7754,Select7ccy,0.89,0.89hrs
27/05/2026 18:49:01,sell,0.01,AUDCAD,0.98638,29/05/2026 17:44:19,0.99093,0.00,-0.24,-45.50,-3.54,1.28,20.40,-5.14,-67.70,7754,Select7ccy,46.92,1.96days
28/05/2026 12:41:00,buy,0.09,CADJPY,115.02500,28/05/2026 17:38:07,115.26700,0.00,0.00,24.20,13.67,13.67,24.20,-4.52,-8.00,7754,Select7ccy,4.95,4.95hrs
21/05/2026 20:46:00,buy,0.03,CADJPY,115.34200,28/05/2026 17:38:06,115.26500,0.00,0.22,-7.70,-1.23,1.94,9.90,-7.71,-41.10,7754,Select7ccy,164.87,6.87days
19/05/2026 17:14:01,buy,0.01,CADJPY,115.65100,28/05/2026 17:38:06,115.26400,0.00,0.11,-38.70,-2.32,0.57,8.90,-4.48,-72.00,7754,Select7ccy,216.40,9.02days
28/05/2026 06:23:00,buy,0.03,AUDJPY,113.50200,28/05/2026 17:33:12,113.84300,0.00,0.00,34.10,6.42,6.69,35.50,-4.23,-22.50,7754,Select7ccy,11.17,11.17hrs
27/05/2026 11:23:01,buy,0.01,AUDJPY,113.82500,28/05/2026 17:33:12,113.84100,0.00,0.05,1.60,0.16,0.78,11.60,-3.38,-54.80,7754,Select7ccy,30.17,1.26days
21/05/2026 20:17:11,sell,0.03,AUDCAD,0.98590,27/05/2026 14:33:51,0.98671,0.00,-0.74,-8.10,-2.49,0.00,0.00,-2.49,-8.10,7754,Select7ccy,138.28,5.76days
25/05/2026 04:29:00,sell,0.09,AUDCAD,0.98916,27/05/2026 14:33:50,0.98670,0.00,-1.10,24.60,14.90,14.90,24.60,0.00,0.00,7754,Select7ccy,58.08,2.42days
21/05/2026 08:32:00,sell,0.01,AUDCAD,0.97982,27/05/2026 14:33:49,0.98671,0.00,-0.24,-68.90,-5.22,0.00,0.00,-5.22,-68.90,7754,Select7ccy,150.03,6.25days
26/05/2026 11:24:00,sell,0.09,AUDJPY,114.10000,27/05/2026 10:31:53,113.84500,0.00,-0.73,25.50,13.67,13.67,25.50,0.00,0.00,7754,Select7ccy,23.13,23.13hrs
25/05/2026 01:01:01,sell,0.03,AUDJPY,113.78800,27/05/2026 10:31:53,113.84400,0.00,-0.49,-5.60,-1.55,0.00,0.00,-1.55,-5.60,7754,Select7ccy,57.51,2.40days
21/05/2026 05:35:00,sell,0.01,AUDJPY,112.91800,27/05/2026 10:31:52,113.84300,0.00,-0.32,-92.50,-6.12,0.00,0.00,-6.12,-92.50,7754,Select7ccy,148.95,6.21days
19/05/2026 23:37:01,buy,0.01,AUDJPY,113.09400,27/05/2026 10:09:52,113.85400,0.00,0.15,76.00,4.92,4.92,76.00,0.00,0.00,7754,Select7ccy,178.55,7.44days
26/05/2026 02:43:03,sell,0.03,AUDNZD,1.22274,27/05/2026 09:32:40,1.21826,0.00,-0.17,44.80,7.72,7.72,44.80,0.00,0.00,7754,Select7ccy,30.83,1.28days
19/05/2026 11:08:00,sell,0.01,AUDNZD,1.21750,27/05/2026 09:32:39,1.21824,0.00,-0.43,-7.40,-0.86,0.00,0.00,-0.86,-7.40,7754,Select7ccy,190.41,7.93days
21/05/2026 17:59:02,buy,0.01,AUDNZD,1.21764,27/05/2026 05:00:13,1.22247,0.00,0.08,48.30,2.91,2.91,48.30,0.00,0.00,7754,Select7ccy,131.02,5.46days
21/05/2026 06:09:00,buy,0.01,AUDCAD,0.97904,22/05/2026 12:05:05,0.98311,0.00,0.03,40.70,2.98,2.98,40.70,0.00,0.00,7754,Select7ccy,29.93,1.25days
21/05/2026 04:50:00,buy,0.09,AUDNZD,1.21462,21/05/2026 13:55:47,1.21678,0.00,0.00,21.60,11.39,11.39,21.60,0.00,0.00,7754,Select7ccy,9.10,9.10hrs
19/05/2026 08:44:01,buy,0.03,AUDNZD,1.21794,21/05/2026 13:55:47,1.21678,0.00,0.25,-11.60,-1.79,0.00,0.00,-1.79,-11.60,7754,Select7ccy,53.20,2.22days
19/05/2026 00:42:09,buy,0.01,AUDNZD,1.22117,21/05/2026 13:55:46,1.21680,0.00,0.08,-43.70,-2.48,0.00,0.00,-2.48,-43.70,7754,Select7ccy,61.23,2.55days
20/05/2026 18:16:01,sell,0.03,AUDCAD,0.98431,21/05/2026 04:56:54,0.97914,0.00,-0.58,51.70,10.70,10.70,51.70,0.00,0.00,7754,Select7ccy,10.68,10.68hrs
20/05/2026 14:52:01,sell,0.01,AUDCAD,0.98041,21/05/2026 04:56:53,0.97914,0.00,-0.19,12.70,0.73,0.73,12.70,0.00,0.00,7754,Select7ccy,14.08,14.08hrs
20/05/2026 18:17:01,sell,0.03,AUDJPY,113.76100,21/05/2026 04:32:58,113.38100,0.00,-0.75,38.00,6.43,6.43,38.00,0.00,0.00,7754,Select7ccy,10.27,10.27hrs
19/05/2026 10:46:00,sell,0.01,AUDJPY,113.44600,21/05/2026 04:32:57,113.38000,0.00,-0.33,6.60,0.09,0.09,6.60,0.00,0.00,7754,Select7ccy,41.78,1.74days
20/05/2026 04:55:00,buy,0.01,AUDCAD,0.97659,21/05/2026 04:30:06,0.98060,0.00,0.08,40.10,3.00,3.00,40.10,0.00,0.00,7754,Select7ccy,23.59,23.59hrs
15/05/2026 08:13:03,buy,0.27,NZDUSD,0.58652,20/05/2026 14:34:38,0.58478,0.00,-2.55,-17.40,-49.53,0.00,0.00,-49.53,-17.40,7754,Select7ccy,126.36,5.26days
13/05/2026 12:19:05,buy,0.03,NZDUSD,0.59266,20/05/2026 14:34:38,0.58478,0.00,-0.61,-78.80,-24.25,0.00,0.00,-24.25,-78.80,7754,Select7ccy,170.26,7.09days
19/05/2026 16:25:00,buy,0.81,NZDUSD,0.58308,20/05/2026 14:34:37,0.58478,0.00,-2.69,17.00,135.01,135.01,17.00,0.00,0.00,7754,Select7ccy,22.16,22.16hrs
15/05/2026 03:41:02,buy,0.09,NZDUSD,0.58963,20/05/2026 14:34:36,0.58479,0.00,-0.85,-48.40,-44.41,0.00,0.00,-44.41,-48.40,7754,Select7ccy,130.89,5.45days
07/05/2026 04:42:01,buy,0.01,NZDUSD,0.59626,20/05/2026 14:34:35,0.58478,0.00,-0.32,-114.80,-11.80,0.00,0.00,-11.80,-114.80,7754,Select7ccy,321.88,13.41days
18/05/2026 17:15:01,sell,0.01,AUDCAD,0.98485,20/05/2026 10:08:02,0.97879,0.00,-0.12,60.60,4.29,4.29,60.60,0.00,0.00,7754,Select7ccy,40.88,1.70days
19/05/2026 17:25:01,buy,0.09,AUDJPY,112.83900,19/05/2026 22:15:53,113.05800,0.00,0.00,21.90,12.40,12.40,21.90,0.00,0.00,7754,Select7ccy,4.85,4.85hrs
19/05/2026 11:14:04,buy,0.03,AUDJPY,113.20100,19/05/2026 22:15:52,113.05800,0.00,0.00,-14.30,-2.69,0.00,0.00,-2.69,-14.30,7754,Select7ccy,11.03,11.03hrs
18/05/2026 14:27:01,buy,0.01,AUDJPY,113.66600,19/05/2026 22:15:51,113.05900,0.00,0.02,-60.70,-3.80,0.00,0.00,-3.80,-60.70,7754,Select7ccy,31.81,1.33days
15/05/2026 10:35:01,buy,0.03,AUDCHF,0.56260,19/05/2026 20:24:54,0.56106,0.00,0.37,-15.40,-5.49,0.00,0.00,-5.49,-15.40,7754,Select7ccy,105.83,4.41days
19/05/2026 11:07:00,buy,0.09,AUDCHF,0.55944,19/05/2026 20:24:53,0.56105,0.00,0.00,16.10,18.38,18.38,16.10,0.00,0.00,7754,Select7ccy,9.30,9.30hrs
14/05/2026 17:21:01,buy,0.01,AUDCHF,0.56566,19/05/2026 20:24:52,0.56107,0.00,0.18,-45.90,-5.64,0.00,0.00,-5.64,-45.90,7754,Select7ccy,123.06,5.13days
19/05/2026 17:26:00,buy,0.09,AUDCAD,0.97562,19/05/2026 19:56:24,0.97764,0.00,0.00,20.20,13.22,13.22,20.20,0.00,0.00,7754,Select7ccy,2.51,2.51hrs
19/05/2026 11:14:01,buy,0.03,AUDCAD,0.97870,19/05/2026 19:56:23,0.97764,0.00,0.00,-10.60,-2.31,0.00,0.00,-2.31,-10.60,7754,Select7ccy,8.71,8.71hrs
15/05/2026 15:57:00,buy,0.01,AUDCAD,0.98391,19/05/2026 19:56:22,0.97762,0.00,0.06,-62.90,-4.52,0.00,0.00,-4.52,-62.90,7754,Select7ccy,99.99,4.17days
08/05/2026 23:43:01,buy,0.01,CADJPY,114.63600,19/05/2026 15:41:28,115.27200,0.00,0.09,63.60,4.10,4.10,63.60,0.00,0.00,7754,Select7ccy,255.97,10.67days
18/05/2026 06:57:01,sell,0.09,CADJPY,115.65000,19/05/2026 15:41:21,115.46900,0.00,-0.35,18.10,9.89,9.89,18.10,0.00,0.00,7754,Select7ccy,32.74,1.36days
14/05/2026 22:36:01,sell,0.03,CADJPY,115.33200,19/05/2026 15:41:20,115.46700,0.00,-0.36,-13.50,-2.91,0.00,0.00,-2.91,-13.50,7754,Select7ccy,113.09,4.71days
06/05/2026 10:47:01,sell,0.01,CADJPY,115.02300,19/05/2026 15:41:20,115.46200,0.00,-0.53,-43.90,-3.29,0.00,0.00,-3.29,-43.90,7754,Select7ccy,316.91,13.20days
18/05/2026 11:33:01,sell,0.03,AUDJPY,113.73200,19/05/2026 08:51:13,113.37900,0.00,-0.25,35.30,6.41,6.41,35.30,0.00,0.00,7754,Select7ccy,21.30,21.30hrs
15/05/2026 15:02:01,sell,0.01,AUDJPY,113.38100,19/05/2026 08:51:13,113.38300,0.00,-0.16,-0.20,-0.17,0.00,0.00,-0.17,-0.20,7754,Select7ccy,89.82,3.74days
13/05/2026 12:32:00,sell,0.27,AUDNZD,1.22158,19/05/2026 07:10:02,1.21905,0.00,-8.97,25.30,31.03,31.03,25.30,0.00,0.00,7754,Select7ccy,138.63,5.78days
16/04/2026 05:34:01,sell,0.03,AUDNZD,1.21531,19/05/2026 07:10:02,1.21904,0.00,-5.00,-37.30,-11.55,0.00,0.00,-11.55,-37.30,7754,Select7ccy,793.60,33.07days
13/05/2026 08:52:00,sell,0.09,AUDNZD,1.21837,19/05/2026 07:10:01,1.21905,0.00,-2.98,-6.80,-6.57,0.00,0.00,-6.57,-6.80,7754,Select7ccy,142.30,5.93days
08/04/2026 08:08:00,sell,0.01,AUDNZD,1.21105,19/05/2026 07:10:00,1.21904,0.00,-2.22,-79.90,-6.90,0.00,0.00,-6.90,-79.90,7754,Select7ccy,983.03,40.96days
06/05/2026 15:29:00,buy,0.01,AUDNZD,1.21499,18/05/2026 20:00:50,1.21972,0.00,0.24,47.30,3.01,3.01,47.30,0.00,0.00,7754,Select7ccy,292.53,12.19days
15/05/2026 09:51:01,buy,0.09,AUDJPY,113.46700,18/05/2026 11:35:54,113.73900,0.00,0.15,27.20,15.57,15.57,27.20,0.00,0.00,7754,Select7ccy,73.75,3.07days
15/05/2026 08:02:00,buy,0.03,AUDJPY,113.80700,18/05/2026 11:35:54,113.73600,0.00,0.05,-7.10,-1.29,0.00,0.00,-1.29,-7.10,7754,Select7ccy,75.56,3.15days
14/05/2026 17:16:01,buy,0.01,AUDJPY,114.14800,18/05/2026 11:35:53,113.74400,0.00,0.04,-40.40,-2.50,0.00,0.00,-2.50,-40.40,7754,Select7ccy,90.33,3.76days
14/05/2026 18:40:00,sell,0.01,AUDCAD,0.99133,18/05/2026 11:34:55,0.98413,0.00,-0.12,72.00,5.12,5.12,72.00,0.00,0.00,7754,Select7ccy,88.92,3.70days
14/05/2026 08:08:01,sell,0.01,AUDJPY,114.51400,15/05/2026 13:53:12,113.67400,0.00,-0.08,84.00,5.22,5.22,84.00,0.00,0.00,7754,Select7ccy,29.75,1.24days
15/05/2026 12:13:01,buy,0.09,AUDCAD,0.98289,15/05/2026 13:45:30,0.98488,0.00,0.00,19.90,13.03,13.03,19.90,0.00,0.00,7754,Select7ccy,1.54,1.54hrs
15/05/2026 08:13:01,buy,0.03,AUDCAD,0.98622,15/05/2026 13:45:29,0.98488,0.00,0.00,-13.40,-2.93,0.00,0.00,-2.93,-13.40,7754,Select7ccy,5.54,5.54hrs
11/05/2026 01:05:00,buy,0.01,AUDCAD,0.98925,15/05/2026 13:45:28,0.98488,0.00,0.17,-43.70,-3.01,0.00,0.00,-3.01,-43.70,7754,Select7ccy,108.67,4.53days
13/05/2026 11:30:01,sell,0.03,AUDCHF,0.56588,15/05/2026 09:31:24,0.56286,0.00,-1.48,30.20,10.05,10.05,30.20,0.00,0.00,7754,Select7ccy,46.02,1.92days
08/05/2026 02:35:01,sell,0.01,AUDCHF,0.56226,15/05/2026 09:31:24,0.56286,0.00,-0.86,-6.00,-1.63,0.00,0.00,-1.63,-6.00,7754,Select7ccy,174.94,7.29days
08/05/2026 15:34:01,sell,0.03,AUDCAD,0.99052,14/05/2026 16:44:24,0.99120,0.00,-1.13,-6.80,-2.62,0.00,0.00,-2.62,-6.80,7754,Select7ccy,145.17,6.05days
13/05/2026 17:31:00,sell,0.09,AUDCAD,0.99355,14/05/2026 16:44:23,0.99123,0.00,-1.70,23.20,13.51,13.51,23.20,0.00,0.00,7754,Select7ccy,23.22,23.22hrs
07/05/2026 23:57:00,sell,0.01,AUDCAD,0.98413,14/05/2026 16:44:23,0.99116,0.00,-0.43,-70.30,-5.55,0.00,0.00,-5.55,-70.30,7754,Select7ccy,160.79,6.70days
17/04/2026 18:33:01,buy,0.01,AUDJPY,113.73100,14/05/2026 16:02:43,114.23000,0.00,0.50,49.90,3.66,3.66,49.90,0.00,0.00,7754,Select7ccy,645.50,26.90days
13/05/2026 13:49:01,sell,0.03,AUDJPY,114.38200,14/05/2026 07:05:47,114.42700,0.00,-0.74,-4.50,-1.59,0.00,0.00,-1.59,-4.50,7754,Select7ccy,17.28,17.28hrs
13/05/2026 18:30:01,sell,0.09,AUDJPY,114.68400,14/05/2026 07:05:46,114.41100,0.00,-2.21,27.30,13.37,13.37,27.30,0.00,0.00,7754,Select7ccy,12.60,12.60hrs
08/05/2026 00:42:36,sell,0.01,AUDJPY,112.90600,14/05/2026 07:05:46,114.37900,0.00,-0.49,-147.30,-9.83,0.00,0.00,-9.83,-147.30,7754,Select7ccy,150.39,6.27days
07/05/2026 17:25:00,buy,0.01,AUDCHF,0.56385,14/05/2026 05:01:44,0.56612,0.00,0.42,22.70,3.33,3.33,22.70,0.00,0.00,7754,Select7ccy,155.61,6.48days
08/05/2026 01:17:02,buy,0.01,AUDCAD,0.98456,11/05/2026 00:01:49,0.98753,0.00,0.02,29.70,2.20,2.20,29.70,0.00,0.00,7754,Select7ccy,70.75,2.95days
08/05/2026 16:15:00,buy,0.09,CADJPY,114.32200,08/05/2026 22:42:15,114.58900,0.00,0.00,26.70,15.34,15.34,26.70,0.00,0.00,7754,Select7ccy,6.45,6.45hrs
06/05/2026 10:59:00,buy,0.03,CADJPY,114.73300,08/05/2026 22:42:14,114.58700,0.00,0.13,-14.60,-2.66,0.00,0.00,-2.66,-14.60,7754,Select7ccy,59.72,2.49days
06/05/2026 09:49:00,buy,0.01,CADJPY,115.09000,08/05/2026 22:42:13,114.58700,0.00,0.04,-50.30,-3.17,0.00,0.00,-3.17,-50.30,7754,Select7ccy,60.89,2.54days
17/04/2026 16:54:00,sell,0.03,AUDCHF,0.56216,07/05/2026 23:57:12,0.56268,0.00,-7.19,-5.20,-9.19,0.00,0.00,-9.19,-5.20,7754,Select7ccy,487.05,20.29days
06/05/2026 05:35:00,sell,0.09,AUDCHF,0.56517,07/05/2026 23:57:11,0.56270,0.00,-3.38,24.70,25.09,25.09,24.70,0.00,0.00,7754,Select7ccy,42.37,1.77days
10/04/2026 23:55:01,sell,0.01,AUDCHF,0.55797,07/05/2026 23:57:11,0.56269,0.00,-3.26,-47.20,-9.30,0.00,0.00,-9.30,-47.20,7754,Select7ccy,648.04,27.00days
07/05/2026 13:13:00,sell,0.03,AUDJPY,113.56100,07/05/2026 23:38:15,113.16800,0.00,0.00,39.30,7.52,7.52,39.30,0.00,0.00,7754,Select7ccy,10.42,10.42hrs
06/05/2026 10:19:00,sell,0.01,AUDJPY,113.21400,07/05/2026 23:38:15,113.16800,0.00,-0.25,4.60,0.04,0.04,4.60,0.00,0.00,7754,Select7ccy,37.32,1.56days
07/05/2026 09:44:00,sell,0.03,AUDCAD,0.98893,07/05/2026 22:31:25,0.98523,0.00,0.00,37.00,8.13,8.13,37.00,0.00,0.00,7754,Select7ccy,12.79,12.79hrs
06/05/2026 06:52:01,sell,0.01,AUDCAD,0.98365,07/05/2026 22:31:25,0.98523,0.00,-0.18,-15.80,-1.34,0.00,0.00,-1.34,-15.80,7754,Select7ccy,39.66,1.65days
16/04/2026 23:00:01,buy,0.01,AUDCAD,0.98141,07/05/2026 20:26:47,0.98568,0.00,0.46,42.70,3.59,3.59,42.70,0.00,0.00,7754,Select7ccy,501.45,20.89days
15/04/2026 13:00:00,buy,0.01,AUDCHF,0.55847,06/05/2026 18:49:51,0.56358,0.00,1.19,51.10,7.75,7.75,51.10,0.00,0.00,7754,Select7ccy,509.83,21.24days
01/05/2026 05:14:02,buy,0.01,NZDUSD,0.59091,06/05/2026 15:14:36,0.59585,0.00,-0.09,49.40,4.85,4.85,49.40,0.00,0.00,7754,Select7ccy,130.01,5.42days
15/04/2026 12:48:01,buy,0.01,AUDNZD,1.21058,06/05/2026 11:12:34,1.21568,0.00,0.40,51.00,3.43,3.43,51.00,0.00,0.00,7754,Select7ccy,502.41,20.93days
17/04/2026 18:17:00,sell,0.01,AUDJPY,113.57000,06/05/2026 07:57:52,112.86800,0.00,-1.35,70.20,3.15,3.15,70.20,0.00,0.00,7754,Select7ccy,445.68,18.57days
17/04/2026 19:17:00,sell,0.01,CADJPY,115.60700,06/05/2026 07:57:50,114.63600,0.00,-0.69,97.10,5.55,5.55,97.10,0.00,0.00,7754,Select7ccy,444.68,18.53days
06/05/2026 07:51:00,buy,0.81,CADJPY,114.27400,06/05/2026 07:57:36,114.44900,0.00,0.00,17.50,91.17,91.17,17.50,0.00,0.00,7754,Select7ccy,0.11,0.11hrs
06/05/2026 07:36:00,buy,0.09,CADJPY,114.91900,06/05/2026 07:57:36,114.46500,0.00,0.00,-45.40,-26.28,0.00,0.00,-26.28,-45.40,7754,Select7ccy,0.36,0.36hrs
06/05/2026 07:48:00,buy,0.27,CADJPY,114.58700,06/05/2026 07:57:35,114.46400,0.00,0.00,-12.30,-21.35,0.00,0.00,-21.35,-12.30,7754,Select7ccy,0.16,0.16hrs
06/05/2026 07:32:00,buy,0.03,CADJPY,115.23100,06/05/2026 07:57:34,114.47200,0.00,0.00,-75.90,-14.64,0.00,0.00,-14.64,-75.90,7754,Select7ccy,0.43,0.43hrs
17/04/2026 18:12:00,buy,0.01,CADJPY,115.55900,06/05/2026 07:57:33,114.44700,0.00,0.18,-111.20,-6.97,0.00,0.00,-6.97,-111.20,7754,Select7ccy,445.76,18.57days
29/04/2026 05:54:02,buy,0.03,NZDUSD,0.58633,30/04/2026 13:06:24,0.58524,0.00,-0.29,-10.90,-3.56,0.00,0.00,-3.56,-10.90,7754,Select7ccy,31.21,1.30days
29/04/2026 17:08:37,buy,0.09,NZDUSD,0.58328,30/04/2026 13:06:23,0.58524,0.00,-0.87,19.60,16.77,16.77,19.60,0.00,0.00,7754,Select7ccy,19.96,19.96hrs
27/04/2026 05:40:03,buy,0.01,NZDUSD,0.58936,30/04/2026 13:06:22,0.58527,0.00,-0.16,-40.90,-4.25,0.00,0.00,-4.25,-40.90,7754,Select7ccy,79.44,3.31days
23/04/2026 20:10:41,buy,0.03,NZDUSD,0.58575,27/04/2026 04:08:43,0.58832,0.00,-0.16,25.70,7.55,7.55,25.70,0.00,0.00,7754,Select7ccy,79.97,3.33days
16/04/2026 17:11:03,buy,0.01,NZDUSD,0.58944,27/04/2026 04:08:42,0.58832,0.00,-0.26,-11.20,-1.38,0.00,0.00,-1.38,-11.20,7754,Select7ccy,250.96,10.46days
17/04/2026 15:52:00,sell,0.03,AUDCAD,0.98513,17/04/2026 22:58:02,0.98171,0.00,0.00,34.20,7.50,8.75,39.90,-2.20,-10.00,7754,Select7ccy,7.10,7.10hrs
16/04/2026 18:01:04,sell,0.01,AUDCAD,0.98211,17/04/2026 22:57:58,0.98173,0.00,-0.06,3.80,0.21,1.29,18.50,-3.00,-40.20,7754,Select7ccy,28.95,1.21days
16/04/2026 16:40:00,sell,0.03,CADJPY,115.98600,17/04/2026 17:20:15,115.65000,0.00,-0.12,33.60,6.26,6.26,33.60,-11.72,-61.70,7754,Select7ccy,24.67,1.03days
16/04/2026 08:24:00,sell,0.01,CADJPY,115.67500,17/04/2026 17:20:12,115.64100,0.00,-0.04,3.40,0.17,0.17,3.40,-5.86,-92.80,7754,Select7ccy,32.94,1.37days
14/04/2026 06:17:00,buy,0.01,AUDJPY,112.78100,17/04/2026 17:09:54,113.87500,0.00,0.09,109.40,7.02,9.96,157.40,-0.97,-15.40,7754,Select7ccy,82.88,3.45days
15/04/2026 19:08:02,sell,0.09,AUDJPY,113.89000,17/04/2026 17:01:15,114.02300,0.00,-2.89,-13.30,-10.46,4.02,9.80,-30.54,-49.00,7754,Select7ccy,45.89,1.91days
17/04/2026 07:24:01,sell,0.27,AUDJPY,114.26000,17/04/2026 17:01:12,114.02500,0.00,0.00,23.50,40.10,40.10,23.50,-20.31,-12.00,7754,Select7ccy,9.62,9.62hrs
15/04/2026 10:36:00,sell,0.03,AUDJPY,113.57100,17/04/2026 17:01:09,114.03100,0.00,-0.96,-46.00,-9.68,3.44,18.20,-16.18,-80.90,7754,Select7ccy,54.42,2.27days
10/04/2026 19:34:00,sell,0.01,AUDJPY,112.62500,17/04/2026 17:01:04,114.03200,0.00,-0.56,-140.70,-9.46,5.76,93.20,-11.56,-175.50,7754,Select7ccy,165.45,6.89days
01/04/2026 05:42:01,buy,0.01,CADJPY,114.16400,17/04/2026 15:47:55,116.08400,0.00,0.18,192.00,12.28,15.37,242.20,-1.86,-29.40,7754,Select7ccy,394.10,16.42days
08/04/2026 07:02:00,buy,0.01,AUDCAD,0.97662,16/04/2026 17:22:11,0.98252,0.00,0.25,59.00,4.55,7.56,100.30,-5.82,-82.20,7754,Select7ccy,202.34,8.43days
16/04/2026 05:32:00,sell,0.09,AUDCAD,0.98606,16/04/2026 16:56:03,0.98322,0.00,0.00,28.40,18.63,18.63,28.40,-4.92,-7.50,7754,Select7ccy,11.40,11.40hrs
14/04/2026 16:38:00,sell,0.03,AUDCAD,0.98095,16/04/2026 16:56:00,0.98320,0.00,-0.75,-22.50,-5.67,0.99,5.40,-13.57,-58.60,7754,Select7ccy,48.30,2.01days
08/04/2026 05:11:02,sell,0.01,AUDCAD,0.97700,16/04/2026 16:55:57,0.98320,0.00,-0.62,-62.00,-5.14,4.76,70.30,-7.77,-98.10,7754,Select7ccy,203.75,8.49days
13/04/2026 13:47:01,buy,0.01,NZDUSD,0.58337,16/04/2026 12:23:02,0.58903,0.00,-0.14,56.60,5.52,8.59,87.30,-1.73,-17.30,7754,Select7ccy,70.60,2.94days
15/04/2026 20:38:01,sell,0.27,CADJPY,115.77700,16/04/2026 05:58:26,115.59300,0.00,-3.21,18.40,28.12,28.12,18.40,-16.29,-9.60,7754,Select7ccy,9.34,9.34hrs
09/04/2026 17:26:00,sell,0.03,CADJPY,115.16600,16/04/2026 05:58:23,115.59300,0.00,-0.86,-42.70,-8.94,5.31,28.10,-13.83,-70.70,7754,Select7ccy,156.54,6.52days
13/04/2026 16:13:03,sell,0.09,CADJPY,115.47900,16/04/2026 05:58:19,115.58600,0.00,-1.79,-10.70,-7.86,11.60,21.10,-23.00,-39.40,7754,Select7ccy,61.75,2.57days
08/04/2026 00:32:08,sell,0.01,CADJPY,114.85200,16/04/2026 05:58:16,115.58700,0.00,-0.41,-73.50,-5.04,5.08,80.40,-6.71,-102.10,7754,Select7ccy,197.44,8.23days
14/04/2026 10:14:01,buy,0.03,AUDNZD,1.20458,15/04/2026 10:51:48,1.21018,0.00,0.05,56.00,9.97,11.33,63.70,-2.04,-11.80,7754,Select7ccy,24.63,1.03days
13/04/2026 01:05:00,buy,0.01,AUDNZD,1.20775,15/04/2026 10:51:45,1.21018,0.00,0.04,24.30,1.47,1.93,32.00,-2.53,-43.50,7754,Select7ccy,57.78,2.41days
14/04/2026 04:31:04,buy,0.03,AUDCHF,0.55494,15/04/2026 08:37:48,0.55744,0.00,0.18,25.00,9.78,10.82,27.70,-4.50,-11.70,7754,Select7ccy,28.11,1.17days
08/04/2026 07:15:04,buy,0.01,AUDCHF,0.55803,15/04/2026 08:37:43,0.55741,0.00,0.43,-6.20,-0.37,2.68,19.70,-7.80,-64.00,7754,Select7ccy,169.38,7.06days
13/04/2026 01:07:10,buy,0.01,AUDJPY,111.99400,14/04/2026 04:31:00,112.70600,0.00,0.02,71.20,4.49,7.39,116.90,0.00,0.00,7754,Select7ccy,27.40,1.14days
13/04/2026 00:01:12,buy,0.03,NZDUSD,0.58045,13/04/2026 10:45:06,0.58349,0.00,0.00,30.40,9.12,10.71,35.70,-3.60,-12.00,7754,Select7ccy,10.73,10.73hrs
10/04/2026 11:32:01,buy,0.01,NZDUSD,0.58406,13/04/2026 10:45:01,0.58350,0.00,-0.03,-5.60,-0.59,2.62,26.20,-4.84,-48.10,7754,Select7ccy,71.22,2.97days
08/04/2026 06:55:01,buy,0.01,AUDJPY,111.72800,13/04/2026 00:01:58,111.52300,0.00,0.09,-20.50,-1.20,7.10,111.80,-1.60,-25.40,7754,Select7ccy,113.12,4.71days
09/04/2026 10:14:01,buy,0.03,AUDNZD,1.20529,10/04/2026 23:52:11,1.21063,0.00,0.06,53.40,9.42,10.86,61.70,-0.70,-4.00,7754,Select7ccy,37.64,1.57days
06/04/2026 16:40:02,buy,0.01,AUDNZD,1.21154,10/04/2026 23:52:08,1.21053,0.00,0.12,-10.10,-0.47,4.78,81.80,-3.78,-66.50,7754,Select7ccy,103.20,4.30days
09/04/2026 18:22:00,sell,0.09,AUDJPY,112.52300,10/04/2026 18:02:08,112.66000,0.00,-0.76,-13.70,-8.51,5.62,11.30,-20.05,-34.10,7754,Select7ccy,23.67,23.67hrs
10/04/2026 17:24:00,sell,0.27,AUDJPY,112.84800,10/04/2026 18:02:05,112.66600,0.00,0.00,18.20,30.89,30.89,18.20,-2.72,-1.60,7754,Select7ccy,0.63,0.63hrs
09/04/2026 17:04:00,sell,0.03,AUDJPY,112.20900,10/04/2026 18:02:01,112.66900,0.00,-0.25,-46.00,-8.92,0.21,1.10,-12.60,-65.50,7754,Select7ccy,24.97,1.04days
08/04/2026 04:34:01,sell,0.01,AUDJPY,111.90500,10/04/2026 18:01:58,112.66800,0.00,-0.33,-76.30,-5.13,2.61,41.30,-6.36,-95.90,7754,Select7ccy,61.47,2.56days
09/04/2026 22:58:01,sell,0.03,AUDCHF,0.55991,10/04/2026 16:55:58,0.55719,0.00,-0.38,27.20,9.99,10.45,28.40,-3.83,-9.10,7754,Select7ccy,17.97,17.97hrs
09/04/2026 08:55:01,sell,0.01,AUDCHF,0.55689,10/04/2026 16:55:55,0.55723,0.00,-0.13,-3.40,-0.57,1.37,10.80,-5.10,-39.30,7754,Select7ccy,32.02,1.33days
08/04/2026 04:51:01,buy,0.01,NZDUSD,0.58021,10/04/2026 09:40:15,0.58417,0.00,-0.11,39.60,3.85,6.91,69.90,-0.75,-7.50,7754,Select7ccy,52.82,2.20days
07/04/2026 10:53:01,sell,0.03,AUDCHF,0.55303,08/04/2026 11:39:20,0.55567,0.00,-0.37,-26.40,-10.42,0.23,0.60,-27.42,-71.50,7754,Select7ccy,24.77,1.03days
08/04/2026 01:38:06,sell,0.09,AUDCHF,0.55799,08/04/2026 11:39:17,0.55567,0.00,0.00,23.20,26.50,27.06,23.70,-24.85,-21.90,7754,Select7ccy,10.02,10.02hrs
23/03/2026 13:19:00,sell,0.01,AUDCHF,0.54969,08/04/2026 11:39:13,0.55567,0.00,-1.86,-59.80,-9.45,3.29,32.70,-15.09,-104.90,7754,Select7ccy,382.34,15.93days
07/04/2026 05:42:01,sell,0.03,AUDNZD,1.21278,08/04/2026 06:13:58,1.21350,0.00,-0.17,-7.20,-1.42,0.63,3.70,-14.23,-81.80,7754,Select7ccy,24.53,1.02days
07/04/2026 15:10:01,sell,0.09,AUDNZD,1.21599,08/04/2026 06:13:54,1.21363,0.00,-0.52,23.60,11.82,11.82,23.60,-26.14,-49.70,7754,Select7ccy,15.06,15.06hrs
06/04/2026 17:49:00,sell,0.01,AUDNZD,1.20971,08/04/2026 06:13:51,1.21364,0.00,-0.12,-39.30,-2.40,0.00,0.00,-6.56,-112.50,7754,Select7ccy,36.41,1.52days
03/04/2026 01:05:01,buy,0.01,AUDCAD,0.96199,08/04/2026 05:31:29,0.97592,0.00,0.06,139.30,10.12,13.01,179.20,-2.89,-40.20,7754,Select7ccy,124.44,5.19days
31/03/2026 21:39:00,buy,0.01,AUDJPY,109.53100,08/04/2026 03:45:32,111.88900,0.00,0.11,235.80,14.97,17.84,281.30,-1.24,-19.90,7754,Select7ccy,174.11,7.25days
31/03/2026 18:05:00,buy,0.01,AUDCHF,0.55118,08/04/2026 03:45:16,0.55794,0.00,0.43,67.60,8.97,11.59,88.50,-3.38,-28.60,7754,Select7ccy,177.67,7.40days
06/04/2026 09:53:01,buy,0.01,NZDUSD,0.57115,08/04/2026 03:44:47,0.57875,0.00,-0.06,76.00,7.54,10.31,103.70,-2.09,-20.60,7754,Select7ccy,41.86,1.74days
08/04/2026 02:04:01,sell,0.27,AUDJPY,112.21500,08/04/2026 03:30:57,111.97500,0.00,0.00,24.00,40.86,40.86,24.00,-25.18,-14.80,7754,Select7ccy,1.45,1.45hrs
07/04/2026 23:53:01,sell,0.03,AUDJPY,111.37800,08/04/2026 03:30:54,111.96900,0.00,-0.25,-59.10,-11.42,1.42,8.90,-18.87,-98.50,7754,Select7ccy,3.63,3.63hrs
08/04/2026 01:39:01,sell,0.09,AUDJPY,111.75000,08/04/2026 03:30:50,111.98600,0.00,0.00,-23.60,-13.38,0.00,0.00,-34.77,-61.30,7754,Select7ccy,1.86,1.86hrs
07/04/2026 21:06:00,sell,0.01,AUDJPY,111.06800,08/04/2026 03:30:46,111.98900,0.00,-0.08,-92.10,-5.89,0.17,2.70,-8.24,-129.50,7754,Select7ccy,6.41,6.41hrs
08/04/2026 01:38:00,sell,0.81,AUDCAD,0.97366,08/04/2026 03:15:33,0.97819,0.00,0.00,-45.30,-265.03,0.00,0.00,-375.84,-64.20,7754,Select7ccy,1.63,1.63hrs
08/04/2026 03:02:00,sell,7.29,AUDCAD,0.98002,08/04/2026 03:15:29,0.97816,0.00,0.00,18.60,979.42,1000.45,19.00,-31.61,-0.60,7754,Select7ccy,0.22,0.22hrs
07/04/2026 22:46:00,sell,0.09,AUDCAD,0.96753,08/04/2026 03:15:26,0.97816,0.00,-0.58,-106.30,-69.69,0.00,0.00,-82.21,-125.50,7754,Select7ccy,4.49,4.49hrs
08/04/2026 01:58:01,sell,2.43,AUDCAD,0.97679,08/04/2026 03:15:22,0.97815,0.00,0.00,-13.60,-238.70,0.00,0.00,-577.81,-32.90,7754,Select7ccy,1.29,1.29hrs
08/04/2026 01:04:01,sell,0.27,AUDCAD,0.97058,08/04/2026 03:15:19,0.97813,0.00,0.00,-75.50,-147.24,0.00,0.00,-185.38,-95.00,7754,Select7ccy,2.19,2.19hrs
06/04/2026 09:53:06,sell,0.03,AUDCAD,0.96364,08/04/2026 03:15:15,0.97816,0.00,-0.38,-145.20,-31.84,5.26,25.30,-36.03,-164.40,7754,Select7ccy,41.37,1.72days
02/04/2026 00:01:15,sell,0.01,AUDCAD,0.95973,08/04/2026 03:15:06,0.97796,0.00,-0.24,-182.30,-13.40,3.07,42.80,-14.95,-203.50,7754,Select7ccy,147.23,6.13days
06/04/2026 17:58:01,sell,0.03,CADJPY,114.76200,07/04/2026 23:00:05,114.85000,0.00,-0.13,-8.80,-1.78,2.65,14.80,-6.13,-32.00,7754,Select7ccy,29.03,1.21days
07/04/2026 20:25:01,sell,0.09,CADJPY,115.06500,07/04/2026 23:00:00,114.86600,0.00,0.00,19.90,11.22,12.52,22.20,-0.96,-1.70,7754,Select7ccy,2.58,2.58hrs
02/04/2026 19:39:00,sell,0.01,CADJPY,114.45500,07/04/2026 22:59:59,114.86600,0.00,-0.12,-41.10,-2.70,0.26,4.70,-4.04,-62.70,7754,Select7ccy,123.35,5.14days
07/04/2026 17:39:01,sell,0.81,AUDJPY,111.08000,07/04/2026 18:05:36,110.91200,0.00,0.00,16.80,85.05,85.05,16.80,-1.01,-0.20,7754,Select7ccy,0.44,0.44hrs
06/04/2026 10:38:02,sell,0.09,AUDJPY,110.42300,07/04/2026 18:05:33,110.90700,0.00,-0.76,-48.40,-27.99,3.97,8.40,-37.86,-65.90,7754,Select7ccy,31.46,1.31days
07/04/2026 11:59:04,sell,0.27,AUDJPY,110.77900,07/04/2026 18:05:30,110.91200,0.00,0.00,-13.30,-22.44,18.93,11.20,-51.18,-30.30,7754,Select7ccy,6.11,6.11hrs
01/04/2026 03:46:01,sell,0.03,AUDJPY,109.90000,07/04/2026 18:05:26,110.90000,0.00,-1.37,-100.00,-20.12,8.11,46.70,-23.55,-118.20,7754,Select7ccy,158.32,6.60days
31/03/2026 20:58:00,sell,0.01,AUDJPY,109.38900,07/04/2026 18:05:22,110.90700,0.00,-0.53,-151.80,-10.01,0.00,0.00,-11.12,-169.30,7754,Select7ccy,165.12,6.88days
25/03/2026 11:08:00,buy,0.01,AUDNZD,1.19903,03/04/2026 23:42:15,1.20679,0.00,0.12,77.60,4.53,7.32,126.70,-4.47,-78.90,7754,Select7ccy,228.57,9.52days
02/04/2026 04:34:00,buy,0.03,NZDUSD,0.57213,03/04/2026 23:10:43,0.57158,0.00,-0.08,-5.50,-1.73,3.18,10.60,-11.39,-37.70,7754,Select7ccy,42.61,1.78days
03/04/2026 22:07:21,buy,0.09,NZDUSD,0.56840,03/04/2026 23:10:40,0.57060,0.00,0.00,22.00,19.80,19.80,22.00,-0.36,-0.40,7754,Select7ccy,1.06,1.06hrs
01/04/2026 22:41:00,buy,0.01,NZDUSD,0.57523,03/04/2026 23:10:37,0.57038,0.00,-0.11,-48.50,-4.96,0.38,4.60,-6.98,-68.70,7754,Select7ccy,48.49,2.02days
02/04/2026 18:38:00,sell,0.09,AUDNZD,1.20686,03/04/2026 22:57:08,1.20928,0.00,-0.39,-24.20,-12.80,2.01,3.90,-26.28,-50.60,7754,Select7ccy,28.32,1.18days
03/04/2026 22:07:14,sell,0.27,AUDNZD,1.21192,03/04/2026 22:57:04,1.20966,0.00,0.00,22.60,34.75,34.75,22.60,0.00,0.00,7754,Select7ccy,0.83,0.83hrs
01/04/2026 03:57:00,sell,0.03,AUDNZD,1.20389,03/04/2026 22:57:01,1.20948,0.00,-0.52,-55.90,-10.07,2.84,16.50,-14.22,-80.30,7754,Select7ccy,67.00,2.79days
23/03/2026 15:33:01,sell,0.01,AUDNZD,1.20085,03/04/2026 22:56:58,1.20954,0.00,-0.60,-86.90,-5.55,4.18,72.50,-6.89,-110.70,7754,Select7ccy,271.40,11.31days
02/04/2026 04:18:01,buy,0.03,AUDCAD,0.95806,02/04/2026 17:37:12,0.96175,0.00,0.00,36.90,7.95,7.95,36.90,-5.97,-27.70,7754,Select7ccy,13.32,13.32hrs
01/04/2026 22:40:01,buy,0.01,AUDCAD,0.96121,02/04/2026 17:37:09,0.96130,0.00,0.06,0.90,0.12,0.74,9.40,-4.19,-59.20,7754,Select7ccy,18.95,18.95hrs
02/04/2026 10:27:00,sell,0.09,CADJPY,114.79700,02/04/2026 17:19:50,114.56900,0.00,0.00,22.80,12.87,12.87,22.80,-2.03,-3.60,7754,Select7ccy,6.88,6.88hrs
01/04/2026 22:17:01,sell,0.03,CADJPY,114.41500,02/04/2026 17:19:46,114.56600,0.00,-0.35,-15.10,-3.19,2.15,13.20,-8.20,-41.80,7754,Select7ccy,19.05,19.05hrs
01/04/2026 05:14:00,sell,0.01,CADJPY,114.10700,02/04/2026 17:19:43,114.56800,0.00,-0.12,-46.10,-3.01,1.40,22.10,-4.67,-72.60,7754,Select7ccy,36.10,1.50days
31/03/2026 08:52:02,buy,0.01,NZDUSD,0.57147,01/04/2026 21:20:50,0.57468,0.00,-0.03,32.10,3.18,6.18,62.10,-1.47,-14.70,7754,Select7ccy,36.48,1.52days
01/04/2026 09:57:02,sell,0.27,AUDCAD,0.96439,01/04/2026 21:01:10,0.96234,0.00,0.00,20.50,39.86,39.86,20.50,-43.33,-22.30,7754,Select7ccy,11.07,11.07hrs
31/03/2026 14:21:01,sell,0.03,AUDCAD,0.95733,01/04/2026 21:01:07,0.96239,0.00,-0.17,-50.60,-11.10,2.95,13.70,-20.23,-92.90,7754,Select7ccy,30.67,1.28days
31/03/2026 19:42:00,sell,0.09,AUDCAD,0.96042,01/04/2026 21:01:04,0.96239,0.00,-0.51,-19.70,-13.28,10.08,15.60,-40.67,-62.00,7754,Select7ccy,25.32,1.05days
30/03/2026 16:33:00,sell,0.01,AUDCAD,0.95429,01/04/2026 21:00:59,0.96239,0.00,-0.12,-81.00,-5.96,1.22,17.10,-8.99,-123.30,7754,Select7ccy,52.47,2.19days
30/03/2026 11:40:01,buy,0.01,AUDCAD,0.95405,01/04/2026 20:58:43,0.96233,0.00,0.04,82.80,6.00,8.96,124.00,-1.16,-16.40,7754,Select7ccy,57.31,2.39days
20/03/2026 08:04:01,sell,0.01,CADJPY,115.32400,01/04/2026 04:03:30,114.32100,0.00,-0.41,100.30,5.90,8.77,145.40,-6.81,-108.10,7754,Select7ccy,283.99,11.83days
31/03/2026 15:53:01,buy,0.27,CADJPY,114.32800,01/04/2026 03:47:12,114.18100,0.00,0.26,-14.70,-24.75,6.10,3.60,-80.50,-47.40,7754,Select7ccy,11.90,11.90hrs
30/03/2026 05:28:01,buy,0.03,CADJPY,115.06100,01/04/2026 03:47:08,114.18000,0.00,0.06,-88.10,-16.60,0.00,0.00,-22.74,-120.70,7754,Select7ccy,46.32,1.93days
31/03/2026 18:00:01,buy,0.81,CADJPY,114.02100,01/04/2026 03:47:05,114.17700,0.00,0.78,15.60,80.40,80.40,15.60,-85.08,-16.70,7754,Select7ccy,9.78,9.78hrs
30/03/2026 11:47:04,buy,0.09,CADJPY,114.75900,01/04/2026 03:47:02,114.17400,0.00,0.18,-58.50,-33.00,5.60,9.80,-51.14,-90.50,7754,Select7ccy,40.00,1.67days
27/03/2026 12:08:01,buy,0.01,CADJPY,115.46800,01/04/2026 03:46:59,114.18900,0.00,0.03,-127.90,-8.03,0.14,2.20,-10.13,-161.40,7754,Select7ccy,111.65,4.65days
31/03/2026 17:56:01,buy,0.03,AUDJPY,109.11700,31/03/2026 19:43:39,109.49200,0.00,0.00,37.50,7.08,7.08,37.50,-2.58,-13.70,7754,Select7ccy,1.79,1.79hrs
31/03/2026 13:26:03,buy,0.01,AUDJPY,109.50400,31/03/2026 19:43:36,109.49000,0.00,0.00,-1.40,-0.09,2.06,32.80,-3.30,-52.40,7754,Select7ccy,6.29,6.29hrs
31/03/2026 14:40:01,sell,0.03,AUDJPY,109.72300,31/03/2026 17:57:57,108.85700,0.00,0.00,86.60,16.32,16.32,86.60,-2.39,-12.70,7754,Select7ccy,3.30,3.30hrs
31/03/2026 02:09:01,sell,0.01,AUDJPY,109.42100,31/03/2026 17:57:54,108.89100,0.00,0.00,53.00,3.33,3.33,53.00,-2.69,-42.90,7754,Select7ccy,15.81,15.81hrs
20/03/2026 19:49:01,buy,0.03,AUDCHF,0.55456,31/03/2026 16:56:09,0.55086,0.00,1.52,-37.00,-12.35,0.91,2.40,-34.73,-96.00,7754,Select7ccy,261.12,10.88days
26/03/2026 14:58:00,buy,0.09,AUDCHF,0.54861,31/03/2026 16:56:05,0.55084,0.00,1.51,22.30,26.60,27.49,23.10,-40.13,-36.50,7754,Select7ccy,121.97,5.08days
17/03/2026 07:44:01,buy,0.01,AUDCHF,0.55772,31/03/2026 16:56:02,0.55084,0.00,0.76,-68.80,-7.84,4.25,32.20,-15.28,-127.60,7754,Select7ccy,345.20,14.38days
31/03/2026 08:14:02,buy,0.03,AUDJPY,109.11700,31/03/2026 11:10:32,109.56600,0.00,0.00,44.90,8.44,9.43,50.20,0.00,0.00,7754,Select7ccy,2.94,2.94hrs
31/03/2026 07:20:02,buy,0.01,AUDJPY,109.44100,31/03/2026 11:10:28,109.57400,0.00,0.00,13.30,0.83,1.12,17.80,-2.24,-35.70,7754,Select7ccy,3.84,3.84hrs
30/03/2026 17:20:01,buy,0.27,NZDUSD,0.57046,31/03/2026 04:25:36,0.57281,0.00,-0.69,23.50,62.76,62.76,23.50,-11.07,-4.10,7754,Select7ccy,11.09,11.09hrs
26/03/2026 10:12:01,buy,0.03,NZDUSD,0.57891,31/03/2026 04:25:32,0.57284,0.00,-0.24,-60.70,-18.45,0.72,2.40,-26.74,-88.60,7754,Select7ccy,114.23,4.76days
26/03/2026 20:56:00,buy,0.09,NZDUSD,0.57583,31/03/2026 04:25:29,0.57284,0.00,-0.73,-29.90,-27.64,16.67,18.80,-52.52,-57.80,7754,Select7ccy,103.49,4.31days
25/03/2026 03:12:00,buy,0.01,NZDUSD,0.58432,31/03/2026 04:25:26,0.57283,0.00,-0.17,-114.90,-11.66,0.00,0.00,-14.41,-142.70,7754,Select7ccy,145.22,6.05days
30/03/2026 03:02:01,buy,0.27,AUDJPY,109.69200,31/03/2026 03:45:48,109.57200,0.00,0.40,-12.00,-19.88,16.06,9.50,-107.12,-63.30,7754,Select7ccy,24.73,1.03days
26/03/2026 14:27:01,buy,0.03,AUDJPY,110.50500,31/03/2026 03:45:45,109.57300,0.00,0.14,-93.20,-17.36,0.04,0.20,-27.09,-144.60,7754,Select7ccy,109.31,4.55days
30/03/2026 10:38:00,buy,0.81,AUDJPY,109.37900,31/03/2026 03:45:42,109.57800,0.00,1.19,19.90,102.06,102.06,19.90,-162.45,-32.00,7754,Select7ccy,17.13,17.13hrs
26/03/2026 19:23:01,buy,0.09,AUDJPY,110.20300,31/03/2026 03:45:39,109.58200,0.00,0.41,-62.10,-34.57,9.30,16.30,-64.25,-114.40,7754,Select7ccy,104.38,4.35days
23/03/2026 15:22:00,buy,0.01,AUDJPY,111.21000,31/03/2026 03:45:36,109.56500,0.00,0.14,-164.50,-10.15,3.22,51.10,-13.35,-215.10,7754,Select7ccy,180.39,7.52days
27/03/2026 08:25:00,sell,0.01,AUDJPY,110.21300,31/03/2026 00:46:22,109.53900,0.00,-0.15,67.40,4.07,7.03,113.50,-1.09,-17.40,7754,Select7ccy,88.36,3.68days
23/03/2026 16:25:00,sell,0.01,AUDCAD,0.96090,30/03/2026 14:26:49,0.95549,0.00,-0.42,54.10,3.47,6.62,97.80,-3.75,-51.40,7754,Select7ccy,166.03,6.92days
30/03/2026 03:54:01,buy,0.03,AUDCAD,0.95114,30/03/2026 09:51:39,0.95419,0.00,0.00,30.50,6.58,7.90,36.60,-0.41,-1.90,7754,Select7ccy,5.96,5.96hrs
27/03/2026 05:01:01,buy,0.01,AUDCAD,0.95421,30/03/2026 09:51:36,0.95420,0.00,0.02,-0.10,0.01,2.13,29.50,-2.33,-32.60,7754,Select7ccy,76.84,3.20days
23/03/2026 20:54:01,buy,0.03,CADJPY,115.44900,27/03/2026 10:24:50,115.40000,0.00,0.19,-4.90,-0.73,3.43,18.00,-6.34,-34.70,7754,Select7ccy,85.51,3.56days
27/03/2026 03:54:00,buy,0.09,CADJPY,115.11000,27/03/2026 10:24:46,115.40200,0.00,0.00,29.20,16.44,16.56,29.40,-0.23,-0.40,7754,Select7ccy,6.51,6.51hrs
23/03/2026 15:54:01,buy,0.01,CADJPY,115.77500,27/03/2026 10:24:42,115.40000,0.00,0.06,-37.50,-2.28,0.02,0.40,-4.16,-67.30,7754,Select7ccy,90.51,3.77days
23/03/2026 16:22:01,sell,0.01,AUDJPY,111.16500,27/03/2026 06:30:34,110.12500,0.00,-0.48,104.00,6.03,8.99,151.10,-3.63,-57.50,7754,Select7ccy,86.14,3.59days
26/03/2026 20:55:03,buy,0.27,AUDCAD,0.95429,26/03/2026 23:12:06,0.95672,0.00,0.00,24.30,47.42,47.42,24.30,-33.12,-17.00,7754,Select7ccy,2.28,2.28hrs
20/03/2026 21:23:00,buy,0.03,AUDCAD,0.96337,26/03/2026 23:12:03,0.95708,0.00,0.41,-62.90,-13.22,5.56,25.10,-28.32,-130.10,7754,Select7ccy,145.82,6.08days
26/03/2026 14:53:02,buy,0.09,AUDCAD,0.95747,26/03/2026 23:11:59,0.95676,0.00,0.00,-7.10,-4.62,2.02,3.10,-31.70,-48.80,7754,Select7ccy,8.32,8.32hrs
19/03/2026 19:06:01,buy,0.01,AUDCAD,0.96678,26/03/2026 23:11:56,0.95662,0.00,0.15,-101.60,-7.19,5.38,73.90,-11.90,-164.20,7754,Select7ccy,172.10,7.17days
23/03/2026 03:33:00,buy,0.03,AUDNZD,1.20132,25/03/2026 08:26:55,1.19978,0.00,0.08,-15.40,-2.61,4.38,25.10,-14.95,-85.30,7754,Select7ccy,52.90,2.20days
23/03/2026 18:56:00,buy,0.09,AUDNZD,1.19715,25/03/2026 08:26:52,1.19979,0.00,0.26,26.40,14.07,15.17,28.50,-22.86,-43.60,7754,Select7ccy,37.51,1.56days
13/03/2026 20:13:04,buy,0.01,AUDNZD,1.20855,25/03/2026 08:26:48,1.19981,0.00,0.16,-87.40,-4.91,3.68,62.80,-9.08,-157.60,7754,Select7ccy,276.23,11.51days
24/03/2026 20:06:01,buy,0.03,NZDUSD,0.57983,24/03/2026 23:27:35,0.58455,0.00,0.00,47.20,14.16,14.16,47.20,-1.17,-3.90,7754,Select7ccy,3.36,3.36hrs
23/03/2026 15:22:06,buy,0.01,NZDUSD,0.58305,24/03/2026 23:27:32,0.58457,0.00,-0.03,15.20,1.49,5.28,52.80,-3.64,-36.10,7754,Select7ccy,32.09,1.34days
19/03/2026 02:43:02,sell,0.01,AUDNZD,1.21293,23/03/2026 14:11:19,1.20457,0.00,-0.10,83.60,4.79,7.76,136.40,-0.28,-4.80,7754,Select7ccy,107.47,4.48days
23/03/2026 13:38:01,buy,0.03,NZDUSD,0.57685,23/03/2026 14:06:17,0.58187,0.00,0.00,50.20,15.06,15.06,50.20,-1.89,-6.30,7754,Select7ccy,0.47,0.47hrs
19/03/2026 19:05:00,buy,0.01,NZDUSD,0.58388,23/03/2026 14:06:14,0.58172,0.00,-0.06,-21.60,-2.22,5.13,51.60,-7.72,-76.60,7754,Select7ccy,91.02,3.79days
20/03/2026 06:59:01,buy,0.01,CADJPY,115.36900,23/03/2026 14:05:51,115.87500,0.00,0.01,50.60,3.19,6.40,102.00,-0.59,-9.30,7754,Select7ccy,79.11,3.30days
23/03/2026 13:21:01,buy,0.03,AUDJPY,110.55400,23/03/2026 14:05:48,111.14000,0.00,0.00,58.60,11.06,11.06,58.60,-5.19,-27.60,7754,Select7ccy,0.75,0.75hrs
19/03/2026 20:24:01,buy,0.01,AUDJPY,111.43500,23/03/2026 14:05:45,111.18500,0.00,0.02,-25.00,-1.55,5.86,92.60,-7.23,-115.70,7754,Select7ccy,89.70,3.74days
19/03/2026 19:53:00,sell,0.01,AUDJPY,111.30600,23/03/2026 14:05:33,110.84100,0.00,-0.14,46.50,2.78,6.18,100.90,-6.88,-107.80,7754,Select7ccy,90.21,3.76days
20/03/2026 15:49:02,sell,0.01,AUDCAD,0.97015,23/03/2026 14:05:24,0.95468,0.00,-0.05,154.70,11.21,14.22,196.20,-0.34,-4.70,7754,Select7ccy,70.27,2.93days
19/03/2026 17:30:01,sell,0.01,AUDCHF,0.55709,23/03/2026 11:59:25,0.55118,0.00,-0.22,59.10,7.25,10.17,82.00,-3.97,-30.50,7754,Select7ccy,90.49,3.77days
19/03/2026 22:06:00,sell,0.09,AUDCAD,0.97304,20/03/2026 12:43:53,0.97049,0.00,-0.48,25.50,16.25,16.25,25.50,-9.78,-14.20,7754,Select7ccy,14.63,14.63hrs
19/03/2026 21:55:06,sell,0.03,AUDCAD,0.96987,20/03/2026 12:43:50,0.97052,0.00,-0.16,-6.50,-1.59,0.00,0.00,-10.18,-45.90,7754,Select7ccy,14.81,14.81hrs
18/03/2026 16:16:01,sell,0.01,AUDCAD,0.96656,20/03/2026 12:43:46,0.97054,0.00,-0.21,-39.80,-3.11,3.77,54.00,-5.96,-79.00,7754,Select7ccy,44.46,1.85days
19/03/2026 19:57:01,buy,0.27,CADJPY,115.15700,20/03/2026 05:37:24,115.32200,0.00,0.27,16.50,28.41,28.41,16.50,-74.16,-43.40,7754,Select7ccy,9.67,9.67hrs
19/03/2026 11:13:06,buy,0.03,CADJPY,115.80300,20/03/2026 05:37:20,115.32100,0.00,0.03,-48.20,-9.10,3.54,18.80,-20.53,-108.00,7754,Select7ccy,18.40,18.40hrs
19/03/2026 16:50:00,buy,0.09,CADJPY,115.46200,20/03/2026 05:37:17,115.31700,0.00,0.09,-14.50,-8.15,1.42,2.50,-42.13,-73.90,7754,Select7ccy,12.79,12.79hrs
18/03/2026 13:04:02,buy,0.01,CADJPY,116.12700,20/03/2026 05:37:14,115.32300,0.00,0.04,-80.40,-5.04,2.33,36.80,-8.87,-140.40,7754,Select7ccy,40.55,1.69days
13/03/2026 13:45:01,sell,0.01,CADJPY,116.57400,20/03/2026 05:09:24,115.19900,0.00,-0.28,137.50,8.42,11.39,183.40,-0.98,-15.70,7754,Select7ccy,159.41,6.64days
19/03/2026 01:33:01,sell,0.01,AUDJPY,112.21100,19/03/2026 18:05:21,111.66500,0.00,0.00,54.60,3.45,6.20,98.50,-2.49,-39.70,7754,Select7ccy,16.54,16.54hrs
19/03/2026 15:27:01,buy,0.03,AUDJPY,111.68800,19/03/2026 17:52:16,111.58700,0.00,0.00,-10.10,-1.91,0.04,0.20,-9.08,-48.10,7754,Select7ccy,2.42,2.42hrs
19/03/2026 16:04:02,buy,0.09,AUDJPY,111.37800,19/03/2026 17:52:13,111.59900,0.00,0.00,22.10,12.57,12.57,22.10,-9.69,-17.10,7754,Select7ccy,1.80,1.80hrs
19/03/2026 15:00:08,buy,0.01,AUDJPY,112.02500,19/03/2026 17:52:10,111.59400,0.00,0.00,-43.10,-2.72,0.00,0.00,-5.15,-81.80,7754,Select7ccy,2.87,2.87hrs
19/03/2026 16:05:00,buy,0.03,AUDCAD,0.96221,19/03/2026 17:04:09,0.96643,0.00,0.00,42.20,9.24,9.24,42.20,-2.67,-12.20,7754,Select7ccy,0.99,0.99hrs
19/03/2026 15:00:01,buy,0.01,AUDCAD,0.96738,19/03/2026 17:04:06,0.96640,0.00,0.00,-9.80,-0.72,0.00,0.00,-4.65,-63.90,7754,Select7ccy,2.07,2.07hrs
18/03/2026 22:00:02,buy,0.27,NZDUSD,0.58155,19/03/2026 16:56:32,0.58321,0.00,-2.33,16.60,42.49,42.49,16.60,-83.33,-30.00,7754,Select7ccy,18.94,18.94hrs
12/03/2026 16:21:01,buy,0.03,NZDUSD,0.58836,19/03/2026 16:56:29,0.58321,0.00,-0.64,-51.50,-16.09,0.78,2.60,-33.23,-110.10,7754,Select7ccy,168.59,7.02days
18/03/2026 15:08:01,buy,0.09,NZDUSD,0.58469,19/03/2026 16:56:22,0.58325,0.00,-0.78,-14.40,-13.74,0.00,0.00,-56.04,-61.40,7754,Select7ccy,25.81,1.08days
11/03/2026 00:19:52,buy,0.01,NZDUSD,0.59349,19/03/2026 16:56:18,0.58332,0.00,-0.31,-101.70,-10.48,1.20,12.00,-16.30,-161.40,7754,Select7ccy,208.61,8.69days
19/03/2026 12:41:01,sell,0.03,AUDCHF,0.55984,19/03/2026 15:36:37,0.55745,0.00,0.00,23.90,9.03,9.71,25.70,-4.72,-12.50,7754,Select7ccy,2.93,2.93hrs
18/03/2026 00:09:14,sell,0.01,AUDCHF,0.55670,19/03/2026 15:36:34,0.55742,0.00,-0.33,-7.20,-1.24,0.72,5.70,-5.85,-43.90,7754,Select7ccy,39.46,1.64days
18/03/2026 22:46:01,buy,0.03,AUDCAD,0.96618,19/03/2026 13:00:11,0.96895,0.00,0.17,27.70,6.22,7.31,32.70,-4.78,-22.10,7754,Select7ccy,14.24,14.24hrs
18/03/2026 16:48:01,buy,0.01,AUDCAD,0.96929,19/03/2026 13:00:07,0.96904,0.00,0.06,-2.50,-0.12,1.07,14.70,-3.86,-53.20,7754,Select7ccy,20.20,20.20hrs
18/03/2026 23:24:01,buy,0.03,AUDJPY,112.30200,19/03/2026 12:23:29,112.24800,0.00,0.13,-5.40,-0.88,5.54,28.80,-9.43,-50.70,7754,Select7ccy,12.99,12.99hrs
19/03/2026 10:57:01,buy,0.09,AUDJPY,111.96900,19/03/2026 12:23:25,112.24900,0.00,0.00,28.00,15.84,15.84,28.00,-9.84,-17.40,7754,Select7ccy,1.44,1.44hrs
17/03/2026 07:18:01,buy,0.01,AUDJPY,112.60400,19/03/2026 12:23:21,112.24800,0.00,0.05,-35.60,-2.19,3.74,59.40,-5.04,-80.90,7754,Select7ccy,53.09,2.21days
17/03/2026 08:17:02,sell,0.09,AUDNZD,1.21306,19/03/2026 00:22:39,1.21045,0.00,-1.75,26.10,11.92,11.92,26.10,-10.06,-19.20,7754,Select7ccy,40.09,1.67days
17/03/2026 04:59:00,sell,0.03,AUDNZD,1.20995,19/03/2026 00:22:36,1.21266,0.00,-0.59,-27.10,-5.32,6.58,37.50,-8.78,-50.30,7754,Select7ccy,43.39,1.81days
13/03/2026 18:59:04,sell,0.01,AUDNZD,1.20686,19/03/2026 00:22:33,1.21199,0.00,-0.30,-51.30,-3.28,0.68,12.50,-4.83,-81.20,7754,Select7ccy,125.39,5.22days
17/03/2026 16:05:01,sell,0.03,AUDJPY,112.96200,18/03/2026 23:46:12,112.30200,0.00,-0.22,66.00,12.17,13.21,71.60,-5.03,-25.50,7754,Select7ccy,31.69,1.32days
16/03/2026 14:49:01,sell,0.01,AUDJPY,112.18800,18/03/2026 23:46:09,112.30400,0.00,-0.14,-11.60,-0.87,0.11,1.80,-6.61,-102.90,7754,Select7ccy,56.95,2.37days
17/03/2026 12:28:03,sell,0.03,AUDCAD,0.97052,18/03/2026 15:09:45,0.97057,0.00,-0.16,-0.50,-0.27,0.83,3.80,-12.66,-57.10,7754,Select7ccy,26.70,1.11days
17/03/2026 16:04:00,sell,0.09,AUDCAD,0.97355,18/03/2026 15:09:42,0.97063,0.00,-0.48,29.20,18.71,18.71,29.20,-18.08,-26.80,7754,Select7ccy,23.09,23.09hrs
13/03/2026 16:17:01,sell,0.01,AUDCAD,0.96495,18/03/2026 15:09:39,0.97058,0.00,-0.16,-56.30,-4.27,4.84,66.40,-8.39,-112.80,7754,Select7ccy,118.88,4.95days
17/03/2026 07:38:00,buy,0.01,AUDCAD,0.96780,18/03/2026 14:27:27,0.97183,0.00,0.02,40.30,2.96,6.05,82.60,-0.80,-11.00,7754,Select7ccy,30.82,1.28days
18/03/2026 09:20:00,buy,0.09,CADJPY,115.74700,18/03/2026 11:24:25,115.95700,0.00,0.00,21.00,11.89,13.03,23.00,-1.25,-2.20,7754,Select7ccy,2.07,2.07hrs
17/03/2026 14:47:01,buy,0.03,CADJPY,116.05300,18/03/2026 11:24:22,115.95800,0.00,0.03,-9.50,-1.76,2.90,15.20,-6.18,-32.80,7754,Select7ccy,20.62,20.62hrs
10/03/2026 17:04:01,buy,0.01,CADJPY,116.37000,18/03/2026 11:24:19,115.96000,0.00,0.08,-41.00,-2.50,4.65,73.30,-3.99,-64.50,7754,Select7ccy,186.34,7.76days
16/03/2026 16:37:01,sell,0.27,AUDCHF,0.55633,17/03/2026 18:21:31,0.55767,0.00,-3.02,-13.40,-49.03,19.85,6.30,-113.60,-32.20,7754,Select7ccy,25.74,1.07days
09/03/2026 18:52:00,sell,0.03,AUDCHF,0.54871,17/03/2026 18:21:28,0.55770,0.00,-2.73,-89.90,-37.03,1.08,2.80,-44.09,-108.40,7754,Select7ccy,191.49,7.98days
17/03/2026 16:22:01,sell,0.81,AUDCHF,0.55932,17/03/2026 18:21:25,0.55770,0.00,0.00,16.20,166.90,166.90,16.20,-23.70,-2.30,7754,Select7ccy,1.99,1.99hrs
10/03/2026 17:44:06,sell,0.09,AUDCHF,0.55334,17/03/2026 18:21:21,0.55776,0.00,-7.16,-44.20,-57.76,2.82,7.30,-78.25,-62.10,7754,Select7ccy,168.62,7.03days
09/03/2026 10:39:01,sell,0.01,AUDCHF,0.54570,17/03/2026 18:21:18,0.55773,0.00,-0.89,-120.30,-16.19,1.71,13.30,-18.51,-138.50,7754,Select7ccy,199.70,8.32days
16/03/2026 11:56:01,buy,0.01,AUDCAD,0.96201,17/03/2026 06:30:40,0.96581,0.00,0.02,38.00,2.79,5.37,73.20,-0.61,-8.30,7754,Select7ccy,18.58,18.58hrs
12/03/2026 18:14:01,buy,0.03,AUDCHF,0.55528,17/03/2026 05:31:37,0.55852,0.00,0.48,32.40,12.80,13.87,35.20,-17.45,-46.70,7754,Select7ccy,107.29,4.47days
12/03/2026 04:00:00,buy,0.01,AUDCHF,0.55831,17/03/2026 05:31:34,0.55851,0.00,0.15,2.00,0.40,0.82,6.40,-9.67,-77.00,7754,Select7ccy,121.53,5.06days
13/03/2026 09:34:01,buy,0.03,AUDJPY,112.27200,17/03/2026 05:30:06,112.85400,0.00,0.08,58.20,11.04,12.44,65.70,-15.37,-81.90,7754,Select7ccy,91.93,3.83days
12/03/2026 21:18:00,buy,0.01,AUDJPY,112.94600,17/03/2026 05:30:02,112.86300,0.00,0.03,-8.30,-0.49,0.00,0.00,-9.34,-149.30,7754,Select7ccy,104.20,4.34days
12/03/2026 17:43:00,sell,0.01,AUDJPY,112.78800,16/03/2026 13:09:21,111.98600,0.00,-0.14,80.20,4.89,7.86,126.60,-1.02,-16.30,7754,Select7ccy,91.44,3.81days
13/03/2026 23:27:00,buy,0.03,AUDCAD,0.95862,16/03/2026 10:15:32,0.96238,0.00,0.06,37.60,8.29,9.79,44.50,-1.29,-5.90,7754,Select7ccy,58.81,2.45days
13/03/2026 17:32:01,buy,0.01,AUDCAD,0.96535,16/03/2026 10:15:29,0.96240,0.00,0.02,-29.50,-2.13,0.00,0.00,-5.33,-73.20,7754,Select7ccy,64.72,2.70days
10/03/2026 02:21:02,buy,0.01,AUDNZD,1.19297,13/03/2026 18:58:22,1.20689,0.00,0.06,139.20,8.14,11.08,189.30,-0.55,-9.30,7754,Select7ccy,88.62,3.69days
11/03/2026 04:39:00,sell,0.09,AUDNZD,1.20482,13/03/2026 17:04:12,1.20764,0.00,-1.66,-28.20,-16.47,1.28,2.40,-39.56,-72.30,7754,Select7ccy,60.42,2.52days
13/03/2026 07:50:01,sell,0.27,AUDNZD,1.21104,13/03/2026 17:04:08,1.20763,0.00,0.00,34.10,53.73,53.73,34.10,-15.88,-10.10,7754,Select7ccy,9.24,9.24hrs
10/03/2026 08:53:00,sell,0.03,AUDNZD,1.19625,13/03/2026 17:04:05,1.20763,0.00,-0.70,-113.80,-20.62,0.00,0.00,-28.31,-158.00,7754,Select7ccy,80.18,3.34days
09/03/2026 19:05:00,sell,0.01,AUDNZD,1.19008,13/03/2026 17:04:02,1.20762,0.00,-0.29,-175.40,-10.53,0.25,4.30,-13.09,-219.70,7754,Select7ccy,93.98,3.92days
13/03/2026 10:24:00,buy,0.03,AUDCAD,0.96001,13/03/2026 15:31:07,0.96419,0.00,0.00,41.80,9.17,9.17,41.80,-3.05,-13.90,7754,Select7ccy,5.12,5.12hrs
12/03/2026 18:45:04,buy,0.01,AUDCAD,0.96599,13/03/2026 15:31:04,0.96426,0.00,0.02,-17.30,-1.25,0.06,0.80,-5.37,-73.70,7754,Select7ccy,20.77,20.77hrs
11/03/2026 20:28:01,sell,0.03,CADJPY,117.05800,13/03/2026 12:31:31,116.66200,0.00,-0.47,39.60,6.99,8.12,45.60,-1.61,-6.70,7754,Select7ccy,40.06,1.67days
09/03/2026 17:47:02,sell,0.01,CADJPY,116.63400,13/03/2026 12:31:28,116.66000,0.00,-0.24,-2.60,-0.40,4.83,76.60,-3.29,-49.10,7754,Select7ccy,90.74,3.78days
11/03/2026 20:20:01,sell,0.01,AUDCAD,0.97092,13/03/2026 12:03:38,0.96288,0.00,-0.23,80.40,5.65,8.65,121.40,-1.91,-23.60,7754,Select7ccy,39.73,1.66days
12/03/2026 16:47:03,buy,0.03,AUDJPY,113.00800,12/03/2026 19:22:58,112.95600,0.00,0.00,-5.20,-0.98,1.25,6.60,-6.90,-36.60,7754,Select7ccy,2.60,2.60hrs
12/03/2026 18:13:01,buy,0.09,AUDJPY,112.70400,12/03/2026 19:22:54,112.96700,0.00,0.00,26.30,14.87,14.87,26.30,-3.50,-6.20,7754,Select7ccy,1.16,1.16hrs
11/03/2026 22:27:03,buy,0.01,AUDJPY,113.65100,12/03/2026 19:22:51,112.95700,0.00,0.04,-69.40,-4.32,0.65,10.40,-6.30,-100.90,7754,Select7ccy,20.93,20.93hrs
10/03/2026 17:44:00,sell,0.27,AUDJPY,112.53600,12/03/2026 16:42:18,113.04100,0.00,-7.96,-50.50,-93.72,11.28,6.60,-236.95,-138.10,7754,Select7ccy,46.97,1.96days
10/03/2026 10:16:00,sell,0.03,AUDJPY,111.87700,12/03/2026 16:42:15,113.02000,0.00,-0.88,-114.30,-22.45,1.50,7.90,-38.78,-204.00,7754,Select7ccy,54.44,2.27days
11/03/2026 05:47:01,sell,0.81,AUDJPY,113.44600,12/03/2026 16:42:12,113.02300,0.00,-17.87,42.30,197.64,197.64,42.30,-240.39,-47.10,7754,Select7ccy,34.92,1.45days
10/03/2026 13:13:01,sell,0.09,AUDJPY,112.23200,12/03/2026 16:42:09,113.02200,0.00,-2.66,-79.00,-47.38,4.73,8.30,-96.22,-168.50,7754,Select7ccy,51.49,2.15days
03/03/2026 19:36:01,sell,0.01,AUDJPY,110.65300,12/03/2026 16:42:05,113.03000,0.00,-0.78,-237.70,-15.73,4.30,68.70,-21.13,-326.40,7754,Select7ccy,213.10,8.88days
12/03/2026 09:10:00,buy,0.03,AUDCAD,0.96720,12/03/2026 14:50:33,0.97045,0.00,0.00,32.50,7.17,8.10,36.70,-1.15,-5.20,7754,Select7ccy,5.68,5.68hrs
11/03/2026 21:29:01,buy,0.01,AUDCAD,0.97151,12/03/2026 14:50:30,0.97039,0.00,0.06,-11.20,-0.77,0.59,7.20,-3.49,-48.30,7754,Select7ccy,17.36,17.36hrs
06/03/2026 07:10:01,buy,0.01,AUDJPY,110.93400,11/03/2026 20:55:38,113.46100,0.00,0.03,252.70,15.93,18.73,296.70,-4.50,-71.10,7754,Select7ccy,133.76,5.57days
11/03/2026 01:21:00,buy,0.01,AUDCHF,0.55423,11/03/2026 20:38:03,0.55715,0.00,0.00,29.20,3.74,6.54,50.90,-0.36,-2.80,7754,Select7ccy,19.28,19.28hrs
11/03/2026 02:02:00,buy,0.01,AUDCAD,0.96685,11/03/2026 19:49:42,0.97174,0.00,0.00,48.90,3.59,6.55,88.90,-0.29,-4.00,7754,Select7ccy,17.80,17.80hrs
10/03/2026 18:43:06,sell,0.27,AUDCAD,0.96969,11/03/2026 19:02:24,0.97248,0.00,-1.52,-27.90,-56.90,66.46,34.20,-125.77,-62.50,7754,Select7ccy,24.32,1.01days
09/03/2026 18:52:06,sell,0.03,AUDCAD,0.95677,11/03/2026 19:02:20,0.97248,0.00,-0.34,-157.10,-34.99,2.43,11.00,-42.68,-191.70,7754,Select7ccy,48.17,2.01days
11/03/2026 17:02:00,sell,0.81,AUDCAD,0.97572,11/03/2026 19:02:17,0.97243,0.00,0.00,32.90,195.90,195.90,32.90,0.00,0.00,7754,Select7ccy,2.00,2.00hrs
09/03/2026 23:28:00,sell,0.09,AUDCAD,0.96054,11/03/2026 19:02:14,0.97241,0.00,-1.02,-118.70,-79.55,7.43,12.00,-103.07,-154.00,7754,Select7ccy,43.57,1.82days
09/03/2026 09:51:01,sell,0.01,AUDCAD,0.94896,11/03/2026 19:02:11,0.97239,0.00,-0.12,-234.30,-17.34,1.08,14.70,-19.98,-269.80,7754,Select7ccy,57.19,2.38days
09/03/2026 16:04:01,buy,0.01,AUDCHF,0.54711,11/03/2026 00:01:17,0.55292,0.00,0.10,58.10,7.58,11.39,88.10,-0.49,-3.80,7754,Select7ccy,31.95,1.33days
03/03/2026 20:27:01,buy,0.01,NZDUSD,0.58900,10/03/2026 21:18:40,0.59329,0.00,-0.21,42.90,4.08,7.05,72.60,-4.37,-41.90,7754,Select7ccy,168.86,7.04days
09/03/2026 07:08:00,buy,0.01,AUDCAD,0.94872,10/03/2026 21:15:18,0.96849,0.00,0.02,197.70,14.58,17.58,238.30,-1.02,-13.90,7754,Select7ccy,38.12,1.59days
09/03/2026 23:39:01,buy,0.03,CADJPY,116.02500,10/03/2026 15:46:40,116.51700,0.00,0.03,49.20,9.38,10.52,55.20,-3.27,-17.30,7754,Select7ccy,16.13,16.13hrs
09/03/2026 03:33:01,buy,0.01,CADJPY,116.54200,10/03/2026 15:46:36,116.52500,0.00,0.01,-1.70,-0.10,4.05,64.30,-4.38,-69.00,7754,Select7ccy,36.23,1.51days
09/03/2026 11:49:01,buy,0.03,AUDNZD,1.18771,10/03/2026 00:01:06,1.19127,0.00,0.04,35.60,6.38,9.37,52.70,-1.10,-6.20,7754,Select7ccy,12.20,12.20hrs
06/03/2026 17:02:00,buy,0.01,AUDNZD,1.19256,10/03/2026 00:01:02,1.19127,0.00,0.01,-12.90,-0.76,0.25,4.20,-3.23,-54.70,7754,Select7ccy,78.98,3.29days
06/03/2026 20:38:00,sell,0.27,CADJPY,116.11400,09/03/2026 16:32:32,116.72700,0.00,-1.11,-61.30,-105.72,0.00,0.00,-186.02,-108.80,7754,Select7ccy,67.91,2.83days
05/03/2026 13:51:01,sell,0.03,CADJPY,115.42900,09/03/2026 16:32:29,116.73200,0.00,-0.24,-130.30,-24.95,7.21,37.90,-33.72,-177.30,7754,Select7ccy,98.69,4.11days
09/03/2026 05:39:01,sell,2.43,CADJPY,116.91600,09/03/2026 16:32:26,116.72400,0.00,0.00,19.20,294.85,294.85,19.20,-437.45,-28.60,7754,Select7ccy,10.89,10.89hrs
09/03/2026 01:09:00,sell,0.81,CADJPY,116.51300,09/03/2026 16:32:23,116.72800,0.00,0.00,-21.50,-110.05,68.06,13.30,-351.29,-68.90,7754,Select7ccy,15.39,15.39hrs
06/03/2026 17:33:00,sell,0.09,CADJPY,115.81000,09/03/2026 16:32:19,116.72600,0.00,-0.37,-91.60,-52.48,7.82,13.70,-79.23,-139.20,7754,Select7ccy,70.99,2.96days
04/03/2026 22:59:01,sell,0.01,CADJPY,115.11000,09/03/2026 16:32:16,116.71500,0.00,-0.20,-160.50,-10.34,1.65,27.70,-13.37,-209.20,7754,Select7ccy,113.55,4.73days
06/03/2026 16:36:00,buy,0.03,AUDCHF,0.54500,09/03/2026 12:37:04,0.54704,0.00,0.15,20.40,8.01,8.01,20.40,-6.32,-16.80,7754,Select7ccy,68.02,2.83days
06/03/2026 15:12:00,buy,0.01,AUDCHF,0.54832,09/03/2026 12:37:01,0.54703,0.00,0.05,-12.90,-1.61,0.00,0.00,-6.37,-50.00,7754,Select7ccy,69.42,2.89days
06/03/2026 11:24:01,sell,0.03,AUDNZD,1.19280,09/03/2026 12:20:56,1.18831,0.00,-0.10,44.90,7.85,9.20,52.60,-1.44,-8.20,7754,Select7ccy,72.95,3.04days
03/03/2026 17:09:02,sell,0.01,AUDNZD,1.18962,09/03/2026 12:20:53,1.18834,0.00,-0.19,12.80,0.56,1.74,30.00,-3.67,-62.20,7754,Select7ccy,139.20,5.80days
05/03/2026 09:49:02,sell,0.01,AUDCAD,0.96012,09/03/2026 08:22:54,0.95065,0.00,-0.10,94.70,6.89,9.92,136.30,-2.22,-30.20,7754,Select7ccy,94.56,3.94days
09/03/2026 00:02:02,buy,0.09,AUDCAD,0.95058,09/03/2026 05:59:42,0.94921,0.00,0.00,-13.70,-9.09,5.56,8.40,-28.19,-42.60,7754,Select7ccy,5.96,5.96hrs
09/03/2026 02:58:00,buy,0.27,AUDCAD,0.94733,09/03/2026 05:59:39,0.94914,0.00,0.00,18.10,36.02,36.02,18.10,-20.05,-10.10,7754,Select7ccy,3.03,3.03hrs
06/03/2026 15:52:00,buy,0.03,AUDCAD,0.95376,09/03/2026 05:59:36,0.94920,0.00,0.04,-45.60,-10.04,4.47,20.30,-16.37,-74.40,7754,Select7ccy,62.13,2.59days
03/03/2026 20:03:00,buy,0.01,AUDCAD,0.96087,09/03/2026 05:59:32,0.94915,0.00,0.07,-117.20,-8.57,4.33,59.00,-10.63,-145.50,7754,Select7ccy,129.94,5.41days
03/03/2026 19:35:00,sell,0.01,AUDCHF,0.54921,09/03/2026 05:54:52,0.54636,0.00,-0.66,28.50,2.98,5.98,51.90,-3.89,-28.00,7754,Select7ccy,130.33,5.43days
03/03/2026 18:02:01,buy,0.01,CADJPY,115.22300,09/03/2026 02:31:54,116.39100,0.00,0.06,116.80,7.44,8.57,134.70,-2.66,-41.90,7754,Select7ccy,128.50,5.35days
05/03/2026 08:30:00,buy,0.03,AUDNZD,1.18876,06/03/2026 15:23:06,1.19264,0.00,0.01,38.80,6.85,8.32,47.20,-2.41,-13.60,7754,Select7ccy,30.89,1.29days
04/03/2026 13:56:00,buy,0.01,AUDNZD,1.19265,06/03/2026 15:23:03,1.19261,0.00,0.01,-0.40,-0.01,0.50,8.30,-3.09,-52.50,7754,Select7ccy,49.45,2.06days
05/03/2026 19:32:01,buy,0.03,AUDCHF,0.54676,06/03/2026 06:16:49,0.54896,0.00,0.15,22.00,8.61,9.88,25.30,-2.03,-5.30,7754,Select7ccy,10.75,10.75hrs
03/03/2026 18:58:02,buy,0.01,AUDCHF,0.55002,06/03/2026 06:16:44,0.54895,0.00,0.25,-10.70,-1.13,2.44,18.40,-5.07,-40.00,7754,Select7ccy,59.31,2.47days
05/03/2026 18:05:01,buy,0.03,AUDJPY,110.38000,06/03/2026 05:39:01,110.79400,0.00,0.04,41.40,7.93,9.05,47.30,-5.82,-30.60,7754,Select7ccy,11.57,11.57hrs
05/03/2026 12:38:01,buy,0.01,AUDJPY,110.84600,06/03/2026 05:38:58,110.79400,0.00,0.01,-5.20,-0.32,1.21,19.10,-4.89,-77.20,7754,Select7ccy,17.02,17.02hrs
05/03/2026 10:23:01,buy,0.03,AUDJPY,110.37000,05/03/2026 11:08:22,110.83900,0.00,0.00,46.90,8.96,8.96,46.90,-2.58,-13.50,7754,Select7ccy,0.76,0.76hrs
03/03/2026 18:56:00,buy,0.01,AUDJPY,110.81800,05/03/2026 11:08:19,110.82300,0.00,0.05,0.50,0.08,2.48,38.80,-5.53,-87.20,7754,Select7ccy,40.21,1.68days
04/03/2026 12:09:00,sell,0.03,AUDCAD,0.96501,05/03/2026 08:19:46,0.96109,0.00,-0.43,39.20,8.18,8.18,39.20,-4.24,-19.30,7754,Select7ccy,20.18,20.18hrs
03/03/2026 21:13:01,sell,0.01,AUDCAD,0.96139,05/03/2026 08:19:43,0.96111,0.00,-0.19,2.80,0.02,3.07,42.70,-4.11,-55.50,7754,Select7ccy,35.11,1.46days
03/03/2026 18:06:00,sell,0.03,CADJPY,115.27300,04/03/2026 18:48:20,114.88700,0.00,-0.12,38.60,7.26,8.33,44.20,-4.35,-22.90,7754,Select7ccy,24.71,1.03days
02/03/2026 19:41:02,sell,0.01,CADJPY,114.82000,04/03/2026 18:48:17,114.88300,0.00,-0.08,-6.30,-0.48,0.42,7.30,-4.36,-68.20,7754,Select7ccy,47.12,1.96days
04/03/2026 05:54:00,buy,0.03,AUDNZD,1.18775,04/03/2026 12:09:32,1.19165,0.00,0.00,39.00,6.93,6.93,39.00,-2.26,-12.80,7754,Select7ccy,6.26,6.26hrs
03/03/2026 16:01:03,buy,0.01,AUDNZD,1.19086,04/03/2026 12:09:28,1.19155,0.00,0.00,6.90,0.41,2.80,47.60,-2.59,-43.90,7754,Select7ccy,20.14,20.14hrs
03/03/2026 15:10:00,buy,0.09,AUDCAD,0.96074,03/03/2026 18:09:32,0.95930,0.00,0.00,-14.40,-9.47,2.43,3.70,-38.16,-58.30,7754,Select7ccy,2.99,2.99hrs
03/03/2026 17:02:00,buy,0.27,AUDCAD,0.95767,03/03/2026 18:09:29,0.95926,0.00,0.00,15.90,31.36,31.36,15.90,-54.19,-27.60,7754,Select7ccy,1.12,1.12hrs
03/03/2026 12:24:00,buy,0.03,AUDCAD,0.96379,03/03/2026 18:09:26,0.95931,0.00,0.00,-44.80,-9.82,0.00,0.00,-19.37,-88.80,7754,Select7ccy,5.76,5.76hrs
02/03/2026 04:38:00,buy,0.01,AUDCAD,0.96974,03/03/2026 18:09:23,0.95936,0.00,0.01,-103.80,-7.58,2.26,30.70,-10.78,-148.30,7754,Select7ccy,37.52,1.56days
03/03/2026 09:32:00,buy,0.03,NZDUSD,0.59185,03/03/2026 18:05:54,0.58716,0.00,0.00,-46.90,-14.07,0.00,0.00,-24.39,-81.30,7754,Select7ccy,8.56,8.56hrs
03/03/2026 17:05:06,buy,0.27,NZDUSD,0.58554,03/03/2026 18:05:51,0.58721,0.00,0.00,16.70,45.09,45.09,16.70,-49.14,-18.20,7754,Select7ccy,1.01,1.01hrs
03/03/2026 12:10:01,buy,0.09,NZDUSD,0.58873,03/03/2026 18:05:48,0.58720,0.00,0.00,-15.30,-13.77,10.89,12.10,-45.09,-50.10,7754,Select7ccy,5.93,5.93hrs
02/03/2026 13:49:01,buy,0.01,NZDUSD,0.59644,03/03/2026 18:05:44,0.58716,0.00,-0.03,-92.80,-9.31,0.00,0.00,-12.75,-127.20,7754,Select7ccy,28.28,1.18days
02/03/2026 01:54:00,sell,0.01,AUDCAD,0.96444,03/03/2026 17:36:28,0.95883,0.00,-0.05,56.10,4.04,6.76,93.60,-6.29,-85.30,7754,Select7ccy,39.71,1.65days
03/03/2026 17:09:08,buy,0.09,AUDCHF,0.54633,03/03/2026 17:28:24,0.54820,0.00,0.00,18.70,21.40,21.40,18.70,-4.35,-3.80,7754,Select7ccy,0.32,0.32hrs
03/03/2026 16:35:03,buy,0.03,AUDCHF,0.54948,03/03/2026 17:28:20,0.54818,0.00,0.00,-13.00,-4.96,0.00,0.00,-13.48,-35.30,7754,Select7ccy,0.89,0.89hrs
03/03/2026 14:08:00,buy,0.01,AUDCHF,0.55306,03/03/2026 17:28:17,0.54816,0.00,0.00,-49.00,-6.23,0.00,0.00,-9.05,-71.10,7754,Select7ccy,3.34,3.34hrs
03/03/2026 17:05:00,buy,0.81,AUDJPY,109.84400,03/03/2026 17:28:07,110.01200,0.00,0.00,16.80,86.23,86.23,16.80,-117.62,-22.90,7754,Select7ccy,0.39,0.39hrs
03/03/2026 16:50:00,buy,0.27,AUDJPY,110.17700,03/03/2026 17:28:04,110.02700,0.00,0.00,-15.00,-25.66,2.40,1.40,-96.22,-56.20,7754,Select7ccy,0.63,0.63hrs
03/03/2026 15:37:01,buy,0.09,AUDJPY,110.52600,03/03/2026 17:28:01,110.02400,0.00,0.00,-50.20,-28.63,6.73,11.80,-51.99,-91.10,7754,Select7ccy,1.85,1.85hrs
03/03/2026 12:34:02,buy,0.03,AUDJPY,110.84600,03/03/2026 17:27:58,110.03400,0.00,0.00,-81.20,-15.43,2.22,11.70,-23.42,-123.10,7754,Select7ccy,4.90,4.90hrs
02/03/2026 19:54:00,buy,0.01,AUDJPY,111.42900,03/03/2026 17:27:55,110.01000,0.00,0.01,-141.90,-8.98,4.06,63.80,-11.49,-181.40,7754,Select7ccy,21.57,21.57hrs
03/03/2026 05:30:01,sell,0.01,AUDJPY,111.68500,03/03/2026 17:27:51,110.02900,0.00,0.00,165.60,10.50,13.00,205.10,-1.32,-20.70,7754,Select7ccy,11.96,11.96hrs
02/03/2026 14:18:00,sell,0.03,AUDCHF,0.55054,03/03/2026 17:14:50,0.54627,0.00,-0.33,42.70,15.97,15.97,44.50,-18.08,-46.20,7754,Select7ccy,26.95,1.12days
02/03/2026 00:01:05,sell,0.01,AUDCHF,0.53945,03/03/2026 17:14:46,0.54622,0.00,-0.11,-67.70,-8.73,0.00,0.00,-20.23,-157.10,7754,Select7ccy,41.23,1.72days
27/02/2026 14:23:01,buy,0.01,CADJPY,114.06100,03/03/2026 17:01:43,114.79700,0.00,0.02,73.60,4.68,7.66,120.40,-0.35,-5.50,7754,Select7ccy,98.64,4.11days
02/03/2026 11:18:01,sell,0.03,AUDNZD,1.18959,03/03/2026 15:39:51,1.19003,0.00,-0.10,-4.40,-0.88,1.86,10.40,-15.17,-84.90,7754,Select7ccy,28.36,1.18days
02/03/2026 18:20:00,sell,0.09,AUDNZD,1.19251,03/03/2026 15:39:48,1.19001,0.00,-0.31,25.00,12.95,12.95,25.00,-29.97,-55.70,7754,Select7ccy,21.33,21.33hrs
27/02/2026 21:32:00,sell,0.01,AUDNZD,1.18626,03/03/2026 15:39:44,1.19015,0.00,-0.08,-38.90,-2.37,0.80,14.20,-7.07,-118.20,7754,Select7ccy,90.13,3.76days
02/03/2026 01:03:00,buy,0.01,AUDNZD,1.18556,03/03/2026 13:42:37,1.19291,0.00,0.00,73.50,4.32,7.32,123.70,-0.54,-9.10,7754,Select7ccy,36.66,1.53days
02/03/2026 02:48:03,buy,0.01,AUDCHF,0.54436,03/03/2026 10:54:32,0.55295,0.00,0.05,85.90,11.01,13.71,106.60,-0.65,-5.00,7754,Select7ccy,32.11,1.34days
02/03/2026 17:14:00,sell,0.03,AUDJPY,111.64400,03/03/2026 04:01:23,111.69800,0.00,-0.21,-5.40,-1.24,9.22,48.40,-8.65,-44.30,7754,Select7ccy,10.79,10.79hrs
03/03/2026 03:12:00,sell,0.09,AUDJPY,111.97800,03/03/2026 04:01:19,111.69400,0.00,0.00,28.40,16.25,16.25,28.40,-6.23,-10.90,7754,Select7ccy,0.82,0.82hrs
02/03/2026 02:29:00,sell,0.01,AUDJPY,110.47200,03/03/2026 04:01:16,111.68900,0.00,-0.07,-121.70,-7.80,0.02,0.30,-10.32,-161.50,7754,Select7ccy,25.54,1.06days
02/03/2026 02:38:01,buy,0.01,AUDJPY,110.66000,02/03/2026 18:31:20,111.20600,0.00,0.00,54.60,3.47,6.25,98.60,-0.54,-8.40,7754,Select7ccy,15.89,15.89hrs
02/03/2026 07:37:01,sell,0.09,CADJPY,114.83800,02/03/2026 18:26:02,115.00300,0.00,0.00,-16.50,-9.42,2.07,3.60,-24.88,-43.60,7754,Select7ccy,10.82,10.82hrs
02/03/2026 15:05:00,sell,0.27,CADJPY,115.20700,02/03/2026 18:25:59,115.00800,0.00,0.00,19.90,34.08,34.08,19.90,-11.47,-6.70,7754,Select7ccy,3.35,3.35hrs
27/02/2026 17:22:00,sell,0.03,CADJPY,114.41400,02/03/2026 18:25:56,115.01100,0.00,-0.12,-59.70,-11.48,1.42,7.40,-16.48,-86.00,7754,Select7ccy,73.07,3.04days
26/02/2026 04:00:05,sell,0.01,CADJPY,114.06500,02/03/2026 18:25:53,115.00800,0.00,-0.08,-94.30,-6.07,1.87,29.10,-7.75,-120.90,7754,Select7ccy,110.43,4.60days
02/03/2026 09:52:01,buy,0.03,NZDUSD,0.59378,02/03/2026 12:38:44,0.59616,0.00,0.00,23.80,7.14,8.43,28.10,-2.70,-9.00,7754,Select7ccy,2.78,2.78hrs
20/02/2026 19:46:00,buy,0.01,NZDUSD,0.59691,02/03/2026 12:38:40,0.59616,0.00,-0.25,-7.50,-1.00,3.95,41.40,-4.28,-40.30,7754,Select7ccy,232.88,9.70days
02/03/2026 01:52:00,buy,0.03,AUDCAD,0.96452,02/03/2026 03:16:19,0.96919,0.00,0.00,46.70,10.27,11.35,51.60,-0.26,-1.20,7754,Select7ccy,1.41,1.41hrs
26/02/2026 20:37:00,buy,0.01,AUDCAD,0.97106,02/03/2026 03:16:16,0.96913,0.00,0.04,-19.30,-1.38,2.43,32.90,-4.83,-66.60,7754,Select7ccy,78.65,3.28days
27/02/2026 15:33:02,buy,0.03,AUDCHF,0.54694,02/03/2026 01:07:49,0.54359,0.00,0.15,-33.50,-12.93,3.51,9.00,-12.93,-33.50,7754,Select7ccy,57.58,2.40days
02/03/2026 00:01:11,buy,0.09,AUDCHF,0.54038,02/03/2026 01:07:46,0.54358,0.00,0.00,32.00,37.48,37.48,32.00,0.00,0.00,7754,Select7ccy,1.11,1.11hrs
27/02/2026 04:08:00,buy,0.01,AUDCHF,0.55008,02/03/2026 01:07:42,0.54349,0.00,0.05,-65.90,-8.53,1.29,10.00,-8.53,-65.90,7754,Select7ccy,69.00,2.87days
02/03/2026 00:02:08,buy,0.03,AUDJPY,109.80400,02/03/2026 01:03:46,110.33500,0.00,0.00,53.10,10.20,10.20,53.10,0.00,0.00,7754,Select7ccy,1.03,1.03hrs
26/02/2026 19:35:01,buy,0.01,AUDJPY,110.75700,02/03/2026 01:03:43,110.33600,0.00,0.02,-42.10,-2.67,2.83,44.00,-2.67,-42.10,7754,Select7ccy,77.48,3.23days
25/02/2026 13:12:01,sell,0.01,AUDJPY,110.95500,02/03/2026 00:19:00,110.31000,0.00,-0.35,64.50,3.78,3.78,64.50,-3.36,-52.60,7754,Select7ccy,107.12,4.46days
25/02/2026 03:38:00,sell,0.03,AUDCAD,0.96982,02/03/2026 00:02:30,0.96208,0.00,-0.76,77.40,16.24,16.24,77.40,-11.72,-51.30,7754,Select7ccy,116.41,4.85days
25/02/2026 00:22:18,sell,0.01,AUDCAD,0.96624,02/03/2026 00:02:27,0.96208,0.00,-0.25,41.60,2.80,2.80,41.60,-6.52,-87.10,7754,Select7ccy,119.67,4.99days
17/02/2026 18:23:00,buy,0.01,AUDNZD,1.17197,02/03/2026 00:01:20,1.18143,0.00,0.15,94.60,5.78,10.82,178.40,-0.84,-14.10,7754,Select7ccy,293.64,12.23days
25/02/2026 06:29:00,sell,0.03,AUDCHF,0.54932,27/02/2026 15:43:43,0.54669,0.00,-1.33,26.30,8.90,9.88,28.80,-10.52,-24.60,7754,Select7ccy,57.25,2.39days
24/02/2026 19:45:04,sell,0.01,AUDCHF,0.54626,27/02/2026 15:43:40,0.54671,0.00,-0.55,-4.50,-1.14,0.25,1.90,-7.56,-55.20,7754,Select7ccy,67.98,2.83days
25/02/2026 04:58:01,sell,0.03,AUDNZD,1.18638,27/02/2026 15:41:30,1.18704,0.00,-0.59,-6.60,-1.78,0.96,7.80,-7.00,-35.70,7754,Select7ccy,58.72,2.45days
27/02/2026 07:21:00,sell,0.09,AUDNZD,1.18939,27/02/2026 15:41:27,1.18698,0.00,0.00,24.10,12.96,12.96,24.10,-3.02,-5.60,7754,Select7ccy,8.34,8.34hrs
23/02/2026 04:06:00,sell,0.01,AUDNZD,1.18159,27/02/2026 15:41:23,1.18713,0.00,-0.30,-55.40,-3.61,0.17,2.90,-5.31,-83.60,7754,Select7ccy,107.59,4.48days
27/02/2026 02:42:01,buy,0.03,CADJPY,113.83400,27/02/2026 12:01:13,114.16100,0.00,0.00,32.70,6.29,7.51,39.10,0.00,0.00,7754,Select7ccy,9.32,9.32hrs
26/02/2026 23:05:00,buy,0.01,CADJPY,114.15500,27/02/2026 12:01:10,114.15800,0.00,0.01,0.30,0.03,0.46,7.00,-2.02,-31.50,7754,Select7ccy,12.94,12.94hrs
26/02/2026 17:26:01,buy,0.03,AUDCHF,0.54783,26/02/2026 23:44:33,0.54995,0.00,0.00,21.20,8.22,9.73,25.10,-0.62,-1.60,7754,Select7ccy,6.31,6.31hrs
26/02/2026 07:26:01,buy,0.01,AUDCHF,0.55077,26/02/2026 23:44:30,0.54996,0.00,0.00,-8.10,-1.05,1.07,8.30,-4.00,-31.00,7754,Select7ccy,16.31,16.31hrs
26/02/2026 17:21:00,buy,0.03,CADJPY,113.81400,26/02/2026 20:13:48,114.13200,0.00,0.00,31.80,6.10,7.64,39.80,-1.08,-5.60,7754,Select7ccy,2.88,2.88hrs
26/02/2026 06:16:00,buy,0.01,CADJPY,114.12500,26/02/2026 20:13:45,114.13100,0.00,0.00,0.60,0.04,0.83,12.90,-2.35,-36.70,7754,Select7ccy,13.96,13.96hrs
26/02/2026 16:58:01,buy,0.03,AUDJPY,110.78800,26/02/2026 17:45:44,110.69900,0.00,0.00,-8.90,-1.72,0.00,0.00,-8.89,-46.20,7754,Select7ccy,0.80,0.80hrs
26/02/2026 17:20:00,buy,0.09,AUDJPY,110.47600,26/02/2026 17:45:41,110.69300,0.00,0.00,21.70,12.52,12.52,21.70,-8.66,-15.00,7754,Select7ccy,0.43,0.43hrs
26/02/2026 11:31:00,buy,0.01,AUDJPY,111.09000,26/02/2026 17:45:38,110.69900,0.00,0.00,-39.10,-2.50,0.25,3.90,-4.90,-76.40,7754,Select7ccy,6.24,6.24hrs
20/02/2026 15:08:00,buy,0.01,AUDCAD,0.96487,26/02/2026 17:15:17,0.97089,0.00,0.11,60.20,4.51,7.36,99.10,-0.48,-6.60,7754,Select7ccy,146.12,6.09days
24/02/2026 14:01:01,buy,0.01,AUDJPY,109.85200,26/02/2026 10:25:09,110.96400,0.00,0.05,111.20,7.18,10.28,160.70,-1.08,-16.90,7754,Select7ccy,44.40,1.85days
23/02/2026 12:26:00,buy,0.01,CADJPY,113.27200,26/02/2026 05:15:57,114.01600,0.00,0.05,74.40,4.83,7.74,121.00,-3.69,-56.90,7754,Select7ccy,64.83,2.70days
25/02/2026 10:19:00,sell,0.03,CADJPY,114.05700,26/02/2026 02:48:15,114.12900,0.00,-0.37,-7.20,-1.75,0.00,0.00,-8.46,-44.20,7754,Select7ccy,16.49,16.49hrs
25/02/2026 11:21:06,sell,0.09,CADJPY,114.36500,26/02/2026 02:48:12,114.13000,0.00,-1.10,23.50,12.45,12.45,23.50,-7.70,-13.40,7754,Select7ccy,15.45,15.45hrs
24/02/2026 12:34:00,sell,0.01,CADJPY,113.74200,26/02/2026 02:48:09,114.13000,0.00,-0.16,-38.80,-2.64,1.22,19.00,-4.87,-75.70,7754,Select7ccy,38.24,1.59days
17/02/2026 20:23:01,buy,0.01,AUDCHF,0.54548,26/02/2026 00:01:06,0.54675,0.00,0.55,12.70,2.20,7.12,51.90,-3.04,-25.00,7754,Select7ccy,195.63,8.15days
25/02/2026 06:30:01,sell,0.09,AUDJPY,110.82000,25/02/2026 11:33:24,110.98200,0.00,0.00,-16.20,-9.31,12.61,21.80,-22.47,-39.10,7754,Select7ccy,5.06,5.06hrs
25/02/2026 11:21:00,sell,0.27,AUDJPY,111.18600,25/02/2026 11:33:20,110.98800,0.00,0.00,19.80,34.16,34.16,19.80,-4.31,-2.50,7754,Select7ccy,0.21,0.21hrs
25/02/2026 05:15:01,sell,0.03,AUDJPY,110.51200,25/02/2026 11:33:17,110.99800,0.00,0.00,-48.60,-9.32,0.62,3.20,-13.39,-69.90,7754,Select7ccy,6.30,6.30hrs
24/02/2026 12:36:02,sell,0.01,AUDJPY,110.02000,25/02/2026 11:33:14,110.99700,0.00,-0.07,-97.70,-6.31,2.01,31.30,-7.67,-119.10,7754,Select7ccy,22.95,22.95hrs
19/02/2026 17:44:01,sell,0.03,AUDCHF,0.54714,24/02/2026 16:38:51,0.54471,0.00,-0.99,24.30,8.42,8.97,25.70,-11.18,-27.20,7754,Select7ccy,118.91,4.95days
13/02/2026 00:01:20,sell,0.01,AUDCHF,0.54367,24/02/2026 16:38:46,0.54473,0.00,-0.97,-10.60,-2.34,2.22,17.10,-8.84,-61.90,7754,Select7ccy,280.62,11.69days
20/02/2026 17:02:00,sell,0.03,AUDCAD,0.96871,24/02/2026 16:24:53,0.96507,0.00,-0.30,36.40,7.66,8.64,40.90,-4.21,-18.50,7754,Select7ccy,95.38,3.97days
12/02/2026 19:58:01,sell,0.01,AUDCAD,0.96535,24/02/2026 16:24:47,0.96508,0.00,-0.50,2.70,-0.30,3.77,52.10,-4.27,-52.10,7754,Select7ccy,284.45,11.85days
19/02/2026 13:12:01,buy,0.01,AUDJPY,109.20500,24/02/2026 12:50:16,109.93700,0.00,0.03,73.20,4.73,7.71,120.00,-2.53,-39.30,7754,Select7ccy,119.64,4.98days
24/02/2026 09:13:08,sell,0.03,AUDJPY,109.98900,24/02/2026 11:24:56,110.07100,0.00,0.00,-8.20,-1.58,0.48,2.50,-8.37,-43.60,7754,Select7ccy,2.20,2.20hrs
24/02/2026 09:47:02,sell,0.09,AUDJPY,110.28900,24/02/2026 11:24:51,110.07500,0.00,0.00,21.40,12.37,12.37,21.40,-7.83,-13.60,7754,Select7ccy,1.63,1.63hrs
20/02/2026 19:16:00,sell,0.01,AUDJPY,109.58100,24/02/2026 11:24:45,110.06700,0.00,-0.14,-48.60,-3.26,4.76,74.60,-5.54,-84.40,7754,Select7ccy,88.15,3.67days
24/02/2026 09:57:04,sell,0.09,CADJPY,113.92900,24/02/2026 11:24:41,113.70900,0.00,0.00,22.00,12.71,12.71,22.00,-6.22,-10.80,7754,Select7ccy,1.46,1.46hrs
24/02/2026 09:13:00,sell,0.03,CADJPY,113.61500,24/02/2026 11:24:38,113.71800,0.00,0.00,-10.30,-1.98,0.00,0.00,-8.10,-42.20,7754,Select7ccy,2.19,2.19hrs
20/02/2026 19:55:10,sell,0.01,CADJPY,113.22000,24/02/2026 11:24:34,113.71500,0.00,-0.08,-49.50,-3.26,3.20,50.00,-5.31,-81.70,7754,Select7ccy,87.49,3.65days
23/02/2026 03:01:00,buy,0.03,CADJPY,112.79400,23/02/2026 11:12:09,113.17100,0.00,0.00,37.70,7.31,8.74,45.10,-0.82,-4.20,7754,Select7ccy,8.19,8.19hrs
19/02/2026 15:17:00,buy,0.01,CADJPY,113.10300,23/02/2026 11:12:06,113.17200,0.00,0.02,6.90,0.47,3.73,57.90,-2.26,-35.10,7754,Select7ccy,91.92,3.83days
19/02/2026 03:58:00,sell,0.09,AUDNZD,1.18274,23/02/2026 02:28:05,1.18376,0.00,-0.84,-10.20,-6.35,13.43,25.00,-19.09,-34.70,7754,Select7ccy,94.50,3.94days
20/02/2026 17:53:00,sell,0.27,AUDNZD,1.18578,23/02/2026 02:28:04,1.18374,0.00,-1.26,20.40,31.77,31.77,20.40,-6.94,-4.30,7754,Select7ccy,56.58,2.36days
18/02/2026 05:48:00,sell,0.03,AUDNZD,1.17833,23/02/2026 02:28:03,1.18375,0.00,-0.70,-54.20,-10.45,1.86,10.30,-14.69,-78.80,7754,Select7ccy,116.67,4.86days
12/02/2026 16:32:00,sell,0.01,AUDNZD,1.17533,23/02/2026 02:28:02,1.18379,0.00,-0.44,-84.60,-5.52,4.10,70.20,-6.89,-108.80,7754,Select7ccy,249.93,10.41days
20/02/2026 08:02:03,sell,0.09,CADJPY,113.49600,20/02/2026 18:14:50,113.13600,0.00,0.00,36.00,20.94,20.94,36.00,-11.68,-20.20,7754,Select7ccy,10.21,10.21hrs
18/02/2026 14:20:01,sell,0.03,CADJPY,112.72900,20/02/2026 18:14:50,113.13300,0.00,-0.48,-40.40,-8.31,3.05,15.60,-19.16,-96.90,7754,Select7ccy,51.91,2.16days
17/02/2026 03:54:00,sell,0.01,CADJPY,112.32500,20/02/2026 18:14:49,113.13900,0.00,-0.20,-81.40,-5.46,2.64,40.40,-9.02,-137.30,7754,Select7ccy,86.35,3.60days
20/02/2026 10:42:01,sell,0.03,AUDJPY,109.62500,20/02/2026 17:02:54,109.74500,0.00,0.00,-12.00,-2.32,5.62,29.10,-4.53,-43.20,7754,Select7ccy,6.35,6.35hrs
20/02/2026 17:02:04,sell,0.09,AUDJPY,110.04500,20/02/2026 17:02:53,109.76500,0.00,0.00,28.00,16.22,16.22,28.00,0.00,0.00,7754,Select7ccy,0.01,0.01hrs
19/02/2026 13:37:01,sell,0.01,AUDJPY,108.97800,20/02/2026 17:02:52,109.76900,0.00,-0.07,-79.10,-5.16,0.67,10.30,-5.74,-107.90,7754,Select7ccy,27.43,1.14days
20/02/2026 04:23:03,buy,0.03,NZDUSD,0.59425,20/02/2026 17:02:16,0.59748,0.00,0.00,32.30,9.69,9.69,35.40,-0.96,-3.20,7754,Select7ccy,12.65,12.65hrs
19/02/2026 23:04:00,buy,0.01,NZDUSD,0.59735,20/02/2026 17:02:15,0.59745,0.00,-0.03,1.00,0.07,0.10,4.40,-3.45,-34.20,7754,Select7ccy,17.97,17.97hrs
20/02/2026 04:47:00,buy,0.03,AUDCAD,0.96175,20/02/2026 11:32:53,0.96613,0.00,0.00,43.80,9.61,10.76,49.10,-0.48,-2.20,7754,Select7ccy,6.76,6.76hrs
18/02/2026 05:58:02,buy,0.01,AUDCAD,0.96520,20/02/2026 11:32:51,0.96613,0.00,0.07,9.30,0.75,2.32,31.10,-2.61,-36.70,7754,Select7ccy,53.58,2.23days
19/02/2026 16:26:00,buy,0.27,NZDUSD,0.59531,19/02/2026 17:47:32,0.59792,0.00,0.00,26.10,70.47,70.47,26.10,-12.15,-4.50,7754,Select7ccy,1.36,1.36hrs
18/02/2026 05:46:01,buy,0.09,NZDUSD,0.59972,19/02/2026 17:47:31,0.59790,0.00,-0.84,-18.20,-17.22,14.04,15.60,-44.58,-48.60,7754,Select7ccy,36.02,1.50days
12/02/2026 20:18:00,buy,0.03,NZDUSD,0.60299,19/02/2026 17:47:31,0.59793,0.00,-0.67,-50.60,-15.85,5.67,19.90,-25.06,-81.30,7754,Select7ccy,165.49,6.90days
11/02/2026 17:02:00,buy,0.01,NZDUSD,0.60627,19/02/2026 17:47:30,0.59788,0.00,-0.31,-83.90,-8.70,1.16,12.60,-11.72,-114.10,7754,Select7ccy,192.76,8.03days
12/02/2026 19:41:03,buy,0.01,CADJPY,112.16500,19/02/2026 13:56:50,112.92200,0.00,0.07,75.70,4.97,8.01,123.20,-1.68,-26.10,7754,Select7ccy,162.26,6.76days
18/02/2026 16:44:00,sell,0.03,AUDJPY,109.02500,19/02/2026 12:36:16,109.12000,0.00,-0.64,-9.50,-2.48,3.12,16.10,-14.43,-71.30,7754,Select7ccy,19.87,19.87hrs
19/02/2026 03:43:03,sell,0.09,AUDJPY,109.38500,19/02/2026 12:36:15,109.12100,0.00,0.00,26.40,15.36,15.36,26.40,-20.48,-35.30,7754,Select7ccy,8.89,8.89hrs
12/02/2026 20:11:00,sell,0.01,AUDJPY,108.24100,19/02/2026 12:36:14,109.11700,0.00,-0.49,-87.60,-6.15,2.78,43.50,-10.14,-149.70,7754,Select7ccy,160.42,6.68days
13/02/2026 19:35:00,buy,0.01,AUDJPY,108.10100,19/02/2026 11:47:03,109.26900,0.00,0.07,116.80,7.62,10.49,161.70,-1.57,-24.30,7754,Select7ccy,136.20,5.68days
13/02/2026 08:35:03,buy,0.03,AUDCAD,0.96195,17/02/2026 21:19:35,0.96606,0.00,0.08,41.10,9.12,10.48,47.30,-4.36,-19.80,7754,Select7ccy,108.74,4.53days
12/02/2026 12:25:01,buy,0.01,AUDCAD,0.96661,17/02/2026 21:19:34,0.96606,0.00,0.03,-5.50,-0.38,2.31,31.40,-4.86,-66.40,7754,Select7ccy,128.91,5.37days
12/02/2026 17:42:01,buy,0.03,AUDCHF,0.54644,17/02/2026 17:52:09,0.54462,0.00,0.39,-18.20,-6.67,4.46,11.40,-17.90,-46.20,7754,Select7ccy,120.17,5.01days
17/02/2026 04:03:00,buy,0.09,AUDCHF,0.54297,17/02/2026 17:52:08,0.54463,0.00,0.00,16.60,19.31,19.31,16.60,-5.85,-5.00,7754,Select7ccy,13.82,13.82hrs
11/02/2026 19:19:03,buy,0.01,AUDCHF,0.54964,17/02/2026 17:52:07,0.54464,0.00,0.25,-50.00,-6.21,1.35,9.40,-10.00,-78.20,7754,Select7ccy,142.55,5.94days
17/02/2026 12:58:00,buy,0.09,AUDNZD,1.16846,17/02/2026 17:20:49,1.17054,0.00,0.00,20.80,11.26,11.26,20.80,-1.63,-3.00,7754,Select7ccy,4.38,4.38hrs
13/02/2026 09:01:00,buy,0.03,AUDNZD,1.17155,17/02/2026 17:20:48,1.17052,0.00,0.08,-10.30,-1.78,6.30,34.60,-6.07,-33.90,7754,Select7ccy,104.33,4.35days
12/02/2026 14:53:00,buy,0.01,AUDNZD,1.17471,17/02/2026 17:20:47,1.17053,0.00,0.03,-41.80,-2.48,0.82,13.50,-3.93,-65.50,7754,Select7ccy,122.46,5.10days
16/02/2026 12:45:02,sell,0.03,CADJPY,112.86800,17/02/2026 02:51:13,112.42200,0.00,-0.13,44.60,8.59,10.05,52.00,0.00,0.00,7754,Select7ccy,14.10,14.10hrs
12/02/2026 20:15:01,sell,0.01,CADJPY,112.10800,17/02/2026 02:51:12,112.41500,0.00,-0.12,-30.70,-2.12,0.18,3.40,-5.58,-85.10,7754,Select7ccy,102.60,4.28days
13/02/2026 16:41:00,buy,0.03,AUDJPY,107.83500,13/02/2026 17:12:30,108.23100,0.00,0.00,39.60,7.76,7.76,39.60,-0.96,-4.90,7754,Select7ccy,0.53,0.53hrs
12/02/2026 19:41:00,buy,0.01,AUDJPY,108.38700,13/02/2026 17:12:28,108.22100,0.00,0.01,-16.60,-1.07,2.30,35.10,-3.92,-60.10,7754,Select7ccy,21.52,21.52hrs
12/02/2026 09:14:00,sell,0.01,CADJPY,112.73600,12/02/2026 18:40:09,112.26800,0.00,0.00,46.80,3.07,5.97,91.00,-3.34,-51.30,7754,Select7ccy,9.44,9.44hrs
12/02/2026 17:41:01,buy,0.03,CADJPY,112.33000,12/02/2026 18:37:53,112.18300,0.00,0.00,-14.70,-2.89,0.53,2.70,-10.45,-53.10,7754,Select7ccy,0.95,0.95hrs
12/02/2026 18:25:00,buy,0.09,CADJPY,111.90400,12/02/2026 18:37:52,112.17200,0.00,0.00,26.80,15.79,15.79,26.80,-6.20,-10.50,7754,Select7ccy,0.21,0.21hrs
12/02/2026 09:57:00,buy,0.01,CADJPY,112.76500,12/02/2026 18:37:52,112.18600,0.00,0.00,-57.90,-3.79,3.04,46.70,-6.34,-96.60,7754,Select7ccy,8.68,8.68hrs
12/02/2026 18:11:01,buy,0.03,AUDJPY,108.55400,12/02/2026 18:37:07,108.42500,0.00,0.00,-12.90,-2.53,0.00,0.00,-10.61,-53.90,7754,Select7ccy,0.43,0.43hrs
12/02/2026 18:21:02,buy,0.09,AUDJPY,108.19800,12/02/2026 18:37:06,108.42600,0.00,0.00,22.80,13.44,13.44,22.80,-10.81,-18.30,7754,Select7ccy,0.27,0.27hrs
11/02/2026 17:54:00,buy,0.01,AUDJPY,109.11400,12/02/2026 18:37:05,108.42200,0.00,0.04,-69.20,-4.50,2.28,34.40,-7.17,-109.90,7754,Select7ccy,24.72,1.03days
11/02/2026 18:56:01,sell,0.01,AUDJPY,109.03700,12/02/2026 18:36:59,108.46400,0.00,-0.21,57.30,3.55,6.34,99.90,-3.08,-44.10,7754,Select7ccy,23.68,23.68hrs
11/02/2026 03:41:06,sell,0.03,AUDCHF,0.54426,12/02/2026 18:23:02,0.54522,0.00,-0.93,-9.60,-4.67,2.31,5.90,-26.07,-64.60,7754,Select7ccy,38.70,1.61days
11/02/2026 15:33:02,sell,0.09,AUDCHF,0.54733,12/02/2026 18:23:01,0.54522,0.00,-2.80,21.10,21.89,21.89,21.10,-42.37,-33.90,7754,Select7ccy,26.83,1.12days
06/02/2026 05:01:00,sell,0.01,AUDCHF,0.53897,12/02/2026 18:23:00,0.54517,0.00,-0.62,-62.00,-8.68,0.00,0.00,-15.86,-117.50,7754,Select7ccy,157.37,6.56days
11/02/2026 04:19:01,sell,0.03,AUDCAD,0.96194,12/02/2026 18:13:53,0.96764,0.00,-0.42,-57.00,-12.98,3.53,15.90,-18.02,-79.80,7754,Select7ccy,37.91,1.58days
12/02/2026 17:58:00,sell,0.27,AUDCAD,0.96957,12/02/2026 18:13:52,0.96765,0.00,0.00,19.20,38.07,38.07,19.20,-6.95,-3.50,7754,Select7ccy,0.26,0.26hrs
11/02/2026 15:49:00,sell,0.09,AUDCAD,0.96625,12/02/2026 18:13:51,0.96763,0.00,-1.25,-13.80,-10.37,3.79,7.60,-25.54,-36.70,7754,Select7ccy,26.41,1.10days
10/02/2026 06:36:00,sell,0.01,AUDCAD,0.95873,12/02/2026 18:13:50,0.96767,0.00,-0.19,-89.40,-6.75,1.29,17.40,-8.42,-111.90,7754,Select7ccy,59.63,2.48days
11/02/2026 19:58:00,sell,0.03,AUDNZD,1.17833,12/02/2026 12:27:40,1.17369,0.00,-0.42,46.40,8.03,9.40,53.90,-2.86,-13.40,7754,Select7ccy,16.49,16.49hrs
11/02/2026 17:26:00,sell,0.01,AUDNZD,1.17533,12/02/2026 12:27:39,1.17369,0.00,-0.14,16.40,0.86,1.31,23.90,-2.77,-43.40,7754,Select7ccy,19.03,19.03hrs
06/02/2026 13:43:01,buy,0.01,AUDCAD,0.95553,12/02/2026 10:39:19,0.96543,0.00,0.07,99.00,7.36,10.35,139.50,-0.89,-12.20,7754,Select7ccy,140.94,5.87days
05/02/2026 18:29:00,buy,0.01,AUDNZD,1.16409,12/02/2026 10:19:59,1.17469,0.00,0.06,106.00,6.48,9.41,154.30,-0.86,-14.40,7754,Select7ccy,159.85,6.66days
12/02/2026 05:39:00,buy,0.03,CADJPY,112.25800,12/02/2026 07:53:46,112.69700,0.00,0.00,43.90,8.60,10.07,51.40,0.00,0.00,7754,Select7ccy,2.25,2.25hrs
12/02/2026 03:30:01,buy,0.01,CADJPY,112.81500,12/02/2026 07:53:45,112.70600,0.00,0.00,-10.90,-0.71,0.16,2.50,-3.62,-55.10,7754,Select7ccy,4.40,4.40hrs
11/02/2026 13:48:00,sell,0.01,CADJPY,113.32700,12/02/2026 07:32:05,112.72200,0.00,-0.13,60.50,3.82,6.74,104.70,-2.33,-36.00,7754,Select7ccy,17.73,17.73hrs
11/02/2026 19:33:03,buy,0.03,CADJPY,112.54900,12/02/2026 02:17:14,112.89100,0.00,0.11,34.20,6.80,8.19,41.30,-0.02,-0.10,7754,Select7ccy,6.74,6.74hrs
11/02/2026 17:51:00,buy,0.01,CADJPY,112.86200,12/02/2026 02:17:13,112.89400,0.00,0.04,3.20,0.25,0.69,10.00,-2.09,-31.90,7754,Select7ccy,8.44,8.44hrs
09/02/2026 13:49:03,buy,0.01,AUDCHF,0.54279,11/02/2026 17:30:37,0.54789,0.00,0.08,51.00,6.68,9.56,73.20,-3.61,-27.90,7754,Select7ccy,51.69,2.15days
11/02/2026 16:02:01,sell,0.03,AUDJPY,109.57200,11/02/2026 17:07:14,109.22400,0.00,0.00,34.80,6.81,6.81,34.80,-1.05,-5.40,7754,Select7ccy,1.09,1.09hrs
11/02/2026 14:00:00,sell,0.01,AUDJPY,109.17600,11/02/2026 17:07:13,109.22300,0.00,0.00,-4.70,-0.31,0.58,8.90,-2.93,-45.00,7754,Select7ccy,3.12,3.12hrs
11/02/2026 15:40:03,buy,0.03,CADJPY,112.55100,11/02/2026 15:43:52,113.14700,0.00,0.00,59.60,11.63,11.63,59.60,0.00,0.00,7754,Select7ccy,0.06,0.06hrs
11/02/2026 15:33:05,buy,0.01,CADJPY,113.67100,11/02/2026 15:43:51,113.15500,0.00,0.00,-51.60,-3.36,0.00,0.00,-4.24,-65.00,7754,Select7ccy,0.18,0.18hrs
10/02/2026 16:39:01,buy,0.03,AUDJPY,109.30300,11/02/2026 15:41:49,109.04700,0.00,0.04,-25.60,-4.97,4.58,23.40,-11.87,-60.70,7754,Select7ccy,23.05,23.05hrs
11/02/2026 15:40:00,buy,0.09,AUDJPY,108.69300,11/02/2026 15:41:48,109.05900,0.00,0.00,36.60,21.47,21.47,36.60,0.00,0.00,7754,Select7ccy,0.03,0.03hrs
09/02/2026 04:03:00,buy,0.01,AUDJPY,110.04600,11/02/2026 15:41:47,109.02400,0.00,0.02,-102.20,-6.64,3.86,60.10,-8.81,-135.00,7754,Select7ccy,59.65,2.49days
06/02/2026 11:31:02,buy,0.01,NZDUSD,0.59864,11/02/2026 15:30:03,0.60391,0.00,-0.08,52.70,5.19,8.15,82.30,-0.47,-4.70,7754,Select7ccy,123.98,5.17days
11/02/2026 07:39:01,buy,0.27,CADJPY,113.19600,11/02/2026 13:19:35,113.53800,0.00,0.00,34.20,60.19,60.19,34.20,-25.97,-14.70,7754,Select7ccy,5.68,5.68hrs
10/02/2026 16:23:00,buy,0.09,CADJPY,114.05200,11/02/2026 13:19:34,113.53800,0.00,0.11,-51.40,-30.05,3.15,5.40,-58.95,-100.30,7754,Select7ccy,20.94,20.94hrs
10/02/2026 12:42:00,buy,0.03,CADJPY,114.37200,11/02/2026 13:19:34,113.53800,0.00,0.04,-83.40,-16.27,2.24,11.60,-25.93,-132.30,7754,Select7ccy,24.63,1.03days
09/02/2026 03:56:00,buy,0.01,CADJPY,114.70400,11/02/2026 13:19:33,113.53800,0.00,0.02,-116.60,-7.58,3.18,49.60,-10.81,-165.50,7754,Select7ccy,57.39,2.39days
10/02/2026 05:34:00,sell,0.01,AUDJPY,109.90700,11/02/2026 12:50:37,109.18400,0.00,-0.07,72.30,4.65,7.69,118.70,-0.96,-15.00,7754,Select7ccy,31.28,1.30days
10/02/2026 06:18:01,sell,0.01,CADJPY,114.55700,11/02/2026 12:41:15,113.52000,0.00,-0.04,103.70,6.72,9.71,149.10,-1.12,-17.50,7754,Select7ccy,30.39,1.27days
11/02/2026 03:41:03,sell,0.27,AUDNZD,1.17200,11/02/2026 07:04:59,1.17366,0.00,0.00,-16.60,-27.15,0.00,0.00,-55.66,-34.00,7754,Select7ccy,3.40,3.40hrs
04/02/2026 11:53:01,sell,0.03,AUDNZD,1.16561,11/02/2026 07:04:58,1.17366,0.00,-0.79,-80.50,-15.42,6.24,36.40,-18.60,-97.90,7754,Select7ccy,163.20,6.80days
11/02/2026 04:34:00,sell,0.81,AUDNZD,1.17533,11/02/2026 07:04:57,1.17366,0.00,0.00,16.70,81.94,81.94,16.70,-3.44,-0.70,7754,Select7ccy,2.52,2.52hrs
09/02/2026 09:06:00,sell,0.09,AUDNZD,1.16872,11/02/2026 07:04:56,1.17366,0.00,-0.83,-49.40,-27.77,2.82,5.20,-37.28,-66.80,7754,Select7ccy,45.98,1.92days
29/01/2026 16:56:00,sell,0.01,AUDNZD,1.16243,11/02/2026 07:04:56,1.17366,0.00,-0.40,-112.30,-7.21,5.55,93.70,-8.26,-129.70,7754,Select7ccy,302.15,12.59days
09/02/2026 17:02:00,sell,0.09,AUDCAD,0.96202,10/02/2026 05:33:20,0.95952,0.00,-0.42,25.00,16.19,17.31,26.70,-4.84,-7.30,7754,Select7ccy,12.52,12.52hrs
06/02/2026 19:52:01,sell,0.03,AUDCAD,0.95799,10/02/2026 05:33:19,0.95952,0.00,-0.28,-15.30,-3.66,0.31,1.40,-10.65,-47.60,7754,Select7ccy,81.69,3.40days
05/02/2026 20:41:01,sell,0.01,AUDCAD,0.95212,10/02/2026 05:33:18,0.95952,0.00,-0.15,-74.00,-5.61,3.92,54.50,-7.93,-106.30,7754,Select7ccy,104.87,4.37days
10/02/2026 01:59:05,sell,0.03,CADJPY,115.13100,10/02/2026 04:55:00,114.75600,0.00,0.00,37.50,7.24,7.78,40.30,-1.63,-8.50,7754,Select7ccy,2.93,2.93hrs
09/02/2026 06:20:00,sell,0.01,CADJPY,114.74700,10/02/2026 04:54:59,114.74600,0.00,-0.04,0.10,-0.03,1.46,22.70,-3.04,-46.90,7754,Select7ccy,22.58,22.58hrs
06/02/2026 18:43:01,sell,0.03,AUDJPY,110.21600,10/02/2026 04:33:07,110.27500,0.00,-0.41,-5.90,-1.54,9.57,50.90,-10.88,-56.10,7754,Select7ccy,81.83,3.41days
09/02/2026 18:53:01,sell,0.09,AUDJPY,110.61300,10/02/2026 04:33:06,110.27500,0.00,-0.63,33.80,18.91,18.91,33.80,-3.57,-5.10,7754,Select7ccy,9.67,9.67hrs
06/02/2026 05:00:01,sell,0.01,AUDJPY,108.72700,10/02/2026 04:33:01,110.28700,0.00,-0.14,-156.00,-10.17,0.31,4.90,-13.07,-205.00,7754,Select7ccy,95.55,3.98days
06/02/2026 09:55:01,buy,0.01,AUDCHF,0.54119,09/02/2026 09:22:27,0.54359,0.00,0.05,24.00,3.16,6.18,47.60,-0.77,-6.00,7754,Select7ccy,71.46,2.98days
06/02/2026 16:40:01,sell,0.03,CADJPY,115.04700,09/02/2026 03:31:30,114.58100,0.00,-0.13,46.60,8.81,8.81,46.60,-5.29,-27.10,7754,Select7ccy,58.86,2.45days
06/02/2026 03:19:01,sell,0.01,CADJPY,114.22000,09/02/2026 03:31:29,114.58000,0.00,-0.04,-36.00,-2.34,0.15,2.30,-7.00,-109.80,7754,Select7ccy,72.21,3.01days
06/02/2026 02:31:00,buy,0.01,CADJPY,114.36900,09/02/2026 02:10:07,114.84700,0.00,0.01,47.80,3.06,5.93,93.30,-1.21,-18.90,7754,Select7ccy,71.65,2.99days
06/02/2026 03:39:00,buy,0.01,AUDJPY,108.46400,09/02/2026 02:10:06,110.28300,0.00,0.01,181.90,11.61,14.57,229.50,-0.19,-3.00,7754,Select7ccy,70.52,2.94days
05/02/2026 23:34:00,buy,0.03,AUDCAD,0.94966,06/02/2026 12:26:02,0.95394,0.00,0.04,42.80,9.42,10.67,48.50,-6.93,-31.90,7754,Select7ccy,12.87,12.87hrs
05/02/2026 21:14:00,buy,0.01,AUDCAD,0.95311,06/02/2026 12:26:01,0.95398,0.00,0.01,8.70,0.64,1.03,14.00,-4.83,-66.40,7754,Select7ccy,15.20,15.20hrs
06/02/2026 01:41:01,buy,0.03,AUDCHF,0.53830,06/02/2026 08:26:35,0.54026,0.00,0.00,19.60,7.58,8.81,22.80,-7.10,-18.40,7754,Select7ccy,6.76,6.76hrs
05/02/2026 21:07:18,buy,0.01,AUDCHF,0.54144,06/02/2026 08:26:34,0.54026,0.00,0.05,-11.80,-1.47,0.14,1.10,-6.35,-49.80,7754,Select7ccy,11.32,11.32hrs
06/02/2026 01:26:01,buy,0.27,NZDUSD,0.59431,06/02/2026 04:02:02,0.59586,0.00,0.00,15.50,41.85,41.85,15.50,-41.04,-15.20,7754,Select7ccy,2.60,2.60hrs
04/02/2026 17:35:00,buy,0.03,NZDUSD,0.60059,06/02/2026 04:02:01,0.59586,0.00,-0.28,-47.30,-14.47,0.93,3.10,-23.68,-78.00,7754,Select7ccy,34.45,1.44days
05/02/2026 17:36:00,buy,0.09,NZDUSD,0.59736,06/02/2026 04:02:00,0.59588,0.00,-0.21,-14.80,-13.53,15.57,17.30,-41.34,-45.70,7754,Select7ccy,10.43,10.43hrs
03/02/2026 13:29:01,buy,0.01,NZDUSD,0.60367,06/02/2026 04:01:58,0.59590,0.00,-0.11,-77.70,-7.88,2.55,25.50,-10.99,-108.80,7754,Select7ccy,62.55,2.61days
03/02/2026 19:21:03,sell,0.01,AUDCHF,0.54294,06/02/2026 03:50:36,0.53894,0.00,-0.52,40.00,4.62,7.58,63.00,-4.86,-36.90,7754,Select7ccy,56.49,2.35days
05/02/2026 20:00:01,sell,0.01,AUDJPY,109.29800,06/02/2026 03:08:11,108.53300,0.00,-0.07,76.50,4.81,7.80,123.30,-0.29,-4.50,7754,Select7ccy,7.14,7.14hrs
06/02/2026 02:03:00,buy,0.27,AUDJPY,108.27700,06/02/2026 02:36:42,108.46800,0.00,0.00,19.10,32.89,32.89,19.10,-39.98,-23.20,7754,Select7ccy,0.56,0.56hrs
05/02/2026 17:27:00,buy,0.03,AUDJPY,108.96700,06/02/2026 02:36:41,108.47300,0.00,0.04,-49.40,-9.41,9.00,47.10,-17.62,-92.20,7754,Select7ccy,9.16,9.16hrs
06/02/2026 01:22:01,buy,0.09,AUDJPY,108.66200,06/02/2026 02:36:40,108.47300,0.00,0.00,-18.90,-10.85,0.00,0.00,-35.45,-61.70,7754,Select7ccy,1.24,1.24hrs
05/02/2026 10:09:03,buy,0.01,AUDJPY,109.80500,06/02/2026 02:36:39,108.47600,0.00,0.01,-132.90,-8.47,0.00,0.00,-11.22,-176.00,7754,Select7ccy,16.46,16.46hrs
03/02/2026 14:14:00,sell,0.03,CADJPY,114.06800,06/02/2026 02:17:21,114.15700,0.00,-0.64,-8.90,-2.35,1.31,6.80,-16.64,-84.50,7754,Select7ccy,60.06,2.50days
04/02/2026 03:08:05,sell,0.09,CADJPY,114.41200,06/02/2026 02:17:20,114.15700,0.00,-1.53,25.50,13.12,13.12,25.50,-29.83,-50.10,7754,Select7ccy,47.15,1.96days
30/01/2026 19:38:00,sell,0.01,CADJPY,113.76600,06/02/2026 02:17:19,114.15800,0.00,-0.29,-39.20,-2.79,4.12,64.30,-7.55,-114.70,7754,Select7ccy,150.66,6.28days
02/02/2026 17:39:00,buy,0.01,CADJPY,113.95500,06/02/2026 00:01:13,114.36000,0.00,0.06,40.50,2.64,6.04,94.10,-2.22,-34.50,7754,Select7ccy,78.37,3.27days
04/02/2026 19:31:00,buy,0.03,AUDCAD,0.95495,05/02/2026 18:35:16,0.95332,0.00,0.12,-16.30,-3.46,4.91,21.80,-12.32,-56.70,7754,Select7ccy,23.07,23.07hrs
05/02/2026 17:07:00,buy,0.09,AUDCAD,0.95124,05/02/2026 18:35:15,0.95334,0.00,0.00,21.00,13.81,13.81,21.00,-12.90,-19.60,7754,Select7ccy,1.47,1.47hrs
03/02/2026 14:50:01,buy,0.01,AUDCAD,0.95802,05/02/2026 18:35:14,0.95332,0.00,0.05,-47.00,-3.39,1.43,19.40,-6.34,-87.40,7754,Select7ccy,51.75,2.16days
03/02/2026 12:39:01,sell,0.01,AUDCAD,0.95838,05/02/2026 18:33:52,0.95360,0.00,-0.19,47.80,3.31,6.35,89.40,-1.32,-17.40,7754,Select7ccy,53.91,2.25days
05/02/2026 17:33:00,buy,0.09,AUDCHF,0.53899,05/02/2026 18:22:46,0.54125,0.00,0.00,22.60,26.16,26.16,22.60,-3.94,-3.40,7754,Select7ccy,0.83,0.83hrs
04/02/2026 19:29:00,buy,0.03,AUDCHF,0.54236,05/02/2026 18:22:45,0.54123,0.00,0.41,-11.30,-3.95,8.67,21.40,-13.93,-37.10,7754,Select7ccy,22.90,22.90hrs
03/02/2026 08:12:01,buy,0.01,AUDCHF,0.54584,05/02/2026 18:22:44,0.54125,0.00,0.19,-45.90,-5.72,2.23,17.30,-9.08,-71.90,7754,Select7ccy,58.18,2.42days
04/02/2026 13:11:01,sell,0.01,AUDJPY,109.95700,05/02/2026 18:22:08,109.27200,0.00,-0.20,68.50,4.17,7.72,124.00,-1.45,-22.70,7754,Select7ccy,29.19,1.22days
21/01/2026 01:04:01,buy,0.01,AUDNZD,1.15550,05/02/2026 15:57:22,1.16189,0.00,0.12,63.90,3.96,6.90,112.70,-1.44,-25.80,7754,Select7ccy,374.89,15.62days
05/02/2026 04:17:00,buy,0.03,AUDJPY,109.21500,05/02/2026 09:09:02,109.55100,0.00,0.00,33.60,6.42,7.65,40.00,-1.90,-9.90,7754,Select7ccy,4.87,4.87hrs
04/02/2026 19:02:01,buy,0.01,AUDJPY,109.54500,05/02/2026 09:09:02,109.55000,0.00,0.04,0.50,0.07,2.58,39.80,-2.70,-42.90,7754,Select7ccy,14.12,14.12hrs
03/02/2026 08:11:01,buy,0.01,AUDJPY,109.02400,04/02/2026 16:58:50,109.69000,0.00,0.01,66.60,4.27,7.30,114.20,-0.85,-13.20,7754,Select7ccy,32.80,1.37days
04/02/2026 03:24:28,sell,0.03,AUDJPY,109.79800,04/02/2026 11:49:59,109.91000,0.00,0.00,-11.20,-2.15,3.07,16.00,-7.29,-38.00,7754,Select7ccy,8.43,8.43hrs
04/02/2026 10:10:01,sell,0.09,AUDJPY,110.14400,04/02/2026 11:49:55,109.90700,0.00,0.00,23.70,13.62,13.62,23.70,-1.96,-3.40,7754,Select7ccy,1.67,1.67hrs
03/02/2026 19:07:04,sell,0.01,AUDJPY,109.22700,04/02/2026 11:49:52,109.90500,0.00,-0.07,-67.80,-4.40,2.02,31.50,-6.15,-95.10,7754,Select7ccy,16.71,16.71hrs
03/02/2026 09:32:00,sell,0.03,AUDJPY,109.26000,03/02/2026 17:02:30,108.93700,0.00,0.00,32.30,6.21,6.21,32.30,-5.42,-28.10,7754,Select7ccy,7.51,7.51hrs
03/02/2026 07:47:03,sell,0.01,AUDJPY,108.86100,03/02/2026 17:02:29,108.93300,0.00,0.00,-7.20,-0.46,0.00,0.00,-4.37,-68.00,7754,Select7ccy,9.26,9.26hrs
02/02/2026 16:34:00,sell,0.03,AUDCHF,0.54199,03/02/2026 16:32:38,0.54428,0.00,-0.31,-22.90,-9.14,1.38,3.60,-22.43,-57.30,7754,Select7ccy,23.98,23.98hrs
03/02/2026 05:49:00,sell,0.09,AUDCHF,0.54632,03/02/2026 16:32:37,0.54427,0.00,0.00,20.50,23.72,23.72,20.50,-16.22,-14.00,7754,Select7ccy,10.73,10.73hrs
29/01/2026 19:47:00,sell,0.01,AUDCHF,0.53790,03/02/2026 16:32:36,0.54426,0.00,-0.31,-63.60,-8.48,4.45,36.00,-12.95,-98.20,7754,Select7ccy,116.76,4.87days
30/01/2026 04:51:01,buy,0.01,AUDCAD,0.94690,03/02/2026 12:40:29,0.95826,0.00,0.02,113.60,8.32,11.20,152.60,-1.82,-24.70,7754,Select7ccy,103.82,4.33days
03/02/2026 05:46:00,sell,0.09,AUDCAD,0.95802,03/02/2026 11:16:18,0.95963,0.00,0.00,-16.10,-10.59,6.26,9.50,-28.35,-43.00,7754,Select7ccy,5.50,5.50hrs
03/02/2026 09:39:00,sell,0.27,AUDCAD,0.96117,03/02/2026 11:16:17,0.95958,0.00,0.00,15.90,31.37,31.37,15.90,-22.74,-11.50,7754,Select7ccy,1.62,1.62hrs
03/02/2026 05:31:01,sell,0.03,AUDCAD,0.95502,03/02/2026 11:16:17,0.95957,0.00,0.00,-45.50,-9.98,0.00,0.00,-16.04,-73.00,7754,Select7ccy,5.75,5.75hrs
30/01/2026 00:03:07,sell,0.01,AUDCAD,0.94997,03/02/2026 11:16:16,0.95951,0.00,-0.10,-95.40,-7.07,3.96,53.70,-9.15,-123.50,7754,Select7ccy,107.22,4.47days
30/01/2026 20:10:00,buy,0.03,NZDUSD,0.60238,03/02/2026 09:59:48,0.60519,0.00,-0.19,28.10,8.24,9.44,32.10,-10.08,-33.20,7754,Select7ccy,85.83,3.58days
29/01/2026 13:27:01,buy,0.01,NZDUSD,0.60588,03/02/2026 09:59:47,0.60519,0.00,-0.10,-6.90,-0.79,2.77,27.70,-6.90,-68.20,7754,Select7ccy,116.55,4.86days
02/02/2026 11:39:01,buy,0.01,AUDCHF,0.53888,03/02/2026 06:46:16,0.54497,0.00,0.05,60.90,7.88,10.65,82.50,-0.32,-2.50,7754,Select7ccy,19.12,19.12hrs
02/02/2026 10:05:00,buy,0.01,AUDJPY,107.58500,03/02/2026 06:46:09,108.85800,0.00,0.01,127.30,8.20,11.08,172.00,-0.09,-1.40,7754,Select7ccy,20.69,20.69hrs
03/02/2026 05:34:00,sell,0.09,AUDJPY,108.80600,03/02/2026 06:44:02,108.95200,0.00,0.00,-14.60,-8.45,0.00,0.00,-30.28,-52.30,7754,Select7ccy,1.17,1.17hrs
03/02/2026 05:59:02,sell,0.27,AUDJPY,109.19600,03/02/2026 06:44:01,108.95500,0.00,0.00,24.10,41.87,41.87,24.10,-23.10,-13.30,7754,Select7ccy,0.75,0.75hrs
02/02/2026 17:22:00,sell,0.03,AUDJPY,108.36400,03/02/2026 06:44:00,108.96200,0.00,-0.21,-59.80,-11.76,6.72,34.90,-18.83,-96.50,7754,Select7ccy,13.37,13.37hrs
30/01/2026 20:11:05,sell,0.01,AUDJPY,107.57400,03/02/2026 06:43:59,108.96400,0.00,-0.14,-139.00,-9.08,4.42,69.50,-11.43,-175.50,7754,Select7ccy,82.55,3.44days
02/02/2026 08:12:00,buy,0.03,CADJPY,113.31800,02/02/2026 16:37:16,113.82200,0.00,0.00,50.40,9.74,9.74,50.40,-4.09,-21.10,7754,Select7ccy,8.42,8.42hrs
30/01/2026 20:50:00,buy,0.01,CADJPY,113.69500,02/02/2026 16:37:15,113.82300,0.00,0.01,12.80,0.83,2.42,37.50,-3.79,-58.80,7754,Select7ccy,67.79,2.82days
02/02/2026 06:02:01,buy,0.03,AUDCHF,0.53559,02/02/2026 10:38:36,0.53768,0.00,0.00,20.90,8.11,8.42,21.70,-5.59,-14.40,7754,Select7ccy,4.61,4.61hrs
28/01/2026 19:49:07,buy,0.01,AUDCHF,0.53874,02/02/2026 10:38:36,0.53765,0.00,0.23,-10.90,-1.18,5.67,42.30,-5.71,-45.90,7754,Select7ccy,110.82,4.62days
02/02/2026 07:29:03,buy,0.03,AUDJPY,107.31900,02/02/2026 09:02:49,107.13600,0.00,0.00,-18.30,-3.55,0.00,0.00,-8.88,-45.80,7754,Select7ccy,1.56,1.56hrs
02/02/2026 08:38:01,buy,0.09,AUDJPY,106.89000,02/02/2026 09:02:48,107.13200,0.00,0.00,24.20,14.08,14.08,24.20,-1.69,-2.90,7754,Select7ccy,0.41,0.41hrs
30/01/2026 22:49:05,buy,0.01,AUDJPY,107.78300,02/02/2026 09:02:47,107.13400,0.00,0.01,-64.90,-4.19,2.12,32.80,-5.95,-92.20,7754,Select7ccy,58.23,2.43days
30/01/2026 20:23:01,buy,0.03,AUDJPY,107.32100,30/01/2026 21:29:57,107.79000,0.00,0.00,46.90,9.10,10.13,52.20,-0.31,-1.60,7754,Select7ccy,1.12,1.12hrs
29/01/2026 20:41:00,buy,0.01,AUDJPY,107.66600,30/01/2026 21:29:56,107.78500,0.00,0.01,11.90,0.78,5.63,86.90,-2.33,-36.10,7754,Select7ccy,24.82,1.03days
30/01/2026 16:49:01,sell,0.03,AUDJPY,108.42300,30/01/2026 19:10:16,107.82200,0.00,0.00,60.10,11.68,11.95,61.50,-2.48,-12.80,7754,Select7ccy,2.35,2.35hrs
29/01/2026 19:49:00,sell,0.01,AUDJPY,107.32700,30/01/2026 19:10:15,107.82200,0.00,-0.07,-49.50,-3.27,0.22,3.40,-7.99,-122.40,7754,Select7ccy,23.35,23.35hrs
30/01/2026 04:38:00,sell,0.03,CADJPY,113.76900,30/01/2026 17:55:49,113.97800,0.00,0.00,-20.90,-4.07,1.36,7.00,-12.90,-66.50,7754,Select7ccy,13.30,13.30hrs
30/01/2026 17:19:02,sell,0.09,CADJPY,114.42100,30/01/2026 17:55:48,113.97600,0.00,0.00,44.50,25.95,25.95,44.50,-0.70,-1.20,7754,Select7ccy,0.61,0.61hrs
29/01/2026 19:49:04,sell,0.01,CADJPY,113.14200,30/01/2026 17:55:47,113.97700,0.00,-0.04,-83.50,-5.45,0.00,0.00,-8.39,-129.20,7754,Select7ccy,22.11,22.11hrs
29/01/2026 18:47:06,buy,0.01,CADJPY,113.10200,30/01/2026 17:55:25,113.97800,0.00,0.01,87.60,5.68,8.52,131.60,-0.06,-0.90,7754,Select7ccy,23.14,23.14hrs
29/01/2026 17:18:00,buy,0.03,AUDCAD,0.94711,30/01/2026 00:01:22,0.94991,0.00,0.04,28.00,6.27,8.54,38.40,0.00,0.00,7754,Select7ccy,6.72,6.72hrs
28/01/2026 21:59:06,buy,0.01,AUDCAD,0.95160,30/01/2026 00:01:21,0.94991,0.00,0.05,-16.90,-1.20,5.46,73.30,-2.88,-39.40,7754,Select7ccy,26.04,1.08days
29/01/2026 17:43:03,buy,0.03,AUDJPY,106.80100,29/01/2026 19:40:38,107.52800,0.00,0.00,72.70,14.26,14.56,74.20,0.00,0.00,7754,Select7ccy,1.96,1.96hrs
29/01/2026 04:47:55,buy,0.01,AUDJPY,107.78300,29/01/2026 19:40:36,107.52700,0.00,0.00,-25.60,-1.67,4.98,76.20,-4.30,-65.80,7754,Select7ccy,14.88,14.88hrs
29/01/2026 11:55:07,sell,0.01,AUDCAD,0.95488,29/01/2026 19:23:40,0.94958,0.00,0.00,53.00,3.92,5.22,70.50,-0.79,-10.70,7754,Select7ccy,7.48,7.48hrs
29/01/2026 15:40:01,sell,0.01,AUDJPY,108.19500,29/01/2026 18:11:35,107.00700,0.00,0.00,118.80,7.77,7.77,118.80,-1.81,-27.80,7754,Select7ccy,2.53,2.53hrs
27/01/2026 21:03:00,buy,0.01,CADJPY,112.29800,29/01/2026 17:29:11,113.08100,0.00,0.04,78.30,5.14,8.11,123.70,-2.10,-31.90,7754,Select7ccy,44.44,1.85days
28/01/2026 22:54:00,sell,0.03,AUDCHF,0.54069,29/01/2026 17:18:12,0.53777,0.00,-0.95,29.20,10.44,10.44,29.20,-10.43,-24.20,7754,Select7ccy,18.40,18.40hrs
26/01/2026 00:06:07,sell,0.01,AUDCHF,0.53604,29/01/2026 17:18:11,0.53779,0.00,-0.53,-17.50,-2.81,3.11,24.40,-9.76,-70.70,7754,Select7ccy,89.20,3.72days
28/01/2026 17:12:00,sell,0.09,CADJPY,113.03000,29/01/2026 17:17:04,113.21300,0.00,-1.12,-18.30,-11.86,0.00,0.00,-31.71,-52.10,7754,Select7ccy,24.08,1.00days
29/01/2026 16:03:00,sell,0.27,CADJPY,113.46900,29/01/2026 17:17:03,113.21400,0.00,0.00,25.50,44.90,44.90,25.50,-14.44,-8.20,7754,Select7ccy,1.23,1.23hrs
28/01/2026 15:51:00,sell,0.03,CADJPY,112.68600,29/01/2026 17:17:03,113.21300,0.00,-0.37,-52.70,-10.68,0.00,0.00,-17.30,-86.50,7754,Select7ccy,25.43,1.06days
27/01/2026 12:59:00,sell,0.01,CADJPY,112.11400,29/01/2026 17:17:02,113.21000,0.00,-0.16,-109.60,-7.31,0.78,11.80,-9.54,-143.70,7754,Select7ccy,52.30,2.18days
29/01/2026 05:45:31,sell,0.09,AUDNZD,1.16374,29/01/2026 13:24:08,1.16155,0.00,0.00,21.90,11.94,12.04,22.10,-5.10,-9.30,7754,Select7ccy,7.64,7.64hrs
27/01/2026 11:54:03,sell,0.03,AUDNZD,1.16071,29/01/2026 13:24:08,1.16155,0.00,-0.52,-8.40,-2.05,3.48,19.50,-7.75,-39.60,7754,Select7ccy,49.50,2.06days
23/01/2026 02:01:00,sell,0.01,AUDNZD,1.15594,29/01/2026 13:24:07,1.16155,0.00,-0.25,-56.10,-3.64,0.00,0.00,-5.57,-87.30,7754,Select7ccy,155.39,6.47days
29/01/2026 06:39:11,sell,0.03,AUDJPY,108.45400,29/01/2026 12:52:45,108.02300,0.00,0.00,43.10,8.43,9.76,49.90,-2.18,-11.10,7754,Select7ccy,6.23,6.23hrs
29/01/2026 03:27:34,sell,0.01,AUDJPY,107.64300,29/01/2026 12:52:44,108.02100,0.00,0.00,-37.80,-2.46,0.16,2.50,-6.02,-92.20,7754,Select7ccy,9.42,9.42hrs
28/01/2026 05:20:00,buy,0.01,NZDUSD,0.60199,29/01/2026 10:56:28,0.60613,0.00,-0.12,41.40,4.02,7.07,71.90,-0.71,-7.10,7754,Select7ccy,29.61,1.23days
29/01/2026 05:58:00,sell,0.09,AUDCAD,0.95697,29/01/2026 10:54:08,0.95451,0.00,0.00,24.60,16.36,16.36,24.60,-14.18,-21.30,7754,Select7ccy,4.94,4.94hrs
28/01/2026 23:35:01,sell,0.03,AUDCAD,0.95363,29/01/2026 10:54:07,0.95451,0.00,-0.42,-8.80,-2.37,4.52,22.30,-12.56,-54.70,7754,Select7ccy,11.32,11.32hrs
28/01/2026 03:56:00,sell,0.01,AUDCAD,0.95061,29/01/2026 10:54:06,0.95451,0.00,-0.14,-39.00,-3.03,2.80,38.00,-6.42,-84.90,7754,Select7ccy,30.97,1.29days
27/01/2026 14:01:00,buy,0.01,AUDJPY,106.56900,29/01/2026 03:42:22,107.56800,0.00,0.05,99.90,6.57,9.03,137.80,-1.54,-23.60,7754,Select7ccy,37.69,1.57days
28/01/2026 20:33:06,sell,0.09,AUDJPY,107.58600,29/01/2026 02:05:42,107.66600,0.00,-1.82,-8.00,-6.53,0.00,0.00,-30.14,-48.30,7754,Select7ccy,5.54,5.54hrs
28/01/2026 23:16:01,sell,0.27,AUDJPY,107.89500,29/01/2026 02:05:41,107.66800,0.00,-5.45,22.70,34.58,34.58,22.70,-36.06,-17.40,7754,Select7ccy,2.83,2.83hrs
28/01/2026 17:13:01,sell,0.03,AUDJPY,107.28500,29/01/2026 02:05:40,107.66600,0.00,-0.61,-38.10,-8.08,1.23,6.30,-15.93,-78.40,7754,Select7ccy,8.88,8.88hrs
26/01/2026 03:32:01,sell,0.01,AUDJPY,106.95600,29/01/2026 02:05:39,107.66300,0.00,-0.34,-70.70,-4.96,5.29,81.10,-7.59,-111.30,7754,Select7ccy,70.56,2.94days
28/01/2026 17:47:08,buy,0.03,AUDCAD,0.94739,28/01/2026 20:48:49,0.95043,0.00,0.00,30.40,6.71,6.71,30.40,-1.66,-7.50,7754,Select7ccy,3.03,3.03hrs
28/01/2026 07:58:17,buy,0.01,AUDCAD,0.95122,28/01/2026 20:48:48,0.95043,0.00,0.00,-7.90,-0.58,0.55,7.40,-3.38,-45.80,7754,Select7ccy,12.84,12.84hrs
27/01/2026 14:22:01,buy,0.03,AUDCHF,0.53623,28/01/2026 17:08:50,0.53834,0.00,0.14,21.10,8.35,8.35,21.10,-11.40,-28.90,7754,Select7ccy,26.78,1.12days
22/01/2026 15:37:03,buy,0.01,AUDCHF,0.54010,28/01/2026 17:08:49,0.53832,0.00,0.17,-17.80,-2.14,3.01,23.50,-8.77,-67.60,7754,Select7ccy,145.53,6.06days
15/01/2026 16:12:00,buy,0.01,AUDCAD,0.92973,28/01/2026 04:07:25,0.95039,0.00,0.11,206.60,15.28,16.69,225.40,-0.98,-13.90,7754,Select7ccy,299.92,12.50days
27/01/2026 03:52:39,buy,0.01,NZDUSD,0.59701,28/01/2026 03:06:04,0.60196,0.00,-0.04,49.50,4.91,7.71,77.10,-1.50,-15.00,7754,Select7ccy,23.22,23.22hrs
28/01/2026 02:33:00,sell,0.81,AUDCAD,0.95433,28/01/2026 02:43:55,0.95251,0.00,0.00,18.20,108.40,108.40,18.20,0.00,0.00,7754,Select7ccy,0.18,0.18hrs
26/01/2026 00:01:36,sell,0.09,AUDCAD,0.94792,28/01/2026 02:43:54,0.95250,0.00,-0.84,-45.80,-31.15,15.26,23.20,-31.15,-45.80,7754,Select7ccy,50.70,2.11days
27/01/2026 22:56:02,sell,0.27,AUDCAD,0.95149,28/01/2026 02:43:53,0.95250,0.00,-1.27,-10.10,-21.32,13.03,7.20,-21.32,-10.10,7754,Select7ccy,3.80,3.80hrs
22/01/2026 02:31:04,sell,0.03,AUDCAD,0.93761,28/01/2026 02:43:52,0.95249,0.00,-0.54,-148.80,-33.36,0.00,0.00,-33.36,-148.80,7754,Select7ccy,144.21,6.01days
07/01/2026 04:25:05,sell,0.01,AUDCAD,0.93178,28/01/2026 02:43:51,0.95249,0.00,-0.89,-207.10,-16.11,3.82,55.40,-16.11,-207.10,7754,Select7ccy,502.31,20.93days
27/01/2026 11:53:02,buy,0.03,CADJPY,111.85100,27/01/2026 17:58:04,112.57400,0.00,0.00,72.30,14.15,14.15,72.30,0.00,0.00,7754,Select7ccy,6.08,6.08hrs
26/01/2026 02:02:01,buy,0.01,CADJPY,113.32900,27/01/2026 17:58:03,112.57600,0.00,0.01,-75.30,-4.90,0.04,0.60,-8.74,-134.30,7754,Select7ccy,39.93,1.66days
27/01/2026 11:53:06,buy,0.03,AUDJPY,106.11700,27/01/2026 12:06:19,106.64600,0.00,0.00,52.90,10.31,10.36,53.20,0.00,0.00,7754,Select7ccy,0.22,0.22hrs
26/01/2026 05:11:01,buy,0.01,AUDJPY,106.72300,27/01/2026 12:06:18,106.65000,0.00,0.01,-7.30,-0.46,2.27,34.90,-3.91,-60.00,7754,Select7ccy,30.92,1.29days
27/01/2026 09:53:00,sell,0.03,CADJPY,112.67700,27/01/2026 11:52:34,112.04100,0.00,0.00,63.60,12.43,12.43,63.60,-1.38,-7.10,7754,Select7ccy,1.99,1.99hrs
26/01/2026 12:28:01,sell,0.01,CADJPY,112.34800,27/01/2026 11:52:32,112.02800,0.00,-0.04,32.00,2.05,2.05,32.00,-2.62,-40.00,7754,Select7ccy,23.41,23.41hrs
23/01/2026 13:23:01,buy,0.01,NZDUSD,0.59070,27/01/2026 00:08:00,0.59672,0.00,-0.07,60.20,5.95,8.94,89.70,-0.59,-5.90,7754,Select7ccy,82.75,3.45days
26/01/2026 02:43:00,sell,0.01,CADJPY,113.07400,26/01/2026 11:00:57,112.64100,0.00,0.00,43.30,2.81,5.50,84.50,-0.55,-8.50,7754,Select7ccy,8.30,8.30hrs
23/01/2026 10:50:04,sell,0.01,AUDJPY,108.29100,26/01/2026 01:51:12,107.33200,0.00,-0.06,95.90,6.12,8.94,139.10,-2.21,-34.80,7754,Select7ccy,63.02,2.63days
26/01/2026 00:40:24,buy,0.27,AUDJPY,107.09400,26/01/2026 01:49:04,107.28700,0.00,0.00,19.30,33.57,33.57,19.30,-59.35,-33.90,7754,Select7ccy,1.14,1.14hrs
23/01/2026 19:28:02,buy,0.03,AUDJPY,107.83000,26/01/2026 01:49:03,107.28700,0.00,0.04,-54.30,-10.45,0.34,1.80,-20.87,-107.50,7754,Select7ccy,54.35,2.26days
23/01/2026 20:24:03,buy,0.09,AUDJPY,107.44600,26/01/2026 01:49:02,107.28700,0.00,0.11,-15.90,-9.10,2.54,4.40,-40.22,-69.10,7754,Select7ccy,53.42,2.23days
23/01/2026 12:20:00,buy,0.01,AUDJPY,108.15600,26/01/2026 01:49:01,107.29000,0.00,0.01,-86.60,-5.56,2.94,46.20,-9.08,-140.10,7754,Select7ccy,61.48,2.56days
23/01/2026 10:50:00,sell,0.01,CADJPY,114.71900,26/01/2026 01:23:57,113.12000,0.00,-0.04,159.90,10.28,13.35,206.60,-2.57,-40.20,7754,Select7ccy,62.57,2.61days
26/01/2026 00:51:18,buy,0.27,CADJPY,112.67700,26/01/2026 01:01:08,112.85700,0.00,0.00,18.00,31.44,31.44,18.00,-28.54,-15.00,7754,Select7ccy,0.16,0.16hrs
23/01/2026 21:54:00,buy,0.03,CADJPY,113.61200,26/01/2026 01:01:08,112.87000,0.00,0.03,-74.20,-14.37,3.10,16.10,-21.33,-108.50,7754,Select7ccy,51.12,2.13days
26/01/2026 00:01:53,buy,0.09,CADJPY,112.99700,26/01/2026 01:01:07,112.88000,0.00,0.00,-11.70,-6.81,0.00,0.00,-28.19,-47.00,7754,Select7ccy,0.99,0.99hrs
23/01/2026 21:25:00,buy,0.01,CADJPY,113.98700,26/01/2026 01:01:06,112.88400,0.00,0.01,-110.30,-7.12,0.00,0.00,-9.54,-146.00,7754,Select7ccy,51.60,2.15days
21/01/2026 17:12:00,sell,0.03,AUDCHF,0.53676,23/01/2026 23:28:06,0.53779,0.00,-1.20,-10.30,-5.17,3.63,9.60,-23.36,-58.40,7754,Select7ccy,54.27,2.26days
22/01/2026 02:37:01,sell,0.09,AUDCHF,0.54012,23/01/2026 23:28:05,0.53776,0.00,-0.91,23.60,26.34,26.34,23.60,-29.15,-24.80,7754,Select7ccy,44.85,1.87days
19/01/2026 03:33:02,sell,0.01,AUDCHF,0.53369,23/01/2026 23:28:04,0.53777,0.00,-0.60,-40.80,-5.84,3.06,24.90,-11.87,-89.10,7754,Select7ccy,115.92,4.83days
23/01/2026 19:19:00,buy,0.03,CADJPY,114.32300,23/01/2026 19:35:26,114.33500,0.00,0.00,1.20,0.23,0.23,1.20,-4.99,-26.00,7754,Select7ccy,0.27,0.27hrs
23/01/2026 19:32:01,buy,0.09,CADJPY,113.98100,23/01/2026 19:35:25,114.34400,0.00,0.00,36.30,20.83,20.83,36.30,0.00,0.00,7754,Select7ccy,0.06,0.06hrs
23/01/2026 12:15:00,buy,0.01,CADJPY,114.66300,23/01/2026 19:35:24,114.33000,0.00,0.00,-33.30,-2.12,2.81,44.20,-3.84,-60.00,7754,Select7ccy,7.34,7.34hrs
21/01/2026 05:54:11,buy,0.01,NZDUSD,0.58336,23/01/2026 10:27:26,0.58963,0.00,-0.11,62.70,6.16,9.29,93.70,-0.21,-2.10,7754,Select7ccy,52.55,2.19days
23/01/2026 05:33:00,sell,0.03,CADJPY,115.08400,23/01/2026 09:43:47,114.53200,0.00,0.00,55.20,10.48,10.48,55.20,-6.48,-34.40,7754,Select7ccy,4.18,4.18hrs
23/01/2026 09:27:02,sell,0.09,CADJPY,115.39600,23/01/2026 09:43:46,114.46200,0.00,0.00,93.40,53.17,53.17,93.40,-1.81,-3.20,7754,Select7ccy,0.28,0.28hrs
22/01/2026 18:45:01,sell,0.01,CADJPY,114.69400,23/01/2026 09:43:45,114.56200,0.00,-0.04,13.20,0.79,0.79,13.20,-4.65,-73.40,7754,Select7ccy,14.98,14.98hrs
19/01/2026 18:12:01,buy,0.01,CADJPY,114.03100,23/01/2026 09:43:44,114.63200,0.00,0.06,60.10,3.86,8.73,138.00,-1.45,-23.10,7754,Select7ccy,87.53,3.65days
22/01/2026 06:09:04,sell,0.27,AUDJPY,107.98000,23/01/2026 09:43:43,108.20200,0.00,-1.72,-22.20,-39.62,18.73,11.00,-175.03,-102.20,7754,Select7ccy,27.58,1.15days
23/01/2026 09:21:00,sell,2.43,AUDJPY,108.92200,23/01/2026 09:43:42,108.20700,0.00,0.00,71.50,1098.95,1098.95,71.50,-122.10,-8.00,7754,Select7ccy,0.38,0.38hrs
22/01/2026 02:33:02,sell,0.03,AUDJPY,107.36900,23/01/2026 09:43:42,108.19600,0.00,-0.19,-82.70,-15.89,0.11,0.60,-30.96,-163.30,7754,Select7ccy,31.18,1.30days
23/01/2026 03:22:01,sell,0.81,AUDJPY,108.60700,23/01/2026 09:43:41,108.15300,0.00,0.00,45.40,232.66,232.66,45.40,-200.95,-39.50,7754,Select7ccy,6.36,6.36hrs
22/01/2026 04:07:08,sell,0.09,AUDJPY,107.66800,23/01/2026 09:43:40,108.16800,0.00,-0.57,-50.00,-29.06,4.03,7.10,-75.98,-133.40,7754,Select7ccy,29.61,1.23days
21/01/2026 22:19:03,sell,0.01,AUDJPY,107.05300,23/01/2026 09:43:39,108.13400,0.00,-0.25,-108.10,-7.09,0.31,7.90,-12.49,-194.90,7754,Select7ccy,35.41,1.48days
20/01/2026 12:05:00,buy,0.01,AUDJPY,106.15300,23/01/2026 09:43:36,107.89300,0.00,0.06,174.00,11.09,17.83,282.90,-0.02,-0.30,7754,Select7ccy,69.64,2.90days
22/01/2026 02:31:08,sell,0.03,AUDNZD,1.16100,22/01/2026 23:45:15,1.15597,0.00,0.00,50.30,8.93,8.93,50.30,-2.55,-14.50,7754,Select7ccy,21.24,21.24hrs
21/01/2026 19:08:00,sell,0.01,AUDNZD,1.15633,22/01/2026 23:45:14,1.15603,0.00,-0.12,3.00,0.06,0.06,3.00,-3.71,-61.20,7754,Select7ccy,28.62,1.19days
22/01/2026 08:21:00,sell,0.09,CADJPY,114.92200,22/01/2026 17:12:22,114.70800,0.00,0.00,21.40,12.16,12.48,22.00,-4.48,-7.90,7754,Select7ccy,8.86,8.86hrs
21/01/2026 16:39:04,sell,0.03,CADJPY,114.59900,22/01/2026 17:12:21,114.70700,0.00,-0.36,-10.80,-2.40,3.79,21.40,-7.96,-40.20,7754,Select7ccy,24.55,1.02days
14/01/2026 11:55:04,sell,0.01,CADJPY,114.27000,22/01/2026 17:12:20,114.70800,0.00,-0.40,-43.80,-3.16,5.86,95.50,-5.01,-73.10,7754,Select7ccy,197.29,8.22days
08/01/2026 09:00:00,buy,0.01,AUDCHF,0.53425,22/01/2026 13:47:39,0.53897,0.00,0.58,47.20,6.53,9.65,72.10,-3.69,-32.70,7754,Select7ccy,340.79,14.20days
21/01/2026 17:01:06,sell,0.09,AUDJPY,107.11200,21/01/2026 19:16:23,106.86700,0.00,0.00,24.50,13.95,13.95,24.50,-5.57,-9.80,7754,Select7ccy,2.25,2.25hrs
21/01/2026 08:55:00,sell,0.03,AUDJPY,106.77400,21/01/2026 19:16:22,106.86700,0.00,0.00,-9.30,-1.77,3.38,17.80,-8.26,-43.60,7754,Select7ccy,10.36,10.36hrs
20/01/2026 11:24:00,sell,0.01,AUDJPY,106.06900,21/01/2026 19:16:21,106.86600,0.00,-0.06,-79.70,-5.10,0.36,5.60,-7.27,-114.10,7754,Select7ccy,31.87,1.33days
07/01/2026 07:14:01,sell,0.01,AUDNZD,1.16843,21/01/2026 17:56:13,1.15789,0.00,-0.63,105.40,5.54,8.60,157.50,-0.09,-1.60,7754,Select7ccy,346.70,14.45days
19/01/2026 16:51:00,buy,0.01,NZDUSD,0.57895,21/01/2026 03:10:02,0.58202,0.00,-0.06,30.70,3.01,6.02,60.50,-0.22,-2.20,7754,Select7ccy,34.32,1.43days
20/01/2026 11:12:01,buy,0.27,AUDNZD,1.15297,20/01/2026 22:03:14,1.15489,0.00,0.00,19.20,30.21,30.37,19.30,-7.88,-5.00,7754,Select7ccy,10.85,10.85hrs
19/01/2026 03:22:00,buy,0.03,AUDNZD,1.15931,20/01/2026 22:03:13,1.15489,0.00,0.02,-44.20,-7.71,0.55,3.20,-11.96,-68.40,7754,Select7ccy,42.69,1.78days
20/01/2026 03:07:07,buy,0.09,AUDNZD,1.15615,20/01/2026 22:03:12,1.15487,0.00,0.00,-12.80,-6.71,2.77,5.30,-19.33,-36.80,7754,Select7ccy,18.93,18.93hrs
16/01/2026 00:50:01,buy,0.01,AUDNZD,1.16702,20/01/2026 22:03:11,1.15487,0.00,0.02,-121.50,-7.06,0.00,0.00,-8.47,-145.50,7754,Select7ccy,117.22,4.88days
15/01/2026 01:30:05,buy,0.01,AUDJPY,105.77800,20/01/2026 10:38:20,106.30800,0.00,0.03,53.00,3.38,6.47,102.00,-3.44,-54.50,7754,Select7ccy,129.14,5.38days
19/01/2026 18:15:01,sell,0.03,AUDJPY,106.14500,20/01/2026 10:21:54,106.60300,0.00,-0.19,-45.80,-8.88,3.53,19.60,-12.88,-67.00,7754,Select7ccy,16.11,16.11hrs
20/01/2026 09:10:01,sell,0.27,AUDJPY,106.77200,20/01/2026 10:21:53,106.59900,0.00,0.00,17.30,29.52,29.52,17.30,-7.33,-4.30,7754,Select7ccy,1.20,1.20hrs
20/01/2026 06:48:02,sell,0.09,AUDJPY,106.45700,20/01/2026 10:21:52,106.59900,0.00,0.00,-14.20,-8.08,0.00,0.00,-20.34,-35.80,7754,Select7ccy,3.56,3.56hrs
19/01/2026 08:53:02,sell,0.01,AUDJPY,105.64600,20/01/2026 10:21:51,106.60000,0.00,-0.06,-95.40,-6.09,0.01,0.20,-7.44,-116.90,7754,Select7ccy,25.48,1.06days
14/01/2026 16:45:01,buy,0.03,CADJPY,113.97800,19/01/2026 17:11:11,113.87900,0.00,0.15,-9.90,-1.73,5.30,28.00,-12.78,-67.90,7754,Select7ccy,120.44,5.02days
16/01/2026 15:53:01,buy,0.09,CADJPY,113.67100,19/01/2026 17:11:10,113.88100,0.00,0.09,21.00,12.06,12.86,22.40,-21.17,-37.20,7754,Select7ccy,73.30,3.05days
14/01/2026 13:03:00,buy,0.01,CADJPY,114.29200,19/01/2026 17:11:09,113.88100,0.00,0.05,-41.10,-2.55,0.48,7.70,-6.25,-99.30,7754,Select7ccy,124.14,5.17days
13/01/2026 17:12:00,buy,0.03,NZDUSD,0.57509,19/01/2026 13:16:59,0.57799,0.00,-0.60,29.00,8.10,9.27,32.90,-7.72,-24.40,7754,Select7ccy,140.08,5.84days
13/01/2026 15:33:00,buy,0.01,NZDUSD,0.57819,19/01/2026 13:16:58,0.57798,0.00,-0.19,-2.10,-0.40,0.00,0.90,-5.67,-55.40,7754,Select7ccy,141.73,5.91days
13/01/2026 19:38:01,sell,0.01,AUDJPY,106.25400,19/01/2026 07:27:29,105.72300,0.00,-0.37,53.10,3.00,5.97,99.90,-2.95,-46.10,7754,Select7ccy,131.82,5.49days
15/01/2026 17:03:00,sell,0.03,AUDCHF,0.53751,19/01/2026 01:05:14,0.53519,0.00,-0.60,23.20,8.08,8.08,23.20,-4.78,-12.40,7754,Select7ccy,80.04,3.33days
14/01/2026 16:45:05,sell,0.01,AUDCHF,0.53450,19/01/2026 01:05:14,0.53516,0.00,-0.51,-6.60,-1.34,1.33,10.60,-5.65,-42.50,7754,Select7ccy,104.34,4.35days
13/01/2026 01:54:03,buy,0.03,AUDNZD,1.16216,15/01/2026 21:21:23,1.16691,0.00,0.16,47.50,8.34,9.50,54.20,-2.17,-12.50,7754,Select7ccy,67.46,2.81days
07/01/2026 01:03:04,buy,0.01,AUDNZD,1.16517,15/01/2026 21:21:22,1.16691,0.00,0.10,17.40,1.10,2.35,40.70,-2.41,-42.60,7754,Select7ccy,212.31,8.85days
13/01/2026 18:12:00,buy,0.03,AUDCAD,0.92763,15/01/2026 13:45:18,0.93062,0.00,0.13,29.90,6.58,8.03,36.60,-3.23,-15.10,7754,Select7ccy,43.55,1.81days
12/01/2026 01:16:14,buy,0.01,AUDCAD,0.93063,15/01/2026 13:45:17,0.93062,0.00,0.05,-0.10,0.05,1.18,16.40,-3.23,-45.10,7754,Select7ccy,84.48,3.52days
14/01/2026 17:36:01,buy,0.09,AUDJPY,105.71400,14/01/2026 22:10:07,105.93800,0.00,0.00,22.40,12.71,13.57,23.90,-7.06,-12.40,7754,Select7ccy,4.57,4.57hrs
14/01/2026 12:46:01,buy,0.03,AUDJPY,106.02200,14/01/2026 22:10:06,105.93300,0.00,0.00,-8.90,-1.68,1.27,6.70,-8.20,-43.20,7754,Select7ccy,9.40,9.40hrs
13/01/2026 18:34:01,buy,0.01,AUDJPY,106.31900,14/01/2026 22:10:05,105.93100,0.00,0.01,-38.80,-2.44,2.34,37.20,-4.60,-72.90,7754,Select7ccy,27.60,1.15days
14/01/2026 11:20:02,sell,0.03,AUDCHF,0.53719,14/01/2026 15:18:26,0.53495,0.00,0.00,22.40,8.39,9.63,25.70,-0.90,-2.40,7754,Select7ccy,3.97,3.97hrs
08/01/2026 11:32:02,sell,0.01,AUDCHF,0.53406,14/01/2026 15:18:25,0.53497,0.00,-0.40,-9.10,-1.54,0.61,4.90,-4.60,-33.70,7754,Select7ccy,147.77,6.16days
08/01/2026 16:01:00,buy,0.01,CADJPY,113.24000,14/01/2026 11:22:20,114.24500,0.00,0.04,100.50,6.37,9.47,150.30,-1.28,-20.10,7754,Select7ccy,139.36,5.81days
13/01/2026 04:31:00,sell,0.27,CADJPY,114.27900,14/01/2026 10:26:42,114.51600,0.00,-1.05,-23.70,-41.27,0.00,0.00,-82.38,-48.00,7754,Select7ccy,29.93,1.25days
09/01/2026 10:44:03,sell,0.03,CADJPY,113.60000,14/01/2026 10:26:41,114.51500,0.00,-0.35,-91.50,-17.60,2.58,14.10,-22.17,-115.90,7754,Select7ccy,119.71,4.99days
14/01/2026 03:19:00,sell,0.81,CADJPY,114.72400,14/01/2026 10:26:40,114.51500,0.00,0.00,20.90,106.41,106.41,20.90,-17.79,-3.50,7754,Select7ccy,7.13,7.13hrs
12/01/2026 18:32:00,sell,0.09,CADJPY,113.97800,14/01/2026 10:26:38,114.51500,0.00,-0.70,-53.70,-31.07,6.43,11.90,-44.81,-78.10,7754,Select7ccy,39.91,1.66days
08/01/2026 17:39:01,sell,0.01,CADJPY,113.24900,14/01/2026 10:26:37,114.51600,0.00,-0.16,-126.70,-8.12,1.24,19.40,-9.64,-151.00,7754,Select7ccy,136.79,5.70days
09/01/2026 05:45:03,buy,0.01,AUDJPY,105.26800,13/01/2026 17:18:20,106.20200,0.00,0.02,93.40,5.89,8.70,137.90,-0.50,-7.90,7754,Select7ccy,107.55,4.48days
12/01/2026 18:08:01,sell,0.09,AUDJPY,106.18100,13/01/2026 17:03:33,106.32400,0.00,-0.56,-14.30,-8.66,11.23,20.70,-27.98,-48.40,7754,Select7ccy,22.93,22.93hrs
13/01/2026 04:48:04,sell,0.27,AUDJPY,106.49600,13/01/2026 17:03:32,106.32200,0.00,0.00,17.40,29.56,29.56,17.40,-28.72,-16.90,7754,Select7ccy,12.26,12.26hrs
12/01/2026 05:53:01,sell,0.03,AUDJPY,105.87300,13/01/2026 17:03:31,106.31700,0.00,-0.19,-44.40,-8.57,2.28,12.00,-15.14,-79.20,7754,Select7ccy,35.17,1.47days
07/01/2026 10:55:05,sell,0.01,AUDJPY,105.42300,13/01/2026 17:03:29,106.31700,0.00,-0.46,-89.40,-6.09,4.02,66.70,-8.28,-124.20,7754,Select7ccy,150.14,6.26days
08/01/2026 11:38:00,buy,0.03,NZDUSD,0.57419,13/01/2026 00:11:18,0.57693,0.00,-0.38,27.40,7.84,9.35,32.10,-9.38,-30.80,7754,Select7ccy,108.56,4.52days
02/01/2026 14:08:00,buy,0.01,NZDUSD,0.57731,13/01/2026 00:11:17,0.57693,0.00,-0.41,-3.80,-0.79,3.46,35.50,-6.53,-62.00,7754,Select7ccy,250.05,10.42days
09/01/2026 09:51:00,buy,0.03,AUDCAD,0.92698,12/01/2026 00:04:01,0.92918,0.00,0.03,22.00,4.78,8.00,37.10,-1.95,-9.00,7754,Select7ccy,62.22,2.59days
07/01/2026 16:43:03,buy,0.01,AUDCAD,0.93057,12/01/2026 00:04:00,0.92918,0.00,0.05,-13.90,-0.95,1.21,16.40,-3.20,-44.90,7754,Select7ccy,103.35,4.31days
08/01/2026 08:17:02,buy,0.03,AUDJPY,104.79600,09/01/2026 03:35:50,105.11700,0.00,0.04,32.10,6.17,7.30,38.00,-1.19,-6.20,7754,Select7ccy,19.31,19.31hrs
02/01/2026 08:28:03,buy,0.01,AUDJPY,105.10100,09/01/2026 03:35:49,105.11600,0.00,0.08,1.50,0.18,5.29,82.40,-3.47,-54.60,7754,Select7ccy,163.13,6.80days
29/12/2025 04:48:01,sell,0.01,CADJPY,114.47900,08/01/2026 15:44:43,113.23500,0.00,-0.59,124.40,7.34,10.29,170.30,-0.94,-13.20,7754,Select7ccy,250.94,10.46days
07/01/2026 02:40:00,buy,0.09,CADJPY,113.28900,08/01/2026 15:00:10,113.08300,0.00,0.23,-20.60,-11.60,10.05,17.50,-30.25,-53.00,7754,Select7ccy,36.34,1.51days
08/01/2026 08:12:01,buy,0.27,CADJPY,112.87600,08/01/2026 15:00:06,113.08500,0.00,0.00,20.90,36.01,36.01,20.90,-20.19,-11.70,7754,Select7ccy,6.80,6.80hrs
05/01/2026 14:38:01,buy,0.03,CADJPY,113.67600,08/01/2026 15:00:05,113.08500,0.00,0.18,-59.10,-11.14,4.54,23.70,-17.40,-91.70,7754,Select7ccy,72.37,3.02days
23/12/2025 17:51:00,buy,0.01,CADJPY,113.98300,08/01/2026 15:00:03,113.08200,0.00,0.21,-90.10,-5.54,4.18,64.60,-7.61,-122.40,7754,Select7ccy,381.15,15.88days
05/01/2026 16:31:04,sell,0.03,AUDCHF,0.53240,08/01/2026 08:24:38,0.53349,0.00,-1.50,-10.90,-5.61,4.32,12.20,-21.05,-54.20,7754,Select7ccy,63.89,2.66days
06/01/2026 18:17:07,sell,0.09,AUDCHF,0.53542,08/01/2026 08:24:36,0.53349,0.00,-3.59,19.30,18.20,18.43,19.50,-28.07,-24.00,7754,Select7ccy,38.12,1.59days
29/12/2025 13:38:04,sell,0.01,AUDCHF,0.52917,08/01/2026 08:24:35,0.53349,0.00,-1.21,-43.20,-6.63,1.94,15.30,-11.79,-86.50,7754,Select7ccy,234.78,9.78days
24/12/2025 03:49:00,buy,0.01,AUDCHF,0.52770,08/01/2026 00:20:08,0.53514,0.00,0.66,74.40,10.01,13.08,99.70,-0.88,-8.10,7754,Select7ccy,356.52,14.85days
29/12/2025 20:22:02,buy,0.01,AUDCAD,0.91633,07/01/2026 12:31:14,0.93024,0.00,0.08,139.10,10.15,13.21,181.30,-1.91,-26.40,7754,Select7ccy,208.15,8.67days
06/01/2026 08:32:03,sell,0.03,AUDJPY,105.34300,07/01/2026 09:27:25,105.50300,0.00,-0.24,-16.00,-3.31,6.57,34.20,-11.83,-60.50,7754,Select7ccy,24.92,1.04days
07/01/2026 03:47:01,sell,0.09,AUDJPY,105.74800,07/01/2026 09:27:24,105.50300,0.00,0.00,24.50,14.10,14.10,24.50,-11.50,-20.00,7754,Select7ccy,5.67,5.67hrs
05/01/2026 18:45:02,sell,0.01,AUDJPY,104.98600,07/01/2026 09:27:23,105.50300,0.00,-0.16,-51.70,-3.47,0.99,15.50,-6.30,-96.20,7754,Select7ccy,38.71,1.61days
06/01/2026 22:48:04,sell,2.43,AUDCAD,0.93050,07/01/2026 02:31:23,0.92869,0.00,-10.84,18.10,307.31,307.31,18.10,-156.83,-8.30,7754,Select7ccy,3.72,3.72hrs
05/01/2026 18:52:00,sell,0.27,AUDCAD,0.92384,07/01/2026 02:31:22,0.92865,0.00,-2.41,-48.10,-96.35,6.48,3.80,-148.79,-74.90,7754,Select7ccy,31.66,1.32days
23/12/2025 10:15:00,sell,0.03,AUDCAD,0.91723,07/01/2026 02:31:21,0.92870,0.00,-1.94,-114.70,-26.83,6.21,33.10,-32.56,-141.00,7754,Select7ccy,352.27,14.68days
06/01/2026 17:50:00,sell,0.81,AUDCAD,0.92731,07/01/2026 02:31:20,0.92866,0.00,-3.61,-13.50,-82.71,0.00,0.00,-239.30,-40.20,7754,Select7ccy,8.69,8.69hrs
05/01/2026 11:22:02,sell,0.09,AUDCAD,0.92054,07/01/2026 02:31:20,0.92867,0.00,-0.80,-81.30,-53.73,5.62,8.60,-71.09,-107.90,7754,Select7ccy,39.16,1.63days
22/12/2025 11:11:01,sell,0.01,AUDCAD,0.91418,07/01/2026 02:31:19,0.92865,0.00,-0.66,-144.70,-11.13,0.02,2.60,-13.07,-171.50,7754,Select7ccy,375.34,15.64days
06/01/2026 17:08:01,sell,0.03,AUDNZD,1.16256,07/01/2026 02:31:02,1.16272,0.00,-0.13,-1.60,-0.41,0.00,0.00,-5.63,-32.50,7754,Select7ccy,9.38,9.38hrs
06/01/2026 18:13:03,sell,0.09,AUDNZD,1.16568,07/01/2026 02:31:01,1.16284,0.00,-0.38,28.40,14.40,14.40,29.50,-0.68,-1.30,7754,Select7ccy,8.30,8.30hrs
02/01/2026 13:37:03,sell,0.01,AUDNZD,1.15946,07/01/2026 02:31:00,1.16299,0.00,-0.12,-35.30,-2.17,0.65,12.60,-3.75,-63.50,7754,Select7ccy,108.90,4.54days
06/01/2026 04:17:01,buy,0.03,AUDNZD,1.15836,06/01/2026 18:44:08,1.16478,0.00,0.00,64.20,11.12,12.52,72.30,-0.52,-3.00,7754,Select7ccy,14.45,14.45hrs
05/01/2026 01:58:00,buy,0.01,AUDNZD,1.16147,06/01/2026 18:44:06,1.16480,0.00,0.01,33.30,1.93,2.39,41.20,-1.97,-34.10,7754,Select7ccy,40.77,1.70days
02/01/2026 06:03:00,sell,0.03,AUDJPY,105.00000,05/01/2026 15:42:47,104.65500,0.00,-0.23,34.50,6.36,7.84,42.20,-5.33,-27.90,7754,Select7ccy,81.66,3.40days
26/12/2025 07:09:01,sell,0.01,AUDJPY,104.69000,05/01/2026 15:42:46,104.65400,0.00,-0.61,3.60,-0.38,1.98,31.90,-4.28,-58.90,7754,Select7ccy,248.56,10.36days
11/12/2025 09:45:01,buy,0.01,AUDNZD,1.14547,05/01/2026 00:54:47,1.15753,0.00,0.17,120.60,7.11,10.23,174.80,-1.82,-32.20,7754,Select7ccy,591.16,24.63days
29/12/2025 14:23:01,buy,0.03,NZDUSD,0.57949,02/01/2026 12:59:03,0.57716,0.00,-0.79,-23.30,-7.78,6.98,23.70,-16.61,-54.50,7754,Select7ccy,94.60,3.94days
31/12/2025 17:39:03,buy,0.09,NZDUSD,0.57479,02/01/2026 12:59:02,0.57716,0.00,-1.60,23.70,19.73,20.81,24.90,-6.75,-7.50,7754,Select7ccy,43.33,1.81days
26/12/2025 10:59:03,buy,0.01,NZDUSD,0.58265,02/01/2026 12:59:01,0.57716,0.00,-0.28,-54.90,-5.77,1.49,14.90,-8.72,-86.10,7754,Select7ccy,170.00,7.08days
31/12/2025 07:52:01,sell,0.27,AUDNZD,1.15902,02/01/2026 12:15:21,1.16052,0.00,-4.33,-15.00,-27.70,8.56,5.50,-68.37,-41.20,7754,Select7ccy,52.39,2.18days
29/12/2025 04:22:01,sell,0.03,AUDNZD,1.15286,02/01/2026 12:15:20,1.16052,0.00,-0.72,-76.60,-13.98,1.10,6.30,-18.48,-102.80,7754,Select7ccy,103.89,4.33days
02/01/2026 05:36:00,sell,0.81,AUDNZD,1.16224,02/01/2026 12:15:19,1.16052,0.00,0.00,17.20,80.40,80.40,17.20,-41.97,-9.00,7754,Select7ccy,6.66,6.66hrs
30/12/2025 15:13:04,sell,0.09,AUDNZD,1.15591,02/01/2026 12:15:18,1.16052,0.00,-1.80,-46.10,-25.74,7.89,15.10,-39.26,-72.30,7754,Select7ccy,69.04,2.88days
15/12/2025 11:14:00,sell,0.01,AUDNZD,1.14988,02/01/2026 12:15:17,1.16052,0.00,-0.80,-106.40,-6.94,4.07,71.70,-8.43,-132.60,7754,Select7ccy,433.02,18.04days
29/12/2025 16:09:01,buy,0.03,AUDJPY,104.44900,02/01/2026 07:03:02,104.99900,0.00,0.24,55.00,10.76,11.95,61.20,-1.90,-10.10,7754,Select7ccy,86.90,3.62days
29/12/2025 11:54:01,buy,0.01,AUDJPY,104.74800,02/01/2026 07:03:01,104.99900,0.00,0.07,25.10,1.67,2.07,31.30,-2.55,-40.00,7754,Select7ccy,91.15,3.80days
18/12/2025 19:43:00,buy,0.01,AUDCAD,0.91089,29/12/2025 17:03:07,0.91506,0.00,0.09,41.70,3.13,6.19,83.50,-0.45,-6.30,7754,Select7ccy,261.34,10.89days
29/12/2025 05:30:00,sell,0.03,AUDCHF,0.53083,29/12/2025 11:15:33,0.52836,0.00,0.00,24.70,9.40,10.61,27.90,-1.44,-3.80,7754,Select7ccy,5.76,5.76hrs
16/12/2025 12:02:00,sell,0.01,AUDCHF,0.52777,29/12/2025 11:15:31,0.52842,0.00,-1.24,-6.50,-2.06,3.76,33.10,-5.60,-34.40,7754,Select7ccy,311.23,12.97days
23/12/2025 07:47:00,buy,0.01,AUDJPY,103.99800,29/12/2025 10:03:51,104.71300,0.00,0.06,71.50,4.64,7.77,120.50,-0.19,-2.90,7754,Select7ccy,146.28,6.10days
26/12/2025 16:49:00,sell,0.09,CADJPY,114.61800,29/12/2025 02:04:16,114.35400,0.00,-0.34,26.40,14.86,14.86,26.40,-1.96,-3.40,7754,Select7ccy,57.25,2.39days
26/12/2025 01:56:00,sell,0.03,CADJPY,114.14400,29/12/2025 02:04:15,114.36200,0.00,-0.11,-21.80,-4.29,1.33,6.90,-9.74,-50.80,7754,Select7ccy,72.14,3.01days
23/12/2025 05:20:01,sell,0.01,CADJPY,113.75400,29/12/2025 02:04:14,114.36200,0.00,-0.23,-60.80,-4.12,1.56,24.40,-5.93,-89.80,7754,Select7ccy,140.74,5.86days
22/12/2025 11:35:00,buy,0.01,NZDUSD,0.57857,26/12/2025 09:44:01,0.58223,0.00,-0.19,36.60,3.47,6.57,66.30,-0.45,-4.50,7754,Select7ccy,94.15,3.92days
26/12/2025 03:03:01,sell,0.09,AUDJPY,104.98000,26/12/2025 05:52:31,104.76000,0.00,0.00,22.00,12.68,12.68,22.00,-0.46,-0.80,7754,Select7ccy,2.83,2.83hrs
26/12/2025 01:58:01,sell,0.03,AUDJPY,104.67300,26/12/2025 05:52:31,104.75700,0.00,0.00,-8.40,-1.62,0.06,0.30,-6.04,-31.50,7754,Select7ccy,3.91,3.91hrs
22/12/2025 16:29:01,sell,0.01,AUDJPY,104.36600,26/12/2025 05:52:30,104.76000,0.00,-0.35,-39.40,-2.87,2.89,46.00,-4.33,-62.20,7754,Select7ccy,85.39,3.56days
17/12/2025 17:20:01,buy,0.03,AUDCHF,0.52618,23/12/2025 18:02:11,0.52835,0.00,0.76,21.70,9.01,10.40,25.40,-6.63,-18.60,7754,Select7ccy,144.70,6.03days
15/12/2025 09:55:01,buy,0.01,AUDCHF,0.52957,23/12/2025 18:02:10,0.52833,0.00,0.33,-12.40,-1.24,0.67,5.30,-6.39,-52.50,7754,Select7ccy,200.12,8.34days
23/12/2025 04:42:01,buy,0.03,CADJPY,113.79100,23/12/2025 16:12:44,114.12800,0.00,0.00,33.70,6.46,7.06,36.80,-5.71,-29.70,7754,Select7ccy,11.51,11.51hrs
22/12/2025 04:55:00,buy,0.01,CADJPY,114.10800,23/12/2025 16:12:43,114.12700,0.00,0.01,1.90,0.13,1.56,24.60,-3.93,-61.40,7754,Select7ccy,35.30,1.47days
18/12/2025 11:07:25,buy,0.01,AUDJPY,103.01600,23/12/2025 06:00:24,104.10100,0.00,0.03,108.50,6.98,10.09,158.70,-1.53,-23.90,7754,Select7ccy,114.88,4.79days
19/12/2025 12:31:07,sell,0.27,CADJPY,114.06300,23/12/2025 03:57:03,113.86200,0.00,-2.20,20.10,32.49,32.66,20.20,-64.14,-37.40,7754,Select7ccy,87.43,3.64days
19/12/2025 08:41:03,sell,0.03,CADJPY,113.37700,23/12/2025 03:57:02,113.86200,0.00,-0.24,-48.50,-9.54,4.67,24.30,-20.20,-106.00,7754,Select7ccy,91.27,3.80days
19/12/2025 10:02:00,sell,0.09,CADJPY,113.68400,23/12/2025 03:57:01,113.86200,0.00,-0.73,-17.80,-10.97,0.00,0.00,-43.04,-75.30,7754,Select7ccy,89.92,3.75days
10/12/2025 19:52:01,sell,0.01,CADJPY,112.99400,23/12/2025 03:57:00,113.86300,0.00,-0.57,-86.90,-6.13,4.16,69.00,-9.65,-144.30,7754,Select7ccy,296.08,12.34days
22/12/2025 09:57:01,sell,2.43,AUDJPY,104.58200,22/12/2025 15:10:30,104.46000,0.00,0.00,12.20,188.71,188.71,12.20,-67.85,-4.40,7754,Select7ccy,5.22,5.22hrs
19/12/2025 10:46:01,sell,0.27,AUDJPY,103.62700,22/12/2025 15:10:29,104.44400,0.00,-1.90,-81.70,-142.32,0.00,0.00,-173.07,-99.90,7754,Select7ccy,76.41,3.18days
17/12/2025 11:06:11,sell,0.03,AUDJPY,102.99400,22/12/2025 15:10:28,104.42600,0.00,-1.06,-143.20,-28.42,7.16,40.40,-32.13,-163.20,7754,Select7ccy,124.07,5.17days
19/12/2025 16:45:05,sell,0.81,AUDJPY,104.18100,22/12/2025 15:10:27,104.42800,0.00,-5.70,-24.70,-133.09,49.38,9.60,-234.44,-44.50,7754,Select7ccy,70.42,2.93days
19/12/2025 09:17:03,sell,0.09,AUDJPY,103.30200,22/12/2025 15:10:26,104.42300,0.00,-0.63,-112.10,-64.87,3.92,6.80,-76.25,-132.40,7754,Select7ccy,77.89,3.25days
16/12/2025 17:18:00,sell,0.01,AUDJPY,102.67400,22/12/2025 15:10:24,104.39900,0.00,-0.42,-172.50,-11.40,2.07,33.10,-12.81,-195.20,7754,Select7ccy,141.87,5.91days
19/12/2025 09:45:00,buy,0.03,NZDUSD,0.57482,22/12/2025 09:59:29,0.57775,0.00,-0.09,29.30,8.70,9.96,34.00,-3.60,-12.00,7754,Select7ccy,72.24,3.01days
08/12/2025 20:03:01,buy,0.01,NZDUSD,0.57791,22/12/2025 09:59:28,0.57775,0.00,-0.42,-1.60,-0.58,4.83,49.80,-4.68,-42.90,7754,Select7ccy,325.94,13.58days
18/12/2025 01:04:02,buy,0.01,CADJPY,112.90400,22/12/2025 03:53:46,113.96600,0.00,0.02,106.20,6.78,9.66,151.90,-0.91,-14.20,7754,Select7ccy,98.83,4.12days
11/12/2025 13:38:02,sell,0.01,AUDCAD,0.91807,22/12/2025 00:04:11,0.91403,0.00,-0.46,40.40,2.46,6.29,91.70,-0.74,-9.50,7754,Select7ccy,250.44,10.43days
17/12/2025 20:41:03,buy,0.27,AUDCAD,0.91042,18/12/2025 15:30:12,0.91238,0.00,1.16,19.60,39.61,39.61,19.60,-31.75,-16.80,7754,Select7ccy,18.82,18.82hrs
11/12/2025 05:31:01,buy,0.03,AUDCAD,0.91737,18/12/2025 15:30:11,0.91235,0.00,0.33,-50.20,-10.61,3.26,14.90,-18.45,-86.30,7754,Select7ccy,177.99,7.42days
16/12/2025 02:40:00,buy,0.09,AUDCAD,0.91345,18/12/2025 15:30:10,0.91235,0.00,0.52,-11.00,-6.67,9.50,14.50,-30.23,-47.10,7754,Select7ccy,60.84,2.53days
09/12/2025 08:28:01,buy,0.01,AUDCAD,0.92048,18/12/2025 15:30:09,0.91252,0.00,0.18,-79.60,-5.60,0.80,10.70,-8.34,-117.40,7754,Select7ccy,223.04,9.29days
16/12/2025 02:10:01,buy,0.03,AUDJPY,102.69500,18/12/2025 09:48:55,103.02200,0.00,0.16,32.70,6.45,7.72,39.30,-7.22,-37.40,7754,Select7ccy,55.65,2.32days
15/12/2025 12:14:00,buy,0.01,AUDJPY,103.08400,18/12/2025 09:48:54,103.02000,0.00,0.07,-6.40,-0.34,0.81,12.50,-4.91,-76.30,7754,Select7ccy,69.58,2.90days
15/12/2025 08:25:01,buy,0.03,CADJPY,112.63200,17/12/2025 22:58:31,112.96200,0.00,0.08,33.00,6.43,7.65,39.30,-6.58,-34.30,7754,Select7ccy,62.56,2.61days
12/12/2025 01:04:04,buy,0.01,CADJPY,112.93300,17/12/2025 22:58:30,112.96200,0.00,0.03,2.90,0.22,3.13,48.80,-4.14,-64.40,7754,Select7ccy,141.91,5.91days
09/12/2025 21:40:01,sell,0.01,AUDJPY,104.14000,16/12/2025 16:17:45,103.00400,0.00,-0.54,113.60,6.79,9.73,159.10,-1.17,-17.10,7754,Select7ccy,162.63,6.78days
10/12/2025 09:56:00,sell,0.01,AUDCHF,0.53508,16/12/2025 09:16:31,0.52935,0.00,-0.64,57.30,6.55,9.59,81.40,-0.91,-7.30,7754,Select7ccy,143.34,5.97days
15/12/2025 04:41:04,buy,0.03,AUDJPY,103.32900,15/12/2025 09:53:15,103.19700,0.00,0.00,-13.20,-2.56,0.00,0.00,-6.85,-35.40,7754,Select7ccy,5.20,5.20hrs
15/12/2025 08:37:01,buy,0.09,AUDJPY,102.98900,15/12/2025 09:53:14,103.19500,0.00,0.00,20.60,11.94,12.93,22.30,-0.81,-1.40,7754,Select7ccy,1.27,1.27hrs
11/12/2025 11:10:01,buy,0.01,AUDJPY,103.63400,15/12/2025 09:53:13,103.19500,0.00,0.04,-43.90,-2.79,2.56,39.70,-4.21,-65.90,7754,Select7ccy,94.72,3.95days
05/12/2025 10:13:00,sell,0.03,AUDNZD,1.14829,15/12/2025 09:45:27,1.14912,0.00,-1.06,-8.30,-2.50,6.21,40.10,-7.52,-37.30,7754,Select7ccy,239.54,9.98days
15/12/2025 05:48:02,sell,0.09,AUDNZD,1.15137,15/12/2025 09:45:26,1.14914,0.00,0.00,22.30,11.61,12.55,24.10,-3.37,-6.50,7754,Select7ccy,3.96,3.96hrs
02/12/2025 14:35:01,sell,0.01,AUDNZD,1.14520,15/12/2025 09:45:25,1.14914,0.00,-0.58,-39.40,-2.86,1.49,26.80,-4.51,-68.20,7754,Select7ccy,307.17,12.80days
11/12/2025 05:14:01,buy,0.03,AUDCHF,0.53101,15/12/2025 03:41:32,0.52964,0.00,0.30,-13.70,-4.87,2.14,5.70,-12.14,-33.00,7754,Select7ccy,94.46,3.94days
12/12/2025 18:22:00,buy,0.09,AUDCHF,0.52803,15/12/2025 03:41:31,0.52964,0.00,0.45,16.10,18.65,20.23,17.50,-3.17,-3.20,7754,Select7ccy,57.33,2.39days
10/12/2025 21:22:01,buy,0.01,AUDCHF,0.53406,15/12/2025 03:41:30,0.52966,0.00,0.25,-44.00,-5.27,0.66,5.30,-7.73,-63.50,7754,Select7ccy,102.32,4.26days
11/12/2025 16:01:03,buy,0.03,CADJPY,112.62400,11/12/2025 23:47:53,112.95600,0.00,0.00,33.20,6.40,7.81,40.50,-2.32,-12.00,7754,Select7ccy,7.78,7.78hrs
10/12/2025 17:48:00,buy,0.01,CADJPY,112.93200,11/12/2025 23:47:52,112.95500,0.00,0.04,2.30,0.19,1.84,28.80,-2.72,-42.80,7754,Select7ccy,30.00,1.25days
11/12/2025 02:34:01,buy,0.03,AUDJPY,103.69900,11/12/2025 09:50:25,103.60700,0.00,0.00,-9.20,-1.77,3.31,17.20,-9.54,-49.50,7754,Select7ccy,7.27,7.27hrs
11/12/2025 05:41:01,buy,0.09,AUDJPY,103.37300,11/12/2025 09:50:24,103.61200,0.00,0.00,23.90,13.80,13.80,23.90,-9.77,-16.90,7754,Select7ccy,4.16,4.16hrs
10/12/2025 05:10:01,buy,0.01,AUDJPY,104.01100,11/12/2025 09:50:23,103.61100,0.00,0.06,-40.00,-2.51,1.80,28.20,-5.13,-80.70,7754,Select7ccy,28.67,1.19days
10/12/2025 10:23:04,sell,0.03,AUDCAD,0.92127,11/12/2025 05:20:00,0.91794,0.00,-0.50,33.30,6.73,7.39,36.30,-0.96,-4.40,7754,Select7ccy,18.95,18.95hrs
05/12/2025 20:19:02,sell,0.01,AUDCAD,0.91817,11/12/2025 05:19:59,0.91795,0.00,-0.34,2.20,-0.18,2.12,30.00,-2.74,-35.40,7754,Select7ccy,129.02,5.38days
28/11/2025 01:04:03,buy,0.01,AUDNZD,1.14131,11/12/2025 02:30:11,1.14634,0.00,0.14,50.30,3.07,5.92,101.00,-0.80,-14.00,7754,Select7ccy,313.44,13.06days
09/12/2025 10:28:00,sell,0.03,CADJPY,112.84000,10/12/2025 16:47:19,112.89800,0.00,-0.13,-5.80,-1.24,2.25,11.70,-11.87,-62.10,7754,Select7ccy,30.32,1.26days
09/12/2025 16:46:00,sell,0.09,CADJPY,113.17000,10/12/2025 16:47:18,112.90100,0.00,-0.39,26.90,15.08,15.42,27.50,-16.69,-29.10,7754,Select7ccy,24.02,1.00days
08/12/2025 22:34:01,sell,0.01,CADJPY,112.53800,10/12/2025 16:47:17,112.90700,0.00,-0.08,-36.90,-2.43,0.33,5.70,-5.92,-92.30,7754,Select7ccy,42.22,1.76days
05/12/2025 16:35:00,buy,0.01,CADJPY,111.81600,10/12/2025 16:46:14,112.95800,0.00,0.03,114.20,7.33,10.41,163.00,-0.19,-2.90,7754,Select7ccy,120.19,5.01days
03/12/2025 07:13:00,buy,0.01,AUDCHF,0.52799,10/12/2025 15:04:46,0.53423,0.00,0.30,62.40,8.06,11.15,87.90,-2.33,-18.60,7754,Select7ccy,175.86,7.33days
09/12/2025 17:34:00,sell,0.27,AUDCHF,0.53655,10/12/2025 04:05:10,0.53480,0.00,-2.90,17.50,55.70,55.70,17.50,-12.38,-3.70,7754,Select7ccy,10.52,10.52hrs
05/12/2025 14:59:04,sell,0.09,AUDCHF,0.53352,10/12/2025 04:05:09,0.53482,0.00,-2.84,-13.00,-17.35,2.57,3.10,-39.79,-34.00,7754,Select7ccy,109.10,4.55days
04/12/2025 06:08:00,sell,0.03,AUDCHF,0.52935,10/12/2025 04:05:09,0.53482,0.00,-1.24,-54.70,-21.59,3.30,8.80,-29.07,-75.70,7754,Select7ccy,141.95,5.91days
03/12/2025 16:06:01,sell,0.01,AUDCHF,0.52632,10/12/2025 04:05:08,0.53482,0.00,-0.72,-85.00,-11.26,0.06,0.50,-13.75,-106.00,7754,Select7ccy,155.99,6.50days
04/12/2025 14:34:01,buy,0.01,AUDJPY,102.25900,10/12/2025 04:04:55,103.88900,0.00,0.08,163.00,10.48,13.55,211.60,-0.45,-6.90,7754,Select7ccy,133.51,5.56days
09/12/2025 06:22:01,sell,0.27,AUDJPY,103.41500,09/12/2025 19:40:01,104.20800,0.00,0.00,-79.30,-136.46,3.98,2.30,-167.76,-97.50,7754,Select7ccy,13.30,13.30hrs
09/12/2025 17:03:01,sell,2.43,AUDJPY,104.05800,09/12/2025 19:40:00,104.21300,0.00,0.00,-15.50,-240.07,0.00,0.00,-514.10,-33.20,7754,Select7ccy,2.62,2.62hrs
05/12/2025 12:10:02,sell,0.03,AUDJPY,102.76600,09/12/2025 19:40:00,104.21400,0.00,-0.45,-144.80,-28.14,0.00,0.00,-31.50,-162.40,7754,Select7ccy,103.50,4.31days
09/12/2025 18:27:04,sell,7.29,AUDJPY,104.37700,09/12/2025 19:39:59,104.21400,0.00,0.00,16.30,757.37,757.37,16.30,-60.39,-1.30,7754,Select7ccy,1.22,1.22hrs
09/12/2025 10:04:01,sell,0.81,AUDJPY,103.72600,09/12/2025 19:39:58,104.21500,0.00,0.00,-48.90,-252.46,58.64,11.30,-342.74,-66.40,7754,Select7ccy,9.60,9.60hrs
05/12/2025 15:19:00,sell,0.09,AUDJPY,103.06700,09/12/2025 19:39:57,104.21500,0.00,-1.33,-114.80,-67.18,7.95,14.80,-77.21,-132.30,7754,Select7ccy,100.35,4.18days
04/12/2025 19:31:00,sell,0.01,AUDJPY,102.46400,09/12/2025 19:39:56,104.21500,0.00,-0.22,-175.10,-11.38,0.92,15.30,-12.49,-192.60,7754,Select7ccy,120.15,5.01days
08/12/2025 17:09:05,buy,0.03,AUDCAD,0.91548,09/12/2025 06:36:27,0.91954,0.00,0.06,40.60,8.85,9.03,41.40,-1.06,-4.90,7754,Select7ccy,13.46,13.46hrs
05/12/2025 20:35:04,buy,0.01,AUDCAD,0.91889,09/12/2025 06:36:26,0.91956,0.00,0.04,6.70,0.52,0.57,7.30,-2.80,-39.00,7754,Select7ccy,82.02,3.42days
08/12/2025 16:54:00,sell,0.81,CADJPY,112.80200,08/12/2025 20:30:50,112.48000,0.00,0.00,32.20,167.43,167.43,32.20,0.00,0.00,7754,Select7ccy,3.61,3.61hrs
05/12/2025 14:59:01,sell,0.03,CADJPY,111.38700,08/12/2025 20:30:50,112.48000,0.00,-0.13,-109.30,-21.18,0.00,0.00,-27.29,-141.10,7754,Select7ccy,77.53,3.23days
05/12/2025 17:49:00,sell,0.27,CADJPY,112.01700,08/12/2025 20:30:49,112.48000,0.00,-1.16,-46.30,-81.41,0.35,0.00,-136.48,-78.10,7754,Select7ccy,74.70,3.11days
05/12/2025 15:45:00,sell,0.09,CADJPY,111.69300,08/12/2025 20:30:48,112.48000,0.00,-0.39,-78.70,-45.86,0.58,1.00,-64.21,-110.50,7754,Select7ccy,76.76,3.20days
04/12/2025 19:43:02,sell,0.01,CADJPY,111.06700,08/12/2025 20:30:47,112.48100,0.00,-0.08,-141.40,-9.16,2.03,32.00,-11.19,-173.10,7754,Select7ccy,96.80,4.03days
02/12/2025 13:14:02,buy,0.01,NZDUSD,0.57177,08/12/2025 17:41:04,0.57607,0.00,-0.23,43.00,4.07,7.05,72.80,-0.30,-3.00,7754,Select7ccy,148.45,6.19days
04/12/2025 06:19:01,sell,0.03,AUDCAD,0.92311,05/12/2025 18:57:15,0.91954,0.00,-0.15,35.70,7.57,8.07,38.00,-5.45,-24.60,7754,Select7ccy,36.64,1.53days
04/12/2025 00:05:00,sell,0.01,AUDCAD,0.91992,05/12/2025 18:57:14,0.91955,0.00,-0.05,3.70,0.22,0.39,6.10,-4.10,-56.50,7754,Select7ccy,42.87,1.79days
24/11/2025 01:03:01,buy,0.01,AUDCAD,0.91125,05/12/2025 17:30:20,0.92127,0.00,0.18,100.20,7.41,10.34,141.60,-1.85,-26.30,7754,Select7ccy,280.46,11.69days
04/12/2025 12:53:03,buy,0.03,CADJPY,110.85700,05/12/2025 15:27:18,111.33100,0.00,0.03,47.40,9.19,10.43,53.80,-4.58,-23.60,7754,Select7ccy,26.57,1.11days
26/11/2025 10:55:01,buy,0.01,CADJPY,111.15800,05/12/2025 15:27:17,111.32500,0.00,0.12,16.70,1.19,5.20,80.40,-3.36,-53.70,7754,Select7ccy,220.54,9.19days
28/11/2025 21:25:01,sell,0.01,CADJPY,111.70000,04/12/2025 18:36:37,111.07600,0.00,-0.26,62.40,3.77,6.63,106.50,-1.12,-16.80,7754,Select7ccy,141.19,5.88days
04/12/2025 02:30:02,sell,0.03,AUDJPY,102.55900,04/12/2025 13:18:07,102.18200,0.00,0.00,37.70,7.31,8.03,41.40,-5.54,-28.70,7754,Select7ccy,10.80,10.80hrs
28/11/2025 19:24:01,sell,0.01,AUDJPY,102.25100,04/12/2025 13:18:06,102.18300,0.00,-0.43,6.80,0.01,4.56,71.60,-4.26,-59.50,7754,Select7ccy,137.90,5.75days
01/12/2025 05:59:02,buy,0.01,AUDJPY,101.77300,04/12/2025 10:30:04,102.36500,0.00,0.10,59.20,3.92,6.86,105.10,-1.64,-25.30,7754,Select7ccy,76.52,3.19days
03/12/2025 07:24:00,sell,0.09,AUDCAD,0.91976,03/12/2025 16:11:35,0.91773,0.00,0.00,20.30,13.09,13.09,20.30,-1.22,-1.90,7754,Select7ccy,8.79,8.79hrs
02/12/2025 04:47:00,sell,0.03,AUDCAD,0.91675,03/12/2025 16:11:35,0.91772,0.00,-0.15,-9.70,-2.24,0.94,5.10,-7.02,-32.00,7754,Select7ccy,35.41,1.48days
28/11/2025 16:28:02,sell,0.01,AUDCAD,0.91367,03/12/2025 16:11:34,0.91771,0.00,-0.14,-40.40,-3.04,0.13,1.80,-4.64,-62.80,7754,Select7ccy,119.73,4.99days
27/11/2025 05:52:00,sell,0.03,AUDCHF,0.52482,03/12/2025 02:35:13,0.52590,0.00,-1.18,-10.80,-5.22,0.15,0.40,-14.71,-37.10,7754,Select7ccy,140.72,5.86days
02/12/2025 15:59:00,sell,0.09,AUDCHF,0.52785,03/12/2025 02:35:12,0.52591,0.00,-0.90,19.40,20.86,20.86,19.40,-7.61,-6.80,7754,Select7ccy,10.60,10.60hrs
26/11/2025 00:03:51,sell,0.01,AUDCHF,0.52181,03/12/2025 02:35:11,0.52593,0.00,-0.69,-41.20,-5.82,0.00,0.00,-8.94,-67.20,7754,Select7ccy,170.52,7.11days
20/11/2025 20:05:01,buy,0.01,AUDCHF,0.51973,03/12/2025 02:30:32,0.52609,0.00,0.44,63.60,8.37,11.17,86.60,-2.77,-22.60,7754,Select7ccy,294.43,12.27days
24/11/2025 17:55:01,sell,0.01,AUDNZD,1.15123,02/12/2025 11:22:02,1.14509,0.00,-0.23,61.40,3.28,6.19,110.00,-1.14,-20.00,7754,Select7ccy,185.45,7.73days
26/11/2025 04:10:00,buy,0.01,NZDUSD,0.56842,02/12/2025 03:09:10,0.57196,0.00,-0.15,35.40,3.39,6.36,64.70,-2.10,-21.00,7754,Select7ccy,142.99,5.96days
25/11/2025 18:21:02,buy,0.01,AUDJPY,100.78800,01/12/2025 02:45:21,101.86200,0.00,0.11,107.40,7.01,10.01,154.80,-0.52,-8.20,7754,Select7ccy,128.41,5.35days
28/11/2025 17:32:02,sell,0.09,CADJPY,111.93000,28/11/2025 19:39:39,111.70500,0.00,0.00,22.50,12.97,13.02,22.60,-3.00,-5.20,7754,Select7ccy,2.13,2.13hrs
28/11/2025 02:54:00,sell,0.03,CADJPY,111.57500,28/11/2025 19:39:38,111.70300,0.00,0.00,-12.80,-2.46,6.32,32.90,-7.82,-40.70,7754,Select7ccy,16.76,16.76hrs
21/11/2025 11:22:00,sell,0.01,CADJPY,111.26700,28/11/2025 19:39:37,111.70300,0.00,-0.34,-43.60,-3.14,5.08,80.70,-4.92,-71.50,7754,Select7ccy,176.29,7.35days
27/11/2025 07:20:00,sell,0.09,AUDCAD,0.91712,28/11/2025 15:00:46,0.91504,0.00,-0.39,20.80,12.96,13.41,21.50,-3.34,-4.60,7754,Select7ccy,31.68,1.32days
26/11/2025 02:31:00,sell,0.03,AUDCAD,0.91403,28/11/2025 15:00:45,0.91506,0.00,-0.52,-10.30,-2.72,2.04,9.60,-8.11,-35.50,7754,Select7ccy,60.50,2.52days
20/11/2025 07:36:01,sell,0.01,AUDCAD,0.91088,28/11/2025 15:00:44,0.91509,0.00,-0.33,-42.10,-3.33,3.53,50.30,-5.11,-67.00,7754,Select7ccy,199.41,8.31days
27/11/2025 17:18:01,sell,0.27,AUDJPY,102.08900,28/11/2025 14:21:28,101.86400,0.00,-1.85,22.50,37.05,37.05,22.50,-37.23,-20.50,7754,Select7ccy,21.06,21.06hrs
26/11/2025 08:50:00,sell,0.09,AUDJPY,101.67600,28/11/2025 14:21:28,101.86600,0.00,-2.47,-19.00,-13.41,9.20,16.00,-38.02,-61.80,7754,Select7ccy,53.52,2.23days
26/11/2025 05:29:03,sell,0.03,AUDJPY,101.36100,28/11/2025 14:21:27,101.85900,0.00,-0.83,-49.80,-10.40,0.23,1.20,-18.72,-93.30,7754,Select7ccy,56.87,2.37days
25/11/2025 11:02:00,sell,0.01,AUDJPY,100.92200,28/11/2025 14:21:26,101.86000,0.00,-0.35,-93.80,-6.36,3.55,55.30,-9.12,-137.20,7754,Select7ccy,75.32,3.14days
26/11/2025 03:11:02,buy,0.27,AUDNZD,1.14403,27/11/2025 12:59:05,1.14251,0.00,-0.20,-15.20,-23.63,20.06,13.10,-61.16,-39.40,7754,Select7ccy,33.80,1.41days
27/11/2025 04:06:01,buy,0.81,AUDNZD,1.14092,27/11/2025 12:59:04,1.14253,0.00,0.00,16.10,74.46,74.46,16.10,-38.53,-8.30,7754,Select7ccy,8.88,8.88hrs
21/11/2025 09:37:04,buy,0.03,AUDNZD,1.15070,27/11/2025 12:59:04,1.14252,0.00,-0.02,-81.80,-14.04,4.73,28.00,-18.26,-106.10,7754,Select7ccy,147.37,6.14days
26/11/2025 03:01:00,buy,0.09,AUDNZD,1.14711,27/11/2025 12:59:03,1.14253,0.00,-0.07,-45.80,-23.61,0.00,0.00,-36.28,-70.20,7754,Select7ccy,33.97,1.42days
19/11/2025 19:02:00,buy,0.01,AUDNZD,1.15465,27/11/2025 12:59:02,1.14253,0.00,0.03,-121.20,-6.89,1.36,23.90,-8.31,-145.60,7754,Select7ccy,185.95,7.75days
25/11/2025 11:03:02,buy,0.03,CADJPY,110.76400,26/11/2025 09:33:23,111.10100,0.00,0.04,33.70,6.50,7.58,39.30,-6.33,-32.90,7754,Select7ccy,22.51,22.51hrs
21/11/2025 20:38:00,buy,0.01,CADJPY,111.08200,26/11/2025 09:33:22,111.10100,0.00,0.03,1.90,0.15,2.20,34.40,-4.13,-64.70,7754,Select7ccy,108.92,4.54days
19/11/2025 17:40:00,buy,0.03,NZDUSD,0.56072,26/11/2025 03:00:33,0.56443,0.00,-0.59,37.10,10.54,10.54,37.10,-8.07,-25.70,7754,Select7ccy,153.34,6.39days
12/11/2025 01:02:06,buy,0.01,NZDUSD,0.56548,26/11/2025 03:00:32,0.56446,0.00,-0.40,-10.20,-1.42,3.40,35.20,-7.66,-73.30,7754,Select7ccy,337.97,14.08days
25/11/2025 16:49:01,buy,0.09,AUDJPY,100.38000,25/11/2025 16:52:39,100.57900,0.00,0.00,19.90,11.47,11.47,19.90,-1.50,-2.60,7754,Select7ccy,0.06,0.06hrs
25/11/2025 16:43:01,buy,0.03,AUDJPY,100.68100,25/11/2025 16:52:38,100.58000,0.00,0.00,-10.10,-1.94,0.00,0.00,-4.44,-32.70,7754,Select7ccy,0.16,0.16hrs
21/11/2025 18:56:01,buy,0.01,AUDJPY,101.01200,25/11/2025 16:52:37,100.58000,0.00,0.04,-43.20,-2.73,3.10,48.00,-3.56,-65.80,7754,Select7ccy,93.94,3.91days
21/11/2025 19:27:00,sell,0.03,AUDCHF,0.52231,25/11/2025 16:51:04,0.52013,0.00,-0.57,21.80,7.53,8.67,25.90,-4.20,-10.50,7754,Select7ccy,93.40,3.89days
20/11/2025 20:41:00,sell,0.01,AUDCHF,0.51922,25/11/2025 16:51:03,0.52013,0.00,-0.29,-9.10,-1.42,1.90,16.10,-5.32,-41.40,7754,Select7ccy,116.17,4.84days
25/11/2025 01:14:01,sell,0.03,AUDJPY,101.49900,25/11/2025 09:57:56,101.10700,0.00,0.00,39.20,7.50,9.03,47.10,-0.17,-0.90,7754,Select7ccy,8.73,8.73hrs
21/11/2025 11:23:01,sell,0.01,AUDJPY,101.08400,25/11/2025 09:57:56,101.10800,0.00,-0.14,-2.40,-0.29,4.37,68.30,-2.84,-42.40,7754,Select7ccy,94.58,3.94days
19/11/2025 16:56:01,sell,0.03,AUDNZD,1.15423,24/11/2025 14:53:12,1.15028,0.00,-0.56,39.50,6.09,7.42,47.40,-5.29,-29.50,7754,Select7ccy,117.95,4.91days
14/11/2025 20:04:01,sell,0.01,AUDNZD,1.15083,24/11/2025 14:53:10,1.15029,0.00,-0.30,0.00,0.00,2.89,52.40,-3.77,-63.50,7754,Select7ccy,234.82,9.78days
21/11/2025 09:38:00,buy,0.03,CADJPY,111.31800,21/11/2025 19:25:20,111.15800,0.00,0.00,-16.00,-3.07,2.08,10.90,-13.52,-70.40,7754,Select7ccy,9.79,9.79hrs
21/11/2025 17:02:02,buy,0.09,CADJPY,110.87600,21/11/2025 19:25:19,111.15800,0.00,0.00,28.20,16.20,16.20,28.20,-15.09,-26.20,7754,Select7ccy,2.39,2.39hrs
20/11/2025 20:01:01,buy,0.01,CADJPY,111.75400,21/11/2025 19:25:19,111.15700,0.00,0.01,-59.70,-3.80,0.80,12.60,-7.29,-114.00,7754,Select7ccy,23.41,23.41hrs
21/11/2025 12:28:01,buy,0.03,AUDCAD,0.90584,21/11/2025 18:45:51,0.90909,0.00,0.00,32.50,6.91,7.46,35.10,-0.32,-1.50,7754,Select7ccy,6.30,6.30hrs
20/11/2025 01:03:25,buy,0.01,AUDCAD,0.91022,21/11/2025 18:45:49,0.90907,0.00,0.01,-11.50,-0.80,2.02,28.40,-3.20,-45.30,7754,Select7ccy,41.71,1.74days
21/11/2025 09:57:00,buy,0.03,AUDJPY,100.81000,21/11/2025 17:46:56,100.68300,0.00,0.00,-12.70,-2.44,8.43,44.10,-8.14,-42.40,7754,Select7ccy,7.83,7.83hrs
21/11/2025 17:37:00,buy,0.09,AUDJPY,100.41500,21/11/2025 17:46:55,100.68400,0.00,0.00,26.90,15.47,15.47,26.90,-1.67,-2.90,7754,Select7ccy,0.17,0.17hrs
20/11/2025 20:00:00,buy,0.01,AUDJPY,101.53200,21/11/2025 17:46:54,100.67800,0.00,0.02,-85.40,-5.43,1.90,30.00,-7.32,-114.60,7754,Select7ccy,21.78,21.78hrs
19/11/2025 12:46:01,sell,0.03,CADJPY,111.55600,21/11/2025 09:59:27,111.14100,0.00,-0.55,41.50,7.39,8.14,45.40,-14.32,-73.10,7754,Select7ccy,45.22,1.88days
18/11/2025 23:07:19,sell,0.01,CADJPY,111.19700,21/11/2025 09:59:26,111.14000,0.00,-0.24,5.70,0.12,1.68,26.80,-7.10,-109.00,7754,Select7ccy,58.87,2.45days
19/11/2025 16:58:00,sell,0.03,AUDJPY,101.63600,21/11/2025 09:51:10,101.01300,0.00,-0.81,62.30,11.11,11.38,63.70,-16.61,-84.10,7754,Select7ccy,40.89,1.70days
19/11/2025 06:58:00,sell,0.01,AUDJPY,100.69400,21/11/2025 09:51:08,101.01500,0.00,-0.27,-32.10,-2.32,0.16,2.50,-11.51,-178.30,7754,Select7ccy,50.89,2.12days
19/11/2025 23:21:00,sell,0.03,AUDCHF,0.52208,20/11/2025 19:00:17,0.51964,0.00,-0.87,24.40,8.22,8.36,24.80,-8.05,-19.30,7754,Select7ccy,19.65,19.65hrs
14/11/2025 05:05:00,sell,0.01,AUDCHF,0.51846,20/11/2025 19:00:16,0.51957,0.00,-0.59,-11.10,-1.97,5.82,47.10,-7.47,-55.50,7754,Select7ccy,157.92,6.58days
19/11/2025 06:15:04,buy,0.01,CADJPY,111.01900,20/11/2025 18:15:37,111.79500,0.00,0.04,77.60,4.97,7.99,125.40,-0.54,-8.40,7754,Select7ccy,36.01,1.50days
18/11/2025 15:55:10,buy,0.01,AUDCHF,0.51866,20/11/2025 18:05:14,0.52160,0.00,0.16,29.40,3.81,6.60,51.90,-2.02,-16.10,7754,Select7ccy,50.17,2.09days
18/11/2025 11:15:02,buy,0.01,AUDJPY,100.82700,20/11/2025 18:04:28,101.99300,0.00,0.07,116.60,7.47,10.44,163.50,-1.40,-22.10,7754,Select7ccy,54.82,2.28days
29/10/2025 17:06:37,sell,0.01,AUDCAD,0.91852,20/11/2025 01:33:56,0.91088,0.00,-0.99,76.40,4.45,7.37,115.20,-2.15,-23.20,7754,Select7ccy,512.46,21.35days
17/11/2025 20:59:00,buy,0.03,AUDCAD,0.91214,19/11/2025 23:33:34,0.91011,0.00,0.08,-20.30,-4.25,1.88,8.60,-11.28,-53.00,7754,Select7ccy,50.58,2.11days
19/11/2025 05:57:03,buy,0.09,AUDCAD,0.90784,19/11/2025 23:33:33,0.91011,0.00,0.00,22.70,14.54,14.54,22.70,-6.43,-10.00,7754,Select7ccy,17.61,17.61hrs
11/11/2025 15:44:00,buy,0.01,AUDCAD,0.91578,19/11/2025 23:33:32,0.91015,0.00,0.08,-56.30,-3.93,3.33,46.10,-6.31,-89.40,7754,Select7ccy,199.83,8.33days
17/11/2025 17:56:00,buy,0.03,AUDNZD,1.14826,19/11/2025 17:51:56,1.15383,0.00,0.04,55.70,9.40,10.82,64.10,-4.75,-28.10,7754,Select7ccy,47.93,2.00days
13/11/2025 18:01:00,buy,0.01,AUDNZD,1.15547,19/11/2025 17:51:55,1.15381,0.00,0.02,-16.60,-0.91,0.01,0.10,-5.66,-100.20,7754,Select7ccy,143.85,5.99days
18/11/2025 18:34:00,sell,0.03,AUDJPY,101.20100,19/11/2025 05:20:41,100.79600,0.00,-0.21,40.50,7.61,8.27,43.90,-4.32,-22.40,7754,Select7ccy,10.78,10.78hrs
18/11/2025 12:13:04,sell,0.01,AUDJPY,100.79300,19/11/2025 05:20:40,100.80600,0.00,-0.07,-1.30,-0.15,0.68,10.50,-4.06,-63.20,7754,Select7ccy,17.13,17.13hrs
11/11/2025 16:09:00,buy,0.01,CADJPY,109.83400,19/11/2025 05:12:28,110.95900,0.00,0.09,112.50,7.34,10.38,160.30,-1.68,-26.80,7754,Select7ccy,181.06,7.54days
18/11/2025 20:02:01,sell,0.81,CADJPY,111.40100,18/11/2025 21:23:25,111.24700,0.00,0.00,15.40,80.19,80.19,15.40,-26.01,-5.00,7754,Select7ccy,1.36,1.36hrs
17/11/2025 16:59:01,sell,0.03,CADJPY,110.46200,18/11/2025 21:23:24,111.24300,0.00,-0.14,-78.10,-15.21,5.22,27.70,-19.19,-98.90,7754,Select7ccy,28.41,1.18days
18/11/2025 18:45:01,sell,0.27,CADJPY,111.09700,18/11/2025 21:23:23,111.24300,0.00,0.00,-14.60,-25.34,6.43,3.70,-61.38,-35.40,7754,Select7ccy,2.64,2.64hrs
18/11/2025 13:48:01,sell,0.09,CADJPY,110.78400,18/11/2025 21:23:22,111.24100,0.00,0.00,-45.70,-26.45,7.71,13.30,-38.55,-66.70,7754,Select7ccy,7.59,7.59hrs
13/11/2025 17:42:01,sell,0.01,CADJPY,110.13300,18/11/2025 21:23:21,111.24100,0.00,-0.15,-110.80,-7.27,3.55,55.30,-8.61,-131.80,7754,Select7ccy,123.69,5.15days
18/11/2025 05:51:01,buy,0.03,AUDCHF,0.51560,18/11/2025 13:46:05,0.51800,0.00,0.00,24.00,9.03,10.39,27.60,-7.52,-19.90,7754,Select7ccy,7.92,7.92hrs
14/11/2025 17:53:04,buy,0.01,AUDCHF,0.51918,18/11/2025 13:46:04,0.51800,0.00,0.08,-11.80,-1.40,0.83,6.60,-6.93,-55.70,7754,Select7ccy,91.88,3.83days
17/11/2025 21:39:01,buy,0.03,AUDJPY,100.68100,18/11/2025 10:05:33,100.60800,0.00,0.05,-7.30,-1.36,3.34,17.00,-9.65,-50.10,7754,Select7ccy,12.44,12.44hrs
18/11/2025 06:12:02,buy,0.09,AUDJPY,100.36500,18/11/2025 10:05:30,100.59900,0.00,0.00,23.40,13.59,13.59,23.40,-10.75,-18.50,7754,Select7ccy,3.89,3.89hrs
14/11/2025 18:55:07,buy,0.01,AUDJPY,101.24700,18/11/2025 10:05:27,100.60800,0.00,0.04,-63.90,-4.08,0.13,2.00,-6.85,-106.70,7754,Select7ccy,87.17,3.63days
14/11/2025 19:28:01,sell,0.01,AUDJPY,101.18800,18/11/2025 10:04:51,100.63900,0.00,-0.14,54.90,3.40,6.27,99.30,-0.32,-4.90,7754,Select7ccy,86.61,3.61days
13/11/2025 14:45:01,sell,0.01,AUDNZD,1.15745,14/11/2025 17:57:59,1.15155,0.00,-0.03,59.00,3.33,6.34,112.20,-0.14,-2.40,7754,Select7ccy,27.22,1.13days
14/11/2025 14:21:00,buy,0.03,AUDJPY,100.51100,14/11/2025 17:49:34,101.01100,0.00,0.00,50.00,9.71,10.51,54.10,-4.92,-25.20,7754,Select7ccy,3.48,3.48hrs
14/11/2025 06:37:01,buy,0.01,AUDJPY,101.08500,14/11/2025 17:49:34,101.00700,0.00,0.00,-7.80,-0.51,0.00,0.00,-5.37,-82.60,7754,Select7ccy,11.21,11.21hrs
13/11/2025 17:38:02,buy,0.03,AUDCHF,0.51958,14/11/2025 16:48:05,0.51673,0.00,0.12,-28.50,-10.69,0.00,0.00,-22.13,-58.50,7754,Select7ccy,23.17,23.17hrs
14/11/2025 14:34:01,buy,0.09,AUDCHF,0.51412,14/11/2025 16:48:04,0.51667,0.00,0.00,25.50,29.02,29.02,25.50,-4.45,-3.90,7754,Select7ccy,2.23,2.23hrs
11/11/2025 16:57:03,buy,0.01,AUDCHF,0.52267,14/11/2025 16:48:02,0.51665,0.00,0.20,-60.20,-7.41,2.85,21.50,-11.14,-89.40,7754,Select7ccy,71.85,2.99days
13/11/2025 08:04:01,sell,0.01,AUDJPY,101.56500,14/11/2025 16:23:27,100.69900,0.00,-0.07,86.60,5.54,8.33,129.10,-1.66,-25.70,7754,Select7ccy,32.32,1.35days
13/11/2025 20:32:02,buy,0.03,AUDJPY,100.81100,14/11/2025 04:46:09,101.15400,0.00,0.05,34.30,6.71,8.10,41.50,-2.12,-10.90,7754,Select7ccy,8.24,8.24hrs
13/11/2025 17:15:00,buy,0.01,AUDJPY,101.22200,14/11/2025 04:46:08,101.15200,0.00,0.02,-7.00,-0.44,0.05,0.80,-3.37,-52.00,7754,Select7ccy,11.52,11.52hrs
11/11/2025 15:24:01,sell,0.01,AUDCHF,0.52246,14/11/2025 00:06:40,0.51897,0.00,-0.49,34.90,3.90,7.05,58.90,-3.52,-25.00,7754,Select7ccy,56.71,2.36days
12/11/2025 11:30:00,sell,0.09,CADJPY,110.52600,13/11/2025 16:40:50,110.30300,0.00,-1.26,22.30,11.74,11.74,22.30,-8.06,-11.70,7754,Select7ccy,29.18,1.22days
12/11/2025 06:22:00,sell,0.03,CADJPY,110.20000,13/11/2025 16:40:49,110.30400,0.00,-0.42,-10.40,-2.44,0.00,0.00,-9.01,-44.30,7754,Select7ccy,34.31,1.43days
11/11/2025 15:23:01,sell,0.01,CADJPY,109.85900,13/11/2025 16:40:48,110.30400,0.00,-0.19,-44.50,-3.07,0.83,12.70,-5.26,-78.40,7754,Select7ccy,49.30,2.05days
11/11/2025 16:46:01,buy,0.01,AUDJPY,100.56400,13/11/2025 15:07:57,101.34000,0.00,0.07,77.60,5.09,8.10,124.30,-1.11,-17.40,7754,Select7ccy,46.37,1.93days
05/11/2025 01:02:00,buy,0.01,AUDNZD,1.15074,13/11/2025 10:55:49,1.15813,0.00,-0.05,73.90,4.15,6.98,124.70,-2.19,-38.80,7754,Select7ccy,201.90,8.41days
13/11/2025 02:47:01,sell,0.09,AUDNZD,1.16124,13/11/2025 10:50:00,1.15878,0.00,0.00,24.60,12.57,13.75,26.90,-10.71,-21.10,7754,Select7ccy,8.05,8.05hrs
13/11/2025 02:31:00,sell,0.03,AUDNZD,1.15760,13/11/2025 10:50:00,1.15878,0.00,0.00,-11.80,-2.01,0.00,0.00,-9.73,-57.50,7754,Select7ccy,8.32,8.32hrs
11/11/2025 14:15:04,sell,0.01,AUDNZD,1.15445,13/11/2025 10:49:59,1.15878,0.00,-0.13,-43.30,-2.59,0.91,16.00,-5.15,-89.00,7754,Select7ccy,44.58,1.86days
12/11/2025 10:51:00,sell,0.09,AUDJPY,101.22700,13/11/2025 06:14:25,101.38100,0.00,-1.85,-15.40,-10.81,7.34,12.60,-27.41,-44.00,7754,Select7ccy,19.39,19.39hrs
13/11/2025 02:33:00,sell,0.27,AUDJPY,101.56600,13/11/2025 06:14:24,101.38300,0.00,0.00,18.30,31.94,31.94,18.30,-17.60,-10.10,7754,Select7ccy,3.69,3.69hrs
12/11/2025 07:09:02,sell,0.03,AUDJPY,100.92500,13/11/2025 06:14:23,101.38000,0.00,-0.62,-45.50,-9.45,0.99,5.10,-14.99,-74.20,7754,Select7ccy,23.09,23.09hrs
11/11/2025 14:34:01,sell,0.01,AUDJPY,100.62200,13/11/2025 06:14:22,101.37900,0.00,-0.28,-75.70,-5.17,1.31,20.20,-7.03,-104.50,7754,Select7ccy,39.67,1.65days
04/11/2025 11:23:02,buy,0.27,NZDUSD,0.56682,11/11/2025 15:23:08,0.56545,0.00,-5.32,-13.70,-42.31,2.97,1.10,-170.06,-61.60,7754,Select7ccy,172.00,7.17days
30/10/2025 15:59:01,buy,0.03,NZDUSD,0.57313,11/11/2025 15:23:07,0.56547,0.00,-0.84,-76.60,-23.82,4.59,15.30,-38.08,-124.70,7754,Select7ccy,287.40,11.98days
06/11/2025 16:57:16,buy,0.81,NZDUSD,0.56379,11/11/2025 15:23:06,0.56547,0.00,-6.98,16.80,129.10,129.10,16.80,-255.77,-31.30,7754,Select7ccy,118.43,4.93days
03/11/2025 16:42:01,buy,0.09,NZDUSD,0.57009,11/11/2025 15:23:05,0.56545,0.00,-2.03,-46.40,-43.79,9.81,10.90,-86.37,-94.30,7754,Select7ccy,190.68,7.95days
29/10/2025 22:50:01,buy,0.01,NZDUSD,0.57627,11/11/2025 15:23:04,0.56545,0.00,-0.38,-108.20,-11.20,2.29,23.80,-15.93,-156.10,7754,Select7ccy,304.55,12.69days
10/11/2025 02:54:00,sell,0.27,AUDNZD,1.15685,11/11/2025 11:00:29,1.15510,0.00,-0.91,17.50,25.76,25.76,17.50,-33.31,-21.90,7754,Select7ccy,32.11,1.34days
05/11/2025 01:01:00,sell,0.03,AUDNZD,1.15058,11/11/2025 11:00:28,1.15510,0.00,-0.34,-45.20,-7.99,6.05,35.80,-14.54,-84.60,7754,Select7ccy,153.99,6.42days
07/11/2025 08:03:01,sell,0.09,AUDNZD,1.15381,11/11/2025 11:00:27,1.15514,0.00,-0.44,-13.30,-7.20,5.72,11.30,-26.66,-52.30,7754,Select7ccy,98.96,4.12days
04/11/2025 07:33:01,sell,0.01,AUDNZD,1.14742,11/11/2025 11:00:26,1.15510,0.00,-0.14,-76.80,-4.47,1.15,20.20,-6.66,-116.20,7754,Select7ccy,171.46,7.14days
07/11/2025 15:45:00,buy,0.03,AUDCAD,0.91244,10/11/2025 23:30:04,0.91593,0.00,0.03,34.90,7.50,9.02,42.00,-4.06,-19.00,7754,Select7ccy,79.75,3.32days
29/10/2025 22:47:03,buy,0.01,AUDCAD,0.91635,10/11/2025 23:30:04,0.91605,0.00,0.11,-3.00,-0.10,2.48,34.30,-4.04,-58.10,7754,Select7ccy,288.72,12.03days
04/11/2025 10:51:00,sell,0.01,AUDCHF,0.52574,07/11/2025 21:34:16,0.52267,0.00,-0.49,30.70,3.32,6.19,53.70,-3.31,-24.50,7754,Select7ccy,82.72,3.45days
05/11/2025 16:52:01,sell,0.03,AUDJPY,99.99500,06/11/2025 02:28:13,100.10100,0.00,-0.64,-10.60,-2.71,0.00,0.00,-10.10,-48.60,7754,Select7ccy,9.60,9.60hrs
05/11/2025 18:40:00,sell,0.09,AUDJPY,100.33700,06/11/2025 02:28:12,100.10200,0.00,-1.93,23.50,11.81,13.34,26.10,-10.34,-14.40,7754,Select7ccy,7.80,7.80hrs
05/11/2025 01:38:01,sell,0.01,AUDJPY,99.67600,06/11/2025 02:28:11,100.10200,0.00,-0.21,-42.60,-2.98,5.40,82.70,-5.43,-80.50,7754,Select7ccy,24.84,1.03days
05/11/2025 03:22:00,buy,0.03,AUDCHF,0.52258,05/11/2025 05:56:33,0.52547,0.00,0.00,28.90,10.71,11.30,30.50,-1.93,-5.20,7754,Select7ccy,2.58,2.58hrs
30/10/2025 01:03:02,buy,0.01,AUDCHF,0.52578,05/11/2025 05:56:32,0.52548,0.00,0.16,-3.00,-0.21,4.16,32.70,-4.44,-37.20,7754,Select7ccy,148.89,6.20days
31/10/2025 05:23:00,sell,0.01,CADJPY,109.97000,05/11/2025 05:50:50,108.83800,0.00,-0.15,113.20,7.22,10.18,158.10,-2.14,-33.10,7754,Select7ccy,120.46,5.02days
﻿04/11/2025 11:53:00,buy,0.27,CADJPY,109.06900,05/11/2025 05:45:17,108.75300,0.00,0.41,-31.60,-55.19,14.59,8.30,-122.06,-69.40,7754,Select7ccy,17.87,17.87hrs
03/11/2025 15:56:00,buy,0.03,CADJPY,109.71300,05/11/2025 05:45:16,108.75400,0.00,0.10,-95.90,-18.65,1.43,7.10,-26.13,-133.80,7754,Select7ccy,37.82,1.58days
05/11/2025 03:16:00,buy,0.81,CADJPY,108.47600,05/11/2025 05:45:08,108.74400,0.00,0.00,26.80,141.47,141.47,26.80,-53.47,-10.10,7754,Select7ccy,2.49,2.49hrs
04/11/2025 06:42:00,buy,0.09,CADJPY,109.39800,05/11/2025 05:45:04,108.74700,0.00,0.14,-65.10,-38.04,7.77,13.30,-60.03,-102.30,7754,Select7ccy,23.05,23.05hrs
31/10/2025 05:55:08,buy,0.01,CADJPY,110.02100,05/11/2025 05:45:03,108.74400,0.00,0.06,-127.70,-8.26,1.72,26.50,-10.70,-164.60,7754,Select7ccy,119.83,4.99days
04/11/2025 11:37:02,buy,0.27,AUDJPY,99.82100,05/11/2025 04:46:23,99.24300,0.00,0.50,-57.80,-101.32,8.97,5.10,-173.67,-98.70,7754,Select7ccy,17.16,17.16hrs
03/11/2025 17:28:00,buy,0.03,AUDJPY,100.46900,05/11/2025 04:46:22,99.24400,0.00,0.11,-122.50,-23.86,8.19,41.90,-31.95,-163.50,7754,Select7ccy,35.31,1.47days
05/11/2025 03:22:03,buy,0.81,AUDJPY,98.86600,05/11/2025 04:46:21,99.24400,0.00,0.00,37.80,199.76,199.76,37.80,-16.94,-3.20,7754,Select7ccy,1.41,1.41hrs
04/11/2025 07:44:00,buy,0.09,AUDJPY,100.15700,05/11/2025 04:46:20,99.24400,0.00,0.17,-91.30,-53.44,1.87,3.20,-77.65,-132.30,7754,Select7ccy,21.04,21.04hrs
03/11/2025 10:59:03,buy,0.01,AUDJPY,101.01300,05/11/2025 04:46:19,99.24400,0.00,0.04,-176.90,-11.50,0.14,2.20,-14.20,-217.90,7754,Select7ccy,41.79,1.74days
03/11/2025 22:11:00,sell,0.01,AUDJPY,100.80100,05/11/2025 00:01:27,99.96100,0.00,-0.14,84.00,5.33,8.48,131.20,-1.72,-25.40,7754,Select7ccy,25.84,1.08days
16/10/2025 05:58:00,buy,0.01,AUDNZD,1.12995,05/11/2025 00:01:09,1.14478,0.00,0.02,148.30,8.39,11.18,197.90,-1.11,-19.60,7754,Select7ccy,474.05,19.75days
29/10/2025 09:35:01,sell,0.27,AUDCHF,0.52501,04/11/2025 08:16:57,0.52654,0.00,-15.86,-15.30,-66.95,10.24,5.90,-160.89,-43.40,7754,Select7ccy,142.70,5.95days
23/10/2025 09:27:03,sell,0.03,AUDCHF,0.51801,04/11/2025 08:16:56,0.52652,0.00,-2.93,-85.10,-34.51,4.12,11.70,-45.04,-113.40,7754,Select7ccy,286.83,11.95days
03/11/2025 10:54:01,sell,0.81,AUDCHF,0.52847,04/11/2025 08:16:55,0.52650,0.00,-7.95,19.70,189.40,191.41,19.90,-96.17,-8.80,7754,Select7ccy,21.38,21.38hrs
27/10/2025 00:01:14,sell,0.09,AUDCHF,0.52103,04/11/2025 08:16:54,0.52651,0.00,-7.07,-54.80,-68.06,18.57,16.40,-99.75,-83.20,7754,Select7ccy,200.26,8.34days
17/10/2025 14:55:14,sell,0.01,AUDCHF,0.51307,04/11/2025 08:16:53,0.52648,0.00,-1.58,-134.10,-18.17,1.16,9.20,-21.73,-162.80,7754,Select7ccy,425.36,17.72days
03/11/2025 03:08:00,sell,0.03,AUDNZD,1.14433,04/11/2025 05:33:25,1.14540,0.00,-0.05,-10.70,-1.88,0.00,0.00,-7.23,-42.10,7754,Select7ccy,26.42,1.10days
04/11/2025 02:48:00,sell,0.09,AUDNZD,1.14737,04/11/2025 05:33:24,1.14542,0.00,0.00,19.50,10.00,10.00,19.50,-5.99,-11.70,7754,Select7ccy,2.76,2.76hrs
29/10/2025 05:16:00,sell,0.01,AUDNZD,1.14127,04/11/2025 05:33:23,1.14540,0.00,-0.17,-41.30,-2.52,1.33,24.60,-4.31,-72.70,7754,Select7ccy,144.29,6.01days
03/11/2025 07:21:00,sell,0.03,AUDJPY,101.05500,03/11/2025 17:04:34,100.65000,0.00,0.00,40.50,7.88,8.82,45.30,-1.60,-8.20,7754,Select7ccy,9.73,9.73hrs
31/10/2025 05:30:02,sell,0.01,AUDJPY,100.74500,03/11/2025 17:04:32,100.64800,0.00,-0.07,9.70,0.56,0.86,14.30,-2.61,-39.20,7754,Select7ccy,83.58,3.48days
31/10/2025 08:47:01,buy,0.03,AUDJPY,100.70800,03/11/2025 09:24:31,101.05500,0.00,0.05,34.70,6.80,8.11,41.40,-3.01,-15.70,7754,Select7ccy,72.63,3.03days
30/10/2025 18:02:00,buy,0.01,AUDJPY,101.06500,03/11/2025 09:24:30,101.05500,0.00,0.04,-1.00,-0.02,0.41,5.70,-3.30,-51.40,7754,Select7ccy,87.38,3.64days
29/10/2025 08:34:01,sell,0.03,AUDJPY,100.63100,31/10/2025 04:20:31,100.69900,0.00,-0.84,-6.80,-2.17,6.43,32.60,-12.71,-61.00,7754,Select7ccy,43.77,1.82days
30/10/2025 09:41:03,sell,0.09,AUDJPY,100.94400,31/10/2025 04:20:30,100.70000,0.00,-0.62,24.40,13.67,13.67,24.40,-17.96,-29.70,7754,Select7ccy,18.66,18.66hrs
28/10/2025 18:37:01,sell,0.01,AUDJPY,99.92900,31/10/2025 04:20:29,100.70000,0.00,-0.35,-77.10,-5.37,0.93,15.20,-8.86,-131.20,7754,Select7ccy,57.72,2.41days
30/10/2025 06:33:02,sell,0.03,CADJPY,109.84700,31/10/2025 04:20:19,109.93400,0.00,-0.16,-8.70,-1.86,6.09,31.00,-10.61,-54.60,7754,Select7ccy,21.79,21.79hrs
30/10/2025 10:17:01,sell,0.09,CADJPY,110.16600,31/10/2025 04:20:18,109.93300,0.00,-0.47,23.30,13.17,13.17,23.30,-13.24,-22.70,7754,Select7ccy,18.05,18.05hrs
30/10/2025 01:51:02,sell,0.01,CADJPY,109.48800,31/10/2025 04:20:17,109.92700,0.00,-0.05,-43.90,-2.91,1.55,23.60,-5.86,-90.50,7754,Select7ccy,26.49,1.10days
28/10/2025 21:00:05,buy,0.01,CADJPY,109.15000,31/10/2025 04:18:31,109.90900,0.00,0.09,75.90,5.03,8.03,122.80,-2.61,-39.90,7754,Select7ccy,55.31,2.30days
28/10/2025 20:46:04,buy,0.01,AUDJPY,100.25100,30/10/2025 16:42:09,100.73800,0.00,0.07,48.70,3.23,5.97,90.80,-3.21,-48.90,7754,Select7ccy,43.93,1.83days
28/10/2025 12:53:28,buy,0.01,AUDCHF,0.52038,30/10/2025 00:01:14,0.52472,0.00,0.16,43.40,5.59,8.53,67.70,-0.33,-2.60,7754,Select7ccy,35.13,1.46days
29/10/2025 21:39:01,sell,0.09,CADJPY,109.76500,29/10/2025 23:35:48,109.52400,0.00,0.00,24.10,14.20,14.20,24.10,0.00,0.00,7754,Select7ccy,1.95,1.95hrs
29/10/2025 19:07:03,sell,0.03,CADJPY,109.47300,29/10/2025 23:35:47,109.52800,0.00,0.00,-5.50,-1.09,0.36,1.80,-5.30,-27.00,7754,Select7ccy,4.48,4.48hrs
28/10/2025 06:05:01,sell,0.01,CADJPY,108.93000,29/10/2025 23:35:46,109.52700,0.00,-0.05,-59.70,-3.96,2.88,43.70,-5.37,-81.30,7754,Select7ccy,41.51,1.73days
14/10/2025 18:49:03,buy,0.01,NZDUSD,0.57185,29/10/2025 21:36:02,0.57692,0.00,-0.52,50.70,4.55,7.72,82.40,-1.30,-12.70,7754,Select7ccy,362.78,15.12days
23/10/2025 15:47:01,buy,0.01,AUDCAD,0.91046,29/10/2025 21:35:47,0.91711,0.00,0.04,66.50,4.82,7.86,109.00,-0.38,-5.30,7754,Select7ccy,149.81,6.24days
29/10/2025 09:42:03,sell,0.09,AUDCAD,0.92117,29/10/2025 15:18:15,0.91912,0.00,0.00,20.50,13.23,14.59,22.60,-2.26,-3.50,7754,Select7ccy,5.60,5.60hrs
28/10/2025 17:42:25,sell,0.03,AUDCAD,0.91813,29/10/2025 15:18:14,0.91913,0.00,-0.12,-10.00,-2.27,2.14,10.50,-7.42,-33.90,7754,Select7ccy,21.60,21.60hrs
10/10/2025 18:02:18,sell,0.01,AUDCAD,0.91404,29/10/2025 15:18:13,0.91912,0.00,-0.66,-50.80,-4.31,5.30,75.70,-6.03,-74.80,7754,Select7ccy,453.27,18.89days
28/10/2025 18:58:01,sell,0.27,AUDNZD,1.13909,29/10/2025 03:48:08,1.14063,0.00,-0.84,-15.40,-24.91,14.46,9.80,-51.58,-32.50,7754,Select7ccy,8.84,8.84hrs
23/10/2025 09:27:06,sell,0.03,AUDNZD,1.13264,29/10/2025 03:48:08,1.14063,0.00,-0.38,-79.90,-14.26,4.25,25.20,-17.21,-97.00,7754,Select7ccy,138.35,5.76days
29/10/2025 03:32:00,sell,0.81,AUDNZD,1.14229,29/10/2025 03:48:07,1.14059,0.00,0.00,17.00,79.69,81.10,17.30,-2.34,-0.50,7754,Select7ccy,0.27,0.27hrs
27/10/2025 10:52:00,sell,0.09,AUDNZD,1.13593,29/10/2025 03:48:06,1.14060,0.00,-0.56,-46.70,-24.89,6.64,13.30,-33.92,-64.10,7754,Select7ccy,40.94,1.71days
22/10/2025 03:18:00,sell,0.01,AUDNZD,1.12964,29/10/2025 03:48:05,1.14059,0.00,-0.22,-109.50,-6.56,0.18,3.10,-7.56,-127.00,7754,Select7ccy,168.50,7.02days
28/10/2025 07:42:00,buy,0.03,CADJPY,108.73200,28/10/2025 19:31:05,109.20400,0.00,0.00,47.20,9.31,9.31,47.20,-5.00,-25.30,7754,Select7ccy,11.82,11.82hrs
24/10/2025 16:52:01,buy,0.01,CADJPY,109.03600,28/10/2025 19:31:04,109.20500,0.00,0.04,16.90,1.15,3.33,50.70,-3.63,-55.70,7754,Select7ccy,98.65,4.11days
28/10/2025 08:08:00,buy,0.03,AUDJPY,99.65600,28/10/2025 19:31:01,100.27200,0.00,0.00,61.60,12.14,12.14,61.60,-4.70,-23.80,7754,Select7ccy,11.38,11.38hrs
28/10/2025 06:44:01,buy,0.01,AUDJPY,99.99100,28/10/2025 19:31:00,100.25800,0.00,0.00,26.70,1.76,1.76,26.70,-3.77,-57.30,7754,Select7ccy,12.78,12.78hrs
27/10/2025 00:01:03,sell,0.03,AUDJPY,99.94200,28/10/2025 11:52:43,99.50200,0.00,-0.21,44.00,8.48,9.84,50.90,-8.52,-43.50,7754,Select7ccy,35.86,1.49days
24/10/2025 20:48:01,sell,0.01,AUDJPY,99.46500,28/10/2025 11:52:42,99.50000,0.00,-0.14,-3.50,-0.37,0.07,3.20,-6.03,-91.20,7754,Select7ccy,87.08,3.63days
22/10/2025 01:08:00,buy,0.01,AUDCHF,0.51688,28/10/2025 11:31:20,0.51984,0.00,0.24,29.60,3.97,6.98,54.00,-2.13,-16.90,7754,Select7ccy,154.39,6.43days
22/10/2025 21:25:00,buy,0.01,AUDJPY,98.44600,28/10/2025 04:35:18,99.88700,0.00,0.11,144.10,9.57,12.61,191.60,-0.19,-2.90,7754,Select7ccy,127.17,5.30days
27/10/2025 01:28:01,sell,0.03,CADJPY,109.38400,28/10/2025 04:22:01,108.98600,0.00,-0.16,39.80,7.67,8.82,45.60,-3.39,-17.30,7754,Select7ccy,26.90,1.12days
24/10/2025 06:49:01,sell,0.01,CADJPY,109.06500,28/10/2025 04:22:00,108.98600,0.00,-0.10,7.90,0.42,1.74,26.50,-3.26,-49.20,7754,Select7ccy,93.55,3.90days
24/10/2025 16:22:01,sell,0.27,AUDJPY,99.56300,24/10/2025 17:21:22,99.38700,0.00,0.00,17.60,31.12,31.12,17.60,-3.53,-2.00,7754,Select7ccy,0.99,0.99hrs
23/10/2025 09:59:00,sell,0.09,AUDJPY,99.22700,24/10/2025 17:21:22,99.39000,0.00,-0.63,-16.30,-10.24,5.96,10.10,-21.59,-35.60,7754,Select7ccy,31.37,1.31days
23/10/2025 04:18:00,sell,0.03,AUDJPY,98.90900,24/10/2025 17:21:21,99.38900,0.00,-0.21,-48.00,-9.63,2.38,12.10,-13.44,-67.40,7754,Select7ccy,37.06,1.54days
21/10/2025 19:55:01,sell,0.01,AUDJPY,98.59600,24/10/2025 17:21:20,99.38700,0.00,-0.35,-79.10,-5.53,2.19,34.30,-6.81,-98.70,7754,Select7ccy,69.44,2.89days
21/10/2025 17:56:01,buy,0.01,CADJPY,108.30500,24/10/2025 15:30:07,108.78000,0.00,0.09,47.50,3.20,6.46,97.40,-1.08,-16.50,7754,Select7ccy,69.57,2.90days
24/10/2025 04:58:01,sell,0.27,CADJPY,109.25600,24/10/2025 05:41:56,109.05500,0.00,0.00,20.10,35.50,35.50,20.10,-6.71,-3.80,7754,Select7ccy,0.73,0.73hrs
23/10/2025 04:32:00,sell,0.09,CADJPY,108.92900,24/10/2025 05:41:55,109.05700,0.00,-0.49,-12.80,-8.03,4.90,8.30,-21.97,-36.50,7754,Select7ccy,25.17,1.05days
22/10/2025 17:11:00,sell,0.03,CADJPY,108.62700,24/10/2025 05:41:55,109.05600,0.00,-0.66,-42.90,-9.07,5.03,25.40,-13.74,-66.70,7754,Select7ccy,36.52,1.52days
21/10/2025 18:22:01,sell,0.01,CADJPY,108.22000,24/10/2025 05:41:54,109.06000,0.00,-0.28,-84.00,-5.78,0.38,6.50,-7.30,-107.40,7754,Select7ccy,59.33,2.47days
22/10/2025 19:33:07,buy,0.03,AUDCAD,0.90710,23/10/2025 12:27:22,0.91032,0.00,0.05,32.20,6.95,8.50,39.40,-1.20,-5.60,7754,Select7ccy,16.90,16.90hrs
17/10/2025 16:55:01,buy,0.01,AUDCAD,0.91039,23/10/2025 12:27:21,0.91035,0.00,0.05,-0.40,0.02,3.55,49.50,-2.72,-38.50,7754,Select7ccy,139.54,5.81days
22/10/2025 19:33:03,buy,0.03,AUDJPY,98.23500,22/10/2025 20:02:00,98.55600,0.00,0.00,32.10,6.34,6.56,33.20,0.00,0.00,7754,Select7ccy,0.48,0.48hrs
21/10/2025 17:49:03,buy,0.01,AUDJPY,98.53600,22/10/2025 20:02:00,98.55300,0.00,0.02,1.70,0.13,2.07,31.10,-1.45,-22.30,7754,Select7ccy,26.22,1.09days
21/10/2025 05:33:00,sell,0.03,AUDNZD,1.13489,21/10/2025 23:57:08,1.13117,0.00,0.00,37.20,6.42,8.86,51.40,-1.12,-6.50,7754,Select7ccy,18.40,18.40hrs
16/10/2025 04:46:00,sell,0.01,AUDNZD,1.12964,21/10/2025 23:57:06,1.13117,0.00,-0.09,-15.30,-0.97,0.83,15.00,-4.09,-70.40,7754,Select7ccy,139.19,5.80days
16/10/2025 19:33:07,buy,0.03,AUDCHF,0.51460,21/10/2025 19:52:15,0.51689,0.00,0.36,22.90,8.99,9.89,25.30,-24.88,-65.70,7754,Select7ccy,120.32,5.01days
16/10/2025 16:19:01,buy,0.01,AUDCHF,0.51871,21/10/2025 19:52:14,0.51685,0.00,0.12,-18.60,-2.21,0.00,0.00,-13.51,-106.80,7754,Select7ccy,123.55,5.15days
21/10/2025 13:31:01,sell,0.03,AUDJPY,98.56900,21/10/2025 17:03:59,98.16000,0.00,0.00,40.90,8.09,8.09,40.90,-4.24,-21.50,7754,Select7ccy,3.55,3.55hrs
20/10/2025 07:36:01,sell,0.01,AUDJPY,97.92800,21/10/2025 17:03:58,98.16100,0.00,-0.07,-23.30,-1.61,1.66,24.90,-5.70,-85.60,7754,Select7ccy,33.47,1.39days
17/10/2025 17:03:02,buy,0.01,CADJPY,107.15500,21/10/2025 16:54:24,108.07000,0.00,0.04,91.50,6.07,9.21,139.50,-1.60,-24.00,7754,Select7ccy,95.86,3.99days
17/10/2025 15:08:00,buy,0.01,AUDJPY,97.64600,21/10/2025 16:48:59,98.31100,0.00,0.04,66.50,4.42,7.42,112.30,-2.57,-38.60,7754,Select7ccy,97.68,4.07days
21/10/2025 15:33:00,sell,0.27,CADJPY,108.48900,21/10/2025 16:09:03,108.27800,0.00,0.00,21.10,37.51,37.51,21.10,-13.66,-7.70,7754,Select7ccy,0.60,0.60hrs
21/10/2025 09:23:05,sell,0.03,CADJPY,107.83400,21/10/2025 16:09:02,108.28000,0.00,0.00,-44.60,-8.81,6.87,34.60,-14.43,-73.20,7754,Select7ccy,6.77,6.77hrs
21/10/2025 13:52:02,sell,0.09,CADJPY,108.17500,21/10/2025 16:09:01,108.27500,0.00,0.00,-10.00,-5.93,6.70,11.30,-23.13,-39.10,7754,Select7ccy,2.28,2.28hrs
20/10/2025 07:30:01,sell,0.01,CADJPY,107.48000,21/10/2025 16:09:00,108.28400,0.00,-0.06,-80.40,-5.35,2.30,34.60,-7.20,-108.60,7754,Select7ccy,32.65,1.36days
20/10/2025 04:20:03,sell,0.09,AUDJPY,98.45200,20/10/2025 06:35:23,98.15300,0.00,0.00,29.90,17.84,19.15,32.10,-0.66,-1.10,7754,Select7ccy,2.26,2.26hrs
20/10/2025 01:27:01,sell,0.03,AUDJPY,98.12100,20/10/2025 06:35:22,98.15200,0.00,0.00,-3.10,-0.62,2.55,12.80,-6.79,-34.20,7754,Select7ccy,5.14,5.14hrs
17/10/2025 11:53:00,sell,0.01,AUDJPY,96.63200,20/10/2025 06:35:21,98.15300,0.00,-0.07,-152.10,-10.15,0.00,0.00,-12.18,-183.10,7754,Select7ccy,66.71,2.78days
20/10/2025 04:20:00,sell,0.09,CADJPY,107.89000,20/10/2025 06:29:15,107.67400,0.00,0.00,21.60,12.89,12.89,21.60,-2.26,-3.80,7754,Select7ccy,2.15,2.15hrs
20/10/2025 01:10:01,sell,0.03,CADJPY,107.57700,20/10/2025 06:29:14,107.68300,0.00,0.00,-10.60,-2.11,0.00,0.00,-6.96,-35.10,7754,Select7ccy,5.32,5.32hrs
17/10/2025 16:17:02,sell,0.01,CADJPY,107.08700,20/10/2025 06:29:13,107.68300,0.00,-0.05,-59.60,-4.00,1.04,15.60,-5.61,-84.10,7754,Select7ccy,62.20,2.59days
16/10/2025 19:21:00,buy,0.03,CADJPY,107.26700,17/10/2025 15:10:57,107.15300,0.00,0.05,-11.40,-2.22,0.00,0.00,-19.62,-98.00,7754,Select7ccy,19.83,19.83hrs
16/10/2025 21:13:09,buy,0.09,CADJPY,106.95300,17/10/2025 15:10:56,107.14900,0.00,0.15,19.60,11.88,14.09,23.10,-39.95,-66.60,7754,Select7ccy,17.96,17.96hrs
16/10/2025 09:30:00,buy,0.01,CADJPY,107.72000,17/10/2025 15:10:54,107.15000,0.00,0.02,-57.00,-3.77,0.62,9.30,-9.57,-143.30,7754,Select7ccy,29.68,1.24days
16/10/2025 03:31:02,buy,0.03,AUDCAD,0.91093,17/10/2025 14:10:15,0.91012,0.00,0.02,-8.10,-1.71,6.30,29.50,-9.81,-46.10,7754,Select7ccy,34.65,1.44days
17/10/2025 06:44:00,buy,0.09,AUDCAD,0.90783,17/10/2025 14:10:14,0.91016,0.00,0.00,23.30,14.94,14.94,23.30,-9.66,-15.10,7754,Select7ccy,7.44,7.44hrs
15/10/2025 07:35:01,buy,0.01,AUDCAD,0.91486,17/10/2025 14:10:13,0.91020,0.00,0.03,-46.60,-3.29,0.42,5.90,-6.04,-85.40,7754,Select7ccy,54.59,2.27days
17/10/2025 10:21:04,buy,0.03,AUDJPY,96.34000,17/10/2025 14:07:17,97.07000,0.00,0.00,73.00,14.60,16.29,81.40,-0.14,-0.70,7754,Select7ccy,3.77,3.77hrs
16/10/2025 22:50:00,buy,0.01,AUDJPY,97.51700,17/10/2025 14:07:16,97.07200,0.00,0.02,-44.50,-2.95,0.29,4.30,-7.90,-118.40,7754,Select7ccy,15.29,15.29hrs
16/10/2025 10:09:00,sell,0.01,CADJPY,107.69600,17/10/2025 12:35:08,106.71500,0.00,-0.05,98.10,6.49,9.28,139.40,-0.88,-13.30,7754,Select7ccy,26.44,1.10days
10/10/2025 19:51:06,sell,0.01,AUDCHF,0.51953,17/10/2025 10:49:12,0.51023,0.00,-0.69,93.00,11.09,13.71,113.50,-6.95,-54.80,7754,Select7ccy,158.97,6.62days
14/10/2025 08:32:01,sell,0.01,AUDJPY,98.30300,17/10/2025 10:45:31,96.72400,0.00,-0.35,157.90,10.19,12.72,195.40,-3.33,-49.50,7754,Select7ccy,74.22,3.09days
16/10/2025 21:12:55,buy,0.09,AUDJPY,97.30200,16/10/2025 21:45:57,97.49300,0.00,0.00,19.10,11.43,11.43,19.10,-2.28,-3.80,7754,Select7ccy,0.55,0.55hrs
16/10/2025 19:31:02,buy,0.03,AUDJPY,97.61300,16/10/2025 21:45:57,97.49700,0.00,0.00,-11.60,-2.32,1.91,9.60,-6.97,-34.90,7754,Select7ccy,2.25,2.25hrs
16/10/2025 05:25:01,buy,0.01,AUDJPY,97.95000,16/10/2025 21:45:56,97.49500,0.00,0.00,-45.50,-3.02,3.50,53.00,-4.57,-68.60,7754,Select7ccy,16.35,16.35hrs
16/10/2025 03:36:00,buy,0.03,AUDCHF,0.51556,16/10/2025 10:20:06,0.51798,0.00,0.00,24.20,9.12,10.39,27.60,-1.70,-4.50,7754,Select7ccy,6.74,6.74hrs
15/10/2025 20:51:04,buy,0.01,AUDCHF,0.51864,16/10/2025 10:20:05,0.51798,0.00,0.12,-6.60,-0.71,0.33,2.60,-4.32,-35.30,7754,Select7ccy,13.48,13.48hrs
10/10/2025 21:06:29,sell,0.01,CADJPY,108.38000,16/10/2025 08:04:13,107.68500,0.00,-0.31,69.50,4.29,7.28,114.30,-3.02,-45.30,7754,Select7ccy,130.96,5.46days
15/10/2025 05:05:01,buy,0.03,CADJPY,107.75500,16/10/2025 07:51:56,107.63500,0.00,0.15,-12.00,-2.24,4.33,21.90,-10.47,-53.30,7754,Select7ccy,26.78,1.12days
16/10/2025 01:45:01,buy,0.09,CADJPY,107.43100,16/10/2025 07:51:55,107.63500,0.00,0.00,20.40,12.16,12.16,20.40,-12.50,-20.90,7754,Select7ccy,6.12,6.12hrs
14/10/2025 12:15:46,buy,0.01,CADJPY,108.19200,16/10/2025 07:51:55,107.63500,0.00,0.07,-55.70,-3.61,1.10,16.80,-6.37,-97.00,7754,Select7ccy,43.60,1.82days
15/10/2025 20:12:03,buy,0.03,AUDJPY,98.20400,16/10/2025 04:18:29,98.01100,0.00,0.16,-19.30,-3.68,5.47,27.60,-11.76,-59.80,7754,Select7ccy,8.11,8.11hrs
16/10/2025 03:31:06,buy,0.09,AUDJPY,97.73400,16/10/2025 04:18:28,98.01000,0.00,0.00,27.60,16.48,16.48,27.60,-7.65,-12.80,7754,Select7ccy,0.79,0.79hrs
14/10/2025 18:48:06,buy,0.01,AUDJPY,98.52000,16/10/2025 04:18:27,98.00500,0.00,0.07,-51.50,-3.35,1.75,26.20,-6.00,-91.40,7754,Select7ccy,33.51,1.40days
14/10/2025 08:40:01,buy,0.03,AUDNZD,1.13507,16/10/2025 04:07:08,1.13313,0.00,0.07,-19.40,-3.26,7.02,40.80,-6.72,-39.50,7754,Select7ccy,43.45,1.81days
16/10/2025 03:39:00,buy,0.09,AUDNZD,1.13090,16/10/2025 04:07:07,1.13314,0.00,0.00,22.40,11.56,11.87,23.00,0.00,0.00,7754,Select7ccy,0.47,0.47hrs
14/10/2025 01:17:00,buy,0.01,AUDNZD,1.13816,16/10/2025 04:07:06,1.13310,0.00,0.03,-50.60,-2.87,0.71,12.40,-4.01,-70.40,7754,Select7ccy,50.84,2.12days
15/10/2025 06:38:01,sell,0.03,AUDNZD,1.13857,16/10/2025 03:40:15,1.13156,0.00,-0.31,70.10,11.74,12.26,73.10,-1.99,-9.80,7754,Select7ccy,21.04,21.04hrs
14/10/2025 10:35:21,sell,0.01,AUDNZD,1.13500,16/10/2025 03:40:14,1.13181,0.00,-0.13,31.90,1.70,2.01,37.40,-2.73,-45.50,7754,Select7ccy,41.08,1.71days
14/10/2025 08:36:04,buy,0.03,AUDCHF,0.51933,15/10/2025 14:18:47,0.52179,0.00,0.12,24.60,9.34,10.79,28.50,-6.23,-16.70,7754,Select7ccy,29.71,1.24days
13/10/2025 01:07:03,buy,0.01,AUDCHF,0.52242,15/10/2025 14:18:46,0.52179,0.00,0.08,-6.30,-0.71,3.04,24.50,-5.88,-47.60,7754,Select7ccy,61.20,2.55days
14/10/2025 07:52:04,buy,0.03,AUDCAD,0.90977,15/10/2025 05:52:46,0.91312,0.00,0.02,33.50,7.19,8.49,39.60,-7.42,-34.80,7754,Select7ccy,22.01,22.01hrs
13/10/2025 07:25:00,buy,0.01,AUDCAD,0.91282,15/10/2025 05:52:45,0.91312,0.00,0.02,3.00,0.23,1.75,24.50,-4.63,-65.30,7754,Select7ccy,46.46,1.94days
14/10/2025 07:06:00,buy,0.03,AUDJPY,98.67900,14/10/2025 17:42:27,98.53300,0.00,0.00,-14.60,-2.88,0.00,0.00,-15.90,-80.50,7754,Select7ccy,10.61,10.61hrs
14/10/2025 07:52:00,buy,0.09,AUDJPY,98.32100,14/10/2025 17:42:26,98.53400,0.00,0.00,21.30,12.61,12.61,21.30,-26.48,-44.70,7754,Select7ccy,9.84,9.84hrs
13/10/2025 01:06:00,buy,0.01,AUDJPY,99.02200,14/10/2025 17:42:25,98.53500,0.00,0.02,-48.70,-3.18,2.92,44.30,-7.54,-114.80,7754,Select7ccy,40.61,1.69days
10/10/2025 20:09:02,buy,0.03,NZDUSD,0.57192,14/10/2025 17:19:19,0.57038,0.00,-0.20,-15.40,-4.82,7.34,24.80,-11.21,-36.70,7754,Select7ccy,93.17,3.88days
14/10/2025 12:55:00,buy,0.09,NZDUSD,0.56859,14/10/2025 17:19:18,0.57038,0.00,0.00,17.90,16.11,17.28,19.20,-3.06,-3.40,7754,Select7ccy,4.41,4.41hrs
08/10/2025 07:00:00,buy,0.01,NZDUSD,0.57499,14/10/2025 17:19:16,0.57039,0.00,-0.19,-46.00,-4.79,5.41,55.10,-6.93,-67.40,7754,Select7ccy,154.32,6.43days
14/10/2025 07:05:00,buy,0.03,CADJPY,108.29700,14/10/2025 11:15:03,108.17600,0.00,0.00,-12.10,-2.38,0.00,0.00,-7.52,-38.00,7754,Select7ccy,4.17,4.17hrs
14/10/2025 09:01:01,buy,0.09,CADJPY,107.96500,14/10/2025 11:15:02,108.17700,0.00,0.00,21.20,12.55,12.55,21.20,-2.85,-4.80,7754,Select7ccy,2.23,2.23hrs
13/10/2025 02:44:00,buy,0.01,CADJPY,108.59900,14/10/2025 11:15:01,108.18000,0.00,0.02,-41.90,-2.73,1.44,21.90,-4.48,-68.20,7754,Select7ccy,32.52,1.35days
14/10/2025 03:08:01,sell,0.03,AUDNZD,1.13939,14/10/2025 08:51:20,1.13541,0.00,0.00,39.80,6.81,8.05,47.10,-0.27,-1.60,7754,Select7ccy,5.72,5.72hrs
13/10/2025 06:54:00,sell,0.01,AUDNZD,1.13626,14/10/2025 08:51:20,1.13545,0.00,-0.03,8.10,0.43,0.87,15.80,-2.00,-34.40,7754,Select7ccy,25.96,1.08days
14/10/2025 03:34:01,sell,0.03,AUDJPY,99.47100,14/10/2025 06:56:06,98.88400,0.00,0.00,58.70,11.57,12.39,62.80,-0.18,-0.90,7754,Select7ccy,3.37,3.37hrs
10/10/2025 21:08:21,sell,0.01,AUDJPY,98.44400,14/10/2025 06:56:05,98.88500,0.00,-0.14,-44.10,-3.04,3.13,47.40,-6.93,-103.60,7754,Select7ccy,81.80,3.41days
10/10/2025 12:03:06,buy,0.03,AUDNZD,1.13893,13/10/2025 11:44:30,1.13803,0.00,0.02,-9.00,-1.53,1.50,8.70,-14.43,-84.10,7754,Select7ccy,71.69,2.99days
10/10/2025 18:19:01,buy,0.09,AUDNZD,1.13551,13/10/2025 11:44:29,1.13802,0.00,0.05,25.10,12.99,13.71,26.50,-25.68,-49.90,7754,Select7ccy,65.42,2.73days
08/10/2025 04:03:00,buy,0.01,AUDNZD,1.14456,13/10/2025 11:44:28,1.13802,0.00,0.01,-65.40,-3.74,0.00,0.00,-8.03,-140.40,7754,Select7ccy,127.69,5.32days
10/10/2025 18:19:04,buy,0.09,AUDCAD,0.91022,13/10/2025 04:26:04,0.91226,0.00,0.05,20.40,13.17,14.27,22.10,-25.71,-40.00,7754,Select7ccy,58.12,2.42days
10/10/2025 18:03:01,buy,0.03,AUDCAD,0.91385,13/10/2025 04:26:03,0.91226,0.00,0.02,-15.90,-3.39,0.00,0.00,-16.31,-76.20,7754,Select7ccy,58.38,2.43days
08/10/2025 06:58:01,buy,0.01,AUDCAD,0.91695,13/10/2025 04:26:02,0.91226,0.00,0.04,-46.90,-3.31,3.18,44.10,-7.63,-107.30,7754,Select7ccy,117.47,4.89days
10/10/2025 23:52:02,buy,0.03,CADJPY,108.15700,13/10/2025 01:05:20,108.61800,0.00,0.05,46.10,9.14,9.14,46.10,-5.02,-25.30,7754,Select7ccy,49.22,2.05days
10/10/2025 20:36:50,buy,0.01,CADJPY,108.46600,13/10/2025 01:05:18,108.61800,0.00,0.02,15.20,1.02,1.02,15.20,-3.72,-56.20,7754,Select7ccy,52.47,2.19days
10/10/2025 22:39:00,buy,0.03,AUDJPY,98.25300,13/10/2025 00:02:52,98.76500,0.00,0.05,51.20,10.17,12.24,61.70,-8.38,-42.20,7754,Select7ccy,49.40,2.06days
10/10/2025 20:38:13,buy,0.01,AUDJPY,98.59200,13/10/2025 00:02:51,98.76500,0.00,0.02,17.30,1.16,1.85,27.80,-5.04,-76.10,7754,Select7ccy,51.41,2.14days
10/10/2025 18:17:25,buy,0.03,AUDCHF,0.52252,13/10/2025 00:02:13,0.52141,0.00,0.13,-11.10,-4.03,0.00,0.00,-21.63,-57.60,7754,Select7ccy,53.75,2.24days
10/10/2025 18:29:57,buy,0.09,AUDCHF,0.51951,13/10/2025 00:02:12,0.52141,0.00,0.38,19.00,21.73,21.73,19.00,-30.98,-27.50,7754,Select7ccy,53.54,2.23days
08/10/2025 15:19:00,buy,0.01,AUDCHF,0.52625,13/10/2025 00:02:11,0.52101,0.00,0.21,-52.40,-6.33,5.06,39.60,-11.71,-94.90,7754,Select7ccy,104.72,4.36days
09/10/2025 20:00:09,sell,0.01,AUDJPY,100.18200,10/10/2025 19:32:29,98.81000,0.00,-0.07,137.20,8.95,12.18,185.60,-2.32,-34.40,7754,Select7ccy,23.54,23.54hrs
10/10/2025 18:26:34,buy,0.09,CADJPY,108.39100,10/10/2025 19:28:43,108.62900,0.00,0.00,23.80,14.09,16.15,27.30,-9.44,-15.90,7754,Select7ccy,1.04,1.04hrs
10/10/2025 18:05:01,buy,0.03,CADJPY,108.72800,10/10/2025 19:28:42,108.63100,0.00,0.00,-9.70,-1.92,0.00,0.00,-1.92,-9.70,7754,Select7ccy,1.39,1.39hrs
10/10/2025 16:43:02,buy,0.01,CADJPY,109.14200,10/10/2025 19:28:41,108.63200,0.00,0.00,-51.00,-3.36,0.00,0.00,-6.01,-91.00,7754,Select7ccy,2.76,2.76hrs
09/10/2025 17:15:45,sell,0.01,CADJPY,109.36200,10/10/2025 19:27:17,108.67600,0.00,-0.05,68.60,4.46,7.31,111.50,-0.59,-9.10,7754,Select7ccy,26.19,1.09days
10/10/2025 18:01:04,buy,0.09,AUDJPY,99.53300,10/10/2025 18:47:21,98.69300,0.00,0.00,-84.00,-49.78,0.00,0.00,-49.78,-84.00,7754,Select7ccy,0.77,0.77hrs
10/10/2025 18:28:05,buy,2.43,AUDJPY,98.51400,10/10/2025 18:47:20,98.68800,0.00,0.00,17.40,278.41,278.41,17.40,-325.56,-20.30,7754,Select7ccy,0.32,0.32hrs
10/10/2025 18:19:07,buy,0.81,AUDJPY,98.82100,10/10/2025 18:47:19,98.69000,0.00,0.00,-13.10,-69.87,0.00,0.00,-272.64,-51.00,7754,Select7ccy,0.47,0.47hrs
10/10/2025 18:09:35,buy,0.27,AUDJPY,99.15100,10/10/2025 18:47:17,98.67700,0.00,0.00,-47.40,-84.28,0.00,0.00,-149.68,-84.00,7754,Select7ccy,0.63,0.63hrs
10/10/2025 17:37:01,buy,0.03,AUDJPY,99.83700,10/10/2025 18:47:16,98.68000,0.00,0.00,-115.70,-22.86,0.67,3.40,-30.21,-152.60,7754,Select7ccy,1.17,1.17hrs
08/10/2025 04:59:01,buy,0.01,AUDJPY,100.14000,10/10/2025 18:47:15,98.68200,0.00,0.07,-145.80,-9.53,5.18,78.40,-12.00,-182.90,7754,Select7ccy,61.80,2.58days
08/10/2025 04:01:01,sell,0.03,AUDNZD,1.14145,10/10/2025 18:35:15,1.13379,0.00,-0.32,76.60,12.85,14.44,85.90,-4.31,-25.00,7754,Select7ccy,62.57,2.61days
08/10/2025 03:46:02,sell,0.01,AUDNZD,1.13468,10/10/2025 18:35:13,1.13378,0.00,-0.11,9.00,0.40,0.93,18.20,-5.33,-92.70,7754,Select7ccy,62.82,2.62days
09/10/2025 15:20:00,sell,0.03,AUDCHF,0.52934,10/10/2025 18:10:30,0.52377,0.00,-0.30,55.70,20.53,20.53,55.70,-3.77,-10.10,7754,Select7ccy,26.84,1.12days
08/10/2025 11:54:00,sell,0.01,AUDCHF,0.52558,10/10/2025 18:10:27,0.52369,0.00,-0.40,18.90,1.95,1.95,18.90,-6.23,-47.70,7754,Select7ccy,54.27,2.26days
09/10/2025 15:34:00,sell,0.03,AUDCAD,0.92119,10/10/2025 16:19:23,0.91698,0.00,-0.11,42.10,8.92,10.25,48.30,-0.73,-3.40,7754,Select7ccy,24.76,1.03days
08/10/2025 04:35:00,sell,0.01,AUDCAD,0.91655,10/10/2025 16:19:22,0.91699,0.00,-0.15,-4.40,-0.46,0.77,10.70,-3.68,-49.80,7754,Select7ccy,59.74,2.49days
10/10/2025 09:37:01,buy,0.03,CADJPY,108.76100,10/10/2025 15:40:02,109.08700,0.00,0.00,32.60,6.41,7.24,36.80,-0.20,-1.00,7754,Select7ccy,6.05,6.05hrs
08/10/2025 03:59:01,buy,0.01,CADJPY,109.16200,10/10/2025 15:40:01,109.08600,0.00,0.07,-7.60,-0.43,3.71,56.00,-2.62,-41.10,7754,Select7ccy,59.68,2.49days
09/10/2025 15:22:00,sell,0.03,AUDJPY,100.86200,09/10/2025 18:58:54,100.32500,0.00,0.00,53.70,10.53,11.67,59.50,-1.53,-7.80,7754,Select7ccy,3.62,3.62hrs
08/10/2025 04:40:00,sell,0.01,AUDJPY,100.04100,09/10/2025 18:58:53,100.32500,0.00,-0.20,-28.40,-2.06,0.62,9.40,-6.08,-89.90,7754,Select7ccy,38.31,1.60days
09/10/2025 09:21:09,sell,0.03,CADJPY,109.69500,09/10/2025 16:07:21,109.30100,0.00,0.00,39.40,7.76,7.76,39.40,-0.84,-4.30,7754,Select7ccy,6.77,6.77hrs
08/10/2025 05:41:03,sell,0.01,CADJPY,109.18100,09/10/2025 16:07:21,109.35000,0.00,-0.15,-16.90,-1.26,0.99,15.10,-3.79,-55.70,7754,Select7ccy,34.44,1.43days
06/10/2025 01:18:01,buy,0.01,AUDCAD,0.92056,08/10/2025 02:24:58,0.91846,0.00,0.02,-21.00,-1.49,2.49,34.70,-2.40,-33.80,7754,Select7ccy,49.12,2.05days
07/10/2025 14:27:01,sell,0.01,AUDCAD,0.91919,08/10/2025 02:24:57,0.91865,0.00,-0.04,5.40,0.35,0.74,10.30,-0.73,-10.20,7754,Select7ccy,11.97,11.97hrs
16/09/2025 17:34:15,sell,0.01,AUDCHF,0.52536,08/10/2025 02:24:57,0.52575,0.00,-2.21,-3.90,-2.70,4.25,39.30,-5.16,-28.20,7754,Select7ccy,512.85,21.37days
24/09/2025 10:12:02,buy,0.01,AUDCHF,0.52520,08/10/2025 02:24:56,0.52560,0.00,0.58,4.00,1.08,3.85,28.40,-4.32,-36.10,7754,Select7ccy,328.21,13.68days
07/10/2025 10:03:00,sell,0.01,AUDJPY,99.33100,08/10/2025 02:24:55,100.08400,0.00,-0.07,-75.30,-5.02,1.04,15.70,-5.28,-79.20,7754,Select7ccy,16.37,16.37hrs
06/10/2025 16:28:52,buy,0.01,AUDJPY,99.11400,08/10/2025 02:24:55,100.06900,0.00,0.04,95.50,6.33,6.58,99.40,-0.04,-0.60,7754,Select7ccy,33.93,1.41days
07/10/2025 21:34:00,sell,0.09,AUDJPY,99.97200,08/10/2025 02:24:54,100.08400,0.00,-0.60,-11.20,-7.23,3.97,6.70,-9.54,-15.10,7754,Select7ccy,4.85,4.85hrs
07/10/2025 19:35:01,sell,0.03,AUDJPY,99.64200,08/10/2025 02:24:54,100.08400,0.00,-0.20,-44.20,-8.92,0.00,0.00,-9.69,-48.10,7754,Select7ccy,6.83,6.83hrs
30/09/2025 11:51:02,buy,0.01,AUDNZD,1.13936,08/10/2025 02:24:53,1.13502,0.00,0.01,-43.40,-2.50,1.31,22.60,-4.94,-84.90,7754,Select7ccy,182.56,7.61days
02/10/2025 05:03:00,buy,0.03,AUDNZD,1.13449,08/10/2025 02:24:52,1.13502,0.00,0.01,5.30,0.94,1.84,10.50,-6.32,-36.20,7754,Select7ccy,141.36,5.89days
30/09/2025 14:57:00,sell,0.01,AUDNZD,1.14039,08/10/2025 02:24:52,1.13517,0.00,-0.25,52.20,2.78,4.83,86.20,-1.22,-21.10,7754,Select7ccy,179.46,7.48days
06/10/2025 00:01:21,sell,0.03,CADJPY,107.08800,08/10/2025 02:24:51,108.95900,0.00,-0.30,-187.10,-37.22,5.19,25.80,-38.03,-191.30,7754,Select7ccy,50.39,2.10days
02/10/2025 10:48:03,sell,0.01,CADJPY,105.54800,08/10/2025 02:24:51,108.95900,0.00,-0.20,-341.10,-22.64,2.24,32.90,-22.90,-345.30,7754,Select7ccy,135.61,5.65days
06/10/2025 16:25:03,buy,0.01,CADJPY,107.37900,08/10/2025 02:24:50,108.94400,0.00,0.04,156.50,10.33,10.60,160.60,-0.52,-7.80,7754,Select7ccy,34.00,1.42days
06/10/2025 05:03:01,sell,0.09,CADJPY,107.40000,08/10/2025 02:24:50,108.95900,0.00,-0.92,-155.90,-93.21,8.53,14.20,-95.66,-160.10,7754,Select7ccy,45.36,1.89days
07/10/2025 17:06:02,sell,0.27,CADJPY,108.27600,08/10/2025 02:24:49,108.96000,0.00,-1.37,-68.40,-122.84,8.05,4.50,-130.08,-72.50,7754,Select7ccy,9.31,9.31hrs
07/10/2025 21:40:01,sell,2.43,CADJPY,108.91000,08/10/2025 02:24:48,108.97000,0.00,-12.32,-6.00,-108.23,184.08,11.50,-157.71,-9.10,7754,Select7ccy,4.75,4.75hrs
07/10/2025 20:34:01,sell,0.81,CADJPY,108.58600,08/10/2025 02:24:48,108.95900,0.00,-4.11,-37.30,-202.83,0.00,0.00,-225.13,-41.50,7754,Select7ccy,5.85,5.85hrs
30/09/2025 15:02:00,buy,0.01,NZDUSD,0.57970,08/10/2025 02:24:47,0.57988,0.00,-0.25,1.80,-0.07,4.52,47.10,-1.13,-11.00,7754,Select7ccy,179.38,7.47days
29/09/2025 07:41:01,sell,0.03,AUDCAD,0.91464,07/10/2025 10:02:58,0.92044,0.00,-0.95,-58.00,-13.42,1.49,6.90,-21.40,-95.70,7754,Select7ccy,194.37,8.10days
06/10/2025 16:04:47,sell,0.27,AUDCAD,0.92288,07/10/2025 10:02:57,0.92044,0.00,-1.00,24.40,46.21,46.21,24.40,-25.72,-13.30,7754,Select7ccy,17.97,17.97hrs
30/09/2025 07:31:03,sell,0.09,AUDCAD,0.91792,07/10/2025 10:02:56,0.92044,0.00,-2.48,-25.20,-18.73,5.24,8.10,-42.70,-62.90,7754,Select7ccy,170.53,7.11days
25/09/2025 20:23:00,sell,0.01,AUDCAD,0.91061,07/10/2025 10:02:55,0.92044,0.00,-0.40,-98.30,-7.44,0.33,5.10,-10.10,-136.00,7754,Select7ccy,277.67,11.57days
06/10/2025 05:31:00,sell,0.27,AUDJPY,99.03000,07/10/2025 08:32:49,99.38300,0.00,-1.82,-35.30,-65.15,13.51,7.50,-117.28,-64.40,7754,Select7ccy,27.03,1.13days
06/10/2025 00:01:08,sell,0.03,AUDJPY,98.39000,07/10/2025 08:32:48,99.38000,0.00,-0.20,-99.00,-19.93,2.25,11.20,-25.78,-128.40,7754,Select7ccy,32.53,1.36days
07/10/2025 03:17:00,sell,0.81,AUDJPY,99.65800,07/10/2025 08:32:47,99.38000,0.00,0.00,27.80,149.62,149.62,27.80,-8.61,-1.60,7754,Select7ccy,5.26,5.26hrs
06/10/2025 03:20:00,sell,0.09,AUDJPY,98.71500,07/10/2025 08:32:46,99.38000,0.00,-0.61,-66.50,-40.38,0.72,1.20,-57.92,-95.90,7754,Select7ccy,29.21,1.22days
03/10/2025 05:33:01,sell,0.01,AUDJPY,97.34400,07/10/2025 08:32:45,99.37900,0.00,-0.14,-203.50,-13.66,0.90,13.30,-15.61,-233.00,7754,Select7ccy,99.00,4.12days
01/10/2025 17:05:00,buy,0.01,CADJPY,105.43900,06/10/2025 15:24:07,107.33200,0.00,0.09,189.30,12.72,15.78,235.90,-1.55,-23.50,7754,Select7ccy,118.32,4.93days
03/10/2025 08:46:01,buy,0.01,AUDJPY,97.36500,06/10/2025 15:24:03,98.88700,0.00,0.02,152.20,10.17,13.15,197.10,-1.15,-16.90,7754,Select7ccy,78.63,3.28days
29/09/2025 14:43:00,buy,0.01,AUDCAD,0.91458,06/10/2025 00:01:12,0.91827,0.00,0.06,36.90,2.71,6.05,83.80,-0.31,-4.30,7754,Select7ccy,153.30,6.39days
02/10/2025 12:39:11,buy,0.03,AUDJPY,97.00600,03/10/2025 05:32:06,97.34600,0.00,0.05,34.00,6.96,8.14,39.80,-2.82,-13.80,7754,Select7ccy,16.88,16.88hrs
22/09/2025 10:54:01,buy,0.01,AUDJPY,97.48200,03/10/2025 05:32:05,97.34600,0.00,0.24,-13.60,-0.68,4.91,71.70,-3.97,-61.40,7754,Select7ccy,258.63,10.78days
16/09/2025 07:05:00,sell,0.01,AUDJPY,98.03700,03/10/2025 04:06:11,97.31800,0.00,-1.34,71.90,3.53,6.60,115.40,-1.98,-17.90,7754,Select7ccy,405.02,16.88days
29/09/2025 06:30:00,sell,0.01,CADJPY,106.94400,02/10/2025 09:44:46,105.68500,0.00,-0.28,125.90,8.27,11.10,164.60,-0.46,-6.90,7754,Select7ccy,75.25,3.14days
29/09/2025 03:00:00,buy,0.01,CADJPY,107.20800,01/10/2025 13:26:11,105.65000,0.00,0.04,-155.80,-10.54,0.00,0.00,-10.82,-159.60,7754,Select7ccy,58.44,2.43days
29/09/2025 08:32:01,buy,0.03,CADJPY,106.90800,01/10/2025 13:26:05,105.65300,0.00,0.14,-125.50,-25.44,0.36,1.80,-26.32,-129.60,7754,Select7ccy,52.90,2.20days
30/09/2025 08:22:01,buy,0.09,CADJPY,106.59500,01/10/2025 13:25:59,105.64400,0.00,0.20,-95.10,-57.94,0.00,0.00,-60.00,-98.30,7754,Select7ccy,29.07,1.21days
30/09/2025 12:02:03,buy,0.27,CADJPY,106.29400,01/10/2025 13:25:51,105.64200,0.00,0.59,-65.20,-119.01,19.18,10.20,-124.72,-68.20,7754,Select7ccy,25.40,1.06days
01/10/2025 09:02:01,buy,0.81,CADJPY,105.98300,01/10/2025 13:25:46,105.64300,0.00,0.00,-34.00,-187.09,0.00,0.00,-204.49,-37.10,7754,Select7ccy,4.40,4.40hrs
01/10/2025 10:22:00,buy,2.43,CADJPY,105.68700,01/10/2025 13:25:42,105.64200,0.00,0.00,-4.50,-74.29,155.08,9.40,-124.02,-7.50,7754,Select7ccy,3.06,3.06hrs
29/09/2025 22:46:03,sell,0.09,AUDNZD,1.13829,30/09/2025 10:42:07,1.13664,0.00,-0.30,16.50,8.30,8.30,16.50,-16.34,-30.80,7754,Select7ccy,11.93,11.93hrs
19/09/2025 01:06:03,buy,0.01,AUDNZD,1.12411,30/09/2025 10:41:55,1.13601,0.00,-0.03,119.00,6.85,9.87,171.10,-0.76,-13.00,7754,Select7ccy,273.60,11.40days
25/09/2025 16:44:28,buy,0.27,NZDUSD,0.57814,30/09/2025 09:30:05,0.57989,0.00,-2.43,17.50,44.82,44.82,17.50,-74.76,-27.40,7754,Select7ccy,112.76,4.70days
24/09/2025 11:43:01,buy,0.03,NZDUSD,0.58438,30/09/2025 09:30:04,0.57988,0.00,-0.54,-45.00,-14.04,1.02,3.40,-27.29,-89.80,7754,Select7ccy,141.78,5.91days
24/09/2025 17:14:04,buy,0.09,NZDUSD,0.58128,30/09/2025 09:30:03,0.57990,0.00,-1.59,-13.80,-14.01,14.25,16.70,-53.96,-58.80,7754,Select7ccy,136.27,5.68days
19/09/2025 11:35:03,buy,0.01,NZDUSD,0.58747,30/09/2025 09:30:02,0.57987,0.00,-0.27,-76.00,-7.87,0.36,3.60,-12.28,-120.70,7754,Select7ccy,261.92,10.91days
18/09/2025 09:26:02,sell,0.01,AUDNZD,1.12087,29/09/2025 22:46:11,1.13844,0.00,-0.24,-175.70,-10.40,0.00,0.00,-10.40,-175.80,7754,Select7ccy,277.34,11.56days
18/09/2025 11:29:00,sell,0.03,AUDNZD,1.12519,29/09/2025 22:46:03,1.13843,0.00,-0.68,-132.40,-23.63,3.52,20.40,-23.67,-132.60,7754,Select7ccy,275.28,11.47days
24/09/2025 05:04:01,sell,0.09,AUDNZD,1.12852,29/09/2025 22:45:57,1.13845,0.00,-1.21,-99.30,-52.87,0.32,0.60,-52.87,-99.30,7754,Select7ccy,137.70,5.74days
25/09/2025 16:56:44,sell,0.27,AUDNZD,1.13375,29/09/2025 22:45:48,1.13844,0.00,-1.44,-46.90,-74.64,13.27,9.00,-74.79,-47.00,7754,Select7ccy,101.82,4.24days
29/09/2025 18:32:00,sell,0.81,AUDNZD,1.13683,29/09/2025 22:45:40,1.13841,0.00,0.00,-15.80,-73.97,0.94,0.20,-75.84,-16.20,7754,Select7ccy,4.23,4.23hrs
25/09/2025 17:03:28,buy,0.03,AUDCAD,0.91075,29/09/2025 09:41:08,0.91434,0.00,0.04,35.90,7.78,8.85,40.90,-2.37,-11.10,7754,Select7ccy,88.63,3.69days
23/09/2025 16:04:00,buy,0.01,AUDCAD,0.91381,29/09/2025 09:41:07,0.91434,0.00,0.05,5.30,0.43,2.71,37.40,-2.95,-41.70,7754,Select7ccy,137.62,5.73days
25/09/2025 18:26:01,sell,0.03,CADJPY,107.52300,29/09/2025 04:55:20,107.08700,0.00,-0.32,43.60,8.45,9.82,50.40,-2.08,-10.40,7754,Select7ccy,82.49,3.44days
18/09/2025 22:54:02,sell,0.01,CADJPY,107.21700,29/09/2025 04:55:19,107.08500,0.00,-0.48,13.20,0.40,4.41,67.60,-3.12,-41.00,7754,Select7ccy,246.02,10.25days
17/09/2025 23:08:36,buy,0.01,CADJPY,106.70100,29/09/2025 01:00:32,107.13100,0.00,0.23,43.00,3.11,6.26,91.00,-1.11,-18.10,7754,Select7ccy,265.87,11.08days
24/09/2025 04:39:01,sell,0.03,AUDCAD,0.91478,25/09/2025 17:05:48,0.91144,0.00,-0.36,33.40,6.84,8.05,39.00,-6.37,-29.40,7754,Select7ccy,36.45,1.52days
23/09/2025 00:13:13,sell,0.01,AUDCAD,0.91113,25/09/2025 17:05:47,0.91145,0.00,-0.16,-3.20,-0.39,0.59,8.20,-4.80,-65.90,7754,Select7ccy,64.88,2.70days
16/09/2025 16:39:06,buy,0.03,AUDCHF,0.52664,24/09/2025 09:03:13,0.52490,0.00,1.04,-17.40,-5.55,0.00,0.00,-19.57,-54.30,7754,Select7ccy,184.40,7.68days
22/09/2025 10:19:00,buy,0.09,AUDCHF,0.52319,24/09/2025 09:03:12,0.52489,0.00,0.78,17.00,20.09,20.09,17.00,-21.77,-19.80,7754,Select7ccy,46.74,1.95days
15/09/2025 01:05:01,buy,0.01,AUDCHF,0.52964,24/09/2025 09:03:11,0.52489,0.00,0.37,-47.50,-5.62,1.31,10.40,-10.30,-84.30,7754,Select7ccy,223.97,9.33days
19/09/2025 17:20:00,buy,0.03,AUDCAD,0.90981,23/09/2025 13:41:30,0.91316,0.00,0.04,33.50,7.31,8.61,39.50,-4.98,-23.00,7754,Select7ccy,92.36,3.85days
18/09/2025 19:16:00,buy,0.01,AUDCAD,0.91316,23/09/2025 13:41:28,0.91315,0.00,0.03,-0.10,0.02,0.46,6.00,-4.08,-56.50,7754,Select7ccy,114.42,4.77days
12/09/2025 00:01:01,sell,0.01,AUDCAD,0.92046,22/09/2025 20:43:30,0.91200,0.00,-0.27,84.60,5.85,8.96,127.30,-1.70,-23.50,7754,Select7ccy,260.71,10.86days
19/09/2025 07:06:01,buy,0.03,AUDJPY,97.45400,22/09/2025 07:12:08,97.77100,0.00,0.05,31.70,6.47,7.86,38.60,-3.80,-18.70,7754,Select7ccy,72.10,3.00days
17/09/2025 16:57:03,buy,0.01,AUDJPY,97.75800,22/09/2025 07:12:08,97.77100,0.00,0.10,1.30,0.19,2.27,32.60,-3.25,-49.10,7754,Select7ccy,110.25,4.59days
18/09/2025 09:58:01,buy,0.03,NZDUSD,0.58967,19/09/2025 10:34:20,0.58772,0.00,-0.10,-19.50,-5.95,5.10,17.00,-12.94,-42.80,7754,Select7ccy,24.61,1.03days
19/09/2025 09:35:01,buy,0.09,NZDUSD,0.58586,19/09/2025 10:34:19,0.58772,0.00,0.00,18.60,16.74,17.19,19.10,-4.23,-4.70,7754,Select7ccy,0.99,0.99hrs
18/09/2025 04:29:00,buy,0.01,NZDUSD,0.59296,19/09/2025 10:34:15,0.58772,0.00,-0.03,-52.40,-5.27,0.17,1.70,-7.60,-75.70,7754,Select7ccy,30.09,1.25days
11/09/2025 05:26:00,buy,0.01,AUDNZD,1.11398,19/09/2025 00:01:52,1.12131,0.00,-0.01,73.30,4.30,8.14,138.20,-0.56,-9.40,7754,Select7ccy,186.60,7.77days
18/09/2025 16:37:00,sell,0.09,CADJPY,107.35500,18/09/2025 20:12:24,107.15700,0.00,0.00,19.80,12.05,12.60,20.70,-2.92,-4.80,7754,Select7ccy,3.59,3.59hrs
18/09/2025 11:55:06,sell,0.03,CADJPY,107.04300,18/09/2025 20:12:23,107.15700,0.00,0.00,-11.40,-2.31,2.65,13.00,-7.29,-36.00,7754,Select7ccy,8.29,8.29hrs
16/09/2025 09:04:01,sell,0.01,CADJPY,106.72900,18/09/2025 20:12:23,107.15600,0.00,-0.24,-42.70,-3.13,4.78,70.40,-4.79,-67.40,7754,Select7ccy,59.14,2.46days
18/09/2025 07:58:02,buy,0.09,AUDCAD,0.91396,18/09/2025 13:00:32,0.91615,0.00,0.00,21.90,14.31,15.68,24.00,-7.50,-11.50,7754,Select7ccy,5.04,5.04hrs
17/09/2025 19:52:01,buy,0.03,AUDCAD,0.91697,18/09/2025 13:00:32,0.91617,0.00,0.03,-8.00,-1.71,6.99,32.00,-9.02,-41.60,7754,Select7ccy,17.14,17.14hrs
15/09/2025 03:01:00,buy,0.01,AUDCAD,0.92045,18/09/2025 13:00:31,0.91621,0.00,0.01,-42.40,-3.07,1.16,16.10,-5.53,-76.40,7754,Select7ccy,81.99,3.42days
18/09/2025 03:55:01,sell,0.81,AUDNZD,1.12266,18/09/2025 05:26:09,1.12088,0.00,0.00,17.80,85.57,85.57,17.80,-61.33,-12.80,7754,Select7ccy,1.52,1.52hrs
18/09/2025 01:50:01,sell,0.27,AUDNZD,1.11955,18/09/2025 05:26:08,1.12088,0.00,0.00,-13.30,-21.32,2.09,1.30,-70.12,-43.90,7754,Select7ccy,3.60,3.60hrs
10/09/2025 16:49:14,sell,0.03,AUDNZD,1.11286,18/09/2025 05:26:08,1.12088,0.00,-0.84,-80.20,-15.12,0.86,5.00,-20.50,-110.80,7754,Select7ccy,180.62,7.53days
12/09/2025 11:33:00,sell,0.09,AUDNZD,1.11629,18/09/2025 05:26:07,1.12088,0.00,-1.45,-45.90,-25.97,4.29,8.00,-42.18,-76.50,7754,Select7ccy,137.89,5.75days
09/09/2025 03:03:00,sell,0.01,AUDNZD,1.10952,18/09/2025 05:26:07,1.12092,0.00,-0.32,-114.00,-7.08,0.08,1.30,-8.85,-144.20,7754,Select7ccy,218.39,9.10days
17/09/2025 21:10:04,buy,0.03,CADJPY,106.00900,17/09/2025 22:06:22,106.50100,0.00,0.00,49.20,10.07,10.92,53.40,-0.02,-0.10,7754,Select7ccy,0.94,0.94hrs
09/09/2025 19:52:02,buy,0.01,CADJPY,106.44400,17/09/2025 22:06:22,106.50200,0.00,0.16,5.80,0.55,4.57,65.30,-2.83,-43.60,7754,Select7ccy,194.24,8.09days
10/09/2025 05:45:00,buy,0.01,NZDUSD,0.59354,17/09/2025 21:41:49,0.59734,0.00,-0.22,38.00,3.58,6.36,65.80,-1.39,-12.90,7754,Select7ccy,183.95,7.66days
17/09/2025 13:04:03,buy,0.09,AUDJPY,97.58200,17/09/2025 15:32:26,97.78600,0.00,0.00,20.40,12.54,13.09,21.30,-2.65,-4.30,7754,Select7ccy,2.47,2.47hrs
16/09/2025 10:15:06,buy,0.03,AUDJPY,97.88600,17/09/2025 15:32:26,97.78600,0.00,0.06,-10.00,-1.99,4.59,22.50,-7.06,-34.70,7754,Select7ccy,29.29,1.22days
15/09/2025 01:07:27,buy,0.01,AUDJPY,98.22400,17/09/2025 15:32:25,97.78600,0.00,0.04,-43.80,-2.95,0.93,13.40,-4.64,-68.50,7754,Select7ccy,62.42,2.60days
10/09/2025 06:27:01,sell,0.03,AUDCHF,0.52634,16/09/2025 16:26:47,0.52721,0.00,-1.79,-8.70,-5.10,0.00,0.00,-18.67,-46.40,7754,Select7ccy,154.00,6.42days
11/09/2025 18:29:23,sell,0.09,AUDCHF,0.52937,16/09/2025 16:26:46,0.52721,0.00,-2.69,21.60,21.92,23.06,22.60,-19.08,-16.10,7754,Select7ccy,117.96,4.91days
08/09/2025 05:14:00,sell,0.01,AUDCHF,0.52316,16/09/2025 16:26:46,0.52720,0.00,-0.80,-40.40,-5.91,0.67,5.90,-10.42,-78.20,7754,Select7ccy,203.21,8.47days
15/09/2025 22:24:00,sell,0.09,CADJPY,106.97600,16/09/2025 07:36:28,106.77400,0.00,-0.53,20.20,11.83,11.83,21.30,-9.01,-13.90,7754,Select7ccy,9.21,9.21hrs
12/09/2025 11:11:00,sell,0.03,CADJPY,106.67500,16/09/2025 07:36:27,106.77300,0.00,-0.35,-9.80,-2.35,3.66,18.80,-9.30,-44.00,7754,Select7ccy,92.42,3.85days
09/09/2025 19:12:54,sell,0.01,CADJPY,106.37400,16/09/2025 07:36:27,106.77400,0.00,-0.41,-40.00,-3.13,0.77,14.70,-5.43,-74.10,7754,Select7ccy,156.39,6.52days
11/09/2025 17:59:11,sell,0.27,AUDJPY,97.85200,16/09/2025 05:22:45,98.08900,0.00,-5.63,-23.70,-49.12,0.00,0.00,-106.42,-57.30,7754,Select7ccy,107.39,4.47days
08/09/2025 01:39:02,sell,0.03,AUDJPY,97.13800,16/09/2025 05:22:45,98.09000,0.00,-1.65,-95.20,-21.06,5.76,29.10,-27.33,-128.70,7754,Select7ccy,195.73,8.16days
15/09/2025 22:58:00,sell,0.81,AUDJPY,98.33500,16/09/2025 05:22:44,98.09000,0.00,-5.82,24.50,129.05,129.05,24.50,-30.54,-4.50,7754,Select7ccy,6.41,6.41hrs
10/09/2025 09:01:01,sell,0.09,AUDJPY,97.45800,16/09/2025 05:22:43,98.09000,0.00,-3.72,-63.20,-42.38,8.24,13.50,-61.28,-96.70,7754,Select7ccy,140.36,5.85days
05/09/2025 20:32:00,sell,0.01,AUDJPY,96.51800,16/09/2025 05:22:43,98.09000,0.00,-0.62,-157.20,-11.31,0.00,0.00,-13.37,-190.70,7754,Select7ccy,248.85,10.37days
08/09/2025 03:57:00,buy,0.01,AUDCAD,0.90741,15/09/2025 00:06:52,0.91822,0.00,0.01,108.10,7.83,10.97,151.70,-0.46,-6.40,7754,Select7ccy,164.16,6.84days
08/09/2025 01:10:01,buy,0.01,AUDJPY,97.04500,15/09/2025 00:06:25,97.93900,0.00,0.13,89.40,6.19,9.32,136.30,-1.47,-21.80,7754,Select7ccy,166.94,6.96days
25/08/2025 19:28:02,buy,0.01,AUDCHF,0.52259,15/09/2025 00:01:50,0.52814,0.00,0.86,55.50,7.84,11.12,82.10,-2.33,-19.40,7754,Select7ccy,484.56,20.19days
05/09/2025 20:44:08,sell,0.01,AUDCAD,0.90748,11/09/2025 22:20:12,0.92177,0.00,-0.21,-142.90,-10.54,0.78,11.40,-10.55,-143.10,7754,Select7ccy,145.60,6.07days
09/09/2025 08:08:00,sell,0.03,AUDCAD,0.91214,11/09/2025 22:20:01,0.92177,0.00,-0.39,-96.30,-21.27,2.60,12.00,-21.31,-96.50,7754,Select7ccy,62.20,2.59days
10/09/2025 07:59:00,sell,0.09,AUDCAD,0.91517,11/09/2025 22:19:50,0.92175,0.00,-0.86,-65.80,-43.66,6.88,10.60,-43.92,-66.20,7754,Select7ccy,38.35,1.60days
11/09/2025 16:04:01,sell,0.27,AUDCAD,0.91829,11/09/2025 22:19:44,0.92176,0.00,0.00,-34.70,-67.71,6.82,3.50,-68.29,-35.00,7754,Select7ccy,6.26,6.26hrs
11/09/2025 19:21:15,sell,0.81,AUDCAD,0.92129,11/09/2025 22:19:39,0.92176,0.00,0.00,-4.70,-27.51,18.15,3.10,-29.27,-5.00,7754,Select7ccy,2.97,2.97hrs
08/09/2025 16:53:00,buy,0.03,AUDNZD,1.10959,11/09/2025 04:24:45,1.11304,0.00,0.00,34.50,6.14,7.43,41.70,-2.81,-15.80,7754,Select7ccy,59.53,2.48days
08/09/2025 05:58:00,buy,0.01,AUDNZD,1.11276,11/09/2025 04:24:44,1.11302,0.00,0.00,2.60,0.15,0.59,10.00,-2.82,-47.50,7754,Select7ccy,70.45,2.94days
09/09/2025 11:31:04,buy,0.09,CADJPY,106.21200,09/09/2025 18:06:02,106.46500,0.00,0.00,25.30,15.47,16.87,27.60,-12.42,-20.20,7754,Select7ccy,6.58,6.58hrs
09/09/2025 08:37:01,buy,0.03,CADJPY,106.51600,09/09/2025 18:06:01,106.46500,0.00,0.00,-5.10,-1.04,3.20,15.70,-10.38,-50.60,7754,Select7ccy,9.48,9.48hrs
08/09/2025 01:10:04,buy,0.01,CADJPY,107.04200,09/09/2025 18:06:00,106.46700,0.00,0.02,-57.50,-3.88,1.87,27.80,-7.03,-103.20,7754,Select7ccy,40.93,1.71days
28/08/2025 01:04:04,buy,0.01,NZDUSD,0.58580,09/09/2025 18:04:07,0.59273,0.00,-0.30,69.30,6.63,9.72,100.20,-2.74,-25.30,7754,Select7ccy,305.00,12.71days
08/09/2025 02:09:02,sell,0.01,CADJPY,107.13200,09/09/2025 18:01:34,106.46900,0.00,-0.06,66.30,4.45,7.48,110.30,-1.38,-20.50,7754,Select7ccy,39.88,1.66days
03/09/2025 04:31:01,sell,0.09,AUDNZD,1.11264,08/09/2025 16:57:27,1.10966,0.00,-1.26,29.80,14.67,15.26,30.90,-20.59,-37.20,7754,Select7ccy,132.44,5.52days
26/08/2025 05:08:00,sell,0.03,AUDNZD,1.10944,08/09/2025 16:57:27,1.10969,0.00,-1.18,-2.50,-1.62,3.07,20.50,-13.24,-69.20,7754,Select7ccy,323.82,13.49days
21/08/2025 02:28:02,sell,0.01,AUDNZD,1.10420,08/09/2025 16:57:26,1.10968,0.00,-0.46,-54.80,-3.72,0.90,15.50,-7.54,-121.60,7754,Select7ccy,446.49,18.60days
06/08/2025 10:03:03,buy,0.01,AUDNZD,1.09662,08/09/2025 00:31:10,1.11007,0.00,0.00,134.50,7.92,11.04,189.20,-2.61,-43.80,7754,Select7ccy,782.47,32.60days
05/09/2025 17:35:01,buy,0.03,AUDJPY,96.51000,08/09/2025 00:08:58,97.01300,0.00,0.05,50.30,10.24,10.24,50.30,-2.51,-12.30,7754,Select7ccy,54.57,2.27days
03/09/2025 22:33:00,buy,0.01,AUDJPY,96.87100,08/09/2025 00:08:57,97.01400,0.00,0.09,14.30,1.05,1.05,14.30,-3.22,-48.40,7754,Select7ccy,97.60,4.07days
05/09/2025 15:31:06,buy,0.03,CADJPY,106.80500,08/09/2025 00:08:48,107.05300,0.00,0.05,24.80,5.07,5.07,24.80,-11.42,-55.90,7754,Select7ccy,56.63,2.36days
05/09/2025 17:04:07,buy,0.09,CADJPY,106.47400,08/09/2025 00:08:47,107.05200,0.00,0.16,57.80,35.27,35.27,57.80,-13.97,-22.80,7754,Select7ccy,55.08,2.29days
02/09/2025 18:13:02,buy,0.01,CADJPY,107.44100,08/09/2025 00:08:47,107.07200,0.00,0.11,-36.90,-2.38,3.88,57.60,-8.04,-119.50,7754,Select7ccy,125.93,5.25days
25/08/2025 06:01:01,buy,0.01,AUDCAD,0.89719,08/09/2025 00:07:19,0.90544,0.00,0.12,82.50,6.09,8.97,122.30,-1.44,-20.20,7754,Select7ccy,330.11,13.75days
02/09/2025 20:12:00,sell,0.01,CADJPY,107.60200,05/09/2025 23:40:17,106.62100,0.00,-0.29,98.10,6.37,8.83,134.00,-2.99,-43.70,7754,Select7ccy,75.47,3.14days
03/09/2025 15:58:01,sell,0.03,AUDCHF,0.52647,05/09/2025 17:53:15,0.52346,0.00,-1.21,30.10,10.11,11.19,33.00,-2.07,-3.10,7754,Select7ccy,49.92,2.08days
02/09/2025 14:58:02,sell,0.01,AUDCHF,0.52326,05/09/2025 17:53:15,0.52346,0.00,-0.50,-2.00,-0.75,1.30,10.50,-4.78,-35.20,7754,Select7ccy,74.92,3.12days
03/09/2025 03:54:01,sell,0.03,AUDJPY,96.87600,05/09/2025 17:52:38,96.46000,0.00,-0.84,41.60,7.64,8.81,47.30,-8.37,-41.50,7754,Select7ccy,61.98,2.58days
02/09/2025 17:21:00,sell,0.01,AUDJPY,96.53000,05/09/2025 17:52:38,96.46100,0.00,-0.35,6.90,0.12,0.51,12.70,-5.19,-76.10,7754,Select7ccy,72.53,3.02days
05/09/2025 16:37:01,sell,0.81,AUDCAD,0.90864,05/09/2025 17:39:17,0.90689,0.00,0.00,17.50,102.44,102.44,17.50,-56.89,-9.70,7754,Select7ccy,1.04,1.04hrs
22/08/2025 18:06:04,sell,0.03,AUDCAD,0.89872,05/09/2025 17:39:16,0.90688,0.00,-1.61,-81.60,-19.30,6.89,33.40,-25.27,-108.90,7754,Select7ccy,335.55,13.98days
05/09/2025 15:31:09,sell,0.27,AUDCAD,0.90508,05/09/2025 17:39:15,0.90690,0.00,0.00,-18.20,-35.51,0.00,0.00,-88.57,-45.30,7754,Select7ccy,2.13,2.13hrs
03/09/2025 14:44:02,sell,0.09,AUDCAD,0.90182,05/09/2025 17:39:14,0.90690,0.00,-1.35,-50.80,-34.39,12.72,21.10,-52.12,-77.90,7754,Select7ccy,50.92,2.12days
19/08/2025 10:37:00,sell,0.01,AUDCAD,0.89547,05/09/2025 17:39:14,0.90691,0.00,-0.70,-114.40,-8.96,3.40,49.00,-10.94,-141.40,7754,Select7ccy,415.04,17.29days
26/08/2025 05:08:03,buy,0.01,AUDJPY,95.52200,03/09/2025 20:45:42,96.82100,0.00,0.15,129.90,8.93,11.90,174.70,0.00,0.00,7754,Select7ccy,207.63,8.65days
02/09/2025 10:12:01,sell,0.81,CADJPY,107.69700,02/09/2025 17:07:21,107.50200,0.00,0.00,19.50,106.60,106.60,19.50,-140.50,-25.80,7754,Select7ccy,6.92,6.92hrs
25/08/2025 04:30:00,buy,0.01,CADJPY,106.53200,02/09/2025 17:07:21,107.48800,0.00,0.15,95.60,6.61,9.60,140.60,-0.92,-13.80,7754,Select7ccy,204.62,8.53days
02/09/2025 06:36:00,sell,0.27,CADJPY,107.38500,02/09/2025 17:07:20,107.51000,0.00,0.00,-12.50,-22.78,0.00,0.00,-103.47,-57.00,7754,Select7ccy,10.52,10.52hrs
29/08/2025 14:11:00,sell,0.09,CADJPY,107.08100,02/09/2025 17:07:20,107.50400,0.00,-1.00,-42.30,-26.69,14.52,24.50,-53.89,-87.40,7754,Select7ccy,98.94,4.12days
27/08/2025 06:15:14,sell,0.03,CADJPY,106.78000,02/09/2025 17:07:19,107.51000,0.00,-1.01,-73.00,-15.79,1.26,7.30,-24.71,-117.50,7754,Select7ccy,154.87,6.45days
22/08/2025 18:14:00,sell,0.01,CADJPY,106.00900,02/09/2025 17:07:18,107.51000,0.00,-0.53,-150.10,-10.66,0.06,0.90,-13.61,-194.60,7754,Select7ccy,262.89,10.95days
01/09/2025 12:57:00,sell,0.03,AUDJPY,96.43900,02/09/2025 15:55:04,96.54800,0.00,-0.21,-10.90,-2.41,0.80,3.90,-8.83,-42.60,7754,Select7ccy,26.97,1.12days
02/09/2025 09:14:00,sell,0.09,AUDJPY,96.75300,02/09/2025 15:55:03,96.54500,0.00,0.00,20.80,12.58,12.58,20.80,-6.80,-11.20,7754,Select7ccy,6.68,6.68hrs
01/09/2025 08:49:00,sell,0.01,AUDJPY,96.13500,02/09/2025 15:55:03,96.54400,0.00,-0.07,-40.90,-2.81,0.34,5.00,-4.99,-73.00,7754,Select7ccy,31.10,1.30days
25/08/2025 19:14:01,sell,0.03,AUDCHF,0.52226,02/09/2025 10:30:24,0.52325,0.00,-2.40,-9.90,-6.10,4.73,14.30,-14.61,-32.60,7754,Select7ccy,183.27,7.64days
01/09/2025 18:55:02,sell,0.09,AUDCHF,0.52526,02/09/2025 10:30:23,0.52327,0.00,-0.90,19.90,21.41,21.41,19.90,-3.82,-2.60,7754,Select7ccy,15.59,15.59hrs
21/08/2025 22:28:00,sell,0.01,AUDCHF,0.51923,02/09/2025 10:30:22,0.52325,0.00,-1.00,-40.20,-6.00,0.18,2.30,-8.85,-62.90,7754,Select7ccy,276.04,11.50days
01/09/2025 03:06:00,sell,0.81,AUDJPY,96.36400,01/09/2025 06:00:30,96.18100,0.00,0.00,18.30,100.91,100.91,18.30,-28.06,-5.10,7754,Select7ccy,2.91,2.91hrs
21/08/2025 14:00:00,sell,0.03,AUDJPY,95.03900,01/09/2025 06:00:30,96.18300,0.00,-1.89,-114.40,-25.25,3.63,17.90,-29.93,-137.60,7754,Select7ccy,256.01,10.67days
28/08/2025 16:10:00,sell,0.27,AUDJPY,96.06400,01/09/2025 06:00:29,96.18100,0.00,-3.86,-11.70,-25.37,35.34,19.20,-68.22,-35.10,7754,Select7ccy,85.84,3.58days
25/08/2025 09:20:14,sell,0.09,AUDJPY,95.71400,01/09/2025 06:00:27,96.18200,0.00,-4.48,-46.80,-33.15,8.69,15.30,-47.33,-70.10,7754,Select7ccy,164.67,6.86days
21/08/2025 00:53:19,sell,0.01,AUDJPY,94.70200,01/09/2025 06:00:17,96.18400,0.00,-0.63,-148.20,-10.72,0.75,11.00,-12.26,-171.30,7754,Select7ccy,269.12,11.21days
27/08/2025 11:32:05,buy,0.03,NZDUSD,0.58276,27/08/2025 20:34:06,0.58591,0.00,0.00,31.50,9.45,10.62,35.40,-2.79,-9.30,7754,Select7ccy,9.03,9.03hrs
27/08/2025 01:05:05,buy,0.01,NZDUSD,0.58610,27/08/2025 20:34:06,0.58591,0.00,0.00,-1.90,-0.19,0.21,2.10,-4.27,-42.70,7754,Select7ccy,19.48,19.48hrs
26/08/2025 06:24:01,buy,0.03,NZDUSD,0.58340,26/08/2025 19:34:08,0.58620,0.00,0.00,28.00,8.40,9.78,32.60,-1.53,-5.10,7754,Select7ccy,13.17,13.17hrs
22/08/2025 18:06:00,buy,0.01,NZDUSD,0.58743,26/08/2025 19:34:07,0.58620,0.00,-0.06,-12.30,-1.29,0.41,4.40,-4.60,-45.40,7754,Select7ccy,97.47,4.06days
21/08/2025 13:42:00,buy,0.01,AUDJPY,95.01400,26/08/2025 03:32:38,95.49700,0.00,0.06,48.30,3.34,6.30,92.40,-1.15,-17.00,7754,Select7ccy,109.84,4.58days
18/08/2025 17:38:01,buy,0.03,AUDCHF,0.52362,25/08/2025 08:17:15,0.52125,0.00,0.91,-23.70,-7.94,3.07,7.90,-27.88,-76.40,7754,Select7ccy,158.65,6.61days
20/08/2025 11:31:00,buy,0.09,AUDCHF,0.51945,25/08/2025 08:17:14,0.52125,0.00,1.95,18.00,22.12,22.35,18.20,-37.71,-34.70,7754,Select7ccy,116.77,4.87days
12/08/2025 13:12:01,buy,0.01,AUDCHF,0.52663,25/08/2025 08:17:14,0.52125,0.00,0.58,-53.80,-6.12,2.37,17.50,-12.76,-106.50,7754,Select7ccy,307.09,12.80days
22/08/2025 17:20:00,buy,0.03,CADJPY,106.01500,25/08/2025 03:15:57,106.50000,0.00,0.05,48.50,9.92,11.16,54.60,-0.66,-3.20,7754,Select7ccy,57.93,2.41days
21/08/2025 12:29:03,buy,0.01,CADJPY,106.37900,25/08/2025 03:15:56,106.49900,0.00,0.04,12.00,0.85,3.57,52.80,-2.68,-39.60,7754,Select7ccy,86.78,3.62days
21/08/2025 17:46:02,sell,0.03,CADJPY,106.63400,22/08/2025 17:13:12,106.22900,0.00,-0.17,40.50,8.08,9.36,46.80,-6.04,-29.10,7754,Select7ccy,23.45,23.45hrs
21/08/2025 12:15:02,sell,0.01,CADJPY,106.29900,22/08/2025 17:13:11,106.22300,0.00,-0.06,7.60,0.46,0.84,13.30,-4.27,-62.60,7754,Select7ccy,28.97,1.21days
20/08/2025 05:32:01,buy,0.27,NZDUSD,0.58267,22/08/2025 17:01:26,0.58458,0.00,-2.76,19.10,48.81,48.81,19.10,-75.93,-27.10,7754,Select7ccy,59.49,2.48days
20/08/2025 05:01:02,buy,0.09,NZDUSD,0.58612,22/08/2025 17:01:25,0.58474,0.00,-0.92,-13.80,-13.34,0.00,0.00,-56.36,-61.60,7754,Select7ccy,60.01,2.50days
19/08/2025 18:03:01,buy,0.03,NZDUSD,0.59064,22/08/2025 17:01:25,0.58463,0.00,-0.39,-60.10,-18.42,0.00,0.00,-32.43,-106.80,7754,Select7ccy,70.97,2.96days
18/08/2025 11:24:01,buy,0.01,NZDUSD,0.59389,22/08/2025 17:01:24,0.58476,0.00,-0.17,-91.30,-9.30,0.26,2.60,-14.10,-139.30,7754,Select7ccy,101.62,4.23days
20/08/2025 05:20:00,buy,0.03,AUDCAD,0.89311,22/08/2025 17:00:57,0.89647,0.00,0.04,33.60,7.30,7.30,33.60,-5.91,-27.50,7754,Select7ccy,59.68,2.49days
14/08/2025 17:38:00,buy,0.01,AUDCAD,0.89691,22/08/2025 17:00:55,0.89654,0.00,0.03,-3.70,-0.23,2.39,32.80,-4.69,-65.50,7754,Select7ccy,191.38,7.97days
12/08/2025 10:27:00,sell,0.01,AUDCHF,0.52673,21/08/2025 17:04:01,0.51874,0.00,-1.11,79.90,8.79,11.91,102.20,-2.67,-18.20,7754,Select7ccy,222.62,9.28days
20/08/2025 16:55:00,buy,0.27,AUDJPY,94.62400,21/08/2025 12:38:06,94.91100,0.00,1.38,28.70,53.86,53.86,28.70,-42.65,-23.20,7754,Select7ccy,19.72,19.72hrs
19/08/2025 17:08:01,buy,0.03,AUDJPY,95.60100,21/08/2025 12:38:06,94.91100,0.00,0.20,-69.00,-13.82,0.02,0.10,-24.64,-120.90,7754,Select7ccy,43.50,1.81days
19/08/2025 20:05:01,buy,0.09,AUDJPY,95.27800,21/08/2025 12:38:05,94.91100,0.00,0.61,-36.70,-21.75,4.60,7.30,-54.14,-88.60,7754,Select7ccy,40.55,1.69days
14/08/2025 19:22:06,buy,0.01,AUDJPY,95.90200,21/08/2025 12:38:04,94.90800,0.00,0.13,-99.40,-6.60,1.98,28.70,-10.20,-151.00,7754,Select7ccy,161.27,6.72days
20/08/2025 16:55:03,buy,0.09,CADJPY,106.08600,21/08/2025 11:26:54,106.33800,0.00,0.49,25.20,15.86,17.14,27.30,-9.07,-14.80,7754,Select7ccy,18.53,18.53hrs
19/08/2025 17:09:03,buy,0.03,CADJPY,106.61500,21/08/2025 11:26:54,106.33800,0.00,0.21,-27.70,-5.42,1.40,6.90,-13.78,-67.70,7754,Select7ccy,42.30,1.76days
14/08/2025 17:46:00,buy,0.01,CADJPY,106.94700,21/08/2025 11:26:53,106.33900,0.00,0.13,-60.80,-3.99,1.72,24.50,-6.79,-100.90,7754,Select7ccy,161.68,6.74days
13/08/2025 14:54:00,sell,0.01,CADJPY,107.12800,21/08/2025 10:00:57,106.36900,0.00,-0.58,75.90,4.57,7.54,116.80,-0.93,-8.60,7754,Select7ccy,187.12,7.80days
19/08/2025 10:32:00,sell,0.01,AUDJPY,95.78800,20/08/2025 23:40:03,94.85100,0.00,-0.07,93.70,6.28,9.28,137.40,-1.21,-17.90,7754,Select7ccy,37.13,1.55days
20/08/2025 10:37:01,sell,0.81,AUDNZD,1.10673,20/08/2025 11:22:37,1.10500,0.00,0.00,17.30,81.60,81.60,17.30,-8.95,-1.90,7754,Select7ccy,0.76,0.76hrs
05/08/2025 09:41:02,sell,0.03,AUDNZD,1.09669,20/08/2025 11:22:37,1.10502,0.00,-1.23,-83.30,-15.78,5.98,35.80,-19.09,-102.30,7754,Select7ccy,361.69,15.07days
20/08/2025 05:31:00,sell,0.27,AUDNZD,1.10371,20/08/2025 11:22:36,1.10500,0.00,0.00,-12.90,-20.28,9.14,5.80,-50.43,-32.10,7754,Select7ccy,5.86,5.86hrs
20/08/2025 05:05:00,sell,0.09,AUDNZD,1.10022,20/08/2025 11:22:35,1.10500,0.00,0.00,-47.80,-25.05,0.00,0.00,-35.09,-67.00,7754,Select7ccy,6.29,6.29hrs
17/07/2025 10:08:01,sell,0.01,AUDNZD,1.09334,20/08/2025 11:22:35,1.10508,0.00,-0.84,-117.40,-7.67,1.59,28.00,-8.74,-135.80,7754,Select7ccy,817.24,34.05days
12/08/2025 18:43:00,sell,0.03,AUDCAD,0.89936,19/08/2025 09:16:02,0.89557,0.00,-0.82,37.90,7.42,8.65,43.60,-7.88,-33.90,7754,Select7ccy,158.55,6.61days
28/07/2025 11:04:01,sell,0.01,AUDCAD,0.89563,19/08/2025 09:16:01,0.89557,0.00,-0.86,0.60,-0.82,5.16,72.40,-5.93,-71.20,7754,Select7ccy,526.20,21.93days
18/08/2025 04:21:01,sell,0.03,AUDJPY,96.14800,19/08/2025 09:04:21,95.72100,0.00,-0.20,42.70,8.48,9.29,46.70,-1.16,-5.70,7754,Select7ccy,28.72,1.20days
14/08/2025 18:58:00,sell,0.01,AUDJPY,95.83900,19/08/2025 09:04:20,95.71900,0.00,-0.21,12.00,0.60,1.99,30.30,-2.62,-36.60,7754,Select7ccy,110.11,4.59days
14/08/2025 18:46:02,buy,0.03,NZDUSD,0.59128,18/08/2025 08:56:32,0.59366,0.00,-0.16,23.80,6.98,8.21,27.90,-1.40,-4.40,7754,Select7ccy,86.17,3.59days
11/08/2025 13:05:01,buy,0.01,NZDUSD,0.59438,18/08/2025 08:56:31,0.59367,0.00,-0.20,-7.10,-0.91,4.93,49.90,-3.71,-35.40,7754,Select7ccy,163.86,6.83days
14/08/2025 03:55:00,buy,0.03,AUDJPY,96.08000,14/08/2025 18:19:51,95.94800,0.00,0.00,-13.20,-2.68,2.40,11.70,-11.31,-55.20,7754,Select7ccy,14.41,14.41hrs
14/08/2025 09:23:00,buy,0.09,AUDJPY,95.76700,14/08/2025 18:19:50,95.94700,0.00,0.00,18.00,10.97,10.97,18.00,-14.69,-23.90,7754,Select7ccy,8.95,8.95hrs
12/08/2025 09:52:01,buy,0.01,AUDJPY,96.38800,14/08/2025 18:19:49,95.95100,0.00,0.08,-43.70,-2.88,2.27,33.30,-5.79,-86.00,7754,Select7ccy,56.46,2.35days
12/08/2025 18:46:00,sell,0.01,AUDJPY,96.50400,14/08/2025 17:47:47,95.96900,0.00,-0.29,53.50,3.33,6.24,95.60,-1.68,-23.90,7754,Select7ccy,47.03,1.96days
14/08/2025 04:14:00,buy,0.09,CADJPY,106.52500,14/08/2025 16:39:48,106.72700,0.00,0.00,20.20,12.35,13.75,22.50,-16.65,-27.10,7754,Select7ccy,12.43,12.43hrs
13/08/2025 17:52:01,buy,0.03,CADJPY,106.88200,14/08/2025 16:39:47,106.72600,0.00,0.17,-15.60,-3.00,5.19,25.50,-12.70,-62.80,7754,Select7ccy,22.80,22.80hrs
07/08/2025 15:57:00,buy,0.01,CADJPY,107.22500,14/08/2025 16:39:47,106.72900,0.00,0.14,-49.60,-3.23,3.52,51.40,-6.49,-97.10,7754,Select7ccy,168.71,7.03days
31/07/2025 06:31:00,buy,0.01,AUDCAD,0.89236,14/08/2025 15:30:02,0.89781,0.00,0.12,54.50,4.07,7.56,102.20,-2.50,-34.60,7754,Select7ccy,344.98,14.37days
11/08/2025 22:58:00,sell,0.03,CADJPY,107.53700,13/08/2025 12:19:43,107.03400,0.00,-0.34,50.30,9.91,10.93,55.30,-4.72,-22.50,7754,Select7ccy,37.36,1.56days
11/08/2025 15:22:00,sell,0.01,CADJPY,107.23400,13/08/2025 12:19:42,107.03500,0.00,-0.12,19.90,1.23,1.58,25.00,-3.62,-52.80,7754,Select7ccy,44.96,1.87days
12/08/2025 03:15:00,sell,0.03,AUDJPY,96.61800,12/08/2025 16:12:31,96.29700,0.00,0.00,32.10,6.50,7.84,38.70,-4.41,-21.80,7754,Select7ccy,12.96,12.96hrs
11/08/2025 14:39:00,sell,0.01,AUDJPY,96.30700,12/08/2025 16:12:30,96.30100,0.00,-0.07,0.60,-0.03,0.97,14.40,-3.63,-52.90,7754,Select7ccy,25.56,1.06days
04/08/2025 06:50:00,buy,0.01,AUDJPY,95.75800,12/08/2025 08:19:24,96.36300,0.00,0.16,60.50,4.24,7.30,106.00,-5.77,-84.80,7754,Select7ccy,193.49,8.06days
04/08/2025 09:40:01,buy,0.01,AUDCHF,0.52324,12/08/2025 08:16:23,0.52695,0.00,0.34,37.10,4.92,7.90,61.80,-2.29,-18.80,7754,Select7ccy,190.61,7.94days
11/08/2025 18:34:01,sell,0.09,AUDCHF,0.52918,12/08/2025 08:11:01,0.52740,0.00,-0.92,17.80,18.84,18.84,17.80,-10.55,-8.70,7754,Select7ccy,13.62,13.62hrs
07/08/2025 11:01:00,sell,0.03,AUDCHF,0.52605,12/08/2025 08:11:01,0.52739,0.00,-0.93,-13.40,-5.89,5.57,15.00,-15.69,-40.00,7754,Select7ccy,117.17,4.88days
30/07/2025 15:03:00,sell,0.01,AUDCHF,0.52288,12/08/2025 08:11:00,0.52742,0.00,-1.32,-45.40,-6.92,3.51,31.50,-10.14,-71.70,7754,Select7ccy,305.13,12.71days
08/08/2025 12:58:07,sell,0.03,CADJPY,107.57200,11/08/2025 11:08:57,107.10200,0.00,-0.17,47.00,9.40,10.86,54.20,-2.48,-12.20,7754,Select7ccy,70.18,2.92days
04/08/2025 06:07:13,sell,0.01,CADJPY,107.22600,11/08/2025 11:08:57,107.09800,0.00,-0.41,12.80,0.46,4.52,67.20,-3.52,-46.80,7754,Select7ccy,173.03,7.21days
08/08/2025 12:56:10,sell,0.09,AUDJPY,96.32300,11/08/2025 10:49:56,96.09400,0.00,-0.66,22.90,13.32,14.85,25.40,-11.99,-19.70,7754,Select7ccy,69.90,2.91days
06/08/2025 13:52:01,sell,0.03,AUDJPY,95.98400,11/08/2025 10:49:55,96.09500,0.00,-1.10,-11.10,-3.36,7.11,34.90,-11.75,-53.60,7754,Select7ccy,116.97,4.87days
04/08/2025 05:07:18,sell,0.01,AUDJPY,95.68400,11/08/2025 10:49:55,96.09300,0.00,-0.50,-40.90,-3.27,5.15,75.70,-6.08,-83.60,7754,Select7ccy,173.71,7.24days
01/08/2025 18:48:02,buy,0.01,NZDUSD,0.59092,11/08/2025 10:06:07,0.59410,0.00,-0.17,31.80,3.01,6.00,61.50,-2.84,-28.00,7754,Select7ccy,231.30,9.64days
07/08/2025 10:49:03,buy,0.03,CADJPY,106.91500,07/08/2025 13:55:41,107.29400,0.00,0.00,37.90,7.72,8.96,44.00,-0.31,-1.50,7754,Select7ccy,3.11,3.11hrs
04/08/2025 10:05:01,buy,0.01,CADJPY,107.31100,07/08/2025 13:55:41,107.29400,0.00,0.09,-1.70,-0.03,1.32,18.10,-5.30,-78.00,7754,Select7ccy,75.84,3.16days
17/07/2025 10:08:03,buy,0.03,AUDNZD,1.09353,06/08/2025 01:44:51,1.09717,0.00,-0.27,36.40,6.17,7.10,41.70,-9.28,-51.10,7754,Select7ccy,471.61,19.65days
14/07/2025 17:39:02,buy,0.01,AUDNZD,1.09682,06/08/2025 01:44:50,1.09715,0.00,-0.14,3.30,0.05,1.15,19.70,-5.08,-84.00,7754,Select7ccy,536.10,22.34days
01/08/2025 16:49:00,buy,0.27,CADJPY,107.48100,04/08/2025 08:50:20,107.33400,0.00,0.50,-14.70,-26.35,7.84,4.30,-140.00,-76.60,7754,Select7ccy,64.02,2.67days
01/08/2025 15:31:00,buy,0.03,CADJPY,108.18500,04/08/2025 08:50:20,107.33400,0.00,0.06,-85.10,-17.21,0.00,0.00,-29.90,-147.00,7754,Select7ccy,65.32,2.72days
01/08/2025 19:58:07,buy,0.81,CADJPY,107.17200,04/08/2025 08:50:19,107.33300,0.00,1.49,16.10,89.69,89.69,16.10,-249.98,-45.70,7754,Select7ccy,60.87,2.54days
01/08/2025 15:46:01,buy,0.09,CADJPY,107.85200,04/08/2025 08:50:19,107.33300,0.00,0.17,-51.90,-31.42,0.30,0.50,-69.35,-113.70,7754,Select7ccy,65.07,2.71days
01/08/2025 11:56:01,buy,0.01,CADJPY,108.56400,04/08/2025 08:50:18,107.33300,0.00,0.02,-123.10,-8.30,0.00,0.00,-12.54,-184.90,7754,Select7ccy,68.90,2.87days
01/08/2025 20:02:00,buy,0.03,AUDJPY,95.38800,04/08/2025 05:01:37,95.73600,0.00,0.06,34.80,7.12,8.32,40.70,-6.38,-31.60,7754,Select7ccy,56.99,2.37days
01/08/2025 18:45:00,buy,0.01,AUDJPY,95.70000,04/08/2025 05:01:36,95.73600,0.00,0.02,3.60,0.27,0.66,9.50,-4.25,-62.80,7754,Select7ccy,58.28,2.43days
01/08/2025 15:34:01,sell,0.01,CADJPY,108.03700,04/08/2025 04:38:35,107.24600,0.00,-0.06,79.10,5.29,8.34,123.70,0.00,0.00,7754,Select7ccy,61.08,2.54days
01/08/2025 17:02:19,buy,0.03,AUDCHF,0.51990,04/08/2025 04:05:21,0.52193,0.00,0.14,20.30,7.69,8.96,23.70,-4.30,-11.90,7754,Select7ccy,59.05,2.46days
28/07/2025 21:06:01,buy,0.01,AUDCHF,0.52326,04/08/2025 04:05:20,0.52195,0.00,0.34,-13.10,-1.29,3.22,24.20,-5.32,-45.50,7754,Select7ccy,150.99,6.29days
28/07/2025 11:50:05,sell,0.01,AUDJPY,96.67200,04/08/2025 03:52:24,95.56300,0.00,-0.50,110.90,7.01,9.68,149.50,-3.00,-38.80,7754,Select7ccy,160.04,6.67days
01/08/2025 17:01:02,buy,0.09,AUDJPY,95.59000,01/08/2025 17:19:17,95.84700,0.00,0.00,25.70,15.62,15.62,25.70,-3.41,-5.60,7754,Select7ccy,0.30,0.30hrs
01/08/2025 16:45:12,buy,0.03,AUDJPY,95.95200,01/08/2025 17:19:17,95.84200,0.00,0.00,-11.00,-2.23,0.00,0.00,-8.54,-42.00,7754,Select7ccy,0.57,0.57hrs
31/07/2025 09:19:00,buy,0.01,AUDJPY,96.29900,01/08/2025 17:19:16,95.84100,0.00,0.02,-45.80,-3.08,4.96,74.50,-5.18,-76.70,7754,Select7ccy,32.00,1.33days
01/08/2025 12:29:04,buy,0.03,NZDUSD,0.58610,01/08/2025 15:37:53,0.59100,0.00,0.00,49.00,14.70,16.26,54.20,-1.83,-6.10,7754,Select7ccy,3.15,3.15hrs
31/07/2025 05:03:01,buy,0.01,NZDUSD,0.59099,01/08/2025 15:37:52,0.59099,0.00,-0.02,0.00,-0.02,2.28,22.80,-5.52,-55.00,7754,Select7ccy,34.58,1.44days
31/07/2025 12:58:01,sell,0.03,CADJPY,108.29200,01/08/2025 13:34:37,108.39300,0.00,-0.17,-10.10,-2.19,0.80,4.00,-13.16,-65.30,7754,Select7ccy,24.61,1.03days
31/07/2025 16:10:00,sell,0.09,CADJPY,108.66100,01/08/2025 13:34:36,108.39300,0.00,-0.50,26.80,15.54,15.54,26.80,-17.45,-28.40,7754,Select7ccy,21.41,21.41hrs
31/07/2025 08:42:02,sell,0.01,CADJPY,107.70600,01/08/2025 13:34:36,108.39300,0.00,-0.06,-68.70,-4.63,0.34,5.10,-8.28,-123.90,7754,Select7ccy,28.88,1.20days
24/07/2025 17:28:01,buy,0.01,CADJPY,107.65100,01/08/2025 10:23:09,108.49300,0.00,0.15,84.20,5.74,8.56,127.00,-1.92,-29.50,7754,Select7ccy,184.92,7.70days
31/07/2025 06:05:00,buy,0.09,AUDJPY,95.93500,31/07/2025 07:50:33,96.23300,0.00,0.00,29.80,18.01,18.79,31.10,-4.06,-6.70,7754,Select7ccy,1.76,1.76hrs
30/07/2025 04:31:02,buy,0.03,AUDJPY,96.37200,31/07/2025 07:50:33,96.23300,0.00,0.16,-13.90,-2.64,3.32,16.40,-10.02,-50.40,7754,Select7ccy,27.33,1.14days
25/07/2025 09:20:01,buy,0.01,AUDJPY,96.77100,31/07/2025 07:50:32,96.23300,0.00,0.11,-53.80,-3.50,3.39,49.80,-5.97,-90.30,7754,Select7ccy,142.51,5.94days
30/07/2025 21:59:01,sell,0.03,CADJPY,108.11100,31/07/2025 05:58:43,107.62000,0.00,-0.51,49.10,9.39,9.39,49.10,-1.21,-3.50,7754,Select7ccy,8.00,8.00hrs
30/07/2025 06:02:00,sell,0.01,CADJPY,107.51000,31/07/2025 05:58:43,107.61900,0.00,-0.17,-10.90,-0.91,0.91,13.50,-4.42,-63.60,7754,Select7ccy,23.95,23.95hrs
30/07/2025 15:50:00,buy,0.03,AUDCAD,0.89338,31/07/2025 05:05:09,0.89186,0.00,0.06,-15.20,-3.24,0.00,0.00,-11.24,-51.80,7754,Select7ccy,13.25,13.25hrs
30/07/2025 21:53:02,buy,0.09,AUDCAD,0.88978,31/07/2025 05:05:08,0.89186,0.00,0.17,20.80,13.70,14.03,21.30,-10.29,-15.80,7754,Select7ccy,7.20,7.20hrs
30/07/2025 08:43:00,buy,0.01,AUDCAD,0.89716,31/07/2025 05:05:08,0.89186,0.00,0.02,-53.00,-3.81,0.00,0.00,-6.48,-89.60,7754,Select7ccy,20.37,20.37hrs
30/07/2025 16:10:00,buy,0.27,NZDUSD,0.59228,31/07/2025 02:49:14,0.59078,0.00,-1.90,-15.00,-42.40,0.00,0.00,-92.34,-34.20,7754,Select7ccy,10.65,10.65hrs
30/07/2025 22:08:00,buy,0.81,NZDUSD,0.58903,31/07/2025 02:49:13,0.59078,0.00,-5.69,17.50,136.06,136.06,17.50,-0.81,-0.10,7754,Select7ccy,4.69,4.69hrs
28/07/2025 09:27:02,buy,0.03,NZDUSD,0.59954,31/07/2025 02:49:13,0.59078,0.00,-0.35,-87.60,-26.63,2.19,7.30,-32.18,-106.80,7754,Select7ccy,65.37,2.72days
29/07/2025 09:58:00,buy,0.09,NZDUSD,0.59535,31/07/2025 02:49:12,0.59078,0.00,-0.84,-45.70,-41.97,14.46,16.30,-58.62,-64.90,7754,Select7ccy,40.85,1.70days
25/07/2025 06:44:05,buy,0.01,NZDUSD,0.60267,31/07/2025 02:49:12,0.59078,0.00,-0.13,-118.90,-12.02,0.32,3.40,-13.87,-138.10,7754,Select7ccy,140.09,5.84days
29/07/2025 18:00:02,sell,0.03,AUDCHF,0.52530,30/07/2025 11:49:50,0.52298,0.00,-0.31,23.20,8.35,9.80,27.10,-2.28,-5.30,7754,Select7ccy,17.83,17.83hrs
25/07/2025 18:05:02,sell,0.01,AUDCHF,0.52225,30/07/2025 11:49:50,0.52297,0.00,-0.30,-7.20,-1.20,2.16,18.00,-4.74,-35.80,7754,Select7ccy,113.75,4.74days
25/07/2025 11:09:05,sell,0.03,CADJPY,107.97600,30/07/2025 04:23:01,107.60900,0.00,-0.51,36.70,6.92,8.06,42.30,-5.72,-27.50,7754,Select7ccy,113.23,4.72days
23/07/2025 14:51:00,sell,0.01,CADJPY,107.63900,30/07/2025 04:23:01,107.61000,0.00,-0.41,2.90,-0.21,2.36,36.90,-4.41,-61.20,7754,Select7ccy,157.53,6.56days
28/07/2025 16:55:01,buy,0.03,AUDCAD,0.89413,30/07/2025 04:21:18,0.89750,0.00,0.04,33.70,7.38,8.69,39.70,-0.63,-2.90,7754,Select7ccy,35.44,1.48days
23/07/2025 17:08:00,buy,0.01,AUDCAD,0.89721,30/07/2025 04:21:18,0.89752,0.00,0.07,3.10,0.30,3.01,40.50,-2.41,-33.70,7754,Select7ccy,155.22,6.47days
28/07/2025 10:29:00,buy,0.03,AUDCHF,0.52103,28/07/2025 16:22:35,0.52329,0.00,0.00,22.60,8.45,9.54,25.50,-2.82,-7.50,7754,Select7ccy,5.89,5.89hrs
25/07/2025 03:07:14,buy,0.01,AUDCHF,0.52466,28/07/2025 16:22:34,0.52332,0.00,0.05,-13.40,-1.62,0.00,0.00,-5.44,-43.80,7754,Select7ccy,85.26,3.55days
28/07/2025 05:11:08,sell,0.03,AUDJPY,97.24700,28/07/2025 10:36:02,96.78300,0.00,0.00,46.40,9.40,10.74,53.00,-0.77,-3.80,7754,Select7ccy,5.42,5.42hrs
24/07/2025 18:19:00,sell,0.01,AUDJPY,96.91400,28/07/2025 10:36:01,96.78200,0.00,-0.14,13.20,0.76,1.54,23.60,-2.65,-37.10,7754,Select7ccy,88.28,3.68days
23/07/2025 13:13:04,sell,0.03,AUDCAD,0.89484,28/07/2025 10:02:30,0.89818,0.00,-0.61,-33.40,-7.92,0.00,0.00,-17.03,-75.10,7754,Select7ccy,116.82,4.87days
28/07/2025 04:06:00,sell,0.09,AUDCAD,0.90122,28/07/2025 10:02:29,0.89818,0.00,0.00,30.40,19.95,19.95,30.40,-0.53,-0.80,7754,Select7ccy,5.94,5.94hrs
17/07/2025 23:24:00,sell,0.01,AUDCAD,0.89180,28/07/2025 10:02:28,0.89818,0.00,-0.36,-63.80,-5.01,0.75,11.90,-8.05,-105.50,7754,Select7ccy,250.64,10.44days
24/07/2025 11:56:03,sell,0.03,AUDCHF,0.52567,25/07/2025 10:53:30,0.52313,0.00,-0.31,25.40,9.27,10.59,28.90,-1.55,-4.10,7754,Select7ccy,22.96,22.96hrs
14/07/2025 15:01:02,sell,0.01,AUDCHF,0.52258,25/07/2025 10:53:29,0.52313,0.00,-1.32,-5.50,-2.01,4.13,39.40,-5.62,-35.00,7754,Select7ccy,259.87,10.83days
23/07/2025 04:03:01,buy,0.01,AUDJPY,96.08700,25/07/2025 07:41:45,96.66900,0.00,0.08,58.20,4.03,6.96,101.30,-0.14,-2.00,7754,Select7ccy,51.65,2.15days
22/07/2025 17:34:00,buy,0.01,AUDCHF,0.52085,25/07/2025 00:20:13,0.52303,0.00,0.24,21.80,2.98,6.55,50.60,-3.37,-27.10,7754,Select7ccy,54.77,2.28days
18/07/2025 05:40:00,buy,0.01,NZDUSD,0.59605,24/07/2025 23:33:15,0.60285,0.00,-0.13,68.00,6.67,9.59,97.20,-2.13,-21.10,7754,Select7ccy,161.89,6.75days
24/07/2025 11:56:00,sell,0.09,AUDJPY,97.00700,24/07/2025 17:04:48,96.81300,0.00,0.00,19.40,11.92,11.92,19.40,-1.96,-3.20,7754,Select7ccy,5.15,5.15hrs
23/07/2025 11:39:03,sell,0.03,AUDJPY,96.67500,24/07/2025 17:04:47,96.81300,0.00,-0.67,-13.80,-3.50,6.48,31.60,-8.11,-36.40,7754,Select7ccy,29.43,1.23days
21/07/2025 11:11:04,sell,0.01,AUDJPY,96.37300,24/07/2025 17:04:46,96.80900,0.00,-0.36,-43.60,-3.34,4.84,72.00,-4.90,-66.60,7754,Select7ccy,77.89,3.25days
24/07/2025 04:34:00,buy,0.03,CADJPY,107.34200,24/07/2025 15:45:51,107.73300,0.00,0.00,39.10,7.99,8.61,42.10,-1.85,-9.00,7754,Select7ccy,11.20,11.20hrs
23/07/2025 01:03:13,buy,0.01,CADJPY,107.82300,24/07/2025 15:45:50,107.73400,0.00,0.05,-8.90,-0.56,2.47,36.30,-3.86,-57.10,7754,Select7ccy,38.71,1.61days
23/07/2025 05:30:00,sell,0.03,CADJPY,108.17600,23/07/2025 13:32:37,107.80400,0.00,0.00,37.20,7.62,8.90,43.40,-0.51,-2.50,7754,Select7ccy,8.04,8.04hrs
22/07/2025 22:18:00,sell,0.01,CADJPY,107.63800,23/07/2025 13:32:36,107.80200,0.00,-0.06,-16.40,-1.18,0.51,8.40,-3.89,-56.30,7754,Select7ccy,15.24,15.24hrs
22/07/2025 10:52:14,buy,0.03,AUDCAD,0.89095,23/07/2025 12:25:28,0.89380,0.00,0.03,28.50,6.32,7.71,34.80,-1.45,-6.70,7754,Select7ccy,25.55,1.06days
18/07/2025 05:30:00,buy,0.01,AUDCAD,0.89411,23/07/2025 12:25:28,0.89380,0.00,0.03,-3.10,-0.20,1.34,18.40,-2.79,-38.30,7754,Select7ccy,126.92,5.29days
22/07/2025 15:47:00,buy,0.03,AUDJPY,95.87600,23/07/2025 02:55:09,96.19100,0.00,0.06,31.50,6.49,7.66,37.20,-4.89,-23.90,7754,Select7ccy,11.14,11.14hrs
17/07/2025 06:18:00,buy,0.01,AUDJPY,96.21500,23/07/2025 02:55:08,96.19000,0.00,0.08,-2.50,-0.09,4.99,73.70,-3.88,-57.80,7754,Select7ccy,140.62,5.86days
22/07/2025 15:52:14,buy,0.03,CADJPY,107.35800,23/07/2025 00:01:16,107.70000,0.00,0.05,34.20,7.05,9.00,44.00,-3.50,-17.10,7754,Select7ccy,8.15,8.15hrs
16/07/2025 18:52:00,buy,0.01,CADJPY,107.70300,23/07/2025 00:01:16,107.70000,0.00,0.13,-0.30,0.11,4.95,72.30,-3.41,-51.60,7754,Select7ccy,149.15,6.21days
21/07/2025 02:20:52,sell,0.01,CADJPY,108.16500,22/07/2025 20:45:02,107.66100,0.00,-0.06,50.40,3.38,6.50,96.10,-0.40,-5.90,7754,Select7ccy,42.40,1.77days
22/07/2025 10:53:00,buy,0.03,AUDCHF,0.51898,22/07/2025 16:33:42,0.52104,0.00,0.00,20.60,7.74,9.25,24.60,-1.96,-5.20,7754,Select7ccy,5.68,5.68hrs
18/07/2025 01:04:41,buy,0.01,AUDCHF,0.52201,22/07/2025 16:33:42,0.52104,0.00,0.09,-9.70,-1.13,1.45,11.60,-4.36,-35.50,7754,Select7ccy,111.48,4.65days
18/07/2025 10:59:01,sell,0.03,AUDJPY,96.89700,21/07/2025 09:54:20,96.39800,0.00,-0.22,49.90,9.90,11.04,55.50,-1.50,-7.40,7754,Select7ccy,70.92,2.96days
17/07/2025 22:44:00,sell,0.01,AUDJPY,96.43100,21/07/2025 09:54:20,96.39800,0.00,-0.14,3.30,0.08,0.46,8.90,-3.71,-54.00,7754,Select7ccy,83.17,3.47days
18/07/2025 10:40:00,sell,0.03,CADJPY,108.36000,21/07/2025 00:39:53,108.02600,0.00,-0.17,33.40,6.60,7.82,39.40,-2.20,-10.10,7754,Select7ccy,62.00,2.58days
16/07/2025 20:09:00,sell,0.01,CADJPY,108.03900,21/07/2025 00:39:53,108.02600,0.00,-0.29,1.30,-0.20,1.50,22.20,-3.12,-42.20,7754,Select7ccy,100.51,4.19days
17/07/2025 06:03:00,buy,0.03,NZDUSD,0.59136,18/07/2025 03:54:29,0.59501,0.00,-0.07,36.50,10.88,12.20,40.90,-2.43,-8.10,7754,Select7ccy,21.86,21.86hrs
16/07/2025 19:51:01,buy,0.01,NZDUSD,0.59461,18/07/2025 03:54:28,0.59499,0.00,-0.09,3.80,0.29,0.75,8.40,-4.13,-40.60,7754,Select7ccy,32.06,1.34days
15/07/2025 17:52:00,buy,0.03,AUDCAD,0.89456,18/07/2025 03:52:43,0.89339,0.00,0.14,-11.70,-2.42,4.17,18.90,-14.96,-69.00,7754,Select7ccy,58.01,2.42days
17/07/2025 04:31:00,buy,0.09,AUDCAD,0.89100,18/07/2025 03:52:42,0.89341,0.00,0.08,24.10,15.87,17.19,26.10,-21.88,-33.40,7754,Select7ccy,23.36,23.36hrs
14/07/2025 18:42:01,buy,0.01,AUDCAD,0.89784,18/07/2025 03:52:42,0.89340,0.00,0.06,-44.40,-3.17,1.05,14.20,-7.36,-101.80,7754,Select7ccy,81.18,3.38days
15/07/2025 19:33:01,sell,0.01,AUDJPY,96.94500,17/07/2025 21:21:28,96.45300,0.00,-0.29,49.20,3.02,5.91,92.20,-2.64,-38.40,7754,Select7ccy,49.81,2.08days
14/07/2025 13:45:00,sell,0.01,AUDCAD,0.89808,17/07/2025 19:08:07,0.89196,0.00,-0.20,61.20,4.25,7.26,102.50,-1.03,-13.60,7754,Select7ccy,77.39,3.22days
17/07/2025 06:02:07,buy,0.03,AUDCHF,0.51955,17/07/2025 18:31:35,0.52156,0.00,0.00,20.10,7.50,8.68,23.30,-1.05,-2.80,7754,Select7ccy,12.49,12.49hrs
15/07/2025 01:04:04,buy,0.01,AUDCHF,0.52269,17/07/2025 18:31:35,0.52156,0.00,0.17,-11.30,-1.24,2.17,17.10,-4.09,-34.20,7754,Select7ccy,65.46,2.73days
16/07/2025 17:43:12,sell,0.03,AUDNZD,1.09866,17/07/2025 05:51:19,1.09480,0.00,-0.19,38.60,6.67,8.14,46.90,-1.48,-7.20,7754,Select7ccy,12.14,12.14hrs
15/07/2025 03:14:00,sell,0.01,AUDNZD,1.09532,17/07/2025 05:51:19,1.09480,0.00,-0.08,5.20,0.23,0.72,13.50,-2.50,-40.60,7754,Select7ccy,50.62,2.11days
16/07/2025 18:17:05,buy,0.03,AUDJPY,96.35800,17/07/2025 04:21:30,96.69100,0.00,0.17,33.30,6.90,8.25,40.00,-1.40,-6.90,7754,Select7ccy,10.07,10.07hrs
14/07/2025 12:48:06,buy,0.01,AUDJPY,96.74100,17/07/2025 04:21:29,96.68800,0.00,0.10,-5.30,-0.25,4.42,65.20,-3.03,-45.20,7754,Select7ccy,63.56,2.65days
15/07/2025 17:32:00,buy,0.03,NZDUSD,0.59546,16/07/2025 18:16:35,0.59448,0.00,-0.07,-9.80,-3.01,2.93,10.00,-12.64,-41.90,7754,Select7ccy,24.74,1.03days
16/07/2025 16:49:00,buy,0.09,NZDUSD,0.59239,16/07/2025 18:16:31,0.59425,0.00,0.00,18.60,16.74,16.74,18.60,-10.08,-11.20,7754,Select7ccy,1.46,1.46hrs
14/07/2025 13:27:00,buy,0.01,NZDUSD,0.59968,16/07/2025 18:16:31,0.59423,0.00,-0.04,-54.50,-5.49,0.48,5.00,-8.45,-84.10,7754,Select7ccy,52.83,2.20days
15/07/2025 16:17:01,sell,0.09,CADJPY,108.32400,16/07/2025 17:37:19,108.12200,0.00,-0.50,20.20,11.73,11.73,20.20,-25.30,-41.10,7754,Select7ccy,25.34,1.06days
15/07/2025 14:08:00,sell,0.03,CADJPY,108.00900,16/07/2025 17:37:19,108.12200,0.00,-0.17,-11.30,-2.45,0.00,0.00,-14.77,-72.60,7754,Select7ccy,27.49,1.15days
14/07/2025 15:14:02,sell,0.01,CADJPY,107.70100,16/07/2025 17:37:18,108.12100,0.00,-0.12,-42.00,-2.94,0.56,8.20,-7.05,-103.40,7754,Select7ccy,50.39,2.10days
14/07/2025 13:38:00,buy,0.01,CADJPY,107.70100,16/07/2025 15:33:42,108.23800,0.00,0.04,53.70,3.65,6.82,101.20,-0.69,-10.20,7754,Select7ccy,49.93,2.08days
15/07/2025 16:14:01,sell,0.09,AUDJPY,97.30900,15/07/2025 17:52:44,97.04500,0.00,0.00,26.40,15.97,15.97,26.40,-6.07,-10.00,7754,Select7ccy,1.65,1.65hrs
15/07/2025 10:59:01,sell,0.03,AUDJPY,97.00200,15/07/2025 17:52:43,97.04300,0.00,0.00,-4.10,-0.82,1.54,7.60,-8.24,-40.70,7754,Select7ccy,6.89,6.89hrs
14/07/2025 13:19:01,sell,0.01,AUDJPY,96.69100,15/07/2025 17:52:42,97.04300,0.00,-0.07,-35.20,-2.44,0.73,11.80,-4.91,-71.80,7754,Select7ccy,28.56,1.19days
11/07/2025 15:34:06,buy,0.01,AUDCHF,0.52433,14/07/2025 12:18:28,0.52334,0.00,0.05,-9.90,-1.20,0.48,3.80,-3.23,-26.10,7754,Select7ccy,68.74,2.86days
24/06/2025 18:46:00,sell,0.01,AUDCHF,0.52317,14/07/2025 12:18:28,0.52347,0.00,-2.06,-3.00,-2.44,6.51,62.50,-5.20,-25.80,7754,Select7ccy,473.54,19.73days
11/07/2025 05:34:00,sell,0.01,AUDJPY,96.68100,14/07/2025 12:18:27,96.71900,0.00,-0.07,-3.80,-0.33,1.24,19.30,-2.59,-37.60,7754,Select7ccy,78.74,3.28days
30/06/2025 17:21:01,sell,0.01,AUDNZD,1.07789,14/07/2025 12:18:27,1.09628,0.00,-0.40,-183.90,-11.42,0.67,11.50,-12.07,-194.80,7754,Select7ccy,330.96,13.79days
03/06/2025 11:03:00,buy,0.01,AUDNZD,1.07701,14/07/2025 12:18:27,1.09611,0.00,-0.15,191.00,11.30,11.95,202.00,-1.54,-24.60,7754,Select7ccy,985.26,41.05days
08/07/2025 08:06:00,sell,0.27,AUDNZD,1.08739,14/07/2025 12:18:26,1.09628,0.00,-4.19,-88.90,-148.02,27.16,16.70,-165.60,-99.80,7754,Select7ccy,148.21,6.18days
07/07/2025 15:58:02,sell,0.09,AUDNZD,1.08435,14/07/2025 12:18:26,1.09628,0.00,-1.62,-119.30,-65.96,9.44,17.90,-71.81,-130.20,7754,Select7ccy,164.34,6.85days
02/07/2025 14:25:00,sell,0.03,AUDNZD,1.08123,14/07/2025 12:18:26,1.09628,0.00,-0.96,-150.50,-28.01,1.36,8.80,-29.96,-161.40,7754,Select7ccy,285.89,11.91days
11/07/2025 09:30:00,sell,2.43,AUDNZD,1.09433,14/07/2025 12:18:25,1.09630,0.00,-6.29,-19.70,-293.13,172.76,11.80,-448.78,-30.40,7754,Select7ccy,74.81,3.12days
11/07/2025 05:06:00,buy,0.01,CADJPY,107.29700,14/07/2025 12:18:25,107.61200,0.00,0.02,31.50,2.16,3.66,54.00,-0.92,-13.50,7754,Select7ccy,79.21,3.30days
10/07/2025 16:43:00,sell,0.81,AUDNZD,1.09104,14/07/2025 12:18:25,1.09630,0.00,-4.21,-52.60,-259.51,3.41,0.70,-311.34,-63.30,7754,Select7ccy,91.59,3.82days
14/07/2025 04:33:01,buy,0.03,NZDUSD,0.59865,14/07/2025 12:18:24,0.59906,0.00,0.00,4.10,1.23,1.80,6.00,-2.58,-8.60,7754,Select7ccy,7.76,7.76hrs
14/07/2025 02:22:00,sell,0.01,CADJPY,107.60000,14/07/2025 12:18:24,107.62900,0.00,0.00,-2.90,-0.20,1.61,23.70,-1.01,-14.90,7754,Select7ccy,9.94,9.94hrs
11/07/2025 04:28:00,buy,0.01,NZDUSD,0.60253,14/07/2025 12:18:24,0.59906,0.00,-0.03,-34.70,-3.50,0.88,8.80,-4.77,-47.40,7754,Select7ccy,79.84,3.33days
10/07/2025 22:31:05,sell,0.09,AUDCAD,0.90043,14/07/2025 10:04:30,0.89799,0.00,-0.75,24.40,15.28,15.28,24.40,-12.08,-17.80,7754,Select7ccy,83.56,3.48days
10/07/2025 12:07:12,sell,0.03,AUDCAD,0.89686,14/07/2025 10:04:30,0.89799,0.00,-0.25,-11.30,-2.73,1.25,5.70,-11.85,-53.50,7754,Select7ccy,93.95,3.91days
02/07/2025 17:17:01,sell,0.01,AUDCAD,0.89325,14/07/2025 10:04:29,0.89798,0.00,-0.49,-47.30,-3.94,4.45,63.60,-6.99,-89.60,7754,Select7ccy,280.79,11.70days
27/06/2025 17:09:00,buy,0.01,AUDCAD,0.89183,14/07/2025 10:02:33,0.89784,0.00,0.15,60.10,4.54,7.59,102.00,-3.70,-51.50,7754,Select7ccy,400.89,16.70days
11/07/2025 19:34:00,sell,0.09,CADJPY,107.70200,14/07/2025 01:05:27,107.48100,0.00,-0.50,22.10,13.01,13.01,22.10,-9.16,-15.00,7754,Select7ccy,53.52,2.23days
11/07/2025 07:22:01,sell,0.03,CADJPY,107.39400,14/07/2025 01:05:26,107.48100,0.00,-0.17,-8.70,-1.94,4.42,21.60,-9.32,-45.80,7754,Select7ccy,65.72,2.74days
09/07/2025 13:53:00,sell,0.01,CADJPY,107.06800,14/07/2025 01:05:26,107.49500,0.00,-0.29,-42.70,-3.19,3.06,47.10,-5.55,-78.40,7754,Select7ccy,107.21,4.47days
09/07/2025 14:36:00,buy,0.01,AUDJPY,95.73700,14/07/2025 00:01:33,96.50900,0.00,0.10,77.20,5.35,8.91,130.10,-2.30,-34.40,7754,Select7ccy,105.43,4.39days
02/07/2025 01:03:01,buy,0.01,AUDCHF,0.52067,11/07/2025 13:02:41,0.52311,0.00,0.50,24.40,3.57,6.65,49.00,-4.75,-39.40,7754,Select7ccy,227.99,9.50days
11/07/2025 03:24:00,buy,0.03,CADJPY,106.61500,11/07/2025 03:57:39,107.13900,0.00,0.00,52.40,10.73,11.09,54.20,-0.20,-1.00,7754,Select7ccy,0.56,0.56hrs
09/07/2025 14:37:06,buy,0.01,CADJPY,107.12100,11/07/2025 03:57:38,107.12500,0.00,0.07,0.40,0.09,0.32,3.60,-3.69,-54.50,7754,Select7ccy,37.34,1.56days
10/07/2025 12:14:16,sell,0.03,AUDJPY,95.99900,11/07/2025 03:23:06,96.05400,0.00,-0.22,-5.50,-1.35,3.51,17.10,-10.12,-48.30,7754,Select7ccy,15.15,15.15hrs
10/07/2025 19:31:00,sell,0.09,AUDJPY,96.30300,11/07/2025 03:23:05,96.05700,0.00,-0.67,24.60,14.46,14.46,24.60,-11.68,-17.90,7754,Select7ccy,7.87,7.87hrs
09/07/2025 17:07:11,sell,0.01,AUDJPY,95.68400,11/07/2025 03:23:04,96.06600,0.00,-0.29,-38.20,-2.90,1.64,27.20,-5.74,-79.80,7754,Select7ccy,34.26,1.43days
08/07/2025 17:14:01,buy,0.03,NZDUSD,0.59862,11/07/2025 00:11:00,0.60300,0.00,-0.41,43.80,12.73,14.22,48.50,-3.02,-9.80,7754,Select7ccy,54.95,2.29days
03/07/2025 18:26:06,buy,0.01,NZDUSD,0.60660,11/07/2025 00:10:59,0.60300,0.00,-0.21,-36.00,-3.81,1.41,14.30,-9.06,-89.60,7754,Select7ccy,173.75,7.24days
09/07/2025 07:33:00,sell,0.03,AUDJPY,96.05900,09/07/2025 14:34:25,95.71100,0.00,0.00,34.80,7.12,8.24,40.30,-3.26,-16.00,7754,Select7ccy,7.02,7.02hrs
08/07/2025 17:54:02,sell,0.01,AUDJPY,95.64000,09/07/2025 14:34:24,95.71100,0.00,-0.07,-7.10,-0.56,0.00,0.00,-4.01,-57.90,7754,Select7ccy,20.67,20.67hrs
07/07/2025 19:35:00,sell,0.03,CADJPY,106.95800,09/07/2025 12:28:02,107.12400,0.00,-0.34,-16.60,-3.73,5.32,26.70,-12.50,-59.60,7754,Select7ccy,40.88,1.70days
08/07/2025 14:30:01,sell,0.09,CADJPY,107.34000,09/07/2025 12:28:01,107.12400,0.00,-0.51,21.60,12.75,14.23,24.00,-13.61,-21.40,7754,Select7ccy,21.97,21.97hrs
04/07/2025 00:08:13,sell,0.01,CADJPY,106.65500,09/07/2025 12:28:00,107.12500,0.00,-0.19,-47.00,-3.40,4.66,68.30,-6.30,-89.90,7754,Select7ccy,132.33,5.51days
04/07/2025 04:30:00,buy,0.01,CADJPY,106.58700,09/07/2025 12:22:51,107.08500,0.00,0.06,49.80,3.46,6.51,94.90,-4.39,-63.60,7754,Select7ccy,127.88,5.33days
30/06/2025 19:10:44,buy,0.01,AUDJPY,94.76700,09/07/2025 10:53:45,95.74200,0.00,0.20,97.50,6.84,9.94,143.30,-5.62,-80.40,7754,Select7ccy,207.72,8.65days
08/07/2025 14:49:00,sell,0.27,AUDJPY,95.93900,08/07/2025 16:35:02,95.78800,0.00,0.00,15.10,27.75,27.75,15.10,-3.13,-1.70,7754,Select7ccy,1.77,1.77hrs
08/07/2025 09:30:00,sell,0.09,AUDJPY,95.63800,08/07/2025 16:35:02,95.78400,0.00,0.00,-14.60,-8.95,8.87,14.40,-19.64,-32.00,7754,Select7ccy,7.08,7.08hrs
08/07/2025 04:17:02,sell,0.03,AUDJPY,95.30900,08/07/2025 16:35:01,95.78600,0.00,0.00,-47.70,-9.74,4.99,24.30,-13.28,-64.90,7754,Select7ccy,12.30,12.30hrs
04/07/2025 07:21:00,sell,0.01,AUDJPY,94.87300,08/07/2025 16:35:00,95.78000,0.00,-0.16,-90.70,-6.34,4.18,61.70,-7.56,-108.50,7754,Select7ccy,105.23,4.38days
03/07/2025 17:35:00,sell,0.09,AUDJPY,95.25900,04/07/2025 06:07:10,94.94500,0.00,-0.82,31.40,18.72,18.72,31.40,-7.00,-11.30,7754,Select7ccy,12.54,12.54hrs
03/07/2025 15:39:01,sell,0.03,AUDJPY,94.87500,04/07/2025 06:07:09,94.94500,0.00,-0.27,-7.00,-1.72,0.00,0.00,-10.27,-49.70,7754,Select7ccy,14.47,14.47hrs
23/06/2025 11:43:05,sell,0.01,AUDJPY,94.57800,04/07/2025 06:07:08,94.94500,0.00,-1.05,-36.70,-3.59,4.62,67.60,-6.43,-79.40,7754,Select7ccy,258.40,10.77days
01/07/2025 21:03:01,buy,0.01,CADJPY,105.25600,04/07/2025 03:08:03,106.57300,0.00,0.11,131.70,9.21,12.20,175.90,-1.37,-19.90,7754,Select7ccy,54.08,2.25days
03/07/2025 19:21:00,sell,0.27,CADJPY,106.99700,03/07/2025 22:57:18,106.73900,0.00,0.00,25.80,48.03,48.03,25.80,-6.14,-3.30,7754,Select7ccy,3.60,3.60hrs
03/07/2025 17:05:01,sell,0.09,CADJPY,106.68700,03/07/2025 22:57:17,106.73900,0.00,0.00,-5.20,-3.22,2.48,4.00,-21.26,-34.30,7754,Select7ccy,5.87,5.87hrs
03/07/2025 15:31:01,sell,0.03,CADJPY,106.38600,03/07/2025 22:57:17,106.73900,0.00,0.00,-35.30,-7.30,0.00,0.00,-13.31,-64.40,7754,Select7ccy,7.44,7.44hrs
01/07/2025 05:37:03,sell,0.01,CADJPY,105.51600,03/07/2025 22:57:16,106.73900,0.00,-0.27,-122.30,-8.70,4.52,64.50,-10.70,-151.40,7754,Select7ccy,65.34,2.72days
03/07/2025 15:31:06,buy,0.03,NZDUSD,0.60338,03/07/2025 17:03:42,0.60708,0.00,0.00,37.00,11.10,12.03,40.10,-0.51,-1.70,7754,Select7ccy,1.54,1.54hrs
03/07/2025 01:04:03,buy,0.01,NZDUSD,0.60915,03/07/2025 17:03:41,0.60706,0.00,0.00,-20.90,-2.09,0.00,0.00,-5.94,-59.40,7754,Select7ccy,15.99,15.99hrs
02/07/2025 15:01:05,buy,0.03,NZDUSD,0.60577,02/07/2025 21:55:29,0.60863,0.00,0.00,28.60,8.58,9.87,32.90,-1.80,-6.00,7754,Select7ccy,6.91,6.91hrs
01/07/2025 20:25:01,buy,0.01,NZDUSD,0.60900,02/07/2025 21:55:26,0.60865,0.00,-0.02,-3.50,-0.37,1.43,14.50,-3.85,-38.30,7754,Select7ccy,25.51,1.06days
01/07/2025 17:54:00,sell,0.03,AUDCAD,0.89732,02/07/2025 15:45:50,0.89419,0.00,-0.13,31.30,6.75,6.75,31.30,-3.05,-13.30,7754,Select7ccy,21.86,21.86hrs
27/06/2025 21:26:02,sell,0.01,AUDCAD,0.89423,02/07/2025 15:45:47,0.89420,0.00,-0.12,0.30,-0.09,1.39,19.50,-3.36,-44.20,7754,Select7ccy,114.33,4.76days
01/07/2025 14:43:00,buy,0.09,CADJPY,104.97000,01/07/2025 19:26:29,105.18600,0.00,0.00,21.60,13.53,13.65,21.80,-7.57,-12.00,7754,Select7ccy,4.72,4.72hrs
01/07/2025 10:45:01,buy,0.03,CADJPY,105.29600,01/07/2025 19:26:28,105.18700,0.00,0.00,-10.90,-2.28,0.00,0.00,-9.38,-44.60,7754,Select7ccy,8.69,8.69hrs
30/06/2025 19:29:00,buy,0.01,CADJPY,105.86600,01/07/2025 19:26:28,105.18800,0.00,0.02,-67.80,-4.70,0.19,2.80,-7.10,-101.60,7754,Select7ccy,23.96,23.96hrs
01/07/2025 12:30:00,buy,0.09,AUDCHF,0.51939,01/07/2025 18:56:47,0.52114,0.00,0.00,17.50,19.85,19.85,17.50,-8.32,-7.30,7754,Select7ccy,6.45,6.45hrs
27/06/2025 12:17:00,buy,0.03,AUDCHF,0.52241,01/07/2025 18:56:46,0.52115,0.00,0.27,-12.60,-4.50,1.34,3.20,-13.98,-37.50,7754,Select7ccy,102.66,4.28days
24/06/2025 07:40:00,buy,0.01,AUDCHF,0.52735,01/07/2025 18:56:45,0.52115,0.00,0.33,-62.00,-7.49,1.22,9.90,-10.68,-86.90,7754,Select7ccy,179.28,7.47days
25/06/2025 03:55:00,buy,0.01,NZDUSD,0.60191,01/07/2025 17:00:24,0.60887,0.00,-0.17,69.60,6.79,9.87,100.40,-0.97,-9.70,7754,Select7ccy,157.09,6.55days
30/06/2025 18:43:03,sell,0.03,CADJPY,105.91400,01/07/2025 04:25:31,105.51800,0.00,-0.20,39.60,8.07,8.81,43.10,-0.72,-3.20,7754,Select7ccy,9.71,9.71hrs
27/06/2025 23:35:01,sell,0.01,CADJPY,105.57000,01/07/2025 04:25:30,105.51600,0.00,-0.13,5.40,0.25,2.05,30.30,-2.69,-37.60,7754,Select7ccy,76.84,3.20days
27/06/2025 20:57:00,buy,0.03,AUDJPY,94.29500,30/06/2025 18:02:24,94.60000,0.00,0.06,30.50,6.39,7.53,36.00,-6.03,-29.20,7754,Select7ccy,69.09,2.88days
26/06/2025 18:55:02,buy,0.01,AUDJPY,94.60500,30/06/2025 18:02:23,94.60100,0.00,0.04,-0.40,0.01,1.57,22.40,-4.15,-60.20,7754,Select7ccy,95.12,3.96days
27/06/2025 20:46:00,buy,0.03,CADJPY,105.53500,30/06/2025 17:57:09,105.83500,0.00,0.05,30.00,6.28,7.61,36.40,-5.89,-28.50,7754,Select7ccy,69.19,2.88days
26/06/2025 20:01:00,buy,0.01,CADJPY,105.87800,30/06/2025 17:57:09,105.83700,0.00,0.04,-4.10,-0.25,1.79,25.70,-4.32,-62.80,7754,Select7ccy,93.94,3.91days
19/06/2025 04:58:04,sell,0.03,AUDNZD,1.08085,30/06/2025 10:27:14,1.07707,0.00,-0.64,37.80,6.24,7.64,45.40,-6.64,-36.50,7754,Select7ccy,269.49,11.23days
13/06/2025 13:39:00,sell,0.01,AUDNZD,1.07783,30/06/2025 10:27:14,1.07707,0.00,-0.38,7.60,0.08,1.24,21.40,-4.20,-66.70,7754,Select7ccy,404.80,16.87days
27/06/2025 17:39:00,sell,0.03,CADJPY,106.10400,27/06/2025 20:49:11,105.35000,0.00,0.00,75.40,15.63,15.63,75.40,-0.99,-4.80,7754,Select7ccy,3.17,3.17hrs
26/06/2025 15:24:01,sell,0.01,CADJPY,105.40600,27/06/2025 20:49:10,105.35500,0.00,-0.06,5.10,0.29,0.29,5.10,-5.21,-74.60,7754,Select7ccy,29.42,1.23days
25/06/2025 22:20:07,sell,0.09,AUDCAD,0.89395,27/06/2025 16:37:27,0.89136,0.00,-1.50,25.90,15.58,15.58,25.90,-15.26,-21.50,7754,Select7ccy,42.29,1.76days
24/06/2025 02:22:00,sell,0.03,AUDCAD,0.88957,27/06/2025 16:37:27,0.89136,0.00,-0.62,-17.90,-4.55,1.44,6.60,-14.81,-65.30,7754,Select7ccy,86.26,3.59days
20/06/2025 23:54:00,sell,0.01,AUDCAD,0.88580,27/06/2025 16:37:26,0.89136,0.00,-0.28,-55.60,-4.35,4.71,65.50,-7.77,-103.00,7754,Select7ccy,160.72,6.70days
23/06/2025 23:09:05,buy,0.01,AUDCAD,0.88733,27/06/2025 15:09:46,0.89179,0.00,0.06,44.60,3.33,6.31,85.70,-0.95,-13.20,7754,Select7ccy,88.01,3.67days
26/06/2025 09:43:01,buy,0.03,AUDJPY,94.22900,26/06/2025 17:34:18,94.55700,0.00,0.00,32.80,6.82,7.62,36.70,-3.48,-16.70,7754,Select7ccy,7.85,7.85hrs
25/06/2025 11:56:02,buy,0.01,AUDJPY,94.54800,26/06/2025 17:34:18,94.55700,0.00,0.06,0.90,0.13,1.18,17.30,-3.32,-48.60,7754,Select7ccy,29.64,1.23days
26/06/2025 09:42:02,buy,0.03,CADJPY,105.29900,26/06/2025 17:25:33,105.78900,0.00,0.00,49.00,10.19,11.53,55.50,-5.19,-24.90,7754,Select7ccy,7.73,7.73hrs
23/06/2025 20:11:02,buy,0.01,CADJPY,106.39200,26/06/2025 17:25:33,105.78800,0.00,0.09,-60.40,-4.09,0.45,6.60,-9.24,-134.20,7754,Select7ccy,69.24,2.89days
25/06/2025 13:05:06,sell,0.01,CADJPY,106.03300,26/06/2025 14:23:58,105.49200,0.00,-0.17,54.10,3.57,6.56,96.80,-1.27,-18.60,7754,Select7ccy,25.31,1.05days
24/06/2025 23:28:01,buy,0.03,AUDJPY,93.99400,25/06/2025 10:49:29,94.44400,0.00,0.06,45.00,9.35,10.82,52.10,-1.99,-9.90,7754,Select7ccy,11.36,11.36hrs
23/06/2025 10:30:00,buy,0.01,AUDJPY,94.54200,25/06/2025 10:49:28,94.44200,0.00,0.04,-10.00,-0.65,0.81,11.90,-4.53,-66.40,7754,Select7ccy,48.32,2.01days
23/06/2025 18:23:00,sell,0.01,CADJPY,106.62100,25/06/2025 09:48:41,105.80700,0.00,-0.11,81.40,5.49,8.46,123.90,-0.22,-3.20,7754,Select7ccy,39.43,1.64days
23/06/2025 17:57:02,buy,0.01,NZDUSD,0.59493,24/06/2025 19:13:03,0.60096,0.00,-0.03,60.30,6.00,8.85,88.80,-2.03,-20.30,7754,Select7ccy,25.27,1.05days
24/06/2025 05:59:01,sell,0.03,AUDCHF,0.52714,24/06/2025 17:09:56,0.52462,0.00,0.00,25.20,9.37,9.63,25.90,-5.06,-13.70,7754,Select7ccy,11.18,11.18hrs
23/06/2025 18:34:00,sell,0.01,AUDCHF,0.52272,24/06/2025 17:09:56,0.52457,0.00,-0.11,-18.50,-2.40,0.90,7.30,-7.24,-57.90,7754,Select7ccy,22.60,22.60hrs
23/06/2025 05:45:02,buy,0.03,AUDCHF,0.52458,24/06/2025 06:19:42,0.52684,0.00,0.14,22.60,8.49,9.71,25.90,-11.70,-31.90,7754,Select7ccy,24.58,1.02days
17/06/2025 22:17:00,buy,0.01,AUDCHF,0.52889,24/06/2025 06:19:42,0.52684,0.00,0.29,-20.50,-2.23,5.15,41.30,-8.93,-75.00,7754,Select7ccy,152.04,6.34days
23/06/2025 05:57:01,buy,0.03,AUDCAD,0.88256,23/06/2025 22:08:20,0.88641,0.00,0.00,38.50,8.41,9.89,45.10,-7.66,-35.20,7754,Select7ccy,16.19,16.19hrs
19/06/2025 06:10:02,buy,0.01,AUDCAD,0.88957,23/06/2025 22:08:19,0.88638,0.00,0.02,-31.90,-2.30,0.53,7.20,-7.61,-105.30,7754,Select7ccy,111.97,4.67days
23/06/2025 09:25:00,sell,0.09,CADJPY,107.04000,23/06/2025 17:15:14,106.84200,0.00,0.00,19.80,12.14,12.14,19.80,-18.06,-29.70,7754,Select7ccy,7.84,7.84hrs
23/06/2025 07:14:00,sell,0.03,CADJPY,106.71800,23/06/2025 17:15:13,106.84200,0.00,0.00,-12.40,-2.53,0.18,0.90,-12.55,-61.90,7754,Select7ccy,10.02,10.02hrs
17/06/2025 07:39:01,sell,0.01,CADJPY,106.41000,23/06/2025 17:15:13,106.84400,0.00,-0.35,-43.40,-3.30,5.17,75.70,-6.61,-92.70,7754,Select7ccy,153.60,6.40days
18/06/2025 23:52:00,buy,0.01,CADJPY,106.03500,23/06/2025 17:08:12,106.86500,0.00,0.09,83.00,5.73,8.75,128.10,-2.10,-31.20,7754,Select7ccy,113.27,4.72days
19/06/2025 11:34:00,sell,0.01,AUDCHF,0.52896,23/06/2025 17:03:22,0.52403,0.00,-0.20,49.30,5.84,8.83,73.90,-2.11,-16.40,7754,Select7ccy,101.49,4.23days
23/06/2025 12:29:00,buy,0.09,NZDUSD,0.58944,23/06/2025 16:56:04,0.59139,0.00,0.00,19.50,17.55,17.55,19.50,-10.17,-11.30,7754,Select7ccy,4.45,4.45hrs
23/06/2025 06:29:02,buy,0.03,NZDUSD,0.59244,23/06/2025 16:56:03,0.59138,0.00,0.00,-10.60,-3.18,2.82,9.40,-12.39,-41.30,7754,Select7ccy,10.45,10.45hrs
19/06/2025 14:26:05,buy,0.01,NZDUSD,0.59798,23/06/2025 16:56:03,0.59138,0.00,-0.04,-66.00,-6.64,2.66,26.80,-9.71,-96.70,7754,Select7ccy,98.50,4.10days
23/06/2025 06:10:00,buy,0.03,AUDJPY,93.95200,23/06/2025 08:38:55,94.25300,0.00,0.00,30.10,6.14,6.81,33.40,-1.78,-8.70,7754,Select7ccy,2.48,2.48hrs
19/06/2025 14:54:04,buy,0.01,AUDJPY,94.26500,23/06/2025 08:38:55,94.25100,0.00,0.04,-1.40,-0.05,1.86,26.80,-2.75,-40.00,7754,Select7ccy,89.75,3.74days
20/06/2025 07:41:08,sell,0.03,AUDJPY,94.39100,23/06/2025 06:20:52,93.97000,0.00,-0.22,42.10,8.40,9.52,47.60,-3.25,-15.80,7754,Select7ccy,70.66,2.94days
19/06/2025 05:30:00,sell,0.01,AUDJPY,94.02400,23/06/2025 06:20:51,93.97100,0.00,-0.14,5.30,0.22,1.19,17.30,-3.67,-52.50,7754,Select7ccy,96.85,4.04days
20/06/2025 15:35:00,sell,0.03,AUDCAD,0.89039,20/06/2025 19:25:25,0.88704,0.00,0.00,33.50,7.32,8.54,39.10,-0.20,-0.90,7754,Select7ccy,3.84,3.84hrs
19/06/2025 10:58:00,sell,0.01,AUDCAD,0.88666,20/06/2025 19:25:24,0.88705,0.00,-0.04,-3.90,-0.32,0.66,9.10,-2.82,-38.20,7754,Select7ccy,32.46,1.35days
19/06/2025 08:59:01,buy,0.03,AUDJPY,93.85600,19/06/2025 13:50:31,94.15700,0.00,0.00,30.10,6.20,7.60,36.90,-0.58,-2.80,7754,Select7ccy,4.86,4.86hrs
19/06/2025 05:20:00,buy,0.01,AUDJPY,94.16000,19/06/2025 13:50:30,94.15600,0.00,0.00,-0.40,-0.03,0.45,6.50,-2.29,-33.20,7754,Select7ccy,8.51,8.51hrs
19/06/2025 04:58:07,buy,0.03,NZDUSD,0.59989,19/06/2025 11:57:02,0.59851,0.00,0.00,-13.80,-4.14,0.57,1.90,-9.93,-33.10,7754,Select7ccy,6.98,6.98hrs
19/06/2025 09:31:00,buy,0.09,NZDUSD,0.59673,19/06/2025 11:57:01,0.59851,0.00,0.00,17.80,16.02,16.20,18.00,-1.35,-1.50,7754,Select7ccy,2.43,2.43hrs
12/06/2025 01:05:02,buy,0.01,NZDUSD,0.60314,19/06/2025 11:57:00,0.59852,0.00,-0.20,-46.20,-4.82,5.16,52.00,-6.76,-65.60,7754,Select7ccy,178.87,7.45days
18/06/2025 17:48:01,sell,0.03,AUDCHF,0.53276,19/06/2025 10:33:06,0.53033,0.00,-0.87,24.30,8.03,8.03,24.30,-4.97,-11.20,7754,Select7ccy,16.75,16.75hrs
17/06/2025 19:59:00,sell,0.01,AUDCHF,0.52924,19/06/2025 10:33:06,0.53034,0.00,-0.39,-11.00,-1.73,1.75,15.10,-6.05,-46.40,7754,Select7ccy,38.57,1.61days
18/06/2025 17:43:01,sell,0.03,AUDCAD,0.89127,19/06/2025 09:36:50,0.88757,0.00,-0.37,37.00,7.72,8.90,42.40,-3.41,-13.90,7754,Select7ccy,15.90,15.90hrs
12/06/2025 07:05:03,sell,0.01,AUDCAD,0.88773,19/06/2025 09:36:49,0.88757,0.00,-0.28,1.60,-0.16,5.52,76.20,-3.88,-49.30,7754,Select7ccy,170.53,7.11days
19/06/2025 04:05:00,buy,0.09,AUDJPY,93.84500,19/06/2025 04:17:40,94.04600,0.00,0.00,20.10,12.48,12.48,20.10,0.00,0.00,7754,Select7ccy,0.21,0.21hrs
17/06/2025 20:27:00,buy,0.03,AUDJPY,94.19500,19/06/2025 04:17:40,94.04600,0.00,0.23,-14.90,-2.86,5.60,26.80,-6.04,-29.50,7754,Select7ccy,31.84,1.33days
17/06/2025 16:44:00,buy,0.01,AUDJPY,94.65900,19/06/2025 04:17:39,94.04600,0.00,0.08,-61.30,-4.15,0.23,3.30,-5.21,-75.90,7754,Select7ccy,35.56,1.48days
18/06/2025 23:52:03,sell,0.03,AUDJPY,94.47100,19/06/2025 04:05:36,93.92000,0.00,-0.66,55.10,10.76,10.76,55.10,-3.97,-16.00,7754,Select7ccy,4.23,4.23hrs
17/06/2025 22:44:01,sell,0.01,AUDJPY,94.03400,19/06/2025 04:05:35,93.90300,0.00,-0.29,13.10,0.62,0.62,13.10,-4.40,-59.70,7754,Select7ccy,29.36,1.22days
13/06/2025 05:10:00,buy,0.01,AUDCAD,0.88420,19/06/2025 04:04:59,0.88831,0.00,0.05,41.10,3.05,6.03,82.10,-3.57,-48.60,7754,Select7ccy,142.92,5.95days
17/06/2025 23:18:00,buy,0.03,CADJPY,106.28200,18/06/2025 22:02:00,105.94900,0.00,0.05,-33.30,-6.83,0.50,2.40,-13.31,-64.40,7754,Select7ccy,22.73,22.73hrs
18/06/2025 18:16:00,buy,0.09,CADJPY,105.66800,18/06/2025 22:01:59,105.95500,0.00,0.00,28.70,17.80,17.80,28.70,-1.87,-3.00,7754,Select7ccy,3.77,3.77hrs
17/06/2025 08:41:00,buy,0.01,CADJPY,106.59000,18/06/2025 22:01:58,105.95500,0.00,0.02,-63.50,-4.35,1.80,26.10,-6.56,-95.20,7754,Select7ccy,37.35,1.56days
16/06/2025 19:12:01,sell,0.09,AUDJPY,94.31300,17/06/2025 21:16:14,94.04600,0.00,-0.66,26.70,15.89,15.89,26.70,-29.72,-46.80,7754,Select7ccy,26.07,1.09days
16/06/2025 10:28:00,sell,0.03,AUDJPY,93.95500,17/06/2025 21:16:14,94.04800,0.00,-0.22,-9.30,-2.14,2.10,10.10,-17.32,-82.60,7754,Select7ccy,34.80,1.45days
13/06/2025 07:14:00,sell,0.01,AUDJPY,92.93700,17/06/2025 21:16:13,94.04600,0.00,-0.14,-110.90,-7.78,0.14,2.00,-12.86,-184.40,7754,Select7ccy,110.04,4.58days
16/06/2025 10:15:11,sell,0.03,AUDCHF,0.52860,17/06/2025 18:32:10,0.52970,0.00,-0.30,-11.00,-4.35,1.30,3.50,-14.56,-38.70,7754,Select7ccy,32.28,1.35days
17/06/2025 16:45:02,sell,0.09,AUDCHF,0.53214,17/06/2025 18:32:09,0.52969,0.00,0.00,24.50,27.08,27.08,24.50,-3.09,-2.80,7754,Select7ccy,1.79,1.79hrs
13/06/2025 09:48:00,sell,0.01,AUDCHF,0.52433,17/06/2025 18:32:08,0.52971,0.00,-0.20,-53.80,-6.80,0.00,0.00,-10.20,-81.40,7754,Select7ccy,104.74,4.36days
16/06/2025 01:50:00,buy,0.01,AUDCHF,0.52709,17/06/2025 18:22:13,0.52989,0.00,0.04,28.00,3.48,6.39,51.70,-1.96,-15.90,7754,Select7ccy,40.54,1.69days
13/06/2025 22:59:00,buy,0.01,AUDJPY,93.45400,17/06/2025 15:30:01,94.37200,0.00,0.04,91.80,6.39,9.08,131.00,-1.68,-24.50,7754,Select7ccy,88.52,3.69days
13/06/2025 12:23:00,buy,0.01,CADJPY,105.70600,17/06/2025 07:38:25,106.42400,0.00,0.04,71.80,5.01,8.13,117.40,-0.24,-3.40,7754,Select7ccy,91.26,3.80days
16/06/2025 20:36:00,sell,0.09,CADJPY,106.48100,17/06/2025 06:34:11,106.61700,0.00,-0.51,-13.60,-8.97,0.00,0.00,-26.50,-41.90,7754,Select7ccy,9.97,9.97hrs
17/06/2025 03:56:01,sell,0.27,CADJPY,106.86500,17/06/2025 06:34:10,106.62900,0.00,0.00,23.60,44.04,44.04,23.60,-6.51,-3.50,7754,Select7ccy,2.64,2.64hrs
13/06/2025 15:55:00,sell,0.03,CADJPY,105.95700,17/06/2025 06:34:09,106.60500,0.00,-0.34,-64.80,-13.78,3.04,14.60,-19.84,-94.30,7754,Select7ccy,86.65,3.61days
13/06/2025 08:02:01,sell,0.01,CADJPY,105.22600,17/06/2025 06:34:09,106.61700,0.00,-0.12,-139.10,-9.74,0.27,3.90,-11.66,-167.40,7754,Select7ccy,94.54,3.94days
13/06/2025 04:49:00,buy,0.01,AUDJPY,92.76200,13/06/2025 21:33:48,93.42500,0.00,0.00,66.30,4.60,7.60,109.50,-1.29,-18.40,7754,Select7ccy,16.75,16.75hrs
13/06/2025 06:28:00,buy,0.01,AUDCHF,0.52391,13/06/2025 21:32:55,0.52632,0.00,0.00,24.10,2.97,5.93,48.10,-0.52,-4.20,7754,Select7ccy,15.08,15.08hrs
13/06/2025 03:06:00,buy,0.03,CADJPY,105.08300,13/06/2025 10:47:37,105.49200,0.00,0.00,40.90,8.54,9.60,46.00,-5.24,-25.00,7754,Select7ccy,7.69,7.69hrs
12/06/2025 20:22:02,buy,0.01,CADJPY,105.58100,13/06/2025 10:47:36,105.49200,0.00,0.02,-8.90,-0.60,0.06,0.80,-5.21,-74.80,7754,Select7ccy,14.43,14.43hrs
11/06/2025 17:23:02,sell,0.01,CADJPY,105.99400,13/06/2025 06:29:29,105.26100,0.00,-0.23,73.30,4.88,7.78,114.50,-0.48,-7.00,7754,Select7ccy,37.11,1.55days
13/06/2025 03:40:24,buy,0.27,AUDCHF,0.52273,13/06/2025 05:19:20,0.52442,0.00,0.00,16.90,56.52,56.52,16.90,-49.16,-14.70,7754,Select7ccy,1.65,1.65hrs
12/06/2025 04:42:03,buy,0.03,AUDCHF,0.52990,13/06/2025 05:19:20,0.52441,0.00,0.13,-54.90,-20.27,5.11,13.90,-31.98,-86.40,7754,Select7ccy,24.62,1.03days
13/06/2025 03:03:05,buy,0.09,AUDCHF,0.52597,13/06/2025 05:19:19,0.52442,0.00,0.00,-15.50,-17.28,0.00,0.00,-52.51,-47.10,7754,Select7ccy,2.27,2.27hrs
03/06/2025 20:23:06,buy,0.01,AUDCHF,0.53295,13/06/2025 05:19:18,0.52442,0.00,0.49,-85.30,-10.08,5.41,41.80,-13.99,-116.90,7754,Select7ccy,224.94,9.37days
21/05/2025 20:11:21,sell,0.01,AUDCHF,0.53281,13/06/2025 04:55:12,0.52389,0.00,-2.48,89.20,8.57,11.61,113.80,-8.30,-51.10,7754,Select7ccy,536.73,22.36days
12/06/2025 07:00:04,sell,0.01,AUDJPY,93.55900,13/06/2025 04:48:26,92.77400,0.00,-0.07,78.50,5.41,8.44,121.70,-2.33,-34.20,7754,Select7ccy,21.81,21.81hrs
13/06/2025 04:05:02,buy,0.27,AUDCAD,0.88069,13/06/2025 04:09:45,0.88234,0.00,0.00,16.50,32.68,32.68,16.50,0.00,0.00,7754,Select7ccy,0.08,0.08hrs
12/06/2025 04:42:06,buy,0.03,AUDCAD,0.88696,13/06/2025 04:09:45,0.88230,0.00,0.02,-46.60,-10.23,5.29,23.00,-14.32,-65.20,7754,Select7ccy,23.46,23.46hrs
13/06/2025 03:22:05,buy,0.09,AUDCAD,0.88376,13/06/2025 04:09:44,0.88235,0.00,0.00,-14.10,-9.31,0.13,0.20,-21.91,-33.20,7754,Select7ccy,0.79,0.79hrs
02/06/2025 21:44:01,buy,0.01,AUDCAD,0.89004,13/06/2025 04:09:43,0.88231,0.00,0.11,-77.30,-5.56,3.31,44.40,-6.93,-96.00,7754,Select7ccy,246.43,10.27days
13/06/2025 03:39:04,buy,0.27,AUDJPY,92.54800,13/06/2025 03:48:12,92.72800,0.00,0.00,18.00,33.96,33.96,18.00,-6.42,-3.40,7754,Select7ccy,0.15,0.15hrs
13/06/2025 03:20:00,buy,0.09,AUDJPY,92.87600,13/06/2025 03:48:11,92.72900,0.00,0.00,-14.70,-9.24,0.00,0.00,-22.80,-36.20,7754,Select7ccy,0.47,0.47hrs
13/06/2025 03:03:00,buy,0.03,AUDJPY,93.18900,13/06/2025 03:48:11,92.72500,0.00,0.00,-46.40,-9.73,0.00,0.00,-14.17,-67.50,7754,Select7ccy,0.75,0.75hrs
12/06/2025 19:13:03,buy,0.01,AUDJPY,93.79300,13/06/2025 03:48:10,92.72600,0.00,0.02,-106.70,-7.43,0.00,0.00,-8.93,-127.90,7754,Select7ccy,8.59,8.59hrs
11/06/2025 09:23:29,sell,0.03,AUDNZD,1.08014,13/06/2025 03:08:07,1.07640,0.00,-0.31,37.40,6.48,7.24,41.10,-0.54,-3.00,7754,Select7ccy,41.74,1.74days
30/05/2025 04:09:44,sell,0.01,AUDNZD,1.07661,13/06/2025 03:08:06,1.07642,0.00,-0.34,1.90,-0.22,2.21,37.40,-3.18,-49.90,7754,Select7ccy,334.97,13.96days
11/06/2025 21:17:00,buy,0.03,AUDJPY,93.94500,12/06/2025 18:07:39,93.85100,0.00,0.16,-9.40,-1.80,1.95,9.40,-14.48,-70.20,7754,Select7ccy,20.84,20.84hrs
12/06/2025 04:16:00,buy,0.09,AUDJPY,93.61800,12/06/2025 18:07:38,93.85100,0.00,0.00,23.30,14.59,14.59,23.30,-23.47,-37.50,7754,Select7ccy,13.86,13.86hrs
11/06/2025 19:33:04,buy,0.01,AUDJPY,94.26000,12/06/2025 18:07:38,93.85400,0.00,0.05,-40.60,-2.77,0.75,10.90,-7.02,-101.70,7754,Select7ccy,22.58,22.58hrs
12/06/2025 04:12:02,buy,0.09,CADJPY,105.35600,12/06/2025 17:36:45,105.57600,0.00,0.00,22.00,13.78,13.78,22.00,-10.68,-17.00,7754,Select7ccy,13.41,13.41hrs
11/06/2025 18:53:02,buy,0.03,CADJPY,105.76400,12/06/2025 17:36:44,105.57600,0.00,0.16,-18.80,-3.77,3.46,16.70,-11.94,-57.80,7754,Select7ccy,22.73,22.73hrs
11/06/2025 16:34:00,buy,0.01,CADJPY,106.05400,12/06/2025 17:36:44,105.57600,0.00,0.05,-47.80,-3.28,0.81,11.70,-6.01,-86.80,7754,Select7ccy,25.05,1.04days
05/06/2025 16:16:00,sell,0.03,AUDCAD,0.89075,12/06/2025 04:50:08,0.88703,0.00,-0.84,37.20,7.33,8.40,42.10,-8.96,-39.40,7754,Select7ccy,156.57,6.52days
02/06/2025 14:52:03,sell,0.01,AUDCAD,0.88777,12/06/2025 04:50:07,0.88703,0.00,-0.48,7.40,0.06,1.47,21.30,-5.36,-69.20,7754,Select7ccy,229.97,9.58days
06/06/2025 16:21:03,sell,0.03,AUDJPY,93.95600,12/06/2025 04:49:25,93.39000,0.00,-1.31,56.60,10.49,11.80,62.90,-16.87,-78.40,7754,Select7ccy,132.47,5.52days
05/06/2025 20:57:17,sell,0.01,AUDJPY,93.61500,12/06/2025 04:49:25,93.39600,0.00,-0.50,21.90,1.02,1.81,28.80,-8.03,-112.50,7754,Select7ccy,151.87,6.33days
05/06/2025 12:22:00,buy,0.01,AUDJPY,93.24900,11/06/2025 18:29:27,94.26500,0.00,0.08,101.60,7.11,10.22,147.20,-1.45,-20.70,7754,Select7ccy,150.12,6.26days
05/06/2025 17:08:00,buy,0.01,CADJPY,104.94100,11/06/2025 15:33:19,105.83700,0.00,0.08,89.60,6.28,9.10,131.10,-0.73,-10.80,7754,Select7ccy,142.42,5.93days
06/06/2025 16:22:02,buy,0.03,NZDUSD,0.60152,11/06/2025 15:30:11,0.60428,0.00,-0.25,27.60,8.03,14.45,48.40,-2.77,-9.00,7754,Select7ccy,119.14,4.96days
06/06/2025 16:31:09,sell,0.27,CADJPY,105.80000,11/06/2025 15:30:10,106.01200,0.00,-4.54,-21.20,-44.07,90.52,49.10,-92.00,-47.10,7754,Select7ccy,118.98,4.96days
05/06/2025 20:33:04,buy,0.01,NZDUSD,0.60475,11/06/2025 15:30:10,0.60436,0.00,-0.10,-3.90,-0.49,1.57,16.10,-4.17,-41.30,7754,Select7ccy,138.95,5.79days
05/06/2025 15:52:00,sell,0.03,CADJPY,105.07800,11/06/2025 15:30:09,105.99200,0.00,-0.68,-91.40,-19.62,6.09,29.00,-25.29,-119.30,7754,Select7ccy,143.64,5.98days
11/06/2025 15:05:00,sell,0.81,CADJPY,106.26800,11/06/2025 15:30:08,105.99700,0.00,0.00,27.10,151.65,151.65,27.10,-1.67,-0.30,7754,Select7ccy,0.42,0.42hrs
06/06/2025 09:36:17,sell,0.09,CADJPY,105.43200,11/06/2025 15:30:08,106.00400,0.00,-1.51,-57.20,-37.08,10.38,16.60,-53.44,-83.90,7754,Select7ccy,125.90,5.25days
04/06/2025 18:19:01,sell,0.01,CADJPY,104.59700,11/06/2025 15:30:07,105.98600,0.00,-0.41,-138.90,-10.01,1.99,30.80,-11.92,-167.40,7754,Select7ccy,165.19,6.88days
05/06/2025 18:33:00,sell,0.09,AUDJPY,93.75600,05/06/2025 19:50:37,93.53500,0.00,0.00,22.10,13.85,14.16,22.60,-1.88,-3.00,7754,Select7ccy,1.29,1.29hrs
05/06/2025 15:50:00,sell,0.03,AUDJPY,93.45200,05/06/2025 19:50:36,93.53500,0.00,0.00,-8.30,-1.73,2.62,12.50,-6.96,-33.40,7754,Select7ccy,4.01,4.01hrs
04/06/2025 17:01:27,sell,0.01,AUDJPY,93.12500,05/06/2025 19:50:35,93.53600,0.00,-0.22,-41.10,-3.08,3.64,55.00,-4.81,-66.10,7754,Select7ccy,26.82,1.12days
03/06/2025 09:59:00,buy,0.01,NZDUSD,0.60012,05/06/2025 18:06:04,0.60489,0.00,-0.10,47.70,4.67,7.48,75.80,-1.25,-12.50,7754,Select7ccy,56.12,2.34days
04/06/2025 17:00:06,buy,0.03,CADJPY,104.68300,05/06/2025 15:50:28,105.10600,0.00,0.17,42.30,9.02,9.02,42.30,-8.52,-41.30,7754,Select7ccy,22.84,22.84hrs
03/06/2025 18:23:16,buy,0.01,CADJPY,104.94100,05/06/2025 15:50:28,105.11200,0.00,0.08,17.10,1.27,2.40,34.30,-4.63,-67.10,7754,Select7ccy,45.45,1.89days
04/06/2025 19:13:08,buy,0.03,AUDJPY,92.76500,05/06/2025 11:21:27,93.14800,0.00,0.17,38.30,8.19,9.56,44.90,-5.11,-25.10,7754,Select7ccy,16.14,16.14hrs
04/06/2025 16:50:03,buy,0.01,AUDJPY,93.36100,05/06/2025 11:21:27,93.14800,0.00,0.06,-21.30,-1.43,0.00,0.00,-5.88,-84.70,7754,Select7ccy,18.52,18.52hrs
03/06/2025 17:28:02,sell,0.09,CADJPY,104.85500,04/06/2025 17:05:14,104.61700,0.00,-0.52,23.80,14.44,14.44,23.80,-28.28,-44.50,7754,Select7ccy,23.62,23.62hrs
03/06/2025 16:31:33,sell,0.03,CADJPY,104.54700,04/06/2025 17:05:14,104.61300,0.00,-0.17,-6.60,-1.55,0.31,1.20,-15.82,-75.30,7754,Select7ccy,24.56,1.02days
03/06/2025 06:06:01,sell,0.01,CADJPY,104.18800,04/06/2025 17:05:13,104.61900,0.00,-0.06,-43.10,-3.07,2.05,29.30,-7.77,-111.20,7754,Select7ccy,34.99,1.46days
03/06/2025 14:37:34,buy,0.01,AUDJPY,92.42900,04/06/2025 15:43:20,93.14600,0.00,0.02,71.70,5.02,8.03,115.60,-0.36,-5.10,7754,Select7ccy,25.10,1.05days
04/06/2025 14:40:01,sell,0.09,AUDJPY,93.53200,04/06/2025 15:34:06,93.26000,0.00,0.00,27.20,17.03,17.03,27.20,-4.37,-7.00,7754,Select7ccy,0.90,0.90hrs
03/06/2025 17:29:02,sell,0.03,AUDJPY,93.02200,04/06/2025 15:34:05,93.25800,0.00,-0.22,-23.60,-5.14,2.34,12.30,-12.28,-58.00,7754,Select7ccy,22.08,22.08hrs
30/05/2025 18:42:32,sell,0.01,AUDJPY,92.71300,04/06/2025 15:34:05,93.25700,0.00,-0.21,-54.40,-4.00,4.16,61.40,-6.37,-88.90,7754,Select7ccy,116.86,4.87days
03/06/2025 07:53:09,buy,0.03,AUDCHF,0.52902,03/06/2025 17:33:21,0.53229,0.00,0.00,32.70,11.92,13.62,37.40,-5.73,-15.60,7754,Select7ccy,9.67,9.67hrs
29/05/2025 07:58:01,buy,0.01,AUDCHF,0.53525,03/06/2025 17:33:20,0.53233,0.00,0.12,-29.20,-3.43,0.00,0.00,-9.41,-77.90,7754,Select7ccy,129.59,5.40days
02/06/2025 14:40:14,buy,0.03,CADJPY,104.06300,03/06/2025 16:59:54,104.56900,0.00,0.06,50.60,10.63,11.65,55.50,-4.41,-21.20,7754,Select7ccy,26.33,1.10days
29/05/2025 12:44:00,buy,0.01,CADJPY,105.01500,03/06/2025 16:59:53,104.55000,0.00,0.06,-46.50,-3.18,0.51,7.40,-8.11,-116.40,7754,Select7ccy,124.26,5.18days
03/06/2025 10:22:31,buy,0.09,AUDJPY,92.10100,03/06/2025 13:35:45,92.34800,0.00,0.00,24.70,15.55,15.92,25.30,-1.07,-1.80,7754,Select7ccy,3.22,3.22hrs
02/06/2025 17:03:01,buy,0.03,AUDJPY,92.41800,03/06/2025 13:35:44,92.34800,0.00,0.06,-7.00,-1.41,8.49,40.20,-6.97,-33.50,7754,Select7ccy,20.55,20.55hrs
29/05/2025 17:53:24,buy,0.01,AUDJPY,93.02200,03/06/2025 13:35:43,92.34700,0.00,0.06,-67.50,-4.66,0.12,1.80,-6.60,-94.80,7754,Select7ccy,115.71,4.82days
03/06/2025 03:11:12,buy,0.27,AUDNZD,1.07428,03/06/2025 09:46:58,1.07712,0.00,0.00,28.40,45.95,45.95,28.40,-26.64,-16.30,7754,Select7ccy,6.60,6.60hrs
23/05/2025 12:26:30,buy,0.03,AUDNZD,1.08499,03/06/2025 09:46:58,1.07712,0.00,-0.08,-78.70,-14.23,0.72,4.00,-22.49,-123.40,7754,Select7ccy,261.34,10.89days
28/05/2025 05:16:55,buy,0.09,AUDNZD,1.08008,03/06/2025 09:46:57,1.07712,0.00,-0.18,-29.60,-16.15,10.36,19.50,-40.65,-74.30,7754,Select7ccy,148.50,6.19days
22/05/2025 11:04:00,buy,0.01,AUDNZD,1.08802,03/06/2025 09:46:57,1.07712,0.00,-0.02,-109.00,-6.55,0.14,2.30,-9.32,-153.70,7754,Select7ccy,286.72,11.95days
29/05/2025 12:31:05,buy,0.01,NZDUSD,0.59696,03/06/2025 05:38:09,0.60235,0.00,-0.07,53.90,5.32,8.22,82.90,-2.21,-21.90,7754,Select7ccy,113.12,4.71days
30/05/2025 22:45:11,sell,0.01,CADJPY,104.88000,03/06/2025 04:31:59,104.30100,0.00,-0.12,57.90,3.92,6.96,100.90,-0.41,-5.30,7754,Select7ccy,77.78,3.24days
30/05/2025 10:09:05,buy,0.03,AUDCAD,0.88669,02/06/2025 18:06:25,0.88961,0.00,0.02,29.20,6.41,7.64,34.80,-8.15,-37.40,7754,Select7ccy,79.96,3.33days
23/05/2025 17:14:00,buy,0.01,AUDCAD,0.89002,02/06/2025 18:06:24,0.88963,0.00,0.07,-3.90,-0.21,3.63,49.60,-5.08,-70.70,7754,Select7ccy,240.87,10.04days
20/05/2025 15:17:31,sell,0.01,AUDCAD,0.89357,02/06/2025 12:33:23,0.88777,0.00,-0.53,58.00,3.71,6.72,99.00,-2.19,-29.30,7754,Select7ccy,309.26,12.89days
30/05/2025 17:53:00,sell,0.09,CADJPY,104.93900,30/05/2025 19:25:02,104.69500,0.00,0.00,24.40,15.24,15.24,24.40,-2.49,-4.00,7754,Select7ccy,1.53,1.53hrs
30/05/2025 17:37:20,sell,0.03,CADJPY,104.59700,30/05/2025 19:25:02,104.69300,0.00,0.00,-9.60,-2.00,0.00,0.00,-7.94,-38.20,7754,Select7ccy,1.79,1.79hrs
30/05/2025 14:55:23,sell,0.01,CADJPY,104.17300,30/05/2025 19:25:01,104.69700,0.00,0.00,-52.40,-3.63,1.70,24.40,-5.58,-80.60,7754,Select7ccy,4.49,4.49hrs
29/05/2025 05:41:09,sell,0.01,AUDJPY,93.45500,30/05/2025 17:24:33,92.46300,0.00,-0.07,99.20,6.83,9.43,136.00,-2.57,-37.50,7754,Select7ccy,35.72,1.49days
29/05/2025 13:18:01,sell,0.01,CADJPY,104.99500,30/05/2025 12:31:16,104.36000,0.00,-0.06,63.50,4.35,7.48,107.70,0.00,0.00,7754,Select7ccy,23.22,23.22hrs
29/05/2025 07:57:02,sell,0.03,AUDNZD,1.08215,29/05/2025 17:43:26,1.07819,0.00,0.00,39.60,7.09,8.57,47.80,-0.18,-1.00,7754,Select7ccy,9.77,9.77hrs
28/05/2025 06:21:26,sell,0.01,AUDNZD,1.07907,29/05/2025 17:43:26,1.07819,0.00,-0.08,8.80,0.45,1.32,23.50,-1.97,-31.80,7754,Select7ccy,35.37,1.47days
27/05/2025 09:29:13,buy,0.01,AUDJPY,92.85200,29/05/2025 13:26:35,93.39400,0.00,0.07,54.20,3.81,6.68,96.60,-1.43,-20.50,7754,Select7ccy,51.96,2.16days
29/05/2025 02:37:29,sell,0.27,CADJPY,105.27300,29/05/2025 11:34:17,105.04800,0.00,0.00,22.50,41.82,41.82,22.50,-47.46,-25.70,7754,Select7ccy,8.95,8.95hrs
27/05/2025 11:52:20,sell,0.03,CADJPY,104.50300,29/05/2025 11:34:17,105.04700,0.00,-0.67,-54.40,-11.91,5.31,26.30,-21.74,-102.70,7754,Select7ccy,47.70,1.99days
28/05/2025 18:19:08,sell,0.09,CADJPY,104.93300,29/05/2025 11:34:16,105.04700,0.00,-1.50,-11.40,-8.56,14.54,24.50,-38.25,-59.70,7754,Select7ccy,17.25,17.25hrs
23/05/2025 17:23:17,sell,0.01,CADJPY,103.61300,29/05/2025 11:34:15,105.04700,0.00,-0.35,-143.40,-10.23,0.24,5.10,-13.46,-191.70,7754,Select7ccy,138.18,5.76days
27/05/2025 23:17:05,buy,0.01,CADJPY,104.53100,29/05/2025 11:03:14,105.08400,0.00,0.07,55.30,3.88,6.79,98.20,-2.12,-30.80,7754,Select7ccy,35.77,1.49days
27/05/2025 11:52:24,buy,0.03,NZDUSD,0.59577,29/05/2025 09:32:17,0.59570,0.00,-0.28,-0.70,-0.49,6.02,20.30,-10.30,-34.10,7754,Select7ccy,45.66,1.90days
29/05/2025 05:06:00,buy,0.09,NZDUSD,0.59271,29/05/2025 09:32:16,0.59570,0.00,0.00,29.90,26.91,28.53,31.60,0.00,0.00,7754,Select7ccy,4.44,4.44hrs
27/05/2025 09:11:04,buy,0.01,NZDUSD,0.59907,29/05/2025 09:32:15,0.59569,0.00,-0.09,-33.80,-3.47,0.31,3.10,-6.73,-67.10,7754,Select7ccy,48.35,2.01days
29/05/2025 04:02:14,sell,0.27,AUDJPY,93.83600,29/05/2025 04:20:17,93.57100,0.00,0.00,26.50,49.02,49.02,26.50,0.00,0.00,7754,Select7ccy,0.30,0.30hrs
29/05/2025 02:15:01,sell,0.09,AUDJPY,93.46500,29/05/2025 04:20:17,93.57600,0.00,0.00,-11.10,-6.84,0.00,0.00,-22.96,-37.30,7754,Select7ccy,2.09,2.09hrs
28/05/2025 19:39:25,sell,0.03,AUDJPY,93.12900,29/05/2025 04:20:16,93.57600,0.00,-0.65,-44.70,-9.84,1.35,8.20,-15.20,-70.90,7754,Select7ccy,8.68,8.68hrs
22/05/2025 21:42:14,sell,0.01,AUDJPY,92.46200,29/05/2025 04:20:16,93.57600,0.00,-0.52,-111.40,-8.15,5.34,77.30,-9.93,-137.60,7754,Select7ccy,150.63,6.28days
15/05/2025 11:38:18,buy,0.03,AUDCHF,0.53750,29/05/2025 02:02:21,0.53258,0.00,1.84,-49.20,-15.99,6.96,18.30,-29.69,-84.40,7754,Select7ccy,326.40,13.60days
28/05/2025 15:54:13,buy,0.27,AUDCHF,0.53127,29/05/2025 02:02:20,0.53258,0.00,3.36,13.10,46.09,46.09,13.10,-52.00,-15.90,7754,Select7ccy,10.14,10.14hrs
20/05/2025 08:46:01,buy,0.09,AUDCHF,0.53442,29/05/2025 02:02:19,0.53259,0.00,4.33,-18.30,-15.57,15.86,12.20,-56.58,-53.60,7754,Select7ccy,209.27,8.72days
12/05/2025 12:35:00,buy,0.01,AUDCHF,0.54049,29/05/2025 02:02:19,0.53259,0.00,0.82,-79.00,-8.72,5.20,43.30,-13.32,-114.30,7754,Select7ccy,397.46,16.56days
28/05/2025 03:22:10,sell,0.03,AUDNZD,1.08445,28/05/2025 05:20:11,1.08106,0.00,0.00,33.90,6.06,7.89,44.10,-1.27,-7.30,7754,Select7ccy,1.97,1.97hrs
27/05/2025 08:15:06,sell,0.01,AUDNZD,1.08140,28/05/2025 05:20:10,1.08106,0.00,-0.03,3.40,0.17,0.78,13.60,-2.46,-40.80,7754,Select7ccy,21.08,21.08hrs
23/05/2025 19:07:58,buy,0.01,CADJPY,103.77500,27/05/2025 22:16:57,104.53600,0.00,0.04,76.10,5.32,8.15,117.10,-1.58,-23.00,7754,Select7ccy,99.15,4.13days
27/05/2025 05:36:10,buy,0.03,AUDJPY,92.17000,27/05/2025 08:17:08,92.48600,0.00,0.00,31.60,6.63,7.94,37.90,-0.15,-0.70,7754,Select7ccy,2.68,2.68hrs
23/05/2025 19:22:02,buy,0.01,AUDJPY,92.46100,27/05/2025 08:17:07,92.48600,0.00,0.04,2.50,0.22,5.04,71.70,-2.05,-29.80,7754,Select7ccy,84.92,3.54days
16/05/2025 07:27:01,buy,0.01,NZDUSD,0.59061,27/05/2025 08:08:09,0.59757,0.00,-0.19,69.60,6.77,12.16,123.30,-3.94,-39.30,7754,Select7ccy,264.69,11.03days
23/05/2025 14:45:34,buy,0.03,CADJPY,103.34400,23/05/2025 17:42:19,103.69400,0.00,0.00,35.00,7.36,9.16,43.80,-6.40,-30.40,7754,Select7ccy,2.95,2.95hrs
22/05/2025 18:07:32,buy,0.01,CADJPY,103.75000,23/05/2025 17:42:18,103.69200,0.00,0.02,-5.80,-0.39,2.13,30.70,-4.96,-71.00,7754,Select7ccy,23.58,23.58hrs
23/05/2025 14:50:14,buy,0.03,AUDJPY,91.97300,23/05/2025 17:28:06,92.33100,0.00,0.00,35.80,7.53,8.33,39.10,-6.38,-30.30,7754,Select7ccy,2.63,2.63hrs
22/05/2025 04:01:01,buy,0.01,AUDJPY,92.40500,23/05/2025 17:28:05,92.33600,0.00,0.02,-6.90,-0.47,1.89,26.80,-5.14,-73.50,7754,Select7ccy,37.45,1.56days
22/05/2025 08:25:13,sell,0.03,AUDNZD,1.08792,23/05/2025 15:23:56,1.08296,0.00,-0.09,49.60,8.77,10.36,58.50,-2.60,-14.20,7754,Select7ccy,30.98,1.29days
20/05/2025 14:27:04,sell,0.01,AUDNZD,1.08473,23/05/2025 15:23:55,1.08296,0.00,-0.15,17.70,0.91,1.43,26.60,-2.87,-46.10,7754,Select7ccy,72.95,3.04days
22/05/2025 20:21:09,sell,0.03,CADJPY,103.98000,23/05/2025 15:13:40,103.13300,0.00,-0.17,84.70,17.64,19.23,92.20,-2.00,-9.60,7754,Select7ccy,18.88,18.88hrs
22/05/2025 15:15:18,sell,0.01,CADJPY,103.37200,23/05/2025 15:13:39,103.13400,0.00,-0.06,23.80,1.61,2.14,31.40,-4.88,-70.40,7754,Select7ccy,23.97,23.97hrs
22/05/2025 18:19:16,buy,0.03,AUDCAD,0.88903,23/05/2025 14:44:39,0.89203,0.00,0.03,30.00,6.55,8.42,38.60,-3.31,-15.40,7754,Select7ccy,20.42,20.42hrs
21/05/2025 01:03:00,buy,0.01,AUDCAD,0.89373,23/05/2025 14:44:38,0.89205,0.00,0.04,-16.80,-1.18,1.85,25.10,-4.47,-62.40,7754,Select7ccy,61.69,2.57days
16/05/2025 06:48:07,sell,0.01,AUDJPY,93.26800,22/05/2025 19:19:57,92.45700,0.00,-0.47,81.10,5.16,8.24,124.90,-4.02,-56.20,7754,Select7ccy,156.53,6.52days
22/05/2025 10:41:01,buy,0.03,CADJPY,103.23700,22/05/2025 17:03:36,103.60600,0.00,0.00,36.90,7.70,8.49,40.70,-1.97,-9.40,7754,Select7ccy,6.38,6.38hrs
22/05/2025 04:03:01,buy,0.01,CADJPY,103.61700,22/05/2025 17:03:35,103.60100,0.00,0.00,-1.60,-0.11,0.19,2.70,-3.32,-47.40,7754,Select7ccy,13.01,13.01hrs
16/05/2025 01:43:02,sell,0.01,CADJPY,104.24900,22/05/2025 14:05:18,103.60100,0.00,-0.35,64.80,4.16,7.26,108.70,-1.80,-26.30,7754,Select7ccy,156.37,6.52days
20/05/2025 08:46:13,buy,0.03,AUDNZD,1.08365,22/05/2025 09:34:07,1.08727,0.00,0.01,36.20,6.44,7.78,43.70,-4.58,-25.80,7754,Select7ccy,48.80,2.03days
09/05/2025 15:05:00,buy,0.01,AUDNZD,1.08693,22/05/2025 09:34:06,1.08727,0.00,-0.01,3.40,0.19,3.03,51.50,-3.49,-58.60,7754,Select7ccy,306.49,12.77days
20/05/2025 05:21:01,buy,0.03,CADJPY,103.69000,22/05/2025 01:21:37,103.98400,0.00,0.21,29.40,6.32,7.98,37.40,-6.77,-32.60,7754,Select7ccy,44.01,1.83days
19/05/2025 18:31:04,buy,0.01,CADJPY,104.06200,22/05/2025 01:21:37,103.98600,0.00,0.09,-7.60,-0.44,0.78,11.10,-4.83,-69.80,7754,Select7ccy,54.84,2.29days
21/05/2025 20:31:04,buy,0.09,AUDJPY,92.41500,22/05/2025 01:02:07,92.64600,0.00,0.55,23.10,14.99,14.99,23.10,-8.16,-13.90,7754,Select7ccy,4.52,4.52hrs
20/05/2025 08:42:00,buy,0.03,AUDJPY,92.75400,22/05/2025 01:02:07,92.62000,0.00,0.24,-13.40,-2.56,4.70,22.70,-9.75,-47.80,7754,Select7ccy,40.34,1.68days
19/05/2025 13:49:00,buy,0.01,AUDJPY,93.33800,22/05/2025 01:02:06,92.65200,0.00,0.10,-68.60,-4.66,3.26,47.10,-7.30,-106.20,7754,Select7ccy,59.22,2.47days
20/05/2025 08:44:30,sell,0.01,AUDCHF,0.53491,21/05/2025 15:06:47,0.53251,0.00,-0.10,24.00,2.81,6.05,50.60,-0.53,-4.40,7754,Select7ccy,30.37,1.27days
20/05/2025 15:37:01,buy,0.09,AUDCAD,0.89165,20/05/2025 19:33:20,0.89365,0.00,0.00,20.00,12.91,13.88,21.50,-6.01,-9.30,7754,Select7ccy,3.94,3.94hrs
20/05/2025 09:50:17,buy,0.03,AUDCAD,0.89488,20/05/2025 19:33:20,0.89365,0.00,0.00,-12.30,-2.64,1.25,5.80,-8.96,-41.60,7754,Select7ccy,9.72,9.72hrs
19/05/2025 16:44:01,buy,0.01,AUDCAD,0.89922,20/05/2025 19:33:19,0.89365,0.00,0.01,-55.70,-3.98,1.28,17.90,-6.10,-85.00,7754,Select7ccy,26.82,1.12days
19/05/2025 12:09:06,sell,0.03,AUDCAD,0.89813,20/05/2025 13:50:30,0.89481,0.00,-0.13,33.20,7.01,8.50,40.10,-7.70,-35.20,7754,Select7ccy,25.69,1.07days
16/05/2025 16:15:00,sell,0.01,AUDCAD,0.89466,20/05/2025 13:50:29,0.89481,0.00,-0.08,-1.50,-0.19,0.53,7.40,-5.09,-69.90,7754,Select7ccy,93.59,3.90days
19/05/2025 11:35:00,sell,0.03,AUDNZD,1.09024,20/05/2025 08:50:25,1.08437,0.00,-0.09,58.70,10.33,11.17,63.40,-1.31,-7.40,7754,Select7ccy,21.26,21.26hrs
16/05/2025 09:27:04,sell,0.01,AUDNZD,1.08723,20/05/2025 08:50:25,1.08437,0.00,-0.06,28.60,1.63,1.91,33.30,-2.33,-39.00,7754,Select7ccy,95.39,3.97days
19/05/2025 18:54:00,sell,0.03,AUDCHF,0.53868,20/05/2025 07:42:26,0.53624,0.00,-0.30,24.40,8.47,9.45,27.10,-4.93,-12.90,7754,Select7ccy,12.81,12.81hrs
16/05/2025 09:25:07,sell,0.01,AUDCHF,0.53564,20/05/2025 07:42:25,0.53625,0.00,-0.20,-6.10,-0.93,0.81,7.50,-5.38,-43.30,7754,Select7ccy,94.29,3.93days
15/05/2025 09:47:06,buy,0.03,CADJPY,104.19200,19/05/2025 17:30:46,104.10300,0.00,0.12,-8.90,-1.72,6.12,28.80,-10.17,-49.60,7754,Select7ccy,103.73,4.32days
19/05/2025 03:55:00,buy,0.09,CADJPY,103.87600,19/05/2025 17:30:45,104.09500,0.00,0.00,21.90,13.59,13.59,21.90,-11.20,-18.00,7754,Select7ccy,13.60,13.60hrs
14/05/2025 18:53:11,buy,0.01,CADJPY,104.94300,19/05/2025 17:30:44,104.10200,0.00,0.10,-84.10,-5.70,0.97,14.20,-8.52,-124.70,7754,Select7ccy,118.63,4.94days
15/05/2025 17:45:00,buy,0.03,AUDCAD,0.89502,19/05/2025 14:30:27,0.89896,0.00,0.06,39.40,8.53,9.76,45.10,-5.56,-26.00,7754,Select7ccy,92.76,3.86days
15/05/2025 00:47:06,buy,0.01,AUDCAD,0.89892,19/05/2025 14:30:26,0.89893,0.00,0.02,0.10,0.03,1.24,17.30,-4.63,-65.00,7754,Select7ccy,109.72,4.57days
15/05/2025 11:43:00,buy,0.27,AUDJPY,93.57700,19/05/2025 12:10:40,93.23400,0.00,1.12,-34.30,-62.85,17.58,9.50,-149.86,-80.80,7754,Select7ccy,96.46,4.02days
14/05/2025 12:25:00,buy,0.03,AUDJPY,94.69100,19/05/2025 12:10:39,93.23400,0.00,0.31,-145.70,-29.88,1.36,6.80,-39.48,-192.20,7754,Select7ccy,119.76,4.99days
19/05/2025 04:11:17,buy,0.81,AUDJPY,92.90900,19/05/2025 12:10:37,93.23500,0.00,0.00,32.60,182.38,182.38,32.60,-6.70,-0.90,7754,Select7ccy,7.99,7.99hrs
14/05/2025 16:45:01,buy,0.09,AUDJPY,94.31800,19/05/2025 12:10:35,93.23600,0.00,0.94,-108.20,-66.31,8.67,14.10,-95.31,-154.90,7754,Select7ccy,115.43,4.81days
14/05/2025 08:41:26,buy,0.01,AUDJPY,95.22500,19/05/2025 12:10:33,93.23600,0.00,0.10,-198.90,-13.63,0.80,11.80,-16.85,-245.50,7754,Select7ccy,123.49,5.15days
14/05/2025 05:30:01,sell,0.01,AUDCAD,0.90260,16/05/2025 08:52:38,0.89699,0.00,-0.17,56.10,3.86,6.92,99.00,-1.12,-15.50,7754,Select7ccy,51.38,2.14days
15/05/2025 04:31:01,sell,0.09,AUDNZD,1.09156,16/05/2025 06:13:21,1.08876,0.00,-0.23,28.00,14.62,15.58,29.80,-3.88,-6.70,7754,Select7ccy,25.71,1.07days
12/05/2025 10:02:05,sell,0.03,AUDNZD,1.08784,16/05/2025 06:13:20,1.08876,0.00,-0.48,-9.20,-2.11,2.94,16.70,-8.29,-44.50,7754,Select7ccy,92.19,3.84days
06/05/2025 02:54:04,sell,0.01,AUDNZD,1.08364,16/05/2025 06:13:19,1.08876,0.00,-0.34,-51.20,-3.36,3.17,52.90,-5.42,-86.50,7754,Select7ccy,243.32,10.14days
14/05/2025 12:20:02,sell,0.01,AUDCHF,0.54164,16/05/2025 06:01:09,0.53562,0.00,-0.40,60.20,6.81,9.67,84.00,-1.40,-9.30,7754,Select7ccy,41.69,1.74days
14/05/2025 19:41:00,buy,0.03,NZDUSD,0.59045,16/05/2025 05:42:47,0.58851,0.00,-0.29,-19.40,-6.11,1.04,4.20,-13.15,-43.20,7754,Select7ccy,34.03,1.42days
15/05/2025 17:43:01,buy,0.09,NZDUSD,0.58625,16/05/2025 05:42:46,0.58851,0.00,-0.22,22.60,20.12,20.93,24.20,-0.99,-1.20,7754,Select7ccy,12.00,12.00hrs
13/05/2025 19:43:03,buy,0.01,NZDUSD,0.59408,16/05/2025 05:42:46,0.58852,0.00,-0.11,-55.60,-5.67,2.67,27.00,-8.03,-79.50,7754,Select7ccy,58.00,2.42days
14/05/2025 05:18:02,sell,0.01,AUDJPY,95.34600,16/05/2025 05:37:18,93.21800,0.00,-0.32,212.80,14.32,17.29,255.40,-0.54,-8.30,7754,Select7ccy,48.32,2.01days
14/05/2025 20:23:03,sell,0.01,CADJPY,104.87000,16/05/2025 00:02:05,104.44400,0.00,-0.24,42.60,2.69,5.93,89.00,-1.64,-23.30,7754,Select7ccy,27.65,1.15days
12/05/2025 14:01:05,sell,0.01,CADJPY,106.08500,14/05/2025 18:51:03,104.94600,0.00,-0.12,113.90,7.65,10.26,151.50,-1.41,-20.10,7754,Select7ccy,52.83,2.20days
13/05/2025 09:44:00,buy,0.01,AUDCAD,0.89564,14/05/2025 18:03:54,0.90004,0.00,0.01,44.00,3.16,5.99,83.20,-0.20,-2.80,7754,Select7ccy,32.33,1.35days
14/05/2025 16:51:08,buy,0.27,CADJPY,104.50800,14/05/2025 17:53:11,104.76500,0.00,0.00,25.70,47.42,47.42,25.70,0.00,0.00,7754,Select7ccy,1.03,1.03hrs
14/05/2025 12:14:10,buy,0.09,CADJPY,104.95900,14/05/2025 17:53:11,104.77100,0.00,0.00,-18.80,-11.56,0.98,1.60,-25.30,-41.00,7754,Select7ccy,5.65,5.65hrs
14/05/2025 11:05:00,buy,0.03,CADJPY,105.36100,14/05/2025 17:53:10,104.76400,0.00,0.00,-59.70,-12.24,0.00,0.00,-16.72,-81.30,7754,Select7ccy,6.80,6.80hrs
14/05/2025 05:28:01,buy,0.01,CADJPY,105.69400,14/05/2025 17:53:10,104.76600,0.00,0.00,-92.80,-6.34,0.26,3.80,-7.86,-114.10,7754,Select7ccy,12.42,12.42hrs
13/05/2025 18:43:12,sell,0.09,AUDCHF,0.54418,14/05/2025 11:08:37,0.54256,0.00,-0.90,16.20,16.56,16.56,16.20,-8.88,-8.10,7754,Select7ccy,16.42,16.42hrs
13/05/2025 15:39:00,sell,0.03,AUDCHF,0.54113,14/05/2025 11:08:37,0.54255,0.00,-0.30,-14.20,-5.40,2.14,6.00,-13.83,-38.70,7754,Select7ccy,19.49,19.49hrs
13/05/2025 03:08:01,sell,0.01,AUDCHF,0.53799,14/05/2025 11:08:36,0.54259,0.00,-0.10,-46.00,-5.61,1.03,8.40,-8.34,-70.10,7754,Select7ccy,32.01,1.33days
12/05/2025 19:25:13,buy,0.01,AUDJPY,94.37500,14/05/2025 07:31:47,95.18500,0.00,0.04,81.00,5.55,8.48,124.80,-1.76,-26.30,7754,Select7ccy,36.11,1.50days
13/05/2025 17:58:01,sell,0.09,AUDJPY,95.52400,14/05/2025 04:16:52,95.30600,0.00,-0.71,21.80,12.61,13.10,22.70,-7.43,-12.30,7754,Select7ccy,10.31,10.31hrs
13/05/2025 17:36:03,sell,0.03,AUDJPY,95.22500,14/05/2025 04:16:51,95.30600,0.00,-0.24,-8.10,-1.89,0.00,0.00,-8.55,-42.20,7754,Select7ccy,10.68,10.68hrs
12/05/2025 13:09:12,sell,0.01,AUDJPY,94.71400,14/05/2025 04:16:50,95.30700,0.00,-0.16,-59.30,-4.18,3.84,58.00,-6.39,-93.10,7754,Select7ccy,39.13,1.63days
13/05/2025 16:38:03,buy,0.03,CADJPY,105.52000,14/05/2025 03:27:16,105.86300,0.00,0.06,34.30,7.03,8.25,40.10,0.00,0.00,7754,Select7ccy,10.82,10.82hrs
12/05/2025 16:51:00,buy,0.01,CADJPY,105.87500,14/05/2025 03:27:16,105.86200,0.00,0.04,-1.30,-0.05,2.44,36.30,-2.42,-35.60,7754,Select7ccy,34.60,1.44days
13/05/2025 16:39:09,sell,0.09,AUDCAD,0.90027,14/05/2025 01:16:35,0.90176,0.00,-0.39,-14.90,-10.01,4.50,6.40,-24.04,-37.30,7754,Select7ccy,8.62,8.62hrs
13/05/2025 18:55:04,sell,0.27,AUDCAD,0.90336,14/05/2025 01:16:34,0.90176,0.00,-1.18,16.00,29.82,30.58,16.40,-12.37,-6.30,7754,Select7ccy,6.36,6.36hrs
13/05/2025 10:45:17,sell,0.03,AUDCAD,0.89689,14/05/2025 01:16:33,0.90176,0.00,-0.13,-48.70,-10.61,2.77,12.90,-15.30,-71.20,7754,Select7ccy,14.52,14.52hrs
12/05/2025 13:05:01,sell,0.01,AUDCAD,0.89390,14/05/2025 01:16:33,0.90169,0.00,-0.08,-77.90,-5.67,2.79,38.80,-7.28,-101.10,7754,Select7ccy,36.19,1.51days
12/05/2025 10:45:08,buy,0.03,NZDUSD,0.58818,13/05/2025 18:02:19,0.59265,0.00,-0.07,44.70,13.34,14.15,47.40,-10.78,-35.70,7754,Select7ccy,31.29,1.30days
08/05/2025 06:11:07,buy,0.01,NZDUSD,0.59739,13/05/2025 18:02:19,0.59265,0.00,-0.08,-47.40,-4.82,0.00,0.00,-12.86,-127.80,7754,Select7ccy,131.85,5.49days
12/05/2025 19:14:00,buy,0.03,AUDCAD,0.89109,13/05/2025 08:32:24,0.89496,0.00,0.03,38.70,8.35,9.51,44.10,-4.37,-20.50,7754,Select7ccy,13.31,13.31hrs
12/05/2025 01:01:02,buy,0.01,AUDCAD,0.89509,13/05/2025 08:32:23,0.89496,0.00,0.01,-1.30,-0.09,2.24,31.30,-4.32,-60.50,7754,Select7ccy,31.52,1.31days
12/05/2025 10:01:04,sell,0.09,AUDCHF,0.53946,12/05/2025 18:05:22,0.53736,0.00,0.00,21.00,22.42,22.42,21.10,-25.52,-23.90,7754,Select7ccy,8.07,8.07hrs
12/05/2025 00:32:16,sell,0.03,AUDCHF,0.53541,12/05/2025 18:05:21,0.53737,0.00,0.00,-19.60,-6.98,1.91,5.20,-22.75,-64.80,7754,Select7ccy,17.55,17.55hrs
08/05/2025 08:28:00,sell,0.01,AUDCHF,0.53095,12/05/2025 18:05:20,0.53737,0.00,-0.20,-64.20,-7.82,2.31,19.00,-13.18,-109.20,7754,Select7ccy,105.62,4.40days
09/05/2025 05:22:01,buy,0.01,AUDJPY,93.14300,12/05/2025 17:50:38,94.46200,0.00,0.02,131.90,8.92,11.42,169.20,-1.81,-26.20,7754,Select7ccy,84.48,3.52days
12/05/2025 02:49:03,buy,0.01,CADJPY,104.78700,12/05/2025 14:52:40,105.79200,0.00,0.00,100.50,6.79,9.69,144.00,-1.49,-21.70,7754,Select7ccy,12.06,12.06hrs
12/05/2025 11:18:00,sell,0.27,CADJPY,106.00700,12/05/2025 11:35:07,105.78800,0.00,0.00,21.90,40.02,40.02,21.90,0.00,0.00,7754,Select7ccy,0.29,0.29hrs
12/05/2025 10:26:01,sell,0.09,CADJPY,105.57600,12/05/2025 11:35:06,105.78500,0.00,0.00,-20.90,-12.73,0.00,0.00,-25.70,-42.10,7754,Select7ccy,1.15,1.15hrs
12/05/2025 10:01:00,sell,0.03,CADJPY,105.21100,12/05/2025 11:35:06,105.78300,0.00,0.00,-57.20,-11.61,0.00,0.00,-15.96,-78.60,7754,Select7ccy,1.57,1.57hrs
09/05/2025 05:47:09,sell,0.01,CADJPY,104.64000,12/05/2025 11:35:05,105.78600,0.00,-0.06,-114.60,-7.82,4.35,62.60,-9.23,-135.70,7754,Select7ccy,77.80,3.24days
12/05/2025 11:08:00,sell,0.27,AUDJPY,94.84800,12/05/2025 11:34:26,94.59700,0.00,0.00,25.10,45.85,45.85,25.10,0.00,0.00,7754,Select7ccy,0.44,0.44hrs
12/05/2025 10:01:07,sell,0.09,AUDJPY,94.52500,12/05/2025 11:34:25,94.60400,0.00,0.00,-7.90,-4.81,7.36,11.50,-17.68,-29.10,7754,Select7ccy,1.55,1.55hrs
12/05/2025 01:02:00,sell,0.03,AUDJPY,93.88800,12/05/2025 11:34:25,94.60100,0.00,0.00,-71.30,-14.47,6.96,33.90,-19.05,-94.80,7754,Select7ccy,10.54,10.54hrs
09/05/2025 05:10:00,sell,0.01,AUDJPY,93.01200,12/05/2025 11:34:24,94.61000,0.00,-0.08,-159.80,-10.90,0.76,10.90,-12.36,-182.70,7754,Select7ccy,78.41,3.27days
09/05/2025 01:03:00,buy,0.01,AUDCHF,0.53227,12/05/2025 11:34:18,0.53964,0.00,0.04,73.70,8.78,11.15,93.90,-1.67,-13.70,7754,Select7ccy,82.52,3.44days
12/05/2025 10:11:07,sell,0.09,AUDCAD,0.89849,12/05/2025 10:26:31,0.89653,0.00,0.00,19.60,12.63,12.63,19.60,0.00,0.00,7754,Select7ccy,0.26,0.26hrs
09/05/2025 17:24:00,sell,0.03,AUDCAD,0.89491,12/05/2025 10:26:31,0.89658,0.00,-0.13,-16.70,-3.72,4.01,18.60,-7.71,-34.80,7754,Select7ccy,65.04,2.71days
08/05/2025 08:07:44,sell,0.01,AUDCAD,0.89178,12/05/2025 10:26:30,0.89654,0.00,-0.08,-47.60,-3.49,2.28,32.30,-4.82,-66.00,7754,Select7ccy,98.31,4.10days
09/05/2025 17:25:00,buy,0.03,CADJPY,104.11500,12/05/2025 00:08:01,105.02900,0.00,0.05,91.40,18.82,20.24,98.40,-2.40,-11.60,7754,Select7ccy,54.72,2.28days
09/05/2025 08:32:00,buy,0.01,CADJPY,104.61100,12/05/2025 00:08:01,105.03100,0.00,0.02,42.00,2.89,3.36,48.80,-4.27,-61.60,7754,Select7ccy,63.60,2.65days
07/05/2025 17:12:01,buy,0.03,AUDCAD,0.89107,09/05/2025 17:40:20,0.89461,0.00,0.12,35.40,7.75,8.76,40.20,-6.29,-29.00,7754,Select7ccy,48.47,2.02days
06/05/2025 21:25:15,buy,0.01,AUDCAD,0.89474,09/05/2025 17:40:19,0.89461,0.00,0.05,-1.30,-0.04,1.60,21.90,-4.74,-65.90,7754,Select7ccy,68.25,2.84days
06/05/2025 19:17:00,buy,0.01,CADJPY,103.76400,09/05/2025 06:02:29,104.50800,0.00,0.09,74.40,5.20,8.11,117.50,-3.18,-45.30,7754,Select7ccy,58.76,2.45days
06/05/2025 07:37:12,buy,0.03,AUDNZD,1.08121,09/05/2025 04:38:36,1.08460,0.00,-0.01,33.90,5.98,7.34,41.60,-5.53,-30.80,7754,Select7ccy,69.02,2.88days
06/05/2025 03:41:08,buy,0.01,AUDNZD,1.08451,09/05/2025 04:38:36,1.08460,0.00,0.00,0.90,0.05,0.51,8.60,-3.82,-63.80,7754,Select7ccy,72.96,3.04days
07/05/2025 23:21:02,buy,0.01,AUDJPY,92.51600,09/05/2025 04:04:45,93.08300,0.00,0.08,56.70,3.97,6.89,99.80,-1.66,-24.70,7754,Select7ccy,28.73,1.20days
08/05/2025 19:50:15,sell,0.09,AUDJPY,93.41100,09/05/2025 03:51:35,93.19100,0.00,-0.69,22.00,12.89,12.89,22.00,-7.82,-12.70,7754,Select7ccy,8.02,8.02hrs
08/05/2025 18:28:03,sell,0.03,AUDJPY,93.10000,09/05/2025 03:51:34,93.18900,0.00,-0.23,-8.90,-2.07,0.00,0.00,-8.99,-43.80,7754,Select7ccy,9.39,9.39hrs
07/05/2025 05:47:06,sell,0.01,AUDJPY,92.78600,09/05/2025 03:51:34,93.18600,0.00,-0.31,-40.00,-3.05,3.58,51.40,-5.38,-75.20,7754,Select7ccy,46.07,1.92days
08/05/2025 18:44:00,sell,0.09,CADJPY,104.55900,09/05/2025 03:51:33,104.70100,0.00,-0.51,-14.20,-9.28,2.60,4.20,-24.69,-40.10,7754,Select7ccy,9.13,9.13hrs
08/05/2025 22:23:00,sell,0.27,CADJPY,104.87700,09/05/2025 03:51:32,104.69700,0.00,-1.52,18.00,31.81,31.81,18.00,-15.33,-8.30,7754,Select7ccy,5.48,5.48hrs
08/05/2025 11:10:05,sell,0.03,CADJPY,104.23900,09/05/2025 03:51:32,104.69700,0.00,-0.17,-45.80,-9.59,3.16,14.10,-14.80,-72.10,7754,Select7ccy,16.69,16.69hrs
06/05/2025 02:19:00,sell,0.01,CADJPY,103.92400,09/05/2025 03:51:31,104.69500,0.00,-0.29,-77.10,-5.57,4.44,63.30,-7.32,-103.60,7754,Select7ccy,73.54,3.06days
07/05/2025 17:53:00,buy,0.03,AUDCHF,0.53030,08/05/2025 22:39:53,0.53288,0.00,0.39,25.80,9.69,10.91,29.20,-8.03,-23.10,7754,Select7ccy,28.78,1.20days
07/05/2025 09:09:13,buy,0.01,AUDCHF,0.53511,08/05/2025 22:39:53,0.53288,0.00,0.13,-22.30,-2.55,0.00,0.00,-8.53,-71.20,7754,Select7ccy,37.51,1.56days
07/05/2025 18:23:04,buy,0.03,NZDUSD,0.59756,08/05/2025 04:52:06,0.59648,0.00,-0.23,-10.80,-3.47,0.12,0.40,-13.01,-42.60,7754,Select7ccy,10.48,10.48hrs
07/05/2025 22:15:01,buy,0.09,NZDUSD,0.59416,08/05/2025 04:52:05,0.59649,0.00,-0.69,23.30,20.28,20.28,23.30,-8.43,-8.60,7754,Select7ccy,6.62,6.62hrs
07/05/2025 06:57:00,buy,0.01,NZDUSD,0.60057,08/05/2025 04:52:05,0.59649,0.00,-0.08,-40.80,-4.16,0.39,3.90,-7.35,-72.70,7754,Select7ccy,21.92,21.92hrs
07/05/2025 07:37:34,sell,0.01,AUDCHF,0.53484,08/05/2025 00:22:54,0.53053,0.00,-0.30,43.10,4.93,7.86,64.70,-0.50,-4.00,7754,Select7ccy,16.76,16.76hrs
06/05/2025 19:43:01,sell,0.03,AUDCAD,0.89436,07/05/2025 22:19:25,0.88891,0.00,-0.13,54.50,11.70,12.80,59.60,-6.12,-27.50,7754,Select7ccy,26.61,1.11days
30/04/2025 05:43:00,sell,0.01,AUDCAD,0.88505,07/05/2025 22:19:24,0.88892,0.00,-0.29,-38.70,-3.09,3.40,0.00,-9.05,-120.60,7754,Select7ccy,184.61,7.69days
07/05/2025 21:09:04,buy,0.03,AUDJPY,92.23500,07/05/2025 21:46:13,92.68700,0.00,0.00,45.20,9.43,9.43,45.20,0.00,0.00,7754,Select7ccy,0.62,0.62hrs
06/05/2025 18:21:14,buy,0.01,AUDJPY,92.63700,07/05/2025 21:46:11,92.68900,0.00,0.02,5.20,0.38,4.40,62.90,-2.61,-37.30,7754,Select7ccy,27.42,1.14days
30/04/2025 22:09:13,buy,0.01,NZDUSD,0.59460,07/05/2025 05:48:08,0.59903,0.00,-0.11,44.30,4.32,7.21,73.20,-5.15,-10.00,7754,Select7ccy,151.65,6.32days
06/05/2025 18:26:01,sell,0.03,AUDCHF,0.53451,07/05/2025 05:13:01,0.53606,0.00,-0.30,-15.50,-5.93,4.27,12.00,-14.09,-38.00,7754,Select7ccy,10.78,10.78hrs
07/05/2025 01:22:00,sell,0.09,AUDCHF,0.53771,07/05/2025 05:13:00,0.53607,0.00,0.00,16.40,17.86,17.86,16.40,-6.53,-6.10,7754,Select7ccy,3.85,3.85hrs
06/05/2025 04:53:00,sell,0.01,AUDCHF,0.53150,07/05/2025 05:13:00,0.53605,0.00,-0.10,-45.50,-5.61,0.80,6.60,-8.34,-68.10,7754,Select7ccy,24.33,1.01days
07/05/2025 01:20:00,sell,0.03,AUDJPY,93.19800,07/05/2025 04:23:28,92.83400,0.00,0.00,36.40,7.64,7.64,36.90,-1.78,-8.60,7754,Select7ccy,3.06,3.06hrs
06/05/2025 02:19:12,sell,0.01,AUDJPY,92.86100,07/05/2025 04:23:27,92.83100,0.00,-0.08,3.00,0.13,4.93,70.00,-3.03,-42.20,7754,Select7ccy,26.07,1.09days
06/05/2025 07:42:03,buy,0.01,AUDCHF,0.53213,07/05/2025 03:13:32,0.53582,0.00,0.04,36.90,4.52,7.33,60.20,-1.76,-14.60,7754,Select7ccy,19.52,19.52hrs
06/05/2025 12:53:04,buy,0.03,AUDCAD,0.89066,06/05/2025 19:49:02,0.89381,0.00,0.00,31.50,6.86,8.06,37.30,0.00,0.00,7754,Select7ccy,6.93,6.93hrs
06/05/2025 07:57:14,buy,0.01,AUDCAD,0.89383,06/05/2025 19:49:01,0.89383,0.00,0.00,0.00,0.00,0.38,5.30,-2.50,-34.60,7754,Select7ccy,11.86,11.86hrs
06/05/2025 14:33:02,buy,0.09,CADJPY,103.38700,06/05/2025 18:12:28,103.60500,0.00,0.00,21.80,13.74,13.74,21.80,-7.40,-11.40,7754,Select7ccy,3.66,3.66hrs
06/05/2025 10:36:00,buy,0.03,CADJPY,103.72500,06/05/2025 18:12:27,103.60500,0.00,0.00,-12.00,-2.52,0.84,3.80,-9.59,-45.20,7754,Select7ccy,7.61,7.61hrs
06/05/2025 02:08:00,buy,0.01,CADJPY,104.04900,06/05/2025 18:12:27,103.60400,0.00,0.00,-44.50,-3.12,1.03,14.90,-5.47,-77.80,7754,Select7ccy,16.07,16.07hrs
06/05/2025 12:19:01,buy,0.09,AUDJPY,92.24600,06/05/2025 17:20:50,92.46800,0.00,0.00,22.20,14.01,14.32,22.70,-6.95,-10.80,7754,Select7ccy,5.03,5.03hrs
06/05/2025 10:36:03,buy,0.03,AUDJPY,92.55000,06/05/2025 17:20:49,92.46800,0.00,0.00,-8.20,-1.72,0.75,3.60,-8.72,-41.20,7754,Select7ccy,6.75,6.75hrs
06/05/2025 03:58:00,buy,0.01,AUDJPY,92.87300,06/05/2025 17:20:48,92.46300,0.00,0.00,-41.00,-2.88,1.13,16.30,-5.18,-73.50,7754,Select7ccy,13.38,13.38hrs
30/04/2025 22:57:00,buy,0.01,AUDCAD,0.88337,06/05/2025 03:22:13,0.89192,0.00,0.06,85.50,6.24,9.31,127.90,-2.20,0.00,7754,Select7ccy,124.42,5.18days
30/04/2025 15:33:03,buy,0.03,NZDUSD,0.59106,30/04/2025 21:08:22,0.59379,0.00,0.00,27.30,8.19,9.75,27.30,-3.78,0.00,7754,Select7ccy,5.59,5.59hrs
24/04/2025 09:16:01,buy,0.01,NZDUSD,0.59544,30/04/2025 21:08:21,0.59383,0.00,-0.08,-16.10,-1.69,4.56,0.00,-5.72,-16.10,7754,Select7ccy,155.87,6.49days
29/04/2025 17:19:01,buy,0.03,AUDCAD,0.88441,30/04/2025 17:58:46,0.88359,0.00,0.03,-8.20,-1.75,5.82,0.00,-9.25,-8.20,7754,Select7ccy,24.66,1.03days
30/04/2025 16:32:00,buy,0.09,AUDCAD,0.88120,30/04/2025 17:58:45,0.88362,0.00,0.00,24.20,15.77,15.77,24.20,-6.96,0.00,7754,Select7ccy,1.45,1.45hrs
29/04/2025 15:40:00,buy,0.01,AUDCAD,0.88771,30/04/2025 17:58:45,0.88356,0.00,0.01,-41.50,-2.99,0.00,0.00,-5.47,-41.50,7754,Select7ccy,26.31,1.10days
24/04/2025 17:41:00,sell,0.03,AUDCAD,0.88733,30/04/2025 04:05:17,0.88327,0.00,-0.54,40.60,8.26,9.40,40.60,-8.29,0.00,7754,Select7ccy,130.40,5.43days
24/04/2025 08:57:02,sell,0.01,AUDCAD,0.88030,30/04/2025 04:05:17,0.88325,0.00,-0.18,-29.50,-2.31,0.00,0.00,-7.85,-29.50,7754,Select7ccy,139.14,5.80days
24/04/2025 09:19:05,buy,0.01,AUDCAD,0.88177,29/04/2025 13:17:49,0.88698,0.00,0.03,52.10,3.80,6.49,52.10,-0.08,0.00,7754,Select7ccy,123.98,5.17days
23/04/2025 18:18:01,sell,0.01,AUDCHF,0.52840,23/04/2025 23:35:42,0.52848,0.00,0.00,-0.80,-0.09,2.78,0.00,-0.36,-0.80,7754,Select7ccy,5.29,5.29hrs
23/04/2025 04:03:01,buy,0.01,AUDCAD,0.88490,23/04/2025 23:35:42,0.88267,0.00,0.00,-22.30,-1.61,3.43,0.00,-1.89,-22.30,7754,Select7ccy,19.54,19.54hrs
22/04/2025 13:38:00,buy,0.01,AUDCHF,0.51982,23/04/2025 23:35:42,0.52831,0.00,0.04,84.90,10.25,12.99,84.90,-1.63,0.00,7754,Select7ccy,33.96,1.42days
22/04/2025 11:47:00,sell,0.01,AUDNZD,1.06729,23/04/2025 23:35:42,1.06960,0.00,-0.03,-23.10,-1.40,1.04,0.00,-3.15,-23.10,7754,Select7ccy,35.81,1.49days
23/04/2025 10:29:03,sell,0.03,AUDNZD,1.07112,23/04/2025 23:35:41,1.06957,0.00,0.00,15.50,2.76,5.27,15.50,-2.46,0.00,7754,Select7ccy,13.11,13.11hrs
23/04/2025 02:11:08,sell,0.01,CADJPY,103.10800,23/04/2025 23:35:41,103.41100,0.00,0.00,-30.30,-2.11,4.85,0.69,-2.11,-30.30,7754,Select7ccy,21.41,21.41hrs
22/04/2025 13:36:00,buy,0.01,AUDNZD,1.06639,23/04/2025 23:35:41,1.06943,0.00,0.00,30.40,1.80,3.53,30.40,-0.76,0.00,7754,Select7ccy,33.99,1.42days
23/04/2025 11:57:00,buy,0.01,NZDUSD,0.59859,23/04/2025 23:35:40,0.59459,0.00,0.00,-40.00,-4.00,2.51,0.00,-4.03,-40.00,7754,Select7ccy,11.64,11.64hrs
23/04/2025 06:18:01,buy,0.01,CADJPY,102.63300,23/04/2025 23:35:40,103.38900,0.00,0.00,75.60,5.27,5.27,75.60,-1.64,-0.23,7754,Select7ccy,17.29,17.29hrs
23/04/2025 05:12:00,sell,0.01,NZDUSD,0.59706,23/04/2025 23:35:40,0.59474,0.00,0.00,23.20,2.32,2.34,23.20,-4.21,0.00,7754,Select7ccy,18.39,18.39hrs
23/04/2025 21:05:00,sell,0.01,AUDCAD,0.88412,23/04/2025 23:35:39,0.88292,0.00,0.00,12.00,0.86,1.17,12.00,-0.33,0.00,7754,Select7ccy,2.51,2.51hrs
23/04/2025 20:39:00,sell,0.01,AUDJPY,91.03800,23/04/2025 23:35:39,91.28600,0.00,0.00,-24.80,-1.73,0.00,0.00,-1.90,-24.80,7754,Select7ccy,2.94,2.94hrs
23/04/2025 19:31:01,buy,0.01,AUDJPY,91.02800,23/04/2025 23:35:39,91.25300,0.00,0.00,22.50,1.57,1.81,22.50,-0.65,-0.09,7754,Select7ccy,4.08,4.08hrs
23/04/2025 16:38:23,sell,0.03,AUDCAD,0.88937,23/04/2025 18:33:15,0.88562,0.00,0.00,37.50,8.11,8.87,37.50,-1.13,0.00,7754,Select7ccy,1.91,1.91hrs
22/04/2025 10:46:03,sell,0.01,AUDCAD,0.88603,23/04/2025 18:33:14,0.88565,0.00,-0.05,3.80,0.22,4.94,3.80,-2.84,0.00,7754,Select7ccy,31.79,1.32days
23/04/2025 00:38:03,sell,0.03,AUDJPY,90.76800,23/04/2025 18:24:08,90.92400,0.00,0.00,-15.60,-3.28,3.49,0.17,-16.12,-15.60,7754,Select7ccy,17.77,17.77hrs
23/04/2025 16:38:28,sell,0.09,AUDJPY,91.37500,23/04/2025 18:24:07,90.90900,0.00,0.00,46.60,29.45,29.45,46.60,-9.99,-0.16,7754,Select7ccy,1.76,1.76hrs
22/04/2025 10:55:00,sell,0.01,AUDJPY,90.01000,23/04/2025 18:24:06,90.88700,0.00,-0.08,-87.70,-6.25,2.34,0.33,-10.78,-87.70,7754,Select7ccy,31.48,1.31days
23/04/2025 16:38:19,sell,0.27,AUDCHF,0.53031,23/04/2025 17:17:38,0.52853,0.00,0.00,17.80,58.27,58.27,17.80,-7.53,0.00,7754,Select7ccy,0.66,0.66hrs
23/04/2025 02:51:01,sell,0.09,AUDCHF,0.52649,23/04/2025 17:17:38,0.52851,0.00,0.00,-20.20,-22.04,17.76,0.00,-44.18,-20.20,7754,Select7ccy,14.44,14.44hrs
22/04/2025 19:22:01,sell,0.03,AUDCHF,0.52290,23/04/2025 17:17:37,0.52850,0.00,-0.31,-56.00,-20.68,7.90,0.00,-28.09,-56.00,7754,Select7ccy,21.93,21.93hrs
22/04/2025 11:29:00,sell,0.01,AUDCHF,0.51950,23/04/2025 17:17:36,0.52847,0.00,-0.10,-89.70,-10.98,1.04,0.00,-13.48,-89.70,7754,Select7ccy,29.81,1.24days
22/04/2025 21:10:00,buy,0.01,AUDJPY,90.17400,23/04/2025 17:17:28,91.16200,0.00,0.02,98.80,6.96,9.44,98.80,-1.22,-0.18,7754,Select7ccy,20.12,20.12hrs
22/04/2025 22:55:00,buy,0.03,NZDUSD,0.59677,23/04/2025 09:55:48,0.59919,0.00,-0.08,24.20,7.18,8.41,24.20,-7.85,0.00,7754,Select7ccy,11.01,11.01hrs
22/04/2025 17:36:01,buy,0.01,NZDUSD,0.59983,23/04/2025 09:55:48,0.59918,0.00,-0.03,-6.50,-0.68,0.08,0.00,-5.68,-6.50,7754,Select7ccy,16.33,16.33hrs
22/04/2025 10:46:00,buy,0.01,CADJPY,101.72200,23/04/2025 03:31:47,102.89800,0.00,0.02,117.60,8.28,11.05,117.60,-3.27,-0.46,7754,Select7ccy,16.76,16.76hrs
22/04/2025 10:48:01,sell,0.01,NZDUSD,0.60014,23/04/2025 03:02:02,0.59680,0.00,0.01,33.40,3.35,5.82,33.40,-1.05,0.00,7754,Select7ccy,16.23,16.23hrs
22/04/2025 17:57:01,buy,0.03,AUDCAD,0.88312,23/04/2025 02:50:32,0.88210,0.00,0.03,-10.20,-2.18,2.04,0.00,-9.98,-10.20,7754,Select7ccy,8.89,8.89hrs
22/04/2025 22:19:07,buy,0.09,AUDCAD,0.88012,23/04/2025 02:50:31,0.88207,0.00,0.10,19.50,12.78,12.78,19.50,-10.39,0.00,7754,Select7ccy,4.52,4.52hrs
22/04/2025 13:19:00,buy,0.01,AUDCAD,0.88621,23/04/2025 02:50:30,0.88205,0.00,0.01,-41.60,-3.00,0.00,0.00,-5.56,-41.60,7754,Select7ccy,13.53,13.53hrs
23/04/2025 00:31:07,sell,0.03,CADJPY,102.73300,23/04/2025 01:10:48,103.01100,0.00,0.00,-27.80,-5.84,0.00,0.00,-10.75,-27.80,7754,Select7ccy,0.66,0.66hrs
23/04/2025 01:01:03,sell,0.09,CADJPY,103.27100,23/04/2025 01:10:47,103.02000,0.00,0.00,25.10,15.83,15.83,25.10,0.00,0.00,7754,Select7ccy,0.16,0.16hrs
22/04/2025 22:32:00,sell,0.01,CADJPY,102.40200,23/04/2025 01:10:47,103.02000,0.00,-0.05,-61.80,-4.38,0.23,0.03,-5.95,-61.80,7754,Select7ccy,2.65,2.65hrs
22/04/2025 20:10:00,sell,0.09,CADJPY,102.42100,22/04/2025 20:16:19,102.19900,0.00,0.00,22.20,14.16,14.16,22.20,0.00,0.00,7754,Select7ccy,0.11,0.11hrs
22/04/2025 19:00:00,sell,0.03,CADJPY,102.06900,22/04/2025 20:16:19,102.20100,0.00,0.00,-13.20,-2.80,1.64,0.08,-7.64,-13.20,7754,Select7ccy,1.27,1.27hrs
22/04/2025 11:02:01,sell,0.01,CADJPY,101.52500,22/04/2025 20:16:17,102.20200,0.00,0.00,-67.70,-4.80,1.73,0.24,-6.33,-67.70,7754,Select7ccy,9.24,9.24hrs
22/04/2025 13:05:02,buy,0.03,AUDJPY,89.83500,22/04/2025 19:01:59,90.22000,0.00,0.00,38.50,8.19,8.19,38.50,-3.74,-0.17,7754,Select7ccy,5.95,5.95hrs
22/04/2025 11:35:01,buy,0.01,AUDJPY,90.19300,22/04/2025 19:01:59,90.22300,0.00,0.00,3.00,0.21,0.21,3.00,-3.80,-0.53,7754,Select7ccy,7.45,7.45hrs
21/04/2025 20:12:02,sell,0.01,AUDCAD,0.88597,22/04/2025 09:45:36,0.88767,0.00,-0.05,-17.00,-1.28,0.00,0.00,-2.25,-17.00,7754,Select7ccy,13.56,13.56hrs
16/04/2025 03:17:03,buy,0.01,AUDCAD,0.88521,22/04/2025 09:45:36,0.88743,0.00,0.07,22.20,1.68,2.60,22.20,-3.89,-0.01,7754,Select7ccy,150.48,6.27days
09/04/2025 22:20:01,buy,0.01,AUDCHF,0.52716,22/04/2025 09:45:36,0.52081,0.00,0.53,-63.50,-7.30,4.17,0.00,-27.85,-63.50,7754,Select7ccy,299.43,12.48days
21/04/2025 03:55:00,buy,0.03,AUDCHF,0.51860,22/04/2025 09:45:35,0.52089,0.00,0.13,22.90,8.60,10.18,22.90,-7.74,0.00,7754,Select7ccy,29.84,1.24days
18/04/2025 16:30:00,sell,0.01,AUDCHF,0.52040,22/04/2025 09:45:35,0.52105,0.00,-0.20,-6.50,-1.00,4.53,0.00,-1.95,-6.50,7754,Select7ccy,89.26,3.72days
21/04/2025 08:45:02,buy,0.01,AUDJPY,90.43400,22/04/2025 09:45:34,90.15800,0.00,0.02,-27.60,-1.95,1.34,0.19,-3.22,-27.60,7754,Select7ccy,25.01,1.04days
21/04/2025 03:53:01,sell,0.01,AUDJPY,90.28300,22/04/2025 09:45:34,90.18100,0.00,-0.08,10.20,0.65,1.93,10.20,-2.59,-0.36,7754,Select7ccy,29.88,1.24days
17/04/2025 01:41:01,sell,0.01,AUDNZD,1.07325,22/04/2025 09:45:33,1.07004,0.00,-0.09,32.10,1.84,3.17,32.10,-1.75,0.00,7754,Select7ccy,128.08,5.34days
15/04/2025 05:20:00,buy,0.03,AUDNZD,1.07424,22/04/2025 09:45:33,1.06974,0.00,-0.02,-45.00,-8.12,8.27,0.00,-12.20,-45.00,7754,Select7ccy,172.43,7.18days
14/04/2025 02:59:02,buy,0.01,AUDNZD,1.08020,22/04/2025 09:45:33,1.06974,0.00,0.00,-104.60,-6.28,0.00,0.00,-7.65,-104.60,7754,Select7ccy,198.78,8.28days
21/04/2025 05:35:00,buy,0.09,AUDNZD,1.07078,22/04/2025 09:45:32,1.06976,0.00,-0.04,-10.20,-5.55,0.21,0.00,-17.85,-10.20,7754,Select7ccy,28.18,1.17days
21/04/2025 00:14:42,buy,0.03,CADJPY,102.41500,22/04/2025 09:45:32,101.58300,0.00,0.05,-83.20,-17.74,5.36,0.26,-21.87,-83.20,7754,Select7ccy,33.51,1.40days
16/04/2025 19:30:00,buy,0.01,CADJPY,102.78200,22/04/2025 09:45:32,101.58300,0.00,0.11,-119.90,-8.43,2.41,0.34,-9.82,-119.90,7754,Select7ccy,134.26,5.59days
21/04/2025 04:14:01,buy,0.09,CADJPY,102.11300,22/04/2025 09:45:31,101.58200,0.00,0.14,-53.10,-33.91,2.17,0.03,-46.18,-53.10,7754,Select7ccy,29.52,1.23days
15/04/2025 05:19:02,sell,0.03,NZDUSD,0.59028,22/04/2025 09:45:31,0.60065,0.00,0.13,-103.70,-30.98,3.77,0.00,-37.16,-103.70,7754,Select7ccy,172.44,7.19days
14/04/2025 15:59:03,sell,0.01,NZDUSD,0.58441,22/04/2025 09:45:31,0.60060,0.00,0.07,-161.90,-16.12,0.74,0.00,-18.23,-161.90,7754,Select7ccy,185.77,7.74days
21/04/2025 06:07:12,sell,0.27,NZDUSD,0.59824,22/04/2025 09:45:30,0.60063,0.00,0.14,-23.90,-64.39,0.00,0.00,-120.55,-23.90,7754,Select7ccy,27.64,1.15days
17/04/2025 15:46:00,sell,0.09,NZDUSD,0.59511,22/04/2025 09:45:30,0.60065,0.00,0.15,-55.40,-49.71,21.83,0.00,-68.25,-55.40,7754,Select7ccy,113.99,4.75days
22/04/2025 05:13:05,buy,0.01,NZDUSD,0.60052,22/04/2025 09:45:29,0.60049,0.00,0.00,-0.30,-0.03,1.97,0.00,-0.38,-0.30,7754,Select7ccy,4.54,4.54hrs
22/04/2025 04:03:01,sell,0.01,CADJPY,101.76800,22/04/2025 09:45:29,101.59800,0.00,0.00,17.00,1.21,2.50,17.00,-1.09,-0.15,7754,Select7ccy,5.71,5.71hrs
22/04/2025 08:35:01,buy,0.03,AUDJPY,90.01100,22/04/2025 09:45:28,90.16300,0.00,0.00,15.20,3.25,3.38,15.20,-1.01,-0.05,7754,Select7ccy,1.17,1.17hrs
22/04/2025 08:26:03,sell,0.81,NZDUSD,0.60240,22/04/2025 09:45:28,0.60061,0.00,0.00,17.90,144.99,149.85,17.90,-25.11,0.00,7754,Select7ccy,1.32,1.32hrs
22/04/2025 06:04:00,buy,0.27,CADJPY,101.50700,22/04/2025 09:45:28,101.58100,0.00,0.00,7.40,14.23,19.24,7.40,-22.00,-0.11,7754,Select7ccy,3.69,3.69hrs
18/04/2025 09:08:01,buy,0.01,NZDUSD,0.59364,22/04/2025 03:26:14,0.59876,0.00,-0.05,51.20,5.07,8.11,51.20,-1.64,0.00,7754,Select7ccy,90.30,3.76days
11/04/2025 10:07:01,sell,0.01,CADJPY,102.90500,22/04/2025 03:02:41,101.96300,0.00,-0.47,94.20,6.21,9.09,94.20,-7.40,-1.06,7754,Select7ccy,256.93,10.71days
21/04/2025 10:53:00,sell,0.09,AUDCAD,0.88754,21/04/2025 18:21:01,0.88524,0.00,0.00,23.00,14.99,14.99,23.00,-1.44,0.00,7754,Select7ccy,7.47,7.47hrs
21/04/2025 06:36:00,sell,0.03,AUDCAD,0.88449,21/04/2025 18:21:01,0.88528,0.00,0.00,-7.90,-1.71,0.00,0.00,-7.13,-7.90,7754,Select7ccy,11.75,11.75hrs
17/04/2025 10:06:01,sell,0.01,AUDCAD,0.87978,21/04/2025 18:21:00,0.88525,0.00,-0.10,-54.70,-4.06,0.00,0.00,-5.89,-54.70,7754,Select7ccy,104.25,4.34days
21/04/2025 04:10:00,buy,0.09,AUDJPY,90.11700,21/04/2025 06:42:38,90.31900,0.00,0.00,20.20,12.92,13.75,20.20,-8.64,-0.14,7754,Select7ccy,2.54,2.54hrs
21/04/2025 00:48:03,buy,0.03,AUDJPY,90.43400,21/04/2025 06:42:38,90.31900,0.00,0.00,-11.50,-2.45,2.70,0.13,-9.66,-11.50,7754,Select7ccy,5.91,5.91hrs
16/04/2025 12:39:00,buy,0.01,AUDJPY,90.98500,21/04/2025 06:42:36,90.31900,0.00,0.10,-66.60,-4.63,1.11,0.16,-7.04,-66.60,7754,Select7ccy,114.06,4.75days
17/04/2025 20:48:03,sell,0.03,AUDJPY,90.96700,21/04/2025 00:11:22,90.55400,0.00,-0.46,41.30,8.27,8.73,41.30,-4.10,-0.19,7754,Select7ccy,75.39,3.14days
15/04/2025 12:41:00,sell,0.01,AUDJPY,90.66100,21/04/2025 00:11:21,90.55400,0.00,-0.47,10.70,0.29,3.34,10.70,-4.52,-0.65,7754,Select7ccy,131.51,5.48days
17/04/2025 20:48:00,sell,0.03,AUDCHF,0.52416,18/04/2025 06:05:56,0.52112,0.00,-0.31,30.40,10.84,12.31,30.40,-2.92,0.00,7754,Select7ccy,9.30,9.30hrs
16/04/2025 12:07:02,sell,0.01,AUDCHF,0.51996,18/04/2025 06:05:55,0.52115,0.00,-0.41,-11.90,-1.86,3.41,0.00,-6.41,-11.90,7754,Select7ccy,41.98,1.75days
15/04/2025 23:31:33,buy,0.01,NZDUSD,0.59018,18/04/2025 05:47:40,0.59456,0.00,-0.10,43.80,4.28,7.37,43.80,-1.34,0.00,7754,Select7ccy,54.27,2.26days
15/04/2025 15:31:00,sell,0.03,AUDCAD,0.88534,17/04/2025 08:44:46,0.88084,0.00,-0.57,45.00,9.15,10.36,45.00,-5.58,0.00,7754,Select7ccy,41.23,1.72days
15/04/2025 14:52:00,sell,0.01,AUDCAD,0.88156,17/04/2025 08:44:45,0.88089,0.00,-0.19,6.70,0.29,0.73,6.70,-4.57,-0.01,7754,Select7ccy,41.88,1.74days
16/04/2025 13:22:00,sell,0.03,AUDNZD,1.07786,17/04/2025 00:01:24,1.07506,0.00,-0.25,28.00,4.74,7.64,28.00,-2.31,0.00,7754,Select7ccy,10.66,10.66hrs
11/04/2025 16:15:01,sell,0.01,AUDNZD,1.07482,17/04/2025 00:01:23,1.07506,0.00,-0.15,-2.40,-0.30,1.46,0.00,-4.91,-2.40,7754,Select7ccy,127.77,5.32days
15/04/2025 19:56:00,buy,0.09,CADJPY,102.46000,16/04/2025 18:25:45,102.87500,0.00,0.14,41.50,26.29,26.29,41.50,-24.93,-0.39,7754,Select7ccy,22.50,22.50hrs
15/04/2025 15:25:03,buy,0.03,CADJPY,102.76900,16/04/2025 18:25:44,102.87500,0.00,0.05,10.60,2.28,7.44,10.60,-14.83,-0.70,7754,Select7ccy,27.01,1.13days
09/04/2025 22:21:00,buy,0.01,CADJPY,104.76800,16/04/2025 18:25:44,102.87600,0.00,0.13,-189.20,-13.12,1.54,0.24,-18.89,-189.20,7754,Select7ccy,164.08,6.84days
16/04/2025 08:31:00,buy,0.03,AUDJPY,90.27600,16/04/2025 11:28:55,90.74500,0.00,0.00,46.90,9.86,9.86,46.90,-2.38,-0.11,7754,Select7ccy,2.97,2.97hrs
14/04/2025 02:56:00,buy,0.01,AUDJPY,90.59600,16/04/2025 11:28:55,90.77600,0.00,0.04,18.00,1.31,5.41,18.00,-6.16,-0.88,7754,Select7ccy,56.55,2.36days
15/04/2025 10:12:01,sell,0.03,AUDCHF,0.52094,16/04/2025 10:24:47,0.51668,0.00,-0.30,42.60,15.40,15.40,42.60,-11.14,0.00,7754,Select7ccy,24.21,1.01days
11/04/2025 14:19:02,sell,0.01,AUDCHF,0.50902,16/04/2025 10:24:46,0.51668,0.00,-0.30,-76.60,-9.71,3.72,0.00,-18.37,-76.60,7754,Select7ccy,116.10,4.84days
14/04/2025 17:11:04,buy,0.01,AUDCAD,0.87442,16/04/2025 02:08:19,0.88351,0.00,0.02,90.90,6.53,9.57,90.90,0.00,0.00,7754,Select7ccy,32.95,1.37days
14/04/2025 16:39:01,buy,0.01,NZDUSD,0.58488,15/04/2025 18:51:45,0.59115,0.00,-0.02,62.70,6.25,9.26,62.70,-0.24,0.00,7754,Select7ccy,26.21,1.09days
15/04/2025 07:27:01,sell,0.27,AUDCAD,0.88204,15/04/2025 11:56:16,0.87976,0.00,0.00,22.80,44.42,44.42,22.80,-25.34,0.00,7754,Select7ccy,4.49,4.49hrs
11/04/2025 22:06:02,sell,0.03,AUDCAD,0.87325,15/04/2025 11:56:16,0.87983,0.00,-0.27,-65.80,-14.52,3.87,0.00,-22.12,-65.80,7754,Select7ccy,85.84,3.58days
14/04/2025 19:22:08,sell,0.09,AUDCAD,0.87844,15/04/2025 11:56:15,0.87983,0.00,-0.43,-13.90,-9.46,7.96,0.00,-32.27,-13.90,7754,Select7ccy,16.57,16.57hrs
10/04/2025 01:55:01,sell,0.01,AUDCAD,0.86631,15/04/2025 11:56:15,0.87982,0.00,-0.13,-135.10,-9.87,2.68,0.00,-12.42,-135.10,7754,Select7ccy,130.02,5.42days
15/04/2025 10:05:00,sell,0.09,AUDJPY,91.28900,15/04/2025 11:05:08,91.04300,0.00,0.00,24.60,15.47,15.47,24.60,-6.34,-0.09,7754,Select7ccy,1.00,1.00hrs
15/04/2025 04:34:01,sell,0.03,AUDJPY,90.97100,15/04/2025 11:05:08,91.03900,0.00,0.00,-6.80,-1.43,4.80,0.23,-8.76,-6.80,7754,Select7ccy,6.52,6.52hrs
14/04/2025 06:10:02,sell,0.01,AUDJPY,89.90600,15/04/2025 11:05:06,91.04500,0.00,-0.08,-113.90,-8.04,0.00,0.00,-10.42,-113.90,7754,Select7ccy,28.92,1.20days
11/04/2025 15:40:00,buy,0.01,AUDCAD,0.86630,14/04/2025 16:01:40,0.87331,0.00,0.01,70.10,5.06,8.03,70.10,-1.13,0.00,7754,Select7ccy,72.36,3.02days
14/04/2025 03:35:04,sell,0.03,NZDUSD,0.58518,14/04/2025 14:58:53,0.58614,0.00,0.00,-9.60,-2.88,5.40,0.00,-11.37,-9.60,7754,Select7ccy,11.40,11.40hrs
14/04/2025 09:46:01,sell,0.09,NZDUSD,0.58830,14/04/2025 14:58:52,0.58613,0.00,0.00,21.70,19.53,19.53,21.70,-6.03,0.00,7754,Select7ccy,5.21,5.21hrs
11/04/2025 08:50:00,sell,0.01,NZDUSD,0.57663,14/04/2025 14:58:51,0.58615,0.00,-0.01,-95.20,-9.53,0.92,0.00,-12.35,-95.20,7754,Select7ccy,78.15,3.26days
11/04/2025 18:42:00,buy,0.01,NZDUSD,0.57926,14/04/2025 14:57:05,0.58606,0.00,-0.01,68.00,6.79,9.53,68.00,-1.27,0.00,7754,Select7ccy,68.25,2.84days
14/04/2025 00:02:32,sell,0.03,AUDJPY,90.69600,14/04/2025 03:57:23,90.05600,0.00,0.00,64.00,13.42,13.42,64.00,-2.88,-0.14,7754,Select7ccy,3.91,3.91hrs
11/04/2025 10:06:01,sell,0.01,AUDJPY,89.13000,14/04/2025 03:57:23,90.05700,0.00,-0.08,-92.70,-6.56,5.48,0.78,-12.21,-92.70,7754,Select7ccy,65.86,2.74days
11/04/2025 12:37:00,buy,0.01,AUDNZD,1.07121,14/04/2025 01:58:57,1.07717,0.00,-0.02,59.60,3.46,6.37,59.60,-0.67,0.00,7754,Select7ccy,61.37,2.56days
11/04/2025 18:44:00,buy,0.01,AUDJPY,89.57100,14/04/2025 01:35:19,90.26500,0.00,0.02,69.40,4.85,8.26,69.40,-0.30,-0.05,7754,Select7ccy,54.86,2.29days
11/04/2025 09:54:00,buy,0.01,NZDUSD,0.57723,11/04/2025 16:54:24,0.58082,0.00,0.00,35.90,3.59,6.13,35.90,-1.08,0.00,7754,Select7ccy,7.01,7.01hrs
11/04/2025 13:02:00,buy,0.01,AUDJPY,88.96200,11/04/2025 16:50:49,89.56400,0.00,0.00,60.20,4.21,6.62,60.20,-1.63,-0.23,7754,Select7ccy,3.81,3.81hrs
11/04/2025 11:04:04,buy,0.03,AUDCAD,0.86252,11/04/2025 14:18:04,0.86648,0.00,0.00,39.60,8.54,8.54,39.60,-0.43,0.00,7754,Select7ccy,3.23,3.23hrs
10/04/2025 00:50:05,buy,0.01,AUDCAD,0.86791,11/04/2025 14:18:02,0.86650,0.00,0.01,-14.10,-1.00,3.94,0.01,-4.01,-14.10,7754,Select7ccy,37.47,1.56days
10/04/2025 18:12:01,sell,0.01,AUDNZD,1.08515,11/04/2025 13:36:35,1.07481,0.00,-0.01,103.40,5.97,8.77,103.40,-1.24,0.00,7754,Select7ccy,19.41,19.41hrs
11/04/2025 11:04:00,buy,0.03,AUDJPY,88.50800,11/04/2025 11:09:07,88.82200,0.00,0.00,31.40,6.59,6.59,31.40,0.00,0.00,7754,Select7ccy,0.09,0.09hrs
11/04/2025 08:25:02,buy,0.01,AUDJPY,88.86900,11/04/2025 11:09:07,88.82400,0.00,0.00,-4.50,-0.31,3.56,0.51,-1.68,-4.50,7754,Select7ccy,2.73,2.73hrs
11/04/2025 10:01:00,sell,0.01,AUDCHF,0.50968,11/04/2025 11:06:09,0.50718,0.00,0.00,25.00,3.07,3.69,25.00,0.00,0.00,7754,Select7ccy,1.09,1.09hrs
11/04/2025 08:06:01,buy,0.27,AUDNZD,1.07395,11/04/2025 09:10:56,1.07569,0.00,0.00,17.40,27.08,27.08,17.40,-14.00,0.00,7754,Select7ccy,1.08,1.08hrs
11/04/2025 06:59:00,buy,0.09,AUDNZD,1.07716,11/04/2025 09:10:56,1.07573,0.00,0.00,-14.30,-7.42,1.04,0.00,-21.31,-14.30,7754,Select7ccy,2.20,2.20hrs
11/04/2025 03:23:00,buy,0.03,AUDNZD,1.08035,11/04/2025 09:10:55,1.07569,0.00,0.00,-46.60,-8.06,0.45,0.00,-12.62,-46.60,7754,Select7ccy,5.80,5.80hrs
10/04/2025 08:37:11,buy,0.01,AUDNZD,1.08684,11/04/2025 09:10:54,1.07576,0.00,-0.02,-110.80,-6.40,0.44,0.00,-7.97,-110.80,7754,Select7ccy,24.56,1.02days
10/04/2025 21:15:00,sell,0.01,CADJPY,103.39300,11/04/2025 08:36:08,102.78000,0.00,-0.06,61.30,4.21,7.22,61.30,-2.02,-0.29,7754,Select7ccy,11.35,11.35hrs
11/04/2025 06:03:01,sell,0.01,AUDCHF,0.51216,11/04/2025 08:32:49,0.50920,0.00,0.00,29.60,3.61,6.11,29.60,-0.13,0.00,7754,Select7ccy,2.50,2.50hrs
10/04/2025 18:45:02,sell,0.01,AUDJPY,89.61000,11/04/2025 08:30:44,88.95300,0.00,-0.08,65.70,4.50,7.14,65.70,-5.04,-0.72,7754,Select7ccy,13.76,13.76hrs
10/04/2025 21:26:01,sell,0.03,NZDUSD,0.57600,11/04/2025 07:40:09,0.57701,0.00,-0.02,-10.10,-3.05,9.39,0.00,-11.72,-10.10,7754,Select7ccy,10.24,10.24hrs
11/04/2025 05:41:01,sell,0.09,NZDUSD,0.57956,11/04/2025 07:40:08,0.57704,0.00,0.00,25.20,22.68,22.68,25.20,-3.06,0.00,7754,Select7ccy,1.99,1.99hrs
10/04/2025 01:53:00,sell,0.01,NZDUSD,0.56485,11/04/2025 07:40:07,0.57707,0.00,-0.01,-122.20,-12.23,1.60,0.00,-15.06,-122.20,7754,Select7ccy,29.79,1.24days
10/04/2025 20:05:35,buy,0.01,NZDUSD,0.57288,11/04/2025 07:39:51,0.57677,0.00,-0.01,38.90,3.88,6.83,38.90,-1.08,0.00,7754,Select7ccy,11.57,11.57hrs
11/04/2025 03:26:01,buy,0.03,AUDJPY,88.92800,11/04/2025 05:32:27,89.71200,0.00,0.00,78.40,16.38,16.38,78.40,-1.38,-0.04,7754,Select7ccy,2.11,2.11hrs
09/04/2025 22:19:00,buy,0.01,AUDJPY,90.90000,11/04/2025 05:32:26,89.70500,0.00,0.08,-119.50,-8.25,1.89,0.29,-14.26,-119.50,7754,Select7ccy,31.22,1.30days
10/04/2025 21:17:00,sell,0.01,AUDCHF,0.51343,11/04/2025 04:02:34,0.50960,0.00,-0.10,38.30,4.58,6.79,38.30,-2.68,0.00,7754,Select7ccy,6.76,6.76hrs
09/04/2025 23:54:02,sell,0.01,CADJPY,104.75400,10/04/2025 20:08:42,103.43400,0.00,-0.16,132.00,8.96,12.80,132.00,-2.00,-0.27,7754,Select7ccy,20.24,20.24hrs
10/04/2025 15:04:00,sell,0.01,AUDCHF,0.51860,10/04/2025 19:33:00,0.51243,0.00,0.00,61.70,7.45,9.87,61.70,-2.28,0.00,7754,Select7ccy,4.48,4.48hrs
10/04/2025 11:53:06,buy,0.01,NZDUSD,0.56773,10/04/2025 18:58:13,0.57195,0.00,0.00,42.20,4.22,6.91,42.20,-0.73,0.00,7754,Select7ccy,7.09,7.09hrs
10/04/2025 07:09:00,sell,0.01,AUDJPY,90.48200,10/04/2025 17:31:59,89.87800,0.00,0.00,60.40,4.16,5.96,60.40,-4.04,-0.59,7754,Select7ccy,10.38,10.38hrs
09/04/2025 20:58:00,sell,0.03,AUDNZD,1.08839,10/04/2025 16:50:53,1.08378,0.00,-0.09,46.10,7.82,9.08,46.10,-6.22,0.00,7754,Select7ccy,19.88,19.88hrs
08/04/2025 03:59:04,sell,0.01,AUDNZD,1.08125,10/04/2025 16:50:53,1.08380,0.00,-0.04,-25.50,-1.50,2.40,0.00,-6.12,-25.50,7754,Select7ccy,60.86,2.54days
09/04/2025 22:56:00,sell,0.01,AUDCHF,0.52638,10/04/2025 14:01:51,0.51988,0.00,-0.28,65.00,7.45,8.72,65.00,-5.47,0.00,7754,Select7ccy,15.10,15.10hrs
09/04/2025 23:57:00,buy,0.01,NZDUSD,0.56462,10/04/2025 10:27:32,0.56785,0.00,-0.02,32.30,3.21,6.12,32.30,-1.45,0.00,7754,Select7ccy,10.51,10.51hrs
09/04/2025 02:42:00,buy,0.01,AUDNZD,1.07887,10/04/2025 07:13:18,1.08519,0.00,-0.05,63.20,3.55,6.55,63.20,-1.23,0.00,7754,Select7ccy,28.52,1.19days
09/04/2025 22:52:00,sell,0.01,AUDJPY,90.92100,10/04/2025 05:16:39,90.23800,0.00,-0.22,68.30,4.43,7.33,68.30,-1.64,-0.21,7754,Select7ccy,6.41,6.41hrs
08/04/2025 03:16:57,buy,0.01,AUDCAD,0.85488,09/04/2025 23:23:05,0.86541,0.00,0.01,105.30,7.48,10.39,105.30,-4.81,-0.01,7754,Select7ccy,44.10,1.84days
09/04/2025 20:28:06,sell,0.03,AUDCAD,0.86150,09/04/2025 22:57:47,0.86618,0.00,0.00,-46.80,-9.95,0.00,0.00,-17.96,-46.80,7754,Select7ccy,2.49,2.49hrs
09/04/2025 21:29:00,sell,0.27,AUDCAD,0.86790,09/04/2025 22:57:46,0.86621,0.00,0.00,16.90,32.35,32.35,16.90,-30.84,0.00,7754,Select7ccy,1.48,1.48hrs
09/04/2025 20:48:28,sell,0.09,AUDCAD,0.86487,09/04/2025 22:57:45,0.86615,0.00,0.00,-12.80,-8.16,1.72,0.00,-31.60,-12.80,7754,Select7ccy,2.15,2.15hrs
09/04/2025 05:50:00,sell,0.01,AUDCAD,0.85109,09/04/2025 22:57:45,0.86603,0.00,0.00,-149.40,-10.59,2.04,0.00,-13.29,-149.40,7754,Select7ccy,17.13,17.13hrs
09/04/2025 20:36:23,sell,0.03,NZDUSD,0.56297,09/04/2025 22:55:30,0.56399,0.00,0.00,-10.20,-3.06,0.00,0.00,-11.64,-10.20,7754,Select7ccy,2.32,2.32hrs
09/04/2025 21:36:01,sell,0.09,NZDUSD,0.56616,09/04/2025 22:55:29,0.56399,0.00,0.00,21.70,19.53,19.53,21.70,-5.40,0.00,7754,Select7ccy,1.32,1.32hrs
08/04/2025 03:59:01,sell,0.01,NZDUSD,0.55445,09/04/2025 22:55:28,0.56397,0.00,-0.01,-95.20,-9.53,1.73,0.00,-12.07,-95.20,7754,Select7ccy,42.94,1.79days
09/04/2025 07:22:01,buy,0.01,NZDUSD,0.55338,09/04/2025 22:55:15,0.56356,0.00,0.00,101.80,10.18,13.16,101.80,-0.79,0.00,7754,Select7ccy,15.55,15.55hrs
09/04/2025 21:33:00,sell,0.27,AUDCHF,0.52803,09/04/2025 21:44:35,0.52569,0.00,0.00,23.40,73.93,75.53,23.40,0.00,0.00,7754,Select7ccy,0.19,0.19hrs
09/04/2025 20:25:49,sell,0.03,AUDCHF,0.51904,09/04/2025 21:44:35,0.52569,0.00,0.00,-66.50,-23.35,0.00,0.00,-28.57,-66.50,7754,Select7ccy,1.31,1.31hrs
09/04/2025 20:58:04,sell,0.09,AUDCHF,0.52386,09/04/2025 21:44:34,0.52572,0.00,0.00,-18.60,-19.58,0.00,0.00,-35.02,-18.60,7754,Select7ccy,0.78,0.78hrs
09/04/2025 11:28:01,sell,0.01,AUDCHF,0.50705,09/04/2025 21:44:33,0.52579,0.00,0.00,-187.40,-21.93,4.43,0.00,-23.55,-187.40,7754,Select7ccy,10.28,10.28hrs
09/04/2025 21:06:04,sell,0.27,AUDJPY,90.62900,09/04/2025 21:43:10,90.83000,0.00,0.00,-20.10,-36.76,5.66,0.05,-69.81,-20.10,7754,Select7ccy,0.62,0.62hrs
09/04/2025 20:25:40,sell,0.03,AUDJPY,89.46600,09/04/2025 21:43:09,90.82900,0.00,0.00,-136.30,-27.70,0.00,0.00,-31.49,-136.30,7754,Select7ccy,1.29,1.29hrs
09/04/2025 21:27:07,sell,0.81,AUDJPY,91.12300,09/04/2025 21:43:08,90.83700,0.00,0.00,28.60,156.94,156.94,28.60,0.00,0.00,7754,Select7ccy,0.27,0.27hrs
09/04/2025 20:59:00,sell,0.09,AUDJPY,90.31500,09/04/2025 21:43:08,90.83500,0.00,0.00,-52.00,-31.71,0.00,0.00,-42.40,-52.00,7754,Select7ccy,0.74,0.74hrs
09/04/2025 09:59:00,sell,0.01,AUDJPY,86.80100,09/04/2025 21:43:07,90.83600,0.00,0.00,-403.50,-27.34,0.33,0.05,-28.58,-403.50,7754,Select7ccy,11.74,11.74hrs
09/04/2025 20:27:57,sell,0.03,CADJPY,104.20000,09/04/2025 21:16:55,104.78900,0.00,0.00,-58.90,-11.94,4.28,0.21,-11.94,-58.90,7754,Select7ccy,0.82,0.82hrs
09/04/2025 21:08:11,sell,0.27,CADJPY,104.97600,09/04/2025 21:16:54,104.79600,0.00,0.00,18.00,32.85,32.85,18.00,0.00,0.00,7754,Select7ccy,0.15,0.15hrs
09/04/2025 21:01:01,sell,0.09,CADJPY,104.61300,09/04/2025 21:16:53,104.79600,0.00,0.00,-18.30,-11.13,0.00,0.00,-11.13,-18.30,7754,Select7ccy,0.26,0.26hrs
09/04/2025 05:54:01,sell,0.01,CADJPY,102.39400,09/04/2025 21:16:52,104.80500,0.00,0.00,-241.10,-16.30,4.17,0.61,-16.30,-241.10,7754,Select7ccy,15.38,15.38hrs
09/04/2025 07:49:01,buy,0.01,CADJPY,102.01500,09/04/2025 20:38:54,103.90400,0.00,0.00,188.90,12.88,12.88,188.90,-1.68,-0.25,7754,Select7ccy,12.83,12.83hrs
09/04/2025 13:38:00,buy,0.01,AUDCHF,0.50711,09/04/2025 20:38:18,0.51945,0.00,0.00,123.40,14.48,15.67,123.40,-4.48,0.00,7754,Select7ccy,7.00,7.00hrs
09/04/2025 05:09:02,buy,0.01,AUDJPY,87.33000,09/04/2025 20:38:16,89.52500,0.00,0.00,219.50,14.95,16.65,219.50,-5.99,-0.89,7754,Select7ccy,15.49,15.49hrs
08/04/2025 20:10:31,buy,0.03,AUDCHF,0.50957,09/04/2025 10:56:10,0.50856,0.00,0.12,-10.10,-3.47,0.00,0.00,-28.92,-10.10,7754,Select7ccy,14.76,14.76hrs
08/04/2025 21:14:01,buy,0.09,AUDCHF,0.50635,09/04/2025 10:56:09,0.50859,0.00,0.36,22.40,24.22,24.22,22.40,-51.25,0.00,7754,Select7ccy,13.70,13.70hrs
08/04/2025 03:16:48,buy,0.01,AUDCHF,0.51670,09/04/2025 10:56:09,0.50858,0.00,0.04,-81.20,-9.57,4.38,0.00,-18.27,-81.20,7754,Select7ccy,31.66,1.32days
09/04/2025 05:52:03,sell,0.01,AUDJPY,87.19200,09/04/2025 07:50:10,86.71300,0.00,0.00,47.90,3.30,3.30,47.90,-1.12,-0.16,7754,Select7ccy,1.97,1.97hrs
09/04/2025 05:53:01,sell,0.01,AUDCHF,0.50546,09/04/2025 07:49:23,0.50296,0.00,0.00,25.00,2.97,2.97,25.00,-1.03,0.00,7754,Select7ccy,1.94,1.94hrs
09/04/2025 02:29:04,buy,0.03,CADJPY,102.12100,09/04/2025 05:17:51,102.51200,0.00,0.00,39.10,8.05,8.05,39.10,0.00,0.00,7754,Select7ccy,2.81,2.81hrs
08/04/2025 22:59:04,buy,0.01,CADJPY,102.70400,09/04/2025 05:17:50,102.51300,0.00,0.02,-19.10,-1.30,0.00,0.00,-1.30,-19.10,7754,Select7ccy,6.31,6.31hrs
﻿09/04/2025 03:07:04,buy,0.03,NZDUSD,0.54981,09/04/2025 05:09:39,0.55543,0.00,0.00,56.20,16.86,16.86,56.20,0.00,0.00,7754,Select7ccy,2.04,2.04hrs
08/04/2025 13:09:02,buy,0.01,NZDUSD,0.55952,09/04/2025 05:09:38,0.55538,0.00,-0.01,-41.40,-4.15,2.01,0.00,-4.15,-41.40,7754,Select7ccy,16.01,16.01hrs
08/04/2025 08:09:01,sell,0.01,CADJPY,104.17500,09/04/2025 04:15:36,102.33800,0.00,-0.05,183.70,12.57,12.57,183.70,-0.93,-0.14,7754,Select7ccy,20.11,20.11hrs
09/04/2025 03:18:02,buy,0.03,AUDJPY,86.20100,09/04/2025 04:07:04,86.77700,0.00,0.00,57.60,11.88,11.88,57.60,0.00,0.00,7754,Select7ccy,0.82,0.82hrs
08/04/2025 22:59:00,buy,0.01,AUDJPY,87.20600,09/04/2025 04:07:03,86.77700,0.00,0.02,-42.90,-2.93,0.00,0.00,-2.93,-42.90,7754,Select7ccy,5.13,5.13hrs
08/04/2025 21:45:00,sell,0.01,AUDCHF,0.50623,09/04/2025 03:45:37,0.50281,0.00,-0.10,34.20,3.95,3.95,34.20,0.00,0.00,7754,Select7ccy,6.01,6.01hrs
08/04/2025 21:44:01,sell,0.01,AUDJPY,87.33500,09/04/2025 03:44:44,86.51000,0.00,-0.07,82.50,5.61,5.61,82.50,0.00,0.00,7754,Select7ccy,6.01,6.01hrs
08/04/2025 03:52:04,sell,0.01,AUDCAD,0.85350,09/04/2025 03:44:28,0.84858,0.00,-0.04,49.20,3.42,3.42,49.20,-4.64,-0.01,7754,Select7ccy,23.87,23.87hrs
08/04/2025 22:04:00,buy,0.09,AUDNZD,1.07502,09/04/2025 01:16:55,1.07735,0.00,-0.16,23.30,11.42,11.42,23.30,0.00,0.00,7754,Select7ccy,3.22,3.22hrs
08/04/2025 19:08:02,buy,0.03,AUDNZD,1.07812,09/04/2025 01:16:55,1.07737,0.00,-0.05,-7.50,-1.29,0.00,0.00,-1.29,-7.50,7754,Select7ccy,6.15,6.15hrs
08/04/2025 03:22:01,buy,0.01,AUDNZD,1.08331,09/04/2025 01:16:54,1.07737,0.00,-0.02,-59.40,-3.30,0.00,0.00,-3.30,-59.40,7754,Select7ccy,21.91,21.91hrs
08/04/2025 03:52:01,sell,0.01,AUDCHF,0.51542,08/04/2025 20:43:22,0.51015,0.00,0.00,0.01,6.19,6.19,52.70,-6.14,-0.01,7754,Select7ccy,16.86,16.86hrs
08/04/2025 20:12:00,buy,0.09,CADJPY,102.96700,08/04/2025 20:42:21,103.21000,0.00,0.00,0.24,14.92,14.92,24.30,0.00,0.00,7754,Select7ccy,0.51,0.51hrs
08/04/2025 18:28:01,buy,0.03,CADJPY,103.36900,08/04/2025 20:42:20,103.21000,0.00,0.00,-0.16,-3.26,0.00,0.00,-3.26,-15.90,7754,Select7ccy,2.24,2.24hrs
08/04/2025 03:16:55,buy,0.01,CADJPY,103.94500,08/04/2025 20:42:20,103.21100,0.00,0.00,-0.73,-5.01,2.34,0.35,-5.01,-73.40,7754,Select7ccy,17.42,17.42hrs
08/04/2025 20:35:00,buy,0.09,AUDJPY,87.36900,08/04/2025 20:41:53,87.77600,0.00,0.00,0.41,24.99,24.99,40.70,0.00,0.00,7754,Select7ccy,0.11,0.11hrs
08/04/2025 19:57:00,buy,0.03,AUDJPY,87.72800,08/04/2025 20:41:53,87.77800,0.00,0.00,0.05,1.03,1.03,5.00,0.00,0.00,7754,Select7ccy,0.75,0.75hrs
08/04/2025 03:16:51,buy,0.01,AUDJPY,88.86400,08/04/2025 20:41:52,87.78100,0.00,0.00,-1.08,-7.39,4.88,0.72,-7.39,-108.30,7754,Select7ccy,17.42,17.42hrs
08/04/2025 03:53:00,sell,0.01,AUDJPY,88.57400,08/04/2025 20:41:43,87.79800,0.00,0.00,0.78,5.30,5.30,77.60,-7.07,-1.05,7754,Select7ccy,16.81,16.81hrs
08/04/2025 04:29:00,buy,0.01,NZDUSD,0.55550,08/04/2025 11:00:22,0.55925,0.00,0.00,0.00,3.75,6.18,37.50,0.00,0.00,7754,Select7ccy,6.52,6.52hrs
04/04/2025 13:36:05,sell,0.01,AUDJPY,89.85600,04/04/2025 13:37:40,89.83400,0.00,0.00,0.02,0.15,0.15,2.20,0.00,0.00,7754,Select7ccy,0.03,0.03hrs
04/04/2025 13:37:01,sell,0.01,AUDCHF,0.52581,04/04/2025 13:37:39,0.52574,0.00,0.00,0.00,0.08,0.08,0.70,0.00,0.00,7754,Select7ccy,0.01,0.01hrs
04/04/2025 13:36:12,sell,0.01,AUDCAD,0.87428,04/04/2025 13:37:39,0.87409,0.00,0.00,0.00,0.14,0.14,1.90,0.00,0.00,7754,Select7ccy,0.02,0.02hrs
04/04/2025 13:36:09,sell,0.01,AUDNZD,1.08638,04/04/2025 13:37:39,1.08648,0.00,0.00,0.00,-0.06,0.00,0.00,-0.06,-1.00,7754,Select7ccy,0.03,0.03hrs
04/04/2025 13:25:02,balance,0.01,,0.00000,04/04/2025 13:25:02,0.00000,0.00,0.00,0.00,4000.00,0.00,0.00,0.00,0.00,0,Transfer In from 6629258,0.00,0.00hrs
