Open Time,Type,Lots,Symbol,Open Price,Close Time,Close Price,Commission,Swap,Net Pips,Net Profit,Max Profit,Max Pips,Max Loss,Max Loss Pips,Magic Number,Comment,Holding Time (Hours),Holding Time
03/07/2026 17:08:29,sell,0.50,XAUUSD,4160.56000,03/07/2026 17:08:33,4160.74000,-7.49,0.00,-1.80,-16.49,0.00,0.00,-16.49,-1.80,168222,HM189_33353_M30_5K_S,0.00,0.00hrs
03/07/2026 17:06:28,sell,0.50,XAUUSD,4163.17000,03/07/2026 17:08:27,4160.26000,-7.49,0.00,29.10,138.01,138.01,29.10,0.00,0.00,168222,HM189_33353_M30_5K_S,0.03,0.03hrs
03/07/2026 17:04:16,sell,0.01,XAUUSD,4166.33000,03/07/2026 17:06:27,4163.05000,-0.15,0.00,32.80,3.13,3.13,32.80,-0.53,-3.80,168222,HM189_33353_M30_5K_S,0.04,0.04hrs
03/07/2026 17:00:01,sell,0.50,XAUUSD,4164.34000,03/07/2026 17:06:26,4163.04000,-7.50,0.00,13.00,57.50,57.50,13.00,-126.00,-23.70,168222,HM189_33353_M30_5K_S,0.11,0.11hrs
03/07/2026 12:09:16,buy,0.01,XAUUSD,4178.92000,03/07/2026 14:13:56,4181.61000,-0.15,0.00,26.90,2.54,2.54,26.90,-9.61,-94.60,168211,Atom-8_SMAP_H1_1K_BUY,2.08,2.08hrs
03/07/2026 12:00:02,buy,0.05,XAUUSD,4180.97000,03/07/2026 14:13:56,4181.61000,-0.75,0.00,6.40,2.45,2.45,6.40,-58.30,-115.10,168211,Atom-8_SMAP_H1_1K_BUY,2.23,2.23hrs
03/07/2026 08:31:01,buy,0.05,XAUUSD,4179.90000,03/07/2026 11:02:24,4182.78000,-0.75,0.00,28.80,13.65,13.65,28.80,-85.25,-169.00,168211,Atom-8_SMAP_H1_1K_BUY,2.52,2.52hrs
03/07/2026 08:16:22,buy,0.01,XAUUSD,4176.90000,03/07/2026 08:30:36,4179.78000,-0.15,0.00,28.80,2.73,2.73,28.80,-2.85,-27.00,168211,Atom-8_SMAP_H1_1K_BUY,0.24,0.24hrs
03/07/2026 08:00:01,buy,0.05,XAUUSD,4178.90000,03/07/2026 08:30:36,4179.53000,-0.75,0.00,6.30,2.40,3.70,8.90,-24.25,-47.00,168211,Atom-8_SMAP_H1_1K_BUY,0.51,0.51hrs
03/07/2026 06:39:25,buy,0.01,XAUUSD,4179.59000,03/07/2026 07:21:34,4182.50000,-0.15,0.00,29.10,2.76,2.76,29.10,-4.77,-46.20,168211,Atom-8_SMAP_H1_1K_BUY,0.70,0.70hrs
03/07/2026 06:32:45,buy,0.05,XAUUSD,4181.44000,03/07/2026 07:21:34,4182.44000,-0.75,0.00,10.00,4.25,4.25,10.00,-33.10,-64.70,168211,Atom-8_SMAP_H1_1K_BUY,0.81,0.81hrs
03/07/2026 05:06:38,buy,0.01,XAUUSD,4179.15000,03/07/2026 05:32:41,4181.36000,-0.15,0.00,22.10,2.06,2.06,22.10,-2.24,-20.90,168211,HM189_33353_M30_5K_B,0.43,0.43hrs
03/07/2026 05:05:15,buy,0.50,XAUUSD,4181.32000,03/07/2026 05:32:40,4181.44000,-7.53,0.00,1.20,-1.53,0.00,1.20,-220.53,-42.60,168211,HM189_33353_M30_5K_B,0.46,0.46hrs
03/07/2026 05:02:38,buy,0.05,XAUUSD,4178.27000,03/07/2026 05:05:14,4180.82000,-0.75,0.00,25.50,12.00,12.00,25.50,0.00,0.00,168211,Atom-8_SMAP_H1_1K_BUY,0.04,0.04hrs
03/07/2026 05:02:41,buy,0.50,XAUUSD,4178.38000,03/07/2026 05:05:13,4181.18000,-7.52,0.00,28.00,132.48,132.48,28.00,0.00,0.00,168211,HM189_33353_M30_5K_B,0.04,0.04hrs
03/07/2026 04:02:11,buy,0.50,XAUUSD,4150.69000,03/07/2026 04:02:35,4152.05000,-7.47,0.00,13.60,60.53,60.53,13.60,0.00,0.00,168211,HM189_33353_M30_5K_B,0.01,0.01hrs
03/07/2026 04:02:07,buy,0.05,XAUUSD,4151.04000,03/07/2026 04:02:17,4152.27000,-0.75,0.00,12.30,5.40,5.40,12.30,-1.30,-1.10,168211,Atom-8_SMAP_H1_1K_BUY,0.00,0.00hrs
03/07/2026 04:01:41,buy,0.50,XAUUSD,4146.77000,03/07/2026 04:02:07,4150.72000,-7.46,0.00,39.50,190.04,190.04,39.50,0.00,0.00,168211,HM189_33353_M30_5K_B,0.01,0.01hrs
02/07/2026 18:01:13,buy,0.05,XAUUSD,4129.85000,03/07/2026 03:13:47,4133.89000,-0.74,-3.15,40.40,16.31,16.31,40.40,-135.29,-269.10,168211,Atom-8_SMAP_H1_1K_BUY,9.21,9.21hrs
02/07/2026 17:56:07,buy,0.05,XAUUSD,4127.24000,02/07/2026 18:01:11,4129.85000,-0.74,0.00,26.10,12.31,12.31,26.10,-5.64,-9.80,168211,Atom-8_SMAP_H1_1K_BUY,0.08,0.08hrs
02/07/2026 17:50:17,buy,0.05,XAUUSD,4124.47000,02/07/2026 17:56:04,4127.44000,-0.74,0.00,29.70,14.11,14.11,29.70,-8.34,-15.20,168211,Atom-8_SMAP_H1_1K_BUY,0.10,0.10hrs
02/07/2026 17:49:22,buy,0.05,XAUUSD,4122.05000,02/07/2026 17:50:16,4124.17000,-0.74,0.00,21.20,9.86,9.86,21.20,0.00,0.00,168211,Atom-8_SMAP_H1_1K_BUY,0.01,0.01hrs
02/07/2026 17:48:36,buy,0.01,XAUUSD,4116.63000,02/07/2026 17:49:20,4122.16000,-0.15,0.00,55.30,5.38,5.38,55.30,0.00,0.00,168211,Atom-8_SMAP_H1_1K_BUY,0.01,0.01hrs
02/07/2026 17:45:00,buy,0.05,XAUUSD,4118.74000,02/07/2026 17:49:19,4122.28000,-0.74,0.00,35.40,16.96,16.96,35.40,-0.44,0.00,168211,Atom-8_SMAP_H1_1K_BUY,0.07,0.07hrs
02/07/2026 03:00:59,sell,0.50,XAUUSD,4032.02000,02/07/2026 07:42:29,4062.50000,-7.26,0.00,-304.80,-1531.26,0.00,0.00,-2079.26,-414.40,168222,HM189_33353_M30_5K_S,4.69,4.69hrs
01/07/2026 19:45:09,buy,0.05,XAUUSD,4075.15000,02/07/2026 04:00:51,4059.57000,-0.73,-9.44,-155.80,-88.07,0.00,0.00,-224.27,-444.50,168211,Atom-8_SMAP_H1_1K_BUY,8.26,8.26hrs
02/07/2026 01:09:25,sell,0.50,XAUUSD,4035.98000,02/07/2026 03:00:56,4032.43000,-7.26,0.00,35.50,170.24,170.24,35.50,-434.26,-85.40,168222,HM189_33353_M30_5K_S,1.86,1.86hrs
02/07/2026 01:05:06,sell,0.50,XAUUSD,4038.78000,02/07/2026 01:09:24,4036.01000,-7.27,0.00,27.70,131.23,131.23,27.70,0.00,0.00,168222,HM189_33353_M30_5K_S,0.07,0.07hrs
01/07/2026 13:00:56,buy,0.50,XAUUSD,3984.64000,01/07/2026 13:02:22,3987.25000,-7.17,0.00,26.10,123.33,123.33,26.10,0.00,0.00,168211,HM189_33353_M30_5K_B,0.02,0.02hrs
01/07/2026 09:13:44,sell,0.05,XAUUSD,3963.55000,01/07/2026 10:08:11,3960.92000,-0.71,0.00,26.30,12.44,12.44,26.30,-49.46,-97.50,168222,Atom-8_SMAP_H1_1K_SELL,0.91,0.91hrs
01/07/2026 09:07:38,sell,0.05,XAUUSD,3966.32000,01/07/2026 09:13:42,3963.68000,-0.71,0.00,26.40,12.49,12.49,26.40,-8.91,-16.40,168222,Atom-8_SMAP_H1_1K_SELL,0.10,0.10hrs
01/07/2026 09:07:12,sell,0.05,XAUUSD,3968.26000,01/07/2026 09:07:36,3965.54000,-0.71,0.00,27.20,12.89,12.89,27.20,0.00,0.00,168222,Atom-8_SMAP_H1_1K_SELL,0.01,0.01hrs
01/07/2026 08:03:48,sell,0.05,XAUUSD,3972.19000,01/07/2026 09:07:10,3968.46000,-0.71,0.00,37.30,17.94,17.94,37.30,-26.41,-51.40,168222,Atom-8_SMAP_H1_1K_SELL,1.06,1.06hrs
01/07/2026 07:11:06,sell,0.05,XAUUSD,3974.77000,01/07/2026 08:03:41,3972.33000,-0.72,0.00,24.40,11.48,11.48,24.40,-37.67,-73.90,168222,Atom-8_SMAP_H1_1K_SELL,0.88,0.88hrs
01/07/2026 06:49:14,sell,0.05,XAUUSD,3977.25000,01/07/2026 07:10:27,3975.03000,-0.72,0.00,22.20,10.38,10.38,22.20,-14.97,-28.50,168222,Atom-8_SMAP_H1_1K_SELL,0.35,0.35hrs
01/07/2026 06:37:18,sell,0.01,XAUUSD,3979.88000,01/07/2026 06:49:11,3977.10000,-0.14,0.00,27.80,2.64,2.64,27.80,-1.83,-16.90,168222,Atom-8_SMAP_H1_1K_SELL,0.20,0.20hrs
01/07/2026 06:33:45,sell,0.05,XAUUSD,3977.86000,01/07/2026 06:49:10,3977.10000,-0.72,0.00,7.60,3.08,3.08,7.60,-19.27,-37.10,168222,Atom-8_SMAP_H1_1K_SELL,0.26,0.26hrs
01/07/2026 06:30:29,sell,0.05,XAUUSD,3980.13000,01/07/2026 06:33:42,3977.62000,-0.72,0.00,25.10,11.83,11.83,25.10,0.00,0.00,168222,Atom-8_SMAP_H1_1K_SELL,0.05,0.05hrs
01/07/2026 06:23:03,sell,0.01,XAUUSD,3982.91000,01/07/2026 06:30:24,3980.20000,-0.14,0.00,27.10,2.57,2.57,27.10,0.00,0.00,168222,Atom-8_SMAP_H1_1K_SELL,0.12,0.12hrs
01/07/2026 06:22:01,sell,0.05,XAUUSD,3980.82000,01/07/2026 06:30:23,3980.20000,-0.72,0.00,6.20,2.38,2.38,6.20,-9.27,-17.10,168222,Atom-8_SMAP_H1_1K_SELL,0.14,0.14hrs
01/07/2026 06:06:45,sell,0.01,XAUUSD,3984.11000,01/07/2026 06:21:58,3981.17000,-0.14,0.00,29.40,2.80,2.80,29.40,-1.58,-14.40,168222,Atom-8_SMAP_H1_1K_SELL,0.25,0.25hrs
01/07/2026 06:04:37,sell,0.05,XAUUSD,3981.79000,01/07/2026 06:21:58,3981.13000,-0.72,0.00,6.60,2.58,2.58,6.60,-19.52,-37.60,168222,Atom-8_SMAP_H1_1K_SELL,0.29,0.29hrs
01/07/2026 05:02:08,sell,0.05,XAUUSD,3975.78000,01/07/2026 05:05:27,3972.11000,-0.72,0.00,36.70,17.63,17.63,36.70,-8.87,-16.30,168222,Atom-8_SMAP_H1_1K_SELL,0.06,0.06hrs
01/07/2026 05:02:12,sell,0.50,XAUUSD,3976.06000,01/07/2026 05:04:34,3975.16000,-7.16,0.00,9.00,37.84,37.84,9.00,-74.66,-13.50,168222,HM189_33353_M30_5K_S,0.04,0.04hrs
01/07/2026 05:00:02,sell,0.50,XAUUSD,3978.71000,01/07/2026 05:02:07,3975.91000,-7.16,0.00,28.00,132.84,132.84,28.00,-53.66,-9.30,168222,HM189_33353_M30_5K_S,0.03,0.03hrs
01/07/2026 04:21:07,sell,0.01,XAUUSD,3983.96000,01/07/2026 04:33:22,3980.11000,-0.14,0.00,38.50,3.71,3.71,38.50,-1.42,-12.80,168222,Atom-8_SMAP_H1_1K_SELL,0.20,0.20hrs
01/07/2026 04:19:50,sell,0.05,XAUUSD,3981.65000,01/07/2026 04:33:22,3979.92000,-0.72,0.00,17.30,7.93,7.93,17.30,-18.67,-35.90,168222,Atom-8_SMAP_H1_1K_SELL,0.23,0.23hrs
01/07/2026 03:19:44,sell,0.50,XAUUSD,4003.82000,01/07/2026 03:30:57,4001.19000,-7.21,0.00,26.30,124.29,124.29,26.30,-50.71,-8.70,168222,HM189_33353_M30_5K_S,0.19,0.19hrs
01/07/2026 03:19:41,sell,0.05,XAUUSD,4004.22000,01/07/2026 03:19:47,4003.78000,-0.72,0.00,4.40,1.48,1.48,4.40,0.00,0.00,168222,Atom-8_SMAP_H1_1K_SELL,0.00,0.00hrs
01/07/2026 03:00:47,sell,0.01,XAUUSD,4007.55000,01/07/2026 03:19:41,4004.11000,-0.14,0.00,34.40,3.30,3.30,34.40,-1.16,-10.20,168222,HM189_33353_M30_5K_S,0.32,0.32hrs
01/07/2026 03:00:04,sell,0.50,XAUUSD,4005.78000,01/07/2026 03:19:41,4004.07000,-7.21,0.00,17.10,78.29,78.29,17.10,-146.71,-27.90,168222,HM189_33353_M30_5K_S,0.33,0.33hrs
01/07/2026 01:05:07,sell,0.50,XAUUSD,4014.26000,01/07/2026 01:50:51,4011.93000,-7.23,0.00,23.30,109.27,109.27,23.30,-174.73,-33.50,168222,HM189_33353_M30_5K_S,0.76,0.76hrs
30/06/2026 14:33:31,buy,0.01,XAUUSD,4030.20000,30/06/2026 14:40:56,4032.66000,-0.15,0.00,24.60,2.31,2.31,24.60,-1.39,-12.40,168211,Atom-8_SMAP_H1_1K_BUY,0.12,0.12hrs
30/06/2026 14:05:31,buy,0.05,XAUUSD,4031.77000,30/06/2026 14:40:55,4032.66000,-0.73,0.00,8.90,3.72,3.72,8.90,-14.78,-28.10,168211,Atom-8_SMAP_H1_1K_BUY,0.59,0.59hrs
30/06/2026 14:05:36,buy,0.50,XAUUSD,4031.50000,30/06/2026 14:13:12,4032.95000,-7.26,0.00,14.50,65.24,65.24,14.50,-60.26,-10.60,168211,HM189_33353_M30_5K_B,0.13,0.13hrs
30/06/2026 14:00:56,buy,0.01,XAUUSD,4027.57000,30/06/2026 14:05:31,4031.63000,-0.14,0.00,40.60,3.92,3.92,40.60,-0.87,-7.30,168211,HM189_33353_M30_5K_B,0.08,0.08hrs
30/06/2026 14:00:02,buy,0.50,XAUUSD,4029.65000,30/06/2026 14:05:30,4031.63000,-7.25,0.00,19.80,91.75,91.75,19.80,-147.75,-28.10,168211,HM189_33353_M30_5K_B,0.09,0.09hrs
30/06/2026 13:28:45,buy,0.05,XAUUSD,4028.27000,30/06/2026 13:57:30,4030.79000,-0.73,0.00,25.20,11.87,11.87,25.20,-13.23,-25.00,168211,Atom-8_SMAP_H1_1K_BUY,0.48,0.48hrs
30/06/2026 13:14:37,buy,0.05,XAUUSD,4025.85000,30/06/2026 13:28:42,4028.24000,-0.72,0.00,23.90,11.23,11.23,23.90,-1.57,-1.70,168211,Atom-8_SMAP_H1_1K_BUY,0.23,0.23hrs
30/06/2026 13:08:11,buy,0.01,XAUUSD,4022.38000,30/06/2026 13:14:35,4025.77000,-0.14,0.00,33.90,3.25,3.25,33.90,-0.21,-0.70,168211,Atom-8_SMAP_H1_1K_BUY,0.11,0.11hrs
30/06/2026 13:00:06,buy,0.05,XAUUSD,4024.41000,30/06/2026 13:14:34,4025.76000,-0.72,0.00,13.50,6.03,6.03,13.50,-11.22,-21.00,168211,Atom-8_SMAP_H1_1K_BUY,0.24,0.24hrs
30/06/2026 05:11:10,sell,0.05,XAUUSD,3954.77000,30/06/2026 11:05:45,4037.33000,-0.71,0.00,-825.60,-413.51,0.00,0.00,-413.51,-825.60,168222,Atom-8_SMAP_H1_1K_SELL,5.91,5.91hrs
30/06/2026 11:00:44,sell,0.02,XAUUSD,4035.85000,30/06/2026 11:05:44,4037.33000,-0.29,0.00,-14.80,-3.25,5.31,28.00,-3.25,-14.80,168222,Atom-8_SMAP_H1_1K_SELL,0.08,0.08hrs
30/06/2026 11:00:41,sell,0.02,XAUUSD,4036.01000,30/06/2026 11:05:44,4037.33000,-0.29,0.00,-13.20,-2.93,5.63,29.60,-2.93,-13.20,168222,Atom-8_SMAP_H1_1K_SELL,0.08,0.08hrs
30/06/2026 11:00:01,sell,0.01,XAUUSD,4031.65000,30/06/2026 11:05:44,4037.33000,-0.15,0.00,-56.80,-5.83,0.00,0.00,-5.83,-56.80,168222,Atom-8_SMAP_H1_1K_SELL,0.10,0.10hrs
30/06/2026 11:00:49,buy,0.50,XAUUSD,4034.49000,30/06/2026 11:05:41,4037.46000,-7.26,0.00,29.70,141.24,141.24,29.70,-84.26,-15.40,168211,HM189_33353_M30_5K_B,0.08,0.08hrs
30/06/2026 10:26:15,buy,0.50,XAUUSD,4032.22000,30/06/2026 11:00:41,4035.96000,-7.26,0.00,37.40,179.74,179.74,37.40,-271.76,-52.90,168211,HM189_33353_M30_5K_B,0.57,0.57hrs
30/06/2026 10:21:30,buy,0.01,XAUUSD,4029.77000,30/06/2026 10:25:16,4032.39000,-0.15,0.00,26.20,2.47,2.47,26.20,-0.68,-5.30,168211,HM189_33353_M30_5K_B,0.06,0.06hrs
30/06/2026 10:20:54,buy,0.50,XAUUSD,4031.83000,30/06/2026 10:25:16,4032.46000,-7.26,0.00,6.30,24.24,24.24,6.30,-136.76,-25.90,168211,HM189_33353_M30_5K_B,0.07,0.07hrs
30/06/2026 10:18:02,buy,0.50,XAUUSD,4029.49000,30/06/2026 10:20:53,4031.84000,-7.25,0.00,23.50,110.25,110.25,23.50,0.00,0.00,168211,HM189_33353_M30_5K_B,0.05,0.05hrs
30/06/2026 10:11:10,buy,0.01,XAUUSD,4026.22000,30/06/2026 10:18:01,4029.48000,-0.14,0.00,32.60,3.12,3.12,32.60,-1.12,-9.80,168211,HM189_33353_M30_5K_B,0.11,0.11hrs
30/06/2026 10:06:46,buy,0.50,XAUUSD,4028.61000,30/06/2026 10:18:00,4029.55000,-7.25,0.00,9.40,39.75,39.75,9.40,-175.75,-33.70,168211,HM189_33353_M30_5K_B,0.19,0.19hrs
30/06/2026 10:00:38,buy,0.01,XAUUSD,4025.31000,30/06/2026 10:06:45,4028.88000,-0.14,0.00,35.70,3.43,3.43,35.70,0.00,0.00,168211,HM189_33353_M30_5K_B,0.10,0.10hrs
30/06/2026 10:00:04,buy,0.50,XAUUSD,4027.68000,30/06/2026 10:06:45,4028.93000,-7.25,0.00,12.50,55.25,55.25,12.50,-109.75,-20.50,168211,HM189_33353_M30_5K_B,0.11,0.11hrs
30/06/2026 05:09:40,sell,0.05,XAUUSD,3960.06000,30/06/2026 05:11:05,3954.65000,-0.71,0.00,54.10,26.34,26.34,54.10,0.00,0.00,168222,Atom-8_SMAP_H1_1K_SELL,0.02,0.02hrs
30/06/2026 05:08:02,sell,0.05,XAUUSD,3963.98000,30/06/2026 05:09:38,3959.87000,-0.71,0.00,41.10,19.84,19.84,41.10,0.00,0.00,168222,Atom-8_SMAP_H1_1K_SELL,0.03,0.03hrs
30/06/2026 05:01:14,sell,0.01,XAUUSD,3969.45000,30/06/2026 05:07:58,3963.99000,-0.14,0.00,54.60,5.32,5.32,54.60,-3.44,-33.00,168222,Atom-8_SMAP_H1_1K_SELL,0.11,0.11hrs
30/06/2026 05:00:47,sell,0.05,XAUUSD,3967.33000,30/06/2026 05:07:57,3964.11000,-0.71,0.00,32.20,15.39,15.39,32.20,-27.81,-54.20,168222,Atom-8_SMAP_H1_1K_SELL,0.12,0.12hrs
30/06/2026 05:00:03,sell,0.05,XAUUSD,3970.16000,30/06/2026 05:00:44,3967.44000,-0.71,0.00,27.20,12.89,12.89,27.20,0.00,0.00,168222,Atom-8_SMAP_H1_1K_SELL,0.01,0.01hrs
29/06/2026 13:33:01,sell,0.50,XAUUSD,4034.49000,29/06/2026 13:33:26,4032.99000,-7.26,0.00,15.00,67.74,67.74,15.00,0.00,0.00,168222,HM189_33353_M30_5K_S,0.01,0.01hrs
29/06/2026 13:32:56,sell,0.05,XAUUSD,4034.39000,29/06/2026 13:33:21,4033.09000,-0.73,0.00,13.00,5.77,5.77,13.00,0.00,0.00,168222,Atom-8_SMAP_H1_1K_SELL,0.01,0.01hrs
29/06/2026 13:32:16,sell,0.50,XAUUSD,4038.04000,29/06/2026 13:32:55,4034.41000,-7.27,0.00,36.30,174.23,174.23,36.30,-3.27,0.00,168222,HM189_33353_M30_5K_S,0.01,0.01hrs
29/06/2026 12:32:08,sell,0.50,XAUUSD,4044.36000,29/06/2026 12:32:13,4044.30000,-7.28,0.00,0.60,-4.28,0.00,0.60,-4.28,0.00,168222,HM189_33353_M30_5K_S,0.00,0.00hrs
29/06/2026 12:30:58,sell,0.50,XAUUSD,4047.53000,29/06/2026 12:32:03,4043.49000,-7.29,0.00,40.40,194.71,194.71,40.40,0.00,0.00,168222,HM189_33353_M30_5K_S,0.02,0.02hrs
29/06/2026 12:30:27,sell,0.01,XAUUSD,4050.60000,29/06/2026 12:30:55,4047.61000,-0.15,0.00,29.90,2.84,2.84,29.90,0.00,0.00,168222,HM189_33353_M30_5K_S,0.01,0.01hrs
29/06/2026 12:30:02,sell,0.50,XAUUSD,4048.31000,29/06/2026 12:30:55,4047.64000,-7.29,0.00,6.70,26.21,26.21,6.70,0.00,0.00,168222,HM189_33353_M30_5K_S,0.01,0.01hrs
29/06/2026 08:10:17,sell,0.50,XAUUSD,4053.65000,29/06/2026 08:11:53,4053.30000,-7.30,0.00,3.50,10.20,10.20,3.50,-45.30,-7.60,168222,HM189_33353_M30_5K_S,0.03,0.03hrs
29/06/2026 08:06:07,sell,0.01,XAUUSD,4057.07000,29/06/2026 08:07:57,4053.81000,-0.15,0.00,32.60,3.11,3.11,32.60,0.00,0.00,168222,HM189_33353_M30_5K_S,0.03,0.03hrs
29/06/2026 08:05:01,sell,0.50,XAUUSD,4054.77000,29/06/2026 08:07:57,4053.69000,-7.30,0.00,10.80,46.70,46.70,10.80,-26.80,-3.90,168222,HM189_33353_M30_5K_S,0.05,0.05hrs
26/06/2026 14:00:00,buy,0.05,XAUUSD,4055.04000,26/06/2026 15:58:31,4057.33000,-0.73,0.00,22.90,10.72,10.72,22.90,-94.03,-186.60,168211,Atom-8_SMAP_H1_1K_BUY,1.98,1.98hrs
26/06/2026 14:02:33,buy,0.01,XAUUSD,4052.87000,26/06/2026 15:57:54,4056.56000,-0.15,0.00,36.90,3.54,3.54,36.90,-16.64,-164.90,168211,HM189_33353_M30_5K_B,1.92,1.92hrs
26/06/2026 14:00:03,buy,0.50,XAUUSD,4055.05000,26/06/2026 15:57:53,4056.30000,-7.30,0.00,12.50,55.20,55.20,12.50,-940.80,-186.70,168211,HM189_33353_M30_5K_B,1.96,1.96hrs
26/06/2026 13:33:30,buy,0.05,XAUUSD,4052.15000,26/06/2026 13:59:58,4054.85000,-0.73,0.00,27.00,12.77,12.77,27.00,-16.18,-30.90,168211,Atom-8_SMAP_H1_1K_BUY,0.44,0.44hrs
26/06/2026 13:09:07,buy,0.05,XAUUSD,4049.64000,26/06/2026 13:33:27,4052.52000,-0.73,0.00,28.80,13.67,13.67,28.80,-32.28,-63.10,168211,Atom-8_SMAP_H1_1K_BUY,0.41,0.41hrs
26/06/2026 13:02:12,buy,0.01,XAUUSD,4045.92000,26/06/2026 13:06:07,4048.93000,-0.15,0.00,30.10,2.86,2.86,30.10,0.00,0.00,168211,Atom-8_SMAP_H1_1K_BUY,0.07,0.07hrs
26/06/2026 13:00:01,buy,0.05,XAUUSD,4048.03000,26/06/2026 13:06:07,4049.17000,-0.73,0.00,11.40,4.97,4.97,11.40,-8.63,-15.80,168211,Atom-8_SMAP_H1_1K_BUY,0.10,0.10hrs
26/06/2026 10:27:52,buy,0.50,XAUUSD,4036.95000,26/06/2026 10:27:54,4036.84000,-7.27,0.00,-1.10,-12.77,0.00,0.00,-12.77,-1.10,168211,HM189_33353_M30_5K_B,0.00,0.00hrs
26/06/2026 10:26:00,buy,0.50,XAUUSD,4032.39000,26/06/2026 10:27:50,4036.84000,-7.26,0.00,44.50,215.24,215.24,44.50,0.00,0.00,168211,HM189_33353_M30_5K_B,0.03,0.03hrs
26/06/2026 10:03:19,buy,0.01,XAUUSD,4029.16000,26/06/2026 10:25:58,4032.51000,-0.15,0.00,33.50,3.20,3.20,33.50,-1.46,-13.10,168211,HM189_33353_M30_5K_B,0.38,0.38hrs
26/06/2026 10:00:01,buy,0.50,XAUUSD,4031.19000,26/06/2026 10:25:57,4032.47000,-7.26,0.00,12.80,56.74,56.74,12.80,-174.26,-33.40,168211,HM189_33353_M30_5K_B,0.43,0.43hrs
26/06/2026 06:03:18,sell,0.01,XAUUSD,3990.37000,26/06/2026 07:54:44,4014.04000,-0.14,0.00,-236.70,-23.81,0.00,0.00,-23.81,-236.70,168222,HM189_33353_M30_5K_S,1.86,1.86hrs
26/06/2026 06:01:31,sell,0.50,XAUUSD,3988.37000,26/06/2026 07:54:44,4014.26000,-7.18,0.00,-258.90,-1301.68,0.00,0.00,-1301.68,-258.90,168222,HM189_33353_M30_5K_S,1.89,1.89hrs
26/06/2026 06:00:01,sell,0.50,XAUUSD,3990.86000,26/06/2026 06:01:30,3988.35000,-7.18,0.00,25.10,118.32,118.32,25.10,0.00,0.00,168222,HM189_33353_M30_5K_S,0.02,0.02hrs
25/06/2026 19:17:39,buy,0.50,XAUUSD,4042.43000,26/06/2026 03:50:01,4019.36000,-7.28,-31.47,-230.70,-1192.25,0.00,0.00,-1538.75,-300.00,168211,HM189_33353_M30_5K_B,8.54,8.54hrs
25/06/2026 19:17:30,buy,0.05,XAUUSD,4042.89000,26/06/2026 01:24:48,4020.15000,-0.73,-3.15,-227.40,-117.58,0.00,0.00,-117.58,-227.40,168211,Atom-8_SMAP_H1_1K_BUY,6.12,6.12hrs
25/06/2026 19:01:38,buy,0.01,XAUUSD,4038.78000,25/06/2026 19:17:20,4042.37000,-0.15,0.00,35.90,3.44,3.44,35.90,-4.59,-44.40,168211,Atom-8_SMAP_H1_1K_BUY,0.26,0.26hrs
25/06/2026 19:01:35,buy,0.01,XAUUSD,4038.87000,25/06/2026 19:17:20,4042.66000,-0.15,0.00,37.90,3.64,3.64,37.90,-4.68,-45.30,168211,HM189_33353_M30_5K_B,0.26,0.26hrs
25/06/2026 19:00:03,buy,0.05,XAUUSD,4041.00000,25/06/2026 19:17:20,4042.66000,-0.73,0.00,16.60,7.57,7.57,16.60,-34.03,-66.60,168211,Atom-8_SMAP_H1_1K_BUY,0.29,0.29hrs
25/06/2026 19:00:05,buy,0.50,XAUUSD,4041.01000,25/06/2026 19:17:19,4042.66000,-7.27,0.00,16.50,75.23,75.23,16.50,-340.77,-66.70,168211,HM189_33353_M30_5K_B,0.29,0.29hrs
25/06/2026 03:04:57,buy,0.50,XAUUSD,4013.65000,25/06/2026 03:05:15,4014.47000,-7.22,0.00,8.20,33.78,33.78,8.20,0.00,0.00,168211,HM189_33353_M30_5K_B,0.01,0.01hrs
25/06/2026 03:00:13,buy,0.01,XAUUSD,4009.59000,25/06/2026 03:04:54,4014.70000,-0.14,0.00,51.10,4.97,4.97,51.10,0.00,0.00,168211,HM189_33353_M30_5K_B,0.08,0.08hrs
25/06/2026 03:00:04,buy,0.50,XAUUSD,4012.31000,25/06/2026 03:04:53,4014.70000,-7.22,0.00,23.90,112.28,112.28,23.90,-88.72,-16.30,168211,HM189_33353_M30_5K_B,0.08,0.08hrs
24/06/2026 14:17:32,sell,0.01,XAUUSD,4040.50000,24/06/2026 15:07:48,4037.43000,-0.15,0.00,30.70,2.92,2.92,30.70,-14.15,-140.00,168222,Atom-8_SMAP_H1_1K_SELL,0.84,0.84hrs
24/06/2026 14:16:35,sell,0.05,XAUUSD,4038.38000,24/06/2026 15:07:48,4037.37000,-0.73,0.00,10.10,4.32,4.32,10.10,-81.33,-161.20,168222,Atom-8_SMAP_H1_1K_SELL,0.85,0.85hrs
24/06/2026 14:15:47,sell,0.05,XAUUSD,4042.06000,24/06/2026 14:16:31,4038.55000,-0.73,0.00,35.10,16.82,16.82,35.10,0.00,0.00,168222,Atom-8_SMAP_H1_1K_SELL,0.01,0.01hrs
24/06/2026 14:15:00,sell,0.05,XAUUSD,4045.85000,24/06/2026 14:15:46,4042.06000,-0.73,0.00,37.90,18.22,18.22,37.90,0.00,0.00,168222,Atom-8_SMAP_H1_1K_SELL,0.01,0.01hrs
24/06/2026 13:00:43,sell,0.50,XAUUSD,4062.09000,24/06/2026 13:02:52,4060.21000,-7.31,0.00,18.80,86.69,86.69,18.80,0.00,0.00,168222,HM189_33353_M30_5K_S,0.04,0.04hrs
24/06/2026 07:11:17,sell,0.05,XAUUSD,4056.01000,24/06/2026 13:02:50,4059.90000,-0.73,0.00,-38.90,-20.18,0.00,0.00,-206.63,-411.80,168222,Atom-8_SMAP_H1_1K_SELL,5.86,5.86hrs
24/06/2026 13:00:01,sell,0.50,XAUUSD,4064.70000,24/06/2026 13:00:42,4061.87000,-7.32,0.00,28.30,134.18,134.18,28.30,-68.82,-12.30,168222,HM189_33353_M30_5K_S,0.01,0.01hrs
24/06/2026 07:07:13,sell,0.01,XAUUSD,4059.30000,24/06/2026 07:11:16,4056.35000,-0.15,0.00,29.50,2.80,2.80,29.50,0.00,0.00,168222,Atom-8_SMAP_H1_1K_SELL,0.07,0.07hrs
24/06/2026 07:05:47,sell,0.05,XAUUSD,4057.09000,24/06/2026 07:11:16,4056.45000,-0.73,0.00,6.40,2.47,2.47,6.40,0.00,0.00,168222,Atom-8_SMAP_H1_1K_SELL,0.09,0.09hrs
24/06/2026 07:05:11,sell,0.05,XAUUSD,4059.40000,24/06/2026 07:05:46,4056.75000,-0.73,0.00,26.50,12.52,12.52,26.50,0.00,0.00,168222,Atom-8_SMAP_H1_1K_SELL,0.01,0.01hrs
24/06/2026 06:01:05,sell,0.50,XAUUSD,4061.32000,24/06/2026 06:04:42,4057.80000,-7.31,0.00,35.20,168.69,168.69,35.20,-31.81,-4.90,168222,HM189_33353_M30_5K_S,0.06,0.06hrs
24/06/2026 06:00:29,sell,0.01,XAUUSD,4064.59000,24/06/2026 06:01:04,4061.86000,-0.15,0.00,27.30,2.58,2.58,27.30,0.00,0.00,168222,Atom-8_SMAP_H1_1K_SELL,0.01,0.01hrs
24/06/2026 06:00:32,sell,0.01,XAUUSD,4065.28000,24/06/2026 06:01:03,4061.45000,-0.15,0.00,38.30,3.68,3.68,38.30,0.00,0.00,168222,HM189_33353_M30_5K_S,0.01,0.01hrs
24/06/2026 06:00:08,sell,0.50,XAUUSD,4062.71000,24/06/2026 06:01:03,4061.43000,-7.31,0.00,12.80,56.69,56.69,12.80,0.00,0.00,168222,HM189_33353_M30_5K_S,0.02,0.02hrs
24/06/2026 06:00:06,sell,0.05,XAUUSD,4062.27000,24/06/2026 06:01:03,4061.87000,-0.73,0.00,4.00,1.27,1.27,4.00,0.00,0.00,168222,Atom-8_SMAP_H1_1K_SELL,0.02,0.02hrs
24/06/2026 05:18:19,sell,0.05,XAUUSD,4073.61000,24/06/2026 05:30:31,4071.11000,-0.73,0.00,25.00,11.77,11.77,25.00,-14.28,-27.10,168222,Atom-8_SMAP_H1_1K_SELL,0.20,0.20hrs
24/06/2026 05:17:31,sell,0.05,XAUUSD,4076.54000,24/06/2026 05:18:17,4074.06000,-0.73,0.00,24.80,11.67,11.67,24.80,0.00,0.00,168222,Atom-8_SMAP_H1_1K_SELL,0.01,0.01hrs
24/06/2026 05:16:43,sell,0.01,XAUUSD,4079.49000,24/06/2026 05:17:29,4076.47000,-0.15,0.00,30.20,2.87,2.87,30.20,0.00,0.00,168222,Atom-8_SMAP_H1_1K_SELL,0.01,0.01hrs
24/06/2026 05:16:20,sell,0.05,XAUUSD,4077.33000,24/06/2026 05:17:29,4076.86000,-0.73,0.00,4.70,1.62,1.62,4.70,0.00,0.00,168222,Atom-8_SMAP_H1_1K_SELL,0.02,0.02hrs
24/06/2026 05:15:05,sell,0.05,XAUUSD,4081.01000,24/06/2026 05:16:18,4077.72000,-0.73,0.00,32.90,15.72,15.72,32.90,0.00,0.00,168222,Atom-8_SMAP_H1_1K_SELL,0.02,0.02hrs
24/06/2026 01:34:44,sell,0.05,XAUUSD,4097.00000,24/06/2026 02:33:44,4094.29000,-0.74,0.00,27.10,12.81,12.81,27.10,-51.34,-101.20,168222,Atom-8_SMAP_H1_1K_SELL,0.98,0.98hrs
24/06/2026 01:34:24,sell,0.05,XAUUSD,4100.05000,24/06/2026 01:34:43,4097.57000,-0.74,0.00,24.80,11.66,11.66,24.80,0.00,0.00,168222,Atom-8_SMAP_H1_1K_SELL,0.01,0.01hrs
24/06/2026 01:33:55,sell,0.05,XAUUSD,4103.16000,24/06/2026 01:34:22,4100.30000,-0.74,0.00,28.60,13.56,13.56,28.60,0.00,0.00,168222,Atom-8_SMAP_H1_1K_SELL,0.01,0.01hrs
24/06/2026 01:23:20,sell,0.05,XAUUSD,4106.09000,24/06/2026 01:33:53,4103.39000,-0.74,0.00,27.00,12.76,12.76,27.00,0.00,0.00,168222,Atom-8_SMAP_H1_1K_SELL,0.18,0.18hrs
24/06/2026 01:25:58,sell,0.01,XAUUSD,4108.07000,24/06/2026 01:33:29,4104.43000,-0.15,0.00,36.40,3.49,3.49,36.40,0.00,0.00,168222,HM189_33353_M30_5K_S,0.13,0.13hrs
24/06/2026 01:25:07,sell,0.50,XAUUSD,4105.88000,24/06/2026 01:33:28,4104.18000,-7.39,0.00,17.00,77.61,77.61,17.00,0.00,0.00,168222,HM189_33353_M30_5K_S,0.14,0.14hrs
24/06/2026 01:20:29,sell,0.05,XAUUSD,4108.17000,24/06/2026 01:23:15,4105.72000,-0.74,0.00,24.50,11.51,11.51,24.50,0.00,0.00,168222,Atom-8_SMAP_H1_1K_SELL,0.05,0.05hrs
24/06/2026 01:20:20,sell,0.05,XAUUSD,4109.53000,24/06/2026 01:20:28,4107.18000,-0.74,0.00,23.50,11.01,11.01,23.50,0.00,0.00,168222,Atom-8_SMAP_H1_1K_SELL,0.00,0.00hrs
24/06/2026 01:06:18,sell,0.01,XAUUSD,4113.62000,24/06/2026 01:20:14,4109.02000,-0.15,0.00,46.00,4.45,4.45,46.00,0.00,0.00,168222,Atom-8_SMAP_H1_1K_SELL,0.23,0.23hrs
24/06/2026 01:05:59,sell,0.01,XAUUSD,4112.95000,24/06/2026 01:20:13,4109.17000,-0.15,0.00,37.80,3.63,3.63,37.80,0.00,0.00,168222,HM189_33353_M30_5K_S,0.24,0.24hrs
24/06/2026 01:05:22,sell,0.50,XAUUSD,4111.19000,24/06/2026 01:20:13,4109.28000,-7.40,0.00,19.10,88.10,88.10,19.10,0.00,0.00,168222,HM189_33353_M30_5K_S,0.25,0.25hrs
24/06/2026 01:05:08,sell,0.05,XAUUSD,4111.38000,24/06/2026 01:20:13,4109.04000,-0.74,0.00,23.40,10.96,10.96,23.40,0.00,0.00,168222,Atom-8_SMAP_H1_1K_SELL,0.25,0.25hrs
23/06/2026 12:20:42,sell,0.01,XAUUSD,4113.81000,23/06/2026 16:00:43,4112.41000,-0.15,0.00,14.00,1.25,1.25,14.00,-17.95,-178.00,168222,Atom-8_SMAP_H1_1K_SELL,3.67,3.67hrs
23/06/2026 12:15:01,sell,0.05,XAUUSD,4111.72000,23/06/2026 16:00:43,4111.50000,-0.74,0.00,2.20,0.36,6.46,14.40,-100.19,-198.90,168222,Atom-8_SMAP_H1_1K_SELL,3.76,3.76hrs
23/06/2026 11:00:01,sell,0.50,XAUUSD,4099.05000,23/06/2026 11:01:04,4097.13000,-7.38,0.00,19.20,88.62,94.62,20.40,0.00,0.00,168222,HM189_33353_M30_5K_S,0.02,0.02hrs
23/06/2026 10:47:05,sell,0.01,XAUUSD,4107.90000,23/06/2026 10:48:36,4104.71000,-0.15,0.00,31.90,3.04,3.04,31.90,0.00,0.00,168222,Atom-8_SMAP_H1_1K_SELL,0.03,0.03hrs
23/06/2026 10:42:53,sell,0.05,XAUUSD,4106.20000,23/06/2026 10:48:36,4104.95000,-0.74,0.00,12.50,5.51,5.51,12.50,0.00,0.00,168222,Atom-8_SMAP_H1_1K_SELL,0.10,0.10hrs
23/06/2026 10:41:04,sell,0.05,XAUUSD,4109.54000,23/06/2026 10:42:50,4106.15000,-0.74,0.00,33.90,16.21,16.21,33.90,-1.69,-1.90,168222,Atom-8_SMAP_H1_1K_SELL,0.03,0.03hrs
23/06/2026 10:38:09,sell,0.05,XAUUSD,4112.47000,23/06/2026 10:40:58,4109.28000,-0.74,0.00,31.90,15.21,15.21,31.90,0.00,0.00,168222,Atom-8_SMAP_H1_1K_SELL,0.05,0.05hrs
23/06/2026 10:37:17,sell,0.05,XAUUSD,4115.09000,23/06/2026 10:38:07,4112.53000,-0.74,0.00,25.60,12.06,12.06,25.60,0.00,0.00,168222,Atom-8_SMAP_H1_1K_SELL,0.01,0.01hrs
23/06/2026 10:19:57,sell,0.01,XAUUSD,4117.21000,23/06/2026 10:37:15,4114.60000,-0.15,0.00,26.10,2.46,2.46,26.10,-5.91,-57.60,168222,Atom-8_SMAP_H1_1K_SELL,0.29,0.29hrs
23/06/2026 10:19:15,sell,0.05,XAUUSD,4114.93000,23/06/2026 10:37:14,4114.56000,-0.74,0.00,3.70,1.11,1.11,3.70,-40.94,-80.40,168222,Atom-8_SMAP_H1_1K_SELL,0.30,0.30hrs
23/06/2026 10:14:30,sell,0.01,XAUUSD,4117.48000,23/06/2026 10:19:13,4114.35000,-0.15,0.00,31.30,2.98,2.98,31.30,0.00,0.00,168222,Atom-8_SMAP_H1_1K_SELL,0.08,0.08hrs
23/06/2026 10:11:55,sell,0.05,XAUUSD,4115.26000,23/06/2026 10:19:13,4114.72000,-0.74,0.00,5.40,1.96,1.96,5.40,0.00,0.00,168222,Atom-8_SMAP_H1_1K_SELL,0.12,0.12hrs
23/06/2026 10:10:16,sell,0.05,XAUUSD,4119.98000,23/06/2026 10:10:49,4115.07000,-0.74,0.00,49.10,23.81,23.81,49.10,0.00,0.00,168222,Atom-8_SMAP_H1_1K_SELL,0.01,0.01hrs
23/06/2026 10:09:47,sell,0.05,XAUUSD,4122.86000,23/06/2026 10:10:10,4119.90000,-0.74,0.00,29.60,14.06,14.06,29.60,0.00,0.00,168222,Atom-8_SMAP_H1_1K_SELL,0.01,0.01hrs
23/06/2026 08:00:16,sell,0.01,XAUUSD,4118.93000,23/06/2026 09:09:44,4117.12000,-0.15,0.00,18.10,1.66,1.66,18.10,-12.04,-118.90,168222,Atom-8_SMAP_H1_1K_SELL,1.16,1.16hrs
23/06/2026 08:00:08,sell,0.05,XAUUSD,4116.00000,23/06/2026 09:09:44,4117.36000,-0.74,0.00,-13.60,-7.54,0.00,0.00,-74.84,-148.20,168222,Atom-8_SMAP_H1_1K_SELL,1.16,1.16hrs
23/06/2026 08:00:54,sell,0.01,XAUUSD,4119.96000,23/06/2026 09:09:42,4116.62000,-0.15,0.00,33.40,3.19,3.19,33.40,-11.01,-108.60,168222,HM189_33353_M30_5K_S,1.15,1.15hrs
23/06/2026 08:00:12,sell,0.50,XAUUSD,4117.73000,23/06/2026 09:09:41,4116.72000,-7.41,0.00,10.10,43.09,43.09,10.10,-661.91,-130.90,168222,HM189_33353_M30_5K_S,1.16,1.16hrs
23/06/2026 08:00:00,sell,0.50,XAUUSD,4118.15000,23/06/2026 08:00:08,4115.92000,-7.41,0.00,22.30,104.09,104.09,22.30,0.00,0.00,168222,HM189_33353_M30_5K_S,0.00,0.00hrs
23/06/2026 07:19:59,sell,0.05,XAUUSD,4140.01000,23/06/2026 07:30:45,4137.47000,-0.75,0.00,25.40,11.95,11.95,25.40,-4.95,-8.40,168222,Atom-8_SMAP_H1_1K_SELL,0.18,0.18hrs
23/06/2026 07:10:30,sell,0.05,XAUUSD,4142.59000,23/06/2026 07:19:45,4140.05000,-0.75,0.00,25.40,11.95,11.95,25.40,-2.85,-4.20,168222,Atom-8_SMAP_H1_1K_SELL,0.15,0.15hrs
23/06/2026 07:01:41,sell,0.05,XAUUSD,4145.13000,23/06/2026 07:10:27,4142.75000,-0.75,0.00,23.80,11.15,11.15,23.80,0.00,0.00,168222,Atom-8_SMAP_H1_1K_SELL,0.15,0.15hrs
23/06/2026 06:01:25,sell,0.50,XAUUSD,4146.39000,23/06/2026 06:01:37,4145.12000,-7.46,0.00,12.70,56.04,56.04,12.70,0.00,0.00,168222,HM189_33353_M30_5K_S,0.00,0.00hrs
23/06/2026 05:59:12,sell,0.05,XAUUSD,4148.17000,23/06/2026 06:01:34,4144.95000,-0.75,0.00,32.20,15.35,15.35,32.20,0.00,0.00,168222,Atom-8_SMAP_H1_1K_SELL,0.04,0.04hrs
23/06/2026 06:00:02,sell,0.50,XAUUSD,4148.67000,23/06/2026 06:01:20,4146.31000,-7.47,0.00,23.60,110.53,110.53,23.60,0.00,0.00,168222,HM189_33353_M30_5K_S,0.02,0.02hrs
23/06/2026 05:58:05,sell,0.05,XAUUSD,4151.16000,23/06/2026 05:59:10,4147.72000,-0.75,0.00,34.40,16.45,16.45,34.40,0.00,0.00,168222,Atom-8_SMAP_H1_1K_SELL,0.02,0.02hrs
23/06/2026 05:48:35,sell,0.01,XAUUSD,4154.25000,23/06/2026 05:58:01,4150.48000,-0.15,0.00,37.70,3.62,3.62,37.70,-1.21,-10.60,168222,Atom-8_SMAP_H1_1K_SELL,0.16,0.16hrs
23/06/2026 05:47:19,sell,0.05,XAUUSD,4152.35000,23/06/2026 05:58:01,4150.60000,-0.75,0.00,17.50,8.00,8.00,17.50,-15.55,-29.60,168222,Atom-8_SMAP_H1_1K_SELL,0.18,0.18hrs
23/06/2026 05:45:08,sell,0.05,XAUUSD,4155.31000,23/06/2026 05:47:17,4152.24000,-0.75,0.00,30.70,14.60,14.60,30.70,0.00,0.00,168222,Atom-8_SMAP_H1_1K_SELL,0.04,0.04hrs
22/06/2026 13:11:10,buy,0.01,XAUUSD,4209.23000,22/06/2026 13:11:52,4213.78000,-0.15,0.00,45.50,4.40,4.40,45.50,0.00,0.00,168211,Atom-8_SMAP_H1_1K_BUY,0.01,0.01hrs
22/06/2026 13:11:02,buy,0.01,XAUUSD,4209.46000,22/06/2026 13:11:51,4213.37000,-0.15,0.00,39.10,3.76,3.76,39.10,-0.63,-4.80,168211,HM189_33353_M30_5K_B,0.01,0.01hrs
22/06/2026 13:09:26,buy,0.50,XAUUSD,4211.52000,22/06/2026 13:11:51,4213.49000,-7.58,0.00,19.70,90.92,90.92,19.70,-134.58,-25.40,168211,HM189_33353_M30_5K_B,0.04,0.04hrs
22/06/2026 13:09:22,buy,0.05,XAUUSD,4211.07000,22/06/2026 13:11:51,4213.65000,-0.76,0.00,25.80,12.14,12.14,25.80,-11.21,-20.90,168211,Atom-8_SMAP_H1_1K_BUY,0.04,0.04hrs
22/06/2026 13:00:01,buy,0.50,XAUUSD,4208.46000,22/06/2026 13:09:22,4211.21000,-7.58,0.00,27.50,129.92,129.92,27.50,0.00,0.00,168211,HM189_33353_M30_5K_B,0.16,0.16hrs
22/06/2026 10:21:08,buy,0.01,XAUUSD,4198.09000,22/06/2026 12:04:31,4201.41000,-0.15,0.00,33.20,3.17,3.17,33.20,-9.18,-90.30,168211,Atom-8_SMAP_H1_1K_BUY,1.72,1.72hrs
22/06/2026 10:10:11,buy,0.05,XAUUSD,4200.09000,22/06/2026 12:04:31,4200.75000,-0.76,0.00,6.60,2.54,2.54,6.60,-55.91,-110.30,168211,Atom-8_SMAP_H1_1K_BUY,1.91,1.91hrs
22/06/2026 09:07:51,buy,0.05,XAUUSD,4195.12000,22/06/2026 09:10:13,4198.13000,-0.76,0.00,30.10,14.29,14.29,30.10,-2.51,-3.50,168211,Atom-8_SMAP_H1_1K_BUY,0.04,0.04hrs
22/06/2026 09:07:57,buy,0.50,XAUUSD,4195.05000,22/06/2026 09:10:08,4197.36000,-7.55,0.00,23.10,107.95,107.95,23.10,-21.55,-2.80,168211,HM189_33353_M30_5K_B,0.04,0.04hrs
22/06/2026 09:04:52,buy,0.01,XAUUSD,4191.19000,22/06/2026 09:07:51,4195.00000,-0.15,0.00,38.10,3.66,3.66,38.10,0.00,0.00,168211,HM189_33353_M30_5K_B,0.05,0.05hrs
22/06/2026 09:00:10,buy,0.50,XAUUSD,4193.70000,22/06/2026 09:07:51,4194.94000,-7.55,0.00,12.40,54.45,54.45,12.40,-29.55,-4.40,168211,HM189_33353_M30_5K_B,0.13,0.13hrs
22/06/2026 09:00:07,buy,0.05,XAUUSD,4193.49000,22/06/2026 09:03:03,4196.16000,-0.75,0.00,26.70,12.60,12.60,26.70,-1.90,-2.30,168211,Atom-8_SMAP_H1_1K_BUY,0.05,0.05hrs
22/06/2026 04:45:06,buy,0.05,XAUUSD,4201.56000,22/06/2026 05:39:25,4196.96000,-0.76,0.00,-46.00,-23.76,0.00,0.00,-82.36,-163.20,168211,Atom-8_SMAP_H1_1K_BUY,0.91,0.91hrs
22/06/2026 04:46:05,buy,0.01,XAUUSD,4198.69000,22/06/2026 05:39:24,4197.04000,-0.15,0.00,-16.50,-1.80,0.00,0.00,-13.60,-134.50,168211,Atom-8_SMAP_H1_1K_BUY,0.89,0.89hrs
22/06/2026 04:52:20,buy,0.01,XAUUSD,4195.08000,22/06/2026 05:38:34,4198.54000,-0.15,0.00,34.60,3.31,3.31,34.60,-9.99,-98.40,168211,HM189_33353_M30_5K_B,0.77,0.77hrs
22/06/2026 04:52:08,buy,0.50,XAUUSD,4197.21000,22/06/2026 05:38:34,4198.54000,-7.55,0.00,13.30,58.95,58.95,13.30,-606.05,-119.70,168211,HM189_33353_M30_5K_B,0.77,0.77hrs
22/06/2026 04:50:11,buy,0.50,XAUUSD,4195.50000,22/06/2026 04:52:02,4198.01000,-7.55,0.00,25.10,117.95,117.95,25.10,0.00,0.00,168211,HM189_33353_M30_5K_B,0.03,0.03hrs
19/06/2026 12:01:34,buy,0.01,XAUUSD,4167.53000,19/06/2026 15:51:56,4171.37000,-0.15,0.00,38.40,3.69,3.69,38.40,-25.27,-251.20,168211,HM189_33353_M30_5K_B,3.84,3.84hrs
19/06/2026 12:00:01,buy,0.50,XAUUSD,4169.75000,19/06/2026 15:51:55,4170.99000,-7.51,0.00,12.40,54.49,54.49,12.40,-1374.51,-273.40,168211,HM189_33353_M30_5K_B,3.87,3.87hrs
19/06/2026 08:07:59,sell,0.05,XAUUSD,4122.23000,19/06/2026 13:57:38,4149.34000,-0.74,0.00,-271.10,-136.29,0.00,0.00,-268.34,-535.20,168222,Atom-8_SMAP_H1_1K_SELL,5.83,5.83hrs
19/06/2026 08:09:11,sell,0.01,XAUUSD,4124.30000,19/06/2026 13:57:37,4149.10000,-0.15,0.00,-248.00,-24.95,0.00,0.00,-51.60,-514.50,168222,Atom-8_SMAP_H1_1K_SELL,5.81,5.81hrs
19/06/2026 08:10:16,sell,0.01,XAUUSD,4126.22000,19/06/2026 09:14:13,4146.40000,-0.15,0.00,-201.80,-20.33,0.00,0.00,-20.33,-201.80,168222,HM189_33353_M30_5K_S,1.07,1.07hrs
19/06/2026 08:08:34,sell,0.50,XAUUSD,4123.59000,19/06/2026 09:14:13,4146.40000,-7.42,0.00,-228.10,-1147.92,0.00,0.00,-1147.92,-228.10,168222,HM189_33353_M30_5K_S,1.09,1.09hrs
19/06/2026 08:04:58,sell,0.50,XAUUSD,4125.04000,19/06/2026 08:07:59,4122.65000,-7.43,0.00,23.90,112.07,112.07,23.90,0.00,0.00,168222,HM189_33353_M30_5K_S,0.05,0.05hrs
19/06/2026 07:04:09,sell,0.50,XAUUSD,4144.84000,19/06/2026 07:04:33,4143.47000,-7.46,0.00,13.70,61.04,61.04,13.70,0.00,0.00,168222,HM189_33353_M30_5K_S,0.01,0.01hrs
19/06/2026 07:02:54,sell,0.50,XAUUSD,4147.53000,19/06/2026 07:04:08,4144.68000,-7.47,0.00,28.50,135.03,135.03,28.50,0.00,0.00,168222,HM189_33353_M30_5K_S,0.02,0.02hrs
19/06/2026 07:02:51,sell,0.05,XAUUSD,4147.52000,19/06/2026 07:04:08,4144.94000,-0.75,0.00,25.80,12.15,12.15,25.80,0.00,0.00,168222,Atom-8_SMAP_H1_1K_SELL,0.02,0.02hrs
19/06/2026 06:01:35,sell,0.50,XAUUSD,4173.66000,19/06/2026 06:02:27,4172.85000,-7.51,0.00,8.10,32.99,32.99,8.10,0.00,0.00,168222,HM189_33353_M30_5K_S,0.01,0.01hrs
19/06/2026 06:01:29,sell,0.05,XAUUSD,4174.20000,19/06/2026 06:02:25,4172.81000,-0.75,0.00,13.90,6.20,6.20,13.90,0.00,0.00,168222,Atom-8_SMAP_H1_1K_SELL,0.02,0.02hrs
19/06/2026 06:00:01,sell,0.50,XAUUSD,4176.80000,19/06/2026 06:01:29,4174.06000,-7.52,0.00,27.40,129.48,129.48,27.40,-22.02,-2.90,168222,HM189_33353_M30_5K_S,0.02,0.02hrs
19/06/2026 05:15:58,sell,0.05,XAUUSD,4175.86000,19/06/2026 05:51:26,4173.11000,-0.75,0.00,27.50,13.00,13.00,27.50,-31.05,-60.60,168222,Atom-8_SMAP_H1_1K_SELL,0.59,0.59hrs
19/06/2026 05:14:24,sell,0.05,XAUUSD,4179.88000,19/06/2026 05:15:56,4176.02000,-0.75,0.00,38.60,18.55,18.55,38.60,0.00,0.00,168222,Atom-8_SMAP_H1_1K_SELL,0.03,0.03hrs
19/06/2026 05:09:15,sell,0.01,XAUUSD,4182.11000,19/06/2026 05:14:16,4179.85000,-0.15,0.00,22.60,2.11,2.11,22.60,-2.26,-21.10,168222,Atom-8_SMAP_H1_1K_SELL,0.08,0.08hrs
19/06/2026 05:08:46,sell,0.05,XAUUSD,4180.24000,19/06/2026 05:14:16,4179.61000,-0.75,0.00,6.30,2.40,2.40,6.30,-20.65,-39.80,168222,Atom-8_SMAP_H1_1K_SELL,0.09,0.09hrs
19/06/2026 05:07:57,sell,0.05,XAUUSD,4182.80000,19/06/2026 05:08:44,4179.92000,-0.75,0.00,28.80,13.65,13.65,28.80,0.00,0.00,168222,Atom-8_SMAP_H1_1K_SELL,0.01,0.01hrs
19/06/2026 05:00:04,sell,0.05,XAUUSD,4185.48000,19/06/2026 05:07:56,4183.25000,-0.75,0.00,22.30,10.40,10.40,22.30,-1.65,-1.80,168222,Atom-8_SMAP_H1_1K_SELL,0.13,0.13hrs
19/06/2026 04:15:22,sell,0.01,XAUUSD,4188.09000,19/06/2026 04:17:41,4185.57000,-0.15,0.00,25.20,2.37,2.37,25.20,0.00,0.00,168222,Atom-8_SMAP_H1_1K_SELL,0.04,0.04hrs
19/06/2026 04:06:53,sell,0.05,XAUUSD,4186.06000,19/06/2026 04:17:41,4185.42000,-0.75,0.00,6.40,2.45,2.45,6.40,-4.15,-6.80,168222,Atom-8_SMAP_H1_1K_SELL,0.18,0.18hrs
19/06/2026 03:06:40,sell,0.50,XAUUSD,4187.79000,19/06/2026 03:06:47,4187.46000,-7.54,0.00,3.30,8.96,8.96,3.30,0.00,0.00,168222,HM189_33353_M30_5K_S,0.00,0.00hrs
19/06/2026 03:06:37,sell,0.05,XAUUSD,4187.28000,19/06/2026 03:06:43,4188.21000,-0.75,0.00,-9.30,-5.40,0.00,0.00,-5.40,-9.30,168222,Atom-8_SMAP_H1_1K_SELL,0.00,0.00hrs
19/06/2026 03:00:36,sell,0.01,XAUUSD,4191.83000,19/06/2026 03:06:37,4187.33000,-0.15,0.00,45.00,4.35,4.35,45.00,-1.77,-16.20,168222,HM189_33353_M30_5K_S,0.10,0.10hrs
19/06/2026 03:00:00,sell,0.50,XAUUSD,4189.03000,19/06/2026 03:06:36,4187.35000,-7.54,0.00,16.80,76.46,76.46,16.80,-228.54,-44.20,168222,HM189_33353_M30_5K_S,0.11,0.11hrs
19/06/2026 02:14:45,sell,0.05,XAUUSD,4194.20000,19/06/2026 02:45:05,4191.35000,-0.75,0.00,28.50,13.50,13.50,28.50,-17.30,-33.10,168222,Atom-8_SMAP_H1_1K_SELL,0.51,0.51hrs
19/06/2026 02:13:48,sell,0.05,XAUUSD,4198.40000,19/06/2026 02:14:44,4194.55000,-0.76,0.00,38.50,18.49,18.49,38.50,0.00,0.00,168222,Atom-8_SMAP_H1_1K_SELL,0.02,0.02hrs
19/06/2026 02:02:49,sell,0.05,XAUUSD,4201.49000,19/06/2026 02:13:46,4198.36000,-0.76,0.00,31.30,14.89,14.89,31.30,0.00,0.00,168222,Atom-8_SMAP_H1_1K_SELL,0.18,0.18hrs
19/06/2026 01:25:04,sell,0.05,XAUUSD,4204.50000,19/06/2026 02:02:47,4201.52000,-0.76,0.00,29.80,14.14,14.14,29.80,-21.36,-41.20,168222,Atom-8_SMAP_H1_1K_SELL,0.63,0.63hrs
19/06/2026 01:05:56,sell,0.01,XAUUSD,4206.99000,19/06/2026 01:22:53,4203.35000,-0.15,0.00,36.40,3.49,3.49,36.40,0.00,0.00,168222,HM189_33353_M30_5K_S,0.28,0.28hrs
19/06/2026 01:05:36,sell,0.50,XAUUSD,4204.85000,19/06/2026 01:22:53,4203.35000,-7.57,0.00,15.00,67.43,67.43,15.00,0.00,0.00,168222,HM189_33353_M30_5K_S,0.29,0.29hrs
19/06/2026 01:05:59,sell,0.01,XAUUSD,4208.06000,19/06/2026 01:22:17,4204.46000,-0.15,0.00,36.00,3.45,3.45,36.00,0.00,0.00,168222,Atom-8_SMAP_H1_1K_SELL,0.27,0.27hrs
19/06/2026 01:05:21,sell,0.05,XAUUSD,4204.79000,19/06/2026 01:22:17,4204.43000,-0.76,0.00,3.60,1.04,1.04,3.60,0.00,0.00,168222,Atom-8_SMAP_H1_1K_SELL,0.28,0.28hrs
18/06/2026 19:16:06,sell,0.05,XAUUSD,4225.05000,18/06/2026 19:19:10,4223.11000,-0.76,0.00,19.40,8.94,8.94,19.40,-1.06,-0.60,168222,Atom-8_SMAP_H1_1K_SELL,0.05,0.05hrs
18/06/2026 19:16:09,sell,0.50,XAUUSD,4225.76000,18/06/2026 19:19:07,4223.38000,-7.61,0.00,23.80,111.39,111.39,23.80,0.00,0.00,168222,HM189_33353_M30_5K_S,0.05,0.05hrs
18/06/2026 19:00:08,sell,0.01,XAUUSD,4228.97000,18/06/2026 19:16:05,4225.48000,-0.15,0.00,34.90,3.34,3.34,34.90,-3.54,-33.90,168222,HM189_33353_M30_5K_S,0.27,0.27hrs
18/06/2026 19:00:01,sell,0.50,XAUUSD,4226.86000,18/06/2026 19:16:05,4225.26000,-7.61,0.00,16.00,72.39,72.39,16.00,-282.61,-55.00,168222,HM189_33353_M30_5K_S,0.27,0.27hrs
18/06/2026 12:36:45,sell,0.50,XAUUSD,4263.78000,18/06/2026 13:50:17,4261.68000,-7.67,0.00,21.00,97.33,97.33,21.00,-443.67,-87.20,168222,HM189_33353_M30_5K_S,1.23,1.23hrs
18/06/2026 12:37:52,sell,0.01,XAUUSD,4265.97000,18/06/2026 13:09:37,4263.01000,-0.15,0.00,29.60,2.81,2.81,29.60,-6.33,-61.80,168222,Atom-8_SMAP_H1_1K_SELL,0.53,0.53hrs
18/06/2026 12:36:41,sell,0.05,XAUUSD,4263.98000,18/06/2026 13:09:37,4262.93000,-0.77,0.00,10.50,4.48,4.48,10.50,-41.62,-81.70,168222,Atom-8_SMAP_H1_1K_SELL,0.55,0.55hrs
18/06/2026 12:14:47,sell,0.01,XAUUSD,4266.51000,18/06/2026 12:36:41,4263.99000,-0.15,0.00,25.20,2.37,2.37,25.20,-6.19,-60.40,168222,HM189_33353_M30_5K_S,0.36,0.36hrs
18/06/2026 12:13:17,sell,0.50,XAUUSD,4264.73000,18/06/2026 12:36:40,4263.99000,-7.68,0.00,7.40,29.32,29.32,7.40,-398.68,-78.20,168222,HM189_33353_M30_5K_S,0.39,0.39hrs
18/06/2026 12:02:11,sell,0.50,XAUUSD,4267.50000,18/06/2026 12:10:24,4264.94000,-7.68,0.00,25.60,120.32,120.32,25.60,-75.18,-13.50,168222,HM189_33353_M30_5K_S,0.14,0.14hrs
18/06/2026 01:05:03,sell,0.05,XAUUSD,4258.31000,18/06/2026 11:00:09,4286.92000,-0.77,0.00,-286.10,-143.82,0.00,0.00,-356.42,-711.30,168222,Atom-8_SMAP_H1_1K_SELL,9.92,9.92hrs
18/06/2026 01:05:32,sell,0.01,XAUUSD,4260.32000,18/06/2026 11:00:08,4287.36000,-0.15,0.00,-270.40,-27.19,0.00,0.00,-69.27,-691.20,168222,Atom-8_SMAP_H1_1K_SELL,9.91,9.91hrs
18/06/2026 11:00:01,sell,0.50,XAUUSD,4288.47000,18/06/2026 11:00:06,4287.78000,-7.72,0.00,6.90,26.78,26.78,6.90,0.00,0.00,168222,HM189_33353_M30_5K_S,0.00,0.00hrs
18/06/2026 04:00:21,buy,0.50,XAUUSD,4311.89000,18/06/2026 04:00:30,4315.20000,-7.76,0.00,33.10,157.74,157.74,33.10,0.00,0.00,168211,HM189_33353_M30_5K_B,0.00,0.00hrs
18/06/2026 04:00:05,buy,0.50,XAUUSD,4307.36000,18/06/2026 04:00:19,4311.42000,-7.75,0.00,40.60,195.25,195.25,40.60,0.00,0.00,168211,HM189_33353_M30_5K_B,0.00,0.00hrs
17/06/2026 01:05:04,sell,0.50,XAUUSD,4331.53000,17/06/2026 03:00:53,4328.93000,-7.80,0.00,26.00,122.20,122.20,26.00,-305.30,-59.50,168222,HM189_33353_M30_5K_S,1.93,1.93hrs
16/06/2026 18:04:03,sell,0.01,XAUUSD,4324.61000,16/06/2026 18:24:32,4321.82000,-0.16,0.00,27.90,2.63,2.63,27.90,-2.11,-19.50,168222,HM189_33353_M30_5K_S,0.34,0.34hrs
16/06/2026 18:03:38,sell,0.50,XAUUSD,4322.73000,16/06/2026 18:24:31,4321.83000,-7.78,0.00,9.00,37.22,37.22,9.00,-199.28,-38.30,168222,HM189_33353_M30_5K_S,0.35,0.35hrs
16/06/2026 18:00:03,sell,0.50,XAUUSD,4325.20000,16/06/2026 18:03:36,4322.41000,-7.79,0.00,27.90,131.71,131.71,27.90,0.00,0.00,168222,HM189_33353_M30_5K_S,0.06,0.06hrs
16/06/2026 14:00:18,buy,0.05,XAUUSD,4349.06000,16/06/2026 15:46:11,4350.04000,-0.78,0.00,9.80,4.12,4.12,9.80,-58.18,-114.80,168211,Atom-8_SMAP_H1_1K_BUY,1.76,1.76hrs
16/06/2026 14:00:22,buy,0.50,XAUUSD,4348.55000,16/06/2026 15:46:04,4350.14000,-7.83,0.00,15.90,71.67,71.67,15.90,-556.33,-109.70,168211,HM189_33353_M30_5K_B,1.76,1.76hrs
16/06/2026 12:56:08,buy,0.01,XAUUSD,4346.04000,16/06/2026 14:00:17,4348.91000,-0.16,0.00,28.70,2.71,2.71,28.70,-2.74,-25.80,168211,HM189_33353_M30_5K_B,1.07,1.07hrs
16/06/2026 12:55:02,buy,0.50,XAUUSD,4348.08000,16/06/2026 14:00:17,4348.96000,-7.83,0.00,8.80,36.17,36.17,8.80,-238.83,-46.20,168211,HM189_33353_M30_5K_B,1.09,1.09hrs
16/06/2026 12:56:04,buy,0.01,XAUUSD,4346.21000,16/06/2026 14:00:16,4349.20000,-0.16,0.00,29.90,2.83,2.83,29.90,-2.91,-27.50,168211,Atom-8_SMAP_H1_1K_BUY,1.07,1.07hrs
16/06/2026 12:54:31,buy,0.05,XAUUSD,4348.36000,16/06/2026 14:00:16,4349.19000,-0.78,0.00,8.30,3.37,3.37,8.30,-25.28,-49.00,168211,Atom-8_SMAP_H1_1K_BUY,1.10,1.10hrs
16/06/2026 12:15:40,buy,0.01,XAUUSD,4345.28000,16/06/2026 12:54:31,4348.26000,-0.16,0.00,29.80,2.82,2.82,29.80,-4.77,-46.10,168211,HM189_33353_M30_5K_B,0.65,0.65hrs
16/06/2026 12:09:56,buy,0.50,XAUUSD,4347.09000,16/06/2026 12:54:31,4348.26000,-7.82,0.00,11.70,50.68,50.68,11.70,-328.82,-64.20,168211,HM189_33353_M30_5K_B,0.74,0.74hrs
16/06/2026 11:00:02,buy,0.50,XAUUSD,4334.82000,16/06/2026 11:09:44,4336.87000,-7.80,0.00,20.50,94.70,94.70,20.50,-2.80,0.00,168211,HM189_33353_M30_5K_B,0.16,0.16hrs
16/06/2026 07:09:14,buy,0.01,XAUUSD,4328.57000,16/06/2026 10:31:07,4331.70000,-0.16,0.00,31.30,2.97,2.97,31.30,-13.99,-138.30,168211,HM189_33353_M30_5K_B,3.36,3.36hrs
16/06/2026 07:01:26,buy,0.50,XAUUSD,4330.35000,16/06/2026 10:31:06,4331.80000,-7.79,0.00,14.50,64.71,64.71,14.50,-788.29,-156.10,168211,HM189_33353_M30_5K_B,3.49,3.49hrs
16/06/2026 02:29:50,sell,0.01,XAUUSD,4315.58000,16/06/2026 03:15:03,4312.69000,-0.16,0.00,28.90,2.73,2.73,28.90,-2.98,-28.20,168222,Atom-8_SMAP_H1_1K_SELL,0.75,0.75hrs
16/06/2026 02:21:50,sell,0.05,XAUUSD,4313.55000,16/06/2026 03:15:03,4312.47000,-0.78,0.00,10.80,4.62,4.62,10.80,-25.03,-48.50,168222,Atom-8_SMAP_H1_1K_SELL,0.89,0.89hrs
16/06/2026 01:18:00,sell,0.50,XAUUSD,4311.50000,16/06/2026 01:21:45,4310.48000,-7.76,0.00,10.20,43.24,43.24,10.20,0.00,0.00,168222,HM189_33353_M30_5K_S,0.06,0.06hrs
16/06/2026 01:15:23,sell,0.05,XAUUSD,4307.66000,16/06/2026 01:21:43,4309.95000,-0.78,0.00,-22.90,-12.23,0.00,0.00,-12.23,-22.90,168222,Atom-8_SMAP_H1_1K_SELL,0.11,0.11hrs
16/06/2026 01:17:39,sell,0.01,XAUUSD,4310.03000,16/06/2026 01:21:42,4309.97000,-0.16,0.00,0.60,-0.10,0.00,0.60,-0.10,0.00,168222,Atom-8_SMAP_H1_1K_SELL,0.07,0.07hrs
16/06/2026 01:15:01,sell,0.05,XAUUSD,4309.88000,16/06/2026 01:15:21,4307.73000,-0.78,0.00,21.50,9.97,9.97,21.50,0.00,0.00,168222,Atom-8_SMAP_H1_1K_SELL,0.01,0.01hrs
16/06/2026 01:05:09,sell,0.50,XAUUSD,4313.77000,16/06/2026 01:12:18,4311.59000,-7.76,0.00,21.80,101.24,101.24,21.80,0.00,0.00,168222,HM189_33353_M30_5K_S,0.12,0.12hrs
15/06/2026 18:05:33,buy,0.05,XAUUSD,4357.95000,15/06/2026 18:45:22,4360.67000,-0.78,0.00,27.20,12.82,12.82,27.20,-40.53,-79.50,168211,Atom-8_SMAP_H1_1K_BUY,0.66,0.66hrs
15/06/2026 18:01:20,buy,0.01,XAUUSD,4354.36000,15/06/2026 18:05:31,4358.75000,-0.16,0.00,43.90,4.23,4.23,43.90,-0.18,-0.20,168211,Atom-8_SMAP_H1_1K_BUY,0.07,0.07hrs
15/06/2026 18:00:01,buy,0.05,XAUUSD,4356.40000,15/06/2026 18:05:31,4358.94000,-0.78,0.00,25.40,11.92,11.92,25.40,-11.08,-20.60,168211,Atom-8_SMAP_H1_1K_BUY,0.09,0.09hrs
15/06/2026 16:41:49,buy,0.05,XAUUSD,4368.49000,15/06/2026 16:42:31,4364.70000,-0.79,0.00,-37.90,-19.74,0.00,0.00,-19.74,-37.90,168211,Atom-8_SMAP_H1_1K_BUY,0.01,0.01hrs
15/06/2026 16:39:13,buy,0.05,XAUUSD,4365.91000,15/06/2026 16:41:47,4368.76000,-0.79,0.00,28.50,13.46,13.46,28.50,-8.29,-15.00,168211,Atom-8_SMAP_H1_1K_BUY,0.04,0.04hrs
15/06/2026 16:32:41,buy,0.05,XAUUSD,4361.92000,15/06/2026 16:39:11,4365.80000,-0.79,0.00,38.80,18.61,18.61,38.80,-7.94,-14.30,168211,Atom-8_SMAP_H1_1K_BUY,0.11,0.11hrs
15/06/2026 16:30:55,buy,0.05,XAUUSD,4358.55000,15/06/2026 16:32:10,4364.24000,-0.78,0.00,56.90,27.67,27.67,56.90,0.00,0.00,168211,Atom-8_SMAP_H1_1K_BUY,0.02,0.02hrs
15/06/2026 16:22:48,buy,0.05,XAUUSD,4355.28000,15/06/2026 16:30:51,4357.96000,-0.78,0.00,26.80,12.62,12.62,26.80,-18.43,-35.30,168211,Atom-8_SMAP_H1_1K_BUY,0.13,0.13hrs
15/06/2026 16:15:21,buy,0.05,XAUUSD,4352.80000,15/06/2026 16:22:46,4355.41000,-0.78,0.00,26.10,12.27,12.27,26.10,-4.78,-8.00,168211,Atom-8_SMAP_H1_1K_BUY,0.12,0.12hrs
15/06/2026 16:12:41,buy,0.05,XAUUSD,4348.61000,15/06/2026 16:15:20,4352.86000,-0.78,0.00,42.50,20.47,20.47,42.50,0.00,0.00,168211,Atom-8_SMAP_H1_1K_BUY,0.04,0.04hrs
15/06/2026 16:00:06,buy,0.01,XAUUSD,4345.84000,15/06/2026 16:12:38,4349.06000,-0.16,0.00,32.20,3.06,3.06,32.20,-2.59,-24.30,168211,Atom-8_SMAP_H1_1K_BUY,0.21,0.21hrs
15/06/2026 16:00:02,buy,0.05,XAUUSD,4347.89000,15/06/2026 16:12:37,4348.73000,-0.78,0.00,8.40,3.42,3.42,8.40,-23.18,-44.80,168211,Atom-8_SMAP_H1_1K_BUY,0.21,0.21hrs
15/06/2026 11:38:04,buy,0.05,XAUUSD,4344.87000,15/06/2026 15:50:26,4347.54000,-0.78,0.00,26.70,12.57,12.57,26.70,-91.43,-181.30,168211,Atom-8_SMAP_H1_1K_BUY,4.21,4.21hrs
15/06/2026 11:34:52,buy,0.05,XAUUSD,4342.69000,15/06/2026 11:38:02,4344.93000,-0.78,0.00,22.40,10.42,10.42,22.40,0.00,0.00,168211,Atom-8_SMAP_H1_1K_BUY,0.05,0.05hrs
15/06/2026 11:33:45,buy,0.05,XAUUSD,4339.59000,15/06/2026 11:34:46,4343.28000,-0.78,0.00,36.90,17.67,17.67,36.90,0.00,0.00,168211,Atom-8_SMAP_H1_1K_BUY,0.02,0.02hrs
15/06/2026 11:32:35,buy,0.05,XAUUSD,4336.94000,15/06/2026 11:33:41,4339.83000,-0.78,0.00,28.90,13.67,13.67,28.90,0.00,0.00,168211,Atom-8_SMAP_H1_1K_BUY,0.02,0.02hrs
15/06/2026 11:32:18,buy,0.05,XAUUSD,4334.37000,15/06/2026 11:32:33,4337.74000,-0.78,0.00,33.70,16.07,16.07,33.70,0.00,0.00,168211,Atom-8_SMAP_H1_1K_BUY,0.00,0.00hrs
15/06/2026 08:12:50,buy,0.05,XAUUSD,4330.49000,15/06/2026 11:32:13,4334.12000,-0.78,0.00,36.30,17.37,17.37,36.30,-142.38,-283.20,168211,Atom-8_SMAP_H1_1K_BUY,3.32,3.32hrs
15/06/2026 06:02:50,buy,0.01,XAUUSD,4327.64000,15/06/2026 08:12:44,4330.57000,-0.16,0.00,29.30,2.77,2.77,29.30,-6.33,-61.70,168211,Atom-8_SMAP_H1_1K_BUY,2.17,2.17hrs
15/06/2026 06:00:01,buy,0.05,XAUUSD,4329.76000,15/06/2026 08:12:44,4330.51000,-0.78,0.00,7.50,2.97,2.97,7.50,-42.23,-82.90,168211,Atom-8_SMAP_H1_1K_BUY,2.21,2.21hrs
15/06/2026 06:07:35,buy,0.01,XAUUSD,4323.54000,15/06/2026 06:17:11,4326.49000,-0.16,0.00,29.50,2.79,2.79,29.50,-0.42,-2.60,168211,HM189_33353_M30_5K_B,0.16,0.16hrs
15/06/2026 06:05:59,buy,0.50,XAUUSD,4325.59000,15/06/2026 06:17:11,4326.51000,-7.79,0.00,9.20,38.21,38.21,9.20,-123.29,-23.10,168211,HM189_33353_M30_5K_B,0.19,0.19hrs
15/06/2026 05:00:04,buy,0.50,XAUUSD,4316.64000,15/06/2026 05:00:57,4319.20000,-7.77,0.00,25.60,120.23,120.23,25.60,0.00,0.00,168211,HM189_33353_M30_5K_B,0.01,0.01hrs
15/06/2026 05:00:02,buy,0.05,XAUUSD,4316.54000,15/06/2026 05:00:56,4319.51000,-0.78,0.00,29.70,14.07,14.07,29.70,0.00,0.00,168211,Atom-8_SMAP_H1_1K_BUY,0.01,0.01hrs
15/06/2026 03:46:11,buy,0.05,XAUUSD,4298.57000,15/06/2026 04:22:04,4301.37000,-0.77,0.00,28.00,13.23,13.23,28.00,-57.12,-112.70,168211,Atom-8_SMAP_H1_1K_BUY,0.60,0.60hrs
15/06/2026 02:06:22,buy,0.05,XAUUSD,4286.59000,15/06/2026 02:46:08,4290.40000,-0.77,0.00,38.10,18.28,18.28,38.10,-21.77,-42.00,168211,Atom-8_SMAP_H1_1K_BUY,0.66,0.66hrs
15/06/2026 02:34:38,buy,0.01,XAUUSD,4283.84000,15/06/2026 02:46:05,4288.66000,-0.15,0.00,48.20,4.67,4.67,48.20,-0.27,-1.20,168211,HM189_33353_M30_5K_B,0.19,0.19hrs
15/06/2026 02:33:58,buy,0.50,XAUUSD,4286.28000,15/06/2026 02:46:05,4288.57000,-7.72,0.00,22.90,106.78,106.78,22.90,-135.72,-25.60,168211,HM189_33353_M30_5K_B,0.20,0.20hrs
15/06/2026 02:10:01,buy,0.50,XAUUSD,4283.11000,15/06/2026 02:33:53,4285.77000,-7.71,0.00,26.60,125.29,125.29,26.60,-43.71,-7.20,168211,HM189_33353_M30_5K_B,0.40,0.40hrs
15/06/2026 02:02:04,buy,0.01,XAUUSD,4283.84000,15/06/2026 02:06:20,4286.76000,-0.15,0.00,29.20,2.77,2.77,29.20,-1.18,-10.30,168211,Atom-8_SMAP_H1_1K_BUY,0.07,0.07hrs
15/06/2026 02:01:00,buy,0.05,XAUUSD,4285.57000,15/06/2026 02:06:20,4286.20000,-0.77,0.00,6.30,2.38,2.38,6.30,-14.57,-27.60,168211,Atom-8_SMAP_H1_1K_BUY,0.09,0.09hrs
12/06/2026 13:11:32,buy,0.01,XAUUSD,4222.31000,12/06/2026 18:24:33,4226.95000,-0.15,0.00,46.40,4.49,4.49,46.40,-40.37,-402.20,168211,Atom-8_SMAP_H1_1K_BUY,5.22,5.22hrs
12/06/2026 13:07:57,buy,0.05,XAUUSD,4224.90000,12/06/2026 18:24:33,4226.60000,-0.76,0.00,17.00,7.74,7.74,17.00,-214.81,-428.10,168211,Atom-8_SMAP_H1_1K_BUY,5.28,5.28hrs
12/06/2026 16:02:51,sell,0.01,XAUUSD,4195.66000,12/06/2026 16:40:54,4193.24000,-0.15,0.00,24.20,2.27,2.27,24.20,-11.35,-112.00,168222,HM189_33353_M30_5K_S,0.63,0.63hrs
12/06/2026 16:02:13,sell,0.50,XAUUSD,4193.00000,12/06/2026 16:40:54,4191.92000,-7.55,0.00,10.80,46.45,46.45,10.80,-700.55,-138.60,168222,HM189_33353_M30_5K_S,0.64,0.64hrs
12/06/2026 13:05:00,buy,0.01,XAUUSD,4221.92000,12/06/2026 13:07:53,4224.85000,-0.15,0.00,29.30,2.78,2.78,29.30,0.00,0.00,168211,Atom-8_SMAP_H1_1K_BUY,0.05,0.05hrs
12/06/2026 13:03:49,buy,0.05,XAUUSD,4224.17000,12/06/2026 13:07:53,4224.77000,-0.76,0.00,6.00,2.24,2.24,6.00,-10.66,-19.80,168211,Atom-8_SMAP_H1_1K_BUY,0.07,0.07hrs
12/06/2026 03:30:45,buy,0.05,XAUUSD,4226.93000,12/06/2026 12:03:32,4222.27000,-0.76,0.00,-46.60,-24.06,0.00,0.00,-280.46,-559.40,168211,Atom-8_SMAP_H1_1K_BUY,8.55,8.55hrs
12/06/2026 12:02:31,buy,0.50,XAUUSD,4221.68000,12/06/2026 12:03:29,4222.07000,-7.60,0.00,3.90,11.90,11.90,3.90,0.00,0.00,168211,HM189_33353_M30_5K_B,0.02,0.02hrs
12/06/2026 12:00:25,buy,0.01,XAUUSD,4217.73000,12/06/2026 12:02:25,4221.81000,-0.15,0.00,40.80,3.93,1.10,12.50,0.00,0.00,168211,HM189_33353_M30_5K_B,0.03,0.03hrs
12/06/2026 12:00:01,buy,0.50,XAUUSD,4220.17000,12/06/2026 12:02:24,4221.91000,-7.60,0.00,17.40,79.40,79.40,17.40,-67.10,-11.90,168211,HM189_33353_M30_5K_B,0.04,0.04hrs
12/06/2026 09:02:30,sell,0.01,XAUUSD,4179.34000,12/06/2026 09:32:25,4176.02000,-0.15,0.00,33.20,3.17,3.17,33.20,-5.50,-53.50,168222,HM189_33353_M30_5K_S,0.50,0.50hrs
12/06/2026 09:00:04,sell,0.50,XAUUSD,4177.22000,12/06/2026 09:32:25,4176.15000,-7.52,0.00,10.70,45.98,45.98,10.70,-381.02,-74.70,168222,HM189_33353_M30_5K_S,0.54,0.54hrs
12/06/2026 03:27:11,buy,0.01,XAUUSD,4223.51000,12/06/2026 03:30:44,4226.84000,-0.15,0.00,33.30,3.18,3.18,33.30,-0.96,-8.10,168211,Atom-8_SMAP_H1_1K_BUY,0.06,0.06hrs
12/06/2026 03:27:03,buy,0.05,XAUUSD,4225.92000,12/06/2026 03:30:44,4226.82000,-0.76,0.00,9.00,3.74,3.74,9.00,-16.86,-32.20,168211,Atom-8_SMAP_H1_1K_BUY,0.06,0.06hrs
12/06/2026 03:24:02,buy,0.05,XAUUSD,4222.98000,12/06/2026 03:26:18,4226.35000,-0.76,0.00,33.70,16.09,16.09,33.70,0.00,0.00,168211,Atom-8_SMAP_H1_1K_BUY,0.04,0.04hrs
12/06/2026 03:21:18,buy,0.05,XAUUSD,4219.73000,12/06/2026 03:24:01,4223.42000,-0.76,0.00,36.90,17.69,17.69,36.90,-7.01,-12.50,168211,Atom-8_SMAP_H1_1K_BUY,0.05,0.05hrs
12/06/2026 03:20:04,buy,0.05,XAUUSD,4216.95000,12/06/2026 03:21:16,4219.45000,-0.76,0.00,25.00,11.74,11.74,25.00,0.00,0.00,168211,Atom-8_SMAP_H1_1K_BUY,0.02,0.02hrs
12/06/2026 03:15:28,buy,0.01,XAUUSD,4212.85000,12/06/2026 03:19:50,4216.45000,-0.15,0.00,36.00,3.45,3.45,36.00,-3.10,-29.50,168211,Atom-8_SMAP_H1_1K_BUY,0.07,0.07hrs
12/06/2026 03:15:04,buy,0.05,XAUUSD,4215.24000,12/06/2026 03:19:50,4216.74000,-0.76,0.00,15.00,6.74,6.74,15.00,-27.46,-53.40,168211,Atom-8_SMAP_H1_1K_BUY,0.08,0.08hrs
12/06/2026 02:00:01,buy,0.50,XAUUSD,4245.69000,12/06/2026 02:00:04,4244.85000,-7.64,0.00,-8.40,-49.64,0.00,0.00,-49.64,-8.40,168211,HM189_33353_M30_5K_B,0.00,0.00hrs
12/06/2026 01:44:01,buy,0.05,XAUUSD,4227.09000,12/06/2026 01:45:35,4233.31000,-0.76,0.00,62.20,30.34,30.34,62.20,0.00,0.00,168211,Atom-8_SMAP_H1_1K_BUY,0.03,0.03hrs
12/06/2026 01:43:12,buy,0.05,XAUUSD,4224.79000,12/06/2026 01:43:59,4227.53000,-0.76,0.00,27.40,12.94,12.94,27.40,0.00,0.00,168211,Atom-8_SMAP_H1_1K_BUY,0.01,0.01hrs
12/06/2026 01:42:47,buy,0.05,XAUUSD,4220.50000,12/06/2026 01:43:10,4223.61000,-0.76,0.00,31.10,14.79,14.79,31.10,0.00,0.00,168211,Atom-8_SMAP_H1_1K_BUY,0.01,0.01hrs
12/06/2026 01:40:49,buy,0.05,XAUUSD,4217.79000,12/06/2026 01:42:44,4220.56000,-0.76,0.00,27.70,13.09,13.09,27.70,0.00,0.00,168211,Atom-8_SMAP_H1_1K_BUY,0.03,0.03hrs
12/06/2026 01:29:27,buy,0.05,XAUUSD,4214.99000,12/06/2026 01:40:41,4217.53000,-0.76,0.00,25.40,11.94,11.94,25.40,0.00,0.00,168211,Atom-8_SMAP_H1_1K_BUY,0.19,0.19hrs
12/06/2026 01:29:00,buy,0.05,XAUUSD,4211.04000,12/06/2026 01:29:23,4215.50000,-0.76,0.00,44.60,21.54,21.54,44.60,0.00,0.00,168211,Atom-8_SMAP_H1_1K_BUY,0.01,0.01hrs
12/06/2026 01:23:00,buy,0.01,XAUUSD,4209.16000,12/06/2026 01:28:47,4211.64000,-0.15,0.00,24.80,2.33,2.33,24.80,0.00,0.00,168211,Atom-8_SMAP_H1_1K_BUY,0.10,0.10hrs
12/06/2026 01:22:57,buy,0.05,XAUUSD,4211.83000,12/06/2026 01:28:47,4211.92000,-0.76,0.00,0.90,-0.31,0.00,0.90,-0.31,0.00,168211,Atom-8_SMAP_H1_1K_BUY,0.10,0.10hrs
12/06/2026 01:05:07,buy,0.50,XAUUSD,4208.52000,12/06/2026 01:22:57,4211.67000,-7.58,0.00,31.50,149.92,149.92,31.50,-43.58,-7.20,168211,HM189_33353_M30_5K_B,0.30,0.30hrs
11/06/2026 11:00:03,buy,0.50,XAUUSD,4104.50000,11/06/2026 11:00:48,4109.22000,-7.39,0.00,47.20,228.61,228.61,47.20,0.00,0.00,168211,HM189_33353_M30_5K_B,0.01,0.01hrs
11/06/2026 09:00:40,buy,0.01,XAUUSD,4093.05000,11/06/2026 09:53:37,4096.05000,-0.15,0.00,30.00,2.85,2.85,30.00,-14.05,-139.00,168211,HM189_33353_M30_5K_B,0.88,0.88hrs
11/06/2026 09:00:01,buy,0.50,XAUUSD,4094.74000,11/06/2026 09:53:37,4095.62000,-7.37,0.00,8.80,36.63,36.63,8.80,-786.87,-155.90,168211,HM189_33353_M30_5K_B,0.89,0.89hrs
11/06/2026 05:10:18,buy,0.50,XAUUSD,4097.15000,11/06/2026 06:31:43,4067.28000,-7.37,0.00,-298.70,-1500.87,0.00,0.00,-2094.37,-417.40,168211,HM189_33353_M30_5K_B,1.36,1.36hrs
11/06/2026 03:10:32,sell,0.05,XAUUSD,4038.51000,11/06/2026 05:31:37,4071.69000,-0.73,0.00,-331.80,-166.63,0.00,0.00,-386.23,-771.00,168222,Atom-8_SMAP_H1_1K_SELL,2.35,2.35hrs
11/06/2026 05:10:02,buy,0.50,XAUUSD,4094.83000,11/06/2026 05:10:17,4097.31000,-7.37,0.00,24.80,116.63,116.63,24.80,0.00,0.00,168211,HM189_33353_M30_5K_B,0.00,0.00hrs
11/06/2026 03:10:19,sell,0.05,XAUUSD,4041.95000,11/06/2026 03:10:29,4038.90000,-0.73,0.00,30.50,14.52,14.52,30.50,0.00,0.00,168222,Atom-8_SMAP_H1_1K_SELL,0.00,0.00hrs
11/06/2026 03:08:50,sell,0.05,XAUUSD,4044.48000,11/06/2026 03:10:17,4041.01000,-0.73,0.00,34.70,16.62,16.62,34.70,0.00,0.00,168222,Atom-8_SMAP_H1_1K_SELL,0.02,0.02hrs
11/06/2026 03:05:08,sell,0.01,XAUUSD,4046.67000,11/06/2026 03:08:22,4043.80000,-0.15,0.00,28.70,2.72,2.72,28.70,0.00,0.00,168222,Atom-8_SMAP_H1_1K_SELL,0.05,0.05hrs
11/06/2026 03:04:45,sell,0.05,XAUUSD,4044.14000,11/06/2026 03:08:21,4043.20000,-0.73,0.00,9.40,3.97,3.97,9.40,-9.48,-17.50,168222,Atom-8_SMAP_H1_1K_SELL,0.06,0.06hrs
11/06/2026 03:04:33,sell,0.05,XAUUSD,4044.32000,11/06/2026 03:04:44,4041.90000,-0.73,0.00,24.20,11.37,11.37,24.20,0.00,0.00,168222,Atom-8_SMAP_H1_1K_SELL,0.00,0.00hrs
11/06/2026 03:04:03,sell,0.05,XAUUSD,4046.52000,11/06/2026 03:04:31,4043.39000,-0.73,0.00,31.30,14.92,14.92,31.30,0.00,0.00,168222,Atom-8_SMAP_H1_1K_SELL,0.01,0.01hrs
11/06/2026 03:03:49,sell,0.05,XAUUSD,4048.38000,11/06/2026 03:03:57,4045.83000,-0.73,0.00,25.50,12.02,12.02,25.50,0.00,0.00,168222,Atom-8_SMAP_H1_1K_SELL,0.00,0.00hrs
11/06/2026 02:58:37,sell,0.01,XAUUSD,4049.47000,11/06/2026 03:03:46,4046.79000,-0.15,0.00,26.80,2.53,2.53,26.80,-2.37,-22.20,168222,Atom-8_SMAP_H1_1K_SELL,0.09,0.09hrs
11/06/2026 02:57:05,sell,0.05,XAUUSD,4046.94000,11/06/2026 03:03:46,4046.38000,-0.73,0.00,5.60,2.07,2.07,5.60,-24.48,-47.50,168222,Atom-8_SMAP_H1_1K_SELL,0.11,0.11hrs
11/06/2026 02:56:40,sell,0.05,XAUUSD,4050.47000,11/06/2026 02:57:02,4047.62000,-0.73,0.00,28.50,13.52,13.52,28.50,0.00,0.00,168222,Atom-8_SMAP_H1_1K_SELL,0.01,0.01hrs
11/06/2026 02:26:26,sell,0.01,XAUUSD,4049.91000,11/06/2026 02:56:36,4049.22000,-0.15,0.00,6.90,0.54,0.54,6.90,-12.33,-121.80,168222,Atom-8_SMAP_H1_1K_SELL,0.50,0.50hrs
11/06/2026 02:25:49,sell,0.05,XAUUSD,4048.78000,11/06/2026 02:56:35,4049.18000,-0.73,0.00,-4.00,-2.73,0.00,0.00,-67.28,-133.10,168222,Atom-8_SMAP_H1_1K_SELL,0.51,0.51hrs
11/06/2026 01:22:38,sell,0.05,XAUUSD,4038.93000,11/06/2026 01:25:46,4041.72000,-0.73,0.00,-27.90,-14.68,0.00,0.00,-14.68,-27.90,168222,Atom-8_SMAP_H1_1K_SELL,0.05,0.05hrs
11/06/2026 01:20:49,sell,0.05,XAUUSD,4042.29000,11/06/2026 01:21:41,4039.30000,-0.73,0.00,29.90,14.22,14.22,29.90,0.00,0.00,168222,Atom-8_SMAP_H1_1K_SELL,0.01,0.01hrs
11/06/2026 01:16:44,sell,0.05,XAUUSD,4045.20000,11/06/2026 01:20:48,4042.48000,-0.73,0.00,27.20,12.87,12.87,27.20,0.00,0.00,168222,Atom-8_SMAP_H1_1K_SELL,0.07,0.07hrs
11/06/2026 01:10:47,sell,0.05,XAUUSD,4050.56000,11/06/2026 01:16:40,4044.72000,-0.73,0.00,58.40,28.47,28.47,58.40,0.00,0.00,168222,Atom-8_SMAP_H1_1K_SELL,0.10,0.10hrs
11/06/2026 01:09:17,sell,0.05,XAUUSD,4053.32000,11/06/2026 01:10:45,4050.62000,-0.73,0.00,27.00,12.77,12.77,27.00,0.00,0.00,168222,Atom-8_SMAP_H1_1K_SELL,0.02,0.02hrs
11/06/2026 01:08:12,sell,0.01,XAUUSD,4056.23000,11/06/2026 01:09:14,4053.51000,-0.15,0.00,27.20,2.57,2.57,27.20,0.00,0.00,168222,Atom-8_SMAP_H1_1K_SELL,0.02,0.02hrs
11/06/2026 01:07:51,sell,0.05,XAUUSD,4054.02000,11/06/2026 01:09:14,4053.10000,-0.73,0.00,9.20,3.87,3.87,9.20,0.00,0.00,168222,Atom-8_SMAP_H1_1K_SELL,0.02,0.02hrs
11/06/2026 01:07:33,sell,0.05,XAUUSD,4056.44000,11/06/2026 01:07:50,4053.86000,-0.73,0.00,25.80,12.17,12.17,25.80,0.00,0.00,168222,Atom-8_SMAP_H1_1K_SELL,0.00,0.00hrs
11/06/2026 01:06:24,sell,0.05,XAUUSD,4059.63000,11/06/2026 01:06:56,4056.51000,-0.73,0.00,31.20,14.87,14.87,31.20,0.00,0.00,168222,Atom-8_SMAP_H1_1K_SELL,0.01,0.01hrs
11/06/2026 01:05:12,sell,0.05,XAUUSD,4062.47000,11/06/2026 01:06:22,4060.02000,-0.73,0.00,24.50,11.52,11.52,24.50,0.00,0.00,168222,Atom-8_SMAP_H1_1K_SELL,0.02,0.02hrs
10/06/2026 13:10:32,sell,0.05,XAUUSD,4156.26000,10/06/2026 14:45:04,4153.00000,-0.75,0.00,32.60,15.55,15.55,32.60,-104.65,-207.80,168222,Atom-8_SMAP_H1_1K_SELL,1.58,1.58hrs
10/06/2026 13:09:19,sell,0.01,XAUUSD,4159.34000,10/06/2026 13:10:30,4156.12000,-0.15,0.00,32.20,3.07,3.07,32.20,0.00,0.00,168222,Atom-8_SMAP_H1_1K_SELL,0.02,0.02hrs
10/06/2026 13:07:50,sell,0.05,XAUUSD,4156.87000,10/06/2026 13:10:30,4156.08000,-0.75,0.00,7.90,3.20,3.20,7.90,-1.25,-1.00,168222,Atom-8_SMAP_H1_1K_SELL,0.04,0.04hrs
10/06/2026 13:07:19,sell,0.05,XAUUSD,4160.24000,10/06/2026 13:07:49,4156.87000,-0.75,0.00,33.70,16.10,16.10,33.70,0.00,0.00,168222,Atom-8_SMAP_H1_1K_SELL,0.01,0.01hrs
10/06/2026 13:07:04,sell,0.05,XAUUSD,4163.68000,10/06/2026 13:07:18,4160.21000,-0.75,0.00,34.70,16.60,16.60,34.70,0.00,0.00,168222,Atom-8_SMAP_H1_1K_SELL,0.00,0.00hrs
10/06/2026 13:05:53,sell,0.05,XAUUSD,4166.26000,10/06/2026 13:06:56,4163.47000,-0.75,0.00,27.90,13.20,13.20,27.90,0.00,0.00,168222,Atom-8_SMAP_H1_1K_SELL,0.02,0.02hrs
10/06/2026 13:03:12,sell,0.05,XAUUSD,4169.37000,10/06/2026 13:05:52,4166.02000,-0.75,0.00,33.50,16.00,16.00,33.50,0.00,0.00,168222,Atom-8_SMAP_H1_1K_SELL,0.04,0.04hrs
10/06/2026 12:02:45,sell,0.05,XAUUSD,4165.81000,10/06/2026 12:03:08,4167.28000,-0.75,0.00,-14.70,-8.10,0.00,0.00,-8.10,-14.70,168222,Atom-8_SMAP_H1_1K_SELL,0.01,0.01hrs
10/06/2026 12:02:54,sell,0.50,XAUUSD,4166.22000,10/06/2026 12:03:06,4168.94000,-7.50,0.00,-27.20,-143.50,0.00,0.00,-143.50,-27.20,168222,HM189_33353_M30_5K_S,0.00,0.00hrs
10/06/2026 12:00:04,sell,0.50,XAUUSD,4168.98000,10/06/2026 12:02:45,4165.63000,-7.50,0.00,33.50,160.00,160.00,33.50,-40.50,-6.60,168222,HM189_33353_M30_5K_S,0.04,0.04hrs
10/06/2026 12:00:01,sell,0.05,XAUUSD,4169.62000,10/06/2026 12:00:45,4167.17000,-0.75,0.00,24.50,11.50,11.50,24.50,-0.85,-0.20,168222,Atom-8_SMAP_H1_1K_SELL,0.01,0.01hrs
10/06/2026 06:03:41,sell,0.50,XAUUSD,4173.88000,10/06/2026 08:41:43,4197.37000,-7.51,0.00,-234.90,-1182.01,0.00,0.00,-1182.01,-234.90,168222,HM189_33353_M30_5K_S,2.63,2.63hrs
10/06/2026 06:04:45,sell,0.01,XAUUSD,4175.86000,10/06/2026 08:41:42,4196.85000,-0.15,0.00,-209.90,-21.14,1.57,17.20,-17.01,-168.60,168222,HM189_33353_M30_5K_S,2.62,2.62hrs
10/06/2026 06:04:37,sell,0.01,XAUUSD,4175.77000,10/06/2026 07:45:42,4173.16000,-0.15,0.00,26.10,2.46,2.46,26.10,-10.72,-105.70,168222,Atom-8_SMAP_H1_1K_SELL,1.68,1.68hrs
10/06/2026 06:03:38,sell,0.05,XAUUSD,4173.87000,10/06/2026 07:45:41,4172.83000,-0.75,0.00,10.40,4.45,4.45,10.40,-63.10,-124.70,168222,Atom-8_SMAP_H1_1K_SELL,1.70,1.70hrs
10/06/2026 05:00:17,sell,0.01,XAUUSD,4191.10000,10/06/2026 05:03:35,4189.07000,-0.15,0.00,20.30,1.88,1.88,20.30,0.00,0.00,168222,HM189_33353_M30_5K_S,0.06,0.06hrs
10/06/2026 05:00:01,sell,0.50,XAUUSD,4189.03000,10/06/2026 05:03:35,4189.07000,-7.54,0.00,-0.40,-9.54,0.00,0.00,-9.54,-0.40,168222,HM189_33353_M30_5K_S,0.06,0.06hrs
10/06/2026 04:06:18,sell,0.05,XAUUSD,4190.81000,10/06/2026 04:42:35,4188.43000,-0.75,0.00,23.80,11.15,11.15,23.80,-117.85,-234.20,168222,Atom-8_SMAP_H1_1K_SELL,0.60,0.60hrs
10/06/2026 04:05:21,sell,0.05,XAUUSD,4193.25000,10/06/2026 04:05:43,4189.60000,-0.75,0.00,36.50,17.50,17.50,36.50,0.00,0.00,168222,Atom-8_SMAP_H1_1K_SELL,0.01,0.01hrs
10/06/2026 04:04:44,sell,0.05,XAUUSD,4194.83000,10/06/2026 04:05:19,4193.64000,-0.76,0.00,11.90,5.19,5.19,11.90,0.00,0.00,168222,Atom-8_SMAP_H1_1K_SELL,0.01,0.01hrs
10/06/2026 04:03:54,sell,0.05,XAUUSD,4197.70000,10/06/2026 04:04:43,4194.76000,-0.76,0.00,29.40,13.94,13.94,29.40,0.00,0.00,168222,Atom-8_SMAP_H1_1K_SELL,0.01,0.01hrs
10/06/2026 03:43:51,sell,0.05,XAUUSD,4200.79000,10/06/2026 04:03:51,4198.06000,-0.76,0.00,27.30,12.89,12.89,27.30,-73.96,-146.40,168222,Atom-8_SMAP_H1_1K_SELL,0.33,0.33hrs
10/06/2026 03:37:24,sell,0.05,XAUUSD,4203.37000,10/06/2026 03:43:49,4201.06000,-0.76,0.00,23.10,10.79,10.79,23.10,-18.41,-35.30,168222,Atom-8_SMAP_H1_1K_SELL,0.11,0.11hrs
10/06/2026 03:34:46,sell,0.05,XAUUSD,4206.44000,10/06/2026 03:37:19,4203.29000,-0.76,0.00,31.50,14.99,14.99,31.50,-6.61,-11.70,168222,Atom-8_SMAP_H1_1K_SELL,0.04,0.04hrs
10/06/2026 03:32:46,sell,0.05,XAUUSD,4209.73000,10/06/2026 03:34:40,4206.66000,-0.76,0.00,30.70,14.59,14.59,30.70,0.00,0.00,168222,Atom-8_SMAP_H1_1K_SELL,0.03,0.03hrs
10/06/2026 03:32:23,sell,0.05,XAUUSD,4212.13000,10/06/2026 03:32:35,4209.48000,-0.76,0.00,26.50,12.49,12.49,26.50,0.00,0.00,168222,Atom-8_SMAP_H1_1K_SELL,0.00,0.00hrs
10/06/2026 03:30:45,sell,0.05,XAUUSD,4215.18000,10/06/2026 03:32:20,4211.81000,-0.76,0.00,33.70,16.09,16.09,33.70,0.00,0.00,168222,Atom-8_SMAP_H1_1K_SELL,0.03,0.03hrs
10/06/2026 03:30:02,sell,0.05,XAUUSD,4218.05000,10/06/2026 03:30:43,4215.29000,-0.76,0.00,27.60,13.04,13.04,27.60,0.00,0.00,168222,Atom-8_SMAP_H1_1K_SELL,0.01,0.01hrs
10/06/2026 03:17:20,sell,0.01,XAUUSD,4221.46000,10/06/2026 03:30:01,4218.08000,-0.15,0.00,33.80,3.23,3.23,33.80,-5.57,-54.20,168222,Atom-8_SMAP_H1_1K_SELL,0.21,0.21hrs
10/06/2026 03:16:51,sell,0.05,XAUUSD,4219.44000,10/06/2026 03:30:00,4218.05000,-0.76,0.00,13.90,6.19,6.19,13.90,-37.96,-74.40,168222,Atom-8_SMAP_H1_1K_SELL,0.22,0.22hrs
10/06/2026 03:16:08,sell,0.05,XAUUSD,4221.49000,10/06/2026 03:16:50,4218.80000,-0.76,0.00,26.90,12.69,12.69,26.90,0.00,0.00,168222,Atom-8_SMAP_H1_1K_SELL,0.01,0.01hrs
10/06/2026 02:15:12,sell,0.05,XAUUSD,4234.09000,10/06/2026 02:17:55,4230.61000,-0.76,0.00,34.80,16.64,16.64,34.80,0.00,0.00,168222,Atom-8_SMAP_H1_1K_SELL,0.05,0.05hrs
10/06/2026 02:15:24,sell,0.50,XAUUSD,4234.04000,10/06/2026 02:15:56,4234.07000,-7.62,0.00,-0.30,-9.12,0.00,0.00,-9.12,-0.30,168222,HM189_33353_M30_5K_S,0.01,0.01hrs
10/06/2026 02:00:46,sell,0.01,XAUUSD,4238.91000,10/06/2026 02:15:10,4233.91000,-0.15,0.00,50.00,4.85,4.85,50.00,-8.89,-87.40,168222,HM189_33353_M30_5K_S,0.24,0.24hrs
10/06/2026 02:00:03,sell,0.50,XAUUSD,4236.61000,10/06/2026 02:15:08,4234.08000,-7.63,0.00,25.30,118.87,118.87,25.30,-559.63,-110.40,168222,HM189_33353_M30_5K_S,0.25,0.25hrs
09/06/2026 19:30:00,sell,0.05,XAUUSD,4262.63000,09/06/2026 19:38:10,4256.61000,-0.77,0.00,60.20,29.33,29.33,60.20,-19.72,-37.90,168222,Atom-8_SMAP_H1_1K_SELL,0.14,0.14hrs
09/06/2026 05:53:47,buy,0.50,XAUUSD,4338.91000,09/06/2026 06:15:44,4341.34000,-7.81,0.00,24.30,113.69,113.69,24.30,-288.31,-56.10,168211,HM189_33353_M30_5K_B,0.37,0.37hrs
09/06/2026 05:51:51,buy,0.01,XAUUSD,4335.34000,09/06/2026 05:53:41,4338.80000,-0.16,0.00,34.60,3.30,3.30,34.60,0.00,0.00,168211,HM189_33353_M30_5K_B,0.03,0.03hrs
09/06/2026 05:50:01,buy,0.50,XAUUSD,4337.97000,09/06/2026 05:53:41,4338.87000,-7.81,0.00,9.00,37.19,37.19,9.00,-75.31,-13.50,168211,HM189_33353_M30_5K_B,0.06,0.06hrs
09/06/2026 05:01:39,buy,0.01,XAUUSD,4334.94000,09/06/2026 05:31:27,4338.23000,-0.16,0.00,32.90,3.13,3.13,32.90,-5.22,-50.60,168211,HM189_33353_M30_5K_B,0.50,0.50hrs
09/06/2026 05:00:02,buy,0.50,XAUUSD,4336.72000,09/06/2026 05:31:26,4338.23000,-7.81,0.00,15.10,67.69,67.69,15.10,-349.81,-68.40,168211,HM189_33353_M30_5K_B,0.52,0.52hrs
08/06/2026 19:33:42,buy,0.50,XAUUSD,4345.04000,09/06/2026 02:27:09,4322.06000,-7.82,-32.66,-229.80,-1189.48,0.00,0.00,-1189.48,-229.80,168211,HM189_33353_M30_5K_B,6.89,6.89hrs
08/06/2026 19:34:13,buy,0.01,XAUUSD,4342.88000,08/06/2026 19:36:31,4346.17000,-0.16,0.00,32.90,3.13,3.13,32.90,0.00,0.00,168211,Atom-8_SMAP_H1_1K_BUY,0.04,0.04hrs
08/06/2026 19:33:39,buy,0.05,XAUUSD,4344.96000,08/06/2026 19:36:30,4346.17000,-0.78,0.00,12.10,5.27,5.27,12.10,0.00,0.00,168211,Atom-8_SMAP_H1_1K_BUY,0.05,0.05hrs
08/06/2026 19:15:16,buy,0.50,XAUUSD,4342.18000,08/06/2026 19:33:38,4344.87000,-7.82,0.00,26.90,126.68,126.68,26.90,-113.32,-21.10,168211,HM189_33353_M30_5K_B,0.31,0.31hrs
08/06/2026 19:09:39,buy,0.01,XAUUSD,4339.22000,08/06/2026 19:15:15,4342.08000,-0.16,0.00,28.60,2.70,2.70,28.60,-1.17,-10.10,168211,HM189_33353_M30_5K_B,0.09,0.09hrs
08/06/2026 19:05:02,buy,0.50,XAUUSD,4341.25000,08/06/2026 19:15:14,4342.06000,-7.81,0.00,8.10,32.69,32.69,8.10,-159.81,-30.40,168211,HM189_33353_M30_5K_B,0.17,0.17hrs
08/06/2026 15:00:40,buy,0.50,XAUUSD,4332.45000,08/06/2026 15:00:51,4333.63000,-7.80,0.00,11.80,51.20,51.20,11.80,0.00,0.00,168211,HM189_33353_M30_5K_B,0.00,0.00hrs
08/06/2026 15:00:04,buy,0.50,XAUUSD,4329.14000,08/06/2026 15:00:38,4332.00000,-7.79,0.00,28.60,135.21,135.21,28.60,0.00,0.00,168211,HM189_33353_M30_5K_B,0.01,0.01hrs
08/06/2026 12:29:27,sell,0.05,XAUUSD,4280.70000,08/06/2026 12:30:07,4277.22000,-0.77,0.00,34.80,16.63,16.63,34.80,0.00,0.00,168222,Atom-8_SMAP_H1_1K_SELL,0.01,0.01hrs
08/06/2026 12:28:27,sell,0.05,XAUUSD,4283.27000,08/06/2026 12:29:25,4280.76000,-0.77,0.00,25.10,11.78,11.78,25.10,0.00,0.00,168222,Atom-8_SMAP_H1_1K_SELL,0.02,0.02hrs
08/06/2026 12:09:45,sell,0.05,XAUUSD,4285.40000,08/06/2026 12:28:25,4282.46000,-0.77,0.00,29.40,13.93,13.93,29.40,-24.57,-47.60,168222,Atom-8_SMAP_H1_1K_SELL,0.31,0.31hrs
08/06/2026 11:33:19,sell,0.05,XAUUSD,4287.69000,08/06/2026 12:09:43,4284.93000,-0.77,0.00,27.60,13.03,13.03,27.60,-25.82,-50.10,168222,Atom-8_SMAP_H1_1K_SELL,0.61,0.61hrs
08/06/2026 11:30:48,sell,0.01,XAUUSD,4290.91000,08/06/2026 11:33:15,4287.42000,-0.15,0.00,34.90,3.34,3.34,34.90,0.00,0.00,168222,Atom-8_SMAP_H1_1K_SELL,0.04,0.04hrs
08/06/2026 11:30:13,sell,0.05,XAUUSD,4288.44000,08/06/2026 11:33:15,4287.43000,-0.77,0.00,10.10,4.28,4.28,10.10,-10.07,-18.60,168222,Atom-8_SMAP_H1_1K_SELL,0.05,0.05hrs
08/06/2026 09:00:12,sell,0.01,XAUUSD,4295.73000,08/06/2026 11:01:14,4292.02000,-0.15,0.00,37.10,3.56,3.56,37.10,-20.19,-200.40,168222,Atom-8_SMAP_H1_1K_SELL,2.02,2.02hrs
08/06/2026 09:00:01,sell,0.05,XAUUSD,4293.29000,08/06/2026 11:01:14,4292.22000,-0.77,0.00,10.70,4.58,4.58,10.70,-113.17,-224.80,168222,Atom-8_SMAP_H1_1K_SELL,2.02,2.02hrs
08/06/2026 09:00:15,sell,0.01,XAUUSD,4296.94000,08/06/2026 09:55:29,4293.97000,-0.15,0.00,29.70,2.82,2.82,29.70,-12.59,-124.40,168222,HM189_33353_M30_5K_S,0.92,0.92hrs
08/06/2026 09:00:04,sell,0.50,XAUUSD,4294.74000,08/06/2026 09:55:29,4294.06000,-7.73,0.00,6.80,26.27,26.27,6.80,-739.73,-146.40,168222,HM189_33353_M30_5K_S,0.92,0.92hrs
08/06/2026 06:00:01,sell,0.50,XAUUSD,4310.95000,08/06/2026 06:00:03,4312.42000,-7.76,0.00,-14.70,-81.26,0.00,0.00,-81.26,-14.70,168222,HM189_33353_M30_5K_S,0.00,0.00hrs
08/06/2026 03:18:58,buy,0.50,XAUUSD,4346.84000,08/06/2026 03:20:39,4349.82000,-7.82,0.00,29.80,141.18,141.18,29.80,0.00,0.00,168211,HM189_33353_M30_5K_B,0.03,0.03hrs
08/06/2026 03:10:21,buy,0.01,XAUUSD,4343.63000,08/06/2026 03:18:53,4346.85000,-0.16,0.00,32.20,3.06,0.75,9.10,-0.65,-4.90,168211,HM189_33353_M30_5K_B,0.14,0.14hrs
08/06/2026 03:10:01,buy,0.50,XAUUSD,4345.77000,08/06/2026 03:18:52,4346.85000,-7.82,0.00,10.80,46.18,46.18,10.80,-139.32,-26.30,168211,HM189_33353_M30_5K_B,0.15,0.15hrs
05/06/2026 19:00:24,sell,0.05,XAUUSD,4333.49000,05/06/2026 19:01:22,4332.61000,-0.78,0.00,8.80,3.62,3.62,8.80,-1.78,-2.00,168222,Atom-8_SMAP_H1_1K_SELL,0.02,0.02hrs
05/06/2026 19:00:53,sell,0.50,XAUUSD,4333.60000,05/06/2026 19:01:18,4332.50000,-7.80,0.00,11.00,47.20,47.20,11.00,0.00,0.00,168222,HM189_33353_M30_5K_S,0.01,0.01hrs
05/06/2026 19:00:01,sell,0.50,XAUUSD,4336.25000,05/06/2026 19:00:23,4333.56000,-7.81,0.00,26.90,126.69,126.69,26.90,0.00,0.00,168222,HM189_33353_M30_5K_S,0.01,0.01hrs
05/06/2026 17:32:01,sell,0.01,XAUUSD,4359.73000,05/06/2026 17:33:39,4355.45000,-0.16,0.00,42.80,4.12,4.12,42.80,0.00,0.00,168222,Atom-8_SMAP_H1_1K_SELL,0.03,0.03hrs
05/06/2026 17:31:46,sell,0.05,XAUUSD,4356.25000,05/06/2026 17:33:39,4355.67000,-0.78,0.00,5.80,2.12,2.12,5.80,0.00,0.00,168222,Atom-8_SMAP_H1_1K_SELL,0.03,0.03hrs
05/06/2026 17:31:48,sell,0.50,XAUUSD,4355.98000,05/06/2026 17:31:51,4356.29000,-7.84,0.00,-3.10,-23.34,0.00,0.00,-23.34,-3.10,168222,HM189_33353_M30_5K_S,0.00,0.00hrs
05/06/2026 17:31:21,sell,0.50,XAUUSD,4359.94000,05/06/2026 17:31:44,4356.43000,-7.85,0.00,35.10,167.65,167.65,35.10,0.00,0.00,168222,HM189_33353_M30_5K_S,0.01,0.01hrs
05/06/2026 17:31:08,sell,0.05,XAUUSD,4359.70000,05/06/2026 17:31:44,4356.62000,-0.78,0.00,30.80,14.62,14.62,30.80,0.00,0.00,168222,Atom-8_SMAP_H1_1K_SELL,0.01,0.01hrs
05/06/2026 17:30:06,sell,0.01,XAUUSD,4363.52000,05/06/2026 17:31:08,4359.69000,-0.16,0.00,38.30,3.67,0.04,2.00,0.00,0.00,168222,HM189_33353_M30_5K_S,0.02,0.02hrs
05/06/2026 17:30:03,sell,0.50,XAUUSD,4361.19000,05/06/2026 17:31:07,4359.84000,-7.85,0.00,13.50,59.65,59.65,13.50,-114.35,-21.30,168222,HM189_33353_M30_5K_S,0.02,0.02hrs
05/06/2026 06:08:06,sell,0.01,XAUUSD,4439.37000,05/06/2026 06:22:09,4436.27000,-0.16,0.00,31.00,2.94,2.94,31.00,-4.36,-42.00,168222,Atom-8_SMAP_H1_1K_SELL,0.23,0.23hrs
05/06/2026 06:03:07,sell,0.05,XAUUSD,4437.62000,05/06/2026 06:22:09,4436.26000,-0.80,0.00,13.60,6.00,6.00,13.60,-30.55,-59.50,168222,Atom-8_SMAP_H1_1K_SELL,0.32,0.32hrs
05/06/2026 06:03:10,sell,0.50,XAUUSD,4437.83000,05/06/2026 06:03:20,4436.94000,-7.99,0.00,8.90,36.51,36.51,8.90,0.00,0.00,168222,HM189_33353_M30_5K_S,0.00,0.00hrs
05/06/2026 06:02:00,sell,0.50,XAUUSD,4440.39000,05/06/2026 06:03:02,4437.67000,-7.99,0.00,27.20,128.01,128.01,27.20,0.00,0.00,168222,HM189_33353_M30_5K_S,0.02,0.02hrs
05/06/2026 06:01:57,sell,0.05,XAUUSD,4440.39000,05/06/2026 06:03:02,4437.89000,-0.80,0.00,25.00,11.70,11.70,25.00,0.00,0.00,168222,Atom-8_SMAP_H1_1K_SELL,0.02,0.02hrs
05/06/2026 05:01:31,sell,0.50,XAUUSD,4443.66000,05/06/2026 05:01:36,4443.36000,-8.00,0.00,3.00,7.00,7.00,3.00,0.00,0.00,168222,HM189_33353_M30_5K_S,0.00,0.00hrs
05/06/2026 05:01:24,sell,0.05,XAUUSD,4443.67000,05/06/2026 05:01:33,4443.24000,-0.80,0.00,4.30,1.35,1.35,4.30,0.00,0.00,168222,Atom-8_SMAP_H1_1K_SELL,0.00,0.00hrs
05/06/2026 05:00:04,sell,0.50,XAUUSD,4446.74000,05/06/2026 05:01:24,4443.84000,-8.00,0.00,29.00,137.00,137.00,29.00,0.00,0.00,168222,HM189_33353_M30_5K_S,0.02,0.02hrs
05/06/2026 04:00:58,sell,0.01,XAUUSD,4457.15000,05/06/2026 04:25:15,4454.75000,-0.16,0.00,24.00,2.24,2.24,24.00,-10.76,-106.00,168222,Atom-8_SMAP_H1_1K_SELL,0.40,0.40hrs
05/06/2026 04:00:19,sell,0.05,XAUUSD,4455.39000,05/06/2026 04:25:15,4454.69000,-0.80,0.00,7.00,2.70,2.70,7.00,-62.60,-123.60,168222,Atom-8_SMAP_H1_1K_SELL,0.42,0.42hrs
05/06/2026 04:00:06,sell,0.05,XAUUSD,4457.92000,05/06/2026 04:00:18,4456.25000,-0.80,0.00,16.70,7.55,7.55,16.70,0.00,0.00,168222,Atom-8_SMAP_H1_1K_SELL,0.00,0.00hrs
05/06/2026 04:00:01,sell,0.01,XAUUSD,4460.60000,05/06/2026 04:00:05,4458.59000,-0.16,0.00,20.10,1.85,1.85,20.10,0.00,0.00,168222,Atom-8_SMAP_H1_1K_SELL,0.00,0.00hrs
05/06/2026 03:59:37,sell,0.05,XAUUSD,4458.83000,05/06/2026 04:00:04,4457.66000,-0.80,0.00,11.70,5.05,5.05,11.70,0.00,0.00,168222,Atom-8_SMAP_H1_1K_SELL,0.01,0.01hrs
05/06/2026 03:59:07,sell,0.05,XAUUSD,4461.70000,05/06/2026 03:59:35,4458.83000,-0.80,0.00,28.70,13.55,13.55,28.70,0.00,0.00,168222,Atom-8_SMAP_H1_1K_SELL,0.01,0.01hrs
05/06/2026 03:52:56,sell,0.01,XAUUSD,4463.79000,05/06/2026 03:59:03,4460.49000,-0.16,0.00,33.00,3.14,3.14,33.00,-1.28,-11.20,168222,Atom-8_SMAP_H1_1K_SELL,0.10,0.10hrs
05/06/2026 03:50:00,sell,0.05,XAUUSD,4461.69000,05/06/2026 03:59:03,4460.39000,-0.80,0.00,13.00,5.70,5.70,13.00,-16.90,-32.20,168222,Atom-8_SMAP_H1_1K_SELL,0.15,0.15hrs
05/06/2026 03:40:02,sell,0.01,XAUUSD,4464.54000,05/06/2026 03:49:59,4461.67000,-0.16,0.00,28.70,2.71,2.71,28.70,-0.51,-3.50,168222,Atom-8_SMAP_H1_1K_SELL,0.17,0.17hrs
05/06/2026 03:38:40,sell,0.05,XAUUSD,4462.69000,05/06/2026 03:49:59,4461.82000,-0.80,0.00,8.70,3.55,3.55,8.70,-11.80,-22.00,168222,Atom-8_SMAP_H1_1K_SELL,0.19,0.19hrs
05/06/2026 03:37:35,sell,0.05,XAUUSD,4464.85000,05/06/2026 03:38:39,4463.28000,-0.80,0.00,15.70,7.05,7.05,15.70,0.00,0.00,168222,Atom-8_SMAP_H1_1K_SELL,0.02,0.02hrs
04/06/2026 18:00:43,sell,0.50,XAUUSD,4464.46000,05/06/2026 02:37:19,4464.66000,-8.04,16.28,-2.00,-1.76,0.00,0.00,-1018.04,-202.00,168222,HM189_33353_M30_5K_S,8.61,8.61hrs
04/06/2026 18:00:10,sell,0.01,XAUUSD,4468.00000,04/06/2026 18:00:42,4464.25000,-0.16,0.00,37.50,3.59,3.59,37.50,0.00,0.00,168222,HM189_33353_M30_5K_S,0.01,0.01hrs
04/06/2026 18:00:00,sell,0.50,XAUUSD,4465.73000,04/06/2026 18:00:42,4463.86000,-8.04,0.00,18.70,85.46,85.46,18.70,0.00,0.00,168222,HM189_33353_M30_5K_S,0.01,0.01hrs
04/06/2026 08:02:58,buy,0.01,XAUUSD,4479.30000,04/06/2026 14:26:05,4483.15000,-0.16,0.00,38.50,3.69,3.69,38.50,-20.47,-203.10,168211,HM189_33353_M30_5K_B,6.39,6.39hrs
04/06/2026 08:00:04,buy,0.50,XAUUSD,4481.39000,04/06/2026 14:26:05,4482.92000,-8.07,0.00,15.30,68.43,68.43,15.30,-1128.07,-224.00,168211,HM189_33353_M30_5K_B,6.43,6.43hrs
04/06/2026 08:00:01,buy,0.05,XAUUSD,4480.81000,04/06/2026 11:24:11,4458.82000,-0.81,0.00,-219.90,-110.76,0.00,0.00,-110.76,-219.90,168211,Atom-8_SMAP_H1_1K_BUY,3.40,3.40hrs
04/06/2026 08:03:22,buy,0.01,XAUUSD,4478.34000,04/06/2026 11:24:10,4458.66000,-0.16,0.00,-196.80,-19.84,0.00,0.00,-19.84,-196.80,168211,Atom-8_SMAP_H1_1K_BUY,3.35,3.35hrs
04/06/2026 06:13:15,buy,0.01,XAUUSD,4470.66000,04/06/2026 07:22:33,4474.24000,-0.16,0.00,35.80,3.42,3.42,35.80,-10.61,-104.50,168211,HM189_33353_M30_5K_B,1.16,1.16hrs
04/06/2026 06:12:08,buy,0.50,XAUUSD,4472.70000,04/06/2026 07:22:33,4474.24000,-8.05,0.00,15.40,68.95,68.95,15.40,-632.55,-124.90,168211,HM189_33353_M30_5K_B,1.17,1.17hrs
04/06/2026 03:04:00,buy,0.50,XAUUSD,4458.91000,04/06/2026 03:04:57,4460.21000,-8.03,0.00,13.00,56.97,56.97,13.00,0.00,0.00,168211,HM189_33353_M30_5K_B,0.02,0.02hrs
04/06/2026 03:00:01,buy,0.50,XAUUSD,4456.05000,04/06/2026 03:00:24,4458.67000,-8.02,0.00,26.20,122.98,122.98,26.20,0.00,0.00,168211,HM189_33353_M30_5K_B,0.01,0.01hrs
04/06/2026 01:12:25,sell,0.50,XAUUSD,4432.47000,04/06/2026 01:12:37,4432.58000,-7.98,0.00,-1.10,-13.48,0.00,0.00,-13.48,-1.10,168222,HM189_33353_M30_5K_S,0.00,0.00hrs
04/06/2026 01:08:32,sell,0.01,XAUUSD,4436.17000,04/06/2026 01:12:19,4432.44000,-0.16,0.00,37.30,3.57,1.07,12.30,0.00,0.00,168222,HM189_33353_M30_5K_S,0.06,0.06hrs
04/06/2026 01:05:06,sell,0.50,XAUUSD,4433.96000,04/06/2026 01:12:18,4432.47000,-7.98,0.00,14.90,66.52,66.52,14.90,-56.98,-9.80,168222,HM189_33353_M30_5K_S,0.12,0.12hrs
03/06/2026 13:02:06,sell,0.01,XAUUSD,4444.50000,03/06/2026 16:42:32,4441.04000,-0.16,0.00,34.60,3.30,3.30,34.60,-21.91,-217.50,168222,Atom-8_SMAP_H1_1K_SELL,3.67,3.67hrs
03/06/2026 13:00:40,sell,0.05,XAUUSD,4442.36000,03/06/2026 16:42:32,4441.04000,-0.80,0.00,13.20,5.80,5.80,13.20,-120.25,-238.90,168222,Atom-8_SMAP_H1_1K_SELL,3.70,3.70hrs
03/06/2026 12:00:01,sell,0.50,XAUUSD,4443.76000,03/06/2026 12:00:35,4442.53000,-8.00,0.00,12.30,53.50,53.50,12.30,0.00,0.00,168222,HM189_33353_M30_5K_S,0.01,0.01hrs
03/06/2026 11:58:25,sell,0.05,XAUUSD,4440.86000,03/06/2026 12:00:31,4442.12000,-0.80,0.00,-12.60,-7.10,0.00,0.00,-12.15,-22.70,168222,Atom-8_SMAP_H1_1K_SELL,0.04,0.04hrs
03/06/2026 11:56:12,sell,0.05,XAUUSD,4443.99000,03/06/2026 11:58:22,4441.39000,-0.80,0.00,26.00,12.20,12.20,26.00,0.00,0.00,168222,Atom-8_SMAP_H1_1K_SELL,0.04,0.04hrs
03/06/2026 11:52:03,sell,0.05,XAUUSD,4446.32000,03/06/2026 11:56:08,4443.70000,-0.80,0.00,26.20,12.30,12.30,26.20,-10.30,-19.00,168222,Atom-8_SMAP_H1_1K_SELL,0.07,0.07hrs
03/06/2026 11:22:31,sell,0.05,XAUUSD,4451.97000,03/06/2026 11:51:53,4445.51000,-0.80,0.00,64.60,31.50,31.50,64.60,-32.85,-64.10,168222,Atom-8_SMAP_H1_1K_SELL,0.49,0.49hrs
03/06/2026 11:01:50,sell,0.01,XAUUSD,4455.56000,03/06/2026 11:22:27,4452.02000,-0.16,0.00,35.40,3.38,3.38,35.40,-2.59,-24.30,168222,Atom-8_SMAP_H1_1K_SELL,0.34,0.34hrs
03/06/2026 11:00:04,sell,0.05,XAUUSD,4453.15000,03/06/2026 11:22:27,4452.04000,-0.80,0.00,11.10,4.75,4.75,11.10,-25.00,-48.40,168222,Atom-8_SMAP_H1_1K_SELL,0.37,0.37hrs
03/06/2026 09:45:53,sell,0.05,XAUUSD,4456.85000,03/06/2026 10:58:51,4453.89000,-0.80,0.00,29.60,14.00,14.00,29.60,-68.30,-135.00,168222,Atom-8_SMAP_H1_1K_SELL,1.22,1.22hrs
03/06/2026 09:24:15,sell,0.05,XAUUSD,4459.98000,03/06/2026 09:45:51,4456.49000,-0.80,0.00,34.90,16.65,16.65,34.90,-21.95,-42.30,168222,Atom-8_SMAP_H1_1K_SELL,0.36,0.36hrs
03/06/2026 09:23:21,sell,0.05,XAUUSD,4462.69000,03/06/2026 09:24:13,4459.83000,-0.80,0.00,28.60,13.50,13.50,28.60,0.00,0.00,168222,Atom-8_SMAP_H1_1K_SELL,0.01,0.01hrs
03/06/2026 09:21:51,sell,0.05,XAUUSD,4465.67000,03/06/2026 09:23:18,4462.40000,-0.80,0.00,32.70,15.55,15.55,32.70,0.00,0.00,168222,Atom-8_SMAP_H1_1K_SELL,0.02,0.02hrs
03/06/2026 09:18:20,sell,0.01,XAUUSD,4469.28000,03/06/2026 09:21:46,4465.66000,-0.16,0.00,36.20,3.46,3.46,36.20,-1.14,-9.80,168222,Atom-8_SMAP_H1_1K_SELL,0.06,0.06hrs
03/06/2026 09:15:02,sell,0.05,XAUUSD,4466.72000,03/06/2026 09:21:46,4465.63000,-0.80,0.00,10.90,4.65,4.65,10.90,-18.50,-35.40,168222,Atom-8_SMAP_H1_1K_SELL,0.11,0.11hrs
03/06/2026 08:05:02,sell,0.50,XAUUSD,4470.80000,03/06/2026 08:07:37,4469.20000,-8.05,0.00,16.00,71.95,71.95,16.00,0.00,0.00,168222,HM189_33353_M30_5K_S,0.04,0.04hrs
03/06/2026 03:11:43,sell,0.01,XAUUSD,4476.75000,03/06/2026 04:02:07,4474.52000,-0.16,0.00,22.30,2.07,1.16,13.20,-18.52,-183.60,168222,Atom-8_SMAP_H1_1K_SELL,0.84,0.84hrs
03/06/2026 03:10:38,sell,0.05,XAUUSD,4474.71000,03/06/2026 04:02:07,4474.72000,-0.81,0.00,-0.10,-0.86,0.00,0.00,-102.81,-204.00,168222,Atom-8_SMAP_H1_1K_SELL,0.86,0.86hrs
03/06/2026 03:00:32,sell,0.01,XAUUSD,4477.84000,03/06/2026 03:10:35,4475.18000,-0.16,0.00,26.60,2.50,2.50,26.60,-1.05,-8.90,168222,Atom-8_SMAP_H1_1K_SELL,0.17,0.17hrs
03/06/2026 03:00:01,sell,0.05,XAUUSD,4476.08000,03/06/2026 03:10:35,4474.85000,-0.81,0.00,12.30,5.34,5.34,12.30,-14.06,-26.50,168222,Atom-8_SMAP_H1_1K_SELL,0.18,0.18hrs
02/06/2026 20:36:48,buy,0.07,XAUUSD,4483.56000,02/06/2026 21:52:39,4490.21000,-1.13,0.00,66.50,45.42,45.42,66.50,-28.64,-39.30,168211,Atom-8_SMAP_H1_1K_BUY,1.26,1.26hrs
02/06/2026 20:08:48,buy,0.02,XAUUSD,4488.90000,02/06/2026 21:52:39,4490.21000,-0.32,0.00,13.10,2.30,2.30,13.10,-18.86,-92.70,168211,Atom-8_SMAP_H1_1K_BUY,1.73,1.73hrs
02/06/2026 20:00:00,buy,0.01,XAUUSD,4491.99000,02/06/2026 21:52:39,4490.20000,-0.16,0.00,-17.90,-1.95,0.00,0.00,-12.52,-123.60,168211,Atom-8_SMAP_H1_1K_BUY,1.88,1.88hrs
02/06/2026 21:43:05,buy,0.18,XAUUSD,4479.61000,02/06/2026 21:52:38,4489.93000,-2.90,0.00,103.20,182.86,182.86,103.20,-2.54,0.00,168211,Atom-8_SMAP_H1_1K_BUY,0.16,0.16hrs
02/06/2026 20:36:46,buy,0.07,XAUUSD,4483.19000,02/06/2026 21:52:38,4489.97000,-1.13,0.00,67.80,46.33,46.33,67.80,-26.05,-35.60,168211,Atom-8_SMAP_H1_1K_BUY,1.26,1.26hrs
02/06/2026 20:08:45,buy,0.02,XAUUSD,4488.87000,02/06/2026 21:52:38,4490.25000,-0.32,0.00,13.80,2.44,2.44,13.80,-18.80,-92.40,168211,Atom-8_SMAP_H1_1K_BUY,1.73,1.73hrs
02/06/2026 11:06:05,buy,0.05,XAUUSD,4536.99000,02/06/2026 21:52:38,4489.91000,-0.82,0.00,-470.80,-236.22,0.00,0.00,-287.62,-573.60,168211,Atom-8_SMAP_H1_1K_BUY,10.78,10.78hrs
02/06/2026 11:02:51,buy,0.01,XAUUSD,4533.83000,02/06/2026 11:06:03,4536.71000,-0.16,0.00,28.80,2.72,2.72,28.80,-0.44,-2.80,168211,Atom-8_SMAP_H1_1K_BUY,0.05,0.05hrs
02/06/2026 11:00:20,buy,0.05,XAUUSD,4536.02000,02/06/2026 11:06:02,4536.67000,-0.82,0.00,6.50,2.43,2.43,6.50,-13.17,-24.70,168211,Atom-8_SMAP_H1_1K_BUY,0.10,0.10hrs
02/06/2026 10:55:55,buy,0.05,XAUUSD,4533.31000,02/06/2026 11:00:17,4536.06000,-0.82,0.00,27.50,12.93,12.93,27.50,0.00,0.00,168211,Atom-8_SMAP_H1_1K_BUY,0.07,0.07hrs
02/06/2026 10:53:11,buy,0.01,XAUUSD,4529.37000,02/06/2026 10:55:52,4532.57000,-0.16,0.00,32.00,3.04,3.04,32.00,-0.94,-7.80,168211,Atom-8_SMAP_H1_1K_BUY,0.04,0.04hrs
02/06/2026 10:50:00,buy,0.05,XAUUSD,4531.55000,02/06/2026 10:55:51,4532.57000,-0.82,0.00,10.20,4.28,4.28,10.20,-15.62,-29.60,168211,Atom-8_SMAP_H1_1K_BUY,0.10,0.10hrs
01/06/2026 12:32:35,sell,0.05,XAUUSD,4491.44000,01/06/2026 16:11:46,4487.23000,-0.81,0.00,42.10,20.24,20.24,42.10,-103.51,-205.40,168222,Atom-8_SMAP_H1_1K_SELL,3.65,3.65hrs
01/06/2026 12:30:43,sell,0.05,XAUUSD,4495.57000,01/06/2026 12:32:33,4492.59000,-0.81,0.00,29.80,14.09,14.09,29.80,0.00,0.00,168222,Atom-8_SMAP_H1_1K_SELL,0.03,0.03hrs
01/06/2026 12:29:05,sell,0.05,XAUUSD,4497.68000,01/06/2026 12:30:42,4495.05000,-0.81,0.00,26.30,12.34,12.34,26.30,0.00,0.00,168222,Atom-8_SMAP_H1_1K_SELL,0.03,0.03hrs
01/06/2026 12:00:43,sell,0.01,XAUUSD,4499.72000,01/06/2026 12:29:02,4496.92000,-0.16,0.00,28.00,2.64,2.64,28.00,-6.26,-61.00,168222,Atom-8_SMAP_H1_1K_SELL,0.47,0.47hrs
01/06/2026 12:00:02,sell,0.05,XAUUSD,4497.96000,01/06/2026 12:29:02,4497.20000,-0.81,0.00,7.60,2.99,2.99,7.60,-40.11,-78.60,168222,Atom-8_SMAP_H1_1K_SELL,0.48,0.48hrs
01/06/2026 10:41:59,sell,0.50,XAUUSD,4500.44000,01/06/2026 10:45:03,4498.51000,-8.10,0.00,19.30,88.40,88.40,19.30,-48.60,-8.10,168222,HM189_33353_M30_5K_S,0.05,0.05hrs
01/06/2026 10:41:56,sell,0.05,XAUUSD,4500.52000,01/06/2026 10:44:46,4499.19000,-0.81,0.00,13.30,5.84,5.84,13.30,-4.46,-7.30,168222,Atom-8_SMAP_H1_1K_SELL,0.05,0.05hrs
01/06/2026 10:02:47,sell,0.01,XAUUSD,4504.38000,01/06/2026 10:41:56,4500.49000,-0.16,0.00,38.90,3.73,3.73,38.90,-5.03,-48.70,168222,HM189_33353_M30_5K_S,0.65,0.65hrs
01/06/2026 10:00:01,sell,0.50,XAUUSD,4502.21000,01/06/2026 10:41:55,4500.51000,-8.10,0.00,17.00,76.90,76.90,17.00,-360.10,-70.40,168222,HM189_33353_M30_5K_S,0.70,0.70hrs
01/06/2026 07:49:23,sell,0.05,XAUUSD,4509.07000,01/06/2026 09:22:15,4506.96000,-0.81,0.00,21.10,9.74,9.74,21.10,-73.76,-145.90,168222,Atom-8_SMAP_H1_1K_SELL,1.55,1.55hrs
01/06/2026 07:48:25,sell,0.05,XAUUSD,4511.95000,01/06/2026 07:49:22,4509.35000,-0.81,0.00,26.00,12.19,12.19,26.00,0.00,0.00,168222,Atom-8_SMAP_H1_1K_SELL,0.02,0.02hrs
01/06/2026 07:35:07,sell,0.05,XAUUSD,4514.76000,01/06/2026 07:48:23,4512.07000,-0.81,0.00,26.90,12.64,12.64,26.90,-9.86,-18.10,168222,Atom-8_SMAP_H1_1K_SELL,0.22,0.22hrs
01/06/2026 07:17:38,sell,0.01,XAUUSD,4517.21000,01/06/2026 07:34:59,4514.20000,-0.16,0.00,30.10,2.85,2.85,30.10,-1.03,-8.70,168222,Atom-8_SMAP_H1_1K_SELL,0.29,0.29hrs
01/06/2026 07:06:25,sell,0.05,XAUUSD,4515.17000,01/06/2026 07:34:59,4514.52000,-0.81,0.00,6.50,2.44,2.44,6.50,-15.36,-29.10,168222,Atom-8_SMAP_H1_1K_SELL,0.48,0.48hrs
01/06/2026 06:05:46,sell,0.50,XAUUSD,4521.38000,01/06/2026 06:06:36,4519.02000,-8.14,0.00,23.60,109.86,109.86,23.60,0.00,0.00,168222,HM189_33353_M30_5K_S,0.01,0.01hrs
01/06/2026 05:50:06,sell,0.50,XAUUSD,4524.04000,01/06/2026 06:05:44,4521.21000,-8.14,0.00,28.30,133.36,64.36,14.50,-66.14,-11.60,168222,HM189_33353_M30_5K_S,0.26,0.26hrs
01/06/2026 01:05:11,sell,0.50,XAUUSD,4520.52000,01/06/2026 02:25:43,4544.07000,-8.14,0.00,-235.50,-1185.64,0.00,0.00,-1185.64,-235.50,168222,HM189_33353_M30_5K_S,1.34,1.34hrs
01/06/2026 01:05:52,sell,0.01,XAUUSD,4522.90000,01/06/2026 02:25:42,4544.12000,-0.16,0.00,-212.20,-21.38,0.00,0.00,-20.64,-204.80,168222,HM189_33353_M30_5K_S,1.33,1.33hrs
29/05/2026 19:05:12,buy,0.01,XAUUSD,4567.61000,29/05/2026 19:37:07,4570.96000,-0.16,0.00,33.50,3.19,3.19,33.50,-6.38,-62.20,168211,Atom-8_SMAP_H1_1K_BUY,0.53,0.53hrs
29/05/2026 18:59:10,buy,0.05,XAUUSD,4569.80000,29/05/2026 19:37:07,4570.91000,-0.82,0.00,11.10,4.73,4.73,11.10,-42.87,-84.10,168211,Atom-8_SMAP_H1_1K_BUY,0.63,0.63hrs
29/05/2026 18:51:55,buy,0.05,XAUUSD,4567.83000,29/05/2026 18:59:04,4570.48000,-0.82,0.00,26.50,12.43,12.43,26.50,0.00,0.00,168211,Atom-8_SMAP_H1_1K_BUY,0.12,0.12hrs
29/05/2026 18:47:04,buy,0.01,XAUUSD,4564.29000,29/05/2026 18:51:53,4567.78000,-0.16,0.00,34.90,3.33,3.33,34.90,-2.22,-20.60,168211,Atom-8_SMAP_H1_1K_BUY,0.08,0.08hrs
29/05/2026 18:45:01,buy,0.05,XAUUSD,4566.66000,29/05/2026 18:51:52,4567.53000,-0.82,0.00,8.70,3.53,3.53,8.70,-22.97,-44.30,168211,Atom-8_SMAP_H1_1K_BUY,0.11,0.11hrs
29/05/2026 13:37:16,buy,0.05,XAUUSD,4542.14000,29/05/2026 14:00:17,4538.82000,-0.82,0.00,-33.20,-17.42,0.00,0.00,-27.02,-52.40,168211,Atom-8_SMAP_H1_1K_BUY,0.38,0.38hrs
29/05/2026 14:00:01,buy,0.50,XAUUSD,4538.76000,29/05/2026 14:00:12,4539.19000,-8.17,0.00,4.30,13.33,13.33,4.30,0.00,0.00,168211,HM189_33353_M30_5K_B,0.00,0.00hrs
29/05/2026 13:33:52,buy,0.05,XAUUSD,4538.15000,29/05/2026 13:37:13,4542.17000,-0.82,0.00,40.20,19.28,19.28,40.20,0.00,0.00,168211,Atom-8_SMAP_H1_1K_BUY,0.06,0.06hrs
29/05/2026 13:33:17,buy,0.05,XAUUSD,4534.43000,29/05/2026 13:33:49,4538.13000,-0.82,0.00,37.00,17.68,17.68,37.00,0.00,0.00,168211,Atom-8_SMAP_H1_1K_BUY,0.01,0.01hrs
29/05/2026 13:30:49,buy,0.05,XAUUSD,4531.41000,29/05/2026 13:33:04,4534.11000,-0.82,0.00,27.00,12.68,12.68,27.00,0.00,0.00,168211,Atom-8_SMAP_H1_1K_BUY,0.04,0.04hrs
29/05/2026 13:01:09,buy,0.01,XAUUSD,4528.99000,29/05/2026 13:30:44,4531.49000,-0.16,0.00,25.00,2.34,2.34,25.00,-2.72,-25.60,168211,Atom-8_SMAP_H1_1K_BUY,0.49,0.49hrs
29/05/2026 13:00:03,buy,0.05,XAUUSD,4530.78000,29/05/2026 13:30:44,4531.50000,-0.82,0.00,7.20,2.78,2.78,7.20,-22.57,-43.50,168211,Atom-8_SMAP_H1_1K_BUY,0.51,0.51hrs
29/05/2026 13:09:35,buy,0.50,XAUUSD,4526.57000,29/05/2026 13:15:23,4529.26000,-8.15,0.00,26.90,126.35,126.35,26.90,0.00,0.00,168211,HM189_33353_M30_5K_B,0.10,0.10hrs
29/05/2026 11:09:50,buy,0.01,XAUUSD,4516.21000,29/05/2026 12:04:44,4519.05000,-0.16,0.00,28.40,2.68,2.68,28.40,-5.24,-50.80,168211,Atom-8_SMAP_H1_1K_BUY,0.92,0.92hrs
29/05/2026 11:06:54,buy,0.05,XAUUSD,4518.47000,29/05/2026 12:04:43,4519.47000,-0.81,0.00,10.00,4.19,4.19,10.00,-37.51,-73.40,168211,Atom-8_SMAP_H1_1K_BUY,0.96,0.96hrs
29/05/2026 10:02:04,buy,0.01,XAUUSD,4520.93000,29/05/2026 10:06:48,4518.24000,-0.16,0.00,-26.90,-2.85,0.00,0.00,-2.85,-26.90,168211,HM189_33353_M30_5K_B,0.08,0.08hrs
29/05/2026 10:00:02,buy,0.50,XAUUSD,4523.38000,29/05/2026 10:06:48,4518.25000,-8.14,0.00,-51.30,-264.64,0.00,0.00,-264.64,-51.30,168211,HM189_33353_M30_5K_B,0.11,0.11hrs
29/05/2026 10:02:08,buy,0.01,XAUUSD,4521.40000,29/05/2026 10:06:43,4518.43000,-0.16,0.00,-29.70,-3.13,0.00,0.00,-3.13,-29.70,168211,Atom-8_SMAP_H1_1K_BUY,0.08,0.08hrs
29/05/2026 09:57:42,buy,0.05,XAUUSD,4523.25000,29/05/2026 10:06:43,4518.15000,-0.81,0.00,-51.00,-26.31,0.00,0.00,-26.31,-51.00,168211,Atom-8_SMAP_H1_1K_BUY,0.15,0.15hrs
29/05/2026 04:18:43,sell,0.12,XAUUSD,4518.02000,29/05/2026 09:57:38,4523.84000,-1.95,0.00,-58.20,-71.79,210.33,176.90,-71.79,-58.20,168222,Atom-8_SMAP_H1_1K_SELL,5.65,5.65hrs
28/05/2026 21:02:32,sell,0.04,XAUUSD,4513.58000,29/05/2026 09:57:38,4523.84000,-0.65,1.30,-102.60,-40.39,93.97,233.30,-40.39,-102.60,168222,Atom-8_SMAP_H1_1K_SELL,12.92,12.92hrs
29/05/2026 09:00:12,sell,0.18,XAUUSD,4521.66000,29/05/2026 09:57:37,4523.86000,-2.93,0.00,-22.00,-42.53,161.05,91.10,-42.53,-22.00,168222,Atom-8_SMAP_H1_1K_SELL,0.96,0.96hrs
28/05/2026 21:02:34,sell,0.04,XAUUSD,4513.29000,29/05/2026 09:57:37,4524.00000,-0.65,1.30,-107.10,-42.19,92.81,230.40,-42.19,-107.10,168222,Atom-8_SMAP_H1_1K_SELL,12.92,12.92hrs
28/05/2026 21:00:01,sell,0.01,XAUUSD,4509.00000,29/05/2026 09:57:37,4523.86000,-0.16,0.33,-148.60,-14.69,18.92,187.50,-14.69,-148.60,168222,Atom-8_SMAP_H1_1K_SELL,12.96,12.96hrs
28/05/2026 21:00:04,sell,0.01,XAUUSD,4508.77000,29/05/2026 09:57:36,4523.98000,-0.16,0.33,-152.10,-15.04,18.69,185.20,-15.04,-152.10,168222,Atom-8_SMAP_H1_1K_SELL,12.96,12.96hrs
28/05/2026 08:02:53,sell,0.05,XAUUSD,4368.31000,29/05/2026 09:57:36,4523.98000,-0.79,1.63,-1556.70,-777.51,0.00,0.00,-777.51,-1556.70,168222,Atom-8_SMAP_H1_1K_SELL,25.91,1.08days
29/05/2026 08:01:26,buy,0.01,XAUUSD,4511.94000,29/05/2026 08:54:22,4514.73000,-0.16,0.00,27.90,2.63,2.63,27.90,-8.64,-84.80,168211,HM189_33353_M30_5K_B,0.88,0.88hrs
29/05/2026 08:00:32,buy,0.50,XAUUSD,4514.01000,29/05/2026 08:54:21,4514.89000,-8.13,0.00,8.80,35.87,35.87,8.80,-535.63,-105.50,168211,HM189_33353_M30_5K_B,0.90,0.90hrs
28/05/2026 07:31:27,sell,0.01,XAUUSD,4371.05000,28/05/2026 08:02:47,4367.51000,-0.16,0.00,35.40,3.38,3.38,35.40,0.00,0.00,168222,Atom-8_SMAP_H1_1K_SELL,0.52,0.52hrs
28/05/2026 07:27:28,sell,0.05,XAUUSD,4368.97000,28/05/2026 08:02:46,4367.93000,-0.79,0.00,10.40,4.41,4.41,10.40,0.00,0.00,168222,Atom-8_SMAP_H1_1K_SELL,0.59,0.59hrs
28/05/2026 07:25:01,sell,0.05,XAUUSD,4371.27000,28/05/2026 07:27:17,4368.25000,-0.79,0.00,30.20,14.31,14.31,30.20,0.00,0.00,168222,Atom-8_SMAP_H1_1K_SELL,0.04,0.04hrs
27/05/2026 16:11:11,sell,0.05,XAUUSD,4413.62000,27/05/2026 16:18:34,4410.48000,-0.79,0.00,31.40,14.91,14.91,31.40,0.00,0.00,168222,Atom-8_SMAP_H1_1K_SELL,0.12,0.12hrs
27/05/2026 16:10:59,sell,0.01,XAUUSD,4416.95000,27/05/2026 16:11:10,4413.68000,-0.16,0.00,32.70,3.11,3.11,32.70,0.00,0.00,168222,Atom-8_SMAP_H1_1K_SELL,0.00,0.00hrs
27/05/2026 16:10:01,sell,0.05,XAUUSD,4414.54000,27/05/2026 16:11:09,4413.64000,-0.79,0.00,9.00,3.71,3.71,9.00,0.00,0.00,168222,Atom-8_SMAP_H1_1K_SELL,0.02,0.02hrs
27/05/2026 14:15:01,sell,0.50,XAUUSD,4451.02000,27/05/2026 14:16:36,4448.96000,-8.01,0.00,20.60,94.99,94.99,20.60,0.00,0.00,168222,HM189_33353_M30_5K_S,0.03,0.03hrs
27/05/2026 07:12:15,sell,0.01,XAUUSD,4503.12000,27/05/2026 07:30:02,4499.42000,-0.16,0.00,37.00,3.54,3.54,37.00,0.00,0.00,168222,HM189_33353_M30_5K_S,0.30,0.30hrs
27/05/2026 07:05:51,sell,0.50,XAUUSD,4500.93000,27/05/2026 07:30:02,4499.43000,-8.10,0.00,15.00,66.90,66.90,15.00,-106.60,-19.70,168222,HM189_33353_M30_5K_S,0.40,0.40hrs
27/05/2026 03:01:57,buy,0.50,XAUUSD,4524.80000,27/05/2026 03:02:01,4524.74000,-8.14,0.00,-0.60,-11.14,0.00,0.00,-11.14,-0.60,168211,HM189_33353_M30_5K_B,0.00,0.00hrs
27/05/2026 03:00:22,buy,0.50,XAUUSD,4522.05000,27/05/2026 03:01:22,4524.90000,-8.14,0.00,28.50,134.36,134.36,28.50,-24.64,-3.30,168211,HM189_33353_M30_5K_B,0.02,0.02hrs
27/05/2026 03:00:06,buy,0.50,XAUUSD,4517.82000,27/05/2026 03:00:20,4521.00000,-8.13,0.00,31.80,150.87,150.87,31.80,0.00,0.00,168211,HM189_33353_M30_5K_B,0.00,0.00hrs
26/05/2026 19:06:31,sell,0.50,XAUUSD,4503.71000,26/05/2026 19:16:52,4501.03000,-8.11,0.00,26.80,125.89,125.89,26.80,-34.61,-5.30,168222,HM189_33353_M30_5K_S,0.17,0.17hrs
26/05/2026 19:05:02,sell,0.50,XAUUSD,4506.30000,26/05/2026 19:06:28,4503.13000,-8.11,0.00,31.70,150.39,150.39,31.70,0.00,0.00,168222,HM189_33353_M30_5K_S,0.02,0.02hrs
26/05/2026 09:02:27,sell,0.01,XAUUSD,4530.78000,26/05/2026 10:09:44,4528.19000,-0.16,0.00,25.90,2.43,2.43,25.90,-3.82,-36.60,168222,Atom-8_SMAP_H1_1K_SELL,1.12,1.12hrs
26/05/2026 09:01:52,sell,0.05,XAUUSD,4528.79000,26/05/2026 10:09:44,4528.19000,-0.82,0.00,6.00,2.18,2.18,6.00,-29.07,-56.50,168222,Atom-8_SMAP_H1_1K_SELL,1.13,1.13hrs
26/05/2026 08:00:03,sell,0.50,XAUUSD,4525.02000,26/05/2026 08:01:43,4523.90000,-8.15,0.00,11.20,47.85,47.85,11.20,0.00,0.00,168222,HM189_33353_M30_5K_S,0.03,0.03hrs
26/05/2026 04:41:36,sell,0.05,XAUUSD,4529.87000,26/05/2026 07:37:01,4526.54000,-0.82,0.00,33.30,15.83,15.83,33.30,-74.72,-147.80,168222,Atom-8_SMAP_H1_1K_SELL,2.92,2.92hrs
26/05/2026 06:01:20,sell,0.01,XAUUSD,4534.71000,26/05/2026 07:30:54,4530.70000,-0.16,0.00,40.10,3.85,3.85,40.10,-10.10,-99.40,168222,HM189_33353_M30_5K_S,1.49,1.49hrs
26/05/2026 06:00:04,sell,0.50,XAUUSD,4532.52000,26/05/2026 07:30:54,4530.92000,-8.16,0.00,16.00,71.84,71.84,16.00,-614.66,-121.30,168222,HM189_33353_M30_5K_S,1.51,1.51hrs
26/05/2026 04:40:36,sell,0.05,XAUUSD,4531.83000,26/05/2026 04:41:33,4529.58000,-0.82,0.00,22.50,10.43,10.43,22.50,0.00,0.00,168222,Atom-8_SMAP_H1_1K_SELL,0.02,0.02hrs
26/05/2026 04:38:55,sell,0.01,XAUUSD,4535.07000,26/05/2026 04:39:40,4532.07000,-0.16,0.00,30.00,2.84,2.84,30.00,0.00,0.00,168222,Atom-8_SMAP_H1_1K_SELL,0.01,0.01hrs
26/05/2026 04:38:25,sell,0.05,XAUUSD,4533.00000,26/05/2026 04:39:39,4531.85000,-0.82,0.00,11.50,4.93,4.93,11.50,-7.37,-13.10,168222,Atom-8_SMAP_H1_1K_SELL,0.02,0.02hrs
26/05/2026 04:36:36,sell,0.05,XAUUSD,4535.78000,26/05/2026 04:38:23,4532.97000,-0.82,0.00,28.10,13.23,13.23,28.10,0.00,0.00,168222,Atom-8_SMAP_H1_1K_SELL,0.03,0.03hrs
26/05/2026 04:33:29,sell,0.05,XAUUSD,4539.54000,26/05/2026 04:36:25,4535.91000,-0.82,0.00,36.30,17.33,17.33,36.30,-0.22,0.00,168222,Atom-8_SMAP_H1_1K_SELL,0.05,0.05hrs
26/05/2026 04:30:03,sell,0.05,XAUUSD,4542.12000,26/05/2026 04:33:22,4539.46000,-0.82,0.00,26.60,12.48,12.48,26.60,0.00,0.00,168222,Atom-8_SMAP_H1_1K_SELL,0.06,0.06hrs
25/05/2026 04:29:42,buy,0.05,XAUUSD,4574.98000,25/05/2026 14:39:39,4575.83000,-0.82,0.00,8.50,3.43,3.43,8.50,-111.62,-221.60,168211,Atom-8_SMAP_H1_1K_BUY,10.17,10.17hrs
25/05/2026 09:13:40,sell,0.01,XAUUSD,4554.00000,25/05/2026 14:39:32,4576.02000,-0.16,0.00,-220.20,-22.18,0.02,1.80,-22.18,-220.20,168222,HM189_33353_M30_5K_S,5.43,5.43hrs
25/05/2026 09:10:04,sell,0.50,XAUUSD,4551.88000,25/05/2026 14:39:32,4576.01000,-8.19,0.00,-241.30,-1214.69,0.00,0.00,-1214.69,-241.30,168222,HM189_33353_M30_5K_S,5.49,5.49hrs
25/05/2026 04:23:16,buy,0.05,XAUUSD,4571.22000,25/05/2026 04:29:41,4575.11000,-0.82,0.00,38.90,18.63,18.63,38.90,-4.42,-7.20,168211,Atom-8_SMAP_H1_1K_BUY,0.11,0.11hrs
25/05/2026 04:20:06,buy,0.05,XAUUSD,4566.55000,25/05/2026 04:23:13,4570.51000,-0.82,0.00,39.60,18.98,18.98,39.60,0.00,0.00,168211,Atom-8_SMAP_H1_1K_BUY,0.05,0.05hrs
25/05/2026 04:15:53,buy,0.01,XAUUSD,4563.48000,25/05/2026 04:20:03,4566.51000,-0.16,0.00,30.30,2.87,2.87,30.30,-0.08,0.00,168211,Atom-8_SMAP_H1_1K_BUY,0.07,0.07hrs
25/05/2026 04:15:15,buy,0.05,XAUUSD,4565.58000,25/05/2026 04:20:03,4566.82000,-0.82,0.00,12.40,5.38,5.38,12.40,-10.92,-20.20,168211,Atom-8_SMAP_H1_1K_BUY,0.08,0.08hrs
22/05/2026 02:18:05,buy,0.01,XAUUSD,4541.38000,22/05/2026 19:33:29,4523.38000,-0.16,0.00,-180.00,-18.16,0.00,0.00,-47.14,-469.80,168211,Atom-8_SMAP_H1_1K_BUY,17.26,17.26hrs
22/05/2026 02:00:12,buy,0.05,XAUUSD,4543.94000,22/05/2026 19:33:29,4523.39000,-0.82,0.00,-205.50,-103.57,0.13,1.90,-248.52,-495.40,168211,Atom-8_SMAP_H1_1K_BUY,17.55,17.55hrs
22/05/2026 14:19:05,sell,0.50,XAUUSD,4512.95000,22/05/2026 17:00:12,4509.15000,-8.12,0.00,38.00,181.88,181.88,38.00,-1042.62,-206.90,168222,HM189_33353_M30_5K_S,2.69,2.69hrs
22/05/2026 14:15:02,sell,0.50,XAUUSD,4515.84000,22/05/2026 14:18:25,4513.03000,-8.13,0.00,28.10,132.37,132.37,28.10,0.00,0.00,168222,HM189_33353_M30_5K_S,0.06,0.06hrs
22/05/2026 01:07:29,buy,0.01,XAUUSD,4541.28000,22/05/2026 02:00:05,4544.50000,-0.16,0.00,32.20,3.06,3.06,32.20,-1.90,-17.40,168211,Atom-8_SMAP_H1_1K_BUY,0.88,0.88hrs
22/05/2026 01:05:20,buy,0.05,XAUUSD,4543.12000,22/05/2026 02:00:05,4544.63000,-0.82,0.00,15.10,6.73,6.73,15.10,-18.72,-35.80,168211,Atom-8_SMAP_H1_1K_BUY,0.91,0.91hrs
21/05/2026 10:16:22,sell,0.01,XAUUSD,4520.49000,21/05/2026 10:25:07,4516.89000,-0.16,0.00,36.00,3.44,3.44,36.00,-2.14,-19.80,168222,HM189_33353_M30_5K_S,0.15,0.15hrs
21/05/2026 10:15:17,sell,0.50,XAUUSD,4518.60000,21/05/2026 10:25:07,4517.18000,-8.13,0.00,14.20,62.87,62.87,14.20,-201.63,-38.70,168222,HM189_33353_M30_5K_S,0.16,0.16hrs
21/05/2026 10:10:03,sell,0.50,XAUUSD,4521.93000,21/05/2026 10:15:15,4518.92000,-8.14,0.00,30.10,142.36,142.36,30.10,0.00,0.00,168222,HM189_33353_M30_5K_S,0.09,0.09hrs
21/05/2026 06:17:24,sell,0.50,XAUUSD,4534.13000,21/05/2026 06:18:05,4533.31000,-8.16,0.00,8.20,32.84,32.84,8.20,0.00,0.00,168222,HM189_33353_M30_5K_S,0.01,0.01hrs
21/05/2026 05:09:37,buy,0.05,XAUUSD,4555.56000,21/05/2026 06:18:03,4532.95000,-0.82,0.00,-226.10,-113.87,0.00,0.00,-116.52,-231.40,168211,Atom-8_SMAP_H1_1K_BUY,1.14,1.14hrs
21/05/2026 06:10:02,sell,0.50,XAUUSD,4536.95000,21/05/2026 06:17:22,4534.24000,-8.17,0.00,27.10,127.33,127.33,27.10,-64.17,-11.20,168222,HM189_33353_M30_5K_S,0.12,0.12hrs
21/05/2026 04:30:54,sell,0.18,XAUUSD,4568.40000,21/05/2026 05:09:35,4555.49000,-2.96,0.00,129.10,229.42,229.42,129.10,-16.46,-7.50,168222,Atom-8_SMAP_H1_1K_SELL,0.64,0.64hrs
21/05/2026 03:15:34,sell,0.04,XAUUSD,4552.07000,21/05/2026 05:09:35,4555.47000,-0.66,0.00,-34.00,-14.26,51.34,130.00,-68.98,-170.80,168222,Atom-8_SMAP_H1_1K_SELL,1.90,1.90hrs
21/05/2026 04:30:52,sell,0.18,XAUUSD,4567.61000,21/05/2026 05:09:34,4555.42000,-2.96,0.00,121.90,216.46,216.46,121.90,-30.68,-15.40,168222,Atom-8_SMAP_H1_1K_SELL,0.65,0.65hrs
21/05/2026 04:23:11,sell,0.12,XAUUSD,4564.65000,21/05/2026 05:09:34,4555.47000,-1.97,0.00,91.80,108.19,108.19,91.80,-55.97,-45.00,168222,Atom-8_SMAP_H1_1K_SELL,0.77,0.77hrs
20/05/2026 23:00:01,sell,0.01,XAUUSD,4547.11000,21/05/2026 05:09:34,4555.48000,-0.16,1.42,-83.70,-7.11,12.39,111.30,-20.78,-220.40,168222,Atom-8_SMAP_H1_1K_SELL,6.16,6.16hrs
21/05/2026 04:11:33,sell,0.07,XAUUSD,4559.55000,21/05/2026 05:09:33,4555.33000,-1.15,0.00,42.20,28.39,29.23,43.40,-68.35,-96.00,168222,Atom-8_SMAP_H1_1K_SELL,0.97,0.97hrs
20/05/2026 23:00:04,sell,0.01,XAUUSD,4546.79000,21/05/2026 05:09:31,4555.62000,-0.16,1.42,-88.30,-7.57,12.07,108.10,-21.10,-223.60,168222,Atom-8_SMAP_H1_1K_SELL,6.16,6.16hrs
20/05/2026 07:48:11,sell,0.05,XAUUSD,4457.74000,21/05/2026 05:09:31,4555.79000,-0.80,7.10,-980.50,-483.95,0.00,0.00,-550.75,-1114.10,168222,Atom-8_SMAP_H1_1K_SELL,21.36,21.36hrs
20/05/2026 07:46:31,sell,0.05,XAUUSD,4460.68000,20/05/2026 07:48:05,4456.90000,-0.80,0.00,37.80,18.10,18.10,37.80,0.00,0.00,168222,Atom-8_SMAP_H1_1K_SELL,0.03,0.03hrs
20/05/2026 07:37:18,sell,0.01,XAUUSD,4463.73000,20/05/2026 07:46:27,4460.91000,-0.16,0.00,28.20,2.66,2.66,28.20,-1.80,-16.40,168222,Atom-8_SMAP_H1_1K_SELL,0.15,0.15hrs
20/05/2026 07:36:15,sell,0.05,XAUUSD,4461.65000,20/05/2026 07:46:26,4460.90000,-0.80,0.00,7.50,2.95,2.95,7.50,-19.40,-37.20,168222,Atom-8_SMAP_H1_1K_SELL,0.17,0.17hrs
20/05/2026 07:31:06,sell,0.05,XAUUSD,4463.77000,20/05/2026 07:36:10,4461.19000,-0.80,0.00,25.80,12.10,12.10,25.80,-1.65,-1.70,168222,Atom-8_SMAP_H1_1K_SELL,0.08,0.08hrs
20/05/2026 07:29:17,sell,0.01,XAUUSD,4466.13000,20/05/2026 07:30:56,4463.18000,-0.16,0.00,29.50,2.79,2.79,29.50,0.00,0.00,168222,Atom-8_SMAP_H1_1K_SELL,0.03,0.03hrs
20/05/2026 07:26:58,sell,0.05,XAUUSD,4464.30000,20/05/2026 07:30:55,4463.33000,-0.80,0.00,9.70,4.05,4.05,9.70,-9.80,-18.00,168222,Atom-8_SMAP_H1_1K_SELL,0.07,0.07hrs
20/05/2026 07:23:01,sell,0.01,XAUUSD,4466.97000,20/05/2026 07:26:54,4464.06000,-0.16,0.00,29.10,2.75,2.75,29.10,0.00,0.00,168222,Atom-8_SMAP_H1_1K_SELL,0.06,0.06hrs
20/05/2026 07:20:17,sell,0.05,XAUUSD,4464.84000,20/05/2026 07:26:53,4464.03000,-0.80,0.00,8.10,3.25,3.25,8.10,-7.00,-12.40,168222,Atom-8_SMAP_H1_1K_SELL,0.11,0.11hrs
20/05/2026 07:04:40,sell,0.01,XAUUSD,4467.78000,20/05/2026 07:20:13,4464.73000,-0.16,0.00,30.50,2.89,2.89,30.50,-2.82,-26.60,168222,Atom-8_SMAP_H1_1K_SELL,0.26,0.26hrs
20/05/2026 07:03:58,sell,0.05,XAUUSD,4465.82000,20/05/2026 07:20:13,4465.04000,-0.80,0.00,7.80,3.10,3.10,7.80,-23.90,-46.20,168222,Atom-8_SMAP_H1_1K_SELL,0.27,0.27hrs
20/05/2026 07:01:28,sell,0.05,XAUUSD,4468.64000,20/05/2026 07:03:53,4466.15000,-0.80,0.00,24.90,11.65,11.65,24.90,-4.00,-6.40,168222,Atom-8_SMAP_H1_1K_SELL,0.04,0.04hrs
20/05/2026 06:00:20,sell,0.50,XAUUSD,4461.95000,20/05/2026 06:01:09,4461.30000,-8.03,0.00,6.50,24.47,24.47,6.50,0.00,0.00,168222,HM189_33353_M30_5K_S,0.01,0.01hrs
20/05/2026 06:00:03,sell,0.50,XAUUSD,4464.78000,20/05/2026 06:00:19,4461.88000,-8.04,0.00,29.00,136.96,136.96,29.00,0.00,0.00,168222,HM189_33353_M30_5K_S,0.00,0.00hrs
20/05/2026 01:24:01,sell,0.50,XAUUSD,4481.04000,20/05/2026 01:30:09,4477.68000,-8.07,0.00,33.60,159.93,159.93,33.60,0.00,0.00,168222,HM189_33353_M30_5K_S,0.10,0.10hrs
20/05/2026 01:24:10,sell,0.01,XAUUSD,4481.49000,20/05/2026 01:25:37,4480.64000,-0.16,0.00,8.50,0.69,0.69,8.50,0.00,0.00,168222,Atom-8_SMAP_H1_1K_SELL,0.02,0.02hrs
20/05/2026 01:18:28,sell,0.05,XAUUSD,4479.47000,20/05/2026 01:25:37,4480.63000,-0.81,0.00,-11.60,-6.61,0.00,0.00,-6.61,-11.60,168222,Atom-8_SMAP_H1_1K_SELL,0.12,0.12hrs
20/05/2026 01:15:34,sell,0.05,XAUUSD,4481.29000,20/05/2026 01:18:20,4478.66000,-0.81,0.00,26.30,12.34,12.34,26.30,0.00,0.00,168222,Atom-8_SMAP_H1_1K_SELL,0.05,0.05hrs
20/05/2026 01:05:05,sell,0.50,XAUUSD,4484.00000,20/05/2026 01:15:33,4481.07000,-8.07,0.00,29.30,138.43,138.43,29.30,0.00,0.00,168222,HM189_33353_M30_5K_S,0.17,0.17hrs
19/05/2026 18:08:35,sell,0.01,XAUUSD,4493.40000,19/05/2026 22:22:13,4490.32000,-0.16,0.00,30.80,2.92,2.92,30.80,-17.75,-175.90,168222,Atom-8_SMAP_H1_1K_SELL,4.23,4.23hrs
19/05/2026 18:07:45,sell,0.05,XAUUSD,4491.19000,19/05/2026 22:22:13,4490.36000,-0.81,0.00,8.30,3.34,3.34,8.30,-99.81,-198.00,168222,Atom-8_SMAP_H1_1K_SELL,4.24,4.24hrs
19/05/2026 18:05:56,sell,0.05,XAUUSD,4494.07000,19/05/2026 18:07:43,4491.09000,-0.81,0.00,29.80,14.09,14.09,29.80,-0.21,0.00,168222,Atom-8_SMAP_H1_1K_SELL,0.03,0.03hrs
19/05/2026 18:01:36,sell,0.01,XAUUSD,4497.90000,19/05/2026 18:05:54,4494.48000,-0.16,0.00,34.20,3.26,3.26,34.20,-1.68,-15.20,168222,Atom-8_SMAP_H1_1K_SELL,0.07,0.07hrs
19/05/2026 18:00:07,sell,0.05,XAUUSD,4496.26000,19/05/2026 18:05:54,4494.57000,-0.81,0.00,16.90,7.64,7.64,16.90,-11.06,-31.60,168222,Atom-8_SMAP_H1_1K_SELL,0.10,0.10hrs
19/05/2026 03:01:02,buy,0.01,XAUUSD,4587.29000,19/05/2026 08:23:29,4535.31000,-0.17,0.00,-519.80,-52.15,0.32,4.90,-52.15,-519.80,168211,Atom-8_SMAP_H1_1K_BUY,5.37,5.37hrs
19/05/2026 03:00:43,buy,0.05,XAUUSD,4589.02000,19/05/2026 08:23:29,4535.01000,-0.83,0.00,-540.10,-270.88,0.00,0.00,-270.88,-540.10,168211,Atom-8_SMAP_H1_1K_BUY,5.38,5.38hrs
19/05/2026 07:14:27,sell,0.50,XAUUSD,4539.64000,19/05/2026 08:23:04,4536.73000,-8.17,0.00,29.10,137.33,137.33,29.10,-313.67,-61.10,168222,HM189_33353_M30_5K_S,1.14,1.14hrs
19/05/2026 07:09:25,sell,0.50,XAUUSD,4541.96000,19/05/2026 07:14:25,4539.41000,-8.18,0.00,25.50,119.32,119.32,25.50,-1.18,0.00,168222,HM189_33353_M30_5K_S,0.08,0.08hrs
19/05/2026 07:05:55,sell,0.01,XAUUSD,4545.39000,19/05/2026 07:09:23,4541.91000,-0.16,0.00,34.80,3.32,3.32,34.80,0.00,0.00,168222,HM189_33353_M30_5K_S,0.06,0.06hrs
19/05/2026 07:05:03,sell,0.50,XAUUSD,4543.24000,19/05/2026 07:09:22,4541.94000,-8.18,0.00,13.00,56.82,56.82,13.00,-63.18,-11.00,168222,HM189_33353_M30_5K_S,0.07,0.07hrs
19/05/2026 06:03:38,sell,0.50,XAUUSD,4546.05000,19/05/2026 07:00:42,4543.38000,-8.18,0.00,26.70,125.32,125.32,26.70,-380.18,-74.40,168222,HM189_33353_M30_5K_S,0.95,0.95hrs
19/05/2026 06:02:46,sell,0.01,XAUUSD,4550.20000,19/05/2026 06:03:35,4546.04000,-0.16,0.00,41.60,4.00,4.35,45.10,0.00,0.00,168222,HM189_33353_M30_5K_S,0.01,0.01hrs
19/05/2026 06:00:02,sell,0.50,XAUUSD,4546.60000,19/05/2026 06:03:34,4545.80000,-8.18,0.00,8.00,31.82,37.32,9.10,-6.68,0.00,168222,HM189_33353_M30_5K_S,0.06,0.06hrs
19/05/2026 03:00:02,buy,0.05,XAUUSD,4582.87000,19/05/2026 03:00:40,4587.98000,-0.82,0.00,51.10,24.73,24.73,51.10,0.00,0.00,168211,Atom-8_SMAP_H1_1K_BUY,0.01,0.01hrs
18/05/2026 16:00:05,buy,0.50,XAUUSD,4571.72000,18/05/2026 16:00:19,4572.99000,-8.23,0.00,12.70,55.27,55.27,12.70,0.00,0.00,168211,HM189_33353_M30_5K_B,0.00,0.00hrs
18/05/2026 01:05:13,sell,0.01,XAUUSD,4549.15000,18/05/2026 01:21:11,4544.07000,-0.16,0.00,50.80,4.92,4.92,50.80,-1.19,-10.30,168222,HM189_33353_M30_5K_S,0.27,0.27hrs
18/05/2026 01:05:09,sell,0.50,XAUUSD,4545.45000,18/05/2026 01:21:10,4543.98000,-8.18,0.00,14.70,65.32,65.32,14.70,-244.68,-47.30,168222,HM189_33353_M30_5K_S,0.27,0.27hrs
15/05/2026 17:07:16,sell,0.01,XAUUSD,4536.58000,15/05/2026 18:57:54,4534.25000,-0.16,0.00,23.30,2.17,2.17,23.30,-27.84,-276.80,168222,Atom-8_SMAP_H1_1K_SELL,1.84,1.84hrs
15/05/2026 17:06:59,sell,0.05,XAUUSD,4534.83000,15/05/2026 18:57:54,4534.08000,-0.82,0.00,7.50,2.93,2.93,7.50,-147.97,-294.30,168222,Atom-8_SMAP_H1_1K_SELL,1.85,1.85hrs
15/05/2026 17:06:20,sell,0.01,XAUUSD,4539.20000,15/05/2026 17:06:53,4534.42000,-0.16,0.00,47.80,4.62,4.62,47.80,0.00,0.00,168222,Atom-8_SMAP_H1_1K_SELL,0.01,0.01hrs
15/05/2026 17:05:04,sell,0.05,XAUUSD,4535.56000,15/05/2026 17:06:52,4534.64000,-0.82,0.00,9.20,3.78,3.78,9.20,0.00,0.00,168222,Atom-8_SMAP_H1_1K_SELL,0.03,0.03hrs
15/05/2026 13:02:05,sell,0.01,XAUUSD,4546.36000,15/05/2026 16:00:34,4543.87000,-0.16,0.00,24.90,2.33,2.33,24.90,-22.97,-228.10,168222,Atom-8_SMAP_H1_1K_SELL,2.97,2.97hrs
15/05/2026 13:01:45,sell,0.05,XAUUSD,4544.13000,15/05/2026 16:00:33,4543.94000,-0.82,0.00,1.90,0.13,0.13,1.90,-126.02,-250.40,168222,Atom-8_SMAP_H1_1K_SELL,2.98,2.98hrs
15/05/2026 13:01:10,sell,0.05,XAUUSD,4547.04000,15/05/2026 13:01:43,4544.57000,-0.82,0.00,24.70,11.53,11.53,24.70,0.00,0.00,168222,Atom-8_SMAP_H1_1K_SELL,0.01,0.01hrs
15/05/2026 12:00:03,sell,0.50,XAUUSD,4554.20000,15/05/2026 12:01:06,4552.99000,-8.20,0.00,12.10,52.30,52.30,12.10,0.00,0.00,168222,HM189_33353_M30_5K_S,0.02,0.02hrs
15/05/2026 11:18:45,sell,0.01,XAUUSD,4557.39000,15/05/2026 11:30:31,4553.16000,-0.16,0.00,42.30,4.07,4.07,42.30,-2.13,-23.70,168222,Atom-8_SMAP_H1_1K_SELL,0.20,0.20hrs
15/05/2026 11:17:33,sell,0.05,XAUUSD,4554.92000,15/05/2026 11:30:31,4553.44000,-0.82,0.00,14.80,6.58,6.58,14.80,-23.02,-48.40,168222,Atom-8_SMAP_H1_1K_SELL,0.22,0.22hrs
15/05/2026 11:16:48,sell,0.05,XAUUSD,4559.40000,15/05/2026 11:17:31,4554.72000,-0.82,0.00,46.80,22.58,22.58,46.80,0.00,0.00,168222,Atom-8_SMAP_H1_1K_SELL,0.01,0.01hrs
15/05/2026 11:05:26,sell,0.01,XAUUSD,4562.50000,15/05/2026 11:16:42,4559.16000,-0.16,0.00,33.40,3.18,3.18,33.40,-3.49,-33.30,168222,Atom-8_SMAP_H1_1K_SELL,0.19,0.19hrs
15/05/2026 11:04:43,sell,0.05,XAUUSD,4560.06000,15/05/2026 11:16:42,4559.03000,-0.82,0.00,10.30,4.33,4.33,10.30,-29.67,-57.70,168222,Atom-8_SMAP_H1_1K_SELL,0.20,0.20hrs
15/05/2026 11:03:49,sell,0.01,XAUUSD,4562.42000,15/05/2026 11:04:24,4559.71000,-0.16,0.00,27.10,2.55,2.55,27.10,0.00,0.00,168222,Atom-8_SMAP_H1_1K_SELL,0.01,0.01hrs
15/05/2026 11:03:34,sell,0.05,XAUUSD,4560.40000,15/05/2026 11:04:23,4559.71000,-0.82,0.00,6.90,2.63,2.63,6.90,0.00,0.00,168222,Atom-8_SMAP_H1_1K_SELL,0.01,0.01hrs
15/05/2026 11:02:13,sell,0.05,XAUUSD,4563.14000,15/05/2026 11:03:31,4560.31000,-0.82,0.00,28.30,13.33,13.33,28.30,0.00,0.00,168222,Atom-8_SMAP_H1_1K_SELL,0.02,0.02hrs
15/05/2026 11:01:25,sell,0.05,XAUUSD,4565.81000,15/05/2026 11:02:08,4562.72000,-0.82,0.00,30.90,14.63,14.63,30.90,0.00,0.00,168222,Atom-8_SMAP_H1_1K_SELL,0.01,0.01hrs
15/05/2026 10:01:16,sell,0.01,XAUUSD,4570.27000,15/05/2026 11:01:19,4565.96000,-0.16,0.00,43.10,4.15,4.15,43.10,-16.84,-166.80,168222,Atom-8_SMAP_H1_1K_SELL,1.00,1.00hrs
15/05/2026 10:00:33,sell,0.05,XAUUSD,4567.32000,15/05/2026 11:01:19,4566.08000,-0.82,0.00,12.40,5.38,5.38,12.40,-98.97,-196.30,168222,Atom-8_SMAP_H1_1K_SELL,1.01,1.01hrs
15/05/2026 09:00:04,sell,0.05,XAUUSD,4560.54000,15/05/2026 09:00:22,4559.46000,-0.82,0.00,10.80,4.58,4.58,10.80,0.00,0.00,168222,Atom-8_SMAP_H1_1K_SELL,0.01,0.01hrs
15/05/2026 09:00:07,sell,0.50,XAUUSD,4561.08000,15/05/2026 09:00:20,4558.22000,-8.21,0.00,28.60,134.79,134.79,28.60,0.00,0.00,168222,HM189_33353_M30_5K_S,0.00,0.00hrs
15/05/2026 08:11:29,sell,0.05,XAUUSD,4589.76000,15/05/2026 08:18:36,4586.45000,-0.83,0.00,33.10,15.72,15.72,33.10,-15.28,-28.90,168222,Atom-8_SMAP_H1_1K_SELL,0.12,0.12hrs
15/05/2026 08:10:51,sell,0.05,XAUUSD,4591.90000,15/05/2026 08:11:23,4589.44000,-0.83,0.00,24.60,11.47,11.47,24.60,0.00,0.00,168222,Atom-8_SMAP_H1_1K_SELL,0.01,0.01hrs
15/05/2026 08:08:21,sell,0.05,XAUUSD,4595.00000,15/05/2026 08:10:40,4592.52000,-0.83,0.00,24.80,11.57,11.57,24.80,0.00,0.00,168222,Atom-8_SMAP_H1_1K_SELL,0.04,0.04hrs
15/05/2026 08:07:43,sell,0.05,XAUUSD,4597.92000,15/05/2026 08:08:16,4594.99000,-0.83,0.00,29.30,13.82,13.82,29.30,0.00,0.00,168222,Atom-8_SMAP_H1_1K_SELL,0.01,0.01hrs
15/05/2026 08:03:54,sell,0.05,XAUUSD,4599.57000,15/05/2026 08:07:37,4597.36000,-0.83,0.00,22.10,10.22,10.22,22.10,-8.73,-15.80,168222,Atom-8_SMAP_H1_1K_SELL,0.06,0.06hrs
15/05/2026 08:02:41,sell,0.01,XAUUSD,4602.42000,15/05/2026 08:03:49,4599.59000,-0.17,0.00,28.30,2.66,2.66,28.30,0.00,0.00,168222,Atom-8_SMAP_H1_1K_SELL,0.02,0.02hrs
15/05/2026 08:02:10,sell,0.05,XAUUSD,4600.24000,15/05/2026 08:03:49,4599.60000,-0.83,0.00,6.40,2.37,2.37,6.40,0.00,0.00,168222,Atom-8_SMAP_H1_1K_SELL,0.03,0.03hrs
15/05/2026 08:01:10,sell,0.05,XAUUSD,4603.35000,15/05/2026 08:02:07,4600.21000,-0.83,0.00,31.40,14.87,14.87,31.40,0.00,0.00,168222,Atom-8_SMAP_H1_1K_SELL,0.02,0.02hrs
15/05/2026 08:00:11,sell,0.05,XAUUSD,4605.82000,15/05/2026 08:01:06,4602.97000,-0.83,0.00,28.50,13.42,13.42,28.50,0.00,0.00,168222,Atom-8_SMAP_H1_1K_SELL,0.02,0.02hrs
15/05/2026 07:05:57,sell,0.01,XAUUSD,4617.31000,15/05/2026 07:19:37,4615.06000,-0.17,0.00,22.50,2.08,2.08,22.50,-3.51,-33.40,168222,Atom-8_SMAP_H1_1K_SELL,0.23,0.23hrs
15/05/2026 07:00:04,sell,0.05,XAUUSD,4615.26000,15/05/2026 07:19:37,4614.69000,-0.83,0.00,5.70,2.02,2.02,5.70,-27.78,-53.90,168222,Atom-8_SMAP_H1_1K_SELL,0.33,0.33hrs
15/05/2026 05:01:35,sell,0.50,XAUUSD,4610.98000,15/05/2026 05:01:41,4610.88000,-8.30,0.00,1.00,-3.30,0.00,1.00,-3.30,0.00,168222,HM189_33353_M30_5K_S,0.00,0.00hrs
15/05/2026 05:00:59,sell,0.50,XAUUSD,4614.39000,15/05/2026 05:01:30,4610.91000,-8.31,0.00,34.80,165.69,165.69,34.80,0.00,0.00,168222,HM189_33353_M30_5K_S,0.01,0.01hrs
15/05/2026 05:00:57,sell,0.05,XAUUSD,4613.96000,15/05/2026 05:01:30,4611.02000,-0.83,0.00,29.40,13.87,13.87,29.40,0.00,0.00,168222,Atom-8_SMAP_H1_1K_SELL,0.01,0.01hrs
15/05/2026 04:00:31,sell,0.05,XAUUSD,4623.30000,15/05/2026 04:00:48,4627.02000,-0.83,0.00,-37.20,-19.43,0.00,0.00,-19.43,-37.20,168222,Atom-8_SMAP_H1_1K_SELL,0.00,0.00hrs
15/05/2026 04:00:45,sell,0.01,XAUUSD,4626.34000,15/05/2026 04:00:47,4627.16000,-0.17,0.00,-8.20,-0.99,0.00,0.00,-0.99,-8.20,168222,Atom-8_SMAP_H1_1K_SELL,0.00,0.00hrs
15/05/2026 04:00:25,sell,0.05,XAUUSD,4626.12000,15/05/2026 04:00:30,4623.41000,-0.83,0.00,27.10,12.72,12.72,27.10,0.00,0.00,168222,Atom-8_SMAP_H1_1K_SELL,0.00,0.00hrs
15/05/2026 04:00:11,sell,0.05,XAUUSD,4628.75000,15/05/2026 04:00:23,4626.43000,-0.83,0.00,23.20,10.77,10.77,23.20,0.00,0.00,168222,Atom-8_SMAP_H1_1K_SELL,0.00,0.00hrs
14/05/2026 08:08:09,buy,0.01,XAUUSD,4702.41000,14/05/2026 10:27:28,4704.49000,-0.17,0.00,20.80,1.91,1.91,20.80,-15.12,-149.50,168211,HM189_33353_M30_5K_B,2.32,2.32hrs
14/05/2026 08:07:34,buy,0.50,XAUUSD,4704.36000,14/05/2026 10:27:27,4705.54000,-8.47,0.00,11.80,50.53,50.53,11.80,-853.47,-169.00,168211,HM189_33353_M30_5K_B,2.33,2.33hrs
14/05/2026 08:05:14,buy,0.50,XAUUSD,4701.02000,14/05/2026 08:07:24,4703.88000,-8.46,0.00,28.60,134.54,134.54,28.60,0.00,0.00,168211,HM189_33353_M30_5K_B,0.04,0.04hrs
14/05/2026 07:00:06,sell,0.50,XAUUSD,4674.67000,14/05/2026 07:00:40,4670.40000,-8.41,0.00,42.70,205.09,205.09,42.70,0.00,0.00,168222,HM189_33353_M30_5K_S,0.01,0.01hrs
14/05/2026 02:26:49,buy,0.01,XAUUSD,4697.41000,14/05/2026 03:16:42,4700.73000,-0.17,0.00,33.20,3.15,3.15,33.20,-4.92,-47.50,168211,HM189_33353_M30_5K_B,0.83,0.83hrs
14/05/2026 02:00:09,buy,0.50,XAUUSD,4699.83000,14/05/2026 03:16:42,4701.04000,-8.46,0.00,12.10,52.04,62.04,14.10,-366.96,-71.70,168211,HM189_33353_M30_5K_B,1.28,1.28hrs
13/05/2026 06:29:15,sell,0.01,XAUUSD,4700.46000,13/05/2026 06:54:13,4697.14000,-0.17,0.00,33.20,3.15,3.15,33.20,-4.22,-40.50,168222,HM189_33353_M30_5K_S,0.42,0.42hrs
13/05/2026 06:28:33,sell,0.50,XAUUSD,4698.16000,13/05/2026 06:54:13,4697.13000,-8.46,0.00,10.30,43.04,43.04,10.30,-325.96,-63.50,168222,HM189_33353_M30_5K_S,0.43,0.43hrs
13/05/2026 05:28:20,sell,0.50,XAUUSD,4698.00000,13/05/2026 05:28:24,4698.88000,-8.46,0.00,-8.80,-52.46,0.00,0.00,-52.46,-8.80,168222,HM189_33353_M30_5K_S,0.00,0.00hrs
13/05/2026 05:20:06,sell,0.50,XAUUSD,4702.35000,13/05/2026 05:28:14,4698.98000,-8.46,0.00,33.70,160.04,160.04,33.70,-48.96,-8.10,168222,HM189_33353_M30_5K_S,0.14,0.14hrs
13/05/2026 02:24:56,buy,0.05,XAUUSD,4722.62000,13/05/2026 03:04:08,4724.97000,-0.85,0.00,23.50,10.90,10.90,23.50,-34.50,-67.30,168211,Atom-8_SMAP_H1_1K_BUY,0.65,0.65hrs
13/05/2026 02:10:05,buy,0.05,XAUUSD,4719.64000,13/05/2026 02:24:54,4722.64000,-0.85,0.00,30.00,14.15,14.15,30.00,-9.30,-16.90,168211,Atom-8_SMAP_H1_1K_BUY,0.25,0.25hrs
13/05/2026 02:05:36,buy,0.01,XAUUSD,4717.85000,13/05/2026 02:08:19,4720.32000,-0.17,0.00,24.70,2.30,2.30,24.70,0.00,0.00,168211,Atom-8_SMAP_H1_1K_BUY,0.05,0.05hrs
13/05/2026 02:04:20,buy,0.05,XAUUSD,4720.32000,13/05/2026 02:08:19,4720.32000,-0.85,0.00,0.00,-0.85,0.00,0.00,-8.85,-16.00,168211,Atom-8_SMAP_H1_1K_BUY,0.07,0.07hrs
13/05/2026 02:00:11,buy,0.05,XAUUSD,4716.97000,13/05/2026 02:04:09,4720.10000,-0.85,0.00,31.30,14.80,14.80,31.30,0.00,0.00,168211,Atom-8_SMAP_H1_1K_BUY,0.07,0.07hrs
13/05/2026 01:05:09,buy,0.05,XAUUSD,4719.61000,13/05/2026 01:54:09,4722.26000,-0.85,0.00,26.50,12.40,12.40,26.50,-25.60,-49.50,168211,Atom-8_SMAP_H1_1K_BUY,0.82,0.82hrs
12/05/2026 03:33:18,buy,0.01,XAUUSD,4760.74000,12/05/2026 08:08:34,4711.45000,-0.17,0.00,-492.90,-49.46,0.00,0.00,-49.46,-499.40,168211,Atom-8_SMAP_H1_1K_BUY,4.59,4.59hrs
12/05/2026 03:32:01,buy,0.05,XAUUSD,4762.85000,12/05/2026 08:08:34,4711.49000,-0.86,0.00,-513.60,-257.66,0.00,0.00,-257.66,-520.50,168211,Atom-8_SMAP_H1_1K_BUY,4.61,4.61hrs
12/05/2026 08:00:21,sell,0.50,XAUUSD,4711.96000,12/05/2026 08:08:32,4710.87000,-8.48,0.00,10.90,46.02,46.02,10.90,-306.48,-59.60,168222,HM189_33353_M30_5K_S,0.14,0.14hrs
12/05/2026 07:56:53,sell,0.01,XAUUSD,4715.25000,12/05/2026 08:00:12,4711.91000,-0.17,0.00,33.40,3.17,3.17,33.40,0.00,0.00,168222,HM189_33353_M30_5K_S,0.06,0.06hrs
12/05/2026 07:55:42,sell,0.50,XAUUSD,4713.16000,12/05/2026 08:00:12,4711.82000,-8.48,0.00,13.40,58.52,58.52,13.40,-77.48,-13.80,168222,HM189_33353_M30_5K_S,0.07,0.07hrs
12/05/2026 07:05:04,sell,0.01,XAUUSD,4722.78000,12/05/2026 07:48:28,4718.71000,-0.17,0.00,40.70,3.90,3.90,40.70,-7.01,-68.40,168222,HM189_33353_M30_5K_S,0.72,0.72hrs
12/05/2026 07:00:05,sell,0.50,XAUUSD,4720.47000,12/05/2026 07:48:28,4719.21000,-8.50,0.00,12.60,54.50,54.50,12.60,-466.00,-91.50,168222,HM189_33353_M30_5K_S,0.81,0.81hrs
12/05/2026 05:30:53,sell,0.50,XAUUSD,4722.85000,12/05/2026 06:45:56,4719.45000,-8.50,0.00,34.00,161.50,161.50,34.00,-520.00,-102.30,168222,HM189_33353_M30_5K_S,1.25,1.25hrs
12/05/2026 05:06:10,sell,0.50,XAUUSD,4725.34000,12/05/2026 05:30:51,4722.91000,-8.51,0.00,24.30,112.99,112.99,24.30,-148.51,-28.00,168222,HM189_33353_M30_5K_S,0.41,0.41hrs
12/05/2026 05:00:47,sell,0.01,XAUUSD,4730.65000,12/05/2026 05:06:07,4726.05000,-0.17,0.00,46.00,4.43,4.43,46.00,0.00,0.00,168222,HM189_33353_M30_5K_S,0.09,0.09hrs
12/05/2026 05:00:06,sell,0.50,XAUUSD,4727.96000,12/05/2026 05:06:07,4726.19000,-8.51,0.00,17.70,79.99,79.99,17.70,0.00,0.00,168222,HM189_33353_M30_5K_S,0.10,0.10hrs
12/05/2026 02:18:39,buy,0.01,XAUUSD,4752.18000,12/05/2026 02:31:56,4756.52000,-0.17,0.00,43.40,4.17,4.17,43.40,-0.72,-5.50,168211,Atom-8_SMAP_H1_1K_BUY,0.22,0.22hrs
12/05/2026 02:16:17,buy,0.05,XAUUSD,4754.10000,12/05/2026 02:31:56,4756.94000,-0.86,0.00,28.40,13.34,13.34,28.40,-13.21,-24.70,168211,Atom-8_SMAP_H1_1K_BUY,0.26,0.26hrs
12/05/2026 02:16:35,buy,0.50,XAUUSD,4753.18000,12/05/2026 02:31:53,4756.08000,-8.56,0.00,29.00,136.44,136.44,29.00,-86.06,-15.50,168211,HM189_33353_M30_5K_B,0.26,0.26hrs
12/05/2026 02:11:21,buy,0.01,XAUUSD,4749.28000,12/05/2026 02:16:05,4753.36000,-0.17,0.00,40.80,3.91,3.91,40.80,-0.38,-2.10,168211,HM189_33353_M30_5K_B,0.08,0.08hrs
12/05/2026 02:01:13,buy,0.50,XAUUSD,4752.19000,12/05/2026 02:16:05,4753.36000,-8.55,0.00,11.70,49.95,49.95,11.70,-164.55,-31.20,168211,HM189_33353_M30_5K_B,0.25,0.25hrs
12/05/2026 02:11:24,buy,0.01,XAUUSD,4749.21000,12/05/2026 02:15:39,4752.96000,-0.17,0.00,37.50,3.58,3.58,37.50,-0.31,-1.40,168211,Atom-8_SMAP_H1_1K_BUY,0.07,0.07hrs
12/05/2026 02:01:10,buy,0.05,XAUUSD,4751.84000,12/05/2026 02:15:39,4753.25000,-0.86,0.00,14.10,6.19,6.19,14.10,-14.71,-27.70,168211,Atom-8_SMAP_H1_1K_BUY,0.24,0.24hrs
12/05/2026 01:13:45,buy,0.01,XAUUSD,4739.52000,12/05/2026 01:28:06,4741.69000,-0.17,0.00,21.70,2.00,2.00,21.70,-1.32,-11.50,168211,Atom-8_SMAP_H1_1K_BUY,0.24,0.24hrs
12/05/2026 01:05:11,buy,0.05,XAUUSD,4741.18000,12/05/2026 01:28:06,4742.04000,-0.85,0.00,8.60,3.45,3.45,8.60,-14.90,-28.10,168211,Atom-8_SMAP_H1_1K_BUY,0.38,0.38hrs
11/05/2026 19:00:01,buy,0.05,XAUUSD,4732.71000,11/05/2026 22:55:26,4735.96000,-0.85,0.00,32.50,15.40,15.40,32.50,-110.35,-219.00,168211,Atom-8_SMAP_H1_1K_BUY,3.92,3.92hrs
11/05/2026 13:08:10,sell,0.01,XAUUSD,4660.16000,11/05/2026 15:21:22,4680.09000,-0.17,0.00,-199.30,-20.10,0.00,0.00,-20.10,-199.30,168222,HM189_33353_M30_5K_S,2.22,2.22hrs
11/05/2026 13:07:06,sell,0.50,XAUUSD,4657.55000,11/05/2026 15:21:22,4680.08000,-8.38,0.00,-225.30,-1134.88,0.00,0.00,-1134.88,-225.30,168222,HM189_33353_M30_5K_S,2.24,2.24hrs
11/05/2026 13:00:04,sell,0.05,XAUUSD,4657.27000,11/05/2026 15:21:20,4679.23000,-0.84,0.00,-219.60,-110.64,0.00,0.00,-110.64,-219.60,168222,Atom-8_SMAP_H1_1K_SELL,2.35,2.35hrs
11/05/2026 13:01:16,sell,0.01,XAUUSD,4660.03000,11/05/2026 15:21:19,4679.94000,-0.17,0.00,-199.10,-20.08,0.29,4.60,-20.08,-199.10,168222,Atom-8_SMAP_H1_1K_SELL,2.33,2.33hrs
11/05/2026 13:01:26,sell,0.01,XAUUSD,4660.12000,11/05/2026 13:07:04,4657.27000,-0.17,0.00,28.50,2.68,2.68,28.50,0.00,0.00,168222,HM189_33353_M30_5K_S,0.09,0.09hrs
11/05/2026 13:00:09,sell,0.50,XAUUSD,4658.09000,11/05/2026 13:07:04,4657.29000,-8.38,0.00,8.00,31.62,31.62,8.00,-82.38,-14.80,168222,HM189_33353_M30_5K_S,0.12,0.12hrs
11/05/2026 09:00:45,sell,0.01,XAUUSD,4652.50000,11/05/2026 09:38:27,4673.51000,-0.17,0.00,-210.10,-21.18,0.00,0.00,-21.18,-210.10,168222,HM189_33353_M30_5K_S,0.63,0.63hrs
11/05/2026 09:00:27,sell,0.50,XAUUSD,4649.74000,11/05/2026 09:38:27,4673.57000,-8.37,0.00,-238.30,-1199.87,0.00,0.00,-1199.87,-238.30,168222,HM189_33353_M30_5K_S,0.63,0.63hrs
11/05/2026 09:00:48,sell,0.01,XAUUSD,4652.43000,11/05/2026 09:38:24,4673.61000,-0.17,0.00,-211.80,-21.35,0.00,0.00,-21.35,-211.80,168222,Atom-8_SMAP_H1_1K_SELL,0.63,0.63hrs
11/05/2026 09:00:22,sell,0.05,XAUUSD,4649.94000,11/05/2026 09:38:24,4673.33000,-0.84,0.00,-233.90,-117.79,0.00,0.00,-117.79,-233.90,168222,Atom-8_SMAP_H1_1K_SELL,0.63,0.63hrs
11/05/2026 09:00:05,sell,0.50,XAUUSD,4652.43000,11/05/2026 09:00:20,4650.35000,-8.37,0.00,20.80,95.63,95.63,20.80,0.00,0.00,168222,HM189_33353_M30_5K_S,0.00,0.00hrs
11/05/2026 08:43:27,sell,0.05,XAUUSD,4664.01000,11/05/2026 08:45:25,4661.80000,-0.84,0.00,22.10,10.21,10.21,22.10,0.00,0.00,168222,Atom-8_SMAP_H1_1K_SELL,0.03,0.03hrs
11/05/2026 08:43:08,sell,0.05,XAUUSD,4666.64000,11/05/2026 08:43:23,4664.44000,-0.84,0.00,22.00,10.16,10.16,22.00,0.00,0.00,168222,Atom-8_SMAP_H1_1K_SELL,0.00,0.00hrs
11/05/2026 08:28:42,sell,0.05,XAUUSD,4671.89000,11/05/2026 08:43:07,4665.53000,-0.84,0.00,63.60,30.96,30.96,63.60,-34.79,-67.90,168222,Atom-8_SMAP_H1_1K_SELL,0.24,0.24hrs
11/05/2026 08:24:48,sell,0.01,XAUUSD,4675.09000,11/05/2026 08:28:35,4672.24000,-0.17,0.00,28.50,2.68,2.68,28.50,-0.19,-0.20,168222,Atom-8_SMAP_H1_1K_SELL,0.06,0.06hrs
11/05/2026 08:13:05,sell,0.05,XAUUSD,4673.00000,11/05/2026 08:28:35,4672.24000,-0.84,0.00,7.60,2.96,2.96,7.60,-11.39,-21.10,168222,Atom-8_SMAP_H1_1K_SELL,0.26,0.26hrs
11/05/2026 07:10:03,sell,0.50,XAUUSD,4677.61000,11/05/2026 07:13:00,4676.31000,-8.42,0.00,13.00,56.58,56.58,13.00,0.00,0.00,168222,HM189_33353_M30_5K_S,0.05,0.05hrs
11/05/2026 04:02:34,sell,0.05,XAUUSD,4677.43000,11/05/2026 07:03:26,4674.16000,-0.84,0.00,32.70,15.51,15.51,32.70,-134.04,-266.40,168222,Atom-8_SMAP_H1_1K_SELL,3.01,3.01hrs
11/05/2026 04:02:08,sell,0.01,XAUUSD,4680.36000,11/05/2026 04:02:31,4676.01000,-0.17,0.00,43.50,4.18,4.18,43.50,0.00,0.00,168222,Atom-8_SMAP_H1_1K_SELL,0.01,0.01hrs
11/05/2026 04:01:38,sell,0.05,XAUUSD,4677.89000,11/05/2026 04:02:31,4676.01000,-0.84,0.00,18.80,8.56,8.56,18.80,0.00,0.00,168222,Atom-8_SMAP_H1_1K_SELL,0.01,0.01hrs
11/05/2026 04:01:18,sell,0.05,XAUUSD,4679.91000,11/05/2026 04:01:33,4677.50000,-0.84,0.00,24.10,11.21,11.21,24.10,0.00,0.00,168222,Atom-8_SMAP_H1_1K_SELL,0.00,0.00hrs
11/05/2026 04:00:12,sell,0.05,XAUUSD,4682.58000,11/05/2026 04:00:18,4679.88000,-0.84,0.00,27.00,12.66,12.66,27.00,0.00,0.00,168222,Atom-8_SMAP_H1_1K_SELL,0.00,0.00hrs
11/05/2026 03:14:45,sell,0.05,XAUUSD,4681.72000,11/05/2026 03:17:16,4677.01000,-0.84,0.00,47.10,22.71,22.71,47.10,-2.04,-2.40,168222,Atom-8_SMAP_H1_1K_SELL,0.04,0.04hrs
11/05/2026 03:10:54,sell,0.05,XAUUSD,4684.27000,11/05/2026 03:13:22,4682.03000,-0.84,0.00,22.40,10.36,10.36,22.40,0.00,0.00,168222,Atom-8_SMAP_H1_1K_SELL,0.04,0.04hrs
11/05/2026 02:08:23,sell,0.50,XAUUSD,4693.10000,11/05/2026 02:10:50,4692.03000,-8.45,0.00,10.70,45.05,45.05,10.70,0.00,0.00,168222,HM189_33353_M30_5K_S,0.04,0.04hrs
11/05/2026 02:05:24,sell,0.05,XAUUSD,4695.56000,11/05/2026 02:08:42,4692.84000,-0.85,0.00,27.20,12.75,12.75,27.20,0.00,0.00,168222,Atom-8_SMAP_H1_1K_SELL,0.06,0.06hrs
11/05/2026 02:05:27,sell,0.50,XAUUSD,4695.76000,11/05/2026 02:08:21,4693.09000,-8.45,0.00,26.70,125.05,125.05,26.70,0.00,0.00,168222,HM189_33353_M30_5K_S,0.05,0.05hrs
08/05/2026 19:05:58,sell,0.01,XAUUSD,4711.29000,11/05/2026 01:05:20,4686.76000,-0.17,0.35,245.30,24.71,24.71,245.30,-16.30,-161.30,168222,HM189_33353_M30_5K_S,53.99,2.25days
08/05/2026 19:05:04,sell,0.50,XAUUSD,4707.71000,11/05/2026 01:05:20,4686.78000,-8.47,17.51,209.30,1055.54,1055.54,209.30,-993.97,-197.10,168222,HM189_33353_M30_5K_S,54.00,2.25days
08/05/2026 05:03:05,buy,0.50,XAUUSD,4726.56000,08/05/2026 05:03:12,4728.10000,-8.51,0.00,15.40,68.49,68.49,15.40,0.00,0.00,168211,HM189_33353_M30_5K_B,0.00,0.00hrs
08/05/2026 05:01:20,buy,0.50,XAUUSD,4723.02000,08/05/2026 05:03:00,4726.02000,-8.50,0.00,30.00,141.50,141.50,30.00,0.00,0.00,168211,HM189_33353_M30_5K_B,0.03,0.03hrs
08/05/2026 02:00:03,sell,0.50,XAUUSD,4685.35000,08/05/2026 04:01:14,4712.05000,-8.43,0.00,-267.00,-1343.43,0.00,0.00,-1343.43,-267.00,168222,HM189_33353_M30_5K_S,2.02,2.02hrs
08/05/2026 01:44:47,sell,0.05,XAUUSD,4688.48000,08/05/2026 01:45:33,4684.86000,-0.84,0.00,36.20,17.26,17.26,36.20,0.00,0.00,168222,Atom-8_SMAP_H1_1K_SELL,0.01,0.01hrs
08/05/2026 01:34:22,sell,0.05,XAUUSD,4689.15000,08/05/2026 01:44:20,4688.25000,-0.84,0.00,9.00,3.66,3.66,9.00,-0.29,0.00,168222,Atom-8_SMAP_H1_1K_SELL,0.17,0.17hrs
08/05/2026 01:33:41,sell,0.05,XAUUSD,4690.90000,08/05/2026 01:34:19,4688.98000,-0.84,0.00,19.20,8.76,8.76,19.20,0.00,0.00,168222,Atom-8_SMAP_H1_1K_SELL,0.01,0.01hrs
08/05/2026 01:19:01,sell,0.01,XAUUSD,4694.00000,08/05/2026 01:33:38,4691.34000,-0.17,0.00,26.60,2.49,2.49,26.60,-3.42,-32.50,168222,Atom-8_SMAP_H1_1K_SELL,0.24,0.24hrs
08/05/2026 01:17:59,sell,0.05,XAUUSD,4691.95000,08/05/2026 01:33:38,4691.34000,-0.84,0.00,6.10,2.21,7.26,16.20,-27.34,-53.00,168222,Atom-8_SMAP_H1_1K_SELL,0.26,0.26hrs
08/05/2026 01:16:30,sell,0.01,XAUUSD,4695.71000,08/05/2026 01:17:53,4690.87000,-0.17,0.00,48.40,4.67,4.67,48.40,0.00,0.00,168222,Atom-8_SMAP_H1_1K_SELL,0.02,0.02hrs
08/05/2026 01:15:07,sell,0.05,XAUUSD,4691.42000,08/05/2026 01:17:53,4691.15000,-0.84,0.00,2.70,0.51,0.51,2.70,0.00,0.00,168222,Atom-8_SMAP_H1_1K_SELL,0.05,0.05hrs
07/05/2026 20:04:28,sell,0.01,XAUUSD,4717.54000,07/05/2026 20:12:27,4713.64000,-0.17,0.00,39.00,3.73,3.73,39.00,-1.42,-12.50,168222,HM189_33353_M30_5K_S,0.13,0.13hrs
07/05/2026 20:00:08,sell,0.50,XAUUSD,4715.50000,07/05/2026 20:12:27,4713.58000,-8.49,0.00,19.20,87.51,87.51,19.20,-172.99,-32.90,168222,HM189_33353_M30_5K_S,0.21,0.21hrs
07/05/2026 11:00:22,buy,0.05,XAUUSD,4743.78000,07/05/2026 11:01:13,4748.85000,-0.85,0.00,50.70,24.50,24.50,50.70,0.00,0.00,168211,Atom-8_SMAP_H1_1K_BUY,0.01,0.01hrs
07/05/2026 11:01:06,buy,0.50,XAUUSD,4742.95000,07/05/2026 11:01:12,4749.19000,-8.54,0.00,62.40,303.46,303.46,62.40,0.00,0.00,168211,HM189_33353_M30_5K_B,0.00,0.00hrs
07/05/2026 10:00:03,buy,0.50,XAUUSD,4739.49000,07/05/2026 10:00:13,4739.29000,-8.53,0.00,-2.00,-18.53,0.00,0.00,-18.53,-2.00,168211,HM189_33353_M30_5K_B,0.00,0.00hrs
07/05/2026 05:02:00,buy,0.01,XAUUSD,4715.82000,07/05/2026 09:31:26,4719.30000,-0.17,0.00,34.80,3.31,3.31,34.80,-22.40,-222.30,168211,HM189_33353_M30_5K_B,4.49,4.49hrs
07/05/2026 05:00:47,buy,0.50,XAUUSD,4718.03000,07/05/2026 09:31:25,4719.30000,-8.49,0.00,12.70,55.01,55.01,12.70,-1230.49,-244.40,168211,HM189_33353_M30_5K_B,4.51,4.51hrs
07/05/2026 05:00:03,buy,0.50,XAUUSD,4714.92000,07/05/2026 05:00:41,4717.68000,-8.49,0.00,27.60,129.51,129.51,27.60,0.00,0.00,168211,HM189_33353_M30_5K_B,0.01,0.01hrs
06/05/2026 12:55:32,buy,0.50,XAUUSD,4702.23000,06/05/2026 13:00:18,4704.37000,-8.46,0.00,21.40,98.54,98.54,21.40,-62.46,-10.80,168211,HM189_33353_M30_5K_B,0.08,0.08hrs
06/05/2026 12:55:21,buy,0.05,XAUUSD,4702.11000,06/05/2026 13:00:16,4703.57000,-0.85,0.00,14.60,6.45,6.45,14.60,-5.65,-9.60,168211,Atom-8_SMAP_H1_1K_BUY,0.08,0.08hrs
06/05/2026 12:53:01,buy,0.50,XAUUSD,4698.85000,06/05/2026 12:55:20,4701.74000,-8.46,0.00,28.90,136.04,136.04,28.90,0.00,0.00,168211,HM189_33353_M30_5K_B,0.04,0.04hrs
06/05/2026 11:52:21,buy,0.50,XAUUSD,4698.80000,06/05/2026 11:52:47,4700.77000,-8.46,0.00,19.70,90.04,90.04,19.70,0.00,0.00,168211,HM189_33353_M30_5K_B,0.01,0.01hrs
06/05/2026 11:51:41,buy,0.05,XAUUSD,4697.10000,06/05/2026 11:52:40,4699.91000,-0.85,0.00,28.10,13.20,13.20,28.10,0.00,0.00,168211,Atom-8_SMAP_H1_1K_BUY,0.02,0.02hrs
06/05/2026 11:52:01,buy,0.01,XAUUSD,4693.49000,06/05/2026 11:52:17,4697.86000,-0.17,0.00,43.70,4.20,4.20,43.70,0.00,0.00,168211,HM189_33353_M30_5K_B,0.00,0.00hrs
06/05/2026 11:51:44,buy,0.50,XAUUSD,4695.34000,06/05/2026 11:52:16,4697.83000,-8.45,0.00,24.90,116.05,116.05,24.90,0.00,0.00,168211,HM189_33353_M30_5K_B,0.01,0.01hrs
06/05/2026 10:46:32,buy,0.05,XAUUSD,4677.15000,06/05/2026 10:51:28,4677.09000,-0.84,0.00,-0.60,-1.14,0.00,0.00,-15.29,-28.90,168211,Atom-8_SMAP_H1_1K_BUY,0.08,0.08hrs
06/05/2026 10:50:02,buy,0.50,XAUUSD,4675.14000,06/05/2026 10:51:25,4677.82000,-8.42,0.00,26.80,125.58,125.58,26.80,0.00,0.00,168211,HM189_33353_M30_5K_B,0.02,0.02hrs
06/05/2026 10:45:52,buy,0.05,XAUUSD,4673.76000,06/05/2026 10:46:27,4677.24000,-0.84,0.00,34.80,16.56,16.56,34.80,0.00,0.00,168211,Atom-8_SMAP_H1_1K_BUY,0.01,0.01hrs
06/05/2026 10:45:19,buy,0.05,XAUUSD,4670.29000,06/05/2026 10:45:50,4673.74000,-0.84,0.00,34.50,16.41,16.41,34.50,0.00,0.00,168211,Atom-8_SMAP_H1_1K_BUY,0.01,0.01hrs
06/05/2026 10:30:05,buy,0.01,XAUUSD,4667.12000,06/05/2026 10:45:03,4670.72000,-0.17,0.00,36.00,3.43,3.43,36.00,-3.17,-30.00,168211,Atom-8_SMAP_H1_1K_BUY,0.25,0.25hrs
06/05/2026 10:28:13,buy,0.05,XAUUSD,4669.33000,06/05/2026 10:45:03,4670.72000,-0.84,0.00,13.90,6.11,6.11,13.90,-26.89,-52.10,168211,Atom-8_SMAP_H1_1K_BUY,0.28,0.28hrs
06/05/2026 10:11:26,buy,0.01,XAUUSD,4665.35000,06/05/2026 10:28:11,4669.00000,-0.17,0.00,36.50,3.48,3.48,36.50,-6.69,-65.20,168211,HM189_33353_M30_5K_B,0.28,0.28hrs
06/05/2026 10:01:15,buy,0.50,XAUUSD,4667.52000,06/05/2026 10:28:11,4668.94000,-8.40,0.00,14.20,62.60,62.60,14.20,-442.90,-86.90,168211,HM189_33353_M30_5K_B,0.45,0.45hrs
06/05/2026 10:01:36,buy,0.01,XAUUSD,4665.52000,06/05/2026 10:01:55,4669.03000,-0.17,0.00,35.10,3.34,3.34,35.10,0.00,0.00,168211,Atom-8_SMAP_H1_1K_BUY,0.01,0.01hrs
06/05/2026 10:01:13,buy,0.05,XAUUSD,4667.76000,06/05/2026 10:01:54,4668.65000,-0.84,0.00,8.90,3.61,3.61,8.90,0.00,0.00,168211,Atom-8_SMAP_H1_1K_BUY,0.01,0.01hrs
06/05/2026 09:00:04,buy,0.05,XAUUSD,4663.14000,06/05/2026 09:01:08,4664.20000,-0.84,0.00,10.60,4.46,4.46,10.60,0.00,0.00,168211,Atom-8_SMAP_H1_1K_BUY,0.02,0.02hrs
06/05/2026 09:00:09,buy,0.50,XAUUSD,4662.49000,06/05/2026 09:01:03,4665.25000,-8.39,0.00,27.60,129.61,129.61,27.60,0.00,0.00,168211,HM189_33353_M30_5K_B,0.01,0.01hrs
06/05/2026 08:09:38,buy,0.05,XAUUSD,4656.16000,06/05/2026 08:56:32,4660.30000,-0.84,0.00,41.40,19.86,19.86,41.40,-54.34,-107.00,168211,Atom-8_SMAP_H1_1K_BUY,0.78,0.78hrs
06/05/2026 08:04:22,buy,0.05,XAUUSD,4653.18000,06/05/2026 08:09:36,4656.27000,-0.84,0.00,30.90,14.61,14.61,30.90,-11.94,-22.20,168211,Atom-8_SMAP_H1_1K_BUY,0.09,0.09hrs
06/05/2026 07:34:56,buy,0.01,XAUUSD,4649.83000,06/05/2026 08:04:19,4653.41000,-0.17,0.00,35.80,3.41,3.41,35.80,-3.69,-35.20,168211,Atom-8_SMAP_H1_1K_BUY,0.49,0.49hrs
06/05/2026 07:27:58,buy,0.05,XAUUSD,4651.85000,06/05/2026 08:04:18,4653.06000,-0.84,0.00,12.10,5.21,5.21,12.10,-28.54,-55.40,168211,Atom-8_SMAP_H1_1K_BUY,0.61,0.61hrs
06/05/2026 07:27:25,buy,0.05,XAUUSD,4649.42000,06/05/2026 07:27:54,4652.94000,-0.84,0.00,35.20,16.76,16.76,35.20,0.00,0.00,168211,Atom-8_SMAP_H1_1K_BUY,0.01,0.01hrs
06/05/2026 07:07:49,buy,0.05,XAUUSD,4646.87000,06/05/2026 07:27:22,4649.76000,-0.84,0.00,28.90,13.61,13.61,28.90,-5.89,-11.80,168211,Atom-8_SMAP_H1_1K_BUY,0.33,0.33hrs
06/05/2026 07:06:08,buy,0.05,XAUUSD,4644.36000,06/05/2026 07:07:46,4646.76000,-0.84,0.00,24.00,11.16,11.16,24.00,0.00,0.00,168211,Atom-8_SMAP_H1_1K_BUY,0.03,0.03hrs
06/05/2026 06:04:20,buy,0.01,XAUUSD,4640.76000,06/05/2026 06:05:59,4643.17000,-0.17,0.00,24.10,2.24,2.24,24.10,0.00,0.00,168211,HM189_33353_M30_5K_B,0.03,0.03hrs
06/05/2026 06:03:24,buy,0.50,XAUUSD,4642.84000,06/05/2026 06:05:59,4643.17000,-8.36,0.00,3.30,8.14,8.14,3.30,-87.36,-15.80,168211,HM189_33353_M30_5K_B,0.04,0.04hrs
06/05/2026 06:00:04,buy,0.05,XAUUSD,4640.15000,06/05/2026 06:05:59,4642.86000,-0.84,0.00,27.10,12.71,12.71,27.10,0.00,0.00,168211,Atom-8_SMAP_H1_1K_BUY,0.10,0.10hrs
06/05/2026 06:00:07,buy,0.50,XAUUSD,4639.20000,06/05/2026 06:03:21,4642.49000,-8.35,0.00,32.90,156.15,156.15,32.90,0.00,0.00,168211,HM189_33353_M30_5K_B,0.05,0.05hrs
06/05/2026 05:24:52,buy,0.05,XAUUSD,4633.35000,06/05/2026 05:46:08,4637.26000,-0.83,0.00,39.10,18.72,18.72,39.10,-17.73,-33.80,168211,Atom-8_SMAP_H1_1K_BUY,0.35,0.35hrs
06/05/2026 04:24:18,buy,0.05,XAUUSD,4621.47000,06/05/2026 04:24:47,4623.86000,-0.83,0.00,23.90,11.12,11.12,23.90,0.00,0.00,168211,Atom-8_SMAP_H1_1K_BUY,0.01,0.01hrs
06/05/2026 04:24:20,buy,0.50,XAUUSD,4622.19000,06/05/2026 04:24:45,4624.00000,-8.32,0.00,18.10,82.18,82.18,18.10,0.00,0.00,168211,HM189_33353_M30_5K_B,0.01,0.01hrs
06/05/2026 04:22:01,buy,0.01,XAUUSD,4617.91000,06/05/2026 04:24:13,4622.02000,-0.17,0.00,41.10,3.94,3.94,41.10,-0.59,-4.20,168211,Atom-8_SMAP_H1_1K_BUY,0.04,0.04hrs
06/05/2026 04:21:11,buy,0.05,XAUUSD,4619.46000,06/05/2026 04:24:13,4621.95000,-0.83,0.00,24.90,11.62,11.62,24.90,-10.68,-19.70,168211,Atom-8_SMAP_H1_1K_BUY,0.05,0.05hrs
06/05/2026 04:22:13,buy,0.01,XAUUSD,4617.57000,06/05/2026 04:24:12,4621.96000,-0.17,0.00,43.90,4.22,4.22,43.90,-0.25,-0.80,168211,HM189_33353_M30_5K_B,0.03,0.03hrs
06/05/2026 04:21:14,buy,0.50,XAUUSD,4619.61000,06/05/2026 04:24:12,4622.15000,-8.32,0.00,25.40,118.68,118.68,25.40,-114.32,-21.20,168211,HM189_33353_M30_5K_B,0.05,0.05hrs
06/05/2026 03:20:57,buy,0.50,XAUUSD,4598.77000,06/05/2026 03:21:04,4598.69000,-8.28,0.00,-0.80,-12.28,0.00,0.00,-12.28,-0.80,168211,HM189_33353_M30_5K_B,0.00,0.00hrs
06/05/2026 03:01:08,buy,0.50,XAUUSD,4596.21000,06/05/2026 03:20:33,4598.75000,-8.27,0.00,25.40,118.73,118.73,25.40,-324.27,-63.20,168211,HM189_33353_M30_5K_B,0.32,0.32hrs
06/05/2026 03:00:36,buy,0.01,XAUUSD,4592.36000,06/05/2026 03:01:06,4595.90000,-0.17,0.00,35.40,3.37,3.37,35.40,0.00,0.00,168211,HM189_33353_M30_5K_B,0.01,0.01hrs
06/05/2026 03:00:08,buy,0.50,XAUUSD,4594.44000,06/05/2026 03:01:06,4595.72000,-8.27,0.00,12.80,55.73,55.73,12.80,0.00,0.00,168211,HM189_33353_M30_5K_B,0.02,0.02hrs
05/05/2026 12:00:03,buy,0.05,XAUUSD,4558.93000,05/05/2026 14:42:13,4561.13000,-0.82,0.00,22.00,10.18,10.18,22.00,-92.27,-182.90,168211,Atom-8_SMAP_H1_1K_BUY,2.70,2.70hrs
05/05/2026 12:17:01,buy,0.01,XAUUSD,4555.71000,05/05/2026 14:33:45,4557.84000,-0.16,0.00,21.30,1.97,1.97,21.30,-15.23,-150.70,168211,HM189_33353_M30_5K_B,2.28,2.28hrs
05/05/2026 12:15:02,buy,0.50,XAUUSD,4557.60000,05/05/2026 14:33:44,4558.17000,-8.20,0.00,5.70,20.30,20.30,5.70,-856.20,-169.60,168211,HM189_33353_M30_5K_B,2.31,2.31hrs
05/05/2026 09:04:50,buy,0.50,XAUUSD,4545.35000,05/05/2026 09:04:53,4545.65000,-8.18,0.00,3.00,6.82,6.82,3.00,0.00,0.00,168211,HM189_33353_M30_5K_B,0.00,0.00hrs
05/05/2026 05:32:38,buy,0.50,XAUUSD,4543.93000,05/05/2026 05:48:27,4546.68000,-8.18,0.00,27.50,129.32,129.32,27.50,-64.68,-11.30,168211,HM189_33353_M30_5K_B,0.26,0.26hrs
05/05/2026 05:04:39,buy,0.01,XAUUSD,4539.63000,05/05/2026 05:32:37,4543.50000,-0.16,0.00,38.70,3.71,3.71,38.70,0.00,0.00,168211,HM189_33353_M30_5K_B,0.47,0.47hrs
05/05/2026 05:00:04,buy,0.50,XAUUSD,4541.44000,05/05/2026 05:32:36,4543.11000,-8.17,0.00,16.70,75.33,75.33,16.70,0.00,0.00,168211,HM189_33353_M30_5K_B,0.54,0.54hrs
04/05/2026 14:22:04,sell,0.05,XAUUSD,4564.16000,04/05/2026 14:30:09,4561.47000,-0.82,0.00,26.90,12.63,12.63,26.90,-4.32,-7.00,168222,Atom-8_SMAP_H1_1K_SELL,0.13,0.13hrs
04/05/2026 14:15:18,sell,0.01,XAUUSD,4567.92000,04/05/2026 14:22:03,4564.51000,-0.16,0.00,34.10,3.25,3.25,34.10,-1.54,-13.80,168222,Atom-8_SMAP_H1_1K_SELL,0.11,0.11hrs
04/05/2026 14:15:01,sell,0.05,XAUUSD,4565.55000,04/05/2026 14:22:03,4564.32000,-0.82,0.00,12.30,5.33,5.33,12.30,-19.57,-37.50,168222,Atom-8_SMAP_H1_1K_SELL,0.12,0.12hrs
04/05/2026 13:03:43,sell,0.05,XAUUSD,4564.70000,04/05/2026 13:03:54,4558.04000,-0.82,0.00,66.60,32.48,32.48,66.60,0.00,0.00,168222,Atom-8_SMAP_H1_1K_SELL,0.00,0.00hrs
04/05/2026 13:02:24,sell,0.05,XAUUSD,4567.55000,04/05/2026 13:03:42,4564.92000,-0.82,0.00,26.30,12.33,12.33,26.30,0.00,0.00,168222,Atom-8_SMAP_H1_1K_SELL,0.02,0.02hrs
04/05/2026 13:02:04,sell,0.05,XAUUSD,4569.73000,04/05/2026 13:02:20,4566.46000,-0.82,0.00,32.70,15.53,15.53,32.70,0.00,0.00,168222,Atom-8_SMAP_H1_1K_SELL,0.00,0.00hrs
04/05/2026 13:01:38,sell,0.05,XAUUSD,4572.61000,04/05/2026 13:02:00,4569.86000,-0.82,0.00,27.50,12.93,12.93,27.50,0.00,0.00,168222,Atom-8_SMAP_H1_1K_SELL,0.01,0.01hrs
04/05/2026 12:59:13,sell,0.01,XAUUSD,4575.37000,04/05/2026 13:01:36,4572.68000,-0.16,0.00,26.90,2.53,2.53,26.90,0.00,0.00,168222,Atom-8_SMAP_H1_1K_SELL,0.04,0.04hrs
04/05/2026 12:58:12,sell,0.05,XAUUSD,4573.12000,04/05/2026 13:01:36,4572.40000,-0.82,0.00,7.20,2.78,2.78,7.20,-11.27,-20.90,168222,Atom-8_SMAP_H1_1K_SELL,0.06,0.06hrs
04/05/2026 11:17:04,sell,0.50,XAUUSD,4576.42000,04/05/2026 12:58:12,4572.99000,-8.24,0.00,34.30,163.26,163.26,34.30,-378.24,-74.00,168222,HM189_33353_M30_5K_S,1.69,1.69hrs
04/05/2026 11:20:47,sell,0.01,XAUUSD,4577.06000,04/05/2026 11:29:37,4574.73000,-0.16,0.00,23.30,2.17,2.17,23.30,-0.79,-6.30,168222,Atom-8_SMAP_H1_1K_SELL,0.15,0.15hrs
04/05/2026 11:17:00,sell,0.05,XAUUSD,4575.52000,04/05/2026 11:29:37,4574.47000,-0.82,0.00,10.50,4.43,4.43,10.50,-11.67,-21.70,168222,Atom-8_SMAP_H1_1K_SELL,0.21,0.21hrs
04/05/2026 11:09:59,sell,0.01,XAUUSD,4578.95000,04/05/2026 11:17:00,4575.66000,-0.16,0.00,32.90,3.13,3.13,32.90,-1.74,-15.80,168222,HM189_33353_M30_5K_S,0.12,0.12hrs
04/05/2026 11:04:22,sell,0.50,XAUUSD,4576.66000,04/05/2026 11:16:59,4575.71000,-8.24,0.00,9.50,39.26,52.26,12.10,-201.74,-38.70,168222,HM189_33353_M30_5K_S,0.21,0.21hrs
04/05/2026 10:59:53,buy,0.12,XAUUSD,4578.38000,04/05/2026 11:04:48,4575.99000,-1.98,0.00,-23.90,-30.66,1.62,26.80,-30.66,-23.90,168211,Atom-8_SMAP_H1_1K_BUY,0.08,0.08hrs
04/05/2026 10:00:03,buy,0.02,XAUUSD,4588.85000,04/05/2026 11:04:48,4576.03000,-0.33,0.00,-128.20,-25.97,6.91,36.20,-25.97,-128.20,168211,Atom-8_SMAP_H1_1K_BUY,1.08,1.08hrs
04/05/2026 10:59:55,buy,0.12,XAUUSD,4578.63000,04/05/2026 11:04:47,4576.21000,-1.98,0.00,-24.20,-31.02,0.00,24.30,-31.02,-24.20,168211,Atom-8_SMAP_H1_1K_BUY,0.08,0.08hrs
04/05/2026 10:37:09,buy,0.07,XAUUSD,4583.05000,04/05/2026 11:04:47,4575.96000,-1.15,0.00,-70.90,-50.78,25.87,38.60,-50.78,-70.90,168211,Atom-8_SMAP_H1_1K_BUY,0.46,0.46hrs
04/05/2026 10:00:00,buy,0.02,XAUUSD,4587.84000,04/05/2026 11:04:47,4576.04000,-0.33,0.00,-118.00,-23.93,8.93,46.30,-23.93,-118.00,168211,Atom-8_SMAP_H1_1K_BUY,1.08,1.08hrs
01/05/2026 19:18:52,buy,0.01,XAUUSD,4646.81000,04/05/2026 11:04:47,4576.21000,-0.17,0.00,-706.00,-70.77,0.00,0.00,-70.77,-706.00,168211,Atom-8_SMAP_H1_1K_BUY,63.77,2.66days
01/05/2026 19:17:03,buy,0.05,XAUUSD,4648.89000,04/05/2026 11:04:46,4576.03000,-0.84,0.00,-728.60,-365.14,0.00,0.00,-365.14,-728.60,168211,Atom-8_SMAP_H1_1K_BUY,63.80,2.66days
04/05/2026 11:01:05,sell,0.50,XAUUSD,4579.68000,04/05/2026 11:04:20,4576.77000,-8.24,0.00,29.10,137.26,137.26,29.10,-82.24,-14.80,168222,HM189_33353_M30_5K_S,0.05,0.05hrs
04/05/2026 10:00:05,sell,0.50,XAUUSD,4588.27000,04/05/2026 10:28:31,4584.81000,-8.26,0.00,34.60,164.74,164.74,34.60,-223.26,-43.00,168222,HM189_33353_M30_5K_S,0.47,0.47hrs
01/05/2026 19:15:22,buy,0.05,XAUUSD,4645.71000,01/05/2026 19:17:01,4648.75000,-0.84,0.00,30.40,14.36,14.36,30.40,-0.69,0.00,168211,Atom-8_SMAP_H1_1K_BUY,0.03,0.03hrs
01/05/2026 19:07:26,buy,0.01,XAUUSD,4641.92000,01/05/2026 19:15:19,4645.03000,-0.17,0.00,31.10,2.94,2.94,31.10,-2.87,-27.00,168211,HM189_33353_M30_5K_B,0.13,0.13hrs
01/05/2026 19:00:01,buy,0.50,XAUUSD,4643.60000,01/05/2026 19:15:19,4644.98000,-8.36,0.00,13.80,60.64,60.64,13.80,-227.36,-43.80,168211,HM189_33353_M30_5K_B,0.26,0.26hrs
01/05/2026 13:07:54,sell,0.01,XAUUSD,4565.39000,01/05/2026 15:14:35,4589.54000,-0.16,0.00,-241.50,-24.31,0.15,3.10,-24.31,-241.50,168222,HM189_33353_M30_5K_S,2.11,2.11hrs
01/05/2026 13:01:02,sell,0.50,XAUUSD,4563.36000,01/05/2026 15:14:35,4589.74000,-8.21,0.00,-263.80,-1327.21,0.00,0.00,-1327.21,-263.80,168222,HM189_33353_M30_5K_S,2.23,2.23hrs
01/05/2026 12:20:29,sell,0.01,XAUUSD,4569.57000,01/05/2026 12:54:18,4566.24000,-0.16,0.00,33.30,3.17,3.17,33.30,-3.39,-32.30,168222,Atom-8_SMAP_H1_1K_SELL,0.56,0.56hrs
01/05/2026 12:10:52,sell,0.05,XAUUSD,4567.12000,01/05/2026 12:54:18,4566.13000,-0.82,0.00,9.90,4.13,8.88,19.40,-29.22,-56.80,168222,Atom-8_SMAP_H1_1K_SELL,0.72,0.72hrs
01/05/2026 11:10:40,sell,0.50,XAUUSD,4576.14000,01/05/2026 11:15:07,4573.44000,-8.24,0.00,27.00,126.76,126.76,27.00,-31.74,-4.70,168222,HM189_33353_M30_5K_S,0.07,0.07hrs
01/05/2026 11:10:37,sell,0.05,XAUUSD,4575.85000,01/05/2026 11:10:49,4574.44000,-0.82,0.00,14.10,6.23,6.23,14.10,0.00,0.00,168222,Atom-8_SMAP_H1_1K_SELL,0.00,0.00hrs
01/05/2026 11:04:36,sell,0.01,XAUUSD,4580.87000,01/05/2026 11:10:37,4576.24000,-0.16,0.00,46.30,4.47,4.47,46.30,-0.50,-3.40,168222,HM189_33353_M30_5K_S,0.10,0.10hrs
01/05/2026 11:03:51,sell,0.50,XAUUSD,4578.16000,01/05/2026 11:10:36,4576.39000,-8.24,0.00,17.70,80.26,80.26,17.70,-160.74,-30.50,168222,HM189_33353_M30_5K_S,0.11,0.11hrs
01/05/2026 11:04:38,sell,0.01,XAUUSD,4580.70000,01/05/2026 11:10:31,4577.88000,-0.16,0.00,28.20,2.66,2.66,28.20,-0.67,-5.10,168222,Atom-8_SMAP_H1_1K_SELL,0.10,0.10hrs
01/05/2026 11:03:48,sell,0.05,XAUUSD,4578.29000,01/05/2026 11:10:31,4577.91000,-0.82,0.00,3.80,1.08,1.08,3.80,-15.42,-29.20,168222,Atom-8_SMAP_H1_1K_SELL,0.11,0.11hrs
01/05/2026 11:01:37,sell,0.01,XAUUSD,4581.78000,01/05/2026 11:03:47,4578.19000,-0.16,0.00,35.90,3.43,3.43,35.90,0.00,0.00,168222,HM189_33353_M30_5K_S,0.04,0.04hrs
01/05/2026 11:00:15,sell,0.50,XAUUSD,4579.44000,01/05/2026 11:03:46,4578.27000,-8.24,0.00,11.70,50.26,50.26,11.70,0.00,0.00,168222,HM189_33353_M30_5K_S,0.06,0.06hrs
01/05/2026 11:01:28,sell,0.01,XAUUSD,4581.18000,01/05/2026 11:03:44,4577.82000,-0.16,0.00,33.60,3.20,3.20,33.60,0.00,0.00,168222,Atom-8_SMAP_H1_1K_SELL,0.04,0.04hrs
01/05/2026 11:00:01,sell,0.05,XAUUSD,4578.92000,01/05/2026 11:03:44,4577.82000,-0.82,0.00,11.00,4.68,4.68,11.00,-1.42,-1.00,168222,Atom-8_SMAP_H1_1K_SELL,0.06,0.06hrs
01/05/2026 10:33:53,sell,0.05,XAUUSD,4585.20000,01/05/2026 10:48:36,4582.52000,-0.83,0.00,26.80,12.57,12.57,26.80,-20.23,-38.80,168222,Atom-8_SMAP_H1_1K_SELL,0.25,0.25hrs
01/05/2026 10:26:37,sell,0.05,XAUUSD,4588.34000,01/05/2026 10:33:51,4584.95000,-0.83,0.00,33.90,16.12,16.12,33.90,-19.73,-37.80,168222,Atom-8_SMAP_H1_1K_SELL,0.12,0.12hrs
01/05/2026 10:23:53,sell,0.05,XAUUSD,4590.84000,01/05/2026 10:26:26,4588.39000,-0.83,0.00,24.50,11.42,11.42,24.50,0.00,0.00,168222,Atom-8_SMAP_H1_1K_SELL,0.04,0.04hrs
01/05/2026 10:07:06,sell,0.01,XAUUSD,4593.73000,01/05/2026 10:21:56,4590.81000,-0.17,0.00,29.20,2.75,2.75,29.20,-4.29,-41.20,168222,Atom-8_SMAP_H1_1K_SELL,0.25,0.25hrs
01/05/2026 10:06:29,sell,0.05,XAUUSD,4591.47000,01/05/2026 10:21:56,4590.73000,-0.83,0.00,7.40,2.87,2.87,7.40,-32.73,-63.80,168222,Atom-8_SMAP_H1_1K_SELL,0.26,0.26hrs
01/05/2026 10:00:00,sell,0.05,XAUUSD,4594.38000,01/05/2026 10:06:28,4591.50000,-0.83,0.00,28.80,13.57,13.57,28.80,-3.58,-5.50,168222,Atom-8_SMAP_H1_1K_SELL,0.11,0.11hrs
01/05/2026 08:45:39,sell,0.50,XAUUSD,4607.80000,01/05/2026 08:56:08,4605.73000,-8.29,0.00,20.70,95.21,95.21,20.70,-244.29,-47.20,168222,HM189_33353_M30_5K_S,0.17,0.17hrs
01/05/2026 08:06:02,sell,0.01,XAUUSD,4611.84000,01/05/2026 08:45:33,4608.21000,-0.17,0.00,36.30,3.46,3.46,36.30,-3.74,-35.70,168222,HM189_33353_M30_5K_S,0.66,0.66hrs
01/05/2026 08:00:03,sell,0.50,XAUUSD,4609.21000,01/05/2026 08:45:33,4608.22000,-8.30,0.00,9.90,41.20,41.20,9.90,-318.30,-62.00,168222,HM189_33353_M30_5K_S,0.76,0.76hrs
01/05/2026 02:56:58,buy,0.01,XAUUSD,4629.90000,01/05/2026 05:11:40,4633.01000,-0.17,0.00,31.10,2.94,2.94,31.10,-15.30,-151.30,168211,Atom-8_SMAP_H1_1K_BUY,2.25,2.25hrs
01/05/2026 02:27:06,buy,0.05,XAUUSD,4631.98000,01/05/2026 05:11:40,4633.01000,-0.83,0.00,10.30,4.32,6.67,15.00,-86.88,-172.10,168211,Atom-8_SMAP_H1_1K_BUY,2.74,2.74hrs
01/05/2026 02:03:29,buy,0.01,XAUUSD,4628.82000,01/05/2026 02:27:06,4631.84000,-0.17,0.00,30.20,2.85,2.85,30.20,-0.40,-2.30,168211,HM189_33353_M30_5K_B,0.39,0.39hrs
01/05/2026 02:00:01,buy,0.50,XAUUSD,4631.00000,01/05/2026 02:27:05,4631.80000,-8.34,0.00,8.00,31.66,31.66,8.00,-128.84,-24.10,168211,HM189_33353_M30_5K_B,0.45,0.45hrs
30/04/2026 12:30:45,buy,0.05,XAUUSD,4629.29000,30/04/2026 13:17:00,4630.84000,-0.83,0.00,15.50,6.92,6.92,15.50,-51.78,-101.90,168211,Atom-8_SMAP_H1_1K_BUY,0.77,0.77hrs
30/04/2026 13:00:04,buy,0.50,XAUUSD,4625.80000,30/04/2026 13:00:21,4626.82000,-8.33,0.00,10.20,42.67,42.67,10.20,0.00,0.00,168211,HM189_33353_M30_5K_B,0.00,0.00hrs
30/04/2026 12:30:05,buy,0.05,XAUUSD,4626.82000,30/04/2026 12:30:43,4629.70000,-0.83,0.00,28.80,13.57,13.57,28.80,0.00,0.00,168211,Atom-8_SMAP_H1_1K_BUY,0.01,0.01hrs
30/04/2026 12:28:51,buy,0.05,XAUUSD,4624.33000,30/04/2026 12:30:02,4626.86000,-0.83,0.00,25.30,11.82,11.82,25.30,0.00,0.00,168211,Atom-8_SMAP_H1_1K_BUY,0.02,0.02hrs
30/04/2026 11:10:25,buy,0.05,XAUUSD,4620.98000,30/04/2026 12:28:48,4624.51000,-0.83,0.00,35.30,16.82,16.82,35.30,-40.23,-78.80,168211,Atom-8_SMAP_H1_1K_BUY,1.31,1.31hrs
30/04/2026 12:00:03,buy,0.50,XAUUSD,4616.27000,30/04/2026 12:06:04,4619.01000,-8.31,0.00,27.40,128.69,128.69,27.40,-51.31,-8.60,168211,HM189_33353_M30_5K_B,0.10,0.10hrs
30/04/2026 11:08:26,buy,0.01,XAUUSD,4617.79000,30/04/2026 11:10:21,4621.15000,-0.17,0.00,33.60,3.19,3.19,33.60,0.00,0.00,168211,Atom-8_SMAP_H1_1K_BUY,0.03,0.03hrs
30/04/2026 11:08:10,buy,0.05,XAUUSD,4620.03000,30/04/2026 11:10:20,4620.73000,-0.83,0.00,7.00,2.67,2.67,7.00,0.00,0.00,168211,Atom-8_SMAP_H1_1K_BUY,0.04,0.04hrs
30/04/2026 10:08:01,buy,0.50,XAUUSD,4593.30000,30/04/2026 10:43:31,4596.75000,-8.27,0.00,34.50,164.23,164.23,34.50,-383.27,-75.00,168211,HM189_33353_M30_5K_B,0.59,0.59hrs
30/04/2026 10:05:35,buy,0.50,XAUUSD,4590.31000,30/04/2026 10:07:59,4593.28000,-8.26,0.00,29.70,140.24,140.24,29.70,0.00,0.00,168211,HM189_33353_M30_5K_B,0.04,0.04hrs
30/04/2026 10:00:20,buy,0.01,XAUUSD,4587.61000,30/04/2026 10:05:32,4590.94000,-0.17,0.00,33.30,3.16,3.16,33.30,0.00,0.00,168211,HM189_33353_M30_5K_B,0.09,0.09hrs
30/04/2026 10:00:02,buy,0.50,XAUUSD,4589.96000,30/04/2026 10:05:32,4591.21000,-8.26,0.00,12.50,54.24,54.24,12.50,-103.26,-19.00,168211,HM189_33353_M30_5K_B,0.09,0.09hrs
30/04/2026 05:28:25,buy,0.05,XAUUSD,4573.61000,30/04/2026 08:35:08,4563.55000,-0.82,0.00,-100.60,-51.12,3.08,7.80,-161.27,-320.90,168211,Atom-8_SMAP_H1_1K_BUY,3.11,3.11hrs
30/04/2026 05:30:15,buy,0.01,XAUUSD,4571.61000,30/04/2026 08:35:07,4563.70000,-0.16,0.00,-79.10,-8.07,0.00,0.00,-30.25,-300.90,168211,Atom-8_SMAP_H1_1K_BUY,3.08,3.08hrs
30/04/2026 08:00:00,sell,0.50,XAUUSD,4542.04000,30/04/2026 08:35:05,4563.47000,-8.18,0.00,-214.30,-1079.68,0.00,0.00,-1079.68,-214.30,168222,HM189_33353_M30_5K_S,0.58,0.58hrs
30/04/2026 08:00:58,sell,0.01,XAUUSD,4544.37000,30/04/2026 08:35:04,4564.31000,-0.16,0.00,-199.40,-20.10,0.00,0.00,-20.10,-199.40,168222,HM189_33353_M30_5K_S,0.57,0.57hrs
30/04/2026 04:26:31,buy,0.50,XAUUSD,4572.69000,30/04/2026 04:28:15,4575.87000,-8.23,0.00,31.80,150.77,150.77,31.80,0.00,0.00,168211,HM189_33353_M30_5K_B,0.03,0.03hrs
30/04/2026 04:00:17,buy,0.01,XAUUSD,4568.55000,30/04/2026 04:26:29,4572.89000,-0.16,0.00,43.40,4.18,4.18,43.40,-2.52,-23.60,168211,HM189_33353_M30_5K_B,0.44,0.44hrs
30/04/2026 04:00:01,buy,0.50,XAUUSD,4570.75000,30/04/2026 04:26:29,4572.87000,-8.23,0.00,21.20,97.77,97.77,21.20,-236.23,-45.60,168211,HM189_33353_M30_5K_B,0.44,0.44hrs
30/04/2026 02:16:54,buy,0.50,XAUUSD,4554.30000,30/04/2026 02:45:36,4556.05000,-8.20,0.00,17.50,79.30,79.30,17.50,-181.20,-34.60,168211,HM189_33353_M30_5K_B,0.48,0.48hrs
30/04/2026 02:06:02,buy,0.01,XAUUSD,4551.43000,30/04/2026 02:16:47,4554.17000,-0.16,0.00,27.40,2.58,2.58,27.40,-0.58,-4.20,168211,HM189_33353_M30_5K_B,0.18,0.18hrs
30/04/2026 02:05:02,buy,0.50,XAUUSD,4553.10000,30/04/2026 02:16:46,4554.17000,-8.20,0.00,10.70,45.30,45.30,10.70,-112.70,-20.90,168211,HM189_33353_M30_5K_B,0.20,0.20hrs
29/04/2026 13:01:16,sell,0.01,XAUUSD,4558.01000,29/04/2026 15:30:49,4554.55000,-0.16,0.00,34.60,3.30,3.30,34.60,-17.63,-174.70,168222,HM189_33353_M30_5K_S,2.49,2.49hrs
29/04/2026 13:00:02,sell,0.50,XAUUSD,4555.99000,29/04/2026 15:30:49,4554.74000,-8.20,0.00,12.50,54.30,54.30,12.50,-982.70,-194.90,168222,HM189_33353_M30_5K_S,2.51,2.51hrs
29/04/2026 11:06:44,sell,0.50,XAUUSD,4565.33000,29/04/2026 11:34:09,4564.24000,-8.22,0.00,10.90,46.28,46.28,10.90,-236.72,-45.70,168222,HM189_33353_M30_5K_S,0.46,0.46hrs
29/04/2026 11:04:40,sell,0.50,XAUUSD,4568.17000,29/04/2026 11:06:43,4565.65000,-8.22,0.00,25.20,117.78,117.78,25.20,-78.22,-14.00,168222,HM189_33353_M30_5K_S,0.03,0.03hrs
29/04/2026 11:00:36,sell,0.01,XAUUSD,4571.58000,29/04/2026 11:04:39,4568.49000,-0.16,0.00,30.90,2.93,2.93,30.90,0.00,0.00,168222,HM189_33353_M30_5K_S,0.07,0.07hrs
29/04/2026 11:00:01,sell,0.50,XAUUSD,4569.75000,29/04/2026 11:04:39,4568.56000,-8.23,0.00,11.90,51.27,51.27,11.90,0.00,0.00,168222,HM189_33353_M30_5K_S,0.08,0.08hrs
29/04/2026 08:03:40,buy,0.50,XAUUSD,4607.33000,29/04/2026 09:23:56,4581.61000,-8.29,0.00,-257.20,-1294.29,0.00,0.00,-1294.29,-257.20,168211,HM189_33353_M30_5K_B,1.34,1.34hrs
29/04/2026 08:00:52,buy,0.01,XAUUSD,4603.16000,29/04/2026 08:03:37,4607.14000,-0.17,0.00,39.80,3.81,3.81,39.80,0.00,0.00,168211,HM189_33353_M30_5K_B,0.05,0.05hrs
29/04/2026 08:00:01,buy,0.50,XAUUSD,4605.22000,29/04/2026 08:03:37,4607.13000,-8.29,0.00,19.10,87.21,87.21,19.10,0.00,0.00,168211,HM189_33353_M30_5K_B,0.06,0.06hrs
28/04/2026 14:07:29,sell,0.50,XAUUSD,4602.22000,28/04/2026 14:07:38,4601.53000,-8.28,0.00,6.90,26.22,26.22,6.90,0.00,0.00,168222,HM189_33353_M30_5K_S,0.00,0.00hrs
28/04/2026 14:07:25,sell,0.05,XAUUSD,4601.74000,28/04/2026 14:07:36,4601.15000,-0.83,0.00,5.90,2.12,2.12,5.90,0.00,0.00,168222,Atom-8_SMAP_H1_1K_SELL,0.00,0.00hrs
28/04/2026 14:01:39,sell,0.01,XAUUSD,4606.29000,28/04/2026 14:07:25,4601.83000,-0.17,0.00,44.60,4.29,4.29,44.60,-0.58,-4.10,168222,HM189_33353_M30_5K_S,0.10,0.10hrs
28/04/2026 14:00:01,sell,0.50,XAUUSD,4604.04000,28/04/2026 14:07:25,4601.75000,-8.29,0.00,22.90,106.21,106.21,22.90,-141.29,-26.60,168222,HM189_33353_M30_5K_S,0.12,0.12hrs
28/04/2026 13:59:29,sell,0.01,XAUUSD,4605.64000,28/04/2026 14:00:09,4603.01000,-0.17,0.00,26.30,2.46,2.46,26.30,0.00,0.00,168222,Atom-8_SMAP_H1_1K_SELL,0.01,0.01hrs
28/04/2026 13:58:29,sell,0.05,XAUUSD,4603.83000,28/04/2026 14:00:09,4603.02000,-0.83,0.00,8.10,3.22,3.22,8.10,-7.23,-12.80,168222,Atom-8_SMAP_H1_1K_SELL,0.03,0.03hrs
28/04/2026 13:00:28,sell,0.01,XAUUSD,4607.97000,28/04/2026 13:58:29,4603.92000,-0.17,0.00,40.50,3.88,3.88,40.50,-8.00,-78.30,168222,HM189_33353_M30_5K_S,0.97,0.97hrs
28/04/2026 13:00:01,sell,0.50,XAUUSD,4605.22000,28/04/2026 13:58:28,4603.66000,-8.29,0.00,15.60,69.71,69.71,15.60,-537.29,-105.80,168222,HM189_33353_M30_5K_S,0.97,0.97hrs
28/04/2026 10:55:55,sell,0.05,XAUUSD,4622.19000,28/04/2026 11:03:17,4619.23000,-0.83,0.00,29.60,13.97,13.97,29.60,-47.68,-93.70,168222,Atom-8_SMAP_H1_1K_SELL,0.12,0.12hrs
28/04/2026 10:50:56,sell,0.05,XAUUSD,4623.79000,28/04/2026 10:55:52,4621.51000,-0.83,0.00,22.80,10.57,10.57,22.80,-14.63,-27.60,168222,Atom-8_SMAP_H1_1K_SELL,0.08,0.08hrs
28/04/2026 10:26:01,sell,0.05,XAUUSD,4628.33000,28/04/2026 10:50:55,4623.80000,-0.83,0.00,45.30,21.82,21.82,45.30,-35.98,-70.30,168222,Atom-8_SMAP_H1_1K_SELL,0.41,0.41hrs
28/04/2026 10:21:58,sell,0.05,XAUUSD,4630.71000,28/04/2026 10:26:00,4628.21000,-0.83,0.00,25.00,11.67,11.67,25.00,-8.23,-14.80,168222,Atom-8_SMAP_H1_1K_SELL,0.07,0.07hrs
28/04/2026 10:20:11,sell,0.01,XAUUSD,4633.78000,28/04/2026 10:21:57,4631.16000,-0.17,0.00,26.20,2.45,2.45,26.20,0.00,0.00,168222,Atom-8_SMAP_H1_1K_SELL,0.03,0.03hrs
28/04/2026 10:19:15,sell,0.05,XAUUSD,4631.86000,28/04/2026 10:21:57,4631.00000,-0.83,0.00,8.60,3.47,3.47,8.60,0.00,0.00,168222,Atom-8_SMAP_H1_1K_SELL,0.04,0.04hrs
28/04/2026 10:18:30,sell,0.05,XAUUSD,4634.20000,28/04/2026 10:19:13,4631.41000,-0.83,0.00,27.90,13.12,13.12,27.90,0.00,0.00,168222,Atom-8_SMAP_H1_1K_SELL,0.01,0.01hrs
28/04/2026 09:16:07,sell,0.50,XAUUSD,4637.09000,28/04/2026 09:18:27,4634.97000,-8.35,0.00,21.20,97.65,97.65,21.20,0.00,0.00,168222,HM189_33353_M30_5K_S,0.04,0.04hrs
28/04/2026 09:16:40,sell,0.01,XAUUSD,4639.10000,28/04/2026 09:17:54,4635.70000,-0.17,0.00,34.00,3.23,3.23,34.00,0.00,0.00,168222,Atom-8_SMAP_H1_1K_SELL,0.02,0.02hrs
28/04/2026 09:16:03,sell,0.05,XAUUSD,4636.89000,28/04/2026 09:17:54,4636.01000,-0.83,0.00,8.80,3.57,3.57,8.80,0.00,0.00,168222,Atom-8_SMAP_H1_1K_SELL,0.03,0.03hrs
28/04/2026 09:14:53,sell,0.01,XAUUSD,4640.54000,28/04/2026 09:16:03,4637.02000,-0.17,0.00,35.20,3.35,3.35,35.20,0.00,0.00,168222,HM189_33353_M30_5K_S,0.02,0.02hrs
28/04/2026 09:13:34,sell,0.50,XAUUSD,4638.33000,28/04/2026 09:16:03,4637.31000,-8.35,0.00,10.20,42.65,42.65,10.20,-52.35,-8.80,168222,HM189_33353_M30_5K_S,0.04,0.04hrs
28/04/2026 09:14:47,sell,0.01,XAUUSD,4640.31000,28/04/2026 09:15:53,4637.97000,-0.17,0.00,23.40,2.17,2.17,23.40,0.00,0.00,168222,Atom-8_SMAP_H1_1K_SELL,0.02,0.02hrs
28/04/2026 09:13:27,sell,0.05,XAUUSD,4638.45000,28/04/2026 09:15:52,4637.92000,-0.83,0.00,5.30,1.82,1.82,5.30,-4.63,-7.60,168222,Atom-8_SMAP_H1_1K_SELL,0.04,0.04hrs
28/04/2026 09:08:42,sell,0.01,XAUUSD,4642.42000,28/04/2026 09:13:27,4638.49000,-0.17,0.00,39.30,3.76,3.76,39.30,0.00,0.00,168222,HM189_33353_M30_5K_S,0.08,0.08hrs
28/04/2026 09:07:02,sell,0.50,XAUUSD,4639.35000,28/04/2026 09:13:27,4638.38000,-8.35,0.00,9.70,40.15,40.15,9.70,-83.85,-15.10,168222,HM189_33353_M30_5K_S,0.11,0.11hrs
28/04/2026 09:08:35,sell,0.01,XAUUSD,4641.39000,28/04/2026 09:10:22,4638.77000,-0.17,0.00,26.20,2.45,2.45,26.20,0.00,0.00,168222,Atom-8_SMAP_H1_1K_SELL,0.03,0.03hrs
28/04/2026 09:06:59,sell,0.05,XAUUSD,4639.30000,28/04/2026 09:10:22,4638.86000,-0.84,0.00,4.40,1.36,1.36,4.40,-6.14,-10.60,168222,Atom-8_SMAP_H1_1K_SELL,0.06,0.06hrs
28/04/2026 08:03:49,sell,0.05,XAUUSD,4662.19000,28/04/2026 08:06:33,4653.24000,-0.84,0.00,89.50,43.91,43.91,89.50,-6.74,-11.80,168222,Atom-8_SMAP_H1_1K_SELL,0.05,0.05hrs
28/04/2026 08:00:37,sell,0.05,XAUUSD,4664.78000,28/04/2026 08:03:48,4662.12000,-0.84,0.00,26.60,12.46,12.46,26.60,-3.94,-6.20,168222,Atom-8_SMAP_H1_1K_SELL,0.05,0.05hrs
28/04/2026 05:59:17,sell,0.01,XAUUSD,4669.75000,28/04/2026 08:00:36,4665.20000,-0.17,0.00,45.50,4.38,4.38,45.50,-5.71,-55.40,168222,HM189_33353_M30_5K_S,2.02,2.02hrs
28/04/2026 05:57:47,sell,0.50,XAUUSD,4667.73000,28/04/2026 08:00:36,4665.03000,-8.40,0.00,27.00,126.60,126.60,27.00,-386.40,-75.60,168222,HM189_33353_M30_5K_S,2.05,2.05hrs
27/04/2026 18:04:42,sell,0.50,XAUUSD,4668.60000,28/04/2026 04:57:09,4676.40000,-8.40,19.37,-78.00,-379.03,0.00,0.00,-1612.53,-324.70,168222,HM189_33353_M30_5K_S,10.87,10.87hrs
27/04/2026 18:02:31,buy,0.12,XAUUSD,4669.84000,27/04/2026 20:33:56,4685.26000,-2.02,0.00,154.20,183.02,183.02,154.20,-3.10,-0.90,168211,Atom-8_SMAP_H1_1K_BUY,2.52,2.52hrs
27/04/2026 18:02:20,buy,0.04,XAUUSD,4673.86000,27/04/2026 20:33:56,4685.26000,-0.67,0.00,114.00,44.93,44.93,114.00,-17.11,-41.10,168211,Atom-8_SMAP_H1_1K_BUY,2.53,2.53hrs
27/04/2026 18:02:23,buy,0.04,XAUUSD,4674.23000,27/04/2026 20:33:55,4685.09000,-0.67,0.00,108.60,42.77,42.77,108.60,-18.59,-44.80,168211,Atom-8_SMAP_H1_1K_BUY,2.53,2.53hrs
27/04/2026 18:00:00,buy,0.02,XAUUSD,4678.62000,27/04/2026 20:33:55,4685.13000,-0.34,0.00,65.10,12.68,12.68,65.10,-18.08,-88.70,168211,Atom-8_SMAP_H1_1K_BUY,2.57,2.57hrs
27/04/2026 07:49:53,buy,0.01,XAUUSD,4724.38000,27/04/2026 20:33:55,4685.24000,-0.17,0.00,-391.40,-39.31,0.00,0.00,-54.80,-546.30,168211,Atom-8_SMAP_H1_1K_BUY,12.73,12.73hrs
27/04/2026 07:35:01,buy,0.05,XAUUSD,4726.41000,27/04/2026 20:33:54,4685.34000,-0.85,0.00,-410.70,-206.20,3.10,7.90,-284.15,-566.60,168211,Atom-8_SMAP_H1_1K_BUY,12.98,12.98hrs
27/04/2026 18:04:00,sell,0.50,XAUUSD,4671.07000,27/04/2026 18:04:40,4668.38000,-8.41,0.00,26.90,126.09,126.09,26.90,0.00,0.00,168222,HM189_33353_M30_5K_S,0.01,0.01hrs
27/04/2026 18:03:04,sell,0.01,XAUUSD,4674.76000,27/04/2026 18:03:53,4670.83000,-0.17,0.00,39.30,3.76,3.76,39.30,0.00,0.00,168222,HM189_33353_M30_5K_S,0.01,0.01hrs
27/04/2026 18:02:37,sell,0.50,XAUUSD,4672.08000,27/04/2026 18:03:52,4670.79000,-8.41,0.00,12.90,56.09,56.09,12.90,0.00,0.00,168222,HM189_33353_M30_5K_S,0.02,0.02hrs
27/04/2026 18:01:41,sell,0.50,XAUUSD,4675.74000,27/04/2026 18:02:34,4671.13000,-8.42,0.00,46.10,222.08,222.08,46.10,0.00,0.00,168222,HM189_33353_M30_5K_S,0.01,0.01hrs
27/04/2026 18:00:12,sell,0.50,XAUUSD,4678.42000,27/04/2026 18:01:40,4675.92000,-8.42,0.00,25.00,116.58,116.58,25.00,0.00,0.00,168222,HM189_33353_M30_5K_S,0.02,0.02hrs
27/04/2026 06:31:22,buy,0.50,XAUUSD,4719.25000,27/04/2026 06:34:13,4721.04000,-8.49,0.00,17.90,81.01,81.01,17.90,0.00,0.00,168211,HM189_33353_M30_5K_B,0.05,0.05hrs
27/04/2026 06:23:16,buy,0.01,XAUUSD,4716.36000,27/04/2026 06:31:18,4719.57000,-0.17,0.00,32.10,3.04,3.04,32.10,-1.44,-12.70,168211,HM189_33353_M30_5K_B,0.13,0.13hrs
27/04/2026 06:11:39,buy,0.50,XAUUSD,4718.41000,27/04/2026 06:31:18,4719.58000,-8.49,0.00,11.70,50.01,50.01,11.70,-174.49,-33.20,168211,HM189_33353_M30_5K_B,0.33,0.33hrs
27/04/2026 02:39:33,buy,0.04,XAUUSD,4676.66000,27/04/2026 04:01:32,4702.72000,-0.67,0.00,260.60,103.57,103.57,260.60,-7.91,-18.10,168211,Atom-8_SMAP_H1_1K_BUY,1.37,1.37hrs
27/04/2026 02:00:53,buy,0.02,XAUUSD,4680.69000,27/04/2026 04:01:32,4701.85000,-0.34,0.00,211.60,41.98,41.98,211.60,-12.02,-58.40,168211,Atom-8_SMAP_H1_1K_BUY,2.01,2.01hrs
27/04/2026 02:00:00,buy,0.01,XAUUSD,4684.00000,27/04/2026 04:01:32,4702.67000,-0.17,0.00,186.70,18.50,18.50,186.70,-9.32,-91.50,168211,Atom-8_SMAP_H1_1K_BUY,2.03,2.03hrs
24/04/2026 18:45:19,buy,0.05,XAUUSD,4732.77000,27/04/2026 04:01:31,4702.00000,-0.85,-3.67,-307.70,-158.37,0.00,0.00,-294.12,-579.20,168211,Atom-8_SMAP_H1_1K_BUY,57.27,2.39days
24/04/2026 18:45:12,buy,0.05,XAUUSD,4729.68000,24/04/2026 18:45:18,4732.61000,-0.85,0.00,29.30,13.80,13.80,29.30,0.00,0.00,168211,Atom-8_SMAP_H1_1K_BUY,0.00,0.00hrs
24/04/2026 18:44:57,buy,0.05,XAUUSD,4727.73000,24/04/2026 18:45:07,4731.06000,-0.85,0.00,33.30,15.80,15.80,33.30,0.00,0.00,168211,Atom-8_SMAP_H1_1K_BUY,0.00,0.00hrs
24/04/2026 18:01:04,buy,0.01,XAUUSD,4724.61000,24/04/2026 18:44:54,4729.07000,-0.17,0.00,44.60,4.29,4.29,44.60,-6.51,-63.40,168211,Atom-8_SMAP_H1_1K_BUY,0.73,0.73hrs
24/04/2026 18:00:07,buy,0.05,XAUUSD,4726.68000,24/04/2026 18:44:54,4729.12000,-0.85,0.00,24.40,11.35,11.35,24.40,-42.90,-84.10,168211,Atom-8_SMAP_H1_1K_BUY,0.75,0.75hrs
24/04/2026 15:00:02,buy,0.50,XAUUSD,4706.94000,24/04/2026 15:00:09,4707.60000,-8.47,0.00,6.60,24.53,24.53,6.60,0.00,0.00,168211,HM189_33353_M30_5K_B,0.00,0.00hrs
24/04/2026 11:21:01,buy,0.50,XAUUSD,4695.58000,24/04/2026 14:07:28,4698.90000,-8.45,0.00,33.20,157.55,157.55,33.20,-963.95,-191.10,168211,HM189_33353_M30_5K_B,2.77,2.77hrs
24/04/2026 11:00:42,buy,0.01,XAUUSD,4691.51000,24/04/2026 11:21:00,4695.52000,-0.17,0.00,40.10,3.84,3.84,40.10,-3.99,-38.20,168211,HM189_33353_M30_5K_B,0.34,0.34hrs
24/04/2026 11:00:02,buy,0.50,XAUUSD,4693.91000,24/04/2026 11:21:00,4695.52000,-8.45,0.00,16.10,72.05,72.05,16.10,-319.45,-62.20,168211,HM189_33353_M30_5K_B,0.35,0.35hrs
24/04/2026 07:25:16,sell,0.05,XAUUSD,4660.63000,24/04/2026 07:34:36,4661.85000,-0.84,0.00,-12.20,-6.94,1.41,4.50,-7.14,-12.60,168222,Atom-8_SMAP_H1_1K_SELL,0.16,0.16hrs
24/04/2026 07:22:11,sell,0.05,XAUUSD,4664.20000,24/04/2026 07:25:15,4660.10000,-0.84,0.00,41.00,19.66,19.66,41.00,0.00,0.00,168222,Atom-8_SMAP_H1_1K_SELL,0.05,0.05hrs
24/04/2026 07:16:19,sell,0.05,XAUUSD,4668.74000,24/04/2026 07:22:10,4663.45000,-0.84,0.00,52.90,25.61,25.61,52.90,-7.59,-13.50,168222,Atom-8_SMAP_H1_1K_SELL,0.10,0.10hrs
24/04/2026 07:16:22,sell,0.50,XAUUSD,4668.77000,24/04/2026 07:22:08,4665.83000,-8.40,0.00,29.40,138.60,138.60,29.40,-74.40,-13.20,168222,HM189_33353_M30_5K_S,0.10,0.10hrs
24/04/2026 07:08:49,sell,0.01,XAUUSD,4672.24000,24/04/2026 07:16:18,4668.88000,-0.17,0.00,33.60,3.19,3.19,33.60,-1.74,-15.70,168222,HM189_33353_M30_5K_S,0.12,0.12hrs
24/04/2026 07:03:53,sell,0.50,XAUUSD,4670.14000,24/04/2026 07:16:18,4668.56000,-8.41,0.00,15.80,70.59,70.59,15.80,-191.91,-36.70,168222,HM189_33353_M30_5K_S,0.21,0.21hrs
24/04/2026 07:07:38,sell,0.01,XAUUSD,4671.96000,24/04/2026 07:16:09,4669.45000,-0.17,0.00,25.10,2.34,2.34,25.10,-2.02,-18.50,168222,Atom-8_SMAP_H1_1K_SELL,0.14,0.14hrs
24/04/2026 07:03:50,sell,0.05,XAUUSD,4670.06000,24/04/2026 07:16:09,4669.45000,-0.84,0.00,6.10,2.21,2.21,6.10,-19.59,-37.50,168222,Atom-8_SMAP_H1_1K_SELL,0.21,0.21hrs
24/04/2026 06:03:23,sell,0.50,XAUUSD,4674.10000,24/04/2026 06:03:35,4672.88000,-8.41,0.00,12.20,52.59,52.59,12.20,0.00,0.00,168222,HM189_33353_M30_5K_S,0.00,0.00hrs
24/04/2026 06:00:01,sell,0.50,XAUUSD,4676.95000,24/04/2026 06:03:22,4673.72000,-8.42,0.00,32.30,153.08,153.08,32.30,0.00,0.00,168222,HM189_33353_M30_5K_S,0.06,0.06hrs
24/04/2026 01:06:18,sell,0.01,XAUUSD,4697.60000,24/04/2026 01:19:38,4694.47000,-0.17,0.00,31.30,2.96,2.96,31.30,-0.47,-3.00,168222,HM189_33353_M30_5K_S,0.22,0.22hrs
24/04/2026 01:05:22,sell,0.50,XAUUSD,4695.38000,24/04/2026 01:19:38,4694.47000,-8.45,0.00,9.10,37.05,37.05,9.10,-134.45,-25.20,168222,HM189_33353_M30_5K_S,0.24,0.24hrs
24/04/2026 01:05:13,sell,0.05,XAUUSD,4694.89000,24/04/2026 01:19:31,4695.01000,-0.85,0.00,-1.20,-1.45,0.00,0.00,-15.90,-30.10,168222,Atom-8_SMAP_H1_1K_SELL,0.24,0.24hrs
24/04/2026 01:05:37,sell,0.01,XAUUSD,4696.95000,24/04/2026 01:19:30,4695.01000,-0.17,0.00,19.40,1.77,1.77,19.40,-1.12,-9.50,168222,Atom-8_SMAP_H1_1K_SELL,0.23,0.23hrs
23/04/2026 08:30:51,sell,0.05,XAUUSD,4694.07000,23/04/2026 13:10:05,4691.52000,-0.84,0.00,25.50,11.91,11.91,25.50,-143.84,-286.00,168222,Atom-8_SMAP_H1_1K_SELL,4.65,4.65hrs
23/04/2026 13:01:13,sell,0.01,XAUUSD,4700.25000,23/04/2026 13:08:57,4695.23000,-0.17,0.00,50.20,4.85,4.85,50.20,-0.40,-2.30,168222,HM189_33353_M30_5K_S,0.13,0.13hrs
23/04/2026 13:00:06,sell,0.50,XAUUSD,4697.74000,23/04/2026 13:08:57,4695.51000,-8.46,0.00,22.30,103.04,103.04,22.30,-145.46,-27.40,168222,HM189_33353_M30_5K_S,0.15,0.15hrs
23/04/2026 08:30:41,sell,0.05,XAUUSD,4697.61000,23/04/2026 08:30:48,4693.88000,-0.85,0.00,37.30,17.80,17.80,37.30,0.00,0.00,168222,Atom-8_SMAP_H1_1K_SELL,0.00,0.00hrs
23/04/2026 07:46:17,sell,0.05,XAUUSD,4699.99000,23/04/2026 08:30:38,4697.10000,-0.85,0.00,28.90,13.60,13.60,28.90,-48.15,-94.60,168222,Atom-8_SMAP_H1_1K_SELL,0.74,0.74hrs
23/04/2026 07:07:04,sell,0.01,XAUUSD,4703.23000,23/04/2026 07:46:06,4700.27000,-0.17,0.00,29.60,2.79,2.79,29.60,-3.81,-36.40,168222,Atom-8_SMAP_H1_1K_SELL,0.65,0.65hrs
23/04/2026 07:06:04,sell,0.05,XAUUSD,4701.33000,23/04/2026 07:46:05,4700.16000,-0.85,0.00,11.70,5.00,5.00,11.70,-28.55,-55.40,168222,Atom-8_SMAP_H1_1K_SELL,0.67,0.67hrs
23/04/2026 07:00:07,sell,0.05,XAUUSD,4703.76000,23/04/2026 07:06:01,4701.48000,-0.85,0.00,22.80,10.55,10.55,22.80,0.00,0.00,168222,Atom-8_SMAP_H1_1K_SELL,0.10,0.10hrs
23/04/2026 06:00:49,sell,0.01,XAUUSD,4701.80000,23/04/2026 06:10:52,4699.24000,-0.17,0.00,25.60,2.39,2.39,25.60,-5.27,-51.00,168222,HM189_33353_M30_5K_S,0.17,0.17hrs
23/04/2026 06:00:01,sell,0.50,XAUUSD,4699.57000,23/04/2026 06:10:52,4699.21000,-8.46,0.00,3.60,9.54,9.54,3.60,-374.96,-73.30,168222,HM189_33353_M30_5K_S,0.18,0.18hrs
23/04/2026 02:10:13,sell,0.01,XAUUSD,4726.94000,23/04/2026 03:01:03,4723.06000,-0.17,0.00,38.80,3.71,3.71,38.80,-2.19,-20.20,168222,HM189_33353_M30_5K_S,0.85,0.85hrs
23/04/2026 02:05:08,sell,0.50,XAUUSD,4724.82000,23/04/2026 03:01:03,4722.71000,-8.50,0.00,21.10,97.00,97.00,21.10,-215.50,-41.40,168222,HM189_33353_M30_5K_S,0.93,0.93hrs
22/04/2026 19:30:00,sell,0.50,XAUUSD,4727.05000,22/04/2026 19:30:30,4724.51000,-8.51,0.00,25.40,118.49,118.49,25.40,0.00,0.00,168222,HM189_33353_M30_5K_S,0.01,0.01hrs
22/04/2026 10:11:22,buy,0.01,XAUUSD,4767.57000,22/04/2026 15:41:49,4745.90000,-0.17,0.00,-216.70,-21.84,0.00,0.00,-21.84,-216.70,168211,HM189_33353_M30_5K_B,5.51,5.51hrs
22/04/2026 10:10:01,buy,0.50,XAUUSD,4769.65000,22/04/2026 15:41:49,4745.98000,-8.59,0.00,-236.70,-1192.09,0.00,0.00,-1192.09,-236.70,168211,HM189_33353_M30_5K_B,5.53,5.53hrs
22/04/2026 10:06:29,buy,0.05,XAUUSD,4770.68000,22/04/2026 13:13:07,4746.76000,-0.86,0.00,-239.20,-120.46,0.00,0.00,-120.46,-239.20,168211,Atom-8_SMAP_H1_1K_BUY,3.11,3.11hrs
22/04/2026 10:10:39,buy,0.01,XAUUSD,4768.70000,22/04/2026 13:13:06,4746.76000,-0.17,0.00,-219.40,-22.11,0.00,0.00,-22.11,-219.40,168211,Atom-8_SMAP_H1_1K_BUY,3.04,3.04hrs
22/04/2026 10:00:25,buy,0.05,XAUUSD,4767.90000,22/04/2026 10:06:28,4770.91000,-0.86,0.00,30.10,14.19,14.19,30.10,0.00,0.00,168211,Atom-8_SMAP_H1_1K_BUY,0.10,0.10hrs
22/04/2026 09:00:15,buy,0.01,XAUUSD,4764.52000,22/04/2026 10:00:25,4767.80000,-0.17,0.00,32.80,3.11,3.11,32.80,-3.96,-37.90,168211,HM189_33353_M30_5K_B,1.00,1.00hrs
22/04/2026 09:00:06,buy,0.50,XAUUSD,4766.82000,22/04/2026 10:00:25,4767.83000,-8.58,0.00,10.10,41.92,41.92,10.10,-313.08,-60.90,168211,HM189_33353_M30_5K_B,1.01,1.01hrs
22/04/2026 09:00:12,buy,0.01,XAUUSD,4764.47000,22/04/2026 09:30:35,4767.48000,-0.17,0.00,30.10,2.84,2.84,30.10,-3.91,-37.40,168211,Atom-8_SMAP_H1_1K_BUY,0.51,0.51hrs
22/04/2026 09:00:03,buy,0.05,XAUUSD,4767.02000,22/04/2026 09:30:35,4767.57000,-0.86,0.00,5.50,1.89,1.89,5.50,-32.31,-62.90,168211,Atom-8_SMAP_H1_1K_BUY,0.51,0.51hrs
22/04/2026 07:48:43,buy,0.05,XAUUSD,4759.55000,22/04/2026 08:16:18,4761.66000,-0.86,0.00,21.10,9.69,9.69,21.10,-37.71,-73.70,168211,Atom-8_SMAP_H1_1K_BUY,0.46,0.46hrs
22/04/2026 07:17:38,buy,0.01,XAUUSD,4756.35000,22/04/2026 07:48:37,4759.01000,-0.17,0.00,26.60,2.49,2.49,26.60,-2.96,-27.90,168211,Atom-8_SMAP_H1_1K_BUY,0.52,0.52hrs
22/04/2026 07:00:03,buy,0.05,XAUUSD,4758.47000,22/04/2026 07:48:37,4759.31000,-0.86,0.00,8.40,3.34,3.34,8.40,-25.41,-49.10,168211,Atom-8_SMAP_H1_1K_BUY,0.81,0.81hrs
22/04/2026 05:03:01,buy,0.01,XAUUSD,4750.65000,22/04/2026 05:10:03,4753.69000,-0.17,0.00,30.40,2.87,2.87,30.40,0.00,0.00,168211,HM189_33353_M30_5K_B,0.12,0.12hrs
22/04/2026 05:00:12,buy,0.50,XAUUSD,4752.81000,22/04/2026 05:10:03,4753.69000,-8.56,0.00,8.80,35.44,35.44,8.80,-10.06,-0.30,168211,HM189_33353_M30_5K_B,0.16,0.16hrs
21/04/2026 19:05:01,sell,0.50,XAUUSD,4739.99000,21/04/2026 19:07:10,4738.95000,-8.53,0.00,10.40,43.47,43.47,10.40,0.00,0.00,168222,HM189_33353_M30_5K_S,0.04,0.04hrs
21/04/2026 19:01:31,sell,0.05,XAUUSD,4742.65000,21/04/2026 19:05:06,4739.54000,-0.85,0.00,31.10,14.70,14.70,31.10,0.00,0.00,168222,Atom-8_SMAP_H1_1K_SELL,0.06,0.06hrs
21/04/2026 19:00:25,sell,0.01,XAUUSD,4744.63000,21/04/2026 19:01:29,4741.93000,-0.17,0.00,27.00,2.53,2.53,27.00,0.00,0.00,168222,Atom-8_SMAP_H1_1K_SELL,0.02,0.02hrs
21/04/2026 19:00:00,sell,0.05,XAUUSD,4742.53000,21/04/2026 19:01:29,4741.53000,-0.85,0.00,10.00,4.15,4.15,10.00,0.00,0.00,168222,Atom-8_SMAP_H1_1K_SELL,0.02,0.02hrs
21/04/2026 18:00:01,sell,0.50,XAUUSD,4739.17000,21/04/2026 18:00:34,4736.68000,-8.53,0.00,24.90,115.97,115.97,24.90,0.00,0.00,168222,HM189_33353_M30_5K_S,0.01,0.01hrs
20/04/2026 03:18:52,sell,0.01,XAUUSD,4757.27000,21/04/2026 17:40:21,4752.24000,-0.17,0.39,50.30,5.25,5.25,50.30,-75.12,-753.40,168222,Atom-8_SMAP_H1_1K_SELL,38.36,1.60days
20/04/2026 03:16:58,sell,0.05,XAUUSD,4754.71000,21/04/2026 17:40:21,4752.18000,-0.86,1.94,25.30,13.73,13.73,25.30,-388.42,-779.00,168222,Atom-8_SMAP_H1_1K_SELL,38.39,1.60days
20/04/2026 15:21:09,buy,0.50,XAUUSD,4820.57000,20/04/2026 16:29:28,4823.10000,-8.68,0.00,25.30,117.82,117.82,25.30,-924.18,-183.10,168211,HM189_33353_M30_5K_B,1.14,1.14hrs
20/04/2026 15:20:22,buy,0.50,XAUUSD,4817.75000,20/04/2026 15:21:07,4820.44000,-8.67,0.00,26.90,125.83,125.83,26.90,0.00,0.00,168211,HM189_33353_M30_5K_B,0.01,0.01hrs
20/04/2026 15:20:01,buy,0.50,XAUUSD,4815.32000,20/04/2026 15:20:20,4817.84000,-8.67,0.00,25.20,117.33,117.33,25.20,0.00,0.00,168211,HM189_33353_M30_5K_B,0.01,0.01hrs
20/04/2026 03:28:51,sell,0.01,XAUUSD,4764.22000,20/04/2026 03:36:14,4761.99000,-0.17,0.00,22.30,2.06,2.06,22.30,-3.80,-36.30,168222,HM189_33353_M30_5K_S,0.12,0.12hrs
20/04/2026 03:25:01,sell,0.50,XAUUSD,4762.56000,20/04/2026 03:36:13,4761.98000,-8.57,0.00,5.80,20.43,20.43,5.80,-273.07,-52.90,168222,HM189_33353_M30_5K_S,0.19,0.19hrs
20/04/2026 02:06:38,sell,0.01,XAUUSD,4774.27000,20/04/2026 02:16:46,4771.56000,-0.17,0.00,27.10,2.54,2.54,27.10,-4.68,-45.10,168222,Atom-8_SMAP_H1_1K_SELL,0.17,0.17hrs
20/04/2026 02:06:24,sell,0.05,XAUUSD,4772.25000,20/04/2026 02:16:45,4771.92000,-0.86,0.00,3.30,0.79,0.79,3.30,-33.51,-65.30,168222,Atom-8_SMAP_H1_1K_SELL,0.17,0.17hrs
20/04/2026 02:06:32,sell,0.50,XAUUSD,4772.95000,20/04/2026 02:16:43,4771.65000,-8.59,0.00,13.00,56.41,56.41,13.00,-300.09,-58.30,168222,HM189_33353_M30_5K_S,0.17,0.17hrs
20/04/2026 01:05:35,sell,0.50,XAUUSD,4775.17000,20/04/2026 02:06:23,4772.40000,-8.60,0.00,27.70,129.90,129.90,27.70,-872.60,-172.80,168222,HM189_33353_M30_5K_S,1.01,1.01hrs
17/04/2026 16:06:39,buy,0.50,XAUUSD,4850.05000,17/04/2026 16:07:41,4852.98000,-8.73,0.00,29.30,137.77,137.77,29.30,0.00,0.00,168211,HM189_33353_M30_5K_B,0.02,0.02hrs
17/04/2026 16:00:05,buy,0.01,XAUUSD,4843.63000,17/04/2026 16:06:38,4850.37000,-0.17,0.00,67.40,6.57,6.57,67.40,-3.26,-30.90,168211,HM189_33353_M30_5K_B,0.11,0.11hrs
17/04/2026 16:00:02,buy,0.50,XAUUSD,4846.51000,17/04/2026 16:06:37,4850.53000,-8.72,0.00,40.20,192.28,192.28,40.20,-307.22,-59.70,168211,HM189_33353_M30_5K_B,0.11,0.11hrs
17/04/2026 08:09:29,buy,0.50,XAUUSD,4804.80000,17/04/2026 10:50:19,4778.93000,-8.65,0.00,-258.70,-1302.15,0.00,0.10,-1302.15,-258.70,168211,HM189_33353_M30_5K_B,2.68,2.68hrs
17/04/2026 08:04:11,buy,0.01,XAUUSD,4801.61000,17/04/2026 08:09:05,4804.55000,-0.17,0.00,29.40,2.77,2.77,29.40,-1.08,-9.10,168211,HM189_33353_M30_5K_B,0.08,0.08hrs
17/04/2026 08:00:02,buy,0.50,XAUUSD,4803.66000,17/04/2026 08:09:04,4804.54000,-8.65,0.00,8.80,35.35,35.35,8.80,-156.65,-29.60,168211,HM189_33353_M30_5K_B,0.15,0.15hrs
16/04/2026 18:00:34,sell,0.01,XAUUSD,4790.96000,16/04/2026 19:33:49,4787.33000,-0.17,0.00,36.30,3.46,3.46,36.30,-20.69,-205.20,168222,HM189_33353_M30_5K_S,1.55,1.55hrs
16/04/2026 18:00:02,sell,0.50,XAUUSD,4788.88000,16/04/2026 19:33:49,4787.77000,-8.62,0.00,11.10,46.88,46.88,11.10,-1138.62,-226.00,168222,HM189_33353_M30_5K_S,1.56,1.56hrs
16/04/2026 08:21:19,buy,0.01,XAUUSD,4834.22000,16/04/2026 11:05:03,4810.66000,-0.17,0.00,-235.60,-23.73,0.00,1.00,-23.73,-235.60,168211,HM189_33353_M30_5K_B,2.73,2.73hrs
16/04/2026 08:04:45,buy,0.50,XAUUSD,4836.05000,16/04/2026 11:05:03,4810.65000,-8.70,0.00,-254.00,-1278.70,0.00,0.00,-1278.70,-254.00,168211,HM189_33353_M30_5K_B,3.00,3.00hrs
16/04/2026 08:01:11,buy,0.05,XAUUSD,4833.60000,16/04/2026 08:05:00,4836.20000,-0.87,0.00,26.00,12.13,12.13,26.00,0.00,0.00,168211,Atom-8_SMAP_H1_1K_BUY,0.06,0.06hrs
16/04/2026 08:01:14,buy,0.50,XAUUSD,4833.32000,16/04/2026 08:04:26,4836.01000,-8.70,0.00,26.90,125.80,125.80,26.90,0.00,0.00,168211,HM189_33353_M30_5K_B,0.05,0.05hrs
16/04/2026 04:00:01,buy,0.05,XAUUSD,4831.81000,16/04/2026 04:00:11,4831.71000,-0.87,0.00,-1.00,-1.37,0.00,0.00,-1.37,-1.00,168211,Atom-8_SMAP_H1_1K_BUY,0.00,0.00hrs
16/04/2026 04:00:04,buy,0.50,XAUUSD,4829.55000,16/04/2026 04:00:10,4831.36000,-8.69,0.00,18.10,81.81,81.81,18.10,0.00,0.00,168211,HM189_33353_M30_5K_B,0.00,0.00hrs
16/04/2026 02:11:15,buy,0.50,XAUUSD,4810.50000,16/04/2026 02:14:56,4813.18000,-8.66,0.00,26.80,125.34,125.34,26.80,0.00,0.00,168211,HM189_33353_M30_5K_B,0.06,0.06hrs
16/04/2026 01:08:56,sell,0.50,XAUUSD,4795.62000,16/04/2026 01:11:09,4794.42000,-8.63,0.00,12.00,51.37,51.37,12.00,-2.63,0.00,168222,HM189_33353_M30_5K_S,0.04,0.04hrs
16/04/2026 01:05:11,sell,0.05,XAUUSD,4797.85000,16/04/2026 01:08:56,4795.85000,-0.86,0.00,20.00,9.14,9.14,20.00,0.00,0.00,168222,Atom-8_SMAP_H1_1K_SELL,0.06,0.06hrs
16/04/2026 01:05:48,sell,0.50,XAUUSD,4798.58000,16/04/2026 01:08:54,4795.42000,-8.64,0.00,31.60,149.36,149.36,31.60,0.00,0.00,168222,HM189_33353_M30_5K_S,0.05,0.05hrs
15/04/2026 10:07:45,sell,0.50,XAUUSD,4807.19000,15/04/2026 10:07:49,4807.46000,-8.65,0.00,-2.70,-22.15,0.00,0.00,-22.15,-2.70,168222,HM189_33353_M30_5K_S,0.00,0.00hrs
15/04/2026 10:05:01,sell,0.50,XAUUSD,4809.77000,15/04/2026 10:07:45,4806.93000,-8.66,0.00,28.40,133.34,133.34,28.40,0.00,0.00,168222,HM189_33353_M30_5K_S,0.05,0.05hrs
15/04/2026 06:45:39,sell,0.01,XAUUSD,4828.95000,15/04/2026 06:58:26,4825.69000,-0.17,0.00,32.60,3.09,3.09,32.60,-0.11,0.00,168222,HM189_33353_M30_5K_S,0.21,0.21hrs
15/04/2026 06:30:02,sell,0.50,XAUUSD,4826.90000,15/04/2026 06:58:26,4825.74000,-8.69,0.00,11.60,49.31,49.31,11.60,-108.19,-19.90,168222,HM189_33353_M30_5K_S,0.47,0.47hrs
15/04/2026 01:06:54,buy,0.01,XAUUSD,4847.70000,15/04/2026 04:12:02,4850.76000,-0.17,0.00,30.60,2.89,2.89,30.60,-18.68,-185.10,168211,Atom-8_SMAP_H1_1K_BUY,3.09,3.09hrs
15/04/2026 01:05:05,buy,0.05,XAUUSD,4849.59000,15/04/2026 04:12:02,4850.97000,-0.87,0.00,13.80,6.03,6.03,13.80,-102.87,-204.00,168211,Atom-8_SMAP_H1_1K_BUY,3.12,3.12hrs
14/04/2026 06:00:58,buy,0.01,XAUUSD,4772.92000,14/04/2026 07:26:31,4775.68000,-0.17,0.00,27.60,2.59,2.59,27.60,-6.32,-61.50,168211,Atom-8_SMAP_H1_1K_BUY,1.43,1.43hrs
14/04/2026 06:00:02,buy,0.05,XAUUSD,4775.00000,14/04/2026 07:26:31,4775.69000,-0.86,0.00,6.90,2.59,2.59,6.90,-42.01,-82.30,168211,Atom-8_SMAP_H1_1K_BUY,1.44,1.44hrs
14/04/2026 04:05:56,buy,0.50,XAUUSD,4771.39000,14/04/2026 04:07:10,4774.74000,-8.59,0.00,33.50,158.91,158.91,33.50,0.00,0.00,168211,HM189_33353_M30_5K_B,0.02,0.02hrs
14/04/2026 04:05:32,buy,0.05,XAUUSD,4771.64000,14/04/2026 04:07:09,4774.43000,-0.86,0.00,27.90,13.09,13.09,27.90,0.00,0.00,168211,Atom-8_SMAP_H1_1K_BUY,0.03,0.03hrs
14/04/2026 04:00:04,buy,0.01,XAUUSD,4767.88000,14/04/2026 04:05:32,4771.52000,-0.17,0.00,36.40,3.47,3.47,36.40,0.00,0.00,168211,HM189_33353_M30_5K_B,0.09,0.09hrs
14/04/2026 04:00:01,buy,0.50,XAUUSD,4770.20000,14/04/2026 04:05:32,4771.54000,-8.59,0.00,13.40,58.41,58.41,13.40,-83.59,-15.00,168211,HM189_33353_M30_5K_B,0.09,0.09hrs
14/04/2026 02:38:04,buy,0.50,XAUUSD,4758.26000,14/04/2026 02:38:43,4759.63000,-8.56,0.00,13.70,59.94,59.94,13.70,0.00,0.00,168211,HM189_33353_M30_5K_B,0.01,0.01hrs
14/04/2026 02:29:14,buy,0.01,XAUUSD,4755.25000,14/04/2026 02:38:33,4759.53000,-0.17,0.00,42.80,4.11,4.11,42.80,-0.24,-0.70,168211,Atom-8_SMAP_H1_1K_BUY,0.16,0.16hrs
14/04/2026 02:21:41,buy,0.05,XAUUSD,4758.33000,14/04/2026 02:38:33,4759.83000,-0.86,0.00,15.00,6.64,6.64,15.00,-16.61,-31.50,168211,Atom-8_SMAP_H1_1K_BUY,0.28,0.28hrs
14/04/2026 02:35:04,buy,0.50,XAUUSD,4755.63000,14/04/2026 02:38:00,4758.33000,-8.56,0.00,27.00,126.44,126.44,27.00,0.00,0.00,168211,HM189_33353_M30_5K_B,0.05,0.05hrs
﻿13/04/2026 03:45:15,sell,0.01,XAUUSD,4680.82000,13/04/2026 10:02:00,4734.94000,-0.17,0.00,-541.20,-54.29,0.00,0.00,-54.29,-541.20,168222,Atom-8_SMAP_H1_1K_SELL,6.28,6.28hrs
13/04/2026 03:45:01,sell,0.05,XAUUSD,4678.30000,13/04/2026 10:02:00,4734.93000,-0.84,0.00,-566.30,-283.99,0.00,0.00,-283.99,-566.30,168222,Atom-8_SMAP_H1_1K_SELL,6.28,6.28hrs
13/04/2026 09:32:35,buy,0.01,XAUUSD,4729.46000,13/04/2026 10:01:45,4733.09000,-0.17,0.00,36.30,3.46,3.46,36.30,-8.34,-81.70,168211,HM189_33353_M30_5K_B,0.49,0.49hrs
13/04/2026 09:30:02,buy,0.50,XAUUSD,4731.69000,13/04/2026 10:01:45,4733.09000,-8.52,0.00,14.00,61.48,61.48,14.00,-528.52,-104.00,168211,HM189_33353_M30_5K_B,0.53,0.53hrs
13/04/2026 09:22:37,buy,0.01,XAUUSD,4725.75000,13/04/2026 09:27:42,4728.85000,-0.17,0.00,31.00,2.93,2.93,31.00,0.00,0.00,168211,HM189_33353_M30_5K_B,0.08,0.08hrs
13/04/2026 09:20:06,buy,0.50,XAUUSD,4727.89000,13/04/2026 09:27:42,4728.80000,-8.51,0.00,9.10,36.99,36.99,9.10,-5.51,-17.20,168211,HM189_33353_M30_5K_B,0.13,0.13hrs
13/04/2026 05:31:17,buy,0.50,XAUUSD,4726.14000,13/04/2026 08:57:08,4728.64000,-8.51,0.00,25.00,116.49,116.49,25.00,-806.51,-159.60,168211,HM189_33353_M30_5K_B,3.43,3.43hrs
13/04/2026 05:08:38,buy,0.50,XAUUSD,4723.49000,13/04/2026 05:31:16,4725.99000,-8.50,0.00,25.00,116.50,116.50,25.00,-177.00,-33.70,168211,HM189_33353_M30_5K_B,0.38,0.38hrs
13/04/2026 05:06:00,buy,0.01,XAUUSD,4719.91000,13/04/2026 05:08:36,4724.03000,-0.17,0.00,41.20,3.95,3.95,41.20,0.00,0.00,168211,HM189_33353_M30_5K_B,0.04,0.04hrs
13/04/2026 05:04:58,buy,0.50,XAUUSD,4722.66000,13/04/2026 05:08:36,4724.12000,-8.50,0.00,14.60,64.50,64.50,14.60,-74.50,-13.20,168211,HM189_33353_M30_5K_B,0.06,0.06hrs
13/04/2026 05:01:24,buy,0.50,XAUUSD,4720.21000,13/04/2026 05:04:49,4722.77000,-8.50,0.00,25.60,119.50,119.50,25.60,0.00,0.00,168211,HM189_33353_M30_5K_B,0.06,0.06hrs
13/04/2026 02:06:12,sell,0.50,XAUUSD,4657.30000,13/04/2026 02:08:14,4654.73000,-8.38,0.00,25.70,120.12,120.12,25.70,0.00,0.00,168222,HM189_33353_M30_5K_S,0.03,0.03hrs
13/04/2026 02:06:02,sell,0.05,XAUUSD,4656.50000,13/04/2026 02:07:50,4656.75000,-0.84,0.00,-2.50,-2.09,0.00,0.00,-2.09,-2.50,168222,Atom-8_SMAP_H1_1K_SELL,0.03,0.03hrs
13/04/2026 02:01:21,sell,0.05,XAUUSD,4659.48000,13/04/2026 02:05:59,4656.89000,-0.84,0.00,25.90,12.11,12.11,25.90,0.00,0.00,168222,Atom-8_SMAP_H1_1K_SELL,0.08,0.08hrs
13/04/2026 02:01:24,sell,0.50,XAUUSD,4659.96000,13/04/2026 02:05:54,4657.41000,-8.39,0.00,25.50,119.11,119.11,25.50,0.00,0.00,168222,HM189_33353_M30_5K_S,0.07,0.07hrs
13/04/2026 01:10:47,sell,0.01,XAUUSD,4675.69000,13/04/2026 01:20:22,4670.06000,-0.17,0.00,56.30,5.46,5.46,56.30,-6.35,-61.80,168222,HM189_33353_M30_5K_S,0.16,0.16hrs
13/04/2026 01:08:54,sell,0.50,XAUUSD,4670.76000,13/04/2026 01:20:21,4669.98000,-8.41,0.00,7.80,30.59,30.59,7.80,-563.91,-111.10,168222,HM189_33353_M30_5K_S,0.19,0.19hrs
10/04/2026 12:02:09,sell,0.01,XAUUSD,4744.51000,10/04/2026 14:44:42,4765.40000,-0.17,0.00,-208.90,-21.06,1.28,14.50,-21.06,-208.90,168222,HM189_33353_M30_5K_S,2.71,2.71hrs
10/04/2026 12:00:01,sell,0.50,XAUUSD,4741.94000,10/04/2026 14:44:42,4765.57000,-8.54,0.00,-236.30,-1190.04,0.00,0.00,-1190.04,-236.30,168222,HM189_33353_M30_5K_S,2.74,2.74hrs
10/04/2026 10:13:33,sell,0.50,XAUUSD,4749.89000,10/04/2026 10:14:21,4748.63000,-8.55,0.00,12.60,54.45,54.45,12.60,0.00,0.00,168222,HM189_33353_M30_5K_S,0.01,0.01hrs
10/04/2026 10:10:13,sell,0.01,XAUUSD,4752.47000,10/04/2026 10:13:22,4749.84000,-0.17,0.00,26.30,2.46,2.46,26.30,0.00,0.00,168222,HM189_33353_M30_5K_S,0.05,0.05hrs
10/04/2026 10:05:01,sell,0.50,XAUUSD,4750.52000,10/04/2026 10:13:22,4749.81000,-8.55,0.00,7.10,26.95,26.95,7.10,-72.05,-12.70,168222,HM189_33353_M30_5K_S,0.14,0.14hrs
09/04/2026 17:58:48,buy,0.05,XAUUSD,4767.38000,09/04/2026 18:14:42,4770.11000,-0.86,0.00,27.30,12.79,12.79,27.30,-25.01,-48.30,168211,Atom-8_SMAP_H1_1K_BUY,0.27,0.27hrs
09/04/2026 17:56:37,buy,0.01,XAUUSD,4764.31000,09/04/2026 17:58:46,4767.39000,-0.17,0.00,30.80,2.91,2.91,30.80,0.00,0.00,168211,Atom-8_SMAP_H1_1K_BUY,0.04,0.04hrs
09/04/2026 17:55:42,buy,0.05,XAUUSD,4766.40000,09/04/2026 17:58:46,4767.26000,-0.86,0.00,8.60,3.44,3.44,8.60,-8.61,-15.50,168211,Atom-8_SMAP_H1_1K_BUY,0.05,0.05hrs
09/04/2026 17:50:31,buy,0.05,XAUUSD,4763.92000,09/04/2026 17:55:40,4766.79000,-0.86,0.00,28.70,13.49,13.49,28.70,0.00,0.00,168211,Atom-8_SMAP_H1_1K_BUY,0.09,0.09hrs
09/04/2026 17:48:34,buy,0.05,XAUUSD,4760.94000,09/04/2026 17:50:30,4763.54000,-0.86,0.00,26.00,12.14,12.14,26.00,0.00,0.00,168211,Atom-8_SMAP_H1_1K_BUY,0.03,0.03hrs
09/04/2026 17:45:36,buy,0.05,XAUUSD,4758.77000,09/04/2026 17:48:32,4761.10000,-0.86,0.00,23.30,10.79,10.79,23.30,0.00,0.00,168211,Atom-8_SMAP_H1_1K_BUY,0.05,0.05hrs
09/04/2026 17:45:00,buy,0.05,XAUUSD,4755.57000,09/04/2026 17:45:35,4758.46000,-0.86,0.00,28.90,13.59,13.59,28.90,0.00,0.00,168211,Atom-8_SMAP_H1_1K_BUY,0.01,0.01hrs
09/04/2026 05:40:02,buy,0.50,XAUUSD,4730.82000,09/04/2026 09:53:54,4706.51000,-8.52,0.00,-243.10,-1224.02,0.00,0.00,-1224.02,-243.10,168211,HM189_33353_M30_5K_B,4.23,4.23hrs
09/04/2026 05:48:55,buy,0.01,XAUUSD,4728.98000,09/04/2026 09:53:53,4706.89000,-0.17,0.00,-220.90,-22.26,0.00,0.00,-22.26,-220.90,168211,HM189_33353_M30_5K_B,4.08,4.08hrs
09/04/2026 01:09:30,sell,0.05,XAUUSD,4723.33000,09/04/2026 01:11:36,4720.79000,-0.85,0.00,25.40,11.85,11.85,25.40,0.00,0.00,168222,Atom-8_SMAP_H1_1K_SELL,0.04,0.04hrs
09/04/2026 01:08:02,sell,0.05,XAUUSD,4725.12000,09/04/2026 01:09:26,4722.54000,-0.85,0.00,25.80,12.05,12.30,26.30,0.00,0.00,168222,Atom-8_SMAP_H1_1K_SELL,0.02,0.02hrs
09/04/2026 01:05:17,sell,0.05,XAUUSD,4729.49000,09/04/2026 01:08:01,4725.89000,-0.85,0.00,36.00,17.15,17.15,36.00,0.00,0.00,168222,Atom-8_SMAP_H1_1K_SELL,0.05,0.05hrs
08/04/2026 13:15:37,sell,0.50,XAUUSD,4781.90000,08/04/2026 13:16:11,4779.85000,-8.61,0.00,20.50,93.89,93.89,20.50,0.00,0.00,168222,HM189_33353_M30_5K_S,0.01,0.01hrs
08/04/2026 13:01:27,sell,0.01,XAUUSD,4784.90000,08/04/2026 13:15:33,4781.58000,-0.17,0.00,33.20,3.15,3.15,33.20,-5.81,-56.40,168222,HM189_33353_M30_5K_S,0.23,0.23hrs
08/04/2026 13:00:02,sell,0.50,XAUUSD,4782.80000,08/04/2026 13:15:33,4781.61000,-8.61,0.00,11.90,50.89,50.89,11.90,-395.61,-77.40,168222,HM189_33353_M30_5K_S,0.26,0.26hrs
08/04/2026 12:01:15,sell,0.01,XAUUSD,4795.98000,08/04/2026 12:40:14,4792.71000,-0.17,0.00,32.70,3.10,3.10,32.70,-10.72,-105.50,168222,HM189_33353_M30_5K_S,0.65,0.65hrs
08/04/2026 12:00:02,sell,0.50,XAUUSD,4793.91000,08/04/2026 12:40:14,4792.71000,-8.63,0.00,12.00,51.37,51.37,12.00,-639.63,-126.20,168222,HM189_33353_M30_5K_S,0.67,0.67hrs
08/04/2026 09:19:19,buy,0.05,XAUUSD,4830.44000,08/04/2026 09:19:22,4829.21000,-0.87,0.00,-12.30,-7.02,0.00,0.00,-7.02,-12.30,168211,Atom-8_SMAP_H1_1K_BUY,0.00,0.00hrs
08/04/2026 09:17:15,buy,0.01,XAUUSD,4826.60000,08/04/2026 09:19:18,4830.28000,-0.17,0.00,36.80,3.51,3.51,36.80,-0.81,-6.40,168211,Atom-8_SMAP_H1_1K_BUY,0.03,0.03hrs
08/04/2026 09:15:45,buy,0.05,XAUUSD,4828.86000,08/04/2026 09:19:18,4830.28000,-0.87,0.00,14.20,6.23,6.23,14.20,-15.37,-29.00,168211,Atom-8_SMAP_H1_1K_BUY,0.06,0.06hrs
08/04/2026 09:17:25,buy,0.01,XAUUSD,4825.99000,08/04/2026 09:19:17,4830.07000,-0.17,0.00,40.80,3.91,3.91,40.80,-0.20,-0.30,168211,HM189_33353_M30_5K_B,0.03,0.03hrs
08/04/2026 09:16:37,buy,0.50,XAUUSD,4827.91000,08/04/2026 09:19:17,4829.90000,-8.69,0.00,19.90,90.81,90.81,19.90,-106.19,-19.50,168211,HM189_33353_M30_5K_B,0.04,0.04hrs
08/04/2026 09:08:24,buy,0.01,XAUUSD,4824.96000,08/04/2026 09:15:45,4828.72000,-0.17,0.00,37.60,3.59,3.59,37.60,-0.70,-5.30,168211,HM189_33353_M30_5K_B,0.12,0.12hrs
08/04/2026 09:07:41,buy,0.50,XAUUSD,4827.08000,08/04/2026 09:15:45,4828.45000,-8.69,0.00,13.70,59.81,61.81,14.10,-141.19,-26.50,168211,HM189_33353_M30_5K_B,0.13,0.13hrs
08/04/2026 09:08:40,buy,0.01,XAUUSD,4824.66000,08/04/2026 09:10:36,4827.56000,-0.17,0.00,29.00,2.73,2.73,29.00,0.00,0.00,168211,Atom-8_SMAP_H1_1K_BUY,0.03,0.03hrs
08/04/2026 09:07:38,buy,0.05,XAUUSD,4826.99000,08/04/2026 09:10:36,4827.68000,-0.87,0.00,6.90,2.58,2.58,6.90,0.00,0.00,168211,Atom-8_SMAP_H1_1K_BUY,0.05,0.05hrs
08/04/2026 03:53:02,buy,0.01,XAUUSD,4823.49000,08/04/2026 08:47:12,4826.56000,-0.17,0.00,30.70,2.90,2.90,30.70,-32.89,-327.20,168211,Atom-8_SMAP_H1_1K_BUY,4.90,4.90hrs
08/04/2026 03:52:58,buy,0.05,XAUUSD,4825.41000,08/04/2026 08:47:12,4826.39000,-0.87,0.00,9.80,4.03,4.03,9.80,-174.07,-346.40,168211,Atom-8_SMAP_H1_1K_BUY,4.90,4.90hrs
08/04/2026 03:52:49,buy,0.05,XAUUSD,4822.19000,08/04/2026 03:52:57,4825.27000,-0.87,0.00,30.80,14.53,14.53,30.80,0.00,0.00,168211,Atom-8_SMAP_H1_1K_BUY,0.00,0.00hrs
08/04/2026 03:51:01,buy,0.05,XAUUSD,4819.30000,08/04/2026 03:52:48,4822.31000,-0.87,0.00,30.10,14.18,14.18,30.10,0.00,0.00,168211,Atom-8_SMAP_H1_1K_BUY,0.03,0.03hrs
08/04/2026 02:51:45,buy,0.01,XAUUSD,4813.38000,08/04/2026 02:52:26,4817.22000,-0.17,0.00,38.40,3.67,3.67,38.40,0.00,0.00,168211,HM189_33353_M30_5K_B,0.01,0.01hrs
08/04/2026 02:50:39,buy,0.50,XAUUSD,4815.70000,08/04/2026 02:52:26,4817.22000,-8.67,0.00,15.20,67.33,67.33,15.20,0.00,0.00,168211,HM189_33353_M30_5K_B,0.03,0.03hrs
08/04/2026 02:50:35,buy,0.05,XAUUSD,4816.09000,08/04/2026 02:50:57,4816.65000,-0.87,0.00,5.60,1.93,1.93,5.60,0.00,0.00,168211,Atom-8_SMAP_H1_1K_BUY,0.01,0.01hrs
08/04/2026 02:50:00,buy,0.50,XAUUSD,4812.14000,08/04/2026 02:50:34,4815.90000,-8.66,0.00,37.60,179.34,179.34,37.60,0.00,0.00,168211,HM189_33353_M30_5K_B,0.01,0.01hrs
29/03/2026 20:46:46,balance,0.01,,0.00000,29/03/2026 20:46:46,0.00000,0.00,0.00,0.00,10000.00,0.00,0.00,0.00,0.00,0,Deposit,0.00,0.00hrs
