Open Time,Type,Lots,Symbol,Open Price,Close Time,Close Price,Commission,Swap,Net Pips,Net Profit,Max Profit,Max Pips,Max Loss,Max Loss Pips,Magic Number,Comment,Holding Time (Hours),Holding Time
01/05/2026 18:45:48,sell,0.02,AUDCAD,0.97995,01/05/2026 23:31:00,0.97901,0.00,0.00,9.40,1.38,1.38,9.40,-0.68,-4.60,1,Dragon Wave_GZ1,4.75,4.75hrs
30/04/2026 19:45:53,sell,0.02,GBPUSD,1.35768,01/05/2026 22:50:37,1.35750,0.00,-0.08,1.80,0.28,0.28,1.80,-16.24,-80.80,1,Dragon Wave_HZ1,27.08,1.13days
30/04/2026 17:46:08,sell,0.02,GBPUSD,1.35469,01/05/2026 21:16:57,1.35794,0.00,-0.08,-32.50,-6.58,0.02,0.10,-22.14,-110.30,1,Dragon Wave_FZ1,27.51,1.15days
30/04/2026 22:01:15,sell,0.03,GBPUSD,1.36066,01/05/2026 21:16:52,1.35798,0.00,-0.11,26.80,7.93,7.93,26.80,-15.29,-50.60,1,Dragon Wave_FZ2,23.26,23.26hrs
30/04/2026 18:15:40,sell,0.02,GBPUSD,1.35839,01/05/2026 21:16:34,1.35808,0.00,-0.08,3.10,0.54,1.90,9.50,-14.74,-73.30,1,Dragon Wave_GZ1,27.02,1.13days
30/04/2026 12:16:16,buy,0.02,USDCHF,0.78874,01/05/2026 21:16:00,0.78126,0.00,0.16,-74.80,-18.99,0.10,0.40,-27.40,-107.20,1,Dragon Wave_CZ1,33.00,1.37days
30/04/2026 14:00:47,buy,0.03,USDCHF,0.78542,01/05/2026 21:15:57,0.78124,0.00,0.23,-41.80,-15.82,1.98,5.10,-28.30,-74.00,1,Dragon Wave_CZ2,31.25,1.30days
01/05/2026 14:30:27,buy,0.05,USDCHF,0.78016,01/05/2026 21:15:53,0.78121,0.00,0.00,10.50,6.72,6.91,10.80,-13.75,-21.40,1,Dragon Wave_CZ3,6.76,6.76hrs
01/05/2026 17:15:47,sell,0.02,AUDCAD,0.98000,01/05/2026 21:15:50,0.97917,0.00,0.00,8.30,1.22,1.22,8.30,-0.91,-6.20,1,Dragon Wave_FZ1,4.00,4.00hrs
01/05/2026 17:15:12,buy,0.08,USDCHF,0.77840,01/05/2026 21:15:50,0.78122,0.00,0.00,28.20,28.88,29.08,28.40,-3.91,-3.80,1,Dragon Wave_CZ4,4.01,4.01hrs
01/05/2026 17:16:10,sell,0.02,NZDCAD,0.80334,01/05/2026 21:15:41,0.80207,0.00,0.00,12.70,1.86,1.91,13.00,-0.63,-4.30,1,Dragon Wave_GZ1,3.99,3.99hrs
30/04/2026 12:32:38,buy,0.02,USDCHF,0.78832,01/05/2026 21:11:19,0.78124,0.00,0.16,-70.80,-17.97,0.00,0.00,-26.32,-103.00,1,Dragon Wave_FZ1,0.00,0.00hrs
30/04/2026 14:01:02,buy,0.03,USDCHF,0.78523,01/05/2026 21:11:15,0.78124,0.00,0.23,-39.90,-15.09,2.71,7.00,-27.57,-72.10,1,Dragon Wave_FZ2,31.17,1.30days
01/05/2026 14:30:32,buy,0.05,USDCHF,0.78012,01/05/2026 21:11:12,0.78123,0.00,0.00,11.10,7.10,7.10,11.10,-13.50,-21.00,1,Dragon Wave_FZ3,6.68,6.68hrs
01/05/2026 17:15:35,buy,0.08,USDCHF,0.77841,01/05/2026 21:11:09,0.78125,0.00,0.00,28.40,29.08,29.08,28.40,-4.01,-3.90,1,Dragon Wave_FZ4,3.93,3.93hrs
01/05/2026 20:00:50,buy,0.02,GBPNZD,2.30096,01/05/2026 21:05:50,2.30188,0.00,0.00,9.20,1.09,1.09,9.20,-0.89,-7.50,1,Dragon Wave_CZ1,1.08,1.08hrs
30/04/2026 18:00:42,buy,0.02,USDCAD,1.36095,01/05/2026 21:04:58,1.35905,0.00,0.04,-19.00,-2.76,0.85,5.80,-8.68,-59.10,1,Dragon Wave_FZ1,27.07,1.13days
01/05/2026 05:16:20,buy,0.03,USDCAD,1.35744,01/05/2026 21:04:54,1.35906,0.00,0.00,16.20,3.58,3.58,16.20,-5.31,-24.00,1,Dragon Wave_FZ2,15.81,15.81hrs
01/05/2026 17:15:57,sell,0.02,NZDCAD,0.80322,01/05/2026 20:45:59,0.80236,0.00,0.00,8.60,1.27,1.27,8.60,-0.81,-5.50,1,Dragon Wave_FZ1,3.50,3.50hrs
01/05/2026 17:00:31,sell,0.02,NZDCAD,0.80140,01/05/2026 20:36:47,0.80250,0.00,0.00,-11.00,-1.62,0.00,0.00,-3.49,-23.70,1,Dragon Wave_CZ1,3.60,3.60hrs
01/05/2026 17:15:42,sell,0.03,NZDCAD,0.80336,01/05/2026 20:36:43,0.80249,0.00,0.00,8.70,1.92,1.92,8.70,-0.91,-4.10,1,Dragon Wave_CZ2,3.35,3.35hrs
30/04/2026 18:00:25,buy,0.02,USDCAD,1.36091,01/05/2026 19:56:09,1.35862,0.00,0.04,-22.90,-3.33,0.91,6.20,-8.62,-58.70,1,Dragon Wave_CZ1,25.93,1.08days
01/05/2026 14:00:46,buy,0.03,USDCAD,1.35689,01/05/2026 19:56:06,1.35862,0.00,0.00,17.30,3.82,3.82,17.30,-4.10,-18.50,1,Dragon Wave_CZ2,5.92,5.92hrs
01/05/2026 17:15:34,sell,0.02,NZDCAD,0.80339,01/05/2026 19:31:26,0.80336,0.00,0.00,0.30,0.04,1.12,7.60,-0.56,-3.80,1,Dragon Wave_BZ1,2.26,2.26hrs
01/05/2026 18:01:42,sell,0.02,EURGBP,0.86363,01/05/2026 18:52:48,0.86335,0.00,0.00,2.80,0.76,0.76,2.80,-0.60,-2.20,1,Dragon Wave_BZ1,0.85,0.85hrs
01/05/2026 18:00:52,sell,0.02,EURGBP,0.86367,01/05/2026 18:52:07,0.86340,0.00,0.00,2.70,0.74,0.74,2.70,-0.49,-1.80,1,Dragon Wave_AZ1,0.85,0.85hrs
01/05/2026 17:15:09,sell,0.02,NZDCAD,0.80330,01/05/2026 18:03:16,0.80268,0.00,0.00,6.20,0.92,0.99,6.70,-0.69,-4.70,1,Dragon Wave_AZ1,0.80,0.80hrs
30/04/2026 18:00:53,buy,0.02,EURGBP,0.86331,01/05/2026 17:50:57,0.86343,0.00,-0.19,1.20,0.13,1.55,5.80,-4.32,-15.20,1,Dragon Wave_HZ1,23.83,23.83hrs
30/04/2026 18:00:35,buy,0.02,EURGBP,0.86322,01/05/2026 17:47:51,0.86330,0.00,-0.19,0.80,0.03,1.79,6.70,-4.08,-14.30,1,Dragon Wave_GZ1,23.79,23.79hrs
30/04/2026 18:00:29,buy,0.02,EURGBP,0.86325,01/05/2026 17:37:09,0.86337,0.00,-0.19,1.20,0.14,1.71,6.40,-4.16,-14.60,1,Dragon Wave_FZ1,23.61,23.61hrs
01/05/2026 17:30:15,sell,0.02,AUDCAD,0.98008,01/05/2026 17:35:47,0.97921,0.00,0.00,8.70,1.28,1.28,8.70,-0.13,-0.90,1,Dragon Wave_AZ1,0.09,0.09hrs
01/05/2026 15:16:57,buy,0.02,USDCAD,1.35615,01/05/2026 16:50:04,1.35715,0.00,0.00,10.00,1.47,1.47,10.00,-1.64,-11.10,1,Dragon Wave_HZ1,1.55,1.55hrs
01/05/2026 12:30:43,buy,0.02,NZDCAD,0.79983,01/05/2026 15:31:44,0.80033,0.00,0.00,5.00,0.73,0.73,5.00,-0.88,-6.00,1,Dragon Wave_GZ1,3.02,3.02hrs
01/05/2026 13:45:31,buy,0.02,NZDCAD,0.79950,01/05/2026 15:14:21,0.80040,0.00,0.00,9.00,1.33,1.33,9.00,-0.32,-2.20,1,Dragon Wave_FZ1,1.48,1.48hrs
30/04/2026 17:01:26,buy,0.02,EURNZD,1.98970,01/05/2026 09:22:10,1.99014,0.00,-0.07,4.40,0.45,3.82,32.80,-6.62,-55.50,1,Dragon Wave_GZ1,16.35,16.35hrs
30/04/2026 17:01:07,buy,0.02,EURNZD,1.98975,01/05/2026 09:22:05,1.99010,0.00,-0.07,3.50,0.34,3.76,32.30,-6.68,-56.00,1,Dragon Wave_FZ1,16.35,16.35hrs
30/04/2026 18:00:05,buy,0.02,EURCHF,0.91753,01/05/2026 09:01:34,0.91751,0.00,0.07,-0.20,0.01,1.07,4.20,-5.56,-22.00,1,Dragon Wave_HZ1,15.02,15.02hrs
30/04/2026 13:30:32,buy,0.02,CADCHF,0.57612,01/05/2026 09:01:31,0.57613,0.00,0.06,0.10,0.08,0.08,0.10,-7.32,-28.70,1,Dragon Wave_FZ1,19.52,19.52hrs
30/04/2026 14:00:37,sell,0.02,NZDCAD,0.80070,01/05/2026 08:19:14,0.80063,0.00,-0.03,0.70,0.08,0.09,0.70,-3.77,-25.40,1,Dragon Wave_BZ1,18.31,18.31hrs
01/05/2026 03:30:33,sell,0.02,CHFJPY,201.22000,01/05/2026 07:45:38,201.11100,0.00,0.00,10.90,1.38,2.56,20.10,-1.63,-12.80,1,Dragon Wave_FZ1,4.25,4.25hrs
30/04/2026 22:01:18,buy,0.02,USDCAD,1.35832,01/05/2026 07:30:59,1.35856,0.00,0.04,2.40,0.39,0.90,6.10,-1.55,-10.80,1,Dragon Wave_GZ1,9.49,9.49hrs
01/05/2026 02:46:05,buy,0.02,EURAUD,1.62820,01/05/2026 07:11:07,1.63086,0.00,0.00,26.60,3.83,3.83,26.60,-0.29,-2.00,1,Dragon Wave_HZ1,4.42,4.42hrs
30/04/2026 22:01:20,buy,0.02,EURAUD,1.63041,01/05/2026 07:10:33,1.63069,0.00,-0.19,2.80,0.21,0.21,2.80,-3.66,-24.10,1,Dragon Wave_FZ1,9.15,9.15hrs
30/04/2026 23:02:26,buy,0.02,EURNZD,1.98624,01/05/2026 07:01:08,1.98820,0.00,-0.07,19.60,2.25,2.30,20.10,-2.54,-20.90,1,Dragon Wave_HZ1,7.98,7.98hrs
30/04/2026 23:45:49,buy,0.02,EURAUD,1.62962,01/05/2026 05:49:21,1.63009,0.00,-0.19,4.70,0.49,0.49,4.70,-2.52,-16.20,1,Dragon Wave_GZ1,6.06,6.06hrs
30/04/2026 13:30:51,buy,0.02,EURJPY,185.18400,01/05/2026 05:45:09,184.55600,0.00,0.06,-62.80,-7.92,0.00,0.00,-33.78,-263.10,1,Dragon Wave_GZ1,16.24,16.24hrs
30/04/2026 14:00:24,buy,0.03,EURJPY,184.06400,01/05/2026 05:45:05,184.55300,0.00,0.09,48.90,9.41,9.41,48.90,-29.10,-151.10,1,Dragon Wave_GZ2,15.74,15.74hrs
01/05/2026 03:45:39,sell,0.02,GBPJPY,213.93600,01/05/2026 03:54:50,213.64100,0.00,0.00,29.50,3.76,3.76,29.50,0.00,0.00,1,Dragon Wave_CZ1,0.15,0.15hrs
01/05/2026 03:30:12,sell,0.02,CHFJPY,201.22400,01/05/2026 03:54:40,201.06300,0.00,0.00,16.10,2.05,2.09,16.40,-0.75,-5.90,1,Dragon Wave_CZ1,0.41,0.41hrs
30/04/2026 12:00:35,buy,0.02,GBPJPY,215.21100,01/05/2026 02:53:17,213.60700,0.00,0.19,-160.40,-20.24,0.00,0.00,-57.47,-447.70,1,Dragon Wave_FZ1,14.88,14.88hrs
30/04/2026 13:30:27,buy,0.03,GBPJPY,214.14100,01/05/2026 02:53:13,213.59700,0.00,0.29,-54.40,-10.11,0.00,0.00,-65.61,-340.70,1,Dragon Wave_FZ2,13.38,13.38hrs
30/04/2026 14:00:23,buy,0.05,GBPJPY,212.55300,01/05/2026 02:53:10,213.60100,0.00,0.49,104.80,33.87,33.87,104.80,-58.38,-181.90,1,Dragon Wave_FZ3,12.88,12.88hrs
30/04/2026 11:45:11,buy,0.02,GBPJPY,215.41800,01/05/2026 02:49:14,213.57500,0.00,0.19,-184.30,-23.29,0.00,0.00,-60.13,-468.40,1,Dragon Wave_AZ1,15.07,15.07hrs
30/04/2026 13:30:11,buy,0.03,GBPJPY,214.01200,01/05/2026 02:49:10,213.57400,0.00,0.29,-43.80,-8.08,0.00,0.00,-63.12,-327.80,1,Dragon Wave_AZ2,13.32,13.32hrs
30/04/2026 14:00:13,buy,0.05,GBPJPY,212.55400,01/05/2026 02:49:07,213.57900,0.00,0.49,102.50,33.14,33.14,102.50,-58.41,-182.00,1,Dragon Wave_AZ3,12.81,12.81hrs
30/04/2026 13:46:05,buy,0.02,EURJPY,184.80600,01/05/2026 02:45:47,184.06600,0.00,0.06,-74.00,-9.37,0.14,1.20,-28.92,-225.30,1,Dragon Wave_HZ1,12.99,12.99hrs
30/04/2026 14:30:38,buy,0.03,EURJPY,183.44900,01/05/2026 02:45:44,184.07300,0.00,0.09,62.40,12.02,12.02,62.40,-17.25,-89.60,1,Dragon Wave_HZ2,12.25,12.25hrs
30/04/2026 12:01:05,buy,0.02,AUDJPY,113.77500,01/05/2026 02:44:53,113.00700,0.00,0.13,-76.80,-9.66,1.30,10.40,-29.48,-229.60,1,Dragon Wave_FZ1,14.73,14.73hrs
30/04/2026 14:01:12,buy,0.03,AUDJPY,112.45600,01/05/2026 02:44:49,113.00700,0.00,0.19,55.10,10.72,10.72,55.10,-18.81,-97.70,1,Dragon Wave_FZ2,12.73,12.73hrs
30/04/2026 11:46:26,buy,0.02,GBPJPY,215.44900,01/05/2026 02:13:05,213.24900,0.00,0.19,-220.00,-27.88,0.00,0.00,-60.53,-471.50,1,Dragon Wave_CZ1,14.44,14.44hrs
30/04/2026 13:30:22,buy,0.03,GBPJPY,214.07400,01/05/2026 02:13:02,213.24800,0.00,0.29,-82.60,-15.52,0.00,0.00,-64.32,-334.00,1,Dragon Wave_CZ2,12.71,12.71hrs
30/04/2026 14:30:17,buy,0.05,GBPJPY,211.85100,01/05/2026 02:12:58,213.25700,0.00,0.49,140.60,45.34,45.34,140.60,-35.85,-111.70,1,Dragon Wave_CZ3,11.71,11.71hrs
30/04/2026 11:45:34,buy,0.02,GBPJPY,215.45600,01/05/2026 02:11:03,213.23600,0.00,0.19,-222.00,-28.14,0.00,0.00,-60.62,-472.20,1,Dragon Wave_BZ1,14.42,14.42hrs
30/04/2026 13:30:17,buy,0.03,GBPJPY,214.03400,01/05/2026 02:10:53,213.24500,0.00,0.29,-78.90,-14.81,0.00,0.00,-63.55,-330.00,1,Dragon Wave_BZ2,12.68,12.68hrs
30/04/2026 14:30:12,buy,0.05,GBPJPY,211.86600,01/05/2026 02:10:44,213.24900,0.00,0.49,138.30,44.61,44.61,138.30,-36.33,-113.20,1,Dragon Wave_BZ3,11.68,11.68hrs
30/04/2026 13:31:15,buy,0.02,CHFJPY,201.20500,01/05/2026 01:45:44,200.57800,0.00,-0.09,-62.70,-8.09,0.00,0.00,-34.32,-267.30,1,Dragon Wave_HZ1,12.24,12.24hrs
30/04/2026 14:00:55,buy,0.03,CHFJPY,200.07400,01/05/2026 01:45:42,200.57800,0.00,-0.14,50.40,9.51,12.06,62.90,-29.69,-154.20,1,Dragon Wave_HZ2,11.75,11.75hrs
30/04/2026 13:46:03,buy,0.02,NZDJPY,92.54700,01/05/2026 01:35:20,92.55900,0.00,0.04,1.20,0.20,0.20,1.20,-13.80,-107.50,1,Dragon Wave_HZ1,11.82,11.82hrs
30/04/2026 13:46:38,buy,0.02,CADJPY,115.62300,01/05/2026 01:30:56,115.35100,0.00,0.05,-27.20,-3.43,0.04,0.50,-19.81,-154.30,1,Dragon Wave_HZ1,11.74,11.74hrs
30/04/2026 14:30:51,buy,0.03,CADJPY,114.66200,01/05/2026 01:30:53,115.35000,0.00,0.07,68.80,13.24,13.24,68.80,-11.21,-58.20,1,Dragon Wave_HZ2,11.00,11.00hrs
30/04/2026 17:00:31,buy,0.02,CADCHF,0.57431,01/05/2026 01:15:45,0.57540,0.00,0.06,10.90,2.85,2.92,11.40,-2.56,-10.00,1,Dragon Wave_HZ1,8.25,8.25hrs
30/04/2026 13:31:04,buy,0.02,AUDJPY,113.11800,01/05/2026 01:01:22,112.79100,0.00,0.13,-32.70,-4.05,0.00,0.00,-21.04,-163.90,1,Dragon Wave_HZ1,11.51,11.51hrs
30/04/2026 14:01:22,buy,0.03,AUDJPY,112.44700,01/05/2026 01:01:19,112.79200,0.00,0.19,34.50,6.80,6.80,34.50,-18.64,-96.80,1,Dragon Wave_HZ2,11.00,11.00hrs
30/04/2026 14:45:31,buy,0.05,AUDJPY,111.40900,01/05/2026 01:01:16,112.79100,0.00,0.32,138.20,44.43,44.43,138.20,0.00,0.00,1,Dragon Wave_HZ3,10.26,10.26hrs
30/04/2026 13:30:48,buy,0.02,GBPJPY,213.85000,01/05/2026 01:00:48,213.14000,0.00,0.19,-71.00,-8.88,0.00,0.00,-40.00,-311.60,1,Dragon Wave_HZ1,11.50,11.50hrs
30/04/2026 14:00:42,buy,0.03,GBPJPY,212.52500,01/05/2026 01:00:44,213.13300,0.00,0.29,60.80,11.94,11.94,60.80,-34.49,-179.10,1,Dragon Wave_HZ2,11.00,11.00hrs
30/04/2026 13:31:00,buy,0.02,AUDJPY,113.20600,30/04/2026 23:55:25,112.77600,0.00,0.00,-43.00,-5.49,0.00,0.00,-22.17,-172.70,1,Dragon Wave_GZ1,10.41,10.41hrs
30/04/2026 14:01:18,buy,0.03,AUDJPY,112.42800,30/04/2026 23:55:22,112.77600,0.00,0.00,34.80,6.67,6.67,34.80,-18.27,-94.90,1,Dragon Wave_GZ2,9.90,9.90hrs
30/04/2026 14:00:29,buy,0.02,CADCHF,0.57536,30/04/2026 23:49:27,0.57548,0.00,0.00,1.20,0.31,0.53,2.10,-5.39,-21.10,1,Dragon Wave_GZ1,9.82,9.82hrs
30/04/2026 13:45:46,buy,0.02,NZDJPY,92.50800,30/04/2026 23:46:14,92.51700,0.00,0.00,0.90,0.11,0.15,1.20,-13.30,-103.60,1,Dragon Wave_GZ1,10.01,10.01hrs
30/04/2026 13:30:36,buy,0.02,GBPJPY,213.78100,30/04/2026 23:15:57,213.00900,0.00,0.00,-77.20,-9.86,0.00,0.00,-39.76,-309.60,1,Dragon Wave_GZ1,9.76,9.76hrs
30/04/2026 14:00:27,buy,0.03,GBPJPY,212.46900,30/04/2026 23:15:56,213.00300,0.00,0.00,53.40,10.24,10.58,55.20,-34.36,-178.40,1,Dragon Wave_GZ2,9.26,9.26hrs
30/04/2026 12:31:11,buy,0.02,CADCHF,0.57663,30/04/2026 22:59:41,0.57533,0.00,0.00,-13.00,-3.33,0.48,2.00,-8.63,-35.30,1,Dragon Wave_CZ1,10.47,10.47hrs
30/04/2026 15:15:16,buy,0.03,CADCHF,0.57439,30/04/2026 22:59:36,0.57537,0.00,0.00,9.80,3.77,3.77,9.80,-4.36,-12.90,1,Dragon Wave_CZ2,7.74,7.74hrs
30/04/2026 13:30:42,buy,0.02,CHFJPY,201.33300,30/04/2026 21:55:50,200.26600,0.00,0.00,-106.70,-13.65,0.00,0.00,-35.96,-280.10,1,Dragon Wave_GZ1,8.42,8.42hrs
30/04/2026 14:00:43,buy,0.03,CHFJPY,200.16600,30/04/2026 21:55:45,200.27000,0.00,0.00,10.40,1.99,10.30,53.70,-31.46,-163.40,1,Dragon Wave_GZ2,7.92,7.92hrs
30/04/2026 14:45:24,buy,0.05,CHFJPY,198.49900,30/04/2026 21:55:40,200.27000,0.00,0.00,177.10,56.62,70.34,220.40,-0.42,-1.30,1,Dragon Wave_GZ3,7.17,7.17hrs
30/04/2026 13:31:05,sell,0.02,NZDCAD,0.80018,30/04/2026 19:31:18,0.80114,0.00,0.00,-9.60,-1.41,0.00,0.00,-3.99,-27.20,1,Dragon Wave_GZ1,6.00,6.00hrs
30/04/2026 14:31:25,sell,0.03,NZDCAD,0.80220,30/04/2026 19:31:15,0.80110,0.00,0.00,11.00,2.43,2.43,11.00,-1.54,-7.00,1,Dragon Wave_GZ2,5.00,5.00hrs
30/04/2026 14:15:35,sell,0.02,AUDCAD,0.97723,30/04/2026 19:31:05,0.97701,0.00,0.00,2.20,0.32,0.67,4.60,-3.81,-26.20,1,Dragon Wave_GZ1,5.26,5.26hrs
30/04/2026 13:30:23,buy,0.02,CHFJPY,201.43500,30/04/2026 18:02:13,200.62200,0.00,0.00,-81.30,-10.37,0.00,0.00,-37.87,-294.90,1,Dragon Wave_FZ1,4.53,4.53hrs
30/04/2026 14:00:31,buy,0.03,CHFJPY,200.03700,30/04/2026 18:02:09,200.63700,0.00,0.00,60.00,11.48,11.48,60.00,-29.87,-155.10,1,Dragon Wave_FZ2,4.03,4.03hrs
30/04/2026 13:30:58,sell,0.02,NZDCAD,0.80012,30/04/2026 17:58:40,0.80115,0.00,0.00,-10.30,-1.52,0.00,0.00,-4.07,-27.80,1,Dragon Wave_FZ1,4.46,4.46hrs
30/04/2026 14:31:15,sell,0.03,NZDCAD,0.80224,30/04/2026 17:58:36,0.80116,0.00,0.00,10.80,2.38,2.38,10.80,-1.45,-6.60,1,Dragon Wave_FZ2,3.46,3.46hrs
30/04/2026 12:16:24,buy,0.02,NZDJPY,93.05700,30/04/2026 17:58:12,92.22400,0.00,0.00,-83.30,-10.63,2.89,23.00,-20.58,-160.30,1,Dragon Wave_FZ1,5.70,5.70hrs
30/04/2026 13:45:30,buy,0.03,NZDJPY,92.46800,30/04/2026 17:58:09,92.22900,0.00,0.00,-23.90,-4.58,1.29,7.10,-19.53,-101.40,1,Dragon Wave_FZ2,4.21,4.21hrs
30/04/2026 14:45:32,buy,0.05,NZDJPY,91.41200,30/04/2026 17:58:05,92.22400,0.00,0.00,81.20,25.92,27.02,84.70,0.00,0.00,1,Dragon Wave_FZ3,3.21,3.21hrs
30/04/2026 14:16:05,sell,0.02,NZDCAD,0.80136,30/04/2026 17:57:53,0.80122,0.00,0.00,1.40,0.20,0.25,1.70,-2.26,-15.40,1,Dragon Wave_CZ1,3.70,3.70hrs
30/04/2026 15:45:23,buy,0.02,EURCHF,0.91770,30/04/2026 17:43:52,0.91883,0.00,0.00,11.30,2.88,2.88,11.30,-6.57,-25.40,1,Dragon Wave_GZ1,1.97,1.97hrs
30/04/2026 15:45:17,buy,0.02,EURCHF,0.91776,30/04/2026 17:39:09,0.91809,0.00,0.00,3.30,0.84,0.84,3.30,-6.72,-26.00,1,Dragon Wave_FZ1,1.90,1.90hrs
30/04/2026 14:45:31,buy,0.02,GBPCHF,1.06171,30/04/2026 17:38:58,1.06181,0.00,0.00,1.00,0.25,0.25,1.00,-7.66,-30.00,1,Dragon Wave_CZ1,2.89,2.89hrs
30/04/2026 15:45:06,buy,0.02,EURCHF,0.91780,30/04/2026 17:38:28,0.91796,0.00,0.00,1.60,0.40,0.40,1.60,-6.82,-26.40,1,Dragon Wave_CZ1,1.89,1.89hrs
30/04/2026 15:15:24,buy,0.02,GBPCHF,1.06021,30/04/2026 17:37:07,1.06162,0.00,0.00,14.10,3.60,3.60,14.10,-3.83,-15.00,1,Dragon Wave_FZ1,2.36,2.36hrs
30/04/2026 14:30:53,sell,0.02,GBPCAD,1.84766,30/04/2026 17:01:19,1.84534,0.00,0.00,23.20,3.39,3.39,23.20,-0.73,-4.80,1,Dragon Wave_GZ1,2.51,2.51hrs
30/04/2026 14:30:47,sell,0.02,GBPCAD,1.84756,30/04/2026 17:01:03,1.84545,0.00,0.00,21.10,3.09,3.09,21.10,-0.88,-5.80,1,Dragon Wave_FZ1,2.50,2.50hrs
30/04/2026 14:15:44,buy,0.02,NZDJPY,91.97800,30/04/2026 16:49:22,92.04500,0.00,0.00,6.70,0.85,2.12,16.60,-6.73,-52.40,1,Dragon Wave_CZ1,2.56,2.56hrs
30/04/2026 14:15:18,buy,0.02,AUDJPY,112.19700,30/04/2026 15:44:36,112.24300,0.00,0.00,4.60,0.59,2.75,21.70,-9.22,-71.80,1,Dragon Wave_CZ1,1.49,1.49hrs
30/04/2026 14:00:22,buy,0.02,CHFJPY,200.06500,30/04/2026 15:44:26,200.09300,0.00,0.00,2.80,0.35,3.00,23.30,-19.68,-153.30,1,Dragon Wave_CZ1,1.73,1.73hrs
30/04/2026 14:30:09,sell,0.02,NZDUSD,0.58744,30/04/2026 15:44:15,0.58640,0.00,0.00,10.40,2.08,2.30,11.50,-0.24,-1.20,1,Dragon Wave_CZ1,1.24,1.24hrs
30/04/2026 13:30:16,sell,0.02,NZDCAD,0.80007,30/04/2026 15:03:45,0.80114,0.00,0.00,-10.70,-1.57,0.00,0.00,-3.54,-24.20,1,Dragon Wave_AZ1,1.56,1.56hrs
30/04/2026 14:30:34,sell,0.03,NZDCAD,0.80197,30/04/2026 15:03:42,0.80114,0.00,0.00,8.30,1.83,1.83,8.30,-0.90,-4.10,1,Dragon Wave_AZ2,0.55,0.55hrs
30/04/2026 14:30:10,sell,0.02,AUDCAD,0.97844,30/04/2026 14:45:00,0.97757,0.00,0.00,8.70,1.28,1.28,8.70,0.00,0.00,1,Dragon Wave_BZ1,0.25,0.25hrs
29/04/2026 16:30:47,buy,0.02,NZDCAD,0.80007,30/04/2026 13:31:26,0.80021,0.00,-0.04,1.40,0.17,0.17,1.40,-6.24,-42.40,1,Dragon Wave_HZ1,21.01,21.01hrs
30/04/2026 12:15:44,buy,0.02,EURJPY,186.10500,30/04/2026 12:57:29,186.46300,0.00,0.00,35.80,4.49,4.49,35.80,0.00,0.00,1,Dragon Wave_BZ1,0.70,0.70hrs
30/04/2026 11:45:25,buy,0.02,NZDJPY,93.29600,30/04/2026 12:57:29,93.30800,0.00,0.00,1.20,0.15,0.15,1.20,-2.96,-23.60,1,Dragon Wave_CZ1,1.20,1.20hrs
30/04/2026 12:00:28,buy,0.02,AUDJPY,113.78700,30/04/2026 12:57:11,113.89500,0.00,0.00,10.80,1.35,1.35,10.80,-2.18,-17.40,1,Dragon Wave_CZ1,0.95,0.95hrs
30/04/2026 12:00:22,buy,0.02,CHFJPY,202.16100,30/04/2026 12:53:40,202.43000,0.00,0.00,20.80,2.61,3.38,20.80,-1.86,-14.80,1,Dragon Wave_CZ1,0.00,0.00hrs
29/04/2026 05:45:33,buy,0.02,AUDCAD,0.98045,30/04/2026 12:52:51,0.97630,0.00,0.17,-41.50,-5.90,0.01,0.10,-11.51,-79.10,1,Dragon Wave_FZ1,31.12,1.30days
29/04/2026 16:30:53,buy,0.03,AUDCAD,0.97815,30/04/2026 12:52:46,0.97630,0.00,0.26,-18.50,-3.80,0.00,0.00,-12.23,-56.10,1,Dragon Wave_FZ2,20.36,20.36hrs
29/04/2026 17:01:02,buy,0.05,AUDCAD,0.97658,30/04/2026 12:52:42,0.97626,0.00,0.43,-3.20,-0.74,2.70,7.40,-14.65,-40.40,1,Dragon Wave_FZ3,19.86,19.86hrs
29/04/2026 21:17:29,buy,0.08,AUDCAD,0.97383,30/04/2026 12:52:37,0.97628,0.00,0.68,24.50,15.03,15.03,24.50,-7.36,-12.90,1,Dragon Wave_FZ4,15.59,15.59hrs
29/04/2026 18:15:10,buy,0.02,AUDCAD,0.97581,30/04/2026 12:34:47,0.97574,0.00,0.17,-0.70,0.07,0.13,0.90,-4.73,-32.70,1,Dragon Wave_GZ1,18.33,18.33hrs
29/04/2026 21:46:46,buy,0.02,GBPCAD,1.84268,30/04/2026 10:57:22,1.84367,0.00,0.14,9.90,1.59,2.46,16.80,-1.61,-12.00,1,Dragon Wave_HZ1,13.18,13.18hrs
30/04/2026 09:16:29,sell,0.02,CADJPY,117.44000,30/04/2026 10:56:55,117.36500,0.00,0.00,7.50,0.93,0.93,7.50,-0.96,-7.70,1,Dragon Wave_HZ1,1.67,1.67hrs
29/04/2026 16:15:28,sell,0.02,EURNZD,1.99929,30/04/2026 06:46:17,1.99911,0.00,-0.03,1.80,0.18,0.30,1.80,-9.58,-81.90,1,Dragon Wave_GZ1,14.51,14.51hrs
29/04/2026 17:00:31,buy,0.02,AUDCAD,0.97656,30/04/2026 06:01:21,0.97488,0.00,0.17,-16.80,-2.28,1.11,7.60,-5.83,-40.20,1,Dragon Wave_CZ1,13.01,13.01hrs
29/04/2026 21:17:04,buy,0.03,AUDCAD,0.97389,30/04/2026 06:01:17,0.97488,0.00,0.26,9.90,2.43,2.43,9.90,-2.89,-13.50,1,Dragon Wave_CZ2,8.74,8.74hrs
29/04/2026 21:46:17,buy,0.02,AUDCAD,0.97267,30/04/2026 05:59:05,0.97485,0.00,0.17,21.80,3.36,3.36,21.80,-0.03,-1.30,1,Dragon Wave_HZ1,8.21,8.21hrs
29/04/2026 17:01:29,buy,0.02,AUDUSD,0.71275,30/04/2026 03:31:06,0.71286,0.00,-0.13,1.10,0.09,2.74,13.70,-4.60,-23.00,1,Dragon Wave_HZ1,10.49,10.49hrs
29/04/2026 16:31:04,buy,0.02,NZDUSD,0.58440,30/04/2026 03:30:48,0.58448,0.00,-0.22,0.80,-0.06,0.36,1.80,-5.54,-26.80,1,Dragon Wave_HZ1,11.00,11.00hrs
29/04/2026 06:01:28,buy,0.02,NZDCAD,0.80221,30/04/2026 03:26:08,0.79877,0.00,-0.04,-34.40,-5.07,1.43,9.80,-9.37,-63.80,1,Dragon Wave_GZ1,21.41,21.41hrs
29/04/2026 16:45:39,buy,0.03,NZDCAD,0.79982,30/04/2026 03:26:05,0.79873,0.00,-0.05,-10.90,-2.44,0.37,1.70,-8.80,-39.90,1,Dragon Wave_GZ2,10.67,10.67hrs
29/04/2026 21:46:53,buy,0.05,NZDCAD,0.79630,30/04/2026 03:26:01,0.79873,0.00,-0.09,24.30,8.80,8.80,24.30,-1.81,-4.70,1,Dragon Wave_GZ3,5.65,5.65hrs
29/04/2026 17:15:49,sell,0.02,EURNZD,2.00223,30/04/2026 02:45:49,2.00133,0.00,-0.03,9.00,1.02,1.78,15.20,-6.15,-52.50,1,Dragon Wave_HZ1,9.50,9.50hrs
29/04/2026 19:00:50,sell,0.02,GBPNZD,2.31098,30/04/2026 02:45:31,2.31000,0.00,-0.47,9.80,0.67,0.67,9.80,-7.82,-63.00,1,Dragon Wave_HZ1,7.74,7.74hrs
29/04/2026 12:45:58,buy,0.02,NZDUSD,0.58544,30/04/2026 02:39:17,0.58375,0.00,-0.22,-16.90,-3.60,1.14,5.70,-7.62,-37.20,1,Dragon Wave_GZ1,13.89,13.89hrs
29/04/2026 21:31:06,buy,0.03,NZDUSD,0.58240,30/04/2026 02:39:14,0.58375,0.00,-0.33,13.50,3.72,3.72,13.50,-2.31,-6.80,1,Dragon Wave_GZ2,5.14,5.14hrs
29/04/2026 16:45:22,buy,0.02,NZDCHF,0.46224,30/04/2026 02:30:55,0.46165,0.00,0.15,-5.90,-1.35,0.00,0.00,-8.34,-33.50,1,Dragon Wave_FZ1,9.76,9.76hrs
29/04/2026 21:03:00,buy,0.03,NZDCHF,0.46121,30/04/2026 02:30:52,0.46164,0.00,0.22,4.30,1.85,1.85,4.30,-8.60,-23.20,1,Dragon Wave_FZ2,5.46,5.46hrs
29/04/2026 21:17:16,buy,0.02,AUDUSD,0.71165,30/04/2026 01:31:18,0.71208,0.00,-0.13,4.30,0.73,0.73,4.30,-2.40,-12.00,1,Dragon Wave_GZ1,4.23,4.23hrs
29/04/2026 21:16:31,buy,0.02,AUDUSD,0.71159,30/04/2026 01:21:03,0.71194,0.00,-0.13,3.50,0.57,0.57,3.50,-2.28,-11.40,1,Dragon Wave_FZ1,4.08,4.08hrs
29/04/2026 18:16:31,buy,0.02,NZDCHF,0.46140,30/04/2026 01:16:05,0.46148,0.00,0.15,0.80,0.36,0.36,1.00,-6.21,-25.10,1,Dragon Wave_HZ1,6.99,6.99hrs
29/04/2026 20:01:32,buy,0.02,GBPCAD,1.84342,30/04/2026 01:15:31,1.84363,0.00,0.14,2.10,0.44,2.16,14.80,-1.63,-12.10,1,Dragon Wave_FZ1,5.23,5.23hrs
29/04/2026 19:31:25,buy,0.02,NZDCAD,0.79785,30/04/2026 00:02:16,0.79792,0.00,-0.04,0.70,0.06,0.86,5.90,-2.15,-14.70,1,Dragon Wave_FZ1,4.51,4.51hrs
29/04/2026 21:16:10,buy,0.02,NZDUSD,0.58256,30/04/2026 00:02:02,0.58304,0.00,-0.22,4.80,0.74,1.38,7.40,-1.60,-8.00,1,Dragon Wave_FZ1,2.76,2.76hrs
29/04/2026 17:01:14,buy,0.02,AUDUSD,0.71275,29/04/2026 17:53:58,0.71418,0.00,0.00,14.30,2.86,2.86,14.30,-0.80,-4.00,1,Dragon Wave_CZ1,0.88,0.88hrs
29/04/2026 17:00:11,sell,0.02,EURAUD,1.63990,29/04/2026 17:28:39,1.63795,0.00,0.00,19.50,2.78,2.78,19.50,-0.76,-5.30,1,Dragon Wave_BZ1,0.47,0.47hrs
29/04/2026 17:00:38,buy,0.02,AUDUSD,0.71277,29/04/2026 17:17:40,0.71376,0.00,0.00,9.90,1.98,1.98,9.90,-0.84,-4.20,1,Dragon Wave_BZ1,0.28,0.28hrs
27/04/2026 20:30:29,sell,0.02,AUDCHF,0.56471,29/04/2026 16:46:30,0.56463,0.00,-0.43,0.80,-0.23,0.59,2.80,-9.46,-35.70,1,Dragon Wave_HZ1,44.27,1.84days
29/04/2026 06:00:51,buy,0.02,NZDCHF,0.46246,29/04/2026 15:45:45,0.46256,0.00,0.00,1.00,0.26,1.42,5.60,-1.17,-4.60,1,Dragon Wave_GZ1,9.75,9.75hrs
29/04/2026 12:45:45,buy,0.02,AUDCAD,0.97894,29/04/2026 15:16:06,0.97972,0.00,0.00,7.80,1.14,1.62,11.10,-0.13,-0.90,1,Dragon Wave_GZ1,2.51,2.51hrs
29/04/2026 11:15:46,buy,0.02,GBPCAD,1.84674,29/04/2026 12:24:10,1.84762,0.00,0.00,8.80,1.29,1.29,8.80,0.00,0.00,1,Dragon Wave_CZ1,1.14,1.14hrs
28/04/2026 18:00:40,sell,0.02,GBPCAD,1.84773,29/04/2026 10:30:46,1.84750,0.00,-0.19,2.30,0.15,0.95,6.50,-4.60,-30.20,1,Dragon Wave_GZ1,16.50,16.50hrs
28/04/2026 18:00:33,sell,0.02,GBPCAD,1.84782,29/04/2026 10:23:33,1.84753,0.00,-0.19,2.90,0.23,1.08,7.40,-4.47,-29.30,1,Dragon Wave_FZ1,16.38,16.38hrs
29/04/2026 05:45:28,buy,0.02,NZDUSD,0.58660,29/04/2026 09:47:16,0.58670,0.00,0.00,1.00,0.20,0.20,1.00,-1.70,-8.10,1,Dragon Wave_CZ1,4.03,4.03hrs
29/04/2026 05:45:42,buy,0.02,NZDCAD,0.80262,29/04/2026 09:45:55,0.80287,0.00,0.00,2.50,0.37,0.37,2.50,-1.71,-11.00,1,Dragon Wave_FZ1,4.00,4.00hrs
29/04/2026 06:30:18,sell,0.02,GBPNZD,2.30657,29/04/2026 09:25:28,2.30282,0.00,0.00,37.50,4.40,4.48,38.20,-0.08,-0.70,1,Dragon Wave_FZ1,2.92,2.92hrs
28/04/2026 20:01:23,sell,0.02,GBPCAD,1.84887,29/04/2026 09:09:01,1.84845,0.00,-0.19,4.20,0.42,0.79,5.40,-2.94,-18.80,1,Dragon Wave_HZ1,13.13,13.13hrs
29/04/2026 05:45:38,buy,0.02,NZDCAD,0.80263,29/04/2026 09:07:22,0.80274,0.00,0.00,1.10,0.16,0.16,1.10,-1.72,-11.10,1,Dragon Wave_CZ1,3.36,3.36hrs
29/04/2026 05:45:25,buy,0.02,NZDCAD,0.80265,29/04/2026 09:07:16,0.80272,0.00,0.00,0.70,0.10,0.10,0.70,-1.75,-11.30,1,Dragon Wave_BZ1,3.36,3.36hrs
29/04/2026 05:45:13,buy,0.02,NZDJPY,93.62100,29/04/2026 08:55:24,93.62900,0.00,0.00,0.80,0.10,0.10,0.80,-1.60,-12.00,1,Dragon Wave_BZ1,3.17,3.17hrs
29/04/2026 05:45:35,sell,0.02,GBPNZD,2.30391,29/04/2026 08:51:05,2.30373,0.00,0.00,1.80,0.21,0.21,1.80,-3.64,-29.60,1,Dragon Wave_BZ1,3.09,3.09hrs
29/04/2026 06:00:47,buy,0.02,NZDJPY,93.56800,29/04/2026 08:45:55,93.58300,0.00,0.00,1.50,0.19,0.45,3.60,-0.94,-7.50,1,Dragon Wave_CZ1,2.75,2.75hrs
29/04/2026 05:45:47,buy,0.02,NZDCHF,0.46277,29/04/2026 08:41:43,0.46282,0.00,0.00,0.50,0.13,0.13,0.50,-1.95,-7.30,1,Dragon Wave_CZ1,2.93,2.93hrs
29/04/2026 05:45:32,buy,0.02,NZDCHF,0.46275,29/04/2026 08:41:00,0.46279,0.00,0.00,0.40,0.10,0.10,0.40,-1.90,-7.10,1,Dragon Wave_BZ1,2.92,2.92hrs
29/04/2026 06:00:44,sell,0.02,GBPNZD,2.30535,29/04/2026 08:30:30,2.30508,0.00,0.00,2.70,0.32,0.60,5.10,-1.96,-16.00,1,Dragon Wave_CZ1,2.50,2.50hrs
29/04/2026 06:00:50,buy,0.02,AUDCAD,0.98008,29/04/2026 08:30:15,0.98045,0.00,0.00,3.70,0.54,0.54,3.70,-0.18,-1.20,1,Dragon Wave_CZ1,2.49,2.49hrs
29/04/2026 05:45:19,buy,0.02,AUDCAD,0.98036,29/04/2026 08:29:07,0.98041,0.00,0.00,0.50,0.08,0.13,0.90,-0.85,-5.70,1,Dragon Wave_BZ1,2.73,2.73hrs
29/04/2026 06:00:25,buy,0.02,AUDCHF,0.56496,29/04/2026 08:28:14,0.56535,0.00,0.00,3.90,0.99,0.99,3.90,-0.20,-0.80,1,Dragon Wave_CZ1,2.46,2.46hrs
29/04/2026 05:45:22,buy,0.02,AUDCHF,0.56516,29/04/2026 08:09:30,0.56525,0.00,0.00,0.90,0.22,0.22,0.90,-1.01,-4.00,1,Dragon Wave_BZ1,2.40,2.40hrs
29/04/2026 05:45:21,sell,0.02,EURNZD,1.99613,29/04/2026 07:45:52,1.99605,0.00,0.00,0.80,0.09,0.09,0.80,-3.11,-26.50,1,Dragon Wave_BZ1,2.01,2.01hrs
29/04/2026 05:45:16,sell,0.02,EURNZD,1.99613,29/04/2026 07:45:48,1.99604,0.00,0.00,0.90,0.11,0.11,0.90,-3.11,-26.50,1,Dragon Wave_AZ1,2.01,2.01hrs
29/04/2026 06:00:45,sell,0.02,EURNZD,1.99724,29/04/2026 07:45:17,1.99605,0.00,0.00,11.90,1.39,1.39,11.90,-1.80,-15.40,1,Dragon Wave_CZ1,1.74,1.74hrs
29/04/2026 06:00:13,buy,0.02,AUDJPY,114.31900,29/04/2026 07:31:41,114.35300,0.00,0.00,3.40,0.43,0.45,3.40,-0.19,-1.60,1,Dragon Wave_BZ1,1.52,1.52hrs
29/04/2026 06:00:27,sell,0.02,EURAUD,1.63495,29/04/2026 06:42:24,1.63438,0.00,0.00,5.70,0.82,0.82,5.70,0.00,0.00,1,Dragon Wave_BZ1,0.70,0.70hrs
27/04/2026 14:30:31,sell,0.02,NZDCHF,0.46389,29/04/2026 04:56:30,0.46379,0.00,-0.24,1.00,0.01,0.28,1.00,-6.26,-23.80,1,Dragon Wave_GZ1,38.43,1.60days
28/04/2026 13:30:42,sell,0.02,AUDNZD,1.21859,29/04/2026 04:32:16,1.21830,0.00,-0.09,2.90,0.25,0.25,2.90,-4.37,-36.40,1,Dragon Wave_HZ1,15.03,15.03hrs
28/04/2026 19:30:46,sell,0.02,AUDCAD,0.98178,29/04/2026 04:31:59,0.98129,0.00,-0.11,4.90,0.60,0.68,5.40,-2.52,-16.50,1,Dragon Wave_FZ1,9.02,9.02hrs
27/04/2026 15:46:45,sell,0.02,AUDCHF,0.56388,29/04/2026 04:31:49,0.56579,0.00,-0.43,-19.10,-5.27,0.66,2.60,-11.56,-44.00,1,Dragon Wave_GZ1,36.75,1.53days
28/04/2026 10:00:56,sell,0.03,AUDCHF,0.56561,29/04/2026 04:31:45,0.56573,0.00,-0.32,-1.20,-0.78,0.68,1.80,-10.45,-26.70,1,Dragon Wave_GZ2,18.51,18.51hrs
28/04/2026 10:30:43,sell,0.02,AUDNZD,1.21792,29/04/2026 04:31:42,1.21820,0.00,-0.09,-2.80,-0.42,0.00,0.00,-5.16,-43.10,1,Dragon Wave_GZ1,18.02,18.02hrs
28/04/2026 20:46:19,sell,0.05,AUDCHF,0.56702,29/04/2026 04:31:41,0.56576,0.00,-0.54,12.60,7.44,7.44,12.60,-8.51,-12.60,1,Dragon Wave_GZ3,7.76,7.76hrs
28/04/2026 16:30:45,sell,0.03,AUDNZD,1.21989,29/04/2026 04:31:37,1.21821,0.00,-0.14,16.80,2.83,2.83,16.80,-4.27,-23.40,1,Dragon Wave_GZ2,12.01,12.01hrs
28/04/2026 19:45:51,sell,0.02,AUDCAD,0.98225,29/04/2026 04:30:57,0.98145,0.00,-0.11,8.00,1.06,1.06,8.00,-1.84,-11.80,1,Dragon Wave_HZ1,8.75,8.75hrs
28/04/2026 18:00:38,sell,0.02,AUDCAD,0.98136,29/04/2026 04:08:10,0.98225,0.00,-0.11,-8.90,-1.41,0.57,3.90,-3.14,-20.70,1,Dragon Wave_GZ1,10.13,10.13hrs
28/04/2026 21:46:08,sell,0.03,AUDCAD,0.98300,29/04/2026 04:08:06,0.98217,0.00,-0.16,8.30,1.66,1.66,8.30,-1.10,-4.30,1,Dragon Wave_GZ2,6.37,6.37hrs
28/04/2026 21:45:12,sell,0.02,NZDCAD,0.80549,28/04/2026 22:45:46,0.80491,0.00,0.00,5.80,0.85,0.96,6.60,-0.23,-1.60,1,Dragon Wave_FZ1,1.01,1.01hrs
28/04/2026 21:45:03,sell,0.02,NZDCAD,0.80550,28/04/2026 22:27:13,0.80512,0.00,0.00,3.80,0.56,0.56,3.80,-0.22,-1.50,1,Dragon Wave_CZ1,0.70,0.70hrs
28/04/2026 15:01:10,sell,0.02,USDCHF,0.79093,28/04/2026 21:01:07,0.78911,0.00,0.00,18.20,4.61,5.07,20.00,-0.23,-0.90,1,Dragon Wave_HZ1,6.00,6.00hrs
28/04/2026 20:00:02,sell,0.02,NZDCAD,0.80509,28/04/2026 20:04:41,0.80505,0.00,0.00,0.40,0.05,0.05,0.40,-0.23,-1.60,1,Dragon Wave_AZ1,0.08,0.08hrs
28/04/2026 15:00:59,buy,0.02,NZDUSD,0.58689,28/04/2026 19:00:24,0.58873,0.00,0.00,18.40,3.68,3.68,18.40,-0.46,-2.30,1,Dragon Wave_HZ1,3.99,3.99hrs
28/04/2026 13:30:29,buy,0.02,NZDUSD,0.58820,28/04/2026 18:26:54,0.58834,0.00,0.00,1.40,0.28,0.28,1.40,-3.08,-15.40,1,Dragon Wave_GZ1,4.94,4.94hrs
28/04/2026 13:15:36,sell,0.02,USDCHF,0.78991,28/04/2026 18:01:05,0.78960,0.00,0.00,3.10,0.79,1.17,4.60,-2.81,-11.10,1,Dragon Wave_GZ1,4.76,4.76hrs
28/04/2026 14:30:59,sell,0.02,EURGBP,0.86731,28/04/2026 17:30:45,0.86658,0.00,0.00,7.30,1.97,1.97,7.30,-1.45,-5.00,1,Dragon Wave_GZ1,3.00,3.00hrs
28/04/2026 13:30:24,buy,0.02,NZDUSD,0.58817,28/04/2026 16:43:09,0.58827,0.00,0.00,1.00,0.20,0.20,1.00,-3.02,-15.10,1,Dragon Wave_FZ1,3.21,3.21hrs
28/04/2026 15:01:32,buy,0.02,NZDCAD,0.80237,28/04/2026 16:42:58,0.80383,0.00,0.00,14.60,2.14,2.14,14.60,-0.20,-1.40,1,Dragon Wave_HZ1,1.69,1.69hrs
28/04/2026 14:00:40,sell,0.02,EURGBP,0.86717,28/04/2026 16:00:58,0.86699,0.00,0.00,1.80,0.48,0.81,2.60,-1.83,-6.10,1,Dragon Wave_FZ1,2.00,2.00hrs
28/04/2026 15:00:48,buy,0.02,NZDUSD,0.58689,28/04/2026 15:56:48,0.58760,0.00,0.00,7.10,1.42,1.42,7.10,-0.46,-2.30,1,Dragon Wave_CZ1,0.93,0.93hrs
28/04/2026 14:00:25,sell,0.02,EURGBP,0.86714,28/04/2026 15:49:02,0.86704,0.00,0.00,1.00,0.27,0.27,1.00,-1.91,-6.70,1,Dragon Wave_CZ1,1.81,1.81hrs
28/04/2026 14:00:18,sell,0.02,EURGBP,0.86712,28/04/2026 15:48:58,0.86704,0.00,0.00,0.80,0.22,0.22,0.80,-1.97,-6.90,1,Dragon Wave_BZ1,1.81,1.81hrs
28/04/2026 15:00:30,buy,0.02,GBPUSD,1.34694,28/04/2026 15:43:16,1.34881,0.00,0.00,18.70,3.74,3.74,18.70,-1.04,-5.20,1,Dragon Wave_FZ1,0.71,0.71hrs
28/04/2026 10:01:39,buy,0.02,NZDCAD,0.80286,28/04/2026 13:01:06,0.80404,0.00,0.00,11.80,1.73,1.83,12.50,-0.29,-2.00,1,Dragon Wave_GZ1,2.99,2.99hrs
28/04/2026 10:00:59,sell,0.02,USDCHF,0.78945,28/04/2026 11:08:12,0.78901,0.00,0.00,4.40,1.12,2.41,8.90,-0.53,-1.20,1,Dragon Wave_CZ1,1.12,1.12hrs
28/04/2026 10:00:31,buy,0.02,CHFJPY,201.87000,28/04/2026 11:06:18,202.38700,0.00,0.00,51.70,6.48,6.48,51.70,-0.14,-1.10,1,Dragon Wave_GZ1,1.10,1.10hrs
28/04/2026 09:48:17,buy,0.02,CHFJPY,201.93600,28/04/2026 11:03:08,202.28500,0.00,0.00,34.90,4.37,4.37,34.90,-0.97,-7.70,1,Dragon Wave_FZ1,1.25,1.25hrs
28/04/2026 06:15:35,buy,0.02,NZDJPY,93.93000,28/04/2026 10:49:53,93.93900,0.00,0.00,0.90,0.11,0.11,0.90,-2.56,-20.40,1,Dragon Wave_CZ1,4.57,4.57hrs
28/04/2026 10:15:44,buy,0.02,GBPCAD,1.84198,28/04/2026 10:26:40,1.84286,0.00,0.00,8.80,1.29,1.29,8.80,-0.37,-2.50,1,Dragon Wave_CZ1,0.18,0.18hrs
28/04/2026 09:48:11,buy,0.02,CHFJPY,201.93600,28/04/2026 10:14:15,202.00900,0.00,0.00,7.30,0.92,0.92,7.30,-0.97,-7.70,1,Dragon Wave_CZ1,0.43,0.43hrs
28/04/2026 09:48:11,buy,0.02,EURJPY,186.11400,28/04/2026 09:48:22,186.22000,0.00,0.00,10.60,1.33,1.33,10.60,0.00,0.00,1,Dragon Wave_CZ1,0.00,0.00hrs
28/04/2026 07:45:16,buy,0.02,USDJPY,158.97200,28/04/2026 07:57:20,159.06900,0.00,0.00,9.70,1.22,1.22,9.70,-0.04,-0.30,1,Dragon Wave_BZ1,0.20,0.20hrs
27/04/2026 13:30:14,sell,0.02,NZDJPY,94.10800,28/04/2026 05:35:03,94.09700,0.00,-0.08,1.10,0.06,0.28,2.20,-2.60,-20.10,1,Dragon Wave_CZ1,16.08,16.08hrs
28/04/2026 03:16:12,buy,0.02,EURNZD,1.98208,28/04/2026 04:15:57,1.98302,0.00,0.00,9.40,1.11,1.36,11.50,-0.47,-4.00,1,Dragon Wave_GZ1,1.00,1.00hrs
27/04/2026 20:01:01,sell,0.02,AUDJPY,114.59400,28/04/2026 04:08:22,114.57100,0.00,-0.16,2.30,0.13,0.48,3.80,-1.68,-12.10,1,Dragon Wave_HZ1,8.12,8.12hrs
27/04/2026 16:02:23,buy,0.02,GBPCAD,1.84279,27/04/2026 23:01:01,1.84510,0.00,0.00,23.10,3.39,4.14,28.20,-0.26,-1.50,1,Dragon Wave_HZ1,6.98,6.98hrs
27/04/2026 15:16:21,sell,0.02,AUDUSD,0.71942,27/04/2026 23:00:59,0.71860,0.00,0.00,8.20,1.64,1.86,9.20,-0.94,-4.70,1,Dragon Wave_HZ1,7.74,7.74hrs
27/04/2026 18:30:40,sell,0.02,NZDCHF,0.46428,27/04/2026 21:45:38,0.46425,0.00,0.00,0.30,0.08,0.08,0.30,-0.97,-3.70,1,Dragon Wave_FZ1,3.25,3.25hrs
27/04/2026 18:30:12,buy,0.02,EURNZD,1.98311,27/04/2026 21:45:37,1.98334,0.00,0.00,2.30,0.27,0.65,5.50,-1.16,-9.80,1,Dragon Wave_FZ1,3.26,3.26hrs
27/04/2026 18:45:37,sell,0.02,NZDJPY,94.27000,27/04/2026 21:44:40,94.22100,0.00,0.00,4.90,0.61,0.61,4.90,-0.34,-2.70,1,Dragon Wave_FZ1,2.98,2.98hrs
27/04/2026 11:45:25,sell,0.02,NZDUSD,0.59099,27/04/2026 20:18:32,0.59093,0.00,0.00,0.60,0.12,0.12,0.60,-2.66,-13.30,1,Dragon Wave_CZ1,8.55,8.55hrs
27/04/2026 16:15:47,buy,0.02,GBPNZD,2.28991,27/04/2026 19:30:57,2.29089,0.00,0.00,9.80,1.15,1.59,13.30,-0.96,-8.10,1,Dragon Wave_FZ1,3.25,3.25hrs
27/04/2026 12:30:25,buy,0.02,GBPCAD,1.84485,27/04/2026 17:56:30,1.84567,0.00,0.00,8.20,1.21,1.69,11.50,-4.07,-27.70,1,Dragon Wave_GZ1,5.43,5.43hrs
27/04/2026 15:15:07,buy,0.02,USDCAD,1.36006,27/04/2026 17:54:06,1.36103,0.00,0.00,9.70,1.43,1.43,9.70,-0.37,-2.50,1,Dragon Wave_FZ1,2.65,2.65hrs
27/04/2026 11:18:00,buy,0.02,GBPCAD,1.84583,27/04/2026 17:46:35,1.84451,0.00,0.00,-13.20,-1.94,0.25,1.70,-5.51,-37.50,1,Dragon Wave_FZ1,6.48,6.48hrs
27/04/2026 16:01:58,buy,0.03,GBPCAD,1.84250,27/04/2026 17:46:32,1.84450,0.00,0.00,20.00,4.41,4.43,20.10,0.00,0.00,1,Dragon Wave_FZ2,1.74,1.74hrs
27/04/2026 14:30:41,buy,0.02,AUDNZD,1.21512,27/04/2026 17:00:49,1.21570,0.00,0.00,5.80,0.69,0.69,5.80,-0.57,-4.80,1,Dragon Wave_FZ1,2.50,2.50hrs
27/04/2026 15:15:32,sell,0.02,NZDUSD,0.59189,27/04/2026 16:49:42,0.59107,0.00,0.00,8.20,1.64,1.64,8.20,-0.70,-3.50,1,Dragon Wave_FZ1,1.57,1.57hrs
27/04/2026 14:30:15,sell,0.02,NZDCHF,0.46390,27/04/2026 16:43:43,0.46381,0.00,0.00,0.90,0.23,0.23,0.90,-1.20,-4.40,1,Dragon Wave_CZ1,2.22,2.22hrs
27/04/2026 14:30:27,buy,0.02,AUDNZD,1.21516,27/04/2026 16:41:43,1.21533,0.00,0.00,1.70,0.20,0.20,1.70,-0.59,-5.00,1,Dragon Wave_CZ1,2.19,2.19hrs
27/04/2026 12:30:41,buy,0.02,USDCAD,1.36118,27/04/2026 14:13:41,1.36140,0.00,0.00,2.20,0.32,0.32,2.20,-0.97,-6.60,1,Dragon Wave_CZ1,1.72,1.72hrs
27/04/2026 09:15:42,buy,0.02,AUDCAD,0.97842,27/04/2026 09:49:29,0.97860,0.00,0.00,1.80,0.26,0.34,2.30,-0.37,-2.50,1,Dragon Wave_BZ1,0.56,0.56hrs
27/04/2026 06:45:41,sell,0.02,AUDCAD,0.98039,27/04/2026 08:15:54,0.97935,0.00,0.00,10.40,1.52,1.64,11.20,0.00,0.00,1,Dragon Wave_FZ1,1.50,1.50hrs
27/04/2026 05:45:12,sell,0.02,AUDCAD,0.97977,27/04/2026 07:49:59,0.97971,0.00,0.00,0.60,0.09,0.09,0.60,-0.98,-6.70,1,Dragon Wave_AZ1,2.08,2.08hrs
27/04/2026 06:15:34,sell,0.02,AUDCAD,0.98004,27/04/2026 07:12:52,0.97998,0.00,0.00,0.60,0.09,0.09,0.60,-0.59,-4.00,1,Dragon Wave_BZ1,0.95,0.95hrs
27/04/2026 06:45:34,sell,0.02,AUDUSD,0.71766,27/04/2026 07:11:07,0.71724,0.00,0.00,4.20,0.84,0.84,4.20,0.00,0.00,1,Dragon Wave_BZ1,0.43,0.43hrs
24/04/2026 17:16:35,sell,0.02,NZDCAD,0.80406,24/04/2026 21:30:54,0.80332,0.00,0.00,7.40,1.08,1.72,11.80,-0.48,-3.30,1,Dragon Wave_GZ1,4.24,4.24hrs
24/04/2026 17:30:30,buy,0.02,AUDNZD,1.21547,24/04/2026 18:47:42,1.21668,0.00,0.00,12.10,1.42,1.42,12.10,-0.16,-1.40,1,Dragon Wave_GZ1,1.29,1.29hrs
24/04/2026 15:45:24,buy,0.02,AUDNZD,1.21585,24/04/2026 18:01:24,1.21655,0.00,0.00,7.00,0.82,0.82,7.00,-0.61,-5.20,1,Dragon Wave_FZ1,2.27,2.27hrs
24/04/2026 17:16:29,sell,0.02,GBPCAD,1.84892,24/04/2026 17:53:58,1.84685,0.00,0.00,20.70,3.03,3.03,20.70,-1.31,-9.00,1,Dragon Wave_FZ1,0.62,0.62hrs
24/04/2026 15:15:57,sell,0.02,NZDCAD,0.80364,24/04/2026 16:32:20,0.80276,0.00,0.00,8.80,1.29,1.34,9.20,-0.26,-1.80,1,Dragon Wave_FZ1,1.27,1.27hrs
24/04/2026 15:15:21,sell,0.02,NZDCAD,0.80365,24/04/2026 15:49:35,0.80286,0.00,0.00,7.90,1.16,1.16,7.90,-0.25,-1.70,1,Dragon Wave_CZ1,0.57,0.57hrs
23/04/2026 07:30:54,sell,0.02,AUDNZD,1.21453,24/04/2026 15:45:52,1.21574,0.00,-0.09,-12.10,-1.51,0.22,1.90,-6.12,-51.50,1,Dragon Wave_HZ1,32.25,1.34days
23/04/2026 16:45:57,sell,0.03,AUDNZD,1.21681,24/04/2026 15:45:49,1.21580,0.00,-0.14,10.10,1.64,1.64,10.10,-5.18,-28.70,1,Dragon Wave_HZ2,23.00,23.00hrs
24/04/2026 14:30:23,sell,0.02,NZDUSD,0.58761,24/04/2026 15:19:16,0.58716,0.00,0.00,4.50,0.90,0.90,4.50,-0.14,-0.70,1,Dragon Wave_BZ1,0.81,0.81hrs
24/04/2026 14:30:18,sell,0.02,AUDCAD,0.97858,24/04/2026 14:38:46,0.97770,0.00,0.00,8.80,1.29,1.29,8.80,0.00,0.00,1,Dragon Wave_BZ1,0.14,0.14hrs
24/04/2026 06:15:40,sell,0.02,GBPNZD,2.30231,24/04/2026 12:12:48,2.30019,0.00,0.00,21.20,2.48,2.88,24.60,-1.51,-12.90,1,Dragon Wave_HZ1,5.95,5.95hrs
23/04/2026 18:46:48,sell,0.02,AUDNZD,1.21742,24/04/2026 04:18:47,1.21721,0.00,-0.09,2.10,0.16,0.16,2.10,-2.74,-22.60,1,Dragon Wave_FZ1,9.53,9.53hrs
23/04/2026 20:46:35,buy,0.02,NZDJPY,93.41700,24/04/2026 01:45:33,93.52200,0.00,0.04,10.50,1.35,2.57,20.50,-1.45,-11.90,1,Dragon Wave_GZ1,4.98,4.98hrs
23/04/2026 19:45:37,sell,0.02,AUDNZD,1.21768,23/04/2026 20:47:20,1.21753,0.00,0.00,1.50,0.18,0.18,1.50,-0.48,-4.10,1,Dragon Wave_CZ1,1.03,1.03hrs
23/04/2026 18:31:10,sell,0.02,AUDCAD,0.97937,23/04/2026 20:09:35,0.97839,0.00,0.00,9.80,1.43,1.43,9.80,-0.63,-4.30,1,Dragon Wave_GZ1,1.64,1.64hrs
23/04/2026 19:45:35,sell,0.02,AUDCAD,0.97962,23/04/2026 20:05:37,0.97846,0.00,0.00,11.60,1.69,1.69,11.60,-0.26,-1.80,1,Dragon Wave_FZ1,0.33,0.33hrs
21/04/2026 17:45:51,buy,0.02,EURGBP,0.86952,23/04/2026 18:19:16,0.86723,0.00,-0.72,-22.90,-6.91,1.03,3.80,-11.95,-41.60,1,Dragon Wave_GZ1,48.56,2.02days
22/04/2026 17:15:20,buy,0.03,EURGBP,0.86811,23/04/2026 18:19:12,0.86718,0.00,-0.81,-9.30,-4.58,0.12,0.30,-11.95,-27.50,1,Dragon Wave_GZ2,25.06,1.04days
22/04/2026 20:01:34,buy,0.05,EURGBP,0.86727,23/04/2026 18:19:07,0.86715,0.00,-1.36,-1.20,-2.17,1.74,4.60,-14.25,-19.10,1,Dragon Wave_GZ3,22.29,22.29hrs
23/04/2026 13:30:21,buy,0.08,EURGBP,0.86572,23/04/2026 18:19:04,0.86715,0.00,0.00,14.30,15.45,15.45,14.30,-3.89,-3.60,1,Dragon Wave_GZ4,4.81,4.81hrs
23/04/2026 06:31:03,buy,0.02,NZDCAD,0.80464,23/04/2026 17:54:40,0.80478,0.00,0.00,1.40,0.21,0.70,4.80,-2.53,-17.30,1,Dragon Wave_HZ1,11.39,11.39hrs
22/04/2026 19:30:35,sell,0.02,USDCHF,0.78367,23/04/2026 17:53:11,0.78354,0.00,-0.82,1.30,-0.49,0.36,1.40,-6.75,-23.30,1,Dragon Wave_FZ1,22.38,22.38hrs
22/04/2026 18:30:07,buy,0.02,EURGBP,0.86778,23/04/2026 16:20:50,0.86693,0.00,-0.54,-8.50,-2.84,0.22,0.80,-7.07,-24.20,1,Dragon Wave_CZ1,21.85,21.85hrs
23/04/2026 12:30:13,buy,0.03,EURGBP,0.86623,23/04/2026 16:20:47,0.86692,0.00,0.00,6.90,2.79,2.79,6.90,-3.52,-8.70,1,Dragon Wave_CZ2,3.84,3.84hrs
22/04/2026 18:45:45,buy,0.02,EURGBP,0.86767,23/04/2026 15:44:47,0.86653,0.00,-0.54,-11.40,-3.61,0.03,0.60,-6.78,-23.10,1,Dragon Wave_FZ1,20.98,20.98hrs
23/04/2026 11:45:55,buy,0.03,EURGBP,0.86645,23/04/2026 15:44:44,0.86654,0.00,0.00,0.90,0.36,1.34,3.30,-4.41,-10.90,1,Dragon Wave_FZ2,3.98,3.98hrs
23/04/2026 13:30:16,buy,0.05,EURGBP,0.86572,23/04/2026 15:44:40,0.86655,0.00,0.00,8.30,5.60,5.60,8.30,-2.43,-3.60,1,Dragon Wave_FZ3,2.24,2.24hrs
23/04/2026 06:30:46,buy,0.02,NZDCAD,0.80461,23/04/2026 15:09:03,0.80477,0.00,0.00,1.60,0.24,0.75,5.10,-2.49,-17.00,1,Dragon Wave_GZ1,8.64,8.64hrs
23/04/2026 12:15:35,buy,0.02,NZDCHF,0.46137,23/04/2026 14:53:22,0.46178,0.00,0.00,4.10,1.05,1.05,4.10,-0.23,-0.90,1,Dragon Wave_FZ1,2.63,2.63hrs
23/04/2026 14:01:36,buy,0.02,NZDUSD,0.58742,23/04/2026 14:52:08,0.58843,0.00,0.00,10.10,2.02,2.02,10.10,-0.16,-0.80,1,Dragon Wave_GZ1,0.84,0.84hrs
23/04/2026 13:00:23,buy,0.02,NZDCAD,0.80342,23/04/2026 14:42:33,0.80353,0.00,0.00,1.10,0.16,0.16,1.10,-0.75,-5.10,1,Dragon Wave_CZ1,1.70,1.70hrs
23/04/2026 13:30:26,sell,0.02,GBPNZD,2.29715,23/04/2026 13:57:32,2.29590,0.00,0.00,12.50,1.47,1.47,12.50,0.00,0.00,1,Dragon Wave_BZ1,0.45,0.45hrs
23/04/2026 09:01:21,sell,0.02,AUDNZD,1.21479,23/04/2026 13:45:40,1.21476,0.00,0.00,0.30,0.03,0.46,3.90,-1.60,-13.60,1,Dragon Wave_GZ1,4.74,4.74hrs
23/04/2026 06:45:48,sell,0.02,AUDNZD,1.21380,23/04/2026 13:38:47,1.21492,0.00,0.00,-11.20,-1.31,0.00,0.00,-2.76,-23.50,1,Dragon Wave_CZ1,6.88,6.88hrs
23/04/2026 12:15:41,sell,0.03,AUDNZD,1.21585,23/04/2026 13:38:42,1.21492,0.00,0.00,9.30,1.64,1.64,9.30,-0.28,-1.60,1,Dragon Wave_CZ2,1.38,1.38hrs
23/04/2026 12:00:43,sell,0.02,AUDNZD,1.21522,23/04/2026 13:30:29,1.21517,0.00,0.00,0.50,0.06,0.06,0.50,-1.09,-9.30,1,Dragon Wave_FZ1,1.50,1.50hrs
23/04/2026 13:15:28,sell,0.02,GBPNZD,2.29668,23/04/2026 13:19:36,2.29614,0.00,0.00,5.40,0.64,0.64,5.40,-0.35,-3.00,1,Dragon Wave_AZ1,0.07,0.07hrs
23/04/2026 06:30:37,buy,0.02,NZDCAD,0.80465,23/04/2026 10:45:41,0.80487,0.00,0.00,2.20,0.32,0.35,2.40,-1.42,-9.70,1,Dragon Wave_FZ1,4.25,4.25hrs
22/04/2026 22:01:21,sell,0.02,USDCHF,0.78446,23/04/2026 10:06:45,0.78427,0.00,-0.82,1.90,-0.34,0.10,2.30,-4.33,-13.80,1,Dragon Wave_GZ1,12.09,12.09hrs
22/04/2026 18:45:36,buy,0.02,EURGBP,0.86770,23/04/2026 09:27:53,0.86775,0.00,-0.54,0.50,-0.40,0.00,0.50,-4.51,-14.70,1,Dragon Wave_BZ1,14.70,14.70hrs
23/04/2026 06:30:26,buy,0.02,NZDCAD,0.80465,23/04/2026 08:52:52,0.80485,0.00,0.00,2.00,0.29,0.29,2.00,-1.42,-9.70,1,Dragon Wave_CZ1,2.37,2.37hrs
23/04/2026 06:01:11,buy,0.02,CHFJPY,203.07600,23/04/2026 08:31:20,203.16000,0.00,0.00,8.40,1.05,1.05,8.40,-0.89,-7.10,1,Dragon Wave_GZ1,2.50,2.50hrs
23/04/2026 07:30:20,sell,0.02,AUDNZD,1.21455,23/04/2026 08:31:06,1.21448,0.00,0.00,0.70,0.08,0.25,2.10,-0.05,-0.40,1,Dragon Wave_BZ1,1.01,1.01hrs
23/04/2026 07:00:47,buy,0.02,NZDJPY,93.81400,23/04/2026 07:45:48,93.88100,0.00,0.00,6.70,0.84,0.84,6.70,-0.50,-4.00,1,Dragon Wave_BZ1,0.75,0.75hrs
23/04/2026 07:00:40,buy,0.02,NZDJPY,93.82000,23/04/2026 07:30:32,93.85500,0.00,0.00,3.50,0.44,0.44,3.50,-0.58,-4.60,1,Dragon Wave_AZ1,0.50,0.50hrs
22/04/2026 16:45:23,sell,0.02,NZDCHF,0.46245,23/04/2026 06:23:20,0.46237,0.00,-0.35,0.80,-0.14,0.00,0.80,-5.96,-22.00,1,Dragon Wave_FZ1,13.63,13.63hrs
22/04/2026 20:16:30,buy,0.02,EURGBP,0.86689,23/04/2026 06:15:32,0.86737,0.00,-0.54,4.80,0.76,0.78,4.90,-2.32,-6.60,1,Dragon Wave_HZ1,9.98,9.98hrs
22/04/2026 23:00:22,sell,0.02,AUDCHF,0.56184,23/04/2026 03:13:08,0.56139,0.00,-0.62,4.50,0.53,0.53,4.50,-2.16,-8.50,1,Dragon Wave_FZ1,4.21,4.21hrs
22/04/2026 21:00:33,sell,0.02,AUDCHF,0.56146,23/04/2026 03:13:02,0.56139,0.00,-0.62,0.70,-0.44,0.00,0.70,-3.13,-12.30,1,Dragon Wave_CZ1,6.21,6.21hrs
22/04/2026 07:00:29,buy,0.02,AUDNZD,1.21166,22/04/2026 16:15:42,1.21177,0.00,0.00,1.10,0.13,0.50,4.20,-1.17,-9.90,1,Dragon Wave_FZ1,9.25,9.25hrs
22/04/2026 15:45:32,sell,0.02,USDCHF,0.78290,22/04/2026 16:09:32,0.78230,0.00,0.00,6.00,1.53,1.53,6.00,-0.77,-3.00,1,Dragon Wave_CZ1,0.40,0.40hrs
22/04/2026 11:45:42,buy,0.02,EURGBP,0.86879,22/04/2026 14:01:08,0.86909,0.00,0.00,3.00,0.81,0.92,3.40,-1.06,-3.90,1,Dragon Wave_HZ1,2.26,2.26hrs
22/04/2026 10:45:19,buy,0.02,AUDNZD,1.21106,22/04/2026 13:45:18,1.21154,0.00,0.00,4.80,0.57,0.58,4.90,-0.46,-3.90,1,Dragon Wave_GZ1,3.00,3.00hrs
22/04/2026 11:00:35,sell,0.02,NZDUSD,0.59206,22/04/2026 12:24:03,0.59139,0.00,0.00,6.70,1.34,1.34,6.70,-0.42,-2.10,1,Dragon Wave_FZ1,1.39,1.39hrs
22/04/2026 09:15:06,sell,0.02,NZDCAD,0.80784,22/04/2026 11:33:47,0.80726,0.00,0.00,5.80,0.85,0.85,5.80,-0.60,-4.10,1,Dragon Wave_FZ1,2.31,2.31hrs
21/04/2026 20:15:18,buy,0.02,NZDCAD,0.80395,21/04/2026 20:43:25,0.80561,0.00,0.00,16.60,2.43,2.43,16.60,-0.63,-4.30,1,Dragon Wave_GZ1,0.47,0.47hrs
21/04/2026 20:15:14,buy,0.02,NZDCAD,0.80402,21/04/2026 20:42:41,0.80542,0.00,0.00,14.00,2.05,2.05,14.00,-0.73,-5.00,1,Dragon Wave_FZ1,0.46,0.46hrs
21/04/2026 20:15:34,buy,0.02,NZDUSD,0.58796,21/04/2026 20:42:26,0.58978,0.00,0.00,18.20,3.64,3.64,18.20,-0.68,-3.40,1,Dragon Wave_FZ1,0.45,0.45hrs
21/04/2026 20:15:30,buy,0.02,EURUSD,1.17246,21/04/2026 20:38:58,1.17429,0.00,0.00,18.30,3.66,3.66,18.30,-0.68,-3.40,1,Dragon Wave_CZ1,0.39,0.39hrs
21/04/2026 09:15:46,buy,0.02,AUDNZD,1.21226,21/04/2026 14:15:54,1.21229,0.00,0.00,0.30,0.03,0.24,2.00,-1.34,-11.30,1,Dragon Wave_GZ1,5.00,5.00hrs
21/04/2026 11:00:48,buy,0.02,AUDCAD,0.97666,21/04/2026 14:00:22,0.97769,0.00,0.00,10.30,1.51,1.54,10.50,-0.85,-5.80,1,Dragon Wave_GZ1,2.99,2.99hrs
21/04/2026 10:45:35,buy,0.02,AUDCAD,0.97726,21/04/2026 13:45:37,0.97728,0.00,0.00,0.20,0.03,0.20,1.40,-1.73,-11.80,1,Dragon Wave_FZ1,3.00,3.00hrs
21/04/2026 10:00:24,buy,0.02,AUDNZD,1.21132,21/04/2026 13:45:15,1.21211,0.00,0.00,7.90,0.94,1.14,9.70,-0.22,-1.90,1,Dragon Wave_FZ1,3.75,3.75hrs
21/04/2026 06:15:35,buy,0.02,GBPCAD,1.84482,21/04/2026 09:03:29,1.84589,0.00,0.00,10.70,1.57,1.57,10.70,-0.63,-4.30,1,Dragon Wave_GZ1,2.80,2.80hrs
15/04/2026 16:45:26,sell,0.02,AUDNZD,1.21168,21/04/2026 03:21:12,1.21359,0.00,-0.55,-19.10,-2.81,0.47,4.00,-13.38,-108.90,1,Dragon Wave_HZ1,130.60,5.44days
16/04/2026 07:00:12,sell,0.03,AUDNZD,1.21521,21/04/2026 03:21:08,1.21364,0.00,-0.42,15.70,2.37,2.37,15.70,-13.42,-73.60,1,Dragon Wave_HZ2,116.35,4.85days
20/04/2026 21:30:42,buy,0.02,USDCAD,1.36368,20/04/2026 23:30:39,1.36490,0.00,0.00,12.20,1.79,1.80,12.30,0.00,0.00,1,Dragon Wave_FZ1,2.00,2.00hrs
20/04/2026 21:30:12,buy,0.02,GBPCAD,1.84600,20/04/2026 23:30:34,1.84715,0.00,0.00,11.50,1.69,1.69,11.50,-0.16,-1.10,1,Dragon Wave_FZ1,2.01,2.01hrs
20/04/2026 22:00:32,sell,0.02,CADJPY,116.46000,20/04/2026 22:57:42,116.39500,0.00,0.00,6.50,0.82,0.82,6.50,0.00,0.00,1,Dragon Wave_CZ1,0.95,0.95hrs
20/04/2026 18:00:20,buy,0.02,GBPCAD,1.84761,20/04/2026 18:53:10,1.84834,0.00,0.00,7.30,1.07,1.11,7.60,-1.35,-9.20,1,Dragon Wave_CZ1,0.88,0.88hrs
20/04/2026 18:00:12,buy,0.02,GBPCAD,1.84751,20/04/2026 18:51:18,1.84809,0.00,0.00,5.80,0.84,1.26,8.60,-1.20,-8.20,1,Dragon Wave_BZ1,0.85,0.85hrs
20/04/2026 00:15:24,buy,0.02,AUDJPY,113.29800,20/04/2026 03:30:46,113.68200,0.00,0.00,38.40,4.83,4.83,38.40,-3.41,-27.10,1,Dragon Wave_HZ1,3.26,3.26hrs
20/04/2026 00:15:32,buy,0.02,NZDJPY,93.16300,20/04/2026 03:05:25,93.43000,0.00,0.00,26.70,3.36,3.36,26.70,-3.50,-27.80,1,Dragon Wave_HZ1,2.83,2.83hrs
17/04/2026 17:45:59,buy,0.02,EURJPY,186.45000,20/04/2026 03:01:25,186.89700,0.00,0.06,44.70,5.68,5.68,44.70,-2.16,-17.60,1,Dragon Wave_HZ1,57.26,2.39days
16/04/2026 04:45:49,sell,0.02,AUDNZD,1.21407,20/04/2026 02:49:09,1.21645,0.00,-0.19,-23.80,-2.98,0.00,0.00,-7.47,-61.80,1,Dragon Wave_FZ1,94.06,3.92days
16/04/2026 07:30:24,sell,0.03,AUDNZD,1.21536,20/04/2026 02:49:06,1.21647,0.00,-0.28,-11.10,-2.23,0.71,4.00,-8.92,-48.90,1,Dragon Wave_FZ2,91.31,3.80days
17/04/2026 11:31:02,sell,0.05,AUDNZD,1.21843,20/04/2026 02:49:03,1.21642,0.00,-0.23,20.10,5.67,5.67,20.10,-5.59,-18.20,1,Dragon Wave_FZ3,63.30,2.64days
17/04/2026 17:15:50,buy,0.02,EURJPY,186.75900,20/04/2026 02:22:31,186.77800,0.00,0.06,1.90,0.30,0.30,1.90,-6.05,-48.50,1,Dragon Wave_CZ1,57.11,2.38days
17/04/2026 17:16:18,buy,0.02,EURJPY,186.71500,20/04/2026 02:18:04,186.75600,0.00,0.06,4.10,0.57,0.57,4.10,-5.49,-44.10,1,Dragon Wave_FZ1,57.03,2.38days
17/04/2026 17:16:24,buy,0.02,EURJPY,186.70200,20/04/2026 02:07:39,186.74100,0.00,0.06,3.90,0.55,0.55,3.90,-5.33,-42.80,1,Dragon Wave_GZ1,56.85,2.37days
17/04/2026 17:46:27,buy,0.02,AUDJPY,113.65400,20/04/2026 01:45:55,113.54400,0.00,0.12,-11.00,-1.27,0.92,7.30,-7.77,-62.70,1,Dragon Wave_GZ1,55.99,2.33days
20/04/2026 00:15:16,buy,0.03,AUDJPY,113.30400,20/04/2026 01:45:52,113.54400,0.00,0.00,24.00,4.53,4.53,24.00,-5.23,-27.70,1,Dragon Wave_GZ2,1.51,1.51hrs
20/04/2026 00:15:24,buy,0.02,AUDCHF,0.55786,20/04/2026 01:45:39,0.55953,0.00,0.00,16.70,4.26,4.26,16.70,-4.40,-17.20,1,Dragon Wave_GZ1,1.50,1.50hrs
20/04/2026 00:15:10,buy,0.02,NZDJPY,93.16300,20/04/2026 01:44:19,93.31300,0.00,0.00,15.00,1.89,1.89,15.00,-3.50,-27.80,1,Dragon Wave_GZ1,1.49,1.49hrs
17/04/2026 17:46:23,buy,0.02,GBPJPY,214.09700,20/04/2026 01:35:13,214.43000,0.00,0.18,33.30,4.37,4.63,36.70,-0.18,-2.90,1,Dragon Wave_GZ1,55.81,2.33days
20/04/2026 00:15:14,buy,0.02,AUDCHF,0.55788,20/04/2026 01:30:47,0.55921,0.00,0.00,13.30,3.39,3.39,13.30,-4.46,-17.40,1,Dragon Wave_FZ1,1.26,1.26hrs
20/04/2026 00:15:01,buy,0.02,NZDJPY,93.16300,20/04/2026 01:30:44,93.21800,0.00,0.00,5.50,0.69,0.69,5.50,-3.50,-27.80,1,Dragon Wave_FZ1,1.26,1.26hrs
20/04/2026 00:15:17,buy,0.02,EURCHF,0.91829,20/04/2026 01:01:06,0.91866,0.00,0.00,3.70,0.94,0.94,3.70,-4.76,-18.60,1,Dragon Wave_FZ1,0.76,0.76hrs
17/04/2026 17:45:56,buy,0.02,CADJPY,115.33500,20/04/2026 00:01:21,115.95200,0.00,0.04,61.70,7.82,7.82,61.70,0.00,0.00,1,Dragon Wave_HZ1,54.26,2.26days
17/04/2026 21:45:35,buy,0.02,EURGBP,0.87028,17/04/2026 23:00:51,0.87055,0.00,0.00,2.70,0.73,0.73,2.70,-0.62,-2.30,1,Dragon Wave_FZ1,1.25,1.25hrs
17/04/2026 17:48:39,buy,0.02,USDJPY,157.66300,17/04/2026 23:00:48,158.58700,0.00,0.00,92.40,11.65,11.65,92.40,0.00,0.00,1,Dragon Wave_HZ1,5.20,5.20hrs
17/04/2026 17:46:06,buy,0.02,AUDJPY,113.65400,17/04/2026 22:45:46,113.68900,0.00,0.00,3.50,0.44,0.87,6.90,-0.89,-7.00,1,Dragon Wave_FZ1,4.99,4.99hrs
17/04/2026 17:31:13,buy,0.02,CADJPY,115.59700,17/04/2026 22:01:00,115.84400,0.00,0.00,24.70,3.12,3.12,24.70,-0.47,-3.70,1,Dragon Wave_GZ1,4.50,4.50hrs
17/04/2026 17:46:04,buy,0.02,GBPJPY,214.10100,17/04/2026 21:45:29,214.43000,0.00,0.00,32.90,4.15,4.15,32.90,0.00,0.00,1,Dragon Wave_FZ1,3.99,3.99hrs
17/04/2026 17:46:35,buy,0.02,USDJPY,157.70200,17/04/2026 21:45:13,158.31500,0.00,0.00,61.30,7.74,7.74,61.30,0.00,0.00,1,Dragon Wave_GZ1,3.98,3.98hrs
17/04/2026 17:31:03,buy,0.02,CADJPY,115.60700,17/04/2026 21:16:00,115.73500,0.00,0.00,12.80,1.62,1.71,13.50,-0.60,-4.70,1,Dragon Wave_FZ1,3.75,3.75hrs
17/04/2026 16:01:25,buy,0.02,USDJPY,158.44400,17/04/2026 20:30:47,158.20200,0.00,0.00,-24.20,-3.06,0.00,0.00,-6.13,-48.40,1,Dragon Wave_FZ1,4.49,4.49hrs
17/04/2026 17:46:24,buy,0.03,USDJPY,157.69900,17/04/2026 20:30:42,158.20500,0.00,0.00,50.60,9.60,9.97,52.60,0.00,0.00,1,Dragon Wave_FZ2,2.74,2.74hrs
17/04/2026 17:45:14,buy,0.02,EURJPY,186.44700,17/04/2026 20:15:42,186.52000,0.00,0.00,7.30,0.93,2.71,21.40,-0.02,-0.20,1,Dragon Wave_BZ1,2.51,2.51hrs
17/04/2026 17:45:40,buy,0.02,GBPJPY,214.07300,17/04/2026 20:14:25,214.30500,0.00,0.00,23.20,2.93,4.49,35.50,0.00,0.00,1,Dragon Wave_CZ1,2.48,2.48hrs
17/04/2026 16:16:34,sell,0.02,AUDUSD,0.72129,17/04/2026 20:08:50,0.71810,0.00,0.00,31.90,6.38,6.38,31.90,0.00,0.00,1,Dragon Wave_HZ1,3.87,3.87hrs
17/04/2026 16:01:50,sell,0.02,AUDCAD,0.98465,17/04/2026 20:00:36,0.98242,0.00,0.00,22.30,3.26,3.26,22.30,0.00,0.00,1,Dragon Wave_HZ1,3.98,3.98hrs
17/04/2026 17:30:47,buy,0.02,CADJPY,115.61700,17/04/2026 18:43:51,115.71100,0.00,0.00,9.40,1.19,1.19,9.40,0.00,0.00,1,Dragon Wave_CZ1,1.22,1.22hrs
17/04/2026 17:45:32,buy,0.02,GBPJPY,214.06800,17/04/2026 18:29:41,214.31600,0.00,0.00,24.80,3.14,3.14,24.80,0.00,0.00,1,Dragon Wave_BZ1,0.74,0.74hrs
17/04/2026 16:02:21,sell,0.02,GBPCAD,1.85492,17/04/2026 18:26:49,1.85272,0.00,0.00,22.00,3.22,3.22,22.00,0.00,0.00,1,Dragon Wave_FZ1,2.41,2.41hrs
17/04/2026 17:30:23,buy,0.02,CADJPY,115.62100,17/04/2026 18:26:41,115.63000,0.00,0.00,0.90,0.12,0.12,0.90,0.00,0.00,1,Dragon Wave_BZ1,0.94,0.94hrs
17/04/2026 16:01:36,sell,0.02,NZDUSD,0.59168,17/04/2026 18:26:03,0.59056,0.00,0.00,11.20,2.24,2.24,11.20,0.00,0.00,1,Dragon Wave_FZ1,2.41,2.41hrs
17/04/2026 17:45:59,buy,0.02,USDJPY,157.65000,17/04/2026 18:25:01,158.08000,0.00,0.00,43.00,5.44,5.44,43.00,0.00,0.00,1,Dragon Wave_CZ1,0.65,0.65hrs
17/04/2026 16:01:37,sell,0.02,AUDUSD,0.72074,17/04/2026 18:21:29,0.71866,0.00,0.00,20.80,4.16,4.16,20.80,0.00,0.00,1,Dragon Wave_GZ1,2.33,2.33hrs
17/04/2026 16:01:38,sell,0.02,AUDCAD,0.98462,17/04/2026 18:21:22,0.98251,0.00,0.00,21.10,3.09,3.09,21.10,0.00,0.00,1,Dragon Wave_GZ1,2.33,2.33hrs
17/04/2026 16:01:15,sell,0.02,AUDUSD,0.72070,17/04/2026 18:16:49,0.71936,0.00,0.00,13.40,2.68,2.68,13.40,0.00,0.00,1,Dragon Wave_FZ1,2.26,2.26hrs
17/04/2026 16:00:39,sell,0.02,AUDCAD,0.98472,17/04/2026 18:15:04,0.98320,0.00,0.00,15.20,2.22,2.22,15.20,0.00,0.00,1,Dragon Wave_FZ1,2.24,2.24hrs
17/04/2026 16:01:21,sell,0.02,NZDCAD,0.80842,17/04/2026 18:00:36,0.80832,0.00,0.00,1.00,0.14,0.14,1.00,0.00,0.00,1,Dragon Wave_CZ1,1.99,1.99hrs
17/04/2026 16:00:54,sell,0.02,NZDUSD,0.59182,17/04/2026 18:00:13,0.59159,0.00,0.00,2.30,0.46,0.46,2.30,0.00,0.00,1,Dragon Wave_CZ1,1.99,1.99hrs
17/04/2026 16:00:44,sell,0.02,NZDUSD,0.59176,17/04/2026 17:52:46,0.59168,0.00,0.00,0.80,0.16,0.16,0.80,0.00,0.00,1,Dragon Wave_BZ1,1.87,1.87hrs
17/04/2026 16:01:07,sell,0.02,AUDUSD,0.72069,17/04/2026 17:50:31,0.72040,0.00,0.00,2.90,0.58,0.58,2.90,0.00,0.00,1,Dragon Wave_CZ1,1.82,1.82hrs
17/04/2026 16:00:19,sell,0.02,AUDCAD,0.98481,17/04/2026 17:13:09,0.98430,0.00,0.00,5.10,0.75,0.75,5.10,0.00,0.00,1,Dragon Wave_CZ1,1.21,1.21hrs
17/04/2026 16:00:50,sell,0.02,NZDCAD,0.80848,17/04/2026 17:12:13,0.80841,0.00,0.00,0.70,0.10,0.10,0.70,0.00,0.00,1,Dragon Wave_BZ1,1.19,1.19hrs
17/04/2026 16:00:08,sell,0.02,AUDCAD,0.98486,17/04/2026 17:10:29,0.98471,0.00,0.00,1.50,0.22,0.22,1.50,0.00,0.00,1,Dragon Wave_BZ1,1.17,1.17hrs
17/04/2026 16:01:00,sell,0.02,AUDUSD,0.72074,17/04/2026 16:47:56,0.72063,0.00,0.00,1.10,0.22,0.22,1.10,0.00,0.00,1,Dragon Wave_BZ1,0.78,0.78hrs
17/04/2026 16:02:13,sell,0.02,GBPCAD,1.85492,17/04/2026 16:47:41,1.85391,0.00,0.00,10.10,1.48,1.48,10.10,0.00,0.00,1,Dragon Wave_CZ1,0.76,0.76hrs
17/04/2026 16:00:02,sell,0.02,NZDCAD,0.80876,17/04/2026 16:47:40,0.80871,0.00,0.00,0.50,0.07,0.07,0.50,0.00,0.00,1,Dragon Wave_AZ1,0.79,0.79hrs
17/04/2026 16:01:50,sell,0.02,GBPCAD,1.85507,17/04/2026 16:47:35,1.85400,0.00,0.00,10.70,1.57,1.57,10.70,0.00,0.00,1,Dragon Wave_BZ1,0.76,0.76hrs
17/04/2026 16:01:13,sell,0.02,GBPCAD,1.85481,17/04/2026 16:47:11,1.85421,0.00,0.00,6.00,0.88,0.88,6.00,0.00,0.00,1,Dragon Wave_AZ1,0.77,0.77hrs
17/04/2026 16:00:42,sell,0.02,GBPUSD,1.35777,17/04/2026 16:27:58,1.35731,0.00,0.00,4.60,0.92,0.92,4.60,0.00,0.00,1,Dragon Wave_BZ1,0.45,0.45hrs
17/04/2026 16:00:28,sell,0.02,NZDUSD,0.59174,17/04/2026 16:27:53,0.59153,0.00,0.00,2.10,0.42,0.42,2.10,0.00,0.00,1,Dragon Wave_AZ1,0.46,0.46hrs
16/04/2026 12:45:39,buy,0.02,GBPCAD,1.85854,17/04/2026 15:50:07,1.85669,0.00,0.05,-18.50,-2.66,3.10,21.30,-15.53,-106.60,1,Dragon Wave_GZ1,27.07,1.13days
16/04/2026 17:45:35,buy,0.03,GBPCAD,1.85415,17/04/2026 15:50:03,1.85639,0.00,0.07,22.40,4.99,4.99,22.40,-13.68,-62.70,1,Dragon Wave_GZ2,22.07,22.07hrs
16/04/2026 12:01:01,buy,0.02,NZDCAD,0.80917,17/04/2026 15:49:18,0.80801,0.00,-0.02,-11.60,-1.71,0.23,1.60,-6.80,-46.40,1,Dragon Wave_HZ1,27.80,1.16days
16/04/2026 19:46:49,buy,0.03,NZDCAD,0.80719,17/04/2026 15:49:14,0.80810,0.00,-0.02,9.10,1.98,1.98,9.10,-5.85,-26.60,1,Dragon Wave_HZ2,20.04,20.04hrs
16/04/2026 12:30:35,buy,0.02,NZDCAD,0.80883,17/04/2026 15:48:06,0.80756,0.00,-0.02,-12.70,-1.88,0.41,2.80,-6.31,-43.00,1,Dragon Wave_GZ1,27.29,1.14days
16/04/2026 20:01:43,buy,0.03,NZDCAD,0.80641,17/04/2026 15:48:02,0.80761,0.00,-0.02,12.00,2.61,2.61,12.00,-4.14,-18.80,1,Dragon Wave_GZ2,19.77,19.77hrs
16/04/2026 12:00:55,buy,0.02,NZDCAD,0.80915,17/04/2026 15:47:36,0.80701,0.00,-0.02,-21.40,-3.15,0.26,1.80,-6.77,-46.20,1,Dragon Wave_FZ1,27.78,1.16days
16/04/2026 19:46:19,buy,0.03,NZDCAD,0.80712,17/04/2026 15:47:32,0.80689,0.00,-0.02,-2.30,-0.53,0.42,2.00,-5.70,-25.90,1,Dragon Wave_FZ2,20.02,20.02hrs
17/04/2026 09:15:31,buy,0.05,NZDCAD,0.80512,17/04/2026 15:47:27,0.80693,0.00,0.00,18.10,6.62,6.62,18.10,-2.16,-5.90,1,Dragon Wave_FZ3,6.53,6.53hrs
16/04/2026 18:01:35,sell,0.02,CADCHF,0.57160,17/04/2026 15:35:35,0.57152,0.00,-0.13,0.80,0.07,0.07,0.80,-3.42,-12.90,1,Dragon Wave_HZ1,21.57,21.57hrs
16/04/2026 18:00:44,buy,0.02,AUDCAD,0.98235,17/04/2026 15:34:31,0.98257,0.00,0.06,2.20,0.38,0.90,6.20,-3.38,-23.60,1,Dragon Wave_GZ1,21.56,21.56hrs
16/04/2026 18:00:29,buy,0.02,AUDCAD,0.98234,17/04/2026 15:32:15,0.98251,0.00,0.06,1.70,0.30,0.92,6.30,-3.37,-23.50,1,Dragon Wave_FZ1,21.53,21.53hrs
17/04/2026 08:00:51,sell,0.02,CADJPY,116.50700,17/04/2026 12:30:45,116.35100,0.00,0.00,15.60,1.96,1.96,15.60,-0.94,-7.50,1,Dragon Wave_HZ1,4.50,4.50hrs
16/04/2026 17:46:00,buy,0.02,GBPCAD,1.85419,17/04/2026 12:28:01,1.85135,0.00,0.05,-28.40,-4.11,1.97,13.50,-9.17,-63.10,1,Dragon Wave_HZ1,18.70,18.70hrs
17/04/2026 09:15:32,buy,0.03,GBPCAD,1.84841,17/04/2026 12:27:57,1.85132,0.00,0.00,29.10,6.39,6.39,29.10,-1.16,-5.30,1,Dragon Wave_HZ2,3.21,3.21hrs
16/04/2026 19:46:40,buy,0.02,AUDCAD,0.98144,17/04/2026 11:50:31,0.98155,0.00,0.06,1.10,0.22,0.24,1.20,-2.06,-14.50,1,Dragon Wave_HZ1,16.06,16.06hrs
17/04/2026 08:15:32,buy,0.02,GBPCAD,1.85027,17/04/2026 11:00:32,1.85034,0.00,0.00,0.70,0.11,0.16,1.10,-3.49,-23.90,1,Dragon Wave_FZ1,2.75,2.75hrs
17/04/2026 09:15:19,buy,0.02,GBPCAD,1.84852,17/04/2026 10:04:02,1.84940,0.00,0.00,8.80,1.29,1.29,8.80,-0.94,-6.40,1,Dragon Wave_CZ1,0.81,0.81hrs
14/04/2026 09:45:52,sell,0.02,NZDUSD,0.58816,17/04/2026 06:28:41,0.58808,0.00,0.03,0.80,0.19,0.19,0.80,-8.18,-41.00,1,Dragon Wave_HZ1,68.71,2.86days
16/04/2026 18:01:26,sell,0.02,CADCHF,0.57167,16/04/2026 23:01:18,0.57163,0.00,0.00,0.40,0.10,0.15,0.60,-2.17,-8.60,1,Dragon Wave_FZ1,5.00,5.00hrs
16/04/2026 08:30:39,sell,0.02,AUDNZD,1.21562,16/04/2026 22:15:33,1.21550,0.00,0.00,1.20,0.14,0.78,6.60,-3.16,-26.80,1,Dragon Wave_GZ1,13.75,13.75hrs
16/04/2026 20:15:56,buy,0.02,NZDCAD,0.80626,16/04/2026 22:09:08,0.80665,0.00,0.00,3.90,0.57,0.57,3.90,-0.06,-0.40,1,Dragon Wave_BZ1,1.89,1.89hrs
15/04/2026 22:00:45,sell,0.02,AUDCHF,0.56081,16/04/2026 22:06:51,0.56074,0.00,-0.62,0.70,-0.44,1.27,7.40,-4.06,-13.50,1,Dragon Wave_HZ1,24.10,1.00days
16/04/2026 05:00:46,buy,0.02,GBPAUD,1.89046,16/04/2026 21:56:43,1.89067,0.00,0.00,2.10,0.30,0.30,2.10,-6.88,-48.00,1,Dragon Wave_HZ1,16.93,16.93hrs
16/04/2026 20:15:31,buy,0.02,NZDCAD,0.80632,16/04/2026 21:06:48,0.80675,0.00,0.00,4.30,0.63,0.63,4.30,-0.15,-1.00,1,Dragon Wave_AZ1,0.85,0.85hrs
13/04/2026 19:46:24,sell,0.02,NZDUSD,0.58554,16/04/2026 20:15:39,0.58831,0.00,0.02,-27.70,-5.52,0.00,0.00,-13.42,-67.20,1,Dragon Wave_FZ1,72.49,3.02days
14/04/2026 09:45:46,sell,0.03,NZDUSD,0.58816,16/04/2026 20:15:36,0.58833,0.00,0.03,-1.70,-0.48,0.00,0.00,-12.27,-41.00,1,Dragon Wave_FZ2,58.50,2.44days
14/04/2026 12:45:54,sell,0.05,NZDUSD,0.58959,16/04/2026 20:15:33,0.58833,0.00,0.04,12.60,6.34,6.39,12.70,-13.31,-26.70,1,Dragon Wave_FZ3,55.49,2.31days
13/04/2026 19:46:20,sell,0.02,AUDUSD,0.70777,16/04/2026 19:34:26,0.71599,0.00,-0.40,-82.20,-16.84,0.00,0.00,-24.12,-118.60,1,Dragon Wave_FZ1,71.80,2.99days
14/04/2026 12:15:26,sell,0.03,AUDUSD,0.71056,16/04/2026 19:34:21,0.71574,0.00,-0.49,-51.80,-16.03,0.18,0.60,-27.70,-90.70,1,Dragon Wave_FZ2,55.32,2.30days
14/04/2026 14:30:28,sell,0.05,AUDUSD,0.71258,16/04/2026 19:34:17,0.71568,0.00,-0.82,-31.00,-16.32,2.20,4.40,-36.07,-70.50,1,Dragon Wave_FZ3,53.06,2.21days
15/04/2026 19:15:20,sell,0.08,AUDUSD,0.71648,16/04/2026 19:34:12,0.71562,0.00,-0.98,8.60,5.90,5.90,8.60,-26.18,-31.50,1,Dragon Wave_FZ4,24.31,1.01days
16/04/2026 05:45:14,sell,0.14,AUDUSD,0.71921,16/04/2026 19:34:07,0.71561,0.00,0.00,36.00,50.40,50.40,36.00,-5.88,-4.20,1,Dragon Wave_FZ5,13.81,13.81hrs
16/04/2026 17:45:06,buy,0.02,GBPCAD,1.85449,16/04/2026 18:09:46,1.85572,0.00,0.00,12.30,1.79,1.79,12.30,-1.98,-13.60,1,Dragon Wave_CZ1,0.41,0.41hrs
16/04/2026 04:45:25,sell,0.02,AUDNZD,1.21412,16/04/2026 17:59:26,1.21610,0.00,0.00,-19.80,-2.34,0.00,0.00,-4.92,-41.80,1,Dragon Wave_CZ1,13.23,13.23hrs
16/04/2026 10:00:23,sell,0.03,AUDNZD,1.21591,16/04/2026 17:59:23,1.21612,0.00,0.00,-2.10,-0.38,0.00,0.00,-4.22,-23.90,1,Dragon Wave_CZ2,7.98,7.98hrs
16/04/2026 12:00:35,sell,0.05,AUDNZD,1.21723,16/04/2026 17:59:19,1.21610,0.00,0.00,11.30,3.33,3.33,11.30,-3.15,-10.70,1,Dragon Wave_CZ3,5.98,5.98hrs
14/04/2026 14:15:09,sell,0.02,AUDUSD,0.71226,16/04/2026 17:57:56,0.71617,0.00,-0.32,-39.10,-8.14,0.24,1.20,-15.06,-73.70,1,Dragon Wave_GZ1,51.71,2.15days
15/04/2026 17:30:36,sell,0.03,AUDUSD,0.71610,16/04/2026 17:57:53,0.71616,0.00,-0.37,-0.60,-0.55,1.62,5.40,-10.96,-35.30,1,Dragon Wave_GZ2,24.45,1.02days
16/04/2026 05:30:49,sell,0.05,AUDUSD,0.71833,16/04/2026 17:57:47,0.71618,0.00,0.00,21.50,10.75,10.75,21.50,-6.50,-13.00,1,Dragon Wave_GZ3,12.45,12.45hrs
14/04/2026 09:00:50,sell,0.02,GBPUSD,1.35236,16/04/2026 17:22:49,1.35215,0.00,-0.30,2.10,0.12,2.26,11.30,-14.42,-70.60,1,Dragon Wave_HZ1,56.37,2.35days
16/04/2026 13:30:47,sell,0.02,USDCHF,0.78428,16/04/2026 16:15:37,0.78328,0.00,0.00,10.00,2.55,2.55,10.00,0.00,0.00,1,Dragon Wave_FZ1,2.75,2.75hrs
16/04/2026 12:45:26,buy,0.02,GBPCAD,1.85858,16/04/2026 14:08:43,1.86075,0.00,0.00,21.70,3.16,3.16,21.70,-0.41,-2.80,1,Dragon Wave_FZ1,1.39,1.39hrs
13/04/2026 20:30:38,sell,0.02,GBPUSD,1.34854,16/04/2026 13:04:13,1.35339,0.00,-0.37,-48.50,-10.07,0.00,0.00,-22.13,-108.80,1,Dragon Wave_FZ1,64.56,2.69days
14/04/2026 10:30:20,sell,0.03,GBPUSD,1.35331,16/04/2026 13:04:10,1.35339,0.00,-0.45,-0.80,-0.69,1.29,4.30,-18.78,-61.10,1,Dragon Wave_FZ2,50.56,2.11days
14/04/2026 14:00:23,sell,0.05,GBPUSD,1.35602,16/04/2026 13:04:07,1.35330,0.00,-0.75,27.20,12.85,12.85,27.20,-17.75,-34.00,1,Dragon Wave_FZ3,47.06,1.96days
14/04/2026 13:01:04,sell,0.02,AUDCAD,0.97900,16/04/2026 11:25:26,0.98427,0.00,-0.42,-52.70,-8.10,0.00,0.00,-11.74,-77.60,1,Dragon Wave_FZ1,46.41,1.93days
14/04/2026 17:00:34,sell,0.03,AUDCAD,0.98115,16/04/2026 11:25:23,0.98430,0.00,-0.63,-31.50,-7.52,0.73,4.10,-12.90,-56.10,1,Dragon Wave_FZ2,42.41,1.77days
15/04/2026 22:01:13,sell,0.05,AUDCAD,0.98507,16/04/2026 11:25:20,0.98428,0.00,-0.78,7.90,2.09,2.86,10.00,-6.94,-16.90,1,Dragon Wave_FZ3,13.40,13.40hrs
16/04/2026 05:45:59,sell,0.08,AUDCAD,0.98661,16/04/2026 11:25:16,0.98429,0.00,0.00,23.20,13.52,13.52,23.20,-0.87,-1.50,1,Dragon Wave_FZ4,5.65,5.65hrs
15/04/2026 07:30:32,sell,0.02,AUDCAD,0.98257,16/04/2026 11:13:54,0.98487,0.00,-0.31,-23.00,-3.66,0.20,1.40,-6.42,-41.90,1,Dragon Wave_HZ1,27.72,1.16days
16/04/2026 05:46:09,sell,0.03,AUDCAD,0.98661,16/04/2026 11:13:50,0.98484,0.00,0.00,17.70,3.87,3.87,17.70,-0.33,-1.50,1,Dragon Wave_HZ2,5.46,5.46hrs
13/04/2026 22:00:17,sell,0.02,EURUSD,1.17641,16/04/2026 09:31:38,1.17947,0.00,0.26,-30.60,-5.86,1.58,7.90,-11.52,-58.90,1,Dragon Wave_HZ1,59.52,2.48days
16/04/2026 05:45:46,sell,0.03,EURUSD,1.18172,16/04/2026 09:31:35,1.17945,0.00,0.00,22.70,6.81,6.81,22.70,-1.74,-5.80,1,Dragon Wave_HZ2,3.76,3.76hrs
15/04/2026 18:45:30,buy,0.02,GBPCAD,1.86412,16/04/2026 09:01:05,1.86317,0.00,0.15,-9.50,-1.23,1.25,8.60,-3.81,-27.20,1,Dragon Wave_FZ1,14.26,14.26hrs
16/04/2026 08:45:23,buy,0.03,GBPCAD,1.86195,16/04/2026 09:01:02,1.86317,0.00,0.00,12.20,2.67,2.67,12.20,-0.42,-1.90,1,Dragon Wave_FZ2,0.26,0.26hrs
16/04/2026 05:45:30,sell,0.02,AUDCAD,0.98659,16/04/2026 08:00:29,0.98608,0.00,0.00,5.10,0.75,0.75,5.10,-0.25,-1.70,1,Dragon Wave_CZ1,2.25,2.25hrs
13/04/2026 17:30:09,sell,0.02,CHFJPY,202.67100,16/04/2026 06:05:20,202.99200,0.00,0.13,-32.10,-3.92,0.98,7.80,-15.14,-120.70,1,Dragon Wave_FZ1,60.59,2.52days
13/04/2026 21:46:11,sell,0.03,CHFJPY,203.27100,16/04/2026 06:05:17,202.99700,0.00,0.18,27.40,5.37,5.37,27.40,-11.41,-60.70,1,Dragon Wave_FZ2,56.32,2.35days
16/04/2026 04:16:11,buy,0.02,GBPCAD,1.86293,16/04/2026 06:01:07,1.86403,0.00,0.00,11.00,1.60,1.60,11.00,-0.79,-5.40,1,Dragon Wave_HZ1,1.75,1.75hrs
13/04/2026 20:15:43,sell,0.02,CHFJPY,203.04100,16/04/2026 06:01:03,203.03500,0.00,0.13,0.60,0.21,0.69,5.50,-10.49,-83.70,1,Dragon Wave_HZ1,57.76,2.41days
15/04/2026 21:30:34,buy,0.02,GBPAUD,1.89256,16/04/2026 04:35:24,1.89304,0.00,-0.31,4.80,0.37,0.37,4.80,-5.16,-33.80,1,Dragon Wave_GZ1,7.08,7.08hrs
15/04/2026 21:30:23,sell,0.02,AUDCHF,0.56063,16/04/2026 03:05:59,0.56043,0.00,-0.62,2.00,-0.11,0.00,2.00,-3.58,-11.60,1,Dragon Wave_CZ1,5.59,5.59hrs
15/04/2026 21:00:26,sell,0.02,AUDJPY,113.99200,16/04/2026 01:43:20,113.95200,0.00,-0.47,4.00,0.04,0.19,4.00,-1.84,-11.20,1,Dragon Wave_FZ1,4.71,4.71hrs
15/04/2026 21:15:47,buy,0.02,USDCAD,1.37291,15/04/2026 23:07:57,1.37341,0.00,0.00,5.00,0.73,0.73,5.00,-0.35,-2.40,1,Dragon Wave_CZ1,1.87,1.87hrs
15/04/2026 18:30:32,sell,0.02,AUDUSD,0.71641,15/04/2026 20:41:59,0.71625,0.00,0.00,1.60,0.32,0.60,3.00,-0.82,-4.10,1,Dragon Wave_CZ1,2.19,2.19hrs
15/04/2026 19:00:38,sell,0.02,CADJPY,115.72800,15/04/2026 19:21:39,115.64600,0.00,0.00,8.20,1.03,1.03,8.20,-0.14,-1.10,1,Dragon Wave_CZ1,0.35,0.35hrs
15/04/2026 17:30:21,sell,0.02,CADJPY,115.66400,15/04/2026 19:21:35,115.65300,0.00,0.00,1.10,0.13,0.24,1.90,-0.94,-7.50,1,Dragon Wave_BZ1,1.85,1.85hrs
15/04/2026 18:45:26,buy,0.02,GBPCAD,1.86410,15/04/2026 19:10:54,1.86491,0.00,0.00,8.10,1.18,1.18,8.10,-0.22,-1.50,1,Dragon Wave_CZ1,0.42,0.42hrs
15/04/2026 16:45:08,buy,0.02,NZDCAD,0.81138,15/04/2026 17:23:15,0.81193,0.00,0.00,5.50,0.80,0.80,5.50,-0.09,-0.60,1,Dragon Wave_CZ1,0.64,0.64hrs
13/04/2026 17:30:30,sell,0.02,CHFJPY,202.67500,15/04/2026 14:00:56,203.15000,0.00,0.05,-47.50,-5.92,1.03,8.20,-15.09,-120.30,1,Dragon Wave_GZ1,44.51,1.85days
14/04/2026 10:00:35,sell,0.03,CHFJPY,203.45500,15/04/2026 14:00:52,203.13700,0.00,0.03,31.80,6.03,6.03,31.80,-7.98,-42.30,1,Dragon Wave_GZ2,28.00,1.17days
15/04/2026 09:45:27,sell,0.02,AUDNZD,1.20971,15/04/2026 14:00:44,1.20965,0.00,0.00,0.60,0.07,0.46,3.90,-1.65,-14.00,1,Dragon Wave_GZ1,4.25,4.25hrs
13/04/2026 21:45:39,sell,0.02,EURUSD,1.17495,15/04/2026 13:28:31,1.17738,0.00,0.10,-24.30,-4.76,0.00,0.00,-12.05,-60.50,1,Dragon Wave_FZ1,39.71,1.65days
14/04/2026 13:15:29,sell,0.03,EURUSD,1.17968,15/04/2026 13:28:27,1.17756,0.00,0.08,21.20,6.44,6.44,21.20,-3.96,-13.20,1,Dragon Wave_FZ2,24.22,1.01days
13/04/2026 19:46:12,buy,0.02,USDCHF,0.78608,15/04/2026 13:28:05,0.78244,0.00,0.30,-36.40,-9.00,0.00,0.00,-17.79,-69.90,1,Dragon Wave_CZ1,41.70,1.74days
14/04/2026 10:00:58,buy,0.03,USDCHF,0.78228,15/04/2026 13:28:00,0.78246,0.00,0.22,1.80,0.91,0.91,1.80,-12.28,-31.90,1,Dragon Wave_CZ2,27.45,1.14days
14/04/2026 10:30:08,buy,0.05,USDCHF,0.78095,15/04/2026 13:27:57,0.78247,0.00,0.36,15.20,10.07,10.07,15.20,-11.94,-18.60,1,Dragon Wave_CZ3,26.96,1.12days
13/04/2026 19:46:21,buy,0.02,USDCHF,0.78610,15/04/2026 13:27:36,0.78246,0.00,0.30,-36.40,-9.00,0.00,0.00,-17.85,-70.10,1,Dragon Wave_FZ1,41.69,1.74days
14/04/2026 10:01:03,buy,0.03,USDCHF,0.78229,15/04/2026 13:27:32,0.78246,0.00,0.22,1.70,0.87,0.87,1.70,-12.32,-32.00,1,Dragon Wave_FZ2,27.44,1.14days
14/04/2026 10:30:41,buy,0.05,USDCHF,0.78079,15/04/2026 13:27:28,0.78244,0.00,0.36,16.50,10.90,10.90,16.50,-10.91,-17.00,1,Dragon Wave_FZ3,26.95,1.12days
13/04/2026 20:15:34,buy,0.02,USDCHF,0.78507,15/04/2026 13:23:27,0.78236,0.00,0.30,-27.10,-6.63,0.59,2.30,-15.20,-59.80,1,Dragon Wave_GZ1,41.13,1.71days
14/04/2026 10:45:40,buy,0.03,USDCHF,0.78030,15/04/2026 13:23:23,0.78239,0.00,0.22,20.90,8.23,8.23,20.90,-4.66,-12.10,1,Dragon Wave_GZ2,26.63,1.11days
13/04/2026 20:16:01,buy,0.02,USDCHF,0.78511,15/04/2026 13:22:20,0.78218,0.00,0.30,-29.30,-7.19,0.48,1.90,-15.30,-60.20,1,Dragon Wave_HZ1,41.11,1.71days
14/04/2026 10:45:57,buy,0.03,USDCHF,0.78025,15/04/2026 13:22:16,0.78230,0.00,0.22,20.50,8.08,8.08,20.50,-4.47,-11.60,1,Dragon Wave_HZ2,26.61,1.11days
13/04/2026 21:45:57,sell,0.02,EURUSD,1.17503,15/04/2026 12:12:04,1.17771,0.00,0.10,-26.80,-5.26,0.00,0.00,-11.89,-59.70,1,Dragon Wave_GZ1,38.44,1.60days
14/04/2026 14:15:18,sell,0.03,EURUSD,1.17986,15/04/2026 12:12:00,1.17765,0.00,0.08,22.10,6.71,6.71,22.10,-3.42,-11.40,1,Dragon Wave_GZ2,21.95,21.95hrs
13/04/2026 20:45:07,sell,0.02,GBPUSD,1.34893,15/04/2026 12:11:45,1.35518,0.00,-0.14,-62.50,-12.64,0.38,1.90,-20.11,-100.20,1,Dragon Wave_GZ1,39.44,1.64days
14/04/2026 13:15:46,sell,0.03,GBPUSD,1.35486,15/04/2026 12:11:42,1.35521,0.00,-0.11,-3.50,-1.16,0.27,0.90,-12.27,-40.90,1,Dragon Wave_GZ2,22.93,22.93hrs
14/04/2026 15:30:34,sell,0.05,GBPUSD,1.35844,15/04/2026 12:11:38,1.35523,0.00,-0.19,32.10,15.86,15.86,32.10,-2.55,-5.10,1,Dragon Wave_GZ3,20.68,20.68hrs
15/04/2026 10:30:32,sell,0.02,AUDNZD,1.21005,15/04/2026 11:30:47,1.20955,0.00,0.00,5.00,0.59,0.66,6.10,-1.20,-10.20,1,Dragon Wave_FZ1,1.00,1.00hrs
14/04/2026 15:45:08,sell,0.02,GBPCAD,1.86737,15/04/2026 10:17:41,1.86710,0.00,-0.19,2.70,0.20,3.31,22.70,-3.47,-22.60,1,Dragon Wave_HZ1,18.54,18.54hrs
15/04/2026 08:15:26,sell,0.02,AUDCAD,0.98316,15/04/2026 08:37:02,0.98282,0.00,0.00,3.40,0.50,0.50,3.40,-0.67,-4.60,1,Dragon Wave_CZ1,0.36,0.36hrs
15/04/2026 06:00:53,sell,0.02,AUDNZD,1.20884,15/04/2026 06:38:48,1.20842,0.00,0.00,4.20,0.50,0.50,4.20,-0.14,-1.20,1,Dragon Wave_BZ1,0.63,0.63hrs
14/04/2026 10:16:02,sell,0.02,NZDCAD,0.81109,15/04/2026 04:31:07,0.81216,0.00,-0.04,-10.70,-1.60,0.84,5.80,-3.46,-23.80,1,Dragon Wave_GZ1,18.25,18.25hrs
14/04/2026 17:15:22,sell,0.03,NZDCAD,0.81298,15/04/2026 04:31:04,0.81219,0.00,-0.06,7.90,1.66,1.66,7.90,-1.07,-4.90,1,Dragon Wave_GZ2,11.26,11.26hrs
14/04/2026 13:15:19,sell,0.02,NZDUSD,0.59000,15/04/2026 03:40:41,0.58988,0.00,0.00,1.20,0.24,1.06,5.30,-4.06,-20.30,1,Dragon Wave_GZ1,14.42,14.42hrs
14/04/2026 10:15:35,sell,0.02,NZDCAD,0.81123,15/04/2026 00:09:45,0.81223,0.00,-0.04,-10.00,-1.49,1.05,7.20,-3.26,-22.40,1,Dragon Wave_FZ1,13.90,13.90hrs
14/04/2026 18:31:12,sell,0.03,NZDCAD,0.81321,15/04/2026 00:09:41,0.81227,0.00,-0.06,9.40,1.99,1.99,9.40,-0.57,-2.60,1,Dragon Wave_FZ2,5.64,5.64hrs
14/04/2026 17:01:04,sell,0.02,AUDCAD,0.98115,14/04/2026 23:45:44,0.98113,0.00,0.00,0.20,0.03,0.36,2.50,-1.54,-10.50,1,Dragon Wave_GZ1,6.74,6.74hrs
14/04/2026 17:16:03,buy,0.02,EURNZD,1.99451,14/04/2026 21:15:53,1.99721,0.00,0.00,27.00,3.18,3.37,28.50,-0.20,-1.70,1,Dragon Wave_GZ1,4.00,4.00hrs
14/04/2026 17:00:54,sell,0.02,AUDCHF,0.55709,14/04/2026 21:15:53,0.55688,0.00,0.00,2.10,0.54,1.03,4.10,-0.44,-1.70,1,Dragon Wave_FZ1,4.25,4.25hrs
14/04/2026 11:45:47,buy,0.02,USDCAD,1.37624,14/04/2026 21:00:45,1.37625,0.00,0.00,0.10,0.01,0.46,3.20,-4.40,-30.20,1,Dragon Wave_HZ1,9.25,9.25hrs
14/04/2026 17:00:24,sell,0.02,NZDJPY,93.88800,14/04/2026 20:46:02,93.79600,0.00,0.00,9.20,1.16,1.16,9.20,-0.43,-3.40,1,Dragon Wave_GZ1,3.76,3.76hrs
14/04/2026 16:00:26,sell,0.02,NZDJPY,93.79500,14/04/2026 20:45:56,93.79200,0.00,0.00,0.30,0.04,0.04,0.30,-1.60,-12.70,1,Dragon Wave_FZ1,4.76,4.76hrs
14/04/2026 09:45:32,buy,0.02,USDCAD,1.37801,14/04/2026 20:00:55,1.37615,0.00,0.00,-18.60,-2.70,0.00,0.00,-6.98,-47.90,1,Dragon Wave_FZ1,10.26,10.26hrs
14/04/2026 14:45:24,buy,0.03,USDCAD,1.37488,14/04/2026 20:00:52,1.37614,0.00,0.00,12.60,2.75,2.92,13.40,-3.63,-16.60,1,Dragon Wave_FZ2,5.26,5.26hrs
14/04/2026 17:00:26,buy,0.02,EURNZD,1.99635,14/04/2026 19:45:56,1.99675,0.00,0.00,4.00,0.47,1.04,8.80,-2.38,-20.10,1,Dragon Wave_FZ1,2.76,2.76hrs
14/04/2026 15:15:22,buy,0.02,EURGBP,0.86905,14/04/2026 19:45:13,0.86946,0.00,0.00,4.10,1.11,1.27,4.70,-1.49,-5.50,1,Dragon Wave_GZ1,4.50,4.50hrs
14/04/2026 17:00:23,buy,0.02,EURAUD,1.65285,14/04/2026 19:30:54,1.65397,0.00,0.00,11.20,1.60,1.83,12.80,-1.67,-11.70,1,Dragon Wave_FZ1,2.51,2.51hrs
14/04/2026 16:15:37,sell,0.02,AUDJPY,113.29000,14/04/2026 19:15:55,113.27200,0.00,0.00,1.80,0.23,0.26,2.10,-1.42,-11.30,1,Dragon Wave_FZ1,3.00,3.00hrs
14/04/2026 15:30:38,sell,0.02,GBPCAD,1.86719,14/04/2026 19:01:22,1.86580,0.00,0.00,13.90,2.02,3.04,20.90,-1.15,-7.90,1,Dragon Wave_GZ1,3.51,3.51hrs
14/04/2026 12:45:27,sell,0.02,AUDUSD,0.71134,14/04/2026 19:00:14,0.71303,0.00,0.00,-16.90,-3.38,0.48,2.40,-6.88,-34.40,1,Dragon Wave_CZ1,6.25,6.25hrs
14/04/2026 17:15:29,sell,0.03,AUDUSD,0.71435,14/04/2026 19:00:10,0.71303,0.00,0.00,13.20,3.96,3.96,13.20,-1.29,-4.30,1,Dragon Wave_CZ2,1.74,1.74hrs
13/04/2026 21:45:33,sell,0.02,EURUSD,1.17499,14/04/2026 18:50:23,1.17884,0.00,0.05,-38.50,-7.65,0.00,0.00,-11.97,-60.10,1,Dragon Wave_BZ1,21.08,21.08hrs
14/04/2026 10:15:28,sell,0.03,EURUSD,1.17858,14/04/2026 18:50:20,1.17884,0.00,0.00,-2.60,-0.78,2.64,8.80,-7.26,-24.20,1,Dragon Wave_BZ2,8.58,8.58hrs
14/04/2026 17:45:27,sell,0.05,EURUSD,1.18065,14/04/2026 18:50:15,1.17883,0.00,0.00,18.20,9.10,9.10,18.20,-1.75,-3.50,1,Dragon Wave_BZ3,1.08,1.08hrs
14/04/2026 14:45:39,buy,0.02,EURGBP,0.86932,14/04/2026 18:31:04,0.86944,0.00,0.00,1.20,0.33,0.33,1.20,-2.23,-8.20,1,Dragon Wave_FZ1,3.76,3.76hrs
14/04/2026 10:00:17,buy,0.02,USDCAD,1.37740,14/04/2026 18:16:19,1.37540,0.00,0.00,-20.00,-2.91,0.00,0.00,-6.09,-41.80,1,Dragon Wave_GZ1,8.27,8.27hrs
14/04/2026 16:15:50,buy,0.03,USDCAD,1.37353,14/04/2026 18:16:16,1.37539,0.00,0.00,18.60,4.06,4.06,18.60,0.00,0.00,1,Dragon Wave_GZ2,2.01,2.01hrs
14/04/2026 15:45:25,buy,0.02,EURGBP,0.86859,14/04/2026 17:30:12,0.86904,0.00,0.00,4.50,1.22,1.66,6.10,-0.22,-0.80,1,Dragon Wave_CZ1,1.75,1.75hrs
14/04/2026 15:15:17,sell,0.02,GBPCAD,1.86676,14/04/2026 16:14:57,1.86509,0.00,0.00,16.70,2.43,2.43,16.70,-1.77,-12.20,1,Dragon Wave_FZ1,0.99,0.99hrs
14/04/2026 10:15:38,buy,0.02,CADCHF,0.56735,14/04/2026 16:00:46,0.56775,0.00,0.00,4.00,1.03,1.03,4.00,-1.85,-7.20,1,Dragon Wave_HZ1,5.75,5.75hrs
14/04/2026 15:30:21,sell,0.02,GBPCAD,1.86732,14/04/2026 15:57:50,1.86651,0.00,0.00,8.10,1.18,1.18,8.10,-0.96,-6.60,1,Dragon Wave_CZ1,0.46,0.46hrs
14/04/2026 13:15:47,sell,0.02,AUDCAD,0.97944,14/04/2026 15:20:49,0.97934,0.00,0.00,1.00,0.15,0.47,3.20,-1.06,-7.30,1,Dragon Wave_CZ1,2.08,2.08hrs
14/04/2026 09:00:42,buy,0.02,AUDNZD,1.20607,14/04/2026 13:19:31,1.20745,0.00,0.00,13.80,1.63,1.63,13.80,-2.11,-18.00,1,Dragon Wave_HZ1,4.31,4.31hrs
14/04/2026 08:15:24,buy,0.02,AUDNZD,1.20653,14/04/2026 13:15:53,1.20677,0.00,0.00,2.40,0.28,0.28,2.40,-2.65,-22.60,1,Dragon Wave_GZ1,5.01,5.01hrs
14/04/2026 10:15:49,buy,0.03,AUDNZD,1.20443,14/04/2026 13:15:50,1.20675,0.00,0.00,23.20,4.11,4.11,23.20,-0.27,-1.60,1,Dragon Wave_GZ2,3.00,3.00hrs
14/04/2026 10:15:44,buy,0.02,AUDNZD,1.20443,14/04/2026 12:15:29,1.20600,0.00,0.00,15.70,1.85,1.85,16.90,-0.18,-1.60,1,Dragon Wave_FZ1,2.00,2.00hrs
14/04/2026 10:15:38,buy,0.02,AUDNZD,1.20443,14/04/2026 11:12:37,1.20555,0.00,0.00,11.20,1.32,1.32,11.20,-0.18,-1.60,1,Dragon Wave_CZ1,0.95,0.95hrs
14/04/2026 10:15:06,buy,0.02,USDCHF,0.78114,14/04/2026 11:00:05,0.78125,0.00,0.00,1.10,0.28,0.33,1.40,-2.61,-10.20,1,Dragon Wave_AZ1,0.75,0.75hrs
14/04/2026 10:30:02,buy,0.02,USDCHF,0.78097,14/04/2026 10:58:46,0.78104,0.00,0.00,0.70,0.18,0.18,0.70,-2.18,-8.50,1,Dragon Wave_BZ1,0.48,0.48hrs
14/04/2026 04:30:19,buy,0.02,AUDJPY,112.74300,14/04/2026 07:22:25,112.75200,0.00,0.00,0.90,0.11,0.67,5.30,-0.74,-5.90,1,Dragon Wave_CZ1,2.87,2.87hrs
13/04/2026 20:01:03,sell,0.02,AUDUSD,0.70812,14/04/2026 04:57:45,0.70795,0.00,-0.08,1.70,0.26,0.26,1.70,-4.48,-22.00,1,Dragon Wave_GZ1,8.95,8.95hrs
13/04/2026 17:45:29,sell,0.02,NZDUSD,0.58475,14/04/2026 04:36:51,0.58617,0.00,0.00,-14.20,-2.84,1.52,7.60,-5.66,-28.30,1,Dragon Wave_CZ1,10.86,10.86hrs
13/04/2026 22:01:00,sell,0.03,NZDUSD,0.58722,14/04/2026 04:36:48,0.58617,0.00,0.00,10.50,3.15,3.15,10.50,-1.08,-3.60,1,Dragon Wave_CZ2,6.60,6.60hrs
13/04/2026 20:30:22,sell,0.02,NZDUSD,0.58631,14/04/2026 04:30:57,0.58626,0.00,0.00,0.50,0.10,0.20,1.00,-2.54,-12.70,1,Dragon Wave_GZ1,8.01,8.01hrs
13/04/2026 21:00:36,sell,0.02,NZDCAD,0.80884,14/04/2026 03:35:47,0.80867,0.00,-0.04,1.70,0.21,0.21,1.70,-2.58,-17.50,1,Dragon Wave_FZ1,6.59,6.59hrs
13/04/2026 22:00:40,sell,0.02,NZDCAD,0.80971,14/04/2026 03:30:52,0.80893,0.00,-0.04,7.80,1.09,1.09,7.80,-1.32,-8.80,1,Dragon Wave_GZ1,5.50,5.50hrs
13/04/2026 22:00:34,sell,0.02,AUDCAD,0.97902,14/04/2026 03:15:58,0.97801,0.00,-0.11,10.10,1.36,1.41,10.50,-0.79,-4.70,1,Dragon Wave_GZ1,5.26,5.26hrs
13/04/2026 21:46:06,sell,0.02,CHFJPY,203.26700,14/04/2026 03:14:33,203.25000,0.00,0.03,1.70,0.24,0.24,1.70,-4.69,-37.60,1,Dragon Wave_CZ1,5.47,5.47hrs
14/04/2026 01:30:31,sell,0.02,NZDJPY,93.55100,14/04/2026 03:14:16,93.44800,0.00,0.00,10.30,1.30,1.30,10.30,-0.04,-0.30,1,Dragon Wave_GZ1,1.73,1.73hrs
13/04/2026 21:45:22,sell,0.02,AUDUSD,0.70942,14/04/2026 03:04:58,0.70935,0.00,-0.08,0.70,0.06,0.06,0.70,-1.88,-9.00,1,Dragon Wave_BZ1,5.33,5.33hrs
13/04/2026 20:30:12,sell,0.02,AUDJPY,113.00600,14/04/2026 03:04:58,112.99500,0.00,-0.16,1.10,-0.02,0.30,2.40,-2.53,-18.90,1,Dragon Wave_CZ1,6.58,6.58hrs
13/04/2026 22:00:36,sell,0.02,AUDJPY,113.09500,14/04/2026 03:01:38,113.04500,0.00,-0.16,5.00,0.47,0.88,8.30,-1.41,-10.00,1,Dragon Wave_GZ1,5.02,5.02hrs
13/04/2026 22:00:24,sell,0.02,AUDCAD,0.97901,14/04/2026 03:01:21,0.97849,0.00,-0.11,5.20,0.64,0.83,5.70,-0.81,-4.80,1,Dragon Wave_FZ1,5.02,5.02hrs
13/04/2026 22:00:51,buy,0.02,CADCHF,0.56801,14/04/2026 03:01:13,0.56822,0.00,0.05,2.10,0.59,1.38,5.40,-1.33,-5.40,1,Dragon Wave_FZ1,5.01,5.01hrs
13/04/2026 21:45:26,sell,0.02,NZDJPY,93.51300,14/04/2026 02:50:31,93.48700,0.00,-0.08,2.60,0.25,0.25,2.60,-2.05,-15.70,1,Dragon Wave_FZ1,5.08,5.08hrs
13/04/2026 21:45:18,sell,0.02,NZDJPY,93.50900,14/04/2026 02:50:26,93.49700,0.00,-0.08,1.20,0.07,0.07,1.20,-2.10,-16.10,1,Dragon Wave_CZ1,5.09,5.09hrs
13/04/2026 21:45:14,sell,0.02,AUDJPY,113.05200,14/04/2026 02:49:57,113.03300,0.00,-0.16,1.90,0.08,0.08,1.90,-1.95,-14.30,1,Dragon Wave_FZ1,5.08,5.08hrs
13/04/2026 22:00:33,sell,0.02,GBPUSD,1.35054,14/04/2026 00:01:07,1.35044,0.00,-0.07,1.00,0.13,0.54,2.70,-0.66,-3.30,1,Dragon Wave_BZ1,2.01,2.01hrs
13/04/2026 22:00:19,buy,0.02,CADCHF,0.56795,13/04/2026 23:30:42,0.56857,0.00,0.00,6.20,1.58,1.58,6.20,0.00,0.00,1,Dragon Wave_CZ1,1.51,1.51hrs
13/04/2026 21:45:30,buy,0.02,CADCHF,0.56839,13/04/2026 23:00:39,0.56848,0.00,0.00,0.90,0.23,0.23,0.90,-1.38,-5.40,1,Dragon Wave_BZ1,1.25,1.25hrs
13/04/2026 22:00:31,sell,0.02,NZDUSD,0.58723,13/04/2026 22:42:14,0.58687,0.00,0.00,3.60,0.72,0.72,3.60,-0.10,-0.50,1,Dragon Wave_BZ1,0.70,0.70hrs
13/04/2026 21:45:17,sell,0.02,AUDCAD,0.97850,13/04/2026 22:42:13,0.97843,0.00,0.00,0.70,0.11,0.11,0.70,-0.90,-6.20,1,Dragon Wave_BZ1,0.95,0.95hrs
13/04/2026 22:00:02,sell,0.02,NZDCAD,0.80982,13/04/2026 22:40:01,0.80927,0.00,0.00,5.50,0.80,0.80,5.50,0.00,0.00,1,Dragon Wave_BZ1,0.67,0.67hrs
13/04/2026 12:00:41,buy,0.02,EURGBP,0.87036,13/04/2026 15:00:25,0.87065,0.00,0.00,2.90,0.78,0.81,3.00,-0.73,-2.70,1,Dragon Wave_FZ1,3.00,3.00hrs
13/04/2026 12:00:28,buy,0.02,EURGBP,0.87033,13/04/2026 13:56:06,0.87052,0.00,0.00,1.90,0.51,0.51,1.90,-0.48,-1.80,1,Dragon Wave_CZ1,1.93,1.93hrs
13/04/2026 11:00:21,sell,0.02,AUDCAD,0.97673,13/04/2026 11:36:58,0.97661,0.00,0.00,1.20,0.18,0.18,1.20,-0.35,-2.40,1,Dragon Wave_BZ1,0.61,0.61hrs
13/04/2026 01:15:29,sell,0.02,EURNZD,2.01237,13/04/2026 04:00:30,2.00852,0.00,0.00,38.50,4.48,4.48,38.50,-0.03,-0.30,1,Dragon Wave_GZ1,2.75,2.75hrs
13/04/2026 00:30:03,sell,0.02,EURNZD,2.01097,13/04/2026 03:25:12,2.00960,0.00,0.00,13.70,1.59,1.59,13.70,-1.66,-14.30,1,Dragon Wave_FZ1,2.92,2.92hrs
13/04/2026 01:15:42,sell,0.02,GBPNZD,2.30999,13/04/2026 03:14:05,2.30591,0.00,0.00,40.80,4.74,4.74,40.80,0.00,0.00,1,Dragon Wave_GZ1,1.97,1.97hrs
10/04/2026 12:30:14,sell,0.02,EURJPY,186.30500,13/04/2026 00:04:37,186.27300,0.00,-0.12,3.20,0.28,0.28,3.20,-7.22,-57.50,1,Dragon Wave_HZ1,59.57,2.48days
10/04/2026 12:45:33,sell,0.02,GBPJPY,213.96100,13/04/2026 00:03:53,213.91400,0.00,-0.28,4.70,0.31,0.36,4.70,-7.80,-62.10,1,Dragon Wave_HZ1,59.31,2.47days
10/04/2026 16:30:46,sell,0.02,GBPCAD,1.86061,13/04/2026 00:01:30,1.85769,0.00,-0.19,29.20,4.02,4.02,29.20,-5.49,-38.00,1,Dragon Wave_HZ1,55.51,2.31days
09/04/2026 16:46:21,sell,0.02,NZDJPY,92.92800,13/04/2026 00:01:30,92.76900,0.00,-0.16,15.90,1.83,1.83,15.90,-5.74,-45.00,1,Dragon Wave_HZ1,79.25,3.30days
10/04/2026 13:00:48,sell,0.02,GBPCAD,1.85950,13/04/2026 00:01:20,1.85793,0.00,-0.19,15.70,2.07,2.07,15.70,-7.09,-49.10,1,Dragon Wave_GZ1,59.01,2.46days
10/04/2026 18:01:21,sell,0.03,GBPCAD,1.86231,13/04/2026 00:01:16,1.85787,0.00,-0.28,44.40,9.33,9.33,44.40,-4.55,-21.00,1,Dragon Wave_GZ2,54.00,2.25days
09/04/2026 21:31:01,sell,0.02,AUDNZD,1.20829,13/04/2026 00:01:08,1.20792,0.00,-0.18,3.70,0.25,0.25,3.70,-3.99,-33.40,1,Dragon Wave_FZ1,74.50,3.10days
10/04/2026 19:00:25,sell,0.03,AUDNZD,1.21142,13/04/2026 00:01:04,1.20792,0.00,-0.13,35.00,5.97,5.97,35.00,-0.37,-2.10,1,Dragon Wave_FZ2,53.01,2.21days
10/04/2026 19:15:35,sell,0.02,AUDNZD,1.21141,10/04/2026 21:31:03,1.21110,0.00,0.00,3.10,0.36,0.36,3.10,-0.25,-2.10,1,Dragon Wave_CZ1,2.26,2.26hrs
10/04/2026 19:45:30,buy,0.02,NZDCAD,0.80731,10/04/2026 20:45:09,0.80775,0.00,0.00,4.40,0.64,0.64,4.40,-0.16,-1.10,1,Dragon Wave_BZ1,0.99,0.99hrs
09/04/2026 13:30:46,sell,0.02,NZDJPY,92.77100,10/04/2026 18:02:28,93.07500,0.00,-0.08,-30.40,-3.90,0.36,2.90,-7.71,-60.70,1,Dragon Wave_FZ1,28.53,1.19days
09/04/2026 17:16:43,sell,0.03,NZDJPY,93.00700,10/04/2026 18:02:25,93.07300,0.00,-0.12,-6.60,-1.37,1.08,6.40,-7.11,-37.10,1,Dragon Wave_FZ2,24.76,1.03days
10/04/2026 16:30:49,sell,0.05,NZDJPY,93.26300,10/04/2026 18:02:21,93.07100,0.00,0.00,19.20,6.03,6.03,19.20,-3.61,-11.50,1,Dragon Wave_FZ3,1.53,1.53hrs
08/04/2026 22:30:35,sell,0.02,CADJPY,114.58300,10/04/2026 18:00:36,115.03900,0.00,-0.32,-45.60,-6.05,0.86,6.80,-9.58,-73.70,1,Dragon Wave_FZ1,43.50,1.81days
09/04/2026 15:45:48,sell,0.03,CADJPY,114.99200,10/04/2026 18:00:33,115.04100,0.00,-0.12,-4.90,-1.05,2.25,11.90,-6.30,-32.80,1,Dragon Wave_FZ2,26.25,1.09days
10/04/2026 17:15:18,sell,0.05,CADJPY,115.29500,10/04/2026 18:00:29,115.03800,0.00,0.00,25.70,8.08,8.08,25.70,-0.79,-2.50,1,Dragon Wave_FZ3,0.75,0.75hrs
08/04/2026 09:30:47,buy,0.02,AUDNZD,1.21031,10/04/2026 17:56:41,1.21057,0.00,0.18,2.60,0.49,2.17,18.60,-6.21,-54.50,1,Dragon Wave_GZ1,56.43,2.35days
10/04/2026 17:15:34,buy,0.02,USDCHF,0.78628,10/04/2026 17:51:07,0.78819,0.00,0.00,19.10,4.85,4.85,19.10,-1.99,-7.80,1,Dragon Wave_GZ1,0.59,0.59hrs
10/04/2026 16:30:38,buy,0.02,USDCHF,0.78642,10/04/2026 17:50:18,0.78787,0.00,0.00,14.50,3.68,3.68,14.50,-2.34,-9.20,1,Dragon Wave_FZ1,1.33,1.33hrs
10/04/2026 13:00:33,sell,0.02,GBPCAD,1.85935,10/04/2026 15:15:43,1.85834,0.00,0.00,10.10,1.46,1.78,12.30,-1.33,-9.20,1,Dragon Wave_FZ1,2.25,2.25hrs
09/04/2026 14:45:26,sell,0.02,NZDJPY,92.78400,10/04/2026 11:03:44,92.94700,0.00,-0.08,-16.30,-2.13,0.24,1.90,-6.81,-53.50,1,Dragon Wave_GZ1,20.30,20.30hrs
09/04/2026 17:32:26,sell,0.03,NZDJPY,93.08800,10/04/2026 11:03:40,92.94600,0.00,-0.12,14.20,2.56,2.56,14.20,-4.48,-23.10,1,Dragon Wave_GZ2,17.52,17.52hrs
09/04/2026 18:17:06,sell,0.02,AUDJPY,112.46600,10/04/2026 10:46:55,112.44700,0.00,-0.16,1.90,0.08,0.08,1.90,-3.72,-28.30,1,Dragon Wave_FZ1,16.50,16.50hrs
09/04/2026 18:17:38,sell,0.02,AUDJPY,112.47900,10/04/2026 10:33:03,112.45500,0.00,-0.16,2.40,0.14,0.14,2.40,-3.56,-27.00,1,Dragon Wave_GZ1,16.26,16.26hrs
09/04/2026 18:31:28,sell,0.02,AUDUSD,0.70675,10/04/2026 07:44:44,0.70663,0.00,-0.08,1.20,0.16,0.16,1.20,-5.42,-27.10,1,Dragon Wave_FZ1,13.22,13.22hrs
09/04/2026 20:46:32,sell,0.02,AUDJPY,112.56800,10/04/2026 06:15:35,112.48400,0.00,-0.16,8.40,0.89,1.10,8.70,-2.44,-18.10,1,Dragon Wave_HZ1,9.48,9.48hrs
09/04/2026 18:15:30,buy,0.02,GBPAUD,1.89888,10/04/2026 05:59:15,1.89903,0.00,-0.11,1.50,0.10,0.79,5.60,-6.84,-47.50,1,Dragon Wave_CZ1,11.73,11.73hrs
09/04/2026 21:00:27,sell,0.02,AUDCHF,0.55923,10/04/2026 05:36:48,0.55918,0.00,-0.21,0.50,-0.08,0.23,0.90,-4.18,-15.70,1,Dragon Wave_CZ1,8.61,8.61hrs
09/04/2026 19:15:43,sell,0.02,AUDCAD,0.97867,10/04/2026 05:30:32,0.97742,0.00,-0.11,12.50,1.70,1.70,12.50,-1.88,-13.00,1,Dragon Wave_HZ1,10.25,10.25hrs
09/04/2026 19:00:44,sell,0.02,AUDUSD,0.70836,10/04/2026 05:22:08,0.70706,0.00,-0.08,13.00,2.52,2.52,13.00,-2.20,-11.00,1,Dragon Wave_HZ1,10.36,10.36hrs
09/04/2026 21:45:39,sell,0.02,AUDCHF,0.55944,10/04/2026 05:22:07,0.55933,0.00,-0.21,1.10,0.06,0.08,1.10,-3.65,-13.60,1,Dragon Wave_FZ1,7.61,7.61hrs
09/04/2026 22:30:30,sell,0.02,AUDCHF,0.55967,10/04/2026 04:58:24,0.55943,0.00,-0.21,2.40,0.40,0.40,2.40,-3.07,-11.30,1,Dragon Wave_GZ1,6.46,6.46hrs
09/04/2026 18:45:21,sell,0.02,AUDCAD,0.97764,10/04/2026 03:17:48,0.97756,0.00,-0.11,0.80,0.01,0.01,0.80,-3.37,-23.30,1,Dragon Wave_CZ1,8.54,8.54hrs
09/04/2026 18:45:45,sell,0.02,AUDCAD,0.97774,10/04/2026 03:16:10,0.97761,0.00,-0.11,1.30,0.08,0.11,1.50,-3.23,-22.30,1,Dragon Wave_GZ1,8.51,8.51hrs
09/04/2026 18:16:37,sell,0.02,AUDCAD,0.97658,10/04/2026 03:12:42,0.97761,0.00,-0.11,-10.30,-1.60,0.00,0.00,-4.91,-33.90,1,Dragon Wave_FZ1,8.93,8.93hrs
09/04/2026 19:15:32,sell,0.03,AUDCAD,0.97861,10/04/2026 03:12:33,0.97761,0.00,-0.16,10.00,2.01,2.01,10.00,-2.95,-13.60,1,Dragon Wave_FZ2,7.95,7.95hrs
09/04/2026 23:30:24,buy,0.02,EURAUD,1.65113,10/04/2026 03:00:55,1.65255,0.00,-0.18,14.20,1.83,1.83,14.20,-2.40,-15.70,1,Dragon Wave_GZ1,3.51,3.51hrs
09/04/2026 18:16:20,sell,0.02,EURJPY,186.07700,10/04/2026 03:00:55,186.02300,0.00,-0.12,5.40,0.56,3.37,26.70,-1.87,-14.90,1,Dragon Wave_GZ1,8.74,8.74hrs
09/04/2026 18:45:58,sell,0.02,AUDUSD,0.70761,10/04/2026 03:00:40,0.70736,0.00,-0.08,2.50,0.42,0.42,2.50,-3.70,-18.50,1,Dragon Wave_GZ1,8.24,8.24hrs
09/04/2026 19:01:15,buy,0.02,EURAUD,1.65207,10/04/2026 02:57:57,1.65234,0.00,-0.18,2.70,0.21,2.14,15.10,-3.74,-25.10,1,Dragon Wave_FZ1,7.95,7.95hrs
09/04/2026 19:02:03,sell,0.02,NZDUSD,0.58696,10/04/2026 02:45:37,0.58544,0.00,0.00,15.20,3.04,3.10,15.50,-0.84,-4.20,1,Dragon Wave_HZ1,7.73,7.73hrs
09/04/2026 19:00:10,buy,0.02,GBPAUD,1.89747,10/04/2026 02:39:40,1.89780,0.00,-0.11,3.30,0.35,1.37,9.70,-4.84,-33.40,1,Dragon Wave_FZ1,7.66,7.66hrs
09/04/2026 22:30:25,sell,0.02,GBPJPY,213.70700,10/04/2026 01:45:32,213.59200,0.00,-0.28,11.50,1.17,1.20,11.50,-1.67,-13.30,1,Dragon Wave_GZ1,3.25,3.25hrs
09/04/2026 23:00:33,sell,0.02,NZDCHF,0.46317,10/04/2026 01:39:57,0.46271,0.00,-0.12,4.60,1.04,1.04,4.60,-2.82,-10.70,1,Dragon Wave_CZ1,2.66,2.66hrs
09/04/2026 19:01:53,sell,0.02,NZDUSD,0.58695,10/04/2026 01:16:02,0.58571,0.00,0.00,12.40,2.48,2.82,14.10,-0.86,-4.30,1,Dragon Wave_GZ1,6.24,6.24hrs
09/04/2026 19:00:34,sell,0.02,NZDCAD,0.80997,09/04/2026 22:00:20,0.80912,0.00,0.00,8.50,1.23,1.23,8.50,-2.06,-14.20,1,Dragon Wave_GZ1,3.00,3.00hrs
09/04/2026 18:46:11,sell,0.02,NZDCAD,0.80956,09/04/2026 21:31:16,0.80942,0.00,0.00,1.40,0.20,0.20,1.40,-2.65,-18.30,1,Dragon Wave_FZ1,2.75,2.75hrs
09/04/2026 18:45:50,buy,0.02,EURAUD,1.65330,09/04/2026 21:31:14,1.65340,0.00,0.00,1.00,0.15,0.15,1.00,-2.85,-20.10,1,Dragon Wave_CZ1,2.76,2.76hrs
09/04/2026 20:15:55,sell,0.03,NZDCAD,0.81129,09/04/2026 21:31:12,0.80943,0.00,0.00,18.60,4.04,4.04,18.60,-0.22,-1.00,1,Dragon Wave_FZ2,1.25,1.25hrs
09/04/2026 19:01:39,sell,0.02,NZDUSD,0.58690,09/04/2026 21:14:42,0.58598,0.00,0.00,9.20,1.84,1.84,9.20,-0.96,-4.80,1,Dragon Wave_FZ1,2.22,2.22hrs
09/04/2026 18:16:48,sell,0.02,NZDJPY,93.14300,09/04/2026 21:05:22,93.13400,0.00,0.00,0.90,0.11,0.11,0.90,-1.15,-9.10,1,Dragon Wave_CZ1,2.81,2.81hrs
09/04/2026 19:00:18,sell,0.02,NZDCAD,0.81007,09/04/2026 21:04:14,0.80998,0.00,0.00,0.90,0.13,0.13,0.90,-1.91,-13.20,1,Dragon Wave_CZ1,2.07,2.07hrs
09/04/2026 19:30:11,sell,0.02,AUDCAD,0.97932,09/04/2026 21:01:45,0.97915,0.00,0.00,1.70,0.25,0.69,4.80,-0.94,-6.50,1,Dragon Wave_BZ1,1.53,1.53hrs
09/04/2026 17:31:53,sell,0.02,CHFJPY,201.60800,09/04/2026 21:01:35,201.28900,0.00,0.00,31.90,4.02,4.12,33.90,-0.15,-1.20,1,Dragon Wave_GZ1,3.50,3.50hrs
09/04/2026 19:30:00,sell,0.02,AUDCAD,0.97932,09/04/2026 20:57:52,0.97929,0.00,0.00,0.30,0.04,0.69,4.80,-0.94,-6.50,1,Dragon Wave_AZ1,1.46,1.46hrs
09/04/2026 19:00:35,buy,0.02,GBPNZD,2.29090,09/04/2026 20:44:09,2.29206,0.00,0.00,11.60,1.36,1.36,11.60,-1.46,-12.40,1,Dragon Wave_CZ1,1.73,1.73hrs
09/04/2026 19:00:32,buy,0.02,EURNZD,1.99489,09/04/2026 20:26:11,1.99597,0.00,0.00,10.80,1.27,1.54,13.10,-0.94,-8.00,1,Dragon Wave_CZ1,1.43,1.43hrs
09/04/2026 19:00:19,sell,0.02,NZDCHF,0.46284,09/04/2026 20:01:33,0.46265,0.00,0.00,1.90,0.48,0.48,1.90,-0.61,-2.40,1,Dragon Wave_BZ1,1.02,1.02hrs
09/04/2026 18:30:52,sell,0.02,GBPJPY,213.66200,09/04/2026 19:45:26,213.45700,0.00,0.00,20.50,2.58,2.95,23.40,0.00,0.00,1,Dragon Wave_FZ1,1.24,1.24hrs
09/04/2026 17:30:58,sell,0.02,CHFJPY,201.62200,09/04/2026 19:30:37,201.31400,0.00,0.00,30.80,3.88,4.04,32.20,0.00,0.00,1,Dragon Wave_FZ1,1.99,1.99hrs
09/04/2026 18:00:34,sell,0.02,EURJPY,185.99400,09/04/2026 19:28:43,185.84000,0.00,0.00,15.40,1.94,1.94,15.40,-2.86,-22.80,1,Dragon Wave_FZ1,1.47,1.47hrs
09/04/2026 11:15:24,sell,0.02,CADJPY,114.79000,09/04/2026 19:16:47,114.96700,0.00,0.00,-17.70,-2.23,0.49,3.90,-5.53,-44.00,1,Dragon Wave_GZ1,8.02,8.02hrs
09/04/2026 17:16:34,sell,0.03,CADJPY,115.11300,09/04/2026 19:16:40,114.97000,0.00,0.00,14.30,2.71,2.71,14.30,-2.20,-11.70,1,Dragon Wave_GZ2,2.00,2.00hrs
09/04/2026 04:31:37,buy,0.02,AUDNZD,1.20623,09/04/2026 14:56:36,1.20638,0.00,0.00,1.50,0.18,1.10,9.40,-1.60,-13.70,1,Dragon Wave_FZ1,10.42,10.42hrs
07/04/2026 21:01:21,sell,0.02,AUDCAD,0.96675,09/04/2026 11:25:41,0.97311,0.00,-0.41,-63.60,-9.59,1.42,9.90,-18.96,-130.50,1,Dragon Wave_HZ1,38.41,1.60days
08/04/2026 02:03:19,sell,0.03,AUDCAD,0.97758,09/04/2026 11:25:37,0.97312,0.00,-0.47,44.60,9.19,9.19,44.60,-4.81,-22.20,1,Dragon Wave_HZ2,33.37,1.39days
08/04/2026 22:00:50,sell,0.02,USDCHF,0.79256,09/04/2026 05:30:37,0.79129,0.00,-0.84,12.70,2.37,3.56,14.20,-1.57,-2.90,1,Dragon Wave_GZ1,7.50,7.50hrs
08/04/2026 21:45:46,sell,0.02,CADCHF,0.57159,09/04/2026 05:30:28,0.57138,0.00,-0.40,2.10,0.13,0.13,2.10,-3.70,-13.10,1,Dragon Wave_FZ1,7.75,7.75hrs
08/04/2026 07:15:38,buy,0.02,EURNZD,2.00271,09/04/2026 03:10:30,2.00297,0.00,-0.19,2.60,0.12,6.62,56.90,-2.94,-24.40,1,Dragon Wave_HZ1,19.91,19.91hrs
08/04/2026 21:45:11,sell,0.02,USDCHF,0.79186,09/04/2026 01:45:40,0.79114,0.00,-0.84,7.20,0.98,1.79,7.20,-3.34,-9.90,1,Dragon Wave_FZ1,4.01,4.01hrs
08/04/2026 09:30:42,buy,0.02,AUDNZD,1.21024,08/04/2026 22:57:13,1.21045,0.00,0.00,2.10,0.25,2.25,19.30,-2.91,-24.90,1,Dragon Wave_FZ1,13.44,13.44hrs
08/04/2026 16:31:13,buy,0.02,AUDNZD,1.20791,08/04/2026 22:31:48,1.20999,0.00,0.00,20.80,2.42,2.46,21.10,-0.19,-1.60,1,Dragon Wave_HZ1,6.01,6.01hrs
08/04/2026 01:16:08,sell,0.02,AUDUSD,0.69895,08/04/2026 22:00:19,0.70303,0.00,0.00,-40.80,-8.16,0.00,0.00,-18.70,-93.50,1,Dragon Wave_HZ1,20.74,20.74hrs
08/04/2026 02:05:13,sell,0.03,AUDUSD,0.70608,08/04/2026 22:00:15,0.70301,0.00,0.00,30.70,9.21,9.21,30.70,-6.66,-22.20,1,Dragon Wave_HZ2,19.92,19.92hrs
08/04/2026 09:30:54,sell,0.02,NZDUSD,0.58435,08/04/2026 20:23:51,0.58291,0.00,0.00,14.40,2.88,5.84,29.20,-2.96,-14.80,1,Dragon Wave_HZ1,10.88,10.88hrs
08/04/2026 09:30:46,sell,0.02,NZDCAD,0.80900,08/04/2026 20:23:44,0.80713,0.00,0.00,18.70,2.70,4.27,29.50,-2.57,-17.80,1,Dragon Wave_HZ1,10.88,10.88hrs
08/04/2026 07:15:28,buy,0.02,USDCHF,0.78983,08/04/2026 19:01:09,0.78995,0.00,0.00,1.20,0.30,0.43,1.70,-7.19,-28.30,1,Dragon Wave_HZ1,11.76,11.76hrs
08/04/2026 09:00:37,buy,0.02,CADCHF,0.57020,08/04/2026 18:31:14,0.57023,0.00,0.00,0.30,0.07,0.07,0.30,-4.93,-19.40,1,Dragon Wave_GZ1,9.51,9.51hrs
08/04/2026 09:00:52,buy,0.02,CADCHF,0.57012,08/04/2026 18:18:34,0.57024,0.00,0.00,1.20,0.30,0.30,1.20,-4.72,-18.60,1,Dragon Wave_HZ1,9.29,9.29hrs
08/04/2026 14:30:46,sell,0.02,GBPUSD,1.34623,08/04/2026 18:10:12,1.34326,0.00,0.00,29.70,5.94,5.94,29.70,-4.46,-22.30,1,Dragon Wave_HZ1,3.66,3.66hrs
08/04/2026 09:30:40,buy,0.02,USDJPY,158.09600,08/04/2026 17:56:53,158.39500,0.00,0.00,29.90,3.78,5.01,39.70,-2.33,-18.40,1,Dragon Wave_HZ1,8.44,8.44hrs
08/04/2026 09:30:30,sell,0.02,GBPCAD,1.86072,08/04/2026 17:56:33,1.86033,0.00,0.00,3.90,0.56,3.32,23.00,-10.50,-72.80,1,Dragon Wave_GZ1,8.43,8.43hrs
08/04/2026 09:30:41,sell,0.02,GBPCAD,1.86074,08/04/2026 17:56:27,1.86045,0.00,0.00,2.90,0.42,3.35,23.20,-10.47,-72.60,1,Dragon Wave_HZ1,8.43,8.43hrs
08/04/2026 09:16:00,buy,0.02,CADJPY,114.31400,08/04/2026 17:53:40,114.34000,0.00,0.00,2.60,0.33,0.33,2.60,-3.56,-28.10,1,Dragon Wave_GZ1,8.63,8.63hrs
08/04/2026 15:01:06,buy,0.02,CADJPY,114.15900,08/04/2026 17:53:33,114.33600,0.00,0.00,17.70,2.23,2.23,17.70,-1.59,-12.60,1,Dragon Wave_HZ1,2.87,2.87hrs
08/04/2026 09:15:57,buy,0.02,CADJPY,114.31400,08/04/2026 17:53:27,114.33400,0.00,0.00,2.00,0.25,0.25,2.00,-3.56,-28.10,1,Dragon Wave_FZ1,8.63,8.63hrs
08/04/2026 12:15:53,buy,0.02,EURGBP,0.86962,08/04/2026 17:48:13,0.87043,0.00,0.00,8.10,2.17,2.17,8.10,-2.70,-10.00,1,Dragon Wave_HZ1,5.54,5.54hrs
08/04/2026 12:00:25,sell,0.02,GBPCAD,1.86177,08/04/2026 17:48:13,1.86145,0.00,0.00,3.20,0.46,0.46,3.20,-8.99,-62.30,1,Dragon Wave_FZ1,5.80,5.80hrs
08/04/2026 09:15:46,buy,0.02,CADCHF,0.56969,08/04/2026 17:31:26,0.56982,0.00,0.00,1.30,0.33,0.33,1.30,-3.63,-14.30,1,Dragon Wave_FZ1,8.26,8.26hrs
08/04/2026 15:46:04,sell,0.02,NZDCAD,0.81008,08/04/2026 17:23:35,0.80812,0.00,0.00,19.60,2.83,2.83,19.60,-1.01,-7.00,1,Dragon Wave_GZ1,1.63,1.63hrs
08/04/2026 16:00:49,sell,0.02,NZDCHF,0.46080,08/04/2026 17:20:47,0.46050,0.00,0.00,3.00,0.76,0.76,3.00,-0.76,-3.00,1,Dragon Wave_CZ1,1.33,1.33hrs
08/04/2026 16:15:39,sell,0.02,NZDCAD,0.81041,08/04/2026 17:20:37,0.80835,0.00,0.00,20.60,2.97,2.97,20.60,-0.26,-1.80,1,Dragon Wave_FZ1,1.08,1.08hrs
08/04/2026 14:15:41,sell,0.02,EURCAD,1.62200,08/04/2026 16:51:32,1.61999,0.00,0.00,20.10,2.90,2.90,20.10,-1.54,-10.70,1,Dragon Wave_GZ1,2.60,2.60hrs
08/04/2026 15:00:20,buy,0.02,EURGBP,0.86895,08/04/2026 16:45:53,0.86964,0.00,0.00,6.90,1.86,1.86,6.90,-0.89,-3.30,1,Dragon Wave_FZ1,1.76,1.76hrs
08/04/2026 14:30:47,sell,0.02,EURCAD,1.62214,08/04/2026 16:31:19,1.62107,0.00,0.00,10.70,1.55,1.55,10.70,-1.34,-9.30,1,Dragon Wave_FZ1,2.01,2.01hrs
08/04/2026 12:46:18,sell,0.02,GBPAUD,1.90779,08/04/2026 15:53:26,1.90635,0.00,0.00,14.40,2.04,2.04,14.40,-4.17,-29.60,1,Dragon Wave_FZ1,3.12,3.12hrs
08/04/2026 12:15:41,sell,0.02,GBPAUD,1.90690,08/04/2026 15:51:52,1.90674,0.00,0.00,1.60,0.23,0.23,1.60,-5.42,-38.50,1,Dragon Wave_CZ1,3.60,3.60hrs
08/04/2026 12:15:18,sell,0.02,GBPNZD,2.30873,08/04/2026 14:28:16,2.30850,0.00,0.00,2.30,0.27,2.49,21.40,-1.81,-15.50,1,Dragon Wave_CZ1,2.22,2.22hrs
08/04/2026 11:30:05,buy,0.02,AUDCHF,0.55564,08/04/2026 14:27:30,0.55568,0.00,0.00,0.40,0.10,0.66,2.60,-2.13,-8.40,1,Dragon Wave_CZ1,2.96,2.96hrs
08/04/2026 12:45:17,sell,0.02,EURAUD,1.65988,08/04/2026 14:27:10,1.65975,0.00,0.00,1.30,0.18,0.45,3.20,-2.32,-16.50,1,Dragon Wave_CZ1,1.70,1.70hrs
08/04/2026 09:30:34,buy,0.02,USDCHF,0.78756,08/04/2026 13:16:07,0.78899,0.00,0.00,14.30,3.62,4.84,19.10,-0.38,-1.50,1,Dragon Wave_GZ1,3.76,3.76hrs
08/04/2026 12:00:06,sell,0.02,GBPCAD,1.86192,08/04/2026 12:30:16,1.86177,0.00,0.00,1.50,0.21,0.30,2.10,-1.88,-13.00,1,Dragon Wave_AZ1,0.50,0.50hrs
08/04/2026 09:45:29,buy,0.02,GBPNZD,2.29871,08/04/2026 12:16:05,2.30906,0.00,0.00,103.50,12.04,12.04,103.50,-0.25,-2.10,1,Dragon Wave_HZ1,2.51,2.51hrs
08/04/2026 09:00:30,buy,0.02,USDJPY,158.27000,08/04/2026 11:42:47,158.43100,0.00,0.00,16.10,2.03,2.03,16.10,-2.71,-21.40,1,Dragon Wave_GZ1,2.70,2.70hrs
08/04/2026 08:00:31,buy,0.02,EURNZD,2.00180,08/04/2026 11:15:32,2.00701,0.00,0.00,52.10,6.06,6.34,54.40,-1.25,-10.70,1,Dragon Wave_GZ1,3.25,3.25hrs
07/04/2026 22:47:08,sell,0.02,AUDJPY,111.21300,08/04/2026 11:10:30,111.61400,0.00,-0.16,-40.10,-5.23,0.00,0.00,-14.55,-114.20,1,Dragon Wave_HZ1,12.39,12.39hrs
08/04/2026 01:47:08,sell,0.03,AUDJPY,111.90300,08/04/2026 11:10:26,111.61300,0.00,0.00,29.00,5.50,5.81,30.70,-8.54,-45.20,1,Dragon Wave_HZ2,9.39,9.39hrs
08/04/2026 09:30:32,buy,0.02,USDJPY,158.10800,08/04/2026 10:11:11,158.33800,0.00,0.00,23.00,2.91,2.91,23.00,-0.66,-5.20,1,Dragon Wave_FZ1,0.68,0.68hrs
08/04/2026 07:15:26,buy,0.02,EURNZD,2.00262,08/04/2026 10:09:35,2.00489,0.00,0.00,22.70,2.65,2.65,22.70,-2.21,-18.90,1,Dragon Wave_FZ1,2.90,2.90hrs
08/04/2026 09:30:28,buy,0.02,USDCHF,0.78759,08/04/2026 10:07:52,0.78923,0.00,0.00,16.40,4.16,4.16,16.40,-0.33,-1.30,1,Dragon Wave_FZ1,0.62,0.62hrs
08/04/2026 09:30:31,sell,0.02,NZDCAD,0.80895,08/04/2026 10:05:34,0.80818,0.00,0.00,7.70,1.11,1.11,7.70,-0.45,-3.10,1,Dragon Wave_CZ1,0.58,0.58hrs
08/04/2026 08:45:26,sell,0.02,GBPCAD,1.85757,08/04/2026 09:51:08,1.85861,0.00,0.00,-10.40,-1.50,0.00,0.00,-3.67,-25.40,1,Dragon Wave_CZ1,1.09,1.09hrs
08/04/2026 09:30:13,sell,0.03,GBPCAD,1.86077,08/04/2026 09:51:06,1.85857,0.00,0.00,22.00,4.76,4.76,22.00,0.00,0.00,1,Dragon Wave_CZ2,0.35,0.35hrs
07/04/2026 22:45:57,sell,0.02,AUDCHF,0.55582,08/04/2026 06:36:41,0.55675,0.00,-0.21,-9.30,-2.57,0.00,0.00,-11.23,-43.70,1,Dragon Wave_HZ1,7.85,7.85hrs
08/04/2026 02:05:11,sell,0.03,AUDCHF,0.55994,08/04/2026 06:36:37,0.55676,0.00,0.00,31.80,12.07,12.07,31.80,-0.15,-0.40,1,Dragon Wave_HZ2,4.52,4.52hrs
07/04/2026 17:30:37,sell,0.02,AUDJPY,110.99100,08/04/2026 06:26:22,111.62400,0.00,-0.16,-63.30,-8.15,1.30,10.40,-17.35,-136.40,1,Dragon Wave_GZ1,12.93,12.93hrs
08/04/2026 01:16:22,sell,0.03,AUDJPY,111.44700,08/04/2026 06:26:19,111.62400,0.00,0.00,-17.70,-3.35,0.00,0.00,-17.16,-90.80,1,Dragon Wave_GZ2,5.17,5.17hrs
08/04/2026 02:02:56,sell,0.05,AUDJPY,112.02600,08/04/2026 06:26:15,111.62100,0.00,0.00,40.50,12.78,12.78,40.50,-10.36,-32.90,1,Dragon Wave_GZ3,4.39,4.39hrs
02/04/2026 18:02:12,sell,0.02,AUDNZD,1.20669,08/04/2026 06:15:08,1.21256,0.00,-0.37,-58.70,-7.20,0.34,2.80,-17.82,-152.30,1,Dragon Wave_HZ1,132.22,5.51days
02/04/2026 23:15:47,sell,0.03,AUDNZD,1.20899,08/04/2026 06:15:05,1.21252,0.00,-0.54,-35.30,-6.70,0.50,3.70,-22.77,-129.30,1,Dragon Wave_HZ2,126.99,5.29days
07/04/2026 06:00:32,sell,0.05,AUDNZD,1.21285,08/04/2026 06:15:03,1.21252,0.00,-0.23,3.30,0.73,1.54,5.40,-26.22,-90.70,1,Dragon Wave_HZ3,24.24,1.01days
07/04/2026 15:01:18,sell,0.08,AUDNZD,1.21561,08/04/2026 06:14:58,1.21246,0.00,-0.37,31.50,14.29,14.29,31.50,-29.30,-63.10,1,Dragon Wave_HZ4,15.23,15.23hrs
02/04/2026 18:01:31,sell,0.02,AUDNZD,1.20663,08/04/2026 06:14:10,1.21318,0.00,-0.37,-65.50,-7.99,0.28,2.20,-17.89,-152.90,1,Dragon Wave_GZ1,132.21,5.51days
02/04/2026 23:15:44,sell,0.03,AUDNZD,1.20901,08/04/2026 06:14:07,1.21333,0.00,-0.54,-43.20,-8.07,0.54,3.90,-22.73,-129.10,1,Dragon Wave_GZ2,126.97,5.29days
07/04/2026 11:45:57,sell,0.05,AUDNZD,1.21379,08/04/2026 06:14:04,1.21337,0.00,-0.23,4.20,0.99,0.99,4.20,-23.52,-81.30,1,Dragon Wave_GZ3,18.47,18.47hrs
07/04/2026 18:01:00,sell,0.08,AUDNZD,1.21688,08/04/2026 06:14:01,1.21330,0.00,-0.37,35.80,16.27,16.27,35.80,-23.47,-50.40,1,Dragon Wave_GZ4,12.22,12.22hrs
02/04/2026 18:01:04,sell,0.02,AUDNZD,1.20663,08/04/2026 06:12:01,1.21468,0.00,-0.37,-80.50,-9.72,0.30,2.20,-17.89,-152.90,1,Dragon Wave_FZ1,132.18,5.51days
02/04/2026 23:15:39,sell,0.03,AUDNZD,1.20901,08/04/2026 06:11:58,1.21413,0.00,-0.54,-51.20,-9.46,0.54,3.90,-22.73,-129.10,1,Dragon Wave_FZ2,126.94,5.29days
07/04/2026 04:30:20,sell,0.05,AUDNZD,1.21244,08/04/2026 06:11:55,1.21399,0.00,-0.23,-15.50,-4.73,1.28,4.50,-27.39,-94.80,1,Dragon Wave_FZ3,25.69,1.07days
07/04/2026 12:30:50,sell,0.08,AUDNZD,1.21455,08/04/2026 06:11:52,1.21393,0.00,-0.37,6.20,2.51,2.51,6.20,-34.15,-73.70,1,Dragon Wave_FZ4,17.68,17.68hrs
07/04/2026 18:00:38,sell,0.14,AUDNZD,1.21703,08/04/2026 06:11:48,1.21410,0.00,-0.65,29.30,23.18,23.18,29.30,-39.88,-48.90,1,Dragon Wave_FZ5,12.19,12.19hrs
07/04/2026 17:30:06,sell,0.02,AUDCHF,0.55533,08/04/2026 06:09:18,0.55722,0.00,-0.21,-18.90,-4.99,0.90,3.60,-12.47,-48.60,1,Dragon Wave_GZ1,12.65,12.65hrs
08/04/2026 01:47:03,sell,0.03,AUDCHF,0.55892,08/04/2026 06:09:15,0.55722,0.00,0.00,17.00,6.46,6.46,17.00,-4.80,-12.70,1,Dragon Wave_GZ2,4.37,4.37hrs
08/04/2026 03:03:33,sell,0.02,CHFJPY,200.74400,08/04/2026 03:34:57,200.38600,0.00,0.00,35.80,4.51,4.51,35.80,0.00,0.00,1,Dragon Wave_CZ1,0.52,0.52hrs
08/04/2026 02:46:36,sell,0.02,EURJPY,185.52300,08/04/2026 03:32:42,185.16700,0.00,0.00,35.60,4.49,4.49,35.60,-0.20,-1.60,1,Dragon Wave_GZ1,0.77,0.77hrs
08/04/2026 02:01:47,sell,0.02,EURJPY,185.44000,08/04/2026 03:32:17,185.17800,0.00,0.00,26.20,3.31,3.31,26.20,-1.25,-9.90,1,Dragon Wave_FZ1,1.51,1.51hrs
07/04/2026 18:00:40,sell,0.02,EURGBP,0.87362,07/04/2026 20:46:36,0.87302,0.00,0.00,6.00,1.60,1.72,6.50,-1.09,-4.10,1,Dragon Wave_GZ1,2.77,2.77hrs
07/04/2026 17:00:58,sell,0.02,EURGBP,0.87332,07/04/2026 20:08:19,0.87301,0.00,0.00,3.10,0.82,0.82,3.10,-1.88,-7.10,1,Dragon Wave_FZ1,3.12,3.12hrs
07/04/2026 12:30:22,sell,0.02,AUDNZD,1.21451,07/04/2026 17:05:19,1.21554,0.00,0.00,-10.30,-1.17,0.01,0.10,-3.07,-26.90,1,Dragon Wave_CZ1,4.58,4.58hrs
07/04/2026 15:18:48,sell,0.03,AUDNZD,1.21633,07/04/2026 17:05:14,1.21549,0.00,0.00,8.40,1.44,1.44,8.40,-1.49,-8.70,1,Dragon Wave_CZ2,1.77,1.77hrs
07/04/2026 16:30:24,sell,0.02,AUDCHF,0.55496,07/04/2026 17:01:14,0.55446,0.00,0.00,5.00,1.25,1.25,5.00,-0.47,-1.90,1,Dragon Wave_FZ1,0.51,0.51hrs
07/04/2026 12:16:24,sell,0.02,AUDCAD,0.96613,07/04/2026 16:40:50,0.96475,0.00,0.00,13.80,1.98,2.60,18.10,-0.83,-5.80,1,Dragon Wave_GZ1,4.41,4.41hrs
07/04/2026 12:01:56,sell,0.02,GBPCAD,1.84757,07/04/2026 14:31:26,1.84310,0.00,0.00,44.70,6.42,6.42,44.70,-1.25,-8.70,1,Dragon Wave_HZ1,2.49,2.49hrs
07/04/2026 11:16:46,sell,0.02,GBPCAD,1.84499,07/04/2026 13:26:03,1.84387,0.00,0.00,11.20,1.61,1.61,11.20,-4.96,-34.50,1,Dragon Wave_GZ1,2.15,2.15hrs
07/04/2026 11:46:54,sell,0.03,GBPCAD,1.84749,07/04/2026 13:25:58,1.84381,0.00,0.00,36.80,7.93,7.93,36.80,-2.05,-9.50,1,Dragon Wave_GZ2,1.65,1.65hrs
07/04/2026 12:31:16,sell,0.02,AUDCAD,0.96658,07/04/2026 13:25:31,0.96439,0.00,0.00,21.90,3.15,3.15,21.90,-0.17,-1.20,1,Dragon Wave_FZ1,0.90,0.90hrs
07/04/2026 11:46:36,sell,0.02,GBPCAD,1.84769,07/04/2026 13:25:27,1.84463,0.00,0.00,30.60,4.39,4.39,30.60,-1.08,-7.50,1,Dragon Wave_FZ1,1.65,1.65hrs
07/04/2026 12:30:28,sell,0.02,AUDCAD,0.96635,07/04/2026 13:09:43,0.96526,0.00,0.00,10.90,1.56,1.56,10.90,-0.50,-3.50,1,Dragon Wave_CZ1,0.65,0.65hrs
07/04/2026 12:00:31,sell,0.02,AUDCAD,0.96603,07/04/2026 13:09:31,0.96503,0.00,0.00,10.00,1.44,1.44,10.00,-0.98,-6.80,1,Dragon Wave_BZ1,1.15,1.15hrs
07/04/2026 12:01:52,sell,0.02,AUDUSD,0.69452,07/04/2026 13:09:30,0.69345,0.00,0.00,10.70,2.14,2.14,10.70,-0.26,-1.30,1,Dragon Wave_CZ1,1.13,1.13hrs
07/04/2026 12:30:11,sell,0.02,AUDCAD,0.96632,07/04/2026 13:03:44,0.96605,0.00,0.00,2.70,0.39,0.42,2.90,-0.55,-3.80,1,Dragon Wave_AZ1,0.56,0.56hrs
07/04/2026 05:15:20,buy,0.02,NZDUSD,0.56918,07/04/2026 06:32:04,0.57001,0.00,0.00,8.30,1.66,1.66,8.30,-0.22,-1.10,1,Dragon Wave_CZ1,1.28,1.28hrs
06/04/2026 20:16:04,buy,0.02,AUDCAD,0.96165,06/04/2026 21:11:15,0.96298,0.00,0.00,13.30,1.91,1.91,13.30,-0.07,-0.50,1,Dragon Wave_FZ1,0.92,0.92hrs
06/04/2026 18:01:13,sell,0.02,CHFJPY,200.18100,06/04/2026 20:16:35,200.04900,0.00,0.00,13.20,1.65,1.65,13.20,0.00,0.00,1,Dragon Wave_FZ1,2.26,2.26hrs
06/04/2026 08:15:22,sell,0.02,NZDCAD,0.79509,06/04/2026 20:08:46,0.79495,0.00,0.00,1.40,0.20,0.46,3.20,-2.80,-19.50,1,Dragon Wave_FZ1,11.89,11.89hrs
06/04/2026 10:45:31,sell,0.02,NZDUSD,0.57161,06/04/2026 18:10:55,0.57142,0.00,0.00,1.90,0.38,0.38,1.90,-2.70,-13.50,1,Dragon Wave_FZ1,7.42,7.42hrs
06/04/2026 10:01:19,sell,0.02,AUDCAD,0.96345,06/04/2026 17:38:44,0.96290,0.00,0.00,5.50,0.79,0.79,5.50,-2.84,-19.80,1,Dragon Wave_FZ1,7.62,7.62hrs
06/04/2026 12:30:43,sell,0.02,AUDCAD,0.96521,06/04/2026 17:38:38,0.96356,0.00,0.00,16.50,2.37,2.57,17.90,-0.32,-2.20,1,Dragon Wave_HZ1,5.13,5.13hrs
06/04/2026 11:00:55,sell,0.02,AUDUSD,0.69311,06/04/2026 17:05:53,0.69247,0.00,0.00,6.40,1.28,1.46,7.30,-0.98,-4.90,1,Dragon Wave_GZ1,6.08,6.08hrs
06/04/2026 15:00:32,sell,0.02,NZDJPY,91.27200,06/04/2026 17:04:56,91.18100,0.00,0.00,9.10,1.14,1.14,9.10,-0.15,-1.20,1,Dragon Wave_GZ1,2.07,2.07hrs
06/04/2026 11:00:53,sell,0.02,NZDUSD,0.57249,06/04/2026 17:04:30,0.57171,0.00,0.00,7.80,1.56,1.80,9.00,-0.30,-1.50,1,Dragon Wave_GZ1,6.06,6.06hrs
06/04/2026 11:01:02,sell,0.02,NZDJPY,91.24200,06/04/2026 15:56:23,91.20600,0.00,0.00,3.60,0.46,0.84,6.70,-0.60,-4.80,1,Dragon Wave_FZ1,4.92,4.92hrs
06/04/2026 12:30:20,sell,0.02,AUDJPY,110.54300,06/04/2026 15:50:45,110.44900,0.00,0.00,9.40,1.18,1.43,11.40,-0.43,-3.40,1,Dragon Wave_FZ1,3.34,3.34hrs
06/04/2026 12:30:39,sell,0.02,AUDCAD,0.96519,06/04/2026 15:31:22,0.96402,0.00,0.00,11.70,1.68,1.85,12.90,-0.34,-2.40,1,Dragon Wave_GZ1,3.01,3.01hrs
06/04/2026 11:00:57,sell,0.02,NZDCAD,0.79683,06/04/2026 14:30:54,0.79588,0.00,0.00,9.50,1.37,1.57,10.90,-0.30,-2.10,1,Dragon Wave_GZ1,3.50,3.50hrs
06/04/2026 11:01:41,sell,0.02,GBPCAD,1.84502,06/04/2026 14:16:08,1.84286,0.00,0.00,21.60,3.10,3.10,21.60,-0.23,-1.60,1,Dragon Wave_GZ1,3.24,3.24hrs
06/04/2026 11:00:51,sell,0.02,AUDUSD,0.69309,06/04/2026 14:15:34,0.69247,0.00,0.00,6.20,1.24,1.26,6.30,-1.02,-5.10,1,Dragon Wave_FZ1,3.25,3.25hrs
06/04/2026 12:30:23,sell,0.02,AUDUSD,0.69339,06/04/2026 12:54:31,0.69273,0.00,0.00,6.60,1.32,1.32,6.60,-0.42,-2.10,1,Dragon Wave_CZ1,0.40,0.40hrs
06/04/2026 11:00:36,sell,0.02,NZDCAD,0.79689,06/04/2026 12:54:28,0.79635,0.00,0.00,5.40,0.78,0.78,5.40,-0.22,-1.50,1,Dragon Wave_CZ1,1.90,1.90hrs
06/04/2026 12:30:13,sell,0.02,AUDUSD,0.69337,06/04/2026 12:54:09,0.69302,0.00,0.00,3.50,0.70,0.70,3.50,-0.46,-2.30,1,Dragon Wave_BZ1,0.40,0.40hrs
06/04/2026 11:01:35,sell,0.02,GBPCAD,1.84507,06/04/2026 12:54:06,1.84413,0.00,0.00,9.40,1.35,1.35,9.40,-0.16,-1.10,1,Dragon Wave_CZ1,1.88,1.88hrs
06/04/2026 11:00:20,sell,0.02,GBPUSD,1.32553,06/04/2026 12:45:36,1.32531,0.00,0.00,2.20,0.44,1.22,6.10,-0.58,-2.90,1,Dragon Wave_AZ1,1.75,1.75hrs
06/04/2026 11:01:02,sell,0.02,GBPCAD,1.84506,06/04/2026 11:10:48,1.84407,0.00,0.00,9.90,1.43,1.43,9.90,-0.17,-1.20,1,Dragon Wave_BZ1,0.16,0.16hrs
06/04/2026 11:00:29,sell,0.02,GBPCAD,1.84497,06/04/2026 11:10:25,1.84419,0.00,0.00,7.80,1.12,1.12,7.80,-0.30,-2.10,1,Dragon Wave_AZ1,0.17,0.17hrs
06/04/2026 10:45:33,sell,0.02,EURGBP,0.87283,06/04/2026 10:52:47,0.87255,0.00,0.00,2.80,0.75,0.75,2.80,0.00,0.00,1,Dragon Wave_BZ1,0.12,0.12hrs
06/04/2026 01:15:18,buy,0.02,GBPCAD,1.83868,06/04/2026 01:56:49,1.83929,0.00,0.00,6.10,0.88,0.88,6.10,0.00,0.00,1,Dragon Wave_FZ1,0.69,0.69hrs
02/04/2026 17:46:21,sell,0.02,AUDNZD,1.20587,03/04/2026 22:58:02,1.20921,0.00,-0.09,-33.40,-3.90,0.00,0.00,-6.88,-59.70,1,Dragon Wave_CZ1,29.19,1.22days
02/04/2026 23:15:34,sell,0.03,AUDNZD,1.20899,03/04/2026 22:57:59,1.20904,0.00,-0.13,-0.50,-0.21,0.50,3.70,-4.99,-28.50,1,Dragon Wave_CZ2,23.71,23.71hrs
03/04/2026 11:15:12,sell,0.05,AUDNZD,1.21058,03/04/2026 22:57:56,1.20904,0.00,0.00,15.40,4.39,4.39,15.40,-3.58,-12.60,1,Dragon Wave_CZ3,11.71,11.71hrs
03/04/2026 22:15:30,buy,0.02,NZDCAD,0.79294,03/04/2026 22:57:01,0.79392,0.00,0.00,9.80,1.40,1.40,9.80,-0.14,-1.00,1,Dragon Wave_GZ1,0.69,0.69hrs
03/04/2026 22:15:19,buy,0.02,NZDCAD,0.79295,03/04/2026 22:52:04,0.79404,0.00,0.00,10.90,1.57,1.57,10.90,-0.16,-1.10,1,Dragon Wave_FZ1,0.61,0.61hrs
02/04/2026 17:01:26,sell,0.02,AUDCAD,0.95959,03/04/2026 18:31:28,0.96088,0.00,-0.10,-12.90,-1.95,0.00,0.00,-4.62,-31.50,1,Dragon Wave_GZ1,25.50,1.06days
02/04/2026 18:02:16,sell,0.03,AUDCAD,0.96225,03/04/2026 18:31:21,0.96089,0.00,-0.16,13.60,2.77,3.06,14.20,-1.22,-4.90,1,Dragon Wave_GZ2,24.48,1.02days
02/04/2026 20:16:23,sell,0.02,AUDJPY,110.26300,03/04/2026 06:56:54,110.22600,0.00,-0.15,3.70,0.32,0.99,7.90,-1.50,-10.80,1,Dragon Wave_GZ1,10.68,10.68hrs
02/04/2026 18:15:57,sell,0.02,AUDUSD,0.69151,03/04/2026 04:45:32,0.69100,0.00,-0.08,5.10,0.94,2.22,11.10,-0.38,-1.50,1,Dragon Wave_GZ1,10.49,10.49hrs
02/04/2026 20:16:10,sell,0.02,AUDJPY,110.26100,03/04/2026 03:15:23,110.23100,0.00,-0.15,3.00,0.23,0.96,7.70,-1.53,-11.00,1,Dragon Wave_FZ1,6.99,6.99hrs
02/04/2026 17:01:09,sell,0.02,AUDCAD,0.95971,02/04/2026 22:15:51,0.96104,0.00,0.00,-13.30,-1.91,0.00,0.00,-4.14,-28.80,1,Dragon Wave_FZ1,5.25,5.25hrs
02/04/2026 18:01:58,sell,0.03,AUDCAD,0.96216,02/04/2026 22:15:46,0.96104,0.00,0.00,11.20,2.41,2.87,13.30,-0.93,-4.30,1,Dragon Wave_FZ2,4.23,4.23hrs
02/04/2026 17:47:07,sell,0.02,AUDUSD,0.69068,02/04/2026 21:31:11,0.69041,0.00,0.00,2.70,0.54,1.00,5.00,-1.78,-8.90,1,Dragon Wave_FZ1,3.73,3.73hrs
02/04/2026 17:46:23,sell,0.02,NZDCAD,0.79719,02/04/2026 20:52:14,0.79567,0.00,0.00,15.20,2.18,2.18,15.20,-1.02,-7.10,1,Dragon Wave_GZ1,3.10,3.10hrs
02/04/2026 17:46:08,sell,0.02,GBPCAD,1.84127,02/04/2026 20:01:25,1.84057,0.00,0.00,7.00,1.00,1.00,7.00,-4.55,-31.70,1,Dragon Wave_FZ1,2.25,2.25hrs
02/04/2026 17:45:57,sell,0.02,NZDCAD,0.79734,02/04/2026 20:01:09,0.79604,0.00,0.00,13.00,1.87,1.87,13.00,-0.80,-5.60,1,Dragon Wave_FZ1,2.25,2.25hrs
02/04/2026 18:02:18,sell,0.02,AUDCHF,0.55201,02/04/2026 19:10:33,0.55156,0.00,0.00,4.50,1.12,1.12,4.50,0.00,0.00,1,Dragon Wave_CZ1,1.14,1.14hrs
02/04/2026 17:45:49,sell,0.02,NZDCAD,0.79739,02/04/2026 18:22:57,0.79689,0.00,0.00,5.00,0.72,1.19,8.30,-0.73,-5.10,1,Dragon Wave_CZ1,0.62,0.62hrs
02/04/2026 18:01:06,sell,0.02,AUDCHF,0.55205,02/04/2026 18:20:47,0.55153,0.00,0.00,5.20,1.30,1.30,5.20,0.00,0.00,1,Dragon Wave_BZ1,0.33,0.33hrs
02/04/2026 07:00:59,sell,0.02,USDCHF,0.79808,02/04/2026 18:16:25,0.79800,0.00,0.00,0.80,0.20,0.43,1.70,-7.02,-28.10,1,Dragon Wave_FZ1,11.26,11.26hrs
02/04/2026 07:01:08,sell,0.02,USDCHF,0.79814,02/04/2026 18:11:19,0.79794,0.00,0.00,2.00,0.50,0.50,2.30,-6.87,-27.50,1,Dragon Wave_GZ1,11.17,11.17hrs
02/04/2026 07:00:41,sell,0.02,USDCHF,0.79807,02/04/2026 18:11:12,0.79794,0.00,0.00,1.30,0.33,0.33,1.30,-7.04,-28.20,1,Dragon Wave_CZ1,11.18,11.18hrs
02/04/2026 07:00:35,sell,0.02,USDCHF,0.79804,02/04/2026 18:10:57,0.79794,0.00,0.00,1.00,0.25,0.25,1.00,-7.12,-28.50,1,Dragon Wave_BZ1,11.17,11.17hrs
02/04/2026 17:46:01,buy,0.02,EURAUD,1.67118,02/04/2026 17:50:09,1.67290,0.00,0.00,17.20,2.37,2.37,17.20,0.00,0.00,1,Dragon Wave_CZ1,0.07,0.07hrs
02/04/2026 07:00:47,buy,0.02,GBPUSD,1.32373,02/04/2026 17:36:28,1.32427,0.00,0.00,5.40,1.08,1.08,5.40,-10.94,-54.70,1,Dragon Wave_CZ1,10.59,10.59hrs
02/04/2026 07:30:13,buy,0.02,GBPUSD,1.32337,02/04/2026 17:36:24,1.32390,0.00,0.00,5.30,1.06,1.06,5.30,-10.22,-51.10,1,Dragon Wave_FZ1,10.10,10.10hrs
02/04/2026 08:31:43,buy,0.02,GBPUSD,1.32289,02/04/2026 17:36:19,1.32382,0.00,0.00,9.30,1.86,1.86,9.30,-9.26,-46.30,1,Dragon Wave_GZ1,9.08,9.08hrs
02/04/2026 07:00:23,buy,0.02,GBPCAD,1.84106,02/04/2026 17:36:19,1.84131,0.00,0.00,2.50,0.36,0.70,4.90,-7.08,-49.30,1,Dragon Wave_CZ1,10.60,10.60hrs
02/04/2026 07:31:00,buy,0.02,EURUSD,1.15359,02/04/2026 17:36:09,1.15433,0.00,0.00,7.40,1.48,1.48,7.40,-5.38,-26.90,1,Dragon Wave_FZ1,10.09,10.09hrs
02/04/2026 13:15:44,sell,0.02,USDCHF,0.80049,02/04/2026 17:36:06,0.79893,0.00,0.00,15.60,3.91,3.91,15.60,-1.00,-4.00,1,Dragon Wave_HZ1,4.34,4.34hrs
02/04/2026 07:30:50,buy,0.02,EURUSD,1.15362,02/04/2026 17:36:05,1.15395,0.00,0.00,3.30,0.66,0.66,3.30,-5.44,-27.20,1,Dragon Wave_CZ1,10.09,10.09hrs
02/04/2026 09:15:24,buy,0.02,GBPUSD,1.32040,02/04/2026 17:36:00,1.32265,0.00,0.00,22.50,4.50,4.50,22.50,-4.28,-21.40,1,Dragon Wave_HZ1,8.34,8.34hrs
02/04/2026 05:45:54,sell,0.02,USDJPY,159.40600,02/04/2026 17:35:59,159.38700,0.00,0.00,1.90,0.24,1.14,9.10,-4.26,-34.00,1,Dragon Wave_FZ1,11.83,11.83hrs
02/04/2026 09:16:07,buy,0.02,EURUSD,1.15171,02/04/2026 17:35:58,1.15399,0.00,0.00,22.80,4.56,4.56,22.80,-1.62,-8.10,1,Dragon Wave_HZ1,8.33,8.33hrs
02/04/2026 07:45:50,buy,0.02,NZDUSD,0.57091,02/04/2026 16:53:33,0.57184,0.00,0.00,9.30,1.86,1.86,9.30,-1.68,-8.40,1,Dragon Wave_HZ1,9.13,9.13hrs
02/04/2026 10:30:27,sell,0.02,USDJPY,159.66200,02/04/2026 16:30:48,159.59300,0.00,0.00,6.90,0.86,1.27,10.10,-1.05,-8.40,1,Dragon Wave_GZ1,6.01,6.01hrs
02/04/2026 09:15:39,buy,0.02,NZDCAD,0.79329,02/04/2026 15:39:32,0.79540,0.00,0.00,21.10,3.03,3.03,21.10,-0.01,-0.10,1,Dragon Wave_HZ1,6.40,6.40hrs
02/04/2026 12:15:18,buy,0.02,GBPCAD,1.83664,02/04/2026 15:27:53,1.83957,0.00,0.00,29.30,4.21,4.21,29.30,-0.73,-5.10,1,Dragon Wave_HZ1,3.21,3.21hrs
02/04/2026 09:01:54,buy,0.02,GBPCAD,1.83908,02/04/2026 15:25:10,1.83939,0.00,0.00,3.10,0.45,1.37,9.50,-4.24,-29.50,1,Dragon Wave_FZ1,6.39,6.39hrs
02/04/2026 09:30:59,sell,0.02,CADCHF,0.57505,02/04/2026 15:24:11,0.57437,0.00,0.00,6.80,1.71,2.50,10.00,-0.20,-0.80,1,Dragon Wave_GZ1,5.89,5.89hrs
02/04/2026 09:15:28,buy,0.02,GBPCAD,1.83722,02/04/2026 15:20:54,1.83850,0.00,0.00,12.80,1.84,4.04,28.10,-1.57,-10.90,1,Dragon Wave_GZ1,6.09,6.09hrs
02/04/2026 09:15:41,buy,0.02,EURUSD,1.15169,02/04/2026 15:06:59,1.15278,0.00,0.00,10.90,2.18,3.66,18.30,-1.58,-7.90,1,Dragon Wave_GZ1,5.86,5.86hrs
02/04/2026 10:46:26,sell,0.02,EURGBP,0.87264,02/04/2026 14:56:56,0.87242,0.00,0.00,2.20,0.58,0.58,2.20,-2.03,-7.70,1,Dragon Wave_GZ1,4.17,4.17hrs
02/04/2026 09:30:31,sell,0.02,EURGBP,0.87262,02/04/2026 14:56:05,0.87248,0.00,0.00,1.40,0.37,0.95,3.60,-2.08,-7.90,1,Dragon Wave_FZ1,5.43,5.43hrs
02/04/2026 14:15:30,sell,0.02,USDCAD,1.39311,02/04/2026 14:52:38,1.39183,0.00,0.00,12.80,1.84,1.84,12.80,0.00,0.00,1,Dragon Wave_FZ1,0.62,0.62hrs
02/04/2026 09:01:20,buy,0.02,NZDUSD,0.57057,02/04/2026 12:46:11,0.57152,0.00,0.00,9.50,1.90,2.02,10.10,-1.00,-5.00,1,Dragon Wave_GZ1,3.75,3.75hrs
02/04/2026 09:15:30,sell,0.02,CADCHF,0.57475,02/04/2026 11:46:24,0.57442,0.00,0.00,3.30,0.83,1.75,7.00,-0.73,-2.90,1,Dragon Wave_FZ1,2.52,2.52hrs
02/04/2026 10:30:14,sell,0.02,NZDJPY,91.22200,02/04/2026 11:22:03,91.14100,0.00,0.00,8.10,1.02,1.02,8.10,0.00,0.00,1,Dragon Wave_BZ1,0.86,0.86hrs
02/04/2026 10:30:07,sell,0.02,NZDJPY,91.22400,02/04/2026 11:21:36,91.15200,0.00,0.00,7.20,0.90,0.90,7.20,0.00,0.00,1,Dragon Wave_AZ1,0.86,0.86hrs
02/04/2026 09:15:53,buy,0.02,AUDCAD,0.95563,02/04/2026 10:31:09,0.95681,0.00,0.00,11.80,1.69,1.77,12.30,-0.14,-1.00,1,Dragon Wave_FZ1,1.25,1.25hrs
02/04/2026 09:00:46,buy,0.02,AUDUSD,0.68706,02/04/2026 10:31:08,0.68801,0.00,0.00,9.50,1.90,1.90,9.50,-0.54,-2.70,1,Dragon Wave_FZ1,1.51,1.51hrs
02/04/2026 07:15:40,buy,0.02,NZDUSD,0.57140,02/04/2026 10:28:34,0.57152,0.00,0.00,1.20,0.24,0.24,1.20,-2.66,-13.30,1,Dragon Wave_FZ1,3.21,3.21hrs
02/04/2026 09:45:48,buy,0.02,AUDJPY,109.42400,02/04/2026 10:05:35,109.64200,0.00,0.00,21.80,2.73,2.73,21.80,0.00,0.00,1,Dragon Wave_FZ1,0.33,0.33hrs
02/04/2026 07:30:16,buy,0.02,NZDUSD,0.57118,02/04/2026 10:00:41,0.57126,0.00,0.00,0.80,0.16,0.16,0.80,-2.22,-11.10,1,Dragon Wave_CZ1,2.51,2.51hrs
02/04/2026 09:15:25,buy,0.02,NZDCAD,0.79326,02/04/2026 10:00:31,0.79477,0.00,0.00,15.10,2.17,2.17,15.10,0.00,0.00,1,Dragon Wave_FZ1,0.75,0.75hrs
02/04/2026 09:00:25,buy,0.02,AUDCAD,0.95587,02/04/2026 09:55:59,0.95625,0.00,0.00,3.80,0.54,0.54,3.80,-0.49,-3.40,1,Dragon Wave_CZ1,0.93,0.93hrs
02/04/2026 09:00:32,buy,0.02,AUDUSD,0.68695,02/04/2026 09:52:51,0.68726,0.00,0.00,3.10,0.62,0.62,3.10,-0.32,-1.60,1,Dragon Wave_CZ1,0.87,0.87hrs
02/04/2026 07:45:18,buy,0.02,NZDCAD,0.79415,02/04/2026 09:52:50,0.79430,0.00,0.00,1.50,0.21,0.26,1.80,-1.25,-8.70,1,Dragon Wave_CZ1,2.13,2.13hrs
02/04/2026 07:45:20,buy,0.02,NZDUSD,0.57082,02/04/2026 09:52:42,0.57089,0.00,0.00,0.70,0.14,0.28,1.40,-1.50,-7.50,1,Dragon Wave_BZ1,2.12,2.12hrs
02/04/2026 09:30:20,sell,0.02,EURGBP,0.87262,02/04/2026 09:52:19,0.87237,0.00,0.00,2.50,0.66,0.66,2.50,-0.24,-0.90,1,Dragon Wave_BZ1,0.37,0.37hrs
02/04/2026 08:15:12,buy,0.02,GBPUSD,1.32311,02/04/2026 09:50:23,1.32184,0.00,0.00,-12.70,-2.54,0.00,0.00,-5.80,-29.00,1,Dragon Wave_BZ1,1.59,1.59hrs
02/04/2026 09:15:07,buy,0.03,GBPUSD,1.32040,02/04/2026 09:50:19,1.32190,0.00,0.00,15.00,4.50,4.50,15.00,-0.57,-1.90,1,Dragon Wave_BZ2,0.59,0.59hrs
02/04/2026 09:00:34,sell,0.02,CADCHF,0.57425,02/04/2026 09:40:11,0.57421,0.00,0.00,0.40,0.10,0.10,0.40,-1.83,-7.30,1,Dragon Wave_BZ1,0.66,0.66hrs
02/04/2026 09:15:07,buy,0.02,GBPCAD,1.83722,02/04/2026 09:39:28,1.83833,0.00,0.00,11.10,1.59,1.59,11.10,-0.14,-1.00,1,Dragon Wave_BZ1,0.41,0.41hrs
02/04/2026 07:00:11,sell,0.02,USDCHF,0.79804,02/04/2026 09:35:34,0.79909,0.00,0.00,-10.50,-2.63,0.10,0.40,-4.83,-19.30,1,Dragon Wave_AZ1,2.59,2.59hrs
02/04/2026 09:15:25,sell,0.03,USDCHF,0.79974,02/04/2026 09:35:30,0.79900,0.00,0.00,7.40,2.78,2.78,7.40,-0.86,-2.30,1,Dragon Wave_AZ2,0.33,0.33hrs
02/04/2026 09:15:23,sell,0.02,CADCHF,0.57475,02/04/2026 09:33:53,0.57454,0.00,0.00,2.10,0.53,0.53,2.10,-0.58,-2.30,1,Dragon Wave_CZ1,0.31,0.31hrs
02/04/2026 07:30:40,buy,0.02,EURUSD,1.15366,02/04/2026 09:28:24,1.15258,0.00,0.00,-10.80,-2.16,0.32,1.60,-4.16,-20.80,1,Dragon Wave_BZ1,1.96,1.96hrs
02/04/2026 09:15:09,buy,0.03,EURUSD,1.15174,02/04/2026 09:28:21,1.15258,0.00,0.00,8.40,2.52,2.52,8.40,-0.48,-1.60,1,Dragon Wave_BZ2,0.22,0.22hrs
02/04/2026 07:45:09,buy,0.02,NZDCAD,0.79414,02/04/2026 09:23:48,0.79367,0.00,0.00,-4.70,-0.68,0.27,1.90,-1.24,-8.60,1,Dragon Wave_BZ1,1.64,1.64hrs
02/04/2026 09:15:19,buy,0.03,NZDCAD,0.79325,02/04/2026 09:23:44,0.79368,0.00,0.00,4.30,0.93,0.93,4.30,0.00,0.00,1,Dragon Wave_BZ2,0.14,0.14hrs
02/04/2026 07:45:47,sell,0.02,GBPNZD,2.31812,02/04/2026 09:07:22,2.31542,0.00,0.00,27.00,3.08,3.08,27.00,-0.33,-2.90,1,Dragon Wave_GZ1,1.36,1.36hrs
02/04/2026 09:01:00,sell,0.02,USDCAD,1.39156,02/04/2026 09:03:26,1.39131,0.00,0.00,2.50,0.36,0.36,2.50,-0.09,-0.60,1,Dragon Wave_BZ1,0.04,0.04hrs
02/04/2026 05:45:23,sell,0.02,USDJPY,159.41700,02/04/2026 08:24:11,159.35900,0.00,0.00,5.80,0.73,1.17,9.30,-0.24,-1.90,1,Dragon Wave_CZ1,2.65,2.65hrs
02/04/2026 05:45:27,sell,0.02,CADJPY,114.68400,02/04/2026 06:15:35,114.64600,0.00,0.00,3.80,0.48,0.48,3.80,-0.08,-0.60,1,Dragon Wave_AZ1,0.50,0.50hrs
31/03/2026 19:46:52,buy,0.02,USDJPY,158.98400,02/04/2026 04:19:27,159.03500,0.00,0.51,5.10,1.15,1.15,5.10,-8.49,-68.20,1,Dragon Wave_FZ1,32.54,1.36days
31/03/2026 17:31:43,sell,0.02,EURUSD,1.15367,02/04/2026 04:19:23,1.15681,0.00,0.20,-31.40,-6.08,4.20,21.00,-17.75,-89.00,1,Dragon Wave_HZ1,34.79,1.45days
01/04/2026 09:31:52,sell,0.03,EURUSD,1.15915,02/04/2026 04:19:20,1.15671,0.00,0.23,24.40,7.55,7.55,24.40,-10.26,-34.20,1,Dragon Wave_HZ2,18.79,18.79hrs
31/03/2026 16:31:11,sell,0.02,EURUSD,1.15178,02/04/2026 04:18:03,1.15704,0.00,0.20,-52.60,-10.32,0.72,3.60,-21.53,-107.90,1,Dragon Wave_FZ1,35.78,1.49days
31/03/2026 23:01:19,sell,0.03,EURUSD,1.15591,02/04/2026 04:18:00,1.15704,0.00,0.30,-11.30,-3.09,1.56,5.20,-19.91,-66.60,1,Dragon Wave_FZ2,29.28,1.22days
01/04/2026 11:46:05,sell,0.05,EURUSD,1.16086,02/04/2026 04:17:56,1.15717,0.00,0.38,36.90,18.83,18.83,36.90,-8.55,-17.10,1,Dragon Wave_FZ3,16.53,16.53hrs
01/04/2026 21:30:46,buy,0.02,AUDCAD,0.96075,02/04/2026 02:15:53,0.96114,0.00,0.17,3.90,0.74,0.81,5.60,-1.42,-11.00,1,Dragon Wave_FZ1,4.75,4.75hrs
01/04/2026 11:01:05,sell,0.02,CHFJPY,199.77000,02/04/2026 01:40:16,199.72900,0.00,0.10,4.10,0.62,1.20,9.50,-6.00,-48.00,1,Dragon Wave_GZ1,14.65,14.65hrs
01/04/2026 09:31:04,buy,0.02,USDCHF,0.79481,01/04/2026 22:21:54,0.79491,0.00,0.00,1.00,0.25,0.96,3.80,-9.15,-36.20,1,Dragon Wave_HZ1,12.85,12.85hrs
31/03/2026 17:31:11,sell,0.02,EURCAD,1.60825,01/04/2026 22:13:42,1.60803,0.00,-0.04,2.20,0.28,2.44,17.00,-9.22,-63.80,1,Dragon Wave_HZ1,28.71,1.20days
01/04/2026 09:15:19,sell,0.02,GBPCAD,1.84483,01/04/2026 22:10:27,1.84634,0.00,0.00,-15.10,-2.17,0.45,3.10,-10.26,-71.30,1,Dragon Wave_FZ1,12.92,12.92hrs
01/04/2026 13:16:15,sell,0.03,GBPCAD,1.84790,01/04/2026 22:10:23,1.84634,0.00,0.00,15.60,3.36,3.36,15.60,-8.77,-40.60,1,Dragon Wave_FZ2,8.90,8.90hrs
01/04/2026 13:30:49,sell,0.02,GBPJPY,211.09400,01/04/2026 21:46:40,211.08100,0.00,0.00,1.30,0.16,4.58,36.00,-4.26,-33.80,1,Dragon Wave_GZ1,8.26,8.26hrs
01/04/2026 15:00:27,sell,0.02,GBPCAD,1.85028,01/04/2026 21:31:35,1.84755,0.00,0.00,27.30,3.93,4.25,29.50,-2.42,-16.80,1,Dragon Wave_HZ1,6.52,6.52hrs
01/04/2026 13:30:56,sell,0.02,GBPUSD,1.33138,01/04/2026 21:31:29,1.33010,0.00,0.00,12.80,2.56,3.54,17.60,-5.72,-28.60,1,Dragon Wave_HZ1,8.01,8.01hrs
01/04/2026 13:15:37,sell,0.02,GBPUSD,1.33025,01/04/2026 21:31:14,1.33008,0.00,0.00,1.70,0.34,1.28,6.30,-7.98,-39.90,1,Dragon Wave_GZ1,8.26,8.26hrs
31/03/2026 16:15:32,sell,0.02,EURUSD,1.15097,01/04/2026 21:16:34,1.15884,0.00,0.05,-78.70,-15.69,0.00,0.00,-23.15,-116.00,1,Dragon Wave_CZ1,29.02,1.21days
31/03/2026 23:01:14,sell,0.03,EURUSD,1.15592,01/04/2026 21:16:30,1.15884,0.00,0.07,-29.20,-8.69,1.59,5.30,-19.88,-66.50,1,Dragon Wave_CZ2,22.25,22.25hrs
01/04/2026 10:00:23,sell,0.05,EURUSD,1.15925,01/04/2026 21:16:27,1.15883,0.00,0.00,4.20,2.10,5.15,10.30,-16.60,-33.20,1,Dragon Wave_CZ3,11.27,11.27hrs
01/04/2026 20:01:01,sell,0.08,EURUSD,1.16191,01/04/2026 21:16:21,1.15884,0.00,0.00,30.70,24.56,24.56,30.70,-1.44,-1.80,1,Dragon Wave_CZ4,1.26,1.26hrs
31/03/2026 17:02:07,sell,0.02,EURCAD,1.60625,01/04/2026 20:58:50,1.60992,0.00,-0.04,-36.70,-5.33,0.00,0.00,-12.10,-83.80,1,Dragon Wave_GZ1,27.95,1.16days
01/04/2026 17:03:53,sell,0.03,EURCAD,1.61296,01/04/2026 20:58:46,1.60991,0.00,0.00,30.50,6.59,6.59,30.50,-3.61,-16.70,1,Dragon Wave_GZ2,3.91,3.91hrs
31/03/2026 17:01:44,sell,0.02,EURCAD,1.60622,01/04/2026 20:36:56,1.61007,0.00,-0.04,-38.50,-5.59,0.00,0.00,-12.15,-84.10,1,Dragon Wave_FZ1,27.59,1.15days
01/04/2026 17:03:22,sell,0.03,EURCAD,1.61316,01/04/2026 20:36:53,1.61009,0.00,0.00,30.70,6.64,6.64,30.70,-3.17,-14.70,1,Dragon Wave_FZ2,3.56,3.56hrs
31/03/2026 16:16:07,sell,0.02,EURCAD,1.60435,01/04/2026 20:34:26,1.61019,0.00,-0.04,-58.40,-8.46,0.67,4.70,-14.84,-102.80,1,Dragon Wave_CZ1,28.31,1.18days
01/04/2026 09:30:38,sell,0.03,EURCAD,1.61012,01/04/2026 20:34:23,1.61016,0.00,0.00,-0.40,-0.09,2.31,10.70,-9.74,-45.10,1,Dragon Wave_CZ2,11.06,11.06hrs
01/04/2026 17:03:16,sell,0.05,EURCAD,1.61313,01/04/2026 20:34:18,1.61026,0.00,0.00,28.70,10.33,10.33,28.70,-5.40,-15.00,1,Dragon Wave_CZ3,3.52,3.52hrs
01/04/2026 18:45:14,buy,0.02,EURGBP,0.87128,01/04/2026 19:14:26,0.87149,0.00,0.00,2.10,0.56,0.56,2.10,-0.45,-1.70,1,Dragon Wave_AZ1,0.49,0.49hrs
01/04/2026 15:00:55,buy,0.02,CADCHF,0.56998,01/04/2026 18:28:28,0.57169,0.00,0.00,17.10,4.30,4.30,17.10,-0.76,-3.00,1,Dragon Wave_HZ1,3.46,3.46hrs
01/04/2026 10:31:05,sell,0.02,CHFJPY,199.50200,01/04/2026 17:02:32,199.78800,0.00,0.00,-28.60,-3.60,0.19,1.50,-9.38,-74.80,1,Dragon Wave_FZ1,6.52,6.52hrs
01/04/2026 13:00:43,sell,0.03,CHFJPY,200.04500,01/04/2026 17:02:27,199.72300,0.00,0.00,32.20,6.09,6.09,32.20,-3.80,-20.50,1,Dragon Wave_FZ2,4.03,4.03hrs
01/04/2026 14:00:14,buy,0.02,CADCHF,0.57037,01/04/2026 17:02:16,0.57133,0.00,0.00,9.60,2.42,2.42,9.60,-1.74,-6.90,1,Dragon Wave_GZ1,3.03,3.03hrs
01/04/2026 15:01:05,buy,0.02,USDCHF,0.79155,01/04/2026 17:00:33,0.79352,0.00,0.00,19.70,4.97,4.97,19.70,-0.91,-3.60,1,Dragon Wave_GZ1,1.99,1.99hrs
01/04/2026 13:45:55,buy,0.02,CADCHF,0.57075,01/04/2026 16:58:36,0.57090,0.00,0.00,1.50,0.37,0.37,1.50,-2.70,-10.70,1,Dragon Wave_CZ1,3.21,3.21hrs
01/04/2026 13:46:01,buy,0.02,CADCHF,0.57075,01/04/2026 16:58:29,0.57089,0.00,0.00,1.40,0.35,0.35,1.40,-2.70,-10.70,1,Dragon Wave_FZ1,3.21,3.21hrs
01/04/2026 13:45:44,buy,0.02,USDCHF,0.79256,01/04/2026 16:57:23,0.79270,0.00,0.00,1.40,0.35,0.35,1.40,-3.46,-13.70,1,Dragon Wave_FZ1,3.19,3.19hrs
01/04/2026 13:16:27,sell,0.02,GBPCAD,1.84796,01/04/2026 16:23:21,1.84659,0.00,0.00,13.70,1.98,1.98,13.70,-4.15,-28.80,1,Dragon Wave_GZ1,3.12,3.12hrs
01/04/2026 15:01:13,sell,0.02,AUDCAD,0.96580,01/04/2026 15:58:18,0.96415,0.00,0.00,16.50,2.37,2.37,16.50,-0.14,-1.00,1,Dragon Wave_GZ1,0.95,0.95hrs
01/04/2026 14:15:31,sell,0.02,AUDCAD,0.96536,01/04/2026 15:54:08,0.96473,0.00,0.00,6.30,0.91,0.91,6.30,-1.61,-11.20,1,Dragon Wave_FZ1,1.64,1.64hrs
01/04/2026 11:30:59,sell,0.02,AUDUSD,0.69471,01/04/2026 15:27:42,0.69443,0.00,0.00,2.80,0.56,2.08,10.40,-2.30,-11.50,1,Dragon Wave_FZ1,3.95,3.95hrs
01/04/2026 11:46:08,sell,0.02,GBPUSD,1.32983,01/04/2026 15:27:38,1.32960,0.00,0.00,2.30,0.46,3.40,17.00,-5.18,-25.90,1,Dragon Wave_FZ1,3.69,3.69hrs
01/04/2026 12:45:59,sell,0.02,CHFJPY,199.96100,01/04/2026 14:45:16,199.92300,0.00,0.00,3.80,0.48,0.48,3.80,-1.98,-15.70,1,Dragon Wave_CZ1,1.99,1.99hrs
01/04/2026 12:45:29,sell,0.02,CHFJPY,199.97000,01/04/2026 14:31:14,199.96600,0.00,0.00,0.40,0.05,0.05,0.40,-1.87,-14.80,1,Dragon Wave_BZ1,1.76,1.76hrs
01/04/2026 13:30:19,sell,0.02,GBPJPY,211.08000,01/04/2026 13:55:14,210.95000,0.00,0.00,13.00,1.64,1.64,13.00,-0.57,-4.50,1,Dragon Wave_CZ1,0.42,0.42hrs
31/03/2026 15:45:36,sell,0.02,EURCAD,1.60375,01/04/2026 12:24:49,1.60945,0.00,-0.04,-57.00,-8.25,0.36,2.50,-12.12,-83.90,1,Dragon Wave_BZ1,20.65,20.65hrs
31/03/2026 20:16:30,sell,0.03,EURCAD,1.60900,01/04/2026 12:24:42,1.60938,0.00,-0.05,-3.80,-0.87,4.33,20.30,-6.83,-31.40,1,Dragon Wave_BZ2,16.14,16.14hrs
01/04/2026 11:45:18,sell,0.05,EURCAD,1.61201,01/04/2026 12:24:38,1.60936,0.00,0.00,26.50,9.53,9.53,26.50,-0.47,-1.30,1,Dragon Wave_BZ3,0.66,0.66hrs
01/04/2026 09:16:22,buy,0.02,EURGBP,0.87203,01/04/2026 11:01:59,0.87294,0.00,0.00,9.10,2.42,2.44,9.20,-0.27,-1.00,1,Dragon Wave_FZ1,1.76,1.76hrs
01/04/2026 10:01:40,sell,0.02,AUDCAD,0.96446,01/04/2026 10:50:48,0.96366,0.00,0.00,8.00,1.15,1.15,8.00,-1.17,-8.10,1,Dragon Wave_CZ1,0.82,0.82hrs
01/04/2026 09:30:54,sell,0.02,NZDCAD,0.80036,01/04/2026 10:50:15,0.80028,0.00,0.00,0.80,0.12,0.40,2.80,-1.84,-12.80,1,Dragon Wave_BZ1,1.32,1.32hrs
01/04/2026 10:00:31,buy,0.02,EURAUD,1.66945,01/04/2026 10:50:03,1.67054,0.00,0.00,10.90,1.51,1.97,14.20,-1.19,-8.60,1,Dragon Wave_BZ1,0.83,0.83hrs
01/04/2026 10:01:16,sell,0.02,AUDCAD,0.96441,01/04/2026 10:49:48,0.96408,0.00,0.00,3.30,0.47,0.98,6.80,-1.24,-8.60,1,Dragon Wave_BZ1,0.81,0.81hrs
01/04/2026 10:00:37,sell,0.02,AUDUSD,0.69442,01/04/2026 10:49:40,0.69324,0.00,0.00,11.80,2.36,2.36,11.80,-0.40,-2.00,1,Dragon Wave_CZ1,0.82,0.82hrs
01/04/2026 09:15:14,sell,0.02,GBPCAD,1.84480,01/04/2026 10:49:28,1.84467,0.00,0.00,1.30,0.19,0.19,1.30,-2.95,-20.50,1,Dragon Wave_CZ1,1.57,1.57hrs
01/04/2026 09:31:11,sell,0.02,GBPUSD,1.32872,01/04/2026 10:48:41,1.32722,0.00,0.00,15.00,3.00,3.00,15.00,-0.84,-4.20,1,Dragon Wave_CZ1,1.29,1.29hrs
01/04/2026 10:00:19,sell,0.02,AUDUSD,0.69451,01/04/2026 10:10:36,0.69324,0.00,0.00,12.70,2.54,2.54,12.70,0.00,0.00,1,Dragon Wave_BZ1,0.17,0.17hrs
31/03/2026 17:30:47,sell,0.02,EURGBP,0.87022,01/04/2026 09:14:46,0.87200,0.00,0.04,-17.80,-4.68,0.37,1.40,-10.55,-40.00,1,Dragon Wave_GZ1,15.73,15.73hrs
31/03/2026 19:06:28,sell,0.03,EURGBP,0.87348,01/04/2026 09:14:40,0.87199,0.00,0.07,14.90,6.00,6.00,14.90,-2.87,-7.40,1,Dragon Wave_GZ2,14.14,14.14hrs
31/03/2026 17:00:52,sell,0.02,EURCHF,0.92201,01/04/2026 08:59:44,0.92180,0.00,-0.22,2.10,0.31,0.31,2.10,-15.11,-59.70,1,Dragon Wave_GZ1,15.98,15.98hrs
01/04/2026 03:15:55,sell,0.02,AUDUSD,0.69266,01/04/2026 08:57:31,0.69048,0.00,0.00,21.80,4.36,5.14,25.70,-0.54,-2.70,1,Dragon Wave_HZ1,5.69,5.69hrs
01/04/2026 03:15:20,sell,0.02,AUDNZD,1.20283,01/04/2026 08:50:41,1.20272,0.00,0.00,1.10,0.13,0.13,1.10,-2.42,-21.10,1,Dragon Wave_CZ1,5.59,5.59hrs
31/03/2026 19:06:32,sell,0.02,EURGBP,0.87351,01/04/2026 08:15:33,0.87308,0.00,0.04,4.30,1.18,4.03,15.20,-1.84,-7.10,1,Dragon Wave_HZ1,13.15,13.15hrs
30/03/2026 12:15:57,buy,0.02,GBPJPY,211.26900,01/04/2026 08:14:09,210.45000,0.00,0.36,-81.90,-9.95,0.80,6.40,-19.34,-156.30,1,Dragon Wave_HZ1,43.97,1.83days
31/03/2026 19:17:03,buy,0.03,GBPJPY,209.83500,01/04/2026 08:14:05,210.43900,0.00,0.27,60.40,11.68,11.68,60.40,-2.17,-12.90,1,Dragon Wave_HZ2,12.95,12.95hrs
01/04/2026 06:30:56,buy,0.02,NZDCAD,0.79717,01/04/2026 08:11:26,0.79846,0.00,0.00,12.90,1.85,1.85,12.90,-0.20,-1.40,1,Dragon Wave_FZ1,1.68,1.68hrs
01/04/2026 04:01:28,sell,0.02,AUDNZD,1.20380,01/04/2026 08:00:58,1.20320,0.00,0.00,6.00,0.68,0.68,6.00,-1.31,-11.40,1,Dragon Wave_GZ1,3.99,3.99hrs
01/04/2026 06:15:18,buy,0.02,NZDCAD,0.79738,01/04/2026 07:30:51,0.79761,0.00,0.00,2.30,0.33,0.33,2.30,-0.50,-3.50,1,Dragon Wave_BZ1,1.26,1.26hrs
01/04/2026 03:15:28,sell,0.02,AUDNZD,1.20273,01/04/2026 07:30:32,1.20355,0.00,0.00,-8.20,-0.94,0.00,0.00,-2.54,-22.10,1,Dragon Wave_FZ1,4.25,4.25hrs
01/04/2026 04:30:49,sell,0.03,AUDNZD,1.20458,01/04/2026 07:30:28,1.20350,0.00,0.00,10.80,1.86,1.91,11.10,-0.62,-3.60,1,Dragon Wave_FZ2,2.99,2.99hrs
01/04/2026 04:15:57,buy,0.02,GBPAUD,1.91141,01/04/2026 07:12:59,1.91783,0.00,0.00,64.20,8.86,8.86,64.20,-0.89,-6.40,1,Dragon Wave_HZ1,2.95,2.95hrs
31/03/2026 19:47:41,sell,0.02,AUDCHF,0.55164,01/04/2026 06:01:06,0.55116,0.00,-0.21,4.80,0.99,0.99,4.80,-5.34,-20.50,1,Dragon Wave_HZ1,10.22,10.22hrs
01/04/2026 03:45:42,buy,0.02,GBPAUD,1.91275,01/04/2026 06:01:00,1.91597,0.00,0.00,32.20,4.45,4.45,32.20,-2.74,-19.80,1,Dragon Wave_GZ1,2.25,2.25hrs
01/04/2026 03:45:27,buy,0.02,GBPAUD,1.91277,01/04/2026 05:45:43,1.91432,0.00,0.00,15.50,2.15,2.15,15.50,-2.77,-20.00,1,Dragon Wave_FZ1,2.00,2.00hrs
31/03/2026 15:46:47,sell,0.02,EURUSD,1.15081,01/04/2026 04:45:44,1.15559,0.00,0.05,-47.80,-9.51,1.22,6.10,-14.19,-71.20,1,Dragon Wave_BZ1,12.98,12.98hrs
31/03/2026 23:01:06,sell,0.03,EURUSD,1.15594,01/04/2026 04:45:41,1.15559,0.00,0.07,3.50,1.12,1.65,5.50,-5.90,-19.90,1,Dragon Wave_BZ2,5.74,5.74hrs
01/04/2026 03:15:16,sell,0.05,EURUSD,1.15742,01/04/2026 04:45:37,1.15562,0.00,0.00,18.00,9.00,9.00,18.00,-2.55,-5.10,1,Dragon Wave_BZ3,1.51,1.51hrs
31/03/2026 17:01:01,sell,0.02,EURUSD,1.15319,01/04/2026 04:41:00,1.15566,0.00,0.05,-24.70,-4.89,3.24,16.20,-9.43,-47.40,1,Dragon Wave_GZ1,11.67,11.67hrs
01/04/2026 03:15:49,sell,0.03,EURUSD,1.15773,01/04/2026 04:40:57,1.15567,0.00,0.00,20.60,6.18,6.18,20.60,-0.60,-2.00,1,Dragon Wave_GZ2,1.42,1.42hrs
31/03/2026 15:46:18,sell,0.02,EURUSD,1.15087,01/04/2026 04:38:24,1.15569,0.00,0.05,-48.20,-9.59,1.34,6.70,-14.07,-70.60,1,Dragon Wave_AZ1,12.87,12.87hrs
31/03/2026 23:00:31,sell,0.03,EURUSD,1.15587,01/04/2026 04:38:21,1.15570,0.00,0.07,1.70,0.58,1.44,4.80,-6.11,-20.60,1,Dragon Wave_AZ2,5.63,5.63hrs
01/04/2026 03:30:21,sell,0.05,EURUSD,1.15768,01/04/2026 04:38:17,1.15571,0.00,0.00,19.70,9.85,9.85,19.70,-0.65,-1.30,1,Dragon Wave_AZ3,1.13,1.13hrs
31/03/2026 17:00:40,sell,0.02,EURCHF,0.92233,01/04/2026 04:11:37,0.92214,0.00,-0.22,1.90,0.26,0.78,3.10,-14.32,-56.50,1,Dragon Wave_FZ1,11.18,11.18hrs
01/04/2026 03:15:51,sell,0.02,AUDUSD,0.69266,01/04/2026 04:06:56,0.69112,0.00,0.00,15.40,3.08,3.08,15.40,-0.54,-2.70,1,Dragon Wave_FZ1,0.85,0.85hrs
01/04/2026 03:15:48,sell,0.02,NZDUSD,0.57584,01/04/2026 04:04:10,0.57471,0.00,0.00,11.30,2.26,2.26,11.30,-0.32,-1.60,1,Dragon Wave_FZ1,0.81,0.81hrs
01/04/2026 02:30:26,buy,0.02,USDJPY,158.60800,01/04/2026 04:03:51,158.98000,0.00,0.00,37.20,4.68,4.68,37.20,-1.70,-13.50,1,Dragon Wave_HZ1,1.56,1.56hrs
31/03/2026 20:03:12,buy,0.02,USDJPY,158.82100,01/04/2026 04:01:41,158.89200,0.00,0.13,7.10,1.02,1.91,15.20,-4.26,-34.80,1,Dragon Wave_GZ1,7.97,7.97hrs
31/03/2026 17:30:46,sell,0.02,EURCHF,0.92268,01/04/2026 03:52:09,0.92229,0.00,-0.22,3.90,0.76,0.76,3.90,-13.44,-53.00,1,Dragon Wave_HZ1,10.36,10.36hrs
31/03/2026 20:16:38,sell,0.02,NZDCHF,0.45928,01/04/2026 03:01:23,0.45907,0.00,-0.13,2.10,0.40,1.20,4.80,-4.28,-16.60,1,Dragon Wave_GZ1,6.75,6.75hrs
31/03/2026 19:06:33,buy,0.02,CHFJPY,198.17900,01/04/2026 02:56:48,198.72000,0.00,-0.09,54.10,6.74,6.74,54.10,-1.82,-13.70,1,Dragon Wave_HZ1,7.84,7.84hrs
31/03/2026 16:45:22,sell,0.02,EURCHF,0.92138,01/04/2026 02:55:12,0.92335,0.00,-0.22,-19.70,-5.16,0.00,0.00,-16.69,-66.00,1,Dragon Wave_CZ1,10.16,10.16hrs
31/03/2026 19:15:55,sell,0.03,EURCHF,0.92500,01/04/2026 02:55:09,0.92335,0.00,-0.32,16.50,5.88,5.88,16.50,-11.47,-29.80,1,Dragon Wave_CZ2,7.65,7.65hrs
31/03/2026 19:06:28,buy,0.02,CHFJPY,198.18600,01/04/2026 01:15:31,198.46000,0.00,-0.09,27.40,3.36,4.99,39.60,-1.90,-14.40,1,Dragon Wave_GZ1,6.15,6.15hrs
31/03/2026 20:03:17,buy,0.02,CADJPY,114.03200,31/03/2026 22:09:58,114.08600,0.00,0.00,5.40,0.68,0.68,5.40,-0.70,-5.60,1,Dragon Wave_FZ1,2.11,2.11hrs
31/03/2026 17:30:36,sell,0.02,EURGBP,0.87022,31/03/2026 21:46:19,0.87215,0.00,0.00,-19.30,-5.11,0.37,1.40,-10.24,-38.80,1,Dragon Wave_FZ1,4.26,4.26hrs
31/03/2026 19:05:05,sell,0.03,EURGBP,0.87339,31/03/2026 21:46:15,0.87215,0.00,0.00,12.40,4.92,5.56,14.00,-2.81,-7.10,1,Dragon Wave_FZ2,2.69,2.69hrs
31/03/2026 19:06:19,sell,0.03,EURGBP,0.87351,31/03/2026 21:46:12,0.87216,0.00,0.00,13.50,5.36,6.04,15.20,-2.33,-5.90,1,Dragon Wave_FZ2,2.66,2.66hrs
31/03/2026 19:06:24,buy,0.02,CHFJPY,198.19400,31/03/2026 21:15:42,198.55200,0.00,0.00,35.80,4.50,4.50,35.80,-1.62,-12.90,1,Dragon Wave_FZ1,2.15,2.15hrs
31/03/2026 19:15:23,sell,0.02,EURNZD,2.01768,31/03/2026 19:42:45,2.01443,0.00,0.00,32.50,3.73,3.73,32.50,-0.35,-3.10,1,Dragon Wave_FZ1,0.46,0.46hrs
31/03/2026 19:15:46,sell,0.02,EURAUD,1.68023,31/03/2026 19:40:45,1.67724,0.00,0.00,29.90,4.12,4.12,29.90,-0.41,-3.00,1,Dragon Wave_FZ1,0.42,0.42hrs
31/03/2026 19:06:19,buy,0.02,CHFJPY,198.18800,31/03/2026 19:25:00,198.35100,0.00,0.00,16.30,2.05,2.05,16.30,-1.55,-12.30,1,Dragon Wave_CZ1,0.31,0.31hrs
31/03/2026 17:01:02,sell,0.02,GBPCHF,1.06042,31/03/2026 17:57:41,1.05844,0.00,0.00,19.80,4.93,4.93,19.80,-0.50,-2.00,1,Dragon Wave_FZ1,0.94,0.94hrs
31/03/2026 17:00:41,sell,0.02,AUDCHF,0.55064,31/03/2026 17:56:34,0.54932,0.00,0.00,13.20,3.29,3.29,13.20,0.00,0.00,1,Dragon Wave_GZ1,0.93,0.93hrs
31/03/2026 17:01:08,sell,0.02,GBPCAD,1.84710,31/03/2026 17:56:05,1.84293,0.00,0.00,41.70,5.97,5.97,41.70,-1.81,-12.60,1,Dragon Wave_HZ1,0.92,0.92hrs
31/03/2026 14:47:14,sell,0.02,AUDCAD,0.95897,31/03/2026 17:54:55,0.95701,0.00,0.00,19.60,2.81,2.81,19.60,-1.22,-8.50,1,Dragon Wave_HZ1,3.13,3.13hrs
31/03/2026 15:01:01,sell,0.02,AUDCHF,0.55038,31/03/2026 17:54:50,0.54984,0.00,0.00,5.40,1.34,1.34,5.40,-1.17,-4.70,1,Dragon Wave_FZ1,2.90,2.90hrs
31/03/2026 17:00:54,sell,0.02,NZDCHF,0.45861,31/03/2026 17:54:06,0.45815,0.00,0.00,4.60,1.15,1.15,4.60,-0.05,-0.20,1,Dragon Wave_CZ1,0.89,0.89hrs
31/03/2026 15:01:50,sell,0.02,NZDCAD,0.79847,31/03/2026 17:53:27,0.79748,0.00,0.00,9.90,1.42,1.49,10.40,-1.02,-7.10,1,Dragon Wave_FZ1,2.86,2.86hrs
31/03/2026 14:47:09,sell,0.02,AUDCAD,0.95897,31/03/2026 17:53:24,0.95726,0.00,0.00,17.10,2.45,2.45,17.10,-1.22,-8.50,1,Dragon Wave_GZ1,3.10,3.10hrs
31/03/2026 17:00:50,sell,0.02,GBPCAD,1.84733,31/03/2026 17:44:54,1.84508,0.00,0.00,22.50,3.22,3.22,22.50,-1.48,-10.30,1,Dragon Wave_FZ1,0.73,0.73hrs
31/03/2026 17:01:12,sell,0.02,GBPUSD,1.32609,31/03/2026 17:39:55,1.32367,0.00,0.00,24.20,4.84,4.84,24.20,-0.30,-1.50,1,Dragon Wave_FZ1,0.65,0.65hrs
31/03/2026 14:46:29,sell,0.02,AUDNZD,1.20221,31/03/2026 17:16:59,1.20012,0.00,0.00,20.90,2.39,2.39,20.90,-0.25,-2.20,1,Dragon Wave_HZ1,2.51,2.51hrs
31/03/2026 17:00:51,sell,0.02,GBPUSD,1.32630,31/03/2026 17:06:31,1.32499,0.00,0.00,13.10,2.62,2.62,13.10,0.00,0.00,1,Dragon Wave_CZ1,0.09,0.09hrs
31/03/2026 11:15:58,sell,0.02,AUDNZD,1.20111,31/03/2026 16:46:10,1.20091,0.00,0.00,2.00,0.23,0.64,5.60,-1.51,-13.20,1,Dragon Wave_GZ1,5.50,5.50hrs
31/03/2026 15:45:22,sell,0.02,GBPCAD,1.84596,31/03/2026 15:57:54,1.84491,0.00,0.00,10.50,1.51,1.51,10.50,-0.72,-5.00,1,Dragon Wave_BZ1,0.21,0.21hrs
31/03/2026 14:45:55,sell,0.02,AUDNZD,1.20221,31/03/2026 15:57:51,1.20135,0.00,0.00,8.60,0.99,1.00,8.70,-0.25,-2.20,1,Dragon Wave_FZ1,1.20,1.20hrs
31/03/2026 15:01:40,sell,0.02,NZDCAD,0.79850,31/03/2026 15:12:53,0.79767,0.00,0.00,8.30,1.19,1.19,8.30,-0.42,-2.90,1,Dragon Wave_CZ1,0.19,0.19hrs
31/03/2026 12:45:18,sell,0.02,GBPCAD,1.84245,31/03/2026 14:09:51,1.83980,0.00,0.00,26.50,3.80,3.80,26.50,-0.27,-1.90,1,Dragon Wave_GZ1,1.41,1.41hrs
31/03/2026 04:45:34,sell,0.02,GBPCAD,1.83944,31/03/2026 08:15:18,1.83819,0.00,0.00,12.50,1.79,1.79,12.50,-0.50,-3.50,1,Dragon Wave_FZ1,3.50,3.50hrs
31/03/2026 04:30:24,sell,0.02,AUDUSD,0.68691,31/03/2026 05:59:33,0.68588,0.00,0.00,10.30,2.06,2.06,10.30,-0.18,-0.90,1,Dragon Wave_CZ1,1.49,1.49hrs
31/03/2026 04:30:34,sell,0.02,GBPUSD,1.32187,31/03/2026 05:34:21,1.32066,0.00,0.00,12.10,2.42,2.42,12.10,0.00,0.00,1,Dragon Wave_BZ1,1.06,1.06hrs
31/03/2026 04:30:21,sell,0.02,GBPUSD,1.32180,31/03/2026 04:56:44,1.32090,0.00,0.00,9.00,1.80,1.80,9.00,-0.10,-0.50,1,Dragon Wave_AZ1,0.44,0.44hrs
31/03/2026 04:30:14,sell,0.02,EURUSD,1.14887,31/03/2026 04:55:36,1.14793,0.00,0.00,9.40,1.88,1.88,9.40,-0.14,-0.70,1,Dragon Wave_AZ1,0.42,0.42hrs
31/03/2026 04:30:45,sell,0.02,GBPJPY,211.20000,31/03/2026 04:50:29,210.98200,0.00,0.00,21.80,2.73,2.73,21.80,0.00,0.00,1,Dragon Wave_BZ1,0.33,0.33hrs
31/03/2026 04:30:11,sell,0.02,GBPJPY,211.17900,31/03/2026 04:49:53,211.01200,0.00,0.00,16.70,2.09,2.09,16.70,0.00,0.00,1,Dragon Wave_AZ1,0.33,0.33hrs
30/03/2026 10:45:55,buy,0.02,CADJPY,114.81300,31/03/2026 03:59:49,114.83600,0.00,0.04,2.30,0.33,0.59,4.70,-5.08,-40.50,1,Dragon Wave_GZ1,17.23,17.23hrs
30/03/2026 15:15:27,buy,0.02,GBPJPY,210.93100,31/03/2026 03:56:33,210.96800,0.00,0.18,3.70,0.64,1.48,11.80,-9.06,-72.20,1,Dragon Wave_FZ1,12.69,12.69hrs
30/03/2026 15:00:31,buy,0.02,EURJPY,183.19200,31/03/2026 03:43:38,183.22400,0.00,0.06,3.20,0.46,0.46,3.20,-7.46,-59.50,1,Dragon Wave_FZ1,12.72,12.72hrs
30/03/2026 11:46:03,buy,0.02,EURJPY,183.53300,31/03/2026 03:43:23,183.19900,0.00,0.06,-33.40,-4.12,0.66,5.30,-11.74,-93.60,1,Dragon Wave_GZ1,15.96,15.96hrs
30/03/2026 16:30:47,buy,0.03,EURJPY,182.94700,31/03/2026 03:43:20,183.22100,0.00,0.09,27.40,5.23,5.23,27.40,-6.58,-35.00,1,Dragon Wave_GZ2,11.21,11.21hrs
30/03/2026 16:31:15,buy,0.02,GBPJPY,210.68300,31/03/2026 03:43:16,210.73100,0.00,0.18,4.80,0.78,0.78,4.80,-5.95,-47.40,1,Dragon Wave_GZ1,11.20,11.20hrs
30/03/2026 16:30:54,buy,0.02,EURJPY,182.93800,31/03/2026 00:45:28,183.07600,0.00,0.06,13.80,1.79,1.84,14.20,-4.28,-34.10,1,Dragon Wave_HZ1,8.24,8.24hrs
30/03/2026 14:45:43,buy,0.02,EURJPY,183.26900,31/03/2026 00:02:10,183.07000,0.00,0.06,-19.90,-2.44,0.00,0.00,-8.43,-67.20,1,Dragon Wave_CZ1,9.27,9.27hrs
30/03/2026 17:15:27,buy,0.03,EURJPY,182.89400,31/03/2026 00:02:07,183.07000,0.00,0.09,17.60,3.39,3.39,17.60,-5.59,-29.70,1,Dragon Wave_CZ2,6.78,6.78hrs
30/03/2026 18:15:39,buy,0.02,EURUSD,1.14455,31/03/2026 00:01:23,1.14646,0.00,-0.17,19.10,3.65,3.82,19.10,-0.30,-1.50,1,Dragon Wave_GZ1,5.76,5.76hrs
30/03/2026 12:15:28,buy,0.02,NZDJPY,91.34700,30/03/2026 23:56:57,91.35300,0.00,0.00,0.60,0.07,0.07,0.60,-4.56,-36.40,1,Dragon Wave_BZ1,11.69,11.69hrs
30/03/2026 12:15:42,buy,0.02,NZDJPY,91.33900,30/03/2026 23:56:15,91.34700,0.00,0.00,0.80,0.10,0.10,0.80,-4.46,-35.60,1,Dragon Wave_CZ1,11.68,11.68hrs
30/03/2026 10:45:49,buy,0.02,AUDJPY,109.35700,30/03/2026 23:45:43,109.39200,0.00,0.00,3.50,0.43,1.92,15.30,-3.74,-29.80,1,Dragon Wave_HZ1,13.00,13.00hrs
30/03/2026 12:30:28,buy,0.02,NZDJPY,91.27700,30/03/2026 23:30:39,91.29000,0.00,0.00,1.30,0.16,0.38,3.00,-3.68,-29.40,1,Dragon Wave_FZ1,11.00,11.00hrs
30/03/2026 10:30:39,buy,0.02,CHFJPY,199.64300,30/03/2026 23:00:51,199.66400,0.00,0.00,2.10,0.26,1.66,13.30,-5.93,-47.30,1,Dragon Wave_GZ1,12.50,12.50hrs
30/03/2026 14:15:27,buy,0.02,CADJPY,114.64000,30/03/2026 22:46:00,114.66900,0.00,0.00,2.90,0.36,0.36,2.90,-2.91,-23.20,1,Dragon Wave_HZ1,8.51,8.51hrs
30/03/2026 13:15:47,sell,0.02,AUDNZD,1.19933,30/03/2026 22:01:00,1.19854,0.00,0.00,7.90,0.90,1.69,14.80,-1.18,-10.30,1,Dragon Wave_HZ1,8.75,8.75hrs
30/03/2026 15:00:57,buy,0.02,CHFJPY,199.39100,30/03/2026 21:57:03,199.60900,0.00,0.00,21.80,2.73,2.73,21.80,-2.77,-22.10,1,Dragon Wave_HZ1,6.93,6.93hrs
30/03/2026 16:01:15,buy,0.02,CADJPY,114.45500,30/03/2026 17:57:34,114.60900,0.00,0.00,15.40,1.94,1.94,15.40,-0.59,-4.70,1,Dragon Wave_FZ1,1.94,1.94hrs
30/03/2026 16:01:28,buy,0.02,USDJPY,159.36000,30/03/2026 17:16:23,159.56300,0.00,0.00,20.30,2.54,2.54,20.30,-0.31,-2.50,1,Dragon Wave_GZ1,1.25,1.25hrs
30/03/2026 12:15:42,buy,0.02,GBPJPY,211.26700,30/03/2026 14:27:47,211.28200,0.00,0.00,1.50,0.18,0.83,6.60,-2.33,-18.60,1,Dragon Wave_CZ1,2.20,2.20hrs
30/03/2026 13:15:23,sell,0.02,AUDNZD,1.19938,30/03/2026 14:15:42,1.19827,0.00,0.00,11.10,1.27,1.27,11.10,-0.25,-2.20,1,Dragon Wave_CZ1,1.01,1.01hrs
30/03/2026 12:31:03,buy,0.02,NZDUSD,0.57174,30/03/2026 14:14:07,0.57229,0.00,0.00,5.50,1.10,1.10,5.50,-0.42,-2.10,1,Dragon Wave_CZ1,1.72,1.72hrs
30/03/2026 12:15:57,buy,0.02,GBPUSD,1.32280,30/03/2026 12:24:08,1.32383,0.00,0.00,10.30,2.06,2.06,10.30,0.00,0.00,1,Dragon Wave_CZ1,0.14,0.14hrs
30/03/2026 06:30:39,sell,0.02,GBPCAD,1.84288,30/03/2026 10:01:11,1.84280,0.00,0.00,0.80,0.12,0.12,0.80,-3.71,-25.80,1,Dragon Wave_CZ1,3.51,3.51hrs
30/03/2026 09:16:09,buy,0.02,USDJPY,159.64200,30/03/2026 09:57:05,159.81500,0.00,0.00,17.30,2.17,2.17,17.30,0.00,0.00,1,Dragon Wave_FZ1,0.68,0.68hrs
30/03/2026 07:15:42,buy,0.02,CADJPY,114.98100,30/03/2026 09:37:11,114.99200,0.00,0.00,1.10,0.14,0.51,4.10,-1.39,-11.10,1,Dragon Wave_CZ1,2.36,2.36hrs
27/03/2026 15:45:31,sell,0.02,EURGBP,0.86693,30/03/2026 08:15:54,0.86755,0.00,0.08,-6.20,-1.56,2.45,9.20,-4.13,-15.90,1,Dragon Wave_HZ1,64.51,2.69days
30/03/2026 03:15:58,sell,0.03,EURGBP,0.86822,30/03/2026 08:15:50,0.86756,0.00,0.00,6.60,2.63,2.91,7.30,-1.19,-3.00,1,Dragon Wave_HZ2,5.00,5.00hrs
30/03/2026 01:15:22,buy,0.02,GBPUSD,1.32430,30/03/2026 03:19:43,1.32503,0.00,0.00,7.30,1.46,1.46,7.30,-2.06,-10.30,1,Dragon Wave_FZ1,2.07,2.07hrs
27/03/2026 20:00:08,sell,0.02,EURGBP,0.86758,27/03/2026 21:14:32,0.86750,0.00,0.00,0.80,0.21,0.21,0.80,-1.01,-3.80,1,Dragon Wave_AZ1,1.24,1.24hrs
27/03/2026 18:30:39,sell,0.02,GBPCAD,1.84748,27/03/2026 18:52:22,1.84619,0.00,0.00,12.90,1.86,1.86,12.90,-1.40,-9.70,1,Dragon Wave_CZ1,0.36,0.36hrs
27/03/2026 18:30:09,sell,0.02,GBPCHF,1.06195,27/03/2026 18:52:09,1.06106,0.00,0.00,8.90,2.23,2.23,8.90,0.00,0.00,1,Dragon Wave_BZ1,0.37,0.37hrs
27/03/2026 15:45:09,sell,0.02,EURGBP,0.86693,27/03/2026 17:15:42,0.86606,0.00,0.00,8.70,2.31,2.31,8.70,-1.44,-5.40,1,Dragon Wave_GZ1,1.51,1.51hrs
27/03/2026 14:15:25,buy,0.02,GBPCAD,1.84217,27/03/2026 17:11:38,1.84463,0.00,0.00,24.60,3.55,3.55,24.60,-2.67,-18.50,1,Dragon Wave_HZ1,2.94,2.94hrs
27/03/2026 15:00:33,sell,0.02,EURGBP,0.86632,27/03/2026 17:11:36,0.86616,0.00,0.00,1.60,0.43,0.43,1.60,-3.06,-11.50,1,Dragon Wave_FZ1,2.18,2.18hrs
27/03/2026 16:15:37,sell,0.03,EURGBP,0.86729,27/03/2026 17:11:33,0.86616,0.00,0.00,11.30,4.51,4.51,11.30,-0.72,-1.80,1,Dragon Wave_FZ2,0.93,0.93hrs
27/03/2026 14:00:19,buy,0.02,GBPCAD,1.84240,27/03/2026 17:09:05,1.84409,0.00,0.00,16.90,2.43,2.43,16.90,-3.00,-20.80,1,Dragon Wave_GZ1,3.15,3.15hrs
27/03/2026 16:15:25,sell,0.02,EURGBP,0.86731,27/03/2026 16:54:38,0.86663,0.00,0.00,6.80,1.81,1.81,6.80,-0.43,-1.60,1,Dragon Wave_CZ1,0.65,0.65hrs
27/03/2026 10:30:45,buy,0.02,GBPCAD,1.84516,27/03/2026 16:46:12,1.84370,0.00,0.00,-14.60,-2.11,0.00,0.00,-6.98,-48.40,1,Dragon Wave_CZ1,6.26,6.26hrs
27/03/2026 14:00:15,buy,0.03,GBPCAD,1.84234,27/03/2026 16:46:09,1.84358,0.00,0.00,12.40,2.68,2.68,12.40,-4.37,-20.20,1,Dragon Wave_CZ2,2.77,2.77hrs
27/03/2026 15:00:56,buy,0.02,GBPUSD,1.32825,27/03/2026 16:44:37,1.32988,0.00,0.00,16.30,3.26,3.26,16.30,-1.68,-8.40,1,Dragon Wave_FZ1,1.73,1.73hrs
27/03/2026 10:30:28,buy,0.02,GBPCAD,1.84501,27/03/2026 16:44:09,1.84300,0.00,0.00,-20.10,-2.90,0.00,0.00,-6.77,-46.90,1,Dragon Wave_BZ1,6.23,6.23hrs
27/03/2026 15:00:29,buy,0.03,GBPCAD,1.84156,27/03/2026 16:44:01,1.84307,0.00,0.00,15.10,3.27,3.27,15.10,-2.68,-12.40,1,Dragon Wave_BZ2,1.73,1.73hrs
27/03/2026 10:45:28,buy,0.02,GBPCAD,1.84407,27/03/2026 16:43:24,1.84298,0.00,0.00,-10.90,-1.57,0.56,3.90,-5.41,-37.50,1,Dragon Wave_FZ1,5.97,5.97hrs
27/03/2026 15:00:37,buy,0.03,GBPCAD,1.84143,27/03/2026 16:43:21,1.84302,0.00,0.00,15.90,3.44,3.44,15.90,-2.40,-11.10,1,Dragon Wave_FZ2,1.71,1.71hrs
27/03/2026 16:15:20,sell,0.02,EURGBP,0.86732,27/03/2026 16:36:06,0.86690,0.00,0.00,4.20,1.11,1.11,4.20,-0.40,-1.50,1,Dragon Wave_BZ1,0.35,0.35hrs
27/03/2026 12:45:15,sell,0.02,EURGBP,0.86577,27/03/2026 12:53:37,0.86559,0.00,0.00,1.80,0.48,0.48,1.80,-0.45,-1.70,1,Dragon Wave_BZ1,0.14,0.14hrs
27/03/2026 10:15:29,sell,0.02,NZDCHF,0.45950,27/03/2026 10:23:25,0.45937,0.00,0.00,1.30,0.32,0.32,1.30,0.00,0.00,1,Dragon Wave_CZ1,0.13,0.13hrs
27/03/2026 06:15:29,sell,0.02,NZDCAD,0.79940,27/03/2026 09:04:22,0.79933,0.00,0.00,0.70,0.10,0.10,0.70,-1.24,-8.60,1,Dragon Wave_CZ1,2.81,2.81hrs
27/03/2026 06:15:08,sell,0.02,NZDCAD,0.79941,27/03/2026 09:04:12,0.79932,0.00,0.00,0.90,0.13,0.13,0.90,-1.23,-8.50,1,Dragon Wave_BZ1,2.82,2.82hrs
27/03/2026 08:15:32,sell,0.02,NZDUSD,0.57768,27/03/2026 08:24:23,0.57750,0.00,0.00,1.80,0.36,0.36,1.80,-0.18,-0.90,1,Dragon Wave_BZ1,0.15,0.15hrs
27/03/2026 07:00:24,sell,0.02,AUDNZD,1.19632,27/03/2026 08:05:18,1.19620,0.00,0.00,1.20,0.14,0.14,1.20,-0.54,-4.70,1,Dragon Wave_BZ1,1.08,1.08hrs
27/03/2026 07:00:21,sell,0.02,AUDNZD,1.19627,27/03/2026 08:05:14,1.19618,0.00,0.00,0.90,0.11,0.11,0.90,-0.60,-5.20,1,Dragon Wave_AZ1,1.08,1.08hrs
27/03/2026 04:00:41,sell,0.02,GBPNZD,2.31610,27/03/2026 05:45:49,2.31232,0.00,0.00,37.80,4.37,4.37,37.80,-1.80,-15.60,1,Dragon Wave_HZ1,1.75,1.75hrs
26/03/2026 15:00:44,buy,0.02,AUDCAD,0.95662,26/03/2026 23:12:01,0.95716,0.00,0.00,5.40,0.78,1.55,10.70,-5.76,-39.90,1,Dragon Wave_HZ1,8.19,8.19hrs
26/03/2026 23:00:46,sell,0.02,GBPAUD,1.93575,26/03/2026 23:12:00,1.93125,0.00,0.00,45.00,6.22,6.22,45.00,-0.37,-2.70,1,Dragon Wave_HZ1,0.19,0.19hrs
26/03/2026 23:01:04,buy,0.02,NZDJPY,91.93100,26/03/2026 23:11:58,92.12900,0.00,0.00,19.80,2.49,2.49,19.80,-0.40,-3.20,1,Dragon Wave_HZ1,0.18,0.18hrs
26/03/2026 21:00:34,buy,0.03,AUDCAD,0.95390,26/03/2026 23:11:58,0.95671,0.00,0.00,28.10,6.09,6.09,28.10,-2.75,-12.70,1,Dragon Wave_HZ2,2.19,2.19hrs
26/03/2026 20:30:15,sell,0.02,GBPNZD,2.31322,26/03/2026 23:11:57,2.31161,0.00,0.00,16.10,1.86,1.86,16.10,-1.71,-14.90,1,Dragon Wave_GZ1,2.69,2.69hrs
26/03/2026 19:31:05,buy,0.02,AUDUSD,0.69008,26/03/2026 23:11:57,0.69136,0.00,0.00,12.80,2.56,2.56,12.80,-4.96,-24.80,1,Dragon Wave_HZ1,3.68,3.68hrs
26/03/2026 20:30:12,sell,0.02,GBPAUD,1.93373,26/03/2026 23:11:56,1.93213,0.00,0.00,16.00,2.21,2.21,16.00,-3.15,-22.90,1,Dragon Wave_GZ1,2.70,2.70hrs
26/03/2026 21:30:42,buy,0.02,NZDCAD,0.79748,26/03/2026 23:11:55,0.79934,0.00,0.00,18.60,2.69,2.69,18.60,-1.07,-7.40,1,Dragon Wave_FZ1,1.69,1.69hrs
26/03/2026 21:01:12,buy,0.02,AUDJPY,110.03900,26/03/2026 23:11:55,110.19700,0.00,0.00,15.80,1.98,1.98,15.80,-1.84,-14.70,1,Dragon Wave_HZ1,2.18,2.18hrs
26/03/2026 21:00:22,sell,0.02,EURAUD,1.67370,26/03/2026 23:11:55,1.67155,0.00,0.00,21.50,2.98,2.98,21.50,-2.59,-18.80,1,Dragon Wave_GZ1,2.19,2.19hrs
26/03/2026 21:00:20,buy,0.02,NZDUSD,0.57587,26/03/2026 23:11:55,0.57766,0.00,0.00,17.90,3.58,3.58,17.90,-1.64,-8.20,1,Dragon Wave_FZ1,2.19,2.19hrs
26/03/2026 15:00:29,buy,0.02,AUDCAD,0.95661,26/03/2026 23:11:53,0.95613,0.00,0.00,-4.80,-0.69,1.56,10.80,-5.75,-39.80,1,Dragon Wave_GZ1,8.19,8.19hrs
26/03/2026 20:15:57,sell,0.02,GBPAUD,1.93363,26/03/2026 23:11:51,1.93303,0.00,0.00,6.00,0.83,0.83,6.00,-3.29,-23.90,1,Dragon Wave_FZ1,2.93,2.93hrs
26/03/2026 15:45:31,buy,0.02,AUDUSD,0.69022,26/03/2026 23:11:51,0.69078,0.00,0.00,5.60,1.12,4.90,24.50,-5.24,-26.20,1,Dragon Wave_GZ1,7.44,7.44hrs
26/03/2026 21:00:26,buy,0.03,AUDCAD,0.95395,26/03/2026 23:11:50,0.95587,0.00,0.00,19.20,4.16,4.16,19.20,-2.86,-13.20,1,Dragon Wave_GZ2,2.19,2.19hrs
26/03/2026 20:45:50,buy,0.02,AUDJPY,110.09400,26/03/2026 23:11:50,110.14200,0.00,0.00,4.80,0.60,0.60,4.80,-2.53,-20.20,1,Dragon Wave_GZ1,2.43,2.43hrs
26/03/2026 23:00:27,buy,0.02,NZDUSD,0.57525,26/03/2026 23:11:49,0.57724,0.00,0.00,19.90,3.98,3.98,19.90,-0.40,-2.00,1,Dragon Wave_CZ1,0.19,0.19hrs
26/03/2026 21:30:11,buy,0.02,NZDCAD,0.79743,26/03/2026 23:11:48,0.79884,0.00,0.00,14.10,2.03,2.03,14.10,-1.00,-6.90,1,Dragon Wave_CZ1,1.69,1.69hrs
26/03/2026 22:45:20,buy,0.02,AUDUSD,0.68825,26/03/2026 23:11:47,0.69036,0.00,0.00,21.10,4.22,4.22,21.10,-1.30,-6.50,1,Dragon Wave_CZ1,0.44,0.44hrs
26/03/2026 22:15:11,buy,0.02,AUDCAD,0.95359,26/03/2026 23:11:46,0.95437,0.00,0.00,7.80,1.13,1.13,7.80,-1.39,-9.60,1,Dragon Wave_CZ1,0.94,0.94hrs
26/03/2026 21:00:06,buy,0.02,AUDCAD,0.95389,26/03/2026 21:10:35,0.95452,0.00,0.00,6.30,0.91,0.91,6.30,0.00,0.00,1,Dragon Wave_BZ1,0.17,0.17hrs
26/03/2026 17:15:43,buy,0.02,EURGBP,0.86400,26/03/2026 19:15:58,0.86483,0.00,0.00,8.30,2.22,2.22,8.30,-0.40,-1.50,1,Dragon Wave_GZ1,2.00,2.00hrs
26/03/2026 17:15:29,buy,0.02,EURGBP,0.86399,26/03/2026 19:15:54,0.86483,0.00,0.00,8.40,2.24,2.24,8.40,-0.37,-1.40,1,Dragon Wave_FZ1,2.01,2.01hrs
26/03/2026 15:45:50,buy,0.02,NZDCAD,0.79897,26/03/2026 17:31:36,0.80070,0.00,0.00,17.30,2.51,2.51,17.30,-0.19,-1.30,1,Dragon Wave_HZ1,1.76,1.76hrs
26/03/2026 15:00:44,buy,0.02,NZDUSD,0.57722,26/03/2026 17:31:33,0.57911,0.00,0.00,18.90,3.78,3.78,18.90,0.00,0.00,1,Dragon Wave_HZ1,2.51,2.51hrs
26/03/2026 15:00:25,buy,0.02,AUDCAD,0.95655,26/03/2026 17:30:32,0.95760,0.00,0.00,10.50,1.52,1.65,11.40,-2.56,-17.70,1,Dragon Wave_FZ1,2.50,2.50hrs
26/03/2026 15:00:24,buy,0.02,AUDJPY,110.30700,26/03/2026 16:47:59,110.50400,0.00,0.00,19.70,2.47,2.47,19.70,-1.23,-9.80,1,Dragon Wave_FZ1,1.79,1.79hrs
26/03/2026 15:00:29,buy,0.02,AUDUSD,0.69093,26/03/2026 16:45:48,0.69255,0.00,0.00,16.20,3.24,3.24,16.20,-1.58,-7.90,1,Dragon Wave_FZ1,1.76,1.76hrs
26/03/2026 15:00:48,buy,0.02,NZDCAD,0.79921,26/03/2026 16:30:55,0.80025,0.00,0.00,10.40,1.51,1.51,10.40,-0.53,-3.70,1,Dragon Wave_GZ1,1.50,1.50hrs
26/03/2026 15:00:33,buy,0.02,NZDUSD,0.57725,26/03/2026 16:30:54,0.57866,0.00,0.00,14.10,2.82,2.82,14.10,0.00,0.00,1,Dragon Wave_GZ1,1.51,1.51hrs
26/03/2026 14:45:09,buy,0.02,NZDCAD,0.79984,26/03/2026 16:13:59,0.80000,0.00,0.00,1.60,0.23,0.23,1.60,-1.45,-10.00,1,Dragon Wave_FZ1,1.48,1.48hrs
26/03/2026 14:45:27,buy,0.02,NZDUSD,0.57780,26/03/2026 16:13:51,0.57838,0.00,0.00,5.80,1.16,1.16,5.80,-1.10,-5.50,1,Dragon Wave_FZ1,1.47,1.47hrs
26/03/2026 15:46:22,buy,0.02,GBPCAD,1.84338,26/03/2026 16:13:49,1.84563,0.00,0.00,22.50,3.25,3.25,22.50,-0.32,-2.40,1,Dragon Wave_FZ1,0.46,0.46hrs
26/03/2026 10:15:38,sell,0.02,AUDNZD,1.19937,26/03/2026 14:45:34,1.19773,0.00,0.00,16.40,1.90,1.95,16.90,-1.01,-8.70,1,Dragon Wave_HZ1,4.50,4.50hrs
26/03/2026 09:15:39,sell,0.02,AUDNZD,1.19843,26/03/2026 13:01:18,1.19830,0.00,0.00,1.30,0.15,0.21,1.80,-2.09,-18.10,1,Dragon Wave_GZ1,3.76,3.76hrs
26/03/2026 08:00:10,sell,0.02,AUDCAD,0.96090,26/03/2026 09:12:00,0.96000,0.00,0.00,9.00,1.30,1.30,9.00,-0.27,-1.90,1,Dragon Wave_FZ1,1.20,1.20hrs
25/03/2026 17:00:16,buy,0.02,GBPCAD,1.84349,25/03/2026 17:47:13,1.84550,0.00,0.00,20.10,2.91,2.91,20.10,-0.83,-5.70,1,Dragon Wave_CZ1,0.78,0.78hrs
25/03/2026 17:00:12,buy,0.02,GBPCAD,1.84373,25/03/2026 17:42:38,1.84500,0.00,0.00,12.70,1.84,1.84,12.70,-1.17,-8.10,1,Dragon Wave_BZ1,0.71,0.71hrs
25/03/2026 17:00:51,buy,0.02,AUDCAD,0.95755,25/03/2026 17:33:48,0.96066,0.00,0.00,31.10,4.51,4.51,31.10,0.00,0.00,1,Dragon Wave_GZ1,0.55,0.55hrs
25/03/2026 17:00:36,buy,0.02,AUDCAD,0.95751,25/03/2026 17:27:30,0.96029,0.00,0.00,27.80,4.03,4.03,27.80,0.00,0.00,1,Dragon Wave_FZ1,0.45,0.45hrs
25/03/2026 17:00:22,buy,0.02,EURCAD,1.59562,25/03/2026 17:19:04,1.59685,0.00,0.00,12.30,1.78,1.78,12.30,0.00,0.00,1,Dragon Wave_BZ1,0.31,0.31hrs
25/03/2026 15:01:05,buy,0.02,AUDNZD,1.19652,25/03/2026 15:21:04,1.19658,0.00,0.00,0.60,0.07,0.07,0.60,-0.22,-1.90,1,Dragon Wave_AZ1,0.33,0.33hrs
25/03/2026 11:15:40,sell,0.02,GBPCAD,1.84863,25/03/2026 12:23:30,1.84748,0.00,0.00,11.50,1.67,1.67,11.50,-1.77,-12.20,1,Dragon Wave_CZ1,1.13,1.13hrs
25/03/2026 11:30:34,buy,0.02,EURGBP,0.86544,25/03/2026 12:22:18,0.86573,0.00,0.00,2.90,0.77,0.77,2.90,-0.64,-2.40,1,Dragon Wave_BZ1,0.86,0.86hrs
25/03/2026 11:45:41,sell,0.02,AUDCAD,0.96249,25/03/2026 12:21:10,0.96204,0.00,0.00,4.50,0.65,0.65,4.50,-0.93,-6.40,1,Dragon Wave_CZ1,0.59,0.59hrs
25/03/2026 11:45:12,sell,0.02,AUDCAD,0.96234,25/03/2026 12:20:41,0.96219,0.00,0.00,1.50,0.22,0.22,1.50,-1.15,-7.90,1,Dragon Wave_BZ1,0.59,0.59hrs
25/03/2026 11:30:19,buy,0.02,EURGBP,0.86546,25/03/2026 12:20:31,0.86569,0.00,0.00,2.30,0.62,0.62,2.30,-0.70,-2.60,1,Dragon Wave_AZ1,0.84,0.84hrs
25/03/2026 08:30:10,buy,0.02,GBPUSD,1.33841,25/03/2026 09:21:40,1.33850,0.00,0.00,0.90,0.18,0.18,0.90,-2.12,-10.60,1,Dragon Wave_BZ1,0.86,0.86hrs
25/03/2026 09:00:27,buy,0.02,GBPCAD,1.84285,25/03/2026 09:20:14,1.84358,0.00,0.00,7.30,1.06,1.06,7.30,-0.07,-0.50,1,Dragon Wave_CZ1,0.33,0.33hrs
24/03/2026 19:15:34,sell,0.02,AUDNZD,1.19777,25/03/2026 04:10:31,1.19755,0.00,-0.10,2.20,0.15,0.57,4.90,-2.88,-23.80,1,Dragon Wave_FZ1,8.92,8.92hrs
24/03/2026 20:45:27,sell,0.02,USDCHF,0.79191,24/03/2026 22:13:03,0.79006,0.00,0.00,18.50,4.68,4.68,18.50,-0.45,-1.80,1,Dragon Wave_GZ1,1.46,1.46hrs
24/03/2026 20:45:22,sell,0.02,USDCHF,0.79187,24/03/2026 21:38:57,0.79071,0.00,0.00,11.60,2.93,2.93,11.60,-0.56,-2.20,1,Dragon Wave_FZ1,0.89,0.89hrs
24/03/2026 18:15:25,buy,0.02,CHFJPY,200.63800,24/03/2026 20:13:33,200.99800,0.00,0.00,36.00,4.52,4.52,36.00,-0.05,-0.40,1,Dragon Wave_FZ1,1.97,1.97hrs
24/03/2026 18:15:16,sell,0.02,EURCHF,0.91659,24/03/2026 19:38:13,0.91610,0.00,0.00,4.90,1.24,1.24,4.90,-0.38,-1.50,1,Dragon Wave_CZ1,1.38,1.38hrs
24/03/2026 16:45:45,sell,0.02,CADCHF,0.57540,24/03/2026 19:30:45,0.57444,0.00,0.00,9.60,2.43,2.43,9.60,-0.30,-1.20,1,Dragon Wave_FZ1,2.75,2.75hrs
24/03/2026 16:45:32,buy,0.02,CHFJPY,200.77300,24/03/2026 19:05:28,200.84200,0.00,0.00,6.90,0.87,1.74,13.80,-1.93,-15.30,1,Dragon Wave_CZ1,2.33,2.33hrs
24/03/2026 16:45:39,sell,0.02,CADCHF,0.57543,24/03/2026 18:25:47,0.57487,0.00,0.00,5.60,1.42,1.47,5.80,-0.23,-0.90,1,Dragon Wave_CZ1,1.67,1.67hrs
24/03/2026 16:45:30,sell,0.02,CADCHF,0.57551,24/03/2026 17:20:28,0.57494,0.00,0.00,5.70,1.44,1.44,5.70,-0.03,-0.10,1,Dragon Wave_BZ1,0.58,0.58hrs
24/03/2026 12:30:12,sell,0.02,EURGBP,0.86560,24/03/2026 12:57:49,0.86518,0.00,0.00,4.20,1.13,1.13,4.20,-0.59,-2.20,1,Dragon Wave_CZ1,0.46,0.46hrs
24/03/2026 12:45:34,sell,0.02,EURGBP,0.86552,24/03/2026 12:56:21,0.86526,0.00,0.00,2.60,0.69,0.69,2.60,-0.43,-1.60,1,Dragon Wave_BZ1,0.18,0.18hrs
23/03/2026 16:00:41,sell,0.02,GBPCAD,1.84028,24/03/2026 12:30:56,1.83961,0.00,-0.19,6.70,0.79,6.09,41.80,-8.44,-57.90,1,Dragon Wave_GZ1,20.50,20.50hrs
23/03/2026 17:45:48,sell,0.02,GBPCAD,1.84125,24/03/2026 11:50:53,1.84095,0.00,-0.19,3.00,0.25,7.51,51.50,-7.03,-48.20,1,Dragon Wave_HZ1,18.08,18.08hrs
24/03/2026 10:15:49,sell,0.02,NZDUSD,0.58545,24/03/2026 11:04:13,0.58411,0.00,0.00,13.40,2.68,2.68,13.40,0.00,0.00,1,Dragon Wave_CZ1,0.81,0.81hrs
24/03/2026 10:15:24,sell,0.02,NZDUSD,0.58559,24/03/2026 11:01:40,0.58457,0.00,0.00,10.20,2.04,2.04,10.20,-0.10,-0.50,1,Dragon Wave_BZ1,0.77,0.77hrs
24/03/2026 10:16:13,sell,0.02,GBPCAD,1.84470,24/03/2026 10:32:07,1.84417,0.00,0.00,5.30,0.77,0.77,5.30,-0.92,-6.30,1,Dragon Wave_BZ1,0.27,0.27hrs
24/03/2026 10:16:09,sell,0.02,GBPCAD,1.84474,24/03/2026 10:26:58,1.84439,0.00,0.00,3.50,0.51,0.51,3.50,-0.86,-5.90,1,Dragon Wave_AZ1,0.18,0.18hrs
24/03/2026 10:15:30,sell,0.02,AUDUSD,0.70035,24/03/2026 10:26:35,0.69911,0.00,0.00,12.40,2.48,2.48,12.40,-0.14,-0.70,1,Dragon Wave_CZ1,0.18,0.18hrs
24/03/2026 10:16:01,sell,0.02,AUDCAD,0.96147,24/03/2026 10:26:34,0.96035,0.00,0.00,11.20,1.63,1.63,11.20,0.00,0.00,1,Dragon Wave_CZ1,0.18,0.18hrs
24/03/2026 10:15:18,sell,0.02,AUDCAD,0.96162,24/03/2026 10:20:29,0.96067,0.00,0.00,9.50,1.38,1.38,9.50,-0.16,-1.10,1,Dragon Wave_BZ1,0.09,0.09hrs
24/03/2026 10:15:05,sell,0.02,AUDUSD,0.70041,24/03/2026 10:20:23,0.69936,0.00,0.00,10.50,2.10,2.10,10.50,-0.02,-0.10,1,Dragon Wave_BZ1,0.09,0.09hrs
24/03/2026 10:15:13,sell,0.02,AUDJPY,110.98600,24/03/2026 10:19:51,110.86400,0.00,0.00,12.20,1.54,1.54,12.20,-0.18,-1.40,1,Dragon Wave_BZ1,0.08,0.08hrs
23/03/2026 22:00:46,buy,0.02,CADJPY,115.27200,24/03/2026 10:16:02,115.41200,0.00,0.04,14.00,1.80,2.74,21.40,-0.13,-1.00,1,Dragon Wave_HZ1,12.25,12.25hrs
﻿24/03/2026 05:15:55,buy,0.02,AUDNZD,1.19353,24/03/2026 09:15:54,1.19570,0.00,0.00,21.70,2.53,2.53,21.70,0.00,0.00,1,Dragon Wave_HZ1,4.00,4.00hrs
24/03/2026 06:00:10,sell,0.02,GBPAUD,1.92302,24/03/2026 09:14:39,1.92191,0.00,0.00,11.10,1.55,1.55,11.10,-1.62,-11.60,1,Dragon Wave_FZ1,3.24,3.24hrs
24/03/2026 05:15:49,sell,0.02,EURAUD,1.66304,24/03/2026 09:12:15,1.66169,0.00,0.00,13.50,1.88,2.78,19.90,-1.50,-10.80,1,Dragon Wave_FZ1,3.94,3.94hrs
24/03/2026 04:45:19,buy,0.02,AUDUSD,0.69690,24/03/2026 09:04:24,0.69720,0.00,0.00,3.00,0.60,1.66,8.30,-2.42,-12.10,1,Dragon Wave_FZ1,4.32,4.32hrs
24/03/2026 04:45:49,buy,0.02,AUDJPY,110.51400,24/03/2026 08:43:04,110.60000,0.00,0.00,8.60,1.08,1.73,13.70,-0.74,-5.90,1,Dragon Wave_FZ1,3.95,3.95hrs
24/03/2026 08:16:00,buy,0.02,AUDCAD,0.95761,24/03/2026 08:42:38,0.95864,0.00,0.00,10.30,1.50,1.50,10.30,-0.15,-1.00,1,Dragon Wave_FZ1,0.44,0.44hrs
23/03/2026 19:15:50,buy,0.02,AUDNZD,1.19726,24/03/2026 08:39:24,1.19557,0.00,0.04,-16.90,-1.93,0.15,1.30,-6.09,-52.30,1,Dragon Wave_GZ1,13.39,13.39hrs
24/03/2026 05:15:52,buy,0.03,AUDNZD,1.19352,24/03/2026 08:39:20,1.19557,0.00,0.00,20.50,3.58,3.58,20.50,0.00,0.00,1,Dragon Wave_GZ2,3.39,3.39hrs
24/03/2026 04:45:16,buy,0.02,AUDUSD,0.69690,24/03/2026 05:25:29,0.69758,0.00,0.00,6.80,1.36,1.36,6.80,-0.86,-4.30,1,Dragon Wave_CZ1,0.67,0.67hrs
24/03/2026 04:45:27,buy,0.02,AUDJPY,110.52300,24/03/2026 05:22:06,110.63300,0.00,0.00,11.00,1.39,1.39,11.00,-0.58,-4.60,1,Dragon Wave_CZ1,0.61,0.61hrs
24/03/2026 04:45:56,buy,0.02,GBPUSD,1.33903,24/03/2026 05:21:39,1.33976,0.00,0.00,7.30,1.46,1.46,7.30,-0.44,-2.20,1,Dragon Wave_BZ1,0.60,0.60hrs
23/03/2026 22:00:42,sell,0.02,EURCAD,1.59530,24/03/2026 03:39:30,1.59150,0.00,-0.03,38.00,5.50,5.50,38.00,-0.04,-0.30,1,Dragon Wave_HZ1,5.65,5.65hrs
23/03/2026 17:30:39,sell,0.02,GBPUSD,1.34633,24/03/2026 03:16:07,1.34093,0.00,-0.08,54.00,10.72,16.12,80.60,-2.88,-10.50,1,Dragon Wave_HZ1,9.76,9.76hrs
23/03/2026 21:45:50,buy,0.02,USDJPY,158.08600,24/03/2026 03:12:57,158.59900,0.00,0.13,51.30,6.60,6.60,51.30,-0.49,-3.90,1,Dragon Wave_HZ1,5.45,5.45hrs
23/03/2026 21:45:17,sell,0.02,EURCAD,1.59467,24/03/2026 03:12:19,1.59296,0.00,-0.03,17.10,2.46,2.46,17.10,-2.00,-13.70,1,Dragon Wave_GZ1,5.45,5.45hrs
23/03/2026 21:15:20,buy,0.02,CADJPY,115.34600,24/03/2026 03:00:35,115.43300,0.00,0.04,8.70,1.14,1.62,12.80,-1.84,-14.50,1,Dragon Wave_GZ1,5.75,5.75hrs
23/03/2026 18:15:25,sell,0.02,NZDCAD,0.80553,24/03/2026 02:30:54,0.80419,0.00,-0.04,13.40,1.91,6.79,46.60,-2.56,-17.30,1,Dragon Wave_GZ1,8.26,8.26hrs
23/03/2026 21:45:46,buy,0.02,USDJPY,158.10700,24/03/2026 02:30:53,158.37400,0.00,0.13,26.70,3.50,4.46,35.30,-0.76,-6.00,1,Dragon Wave_GZ1,4.75,4.75hrs
23/03/2026 17:30:30,sell,0.02,GBPUSD,1.34631,24/03/2026 02:15:49,1.34305,0.00,-0.08,32.60,6.44,16.08,80.40,-2.92,-10.70,1,Dragon Wave_GZ1,8.76,8.76hrs
23/03/2026 17:31:01,sell,0.02,EURUSD,1.16245,24/03/2026 02:15:47,1.16123,0.00,0.05,12.20,2.49,9.04,45.20,-2.50,-12.50,1,Dragon Wave_GZ1,8.75,8.75hrs
23/03/2026 21:45:26,buy,0.02,CADCHF,0.57248,24/03/2026 01:30:32,0.57297,0.00,0.06,4.90,1.30,1.58,6.20,-1.20,-4.70,1,Dragon Wave_GZ1,3.75,3.75hrs
23/03/2026 20:15:41,buy,0.02,AUDNZD,1.19675,23/03/2026 23:30:31,1.19698,0.00,0.00,2.30,0.27,0.27,2.30,-2.47,-21.00,1,Dragon Wave_FZ1,3.25,3.25hrs
23/03/2026 21:00:39,sell,0.02,NZDCHF,0.46152,23/03/2026 23:15:35,0.46077,0.00,0.00,7.50,1.91,1.91,7.50,-0.18,-0.70,1,Dragon Wave_GZ1,2.25,2.25hrs
23/03/2026 18:15:55,buy,0.02,CADCHF,0.57249,23/03/2026 18:57:37,0.57409,0.00,0.00,16.00,4.06,4.06,16.00,0.00,0.00,1,Dragon Wave_FZ1,0.69,0.69hrs
23/03/2026 17:30:57,buy,0.02,EURGBP,0.86340,23/03/2026 18:56:44,0.86562,0.00,0.00,22.20,5.94,5.94,22.20,-0.32,-1.20,1,Dragon Wave_HZ1,1.43,1.43hrs
23/03/2026 18:01:10,sell,0.02,NZDCAD,0.80498,23/03/2026 18:56:43,0.80111,0.00,0.00,38.70,5.64,5.64,38.70,-0.20,-1.40,1,Dragon Wave_FZ1,0.93,0.93hrs
23/03/2026 17:30:51,buy,0.02,EURGBP,0.86341,23/03/2026 18:55:39,0.86543,0.00,0.00,20.20,5.41,5.41,20.20,-0.35,-1.30,1,Dragon Wave_GZ1,1.41,1.41hrs
23/03/2026 17:30:55,sell,0.02,NZDUSD,0.58765,23/03/2026 18:55:31,0.58405,0.00,0.00,36.00,7.20,7.20,36.00,-1.34,-5.10,1,Dragon Wave_FZ1,1.41,1.41hrs
23/03/2026 18:15:39,buy,0.02,USDCHF,0.78454,23/03/2026 18:54:33,0.78736,0.00,0.00,28.20,7.16,7.16,28.20,0.00,0.00,1,Dragon Wave_FZ1,0.65,0.65hrs
23/03/2026 17:30:34,buy,0.02,EURGBP,0.86341,23/03/2026 18:54:14,0.86509,0.00,0.00,16.80,4.51,4.51,16.80,-0.35,-1.30,1,Dragon Wave_FZ1,1.39,1.39hrs
23/03/2026 16:00:27,sell,0.02,GBPCAD,1.84024,23/03/2026 18:54:05,1.83753,0.00,0.00,27.10,3.95,3.95,27.10,-3.89,-24.60,1,Dragon Wave_FZ1,2.89,2.89hrs
23/03/2026 17:30:41,sell,0.02,EURUSD,1.16236,23/03/2026 18:52:23,1.15858,0.00,0.00,37.80,7.56,7.56,37.80,-3.28,-12.50,1,Dragon Wave_FZ1,1.36,1.36hrs
23/03/2026 17:30:24,sell,0.02,GBPUSD,1.34595,23/03/2026 18:52:18,1.33957,0.00,0.00,63.80,12.76,12.76,63.80,-3.64,-14.30,1,Dragon Wave_FZ1,1.36,1.36hrs
23/03/2026 17:45:54,sell,0.02,NZDJPY,93.13000,23/03/2026 18:43:12,92.76000,0.00,0.00,37.00,4.66,4.66,37.00,-0.30,-2.40,1,Dragon Wave_FZ1,0.95,0.95hrs
23/03/2026 17:45:38,buy,0.02,EURNZD,1.97771,23/03/2026 18:43:00,1.98362,0.00,0.00,59.10,6.91,6.91,59.10,-1.45,-12.30,1,Dragon Wave_GZ1,0.96,0.96hrs
20/03/2026 17:00:55,sell,0.02,EURNZD,1.97605,23/03/2026 16:58:55,1.98058,0.00,-0.01,-45.30,-5.32,0.56,5.20,-20.03,-173.70,1,Dragon Wave_FZ1,71.97,3.00days
20/03/2026 22:16:12,sell,0.03,EURNZD,1.98425,23/03/2026 16:58:51,1.98067,0.00,-0.01,35.80,6.28,6.28,35.80,-15.87,-91.70,1,Dragon Wave_FZ2,66.71,2.78days
20/03/2026 16:20:33,buy,0.02,NZDCAD,0.80272,23/03/2026 14:13:07,0.80084,0.00,-0.01,-18.80,-2.75,0.13,0.90,-14.81,-101.80,1,Dragon Wave_GZ1,69.88,2.91days
20/03/2026 22:15:42,buy,0.03,NZDCAD,0.79893,23/03/2026 14:13:03,0.80064,0.00,-0.02,17.10,3.72,3.72,17.10,-13.96,-63.90,1,Dragon Wave_GZ2,63.96,2.66days
19/03/2026 15:30:45,buy,0.02,AUDNZD,1.20936,23/03/2026 14:11:52,1.20520,0.00,0.09,-41.60,-4.76,0.00,0.00,-12.85,-111.20,1,Dragon Wave_BZ1,94.69,3.95days
19/03/2026 16:15:44,buy,0.03,AUDNZD,1.20701,23/03/2026 14:11:49,1.20515,0.00,0.13,-18.60,-3.13,1.00,5.30,-15.18,-87.70,1,Dragon Wave_BZ2,93.93,3.91days
23/03/2026 02:00:12,buy,0.05,AUDNZD,1.20219,23/03/2026 14:11:45,1.20517,0.00,0.00,29.80,8.69,8.69,29.80,-8.82,-30.60,1,Dragon Wave_BZ3,12.19,12.19hrs
20/03/2026 17:46:29,buy,0.02,AUDCHF,0.55543,23/03/2026 14:09:19,0.55361,0.00,0.13,-18.20,-4.48,1.37,5.40,-17.59,-70.30,1,Dragon Wave_HZ1,68.38,2.85days
23/03/2026 01:00:37,buy,0.03,AUDCHF,0.55253,23/03/2026 14:09:15,0.55378,0.00,0.00,12.50,4.75,4.75,12.50,-15.62,-41.30,1,Dragon Wave_HZ2,13.14,13.14hrs
23/03/2026 13:45:49,sell,0.02,GBPNZD,2.30066,23/03/2026 14:09:00,2.29535,0.00,0.00,53.10,6.21,6.21,53.10,-0.17,-8.20,1,Dragon Wave_HZ1,0.39,0.39hrs
20/03/2026 17:00:35,buy,0.02,AUDCHF,0.55574,23/03/2026 14:09:00,0.55407,0.00,0.13,-16.70,-4.11,0.58,2.30,-18.37,-73.40,1,Dragon Wave_GZ1,69.14,2.88days
23/03/2026 01:15:23,buy,0.03,AUDCHF,0.55215,23/03/2026 14:08:57,0.55378,0.00,0.00,16.30,6.20,6.20,16.30,-14.18,-37.50,1,Dragon Wave_GZ2,12.89,12.89hrs
20/03/2026 13:30:45,buy,0.02,AUDCHF,0.55661,23/03/2026 14:08:45,0.55363,0.00,0.13,-29.80,-7.43,2.13,8.40,-20.57,-82.10,1,Dragon Wave_FZ1,72.63,3.03days
23/03/2026 13:45:43,sell,0.02,GBPNZD,2.30052,23/03/2026 14:08:42,2.29528,0.00,0.00,52.40,6.13,6.13,52.40,-0.33,-9.60,1,Dragon Wave_GZ1,0.38,0.38hrs
20/03/2026 15:45:31,buy,0.02,NZDCHF,0.46138,23/03/2026 14:08:40,0.46068,0.00,0.05,-7.00,-1.72,0.00,0.00,-11.67,-46.10,1,Dragon Wave_GZ1,70.39,2.93days
20/03/2026 21:15:41,buy,0.03,AUDCHF,0.55425,23/03/2026 14:08:35,0.55325,0.00,0.20,-10.00,-3.61,0.00,0.00,-21.92,-58.50,1,Dragon Wave_FZ2,64.88,2.70days
23/03/2026 01:15:30,buy,0.03,NZDCHF,0.45859,23/03/2026 14:08:31,0.46066,0.00,0.00,20.70,7.87,7.87,20.70,-6.77,-17.80,1,Dragon Wave_GZ2,12.88,12.88hrs
23/03/2026 01:45:30,buy,0.05,AUDCHF,0.55191,23/03/2026 14:08:30,0.55367,0.00,0.00,17.60,11.16,11.16,17.60,-22.12,-35.10,1,Dragon Wave_FZ3,12.38,12.38hrs
23/03/2026 11:18:20,sell,0.02,GBPNZD,2.29668,23/03/2026 14:08:29,2.29570,0.00,0.00,9.80,1.14,2.08,17.90,-4.84,-48.00,1,Dragon Wave_FZ1,2.84,2.84hrs
20/03/2026 13:16:48,buy,0.02,NZDCHF,0.46185,23/03/2026 14:08:28,0.46061,0.00,0.05,-12.40,-3.10,1.45,5.70,-12.86,-50.80,1,Dragon Wave_FZ1,72.86,3.04days
20/03/2026 19:30:51,sell,0.02,EURNZD,1.97814,23/03/2026 14:08:26,1.98384,0.00,-0.01,-57.00,-6.67,0.00,0.00,-17.62,-152.80,1,Dragon Wave_GZ1,66.63,2.78days
20/03/2026 20:45:42,buy,0.03,NZDCHF,0.46009,23/03/2026 14:08:25,0.46021,0.00,0.08,1.20,0.53,0.57,1.50,-12.58,-33.20,1,Dragon Wave_FZ2,65.38,2.72days
23/03/2026 09:45:33,sell,0.03,EURNZD,1.98958,23/03/2026 14:08:23,1.98419,0.00,0.00,53.90,9.45,9.45,53.90,-6.64,-38.40,1,Dragon Wave_GZ2,4.38,4.38hrs
23/03/2026 08:30:33,buy,0.05,NZDCHF,0.45828,23/03/2026 14:08:21,0.46014,0.00,0.00,18.60,11.80,11.80,18.60,-9.32,-14.70,1,Dragon Wave_FZ3,5.63,5.63hrs
23/03/2026 05:45:37,sell,0.02,EURNZD,1.98547,23/03/2026 14:08:17,1.98484,0.00,0.00,6.30,0.74,0.74,6.30,-9.16,-79.50,1,Dragon Wave_HZ1,8.38,8.38hrs
20/03/2026 21:31:11,sell,0.02,EURAUD,1.64531,23/03/2026 14:07:48,1.65144,0.00,0.10,-61.30,-8.51,0.00,0.00,-22.83,-165.80,1,Dragon Wave_HZ1,64.61,2.69days
23/03/2026 08:30:30,sell,0.03,EURAUD,1.65689,23/03/2026 14:07:44,1.65160,0.00,0.00,52.90,11.14,11.14,52.90,-10.37,-50.00,1,Dragon Wave_HZ2,5.62,5.62hrs
20/03/2026 20:45:57,sell,0.02,EURAUD,1.64349,23/03/2026 14:07:37,1.65242,0.00,0.10,-89.30,-12.43,0.52,3.70,-25.35,-184.00,1,Dragon Wave_FZ1,65.36,2.72days
23/03/2026 04:30:48,sell,0.03,EURAUD,1.65262,23/03/2026 14:07:34,1.65300,0.00,0.00,-3.80,-0.80,2.98,14.20,-19.23,-92.70,1,Dragon Wave_FZ2,9.61,9.61hrs
23/03/2026 10:00:49,sell,0.05,EURAUD,1.65801,23/03/2026 14:07:30,1.65260,0.00,0.00,54.10,18.98,18.98,54.10,-13.42,-38.80,1,Dragon Wave_FZ3,4.11,4.11hrs
20/03/2026 18:47:03,sell,0.02,EURAUD,1.64058,23/03/2026 14:07:23,1.65306,0.00,0.10,-124.80,-17.43,0.25,1.80,-29.37,-213.10,1,Dragon Wave_GZ1,67.34,2.81days
23/03/2026 01:00:33,sell,0.03,EURAUD,1.64869,23/03/2026 14:07:20,1.65197,0.00,0.00,-32.80,-6.92,0.48,2.30,-27.38,-132.00,1,Dragon Wave_GZ2,13.11,13.11hrs
23/03/2026 13:45:41,sell,0.05,EURAUD,1.66190,23/03/2026 14:07:16,1.65313,0.00,0.00,87.70,30.80,30.80,87.70,0.00,0.00,1,Dragon Wave_GZ3,0.36,0.36hrs
20/03/2026 20:00:23,sell,0.02,EURAUD,1.64201,23/03/2026 14:07:06,1.65437,0.00,0.10,-123.60,-17.25,0.58,3.80,-27.40,-198.80,1,Dragon Wave_CZ1,66.11,2.75days
20/03/2026 13:45:41,sell,0.02,EURGBP,0.86393,23/03/2026 14:07:00,0.86473,0.00,0.04,-8.00,-2.11,1.05,3.80,-10.76,-40.60,1,Dragon Wave_GZ1,72.36,3.01days
23/03/2026 01:15:20,sell,0.03,EURAUD,1.64937,23/03/2026 14:06:57,1.65366,0.00,0.00,-42.90,-9.04,1.92,9.10,-25.97,-125.20,1,Dragon Wave_CZ2,12.86,12.86hrs
20/03/2026 17:16:52,sell,0.03,EURGBP,0.86580,23/03/2026 14:06:57,0.86460,0.00,0.06,12.00,4.89,4.89,12.00,-8.68,-21.90,1,Dragon Wave_GZ2,68.83,2.87days
23/03/2026 06:00:24,sell,0.05,EURAUD,1.65373,23/03/2026 14:06:53,1.65377,0.00,0.00,-0.40,-0.14,2.10,6.00,-28.21,-81.60,1,Dragon Wave_CZ3,8.11,8.11hrs
23/03/2026 10:00:40,sell,0.08,EURAUD,1.65806,23/03/2026 14:06:46,1.65198,0.00,0.00,60.80,34.18,34.18,60.80,-21.19,-38.30,1,Dragon Wave_CZ4,4.10,4.10hrs
20/03/2026 22:15:44,buy,0.02,NZDCHF,0.45919,23/03/2026 14:06:46,0.45950,0.00,0.05,3.10,0.84,1.50,5.70,-6.10,-24.20,1,Dragon Wave_HZ1,63.85,2.66days
20/03/2026 15:46:08,sell,0.02,EURGBP,0.86413,23/03/2026 14:06:26,0.86535,0.00,0.04,-12.20,-3.23,0.00,0.00,-10.23,-38.60,1,Dragon Wave_HZ1,70.34,2.93days
23/03/2026 14:00:32,buy,0.02,CHFJPY,201.08300,23/03/2026 14:06:22,201.61100,0.00,0.00,52.80,6.65,6.65,52.80,-0.11,-0.90,1,Dragon Wave_GZ1,0.10,0.10hrs
20/03/2026 17:17:11,sell,0.03,EURGBP,0.86587,23/03/2026 14:06:22,0.86501,0.00,0.06,8.60,3.51,3.51,8.60,-8.40,-21.20,1,Dragon Wave_HZ2,68.82,2.87days
20/03/2026 13:45:36,sell,0.02,EURGBP,0.86392,23/03/2026 14:06:18,0.86499,0.00,0.04,-10.70,-2.83,1.02,3.70,-10.79,-40.70,1,Dragon Wave_FZ1,72.34,3.01days
20/03/2026 17:16:32,sell,0.03,EURGBP,0.86588,23/03/2026 14:06:14,0.86446,0.00,0.06,14.20,5.77,5.77,14.20,-8.36,-21.10,1,Dragon Wave_FZ2,68.83,2.87days
20/03/2026 21:45:58,buy,0.02,AUDCAD,0.96286,23/03/2026 14:06:10,0.95865,0.00,0.05,-42.10,-6.09,0.77,5.30,-17.65,-121.70,1,Dragon Wave_HZ1,64.34,2.68days
23/03/2026 12:45:52,buy,0.03,AUDCAD,0.95455,23/03/2026 14:06:06,0.95847,0.00,0.00,39.20,8.58,8.58,39.20,-8.42,-38.60,1,Dragon Wave_HZ2,1.34,1.34hrs
20/03/2026 17:45:53,buy,0.02,AUDUSD,0.70317,23/03/2026 14:06:05,0.69865,0.00,-0.05,-45.20,-9.09,3.74,18.70,-23.93,-119.40,1,Dragon Wave_FZ1,68.34,2.85days
20/03/2026 16:20:33,sell,0.02,CADJPY,115.84300,23/03/2026 14:06:04,115.82500,0.00,-0.08,1.80,0.15,1.18,9.40,-7.09,-55.90,1,Dragon Wave_GZ1,69.76,2.91days
23/03/2026 05:45:29,buy,0.02,NZDCAD,0.79735,23/03/2026 14:06:02,0.79749,0.00,0.00,1.40,0.20,0.20,1.50,-6.99,-48.10,1,Dragon Wave_HZ1,8.34,8.34hrs
23/03/2026 05:45:25,buy,0.03,AUDUSD,0.69849,23/03/2026 14:06:02,0.69831,0.00,0.00,-1.80,-0.54,0.15,1.20,-21.78,-72.60,1,Dragon Wave_FZ2,8.34,8.34hrs
23/03/2026 09:30:14,buy,0.05,AUDUSD,0.69578,23/03/2026 14:05:58,0.69847,0.00,0.00,26.90,13.45,13.45,26.90,-22.75,-45.50,1,Dragon Wave_FZ3,4.60,4.60hrs
20/03/2026 12:46:57,buy,0.02,AUDCAD,0.97040,23/03/2026 14:05:58,0.95802,0.00,0.05,-123.80,-18.01,1.46,10.00,-28.61,-197.10,1,Dragon Wave_GZ1,73.32,3.05days
20/03/2026 13:00:52,buy,0.02,NZDCAD,0.80427,23/03/2026 14:05:56,0.79743,0.00,-0.01,-68.40,-9.99,1.91,13.10,-17.07,-117.30,1,Dragon Wave_FZ1,73.08,3.05days
23/03/2026 13:45:25,buy,0.08,AUDUSD,0.69130,23/03/2026 14:05:55,0.69902,0.00,0.00,77.20,61.76,61.76,77.20,-0.32,-0.40,1,Dragon Wave_FZ4,0.34,0.34hrs
20/03/2026 13:31:08,buy,0.03,AUDCAD,0.96862,23/03/2026 14:05:55,0.95819,0.00,0.08,-104.30,-22.74,6.08,27.80,-39.03,-179.30,1,Dragon Wave_GZ2,72.58,3.02days
20/03/2026 22:30:28,buy,0.02,NZDUSD,0.58219,23/03/2026 14:05:53,0.58114,0.00,-0.08,-10.50,-2.18,3.12,16.00,-11.92,-59.20,1,Dragon Wave_HZ1,63.59,2.65days
20/03/2026 17:01:37,buy,0.03,NZDCAD,0.80145,23/03/2026 14:05:52,0.79730,0.00,-0.02,-41.50,-9.10,2.10,9.60,-19.46,-89.10,1,Dragon Wave_FZ2,69.07,2.88days
20/03/2026 13:15:51,buy,0.02,NZDCHF,0.46193,23/03/2026 14:05:52,0.45883,0.00,0.05,-31.00,-7.80,1.24,4.90,-13.07,-51.60,1,Dragon Wave_CZ1,72.83,3.03days
20/03/2026 17:15:36,buy,0.05,AUDCAD,0.96542,23/03/2026 14:05:51,0.95849,0.00,0.13,-69.30,-25.13,7.58,20.80,-53.42,-147.30,1,Dragon Wave_GZ3,68.84,2.87days
23/03/2026 13:30:31,buy,0.03,NZDUSD,0.57703,23/03/2026 14:05:50,0.58143,0.00,0.00,44.00,13.20,13.20,44.00,-2.28,-7.60,1,Dragon Wave_HZ2,0.59,0.59hrs
23/03/2026 08:30:22,buy,0.05,NZDCAD,0.79651,23/03/2026 14:05:48,0.79751,0.00,0.00,10.00,3.65,3.65,10.00,-14.43,-39.70,1,Dragon Wave_FZ3,5.59,5.59hrs
23/03/2026 03:45:41,buy,0.08,AUDCAD,0.95917,23/03/2026 14:05:48,0.95923,0.00,0.00,0.60,0.35,8.23,14.10,-49.33,-84.80,1,Dragon Wave_GZ4,10.34,10.34hrs
20/03/2026 22:02:11,buy,0.02,AUDUSD,0.70148,23/03/2026 14:05:48,0.69901,0.00,-0.05,-24.70,-4.99,1.30,6.50,-20.55,-102.50,1,Dragon Wave_HZ1,64.06,2.67days
20/03/2026 22:00:39,buy,0.03,NZDCHF,0.45934,23/03/2026 14:05:48,0.45920,0.00,0.08,-1.40,-0.45,1.68,4.20,-9.72,-25.70,1,Dragon Wave_CZ2,64.09,2.67days
23/03/2026 13:15:44,buy,0.02,AUDJPY,110.67700,23/03/2026 14:05:46,111.24400,0.00,0.00,56.70,7.13,7.13,56.70,-4.51,-36.00,1,Dragon Wave_HZ1,0.83,0.83hrs
23/03/2026 13:30:34,buy,0.08,NZDCAD,0.79344,23/03/2026 14:05:45,0.79726,0.00,0.00,38.20,22.28,22.28,38.20,-5.24,-9.00,1,Dragon Wave_FZ4,0.59,0.59hrs
23/03/2026 09:45:14,buy,0.03,AUDUSD,0.69534,23/03/2026 14:05:45,0.69932,0.00,0.00,39.80,11.94,11.94,39.80,-12.33,-41.10,1,Dragon Wave_HZ2,4.34,4.34hrs
23/03/2026 08:30:56,sell,0.02,GBPAUD,1.91131,23/03/2026 14:05:45,1.91055,0.00,0.00,7.60,1.06,2.83,20.30,-10.03,-72.50,1,Dragon Wave_HZ1,5.58,5.58hrs
23/03/2026 13:45:41,buy,0.14,AUDCAD,0.95065,23/03/2026 14:05:44,0.95844,0.00,0.00,77.90,79.52,79.52,77.90,0.00,0.00,1,Dragon Wave_GZ5,0.33,0.33hrs
23/03/2026 13:45:13,buy,0.02,CHFJPY,201.15600,23/03/2026 14:05:44,201.33400,0.00,0.00,17.80,2.24,2.24,17.80,-1.03,-8.20,1,Dragon Wave_CZ1,0.34,0.34hrs
23/03/2026 13:15:41,buy,0.02,NZDUSD,0.57764,23/03/2026 14:05:44,0.58139,0.00,0.00,37.50,7.50,7.50,37.50,-2.74,-13.70,1,Dragon Wave_GZ1,0.83,0.83hrs
23/03/2026 13:00:34,sell,0.02,USDCHF,0.79306,23/03/2026 14:05:44,0.78995,0.00,0.00,31.10,7.87,7.87,31.10,-1.86,-7.40,1,Dragon Wave_FZ1,1.09,1.09hrs
23/03/2026 09:45:28,buy,0.05,NZDCHF,0.45779,23/03/2026 14:05:44,0.45922,0.00,0.00,14.30,9.05,9.05,14.30,-6.21,-9.80,1,Dragon Wave_CZ3,4.34,4.34hrs
23/03/2026 12:45:16,buy,0.02,NZDJPY,92.25400,23/03/2026 14:05:39,92.35400,0.00,0.00,10.00,1.26,1.26,10.00,-3.55,-28.30,1,Dragon Wave_GZ1,1.34,1.34hrs
23/03/2026 14:00:43,sell,0.02,CADCHF,0.57721,23/03/2026 14:05:34,0.57588,0.00,0.00,13.30,3.37,3.37,13.30,-0.43,-1.70,1,Dragon Wave_CZ1,0.08,0.08hrs
23/03/2026 12:45:32,sell,0.02,USDCHF,0.79271,23/03/2026 14:05:34,0.79057,0.00,0.00,21.40,5.41,5.41,21.40,-2.75,-10.90,1,Dragon Wave_CZ1,1.33,1.33hrs
23/03/2026 13:15:52,sell,0.02,USDCHF,0.79330,23/03/2026 14:05:25,0.79172,0.00,0.00,15.80,3.99,3.99,15.80,-1.26,-5.00,1,Dragon Wave_BZ1,0.83,0.83hrs
23/03/2026 14:00:32,sell,0.02,CADCHF,0.57722,23/03/2026 14:05:21,0.57700,0.00,0.00,2.20,0.55,0.55,2.20,-0.40,-1.60,1,Dragon Wave_BZ1,0.08,0.08hrs
23/03/2026 13:45:27,buy,0.02,AUDJPY,110.32000,23/03/2026 14:05:21,110.64900,0.00,0.00,32.90,4.13,4.13,32.90,0.00,0.00,1,Dragon Wave_CZ1,0.33,0.33hrs
23/03/2026 13:45:16,buy,0.02,NZDUSD,0.57644,23/03/2026 14:05:20,0.57797,0.00,0.00,15.30,3.06,3.06,15.30,-0.34,-1.70,1,Dragon Wave_CZ1,0.33,0.33hrs
23/03/2026 13:00:17,buy,0.02,EURJPY,183.40000,23/03/2026 14:01:52,183.41800,0.00,0.00,1.80,0.23,0.23,1.80,-1.12,-8.90,1,Dragon Wave_BZ1,1.03,1.03hrs
23/03/2026 13:45:37,buy,0.02,AUDCAD,0.95080,23/03/2026 13:50:35,0.95264,0.00,0.00,18.40,2.68,2.68,18.40,-0.16,-1.10,1,Dragon Wave_CZ1,0.08,0.08hrs
23/03/2026 13:45:05,buy,0.02,AUDJPY,110.33900,23/03/2026 13:50:35,110.50100,0.00,0.00,16.20,2.03,2.03,16.20,-0.20,-1.60,1,Dragon Wave_BZ1,0.09,0.09hrs
23/03/2026 13:45:04,buy,0.02,NZDUSD,0.57653,23/03/2026 13:50:35,0.57735,0.00,0.00,8.20,1.64,1.64,8.20,-0.52,-2.60,1,Dragon Wave_BZ1,0.09,0.09hrs
23/03/2026 13:30:16,buy,0.02,AUDUSD,0.69241,23/03/2026 13:50:35,0.69285,0.00,0.00,4.40,0.88,0.88,4.40,-2.36,-11.80,1,Dragon Wave_CZ1,0.34,0.34hrs
23/03/2026 13:15:49,sell,0.02,USDCHF,0.79329,23/03/2026 13:50:35,0.79302,0.00,0.00,2.70,0.68,0.68,2.70,-1.21,-4.80,1,Dragon Wave_AZ1,0.58,0.58hrs
23/03/2026 13:00:31,buy,0.02,EURUSD,1.14957,23/03/2026 13:50:33,1.14987,0.00,0.00,3.00,0.60,0.60,3.00,-1.90,-9.50,1,Dragon Wave_BZ1,0.83,0.83hrs
23/03/2026 13:30:12,buy,0.02,AUDUSD,0.69241,23/03/2026 13:50:31,0.69259,0.00,0.00,1.80,0.36,0.36,1.80,-2.36,-11.80,1,Dragon Wave_BZ1,0.34,0.34hrs
20/03/2026 15:30:34,buy,0.02,GBPCHF,1.05301,23/03/2026 12:05:23,1.05321,0.00,0.16,2.00,0.67,0.68,2.70,-15.12,-60.10,1,Dragon Wave_GZ1,68.58,2.86days
20/03/2026 12:16:26,sell,0.02,CHFJPY,201.19400,23/03/2026 11:57:14,201.64000,0.00,0.03,-44.60,-5.56,0.00,0.00,-17.83,-142.30,1,Dragon Wave_GZ1,71.68,2.99days
20/03/2026 19:45:51,sell,0.03,CHFJPY,202.01300,23/03/2026 11:57:11,201.63600,0.00,0.05,37.70,7.14,7.14,37.70,-11.32,-60.40,1,Dragon Wave_GZ2,64.19,2.67days
20/03/2026 12:30:07,sell,0.02,CHFJPY,201.26400,23/03/2026 11:52:24,201.67900,0.00,0.03,-41.50,-5.18,0.04,0.30,-16.95,-135.30,1,Dragon Wave_BZ1,71.37,2.97days
20/03/2026 19:16:04,sell,0.03,CHFJPY,201.97900,23/03/2026 11:52:21,201.68200,0.00,0.05,29.70,5.64,5.64,29.70,-11.96,-63.80,1,Dragon Wave_BZ2,64.60,2.69days
23/03/2026 10:00:26,buy,0.02,NZDJPY,92.40400,23/03/2026 11:45:47,92.53600,0.00,0.00,13.20,1.66,1.74,13.90,-0.68,-5.40,1,Dragon Wave_FZ1,1.76,1.76hrs
23/03/2026 11:31:14,sell,0.02,GBPAUD,1.91300,23/03/2026 11:39:21,1.91054,0.00,0.00,24.60,3.43,3.43,24.60,0.00,0.00,1,Dragon Wave_FZ1,0.14,0.14hrs
23/03/2026 08:45:05,buy,0.02,NZDUSD,0.58011,23/03/2026 11:32:49,0.58045,0.00,0.00,3.40,0.68,0.68,3.40,-2.32,-11.60,1,Dragon Wave_FZ1,2.80,2.80hrs
20/03/2026 17:31:11,buy,0.02,GBPCHF,1.05145,23/03/2026 11:24:03,1.05163,0.00,0.16,1.80,0.62,2.23,8.80,-11.15,-44.50,1,Dragon Wave_HZ1,65.88,2.75days
23/03/2026 10:00:46,buy,0.02,AUDJPY,110.88400,23/03/2026 11:18:14,111.12300,0.00,0.00,23.90,3.00,3.00,23.90,-0.30,-2.40,1,Dragon Wave_FZ1,1.29,1.29hrs
23/03/2026 10:15:28,buy,0.02,AUDCHF,0.54902,23/03/2026 10:47:51,0.54937,0.00,0.00,3.50,0.88,0.88,3.50,-0.71,-2.80,1,Dragon Wave_BZ1,0.54,0.54hrs
23/03/2026 10:00:08,buy,0.02,NZDJPY,92.40700,23/03/2026 10:46:58,92.48500,0.00,0.00,7.80,0.98,0.98,7.80,-0.72,-5.70,1,Dragon Wave_CZ1,0.78,0.78hrs
23/03/2026 10:15:08,buy,0.02,AUDCHF,0.54893,23/03/2026 10:46:32,0.54932,0.00,0.00,3.90,0.98,0.98,3.90,-0.48,-1.90,1,Dragon Wave_AZ1,0.52,0.52hrs
23/03/2026 10:00:33,buy,0.02,AUDJPY,110.89300,23/03/2026 10:44:46,110.99400,0.00,0.00,10.10,1.26,1.26,10.10,-0.41,-3.30,1,Dragon Wave_CZ1,0.74,0.74hrs
23/03/2026 09:45:24,buy,0.02,NZDUSD,0.57907,23/03/2026 09:52:40,0.57956,0.00,0.00,4.90,0.98,0.98,4.90,0.00,0.00,1,Dragon Wave_BZ1,0.12,0.12hrs
23/03/2026 09:45:18,buy,0.02,NZDUSD,0.57904,23/03/2026 09:51:31,0.57950,0.00,0.00,4.60,0.92,0.92,4.60,0.00,0.00,1,Dragon Wave_AZ1,0.10,0.10hrs
20/03/2026 19:00:57,sell,0.02,CHFJPY,201.87000,23/03/2026 09:34:34,201.84200,0.00,0.03,2.80,0.38,0.38,2.80,-9.34,-74.70,1,Dragon Wave_HZ1,62.56,2.61days
23/03/2026 04:15:36,sell,0.02,CADJPY,116.34200,23/03/2026 09:08:11,116.15200,0.00,0.00,19.00,2.38,2.38,19.00,-0.75,-6.00,1,Dragon Wave_HZ1,4.88,4.88hrs
20/03/2026 17:30:49,buy,0.02,AUDUSD,0.70335,23/03/2026 04:08:44,0.70085,0.00,-0.05,-25.00,-5.05,3.38,16.90,-9.13,-45.40,1,Dragon Wave_GZ1,58.63,2.44days
23/03/2026 03:45:38,buy,0.03,AUDUSD,0.69890,23/03/2026 04:08:33,0.70084,0.00,0.00,19.40,5.82,5.82,19.40,0.00,0.00,1,Dragon Wave_GZ2,0.38,0.38hrs
20/03/2026 17:30:48,buy,0.02,GBPUSD,1.33121,23/03/2026 04:08:33,1.33354,0.00,-0.07,23.30,4.59,7.70,38.50,-2.83,-13.80,1,Dragon Wave_HZ1,58.63,2.44days
20/03/2026 14:45:43,buy,0.02,GBPCHF,1.05381,23/03/2026 04:00:19,1.05086,0.00,0.16,-29.50,-7.32,0.51,2.00,-17.15,-68.10,1,Dragon Wave_FZ1,61.24,2.55days
23/03/2026 01:15:15,buy,0.03,GBPCHF,1.04894,23/03/2026 04:00:15,1.05088,0.00,0.00,19.40,7.38,7.38,19.40,-6.02,-15.80,1,Dragon Wave_FZ2,2.75,2.75hrs
20/03/2026 21:30:59,sell,0.02,EURNZD,1.98167,23/03/2026 03:07:35,1.98137,0.00,-0.01,3.00,0.34,0.34,3.00,-5.78,-49.50,1,Dragon Wave_CZ1,53.61,2.23days
20/03/2026 21:46:15,buy,0.02,NZDUSD,0.58316,23/03/2026 02:10:36,0.58328,0.00,-0.08,1.20,0.16,0.16,1.20,-4.24,-20.80,1,Dragon Wave_GZ1,52.41,2.18days
23/03/2026 00:15:19,buy,0.02,AUDCAD,0.96147,23/03/2026 01:28:38,0.96229,0.00,0.00,8.20,1.20,1.20,8.20,-3.87,-26.50,1,Dragon Wave_FZ1,1.22,1.22hrs
23/03/2026 00:45:24,buy,0.02,AUDNZD,1.20260,23/03/2026 01:15:47,1.20341,0.00,0.00,8.10,0.95,0.95,8.10,-3.12,-26.80,1,Dragon Wave_FZ1,0.51,0.51hrs
20/03/2026 19:01:57,sell,0.02,EURJPY,183.87900,23/03/2026 00:43:16,183.72600,0.00,-0.12,15.30,1.80,1.80,15.30,-4.98,-39.70,1,Dragon Wave_HZ1,53.69,2.24days
20/03/2026 20:00:32,sell,0.02,EURJPY,184.09000,23/03/2026 00:05:14,183.91400,0.00,-0.12,17.60,2.09,2.09,17.60,-2.34,-18.60,1,Dragon Wave_GZ1,52.08,2.17days
20/03/2026 17:15:52,buy,0.02,GBPCAD,1.82837,20/03/2026 23:31:56,1.83030,0.00,0.00,19.30,2.81,4.18,28.70,-2.56,-17.60,1,Dragon Wave_GZ1,6.27,6.27hrs
20/03/2026 17:16:21,buy,0.02,GBPUSD,1.33224,20/03/2026 23:31:02,1.33380,0.00,0.00,15.60,3.12,5.64,28.20,-3.90,-19.50,1,Dragon Wave_GZ1,6.24,6.24hrs
20/03/2026 17:15:45,buy,0.02,GBPCAD,1.82816,20/03/2026 21:14:24,1.82982,0.00,0.00,16.60,2.42,4.49,30.80,-2.26,-15.50,1,Dragon Wave_FZ1,3.98,3.98hrs
20/03/2026 13:15:49,buy,0.02,GBPCHF,1.05435,20/03/2026 20:54:17,1.05160,0.00,0.00,-27.50,-6.97,0.94,3.70,-12.73,-50.20,1,Dragon Wave_CZ1,7.64,7.64hrs
20/03/2026 19:01:02,buy,0.03,GBPCHF,1.04957,20/03/2026 20:54:14,1.05159,0.00,0.00,20.20,7.69,7.69,20.20,-0.91,-2.40,1,Dragon Wave_CZ2,1.89,1.89hrs
20/03/2026 17:30:37,buy,0.02,GBPUSD,1.33116,20/03/2026 20:31:07,1.33397,0.00,0.00,28.10,5.62,6.64,33.20,-1.74,-8.70,1,Dragon Wave_FZ1,3.01,3.01hrs
20/03/2026 17:16:12,sell,0.02,CADJPY,115.99000,20/03/2026 18:45:51,115.79200,0.00,0.00,19.80,2.49,2.49,19.80,0.00,0.00,1,Dragon Wave_FZ1,1.49,1.49hrs
20/03/2026 17:31:26,buy,0.02,GBPCAD,1.82652,20/03/2026 18:23:47,1.83135,0.00,0.00,48.30,7.04,7.04,48.30,0.00,0.00,1,Dragon Wave_CZ1,0.87,0.87hrs
20/03/2026 17:15:24,sell,0.02,USDJPY,159.13400,20/03/2026 18:13:59,159.04500,0.00,0.00,8.90,1.12,1.12,8.90,-0.49,-3.40,1,Dragon Wave_BZ1,0.98,0.98hrs
20/03/2026 17:15:24,buy,0.02,GBPUSD,1.33265,20/03/2026 18:13:57,1.33279,0.00,0.00,1.40,0.28,0.28,1.40,-3.78,-18.90,1,Dragon Wave_BZ1,0.98,0.98hrs
20/03/2026 17:15:10,buy,0.02,GBPUSD,1.33264,20/03/2026 18:13:51,1.33274,0.00,0.00,1.00,0.20,0.20,1.00,-3.76,-18.80,1,Dragon Wave_AZ1,0.98,0.98hrs
20/03/2026 17:15:57,buy,0.02,NZDCAD,0.80075,20/03/2026 18:11:48,0.80185,0.00,0.00,11.00,1.61,1.61,11.00,-0.34,-2.30,1,Dragon Wave_BZ1,0.93,0.93hrs
20/03/2026 17:00:24,buy,0.02,AUDCAD,0.96659,20/03/2026 18:07:12,0.96677,0.00,0.00,1.80,0.26,0.26,1.80,-2.49,-17.10,1,Dragon Wave_AZ1,1.11,1.11hrs
20/03/2026 17:00:44,buy,0.02,AUDCAD,0.96653,20/03/2026 18:06:15,0.96663,0.00,0.00,1.00,0.14,0.14,1.00,-2.40,-16.50,1,Dragon Wave_BZ1,1.09,1.09hrs
20/03/2026 17:15:18,buy,0.02,GBPCAD,1.82842,20/03/2026 17:49:51,1.82962,0.00,0.00,12.00,1.75,1.75,12.00,-2.64,-18.10,1,Dragon Wave_BZ1,0.58,0.58hrs
20/03/2026 17:31:11,buy,0.02,GBPCAD,1.82667,20/03/2026 17:36:29,1.82820,0.00,0.00,15.30,2.23,2.23,15.30,-0.09,-0.60,1,Dragon Wave_AZ1,0.09,0.09hrs
20/03/2026 17:15:50,sell,0.02,CADCHF,0.57564,20/03/2026 17:35:17,0.57526,0.00,0.00,3.80,0.96,0.96,3.80,-0.33,-1.30,1,Dragon Wave_AZ1,0.32,0.32hrs
20/03/2026 15:16:31,sell,0.02,CHFJPY,201.77400,20/03/2026 17:09:42,201.46900,0.00,0.00,30.50,3.83,3.83,30.50,-1.13,-9.00,1,Dragon Wave_FZ1,1.89,1.89hrs
20/03/2026 13:30:29,sell,0.02,EURGBP,0.86331,20/03/2026 16:54:12,0.86401,0.00,0.00,-7.00,-1.87,0.00,0.00,-4.17,-15.60,1,Dragon Wave_CZ1,3.40,3.40hrs
20/03/2026 16:19:22,sell,0.03,EURGBP,0.86467,20/03/2026 16:54:08,0.86405,0.00,0.00,6.20,2.48,2.48,6.20,-0.48,-1.20,1,Dragon Wave_CZ2,0.58,0.58hrs
20/03/2026 12:46:45,buy,0.02,AUDCAD,0.97037,20/03/2026 15:19:58,0.97126,0.00,0.00,8.90,1.30,1.30,8.90,-3.23,-22.20,1,Dragon Wave_FZ1,2.55,2.55hrs
20/03/2026 13:15:45,buy,0.02,GBPCHF,1.05436,20/03/2026 14:19:47,1.05475,0.00,0.00,3.90,0.99,0.99,3.90,-0.97,-3.80,1,Dragon Wave_BZ1,1.07,1.07hrs
20/03/2026 13:30:32,buy,0.02,AUDCHF,0.55662,20/03/2026 14:19:06,0.55743,0.00,0.00,8.10,2.05,2.05,8.10,-0.56,-2.20,1,Dragon Wave_CZ1,0.81,0.81hrs
20/03/2026 12:45:36,buy,0.02,GBPCAD,1.83703,20/03/2026 14:11:54,1.83720,0.00,0.00,1.70,0.25,0.34,2.30,-3.66,-25.10,1,Dragon Wave_CZ1,1.44,1.44hrs
20/03/2026 12:45:16,buy,0.02,GBPCAD,1.83706,20/03/2026 14:11:50,1.83719,0.00,0.00,1.30,0.19,0.29,2.00,-3.70,-25.40,1,Dragon Wave_BZ1,1.44,1.44hrs
20/03/2026 12:45:51,buy,0.02,NZDCAD,0.80525,20/03/2026 14:11:47,0.80531,0.00,0.00,0.60,0.09,0.09,0.60,-2.56,-17.60,1,Dragon Wave_BZ1,1.43,1.43hrs
20/03/2026 13:15:35,buy,0.02,GBPUSD,1.33721,20/03/2026 14:09:05,1.33875,0.00,0.00,15.40,3.08,3.08,15.40,-1.00,-5.00,1,Dragon Wave_CZ1,0.89,0.89hrs
20/03/2026 12:45:28,buy,0.02,AUDCAD,0.97053,20/03/2026 14:06:22,0.97060,0.00,0.00,0.70,0.10,0.10,0.70,-3.47,-23.80,1,Dragon Wave_BZ1,1.35,1.35hrs
20/03/2026 12:15:31,buy,0.02,NZDCAD,0.80607,20/03/2026 14:05:23,0.80513,0.00,0.00,-9.40,-1.37,0.00,0.00,-3.76,-25.80,1,Dragon Wave_CZ1,1.83,1.83hrs
20/03/2026 13:00:34,buy,0.03,NZDCAD,0.80426,20/03/2026 14:05:19,0.80510,0.00,0.00,8.40,1.83,1.83,8.40,-1.68,-7.70,1,Dragon Wave_CZ2,1.08,1.08hrs
20/03/2026 12:46:32,buy,0.02,AUDCAD,0.97033,20/03/2026 14:05:00,0.97047,0.00,0.00,1.40,0.20,0.20,1.40,-3.18,-21.80,1,Dragon Wave_CZ1,1.31,1.31hrs
20/03/2026 13:15:41,buy,0.02,NZDCHF,0.46194,20/03/2026 14:03:16,0.46221,0.00,0.00,2.70,0.68,0.68,2.70,-0.76,-3.00,1,Dragon Wave_BZ1,0.79,0.79hrs
20/03/2026 13:15:38,buy,0.02,NZDUSD,0.58583,20/03/2026 14:03:16,0.58660,0.00,0.00,7.70,1.54,1.54,7.70,-0.88,-4.40,1,Dragon Wave_CZ1,0.79,0.79hrs
20/03/2026 12:30:20,buy,0.02,AUDCAD,0.97112,20/03/2026 14:02:50,0.96992,0.00,0.00,-12.00,-1.75,0.00,0.00,-4.33,-29.70,1,Dragon Wave_AZ1,1.54,1.54hrs
20/03/2026 13:01:30,buy,0.03,AUDCAD,0.96901,20/03/2026 14:02:46,0.96994,0.00,0.00,9.30,2.04,2.04,9.30,-1.88,-8.60,1,Dragon Wave_AZ2,1.02,1.02hrs
20/03/2026 13:15:09,buy,0.02,EURCHF,0.91024,20/03/2026 13:44:42,0.91083,0.00,0.00,5.90,1.49,1.49,5.90,-0.36,-1.40,1,Dragon Wave_BZ1,0.49,0.49hrs
20/03/2026 13:00:53,sell,0.02,USDJPY,158.85800,20/03/2026 13:41:04,158.74400,0.00,0.00,11.40,1.44,1.44,11.40,-0.48,-3.80,1,Dragon Wave_BZ1,0.67,0.67hrs
19/03/2026 16:46:43,sell,0.02,GBPCAD,1.82700,20/03/2026 13:33:01,1.83440,0.00,-0.19,-74.00,-10.98,0.00,0.00,-29.15,-199.00,1,Dragon Wave_GZ1,20.77,20.77hrs
19/03/2026 17:03:33,sell,0.03,GBPCAD,1.83220,20/03/2026 13:32:58,1.83418,0.00,-0.28,-19.80,-4.61,0.63,2.90,-32.37,-147.00,1,Dragon Wave_GZ2,20.49,20.49hrs
19/03/2026 20:46:34,sell,0.05,GBPCAD,1.83942,20/03/2026 13:32:54,1.83418,0.00,-0.47,52.40,18.62,18.62,52.40,-27.69,-74.80,1,Dragon Wave_GZ3,16.77,16.77hrs
19/03/2026 15:01:16,sell,0.02,GBPCAD,1.82627,20/03/2026 13:32:50,1.83427,0.00,-0.19,-80.00,-11.85,1.65,11.30,-30.22,-206.30,1,Dragon Wave_FZ1,22.53,22.53hrs
19/03/2026 17:03:29,sell,0.03,GBPCAD,1.83211,20/03/2026 13:32:45,1.83431,0.00,-0.28,-22.00,-5.09,0.44,2.00,-32.57,-147.90,1,Dragon Wave_FZ2,20.49,20.49hrs
19/03/2026 20:46:20,sell,0.05,GBPCAD,1.83944,20/03/2026 13:32:41,1.83426,0.00,-0.47,51.80,18.41,18.41,51.80,-27.61,-74.60,1,Dragon Wave_FZ3,16.77,16.77hrs
20/03/2026 05:15:08,sell,0.02,NZDJPY,93.02300,20/03/2026 13:10:32,93.01100,0.00,0.00,1.20,0.15,0.15,1.20,-3.50,-27.70,1,Dragon Wave_BZ1,7.92,7.92hrs
20/03/2026 05:15:51,sell,0.02,NZDJPY,93.03700,20/03/2026 13:10:22,93.02700,0.00,0.00,1.00,0.12,0.12,1.00,-3.32,-26.30,1,Dragon Wave_CZ1,7.91,7.91hrs
19/03/2026 17:03:47,sell,0.02,GBPCAD,1.83197,20/03/2026 13:01:34,1.83518,0.00,-0.19,-32.10,-4.86,0.09,0.60,-21.92,-149.30,1,Dragon Wave_HZ1,19.96,19.96hrs
19/03/2026 20:30:55,sell,0.03,GBPCAD,1.83830,20/03/2026 13:01:30,1.83515,0.00,-0.28,31.50,6.61,6.61,31.50,-19.06,-86.00,1,Dragon Wave_HZ2,16.51,16.51hrs
19/03/2026 22:01:30,sell,0.02,NZDUSD,0.58674,20/03/2026 12:53:50,0.58663,0.00,0.01,1.10,0.23,0.23,1.10,-4.91,-24.60,1,Dragon Wave_FZ1,14.87,14.87hrs
19/03/2026 22:01:53,sell,0.02,NZDUSD,0.58681,20/03/2026 12:53:36,0.58668,0.00,0.01,1.30,0.27,0.27,1.30,-4.77,-23.90,1,Dragon Wave_GZ1,14.86,14.86hrs
19/03/2026 20:16:30,sell,0.02,EURCAD,1.58469,20/03/2026 12:47:21,1.58458,0.00,-0.03,1.10,0.13,0.13,1.10,-12.11,-83.00,1,Dragon Wave_GZ1,16.51,16.51hrs
19/03/2026 22:02:38,sell,0.02,NZDCAD,0.80542,20/03/2026 12:41:09,0.80533,0.00,-0.03,0.90,0.10,0.10,0.90,-5.32,-36.30,1,Dragon Wave_HZ1,14.64,14.64hrs
19/03/2026 20:32:25,sell,0.02,NZDCAD,0.80280,20/03/2026 12:41:03,0.80531,0.00,-0.03,-25.10,-3.69,0.28,1.90,-9.13,-62.50,1,Dragon Wave_GZ1,16.14,16.14hrs
19/03/2026 22:19:11,sell,0.03,NZDCAD,0.80732,20/03/2026 12:40:59,0.80534,0.00,-0.05,19.80,4.28,4.28,19.80,-3.83,-17.30,1,Dragon Wave_GZ2,14.36,14.36hrs
19/03/2026 22:19:44,sell,0.02,NZDUSD,0.58859,20/03/2026 12:06:02,0.58768,0.00,0.01,9.10,1.83,3.77,18.80,-1.21,-6.10,1,Dragon Wave_HZ1,13.77,13.77hrs
19/03/2026 21:16:25,sell,0.02,NZDCAD,0.80322,20/03/2026 12:05:15,0.80636,0.00,-0.03,-31.40,-4.61,0.29,2.00,-8.52,-58.30,1,Dragon Wave_FZ1,14.81,14.81hrs
20/03/2026 04:01:23,sell,0.03,NZDCAD,0.80872,20/03/2026 12:05:11,0.80637,0.00,0.00,23.50,5.14,5.14,23.50,-0.72,-3.30,1,Dragon Wave_FZ2,8.06,8.06hrs
19/03/2026 17:03:56,sell,0.02,GBPCHF,1.05811,20/03/2026 12:04:38,1.05789,0.00,-0.43,2.20,0.13,3.77,14.80,-7.65,-28.50,1,Dragon Wave_GZ1,19.01,19.01hrs
19/03/2026 20:46:37,sell,0.02,EURCAD,1.58663,20/03/2026 12:01:40,1.58656,0.00,-0.03,0.70,0.07,0.07,0.70,-9.29,-63.60,1,Dragon Wave_HZ1,15.25,15.25hrs
19/03/2026 11:16:39,buy,0.02,CADJPY,115.81700,20/03/2026 11:54:06,115.54400,0.00,0.04,-27.30,-3.40,2.01,16.00,-13.97,-110.40,1,Dragon Wave_FZ1,24.62,1.03days
19/03/2026 17:00:51,buy,0.03,CADJPY,115.32000,20/03/2026 11:54:01,115.54300,0.00,0.06,22.30,4.28,4.28,22.30,-11.49,-60.70,1,Dragon Wave_FZ2,18.89,18.89hrs
20/03/2026 05:30:54,sell,0.02,CADJPY,115.30300,20/03/2026 09:33:10,115.29400,0.00,0.00,0.90,0.12,0.12,0.90,-0.87,-6.90,1,Dragon Wave_BZ1,4.04,4.04hrs
20/03/2026 08:45:19,sell,0.02,USDJPY,158.40100,20/03/2026 09:06:20,158.37400,0.00,0.00,2.70,0.34,0.34,2.70,-0.43,-3.40,1,Dragon Wave_CZ1,0.35,0.35hrs
19/03/2026 16:16:58,buy,0.02,USDJPY,158.87100,20/03/2026 09:01:05,158.41400,0.00,0.13,-45.70,-5.64,0.00,0.00,-16.36,-128.90,1,Dragon Wave_GZ1,16.74,16.74hrs
19/03/2026 17:03:17,buy,0.03,USDJPY,158.10900,20/03/2026 09:01:01,158.41300,0.00,0.20,30.40,5.96,7.82,41.30,-10.03,-52.70,1,Dragon Wave_GZ2,15.96,15.96hrs
19/03/2026 17:01:14,sell,0.02,GBPUSD,1.33648,20/03/2026 08:52:39,1.33997,0.00,-0.08,-34.90,-7.06,5.14,25.20,-15.68,-78.00,1,Dragon Wave_GZ1,15.86,15.86hrs
19/03/2026 22:03:11,sell,0.03,GBPUSD,1.34282,20/03/2026 08:52:35,1.33997,0.00,-0.11,28.50,8.44,8.44,28.50,-4.49,-14.60,1,Dragon Wave_GZ2,10.82,10.82hrs
19/03/2026 17:01:06,sell,0.02,GBPUSD,1.33617,20/03/2026 08:51:02,1.34005,0.00,-0.08,-38.80,-7.84,4.52,22.10,-16.30,-81.10,1,Dragon Wave_FZ1,15.83,15.83hrs
19/03/2026 22:02:52,sell,0.03,GBPUSD,1.34312,20/03/2026 08:50:59,1.34006,0.00,-0.11,30.60,9.07,9.07,30.60,-3.59,-11.60,1,Dragon Wave_FZ2,10.80,10.80hrs
20/03/2026 06:00:32,buy,0.02,GBPCAD,1.84081,20/03/2026 08:25:27,1.84102,0.00,0.00,2.10,0.31,0.31,2.10,-0.66,-4.50,1,Dragon Wave_BZ1,2.42,2.42hrs
20/03/2026 07:00:15,sell,0.02,USDJPY,158.38900,20/03/2026 08:02:35,158.36200,0.00,0.00,2.70,0.34,0.35,2.80,-0.22,-1.70,1,Dragon Wave_BZ1,1.04,1.04hrs
19/03/2026 22:03:39,sell,0.02,GBPUSD,1.34310,20/03/2026 07:45:57,1.34056,0.00,-0.08,25.40,5.00,5.18,26.30,-2.44,-11.80,1,Dragon Wave_HZ1,9.71,9.71hrs
20/03/2026 03:45:30,buy,0.02,AUDNZD,1.20425,20/03/2026 07:45:40,1.20466,0.00,0.00,4.10,0.48,0.48,4.10,-0.95,-8.10,1,Dragon Wave_FZ1,4.00,4.00hrs
20/03/2026 06:00:44,buy,0.02,EURNZD,1.96445,20/03/2026 07:23:00,1.96563,0.00,0.00,11.80,1.39,1.39,11.80,-0.35,-3.00,1,Dragon Wave_CZ1,1.37,1.37hrs
20/03/2026 06:01:22,buy,0.02,GBPNZD,2.27839,20/03/2026 07:22:45,2.27973,0.00,0.00,13.40,1.58,1.58,13.40,-0.33,-2.80,1,Dragon Wave_CZ1,1.36,1.36hrs
20/03/2026 06:01:01,buy,0.02,GBPNZD,2.27833,20/03/2026 07:08:39,2.27904,0.00,0.00,7.10,0.84,0.84,7.10,-0.26,-2.20,1,Dragon Wave_BZ1,1.13,1.13hrs
19/03/2026 20:32:17,sell,0.02,EURUSD,1.15583,20/03/2026 07:01:31,1.15572,0.00,0.05,1.10,0.27,1.18,6.00,-7.11,-35.80,1,Dragon Wave_GZ1,10.49,10.49hrs
19/03/2026 20:46:38,sell,0.02,EURUSD,1.15599,20/03/2026 06:45:55,1.15586,0.00,0.05,1.30,0.31,1.50,7.60,-6.79,-34.20,1,Dragon Wave_HZ1,9.99,9.99hrs
20/03/2026 05:30:46,sell,0.02,CADJPY,115.30100,20/03/2026 06:45:41,115.29800,0.00,0.00,0.30,0.04,0.04,0.30,-0.66,-5.20,1,Dragon Wave_AZ1,1.25,1.25hrs
19/03/2026 20:45:54,sell,0.02,EURUSD,1.15600,20/03/2026 06:31:31,1.15601,0.00,0.05,-0.10,0.03,1.52,7.70,-6.77,-34.10,1,Dragon Wave_FZ1,9.76,9.76hrs
19/03/2026 15:00:26,sell,0.02,GBPAUD,1.88954,20/03/2026 05:55:57,1.89227,0.00,-0.03,-27.30,-3.90,0.97,6.90,-15.19,-107.70,1,Dragon Wave_AZ1,14.93,14.93hrs
19/03/2026 15:45:08,sell,0.03,GBPAUD,1.89428,20/03/2026 05:55:53,1.89225,0.00,-0.05,20.30,4.27,4.27,20.30,-12.76,-60.30,1,Dragon Wave_AZ2,14.18,14.18hrs
19/03/2026 20:47:27,sell,0.02,GBPCHF,1.05924,20/03/2026 05:46:27,1.05812,0.00,-0.43,11.20,2.41,2.64,12.10,-4.79,-17.20,1,Dragon Wave_HZ1,8.98,8.98hrs
19/03/2026 16:33:12,buy,0.02,CADJPY,115.58000,20/03/2026 05:16:06,115.21700,0.00,0.04,-36.30,-4.55,0.00,0.00,-10.96,-86.70,1,Dragon Wave_GZ1,12.71,12.71hrs
19/03/2026 21:30:49,buy,0.03,CADJPY,114.90800,20/03/2026 05:16:03,115.21700,0.00,0.06,30.90,5.93,5.93,31.00,-3.65,-19.50,1,Dragon Wave_GZ2,7.75,7.75hrs
19/03/2026 16:34:13,buy,0.02,CADJPY,115.57200,20/03/2026 05:13:40,115.19600,0.00,0.04,-37.60,-4.72,0.00,0.00,-10.86,-85.90,1,Dragon Wave_HZ1,12.66,12.66hrs
19/03/2026 21:31:29,buy,0.03,CADJPY,114.91900,20/03/2026 05:13:34,115.19700,0.00,0.06,27.80,5.33,5.33,27.80,-3.86,-20.60,1,Dragon Wave_HZ2,7.70,7.70hrs
19/03/2026 17:03:50,buy,0.02,USDJPY,158.08600,20/03/2026 05:01:40,158.15300,0.00,0.13,6.70,0.98,5.50,43.60,-6.40,-50.40,1,Dragon Wave_HZ1,11.96,11.96hrs
19/03/2026 22:18:36,buy,0.02,USDCHF,0.78629,20/03/2026 04:47:40,0.78857,0.00,0.16,22.80,5.94,6.98,26.90,0.00,0.00,1,Dragon Wave_GZ1,6.48,6.48hrs
19/03/2026 20:16:19,sell,0.02,EURCAD,1.58472,20/03/2026 04:20:48,1.58911,0.00,-0.03,-43.90,-6.43,0.12,0.80,-12.07,-82.70,1,Dragon Wave_FZ1,8.07,8.07hrs
19/03/2026 23:30:36,sell,0.03,EURCAD,1.59249,20/03/2026 04:20:40,1.58908,0.00,-0.04,34.10,7.41,7.41,34.10,-1.13,-5.00,1,Dragon Wave_FZ2,4.83,4.83hrs
19/03/2026 17:47:47,buy,0.02,AUDNZD,1.20649,20/03/2026 02:16:11,1.20736,0.00,0.05,8.70,1.08,1.28,10.50,-2.56,-22.20,1,Dragon Wave_HZ1,8.47,8.47hrs
19/03/2026 22:01:17,buy,0.02,USDCHF,0.78856,20/03/2026 01:45:50,0.78855,0.00,0.16,-0.10,0.13,0.13,0.30,-3.37,-13.90,1,Dragon Wave_FZ1,3.74,3.74hrs
19/03/2026 16:17:04,buy,0.02,AUDNZD,1.20716,20/03/2026 01:31:11,1.20719,0.00,0.05,0.30,0.08,0.08,0.30,-3.35,-28.90,1,Dragon Wave_GZ1,9.24,9.24hrs
19/03/2026 16:16:04,buy,0.02,AUDNZD,1.20707,20/03/2026 01:31:08,1.20719,0.00,0.05,1.20,0.19,0.19,1.20,-3.24,-28.00,1,Dragon Wave_CZ1,9.25,9.25hrs
19/03/2026 17:03:22,sell,0.02,GBPCHF,1.05853,19/03/2026 22:13:57,1.05802,0.00,0.00,5.10,1.30,4.83,19.00,-3.77,-14.90,1,Dragon Wave_FZ1,5.18,5.18hrs
19/03/2026 17:03:17,buy,0.02,CHFJPY,199.63200,19/03/2026 22:08:21,200.37200,0.00,0.00,74.00,9.39,10.07,79.80,-1.57,-12.40,1,Dragon Wave_HZ1,5.08,5.08hrs
19/03/2026 15:31:54,sell,0.02,GBPAUD,1.89436,19/03/2026 22:07:07,1.89397,0.00,0.00,3.90,0.56,1.54,11.00,-8.39,-59.50,1,Dragon Wave_FZ1,6.59,6.59hrs
19/03/2026 17:02:16,buy,0.02,AUDNZD,1.20674,19/03/2026 22:01:51,1.20692,0.00,0.00,1.80,0.22,0.50,4.30,-1.03,-8.80,1,Dragon Wave_FZ1,4.99,4.99hrs
19/03/2026 15:32:05,sell,0.02,GBPAUD,1.89416,19/03/2026 22:01:51,1.89570,0.00,0.00,-15.40,-2.18,1.26,9.00,-8.67,-61.50,1,Dragon Wave_GZ1,6.50,6.50hrs
19/03/2026 20:15:32,sell,0.03,GBPAUD,1.89997,19/03/2026 22:01:47,1.89575,0.00,0.00,42.20,8.97,8.97,42.20,-0.72,-3.40,1,Dragon Wave_GZ2,1.77,1.77hrs
19/03/2026 18:02:36,buy,0.02,EURGBP,0.86164,19/03/2026 21:58:10,0.86313,0.00,0.00,14.90,4.00,4.00,14.90,-1.29,-4.80,1,Dragon Wave_HZ1,3.93,3.93hrs
19/03/2026 17:04:22,buy,0.02,EURGBP,0.86212,19/03/2026 21:57:49,0.86297,0.00,0.00,8.50,2.28,2.28,8.50,-2.57,-9.60,1,Dragon Wave_GZ1,4.89,4.89hrs
19/03/2026 16:33:47,buy,0.02,EURJPY,182.08800,19/03/2026 21:57:21,182.57200,0.00,0.00,48.40,6.14,6.14,48.40,-0.15,-1.20,1,Dragon Wave_HZ1,5.39,5.39hrs
19/03/2026 18:02:14,buy,0.02,EURGBP,0.86163,19/03/2026 19:48:23,0.86278,0.00,0.00,11.50,3.07,3.07,11.50,-1.26,-4.70,1,Dragon Wave_FZ1,1.77,1.77hrs
19/03/2026 12:47:27,buy,0.02,CHFJPY,200.26400,19/03/2026 18:23:45,200.43700,0.00,0.00,17.30,2.18,4.21,33.50,-4.26,-34.10,1,Dragon Wave_GZ1,5.61,5.61hrs
19/03/2026 17:02:06,buy,0.02,USDJPY,158.13700,19/03/2026 18:22:56,158.43800,0.00,0.00,30.10,3.80,3.80,30.10,0.00,0.00,1,Dragon Wave_CZ1,1.35,1.35hrs
19/03/2026 12:46:23,buy,0.02,CHFJPY,200.27200,19/03/2026 18:18:11,200.34600,0.00,0.00,7.40,0.93,4.11,32.70,-4.36,-34.90,1,Dragon Wave_FZ1,5.53,5.53hrs
19/03/2026 17:01:14,buy,0.02,USDJPY,158.14100,19/03/2026 18:18:05,158.37600,0.00,0.00,23.50,2.97,3.31,25.80,0.00,0.00,1,Dragon Wave_BZ1,1.28,1.28hrs
19/03/2026 15:32:34,sell,0.02,EURAUD,1.63501,19/03/2026 18:16:47,1.63366,0.00,0.00,13.50,1.90,2.05,14.50,-8.21,-58.60,1,Dragon Wave_FZ1,2.74,2.74hrs
19/03/2026 16:16:07,sell,0.03,EURAUD,1.63924,19/03/2026 18:16:39,1.63364,0.00,0.00,56.00,11.86,12.02,56.80,0.00,0.00,1,Dragon Wave_FZ2,2.01,2.01hrs
19/03/2026 16:32:43,buy,0.02,EURJPY,182.18700,19/03/2026 18:14:08,182.54600,0.00,0.00,35.90,4.53,4.53,35.90,0.00,0.00,1,Dragon Wave_GZ1,1.69,1.69hrs
19/03/2026 15:46:12,sell,0.02,GBPNZD,2.29093,19/03/2026 17:42:10,2.28671,0.00,0.00,42.20,4.93,4.93,42.20,-1.75,-15.10,1,Dragon Wave_FZ1,1.93,1.93hrs
19/03/2026 16:47:04,sell,0.02,GBPAUD,1.89756,19/03/2026 17:40:58,1.89519,0.00,0.00,23.70,3.34,3.34,23.70,0.00,0.00,1,Dragon Wave_CZ1,0.90,0.90hrs
19/03/2026 11:15:47,buy,0.02,NZDJPY,92.42600,19/03/2026 17:37:18,92.45000,0.00,0.00,2.40,0.30,3.22,25.60,-3.56,-28.30,1,Dragon Wave_FZ1,6.36,6.36hrs
19/03/2026 15:32:09,sell,0.02,EURAUD,1.63540,19/03/2026 17:02:52,1.63387,0.00,0.00,15.30,2.16,2.16,15.30,-7.66,-54.70,1,Dragon Wave_CZ1,1.51,1.51hrs
19/03/2026 16:15:34,sell,0.03,EURAUD,1.64112,19/03/2026 17:02:47,1.63423,0.00,0.00,68.90,14.57,14.57,68.90,0.00,0.00,1,Dragon Wave_CZ2,0.79,0.79hrs
19/03/2026 15:31:01,sell,0.02,EURAUD,1.63489,19/03/2026 17:02:32,1.63418,0.00,0.00,7.10,1.00,1.00,7.10,-8.37,-59.80,1,Dragon Wave_BZ1,1.53,1.53hrs
19/03/2026 15:30:43,sell,0.02,EURAUD,1.63486,19/03/2026 17:02:20,1.63451,0.00,0.00,3.50,0.49,0.49,3.50,-8.42,-60.10,1,Dragon Wave_AZ1,1.53,1.53hrs
19/03/2026 16:15:38,buy,0.02,AUDJPY,111.23800,19/03/2026 17:01:59,111.45800,0.00,0.00,22.00,2.78,2.78,22.00,0.00,0.00,1,Dragon Wave_CZ1,0.77,0.77hrs
18/03/2026 20:16:23,sell,0.02,USDCHF,0.79029,19/03/2026 16:54:28,0.79258,0.00,-0.84,-22.90,-6.62,1.16,4.60,-14.69,-55.10,1,Dragon Wave_FZ1,20.63,20.63hrs
19/03/2026 12:46:08,sell,0.03,USDCHF,0.79484,19/03/2026 16:54:23,0.79274,0.00,0.00,21.00,7.95,7.95,21.00,-3.62,-9.60,1,Dragon Wave_FZ2,4.14,4.14hrs
18/03/2026 20:16:52,sell,0.02,USDCHF,0.79026,19/03/2026 16:54:04,0.79291,0.00,-0.84,-26.50,-7.52,1.09,4.30,-14.76,-55.40,1,Dragon Wave_GZ1,20.62,20.62hrs
18/03/2026 19:00:55,sell,0.02,CADCHF,0.57608,19/03/2026 16:54:03,0.57752,0.00,-0.41,-14.40,-4.05,0.00,0.00,-8.70,-33.00,1,Dragon Wave_FZ1,21.89,21.89hrs
19/03/2026 12:46:17,sell,0.03,USDCHF,0.79492,19/03/2026 16:53:59,0.79291,0.00,0.00,20.10,7.60,7.60,20.10,-3.32,-8.80,1,Dragon Wave_GZ2,4.13,4.13hrs
19/03/2026 12:45:52,sell,0.03,CADCHF,0.57864,19/03/2026 16:53:57,0.57752,0.00,0.00,11.20,4.24,4.24,11.20,-2.79,-7.40,1,Dragon Wave_FZ2,4.13,4.13hrs
18/03/2026 20:17:13,sell,0.02,USDCHF,0.79020,19/03/2026 16:53:50,0.79289,0.00,-0.84,-26.90,-7.63,0.94,3.70,-14.91,-56.00,1,Dragon Wave_HZ1,20.61,20.61hrs
19/03/2026 12:46:53,sell,0.03,USDCHF,0.79494,19/03/2026 16:53:46,0.79291,0.00,0.00,20.30,7.68,7.68,20.30,-3.24,-8.60,1,Dragon Wave_HZ2,4.11,4.11hrs
19/03/2026 16:15:50,buy,0.02,AUDCAD,0.96133,19/03/2026 16:53:28,0.96528,0.00,0.00,39.50,5.75,5.75,39.50,0.00,0.00,1,Dragon Wave_GZ1,0.63,0.63hrs
19/03/2026 16:15:32,buy,0.02,AUDCAD,0.96117,19/03/2026 16:53:22,0.96511,0.00,0.00,39.40,5.74,5.74,39.40,0.00,0.00,1,Dragon Wave_FZ1,0.63,0.63hrs
19/03/2026 12:45:40,sell,0.02,GBPCHF,1.05483,19/03/2026 16:33:42,1.05483,0.00,0.00,0.00,0.00,2.14,8.50,-5.46,-21.70,1,Dragon Wave_BZ1,3.80,3.80hrs
19/03/2026 15:31:14,sell,0.02,GBPNZD,2.29007,19/03/2026 16:32:45,2.28754,0.00,0.00,25.30,2.94,2.94,25.30,-2.75,-23.70,1,Dragon Wave_CZ1,1.03,1.03hrs
19/03/2026 15:46:03,sell,0.02,EURNZD,1.97852,19/03/2026 16:29:26,1.97560,0.00,0.00,29.20,3.39,3.39,29.20,-2.11,-18.20,1,Dragon Wave_CZ1,0.72,0.72hrs
19/03/2026 15:45:31,sell,0.02,EURNZD,1.97876,19/03/2026 16:17:51,1.97621,0.00,0.00,25.50,2.96,2.96,25.50,-1.83,-15.80,1,Dragon Wave_BZ1,0.54,0.54hrs
19/03/2026 14:01:51,sell,0.02,AUDCHF,0.56090,19/03/2026 15:23:28,0.55849,0.00,0.00,24.10,6.06,6.06,24.10,-0.15,-0.60,1,Dragon Wave_HZ1,1.36,1.36hrs
19/03/2026 12:47:30,sell,0.02,AUDCHF,0.56069,19/03/2026 15:22:11,0.55868,0.00,0.00,20.10,5.06,5.06,20.10,-1.01,-4.10,1,Dragon Wave_GZ1,2.58,2.58hrs
19/03/2026 12:46:27,sell,0.02,EURCHF,0.91167,19/03/2026 15:21:20,0.91159,0.00,0.00,0.80,0.20,2.85,11.30,-3.07,-12.20,1,Dragon Wave_BZ1,2.58,2.58hrs
19/03/2026 12:47:16,sell,0.02,AUDCHF,0.56056,19/03/2026 15:18:13,0.55922,0.00,0.00,13.40,3.37,3.62,14.50,-1.33,-5.40,1,Dragon Wave_FZ1,2.52,2.52hrs
19/03/2026 12:47:07,sell,0.02,EURCHF,0.91180,19/03/2026 15:12:57,0.91168,0.00,0.00,1.20,0.30,3.18,12.60,-2.74,-10.90,1,Dragon Wave_CZ1,2.43,2.43hrs
19/03/2026 12:16:07,sell,0.02,AUDNZD,1.21129,19/03/2026 14:39:42,1.21122,0.00,0.00,0.70,0.08,0.08,0.70,-1.51,-13.00,1,Dragon Wave_BZ1,2.39,2.39hrs
19/03/2026 12:47:41,sell,0.02,AUDCAD,0.96866,19/03/2026 14:19:41,0.96700,0.00,0.00,16.60,2.42,2.42,16.60,-1.37,-9.10,1,Dragon Wave_FZ1,1.53,1.53hrs
19/03/2026 12:46:55,sell,0.02,AUDCHF,0.56038,19/03/2026 14:08:32,0.56012,0.00,0.00,2.60,0.65,1.49,5.90,-1.79,-7.20,1,Dragon Wave_CZ1,1.36,1.36hrs
19/03/2026 11:16:24,buy,0.02,CADJPY,115.81900,19/03/2026 12:26:40,115.95700,0.00,0.00,13.80,1.74,1.98,15.80,-0.01,0.00,1,Dragon Wave_CZ1,1.17,1.17hrs
19/03/2026 12:16:19,sell,0.02,AUDCAD,0.96783,19/03/2026 12:26:37,0.96716,0.00,0.00,6.70,0.97,0.97,6.70,-1.02,-7.00,1,Dragon Wave_CZ1,0.17,0.17hrs
19/03/2026 11:15:49,buy,0.02,AUDJPY,111.87900,19/03/2026 12:22:36,112.27300,0.00,0.00,39.40,4.95,4.95,39.40,0.00,0.00,1,Dragon Wave_GZ1,1.11,1.11hrs
19/03/2026 11:01:18,buy,0.02,AUDJPY,111.97300,19/03/2026 12:21:58,112.24400,0.00,0.00,27.10,3.41,3.41,27.10,-2.02,-16.10,1,Dragon Wave_FZ1,1.34,1.34hrs
19/03/2026 11:00:51,buy,0.02,NZDJPY,92.51200,19/03/2026 12:21:35,92.62600,0.00,0.00,11.40,1.43,1.43,11.40,-1.61,-12.80,1,Dragon Wave_CZ1,1.35,1.35hrs
19/03/2026 11:30:43,buy,0.02,EURJPY,182.37200,19/03/2026 12:21:16,182.55200,0.00,0.00,18.00,2.26,2.26,18.00,-0.38,-3.00,1,Dragon Wave_CZ1,0.84,0.84hrs
19/03/2026 11:00:23,buy,0.02,NZDJPY,92.50000,19/03/2026 11:20:48,92.53500,0.00,0.00,3.50,0.44,0.44,3.50,-1.46,-11.60,1,Dragon Wave_BZ1,0.34,0.34hrs
18/03/2026 20:16:04,sell,0.02,CADCHF,0.57659,19/03/2026 10:32:12,0.57647,0.00,-0.41,1.20,-0.11,0.56,2.20,-5.27,-19.30,1,Dragon Wave_GZ1,14.27,14.27hrs
18/03/2026 22:02:14,sell,0.02,CADCHF,0.57761,19/03/2026 10:23:05,0.57668,0.00,-0.41,9.30,1.93,1.93,9.30,-2.70,-9.10,1,Dragon Wave_HZ1,12.35,12.35hrs
19/03/2026 05:16:03,sell,0.02,NZDCAD,0.79831,19/03/2026 08:41:18,0.79824,0.00,0.00,0.70,0.10,0.10,0.70,-1.15,-7.90,1,Dragon Wave_CZ1,3.42,3.42hrs
19/03/2026 07:45:14,sell,0.02,NZDCHF,0.46113,19/03/2026 08:40:11,0.46102,0.00,0.00,1.10,0.28,0.28,1.10,-0.45,-1.80,1,Dragon Wave_CZ1,0.92,0.92hrs
18/03/2026 15:30:50,buy,0.02,AUDCAD,0.96920,19/03/2026 05:30:04,0.96751,0.00,0.18,-16.90,-2.28,1.87,12.80,-7.66,-52.60,1,Dragon Wave_HZ1,13.99,13.99hrs
18/03/2026 22:46:16,buy,0.03,AUDCAD,0.96624,19/03/2026 05:29:59,0.96754,0.00,0.27,13.00,3.12,3.12,13.00,-5.02,-23.00,1,Dragon Wave_HZ2,6.73,6.73hrs
18/03/2026 15:31:10,buy,0.02,NZDCAD,0.79928,19/03/2026 05:07:56,0.79811,0.00,-0.04,-11.70,-1.74,2.61,17.90,-7.07,-48.20,1,Dragon Wave_HZ1,13.61,13.61hrs
18/03/2026 22:31:58,buy,0.03,NZDCAD,0.79720,19/03/2026 05:07:52,0.79816,0.00,-0.06,9.60,2.04,2.21,10.40,-6.05,-27.40,1,Dragon Wave_HZ2,6.60,6.60hrs
18/03/2026 16:00:49,buy,0.02,AUDUSD,0.70584,19/03/2026 05:07:48,0.70484,0.00,-0.11,-10.00,-2.11,5.00,25.00,-8.00,-40.00,1,Dragon Wave_HZ1,13.12,13.12hrs
18/03/2026 23:16:22,buy,0.03,AUDUSD,0.70295,19/03/2026 05:07:43,0.70485,0.00,-0.17,19.00,5.53,5.53,19.00,-3.33,-11.10,1,Dragon Wave_HZ2,5.86,5.86hrs
19/03/2026 04:30:51,sell,0.02,NZDCAD,0.79823,19/03/2026 05:00:51,0.79757,0.00,0.00,6.60,0.96,0.96,6.60,-0.16,-1.10,1,Dragon Wave_BZ1,0.50,0.50hrs
19/03/2026 04:30:20,sell,0.02,NZDUSD,0.58201,19/03/2026 04:59:10,0.58154,0.00,0.00,4.70,0.94,0.94,4.70,-0.32,-1.60,1,Dragon Wave_BZ1,0.48,0.48hrs
19/03/2026 04:00:34,sell,0.02,NZDJPY,92.96900,19/03/2026 04:57:08,92.85300,0.00,0.00,11.60,1.46,1.46,11.60,-0.21,-1.70,1,Dragon Wave_BZ1,0.94,0.94hrs
19/03/2026 03:16:03,sell,0.02,AUDCAD,0.96592,19/03/2026 03:22:10,0.96551,0.00,0.00,4.10,0.59,0.59,4.10,-0.09,-0.60,1,Dragon Wave_BZ1,0.10,0.10hrs
19/03/2026 03:15:36,sell,0.02,AUDCAD,0.96582,19/03/2026 03:22:05,0.96560,0.00,0.00,2.20,0.32,0.32,2.20,-0.23,-1.60,1,Dragon Wave_AZ1,0.11,0.11hrs
18/03/2026 20:15:36,sell,0.02,AUDCHF,0.55902,18/03/2026 21:47:58,0.55894,0.00,0.00,0.80,0.20,0.20,0.80,-1.54,-6.10,1,Dragon Wave_BZ1,1.54,1.54hrs
18/03/2026 15:30:39,buy,0.02,AUDCAD,0.96895,18/03/2026 21:01:53,0.97065,0.00,0.00,17.00,2.48,2.48,17.00,-2.67,-18.50,1,Dragon Wave_GZ1,5.52,5.52hrs
18/03/2026 18:01:17,sell,0.02,CADJPY,116.41700,18/03/2026 20:55:21,116.35700,0.00,0.00,6.00,0.75,0.84,6.70,-1.04,-8.30,1,Dragon Wave_FZ1,2.90,2.90hrs
18/03/2026 16:16:05,sell,0.02,EURAUD,1.63090,18/03/2026 19:15:49,1.62639,0.00,0.00,45.10,6.39,6.39,45.10,0.00,0.00,1,Dragon Wave_GZ1,3.00,3.00hrs
18/03/2026 15:30:40,buy,0.02,AUDUSD,0.70725,18/03/2026 18:07:13,0.70873,0.00,0.00,14.80,2.96,2.96,14.80,-4.22,-21.20,1,Dragon Wave_GZ1,2.61,2.61hrs
18/03/2026 15:30:57,buy,0.02,NZDCAD,0.79932,18/03/2026 18:07:07,0.80113,0.00,0.00,18.10,2.64,2.64,18.10,-2.22,-15.20,1,Dragon Wave_GZ1,2.60,2.60hrs
18/03/2026 16:15:47,buy,0.03,AUDUSD,0.70498,18/03/2026 18:07:03,0.70876,0.00,0.00,37.80,11.34,11.34,37.80,0.00,0.00,1,Dragon Wave_GZ2,1.85,1.85hrs
18/03/2026 16:01:27,buy,0.02,NZDUSD,0.58214,18/03/2026 18:06:54,0.58491,0.00,0.00,27.70,5.54,5.54,27.70,-0.92,-4.50,1,Dragon Wave_HZ1,2.09,2.09hrs
18/03/2026 16:01:19,buy,0.02,NZDUSD,0.58211,18/03/2026 18:05:55,0.58475,0.00,0.00,26.40,5.28,5.28,26.40,-0.86,-4.20,1,Dragon Wave_GZ1,2.08,2.08hrs
18/03/2026 15:30:31,buy,0.02,AUDCAD,0.96894,18/03/2026 18:05:53,0.97038,0.00,0.00,14.40,2.10,2.10,14.40,-2.65,-18.40,1,Dragon Wave_FZ1,2.59,2.59hrs
18/03/2026 14:30:17,buy,0.02,AUDCAD,0.97157,18/03/2026 18:04:26,0.97004,0.00,0.00,-15.30,-2.23,1.05,7.20,-6.49,-44.70,1,Dragon Wave_CZ1,3.57,3.57hrs
18/03/2026 15:45:41,buy,0.03,AUDCAD,0.96876,18/03/2026 18:04:21,0.97005,0.00,0.00,12.90,2.82,2.82,12.90,-3.59,-16.60,1,Dragon Wave_CZ2,2.31,2.31hrs
18/03/2026 15:30:28,buy,0.02,AUDUSD,0.70734,18/03/2026 18:03:23,0.70787,0.00,0.00,5.30,1.06,1.38,6.90,-4.40,-22.10,1,Dragon Wave_FZ1,2.55,2.55hrs
18/03/2026 16:00:29,sell,0.02,EURAUD,1.63037,18/03/2026 18:02:11,1.62740,0.00,0.00,29.70,4.20,4.20,30.30,-0.82,-5.80,1,Dragon Wave_FZ1,2.03,2.03hrs
18/03/2026 16:01:08,sell,0.02,GBPAUD,1.88656,18/03/2026 18:01:56,1.88332,0.00,0.00,32.40,4.59,4.59,36.50,-1.78,-12.60,1,Dragon Wave_FZ1,2.01,2.01hrs
18/03/2026 15:30:23,buy,0.02,NZDCAD,0.79921,18/03/2026 18:01:14,0.80046,0.00,0.00,12.50,1.82,1.82,12.50,-2.06,-14.10,1,Dragon Wave_FZ1,2.51,2.51hrs
18/03/2026 16:15:31,sell,0.02,USDJPY,159.57000,18/03/2026 17:59:47,159.43600,0.00,0.00,13.40,1.68,1.68,13.40,0.00,0.00,1,Dragon Wave_CZ1,1.74,1.74hrs
18/03/2026 16:01:01,buy,0.02,NZDUSD,0.58222,18/03/2026 17:59:40,0.58411,0.00,0.00,18.90,3.78,3.78,18.90,-1.08,-5.30,1,Dragon Wave_FZ1,1.98,1.98hrs
18/03/2026 15:15:54,sell,0.02,EURAUD,1.62763,18/03/2026 17:59:36,1.62728,0.00,0.00,3.50,0.49,0.49,3.50,-4.68,-33.20,1,Dragon Wave_CZ1,2.73,2.73hrs
18/03/2026 16:00:37,sell,0.02,EURNZD,1.97637,18/03/2026 17:49:48,1.97229,0.00,0.00,40.80,4.76,4.76,40.80,-0.41,-3.50,1,Dragon Wave_FZ1,1.82,1.82hrs
18/03/2026 16:16:02,buy,0.02,AUDJPY,112.44700,18/03/2026 17:44:50,112.75100,0.00,0.00,30.40,3.81,3.81,30.40,0.00,0.00,1,Dragon Wave_FZ1,1.48,1.48hrs
18/03/2026 15:30:37,buy,0.02,AUDCHF,0.55662,18/03/2026 17:42:23,0.55763,0.00,0.00,10.10,2.56,2.56,10.10,-1.34,-5.30,1,Dragon Wave_FZ1,2.20,2.20hrs
18/03/2026 15:45:21,buy,0.02,NZDCHF,0.45894,18/03/2026 17:32:56,0.46001,0.00,0.00,10.70,2.71,2.71,10.70,-0.43,-1.70,1,Dragon Wave_FZ1,1.79,1.79hrs
18/03/2026 15:30:57,sell,0.02,EURNZD,1.97521,18/03/2026 17:24:44,1.97334,0.00,0.00,18.70,2.19,2.19,18.70,-1.76,-15.10,1,Dragon Wave_CZ1,1.90,1.90hrs
18/03/2026 15:45:13,buy,0.02,AUDCHF,0.55633,18/03/2026 17:19:13,0.55721,0.00,0.00,8.80,2.24,2.24,8.80,-0.61,-2.40,1,Dragon Wave_CZ1,1.57,1.57hrs
18/03/2026 16:00:56,sell,0.02,GBPAUD,1.88661,18/03/2026 17:16:22,1.88352,0.00,0.00,30.90,4.36,4.36,30.90,-1.71,-12.10,1,Dragon Wave_CZ1,1.26,1.26hrs
18/03/2026 15:30:31,buy,0.02,NZDCHF,0.45913,18/03/2026 17:05:50,0.45961,0.00,0.00,4.80,1.22,1.22,4.80,-0.91,-3.60,1,Dragon Wave_CZ1,1.59,1.59hrs
18/03/2026 16:00:48,buy,0.02,NZDCAD,0.79815,18/03/2026 17:05:49,0.79999,0.00,0.00,18.40,2.69,2.69,18.40,-0.51,-3.50,1,Dragon Wave_CZ1,1.08,1.08hrs
18/03/2026 16:00:51,buy,0.02,NZDUSD,0.58228,18/03/2026 17:05:30,0.58365,0.00,0.00,13.70,2.74,2.74,13.70,-1.20,-5.90,1,Dragon Wave_CZ1,1.08,1.08hrs
18/03/2026 16:00:19,buy,0.02,AUDUSD,0.70590,18/03/2026 17:05:16,0.70727,0.00,0.00,13.70,2.74,2.74,13.70,-1.52,-7.70,1,Dragon Wave_CZ1,1.08,1.08hrs
18/03/2026 16:15:28,buy,0.02,EURUSD,1.14946,18/03/2026 17:02:58,1.15165,0.00,0.00,21.90,4.38,4.38,21.90,0.00,0.00,1,Dragon Wave_CZ1,0.79,0.79hrs
18/03/2026 16:00:24,buy,0.02,NZDUSD,0.58235,18/03/2026 16:59:48,0.58311,0.00,0.00,7.60,1.52,1.52,7.60,-1.34,-6.60,1,Dragon Wave_BZ1,0.99,0.99hrs
18/03/2026 15:30:14,buy,0.02,NZDCAD,0.79938,18/03/2026 16:48:08,0.79962,0.00,0.00,2.40,0.35,0.44,3.00,-2.30,-15.80,1,Dragon Wave_BZ1,1.30,1.30hrs
18/03/2026 15:30:33,sell,0.02,CADJPY,116.26400,18/03/2026 16:46:37,116.24400,0.00,0.00,2.00,0.25,0.25,2.00,-1.22,-9.70,1,Dragon Wave_CZ1,1.27,1.27hrs
18/03/2026 16:00:29,sell,0.02,GBPNZD,2.28700,18/03/2026 16:45:36,2.28628,0.00,0.00,7.20,0.84,0.84,7.20,-1.76,-15.10,1,Dragon Wave_BZ1,0.75,0.75hrs
17/03/2026 12:15:57,sell,0.02,GBPCAD,1.82522,18/03/2026 15:20:31,1.82714,0.00,-0.19,-19.20,-2.99,0.15,1.00,-11.34,-76.40,1,Dragon Wave_GZ1,27.08,1.13days
17/03/2026 18:00:45,sell,0.03,GBPCAD,1.82912,18/03/2026 15:20:27,1.82710,0.00,-0.28,20.20,4.15,4.15,20.20,-8.47,-37.40,1,Dragon Wave_GZ2,21.33,21.33hrs
17/03/2026 15:46:08,sell,0.02,AUDCAD,0.97230,18/03/2026 14:27:23,0.97204,0.00,-0.11,2.60,0.27,0.27,2.60,-5.60,-37.60,1,Dragon Wave_GZ1,22.69,22.69hrs
18/03/2026 09:31:00,sell,0.02,AUDCAD,0.97589,18/03/2026 11:08:05,0.97461,0.00,0.00,12.80,1.87,1.87,12.80,-0.19,-1.30,1,Dragon Wave_FZ1,1.62,1.62hrs
18/03/2026 09:16:08,sell,0.02,NZDCAD,0.80448,18/03/2026 11:01:03,0.80306,0.00,0.00,14.20,2.07,2.07,14.20,-0.38,-2.60,1,Dragon Wave_GZ1,1.75,1.75hrs
18/03/2026 09:15:42,sell,0.02,GBPCAD,1.83241,18/03/2026 10:37:11,1.83068,0.00,0.00,17.30,2.52,2.52,17.30,-0.66,-4.50,1,Dragon Wave_FZ1,1.36,1.36hrs
18/03/2026 08:45:13,sell,0.02,GBPCAD,1.83134,18/03/2026 10:33:33,1.83114,0.00,0.00,2.00,0.29,0.29,2.00,-2.22,-15.20,1,Dragon Wave_CZ1,1.81,1.81hrs
18/03/2026 09:15:49,sell,0.02,NZDCAD,0.80451,18/03/2026 10:30:28,0.80328,0.00,0.00,12.30,1.79,1.79,12.30,-0.34,-2.30,1,Dragon Wave_FZ1,1.24,1.24hrs
18/03/2026 08:15:20,sell,0.02,NZDCAD,0.80332,18/03/2026 10:15:37,0.80375,0.00,0.00,-4.30,-0.62,0.18,1.20,-2.07,-14.20,1,Dragon Wave_CZ1,2.00,2.00hrs
18/03/2026 09:15:17,sell,0.03,NZDCAD,0.80445,18/03/2026 10:15:33,0.80376,0.00,0.00,6.90,1.51,1.51,6.90,-0.63,-2.90,1,Dragon Wave_CZ2,1.00,1.00hrs
17/03/2026 16:31:14,sell,0.02,AUDCAD,0.97398,18/03/2026 05:57:10,0.97293,0.00,-0.11,10.50,1.43,2.53,17.30,-0.90,-5.40,1,Dragon Wave_HZ1,13.43,13.43hrs
17/03/2026 18:15:49,sell,0.02,GBPCAD,1.83013,18/03/2026 03:57:39,1.82804,0.00,-0.19,20.90,2.86,2.94,20.90,-1.02,-7.00,1,Dragon Wave_HZ1,9.70,9.70hrs
17/03/2026 18:31:07,buy,0.02,CADCHF,0.57289,18/03/2026 01:31:03,0.57317,0.00,0.05,2.80,0.77,1.32,5.20,-1.17,-4.80,1,Dragon Wave_GZ1,7.00,7.00hrs
17/03/2026 21:16:07,sell,0.02,EURUSD,1.15449,18/03/2026 00:15:47,1.15387,0.00,0.05,6.20,1.29,1.80,9.00,-0.36,-1.80,1,Dragon Wave_GZ1,2.99,2.99hrs
17/03/2026 18:15:39,sell,0.02,EURCAD,1.58100,17/03/2026 23:01:23,1.57970,0.00,0.00,13.00,1.90,3.07,21.00,-0.85,-5.80,1,Dragon Wave_GZ1,4.76,4.76hrs
17/03/2026 16:00:33,sell,0.02,AUDCAD,0.97253,17/03/2026 18:36:58,0.97213,0.00,0.00,4.00,0.58,0.58,4.00,-3.47,-24.10,1,Dragon Wave_FZ1,2.61,2.61hrs
17/03/2026 16:45:52,sell,0.02,AUDUSD,0.71161,17/03/2026 18:36:43,0.70868,0.00,0.00,29.30,5.86,5.86,29.30,0.00,0.00,1,Dragon Wave_HZ1,1.85,1.85hrs
17/03/2026 08:16:14,sell,0.02,AUDNZD,1.21293,17/03/2026 18:29:40,1.21191,0.00,0.00,10.20,1.20,1.20,10.20,-2.26,-19.40,1,Dragon Wave_HZ1,10.22,10.22hrs
17/03/2026 16:15:35,sell,0.02,AUDUSD,0.71062,17/03/2026 18:21:46,0.70910,0.00,0.00,15.20,3.04,3.04,15.20,-2.20,-11.10,1,Dragon Wave_GZ1,2.10,2.10hrs
17/03/2026 15:45:32,sell,0.02,AUDCAD,0.97226,17/03/2026 17:25:15,0.97218,0.00,0.00,0.80,0.12,0.12,0.80,-3.87,-26.80,1,Dragon Wave_BZ1,1.66,1.66hrs
17/03/2026 15:45:04,sell,0.02,AUDCAD,0.97226,17/03/2026 17:17:58,0.97220,0.00,0.00,0.60,0.08,0.08,0.60,-3.87,-26.80,1,Dragon Wave_AZ1,1.55,1.55hrs
17/03/2026 16:15:09,sell,0.02,AUDUSD,0.71072,17/03/2026 17:15:34,0.71066,0.00,0.00,0.60,0.12,0.12,0.60,-2.00,-10.10,1,Dragon Wave_AZ1,1.01,1.01hrs
17/03/2026 16:00:29,sell,0.02,EURCAD,1.57935,17/03/2026 17:15:33,1.57769,0.00,0.00,16.60,2.42,2.42,16.60,-1.98,-13.60,1,Dragon Wave_FZ1,1.25,1.25hrs
17/03/2026 16:01:08,sell,0.02,NZDCAD,0.80179,17/03/2026 17:12:34,0.80151,0.00,0.00,2.80,0.41,0.41,2.80,-1.85,-13.30,1,Dragon Wave_CZ1,1.19,1.19hrs
17/03/2026 15:45:30,sell,0.02,EURCAD,1.57841,17/03/2026 17:00:41,1.57826,0.00,0.00,1.50,0.22,0.22,1.50,-3.36,-23.00,1,Dragon Wave_CZ1,1.25,1.25hrs
17/03/2026 11:45:42,sell,0.02,GBPCAD,1.82385,17/03/2026 14:55:26,1.82513,0.00,0.00,-12.80,-1.87,0.00,0.00,-4.79,-32.80,1,Dragon Wave_FZ1,3.16,3.16hrs
17/03/2026 14:15:09,sell,0.03,GBPCAD,1.82644,17/03/2026 14:55:22,1.82502,0.00,0.00,14.20,3.11,3.11,14.20,-1.51,-6.90,1,Dragon Wave_FZ2,0.67,0.67hrs
17/03/2026 12:15:28,sell,0.02,GBPCAD,1.82541,17/03/2026 14:54:57,1.82526,0.00,0.00,1.50,0.22,0.42,2.90,-2.51,-17.20,1,Dragon Wave_CZ1,2.66,2.66hrs
17/03/2026 10:45:47,buy,0.02,NZDCHF,0.45879,17/03/2026 14:31:28,0.45969,0.00,0.00,9.00,2.29,2.44,9.60,-0.79,-3.10,1,Dragon Wave_GZ1,3.76,3.76hrs
17/03/2026 10:30:53,buy,0.02,NZDCHF,0.45914,17/03/2026 12:46:02,0.45958,0.00,0.00,4.40,1.12,1.12,4.40,-1.68,-6.60,1,Dragon Wave_FZ1,2.25,2.25hrs
17/03/2026 11:15:30,buy,0.02,NZDJPY,92.63700,17/03/2026 12:30:46,92.96000,0.00,0.00,32.30,4.06,4.06,32.30,-0.01,-0.10,1,Dragon Wave_GZ1,1.25,1.25hrs
17/03/2026 09:15:45,buy,0.02,NZDJPY,92.76400,17/03/2026 12:00:56,92.90100,0.00,0.00,13.70,1.73,1.73,13.70,-1.91,-15.20,1,Dragon Wave_FZ1,2.75,2.75hrs
17/03/2026 09:15:25,buy,0.02,NZDCAD,0.79692,17/03/2026 11:59:37,0.79902,0.00,0.00,21.00,3.07,3.07,21.00,-0.10,-0.70,1,Dragon Wave_GZ1,2.74,2.74hrs
17/03/2026 10:45:35,sell,0.02,GBPNZD,2.28544,17/03/2026 11:54:11,2.28349,0.00,0.00,19.50,2.27,2.27,19.50,-0.16,-1.40,1,Dragon Wave_CZ1,1.14,1.14hrs
17/03/2026 08:45:49,buy,0.02,NZDCAD,0.79856,17/03/2026 11:50:47,0.79865,0.00,0.00,0.90,0.13,0.13,0.90,-2.50,-17.10,1,Dragon Wave_CZ1,3.08,3.08hrs
17/03/2026 09:15:09,buy,0.02,NZDUSD,0.58190,17/03/2026 11:41:17,0.58321,0.00,0.00,13.10,2.62,2.62,13.10,-0.28,-1.40,1,Dragon Wave_FZ1,2.44,2.44hrs
17/03/2026 09:15:14,buy,0.02,NZDCAD,0.79694,17/03/2026 11:40:56,0.79839,0.00,0.00,14.50,2.12,2.12,14.50,-0.13,-0.90,1,Dragon Wave_FZ1,2.43,2.43hrs
17/03/2026 08:45:33,buy,0.02,NZDCAD,0.79853,17/03/2026 11:28:55,0.79757,0.00,0.00,-9.60,-1.40,0.06,0.40,-2.45,-16.80,1,Dragon Wave_AZ1,2.72,2.72hrs
17/03/2026 09:15:05,buy,0.03,NZDCAD,0.79692,17/03/2026 11:28:48,0.79761,0.00,0.00,6.90,1.52,1.52,6.90,-0.15,-0.70,1,Dragon Wave_AZ2,2.23,2.23hrs
17/03/2026 09:15:46,buy,0.02,GBPCAD,1.81839,17/03/2026 10:22:49,1.82070,0.00,0.00,23.10,3.37,3.37,23.10,0.00,0.00,1,Dragon Wave_FZ1,1.12,1.12hrs
17/03/2026 09:15:28,buy,0.02,GBPCAD,1.81844,17/03/2026 09:24:27,1.81952,0.00,0.00,10.80,1.58,1.58,10.80,0.00,0.00,1,Dragon Wave_CZ1,0.15,0.15hrs
16/03/2026 13:30:58,sell,0.02,NZDJPY,92.89700,17/03/2026 08:55:29,92.88900,0.00,-0.07,0.80,0.03,0.11,1.10,-5.53,-43.50,1,Dragon Wave_CZ1,19.41,19.41hrs
16/03/2026 13:30:23,sell,0.02,NZDJPY,92.89900,17/03/2026 08:55:19,92.88900,0.00,-0.07,1.00,0.06,0.14,1.30,-5.51,-43.30,1,Dragon Wave_BZ1,19.42,19.42hrs
16/03/2026 14:18:10,sell,0.02,NZDCHF,0.46027,17/03/2026 08:09:53,0.46019,0.00,-0.12,0.80,0.08,0.89,3.50,-5.19,-20.00,1,Dragon Wave_GZ1,17.86,17.86hrs
16/03/2026 14:16:19,sell,0.02,NZDJPY,93.00000,17/03/2026 08:09:50,92.96000,0.00,-0.07,4.00,0.43,0.98,7.80,-4.24,-33.20,1,Dragon Wave_FZ1,17.89,17.89hrs
16/03/2026 13:30:23,sell,0.02,NZDCAD,0.79877,17/03/2026 06:49:18,0.79983,0.00,-0.03,-10.60,-1.58,0.07,0.50,-5.76,-39.20,1,Dragon Wave_FZ1,17.32,17.32hrs
16/03/2026 21:15:44,sell,0.03,NZDCAD,0.80083,17/03/2026 06:49:14,0.79984,0.00,-0.05,9.90,2.12,2.12,9.90,-4.13,-18.60,1,Dragon Wave_FZ2,9.56,9.56hrs
17/03/2026 05:01:13,sell,0.02,AUDNZD,1.21003,17/03/2026 06:31:29,1.20767,0.00,0.00,23.60,2.76,2.76,23.60,-1.16,-9.90,1,Dragon Wave_HZ1,1.50,1.50hrs
17/03/2026 05:01:04,sell,0.02,AUDNZD,1.21001,17/03/2026 06:31:21,1.20775,0.00,0.00,22.60,2.64,2.64,22.60,-1.18,-10.10,1,Dragon Wave_GZ1,1.50,1.50hrs
17/03/2026 05:00:35,sell,0.02,AUDUSD,0.70803,17/03/2026 06:31:20,0.70620,0.00,0.00,18.30,3.66,3.66,18.30,-1.24,-6.20,1,Dragon Wave_HZ1,1.51,1.51hrs
17/03/2026 04:15:50,sell,0.02,AUDNZD,1.20841,17/03/2026 06:31:17,1.20792,0.00,0.00,4.90,0.57,0.57,4.90,-3.05,-26.10,1,Dragon Wave_FZ1,2.26,2.26hrs
17/03/2026 05:15:44,sell,0.02,AUDJPY,112.89400,17/03/2026 06:31:14,112.54100,0.00,0.00,35.30,4.43,4.43,35.30,-0.65,-5.20,1,Dragon Wave_FZ1,1.26,1.26hrs
17/03/2026 05:00:55,sell,0.03,AUDNZD,1.21003,17/03/2026 06:31:13,1.20867,0.00,0.00,13.60,2.39,2.39,13.60,-1.74,-9.90,1,Dragon Wave_FZ2,1.50,1.50hrs
17/03/2026 05:01:16,sell,0.02,AUDCAD,0.96878,17/03/2026 06:31:02,0.96710,0.00,0.00,16.80,2.45,2.45,16.80,-1.15,-7.90,1,Dragon Wave_HZ1,1.50,1.50hrs
16/03/2026 23:01:02,sell,0.02,AUDCHF,0.55700,17/03/2026 06:30:47,0.55655,0.00,-0.21,4.50,0.93,0.93,4.50,-5.28,-20.00,1,Dragon Wave_HZ1,7.50,7.50hrs
17/03/2026 04:15:53,sell,0.02,AUDJPY,112.63200,17/03/2026 06:30:43,112.54800,0.00,0.00,8.40,1.05,1.05,8.40,-3.94,-31.40,1,Dragon Wave_HZ1,2.25,2.25hrs
16/03/2026 23:01:19,sell,0.02,NZDJPY,93.25500,17/03/2026 06:30:43,93.12600,0.00,-0.07,12.90,1.55,1.85,15.30,-1.04,-7.70,1,Dragon Wave_HZ1,7.49,7.49hrs
17/03/2026 05:45:08,sell,0.02,AUDNZD,1.21050,17/03/2026 06:30:39,1.20802,0.00,0.00,24.80,2.90,2.90,24.80,-0.61,-5.20,1,Dragon Wave_BZ1,0.76,0.76hrs
17/03/2026 05:01:25,sell,0.02,AUDJPY,112.84600,17/03/2026 05:59:28,112.76800,0.00,0.00,7.80,0.98,0.98,7.80,-1.25,-10.00,1,Dragon Wave_CZ1,0.97,0.97hrs
17/03/2026 05:00:39,sell,0.02,AUDCAD,0.96876,17/03/2026 05:59:26,0.96850,0.00,0.00,2.60,0.38,0.38,2.60,-1.18,-8.10,1,Dragon Wave_CZ1,0.98,0.98hrs
17/03/2026 05:00:52,sell,0.02,AUDCHF,0.55851,17/03/2026 05:58:36,0.55826,0.00,0.00,2.50,0.64,0.64,2.50,-1.24,-4.90,1,Dragon Wave_BZ1,0.96,0.96hrs
17/03/2026 05:00:33,sell,0.02,AUDCAD,0.96878,17/03/2026 05:58:11,0.96868,0.00,0.00,1.00,0.14,0.14,1.00,-1.15,-7.90,1,Dragon Wave_BZ1,0.96,0.96hrs
17/03/2026 05:01:06,sell,0.02,AUDJPY,112.85700,17/03/2026 05:49:24,112.80300,0.00,0.00,5.40,0.67,0.67,5.40,-1.12,-8.90,1,Dragon Wave_BZ1,0.81,0.81hrs
17/03/2026 05:00:48,sell,0.02,AUDJPY,112.85800,17/03/2026 05:48:07,112.82400,0.00,0.00,3.40,0.43,0.43,3.40,-1.10,-8.80,1,Dragon Wave_AZ1,0.79,0.79hrs
16/03/2026 21:45:25,sell,0.02,GBPCAD,1.82296,17/03/2026 04:00:46,1.82064,0.00,-0.19,23.20,3.20,3.20,23.20,-1.96,-13.40,1,Dragon Wave_HZ1,6.26,6.26hrs
16/03/2026 17:31:21,sell,0.02,NZDCHF,0.46090,17/03/2026 03:56:54,0.46080,0.00,-0.12,1.00,0.14,0.94,3.70,-3.60,-13.70,1,Dragon Wave_HZ1,10.43,10.43hrs
16/03/2026 22:15:55,sell,0.02,NZDCAD,0.80203,17/03/2026 03:55:27,0.80013,0.00,-0.03,19.00,2.74,2.74,19.00,-0.99,-6.60,1,Dragon Wave_HZ1,5.66,5.66hrs
16/03/2026 21:45:29,sell,0.02,GBPUSD,1.33358,17/03/2026 03:30:56,1.33048,0.00,-0.08,31.00,6.12,6.12,31.00,-0.72,-3.60,1,Dragon Wave_HZ1,5.76,5.76hrs
16/03/2026 21:45:42,sell,0.02,NZDUSD,0.58665,17/03/2026 03:30:37,0.58495,0.00,0.01,17.00,3.41,3.41,17.00,-0.58,-2.90,1,Dragon Wave_HZ1,5.75,5.75hrs
16/03/2026 22:01:11,sell,0.02,GBPCAD,1.82304,17/03/2026 03:15:58,1.82161,0.00,-0.19,14.30,1.90,2.05,15.30,-1.84,-12.60,1,Dragon Wave_GZ1,5.25,5.25hrs
16/03/2026 21:30:41,sell,0.02,EURUSD,1.15179,17/03/2026 03:15:52,1.14941,0.00,0.05,23.80,4.81,5.01,24.80,-1.42,-7.10,1,Dragon Wave_HZ1,5.75,5.75hrs
16/03/2026 13:15:47,sell,0.02,NZDCAD,0.79833,17/03/2026 02:12:32,0.80080,0.00,-0.03,-24.70,-3.64,0.00,0.00,-6.40,-43.60,1,Dragon Wave_CZ1,12.95,12.95hrs
16/03/2026 21:15:35,sell,0.03,NZDCAD,0.80087,17/03/2026 02:12:29,0.80080,0.00,-0.05,0.70,0.11,0.11,0.70,-4.04,-18.20,1,Dragon Wave_CZ2,4.95,4.95hrs
16/03/2026 22:15:41,sell,0.05,NZDCAD,0.80198,17/03/2026 02:12:25,0.80079,0.00,-0.08,11.90,4.27,4.27,11.90,-2.67,-7.10,1,Dragon Wave_CZ3,3.95,3.95hrs
16/03/2026 17:01:07,sell,0.02,EURUSD,1.14983,17/03/2026 02:10:58,1.14957,0.00,0.05,2.60,0.57,3.76,18.80,-5.34,-26.70,1,Dragon Wave_GZ1,9.16,9.16hrs
16/03/2026 21:30:34,sell,0.02,NZDCAD,0.80155,17/03/2026 02:01:00,0.80105,0.00,-0.03,5.00,0.70,0.76,5.40,-1.70,-11.40,1,Dragon Wave_GZ1,4.51,4.51hrs
16/03/2026 21:15:45,sell,0.02,GBPUSD,1.33184,17/03/2026 01:30:42,1.33170,0.00,-0.08,1.40,0.20,0.34,2.10,-4.20,-21.00,1,Dragon Wave_GZ1,4.25,4.25hrs
16/03/2026 23:00:24,sell,0.02,NZDCHF,0.46149,17/03/2026 01:30:37,0.46128,0.00,-0.12,2.10,0.42,0.46,2.30,-2.10,-7.80,1,Dragon Wave_FZ1,2.50,2.50hrs
16/03/2026 21:45:32,sell,0.02,AUDJPY,112.48400,17/03/2026 01:15:58,112.42800,0.00,-0.15,5.60,0.55,0.55,5.60,-2.45,-18.30,1,Dragon Wave_GZ1,3.51,3.51hrs
16/03/2026 21:15:33,sell,0.02,NZDJPY,93.19000,17/03/2026 01:15:54,93.15600,0.00,-0.07,3.40,0.35,0.40,3.70,-1.85,-14.20,1,Dragon Wave_GZ1,4.01,4.01hrs
16/03/2026 22:15:44,sell,0.02,GBPCAD,1.82393,17/03/2026 01:00:41,1.82260,0.00,-0.19,13.30,1.75,2.03,13.90,-0.54,-3.70,1,Dragon Wave_FZ1,2.75,2.75hrs
16/03/2026 16:45:40,sell,0.02,AUDCHF,0.55640,16/03/2026 19:29:17,0.55574,0.00,0.00,6.60,1.67,1.67,6.60,-1.90,-7.50,1,Dragon Wave_GZ1,2.73,2.73hrs
16/03/2026 17:00:44,sell,0.02,NZDUSD,0.58553,16/03/2026 19:26:42,0.58398,0.00,0.00,15.50,3.10,3.10,15.50,-0.42,-2.10,1,Dragon Wave_GZ1,2.43,2.43hrs
16/03/2026 17:00:41,sell,0.02,GBPUSD,1.33053,16/03/2026 19:25:43,1.32933,0.00,0.00,12.00,2.40,2.40,12.00,-1.90,-9.50,1,Dragon Wave_FZ1,2.42,2.42hrs
16/03/2026 14:18:12,sell,0.02,AUDJPY,112.30900,16/03/2026 19:23:00,112.29000,0.00,0.00,1.90,0.24,1.86,14.80,-1.56,-12.40,1,Dragon Wave_FZ1,5.08,5.08hrs
16/03/2026 14:16:19,sell,0.02,AUDJPY,112.29900,16/03/2026 19:22:34,112.28700,0.00,0.00,1.20,0.15,1.74,13.80,-1.69,-13.40,1,Dragon Wave_CZ1,5.10,5.10hrs
16/03/2026 13:15:50,sell,0.02,NZDUSD,0.58289,16/03/2026 19:22:33,0.58412,0.00,0.00,-12.30,-2.46,0.00,0.00,-5.80,-29.00,1,Dragon Wave_CZ1,6.11,6.11hrs
16/03/2026 16:45:27,sell,0.03,NZDUSD,0.58517,16/03/2026 19:22:29,0.58414,0.00,0.00,10.30,3.09,3.09,10.30,-1.86,-6.20,1,Dragon Wave_CZ2,2.62,2.62hrs
16/03/2026 15:16:03,sell,0.02,AUDUSD,0.70543,16/03/2026 19:22:29,0.70489,0.00,0.00,5.40,1.08,1.08,5.40,-4.24,-21.20,1,Dragon Wave_GZ1,4.11,4.11hrs
16/03/2026 18:45:29,sell,0.02,NZDCHF,0.46112,16/03/2026 19:22:01,0.46083,0.00,0.00,2.90,0.74,0.74,2.90,-0.66,-2.60,1,Dragon Wave_CZ1,0.61,0.61hrs
16/03/2026 14:18:11,sell,0.02,AUDUSD,0.70534,16/03/2026 18:52:35,0.70521,0.00,0.00,1.30,0.26,0.88,4.40,-4.42,-22.10,1,Dragon Wave_FZ1,4.57,4.57hrs
16/03/2026 13:31:01,sell,0.02,NZDUSD,0.58335,16/03/2026 18:52:12,0.58459,0.00,0.00,-12.40,-2.48,0.18,0.90,-4.88,-24.40,1,Dragon Wave_FZ1,5.35,5.35hrs
16/03/2026 16:45:57,sell,0.02,EURUSD,1.14883,16/03/2026 18:52:09,1.14855,0.00,0.00,2.80,0.56,0.90,4.50,-2.58,-12.90,1,Dragon Wave_FZ1,2.10,2.10hrs
16/03/2026 17:00:38,sell,0.03,NZDUSD,0.58557,16/03/2026 18:52:08,0.58459,0.00,0.00,9.80,2.94,2.97,10.20,-0.51,-1.70,1,Dragon Wave_FZ2,1.86,1.86hrs
16/03/2026 16:45:40,buy,0.02,EURAUD,1.62555,16/03/2026 18:11:05,1.62771,0.00,0.00,21.60,3.05,3.05,21.60,-0.61,-4.30,1,Dragon Wave_FZ1,1.42,1.42hrs
16/03/2026 14:18:15,buy,0.02,GBPNZD,2.27187,16/03/2026 17:45:32,2.27444,0.00,0.00,25.70,3.00,3.00,25.70,-0.05,-0.40,1,Dragon Wave_FZ1,3.45,3.45hrs
16/03/2026 15:15:50,sell,0.02,AUDCAD,0.96500,16/03/2026 17:43:51,0.96473,0.00,0.00,2.70,0.40,0.48,3.30,-2.02,-13.70,1,Dragon Wave_FZ1,2.47,2.47hrs
16/03/2026 14:16:20,buy,0.02,GBPAUD,1.88159,16/03/2026 17:39:00,1.88371,0.00,0.00,21.20,3.00,3.00,21.20,-1.05,-7.40,1,Dragon Wave_FZ1,3.38,3.38hrs
16/03/2026 14:16:19,sell,0.02,AUDCAD,0.96489,16/03/2026 16:27:50,0.96480,0.00,0.00,0.90,0.13,0.57,3.90,-2.10,-14.40,1,Dragon Wave_CZ1,2.19,2.19hrs
16/03/2026 14:16:20,buy,0.02,GBPNZD,2.27203,16/03/2026 16:09:02,2.27341,0.00,0.00,13.80,1.61,1.97,16.90,-0.23,-2.00,1,Dragon Wave_CZ1,1.88,1.88hrs
16/03/2026 14:16:20,sell,0.02,AUDUSD,0.70530,16/03/2026 15:56:54,0.70510,0.00,0.00,2.00,0.40,0.80,4.00,-1.12,-5.60,1,Dragon Wave_CZ1,1.68,1.68hrs
16/03/2026 13:31:11,sell,0.02,EURGBP,0.86471,16/03/2026 15:46:24,0.86401,0.00,0.00,7.00,1.86,1.86,7.00,-0.42,-1.60,1,Dragon Wave_FZ1,2.25,2.25hrs
16/03/2026 13:30:26,sell,0.02,EURGBP,0.86470,16/03/2026 15:06:07,0.86430,0.00,0.00,4.00,1.07,1.07,4.00,-0.45,-1.70,1,Dragon Wave_CZ1,1.59,1.59hrs
16/03/2026 13:30:33,sell,0.02,EURJPY,182.73700,16/03/2026 14:40:08,182.66500,0.00,0.00,7.20,0.90,1.26,10.00,-0.11,-0.90,1,Dragon Wave_BZ1,1.16,1.16hrs
16/03/2026 13:30:06,buy,0.02,USDCHF,0.78807,16/03/2026 13:41:02,0.78855,0.00,0.00,4.80,1.22,1.22,4.80,0.00,0.00,1,Dragon Wave_BZ1,0.18,0.18hrs
16/03/2026 11:15:51,buy,0.02,GBPCAD,1.81441,16/03/2026 13:19:40,1.81637,0.00,0.00,19.60,2.86,2.86,19.60,0.00,0.00,1,Dragon Wave_FZ1,2.06,2.06hrs
16/03/2026 11:15:39,buy,0.02,GBPCAD,1.81430,16/03/2026 11:23:08,1.81544,0.00,0.00,11.40,1.66,1.66,11.40,0.00,0.00,1,Dragon Wave_CZ1,0.12,0.12hrs
16/03/2026 11:15:17,buy,0.02,GBPCAD,1.81455,16/03/2026 11:23:03,1.81522,0.00,0.00,6.70,0.98,0.98,6.70,0.00,0.00,1,Dragon Wave_BZ1,0.13,0.13hrs
16/03/2026 10:15:50,buy,0.02,CHFJPY,201.21400,16/03/2026 11:11:31,201.38500,0.00,0.00,17.10,2.15,2.15,17.10,-1.25,-10.00,1,Dragon Wave_CZ1,0.93,0.93hrs
16/03/2026 10:46:00,buy,0.02,EURJPY,182.00500,16/03/2026 11:10:26,182.09800,0.00,0.00,9.30,1.16,1.16,9.30,-0.39,-3.10,1,Dragon Wave_CZ1,0.41,0.41hrs
16/03/2026 09:30:07,buy,0.02,EURJPY,182.06300,16/03/2026 11:07:30,182.07600,0.00,0.00,1.30,0.16,0.41,3.30,-2.27,-18.10,1,Dragon Wave_BZ1,1.62,1.62hrs
16/03/2026 10:30:10,buy,0.02,EURAUD,1.62844,16/03/2026 10:38:52,1.62910,0.00,0.00,6.60,0.92,0.92,6.60,0.00,0.00,1,Dragon Wave_BZ1,0.14,0.14hrs
15/03/2026 17:13:37,balance,0.01,,0.00000,15/03/2026 17:13:37,0.00000,0.00,0.00,0.00,5000.00,0.00,0.00,0.00,0.00,0,Demo deposit,0.00,0.00hrs
