Open Time,Type,Lots,Symbol,Open Price,Close Time,Close Price,Commission,Swap,Net Pips,Net Profit,Max Profit,Max Pips,Max Loss,Max Loss Pips,Magic Number,Comment,Holding Time (Hours),Holding Time
23/04/2026 03:00:03,sell,0.04,EURGBP,0.86704,30/04/2026 17:59:02,0.86343,0.00,0.42,36.10,20.04,20.04,36.10,-6.63,-12.40,1494,G4,182.98,7.62days
28/04/2026 12:00:16,sell,0.09,EURCHF,0.92308,30/04/2026 15:32:14,0.91761,0.00,-4.27,54.70,58.49,58.49,54.70,-55.13,-44.80,1494,G4,51.53,2.15days
24/04/2026 14:00:02,sell,0.06,EURCHF,0.91968,30/04/2026 15:32:14,0.91761,0.00,-4.29,20.70,11.54,11.54,20.70,-63.93,-78.80,1494,G4,145.54,6.06days
20/04/2026 21:00:00,sell,0.04,EURCHF,0.91727,30/04/2026 15:32:14,0.91761,0.00,-5.80,-3.40,-7.54,4.56,10.80,-57.72,-102.90,1494,G4,234.54,9.77days
22/04/2026 21:30:04,sell,0.06,AUDCHF,0.56136,30/04/2026 15:24:38,0.56087,0.00,-7.06,4.90,-3.31,6.19,11.90,-56.88,-68.30,1494,G4,185.91,7.75days
20/04/2026 21:30:00,sell,0.04,AUDCHF,0.55852,30/04/2026 15:24:38,0.56090,0.00,-5.66,-23.80,-17.80,3.78,8.30,-53.26,-96.70,1494,G4,233.91,9.75days
28/04/2026 12:00:11,sell,0.14,AUDCHF,0.56618,30/04/2026 15:24:37,0.56090,0.00,-6.45,52.80,87.75,87.75,52.80,-37.25,-20.10,1494,G4,51.41,2.14days
27/04/2026 16:00:04,sell,0.09,AUDCHF,0.56381,30/04/2026 15:24:37,0.56087,0.00,-5.19,29.40,28.53,28.53,29.40,-51.99,-43.80,1494,G4,71.41,2.98days
09/04/2026 18:00:04,sell,0.06,AUDJPY,112.38200,30/04/2026 13:32:54,113.04000,0.00,-10.05,-65.80,-35.06,25.40,70.30,-97.03,-235.20,1494,G4,499.55,20.81days
08/04/2026 19:30:03,sell,0.04,AUDJPY,111.74600,30/04/2026 13:32:54,113.00800,0.00,-7.72,-126.20,-39.69,3.25,15.30,-81.64,-298.80,1494,G4,522.05,21.75days
17/04/2026 12:00:04,sell,0.28,AUDJPY,114.24700,30/04/2026 13:32:53,113.05600,0.00,-28.79,119.10,182.39,182.39,119.10,-107.71,-48.70,1494,G4,313.55,13.06days
15/04/2026 17:00:03,sell,0.14,AUDJPY,113.63100,30/04/2026 13:32:53,113.04800,0.00,-18.88,58.30,32.80,32.80,58.30,-112.34,-110.30,1494,G4,356.55,14.86days
13/04/2026 21:00:03,sell,0.09,AUDJPY,112.99400,30/04/2026 13:32:53,113.04000,0.00,-13.60,-4.60,-16.23,18.68,34.30,-109.58,-174.00,1494,G4,400.55,16.69days
09/04/2026 03:00:04,sell,0.04,NZDJPY,92.40500,30/04/2026 11:53:46,93.23200,0.00,-3.35,-82.70,-24.07,1.79,7.10,-51.78,-197.40,1494,G4,512.89,21.37days
22/04/2026 10:00:03,sell,0.14,NZDJPY,94.12600,30/04/2026 11:53:45,93.22600,0.00,-5.38,90.00,73.55,73.55,90.00,-23.82,-25.30,1494,G4,193.90,8.08days
14/04/2026 11:00:03,sell,0.09,NZDJPY,93.64400,30/04/2026 11:53:45,93.22600,0.00,-6.50,41.80,17.07,30.98,58.80,-45.54,-73.50,1494,G4,384.89,16.04days
09/04/2026 18:00:15,sell,0.06,NZDJPY,93.05400,30/04/2026 11:53:45,93.22600,0.00,-5.07,-17.20,-11.53,14.82,40.80,-53.29,-132.50,1494,G4,497.89,20.75days
15/04/2026 06:30:07,buy,0.06,EURAUD,1.65298,29/04/2026 18:54:01,1.64160,0.00,-8.89,-113.80,-57.51,0.81,1.90,-111.73,-239.70,9319,G4,348.40,14.52days
14/04/2026 12:00:03,buy,0.04,EURAUD,1.65840,29/04/2026 18:54:01,1.64152,0.00,-6.36,-168.80,-54.44,1.14,4.00,-90.51,-293.90,9319,G4,366.90,15.29days
28/04/2026 04:00:04,buy,0.28,EURAUD,1.62962,29/04/2026 18:54:00,1.64167,0.00,-2.84,120.50,237.41,237.41,120.50,-4.02,-2.00,9319,G4,38.90,1.62days
21/04/2026 18:00:03,buy,0.14,EURAUD,1.64001,29/04/2026 18:54:00,1.64171,0.00,-11.71,17.00,5.24,38.94,39.00,-121.07,-110.00,9319,G4,192.90,8.04days
15/04/2026 21:00:23,buy,0.09,EURAUD,1.64624,29/04/2026 18:54:00,1.64164,0.00,-13.34,-46.00,-42.82,0.00,6.30,-123.97,-172.30,9319,G4,333.89,13.91days
27/04/2026 21:00:02,buy,0.06,GBPAUD,1.88328,29/04/2026 16:39:11,1.88900,0.00,-0.74,57.20,23.76,23.76,57.20,-15.31,-34.70,9319,G4,43.65,1.82days
27/04/2026 04:30:03,buy,0.04,GBPAUD,1.88861,29/04/2026 16:39:11,1.88905,0.00,-0.50,4.40,0.76,3.06,10.70,-25.51,-88.00,9319,G4,60.15,2.51days
27/04/2026 18:30:04,sell,0.06,NZDCAD,0.80576,29/04/2026 06:03:24,0.80155,0.00,-0.24,42.10,18.22,18.22,42.10,-2.78,-5.80,1494,G4,35.56,1.48days
24/04/2026 04:30:11,sell,0.04,NZDCAD,0.80253,29/04/2026 06:03:24,0.80155,0.00,-0.24,9.80,2.62,4.43,15.20,-11.38,-38.10,1494,G4,121.55,5.06days
27/04/2026 20:00:06,buy,0.06,EURCAD,1.59688,28/04/2026 21:45:28,1.60279,0.00,-0.20,59.10,25.71,25.76,59.20,-11.90,-26.60,9319,G4,25.76,1.07days
24/04/2026 19:00:06,buy,0.04,EURCAD,1.60258,28/04/2026 21:45:28,1.60279,0.00,-0.26,2.10,0.35,0.70,2.40,-24.78,-83.60,9319,G4,98.76,4.11days
27/04/2026 11:30:04,buy,0.04,GBPCAD,1.84551,28/04/2026 18:00:23,1.84763,0.00,0.05,21.20,6.24,6.27,21.30,-13.85,-47.50,9319,G4,30.51,1.27days
20/04/2026 04:30:18,buy,0.04,USDCAD,1.37030,28/04/2026 17:59:32,1.36902,0.00,0.54,-12.80,-3.20,3.41,10.30,-30.41,-105.00,9319,G4,205.49,8.56days
27/04/2026 11:30:09,buy,0.06,USDCAD,1.36230,28/04/2026 17:59:31,1.36901,0.00,0.09,67.10,29.50,29.50,67.10,-11.03,-25.00,9319,G4,30.49,1.27days
24/04/2026 04:30:03,buy,0.04,AUDNZD,1.21723,28/04/2026 11:01:03,1.21818,0.00,0.15,9.50,2.39,2.88,12.30,-10.43,-44.90,9319,G4,102.52,4.27days
27/04/2026 16:00:09,buy,0.06,AUDNZD,1.21503,28/04/2026 11:01:02,1.21814,0.00,0.10,31.10,11.09,11.09,31.80,-2.37,-7.00,9319,G4,19.01,19.01hrs
27/04/2026 12:30:03,buy,0.04,GBPCHF,1.06246,28/04/2026 09:50:42,1.06509,0.00,0.24,26.30,13.58,13.58,28.00,-18.74,-37.20,9319,G4,21.34,21.34hrs
16/04/2026 21:00:04,buy,0.04,AUDCHF,0.56142,27/04/2026 18:31:58,0.56419,0.00,2.10,27.70,16.22,16.32,27.90,-28.28,-56.10,9319,G4,261.53,10.90days
20/04/2026 12:00:04,buy,0.06,AUDCHF,0.55917,27/04/2026 18:31:57,0.56419,0.00,2.44,50.20,40.82,40.98,50.40,-13.84,-18.90,9319,G4,174.53,7.27days
22/04/2026 22:30:03,buy,0.04,AUDJPY,114.19800,27/04/2026 11:55:37,114.39500,0.00,0.34,19.70,5.30,5.30,19.70,-12.49,-50.90,9319,G4,109.43,4.56days
27/04/2026 09:30:04,buy,0.04,EURUSD,1.17194,27/04/2026 10:59:59,1.17433,0.00,0.00,23.90,9.56,9.56,24.40,-0.56,-1.40,9319,G4,1.50,1.50hrs
24/04/2026 17:00:04,buy,0.04,EURUSD,1.17071,27/04/2026 06:45:56,1.17310,0.00,-0.28,23.90,9.28,9.32,24.00,-6.32,-15.10,9319,G4,61.76,2.57days
24/04/2026 12:30:03,buy,0.04,EURCHF,0.91915,24/04/2026 16:41:16,0.92127,0.00,0.00,21.20,10.77,10.77,21.20,-0.41,-0.80,9319,G4,4.19,4.19hrs
23/04/2026 02:30:03,sell,0.04,CADJPY,116.66500,24/04/2026 09:42:25,116.44900,0.00,-0.16,21.60,5.26,5.26,21.60,-6.01,-24.00,1494,G4,31.21,1.30days
17/04/2026 08:30:04,sell,0.04,NZDUSD,0.58892,23/04/2026 20:05:52,0.58680,0.00,0.24,21.20,8.72,13.47,33.60,-16.24,-40.60,1494,G4,155.60,6.48days
17/04/2026 16:30:19,buy,0.04,AUDNZD,1.21813,23/04/2026 16:44:25,1.21676,0.00,0.46,-13.70,-2.76,2.20,9.10,-20.07,-86.90,9319,G4,144.24,6.01days
21/04/2026 03:00:05,buy,0.06,AUDNZD,1.21478,23/04/2026 16:44:22,1.21675,0.00,0.47,19.70,7.41,7.45,19.80,-18.45,-53.40,9319,G4,61.74,2.57days
21/04/2026 12:00:04,buy,0.09,AUDNZD,1.21216,23/04/2026 16:44:16,1.21671,0.00,0.71,45.50,24.76,25.03,46.00,-13.75,-27.20,9319,G4,52.74,2.20days
20/04/2026 03:00:04,sell,0.04,CHFJPY,203.07400,23/04/2026 15:14:13,203.18700,0.00,0.09,-11.30,-2.75,4.25,16.90,-34.10,-136.10,1494,G4,84.24,3.51days
20/04/2026 18:30:00,sell,0.06,CHFJPY,203.87500,23/04/2026 15:14:10,203.18800,0.00,0.11,68.70,25.96,32.08,85.00,-21.03,-56.00,1494,G4,68.74,2.86days
20/04/2026 04:30:03,buy,0.04,USDCHF,0.78310,22/04/2026 21:23:01,0.78444,0.00,0.50,13.40,7.33,7.33,13.40,-30.17,-59.10,9319,G4,64.88,2.70days
20/04/2026 17:00:01,buy,0.06,USDCHF,0.77996,22/04/2026 21:22:58,0.78442,0.00,0.74,44.60,34.85,34.85,44.60,-21.01,-27.70,9319,G4,52.38,2.18days
20/04/2026 06:00:06,buy,0.04,CADCHF,0.57144,22/04/2026 19:04:07,0.57357,0.00,0.16,21.30,11.03,11.44,22.10,-9.21,-17.90,9319,G4,61.07,2.54days
14/04/2026 19:00:04,sell,0.04,EURGBP,0.86935,22/04/2026 18:24:23,0.86783,0.00,0.49,15.20,8.70,8.92,15.60,-16.02,-30.20,1494,G4,191.41,7.98days
17/04/2026 03:30:03,sell,0.06,EURGBP,0.87112,22/04/2026 18:24:21,0.86784,0.00,0.27,32.80,26.85,27.25,33.30,-10.14,-12.50,1494,G4,134.91,5.62days
13/04/2026 04:30:03,sell,0.04,EURUSD,1.16830,22/04/2026 17:59:11,1.17199,0.00,1.17,-36.90,-13.59,1.48,3.70,-65.82,-166.50,1494,G4,229.49,9.56days
15/04/2026 22:30:03,sell,0.06,EURUSD,1.18004,22/04/2026 17:59:07,1.17200,0.00,1.37,80.40,49.61,49.61,80.40,-28.67,-49.10,1494,G4,163.48,6.81days
17/04/2026 19:00:03,buy,0.04,AUDUSD,0.71910,21/04/2026 17:41:43,0.71840,0.00,0.02,-7.00,-2.78,0.04,0.10,-30.59,-76.50,9319,G4,94.69,3.95days
20/04/2026 01:30:03,buy,0.06,AUDUSD,0.71348,21/04/2026 17:41:39,0.71822,0.00,0.01,47.40,28.45,28.45,47.40,-1.02,-1.70,9319,G4,40.19,1.67days
14/04/2026 12:30:03,sell,0.04,AUDNZD,1.20611,21/04/2026 09:49:48,1.21156,0.00,-1.47,-54.50,-14.36,0.00,0.00,-40.50,-165.80,1494,G4,165.33,6.89days
15/04/2026 06:30:14,sell,0.06,AUDNZD,1.20857,21/04/2026 09:49:46,1.21156,0.00,-1.88,-29.90,-12.49,1.10,3.10,-51.74,-141.20,1494,G4,147.33,6.14days
15/04/2026 19:00:00,sell,0.09,AUDNZD,1.21202,21/04/2026 09:49:43,1.21156,0.00,-2.82,4.60,-0.37,0.27,4.60,-59.34,-106.70,1494,G4,134.83,5.62days
16/04/2026 06:00:04,sell,0.14,AUDNZD,1.21450,21/04/2026 09:49:40,1.21158,0.00,-2.20,29.20,21.97,21.97,29.20,-69.69,-81.90,1494,G4,123.83,5.16days
16/04/2026 16:00:00,sell,0.28,AUDNZD,1.21751,21/04/2026 09:49:36,1.21157,0.00,-4.41,59.40,93.95,93.95,59.40,-89.78,-51.80,1494,G4,113.83,4.74days
20/04/2026 02:30:03,sell,0.04,GBPCHF,1.05641,20/04/2026 17:53:45,1.05408,0.00,0.00,23.30,11.95,11.95,23.30,-2.56,-5.00,1494,G4,15.39,15.39hrs
20/04/2026 09:00:03,sell,0.04,EURCHF,0.92030,20/04/2026 16:30:28,0.91818,0.00,0.00,21.20,10.87,10.87,21.20,-1.58,-3.10,1494,G4,7.51,7.51hrs
20/04/2026 04:30:10,buy,0.04,EURNZD,2.00073,20/04/2026 09:01:33,2.00281,0.00,0.00,20.80,4.88,4.88,20.80,-3.32,-14.10,9319,G4,4.52,4.52hrs
14/04/2026 14:30:03,sell,0.04,GBPCHF,1.05866,20/04/2026 00:27:40,1.05518,0.00,-5.88,34.80,11.92,13.05,37.00,-25.41,-42.10,1494,G4,129.96,5.42days
17/04/2026 13:00:20,sell,0.04,AUDCAD,0.98084,20/04/2026 00:15:53,0.97688,0.00,-0.25,39.60,11.32,14.39,50.10,-15.52,-53.00,1494,G4,59.26,2.47days
17/04/2026 16:30:11,sell,0.06,AUDCAD,0.98459,20/04/2026 00:15:48,0.97688,0.00,-0.37,77.10,33.41,38.02,87.60,-5.01,-11.40,1494,G4,55.76,2.32days
17/04/2026 13:00:06,sell,0.04,NZDCAD,0.80500,20/04/2026 00:13:40,0.80275,0.00,-0.10,22.50,6.47,6.47,22.50,-13.68,-46.70,1494,G4,59.23,2.47days
17/04/2026 16:30:06,sell,0.06,NZDCAD,0.80824,20/04/2026 00:13:35,0.80299,0.00,-0.15,52.50,22.85,23.38,53.70,-5.75,-13.10,1494,G4,55.72,2.32days
17/04/2026 11:30:03,sell,0.04,GBPUSD,1.35219,17/04/2026 22:58:59,1.35182,0.00,0.00,3.70,1.48,1.48,3.70,-30.80,-77.00,1494,G4,11.48,11.48hrs
17/04/2026 16:30:00,sell,0.06,GBPUSD,1.35764,17/04/2026 22:58:55,1.35188,0.00,0.00,57.60,34.56,34.56,57.60,-3.72,-6.20,1494,G4,6.48,6.48hrs
17/04/2026 13:00:15,sell,0.04,EURCAD,1.61283,17/04/2026 22:37:01,1.61061,0.00,0.00,22.20,6.49,6.49,22.20,-15.90,-54.30,1494,G4,9.61,9.61hrs
16/04/2026 00:04:14,sell,0.04,USDCAD,1.37326,16/04/2026 17:07:45,1.37101,0.00,0.00,22.50,6.56,6.56,22.50,-3.26,-11.20,1494,G4,17.06,17.06hrs
13/04/2026 05:00:04,sell,0.04,NZDCAD,0.80648,16/04/2026 16:52:08,0.80742,0.00,-0.50,-9.40,-3.24,2.17,7.50,-21.12,-72.00,1494,G4,83.87,3.49days
13/04/2026 22:30:03,sell,0.06,NZDCAD,0.80941,16/04/2026 16:52:05,0.80741,0.00,-0.74,20.00,8.01,8.01,20.00,-18.91,-42.70,1494,G4,66.37,2.77days
14/04/2026 19:00:15,sell,0.09,NZDCAD,0.81236,16/04/2026 16:52:02,0.80742,0.00,-0.89,49.40,31.53,31.53,49.40,-8.85,-13.20,1494,G4,45.86,1.91days
13/04/2026 09:30:03,sell,0.04,GBPCAD,1.85828,16/04/2026 12:46:14,1.85857,0.00,-2.20,-2.90,-3.05,2.48,8.60,-33.91,-113.70,1494,G4,75.27,3.14days
14/04/2026 15:00:14,sell,0.06,GBPCAD,1.86608,16/04/2026 12:46:11,1.85852,0.00,-2.63,75.60,30.41,30.41,75.60,-16.21,-35.70,1494,G4,45.77,1.91days
15/04/2026 22:31:02,sell,0.04,GBPUSD,1.35710,16/04/2026 11:27:02,1.35495,0.00,-0.14,21.50,8.46,8.46,21.50,-9.86,-24.30,1494,G4,12.93,12.93hrs
13/04/2026 15:00:09,sell,0.04,EURCAD,1.61740,16/04/2026 11:09:08,1.61763,0.00,-0.39,-2.30,-1.06,3.10,10.70,-22.00,-75.20,1494,G4,68.15,2.84days
14/04/2026 21:30:03,sell,0.06,EURCAD,1.62419,16/04/2026 11:08:59,1.61762,0.00,-0.45,65.70,28.27,28.27,65.70,-3.29,-7.30,1494,G4,37.65,1.57days
15/04/2026 22:00:03,sell,0.04,CHFJPY,203.44000,16/04/2026 06:05:56,202.93600,0.00,0.05,50.40,12.78,12.78,50.40,-1.76,-7.20,1494,G4,8.10,8.10hrs
14/04/2026 19:30:03,buy,0.04,EURUSD,1.17963,16/04/2026 06:05:43,1.18210,0.00,-1.13,24.70,8.75,8.75,24.70,-9.80,-23.80,9319,G4,34.59,1.44days
14/04/2026 22:00:10,sell,0.04,USDCAD,1.37776,15/04/2026 17:11:15,1.37560,0.00,-0.23,21.60,6.05,6.05,21.60,-3.19,-10.20,1494,G4,19.18,19.18hrs
15/04/2026 03:00:04,sell,0.04,EURJPY,187.35300,15/04/2026 11:21:39,187.13900,0.00,0.00,21.40,5.40,5.40,21.40,-3.55,-14.10,1494,G4,8.36,8.36hrs
09/04/2026 11:00:08,sell,0.04,EURGBP,0.87078,14/04/2026 15:39:11,0.86865,0.00,0.18,21.30,11.76,11.76,21.30,-7.65,-14.50,1494,G4,124.65,5.19days
13/04/2026 20:30:03,sell,0.04,AUDCHF,0.55636,14/04/2026 10:33:09,0.55413,0.00,-0.48,22.30,10.95,10.95,22.30,-3.08,-5.10,1494,G4,14.05,14.05hrs
14/04/2026 04:30:03,buy,0.04,NZDUSD,0.58644,14/04/2026 10:02:47,0.58853,0.00,0.00,20.90,8.36,8.36,20.90,-3.20,-8.00,9319,G4,5.55,5.55hrs
09/04/2026 22:00:03,sell,0.04,AUDNZD,1.20875,14/04/2026 06:55:23,1.20750,0.00,-0.69,12.50,2.24,2.24,12.50,-7.09,-29.30,1494,G4,104.92,4.37days
10/04/2026 19:30:03,sell,0.06,AUDNZD,1.21105,14/04/2026 06:55:19,1.20754,0.00,-0.67,35.10,11.69,11.83,35.50,-2.21,-6.30,1494,G4,83.42,3.48days
10/04/2026 02:30:04,sell,0.04,USDCAD,1.38186,13/04/2026 20:04:43,1.37959,0.00,-0.23,22.70,6.35,6.35,22.70,-17.41,-59.60,1494,G4,89.58,3.73days
10/04/2026 14:00:06,sell,0.04,NZDCAD,0.80830,13/04/2026 00:34:00,0.80553,0.00,-0.09,27.70,7.90,9.00,31.50,-4.87,-16.80,1494,G4,58.56,2.44days
10/04/2026 07:00:03,buy,0.04,AUDCAD,0.97732,10/04/2026 17:59:29,0.97951,0.00,0.00,21.90,6.33,6.71,23.20,-2.66,-9.20,9319,G4,10.99,10.99hrs
09/04/2026 07:00:03,buy,0.04,GBPCHF,1.06003,09/04/2026 22:24:25,1.06210,0.00,0.00,20.70,10.47,10.47,20.70,-6.02,-11.90,9319,G4,15.41,15.41hrs
08/04/2026 22:30:03,buy,0.04,AUDCHF,0.55753,09/04/2026 22:19:17,0.55956,0.00,0.74,20.30,11.02,11.02,20.30,-8.52,-18.30,9319,G4,23.82,23.82hrs
09/04/2026 03:30:07,sell,0.04,USDCAD,1.38536,09/04/2026 15:41:42,1.38337,0.00,0.00,19.90,5.75,5.75,19.90,-2.05,-7.10,1494,G4,12.19,12.19hrs
08/04/2026 19:00:13,sell,0.04,AUDNZD,1.20986,09/04/2026 04:10:26,1.20731,0.00,-0.71,25.50,5.24,5.58,27.00,-6.79,-26.10,1494,G4,9.17,9.17hrs
02/02/2026 20:30:05,buy,0.04,EURCHF,0.92016,19/03/2026 19:43:06,0.91365,0.00,4.71,-65.10,-28.16,0.00,0.00,-115.41,-231.50,9319,G4,1079.22,44.97days
03/02/2026 14:00:03,buy,0.06,EURCHF,0.91770,19/03/2026 19:43:03,0.91363,0.00,6.88,-40.70,-23.95,4.40,5.50,-154.35,-206.90,9319,G4,1061.72,44.24days
09/02/2026 16:00:09,buy,0.09,EURCHF,0.91531,19/03/2026 19:43:00,0.91363,0.00,8.99,-16.80,-10.10,16.61,13.90,-205.24,-183.00,9319,G4,915.71,38.15days
10/02/2026 13:00:03,buy,0.14,EURCHF,0.91231,19/03/2026 19:42:57,0.91363,0.00,13.60,13.20,36.93,79.87,43.90,-265.75,-153.00,9319,G4,894.72,37.28days
27/02/2026 20:00:04,buy,0.28,EURCHF,0.90856,19/03/2026 19:42:54,0.91363,0.00,14.75,50.70,193.96,193.96,50.70,-409.17,-115.50,9319,G4,479.71,19.99days
27/02/2026 21:00:03,buy,0.04,EURGBP,0.87724,12/03/2026 04:00:23,0.86263,0.00,-5.41,-146.10,-83.63,6.28,12.60,-86.58,-151.30,9319,G4,295.01,12.29days
02/03/2026 13:30:03,buy,0.06,EURGBP,0.87509,12/03/2026 04:00:20,0.86264,0.00,-7.49,-124.50,-107.47,0.00,0.00,-111.94,-129.80,9319,G4,230.50,9.60days
02/03/2026 20:00:00,buy,0.09,EURGBP,0.87271,12/03/2026 04:00:17,0.86266,0.00,-11.25,-100.50,-132.30,12.96,11.60,-139.20,-106.00,9319,G4,224.00,9.33days
03/03/2026 19:00:04,buy,0.14,EURGBP,0.87073,12/03/2026 04:00:14,0.86266,0.00,-16.01,-80.70,-167.21,5.66,3.80,-177.86,-86.20,9319,G4,201.00,8.38days
06/03/2026 16:00:03,buy,0.28,EURGBP,0.86638,12/03/2026 04:00:11,0.86264,0.00,-17.61,-37.40,-157.76,40.02,11.50,-177.96,-42.70,9319,G4,132.00,5.50days
12/03/2026 04:00:03,buy,0.56,EURGBP,0.86274,12/03/2026 04:00:09,0.86263,0.00,0.00,-1.10,-8.25,0.00,0.00,-8.25,-1.10,9319,G4,0.00,0.00hrs
25/02/2026 22:30:03,buy,0.04,GBPCAD,1.85412,09/03/2026 12:00:23,1.80810,0.00,0.67,-460.20,-134.95,1.40,4.80,-152.82,-520.10,9319,G4,277.51,11.56days
26/02/2026 18:30:03,buy,0.06,GBPCAD,1.84829,09/03/2026 12:00:20,1.80813,0.00,0.76,-401.60,-176.76,0.00,0.00,-203.67,-461.80,9319,G4,257.50,10.73days
26/02/2026 21:00:00,buy,0.09,GBPCAD,1.84309,09/03/2026 12:00:17,1.80810,0.00,1.14,-349.90,-230.86,17.73,26.70,-270.97,-409.80,9319,G4,255.00,10.63days
27/02/2026 19:00:03,buy,0.14,GBPCAD,1.83437,09/03/2026 12:00:14,1.80798,0.00,1.51,-263.90,-270.68,51.39,50.10,-331.71,-322.60,9319,G4,233.00,9.71days
03/03/2026 16:00:03,buy,0.28,GBPCAD,1.82332,09/03/2026 12:00:11,1.80796,0.00,2.22,-153.60,-314.64,150.00,73.00,-435.94,-212.10,9319,G4,140.00,5.83days
09/03/2026 12:00:03,buy,0.56,GBPCAD,1.80804,09/03/2026 12:00:08,1.80796,0.00,0.00,-0.80,-3.30,0.00,0.00,-3.30,-0.80,9319,G4,0.00,0.00hrs
03/02/2026 02:00:03,sell,0.04,EURGBP,0.86287,03/03/2026 23:07:08,0.86943,0.00,1.74,-65.60,-33.32,8.13,14.70,-84.96,-160.90,1494,G4,693.12,28.88days
05/02/2026 02:00:03,sell,0.06,EURGBP,0.86479,03/03/2026 23:06:55,0.86942,0.00,2.25,-46.30,-34.87,0.98,1.20,-112.30,-141.70,1494,G4,645.11,26.88days
05/02/2026 12:00:26,sell,0.09,EURGBP,0.86852,03/03/2026 23:06:33,0.86943,0.00,3.35,-9.10,-7.59,27.08,22.10,-123.31,-104.40,1494,G4,635.10,26.46days
05/02/2026 19:00:00,sell,0.14,EURGBP,0.87092,03/03/2026 23:06:30,0.86943,0.00,5.23,14.90,33.11,67.02,35.00,-146.61,-80.40,1494,G4,628.11,26.17days
17/02/2026 20:00:06,sell,0.28,EURGBP,0.87396,03/03/2026 23:06:26,0.86943,0.00,6.28,45.30,175.77,175.77,45.30,-182.90,-50.00,1494,G4,339.11,14.13days
09/12/2025 20:00:06,buy,0.04,CADCHF,0.58212,03/03/2026 11:24:31,0.57325,0.00,6.64,-88.70,-38.54,0.62,1.20,-111.90,-220.00,9319,G4,2007.41,83.64days
11/12/2025 14:00:04,buy,0.06,CADCHF,0.57748,03/03/2026 11:24:28,0.57331,0.00,9.55,-41.70,-22.30,17.87,23.20,-131.69,-173.60,9319,G4,1965.41,81.89days
20/01/2026 12:00:03,buy,0.09,CADCHF,0.57182,03/03/2026 11:24:25,0.57335,0.00,7.76,15.30,25.29,43.12,38.00,-137.14,-117.00,9319,G4,1007.41,41.98days
26/01/2026 18:00:04,buy,0.14,CADCHF,0.56584,03/03/2026 11:24:22,0.57336,0.00,10.31,75.20,144.33,144.86,75.50,-105.01,-57.20,9319,G4,857.40,35.73days
27/02/2026 04:30:03,sell,0.04,NZDJPY,93.24100,03/03/2026 10:07:41,93.01300,0.00,-0.32,22.80,5.47,5.47,22.80,-13.14,-50.50,1494,G4,101.63,4.23days
11/02/2026 19:00:03,buy,0.04,NZDCHF,0.46642,03/03/2026 03:16:54,0.46357,0.00,1.38,-28.50,-13.25,3.98,7.30,-43.00,-85.20,9319,G4,464.28,19.35days
12/02/2026 20:30:03,buy,0.06,NZDCHF,0.46425,03/03/2026 03:16:47,0.46362,0.00,1.84,-6.30,-3.01,13.82,17.40,-47.82,-63.50,9319,G4,438.78,18.28days
18/02/2026 17:00:00,buy,0.09,NZDCHF,0.46193,03/03/2026 03:16:37,0.46363,0.00,2.16,17.00,21.79,26.09,21.10,-45.21,-40.30,9319,G4,298.28,12.43days
02/03/2026 09:00:08,buy,0.14,NZDCHF,0.45856,03/03/2026 03:16:34,0.46363,0.00,0.37,50.70,91.46,91.46,50.70,-3.09,-1.70,9319,G4,18.27,18.27hrs
26/02/2026 12:00:07,buy,0.04,AUDCAD,0.97358,02/03/2026 21:12:13,0.97076,0.00,0.14,-28.20,-8.10,2.38,7.90,-30.13,-103.40,9319,G4,105.20,4.38days
27/02/2026 16:00:04,buy,0.06,AUDCAD,0.97065,02/03/2026 21:12:11,0.97075,0.00,0.10,1.00,0.54,3.43,7.80,-32.44,-74.10,9319,G4,77.20,3.22days
02/03/2026 10:00:05,buy,0.09,AUDCAD,0.96403,02/03/2026 21:12:07,0.97075,0.00,0.00,67.20,44.19,44.19,67.20,-4.54,-6.90,9319,G4,11.20,11.20hrs
27/02/2026 08:30:03,sell,0.04,CHFJPY,201.70600,02/03/2026 13:58:56,202.50800,0.00,0.02,-80.20,-20.42,2.13,8.30,-58.10,-228.00,1494,G4,77.48,3.23days
27/02/2026 16:00:10,sell,0.06,CHFJPY,202.68600,02/03/2026 13:58:53,202.50800,0.00,0.03,17.80,6.83,6.83,17.80,-49.68,-130.00,1494,G4,69.98,2.92days
02/03/2026 03:00:03,sell,0.09,CHFJPY,203.42800,02/03/2026 13:58:50,202.51100,0.00,0.00,91.70,52.57,52.57,91.70,-32.00,-55.80,1494,G4,10.98,10.98hrs
24/02/2026 02:30:04,sell,0.04,NZDUSD,0.59579,02/03/2026 10:17:29,0.59368,0.00,0.36,21.10,8.80,8.80,21.10,-21.88,-55.30,1494,G4,151.79,6.32days
16/02/2026 03:00:03,sell,0.04,AUDCHF,0.54393,02/03/2026 08:31:04,0.54424,0.00,-6.16,-3.10,-7.78,6.28,12.90,-46.07,-79.10,1494,G4,341.52,14.23days
19/02/2026 10:30:04,sell,0.06,AUDCHF,0.54637,02/03/2026 08:31:01,0.54425,0.00,-5.96,21.20,10.56,20.55,33.50,-46.96,-54.70,1494,G4,262.02,10.92days
25/02/2026 07:00:03,sell,0.09,AUDCHF,0.54911,02/03/2026 08:30:58,0.54419,0.00,-5.01,49.20,52.52,66.79,60.90,-34.70,-27.30,1494,G4,121.52,5.06days
06/02/2026 21:00:06,sell,0.04,AUDCAD,0.95790,02/03/2026 08:02:47,0.96668,0.00,-4.37,-87.80,-30.08,2.57,10.00,-53.85,-170.50,1494,G4,563.04,23.46days
09/02/2026 02:30:03,sell,0.06,AUDCAD,0.96060,02/03/2026 08:02:44,0.96669,0.00,-6.26,-60.90,-33.01,16.12,37.00,-68.63,-143.50,1494,G4,509.54,21.23days
11/02/2026 16:00:04,sell,0.09,AUDCAD,0.96638,02/03/2026 08:02:41,0.96673,0.00,-8.50,-3.50,-10.80,40.41,63.70,-64.01,-85.70,1494,G4,448.04,18.67days
20/02/2026 19:00:06,sell,0.14,AUDCAD,0.96918,02/03/2026 08:02:38,0.96668,0.00,-5.76,25.00,19.86,46.44,46.90,-63.42,-57.70,1494,G4,229.04,9.54days
26/02/2026 04:00:03,sell,0.28,AUDCAD,0.97408,02/03/2026 08:02:35,0.96668,0.00,-2.88,74.00,148.79,192.74,95.40,-17.82,-8.70,1494,G4,100.04,4.17days
26/02/2026 22:00:02,sell,0.04,AUDUSD,0.71078,02/03/2026 07:15:43,0.70861,0.00,-0.06,21.70,8.62,20.58,50.90,-9.91,-24.70,1494,G4,81.26,3.39days
24/02/2026 09:00:03,sell,0.04,EURUSD,1.17788,02/03/2026 01:32:52,1.17595,0.00,0.83,19.30,8.55,8.55,19.30,-19.53,-50.20,1494,G4,136.55,5.69days
20/02/2026 10:30:03,sell,0.04,EURCAD,1.60992,02/03/2026 00:23:13,1.60734,0.00,-0.55,25.80,7.00,7.00,25.80,-21.18,-71.10,1494,G4,229.89,9.58days
23/02/2026 03:30:03,sell,0.06,EURCAD,1.61526,02/03/2026 00:23:10,1.60734,0.00,-0.69,79.20,34.09,34.09,79.20,-8.25,-17.70,1494,G4,164.89,6.87days
19/02/2026 02:30:03,sell,0.04,NZDCHF,0.46083,02/03/2026 00:18:36,0.45753,0.00,-2.44,33.00,14.74,14.74,33.00,-19.44,-35.30,1494,G4,261.81,10.91days
19/02/2026 18:30:01,sell,0.06,NZDCHF,0.46286,02/03/2026 00:18:33,0.45753,0.00,-3.69,53.30,37.93,37.93,53.30,-13.47,-15.00,1494,G4,245.81,10.24days
26/02/2026 23:00:03,buy,0.04,EURJPY,184.26900,27/02/2026 18:53:14,184.46800,0.00,0.03,19.90,5.13,5.13,19.90,-13.57,-52.90,9319,G4,19.89,19.89hrs
26/02/2026 11:30:03,buy,0.04,EURUSD,1.18021,27/02/2026 18:39:07,1.18232,0.00,-0.29,21.10,8.15,8.15,21.10,-11.24,-28.10,9319,G4,31.15,1.30days
26/02/2026 14:30:04,sell,0.04,EURAUD,1.65837,27/02/2026 07:28:38,1.65626,0.00,0.14,21.10,6.16,6.16,21.30,-22.94,-81.10,1494,G4,16.98,16.98hrs
19/02/2026 10:00:03,buy,0.04,EURGBP,0.87349,26/02/2026 19:32:21,0.87435,0.00,-2.99,8.60,1.64,8.01,14.90,-16.24,-27.30,9319,G4,177.54,7.40days
24/02/2026 18:00:06,buy,0.06,EURGBP,0.87121,26/02/2026 19:32:17,0.87422,0.00,-2.57,30.10,21.76,22.64,31.20,-3.89,-4.00,9319,G4,49.54,2.06days
17/02/2026 15:30:00,sell,0.04,AUDNZD,1.16937,26/02/2026 16:01:18,1.18826,0.00,-2.12,-188.90,-47.33,0.14,0.60,-49.75,-198.80,1494,G4,216.52,9.02days
17/02/2026 19:00:00,sell,0.06,AUDNZD,1.17176,26/02/2026 16:01:15,1.18825,0.00,-3.15,-164.90,-62.35,3.46,10.30,-66.00,-174.90,1494,G4,213.02,8.88days
18/02/2026 05:00:03,sell,0.09,AUDNZD,1.17719,26/02/2026 16:01:09,1.18828,0.00,-4.31,-110.90,-64.04,0.00,0.00,-69.32,-120.60,1494,G4,203.02,8.46days
18/02/2026 18:00:03,sell,0.14,AUDNZD,1.17985,26/02/2026 16:00:59,1.18827,0.00,-6.71,-84.20,-77.26,0.00,0.00,-85.53,-94.00,1494,G4,190.02,7.92days
20/02/2026 16:00:00,sell,0.28,AUDNZD,1.18443,26/02/2026 16:00:17,1.18827,0.00,-8.19,-38.40,-72.54,51.99,31.80,-89.02,-48.20,1494,G4,144.00,6.00days
26/02/2026 16:00:05,sell,0.56,AUDNZD,1.18812,26/02/2026 16:00:11,1.18830,0.00,0.00,-1.80,-6.04,0.00,0.00,-6.04,-1.80,1494,G4,0.00,0.00hrs
23/02/2026 04:30:09,buy,0.04,NZDUSD,0.59869,26/02/2026 03:21:36,0.60087,0.00,-0.64,21.80,8.08,8.08,21.80,-17.57,-43.60,9319,G4,70.86,2.95days
23/02/2026 10:30:03,buy,0.04,NZDCAD,0.81725,25/02/2026 19:03:08,0.81994,0.00,-0.10,26.90,7.76,7.76,26.90,-5.81,-19.90,9319,G4,56.55,2.36days
25/02/2026 11:30:03,buy,0.04,GBPUSD,1.35152,25/02/2026 18:02:34,1.35378,0.00,0.00,22.60,9.04,9.04,22.60,-9.44,-23.60,9319,G4,6.54,6.54hrs
25/02/2026 14:00:04,buy,0.04,AUDUSD,0.70806,25/02/2026 17:49:07,0.71022,0.00,0.00,21.60,8.64,8.64,21.60,0.00,0.00,9319,G4,3.82,3.82hrs
13/02/2026 14:00:02,buy,0.04,GBPCHF,1.04701,25/02/2026 15:15:50,1.04778,0.00,2.41,7.70,6.39,20.81,39.60,-24.86,-50.90,9319,G4,289.26,12.05days
17/02/2026 16:00:04,buy,0.06,GBPCHF,1.04302,25/02/2026 15:15:47,1.04779,0.00,2.91,47.70,39.87,39.87,47.70,-7.02,-11.00,9319,G4,191.26,7.97days
23/02/2026 04:30:04,buy,0.04,AUDUSD,0.70756,25/02/2026 04:32:03,0.70857,0.00,-0.02,10.10,4.02,5.64,14.10,-19.01,-47.50,9319,G4,48.03,2.00days
24/02/2026 15:00:03,buy,0.06,AUDUSD,0.70426,25/02/2026 04:31:59,0.70864,0.00,-0.02,43.80,26.26,26.26,43.80,-8.70,-14.50,9319,G4,13.53,13.53hrs
16/02/2026 16:30:03,buy,0.04,GBPCAD,1.85752,24/02/2026 17:13:50,1.85185,0.00,0.54,-56.70,-15.99,4.22,14.40,-51.33,-176.90,9319,G4,192.73,8.03days
17/02/2026 14:30:04,buy,0.06,GBPCAD,1.85075,24/02/2026 17:13:47,1.85180,0.00,0.71,10.50,5.30,15.26,34.50,-47.42,-109.20,9319,G4,170.73,7.11days
19/02/2026 15:00:03,buy,0.09,GBPCAD,1.84349,24/02/2026 17:13:43,1.85179,0.00,0.45,83.00,54.90,54.90,83.00,-24.00,-36.60,9319,G4,122.23,5.09days
20/02/2026 07:00:02,sell,0.04,AUDUSD,0.70315,24/02/2026 16:14:50,0.70291,0.00,-0.06,2.40,0.90,0.90,2.40,-32.27,-80.60,1494,G4,105.25,4.39days
20/02/2026 18:30:00,sell,0.06,AUDUSD,0.70714,24/02/2026 16:14:42,0.70286,0.00,-0.10,42.80,25.58,25.58,42.80,-24.47,-40.70,1494,G4,93.75,3.91days
16/02/2026 16:00:02,buy,0.04,GBPUSD,1.36338,23/02/2026 08:27:57,1.35337,0.00,-0.27,-100.10,-40.31,2.28,5.70,-79.55,-198.40,9319,G4,160.47,6.69days
17/02/2026 10:00:02,buy,0.06,GBPUSD,1.35635,23/02/2026 08:27:54,1.35334,0.00,-0.31,-30.10,-18.37,23.16,38.60,-77.07,-128.10,9319,G4,142.46,5.94days
18/02/2026 23:00:03,buy,0.09,GBPUSD,1.35006,23/02/2026 08:27:51,1.35335,0.00,-0.40,32.90,29.21,29.21,32.90,-58.92,-65.20,9319,G4,105.46,4.39days
20/02/2026 05:00:02,buy,0.14,GBPUSD,1.34417,23/02/2026 08:27:49,1.35330,0.00,-0.12,91.30,127.70,127.70,91.30,-6.02,-4.30,9319,G4,75.46,3.14days
20/02/2026 03:00:03,buy,0.04,NZDUSD,0.59658,23/02/2026 01:28:40,0.59869,0.00,-0.12,21.10,8.32,8.32,21.10,-10.80,-27.00,9319,G4,70.48,2.94days
20/02/2026 14:00:03,buy,0.04,AUDNZD,1.18357,20/02/2026 17:21:53,1.18565,0.00,0.00,20.80,4.96,4.96,20.80,-0.79,-3.30,9319,G4,3.36,3.36hrs
18/02/2026 03:30:04,buy,0.04,AUDUSD,0.70773,20/02/2026 17:01:41,0.70827,0.00,-0.08,5.40,2.08,2.08,5.40,-24.12,-60.10,9319,G4,61.53,2.56days
18/02/2026 22:00:00,buy,0.06,AUDUSD,0.70387,20/02/2026 17:01:40,0.70799,0.00,-0.13,41.20,24.59,24.59,41.20,-13.03,-21.50,9319,G4,43.03,1.79days
12/02/2026 11:00:03,buy,0.04,AUDCHF,0.54796,20/02/2026 11:20:18,0.54754,0.00,1.50,-4.20,-0.66,6.55,12.60,-32.35,-62.50,9319,G4,192.34,8.01days
13/02/2026 09:00:03,buy,0.06,AUDCHF,0.54368,20/02/2026 11:20:17,0.54755,0.00,1.99,38.70,31.93,32.25,39.10,-15.38,-19.70,9319,G4,170.34,7.10days
19/02/2026 12:00:03,buy,0.04,AUDNZD,1.18161,20/02/2026 09:10:13,1.18375,0.00,0.05,21.40,5.15,5.24,21.80,-3.27,-13.70,9319,G4,21.17,21.17hrs
19/02/2026 20:00:03,sell,0.04,EURCAD,1.61123,20/02/2026 07:37:40,1.60893,0.00,-0.07,23.00,6.65,6.65,23.00,-2.66,-9.10,1494,G4,11.63,11.63hrs
18/02/2026 21:30:00,buy,0.04,NZDJPY,92.36600,19/02/2026 03:55:17,92.57300,0.00,0.05,20.70,5.40,5.57,21.40,-3.83,-15.00,9319,G4,6.42,6.42hrs
12/02/2026 08:00:03,buy,0.04,AUDCAD,0.96753,19/02/2026 03:42:25,0.96682,0.00,0.42,-7.10,-1.66,6.56,22.30,-22.50,-76.80,9319,G4,163.71,6.82days
13/02/2026 10:00:04,buy,0.09,AUDCAD,0.96225,19/02/2026 03:42:24,0.96681,0.00,0.84,45.60,30.81,31.09,46.60,-15.86,-24.00,9319,G4,137.71,5.74days
12/02/2026 23:30:00,buy,0.06,AUDCAD,0.96489,19/02/2026 03:42:24,0.96681,0.00,0.64,19.20,9.05,9.21,20.20,-22.12,-50.40,9319,G4,148.21,6.18days
06/02/2026 05:00:28,sell,0.04,NZDUSD,0.59578,19/02/2026 02:38:08,0.59603,0.00,0.72,-2.50,-0.28,0.00,0.00,-47.31,-119.10,1494,G4,309.63,12.90days
06/02/2026 20:30:00,sell,0.06,NZDUSD,0.60208,19/02/2026 02:38:07,0.59605,0.00,1.09,60.30,37.27,37.27,60.30,-33.16,-56.10,1494,G4,294.14,12.26days
18/02/2026 11:00:03,sell,0.04,NZDCHF,0.46307,18/02/2026 21:37:08,0.46083,0.00,0.00,22.40,11.60,11.60,22.40,-5.03,-9.70,1494,G4,10.62,10.62hrs
17/02/2026 20:00:00,sell,0.04,AUDUSD,0.70654,18/02/2026 21:18:19,0.70441,0.00,-0.03,21.30,8.49,8.49,21.30,-9.84,-24.60,1494,G4,25.31,1.05days
18/02/2026 14:30:04,buy,0.04,AUDJPY,108.69300,18/02/2026 16:37:08,108.95200,0.00,0.00,25.90,6.71,6.71,25.90,-2.58,-9.90,9319,G4,2.12,2.12hrs
18/02/2026 11:00:09,sell,0.04,NZDCAD,0.82012,18/02/2026 16:30:44,0.81748,0.00,0.00,26.40,7.72,7.72,26.40,-4.01,-13.70,1494,G4,5.51,5.51hrs
18/02/2026 11:30:04,sell,0.04,NZDJPY,92.39700,18/02/2026 15:24:13,92.17600,0.00,0.00,22.10,5.75,5.75,22.10,-1.30,-5.00,1494,G4,3.90,3.90hrs
06/02/2026 12:30:01,sell,0.06,NZDCAD,0.81894,18/02/2026 05:01:43,0.81886,0.00,-1.06,0.80,-0.71,3.96,9.50,-29.01,-63.80,1494,G4,280.53,11.69days
06/02/2026 05:00:11,sell,0.04,NZDCAD,0.81632,18/02/2026 05:01:43,0.81886,0.00,-0.72,-25.40,-8.17,0.03,0.10,-27.04,-90.00,1494,G4,288.03,12.00days
06/02/2026 21:00:00,sell,0.09,NZDCAD,0.82163,18/02/2026 05:01:42,0.81889,0.00,-1.60,27.40,16.47,23.82,36.40,-25.78,-36.90,1494,G4,272.03,11.33days
17/02/2026 13:00:03,sell,0.14,NZDCAD,0.82503,18/02/2026 05:01:41,0.81890,0.00,-0.25,61.30,62.64,62.64,61.30,-2.98,-2.90,1494,G4,16.03,16.03hrs
12/02/2026 05:30:03,buy,0.04,AUDNZD,1.17806,18/02/2026 03:01:39,1.17633,0.00,0.20,-17.30,-3.96,0.15,0.60,-24.14,-100.40,9319,G4,141.53,5.90days
13/02/2026 10:00:10,buy,0.09,AUDNZD,1.17209,18/02/2026 03:01:38,1.17633,0.00,0.35,42.40,23.30,23.30,42.40,-21.92,-40.70,9319,G4,113.02,4.71days
12/02/2026 10:05:39,buy,0.06,AUDNZD,1.17514,18/02/2026 03:01:38,1.17640,0.00,0.32,12.60,4.87,4.87,12.60,-25.60,-71.20,9319,G4,136.93,5.71days
17/02/2026 14:00:00,buy,0.14,AUDNZD,1.16942,18/02/2026 03:01:36,1.17636,0.00,0.18,69.40,58.62,58.62,69.40,-2.11,-2.50,9319,G4,13.03,13.03hrs
17/02/2026 07:30:03,sell,0.04,AUDUSD,0.70618,17/02/2026 16:51:52,0.70409,0.00,0.00,20.90,8.36,8.36,20.90,-5.20,-13.00,1494,G4,9.36,9.36hrs
10/02/2026 14:30:04,buy,0.04,EURGBP,0.87031,17/02/2026 14:46:46,0.87291,0.00,-2.94,26.00,11.15,11.15,26.00,-11.15,-19.00,9319,G4,168.28,7.01days
17/02/2026 10:00:08,sell,0.04,AUDNZD,1.17187,17/02/2026 12:25:30,1.16981,0.00,0.00,20.60,4.99,4.99,20.60,-0.36,-1.50,1494,G4,2.42,2.42hrs
10/02/2026 21:30:09,sell,0.04,EURCHF,0.91380,17/02/2026 07:31:09,0.91097,0.00,-3.42,28.30,11.29,11.29,28.30,-16.28,-30.50,1494,G4,154.02,6.42days
13/02/2026 11:30:03,sell,0.04,EURUSD,1.18624,17/02/2026 05:03:25,1.18420,0.00,0.24,20.40,8.40,8.68,21.10,-7.56,-18.90,1494,G4,89.56,3.73days
16/02/2026 03:00:08,sell,0.04,AUDUSD,0.70762,17/02/2026 04:04:02,0.70550,0.00,-0.02,21.20,8.46,8.46,21.20,-8.04,-20.10,1494,G4,25.07,1.04days
12/02/2026 21:30:03,buy,0.04,EURCAD,1.61521,13/02/2026 15:30:15,1.61745,0.00,-0.12,22.40,6.46,6.46,22.40,-5.62,-18.70,9319,G4,18.00,18.00hrs
13/02/2026 11:30:09,buy,0.04,GBPCAD,1.85330,13/02/2026 15:26:51,1.85569,0.00,0.00,23.90,7.01,7.01,23.90,-1.56,-5.30,9319,G4,3.94,3.94hrs
13/02/2026 11:00:04,sell,0.04,GBPUSD,1.36225,13/02/2026 14:02:15,1.36021,0.00,0.00,20.40,8.16,8.16,20.40,-2.44,-6.10,1494,G4,3.04,3.04hrs
10/02/2026 23:00:08,sell,0.04,GBPUSD,1.36417,13/02/2026 09:08:12,1.35956,0.00,-0.19,46.10,18.25,18.25,46.10,-28.16,-70.30,1494,G4,58.13,2.42days
11/02/2026 12:00:03,sell,0.06,GBPUSD,1.36949,13/02/2026 09:08:11,1.35955,0.00,-0.23,99.40,59.41,59.41,99.40,-10.26,-17.10,1494,G4,45.14,1.88days
12/02/2026 10:30:00,sell,0.04,EURUSD,1.18771,13/02/2026 08:45:21,1.18562,0.00,0.12,20.90,8.48,8.64,21.30,-5.24,-13.10,1494,G4,22.26,22.26hrs
10/02/2026 23:00:03,buy,0.04,USDCHF,0.76808,12/02/2026 15:30:14,0.76998,0.00,0.97,19.00,10.84,25.24,48.30,-16.18,-31.40,9319,G4,40.50,1.69days
10/02/2026 21:30:00,sell,0.04,GBPCHF,1.04862,12/02/2026 12:31:26,1.04735,0.00,-3.87,12.70,2.74,11.63,24.10,-35.28,-66.30,1494,G4,39.02,1.63days
11/02/2026 17:00:03,sell,0.06,GBPCHF,1.05391,12/02/2026 12:31:25,1.04736,0.00,-4.35,65.50,46.84,46.84,65.50,-10.40,-13.40,1494,G4,19.52,19.52hrs
12/02/2026 02:30:04,sell,0.04,EURUSD,1.18757,12/02/2026 08:33:45,1.18544,0.00,0.00,21.30,8.52,8.52,21.30,-3.48,-8.70,1494,G4,6.06,6.06hrs
06/02/2026 05:00:17,sell,0.04,AUDUSD,0.69373,12/02/2026 04:00:10,0.71450,0.00,-0.13,-207.70,-83.21,1.04,2.60,-83.77,-209.10,1494,G4,143.00,5.96days
06/02/2026 18:00:00,sell,0.09,AUDUSD,0.70056,12/02/2026 04:00:08,0.71450,0.00,-0.30,-139.40,-125.76,0.00,0.00,-127.02,-140.80,1494,G4,130.00,5.42days
06/02/2026 12:00:00,sell,0.06,AUDUSD,0.69750,12/02/2026 04:00:08,0.71450,0.00,-0.20,-170.00,-102.20,3.30,5.50,-103.04,-171.40,1494,G4,136.00,5.67days
09/02/2026 16:00:03,sell,0.14,AUDUSD,0.70556,12/02/2026 04:00:07,0.71451,0.00,-0.36,-89.50,-125.66,0.00,0.00,-127.48,-90.80,1494,G4,60.00,2.50days
12/02/2026 04:00:03,sell,0.56,AUDUSD,0.71441,12/02/2026 04:00:06,0.71453,0.00,0.00,-1.20,-6.72,0.00,0.00,-6.72,-1.20,1494,G4,0.00,0.00hrs
10/02/2026 04:00:02,sell,0.28,AUDUSD,0.70871,12/02/2026 04:00:06,0.71453,0.00,-0.60,-58.20,-163.56,59.36,21.20,-166.64,-59.30,1494,G4,48.00,2.00days
10/02/2026 23:00:14,sell,0.04,EURUSD,1.18940,11/02/2026 22:58:28,1.18729,0.00,0.12,21.10,8.56,19.32,48.00,-13.32,-33.60,1494,G4,23.97,23.97hrs
04/02/2026 17:00:00,buy,0.04,GBPCHF,1.06250,11/02/2026 16:36:07,1.05421,0.00,1.73,-82.90,-41.21,0.00,0.00,-95.32,-184.80,9319,G4,167.60,6.98days
05/02/2026 11:30:03,buy,0.06,GBPCHF,1.05657,11/02/2026 16:36:06,1.05419,0.00,1.47,-23.80,-17.02,13.89,18.00,-97.49,-125.50,9319,G4,149.10,6.21days
05/02/2026 18:00:00,buy,0.09,GBPCHF,1.05142,11/02/2026 16:36:05,1.05418,0.00,2.20,27.60,34.37,73.90,63.40,-85.55,-74.00,9319,G4,142.60,5.94days
10/02/2026 12:00:00,buy,0.14,GBPCHF,1.04657,11/02/2026 16:36:02,1.05404,0.00,0.83,74.70,136.28,136.28,74.70,-46.75,-25.50,9319,G4,28.60,1.19days
09/02/2026 20:00:05,buy,0.04,NZDUSD,0.60505,11/02/2026 12:56:37,0.60716,0.00,-0.26,21.10,8.18,8.18,21.30,-7.01,-17.20,9319,G4,40.94,1.71days
02/02/2026 10:00:00,sell,0.04,AUDNZD,1.15562,11/02/2026 08:00:11,1.17396,0.00,-1.34,-183.40,-45.81,0.12,0.50,-49.27,-197.60,1494,G4,214.00,8.92days
03/02/2026 07:00:03,sell,0.09,AUDNZD,1.16134,11/02/2026 08:00:10,1.17396,0.00,-2.70,-126.20,-71.56,14.24,26.10,-79.32,-140.40,1494,G4,193.00,8.04days
02/02/2026 17:30:00,sell,0.06,AUDNZD,1.15830,11/02/2026 08:00:10,1.17395,0.00,-2.02,-156.50,-58.94,3.98,11.60,-64.16,-170.80,1494,G4,206.50,8.60days
04/02/2026 07:00:02,sell,0.14,AUDNZD,1.16371,11/02/2026 08:00:09,1.17396,0.00,-3.73,-102.50,-90.73,12.48,16.60,-102.80,-116.70,1494,G4,169.00,7.04days
09/02/2026 08:00:05,sell,0.28,AUDNZD,1.16772,11/02/2026 08:00:08,1.17395,0.00,-2.58,-62.30,-108.33,0.17,0.10,-132.64,-76.60,1494,G4,48.00,2.00days
11/02/2026 08:00:04,sell,0.56,AUDNZD,1.17381,11/02/2026 08:00:07,1.17395,0.00,0.00,-1.40,-4.75,0.00,0.00,-4.75,-1.40,1494,G4,0.00,0.00hrs
10/02/2026 21:30:06,sell,0.04,USDCAD,1.35467,11/02/2026 05:25:51,1.35218,0.00,-0.22,24.90,7.15,7.15,24.90,-3.33,-11.30,1494,G4,7.93,7.93hrs
09/02/2026 23:00:02,buy,0.04,AUDNZD,1.17142,11/02/2026 04:18:13,1.17371,0.00,0.10,22.90,5.65,5.65,22.90,-5.13,-21.40,9319,G4,29.30,1.22days
10/02/2026 02:30:03,buy,0.04,AUDUSD,0.70828,11/02/2026 04:18:03,0.71040,0.00,-0.03,21.20,8.45,8.45,21.20,-7.40,-18.50,9319,G4,25.80,1.07days
10/02/2026 09:00:02,buy,0.04,AUDCAD,0.95838,11/02/2026 03:46:50,0.96054,0.00,0.05,21.60,6.43,6.43,21.60,-4.88,-16.50,9319,G4,18.78,18.78hrs
06/02/2026 11:00:00,sell,0.06,AUDCHF,0.54195,10/02/2026 16:49:49,0.54001,0.00,-1.26,19.40,13.98,13.98,19.40,-32.40,-41.10,1494,G4,101.83,4.24days
06/02/2026 05:00:00,sell,0.04,AUDCHF,0.53905,10/02/2026 16:49:49,0.54002,0.00,-0.84,-9.70,-5.92,0.31,0.60,-36.55,-70.10,1494,G4,107.83,4.49days
09/02/2026 03:00:03,sell,0.09,AUDCHF,0.54458,10/02/2026 16:49:47,0.53998,0.00,-0.94,46.00,53.27,53.27,46.00,-15.30,-13.20,1494,G4,37.83,1.58days
10/02/2026 14:30:07,sell,0.04,GBPCHF,1.04813,10/02/2026 16:14:46,1.04603,0.00,0.00,21.00,10.98,10.98,21.00,-7.20,-13.80,1494,G4,1.74,1.74hrs
10/02/2026 03:00:03,buy,0.04,GBPCAD,1.85569,10/02/2026 14:58:10,1.85784,0.00,0.00,21.50,6.33,6.33,21.50,-9.32,-31.60,9319,G4,11.97,11.97hrs
06/02/2026 05:00:05,sell,0.04,CADJPY,114.39400,10/02/2026 14:42:12,114.33300,0.00,-0.34,6.10,1.24,1.31,6.40,-22.92,-89.60,1494,G4,105.70,4.40days
06/02/2026 16:00:07,sell,0.06,CADJPY,114.91000,10/02/2026 14:42:10,114.33400,0.00,-0.52,57.60,21.76,21.92,58.00,-14.73,-38.00,1494,G4,94.70,3.95days
10/02/2026 07:30:07,sell,0.04,GBPCHF,1.04941,10/02/2026 11:24:20,1.04678,0.00,0.00,26.30,13.74,13.74,26.30,-2.35,-4.50,1494,G4,3.90,3.90hrs
09/02/2026 16:30:00,buy,0.04,GBPCAD,1.85373,09/02/2026 17:18:20,1.85618,0.00,0.00,24.50,7.21,7.21,24.50,-5.09,-17.30,9319,G4,0.81,0.81hrs
09/02/2026 13:30:00,sell,0.04,GBPCHF,1.05059,09/02/2026 16:03:31,1.04853,0.00,0.00,20.60,10.72,10.72,20.60,-10.37,-20.00,1494,G4,2.56,2.56hrs
09/02/2026 01:30:03,buy,0.04,GBPCAD,1.85785,09/02/2026 13:55:49,1.85995,0.00,0.00,21.00,6.16,6.16,21.00,-10.61,-36.20,9319,G4,12.43,12.43hrs
03/02/2026 21:30:14,sell,0.04,USDCHF,0.77551,09/02/2026 09:41:04,0.77265,0.00,-3.75,28.60,11.06,11.21,28.90,-19.40,-32.80,1494,G4,132.18,5.51days
06/02/2026 05:00:22,buy,0.04,EURGBP,0.87027,09/02/2026 09:02:34,0.87066,0.00,-0.43,3.90,1.69,1.69,3.90,-16.15,-29.70,9319,G4,76.04,3.17days
06/02/2026 14:00:01,buy,0.06,EURGBP,0.86798,09/02/2026 09:02:33,0.87064,0.00,-0.64,26.60,21.08,21.08,26.60,-5.55,-6.80,9319,G4,67.04,2.79days
09/02/2026 05:30:05,sell,0.04,GBPCHF,1.05547,09/02/2026 08:28:32,1.05344,0.00,0.00,20.30,10.49,10.54,20.40,-0.88,-1.70,1494,G4,2.97,2.97hrs
06/02/2026 16:00:04,sell,0.04,CHFJPY,201.96600,09/02/2026 03:30:39,201.90500,0.00,0.01,6.10,1.57,1.57,6.10,-23.23,-91.50,1494,G4,59.51,2.48days
06/02/2026 21:30:00,sell,0.06,CHFJPY,202.53400,09/02/2026 03:30:38,201.89400,0.00,0.02,64.00,24.56,24.56,64.00,-13.20,-34.70,1494,G4,54.01,2.25days
05/02/2026 03:00:03,buy,0.04,EURUSD,1.18051,09/02/2026 02:04:02,1.18306,0.00,-0.56,25.50,9.64,9.64,25.50,-15.40,-37.80,9319,G4,95.07,3.96days
05/02/2026 06:30:03,buy,0.04,AUDNZD,1.16421,09/02/2026 01:05:36,1.16633,0.00,0.02,21.20,5.13,5.13,21.20,-5.54,-23.10,9319,G4,90.59,3.77days
03/02/2026 21:30:17,buy,0.06,AUDCHF,0.54353,06/02/2026 15:22:10,0.54358,0.00,1.36,0.50,1.75,23.46,30.00,-52.72,-70.10,9319,G4,65.86,2.74days
03/02/2026 12:00:03,buy,0.04,AUDCHF,0.54574,06/02/2026 15:22:10,0.54353,0.00,0.91,-22.10,-10.45,4.25,7.90,-46.51,-92.20,9319,G4,75.37,3.14days
06/02/2026 02:00:02,buy,0.09,AUDCHF,0.53801,06/02/2026 15:22:08,0.54358,0.00,0.00,55.70,64.44,65.25,56.40,-17.24,-14.90,9319,G4,13.37,13.37hrs
05/02/2026 19:00:04,sell,0.04,USDJPY,156.91700,06/02/2026 02:01:44,156.67700,0.00,-0.43,24.00,5.70,5.70,24.00,-4.74,-18.60,1494,G4,7.03,7.03hrs
05/02/2026 08:30:04,sell,0.04,CADJPY,114.67300,06/02/2026 01:39:51,114.45000,0.00,-0.17,22.30,5.51,5.51,22.30,-6.03,-23.70,1494,G4,17.16,17.16hrs
05/02/2026 19:30:03,sell,0.04,AUDCHF,0.54166,05/02/2026 23:35:47,0.53948,0.00,0.00,21.80,11.20,11.20,21.80,-2.78,-5.40,1494,G4,4.10,4.10hrs
05/02/2026 20:00:00,sell,0.04,NZDJPY,93.83500,05/02/2026 23:08:46,93.54700,0.00,0.00,28.80,7.34,7.34,28.80,-0.94,-3.70,1494,G4,3.15,3.15hrs
05/02/2026 19:30:09,sell,0.04,NZDCAD,0.81868,05/02/2026 23:08:18,0.81604,0.00,0.00,26.40,7.71,7.71,26.40,-0.06,-0.20,1494,G4,3.64,3.64hrs
05/02/2026 14:00:06,sell,0.04,NZDUSD,0.59915,05/02/2026 22:40:29,0.59688,0.00,0.00,22.70,9.08,9.44,23.60,-4.28,-10.70,1494,G4,8.67,8.67hrs
04/02/2026 22:30:09,sell,0.04,NZDCHF,0.46607,05/02/2026 17:33:12,0.46372,0.00,-0.91,23.50,11.20,11.25,23.60,-5.23,-8.40,1494,G4,19.05,19.05hrs
04/02/2026 22:30:03,sell,0.04,NZDCAD,0.82024,05/02/2026 17:13:15,0.81735,0.00,-0.30,28.90,8.16,8.16,28.90,-1.88,-5.40,1494,G4,18.72,18.72hrs
05/02/2026 10:00:03,sell,0.04,NZDJPY,94.07100,05/02/2026 17:00:22,93.86000,0.00,0.00,21.10,5.39,5.39,21.10,-4.55,-17.90,1494,G4,7.01,7.01hrs
05/02/2026 08:30:10,sell,0.04,USDJPY,156.92300,05/02/2026 15:30:10,156.69900,0.00,0.00,22.40,5.72,5.72,22.40,-10.78,-42.40,1494,G4,7.00,7.00hrs
05/02/2026 14:00:00,buy,0.04,EURGBP,0.86650,05/02/2026 14:00:15,0.86866,0.00,0.00,21.60,11.73,11.73,21.60,0.00,0.00,9319,G4,0.00,0.00hrs
04/02/2026 19:00:02,sell,0.04,GBPAUD,1.95229,05/02/2026 10:13:34,1.94990,0.00,-0.56,23.90,6.12,6.12,23.90,-14.59,-52.30,1494,G4,15.23,15.23hrs
05/02/2026 06:00:05,buy,0.04,EURJPY,184.86100,05/02/2026 08:00:08,185.07200,0.00,0.00,21.10,5.38,5.38,21.10,-0.20,-0.80,9319,G4,2.00,2.00hrs
28/01/2026 07:30:04,buy,0.04,EURNZD,1.99155,05/02/2026 04:16:53,1.97238,0.00,-1.72,-191.70,-47.56,0.00,0.00,-47.56,-191.70,9319,G4,188.78,7.87days
29/01/2026 08:00:06,buy,0.09,EURNZD,1.96843,05/02/2026 04:16:52,1.97253,0.00,-3.00,41.00,19.06,19.06,41.00,-98.62,-178.60,9319,G4,164.28,6.84days
28/01/2026 17:00:00,buy,0.06,EURNZD,1.98265,05/02/2026 04:16:52,1.97246,0.00,-2.58,-101.90,-39.12,0.18,0.50,-39.12,-101.90,9319,G4,179.28,7.47days
03/02/2026 07:00:08,buy,0.14,EURNZD,1.95718,05/02/2026 04:16:50,1.97247,0.00,-2.83,152.90,125.13,125.13,152.90,-56.09,-66.10,9319,G4,45.28,1.89days
02/02/2026 20:30:02,sell,0.04,GBPUSD,1.36585,04/02/2026 18:03:02,1.36570,0.00,-0.10,1.50,0.50,0.50,1.50,-29.42,-73.30,1494,G4,45.55,1.90days
04/02/2026 07:30:03,sell,0.06,GBPUSD,1.37152,04/02/2026 18:03:01,1.36572,0.00,0.00,58.00,34.80,34.80,58.00,-9.96,-16.60,1494,G4,10.55,10.55hrs
04/02/2026 15:00:03,sell,0.04,NZDJPY,94.39400,04/02/2026 16:08:10,94.18100,0.00,0.00,21.30,5.44,5.44,21.30,-2.25,-8.80,1494,G4,1.14,1.14hrs
04/02/2026 09:30:03,buy,0.04,GBPCAD,1.86947,04/02/2026 10:41:38,1.87179,0.00,0.00,23.20,6.81,6.81,23.20,-1.09,-3.70,9319,G4,1.19,1.19hrs
04/02/2026 06:00:04,buy,0.04,GBPCHF,1.06274,04/02/2026 10:10:16,1.06537,0.00,0.00,26.30,13.56,13.56,26.30,-0.31,-0.60,9319,G4,4.17,4.17hrs
03/02/2026 21:30:08,buy,0.04,EURUSD,1.18126,04/02/2026 07:00:46,1.18340,0.00,-0.28,21.40,8.28,8.28,21.40,-0.88,-2.10,9319,G4,9.51,9.51hrs
03/02/2026 21:30:03,buy,0.04,GBPUSD,1.36856,04/02/2026 03:21:15,1.37062,0.00,-0.03,20.60,8.21,8.21,20.60,-0.80,-2.00,9319,G4,5.85,5.85hrs
03/02/2026 17:30:00,buy,0.04,EURJPY,183.97100,04/02/2026 03:01:44,184.39200,0.00,0.04,42.10,10.83,10.83,42.10,-4.11,-16.00,9319,G4,9.53,9.53hrs
30/01/2026 06:00:03,sell,0.04,EURCHF,0.91616,03/02/2026 17:54:05,0.91597,0.00,-0.99,1.90,-0.01,6.81,1.90,-0.01,-56.20,1494,G4,107.90,4.50days
02/02/2026 13:00:02,sell,0.06,EURCHF,0.92042,03/02/2026 17:54:04,0.91597,0.00,-0.74,44.50,33.69,33.69,44.50,-10.44,-13.60,1494,G4,28.90,1.20days
28/01/2026 05:00:04,buy,0.04,GBPCAD,1.87824,03/02/2026 11:14:48,1.87163,0.00,0.42,-66.10,-18.91,0.00,0.00,-18.91,-66.10,9319,G4,150.25,6.26days
28/01/2026 11:00:00,buy,0.06,GBPCAD,1.87194,03/02/2026 11:14:47,1.87162,0.00,0.64,-3.20,-0.76,0.32,0.00,-0.76,-3.20,9319,G4,144.25,6.01days
29/01/2026 22:00:03,buy,0.09,GBPCAD,1.86173,03/02/2026 11:14:46,1.87155,0.00,0.48,98.20,65.09,65.09,98.20,-37.69,-56.90,9319,G4,109.25,4.55days
03/02/2026 05:30:19,buy,0.04,EURJPY,183.55000,03/02/2026 10:51:41,183.75700,0.00,0.00,20.70,5.33,5.33,20.70,-1.47,-5.70,9319,G4,5.36,5.36hrs
02/02/2026 21:00:03,buy,0.04,NZDCHF,0.46806,03/02/2026 09:36:15,0.47017,0.00,0.10,21.10,10.96,10.96,21.10,-2.05,-4.00,9319,G4,12.60,12.60hrs
29/01/2026 10:30:04,buy,0.04,AUDNZD,1.16367,03/02/2026 05:30:44,1.16070,0.00,0.09,-29.70,-7.06,1.33,5.50,-7.06,-29.70,9319,G4,115.01,4.79days
29/01/2026 18:30:00,buy,0.06,AUDNZD,1.15863,03/02/2026 05:30:43,1.16064,0.00,0.16,20.10,7.42,7.42,20.10,-20.61,-57.50,9319,G4,107.01,4.46days
02/02/2026 07:00:00,buy,0.09,AUDNZD,1.15335,03/02/2026 05:30:42,1.16071,0.00,0.03,73.60,39.86,39.86,73.60,-1.83,-3.40,9319,G4,22.51,22.51hrs
29/01/2026 10:30:06,buy,0.04,AUDCHF,0.54193,02/02/2026 15:36:31,0.54063,0.00,0.36,-13.00,-6.31,5.00,9.60,-6.31,-13.00,9319,G4,101.11,4.21days
29/01/2026 18:00:00,buy,0.06,AUDCHF,0.53600,02/02/2026 15:36:30,0.54064,0.00,0.54,46.40,36.29,36.29,46.40,-13.51,-18.10,9319,G4,93.61,3.90days
02/02/2026 13:00:09,sell,0.04,EURUSD,1.18631,02/02/2026 15:03:23,1.18372,0.00,0.00,25.90,10.36,10.36,25.90,-3.00,-7.50,1494,G4,2.05,2.05hrs
26/01/2026 06:00:03,buy,0.06,GBPCHF,1.06160,02/02/2026 12:58:01,1.06354,0.00,2.62,19.40,17.62,17.62,19.40,-61.32,-78.20,9319,G4,174.97,7.29days
23/01/2026 21:00:04,buy,0.04,GBPCHF,1.06897,02/02/2026 12:58:01,1.06364,0.00,2.00,-53.30,-25.47,0.00,0.00,-25.47,-53.30,9319,G4,231.97,9.67days
28/01/2026 10:00:04,buy,0.09,GBPCHF,1.05580,02/02/2026 12:58:00,1.06354,0.00,2.80,77.40,92.57,92.57,77.40,-7.54,-8.30,9319,G4,122.97,5.12days
02/02/2026 05:00:03,sell,0.04,AUDCAD,0.94741,02/02/2026 08:24:01,0.94522,0.00,0.00,21.90,6.40,6.40,21.90,-1.85,-6.70,1494,G4,3.40,3.40hrs
02/02/2026 03:30:03,sell,0.04,NZDUSD,0.60212,02/02/2026 07:53:40,0.59985,0.00,0.00,22.70,9.08,9.08,22.70,-3.84,-9.60,1494,G4,4.39,4.39hrs
02/02/2026 03:00:03,sell,0.04,AUDNZD,1.15515,02/02/2026 06:05:47,1.15311,0.00,0.00,20.40,4.90,4.90,20.40,-1.57,-6.50,1494,G4,3.10,3.10hrs
02/02/2026 03:00:08,sell,0.04,AUDUSD,0.69631,02/02/2026 05:36:33,0.69408,0.00,0.00,22.30,8.92,8.92,22.30,-1.96,-4.90,1494,G4,2.61,2.61hrs
30/01/2026 21:00:03,buy,0.04,EURJPY,183.41300,02/02/2026 00:33:30,184.07300,0.00,0.04,66.00,17.03,17.03,66.00,-2.17,-8.40,9319,G4,51.56,2.15days
22/01/2026 14:00:05,sell,0.04,EURUSD,1.17019,30/01/2026 23:02:38,1.18536,0.00,0.97,-151.70,-59.71,0.00,0.00,-59.71,-151.70,1494,G4,201.04,8.38days
27/01/2026 12:30:03,sell,0.06,EURUSD,1.18806,30/01/2026 23:02:37,1.18536,0.00,0.94,27.00,17.14,17.14,27.00,-109.50,-182.50,1494,G4,82.54,3.44days
30/01/2026 02:00:03,sell,0.09,EURUSD,1.19670,30/01/2026 23:02:36,1.18535,0.00,0.00,113.50,102.15,102.15,113.50,-5.67,-6.30,1494,G4,21.04,21.04hrs
30/01/2026 10:30:04,buy,0.04,USDCHF,0.76778,30/01/2026 17:47:29,0.77011,0.00,0.00,23.30,12.10,12.10,23.30,-7.10,-13.60,9319,G4,7.29,7.29hrs
30/01/2026 15:30:04,sell,0.04,GBPCAD,1.86036,30/01/2026 17:00:09,1.85816,0.00,0.00,22.00,6.51,6.51,22.00,-6.67,-22.60,1494,G4,1.50,1.50hrs
30/01/2026 06:30:04,buy,0.04,USDCAD,1.35190,30/01/2026 11:45:56,1.35403,0.00,0.00,21.30,6.29,6.29,21.30,-2.99,-10.10,9319,G4,5.26,5.26hrs
30/01/2026 02:00:10,sell,0.04,GBPUSD,1.38075,30/01/2026 02:31:31,1.37854,0.00,0.00,22.10,8.84,8.84,22.10,-2.68,-6.70,1494,G4,0.52,0.52hrs
27/01/2026 20:00:00,sell,0.04,EURCHF,0.91812,29/01/2026 23:34:29,0.91560,0.00,-2.00,25.20,11.17,11.17,25.20,-15.22,-28.40,1494,G4,51.57,2.15days
29/01/2026 12:30:04,buy,0.04,EURJPY,183.27700,29/01/2026 23:05:57,183.21300,0.00,0.00,-6.40,-1.67,3.68,14.10,-1.67,-6.40,9319,G4,10.60,10.60hrs
29/01/2026 18:30:04,buy,0.06,EURJPY,182.57800,29/01/2026 23:05:56,183.21300,0.00,0.00,63.50,24.87,24.87,63.50,-2.43,-6.20,9319,G4,4.60,4.60hrs
27/01/2026 05:00:06,sell,0.04,AUDUSD,0.69223,29/01/2026 17:28:34,0.69782,0.00,-0.05,-55.90,-22.41,7.72,19.30,-22.41,-55.90,1494,G4,60.47,2.52days
28/01/2026 09:00:04,sell,0.09,AUDUSD,0.69997,29/01/2026 17:28:33,0.69775,0.00,-0.08,22.20,19.90,19.90,22.20,-85.31,-94.70,1494,G4,32.47,1.35days
27/01/2026 17:00:00,sell,0.06,AUDUSD,0.69596,29/01/2026 17:28:33,0.69777,0.00,-0.08,-18.10,-10.94,0.00,0.00,-10.94,-18.10,1494,G4,48.48,2.02days
29/01/2026 02:00:04,sell,0.14,AUDUSD,0.70394,29/01/2026 17:28:31,0.69777,0.00,0.00,61.70,86.38,86.38,61.70,-77.00,-55.00,1494,G4,15.47,15.47hrs
28/01/2026 06:00:04,sell,0.04,AUDCHF,0.53517,29/01/2026 17:20:30,0.53787,0.00,-1.26,-27.00,-15.29,0.57,1.10,-15.29,-27.00,1494,G4,35.34,1.47days
28/01/2026 21:00:33,sell,0.06,AUDCHF,0.53900,29/01/2026 17:20:29,0.53780,0.00,-1.90,12.00,7.45,7.45,12.00,-33.48,-40.40,1494,G4,20.33,20.33hrs
29/01/2026 08:00:11,sell,0.09,AUDCHF,0.54264,29/01/2026 17:20:25,0.53753,0.00,0.00,51.10,59.76,59.76,51.10,-4.69,-4.00,1494,G4,9.34,9.34hrs
28/01/2026 08:30:04,buy,0.06,GBPAUD,1.97133,29/01/2026 17:20:16,1.97027,0.00,-0.71,-10.60,-5.15,2.10,5.00,-5.15,-10.60,9319,G4,32.84,1.37days
27/01/2026 23:30:01,buy,0.04,GBPAUD,1.97582,29/01/2026 17:20:16,1.97030,0.00,-0.63,-55.20,-16.05,1.97,7.60,-16.05,-55.20,9319,G4,41.84,1.74days
28/01/2026 14:00:00,buy,0.09,GBPAUD,1.96662,29/01/2026 17:20:15,1.97044,0.00,-1.06,38.20,22.95,22.95,38.20,-101.16,-156.90,9319,G4,27.34,1.14days
29/01/2026 07:00:02,buy,0.14,GBPAUD,1.95191,29/01/2026 17:20:14,1.97057,0.00,0.00,186.60,182.41,182.41,186.60,-7.25,-7.30,9319,G4,10.34,10.34hrs
28/01/2026 09:00:10,sell,0.04,NZDCAD,0.81868,29/01/2026 17:19:39,0.81808,0.00,-0.21,6.00,1.56,1.56,6.00,-15.06,-50.20,1494,G4,32.32,1.35days
29/01/2026 06:00:03,sell,0.06,NZDCAD,0.82218,29/01/2026 17:19:37,0.81808,0.00,0.00,41.00,18.14,18.14,41.00,-6.74,-15.20,1494,G4,11.33,11.33hrs
29/01/2026 16:30:03,sell,0.04,NZDUSD,0.60845,29/01/2026 17:04:07,0.60638,0.00,0.00,20.70,8.28,8.28,20.70,-0.72,-1.80,1494,G4,0.57,0.57hrs
28/01/2026 21:00:16,sell,0.04,AUDCAD,0.95030,29/01/2026 13:01:35,0.95319,0.00,-0.56,-28.90,-9.09,0.00,0.00,-9.09,-28.90,1494,G4,16.02,16.02hrs
29/01/2026 05:30:03,sell,0.06,AUDCAD,0.95568,29/01/2026 13:01:34,0.95319,0.00,0.00,24.90,11.01,11.01,24.90,-14.60,-32.90,1494,G4,7.53,7.53hrs
29/01/2026 08:00:00,sell,0.09,AUDCAD,0.95853,29/01/2026 13:01:33,0.95321,0.00,0.00,53.20,35.31,35.31,53.20,-0.40,-0.60,1494,G4,5.03,5.03hrs
23/01/2026 21:00:11,buy,0.04,AUDCHF,0.54069,28/01/2026 23:18:29,0.54086,0.00,0.53,1.70,1.42,1.42,1.70,-38.26,-73.80,9319,G4,122.31,5.10days
26/01/2026 06:00:10,buy,0.06,AUDCHF,0.53728,28/01/2026 23:18:28,0.54088,0.00,0.54,36.00,28.63,28.63,36.00,-30.80,-39.70,9319,G4,65.31,2.72days
28/01/2026 15:30:04,buy,0.04,NZDCHF,0.46289,28/01/2026 21:11:28,0.46499,0.00,0.00,21.00,10.88,10.88,21.00,-1.46,-2.80,9319,G4,5.69,5.69hrs
23/01/2026 22:30:11,sell,0.04,EURGBP,0.86701,28/01/2026 17:56:28,0.86676,0.00,0.17,2.50,1.55,1.55,2.50,-20.32,-36.90,1494,G4,115.44,4.81days
27/01/2026 18:30:04,sell,0.06,EURGBP,0.86963,28/01/2026 17:56:27,0.86674,0.00,0.09,28.90,24.00,24.00,28.90,-8.89,-10.70,1494,G4,23.44,23.44hrs
27/01/2026 11:30:04,buy,0.04,NZDJPY,92.16600,28/01/2026 17:11:09,92.41800,0.00,0.01,25.20,6.57,6.57,25.20,-17.29,-66.30,9319,G4,29.68,1.24days
28/01/2026 06:30:03,buy,0.04,AUDJPY,106.76700,28/01/2026 16:03:08,107.00500,0.00,0.00,23.80,6.22,6.22,23.80,-2.33,-8.90,9319,G4,9.55,9.55hrs
26/01/2026 18:30:07,buy,0.06,AUDNZD,1.15770,28/01/2026 02:30:32,1.16157,0.00,0.14,38.70,14.14,14.14,38.70,-3.95,-11.00,9319,G4,32.01,1.33days
23/01/2026 19:00:04,buy,0.04,AUDNZD,1.16015,28/01/2026 02:30:32,1.16166,0.00,0.11,15.10,3.75,3.75,15.10,-8.47,-35.50,9319,G4,103.51,4.31days
22/01/2026 18:00:04,buy,0.04,EURGBP,0.87067,27/01/2026 22:48:44,0.87094,0.00,-1.25,2.70,0.24,0.24,2.70,-26.66,-48.30,9319,G4,124.81,5.20days
23/01/2026 13:00:04,buy,0.06,EURGBP,0.86757,27/01/2026 22:48:43,0.87089,0.00,-1.25,33.20,26.35,26.35,33.20,-14.11,-17.30,9319,G4,105.81,4.41days
27/01/2026 19:00:03,buy,0.04,GBPAUD,1.97518,27/01/2026 22:47:27,1.97777,0.00,0.00,25.90,7.25,7.25,25.90,-3.63,-13.00,9319,G4,3.79,3.79hrs
27/01/2026 22:30:10,buy,0.04,EURNZD,1.99129,27/01/2026 22:47:07,1.99361,0.00,0.00,23.20,5.60,5.60,23.20,-2.82,-11.70,9319,G4,0.28,0.28hrs
27/01/2026 22:30:04,buy,0.04,EURAUD,1.71648,27/01/2026 22:46:35,1.71887,0.00,0.00,23.90,6.68,6.68,23.90,-2.43,-8.70,9319,G4,0.28,0.28hrs
18/11/2025 19:00:09,sell,0.06,CADCHF,0.57120,27/01/2026 22:45:20,0.56230,0.00,-31.45,89.00,38.33,38.33,89.00,-108.27,-134.30,1494,G4,1683.75,70.16days
14/11/2025 18:00:04,sell,0.04,CADCHF,0.56552,27/01/2026 22:45:20,0.56231,0.00,-21.50,32.10,-4.72,2.07,32.10,-4.72,-191.10,1494,G4,1780.75,74.20days
05/12/2025 17:00:06,sell,0.09,CADCHF,0.57926,27/01/2026 22:45:19,0.56229,0.00,-34.86,169.70,164.73,164.73,169.70,-60.41,-53.70,1494,G4,1277.75,53.24days
27/01/2026 10:00:03,sell,0.04,AUDCHF,0.53771,27/01/2026 14:26:48,0.53558,0.00,0.00,21.30,11.05,11.05,21.30,-2.06,-4.00,1494,G4,4.45,4.45hrs
26/01/2026 20:30:13,buy,0.04,GBPUSD,1.37011,27/01/2026 14:17:48,1.37225,0.00,-0.04,21.40,8.52,8.52,21.40,-13.76,-34.30,9319,G4,17.79,17.79hrs
26/01/2026 20:30:07,buy,0.04,EURUSD,1.18869,27/01/2026 14:17:48,1.19083,0.00,-0.27,21.40,8.29,8.29,21.40,-14.07,-34.50,9319,G4,17.79,17.79hrs
27/01/2026 02:00:05,sell,0.04,EURCHF,0.92299,27/01/2026 14:13:13,0.92092,0.00,0.00,20.70,10.70,10.70,20.70,-3.34,-6.50,1494,G4,12.22,12.22hrs
26/01/2026 20:30:00,buy,0.04,GBPAUD,1.97533,26/01/2026 22:01:02,1.97772,0.00,0.00,23.90,6.62,6.62,23.90,-1.66,-6.00,9319,G4,1.52,1.52hrs
26/01/2026 10:30:03,buy,0.04,EURAUD,1.71309,26/01/2026 17:41:58,1.71513,0.00,0.00,20.40,5.65,5.65,20.40,-5.13,-18.50,9319,G4,7.20,7.20hrs
26/01/2026 15:00:00,buy,0.04,GBPAUD,1.97451,26/01/2026 17:41:15,1.97705,0.00,0.00,25.40,7.04,7.04,25.40,-5.05,-18.20,9319,G4,2.69,2.69hrs
26/01/2026 06:30:04,buy,0.04,NZDUSD,0.59607,26/01/2026 16:47:28,0.59836,0.00,0.00,22.90,9.16,9.16,22.90,-3.80,-9.50,9319,G4,10.29,10.29hrs
26/01/2026 03:30:05,buy,0.04,EURCAD,1.62328,26/01/2026 16:35:05,1.62557,0.00,0.00,22.90,6.69,6.69,22.90,-7.51,-25.70,9319,G4,13.08,13.08hrs
26/01/2026 09:00:05,buy,0.04,AUDCAD,0.94572,26/01/2026 16:29:14,0.94818,0.00,0.00,24.60,7.19,7.19,24.60,-0.53,-1.80,9319,G4,7.49,7.49hrs
26/01/2026 07:00:05,buy,0.04,GBPCAD,1.86893,26/01/2026 13:47:23,1.87109,0.00,0.00,21.60,6.32,6.32,21.60,-3.04,-10.40,9319,G4,6.79,6.79hrs
26/01/2026 11:00:19,buy,0.04,GBPNZD,2.28928,26/01/2026 13:22:18,2.29146,0.00,0.00,21.80,5.21,5.21,21.80,-2.46,-10.30,9319,G4,2.37,2.37hrs
26/01/2026 11:00:06,buy,0.04,GBPAUD,1.97405,26/01/2026 13:11:36,1.97619,0.00,0.00,21.40,5.92,5.92,21.40,-1.94,-7.00,9319,G4,2.19,2.19hrs
26/01/2026 03:00:08,sell,0.04,EURCHF,0.92190,26/01/2026 11:39:50,0.91984,0.00,0.00,20.60,10.62,10.62,20.60,-5.60,-10.90,1494,G4,8.66,8.66hrs
23/01/2026 22:30:05,sell,0.04,EURNZD,1.98851,26/01/2026 10:16:28,1.98616,0.00,-0.03,23.50,5.57,5.57,23.50,-18.43,-77.70,1494,G4,59.77,2.49days
23/01/2026 02:30:04,sell,0.04,USDJPY,158.48300,23/01/2026 09:45:02,157.54000,0.00,0.00,94.30,23.94,23.94,94.30,-18.49,-73.60,1494,G4,7.25,7.25hrs
22/01/2026 21:00:06,sell,0.04,CADJPY,114.84500,23/01/2026 09:44:19,114.24100,0.00,-0.16,60.40,15.17,15.17,60.40,-14.81,-58.30,1494,G4,12.74,12.74hrs
23/01/2026 02:00:07,sell,0.04,EURAUD,1.71853,23/01/2026 03:03:49,1.71650,0.00,0.00,20.30,5.56,5.56,20.30,0.00,0.00,1494,G4,1.06,1.06hrs
22/01/2026 13:00:04,sell,0.04,GBPCHF,1.06680,22/01/2026 13:15:44,1.06421,0.00,0.00,25.90,13.06,13.06,25.90,-2.32,-4.60,1494,G4,0.26,0.26hrs
08/12/2025 06:30:03,sell,0.04,EURJPY,180.73900,16/01/2026 04:40:20,183.49900,0.00,-11.17,-276.00,-81.03,0.10,0.40,-81.03,-276.00,1494,G4,934.17,38.92days
08/12/2025 22:30:01,sell,0.06,EURJPY,181.43800,16/01/2026 04:40:19,183.48200,0.00,-16.74,-204.40,-94.37,1.14,4.00,-94.37,-204.40,1494,G4,918.17,38.26days
09/12/2025 19:00:05,sell,0.09,EURJPY,182.54700,16/01/2026 04:40:18,183.52500,0.00,-24.49,-97.80,-80.19,50.76,95.50,-80.19,-97.80,1494,G4,897.67,37.40days
19/12/2025 13:00:03,sell,0.14,EURJPY,184.32000,16/01/2026 04:40:17,183.58300,0.00,-26.67,73.70,38.60,38.60,73.70,-133.71,-125.40,1494,G4,663.67,27.65days
13/01/2026 12:00:16,sell,0.28,EURJPY,185.44300,16/01/2026 04:40:16,183.55500,0.00,-7.84,188.80,326.63,326.63,188.80,-24.58,-13.10,1494,G4,64.67,2.69days
18/12/2025 02:00:05,sell,0.04,AUDNZD,1.14409,06/01/2026 20:00:14,1.16473,0.00,-2.75,-206.40,-50.50,0.30,1.30,-50.50,-206.40,1494,G4,474.00,19.75days
18/12/2025 09:30:02,sell,0.06,AUDNZD,1.14643,06/01/2026 20:00:11,1.16476,0.00,-4.12,-183.30,-67.73,5.52,15.90,-67.73,-183.30,1494,G4,466.50,19.44days
29/12/2025 04:00:04,sell,0.14,AUDNZD,1.15256,06/01/2026 20:00:10,1.16471,0.00,-4.52,-121.50,-102.91,2.85,3.50,-102.91,-121.50,1494,G4,208.00,8.67days
19/12/2025 12:00:04,sell,0.09,AUDNZD,1.14946,06/01/2026 20:00:10,1.16471,0.00,-5.80,-152.50,-85.19,16.78,33.30,-85.19,-152.50,1494,G4,440.00,18.33days
31/12/2025 12:00:05,sell,0.28,AUDNZD,1.15895,06/01/2026 20:00:09,1.16473,0.00,-6.81,-57.80,-100.42,7.59,6.70,-100.42,-57.80,1494,G4,152.00,6.33days
06/01/2026 20:00:04,sell,0.56,AUDNZD,1.16459,06/01/2026 20:00:08,1.16469,0.00,0.00,-1.00,-3.24,0.00,0.00,-3.24,-1.00,1494,G4,0.00,0.00hrs
02/12/2025 17:30:13,sell,0.04,GBPUSD,1.31921,06/01/2026 08:00:23,1.35514,0.00,-1.84,-359.30,-145.56,0.00,0.00,-145.56,-359.30,1494,G4,830.50,34.60days
03/12/2025 12:00:08,sell,0.06,GBPUSD,1.32783,06/01/2026 08:00:22,1.35515,0.00,-2.70,-273.20,-166.62,0.96,1.60,-166.62,-273.20,1494,G4,812.00,33.83days
11/12/2025 15:00:04,sell,0.14,GBPUSD,1.33885,06/01/2026 08:00:21,1.35515,0.00,-4.80,-163.00,-233.00,104.06,75.00,-233.00,-163.00,1494,G4,617.00,25.71days
03/12/2025 19:00:00,sell,0.09,GBPUSD,1.33313,06/01/2026 08:00:21,1.35515,0.00,-4.07,-220.20,-202.25,34.84,39.30,-202.25,-220.20,1494,G4,805.01,33.54days
06/01/2026 08:00:16,sell,0.56,GBPUSD,1.35499,06/01/2026 08:00:20,1.35516,0.00,0.00,-1.70,-9.52,0.00,0.00,-9.52,-1.70,1494,G4,0.00,0.00hrs
23/12/2025 04:00:05,sell,0.28,GBPUSD,1.34776,06/01/2026 08:00:20,1.35515,0.00,-4.71,-73.90,-211.63,190.85,69.10,-211.63,-73.90,1494,G4,340.00,14.17days
03/12/2025 02:30:25,sell,0.06,AUDUSD,0.65605,06/01/2026 08:00:12,0.67282,0.00,-0.27,-167.70,-100.89,1.86,3.10,-100.89,-167.70,1494,G4,821.50,34.23days
02/12/2025 02:00:03,sell,0.04,AUDUSD,0.65414,06/01/2026 08:00:12,0.67282,0.00,-0.15,-186.80,-74.87,0.44,1.10,-74.87,-186.80,1494,G4,846.00,35.25days
04/12/2025 04:00:05,sell,0.09,AUDUSD,0.66056,06/01/2026 08:00:09,0.67281,0.00,-0.41,-122.50,-110.66,8.99,10.80,-110.66,-122.50,1494,G4,796.00,33.17days
05/12/2025 17:00:12,sell,0.14,AUDUSD,0.66436,06/01/2026 08:00:08,0.67281,0.00,-0.59,-84.50,-118.89,67.26,48.80,-118.89,-84.50,1494,G4,759.00,31.62days
06/01/2026 08:00:04,sell,0.56,AUDUSD,0.67262,06/01/2026 08:00:07,0.67281,0.00,0.00,-1.90,-10.64,0.00,0.00,-10.64,-1.90,1494,G4,0.00,0.00hrs
23/12/2025 16:00:02,sell,0.28,AUDUSD,0.66853,06/01/2026 08:00:07,0.67281,0.00,1.09,-42.80,-118.75,66.40,23.30,-118.75,-42.80,1494,G4,328.00,13.67days
22/12/2025 12:30:03,buy,0.04,NZDCHF,0.45906,05/01/2026 17:47:33,0.45905,0.00,0.91,-0.10,0.86,0.86,16.90,-19.32,-0.10,9319,G4,341.29,14.22days
31/12/2025 18:00:06,buy,0.06,NZDCHF,0.45571,05/01/2026 17:47:32,0.45905,0.00,0.49,33.40,25.74,25.74,33.40,-2.54,-4.00,9319,G4,119.79,4.99days
28/11/2025 18:30:04,sell,0.04,EURUSD,1.15956,05/01/2026 01:05:05,1.17063,0.00,5.52,-110.70,-38.76,1.96,4.50,-38.76,-110.70,1494,G4,894.58,37.27days
12/12/2025 18:00:12,sell,0.09,EURUSD,1.17384,05/01/2026 01:05:04,1.17060,0.00,7.54,32.40,36.70,36.70,32.40,-59.82,-69.90,1494,G4,559.08,23.30days
05/12/2025 09:00:05,sell,0.06,EURUSD,1.16590,05/01/2026 01:05:04,1.17064,0.00,6.65,-47.40,-21.79,25.00,40.90,-21.79,-47.40,1494,G4,736.08,30.67days
26/12/2025 06:00:04,sell,0.14,EURUSD,1.17827,05/01/2026 01:05:02,1.17059,0.00,5.13,76.80,112.65,112.65,76.80,-20.58,-14.70,1494,G4,235.08,9.80days
27/11/2025 16:30:04,sell,0.04,NZDUSD,0.57162,31/12/2025 17:04:22,0.57549,0.00,1.83,-38.70,-13.65,4.40,10.90,-13.65,-38.70,1494,G4,816.57,34.02days
03/12/2025 20:30:04,sell,0.06,NZDUSD,0.57724,31/12/2025 17:04:21,0.57549,0.00,2.41,17.50,12.91,12.91,17.50,-46.72,-80.80,1494,G4,668.57,27.86days
23/12/2025 13:00:04,sell,0.09,NZDUSD,0.58388,31/12/2025 17:04:20,0.57554,0.00,1.13,83.40,76.19,76.19,83.40,-12.82,-14.40,1494,G4,196.07,8.17days
22/12/2025 22:30:03,buy,0.04,GBPCHF,1.06608,29/12/2025 13:16:45,1.06786,0.00,1.76,17.80,10.76,10.76,17.80,-16.88,-36.20,9319,G4,158.78,6.62days
22/12/2025 06:00:01,buy,0.04,AUDNZD,1.14831,29/12/2025 01:18:33,1.15179,0.00,0.28,34.80,8.39,8.39,34.80,-5.52,-23.80,9319,G4,163.31,6.80days
22/12/2025 20:30:08,buy,0.04,AUDCHF,0.52740,24/12/2025 18:05:48,0.52944,0.00,0.30,20.40,10.64,10.64,20.40,-6.69,-13.50,9319,G4,45.59,1.90days
08/12/2025 21:00:01,buy,0.04,USDCHF,0.80682,24/12/2025 08:00:12,0.78697,0.00,4.29,-198.50,-96.60,6.32,12.20,-96.60,-198.50,9319,G4,371.00,15.46days
10/12/2025 16:30:05,buy,0.06,USDCHF,0.80351,24/12/2025 08:00:11,0.78697,0.00,5.62,-165.40,-120.48,0.00,0.00,-120.48,-165.40,9319,G4,327.50,13.65days
11/12/2025 03:00:05,buy,0.09,USDCHF,0.79956,24/12/2025 08:00:10,0.78697,0.00,6.54,-125.90,-137.44,4.84,4.30,-137.44,-125.90,9319,G4,317.00,13.21days
11/12/2025 16:00:01,buy,0.14,USDCHF,0.79561,24/12/2025 08:00:09,0.78696,0.00,10.14,-86.50,-143.74,56.92,30.30,-143.74,-86.50,9319,G4,304.00,12.67days
23/12/2025 04:00:11,buy,0.28,USDCHF,0.79066,24/12/2025 08:00:08,0.78696,0.00,1.78,-37.00,-129.87,2.48,0.70,-129.87,-37.00,9319,G4,28.00,1.17days
24/12/2025 08:00:04,buy,0.56,USDCHF,0.78714,24/12/2025 08:00:07,0.78696,0.00,0.00,-1.80,-12.81,0.00,0.00,-12.81,-1.80,9319,G4,0.00,0.00hrs
19/12/2025 02:00:04,sell,0.04,EURCHF,0.93102,23/12/2025 14:32:01,0.92860,0.00,-0.98,24.20,11.33,11.33,24.20,-12.79,-23.40,1494,G4,108.53,4.52days
22/12/2025 20:30:03,sell,0.04,GBPAUD,2.02216,23/12/2025 10:50:36,2.01991,0.00,-0.24,22.50,5.78,5.78,22.50,-6.95,-26.00,1494,G4,14.34,14.34hrs
22/12/2025 18:00:04,buy,0.04,AUDCAD,0.91493,23/12/2025 10:20:47,0.91711,0.00,0.04,21.80,6.39,6.39,21.80,-2.91,-10.00,9319,G4,16.35,16.35hrs
22/12/2025 21:30:05,buy,0.04,AUDUSD,0.66543,23/12/2025 10:15:31,0.66812,0.00,-0.06,26.90,10.70,10.70,26.90,-1.06,-2.50,9319,G4,12.76,12.76hrs
22/12/2025 19:30:04,buy,0.04,EURUSD,1.17594,23/12/2025 10:11:12,1.17824,0.00,-0.28,23.00,8.92,8.92,23.00,-4.24,-10.60,9319,G4,14.69,14.69hrs
22/12/2025 19:00:06,buy,0.04,NZDCAD,0.79680,23/12/2025 10:08:16,0.79949,0.00,-0.04,26.90,7.80,7.80,26.90,-3.93,-13.50,9319,G4,15.14,15.14hrs
11/12/2025 01:30:03,buy,0.04,NZDUSD,0.58132,23/12/2025 09:05:03,0.58175,0.00,-1.22,4.30,0.50,0.50,4.30,-31.77,-77.00,9319,G4,295.58,12.32days
18/12/2025 06:30:04,buy,0.06,NZDUSD,0.57573,23/12/2025 09:05:01,0.58175,0.00,-0.57,60.20,35.55,35.55,60.20,-12.85,-21.10,9319,G4,122.58,5.11days
18/12/2025 18:30:05,sell,0.04,CADJPY,112.95300,23/12/2025 07:13:10,113.52800,0.00,-0.51,-57.50,-15.26,2.32,9.00,-15.26,-57.50,1494,G4,108.72,4.53days
19/12/2025 11:00:03,sell,0.06,CADJPY,113.81400,23/12/2025 07:13:09,113.52900,0.00,-0.49,28.50,10.48,10.48,28.50,-22.95,-60.20,1494,G4,92.22,3.84days
22/12/2025 12:00:04,sell,0.09,CADJPY,114.33100,23/12/2025 07:13:08,113.53200,0.00,-0.33,79.90,45.78,45.78,79.90,-1.49,-2.60,1494,G4,19.22,19.22hrs
22/12/2025 18:00:09,buy,0.04,GBPCAD,1.84886,22/12/2025 19:30:57,1.85105,0.00,0.00,21.90,6.37,6.37,21.90,-2.15,-7.40,9319,G4,1.51,1.51hrs
19/12/2025 08:30:05,sell,0.04,EURAUD,1.77364,19/12/2025 16:50:29,1.77144,0.00,0.00,22.00,5.83,5.83,22.00,-2.46,-9.30,1494,G4,8.34,8.34hrs
11/12/2025 22:00:04,sell,0.04,EURCHF,0.93340,18/12/2025 22:55:06,0.93095,0.00,-3.41,24.50,8.93,8.93,24.50,-17.73,-32.40,1494,G4,168.92,7.04days
15/12/2025 20:00:04,sell,0.06,EURCHF,0.93596,18/12/2025 22:55:04,0.93094,0.00,-3.65,50.20,34.27,34.27,50.20,-5.85,-6.80,1494,G4,74.92,3.12days
12/12/2025 15:30:05,sell,0.04,GBPCHF,1.06431,17/12/2025 14:16:58,1.06180,0.00,-3.03,25.10,9.58,9.58,25.10,-24.33,-44.40,1494,G4,118.78,4.95days
16/12/2025 14:00:04,sell,0.06,GBPCHF,1.06839,17/12/2025 14:16:43,1.06178,0.00,-1.52,66.10,48.28,48.28,66.10,-0.60,-0.80,1494,G4,24.28,1.01days
15/12/2025 09:00:04,buy,0.04,EURGBP,0.87802,17/12/2025 09:53:15,0.87896,0.00,-0.93,9.40,4.07,4.07,9.40,-17.52,-30.90,9319,G4,48.89,2.04days
16/12/2025 20:00:06,buy,0.06,EURGBP,0.87640,17/12/2025 09:53:14,0.87890,0.00,-0.70,25.00,19.29,19.29,25.00,-12.54,-14.70,9319,G4,13.89,13.89hrs
11/12/2025 20:00:04,sell,0.06,EURGBP,0.87583,16/12/2025 22:55:47,0.87487,0.00,0.43,9.60,8.17,8.17,9.60,-29.87,-37.80,1494,G4,122.93,5.12days
04/12/2025 20:30:01,sell,0.04,EURGBP,0.87351,16/12/2025 22:55:47,0.87486,0.00,0.92,-13.50,-6.33,7.05,12.70,-6.33,-13.50,1494,G4,290.43,12.10days
12/12/2025 18:00:05,sell,0.09,EURGBP,0.87888,16/12/2025 22:55:45,0.87486,0.00,0.43,40.20,49.03,49.03,40.20,-8.35,-7.30,1494,G4,100.93,4.21days
11/12/2025 18:30:11,sell,0.04,AUDNZD,1.14595,16/12/2025 17:43:28,1.14549,0.00,-0.53,4.60,0.54,0.54,4.60,-13.73,-57.90,1494,G4,119.22,4.97days
15/12/2025 05:00:04,sell,0.06,AUDNZD,1.14961,16/12/2025 17:43:26,1.14551,0.00,-0.25,41.00,13.99,13.99,41.00,-7.38,-21.30,1494,G4,36.72,1.53days
11/12/2025 21:30:00,buy,0.04,GBPCAD,1.84650,16/12/2025 11:30:59,1.84702,0.00,0.36,5.20,1.87,1.87,5.20,-23.51,-81.70,9319,G4,110.02,4.58days
12/12/2025 11:30:11,buy,0.06,GBPCAD,1.84101,16/12/2025 11:30:57,1.84697,0.00,0.37,59.60,26.33,26.33,59.60,-11.50,-26.80,9319,G4,96.01,4.00days
11/12/2025 22:30:00,sell,0.04,AUDCHF,0.52942,16/12/2025 03:48:46,0.52701,0.00,-1.27,24.10,10.84,10.84,24.10,-7.83,-14.70,1494,G4,101.31,4.22days
11/12/2025 18:30:06,sell,0.04,CADJPY,112.68100,15/12/2025 08:00:16,112.64300,0.00,-0.34,3.80,0.64,0.64,3.80,-19.75,-76.40,1494,G4,85.50,3.56days
12/12/2025 11:30:04,sell,0.06,CADJPY,113.25900,15/12/2025 08:00:15,112.64500,0.00,-0.26,61.40,23.50,23.50,61.40,-7.15,-18.60,1494,G4,68.50,2.85days
05/12/2025 22:30:04,buy,0.04,AUDNZD,1.14964,15/12/2025 04:06:49,1.14898,0.00,0.39,-6.60,-1.13,4.67,19.60,-1.13,-6.60,9319,G4,221.61,9.23days
08/12/2025 12:00:06,buy,0.06,AUDNZD,1.14743,15/12/2025 04:06:48,1.14905,0.00,0.50,16.20,6.13,6.13,16.20,-11.99,-35.90,9319,G4,160.11,6.67days
11/12/2025 07:00:04,buy,0.09,AUDNZD,1.14512,15/12/2025 04:06:46,1.14926,0.00,0.22,41.40,21.78,21.78,41.40,-6.46,-12.80,9319,G4,93.11,3.88days
11/12/2025 21:00:11,sell,0.04,NZDJPY,90.35300,15/12/2025 04:06:08,90.11600,0.00,-0.36,23.70,5.73,5.73,23.70,-9.23,-35.30,1494,G4,79.10,3.30days
11/12/2025 23:30:01,buy,0.04,EURCAD,1.61667,12/12/2025 18:20:03,1.61878,0.00,-0.11,21.10,6.01,6.01,21.10,-11.77,-40.10,9319,G4,18.83,18.83hrs
02/12/2025 04:30:04,buy,0.04,EURAUD,1.77419,12/12/2025 17:27:48,1.76527,0.00,-4.39,-89.20,-28.11,0.13,0.50,-28.11,-89.20,9319,G4,252.96,10.54days
03/12/2025 18:30:08,buy,0.06,EURAUD,1.76790,12/12/2025 17:27:47,1.76526,0.00,-6.05,-26.40,-16.58,5.90,14.90,-16.58,-26.40,9319,G4,214.96,8.96days
04/12/2025 21:00:03,buy,0.09,EURAUD,1.76184,12/12/2025 17:27:46,1.76523,0.00,-6.75,33.90,13.52,13.52,33.90,-84.63,-137.30,9319,G4,188.46,7.85days
05/12/2025 16:00:07,buy,0.14,EURAUD,1.75445,12/12/2025 17:27:44,1.76525,0.00,-9.30,108.00,91.19,91.19,108.00,-61.61,-63.40,9319,G4,169.46,7.06days
01/12/2025 22:30:01,buy,0.04,EURGBP,0.87871,12/12/2025 16:17:17,0.87752,0.00,-5.89,-11.90,-12.25,6.35,12.90,-12.25,-11.90,9319,G4,257.79,10.74days
03/12/2025 17:30:04,buy,0.06,EURGBP,0.87562,12/12/2025 16:17:16,0.87752,0.00,-7.51,19.00,7.72,7.72,19.00,-32.20,-35.10,9319,G4,214.79,8.95days
04/12/2025 18:00:03,buy,0.09,EURGBP,0.87298,12/12/2025 16:17:15,0.87748,0.00,-8.20,45.00,45.92,45.92,45.00,-13.52,-8.70,9319,G4,190.29,7.93days
10/12/2025 19:30:04,sell,0.04,NZDCHF,0.46430,11/12/2025 18:24:19,0.46169,0.00,-0.85,26.10,12.30,12.30,26.10,-6.85,-13.00,1494,G4,22.90,22.90hrs
11/12/2025 12:00:04,buy,0.04,EURCAD,1.61566,11/12/2025 17:52:46,1.61785,0.00,0.00,21.90,6.37,6.37,21.90,-1.16,-4.00,9319,G4,5.88,5.88hrs
04/12/2025 19:30:05,buy,0.04,EURNZD,2.01937,11/12/2025 17:32:08,2.01816,0.00,-1.14,-12.10,-3.96,5.46,24.20,-3.96,-12.10,9319,G4,166.03,6.92days
09/12/2025 18:00:56,buy,0.06,EURNZD,2.01067,11/12/2025 17:32:07,2.01815,0.00,-1.08,74.80,25.05,25.05,74.80,-5.48,-15.00,9319,G4,47.52,1.98days
11/12/2025 08:30:16,sell,0.04,NZDJPY,90.38500,11/12/2025 17:00:12,90.16900,0.00,0.00,21.60,5.57,5.57,21.60,-5.36,-20.90,1494,G4,8.50,8.50hrs
09/12/2025 03:30:05,sell,0.04,CADJPY,112.52900,11/12/2025 16:58:15,112.55300,0.00,-0.69,-2.40,-1.31,1.34,5.20,-1.31,-2.40,1494,G4,61.47,2.56days
09/12/2025 17:30:01,sell,0.06,CADJPY,113.23700,11/12/2025 16:58:14,112.55500,0.00,-1.05,68.20,25.34,25.34,68.20,-8.56,-22.40,1494,G4,47.47,1.98days
11/12/2025 10:00:04,sell,0.04,AUDCHF,0.53121,11/12/2025 16:54:33,0.52910,0.00,0.00,21.10,10.62,10.62,21.10,-1.40,-2.80,1494,G4,6.91,6.91hrs
11/12/2025 12:00:00,buy,0.04,GBPCAD,1.84609,11/12/2025 15:53:42,1.84868,0.00,0.00,25.90,7.51,7.51,25.90,-2.20,-7.60,9319,G4,3.90,3.90hrs
10/12/2025 21:00:25,sell,0.04,EURCHF,0.93547,11/12/2025 13:08:36,0.93299,0.00,-1.45,24.80,11.00,11.00,24.80,-3.10,-5.40,1494,G4,16.14,16.14hrs
03/12/2025 06:00:03,sell,0.04,GBPCHF,1.06089,11/12/2025 11:35:44,1.06690,0.00,-9.87,-60.10,-39.96,0.00,0.00,-39.96,-60.10,1494,G4,197.59,8.23days
03/12/2025 18:30:12,sell,0.06,GBPCHF,1.06773,11/12/2025 11:35:43,1.06685,0.00,-14.82,8.80,-8.21,7.58,8.80,-8.21,-95.40,1494,G4,185.09,7.71days
04/12/2025 23:00:03,sell,0.09,GBPCHF,1.07134,11/12/2025 11:35:42,1.06687,0.00,-15.63,44.70,34.73,34.73,44.70,-72.73,-59.30,1494,G4,156.59,6.52days
08/12/2025 19:00:04,sell,0.14,GBPCHF,1.07587,11/12/2025 11:35:41,1.06683,0.00,-17.49,90.40,140.96,140.96,90.40,-27.76,-14.00,1494,G4,64.59,2.69days
11/12/2025 08:30:04,buy,0.04,EURCAD,1.61443,11/12/2025 09:35:43,1.61656,0.00,0.00,21.30,6.16,6.16,21.30,-0.67,-2.30,9319,G4,1.09,1.09hrs
11/12/2025 08:30:10,buy,0.04,GBPCAD,1.84596,11/12/2025 09:35:41,1.84813,0.00,0.00,21.70,6.28,6.28,21.70,-0.14,-0.50,9319,G4,1.09,1.09hrs
08/12/2025 22:00:04,sell,0.04,AUDCAD,0.91722,11/12/2025 08:20:40,0.91580,0.00,-1.11,14.20,3.00,3.00,14.20,-13.84,-46.20,1494,G4,58.34,2.43days
09/12/2025 08:00:04,sell,0.06,AUDCAD,0.91998,11/12/2025 08:20:39,0.91580,0.00,-1.33,41.80,16.82,16.82,41.80,-8.42,-18.60,1494,G4,48.34,2.01days
03/12/2025 21:30:04,sell,0.04,AUDJPY,102.35600,11/12/2025 06:02:55,103.29300,0.00,-2.96,-93.70,-27.04,4.67,21.40,-27.04,-93.70,1494,G4,176.55,7.36days
09/12/2025 09:00:05,sell,0.09,AUDJPY,103.61500,11/12/2025 06:02:54,103.29400,0.00,-2.73,32.10,15.83,15.83,32.10,-44.79,-78.10,1494,G4,45.05,1.88days
05/12/2025 13:30:06,sell,0.06,AUDJPY,102.89500,11/12/2025 06:02:54,103.29400,0.00,-2.71,-39.90,-18.09,2.44,6.30,-18.09,-39.90,1494,G4,136.55,5.69days
09/12/2025 19:00:09,sell,0.14,AUDJPY,104.33400,11/12/2025 06:02:52,103.29500,0.00,-4.25,103.90,89.19,89.19,103.90,-3.03,-3.40,1494,G4,35.05,1.46days
10/12/2025 22:30:04,sell,0.04,AUDCHF,0.53436,11/12/2025 05:05:49,0.53150,0.00,-1.30,28.60,13.02,13.02,28.60,-1.80,-3.60,1494,G4,6.60,6.60hrs
10/12/2025 22:30:10,sell,0.04,NZDJPY,90.69600,11/12/2025 04:18:58,90.46200,0.00,-0.53,23.40,5.48,5.48,23.40,-2.13,-8.30,1494,G4,5.81,5.81hrs
03/12/2025 23:30:04,buy,0.04,EURUSD,1.16669,10/12/2025 22:09:15,1.16928,0.00,-2.20,25.90,8.16,8.16,25.90,-21.92,-50.10,9319,G4,166.65,6.94days
03/12/2025 17:00:05,sell,0.04,USDCHF,0.80032,10/12/2025 21:11:19,0.80136,0.00,-4.57,-10.40,-9.76,4.60,9.20,-9.76,-10.40,1494,G4,172.19,7.17days
04/12/2025 23:30:03,sell,0.06,USDCHF,0.80371,10/12/2025 21:11:18,0.80136,0.00,-3.90,23.50,13.70,13.70,23.50,-37.27,-47.60,1494,G4,141.69,5.90days
08/12/2025 19:00:11,sell,0.09,USDCHF,0.80779,10/12/2025 21:11:17,0.80133,0.00,-2.95,64.60,69.60,69.60,64.60,-5.70,-3.80,1494,G4,50.19,2.09days
17/11/2025 13:30:04,sell,0.04,EURCHF,0.92267,08/12/2025 20:00:12,0.93900,0.00,-9.78,-163.30,-90.75,8.69,18.20,-90.75,-163.30,1494,G4,510.50,21.27days
18/11/2025 19:00:03,sell,0.06,EURCHF,0.92581,08/12/2025 20:00:11,0.93899,0.00,-13.98,-131.80,-112.01,3.83,5.10,-112.01,-131.80,1494,G4,481.00,20.04days
19/11/2025 14:00:04,sell,0.09,EURCHF,0.92866,08/12/2025 20:00:10,0.93899,0.00,-19.86,-103.30,-135.10,9.87,9.10,-135.10,-103.30,1494,G4,462.00,19.25days
24/11/2025 06:00:04,sell,0.14,EURCHF,0.93104,08/12/2025 20:00:09,0.93898,0.00,-22.64,-79.40,-160.43,11.11,6.40,-160.43,-79.40,1494,G4,350.00,14.58days
25/11/2025 16:00:06,sell,0.28,EURCHF,0.93434,08/12/2025 20:00:08,0.93898,0.00,-42.08,-46.40,-203.13,85.16,29.10,-203.13,-46.40,1494,G4,316.00,13.17days
08/12/2025 20:00:04,sell,0.56,EURCHF,0.93886,08/12/2025 20:00:07,0.93900,0.00,0.00,-1.40,-9.72,0.00,0.00,-9.72,-1.40,1494,G4,0.00,0.00hrs
05/12/2025 23:00:00,buy,0.04,GBPCHF,1.07234,08/12/2025 16:58:54,1.07442,0.00,0.26,20.80,10.58,10.58,20.80,-11.68,-24.00,9319,G4,65.98,2.75days
08/12/2025 04:30:04,buy,0.04,CHFJPY,192.92700,08/12/2025 07:26:38,193.14900,0.00,0.00,22.20,5.72,5.72,22.20,-1.14,-4.40,9319,G4,2.94,2.94hrs
05/12/2025 04:00:04,buy,0.04,USDCHF,0.80327,05/12/2025 18:21:28,0.80531,0.00,0.00,20.40,10.13,10.13,20.40,-6.33,-12.70,9319,G4,14.36,14.36hrs
28/11/2025 19:30:05,sell,0.04,NZDCAD,0.80151,05/12/2025 17:58:31,0.80094,0.00,-0.55,5.70,1.09,1.09,5.70,-15.49,-52.40,1494,G4,166.47,6.94days
03/12/2025 19:00:09,sell,0.06,NZDCAD,0.80460,05/12/2025 17:58:27,0.80091,0.00,-0.44,36.90,15.54,15.54,36.90,-9.57,-21.50,1494,G4,46.97,1.96days
05/12/2025 13:00:03,buy,0.04,GBPCHF,1.07093,05/12/2025 15:07:15,1.07310,0.00,0.00,21.70,10.79,10.79,21.70,-1.39,-2.80,9319,G4,2.12,2.12hrs
04/12/2025 11:30:04,buy,0.04,AUDNZD,1.14535,05/12/2025 13:14:22,1.14876,0.00,0.05,34.10,7.93,7.93,34.10,-0.83,-3.60,9319,G4,25.74,1.07days
04/12/2025 18:00:09,buy,0.04,AUDCAD,0.92230,05/12/2025 10:17:11,0.92457,0.00,0.06,22.70,6.57,6.57,22.70,-1.43,-5.20,9319,G4,16.28,16.28hrs
27/11/2025 11:00:04,sell,0.04,EURGBP,0.87665,03/12/2025 16:44:21,0.87634,0.00,0.38,3.10,2.03,2.03,3.10,-21.98,-42.30,1494,G4,149.74,6.24days
01/12/2025 11:00:06,sell,0.06,EURGBP,0.87899,03/12/2025 16:44:19,0.87631,0.00,0.28,26.80,21.68,21.68,26.80,-14.70,-18.90,1494,G4,53.74,2.24days
01/12/2025 18:00:23,sell,0.04,USDCHF,0.80227,03/12/2025 15:15:22,0.79967,0.00,-1.30,26.00,11.71,11.71,26.00,-14.81,-28.50,1494,G4,45.25,1.89days
21/11/2025 22:30:01,buy,0.06,AUDNZD,1.15058,03/12/2025 15:02:05,1.14673,0.00,0.09,-38.50,-13.18,9.49,28.10,-13.18,-38.50,9319,G4,280.53,11.69days
21/11/2025 05:00:04,buy,0.04,AUDNZD,1.15305,03/12/2025 15:02:05,1.14671,0.00,0.06,-63.40,-14.51,0.79,3.40,-14.51,-63.40,9319,G4,298.03,12.42days
26/11/2025 06:00:10,buy,0.09,AUDNZD,1.14258,03/12/2025 15:02:04,1.14678,0.00,0.13,42.00,21.85,21.85,42.00,-13.16,-25.30,9319,G4,177.03,7.38days
27/11/2025 06:00:04,buy,0.14,AUDNZD,1.14053,03/12/2025 15:02:03,1.14678,0.00,0.30,62.50,50.57,50.57,62.50,-3.93,-4.80,9319,G4,153.03,6.38days
01/12/2025 23:30:00,sell,0.04,GBPCHF,1.06317,02/12/2025 18:33:59,1.06092,0.00,-0.97,22.50,10.22,10.22,22.50,-3.65,-5.40,1494,G4,19.07,19.07hrs
02/12/2025 12:00:36,sell,0.04,GBPCAD,1.85024,02/12/2025 12:11:58,1.84805,0.00,0.00,21.90,6.25,6.25,21.90,0.00,0.00,1494,G4,0.19,0.19hrs
01/12/2025 14:30:04,sell,0.04,GBPUSD,1.32445,01/12/2025 20:24:09,1.32154,0.00,0.00,29.10,11.64,11.64,29.10,-12.04,-30.10,1494,G4,5.90,5.90hrs
18/11/2025 10:30:04,sell,0.04,USDCHF,0.79479,01/12/2025 14:58:12,0.80014,0.00,-8.39,-53.50,-35.14,0.00,0.00,-35.14,-53.50,1494,G4,316.47,13.19days
18/11/2025 18:30:00,sell,0.06,USDCHF,0.79963,01/12/2025 14:58:11,0.80015,0.00,-12.58,-5.20,-16.48,6.16,8.20,-16.48,-5.20,1494,G4,308.47,12.85days
19/11/2025 18:00:00,sell,0.09,USDCHF,0.80444,01/12/2025 14:58:09,0.80019,0.00,-17.37,42.50,30.43,30.43,42.50,-73.28,-58.10,1494,G4,284.97,11.87days
21/11/2025 19:00:04,sell,0.14,USDCHF,0.80863,01/12/2025 14:58:08,0.80018,0.00,-17.93,84.50,129.91,129.91,84.50,-32.49,-16.20,1494,G4,235.97,9.83days
01/12/2025 06:30:04,sell,0.04,GBPCHF,1.06377,01/12/2025 10:04:08,1.06169,0.00,0.00,20.80,10.36,10.36,20.80,-1.24,-2.50,1494,G4,3.57,3.57hrs
27/11/2025 15:00:04,sell,0.04,NZDJPY,89.32400,01/12/2025 04:51:24,89.09700,0.00,-0.38,22.70,5.46,5.46,22.70,-8.86,-33.10,1494,G4,85.86,3.58days
20/11/2025 05:30:04,sell,0.04,GBPCAD,1.83368,28/11/2025 17:12:32,1.84691,0.00,-3.68,-132.30,-41.56,1.39,4.90,-41.56,-132.30,1494,G4,203.71,8.49days
24/11/2025 22:00:00,sell,0.09,GBPCAD,1.84913,28/11/2025 17:12:31,1.84690,0.00,-6.21,22.30,8.16,8.16,22.30,-82.54,-127.70,1494,G4,91.21,3.80days
20/11/2025 17:00:00,sell,0.06,GBPCAD,1.84202,28/11/2025 17:12:31,1.84693,0.00,-5.52,-49.10,-26.60,9.18,23.20,-26.60,-49.10,1494,G4,192.21,8.01days
25/11/2025 17:00:05,sell,0.14,GBPCAD,1.85951,28/11/2025 17:12:27,1.84688,0.00,-8.06,126.30,118.51,118.51,126.30,-23.73,-23.90,1494,G4,72.21,3.01days
27/11/2025 15:00:09,sell,0.04,EURUSD,1.15833,28/11/2025 12:54:20,1.15572,0.00,0.16,26.10,10.60,10.60,26.10,-7.44,-19.00,1494,G4,21.90,21.90hrs
26/11/2025 07:00:09,sell,0.04,EURJPY,180.73900,28/11/2025 12:38:02,180.74500,0.00,-1.11,-0.60,-1.27,0.00,1.30,-1.27,-0.60,1494,G4,53.63,2.23days
26/11/2025 21:30:01,sell,0.06,EURJPY,181.39600,28/11/2025 12:37:57,180.73600,0.00,-1.65,66.00,23.69,23.69,66.00,-5.67,-10.50,1494,G4,39.13,1.63days
24/11/2025 11:30:04,buy,0.04,CADCHF,0.57231,28/11/2025 11:04:46,0.57429,0.00,0.43,19.80,10.26,10.26,19.80,-4.91,-9.90,9319,G4,95.58,3.98days
25/09/2025 16:00:03,buy,0.06,NZDUSD,0.57963,27/11/2025 04:05:01,0.57247,0.00,-11.73,-71.60,-54.69,27.00,47.80,-54.69,-71.60,9319,G4,1500.08,62.50days
23/09/2025 05:00:11,buy,0.04,NZDUSD,0.58623,27/11/2025 04:05:01,0.57247,0.00,-8.25,-137.60,-63.29,2.16,5.40,-63.29,-137.60,9319,G4,1559.08,64.96days
08/10/2025 10:00:04,buy,0.09,NZDUSD,0.57428,27/11/2025 04:05:00,0.57247,0.00,-14.47,-18.10,-30.76,55.08,62.20,-30.76,-18.10,9319,G4,1194.08,49.75days
14/10/2025 14:00:08,buy,0.14,NZDUSD,0.56882,27/11/2025 04:04:59,0.57247,0.00,-19.61,36.50,31.49,31.49,36.50,-166.12,-106.10,9319,G4,1046.08,43.59days
07/11/2025 08:00:03,buy,0.28,NZDUSD,0.56198,27/11/2025 04:04:58,0.57248,0.00,-15.92,105.00,278.08,278.08,105.00,-117.40,-37.70,9319,G4,476.08,19.84days
27/11/2025 03:30:04,buy,0.04,EURJPY,180.84700,27/11/2025 03:40:19,181.07700,0.00,0.00,23.00,5.90,5.90,23.00,0.00,0.00,9319,G4,0.17,0.17hrs
25/11/2025 23:30:03,sell,0.04,EURGBP,0.87854,26/11/2025 15:22:16,0.87655,0.00,0.10,19.90,10.62,10.62,19.90,-13.83,-26.50,1494,G4,15.87,15.87hrs
21/11/2025 23:30:02,buy,0.04,NZDCHF,0.45378,26/11/2025 03:00:38,0.45604,0.00,0.27,22.60,11.47,11.47,22.60,-10.63,-21.80,9319,G4,99.51,4.15days
20/11/2025 09:00:04,buy,0.04,AUDUSD,0.64812,26/11/2025 02:31:18,0.64880,0.00,-0.22,6.80,2.50,2.50,6.80,-24.22,-60.40,9319,G4,137.52,5.73days
20/11/2025 19:30:00,buy,0.06,AUDUSD,0.64470,26/11/2025 02:31:16,0.64881,0.00,-0.30,41.10,24.36,24.36,41.10,-15.80,-26.20,9319,G4,127.02,5.29days
24/11/2025 13:00:04,buy,0.04,AUDCAD,0.91022,25/11/2025 15:17:17,0.91229,0.00,0.04,20.70,5.90,5.90,20.70,-2.50,-8.80,9319,G4,26.29,1.10days
24/11/2025 17:30:03,buy,0.04,EURUSD,1.15222,25/11/2025 14:43:28,1.15448,0.00,-0.32,22.60,8.72,8.72,22.60,-4.60,-10.70,9319,G4,21.22,21.22hrs
20/11/2025 04:00:04,buy,0.04,EURCHF,0.92916,25/11/2025 11:46:22,0.93329,0.00,0.26,41.30,20.67,20.67,41.30,-7.62,-15.50,9319,G4,127.77,5.32days
21/11/2025 23:00:04,sell,0.04,EURGBP,0.87880,25/11/2025 09:45:46,0.87829,0.00,0.20,5.10,2.87,2.87,5.10,-16.66,-32.00,1494,G4,82.76,3.45days
24/11/2025 12:30:03,sell,0.06,EURGBP,0.88104,25/11/2025 09:45:44,0.87829,0.00,0.14,27.50,21.80,21.80,27.50,-7.54,-9.60,1494,G4,21.26,21.26hrs
24/11/2025 18:00:00,buy,0.04,GBPUSD,1.30989,25/11/2025 09:44:15,1.31261,0.00,-0.03,27.20,10.85,10.85,27.20,-4.72,-11.80,9319,G4,15.74,15.74hrs
24/11/2025 17:00:32,buy,0.04,GBPCAD,1.84648,24/11/2025 18:03:16,1.84850,0.00,0.00,20.20,5.73,5.73,20.20,-2.15,-7.60,9319,G4,1.05,1.05hrs
24/11/2025 10:00:03,buy,0.04,GBPUSD,1.30907,24/11/2025 14:46:05,1.31136,0.00,0.00,22.90,9.16,9.16,22.90,-0.60,-1.50,9319,G4,4.77,4.77hrs
21/11/2025 20:00:04,buy,0.04,USDCAD,1.40934,24/11/2025 14:13:43,1.41161,0.00,0.10,22.70,6.53,6.53,22.70,-0.99,-3.50,9319,G4,66.23,2.76days
21/11/2025 12:30:04,buy,0.04,EURUSD,1.15156,24/11/2025 12:10:33,1.15373,0.00,-0.33,21.70,8.35,8.35,21.70,-9.80,-24.50,9319,G4,71.67,2.99days
20/11/2025 09:00:09,buy,0.04,AUDCHF,0.52271,24/11/2025 09:59:07,0.52320,0.00,0.32,4.90,2.74,2.74,4.90,-26.65,-53.90,9319,G4,96.98,4.04days
20/11/2025 19:30:04,buy,0.06,AUDCHF,0.51934,24/11/2025 09:59:06,0.52319,0.00,0.48,38.50,29.00,29.00,38.50,-14.83,-20.20,9319,G4,86.48,3.60days
20/11/2025 19:00:07,buy,0.04,NZDCAD,0.78865,21/11/2025 23:21:29,0.79123,0.00,-0.04,25.80,7.28,7.28,25.80,-5.22,-18.40,9319,G4,28.36,1.18days
21/11/2025 05:30:03,buy,0.04,CADCHF,0.57113,21/11/2025 18:29:10,0.57333,0.00,0.00,22.00,10.88,10.88,22.00,-5.82,-11.70,9319,G4,12.99,12.99hrs
14/11/2025 17:30:06,sell,0.04,CADJPY,110.02700,21/11/2025 17:02:34,110.94500,0.00,-1.27,-91.80,-24.74,0.00,0.00,-24.74,-91.80,1494,G4,167.54,6.98days
17/11/2025 17:30:07,sell,0.06,CADJPY,110.67600,21/11/2025 17:02:33,110.94600,0.00,-1.65,-27.00,-12.01,18.78,49.20,-12.01,-27.00,1494,G4,95.54,3.98days
18/11/2025 21:00:04,sell,0.09,CADJPY,111.30000,21/11/2025 17:02:28,110.92000,0.00,-2.05,38.00,19.81,19.81,38.00,-58.43,-99.50,1494,G4,68.04,2.83days
20/11/2025 02:00:04,sell,0.14,CADJPY,111.81100,21/11/2025 17:01:38,110.93700,0.00,-0.63,87.40,77.58,77.58,87.40,-42.97,-48.40,1494,G4,39.03,1.63days
21/11/2025 13:00:04,buy,0.04,GBPUSD,1.30659,21/11/2025 15:00:01,1.30874,0.00,0.00,21.50,8.60,8.60,21.50,-10.28,-25.70,9319,G4,2.00,2.00hrs
21/11/2025 13:00:10,buy,0.04,GBPCAD,1.84128,21/11/2025 14:59:43,1.84388,0.00,0.00,26.00,7.38,7.38,26.00,-4.91,-17.30,9319,G4,1.99,1.99hrs
20/11/2025 20:30:04,buy,0.04,GBPUSD,1.30782,21/11/2025 10:47:49,1.31008,0.00,-0.04,22.60,9.00,9.00,22.60,-4.28,-10.70,9319,G4,14.30,14.30hrs
19/11/2025 16:00:27,sell,0.04,AUDCAD,0.90882,21/11/2025 01:11:31,0.90765,0.00,-0.71,11.70,2.61,2.61,11.70,-12.49,-42.00,1494,G4,33.18,1.38days
20/11/2025 17:30:03,sell,0.06,AUDCAD,0.91169,21/11/2025 01:11:30,0.90766,0.00,-0.27,40.30,16.88,16.88,40.30,-0.09,-0.20,1494,G4,7.69,7.69hrs
20/11/2025 01:00:44,sell,0.04,NZDUSD,0.56037,21/11/2025 01:11:01,0.55829,0.00,0.06,20.80,8.38,8.38,20.80,-13.80,-34.50,1494,G4,24.17,1.01days
17/11/2025 21:30:03,sell,0.04,EURGBP,0.88069,20/11/2025 15:50:59,0.88066,0.00,0.49,0.30,0.65,0.65,0.30,-17.00,-33.50,1494,G4,66.35,2.76days
19/11/2025 23:51:25,sell,0.06,EURGBP,0.88331,20/11/2025 15:50:57,0.88067,0.00,0.44,26.40,21.18,21.18,26.40,-5.28,-7.30,1494,G4,15.99,15.99hrs
19/11/2025 20:00:01,buy,0.04,GBPCHF,1.05174,20/11/2025 07:08:41,1.05363,0.00,0.80,18.90,10.17,10.17,18.90,-3.92,-9.50,9319,G4,11.14,11.14hrs
19/11/2025 03:30:04,buy,0.04,AUDCHF,0.52004,20/11/2025 01:17:11,0.52209,0.00,0.49,20.50,10.68,10.68,20.50,-9.90,-19.80,9319,G4,21.79,21.79hrs
19/11/2025 09:00:04,sell,0.04,NZDUSD,0.56375,19/11/2025 17:26:15,0.56148,0.00,0.00,22.70,9.08,9.08,22.70,-2.48,-6.20,1494,G4,8.44,8.44hrs
19/11/2025 06:30:09,buy,0.04,CADCHF,0.57187,19/11/2025 17:11:58,0.57390,0.00,0.00,20.30,10.10,10.10,20.30,-5.05,-10.10,9319,G4,10.70,10.70hrs
19/11/2025 06:30:03,buy,0.04,USDCHF,0.80055,19/11/2025 12:25:39,0.80259,0.00,0.00,20.40,10.17,10.17,20.40,-7.66,-15.30,9319,G4,5.93,5.93hrs
19/11/2025 11:00:03,buy,0.04,GBPCHF,1.05029,19/11/2025 12:21:08,1.05271,0.00,0.00,24.20,12.06,12.06,24.20,-1.00,-2.00,9319,G4,1.35,1.35hrs
18/11/2025 22:00:00,buy,0.04,EURCHF,0.92592,19/11/2025 12:17:27,0.92796,0.00,0.10,20.40,10.28,10.28,20.40,-2.80,-5.80,9319,G4,14.29,14.29hrs
14/11/2025 03:00:03,sell,0.04,NZDJPY,87.50900,19/11/2025 05:58:32,87.46700,0.00,-0.52,4.20,0.57,0.57,4.20,-18.92,-72.30,1494,G4,122.97,5.12days
18/11/2025 14:00:03,sell,0.06,NZDJPY,88.05500,19/11/2025 05:58:31,87.46800,0.00,-0.25,58.70,22.43,22.43,58.70,-6.82,-17.70,1494,G4,15.97,15.97hrs
18/11/2025 17:30:01,buy,0.04,AUDUSD,0.64961,18/11/2025 21:41:52,0.65165,0.00,0.00,20.40,8.16,8.16,20.40,-5.12,-12.80,9319,G4,4.20,4.20hrs
17/11/2025 19:00:00,sell,0.04,EURUSD,1.15969,18/11/2025 18:12:23,1.15736,0.00,0.16,23.30,9.48,9.48,23.30,-3.72,-9.70,1494,G4,23.21,23.21hrs
18/11/2025 12:00:05,sell,0.04,AUDCAD,0.91165,18/11/2025 17:51:18,0.90943,0.00,0.00,22.20,6.34,6.34,22.20,-2.79,-9.80,1494,G4,5.85,5.85hrs
17/11/2025 10:30:04,sell,0.04,GBPUSD,1.31641,18/11/2025 13:29:20,1.31427,0.00,-0.04,21.40,8.52,8.52,21.40,-11.88,-29.70,1494,G4,26.99,1.12days
18/11/2025 01:01:04,sell,0.04,AUDUSD,0.64951,18/11/2025 06:12:17,0.64715,0.00,0.00,23.60,9.44,9.44,23.60,-0.72,-1.80,1494,G4,5.19,5.19hrs
17/11/2025 07:30:10,sell,0.04,NZDUSD,0.56702,18/11/2025 06:03:23,0.56483,0.00,0.06,21.90,8.82,8.82,21.90,-7.24,-18.10,1494,G4,22.55,22.55hrs
17/11/2025 01:30:04,buy,0.04,USDCHF,0.79405,17/11/2025 21:45:33,0.79617,0.00,0.00,21.20,10.65,10.65,21.20,-3.83,-7.60,9319,G4,20.26,20.26hrs
14/11/2025 23:00:03,buy,0.04,USDCAD,1.40273,17/11/2025 21:44:07,1.40487,0.00,0.10,21.40,6.19,6.19,21.40,-4.17,-14.60,9319,G4,70.73,2.95days
14/11/2025 18:00:10,sell,0.04,AUDCHF,0.51929,17/11/2025 21:41:04,0.51657,0.00,-0.39,27.20,13.27,13.27,27.20,-3.98,-7.90,1494,G4,75.68,3.15days
17/11/2025 07:30:04,sell,0.04,AUDUSD,0.65229,17/11/2025 21:01:47,0.64992,0.00,0.00,23.70,9.48,9.48,23.70,-5.60,-14.00,1494,G4,13.53,13.53hrs
17/11/2025 02:30:04,sell,0.04,AUDNZD,1.15104,17/11/2025 17:52:21,1.14887,0.00,0.00,21.70,4.91,4.91,21.70,-2.99,-13.20,1494,G4,15.37,15.37hrs
17/11/2025 10:00:04,sell,0.04,EURUSD,1.16136,17/11/2025 15:38:25,1.15927,0.00,0.00,20.90,8.36,8.36,20.90,-0.12,-0.30,1494,G4,5.64,5.64hrs
14/11/2025 20:30:04,sell,0.04,GBPUSD,1.31587,17/11/2025 08:10:45,1.31379,0.00,-0.03,20.80,8.29,8.29,20.80,-8.32,-20.80,1494,G4,59.68,2.49days
14/11/2025 22:00:04,sell,0.04,EURUSD,1.16179,17/11/2025 08:10:43,1.15969,0.00,0.15,21.00,8.55,8.55,21.00,-2.81,-7.40,1494,G4,58.18,2.42days
14/11/2025 07:30:04,buy,0.04,NZDCHF,0.45039,14/11/2025 19:36:24,0.45136,0.00,0.00,9.70,4.89,4.89,9.70,-12.88,-25.40,9319,G4,12.11,12.11hrs
14/11/2025 15:00:00,buy,0.06,NZDCHF,0.44843,14/11/2025 19:36:22,0.45133,0.00,0.00,29.00,21.90,21.90,29.00,-4.03,-5.30,9319,G4,4.61,4.61hrs
13/11/2025 22:30:04,sell,0.04,CADJPY,110.12300,14/11/2025 14:34:20,109.90500,0.00,-0.19,21.80,5.47,5.47,21.80,-3.76,-13.80,1494,G4,16.07,16.07hrs
13/11/2025 22:30:16,sell,0.04,EURCHF,0.92232,14/11/2025 10:14:45,0.91953,0.00,-0.48,27.90,13.63,13.63,27.90,-7.99,-14.90,1494,G4,11.74,11.74hrs
13/11/2025 22:30:10,sell,0.04,GBPCHF,1.04555,14/11/2025 06:23:06,1.04136,0.00,-1.00,41.90,20.16,20.16,41.90,-14.37,-27.20,1494,G4,7.88,7.88hrs
17/10/2025 13:02:40,sell,0.04,CADCHF,0.56227,13/11/2025 19:45:53,0.56448,0.00,-8.46,-22.10,-19.63,0.15,0.30,-19.63,-22.10,1494,G4,654.72,27.28days
21/10/2025 19:30:11,sell,0.06,CADCHF,0.56762,13/11/2025 19:45:52,0.56448,0.00,-11.70,31.40,12.11,12.11,31.40,-68.04,-82.50,1494,G4,552.26,23.01days
29/10/2025 17:00:07,sell,0.09,CADCHF,0.57286,13/11/2025 19:45:51,0.56441,0.00,-11.68,84.50,84.42,84.42,84.50,-37.83,-30.10,1494,G4,362.76,15.12days
17/10/2025 18:30:01,sell,0.04,AUDCHF,0.51305,13/11/2025 18:59:07,0.51875,0.00,-10.58,-57.00,-39.37,1.11,2.20,-39.37,-57.00,1494,G4,648.49,27.02days
20/10/2025 02:30:04,sell,0.06,AUDCHF,0.51580,13/11/2025 18:59:06,0.51875,0.00,-15.30,-29.50,-37.66,14.92,20.50,-37.66,-29.50,1494,G4,592.48,24.69days
23/10/2025 11:00:03,sell,0.09,AUDCHF,0.51853,13/11/2025 18:59:05,0.51875,0.00,-18.53,-2.20,-21.03,17.78,16.50,-21.03,-2.20,1494,G4,511.98,21.33days
27/10/2025 13:00:04,sell,0.14,AUDCHF,0.52184,13/11/2025 18:59:04,0.51874,0.00,-26.07,31.00,28.74,28.74,31.00,-139.36,-74.20,1494,G4,413.98,17.25days
29/10/2025 20:00:12,sell,0.28,AUDCHF,0.52659,13/11/2025 18:59:02,0.51875,0.00,-46.64,78.40,230.61,230.61,78.40,-108.62,-26.70,1494,G4,358.98,14.96days
28/10/2025 10:30:04,buy,0.04,GBPUSD,1.33508,07/11/2025 17:03:51,1.31594,0.00,-0.83,-191.40,-77.39,0.00,0.00,-77.39,-191.40,9319,G4,246.56,10.27days
28/10/2025 16:00:00,buy,0.06,GBPUSD,1.32852,07/11/2025 17:03:50,1.31584,0.00,-1.21,-126.80,-77.29,1.02,1.70,-77.29,-126.80,9319,G4,241.06,10.04days
29/10/2025 11:00:04,buy,0.09,GBPUSD,1.32293,07/11/2025 17:03:49,1.31573,0.00,-1.67,-72.00,-66.47,12.96,14.40,-66.47,-72.00,9319,G4,222.06,9.25days
30/10/2025 15:00:10,buy,0.14,GBPUSD,1.31776,07/11/2025 17:03:47,1.31578,0.00,-1.75,-19.80,-29.47,4.48,3.20,-29.47,-19.80,9319,G4,194.06,8.09days
05/11/2025 04:00:04,buy,0.28,GBPUSD,1.30176,07/11/2025 17:03:45,1.31590,0.00,-1.57,141.40,394.35,394.35,141.40,-12.04,-4.30,9319,G4,61.06,2.54days
17/10/2025 12:00:10,sell,0.04,USDCHF,0.78923,05/11/2025 20:00:12,0.81102,0.00,-11.70,-217.90,-119.17,2.08,4.10,-119.17,-217.90,1494,G4,464.00,19.33days
20/10/2025 02:30:10,sell,0.06,USDCHF,0.79351,05/11/2025 20:00:11,0.81101,0.00,-16.52,-175.00,-145.99,19.65,25.90,-145.99,-175.00,1494,G4,401.50,16.73days
23/10/2025 07:00:04,sell,0.09,USDCHF,0.79742,05/11/2025 20:00:10,0.81102,0.00,-16.95,-136.00,-167.87,49.23,47.50,-167.87,-136.00,1494,G4,325.00,13.54days
03/11/2025 20:00:23,sell,0.28,USDCHF,0.80732,05/11/2025 20:00:09,0.81103,0.00,-9.25,-37.10,-137.33,12.37,4.90,-137.33,-37.10,1494,G4,48.00,2.00days
30/10/2025 17:00:04,sell,0.14,USDCHF,0.80144,05/11/2025 20:00:09,0.81102,0.00,-9.41,-95.80,-174.78,6.47,4.50,-174.78,-95.80,1494,G4,147.00,6.13days
05/11/2025 20:00:04,sell,0.56,USDCHF,0.81089,05/11/2025 20:00:08,0.81104,0.00,0.00,-1.50,-10.36,0.00,0.00,-10.36,-1.50,1494,G4,0.00,0.00hrs
29/10/2025 12:00:04,sell,0.04,GBPCHF,1.05226,05/11/2025 03:26:52,1.05185,0.00,-6.92,4.10,-4.89,1.00,4.10,-4.89,-110.90,1494,G4,159.45,6.64days
30/10/2025 04:00:03,sell,0.06,GBPCHF,1.05589,05/11/2025 03:26:51,1.05187,0.00,-5.89,40.20,23.95,23.95,40.20,-59.90,-74.60,1494,G4,143.45,5.98days
03/11/2025 14:00:04,sell,0.09,GBPCHF,1.05956,05/11/2025 03:26:50,1.05188,0.00,-4.36,76.80,81.15,81.15,76.80,-44.50,-37.90,1494,G4,37.45,1.56days
23/10/2025 02:00:10,sell,0.04,AUDCAD,0.90775,04/11/2025 12:06:01,0.91377,0.00,-1.53,-60.20,-18.64,1.77,6.20,-18.64,-60.20,1494,G4,298.10,12.42days
23/10/2025 12:00:06,sell,0.06,AUDCAD,0.91067,04/11/2025 12:06:00,0.91378,0.00,-2.34,-31.10,-15.60,4.24,9.90,-15.60,-31.10,1494,G4,288.10,12.00days
24/10/2025 17:00:10,sell,0.09,AUDCAD,0.91337,04/11/2025 12:05:59,0.91376,0.00,-3.17,-3.90,-5.66,12.86,20.00,-5.66,-3.90,1494,G4,259.10,10.80days
27/10/2025 14:00:04,sell,0.14,AUDCAD,0.91623,04/11/2025 12:05:58,0.91376,0.00,-4.38,24.70,20.19,20.19,24.70,-54.55,-53.20,1494,G4,190.10,7.92days
29/10/2025 12:00:09,sell,0.28,AUDCAD,0.91964,04/11/2025 12:05:57,0.91376,0.00,-6.61,58.80,110.38,110.38,58.80,-26.33,-9.90,1494,G4,144.10,6.00days
30/10/2025 03:30:04,sell,0.04,AUDJPY,100.42600,04/11/2025 07:35:26,100.30500,0.00,-0.85,12.10,2.30,2.30,12.10,-21.40,-81.40,1494,G4,124.09,5.17days
30/10/2025 18:30:01,sell,0.06,AUDJPY,101.00300,04/11/2025 07:35:24,100.30600,0.00,-1.25,69.70,25.95,25.95,69.70,-9.64,-23.70,1494,G4,109.09,4.55days
23/10/2025 12:00:03,sell,0.06,NZDJPY,87.66500,03/11/2025 16:46:27,87.88900,0.00,-2.54,-22.40,-11.26,3.19,10.20,-11.26,-22.40,1494,G4,268.77,11.20days
22/10/2025 23:30:00,sell,0.04,NZDJPY,87.16100,03/11/2025 16:46:27,87.89400,0.00,-2.28,-73.30,-21.29,0.00,0.80,-21.29,-73.30,1494,G4,281.27,11.72days
27/10/2025 02:00:03,sell,0.09,NZDJPY,88.20400,03/11/2025 16:46:26,87.88400,0.00,-2.98,32.00,15.70,15.70,32.00,-37.70,-60.80,1494,G4,182.77,7.62days
30/10/2025 13:00:04,sell,0.14,NZDJPY,88.68300,03/11/2025 16:46:23,87.88400,0.00,-1.32,79.90,71.22,71.22,79.90,-8.74,-9.60,1494,G4,99.77,4.16days
31/10/2025 13:00:09,sell,0.04,NZDUSD,0.57231,03/11/2025 16:44:45,0.57004,0.00,0.06,22.70,9.14,9.14,22.70,-4.04,-10.10,1494,G4,75.74,3.16days
31/10/2025 17:30:04,buy,0.04,EURCHF,0.92712,03/11/2025 12:43:21,0.92996,0.00,0.10,28.40,14.17,14.17,28.40,-5.88,-11.80,9319,G4,67.22,2.80days
02/11/2025 00:00:00,balance,0.00,,0.00000,02/11/2025 00:00:00,0.00000,0.00,0.00,0.00,0.97,0.00,0.00,0.00,0.00,0,Signals Page Fixed,0.00,0.00hrs
31/10/2025 13:00:03,sell,0.04,EURUSD,1.15757,31/10/2025 15:16:34,1.15552,0.00,0.00,20.50,8.20,8.20,20.50,0.00,0.00,1494,G4,2.28,2.28hrs
06/10/2025 04:00:04,buy,0.06,EURCHF,0.93337,31/10/2025 15:00:07,0.92905,0.00,4.11,-43.20,-28.16,2.41,3.20,-96.23,-130.00,9319,G4,611.00,25.46days
01/10/2025 19:30:04,buy,0.04,EURCHF,0.93585,31/10/2025 15:00:07,0.92905,0.00,3.22,-68.00,-30.65,2.35,4.70,-76.21,-154.80,9319,G4,715.50,29.81days
15/10/2025 19:00:04,buy,0.14,EURCHF,0.92785,31/10/2025 15:00:05,0.92906,0.00,6.29,12.10,27.38,44.18,24.60,-130.17,-74.80,9319,G4,380.00,15.83days
07/10/2025 18:00:05,buy,0.09,EURCHF,0.93082,31/10/2025 15:00:05,0.92906,0.00,5.88,-17.60,-13.84,25.43,21.70,-115.61,-104.50,9319,G4,573.00,23.88days
17/10/2025 12:00:04,buy,0.28,EURCHF,0.92339,31/10/2025 15:00:00,0.92901,0.00,9.75,56.20,205.67,205.67,56.20,-105.39,-30.20,9319,G4,339.00,14.12days
30/10/2025 03:00:04,sell,0.04,NZDCAD,0.80345,31/10/2025 11:19:56,0.80029,0.00,-0.08,31.60,8.95,8.95,31.60,-8.01,-27.90,1494,G4,32.33,1.35days
29/10/2025 07:00:05,buy,0.04,AUDNZD,1.14120,31/10/2025 10:08:56,1.14352,0.00,0.04,23.20,5.35,5.35,23.20,-7.99,-34.80,9319,G4,51.15,2.13days
21/10/2025 15:00:04,sell,0.04,NZDUSD,0.57235,31/10/2025 09:05:21,0.57235,0.00,0.78,0.00,0.78,1.12,2.80,-30.83,-78.40,1494,G4,234.09,9.75days
28/10/2025 08:30:08,sell,0.06,NZDUSD,0.57811,31/10/2025 09:05:20,0.57237,0.00,0.49,57.40,34.93,34.93,57.40,-12.38,-20.80,1494,G4,72.59,3.02days
30/10/2025 19:30:04,buy,0.04,GBPAUD,2.00594,31/10/2025 04:19:29,2.00823,0.00,-0.10,22.90,5.90,5.90,22.90,-4.81,-18.00,9319,G4,8.82,8.82hrs
02/09/2025 15:30:14,buy,0.04,CADCHF,0.58332,29/10/2025 21:38:37,0.57392,0.00,6.28,-94.00,-40.73,5.03,9.90,-110.74,-228.50,9319,G4,1374.14,57.26days
16/09/2025 21:00:05,buy,0.09,CADCHF,0.57221,29/10/2025 21:38:36,0.57398,0.00,10.31,17.70,30.22,66.99,57.90,-126.09,-117.40,9319,G4,1032.64,43.03days
05/09/2025 17:30:16,buy,0.06,CADCHF,0.57720,29/10/2025 21:38:36,0.57397,0.00,8.54,-32.30,-15.68,8.76,8.00,-120.38,-167.30,9319,G4,1300.14,54.17days
16/10/2025 06:00:10,buy,0.14,CADCHF,0.56665,29/10/2025 21:38:34,0.57393,0.00,3.89,72.80,131.30,131.30,72.80,-109.48,-61.80,9319,G4,327.64,13.65days
29/10/2025 14:30:04,sell,0.04,EURUSD,1.16334,29/10/2025 21:36:11,1.16099,0.00,0.00,23.50,9.40,9.40,23.50,-12.60,-31.50,1494,G4,7.10,7.10hrs
29/10/2025 20:00:07,sell,0.04,EURCAD,1.62001,29/10/2025 21:35:36,1.61830,0.00,0.00,17.10,4.91,4.91,17.10,0.00,0.00,1494,G4,1.59,1.59hrs
29/10/2025 11:30:00,buy,0.04,CADJPY,109.22900,29/10/2025 18:40:35,109.45300,0.00,0.00,22.40,5.90,5.90,22.40,-4.37,-16.60,9319,G4,7.18,7.18hrs
07/10/2025 03:30:04,sell,0.04,USDCAD,1.39469,29/10/2025 10:21:09,1.39258,0.00,-5.37,21.10,0.69,3.20,21.90,-39.45,-132.90,1494,G4,534.85,22.29days
09/10/2025 19:00:03,sell,0.06,USDCAD,1.40107,29/10/2025 10:21:07,1.39258,0.00,-6.65,84.90,29.93,30.28,85.70,-30.54,-69.10,1494,G4,471.35,19.64days
29/10/2025 04:00:03,buy,0.04,CADJPY,108.79000,29/10/2025 04:43:51,109.01600,0.00,0.00,22.60,5.95,5.95,22.60,0.00,0.00,9319,G4,0.73,0.73hrs
28/10/2025 08:30:03,buy,0.04,AUDNZD,1.13487,28/10/2025 16:14:19,1.13717,0.00,0.00,23.00,5.30,5.48,23.80,-0.97,-4.20,9319,G4,7.74,7.74hrs
24/10/2025 20:30:05,sell,0.04,AUDJPY,99.47700,28/10/2025 11:43:54,99.43300,0.00,-0.56,4.40,0.60,0.60,4.40,-23.80,-90.00,1494,G4,87.23,3.63days
27/10/2025 02:00:09,sell,0.06,AUDJPY,100.03100,28/10/2025 11:43:53,99.43500,0.00,-0.42,59.60,23.13,23.13,59.60,-13.56,-34.60,1494,G4,33.73,1.41days
27/10/2025 11:30:03,buy,0.04,EURJPY,177.81200,27/10/2025 16:28:50,178.01800,0.00,0.00,20.60,5.39,5.39,20.60,-4.63,-17.70,9319,G4,4.98,4.98hrs
24/10/2025 01:01:00,sell,0.04,USDJPY,152.55900,27/10/2025 15:03:31,152.58500,0.00,-0.53,-2.60,-1.21,2.28,8.70,-18.62,-69.30,1494,G4,86.04,3.59days
27/10/2025 08:30:04,sell,0.06,USDJPY,153.23200,27/10/2025 15:03:29,152.58400,0.00,0.00,64.80,25.48,25.48,64.80,-0.16,-0.40,1494,G4,6.56,6.56hrs
27/10/2025 08:00:03,buy,0.04,AUDUSD,0.65331,27/10/2025 12:44:04,0.65543,0.00,0.00,21.20,8.48,8.48,21.20,-0.76,-1.90,9319,G4,4.73,4.73hrs
09/10/2025 18:00:05,buy,0.04,AUDNZD,1.14131,27/10/2025 10:53:38,1.13592,0.00,0.29,-53.90,-12.12,1.12,4.90,-30.26,-132.90,9319,G4,424.89,17.70days
10/10/2025 18:00:12,buy,0.06,AUDNZD,1.13920,27/10/2025 10:53:37,1.13592,0.00,0.40,-32.80,-10.93,0.47,1.20,-38.13,-111.80,9319,G4,400.89,16.70days
16/10/2025 06:00:04,buy,0.14,AUDNZD,1.12987,27/10/2025 10:53:36,1.13592,0.00,0.57,60.50,49.31,49.31,60.50,-14.73,-18.50,9319,G4,268.89,11.20days
10/10/2025 20:00:00,buy,0.09,AUDNZD,1.13325,27/10/2025 10:53:36,1.13592,0.00,0.67,26.70,14.49,31.31,60.70,-26.56,-52.30,9319,G4,398.89,16.62days
20/10/2025 07:00:04,buy,0.04,AUDUSD,0.65044,27/10/2025 00:01:02,0.65397,0.00,-0.49,35.30,13.63,13.63,35.30,-12.95,-32.20,9319,G4,161.02,6.71days
17/10/2025 20:00:05,sell,0.04,GBPCHF,1.06270,23/10/2025 18:08:02,1.05943,0.00,-5.97,32.70,10.48,10.52,32.80,-21.00,-39.70,1494,G4,142.13,5.92days
23/10/2025 09:30:03,sell,0.04,GBPCAD,1.86775,23/10/2025 15:19:29,1.86546,0.00,0.00,22.90,6.54,6.54,22.90,-2.43,-8.50,1494,G4,5.82,5.82hrs
22/10/2025 17:00:04,sell,0.04,NZDJPY,87.27900,22/10/2025 19:32:15,87.04400,0.00,0.00,23.50,6.20,6.20,23.50,-1.58,-6.00,1494,G4,2.54,2.54hrs
21/10/2025 19:30:05,sell,0.04,EURUSD,1.16156,22/10/2025 11:05:50,1.15949,0.00,0.18,20.70,8.46,8.46,20.70,-1.08,-2.60,1494,G4,15.60,15.60hrs
22/10/2025 03:00:07,sell,0.04,AUDJPY,98.57200,22/10/2025 04:00:07,98.34500,0.00,0.00,22.70,5.99,5.99,22.70,0.00,0.00,1494,G4,1.00,1.00hrs
13/10/2025 22:30:05,buy,0.04,NZDCHF,0.46084,22/10/2025 03:06:42,0.45757,0.00,0.72,-32.70,-15.69,0.00,0.00,-52.18,-103.80,9319,G4,196.61,8.19days
14/10/2025 07:30:07,buy,0.06,NZDCHF,0.45825,22/10/2025 03:06:41,0.45757,0.00,0.95,-6.80,-4.17,2.89,3.70,-58.70,-77.90,9319,G4,187.61,7.82days
15/10/2025 21:00:04,buy,0.09,NZDCHF,0.45551,22/10/2025 03:06:40,0.45757,0.00,1.27,20.60,24.54,29.28,25.50,-56.94,-50.50,9319,G4,150.11,6.25days
17/10/2025 07:00:04,buy,0.14,NZDCHF,0.45272,22/10/2025 03:06:36,0.45757,0.00,0.86,48.50,86.08,86.08,48.50,-40.13,-22.60,9319,G4,116.11,4.84days
14/10/2025 17:30:26,sell,0.04,EURUSD,1.15799,21/10/2025 17:46:11,1.16008,0.00,1.20,-20.90,-7.16,0.00,0.00,-58.43,-148.20,1494,G4,168.26,7.01days
17/10/2025 20:00:11,sell,0.06,EURUSD,1.16709,21/10/2025 17:45:46,1.16008,0.00,0.53,70.10,42.59,43.13,71.00,-2.88,-4.80,1494,G4,93.76,3.91days
20/10/2025 08:00:10,sell,0.04,GBPCAD,1.88211,21/10/2025 13:19:19,1.87945,0.00,-0.41,26.60,7.16,7.16,26.60,-12.35,-43.40,1494,G4,29.32,1.22days
16/10/2025 14:30:04,buy,0.04,CADJPY,107.77000,17/10/2025 21:10:07,107.28100,0.00,0.07,-48.90,-12.93,0.00,0.00,-38.55,-144.40,9319,G4,30.67,1.28days
16/10/2025 20:09:57,buy,0.06,CADJPY,107.08000,17/10/2025 21:10:06,107.28200,0.00,0.10,20.20,8.16,8.39,20.80,-30.15,-75.40,9319,G4,25.00,1.04days
17/10/2025 11:00:05,buy,0.09,CADJPY,106.54700,17/10/2025 21:10:04,107.28100,0.00,0.00,73.40,43.90,44.32,74.10,-6.44,-10.70,9319,G4,10.17,10.17hrs
14/10/2025 22:00:24,buy,0.04,EURGBP,0.87075,17/10/2025 10:59:01,0.87175,0.00,-2.24,10.00,3.14,5.90,11.90,-24.11,-41.50,9319,G4,60.98,2.54days
15/10/2025 19:00:17,buy,0.06,EURGBP,0.86892,17/10/2025 10:59:00,0.87175,0.00,-2.69,28.30,20.11,20.44,28.70,-20.74,-23.20,9319,G4,39.98,1.67days
17/10/2025 08:30:04,sell,0.04,AUDCHF,0.51141,17/10/2025 10:09:53,0.50880,0.00,0.00,26.10,13.25,13.25,26.10,-0.15,-0.30,1494,G4,1.66,1.66hrs
16/10/2025 15:00:07,buy,0.04,GBPUSD,1.34409,17/10/2025 08:45:32,1.34627,0.00,-0.08,21.80,8.64,8.64,21.80,-9.88,-24.70,9319,G4,17.76,17.76hrs
15/10/2025 23:00:01,sell,0.04,NZDCHF,0.45564,17/10/2025 02:51:24,0.45334,0.00,-1.08,23.00,10.53,10.53,24.10,-13.74,-25.80,1494,G4,27.86,1.16days
14/10/2025 13:00:06,sell,0.04,GBPCHF,1.06682,16/10/2025 21:34:19,1.06516,0.00,-3.97,16.60,4.40,5.18,16.60,-34.68,-61.30,1494,G4,56.57,2.36days
16/10/2025 12:00:04,sell,0.06,GBPCHF,1.07040,16/10/2025 21:34:18,1.06517,0.00,0.00,52.30,39.54,39.54,52.30,-19.16,-25.50,1494,G4,9.57,9.57hrs
16/10/2025 08:00:06,sell,0.04,CADCHF,0.56683,16/10/2025 21:13:15,0.56458,0.00,0.00,22.50,11.35,11.35,22.50,-8.22,-16.40,1494,G4,13.22,13.22hrs
16/10/2025 08:00:03,sell,0.04,USDCHF,0.79541,16/10/2025 21:11:42,0.79312,0.00,0.00,22.90,11.55,11.55,22.90,-15.18,-30.30,1494,G4,13.19,13.19hrs
15/10/2025 06:00:05,sell,0.04,AUDCAD,0.91320,16/10/2025 19:33:25,0.91010,0.00,-0.45,31.00,8.37,9.81,36.00,-6.95,-24.40,1494,G4,37.56,1.56days
15/10/2025 04:00:05,buy,0.04,NZDJPY,86.57500,16/10/2025 08:11:39,86.82000,0.00,0.07,24.50,6.55,6.55,24.50,-12.04,-45.60,9319,G4,28.19,1.17days
09/10/2025 10:00:06,buy,0.04,NZDCAD,0.80544,16/10/2025 04:49:12,0.80650,0.00,-0.33,10.60,2.70,4.53,16.00,-16.64,-58.10,9319,G4,162.82,6.78days
10/10/2025 19:00:05,buy,0.06,NZDCAD,0.80247,16/10/2025 04:49:11,0.80651,0.00,-0.42,40.40,16.86,16.86,40.40,-12.24,-28.40,9319,G4,129.82,5.41days
14/10/2025 18:30:00,sell,0.04,AUDNZD,1.13474,16/10/2025 03:35:27,1.13302,0.00,-0.56,17.20,3.38,3.38,17.20,-11.27,-46.80,1494,G4,33.09,1.38days
15/10/2025 07:00:04,sell,0.06,AUDNZD,1.13809,16/10/2025 03:35:26,1.13278,0.00,-0.63,53.10,17.61,17.61,53.10,-5.20,-13.30,1494,G4,20.59,20.59hrs
15/10/2025 03:00:06,sell,0.04,AUDCHF,0.52017,15/10/2025 20:09:50,0.51808,0.00,0.00,20.90,10.49,10.49,20.90,-10.88,-21.80,1494,G4,17.16,17.16hrs
15/10/2025 19:00:10,buy,0.04,EURNZD,2.03351,15/10/2025 20:06:40,2.03560,0.00,0.00,20.90,4.78,4.89,21.40,-1.92,-8.40,9319,G4,1.11,1.11hrs
25/09/2025 05:30:07,sell,0.04,CADCHF,0.57219,15/10/2025 18:38:40,0.56837,0.00,-5.98,38.20,13.18,13.18,38.20,-25.36,-41.00,1494,G4,493.14,20.55days
08/09/2025 21:00:01,sell,0.04,EURCHF,0.93274,15/10/2025 17:25:22,0.92859,0.00,-17.98,41.50,2.81,5.47,43.70,-34.56,-53.00,1494,G4,884.42,36.85days
15/09/2025 16:30:07,sell,0.06,EURCHF,0.93524,15/10/2025 17:25:20,0.92860,0.00,-21.77,66.40,28.11,30.25,68.70,-27.72,-28.00,1494,G4,720.92,30.04days
15/10/2025 06:30:03,buy,0.04,AUDJPY,98.43800,15/10/2025 11:16:37,98.65500,0.00,0.00,21.70,5.74,5.74,21.70,-1.46,-5.50,9319,G4,4.78,4.78hrs
15/10/2025 08:30:03,buy,0.04,EURCAD,1.63152,15/10/2025 10:46:13,1.63373,0.00,0.00,22.10,6.30,6.30,22.10,-2.28,-8.00,9319,G4,2.27,2.27hrs
14/10/2025 06:00:04,buy,0.04,AUDUSD,0.65100,15/10/2025 06:34:53,0.65147,0.00,-0.06,4.70,1.82,1.90,4.90,-27.80,-69.50,9319,G4,24.58,1.02days
14/10/2025 08:30:00,buy,0.06,AUDUSD,0.64749,15/10/2025 06:34:51,0.65147,0.00,-0.09,39.80,23.79,23.91,40.00,-20.64,-34.40,9319,G4,22.08,22.08hrs
09/10/2025 12:00:03,buy,0.04,EURUSD,1.16129,15/10/2025 05:55:02,1.16243,0.00,-1.38,11.40,3.18,6.25,16.50,-27.96,-67.30,9319,G4,137.92,5.75days
13/10/2025 16:00:04,buy,0.06,EURUSD,1.15688,15/10/2025 05:55:01,1.16245,0.00,-1.00,55.70,32.42,32.78,56.30,-14.42,-23.20,9319,G4,37.92,1.58days
14/10/2025 11:30:05,sell,0.04,USDCHF,0.80348,14/10/2025 19:01:21,0.80108,0.00,0.00,24.00,11.98,11.98,24.00,-6.96,-14.00,1494,G4,7.52,7.52hrs
14/10/2025 10:30:07,buy,0.04,EURCAD,1.62525,14/10/2025 16:25:37,1.62774,0.00,0.00,24.90,7.08,7.08,24.90,-4.89,-17.20,9319,G4,5.92,5.92hrs
10/10/2025 18:30:07,buy,0.04,EURGBP,0.87067,14/10/2025 09:56:53,0.87124,0.00,-0.90,5.70,2.13,2.45,6.30,-22.02,-39.60,9319,G4,87.45,3.64days
13/10/2025 14:00:09,buy,0.06,EURGBP,0.86860,14/10/2025 09:56:52,0.87125,0.00,-0.67,26.50,20.44,20.84,27.00,-15.79,-18.90,9319,G4,19.95,19.95hrs
13/10/2025 11:30:07,sell,0.04,GBPCHF,1.07020,14/10/2025 09:18:41,1.06726,0.00,-0.98,29.40,13.67,13.67,29.40,-20.51,-39.30,1494,G4,21.81,21.81hrs
13/10/2025 04:00:07,sell,0.04,AUDNZD,1.13571,14/10/2025 08:40:52,1.13482,0.00,-0.14,8.90,1.89,1.89,8.90,-8.92,-38.40,1494,G4,28.68,1.19days
14/10/2025 02:30:06,sell,0.06,AUDNZD,1.13857,14/10/2025 08:40:50,1.13482,0.00,0.00,37.50,12.82,12.82,37.50,-3.36,-9.80,1494,G4,6.18,6.18hrs
13/10/2025 06:00:04,sell,0.04,AUDCAD,0.91281,14/10/2025 07:19:57,0.91057,0.00,-0.15,22.40,6.23,6.23,22.40,-7.58,-26.60,1494,G4,25.33,1.06days
13/10/2025 05:00:03,sell,0.04,AUDCHF,0.52290,14/10/2025 07:19:02,0.52064,0.00,-0.39,22.60,10.87,10.87,22.60,-11.17,-21.70,1494,G4,26.32,1.10days
10/10/2025 22:30:04,buy,0.04,USDCAD,1.39973,13/10/2025 17:10:35,1.40205,0.00,0.08,19.80,5.73,6.70,19.80,-3.78,-13.50,9319,G4,66.68,2.78days
08/10/2025 15:00:09,sell,0.04,EURGBP,0.86705,13/10/2025 14:55:43,0.86795,0.00,0.45,-9.00,-4.35,6.66,12.40,-27.08,-51.70,1494,G4,119.93,5.00days
09/10/2025 10:00:19,sell,0.06,EURGBP,0.86920,13/10/2025 14:55:42,0.86795,0.00,0.26,12.50,10.26,13.25,16.50,-23.91,-30.20,1494,G4,100.92,4.21days
10/10/2025 15:00:06,sell,0.09,EURGBP,0.87104,13/10/2025 14:55:41,0.86799,0.00,0.20,30.50,36.80,36.80,30.50,-9.32,-7.80,1494,G4,71.93,3.00days
13/10/2025 12:00:04,buy,0.04,GBPUSD,1.33270,13/10/2025 14:03:23,1.33502,0.00,0.00,23.20,9.28,9.28,23.20,-1.00,-2.50,9319,G4,2.06,2.06hrs
08/10/2025 07:30:04,sell,0.04,NZDCHF,0.45986,10/10/2025 18:26:16,0.45880,0.00,-1.18,10.60,4.11,4.11,10.60,-26.56,-51.40,1494,G4,58.94,2.46days
08/10/2025 16:30:00,sell,0.06,NZDCHF,0.46277,10/10/2025 18:26:12,0.45891,0.00,-1.77,38.60,27.15,27.15,38.60,-18.04,-22.30,1494,G4,49.94,2.08days
06/10/2025 13:30:10,sell,0.04,AUDNZD,1.13398,10/10/2025 18:18:43,1.13554,0.00,-0.66,-15.60,-4.23,3.25,13.90,-23.26,-100.20,1494,G4,100.81,4.20days
08/10/2025 05:00:13,sell,0.06,AUDNZD,1.14134,10/10/2025 18:18:42,1.13557,0.00,-0.65,57.70,19.19,19.19,57.70,-7.51,-21.80,1494,G4,61.31,2.55days
10/10/2025 13:30:07,sell,0.04,USDCHF,0.80543,10/10/2025 18:05:21,0.80325,0.00,0.00,21.80,10.86,10.86,21.80,-5.36,-10.80,1494,G4,4.59,4.59hrs
08/10/2025 19:00:08,sell,0.04,AUDCAD,0.91815,10/10/2025 15:31:58,0.91710,0.00,-0.60,10.50,2.40,2.40,10.50,-9.74,-32.40,1494,G4,44.53,1.86days
09/10/2025 16:30:09,sell,0.06,AUDCAD,0.92100,10/10/2025 15:31:56,0.91710,0.00,-0.22,39.00,16.51,16.51,39.00,-1.55,-3.10,1494,G4,23.03,23.03hrs
23/09/2025 07:30:04,buy,0.04,EURGBP,0.87368,10/10/2025 14:00:08,0.87225,0.00,-8.62,-14.30,-16.21,5.03,12.80,-49.80,-80.00,9319,G4,414.50,17.27days
01/10/2025 13:00:05,buy,0.06,EURGBP,0.87147,10/10/2025 14:00:07,0.87224,0.00,-7.48,7.70,-1.35,8.90,14.30,-51.44,-57.90,9319,G4,217.00,9.04days
01/10/2025 17:00:18,buy,0.09,EURGBP,0.86984,10/10/2025 14:00:06,0.87226,0.00,-11.23,24.20,17.66,33.03,30.60,-57.47,-41.60,9319,G4,213.00,8.87days
07/10/2025 22:00:10,buy,0.14,EURGBP,0.86811,10/10/2025 14:00:05,0.87229,0.00,-7.91,41.80,69.71,69.71,41.80,-47.29,-24.30,9319,G4,64.00,2.67days
10/10/2025 03:30:04,sell,0.04,GBPCAD,1.86470,10/10/2025 13:41:15,1.86241,0.00,0.00,22.90,6.53,6.79,23.80,-5.02,-17.60,1494,G4,10.19,10.19hrs
09/10/2025 23:00:01,sell,0.04,AUDJPY,100.27900,10/10/2025 09:37:09,100.05000,0.00,-0.26,22.90,5.74,5.74,22.90,-6.98,-25.70,1494,G4,10.62,10.62hrs
09/10/2025 03:30:06,sell,0.04,CADJPY,109.37500,09/10/2025 19:56:47,109.15400,0.00,0.00,22.10,5.77,5.77,22.10,-9.28,-35.50,1494,G4,16.44,16.44hrs
08/10/2025 13:30:01,sell,0.04,NZDUSD,0.57693,09/10/2025 17:49:10,0.57495,0.00,0.21,19.80,8.13,8.41,20.50,-14.67,-37.20,1494,G4,28.32,1.18days
08/10/2025 22:30:05,buy,0.04,USDCHF,0.80192,09/10/2025 16:43:41,0.80400,0.00,0.92,20.80,11.27,11.27,20.80,-7.43,-16.70,9319,G4,18.23,18.23hrs
08/10/2025 22:00:05,sell,0.04,EURCAD,1.62156,09/10/2025 11:56:33,1.61938,0.00,-0.08,21.80,6.17,6.17,22.90,-5.44,-18.70,1494,G4,13.94,13.94hrs
09/10/2025 08:30:04,sell,0.04,AUDJPY,100.78800,09/10/2025 11:38:05,100.58200,0.00,0.00,20.60,5.38,5.38,20.60,-2.75,-10.50,1494,G4,3.13,3.13hrs
01/10/2025 19:00:04,buy,0.04,NZDCHF,0.46397,09/10/2025 03:23:42,0.46384,0.00,0.92,-1.30,0.27,8.69,16.40,-22.84,-46.90,9319,G4,176.39,7.35days
08/10/2025 05:00:04,buy,0.06,NZDCHF,0.46021,09/10/2025 03:23:41,0.46384,0.00,0.42,36.30,27.61,27.75,36.50,-4.95,-6.60,9319,G4,22.39,22.39hrs
08/10/2025 18:00:01,sell,0.04,GBPCAD,1.87210,08/10/2025 18:49:57,1.86969,0.00,0.00,24.10,6.90,6.90,24.10,-0.09,-0.30,1494,G4,0.83,0.83hrs
01/10/2025 04:00:05,buy,0.04,AUDCHF,0.52602,08/10/2025 18:41:22,0.52787,0.00,1.19,18.50,10.42,10.42,19.40,-12.28,-26.10,9319,G4,182.69,7.61days
08/10/2025 11:30:04,sell,0.04,GBPCAD,1.87217,08/10/2025 14:02:57,1.87013,0.00,0.00,20.40,5.85,5.85,20.40,-1.20,-4.20,1494,G4,2.55,2.55hrs
26/09/2025 18:00:08,sell,0.04,AUDCAD,0.91207,08/10/2025 11:58:14,0.91551,0.00,-1.58,-34.40,-11.44,0.00,0.00,-36.03,-121.30,1494,G4,281.97,11.75days
30/09/2025 09:00:12,sell,0.09,AUDCAD,0.91847,08/10/2025 11:58:13,0.91551,0.00,-2.81,29.60,16.28,16.73,30.30,-39.09,-57.30,1494,G4,194.97,8.12days
29/09/2025 22:30:05,sell,0.06,AUDCAD,0.91544,08/10/2025 11:58:13,0.91551,0.00,-2.11,-0.70,-2.41,0.92,2.70,-39.32,-87.60,1494,G4,205.47,8.56days
30/09/2025 19:00:00,sell,0.14,AUDCAD,0.92103,08/10/2025 11:58:12,0.91550,0.00,-4.36,55.30,51.12,51.72,55.90,-35.11,-31.70,1494,G4,184.97,7.71days
02/10/2025 23:00:05,buy,0.04,GBPCHF,1.07237,08/10/2025 10:50:34,1.07438,0.00,1.12,20.10,11.16,11.16,20.10,-20.41,-41.70,9319,G4,131.84,5.49days
25/09/2025 23:30:04,buy,0.04,USDCHF,0.79974,08/10/2025 05:18:34,0.80039,0.00,3.38,6.50,6.63,6.63,8.80,-33.34,-68.50,9319,G4,293.81,12.24days
29/09/2025 06:00:05,buy,0.06,USDCHF,0.79616,08/10/2025 05:18:33,0.80039,0.00,4.15,42.30,35.86,35.86,42.30,-23.82,-32.70,9319,G4,215.31,8.97days
06/10/2025 15:00:06,sell,0.04,EURGBP,0.86969,08/10/2025 04:31:20,0.86741,0.00,0.18,22.80,12.41,12.41,22.80,-3.77,-7.20,1494,G4,37.52,1.56days
02/10/2025 20:30:05,sell,0.04,AUDUSD,0.65924,08/10/2025 04:27:38,0.65692,0.00,0.08,23.20,9.36,9.36,23.20,-12.82,-32.20,1494,G4,127.96,5.33days
07/10/2025 13:30:05,sell,0.04,NZDCAD,0.81075,08/10/2025 04:02:32,0.80200,0.00,-0.08,87.50,25.00,25.00,87.50,-1.75,-6.10,1494,G4,14.54,14.54hrs
08/10/2025 02:00:08,sell,0.04,NZDUSD,0.58001,08/10/2025 04:02:05,0.57519,0.00,0.00,48.20,19.28,19.28,48.20,-0.80,-2.00,1494,G4,2.03,2.03hrs
02/10/2025 20:30:13,sell,0.04,NZDUSD,0.58166,07/10/2025 22:49:52,0.57959,0.00,0.20,20.70,8.48,8.88,21.70,-11.46,-29.00,1494,G4,122.33,5.10days
07/10/2025 09:00:04,sell,0.04,EURAUD,1.77080,07/10/2025 16:35:04,1.76862,0.00,0.00,21.80,5.75,5.75,21.80,-7.77,-29.50,1494,G4,7.58,7.58hrs
07/10/2025 03:00:06,sell,0.04,NZDJPY,87.82200,07/10/2025 08:33:39,87.61100,0.00,0.00,21.10,5.61,5.61,21.10,-3.13,-11.80,1494,G4,5.56,5.56hrs
22/08/2025 22:00:04,sell,0.04,AUDJPY,95.29500,06/10/2025 12:00:11,99.24000,0.00,-12.14,-394.50,-117.07,0.33,1.20,-120.39,-406.40,1494,G4,1070.00,44.58days
25/08/2025 18:30:01,sell,0.06,AUDJPY,95.85600,06/10/2025 12:00:10,99.24000,0.00,-17.79,-338.40,-152.80,11.69,29.80,-157.76,-350.30,1494,G4,1001.50,41.73days
03/09/2025 06:00:04,sell,0.14,AUDJPY,97.05000,06/10/2025 12:00:09,99.24000,0.00,-32.54,-219.00,-236.42,55.95,62.90,-247.81,-230.90,1494,G4,798.00,33.25days
01/09/2025 13:00:08,sell,0.09,AUDJPY,96.45400,06/10/2025 12:00:09,99.24000,0.00,-22.20,-278.60,-188.93,3.18,5.20,-196.31,-290.50,1494,G4,839.00,34.96days
06/10/2025 12:00:04,sell,0.56,AUDJPY,99.22000,06/10/2025 12:00:08,99.24000,0.00,0.00,-2.00,-7.45,0.00,0.00,-7.45,-2.00,1494,G4,0.00,0.00hrs
11/09/2025 20:00:03,sell,0.28,AUDJPY,97.92000,06/10/2025 12:00:08,99.24000,0.00,-45.63,-132.00,-291.41,155.06,103.10,-313.95,-143.90,1494,G4,592.00,24.67days
02/10/2025 17:30:55,sell,0.04,EURGBP,0.87276,06/10/2025 09:50:43,0.87041,0.00,0.18,23.50,12.81,12.81,23.50,-2.62,-5.20,1494,G4,88.33,3.68days
22/09/2025 09:00:05,buy,0.04,NZDJPY,86.83500,06/10/2025 05:01:43,87.39900,0.00,0.37,56.40,15.43,15.43,56.40,-40.37,-149.60,9319,G4,332.03,13.83days
25/09/2025 17:30:05,buy,0.06,NZDJPY,86.31500,06/10/2025 05:01:42,87.39600,0.00,0.37,108.10,43.67,43.67,108.10,-39.54,-97.60,9319,G4,251.53,10.48days
30/09/2025 10:00:07,buy,0.09,NZDJPY,85.83500,06/10/2025 05:01:40,87.39200,0.00,0.33,155.70,93.88,93.88,155.70,-30.14,-49.60,9319,G4,139.03,5.79days
01/10/2025 06:00:05,buy,0.04,CADJPY,106.21800,06/10/2025 00:03:45,107.02100,0.00,0.31,80.30,21.81,21.81,80.30,-27.56,-101.70,9319,G4,114.06,4.75days
01/10/2025 11:00:01,buy,0.06,CADJPY,105.70000,06/10/2025 00:03:44,107.02100,0.00,0.47,132.10,53.53,53.53,132.10,-20.13,-49.90,9319,G4,109.06,4.54days
02/10/2025 14:00:10,buy,0.09,CADJPY,105.24700,06/10/2025 00:03:43,107.02100,0.00,0.28,177.40,107.16,107.16,177.40,-2.39,-3.90,9319,G4,82.06,3.42days
03/10/2025 20:00:00,buy,0.04,EURAUD,1.77656,06/10/2025 00:02:55,1.77917,0.00,-0.33,26.10,6.53,6.53,26.10,-0.74,-2.80,9319,G4,52.05,2.17days
03/10/2025 16:00:00,buy,0.04,EURAUD,1.77712,03/10/2025 17:06:56,1.77922,0.00,0.00,21.00,5.55,5.55,21.00,0.00,0.00,9319,G4,1.12,1.12hrs
03/10/2025 10:30:04,buy,0.04,EURAUD,1.77566,03/10/2025 14:48:23,1.77770,0.00,0.00,20.40,5.39,5.39,20.40,-0.82,-3.10,9319,G4,4.31,4.31hrs
30/09/2025 08:00:08,buy,0.04,USDJPY,148.41600,03/10/2025 05:38:36,147.65700,0.00,1.26,-75.90,-19.30,0.03,0.10,-49.27,-181.50,9319,G4,69.64,2.90days
01/10/2025 09:00:06,buy,0.06,USDJPY,147.52300,03/10/2025 05:38:35,147.65700,0.00,1.52,13.40,6.97,7.29,14.20,-37.74,-92.20,9319,G4,44.64,1.86days
02/10/2025 15:00:05,buy,0.09,USDJPY,146.79500,03/10/2025 05:38:34,147.66100,0.00,0.57,86.60,53.35,53.60,87.00,-3.00,-4.90,9319,G4,14.64,14.64hrs
01/10/2025 08:31:55,sell,0.04,AUDUSD,0.66004,02/10/2025 18:38:14,0.65791,0.00,0.05,21.30,8.57,8.89,22.10,-11.04,-27.60,1494,G4,34.11,1.42days
01/10/2025 22:00:04,sell,0.04,EURUSD,1.17345,02/10/2025 16:52:16,1.17154,0.00,0.52,19.10,8.16,8.24,19.30,-9.20,-24.30,1494,G4,18.87,18.87hrs
01/10/2025 22:00:10,sell,0.04,AUDNZD,1.13724,02/10/2025 05:00:04,1.13475,0.00,-0.40,24.90,5.41,5.41,24.90,-7.12,-28.90,1494,G4,7.00,7.00hrs
10/09/2025 17:00:08,sell,0.04,EURGBP,0.86459,01/10/2025 15:38:17,0.86975,0.00,1.92,-51.60,-25.97,7.24,12.50,-54.36,-104.80,1494,G4,502.64,20.94days
18/09/2025 20:00:04,sell,0.09,EURGBP,0.86968,01/10/2025 15:38:16,0.86976,0.00,2.16,-0.80,1.18,6.80,5.40,-63.33,-53.90,1494,G4,307.64,12.82days
16/09/2025 18:30:10,sell,0.06,EURGBP,0.86756,01/10/2025 15:38:16,0.86976,0.00,2.04,-22.00,-15.79,7.62,8.60,-58.61,-75.10,1494,G4,357.13,14.88days
19/09/2025 19:00:09,sell,0.14,EURGBP,0.87163,01/10/2025 15:38:15,0.86976,0.00,3.07,18.70,38.43,38.43,18.70,-62.41,-34.40,1494,G4,284.63,11.86days
23/09/2025 12:00:00,sell,0.28,EURGBP,0.87396,01/10/2025 15:38:14,0.86976,0.00,4.90,42.00,163.76,163.76,42.00,-39.04,-11.10,1494,G4,195.64,8.15days
29/09/2025 18:30:10,buy,0.04,GBPCHF,1.07071,01/10/2025 12:56:34,1.07278,0.00,0.56,20.70,10.96,10.96,20.70,-11.12,-23.20,9319,G4,42.44,1.77days
23/09/2025 05:00:04,buy,0.04,NZDCAD,0.81040,01/10/2025 11:30:44,0.80953,0.00,-0.18,-8.70,-2.68,3.76,13.00,-22.91,-79.40,9319,G4,198.51,8.27days
24/09/2025 17:30:03,buy,0.06,NZDCAD,0.80771,01/10/2025 11:30:40,0.80952,0.00,-0.28,18.10,7.53,8.99,21.10,-22.77,-52.50,9319,G4,162.01,6.75days
25/09/2025 18:00:05,buy,0.09,NZDCAD,0.80436,01/10/2025 11:30:15,0.80952,0.00,-0.22,51.60,33.14,33.41,52.00,-12.33,-19.00,9319,G4,137.50,5.73days
30/09/2025 22:00:05,buy,0.04,GBPCAD,1.87188,01/10/2025 08:02:38,1.87419,0.00,0.08,23.10,6.73,6.73,23.10,-5.01,-17.70,9319,G4,10.04,10.04hrs
30/09/2025 04:00:08,sell,0.04,USDCAD,1.39200,30/09/2025 17:23:32,1.38984,0.00,0.00,21.60,6.22,6.22,21.60,-2.73,-9.50,1494,G4,13.39,13.39hrs
24/09/2025 10:30:01,buy,0.04,AUDUSD,0.66196,30/09/2025 07:42:10,0.66018,0.00,-0.37,-17.80,-7.49,0.72,1.80,-39.81,-98.90,9319,G4,141.20,5.88days
24/09/2025 20:00:01,buy,0.06,AUDUSD,0.65774,30/09/2025 07:42:05,0.66019,0.00,-0.59,24.50,14.11,14.59,24.80,-34.41,-56.70,9319,G4,131.70,5.49days
25/09/2025 18:00:18,buy,0.09,AUDUSD,0.65481,30/09/2025 07:41:18,0.66005,0.00,-0.42,52.40,46.74,46.74,52.40,-24.80,-27.40,9319,G4,109.68,4.57days
26/09/2025 02:30:10,sell,0.04,GBPAUD,2.04026,30/09/2025 04:03:57,2.03893,0.00,-0.42,13.30,3.09,3.09,13.30,-22.69,-85.60,1494,G4,97.56,4.07days
26/09/2025 10:30:01,sell,0.06,GBPAUD,2.04412,30/09/2025 04:03:56,2.03896,0.00,-0.64,51.60,19.75,19.75,51.60,-18.83,-47.00,1494,G4,89.57,3.73days
25/09/2025 07:30:04,buy,0.04,AUDNZD,1.13291,29/09/2025 17:55:04,1.13621,0.00,-0.02,33.00,7.62,7.62,33.00,-4.32,-18.70,9319,G4,106.42,4.43days
01/09/2025 07:30:07,buy,0.04,EURCHF,0.93623,29/09/2025 16:35:39,0.93616,0.00,2.90,-0.70,2.55,15.54,30.30,-30.32,-62.30,9319,G4,681.09,28.38days
08/09/2025 17:30:24,buy,0.06,EURCHF,0.93241,29/09/2025 16:35:37,0.93616,0.00,3.17,37.50,31.41,31.41,37.50,-17.83,-24.10,9319,G4,503.09,20.96days
24/09/2025 17:00:08,buy,0.06,GBPUSD,1.34358,29/09/2025 15:51:17,1.34518,0.00,-0.60,16.00,9.00,17.04,29.00,-67.32,-111.60,9319,G4,118.85,4.95days
24/09/2025 07:30:05,buy,0.04,GBPUSD,1.35106,29/09/2025 15:51:17,1.34519,0.00,-0.40,-58.70,-23.88,0.24,0.60,-74.80,-186.40,9319,G4,128.35,5.35days
25/09/2025 17:00:09,buy,0.09,GBPUSD,1.33721,29/09/2025 15:51:15,1.34521,0.00,-0.36,80.00,71.64,71.64,80.00,-43.11,-47.90,9319,G4,94.85,3.95days
24/09/2025 11:30:04,buy,0.04,GBPCAD,1.86793,26/09/2025 18:03:43,1.86830,0.00,0.21,3.70,1.27,8.91,30.40,-30.27,-106.10,9319,G4,54.56,2.27days
25/09/2025 16:30:05,buy,0.06,GBPCAD,1.86254,26/09/2025 18:03:41,1.86832,0.00,0.08,57.80,24.96,24.96,57.80,-22.41,-52.20,9319,G4,25.56,1.06days
25/09/2025 02:30:08,sell,0.04,NZDUSD,0.58156,25/09/2025 15:51:33,0.57928,0.00,0.00,22.80,9.12,9.12,22.80,-6.44,-16.10,1494,G4,13.36,13.36hrs
22/09/2025 02:30:05,sell,0.04,AUDUSD,0.65923,24/09/2025 19:13:20,0.65830,0.00,0.04,9.30,3.76,5.36,13.40,-14.00,-35.10,1494,G4,64.72,2.70days
24/09/2025 09:30:07,sell,0.06,AUDUSD,0.66213,24/09/2025 19:13:18,0.65830,0.00,0.00,38.30,22.98,23.58,39.30,-1.62,-2.70,1494,G4,9.72,9.72hrs
09/09/2025 02:30:04,sell,0.04,AUDNZD,1.10995,24/09/2025 16:00:12,1.13146,0.00,-1.59,-215.10,-51.74,1.26,5.30,-54.07,-224.70,1494,G4,373.50,15.56days
10/09/2025 17:00:18,sell,0.06,AUDNZD,1.11255,24/09/2025 16:00:11,1.13146,0.00,-2.20,-189.10,-68.34,0.07,0.20,-71.81,-198.70,1494,G4,335.00,13.96days
16/09/2025 04:00:04,sell,0.14,AUDNZD,1.11826,24/09/2025 16:00:10,1.13146,0.00,-2.77,-132.00,-110.49,22.60,27.00,-118.52,-141.60,1494,G4,204.00,8.50days
12/09/2025 04:00:03,sell,0.09,AUDNZD,1.11554,24/09/2025 16:00:10,1.13146,0.00,-2.29,-159.20,-85.81,3.33,6.20,-90.99,-168.80,1494,G4,300.00,12.50days
18/09/2025 16:00:06,sell,0.28,AUDNZD,1.12538,24/09/2025 16:00:09,1.13148,0.00,-2.61,-61.00,-102.16,36.66,22.70,-117.71,-70.40,1494,G4,144.00,6.00days
24/09/2025 16:00:05,sell,0.56,AUDNZD,1.13125,24/09/2025 16:00:08,1.13148,0.00,0.00,-2.30,-7.51,0.00,0.00,-7.51,-2.30,1494,G4,0.00,0.00hrs
24/09/2025 06:30:04,buy,0.04,EURJPY,174.43100,24/09/2025 07:36:22,174.62600,0.00,0.00,19.50,5.27,5.46,20.20,-0.87,-3.20,9319,G4,1.10,1.10hrs
22/09/2025 05:00:04,buy,0.04,AUDJPY,97.63400,24/09/2025 05:58:10,97.83500,0.00,0.14,20.10,5.58,6.04,21.80,-10.59,-39.30,9319,G4,48.97,2.04days
23/09/2025 07:00:05,sell,0.04,GBPJPY,199.69000,23/09/2025 11:32:51,199.35400,0.00,0.00,33.60,9.10,9.10,33.60,-3.06,-11.30,1494,G4,4.55,4.55hrs
22/08/2025 05:30:05,sell,0.06,AUDCHF,0.51996,22/09/2025 17:07:52,0.52275,0.00,-17.48,-27.90,-38.56,7.13,9.60,-95.51,-110.00,1494,G4,755.63,31.48days
21/08/2025 02:30:04,sell,0.04,AUDCHF,0.51721,22/09/2025 17:07:52,0.52275,0.00,-12.03,-55.40,-39.94,1.84,3.70,-77.86,-137.50,1494,G4,782.63,32.61days
28/08/2025 17:00:05,sell,0.09,AUDCHF,0.52292,22/09/2025 17:07:51,0.52276,0.00,-20.82,1.60,-19.01,5.47,7.30,-104.39,-80.40,1494,G4,600.13,25.01days
03/09/2025 17:01:16,sell,0.14,AUDCHF,0.52603,22/09/2025 17:07:50,0.52276,0.00,-26.75,32.70,30.91,54.71,35.80,-102.10,-49.30,1494,G4,456.11,19.00days
12/09/2025 08:00:06,sell,0.28,AUDCHF,0.53034,22/09/2025 17:07:49,0.52276,0.00,-22.66,75.80,244.62,247.46,76.60,-20.35,-5.00,1494,G4,249.13,10.38days
04/09/2025 21:00:09,sell,0.04,AUDUSD,0.65091,19/09/2025 09:02:23,0.65944,0.00,0.47,-85.30,-33.65,0.00,0.00,-78.18,-196.30,1494,G4,348.04,14.50days
05/09/2025 11:30:10,sell,0.06,AUDUSD,0.65444,19/09/2025 09:02:22,0.65942,0.00,0.68,-49.80,-29.20,1.74,2.90,-96.12,-161.00,1494,G4,333.54,13.90days
08/09/2025 12:00:13,sell,0.09,AUDUSD,0.65835,19/09/2025 09:02:21,0.65943,0.00,1.00,-10.80,-8.72,1.62,1.80,-109.02,-121.90,1494,G4,261.04,10.88days
09/09/2025 14:00:03,sell,0.14,AUDUSD,0.66139,19/09/2025 09:02:20,0.65947,0.00,1.44,19.20,28.32,43.66,31.10,-127.14,-91.50,1494,G4,235.04,9.79days
12/09/2025 00:05:24,sell,0.28,AUDUSD,0.66557,19/09/2025 09:02:19,0.65947,0.00,1.67,61.00,172.47,172.47,61.00,-138.44,-49.70,1494,G4,176.95,7.37days
29/08/2025 10:30:06,sell,0.06,NZDJPY,86.63900,19/09/2025 06:48:33,86.81500,0.00,-6.56,-17.60,-13.71,2.24,5.50,-64.57,-148.70,1494,G4,500.31,20.85days
22/08/2025 22:30:04,sell,0.04,NZDJPY,86.13000,19/09/2025 06:48:33,86.82500,0.00,-5.79,-69.50,-24.63,0.19,2.20,-58.26,-199.60,1494,G4,656.31,27.35days
03/09/2025 05:00:09,sell,0.09,NZDJPY,87.21400,19/09/2025 06:48:31,86.80400,0.00,-8.49,41.00,16.52,29.63,51.20,-60.54,-91.20,1494,G4,385.81,16.08days
08/09/2025 16:00:10,sell,0.14,NZDJPY,87.72300,19/09/2025 06:48:30,86.80500,0.00,-9.58,91.80,77.55,77.55,91.80,-42.38,-40.30,1494,G4,254.81,10.62days
10/09/2025 07:00:08,sell,0.04,NZDUSD,0.59407,18/09/2025 04:07:00,0.59160,0.00,0.66,24.70,10.54,10.54,24.70,-25.20,-64.20,1494,G4,189.11,7.88days
02/09/2025 10:30:11,sell,0.04,NZDCHF,0.47046,16/09/2025 20:15:45,0.47061,0.00,-4.41,-1.50,-5.17,1.19,3.60,-33.55,-59.30,1494,G4,345.76,14.41days
04/09/2025 03:30:10,sell,0.06,NZDCHF,0.47292,16/09/2025 20:15:44,0.47061,0.00,-4.68,23.10,12.96,20.74,28.20,-29.87,-34.70,1494,G4,304.76,12.70days
10/09/2025 19:00:03,sell,0.09,NZDCHF,0.47501,16/09/2025 20:15:39,0.47063,0.00,-4.17,43.80,46.00,46.19,44.00,-18.35,-13.80,1494,G4,145.26,6.05days
03/09/2025 12:30:10,sell,0.04,GBPCHF,1.07777,16/09/2025 19:35:13,1.07453,0.00,-13.04,32.40,3.44,12.02,33.70,-37.68,-61.60,1494,G4,319.08,13.30days
04/09/2025 12:00:08,sell,0.06,GBPCHF,1.08213,16/09/2025 19:35:11,1.07454,0.00,-15.06,75.90,42.82,55.47,77.30,-19.13,-18.00,1494,G4,295.58,12.32days
09/09/2025 16:00:03,sell,0.04,USDCAD,1.38225,15/09/2025 18:56:57,1.37969,0.00,-1.44,25.60,5.98,5.98,25.60,-20.17,-66.70,1494,G4,146.95,6.12days
11/09/2025 15:00:13,sell,0.04,GBPCAD,1.87553,12/09/2025 12:38:55,1.87310,0.00,-0.38,24.30,6.64,6.64,24.30,-11.02,-38.20,1494,G4,21.64,21.64hrs
02/09/2025 15:00:20,sell,0.04,NZDCAD,0.80710,12/09/2025 08:00:21,0.82619,0.00,-0.91,-190.90,-56.07,2.35,8.10,-59.02,-201.20,1494,G4,233.00,9.71days
03/09/2025 19:00:08,sell,0.06,NZDCAD,0.81050,12/09/2025 08:00:20,0.82618,0.00,-1.27,-156.80,-69.23,14.84,35.10,-73.70,-167.20,1494,G4,205.00,8.54days
08/09/2025 12:00:06,sell,0.14,NZDCAD,0.81823,12/09/2025 08:00:19,0.82618,0.00,-1.45,-79.50,-81.85,0.00,0.00,-92.27,-89.90,1494,G4,92.00,3.83days
05/09/2025 18:00:30,sell,0.09,NZDCAD,0.81524,12/09/2025 08:00:19,0.82618,0.00,-1.13,-109.40,-72.26,4.95,7.90,-78.95,-119.80,1494,G4,158.00,6.58days
09/09/2025 12:00:04,sell,0.28,NZDCAD,0.82099,12/09/2025 08:00:18,0.82618,0.00,-2.34,-51.90,-107.32,25.52,12.60,-128.15,-62.30,1494,G4,68.00,2.83days
12/09/2025 08:00:14,sell,0.56,NZDCAD,0.82597,12/09/2025 08:00:17,0.82618,0.00,0.00,-2.10,-8.50,0.00,0.00,-8.50,-2.10,1494,G4,0.00,0.00hrs
09/09/2025 15:30:01,buy,0.04,AUDUSD,0.66028,11/09/2025 16:59:00,0.66345,0.00,-0.35,31.70,12.33,12.33,31.70,-8.73,-21.60,9319,G4,49.48,2.06days
08/09/2025 17:30:05,buy,0.06,GBPCHF,1.07475,10/09/2025 13:59:08,1.08022,0.00,0.86,54.70,42.00,42.15,54.90,-11.15,-15.30,9319,G4,44.48,1.85days
05/09/2025 18:30:09,buy,0.04,GBPCHF,1.07864,10/09/2025 13:59:08,1.08023,0.00,0.87,15.90,8.84,8.89,16.00,-26.77,-54.20,9319,G4,115.48,4.81days
22/08/2025 17:30:05,sell,0.06,AUDCAD,0.89833,10/09/2025 12:00:20,0.91442,0.00,-3.80,-160.90,-73.48,12.15,29.60,-78.23,-171.70,1494,G4,450.50,18.77days
21/08/2025 15:00:01,sell,0.04,AUDCAD,0.89173,10/09/2025 12:00:20,0.91442,0.00,-2.73,-226.90,-68.25,0.00,0.00,-71.42,-237.70,1494,G4,477.01,19.88days
01/09/2025 19:00:08,sell,0.09,AUDCAD,0.90134,10/09/2025 12:00:19,0.91442,0.00,-3.01,-130.80,-87.98,37.19,57.60,-95.08,-141.60,1494,G4,209.00,8.71days
08/09/2025 20:00:05,sell,0.28,AUDCAD,0.91031,10/09/2025 12:00:18,0.91444,0.00,-1.95,-41.30,-85.42,7.88,4.40,-106.94,-51.90,1494,G4,40.00,1.67days
05/09/2025 18:00:11,sell,0.14,AUDCAD,0.90679,10/09/2025 12:00:18,0.91444,0.00,-1.49,-76.50,-78.80,3.83,4.30,-89.59,-87.10,1494,G4,114.00,4.75days
10/09/2025 12:00:08,sell,0.56,AUDCAD,0.91418,10/09/2025 12:00:16,0.91444,0.00,0.00,-2.60,-10.51,0.00,0.00,-10.51,-2.60,1494,G4,0.00,0.00hrs
28/08/2025 20:30:05,sell,0.06,EURGBP,0.86452,09/09/2025 21:30:16,0.86573,0.00,1.24,-12.10,-8.58,7.26,8.80,-54.22,-68.00,1494,G4,289.00,12.04days
27/08/2025 20:00:07,sell,0.04,EURGBP,0.86226,09/09/2025 21:30:16,0.86573,0.00,1.10,-34.70,-17.68,3.77,6.50,-47.97,-90.60,1494,G4,313.50,13.06days
29/08/2025 14:00:05,sell,0.09,EURGBP,0.86667,09/09/2025 21:30:15,0.86573,0.00,1.66,9.40,13.10,33.96,27.70,-55.63,-46.50,1494,G4,271.50,11.31days
02/09/2025 16:00:13,sell,0.14,EURGBP,0.87012,09/09/2025 21:30:14,0.86573,0.00,2.02,43.90,85.14,86.84,44.80,-22.49,-12.00,1494,G4,173.50,7.23days
08/09/2025 18:30:05,buy,0.04,AUDUSD,0.65895,09/09/2025 12:11:17,0.66159,0.00,-0.07,26.40,10.49,10.57,26.60,-3.28,-8.20,9319,G4,17.69,17.69hrs
09/09/2025 09:00:04,buy,0.04,GBPNZD,2.28029,09/09/2025 10:52:16,2.28261,0.00,0.00,23.20,5.51,5.51,23.20,-0.45,-1.90,9319,G4,1.87,1.87hrs
09/09/2025 04:30:06,sell,0.04,GBPAUD,2.05575,09/09/2025 08:35:09,2.05365,0.00,0.00,21.00,5.56,5.56,21.00,-3.88,-14.70,1494,G4,4.08,4.08hrs
29/08/2025 15:30:30,sell,0.04,AUDNZD,1.10901,08/09/2025 16:54:05,1.10950,0.00,-0.93,-4.90,-2.09,3.34,14.70,-18.30,-74.70,1494,G4,241.39,10.06days
02/09/2025 11:00:08,sell,0.06,AUDNZD,1.11133,08/09/2025 16:54:04,1.10951,0.00,-1.01,18.20,5.47,5.47,18.20,-18.91,-51.50,1494,G4,149.90,6.25days
03/09/2025 15:00:11,sell,0.09,AUDNZD,1.11423,08/09/2025 16:54:03,1.10950,0.00,-1.26,47.30,24.02,24.02,47.30,-12.86,-22.50,1494,G4,121.90,5.08days
08/09/2025 13:30:04,buy,0.04,EURUSD,1.17261,08/09/2025 16:11:12,1.17466,0.00,0.00,20.50,8.20,8.20,20.50,-1.00,-2.50,9319,G4,2.69,2.69hrs
05/09/2025 16:00:10,buy,0.04,NZDJPY,86.92900,08/09/2025 14:52:13,87.70600,0.00,0.03,77.70,21.06,21.37,78.80,-6.42,-23.60,9319,G4,70.87,2.95days
13/08/2025 15:00:24,buy,0.04,NZDCAD,0.82372,08/09/2025 10:20:18,0.81808,0.00,-0.77,-56.40,-17.10,0.00,0.00,-55.95,-191.20,9319,G4,619.33,25.81days
14/08/2025 09:30:05,buy,0.06,NZDCAD,0.82136,08/09/2025 10:20:17,0.81808,0.00,-1.03,-32.80,-15.27,0.00,0.00,-73.55,-167.60,9319,G4,600.84,25.03days
14/08/2025 17:00:07,buy,0.09,NZDCAD,0.81766,08/09/2025 10:20:16,0.81808,0.00,-1.54,4.20,1.19,15.11,23.30,-86.17,-130.60,9319,G4,593.34,24.72days
20/08/2025 07:00:03,buy,0.14,NZDCAD,0.80865,08/09/2025 10:20:15,0.81809,0.00,-2.09,94.40,93.55,94.25,95.10,-42.28,-40.50,9319,G4,459.34,19.14days
27/08/2025 20:00:00,sell,0.04,EURCHF,0.93325,08/09/2025 09:34:41,0.93365,0.00,-5.74,-4.00,-7.75,2.49,7.80,-37.94,-65.90,1494,G4,277.58,11.57days
04/09/2025 20:00:07,sell,0.09,EURCHF,0.93888,08/09/2025 09:34:39,0.93363,0.00,-2.21,52.50,57.11,57.56,52.90,-11.81,-9.60,1494,G4,85.58,3.57days
28/08/2025 16:30:07,sell,0.06,EURCHF,0.93597,08/09/2025 09:34:39,0.93365,0.00,-6.49,23.20,10.98,11.74,23.80,-34.55,-38.70,1494,G4,257.08,10.71days
08/09/2025 03:00:05,sell,0.04,GBPNZD,2.29143,08/09/2025 04:58:35,2.28870,0.00,0.00,27.30,6.44,6.44,27.30,-1.60,-6.80,1494,G4,1.98,1.98hrs
04/09/2025 09:00:10,buy,0.04,AUDCAD,0.90100,05/09/2025 15:36:21,0.90527,0.00,0.02,42.70,12.39,12.39,42.70,-4.90,-17.00,9319,G4,30.60,1.28days
05/09/2025 15:00:20,buy,0.04,NZDUSD,0.58738,05/09/2025 15:34:28,0.58964,0.00,0.00,22.60,9.04,12.72,31.80,-0.72,-1.80,9319,G4,0.57,0.57hrs
02/09/2025 04:30:06,buy,0.04,GBPUSD,1.35414,05/09/2025 15:33:52,1.35269,0.00,-0.54,-14.50,-6.34,0.00,0.00,-80.63,-201.30,9319,G4,83.06,3.46days
02/09/2025 11:30:00,buy,0.06,GBPUSD,1.34026,05/09/2025 15:33:51,1.35261,0.00,-0.80,123.50,73.30,75.10,126.50,-37.66,-62.50,9319,G4,76.06,3.17days
01/09/2025 16:30:09,buy,0.04,EURUSD,1.17110,05/09/2025 15:33:06,1.17399,0.00,-2.21,28.90,9.35,10.75,32.40,-41.70,-102.40,9319,G4,95.05,3.96days
04/09/2025 13:30:11,buy,0.06,EURUSD,1.16555,05/09/2025 15:33:05,1.17401,0.00,-0.55,84.60,50.21,52.19,87.90,-14.64,-24.40,9319,G4,26.05,1.09days
02/09/2025 18:30:38,buy,0.04,EURAUD,1.78832,04/09/2025 17:11:21,1.78920,0.00,-1.36,8.80,0.93,1.48,8.80,-22.78,-81.80,9319,G4,46.68,1.94days
03/09/2025 15:00:28,buy,0.06,EURAUD,1.78283,04/09/2025 17:11:20,1.78905,0.00,-1.52,62.20,22.77,22.77,62.20,-12.09,-26.90,9319,G4,26.18,1.09days
02/09/2025 18:30:58,sell,0.04,AUDUSD,0.65211,04/09/2025 15:39:36,0.65129,0.00,0.11,8.20,3.39,5.95,14.80,-13.41,-33.60,1494,G4,45.14,1.88days
03/09/2025 20:30:10,sell,0.06,AUDUSD,0.65515,04/09/2025 15:39:33,0.65128,0.00,0.12,38.70,23.34,23.34,38.70,-0.84,-1.40,1494,G4,19.16,19.16hrs
22/08/2025 08:00:04,buy,0.04,NZDCHF,0.47060,03/09/2025 23:33:40,0.47256,0.00,1.05,19.60,10.81,13.73,26.10,-10.70,-22.70,9319,G4,303.56,12.65days
03/09/2025 15:00:45,sell,0.04,CADJPY,107.70400,03/09/2025 17:06:08,107.48700,0.00,0.00,21.70,5.85,5.85,21.70,-3.31,-12.30,1494,G4,2.09,2.09hrs
03/09/2025 08:00:08,buy,0.04,EURJPY,172.84800,03/09/2025 10:20:28,173.07300,0.00,0.00,22.50,6.03,6.03,22.50,-1.67,-6.20,9319,G4,2.34,2.34hrs
02/09/2025 12:00:29,buy,0.04,AUDJPY,96.70100,03/09/2025 04:01:42,96.92300,0.00,0.07,22.20,6.04,6.04,22.20,-5.98,-22.10,9319,G4,16.02,16.02hrs
27/08/2025 20:30:00,sell,0.06,AUDUSD,0.65087,02/09/2025 15:35:29,0.64911,0.00,0.19,17.60,10.75,11.23,18.30,-30.68,-51.40,1494,G4,139.09,5.80days
27/08/2025 16:30:07,sell,0.04,AUDUSD,0.64717,02/09/2025 15:35:29,0.64911,0.00,0.13,-19.40,-7.63,0.24,0.60,-35.25,-88.40,1494,G4,143.09,5.96days
29/08/2025 19:00:06,sell,0.09,AUDUSD,0.65429,02/09/2025 15:35:28,0.64911,0.00,0.10,51.80,46.72,47.44,52.50,-15.43,-17.20,1494,G4,92.59,3.86days
29/08/2025 18:00:16,sell,0.06,NZDUSD,0.59004,02/09/2025 15:30:26,0.58433,0.00,0.20,57.10,34.46,35.12,58.10,-8.72,-14.70,1494,G4,93.50,3.90days
27/08/2025 19:00:07,sell,0.04,NZDUSD,0.58460,02/09/2025 15:30:26,0.58432,0.00,0.37,2.80,1.49,1.89,3.70,-27.33,-69.10,1494,G4,140.51,5.85days
26/08/2025 14:30:04,buy,0.04,CADCHF,0.58185,02/09/2025 12:24:34,0.58463,0.00,0.78,27.80,14.58,14.78,28.20,-8.81,-17.90,9319,G4,165.91,6.91days
29/08/2025 07:30:06,buy,0.04,USDCHF,0.80283,02/09/2025 11:27:06,0.80411,0.00,0.64,12.80,7.01,7.01,12.80,-21.02,-42.60,9319,G4,99.95,4.16days
01/09/2025 06:30:04,buy,0.06,USDCHF,0.79969,02/09/2025 11:27:04,0.80412,0.00,0.47,44.30,33.52,33.52,44.30,-8.42,-11.20,9319,G4,28.95,1.21days
27/08/2025 08:00:00,buy,0.06,GBPCAD,1.86175,01/09/2025 16:11:12,1.86155,0.00,0.25,-2.00,-0.63,8.71,20.10,-54.21,-124.70,9319,G4,128.19,5.34days
25/08/2025 11:30:16,buy,0.04,GBPCAD,1.86749,01/09/2025 16:11:12,1.86151,0.00,0.22,-59.80,-17.18,3.93,13.60,-52.78,-182.10,9319,G4,172.68,7.20days
29/08/2025 12:00:06,buy,0.09,GBPCAD,1.85203,01/09/2025 16:11:10,1.86155,0.00,0.08,95.20,62.40,62.40,95.20,-18.00,-27.50,9319,G4,76.18,3.17days
25/08/2025 23:00:04,buy,0.04,AUDCAD,0.89826,01/09/2025 12:03:53,0.90073,0.00,0.20,24.70,7.39,7.71,25.80,-8.84,-30.80,9319,G4,157.06,6.54days
27/08/2025 15:00:05,buy,0.06,AUDCAD,0.89583,01/09/2025 12:03:51,0.90074,0.00,0.20,49.10,21.64,22.08,50.10,-0.69,-1.60,9319,G4,117.06,4.88days
25/08/2025 08:30:00,buy,0.04,EURJPY,172.43700,01/09/2025 10:03:50,172.30000,0.00,0.29,-13.70,-3.44,5.18,19.10,-35.18,-130.10,9319,G4,169.56,7.07days
25/08/2025 23:00:09,buy,0.06,EURJPY,171.61900,01/09/2025 10:03:49,172.30100,0.00,0.43,68.20,28.28,28.28,68.20,-19.40,-48.30,9319,G4,155.06,6.46days
28/08/2025 08:00:04,buy,0.04,GBPJPY,198.75400,01/09/2025 03:41:15,198.99200,0.00,0.34,23.80,6.81,6.81,23.80,-21.62,-80.10,9319,G4,91.69,3.82days
29/08/2025 15:00:06,buy,0.04,EURUSD,1.16640,29/08/2025 17:31:00,1.16881,0.00,0.00,24.10,9.64,9.64,24.10,-4.32,-10.80,9319,G4,2.52,2.52hrs
21/08/2025 10:30:19,buy,0.04,EURGBP,0.86626,29/08/2025 11:24:04,0.86621,0.00,-3.59,-0.50,-3.86,4.11,8.40,-29.94,-52.30,9319,G4,192.90,8.04days
25/08/2025 20:00:04,buy,0.06,EURGBP,0.86416,29/08/2025 11:24:03,0.86621,0.00,-4.05,20.50,12.52,12.52,20.50,-26.61,-31.30,9319,G4,87.40,3.64days
27/08/2025 12:00:01,buy,0.09,EURGBP,0.86198,29/08/2025 11:24:02,0.86621,0.00,-4.05,42.30,47.24,47.24,42.30,-11.50,-9.50,9319,G4,47.40,1.98days
25/08/2025 11:30:23,buy,0.04,NZDJPY,86.47600,29/08/2025 10:10:34,86.70300,0.00,0.17,22.70,6.34,6.34,22.70,-10.88,-40.30,9319,G4,94.67,3.94days
22/08/2025 23:00:05,buy,0.04,NZDUSD,0.58665,28/08/2025 20:07:48,0.58888,0.00,-0.65,22.30,8.27,8.35,22.50,-19.80,-48.70,9319,G4,141.13,5.88days
25/08/2025 11:30:10,buy,0.04,AUDCHF,0.52116,28/08/2025 15:21:54,0.52328,0.00,0.85,21.20,11.43,11.73,21.80,-3.99,-8.00,9319,G4,75.86,3.16days
25/08/2025 14:00:01,buy,0.04,AUDUSD,0.64909,28/08/2025 03:05:21,0.65134,0.00,-0.36,22.50,8.64,8.92,23.20,-11.70,-28.90,9319,G4,61.09,2.55days
27/08/2025 14:00:04,sell,0.04,EURNZD,1.98907,27/08/2025 17:55:57,1.98650,0.00,0.00,25.70,6.00,6.00,25.70,-3.68,-15.80,1494,G4,3.93,3.93hrs
27/08/2025 04:30:24,sell,0.04,EURGBP,0.86364,27/08/2025 17:47:17,0.86118,0.00,0.00,24.60,13.25,13.25,24.60,-2.10,-3.90,1494,G4,13.28,13.28hrs
25/08/2025 06:30:03,sell,0.04,GBPCHF,1.08457,27/08/2025 15:56:09,1.08210,0.00,-1.96,24.70,10.31,10.31,24.70,-12.49,-23.20,1494,G4,57.44,2.39days
27/08/2025 06:00:05,sell,0.04,EURCHF,0.93569,27/08/2025 15:45:45,0.93360,0.00,0.00,20.90,10.37,10.37,22.00,-1.24,-2.50,1494,G4,9.76,9.76hrs
26/08/2025 02:30:05,sell,0.04,NZDUSD,0.58475,27/08/2025 11:39:36,0.58273,0.00,0.06,20.20,8.14,8.30,20.60,-8.12,-20.30,1494,G4,33.16,1.38days
27/08/2025 10:00:05,sell,0.04,GBPUSD,1.34633,27/08/2025 11:11:49,1.34423,0.00,0.00,21.00,8.40,8.60,21.50,-0.40,-1.00,1494,G4,1.20,1.20hrs
27/08/2025 01:30:04,sell,0.04,GBPCAD,1.86511,27/08/2025 05:08:03,1.86268,0.00,0.00,24.30,7.03,7.03,24.30,-0.69,-2.40,1494,G4,3.63,3.63hrs
01/08/2025 03:30:08,sell,0.04,EURCHF,0.92897,26/08/2025 20:53:10,0.93537,0.00,-11.09,-64.00,-42.95,0.98,2.00,-95.37,-178.20,1494,G4,617.38,25.72days
01/08/2025 19:00:11,sell,0.06,EURCHF,0.93217,26/08/2025 20:53:09,0.93537,0.00,-16.64,-32.00,-40.54,15.83,21.30,-119.31,-146.20,1494,G4,601.88,25.08days
06/08/2025 23:01:48,sell,0.14,EURCHF,0.94007,26/08/2025 20:53:08,0.93535,0.00,-33.77,47.20,48.48,49.18,47.60,-136.50,-67.20,1494,G4,477.86,19.91days
04/08/2025 13:00:11,sell,0.09,EURCHF,0.93568,26/08/2025 20:53:08,0.93535,0.00,-23.84,3.30,-20.14,25.54,23.90,-138.78,-111.10,1494,G4,535.88,22.33days
11/08/2025 20:00:04,sell,0.28,EURCHF,0.94320,26/08/2025 20:53:07,0.93537,0.00,-50.69,78.30,222.19,224.31,78.90,-147.71,-35.90,1494,G4,360.88,15.04days
26/08/2025 14:00:06,sell,0.04,GBPCAD,1.86671,26/08/2025 17:58:36,1.86387,0.00,0.00,28.40,8.21,8.21,28.40,-2.74,-9.50,1494,G4,3.98,3.98hrs
22/08/2025 18:00:00,sell,0.06,GBPCAD,1.87083,25/08/2025 21:57:24,1.86482,0.00,-0.57,60.10,25.45,25.55,60.30,-10.96,-25.30,1494,G4,75.96,3.16days
22/08/2025 10:30:04,sell,0.04,GBPCAD,1.86506,25/08/2025 21:57:24,1.86484,0.00,-0.38,2.20,0.25,0.37,2.60,-23.98,-83.00,1494,G4,83.46,3.48days
25/08/2025 11:30:04,buy,0.04,AUDJPY,95.68100,25/08/2025 17:52:53,95.89100,0.00,0.00,21.00,5.70,5.70,21.00,-2.72,-10.00,9319,G4,6.38,6.38hrs
25/08/2025 05:30:06,buy,0.04,AUDUSD,0.64765,25/08/2025 09:15:07,0.65005,0.00,0.00,24.00,9.60,9.60,24.00,-0.52,-1.30,9319,G4,3.75,3.75hrs
22/08/2025 20:00:06,sell,0.04,EURAUD,1.80655,25/08/2025 06:07:31,1.80443,0.00,0.12,21.20,5.63,6.42,24.30,-3.57,-14.20,1494,G4,58.12,2.42days
25/08/2025 01:30:04,buy,0.04,EURJPY,172.14600,25/08/2025 02:25:14,172.35300,0.00,0.00,20.70,5.63,5.79,21.30,0.00,0.00,9319,G4,0.92,0.92hrs
28/07/2025 02:30:04,sell,0.04,CADCHF,0.58054,22/08/2025 17:19:37,0.57850,0.00,-9.41,20.40,0.77,1.16,20.40,-54.61,-100.40,1494,G4,614.83,25.62days
29/07/2025 10:00:07,sell,0.06,CADCHF,0.58635,22/08/2025 17:19:36,0.57851,0.00,-13.59,78.40,45.11,45.11,78.40,-38.51,-42.30,1494,G4,583.32,24.31days
21/08/2025 21:30:04,sell,0.04,GBPCHF,1.08489,22/08/2025 17:19:32,1.08246,0.00,-1.00,24.30,11.13,11.13,24.30,-7.22,-12.60,1494,G4,19.82,19.82hrs
14/08/2025 17:00:03,buy,0.06,AUDCAD,0.89663,22/08/2025 17:01:46,0.89715,0.00,0.21,5.20,2.46,15.68,36.00,-26.82,-62.50,9319,G4,192.03,8.00days
13/08/2025 22:00:04,buy,0.04,AUDCAD,0.90078,22/08/2025 17:01:46,0.89723,0.00,0.22,-35.50,-10.01,5.30,17.90,-29.76,-104.00,9319,G4,211.03,8.79days
20/08/2025 08:00:03,buy,0.09,AUDCAD,0.89378,22/08/2025 17:01:45,0.89721,0.00,0.13,34.30,22.37,22.37,34.30,-21.94,-34.00,9319,G4,57.03,2.38days
21/08/2025 08:00:04,buy,0.14,AUDCAD,0.89108,22/08/2025 17:01:43,0.89719,0.00,0.05,61.10,61.68,61.68,61.10,-7.06,-7.00,9319,G4,33.03,1.38days
22/08/2025 14:00:04,buy,0.04,AUDUSD,0.64191,22/08/2025 17:01:02,0.64611,0.00,0.00,42.00,16.80,16.80,42.00,-0.96,-2.40,9319,G4,3.02,3.02hrs
22/08/2025 10:30:09,buy,0.04,CHFJPY,183.46500,22/08/2025 12:29:34,183.68700,0.00,0.00,22.20,5.97,5.97,22.20,-0.81,-3.00,9319,G4,1.99,1.99hrs
21/08/2025 09:30:05,buy,0.04,AUDNZD,1.10310,22/08/2025 11:07:01,1.10592,0.00,-0.02,28.20,6.53,6.62,28.60,-3.93,-16.80,9319,G4,25.62,1.07days
22/08/2025 02:30:04,sell,0.04,EURCAD,1.61439,22/08/2025 07:28:23,1.61196,0.00,0.00,24.30,6.99,6.99,24.30,-2.76,-9.60,1494,G4,4.97,4.97hrs
22/08/2025 02:30:12,sell,0.04,EURUSD,1.16107,22/08/2025 07:22:02,1.15905,0.00,0.00,20.20,8.08,8.28,20.70,-2.56,-6.40,1494,G4,4.86,4.86hrs
20/08/2025 07:30:03,buy,0.04,USDCHF,0.80839,21/08/2025 22:57:52,0.80885,0.00,0.99,4.60,3.26,3.81,5.70,-26.55,-53.30,9319,G4,39.46,1.64days
20/08/2025 18:00:00,buy,0.06,USDCHF,0.80394,21/08/2025 22:57:49,0.80887,0.00,1.49,49.30,38.06,38.72,50.20,-6.57,-8.80,9319,G4,28.96,1.21days
05/08/2025 20:30:10,sell,0.04,EURUSD,1.15800,21/08/2025 17:41:01,1.16128,0.00,3.37,-32.80,-9.75,5.91,14.30,-58.69,-150.50,1494,G4,381.18,15.88days
14/08/2025 14:30:03,sell,0.06,EURUSD,1.16857,21/08/2025 17:40:59,1.16133,0.00,1.97,72.40,45.41,45.41,72.40,-20.78,-35.60,1494,G4,171.18,7.13days
21/08/2025 11:30:26,sell,0.04,GBPCAD,1.86885,21/08/2025 16:45:49,1.86655,0.00,0.00,23.00,6.62,6.62,23.00,-4.96,-17.20,1494,G4,5.26,5.26hrs
21/08/2025 06:30:04,buy,0.04,CADJPY,106.22200,21/08/2025 12:45:11,106.43600,0.00,0.00,21.40,5.80,5.80,21.40,-1.36,-5.00,9319,G4,6.25,6.25hrs
21/08/2025 07:00:07,buy,0.04,NZDJPY,85.76800,21/08/2025 12:11:12,85.97400,0.00,0.00,20.60,5.58,5.58,20.60,-1.74,-6.40,9319,G4,5.18,5.18hrs
20/08/2025 09:30:03,sell,0.04,AUDUSD,0.64406,21/08/2025 08:15:03,0.64164,0.00,0.10,24.20,9.78,9.78,24.40,-2.52,-6.30,1494,G4,22.75,22.75hrs
19/08/2025 23:30:03,buy,0.04,EURGBP,0.86336,20/08/2025 17:31:05,0.86556,0.00,-0.45,22.00,11.40,11.93,23.00,-13.68,-24.50,9319,G4,18.02,18.02hrs
04/08/2025 12:30:43,sell,0.06,GBPCHF,1.07523,20/08/2025 17:07:55,1.08383,0.00,-24.34,-86.00,-88.49,21.06,29.00,-184.50,-219.80,1494,G4,388.62,16.19days
04/08/2025 04:00:13,sell,0.04,GBPCHF,1.06928,20/08/2025 17:07:55,1.08383,0.00,-16.20,-145.50,-88.55,0.99,2.00,-152.43,-279.30,1494,G4,397.13,16.55days
11/08/2025 13:00:03,sell,0.14,GBPCHF,1.08890,20/08/2025 17:07:54,1.08383,0.00,-31.44,50.70,56.80,56.80,50.70,-168.37,-83.10,1494,G4,220.13,9.17days
07/08/2025 16:00:08,sell,0.09,GBPCHF,1.08442,20/08/2025 17:07:54,1.08383,0.00,-24.85,5.90,-18.25,15.70,14.10,-162.76,-127.90,1494,G4,313.13,13.05days
14/08/2025 04:00:11,sell,0.28,GBPCHF,1.09343,20/08/2025 17:07:52,1.08388,0.00,-28.01,95.50,304.42,304.42,95.50,-144.91,-37.80,1494,G4,157.13,6.55days
14/08/2025 22:00:01,sell,0.04,NZDCAD,0.81676,20/08/2025 05:16:19,0.81057,0.00,-0.34,61.90,17.49,17.49,61.90,-10.15,-34.40,1494,G4,127.27,5.30days
18/08/2025 23:30:09,sell,0.04,NZDUSD,0.59224,19/08/2025 18:52:43,0.59015,0.00,0.04,20.90,8.40,8.68,21.60,-3.40,-8.60,1494,G4,19.38,19.38hrs
18/08/2025 23:30:03,sell,0.04,AUDUSD,0.64918,19/08/2025 17:37:06,0.64702,0.00,0.03,21.60,8.67,8.75,21.80,-3.05,-7.70,1494,G4,18.12,18.12hrs
08/08/2025 20:00:59,sell,0.06,AUDNZD,1.09625,19/08/2025 17:26:27,1.09414,0.00,-1.51,21.10,5.98,6.47,21.10,-17.55,-45.50,1494,G4,261.42,10.89days
08/08/2025 07:30:36,sell,0.04,AUDNZD,1.09394,19/08/2025 17:26:27,1.09415,0.00,-0.99,-2.10,-1.49,0.00,0.00,-17.16,-68.60,1494,G4,273.93,11.41days
15/08/2025 11:00:18,sell,0.09,AUDNZD,1.09854,19/08/2025 17:26:26,1.09414,0.00,-0.47,44.00,22.96,22.96,44.00,-12.31,-22.60,1494,G4,102.44,4.27days
15/08/2025 15:00:39,sell,0.04,AUDCHF,0.52472,19/08/2025 16:11:44,0.52214,0.00,-0.81,25.80,12.00,12.15,26.10,-9.27,-17.90,1494,G4,97.18,4.05days
15/08/2025 02:00:14,sell,0.04,AUDCAD,0.89745,19/08/2025 09:02:41,0.89503,0.00,-0.30,24.20,6.71,6.79,24.50,-8.90,-30.20,1494,G4,103.04,4.29days
14/08/2025 22:30:28,sell,0.04,EURCAD,1.60785,19/08/2025 04:30:16,1.60854,0.00,0.00,-6.90,-1.99,0.00,0.00,-32.21,-111.30,1494,G4,102.00,4.25days
15/08/2025 17:00:20,sell,0.06,EURCAD,1.61520,19/08/2025 04:30:15,1.60851,0.00,0.00,66.90,29.05,29.05,66.90,-16.41,-37.80,1494,G4,83.50,3.48days
14/08/2025 22:00:07,sell,0.04,GBPUSD,1.35323,18/08/2025 19:50:37,1.35112,0.00,0.04,21.10,8.48,8.48,21.10,-18.56,-46.50,1494,G4,93.84,3.91days
15/08/2025 22:30:03,buy,0.04,AUDJPY,95.79900,18/08/2025 03:12:04,96.03300,0.00,0.08,23.40,6.43,6.48,23.60,-3.64,-13.70,9319,G4,52.70,2.20days
15/08/2025 15:00:33,buy,0.04,EURAUD,1.79470,15/08/2025 17:07:58,1.79684,0.00,0.00,21.40,5.58,5.58,21.40,-1.75,-6.70,9319,G4,2.12,2.12hrs
15/08/2025 11:30:17,buy,0.04,EURAUD,1.79364,15/08/2025 12:37:49,1.79598,0.00,0.00,23.40,6.08,6.08,23.40,-0.60,-2.30,9319,G4,1.13,1.13hrs
12/08/2025 17:00:59,sell,0.04,NZDCHF,0.47999,15/08/2025 05:19:24,0.47755,0.00,-1.65,24.40,10.44,10.44,24.40,-12.98,-23.50,1494,G4,60.31,2.51days
11/08/2025 20:00:07,sell,0.04,NZDUSD,0.59334,14/08/2025 16:02:48,0.59302,0.00,0.25,3.20,1.53,7.69,19.10,-24.86,-62.40,1494,G4,68.04,2.84days
13/08/2025 13:30:10,sell,0.06,NZDUSD,0.59883,14/08/2025 16:02:47,0.59303,0.00,0.22,58.00,35.02,35.02,58.00,-1.64,-3.10,1494,G4,26.54,1.11days
13/08/2025 22:30:03,buy,0.04,EURAUD,1.78835,14/08/2025 13:32:08,1.79096,0.00,-1.08,26.10,5.74,5.74,26.10,-13.61,-47.70,9319,G4,15.03,15.03hrs
11/08/2025 18:00:07,sell,0.04,NZDJPY,87.78000,14/08/2025 07:16:19,87.52300,0.00,-1.14,25.70,5.88,6.37,27.50,-15.69,-56.20,1494,G4,61.27,2.55days
08/08/2025 16:00:17,sell,0.04,EURNZD,1.95558,13/08/2025 10:14:52,1.95646,0.00,0.20,-8.80,-1.91,3.32,13.90,-21.75,-92.20,1494,G4,114.24,4.76days
12/08/2025 17:30:03,sell,0.06,EURNZD,1.96343,13/08/2025 10:14:51,1.95656,0.00,0.11,68.70,24.79,24.79,68.70,-2.75,-8.00,1494,G4,16.75,16.75hrs
07/08/2025 14:00:51,buy,0.04,NZDCAD,0.81769,12/08/2025 18:43:47,0.82030,0.00,-0.06,26.10,7.53,7.53,26.10,-4.53,-15.40,9319,G4,124.72,5.20days
11/08/2025 02:30:04,sell,0.04,NZDUSD,0.59490,11/08/2025 15:20:26,0.59283,0.00,0.00,20.70,8.28,8.36,20.90,-4.04,-10.10,1494,G4,12.84,12.84hrs
08/08/2025 09:30:14,buy,0.04,EURCHF,0.94067,11/08/2025 13:25:47,0.94275,0.00,0.10,20.80,10.38,10.87,21.80,-4.61,-9.50,9319,G4,75.93,3.16days
08/08/2025 21:00:11,buy,0.04,USDCAD,1.37503,11/08/2025 10:53:56,1.37724,0.00,0.09,22.10,6.51,6.51,22.10,-2.10,-7.20,9319,G4,61.90,2.58days
07/08/2025 04:30:07,buy,0.04,GBPCHF,1.07642,07/08/2025 11:20:29,1.07849,0.00,0.00,20.70,10.26,10.26,23.10,-3.33,-6.70,9319,G4,6.84,6.84hrs
28/07/2025 08:00:04,buy,0.04,AUDCAD,0.89938,07/08/2025 11:05:09,0.89735,0.00,0.35,-20.30,-5.56,0.00,0.00,-30.52,-105.70,9319,G4,243.08,10.13days
28/07/2025 11:30:04,buy,0.06,AUDCAD,0.89586,07/08/2025 11:05:08,0.89735,0.00,0.51,14.90,7.03,10.28,23.40,-30.51,-70.50,9319,G4,239.58,9.98days
30/07/2025 17:00:10,buy,0.09,AUDCAD,0.89121,07/08/2025 11:05:07,0.89736,0.00,0.64,61.50,40.97,40.97,61.50,-15.62,-24.00,9319,G4,186.08,7.75days
04/08/2025 19:30:09,buy,0.04,NZDCHF,0.47759,07/08/2025 11:04:42,0.47983,0.00,0.64,22.40,11.78,11.87,22.60,-10.72,-22.00,9319,G4,63.58,2.65days
06/08/2025 15:00:36,buy,0.04,CADJPY,107.25900,07/08/2025 06:18:55,107.48800,0.00,0.21,22.90,6.42,6.42,22.90,-7.37,-27.10,9319,G4,15.31,15.31hrs
05/08/2025 15:31:42,buy,0.04,EURCHF,0.93452,06/08/2025 15:13:36,0.93669,0.00,0.10,21.70,10.85,11.25,22.50,-10.21,-20.80,9319,G4,23.70,23.70hrs
31/07/2025 11:30:08,buy,0.04,NZDUSD,0.59117,06/08/2025 14:26:40,0.59334,0.00,-0.38,21.70,8.30,8.62,22.50,-21.89,-54.50,9319,G4,146.94,6.12days
05/08/2025 06:00:10,sell,0.04,USDCAD,1.37836,06/08/2025 13:49:56,1.37604,0.00,-0.25,23.20,6.49,6.90,24.60,-7.65,-26.40,1494,G4,31.83,1.33days
05/08/2025 22:30:04,buy,0.04,AUDUSD,0.64688,06/08/2025 07:26:57,0.64917,0.00,-0.05,22.90,9.11,9.39,23.60,-2.13,-5.20,9319,G4,8.95,8.95hrs
04/08/2025 21:00:22,buy,0.06,NZDJPY,86.77700,06/08/2025 05:15:46,87.34800,0.00,0.10,57.10,23.30,24.27,59.70,-4.33,-10.70,9319,G4,32.26,1.34days
04/08/2025 14:30:13,buy,0.04,NZDJPY,87.30600,06/08/2025 05:15:46,87.34600,0.00,0.06,4.00,1.14,1.85,6.80,-17.29,-63.60,9319,G4,38.76,1.61days
04/08/2025 14:30:20,buy,0.04,AUDJPY,95.58800,06/08/2025 04:01:48,95.63300,0.00,0.14,4.50,1.36,1.36,4.50,-18.35,-67.40,9319,G4,37.52,1.56days
04/08/2025 21:00:37,buy,0.06,AUDJPY,94.99500,06/08/2025 04:01:47,95.63000,0.00,0.22,63.50,26.03,26.03,63.50,-3.31,-8.10,9319,G4,31.02,1.29days
04/08/2025 23:30:09,buy,0.04,EURAUD,1.78966,05/08/2025 18:36:16,1.79093,0.00,-0.35,12.70,2.94,2.94,12.70,-15.20,-57.40,9319,G4,19.10,19.10hrs
05/08/2025 17:00:21,buy,0.06,EURAUD,1.78522,05/08/2025 18:36:15,1.79088,0.00,0.00,56.60,21.96,21.96,56.60,-0.50,-1.30,9319,G4,1.60,1.60hrs
04/08/2025 14:30:08,buy,0.04,AUDNZD,1.09506,05/08/2025 16:14:04,1.09719,0.00,0.00,21.30,5.03,5.33,22.60,-4.06,-17.20,9319,G4,25.73,1.07days
04/08/2025 13:00:16,buy,0.04,EURNZD,1.95616,04/08/2025 18:33:36,1.95847,0.00,0.00,23.10,5.46,5.46,23.10,-5.80,-24.50,9319,G4,5.56,5.56hrs
31/07/2025 14:00:12,buy,0.04,GBPCHF,1.07540,04/08/2025 17:34:04,1.07614,0.00,0.64,7.40,4.30,4.30,7.40,-48.84,-99.20,9319,G4,99.56,4.15days
01/08/2025 16:30:13,buy,0.06,GBPCHF,1.07053,04/08/2025 17:34:02,1.07614,0.00,0.48,56.10,42.17,42.17,56.10,-37.30,-50.50,9319,G4,73.06,3.04days
28/07/2025 18:00:20,buy,0.06,EURCHF,0.93242,04/08/2025 09:39:25,0.93410,0.00,1.06,16.80,13.55,13.55,16.80,-46.01,-63.50,9319,G4,159.65,6.65days
24/07/2025 21:00:06,buy,0.04,EURCHF,0.93457,04/08/2025 09:39:25,0.93410,0.00,0.90,-4.70,-1.43,10.16,19.80,-41.07,-85.00,9319,G4,252.66,10.53days
30/07/2025 23:00:12,buy,0.09,EURCHF,0.92986,04/08/2025 09:39:24,0.93410,0.00,1.13,42.40,48.41,48.41,42.40,-41.11,-37.90,9319,G4,106.65,4.44days
01/08/2025 21:00:28,buy,0.04,AUDUSD,0.64469,01/08/2025 23:31:33,0.64681,0.00,0.00,21.20,8.48,8.48,21.20,-2.56,-6.40,9319,G4,2.52,2.52hrs
25/06/2025 02:30:04,sell,0.04,AUDJPY,93.96900,01/08/2025 20:08:11,95.25900,0.00,-11.97,-129.00,-46.88,0.00,0.00,-99.78,-344.00,1494,G4,905.64,37.73days
25/06/2025 12:30:15,sell,0.06,AUDJPY,94.50200,01/08/2025 20:08:10,95.25800,0.00,-17.94,-75.60,-48.63,18.65,50.90,-128.03,-290.70,1494,G4,895.63,37.32days
08/07/2025 15:00:06,sell,0.14,AUDJPY,95.86200,01/08/2025 20:08:09,95.25900,0.00,-26.71,60.30,30.39,38.38,60.30,-154.86,-154.70,1494,G4,581.13,24.21days
03/07/2025 18:00:17,sell,0.09,AUDJPY,95.22000,01/08/2025 20:08:09,95.25900,0.00,-19.47,-3.90,-21.84,58.14,95.90,-140.91,-218.90,1494,G4,698.13,29.09days
11/07/2025 12:00:32,sell,0.28,AUDJPY,96.60000,01/08/2025 20:08:08,95.25900,0.00,-43.00,134.10,210.99,210.99,134.10,-159.64,-80.90,1494,G4,512.13,21.34days
28/07/2025 12:00:10,sell,0.04,GBPCHF,1.07236,01/08/2025 17:01:20,1.06723,0.00,-6.18,51.30,19.35,19.35,51.30,-45.42,-82.10,1494,G4,101.02,4.21days
28/07/2025 17:00:16,sell,0.06,GBPCHF,1.07639,01/08/2025 17:01:16,1.06732,0.00,-9.27,90.70,58.44,58.44,90.70,-38.49,-41.80,1494,G4,96.02,4.00days
25/07/2025 02:30:10,sell,0.04,NZDCHF,0.47966,01/08/2025 15:54:59,0.47694,0.00,-2.33,27.20,11.17,13.61,27.80,-13.22,-22.80,1494,G4,181.41,7.56days
24/07/2025 10:00:22,sell,0.04,CADJPY,107.47100,01/08/2025 15:47:29,107.82700,0.00,-1.79,-35.60,-11.36,1.86,10.20,-40.60,-146.90,1494,G4,197.79,8.24days
25/07/2025 05:01:15,sell,0.06,CADJPY,107.97000,01/08/2025 15:47:28,107.83200,0.00,-2.35,13.80,3.21,23.38,60.10,-40.71,-97.00,1494,G4,178.77,7.45days
31/07/2025 18:00:13,sell,0.09,CADJPY,108.84500,01/08/2025 15:47:27,107.84200,0.00,-0.50,100.30,60.11,60.11,100.30,-5.81,-9.50,1494,G4,21.79,21.79hrs
31/07/2025 14:00:04,buy,0.06,EURUSD,1.14409,01/08/2025 15:47:12,1.15331,0.00,-0.55,92.20,54.77,54.77,92.20,-29.17,-47.70,9319,G4,25.79,1.07days
30/07/2025 09:30:04,buy,0.04,EURUSD,1.15532,01/08/2025 15:47:12,1.15320,0.00,-1.47,-21.20,-9.95,4.76,11.90,-65.47,-160.00,9319,G4,54.29,2.26days
31/07/2025 12:00:41,buy,0.04,AUDUSD,0.64572,01/08/2025 15:34:49,0.64715,0.00,-0.06,14.30,5.66,6.06,15.40,-15.22,-37.90,9319,G4,27.57,1.15days
01/08/2025 13:00:07,buy,0.06,AUDUSD,0.64219,01/08/2025 15:34:48,0.64715,0.00,0.00,49.60,29.76,30.36,50.70,-1.56,-2.60,9319,G4,2.58,2.58hrs
31/07/2025 02:30:14,sell,0.04,EURCHF,0.92971,31/07/2025 22:55:37,0.92701,0.00,0.00,27.00,13.30,13.30,27.00,-5.27,-10.70,1494,G4,20.42,20.42hrs
28/07/2025 13:30:03,buy,0.04,EURAUD,1.78617,31/07/2025 17:52:48,1.77849,0.00,-1.77,-76.80,-21.54,0.29,1.10,-50.27,-187.50,9319,G4,76.38,3.18days
29/07/2025 17:00:33,buy,0.09,EURAUD,1.77396,31/07/2025 17:52:47,1.77843,0.00,-3.17,44.70,22.72,26.21,46.50,-41.24,-65.40,9319,G4,48.87,2.04days
28/07/2025 20:30:07,buy,0.06,EURAUD,1.77970,31/07/2025 17:52:47,1.77849,0.00,-2.64,-12.10,-7.31,0.00,0.00,-50.29,-122.80,9319,G4,69.38,2.89days
31/07/2025 09:00:11,buy,0.14,EURAUD,1.76865,31/07/2025 17:52:46,1.77852,0.00,0.00,98.70,88.93,88.93,98.70,-3.62,-4.00,9319,G4,8.88,8.88hrs
29/07/2025 06:30:02,buy,0.06,GBPJPY,198.13700,31/07/2025 10:47:12,198.35700,0.00,1.08,22.00,9.90,12.08,29.90,-41.10,-104.50,9319,G4,52.29,2.18days
28/07/2025 20:30:04,buy,0.04,GBPJPY,198.53300,31/07/2025 10:47:12,198.35700,0.00,0.90,-17.60,-3.80,0.59,2.20,-37.88,-144.10,9319,G4,62.29,2.60days
30/07/2025 22:00:03,buy,0.09,GBPJPY,197.71000,31/07/2025 10:47:11,198.35700,0.00,1.22,64.70,40.11,40.11,64.70,-36.20,-61.80,9319,G4,12.79,12.79hrs
31/07/2025 04:00:05,buy,0.04,AUDJPY,96.19800,31/07/2025 10:20:12,96.44100,0.00,0.00,24.30,6.51,6.51,24.30,-7.78,-28.90,9319,G4,6.34,6.34hrs
31/07/2025 03:00:19,sell,0.04,EURJPY,170.52600,31/07/2025 04:57:07,170.29500,0.00,0.00,23.10,6.20,6.20,23.10,-6.70,-25.00,1494,G4,1.95,1.95hrs
29/07/2025 13:00:13,sell,0.04,NZDJPY,88.50400,30/07/2025 22:08:47,87.93600,0.00,-0.23,56.80,14.98,14.98,56.80,-0.90,-2.80,1494,G4,33.14,1.38days
29/07/2025 02:30:22,sell,0.04,NZDCAD,0.82010,30/07/2025 16:32:58,0.81731,0.00,-0.10,27.90,7.99,7.99,27.90,-4.87,-16.40,1494,G4,38.04,1.59days
30/07/2025 04:30:22,buy,0.04,GBPCHF,1.07486,30/07/2025 12:59:32,1.07699,0.00,0.00,21.30,10.58,10.93,22.00,-2.94,-5.90,9319,G4,8.49,8.49hrs
24/07/2025 17:30:08,sell,0.06,EURCHF,0.93436,29/07/2025 17:11:33,0.92981,0.00,-2.16,45.50,31.70,31.93,45.80,-36.68,-46.90,1494,G4,119.69,4.99days
10/07/2025 20:30:04,sell,0.04,EURCHF,0.93183,29/07/2025 17:11:33,0.92981,0.00,-8.07,20.20,1.94,9.43,22.90,-43.76,-72.20,1494,G4,452.69,18.86days
28/07/2025 16:30:08,sell,0.04,NZDUSD,0.59774,29/07/2025 10:15:12,0.59493,0.00,0.03,28.10,11.27,11.27,28.10,-3.76,-9.40,1494,G4,17.75,17.75hrs
﻿28/07/2025 16:30:15,sell,0.04,AUDUSD,0.65243,29/07/2025 10:11:10,0.65020,0.00,0.02,22.30,8.94,8.94,22.30,-3.00,-7.50,1494,G4,17.68,17.68hrs
24/07/2025 17:30:03,buy,0.04,AUDCHF,0.52484,29/07/2025 04:16:01,0.52381,0.00,0.54,-10.30,-4.59,1.91,3.80,-22.14,-44.90,9319,G4,106.77,4.45days
25/07/2025 19:00:05,buy,0.06,AUDCHF,0.52222,29/07/2025 04:16:00,0.52380,0.00,0.55,15.80,12.35,14.96,19.30,-13.79,-18.70,9319,G4,81.27,3.39days
25/07/2025 22:30:07,sell,0.04,EURUSD,1.17455,28/07/2025 09:21:53,1.17228,0.00,0.19,22.70,9.27,9.27,22.70,-9.73,-24.80,1494,G4,58.86,2.45days
25/07/2025 13:00:23,sell,0.06,USDCHF,0.79673,28/07/2025 08:36:32,0.79592,0.00,-1.06,8.10,5.05,14.65,20.80,-14.21,-17.50,1494,G4,67.60,2.82days
23/07/2025 03:30:17,sell,0.04,USDCHF,0.79325,28/07/2025 08:36:32,0.79592,0.00,-3.55,-26.70,-16.97,9.35,18.50,-29.75,-52.30,1494,G4,125.10,5.21days
23/07/2025 20:30:15,buy,0.04,NZDCAD,0.82153,25/07/2025 19:49:52,0.82426,0.00,-0.01,27.30,7.95,8.01,27.50,-2.45,-8.30,9319,G4,47.33,1.97days
23/07/2025 03:00:55,sell,0.04,CADCHF,0.58329,25/07/2025 18:59:28,0.58090,0.00,-1.37,23.90,10.63,10.88,24.40,-6.70,-13.30,1494,G4,63.98,2.67days
23/07/2025 07:30:15,sell,0.04,GBPCAD,1.83948,25/07/2025 14:14:55,1.83879,0.00,-1.77,6.90,0.25,3.48,11.80,-26.70,-86.30,1494,G4,54.74,2.28days
23/07/2025 18:00:15,sell,0.06,GBPCAD,1.84595,25/07/2025 14:14:53,1.83879,0.00,-2.66,71.60,28.77,28.77,71.60,-11.52,-21.60,1494,G4,44.24,1.84days
25/07/2025 02:30:15,sell,0.04,AUDUSD,0.65932,25/07/2025 07:42:34,0.65697,0.00,0.00,23.50,9.40,9.40,23.50,-1.60,-4.00,1494,G4,5.21,5.21hrs
11/07/2025 08:30:51,buy,0.04,AUDCHF,0.52476,24/07/2025 06:32:56,0.52387,0.00,2.35,-8.90,-2.14,2.36,4.70,-31.65,-66.20,9319,G4,310.03,12.92days
14/07/2025 16:30:09,buy,0.06,AUDCHF,0.52253,24/07/2025 06:32:55,0.52387,0.00,3.25,13.40,13.40,14.41,18.60,-30.84,-43.90,9319,G4,230.05,9.59days
22/07/2025 09:01:57,buy,0.09,AUDCHF,0.52002,24/07/2025 06:32:54,0.52387,0.00,1.64,38.50,45.40,45.86,38.90,-20.96,-18.80,9319,G4,45.52,1.90days
07/07/2025 04:30:03,buy,0.04,EURCHF,0.93503,23/07/2025 20:48:49,0.93412,0.00,1.48,-9.10,-3.10,7.77,15.30,-36.52,-74.00,9319,G4,400.31,16.68days
23/07/2025 12:00:17,buy,0.09,EURCHF,0.93002,23/07/2025 20:48:48,0.93413,0.00,0.00,41.10,46.58,46.58,41.10,-4.43,-3.90,9319,G4,8.81,8.81hrs
09/07/2025 13:00:07,buy,0.06,EURCHF,0.93229,23/07/2025 20:48:48,0.93413,0.00,1.97,18.40,15.87,15.87,18.40,-34.40,-46.60,9319,G4,343.81,14.33days
21/07/2025 19:00:03,buy,0.04,GBPCHF,1.07620,23/07/2025 18:23:24,1.07706,0.00,0.63,8.60,4.96,5.37,10.10,-26.75,-54.20,9319,G4,47.39,1.97days
22/07/2025 19:30:56,buy,0.06,GBPCHF,1.07197,23/07/2025 18:23:22,1.07708,0.00,0.47,51.10,39.11,39.27,51.30,-8.55,-11.90,9319,G4,22.87,22.87hrs
23/07/2025 03:30:08,buy,0.04,GBPUSD,1.35270,23/07/2025 17:11:14,1.35555,0.00,0.00,28.50,11.40,12.32,30.80,-4.08,-10.20,9319,G4,13.69,13.69hrs
22/07/2025 15:31:32,buy,0.04,GBPCAD,1.84401,23/07/2025 17:06:10,1.84519,0.00,0.08,11.80,3.55,3.55,11.80,-17.27,-58.90,9319,G4,25.58,1.07days
23/07/2025 04:01:38,buy,0.06,GBPCAD,1.83892,23/07/2025 17:06:09,1.84521,0.00,0.00,62.90,27.73,27.73,62.90,-3.54,-8.00,9319,G4,13.08,13.08hrs
21/07/2025 03:08:17,sell,0.04,EURGBP,0.86691,23/07/2025 13:04:05,0.86642,0.00,0.24,4.90,2.89,9.42,17.50,-12.97,-24.20,1494,G4,57.93,2.41days
22/07/2025 19:00:06,sell,0.06,EURGBP,0.86885,23/07/2025 13:04:04,0.86641,0.00,0.18,24.40,20.01,20.34,24.80,-3.90,-4.80,1494,G4,18.07,18.07hrs
22/07/2025 12:00:28,buy,0.04,AUDJPY,96.08700,23/07/2025 05:21:29,96.47000,0.00,0.08,38.30,10.50,10.50,38.30,-11.90,-43.80,9319,G4,17.35,17.35hrs
21/07/2025 03:05:51,sell,0.04,AUDNZD,1.09421,22/07/2025 20:53:01,1.09198,0.00,-0.10,22.30,5.26,5.37,22.80,-3.95,-16.20,1494,G4,41.79,1.74days
10/07/2025 08:00:11,buy,0.04,GBPUSD,1.36062,22/07/2025 18:39:09,1.35173,0.00,-0.70,-88.90,-36.26,4.44,11.10,-95.60,-238.30,9319,G4,298.65,12.44days
10/07/2025 17:00:02,buy,0.06,GBPUSD,1.35539,22/07/2025 18:39:08,1.35174,0.00,-1.05,-36.50,-22.95,18.50,31.00,-112.02,-186.00,9319,G4,289.65,12.07days
14/07/2025 02:00:21,buy,0.09,GBPUSD,1.34853,22/07/2025 18:39:07,1.35173,0.00,-1.26,32.00,27.54,27.54,32.00,-105.98,-117.40,9319,G4,208.65,8.69days
14/07/2025 23:00:02,buy,0.14,GBPUSD,1.34282,22/07/2025 18:39:05,1.35172,0.00,-1.97,89.00,122.63,122.63,89.00,-84.92,-60.30,9319,G4,187.65,7.82days
21/07/2025 21:00:15,sell,0.04,USDCHF,0.79799,22/07/2025 17:55:18,0.79547,0.00,-0.71,25.20,11.96,11.96,25.20,-6.82,-12.20,1494,G4,20.92,20.92hrs
21/07/2025 06:00:03,sell,0.04,USDCAD,1.37286,21/07/2025 14:35:41,1.37076,0.00,0.00,21.00,6.13,6.13,21.10,-0.58,-2.00,1494,G4,8.59,8.59hrs
08/07/2025 13:30:10,buy,0.04,GBPCHF,1.08290,17/07/2025 10:04:35,1.07788,0.00,3.46,-50.20,-21.47,5.99,11.30,-66.46,-136.80,9319,G4,212.57,8.86days
11/07/2025 11:30:24,buy,0.06,GBPCHF,1.07947,17/07/2025 10:04:34,1.07790,0.00,2.79,-15.70,-8.91,1.81,2.40,-76.25,-102.50,9319,G4,142.57,5.94days
11/07/2025 16:00:39,buy,0.09,GBPCHF,1.07551,17/07/2025 10:04:33,1.07792,0.00,4.20,24.10,31.14,31.14,24.10,-69.64,-62.90,9319,G4,138.06,5.75days
14/07/2025 20:00:09,buy,0.14,GBPCHF,1.07203,17/07/2025 10:04:32,1.07786,0.00,5.42,58.30,106.79,106.79,58.50,-48.29,-28.10,9319,G4,62.07,2.59days
08/07/2025 18:00:21,buy,0.04,CADCHF,0.58316,16/07/2025 14:51:41,0.58515,0.00,0.88,19.90,10.79,10.79,19.90,-20.77,-42.00,9319,G4,188.86,7.87days
07/07/2025 12:00:04,sell,0.04,AUDCAD,0.88804,15/07/2025 19:58:21,0.89345,0.00,-1.34,-54.10,-17.10,3.31,11.30,-42.70,-142.70,1494,G4,199.97,8.33days
10/07/2025 11:03:51,sell,0.09,AUDCAD,0.89604,15/07/2025 19:58:20,0.89346,0.00,-1.12,25.80,15.80,15.93,26.00,-41.60,-62.70,1494,G4,128.91,5.37days
08/07/2025 15:00:11,sell,0.06,AUDCAD,0.89303,15/07/2025 19:58:20,0.89347,0.00,-1.75,-4.40,-3.68,9.34,21.30,-41.92,-92.80,1494,G4,172.97,7.21days
10/07/2025 20:00:22,sell,0.14,AUDCAD,0.89919,15/07/2025 19:58:19,0.89346,0.00,-1.73,57.30,56.71,56.92,57.50,-32.49,-31.20,1494,G4,119.97,5.00days
09/07/2025 02:30:18,sell,0.06,AUDUSD,0.65280,15/07/2025 17:56:00,0.65182,0.00,0.06,9.80,5.94,9.48,15.80,-40.47,-67.50,1494,G4,159.43,6.64days
07/07/2025 23:00:12,sell,0.04,AUDUSD,0.64982,15/07/2025 17:56:00,0.65182,0.00,0.07,-20.00,-7.93,3.24,8.10,-38.87,-97.30,1494,G4,186.93,7.79days
10/07/2025 21:01:02,sell,0.09,AUDUSD,0.65752,15/07/2025 17:55:59,0.65182,0.00,0.05,57.00,51.35,51.35,57.00,-18.26,-20.30,1494,G4,116.92,4.87days
07/07/2025 17:30:03,buy,0.04,USDCHF,0.79734,15/07/2025 16:46:40,0.79861,0.00,2.49,12.70,8.85,10.42,20.20,-25.82,-54.20,9319,G4,191.28,7.97days
10/07/2025 01:31:12,buy,0.06,USDCHF,0.79374,15/07/2025 16:46:39,0.79861,0.00,1.41,48.70,38.00,38.00,48.70,-13.79,-18.20,9319,G4,135.26,5.64days
27/06/2025 20:30:17,sell,0.06,EURGBP,0.85480,14/07/2025 16:00:09,0.86714,0.00,3.25,-123.40,-96.54,6.43,7.60,-98.42,-125.70,1494,G4,403.50,16.81days
24/06/2025 16:00:07,sell,0.04,EURGBP,0.85282,14/07/2025 16:00:09,0.86714,0.00,2.74,-143.20,-74.46,10.74,18.50,-75.71,-145.50,1494,G4,480.00,20.00days
02/07/2025 13:00:05,sell,0.14,EURGBP,0.85969,14/07/2025 16:00:08,0.86712,0.00,5.96,-74.30,-134.24,33.00,17.20,-138.98,-76.80,1494,G4,291.00,12.13days
30/06/2025 19:13:09,sell,0.09,EURGBP,0.85752,14/07/2025 16:00:08,0.86714,0.00,4.61,-96.20,-112.08,20.70,16.40,-114.89,-98.50,1494,G4,332.78,13.87days
02/07/2025 20:00:01,sell,0.28,EURGBP,0.86479,14/07/2025 16:00:07,0.86712,0.00,11.94,-23.30,-75.99,192.34,48.90,-85.44,-25.80,1494,G4,284.00,11.83days
14/07/2025 16:00:03,sell,0.56,EURGBP,0.86698,14/07/2025 16:00:06,0.86709,0.00,0.00,-1.10,-8.31,0.00,0.00,-8.31,-1.10,1494,G4,0.00,0.00hrs
11/07/2025 14:01:06,sell,0.04,EURUSD,1.16917,14/07/2025 08:37:40,1.16695,0.00,0.19,22.20,9.07,10.75,26.40,-5.96,-14.90,1494,G4,66.61,2.78days
08/07/2025 08:30:13,buy,0.04,NZDUSD,0.60169,11/07/2025 01:56:00,0.60390,0.00,-0.55,22.10,8.29,8.73,23.20,-16.07,-39.90,9319,G4,65.43,2.73days
08/07/2025 14:00:10,buy,0.04,NZDCAD,0.82111,10/07/2025 21:13:37,0.82385,0.00,0.00,27.40,8.01,8.01,27.40,-9.28,-31.70,9319,G4,55.22,2.30days
10/07/2025 08:00:17,buy,0.04,AUDUSD,0.65478,10/07/2025 18:49:19,0.65687,0.00,0.00,20.90,8.36,8.36,20.90,-2.08,-5.20,9319,G4,10.82,10.82hrs
19/06/2025 12:30:37,buy,0.06,AUDCHF,0.52848,10/07/2025 18:18:29,0.52317,0.00,5.74,-53.10,-34.21,14.56,19.50,-84.40,-117.60,9319,G4,509.80,21.24days
19/06/2025 04:30:21,buy,0.04,AUDCHF,0.53184,10/07/2025 18:18:29,0.52317,0.00,3.82,-86.70,-39.68,3.17,6.50,-73.19,-151.20,9319,G4,517.80,21.58days
23/06/2025 08:00:18,buy,0.09,AUDCHF,0.52415,10/07/2025 18:18:28,0.52316,0.00,7.85,-9.90,-3.32,47.44,42.40,-78.34,-74.30,9319,G4,418.30,17.43days
30/06/2025 14:00:03,buy,0.14,AUDCHF,0.52055,10/07/2025 18:18:27,0.52316,0.00,7.57,26.10,53.39,53.75,26.30,-63.08,-38.30,9319,G4,244.31,10.18days
07/07/2025 12:00:09,buy,0.28,AUDCHF,0.51752,10/07/2025 18:18:26,0.52316,0.00,6.36,56.40,204.42,205.14,56.60,-15.46,-4.40,9319,G4,78.30,3.26days
23/06/2025 17:30:04,sell,0.04,EURUSD,1.15282,10/07/2025 17:24:13,1.16766,0.00,3.65,-148.40,-55.71,1.00,2.60,-117.36,-297.20,1494,G4,407.90,17.00days
25/06/2025 18:30:25,sell,0.06,EURUSD,1.16244,10/07/2025 17:24:12,1.16758,0.00,4.84,-51.40,-26.00,3.72,6.20,-118.91,-201.00,1494,G4,358.90,14.95days
02/07/2025 21:00:04,sell,0.14,EURUSD,1.17935,10/07/2025 17:24:11,1.16760,0.00,6.70,117.50,171.20,172.74,118.60,-21.75,-17.00,1494,G4,188.40,7.85days
27/06/2025 06:01:11,sell,0.09,EURUSD,1.16991,10/07/2025 17:24:11,1.16758,0.00,5.61,23.30,26.58,27.39,24.20,-112.81,-126.30,1494,G4,323.38,13.47days
10/07/2025 02:30:03,sell,0.04,CHFJPY,184.15000,10/07/2025 10:02:17,183.92900,0.00,0.00,22.10,6.06,6.06,22.10,-4.71,-17.20,1494,G4,7.54,7.54hrs
08/07/2025 04:00:23,buy,0.04,GBPAUD,2.09282,09/07/2025 15:33:31,2.08419,0.00,-0.12,-86.30,-22.62,2.68,10.30,-48.36,-184.70,9319,G4,35.55,1.48days
08/07/2025 12:30:01,buy,0.06,GBPAUD,2.08057,09/07/2025 15:33:30,2.08419,0.00,-0.17,36.20,13.99,14.50,37.50,-24.43,-62.20,9319,G4,27.06,1.13days
08/07/2025 15:00:01,buy,0.09,GBPAUD,2.07551,09/07/2025 15:33:27,2.08419,0.00,-0.26,86.80,50.66,51.43,88.10,-6.83,-11.60,9319,G4,24.56,1.02days
08/07/2025 12:00:03,buy,0.04,GBPCAD,1.85770,08/07/2025 20:43:46,1.85992,0.00,0.00,22.20,6.49,6.49,22.20,-19.27,-65.90,9319,G4,8.73,8.73hrs
08/07/2025 13:30:04,buy,0.04,NZDJPY,87.98300,08/07/2025 14:50:01,88.19500,0.00,0.00,21.20,5.79,5.98,21.90,-0.60,-2.20,9319,G4,1.33,1.33hrs
07/07/2025 20:30:13,buy,0.04,AUDJPY,94.95800,08/07/2025 03:56:24,95.17800,0.00,0.08,22.00,6.10,6.10,22.00,-6.31,-23.30,9319,G4,7.44,7.44hrs
07/07/2025 20:30:07,buy,0.04,GBPCAD,1.85901,08/07/2025 01:09:11,1.86116,0.00,0.08,21.50,6.36,6.36,21.50,-0.50,-1.70,9319,G4,4.65,4.65hrs
07/07/2025 09:30:19,buy,0.04,CADCHF,0.58263,07/07/2025 16:19:24,0.58478,0.00,0.00,21.50,10.78,11.08,22.10,-1.41,-2.80,9319,G4,6.82,6.82hrs
07/07/2025 04:30:08,buy,0.04,GBPCHF,1.08309,07/07/2025 14:36:19,1.08528,0.00,0.00,21.90,10.99,10.99,22.00,-8.20,-16.30,9319,G4,10.10,10.10hrs
23/06/2025 16:30:04,sell,0.04,AUDUSD,0.63871,07/07/2025 11:22:24,0.65017,0.00,0.20,-114.60,-45.64,0.00,0.00,-81.30,-203.60,1494,G4,330.87,13.79days
24/06/2025 07:00:27,sell,0.09,AUDUSD,0.64894,07/07/2025 11:22:23,0.65017,0.00,0.37,-12.30,-10.70,2.38,2.60,-90.92,-101.30,1494,G4,316.37,13.18days
23/06/2025 18:00:22,sell,0.06,AUDUSD,0.64292,07/07/2025 11:22:23,0.65017,0.00,0.23,-72.50,-43.27,8.04,13.70,-96.74,-161.50,1494,G4,329.37,13.72days
26/06/2025 04:00:37,sell,0.14,AUDUSD,0.65182,07/07/2025 11:22:22,0.65015,0.00,0.31,16.70,23.69,23.69,16.70,-101.37,-72.50,1494,G4,271.36,11.31days
01/07/2025 04:00:12,sell,0.28,AUDUSD,0.65743,07/07/2025 11:22:21,0.65015,0.00,0.36,72.80,204.20,204.20,72.80,-45.92,-16.40,1494,G4,151.37,6.31days
26/06/2025 03:00:05,sell,0.06,GBPUSD,1.36891,02/07/2025 14:58:26,1.36576,0.00,-0.12,31.50,18.78,18.78,31.50,-60.14,-100.10,1494,G4,155.97,6.50days
25/06/2025 17:30:03,sell,0.04,GBPUSD,1.36193,02/07/2025 14:58:26,1.36574,0.00,-0.09,-38.10,-15.33,0.60,1.50,-68.03,-169.90,1494,G4,165.47,6.89days
26/06/2025 20:00:07,sell,0.09,GBPUSD,1.37533,02/07/2025 14:58:25,1.36576,0.00,-0.14,95.70,85.99,85.99,95.70,-32.40,-35.90,1494,G4,138.97,5.79days
25/06/2025 02:30:15,sell,0.04,NZDCHF,0.48341,02/07/2025 14:53:06,0.48105,0.00,-2.46,23.60,9.44,9.44,23.60,-18.86,-35.70,1494,G4,180.38,7.52days
25/06/2025 06:30:11,sell,0.06,NZDCHF,0.48601,02/07/2025 14:53:05,0.48105,0.00,-3.69,49.60,33.82,33.82,49.60,-8.87,-9.70,1494,G4,176.38,7.35days
25/06/2025 05:00:12,buy,0.06,AUDNZD,1.07917,02/07/2025 14:27:46,1.08144,0.00,-0.25,22.70,8.02,8.02,22.70,-11.12,-29.90,9319,G4,177.46,7.39days
19/06/2025 13:00:12,buy,0.04,AUDNZD,1.08208,02/07/2025 14:27:46,1.08144,0.00,-0.24,-6.40,-1.79,4.34,18.50,-14.57,-59.00,9319,G4,313.46,13.06days
30/06/2025 05:01:13,buy,0.09,AUDNZD,1.07690,02/07/2025 14:27:44,1.08143,0.00,-0.06,45.30,24.70,24.70,45.30,-3.94,-7.20,9319,G4,57.44,2.39days
25/06/2025 13:00:13,sell,0.04,EURCHF,0.93550,30/06/2025 20:26:15,0.93377,0.00,-2.45,17.30,6.28,6.58,17.90,-23.54,-44.30,1494,G4,127.43,5.31days
25/06/2025 23:30:05,sell,0.06,EURCHF,0.93788,30/06/2025 20:26:14,0.93377,0.00,-3.68,41.10,27.40,27.86,41.70,-17.52,-20.50,1494,G4,116.94,4.87days
25/06/2025 10:00:16,sell,0.04,AUDNZD,1.07865,30/06/2025 09:22:24,1.07634,0.00,-0.45,23.10,5.17,5.17,23.10,-8.72,-34.50,1494,G4,119.37,4.97days
19/06/2025 12:30:43,buy,0.06,USDCHF,0.81671,27/06/2025 20:00:09,0.79914,0.00,3.89,-175.70,-128.03,19.87,26.20,-149.66,-203.80,9319,G4,199.49,8.31days
19/06/2025 08:00:09,buy,0.04,USDCHF,0.81983,27/06/2025 20:00:09,0.79914,0.00,2.59,-206.90,-100.97,7.26,14.90,-115.45,-235.00,9319,G4,204.00,8.50days
24/06/2025 16:00:02,buy,0.14,USDCHF,0.80841,27/06/2025 20:00:08,0.79914,0.00,5.82,-92.70,-156.58,13.67,7.90,-206.55,-120.80,9319,G4,76.00,3.17days
23/06/2025 20:00:36,buy,0.09,USDCHF,0.81328,27/06/2025 20:00:08,0.79914,0.00,4.49,-141.40,-154.76,1.11,1.00,-187.08,-169.50,9319,G4,95.99,4.00days
26/06/2025 08:00:07,buy,0.28,USDCHF,0.80379,27/06/2025 20:00:07,0.79914,0.00,2.34,-46.50,-160.59,9.40,2.70,-259.96,-74.60,9319,G4,36.00,1.50days
27/06/2025 20:00:04,buy,0.56,USDCHF,0.79931,27/06/2025 20:00:06,0.79914,0.00,0.00,-1.70,-11.91,0.00,0.00,-11.91,-1.70,9319,G4,0.00,0.00hrs
25/06/2025 18:30:20,sell,0.04,GBPAUD,2.09789,27/06/2025 04:58:34,2.09483,0.00,-0.85,30.60,7.18,7.44,31.60,-16.00,-58.80,1494,G4,34.47,1.44days
26/06/2025 09:30:20,buy,0.04,GBPJPY,198.13400,26/06/2025 17:17:10,198.36900,0.00,0.00,23.50,6.52,6.52,23.50,-10.56,-38.00,9319,G4,7.78,7.78hrs
26/06/2025 08:30:02,buy,0.04,AUDUSD,0.65268,26/06/2025 16:58:57,0.65499,0.00,0.00,23.10,9.24,9.24,23.10,-3.44,-8.60,9319,G4,8.48,8.48hrs
25/06/2025 02:30:09,sell,0.04,USDCAD,1.37248,26/06/2025 10:22:13,1.37005,0.00,-0.71,24.30,6.38,6.38,24.30,-8.64,-29.70,1494,G4,31.87,1.33days
25/06/2025 13:00:04,buy,0.04,AUDCAD,0.89190,26/06/2025 02:44:13,0.89405,0.00,0.11,21.50,6.38,6.99,23.60,-3.06,-10.50,9319,G4,13.74,13.74hrs
24/06/2025 23:30:20,buy,0.04,EURUSD,1.16125,25/06/2025 20:28:42,1.16342,0.00,-0.36,21.70,8.32,8.32,21.70,-9.32,-22.40,9319,G4,20.97,20.97hrs
24/06/2025 01:30:06,buy,0.04,EURAUD,1.79149,25/06/2025 17:52:29,1.79060,0.00,-0.36,-8.90,-2.67,0.08,0.30,-26.51,-101.80,9319,G4,40.37,1.68days
24/06/2025 10:30:01,buy,0.06,EURAUD,1.78308,25/06/2025 17:52:27,1.79060,0.00,-0.54,75.20,28.74,28.74,75.20,-6.91,-17.70,9319,G4,31.37,1.31days
25/06/2025 16:00:37,buy,0.04,GBPCAD,1.86805,25/06/2025 16:21:56,1.87017,0.00,0.00,21.20,6.17,6.23,21.40,0.00,0.00,9319,G4,0.36,0.36hrs
24/06/2025 04:30:07,buy,0.04,EURJPY,168.85900,25/06/2025 11:56:40,168.88400,0.00,0.02,2.50,0.70,1.51,5.50,-25.20,-91.20,9319,G4,31.44,1.31days
24/06/2025 12:00:06,buy,0.06,EURJPY,168.21200,25/06/2025 11:56:39,168.88400,0.00,0.04,67.20,27.76,27.76,67.20,-10.98,-26.50,9319,G4,23.94,23.94hrs
23/06/2025 16:30:09,sell,0.04,AUDCHF,0.52253,25/06/2025 01:45:40,0.52255,0.00,-0.84,-0.20,-0.94,2.36,4.80,-30.08,-60.20,1494,G4,33.26,1.39days
24/06/2025 02:30:04,sell,0.06,AUDCHF,0.52660,25/06/2025 01:45:39,0.52255,0.00,-0.64,40.50,29.54,29.83,40.90,-14.41,-19.50,1494,G4,23.26,23.26hrs
24/06/2025 03:30:09,sell,0.04,USDCHF,0.81251,24/06/2025 12:42:18,0.81023,0.00,0.00,22.80,11.26,11.55,23.40,-3.05,-6.20,1494,G4,9.20,9.20hrs
24/06/2025 04:30:13,buy,0.04,GBPJPY,197.25700,24/06/2025 12:14:00,197.54500,0.00,0.00,28.80,7.94,7.94,28.80,-7.86,-28.50,9319,G4,7.73,7.73hrs
19/06/2025 11:00:32,sell,0.04,EURJPY,166.57100,24/06/2025 11:35:27,168.09800,0.00,-0.81,-152.70,-42.93,0.08,0.30,-85.41,-314.00,1494,G4,120.58,5.02days
20/06/2025 21:01:23,sell,0.09,EURJPY,168.25300,24/06/2025 11:35:26,168.09700,0.00,-1.20,15.60,8.49,8.49,15.60,-89.27,-145.80,1494,G4,86.57,3.61days
19/06/2025 15:00:30,sell,0.06,EURJPY,167.23500,24/06/2025 11:35:26,168.09800,0.00,-1.20,-86.30,-36.91,15.55,37.70,-101.18,-247.60,1494,G4,116.58,4.86days
23/06/2025 09:00:15,sell,0.14,EURJPY,169.43000,24/06/2025 11:35:24,168.09600,0.00,-0.93,133.40,127.87,127.87,133.40,-26.58,-28.10,1494,G4,26.59,1.11days
20/06/2025 21:02:55,sell,0.06,EURGBP,0.85618,24/06/2025 10:31:25,0.85385,0.00,0.34,23.30,19.31,19.31,23.30,-10.63,-13.40,1494,G4,85.47,3.56days
20/06/2025 10:30:20,sell,0.04,EURGBP,0.85447,24/06/2025 10:31:25,0.85386,0.00,0.22,6.10,3.53,9.24,17.20,-16.27,-30.50,1494,G4,96.02,4.00days
24/06/2025 05:01:22,buy,0.04,NZDJPY,87.33400,24/06/2025 10:00:47,87.55700,0.00,0.00,22.30,6.14,6.14,22.30,-2.83,-10.30,9319,G4,4.99,4.99hrs
19/06/2025 15:00:04,buy,0.04,AUDCAD,0.88652,23/06/2025 20:23:25,0.88619,0.00,0.06,-3.30,-0.90,10.88,37.20,-21.75,-75.10,9319,G4,101.39,4.22days
23/06/2025 07:00:04,buy,0.06,AUDCAD,0.88149,23/06/2025 20:23:24,0.88619,0.00,0.00,47.00,20.50,20.50,47.00,-10.83,-24.80,9319,G4,13.39,13.39hrs
16/06/2025 08:00:40,sell,0.04,CADCHF,0.59746,23/06/2025 18:59:07,0.59078,0.00,-2.24,66.80,30.61,30.61,66.80,-19.81,-39.70,1494,G4,178.97,7.46days
20/06/2025 23:30:04,buy,0.04,EURUSD,1.15184,23/06/2025 18:18:22,1.15418,0.00,-0.37,23.40,8.99,8.99,23.40,-26.89,-66.30,9319,G4,66.81,2.78days
19/06/2025 14:30:02,sell,0.04,USDCHF,0.81762,23/06/2025 17:45:06,0.81442,0.00,-1.34,32.00,14.38,14.62,32.60,-10.47,-19.00,1494,G4,99.25,4.14days
23/06/2025 13:30:12,buy,0.04,GBPCAD,1.84587,23/06/2025 17:01:13,1.84842,0.00,0.00,25.50,7.42,7.42,25.50,-6.04,-20.80,9319,G4,3.52,3.52hrs
23/06/2025 11:00:07,sell,0.04,AUDCHF,0.52440,23/06/2025 12:45:09,0.52208,0.00,0.00,23.20,11.34,11.40,23.30,-2.01,-4.10,1494,G4,1.75,1.75hrs
23/06/2025 11:00:04,sell,0.04,NZDCAD,0.81535,23/06/2025 12:33:54,0.81265,0.00,0.00,27.00,7.82,8.26,28.50,-1.45,-5.00,1494,G4,1.56,1.56hrs
23/06/2025 09:30:12,sell,0.04,AUDUSD,0.64107,23/06/2025 12:19:34,0.63898,0.00,0.00,20.90,8.36,8.36,20.90,-6.56,-16.40,1494,G4,2.82,2.82hrs
23/06/2025 11:00:33,sell,0.04,NZDUSD,0.59278,23/06/2025 12:11:32,0.59023,0.00,0.00,25.50,10.20,10.20,25.50,-0.44,-1.10,1494,G4,1.18,1.18hrs
20/06/2025 03:00:08,sell,0.04,NZDCAD,0.82161,23/06/2025 08:25:43,0.81445,0.00,-0.11,71.60,20.70,20.70,71.60,-3.86,-12.90,1494,G4,77.43,3.23days
19/06/2025 22:00:16,sell,0.04,NZDUSD,0.59850,23/06/2025 06:31:13,0.59246,0.00,0.04,60.40,24.20,24.20,60.40,-9.26,-23.20,1494,G4,80.52,3.35days
19/06/2025 22:00:27,sell,0.04,AUDUSD,0.64720,23/06/2025 06:26:53,0.64042,0.00,0.04,67.80,27.16,27.16,67.80,-9.34,-23.40,1494,G4,80.44,3.35days
16/06/2025 05:00:17,sell,0.04,AUDCAD,0.88105,23/06/2025 06:00:37,0.88266,0.00,-1.15,-16.10,-5.83,1.97,6.70,-34.72,-116.10,1494,G4,169.01,7.04days
16/06/2025 14:00:13,sell,0.06,AUDCAD,0.88432,23/06/2025 06:00:36,0.88267,0.00,-1.74,16.50,5.46,8.42,19.40,-37.76,-83.40,1494,G4,160.01,6.67days
18/06/2025 10:01:17,sell,0.09,AUDCAD,0.88855,23/06/2025 06:00:35,0.88266,0.00,-1.85,58.90,36.68,37.92,60.80,-28.11,-41.10,1494,G4,115.99,4.83days
13/06/2025 07:30:14,sell,0.04,AUDCHF,0.52385,20/06/2025 20:43:29,0.52708,0.00,-2.73,-32.30,-18.55,0.94,1.90,-51.49,-100.90,1494,G4,181.22,7.55days
16/06/2025 18:00:06,sell,0.09,AUDCHF,0.53020,20/06/2025 20:43:28,0.52708,0.00,-5.27,31.20,29.11,29.67,31.70,-45.38,-37.40,1494,G4,98.72,4.11days
13/06/2025 12:00:19,sell,0.06,AUDCHF,0.52718,20/06/2025 20:43:28,0.52708,0.00,-4.09,1.00,-3.36,10.50,15.00,-52.90,-67.60,1494,G4,176.72,7.36days
18/06/2025 20:00:08,sell,0.14,AUDCHF,0.53261,20/06/2025 20:43:26,0.52709,0.00,-5.43,55.20,89.19,90.25,55.80,-26.74,-13.30,1494,G4,48.72,2.03days
13/06/2025 10:30:22,sell,0.04,NZDCHF,0.48748,20/06/2025 19:18:00,0.48797,0.00,-2.23,-4.90,-4.63,0.00,0.00,-37.24,-72.40,1494,G4,176.79,7.37days
16/06/2025 12:30:06,sell,0.06,NZDCHF,0.49026,20/06/2025 19:17:59,0.48797,0.00,-2.88,22.90,13.93,15.03,24.40,-35.05,-44.60,1494,G4,102.80,4.28days
16/06/2025 19:00:55,sell,0.09,NZDCHF,0.49275,20/06/2025 19:17:58,0.48798,0.00,-4.34,47.70,48.18,49.93,49.30,-25.25,-19.70,1494,G4,96.28,4.01days
20/06/2025 10:30:08,buy,0.04,GBPCHF,1.09995,20/06/2025 13:57:50,1.10220,0.00,0.00,22.50,11.02,11.36,23.20,-1.03,-2.10,9319,G4,3.46,3.46hrs
20/06/2025 06:00:08,buy,0.04,NZDJPY,87.04700,20/06/2025 07:41:55,87.28000,0.00,0.00,23.30,6.41,6.74,24.50,-0.22,-0.80,9319,G4,1.70,1.70hrs
19/06/2025 12:30:19,sell,0.04,AUDUSD,0.64708,19/06/2025 17:34:29,0.64479,0.00,0.00,22.90,9.16,9.16,22.90,-1.04,-2.60,1494,G4,5.07,5.07hrs
19/06/2025 12:30:34,buy,0.04,USDCAD,1.37112,19/06/2025 17:12:55,1.37316,0.00,0.00,20.40,5.94,5.94,20.40,-2.45,-8.40,9319,G4,4.71,4.71hrs
19/06/2025 07:30:03,sell,0.04,AUDUSD,0.64897,19/06/2025 08:55:26,0.64664,0.00,0.00,23.30,9.32,9.32,23.30,-0.72,-1.80,1494,G4,1.42,1.42hrs
16/06/2025 18:00:17,buy,0.06,EURNZD,1.90850,19/06/2025 08:52:53,1.91649,0.00,-2.20,79.90,26.44,26.44,79.90,-23.52,-59.00,9319,G4,62.88,2.62days
16/06/2025 13:30:15,buy,0.04,EURNZD,1.91616,19/06/2025 08:52:53,1.91650,0.00,-1.47,3.40,-0.66,0.00,3.40,-34.14,-135.60,9319,G4,67.38,2.81days
16/06/2025 17:30:30,sell,0.06,NZDCAD,0.82391,19/06/2025 08:49:57,0.82022,0.00,-0.83,36.90,15.31,17.16,39.20,-15.86,-35.40,1494,G4,63.32,2.64days
13/06/2025 18:00:25,sell,0.04,NZDCAD,0.81952,19/06/2025 08:49:57,0.82024,0.00,-0.65,-7.20,-2.75,9.03,31.00,-23.50,-79.30,1494,G4,134.83,5.62days
18/06/2025 19:01:01,sell,0.09,NZDCAD,0.82674,19/06/2025 08:49:56,0.82025,0.00,-0.74,64.90,41.83,41.83,64.90,-2.04,-3.10,1494,G4,13.82,13.82hrs
18/06/2025 16:32:31,sell,0.04,EURJPY,166.51200,19/06/2025 03:17:03,166.25800,0.00,-0.80,25.40,6.21,6.21,25.40,-7.84,-28.40,1494,G4,10.74,10.74hrs
18/06/2025 05:30:36,buy,0.04,USDCHF,0.81665,18/06/2025 22:04:13,0.81962,0.00,0.00,29.70,14.49,14.49,29.70,-6.62,-13.50,9319,G4,16.56,16.56hrs
18/06/2025 16:02:11,sell,0.04,EURUSD,1.15044,18/06/2025 21:58:19,1.14778,0.00,0.00,26.60,10.64,11.16,27.90,-8.80,-22.00,1494,G4,5.94,5.94hrs
17/06/2025 21:32:05,buy,0.06,NZDCAD,0.82032,18/06/2025 17:27:24,0.82549,0.00,-0.01,51.70,22.66,22.66,51.70,-1.98,-4.50,9319,G4,19.92,19.92hrs
16/06/2025 21:30:08,buy,0.04,NZDCAD,0.82326,18/06/2025 17:27:24,0.82548,0.00,-0.02,22.20,6.47,6.47,22.20,-10.28,-35.00,9319,G4,43.95,1.83days
18/06/2025 15:30:45,sell,0.04,EURNZD,1.90965,18/06/2025 16:49:22,1.90678,0.00,0.00,28.70,6.92,6.92,28.70,-0.34,-1.40,1494,G4,1.31,1.31hrs
18/06/2025 11:00:06,sell,0.04,EURNZD,1.91034,18/06/2025 12:41:34,1.90829,0.00,0.00,20.50,4.94,5.31,22.00,-0.72,-1.70,1494,G4,1.69,1.69hrs
18/06/2025 02:30:13,sell,0.04,EURNZD,1.90929,18/06/2025 08:03:55,1.90680,0.00,0.00,24.90,6.01,6.01,24.90,-2.29,-9.50,1494,G4,5.56,5.56hrs
16/06/2025 21:30:03,sell,0.04,CHFJPY,177.79400,18/06/2025 07:37:18,177.56300,0.00,-0.08,23.10,6.29,6.29,23.10,-15.44,-55.80,1494,G4,34.12,1.42days
18/06/2025 02:30:04,sell,0.04,EURAUD,1.77365,18/06/2025 03:02:30,1.77133,0.00,0.00,23.20,6.02,6.02,23.20,0.00,0.00,1494,G4,0.54,0.54hrs
13/06/2025 12:00:14,buy,0.04,EURGBP,0.85030,17/06/2025 22:55:39,0.85534,0.00,-0.94,50.40,26.13,26.72,51.50,-5.38,-9.10,9319,G4,106.92,4.46days
17/06/2025 19:30:46,buy,0.04,USDCHF,0.81432,17/06/2025 21:51:14,0.81676,0.00,0.00,24.40,11.95,11.95,24.40,-2.26,-4.60,9319,G4,2.34,2.34hrs
16/06/2025 21:00:03,sell,0.06,EURCHF,0.94025,17/06/2025 20:53:47,0.93660,0.00,-0.66,36.50,26.19,27.74,38.60,-27.61,-36.60,1494,G4,23.90,23.90hrs
13/06/2025 19:00:11,sell,0.04,EURCHF,0.93784,17/06/2025 20:53:47,0.93659,0.00,-0.92,12.50,5.21,8.99,19.20,-30.72,-60.70,1494,G4,97.89,4.08days
16/06/2025 06:00:44,sell,0.04,GBPCHF,1.10026,17/06/2025 19:57:51,1.09810,0.00,-0.99,21.60,9.60,11.33,25.10,-33.19,-65.60,1494,G4,37.95,1.58days
16/06/2025 20:00:13,sell,0.06,GBPCHF,1.10458,17/06/2025 19:57:50,1.09814,0.00,-1.49,64.40,45.90,48.80,68.30,-17.98,-22.40,1494,G4,23.96,23.96hrs
13/06/2025 16:00:21,buy,0.04,USDCHF,0.81312,17/06/2025 17:41:51,0.81604,0.00,0.60,29.20,14.91,16.23,31.80,-19.47,-40.00,9319,G4,97.69,4.07days
16/06/2025 17:31:16,buy,0.06,USDCHF,0.80970,17/06/2025 17:41:50,0.81604,0.00,0.45,63.40,47.07,49.03,66.00,0.00,0.00,9319,G4,24.18,1.01days
17/06/2025 08:00:04,sell,0.04,GBPCAD,1.84200,17/06/2025 11:23:15,1.83980,0.00,0.00,22.00,6.48,6.48,22.00,-3.27,-11.10,1494,G4,3.39,3.39hrs
12/06/2025 22:00:13,buy,0.04,NZDJPY,87.03800,16/06/2025 15:04:26,87.26400,0.00,0.06,22.60,6.33,6.33,22.60,-32.30,-115.60,9319,G4,89.07,3.71days
13/06/2025 22:00:09,buy,0.04,AUDUSD,0.64906,16/06/2025 10:42:06,0.65113,0.00,-0.06,20.70,8.22,8.22,20.70,-8.26,-20.50,9319,G4,60.70,2.53days
12/06/2025 22:00:21,buy,0.04,AUDJPY,93.73000,16/06/2025 10:32:42,93.98500,0.00,0.14,25.50,7.21,7.51,26.60,-37.04,-132.70,9319,G4,84.54,3.52days
13/06/2025 19:00:05,sell,0.04,AUDCAD,0.88390,13/06/2025 21:44:58,0.88180,0.00,0.00,21.00,6.17,6.21,21.10,-2.86,-9.70,1494,G4,2.75,2.75hrs
13/06/2025 18:30:06,sell,0.04,GBPUSD,1.35932,13/06/2025 21:31:44,1.35713,0.00,0.00,21.90,8.76,8.76,21.90,-3.60,-9.00,1494,G4,3.03,3.03hrs
13/06/2025 04:48:15,sell,0.04,USDCAD,1.36291,13/06/2025 17:16:50,1.36069,0.00,0.00,22.20,6.53,6.53,22.20,-6.42,-21.90,1494,G4,12.48,12.48hrs
13/06/2025 11:30:38,sell,0.04,GBPUSD,1.35660,13/06/2025 12:32:45,1.35465,0.00,0.00,19.50,7.80,7.80,19.50,-0.36,-0.90,1494,G4,1.04,1.04hrs
12/06/2025 07:32:28,sell,0.04,NZDUSD,0.60337,13/06/2025 04:06:08,0.60107,0.00,0.06,23.00,9.26,10.20,25.50,-15.66,-39.30,1494,G4,20.56,20.56hrs
12/06/2025 16:00:27,sell,0.04,AUDCAD,0.88870,13/06/2025 03:51:32,0.88277,0.00,-0.16,59.30,17.24,18.95,65.10,-2.83,-9.10,1494,G4,11.85,11.85hrs
12/06/2025 18:35:28,sell,0.04,AUDCHF,0.53053,13/06/2025 03:07:20,0.52518,0.00,-0.40,53.50,26.14,26.14,53.50,-1.78,-2.80,1494,G4,8.53,8.53hrs
12/06/2025 18:38:15,buy,0.04,GBPCAD,1.84946,12/06/2025 23:51:13,1.85182,0.00,0.00,23.60,6.94,6.94,23.60,-4.59,-15.60,9319,G4,5.22,5.22hrs
12/06/2025 04:30:32,buy,0.04,EURJPY,165.81800,12/06/2025 12:20:28,166.08300,0.00,0.00,26.50,7.37,8.02,28.80,-8.38,-30.10,9319,G4,7.83,7.83hrs
12/06/2025 08:36:00,sell,0.04,CADCHF,0.59826,12/06/2025 11:34:25,0.59609,0.00,0.00,21.70,10.66,11.84,24.10,-3.43,-7.00,1494,G4,2.97,2.97hrs
12/06/2025 04:02:49,sell,0.04,AUDCAD,0.88872,12/06/2025 11:04:24,0.88608,0.00,0.00,26.40,7.72,8.78,30.00,-0.76,-2.60,1494,G4,7.03,7.03hrs
12/06/2025 07:42:53,sell,0.04,NZDCHF,0.49277,12/06/2025 11:03:43,0.49043,0.00,0.00,23.40,11.48,12.81,26.10,-3.67,-7.50,1494,G4,3.35,3.35hrs
12/06/2025 02:36:04,sell,0.04,AUDUSD,0.65040,12/06/2025 10:58:16,0.64836,0.00,0.00,20.40,8.16,9.60,24.00,-1.80,-4.50,1494,G4,8.37,8.37hrs
11/06/2025 13:00:42,sell,0.04,NZDCAD,0.82589,12/06/2025 04:57:55,0.82266,0.00,-0.30,32.30,9.16,9.62,33.90,-5.65,-19.30,1494,G4,15.95,15.95hrs
11/06/2025 21:00:38,sell,0.04,USDCHF,0.81982,12/06/2025 04:23:30,0.81661,0.00,-2.02,32.10,13.70,13.85,32.40,-12.39,-21.30,1494,G4,7.38,7.38hrs
11/06/2025 21:04:04,sell,0.04,CADJPY,105.75300,12/06/2025 03:48:04,105.44700,0.00,-0.67,30.60,7.82,7.82,30.60,-3.07,-11.10,1494,G4,6.73,6.73hrs
10/06/2025 05:03:31,sell,0.09,AUDCAD,0.89169,11/06/2025 09:49:36,0.89112,0.00,-0.36,5.70,3.39,16.54,25.70,-19.57,-29.80,1494,G4,28.77,1.20days
06/06/2025 03:30:10,sell,0.06,AUDCAD,0.88985,11/06/2025 09:49:36,0.89112,0.00,-0.72,-12.70,-6.29,10.92,24.90,-21.59,-48.20,1494,G4,126.32,5.26days
05/06/2025 13:03:46,sell,0.04,AUDCHF,0.53379,11/06/2025 09:49:36,0.53603,0.00,-1.56,-22.40,-12.45,3.51,8.30,-21.48,-41.00,1494,G4,140.76,5.87days
03/06/2025 19:05:40,sell,0.04,AUDCAD,0.88696,11/06/2025 09:49:36,0.89112,0.00,-1.28,-41.60,-13.44,4.33,15.40,-23.63,-77.10,1494,G4,182.73,7.61days
10/06/2025 07:30:40,sell,0.06,AUDCHF,0.53656,11/06/2025 09:49:35,0.53603,0.00,-0.58,5.30,3.29,16.56,22.20,-10.27,-13.30,1494,G4,26.32,1.10days
09/06/2025 13:04:17,sell,0.04,AUDJPY,94.08000,11/06/2025 09:49:35,94.53500,0.00,-0.58,-45.50,-13.12,1.92,8.00,-18.77,-66.00,1494,G4,44.76,1.86days
26/05/2025 07:00:53,buy,0.04,AUDNZD,1.08308,11/06/2025 09:49:35,1.07965,0.00,-0.32,-34.30,-8.60,0.00,0.00,-25.34,-104.30,9319,G4,386.81,16.12days
06/06/2025 08:32:57,sell,0.04,AUDUSD,0.64967,11/06/2025 09:49:34,0.65164,0.00,0.05,-19.70,-7.83,4.32,10.80,-14.87,-37.20,1494,G4,121.28,5.05days
29/05/2025 19:01:38,buy,0.09,AUDNZD,1.07756,11/06/2025 09:49:34,1.07965,0.00,-0.60,20.90,10.75,14.04,27.00,-26.85,-49.10,9319,G4,302.80,12.62days
26/05/2025 22:30:26,buy,0.06,AUDNZD,1.08056,11/06/2025 09:49:34,1.07965,0.00,-0.51,-9.10,-3.80,0.00,0.00,-28.90,-79.10,9319,G4,371.32,15.47days
03/06/2025 18:31:28,sell,0.06,CADCHF,0.60022,11/06/2025 09:49:33,0.60146,0.00,-3.85,-12.40,-12.90,15.38,23.30,-24.48,-28.30,1494,G4,183.30,7.64days
02/06/2025 20:48:28,sell,0.04,CADCHF,0.59634,11/06/2025 09:49:33,0.60146,0.00,-2.89,-51.20,-27.78,5.90,12.70,-35.50,-67.10,1494,G4,205.02,8.54days
10/06/2025 19:00:55,sell,0.04,CADJPY,105.89700,11/06/2025 09:49:32,106.08600,0.00,-0.22,-18.90,-5.43,1.55,5.60,-8.08,-28.50,1494,G4,14.81,14.81hrs
27/05/2025 18:01:38,sell,0.06,CHFJPY,174.57300,11/06/2025 09:49:32,176.37900,0.00,-0.90,-180.60,-75.59,16.20,39.60,-85.06,-203.60,1494,G4,351.80,14.66days
27/05/2025 03:04:20,sell,0.04,CHFJPY,173.77400,11/06/2025 09:49:32,176.37900,0.00,-0.63,-260.50,-72.45,0.00,0.00,-78.79,-283.50,1494,G4,366.75,15.28days
28/05/2025 20:00:21,sell,0.09,CHFJPY,175.17900,11/06/2025 09:49:31,176.37900,0.00,-1.27,-120.00,-75.72,62.41,100.20,-89.88,-143.00,1494,G4,325.82,13.58days
06/06/2025 20:01:00,sell,0.14,CHFJPY,176.07600,11/06/2025 09:49:30,176.37900,0.00,-0.40,-30.30,-29.64,44.42,45.90,-51.63,-53.30,1494,G4,109.81,4.58days
10/06/2025 14:38:46,sell,0.04,EURCAD,1.56394,11/06/2025 09:49:29,1.56186,0.00,-0.04,20.80,6.05,10.25,35.20,-5.49,-18.80,1494,G4,19.18,19.18hrs
06/06/2025 01:36:54,buy,0.04,EURCHF,0.93815,11/06/2025 09:49:27,0.93924,0.00,0.30,10.90,5.60,10.61,21.40,-16.27,-33.60,9319,G4,128.21,5.34days
05/06/2025 18:01:24,sell,0.04,EURGBP,0.84274,11/06/2025 09:49:21,0.84722,0.00,0.32,-44.80,-23.83,6.72,12.10,-23.83,-44.80,1494,G4,135.80,5.66days
10/06/2025 11:31:43,sell,0.06,EURGBP,0.84532,11/06/2025 09:49:20,0.84722,0.00,0.12,-19.00,-15.25,3.24,4.00,-15.25,-19.00,1494,G4,22.29,22.29hrs
10/06/2025 05:00:58,buy,0.06,GBPAUD,2.07829,11/06/2025 09:49:20,2.06856,0.00,-0.16,-97.30,-38.19,8.66,22.20,-46.68,-119.00,9319,G4,28.81,1.20days
06/06/2025 21:03:26,buy,0.04,GBPAUD,2.08263,11/06/2025 09:49:20,2.06856,0.00,-0.33,-140.70,-37.00,1.24,5.20,-42.66,-162.40,9319,G4,108.77,4.53days
10/06/2025 21:05:01,buy,0.09,GBPCAD,1.84778,11/06/2025 09:49:19,1.84344,0.00,0.15,-43.40,-28.41,1.64,2.50,-30.31,-46.30,9319,G4,12.74,12.74hrs
10/06/2025 21:03:52,buy,0.09,GBPAUD,2.07136,11/06/2025 09:49:19,2.06856,0.00,-0.25,-28.00,-16.67,13.43,23.40,-29.40,-49.70,9319,G4,12.76,12.76hrs
30/05/2025 20:05:07,buy,0.06,GBPCAD,1.85272,11/06/2025 09:49:19,1.84344,0.00,1.07,-92.80,-39.64,28.49,64.70,-40.91,-95.70,9319,G4,277.74,11.57days
30/05/2025 07:34:07,buy,0.04,GBPCAD,1.86205,11/06/2025 09:49:19,1.84344,0.00,0.71,-186.10,-53.72,3.50,12.10,-54.56,-189.00,9319,G4,290.25,12.09days
10/06/2025 11:31:14,buy,0.06,GBPCHF,1.10821,11/06/2025 09:49:18,1.10874,0.00,0.44,5.30,4.31,24.72,33.90,-7.38,-10.10,9319,G4,22.30,22.30hrs
10/06/2025 08:32:28,sell,0.04,NZDCAD,0.82865,11/06/2025 09:49:18,0.82537,0.00,-0.10,32.80,9.49,12.00,41.40,-1.94,-6.30,1494,G4,25.28,1.05days
06/06/2025 19:30:28,buy,0.04,GBPCHF,1.11243,11/06/2025 09:49:18,1.10874,0.00,0.87,-36.90,-17.08,10.29,20.00,-25.99,-53.90,9319,G4,110.31,4.60days
06/06/2025 22:30:43,sell,0.04,NZDJPY,87.17600,11/06/2025 09:49:17,87.55300,0.00,-0.69,-37.70,-11.08,1.77,7.30,-20.89,-73.30,1494,G4,107.31,4.47days
05/06/2025 13:33:06,sell,0.06,NZDCHF,0.49571,11/06/2025 09:49:17,0.49641,0.00,-1.96,-7.00,-7.06,9.79,14.10,-29.95,-38.40,1494,G4,140.27,5.84days
26/05/2025 03:31:33,sell,0.04,NZDCHF,0.49285,11/06/2025 09:49:17,0.49641,0.00,-5.20,-35.60,-22.51,12.65,29.90,-37.76,-67.00,1494,G4,390.30,16.26days
11/06/2025 08:31:38,sell,0.04,EURUSD,1.14169,11/06/2025 09:49:16,1.14202,0.00,0.00,-3.30,-1.32,2.36,5.90,-2.40,-6.00,1494,G4,1.29,1.29hrs
06/06/2025 10:31:52,sell,0.04,USDCHF,0.82105,11/06/2025 09:49:16,0.82266,0.00,-2.02,-16.10,-9.85,7.47,16.70,-16.25,-33.30,1494,G4,119.29,4.97days
09/06/2025 20:31:55,sell,0.04,NZDUSD,0.60513,11/06/2025 06:08:28,0.60279,0.00,0.12,23.40,9.48,9.88,24.40,-4.32,-11.10,1494,G4,33.61,1.40days
10/06/2025 10:39:14,buy,0.04,CADJPY,105.46800,10/06/2025 17:00:07,105.70500,0.00,0.00,23.70,6.56,6.75,24.40,-1.38,-5.00,9319,G4,6.35,6.35hrs
09/06/2025 06:53:16,sell,0.04,EURUSD,1.14145,10/06/2025 10:15:00,1.13788,0.00,0.17,35.70,14.45,14.45,35.70,-9.68,-24.20,1494,G4,27.36,1.14days
05/06/2025 03:04:02,sell,0.04,GBPUSD,1.35484,10/06/2025 05:04:16,1.35233,0.00,-0.02,25.10,10.02,12.31,30.80,-26.56,-66.40,1494,G4,122.00,5.08days
09/06/2025 10:56:49,sell,0.04,EURCAD,1.56264,09/06/2025 16:14:28,1.55985,0.00,0.00,27.90,8.15,8.15,27.90,-4.50,-15.40,1494,G4,5.29,5.29hrs
06/06/2025 17:32:32,buy,0.04,NZDUSD,0.60292,09/06/2025 12:05:52,0.60588,0.00,-0.09,29.60,11.75,13.87,34.90,-9.25,-22.90,9319,G4,66.56,2.77days
06/06/2025 06:34:39,buy,0.04,NZDCAD,0.82556,09/06/2025 12:03:48,0.82871,0.00,0.01,31.50,9.22,10.78,36.80,-9.81,-33.60,9319,G4,77.49,3.23days
09/06/2025 04:00:55,sell,0.04,EURNZD,1.89313,09/06/2025 09:54:08,1.88998,0.00,0.00,31.50,7.62,8.37,34.60,0.00,0.00,1494,G4,5.89,5.89hrs
05/06/2025 18:00:29,sell,0.04,EURAUD,1.75649,06/06/2025 23:25:31,1.75379,0.00,0.11,27.00,7.13,7.68,29.10,-12.31,-47.70,1494,G4,29.42,1.23days
04/06/2025 21:02:27,sell,0.04,NZDUSD,0.60340,06/06/2025 16:33:10,0.60126,0.00,0.12,21.40,8.68,8.68,21.40,-18.31,-46.00,1494,G4,43.51,1.81days
02/06/2025 10:03:00,sell,0.04,EURUSD,1.14001,06/06/2025 16:27:52,1.13744,0.00,0.97,25.70,11.25,16.60,40.70,-36.87,-94.20,1494,G4,102.41,4.27days
03/06/2025 03:32:42,sell,0.06,EURUSD,1.14452,06/06/2025 16:27:51,1.13744,0.00,1.21,70.80,43.69,51.72,85.80,-28.49,-49.10,1494,G4,84.92,3.54days
06/06/2025 01:34:00,buy,0.04,GBPCHF,1.11245,06/06/2025 15:44:13,1.11396,0.00,0.00,15.10,7.34,11.08,22.80,-4.29,-8.80,9319,G4,14.17,14.17hrs
06/06/2025 12:30:37,buy,0.04,NZDJPY,86.87200,06/06/2025 15:43:39,87.13300,0.00,0.00,26.10,7.22,7.58,27.40,-0.69,-2.50,9319,G4,3.22,3.22hrs
05/06/2025 14:30:15,buy,0.04,USDCHF,0.81964,06/06/2025 10:05:45,0.82178,0.00,0.30,21.40,10.72,10.72,21.40,-12.04,-24.60,9319,G4,19.59,19.59hrs
05/06/2025 17:01:33,sell,0.04,NZDCAD,0.82746,06/06/2025 05:33:23,0.82451,0.00,-0.13,29.50,8.51,9.03,31.30,-0.32,-1.10,1494,G4,12.53,12.53hrs
05/06/2025 17:00:35,sell,0.04,AUDUSD,0.65253,06/06/2025 05:04:21,0.64983,0.00,0.01,27.00,10.81,10.81,27.00,-1.64,-4.10,1494,G4,12.06,12.06hrs
05/06/2025 19:30:20,sell,0.04,GBPCHF,1.11466,05/06/2025 23:30:04,1.11252,0.00,0.00,21.40,10.45,11.32,23.20,-1.12,-2.30,1494,G4,4.00,4.00hrs
05/06/2025 09:32:06,buy,0.04,EURAUD,1.75701,05/06/2025 17:02:35,1.75958,0.00,0.00,25.70,6.71,6.78,26.00,-11.49,-44.10,9319,G4,7.51,7.51hrs
05/06/2025 15:30:22,sell,0.04,GBPAUD,2.08508,05/06/2025 16:37:43,2.08150,0.00,0.00,35.80,9.36,9.36,35.80,-0.37,-1.40,1494,G4,1.12,1.12hrs
30/05/2025 06:34:08,buy,0.04,EURGBP,0.84267,05/06/2025 16:35:00,0.84468,0.00,-2.65,20.10,8.29,11.59,22.60,-14.79,-23.70,9319,G4,154.01,6.42days
30/05/2025 12:36:17,buy,0.06,EURGBP,0.84124,05/06/2025 16:34:59,0.84468,0.00,-3.97,34.40,24.11,29.00,36.90,-10.55,-9.40,9319,G4,147.98,6.17days
04/06/2025 22:00:46,buy,0.04,EURCAD,1.56066,05/06/2025 16:14:07,1.56389,0.00,-0.43,32.30,9.03,9.03,32.30,-5.47,-17.20,9319,G4,18.22,18.22hrs
29/05/2025 08:00:44,buy,0.04,EURCHF,0.93621,05/06/2025 15:56:24,0.93763,0.00,0.71,14.20,7.63,9.14,17.30,-24.60,-51.60,9319,G4,175.93,7.33days
30/05/2025 13:33:38,buy,0.06,EURCHF,0.93386,05/06/2025 15:56:22,0.93763,0.00,0.92,37.70,28.50,30.75,40.80,-19.75,-28.10,9319,G4,146.38,6.10days
02/06/2025 21:01:51,buy,0.04,AUDUSD,0.64832,05/06/2025 15:54:27,0.65181,0.00,-0.26,34.90,13.70,13.90,35.40,-13.45,-33.50,9319,G4,66.88,2.79days
04/06/2025 09:36:14,buy,0.04,NZDCAD,0.82395,05/06/2025 15:33:02,0.82682,0.00,0.03,28.70,8.44,8.44,28.70,-2.83,-9.70,9319,G4,29.95,1.25days
04/06/2025 18:03:29,buy,0.04,NZDJPY,86.35600,05/06/2025 12:37:12,86.60800,0.00,0.12,25.20,7.16,7.47,26.30,-11.49,-41.40,9319,G4,18.56,18.56hrs
05/06/2025 03:30:27,sell,0.04,EURNZD,1.89307,05/06/2025 11:56:29,1.88947,0.00,0.00,36.00,8.70,8.70,36.00,-1.59,-6.60,1494,G4,8.43,8.43hrs
29/05/2025 18:01:32,buy,0.04,AUDCHF,0.53136,05/06/2025 11:42:42,0.53331,0.00,1.18,19.50,10.69,14.13,27.70,-18.92,-39.70,9319,G4,161.69,6.74days
03/06/2025 16:06:24,buy,0.04,NZDUSD,0.60012,04/06/2025 17:47:14,0.60306,0.00,-0.11,29.40,11.65,12.41,31.30,-4.15,-10.10,9319,G4,25.68,1.07days
03/06/2025 16:33:12,sell,0.04,USDCHF,0.82272,04/06/2025 17:17:23,0.82008,0.00,-0.68,26.40,12.20,14.60,31.30,-11.83,-23.00,1494,G4,24.74,1.03days
04/06/2025 14:32:08,buy,0.04,EURCAD,1.56066,04/06/2025 17:03:46,1.56331,0.00,0.00,26.50,7.74,7.74,26.50,-4.12,-14.10,9319,G4,2.53,2.53hrs
04/06/2025 09:32:01,buy,0.04,GBPUSD,1.35168,04/06/2025 10:40:19,1.35369,0.00,0.00,20.10,8.04,9.00,22.50,-1.56,-3.90,9319,G4,1.14,1.14hrs
03/06/2025 07:33:27,buy,0.04,GBPUSD,1.35189,04/06/2025 04:47:01,1.35376,0.00,-0.05,18.70,7.43,9.15,23.00,-10.28,-25.70,9319,G4,21.23,21.23hrs
02/06/2025 11:03:44,sell,0.04,EURCAD,1.56300,03/06/2025 22:00:23,1.56009,0.00,-0.05,29.10,8.44,8.67,29.90,-23.04,-78.90,1494,G4,34.94,1.46days
29/05/2025 15:00:31,buy,0.04,GBPCHF,1.11529,03/06/2025 18:51:25,1.11450,0.00,0.88,-7.90,-2.95,0.00,0.00,-49.34,-102.70,9319,G4,123.85,5.16days
29/05/2025 18:36:09,buy,0.06,GBPCHF,1.11073,03/06/2025 18:51:24,1.11450,0.00,1.30,37.70,28.75,28.75,37.70,-40.58,-57.10,9319,G4,120.25,5.01days
03/06/2025 10:06:30,buy,0.09,GBPCHF,1.10641,03/06/2025 18:51:20,1.11450,0.00,0.00,80.90,88.35,88.36,80.90,-15.29,-13.90,9319,G4,8.75,8.75hrs
02/06/2025 13:08:25,buy,0.04,CADJPY,104.41700,03/06/2025 17:36:17,104.85000,0.00,0.07,43.30,12.12,12.34,44.10,-15.46,-55.30,9319,G4,28.46,1.19days
02/06/2025 13:32:34,buy,0.04,USDCHF,0.81813,03/06/2025 14:49:59,0.82080,0.00,0.30,26.70,13.31,16.66,33.60,-11.08,-22.60,9319,G4,25.29,1.05days
02/06/2025 22:32:27,sell,0.04,EURJPY,163.28100,03/06/2025 11:23:56,162.83500,0.00,-0.32,44.60,12.18,12.49,45.70,-11.44,-39.80,1494,G4,12.86,12.86hrs
02/06/2025 17:03:55,sell,0.04,AUDJPY,92.39700,03/06/2025 10:23:56,92.12300,0.00,-0.30,27.40,7.38,7.38,27.40,-12.76,-44.60,1494,G4,17.33,17.33hrs
02/06/2025 15:04:26,sell,0.04,NZDCAD,0.82437,03/06/2025 09:21:25,0.82348,0.00,-0.13,8.90,2.46,3.77,12.90,-18.03,-61.40,1494,G4,18.28,18.28hrs
03/06/2025 04:31:55,sell,0.06,NZDCAD,0.82911,03/06/2025 09:21:23,0.82348,0.00,0.00,56.30,24.60,25.29,57.90,-1.44,-3.30,1494,G4,4.82,4.82hrs
03/06/2025 03:36:15,sell,0.04,AUDCAD,0.89077,03/06/2025 05:48:43,0.88842,0.00,0.00,23.50,6.85,6.96,23.90,-0.64,-2.20,1494,G4,2.21,2.21hrs
02/06/2025 19:32:11,buy,0.04,EURAUD,1.76036,03/06/2025 05:34:27,1.76535,0.00,-0.31,49.90,12.61,12.74,50.40,-0.93,-2.40,9319,G4,10.04,10.04hrs
29/05/2025 18:34:49,buy,0.04,NZDJPY,86.17900,03/06/2025 04:04:25,86.40300,0.00,0.10,22.40,6.37,6.37,22.40,-17.78,-64.00,9319,G4,105.49,4.40days
02/06/2025 21:35:39,buy,0.04,NZDUSD,0.60264,03/06/2025 03:50:14,0.60503,0.00,-0.11,23.90,9.45,10.49,26.50,-0.56,-1.40,9319,G4,6.24,6.24hrs
02/06/2025 15:04:16,buy,0.04,EURJPY,163.02100,02/06/2025 21:36:22,163.31300,0.00,0.00,29.20,8.18,8.18,29.20,-1.54,-5.50,9319,G4,6.54,6.54hrs
27/05/2025 09:04:27,buy,0.04,AUDUSD,0.64812,02/06/2025 18:00:28,0.64966,0.00,-0.31,15.40,5.85,6.73,17.60,-29.30,-72.60,9319,G4,152.93,6.37days
27/05/2025 12:35:10,buy,0.06,AUDUSD,0.64498,02/06/2025 18:00:25,0.64966,0.00,-0.48,46.80,27.60,28.92,49.00,-25.12,-41.20,9319,G4,149.42,6.23days
29/05/2025 18:35:01,buy,0.04,AUDCAD,0.88936,02/06/2025 17:38:40,0.88959,0.00,0.06,2.30,0.73,3.51,12.00,-18.23,-62.80,9319,G4,95.06,3.96days
30/05/2025 17:34:49,buy,0.06,AUDCAD,0.88542,02/06/2025 17:38:35,0.88959,0.00,0.05,41.70,18.32,18.54,42.20,-10.17,-23.40,9319,G4,72.06,3.00days
02/06/2025 03:31:23,buy,0.04,EURAUD,1.76211,02/06/2025 17:07:36,1.76478,0.00,0.00,26.70,6.92,6.92,26.70,-10.30,-39.80,9319,G4,13.60,13.60hrs
30/05/2025 06:31:34,buy,0.04,NZDCAD,0.82432,02/06/2025 14:41:12,0.82477,0.00,-0.01,4.50,1.30,4.81,16.60,-19.18,-65.80,9319,G4,80.16,3.34days
30/05/2025 17:44:52,buy,0.06,NZDCAD,0.82097,02/06/2025 14:41:11,0.82477,0.00,-0.01,38.00,16.62,16.97,38.80,-14.12,-32.30,9319,G4,68.94,2.87days
02/06/2025 07:00:58,sell,0.04,CADCHF,0.59926,02/06/2025 12:29:51,0.59634,0.00,0.00,29.20,14.31,15.44,31.50,-1.07,-2.20,1494,G4,5.48,5.48hrs
02/06/2025 08:00:15,buy,0.04,NZDUSD,0.59965,02/06/2025 10:59:38,0.60201,0.00,0.00,23.60,9.44,10.56,26.40,-1.52,-3.80,9319,G4,2.99,2.99hrs
02/06/2025 01:05:50,sell,0.04,USDCHF,0.82223,02/06/2025 09:55:10,0.82008,0.00,0.00,21.50,10.49,12.39,25.40,-3.84,-7.90,1494,G4,8.82,8.82hrs
27/05/2025 09:04:55,buy,0.04,EURUSD,1.13840,02/06/2025 09:52:20,1.14012,0.00,-1.93,17.20,4.95,6.31,20.60,-29.09,-68.70,9319,G4,144.79,6.03days
27/05/2025 19:36:06,buy,0.06,EURUSD,1.13340,02/06/2025 09:52:16,1.14012,0.00,-2.93,67.20,37.39,39.43,70.60,-13.66,-18.70,9319,G4,134.27,5.59days
27/05/2025 18:35:55,buy,0.04,GBPUSD,1.35079,02/06/2025 09:50:41,1.35294,0.00,-0.41,21.50,8.19,9.27,24.20,-23.90,-58.90,9319,G4,135.25,5.64days
29/05/2025 03:31:41,buy,0.06,GBPUSD,1.34392,02/06/2025 09:50:39,1.35294,0.00,-0.20,90.20,53.92,55.54,92.90,0.00,0.00,9319,G4,102.32,4.26days
02/06/2025 01:05:42,buy,0.04,NZDUSD,0.59720,02/06/2025 04:04:22,0.59927,0.00,0.00,20.70,8.28,9.16,22.90,-1.36,-3.40,9319,G4,2.98,2.98hrs
30/05/2025 21:05:27,sell,0.04,EURAUD,1.76432,30/05/2025 23:00:23,1.76234,0.00,0.00,19.80,5.10,6.06,23.50,-0.39,0.00,1494,G4,1.92,1.92hrs
29/05/2025 17:32:46,buy,0.04,CADCHF,0.59677,30/05/2025 19:00:30,0.59855,0.00,0.10,17.80,8.76,9.48,19.30,-17.05,-35.20,9319,G4,25.46,1.06days
30/05/2025 12:34:31,buy,0.04,NZDUSD,0.59491,30/05/2025 18:54:28,0.59706,0.00,0.00,21.50,8.60,9.40,23.50,-0.44,-1.10,9319,G4,6.33,6.33hrs
30/05/2025 04:39:44,buy,0.04,EURJPY,163.43000,30/05/2025 18:05:57,163.76300,0.00,0.00,33.30,9.24,10.17,36.70,-16.92,-60.80,9319,G4,13.44,13.44hrs
30/05/2025 15:02:02,sell,0.04,USDCHF,0.82399,30/05/2025 15:41:36,0.82181,0.00,0.00,21.80,10.61,12.22,25.10,-0.49,-1.00,1494,G4,0.66,0.66hrs
30/05/2025 03:00:33,sell,0.04,NZDUSD,0.59755,30/05/2025 12:02:09,0.59537,0.00,0.00,21.80,8.72,9.56,23.90,-4.96,-12.40,1494,G4,9.03,9.03hrs
30/05/2025 09:32:42,buy,0.04,GBPNZD,2.25681,30/05/2025 10:04:04,2.25814,0.00,0.00,13.30,3.17,3.96,16.60,0.00,0.00,9319,G4,0.52,0.52hrs
30/05/2025 06:50:39,sell,0.04,GBPNZD,2.25826,30/05/2025 08:41:44,2.25382,0.00,0.00,44.40,10.62,10.62,44.40,-1.03,-4.30,1494,G4,1.85,1.85hrs
29/05/2025 18:04:55,sell,0.04,EURJPY,163.92300,30/05/2025 02:40:46,163.61600,0.00,-0.29,30.70,8.25,8.25,30.70,-9.47,-33.10,1494,G4,8.60,8.60hrs
28/05/2025 22:05:00,sell,0.04,AUDJPY,93.06100,30/05/2025 01:27:06,92.81500,0.00,-1.15,24.60,5.69,5.96,25.60,-0.96,-0.30,1494,G4,27.37,1.14days
29/05/2025 04:43:45,sell,0.06,AUDJPY,93.53700,30/05/2025 01:27:05,92.81500,0.00,-0.43,72.20,29.65,30.07,73.20,0.00,0.00,1494,G4,20.72,20.72hrs
27/05/2025 12:04:35,sell,0.06,USDCHF,0.82486,29/05/2025 19:22:37,0.82294,0.00,-4.01,19.20,9.99,12.11,22.10,-5.83,-2.50,1494,G4,55.30,2.30days
26/05/2025 13:03:16,sell,0.04,USDCHF,0.82101,29/05/2025 19:22:37,0.82294,0.00,-3.35,-19.30,-12.73,0.00,0.00,-23.23,-41.00,1494,G4,78.32,3.26days
29/05/2025 07:00:59,sell,0.09,USDCHF,0.83231,29/05/2025 19:22:36,0.82291,0.00,0.00,94.00,102.81,105.68,96.60,0.00,0.00,1494,G4,12.36,12.36hrs
29/05/2025 09:04:29,sell,0.04,NZDJPY,86.58400,29/05/2025 16:54:03,86.27600,0.00,0.00,30.80,8.53,8.53,30.80,0.00,0.00,1494,G4,7.83,7.83hrs
29/05/2025 03:33:32,buy,0.04,GBPCAD,1.86097,29/05/2025 16:52:45,1.86340,0.00,0.00,24.30,7.04,7.04,24.30,0.00,0.00,9319,G4,13.32,13.32hrs
28/05/2025 18:35:30,sell,0.04,CADJPY,104.93500,29/05/2025 16:34:08,104.65900,0.00,-0.67,27.60,6.98,6.98,27.60,0.00,0.00,1494,G4,21.98,21.98hrs
29/05/2025 03:33:56,sell,0.04,AUDCHF,0.53505,29/05/2025 16:05:28,0.53208,0.00,0.00,29.70,14.41,14.41,29.70,0.00,0.00,1494,G4,12.53,12.53hrs
26/05/2025 03:00:43,sell,0.04,CADCHF,0.59857,29/05/2025 16:03:28,0.59749,0.00,-1.60,10.80,3.64,3.64,10.80,0.00,0.00,1494,G4,85.05,3.54days
29/05/2025 04:00:54,sell,0.06,CADCHF,0.60199,29/05/2025 16:03:24,0.59749,0.00,0.00,45.00,32.76,32.76,45.00,0.00,0.00,1494,G4,12.04,12.04hrs
27/05/2025 12:30:05,buy,0.04,NZDUSD,0.59594,29/05/2025 15:51:02,0.59834,0.00,-0.37,24.00,9.23,9.23,24.00,0.00,0.00,9319,G4,51.35,2.14days
29/05/2025 04:03:34,buy,0.04,EURGBP,0.83667,29/05/2025 15:49:07,0.83935,0.00,0.00,26.80,14.47,14.47,26.80,0.00,0.00,9319,G4,11.76,11.76hrs
29/05/2025 03:11:10,sell,0.04,GBPCHF,1.11871,29/05/2025 13:55:42,1.11558,0.00,0.00,31.30,15.12,15.12,31.30,0.00,0.00,1494,G4,10.74,10.74hrs
29/05/2025 03:02:29,sell,0.04,EURJPY,163.86000,29/05/2025 13:38:08,163.63900,0.00,0.00,22.10,6.09,6.09,22.10,0.00,0.00,1494,G4,10.59,10.59hrs
27/05/2025 13:31:10,buy,0.06,AUDCAD,0.88735,29/05/2025 10:59:43,0.89080,0.00,0.19,34.50,15.17,15.17,34.50,0.00,0.00,9319,G4,45.48,1.89days
27/05/2025 09:04:41,buy,0.04,AUDCAD,0.89008,29/05/2025 10:59:43,0.89104,0.00,0.12,9.60,2.90,2.90,9.60,0.00,0.00,9319,G4,49.92,2.08days
29/05/2025 03:10:34,sell,0.04,NZDCAD,0.82496,29/05/2025 04:49:18,0.82228,0.00,0.00,26.80,7.74,7.74,26.80,0.00,0.00,1494,G4,1.65,1.65hrs
28/05/2025 22:33:31,buy,0.04,EURCHF,0.93425,29/05/2025 03:23:28,0.93667,0.00,0.28,24.20,11.90,11.90,24.20,0.00,0.00,9319,G4,4.83,4.83hrs
26/05/2025 21:31:03,buy,0.04,AUDCHF,0.53237,29/05/2025 02:45:27,0.53491,0.00,0.84,25.40,13.02,13.02,25.40,0.00,0.00,9319,G4,53.24,2.22days
26/05/2025 22:00:47,sell,0.04,GBPCAD,1.86250,29/05/2025 02:43:34,1.85907,0.00,-2.12,34.30,7.78,7.78,34.30,0.00,0.00,1494,G4,52.71,2.20days
26/05/2025 02:01:05,sell,0.04,EURGBP,0.84029,29/05/2025 02:40:43,0.83627,0.00,0.40,40.20,21.99,21.99,40.20,0.00,0.00,1494,G4,72.66,3.03days
27/05/2025 17:01:23,sell,0.04,EURCAD,1.56199,29/05/2025 02:32:06,1.55971,0.00,-0.13,22.80,6.46,6.46,22.80,0.00,0.00,1494,G4,33.51,1.40days
28/05/2025 22:42:50,buy,0.04,GBPCHF,1.11393,29/05/2025 02:22:25,1.11669,0.00,0.85,27.60,14.14,14.14,27.60,0.00,0.00,9319,G4,3.66,3.66hrs
28/05/2025 19:30:21,buy,0.04,NZDCAD,0.82318,29/05/2025 01:52:28,0.82581,0.00,-0.02,26.30,7.59,7.59,26.30,0.00,0.00,9319,G4,6.37,6.37hrs
28/05/2025 09:08:03,buy,0.04,AUDJPY,92.86300,28/05/2025 21:53:40,93.07700,0.00,0.00,21.40,5.91,5.91,21.40,0.00,0.00,9319,G4,12.76,12.76hrs
28/05/2025 08:32:08,buy,0.04,CADJPY,104.50200,28/05/2025 18:03:53,104.84500,0.00,0.00,34.30,9.47,9.47,34.30,0.00,0.00,9319,G4,9.53,9.53hrs
27/05/2025 15:03:24,sell,0.04,EURCHF,0.93845,28/05/2025 17:46:46,0.93426,0.00,-0.46,41.90,19.85,19.85,41.90,0.00,0.00,1494,G4,26.72,1.11days
28/05/2025 08:35:37,buy,0.04,EURJPY,163.33800,28/05/2025 16:35:27,163.72400,0.00,0.00,38.60,10.66,10.66,38.60,0.00,0.00,9319,G4,8.00,8.00hrs
28/05/2025 01:46:15,buy,0.04,EURAUD,1.75876,28/05/2025 15:58:07,1.76116,0.00,0.00,24.00,6.16,6.16,24.00,0.00,0.00,9319,G4,14.20,14.20hrs
27/05/2025 23:00:48,sell,0.04,GBPCHF,1.11742,28/05/2025 15:08:39,1.11496,0.00,-0.98,24.60,10.91,10.91,24.60,0.00,0.00,1494,G4,16.13,16.13hrs
28/05/2025 05:01:25,buy,0.04,NZDCAD,0.82065,28/05/2025 07:04:48,0.82587,0.00,0.00,52.20,15.10,15.10,52.20,0.00,0.00,9319,G4,2.06,2.06hrs
27/05/2025 20:01:50,buy,0.04,NZDJPY,85.85300,28/05/2025 06:37:52,86.23400,0.00,0.03,38.10,10.58,10.58,38.10,0.00,0.00,9319,G4,10.60,10.60hrs
27/05/2025 16:32:48,sell,0.04,NZDCAD,0.82075,27/05/2025 18:01:08,0.81783,0.00,0.00,29.20,8.49,8.49,29.20,0.00,0.00,1494,G4,1.47,1.47hrs
27/05/2025 01:31:57,buy,0.04,NZDJPY,85.64300,27/05/2025 16:28:00,85.87900,0.00,0.00,23.60,6.56,6.56,23.60,0.00,0.00,9319,G4,14.93,14.93hrs
26/05/2025 11:59:30,buy,0.04,EURCHF,0.93555,27/05/2025 13:34:00,0.93812,0.00,0.10,25.70,12.53,12.53,25.70,0.00,0.00,9319,G4,25.57,1.07days
26/05/2025 03:30:31,sell,0.04,NZDCAD,0.82278,27/05/2025 13:20:14,0.81937,0.00,-0.11,34.10,9.80,9.80,34.10,0.00,0.00,1494,G4,33.83,1.41days
26/05/2025 12:02:39,buy,0.04,GBPCHF,1.11468,27/05/2025 11:32:14,1.11729,0.00,0.29,26.10,12.94,12.94,26.10,0.00,0.00,9319,G4,23.49,23.49hrs
26/05/2025 03:00:25,sell,0.04,NZDUSD,0.59909,27/05/2025 11:02:16,0.59639,0.00,0.04,27.00,10.84,10.84,27.00,0.00,0.00,1494,G4,32.03,1.33days
26/05/2025 18:48:58,sell,0.04,GBPUSD,1.35615,27/05/2025 10:50:48,1.35330,0.00,0.00,28.50,11.40,11.40,28.50,0.00,0.00,1494,G4,16.03,16.03hrs
27/05/2025 05:04:01,sell,0.04,EURCAD,1.56463,27/05/2025 10:00:53,1.56237,0.00,0.00,22.60,6.58,6.58,22.60,0.00,0.00,1494,G4,4.95,4.95hrs
26/05/2025 03:00:37,sell,0.04,AUDUSD,0.65012,27/05/2025 08:19:41,0.64660,0.00,0.01,35.20,14.09,14.09,35.20,0.00,0.00,1494,G4,29.32,1.22days
26/05/2025 03:33:57,sell,0.04,AUDCAD,0.89277,27/05/2025 08:19:37,0.88856,0.00,-0.16,42.10,12.09,12.09,42.10,0.00,0.00,1494,G4,28.76,1.20days
26/05/2025 09:01:00,sell,0.04,CADJPY,103.99400,27/05/2025 03:51:04,103.70700,0.00,-0.23,28.70,7.83,7.83,28.70,0.00,0.00,1494,G4,18.83,18.83hrs
26/05/2025 03:00:31,sell,0.04,AUDCHF,0.53462,26/05/2025 20:02:23,0.53249,0.00,0.00,21.30,10.38,10.38,21.30,0.00,0.00,1494,G4,17.03,17.03hrs
26/05/2025 06:30:21,buy,0.04,EURAUD,1.74889,26/05/2025 18:01:56,1.75125,0.00,0.00,23.60,6.14,6.14,23.60,0.00,0.00,9319,G4,11.53,11.53hrs
26/05/2025 04:32:10,sell,0.04,EURCAD,1.56268,26/05/2025 15:48:47,1.56090,0.00,0.00,17.80,5.18,5.18,17.80,0.00,0.00,1494,G4,11.28,11.28hrs
26/05/2025 01:32:16,buy,0.04,GBPCHF,1.11217,26/05/2025 03:55:29,1.11446,0.00,0.00,22.90,11.14,11.14,22.90,0.00,0.00,9319,G4,2.39,2.39hrs
25/05/2025 09:26:03,balance,0.01,,0.00000,25/05/2025 09:26:03,0.00000,0.00,0.00,0.00,5000.00,0.00,0.00,0.00,0.00,0,demo,0.00,0.00hrs
